datetime,lat,lon,alt_m,speed_kts,satellites,hdop,battery_pct,battery_v,fix,boot
2026-03-11T23:34:37,-37.836052,144.968506,-6.7,2.00,6,1.2,103.0,4.206,1,1
2026-03-11T23:37:41,-37.835968,144.968735,54.3,0.50,5,1.3,102.9,4.206,1,2
2026-03-11T23:40:46,-37.835949,144.968704,52.7,0.29,5,1.4,103.2,4.206,1,3
2026-03-11T23:43:51,-37.836033,144.968582,40.8,1.19,7,1.2,102.9,4.206,1,4
2026-03-11T23:46:56,-37.836010,144.968536,47.1,1.86,6,1.2,102.9,4.206,1,5
2026-03-11T23:50:01,-37.835999,144.968536,29.8,0.51,11,0.9,101.5,4.196,1,6
2026-03-11T23:53:07,-37.836010,144.968582,34.3,0.55,12,0.7,101.6,4.189,1,7
2026-03-11T23:56:12,-37.836044,144.968430,37.7,0.41,13,0.7,101.1,4.189,1,8
2026-03-11T23:59:17,-37.836063,144.968475,39.3,0.76,13,0.7,101.0,4.182,1,9
2026-03-12T00:02:22,-37.836044,144.968399,34.9,0.41,13,0.7,100.7,4.184,1,10
2026-03-12T00:05:27,-37.836040,144.968414,34.5,0.42,12,0.7,100.2,4.181,1,11
2026-03-12T00:08:32,-37.836071,144.968430,34.9,0.07,10,0.8,99.9,4.182,1,12
2026-03-12T00:11:37,-37.836056,144.968521,37.1,0.37,15,0.7,99.9,4.182,1,13
2026-03-12T00:14:42,-37.835953,144.968643,41.6,0.86,11,0.9,99.6,4.177,1,14
2026-03-12T00:17:48,-37.836014,144.968582,42.3,1.13,11,0.9,99.4,4.176,1,15
2026-03-12T00:20:53,-37.836067,144.968475,43.5,0.26,13,0.8,99.4,4.179,1,16
2026-03-12T00:23:58,-37.836071,144.968445,41.9,0.52,8,1.0,99.1,4.179,1,17
2026-03-12T00:27:04,-37.836086,144.968460,42.5,0.29,10,0.9,99.1,4.173,1,18
2026-03-12T00:30:09,-37.836102,144.968430,40.2,0.17,13,0.8,98.9,4.170,1,19
2026-03-12T00:33:14,-37.836067,144.968414,39.3,0.30,13,0.8,98.4,4.170,1,20
2026-03-12T00:36:19,-37.836098,144.968414,40.9,0.42,12,0.9,98.6,4.168,1,21
2026-03-12T00:39:24,-37.836086,144.968384,41.1,0.54,15,0.6,98.1,4.168,1,22
2026-03-12T00:42:30,-37.836079,144.968369,41.0,0.41,12,0.8,98.1,4.162,1,23
2026-03-12T00:45:35,-37.836079,144.968369,41.9,0.27,12,0.8,97.7,4.166,1,24
2026-03-12T00:48:40,-37.836136,144.968414,42.3,0.29,11,0.8,97.5,4.161,1,25
2026-03-12T00:51:45,-37.836155,144.968414,41.5,0.12,12,0.8,97.7,4.160,1,26
2026-03-12T00:54:51,-37.836117,144.968399,42.1,0.11,10,1.0,97.7,4.155,1,27
2026-03-12T00:57:56,-37.836086,144.968399,45.6,0.29,14,0.7,97.5,4.160,1,28
2026-03-12T01:01:02,-37.836098,144.968399,48.1,0.21,10,1.0,97.2,4.156,1,29
2026-03-12T01:04:07,-37.836067,144.968430,49.2,0.46,15,0.6,96.9,4.159,1,30
2026-03-12T01:07:12,-37.836075,144.968445,49.2,0.23,14,0.7,96.7,4.151,1,31
2026-03-12T01:10:17,-37.836079,144.968399,49.5,0.30,14,0.8,96.7,4.149,1,32
2026-03-12T01:13:23,-37.836143,144.968445,50.6,0.54,8,1.0,96.7,4.155,1,33
2026-03-12T01:16:28,-37.836086,144.968338,51.4,0.37,13,0.8,96.2,4.155,1,34
2026-03-12T01:19:33,-37.836113,144.968399,49.5,0.46,14,0.8,96.1,4.153,1,35
2026-03-12T01:22:38,-37.836079,144.968445,48.9,0.51,13,0.8,95.9,4.149,1,36
2026-03-12T01:25:43,-37.836102,144.968430,45.9,0.31,11,0.9,95.9,4.146,1,37
2026-03-12T01:28:50,-37.836037,144.968506,45.8,0.35,11,0.9,95.6,4.145,1,38
2026-03-12T01:31:55,-37.836025,144.968506,46.4,0.23,13,0.7,95.8,4.148,1,39
2026-03-12T01:34:59,-37.836147,144.968491,44.1,0.41,12,0.8,95.3,4.146,1,40
2026-03-12T01:38:05,-37.836132,144.968460,44.3,0.17,10,0.9,95.1,4.142,1,41
2026-03-12T01:41:09,-37.836098,144.968430,43.6,0.38,13,0.7,94.7,4.140,1,42
2026-03-12T01:44:14,-37.836102,144.968384,42.1,0.22,13,0.8,94.8,4.142,1,43
2026-03-12T01:47:19,-37.836105,144.968414,44.8,0.13,12,0.8,94.7,4.141,1,44
2026-03-12T01:50:24,-37.836140,144.968475,44.7,0.85,13,0.8,94.8,4.137,1,45
2026-03-12T01:53:29,-37.836128,144.968430,45.5,0.63,12,0.8,94.7,4.135,1,46
2026-03-12T01:56:35,-37.836128,144.968414,44.0,0.50,12,0.7,94.3,4.137,1,47
2026-03-12T01:59:40,-37.836124,144.968430,45.1,0.29,11,1.0,94.2,4.134,1,48
2026-03-12T02:02:45,-37.836143,144.968491,45.0,0.11,12,0.8,93.7,4.133,1,49
2026-03-12T02:05:50,-37.836163,144.968506,44.6,0.22,12,0.8,93.7,4.135,1,50
2026-03-12T02:08:55,-37.836163,144.968521,47.4,0.21,13,0.8,93.5,4.126,1,51
2026-03-12T02:12:00,-37.836182,144.968475,46.6,0.29,11,1.0,93.4,4.126,1,52
2026-03-12T02:15:05,-37.836136,144.968430,47.4,0.12,14,0.8,93.2,4.126,1,53
2026-03-12T02:18:10,-37.836098,144.968506,47.9,0.32,14,0.7,93.4,4.126,1,54
2026-03-12T02:21:16,-37.836098,144.968491,47.5,0.11,10,0.9,92.9,4.125,1,55
2026-03-12T02:24:21,-37.836098,144.968491,47.5,0.47,12,0.8,92.9,4.128,1,56
2026-03-12T02:27:26,-37.836029,144.968460,45.7,0.43,12,0.8,92.6,4.121,1,57
2026-03-12T02:30:31,-37.836048,144.968430,44.1,0.43,11,0.8,92.4,4.125,1,58
2026-03-12T02:33:36,-37.836094,144.968430,42.0,0.87,14,0.8,92.3,4.124,1,59
2026-03-12T02:36:41,-37.836117,144.968445,43.3,0.92,9,1.0,92.3,4.120,1,60
2026-03-12T02:39:47,-37.836147,144.968552,45.0,0.46,12,0.8,92.1,4.117,1,61
2026-03-12T02:42:52,-37.836147,144.968582,45.5,0.25,14,0.8,92.0,4.121,1,62
2026-03-12T02:45:57,-37.836033,144.968536,47.0,0.47,15,0.7,91.8,4.114,1,63
2026-03-12T02:49:03,-37.836090,144.968506,46.2,0.44,14,0.8,91.6,4.113,1,64
2026-03-12T02:52:08,-37.836067,144.968521,45.3,0.26,11,1.0,91.6,4.117,1,65
2026-03-12T02:55:13,-37.836056,144.968582,45.3,0.63,12,0.8,91.5,4.109,1,66
2026-03-12T02:58:18,-37.836079,144.968567,46.4,0.13,13,0.8,91.6,4.113,1,67
2026-03-12T03:01:24,-37.836037,144.968613,47.2,0.88,13,0.7,91.5,4.111,1,68
2026-03-12T03:04:29,-37.836048,144.968460,48.8,0.52,12,1.0,91.3,4.113,1,69
2026-03-12T03:07:34,-37.836056,144.968475,49.4,0.17,15,0.7,91.2,4.108,1,70
2026-03-12T03:10:39,-37.836086,144.968567,51.6,0.93,12,0.8,91.2,4.111,1,71
2026-03-12T03:13:44,-37.836090,144.968567,52.0,0.68,17,0.6,91.2,4.101,1,72
2026-03-12T03:16:50,-37.836102,144.968552,52.7,0.08,15,0.6,90.7,4.110,1,73
2026-03-12T03:19:55,-37.836105,144.968582,54.2,0.50,13,0.7,90.5,4.106,1,74
2026-03-12T03:23:00,-37.836117,144.968552,53.8,0.61,12,0.8,90.2,4.104,1,75
2026-03-12T03:26:05,-37.836117,144.968536,54.7,0.05,15,0.7,90.2,4.102,1,76
2026-03-12T03:29:10,-37.836082,144.968536,55.0,0.21,14,0.7,90.2,4.105,1,77
2026-03-12T03:32:15,-37.836094,144.968597,56.0,0.19,9,1.0,89.9,4.101,1,78
2026-03-12T03:35:21,-37.836113,144.968567,54.3,0.43,15,0.7,90.1,4.102,1,79
2026-03-12T03:38:26,-37.836155,144.968552,53.5,0.45,15,0.6,89.6,4.102,1,80
2026-03-12T03:41:31,-37.836151,144.968658,55.8,0.75,13,0.8,89.7,4.099,1,81
2026-03-12T03:44:37,-37.836105,144.968689,56.8,0.63,13,0.8,89.6,4.099,1,82
2026-03-12T03:47:42,-37.836136,144.968567,56.7,0.44,12,0.7,89.4,4.096,1,83
2026-03-12T03:50:47,-37.836060,144.968521,57.2,0.09,14,0.7,89.4,4.100,1,84
2026-03-12T03:53:52,-37.835979,144.968506,57.7,0.33,13,0.7,89.1,4.093,1,85
2026-03-12T03:56:57,-37.835918,144.968582,58.5,0.92,13,0.7,89.1,4.094,1,86
2026-03-12T04:00:03,-37.835972,144.968567,56.4,0.71,14,0.8,88.8,4.093,1,87
2026-03-12T04:03:07,-37.835987,144.968536,58.2,0.10,13,0.7,89.0,4.094,1,88
2026-03-12T04:06:12,-37.836014,144.968506,57.1,0.14,13,0.8,88.8,4.091,1,89
2026-03-12T04:09:18,-37.835945,144.968460,56.0,0.69,12,0.8,88.5,4.091,1,90
2026-03-12T04:12:22,-37.835937,144.968506,55.8,0.50,14,0.7,88.4,4.090,1,91
2026-03-12T04:15:27,-37.835930,144.968582,54.9,0.54,15,0.6,88.2,4.089,1,92
2026-03-12T04:18:32,-37.835964,144.968582,54.2,0.40,11,0.9,88.1,4.088,1,93
2026-03-12T04:21:38,-37.835926,144.968597,51.7,0.37,15,0.7,88.2,4.085,1,94
2026-03-12T04:24:42,-37.835979,144.968582,53.2,0.74,15,0.7,88.1,4.090,1,95
2026-03-12T04:27:47,-37.835999,144.968582,53.1,0.28,12,0.8,87.9,4.089,1,96
2026-03-12T04:30:54,-37.836060,144.968491,52.7,0.86,10,1.0,87.9,4.088,1,97
2026-03-12T04:33:58,-37.836113,144.968430,50.5,0.22,14,0.6,87.8,4.085,1,98
2026-03-12T04:37:03,-37.836098,144.968521,50.4,0.29,13,0.7,87.6,4.080,1,99
2026-03-12T04:40:08,-37.836063,144.968506,47.9,0.28,14,0.7,87.4,4.077,1,100
2026-03-12T04:43:13,-37.836079,144.968567,45.6,0.09,17,0.6,87.6,4.077,1,101
2026-03-12T04:46:18,-37.836090,144.968582,44.2,0.42,16,0.6,87.4,4.076,1,102
2026-03-12T04:49:24,-37.836071,144.968506,44.8,0.46,16,0.6,87.2,4.077,1,103
2026-03-12T04:52:29,-37.836040,144.968506,45.0,0.45,12,0.8,87.2,4.074,1,104
2026-03-12T04:55:34,-37.836037,144.968597,46.8,0.37,13,0.7,87.1,4.075,1,105
2026-03-12T04:58:40,-37.836018,144.968689,50.5,0.39,13,0.8,87.1,4.069,1,106
2026-03-12T05:01:45,-37.835983,144.968552,50.0,0.45,15,0.6,86.6,4.076,1,107
2026-03-12T05:04:51,-37.835800,144.968903,52.3,0.31,11,0.8,86.5,4.073,1,108
2026-03-12T05:07:56,-37.835819,144.968582,62.0,0.44,8,1.3,86.6,4.076,1,109
2026-03-12T05:11:01,-37.835651,144.969040,73.0,0.31,13,0.8,86.3,4.074,1,110
2026-03-12T05:14:06,-37.835918,144.968521,76.0,0.87,14,0.7,86.6,4.074,1,111
2026-03-12T05:17:11,-37.835899,144.968567,77.5,0.08,13,0.7,86.5,4.070,1,112
2026-03-12T05:20:16,-37.835899,144.968582,76.1,0.38,13,0.7,86.2,4.071,1,113
2026-03-12T05:23:22,-37.835934,144.968567,74.0,0.51,14,0.7,86.1,4.068,1,114
2026-03-12T05:26:27,-37.835911,144.968552,72.4,0.41,14,0.6,86.1,4.069,1,115
2026-03-12T05:29:32,-37.835918,144.968521,72.0,0.35,14,0.7,85.9,4.068,1,116
2026-03-12T05:32:37,-37.836014,144.968506,70.7,0.71,13,0.8,85.8,4.070,1,117
2026-03-12T05:35:42,-37.835960,144.968536,68.4,0.19,13,0.7,85.5,4.064,1,118
2026-03-12T05:38:47,-37.835930,144.968582,69.3,0.67,15,0.6,85.6,4.059,1,119
2026-03-12T05:41:52,-37.835945,144.968658,68.8,0.28,13,0.7,85.3,4.066,1,120
2026-03-12T05:44:58,-37.835987,144.968582,67.4,0.74,12,0.7,85.2,4.061,1,121
2026-03-12T05:48:03,-37.836025,144.968567,65.1,0.58,10,0.8,85.5,4.064,1,122
2026-03-12T05:51:08,-37.836063,144.968506,60.4,0.20,16,0.6,84.9,4.064,1,123
2026-03-12T05:54:13,-37.836037,144.968521,57.7,0.33,11,0.7,85.1,4.062,1,124
2026-03-12T05:57:18,-37.836056,144.968521,56.0,0.60,13,0.7,84.9,4.056,1,125
2026-03-12T06:00:23,-37.836052,144.968414,54.8,1.44,13,0.7,84.8,4.059,1,126
2026-03-12T06:03:28,-37.836037,144.968369,51.3,0.59,14,0.8,84.6,4.057,1,127
2026-03-12T06:06:33,-37.836056,144.968353,46.7,0.73,14,0.8,84.6,4.050,1,128
2026-03-12T06:09:38,-37.836063,144.968384,45.7,0.13,10,0.9,84.3,4.057,1,129
2026-03-12T06:12:44,-37.836071,144.968475,46.7,0.72,13,0.8,84.5,4.055,1,130
2026-03-12T06:15:49,-37.836044,144.968430,46.9,0.41,13,0.7,84.3,4.052,1,131
2026-03-12T06:18:54,-37.836098,144.968430,44.5,0.09,12,0.8,84.3,4.052,1,132
2026-03-12T06:21:59,-37.836056,144.968506,43.2,0.19,13,0.8,83.8,4.052,1,133
2026-03-12T06:25:05,-37.836117,144.968536,43.9,0.13,12,0.7,84.0,4.052,1,134
2026-03-12T06:28:10,-37.836098,144.968521,44.7,0.34,10,1.0,84.0,4.050,1,135
2026-03-12T06:31:15,-37.836056,144.968460,42.9,0.18,12,0.8,83.8,4.050,1,136
2026-03-12T06:34:20,-37.836044,144.968460,43.1,0.58,15,0.7,83.7,4.048,1,137
2026-03-12T06:37:26,-37.836056,144.968460,44.1,0.13,17,0.6,83.7,4.048,1,138
2026-03-12T06:40:32,-37.836044,144.968430,45.6,0.31,16,0.6,83.4,4.049,1,139
2026-03-12T06:43:37,-37.836063,144.968445,46.7,0.39,15,0.7,83.2,4.045,1,140
2026-03-12T06:46:41,-37.836071,144.968430,45.2,0.45,16,0.6,83.0,4.043,1,141
2026-03-12T06:49:46,-37.836098,144.968460,43.7,0.34,15,0.7,82.9,4.044,1,142
2026-03-12T06:52:51,-37.835987,144.968445,43.3,0.18,13,0.7,83.0,4.041,1,143
2026-03-12T06:55:57,-37.835968,144.968414,42.2,0.24,13,0.8,83.0,4.040,1,144
2026-03-12T06:59:02,-37.836048,144.968430,42.3,0.50,10,0.9,82.9,4.041,1,145
2026-03-12T07:02:08,-37.836060,144.968475,41.1,0.14,11,0.8,82.7,4.037,1,146
2026-03-12T07:05:14,-37.836113,144.968506,40.5,0.11,14,0.9,82.5,4.037,1,147
2026-03-12T07:08:19,-37.836124,144.968521,42.7,0.60,13,0.9,82.4,4.034,1,148
2026-03-12T07:11:24,-37.836098,144.968521,44.7,0.38,13,0.8,82.2,4.039,1,149
2026-03-12T07:14:29,-37.836155,144.968475,45.8,0.47,14,0.7,82.4,4.035,1,150
2026-03-12T07:17:35,-37.836132,144.968445,46.3,0.55,14,0.7,81.7,4.035,1,151
2026-03-12T07:20:39,-37.836060,144.968475,43.9,0.68,12,1.0,81.9,4.036,1,152
2026-03-12T07:23:44,-37.836037,144.968384,42.5,0.58,13,0.7,81.6,4.036,1,153
2026-03-12T07:26:50,-37.836113,144.968445,40.7,0.67,17,0.6,81.7,4.035,1,154
2026-03-12T07:29:55,-37.836132,144.968460,40.8,0.45,13,0.7,81.4,4.028,1,155
2026-03-12T07:33:00,-37.836109,144.968430,40.9,0.28,15,0.7,81.9,4.030,1,156
2026-03-12T07:36:05,-37.836105,144.968430,40.2,0.56,15,0.6,81.4,4.026,1,157
2026-03-12T07:39:10,-37.836098,144.968430,44.5,0.56,14,0.7,81.1,4.025,1,158
2026-03-12T07:42:15,-37.836102,144.968506,45.0,0.54,17,0.6,80.7,4.026,1,159
2026-03-12T07:45:21,-37.836025,144.968414,47.3,0.60,14,0.8,81.1,4.028,1,160
2026-03-12T07:48:55,,,,,,,80.7,4.024,0,161
2026-03-12T07:50:00,,,,,,,80.9,4.025,0,162
2026-03-12T07:51:04,,,,,,,80.4,4.024,0,163
2026-03-12T07:52:09,,,,,,,80.6,4.024,0,164
2026-03-12T07:53:13,,,,,,,80.6,4.026,0,165
2026-03-12T07:54:18,,,,,,,80.3,4.023,0,166
2026-03-12T07:55:23,,,,,,,80.3,4.024,0,167
2026-03-12T07:56:27,,,,,,,80.4,4.023,0,168
2026-03-12T07:57:32,,,,,,,79.9,4.023,0,169
2026-03-12T07:58:37,,,,,,,80.3,4.021,0,170
2026-03-12T07:59:41,,,,,,,79.6,4.020,0,171
2026-03-12T08:00:46,,,,,,,80.1,4.020,0,172
2026-03-12T08:01:50,,,,,,,79.8,4.019,0,173
2026-03-12T08:02:55,,,,,,,79.6,4.019,0,174
2026-03-12T08:04:00,,,,,,,79.8,4.015,0,175
2026-03-12T08:05:04,,,,,,,79.6,4.020,0,176
2026-03-12T08:06:09,,,,,,,79.4,4.015,0,177
2026-03-12T08:06:47,-37.835289,144.968063,200.3,0.74,4,2.9,79.3,4.012,1,178
2026-03-12T08:09:52,-37.836067,144.968109,50.2,2.28,4,3.5,79.8,4.015,1,179
2026-03-12T08:12:57,-37.836243,144.968506,50.3,1.95,4,3.1,79.3,4.015,1,180
2026-03-12T08:16:31,,,,,,,79.3,4.016,0,181
2026-03-12T08:17:36,,,,,,,79.0,4.012,0,182
2026-03-12T08:18:40,,,,,,,79.0,4.014,0,183
2026-03-12T08:19:45,,,,,,,79.3,4.011,0,184
2026-03-12T08:20:49,,,,,,,78.6,4.012,0,185
2026-03-12T08:21:54,,,,,,,78.6,4.012,0,186
2026-03-12T08:22:59,,,,,,,78.5,4.010,0,187
2026-03-12T08:24:03,,,,,,,78.8,4.011,0,188
2026-03-12T08:25:08,,,,,,,78.6,4.010,0,189
2026-03-12T08:26:13,,,,,,,78.6,4.010,0,190
2026-03-12T08:27:17,,,,,,,78.3,4.008,0,191
2026-03-12T08:28:22,,,,,,,78.5,4.008,0,192
2026-03-12T08:29:26,,,,,,,78.3,4.008,0,193
2026-03-12T08:30:31,,,,,,,78.3,4.005,0,194
2026-03-12T08:31:36,,,,,,,78.0,4.008,0,195
2026-03-12T08:32:40,,,,,,,78.0,4.005,0,196
2026-03-12T08:33:45,,,,,,,78.1,4.006,0,197
2026-03-12T08:34:50,,,,,,,77.8,4.005,0,198
2026-03-12T08:35:54,,,,,,,77.8,4.004,0,199
2026-03-12T08:36:59,,,,,,,77.6,4.003,0,200
2026-03-12T08:38:03,,,,,,,77.3,4.000,0,201
2026-03-12T08:39:08,,,,,,,77.8,4.003,0,202
2026-03-12T08:40:13,,,,,,,77.5,4.001,0,203
2026-03-12T08:41:17,,,,,,,77.3,4.003,0,204
2026-03-12T08:42:22,,,,,,,77.3,4.000,0,205
2026-03-12T08:43:26,,,,,,,77.3,3.999,0,206
2026-03-12T08:44:31,,,,,,,77.2,3.999,0,207
2026-03-12T08:45:36,,,,,,,77.5,4.000,0,208
2026-03-12T08:46:40,,,,,,,77.2,3.999,0,209
2026-03-12T08:47:45,,,,,,,77.5,4.000,0,210
2026-03-12T08:48:50,,,,,,,77.2,4.000,0,211
2026-03-12T08:49:54,,,,,,,76.8,3.997,0,212
2026-03-12T08:50:59,,,,,,,76.8,3.995,0,213
2026-03-12T08:52:03,,,,,,,76.8,3.997,0,214
2026-03-12T08:53:08,,,,,,,76.8,3.995,0,215
2026-03-12T08:54:13,,,,,,,76.3,3.994,0,216
2026-03-12T08:55:17,,,,,,,76.5,3.996,0,217
2026-03-12T08:56:22,,,,,,,76.7,3.995,0,218
2026-03-12T08:57:26,,,,,,,76.5,3.995,0,219
2026-03-12T08:58:31,,,,,,,76.5,3.993,0,220
2026-03-12T08:59:36,,,,,,,76.5,3.994,0,221
2026-03-12T09:00:40,,,,,,,76.3,3.994,0,222
2026-03-12T09:01:45,,,,,,,76.2,3.987,0,223
2026-03-12T09:02:49,,,,,,,75.9,3.993,0,224
2026-03-12T09:03:54,,,,,,,76.0,3.994,0,225
2026-03-12T09:04:59,,,,,,,76.3,3.991,0,226
2026-03-12T09:06:03,,,,,,,75.9,3.989,0,227
2026-03-12T09:07:08,,,,,,,76.0,3.989,0,228
2026-03-12T09:08:13,,,,,,,76.0,3.990,0,229
2026-03-12T09:09:17,,,,,,,75.7,3.987,0,230
2026-03-12T09:10:22,,,,,,,75.7,3.987,0,231
2026-03-12T09:11:26,,,,,,,75.5,3.986,0,232
2026-03-12T09:12:31,,,,,,,75.4,3.987,0,233
2026-03-12T09:13:36,,,,,,,75.5,3.985,0,234
2026-03-12T09:14:40,,,,,,,75.5,3.984,0,235
2026-03-12T09:15:45,,,,,,,75.5,3.985,0,236
2026-03-12T09:16:49,,,,,,,75.0,3.985,0,237
2026-03-12T09:17:54,,,,,,,75.4,3.985,0,238
2026-03-12T09:18:59,,,,,,,75.4,3.981,0,239
2026-03-12T09:20:03,,,,,,,75.0,3.983,0,240
2026-03-12T09:21:08,,,,,,,75.2,3.984,0,241
2026-03-12T09:22:13,,,,,,,75.0,3.983,0,242
2026-03-12T09:23:17,,,,,,,74.7,3.983,0,243
2026-03-12T09:24:22,,,,,,,74.9,3.981,0,244
2026-03-12T09:25:26,,,,,,,75.2,3.981,0,245
2026-03-12T09:26:31,,,,,,,74.5,3.980,0,246
2026-03-12T09:27:36,,,,,,,74.4,3.979,0,247
2026-03-12T09:28:40,,,,,,,74.7,3.979,0,248
2026-03-12T09:29:45,,,,,,,74.7,3.977,0,249
2026-03-12T09:30:50,,,,,,,74.5,3.979,0,250
2026-03-12T09:31:54,,,,,,,74.5,3.977,0,251
2026-03-12T09:32:59,,,,,,,74.4,3.979,0,252
2026-03-12T09:34:03,,,,,,,74.2,3.977,0,253
2026-03-12T09:35:08,,,,,,,74.2,3.976,0,254
2026-03-12T09:36:13,,,,,,,74.2,3.976,0,255
2026-03-12T09:37:17,,,,,,,74.1,3.976,0,256
2026-03-12T09:38:22,,,,,,,74.1,3.974,0,257
2026-03-12T09:39:26,,,,,,,73.7,3.975,0,258
2026-03-12T09:40:31,,,,,,,74.1,3.975,0,259
2026-03-12T09:41:36,,,,,,,73.4,3.973,0,260
2026-03-12T09:42:40,,,,,,,73.7,3.973,0,261
2026-03-12T09:43:45,,,,,,,73.6,3.971,0,262
2026-03-12T09:44:49,,,,,,,73.6,3.971,0,263
2026-03-12T09:45:54,,,,,,,73.6,3.971,0,264
2026-03-12T09:46:59,,,,,,,72.9,3.970,0,265
2026-03-12T09:48:03,,,,,,,73.4,3.969,0,266
2026-03-12T09:49:08,,,,,,,73.4,3.970,0,267
2026-03-12T09:50:13,,,,,,,73.2,3.970,0,268
2026-03-12T09:51:17,,,,,,,73.2,3.970,0,269
2026-03-12T09:52:22,,,,,,,73.1,3.969,0,270
2026-03-12T09:53:26,,,,,,,73.1,3.970,0,271
2026-03-12T09:54:31,,,,,,,73.2,3.966,0,272
2026-03-12T09:55:36,,,,,,,73.1,3.967,0,273
2026-03-12T09:56:40,,,,,,,72.7,3.965,0,274
2026-03-12T09:57:45,,,,,,,72.7,3.966,0,275
2026-03-12T09:58:49,,,,,,,72.6,3.965,0,276
2026-03-12T09:59:54,,,,,,,72.9,3.964,0,277
2026-03-12T10:00:59,,,,,,,72.4,3.963,0,278
2026-03-12T10:02:03,,,,,,,72.4,3.965,0,279
2026-03-12T10:03:08,,,,,,,72.7,3.961,0,280
2026-03-12T10:04:13,,,,,,,72.4,3.964,0,281
2026-03-12T10:05:17,,,,,,,72.2,3.963,0,282
2026-03-12T10:06:22,,,,,,,71.9,3.963,0,283
2026-03-12T10:07:26,,,,,,,72.4,3.963,0,284
2026-03-12T10:08:31,,,,,,,72.2,3.960,0,285
2026-03-12T10:09:36,,,,,,,72.1,3.963,0,286
2026-03-12T10:10:40,,,,,,,72.2,3.959,0,287
2026-03-12T10:11:45,,,,,,,72.1,3.959,0,288
2026-03-12T10:12:50,,,,,,,71.9,3.959,0,289
2026-03-12T10:13:54,,,,,,,71.8,3.959,0,290
2026-03-12T10:14:59,,,,,,,71.8,3.957,0,291
2026-03-12T10:16:03,,,,,,,71.8,3.959,0,292
2026-03-12T10:17:08,,,,,,,71.6,3.957,0,293
2026-03-12T10:18:13,,,,,,,71.4,3.957,0,294
2026-03-12T10:19:17,,,,,,,71.4,3.956,0,295
2026-03-12T10:20:22,,,,,,,71.1,3.956,0,296
2026-03-12T10:21:26,,,,,,,71.4,3.957,0,297
2026-03-12T10:22:31,,,,,,,71.4,3.955,0,298
2026-03-12T10:23:36,,,,,,,71.3,3.954,0,299
2026-03-12T10:24:40,,,,,,,71.3,3.954,0,300
2026-03-12T10:25:45,,,,,,,70.9,3.954,0,301
2026-03-12T10:26:50,,,,,,,70.9,3.954,0,302
2026-03-12T10:27:54,,,,,,,71.3,3.953,0,303
2026-03-12T10:28:59,,,,,,,71.1,3.951,0,304
2026-03-12T10:30:04,,,,,,,71.1,3.951,0,305
2026-03-12T10:31:08,,,,,,,71.1,3.953,0,306
2026-03-12T10:32:13,,,,,,,70.8,3.950,0,307
2026-03-12T10:33:17,,,,,,,70.6,3.950,0,308
2026-03-12T10:34:22,,,,,,,70.8,3.950,0,309
2026-03-12T10:35:27,,,,,,,70.8,3.949,0,310
2026-03-12T10:36:31,,,,,,,70.6,3.947,0,311
2026-03-12T10:37:36,,,,,,,70.3,3.947,0,312
2026-03-12T10:38:40,,,,,,,70.3,3.946,0,313
2026-03-12T10:39:45,,,,,,,70.1,3.947,0,314
2026-03-12T10:40:50,,,,,,,70.1,3.947,0,315
2026-03-12T10:41:54,,,,,,,70.0,3.946,0,316
2026-03-12T10:42:59,,,,,,,70.3,3.946,0,317
2026-03-12T10:44:04,,,,,,,70.1,3.944,0,318
2026-03-12T10:45:08,,,,,,,70.0,3.945,0,319
2026-03-12T10:46:13,,,,,,,70.3,3.945,0,320
2026-03-12T10:47:17,,,,,,,69.8,3.945,0,321
2026-03-12T10:48:22,,,,,,,69.6,3.945,0,322
2026-03-12T10:49:27,,,,,,,69.8,3.941,0,323
2026-03-12T10:50:31,,,,,,,70.0,3.943,0,324
2026-03-12T10:51:36,,,,,,,69.6,3.943,0,325
2026-03-12T10:52:40,,,,,,,69.5,3.943,0,326
2026-03-12T10:53:45,,,,,,,69.6,3.940,0,327
2026-03-12T10:54:50,,,,,,,69.6,3.940,0,328
2026-03-12T10:55:54,,,,,,,69.3,3.940,0,329
2026-03-12T10:56:59,,,,,,,69.5,3.941,0,330
2026-03-12T10:58:04,,,,,,,69.3,3.940,0,331
2026-03-12T10:59:08,,,,,,,69.5,3.940,0,332
2026-03-12T11:00:13,,,,,,,69.6,3.938,0,333
2026-03-12T11:01:17,,,,,,,69.1,3.938,0,334
2026-03-12T11:02:20,-37.836353,144.968094,-16.9,1.12,6,2.0,68.8,3.931,1,335
2026-03-12T11:05:24,-37.836151,144.968338,12.3,0.03,12,0.8,68.6,3.936,1,336
2026-03-12T11:08:29,-37.836174,144.968399,13.9,0.21,16,0.7,68.8,3.932,1,337
2026-03-12T11:11:34,-37.836166,144.968338,14.5,0.29,15,0.8,68.6,3.931,1,338
2026-03-12T11:14:39,-37.836132,144.968414,21.2,0.06,16,0.7,68.3,3.926,1,339
2026-03-12T11:17:44,-37.836121,144.968414,23.5,0.21,16,0.7,68.5,3.929,1,340
2026-03-12T11:20:50,-37.836147,144.968399,26.7,0.24,15,0.8,68.0,3.929,1,341
2026-03-12T11:23:54,-37.836140,144.968338,25.4,0.07,14,0.8,68.5,3.930,1,342
2026-03-12T11:26:59,-37.836136,144.968445,27.9,0.44,15,0.7,68.2,3.930,1,343
2026-03-12T11:30:04,-37.836090,144.968414,27.8,0.41,13,0.8,68.2,3.929,1,344
2026-03-12T11:33:10,-37.836113,144.968445,26.6,0.65,15,0.8,67.7,3.930,1,345
2026-03-12T11:36:15,-37.836098,144.968506,25.7,0.19,13,1.0,67.9,3.929,1,346
2026-03-12T11:39:20,-37.836105,144.968491,24.2,0.92,12,0.9,67.4,3.924,1,347
2026-03-12T11:42:25,-37.836098,144.968521,23.2,0.45,17,0.7,67.6,3.928,1,348
2026-03-12T11:45:31,-37.836155,144.968536,25.3,0.26,14,0.8,67.4,3.922,1,349
2026-03-12T11:48:36,-37.836124,144.968445,27.2,0.49,14,0.8,67.6,3.926,1,350
2026-03-12T11:51:41,-37.836037,144.968521,28.6,0.68,15,0.7,67.2,3.916,1,351
2026-03-12T11:54:46,-37.836090,144.968430,28.8,0.12,15,0.8,67.3,3.921,1,352
2026-03-12T11:57:51,-37.836132,144.968399,30.0,1.24,16,0.7,67.4,3.919,1,353
2026-03-12T12:00:56,-37.836128,144.968430,30.8,1.20,15,0.8,67.3,3.919,1,354
2026-03-12T12:04:02,-37.836082,144.968460,32.6,0.17,12,0.9,66.6,3.915,1,355
2026-03-12T12:07:07,-37.836102,144.968445,31.5,0.22,15,0.8,66.9,3.914,1,356
2026-03-12T12:10:12,-37.836102,144.968414,36.4,0.60,14,0.9,66.7,3.914,1,357
2026-03-12T12:13:18,-37.836071,144.968506,36.2,0.24,11,1.0,66.4,3.916,1,358
2026-03-12T12:16:23,-37.836010,144.968430,36.7,0.45,12,0.9,66.4,3.914,1,359
2026-03-12T12:19:28,-37.836098,144.968399,32.2,0.47,10,1.0,66.6,3.914,1,360
2026-03-12T12:22:34,-37.836098,144.968460,30.8,0.96,13,0.8,66.4,3.918,1,361
2026-03-12T12:25:38,-37.836105,144.968460,30.7,0.09,15,0.7,66.1,3.911,1,362
2026-03-12T12:28:43,-37.836163,144.968430,32.2,1.32,13,0.8,66.1,3.908,1,363
2026-03-12T12:31:48,-37.836143,144.968506,31.6,0.36,15,0.8,66.3,3.909,1,364
2026-03-12T12:34:55,-37.836132,144.968506,31.0,0.13,15,0.8,66.0,3.911,1,365
2026-03-12T12:37:59,-37.836109,144.968536,31.2,0.59,14,0.8,66.0,3.910,1,366
2026-03-12T12:41:05,-37.836117,144.968460,32.0,0.22,13,0.8,66.0,3.911,1,367
2026-03-12T12:44:09,-37.836109,144.968506,34.7,1.40,6,1.3,65.6,3.910,1,368
2026-03-12T12:47:14,-37.836109,144.968521,32.6,0.93,10,0.9,65.7,3.909,1,369
2026-03-12T12:50:19,-37.836205,144.968445,34.5,0.13,9,1.2,65.4,3.908,1,370
2026-03-12T12:53:24,-37.836163,144.968414,34.8,0.75,14,0.9,65.4,3.902,1,371
2026-03-12T12:56:29,-37.836155,144.968460,35.6,0.42,11,0.9,65.1,3.908,1,372
2026-03-12T12:59:35,-37.836121,144.968445,34.8,0.30,11,1.0,65.4,3.906,1,373
2026-03-12T13:02:40,-37.836098,144.968475,33.2,0.74,12,0.9,65.0,3.902,1,374
2026-03-12T13:05:45,-37.836117,144.968491,33.3,0.56,10,1.0,65.0,3.905,1,375
2026-03-12T13:08:50,-37.836082,144.968521,32.0,0.31,12,0.9,65.0,3.904,1,376
2026-03-12T13:11:55,-37.836079,144.968491,29.9,0.49,12,1.0,65.0,3.900,1,377
2026-03-12T13:15:00,-37.836163,144.968460,31.6,0.25,11,1.2,65.0,3.900,1,378
2026-03-12T13:18:06,-37.836178,144.968384,30.4,0.14,7,1.3,64.7,3.900,1,379
2026-03-12T13:21:11,-37.836143,144.968414,31.1,0.23,11,1.0,64.8,3.901,1,380
2026-03-12T13:24:16,-37.836132,144.968445,31.3,0.38,8,1.2,64.6,3.896,1,381
2026-03-12T13:27:21,-37.836178,144.968430,32.3,0.31,9,1.1,64.4,3.902,1,382
2026-03-12T13:30:26,-37.836182,144.968430,34.0,0.37,12,0.9,64.6,3.898,1,383
2026-03-12T13:33:31,-37.836178,144.968430,33.5,0.38,10,1.1,64.3,3.892,1,384
2026-03-12T13:36:36,-37.836178,144.968445,37.0,0.29,12,0.9,64.3,3.900,1,385
2026-03-12T13:39:42,-37.836193,144.968430,38.3,0.43,12,1.0,64.3,3.891,1,386
2026-03-12T13:42:47,-37.836163,144.968414,39.1,1.14,10,0.9,64.4,3.896,1,387
2026-03-12T13:45:52,-37.836185,144.968414,40.3,0.21,8,1.0,64.0,3.896,1,388
2026-03-12T13:48:58,-37.836140,144.968430,42.0,0.23,7,1.3,64.0,3.889,1,389
2026-03-12T13:52:03,-37.836170,144.968521,39.4,0.54,11,0.9,64.1,3.895,1,390
2026-03-12T13:55:08,-37.836098,144.968506,40.2,0.39,10,1.0,64.1,3.894,1,391
2026-03-12T13:58:13,-37.836155,144.968506,40.1,0.39,12,0.9,63.7,3.895,1,392
2026-03-12T14:01:18,-37.836159,144.968491,43.9,0.84,13,0.8,63.5,3.889,1,393
2026-03-12T14:04:23,-37.836155,144.968506,44.8,0.14,12,1.0,63.5,3.891,1,394
2026-03-12T14:07:29,-37.836117,144.968521,41.9,0.53,10,1.0,63.8,3.888,1,395
2026-03-12T14:10:34,-37.836151,144.968506,41.7,0.21,14,0.8,63.4,3.886,1,396
2026-03-12T14:13:40,-37.836117,144.968506,40.2,0.19,13,0.8,63.4,3.891,1,397
2026-03-12T14:16:45,-37.836151,144.968506,44.7,0.56,13,0.8,63.0,3.889,1,398
2026-03-12T14:19:49,-37.836205,144.968445,40.4,0.26,11,0.9,63.4,3.882,1,399
2026-03-12T14:22:54,-37.836224,144.968414,39.6,0.17,13,0.8,63.3,3.886,1,400
2026-03-12T14:26:00,-37.836151,144.968597,43.0,0.17,13,0.8,63.3,3.886,1,401
2026-03-12T14:29:05,-37.836117,144.968552,41.4,1.04,13,0.9,63.0,3.888,1,402
2026-03-12T14:32:10,-37.836033,144.968582,38.9,0.40,13,0.8,62.5,3.882,1,403
2026-03-12T14:35:16,-37.836075,144.968491,39.4,0.34,14,0.7,63.0,3.882,1,404
2026-03-12T14:38:21,-37.836079,144.968506,40.1,0.39,12,0.8,62.8,3.884,1,405
2026-03-12T14:41:26,-37.836086,144.968536,41.1,0.45,12,0.8,62.5,3.884,1,406
2026-03-12T14:44:31,-37.836094,144.968582,42.8,0.76,9,1.0,62.4,3.878,1,407
2026-03-12T14:47:37,-37.836140,144.968552,42.9,0.26,11,0.9,62.2,3.878,1,408
2026-03-12T14:50:42,-37.836063,144.968506,41.7,0.82,13,0.8,62.2,3.881,1,409
2026-03-12T14:53:48,-37.836090,144.968460,40.7,0.88,13,0.8,62.1,3.878,1,410
2026-03-12T14:56:53,-37.836117,144.968430,41.4,0.66,12,0.8,62.4,3.875,1,411
2026-03-12T14:59:58,-37.836079,144.968460,42.6,0.46,12,1.0,62.1,3.876,1,412
2026-03-12T15:03:03,-37.836067,144.968460,42.2,0.19,9,1.1,62.2,3.876,1,413
2026-03-12T15:06:08,-37.836082,144.968430,45.2,0.16,11,0.9,62.2,3.878,1,414
2026-03-12T15:09:14,-37.836082,144.968445,44.2,0.42,15,0.8,61.4,3.872,1,415
2026-03-12T15:12:18,-37.836075,144.968445,42.1,0.67,12,0.8,61.8,3.872,1,416
2026-03-12T15:15:23,-37.836079,144.968506,42.1,0.27,13,0.8,61.5,3.872,1,417
2026-03-12T15:18:28,-37.836063,144.968475,41.8,0.41,13,0.8,61.8,3.872,1,418
2026-03-12T15:21:33,-37.836025,144.968460,42.3,0.36,11,1.0,61.1,3.869,1,419
2026-03-12T15:24:38,-37.836025,144.968475,42.2,0.18,13,0.8,61.4,3.869,1,420
2026-03-12T15:27:45,-37.836105,144.968460,44.8,0.73,12,0.9,61.5,3.869,1,421
2026-03-12T15:30:49,-37.836079,144.968460,45.5,0.13,8,1.2,60.7,3.872,1,422
2026-03-12T15:33:54,-37.836067,144.968384,41.4,0.53,13,0.8,61.4,3.868,1,423
2026-03-12T15:37:01,-37.836113,144.968491,41.3,1.45,13,0.8,59.8,3.870,1,424
2026-03-12T15:40:05,-37.836052,144.968475,42.0,0.82,11,1.0,60.4,3.866,1,425
2026-03-12T15:43:10,-37.836052,144.968430,44.9,0.54,13,0.7,60.4,3.869,1,426
2026-03-12T15:46:16,-37.836098,144.968521,45.1,0.48,13,0.8,60.1,3.865,1,427
2026-03-12T15:49:21,-37.836086,144.968475,45.5,0.10,11,0.9,59.8,3.865,1,428
2026-03-12T15:52:26,-37.836082,144.968536,48.6,0.51,13,0.7,59.5,3.862,1,429
2026-03-12T15:55:32,-37.836124,144.968475,47.8,0.20,15,0.7,59.5,3.865,1,430
2026-03-12T15:58:37,-37.836121,144.968536,50.7,0.34,13,0.9,59.8,3.864,1,431
2026-03-12T16:01:42,-37.836166,144.968506,50.6,0.15,14,0.8,58.8,3.860,1,432
2026-03-12T16:04:47,-37.836166,144.968506,48.7,0.20,13,0.8,58.5,3.856,1,433
2026-03-12T16:07:52,-37.836197,144.968460,46.4,0.20,14,0.7,59.2,3.861,1,434
2026-03-12T16:10:57,-37.836124,144.968491,46.2,0.23,13,0.8,58.8,3.858,1,435
2026-03-12T16:14:02,-37.836231,144.968567,46.2,0.07,14,0.7,58.5,3.860,1,436
2026-03-12T16:17:07,-37.836155,144.968491,46.6,0.24,12,0.8,58.2,3.856,1,437
2026-03-12T16:20:12,-37.836124,144.968430,46.2,1.13,14,0.8,58.5,3.855,1,438
2026-03-12T16:23:17,-37.836128,144.968475,47.3,1.21,12,0.8,57.9,3.858,1,439
2026-03-12T16:26:22,-37.836117,144.968506,47.6,0.58,15,0.8,57.9,3.860,1,440
2026-03-12T16:29:27,-37.836102,144.968475,49.7,0.27,13,0.9,56.9,3.854,1,441
2026-03-12T16:32:32,-37.836098,144.968506,49.0,0.45,13,0.8,57.6,3.858,1,442
2026-03-12T16:35:37,-37.836109,144.968521,47.9,0.28,14,0.8,57.3,3.852,1,443
2026-03-12T16:38:42,-37.836048,144.968567,48.0,0.48,14,0.8,57.3,3.854,1,444
2026-03-12T16:41:48,-37.836102,144.968582,48.0,0.42,13,0.8,56.3,3.850,1,445
2026-03-12T16:44:53,-37.836113,144.968521,49.8,0.35,16,0.7,56.9,3.850,1,446
2026-03-12T16:47:59,-37.836090,144.968491,46.7,0.52,11,1.1,56.6,3.851,1,447
2026-03-12T16:51:04,-37.836098,144.968536,46.5,0.41,12,0.7,56.9,3.854,1,448
2026-03-12T16:54:09,-37.836094,144.968430,43.4,0.13,12,0.8,55.7,3.842,1,449
2026-03-12T16:57:14,-37.836037,144.968506,41.7,0.52,15,0.7,56.0,3.848,1,450
2026-03-12T17:00:19,-37.836086,144.968506,43.4,0.31,15,0.7,55.0,3.849,1,451
2026-03-12T17:03:24,-37.836067,144.968491,43.3,0.69,14,0.7,55.7,3.848,1,452
2026-03-12T17:06:30,-37.836090,144.968506,43.2,0.10,15,0.7,55.0,3.846,1,453
2026-03-12T17:09:35,-37.836063,144.968521,44.4,0.28,15,0.6,55.4,3.845,1,454
2026-03-12T17:12:40,-37.836079,144.968506,43.8,0.17,18,0.6,54.7,3.842,1,455
2026-03-12T17:15:45,-37.836067,144.968506,42.8,0.35,14,0.7,54.7,3.840,1,456
2026-03-12T17:18:50,-37.836079,144.968475,38.5,0.48,17,0.6,53.8,3.841,1,457
2026-03-12T17:21:55,-37.836098,144.968491,36.3,0.57,14,0.8,54.4,3.839,1,458
2026-03-12T17:25:00,-37.836098,144.968506,38.8,0.37,14,0.7,53.8,3.841,1,459
2026-03-12T17:28:05,-37.836132,144.968445,34.1,0.24,17,0.7,54.1,3.841,1,460
2026-03-12T17:31:10,-37.836105,144.968536,35.5,0.48,15,0.7,53.1,3.839,1,461
2026-03-12T17:34:16,-37.836090,144.968552,35.8,0.78,13,0.8,52.3,3.836,1,462
2026-03-12T17:37:21,-37.836117,144.968567,36.6,0.27,16,0.7,53.8,3.838,1,463
2026-03-12T17:40:26,-37.836079,144.968521,38.5,1.18,16,0.6,52.7,3.838,1,464
2026-03-12T17:43:31,-37.836121,144.968506,41.4,0.16,14,0.7,52.3,3.836,1,465
2026-03-12T17:46:36,-37.836082,144.968552,42.5,0.13,14,0.7,52.3,3.832,1,466
2026-03-12T17:49:41,-37.836105,144.968491,44.6,0.71,15,0.6,51.5,3.829,1,467
2026-03-12T17:52:47,-37.836098,144.968460,42.8,0.36,13,0.8,51.2,3.830,1,468
2026-03-12T17:55:52,-37.836102,144.968430,42.1,0.04,16,0.8,52.3,3.834,1,469
2026-03-12T17:58:58,-37.836136,144.968445,43.2,0.07,15,0.7,51.5,3.832,1,470
2026-03-12T18:02:03,-37.836185,144.968430,41.3,0.68,12,0.9,51.2,3.832,1,471
2026-03-12T18:05:08,-37.836155,144.968399,40.6,0.22,15,0.7,50.4,3.829,1,472
2026-03-12T18:08:14,-37.836102,144.968475,39.6,0.53,15,0.7,50.8,3.832,1,473
2026-03-12T18:11:18,-37.836079,144.968475,40.9,0.39,15,0.8,50.8,3.829,1,474
2026-03-12T18:14:24,-37.836056,144.968475,41.2,0.87,15,0.9,50.0,3.828,1,475
2026-03-12T18:17:28,-37.836090,144.968445,42.2,0.31,16,0.6,50.0,3.826,1,476
2026-03-12T18:20:33,-37.836117,144.968414,38.5,0.30,15,0.7,50.0,3.830,1,477
2026-03-12T18:23:40,-37.836113,144.968399,35.7,0.57,14,0.7,49.2,3.824,1,478
2026-03-12T18:26:44,-37.836117,144.968430,34.1,0.78,14,0.7,48.9,3.825,1,479
2026-03-12T18:29:49,-37.836136,144.968445,35.9,0.53,15,0.7,48.9,3.825,1,480
2026-03-12T18:32:54,-37.836086,144.968414,35.5,1.10,16,0.7,49.2,3.824,1,481
2026-03-12T18:36:00,-37.836128,144.968430,34.3,0.59,15,0.7,48.5,3.825,1,482
2026-03-12T18:39:05,-37.836090,144.968445,33.5,0.43,15,0.8,49.2,3.822,1,483
2026-03-12T18:42:10,-37.836121,144.968445,32.2,0.26,15,0.7,47.7,3.820,1,484
2026-03-12T18:45:15,-37.836121,144.968506,34.6,0.50,16,0.7,48.5,3.821,1,485
2026-03-12T18:48:20,-37.836117,144.968521,35.3,0.29,14,0.7,47.3,3.816,1,486
2026-03-12T18:51:25,-37.836109,144.968506,37.4,0.58,14,0.7,46.5,3.820,1,487
2026-03-12T18:54:30,-37.836147,144.968475,38.9,0.19,17,0.6,46.9,3.822,1,488
2026-03-12T18:57:35,-37.836193,144.968491,39.0,0.50,17,0.7,47.3,3.821,1,489
2026-03-12T19:00:40,-37.836216,144.968430,39.8,0.59,15,0.7,46.9,3.819,1,490
2026-03-12T19:03:46,-37.836143,144.968399,39.2,1.68,15,0.8,46.1,3.814,1,491
2026-03-12T19:06:51,-37.836155,144.968430,39.4,0.98,12,0.9,47.3,3.819,1,492
2026-03-12T19:09:56,-37.836124,144.968445,39.7,0.22,15,0.7,46.1,3.809,1,493
2026-03-12T19:13:01,-37.836098,144.968475,39.7,0.24,14,0.8,46.1,3.820,1,494
2026-03-12T19:16:07,-37.836159,144.968430,38.0,0.24,17,0.7,45.7,3.813,1,495
2026-03-12T19:19:12,-37.836174,144.968445,38.2,0.10,14,0.8,46.5,3.814,1,496
2026-03-12T19:22:17,-37.836159,144.968552,41.4,0.77,12,0.9,44.9,3.814,1,497
2026-03-12T19:25:22,-37.836208,144.968430,37.5,0.25,15,0.8,44.5,3.809,1,498
2026-03-12T19:28:27,-37.836159,144.968414,39.1,0.21,17,0.7,44.5,3.810,1,499
2026-03-12T19:31:32,-37.836082,144.968491,39.3,0.16,16,0.7,44.1,3.810,1,500
2026-03-12T19:34:38,-37.836079,144.968460,39.8,0.10,12,0.8,43.2,3.809,1,501
2026-03-12T19:37:43,-37.836109,144.968460,39.2,0.53,12,0.8,44.1,3.811,1,502
2026-03-12T19:40:48,-37.836056,144.968536,39.8,0.68,12,0.8,44.1,3.806,1,503
2026-03-12T19:43:53,-37.836082,144.968506,40.6,0.75,11,0.8,44.1,3.807,1,504
2026-03-12T19:46:58,-37.836060,144.968445,41.3,0.10,11,1.0,42.4,3.803,1,505
2026-03-12T19:50:03,-37.836124,144.968536,43.7,0.16,12,0.8,43.2,3.811,1,506
2026-03-12T19:53:08,-37.836098,144.968430,40.1,0.34,15,0.7,42.0,3.804,1,507
2026-03-12T19:56:13,-37.836075,144.968536,38.0,0.17,14,0.8,42.8,3.803,1,508
2026-03-12T19:59:19,-37.836086,144.968582,35.5,0.46,15,0.7,42.0,3.803,1,509
2026-03-12T20:02:24,-37.836071,144.968597,33.9,0.34,12,1.0,42.0,3.799,1,510
2026-03-12T20:05:29,-37.836159,144.968689,37.7,0.44,14,0.8,41.6,3.800,1,511
2026-03-12T20:08:34,-37.836109,144.968521,37.0,0.31,15,0.7,41.6,3.804,1,512
2026-03-12T20:11:39,-37.836136,144.968582,30.9,0.21,16,0.7,41.2,3.803,1,513
2026-03-12T20:14:44,-37.836071,144.968567,31.1,0.46,16,0.6,41.2,3.797,1,514
2026-03-12T20:17:49,-37.836098,144.968521,30.6,0.66,13,0.8,40.5,3.799,1,515
2026-03-12T20:20:54,-37.836071,144.968552,31.4,0.99,16,0.7,41.2,3.801,1,516
2026-03-12T20:24:00,-37.836098,144.968491,28.9,0.40,15,0.8,40.1,3.803,1,517
2026-03-12T20:27:05,-37.836079,144.968445,31.4,0.68,14,0.7,40.8,3.801,1,518
2026-03-12T20:30:10,-37.836140,144.968353,29.9,0.20,14,0.7,40.1,3.799,1,519
2026-03-12T20:33:15,-37.836121,144.968430,28.8,0.23,19,0.6,39.4,3.793,1,520
2026-03-12T20:36:21,-37.836117,144.968384,30.3,0.35,15,0.7,39.7,3.793,1,521
2026-03-12T20:39:26,-37.836117,144.968384,30.1,0.68,14,0.8,39.0,3.796,1,522
2026-03-12T20:42:31,-37.836185,144.968430,32.4,0.64,17,0.7,39.4,3.796,1,523
2026-03-12T20:45:37,-37.836155,144.968399,33.1,0.41,15,0.6,39.4,3.793,1,524
2026-03-12T20:48:41,-37.836147,144.968445,32.5,0.92,16,0.6,38.3,3.793,1,525
2026-03-12T20:51:47,-37.836155,144.968445,35.8,0.34,14,0.8,38.3,3.790,1,526
2026-03-12T20:54:51,-37.836105,144.968536,38.9,0.06,11,0.8,38.3,3.786,1,527
2026-03-12T20:57:56,-37.836067,144.968582,44.4,0.57,13,0.8,38.7,3.789,1,528
2026-03-12T21:01:01,-37.836079,144.968460,43.2,0.52,13,0.8,38.3,3.794,1,529
2026-03-12T21:04:07,-37.836056,144.968491,43.4,0.40,14,0.7,37.9,3.785,1,530
2026-03-12T21:07:12,-37.836040,144.968491,43.5,0.38,13,0.7,37.6,3.790,1,531
2026-03-12T21:10:18,-37.836082,144.968536,42.2,0.65,9,1.1,38.3,3.785,1,532
2026-03-12T21:13:23,-37.836056,144.968506,39.1,0.83,12,0.9,37.9,3.793,1,533
2026-03-12T21:16:28,-37.836037,144.968475,37.8,0.77,10,1.0,37.6,3.787,1,534
2026-03-12T21:19:33,-37.836082,144.968475,39.2,0.55,12,0.8,37.2,3.790,1,535
2026-03-12T21:22:37,-37.836082,144.968445,40.3,0.44,11,0.8,37.2,3.790,1,536
2026-03-12T21:25:43,-37.836132,144.968445,38.6,0.56,11,0.8,37.9,3.789,1,537
2026-03-12T21:28:48,-37.836132,144.968445,35.2,0.22,15,0.8,36.9,3.785,1,538
2026-03-12T21:31:53,-37.836155,144.968475,32.3,0.11,14,0.7,38.3,3.784,1,539
2026-03-12T21:34:58,-37.836117,144.968460,32.4,0.87,14,0.8,35.8,3.789,1,540
2026-03-12T21:38:03,-37.836163,144.968460,31.3,0.37,11,0.9,36.1,3.781,1,541
2026-03-12T21:41:08,-37.836124,144.968430,31.1,1.06,15,0.8,36.1,3.780,1,542
2026-03-12T21:44:13,-37.836128,144.968430,33.7,1.05,12,0.9,35.1,3.784,1,543
2026-03-12T21:47:18,-37.836098,144.968430,35.6,0.22,12,1.0,35.1,3.781,1,544
2026-03-12T21:50:23,-37.836075,144.968353,33.9,0.82,9,1.2,35.4,3.781,1,545
2026-03-12T21:53:29,-37.836060,144.968384,32.2,0.58,11,0.9,35.4,3.779,1,546
2026-03-12T21:56:34,-37.836105,144.968338,31.1,0.41,11,0.9,35.1,3.779,1,547
2026-03-12T21:59:39,-37.836079,144.968460,32.4,0.53,12,0.8,35.4,3.784,1,548
2026-03-12T22:02:44,-37.836086,144.968430,31.3,0.19,10,1.2,34.7,3.781,1,549
2026-03-12T22:05:50,-37.836098,144.968491,35.0,0.24,12,0.9,34.3,3.775,1,550
2026-03-12T22:08:55,-37.836052,144.968475,34.5,0.46,11,0.8,34.3,3.781,1,551
2026-03-12T22:12:00,-37.836067,144.968521,35.9,0.19,10,0.9,34.3,3.777,1,552
2026-03-12T22:15:05,-37.836021,144.968552,34.0,0.24,9,0.9,33.8,3.774,1,553
2026-03-12T22:18:10,-37.836056,144.968674,35.4,0.34,12,0.9,33.8,3.775,1,554
2026-03-12T22:21:15,-37.836086,144.968582,36.1,0.98,11,1.1,33.0,3.774,1,555
2026-03-12T22:24:21,-37.836033,144.968582,36.6,0.17,11,0.9,33.8,3.779,1,556
2026-03-12T22:27:26,-37.836067,144.968506,37.1,0.21,14,0.7,33.8,3.775,1,557
2026-03-12T22:30:32,-37.836060,144.968506,35.8,0.14,11,1.0,33.4,3.770,1,558
2026-03-12T22:33:37,-37.836166,144.968475,31.4,1.12,7,1.3,33.0,3.774,1,559
2026-03-12T22:36:42,-37.836075,144.968506,27.5,0.77,8,1.0,32.6,3.776,1,560
2026-03-12T22:39:47,-37.835964,144.968430,31.8,0.40,5,1.2,33.0,3.773,1,561
2026-03-12T22:42:52,-37.835930,144.968643,42.2,1.45,8,1.0,33.0,3.775,1,562
2026-03-12T22:45:57,-37.836121,144.968430,44.6,1.36,6,1.6,32.1,3.774,1,563
2026-03-12T22:49:03,-37.836010,144.968445,52.1,0.74,4,1.9,33.0,3.774,1,564
2026-03-12T22:52:08,-37.835972,144.968430,53.6,1.76,6,2.2,32.6,3.774,1,565
2026-03-12T22:55:13,-37.835953,144.968674,39.2,2.21,6,1.1,32.6,3.774,1,566
2026-03-12T22:58:18,-37.836071,144.968567,33.2,1.12,7,1.1,30.8,3.770,1,567
2026-03-12T23:01:23,-37.836056,144.968475,30.1,0.18,7,0.9,31.3,3.771,1,568
2026-03-12T23:04:28,-37.836063,144.968430,20.4,0.50,8,1.1,31.7,3.764,1,569
2026-03-12T23:07:34,-37.836113,144.968750,30.5,0.98,8,1.0,31.7,3.771,1,570
2026-03-12T23:10:39,-37.836182,144.968475,39.3,0.88,8,1.0,30.8,3.770,1,571
2026-03-12T23:13:44,-37.835888,144.968597,51.4,0.64,8,1.0,30.4,3.771,1,572
2026-03-12T23:16:49,-37.836151,144.968628,46.7,0.67,7,1.2,30.8,3.766,1,573
2026-03-12T23:19:54,-37.835957,144.968582,33.8,0.40,8,1.0,30.4,3.769,1,574
2026-03-12T23:22:59,-37.836002,144.968613,46.3,0.78,9,1.0,30.4,3.764,1,575
2026-03-12T23:26:05,-37.836029,144.968643,42.4,1.02,7,1.2,30.0,3.764,1,576
2026-03-12T23:29:10,-37.836098,144.968643,42.0,0.42,6,1.9,29.5,3.765,1,577
2026-03-12T23:32:16,-37.836079,144.968536,28.2,0.88,10,1.0,29.5,3.763,1,578
2026-03-12T23:35:21,-37.835999,144.968567,39.6,1.25,9,0.9,29.1,3.765,1,579
2026-03-12T23:38:26,-37.836075,144.968735,43.4,0.03,9,0.9,28.7,3.761,1,580
2026-03-12T23:41:31,-37.836025,144.968506,44.3,0.28,8,1.1,28.3,3.763,1,581
2026-03-12T23:44:36,-37.836002,144.968506,56.7,1.07,6,1.4,28.3,3.761,1,582
2026-03-12T23:47:42,-37.835899,144.968582,73.8,0.41,8,1.2,29.5,3.761,1,583
2026-03-12T23:50:48,-37.835968,144.968597,73.9,1.05,8,1.0,27.8,3.757,1,584
2026-03-12T23:53:53,-37.836044,144.968414,72.6,2.46,6,1.2,44.1,3.811,1,585
2026-03-12T23:57:28,,,,,,,46.1,3.819,0,586
2026-03-12T23:58:33,,,,,,,46.1,3.820,0,587
2026-03-12T23:59:37,,,,,,,46.5,3.820,0,588
2026-03-13T00:00:42,,,,,,,47.3,3.820,0,589
2026-03-13T00:01:47,,,,,,,47.3,3.824,0,590
2026-03-13T00:02:51,,,,,,,48.1,3.825,0,591
2026-03-13T00:03:27,-37.836124,144.968140,39.2,0.13,4,2.5,48.5,3.824,1,592
2026-03-13T00:06:32,-37.835995,144.968704,-6.3,0.19,3,3.6,49.2,3.828,1,593
2026-03-13T00:09:37,-37.835892,144.968750,16.4,1.44,4,1.2,50.8,3.831,1,594
2026-03-13T00:13:12,,,,,,,51.9,3.836,0,595
2026-03-13T00:14:16,,,,,,,52.7,3.836,0,596
2026-03-13T00:15:21,,,,,,,51.9,3.838,0,597
2026-03-13T00:16:26,,,,,,,52.3,3.840,0,598
2026-03-13T00:17:30,,,,,,,52.3,3.842,0,599
2026-03-13T00:18:35,,,,,,,53.1,3.841,0,600
2026-03-13T00:19:39,,,,,,,53.8,3.842,0,601
2026-03-13T00:20:44,,,,,,,54.1,3.842,0,602
2026-03-13T00:21:19,-37.836033,144.968353,20.6,0.07,4,1.8,53.8,3.844,1,603
2026-03-13T00:24:25,-37.835934,144.968628,67.1,2.27,4,1.3,55.0,3.848,1,604
2026-03-13T00:27:59,,,,,,,56.0,3.851,0,605
2026-03-13T00:28:35,-37.836185,144.968384,61.3,1.62,3,2.8,56.0,3.851,1,606
2026-03-13T00:31:39,-37.835854,144.968567,61.5,2.27,4,1.3,57.9,3.856,1,607
2026-03-13T00:34:44,-37.836117,144.968384,10.4,1.72,5,1.4,58.2,3.859,1,608
2026-03-13T00:37:50,-37.836483,144.968475,32.7,1.34,3,3.8,58.5,3.862,1,609
2026-03-13T00:40:55,-37.836136,144.968521,31.8,2.41,5,2.0,59.5,3.865,1,610
2026-03-13T00:44:00,-37.835609,144.968536,134.7,3.13,4,2.2,60.4,3.869,1,611
2026-03-13T00:44:36,-37.835815,144.968323,125.3,4.36,3,3.4,60.7,3.869,1,612
2026-03-13T00:45:12,-37.834309,144.970352,134.2,5.99,3,2.0,61.1,3.870,1,613
2026-03-13T00:45:48,-37.833759,144.969360,140.0,0.22,3,1.3,60.7,3.871,1,614
2026-03-13T00:49:22,,,,,,,61.4,3.874,0,615
2026-03-13T00:50:26,,,,,,,61.7,3.876,0,616
2026-03-13T00:51:16,-37.836143,144.968460,25.9,3.18,3,1.6,61.8,3.878,1,617
2026-03-13T00:52:20,,,,,,,61.7,3.879,0,618
2026-03-13T00:53:25,,,,,,,62.1,3.880,0,619
2026-03-13T00:54:01,-37.836113,144.968781,46.0,0.13,5,1.5,62.2,3.881,1,620
2026-03-13T00:57:06,-37.835922,144.968658,53.8,1.55,4,1.8,62.7,3.884,1,621
2026-03-13T01:00:40,,,,,,,63.0,3.885,0,622
2026-03-13T01:01:45,,,,,,,63.3,3.889,0,623
2026-03-13T01:02:49,,,,,,,63.3,3.890,0,624
2026-03-13T01:03:54,,,,,,,63.4,3.892,0,625
2026-03-13T01:04:59,,,,,,,63.7,3.892,0,626
2026-03-13T01:05:34,-37.835987,144.968826,46.8,2.09,3,3.8,63.7,3.894,1,627
2026-03-13T01:08:39,-37.835846,144.968704,51.5,1.13,3,2.8,64.4,3.896,1,628
2026-03-13T01:11:45,-37.835396,144.969452,108.6,2.20,3,3.8,64.6,3.901,1,629
2026-03-13T01:15:19,,,,,,,64.8,3.905,0,630
2026-03-13T01:16:24,,,,,,,64.8,3.906,0,631
2026-03-13T01:17:28,,,,,,,65.0,3.906,0,632
2026-03-13T01:18:11,-37.836098,144.969666,98.4,1.60,3,3.8,65.4,3.908,1,633
2026-03-13T01:21:45,,,,,,,65.9,3.911,0,634
2026-03-13T01:22:20,-37.836311,144.968903,74.5,0.04,3,10.2,66.0,3.912,1,635
2026-03-13T01:25:25,-37.835876,144.968552,68.2,0.82,5,1.2,66.3,3.916,1,636
2026-03-13T01:28:30,-37.835972,144.968445,29.0,3.97,5,2.9,66.6,3.918,1,637
2026-03-13T01:29:06,-37.836296,144.968796,30.1,1.29,3,8.2,67.0,3.921,1,638
2026-03-13T01:32:11,-37.836254,144.968491,28.7,1.17,3,4.8,67.3,3.922,1,639
2026-03-13T01:35:16,-37.836067,144.968719,41.8,0.43,4,11.8,67.7,3.928,1,640
2026-03-13T01:38:21,-37.836056,144.968781,40.2,0.20,4,2.2,68.2,3.930,1,641
2026-03-13T01:41:55,,,,,,,68.5,3.935,0,642
2026-03-13T01:42:31,-37.835945,144.968811,36.0,0.33,3,4.3,68.8,3.936,1,643
2026-03-13T01:46:05,,,,,,,69.3,3.940,0,644
2026-03-13T01:46:41,-37.836029,144.968353,46.9,6.47,3,1.6,69.6,3.941,1,645
2026-03-13T01:47:17,-37.836044,144.968597,20.7,0.04,5,1.6,69.3,3.941,1,646
2026-03-13T01:50:22,-37.836037,144.968826,49.2,1.58,5,1.8,69.8,3.945,1,647
2026-03-13T01:53:27,-37.836025,144.968811,61.3,0.35,7,1.3,70.4,3.949,1,648
2026-03-13T01:56:32,-37.836002,144.968658,55.2,2.46,6,1.4,71.3,3.951,1,649
2026-03-13T01:59:37,-37.836048,144.968750,57.7,1.28,6,1.4,71.8,3.956,1,650
2026-03-13T02:02:42,-37.835957,144.968781,73.4,0.21,5,1.5,71.8,3.960,1,651
2026-03-13T02:05:47,-37.836044,144.968903,81.1,1.65,8,1.1,72.6,3.965,1,652
2026-03-13T02:08:53,-37.836105,144.968750,78.2,1.78,5,1.2,72.9,3.969,1,653
2026-03-13T02:11:58,-37.836018,144.968750,74.9,1.91,4,2.3,73.4,3.970,1,654
2026-03-13T02:15:33,,,,,,,73.9,3.976,0,655
2026-03-13T02:16:37,,,,,,,73.9,3.976,0,656
2026-03-13T02:17:42,,,,,,,74.1,3.977,0,657
2026-03-13T02:18:46,,,,,,,74.5,3.980,0,658
2026-03-13T02:19:51,,,,,,,74.5,3.980,0,659
2026-03-13T02:20:56,,,,,,,74.5,3.983,0,660
2026-03-13T02:22:00,,,,,,,74.7,3.984,0,661
2026-03-13T02:23:05,,,,,,,75.0,3.985,0,662
2026-03-13T02:24:10,,,,,,,75.2,3.987,0,663
2026-03-13T02:25:14,,,,,,,75.5,3.986,0,664
2026-03-13T02:26:19,,,,,,,75.9,3.990,0,665
2026-03-13T02:27:24,,,,,,,75.5,3.989,0,666
2026-03-13T02:28:28,,,,,,,75.9,3.991,0,667
2026-03-13T02:29:33,,,,,,,76.0,3.990,0,668
2026-03-13T02:30:08,-37.834774,144.968872,288.1,1.39,4,1.7,76.3,3.995,1,669
2026-03-13T02:33:13,-37.835117,144.969055,241.2,2.79,4,2.7,76.8,3.997,1,670
2026-03-13T02:36:18,-37.834740,144.970093,420.3,5.85,3,4.9,77.2,4.001,1,671
2026-03-13T02:36:54,-37.834332,144.969025,458.7,1.24,4,2.0,77.8,4.001,1,672
2026-03-13T02:39:59,-37.833942,144.969788,464.8,1.59,4,1.7,77.6,4.005,1,673
2026-03-13T02:43:04,-37.835423,144.969269,244.2,4.84,4,1.9,78.8,4.009,1,674
2026-03-13T02:43:39,-37.835670,144.969543,225.3,2.54,3,3.3,78.3,4.010,1,675
2026-03-13T02:46:45,-37.836266,144.968262,81.8,0.08,5,1.4,79.0,4.016,1,676
2026-03-13T02:49:51,-37.835957,144.968796,58.9,2.02,5,1.4,79.8,4.019,1,677
2026-03-13T02:52:56,-37.836353,144.968536,23.5,1.45,5,2.0,80.1,4.024,1,678
2026-03-13T02:56:01,-37.836044,144.968460,178.5,3.40,3,10.1,80.6,4.028,1,679
2026-03-13T02:57:05,,,,,,,80.7,4.028,0,680
2026-03-13T02:58:10,,,,,,,80.9,4.030,0,681
2026-03-13T02:59:15,,,,,,,81.2,4.031,0,682
2026-03-13T03:00:19,,,,,,,81.4,4.032,0,683
2026-03-13T03:01:24,,,,,,,81.4,4.032,0,684
2026-03-13T03:02:28,,,,,,,81.9,4.035,0,685
2026-03-13T03:03:33,,,,,,,82.1,4.037,0,686
2026-03-13T03:04:38,,,,,,,81.9,4.039,0,687
2026-03-13T03:05:42,,,,,,,82.4,4.039,0,688
2026-03-13T03:06:47,,,,,,,82.4,4.043,0,689
2026-03-13T03:07:52,,,,,,,82.4,4.043,0,690
2026-03-13T03:08:56,,,,,,,82.5,4.045,0,691
2026-03-13T03:10:01,,,,,,,83.0,4.045,0,692
2026-03-13T03:11:05,,,,,,,83.0,4.048,0,693
2026-03-13T03:12:10,,,,,,,83.4,4.049,0,694
2026-03-13T03:13:15,,,,,,,83.7,4.050,0,695
2026-03-13T03:14:19,,,,,,,83.8,4.052,0,696
2026-03-13T03:15:24,,,,,,,84.0,4.052,0,697
2026-03-13T03:16:29,,,,,,,84.3,4.054,0,698
2026-03-13T03:17:33,,,,,,,84.2,4.056,0,699
2026-03-13T03:18:38,,,,,,,84.5,4.055,0,700
2026-03-13T03:19:43,,,,,,,84.6,4.060,0,701
2026-03-13T03:20:47,,,,,,,84.6,4.060,0,702
2026-03-13T03:21:52,,,,,,,84.9,4.061,0,703
2026-03-13T03:22:56,,,,,,,85.2,4.064,0,704
2026-03-13T03:24:01,,,,,,,85.3,4.064,0,705
2026-03-13T03:25:06,,,,,,,85.5,4.066,0,706
2026-03-13T03:26:10,,,,,,,85.6,4.068,0,707
2026-03-13T03:27:15,,,,,,,85.8,4.069,0,708
2026-03-13T03:28:20,,,,,,,85.8,4.071,0,709
2026-03-13T03:29:24,,,,,,,86.1,4.071,0,710
2026-03-13T03:30:29,,,,,,,86.2,4.074,0,711
2026-03-13T03:31:33,,,,,,,86.8,4.076,0,712
2026-03-13T03:32:38,,,,,,,87.1,4.075,0,713
2026-03-13T03:33:43,,,,,,,86.9,4.077,0,714
2026-03-13T03:34:47,,,,,,,87.1,4.080,0,715
2026-03-13T03:35:52,,,,,,,87.2,4.079,0,716
2026-03-13T03:36:57,,,,,,,87.6,4.084,0,717
2026-03-13T03:38:01,,,,,,,87.5,4.085,0,718
2026-03-13T03:39:06,,,,,,,87.5,4.086,0,719
2026-03-13T03:40:10,,,,,,,87.9,4.088,0,720
2026-03-13T03:41:15,,,,,,,88.1,4.090,0,721
2026-03-13T03:42:20,,,,,,,88.4,4.091,0,722
2026-03-13T03:43:24,,,,,,,88.5,4.095,0,723
2026-03-13T03:44:29,,,,,,,88.6,4.093,0,724
2026-03-13T03:45:34,,,,,,,88.5,4.095,0,725
2026-03-13T03:46:38,,,,,,,89.0,4.097,0,726
2026-03-13T03:47:43,,,,,,,89.3,4.097,0,727
2026-03-13T03:48:48,,,,,,,89.7,4.100,0,728
2026-03-13T03:49:52,,,,,,,89.6,4.104,0,729
2026-03-13T03:50:57,,,,,,,89.6,4.102,0,730
2026-03-13T03:52:01,,,,,,,89.9,4.105,0,731
2026-03-13T03:53:06,,,,,,,90.2,4.106,0,732
2026-03-13T03:54:11,,,,,,,90.4,4.108,0,733
2026-03-13T03:55:15,,,,,,,90.4,4.111,0,734
2026-03-13T03:56:20,,,,,,,90.9,4.111,0,735
2026-03-13T03:57:25,,,,,,,91.3,4.113,0,736
2026-03-13T03:58:29,,,,,,,91.2,4.114,0,737
2026-03-13T03:59:34,,,,,,,91.3,4.116,0,738
2026-03-13T04:00:38,,,,,,,91.6,4.119,0,739
2026-03-13T04:01:43,,,,,,,91.8,4.120,0,740
2026-03-13T04:02:48,,,,,,,92.0,4.120,0,741
2026-03-13T04:03:52,,,,,,,92.1,4.121,0,742
2026-03-13T04:04:57,,,,,,,92.6,4.124,0,743
2026-03-13T04:06:02,,,,,,,92.6,4.126,0,744
2026-03-13T04:07:06,,,,,,,92.6,4.128,0,745
2026-03-13T04:08:11,,,,,,,93.1,4.130,0,746
2026-03-13T04:09:15,,,,,,,93.2,4.131,0,747
2026-03-13T04:10:20,,,,,,,93.4,4.133,0,748
2026-03-13T04:11:25,,,,,,,93.5,4.133,0,749
2026-03-13T04:12:29,,,,,,,93.9,4.136,0,750
2026-03-13T04:13:34,,,,,,,94.2,4.136,0,751
2026-03-13T04:14:39,,,,,,,94.3,4.139,0,752
2026-03-13T04:15:43,,,,,,,94.7,4.140,0,753
2026-03-13T04:16:48,,,,,,,94.8,4.140,0,754
2026-03-13T04:17:52,,,,,,,95.0,4.142,0,755
2026-03-13T04:18:57,,,,,,,95.1,4.145,0,756
2026-03-13T04:20:02,,,,,,,95.3,4.146,0,757
2026-03-13T04:21:06,,,,,,,95.4,4.150,0,758
2026-03-13T04:22:11,,,,,,,95.9,4.149,0,759
2026-03-13T04:23:16,,,,,,,96.2,4.151,0,760
2026-03-13T04:24:20,,,,,,,96.6,4.154,0,761
2026-03-13T04:25:25,,,,,,,96.6,4.156,0,762
2026-03-13T04:26:30,,,,,,,96.7,4.157,0,763
2026-03-13T04:27:34,,,,,,,97.0,4.159,0,764
2026-03-13T04:28:39,,,,,,,97.0,4.161,0,765
2026-03-13T04:29:43,,,,,,,97.2,4.161,0,766
2026-03-13T04:30:48,,,,,,,97.3,4.164,0,767
2026-03-13T04:31:53,,,,,,,97.8,4.166,0,768
2026-03-13T04:32:57,,,,,,,98.1,4.170,0,769
2026-03-13T04:34:02,,,,,,,98.3,4.170,0,770
2026-03-13T04:35:07,,,,,,,98.6,4.171,0,771
2026-03-13T04:36:11,,,,,,,98.6,4.174,0,772
2026-03-13T04:37:16,,,,,,,99.1,4.176,0,773
2026-03-13T04:38:20,,,,,,,99.1,4.176,0,774
2026-03-13T04:39:25,,,,,,,99.4,4.180,0,775
2026-03-13T04:40:30,,,,,,,99.6,4.180,0,776
2026-03-13T04:41:34,,,,,,,99.6,4.182,0,777
2026-03-13T04:42:39,,,,,,,99.9,4.185,0,778
2026-03-13T04:43:44,,,,,,,100.3,4.186,0,779
2026-03-13T04:44:48,,,,,,,100.7,4.186,0,780
2026-03-13T04:45:53,,,,,,,101.1,4.190,0,781
2026-03-13T04:46:57,,,,,,,101.1,4.191,0,782
2026-03-13T04:48:02,,,,,,,101.3,4.194,0,783
2026-03-13T04:49:07,,,,,,,101.5,4.198,0,784
2026-03-13T04:50:11,,,,,,,101.9,4.199,0,785
2026-03-13T04:51:16,,,,,,,102.2,4.201,0,786
2026-03-13T04:52:21,,,,,,,102.4,4.202,0,787
2026-03-13T04:53:25,,,,,,,102.7,4.205,0,788
2026-03-13T04:54:30,,,,,,,103.0,4.206,0,789
2026-03-13T04:55:34,,,,,,,103.0,4.168,0,790
2026-03-13T04:56:39,,,,,,,97.7,4.161,0,791
2026-03-13T04:57:44,,,,,,,97.7,4.159,0,792
2026-03-13T04:58:48,,,,,,,97.2,4.157,0,793
2026-03-13T04:59:53,,,,,,,96.9,4.155,0,794
2026-03-13T05:00:58,,,,,,,96.6,4.155,0,795
2026-03-13T05:02:02,,,,,,,96.7,4.154,0,796
2026-03-13T05:03:07,,,,,,,96.4,4.153,0,797
2026-03-13T05:04:11,,,,,,,96.2,4.153,0,798
2026-03-13T05:05:16,,,,,,,96.1,4.149,0,799
2026-03-13T05:06:21,,,,,,,95.9,4.149,0,800
2026-03-13T05:07:25,,,,,,,95.8,4.148,0,801
2026-03-13T05:08:30,,,,,,,95.8,4.148,0,802
2026-03-13T05:09:34,,,,,,,95.6,4.148,0,803
2026-03-13T05:10:39,,,,,,,95.4,4.145,0,804
2026-03-13T05:11:44,,,,,,,95.4,4.146,0,805
2026-03-13T05:12:48,,,,,,,95.6,4.144,0,806
2026-03-13T05:13:53,,,,,,,95.3,4.144,0,807
2026-03-13T05:14:58,,,,,,,95.1,4.141,0,808
2026-03-13T05:16:02,,,,,,,94.8,4.140,0,809
2026-03-13T05:17:07,,,,,,,94.7,4.139,0,810
2026-03-13T05:18:11,,,,,,,94.7,4.139,0,811
2026-03-13T05:19:16,,,,,,,94.3,4.137,0,812
2026-03-13T05:20:21,,,,,,,94.5,4.137,0,813
2026-03-13T05:20:55,-37.833637,144.964691,-9.6,23.08,13,0.8,94.3,4.136,1,814
2026-03-13T05:21:31,-37.832516,144.966003,13.2,0.11,13,0.8,94.3,4.131,1,815
2026-03-13T05:24:37,-37.828503,144.957169,30.9,44.19,14,0.8,94.2,4.134,1,816
2026-03-13T05:25:12,-37.826767,144.947784,35.4,42.93,17,0.6,94.2,4.135,1,817
2026-03-13T05:25:48,-37.825687,144.939621,17.8,26.91,18,0.6,94.0,4.136,1,818
2026-03-13T05:26:24,-37.826530,144.930893,19.9,47.43,18,0.6,94.0,4.134,1,819
2026-03-13T05:26:59,-37.828629,144.921951,20.0,47.67,16,0.7,94.0,4.135,1,820
2026-03-13T05:27:35,-37.832748,144.914047,26.6,38.80,18,0.6,94.0,4.130,1,821
2026-03-13T05:28:11,-37.833794,144.910477,37.3,5.54,19,0.6,93.5,4.134,1,822
2026-03-13T05:28:48,-37.833866,144.907578,47.8,12.70,19,0.6,94.0,4.135,1,823
2026-03-13T05:29:24,-37.833145,144.904449,58.2,16.79,18,0.6,94.0,4.133,1,824
2026-03-13T05:30:00,-37.832340,144.902756,69.1,3.19,18,0.6,94.2,4.130,1,825
2026-03-13T05:30:34,-37.831390,144.901108,74.8,20.47,18,0.6,93.9,4.134,1,826
2026-03-13T05:31:10,-37.829521,144.897919,71.0,16.22,17,0.6,93.5,4.129,1,827
2026-03-13T05:31:47,-37.827953,144.895264,68.5,14.84,19,0.6,93.9,4.133,1,828
2026-03-13T05:32:23,-37.825836,144.890259,45.6,34.09,17,0.6,93.7,4.131,1,829
2026-03-13T05:32:59,-37.825401,144.884140,29.6,36.72,19,0.6,93.5,4.130,1,830
2026-03-13T05:33:34,-37.825275,144.878265,29.1,12.83,19,0.6,94.0,4.128,1,831
2026-03-13T05:34:09,-37.824837,144.875061,30.0,17.94,18,0.6,93.9,4.133,1,832
2026-03-13T05:34:45,-37.824520,144.869614,40.8,32.46,19,0.6,93.9,4.130,1,833
2026-03-13T05:35:22,-37.824757,144.860474,35.6,46.92,18,0.6,93.5,4.134,1,834
2026-03-13T05:35:58,-37.824905,144.850845,45.0,43.17,18,0.6,93.9,4.129,1,835
2026-03-13T05:36:34,-37.825481,144.840973,39.4,46.16,18,0.6,93.5,4.129,1,836
2026-03-13T05:37:09,-37.825836,144.831726,33.0,50.52,17,0.7,93.4,4.126,1,837
2026-03-13T05:37:44,-37.826221,144.822098,32.4,43.92,18,0.6,93.7,4.133,1,838
2026-03-13T05:38:20,-37.830635,144.814560,36.7,35.75,18,0.6,93.2,4.128,1,839
2026-03-13T05:38:56,-37.833530,144.809479,31.2,16.02,17,0.7,93.4,4.131,1,840
2026-03-13T05:39:32,-37.834846,144.806580,33.2,21.15,18,0.6,93.5,4.129,1,841
2026-03-13T05:40:08,-37.836761,144.802399,31.9,25.46,17,0.7,93.2,4.128,1,842
2026-03-13T05:40:44,-37.838978,144.797592,34.4,25.59,18,0.6,93.4,4.128,1,843
2026-03-13T05:41:19,-37.839691,144.796082,34.6,0.35,17,0.6,93.4,4.129,1,844
2026-03-13T05:44:25,-37.845562,144.783539,31.1,12.21,17,0.6,93.4,4.124,1,845
2026-03-13T05:45:01,-37.846981,144.781601,29.2,14.55,17,0.6,93.1,4.124,1,846
2026-03-13T05:45:37,-37.848660,144.780441,27.6,11.99,17,0.6,93.2,4.120,1,847
2026-03-13T05:46:13,-37.851624,144.779663,23.6,24.61,16,0.7,93.1,4.121,1,848
2026-03-13T05:46:49,-37.854721,144.778900,19.9,22.82,15,0.8,92.9,4.124,1,849
2026-03-13T05:47:24,-37.857101,144.778320,18.0,15.08,17,0.6,92.9,4.125,1,850
2026-03-13T05:48:00,-37.859505,144.777740,16.3,13.29,17,0.6,92.9,4.124,1,851
2026-03-13T05:48:36,-37.862377,144.777069,20.8,31.78,16,0.7,93.2,4.129,1,852
2026-03-13T05:49:12,-37.867970,144.770767,20.7,52.95,15,0.8,92.9,4.124,1,853
2026-03-13T05:49:48,-37.868923,144.760971,19.4,45.81,17,0.6,92.9,4.122,1,854
2026-03-13T05:50:24,-37.870014,144.750702,21.3,53.85,16,0.7,92.9,4.120,1,855
2026-03-13T05:50:59,-37.872761,144.739822,21.6,54.92,16,0.7,93.2,4.124,1,856
2026-03-13T05:51:35,-37.875538,144.728897,19.1,55.16,16,0.7,92.6,4.121,1,857
2026-03-13T05:52:11,-37.878277,144.718033,19.8,53.95,16,0.7,92.9,4.124,1,858
2026-03-13T05:52:47,-37.883598,144.709503,33.1,54.79,16,0.7,92.6,4.120,1,859
2026-03-13T05:53:23,-37.892673,144.709625,28.8,55.11,17,0.7,92.6,4.122,1,860
2026-03-13T05:53:59,-37.900505,144.704224,27.5,55.03,17,0.7,92.8,4.122,1,861
2026-03-13T05:54:34,-37.906361,144.695709,27.5,54.85,17,0.7,92.6,4.122,1,862
2026-03-13T05:55:10,-37.910553,144.685486,30.1,54.93,17,0.7,92.6,4.117,1,863
2026-03-13T05:55:46,-37.914196,144.674835,32.8,55.89,16,0.7,92.6,4.124,1,864
2026-03-13T05:56:22,-37.917831,144.664093,29.5,56.29,16,0.7,92.9,4.121,1,865
2026-03-13T05:56:58,-37.921516,144.653244,30.1,55.97,16,0.7,92.4,4.122,1,866
2026-03-13T05:57:34,-37.925213,144.642380,29.6,56.06,17,0.7,92.4,4.119,1,867
2026-03-13T05:58:09,-37.928837,144.631836,26.3,55.83,16,0.7,92.4,4.124,1,868
2026-03-13T05:58:45,-37.933537,144.621719,25.0,55.11,16,0.7,92.3,4.116,1,869
2026-03-13T05:59:21,-37.938656,144.612335,22.3,53.02,16,0.7,92.3,4.121,1,870
2026-03-13T05:59:57,-37.943642,144.603210,23.8,52.15,15,0.7,92.4,4.121,1,871
2026-03-13T06:00:33,-37.948597,144.594162,23.8,54.01,15,0.7,92.3,4.120,1,872
2026-03-13T06:01:09,-37.953846,144.584579,24.1,56.42,16,0.7,92.3,4.116,1,873
2026-03-13T06:01:44,-37.959015,144.575089,29.6,56.59,17,0.7,92.3,4.121,1,874
2026-03-13T06:02:20,-37.964333,144.565323,29.8,56.00,17,0.7,92.3,4.119,1,875
2026-03-13T06:02:56,-37.969948,144.555862,26.9,56.05,18,0.7,92.3,4.119,1,876
2026-03-13T06:03:32,-37.975212,144.546783,23.8,50.21,18,0.7,92.1,4.113,1,877
2026-03-13T06:04:08,-37.980076,144.537201,24.1,52.26,17,0.7,92.1,4.117,1,878
2026-03-13T06:04:44,-37.984917,144.527832,26.9,55.81,17,0.7,92.1,4.116,1,879
2026-03-13T06:05:19,-37.990032,144.518036,30.5,56.37,16,0.7,92.1,4.119,1,880
2026-03-13T06:05:55,-37.994823,144.508102,27.9,53.31,17,0.7,91.8,4.116,1,881
2026-03-13T06:06:31,-37.999287,144.498444,26.5,53.18,17,0.7,92.0,4.117,1,882
2026-03-13T06:07:07,-38.003872,144.488495,25.7,55.76,17,0.7,92.0,4.120,1,883
2026-03-13T06:07:43,-38.008598,144.478317,24.0,55.88,16,0.7,92.0,4.117,1,884
2026-03-13T06:08:19,-38.013313,144.468048,20.5,55.86,18,0.7,92.0,4.114,1,885
2026-03-13T06:08:54,-38.017857,144.458099,18.9,56.12,16,0.7,91.8,4.117,1,886
2026-03-13T06:09:30,-38.022606,144.447891,19.3,55.98,16,0.7,91.8,4.116,1,887
2026-03-13T06:10:06,-38.027328,144.437714,24.7,56.53,17,0.7,92.0,4.119,1,888
2026-03-13T06:10:42,-38.032063,144.427490,22.9,55.97,17,0.7,92.0,4.115,1,889
2026-03-13T06:11:18,-38.037167,144.417557,22.2,55.96,16,0.7,91.8,4.114,1,890
2026-03-13T06:11:54,-38.043026,144.408417,19.4,55.70,17,0.7,92.0,4.115,1,891
2026-03-13T06:12:29,-38.049599,144.400436,21.2,56.21,17,0.7,91.6,4.117,1,892
2026-03-13T06:13:05,-38.055965,144.391846,26.5,55.40,17,0.7,91.6,4.114,1,893
2026-03-13T06:13:41,-38.058865,144.380554,30.8,55.76,17,0.7,91.6,4.117,1,894
2026-03-13T06:14:17,-38.059994,144.368851,26.5,56.29,16,0.7,91.8,4.116,1,895
2026-03-13T06:14:53,-38.059479,144.357010,30.2,56.25,16,0.7,91.6,4.109,1,896
2026-03-13T06:15:29,-38.059933,144.345581,31.2,52.13,16,0.7,91.6,4.114,1,897
2026-03-13T06:16:04,-38.063282,144.341156,31.1,3.89,16,0.7,91.5,4.109,1,898
2026-03-13T06:16:40,-38.063286,144.341202,29.3,0.33,15,0.7,91.8,4.114,1,899
2026-03-13T06:19:45,-38.063293,144.341187,29.6,0.71,17,0.6,91.5,4.115,1,900
2026-03-13T06:22:50,-38.086750,144.329529,41.3,60.12,18,0.6,91.5,4.115,1,901
2026-03-13T06:23:26,-38.094177,144.322311,70.4,56.01,18,0.6,91.5,4.110,1,902
2026-03-13T06:24:02,-38.103260,144.320251,75.2,55.57,17,0.6,91.2,4.111,1,903
2026-03-13T06:24:38,-38.112549,144.320343,88.1,56.58,17,0.6,91.5,4.111,1,904
2026-03-13T06:25:14,-38.121799,144.318100,77.0,56.49,18,0.6,91.2,4.110,1,905
2026-03-13T06:25:49,-38.130188,144.313934,33.2,51.56,17,0.6,91.3,4.114,1,906
2026-03-13T06:26:25,-38.134682,144.304474,38.7,54.33,18,0.6,91.2,4.108,1,907
2026-03-13T06:27:01,-38.140041,144.295822,54.3,53.71,17,0.6,91.2,4.113,1,908
2026-03-13T06:27:37,-38.148979,144.295242,43.0,53.77,17,0.6,91.2,4.110,1,909
2026-03-13T06:28:13,-38.157845,144.294998,71.6,54.17,16,0.7,90.9,4.109,1,910
2026-03-13T06:28:49,-38.165810,144.292130,118.7,36.77,16,0.7,91.2,4.108,1,911
2026-03-13T06:29:25,-38.173061,144.292709,144.8,52.52,18,0.6,91.0,4.111,1,912
2026-03-13T06:30:00,-38.180485,144.299011,113.6,56.28,18,0.6,91.0,4.108,1,913
2026-03-13T06:30:36,-38.187237,144.307144,75.8,56.18,16,0.7,91.2,4.113,1,914
2026-03-13T06:31:12,-38.195793,144.311234,56.1,56.47,18,0.6,91.0,4.113,1,915
2026-03-13T06:31:48,-38.202793,144.304108,56.3,56.49,17,0.6,90.9,4.109,1,916
2026-03-13T06:32:24,-38.210022,144.296677,83.3,55.74,17,0.6,91.2,4.105,1,917
2026-03-13T06:33:00,-38.216785,144.288925,89.4,55.86,18,0.6,90.9,4.109,1,918
2026-03-13T06:33:35,-38.219467,144.277817,100.4,55.14,15,0.7,90.5,4.108,1,919
2026-03-13T06:34:11,-38.216267,144.266861,118.0,56.11,18,0.6,90.9,4.106,1,920
2026-03-13T06:34:47,-38.212097,144.256378,111.4,56.38,19,0.6,90.7,4.106,1,921
2026-03-13T06:35:23,-38.211834,144.244614,131.3,55.32,18,0.6,90.9,4.106,1,922
2026-03-13T06:35:59,-38.212059,144.232712,144.7,56.73,18,0.6,90.9,4.106,1,923
2026-03-13T06:36:35,-38.212402,144.221237,173.8,56.67,16,0.6,91.0,4.108,1,924
2026-03-13T06:37:10,-38.212494,144.209259,160.1,56.72,17,0.6,90.5,4.109,1,925
2026-03-13T06:37:46,-38.212509,144.197433,155.6,56.31,18,0.6,90.7,4.109,1,926
2026-03-13T06:38:22,-38.212727,144.185577,157.7,56.23,19,0.6,90.5,4.104,1,927
2026-03-13T06:38:58,-38.212955,144.173706,184.0,57.06,19,0.6,90.7,4.105,1,928
2026-03-13T06:39:34,-38.213409,144.161804,160.0,56.51,18,0.6,90.7,4.105,1,929
2026-03-13T06:40:10,-38.213585,144.150314,145.1,55.85,19,0.6,90.7,4.108,1,930
2026-03-13T06:40:45,-38.213829,144.138412,141.4,56.12,20,0.6,90.5,4.105,1,931
2026-03-13T06:41:21,-38.214020,144.125977,144.1,62.20,20,0.6,90.7,4.105,1,932
2026-03-13T06:41:57,-38.213947,144.113235,156.9,53.89,18,0.6,90.7,4.104,1,933
2026-03-13T06:42:33,-38.214127,144.101471,148.0,55.90,18,0.6,90.5,4.105,1,934
2026-03-13T06:43:09,-38.214390,144.089569,140.1,56.17,19,0.6,90.5,4.105,1,935
2026-03-13T06:43:45,-38.216648,144.077606,136.7,57.33,18,0.6,90.4,4.106,1,936
2026-03-13T06:44:20,-38.220570,144.066528,139.8,58.50,18,0.6,90.1,4.106,1,937
2026-03-13T06:44:56,-38.224846,144.054977,120.0,61.46,19,0.6,90.4,4.108,1,938
2026-03-13T06:45:32,-38.228920,144.043121,105.8,59.96,19,0.6,90.1,4.101,1,939
2026-03-13T06:46:08,-38.231850,144.031052,98.7,57.76,19,0.6,90.2,4.100,1,940
2026-03-13T06:46:44,-38.233707,144.019348,113.4,55.80,18,0.6,90.4,4.101,1,941
2026-03-13T06:47:19,-38.235058,144.008362,104.2,47.37,18,0.6,90.2,4.105,1,942
2026-03-13T06:47:55,-38.235752,143.999771,101.1,39.44,17,0.6,90.2,4.099,1,943
2026-03-13T06:48:31,-38.239193,143.993210,105.5,34.90,17,0.6,90.4,4.106,1,944
2026-03-13T06:49:07,-38.243225,143.989639,98.9,0.14,18,0.6,90.1,4.097,1,945
2026-03-13T06:52:12,-38.255478,143.951126,120.4,55.52,19,0.6,89.9,4.102,1,946
2026-03-13T06:52:48,-38.258846,143.940094,119.2,56.51,19,0.6,90.1,4.100,1,947
2026-03-13T06:53:24,-38.260410,143.928391,114.7,56.12,18,0.6,90.4,4.100,1,948
2026-03-13T06:53:59,-38.261967,143.916931,116.7,56.21,19,0.6,89.9,4.101,1,949
2026-03-13T06:54:35,-38.264362,143.905396,124.1,57.77,18,0.6,89.9,4.097,1,950
2026-03-13T06:55:11,-38.269505,143.894592,132.7,62.61,18,0.6,90.1,4.100,1,951
2026-03-13T06:55:47,-38.274460,143.883026,140.7,63.42,18,0.6,89.7,4.101,1,952
2026-03-13T06:56:23,-38.278515,143.870865,145.8,62.01,18,0.6,90.1,4.099,1,953
2026-03-13T06:56:59,-38.281895,143.859436,143.3,56.02,18,0.6,89.9,4.099,1,954
2026-03-13T06:57:34,-38.285744,143.848953,136.5,55.95,18,0.6,89.7,4.101,1,955
2026-03-13T06:58:10,-38.289310,143.837997,124.4,56.25,18,0.6,89.6,4.099,1,956
2026-03-13T06:58:46,-38.293068,143.827438,129.0,56.80,17,0.6,89.7,4.102,1,957
2026-03-13T06:59:22,-38.293850,143.815582,128.6,56.73,18,0.6,89.4,4.096,1,958
2026-03-13T06:59:58,-38.296284,143.804214,128.7,56.03,18,0.6,89.6,4.099,1,959
2026-03-13T07:00:34,-38.298653,143.792709,124.5,56.38,17,0.6,89.4,4.094,1,960
2026-03-13T07:01:09,-38.301132,143.781693,124.2,55.31,17,0.6,89.7,4.099,1,961
2026-03-13T07:01:45,-38.301350,143.769943,119.8,55.54,18,0.6,89.3,4.093,1,962
2026-03-13T07:02:21,-38.302685,143.758408,125.7,56.13,18,0.6,89.6,4.097,1,963
2026-03-13T07:02:57,-38.305515,143.747086,130.2,56.76,18,0.6,89.4,4.096,1,964
2026-03-13T07:03:33,-38.308350,143.735733,126.4,55.91,18,0.6,89.6,4.095,1,965
2026-03-13T07:04:09,-38.311893,143.724792,134.2,56.58,18,0.6,89.3,4.091,1,966
2026-03-13T07:04:44,-38.312012,143.713287,131.6,55.85,18,0.6,89.3,4.097,1,967
2026-03-13T07:05:20,-38.312222,143.701385,142.4,55.89,18,0.6,89.3,4.093,1,968
2026-03-13T07:05:56,-38.312347,143.689346,150.1,57.65,17,0.6,89.6,4.097,1,969
2026-03-13T07:06:32,-38.311848,143.676987,150.4,62.65,17,0.6,89.4,4.095,1,970
2026-03-13T07:07:08,-38.310810,143.663940,148.4,62.37,18,0.6,89.3,4.094,1,971
2026-03-13T07:07:44,-38.314144,143.652222,148.4,59.89,18,0.6,89.3,4.094,1,972
2026-03-13T07:08:19,-38.317913,143.641190,159.1,58.10,18,0.6,89.3,4.095,1,973
2026-03-13T07:08:55,-38.322781,143.630997,168.1,52.32,17,0.6,89.3,4.094,1,974
2026-03-13T07:09:31,-38.326550,143.624313,164.0,48.61,18,0.6,89.3,4.094,1,975
2026-03-13T07:10:07,-38.332977,143.617355,168.5,50.91,16,0.7,89.4,4.095,1,976
2026-03-13T07:10:43,-38.334953,143.610916,146.3,9.45,15,0.7,89.3,4.093,1,977
2026-03-13T07:11:19,-38.335117,143.609985,144.5,14.11,18,0.6,89.1,4.096,1,978
2026-03-13T07:11:54,-38.335937,143.604767,142.2,29.20,17,0.6,89.4,4.097,1,979
2026-03-13T07:12:30,-38.337410,143.599136,137.6,26.29,17,0.6,88.8,4.097,1,980
2026-03-13T07:13:06,-38.338837,143.593811,135.0,27.36,17,0.6,88.8,4.094,1,981
2026-03-13T07:13:42,-38.339527,143.592255,138.6,16.55,17,0.7,89.1,4.094,1,982
2026-03-13T07:14:18,-38.339668,143.588364,150.4,21.19,17,0.6,89.0,4.094,1,983
2026-03-13T07:14:54,-38.339771,143.584961,154.6,5.18,16,0.7,88.8,4.089,1,984
2026-03-13T07:15:29,-38.339451,143.582413,152.5,6.10,18,0.6,88.8,4.094,1,985
2026-03-13T07:16:05,-38.338779,143.578903,147.2,24.74,18,0.6,88.8,4.093,1,986
2026-03-13T07:16:41,-38.337715,143.573395,148.3,27.46,17,0.6,88.8,4.095,1,987
2026-03-13T07:17:17,-38.336651,143.567444,146.6,30.75,17,0.6,88.8,4.096,1,988
2026-03-13T07:17:53,-38.335880,143.560349,136.5,36.40,17,0.6,88.8,4.094,1,989
2026-03-13T07:18:29,-38.335060,143.552902,140.0,29.04,17,0.6,89.0,4.093,1,990
2026-03-13T07:19:04,-38.334629,143.545990,146.5,36.31,16,0.7,89.0,4.094,1,991
2026-03-13T07:19:40,-38.334568,143.537704,153.9,41.40,16,0.7,88.6,4.090,1,992
2026-03-13T07:20:16,-38.335201,143.529434,160.0,36.81,16,0.7,88.8,4.093,1,993
2026-03-13T07:20:52,-38.335884,143.520111,168.1,62.56,16,0.7,88.8,4.091,1,994
2026-03-13T07:21:28,-38.336823,143.508118,167.3,55.77,17,0.6,88.8,4.094,1,995
2026-03-13T07:22:04,-38.338604,143.496460,164.0,56.74,18,0.6,88.8,4.091,1,996
2026-03-13T07:22:39,-38.340477,143.485153,148.6,55.92,18,0.6,88.6,4.093,1,997
2026-03-13T07:23:15,-38.342255,143.473480,144.9,56.24,18,0.6,88.6,4.091,1,998
2026-03-13T07:23:51,-38.344151,143.461853,138.6,55.94,18,0.6,88.6,4.094,1,999
2026-03-13T07:24:27,-38.347004,143.450592,152.5,56.18,17,0.6,88.8,4.090,1,1000
2026-03-13T07:25:03,-38.350704,143.439713,155.0,53.96,18,0.6,88.6,4.090,1,1001
2026-03-13T07:25:39,-38.349487,143.430099,135.1,43.59,17,0.6,88.5,4.090,1,1002
2026-03-13T07:26:14,-38.348946,143.420792,137.7,47.51,16,0.7,88.5,4.089,1,1003
2026-03-13T07:26:50,-38.347340,143.411209,155.2,46.84,16,0.7,88.8,4.088,1,1004
2026-03-13T07:27:26,-38.349442,143.401764,158.0,49.14,18,0.6,88.5,4.089,1,1005
2026-03-13T07:28:02,-38.345886,143.393402,157.4,50.30,18,0.6,88.5,4.088,1,1006
2026-03-13T07:28:38,-38.344021,143.383682,157.8,47.72,18,0.6,88.4,4.089,1,1007
2026-03-13T07:29:14,-38.341228,143.373840,155.9,51.88,17,0.6,88.4,4.088,1,1008
2026-03-13T07:29:49,-38.339943,143.362656,160.3,56.07,17,0.6,88.4,4.090,1,1009
2026-03-13T07:30:25,-38.334747,143.352814,146.0,53.89,19,0.6,88.4,4.088,1,1010
2026-03-13T07:31:01,-38.329132,143.344391,153.2,56.14,18,0.6,88.5,4.088,1,1011
2026-03-13T07:31:37,-38.322189,143.336746,160.1,53.49,19,0.6,88.4,4.090,1,1012
2026-03-13T07:32:13,-38.316982,143.328125,168.0,51.21,19,0.6,88.4,4.088,1,1013
2026-03-13T07:32:49,-38.311123,143.320129,175.1,53.95,19,0.6,88.4,4.084,1,1014
2026-03-13T07:33:24,-38.305622,143.311707,175.6,53.07,18,0.6,88.4,4.089,1,1015
2026-03-13T07:34:00,-38.300392,143.302628,178.9,52.53,19,0.6,88.2,4.086,1,1016
2026-03-13T07:34:36,-38.292744,143.298447,177.1,53.36,19,0.6,88.4,4.089,1,1017
2026-03-13T07:35:12,-38.284275,143.299316,172.4,53.33,17,0.6,88.5,4.088,1,1018
2026-03-13T07:35:48,-38.275673,143.298111,163.1,53.14,19,0.6,88.5,4.085,1,1019
2026-03-13T07:36:24,-38.268967,143.290848,159.8,57.75,19,0.6,88.2,4.085,1,1020
2026-03-13T07:36:59,-38.262867,143.281799,158.1,57.27,19,0.6,88.2,4.089,1,1021
2026-03-13T07:37:36,-38.255283,143.274414,153.7,55.97,19,0.6,87.9,4.084,1,1022
2026-03-13T07:38:12,-38.252884,143.262970,156.0,56.27,19,0.6,88.1,4.089,1,1023
2026-03-13T07:38:48,-38.253384,143.251862,162.7,53.28,18,0.6,88.2,4.085,1,1024
2026-03-13T07:39:24,-38.255314,143.241776,159.0,49.07,19,0.6,87.9,4.081,1,1025
2026-03-13T07:39:59,-38.257343,143.230896,153.4,55.79,18,0.6,88.1,4.084,1,1026
2026-03-13T07:40:35,-38.257397,143.219193,160.3,56.47,19,0.6,87.9,4.082,1,1027
2026-03-13T07:41:11,-38.256168,143.208145,160.7,51.04,19,0.6,88.2,4.089,1,1028
2026-03-13T07:41:47,-38.254890,143.196609,164.8,60.22,20,0.6,88.1,4.082,1,1029
2026-03-13T07:42:23,-38.253597,143.184464,175.0,57.05,20,0.6,87.6,4.081,1,1030
2026-03-13T07:42:59,-38.249454,143.174118,172.5,55.51,19,0.6,87.5,4.082,1,1031
2026-03-13T07:43:34,-38.243893,143.165070,204.4,56.63,19,0.6,87.9,4.086,1,1032
2026-03-13T07:44:10,-38.239017,143.157242,203.2,36.41,19,0.6,87.5,4.082,1,1033
2026-03-13T07:44:46,-38.235458,143.151443,179.1,33.09,18,0.6,87.9,4.082,1,1034
2026-03-13T07:45:22,-38.232536,143.146698,178.1,28.34,18,0.6,87.6,4.081,1,1035
2026-03-13T07:45:58,-38.229198,143.141388,172.8,33.70,19,0.6,87.8,4.084,1,1036
2026-03-13T07:46:34,-38.225525,143.135468,173.1,41.31,18,0.6,87.8,4.081,1,1037
2026-03-13T07:47:09,-38.220676,143.127625,179.8,55.54,19,0.6,87.5,4.081,1,1038
2026-03-13T07:47:45,-38.214870,143.118332,183.6,56.46,18,0.6,87.6,4.080,1,1039
2026-03-13T07:48:21,-38.209301,143.109253,178.2,47.84,18,0.6,87.5,4.081,1,1040
2026-03-13T07:48:57,-38.210651,143.099182,181.1,55.89,18,0.6,87.8,4.080,1,1041
2026-03-13T07:49:33,-38.213589,143.087921,182.6,56.31,19,0.6,87.8,4.084,1,1042
2026-03-13T07:50:09,-38.216530,143.076614,171.0,56.33,18,0.6,87.6,4.079,1,1043
2026-03-13T07:50:44,-38.219364,143.065689,163.9,56.04,19,0.6,87.4,4.081,1,1044
2026-03-13T07:51:21,-38.220043,143.054092,165.1,56.49,19,0.6,87.1,4.079,1,1045
2026-03-13T07:51:56,-38.218655,143.042236,164.8,63.86,18,0.6,87.4,4.081,1,1046
2026-03-13T07:52:32,-38.217247,143.029861,159.8,56.42,18,0.6,87.4,4.077,1,1047
2026-03-13T07:53:08,-38.215397,143.018219,161.1,55.31,18,0.6,87.5,4.079,1,1048
2026-03-13T07:53:44,-38.214371,143.006470,157.7,56.04,17,0.6,87.4,4.077,1,1049
2026-03-13T07:54:19,-38.214115,142.994949,155.9,56.08,18,0.6,87.4,4.080,1,1050
2026-03-13T07:54:56,-38.217140,142.984268,127.3,55.67,19,0.6,87.1,4.079,1,1051
2026-03-13T07:55:31,-38.220913,142.973663,149.1,56.13,18,0.6,87.6,4.082,1,1052
2026-03-13T07:56:07,-38.223579,142.966064,147.0,29.51,19,0.6,87.4,4.079,1,1053
2026-03-13T07:56:43,-38.225170,142.961441,146.4,22.88,19,0.6,87.2,4.080,1,1054
2026-03-13T07:57:19,-38.226692,142.957062,146.8,23.72,18,0.6,87.1,4.075,1,1055
2026-03-13T07:57:54,-38.228149,142.952942,148.2,22.19,19,0.6,86.9,4.081,1,1056
2026-03-13T07:58:30,-38.229893,142.947937,143.6,22.89,18,0.6,87.2,4.075,1,1057
2026-03-13T07:59:06,-38.232845,142.940308,147.8,48.62,18,0.6,87.2,4.077,1,1058
2026-03-13T07:59:42,-38.236599,142.930939,146.9,43.51,17,0.7,87.4,4.074,1,1059
2026-03-13T08:00:18,-38.239178,142.924423,146.0,29.92,16,0.7,87.1,4.077,1,1060
2026-03-13T08:00:54,-38.241318,142.919037,149.2,25.03,17,0.7,87.2,4.071,1,1061
2026-03-13T08:01:29,-38.240990,142.913757,153.3,29.32,16,0.7,87.1,4.077,1,1062
2026-03-13T08:02:05,-38.242691,142.907883,160.9,36.34,16,0.7,86.9,4.071,1,1063
2026-03-13T08:02:41,-38.247231,142.901855,150.6,43.04,15,0.7,86.8,4.077,1,1064
2026-03-13T08:03:17,-38.254093,142.893600,145.6,60.58,15,0.7,87.1,4.076,1,1065
2026-03-13T08:03:53,-38.260578,142.884888,139.0,56.32,17,0.7,87.1,4.075,1,1066
2026-03-13T08:04:29,-38.262440,142.873276,130.6,56.35,16,0.7,86.9,4.073,1,1067
2026-03-13T08:05:04,-38.269516,142.866440,123.9,56.11,16,0.7,86.8,4.076,1,1068
2026-03-13T08:05:41,-38.277351,142.859970,123.6,55.88,16,0.7,86.6,4.076,1,1069
2026-03-13T08:06:16,-38.285957,142.855453,122.8,56.48,16,0.7,86.8,4.076,1,1070
2026-03-13T08:06:52,-38.293179,142.849045,113.5,55.85,17,0.7,86.6,4.069,1,1071
2026-03-13T08:07:28,-38.295086,142.837677,111.3,55.60,17,0.7,86.6,4.073,1,1072
2026-03-13T08:08:04,-38.296997,142.826096,111.5,56.04,17,0.7,86.6,4.074,1,1073
2026-03-13T08:08:39,-38.298344,142.814972,107.5,46.56,17,0.7,86.9,4.074,1,1074
2026-03-13T08:09:15,-38.297749,142.806137,98.1,42.77,17,0.7,86.6,4.070,1,1075
2026-03-13T08:09:52,-38.301052,142.797958,114.1,50.26,16,0.8,86.8,4.075,1,1076
2026-03-13T08:10:28,-38.304600,142.787994,117.8,56.27,17,0.7,86.6,4.074,1,1077
2026-03-13T08:11:03,-38.308456,142.778336,113.6,49.78,17,0.7,86.5,4.074,1,1078
2026-03-13T08:11:39,-38.311375,142.767258,117.3,59.03,17,0.7,86.3,4.070,1,1079
2026-03-13T08:12:14,-38.313606,142.755890,115.5,56.32,17,0.7,86.2,4.073,1,1080
2026-03-13T08:12:51,-38.317165,142.744965,119.9,55.17,17,0.7,86.6,4.075,1,1081
2026-03-13T08:13:27,-38.323071,142.736023,103.5,55.37,16,0.7,86.9,4.071,1,1082
2026-03-13T08:14:03,-38.329910,142.731552,80.0,39.57,17,0.7,86.8,4.069,1,1083
2026-03-13T08:14:39,-38.335686,142.729202,71.9,34.24,17,0.7,86.8,4.071,1,1084
2026-03-13T08:15:15,-38.337795,142.723907,80.1,26.72,16,0.8,86.8,4.070,1,1085
2026-03-13T08:15:49,-38.338001,142.715988,80.4,52.63,17,0.7,86.5,4.073,1,1086
2026-03-13T08:16:26,-38.337555,142.705414,83.6,50.67,17,0.7,86.5,4.068,1,1087
2026-03-13T08:17:01,-38.342838,142.696625,82.5,54.84,18,0.6,86.5,4.073,1,1088
2026-03-13T08:17:38,-38.343437,142.684418,77.5,60.52,18,0.6,86.5,4.073,1,1089
2026-03-13T08:18:14,-38.345028,142.671829,64.2,61.64,19,0.6,86.3,4.068,1,1090
2026-03-13T08:18:50,-38.351330,142.662094,34.3,58.70,17,0.7,86.6,4.070,1,1091
2026-03-13T08:19:24,-38.354328,142.651230,38.1,56.14,18,0.6,86.1,4.068,1,1092
2026-03-13T08:20:02,-38.361847,142.643768,51.6,56.55,15,0.8,86.3,4.074,1,1093
2026-03-13T08:20:37,-38.368828,142.636017,38.3,56.33,18,0.6,86.1,4.069,1,1094
2026-03-13T08:21:13,-38.375416,142.627914,34.2,56.11,19,0.6,86.1,4.064,1,1095
2026-03-13T08:21:50,-38.383633,142.623062,31.4,56.05,19,0.6,85.9,4.066,1,1096
2026-03-13T08:22:24,-38.384205,142.611725,33.9,56.83,19,0.6,86.2,4.069,1,1097
2026-03-13T08:23:00,-38.383732,142.599854,24.9,56.06,18,0.6,86.2,4.069,1,1098
2026-03-13T08:23:37,-38.384464,142.588928,25.0,45.85,18,0.7,86.1,4.071,1,1099
2026-03-13T08:24:12,-38.386841,142.578369,18.5,58.17,19,0.6,86.1,4.069,1,1100
2026-03-13T08:24:49,-38.388401,142.566513,37.3,60.98,19,0.6,86.1,4.070,1,1101
2026-03-13T08:25:25,-38.387035,142.554153,29.7,56.18,18,0.7,86.1,4.066,1,1102
2026-03-13T08:25:59,-38.385899,142.542679,38.6,56.68,19,0.6,86.1,4.068,1,1103
2026-03-13T08:26:35,-38.384857,142.533752,42.8,27.99,19,0.6,85.8,4.069,1,1104
2026-03-13T08:27:11,-38.384182,142.526596,42.0,40.39,18,0.7,86.2,4.069,1,1105
2026-03-13T08:27:47,-38.383461,142.519440,35.2,3.22,17,0.7,86.2,4.069,1,1106
2026-03-13T08:28:23,-38.383728,142.514984,28.8,39.52,19,0.6,86.1,4.068,1,1107
2026-03-13T08:28:59,-38.385742,142.507538,30.0,35.25,18,0.6,85.9,4.068,1,1108
2026-03-13T08:29:34,-38.386574,142.500793,37.8,32.49,18,0.6,85.6,4.068,1,1109
2026-03-13T08:30:10,-38.384968,142.494904,25.8,30.07,17,0.7,85.8,4.064,1,1110
2026-03-13T08:30:47,-38.382637,142.489670,20.0,26.27,17,0.7,85.6,4.068,1,1111
2026-03-13T08:31:23,-38.382603,142.486710,23.5,23.91,20,0.6,85.6,4.062,1,1112
2026-03-13T08:31:58,-38.381275,142.483658,31.8,6.02,19,0.6,85.9,4.068,1,1113
2026-03-13T08:32:34,-38.381294,142.483643,30.9,0.04,17,0.7,85.9,4.065,1,1114
2026-03-13T08:35:39,-38.379761,142.484238,26.2,24.00,20,0.6,85.5,4.062,1,1115
2026-03-13T08:36:15,-38.380333,142.489426,44.0,24.75,18,0.6,85.3,4.062,1,1116
2026-03-13T08:36:52,-38.376953,142.495468,40.5,35.30,20,0.6,85.5,4.065,1,1117
2026-03-13T08:37:27,-38.374931,142.501221,23.4,25.06,20,0.6,85.5,4.061,1,1118
2026-03-13T08:38:03,-38.375057,142.506775,22.6,38.41,20,0.6,85.8,4.064,1,1119
2026-03-13T08:38:39,-38.375828,142.514526,35.7,29.28,19,0.6,85.8,4.061,1,1120
2026-03-13T08:39:14,-38.372669,142.516220,42.3,29.67,20,0.6,85.8,4.062,1,1121
2026-03-13T08:39:50,-38.371487,142.514694,43.7,5.72,17,0.7,85.5,4.065,1,1122
2026-03-13T08:40:27,-38.371727,142.514603,45.7,0.02,19,0.6,85.3,4.062,1,1123
2026-03-13T08:43:31,-38.371712,142.514587,45.9,0.01,19,0.6,85.2,4.061,1,1124
2026-03-13T08:46:37,-38.371712,142.514603,46.4,0.01,20,0.6,85.1,4.059,1,1125
2026-03-13T08:49:42,-38.371704,142.514603,46.7,0.01,20,0.6,85.3,4.060,1,1126
2026-03-13T08:52:47,-38.371693,142.514603,47.0,0.18,21,0.6,84.9,4.055,1,1127
2026-03-13T08:55:52,-38.371704,142.514618,49.7,0.07,20,0.6,85.1,4.059,1,1128
2026-03-13T08:58:58,-38.371712,142.514603,53.2,0.03,19,0.6,84.6,4.057,1,1129
2026-03-13T09:02:03,-38.371704,142.514618,51.9,0.01,19,0.6,84.9,4.057,1,1130
2026-03-13T09:05:08,-38.371712,142.514603,52.7,0.07,18,0.6,84.8,4.055,1,1131
2026-03-13T09:08:13,-38.371716,142.514618,53.2,0.05,20,0.6,84.6,4.054,1,1132
2026-03-13T09:11:19,-38.371716,142.514618,53.6,0.01,18,0.6,84.6,4.051,1,1133
2026-03-13T09:14:24,-38.371716,142.514618,53.8,0.01,20,0.6,84.3,4.056,1,1134
2026-03-13T09:17:30,-38.371723,142.514618,53.6,0.01,17,0.7,84.6,4.055,1,1135
2026-03-13T09:20:34,-38.371723,142.514618,53.3,0.01,16,0.7,83.7,4.052,1,1136
2026-03-13T09:23:40,-38.371735,142.514618,53.2,0.00,17,0.7,84.0,4.049,1,1137
2026-03-13T09:26:45,-38.371738,142.514618,53.3,0.02,17,0.7,83.8,4.046,1,1138
2026-03-13T09:29:50,-38.371742,142.514603,53.4,0.01,18,0.7,83.7,4.052,1,1139
2026-03-13T09:32:55,-38.371742,142.514587,53.8,0.01,19,0.7,83.5,4.048,1,1140
2026-03-13T09:36:00,-38.371738,142.514603,53.7,0.00,19,0.7,83.7,4.049,1,1141
2026-03-13T09:39:05,-38.371738,142.514618,53.5,0.01,19,0.7,83.4,4.044,1,1142
2026-03-13T09:42:10,-38.371742,142.514618,53.0,0.01,18,0.7,83.5,4.046,1,1143
2026-03-13T09:45:15,-38.371742,142.514618,52.9,0.01,18,0.7,83.4,4.046,1,1144
2026-03-13T09:48:20,-38.371742,142.514618,52.8,0.01,19,0.7,83.4,4.045,1,1145
2026-03-13T09:51:25,-38.371742,142.514618,53.2,0.18,20,0.6,82.7,4.044,1,1146
2026-03-13T09:54:30,-38.371731,142.514618,56.1,0.10,20,0.6,82.7,4.043,1,1147
2026-03-13T09:57:36,-38.371738,142.514618,58.2,0.03,19,0.7,82.7,4.040,1,1148
2026-03-13T10:00:41,-38.371738,142.514618,60.8,0.02,20,0.6,82.7,4.043,1,1149
2026-03-13T10:03:46,-38.371746,142.514618,60.7,0.03,20,0.6,82.5,4.040,1,1150
2026-03-13T10:06:51,-38.371754,142.514618,63.1,0.01,19,0.7,82.5,4.039,1,1151
2026-03-13T10:09:57,-38.371761,142.514618,65.2,0.01,20,0.6,81.9,4.035,1,1152
2026-03-13T10:13:02,-38.371765,142.514618,63.7,0.01,18,0.9,82.5,4.036,1,1153
2026-03-13T10:16:07,-38.371769,142.514618,61.4,0.00,17,0.8,81.9,4.034,1,1154
2026-03-13T10:19:12,-38.371761,142.514633,60.3,0.00,18,0.7,82.2,4.039,1,1155
2026-03-13T10:22:17,-38.371758,142.514633,59.6,0.01,17,0.9,81.7,4.036,1,1156
2026-03-13T10:25:22,-38.371758,142.514633,59.1,0.01,17,0.9,81.7,4.032,1,1157
2026-03-13T10:28:28,-38.371758,142.514618,58.4,0.00,18,0.7,81.4,4.031,1,1158
2026-03-13T10:31:33,-38.371758,142.514618,57.8,0.01,17,0.9,82.1,4.035,1,1159
2026-03-13T10:34:39,-38.371761,142.514618,57.3,0.01,17,0.7,81.4,4.034,1,1160
2026-03-13T10:37:44,-38.371761,142.514618,57.2,0.01,15,0.9,81.4,4.029,1,1161
2026-03-13T10:40:49,-38.371761,142.514618,57.0,0.01,18,0.6,81.4,4.031,1,1162
2026-03-13T10:43:53,-38.371761,142.514618,56.8,0.02,17,0.7,81.2,4.028,1,1163
2026-03-13T10:46:58,-38.371761,142.514618,56.4,0.01,17,0.7,80.9,4.024,1,1164
2026-03-13T10:50:04,-38.371761,142.514618,60.3,0.27,18,0.7,80.9,4.024,1,1165
2026-03-13T10:53:09,-38.371761,142.514618,61.9,0.04,18,0.7,80.9,4.025,1,1166
2026-03-13T10:56:15,-38.371758,142.514618,60.9,0.11,18,0.7,80.4,4.026,1,1167
2026-03-13T10:59:20,-38.371765,142.514618,62.2,0.17,18,0.7,80.7,4.024,1,1168
2026-03-13T11:02:25,-38.371758,142.514618,58.7,0.01,18,0.6,80.3,4.026,1,1169
2026-03-13T11:05:30,-38.371761,142.514618,59.3,0.01,17,0.7,80.4,4.021,1,1170
2026-03-13T11:08:34,-38.371761,142.514618,58.9,0.01,18,0.6,80.4,4.020,1,1171
2026-03-13T11:11:40,-38.371758,142.514618,58.7,0.02,18,0.6,80.1,4.024,1,1172
2026-03-13T11:14:44,-38.371754,142.514618,58.3,0.00,19,0.6,79.9,4.017,1,1173
2026-03-13T11:17:49,-38.371750,142.514618,57.4,0.01,17,0.7,79.6,4.021,1,1174
2026-03-13T11:20:54,-38.371742,142.514633,56.9,0.01,17,0.6,79.9,4.019,1,1175
2026-03-13T11:23:59,-38.371742,142.514633,56.5,0.01,19,0.6,80.1,4.021,1,1176
2026-03-13T11:27:06,-38.371750,142.514648,57.4,0.01,18,0.6,79.6,4.019,1,1177
2026-03-13T11:30:10,-38.371750,142.514664,57.3,0.00,17,0.6,79.4,4.016,1,1178
2026-03-13T11:33:15,-38.371758,142.514664,56.9,0.01,17,0.6,79.3,4.012,1,1179
2026-03-13T11:36:20,-38.371761,142.514648,56.9,0.00,19,0.6,79.6,4.014,1,1180
2026-03-13T11:39:25,-38.371761,142.514633,56.9,0.00,19,0.6,79.3,4.009,1,1181
2026-03-13T11:42:30,-38.371761,142.514633,56.8,0.01,19,0.6,79.1,4.014,1,1182
2026-03-13T11:45:35,-38.371765,142.514633,56.2,0.08,20,0.6,78.6,4.009,1,1183
2026-03-13T11:48:40,-38.371765,142.514618,54.1,0.02,18,0.6,79.1,4.011,1,1184
2026-03-13T11:51:45,-38.371758,142.514618,53.7,0.07,17,0.6,78.8,4.005,1,1185
2026-03-13T11:54:50,-38.371746,142.514618,53.8,0.08,16,0.7,79.0,4.006,1,1186
2026-03-13T11:57:55,-38.371735,142.514603,54.3,0.06,17,0.6,78.6,4.003,1,1187
2026-03-13T12:01:00,-38.371731,142.514603,55.9,0.01,16,0.6,78.3,4.008,1,1188
2026-03-13T12:04:05,-38.371742,142.514618,55.6,0.04,17,0.6,78.0,4.005,1,1189
2026-03-13T12:07:10,-38.371758,142.514618,55.3,0.01,17,0.6,78.1,4.005,1,1190
2026-03-13T12:10:15,-38.371773,142.514618,55.3,0.03,16,0.6,77.8,4.004,1,1191
2026-03-13T12:13:20,-38.371777,142.514618,55.5,0.01,16,0.7,77.8,4.003,1,1192
2026-03-13T12:16:25,-38.371784,142.514618,55.8,0.01,15,0.7,77.5,4.003,1,1193
2026-03-13T12:19:30,-38.371792,142.514618,56.6,0.19,16,0.6,78.0,4.006,1,1194
2026-03-13T12:22:35,-38.371803,142.514618,60.4,0.03,17,0.6,77.8,4.006,1,1195
2026-03-13T12:25:40,-38.371803,142.514618,59.7,0.02,16,0.7,77.3,4.004,1,1196
2026-03-13T12:28:45,-38.371803,142.514618,60.1,0.01,17,0.6,77.5,3.997,1,1197
2026-03-13T12:31:50,-38.371799,142.514618,59.7,0.01,15,0.7,77.3,3.997,1,1198
2026-03-13T12:34:55,-38.371792,142.514618,59.3,0.01,14,0.8,77.2,4.003,1,1199
2026-03-13T12:38:00,-38.371792,142.514618,59.0,0.01,13,0.7,77.2,3.996,1,1200
2026-03-13T12:41:05,-38.371803,142.514618,58.7,0.07,14,0.7,77.0,4.000,1,1201
2026-03-13T12:44:10,-38.371803,142.514618,58.5,0.12,14,0.8,76.8,3.993,1,1202
2026-03-13T12:47:15,-38.371788,142.514603,58.1,0.11,14,0.8,76.8,3.995,1,1203
2026-03-13T12:50:21,-38.371777,142.514603,59.3,0.10,12,0.9,76.7,3.991,1,1204
2026-03-13T12:53:26,-38.371769,142.514618,58.8,0.07,13,0.9,76.7,3.994,1,1205
2026-03-13T12:56:31,-38.371765,142.514618,59.6,0.00,12,1.0,76.5,3.990,1,1206
2026-03-13T12:59:36,-38.371765,142.514618,59.0,0.00,11,1.0,76.3,3.989,1,1207
2026-03-13T13:02:41,-38.371769,142.514618,58.6,0.01,10,1.1,76.3,3.993,1,1208
2026-03-13T13:05:46,-38.371765,142.514618,59.5,0.02,12,0.8,76.5,3.989,1,1209
2026-03-13T13:08:51,-38.371761,142.514618,59.1,0.02,12,0.9,76.2,3.995,1,1210
2026-03-13T13:11:56,-38.371761,142.514618,58.3,0.01,12,0.9,76.2,3.986,1,1211
2026-03-13T13:15:01,-38.371761,142.514618,58.1,0.01,11,1.0,76.3,3.986,1,1212
2026-03-13T13:18:06,-38.371765,142.514618,58.1,0.01,12,0.9,76.0,3.987,1,1213
2026-03-13T13:21:11,-38.371761,142.514618,57.9,0.01,12,0.9,75.9,3.984,1,1214
2026-03-13T13:24:17,-38.371761,142.514618,57.8,0.01,12,0.9,75.7,3.985,1,1215
2026-03-13T13:27:21,-38.371761,142.514618,57.5,0.01,11,0.9,75.2,3.989,1,1216
2026-03-13T13:30:27,-38.371761,142.514618,57.5,0.01,12,0.9,75.4,3.991,1,1217
2026-03-13T13:33:32,-38.371761,142.514618,57.4,0.02,13,0.8,75.7,3.985,1,1218
2026-03-13T13:36:37,-38.371761,142.514618,57.8,0.05,12,0.9,75.2,3.981,1,1219
2026-03-13T13:39:43,-38.371761,142.514618,57.0,0.04,12,0.8,75.0,3.983,1,1220
2026-03-13T13:42:47,-38.371765,142.514648,51.3,0.08,10,1.1,75.2,3.983,1,1221
2026-03-13T13:45:52,-38.371761,142.514648,49.6,0.02,11,0.9,75.2,3.981,1,1222
2026-03-13T13:48:57,-38.371761,142.514664,47.7,0.03,11,0.9,75.2,3.983,1,1223
2026-03-13T13:52:02,-38.371761,142.514664,47.9,0.01,11,0.9,74.7,3.984,1,1224
2026-03-13T13:55:08,-38.371761,142.514664,48.0,0.01,11,0.9,75.0,3.979,1,1225
2026-03-13T13:58:13,-38.371761,142.514664,48.1,0.02,12,0.8,74.9,3.981,1,1226
2026-03-13T14:01:18,-38.371765,142.514648,48.5,0.00,12,0.8,74.4,3.980,1,1227
2026-03-13T14:04:24,-38.371761,142.514648,48.5,0.01,12,0.8,74.5,3.975,1,1228
2026-03-13T14:07:30,-38.371758,142.514648,48.6,0.02,13,0.8,74.4,3.980,1,1229
2026-03-13T14:10:34,-38.371758,142.514648,48.7,0.01,12,0.9,74.4,3.980,1,1230
2026-03-13T14:13:39,-38.371754,142.514648,48.7,0.01,12,0.8,74.4,3.971,1,1231
2026-03-13T14:16:44,-38.371750,142.514648,48.8,0.02,14,0.7,74.2,3.980,1,1232
2026-03-13T14:19:50,-38.371738,142.514648,49.2,0.01,12,0.8,74.1,3.975,1,1233
2026-03-13T14:22:55,-38.371731,142.514648,49.3,0.02,14,0.7,73.9,3.973,1,1234
2026-03-13T14:26:00,-38.371727,142.514648,49.5,0.06,15,0.7,74.1,3.975,1,1235
2026-03-13T14:29:05,-38.371731,142.514618,50.5,0.05,14,0.7,73.9,3.967,1,1236
2026-03-13T14:32:10,-38.371727,142.514633,51.6,0.02,13,0.8,73.7,3.971,1,1237
2026-03-13T14:35:15,-38.371723,142.514633,52.7,0.07,13,0.7,73.4,3.970,1,1238
2026-03-13T14:38:20,-38.371735,142.514633,53.4,0.01,14,0.7,73.7,3.970,1,1239
2026-03-13T14:41:25,-38.371738,142.514633,53.9,0.01,13,0.7,73.2,3.969,1,1240
2026-03-13T14:44:30,-38.371742,142.514648,54.4,0.01,12,0.8,73.1,3.967,1,1241
2026-03-13T14:47:35,-38.371742,142.514633,54.6,0.01,12,0.8,73.1,3.970,1,1242
2026-03-13T14:50:40,-38.371742,142.514633,55.0,0.01,13,0.8,72.9,3.970,1,1243
2026-03-13T14:53:45,-38.371738,142.514633,55.0,0.02,13,0.8,73.1,3.969,1,1244
2026-03-13T14:56:50,-38.371731,142.514618,54.9,0.01,13,0.8,72.9,3.963,1,1245
2026-03-13T14:59:55,-38.371727,142.514618,54.6,0.00,13,0.8,72.6,3.965,1,1246
2026-03-13T15:03:01,-38.371723,142.514618,54.6,0.01,13,0.8,73.1,3.964,1,1247
2026-03-13T15:06:06,-38.371716,142.514618,54.4,0.00,14,0.7,72.6,3.961,1,1248
2026-03-13T15:09:11,-38.371708,142.514618,54.4,0.00,14,0.7,72.7,3.965,1,1249
2026-03-13T15:12:16,-38.371708,142.514618,54.3,0.01,14,0.7,72.4,3.964,1,1250
2026-03-13T15:15:21,-38.371708,142.514618,53.6,0.01,14,0.7,72.4,3.964,1,1251
2026-03-13T15:18:27,-38.371716,142.514618,53.1,0.01,14,0.7,71.9,3.955,1,1252
2026-03-13T15:21:32,-38.371723,142.514618,54.3,0.02,13,0.9,72.7,3.961,1,1253
2026-03-13T15:24:37,-38.371731,142.514633,57.8,0.01,14,0.7,71.9,3.956,1,1254
2026-03-13T15:27:42,-38.371738,142.514648,56.0,0.00,15,0.7,71.8,3.960,1,1255
2026-03-13T15:30:47,-38.371742,142.514648,54.7,0.06,16,0.6,71.9,3.957,1,1256
2026-03-13T15:33:52,-38.371738,142.514648,57.9,0.01,15,0.7,71.6,3.955,1,1257
2026-03-13T15:36:57,-38.371738,142.514648,57.4,0.01,13,1.0,71.4,3.959,1,1258
2026-03-13T15:40:02,-38.371738,142.514633,57.4,0.01,12,0.9,71.8,3.951,1,1259
2026-03-13T15:43:07,-38.371742,142.514633,57.2,0.00,14,0.8,71.1,3.955,1,1260
2026-03-13T15:46:12,-38.371742,142.514648,56.9,0.01,13,0.8,71.4,3.956,1,1261
2026-03-13T15:49:17,-38.371742,142.514648,56.9,0.01,16,0.7,71.3,3.954,1,1262
2026-03-13T15:52:22,-38.371754,142.514633,56.3,0.01,16,0.7,70.9,3.949,1,1263
2026-03-13T15:55:27,-38.371754,142.514618,55.8,0.01,16,0.7,71.4,3.953,1,1264
2026-03-13T15:58:32,-38.371742,142.514618,55.5,0.01,16,0.7,70.9,3.953,1,1265
2026-03-13T16:01:37,-38.371742,142.514618,54.7,0.01,17,0.7,70.9,3.949,1,1266
2026-03-13T16:04:42,-38.371746,142.514618,54.1,0.00,16,0.7,70.6,3.953,1,1267
2026-03-13T16:07:47,-38.371750,142.514618,53.6,0.01,17,0.6,70.9,3.950,1,1268
2026-03-13T16:10:52,-38.371754,142.514618,53.0,0.01,16,0.8,70.8,3.950,1,1269
2026-03-13T16:13:57,-38.371742,142.514633,52.3,0.20,16,0.8,70.4,3.950,1,1270
2026-03-13T16:17:02,-38.371731,142.514633,51.7,0.00,17,0.8,70.3,3.947,1,1271
2026-03-13T16:20:07,-38.371738,142.514633,50.7,0.00,16,0.8,70.4,3.949,1,1272
2026-03-13T16:23:13,-38.371735,142.514648,50.1,0.00,16,0.8,70.1,3.947,1,1273
2026-03-13T16:26:18,-38.371731,142.514633,51.7,0.00,17,0.8,69.8,3.947,1,1274
2026-03-13T16:29:22,-38.371738,142.514633,50.7,0.00,16,0.8,70.0,3.944,1,1275
2026-03-13T16:32:29,-38.371742,142.514633,49.9,0.01,18,0.8,69.8,3.945,1,1276
2026-03-13T16:35:34,-38.371742,142.514633,49.9,0.01,18,0.7,70.0,3.946,1,1277
2026-03-13T16:38:39,-38.371742,142.514618,49.9,0.01,19,0.6,69.8,3.940,1,1278
2026-03-13T16:41:44,-38.371750,142.514618,49.6,0.01,17,0.7,69.5,3.939,1,1279
2026-03-13T16:44:49,-38.371754,142.514618,49.5,0.01,18,0.6,69.6,3.944,1,1280
2026-03-13T16:47:53,-38.371742,142.514618,47.3,0.01,19,0.6,69.5,3.944,1,1281
2026-03-13T16:50:58,-38.371735,142.514618,47.3,0.01,19,0.6,69.5,3.940,1,1282
2026-03-13T16:54:03,-38.371742,142.514618,46.7,0.04,17,0.7,69.3,3.943,1,1283
2026-03-13T16:57:09,-38.371746,142.514618,45.6,0.01,17,0.7,69.3,3.938,1,1284
2026-03-13T17:00:14,-38.371742,142.514618,45.8,0.01,19,0.6,69.5,3.938,1,1285
2026-03-13T17:03:19,-38.371742,142.514618,45.8,0.25,18,0.6,69.0,3.941,1,1286
2026-03-13T17:06:24,-38.371746,142.514618,46.2,0.12,19,0.6,68.8,3.940,1,1287
2026-03-13T17:09:29,-38.371754,142.514618,46.0,0.00,18,0.6,68.8,3.935,1,1288
2026-03-13T17:12:34,-38.371750,142.514618,46.8,0.03,19,0.6,68.8,3.936,1,1289
2026-03-13T17:15:39,-38.371750,142.514618,47.4,0.02,20,0.6,68.8,3.929,1,1290
2026-03-13T17:18:45,-38.371761,142.514618,46.7,0.03,20,0.6,68.6,3.936,1,1291
2026-03-13T17:21:50,-38.371754,142.514618,47.2,0.01,20,0.6,68.6,3.930,1,1292
2026-03-13T17:24:55,-38.371758,142.514618,47.6,0.01,18,0.6,68.3,3.931,1,1293
2026-03-13T17:28:00,-38.371761,142.514633,48.2,0.01,16,0.7,68.2,3.929,1,1294
2026-03-13T17:31:05,-38.371761,142.514633,48.5,0.01,14,0.8,68.0,3.930,1,1295
2026-03-13T17:34:10,-38.371758,142.514618,49.1,0.02,15,0.8,67.9,3.929,1,1296
2026-03-13T17:37:15,-38.371761,142.514633,49.6,0.02,16,0.7,68.0,3.931,1,1297
2026-03-13T17:40:20,-38.371754,142.514633,50.2,0.01,18,0.6,68.2,3.930,1,1298
2026-03-13T17:43:25,-38.371758,142.514648,50.8,0.00,21,0.6,67.9,3.928,1,1299
2026-03-13T17:46:30,-38.371754,142.514633,51.1,0.01,20,0.6,67.7,3.930,1,1300
2026-03-13T17:49:35,-38.371742,142.514633,51.5,0.01,19,0.6,67.3,3.928,1,1301
2026-03-13T17:52:40,-38.371750,142.514633,51.8,0.02,21,0.6,67.7,3.929,1,1302
2026-03-13T17:55:45,-38.371758,142.514633,51.9,0.00,20,0.6,67.7,3.926,1,1303
2026-03-13T17:58:50,-38.371761,142.514618,51.8,0.01,19,0.6,67.6,3.928,1,1304
2026-03-13T18:01:55,-38.371761,142.514618,53.4,0.01,19,0.6,67.4,3.922,1,1305
2026-03-13T18:05:00,-38.371750,142.514618,53.1,0.01,20,0.6,67.4,3.925,1,1306
2026-03-13T18:08:05,-38.371746,142.514618,53.2,0.02,19,0.6,67.3,3.925,1,1307
2026-03-13T18:11:10,-38.371750,142.514633,52.9,0.02,19,0.6,67.0,3.924,1,1308
2026-03-13T18:14:15,-38.371754,142.514633,53.0,0.01,19,0.6,67.2,3.920,1,1309
2026-03-13T18:17:20,-38.371754,142.514633,53.4,0.00,18,0.6,67.0,3.925,1,1310
2026-03-13T18:20:25,-38.371754,142.514633,53.7,0.01,20,0.6,67.0,3.919,1,1311
2026-03-13T18:23:30,-38.371754,142.514633,54.3,0.01,19,0.6,67.0,3.922,1,1312
2026-03-13T18:26:35,-38.371750,142.514633,54.5,0.01,16,0.7,67.0,3.920,1,1313
2026-03-13T18:29:40,-38.371754,142.514633,54.6,0.01,18,0.6,66.6,3.918,1,1314
2026-03-13T18:32:45,-38.371750,142.514633,54.3,0.00,18,0.6,66.6,3.916,1,1315
2026-03-13T18:35:50,-38.371754,142.514618,54.1,0.01,20,0.6,66.4,3.915,1,1316
2026-03-13T18:38:55,-38.371758,142.514618,54.2,0.01,20,0.6,66.6,3.915,1,1317
2026-03-13T18:42:00,-38.371758,142.514633,54.4,0.01,19,0.6,66.4,3.912,1,1318
2026-03-13T18:45:05,-38.371758,142.514633,54.1,0.01,18,0.6,66.4,3.914,1,1319
2026-03-13T18:48:10,-38.371754,142.514618,53.9,0.01,19,0.6,66.6,3.908,1,1320
2026-03-13T18:51:15,-38.371754,142.514633,53.7,0.06,22,0.5,66.3,3.916,1,1321
2026-03-13T18:54:20,-38.371754,142.514618,53.2,0.02,20,0.6,65.9,3.915,1,1322
2026-03-13T18:57:25,-38.371750,142.514633,52.9,0.01,20,0.6,66.1,3.909,1,1323
2026-03-13T19:00:30,-38.371750,142.514633,53.4,0.05,19,0.6,66.0,3.910,1,1324
2026-03-13T19:03:36,-38.371746,142.514633,53.7,0.01,20,0.6,65.9,3.911,1,1325
2026-03-13T19:06:41,-38.371750,142.514633,53.5,0.01,20,0.6,66.0,3.909,1,1326
2026-03-13T19:09:46,-38.371758,142.514618,53.2,0.01,20,0.6,66.1,3.909,1,1327
2026-03-13T19:12:51,-38.371758,142.514618,52.9,0.00,19,0.6,65.9,3.911,1,1328
2026-03-13T19:15:56,-38.371761,142.514618,52.6,0.01,17,0.7,65.7,3.905,1,1329
2026-03-13T19:19:01,-38.371761,142.514618,52.4,0.00,18,0.6,65.4,3.906,1,1330
2026-03-13T19:22:06,-38.371761,142.514618,52.2,0.00,19,0.6,65.4,3.906,1,1331
2026-03-13T19:25:11,-38.371754,142.514618,52.1,0.02,20,0.6,65.4,3.905,1,1332
2026-03-13T19:28:16,-38.371754,142.514618,52.2,0.01,18,0.6,65.3,3.908,1,1333
2026-03-13T19:31:22,-38.371750,142.514618,52.4,0.01,17,0.7,65.0,3.904,1,1334
2026-03-13T19:34:27,-38.371758,142.514633,52.4,0.02,18,0.6,65.0,3.901,1,1335
2026-03-13T19:37:31,-38.371761,142.514633,52.1,0.01,18,0.6,64.8,3.906,1,1336
2026-03-13T19:40:36,-38.371761,142.514633,52.0,0.01,18,0.6,64.7,3.900,1,1337
2026-03-13T19:43:41,-38.371761,142.514633,52.0,0.00,18,0.6,65.0,3.904,1,1338
2026-03-13T19:46:46,-38.371758,142.514633,52.1,0.00,18,0.6,64.7,3.905,1,1339
2026-03-13T19:49:51,-38.371758,142.514633,52.2,0.07,19,0.6,64.6,3.905,1,1340
2026-03-13T19:52:56,-38.371750,142.514648,51.9,0.00,19,0.6,64.8,3.901,1,1341
2026-03-13T19:56:01,-38.371758,142.514633,52.1,0.05,18,0.6,64.8,3.901,1,1342
2026-03-13T19:59:06,-38.371758,142.514633,51.5,0.01,20,0.6,64.4,3.898,1,1343
2026-03-13T20:02:11,-38.371754,142.514633,51.4,0.00,20,0.6,64.6,3.901,1,1344
2026-03-13T20:05:16,-38.371754,142.514633,51.3,0.01,19,0.6,64.3,3.898,1,1345
2026-03-13T20:08:21,-38.371754,142.514633,51.2,0.00,20,0.6,64.6,3.899,1,1346
2026-03-13T20:11:26,-38.371758,142.514633,51.5,0.02,20,0.6,64.1,3.891,1,1347
2026-03-13T20:14:31,-38.371750,142.514633,51.5,0.02,21,0.5,64.0,3.892,1,1348
2026-03-13T20:17:36,-38.371754,142.514633,51.6,0.02,20,0.6,64.3,3.895,1,1349
2026-03-13T20:20:41,-38.371754,142.514633,52.0,0.01,20,0.6,64.0,3.896,1,1350
2026-03-13T20:23:46,-38.371758,142.514633,52.5,0.02,19,0.6,64.0,3.896,1,1351
2026-03-13T20:26:51,-38.371754,142.514633,53.2,0.01,15,0.8,63.8,3.896,1,1352
2026-03-13T20:29:56,-38.371758,142.514648,54.3,0.00,16,0.7,63.7,3.891,1,1353
2026-03-13T20:33:01,-38.371761,142.514648,55.1,0.01,18,0.6,64.0,3.894,1,1354
2026-03-13T20:36:06,-38.371765,142.514664,55.2,0.01,14,0.8,63.5,3.890,1,1355
2026-03-13T20:39:12,-38.371784,142.514648,55.5,0.01,16,0.6,63.4,3.891,1,1356
2026-03-13T20:42:17,-38.371792,142.514633,55.6,0.01,15,0.7,63.8,3.889,1,1357
2026-03-13T20:45:22,-38.371784,142.514648,55.9,0.01,15,0.7,63.5,3.891,1,1358
2026-03-13T20:48:27,-38.371788,142.514633,56.2,0.02,13,1.0,63.4,3.892,1,1359
2026-03-13T20:51:32,-38.371780,142.514618,55.7,0.01,14,0.8,63.4,3.890,1,1360
2026-03-13T20:54:37,-38.371777,142.514618,55.9,0.10,16,0.6,63.3,3.884,1,1361
2026-03-13T20:57:42,-38.371773,142.514603,56.5,0.01,16,0.6,63.5,3.885,1,1362
2026-03-13T21:00:47,-38.371765,142.514618,56.4,0.01,15,0.7,63.3,3.890,1,1363
2026-03-13T21:03:52,-38.371758,142.514603,56.0,0.02,15,0.7,63.0,3.889,1,1364
2026-03-13T21:06:57,-38.371754,142.514618,55.8,0.02,14,0.8,63.0,3.888,1,1365
2026-03-13T21:10:02,-38.371754,142.514618,55.5,0.01,14,0.8,62.8,3.888,1,1366
2026-03-13T21:13:07,-38.371758,142.514633,55.2,0.02,13,0.8,62.8,3.886,1,1367
2026-03-13T21:16:12,-38.371758,142.514633,55.2,0.01,14,0.8,62.8,3.882,1,1368
2026-03-13T21:19:17,-38.371754,142.514633,55.1,0.01,14,0.8,62.5,3.881,1,1369
2026-03-13T21:22:22,-38.371754,142.514633,54.8,0.01,14,0.8,62.7,3.881,1,1370
2026-03-13T21:25:27,-38.371750,142.514648,54.5,0.01,15,0.7,62.7,3.885,1,1371
2026-03-13T21:28:32,-38.371750,142.514648,54.0,0.02,16,0.6,62.4,3.884,1,1372
2026-03-13T21:31:37,-38.371754,142.514648,53.3,0.01,13,0.8,62.7,3.879,1,1373
2026-03-13T21:34:42,-38.371750,142.514648,52.7,0.03,13,0.8,62.5,3.881,1,1374
2026-03-13T21:37:47,-38.371754,142.514648,52.6,0.03,12,0.9,62.2,3.878,1,1375
2026-03-13T21:40:52,-38.371750,142.514648,52.6,0.02,13,0.8,62.4,3.880,1,1376
2026-03-13T21:43:57,-38.371750,142.514648,52.5,0.00,13,0.8,62.2,3.876,1,1377
2026-03-13T21:47:02,-38.371742,142.514633,52.6,0.00,14,0.7,62.2,3.880,1,1378
2026-03-13T21:50:08,-38.371738,142.514633,51.1,0.02,13,0.8,62.1,3.876,1,1379
2026-03-13T21:53:13,-38.371738,142.514618,54.6,0.01,14,0.7,62.0,3.878,1,1380
2026-03-13T21:56:18,-38.371738,142.514618,55.0,0.01,13,0.8,61.5,3.875,1,1381
2026-03-13T21:59:23,-38.371742,142.514618,54.8,0.01,13,0.8,62.0,3.876,1,1382
2026-03-13T22:02:28,-38.371750,142.514618,54.5,0.01,12,0.9,61.7,3.878,1,1383
2026-03-13T22:05:33,-38.371754,142.514603,54.3,0.04,13,0.8,61.4,3.869,1,1384
2026-03-13T22:08:39,-38.371761,142.514603,54.5,0.02,11,1.0,61.5,3.869,1,1385
2026-03-13T22:11:44,-38.371761,142.514587,54.1,0.01,12,0.8,61.7,3.871,1,1386
2026-03-13T22:14:49,-38.371761,142.514603,53.4,0.01,12,0.9,61.5,3.868,1,1387
2026-03-13T22:17:53,-38.371761,142.514603,51.2,0.05,14,0.7,61.5,3.870,1,1388
2026-03-13T22:20:58,-38.371761,142.514618,49.7,0.08,13,0.8,61.5,3.871,1,1389
2026-03-13T22:24:03,-38.371761,142.514618,48.2,0.02,13,0.8,61.1,3.865,1,1390
2026-03-13T22:27:10,-38.371765,142.514618,48.1,0.01,9,1.4,61.1,3.872,1,1391
2026-03-13T22:30:15,-38.371765,142.514618,46.4,0.01,11,1.1,61.1,3.872,1,1392
2026-03-13T22:33:19,-38.371765,142.514618,45.5,0.00,15,0.7,60.7,3.871,1,1393
2026-03-13T22:36:24,-38.371761,142.514618,43.0,0.00,15,0.7,61.1,3.870,1,1394
2026-03-13T22:39:29,-38.371758,142.514618,42.1,0.00,13,0.8,60.4,3.868,1,1395
2026-03-13T22:42:34,-38.371750,142.514618,42.7,0.01,14,0.7,60.7,3.869,1,1396
2026-03-13T22:45:39,-38.371746,142.514618,43.4,0.00,15,0.7,60.1,3.869,1,1397
2026-03-13T22:48:45,-38.371750,142.514618,43.9,0.00,15,0.7,60.7,3.865,1,1398
2026-03-13T22:51:50,-38.371754,142.514633,44.2,0.01,15,0.7,59.5,3.866,1,1399
2026-03-13T22:54:55,-38.371758,142.514633,44.6,0.01,14,0.7,59.5,3.862,1,1400
2026-03-13T22:58:01,-38.371758,142.514633,45.1,0.00,14,0.7,59.8,3.861,1,1401
2026-03-13T23:01:06,-38.371758,142.514618,45.7,0.01,15,0.7,59.5,3.862,1,1402
2026-03-13T23:04:11,-38.371758,142.514633,46.5,0.02,15,0.7,59.2,3.856,1,1403
2026-03-13T23:07:16,-38.371777,142.514633,47.1,0.06,14,0.7,58.8,3.864,1,1404
2026-03-13T23:10:22,-38.371788,142.514648,47.8,0.03,13,0.8,58.5,3.859,1,1405
2026-03-13T23:13:27,-38.371792,142.514648,48.8,0.01,14,0.7,59.2,3.864,1,1406
2026-03-13T23:16:32,-38.371796,142.514633,49.7,0.00,14,0.7,58.5,3.860,1,1407
2026-03-13T23:19:37,-38.371796,142.514618,50.2,0.00,15,0.7,58.2,3.855,1,1408
2026-03-13T23:22:42,-38.371788,142.514618,50.5,0.01,14,0.7,58.5,3.858,1,1409
2026-03-13T23:25:47,-38.371784,142.514618,50.7,0.01,14,0.7,57.9,3.861,1,1410
2026-03-13T23:28:52,-38.371784,142.514603,51.2,0.01,14,0.7,57.6,3.854,1,1411
2026-03-13T23:31:57,-38.371784,142.514618,51.9,0.00,13,0.7,57.6,3.860,1,1412
2026-03-13T23:35:02,-38.371780,142.514618,52.4,0.00,12,0.8,58.2,3.858,1,1413
2026-03-13T23:38:08,-38.371780,142.514618,52.7,0.01,13,0.8,57.9,3.855,1,1414
2026-03-13T23:41:13,-38.371773,142.514618,52.7,0.01,14,0.7,57.6,3.858,1,1415
2026-03-13T23:44:18,-38.371773,142.514633,52.6,0.08,15,0.7,56.9,3.856,1,1416
2026-03-13T23:47:23,-38.371761,142.514633,53.2,0.01,16,0.6,57.3,3.852,1,1417
2026-03-13T23:50:28,-38.371758,142.514633,53.8,0.02,14,0.7,56.9,3.858,1,1418
2026-03-13T23:53:33,-38.371754,142.514633,54.0,0.09,15,0.7,56.9,3.849,1,1419
2026-03-13T23:56:38,-38.371742,142.514618,52.9,0.00,14,0.8,56.6,3.856,1,1420
2026-03-13T23:59:43,-38.371738,142.514618,52.0,0.01,16,0.6,56.3,3.851,1,1421
2026-03-14T00:02:48,-38.371742,142.514618,50.4,0.01,16,0.6,56.6,3.854,1,1422
2026-03-14T00:05:54,-38.371742,142.514618,47.9,0.01,16,0.6,56.6,3.850,1,1423
2026-03-14T00:08:59,-38.371742,142.514618,47.1,0.01,17,0.6,55.7,3.845,1,1424
2026-03-14T00:12:04,-38.371742,142.514618,48.3,0.00,14,0.8,56.6,3.849,1,1425
2026-03-14T00:15:09,-38.371742,142.514618,48.8,0.01,12,0.9,55.7,3.849,1,1426
2026-03-14T00:18:15,-38.371735,142.514618,49.2,0.01,15,0.7,56.0,3.845,1,1427
2026-03-14T00:21:21,-38.371723,142.514618,49.8,0.00,14,0.8,55.7,3.850,1,1428
2026-03-14T00:24:26,-38.371723,142.514618,50.3,0.02,15,0.7,55.4,3.851,1,1429
2026-03-14T00:27:32,-38.371727,142.514618,50.9,0.01,14,0.8,55.4,3.849,1,1430
2026-03-14T00:30:38,-38.371727,142.514633,51.2,1.09,18,0.6,54.7,3.848,1,1431
2026-03-14T00:33:42,-38.375359,142.509537,33.3,34.60,17,0.6,55.0,3.849,1,1432
2026-03-14T00:34:18,-38.374676,142.502182,29.6,31.16,16,0.7,55.0,3.845,1,1433
2026-03-14T00:34:54,-38.375938,142.498398,45.9,25.50,15,0.7,55.7,3.845,1,1434
2026-03-14T00:35:29,-38.378201,142.493362,55.5,30.05,16,0.7,55.4,3.848,1,1435
2026-03-14T00:36:05,-38.380733,142.488953,53.0,5.61,17,0.6,54.7,3.845,1,1436
2026-03-14T00:36:41,-38.381470,142.488327,43.8,0.21,16,0.7,55.4,3.845,1,1437
2026-03-14T00:39:46,-38.380981,142.487076,41.1,0.14,17,0.6,54.4,3.844,1,1438
2026-03-14T00:42:51,-38.380981,142.487106,42.3,0.01,17,0.6,54.7,3.848,1,1439
2026-03-14T00:45:56,-38.380981,142.487122,42.5,0.01,16,0.7,54.1,3.840,1,1440
2026-03-14T00:49:02,-38.380981,142.487122,42.5,0.01,17,0.6,54.4,3.848,1,1441
2026-03-14T00:52:07,-38.380989,142.487106,42.3,0.01,14,0.8,54.4,3.841,1,1442
2026-03-14T00:55:13,-38.380989,142.487106,41.9,0.01,14,0.8,53.5,3.842,1,1443
2026-03-14T00:58:17,-38.380981,142.487106,41.8,0.01,15,0.7,53.8,3.840,1,1444
2026-03-14T01:01:23,-38.380978,142.487106,41.8,0.01,17,0.7,54.1,3.845,1,1445
2026-03-14T01:04:28,-38.386131,142.499374,41.0,32.80,17,0.7,53.5,3.839,1,1446
2026-03-14T01:05:04,-38.385921,142.506287,43.9,35.69,19,0.6,54.1,3.839,1,1447
2026-03-14T01:05:39,-38.384563,142.511917,33.8,0.00,18,0.6,53.8,3.842,1,1448
2026-03-14T01:08:45,-38.383728,142.532486,46.0,0.00,16,0.8,53.8,3.842,1,1449
2026-03-14T01:11:51,-38.383728,142.532486,45.5,0.00,16,0.8,54.1,3.842,1,1450
2026-03-14T01:14:56,-38.383728,142.532486,45.6,0.03,19,0.6,53.1,3.841,1,1451
2026-03-14T01:18:00,-38.383728,142.532486,45.9,0.01,18,0.6,53.1,3.840,1,1452
2026-03-14T01:21:05,-38.383717,142.532486,45.4,0.03,17,0.7,53.1,3.838,1,1453
2026-03-14T01:24:12,-38.383701,142.532486,46.6,0.10,17,0.7,53.5,3.836,1,1454
2026-03-14T01:27:16,-38.383797,142.532562,47.5,7.73,17,0.7,53.1,3.835,1,1455
2026-03-14T01:27:52,-38.380463,142.533630,55.3,39.92,18,0.7,51.9,3.839,1,1456
2026-03-14T01:28:28,-38.374233,142.534790,52.1,38.54,17,0.7,53.1,3.832,1,1457
2026-03-14T01:29:04,-38.372417,142.529846,47.8,38.54,17,0.7,52.3,3.834,1,1458
2026-03-14T01:29:39,-38.371609,142.522644,44.8,35.44,18,0.7,52.3,3.834,1,1459
2026-03-14T01:30:15,-38.370987,142.517151,55.7,20.86,15,0.7,51.9,3.835,1,1460
2026-03-14T01:30:51,-38.368542,142.516510,40.4,18.24,17,0.7,52.7,3.840,1,1461
2026-03-14T01:31:27,-38.367912,142.510147,40.6,30.73,16,0.7,52.7,3.835,1,1462
2026-03-14T01:32:03,-38.367371,142.504349,35.5,15.34,16,0.7,52.3,3.830,1,1463
2026-03-14T01:32:39,-38.367252,142.503677,34.5,3.56,17,0.7,51.9,3.835,1,1464
2026-03-14T01:33:14,-38.367172,142.503738,34.6,0.19,17,0.7,51.5,3.836,1,1465
2026-03-14T01:36:19,-38.367168,142.503738,37.3,0.01,16,0.7,52.3,3.834,1,1466
2026-03-14T01:39:24,-38.367165,142.503738,36.9,0.01,17,0.7,51.5,3.832,1,1467
2026-03-14T01:42:30,-38.371670,142.515656,50.3,13.35,17,0.7,51.5,3.836,1,1468
2026-03-14T01:43:06,-38.371727,142.514694,53.6,0.00,17,0.6,51.9,3.832,1,1469
2026-03-14T01:46:11,-38.371506,142.515320,53.2,15.61,17,0.7,51.2,3.832,1,1470
2026-03-14T01:46:47,-38.369133,142.516861,46.2,30.01,17,0.7,51.2,3.830,1,1471
2026-03-14T01:47:23,-38.368042,142.511429,36.2,36.47,18,0.6,52.3,3.831,1,1472
2026-03-14T01:47:59,-38.367435,142.504959,39.3,26.98,16,0.7,51.2,3.832,1,1473
2026-03-14T01:48:34,-38.367187,142.503693,34.3,0.00,18,0.6,51.9,3.832,1,1474
2026-03-14T01:51:39,-38.367187,142.503693,34.0,0.01,17,0.7,51.2,3.829,1,1475
2026-03-14T01:54:44,-38.367191,142.503693,33.6,0.01,18,0.6,50.8,3.830,1,1476
2026-03-14T01:57:50,-38.367195,142.503693,33.3,0.01,17,0.6,50.8,3.829,1,1477
2026-03-14T02:00:55,-38.367195,142.503708,33.0,0.01,16,0.7,50.0,3.829,1,1478
2026-03-14T02:04:01,-38.367203,142.503723,33.3,0.00,19,0.6,50.4,3.829,1,1479
2026-03-14T02:07:06,-38.367207,142.503738,33.5,0.01,19,0.6,50.0,3.829,1,1480
2026-03-14T02:10:12,-38.367214,142.503723,33.9,0.02,18,0.6,50.0,3.826,1,1481
2026-03-14T02:13:17,-38.367222,142.503723,34.5,0.01,19,0.6,50.0,3.824,1,1482
2026-03-14T02:16:22,-38.367226,142.503723,35.2,0.07,18,0.6,49.6,3.826,1,1483
2026-03-14T02:19:28,-38.367214,142.503708,35.8,0.01,16,0.6,49.6,3.829,1,1484
2026-03-14T02:22:33,-38.367218,142.503708,36.2,0.00,17,0.6,49.2,3.829,1,1485
2026-03-14T02:25:39,-38.367210,142.503708,36.4,0.01,19,0.6,48.9,3.828,1,1486
2026-03-14T02:28:44,-38.367207,142.503693,36.9,0.01,17,0.6,48.9,3.822,1,1487
2026-03-14T02:31:50,-38.367207,142.503693,37.3,0.01,18,0.6,49.2,3.824,1,1488
2026-03-14T02:34:55,-38.367210,142.503693,37.5,0.01,18,0.6,48.1,3.822,1,1489
2026-03-14T02:38:00,-38.367207,142.503708,37.8,0.01,18,0.6,48.5,3.821,1,1490
2026-03-14T02:41:05,-38.367207,142.503708,38.1,0.01,18,0.6,47.7,3.821,1,1491
2026-03-14T02:44:10,-38.367210,142.503708,37.7,0.01,18,0.6,47.7,3.820,1,1492
2026-03-14T02:47:15,-38.367207,142.503708,37.8,0.01,17,0.6,48.1,3.820,1,1493
2026-03-14T02:50:20,-38.367207,142.503708,38.2,0.00,16,0.6,47.7,3.821,1,1494
2026-03-14T02:53:26,-38.367214,142.503708,39.2,0.25,16,0.6,48.1,3.819,1,1495
2026-03-14T02:56:31,-38.371765,142.514633,54.5,3.43,18,0.6,46.5,3.821,1,1496
2026-03-14T02:57:07,-38.371750,142.514618,55.7,0.06,17,0.6,47.3,3.819,1,1497
2026-03-14T03:00:12,-38.371731,142.514587,55.2,0.06,18,0.6,47.7,3.818,1,1498
2026-03-14T03:03:17,-38.371731,142.514572,53.9,0.06,17,0.6,46.5,3.820,1,1499
2026-03-14T03:06:22,-38.371735,142.514572,53.9,0.02,17,0.6,46.9,3.820,1,1500
2026-03-14T03:09:27,-38.371735,142.514587,54.1,0.01,18,0.6,46.1,3.820,1,1501
2026-03-14T03:12:33,-38.371735,142.514603,54.2,0.01,18,0.6,46.5,3.815,1,1502
2026-03-14T03:15:38,-38.371738,142.514603,54.7,0.14,18,0.6,45.7,3.815,1,1503
2026-03-14T03:18:44,-38.371742,142.514618,55.5,0.02,17,0.6,46.1,3.814,1,1504
2026-03-14T03:21:49,-38.374920,142.504730,23.4,30.21,19,0.6,45.3,3.814,1,1505
2026-03-14T03:22:24,-38.375538,142.499802,30.5,27.05,18,0.6,46.1,3.813,1,1506
2026-03-14T03:23:00,-38.377483,142.494629,47.5,27.22,18,0.6,45.3,3.815,1,1507
2026-03-14T03:23:36,-38.380718,142.489075,42.5,29.19,18,0.6,45.3,3.816,1,1508
2026-03-14T03:24:12,-38.381535,142.488342,27.4,0.00,19,0.6,44.9,3.813,1,1509
2026-03-14T03:27:17,-38.384899,142.475693,24.1,22.45,19,0.6,44.9,3.811,1,1510
2026-03-14T03:27:53,-38.384335,142.470535,19.7,15.21,19,0.6,45.7,3.813,1,1511
2026-03-14T03:28:29,-38.388889,142.470459,20.9,29.71,19,0.6,46.1,3.811,1,1512
2026-03-14T03:29:04,-38.392090,142.470520,23.9,15.69,17,0.6,45.3,3.810,1,1513
2026-03-14T03:29:40,-38.393761,142.470337,13.0,10.14,17,0.6,44.9,3.813,1,1514
2026-03-14T03:30:16,-38.393845,142.470551,13.0,0.00,15,0.7,46.1,3.815,1,1515
2026-03-14T03:33:21,-38.393845,142.470535,13.7,0.05,17,0.6,44.9,3.814,1,1516
2026-03-14T03:36:26,-38.393829,142.470535,15.2,0.04,17,0.6,45.7,3.811,1,1517
2026-03-14T03:39:32,-38.393826,142.470535,15.3,0.01,17,0.6,45.3,3.813,1,1518
2026-03-14T03:42:37,-38.393822,142.470535,15.7,0.01,16,0.7,44.5,3.810,1,1519
2026-03-14T03:45:42,-38.393822,142.470535,16.4,0.03,14,0.7,44.9,3.811,1,1520
2026-03-14T03:48:47,-38.393822,142.470535,17.5,0.04,16,0.7,43.2,3.809,1,1521
2026-03-14T03:51:52,-38.393818,142.470535,18.7,0.08,16,0.7,43.6,3.806,1,1522
2026-03-14T03:54:58,-38.393822,142.470535,19.8,0.01,13,0.8,43.6,3.801,1,1523
2026-03-14T03:58:03,-38.393826,142.470535,20.3,0.00,16,0.7,42.8,3.807,1,1524
2026-03-14T04:01:07,-38.393826,142.470520,22.2,0.03,14,0.7,42.8,3.807,1,1525
2026-03-14T04:04:13,-38.393826,142.470520,23.6,0.01,15,0.7,42.8,3.803,1,1526
2026-03-14T04:07:18,-38.393822,142.470505,26.5,0.15,15,0.7,41.6,3.807,1,1527
2026-03-14T04:10:23,-38.393818,142.470505,29.1,0.03,15,0.7,42.8,3.804,1,1528
2026-03-14T04:13:28,-38.393635,142.469757,26.6,3.96,17,0.6,41.6,3.801,1,1529
2026-03-14T04:14:05,-38.396065,142.471329,19.8,22.28,16,0.6,42.0,3.806,1,1530
2026-03-14T04:14:39,-38.396095,142.473206,18.2,1.81,17,0.6,42.4,3.805,1,1531
2026-03-14T04:17:44,-38.396790,142.473724,18.7,0.01,17,0.6,42.4,3.805,1,1532
2026-03-14T04:20:51,-38.396793,142.473709,12.0,0.01,17,0.6,42.4,3.803,1,1533
2026-03-14T04:23:55,-38.396793,142.473709,11.7,0.03,16,0.7,41.2,3.803,1,1534
2026-03-14T04:27:01,-38.396797,142.473709,0.2,0.01,15,0.9,41.2,3.801,1,1535
2026-03-14T04:30:06,-38.396793,142.473724,3.0,0.01,16,0.7,40.8,3.799,1,1536
2026-03-14T04:33:11,-38.396801,142.473724,4.0,0.03,18,0.6,40.5,3.803,1,1537
2026-03-14T04:36:16,-38.396805,142.473740,4.6,0.01,15,0.8,40.5,3.795,1,1538
2026-03-14T04:39:22,-38.396812,142.473740,5.1,0.01,16,0.7,40.5,3.804,1,1539
2026-03-14T04:42:27,-38.396812,142.473755,5.7,0.02,18,0.6,40.5,3.797,1,1540
2026-03-14T04:45:32,-38.396812,142.473770,6.3,0.05,17,0.6,40.1,3.796,1,1541
2026-03-14T04:48:37,-38.396809,142.473770,7.0,0.14,15,0.8,40.1,3.797,1,1542
2026-03-14T04:51:42,-38.396812,142.473770,8.5,0.02,16,0.7,40.1,3.800,1,1543
2026-03-14T04:54:48,-38.396809,142.473785,9.7,0.02,15,0.8,39.7,3.796,1,1544
2026-03-14T04:57:53,-38.396805,142.473785,10.4,0.02,16,0.7,39.4,3.799,1,1545
2026-03-14T05:00:59,-38.396801,142.473785,9.2,0.06,16,0.7,40.1,3.794,1,1546
2026-03-14T05:04:04,-38.396820,142.473755,3.6,0.19,17,0.7,40.1,3.796,1,1547
2026-03-14T05:07:09,-38.396820,142.473755,4.6,0.07,18,0.6,39.4,3.791,1,1548
2026-03-14T05:10:15,-38.396824,142.473740,5.1,0.08,18,0.6,39.0,3.794,1,1549
2026-03-14T05:13:20,-38.396820,142.473740,5.8,0.04,18,0.6,38.3,3.791,1,1550
2026-03-14T05:16:25,-38.396820,142.473740,6.7,0.01,17,0.6,38.7,3.791,1,1551
2026-03-14T05:19:30,-38.396812,142.473740,7.5,0.01,20,0.5,38.3,3.791,1,1552
2026-03-14T05:22:36,-38.396816,142.473724,8.4,0.01,20,0.5,38.3,3.790,1,1553
2026-03-14T05:25:41,-38.396812,142.473740,9.0,0.01,18,0.6,38.3,3.789,1,1554
2026-03-14T05:28:46,-38.396809,142.473755,9.5,0.01,17,0.6,37.6,3.787,1,1555
2026-03-14T05:31:51,-38.396805,142.473755,10.1,0.01,17,0.6,37.6,3.784,1,1556
2026-03-14T05:34:56,-38.396805,142.473755,10.4,0.07,16,0.6,36.9,3.785,1,1557
2026-03-14T05:38:02,-38.396805,142.473755,11.0,0.00,16,0.7,37.2,3.787,1,1558
2026-03-14T05:41:07,-38.396801,142.473755,11.9,0.01,16,0.7,37.2,3.789,1,1559
2026-03-14T05:44:12,-38.396790,142.473740,12.1,0.04,16,0.8,36.5,3.790,1,1560
2026-03-14T05:47:18,-38.396786,142.473740,13.0,0.04,17,0.6,36.9,3.785,1,1561
2026-03-14T05:50:23,-38.396793,142.473740,13.3,0.12,18,0.6,36.1,3.786,1,1562
2026-03-14T05:53:28,-38.396786,142.473740,14.3,0.02,17,0.6,36.5,3.785,1,1563
2026-03-14T05:56:34,-38.396786,142.473740,15.3,0.01,17,0.6,36.9,3.787,1,1564
2026-03-14T05:59:39,-38.396786,142.473740,15.9,0.01,18,0.6,36.1,3.785,1,1565
2026-03-14T06:02:44,-38.396778,142.473740,16.3,0.02,16,0.7,35.4,3.781,1,1566
2026-03-14T06:05:49,-38.396763,142.473740,17.3,0.09,17,0.6,36.1,3.785,1,1567
2026-03-14T06:08:54,-38.396755,142.473785,20.6,0.15,17,0.6,35.8,3.779,1,1568
2026-03-14T06:12:00,-38.396774,142.473877,30.8,0.18,17,0.6,35.4,3.780,1,1569
2026-03-14T06:15:05,-38.396759,142.473862,31.4,0.10,17,0.6,35.1,3.780,1,1570
2026-03-14T06:18:10,-38.396744,142.473846,31.2,0.02,18,0.6,35.4,3.780,1,1571
2026-03-14T06:21:15,-38.396748,142.473831,30.8,0.01,18,0.6,34.7,3.779,1,1572
2026-03-14T06:24:21,-38.396751,142.473816,31.0,0.01,17,0.6,35.4,3.777,1,1573
2026-03-14T06:27:26,-38.396751,142.473801,31.3,0.01,17,0.6,34.7,3.776,1,1574
2026-03-14T06:30:31,-38.396748,142.473785,30.2,0.10,17,0.6,34.3,3.777,1,1575
2026-03-14T06:33:36,-38.396740,142.473785,28.8,0.02,15,0.7,35.1,3.776,1,1576
2026-03-14T06:36:41,-38.396732,142.473770,27.8,0.04,15,0.7,33.4,3.773,1,1577
2026-03-14T06:39:47,-38.396725,142.473770,27.0,0.04,14,0.8,34.3,3.775,1,1578
2026-03-14T06:42:52,-38.396729,142.473755,25.9,0.05,17,0.6,33.0,3.777,1,1579
2026-03-14T06:45:58,-38.396736,142.473755,24.1,0.01,15,0.7,33.4,3.776,1,1580
2026-03-14T06:49:03,-38.396729,142.473755,23.5,0.02,16,0.7,33.4,3.774,1,1581
2026-03-14T06:52:08,-38.396057,142.473160,23.5,1.30,16,0.6,33.0,3.771,1,1582
2026-03-14T06:55:13,-38.393826,142.470551,16.3,0.43,17,0.6,34.3,3.773,1,1583
2026-03-14T06:58:18,-38.393906,142.470703,17.0,0.27,17,0.6,33.0,3.771,1,1584
2026-03-14T07:01:23,-38.393906,142.470734,17.1,0.12,15,0.7,32.6,3.774,1,1585
2026-03-14T07:04:28,-38.393871,142.470703,18.4,0.09,11,0.9,44.9,3.815,1,1586
2026-03-14T07:07:33,-38.393906,142.470688,18.1,0.23,11,0.9,47.7,3.822,1,1587
2026-03-14T07:10:39,-38.393944,142.470688,17.4,0.14,13,0.7,49.6,3.829,1,1588
2026-03-14T07:13:43,-38.393936,142.470703,17.3,0.44,12,0.8,50.4,3.831,1,1589
2026-03-14T07:16:49,-38.393913,142.470688,12.1,0.14,14,0.7,51.5,3.836,1,1590
2026-03-14T07:22:29,-38.393959,142.470673,-1.6,0.37,8,1.3,51.2,3.842,1,1
2026-03-14T07:25:34,-38.393902,142.470657,1.5,0.57,12,1.1,54.4,3.846,1,2
2026-03-14T07:28:38,-38.393906,142.470673,4.1,0.06,13,0.7,55.0,3.850,1,3
2026-03-14T07:31:43,-38.393887,142.470673,5.3,0.15,14,0.7,56.6,3.852,1,4
2026-03-14T07:34:48,-38.393890,142.470657,5.8,0.32,15,0.7,57.6,3.856,1,5
2026-03-14T07:37:53,-38.393902,142.470657,3.9,0.25,16,0.7,58.2,3.860,1,6
2026-03-14T07:40:58,-38.393917,142.470627,3.3,0.13,18,0.6,58.5,3.862,1,7
2026-03-14T07:44:03,-38.393925,142.470657,2.8,0.45,16,0.7,59.5,3.865,1,8
2026-03-14T07:47:08,-38.393925,142.470673,0.1,0.11,18,0.6,60.4,3.871,1,9
2026-03-14T07:50:14,-38.393936,142.470642,-1.3,0.23,17,0.6,61.4,3.872,1,10
2026-03-14T07:53:19,-38.393929,142.470642,-3.7,0.07,14,0.7,62.0,3.878,1,11
2026-03-14T07:56:24,-38.393925,142.470642,-4.4,0.51,15,0.7,62.2,3.880,1,12
2026-03-14T07:59:29,-38.393925,142.470642,-3.6,0.54,15,0.7,62.5,3.885,1,13
2026-03-14T08:02:34,-38.393932,142.470657,1.1,0.18,16,0.7,62.8,3.889,1,14
2026-03-14T08:05:40,-38.393944,142.470673,0.7,0.24,14,0.8,63.5,3.889,1,15
2026-03-14T08:08:45,-38.393925,142.470657,2.9,0.27,16,0.7,63.8,3.895,1,16
2026-03-14T08:11:50,-38.393906,142.470688,5.6,0.22,15,0.7,64.3,3.898,1,17
2026-03-14T08:14:55,-38.393917,142.470673,5.3,0.19,16,0.7,64.8,3.901,1,18
2026-03-14T08:18:01,-38.393887,142.470673,6.0,0.11,15,0.7,65.1,3.905,1,19
2026-03-14T08:21:06,-38.393864,142.470688,6.3,0.45,15,0.7,66.0,3.908,1,20
2026-03-14T08:24:11,-38.393890,142.470688,7.6,0.13,14,0.7,65.9,3.912,1,21
2026-03-14T08:27:17,-38.393906,142.470657,9.6,0.25,16,0.7,66.3,3.915,1,22
2026-03-14T08:30:22,-38.393917,142.470688,8.4,0.23,17,0.6,66.7,3.920,1,23
2026-03-14T08:33:28,-38.393906,142.470657,5.9,0.19,13,0.8,67.2,3.924,1,24
2026-03-14T08:36:33,-38.393936,142.470688,2.4,0.06,18,0.6,67.7,3.926,1,25
2026-03-14T08:39:38,-38.393925,142.470688,3.0,0.10,17,0.6,67.9,3.931,1,26
2026-03-14T08:42:43,-38.393913,142.470657,3.1,0.17,20,0.6,68.3,3.934,1,27
2026-03-14T08:45:49,-38.393890,142.470673,1.9,0.23,17,0.6,69.0,3.936,1,28
2026-03-14T08:48:54,-38.393906,142.470688,4.5,0.32,17,0.6,69.3,3.941,1,29
2026-03-14T08:51:59,-38.393925,142.470657,5.9,0.87,17,0.6,70.0,3.945,1,30
2026-03-14T08:55:05,-38.393921,142.470657,4.0,0.22,17,0.6,70.3,3.949,1,31
2026-03-14T08:58:10,-38.393909,142.470688,6.4,0.57,18,0.6,70.9,3.953,1,32
2026-03-14T09:01:15,-38.393902,142.470688,7.2,0.20,17,0.6,71.3,3.956,1,33
2026-03-14T09:04:20,-38.393944,142.470688,5.6,0.05,19,0.6,71.8,3.960,1,34
2026-03-14T09:07:26,-38.393871,142.470688,4.9,0.15,19,0.6,72.2,3.963,1,35
2026-03-14T09:10:31,-38.393887,142.470688,6.2,0.42,12,0.9,72.9,3.967,1,36
2026-03-14T09:13:36,-38.393894,142.470688,5.9,0.62,14,0.8,73.4,3.970,1,37
2026-03-14T09:16:41,-38.393917,142.470688,3.4,0.38,18,0.7,73.9,3.974,1,38
2026-03-14T09:19:46,-38.393921,142.470688,5.1,0.09,20,0.6,74.1,3.977,1,39
2026-03-14T09:22:52,-38.393906,142.470688,2.8,0.48,18,0.7,74.9,3.983,1,40
2026-03-14T09:25:57,-38.393925,142.470688,1.9,0.49,15,0.8,75.2,3.986,1,41
2026-03-14T09:29:02,-38.393940,142.470688,1.7,0.17,16,0.8,75.7,3.991,1,42
2026-03-14T09:32:08,-38.393917,142.470688,3.8,0.44,17,0.7,76.0,3.994,1,43
2026-03-14T09:35:13,-38.393917,142.470688,4.8,0.18,15,0.8,76.8,3.999,1,44
2026-03-14T09:38:18,-38.393932,142.470657,4.1,0.63,17,0.8,77.2,4.000,1,45
2026-03-14T09:41:23,-38.393951,142.470642,4.6,0.21,17,0.8,78.0,4.005,1,46
2026-03-14T09:44:28,-38.393967,142.470642,2.6,0.38,14,0.9,78.6,4.010,1,47
2026-03-14T09:47:33,-38.393982,142.470612,-1.8,0.03,17,0.8,79.0,4.015,1,48
2026-03-14T09:50:39,-38.393986,142.470612,-2.5,0.38,17,0.7,79.4,4.017,1,49
2026-03-14T09:53:44,-38.393967,142.470627,-0.4,0.41,12,1.0,79.9,4.024,1,50
2026-03-14T09:56:49,-38.393887,142.470688,3.3,0.58,13,1.0,80.6,4.028,1,51
2026-03-14T09:59:54,-38.393902,142.470688,5.8,0.45,14,0.9,81.2,4.031,1,52
2026-03-14T10:02:59,-38.393902,142.470688,7.7,0.15,13,1.0,81.7,4.035,1,53
2026-03-14T10:06:04,-38.393921,142.470688,9.0,0.47,14,0.9,82.4,4.040,1,54
2026-03-14T10:09:10,-38.393921,142.470688,9.1,0.35,13,0.9,82.9,4.044,1,55
2026-03-14T10:12:15,-38.393959,142.470673,10.8,0.02,10,0.9,83.2,4.048,1,56
2026-03-14T10:15:22,-38.393990,142.470642,7.1,1.68,10,0.9,84.0,4.054,1,57
2026-03-14T10:18:27,-38.393898,142.470703,2.9,0.13,8,1.2,84.6,4.055,1,58
2026-03-14T10:21:31,-38.393944,142.470688,3.8,1.61,12,1.0,78.8,4.014,1,59
2026-03-14T10:24:36,-38.393902,142.470673,5.8,0.48,17,0.7,78.5,4.008,1,60
2026-03-14T10:27:42,-38.393955,142.470688,6.4,1.12,15,0.7,78.1,4.005,1,61
2026-03-14T10:30:47,-38.393826,142.470535,13.3,0.54,11,1.0,77.6,4.000,1,62
2026-03-14T10:33:52,-38.384674,142.475266,25.5,22.02,13,0.9,77.8,4.004,1,63
2026-03-14T10:34:28,-38.386559,142.479828,27.9,22.13,14,0.9,77.6,4.003,1,64
2026-03-14T10:35:04,-38.388111,142.483475,45.3,11.49,15,0.8,77.5,3.994,1,65
2026-03-14T10:35:39,-38.384850,142.485779,21.4,17.53,16,0.7,77.3,3.997,1,66
2026-03-14T10:36:15,-38.382004,142.487854,20.5,9.12,18,0.6,77.5,3.999,1,67
2026-03-14T10:36:51,-38.379723,142.490570,44.3,28.33,17,0.7,77.3,4.004,1,68
2026-03-14T10:37:27,-38.376846,142.495758,50.0,29.24,16,0.7,77.5,4.003,1,69
2026-03-14T10:38:03,-38.375179,142.500793,30.9,27.85,17,0.7,77.5,3.997,1,70
2026-03-14T10:38:39,-38.374958,142.505508,20.7,32.75,17,0.7,77.5,3.999,1,71
2026-03-14T10:39:14,-38.375664,142.512543,34.4,33.90,17,0.7,77.2,4.000,1,72
2026-03-14T10:39:50,-38.373810,142.516037,37.1,32.81,17,0.7,77.3,3.999,1,73
2026-03-14T10:40:26,-38.371742,142.516281,53.0,0.06,16,0.7,77.0,3.999,1,74
2026-03-14T10:43:31,-38.371765,142.514664,55.5,1.59,20,0.6,77.2,3.996,1,75
2026-03-14T10:46:36,-38.371708,142.514557,57.1,0.23,18,0.6,76.8,3.996,1,76
2026-03-14T10:49:41,-38.371708,142.514603,57.0,0.01,20,0.6,77.0,3.999,1,77
2026-03-14T10:52:46,-38.371704,142.514587,56.0,0.03,20,0.6,76.5,3.996,1,78
2026-03-14T10:55:51,-38.371704,142.514572,55.2,0.11,20,0.6,76.5,3.995,1,79
2026-03-14T10:58:56,-38.371700,142.514572,54.4,0.02,20,0.6,76.3,3.990,1,80
2026-03-14T11:02:01,-38.371685,142.514572,54.4,0.02,19,0.6,76.5,3.993,1,81
2026-03-14T11:05:06,-38.371685,142.514572,54.6,0.01,20,0.6,76.0,3.993,1,82
2026-03-14T11:08:11,-38.371681,142.514572,54.3,0.01,20,0.6,76.3,3.993,1,83
2026-03-14T11:11:16,-38.371677,142.514587,53.8,0.02,19,0.6,75.9,3.987,1,84
2026-03-14T11:14:21,-38.371666,142.514603,54.1,0.08,19,0.6,76.2,3.990,1,85
2026-03-14T11:17:27,-38.371655,142.514618,53.5,0.10,20,0.6,75.5,3.985,1,86
2026-03-14T11:20:32,-38.371651,142.514587,54.0,0.07,20,0.6,75.7,3.990,1,87
2026-03-14T11:23:37,-38.371639,142.514572,53.9,0.08,21,0.5,76.0,3.987,1,88
2026-03-14T11:26:42,-38.371639,142.514572,53.2,0.08,19,0.6,75.7,3.985,1,89
2026-03-14T11:29:47,-38.371647,142.514572,52.8,0.10,21,0.5,75.4,3.981,1,90
2026-03-14T11:32:52,-38.371647,142.514572,52.7,0.00,22,0.5,75.2,3.977,1,91
2026-03-14T11:35:57,-38.371651,142.514572,52.5,0.01,22,0.5,75.0,3.979,1,92
2026-03-14T11:39:02,-38.371662,142.514587,52.6,0.01,21,0.5,75.0,3.984,1,93
2026-03-14T11:42:07,-38.371662,142.514572,52.0,0.00,22,0.5,74.7,3.984,1,94
2026-03-14T11:45:12,-38.371674,142.514587,52.0,0.01,20,0.6,74.5,3.979,1,95
2026-03-14T11:48:17,-38.371677,142.514587,51.8,0.01,21,0.6,74.7,3.976,1,96
2026-03-14T11:51:22,-38.371674,142.514572,50.8,0.01,21,0.6,74.7,3.977,1,97
2026-03-14T11:54:27,-38.371674,142.514572,50.3,0.01,19,0.6,74.4,3.980,1,98
2026-03-14T11:57:32,-38.371670,142.514572,50.0,0.01,18,0.6,74.2,3.973,1,99
2026-03-14T12:00:38,-38.371674,142.514572,49.7,0.01,19,0.6,74.1,3.975,1,100
2026-03-14T12:03:43,-38.371674,142.514587,49.2,0.01,18,0.7,74.1,3.974,1,101
2026-03-14T12:06:48,-38.371666,142.514587,48.5,0.01,18,0.7,73.9,3.973,1,102
2026-03-14T12:09:53,-38.371662,142.514587,48.6,0.10,20,0.6,73.7,3.967,1,103
2026-03-14T12:12:58,-38.371662,142.514618,46.6,0.21,21,0.5,73.7,3.975,1,104
2026-03-14T12:16:03,-38.371681,142.514618,45.7,0.02,21,0.5,73.6,3.970,1,105
2026-03-14T12:19:08,-38.371685,142.514618,43.9,0.09,21,0.6,73.4,3.975,1,106
2026-03-14T12:22:13,-38.371681,142.514603,45.3,0.09,20,0.6,73.2,3.971,1,107
2026-03-14T12:25:19,-38.371681,142.514618,45.9,0.12,19,0.6,73.4,3.973,1,108
2026-03-14T12:28:24,-38.371670,142.514618,45.8,0.15,20,0.6,73.1,3.964,1,109
2026-03-14T12:31:29,-38.371674,142.514618,44.7,0.02,20,0.6,73.2,3.961,1,110
2026-03-14T12:34:34,-38.371670,142.514603,44.7,0.01,18,0.6,72.7,3.965,1,111
2026-03-14T12:37:39,-38.371666,142.514587,44.7,0.01,18,0.6,73.1,3.969,1,112
2026-03-14T12:40:45,-38.371677,142.514572,44.5,0.30,16,0.7,72.4,3.961,1,113
2026-03-14T12:43:49,-38.371681,142.514572,50.2,0.05,16,0.7,72.6,3.961,1,114
2026-03-14T12:46:55,-38.371662,142.514618,50.6,0.02,16,0.7,72.7,3.960,1,115
2026-03-14T12:50:00,-38.371655,142.514618,48.1,0.12,14,0.8,78.5,4.010,1,116
2026-03-14T12:53:06,-38.371655,142.514618,48.1,0.14,14,0.8,79.6,4.017,1,117
2026-03-14T12:56:11,-38.371651,142.514603,48.9,0.03,15,0.7,80.1,4.021,1,118
2026-03-14T12:59:15,-38.371651,142.514618,48.8,0.12,15,0.7,80.6,4.028,1,119
2026-03-14T13:02:20,-38.371647,142.514603,48.1,0.01,15,0.7,81.4,4.031,1,120
2026-03-14T13:05:27,-38.371658,142.514603,46.9,0.32,14,0.7,81.9,4.036,1,121
2026-03-14T13:08:31,-38.371685,142.514603,49.0,0.01,15,0.7,82.5,4.041,1,122
2026-03-14T13:11:36,-38.371677,142.514587,50.7,0.01,13,0.9,83.0,4.045,1,123
2026-03-14T13:14:41,-38.371685,142.514572,49.9,0.06,13,0.9,83.5,4.050,1,124
2026-03-14T13:15:40,-38.371685,142.514603,48.8,0.21,13,0.8,83.5,4.050,1,1
2026-03-14T13:18:16,-38.371685,142.514618,48.1,0.28,11,0.9,84.3,4.055,1,1
2026-03-14T13:18:24,-38.371689,142.514618,47.7,0.42,14,0.8,84.5,4.055,1,1
2026-03-14T13:20:28,-38.371696,142.514618,46.5,0.62,15,0.7,84.8,4.059,1,1
2026-03-14T13:20:44,-38.371700,142.514603,45.9,0.19,15,0.7,84.6,4.060,1,1
2026-03-14T13:23:49,-38.371696,142.514603,47.9,0.00,13,0.9,85.1,4.061,1,2
