datetime,lat,lon,alt_m,speed_kts,cog,satellites,hdop,battery_pct,battery_v,charge_rate,rtc_bat_low,fix,boot
2026-03-31T07:58:35,-9.634995,-138.220627,9.0,12.82,77.8,7,1.5,96.4,4.164,-0.6,0,1,1
2026-03-31T08:01:36,-9.631540,-138.209549,16.9,13.90,73.2,7,1.4,98.1,4.170,-4.2,0,1,2
2026-03-31T08:02:04,-9.631063,-138.207794,16.0,13.34,73.1,7,1.4,92.6,4.121,-4.2,0,1,3
2026-03-31T08:02:32,-9.630618,-138.206085,21.2,13.38,73.8,7,1.4,92.1,4.120,2452.5,0,1,4
2026-03-31T08:03:00,-9.630225,-138.204346,23.6,14.04,81.6,7,1.4,92.1,4.119,-4.4,0,1,5
2026-03-31T08:03:28,-9.629700,-138.202606,22.2,13.43,79.2,7,1.4,92.3,4.119,-4.2,0,1,6
2026-03-31T08:03:56,-9.629242,-138.200958,19.1,12.32,77.7,7,1.7,92.1,4.117,-4.4,0,1,7
2026-03-31T08:04:24,-9.628790,-138.199249,28.7,14.20,77.5,7,1.4,92.0,4.119,-4.2,0,1,8
2026-03-31T08:04:52,-9.628289,-138.197571,41.0,13.20,76.9,7,1.4,92.0,4.119,-4.2,0,1,9
2026-03-31T08:05:20,-9.627771,-138.195847,48.1,13.69,71.7,7,1.4,91.8,4.117,-4.2,0,1,10
2026-03-31T08:05:48,-9.627275,-138.194092,51.1,12.66,79.3,7,1.7,92.0,4.116,-4.2,0,1,11
2026-03-31T08:06:16,-9.626811,-138.192368,49.4,13.30,75.6,7,1.4,91.8,4.116,-4.2,0,1,12
2026-03-31T08:06:44,-9.626363,-138.190598,46.2,14.08,75.4,7,1.4,91.8,4.116,-4.2,0,1,13
2026-03-31T08:07:12,-9.625858,-138.188843,40.3,14.29,72.6,7,1.4,92.1,4.114,-4.4,0,1,14
2026-03-31T08:07:40,-9.625363,-138.187073,33.2,15.47,75.2,7,1.4,92.0,4.115,-4.2,0,1,15
2026-03-31T08:08:08,-9.624987,-138.185287,34.6,14.23,77.3,7,1.4,91.6,4.114,-4.2,0,1,16
2026-03-31T08:08:36,-9.624456,-138.183533,37.1,12.90,72.3,7,1.4,91.6,4.113,-4.2,0,1,17
2026-03-31T08:09:04,-9.624089,-138.181778,38.4,13.76,74.1,7,1.4,91.8,4.114,-4.2,0,1,18
2026-03-31T08:09:32,-9.623485,-138.180023,41.8,13.85,73.3,7,1.7,91.8,4.115,-4.2,0,1,19
2026-03-31T08:10:00,-9.622992,-138.178284,39.2,13.96,72.9,7,1.7,91.6,4.114,-4.2,0,1,20
2026-03-31T08:10:28,-9.622571,-138.176498,35.9,14.13,77.1,7,1.4,91.8,4.115,-4.2,0,1,21
2026-03-31T08:10:56,-9.622129,-138.174774,29.1,13.66,76.6,7,1.4,91.5,4.113,-4.4,0,1,22
2026-03-31T08:11:24,-9.621693,-138.173035,23.4,13.85,74.4,7,1.6,91.3,4.114,-4.2,0,1,23
2026-03-31T08:11:52,-9.621326,-138.171249,18.3,14.31,73.9,7,1.4,91.6,4.113,-4.2,0,1,24
2026-03-31T08:12:20,-9.620868,-138.169495,16.7,13.74,80.2,7,1.4,91.3,4.113,-4.2,0,1,25
2026-03-31T08:12:48,-9.620333,-138.167847,21.3,14.01,71.2,7,1.6,91.3,4.113,-4.2,0,1,26
2026-03-31T08:13:16,-9.619916,-138.166107,28.4,15.12,75.5,7,1.4,91.5,4.111,-4.4,0,1,27
2026-03-31T08:13:44,-9.619410,-138.164398,29.4,13.69,76.5,7,1.4,91.3,4.113,-4.2,0,1,28
2026-03-31T08:14:12,-9.618917,-138.162643,26.2,12.71,71.5,7,1.4,91.2,4.111,-4.2,0,1,29
2026-03-31T08:14:40,-9.618511,-138.160858,25.4,13.42,78.8,7,1.6,91.3,4.111,-4.2,0,1,30
2026-03-31T08:15:08,-9.618070,-138.159103,18.0,13.86,73.0,8,1.1,91.2,4.109,-4.2,0,1,31
2026-03-31T08:15:36,-9.617615,-138.157394,15.1,12.91,73.8,8,1.2,91.3,4.111,-4.2,0,1,32
2026-03-31T08:16:04,-9.617145,-138.155670,16.5,13.33,80.1,8,1.2,91.5,4.111,-4.4,0,1,33
2026-03-31T08:16:32,-9.616647,-138.153976,15.3,13.73,72.3,8,1.1,91.0,4.110,-4.2,0,1,34
2026-03-31T08:17:00,-9.616156,-138.152252,2.8,13.25,77.3,8,1.1,91.2,4.113,-4.2,0,1,35
2026-03-31T08:17:28,-9.615729,-138.150543,0.5,13.35,79.3,8,1.2,91.2,4.111,-4.2,0,1,36
2026-03-31T08:17:56,-9.615232,-138.148819,2.5,13.76,80.8,6,1.3,91.2,4.109,-4.2,0,1,37
2026-03-31T08:18:24,-9.614786,-138.147079,3.9,12.96,76.0,7,1.3,91.3,4.110,-4.2,0,1,38
2026-03-31T08:18:52,-9.614305,-138.145340,-1.0,14.11,77.0,7,1.3,91.0,4.109,-4.2,0,1,39
2026-03-31T08:19:20,-9.613860,-138.143646,-0.7,13.29,77.4,7,1.3,90.9,4.110,-4.4,0,1,40
2026-03-31T08:19:48,-9.613417,-138.141907,-0.1,13.50,79.3,7,1.3,90.9,4.110,-4.4,0,1,41
2026-03-31T08:20:16,-9.612929,-138.140182,1.2,13.91,77.3,8,1.1,91.2,4.109,-4.2,0,1,42
2026-03-31T08:20:44,-9.612561,-138.138412,-1.9,13.19,76.1,8,1.1,91.2,4.109,-4.2,0,1,43
2026-03-31T08:21:12,-9.612072,-138.136719,-2.4,13.40,78.7,8,1.1,90.9,4.110,-4.4,0,1,44
2026-03-31T08:21:40,-9.611555,-138.134995,-3.3,14.66,74.1,8,1.1,91.2,4.108,-4.2,0,1,45
2026-03-31T08:22:08,-9.611125,-138.133255,4.2,13.29,77.8,8,1.1,91.0,4.109,-4.2,0,1,46
2026-03-31T08:22:36,-9.610728,-138.131500,13.7,14.21,74.5,8,1.1,91.2,4.108,-4.2,0,1,47
2026-03-31T08:23:04,-9.610223,-138.129791,19.0,13.31,73.5,8,1.1,91.0,4.109,-4.2,0,1,48
2026-03-31T08:23:32,-9.609741,-138.128067,22.9,13.56,73.1,8,1.1,90.9,4.109,-4.4,0,1,49
2026-03-31T08:24:00,-9.609324,-138.126282,19.4,13.66,77.0,8,1.1,91.0,4.109,-4.2,0,1,50
2026-03-31T08:24:28,-9.608828,-138.124557,17.2,14.24,75.2,8,1.1,90.7,4.108,-4.2,0,1,51
2026-03-31T08:24:56,-9.608391,-138.122833,5.9,13.50,78.9,8,1.1,91.0,4.109,-4.2,0,1,52
2026-03-31T08:25:24,-9.607934,-138.121094,-7.1,13.35,76.5,8,1.1,91.0,4.108,-4.2,0,1,53
2026-03-31T08:25:52,-9.607478,-138.119354,-16.5,13.31,74.7,8,1.1,90.7,4.106,-4.2,0,1,54
2026-03-31T08:26:20,-9.607043,-138.117599,-21.7,14.13,77.1,8,1.1,90.7,4.106,-4.2,0,1,55
2026-03-31T08:26:48,-9.606628,-138.115860,-29.5,13.58,78.6,8,1.1,90.7,4.108,-4.2,0,1,56
2026-03-31T08:27:16,-9.606208,-138.114075,-33.3,13.45,76.2,8,1.1,91.0,4.108,-4.2,0,1,57
2026-03-31T08:27:44,-9.605710,-138.112320,-33.5,13.09,78.4,8,1.1,90.9,4.106,-4.4,0,1,58
2026-03-31T08:28:12,-9.605237,-138.110550,-36.7,13.27,77.0,8,1.1,90.7,4.106,-4.2,0,1,59
2026-03-31T08:28:40,-9.604831,-138.108780,-43.9,13.14,75.5,8,1.1,90.7,4.106,-4.2,0,1,60
2026-03-31T08:29:08,-9.604360,-138.107040,-51.0,13.72,78.0,8,1.1,90.5,4.106,-4.2,0,1,61
2026-03-31T08:29:36,-9.603843,-138.105316,-52.5,13.57,75.2,8,1.1,90.5,4.106,-4.2,0,1,62
2026-03-31T08:30:04,-9.603327,-138.103607,-48.8,13.98,75.0,8,1.1,90.7,4.106,-4.2,0,1,63
2026-03-31T08:30:32,-9.602874,-138.101883,-43.7,13.73,78.9,8,1.1,90.5,4.106,-4.2,0,1,64
2026-03-31T08:31:00,-9.602463,-138.100189,-39.5,13.22,76.4,8,1.1,90.5,4.105,-4.2,0,1,65
2026-03-31T08:31:28,-9.602036,-138.098450,-38.0,14.57,76.4,8,1.1,90.4,4.106,2406.4,0,1,66
2026-03-31T08:31:56,-9.601532,-138.096725,-30.8,13.78,73.9,8,1.1,90.5,4.106,-4.2,0,1,67
2026-03-31T08:32:24,-9.601118,-138.094986,-30.6,13.71,76.8,8,1.1,90.5,4.104,-4.2,0,1,68
2026-03-31T08:32:52,-9.600680,-138.093262,-32.5,13.65,77.6,8,1.2,90.5,4.106,-4.2,0,1,69
2026-03-31T08:33:20,-9.600182,-138.091553,-30.8,13.67,70.3,8,1.1,90.4,4.104,-4.2,0,1,70
2026-03-31T08:33:48,-9.599709,-138.089813,-30.6,14.11,80.4,8,1.1,90.4,4.105,-4.2,0,1,71
2026-03-31T08:34:16,-9.599226,-138.088104,-31.7,13.13,78.2,8,1.1,90.5,4.106,-4.2,0,1,72
2026-03-31T08:34:44,-9.598770,-138.086380,-39.4,13.30,79.8,8,1.1,90.4,4.105,-4.2,0,1,73
2026-03-31T08:35:12,-9.598344,-138.084656,-42.2,13.09,76.4,8,1.1,90.5,4.104,-4.2,0,1,74
2026-03-31T08:35:40,-9.597841,-138.082932,-42.9,12.95,74.0,7,1.3,90.2,4.104,-4.4,0,1,75
2026-03-31T08:36:08,-9.597405,-138.081223,-39.2,14.05,76.3,6,2.0,90.4,4.101,-4.2,0,1,76
2026-03-31T08:36:36,-9.596992,-138.079498,-40.7,12.94,74.0,6,2.0,90.4,4.104,2406.4,0,1,77
2026-03-31T08:37:04,-9.596523,-138.077805,-39.2,13.34,75.1,7,1.3,90.2,4.102,-4.4,0,1,78
2026-03-31T08:37:32,-9.596048,-138.076065,-33.4,14.44,73.7,7,1.8,90.1,4.102,-4.2,0,1,79
2026-03-31T08:38:00,-9.595641,-138.074371,-35.5,14.94,77.5,7,1.3,90.2,4.102,-4.4,0,1,80
2026-03-31T08:38:28,-9.595242,-138.072662,-40.0,13.69,77.2,7,1.3,90.4,4.102,-4.2,0,1,81
2026-03-31T08:38:56,-9.594813,-138.070969,-46.7,13.39,72.2,7,1.3,90.1,4.102,-4.2,0,1,82
2026-03-31T08:39:24,-9.594344,-138.069229,-52.9,13.82,74.0,7,1.3,90.4,4.104,-4.2,0,1,83
2026-03-31T08:39:52,-9.593946,-138.067520,-64.8,12.58,71.9,6,1.3,90.4,4.104,-4.2,0,1,84
2026-03-31T08:40:20,-9.593544,-138.065781,-70.0,13.30,76.7,7,1.3,90.1,4.102,-4.2,0,1,85
2026-03-31T08:40:48,-9.593099,-138.064026,-77.4,13.64,76.2,7,1.3,90.1,4.102,-4.2,0,1,86
2026-03-31T08:41:16,-9.592689,-138.062317,-82.7,13.54,73.9,6,1.4,89.9,4.102,-4.2,0,1,87
2026-03-31T08:41:44,-9.592201,-138.060577,-87.2,14.16,76.2,7,1.3,90.1,4.102,-4.2,0,1,88
2026-03-31T08:42:12,-9.591729,-138.058884,-79.8,13.59,73.9,6,2.0,89.9,4.101,-4.2,0,1,89
2026-03-31T08:42:40,-9.591190,-138.057159,-74.1,13.47,77.8,6,2.0,89.9,4.101,-4.2,0,1,90
2026-03-31T08:43:08,-9.590796,-138.055481,-72.3,13.22,76.2,6,2.0,90.1,4.101,-4.2,0,1,91
2026-03-31T08:43:36,-9.590281,-138.053757,-75.0,13.16,77.3,6,2.0,90.1,4.100,-4.2,0,1,92
2026-03-31T08:44:04,-9.589858,-138.052048,-80.0,13.90,79.4,6,2.0,89.9,4.100,-4.2,0,1,93
2026-03-31T08:44:32,-9.589446,-138.050323,-88.6,14.19,74.0,6,2.0,90.1,4.100,-4.2,0,1,94
2026-03-31T08:45:00,-9.589000,-138.048630,-94.9,12.84,73.9,6,2.0,90.2,4.100,-4.4,0,1,95
2026-03-31T08:45:28,-9.588511,-138.046906,-102.9,13.67,76.3,5,2.0,89.9,4.105,-4.2,0,1,96
2026-03-31T08:45:56,-9.588103,-138.045212,-101.1,13.14,77.5,6,1.3,90.1,4.104,-4.2,0,1,97
2026-03-31T08:46:24,-9.587690,-138.043488,-101.3,13.83,78.4,5,2.0,89.6,4.105,-4.4,0,1,98
2026-03-31T08:46:52,-9.587289,-138.041779,-97.2,13.94,76.7,5,2.0,90.4,4.101,-4.2,0,1,99
2026-03-31T08:47:20,-9.586774,-138.040039,-97.4,13.00,77.3,5,2.0,90.1,4.100,-4.2,0,1,100
2026-03-31T08:47:48,-9.586288,-138.038315,-98.3,13.87,74.8,5,2.0,89.9,4.099,-4.2,0,1,101
2026-03-31T08:48:16,-9.585847,-138.036591,-95.9,13.44,75.3,5,2.0,89.9,4.100,-4.2,0,1,102
2026-03-31T08:48:44,-9.585327,-138.034866,-90.9,13.66,75.1,5,2.0,90.1,4.099,-4.2,0,1,103
2026-03-31T08:49:12,-9.584826,-138.033157,-89.9,13.35,70.8,5,2.3,90.1,4.096,-4.2,0,1,104
2026-03-31T08:49:40,-9.584306,-138.031464,-93.7,13.50,74.2,5,1.9,90.1,4.099,-4.2,0,1,105
2026-03-31T08:50:08,-9.583834,-138.029755,-95.8,13.73,75.7,5,1.9,89.9,4.097,-4.2,0,1,106
2026-03-31T08:50:36,-9.583520,-138.028091,-92.9,12.87,75.8,6,2.3,89.9,4.102,-4.2,0,1,107
2026-03-31T08:51:04,-9.583188,-138.026489,-77.6,14.01,75.7,6,2.3,89.7,4.097,-4.2,0,1,108
2026-03-31T08:51:32,-9.582748,-138.024765,-71.2,13.29,77.9,6,2.3,89.6,4.099,-4.4,0,1,109
2026-03-31T08:52:00,-9.582290,-138.023071,-68.2,12.93,74.4,8,1.2,89.7,4.097,-4.2,0,1,110
2026-03-31T08:52:28,-9.581868,-138.021347,-63.2,14.26,77.5,7,1.8,89.6,4.097,-4.4,0,1,111
2026-03-31T08:52:56,-9.581397,-138.019608,-66.5,13.25,74.2,7,2.2,89.4,4.099,-4.2,0,1,112
2026-03-31T08:53:24,-9.580978,-138.017853,-60.5,13.30,75.8,8,1.2,89.4,4.096,-4.2,0,1,113
2026-03-31T08:53:52,-9.580508,-138.016129,-57.7,13.40,70.5,7,1.8,89.6,4.097,-4.4,0,1,114
2026-03-31T08:54:20,-9.579954,-138.014343,-32.7,13.65,73.4,7,1.8,89.4,4.097,-4.2,0,1,115
2026-03-31T08:54:48,-9.579405,-138.012589,-12.0,13.16,74.4,7,2.1,89.6,4.097,-4.4,0,1,116
2026-03-31T08:55:16,-9.578928,-138.010818,-5.2,15.51,75.7,6,2.1,89.6,4.097,-4.4,0,1,117
2026-03-31T08:55:44,-9.578364,-138.009186,-0.5,12.78,74.2,7,1.8,89.3,4.097,-4.2,0,1,118
2026-03-31T08:56:12,-9.577849,-138.007507,4.5,11.22,69.7,8,1.1,89.4,4.096,-4.2,0,1,119
2026-03-31T08:56:40,-9.577336,-138.005798,5.0,13.68,76.4,7,1.8,89.4,4.096,-4.2,0,1,120
2026-03-31T08:57:08,-9.576692,-138.004166,13.5,13.35,76.6,7,1.8,89.4,4.096,-4.2,0,1,121
2026-03-31T08:57:36,-9.576179,-138.002457,20.3,13.60,73.4,7,1.8,89.3,4.096,-4.2,0,1,122
2026-03-31T08:58:04,-9.575760,-138.000702,23.5,12.70,71.0,7,1.8,89.6,4.094,-4.4,0,1,123
2026-03-31T08:58:32,-9.575326,-137.998978,23.3,13.98,74.6,7,1.7,89.4,4.096,-4.2,0,1,124
2026-03-31T08:59:00,-9.574835,-137.997253,22.6,13.34,73.6,7,1.7,89.3,4.096,-4.2,0,1,125
2026-03-31T08:59:28,-9.574382,-137.995514,23.3,13.99,77.9,7,1.7,89.3,4.095,-4.2,0,1,126
2026-03-31T08:59:56,-9.573916,-137.993759,23.9,14.09,74.0,7,1.7,89.4,4.096,-4.2,0,1,127
2026-03-31T09:00:24,-9.573474,-137.992035,19.4,12.14,77.4,7,1.7,89.1,4.096,-4.2,0,1,128
2026-03-31T09:00:52,-9.572988,-137.990295,24.0,13.82,76.2,7,1.7,89.3,4.094,2376.8,0,1,129
2026-03-31T09:01:20,-9.572551,-137.988571,26.7,13.54,75.2,7,1.7,89.1,4.094,-4.2,0,1,130
2026-03-31T09:01:48,-9.572139,-137.986877,22.6,13.63,77.1,7,1.7,89.1,4.094,-4.2,0,1,131
2026-03-31T09:02:16,-9.571717,-137.985184,15.8,13.52,72.1,7,1.7,89.1,4.095,-4.2,0,1,132
2026-03-31T09:02:44,-9.571308,-137.983475,12.8,13.15,79.7,7,1.7,89.1,4.096,-4.2,0,1,133
2026-03-31T09:03:12,-9.570764,-137.981766,15.3,13.84,74.7,7,1.7,89.1,4.094,-4.2,0,1,134
2026-03-31T09:03:40,-9.570252,-137.980072,14.5,13.35,73.3,6,1.9,89.0,4.094,-4.4,0,1,135
2026-03-31T09:04:08,-9.569715,-137.978348,16.8,14.14,72.9,7,1.7,89.0,4.093,2368.3,0,1,136
2026-03-31T09:04:36,-9.569251,-137.976654,15.2,13.78,76.4,7,1.7,89.0,4.094,-4.4,0,1,137
2026-03-31T09:05:04,-9.568740,-137.974930,16.7,13.41,71.3,7,1.7,89.1,4.095,-4.2,0,1,138
2026-03-31T09:05:32,-9.568188,-137.973206,18.4,13.94,73.5,7,1.7,89.0,4.094,-4.4,0,1,139
2026-03-31T09:06:00,-9.567717,-137.971466,17.8,13.20,71.7,7,1.7,89.1,4.093,-4.2,0,1,140
2026-03-31T09:06:28,-9.567106,-137.969772,17.8,14.17,75.6,7,1.7,89.0,4.094,2368.3,0,1,141
2026-03-31T09:06:56,-9.566607,-137.968033,20.5,13.56,68.2,7,1.7,89.0,4.094,-4.4,0,1,142
2026-03-31T09:07:24,-9.566107,-137.966324,18.3,13.61,75.2,7,1.7,89.0,4.094,-4.4,0,1,143
2026-03-31T09:07:52,-9.565697,-137.964600,15.9,13.76,72.9,6,1.8,88.8,4.093,-4.2,0,1,144
2026-03-31T09:08:20,-9.565253,-137.962845,13.7,13.45,75.0,7,1.7,89.1,4.090,2372.7,0,1,145
2026-03-31T09:08:48,-9.564774,-137.961182,12.2,12.08,73.0,7,1.7,89.0,4.093,-4.4,0,1,146
2026-03-31T09:09:16,-9.564201,-137.959488,12.9,14.46,67.0,7,1.6,89.0,4.093,-4.4,0,1,147
2026-03-31T09:09:44,-9.563675,-137.957779,12.6,14.09,69.1,7,1.6,89.0,4.093,-4.4,0,1,148
2026-03-31T09:10:12,-9.563178,-137.956100,10.5,13.65,71.9,8,1.6,88.6,4.091,-4.2,0,1,149
2026-03-31T09:10:40,-9.562688,-137.954391,12.6,12.30,70.3,8,1.6,89.0,4.093,-4.4,0,1,150
2026-03-31T09:11:08,-9.562071,-137.952606,25.2,13.78,74.3,8,1.5,88.6,4.090,-4.2,0,1,151
2026-03-31T09:11:36,-9.561544,-137.950867,28.0,14.24,74.2,9,1.0,88.6,4.089,-4.2,0,1,152
2026-03-31T09:12:04,-9.561012,-137.949173,33.1,13.03,79.0,8,1.5,88.8,4.091,-4.2,0,1,153
2026-03-31T09:12:32,-9.560363,-137.947433,43.8,14.43,77.6,8,1.8,88.8,4.091,-4.2,0,1,154
2026-03-31T09:13:00,-9.559713,-137.945679,50.8,13.18,70.4,8,1.5,88.6,4.091,-4.2,0,1,155
2026-03-31T09:13:28,-9.559166,-137.943970,46.4,13.33,71.7,8,1.5,88.5,4.091,-3.7,0,1,156
2026-03-31T09:13:56,-9.558576,-137.942230,57.1,13.54,73.2,8,1.7,88.5,4.090,-3.7,0,1,157
2026-03-31T09:14:24,-9.558122,-137.940521,53.0,12.39,70.6,8,1.5,88.6,4.090,-4.2,0,1,158
2026-03-31T09:14:52,-9.557593,-137.938797,48.8,13.54,72.9,8,1.5,88.8,4.091,-4.2,0,1,159
2026-03-31T09:15:20,-9.557196,-137.937073,41.5,13.50,75.2,8,1.5,88.4,4.091,-4.0,0,1,160
2026-03-31T09:15:48,-9.556706,-137.935379,38.4,13.83,73.8,8,1.5,88.6,4.091,-4.2,0,1,161
2026-03-31T09:16:16,-9.556193,-137.933655,34.7,13.20,75.3,8,1.7,88.5,4.090,-3.7,0,1,162
2026-03-31T09:16:44,-9.555756,-137.931961,25.3,13.86,73.1,8,1.7,88.6,4.091,-4.2,0,1,163
2026-03-31T09:17:12,-9.555346,-137.930222,16.0,13.13,73.1,8,1.7,88.6,4.091,-4.2,0,1,164
2026-03-31T09:17:40,-9.554842,-137.928467,22.0,13.30,73.2,8,1.5,88.5,4.090,-3.7,0,1,165
2026-03-31T09:18:08,-9.554298,-137.926758,17.9,13.70,74.2,8,1.5,88.5,4.088,2356.2,0,1,166
2026-03-31T09:18:36,-9.553714,-137.925079,14.5,13.21,70.9,8,1.4,88.6,4.088,-4.2,0,1,167
2026-03-31T09:19:04,-9.553169,-137.923355,16.6,14.28,77.5,8,1.4,88.4,4.089,-4.0,0,1,168
2026-03-31T09:19:32,-9.552630,-137.921631,16.1,13.84,79.1,8,1.6,88.5,4.089,-3.7,0,1,169
2026-03-31T09:20:00,-9.552170,-137.919937,14.4,13.33,72.5,8,1.4,88.4,4.088,-4.0,0,1,170
2026-03-31T09:20:28,-9.551620,-137.918243,16.2,13.77,77.0,8,1.4,88.4,4.089,-4.0,0,1,171
2026-03-31T09:20:56,-9.550975,-137.916626,16.6,12.83,69.7,8,1.4,88.4,4.088,-4.0,0,1,172
2026-03-31T09:21:24,-9.550530,-137.914963,18.7,12.92,76.1,8,1.6,88.4,4.088,-4.0,0,1,173
2026-03-31T09:21:52,-9.550001,-137.913269,19.3,13.38,72.8,9,1.3,88.1,4.086,-4.0,0,1,174
2026-03-31T09:22:20,-9.549461,-137.911530,25.7,14.72,75.0,9,1.5,88.4,4.089,-4.0,0,1,175
2026-03-31T09:22:48,-9.548959,-137.909805,21.5,13.72,77.7,8,1.7,88.5,4.089,-3.7,0,1,176
2026-03-31T09:23:16,-9.548420,-137.908096,24.9,13.66,72.7,9,1.3,88.4,4.089,-4.0,0,1,177
2026-03-31T09:23:44,-9.547873,-137.906387,21.0,13.69,72.3,8,1.3,88.2,4.089,-3.7,0,1,178
2026-03-31T09:24:12,-9.547344,-137.904724,19.9,13.22,70.8,8,1.3,88.2,4.086,-3.7,0,1,179
2026-03-31T09:24:40,-9.546792,-137.903000,21.0,13.23,71.4,8,1.3,88.2,4.088,-3.7,0,1,180
2026-03-31T09:25:08,-9.546268,-137.901291,18.8,13.47,71.2,7,1.7,88.2,4.088,-3.7,0,1,181
2026-03-31T09:25:36,-9.545756,-137.899551,19.2,14.44,72.7,8,1.3,88.1,4.086,-4.0,0,1,182
2026-03-31T09:26:04,-9.545247,-137.897842,22.7,13.99,76.3,8,1.3,88.4,4.088,-4.0,0,1,183
2026-03-31T09:26:32,-9.544719,-137.896133,29.3,13.57,73.5,8,1.3,88.2,4.089,-3.7,0,1,184
2026-03-31T09:27:00,-9.544215,-137.894424,32.8,13.79,70.8,8,1.3,88.1,4.088,-4.0,0,1,185
2026-03-31T09:27:28,-9.543681,-137.892731,33.1,14.97,74.9,8,1.3,88.2,4.086,-3.7,0,1,186
2026-03-31T09:27:57,-9.543172,-137.891022,32.6,14.44,72.0,8,1.3,88.2,4.085,-3.7,0,1,187
2026-03-31T09:28:25,-9.542619,-137.889328,33.2,13.59,69.9,8,1.3,88.1,4.086,-4.0,0,1,188
2026-03-31T09:28:53,-9.542086,-137.887650,33.2,12.79,70.8,8,1.3,88.1,4.084,2344.6,0,1,189
2026-03-31T09:29:21,-9.541571,-137.885971,34.0,13.10,72.8,8,1.3,88.1,4.086,-4.0,0,1,190
2026-03-31T09:29:49,-9.541060,-137.884247,35.5,12.86,74.4,8,1.3,87.9,4.084,-3.7,0,1,191
2026-03-31T09:30:17,-9.540582,-137.882553,35.3,13.90,72.6,8,1.3,88.5,4.086,-3.7,0,1,192
2026-03-31T09:30:45,-9.540069,-137.880875,36.6,12.86,71.5,8,1.2,88.4,4.084,-4.0,0,1,193
2026-03-31T09:31:13,-9.539557,-137.879166,32.9,13.98,73.6,8,1.2,88.1,4.086,-4.0,0,1,194
2026-03-31T09:31:41,-9.539012,-137.877472,29.4,14.11,67.9,8,1.2,87.9,4.085,-3.7,0,1,195
2026-03-31T09:32:09,-9.538455,-137.875778,44.7,13.69,71.6,8,1.4,88.1,4.085,-4.0,0,1,196
2026-03-31T09:32:37,-9.537940,-137.874039,40.6,13.86,69.9,8,1.4,87.8,4.084,-3.7,0,1,197
2026-03-31T09:33:05,-9.537436,-137.872314,35.1,12.95,71.3,8,1.2,87.9,4.085,-3.7,0,1,198
2026-03-31T09:33:33,-9.536930,-137.870636,32.1,14.39,72.8,8,1.2,87.8,4.084,-3.7,0,1,199
2026-03-31T09:34:01,-9.536392,-137.868942,31.1,13.83,68.5,8,1.4,87.9,4.085,-3.7,0,1,200
2026-03-31T09:34:29,-9.535889,-137.867279,30.3,14.09,74.4,8,1.4,87.8,4.085,-3.7,0,1,201
2026-03-31T09:34:57,-9.535410,-137.865570,23.2,12.49,73.9,8,1.2,87.6,4.084,-4.0,0,1,202
2026-03-31T09:35:25,-9.534929,-137.863861,25.7,13.43,74.9,8,1.2,88.1,4.084,-4.0,0,1,203
2026-03-31T09:35:53,-9.534483,-137.862137,14.2,12.98,72.6,8,1.2,87.8,4.082,-3.7,0,1,204
2026-03-31T09:36:21,-9.534012,-137.860443,17.7,13.68,73.4,9,1.3,87.8,4.085,-3.7,0,1,205
2026-03-31T09:36:49,-9.533552,-137.858719,14.9,12.85,76.7,8,1.2,87.6,4.082,-4.0,0,1,206
2026-03-31T09:37:17,-9.533027,-137.856995,2.8,12.82,69.9,9,1.3,87.8,4.080,-3.7,0,1,207
2026-03-31T09:37:45,-9.532486,-137.855316,11.4,14.68,70.8,9,1.3,87.6,4.084,-4.0,0,1,208
2026-03-31T09:38:13,-9.531966,-137.853607,12.2,13.56,79.0,10,1.3,87.6,4.081,-4.0,0,1,209
2026-03-31T09:38:41,-9.531518,-137.851883,10.0,13.73,72.6,9,1.3,87.6,4.082,-4.0,0,1,210
2026-03-31T09:39:09,-9.530965,-137.850204,19.7,14.22,81.1,9,1.3,87.8,4.082,-3.7,0,1,211
2026-03-31T09:39:37,-9.530455,-137.848495,20.0,12.97,71.6,9,1.1,87.5,4.081,-3.7,0,1,212
2026-03-31T09:40:05,-9.529974,-137.846802,19.6,12.47,69.9,9,1.3,87.6,4.082,-4.0,0,1,213
2026-03-31T09:40:33,-9.529428,-137.845062,27.5,13.55,74.5,9,1.1,87.6,4.082,-4.0,0,1,214
2026-03-31T09:41:01,-9.528923,-137.843399,25.3,12.92,75.2,9,1.1,87.6,4.079,-4.0,0,1,215
2026-03-31T09:41:29,-9.528341,-137.841721,21.2,13.26,73.3,9,1.1,87.6,4.084,-4.0,0,1,216
2026-03-31T09:41:57,-9.527775,-137.840027,16.8,13.12,77.1,9,1.2,87.6,4.081,-4.0,0,1,217
2026-03-31T09:42:25,-9.527278,-137.838318,14.3,13.11,75.9,9,1.2,87.6,4.081,-4.0,0,1,218
2026-03-31T09:42:53,-9.526707,-137.836624,24.5,12.06,67.4,9,1.1,87.5,4.080,-3.7,0,1,219
2026-03-31T09:43:21,-9.526188,-137.834869,27.6,13.84,74.7,9,1.2,87.5,4.081,-3.7,0,1,220
2026-03-31T09:43:49,-9.525708,-137.833145,35.3,14.13,73.7,8,1.8,87.6,4.079,-4.0,0,1,221
2026-03-31T09:44:17,-9.525258,-137.831421,34.8,13.05,75.6,8,1.4,87.6,4.080,-4.0,0,1,222
2026-03-31T09:44:45,-9.524725,-137.829788,34.5,12.68,71.2,10,1.1,87.6,4.079,-4.0,0,1,223
2026-03-31T09:45:13,-9.524183,-137.828110,28.5,13.97,73.8,8,1.7,87.6,4.082,-4.0,0,1,224
2026-03-31T09:45:41,-9.523728,-137.826431,27.4,13.08,71.0,8,1.7,87.6,4.079,-4.0,0,1,225
2026-03-31T09:46:09,-9.523248,-137.824722,18.6,13.68,73.6,8,1.7,87.4,4.080,-3.7,0,1,226
2026-03-31T09:46:37,-9.522745,-137.823044,19.8,13.31,71.5,8,1.4,87.5,4.080,-3.7,0,1,227
2026-03-31T09:47:04,-9.522153,-137.821381,22.2,13.15,69.3,9,1.7,87.4,4.079,-3.7,0,1,228
2026-03-31T09:47:32,-9.521649,-137.819656,24.2,13.02,73.2,9,1.3,87.5,4.080,-3.7,0,1,229
2026-03-31T09:48:00,-9.521147,-137.817947,24.5,13.77,71.9,9,1.6,87.4,4.079,-3.7,0,1,230
2026-03-31T09:48:29,-9.520586,-137.816254,27.7,13.66,68.4,8,1.7,87.4,4.080,-3.7,0,1,231
2026-03-31T09:48:57,-9.519985,-137.814575,28.0,14.24,69.8,7,2.2,87.5,4.080,-3.7,0,1,232
2026-03-31T09:49:25,-9.519502,-137.812820,25.4,13.72,73.4,7,2.2,87.2,4.080,-4.0,0,1,233
2026-03-31T09:49:53,-9.518985,-137.811096,27.4,13.40,73.5,7,2.2,87.4,4.080,-3.7,0,1,234
2026-03-31T09:50:20,-9.518448,-137.809387,27.5,13.98,71.6,8,1.6,87.1,4.079,-3.7,0,1,235
2026-03-31T09:50:49,-9.517833,-137.807693,32.1,14.08,73.8,6,2.5,87.2,4.080,-4.0,0,1,236
2026-03-31T09:51:17,-9.517237,-137.805984,34.1,13.48,72.9,6,3.3,87.4,4.077,-3.7,0,1,237
2026-03-31T09:51:45,-9.516709,-137.804291,40.7,14.61,75.6,6,3.3,87.2,4.079,-4.0,0,1,238
2026-03-31T09:52:12,-9.516147,-137.802597,40.6,13.65,72.9,6,3.3,87.4,4.076,-3.7,0,1,239
2026-03-31T09:52:40,-9.515645,-137.800888,39.7,14.04,75.0,8,1.7,87.2,4.079,-4.0,0,1,240
2026-03-31T09:53:08,-9.515146,-137.799164,36.6,13.89,72.2,7,2.1,87.2,4.077,-4.0,0,1,241
2026-03-31T09:53:36,-9.514652,-137.797455,35.7,14.08,70.5,9,1.3,87.1,4.077,-3.7,0,1,242
2026-03-31T09:54:04,-9.514200,-137.795715,31.9,13.37,75.6,8,1.5,87.5,4.077,-3.7,0,1,243
2026-03-31T09:54:32,-9.513660,-137.793991,34.1,14.11,70.2,8,2.0,87.2,4.077,-4.0,0,1,244
2026-03-31T09:55:00,-9.513129,-137.792252,35.2,14.09,72.1,8,2.0,87.2,4.077,-4.0,0,1,245
2026-03-31T09:55:28,-9.512568,-137.790573,42.6,13.08,78.4,8,1.5,87.4,4.077,-3.7,0,1,246
2026-03-31T09:55:56,-9.512098,-137.788788,40.5,13.81,78.9,9,1.5,87.2,4.077,-4.0,0,1,247
2026-03-31T09:56:24,-9.511477,-137.787109,49.2,12.71,73.5,8,1.5,87.1,4.077,-3.7,0,1,248
2026-03-31T09:56:52,-9.510841,-137.785431,53.4,14.06,68.5,9,1.3,86.9,4.076,-4.0,0,1,249
2026-03-31T09:57:20,-9.510299,-137.783737,55.4,14.14,73.8,8,1.9,87.1,4.077,-3.7,0,1,250
2026-03-31T09:57:48,-9.509768,-137.782013,53.4,13.42,70.4,8,1.4,86.9,4.076,-4.0,0,1,251
2026-03-31T09:58:16,-9.509254,-137.780273,54.0,13.48,70.9,8,1.9,87.1,4.074,-3.7,0,1,252
2026-03-31T09:58:44,-9.508828,-137.778564,51.0,12.36,66.5,8,1.4,87.1,4.077,-3.7,0,1,253
2026-03-31T09:59:12,-9.508270,-137.776901,54.6,12.89,74.1,8,1.9,87.1,4.074,-3.7,0,1,254
2026-03-31T09:59:40,-9.507778,-137.775162,51.6,13.41,77.9,8,1.5,87.1,4.076,-3.7,0,1,255
2026-03-31T10:00:08,-9.507195,-137.773499,50.0,13.46,75.2,7,3.0,86.9,4.076,-4.0,0,1,256
2026-03-31T10:00:36,-9.506648,-137.771820,51.0,14.16,74.0,7,3.0,86.9,4.076,-4.0,0,1,257
2026-03-31T10:01:04,-9.506043,-137.770050,56.5,13.73,71.8,7,3.0,86.8,4.076,-3.7,0,1,258
2026-03-31T10:01:32,-9.505513,-137.768295,52.2,13.42,75.0,8,1.5,86.8,4.076,-3.7,0,1,259
2026-03-31T10:02:00,-9.505043,-137.766602,48.6,13.10,75.4,6,3.0,86.8,4.074,-3.7,0,1,260
2026-03-31T10:02:28,-9.504622,-137.764908,44.2,12.51,87.8,8,1.4,86.8,4.074,2310.3,0,1,261
2026-03-31T10:02:56,-9.504093,-137.763168,43.7,13.88,73.4,7,2.9,86.9,4.074,-4.0,0,1,262
2026-03-31T10:03:24,-9.503540,-137.761429,46.2,12.69,72.1,8,1.4,86.6,4.073,-3.7,0,1,263
2026-03-31T10:03:52,-9.503061,-137.759674,39.7,12.73,76.2,7,2.9,86.6,4.076,-3.7,0,1,264
2026-03-31T10:04:20,-9.502597,-137.757950,40.4,13.87,75.5,7,2.7,86.8,4.073,-3.7,0,1,265
2026-03-31T10:04:48,-9.502070,-137.756241,43.2,13.01,80.3,7,2.9,86.6,4.073,-3.7,0,1,266
2026-03-31T10:05:16,-9.501543,-137.754517,41.5,12.59,71.7,7,2.9,86.6,4.074,-3.7,0,1,267
2026-03-31T10:05:44,-9.501080,-137.752762,37.0,13.62,76.1,7,2.8,86.9,4.074,-4.0,0,1,268
2026-03-31T10:06:12,-9.500564,-137.751068,33.7,12.67,73.0,7,2.8,86.9,4.073,-4.0,0,1,269
2026-03-31T10:06:40,-9.500020,-137.749359,40.4,13.16,70.5,8,1.5,86.8,4.074,-3.7,0,1,270
2026-03-31T10:07:08,-9.499531,-137.747620,41.3,13.65,78.9,8,1.5,86.6,4.074,-3.7,0,1,271
2026-03-31T10:07:36,-9.499005,-137.745926,39.3,13.46,71.9,9,1.4,86.5,4.074,-4.0,0,1,272
2026-03-31T10:08:04,-9.498526,-137.744217,34.8,13.12,76.1,8,2.7,86.6,4.073,-3.7,0,1,273
2026-03-31T10:08:32,-9.497971,-137.742508,33.7,13.79,75.0,8,2.7,86.8,4.073,-3.7,0,1,274
2026-03-31T10:09:00,-9.497416,-137.740799,30.8,12.76,68.2,8,2.7,86.8,4.073,-3.7,0,1,275
2026-03-31T10:09:28,-9.496839,-137.739105,30.1,13.09,68.5,8,2.7,86.5,4.073,-4.0,0,1,276
2026-03-31T10:09:56,-9.496335,-137.737396,30.6,13.57,71.4,8,2.7,86.6,4.073,-3.7,0,1,277
2026-03-31T10:10:24,-9.495772,-137.735687,32.2,13.68,72.7,8,2.7,86.5,4.073,-4.0,0,1,278
2026-03-31T10:10:52,-9.495244,-137.733932,36.1,13.72,72.0,8,2.6,86.5,4.073,-4.0,0,1,279
2026-03-31T10:11:20,-9.494720,-137.732208,35.6,14.14,70.9,8,2.5,86.5,4.073,2302.6,0,1,280
2026-03-31T10:11:48,-9.494152,-137.730515,39.1,14.13,72.2,8,2.6,86.5,4.073,-4.0,0,1,281
2026-03-31T10:12:16,-9.493660,-137.728775,34.7,14.93,78.8,8,2.6,86.6,4.073,-3.7,0,1,282
2026-03-31T10:12:44,-9.493144,-137.727036,27.8,13.88,72.8,9,1.3,86.6,4.070,-3.7,0,1,283
2026-03-31T10:13:12,-9.492609,-137.725327,29.3,12.48,68.9,8,2.6,86.6,4.071,-3.7,0,1,284
2026-03-31T10:13:40,-9.492055,-137.723602,30.3,13.45,72.5,8,2.5,86.3,4.071,-3.7,0,1,285
2026-03-31T10:14:08,-9.491523,-137.721863,17.9,14.82,69.9,8,2.5,86.2,4.071,-3.7,0,1,286
2026-03-31T10:14:36,-9.491074,-137.720169,3.7,13.54,77.4,8,2.5,86.3,4.070,-3.7,0,1,287
2026-03-31T10:15:04,-9.490582,-137.718491,1.1,12.90,72.9,8,2.5,86.6,4.070,-3.7,0,1,288
2026-03-31T10:15:32,-9.490118,-137.716736,-2.7,12.72,71.7,8,2.4,86.3,4.070,2298.8,0,1,289
2026-03-31T10:16:00,-9.489655,-137.714966,-6.8,13.64,70.9,8,2.4,86.3,4.071,-3.7,0,1,290
2026-03-31T10:16:28,-9.489230,-137.713181,-8.6,14.04,76.8,8,2.4,86.3,4.070,-3.7,0,1,291
2026-03-31T10:16:56,-9.488708,-137.711426,-8.2,13.92,73.6,8,2.4,86.3,4.070,-3.7,0,1,292
2026-03-31T10:17:24,-9.488194,-137.709717,-11.7,14.10,73.1,8,2.3,86.3,4.070,-3.7,0,1,293
2026-03-31T10:17:52,-9.487725,-137.708008,-24.2,13.48,73.2,8,2.3,86.2,4.070,-3.7,0,1,294
2026-03-31T10:18:20,-9.487192,-137.706345,-31.5,13.11,69.9,8,2.4,86.1,4.069,-4.0,0,1,295
2026-03-31T10:18:48,-9.486731,-137.704575,-28.5,13.13,75.0,8,2.3,86.3,4.068,-3.7,0,1,296
2026-03-31T10:19:16,-9.486299,-137.702881,-33.7,13.59,78.6,7,2.4,86.2,4.069,-3.7,0,1,297
2026-03-31T10:19:44,-9.485797,-137.701202,-27.9,14.06,72.7,8,2.3,86.2,4.070,-3.7,0,1,298
2026-03-31T10:20:12,-9.485193,-137.699524,-19.3,12.97,68.5,7,2.4,86.2,4.070,-3.7,0,1,299
2026-03-31T10:20:40,-9.484624,-137.697784,-13.6,15.34,71.4,7,2.3,86.2,4.069,-3.7,0,1,300
2026-03-31T10:21:08,-9.484089,-137.696060,-6.2,13.60,71.2,7,2.3,86.2,4.069,-3.7,0,1,301
2026-03-31T10:21:36,-9.483544,-137.694366,-0.2,13.30,71.7,7,2.3,86.2,4.069,-3.7,0,1,302
2026-03-31T10:22:04,-9.482931,-137.692688,7.9,13.88,76.6,7,2.3,86.3,4.068,-3.7,0,1,303
2026-03-31T10:22:32,-9.482554,-137.690918,10.9,13.85,75.2,7,2.3,86.2,4.069,-3.7,0,1,304
2026-03-31T10:23:00,-9.481938,-137.689224,15.0,14.06,78.2,7,2.3,86.2,4.069,-3.7,0,1,305
2026-03-31T10:23:28,-9.481415,-137.687469,17.5,13.32,70.1,7,2.3,86.5,4.069,-4.0,0,1,306
2026-03-31T10:23:56,-9.480862,-137.685776,15.9,13.46,68.1,7,2.2,86.1,4.069,-4.0,0,1,307
2026-03-31T10:24:24,-9.480566,-137.684006,6.5,12.77,71.1,7,2.2,86.1,4.069,-4.0,0,1,308
2026-03-31T10:24:52,-9.480039,-137.682419,-15.7,12.22,73.5,7,2.2,85.9,4.068,-3.7,0,1,309
2026-03-31T10:25:20,-9.479502,-137.680786,-13.1,13.04,71.0,7,2.2,86.2,4.069,-3.7,0,1,310
2026-03-31T10:25:48,-9.478837,-137.679077,-0.9,13.37,73.4,7,2.2,86.1,4.066,-4.0,0,1,311
2026-03-31T10:26:16,-9.478074,-137.677429,19.4,13.76,65.1,7,2.2,85.9,4.068,-3.7,0,1,312
2026-03-31T10:26:44,-9.477713,-137.675674,21.9,12.32,74.7,7,2.1,86.1,4.068,-4.0,0,1,313
2026-03-31T10:27:12,-9.477157,-137.674042,25.1,14.37,74.1,7,2.1,85.9,4.068,-3.7,0,1,314
2026-03-31T10:27:40,-9.476674,-137.672333,23.7,13.14,75.0,7,2.1,86.1,4.068,-4.0,0,1,315
2026-03-31T10:28:08,-9.476270,-137.670670,8.9,13.10,77.9,7,2.1,86.1,4.068,-4.0,0,1,316
2026-03-31T10:28:36,-9.475708,-137.668961,15.8,13.69,73.8,6,2.2,85.6,4.068,-3.7,0,1,317
2026-03-31T10:29:04,-9.475163,-137.667282,15.1,13.46,74.9,6,2.2,85.8,4.066,-4.0,0,1,318
2026-03-31T10:29:32,-9.474631,-137.665573,12.8,13.19,71.6,6,2.2,85.9,4.068,-3.7,0,1,319
2026-03-31T10:30:00,-9.474094,-137.663864,22.9,12.85,70.9,7,2.0,85.9,4.065,-3.7,0,1,320
2026-03-31T10:30:28,-9.473577,-137.662155,29.5,13.02,76.2,6,2.1,85.6,4.065,-3.7,0,1,321
2026-03-31T10:30:56,-9.472980,-137.660492,40.7,13.24,71.4,6,2.1,85.8,4.068,-4.0,0,1,322
2026-03-31T10:31:24,-9.472543,-137.658829,34.9,12.28,75.7,7,2.0,86.1,4.065,-4.0,0,1,323
2026-03-31T10:31:52,-9.471992,-137.657166,49.5,13.20,74.3,6,2.1,85.9,4.068,-3.7,0,1,324
2026-03-31T10:32:20,-9.471513,-137.655441,57.0,12.52,77.3,6,2.0,85.9,4.065,-3.7,0,1,325
2026-03-31T10:32:48,-9.471024,-137.653763,56.6,12.83,69.4,6,2.0,85.9,4.065,-3.7,0,1,326
2026-03-31T10:33:16,-9.470517,-137.652100,53.0,12.95,71.6,6,2.0,85.9,4.066,-3.7,0,1,327
2026-03-31T10:33:44,-9.470023,-137.650406,50.4,13.67,72.9,7,1.9,85.6,4.066,-3.7,0,1,328
2026-03-31T10:34:12,-9.469563,-137.648697,56.0,13.44,74.1,6,2.0,85.8,4.066,-4.0,0,1,329
2026-03-31T10:34:40,-9.468965,-137.647095,48.9,13.71,70.5,6,2.0,85.8,4.065,-4.0,0,1,330
2026-03-31T10:35:08,-9.468472,-137.645401,51.1,12.47,69.6,6,2.0,86.1,4.065,-4.0,0,1,331
2026-03-31T10:35:36,-9.468001,-137.643768,53.7,13.61,71.6,7,1.8,85.6,4.065,-3.7,0,1,332
2026-03-31T10:36:04,-9.467544,-137.642044,54.8,13.52,73.3,6,2.0,85.8,4.064,-4.0,0,1,333
2026-03-31T10:36:32,-9.467102,-137.640274,50.7,12.49,71.1,6,1.9,85.8,4.065,-4.0,0,1,334
2026-03-31T10:37:00,-9.466625,-137.638580,56.2,13.44,75.1,7,1.8,85.5,4.065,-3.7,0,1,335
2026-03-31T10:37:28,-9.466222,-137.636871,63.2,13.89,76.7,6,1.9,85.5,4.065,-3.7,0,1,336
2026-03-31T10:37:56,-9.465783,-137.635162,66.0,12.92,76.8,7,1.8,85.5,4.064,-3.7,0,1,337
2026-03-31T10:38:24,-9.465302,-137.633469,66.7,13.91,67.7,7,1.8,85.8,4.064,-4.0,0,1,338
2026-03-31T10:38:52,-9.464847,-137.631805,61.8,12.85,66.0,6,1.9,85.6,4.064,-3.7,0,1,339
2026-03-31T10:39:20,-9.464394,-137.630112,57.7,13.22,74.7,6,1.8,85.5,4.064,-3.7,0,1,340
2026-03-31T10:39:48,-9.463884,-137.628418,57.9,12.77,69.6,6,1.8,85.3,4.062,2272.0,0,1,341
2026-03-31T10:40:16,-9.463487,-137.626694,60.5,13.63,74.6,6,1.8,85.5,4.064,-3.7,0,1,342
2026-03-31T10:40:44,-9.462905,-137.625000,63.2,14.03,66.9,6,1.8,85.3,4.064,-4.0,0,1,343
2026-03-31T10:41:12,-9.462450,-137.623322,64.4,13.72,73.8,6,1.8,85.3,4.064,-4.0,0,1,344
2026-03-31T10:41:40,-9.462008,-137.621597,61.6,13.47,71.6,6,1.8,85.5,4.061,-3.7,0,1,345
2026-03-31T10:42:08,-9.461443,-137.619873,59.2,13.67,79.0,6,1.8,85.6,4.062,-3.7,0,1,346
2026-03-31T10:42:36,-9.460981,-137.618134,59.6,13.62,69.5,6,1.8,85.5,4.060,-3.7,0,1,347
2026-03-31T10:43:04,-9.460484,-137.616455,50.5,14.18,69.7,6,1.7,85.3,4.062,-4.0,0,1,348
2026-03-31T10:43:32,-9.459953,-137.614731,49.0,12.85,73.1,6,1.7,85.3,4.061,-4.0,0,1,349
2026-03-31T10:44:00,-9.459480,-137.612991,55.5,13.53,77.0,6,1.7,85.5,4.064,-3.7,0,1,350
2026-03-31T10:44:28,-9.458941,-137.611252,60.7,14.35,73.8,6,1.7,85.3,4.062,-4.0,0,1,351
2026-03-31T10:44:56,-9.458448,-137.609528,60.5,13.33,71.1,6,1.7,85.3,4.064,-4.0,0,1,352
2026-03-31T10:45:24,-9.457930,-137.607834,51.3,13.45,69.7,6,1.7,85.3,4.061,-4.0,0,1,353
2026-03-31T10:45:52,-9.457394,-137.606125,31.9,13.76,76.9,7,1.5,85.2,4.061,-3.7,0,1,354
2026-03-31T10:46:20,-9.456923,-137.604431,17.2,13.56,75.1,7,1.5,85.2,4.060,-3.7,0,1,355
2026-03-31T10:46:48,-9.456482,-137.602722,23.3,12.37,79.7,7,1.5,85.2,4.062,-3.7,0,1,356
2026-03-31T10:47:16,-9.455978,-137.600998,27.0,14.55,78.0,7,1.5,85.2,4.061,-3.7,0,1,357
2026-03-31T10:47:44,-9.455472,-137.599319,33.5,13.76,77.5,7,1.6,85.3,4.060,-4.0,0,1,358
2026-03-31T10:48:12,-9.454948,-137.597626,32.4,13.30,71.7,7,1.5,85.3,4.060,-4.0,0,1,359
2026-03-31T10:48:40,-9.454428,-137.595901,31.2,14.10,68.5,7,1.5,85.1,4.060,-3.7,0,1,360
2026-03-31T10:49:08,-9.453966,-137.594193,40.6,15.12,70.6,7,1.5,85.1,4.060,-3.7,0,1,361
2026-03-31T10:49:36,-9.453519,-137.592545,43.4,12.94,69.5,7,1.5,85.2,4.061,-3.7,0,1,362
2026-03-31T10:50:04,-9.453027,-137.590866,41.4,12.40,80.3,7,1.5,85.2,4.059,-3.7,0,1,363
2026-03-31T10:50:32,-9.452511,-137.589157,48.5,12.93,73.0,7,1.5,85.2,4.060,-3.7,0,1,364
2026-03-31T10:51:00,-9.452003,-137.587463,47.6,12.32,74.3,7,1.5,84.9,4.061,-4.0,0,1,365
2026-03-31T10:51:28,-9.451602,-137.585770,40.7,13.21,75.6,7,1.5,85.1,4.057,-3.7,0,1,366
2026-03-31T10:51:56,-9.451137,-137.584076,28.0,13.19,75.3,7,1.4,85.2,4.059,-3.7,0,1,367
2026-03-31T10:52:24,-9.450602,-137.582382,17.4,12.84,71.9,7,1.5,85.6,4.057,-3.7,0,1,368
2026-03-31T10:52:52,-9.450187,-137.580734,5.0,13.30,72.1,7,1.4,84.9,4.060,-4.0,0,1,369
2026-03-31T10:53:20,-9.449674,-137.579056,-1.9,13.36,79.2,7,1.4,85.1,4.059,-3.7,0,1,370
2026-03-31T10:53:48,-9.449185,-137.577393,-12.0,13.15,75.1,7,1.4,84.9,4.059,-4.0,0,1,371
2026-03-31T10:54:16,-9.448686,-137.575699,-4.3,12.57,75.7,7,1.4,85.1,4.059,-3.7,0,1,372
2026-03-31T10:54:44,-9.448220,-137.574005,-4.6,14.06,69.8,7,1.5,85.1,4.060,-3.7,0,1,373
2026-03-31T10:55:12,-9.447794,-137.572327,2.6,12.39,76.7,7,1.5,84.9,4.059,-4.0,0,1,374
2026-03-31T10:55:40,-9.447302,-137.570602,3.7,13.80,70.0,7,1.5,84.8,4.057,-3.7,0,1,375
2026-03-31T10:56:08,-9.446858,-137.568878,-2.5,13.87,68.6,7,1.5,84.9,4.057,-4.0,0,1,376
2026-03-31T10:56:36,-9.446229,-137.567261,20.6,12.90,76.9,7,1.4,84.9,4.059,-4.0,0,1,377
2026-03-31T10:57:04,-9.445760,-137.565567,12.2,13.68,73.6,7,1.4,84.8,4.060,-3.7,0,1,378
2026-03-31T10:57:32,-9.445335,-137.563873,11.6,13.90,69.2,7,1.4,85.1,4.056,-3.7,0,1,379
2026-03-31T10:58:00,-9.444818,-137.562210,22.4,13.90,67.8,7,1.5,84.8,4.056,-3.7,0,1,380
2026-03-31T10:58:28,-9.444340,-137.560532,19.0,13.47,81.0,7,1.4,84.8,4.057,-3.7,0,1,381
2026-03-31T10:58:56,-9.443862,-137.558838,32.4,13.10,74.5,7,1.4,84.6,4.056,-4.0,0,1,382
2026-03-31T10:59:24,-9.443316,-137.557129,35.0,13.40,74.2,7,1.3,84.8,4.057,-3.7,0,1,383
2026-03-31T10:59:52,-9.442812,-137.555420,27.2,13.93,71.6,7,1.4,84.6,4.057,-4.0,0,1,384
2026-03-31T11:00:20,-9.442357,-137.553711,34.3,13.78,73.2,6,3.0,84.8,4.056,2256.8,0,1,385
2026-03-31T11:00:48,-9.441932,-137.551987,35.7,14.51,73.4,6,3.0,84.9,4.056,-4.0,0,1,386
2026-03-31T11:01:16,-9.441509,-137.550339,29.2,12.84,73.0,6,2.9,84.6,4.059,-4.0,0,1,387
2026-03-31T11:01:44,-9.441043,-137.548615,15.4,13.37,73.3,6,2.8,84.8,4.057,-3.7,0,1,388
2026-03-31T11:02:12,-9.440589,-137.546875,16.5,13.97,76.3,7,1.4,84.6,4.056,-4.0,0,1,389
2026-03-31T11:02:40,-9.440064,-137.545227,27.0,13.73,71.4,7,1.4,84.6,4.056,-4.0,0,1,390
2026-03-31T11:03:08,-9.439568,-137.543533,32.1,13.06,76.6,7,1.4,84.6,4.055,-4.0,0,1,391
2026-03-31T11:03:36,-9.439116,-137.541901,42.5,13.19,75.3,7,1.4,84.3,4.056,-3.7,0,1,392
2026-03-31T11:04:04,-9.438639,-137.540222,37.9,12.33,76.7,7,1.4,84.8,4.054,-3.7,0,1,393
2026-03-31T11:04:32,-9.438078,-137.538513,37.1,12.73,72.9,7,1.3,84.5,4.055,-3.7,0,1,394
2026-03-31T11:05:00,-9.437566,-137.536774,44.1,12.46,75.6,7,1.3,84.6,4.055,-4.0,0,1,395
2026-03-31T11:05:28,-9.437169,-137.535156,41.9,12.46,77.7,7,1.3,84.5,4.055,2249.1,0,1,396
2026-03-31T11:05:56,-9.436653,-137.533432,36.8,12.81,76.5,6,1.5,84.3,4.055,-3.7,0,1,397
2026-03-31T11:06:24,-9.436092,-137.531631,30.4,14.16,73.9,7,1.4,84.8,4.055,-3.7,0,1,398
2026-03-31T11:06:52,-9.435690,-137.529953,21.9,13.00,74.3,7,1.3,84.6,4.055,-4.0,0,1,399
2026-03-31T11:07:20,-9.435222,-137.528290,16.8,13.62,75.2,7,1.4,84.8,4.055,-3.7,0,1,400
2026-03-31T11:07:48,-9.434780,-137.526672,10.1,12.80,75.5,7,1.5,84.3,4.054,2245.4,0,1,401
2026-03-31T11:08:16,-9.434314,-137.524994,2.4,13.02,78.4,8,1.3,84.5,4.052,-3.7,0,1,402
2026-03-31T11:08:44,-9.433880,-137.523331,3.1,11.93,78.7,8,1.3,84.5,4.055,-3.7,0,1,403
2026-03-31T11:09:12,-9.433322,-137.521484,9.2,13.38,76.9,8,1.3,84.3,4.054,-3.7,0,1,404
2026-03-31T11:09:40,-9.432900,-137.519928,19.0,13.50,70.9,8,1.3,84.5,4.054,-3.7,0,1,405
2026-03-31T11:10:08,-9.432414,-137.518219,14.9,12.73,73.8,8,1.3,84.5,4.054,-3.7,0,1,406
2026-03-31T11:10:36,-9.431902,-137.516541,20.9,12.93,73.4,8,1.3,84.3,4.054,-3.7,0,1,407
2026-03-31T11:11:04,-9.431385,-137.514862,23.9,13.38,72.9,8,1.3,84.5,4.054,-3.7,0,1,408
2026-03-31T11:11:32,-9.430864,-137.513184,30.4,13.59,73.4,8,1.3,84.3,4.054,-3.7,0,1,409
2026-03-31T11:12:00,-9.430353,-137.511505,39.2,13.35,74.2,8,1.3,84.3,4.052,-3.7,0,1,410
2026-03-31T11:12:28,-9.429785,-137.509811,46.1,13.49,73.3,8,1.3,84.3,4.052,-3.7,0,1,411
2026-03-31T11:12:56,-9.429260,-137.508133,48.8,14.01,74.6,8,1.3,84.3,4.051,-3.7,0,1,412
2026-03-31T11:13:24,-9.428806,-137.506454,40.4,13.04,75.2,8,1.2,84.2,4.055,-4.4,0,1,413
2026-03-31T11:13:52,-9.428282,-137.504761,39.9,14.07,72.5,8,1.3,84.3,4.054,-3.7,0,1,414
2026-03-31T11:14:20,-9.427723,-137.503128,48.9,13.01,72.4,8,1.2,84.2,4.052,-4.4,0,1,415
2026-03-31T11:14:48,-9.427231,-137.501480,50.1,12.40,72.3,8,1.2,84.2,4.051,-4.4,0,1,416
2026-03-31T11:15:16,-9.426711,-137.499786,58.3,12.97,71.8,7,2.8,84.3,4.052,-3.7,0,1,417
2026-03-31T11:15:44,-9.426205,-137.498154,52.6,12.83,71.7,7,2.8,84.2,4.052,-4.4,0,1,418
2026-03-31T11:16:12,-9.425758,-137.496506,45.5,13.45,75.1,8,1.3,84.3,4.051,-3.7,0,1,419
2026-03-31T11:16:40,-9.425277,-137.494797,36.3,13.41,73.6,7,2.8,84.5,4.052,-3.7,0,1,420
2026-03-31T11:17:08,-9.424763,-137.493149,29.3,13.48,71.3,7,2.8,83.8,4.051,-4.4,0,1,421
2026-03-31T11:17:36,-9.424348,-137.491486,19.4,12.99,74.3,8,1.2,84.2,4.052,-4.4,0,1,422
2026-03-31T11:18:04,-9.423906,-137.489868,3.6,12.71,73.9,7,1.9,84.0,4.052,-4.4,0,1,423
2026-03-31T11:18:32,-9.423502,-137.488205,-4.9,12.95,73.9,7,2.8,83.8,4.051,-4.4,0,1,424
2026-03-31T11:19:00,-9.423018,-137.486542,-11.1,13.36,74.0,7,2.8,83.8,4.051,-4.4,0,1,425
2026-03-31T11:19:28,-9.422450,-137.484863,-10.6,12.74,72.4,8,2.2,84.0,4.050,-4.4,0,1,426
2026-03-31T11:19:56,-9.421925,-137.483215,-4.9,12.13,71.6,8,2.2,84.3,4.052,-3.7,0,1,427
2026-03-31T11:20:24,-9.421408,-137.481537,-6.0,13.27,73.4,8,2.2,84.0,4.050,-4.4,0,1,428
2026-03-31T11:20:52,-9.420896,-137.479858,-3.8,13.95,72.6,8,2.2,84.0,4.051,-4.4,0,1,429
2026-03-31T11:21:20,-9.420408,-137.478226,-12.3,11.64,71.9,8,2.2,84.2,4.050,-4.4,0,1,430
2026-03-31T11:21:48,-9.419853,-137.476456,-13.0,13.77,72.3,8,1.8,84.5,4.050,-3.7,0,1,431
2026-03-31T11:22:16,-9.419205,-137.474686,-4.3,13.76,73.1,8,2.3,83.8,4.049,-4.4,0,1,432
2026-03-31T11:22:44,-9.418687,-137.473038,-3.7,13.00,71.5,9,1.3,84.0,4.051,-4.4,0,1,433
2026-03-31T11:23:12,-9.418161,-137.471344,-8.4,13.05,70.9,9,1.3,83.8,4.050,-4.4,0,1,434
2026-03-31T11:23:40,-9.417688,-137.469650,-16.3,13.24,76.6,9,1.3,83.8,4.049,-4.4,0,1,435
2026-03-31T11:24:08,-9.417187,-137.467941,-14.7,12.95,76.6,9,1.3,83.7,4.049,-4.4,0,1,436
2026-03-31T11:24:36,-9.416658,-137.466309,-12.1,13.70,74.5,9,1.3,84.0,4.050,-4.4,0,1,437
2026-03-31T11:25:04,-9.416079,-137.464661,-6.9,13.23,67.8,8,1.5,83.7,4.051,-4.4,0,1,438
2026-03-31T11:25:32,-9.415604,-137.462982,1.2,12.67,74.1,9,1.3,83.5,4.049,-4.4,0,1,439
2026-03-31T11:26:00,-9.415077,-137.461304,-2.8,12.94,74.8,9,1.3,83.8,4.050,-4.4,0,1,440
2026-03-31T11:26:28,-9.414620,-137.459610,-3.2,13.14,72.9,9,1.2,83.7,4.048,-4.4,0,1,441
2026-03-31T11:26:56,-9.414035,-137.457962,-2.4,13.72,71.8,9,1.2,84.0,4.049,-4.4,0,1,442
2026-03-31T11:27:24,-9.413532,-137.456299,9.1,13.34,74.2,9,1.2,83.8,4.049,-4.4,0,1,443
2026-03-31T11:27:52,-9.412965,-137.454590,15.9,13.15,73.0,9,1.2,83.7,4.050,-4.4,0,1,444
2026-03-31T11:28:20,-9.412458,-137.452896,13.3,13.76,70.4,9,1.2,83.7,4.048,-4.4,0,1,445
2026-03-31T11:28:48,-9.411962,-137.451187,8.2,12.83,71.6,9,1.2,83.7,4.048,-4.4,0,1,446
2026-03-31T11:29:16,-9.411462,-137.449478,9.1,12.79,74.1,9,1.2,83.8,4.049,-4.4,0,1,447
2026-03-31T11:29:44,-9.410897,-137.447800,12.2,12.97,71.5,9,1.2,83.7,4.049,-4.4,0,1,448
2026-03-31T11:30:12,-9.410408,-137.446106,10.7,13.03,75.1,9,1.2,83.5,4.048,-4.4,0,1,449
2026-03-31T11:30:40,-9.409965,-137.444366,26.4,12.15,70.4,10,1.2,83.5,4.049,-4.4,0,1,450
2026-03-31T11:31:08,-9.409417,-137.442703,33.8,13.26,75.0,9,1.4,83.5,4.048,-4.4,0,1,451
2026-03-31T11:31:36,-9.408850,-137.441071,33.7,12.85,70.3,10,1.2,83.5,4.048,-4.4,0,1,452
2026-03-31T11:32:04,-9.408397,-137.439316,31.2,15.51,76.1,10,1.2,83.5,4.049,-4.4,0,1,453
2026-03-31T11:32:32,-9.407910,-137.437637,28.3,12.73,73.9,10,1.2,83.7,4.048,-4.4,0,1,454
2026-03-31T11:33:00,-9.407448,-137.435974,28.9,13.12,77.1,10,1.2,83.7,4.048,-4.4,0,1,455
2026-03-31T11:33:28,-9.406846,-137.434280,29.8,12.76,70.1,9,1.4,83.5,4.048,-4.4,0,1,456
2026-03-31T11:33:56,-9.406352,-137.432571,36.1,14.82,72.7,10,1.2,83.5,4.049,-4.4,0,1,457
2026-03-31T11:34:24,-9.405918,-137.430923,27.4,14.01,75.4,11,1.1,83.4,4.046,-4.4,0,1,458
2026-03-31T11:34:52,-9.405374,-137.429260,33.5,12.80,73.2,11,1.1,83.2,4.048,2215.0,0,1,459
2026-03-31T11:35:20,-9.404839,-137.427567,28.4,11.94,75.2,11,1.1,83.4,4.046,-4.4,0,1,460
2026-03-31T11:35:48,-9.404315,-137.425858,33.9,13.18,74.2,11,1.1,83.4,4.046,-4.4,0,1,461
2026-03-31T11:36:16,-9.403807,-137.424149,37.5,12.95,70.7,11,1.1,83.5,4.046,-4.4,0,1,462
2026-03-31T11:36:44,-9.403266,-137.422409,35.9,13.44,76.4,10,1.1,83.5,4.046,-4.4,0,1,463
2026-03-31T11:37:12,-9.402797,-137.420670,26.9,14.43,70.8,10,1.1,83.4,4.045,-4.4,0,1,464
2026-03-31T11:37:40,-9.402337,-137.418976,16.6,14.43,75.1,10,1.2,83.4,4.045,-4.4,0,1,465
2026-03-31T11:38:08,-9.401860,-137.417267,17.5,13.03,73.1,10,1.2,83.5,4.044,-4.4,0,1,466
2026-03-31T11:38:36,-9.401296,-137.415527,19.9,13.37,71.8,10,1.2,83.7,4.045,-4.4,0,1,467
2026-03-31T11:39:04,-9.400832,-137.413818,11.6,13.13,71.2,10,1.2,83.2,4.045,-4.2,0,1,468
2026-03-31T11:39:32,-9.400335,-137.412125,10.5,13.79,76.2,10,1.1,83.4,4.044,-4.4,0,1,469
2026-03-31T11:40:00,-9.399776,-137.410416,15.9,12.88,67.8,10,1.2,83.2,4.045,-4.2,0,1,470
2026-03-31T11:40:28,-9.399260,-137.408691,16.0,14.30,74.7,10,1.1,83.2,4.045,-4.2,0,1,471
2026-03-31T11:40:56,-9.398848,-137.406921,15.6,15.13,78.5,10,1.2,83.2,4.045,-4.2,0,1,472
2026-03-31T11:41:24,-9.398246,-137.405228,21.8,13.95,71.4,10,1.2,83.0,4.045,-4.4,0,1,473
2026-03-31T11:41:52,-9.397701,-137.403534,21.6,12.71,74.5,10,1.2,83.4,4.044,-4.4,0,1,474
2026-03-31T11:42:20,-9.397163,-137.401825,22.4,12.75,74.3,10,1.1,83.0,4.044,-4.4,0,1,475
2026-03-31T11:42:48,-9.396619,-137.400116,26.5,13.14,74.7,10,1.1,83.0,4.043,-4.4,0,1,476
2026-03-31T11:43:16,-9.396078,-137.398392,34.9,12.85,73.6,10,1.1,83.2,4.044,-4.2,0,1,477
2026-03-31T11:43:44,-9.395518,-137.396683,24.3,11.82,74.5,10,1.1,83.0,4.045,-4.4,0,1,478
2026-03-31T11:44:12,-9.394956,-137.394989,28.9,13.93,69.4,9,1.8,83.2,4.044,-4.2,0,1,479
2026-03-31T11:44:40,-9.394429,-137.393311,30.3,12.07,73.7,9,1.7,82.9,4.044,-4.4,0,1,480
2026-03-31T11:45:08,-9.393867,-137.391617,30.8,13.32,70.6,9,1.1,83.0,4.045,-4.4,0,1,481
2026-03-31T11:45:36,-9.393331,-137.389954,28.7,13.18,75.1,8,1.6,83.0,4.043,-4.4,0,1,482
2026-03-31T11:46:04,-9.392829,-137.388229,29.7,15.98,74.6,8,1.7,83.4,4.044,-4.4,0,1,483
2026-03-31T11:46:32,-9.392323,-137.386505,29.5,14.62,73.8,8,1.7,83.2,4.044,-4.2,0,1,484
2026-03-31T11:47:00,-9.391768,-137.384827,23.6,13.57,72.8,8,1.7,83.0,4.043,-4.4,0,1,485
2026-03-31T11:47:28,-9.391275,-137.383118,24.0,13.80,75.6,8,1.5,82.7,4.044,-4.4,0,1,486
2026-03-31T11:47:56,-9.390711,-137.381424,29.0,13.97,68.6,8,1.7,83.0,4.043,-4.4,0,1,487
2026-03-31T11:48:24,-9.390272,-137.379654,23.8,13.41,73.8,8,1.5,83.0,4.043,-4.4,0,1,488
2026-03-31T11:48:52,-9.389752,-137.377945,21.0,14.54,74.2,8,1.5,82.7,4.043,-4.4,0,1,489
2026-03-31T11:49:20,-9.389166,-137.376236,22.9,13.44,74.0,8,1.5,83.0,4.043,-4.4,0,1,490
2026-03-31T11:49:48,-9.388677,-137.374496,25.4,13.46,72.7,8,1.5,82.7,4.040,2201.9,0,1,491
2026-03-31T11:50:16,-9.388252,-137.372711,19.9,13.29,72.3,8,1.5,82.7,4.040,-4.4,0,1,492
2026-03-31T11:50:44,-9.387673,-137.371063,21.4,13.73,75.8,8,1.5,82.9,4.043,-4.4,0,1,493
2026-03-31T11:51:12,-9.387203,-137.369278,16.8,14.73,76.1,9,1.4,82.7,4.041,-4.4,0,1,494
2026-03-31T11:51:40,-9.386704,-137.367584,11.5,14.88,74.1,9,1.4,82.7,4.043,-4.4,0,1,495
2026-03-31T11:52:08,-9.386186,-137.365875,10.7,12.85,71.9,9,1.5,82.9,4.043,-4.4,0,1,496
2026-03-31T11:52:36,-9.385674,-137.364166,12.9,12.72,72.5,9,1.5,82.9,4.041,-4.4,0,1,497
2026-03-31T11:53:04,-9.385157,-137.362488,9.7,13.73,74.8,9,1.4,82.7,4.040,-4.4,0,1,498
2026-03-31T11:53:32,-9.384644,-137.360809,9.1,11.98,68.7,9,1.4,82.9,4.040,-4.4,0,1,499
2026-03-31T11:54:00,-9.384172,-137.359116,13.7,13.72,75.1,9,1.5,82.7,4.043,2201.9,0,1,500
2026-03-31T11:54:28,-9.383632,-137.357452,23.4,13.31,70.3,9,1.4,82.7,4.040,-4.4,0,1,501
2026-03-31T11:54:56,-9.383111,-137.355774,22.0,11.41,74.5,10,1.4,82.7,4.041,-4.4,0,1,502
2026-03-31T11:55:24,-9.382571,-137.354034,21.0,14.07,69.2,10,1.5,82.9,4.040,-4.4,0,1,503
2026-03-31T11:55:52,-9.381971,-137.352371,24.6,14.10,69.9,10,1.5,82.4,4.040,-4.4,0,1,504
2026-03-31T11:56:20,-9.381397,-137.350647,26.4,12.51,72.5,10,1.4,82.4,4.040,-4.4,0,1,505
2026-03-31T11:56:48,-9.380885,-137.348892,27.6,12.99,71.1,10,1.5,82.9,4.041,-4.4,0,1,506
2026-03-31T11:57:16,-9.380335,-137.347168,24.5,12.56,72.8,9,1.8,82.5,4.040,-4.4,0,1,507
2026-03-31T11:57:44,-9.379797,-137.345474,25.8,13.91,73.7,10,1.5,82.5,4.039,-4.4,0,1,508
2026-03-31T11:58:12,-9.379265,-137.343735,22.2,12.42,80.0,10,1.5,82.4,4.037,-4.4,0,1,509
2026-03-31T11:58:40,-9.378831,-137.341980,14.2,12.53,68.0,10,1.3,82.4,4.039,-4.4,0,1,510
2026-03-31T11:59:08,-9.378237,-137.340256,22.4,12.46,75.6,10,1.3,82.4,4.040,-4.4,0,1,511
2026-03-31T11:59:36,-9.377659,-137.338638,29.5,13.22,72.6,10,1.5,82.5,4.039,-4.4,0,1,512
2026-03-31T12:00:04,-9.377183,-137.336884,25.1,14.37,71.4,10,1.3,82.5,4.039,-4.4,0,1,513
2026-03-31T12:00:32,-9.376670,-137.335144,22.2,13.83,70.9,10,1.4,82.4,4.039,-4.4,0,1,514
2026-03-31T12:01:00,-9.376202,-137.333405,22.9,14.01,75.2,10,1.4,82.5,4.040,-4.4,0,1,515
2026-03-31T12:01:28,-9.375698,-137.331665,26.5,13.17,68.8,10,1.4,82.1,4.037,-4.4,0,1,516
2026-03-31T12:01:56,-9.375203,-137.329895,22.7,13.29,72.8,9,1.4,82.5,4.039,-4.4,0,1,517
2026-03-31T12:02:24,-9.374619,-137.328232,33.4,13.96,73.8,9,1.4,82.4,4.037,-4.4,0,1,518
2026-03-31T12:02:52,-9.374134,-137.326523,33.7,10.75,73.5,9,1.4,82.5,4.037,-4.4,0,1,519
2026-03-31T12:03:20,-9.373628,-137.324768,27.8,12.52,75.0,8,1.4,82.4,4.039,-4.4,0,1,520
2026-03-31T12:03:48,-9.373130,-137.323013,30.4,13.80,73.4,8,1.5,82.4,4.036,-4.4,0,1,521
2026-03-31T12:04:16,-9.372604,-137.321320,26.1,13.39,75.7,8,1.4,82.2,4.039,-4.4,0,1,522
2026-03-31T12:04:44,-9.372085,-137.319565,20.8,13.54,74.2,8,1.5,82.4,4.036,-4.4,0,1,523
2026-03-31T12:05:12,-9.371648,-137.317856,25.4,13.51,77.1,8,1.4,82.2,4.037,-4.4,0,1,524
2026-03-31T12:05:40,-9.371130,-137.316086,30.0,13.81,72.3,8,1.4,82.2,4.036,-4.4,0,1,525
2026-03-31T12:06:08,-9.370628,-137.314362,30.2,13.79,76.9,8,1.4,81.9,4.036,-4.2,0,1,526
2026-03-31T12:06:36,-9.370221,-137.312622,29.5,12.59,71.7,9,1.3,82.2,4.036,-4.4,0,1,527
2026-03-31T12:07:04,-9.369822,-137.310867,25.4,14.09,73.6,9,1.3,81.9,4.036,-4.2,0,1,528
2026-03-31T12:07:32,-9.369269,-137.309158,28.3,13.53,79.1,9,1.4,82.2,4.036,-4.4,0,1,529
2026-03-31T12:08:00,-9.368743,-137.307465,28.1,14.19,73.6,9,1.4,81.9,4.035,-4.2,0,1,530
2026-03-31T12:08:28,-9.368160,-137.305740,26.9,14.38,70.6,9,1.4,82.2,4.034,-4.4,0,1,531
2026-03-31T12:08:56,-9.367675,-137.304031,26.1,14.52,76.9,9,1.4,82.1,4.036,-4.4,0,1,532
2026-03-31T12:09:24,-9.367153,-137.302368,28.6,12.41,69.9,9,1.4,82.4,4.036,-4.4,0,1,533
2026-03-31T12:09:52,-9.366631,-137.300659,27.8,14.20,74.6,8,2.8,82.1,4.035,-4.4,0,1,534
2026-03-31T12:10:20,-9.366203,-137.298920,26.0,13.51,74.6,9,1.3,82.1,4.036,-4.4,0,1,535
2026-03-31T12:10:48,-9.365773,-137.297180,28.2,13.85,76.3,9,1.4,81.9,4.035,-4.2,0,1,536
2026-03-31T12:11:16,-9.365292,-137.295486,31.0,13.99,72.0,9,1.3,81.9,4.035,-4.2,0,1,537
2026-03-31T12:11:44,-9.364837,-137.293732,24.1,13.49,72.7,9,1.4,81.9,4.034,-4.2,0,1,538
2026-03-31T12:12:12,-9.364369,-137.292068,27.6,13.84,74.0,9,1.4,81.9,4.036,-4.2,0,1,539
2026-03-31T12:12:40,-9.363825,-137.290344,27.9,14.79,74.0,9,1.4,81.9,4.035,-4.2,0,1,540
2026-03-31T12:13:08,-9.363343,-137.288620,28.2,14.29,69.9,9,1.3,81.9,4.035,-4.2,0,1,541
2026-03-31T12:13:36,-9.362804,-137.286942,31.9,13.03,73.4,9,1.3,82.2,4.032,-4.4,0,1,542
2026-03-31T12:14:04,-9.362300,-137.285217,33.1,13.27,76.1,8,1.8,81.7,4.034,-4.4,0,1,543
2026-03-31T12:14:32,-9.361823,-137.283463,33.5,13.41,75.8,9,1.3,81.6,4.035,-4.4,0,1,544
2026-03-31T12:15:00,-9.361362,-137.281754,31.1,13.57,76.7,9,1.3,81.6,4.035,-4.4,0,1,545
2026-03-31T12:15:28,-9.360898,-137.279953,30.3,14.99,74.8,9,1.3,81.6,4.034,-4.4,0,1,546
2026-03-31T12:15:56,-9.360418,-137.278275,27.0,14.76,72.8,9,1.3,81.6,4.032,-4.4,0,1,547
2026-03-31T12:16:24,-9.359932,-137.276505,25.5,13.15,74.1,9,1.3,81.6,4.035,-4.4,0,1,548
2026-03-31T12:16:53,-9.359404,-137.274750,30.4,14.25,71.3,10,1.3,81.6,4.032,-4.4,0,1,549
2026-03-31T12:17:21,-9.358918,-137.273056,31.8,13.45,72.2,10,1.3,82.1,4.032,-4.4,0,1,550
2026-03-31T12:17:48,-9.358445,-137.271317,26.7,13.68,77.7,9,1.3,81.6,4.034,-4.4,0,1,551
2026-03-31T12:18:16,-9.357999,-137.269501,27.1,14.20,73.9,9,1.3,81.6,4.031,-4.4,0,1,552
2026-03-31T12:18:45,-9.357623,-137.267685,13.7,13.81,74.5,9,1.3,81.6,4.031,-4.4,0,1,553
2026-03-31T12:19:13,-9.357097,-137.266052,13.3,13.78,77.1,10,1.2,81.4,4.031,-4.4,0,1,554
2026-03-31T12:19:41,-9.356554,-137.264404,9.9,13.94,72.4,10,1.2,81.6,4.031,-4.4,0,1,555
2026-03-31T12:20:09,-9.356140,-137.262726,13.5,13.52,76.8,10,1.2,81.7,4.032,-4.4,0,1,556
2026-03-31T12:20:37,-9.355551,-137.261047,16.2,12.71,75.6,10,1.2,81.6,4.031,-4.4,0,1,557
2026-03-31T12:21:05,-9.355012,-137.259308,10.6,13.46,73.8,10,1.2,81.4,4.031,-4.4,0,1,558
2026-03-31T12:21:33,-9.354542,-137.257507,8.8,12.43,75.6,10,1.2,81.2,4.031,-4.4,0,1,559
2026-03-31T12:22:01,-9.354028,-137.255722,9.6,11.57,70.8,10,1.2,81.4,4.032,-4.4,0,1,560
2026-03-31T12:22:29,-9.353610,-137.254059,9.8,13.05,74.3,9,2.7,81.6,4.032,-4.4,0,1,561
2026-03-31T12:22:57,-9.353180,-137.252258,1.8,13.71,79.1,9,2.7,81.2,4.030,-4.4,0,1,562
2026-03-31T12:23:25,-9.352860,-137.250580,-6.5,13.17,78.7,9,2.7,81.6,4.031,-4.4,0,1,563
2026-03-31T12:23:53,-9.352495,-137.248672,-4.8,13.89,80.9,9,2.7,81.4,4.031,-4.4,0,1,564
2026-03-31T12:24:21,-9.352025,-137.246918,-18.2,13.20,76.0,9,1.7,81.4,4.030,-4.4,0,1,565
2026-03-31T12:24:49,-9.351713,-137.245102,-16.3,13.39,78.6,9,2.7,81.2,4.030,-4.4,0,1,566
2026-03-31T12:25:17,-9.351133,-137.243332,-14.5,13.34,70.3,9,2.6,81.2,4.030,-4.4,0,1,567
2026-03-31T12:25:45,-9.350736,-137.241638,-35.0,12.72,75.1,9,2.6,81.1,4.030,-4.4,0,1,568
2026-03-31T12:26:13,-9.350352,-137.239853,-42.7,12.95,74.8,9,2.6,81.2,4.030,-4.4,0,1,569
2026-03-31T12:26:41,-9.349742,-137.238068,-31.9,13.61,74.8,9,2.6,81.2,4.030,-4.4,0,1,570
2026-03-31T12:27:09,-9.348930,-137.236420,-8.0,13.47,66.3,9,1.7,81.1,4.031,-4.4,0,1,571
2026-03-31T12:27:37,-9.348180,-137.234756,15.6,13.26,74.3,8,2.8,81.2,4.028,-4.4,0,1,572
2026-03-31T12:28:05,-9.347786,-137.233017,6.6,12.84,71.0,9,1.7,81.2,4.030,2162.8,0,1,573
2026-03-31T12:28:33,-9.347415,-137.231293,-1.8,13.72,75.8,9,1.7,81.1,4.026,-4.4,0,1,574
2026-03-31T12:29:01,-9.346986,-137.229568,-6.2,16.41,78.6,9,2.6,81.1,4.029,-4.4,0,1,575
2026-03-31T12:29:29,-9.346338,-137.227936,4.1,12.48,65.5,9,2.6,80.9,4.029,-4.4,0,1,576
2026-03-31T12:29:57,-9.345635,-137.226334,26.4,13.58,68.5,9,2.6,81.2,4.029,-4.4,0,1,577
2026-03-31T12:30:25,-9.345297,-137.224579,16.9,12.78,74.8,9,1.7,81.2,4.030,-4.4,0,1,578
2026-03-31T12:30:53,-9.344713,-137.222931,14.6,15.23,75.0,9,1.7,80.7,4.029,-4.4,0,1,579
2026-03-31T12:31:21,-9.344131,-137.221207,20.5,12.60,72.1,9,2.5,81.2,4.029,-4.4,0,1,580
2026-03-31T12:31:49,-9.343609,-137.219513,23.4,13.91,74.0,9,2.5,80.9,4.028,-4.4,0,1,581
2026-03-31T12:32:17,-9.343132,-137.217773,25.4,13.08,77.6,9,2.5,81.1,4.029,-4.4,0,1,582
2026-03-31T12:32:45,-9.342648,-137.216019,30.2,13.64,73.4,9,2.5,80.7,4.028,-4.4,0,1,583
2026-03-31T12:33:13,-9.342083,-137.214355,37.6,14.70,66.7,9,2.5,80.9,4.025,-4.4,0,1,584
2026-03-31T12:33:41,-9.341632,-137.212646,40.0,13.01,67.2,9,1.7,80.9,4.028,-4.4,0,1,585
2026-03-31T12:34:08,-9.341092,-137.210907,42.9,13.78,74.6,9,1.7,81.1,4.028,-4.4,0,1,586
2026-03-31T12:34:37,-9.340557,-137.209137,51.3,13.89,74.6,9,2.5,81.1,4.026,-4.4,0,1,587
2026-03-31T12:35:04,-9.340118,-137.207336,41.4,15.28,74.7,9,2.5,80.7,4.025,2149.7,0,1,588
2026-03-31T12:35:32,-9.339820,-137.205627,29.1,12.47,70.4,9,2.5,80.7,4.028,-4.4,0,1,589
2026-03-31T12:36:01,-9.339295,-137.203934,19.8,12.86,66.3,8,3.9,81.1,4.025,-4.4,0,1,590
2026-03-31T12:36:28,-9.338580,-137.202286,30.1,13.76,66.2,9,1.7,80.7,4.025,-4.4,0,1,591
2026-03-31T12:36:56,-9.338200,-137.200485,29.0,13.44,69.8,9,2.4,80.7,4.030,-4.4,0,1,592
2026-03-31T12:37:24,-9.337763,-137.198792,27.8,12.09,66.5,9,1.7,80.6,4.026,-4.2,0,1,593
2026-03-31T12:37:52,-9.337218,-137.197083,35.3,13.68,73.3,8,3.8,80.9,4.025,-4.4,0,1,594
2026-03-31T12:38:20,-9.336680,-137.195389,37.1,13.13,74.1,9,2.4,80.9,4.025,-4.4,0,1,595
2026-03-31T12:38:48,-9.336258,-137.193634,36.4,12.72,72.4,9,1.6,80.7,4.025,-4.4,0,1,596
2026-03-31T12:39:16,-9.335901,-137.191971,23.7,13.42,72.1,8,3.7,80.6,4.026,-4.2,0,1,597
2026-03-31T12:39:44,-9.335317,-137.190201,24.9,14.29,68.5,9,2.8,80.7,4.026,-4.4,0,1,598
2026-03-31T12:40:12,-9.334677,-137.188461,30.8,12.87,64.1,10,1.8,80.6,4.025,-4.2,0,1,599
2026-03-31T12:40:40,-9.334182,-137.186737,25.8,13.09,73.4,10,1.8,80.7,4.026,-4.4,0,1,600
2026-03-31T12:41:08,-9.333673,-137.185013,33.3,13.74,68.9,10,1.4,80.6,4.024,-4.2,0,1,601
2026-03-31T12:41:36,-9.333271,-137.183319,31.7,13.33,72.7,10,1.8,80.6,4.024,-4.2,0,1,602
2026-03-31T12:42:04,-9.332842,-137.181610,25.7,14.96,71.7,11,1.7,80.4,4.025,2141.2,0,1,603
2026-03-31T12:42:32,-9.332388,-137.179886,20.6,13.20,70.8,11,1.6,80.4,4.023,-4.4,0,1,604
2026-03-31T12:43:00,-9.331980,-137.178040,13.9,13.67,73.9,10,2.7,80.6,4.023,-4.2,0,1,605
2026-03-31T12:43:28,-9.331487,-137.176300,18.2,13.51,71.1,11,1.6,80.6,4.023,-4.2,0,1,606
2026-03-31T12:43:56,-9.331066,-137.174561,9.3,14.86,78.7,11,1.6,80.7,4.024,-4.4,0,1,607
2026-03-31T12:44:24,-9.330557,-137.172882,14.2,14.08,78.6,11,1.6,80.7,4.024,-4.4,0,1,608
2026-03-31T12:44:52,-9.330058,-137.171158,12.2,12.83,71.3,11,1.4,80.1,4.024,-4.4,0,1,609
2026-03-31T12:45:20,-9.329545,-137.169434,17.0,14.05,76.5,9,1.4,80.3,4.024,-4.4,0,1,610
2026-03-31T12:45:48,-9.329056,-137.167725,21.2,14.37,70.4,9,1.4,80.4,4.023,-4.4,0,1,611
2026-03-31T12:46:16,-9.328534,-137.165985,15.2,15.66,66.4,9,1.7,80.4,4.021,-4.4,0,1,612
2026-03-31T12:46:44,-9.327998,-137.164230,17.9,13.91,75.5,9,1.4,80.6,4.024,-4.2,0,1,613
2026-03-31T12:47:12,-9.327611,-137.162476,11.3,14.12,73.5,9,1.4,80.6,4.023,-4.2,0,1,614
2026-03-31T12:47:40,-9.327024,-137.160751,14.0,13.34,72.6,9,1.4,80.1,4.023,-4.4,0,1,615
2026-03-31T12:48:08,-9.326493,-137.159073,12.8,14.23,69.7,9,1.4,80.6,4.023,-4.2,0,1,616
2026-03-31T12:48:36,-9.326020,-137.157318,6.6,14.15,72.5,9,1.4,80.3,4.023,-4.4,0,1,617
2026-03-31T12:49:04,-9.325568,-137.155533,3.8,11.14,77.4,9,1.7,80.4,4.023,-4.4,0,1,618
2026-03-31T12:49:32,-9.325103,-137.153778,8.2,14.53,76.9,9,1.4,80.4,4.023,-4.4,0,1,619
2026-03-31T12:50:00,-9.324593,-137.152084,5.5,11.25,69.3,9,1.4,80.4,4.021,2141.2,0,1,620
2026-03-31T12:50:28,-9.324226,-137.150391,4.2,13.48,74.2,9,1.4,80.3,4.021,-4.4,0,1,621
2026-03-31T12:50:56,-9.323693,-137.148682,6.4,13.95,67.8,9,1.6,80.3,4.021,-4.4,0,1,622
2026-03-31T12:51:24,-9.323185,-137.146988,5.9,14.56,74.2,9,1.6,79.9,4.023,-4.4,0,1,623
2026-03-31T12:51:52,-9.322766,-137.145248,0.7,14.23,72.2,9,1.4,80.1,4.020,-4.4,0,1,624
2026-03-31T12:52:20,-9.322448,-137.143448,-3.9,13.49,82.1,9,1.4,80.1,4.020,-4.4,0,1,625
2026-03-31T12:52:48,-9.321727,-137.141739,4.4,14.66,69.0,9,1.4,80.1,4.019,-4.4,0,1,626
2026-03-31T12:53:16,-9.321357,-137.139999,4.1,13.52,73.7,10,1.6,79.9,4.020,-4.4,0,1,627
2026-03-31T12:53:44,-9.320679,-137.138306,17.3,14.61,72.7,10,1.4,80.1,4.020,-4.4,0,1,628
2026-03-31T12:54:12,-9.320313,-137.136566,5.5,13.01,74.6,10,1.4,80.3,4.020,-4.4,0,1,629
2026-03-31T12:54:40,-9.319815,-137.134842,4.0,13.77,70.6,9,2.5,80.1,4.021,-4.4,0,1,630
2026-03-31T12:55:08,-9.319181,-137.133102,3.7,13.46,77.2,9,2.0,79.9,4.020,-4.4,0,1,631
2026-03-31T12:55:36,-9.318711,-137.131378,14.3,13.90,66.4,9,2.0,79.9,4.021,-4.4,0,1,632
2026-03-31T12:56:04,-9.318213,-137.129654,14.1,13.42,70.5,9,2.0,79.9,4.019,-4.4,0,1,633
2026-03-31T12:56:32,-9.317753,-137.127899,18.5,13.71,76.4,9,2.0,79.9,4.019,-4.4,0,1,634
2026-03-31T12:57:00,-9.317248,-137.126175,13.5,14.43,69.4,9,2.4,80.1,4.021,-4.4,0,1,635
2026-03-31T12:57:28,-9.316845,-137.124451,9.5,14.30,73.2,9,2.0,80.3,4.019,-4.4,0,1,636
2026-03-31T12:57:56,-9.316361,-137.122681,11.6,13.99,72.7,9,2.0,79.8,4.020,-4.4,0,1,637
2026-03-31T12:58:24,-9.315873,-137.120941,10.7,14.22,75.1,9,2.0,80.1,4.017,-4.4,0,1,638
2026-03-31T12:58:52,-9.315322,-137.119202,20.0,14.77,71.0,10,1.3,79.8,4.019,-4.4,0,1,639
2026-03-31T12:59:20,-9.314876,-137.117493,25.0,13.97,78.3,10,1.5,79.8,4.020,-4.4,0,1,640
2026-03-31T12:59:48,-9.314360,-137.115738,17.1,13.06,74.5,10,1.5,79.6,4.016,-4.4,0,1,641
2026-03-31T13:00:16,-9.313928,-137.113968,23.0,13.53,74.2,9,1.9,79.6,4.019,-4.4,0,1,642
2026-03-31T13:00:44,-9.313391,-137.112213,18.0,13.27,74.0,9,1.9,79.8,4.016,-4.4,0,1,643
2026-03-31T13:01:12,-9.312924,-137.110489,28.3,13.45,75.7,9,2.3,79.9,4.019,-4.4,0,1,644
2026-03-31T13:01:40,-9.312435,-137.108749,29.6,14.49,75.5,9,2.2,79.8,4.017,-4.4,0,1,645
2026-03-31T13:02:08,-9.311855,-137.107010,36.1,15.33,72.8,9,1.9,79.6,4.017,-4.4,0,1,646
2026-03-31T13:02:36,-9.311290,-137.105240,41.0,14.15,67.5,9,2.2,79.8,4.017,-4.4,0,1,647
2026-03-31T13:03:04,-9.310788,-137.103546,32.6,14.33,73.9,10,1.4,79.8,4.017,-4.4,0,1,648
2026-03-31T13:03:32,-9.310292,-137.101776,24.5,14.50,72.3,10,1.4,79.6,4.017,-4.4,0,1,649
2026-03-31T13:04:00,-9.309795,-137.100037,16.0,13.94,71.8,10,1.4,79.4,4.019,-4.4,0,1,650
2026-03-31T13:04:28,-9.309360,-137.098282,9.1,13.71,75.4,10,1.4,79.8,4.019,-4.4,0,1,651
2026-03-31T13:04:56,-9.308825,-137.096573,6.7,13.61,74.5,10,1.4,79.6,4.016,-4.4,0,1,652
2026-03-31T13:05:24,-9.308283,-137.094833,7.7,14.26,71.4,10,1.2,79.6,4.017,-4.4,0,1,653
2026-03-31T13:05:52,-9.307801,-137.093094,8.8,13.34,72.2,10,1.4,79.6,4.016,-4.4,0,1,654
2026-03-31T13:06:20,-9.307263,-137.091385,6.9,13.29,68.7,10,1.2,79.6,4.016,-4.4,0,1,655
2026-03-31T13:06:48,-9.306775,-137.089630,13.1,14.22,76.2,10,1.4,79.6,4.017,-4.4,0,1,656
2026-03-31T13:07:16,-9.306253,-137.087906,10.0,13.87,73.3,10,1.4,79.4,4.016,-4.4,0,1,657
2026-03-31T13:07:44,-9.305830,-137.086166,0.0,13.56,75.3,10,1.4,79.4,4.015,-4.4,0,1,658
2026-03-31T13:08:12,-9.305339,-137.084457,11.3,14.15,74.1,10,2.0,79.6,4.016,-4.4,0,1,659
2026-03-31T13:08:40,-9.304815,-137.082733,11.2,13.24,74.5,11,1.3,79.3,4.016,-4.2,0,1,660
2026-03-31T13:09:08,-9.304343,-137.081009,18.5,13.80,69.7,11,1.3,79.4,4.015,-4.4,0,1,661
2026-03-31T13:09:36,-9.303823,-137.079300,20.6,12.33,70.4,11,1.3,79.3,4.015,-4.2,0,1,662
2026-03-31T13:10:04,-9.303362,-137.077560,19.9,14.81,72.7,10,1.9,79.4,4.016,-4.4,0,1,663
2026-03-31T13:10:32,-9.302856,-137.075897,3.8,13.23,70.9,11,1.3,79.4,4.015,-4.4,0,1,664
2026-03-31T13:11:00,-9.302414,-137.074173,2.9,13.51,71.1,11,1.1,79.1,4.015,-4.4,0,1,665
2026-03-31T13:11:28,-9.301960,-137.072449,5.4,14.17,71.4,11,1.1,79.3,4.015,2110.8,0,1,666
2026-03-31T13:11:56,-9.301476,-137.070709,1.6,13.30,77.4,10,1.9,79.3,4.014,-4.2,0,1,667
2026-03-31T13:12:24,-9.300930,-137.069000,3.9,13.97,69.8,10,1.9,79.1,4.015,-4.4,0,1,668
2026-03-31T13:12:52,-9.300388,-137.067276,4.9,14.25,75.3,11,1.1,79.1,4.015,-4.4,0,1,669
2026-03-31T13:13:20,-9.299892,-137.065536,0.6,14.44,68.3,10,1.5,79.3,4.014,-4.2,0,1,670
2026-03-31T13:13:48,-9.299396,-137.063797,-0.7,13.65,75.9,10,1.8,79.3,4.015,-4.2,0,1,671
2026-03-31T13:14:16,-9.298841,-137.062073,4.0,12.97,74.8,10,1.5,79.3,4.012,-4.2,0,1,672
2026-03-31T13:14:44,-9.298319,-137.060333,-1.1,15.27,69.2,10,1.8,79.3,4.015,-4.2,0,1,673
2026-03-31T13:15:12,-9.297733,-137.058640,1.2,14.01,73.7,10,1.5,79.1,4.014,-4.4,0,1,674
2026-03-31T13:15:40,-9.297238,-137.056915,-4.2,13.69,79.7,10,1.8,79.1,4.012,-4.4,0,1,675
2026-03-31T13:16:08,-9.296797,-137.055191,-14.2,13.66,72.9,10,1.8,79.1,4.016,-4.4,0,1,676
2026-03-31T13:16:36,-9.296273,-137.053467,-18.2,13.48,74.9,10,1.8,79.3,4.014,-4.2,0,1,677
2026-03-31T13:17:04,-9.295760,-137.051788,-18.4,13.19,77.1,10,1.8,79.1,4.015,-4.4,0,1,678
2026-03-31T13:17:32,-9.295218,-137.050018,-20.8,13.76,71.2,10,1.7,79.1,4.011,-4.4,0,1,679
2026-03-31T13:18:00,-9.294643,-137.048325,-4.4,13.48,74.0,10,1.7,79.3,4.012,-4.2,0,1,680
2026-03-31T13:18:28,-9.294144,-137.046585,-13.0,13.19,71.8,10,1.7,79.0,4.014,-4.4,0,1,681
2026-03-31T13:18:56,-9.293566,-137.044922,-6.3,14.00,68.7,10,1.7,79.0,4.011,-4.4,0,1,682
2026-03-31T13:19:24,-9.292967,-137.043228,2.0,14.42,73.8,10,1.7,79.1,4.011,-4.4,0,1,683
2026-03-31T13:19:52,-9.292481,-137.041534,2.7,13.45,71.9,10,1.7,79.1,4.012,-4.4,0,1,684
2026-03-31T13:20:20,-9.291862,-137.039871,11.8,13.69,70.3,10,1.7,79.0,4.011,-4.4,0,1,685
2026-03-31T13:20:48,-9.291393,-137.038147,14.7,14.32,73.2,10,1.7,79.0,4.012,-4.4,0,1,686
2026-03-31T13:21:16,-9.290793,-137.036453,18.5,14.84,77.5,10,1.7,79.1,4.011,-4.4,0,1,687
2026-03-31T13:21:44,-9.290291,-137.034714,14.7,12.97,75.3,10,1.6,79.0,4.011,-4.4,0,1,688
2026-03-31T13:22:12,-9.289784,-137.032944,10.5,14.02,70.7,10,1.6,78.8,4.011,-4.4,0,1,689
2026-03-31T13:22:40,-9.289197,-137.031250,16.4,13.61,72.0,10,1.6,79.0,4.012,-4.4,0,1,690
2026-03-31T13:23:08,-9.288660,-137.029495,11.5,13.64,69.6,11,1.2,79.0,4.010,-4.4,0,1,691
2026-03-31T13:23:36,-9.288138,-137.027786,8.2,15.68,74.1,9,2.1,78.5,4.011,-4.4,0,1,692
2026-03-31T13:24:04,-9.287595,-137.026123,-8.5,15.06,72.6,11,1.2,79.0,4.011,-4.4,0,1,693
2026-03-31T13:24:32,-9.287052,-137.024384,-3.5,13.70,71.7,10,1.6,79.0,4.012,-4.4,0,1,694
2026-03-31T13:25:00,-9.286517,-137.022644,-8.2,14.56,72.0,10,1.6,79.1,4.011,-4.4,0,1,695
2026-03-31T13:25:28,-9.286009,-137.020905,-3.0,13.80,71.8,10,1.6,78.6,4.010,-4.4,0,1,696
2026-03-31T13:25:56,-9.285459,-137.019150,-4.5,14.48,71.2,10,1.6,78.6,4.011,-4.4,0,1,697
2026-03-31T13:26:24,-9.284995,-137.017441,-9.8,15.01,69.5,10,1.6,79.0,4.009,-4.4,0,1,698
2026-03-31T13:26:52,-9.284466,-137.015686,-4.6,13.92,72.4,8,2.1,78.8,4.011,-4.4,0,1,699
2026-03-31T13:27:20,-9.283880,-137.013977,16.6,14.76,73.7,9,1.5,78.6,4.009,-4.4,0,1,700
2026-03-31T13:27:48,-9.283399,-137.012222,12.3,13.07,79.8,9,1.5,78.6,4.010,-4.4,0,1,701
2026-03-31T13:28:16,-9.282889,-137.010452,15.4,13.82,75.3,9,1.5,78.6,4.010,-4.4,0,1,702
2026-03-31T13:28:44,-9.282358,-137.008743,10.2,14.24,70.3,9,1.5,78.8,4.010,-4.4,0,1,703
2026-03-31T13:29:12,-9.281835,-137.007034,2.0,13.50,78.3,9,1.5,78.6,4.009,-4.4,0,1,704
2026-03-31T13:29:40,-9.281284,-137.005325,2.9,13.94,73.6,9,1.5,79.0,4.009,-4.4,0,1,705
2026-03-31T13:30:08,-9.280713,-137.003632,4.9,12.81,73.7,8,1.6,78.8,4.009,-4.4,0,1,706
2026-03-31T13:30:36,-9.280316,-137.001862,-3.2,14.11,75.2,8,1.4,78.5,4.011,-4.4,0,1,707
2026-03-31T13:31:04,-9.279788,-137.000092,15.3,13.80,73.3,8,1.6,78.6,4.008,-4.4,0,1,708
2026-03-31T13:31:32,-9.279325,-136.998322,16.9,14.16,73.9,7,2.0,78.6,4.009,-4.4,0,1,709
2026-03-31T13:32:00,-9.278728,-136.996597,28.7,14.55,77.6,8,1.3,78.8,4.008,-4.4,0,1,710
2026-03-31T13:32:28,-9.278246,-136.994888,10.8,13.85,70.9,9,1.5,78.6,4.008,-4.4,0,1,711
2026-03-31T13:32:56,-9.277733,-136.993195,-1.7,13.73,70.8,8,1.9,78.5,4.009,-4.4,0,1,712
2026-03-31T13:33:24,-9.277194,-136.991486,-4.7,14.11,78.1,9,1.5,78.6,4.009,-4.4,0,1,713
2026-03-31T13:33:52,-9.276578,-136.989792,-1.4,14.75,74.7,10,1.2,78.5,4.009,-4.4,0,1,714
2026-03-31T13:34:20,-9.276080,-136.988129,-18.3,13.58,77.3,10,1.2,78.3,4.009,-4.4,0,1,715
2026-03-31T13:34:48,-9.275593,-136.986465,-30.8,12.64,66.8,10,1.4,78.3,4.008,-4.4,0,1,716
2026-03-31T13:35:16,-9.275044,-136.984726,-21.4,13.56,71.4,10,1.4,78.5,4.008,-4.4,0,1,717
2026-03-31T13:35:44,-9.274528,-136.983047,-26.0,13.56,73.9,10,1.4,78.5,4.008,-4.4,0,1,718
2026-03-31T13:36:12,-9.273982,-136.981339,-20.6,14.00,74.6,10,1.2,78.3,4.008,-4.4,0,1,719
2026-03-31T13:36:40,-9.273455,-136.979645,-13.7,15.03,71.5,10,1.4,78.6,4.008,-4.4,0,1,720
2026-03-31T13:37:08,-9.272982,-136.977951,-14.3,13.34,69.7,10,1.4,78.3,4.006,-4.4,0,1,721
2026-03-31T13:37:36,-9.272494,-136.976288,-24.3,12.51,73.4,10,1.4,78.3,4.006,-4.4,0,1,722
2026-03-31T13:38:04,-9.271932,-136.974579,-24.8,12.69,76.2,10,1.4,78.3,4.008,-4.4,0,1,723
2026-03-31T13:38:32,-9.271395,-136.972839,-19.3,13.28,76.3,10,1.4,78.5,4.008,-4.4,0,1,724
2026-03-31T13:39:00,-9.270864,-136.971146,-17.7,14.18,70.7,9,1.6,78.3,4.006,-4.4,0,1,725
2026-03-31T13:39:28,-9.270365,-136.969421,-14.2,13.07,73.1,10,1.4,78.3,4.008,-4.4,0,1,726
2026-03-31T13:39:56,-9.269835,-136.967712,-19.0,13.69,74.3,10,1.4,78.3,4.006,-4.4,0,1,727
2026-03-31T13:40:24,-9.269295,-136.965973,-21.7,13.61,69.8,9,1.6,78.3,4.005,-4.4,0,1,728
2026-03-31T13:40:52,-9.268769,-136.964294,-22.4,13.60,68.7,9,1.6,78.1,4.006,-4.4,0,1,729
2026-03-31T13:41:20,-9.268220,-136.962601,-22.9,14.20,72.8,10,1.4,78.1,4.006,-4.4,0,1,730
2026-03-31T13:41:48,-9.267688,-136.960846,-18.8,13.66,78.7,10,1.4,78.3,4.005,-4.4,0,1,731
2026-03-31T13:42:16,-9.267216,-136.959106,-17.4,15.00,75.6,9,1.5,78.5,4.005,-4.4,0,1,732
2026-03-31T13:42:44,-9.266738,-136.957382,-16.5,12.54,77.7,10,1.3,78.1,4.006,-4.4,0,1,733
2026-03-31T13:43:12,-9.266235,-136.955688,-12.2,13.56,75.2,10,1.1,78.0,4.004,-4.2,0,1,734
2026-03-31T13:43:40,-9.265712,-136.953949,-7.4,13.66,71.4,10,1.3,77.8,4.005,-4.4,0,1,735
2026-03-31T13:44:08,-9.265224,-136.952194,-0.4,13.77,74.1,9,1.5,78.0,4.005,-4.2,0,1,736
2026-03-31T13:44:36,-9.264738,-136.950485,-6.0,13.28,75.7,9,1.5,78.1,4.005,-4.4,0,1,737
2026-03-31T13:45:04,-9.264274,-136.948746,-2.1,13.45,76.2,9,1.5,77.8,4.005,-4.4,0,1,738
2026-03-31T13:45:32,-9.263782,-136.946976,1.8,13.57,76.1,9,1.5,78.0,4.006,2076.0,0,1,739
2026-03-31T13:46:00,-9.263280,-136.945251,-0.4,13.37,73.3,9,1.4,78.1,4.005,-4.4,0,1,740
2026-03-31T13:46:28,-9.262838,-136.943481,15.9,14.28,76.7,9,1.5,78.0,4.004,-4.2,0,1,741
2026-03-31T13:46:56,-9.262352,-136.941788,0.6,13.87,75.4,9,1.5,78.1,4.005,-4.4,0,1,742
2026-03-31T13:47:24,-9.261820,-136.940063,3.8,14.13,75.1,9,1.5,77.8,4.004,-4.4,0,1,743
2026-03-31T13:47:52,-9.261308,-136.938400,-8.9,13.03,74.5,9,1.5,78.1,4.005,-4.4,0,1,744
2026-03-31T13:48:20,-9.260806,-136.936691,-15.7,13.46,75.1,9,1.5,77.8,4.003,-4.4,0,1,745
2026-03-31T13:48:48,-9.260322,-136.934906,-4.2,13.98,76.1,9,1.4,78.0,4.004,-4.2,0,1,746
2026-03-31T13:49:16,-9.259871,-136.933167,-5.0,12.34,73.9,9,1.5,77.8,4.004,-4.4,0,1,747
2026-03-31T13:49:44,-9.259408,-136.931488,-17.8,13.80,77.4,9,1.4,77.8,4.004,-4.4,0,1,748
2026-03-31T13:50:12,-9.258920,-136.929764,-20.5,13.84,75.9,9,1.4,77.8,4.004,-4.4,0,1,749
2026-03-31T13:50:40,-9.258363,-136.928024,-17.7,13.37,74.1,9,1.4,77.8,4.005,-4.4,0,1,750
2026-03-31T13:51:08,-9.257872,-136.926315,-8.0,14.04,75.8,9,1.4,78.0,4.004,-4.2,0,1,751
2026-03-31T13:51:36,-9.257403,-136.924561,-4.5,14.33,76.3,9,1.4,78.0,4.004,-4.2,0,1,752
2026-03-31T13:52:04,-9.256908,-136.922821,-12.2,13.56,73.4,9,1.4,78.0,4.003,-4.2,0,1,753
2026-03-31T13:52:32,-9.256405,-136.921082,-11.3,13.75,74.5,10,1.4,77.8,4.003,-4.4,0,1,754
2026-03-31T13:53:00,-9.255963,-136.919373,-7.0,14.57,74.7,10,1.4,78.0,4.003,-4.2,0,1,755
2026-03-31T13:53:28,-9.255489,-136.917648,-7.3,13.88,80.6,11,1.2,77.6,4.003,-4.4,0,1,756
2026-03-31T13:53:56,-9.254982,-136.915924,-10.2,13.19,77.5,11,1.2,78.0,4.003,-4.2,0,1,757
2026-03-31T13:54:24,-9.254468,-136.914230,-18.2,14.06,75.8,11,1.2,77.8,4.000,-4.4,0,1,758
2026-03-31T13:54:52,-9.253968,-136.912521,-13.6,13.85,72.2,11,1.2,77.8,4.003,-4.4,0,1,759
2026-03-31T13:55:20,-9.253473,-136.910797,-9.6,14.22,71.8,11,1.2,77.6,4.003,-4.4,0,1,760
2026-03-31T13:55:48,-9.252952,-136.909088,1.7,13.60,75.8,11,1.2,77.6,4.003,-4.4,0,1,761
2026-03-31T13:56:16,-9.252423,-136.907333,0.2,13.65,76.6,11,1.2,77.6,4.001,-4.4,0,1,762
2026-03-31T13:56:44,-9.251940,-136.905594,-7.5,15.18,72.4,11,1.2,77.8,4.001,-4.4,0,1,763
2026-03-31T13:57:12,-9.251398,-136.903854,5.3,13.58,71.3,11,1.2,77.6,4.003,-4.4,0,1,764
2026-03-31T13:57:40,-9.250874,-136.902084,9.4,13.27,73.4,11,1.2,77.6,4.003,-4.4,0,1,765
2026-03-31T13:58:08,-9.250388,-136.900345,1.5,14.58,76.1,11,1.2,77.5,4.000,-4.4,0,1,766
2026-03-31T13:58:36,-9.249832,-136.898621,2.1,14.43,76.0,11,1.2,77.5,4.000,2062.9,0,1,767
2026-03-31T13:59:04,-9.249346,-136.896866,0.8,13.55,69.8,11,1.2,77.3,4.001,-4.4,0,1,768
2026-03-31T13:59:32,-9.248860,-136.895111,-5.2,12.59,74.6,11,1.2,77.5,4.001,-4.4,0,1,769
2026-03-31T14:00:00,-9.248319,-136.893372,-0.5,14.75,71.8,11,1.2,77.5,4.001,-4.4,0,1,770
2026-03-31T14:00:28,-9.247784,-136.891632,-5.9,14.16,73.8,12,1.2,77.5,4.001,-4.4,0,1,771
2026-03-31T14:00:56,-9.247267,-136.889893,-2.4,14.05,75.6,12,1.2,77.8,4.001,-4.4,0,1,772
2026-03-31T14:01:24,-9.246754,-136.888168,0.5,15.00,78.0,12,1.2,77.6,4.001,-4.4,0,1,773
2026-03-31T14:01:52,-9.246200,-136.886444,1.6,14.17,70.2,12,1.2,77.3,3.999,-4.4,0,1,774
2026-03-31T14:02:20,-9.245677,-136.884750,-1.1,12.30,70.7,12,1.1,77.5,4.000,-4.4,0,1,775
2026-03-31T14:02:48,-9.245182,-136.883041,2.6,12.43,74.1,12,1.1,77.5,4.000,-4.4,0,1,776
2026-03-31T14:03:16,-9.244687,-136.881302,5.1,13.86,72.0,12,1.1,77.2,4.000,-4.4,0,1,777
2026-03-31T14:03:44,-9.244195,-136.879562,7.7,13.06,74.1,12,1.1,77.2,4.000,-4.4,0,1,778
2026-03-31T14:04:12,-9.243683,-136.877823,7.6,15.21,74.2,12,1.1,77.5,4.000,-4.4,0,1,779
2026-03-31T14:04:40,-9.243154,-136.876099,9.9,13.51,74.0,12,1.1,77.3,4.000,-4.4,0,1,780
2026-03-31T14:05:08,-9.242612,-136.874359,11.0,14.26,72.2,12,1.1,77.3,3.999,2058.6,0,1,781
2026-03-31T14:05:36,-9.242094,-136.872620,12.1,13.87,73.5,12,1.1,77.5,4.000,-4.4,0,1,782
2026-03-31T14:06:04,-9.241542,-136.870880,15.7,13.46,70.9,12,1.1,77.6,3.999,-4.4,0,1,783
2026-03-31T14:06:32,-9.241026,-136.869141,18.1,12.58,71.5,12,1.1,77.2,3.997,-4.4,0,1,784
2026-03-31T14:07:00,-9.240501,-136.867447,19.9,13.84,74.1,12,1.1,77.2,4.000,-4.4,0,1,785
2026-03-31T14:07:28,-9.239987,-136.865723,18.1,14.29,77.2,12,1.1,77.2,3.999,-4.4,0,1,786
2026-03-31T14:07:56,-9.239486,-136.863998,17.7,13.52,72.2,12,1.1,77.0,3.997,-4.4,0,1,787
2026-03-31T14:08:24,-9.239003,-136.862274,16.2,12.86,70.9,12,1.1,77.0,3.996,2049.8,0,1,788
2026-03-31T14:08:52,-9.238489,-136.860535,17.3,12.85,74.1,12,1.1,77.0,3.996,-4.4,0,1,789
2026-03-31T14:09:20,-9.237966,-136.858810,17.4,14.07,70.7,12,1.1,77.0,3.997,2049.8,0,1,790
2026-03-31T14:09:48,-9.237452,-136.857056,16.3,14.30,75.2,12,1.1,77.2,3.997,-4.4,0,1,791
2026-03-31T14:10:16,-9.236934,-136.855331,18.4,13.27,72.9,12,1.1,77.0,3.997,-4.4,0,1,792
2026-03-31T14:10:44,-9.236370,-136.853607,18.9,14.61,71.8,12,1.1,77.0,3.999,-4.4,0,1,793
2026-03-31T14:11:12,-9.235909,-136.851868,18.1,14.46,75.3,12,1.1,77.2,3.996,-4.4,0,1,794
2026-03-31T14:11:40,-9.235380,-136.850113,20.8,13.84,75.9,12,1.1,76.8,3.999,-4.4,0,1,795
2026-03-31T14:12:08,-9.234912,-136.848343,14.9,14.20,76.4,12,1.1,77.0,3.995,-4.4,0,1,796
2026-03-31T14:12:36,-9.234384,-136.846603,16.9,14.24,76.2,12,1.1,76.8,3.995,-4.4,0,1,797
2026-03-31T14:13:04,-9.233889,-136.844864,11.4,13.05,75.0,12,1.1,77.0,3.997,-4.4,0,1,798
2026-03-31T14:13:32,-9.233378,-136.843079,12.8,13.17,72.1,12,1.1,77.0,3.996,-4.4,0,1,799
2026-03-31T14:14:00,-9.232855,-136.841354,11.9,14.45,77.0,12,1.0,77.0,3.997,-4.4,0,1,800
2026-03-31T14:14:28,-9.232371,-136.839645,12.9,11.89,71.8,12,1.1,77.0,3.996,-4.4,0,1,801
2026-03-31T14:14:56,-9.231852,-136.837921,14.7,12.53,73.7,12,1.0,76.8,3.997,-4.4,0,1,802
2026-03-31T14:15:24,-9.231350,-136.836243,16.8,13.13,72.3,12,1.1,76.8,3.996,-4.4,0,1,803
2026-03-31T14:15:52,-9.230886,-136.834457,11.5,10.76,73.3,12,1.1,76.7,3.996,-4.2,0,1,804
2026-03-31T14:16:20,-9.230358,-136.832718,18.7,15.95,74.3,12,1.1,76.7,3.996,-4.2,0,1,805
2026-03-31T14:16:48,-9.229838,-136.830978,19.9,14.53,78.8,12,1.1,76.8,3.995,-4.4,0,1,806
2026-03-31T14:17:16,-9.229317,-136.829254,18.0,15.01,81.2,12,1.0,76.8,3.996,-4.4,0,1,807
2026-03-31T14:17:44,-9.228805,-136.827515,16.5,13.28,71.3,12,1.1,76.7,3.995,2041.3,0,1,808
2026-03-31T14:18:12,-9.228378,-136.825653,8.9,13.24,74.1,11,1.2,77.0,3.997,-4.4,0,1,809
2026-03-31T14:18:40,-9.227875,-136.823914,16.1,15.99,78.7,12,1.1,77.2,3.994,-4.4,0,1,810
2026-03-31T14:19:08,-9.227397,-136.822113,15.5,14.48,74.9,12,1.0,76.7,3.995,-4.2,0,1,811
2026-03-31T14:19:36,-9.226918,-136.820328,11.1,14.80,72.6,12,1.0,76.8,3.995,-4.4,0,1,812
2026-03-31T14:20:04,-9.226433,-136.818573,14.0,11.73,77.4,12,1.0,76.8,3.995,-4.4,0,1,813
2026-03-31T14:20:32,-9.225945,-136.816757,10.0,14.18,76.4,12,1.0,76.7,3.994,-4.2,0,1,814
2026-03-31T14:21:00,-9.225425,-136.814957,6.8,13.95,71.0,12,1.0,77.0,3.994,-4.4,0,1,815
2026-03-31T14:21:28,-9.224965,-136.813171,7.3,13.83,72.0,12,1.0,76.7,3.996,2041.3,0,1,816
2026-03-31T14:21:56,-9.224534,-136.811401,6.0,12.41,74.6,12,1.0,76.5,3.995,-4.4,0,1,817
2026-03-31T14:22:24,-9.223988,-136.809692,13.7,13.79,74.3,12,1.0,76.7,3.994,-4.2,0,1,818
2026-03-31T14:22:52,-9.223492,-136.807922,10.9,13.98,72.8,12,1.0,76.7,3.996,-4.2,0,1,819
2026-03-31T14:23:20,-9.222939,-136.806198,14.9,13.65,74.7,12,1.0,76.8,3.993,-4.4,0,1,820
2026-03-31T14:23:48,-9.222484,-136.804398,11.7,13.72,73.7,12,1.0,76.3,3.994,-4.4,0,1,821
2026-03-31T14:24:16,-9.221967,-136.802673,10.3,14.59,68.2,12,1.0,76.7,3.994,-4.2,0,1,822
2026-03-31T14:24:44,-9.221490,-136.800949,9.8,13.76,74.8,12,1.0,76.3,3.994,-4.4,0,1,823
2026-03-31T14:25:12,-9.221045,-136.799179,4.2,12.17,77.6,12,0.9,76.3,3.993,-4.4,0,1,824
2026-03-31T14:25:40,-9.220523,-136.797440,7.2,15.06,76.0,12,1.0,76.3,3.993,2032.6,0,1,825
2026-03-31T14:26:08,-9.220115,-136.795624,6.1,14.41,78.8,11,1.3,76.5,3.994,-4.4,0,1,826
2026-03-31T14:26:36,-9.219589,-136.793945,10.4,14.40,78.2,11,1.3,76.5,3.994,-4.4,0,1,827
2026-03-31T14:27:04,-9.218926,-136.792252,27.0,14.10,77.4,11,1.3,76.5,3.994,-4.4,0,1,828
2026-03-31T14:27:32,-9.218442,-136.790497,31.3,14.22,78.1,11,1.5,76.3,3.993,-4.4,0,1,829
2026-03-31T14:28:00,-9.217931,-136.788818,30.8,12.44,73.9,11,1.3,76.5,3.993,-4.4,0,1,830
2026-03-31T14:28:28,-9.217391,-136.787064,28.6,14.33,73.5,11,1.5,76.3,3.994,-4.4,0,1,831
2026-03-31T14:28:56,-9.216990,-136.785324,27.7,13.39,76.9,12,1.0,76.2,3.993,-4.4,0,1,832
2026-03-31T14:29:24,-9.216320,-136.783691,35.9,15.14,70.6,12,1.0,76.7,3.991,-4.2,0,1,833
2026-03-31T14:29:52,-9.215761,-136.781998,42.5,13.98,72.4,12,0.9,76.3,3.993,-4.4,0,1,834
2026-03-31T14:30:20,-9.215290,-136.780243,37.2,12.59,74.3,12,0.9,76.3,3.993,-4.4,0,1,835
2026-03-31T14:30:48,-9.214845,-136.778488,35.0,12.84,72.3,12,1.0,76.3,3.993,-4.4,0,1,836
2026-03-31T14:31:16,-9.214343,-136.776733,24.7,14.94,75.1,12,1.0,76.2,3.993,-4.4,0,1,837
2026-03-31T14:31:44,-9.213860,-136.775009,25.8,12.31,67.6,12,1.0,76.3,3.993,-4.4,0,1,838
2026-03-31T14:32:12,-9.213418,-136.773254,18.9,13.37,80.0,11,1.1,76.0,3.991,-4.4,0,1,839
2026-03-31T14:32:40,-9.212898,-136.771500,12.8,12.77,71.5,11,1.4,76.3,3.993,-4.4,0,1,840
2026-03-31T14:33:08,-9.212425,-136.769745,11.4,14.47,78.6,11,1.0,76.2,3.991,-4.4,0,1,841
2026-03-31T14:33:36,-9.211908,-136.768021,16.2,12.25,70.3,10,1.6,76.2,3.990,-4.4,0,1,842
2026-03-31T14:34:04,-9.211287,-136.766327,18.1,15.13,71.2,11,1.1,76.3,3.991,-4.4,0,1,843
2026-03-31T14:34:32,-9.210775,-136.764603,22.7,13.55,74.9,10,1.6,76.0,3.989,-4.4,0,1,844
2026-03-31T14:35:00,-9.210288,-136.762848,13.7,13.98,72.8,11,1.1,76.0,3.989,-4.4,0,1,845
2026-03-31T14:35:28,-9.209784,-136.761139,21.8,13.09,71.3,12,1.0,76.2,3.990,-4.4,0,1,846
2026-03-31T14:35:56,-9.209249,-136.759430,16.0,12.47,78.3,11,1.3,76.3,3.990,-4.4,0,1,847
2026-03-31T14:36:24,-9.208721,-136.757690,25.7,15.10,72.6,11,1.6,75.9,3.990,-4.4,0,1,848
2026-03-31T14:36:52,-9.208194,-136.755997,24.4,13.37,71.8,11,1.5,76.0,3.990,-4.4,0,1,849
2026-03-31T14:37:20,-9.207584,-136.754288,30.3,14.56,71.9,12,1.0,76.2,3.989,-4.4,0,1,850
2026-03-31T14:37:48,-9.207052,-136.752594,36.3,14.58,78.0,11,1.5,76.3,3.989,-4.4,0,1,851
2026-03-31T14:38:16,-9.206503,-136.750885,32.9,12.55,72.2,11,1.6,76.0,3.991,-4.4,0,1,852
2026-03-31T14:38:44,-9.206018,-136.749176,29.1,15.90,71.5,12,1.0,76.0,3.987,-4.4,0,1,853
2026-03-31T14:39:12,-9.205474,-136.747437,31.7,14.75,72.3,12,1.6,75.9,3.990,-4.4,0,1,854
2026-03-31T14:39:40,-9.204955,-136.745728,29.3,12.84,76.3,11,1.6,75.7,3.989,-4.4,0,1,855
2026-03-31T14:40:08,-9.204397,-136.744003,27.8,14.05,70.9,10,1.5,76.0,3.990,2023.8,0,1,856
2026-03-31T14:40:36,-9.203900,-136.742279,29.6,14.05,74.1,10,1.3,75.9,3.989,-4.4,0,1,857
2026-03-31T14:41:04,-9.203403,-136.740601,23.8,13.07,73.7,10,1.5,75.9,3.989,-4.4,0,1,858
2026-03-31T14:41:32,-9.202912,-136.738876,22.8,14.58,75.8,11,1.5,75.7,3.987,-4.4,0,1,859
2026-03-31T14:42:00,-9.202391,-136.737152,24.3,13.16,72.6,12,1.2,75.9,3.987,-4.4,0,1,860
2026-03-31T14:42:28,-9.201885,-136.735382,23.2,13.39,75.4,12,1.2,75.9,3.987,-4.4,0,1,861
2026-03-31T14:42:56,-9.201334,-136.733719,24.7,14.49,74.2,11,1.5,75.9,3.986,-4.4,0,1,862
2026-03-31T14:43:24,-9.200860,-136.732010,21.4,14.48,76.8,11,1.5,75.5,3.987,-4.4,0,1,863
2026-03-31T14:43:52,-9.200341,-136.730286,19.0,14.86,74.1,11,1.2,75.7,3.987,-4.4,0,1,864
2026-03-31T14:44:20,-9.199837,-136.728561,18.4,13.30,78.0,11,1.2,75.7,3.987,-4.4,0,1,865
2026-03-31T14:44:48,-9.199293,-136.726807,22.8,15.59,77.1,11,1.5,75.9,3.985,-4.4,0,1,866
2026-03-31T14:45:16,-9.198775,-136.725052,17.6,13.92,71.6,10,1.3,75.9,3.989,-4.4,0,1,867
2026-03-31T14:45:44,-9.198281,-136.723297,14.6,12.85,73.2,11,1.1,75.7,3.989,-4.4,0,1,868
2026-03-31T14:46:12,-9.197829,-136.721588,14.2,13.66,79.1,11,1.2,75.9,3.987,-4.4,0,1,869
2026-03-31T14:46:40,-9.197309,-136.719879,11.1,12.64,68.2,10,1.4,75.7,3.987,-4.4,0,1,870
2026-03-31T14:47:08,-9.196843,-136.718124,5.3,13.80,76.2,10,1.4,75.5,3.986,-4.4,0,1,871
2026-03-31T14:47:36,-9.196345,-136.716385,7.3,14.09,75.8,11,1.0,75.7,3.987,-4.4,0,1,872
2026-03-31T14:48:04,-9.195807,-136.714661,15.1,13.41,72.7,11,1.0,75.7,3.986,-4.4,0,1,873
2026-03-31T14:48:32,-9.195287,-136.712967,16.8,13.62,70.2,11,1.1,75.7,3.987,-4.4,0,1,874
2026-03-31T14:49:00,-9.194767,-136.711258,13.6,12.74,73.2,10,1.4,75.5,3.985,-4.4,0,1,875
2026-03-31T14:49:28,-9.194287,-136.709549,6.9,13.77,76.5,10,1.3,75.2,3.985,-4.4,0,1,876
2026-03-31T14:49:56,-9.193788,-136.707840,9.2,12.32,72.5,10,1.4,75.5,3.986,-4.4,0,1,877
2026-03-31T14:50:24,-9.193283,-136.706146,8.5,13.15,80.8,10,1.4,75.7,3.986,-4.4,0,1,878
2026-03-31T14:50:52,-9.192765,-136.704453,10.2,12.57,72.1,10,1.4,75.4,3.984,-4.2,0,1,879
2026-03-31T14:51:20,-9.192248,-136.702728,6.4,12.47,75.7,10,1.4,75.4,3.986,-4.2,0,1,880
2026-03-31T14:51:48,-9.191695,-136.701050,9.9,13.67,74.7,11,1.1,75.4,3.986,-4.2,0,1,881
2026-03-31T14:52:16,-9.191236,-136.699280,11.2,13.43,74.1,10,1.4,75.4,3.985,-4.2,0,1,882
2026-03-31T14:52:44,-9.190687,-136.697556,6.7,12.39,75.0,10,1.4,75.5,3.986,-4.4,0,1,883
2026-03-31T14:53:12,-9.190150,-136.695862,10.2,13.09,74.4,10,1.4,75.4,3.985,-4.2,0,1,884
2026-03-31T14:53:40,-9.189615,-136.694153,17.0,13.03,73.5,10,1.4,75.5,3.985,-4.4,0,1,885
2026-03-31T14:54:08,-9.189141,-136.692444,0.8,12.43,78.2,10,1.3,75.4,3.985,-4.2,0,1,886
2026-03-31T14:54:36,-9.188547,-136.690750,7.5,13.92,81.5,11,1.2,75.7,3.985,-4.4,0,1,887
2026-03-31T14:55:04,-9.188100,-136.688980,-1.0,14.72,79.7,11,1.2,75.4,3.985,-4.2,0,1,888
2026-03-31T14:55:32,-9.187522,-136.687332,5.8,13.08,67.7,10,1.3,75.2,3.985,-4.4,0,1,889
2026-03-31T14:56:00,-9.187026,-136.685669,10.0,13.46,71.2,11,1.2,75.4,3.984,-4.2,0,1,890
2026-03-31T14:56:28,-9.186570,-136.683975,5.8,12.75,69.2,11,1.2,75.4,3.986,-4.2,0,1,891
2026-03-31T14:56:56,-9.186062,-136.682251,14.5,13.72,74.7,11,1.2,75.2,3.985,-4.4,0,1,892
2026-03-31T14:57:24,-9.185561,-136.680557,22.2,13.66,72.2,11,1.2,75.5,3.984,-4.4,0,1,893
2026-03-31T14:57:52,-9.185021,-136.678879,23.3,12.78,72.2,11,1.2,75.4,3.984,-4.2,0,1,894
2026-03-31T14:58:20,-9.184552,-136.677155,13.4,13.88,73.4,11,1.2,75.4,3.984,-4.2,0,1,895
2026-03-31T14:58:48,-9.184006,-136.675491,16.5,13.47,71.8,11,1.2,75.4,3.985,-4.2,0,1,896
2026-03-31T14:59:16,-9.183435,-136.673828,30.1,13.56,74.1,11,1.2,75.4,3.983,-4.2,0,1,897
2026-03-31T14:59:44,-9.182991,-136.672104,26.1,13.64,76.7,11,1.2,75.0,3.983,-4.4,0,1,898
2026-03-31T15:00:12,-9.182460,-136.670380,32.0,11.84,76.1,11,1.2,75.5,3.983,-4.4,0,1,899
2026-03-31T15:00:40,-9.181945,-136.668671,31.8,13.46,76.3,11,1.2,75.5,3.984,2010.7,0,1,900
2026-03-31T15:01:08,-9.181583,-136.666840,12.3,14.91,72.3,11,1.2,74.9,3.984,-4.4,0,1,901
2026-03-31T15:01:36,-9.181078,-136.665131,14.7,14.20,78.5,11,1.2,75.4,3.983,-4.2,0,1,902
2026-03-31T15:02:04,-9.180580,-136.663437,14.9,12.67,73.0,11,1.2,75.0,3.983,-4.4,0,1,903
2026-03-31T15:02:32,-9.180046,-136.661758,19.8,13.99,74.9,11,1.2,75.0,3.981,-4.4,0,1,904
2026-03-31T15:03:00,-9.179606,-136.660034,15.2,13.47,74.0,11,1.2,75.0,3.984,-4.4,0,1,905
2026-03-31T15:03:28,-9.179128,-136.658325,16.8,13.84,82.2,11,1.2,75.0,3.983,-4.4,0,1,906
2026-03-31T15:03:56,-9.178596,-136.656647,13.9,13.03,74.2,10,1.2,75.2,3.981,-4.4,0,1,907
2026-03-31T15:04:24,-9.178084,-136.654953,15.5,12.44,77.1,11,1.2,75.0,3.983,-4.4,0,1,908
2026-03-31T15:04:52,-9.177677,-136.653214,8.7,13.28,73.7,10,1.5,75.0,3.981,-4.4,0,1,909
2026-03-31T15:05:20,-9.177132,-136.651550,7.3,14.00,72.4,10,1.5,75.0,3.981,-4.4,0,1,910
2026-03-31T15:05:49,-9.176573,-136.649811,10.9,13.82,75.6,10,1.5,75.0,3.983,-4.4,0,1,911
2026-03-31T15:06:17,-9.176116,-136.648087,8.8,13.25,78.7,10,1.5,74.9,3.983,-4.4,0,1,912
2026-03-31T15:06:45,-9.175685,-136.646393,2.0,13.77,76.5,10,1.5,74.9,3.980,-4.4,0,1,913
2026-03-31T15:07:13,-9.175191,-136.644684,4.7,13.41,72.4,11,1.2,75.0,3.983,-4.4,0,1,914
2026-03-31T15:07:41,-9.174705,-136.642960,4.7,14.15,73.0,11,1.2,74.9,3.981,-4.4,0,1,915
2026-03-31T15:08:09,-9.174183,-136.641235,9.3,12.61,71.8,11,1.2,74.9,3.981,-4.4,0,1,916
2026-03-31T15:08:37,-9.173678,-136.639511,12.9,15.00,78.4,11,1.2,74.9,3.981,-4.4,0,1,917
2026-03-31T15:09:05,-9.173251,-136.637787,12.4,13.71,80.0,10,1.2,74.7,3.980,-4.4,0,1,918
2026-03-31T15:09:33,-9.172785,-136.636047,9.2,12.95,71.4,10,1.2,74.9,3.981,-4.4,0,1,919
2026-03-31T15:10:01,-9.172241,-136.634308,9.5,14.58,81.3,10,1.2,74.9,3.981,-4.4,0,1,920
2026-03-31T15:10:29,-9.171725,-136.632584,8.3,13.04,72.4,10,1.2,74.7,3.981,-4.4,0,1,921
2026-03-31T15:10:57,-9.171257,-136.630814,5.1,13.85,73.5,10,1.2,74.9,3.980,-4.4,0,1,922
2026-03-31T15:11:25,-9.170703,-136.629089,10.9,13.47,69.0,10,1.2,74.7,3.980,-4.4,0,1,923
2026-03-31T15:11:53,-9.170180,-136.627380,10.7,13.82,77.1,9,1.6,74.7,3.977,-4.4,0,1,924
2026-03-31T15:12:21,-9.169630,-136.625671,11.1,13.29,79.3,10,1.2,74.4,3.979,-4.4,0,1,925
2026-03-31T15:12:49,-9.169077,-136.623962,11.0,13.61,73.3,10,1.2,74.9,3.980,-4.4,0,1,926
2026-03-31T15:13:17,-9.168554,-136.622238,12.5,13.97,75.0,9,1.6,74.5,3.977,-4.4,0,1,927
2026-03-31T15:13:45,-9.168036,-136.620499,14.2,14.25,69.6,10,1.2,74.7,3.981,-4.4,0,1,928
2026-03-31T15:14:13,-9.167488,-136.618759,12.5,14.26,71.7,9,1.7,74.5,3.979,-4.4,0,1,929
2026-03-31T15:14:41,-9.166974,-136.617020,11.1,13.86,77.0,9,1.7,74.5,3.980,-4.4,0,1,930
2026-03-31T15:15:09,-9.166522,-136.615265,15.0,13.85,70.3,9,1.7,74.5,3.979,-4.4,0,1,931
2026-03-31T15:15:37,-9.165941,-136.613571,14.4,14.21,72.0,9,1.7,75.0,3.979,-4.4,0,1,932
2026-03-31T15:16:05,-9.165419,-136.611847,10.8,13.86,74.2,9,1.7,74.7,3.979,1989.1,0,1,933
2026-03-31T15:16:33,-9.164942,-136.610107,12.0,13.32,73.5,9,1.7,74.7,3.977,-4.4,0,1,934
2026-03-31T15:17:01,-9.164380,-136.608414,15.5,13.99,76.4,9,1.7,74.4,3.977,-4.4,0,1,935
2026-03-31T15:17:29,-9.163850,-136.606689,16.7,13.83,74.6,9,1.7,74.4,3.977,-4.4,0,1,936
2026-03-31T15:17:57,-9.163317,-136.604965,14.9,14.25,75.2,9,1.7,74.4,3.979,-4.4,0,1,937
2026-03-31T15:18:25,-9.162670,-136.603302,17.7,13.25,72.4,9,1.7,74.2,3.979,-4.4,0,1,938
2026-03-31T15:18:53,-9.162163,-136.601608,16.0,12.79,73.0,9,1.7,74.5,3.977,-4.4,0,1,939
2026-03-31T15:19:21,-9.161706,-136.599915,18.1,13.50,77.7,9,1.7,74.4,3.977,-4.4,0,1,940
2026-03-31T15:19:49,-9.161174,-136.598236,16.5,14.02,66.6,9,1.7,74.4,3.977,-4.4,0,1,941
2026-03-31T15:20:17,-9.160655,-136.596512,15.3,13.98,73.3,9,1.7,74.5,3.977,-4.4,0,1,942
2026-03-31T15:20:45,-9.160187,-136.594803,10.9,14.27,80.7,9,1.7,74.5,3.979,-4.4,0,1,943
2026-03-31T15:21:13,-9.159616,-136.593109,12.7,13.13,73.9,9,1.7,74.4,3.977,-4.4,0,1,944
2026-03-31T15:21:41,-9.159100,-136.591400,11.9,14.23,73.4,9,1.7,74.5,3.976,-4.4,0,1,945
2026-03-31T15:22:09,-9.158520,-136.589722,8.2,13.88,70.4,9,1.7,74.2,3.979,-4.4,0,1,946
2026-03-31T15:22:37,-9.158007,-136.588028,4.2,13.83,68.8,9,1.7,74.2,3.975,-4.4,0,1,947
2026-03-31T15:23:05,-9.157534,-136.586349,2.8,14.53,68.9,9,1.7,74.4,3.977,-4.4,0,1,948
2026-03-31T15:23:33,-9.157008,-136.584625,6.0,14.73,75.0,9,1.7,74.4,3.976,-4.4,0,1,949
2026-03-31T15:24:01,-9.156424,-136.582932,6.9,13.32,66.9,9,1.7,74.2,3.976,-4.4,0,1,950
2026-03-31T15:24:29,-9.155995,-136.581207,5.2,13.33,86.7,9,1.7,74.4,3.976,-4.4,0,1,951
2026-03-31T15:24:57,-9.155403,-136.579514,8.7,13.74,74.5,9,1.7,74.4,3.976,-4.4,0,1,952
2026-03-31T15:25:24,-9.154880,-136.577820,9.6,13.64,71.7,9,1.7,74.2,3.975,-4.4,0,1,953
2026-03-31T15:25:52,-9.154339,-136.576111,11.6,14.32,67.1,9,1.7,74.4,3.976,-4.4,0,1,954
2026-03-31T15:26:20,-9.153828,-136.574417,12.0,13.62,72.8,9,1.7,74.1,3.975,-4.4,0,1,955
2026-03-31T15:26:48,-9.153328,-136.572693,10.5,13.54,66.7,9,1.7,74.4,3.976,-4.4,0,1,956
2026-03-31T15:27:16,-9.152834,-136.570984,10.0,13.40,75.1,10,1.6,74.4,3.974,-4.4,0,1,957
2026-03-31T15:27:44,-9.152235,-136.569290,13.5,13.05,70.8,10,1.7,74.4,3.977,-4.4,0,1,958
2026-03-31T15:28:12,-9.151622,-136.567627,12.0,14.21,64.2,10,1.7,74.2,3.976,-4.4,0,1,959
2026-03-31T15:28:40,-9.151127,-136.565933,14.1,12.98,71.8,10,1.7,74.2,3.975,-4.4,0,1,960
2026-03-31T15:29:08,-9.150581,-136.564224,13.8,13.27,71.5,10,1.7,74.1,3.976,-4.4,0,1,961
2026-03-31T15:29:36,-9.150094,-136.562515,13.6,13.60,68.9,10,1.7,74.2,3.974,-4.4,0,1,962
2026-03-31T15:30:04,-9.149578,-136.560822,14.4,13.22,71.8,10,1.7,74.2,3.975,-4.4,0,1,963
2026-03-31T15:30:32,-9.148949,-136.559174,14.2,12.67,65.8,10,1.6,74.1,3.975,-4.4,0,1,964
2026-03-31T15:31:00,-9.148457,-136.557465,12.6,14.18,70.3,10,1.6,74.2,3.974,-4.4,0,1,965
2026-03-31T15:31:28,-9.147887,-136.555786,16.1,14.85,71.2,10,1.6,74.2,3.974,-4.4,0,1,966
2026-03-31T15:31:56,-9.147438,-136.554077,20.6,12.49,76.0,10,1.7,74.2,3.976,-4.4,0,1,967
2026-03-31T15:32:24,-9.146963,-136.552383,19.7,13.71,76.4,10,1.7,74.1,3.975,-4.4,0,1,968
2026-03-31T15:32:52,-9.146469,-136.550613,18.6,13.47,71.5,10,1.6,74.2,3.974,-4.4,0,1,969
2026-03-31T15:33:20,-9.146138,-136.548874,18.1,14.45,79.0,10,1.7,73.9,3.974,-4.4,0,1,970
2026-03-31T15:33:48,-9.145741,-136.547119,21.0,14.77,80.5,10,1.7,73.9,3.973,-4.4,0,1,971
2026-03-31T15:34:16,-9.145135,-136.545441,9.1,13.68,68.1,10,1.7,73.9,3.973,-4.4,0,1,972
2026-03-31T15:34:44,-9.144711,-136.543686,9.6,12.87,67.5,10,1.7,73.7,3.974,-4.4,0,1,973
2026-03-31T15:35:12,-9.144209,-136.542023,17.1,12.50,71.2,10,1.7,74.2,3.973,-4.4,0,1,974
2026-03-31T15:35:40,-9.143627,-136.540344,22.2,13.97,75.5,10,1.7,73.9,3.973,-4.4,0,1,975
2026-03-31T15:36:08,-9.143062,-136.538635,29.6,13.53,65.7,10,1.7,74.1,3.973,-4.4,0,1,976
2026-03-31T15:36:36,-9.142602,-136.536926,30.3,13.71,73.2,10,1.7,73.7,3.974,-4.4,0,1,977
2026-03-31T15:37:04,-9.142205,-136.535202,28.6,13.31,75.6,10,1.7,73.9,3.973,-4.4,0,1,978
2026-03-31T15:37:32,-9.141806,-136.533463,30.3,13.86,74.2,10,1.7,73.6,3.973,-4.4,0,1,979
2026-03-31T15:38:00,-9.141306,-136.531754,32.5,14.08,81.0,10,1.7,73.7,3.971,-4.4,0,1,980
2026-03-31T15:38:28,-9.140805,-136.530029,32.2,13.60,72.3,10,1.7,73.7,3.971,-4.4,0,1,981
2026-03-31T15:38:56,-9.140290,-136.528336,33.9,13.25,71.5,10,1.6,73.7,3.971,-4.4,0,1,982
2026-03-31T15:39:24,-9.139782,-136.526611,35.8,12.88,70.0,10,1.7,73.7,3.971,-4.4,0,1,983
2026-03-31T15:39:52,-9.139367,-136.524887,31.2,12.76,79.8,10,1.7,73.7,3.971,-4.4,0,1,984
2026-03-31T15:40:20,-9.138908,-136.523163,26.5,14.53,70.9,10,1.7,73.7,3.973,-4.4,0,1,985
2026-03-31T15:40:48,-9.138391,-136.521439,27.0,14.33,75.6,10,1.7,73.7,3.973,-4.4,0,1,986
2026-03-31T15:41:16,-9.137858,-136.519714,25.7,13.43,76.5,10,1.7,73.9,3.973,-4.4,0,1,987
2026-03-31T15:41:44,-9.137267,-136.518036,15.5,12.68,77.3,10,1.6,73.7,3.973,-4.4,0,1,988
2026-03-31T15:42:12,-9.136737,-136.516357,23.0,13.46,75.0,10,1.6,73.7,3.971,-4.4,0,1,989
2026-03-31T15:42:40,-9.136326,-136.514633,26.5,14.24,73.7,10,1.6,73.7,3.970,-4.4,0,1,990
2026-03-31T15:43:08,-9.135825,-136.512924,30.1,13.76,71.8,10,1.6,73.7,3.971,-4.4,0,1,991
2026-03-31T15:43:36,-9.135297,-136.511200,28.9,14.18,83.6,10,1.6,73.7,3.971,-4.4,0,1,992
2026-03-31T15:44:04,-9.134740,-136.509521,32.6,12.74,76.0,10,1.5,73.4,3.970,-4.4,0,1,993
2026-03-31T15:44:32,-9.134222,-136.507812,28.3,13.99,78.0,10,1.6,73.4,3.973,-4.4,0,1,994
2026-03-31T15:45:00,-9.133740,-136.506073,17.9,13.68,78.0,9,3.6,73.4,3.970,-4.4,0,1,995
2026-03-31T15:45:28,-9.133466,-136.504333,3.6,13.27,71.0,10,1.6,73.4,3.970,-4.4,0,1,996
2026-03-31T15:45:56,-9.132965,-136.502640,5.5,12.52,79.1,10,1.6,73.6,3.971,-4.4,0,1,997
2026-03-31T15:46:24,-9.132439,-136.500916,3.4,13.65,75.0,10,1.6,73.7,3.969,1962.9,0,1,998
2026-03-31T15:46:52,-9.131953,-136.499207,5.5,12.83,69.1,10,1.6,73.7,3.969,-4.4,0,1,999
2026-03-31T15:47:20,-9.131533,-136.497498,1.4,12.87,71.3,10,1.6,73.4,3.970,-4.4,0,1,1000
2026-03-31T15:47:48,-9.131124,-136.495743,-2.0,13.24,74.7,9,3.7,73.2,3.971,-4.4,0,1,1001
2026-03-31T15:48:16,-9.130692,-136.494049,0.4,12.15,77.8,10,1.6,73.4,3.969,-4.4,0,1,1002
2026-03-31T15:48:44,-9.130248,-136.492416,0.8,11.67,67.1,9,3.4,73.7,3.969,-4.4,0,1,1003
2026-03-31T15:49:12,-9.129840,-136.490738,-2.8,13.45,75.3,8,3.7,73.4,3.966,-4.4,0,1,1004
2026-03-31T15:49:40,-9.129406,-136.489059,-0.5,13.32,74.1,8,3.7,73.2,3.970,-4.4,0,1,1005
2026-03-31T15:50:08,-9.128879,-136.487366,-1.6,13.19,72.3,9,1.5,73.4,3.969,-4.4,0,1,1006
2026-03-31T15:50:36,-9.128428,-136.485703,-2.9,13.48,74.4,8,3.7,73.4,3.969,-4.4,0,1,1007
2026-03-31T15:51:04,-9.127831,-136.484085,-0.4,13.00,70.1,8,3.3,73.4,3.970,-4.4,0,1,1008
2026-03-31T15:51:32,-9.127433,-136.482407,0.1,12.67,78.4,8,3.7,73.4,3.969,-4.4,0,1,1009
2026-03-31T15:52:00,-9.126763,-136.480804,4.7,12.73,69.8,8,3.7,73.1,3.969,-4.4,0,1,1010
2026-03-31T15:52:28,-9.126304,-136.479095,2.0,13.55,74.5,8,3.7,73.2,3.969,-4.4,0,1,1011
2026-03-31T15:52:56,-9.125750,-136.477402,3.0,14.06,69.8,9,1.5,73.1,3.967,-4.4,0,1,1012
2026-03-31T15:53:24,-9.125223,-136.475693,-0.5,13.83,75.2,8,3.7,73.1,3.967,-4.4,0,1,1013
2026-03-31T15:53:52,-9.124749,-136.474030,-0.3,12.54,69.8,9,1.5,73.1,3.969,-4.4,0,1,1014
2026-03-31T15:54:20,-9.124191,-136.472366,-0.8,13.03,73.6,8,3.1,73.1,3.969,-4.4,0,1,1015
2026-03-31T15:54:48,-9.123710,-136.470673,-0.8,13.95,73.9,8,3.7,73.1,3.969,-4.4,0,1,1016
2026-03-31T15:55:16,-9.123178,-136.468994,2.7,12.20,71.5,8,3.0,73.1,3.967,-4.4,0,1,1017
2026-03-31T15:55:44,-9.122807,-136.467270,-6.9,13.02,78.6,8,3.7,73.4,3.966,-4.4,0,1,1018
2026-03-31T15:56:12,-9.122312,-136.465576,-7.4,13.80,80.4,9,1.6,73.1,3.966,1945.4,0,1,1019
2026-03-31T15:56:40,-9.121736,-136.463882,-6.5,13.15,75.6,9,3.6,72.7,3.967,-4.4,0,1,1020
2026-03-31T15:57:08,-9.121031,-136.462280,0.5,12.36,70.7,8,3.6,73.1,3.969,-4.4,0,1,1021
2026-03-31T15:57:36,-9.120534,-136.460602,0.7,13.70,78.2,8,3.6,73.1,3.966,-4.4,0,1,1022
2026-03-31T15:58:04,-9.120085,-136.458878,-1.2,13.93,82.6,9,1.5,73.1,3.966,-4.4,0,1,1023
2026-03-31T15:58:32,-9.119610,-136.457169,-0.6,13.86,69.8,8,3.6,72.9,3.966,-4.4,0,1,1024
2026-03-31T15:59:00,-9.118948,-136.455505,5.4,15.21,77.7,9,1.5,73.1,3.966,-4.4,0,1,1025
2026-03-31T15:59:28,-9.118397,-136.453842,8.0,12.34,71.8,9,1.5,72.9,3.967,-4.4,0,1,1026
2026-03-31T15:59:56,-9.117760,-136.452225,12.3,13.30,70.3,9,1.4,72.9,3.967,-4.4,0,1,1027
2026-03-31T16:00:24,-9.117119,-136.450531,20.0,13.23,71.4,9,1.4,72.9,3.966,-4.4,0,1,1028
2026-03-31T16:00:52,-9.116542,-136.448898,23.9,12.81,65.7,9,1.5,72.7,3.966,-4.4,0,1,1029
2026-03-31T16:01:20,-9.116054,-136.447174,23.6,14.58,75.8,9,1.5,73.4,3.966,-4.4,0,1,1030
2026-03-31T16:01:48,-9.115575,-136.445511,23.1,13.33,74.2,9,1.5,73.1,3.965,-4.4,0,1,1031
2026-03-31T16:02:16,-9.115033,-136.443817,27.1,13.52,72.3,9,1.5,72.7,3.966,-4.4,0,1,1032
2026-03-31T16:02:44,-9.114535,-136.442123,25.9,14.13,71.6,8,3.4,72.9,3.965,-4.4,0,1,1033
2026-03-31T16:03:12,-9.114106,-136.440399,24.4,14.45,80.1,9,1.5,72.7,3.964,-4.4,0,1,1034
2026-03-31T16:03:40,-9.113590,-136.438705,25.2,14.02,76.6,8,3.4,72.7,3.967,-4.4,0,1,1035
2026-03-31T16:04:08,-9.113082,-136.436981,24.4,14.36,68.9,8,3.4,72.9,3.966,-4.4,0,1,1036
2026-03-31T16:04:36,-9.112739,-136.435181,11.9,14.10,70.0,9,1.5,72.7,3.965,-4.4,0,1,1037
2026-03-31T16:05:04,-9.112348,-136.433517,11.6,12.58,70.4,9,1.5,72.7,3.966,-4.4,0,1,1038
2026-03-31T16:05:32,-9.111940,-136.431778,6.5,13.85,67.8,9,1.5,72.9,3.966,-4.4,0,1,1039
2026-03-31T16:06:00,-9.111280,-136.430161,16.1,13.57,69.6,8,3.3,72.7,3.964,-4.4,0,1,1040
2026-03-31T16:06:28,-9.110935,-136.428375,5.1,12.76,70.3,8,3.3,72.7,3.964,-4.4,0,1,1041
2026-03-31T16:06:56,-9.110734,-136.426575,-12.9,13.26,79.0,8,3.2,72.9,3.965,-4.4,0,1,1042
2026-03-31T16:07:24,-9.110263,-136.424850,-12.4,13.66,75.3,8,3.2,72.7,3.964,-4.4,0,1,1043
2026-03-31T16:07:52,-9.109780,-136.423141,-13.4,14.93,81.9,8,3.2,72.9,3.965,-4.4,0,1,1044
2026-03-31T16:08:20,-9.109214,-136.421478,-4.4,12.63,76.3,8,2.4,72.7,3.964,-4.4,0,1,1045
2026-03-31T16:08:48,-9.108745,-136.419876,-4.9,12.97,74.9,8,3.2,72.9,3.965,-4.4,0,1,1046
2026-03-31T16:09:16,-9.108490,-136.418091,-16.8,13.85,78.8,8,3.2,72.4,3.963,-4.4,0,1,1047
2026-03-31T16:09:44,-9.108058,-136.416351,-14.2,13.02,83.3,8,3.1,72.6,3.964,-4.4,0,1,1048
2026-03-31T16:10:12,-9.107500,-136.414719,-12.9,13.03,73.3,8,3.1,72.7,3.964,-4.4,0,1,1049
2026-03-31T16:10:40,-9.107080,-136.412994,-16.6,13.96,78.2,8,2.3,72.7,3.964,-4.4,0,1,1050
2026-03-31T16:11:08,-9.106332,-136.411469,-7.2,14.01,78.9,8,3.1,72.6,3.963,-4.4,0,1,1051
2026-03-31T16:11:36,-9.105775,-136.409744,-2.2,13.80,78.1,8,3.1,72.4,3.964,-4.4,0,1,1052
2026-03-31T16:12:04,-9.105247,-136.408112,-3.8,13.92,77.1,9,3.0,72.4,3.965,-4.4,0,1,1053
2026-03-31T16:12:32,-9.104733,-136.406494,-5.4,13.60,77.9,10,2.2,72.6,3.964,-4.4,0,1,1054
2026-03-31T16:13:00,-9.104170,-136.404846,-6.2,13.06,74.9,10,1.7,72.4,3.963,-4.4,0,1,1055
2026-03-31T16:13:28,-9.103827,-136.403168,-16.6,13.31,81.7,10,1.7,72.4,3.961,-4.4,0,1,1056
2026-03-31T16:13:56,-9.103431,-136.401459,-23.7,12.83,72.8,10,1.7,72.2,3.964,-4.4,0,1,1057
2026-03-31T16:14:24,-9.103006,-136.399719,-29.8,13.11,78.1,9,1.7,72.7,3.963,-4.4,0,1,1058
2026-03-31T16:14:52,-9.102402,-136.398117,-29.2,13.48,73.3,9,1.7,72.4,3.961,-4.4,0,1,1059
2026-03-31T16:15:20,-9.101960,-136.396332,-31.4,14.79,75.3,9,1.7,72.7,3.963,-4.4,0,1,1060
2026-03-31T16:15:48,-9.101210,-136.394806,-13.0,13.20,75.7,9,1.7,72.6,3.963,-4.4,0,1,1061
2026-03-31T16:16:16,-9.100636,-136.393097,-6.1,12.73,72.7,9,1.7,72.4,3.963,-4.4,0,1,1062
2026-03-31T16:16:44,-9.100132,-136.391403,-6.5,13.77,65.4,9,1.7,72.2,3.960,-4.4,0,1,1063
2026-03-31T16:17:12,-9.099509,-136.389786,-5.7,13.78,74.7,9,1.7,72.4,3.964,-4.4,0,1,1064
2026-03-31T16:17:40,-9.099018,-136.388062,-3.4,15.33,71.4,8,1.8,72.2,3.961,-4.4,0,1,1065
2026-03-31T16:18:08,-9.098304,-136.386414,13.0,12.66,74.1,9,1.6,72.2,3.960,-4.4,0,1,1066
2026-03-31T16:18:36,-9.097686,-136.384735,24.0,14.76,71.0,9,1.6,72.4,3.963,-4.4,0,1,1067
2026-03-31T16:19:04,-9.097051,-136.383087,28.9,13.88,65.1,9,1.6,72.4,3.960,-4.4,0,1,1068
2026-03-31T16:19:32,-9.096563,-136.381439,34.8,11.76,73.1,9,1.6,72.1,3.960,-4.4,0,1,1069
2026-03-31T16:20:00,-9.096000,-136.379776,39.0,12.18,82.1,9,1.6,72.1,3.960,-4.4,0,1,1070
2026-03-31T16:20:28,-9.095433,-136.378128,41.0,13.14,73.5,9,1.6,72.1,3.964,-4.4,0,1,1071
2026-03-31T16:20:56,-9.094862,-136.376434,42.6,12.80,71.3,9,1.6,72.2,3.961,-4.4,0,1,1072
2026-03-31T16:21:24,-9.094306,-136.374741,43.2,13.22,68.9,9,1.6,72.2,3.960,-4.4,0,1,1073
2026-03-31T16:21:52,-9.093745,-136.373093,39.5,15.37,71.7,9,1.6,72.4,3.959,-4.4,0,1,1074
2026-03-31T16:22:20,-9.093266,-136.371368,34.0,13.52,66.8,10,1.1,72.2,3.960,-4.4,0,1,1075
2026-03-31T16:22:48,-9.092773,-136.369614,34.5,14.45,64.1,9,1.5,71.9,3.960,-4.4,0,1,1076
2026-03-31T16:23:16,-9.092258,-136.367920,31.2,11.97,72.7,9,1.5,71.9,3.960,-4.4,0,1,1077
2026-03-31T16:23:44,-9.091699,-136.366241,25.9,15.97,76.4,9,1.5,72.2,3.961,-4.4,0,1,1078
2026-03-31T16:24:12,-9.091237,-136.364563,21.0,13.05,74.2,9,1.5,72.1,3.960,-4.4,0,1,1079
2026-03-31T16:24:40,-9.090732,-136.362823,17.7,13.22,69.2,9,1.5,72.4,3.960,-4.4,0,1,1080
2026-03-31T16:25:08,-9.090250,-136.361053,12.3,14.29,72.1,9,1.5,72.1,3.960,-4.4,0,1,1081
2026-03-31T16:25:36,-9.089672,-136.359375,10.6,13.49,64.1,8,1.6,71.9,3.961,-4.4,0,1,1082
2026-03-31T16:26:04,-9.089170,-136.357697,7.7,13.61,79.1,8,1.6,72.1,3.959,-4.4,0,1,1083
2026-03-31T16:26:32,-9.088640,-136.356064,3.6,13.41,73.2,8,1.5,71.9,3.961,-4.4,0,1,1084
2026-03-31T16:27:00,-9.088120,-136.354355,-0.5,13.91,67.9,8,1.5,71.9,3.957,-4.4,0,1,1085
2026-03-31T16:27:28,-9.087672,-136.352631,-2.7,13.73,77.9,8,1.5,72.1,3.959,-4.4,0,1,1086
2026-03-31T16:27:56,-9.087153,-136.350906,-3.8,13.13,70.2,8,1.5,72.1,3.960,-4.4,0,1,1087
2026-03-31T16:28:24,-9.086660,-136.349182,-4.0,12.97,73.3,8,1.5,71.9,3.956,-4.4,0,1,1088
2026-03-31T16:28:52,-9.086142,-136.347473,-2.5,12.20,73.3,8,1.5,71.9,3.959,-4.4,0,1,1089
2026-03-31T16:29:20,-9.085703,-136.345734,-4.7,13.32,70.7,8,1.5,72.1,3.959,-4.4,0,1,1090
2026-03-31T16:29:48,-9.085129,-136.344070,-3.9,12.09,71.5,8,1.5,72.1,3.957,-4.4,0,1,1091
2026-03-31T16:30:16,-9.084630,-136.342346,-2.7,13.85,78.1,8,1.5,71.9,3.957,-4.4,0,1,1092
2026-03-31T16:30:44,-9.084139,-136.340652,-5.6,14.26,76.3,8,2.1,71.8,3.959,-4.4,0,1,1093
2026-03-31T16:31:12,-9.083667,-136.338943,-4.5,14.27,78.9,8,1.5,71.9,3.959,-4.4,0,1,1094
2026-03-31T16:31:40,-9.083126,-136.337311,-4.9,12.15,72.6,8,2.1,71.9,3.957,-4.4,0,1,1095
2026-03-31T16:32:08,-9.082616,-136.335617,-4.2,11.77,74.6,7,1.6,71.8,3.957,-4.4,0,1,1096
2026-03-31T16:32:36,-9.082138,-136.333939,-3.5,12.59,74.7,7,2.8,71.8,3.956,-4.4,0,1,1097
2026-03-31T16:33:04,-9.081587,-136.332275,-2.3,13.17,71.5,8,1.4,72.1,3.957,-4.4,0,1,1098
2026-03-31T16:33:32,-9.081160,-136.330566,-4.7,14.53,74.8,8,1.4,71.9,3.956,-4.4,0,1,1099
2026-03-31T16:34:00,-9.080658,-136.328873,-1.6,13.40,76.1,7,2.7,71.6,3.961,-4.4,0,1,1100
2026-03-31T16:34:28,-9.080174,-136.327148,-1.6,13.89,76.8,8,1.4,71.6,3.957,-4.4,0,1,1101
2026-03-31T16:34:56,-9.079693,-136.325424,-9.8,13.15,74.8,8,1.4,71.9,3.956,-4.4,0,1,1102
2026-03-31T16:35:24,-9.079144,-136.323685,-8.4,13.34,71.2,7,1.3,71.6,3.956,-4.4,0,1,1103
2026-03-31T16:35:52,-9.078718,-136.321945,-9.2,14.02,78.9,9,1.2,71.9,3.956,-4.4,0,1,1104
2026-03-31T16:36:20,-9.078246,-136.320236,-7.5,14.87,74.0,9,1.2,71.8,3.957,-4.4,0,1,1105
2026-03-31T16:36:48,-9.077726,-136.318542,-4.1,12.97,74.5,10,1.1,71.6,3.955,-4.4,0,1,1106
2026-03-31T16:37:16,-9.077254,-136.316864,-1.3,13.49,75.8,9,1.2,71.8,3.956,-4.4,0,1,1107
2026-03-31T16:37:44,-9.076817,-136.315155,-0.5,13.01,74.4,9,1.2,71.8,3.957,-4.4,0,1,1108
2026-03-31T16:38:12,-9.076326,-136.313446,-1.1,13.84,77.3,9,1.2,71.6,3.955,-4.4,0,1,1109
2026-03-31T16:38:40,-9.075894,-136.311752,-1.1,14.17,76.8,9,1.2,71.6,3.956,-4.4,0,1,1110
2026-03-31T16:39:08,-9.075425,-136.310059,-4.3,13.07,75.6,9,1.2,71.6,3.954,-4.4,0,1,1111
2026-03-31T16:39:36,-9.074982,-136.308319,-9.7,13.36,72.6,9,1.2,71.4,3.955,-4.4,0,1,1112
2026-03-31T16:40:04,-9.074520,-136.306610,-14.7,13.84,72.4,9,1.2,71.4,3.956,-4.4,0,1,1113
2026-03-31T16:40:32,-9.074079,-136.304916,-17.6,13.49,70.1,9,2.1,71.4,3.955,-4.4,0,1,1114
2026-03-31T16:41:00,-9.073577,-136.303177,-19.1,14.09,73.3,8,1.4,71.4,3.956,-4.4,0,1,1115
2026-03-31T16:41:28,-9.073156,-136.301453,-25.4,13.50,72.7,8,1.4,71.8,3.956,-4.4,0,1,1116
2026-03-31T16:41:56,-9.072679,-136.299744,-27.1,13.39,75.3,9,1.2,71.4,3.954,-4.4,0,1,1117
2026-03-31T16:42:24,-9.072162,-136.298065,-20.8,13.75,72.3,9,1.2,71.4,3.955,-4.4,0,1,1118
2026-03-31T16:42:52,-9.071650,-136.296356,-14.7,13.26,73.4,9,1.2,71.4,3.954,-4.4,0,1,1119
2026-03-31T16:43:20,-9.071185,-136.294662,-4.6,13.39,82.8,8,1.2,71.3,3.953,-4.4,0,1,1120
2026-03-31T16:43:48,-9.070656,-136.292938,1.8,13.25,74.6,9,1.2,71.1,3.955,-4.4,0,1,1121
2026-03-31T16:44:16,-9.070157,-136.291245,6.5,13.70,75.8,9,1.2,71.4,3.953,-4.4,0,1,1122
2026-03-31T16:44:44,-9.069680,-136.289505,14.3,13.05,75.9,8,1.2,71.4,3.954,-4.4,0,1,1123
2026-03-31T16:45:12,-9.069111,-136.287827,22.8,14.45,73.3,9,1.2,71.3,3.955,1897.4,0,1,1124
2026-03-31T16:45:40,-9.068588,-136.286133,27.6,13.25,68.6,9,1.2,71.4,3.954,-4.4,0,1,1125
2026-03-31T16:46:08,-9.068117,-136.284378,30.2,13.98,78.3,8,1.2,71.4,3.954,-4.4,0,1,1126
2026-03-31T16:46:36,-9.067705,-136.282623,33.1,13.29,74.1,9,1.2,71.3,3.954,-4.4,0,1,1127
2026-03-31T16:47:04,-9.067200,-136.280914,37.1,13.48,71.8,9,1.2,71.4,3.955,-4.4,0,1,1128
2026-03-31T16:47:32,-9.066627,-136.279205,48.3,14.55,75.7,8,1.2,71.3,3.953,-4.4,0,1,1129
2026-03-31T16:48:00,-9.066160,-136.277451,47.8,13.65,70.2,8,1.2,71.1,3.954,-4.4,0,1,1130
2026-03-31T16:48:28,-9.065760,-136.275665,48.5,14.29,73.1,9,1.2,71.4,3.953,-4.4,0,1,1131
2026-03-31T16:48:56,-9.065317,-136.273911,41.0,13.77,68.7,9,1.2,71.4,3.953,-4.4,0,1,1132
2026-03-31T16:49:24,-9.065173,-136.272064,15.3,13.43,75.1,8,1.2,71.3,3.954,-4.4,0,1,1133
2026-03-31T16:49:52,-9.064722,-136.270294,5.4,13.96,76.0,8,1.2,71.1,3.954,-4.4,0,1,1134
2026-03-31T16:50:20,-9.064198,-136.268631,7.8,13.34,70.9,8,1.2,71.1,3.954,-4.4,0,1,1135
2026-03-31T16:50:48,-9.063677,-136.266953,8.6,13.04,73.9,8,1.2,71.3,3.954,-4.4,0,1,1136
2026-03-31T16:51:16,-9.063198,-136.265228,10.4,13.01,72.4,9,1.2,70.9,3.953,-4.4,0,1,1137
2026-03-31T16:51:44,-9.062740,-136.263489,27.8,13.23,74.0,10,2.1,71.3,3.954,-4.4,0,1,1138
2026-03-31T16:52:12,-9.062270,-136.261749,27.0,13.34,74.6,10,1.1,70.9,3.950,-4.4,0,1,1139
2026-03-31T16:52:40,-9.061743,-136.260025,34.5,14.17,67.5,10,1.1,71.3,3.953,-4.4,0,1,1140
2026-03-31T16:53:08,-9.061216,-136.258286,45.5,14.20,72.4,9,1.1,71.3,3.951,-4.4,0,1,1141
2026-03-31T16:53:36,-9.060777,-136.256531,45.6,13.71,73.2,9,1.1,71.1,3.951,1893.0,0,1,1142
2026-03-31T16:54:04,-9.060335,-136.254791,36.1,13.34,78.1,10,1.1,71.3,3.951,-4.4,0,1,1143
2026-03-31T16:54:32,-9.059874,-136.253052,27.7,15.54,65.1,10,2.1,71.3,3.953,-4.4,0,1,1144
2026-03-31T16:55:00,-9.059361,-136.251373,31.4,14.06,68.7,9,3.5,71.3,3.953,-4.4,0,1,1145
2026-03-31T16:55:28,-9.058880,-136.249619,40.0,13.71,74.7,9,1.2,70.9,3.950,-4.4,0,1,1146
2026-03-31T16:55:56,-9.058534,-136.247849,24.0,13.36,73.4,8,1.3,71.3,3.953,-4.4,0,1,1147
2026-03-31T16:56:24,-9.058133,-136.246094,5.7,13.24,73.8,9,1.2,71.3,3.950,-4.4,0,1,1148
2026-03-31T16:56:52,-9.057653,-136.244431,0.2,12.74,69.9,9,1.1,70.9,3.951,-4.4,0,1,1149
2026-03-31T16:57:20,-9.057172,-136.242737,4.9,13.66,71.3,9,1.1,70.8,3.950,-4.4,0,1,1150
2026-03-31T16:57:48,-9.056724,-136.240997,1.7,13.87,74.4,10,1.1,70.9,3.950,-4.4,0,1,1151
2026-03-31T16:58:16,-9.056406,-136.239227,-7.0,13.41,77.9,9,1.1,70.9,3.951,-4.4,0,1,1152
2026-03-31T16:58:44,-9.055899,-136.237549,-14.9,13.17,71.3,9,1.1,71.1,3.951,-4.4,0,1,1153
2026-03-31T16:59:12,-9.055505,-136.235794,-18.7,13.46,70.6,10,1.1,70.9,3.950,-4.4,0,1,1154
2026-03-31T16:59:40,-9.054927,-136.234116,-12.8,13.64,69.4,10,1.1,70.8,3.950,-4.4,0,1,1155
2026-03-31T17:00:08,-9.054426,-136.232407,-7.1,13.33,75.6,10,1.1,70.8,3.949,-4.4,0,1,1156
2026-03-31T17:00:36,-9.053964,-136.230682,-4.3,12.92,74.0,10,1.1,70.9,3.950,-4.4,0,1,1157
2026-03-31T17:01:04,-9.053458,-136.228973,-2.4,13.80,69.0,10,1.1,70.8,3.951,-4.4,0,1,1158
2026-03-31T17:01:32,-9.052980,-136.227280,-2.7,13.21,78.8,10,1.1,70.8,3.949,-4.4,0,1,1159
2026-03-31T17:02:00,-9.052474,-136.225571,1.3,13.73,75.1,10,1.1,70.6,3.950,-4.4,0,1,1160
2026-03-31T17:02:28,-9.052075,-136.223831,-1.1,13.27,74.2,10,1.1,70.6,3.950,-4.4,0,1,1161
2026-03-31T17:02:56,-9.051557,-136.222153,-0.7,13.13,75.2,10,1.1,70.9,3.949,-4.4,0,1,1162
2026-03-31T17:03:24,-9.051079,-136.220428,3.0,13.57,78.2,10,1.1,70.8,3.949,-4.4,0,1,1163
2026-03-31T17:03:52,-9.050582,-136.218750,9.8,13.39,69.5,10,1.1,70.8,3.950,-4.4,0,1,1164
2026-03-31T17:04:20,-9.050021,-136.217041,14.5,12.74,73.1,10,1.1,70.4,3.949,-4.4,0,1,1165
2026-03-31T17:04:48,-9.049603,-136.215317,11.4,13.34,72.9,11,1.0,70.6,3.949,-4.4,0,1,1166
2026-03-31T17:05:16,-9.049246,-136.213562,-10.1,13.09,74.7,11,1.0,70.8,3.950,-4.4,0,1,1167
2026-03-31T17:05:44,-9.048859,-136.211807,-32.3,13.67,80.2,12,1.5,70.8,3.949,-4.4,0,1,1168
2026-03-31T17:06:12,-9.048319,-136.210129,-33.0,13.67,68.4,12,1.0,70.6,3.947,-4.4,0,1,1169
2026-03-31T17:06:40,-9.047847,-136.208420,-23.6,13.64,69.0,12,1.0,70.4,3.949,-4.4,0,1,1170
2026-03-31T17:07:08,-9.047487,-136.206650,-20.3,13.21,74.7,12,1.0,70.4,3.949,-4.4,0,1,1171
2026-03-31T17:07:36,-9.046977,-136.205017,-24.0,13.55,71.2,12,1.0,70.6,3.946,-4.4,0,1,1172
2026-03-31T17:08:04,-9.046344,-136.203400,-31.2,13.40,67.3,11,1.0,70.6,3.946,-4.4,0,1,1173
2026-03-31T17:08:32,-9.045880,-136.201706,-30.5,13.06,75.5,11,1.0,70.6,3.947,-4.4,0,1,1174
2026-03-31T17:09:00,-9.045218,-136.200104,-22.3,13.20,70.3,12,1.0,70.4,3.947,-4.4,0,1,1175
2026-03-31T17:09:28,-9.044630,-136.198441,-20.1,13.18,69.3,11,1.0,70.4,3.947,-4.4,0,1,1176
2026-03-31T17:09:56,-9.044059,-136.196793,-19.0,13.41,78.0,11,1.0,70.6,3.947,-4.4,0,1,1177
2026-03-31T17:10:24,-9.043442,-136.195129,-12.5,14.17,67.3,11,1.0,70.4,3.946,-4.4,0,1,1178
2026-03-31T17:10:52,-9.042873,-136.193436,-18.6,13.08,68.5,10,1.1,70.6,3.947,-4.4,0,1,1179
2026-03-31T17:11:20,-9.042271,-136.191788,-16.9,13.56,65.9,12,1.0,70.3,3.949,-4.4,0,1,1180
2026-03-31T17:11:48,-9.041717,-136.190079,-23.7,13.22,72.5,12,1.0,70.6,3.947,-4.4,0,1,1181
2026-03-31T17:12:16,-9.041140,-136.188400,-13.0,13.53,64.3,12,1.0,70.6,3.947,-4.4,0,1,1182
2026-03-31T17:12:44,-9.040570,-136.186737,-14.5,13.28,73.9,12,1.0,70.3,3.947,-4.4,0,1,1183
2026-03-31T17:13:12,-9.039990,-136.185074,-11.6,13.53,68.9,11,1.0,70.6,3.946,-4.4,0,1,1184
2026-03-31T17:13:40,-9.039433,-136.183380,-1.3,13.81,69.4,12,1.0,70.3,3.946,-4.4,0,1,1185
2026-03-31T17:14:08,-9.038811,-136.181747,0.8,13.85,69.5,12,1.0,70.3,3.946,-4.4,0,1,1186
2026-03-31T17:14:36,-9.038243,-136.180054,1.0,13.70,76.7,12,1.0,70.9,3.946,-4.4,0,1,1187
2026-03-31T17:15:04,-9.037650,-136.178375,-9.1,13.18,72.1,13,0.9,70.4,3.945,-4.4,0,1,1188
2026-03-31T17:15:32,-9.037079,-136.176712,1.0,13.49,75.0,13,0.9,70.3,3.946,-4.4,0,1,1189
2026-03-31T17:16:00,-9.036483,-136.175049,5.2,13.49,63.7,12,1.0,70.6,3.945,-4.4,0,1,1190
2026-03-31T17:16:28,-9.035906,-136.173325,-1.9,13.60,67.3,12,1.0,70.3,3.945,-4.4,0,1,1191
2026-03-31T17:16:56,-9.035320,-136.171661,2.3,13.81,73.3,12,1.0,70.3,3.947,-4.4,0,1,1192
2026-03-31T17:17:24,-9.034710,-136.169998,1.9,13.65,76.2,12,1.0,70.3,3.946,-4.4,0,1,1193
2026-03-31T17:17:52,-9.034119,-136.168289,3.8,13.52,72.2,12,1.0,70.0,3.946,-4.4,0,1,1194
2026-03-31T17:18:20,-9.033580,-136.166641,8.6,12.74,73.4,12,1.0,70.1,3.946,-4.4,0,1,1195
2026-03-31T17:18:48,-9.033002,-136.164948,8.6,12.85,68.2,11,1.0,70.3,3.945,-4.4,0,1,1196
2026-03-31T17:19:16,-9.032463,-136.163269,-1.3,13.18,76.2,11,1.0,70.3,3.946,-4.4,0,1,1197
2026-03-31T17:19:44,-9.031939,-136.161545,-2.0,13.39,72.4,11,1.0,70.1,3.945,-4.4,0,1,1198
2026-03-31T17:20:12,-9.031406,-136.159866,-1.0,13.61,70.9,13,0.9,70.0,3.945,-4.4,0,1,1199
2026-03-31T17:20:40,-9.030878,-136.158188,4.6,13.83,71.8,11,1.0,70.0,3.945,-4.4,0,1,1200
2026-03-31T17:21:08,-9.030333,-136.156464,6.5,12.76,67.2,11,1.0,70.3,3.946,-4.4,0,1,1201
2026-03-31T17:21:36,-9.029819,-136.154770,8.1,13.11,72.0,11,1.0,70.1,3.944,-4.4,0,1,1202
2026-03-31T17:22:04,-9.029304,-136.153030,6.7,13.90,71.5,11,1.0,70.0,3.944,-4.4,0,1,1203
2026-03-31T17:22:32,-9.028797,-136.151291,10.4,13.63,72.8,10,1.1,70.0,3.944,1862.4,0,1,1204
2026-03-31T17:23:00,-9.028315,-136.149582,9.7,13.20,74.7,11,1.0,70.0,3.944,-4.4,0,1,1205
2026-03-31T17:23:28,-9.027804,-136.147888,10.3,13.37,68.4,10,1.1,70.1,3.944,-4.4,0,1,1206
2026-03-31T17:23:56,-9.027222,-136.146194,5.2,13.38,67.2,10,1.0,70.3,3.944,-4.4,0,1,1207
2026-03-31T17:24:24,-9.026810,-136.144455,4.1,13.77,72.5,9,1.1,69.8,3.944,1858.1,0,1,1208
2026-03-31T17:24:52,-9.026268,-136.142731,4.9,13.37,73.9,9,1.1,70.1,3.944,-4.4,0,1,1209
2026-03-31T17:25:20,-9.025782,-136.141006,6.3,13.38,73.5,9,1.1,70.0,3.943,-4.4,0,1,1210
2026-03-31T17:25:48,-9.025242,-136.139297,6.4,13.64,73.4,10,1.0,70.1,3.943,-4.4,0,1,1211
2026-03-31T17:26:16,-9.024750,-136.137558,8.3,13.76,75.3,10,1.0,70.1,3.944,-4.4,0,1,1212
2026-03-31T17:26:44,-9.024271,-136.135864,6.0,13.32,73.6,9,1.1,70.0,3.944,-4.4,0,1,1213
2026-03-31T17:27:12,-9.023769,-136.134125,-1.3,13.59,76.2,9,1.1,70.1,3.943,-4.4,0,1,1214
2026-03-31T17:27:40,-9.023148,-136.132492,-7.1,13.26,64.3,9,1.1,70.0,3.943,-4.4,0,1,1215
2026-03-31T17:28:08,-9.022688,-136.130737,-8.3,13.42,77.7,9,1.1,69.8,3.943,-4.4,0,1,1216
2026-03-31T17:28:36,-9.022208,-136.129059,-8.4,13.45,74.6,10,1.0,69.8,3.941,-4.4,0,1,1217
2026-03-31T17:29:04,-9.021714,-136.127396,-10.9,13.47,73.5,10,1.1,69.8,3.941,-4.4,0,1,1218
2026-03-31T17:29:32,-9.021203,-136.125702,-13.2,13.23,69.0,9,1.1,70.0,3.944,-4.4,0,1,1219
2026-03-31T17:30:00,-9.020735,-136.124008,-12.8,14.10,75.6,10,1.1,70.0,3.943,-4.4,0,1,1220
2026-03-31T17:30:28,-9.020288,-136.122269,-11.6,13.26,75.7,9,1.2,69.8,3.944,-4.4,0,1,1221
2026-03-31T17:30:56,-9.019772,-136.120575,-16.9,13.64,70.5,9,1.2,69.6,3.941,-4.4,0,1,1222
2026-03-31T17:31:24,-9.019341,-136.118820,-23.0,13.27,74.6,9,1.2,69.6,3.941,-4.4,0,1,1223
2026-03-31T17:31:52,-9.018845,-136.117126,-24.6,13.38,71.2,9,1.2,70.0,3.943,-4.4,0,1,1224
2026-03-31T17:32:20,-9.018400,-136.115341,-28.7,14.09,77.5,10,1.1,69.5,3.941,-4.4,0,1,1225
2026-03-31T17:32:48,-9.017900,-136.113632,-28.2,14.68,74.3,10,1.1,69.6,3.943,-4.4,0,1,1226
2026-03-31T17:33:16,-9.017411,-136.111893,-30.2,13.41,72.9,10,1.1,69.6,3.943,-4.4,0,1,1227
2026-03-31T17:33:44,-9.016831,-136.110214,-29.0,13.42,72.8,9,1.3,70.0,3.941,1862.4,0,1,1228
2026-03-31T17:34:12,-9.016272,-136.108582,-27.8,13.65,75.2,9,1.3,69.6,3.940,-4.4,0,1,1229
2026-03-31T17:34:40,-9.015754,-136.106888,-26.4,12.95,74.1,9,1.1,69.8,3.941,-4.4,0,1,1230
2026-03-31T17:35:08,-9.015297,-136.105133,-24.4,14.09,76.0,9,1.3,69.6,3.939,-4.4,0,1,1231
2026-03-31T17:35:36,-9.014825,-136.103439,-19.4,12.92,76.8,10,1.1,69.8,3.940,-4.4,0,1,1232
2026-03-31T17:36:04,-9.014276,-136.101715,-23.6,14.20,73.5,9,1.3,69.6,3.940,-4.4,0,1,1233
2026-03-31T17:36:32,-9.013750,-136.100021,-26.9,13.25,68.9,10,1.0,69.5,3.940,-4.4,0,1,1234
2026-03-31T17:37:00,-9.013268,-136.098267,-26.8,14.17,76.2,9,1.3,69.3,3.940,-4.4,0,1,1235
2026-03-31T17:37:28,-9.012774,-136.096542,-25.3,14.17,71.7,9,1.3,69.6,3.941,-4.4,0,1,1236
2026-03-31T17:37:56,-9.012239,-136.094818,-21.9,13.85,73.8,9,1.3,69.5,3.940,-4.4,0,1,1237
2026-03-31T17:38:24,-9.011639,-136.093170,-18.9,13.47,71.5,10,1.0,69.6,3.939,-4.4,0,1,1238
2026-03-31T17:38:52,-9.011118,-136.091476,-30.1,13.64,74.2,9,1.3,69.5,3.940,-4.4,0,1,1239
2026-03-31T17:39:20,-9.010640,-136.089737,-29.8,12.92,73.4,11,1.0,69.5,3.940,-4.4,0,1,1240
2026-03-31T17:39:48,-9.010136,-136.088058,-34.8,13.93,75.7,9,1.3,69.5,3.938,-4.4,0,1,1241
2026-03-31T17:40:16,-9.009704,-136.086304,-32.5,13.60,79.6,9,1.3,69.5,3.940,-4.4,0,1,1242
2026-03-31T17:40:44,-9.009165,-136.084610,-18.7,13.37,69.4,9,1.3,69.6,3.939,-4.4,0,1,1243
2026-03-31T17:41:12,-9.008666,-136.082886,-11.3,13.25,74.8,9,1.3,69.5,3.939,-4.4,0,1,1244
2026-03-31T17:41:40,-9.008234,-136.081116,5.8,13.31,74.3,9,1.3,69.5,3.940,-4.4,0,1,1245
2026-03-31T17:42:08,-9.007791,-136.079376,15.4,13.15,71.3,10,1.0,69.5,3.939,-4.4,0,1,1246
2026-03-31T17:42:36,-9.007285,-136.077652,16.3,13.31,73.8,9,1.1,69.1,3.939,-4.4,0,1,1247
2026-03-31T17:43:04,-9.006755,-136.075974,11.5,13.95,72.8,9,1.3,69.5,3.940,-4.4,0,1,1248
2026-03-31T17:43:32,-9.006192,-136.074341,12.5,14.28,70.0,9,1.3,69.3,3.939,-4.4,0,1,1249
2026-03-31T17:44:00,-9.005632,-136.072678,15.8,13.11,72.1,10,1.0,69.1,3.939,-4.4,0,1,1250
2026-03-31T17:44:28,-9.005168,-136.070953,17.7,14.11,74.6,9,1.3,69.1,3.939,-4.4,0,1,1251
2026-03-31T17:44:56,-9.004662,-136.069260,14.8,13.40,77.7,9,1.3,69.3,3.938,-4.4,0,1,1252
2026-03-31T17:45:24,-9.004123,-136.067566,22.1,13.31,73.1,9,1.3,69.1,3.938,-4.4,0,1,1253
2026-03-31T17:45:52,-9.003593,-136.065903,15.0,12.92,75.3,9,1.3,69.5,3.938,-4.4,0,1,1254
2026-03-31T17:46:20,-9.003121,-136.064224,15.3,13.42,76.9,8,1.5,69.3,3.939,-4.4,0,1,1255
2026-03-31T17:46:48,-9.002619,-136.062531,21.9,13.27,74.5,8,1.5,69.0,3.938,-4.4,0,1,1256
2026-03-31T17:47:16,-9.002098,-136.060822,20.6,14.27,76.3,9,1.3,69.0,3.938,-4.4,0,1,1257
2026-03-31T17:47:44,-9.001588,-136.059143,22.5,13.90,78.2,10,1.0,69.3,3.936,-4.4,0,1,1258
2026-03-31T17:48:12,-9.001040,-136.057449,16.5,12.79,73.6,10,1.0,69.3,3.938,-4.4,0,1,1259
2026-03-31T17:48:40,-9.000488,-136.055771,16.4,13.25,74.4,10,1.0,69.5,3.938,-4.4,0,1,1260
2026-03-31T17:49:08,-8.999958,-136.054031,15.6,13.12,71.5,10,1.0,69.3,3.936,-4.4,0,1,1261
2026-03-31T17:49:36,-8.999527,-136.052307,12.4,13.63,77.3,10,1.0,69.0,3.938,-4.4,0,1,1262
2026-03-31T17:50:04,-8.999107,-136.050568,4.6,14.95,81.0,8,1.3,69.1,3.936,-4.4,0,1,1263
2026-03-31T17:50:32,-8.998577,-136.048889,8.9,14.13,77.3,10,1.0,69.1,3.940,-4.4,0,1,1264
2026-03-31T17:51:00,-8.998104,-136.047150,9.5,12.41,74.3,9,1.1,69.1,3.941,-4.4,0,1,1265
2026-03-31T17:51:28,-8.997595,-136.045425,14.0,13.23,73.3,9,1.1,69.5,3.936,-4.4,0,1,1266
2026-03-31T17:51:56,-8.997202,-136.043655,18.9,13.43,80.2,9,1.3,69.3,3.935,-4.4,0,1,1267
2026-03-31T17:52:24,-8.996647,-136.041977,18.3,13.53,71.7,8,1.5,69.3,3.936,-4.4,0,1,1268
2026-03-31T17:52:52,-8.996040,-136.040329,18.1,13.26,74.5,8,1.5,69.1,3.938,-4.4,0,1,1269
2026-03-31T17:53:20,-8.995494,-136.038651,17.4,13.62,71.3,6,1.8,69.0,3.936,-4.4,0,1,1270
2026-03-31T17:53:48,-8.994957,-136.036972,15.7,13.50,75.4,7,1.8,69.0,3.936,-4.4,0,1,1271
2026-03-31T17:54:16,-8.994472,-136.035324,20.8,12.89,72.1,8,1.5,69.1,3.936,-4.4,0,1,1272
2026-03-31T17:54:44,-8.994057,-136.033569,20.4,13.13,75.7,8,1.5,69.0,3.936,-4.4,0,1,1273
2026-03-31T17:55:12,-8.993533,-136.031891,19.1,13.07,73.1,8,1.5,69.0,3.936,-4.4,0,1,1274
2026-03-31T17:55:40,-8.993012,-136.030167,17.2,13.44,79.8,9,1.3,69.0,3.938,-4.4,0,1,1275
2026-03-31T17:56:08,-8.992567,-136.028442,18.8,13.09,74.2,9,1.3,69.0,3.934,-4.4,0,1,1276
2026-03-31T17:56:36,-8.992077,-136.026733,17.3,12.88,80.4,7,1.5,68.8,3.934,-4.4,0,1,1277
2026-03-31T17:57:04,-8.991478,-136.025085,16.3,13.64,72.7,8,1.3,69.3,3.934,-4.4,0,1,1278
2026-03-31T17:57:32,-8.991107,-136.023315,15.3,13.83,78.5,8,1.3,68.8,3.935,-4.4,0,1,1279
2026-03-31T17:58:00,-8.990438,-136.021713,20.9,13.26,71.6,8,1.5,68.8,3.936,-4.4,0,1,1280
2026-03-31T17:58:28,-8.990044,-136.019974,19.3,12.32,75.0,7,1.9,68.8,3.934,-4.4,0,1,1281
2026-03-31T17:58:56,-8.989592,-136.018234,19.4,13.86,74.2,7,1.9,68.6,3.935,-4.4,0,1,1282
2026-03-31T17:59:24,-8.989076,-136.016495,19.6,13.54,73.3,7,1.9,68.8,3.934,-4.4,0,1,1283
2026-03-31T17:59:52,-8.988474,-136.014862,20.5,12.54,73.0,7,1.9,69.0,3.934,-4.4,0,1,1284
2026-03-31T18:00:20,-8.988106,-136.013062,16.9,13.52,80.3,6,2.0,68.8,3.935,-4.4,0,1,1285
2026-03-31T18:00:48,-8.987638,-136.011322,14.7,13.64,80.1,6,2.5,68.6,3.934,-4.4,0,1,1286
2026-03-31T18:01:16,-8.987213,-136.009567,16.6,13.80,81.8,5,2.5,68.8,3.939,-4.4,0,1,1287
2026-03-31T18:01:44,-8.986650,-136.007889,17.4,13.46,78.4,6,2.5,68.8,3.929,-4.4,0,1,1288
2026-03-31T18:02:12,-8.986135,-136.006165,18.9,13.24,77.1,6,2.5,68.6,3.934,-4.4,0,1,1289
2026-03-31T18:02:40,-8.985547,-136.004486,17.5,13.32,70.5,6,2.5,68.8,3.934,-4.4,0,1,1290
2026-03-31T18:03:08,-8.985127,-136.002823,14.6,13.31,73.7,6,2.5,68.6,3.934,-4.4,0,1,1291
2026-03-31T18:03:36,-8.984736,-136.001144,7.3,12.29,80.7,5,3.9,68.8,3.938,-4.4,0,1,1292
2026-03-31T18:04:04,-8.984337,-135.999481,-1.2,14.56,81.4,5,8.5,68.6,3.932,-4.4,0,1,1293
2026-03-31T18:04:32,-8.983906,-135.997818,-8.2,13.02,74.9,5,3.8,69.1,3.932,-4.4,0,1,1294
2026-03-31T18:05:00,-8.983389,-135.996094,-8.2,12.93,74.3,5,8.5,68.6,3.934,-4.4,0,1,1295
2026-03-31T18:05:28,-8.982869,-135.994385,-9.2,13.70,75.2,5,3.8,68.5,3.934,-4.4,0,1,1296
2026-03-31T18:05:56,-8.982540,-135.992737,-17.4,13.56,75.9,5,3.8,68.5,3.934,-4.4,0,1,1297
2026-03-31T18:06:24,-8.982176,-135.991074,-28.1,12.59,74.5,5,3.7,68.8,3.934,-4.4,0,1,1298
2026-03-31T18:06:52,-8.981411,-135.989319,-22.4,13.53,75.2,5,3.7,68.6,3.932,-4.4,0,1,1299
2026-03-31T18:07:20,-8.980908,-135.987656,-22.9,11.78,74.1,5,3.7,68.6,3.932,-4.4,0,1,1300
2026-03-31T18:07:48,-8.980149,-135.985870,-9.1,14.06,76.7,5,3.7,69.0,3.934,-4.4,0,1,1301
2026-03-31T18:08:16,-8.979545,-135.984207,-1.0,13.00,73.8,4,3.9,68.5,3.932,-4.4,0,1,1302
2026-03-31T18:08:45,-8.979233,-135.982513,-8.9,13.30,75.4,6,3.5,68.6,3.931,-4.4,0,1,1303
2026-03-31T18:09:13,-8.978736,-135.980759,-3.7,14.24,78.3,6,3.5,68.5,3.932,-4.4,0,1,1304
2026-03-31T18:09:41,-8.978283,-135.979080,-7.4,13.21,75.7,6,3.5,68.8,3.932,-4.4,0,1,1305
2026-03-31T18:10:09,-8.977811,-135.977371,-12.8,13.26,77.4,6,7.7,68.2,3.931,-4.0,0,1,1306
2026-03-31T18:10:37,-8.977354,-135.975647,-15.9,14.82,83.8,6,3.4,68.6,3.932,-4.4,0,1,1307
2026-03-31T18:11:05,-8.976711,-135.973953,-10.8,13.29,71.5,6,3.4,68.3,3.931,-4.4,0,1,1308
2026-03-31T18:11:32,-8.976062,-135.972244,-3.6,12.97,69.6,5,3.6,68.3,3.935,-4.4,0,1,1309
2026-03-31T18:12:01,-8.975705,-135.970490,-9.0,13.15,76.4,6,3.4,68.5,3.925,-4.4,0,1,1310
2026-03-31T18:12:29,-8.975340,-135.968781,-15.1,12.65,79.0,6,3.4,68.5,3.931,-4.4,0,1,1311
2026-03-31T18:12:57,-8.974792,-135.967072,-14.0,13.23,75.4,6,3.4,68.6,3.931,-4.4,0,1,1312
2026-03-31T18:13:25,-8.974230,-135.965424,-15.8,13.29,70.4,6,3.4,68.3,3.931,-4.4,0,1,1313
2026-03-31T18:13:53,-8.973673,-135.963715,-17.0,13.16,78.6,6,3.4,68.5,3.930,-4.4,0,1,1314
2026-03-31T18:14:20,-8.973213,-135.961929,-18.5,13.18,77.5,5,3.6,68.3,3.932,-4.4,0,1,1315
2026-03-31T18:14:49,-8.972528,-135.960220,-6.1,14.39,73.4,6,3.3,68.5,3.928,-4.4,0,1,1316
2026-03-31T18:15:17,-8.972219,-135.958527,-16.7,13.56,81.1,6,3.3,68.2,3.930,-4.0,0,1,1317
2026-03-31T18:15:45,-8.971733,-135.956879,-18.1,11.77,77.6,6,3.3,68.2,3.931,-4.0,0,1,1318
2026-03-31T18:16:13,-8.971252,-135.955154,-15.4,13.14,74.1,6,3.3,68.2,3.931,-4.0,0,1,1319
2026-03-31T18:16:41,-8.970676,-135.953461,-15.0,12.35,70.5,6,3.3,68.2,3.931,-4.0,0,1,1320
2026-03-31T18:17:09,-8.970098,-135.951828,-15.8,12.08,71.3,6,3.3,68.2,3.929,-4.0,0,1,1321
2026-03-31T18:17:37,-8.969580,-135.950104,-17.3,13.27,75.6,6,3.3,68.0,3.929,-3.7,0,1,1322
2026-03-31T18:18:05,-8.969078,-135.948456,-19.9,12.18,73.8,5,3.4,68.3,3.934,-4.4,0,1,1323
2026-03-31T18:18:32,-8.968568,-135.946747,-19.8,12.21,76.4,5,3.4,68.2,3.930,-4.0,0,1,1324
2026-03-31T18:19:01,-8.968111,-135.945068,-23.5,12.59,78.7,5,3.4,68.0,3.930,-3.7,0,1,1325
2026-03-31T18:19:29,-8.967486,-135.943420,-24.5,12.87,73.2,7,2.0,68.0,3.928,-3.7,0,1,1326
2026-03-31T18:19:57,-8.967060,-135.941742,-26.0,16.14,79.6,6,3.2,68.2,3.929,-4.0,0,1,1327
2026-03-31T18:20:25,-8.966614,-135.940109,-28.9,11.11,80.4,6,3.2,68.0,3.929,-3.7,0,1,1328
2026-03-31T18:20:53,-8.966004,-135.938416,-25.5,11.50,72.4,6,3.2,68.2,3.928,-4.0,0,1,1329
2026-03-31T18:21:21,-8.965477,-135.936752,-30.0,11.78,69.2,5,3.3,68.2,3.931,-4.0,0,1,1330
2026-03-31T18:21:49,-8.965014,-135.935120,-34.7,12.01,73.7,5,3.3,68.2,3.930,-4.0,0,1,1331
2026-03-31T18:22:17,-8.964574,-135.933411,-41.3,11.70,77.2,5,3.3,68.0,3.930,-3.7,0,1,1332
2026-03-31T18:22:45,-8.964142,-135.931747,-42.2,12.14,76.6,5,3.2,68.2,3.928,-4.0,0,1,1333
2026-03-31T18:23:13,-8.963652,-135.930038,-45.8,11.35,77.1,4,3.4,68.0,3.929,-3.7,0,1,1334
2026-03-31T18:23:41,-8.963150,-135.928406,-45.7,11.47,76.8,5,3.2,68.5,3.929,-4.4,0,1,1335
2026-03-31T18:24:08,-8.962645,-135.926727,-43.1,12.48,73.8,6,2.9,68.0,3.928,-3.7,0,1,1336
2026-03-31T18:24:37,-8.962043,-135.924820,-32.2,13.30,77.2,5,3.1,67.9,3.932,-4.0,0,1,1337
2026-03-31T18:25:05,-8.961388,-135.923111,-21.8,12.48,73.9,5,3.0,68.3,3.926,-4.4,0,1,1338
2026-03-31T18:25:32,-8.960848,-135.921341,-19.0,11.96,75.7,6,2.9,68.0,3.928,-3.7,0,1,1339
2026-03-31T18:26:01,-8.960299,-135.919617,-18.0,13.66,73.5,5,3.0,67.9,3.930,-4.0,0,1,1340
2026-03-31T18:26:29,-8.959703,-135.917908,-12.1,13.72,72.5,5,3.0,67.9,3.926,-4.0,0,1,1341
2026-03-31T18:26:56,-8.959120,-135.916168,-10.7,13.17,78.1,6,2.9,68.5,3.922,-4.4,0,1,1342
2026-03-31T18:27:24,-8.958522,-135.914505,-9.3,14.62,65.6,6,2.8,67.9,3.928,-4.0,0,1,1343
2026-03-31T18:27:52,-8.958105,-135.912796,-13.5,13.79,72.7,6,5.9,68.0,3.926,-3.7,0,1,1344
2026-03-31T18:28:21,-8.957614,-135.911148,-13.7,10.54,71.5,5,2.9,68.0,3.930,-3.7,0,1,1345
2026-03-31T18:28:49,-8.957078,-135.909531,-10.7,11.98,70.6,5,2.9,67.9,3.928,-4.0,0,1,1346
2026-03-31T18:29:16,-8.956567,-135.907791,-14.3,12.82,74.2,6,2.7,67.9,3.930,-4.0,0,1,1347
2026-03-31T18:29:44,-8.956180,-135.906082,-17.8,14.88,78.4,6,2.7,67.9,3.925,-4.0,0,1,1348
2026-03-31T18:30:12,-8.955613,-135.904480,-5.5,12.27,77.9,6,6.3,67.9,3.928,-4.0,0,1,1349
2026-03-31T18:30:40,-8.954844,-135.902725,12.1,13.73,67.2,6,2.7,67.7,3.926,-3.7,0,1,1350
2026-03-31T18:31:08,-8.954174,-135.901047,22.6,14.25,70.6,6,2.7,67.9,3.928,-4.0,0,1,1351
2026-03-31T18:31:36,-8.953708,-135.899368,28.6,11.13,78.6,6,2.7,67.7,3.925,-3.7,0,1,1352
2026-03-31T18:32:04,-8.953134,-135.897644,34.0,12.86,70.6,6,2.7,67.7,3.926,-3.7,0,1,1353
2026-03-31T18:32:32,-8.952640,-135.895950,32.3,13.22,69.3,6,2.7,67.6,3.928,-4.0,0,1,1354
2026-03-31T18:33:00,-8.952202,-135.894318,29.8,12.68,69.5,6,6.1,67.7,3.925,-3.7,0,1,1355
2026-03-31T18:33:28,-8.951766,-135.892593,24.9,15.10,81.9,6,2.6,68.0,3.924,-3.7,0,1,1356
2026-03-31T18:33:56,-8.951235,-135.890961,23.6,12.23,71.9,6,2.6,67.6,3.926,-4.0,0,1,1357
2026-03-31T18:34:24,-8.950758,-135.889252,25.2,12.51,69.8,6,2.6,67.7,3.926,-3.7,0,1,1358
2026-03-31T18:34:52,-8.950243,-135.887558,25.8,12.42,73.4,6,6.0,67.6,3.925,-4.0,0,1,1359
2026-03-31T18:35:20,-8.949626,-135.885895,36.6,12.58,71.5,6,2.6,67.9,3.926,-4.0,0,1,1360
2026-03-31T18:35:48,-8.949029,-135.884232,44.0,11.83,67.8,6,6.0,67.7,3.926,-3.7,0,1,1361
2026-03-31T18:36:16,-8.948492,-135.882568,37.0,13.61,73.0,6,5.9,67.7,3.925,-3.7,0,1,1362
2026-03-31T18:36:44,-8.947968,-135.880859,38.7,13.32,70.7,6,2.5,67.9,3.924,-4.0,0,1,1363
2026-03-31T18:37:12,-8.947464,-135.879181,40.9,11.73,71.7,6,5.9,67.6,3.925,-4.0,0,1,1364
2026-03-31T18:37:40,-8.946932,-135.877518,41.8,12.81,69.3,6,2.5,67.4,3.925,-3.7,0,1,1365
2026-03-31T18:38:08,-8.946349,-135.875824,45.7,11.23,75.7,6,5.9,67.6,3.925,-4.0,0,1,1366
2026-03-31T18:38:36,-8.945800,-135.874084,45.0,13.57,68.8,6,2.5,67.6,3.925,-4.0,0,1,1367
2026-03-31T18:39:04,-8.945371,-135.872391,37.3,13.57,76.6,6,2.5,67.3,3.922,-4.0,0,1,1368
2026-03-31T18:39:32,-8.944917,-135.870682,35.0,12.78,69.1,6,5.9,67.4,3.924,-3.7,0,1,1369
2026-03-31T18:40:00,-8.944553,-135.868927,28.1,13.75,80.0,6,5.9,67.4,3.924,1795.7,0,1,1370
2026-03-31T18:40:28,-8.944074,-135.867310,20.9,13.58,73.6,6,5.9,67.6,3.924,-4.0,0,1,1371
2026-03-31T18:40:56,-8.943585,-135.865631,16.5,13.60,71.7,6,2.5,67.4,3.924,-3.7,0,1,1372
2026-03-31T18:41:24,-8.943075,-135.863968,8.6,12.73,70.8,6,5.9,67.4,3.922,-3.7,0,1,1373
2026-03-31T18:41:52,-8.942551,-135.862274,7.2,12.02,74.9,6,2.4,67.6,3.925,-4.0,0,1,1374
2026-03-31T18:42:20,-8.942080,-135.860611,5.5,12.12,70.7,6,5.9,67.3,3.922,-4.0,0,1,1375
2026-03-31T18:42:48,-8.941632,-135.858887,-3.0,13.95,71.3,6,6.0,67.4,3.922,-3.7,0,1,1376
2026-03-31T18:43:16,-8.941214,-135.857178,-11.3,13.37,76.1,6,6.0,67.6,3.922,-4.0,0,1,1377
2026-03-31T18:43:44,-8.940720,-135.855469,-13.5,13.56,73.3,6,6.0,67.9,3.922,-4.0,0,1,1378
2026-03-31T18:44:12,-8.940210,-135.853790,-15.0,13.98,73.9,6,6.1,67.4,3.924,-3.7,0,1,1379
2026-03-31T18:44:40,-8.939704,-135.852051,-13.2,12.69,73.5,6,6.1,67.6,3.922,-4.0,0,1,1380
2026-03-31T18:45:08,-8.939141,-135.850357,-9.7,12.96,70.1,4,8.8,67.6,3.928,-4.0,0,1,1381
2026-03-31T18:45:36,-8.938567,-135.848724,-9.4,13.12,72.1,4,8.9,67.4,3.924,-3.7,0,1,1382
2026-03-31T18:46:04,-8.938086,-135.846970,-13.4,13.40,74.1,4,3.3,67.6,3.922,-4.0,0,1,1383
2026-03-31T18:46:32,-8.937546,-135.845291,-10.6,12.61,65.6,4,3.3,67.6,3.922,-4.0,0,1,1384
2026-03-31T18:47:00,-8.936975,-135.843552,-6.4,13.98,71.9,4,3.3,67.3,3.921,-4.0,0,1,1385
2026-03-31T18:47:28,-8.936459,-135.841827,-9.7,12.91,65.5,5,7.3,67.4,3.921,-3.7,0,1,1386
2026-03-31T18:47:56,-8.936020,-135.840088,-11.7,13.85,76.0,5,2.5,67.4,3.921,-3.7,0,1,1387
2026-03-31T18:48:24,-8.935491,-135.838379,-8.0,13.46,72.4,5,2.5,67.6,3.922,-4.0,0,1,1388
2026-03-31T18:48:52,-8.934954,-135.836670,-4.3,13.10,73.7,5,2.5,67.2,3.922,-3.7,0,1,1389
2026-03-31T18:49:20,-8.934449,-135.834976,-2.2,12.77,70.2,6,2.5,67.3,3.921,-4.0,0,1,1390
2026-03-31T18:49:48,-8.934012,-135.833221,-6.0,12.87,76.2,5,2.5,67.2,3.924,-3.7,0,1,1391
2026-03-31T18:50:16,-8.933337,-135.831528,12.3,12.57,66.1,5,2.5,67.4,3.921,-3.7,0,1,1392
2026-03-31T18:50:44,-8.932808,-135.829819,13.7,12.25,72.2,5,8.1,67.4,3.921,-3.7,0,1,1393
2026-03-31T18:51:12,-8.932263,-135.828140,15.8,12.71,71.7,5,2.4,67.7,3.922,-3.7,0,1,1394
2026-03-31T18:51:40,-8.931700,-135.826508,22.1,13.28,76.5,5,2.4,67.4,3.922,-3.7,0,1,1395
2026-03-31T18:52:08,-8.931113,-135.824890,21.9,12.62,68.7,5,2.4,67.3,3.920,1791.7,0,1,1396
2026-03-31T18:52:36,-8.930576,-135.823257,16.9,12.70,63.5,5,8.7,67.6,3.920,-4.0,0,1,1397
2026-03-31T18:53:04,-8.930182,-135.821609,1.6,12.76,77.1,5,2.4,67.4,3.920,-3.7,0,1,1398
2026-03-31T18:53:32,-8.929709,-135.819885,-14.2,11.90,74.1,5,2.4,67.4,3.920,-3.7,0,1,1399
2026-03-31T18:54:00,-8.929336,-135.818268,-31.3,12.70,75.8,5,2.4,67.3,3.919,-4.0,0,1,1400
2026-03-31T18:54:28,-8.928946,-135.816574,-49.7,13.62,82.8,5,9.6,67.0,3.919,-4.0,0,1,1401
2026-03-31T18:54:56,-8.928510,-135.814865,-62.7,12.68,73.8,6,8.4,67.2,3.920,-3.7,0,1,1402
2026-03-31T18:55:24,-8.928056,-135.813156,-67.8,12.59,77.1,6,8.7,66.9,3.919,-3.7,0,1,1403
2026-03-31T18:55:52,-8.927600,-135.811478,-76.8,11.87,76.2,6,8.9,67.3,3.920,-4.0,0,1,1404
2026-03-31T18:56:20,-8.927116,-135.809799,-80.9,12.63,78.3,6,9.2,66.9,3.920,-3.7,0,1,1405
2026-03-31T18:56:48,-8.926585,-135.808121,-83.9,13.39,77.5,6,9.6,66.9,3.919,-3.7,0,1,1406
2026-03-31T18:57:16,-8.926042,-135.806458,-81.9,12.41,71.1,6,9.9,66.9,3.918,-3.7,0,1,1407
2026-03-31T18:57:47,-8.925517,-135.804932,-99.7,7.21,65.1,6,2.2,66.9,3.919,-3.7,0,1,1408
2026-03-31T18:58:30,-8.924805,-135.802475,-100.5,6.72,80.7,6,2.2,67.0,3.919,-4.0,0,1,1409
2026-03-31T18:59:27,,,,,,,,66.7,3.920,-4.0,0,0,1410
2026-03-31T19:02:29,-8.919930,-135.787949,-55.6,10.88,81.0,6,2.2,66.9,3.919,-3.7,0,1,1411
2026-03-31T19:02:57,-8.919523,-135.786270,-71.8,10.73,73.2,6,2.2,66.9,3.918,-3.7,0,1,1412
2026-03-31T19:03:25,-8.919114,-135.784683,-92.1,10.83,73.2,6,2.2,66.7,3.918,-4.0,0,1,1413
2026-03-31T19:03:54,-8.918758,-135.782959,-118.3,7.09,70.3,6,2.2,67.0,3.916,-4.0,0,1,1414
2026-03-31T19:04:40,-8.918196,-135.780411,-164.4,6.95,76.5,6,2.2,66.7,3.916,-4.0,0,1,1415
2026-03-31T19:05:08,-8.917758,-135.778534,-192.4,12.10,81.6,6,2.2,66.4,3.918,-4.0,0,1,1416
2026-03-31T19:05:43,-8.917306,-135.776596,-223.3,4.35,59.7,6,2.2,66.6,3.916,-3.7,0,1,1417
2026-03-31T19:06:12,-8.916855,-135.774857,-248.5,6.59,68.6,6,2.2,66.4,3.914,-4.0,0,1,1418
2026-03-31T19:06:44,-8.916340,-135.772827,-259.3,5.32,67.2,6,2.1,66.6,3.915,-3.7,0,1,1419
2026-03-31T19:07:25,-8.915742,-135.770584,-278.0,4.50,76.3,6,2.1,66.6,3.914,-3.7,0,1,1420
2026-03-31T19:07:54,-8.915009,-135.768753,-269.9,6.50,75.1,6,2.1,66.4,3.912,-4.0,0,1,1421
2026-03-31T19:08:24,-8.914222,-135.766953,-240.6,3.81,56.2,6,3.6,66.4,3.916,-4.0,0,1,1422
2026-03-31T19:08:52,-8.913417,-135.765213,-205.7,11.22,77.9,6,2.1,66.6,3.912,-3.7,0,1,1423
2026-03-31T19:09:21,-8.912614,-135.763321,-162.9,12.44,74.8,6,2.1,66.4,3.915,-4.0,0,1,1424
2026-03-31T19:09:54,-8.911825,-135.761459,-123.8,3.75,60.0,6,2.1,66.6,3.915,-3.7,0,1,1425
2026-03-31T19:10:26,-8.910958,-135.759537,-79.0,3.52,63.5,6,2.1,66.4,3.914,-4.0,0,1,1426
2026-03-31T19:10:56,-8.910160,-135.757675,-51.0,4.89,63.1,6,2.1,66.4,3.912,-4.0,0,1,1427
2026-03-31T19:11:24,-8.909646,-135.755859,-51.5,12.96,84.7,6,2.1,66.3,3.915,-3.7,0,1,1428
2026-03-31T19:11:56,-8.909114,-135.753937,-58.0,4.92,63.3,6,2.1,66.4,3.915,-4.0,0,1,1429
2026-03-31T19:12:25,-8.908537,-135.752197,-63.9,9.06,79.5,6,2.1,66.1,3.915,-4.0,0,1,1430
2026-03-31T19:12:53,-8.907948,-135.750397,-65.1,4.83,59.3,6,2.1,66.3,3.915,-3.7,0,1,1431
2026-03-31T19:13:21,-8.907308,-135.748840,-72.6,10.59,75.9,6,9.9,66.7,3.915,-4.0,0,1,1432
2026-03-31T19:13:49,-8.906725,-135.747009,-67.4,12.12,71.0,6,9.3,66.3,3.914,-3.7,0,1,1433
2026-03-31T19:14:17,-8.906054,-135.745285,-51.9,14.51,67.6,6,2.1,66.4,3.911,-4.0,0,1,1434
2026-03-31T19:14:45,-8.905480,-135.743530,-34.3,13.04,68.8,6,8.3,66.4,3.914,-4.0,0,1,1435
2026-03-31T19:15:13,-8.904843,-135.741882,-24.8,12.57,65.2,6,2.1,66.4,3.912,-4.0,0,1,1436
2026-03-31T19:15:41,-8.904345,-135.740158,-13.9,12.71,71.9,6,7.5,66.0,3.915,-3.7,0,1,1437
2026-03-31T19:16:09,-8.903868,-135.738205,-3.2,15.92,72.5,6,7.2,66.1,3.914,-4.0,0,1,1438
2026-03-31T19:16:37,-8.903357,-135.736496,3.3,13.16,79.5,6,6.8,66.3,3.914,-3.7,0,1,1439
2026-03-31T19:17:05,-8.902781,-135.734619,14.8,13.62,73.9,7,3.7,66.1,3.914,-4.0,0,1,1440
2026-03-31T19:17:33,-8.902154,-135.732895,38.7,12.94,69.7,7,3.7,66.4,3.912,-4.0,0,1,1441
2026-03-31T19:18:01,-8.901623,-135.731216,48.6,13.22,74.6,7,3.7,66.1,3.912,-4.0,0,1,1442
2026-03-31T19:18:29,-8.901140,-135.729446,38.6,13.64,73.8,7,3.6,66.0,3.912,-3.7,0,1,1443
2026-03-31T19:18:57,-8.900615,-135.727768,33.4,12.26,65.5,7,3.6,66.0,3.912,-3.7,0,1,1444
2026-03-31T19:19:25,-8.900153,-135.726074,29.6,11.81,69.1,7,3.6,66.1,3.910,-4.0,0,1,1445
2026-03-31T19:19:53,-8.899695,-135.724319,29.9,12.70,79.9,7,1.7,66.0,3.911,-3.7,0,1,1446
2026-03-31T19:20:21,-8.899176,-135.722610,35.6,12.39,75.7,7,3.5,66.3,3.911,-3.7,0,1,1447
2026-03-31T19:20:49,-8.898624,-135.720978,40.7,11.99,71.2,7,3.5,66.0,3.911,-3.7,0,1,1448
2026-03-31T19:21:17,-8.898175,-135.719193,35.1,13.12,74.3,7,3.5,66.1,3.911,-4.0,0,1,1449
2026-03-31T19:21:45,-8.897712,-135.717575,31.9,11.40,72.3,7,3.5,66.3,3.911,1764.9,0,1,1450
2026-03-31T19:22:13,-8.897189,-135.715820,29.8,12.05,71.5,7,3.4,66.0,3.911,-3.7,0,1,1451
2026-03-31T19:22:41,-8.896763,-135.714142,24.6,12.30,72.7,7,3.4,66.1,3.912,-4.0,0,1,1452
2026-03-31T19:23:09,-8.896276,-135.712479,22.2,13.79,70.1,7,3.4,66.3,3.912,-3.7,0,1,1453
2026-03-31T19:23:37,-8.895795,-135.710754,20.1,12.40,70.4,7,3.3,66.1,3.910,-4.0,0,1,1454
2026-03-31T19:24:05,-8.895293,-135.709030,26.9,14.38,78.7,7,3.3,66.0,3.910,-3.7,0,1,1455
2026-03-31T19:24:33,-8.894778,-135.707321,29.3,13.70,77.5,7,3.3,66.0,3.910,-3.7,0,1,1456
2026-03-31T19:25:01,-8.894229,-135.705719,36.9,12.83,76.9,7,3.2,66.0,3.911,-3.7,0,1,1457
2026-03-31T19:25:29,-8.893700,-135.703995,47.0,11.96,74.4,7,3.2,66.0,3.911,-3.7,0,1,1458
2026-03-31T19:25:57,-8.893172,-135.702316,43.6,12.26,68.7,7,3.2,65.9,3.911,-4.0,0,1,1459
2026-03-31T19:26:25,-8.892726,-135.700607,35.5,12.92,73.8,7,3.1,65.9,3.911,-4.0,0,1,1460
2026-03-31T19:26:53,-8.892197,-135.698822,37.0,13.09,70.8,7,3.1,66.0,3.910,-3.7,0,1,1461
2026-03-31T19:27:21,-8.891747,-135.697144,39.9,12.81,76.3,7,3.1,65.9,3.910,-4.0,0,1,1462
2026-03-31T19:27:49,-8.891168,-135.695480,45.2,13.46,71.1,7,3.0,66.1,3.912,-4.0,0,1,1463
2026-03-31T19:28:17,-8.890634,-135.693817,45.4,11.17,72.5,7,3.0,65.7,3.910,-3.7,0,1,1464
2026-03-31T19:28:45,-8.890014,-135.692032,54.6,13.47,70.8,7,1.7,66.0,3.909,-3.7,0,1,1465
2026-03-31T19:29:13,-8.889559,-135.690231,48.5,12.86,73.5,7,3.0,65.9,3.910,-4.0,0,1,1466
2026-03-31T19:29:41,-8.889175,-135.688583,37.5,13.86,76.3,8,2.7,65.7,3.909,-3.7,0,1,1467
2026-03-31T19:30:09,-8.888717,-135.686874,26.2,13.52,72.5,8,1.4,65.9,3.909,-4.0,0,1,1468
2026-03-31T19:30:37,-8.888182,-135.685165,20.6,12.89,70.7,8,1.4,65.9,3.909,-4.0,0,1,1469
2026-03-31T19:31:05,-8.887742,-135.683472,25.0,13.00,77.7,8,2.6,65.6,3.908,-4.0,0,1,1470
2026-03-31T19:31:33,-8.887194,-135.681763,30.6,13.87,70.1,8,1.4,65.7,3.909,-3.7,0,1,1471
2026-03-31T19:32:01,-8.886679,-135.680069,36.5,13.15,74.9,8,1.4,65.6,3.909,-4.0,0,1,1472
2026-03-31T19:32:29,-8.886150,-135.678329,42.4,14.04,68.9,7,2.7,65.9,3.908,-4.0,0,1,1473
2026-03-31T19:32:57,-8.885578,-135.676620,49.9,13.53,69.7,7,2.7,65.7,3.908,1749.5,0,1,1474
2026-03-31T19:33:25,-8.885101,-135.674911,45.0,13.67,71.9,7,2.7,65.6,3.908,-4.0,0,1,1475
2026-03-31T19:33:53,-8.884584,-135.673187,50.4,13.86,72.7,7,2.6,66.0,3.909,-3.7,0,1,1476
2026-03-31T19:34:21,-8.884106,-135.671494,51.9,13.79,70.1,7,2.6,65.6,3.908,-4.0,0,1,1477
2026-03-31T19:34:49,-8.883618,-135.669769,44.0,14.31,71.7,8,1.4,65.7,3.906,-3.7,0,1,1478
2026-03-31T19:35:17,-8.883128,-135.668091,46.2,13.65,73.9,8,1.4,65.6,3.909,-4.0,0,1,1479
2026-03-31T19:35:45,-8.882526,-135.666397,54.0,13.65,71.8,7,1.8,65.6,3.908,-4.0,0,1,1480
2026-03-31T19:36:13,-8.882040,-135.664658,53.4,13.51,75.5,7,2.5,65.6,3.906,1745.5,0,1,1481
2026-03-31T19:36:41,-8.881474,-135.662933,60.9,13.67,72.6,7,2.5,65.6,3.909,-4.0,0,1,1482
2026-03-31T19:37:09,-8.881010,-135.661240,58.3,13.60,72.0,7,2.5,65.7,3.906,-3.7,0,1,1483
2026-03-31T19:37:37,-8.880534,-135.659515,55.8,13.18,76.3,7,1.8,65.6,3.908,-4.0,0,1,1484
2026-03-31T19:38:05,-8.880013,-135.657776,61.2,14.16,70.9,7,1.8,65.6,3.906,-4.0,0,1,1485
2026-03-31T19:38:33,-8.879565,-135.656067,62.5,13.09,77.5,8,1.4,65.3,3.905,-4.0,0,1,1486
2026-03-31T19:39:01,-8.879105,-135.654312,55.4,13.11,72.4,8,1.4,65.6,3.906,1745.5,0,1,1487
2026-03-31T19:39:29,-8.878597,-135.652588,45.2,13.51,74.1,8,1.4,65.4,3.906,-3.7,0,1,1488
2026-03-31T19:39:57,-8.878141,-135.650848,39.4,13.34,73.7,8,1.4,65.6,3.906,-4.0,0,1,1489
2026-03-31T19:40:25,-8.877694,-135.649139,28.8,11.83,76.3,8,1.4,65.4,3.908,-3.7,0,1,1490
2026-03-31T19:40:53,-8.877280,-135.647415,20.5,12.98,80.5,8,2.1,65.6,3.906,-4.0,0,1,1491
2026-03-31T19:41:21,-8.876783,-135.645706,17.1,13.48,76.0,8,1.4,65.4,3.905,-3.7,0,1,1492
2026-03-31T19:41:49,-8.876251,-135.643997,20.3,12.98,74.9,8,1.4,65.4,3.906,-3.7,0,1,1493
2026-03-31T19:42:17,-8.875758,-135.642258,18.7,14.16,77.2,8,1.4,65.4,3.904,-3.7,0,1,1494
2026-03-31T19:42:45,-8.875220,-135.640518,26.4,14.19,73.7,8,1.4,65.3,3.905,1737.8,0,1,1495
2026-03-31T19:43:13,-8.874760,-135.638763,26.3,12.99,78.8,8,2.0,65.3,3.908,-4.0,0,1,1496
2026-03-31T19:43:41,-8.874263,-135.637009,28.0,13.02,75.9,7,1.4,65.6,3.906,-4.0,0,1,1497
2026-03-31T19:44:09,-8.873793,-135.635300,29.1,12.90,76.5,7,1.4,65.1,3.905,-3.7,0,1,1498
2026-03-31T19:44:37,-8.873235,-135.633606,32.3,12.33,71.7,7,1.4,65.3,3.905,-4.0,0,1,1499
2026-03-31T19:45:05,-8.872722,-135.631866,28.7,13.79,72.9,6,1.6,65.4,3.904,-3.7,0,1,1500
2026-03-31T19:45:33,-8.872220,-135.630142,27.5,14.09,65.5,6,2.4,65.1,3.906,-3.7,0,1,1501
2026-03-31T19:46:01,-8.871810,-135.628418,21.5,13.06,78.7,6,1.6,65.1,3.905,-3.7,0,1,1502
2026-03-31T19:46:29,-8.871414,-135.626663,11.3,13.19,73.7,6,1.6,65.3,3.905,-4.0,0,1,1503
2026-03-31T19:46:57,-8.870865,-135.624878,1.7,12.99,74.6,6,2.3,65.1,3.902,-3.7,0,1,1504
2026-03-31T19:47:25,-8.870360,-135.623123,10.0,14.25,75.8,6,1.6,65.3,3.904,-4.0,0,1,1505
2026-03-31T19:47:53,-8.869864,-135.621429,8.8,13.68,76.6,6,1.6,65.1,3.904,-3.7,0,1,1506
2026-03-31T19:48:21,-8.869476,-135.619568,-3.9,13.56,78.9,7,1.7,65.3,3.904,-4.0,0,1,1507
2026-03-31T19:48:49,-8.869003,-135.617798,-18.0,14.06,72.3,7,1.6,65.3,3.904,-4.0,0,1,1508
2026-03-31T19:49:17,-8.868451,-135.616013,-16.9,14.11,68.6,7,1.3,65.4,3.905,-3.7,0,1,1509
2026-03-31T19:49:45,-8.867985,-135.614258,-8.6,13.60,71.0,7,1.6,65.4,3.902,-3.7,0,1,1510
2026-03-31T19:50:13,-8.867540,-135.612503,-0.3,13.09,76.2,7,1.3,65.0,3.905,-4.0,0,1,1511
2026-03-31T19:50:41,-8.867019,-135.610794,-7.0,13.32,73.4,7,1.3,65.3,3.900,-4.0,0,1,1512
2026-03-31T19:51:09,-8.866538,-135.609024,-12.2,13.44,76.3,7,1.6,65.0,3.904,-4.0,0,1,1513
2026-03-31T19:51:37,-8.866041,-135.607315,-15.1,13.69,74.7,7,1.6,65.1,3.904,-3.7,0,1,1514
2026-03-31T19:52:05,-8.865443,-135.605560,-19.4,13.31,68.7,7,1.3,65.0,3.904,-4.0,0,1,1515
2026-03-31T19:52:33,-8.865042,-135.603821,-27.2,12.98,80.0,7,1.6,65.0,3.902,-4.0,0,1,1516
2026-03-31T19:53:01,-8.864585,-135.602081,-27.7,13.61,72.7,7,1.3,65.0,3.902,-4.0,0,1,1517
2026-03-31T19:53:29,-8.864040,-135.600327,-29.0,14.00,74.5,7,1.3,65.0,3.902,-4.0,0,1,1518
2026-03-31T19:53:57,-8.863537,-135.598587,-25.0,14.36,76.7,7,1.3,65.3,3.902,-4.0,0,1,1519
2026-03-31T19:54:25,-8.862987,-135.596832,-20.3,14.21,73.3,7,1.3,65.1,3.901,-3.7,0,1,1520
2026-03-31T19:54:53,-8.862492,-135.595078,-23.8,13.23,76.2,7,1.3,65.1,3.901,-3.7,0,1,1521
2026-03-31T19:55:21,-8.861928,-135.593262,-31.9,13.91,73.4,7,1.3,64.8,3.902,-3.7,0,1,1522
2026-03-31T19:55:49,-8.861417,-135.591492,-35.8,14.37,76.9,7,1.6,64.8,3.900,-3.7,0,1,1523
2026-03-31T19:56:17,-8.860942,-135.589783,-30.3,13.67,69.4,7,1.3,65.0,3.902,-4.0,0,1,1524
2026-03-31T19:56:45,-8.860432,-135.588013,-36.9,13.90,75.1,7,1.3,64.8,3.901,-3.7,0,1,1525
2026-03-31T19:57:13,-8.860004,-135.586273,-43.8,13.53,80.0,7,1.3,65.0,3.902,-4.0,0,1,1526
2026-03-31T19:57:41,-8.859482,-135.584518,-51.4,14.36,73.5,7,1.6,65.0,3.901,-4.0,0,1,1527
2026-03-31T19:58:09,-8.858962,-135.582764,-52.6,14.76,74.7,7,1.3,64.8,3.901,-3.7,0,1,1528
2026-03-31T19:58:37,-8.858450,-135.581009,-50.3,12.91,76.3,7,1.3,65.0,3.901,-4.0,0,1,1529
2026-03-31T19:59:05,-8.858032,-135.579269,-56.2,14.26,71.8,7,1.3,64.7,3.901,-4.0,0,1,1530
2026-03-31T19:59:33,-8.857518,-135.577530,-68.4,13.97,75.3,7,1.6,64.8,3.900,-3.7,0,1,1531
2026-03-31T20:00:01,-8.857028,-135.575821,-70.7,13.65,76.4,7,1.3,65.0,3.901,-4.0,0,1,1532
2026-03-31T20:00:29,-8.856586,-135.574097,-75.3,12.68,76.5,7,1.3,65.0,3.900,1730.1,0,1,1533
2026-03-31T20:00:57,-8.856062,-135.572327,-81.7,13.90,72.8,7,1.3,65.0,3.900,-4.0,0,1,1534
2026-03-31T20:01:25,-8.855621,-135.570557,-94.4,13.33,79.8,7,1.3,64.8,3.901,-3.7,0,1,1535
2026-03-31T20:01:53,-8.855095,-135.568787,-88.3,14.34,73.9,7,1.3,64.6,3.901,-3.7,0,1,1536
2026-03-31T20:02:21,-8.854588,-135.567062,-64.7,13.52,67.4,6,1.3,64.6,3.900,-3.7,0,1,1537
2026-03-31T20:02:49,-8.854063,-135.565369,-61.9,13.40,74.7,6,1.4,64.7,3.900,-4.0,0,1,1538
2026-03-31T20:03:17,-8.853485,-135.563629,-59.9,12.73,71.7,6,1.3,64.8,3.899,-3.7,0,1,1539
2026-03-31T20:03:45,-8.852837,-135.561874,-63.1,13.68,69.3,6,1.3,64.7,3.901,-4.0,0,1,1540
2026-03-31T20:04:13,-8.852551,-135.560226,-66.8,13.70,78.9,6,1.3,64.6,3.898,-3.7,0,1,1541
2026-03-31T20:04:41,-8.851883,-135.558502,-59.3,13.63,69.3,6,1.3,64.6,3.900,-3.7,0,1,1542
2026-03-31T20:05:09,-8.851441,-135.556824,-59.4,13.16,72.4,6,1.3,64.7,3.900,-4.0,0,1,1543
2026-03-31T20:05:37,-8.850855,-135.555069,-58.9,13.27,75.8,6,1.3,64.7,3.898,-4.0,0,1,1544
2026-03-31T20:06:05,-8.850373,-135.553406,-59.3,12.89,79.4,6,1.6,64.6,3.899,-3.7,0,1,1545
2026-03-31T20:06:33,-8.849891,-135.551666,-51.7,14.40,75.5,6,1.3,64.8,3.898,-3.7,0,1,1546
2026-03-31T20:07:01,-8.849410,-135.549942,-47.6,13.12,74.4,6,1.3,64.6,3.896,-3.7,0,1,1547
2026-03-31T20:07:29,-8.848879,-135.548218,-51.6,13.41,75.4,6,1.3,64.7,3.900,-4.0,0,1,1548
2026-03-31T20:07:57,-8.848455,-135.546494,-54.5,12.83,77.4,5,5.0,64.3,3.902,-3.7,0,1,1549
2026-03-31T20:08:25,-8.847898,-135.544800,-52.9,14.37,71.7,6,1.3,64.7,3.896,-4.0,0,1,1550
2026-03-31T20:08:53,-8.847440,-135.543106,-50.4,13.17,76.2,5,5.1,64.6,3.901,-3.7,0,1,1551
2026-03-31T20:09:21,-8.846997,-135.541382,-36.8,13.19,77.7,6,4.5,64.8,3.898,-3.7,0,1,1552
2026-03-31T20:09:49,-8.846443,-135.539673,-26.4,12.50,75.4,6,4.5,64.6,3.899,-3.7,0,1,1553
2026-03-31T20:10:17,-8.845957,-135.537949,-21.4,12.45,76.8,6,4.5,64.4,3.899,-4.0,0,1,1554
2026-03-31T20:10:45,-8.845432,-135.536179,-18.8,13.51,75.2,6,4.8,64.4,3.899,-4.0,0,1,1555
2026-03-31T20:11:13,-8.844832,-135.534424,-17.6,14.17,68.2,6,4.5,64.6,3.896,-3.7,0,1,1556
2026-03-31T20:11:41,-8.844464,-135.532761,-15.4,13.58,71.3,7,4.5,64.6,3.898,-3.7,0,1,1557
2026-03-31T20:12:09,-8.843800,-135.530975,-15.5,13.98,70.7,7,1.5,64.4,3.895,-4.0,0,1,1558
2026-03-31T20:12:37,-8.843337,-135.529282,-15.4,12.93,84.1,6,4.5,64.6,3.898,-3.7,0,1,1559
2026-03-31T20:13:05,-8.842757,-135.527542,-17.0,12.81,70.7,6,4.5,64.4,3.898,-4.0,0,1,1560
2026-03-31T20:13:33,-8.842309,-135.525833,-17.2,13.28,74.9,7,1.3,64.3,3.896,-3.7,0,1,1561
2026-03-31T20:14:01,-8.841774,-135.524139,-17.5,13.48,74.7,6,4.5,64.4,3.898,-4.0,0,1,1562
2026-03-31T20:14:29,-8.841315,-135.522430,-14.3,13.19,80.0,7,1.3,64.6,3.894,-3.7,0,1,1563
2026-03-31T20:14:57,-8.840887,-135.520691,-19.6,13.31,75.7,7,1.3,64.4,3.898,-4.0,0,1,1564
2026-03-31T20:15:25,-8.840440,-135.518936,-25.3,13.79,75.3,7,1.5,64.4,3.896,-4.0,0,1,1565
2026-03-31T20:15:53,-8.839940,-135.517212,-24.5,13.37,77.5,7,1.3,64.3,3.898,-3.7,0,1,1566
2026-03-31T20:16:21,-8.839483,-135.515472,-24.4,13.45,73.5,7,1.3,64.4,3.896,-4.0,0,1,1567
2026-03-31T20:16:49,-8.838792,-135.513641,-28.5,13.77,72.5,6,5.3,64.4,3.896,-4.0,0,1,1568
2026-03-31T20:17:17,-8.838466,-135.511993,-24.5,12.76,81.5,7,1.3,64.1,3.895,-4.0,0,1,1569
2026-03-31T20:17:45,-8.837911,-135.510239,-23.3,14.14,77.5,7,1.3,64.6,3.895,-3.7,0,1,1570
2026-03-31T20:18:13,-8.837569,-135.508560,-25.0,13.11,81.8,7,1.3,64.4,3.895,-4.0,0,1,1571
2026-03-31T20:18:41,-8.837078,-135.506851,-36.3,12.71,73.0,6,4.4,64.4,3.896,-4.0,0,1,1572
2026-03-31T20:19:09,-8.836641,-135.505142,-44.5,13.88,75.1,6,4.3,64.1,3.894,-4.0,0,1,1573
2026-03-31T20:19:37,-8.836228,-135.503464,-46.1,12.94,76.9,6,4.3,64.4,3.894,-4.0,0,1,1574
2026-03-31T20:20:05,-8.835341,-135.501648,-43.0,13.76,70.1,7,1.3,64.1,3.896,-4.0,0,1,1575
2026-03-31T20:20:33,-8.834844,-135.499924,-37.8,11.73,73.3,6,1.4,64.0,3.896,-3.7,0,1,1576
2026-03-31T20:21:01,-8.834394,-135.498230,-37.7,12.79,81.2,6,4.2,64.6,3.894,-3.7,0,1,1577
2026-03-31T20:21:29,-8.834333,-135.496658,-37.2,11.17,90.5,6,4.2,64.1,3.894,-4.0,0,1,1578
2026-03-31T20:21:57,-8.834065,-135.495071,-31.6,11.30,89.1,6,5.5,64.1,3.895,1707.1,0,1,1579
2026-03-31T20:22:25,-8.833467,-135.493347,-29.7,12.58,76.2,6,4.1,64.0,3.894,-3.7,0,1,1580
2026-03-31T20:22:53,-8.832936,-135.491592,-32.0,13.25,83.0,6,5.5,64.0,3.895,-3.7,0,1,1581
2026-03-31T20:23:21,-8.832443,-135.489914,-28.0,11.62,83.8,6,5.5,64.0,3.894,-3.7,0,1,1582
2026-03-31T20:23:49,-8.831655,-135.488129,-27.2,13.08,79.8,6,5.5,64.4,3.894,1714.8,0,1,1583
2026-03-31T20:24:17,-8.831108,-135.486389,-24.3,13.21,80.8,6,5.5,64.1,3.895,-4.0,0,1,1584
2026-03-31T20:24:45,-8.830803,-135.484741,-29.4,12.45,87.5,6,5.5,64.1,3.896,-4.0,0,1,1585
2026-03-31T20:25:13,-8.830300,-135.483017,-26.6,11.71,86.5,6,3.9,64.0,3.895,-3.7,0,1,1586
2026-03-31T20:25:41,-8.829744,-135.481247,-21.1,12.30,86.8,6,5.6,64.1,3.894,-4.0,0,1,1587
2026-03-31T20:26:09,-8.829247,-135.479523,-18.7,13.19,82.6,7,5.6,63.7,3.892,-3.7,0,1,1588
2026-03-31T20:26:37,-8.828830,-135.477829,-21.2,12.72,86.6,6,5.6,63.8,3.892,-4.0,0,1,1589
2026-03-31T20:27:05,-8.828416,-135.476089,-21.9,12.44,90.3,6,5.6,64.0,3.892,-3.7,0,1,1590
2026-03-31T20:27:33,-8.827908,-135.474350,-24.9,12.14,82.3,6,5.6,63.8,3.892,-4.0,0,1,1591
2026-03-31T20:28:01,-8.827332,-135.472595,-26.8,12.22,79.2,6,3.7,64.0,3.890,-3.7,0,1,1592
2026-03-31T20:28:29,-8.826786,-135.470810,-24.4,12.67,84.9,6,3.7,64.0,3.892,-3.7,0,1,1593
2026-03-31T20:28:57,-8.826313,-135.469009,-21.7,11.28,84.2,6,5.5,63.8,3.892,-4.0,0,1,1594
2026-03-31T20:29:25,-8.825760,-135.467209,-27.6,12.99,82.0,6,5.5,63.8,3.891,-4.0,0,1,1595
2026-03-31T20:29:53,-8.825143,-135.465424,-27.3,12.32,79.9,6,5.5,64.0,3.892,-3.7,0,1,1596
2026-03-31T20:30:21,-8.824771,-135.463760,-30.2,11.74,85.6,5,8.5,63.8,3.896,-4.0,0,1,1597
2026-03-31T20:30:49,-8.824113,-135.461945,-27.6,11.98,85.6,5,8.6,64.0,3.891,-3.7,0,1,1598
2026-03-31T20:31:17,-8.823524,-135.460205,-23.4,11.93,85.9,5,8.6,63.8,3.891,-4.0,0,1,1599
2026-03-31T20:31:45,-8.823192,-135.458572,-26.6,11.81,87.3,5,8.6,63.8,3.890,-4.0,0,1,1600
2026-03-31T20:32:13,-8.822044,-135.456558,-0.7,13.27,82.0,5,8.7,63.7,3.892,-3.7,0,1,1601
2026-03-31T20:32:41,-8.821228,-135.454742,10.6,13.11,78.2,5,7.0,64.0,3.892,-3.7,0,1,1602
2026-03-31T20:33:09,-8.820746,-135.453018,12.7,12.50,81.6,5,8.7,63.8,3.894,-4.0,0,1,1603
2026-03-31T20:33:37,-8.820232,-135.451263,8.3,11.91,86.7,5,8.7,63.7,3.891,-3.7,0,1,1604
2026-03-31T20:34:05,-8.819821,-135.449554,-0.1,12.18,88.2,5,8.7,63.7,3.891,-3.7,0,1,1605
2026-03-31T20:34:33,-8.819219,-135.447769,1.3,12.60,85.4,5,8.8,63.8,3.891,-4.0,0,1,1606
2026-03-31T20:35:01,-8.818828,-135.446106,-0.7,12.02,87.0,5,8.8,63.7,3.890,-3.7,0,1,1607
2026-03-31T20:35:29,-8.818426,-135.444397,-6.5,12.02,91.3,5,8.8,63.8,3.891,-4.0,0,1,1608
2026-03-31T20:35:57,-8.817922,-135.442642,-10.4,12.16,85.1,5,8.8,63.8,3.890,-4.0,0,1,1609
2026-03-31T20:36:25,-8.817240,-135.440811,-4.7,12.83,84.6,5,8.8,63.8,3.890,-4.0,0,1,1610
2026-03-31T20:36:53,-8.816776,-135.439148,-10.6,11.88,83.1,5,8.8,63.8,3.890,1699.4,0,1,1611
2026-03-31T20:37:21,-8.816238,-135.437408,-17.2,12.47,85.5,5,8.8,64.0,3.890,-3.7,0,1,1612
2026-03-31T20:37:49,-8.815683,-135.435669,-15.9,12.37,84.3,5,8.8,64.0,3.890,-3.7,0,1,1613
2026-03-31T20:38:17,-8.815233,-135.433899,-15.5,13.22,86.2,5,8.8,63.8,3.890,-4.0,0,1,1614
2026-03-31T20:38:45,-8.814687,-135.432190,-14.2,11.79,72.7,5,8.8,63.5,3.891,-4.0,0,1,1615
2026-03-31T20:39:13,-8.814220,-135.430496,-26.4,12.35,71.3,5,5.9,63.8,3.889,-4.0,0,1,1616
2026-03-31T20:39:41,-8.813927,-135.428818,-32.4,11.48,82.7,5,8.8,63.8,3.890,-4.0,0,1,1617
2026-03-31T20:40:09,-8.813722,-135.427216,-36.1,10.33,97.3,5,5.7,63.7,3.890,-3.7,0,1,1618
2026-03-31T20:40:37,-8.813205,-135.425568,-37.2,11.68,75.4,5,8.8,63.8,3.889,-4.0,0,1,1619
2026-03-31T20:41:05,-8.812726,-135.423904,-42.5,11.85,76.2,5,8.8,63.7,3.889,-3.7,0,1,1620
2026-03-31T20:41:33,-8.812578,-135.422455,-31.7,11.42,84.8,5,5.5,63.7,3.891,-3.7,0,1,1621
2026-03-31T20:42:01,-8.812203,-135.420807,-24.4,9.43,89.6,5,8.8,63.7,3.890,-3.7,0,1,1622
2026-03-31T20:42:29,-8.811660,-135.419006,-22.7,13.12,76.1,5,5.4,63.7,3.889,-3.7,0,1,1623
2026-03-31T20:42:57,-8.811112,-135.417328,-16.3,12.75,74.7,5,8.7,63.7,3.888,-3.7,0,1,1624
2026-03-31T20:43:25,-8.810830,-135.415588,-19.3,10.94,82.0,5,5.2,63.7,3.890,-3.7,0,1,1625
2026-03-31T20:43:53,-8.810292,-135.413879,-21.4,12.75,79.6,5,5.2,63.5,3.889,-4.0,0,1,1626
2026-03-31T20:44:21,-8.809677,-135.412140,-28.0,11.99,74.2,5,5.1,63.4,3.889,-3.7,0,1,1627
2026-03-31T20:44:49,-8.809409,-135.410492,-36.4,11.43,85.8,5,8.7,63.4,3.886,-3.7,0,1,1628
2026-03-31T20:45:17,-8.809073,-135.408813,-43.4,11.25,83.9,5,5.0,63.4,3.889,-3.7,0,1,1629
2026-03-31T20:45:45,-8.808794,-135.407089,-47.5,11.03,86.5,5,4.9,63.7,3.888,-3.7,0,1,1630
2026-03-31T20:46:13,-8.808243,-135.405304,-34.8,13.18,86.6,5,4.8,63.4,3.888,-3.7,0,1,1631
2026-03-31T20:46:41,-8.807682,-135.403519,-32.6,11.52,84.0,5,4.8,63.5,3.889,-4.0,0,1,1632
2026-03-31T20:47:09,-8.807384,-135.401825,-28.4,10.29,97.8,5,4.7,63.7,3.886,-3.7,0,1,1633
2026-03-31T20:47:37,-8.806947,-135.400085,-25.1,11.70,93.1,5,8.6,63.4,3.888,-3.7,0,1,1634
2026-03-31T20:48:05,-8.806272,-135.398285,-26.5,11.24,87.8,5,4.6,63.3,3.888,1684.0,0,1,1635
2026-03-31T20:48:33,-8.805770,-135.396622,-31.0,13.01,92.0,5,4.6,63.5,3.888,-4.0,0,1,1636
2026-03-31T20:49:01,-8.805452,-135.394928,-32.0,11.23,92.6,5,8.5,63.4,3.886,-3.7,0,1,1637
2026-03-31T20:49:29,-8.804735,-135.393219,-36.6,11.68,82.1,5,8.5,63.4,3.886,-3.7,0,1,1638
2026-03-31T20:49:57,-8.804153,-135.391495,-36.7,11.28,84.9,5,8.5,63.4,3.886,-3.7,0,1,1639
2026-03-31T20:50:25,-8.803603,-135.389740,-31.3,11.35,85.2,5,8.5,63.5,3.886,-4.0,0,1,1640
2026-03-31T20:50:53,-8.802762,-135.387939,-32.3,8.64,79.6,5,8.4,63.4,3.886,1687.9,0,1,1641
2026-03-31T20:51:21,-8.802370,-135.386185,-33.9,11.55,83.8,5,8.4,63.4,3.885,-3.7,0,1,1642
2026-03-31T20:51:49,-8.801855,-135.384476,-31.0,12.62,83.5,5,4.2,63.3,3.889,-4.0,0,1,1643
2026-03-31T20:52:17,-8.801310,-135.382706,-26.1,11.84,79.3,5,4.2,63.4,3.888,-3.7,0,1,1644
2026-03-31T20:52:45,-8.800817,-135.380981,-19.7,11.74,85.1,5,8.4,63.3,3.888,-4.0,0,1,1645
2026-03-31T20:53:13,-8.800163,-135.379257,-25.9,13.42,76.5,5,8.4,63.3,3.886,-4.0,0,1,1646
2026-03-31T20:53:41,-8.799682,-135.377502,-28.3,12.22,80.7,5,4.0,63.1,3.886,-3.7,0,1,1647
2026-03-31T20:54:09,-8.799361,-135.375763,-21.7,12.10,87.2,5,4.0,63.1,3.885,1680.2,0,1,1648
2026-03-31T20:54:37,-8.798959,-135.373962,-10.8,11.30,87.8,5,4.0,63.4,3.885,-3.7,0,1,1649
2026-03-31T20:55:05,-8.798453,-135.372238,-2.1,8.52,83.4,5,3.9,63.0,3.885,-4.0,0,1,1650
2026-03-31T20:55:33,-8.797729,-135.370483,-7.2,11.17,88.4,5,3.9,63.3,3.885,-4.0,0,1,1651
2026-03-31T20:56:01,-8.797171,-135.368744,1.2,11.06,79.3,5,3.8,63.1,3.886,-3.7,0,1,1652
2026-03-31T20:56:29,-8.796576,-135.366974,6.1,11.98,83.9,5,3.8,63.1,3.885,1680.2,0,1,1653
2026-03-31T20:56:57,-8.795934,-135.365173,17.6,12.81,73.2,5,3.8,63.3,3.885,-4.0,0,1,1654
2026-03-31T20:57:25,-8.795047,-135.363403,24.3,14.37,70.1,5,3.7,63.1,3.885,-3.7,0,1,1655
2026-03-31T20:57:53,-8.794360,-135.361618,28.1,13.95,72.5,5,8.2,63.4,3.885,-3.7,0,1,1656
2026-03-31T20:58:21,-8.794238,-135.360031,16.0,13.18,78.2,6,2.3,63.3,3.885,-4.0,0,1,1657
2026-03-31T20:58:49,-8.793791,-135.358292,7.0,14.11,75.5,6,1.8,63.0,3.885,-4.0,0,1,1658
2026-03-31T20:59:17,-8.793312,-135.356552,3.3,14.45,77.3,6,2.3,63.0,3.885,-4.0,0,1,1659
2026-03-31T20:59:45,-8.792840,-135.354813,4.5,14.00,77.3,6,2.3,63.3,3.885,-4.0,0,1,1660
2026-03-31T21:00:13,-8.792391,-135.353073,-1.1,15.14,77.7,6,2.3,62.8,3.885,-3.7,0,1,1661
2026-03-31T21:00:41,-8.791817,-135.351395,0.9,13.28,71.4,6,1.8,62.8,3.884,-3.7,0,1,1662
2026-03-31T21:01:10,-8.791277,-135.349701,6.2,13.61,74.7,6,2.3,62.8,3.884,-3.7,0,1,1663
2026-03-31T21:01:37,-8.790806,-135.347946,6.7,13.61,77.3,6,2.3,62.8,3.882,-3.7,0,1,1664
2026-03-31T21:02:05,-8.790357,-135.346222,4.2,13.65,78.9,6,2.3,62.8,3.884,-3.7,0,1,1665
2026-03-31T21:02:33,-8.789862,-135.344513,5.3,14.00,70.8,6,1.8,62.7,3.884,-4.0,0,1,1666
2026-03-31T21:03:02,-8.789304,-135.342773,18.4,14.54,80.2,6,2.3,62.7,3.884,-4.0,0,1,1667
2026-03-31T21:03:30,-8.788901,-135.341003,18.0,13.56,77.3,6,1.8,63.0,3.882,-4.0,0,1,1668
2026-03-31T21:03:58,-8.788455,-135.339279,17.6,14.51,75.1,7,1.8,62.7,3.882,-4.0,0,1,1669
2026-03-31T21:04:26,-8.788003,-135.337555,12.0,13.21,71.4,7,1.8,62.7,3.882,-4.0,0,1,1670
2026-03-31T21:04:54,-8.787501,-135.335815,13.1,13.19,78.3,6,2.2,63.0,3.884,-4.0,0,1,1671
2026-03-31T21:05:22,-8.786892,-135.334106,17.8,14.15,69.1,7,2.1,63.0,3.882,-4.0,0,1,1672
2026-03-31T21:05:50,-8.786372,-135.332413,11.7,13.39,71.2,7,2.1,62.7,3.882,-4.0,0,1,1673
2026-03-31T21:06:18,-8.785918,-135.330704,12.0,13.95,76.3,7,1.8,62.8,3.882,-3.7,0,1,1674
2026-03-31T21:06:46,-8.785500,-135.328979,13.9,13.71,77.2,7,1.8,62.7,3.886,-4.0,0,1,1675
2026-03-31T21:07:14,-8.784984,-135.327271,20.3,13.87,74.0,7,2.1,62.8,3.884,-3.7,0,1,1676
2026-03-31T21:07:42,-8.784551,-135.325562,9.0,14.15,75.0,6,2.6,62.7,3.881,-4.0,0,1,1677
2026-03-31T21:08:10,-8.784014,-135.323822,5.3,13.47,73.3,7,2.1,62.7,3.881,-4.0,0,1,1678
2026-03-31T21:08:38,-8.783445,-135.322083,12.7,14.04,71.0,7,2.1,62.7,3.881,-4.0,0,1,1679
2026-03-31T21:09:06,-8.782951,-135.320374,9.2,14.08,74.3,7,1.8,62.5,3.881,-3.7,0,1,1680
2026-03-31T21:09:34,-8.782428,-135.318634,9.4,13.95,72.1,7,1.8,62.8,3.880,-3.7,0,1,1681
2026-03-31T21:10:02,-8.781983,-135.316910,3.4,13.48,76.9,7,1.8,62.7,3.882,-4.0,0,1,1682
2026-03-31T21:10:30,-8.781465,-135.315155,1.7,13.93,70.7,7,1.8,62.5,3.881,-3.7,0,1,1683
2026-03-31T21:10:58,-8.780902,-135.313416,5.4,13.97,73.8,7,1.8,62.5,3.884,-3.7,0,1,1684
2026-03-31T21:11:26,-8.780405,-135.311737,0.0,13.16,72.1,7,2.1,62.7,3.881,-4.0,0,1,1685
2026-03-31T21:11:54,-8.779915,-135.310013,-5.2,13.72,73.9,7,2.1,62.7,3.880,-4.0,0,1,1686
2026-03-31T21:12:22,-8.779490,-135.308304,-7.1,13.77,76.2,7,1.8,62.7,3.880,-4.0,0,1,1687
2026-03-31T21:12:50,-8.778975,-135.306549,-8.6,12.80,73.4,7,1.8,62.8,3.881,-3.7,0,1,1688
2026-03-31T21:13:18,-8.778460,-135.304825,-5.4,13.50,69.2,7,2.1,62.8,3.881,-3.7,0,1,1689
2026-03-31T21:13:46,-8.777945,-135.303085,-3.5,14.46,72.1,7,1.8,62.4,3.881,-4.0,0,1,1690
2026-03-31T21:14:14,-8.777505,-135.301331,-6.9,13.59,75.7,7,1.8,62.5,3.880,-3.7,0,1,1691
2026-03-31T21:14:42,-8.777015,-135.299591,-8.5,15.13,74.2,7,1.8,62.2,3.880,-3.7,0,1,1692
2026-03-31T21:15:10,-8.776544,-135.297867,-9.4,13.65,73.9,7,2.0,62.5,3.880,-3.7,0,1,1693
2026-03-31T21:15:38,-8.776063,-135.296127,-8.9,14.15,75.3,7,2.0,62.4,3.880,-4.0,0,1,1694
2026-03-31T21:16:06,-8.775553,-135.294403,-7.6,14.46,79.7,7,1.8,62.4,3.880,-4.0,0,1,1695
2026-03-31T21:16:34,-8.775034,-135.292664,-4.7,14.76,75.3,7,1.8,62.4,3.881,1660.9,0,1,1696
2026-03-31T21:17:02,-8.774531,-135.290955,-6.0,13.70,74.4,7,2.0,62.2,3.880,-3.7,0,1,1697
2026-03-31T21:17:30,-8.774058,-135.289246,-9.2,14.45,72.0,7,1.8,62.5,3.879,-3.7,0,1,1698
2026-03-31T21:17:58,-8.773523,-135.287506,0.3,13.77,69.8,7,1.8,62.5,3.879,-3.7,0,1,1699
2026-03-31T21:18:26,-8.773025,-135.285767,6.6,13.25,70.8,7,1.8,62.5,3.878,-3.7,0,1,1700
2026-03-31T21:18:54,-8.772488,-135.284073,10.3,13.73,72.2,7,1.8,62.2,3.878,-3.7,0,1,1701
2026-03-31T21:19:22,-8.772003,-135.282349,9.0,13.86,69.8,7,1.7,62.5,3.878,-3.7,0,1,1702
2026-03-31T21:19:49,-8.771463,-135.280655,10.5,13.65,65.3,7,2.0,62.5,3.879,-3.7,0,1,1703
2026-03-31T21:20:17,-8.770931,-135.278961,9.4,13.52,74.7,7,1.7,62.1,3.879,-4.0,0,1,1704
2026-03-31T21:20:45,-8.770498,-135.277222,6.3,13.43,77.1,7,1.7,62.4,3.879,1660.9,0,1,1705
2026-03-31T21:21:13,-8.770019,-135.275528,5.3,14.30,76.6,7,2.0,62.2,3.879,-3.7,0,1,1706
2026-03-31T21:21:41,-8.769562,-135.273788,7.4,14.54,76.0,7,2.0,62.4,3.878,-4.0,0,1,1707
2026-03-31T21:22:09,-8.769093,-135.272049,3.1,13.53,73.1,7,1.7,62.1,3.878,-4.0,0,1,1708
2026-03-31T21:22:37,-8.768600,-135.270294,3.0,13.01,73.2,7,1.7,62.2,3.876,-3.7,0,1,1709
2026-03-31T21:23:05,-8.768069,-135.268646,4.5,11.38,64.8,7,1.7,62.2,3.879,-3.7,0,1,1710
2026-03-31T21:23:33,-8.767567,-135.266953,6.7,12.57,69.4,6,3.2,62.1,3.879,-4.0,0,1,1711
2026-03-31T21:24:01,-8.767060,-135.265244,5.3,15.17,81.1,6,3.2,62.1,3.875,-4.0,0,1,1712
2026-03-31T21:24:29,-8.766552,-135.263519,5.5,13.84,71.9,7,1.7,62.2,3.876,-3.7,0,1,1713
2026-03-31T21:24:57,-8.766045,-135.261856,11.1,12.98,73.5,6,3.2,62.2,3.878,-3.7,0,1,1714
2026-03-31T21:25:25,-8.765513,-135.260132,12.8,13.30,72.2,6,3.2,62.2,3.878,-3.7,0,1,1715
2026-03-31T21:25:53,-8.765046,-135.258438,14.8,13.80,73.2,6,2.9,62.1,3.876,1653.2,0,1,1716
2026-03-31T21:26:21,-8.764613,-135.256699,16.7,13.50,80.5,6,2.9,62.1,3.876,-4.0,0,1,1717
2026-03-31T21:26:49,-8.764132,-135.254974,19.4,13.73,70.7,6,3.0,62.1,3.875,-4.0,0,1,1718
2026-03-31T21:27:17,-8.763668,-135.253296,23.2,13.89,64.3,6,3.0,62.2,3.878,-3.7,0,1,1719
2026-03-31T21:27:45,-8.763112,-135.251633,23.5,14.76,62.6,6,3.3,62.1,3.876,-4.0,0,1,1720
2026-03-31T21:28:13,-8.762565,-135.249985,27.6,13.46,69.5,6,3.3,62.1,3.876,1653.2,0,1,1721
2026-03-31T21:28:41,-8.762017,-135.248291,29.1,14.30,69.1,6,3.3,62.1,3.876,-4.0,0,1,1722
2026-03-31T21:29:09,-8.761639,-135.246521,29.7,13.99,69.5,6,3.3,62.0,3.876,-3.7,0,1,1723
2026-03-31T21:29:37,-8.761257,-135.244705,25.9,13.38,74.7,6,3.3,62.2,3.876,-3.7,0,1,1724
2026-03-31T21:30:05,-8.760946,-135.242950,23.0,13.78,79.3,6,3.4,62.0,3.875,-3.7,0,1,1725
2026-03-31T21:30:33,-8.760368,-135.241241,22.5,13.55,72.6,6,3.4,62.0,3.876,-3.7,0,1,1726
2026-03-31T21:31:01,-8.759682,-135.239609,35.4,13.23,73.9,6,3.0,61.8,3.878,-4.0,0,1,1727
2026-03-31T21:31:29,-8.759211,-135.237823,31.1,14.63,74.1,6,3.4,62.0,3.875,-3.7,0,1,1728
2026-03-31T21:31:57,-8.758877,-135.236053,26.0,14.56,72.9,6,3.4,61.7,3.875,-3.7,0,1,1729
2026-03-31T21:32:25,-8.758442,-135.234375,27.6,12.71,74.3,6,3.4,62.1,3.875,-4.0,0,1,1730
2026-03-31T21:32:53,-8.758030,-135.232605,24.3,14.35,77.9,6,3.4,62.1,3.875,-4.0,0,1,1731
2026-03-31T21:33:21,-8.757340,-135.231003,31.7,14.10,57.8,6,3.4,62.0,3.875,-3.7,0,1,1732
2026-03-31T21:33:49,-8.756712,-135.229202,24.1,15.12,64.9,7,1.6,62.1,3.876,-4.0,0,1,1733
2026-03-31T21:34:17,-8.756117,-135.227524,29.2,14.25,73.0,6,3.4,62.1,3.875,-4.0,0,1,1734
2026-03-31T21:34:45,-8.755518,-135.225876,37.1,13.70,74.6,7,1.6,62.0,3.875,-3.7,0,1,1735
2026-03-31T21:35:13,-8.755058,-135.224121,37.7,13.31,72.4,7,1.8,62.0,3.874,-3.7,0,1,1736
2026-03-31T21:35:41,-8.754590,-135.222382,38.0,13.39,76.0,6,3.4,61.8,3.874,-4.0,0,1,1737
2026-03-31T21:36:09,-8.754143,-135.220657,40.2,14.07,73.6,7,1.8,61.8,3.872,-4.0,0,1,1738
2026-03-31T21:36:37,-8.753720,-135.218903,40.1,13.91,76.2,7,1.8,62.0,3.874,-3.7,0,1,1739
2026-03-31T21:37:05,-8.753257,-135.217133,39.5,13.29,76.2,6,3.4,61.7,3.875,-3.7,0,1,1740
2026-03-31T21:37:33,-8.752778,-135.215393,39.4,13.54,78.4,7,1.8,61.8,3.872,-4.0,0,1,1741
2026-03-31T21:38:01,-8.752288,-135.213638,35.4,13.82,74.0,7,1.7,61.8,3.874,-4.0,0,1,1742
2026-03-31T21:38:29,-8.751735,-135.211899,34.5,14.39,67.8,7,1.7,61.8,3.874,-4.0,0,1,1743
2026-03-31T21:38:57,-8.751278,-135.210175,32.9,13.31,74.0,8,1.4,62.0,3.874,-3.7,0,1,1744
2026-03-31T21:39:25,-8.750823,-135.208420,33.0,14.15,69.5,8,1.4,61.8,3.875,-4.0,0,1,1745
2026-03-31T21:39:53,-8.750392,-135.206665,36.1,13.73,78.2,7,2.3,61.7,3.874,-3.7,0,1,1746
2026-03-31T21:40:21,-8.749872,-135.204941,38.7,14.47,70.2,7,2.2,61.7,3.875,-3.7,0,1,1747
2026-03-31T21:40:49,-8.749306,-135.203186,36.8,13.93,70.9,7,2.3,61.7,3.874,-3.7,0,1,1748
2026-03-31T21:41:17,-8.748851,-135.201431,33.2,14.49,75.8,7,2.3,61.8,3.874,-4.0,0,1,1749
2026-03-31T21:41:45,-8.748359,-135.199738,32.0,13.46,72.8,7,2.3,61.7,3.872,-3.7,0,1,1750
2026-03-31T21:42:13,-8.747862,-135.197983,31.0,13.69,74.7,7,1.5,61.7,3.872,-3.7,0,1,1751
2026-03-31T21:42:41,-8.747349,-135.196274,33.4,13.83,75.6,7,1.5,61.7,3.872,-3.7,0,1,1752
2026-03-31T21:43:09,-8.746905,-135.194473,28.8,13.70,79.7,7,1.7,61.7,3.871,-3.7,0,1,1753
2026-03-31T21:43:37,-8.746437,-135.192734,25.6,13.98,76.2,7,1.7,61.7,3.871,-3.7,0,1,1754
2026-03-31T21:44:05,-8.745963,-135.190994,25.8,14.86,80.6,7,1.7,61.4,3.872,-3.7,0,1,1755
2026-03-31T21:44:33,-8.745441,-135.189255,24.5,12.81,74.0,8,1.3,61.5,3.872,-4.0,0,1,1756
2026-03-31T21:45:01,-8.744953,-135.187515,26.1,13.94,72.1,7,1.5,61.5,3.871,-4.0,0,1,1757
2026-03-31T21:45:29,-8.744458,-135.185791,25.9,14.23,70.9,6,3.3,61.5,3.871,-4.0,0,1,1758
2026-03-31T21:45:57,-8.744025,-135.184052,20.9,13.53,74.1,7,1.6,61.5,3.874,-4.0,0,1,1759
2026-03-31T21:46:25,-8.743550,-135.182327,21.7,13.71,70.7,6,3.3,61.5,3.871,-4.0,0,1,1760
2026-03-31T21:46:53,-8.743032,-135.180634,22.5,14.08,73.9,7,1.5,61.7,3.872,-3.7,0,1,1761
2026-03-31T21:47:21,-8.742592,-135.178894,22.1,13.56,76.4,7,1.4,61.4,3.871,-3.7,0,1,1762
2026-03-31T21:47:49,-8.742186,-135.177139,24.6,14.63,77.7,7,1.6,61.5,3.869,-4.0,0,1,1763
2026-03-31T21:48:17,-8.741709,-135.175415,23.5,13.67,74.5,7,1.6,61.1,3.871,1625.5,0,1,1764
2026-03-31T21:48:45,-8.741221,-135.173676,21.5,13.37,67.6,8,1.3,61.7,3.871,-3.7,0,1,1765
2026-03-31T21:49:13,-8.740742,-135.171936,21.1,13.47,74.8,7,1.6,61.5,3.871,-4.0,0,1,1766
2026-03-31T21:49:41,-8.740189,-135.170227,22.0,13.53,71.3,8,1.3,61.4,3.871,1634.0,0,1,1767
2026-03-31T21:50:09,-8.739646,-135.168518,22.1,13.60,76.8,7,1.6,61.4,3.870,-3.7,0,1,1768
2026-03-31T21:50:37,-8.739123,-135.166763,19.1,14.13,78.6,8,1.3,61.5,3.872,-4.0,0,1,1769
2026-03-31T21:51:05,-8.738602,-135.165009,22.5,14.19,77.6,8,1.3,61.4,3.870,-3.7,0,1,1770
2026-03-31T21:51:33,-8.738092,-135.163254,22.0,13.46,77.9,8,1.3,61.4,3.870,-3.7,0,1,1771
2026-03-31T21:52:01,-8.737549,-135.161514,25.1,13.50,72.9,8,1.3,61.1,3.870,-8.5,0,1,1772
2026-03-31T21:52:29,-8.736989,-135.159805,26.1,14.35,70.0,8,1.3,60.7,3.870,-8.3,0,1,1773
2026-03-31T21:52:57,-8.736586,-135.158066,23.9,13.48,75.5,8,1.3,61.1,3.870,-8.5,0,1,1774
2026-03-31T21:53:25,-8.736012,-135.156372,24.8,13.42,71.7,8,1.3,61.4,3.870,-3.7,0,1,1775
2026-03-31T21:53:53,-8.735527,-135.154663,23.5,13.32,77.2,8,1.3,61.1,3.870,-8.5,0,1,1776
2026-03-31T21:54:21,-8.735087,-135.152939,24.9,13.53,79.9,8,1.3,61.1,3.869,-8.5,0,1,1777
2026-03-31T21:54:49,-8.734656,-135.151199,24.9,13.23,75.6,8,1.2,61.4,3.868,-3.7,0,1,1778
2026-03-31T21:55:17,-8.734123,-135.149460,25.8,14.00,76.5,8,1.2,61.1,3.869,-8.5,0,1,1779
2026-03-31T21:55:45,-8.733672,-135.147720,23.5,13.38,74.0,9,1.0,61.1,3.871,-8.5,0,1,1780
2026-03-31T21:56:13,-8.733138,-135.146011,19.3,13.92,75.7,9,1.0,61.1,3.868,-8.5,0,1,1781
2026-03-31T21:56:41,-8.732633,-135.144272,19.9,13.58,75.0,8,1.2,61.1,3.868,-8.5,0,1,1782
2026-03-31T21:57:09,-8.732126,-135.142548,24.3,12.90,75.3,8,1.2,60.7,3.869,-8.3,0,1,1783
2026-03-31T21:57:37,-8.731700,-135.140793,18.1,14.12,74.8,8,1.2,60.4,3.868,-8.5,0,1,1784
2026-03-31T21:58:05,-8.731251,-135.139069,12.6,14.12,73.3,8,1.2,60.7,3.868,-8.3,0,1,1785
2026-03-31T21:58:33,-8.730786,-135.137360,5.1,13.64,74.4,8,1.2,60.7,3.868,-8.3,0,1,1786
2026-03-31T21:59:01,-8.730289,-135.135635,2.5,12.53,70.7,8,1.2,60.7,3.870,-8.3,0,1,1787
2026-03-31T21:59:29,-8.729831,-135.133881,-0.7,13.42,77.5,8,1.2,61.1,3.868,-8.5,0,1,1788
2026-03-31T21:59:57,-8.729330,-135.132141,1.6,13.55,76.2,8,1.2,60.7,3.868,-8.3,0,1,1789
2026-03-31T22:00:25,-8.728764,-135.130447,3.3,13.47,68.3,7,2.3,60.4,3.869,-8.5,0,1,1790
2026-03-31T22:00:53,-8.728205,-135.128723,5.9,13.56,66.0,7,2.2,60.7,3.869,-8.3,0,1,1791
2026-03-31T22:01:21,-8.727845,-135.127014,10.2,13.59,75.1,7,2.2,60.7,3.868,-8.3,0,1,1792
2026-03-31T22:01:49,-8.727294,-135.125305,12.2,13.89,77.2,7,2.2,61.1,3.870,-8.5,0,1,1793
2026-03-31T22:02:17,-8.726708,-135.123611,14.1,13.44,75.3,7,2.2,60.7,3.868,-8.3,0,1,1794
2026-03-31T22:02:45,-8.726114,-135.121964,18.4,13.43,75.6,7,2.2,60.4,3.868,-8.5,0,1,1795
2026-03-31T22:03:13,-8.725510,-135.120300,30.4,13.64,76.2,7,2.2,60.4,3.866,-8.5,0,1,1796
2026-03-31T22:03:41,-8.725050,-135.118561,25.7,13.47,73.1,7,2.2,60.4,3.865,-8.5,0,1,1797
2026-03-31T22:04:09,-8.724833,-135.116684,22.8,14.42,82.4,7,2.2,61.1,3.866,-8.5,0,1,1798
2026-03-31T22:04:37,-8.724156,-135.115067,20.8,13.32,79.2,7,2.2,59.8,3.866,-8.5,0,1,1799
2026-03-31T22:05:05,-8.723655,-135.113373,20.9,13.60,75.4,7,2.2,60.4,3.866,-8.5,0,1,1800
2026-03-31T22:05:33,-8.723168,-135.111664,24.8,13.61,74.3,7,2.2,60.1,3.868,-8.3,0,1,1801
2026-03-31T22:06:01,-8.722712,-135.109955,23.3,14.09,78.1,7,2.1,60.7,3.866,-8.3,0,1,1802
2026-03-31T22:06:29,-8.722163,-135.108215,26.8,13.74,72.6,7,2.1,60.4,3.868,-8.5,0,1,1803
2026-03-31T22:06:57,-8.721740,-135.106430,25.5,14.68,77.3,7,2.1,60.1,3.865,-8.3,0,1,1804
2026-03-31T22:07:25,-8.721302,-135.104706,23.5,13.58,74.7,7,2.1,60.4,3.865,-8.5,0,1,1805
2026-03-31T22:07:53,-8.720760,-135.102997,19.6,13.22,72.7,7,2.1,60.4,3.866,-8.5,0,1,1806
2026-03-31T22:08:21,-8.720181,-135.101318,18.0,14.04,72.4,7,2.1,60.4,3.865,-8.5,0,1,1807
2026-03-31T22:08:49,-8.719624,-135.099609,15.6,13.52,79.8,7,2.1,60.1,3.866,-8.3,0,1,1808
2026-03-31T22:09:17,-8.719098,-135.097916,15.2,14.17,72.5,7,2.1,59.8,3.865,1591.8,0,1,1809
2026-03-31T22:09:45,-8.718658,-135.096176,13.4,14.03,74.4,7,2.0,59.8,3.866,-8.5,0,1,1810
2026-03-31T22:10:13,-8.718126,-135.094467,13.6,13.10,77.2,7,2.0,59.8,3.865,-8.5,0,1,1811
2026-03-31T22:10:41,-8.717608,-135.092743,12.2,13.94,72.6,7,2.0,59.5,3.865,-8.3,0,1,1812
2026-03-31T22:11:09,-8.717034,-135.091034,13.6,13.56,73.5,7,2.0,60.4,3.865,-8.5,0,1,1813
2026-03-31T22:11:37,-8.716440,-135.089325,13.7,14.30,72.9,7,2.0,59.8,3.865,-8.5,0,1,1814
2026-03-31T22:12:05,-8.715871,-135.087616,12.3,13.09,70.3,7,2.0,59.8,3.864,-8.5,0,1,1815
2026-03-31T22:12:33,-8.715323,-135.085907,14.8,13.65,75.6,7,2.0,60.4,3.864,-8.5,0,1,1816
2026-03-31T22:13:01,-8.714768,-135.084244,12.1,14.17,66.9,7,2.0,59.5,3.864,-8.3,0,1,1817
2026-03-31T22:13:29,-8.714303,-135.082489,14.9,13.64,73.7,7,2.0,60.1,3.864,-8.3,0,1,1818
2026-03-31T22:13:57,-8.713746,-135.080795,13.5,13.85,80.2,7,2.0,59.8,3.865,-8.5,0,1,1819
2026-03-31T22:14:25,-8.713150,-135.079071,10.9,13.79,74.1,7,1.9,59.5,3.862,-8.3,0,1,1820
2026-03-31T22:14:53,-8.712670,-135.077332,5.2,13.98,69.6,7,1.9,59.8,3.864,-8.5,0,1,1821
2026-03-31T22:15:21,-8.712063,-135.075592,12.7,14.26,71.4,6,2.0,59.5,3.864,-8.3,0,1,1822
2026-03-31T22:15:49,-8.711578,-135.073883,10.0,13.83,72.3,6,2.0,59.8,3.862,-8.5,0,1,1823
2026-03-31T22:16:17,-8.711084,-135.072144,16.1,13.68,75.7,6,2.0,59.8,3.862,-8.5,0,1,1824
2026-03-31T22:16:45,-8.710598,-135.070419,18.5,14.40,74.7,6,2.0,59.5,3.866,-8.3,0,1,1825
2026-03-31T22:17:13,-8.710035,-135.068680,21.5,14.24,84.9,6,2.0,59.5,3.861,-8.3,0,1,1826
2026-03-31T22:17:41,-8.709512,-135.066971,25.8,13.78,74.6,6,2.0,58.8,3.860,-8.3,0,1,1827
2026-03-31T22:18:09,-8.709115,-135.065155,15.2,14.10,75.4,6,2.0,59.8,3.862,-8.5,0,1,1828
2026-03-31T22:18:37,-8.708687,-135.063400,9.9,14.10,70.4,6,2.0,58.8,3.864,-8.3,0,1,1829
2026-03-31T22:19:05,-8.708163,-135.061737,17.0,13.17,70.4,6,1.9,59.5,3.861,-8.3,0,1,1830
2026-03-31T22:19:33,-8.707595,-135.060013,20.8,13.65,66.4,6,1.9,59.5,3.862,-8.3,0,1,1831
2026-03-31T22:20:01,-8.707089,-135.058319,20.0,13.41,74.9,6,1.9,59.5,3.862,-8.3,0,1,1832
2026-03-31T22:20:29,-8.706535,-135.056610,16.7,13.42,76.5,6,2.8,59.2,3.861,-8.5,0,1,1833
2026-03-31T22:20:57,-8.706017,-135.054871,20.6,13.56,69.2,6,2.8,59.2,3.861,-8.5,0,1,1834
2026-03-31T22:21:25,-8.705475,-135.053177,22.7,14.20,73.8,6,2.8,59.5,3.861,-8.3,0,1,1835
2026-03-31T22:21:53,-8.705008,-135.051422,13.9,13.45,81.3,6,1.9,59.5,3.862,-8.3,0,1,1836
2026-03-31T22:22:21,-8.704458,-135.049667,13.1,14.06,78.8,6,2.7,59.2,3.862,-8.5,0,1,1837
2026-03-31T22:22:49,-8.703938,-135.047989,15.6,14.55,75.9,6,1.9,59.2,3.861,-8.5,0,1,1838
2026-03-31T22:23:17,-8.703468,-135.046204,11.5,14.04,74.5,6,1.9,58.8,3.860,-8.3,0,1,1839
2026-03-31T22:23:45,-8.702860,-135.044525,4.6,13.31,70.7,6,2.7,59.2,3.860,-8.5,0,1,1840
2026-03-31T22:24:13,-8.702394,-135.042770,-1.5,13.81,73.3,6,1.8,58.5,3.861,-8.5,0,1,1841
2026-03-31T22:24:41,-8.701852,-135.041031,-1.6,13.41,71.6,6,1.8,58.8,3.862,-8.3,0,1,1842
2026-03-31T22:25:09,-8.701362,-135.039276,-5.7,14.33,76.9,6,1.8,59.2,3.861,-8.5,0,1,1843
2026-03-31T22:25:37,-8.700790,-135.037598,-7.5,13.73,67.5,6,1.8,59.2,3.860,-8.5,0,1,1844
2026-03-31T22:26:05,-8.700268,-135.035858,-9.6,14.12,74.1,6,1.8,59.2,3.861,-8.5,0,1,1845
2026-03-31T22:26:33,-8.699754,-135.034103,-9.1,13.68,71.4,6,1.8,58.8,3.861,-8.3,0,1,1846
2026-03-31T22:27:01,-8.699200,-135.032379,-7.3,13.45,76.4,6,1.8,58.8,3.860,-8.3,0,1,1847
2026-03-31T22:27:29,-8.698593,-135.030716,-5.0,13.47,69.5,6,1.8,58.8,3.861,-8.3,0,1,1848
2026-03-31T22:27:57,-8.698043,-135.028992,-4.6,13.24,75.0,6,1.8,58.5,3.862,-8.5,0,1,1849
2026-03-31T22:28:25,-8.697536,-135.027206,-5.6,13.78,73.4,6,1.8,58.8,3.859,-8.3,0,1,1850
2026-03-31T22:28:53,-8.697050,-135.025452,-2.3,14.17,77.4,6,1.7,58.5,3.859,-8.5,0,1,1851
2026-03-31T22:29:21,-8.696560,-135.023743,-1.1,13.98,77.2,6,1.7,58.5,3.860,-8.5,0,1,1852
2026-03-31T22:29:49,-8.696011,-135.022003,0.8,13.61,72.8,6,1.7,58.8,3.859,-8.3,0,1,1853
2026-03-31T22:30:17,-8.695434,-135.020309,-0.2,13.90,75.8,6,1.7,58.5,3.860,-8.5,0,1,1854
2026-03-31T22:30:45,-8.694897,-135.018570,8.8,13.74,80.0,6,1.7,58.2,3.859,-8.3,0,1,1855
2026-03-31T22:31:13,-8.694280,-135.016891,17.5,14.19,73.7,6,1.7,58.5,3.860,-8.5,0,1,1856
2026-03-31T22:31:41,-8.693770,-135.015198,20.6,13.10,74.4,6,1.7,58.5,3.858,-8.5,0,1,1857
2026-03-31T22:32:09,-8.693269,-135.013428,20.9,13.98,72.8,5,1.8,58.2,3.864,-8.3,0,1,1858
2026-03-31T22:32:37,-8.692740,-135.011734,11.5,13.45,69.0,5,1.8,58.8,3.859,-8.3,0,1,1859
2026-03-31T22:33:05,-8.692229,-135.009979,1.4,13.94,74.4,5,1.8,58.5,3.859,-8.5,0,1,1860
2026-03-31T22:33:33,-8.691757,-135.008209,-6.7,14.80,73.5,5,1.8,58.8,3.859,-8.3,0,1,1861
2026-03-31T22:34:01,-8.691305,-135.006439,-15.2,12.33,72.4,5,1.8,58.8,3.859,-8.3,0,1,1862
2026-03-31T22:34:29,-8.690832,-135.004730,-21.3,14.18,74.9,5,1.8,58.2,3.859,-8.3,0,1,1863
2026-03-31T22:34:57,-8.690200,-135.003067,-21.4,13.56,69.3,5,1.8,58.8,3.859,-8.3,0,1,1864
2026-03-31T22:35:25,-8.689712,-135.001312,-21.3,14.00,75.3,6,1.6,58.2,3.856,-8.3,0,1,1865
2026-03-31T22:35:53,-8.689299,-134.999481,-27.3,13.58,73.0,6,1.6,58.2,3.859,-8.3,0,1,1866
2026-03-31T22:36:21,-8.688777,-134.997726,-24.0,13.54,77.0,5,1.9,58.2,3.862,-8.3,0,1,1867
2026-03-31T22:36:49,-8.688210,-134.996002,-13.2,13.44,68.0,5,1.9,58.5,3.858,-8.5,0,1,1868
2026-03-31T22:37:17,-8.687638,-134.994324,-8.1,13.82,75.1,7,1.5,58.8,3.862,-8.3,0,1,1869
2026-03-31T22:37:45,-8.687037,-134.992599,0.4,13.70,66.6,7,1.5,58.5,3.858,-8.5,0,1,1870
2026-03-31T22:38:13,-8.686497,-134.990921,13.7,13.78,74.3,7,1.5,57.6,3.858,-8.3,0,1,1871
2026-03-31T22:38:41,-8.685925,-134.989243,15.4,13.88,75.4,8,1.5,57.9,3.858,-8.5,0,1,1872
2026-03-31T22:39:09,-8.685493,-134.987534,26.2,13.77,77.5,7,1.6,57.6,3.858,-8.3,0,1,1873
2026-03-31T22:39:37,-8.684989,-134.985794,32.2,12.85,74.8,7,1.6,57.9,3.859,-8.5,0,1,1874
2026-03-31T22:40:05,-8.684485,-134.984039,32.7,14.04,74.4,8,1.5,57.6,3.858,-8.3,0,1,1875
2026-03-31T22:40:33,-8.683962,-134.982330,32.3,12.67,73.6,8,1.5,57.6,3.856,-8.3,0,1,1876
2026-03-31T22:41:01,-8.683438,-134.980606,32.9,13.38,75.5,8,1.5,57.6,3.858,-8.3,0,1,1877
2026-03-31T22:41:29,-8.682906,-134.978943,18.5,13.35,71.8,8,1.4,65.0,3.908,-4.0,0,1,1878
2026-03-31T22:41:57,-8.682517,-134.977173,16.0,12.94,77.6,8,1.4,65.4,3.909,-3.7,0,1,1879
2026-03-31T22:42:25,-8.681905,-134.975433,21.2,13.87,73.2,8,1.4,65.9,3.911,-4.0,0,1,1880
2026-03-31T22:42:53,-8.681328,-134.973709,24.4,12.95,72.9,8,1.4,66.0,3.912,-3.7,0,1,1881
2026-03-31T22:43:21,-8.680819,-134.972000,26.0,13.53,74.7,8,1.4,65.9,3.912,-4.0,0,1,1882
2026-03-31T22:43:49,-8.680296,-134.970261,26.3,13.57,75.1,8,1.4,65.9,3.911,-4.0,0,1,1883
2026-03-31T22:44:17,-8.679810,-134.968506,23.1,14.92,70.9,8,1.4,66.1,3.915,-4.0,0,1,1884
2026-03-31T22:44:45,-8.679276,-134.966782,22.5,13.36,75.9,8,1.4,66.1,3.916,-4.0,0,1,1885
2026-03-31T22:45:13,-8.678759,-134.965012,24.2,13.77,76.1,7,1.6,66.4,3.916,-4.0,0,1,1886
2026-03-31T22:45:41,-8.678228,-134.963303,26.2,14.08,75.9,8,1.4,66.4,3.916,-4.0,0,1,1887
2026-03-31T22:46:09,-8.677742,-134.961517,25.8,12.77,73.6,8,1.4,66.4,3.918,-4.0,0,1,1888
2026-03-31T22:46:37,-8.677211,-134.959793,27.4,14.74,74.7,8,1.4,66.7,3.919,-4.0,0,1,1889
2026-03-31T22:47:05,-8.676644,-134.958069,26.0,14.33,75.3,8,1.4,66.9,3.919,-3.7,0,1,1890
2026-03-31T22:47:33,-8.676120,-134.956360,28.6,14.69,72.9,7,1.4,66.9,3.919,-3.7,0,1,1891
2026-03-31T22:48:01,-8.675588,-134.954666,38.2,14.21,74.3,8,1.4,66.9,3.920,-3.7,0,1,1892
2026-03-31T22:48:29,-8.675101,-134.952988,45.9,13.47,73.7,8,1.4,66.9,3.921,-3.7,0,1,1893
2026-03-31T22:48:57,-8.674660,-134.951233,48.5,13.54,71.2,8,1.4,67.2,3.921,-3.7,0,1,1894
2026-03-31T22:49:25,-8.674107,-134.949524,49.6,13.67,74.1,8,1.4,67.0,3.922,-4.0,0,1,1895
2026-03-31T22:49:53,-8.673610,-134.947845,44.4,13.54,69.7,8,1.4,67.0,3.922,-4.0,0,1,1896
2026-03-31T22:50:21,-8.673208,-134.946091,46.1,14.06,76.2,8,1.4,67.3,3.924,-4.0,0,1,1897
2026-03-31T22:50:49,-8.672644,-134.944351,48.9,14.33,69.8,7,1.4,67.2,3.922,-3.7,0,1,1898
2026-03-31T22:51:17,-8.672092,-134.942596,52.5,12.78,70.4,8,1.4,67.4,3.926,-3.7,0,1,1899
2026-03-31T22:51:45,-8.671588,-134.940811,52.3,13.73,71.7,8,1.4,67.6,3.925,-4.0,0,1,1900
2026-03-31T22:52:13,-8.671079,-134.939041,47.9,14.02,73.5,7,1.6,67.6,3.926,-4.0,0,1,1901
2026-03-31T22:52:41,-8.670569,-134.937256,47.9,14.19,75.7,8,1.3,67.6,3.926,-4.0,0,1,1902
2026-03-31T22:53:09,-8.670056,-134.935486,43.5,13.66,71.4,7,1.5,67.6,3.928,-4.0,0,1,1903
2026-03-31T22:53:37,-8.669540,-134.933746,41.3,14.03,70.3,6,1.8,67.9,3.929,-4.0,0,1,1904
2026-03-31T22:54:05,-8.669036,-134.932037,38.2,13.86,70.9,6,1.8,67.7,3.929,-3.7,0,1,1905
2026-03-31T22:54:33,-8.668587,-134.930298,36.1,12.81,71.6,8,1.3,68.0,3.929,-3.7,0,1,1906
2026-03-31T22:55:01,-8.668208,-134.928513,30.5,14.67,78.0,8,1.3,67.9,3.931,-4.0,0,1,1907
2026-03-31T22:55:29,-8.667717,-134.926773,27.2,14.00,78.8,7,1.4,68.0,3.930,-3.7,0,1,1908
2026-03-31T22:55:57,-8.667205,-134.925049,25.1,14.43,74.0,7,1.4,68.2,3.931,-4.0,0,1,1909
2026-03-31T22:56:25,-8.666680,-134.923309,29.8,13.58,76.4,7,1.4,68.2,3.930,-4.0,0,1,1910
2026-03-31T22:56:53,-8.666192,-134.921555,29.9,13.93,75.1,6,1.6,68.3,3.932,1818.8,0,1,1911
2026-03-31T22:57:21,-8.665670,-134.919815,33.9,14.15,75.6,6,1.5,68.5,3.932,-4.4,0,1,1912
2026-03-31T22:57:49,-8.665122,-134.918076,41.2,13.98,70.2,6,2.3,68.3,3.934,-4.4,0,1,1913
2026-03-31T22:58:17,-8.664643,-134.916351,41.6,13.40,74.3,7,1.4,68.5,3.932,-4.4,0,1,1914
2026-03-31T22:58:45,-8.664145,-134.914612,42.9,14.11,72.7,5,2.5,68.8,3.935,-4.4,0,1,1915
2026-03-31T22:59:13,-8.663678,-134.912842,43.7,13.78,76.3,6,1.7,68.8,3.935,-4.4,0,1,1916
2026-03-31T22:59:41,-8.663160,-134.911087,39.5,13.70,73.4,7,1.5,68.8,3.936,-4.4,0,1,1917
2026-03-31T23:00:09,-8.662689,-134.909348,34.4,13.74,75.2,6,1.7,68.6,3.936,-4.4,0,1,1918
2026-03-31T23:00:37,-8.662163,-134.907593,31.1,14.59,77.1,6,1.7,68.8,3.936,-4.4,0,1,1919
2026-03-31T23:01:05,-8.661692,-134.905869,27.9,14.26,76.5,7,1.3,69.1,3.938,-4.4,0,1,1920
2026-03-31T23:01:33,-8.661322,-134.904099,25.3,12.44,71.1,7,1.5,69.3,3.940,-4.4,0,1,1921
2026-03-31T23:02:01,-8.660740,-134.902359,25.1,14.08,73.1,8,1.3,69.1,3.939,-4.4,0,1,1922
2026-03-31T23:02:29,-8.660208,-134.900620,26.6,14.13,77.2,6,1.7,69.3,3.939,1845.0,0,1,1923
2026-03-31T23:02:57,-8.659685,-134.898895,25.6,13.10,73.5,8,1.3,69.3,3.943,-4.4,0,1,1924
2026-03-31T23:03:25,-8.659234,-134.897110,27.1,13.30,72.8,7,1.5,69.6,3.941,-4.4,0,1,1925
2026-03-31T23:03:53,-8.658841,-134.895355,28.2,13.87,75.0,7,1.5,69.1,3.941,-4.4,0,1,1926
2026-03-31T23:04:21,-8.658360,-134.893600,27.8,13.72,77.2,7,1.4,69.3,3.941,-4.4,0,1,1927
2026-03-31T23:04:49,-8.657814,-134.891846,27.7,13.87,72.6,6,1.7,69.6,3.943,-4.4,0,1,1928
2026-03-31T23:05:17,-8.657337,-134.890076,22.8,14.19,75.4,6,1.7,70.0,3.943,1862.4,0,1,1929
2026-03-31T23:05:45,-8.656825,-134.888290,10.1,13.90,71.2,7,1.4,69.8,3.944,-4.4,0,1,1930
2026-03-31T23:06:13,-8.656384,-134.886505,0.7,14.21,75.8,8,1.2,69.8,3.944,-4.4,0,1,1931
2026-03-31T23:06:41,-8.655892,-134.884735,-7.8,13.74,80.5,8,1.2,70.1,3.945,-4.4,0,1,1932
2026-03-31T23:07:09,-8.655290,-134.882980,-13.3,14.80,78.3,8,1.2,70.0,3.945,-4.4,0,1,1933
2026-03-31T23:07:37,-8.654780,-134.881226,-16.8,13.77,75.1,8,1.1,69.8,3.946,-4.4,0,1,1934
2026-03-31T23:08:05,-8.654357,-134.879471,-20.1,14.84,81.1,7,1.2,70.1,3.947,-4.4,0,1,1935
2026-03-31T23:08:33,-8.653795,-134.877747,-19.6,13.54,70.9,7,1.3,70.1,3.947,-4.4,0,1,1936
2026-03-31T23:09:01,-8.653316,-134.875992,-17.7,13.55,72.3,9,1.0,70.3,3.950,1871.2,0,1,1937
2026-03-31T23:09:29,-8.652770,-134.874268,-15.4,13.74,73.7,9,1.0,70.6,3.949,-4.4,0,1,1938
2026-03-31T23:09:57,-8.652272,-134.872528,-10.1,14.32,73.9,7,1.3,70.4,3.949,-4.4,0,1,1939
2026-03-31T23:10:25,-8.651788,-134.870789,-4.9,14.43,76.9,9,1.0,70.6,3.950,-4.4,0,1,1940
2026-03-31T23:10:53,-8.651277,-134.869034,2.0,13.79,73.9,7,1.3,70.6,3.950,-4.4,0,1,1941
2026-03-31T23:11:21,-8.650688,-134.867294,4.0,13.72,74.3,8,1.1,70.4,3.950,-4.4,0,1,1942
2026-03-31T23:11:49,-8.650165,-134.865555,8.1,12.80,73.0,7,1.3,70.9,3.951,-4.4,0,1,1943
2026-03-31T23:12:17,-8.649680,-134.863815,9.2,13.61,74.1,8,1.1,70.8,3.954,-4.4,0,1,1944
2026-03-31T23:12:45,-8.649174,-134.862076,11.0,13.81,72.1,8,1.1,70.8,3.951,-4.4,0,1,1945
2026-03-31T23:13:13,-8.648602,-134.860321,8.2,14.31,74.8,7,1.3,70.8,3.953,-4.4,0,1,1946
2026-03-31T23:13:41,-8.648106,-134.858566,0.9,12.76,72.0,7,1.3,70.9,3.954,-4.4,0,1,1947
2026-03-31T23:14:09,-8.647729,-134.856750,1.7,13.62,74.2,7,1.2,71.3,3.955,-4.4,0,1,1948
2026-03-31T23:14:37,-8.647219,-134.855026,6.6,14.45,73.8,7,1.3,70.9,3.956,-4.4,0,1,1949
2026-03-31T23:15:05,-8.646688,-134.853302,11.5,13.71,74.6,6,1.6,71.3,3.954,-4.4,0,1,1950
2026-03-31T23:15:33,-8.646146,-134.851547,16.7,13.48,69.6,7,1.3,71.1,3.956,-4.4,0,1,1951
2026-03-31T23:16:01,-8.645616,-134.849747,10.8,14.47,77.5,7,1.3,71.4,3.955,-4.4,0,1,1952
2026-03-31T23:16:29,-8.645155,-134.848022,16.4,12.95,71.7,6,1.6,71.4,3.956,-4.4,0,1,1953
2026-03-31T23:16:57,-8.644648,-134.846283,20.5,13.85,71.8,8,1.0,71.8,3.957,-4.4,0,1,1954
2026-03-31T23:17:25,-8.644120,-134.844528,21.0,13.45,73.4,9,1.0,71.6,3.959,-4.4,0,1,1955
2026-03-31T23:17:53,-8.643647,-134.842758,18.9,13.02,78.8,7,1.1,71.6,3.959,-4.4,0,1,1956
2026-03-31T23:18:21,-8.643157,-134.841034,15.7,13.89,73.1,7,1.1,71.8,3.960,-4.4,0,1,1957
2026-03-31T23:18:49,-8.642656,-134.839294,12.5,12.98,72.6,8,1.0,71.9,3.960,1914.8,0,1,1958
2026-03-31T23:19:17,-8.642179,-134.837540,10.7,12.56,73.3,6,1.6,72.1,3.960,-4.4,0,1,1959
2026-03-31T23:19:45,-8.641670,-134.835831,16.1,13.66,74.0,7,1.1,72.1,3.960,-4.4,0,1,1960
2026-03-31T23:20:13,-8.641118,-134.834091,19.2,13.81,73.1,8,1.0,72.1,3.963,-4.4,0,1,1961
2026-03-31T23:20:41,-8.640632,-134.832336,22.3,13.88,72.4,6,1.6,72.4,3.964,-4.4,0,1,1962
2026-03-31T23:21:09,-8.640160,-134.830597,17.9,14.44,74.7,6,1.6,72.2,3.965,-4.4,0,1,1963
2026-03-31T23:21:37,-8.639657,-134.828857,21.6,12.98,71.2,7,1.1,72.1,3.964,-4.4,0,1,1964
2026-03-31T23:22:05,-8.639166,-134.827118,23.5,12.93,75.9,7,1.1,72.4,3.965,-4.4,0,1,1965
2026-03-31T23:22:33,-8.638656,-134.825363,23.3,12.72,73.1,8,1.0,72.4,3.964,-4.4,0,1,1966
2026-03-31T23:23:01,-8.638097,-134.823608,22.2,13.46,71.8,8,1.0,72.6,3.965,-4.4,0,1,1967
2026-03-31T23:23:29,-8.637575,-134.821899,25.0,13.00,69.1,7,1.3,72.7,3.966,-4.4,0,1,1968
2026-03-31T23:23:57,-8.637024,-134.820129,22.2,14.36,72.2,7,1.1,72.6,3.967,-4.4,0,1,1969
2026-03-31T23:24:25,-8.636492,-134.818420,24.0,14.48,65.6,8,1.0,72.7,3.967,-4.4,0,1,1970
2026-03-31T23:24:53,-8.636007,-134.816635,19.8,14.69,71.4,7,1.1,73.1,3.967,-4.4,0,1,1971
2026-03-31T23:25:21,-8.635558,-134.814880,21.0,14.90,72.0,7,1.1,73.2,3.967,-4.4,0,1,1972
2026-03-31T23:25:49,-8.635105,-134.813110,19.9,13.82,70.1,6,1.6,73.2,3.970,1949.8,0,1,1973
2026-03-31T23:26:17,-8.634587,-134.811371,19.4,14.19,70.7,8,1.0,73.1,3.969,-4.4,0,1,1974
2026-03-31T23:26:45,-8.633999,-134.809631,19.3,13.67,67.6,6,1.6,73.2,3.971,-4.4,0,1,1975
2026-03-31T23:27:13,-8.633512,-134.807892,17.4,13.09,72.7,8,1.0,73.2,3.970,-4.4,0,1,1976
2026-03-31T23:27:41,-8.633025,-134.806122,11.3,15.04,72.8,6,1.6,73.6,3.971,-4.4,0,1,1977
2026-03-31T23:28:09,-8.632557,-134.804306,7.4,15.75,75.8,7,1.1,73.2,3.970,-4.4,0,1,1978
2026-03-31T23:28:37,-8.632117,-134.802521,10.7,13.91,72.0,8,1.0,73.4,3.971,-4.4,0,1,1979
2026-03-31T23:29:05,-8.631606,-134.800766,10.7,14.27,72.2,6,1.6,73.7,3.973,-4.4,0,1,1980
2026-03-31T23:29:33,-8.631073,-134.799011,10.4,14.63,73.5,7,1.2,73.6,3.974,-4.4,0,1,1981
2026-03-31T23:30:01,-8.630614,-134.797241,8.4,14.33,74.9,6,1.6,73.9,3.975,-4.4,0,1,1982
2026-03-31T23:30:29,-8.630083,-134.795502,11.4,14.28,71.8,6,1.6,73.9,3.975,1967.3,0,1,1983
2026-03-31T23:30:57,-8.629646,-134.793732,5.6,12.35,71.8,6,1.6,73.9,3.976,-4.4,0,1,1984
2026-03-31T23:31:25,-8.629169,-134.791962,4.5,14.21,71.0,6,1.6,74.1,3.976,-4.4,0,1,1985
2026-03-31T23:31:53,-8.628663,-134.790192,1.5,13.70,75.9,6,1.6,73.9,3.977,-4.4,0,1,1986
2026-03-31T23:32:21,-8.628166,-134.788422,1.5,13.28,73.8,6,1.6,74.1,3.976,-4.4,0,1,1987
2026-03-31T23:32:49,-8.627625,-134.786636,0.6,14.10,74.6,7,1.6,74.4,3.976,-4.4,0,1,1988
2026-03-31T23:33:17,-8.627136,-134.784866,0.5,13.54,73.6,6,1.6,74.4,3.976,-4.4,0,1,1989
2026-03-31T23:33:45,-8.626586,-134.783127,2.2,14.08,74.0,6,1.6,74.4,3.979,-4.4,0,1,1990
2026-03-31T23:34:13,-8.626065,-134.781357,-1.3,14.93,71.9,6,1.6,74.4,3.979,-4.4,0,1,1991
2026-03-31T23:34:41,-8.625587,-134.779633,-2.2,12.68,70.9,6,1.6,74.5,3.980,1984.7,0,1,1992
2026-03-31T23:35:09,-8.625108,-134.777893,-8.4,14.35,76.2,6,1.6,74.4,3.980,-4.4,0,1,1993
2026-03-31T23:35:37,-8.624588,-134.776169,-8.9,13.67,74.4,6,1.6,74.9,3.981,-4.4,0,1,1994
2026-03-31T23:36:05,-8.624109,-134.774429,-8.7,13.71,74.0,6,1.6,74.7,3.981,-4.4,0,1,1995
2026-03-31T23:36:33,-8.623616,-134.772675,-13.9,15.05,75.6,6,1.6,74.7,3.984,-4.4,0,1,1996
2026-03-31T23:37:01,-8.623145,-134.770889,-14.4,14.80,76.2,6,1.6,75.0,3.984,-4.4,0,1,1997
2026-03-31T23:37:29,-8.622666,-134.769119,-12.8,12.93,75.3,6,1.6,74.9,3.984,-4.4,0,1,1998
2026-03-31T23:37:57,-8.622089,-134.767380,-16.4,14.34,72.9,6,1.6,75.0,3.984,-4.4,0,1,1999
2026-03-31T23:38:25,-8.621588,-134.765640,-13.2,13.57,74.6,6,1.6,75.2,3.984,-4.4,0,1,2000
2026-03-31T23:38:53,-8.621108,-134.763916,-13.2,13.93,76.8,6,1.6,75.0,3.985,-4.4,0,1,2001
2026-03-31T23:39:21,-8.620639,-134.762161,-15.3,13.73,74.4,6,1.6,75.2,3.985,-4.4,0,1,2002
2026-03-31T23:39:49,-8.620165,-134.760391,-17.9,14.30,73.1,6,1.6,75.4,3.985,-4.2,0,1,2003
2026-03-31T23:40:17,-8.619653,-134.758667,-16.8,13.17,73.4,6,1.6,75.7,3.987,-4.4,0,1,2004
2026-03-31T23:40:45,-8.619200,-134.756927,-17.9,13.32,76.7,6,1.6,75.5,3.989,-4.4,0,1,2005
2026-03-31T23:41:13,-8.618734,-134.755188,-11.8,13.85,73.1,6,1.6,75.5,3.987,-4.4,0,1,2006
2026-03-31T23:41:41,-8.618286,-134.753448,-7.1,12.94,79.8,6,1.6,75.7,3.987,-4.4,0,1,2007
2026-03-31T23:42:09,-8.617774,-134.751694,-0.6,13.62,73.3,6,1.6,75.9,3.990,-4.4,0,1,2008
2026-03-31T23:42:37,-8.617242,-134.749939,8.9,14.04,72.5,7,1.5,75.9,3.989,-4.4,0,1,2009
2026-03-31T23:43:05,-8.616750,-134.748184,18.7,13.82,74.2,7,1.5,75.9,3.990,-4.4,0,1,2010
2026-03-31T23:43:33,-8.616240,-134.746429,19.8,13.90,77.5,7,1.5,75.9,3.993,-4.4,0,1,2011
2026-03-31T23:44:01,-8.615739,-134.744675,18.1,14.15,73.1,7,1.5,76.0,3.990,-4.4,0,1,2012
2026-03-31T23:44:29,-8.615253,-134.742889,23.6,13.88,79.1,7,1.5,76.2,3.993,-4.4,0,1,2013
2026-03-31T23:44:57,-8.614674,-134.741150,16.3,14.18,75.0,7,1.5,76.3,3.991,-4.4,0,1,2014
2026-03-31T23:45:25,-8.614143,-134.739426,16.1,14.12,76.0,8,1.5,76.2,3.993,-4.4,0,1,2015
2026-03-31T23:45:53,-8.613628,-134.737686,14.9,13.73,75.7,8,1.5,76.5,3.994,-4.4,0,1,2016
2026-03-31T23:46:21,-8.613095,-134.735962,14.3,13.47,70.8,8,1.5,76.3,3.995,2032.6,0,1,2017
2026-03-31T23:46:49,-8.612616,-134.734192,14.6,14.25,75.3,8,1.5,76.5,3.995,-4.4,0,1,2018
2026-03-31T23:47:17,-8.612126,-134.732437,11.5,13.85,77.0,8,1.5,76.7,3.996,-4.2,0,1,2019
2026-03-31T23:47:45,-8.611648,-134.730682,13.7,12.95,75.7,8,1.4,76.7,3.995,-4.2,0,1,2020
2026-03-31T23:48:13,-8.611096,-134.728973,13.6,13.85,72.7,7,1.7,76.7,3.994,-4.2,0,1,2021
2026-03-31T23:48:41,-8.610568,-134.727264,15.3,13.80,74.3,7,1.7,76.8,3.999,-4.4,0,1,2022
2026-03-31T23:49:09,-8.610072,-134.725540,17.3,12.99,72.2,6,1.7,76.8,3.997,-4.4,0,1,2023
2026-03-31T23:49:37,-8.609565,-134.723816,13.1,13.85,70.5,6,1.7,77.0,3.999,-4.4,0,1,2024
2026-03-31T23:50:05,-8.609094,-134.722061,17.8,13.46,73.9,7,1.6,77.2,4.000,-4.4,0,1,2025
2026-03-31T23:50:33,-8.608617,-134.720306,21.1,14.10,71.4,8,1.6,77.2,4.001,-4.4,0,1,2026
2026-03-31T23:51:01,-8.608110,-134.718597,17.2,13.83,73.3,7,1.6,77.2,4.000,-4.4,0,1,2027
2026-03-31T23:51:29,-8.607592,-134.716843,17.8,14.17,75.0,8,1.5,77.5,4.001,-4.4,0,1,2028
2026-03-31T23:51:57,-8.607088,-134.715103,12.6,13.77,73.5,8,1.5,77.3,4.001,-4.4,0,1,2029
2026-03-31T23:52:25,-8.606593,-134.713333,15.5,13.38,74.4,9,1.4,77.3,4.004,-4.4,0,1,2030
2026-03-31T23:52:53,-8.606080,-134.711548,10.7,13.35,74.8,9,1.3,77.6,4.004,-4.4,0,1,2031
2026-03-31T23:53:21,-8.605618,-134.709808,2.7,13.70,79.7,9,1.4,77.5,4.004,-4.4,0,1,2032
2026-03-31T23:53:49,-8.605155,-134.708054,6.0,14.77,80.5,9,1.4,77.5,4.004,-4.4,0,1,2033
2026-03-31T23:54:17,-8.604658,-134.706314,10.4,14.00,74.9,9,1.4,77.6,4.005,-4.4,0,1,2034
2026-03-31T23:54:45,-8.604126,-134.704514,17.6,14.11,72.9,9,1.4,78.0,4.006,-4.2,0,1,2035
2026-03-31T23:55:13,-8.603643,-134.702728,14.2,12.55,76.0,9,1.4,78.1,4.006,-4.4,0,1,2036
2026-03-31T23:55:41,-8.603158,-134.700958,13.6,14.60,74.6,9,1.4,78.1,4.006,-4.4,0,1,2037
2026-03-31T23:56:09,-8.602640,-134.699188,17.3,13.67,71.7,9,1.4,78.3,4.009,-4.4,0,1,2038
2026-03-31T23:56:37,-8.602152,-134.697388,14.9,15.20,77.8,9,1.4,78.3,4.006,-4.4,0,1,2039
2026-03-31T23:57:06,-8.601708,-134.695648,13.3,13.77,76.6,10,1.3,78.3,4.008,-4.4,0,1,2040
2026-03-31T23:57:34,-8.601233,-134.693878,18.6,13.56,73.9,10,1.4,78.3,4.010,-4.4,0,1,2041
2026-03-31T23:58:02,-8.600683,-134.692169,17.6,12.62,69.7,10,1.4,78.3,4.011,-4.4,0,1,2042
2026-03-31T23:58:30,-8.600080,-134.690445,20.2,14.35,72.5,10,1.4,78.3,4.010,-4.4,0,1,2043
2026-03-31T23:58:58,-8.599504,-134.688705,23.2,12.50,68.6,9,1.4,78.6,4.011,-4.4,0,1,2044
2026-03-31T23:59:26,-8.599032,-134.686935,16.6,13.76,74.3,10,1.4,78.6,4.012,-4.4,0,1,2045
2026-03-31T23:59:54,-8.598540,-134.685226,6.4,12.92,75.4,10,1.4,78.6,4.011,-4.4,0,1,2046
