datetime,lat,lon,alt_m,speed_kts,cog,satellites,hdop,battery_pct,battery_v,charge_rate,rtc_bat_low,fix,boot
2026-04-22T00:01:09,12.150220,-68.277473,87.5,0.61,266.7,10,1.0,79.8,4.021,-4.4,0,1,41811
2026-04-22T00:04:13,12.150092,-68.278069,77.6,1.61,253.0,9,1.5,80.6,4.026,-4.2,0,1,41812
2026-04-22T00:07:16,12.148855,-68.279587,28.4,2.67,233.9,8,1.6,81.1,4.030,-4.4,0,1,41813
2026-04-22T00:07:45,12.148555,-68.279877,29.3,4.46,239.5,8,1.6,81.2,4.030,-4.4,0,1,41814
2026-04-22T00:08:14,12.148431,-68.280502,18.8,4.89,247.6,8,1.6,81.2,4.032,-4.4,0,1,41815
2026-04-22T00:08:43,12.148135,-68.281197,7.2,6.30,248.7,8,1.6,81.2,4.030,-4.4,0,1,41816
2026-04-22T00:09:12,12.147820,-68.282089,-0.7,6.50,249.4,8,1.6,81.2,4.032,-4.4,0,1,41817
2026-04-22T00:09:41,12.147544,-68.283035,-7.8,7.97,251.8,8,1.6,81.4,4.034,-4.4,0,1,41818
2026-04-22T00:10:10,12.147157,-68.284081,-13.0,8.70,256.1,7,1.6,81.6,4.035,-4.4,0,1,41819
2026-04-22T00:10:39,12.146672,-68.285179,-14.7,9.29,245.5,7,1.6,81.2,4.035,-4.4,0,1,41820
2026-04-22T00:11:08,12.146211,-68.286385,-14.2,10.56,248.3,7,1.6,81.7,4.035,-4.4,0,1,41821
2026-04-22T00:11:37,12.145720,-68.287689,-26.5,9.85,242.1,8,1.5,81.6,4.035,-4.4,0,1,41822
2026-04-22T00:12:06,12.145277,-68.289085,-39.6,11.63,249.8,8,1.5,81.7,4.035,-4.4,0,1,41823
2026-04-22T00:12:35,12.144630,-68.290466,-25.1,11.08,250.1,8,1.5,82.1,4.036,-4.4,0,1,41824
2026-04-22T00:13:04,12.144115,-68.291924,-27.9,11.43,249.0,7,1.6,82.1,4.037,-4.4,0,1,41825
2026-04-22T00:13:33,12.143429,-68.293427,-22.5,10.34,246.2,8,1.5,82.1,4.039,-4.4,0,1,41826
2026-04-22T00:14:02,12.142780,-68.294815,-17.4,12.04,246.3,6,2.0,82.4,4.039,-4.4,0,1,41827
2026-04-22T00:14:31,12.142096,-68.296196,-23.8,11.48,246.0,8,1.6,82.2,4.040,-4.4,0,1,41828
2026-04-22T00:15:00,12.141307,-68.297569,12.8,11.80,245.1,9,1.5,82.4,4.040,-4.4,0,1,41829
2026-04-22T00:15:29,12.140674,-68.299072,-2.2,11.96,245.3,9,1.5,82.4,4.043,2193.2,0,1,41830
2026-04-22T00:15:58,12.139784,-68.300522,-1.1,12.29,240.5,9,1.5,82.5,4.041,-4.4,0,1,41831
2026-04-22T00:16:27,12.139291,-68.302132,-16.2,11.85,250.9,9,1.5,82.9,4.041,-4.4,0,1,41832
2026-04-22T00:16:56,12.138707,-68.303772,-34.7,12.62,250.9,8,1.5,82.7,4.043,-4.4,0,1,41833
2026-04-22T00:17:25,12.138232,-68.305283,-35.0,11.77,249.2,10,1.1,82.5,4.044,-4.4,0,1,41834
2026-04-22T00:17:54,12.137477,-68.306763,-20.8,11.85,242.6,9,1.5,82.7,4.044,-4.4,0,1,41835
2026-04-22T00:18:23,12.136695,-68.308243,-14.8,11.42,238.2,9,1.9,82.7,4.046,-4.4,0,1,41836
2026-04-22T00:18:52,12.135774,-68.309525,-3.7,11.38,233.4,9,1.5,83.0,4.045,-4.4,0,1,41837
2026-04-22T00:19:21,12.134717,-68.310661,2.6,11.56,228.7,8,1.1,83.2,4.045,-4.2,0,1,41838
2026-04-22T00:19:50,12.133497,-68.311844,12.4,11.13,220.6,9,1.5,83.0,4.046,-4.4,0,1,41839
2026-04-22T00:20:19,12.132288,-68.312904,10.0,11.44,221.2,8,1.5,83.2,4.046,-4.2,0,1,41840
2026-04-22T00:20:48,12.130881,-68.313721,23.2,12.47,213.5,10,1.1,83.2,4.048,-4.2,0,1,41841
2026-04-22T00:21:17,12.129418,-68.314423,21.7,11.65,206.1,10,1.1,83.4,4.048,-4.4,0,1,41842
2026-04-22T00:21:46,12.127938,-68.315140,21.9,12.11,207.1,10,1.1,83.5,4.049,-4.4,0,1,41843
2026-04-22T00:22:15,12.126483,-68.315918,28.3,12.34,207.8,11,1.1,83.5,4.049,-4.4,0,1,41844
2026-04-22T00:22:44,12.125027,-68.316605,28.2,11.94,206.1,11,1.1,83.7,4.051,-4.4,0,1,41845
2026-04-22T00:23:13,12.123533,-68.317329,25.3,11.66,208.8,11,1.1,84.2,4.051,-4.4,0,1,41846
2026-04-22T00:23:42,12.122044,-68.318047,31.9,12.56,205.7,10,1.1,84.0,4.051,2236.6,0,1,41847
2026-04-22T00:24:11,12.120588,-68.318817,29.5,11.68,208.3,10,1.1,84.0,4.052,-4.4,0,1,41848
2026-04-22T00:24:40,12.119077,-68.319542,24.4,12.05,206.3,11,1.1,84.3,4.052,-3.7,0,1,41849
2026-04-22T00:25:09,12.117608,-68.320274,24.6,12.76,205.3,10,1.0,84.0,4.054,-4.4,0,1,41850
2026-04-22T00:25:38,12.116100,-68.321014,32.3,11.99,201.1,11,1.1,84.0,4.054,-4.4,0,1,41851
2026-04-22T00:26:07,12.114594,-68.321739,27.8,12.54,202.9,10,1.0,84.0,4.055,-4.4,0,1,41852
2026-04-22T00:26:36,12.113145,-68.322502,22.1,12.02,207.3,11,1.1,84.2,4.055,-4.4,0,1,41853
2026-04-22T00:27:05,12.111609,-68.323212,19.2,11.43,208.4,11,1.1,84.3,4.056,-3.7,0,1,41854
2026-04-22T00:27:34,12.110117,-68.323982,22.6,12.03,201.5,10,1.3,84.6,4.056,-4.0,0,1,41855
2026-04-22T00:28:03,12.108606,-68.324432,19.5,10.00,191.5,11,1.0,84.3,4.059,-3.7,0,1,41856
2026-04-22T00:28:32,12.106983,-68.324753,25.6,13.28,189.7,11,1.1,84.6,4.056,-4.0,0,1,41857
2026-04-22T00:29:01,12.105370,-68.325005,17.1,13.14,190.5,10,1.1,84.8,4.057,-3.7,0,1,41858
2026-04-22T00:29:30,12.103793,-68.324944,3.1,11.31,179.5,9,1.3,84.8,4.060,-3.7,0,1,41859
2026-04-22T00:29:59,12.102232,-68.324905,-5.6,11.21,173.0,10,1.1,84.9,4.060,-4.0,0,1,41860
2026-04-22T00:30:28,12.100576,-68.324753,-5.1,12.24,178.2,10,1.1,85.1,4.060,-3.7,0,1,41861
2026-04-22T00:30:57,12.098948,-68.324631,-5.5,12.26,175.8,9,1.3,84.8,4.062,-3.7,0,1,41862
2026-04-22T00:31:26,12.097344,-68.324440,-6.2,11.81,174.1,10,1.1,85.2,4.061,-3.7,0,1,41863
2026-04-22T00:31:55,12.095712,-68.324242,-11.8,11.62,176.5,10,1.1,85.3,4.062,-4.0,0,1,41864
2026-04-22T00:32:24,12.094057,-68.324127,-9.3,12.71,171.5,9,1.3,85.2,4.062,-3.7,0,1,41865
2026-04-22T00:32:53,12.092375,-68.324036,-11.0,12.39,175.6,11,1.0,85.3,4.066,-4.0,0,1,41866
2026-04-22T00:33:22,12.090729,-68.323975,-13.2,12.15,179.3,9,1.4,85.5,4.065,-3.7,0,1,41867
2026-04-22T00:33:51,12.089064,-68.323845,-13.5,12.32,173.2,10,1.1,85.5,4.065,-3.7,0,1,41868
2026-04-22T00:34:20,12.087420,-68.323708,-9.2,12.53,175.9,10,1.1,85.6,4.066,-3.7,0,1,41869
2026-04-22T00:34:49,12.085744,-68.323532,-6.4,12.28,178.5,10,1.2,85.6,4.068,-3.7,0,1,41870
2026-04-22T00:35:18,12.084120,-68.323280,0.2,12.20,178.2,9,1.4,85.9,4.066,2287.4,0,1,41871
2026-04-22T00:35:47,12.082496,-68.323097,2.0,12.06,176.8,8,2.0,85.9,4.068,-3.7,0,1,41872
2026-04-22T00:36:16,12.080765,-68.322922,5.2,12.52,175.8,10,1.1,85.9,4.069,-3.7,0,1,41873
2026-04-22T00:36:45,12.079134,-68.322716,12.5,12.27,175.4,9,1.4,85.9,4.069,2287.4,0,1,41874
2026-04-22T00:37:14,12.077461,-68.322563,13.3,12.88,177.9,10,1.2,86.1,4.070,-4.0,0,1,41875
2026-04-22T00:37:43,12.075782,-68.322495,8.5,13.18,178.8,11,1.0,86.2,4.071,-3.7,0,1,41876
2026-04-22T00:38:12,12.074045,-68.322365,16.2,12.52,177.7,10,1.1,86.1,4.070,-4.0,0,1,41877
2026-04-22T00:38:41,12.072350,-68.322266,10.5,12.10,181.2,10,1.1,86.1,4.071,2291.1,0,1,41878
2026-04-22T00:39:10,12.070669,-68.322197,6.3,12.36,177.0,9,1.4,86.5,4.071,-4.0,0,1,41879
2026-04-22T00:39:39,12.068936,-68.322044,9.7,12.45,177.0,11,1.0,86.3,4.075,-3.7,0,1,41880
2026-04-22T00:40:08,12.067237,-68.321915,14.2,12.14,175.2,10,1.1,86.6,4.074,-3.7,0,1,41881
2026-04-22T00:40:37,12.065500,-68.321785,13.0,13.28,180.2,11,1.0,86.6,4.075,-3.7,0,1,41882
2026-04-22T00:41:06,12.063792,-68.321693,10.7,12.21,173.4,12,0.9,86.6,4.075,-3.7,0,1,41883
2026-04-22T00:41:35,12.062078,-68.321594,12.0,12.48,179.6,11,1.0,86.6,4.075,-3.7,0,1,41884
2026-04-22T00:42:04,12.060363,-68.321411,15.7,13.12,179.0,11,1.0,86.8,4.077,-3.7,0,1,41885
2026-04-22T00:42:33,12.058670,-68.321304,9.9,12.93,176.1,10,1.1,86.8,4.076,-3.7,0,1,41886
2026-04-22T00:43:02,12.056958,-68.321136,15.9,12.95,173.5,10,1.1,86.9,4.079,-4.0,0,1,41887
2026-04-22T00:43:31,12.055235,-68.321022,24.5,13.02,175.9,11,1.0,87.1,4.079,-3.7,0,1,41888
2026-04-22T00:44:00,12.053523,-68.320892,23.2,12.85,176.7,11,1.0,87.1,4.081,-3.7,0,1,41889
2026-04-22T00:44:29,12.051812,-68.320633,22.6,12.59,174.9,10,1.2,87.2,4.081,-4.0,0,1,41890
2026-04-22T00:44:58,12.050180,-68.320335,26.1,12.05,166.6,9,1.3,87.1,4.081,-3.7,0,1,41891
2026-04-22T00:45:27,12.048438,-68.320099,13.8,12.15,165.1,8,1.6,87.2,4.082,-4.0,0,1,41892
2026-04-22T00:45:56,12.046827,-68.319519,12.8,11.47,167.4,8,1.6,87.6,4.080,-4.0,0,1,41893
2026-04-22T00:46:25,12.045468,-68.318718,7.4,12.36,154.3,9,1.3,87.5,4.081,-3.7,0,1,41894
2026-04-22T00:46:54,12.043994,-68.317986,-14.5,12.26,150.6,8,1.6,87.5,4.084,-3.7,0,1,41895
2026-04-22T00:47:23,12.042617,-68.317085,-1.7,12.87,142.7,8,1.3,87.5,4.086,-3.7,0,1,41896
2026-04-22T00:47:52,12.041293,-68.316048,-1.5,11.58,140.5,9,1.3,87.8,4.084,-3.7,0,1,41897
2026-04-22T00:48:21,12.040075,-68.314873,-5.2,11.83,137.3,9,1.3,87.8,4.084,-3.7,0,1,41898
2026-04-22T00:48:50,12.038798,-68.313721,-4.6,11.64,138.9,9,1.3,87.6,4.085,-4.0,0,1,41899
2026-04-22T00:49:19,12.037579,-68.312592,-8.1,12.82,138.2,10,1.1,87.8,4.086,-3.7,0,1,41900
2026-04-22T00:49:48,12.036337,-68.311523,-16.6,11.56,139.2,10,1.1,87.9,4.088,-3.7,0,1,41901
2026-04-22T00:50:17,12.035028,-68.310455,-14.9,12.10,142.3,10,1.1,88.2,4.089,-3.7,0,1,41902
2026-04-22T00:50:46,12.033757,-68.309334,-11.6,12.23,139.4,10,1.1,88.1,4.088,-4.0,0,1,41903
2026-04-22T00:51:15,12.032478,-68.308205,-16.5,12.21,142.3,10,1.1,88.2,4.089,-3.7,0,1,41904
2026-04-22T00:51:44,12.031213,-68.307037,-4.4,12.42,138.3,10,1.1,88.4,4.090,-4.0,0,1,41905
2026-04-22T00:52:13,12.029949,-68.305763,2.2,12.52,136.4,10,1.3,88.2,4.091,-3.7,0,1,41906
2026-04-22T00:52:42,12.028774,-68.304573,10.4,11.40,137.0,10,1.1,88.4,4.090,-4.0,0,1,41907
2026-04-22T00:53:11,12.027465,-68.303429,8.6,12.35,136.9,10,1.1,88.5,4.094,-3.7,0,1,41908
2026-04-22T00:53:40,12.026203,-68.302277,10.3,12.52,138.3,10,1.1,88.5,4.094,-3.7,0,1,41909
2026-04-22T00:54:09,12.024936,-68.301178,20.7,12.61,137.1,10,1.1,88.6,4.093,-4.2,0,1,41910
2026-04-22T00:54:38,12.023693,-68.300285,6.4,13.12,138.1,9,1.3,88.8,4.095,-4.2,0,1,41911
2026-04-22T00:55:07,12.022429,-68.299263,3.6,12.03,138.6,10,1.1,89.0,4.095,-4.4,0,1,41912
2026-04-22T00:55:36,12.021182,-68.298256,4.1,11.96,139.1,10,1.1,89.0,4.096,-4.4,0,1,41913
2026-04-22T00:56:05,12.019931,-68.297119,6.9,11.72,139.0,10,1.1,89.0,4.096,-4.4,0,1,41914
2026-04-22T00:56:34,12.018703,-68.296074,5.8,11.28,140.7,9,1.4,89.1,4.096,-4.2,0,1,41915
2026-04-22T00:57:03,12.017525,-68.294945,9.0,11.59,139.6,10,1.1,89.4,4.099,-4.2,0,1,41916
2026-04-22T00:57:32,12.016321,-68.293861,11.6,11.48,140.1,10,1.1,89.1,4.099,-4.2,0,1,41917
2026-04-22T00:58:01,12.015140,-68.292686,7.7,12.06,140.4,11,1.0,89.3,4.097,-4.2,0,1,41918
2026-04-22T00:58:30,12.013905,-68.291649,-2.9,11.44,142.4,10,1.2,89.9,4.100,2393.7,0,1,41919
2026-04-22T00:58:59,12.012698,-68.290642,-6.8,11.49,142.1,10,1.2,89.6,4.101,-4.4,0,1,41920
2026-04-22T00:59:28,12.011461,-68.289597,-12.1,11.63,139.9,11,1.0,89.4,4.100,-4.2,0,1,41921
2026-04-22T00:59:57,12.010299,-68.288567,-14.8,11.87,139.0,11,1.0,89.7,4.100,-4.2,0,1,41922
2026-04-22T01:00:26,12.009117,-68.287514,-10.1,11.52,138.5,11,1.0,90.1,4.104,-4.2,0,1,41923
2026-04-22T01:00:55,12.007905,-68.286476,-2.2,11.53,141.7,10,1.2,90.1,4.102,-4.2,0,1,41924
2026-04-22T01:01:24,12.006703,-68.285423,3.3,11.64,138.6,10,1.1,89.9,4.104,-4.2,0,1,41925
2026-04-22T01:01:53,12.005560,-68.284363,9.6,11.48,142.3,11,1.0,90.2,4.104,-4.4,0,1,41926
2026-04-22T01:02:22,12.004311,-68.283340,7.5,12.03,142.9,11,1.0,90.2,4.104,-4.4,0,1,41927
2026-04-22T01:02:51,12.003163,-68.282257,13.1,10.83,136.4,10,1.2,90.7,4.105,-4.2,0,1,41928
2026-04-22T01:03:20,12.001997,-68.281181,4.3,11.67,133.3,11,1.0,90.4,4.106,-4.2,0,1,41929
2026-04-22T01:03:49,12.000748,-68.280067,-4.6,12.02,132.3,10,1.2,90.5,4.108,-4.2,0,1,41930
2026-04-22T01:04:18,11.999704,-68.279076,-7.5,11.46,129.8,9,1.4,90.9,4.108,-4.4,0,1,41931
2026-04-22T01:04:47,11.998763,-68.277855,-14.3,11.59,125.8,9,1.2,90.5,4.109,-4.2,0,1,41932
2026-04-22T01:05:16,11.997963,-68.276382,-11.7,11.18,119.9,9,1.1,90.7,4.110,-4.2,0,1,41933
2026-04-22T01:05:45,11.997452,-68.275101,-22.2,9.10,115.3,8,1.6,90.9,4.110,-4.4,0,1,41934
2026-04-22T01:06:14,11.997064,-68.273697,-14.2,9.72,101.7,8,1.6,90.9,4.110,-4.4,0,1,41935
2026-04-22T01:06:43,11.996582,-68.272278,-16.5,10.61,104.9,9,1.3,91.0,4.111,-4.2,0,1,41936
2026-04-22T01:07:12,11.996144,-68.270798,-4.6,10.99,107.6,9,1.3,91.0,4.110,-4.2,0,1,41937
2026-04-22T01:07:41,11.995660,-68.269348,-0.4,10.88,107.4,9,1.3,91.2,4.113,-4.2,0,1,41938
2026-04-22T01:08:10,11.995157,-68.267883,-3.6,12.22,106.4,9,1.3,91.3,4.113,-4.2,0,1,41939
2026-04-22T01:08:39,11.994663,-68.266403,1.7,10.87,110.3,8,1.7,91.2,4.114,-4.2,0,1,41940
2026-04-22T01:09:08,11.994139,-68.264977,0.3,11.59,112.4,8,1.7,91.5,4.115,-4.4,0,1,41941
2026-04-22T01:09:37,11.993587,-68.263519,0.0,11.61,111.0,8,1.7,91.6,4.116,2440.0,0,1,41942
2026-04-22T01:10:06,11.993154,-68.262032,2.3,11.36,111.2,9,1.3,91.5,4.115,-4.4,0,1,41943
2026-04-22T01:10:35,11.992607,-68.260582,2.8,11.13,106.8,8,1.7,91.6,4.116,-4.2,0,1,41944
2026-04-22T01:11:04,11.992047,-68.259094,-4.0,11.22,112.8,9,1.3,91.8,4.117,-4.2,0,1,41945
2026-04-22T01:11:33,11.991548,-68.257660,-15.2,12.17,110.8,9,1.3,91.8,4.117,-4.2,0,1,41946
2026-04-22T01:12:02,11.991038,-68.256104,-10.8,11.79,111.3,8,1.8,92.0,4.119,-4.2,0,1,41947
2026-04-22T01:12:31,11.990730,-68.254608,4.5,11.06,105.3,9,1.3,91.8,4.117,-4.2,0,1,41948
2026-04-22T01:13:00,11.990560,-68.253082,24.5,11.32,104.9,8,1.5,92.3,4.121,-4.2,0,1,41949
2026-04-22T01:13:29,11.990400,-68.251541,21.6,10.58,100.2,8,1.5,92.1,4.122,-4.4,0,1,41950
2026-04-22T01:13:58,11.990132,-68.250084,15.5,10.63,96.0,8,2.0,92.1,4.121,-4.4,0,1,41951
2026-04-22T01:14:27,11.990075,-68.248650,5.9,10.50,84.7,9,1.4,92.4,4.124,-4.2,0,1,41952
2026-04-22T01:14:56,11.990048,-68.247139,1.3,10.03,96.3,8,1.9,92.6,4.124,-4.2,0,1,41953
2026-04-22T01:15:25,11.989835,-68.245621,-30.9,10.35,89.9,9,1.4,92.6,4.124,-4.2,0,1,41954
2026-04-22T01:15:54,11.990287,-68.244110,-25.1,11.47,74.7,9,1.4,92.8,4.125,-4.4,0,1,41955
2026-04-22T01:16:23,11.990610,-68.242599,-31.8,10.43,69.2,9,1.4,92.9,4.125,-4.2,0,1,41956
2026-04-22T01:16:52,11.991282,-68.241211,-24.2,11.88,67.6,9,1.4,92.9,4.125,-4.2,0,1,41957
2026-04-22T01:17:21,11.991851,-68.239769,-20.9,11.39,65.0,9,1.4,92.9,4.126,2473.7,0,1,41958
2026-04-22T01:17:50,11.992414,-68.238281,-8.4,10.18,68.2,10,1.3,93.1,4.129,-4.2,0,1,41959
2026-04-22T01:18:19,11.992969,-68.236839,2.4,11.35,73.4,10,1.3,93.1,4.129,-4.2,0,1,41960
2026-04-22T01:18:48,11.993548,-68.235352,5.0,10.88,72.5,10,1.7,93.1,4.130,-4.2,0,1,41961
2026-04-22T01:19:17,11.994059,-68.233917,9.8,10.78,68.5,11,1.3,93.2,4.131,-4.2,0,1,41962
2026-04-22T01:19:46,11.994552,-68.232483,13.4,9.83,70.3,10,1.4,93.4,4.130,-4.4,0,1,41963
2026-04-22T01:20:15,11.994997,-68.230972,9.6,10.26,71.3,11,1.3,93.5,4.131,-4.2,0,1,41964
2026-04-22T01:20:44,11.995454,-68.229546,8.9,10.97,71.4,10,1.6,93.5,4.131,-4.2,0,1,41965
2026-04-22T01:21:13,11.996072,-68.228157,12.7,11.29,70.7,11,1.2,93.7,4.133,-4.2,0,1,41966
2026-04-22T01:21:42,11.996615,-68.226723,11.8,10.64,72.2,10,1.6,93.9,4.134,-4.2,0,1,41967
2026-04-22T01:22:11,11.997115,-68.225319,9.4,10.97,73.7,10,1.6,93.9,4.135,-4.2,0,1,41968
2026-04-22T01:22:40,11.997627,-68.223900,5.2,11.32,68.7,10,1.6,93.9,4.136,-4.2,0,1,41969
2026-04-22T01:23:09,11.998144,-68.222488,6.4,11.24,73.5,10,1.6,93.9,4.134,-4.2,0,1,41970
2026-04-22T01:23:38,11.998715,-68.221069,4.1,10.96,63.8,10,1.6,94.0,4.137,-4.4,0,1,41971
2026-04-22T01:24:07,11.999248,-68.219666,4.3,11.66,71.5,10,1.6,94.2,4.136,-4.2,0,1,41972
2026-04-22T01:24:36,11.999734,-68.218208,0.8,11.31,66.4,10,1.6,94.3,4.137,-4.2,0,1,41973
2026-04-22T01:25:05,12.000277,-68.216759,4.7,11.56,65.6,10,1.6,94.2,4.137,-4.2,0,1,41974
2026-04-22T01:25:34,12.000802,-68.215324,7.5,11.31,73.0,12,1.0,94.5,4.140,-4.2,0,1,41975
2026-04-22T01:26:03,12.001350,-68.213898,6.0,11.76,67.3,12,1.0,94.5,4.139,-4.2,0,1,41976
2026-04-22T01:26:32,12.001844,-68.212456,5.8,10.89,67.5,10,1.6,94.8,4.141,-4.2,0,1,41977
2026-04-22T01:27:01,12.002326,-68.210991,5.0,11.15,72.0,9,1.6,94.8,4.140,-4.2,0,1,41978
2026-04-22T01:27:30,12.002827,-68.209518,0.5,11.79,68.5,10,1.6,94.7,4.142,-4.4,0,1,41979
2026-04-22T01:27:59,12.003382,-68.208099,2.3,11.05,63.1,10,1.6,94.8,4.144,-4.2,0,1,41980
2026-04-22T01:28:28,12.003914,-68.206650,3.2,10.73,72.1,11,1.2,95.0,4.144,-4.2,0,1,41981
2026-04-22T01:28:57,12.004465,-68.205215,2.9,11.24,64.4,10,1.6,95.0,4.145,-4.2,0,1,41982
2026-04-22T01:29:26,12.005003,-68.203735,6.5,11.48,67.5,11,1.2,95.1,4.146,-4.2,0,1,41983
2026-04-22T01:29:55,12.005477,-68.202271,3.6,10.53,67.6,13,1.0,95.4,4.146,-4.2,0,1,41984
2026-04-22T01:30:24,12.005937,-68.200821,-0.4,10.71,73.5,12,1.1,95.4,4.148,-4.2,0,1,41985
2026-04-22T01:30:53,12.006554,-68.199356,-6.2,10.91,71.0,12,1.1,95.4,4.146,-4.2,0,1,41986
2026-04-22T01:31:22,12.007071,-68.197891,2.0,11.64,64.9,11,1.4,95.4,4.148,-4.2,0,1,41987
2026-04-22T01:31:51,12.007608,-68.196449,-0.2,11.88,63.5,10,1.5,95.4,4.149,-4.2,0,1,41988
2026-04-22T01:32:20,12.008085,-68.194977,-3.5,11.43,68.2,12,1.1,95.6,4.149,-4.2,0,1,41989
2026-04-22T01:32:49,12.008574,-68.193474,-5.7,11.50,67.5,13,1.0,95.8,4.150,-4.2,0,1,41990
2026-04-22T01:33:18,12.009113,-68.192032,-4.6,11.60,70.4,12,1.1,95.9,4.151,2553.6,0,1,41991
2026-04-22T01:33:47,12.009684,-68.190536,-4.1,11.88,69.0,12,1.1,96.2,4.151,-4.2,0,1,41992
2026-04-22T01:34:16,12.010130,-68.189064,-6.6,11.29,72.3,11,1.4,96.2,4.151,-4.2,0,1,41993
2026-04-22T01:34:45,12.010563,-68.187599,-16.1,10.63,62.0,11,1.4,96.4,4.154,-4.2,0,1,41994
2026-04-22T01:35:14,12.011135,-68.186089,-9.5,11.49,70.9,11,1.4,96.2,4.153,-4.2,0,1,41995
2026-04-22T01:35:43,12.011697,-68.184586,-10.0,11.45,67.4,11,1.1,96.6,4.154,-4.4,0,1,41996
2026-04-22T01:36:12,12.012261,-68.183075,-0.2,11.99,67.1,12,1.1,96.6,4.156,-4.4,0,1,41997
2026-04-22T01:36:41,12.012778,-68.181625,-4.0,12.09,70.1,10,2.1,96.6,4.157,-4.4,0,1,41998
2026-04-22T01:37:10,12.013288,-68.180138,-2.0,11.48,72.9,12,1.0,97.0,4.156,-4.2,0,1,41999
2026-04-22T01:37:39,12.013834,-68.178665,-7.7,10.93,72.0,11,1.4,96.7,4.157,-4.2,0,1,42000
2026-04-22T01:38:08,12.014388,-68.177162,-6.8,11.68,72.6,12,1.0,97.2,4.159,-4.4,0,1,42001
2026-04-22T01:38:37,12.014965,-68.175690,-4.2,11.62,65.7,11,1.4,97.2,4.157,-4.4,0,1,42002
2026-04-22T01:39:06,12.015537,-68.174217,-4.6,11.90,66.7,12,1.0,97.3,4.157,-4.2,0,1,42003
2026-04-22T01:39:35,12.016148,-68.172714,9.6,11.83,67.2,11,1.3,97.0,4.161,-4.2,0,1,42004
2026-04-22T01:40:04,12.016600,-68.171181,-0.2,11.87,72.1,12,1.0,97.2,4.161,-4.4,0,1,42005
2026-04-22T01:40:33,12.017160,-68.169716,-11.8,11.16,68.1,12,1.1,97.3,4.161,-4.2,0,1,42006
2026-04-22T01:41:02,12.017656,-68.168243,-10.0,11.05,69.4,13,1.0,97.5,4.161,2595.8,0,1,42007
2026-04-22T01:41:31,12.018188,-68.166725,-5.4,12.16,70.1,11,1.3,97.5,4.162,-4.2,0,1,42008
2026-04-22T01:42:00,12.018740,-68.165237,-4.5,12.33,69.4,11,1.3,97.5,4.166,-4.2,0,1,42009
2026-04-22T01:42:29,12.019306,-68.163734,-4.3,12.22,65.7,12,1.0,97.8,4.165,-4.4,0,1,42010
2026-04-22T01:42:58,12.019785,-68.162262,-7.2,11.24,71.7,10,2.1,98.1,4.165,-4.2,0,1,42011
2026-04-22T01:43:27,12.020394,-68.160744,-6.5,11.82,72.2,10,2.1,98.1,4.166,-4.2,0,1,42012
2026-04-22T01:43:56,12.020905,-68.159233,-9.6,11.63,74.7,11,1.3,98.0,4.168,-4.2,0,1,42013
2026-04-22T01:44:25,12.021482,-68.157738,-4.5,12.51,75.7,12,1.0,98.3,4.168,-4.2,0,1,42014
2026-04-22T01:44:54,12.021930,-68.156235,-7.5,11.20,79.3,10,2.1,98.3,4.168,-4.2,0,1,42015
2026-04-22T01:45:23,12.022530,-68.154724,-4.6,11.22,72.9,10,1.1,98.1,4.168,-4.2,0,1,42016
2026-04-22T01:45:52,12.023042,-68.153198,-0.8,11.43,75.7,9,2.5,98.1,4.170,-4.2,0,1,42017
2026-04-22T01:46:21,12.023539,-68.151718,1.2,11.63,71.3,10,1.3,98.4,4.173,-4.4,0,1,42018
2026-04-22T01:46:50,12.024117,-68.150185,-3.2,11.68,71.5,9,2.5,98.6,4.171,-4.2,0,1,42019
2026-04-22T01:47:19,12.024622,-68.148720,-8.8,10.94,70.8,10,1.1,98.6,4.173,-4.2,0,1,42020
2026-04-22T01:47:48,12.025218,-68.147224,-6.2,11.21,64.9,11,1.0,98.8,4.174,-4.2,0,1,42021
2026-04-22T01:48:17,12.025719,-68.145737,-8.7,11.56,71.2,9,1.4,98.9,4.174,-4.2,0,1,42022
2026-04-22T01:48:46,12.026251,-68.144218,-6.7,11.52,71.4,10,1.1,98.9,4.175,-4.2,0,1,42023
2026-04-22T01:49:15,12.026776,-68.142693,-8.3,13.09,75.5,10,1.3,99.2,4.177,-4.2,0,1,42024
2026-04-22T01:49:44,12.027325,-68.141182,-9.3,11.50,78.9,10,1.3,99.1,4.176,-4.4,0,1,42025
2026-04-22T01:50:13,12.027917,-68.139694,-8.0,11.90,72.2,9,2.4,99.4,4.176,-4.2,0,1,42026
2026-04-22T01:50:42,12.028395,-68.138168,-12.3,11.38,69.3,11,1.0,99.6,4.179,-4.2,0,1,42027
2026-04-22T01:51:11,12.029033,-68.136620,-8.8,12.39,68.5,11,1.0,99.6,4.177,-4.2,0,1,42028
2026-04-22T01:51:40,12.029582,-68.135132,-16.1,12.09,62.7,11,1.0,99.6,4.179,-4.2,0,1,42029
2026-04-22T01:52:09,12.030085,-68.133591,-20.9,11.77,69.3,10,1.1,99.7,4.180,-4.4,0,1,42030
2026-04-22T01:52:38,12.030551,-68.132057,-16.1,10.86,67.9,8,2.4,99.6,4.180,-4.2,0,1,42031
2026-04-22T01:53:07,12.031135,-68.130531,-13.1,11.91,66.9,10,1.3,100.0,4.181,-4.2,0,1,42032
2026-04-22T01:53:36,12.031738,-68.129013,-20.9,11.86,67.8,10,1.1,100.0,4.182,-4.2,0,1,42033
2026-04-22T01:54:05,12.032074,-68.127472,-25.1,11.45,73.7,10,1.2,100.0,4.184,-4.2,0,1,42034
2026-04-22T01:54:34,12.032619,-68.125961,-23.8,11.53,77.2,11,1.0,100.2,4.184,-4.2,0,1,42035
2026-04-22T01:55:03,12.033186,-68.124451,-24.9,11.06,75.5,10,1.2,100.2,4.184,-4.2,0,1,42036
2026-04-22T01:55:32,12.033752,-68.122932,-20.9,12.47,67.3,11,0.9,100.3,4.186,-4.4,0,1,42037
2026-04-22T01:56:01,12.034248,-68.121399,-19.9,11.32,73.7,10,1.2,100.3,4.186,-4.4,0,1,42038
2026-04-22T01:56:30,12.034790,-68.119888,-23.6,11.48,82.1,10,1.2,100.5,4.185,-4.2,0,1,42039
2026-04-22T01:56:59,12.035420,-68.118408,-26.9,11.20,62.5,9,1.2,100.7,4.189,-4.2,0,1,42040
2026-04-22T01:57:28,12.035812,-68.116890,-31.7,10.69,75.9,7,2.8,100.7,4.189,-4.2,0,1,42041
2026-04-22T01:57:57,12.036408,-68.115372,-33.6,12.06,69.5,10,1.2,100.8,4.187,-4.2,0,1,42042
2026-04-22T01:58:26,12.037073,-68.113861,-24.0,11.79,65.0,9,1.3,101.0,4.189,-4.4,0,1,42043
2026-04-22T01:58:55,12.037677,-68.112267,-15.0,11.15,68.9,9,1.3,101.0,4.190,-4.4,0,1,42044
2026-04-22T01:59:24,12.038186,-68.110764,-5.6,11.61,73.4,9,1.3,101.1,4.193,-4.2,0,1,42045
2026-04-22T01:59:53,12.038864,-68.109222,-7.4,11.36,69.4,7,3.0,101.1,4.193,-4.2,0,1,42046
2026-04-22T02:00:22,12.039433,-68.107697,-9.2,11.78,66.0,9,2.7,101.5,4.193,-4.2,0,1,42047
2026-04-22T02:00:51,12.039873,-68.106155,-10.3,11.44,67.6,10,1.3,101.6,4.194,-4.4,0,1,42048
2026-04-22T02:01:20,12.040330,-68.104614,-13.1,11.51,74.7,9,1.4,101.8,4.196,-4.2,0,1,42049
2026-04-22T02:01:49,12.040971,-68.103088,-17.6,12.48,67.1,9,1.3,101.6,4.196,-4.4,0,1,42050
2026-04-22T02:02:18,12.041430,-68.101540,-18.7,12.12,72.4,9,2.7,101.8,4.198,-4.2,0,1,42051
2026-04-22T02:02:47,12.042050,-68.099991,-21.8,11.98,75.7,9,1.3,101.8,4.198,-4.2,0,1,42052
2026-04-22T02:03:16,12.042619,-68.098434,-17.0,12.24,79.4,8,3.0,101.9,4.199,-4.2,0,1,42053
2026-04-22T02:03:45,12.043177,-68.096893,-8.7,12.36,69.1,10,1.2,102.1,4.199,-4.2,0,1,42054
2026-04-22T02:04:14,12.043760,-68.095299,-9.4,12.46,72.3,8,3.0,102.2,4.201,-4.4,0,1,42055
2026-04-22T02:04:43,12.044358,-68.093758,-14.3,12.37,72.5,9,1.2,102.7,4.200,-4.2,0,1,42056
2026-04-22T02:05:12,12.044864,-68.092194,-5.9,12.87,79.9,9,1.3,102.2,4.199,-4.4,0,1,42057
2026-04-22T02:05:41,12.045512,-68.090645,-2.9,11.91,70.7,9,1.2,102.6,4.202,-4.2,0,1,42058
2026-04-22T02:06:10,12.046035,-68.089096,2.6,12.21,70.3,9,1.2,102.6,4.204,-4.2,0,1,42059
2026-04-22T02:06:39,12.046592,-68.087517,0.2,12.37,73.0,9,1.2,102.6,4.204,-4.2,0,1,42060
2026-04-22T02:07:08,12.047142,-68.085937,-0.3,11.21,77.8,8,2.8,103.0,4.205,-4.2,0,1,42061
2026-04-22T02:07:37,12.047792,-68.084381,0.6,13.05,77.2,10,1.1,103.2,4.206,-4.2,0,1,42062
2026-04-22T02:08:06,12.048393,-68.082809,6.9,12.24,66.3,10,1.1,102.9,4.207,-4.4,0,1,42063
2026-04-22T02:08:35,12.048915,-68.081215,-2.3,12.29,69.0,8,2.8,103.0,4.207,-4.2,0,1,42064
2026-04-22T02:09:04,12.049398,-68.079636,-6.3,12.14,80.0,10,1.1,103.4,4.207,-4.2,0,1,42065
2026-04-22T02:09:33,12.049951,-68.078064,0.5,12.81,73.3,10,1.1,103.4,4.211,-4.2,0,1,42066
2026-04-22T02:10:02,12.050640,-68.076538,-3.7,11.88,67.7,8,2.7,103.5,4.210,-4.4,0,1,42067
2026-04-22T02:10:31,12.051188,-68.074966,-5.4,12.13,82.8,9,2.4,103.5,4.211,2755.8,0,1,42068
2026-04-22T02:11:00,12.051717,-68.073380,-4.7,11.34,73.4,10,1.1,103.7,4.211,-4.2,0,1,42069
2026-04-22T02:11:29,12.052194,-68.071793,2.6,11.00,75.7,10,2.0,103.8,4.213,-4.2,0,1,42070
2026-04-22T02:11:58,12.052876,-68.070274,-0.4,11.94,71.2,9,2.2,104.0,4.211,-4.2,0,1,42071
2026-04-22T02:12:27,12.053500,-68.068733,0.1,10.81,77.7,10,1.1,103.8,4.213,-4.2,0,1,42072
2026-04-22T02:12:56,12.054241,-68.067169,0.0,12.11,72.5,11,1.0,103.7,4.215,-4.2,0,1,42073
2026-04-22T02:13:25,12.054885,-68.065636,6.2,12.05,69.3,9,2.2,104.0,4.213,-4.2,0,1,42074
2026-04-22T02:13:54,12.055505,-68.064171,11.9,11.01,68.8,10,1.1,104.0,4.213,2768.5,0,1,42075
2026-04-22T02:14:23,12.056015,-68.062622,14.6,11.94,74.8,11,1.0,104.0,4.213,-4.2,0,1,42076
2026-04-22T02:14:52,12.056545,-68.061066,10.4,12.30,69.7,9,2.1,103.8,4.214,-4.2,0,1,42077
2026-04-22T02:15:21,12.057003,-68.059479,8.5,12.11,76.1,9,2.1,103.8,4.213,-4.2,0,1,42078
2026-04-22T02:15:50,12.057735,-68.057884,7.3,12.09,67.7,11,1.0,103.8,4.214,-4.2,0,1,42079
2026-04-22T02:16:19,12.058167,-68.056381,13.6,12.12,70.2,9,2.1,104.1,4.215,-4.4,0,1,42080
2026-04-22T02:16:48,12.058610,-68.054817,10.8,11.08,81.9,10,1.1,104.3,4.213,-4.2,0,1,42081
2026-04-22T02:17:17,12.059115,-68.053246,8.1,11.28,71.5,9,2.0,104.0,4.214,-4.2,0,1,42082
2026-04-22T02:17:46,12.059762,-68.051682,6.4,12.45,71.7,8,2.6,104.1,4.214,-4.4,0,1,42083
2026-04-22T02:18:15,12.060265,-68.050140,9.4,12.45,71.0,10,1.1,104.3,4.214,-4.2,0,1,42084
2026-04-22T02:18:44,12.060872,-68.048615,7.0,11.57,69.7,9,1.5,104.1,4.214,-4.4,0,1,42085
2026-04-22T02:19:13,12.061354,-68.047081,13.4,11.35,71.6,8,3.3,104.3,4.214,-4.2,0,1,42086
2026-04-22T02:19:42,12.061893,-68.045555,7.2,10.93,67.5,8,2.5,104.1,4.214,-4.4,0,1,42087
2026-04-22T02:20:11,12.062435,-68.044022,8.2,12.01,74.7,9,2.0,104.3,4.215,-4.2,0,1,42088
2026-04-22T02:20:40,12.062955,-68.042480,9.4,11.48,69.7,8,2.5,104.1,4.215,-4.4,0,1,42089
2026-04-22T02:21:09,12.063570,-68.040962,10.2,10.48,67.1,8,2.5,104.0,4.215,-4.2,0,1,42090
2026-04-22T02:21:38,12.064065,-68.039421,9.2,11.85,71.8,10,1.6,104.1,4.216,-4.4,0,1,42091
2026-04-22T02:22:07,12.064625,-68.037872,9.2,11.66,66.5,8,2.4,104.1,4.215,-4.4,0,1,42092
2026-04-22T02:22:36,12.065302,-68.036377,13.9,12.81,67.4,8,2.4,104.1,4.216,-4.4,0,1,42093
2026-04-22T02:23:05,12.065880,-68.034851,21.6,12.22,70.0,10,1.6,104.1,4.214,-4.4,0,1,42094
2026-04-22T02:23:34,12.066350,-68.033302,21.4,11.90,69.0,8,2.4,104.1,4.216,-4.4,0,1,42095
2026-04-22T02:24:03,12.066918,-68.031715,24.4,12.28,66.6,9,1.7,104.1,4.218,-4.4,0,1,42096
2026-04-22T02:24:32,12.067463,-68.030197,13.2,11.57,71.0,8,2.3,104.1,4.216,-4.4,0,1,42097
2026-04-22T02:25:01,12.067985,-68.028618,5.5,12.68,64.8,9,1.7,104.1,4.216,-4.4,0,1,42098
2026-04-22T02:25:30,12.068557,-68.027031,4.4,11.59,72.0,9,1.7,104.5,4.216,-4.2,0,1,42099
2026-04-22T02:25:59,12.069183,-68.025452,1.1,12.14,70.6,9,1.7,104.1,4.214,-4.4,0,1,42100
2026-04-22T02:26:28,12.069861,-68.023888,-0.1,13.19,66.2,8,2.3,104.3,4.215,-4.2,0,1,42101
2026-04-22T02:26:57,12.070410,-68.022316,-3.3,12.07,69.2,10,1.6,104.3,4.215,-4.2,0,1,42102
2026-04-22T02:27:26,12.070920,-68.020775,2.3,11.56,69.6,9,1.7,104.3,4.216,-4.2,0,1,42103
2026-04-22T02:27:55,12.071520,-68.019196,5.8,12.72,66.1,9,1.7,104.3,4.214,-4.2,0,1,42104
2026-04-22T02:28:24,12.071928,-68.017654,2.0,11.82,69.4,8,2.2,104.3,4.215,-4.2,0,1,42105
2026-04-22T02:28:53,12.072472,-68.016106,0.7,12.34,69.2,8,1.7,104.3,4.215,-4.2,0,1,42106
2026-04-22T02:29:22,12.072958,-68.014557,2.9,11.57,79.2,9,1.8,104.3,4.215,-4.2,0,1,42107
2026-04-22T02:29:51,12.073517,-68.013008,-0.1,11.80,72.4,8,2.1,104.3,4.216,-4.2,0,1,42108
2026-04-22T02:30:20,12.073991,-68.011444,-4.2,11.86,74.4,9,1.6,104.3,4.216,-4.2,0,1,42109
2026-04-22T02:30:49,12.074612,-68.009880,-7.8,12.21,66.6,9,1.6,104.1,4.218,-4.4,0,1,42110
2026-04-22T02:31:18,12.075049,-68.008316,-9.8,11.56,68.9,8,2.1,104.1,4.218,-4.4,0,1,42111
2026-04-22T02:31:47,12.075569,-68.006699,-16.9,12.65,69.7,8,2.6,104.1,4.216,-4.4,0,1,42112
2026-04-22T02:32:16,12.076140,-68.005142,-18.0,12.90,67.2,9,1.6,104.5,4.216,2781.2,0,1,42113
2026-04-22T02:32:45,12.076663,-68.003601,-22.5,11.27,64.8,8,2.0,104.3,4.218,-4.2,0,1,42114
2026-04-22T02:33:14,12.077119,-68.002007,-27.1,11.65,72.1,8,2.0,104.5,4.218,-4.2,0,1,42115
2026-04-22T02:33:43,12.077719,-68.000381,-32.0,12.56,79.0,9,1.6,104.3,4.218,-4.2,0,1,42116
2026-04-22T02:34:12,12.078328,-67.998848,-33.7,10.96,69.7,9,1.6,104.5,4.218,-4.2,0,1,42117
2026-04-22T02:34:41,12.078806,-67.997322,-49.9,11.15,78.6,9,1.6,104.1,4.218,-4.4,0,1,42118
2026-04-22T02:35:10,12.079251,-67.995766,-42.3,11.34,81.3,9,1.6,104.5,4.216,-4.2,0,1,42119
2026-04-22T02:35:39,12.079973,-67.994240,-38.8,12.34,72.2,8,2.0,104.5,4.215,-4.2,0,1,42120
2026-04-22T02:36:08,12.080544,-67.992744,-23.1,11.57,74.5,9,1.6,104.3,4.219,-4.2,0,1,42121
2026-04-22T02:36:37,12.081184,-67.991188,-22.2,12.36,67.1,9,1.6,104.5,4.216,-4.2,0,1,42122
2026-04-22T02:37:06,12.081779,-67.989624,-21.5,11.08,67.2,9,1.6,104.6,4.218,-4.2,0,1,42123
2026-04-22T02:37:35,12.082353,-67.988068,-16.9,12.15,66.1,9,1.6,104.3,4.218,-4.2,0,1,42124
2026-04-22T02:38:04,12.082990,-67.986511,-18.3,12.05,64.6,9,1.6,104.6,4.218,-4.2,0,1,42125
2026-04-22T02:38:33,12.083508,-67.984955,-15.2,11.73,70.8,9,1.6,104.8,4.218,-4.4,0,1,42126
2026-04-22T02:39:02,12.084122,-67.983398,-10.7,12.45,66.0,9,1.6,104.5,4.218,-4.2,0,1,42127
2026-04-22T02:39:31,12.084679,-67.981857,-13.1,11.39,64.0,9,1.6,104.3,4.216,-4.2,0,1,42128
2026-04-22T02:40:00,12.085247,-67.980286,-17.5,12.34,67.8,8,1.9,104.5,4.218,-4.2,0,1,42129
2026-04-22T02:40:29,12.085755,-67.978760,-16.4,11.79,66.5,9,1.6,104.3,4.216,-4.2,0,1,42130
2026-04-22T02:40:58,12.086326,-67.977226,-16.4,12.52,66.6,9,1.6,104.5,4.218,-4.2,0,1,42131
2026-04-22T02:41:27,12.086879,-67.975662,-18.9,12.15,67.8,10,1.1,104.3,4.219,-4.2,0,1,42132
2026-04-22T02:41:56,12.087525,-67.974136,-17.2,13.04,70.6,9,1.6,104.6,4.218,-4.2,0,1,42133
2026-04-22T02:42:25,12.088052,-67.972595,-11.6,10.97,72.1,9,1.5,104.6,4.216,-4.2,0,1,42134
2026-04-22T02:42:54,12.088624,-67.971062,-18.6,11.98,63.9,9,1.5,104.5,4.218,-4.2,0,1,42135
2026-04-22T02:43:23,12.089175,-67.969467,-14.5,12.58,71.0,8,1.8,104.3,4.216,-4.2,0,1,42136
2026-04-22T02:43:52,12.089700,-67.967934,-11.6,11.64,67.3,9,1.5,104.6,4.218,-4.2,0,1,42137
2026-04-22T02:44:21,12.090334,-67.966415,-19.5,12.23,71.1,9,1.5,104.6,4.216,-4.2,0,1,42138
2026-04-22T02:44:50,12.090881,-67.964890,-20.0,10.72,69.4,9,1.5,104.5,4.218,-4.2,0,1,42139
2026-04-22T02:45:19,12.091403,-67.963387,-23.5,10.82,69.9,6,1.9,104.8,4.218,-4.4,0,1,42140
2026-04-22T02:45:48,12.091969,-67.961800,-17.4,11.70,71.7,7,1.6,104.5,4.216,-4.2,0,1,42141
2026-04-22T02:46:17,12.092550,-67.960281,-14.6,11.69,70.3,8,1.3,104.5,4.219,-4.2,0,1,42142
2026-04-22T02:46:46,12.093089,-67.958748,-9.8,10.36,70.1,7,1.6,104.5,4.218,-4.2,0,1,42143
2026-04-22T02:47:15,12.093714,-67.957245,-5.0,12.21,68.3,7,1.6,104.3,4.218,-4.2,0,1,42144
2026-04-22T02:47:44,12.094260,-67.955780,-1.3,10.91,65.4,8,1.3,104.8,4.219,-4.4,0,1,42145
2026-04-22T02:48:13,12.094852,-67.954285,5.1,10.14,68.2,8,1.3,104.3,4.218,-4.2,0,1,42146
2026-04-22T02:48:42,12.095460,-67.952759,9.5,11.68,68.8,7,1.6,104.5,4.219,-4.2,0,1,42147
2026-04-22T02:49:11,12.096037,-67.951309,10.6,11.40,68.1,7,1.3,104.8,4.218,-4.4,0,1,42148
2026-04-22T02:49:40,12.096504,-67.949799,16.7,11.15,66.6,7,1.6,104.5,4.218,-4.2,0,1,42149
2026-04-22T02:50:09,12.097022,-67.948349,15.2,10.91,68.2,7,1.6,104.6,4.218,-4.2,0,1,42150
2026-04-22T02:50:38,12.097497,-67.946922,10.4,10.54,68.4,7,1.6,104.6,4.218,-4.2,0,1,42151
2026-04-22T02:51:07,12.097945,-67.945450,6.8,11.16,76.0,6,1.9,104.5,4.218,-4.2,0,1,42152
2026-04-22T02:51:36,12.098436,-67.944008,4.9,11.02,70.1,7,1.6,104.5,4.219,-4.2,0,1,42153
2026-04-22T02:52:05,12.098902,-67.942581,-3.8,10.39,71.9,7,1.5,104.6,4.219,-4.2,0,1,42154
2026-04-22T02:52:34,12.099349,-67.941185,-11.6,11.05,71.5,8,1.3,104.6,4.219,-4.2,0,1,42155
2026-04-22T02:53:03,12.099780,-67.939743,-12.4,10.36,71.8,6,1.9,104.6,4.221,-4.2,0,1,42156
2026-04-22T02:53:32,12.100242,-67.938339,-15.2,10.48,74.9,7,1.5,104.6,4.220,-4.2,0,1,42157
2026-04-22T02:54:01,12.100721,-67.936790,-9.3,10.88,75.8,7,1.4,104.6,4.219,-4.2,0,1,42158
2026-04-22T02:54:30,12.101275,-67.935440,-10.7,10.64,72.7,6,1.6,104.5,4.219,-4.2,0,1,42159
2026-04-22T02:54:59,12.101727,-67.934029,-19.2,9.86,70.7,7,1.4,104.5,4.219,-4.2,0,1,42160
2026-04-22T02:55:28,12.102239,-67.932632,-26.7,11.45,66.3,6,1.6,104.5,4.219,-4.2,0,1,42161
2026-04-22T02:55:57,12.102743,-67.931221,-29.9,11.33,78.7,6,1.6,104.6,4.218,-4.2,0,1,42162
2026-04-22T02:56:26,12.103180,-67.929794,-37.2,10.88,69.0,6,1.6,104.5,4.218,-4.2,0,1,42163
2026-04-22T02:56:55,12.103660,-67.928413,-45.3,10.72,69.5,6,1.6,104.3,4.220,-4.2,0,1,42164
2026-04-22T02:57:24,12.104065,-67.926979,-48.8,10.64,73.7,6,1.6,104.9,4.219,-4.2,0,1,42165
2026-04-22T02:57:53,12.104565,-67.925583,-52.4,11.36,68.3,6,1.6,104.5,4.219,-4.2,0,1,42166
2026-04-22T02:58:22,12.105044,-67.924126,-53.5,11.04,72.9,6,1.6,104.5,4.219,-4.2,0,1,42167
2026-04-22T02:58:51,12.105558,-67.922691,-51.8,10.67,71.5,7,1.4,104.5,4.219,-4.2,0,1,42168
2026-04-22T02:59:20,12.105983,-67.921288,-53.9,10.90,74.4,6,1.6,104.6,4.219,-4.2,0,1,42169
2026-04-22T02:59:49,12.106454,-67.919876,-50.6,10.83,71.9,6,1.5,104.8,4.219,2789.5,0,1,42170
2026-04-22T03:00:18,12.107025,-67.918442,-43.4,11.03,70.2,6,1.4,104.3,4.219,-4.2,0,1,42171
2026-04-22T03:00:47,12.107543,-67.917061,-53.6,10.98,72.5,6,1.5,104.8,4.216,-4.4,0,1,42172
2026-04-22T03:01:16,12.107995,-67.915596,-58.9,10.76,71.4,6,1.5,104.6,4.219,-4.2,0,1,42173
2026-04-22T03:01:45,12.108448,-67.914116,-66.7,10.24,75.5,7,1.4,104.5,4.220,-4.2,0,1,42174
2026-04-22T03:02:14,12.108848,-67.912720,-69.4,10.10,76.0,6,1.5,104.6,4.218,2785.3,0,1,42175
2026-04-22T03:02:43,12.109365,-67.911308,-67.7,10.51,79.5,7,1.4,104.3,4.219,-4.2,0,1,42176
2026-04-22T03:03:12,12.109874,-67.909859,-70.7,10.95,72.9,7,1.3,104.6,4.219,-4.2,0,1,42177
2026-04-22T03:03:41,12.110405,-67.908401,-70.4,11.61,70.8,7,1.3,104.6,4.219,-4.2,0,1,42178
2026-04-22T03:04:10,12.110857,-67.906960,-74.3,10.94,74.4,7,1.3,104.6,4.218,-4.2,0,1,42179
2026-04-22T03:04:39,12.111208,-67.905655,-68.9,10.17,72.3,8,1.2,104.6,4.219,-4.2,0,1,42180
2026-04-22T03:05:08,12.111737,-67.904198,-62.8,11.59,73.0,8,1.2,104.6,4.219,-4.2,0,1,42181
2026-04-22T03:05:37,12.112337,-67.902756,-52.7,11.37,76.7,8,1.2,104.6,4.218,-4.2,0,1,42182
2026-04-22T03:06:06,12.112803,-67.901314,-46.1,11.26,77.4,7,1.3,104.6,4.219,-4.2,0,1,42183
2026-04-22T03:06:35,12.113167,-67.899803,-40.2,12.19,81.3,8,1.2,104.3,4.219,-4.2,0,1,42184
2026-04-22T03:07:04,12.113680,-67.898369,-34.9,11.78,72.1,8,1.2,104.6,4.219,-4.2,0,1,42185
2026-04-22T03:07:33,12.114220,-67.896904,-25.9,11.61,73.5,8,1.2,104.5,4.218,-4.2,0,1,42186
2026-04-22T03:08:02,12.114635,-67.895447,-22.5,10.83,70.8,8,1.2,104.8,4.219,-4.4,0,1,42187
2026-04-22T03:08:31,12.115228,-67.893959,-17.5,10.73,64.6,8,1.2,104.5,4.219,2781.2,0,1,42188
2026-04-22T03:09:00,12.115745,-67.892540,-14.2,12.21,85.2,8,1.2,104.6,4.218,2785.3,0,1,42189
2026-04-22T03:09:29,12.116323,-67.891045,-10.4,11.23,70.2,8,1.2,104.6,4.218,-4.2,0,1,42190
2026-04-22T03:09:58,12.116821,-67.889618,-11.3,11.46,66.3,7,1.3,104.6,4.219,-4.2,0,1,42191
2026-04-22T03:10:27,12.117357,-67.888138,9.1,11.45,68.0,8,1.2,104.6,4.218,-4.2,0,1,42192
2026-04-22T03:10:56,12.117853,-67.886696,10.2,10.75,66.4,7,1.3,104.3,4.218,-4.2,0,1,42193
2026-04-22T03:11:25,12.118303,-67.885201,9.1,11.61,68.5,8,1.2,104.6,4.218,-4.2,0,1,42194
2026-04-22T03:11:54,12.118785,-67.883682,19.7,11.35,70.6,8,1.2,104.5,4.218,-4.2,0,1,42195
2026-04-22T03:12:23,12.119248,-67.882240,18.4,11.63,69.2,9,1.1,104.5,4.219,-4.2,0,1,42196
2026-04-22T03:12:52,12.119791,-67.880829,15.7,11.07,69.6,9,1.1,104.0,4.214,-4.2,0,1,42197
2026-04-22T03:13:21,12.120255,-67.879326,15.0,11.76,79.9,9,1.1,104.0,4.215,-4.2,0,1,42198
2026-04-22T03:13:50,12.120747,-67.877846,19.5,10.90,65.9,9,1.1,104.1,4.215,-4.4,0,1,42199
2026-04-22T03:14:19,12.121234,-67.876358,19.0,11.68,70.6,9,1.1,104.1,4.214,-4.4,0,1,42200
2026-04-22T03:14:48,12.121705,-67.874855,16.5,11.98,69.4,9,1.1,104.0,4.215,-4.2,0,1,42201
2026-04-22T03:15:17,12.122080,-67.873360,7.0,10.89,65.4,9,1.1,104.1,4.215,-4.4,0,1,42202
2026-04-22T03:15:46,12.122551,-67.871880,11.3,11.23,69.0,10,1.1,104.0,4.216,-4.2,0,1,42203
2026-04-22T03:16:15,12.123056,-67.870384,9.0,10.04,72.4,10,1.1,104.0,4.214,2768.5,0,1,42204
2026-04-22T03:16:44,12.123616,-67.868889,11.6,11.66,66.8,10,1.1,104.0,4.214,-4.2,0,1,42205
2026-04-22T03:17:13,12.124146,-67.867439,11.2,11.65,64.9,10,1.1,104.0,4.213,-4.2,0,1,42206
2026-04-22T03:17:42,12.124575,-67.865906,14.0,12.38,68.9,10,1.1,104.1,4.215,-4.4,0,1,42207
2026-04-22T03:18:11,12.125128,-67.864418,16.7,11.71,69.3,10,1.1,103.8,4.213,-4.2,0,1,42208
2026-04-22T03:18:40,12.125618,-67.862961,16.1,11.03,72.4,10,1.1,104.0,4.213,-4.2,0,1,42209
2026-04-22T03:19:09,12.126116,-67.861450,17.4,11.73,71.7,9,1.2,104.0,4.213,-4.2,0,1,42210
2026-04-22T03:19:38,12.126610,-67.859917,13.8,11.42,71.1,10,1.1,103.8,4.213,-4.2,0,1,42211
2026-04-22T03:20:07,12.127110,-67.858452,11.7,11.92,69.7,10,1.1,103.8,4.213,-4.2,0,1,42212
2026-04-22T03:20:36,12.127586,-67.856918,12.9,11.85,73.1,8,1.5,104.0,4.213,-4.2,0,1,42213
2026-04-22T03:21:05,12.128080,-67.855461,14.7,11.47,73.2,8,1.5,104.0,4.214,-4.2,0,1,42214
2026-04-22T03:21:34,12.128565,-67.853912,12.0,11.42,67.4,8,1.5,104.0,4.214,-4.2,0,1,42215
2026-04-22T03:22:03,12.129098,-67.852455,11.4,11.86,71.0,9,1.3,104.1,4.214,-4.4,0,1,42216
2026-04-22T03:22:32,12.129583,-67.850929,9.5,11.86,69.7,9,1.3,103.8,4.214,-4.2,0,1,42217
2026-04-22T03:23:01,12.130081,-67.849472,7.9,11.43,68.5,9,1.3,104.0,4.214,-4.2,0,1,42218
2026-04-22T03:23:30,12.130582,-67.847992,8.5,11.23,67.0,10,1.1,104.0,4.213,-4.2,0,1,42219
2026-04-22T03:23:59,12.131089,-67.846489,8.5,11.16,69.8,10,1.1,104.0,4.214,-4.2,0,1,42220
2026-04-22T03:24:28,12.131576,-67.845001,6.7,11.30,73.2,10,1.1,103.8,4.214,-4.2,0,1,42221
2026-04-22T03:24:57,12.132128,-67.843536,6.1,10.69,71.2,9,1.3,103.8,4.213,-4.2,0,1,42222
2026-04-22T03:25:26,12.132687,-67.842056,7.8,11.70,65.6,10,1.1,104.0,4.214,-4.2,0,1,42223
2026-04-22T03:25:55,12.133208,-67.840553,9.0,11.75,70.5,10,1.1,104.0,4.214,-4.2,0,1,42224
2026-04-22T03:26:24,12.133770,-67.839073,6.9,12.01,64.3,10,1.1,104.0,4.213,-4.2,0,1,42225
2026-04-22T03:26:53,12.134255,-67.837555,6.3,11.69,69.8,10,1.1,104.0,4.211,-4.2,0,1,42226
2026-04-22T03:27:22,12.134607,-67.836006,8.1,11.09,72.5,11,1.1,103.7,4.213,-4.2,0,1,42227
2026-04-22T03:27:51,12.135101,-67.834534,9.7,11.44,67.2,11,1.1,103.8,4.213,-4.2,0,1,42228
2026-04-22T03:28:20,12.135678,-67.833046,10.2,12.04,67.0,10,1.1,103.8,4.213,-4.2,0,1,42229
2026-04-22T03:28:49,12.136220,-67.831566,11.0,10.88,62.0,11,1.1,103.8,4.213,-4.2,0,1,42230
2026-04-22T03:29:18,12.136782,-67.830109,16.2,12.00,68.9,11,1.1,103.8,4.213,-4.2,0,1,42231
2026-04-22T03:29:47,12.137312,-67.828590,11.4,11.62,73.6,11,1.1,104.0,4.213,-4.2,0,1,42232
2026-04-22T03:30:16,12.137836,-67.827049,6.8,11.82,68.6,11,1.1,103.8,4.213,-4.2,0,1,42233
2026-04-22T03:30:45,12.138322,-67.825531,6.9,11.17,76.3,11,1.1,104.0,4.213,-4.2,0,1,42234
2026-04-22T03:31:14,12.138830,-67.824020,6.5,12.53,80.5,11,1.0,103.8,4.214,-4.2,0,1,42235
2026-04-22T03:31:43,12.139289,-67.822533,6.1,10.97,67.5,11,1.0,104.1,4.211,-4.4,0,1,42236
2026-04-22T03:32:12,12.139818,-67.821037,9.0,10.33,68.2,11,1.0,103.8,4.214,-4.2,0,1,42237
2026-04-22T03:32:41,12.140337,-67.819511,7.5,11.73,67.6,11,1.0,103.8,4.214,-4.2,0,1,42238
2026-04-22T03:33:10,12.140875,-67.818024,6.4,12.06,70.5,11,1.0,104.0,4.213,-4.2,0,1,42239
2026-04-22T03:33:39,12.141392,-67.816513,7.4,10.97,72.9,10,1.3,103.8,4.213,2764.3,0,1,42240
2026-04-22T03:34:08,12.141808,-67.814926,-2.2,10.84,73.3,10,1.3,103.8,4.213,-4.2,0,1,42241
2026-04-22T03:34:37,12.142360,-67.813416,2.3,11.52,70.9,11,1.0,103.8,4.213,-4.2,0,1,42242
2026-04-22T03:35:06,12.142827,-67.811874,3.8,11.71,73.0,11,1.0,103.7,4.213,-4.2,0,1,42243
2026-04-22T03:35:35,12.143355,-67.810410,5.6,12.37,75.2,11,1.0,103.8,4.214,-4.2,0,1,42244
2026-04-22T03:36:04,12.143883,-67.808830,5.9,11.05,75.9,10,1.1,103.8,4.211,-4.2,0,1,42245
2026-04-22T03:36:33,12.144427,-67.807312,11.8,11.32,71.5,10,1.3,104.0,4.213,-4.2,0,1,42246
2026-04-22T03:37:02,12.144992,-67.805809,13.3,11.46,73.2,11,1.0,103.8,4.213,-4.2,0,1,42247
2026-04-22T03:37:31,12.145535,-67.804337,9.9,11.05,73.0,11,1.0,104.0,4.214,-4.2,0,1,42248
2026-04-22T03:38:00,12.146042,-67.802826,5.1,11.58,71.6,11,1.0,103.8,4.211,-4.2,0,1,42249
2026-04-22T03:38:29,12.146554,-67.801285,2.8,11.66,69.6,9,1.4,104.0,4.214,-4.2,0,1,42250
2026-04-22T03:38:58,12.146992,-67.799782,5.7,10.48,70.4,10,1.1,103.8,4.211,-4.2,0,1,42251
2026-04-22T03:39:27,12.147469,-67.798218,3.1,10.63,77.8,10,1.1,103.8,4.213,-4.2,0,1,42252
2026-04-22T03:39:56,12.148037,-67.796722,8.1,12.50,65.6,11,1.0,103.8,4.213,-4.2,0,1,42253
2026-04-22T03:40:25,12.148624,-67.795235,10.0,10.44,65.4,11,1.2,103.8,4.213,-4.2,0,1,42254
2026-04-22T03:40:54,12.149163,-67.793724,10.7,11.83,72.0,11,1.2,103.8,4.213,-4.2,0,1,42255
2026-04-22T03:41:23,12.149731,-67.792236,3.1,13.26,71.4,10,1.3,104.0,4.211,-4.2,0,1,42256
2026-04-22T03:41:52,12.150235,-67.790733,-0.6,12.23,82.5,11,1.0,103.7,4.213,2760.2,0,1,42257
2026-04-22T03:42:21,12.150812,-67.789238,0.7,11.23,69.8,10,1.3,103.8,4.213,-4.2,0,1,42258
2026-04-22T03:42:50,12.151346,-67.787689,3.5,11.91,67.7,8,1.5,104.3,4.213,-4.2,0,1,42259
2026-04-22T03:43:19,12.151835,-67.786156,3.7,11.30,75.3,9,1.4,103.5,4.215,-4.4,0,1,42260
2026-04-22T03:43:48,12.152417,-67.784637,13.0,11.83,71.0,9,1.4,103.8,4.213,-4.2,0,1,42261
2026-04-22T03:44:17,12.152862,-67.783089,9.9,11.45,72.0,9,1.4,104.1,4.211,-4.4,0,1,42262
2026-04-22T03:44:46,12.153385,-67.781555,9.8,11.36,65.1,9,1.4,103.8,4.213,-4.2,0,1,42263
2026-04-22T03:45:15,12.153848,-67.780014,15.2,12.34,73.1,9,1.4,103.8,4.211,-4.2,0,1,42264
2026-04-22T03:45:44,12.154435,-67.778572,13.5,11.69,71.2,9,1.4,103.8,4.213,-4.2,0,1,42265
2026-04-22T03:46:13,12.154944,-67.777046,4.5,12.30,72.2,9,1.4,103.7,4.213,-4.2,0,1,42266
2026-04-22T03:46:42,12.155468,-67.775536,6.1,11.79,71.5,9,1.4,103.8,4.211,-4.2,0,1,42267
2026-04-22T03:47:11,12.155972,-67.773972,1.7,11.89,73.4,9,1.4,103.8,4.213,-4.2,0,1,42268
2026-04-22T03:47:40,12.156472,-67.772514,1.9,11.34,69.3,9,1.4,103.8,4.213,-4.2,0,1,42269
2026-04-22T03:48:09,12.156954,-67.770859,4.6,12.09,84.4,9,1.4,103.7,4.213,-4.2,0,1,42270
2026-04-22T03:48:38,12.157520,-67.769371,4.9,11.84,67.6,9,1.4,103.7,4.214,-4.2,0,1,42271
2026-04-22T03:49:07,12.157957,-67.767815,1.9,10.76,73.4,9,1.4,104.0,4.213,-4.2,0,1,42272
2026-04-22T03:49:36,12.158430,-67.766281,-3.3,11.79,76.4,9,1.4,103.7,4.214,-4.2,0,1,42273
2026-04-22T03:50:05,12.158890,-67.764740,-1.4,11.85,68.8,9,1.4,103.7,4.213,-4.2,0,1,42274
2026-04-22T03:50:34,12.159423,-67.763206,-3.7,11.11,75.9,9,1.4,103.5,4.213,-4.4,0,1,42275
2026-04-22T03:51:03,12.159914,-67.761681,-6.1,11.41,70.9,9,1.4,103.7,4.213,-4.2,0,1,42276
2026-04-22T03:51:32,12.160582,-67.760201,-10.7,12.76,70.2,8,1.6,103.8,4.211,-4.2,0,1,42277
2026-04-22T03:52:01,12.160943,-67.758583,-6.6,11.93,74.7,8,1.6,103.7,4.211,-4.2,0,1,42278
2026-04-22T03:52:30,12.161557,-67.757072,-10.5,11.73,78.5,9,1.5,103.8,4.213,-4.2,0,1,42279
2026-04-22T03:52:59,12.161972,-67.755463,-7.5,11.15,75.8,9,1.5,103.8,4.211,-4.2,0,1,42280
2026-04-22T03:53:28,12.162490,-67.753937,-5.2,11.58,78.2,8,1.7,104.0,4.213,-4.2,0,1,42281
2026-04-22T03:53:57,12.163015,-67.752350,-4.4,11.48,62.3,9,1.4,103.8,4.214,-4.2,0,1,42282
2026-04-22T03:54:26,12.163527,-67.750854,-5.4,12.23,80.2,8,1.7,103.8,4.213,-4.2,0,1,42283
2026-04-22T03:54:55,12.164077,-67.749268,-11.7,11.98,69.2,8,1.7,103.8,4.211,-4.2,0,1,42284
2026-04-22T03:55:24,12.164600,-67.747726,-7.8,11.39,70.4,9,1.4,103.7,4.213,-4.2,0,1,42285
2026-04-22T03:55:53,12.165170,-67.746185,-12.7,11.89,74.4,8,1.7,103.7,4.213,-4.2,0,1,42286
2026-04-22T03:56:22,12.165747,-67.744659,-14.8,11.63,68.5,9,1.5,104.0,4.214,-4.2,0,1,42287
2026-04-22T03:56:51,12.166268,-67.743156,-14.5,11.35,68.5,9,1.5,103.7,4.211,-4.2,0,1,42288
2026-04-22T03:57:20,12.166783,-67.741623,-17.1,11.18,74.5,9,1.5,103.7,4.211,-4.2,0,1,42289
2026-04-22T03:57:49,12.167292,-67.740158,-20.3,11.63,72.2,9,1.5,103.8,4.213,-4.2,0,1,42290
2026-04-22T03:58:18,12.167867,-67.738632,-26.8,12.20,72.7,9,1.5,103.8,4.213,-4.2,0,1,42291
2026-04-22T03:58:47,12.168334,-67.737061,-18.9,12.13,76.2,9,1.5,103.8,4.211,-4.2,0,1,42292
2026-04-22T03:59:16,12.168875,-67.735481,-11.6,12.28,74.2,9,1.5,103.7,4.211,-4.2,0,1,42293
2026-04-22T03:59:45,12.169535,-67.734039,-14.0,11.26,59.4,9,1.5,103.7,4.214,-4.2,0,1,42294
2026-04-22T04:00:14,12.169888,-67.732445,-18.7,11.85,70.6,9,1.5,103.7,4.213,-4.2,0,1,42295
2026-04-22T04:00:43,12.170422,-67.730911,-19.7,11.22,69.0,9,1.5,103.8,4.211,-4.2,0,1,42296
2026-04-22T04:01:12,12.170960,-67.729332,-9.7,12.72,70.8,9,1.5,103.7,4.210,-4.2,0,1,42297
2026-04-22T04:01:41,12.171325,-67.727730,-4.7,10.60,82.3,9,1.5,103.7,4.211,-4.2,0,1,42298
2026-04-22T04:02:10,12.171583,-67.726112,-0.5,10.74,77.9,9,1.5,103.7,4.211,-4.2,0,1,42299
2026-04-22T04:02:39,12.171733,-67.724495,-3.2,12.51,88.6,9,1.5,103.8,4.213,-4.2,0,1,42300
2026-04-22T04:03:08,12.171904,-67.722870,-6.5,11.68,82.8,8,1.7,103.8,4.211,-4.2,0,1,42301
2026-04-22T04:03:37,12.172047,-67.721222,-3.7,12.98,84.2,8,1.7,104.0,4.211,-4.2,0,1,42302
2026-04-22T04:04:06,12.172278,-67.719604,-3.9,12.31,84.7,9,1.5,103.5,4.211,-4.4,0,1,42303
2026-04-22T04:04:35,12.172415,-67.717987,1.4,10.89,89.3,9,1.5,103.5,4.211,-4.4,0,1,42304
2026-04-22T04:05:04,12.172658,-67.716423,-0.3,10.65,68.5,8,1.7,103.7,4.213,-4.2,0,1,42305
2026-04-22T04:05:33,12.172807,-67.714767,-2.5,12.70,85.7,9,1.5,103.8,4.211,-4.2,0,1,42306
2026-04-22T04:06:02,12.173020,-67.713165,-0.3,12.20,81.6,9,1.5,103.7,4.214,-4.2,0,1,42307
2026-04-22T04:06:31,12.173143,-67.711517,4.1,12.14,84.6,9,1.4,103.7,4.213,-4.2,0,1,42308
2026-04-22T04:07:00,12.173234,-67.709892,6.1,11.16,81.8,9,1.4,103.7,4.211,-4.2,0,1,42309
2026-04-22T04:07:29,12.173408,-67.708260,5.2,12.59,88.6,8,1.7,103.7,4.211,2760.2,0,1,42310
2026-04-22T04:07:58,12.173505,-67.706612,10.1,12.08,83.7,9,1.6,103.8,4.211,-4.2,0,1,42311
2026-04-22T04:08:27,12.173643,-67.704956,8.6,11.11,91.6,9,1.6,104.0,4.213,-4.2,0,1,42312
2026-04-22T04:08:56,12.173896,-67.703369,6.1,12.25,84.2,9,1.6,103.7,4.214,-4.2,0,1,42313
2026-04-22T04:09:25,12.174091,-67.701782,6.0,10.80,79.7,9,1.6,103.7,4.211,-4.2,0,1,42314
2026-04-22T04:09:54,12.174316,-67.700157,14.9,12.17,80.3,9,1.6,104.0,4.213,-4.2,0,1,42315
2026-04-22T04:10:23,12.174543,-67.698532,12.4,11.70,79.4,9,1.6,103.7,4.213,-4.2,0,1,42316
2026-04-22T04:10:52,12.174664,-67.696915,7.7,11.95,84.6,10,1.4,103.5,4.211,-4.4,0,1,42317
2026-04-22T04:11:21,12.174802,-67.695236,3.8,11.36,89.0,9,1.6,103.8,4.211,-4.2,0,1,42318
2026-04-22T04:11:50,12.174863,-67.693634,0.6,12.18,79.0,9,1.6,103.7,4.213,-4.2,0,1,42319
2026-04-22T04:12:19,12.174878,-67.692001,-5.9,11.99,87.8,9,1.6,103.7,4.211,-4.2,0,1,42320
2026-04-22T04:12:48,12.174838,-67.690277,-10.0,12.39,84.0,9,1.6,103.8,4.211,-4.2,0,1,42321
2026-04-22T04:13:17,12.174917,-67.688721,-11.3,10.63,82.9,9,1.6,103.8,4.214,-4.2,0,1,42322
2026-04-22T04:13:46,12.175250,-67.687149,-16.8,11.55,77.1,9,1.6,103.8,4.211,-4.2,0,1,42323
2026-04-22T04:14:15,12.175328,-67.685524,-11.3,11.49,78.3,9,1.5,103.8,4.210,-4.2,0,1,42324
2026-04-22T04:14:44,12.175460,-67.683891,-14.7,11.71,85.8,8,1.6,103.8,4.213,-4.2,0,1,42325
2026-04-22T04:15:13,12.175614,-67.682335,-19.2,11.89,74.1,9,1.6,103.5,4.213,-4.4,0,1,42326
2026-04-22T04:15:42,12.175833,-67.680733,-24.6,10.57,88.1,10,1.4,103.7,4.211,-4.2,0,1,42327
2026-04-22T04:16:11,12.175976,-67.679108,-18.2,12.30,88.8,9,1.6,103.8,4.211,-4.2,0,1,42328
2026-04-22T04:16:40,12.176228,-67.677567,-15.3,11.47,83.6,10,1.4,103.8,4.211,-4.2,0,1,42329
2026-04-22T04:17:09,12.176354,-67.675903,-13.6,12.53,93.3,9,1.6,103.7,4.213,-4.2,0,1,42330
2026-04-22T04:17:38,12.176626,-67.674301,-18.1,13.18,84.1,9,1.6,103.7,4.211,-4.2,0,1,42331
2026-04-22T04:18:07,12.176829,-67.672707,-13.5,12.13,85.3,10,1.4,103.7,4.211,-4.2,0,1,42332
2026-04-22T04:18:36,12.176991,-67.671066,-18.5,11.30,84.9,8,1.7,103.7,4.210,-4.2,0,1,42333
2026-04-22T04:19:05,12.177223,-67.669456,-15.2,11.96,76.5,10,1.4,103.8,4.211,-4.2,0,1,42334
2026-04-22T04:19:34,12.177399,-67.667831,-15.8,11.36,89.2,10,1.4,103.7,4.211,-4.2,0,1,42335
2026-04-22T04:20:03,12.177643,-67.666161,-9.1,12.13,79.9,10,1.4,103.8,4.213,-4.2,0,1,42336
2026-04-22T04:20:32,12.177820,-67.664574,-1.6,11.51,83.1,10,1.4,103.7,4.211,-4.2,0,1,42337
2026-04-22T04:21:01,12.177999,-67.662979,4.8,10.70,87.0,10,1.4,103.5,4.213,-4.4,0,1,42338
2026-04-22T04:21:30,12.178139,-67.661316,0.3,12.20,91.3,9,2.0,103.5,4.214,-4.4,0,1,42339
2026-04-22T04:21:59,12.178422,-67.659706,10.2,11.49,81.1,10,1.4,104.0,4.211,-4.2,0,1,42340
2026-04-22T04:22:28,12.178616,-67.658142,9.0,12.16,84.5,10,1.4,104.0,4.211,-4.2,0,1,42341
2026-04-22T04:22:57,12.178803,-67.656479,9.9,11.41,81.3,9,1.4,103.8,4.213,-4.2,0,1,42342
2026-04-22T04:23:26,12.178994,-67.654854,17.8,11.50,87.8,8,2.0,103.7,4.213,-4.2,0,1,42343
2026-04-22T04:23:55,12.179173,-67.653252,20.9,11.65,82.9,8,1.6,103.7,4.211,-4.2,0,1,42344
2026-04-22T04:24:24,12.179273,-67.651581,21.8,12.17,91.4,9,1.4,103.7,4.211,-4.2,0,1,42345
2026-04-22T04:24:53,12.179293,-67.649963,14.1,12.21,85.2,9,1.4,103.8,4.211,-4.2,0,1,42346
2026-04-22T04:25:22,12.179446,-67.648354,12.8,11.96,85.5,9,1.4,103.7,4.211,-4.2,0,1,42347
2026-04-22T04:25:51,12.179582,-67.646759,12.5,12.44,84.4,9,1.4,103.8,4.211,-4.2,0,1,42348
2026-04-22T04:26:20,12.179763,-67.645172,14.3,11.55,79.4,9,1.4,103.7,4.211,-4.2,0,1,42349
2026-04-22T04:26:49,12.180050,-67.643608,21.1,12.22,78.4,9,1.4,103.5,4.211,-4.4,0,1,42350
2026-04-22T04:27:18,12.180163,-67.641953,19.7,12.03,86.1,8,2.1,103.5,4.213,-4.4,0,1,42351
2026-04-22T04:27:47,12.180260,-67.640366,23.7,11.78,87.0,7,3.3,103.5,4.211,-4.4,0,1,42352
2026-04-22T04:28:16,12.180500,-67.638756,24.8,11.70,85.9,9,1.4,103.8,4.213,-4.2,0,1,42353
2026-04-22T04:28:45,12.180786,-67.637123,25.2,11.34,85.5,9,1.4,103.7,4.210,-4.2,0,1,42354
2026-04-22T04:29:14,12.181020,-67.635483,24.5,11.42,81.3,10,1.3,103.7,4.211,-4.2,0,1,42355
2026-04-22T04:29:43,12.181283,-67.633827,17.1,10.98,85.9,10,1.3,103.8,4.211,-4.2,0,1,42356
2026-04-22T04:30:12,12.181441,-67.632217,15.8,10.98,84.3,9,1.4,103.8,4.210,-4.2,0,1,42357
2026-04-22T04:30:41,12.181559,-67.630608,9.4,12.50,80.0,10,1.3,103.8,4.213,2764.3,0,1,42358
2026-04-22T04:31:10,12.181719,-67.628960,6.2,11.42,82.2,10,1.3,103.7,4.210,-4.2,0,1,42359
2026-04-22T04:31:39,12.181843,-67.627319,6.3,11.59,83.6,9,1.8,104.0,4.209,-4.2,0,1,42360
2026-04-22T04:32:08,12.181974,-67.625694,11.8,12.63,86.3,9,1.8,103.5,4.211,-4.4,0,1,42361
2026-04-22T04:32:37,12.182052,-67.624046,3.9,13.49,84.2,9,1.4,103.7,4.213,-4.2,0,1,42362
2026-04-22T04:33:06,12.182369,-67.622459,6.2,11.56,73.2,9,1.8,103.8,4.211,-4.2,0,1,42363
2026-04-22T04:33:35,12.182548,-67.620842,10.7,11.91,76.3,10,1.3,103.7,4.211,-4.2,0,1,42364
2026-04-22T04:34:04,12.182652,-67.619202,4.2,11.60,82.3,10,1.3,103.7,4.213,-4.2,0,1,42365
2026-04-22T04:34:33,12.182910,-67.617599,7.7,11.89,84.5,10,1.3,103.7,4.210,-4.2,0,1,42366
2026-04-22T04:35:02,12.183068,-67.615990,7.3,11.50,90.3,10,1.3,103.5,4.211,-4.4,0,1,42367
2026-04-22T04:35:31,12.183243,-67.614357,1.9,11.24,85.6,10,1.3,103.7,4.210,-4.2,0,1,42368
2026-04-22T04:36:00,12.183312,-67.612701,2.9,12.71,89.9,10,1.3,104.0,4.211,-4.2,0,1,42369
2026-04-22T04:36:29,12.183472,-67.611099,4.7,12.09,89.0,10,1.3,103.7,4.211,-4.2,0,1,42370
2026-04-22T04:36:58,12.183639,-67.609512,7.7,12.72,89.7,10,1.3,103.7,4.213,-4.2,0,1,42371
2026-04-22T04:37:27,12.183737,-67.607887,1.3,11.79,87.4,10,1.3,103.8,4.214,-4.2,0,1,42372
2026-04-22T04:37:56,12.183820,-67.606308,0.9,12.26,91.2,10,1.3,103.7,4.213,-4.2,0,1,42373
2026-04-22T04:38:25,12.184000,-67.604706,13.5,12.01,92.0,10,1.3,103.5,4.213,-4.4,0,1,42374
2026-04-22T04:38:54,12.184109,-67.603058,10.1,11.54,86.0,9,1.8,103.5,4.211,-4.4,0,1,42375
2026-04-22T04:39:23,12.184269,-67.601418,14.2,11.01,80.0,10,1.3,103.7,4.213,-4.2,0,1,42376
2026-04-22T04:39:52,12.184527,-67.599861,13.9,11.83,80.7,10,1.3,103.7,4.211,-4.2,0,1,42377
2026-04-22T04:40:21,12.184618,-67.598160,-1.2,11.69,91.4,10,1.3,103.7,4.211,-4.2,0,1,42378
2026-04-22T04:40:50,12.184784,-67.596535,-2.4,13.23,92.3,9,1.4,103.7,4.211,-4.2,0,1,42379
2026-04-22T04:41:19,12.184909,-67.594864,4.0,11.77,80.2,10,1.2,103.5,4.211,-4.4,0,1,42380
2026-04-22T04:41:48,12.184980,-67.593178,-8.5,13.25,83.1,10,1.2,103.7,4.211,-4.2,0,1,42381
2026-04-22T04:42:17,12.185154,-67.591560,-7.4,12.74,91.8,10,1.2,103.5,4.210,-4.4,0,1,42382
2026-04-22T04:42:46,12.185295,-67.589943,-11.5,11.43,73.5,9,1.4,103.5,4.211,-4.4,0,1,42383
2026-04-22T04:43:15,12.185357,-67.588287,-7.5,11.89,80.7,9,1.3,103.7,4.211,-4.2,0,1,42384
2026-04-22T04:43:44,12.185624,-67.586647,-2.5,13.00,87.1,10,1.2,103.8,4.211,-4.2,0,1,42385
2026-04-22T04:44:13,12.185750,-67.584999,-8.3,13.68,77.6,10,1.2,104.0,4.211,-4.2,0,1,42386
2026-04-22T04:44:42,12.185905,-67.583389,-6.4,11.59,81.1,10,1.2,103.7,4.211,-4.2,0,1,42387
2026-04-22T04:45:11,12.185922,-67.581764,-12.9,12.01,96.0,9,1.2,103.8,4.210,-4.2,0,1,42388
2026-04-22T04:45:40,12.186131,-67.580162,0.0,11.43,88.0,9,1.2,103.7,4.211,-4.2,0,1,42389
2026-04-22T04:46:09,12.186358,-67.578568,6.7,12.16,81.4,9,1.2,103.8,4.211,2764.3,0,1,42390
2026-04-22T04:46:38,12.186504,-67.576904,8.7,12.80,80.2,9,1.2,104.0,4.211,-4.2,0,1,42391
2026-04-22T04:47:07,12.186604,-67.575272,6.3,12.13,93.6,9,1.2,103.7,4.210,-4.2,0,1,42392
2026-04-22T04:47:36,12.186748,-67.573654,3.4,12.02,84.6,9,1.2,103.7,4.213,-4.2,0,1,42393
2026-04-22T04:48:05,12.186904,-67.571999,4.0,11.63,89.4,9,1.2,103.7,4.210,-4.2,0,1,42394
2026-04-22T04:48:34,12.187104,-67.570396,11.9,12.14,73.3,9,1.2,103.5,4.211,-4.4,0,1,42395
2026-04-22T04:49:03,12.187190,-67.568741,1.4,11.74,89.8,7,2.4,103.5,4.211,-4.4,0,1,42396
2026-04-22T04:49:32,12.187366,-67.567062,-4.9,11.90,80.1,9,1.2,103.7,4.210,-4.2,0,1,42397
2026-04-22T04:50:01,12.187526,-67.565422,1.5,12.85,79.6,9,1.2,103.7,4.211,-4.2,0,1,42398
2026-04-22T04:50:30,12.187707,-67.563751,5.2,13.16,73.5,9,1.2,103.7,4.211,-4.2,0,1,42399
2026-04-22T04:50:59,12.187774,-67.562080,0.9,12.80,81.7,7,2.3,103.5,4.211,-4.4,0,1,42400
2026-04-22T04:51:28,12.187895,-67.560440,-1.8,12.29,85.9,9,1.2,103.7,4.211,-4.2,0,1,42401
2026-04-22T04:51:57,12.188007,-67.558792,0.4,12.70,95.3,8,1.9,103.5,4.211,-4.4,0,1,42402
2026-04-22T04:52:26,12.188067,-67.557098,-4.6,12.48,86.1,8,1.8,103.7,4.211,-4.2,0,1,42403
2026-04-22T04:52:55,12.188175,-67.555428,-5.0,12.34,80.8,8,1.8,103.7,4.211,-4.2,0,1,42404
2026-04-22T04:53:24,12.188311,-67.553810,1.3,12.41,82.0,8,1.8,103.7,4.213,-4.2,0,1,42405
2026-04-22T04:53:53,12.188396,-67.552177,4.4,11.88,85.9,8,1.8,103.5,4.211,-4.4,0,1,42406
2026-04-22T04:54:22,12.188398,-67.550514,4.6,13.13,87.5,9,1.8,103.8,4.213,-4.2,0,1,42407
2026-04-22T04:54:51,12.188581,-67.548904,10.8,12.42,85.3,9,1.8,103.7,4.210,-4.2,0,1,42408
2026-04-22T04:55:20,12.188724,-67.547180,11.8,12.38,82.4,9,1.8,103.7,4.210,-4.2,0,1,42409
2026-04-22T04:55:49,12.188842,-67.545555,7.2,12.56,97.6,8,2.2,103.5,4.211,-4.4,0,1,42410
2026-04-22T04:56:18,12.189100,-67.543922,11.6,11.30,73.0,9,1.7,103.5,4.211,-4.4,0,1,42411
2026-04-22T04:56:47,12.189234,-67.542259,13.3,11.71,88.8,8,3.5,103.7,4.210,-4.2,0,1,42412
2026-04-22T04:57:16,12.189340,-67.540611,9.6,12.04,83.5,8,2.2,103.5,4.213,-4.4,0,1,42413
2026-04-22T04:57:45,12.189439,-67.538979,6.8,12.10,81.3,9,1.7,103.7,4.211,-4.2,0,1,42414
2026-04-22T04:58:14,12.189652,-67.537285,8.2,10.97,76.8,9,1.7,103.7,4.211,-4.2,0,1,42415
2026-04-22T04:58:43,12.189758,-67.535683,5.9,11.94,85.2,9,1.7,103.7,4.210,-4.2,0,1,42416
2026-04-22T04:59:12,12.189854,-67.534058,3.6,11.75,84.6,9,1.7,103.7,4.210,-4.2,0,1,42417
2026-04-22T04:59:41,12.190049,-67.532379,0.3,12.99,72.3,9,1.7,103.7,4.210,-4.2,0,1,42418
2026-04-22T05:00:10,12.190140,-67.530716,-4.4,13.01,84.9,9,1.7,103.5,4.211,-4.4,0,1,42419
2026-04-22T05:00:39,12.190273,-67.529053,-2.2,13.13,84.1,10,1.1,103.7,4.210,-4.2,0,1,42420
2026-04-22T05:01:08,12.190397,-67.527428,-6.4,13.06,84.2,9,1.3,103.8,4.213,-4.2,0,1,42421
2026-04-22T05:01:37,12.190571,-67.525841,-7.1,9.52,58.0,8,1.3,103.7,4.211,-4.2,0,1,42422
2026-04-22T05:02:06,12.190710,-67.524170,-5.6,11.92,80.9,8,2.1,103.7,4.210,-4.2,0,1,42423
2026-04-22T05:02:35,12.190880,-67.522514,-4.2,11.78,87.8,8,2.4,103.5,4.210,-4.4,0,1,42424
2026-04-22T05:03:04,12.190963,-67.520874,-7.4,12.48,92.6,8,2.1,103.8,4.211,-4.2,0,1,42425
2026-04-22T05:03:33,12.191053,-67.519203,-9.2,12.32,82.4,10,1.1,103.5,4.213,-4.4,0,1,42426
2026-04-22T05:04:02,12.191287,-67.517578,-0.8,13.09,88.8,9,1.6,103.4,4.211,-4.2,0,1,42427
2026-04-22T05:04:31,12.191467,-67.515938,-10.3,11.62,84.0,9,1.3,103.5,4.209,-4.4,0,1,42428
2026-04-22T05:05:00,12.191604,-67.514305,-12.9,11.25,87.1,8,2.1,103.7,4.210,-4.2,0,1,42429
2026-04-22T05:05:29,12.191702,-67.512650,-10.0,12.08,97.2,10,1.2,103.5,4.211,-4.4,0,1,42430
2026-04-22T05:05:58,12.191874,-67.511017,-9.2,12.24,92.1,10,1.1,103.5,4.211,-4.4,0,1,42431
2026-04-22T05:06:27,12.192087,-67.509369,-12.0,11.58,83.2,9,1.3,103.8,4.210,-4.2,0,1,42432
2026-04-22T05:06:56,12.192245,-67.507736,-2.8,12.53,92.1,10,1.1,103.5,4.214,-4.4,0,1,42433
2026-04-22T05:07:25,12.192412,-67.506065,-0.9,11.59,79.6,9,1.6,103.4,4.210,-4.2,0,1,42434
2026-04-22T05:07:54,12.192491,-67.504395,-6.6,11.91,84.7,9,1.6,103.5,4.211,-4.4,0,1,42435
2026-04-22T05:08:23,12.192618,-67.502724,-9.4,11.42,79.7,8,2.1,103.7,4.211,-4.2,0,1,42436
2026-04-22T05:08:52,12.192621,-67.501091,-10.9,12.34,92.0,8,2.1,103.4,4.213,-4.2,0,1,42437
2026-04-22T05:09:21,12.192937,-67.499489,-5.5,11.34,78.7,9,1.6,103.8,4.211,-4.2,0,1,42438
2026-04-22T05:09:50,12.193169,-67.497856,-2.0,10.97,83.1,9,1.6,103.8,4.210,-4.2,0,1,42439
2026-04-22T05:10:19,12.193403,-67.496185,4.6,12.42,87.3,8,2.1,103.7,4.211,-4.2,0,1,42440
2026-04-22T05:10:48,12.193530,-67.494560,10.0,10.82,85.7,8,2.1,103.8,4.210,-4.2,0,1,42441
2026-04-22T05:11:17,12.193723,-67.492874,23.5,11.48,82.7,8,2.1,103.4,4.211,-4.2,0,1,42442
2026-04-22T05:11:46,12.193826,-67.491173,23.2,12.69,90.7,9,1.6,103.5,4.211,-4.4,0,1,42443
2026-04-22T05:12:15,12.194049,-67.489616,17.7,11.68,75.6,8,2.1,103.7,4.211,-4.2,0,1,42444
2026-04-22T05:12:44,12.194066,-67.487900,6.0,12.03,89.2,7,2.1,103.5,4.213,-4.4,0,1,42445
2026-04-22T05:13:13,12.194221,-67.486252,-3.8,11.35,84.1,9,1.6,103.5,4.211,-4.4,0,1,42446
2026-04-22T05:13:42,12.194357,-67.484650,-5.6,11.07,83.7,10,1.1,103.5,4.211,2755.8,0,1,42447
2026-04-22T05:14:11,12.194530,-67.483002,-4.9,13.05,75.2,9,1.6,103.7,4.210,-4.2,0,1,42448
2026-04-22T05:14:40,12.194680,-67.481316,3.6,11.84,85.7,9,1.6,103.4,4.213,-4.2,0,1,42449
2026-04-22T05:15:09,12.194830,-67.479675,12.6,11.84,87.8,9,1.6,103.7,4.211,-4.2,0,1,42450
2026-04-22T05:15:38,12.194937,-67.477974,6.1,12.43,87.2,9,1.7,103.7,4.213,-4.2,0,1,42451
2026-04-22T05:16:07,12.195044,-67.476265,0.4,12.35,89.4,9,1.7,103.5,4.213,-4.4,0,1,42452
2026-04-22T05:16:36,12.195217,-67.474617,-3.1,11.50,87.4,9,1.7,103.7,4.211,-4.2,0,1,42453
2026-04-22T05:17:05,12.195338,-67.472984,0.0,11.67,83.7,9,1.7,103.5,4.210,-4.4,0,1,42454
2026-04-22T05:17:34,12.195396,-67.471268,-4.3,11.26,87.7,8,2.0,103.5,4.211,-4.4,0,1,42455
2026-04-22T05:18:03,12.195690,-67.469604,-2.8,12.91,86.7,9,1.7,103.7,4.210,-4.2,0,1,42456
2026-04-22T05:18:32,12.195787,-67.467926,-5.4,11.91,88.5,10,1.1,103.8,4.213,-4.2,0,1,42457
2026-04-22T05:19:01,12.195864,-67.466331,-5.8,11.80,97.6,9,1.7,103.7,4.211,-4.2,0,1,42458
2026-04-22T05:19:30,12.196111,-67.464577,-9.6,12.09,83.6,9,1.7,103.7,4.213,-4.2,0,1,42459
2026-04-22T05:19:59,12.196217,-67.462914,-16.1,12.69,85.4,7,2.0,103.5,4.210,-4.4,0,1,42460
2026-04-22T05:20:28,12.196149,-67.461365,-22.4,11.98,97.2,9,1.7,103.7,4.211,-4.2,0,1,42461
2026-04-22T05:20:57,12.196392,-67.459747,-29.2,12.16,81.5,9,1.7,103.8,4.211,-4.2,0,1,42462
2026-04-22T05:21:26,12.196492,-67.458069,-30.4,10.97,85.5,8,2.0,103.7,4.210,-4.2,0,1,42463
2026-04-22T05:21:55,12.196723,-67.456383,-27.0,11.38,80.5,9,1.7,103.7,4.210,-4.2,0,1,42464
2026-04-22T05:22:24,12.196838,-67.454742,-28.2,11.00,86.9,8,2.0,103.5,4.213,-4.4,0,1,42465
2026-04-22T05:22:53,12.196960,-67.453117,-31.7,12.01,80.8,8,2.0,103.7,4.211,-4.2,0,1,42466
2026-04-22T05:23:22,12.197070,-67.451500,-29.6,11.99,91.9,8,2.0,103.4,4.211,-4.2,0,1,42467
2026-04-22T05:23:51,12.197175,-67.449883,-27.7,12.70,95.8,8,1.9,103.7,4.213,-4.2,0,1,42468
2026-04-22T05:24:20,12.197306,-67.448189,-36.8,11.80,90.3,9,1.7,103.7,4.213,-4.2,0,1,42469
2026-04-22T05:24:49,12.197442,-67.446556,-36.6,12.23,91.9,8,2.0,103.7,4.210,-4.2,0,1,42470
2026-04-22T05:25:18,12.197472,-67.444939,-39.9,12.06,95.4,7,2.0,103.7,4.209,-4.2,0,1,42471
2026-04-22T05:25:47,12.197625,-67.443344,-38.8,11.03,82.3,9,1.7,103.7,4.210,-4.2,0,1,42472
2026-04-22T05:26:16,12.197880,-67.441605,-34.3,12.90,90.2,9,1.7,103.5,4.210,-4.4,0,1,42473
2026-04-22T05:26:45,12.197990,-67.439995,-36.4,12.21,89.6,9,1.7,103.7,4.210,-4.2,0,1,42474
2026-04-22T05:27:14,12.198252,-67.438354,-25.2,12.62,88.4,9,1.7,103.7,4.211,-4.2,0,1,42475
2026-04-22T05:27:43,12.198490,-67.436714,-27.5,11.20,78.4,8,1.9,103.7,4.211,-4.2,0,1,42476
2026-04-22T05:28:12,12.198560,-67.435043,-29.5,12.21,86.7,6,2.4,103.5,4.211,-4.4,0,1,42477
2026-04-22T05:28:41,12.198713,-67.433334,-26.1,11.63,87.1,8,1.9,103.7,4.210,-4.2,0,1,42478
2026-04-22T05:29:10,12.198883,-67.431709,-27.2,11.29,86.3,6,2.4,103.7,4.211,-4.2,0,1,42479
2026-04-22T05:29:39,12.199034,-67.430054,-30.7,10.55,74.8,7,2.0,103.5,4.211,-4.4,0,1,42480
2026-04-22T05:30:08,12.199310,-67.428322,-27.5,11.95,85.4,8,1.9,103.5,4.211,-4.4,0,1,42481
2026-04-22T05:30:37,12.199513,-67.426620,-23.4,12.49,83.9,8,1.9,103.5,4.213,-4.4,0,1,42482
2026-04-22T05:31:06,12.199805,-67.424858,-10.2,13.00,91.4,7,2.4,103.7,4.211,-4.2,0,1,42483
2026-04-22T05:31:35,12.199940,-67.423248,-13.9,11.18,83.4,8,1.9,103.7,4.211,-4.2,0,1,42484
2026-04-22T05:32:04,12.200049,-67.421631,-21.9,12.76,89.7,8,1.9,103.5,4.210,-4.4,0,1,42485
2026-04-22T05:32:33,12.200210,-67.419922,-28.3,11.73,87.7,8,1.8,103.5,4.210,-4.4,0,1,42486
2026-04-22T05:33:02,12.200267,-67.418198,-37.2,12.70,99.1,9,1.8,103.5,4.210,-4.4,0,1,42487
2026-04-22T05:33:31,12.200426,-67.416565,-38.9,11.85,84.3,9,1.8,103.5,4.210,-4.4,0,1,42488
2026-04-22T05:34:00,12.200630,-67.414841,-32.7,12.27,83.2,8,2.3,103.7,4.210,-4.2,0,1,42489
2026-04-22T05:34:29,12.200760,-67.413177,-25.9,12.10,82.9,7,2.4,103.5,4.211,-4.4,0,1,42490
2026-04-22T05:34:58,12.200975,-67.411514,-14.0,11.93,83.6,8,2.3,103.7,4.211,-4.2,0,1,42491
2026-04-22T05:35:27,12.201078,-67.409958,-5.9,11.94,82.5,7,2.4,103.4,4.210,-4.2,0,1,42492
2026-04-22T05:35:56,12.201224,-67.408279,-9.5,12.57,79.4,9,1.7,103.5,4.213,-4.4,0,1,42493
2026-04-22T05:36:25,12.201270,-67.406654,-13.2,12.39,92.5,7,2.4,103.5,4.210,-4.4,0,1,42494
2026-04-22T05:36:54,12.201447,-67.404999,-15.8,12.08,83.2,7,2.4,103.5,4.213,-4.4,0,1,42495
2026-04-22T05:37:23,12.201557,-67.403374,-17.6,10.61,89.0,8,1.7,103.7,4.210,-4.2,0,1,42496
2026-04-22T05:37:52,12.201680,-67.401733,-23.8,12.46,82.2,7,2.4,103.5,4.210,-4.4,0,1,42497
2026-04-22T05:38:21,12.201774,-67.400085,-27.4,11.26,93.8,7,2.4,103.5,4.211,-4.4,0,1,42498
2026-04-22T05:38:50,12.201776,-67.398529,-35.4,11.52,91.0,9,1.3,103.7,4.211,-4.2,0,1,42499
2026-04-22T05:39:19,12.201806,-67.396889,-34.8,12.46,85.8,10,1.3,103.4,4.211,-4.2,0,1,42500
2026-04-22T05:39:48,12.201881,-67.395233,-39.3,11.57,83.3,9,1.4,103.8,4.211,-4.2,0,1,42501
2026-04-22T05:40:17,12.202012,-67.393600,-34.2,11.62,93.3,8,1.5,103.7,4.210,-4.2,0,1,42502
2026-04-22T05:40:46,12.202075,-67.391937,-36.9,11.90,85.8,10,1.3,103.5,4.209,-4.4,0,1,42503
2026-04-22T05:41:15,12.202202,-67.390274,-38.4,12.08,86.2,9,1.5,103.7,4.211,-4.2,0,1,42504
2026-04-22T05:41:44,12.202327,-67.388657,-43.7,11.42,93.8,9,1.5,103.5,4.211,-4.4,0,1,42505
2026-04-22T05:42:13,12.202518,-67.387016,-52.1,12.31,80.4,9,1.5,103.5,4.211,-4.4,0,1,42506
2026-04-22T05:42:42,12.202597,-67.385361,-52.5,11.83,90.0,9,1.5,103.4,4.211,-4.2,0,1,42507
2026-04-22T05:43:11,12.202714,-67.383682,-43.0,12.44,79.8,10,1.3,103.7,4.211,-4.2,0,1,42508
2026-04-22T05:43:40,12.202920,-67.382042,-34.1,12.49,86.6,8,1.5,103.5,4.211,-4.4,0,1,42509
2026-04-22T05:44:09,12.203007,-67.380424,-31.1,12.83,84.9,9,1.5,103.7,4.210,-4.2,0,1,42510
2026-04-22T05:44:38,12.203243,-67.378761,-20.1,12.81,83.9,9,1.5,103.8,4.213,-4.2,0,1,42511
2026-04-22T05:45:07,12.203383,-67.377098,-13.3,11.85,90.5,8,1.5,103.7,4.211,-4.2,0,1,42512
2026-04-22T05:45:36,12.203578,-67.375412,-5.0,12.27,82.7,8,1.5,103.5,4.210,2755.8,0,1,42513
2026-04-22T05:46:05,12.203730,-67.373772,9.2,11.65,85.3,8,1.5,103.5,4.211,-4.4,0,1,42514
2026-04-22T05:46:34,12.203852,-67.372116,21.6,12.62,88.2,8,1.5,103.7,4.211,-4.2,0,1,42515
2026-04-22T05:47:03,12.203965,-67.370514,22.0,12.96,91.4,8,1.5,103.7,4.210,-4.2,0,1,42516
2026-04-22T05:47:32,12.204137,-67.368904,24.5,10.85,87.5,8,1.5,103.7,4.210,2760.2,0,1,42517
2026-04-22T05:48:01,12.204343,-67.367203,22.1,12.56,81.7,8,1.5,103.5,4.210,-4.4,0,1,42518
2026-04-22T05:48:30,12.204563,-67.365547,35.1,11.58,83.9,8,1.5,103.5,4.211,2755.8,0,1,42519
2026-04-22T05:48:59,12.204680,-67.363937,28.7,11.38,87.2,8,1.5,103.7,4.211,-4.2,0,1,42520
2026-04-22T05:49:28,12.204874,-67.362244,25.8,12.52,81.9,8,1.6,103.7,4.210,-4.2,0,1,42521
2026-04-22T05:49:57,12.205062,-67.360512,24.3,12.74,84.3,8,1.6,103.8,4.210,-4.2,0,1,42522
2026-04-22T05:50:26,12.205156,-67.358887,18.4,12.54,90.2,8,1.6,103.7,4.211,-4.2,0,1,42523
2026-04-22T05:50:55,12.205317,-67.357193,13.9,12.79,82.0,8,1.6,103.8,4.210,-4.2,0,1,42524
2026-04-22T05:51:24,12.205354,-67.355499,14.7,12.48,84.5,8,1.6,103.7,4.211,-4.2,0,1,42525
2026-04-22T05:51:53,12.205642,-67.353836,12.9,11.95,89.0,8,1.6,103.5,4.210,-4.4,0,1,42526
2026-04-22T05:52:22,12.205818,-67.352127,14.8,12.14,85.2,8,1.6,103.7,4.210,-4.2,0,1,42527
2026-04-22T05:52:51,12.205872,-67.350494,18.1,11.98,83.5,8,1.6,103.5,4.211,-4.4,0,1,42528
2026-04-22T05:53:20,12.205994,-67.348801,8.0,11.67,85.1,7,2.1,103.7,4.210,-4.2,0,1,42529
2026-04-22T05:53:49,12.206152,-67.347092,4.7,12.29,81.3,8,1.6,103.5,4.211,-4.4,0,1,42530
2026-04-22T05:54:18,12.206300,-67.345421,-3.0,12.52,75.5,8,1.6,103.7,4.210,-4.2,0,1,42531
2026-04-22T05:54:47,12.206362,-67.343773,-8.7,11.65,86.5,7,1.7,103.5,4.211,-4.4,0,1,42532
2026-04-22T05:55:16,12.206511,-67.342026,-8.0,12.00,79.1,8,1.6,103.7,4.210,-4.2,0,1,42533
2026-04-22T05:55:45,12.206612,-67.340393,-10.6,11.96,88.2,8,1.6,103.8,4.211,-4.2,0,1,42534
2026-04-22T05:56:14,12.206792,-67.338730,-9.9,12.44,82.5,8,1.6,103.4,4.211,-4.2,0,1,42535
2026-04-22T05:56:43,12.206850,-67.337090,-11.8,12.06,92.6,8,1.6,103.5,4.211,-4.4,0,1,42536
2026-04-22T05:57:12,12.207005,-67.335365,-14.7,12.05,80.5,8,1.6,103.4,4.210,-4.2,0,1,42537
2026-04-22T05:57:41,12.207222,-67.333633,-15.4,12.25,86.7,8,1.6,103.7,4.210,-4.2,0,1,42538
2026-04-22T05:58:10,12.207376,-67.332016,-6.1,11.28,90.9,8,1.6,103.5,4.210,-4.4,0,1,42539
2026-04-22T05:58:39,12.207503,-67.330330,-7.1,12.47,90.4,8,1.6,103.5,4.211,-4.4,0,1,42540
2026-04-22T05:59:08,12.207710,-67.328629,-3.9,12.98,80.4,8,1.6,103.5,4.209,-4.4,0,1,42541
2026-04-22T05:59:37,12.207848,-67.326958,-1.5,13.12,83.5,8,1.6,103.4,4.210,-4.2,0,1,42542
2026-04-22T06:00:06,12.208072,-67.325294,-1.2,11.58,85.5,7,1.7,103.7,4.210,-4.2,0,1,42543
2026-04-22T06:00:35,12.208212,-67.323662,3.6,12.41,81.5,7,1.8,103.7,4.211,-4.2,0,1,42544
2026-04-22T06:01:04,12.208235,-67.321976,-1.5,12.35,83.4,8,1.6,103.5,4.210,-4.4,0,1,42545
2026-04-22T06:01:33,12.208339,-67.320244,-15.3,11.90,88.0,8,1.6,103.7,4.210,-4.2,0,1,42546
2026-04-22T06:02:02,12.208637,-67.318550,-7.4,12.68,85.2,8,1.6,103.7,4.211,-4.2,0,1,42547
2026-04-22T06:02:31,12.208792,-67.316887,-6.4,10.26,76.8,8,1.6,103.5,4.210,2755.8,0,1,42548
2026-04-22T06:03:00,12.208926,-67.315201,-4.6,12.34,84.9,8,1.6,103.7,4.210,-4.2,0,1,42549
2026-04-22T06:03:29,12.209032,-67.313507,-8.4,11.75,89.5,7,2.1,103.4,4.211,-4.2,0,1,42550
2026-04-22T06:03:58,12.209115,-67.311859,-21.4,11.64,91.4,8,1.6,103.5,4.210,-4.4,0,1,42551
2026-04-22T06:04:27,12.209212,-67.310135,-23.0,12.10,85.8,8,1.6,103.8,4.210,-4.2,0,1,42552
2026-04-22T06:04:56,12.209322,-67.308525,-18.0,11.92,85.1,8,1.6,103.8,4.210,-4.2,0,1,42553
2026-04-22T06:05:25,12.209490,-67.306915,-24.3,12.09,78.9,7,2.1,104.0,4.210,-4.2,0,1,42554
2026-04-22T06:05:54,12.209620,-67.305191,-24.2,11.87,86.0,8,1.6,103.5,4.210,-4.4,0,1,42555
2026-04-22T06:06:23,12.209757,-67.303474,-27.7,14.89,81.5,8,1.6,103.5,4.210,-4.4,0,1,42556
2026-04-22T06:06:52,12.209860,-67.301788,-26.5,11.79,83.8,8,1.6,103.7,4.211,-4.2,0,1,42557
2026-04-22T06:07:21,12.209962,-67.300194,-26.2,11.89,90.6,8,1.6,103.5,4.211,-4.4,0,1,42558
2026-04-22T06:07:50,12.210136,-67.298569,-22.8,11.34,82.7,8,1.6,103.4,4.211,-4.2,0,1,42559
2026-04-22T06:08:19,12.210403,-67.296898,-24.7,12.65,72.6,8,1.6,103.5,4.211,-4.4,0,1,42560
2026-04-22T06:08:48,12.210424,-67.295219,-26.6,11.27,88.0,8,1.6,103.5,4.211,-4.4,0,1,42561
2026-04-22T06:09:17,12.210597,-67.293571,-26.8,14.68,87.0,9,1.5,103.7,4.213,-4.2,0,1,42562
2026-04-22T06:09:46,12.210745,-67.291924,-17.9,12.31,91.6,9,1.5,103.7,4.209,-4.2,0,1,42563
2026-04-22T06:10:15,12.210845,-67.290245,-16.5,11.19,78.3,9,1.5,103.7,4.210,-4.2,0,1,42564
2026-04-22T06:10:44,12.210940,-67.288536,-14.4,12.30,88.5,9,1.5,103.5,4.211,-4.4,0,1,42565
2026-04-22T06:11:13,12.211052,-67.286842,-10.9,12.46,88.9,9,1.5,103.4,4.211,-4.2,0,1,42566
2026-04-22T06:11:42,12.211257,-67.285149,-9.2,11.92,76.8,9,1.5,103.4,4.209,-4.2,0,1,42567
2026-04-22T06:12:11,12.211407,-67.283470,-9.0,12.91,84.9,8,1.8,103.5,4.210,-4.4,0,1,42568
2026-04-22T06:12:40,12.211598,-67.281807,-6.8,12.79,86.8,9,1.5,103.7,4.211,-4.2,0,1,42569
2026-04-22T06:13:09,12.211842,-67.280159,-5.9,11.81,83.9,9,1.5,103.5,4.210,-4.4,0,1,42570
2026-04-22T06:13:38,12.211978,-67.278481,-9.2,12.97,87.8,9,1.5,103.4,4.211,-4.2,0,1,42571
2026-04-22T06:14:07,12.212153,-67.276840,-13.7,11.82,82.7,9,1.5,103.4,4.211,-4.2,0,1,42572
2026-04-22T06:14:36,12.212320,-67.275177,-13.4,12.41,84.5,9,1.5,103.5,4.209,-4.4,0,1,42573
2026-04-22T06:15:05,12.212526,-67.273476,-9.0,9.62,82.6,9,1.5,103.7,4.211,-4.2,0,1,42574
2026-04-22T06:15:34,12.212657,-67.271812,-8.6,12.31,89.0,9,1.5,103.4,4.211,-4.2,0,1,42575
2026-04-22T06:16:03,12.212753,-67.270149,-11.2,12.72,86.8,9,1.5,103.7,4.211,-4.2,0,1,42576
2026-04-22T06:16:32,12.212837,-67.268456,-11.1,12.41,85.5,9,1.5,103.5,4.211,-4.4,0,1,42577
2026-04-22T06:17:01,12.213054,-67.266815,-7.7,12.22,78.7,9,1.5,103.5,4.210,-4.4,0,1,42578
2026-04-22T06:17:30,12.213164,-67.265137,-10.1,11.81,81.8,9,1.5,103.7,4.211,-4.2,0,1,42579
2026-04-22T06:17:59,12.213433,-67.263435,-0.4,12.85,76.0,9,1.5,103.4,4.211,2751.6,0,1,42580
2026-04-22T06:18:28,12.213543,-67.261749,2.0,13.01,87.7,9,1.5,103.5,4.209,-4.4,0,1,42581
2026-04-22T06:18:57,12.213688,-67.260040,1.7,13.02,83.2,9,1.5,103.5,4.210,-4.4,0,1,42582
2026-04-22T06:19:26,12.213757,-67.258400,-1.2,12.22,95.1,9,1.5,103.7,4.211,-4.2,0,1,42583
2026-04-22T06:19:55,12.213837,-67.256744,-8.3,12.16,83.9,9,1.5,103.5,4.210,-4.4,0,1,42584
2026-04-22T06:20:24,12.214017,-67.255051,-8.9,12.99,83.4,9,1.5,103.5,4.211,-4.4,0,1,42585
2026-04-22T06:20:53,12.214053,-67.253418,-9.1,11.29,95.8,9,1.5,103.7,4.210,-4.2,0,1,42586
2026-04-22T06:21:22,12.214197,-67.251709,-10.6,12.43,85.1,9,1.5,103.7,4.209,-4.2,0,1,42587
2026-04-22T06:21:51,12.214328,-67.250061,-13.5,13.02,89.5,9,1.5,103.7,4.210,-4.2,0,1,42588
2026-04-22T06:22:20,12.214454,-67.248398,-17.5,11.44,85.4,9,1.5,103.7,4.210,-4.2,0,1,42589
2026-04-22T06:22:49,12.214572,-67.246750,-24.1,11.19,92.4,9,1.5,103.4,4.211,-4.2,0,1,42590
2026-04-22T06:23:18,12.214792,-67.244995,-26.4,11.71,82.4,9,1.5,103.7,4.210,-4.2,0,1,42591
2026-04-22T06:23:47,12.214908,-67.243324,-29.8,11.97,79.3,9,1.5,103.5,4.211,-4.4,0,1,42592
2026-04-22T06:24:16,12.215020,-67.241676,-27.6,11.56,90.1,9,1.5,103.5,4.210,-4.4,0,1,42593
2026-04-22T06:24:45,12.215166,-67.239983,-30.7,10.77,77.8,9,1.5,103.7,4.209,-4.2,0,1,42594
2026-04-22T06:25:14,12.215319,-67.238281,-31.5,12.15,84.8,8,1.6,103.5,4.210,-4.4,0,1,42595
2026-04-22T06:25:43,12.215409,-67.236626,-33.0,12.63,88.3,9,1.4,103.7,4.210,-4.2,0,1,42596
2026-04-22T06:26:12,12.215533,-67.234955,-31.8,11.85,83.0,9,1.4,103.5,4.210,-4.4,0,1,42597
2026-04-22T06:26:41,12.215714,-67.233253,-25.5,12.85,82.3,9,1.4,103.7,4.210,-4.2,0,1,42598
2026-04-22T06:27:10,12.215848,-67.231613,-20.0,11.95,79.1,9,1.4,103.5,4.210,-4.4,0,1,42599
2026-04-22T06:27:39,12.215874,-67.229919,-25.7,12.69,92.6,9,1.4,103.7,4.210,-4.2,0,1,42600
2026-04-22T06:28:08,12.215874,-67.228233,-33.9,12.16,88.8,9,1.4,103.4,4.213,-4.2,0,1,42601
2026-04-22T06:28:37,12.215952,-67.226540,-35.5,12.49,87.3,9,1.4,103.7,4.211,-4.2,0,1,42602
2026-04-22T06:29:06,12.216060,-67.224861,-30.8,11.29,87.7,9,1.4,103.5,4.211,-4.4,0,1,42603
2026-04-22T06:29:35,12.216225,-67.223190,-23.3,12.68,79.4,9,1.4,103.4,4.210,-4.2,0,1,42604
2026-04-22T06:30:04,12.216268,-67.221527,-18.9,12.06,102.8,9,1.4,103.7,4.210,-4.2,0,1,42605
2026-04-22T06:30:33,12.216367,-67.219856,-16.6,11.85,93.0,9,1.4,103.7,4.211,-4.2,0,1,42606
2026-04-22T06:31:02,12.216463,-67.218155,-13.9,14.75,101.3,9,1.4,103.7,4.211,-4.2,0,1,42607
2026-04-22T06:31:31,12.216759,-67.216469,-4.4,12.38,78.8,9,1.4,103.5,4.210,-4.4,0,1,42608
2026-04-22T06:32:00,12.216896,-67.214813,-2.5,11.60,81.0,9,1.4,103.5,4.210,-4.4,0,1,42609
2026-04-22T06:32:29,12.217011,-67.213135,-1.3,12.80,94.6,9,1.4,103.7,4.209,-4.2,0,1,42610
2026-04-22T06:32:58,12.217123,-67.211464,-3.9,12.22,77.1,9,1.4,103.7,4.209,-4.2,0,1,42611
2026-04-22T06:33:27,12.217213,-67.209793,-4.6,11.90,83.9,9,1.4,103.7,4.210,-4.2,0,1,42612
2026-04-22T06:33:56,12.217340,-67.208138,-5.8,11.11,87.2,9,1.4,103.7,4.210,-4.2,0,1,42613
2026-04-22T06:34:25,12.217397,-67.206451,-6.6,12.34,87.2,9,1.6,103.4,4.211,-4.2,0,1,42614
2026-04-22T06:34:54,12.217462,-67.204803,-12.1,12.08,90.6,9,1.4,103.8,4.210,-4.2,0,1,42615
2026-04-22T06:35:23,12.217631,-67.203087,-6.6,11.89,78.1,9,1.4,103.7,4.210,-4.2,0,1,42616
2026-04-22T06:35:52,12.217752,-67.201378,1.8,11.67,82.9,9,1.4,103.4,4.210,-4.2,0,1,42617
2026-04-22T06:36:21,12.217823,-67.199699,0.4,12.34,87.9,9,1.4,103.5,4.210,-4.4,0,1,42618
2026-04-22T06:36:50,12.217898,-67.198021,1.0,12.46,90.5,9,1.4,103.7,4.211,-4.2,0,1,42619
2026-04-22T06:37:19,12.217991,-67.196350,-4.2,12.11,84.7,9,1.4,103.7,4.211,-4.2,0,1,42620
2026-04-22T06:37:48,12.218095,-67.194695,-10.5,11.60,88.1,9,1.3,103.5,4.209,-4.4,0,1,42621
2026-04-22T06:38:17,12.218291,-67.193008,-11.3,11.77,88.4,8,2.5,103.4,4.209,-4.2,0,1,42622
2026-04-22T06:38:46,12.218633,-67.191406,-9.7,11.32,80.1,9,1.3,103.4,4.210,-4.2,0,1,42623
2026-04-22T06:39:15,12.218733,-67.189743,-13.1,12.19,85.7,8,2.6,103.4,4.209,-4.2,0,1,42624
2026-04-22T06:39:44,12.218869,-67.188011,-8.2,12.98,80.6,9,1.3,103.4,4.210,-4.2,0,1,42625
2026-04-22T06:40:13,12.219005,-67.186310,-3.4,12.31,86.6,8,2.7,103.4,4.209,-4.2,0,1,42626
2026-04-22T06:40:42,12.219107,-67.184624,-4.7,12.33,88.7,8,2.6,103.7,4.210,-4.2,0,1,42627
2026-04-22T06:41:11,12.219233,-67.182930,-13.9,12.43,78.6,8,2.6,103.5,4.209,-4.4,0,1,42628
2026-04-22T06:41:40,12.219306,-67.181252,-16.2,11.54,88.4,8,2.6,103.5,4.209,-4.4,0,1,42629
2026-04-22T06:42:09,12.219448,-67.179558,-19.3,12.98,90.5,8,2.6,103.4,4.209,-4.2,0,1,42630
2026-04-22T06:42:38,12.219559,-67.177872,-23.9,11.82,87.7,8,2.6,103.5,4.210,-4.4,0,1,42631
2026-04-22T06:43:07,12.219818,-67.176239,-37.8,12.31,85.1,9,1.3,103.5,4.211,-4.4,0,1,42632
2026-04-22T06:43:36,12.219854,-67.174576,-36.1,12.67,82.9,9,1.3,103.7,4.211,-4.2,0,1,42633
2026-04-22T06:44:05,12.220013,-67.172882,-42.3,11.66,81.5,9,1.3,103.7,4.211,-4.2,0,1,42634
2026-04-22T06:44:34,12.220233,-67.171204,-43.9,12.98,89.1,9,1.3,103.7,4.210,-4.2,0,1,42635
2026-04-22T06:45:03,12.220197,-67.169487,-42.0,11.20,88.9,7,2.7,103.7,4.210,-4.2,0,1,42636
2026-04-22T06:45:32,12.220374,-67.167778,-45.9,11.80,97.9,8,1.3,103.4,4.210,-4.2,0,1,42637
2026-04-22T06:46:01,12.220514,-67.166077,-42.9,11.97,92.9,7,2.7,103.5,4.211,-4.4,0,1,42638
2026-04-22T06:46:30,12.220636,-67.164383,-40.3,12.31,83.8,8,1.3,103.4,4.210,-4.2,0,1,42639
2026-04-22T06:46:59,12.220811,-67.162682,-53.4,12.28,89.0,8,1.3,103.5,4.210,-4.4,0,1,42640
2026-04-22T06:47:28,12.220891,-67.160957,-43.3,13.34,85.4,8,1.3,103.7,4.210,-4.2,0,1,42641
2026-04-22T06:47:57,12.220888,-67.159225,-21.2,12.49,87.0,8,1.3,103.5,4.209,-4.4,0,1,42642
2026-04-22T06:48:26,12.220939,-67.157509,-26.1,11.70,86.6,7,2.8,103.5,4.210,-4.4,0,1,42643
2026-04-22T06:48:55,12.220840,-67.155754,-18.6,13.93,88.0,7,2.8,103.5,4.209,-4.4,0,1,42644
2026-04-22T06:49:24,12.220966,-67.154045,-14.2,13.75,79.1,7,2.8,103.5,4.210,-4.4,0,1,42645
2026-04-22T06:49:53,12.220966,-67.152336,-0.9,11.98,85.6,7,2.8,103.7,4.209,-4.2,0,1,42646
2026-04-22T06:50:22,12.220738,-67.150581,13.6,12.06,93.7,7,2.9,103.4,4.210,-4.2,0,1,42647
2026-04-22T06:50:51,12.220736,-67.148880,23.0,10.87,83.8,7,2.9,103.5,4.210,-4.4,0,1,42648
2026-04-22T06:51:20,12.220828,-67.147148,20.4,12.81,85.6,7,2.9,103.4,4.209,-4.2,0,1,42649
2026-04-22T06:51:49,12.220959,-67.145447,14.1,11.68,89.7,7,2.9,103.4,4.210,-4.2,0,1,42650
2026-04-22T06:52:18,12.221096,-67.143723,18.0,13.72,97.0,8,1.2,103.4,4.210,-4.2,0,1,42651
2026-04-22T06:52:47,12.221292,-67.142082,22.1,12.35,86.6,7,2.9,103.5,4.210,-4.4,0,1,42652
2026-04-22T06:53:16,12.221480,-67.140358,27.7,12.62,82.8,8,1.2,103.5,4.210,-4.4,0,1,42653
2026-04-22T06:53:45,12.221536,-67.138657,25.9,13.12,96.3,8,1.2,103.5,4.210,-4.4,0,1,42654
2026-04-22T06:54:14,12.221642,-67.136955,24.6,13.14,101.3,8,1.2,103.5,4.210,-4.4,0,1,42655
2026-04-22T06:54:43,12.221840,-67.135262,24.2,12.34,87.4,8,1.2,103.4,4.210,-4.2,0,1,42656
2026-04-22T06:55:12,12.222020,-67.133560,32.6,12.89,82.4,7,3.0,103.5,4.210,-4.4,0,1,42657
2026-04-22T06:55:41,12.222205,-67.131882,32.4,12.77,81.8,7,3.0,103.5,4.210,-4.4,0,1,42658
2026-04-22T06:56:10,12.222288,-67.130226,20.7,11.92,82.8,7,3.0,103.5,4.211,-4.4,0,1,42659
2026-04-22T06:56:39,12.222517,-67.128532,17.7,13.29,86.4,7,3.0,103.4,4.211,-4.2,0,1,42660
2026-04-22T06:57:08,12.222623,-67.126892,15.3,10.63,86.5,7,3.0,103.4,4.209,-4.2,0,1,42661
2026-04-22T06:57:37,12.222991,-67.125275,1.2,12.51,100.4,8,2.5,103.4,4.211,-4.2,0,1,42662
2026-04-22T06:58:06,12.223322,-67.123619,-10.6,12.46,71.4,8,2.5,103.4,4.210,-4.2,0,1,42663
2026-04-22T06:58:35,12.223231,-67.121918,-17.9,13.19,91.8,9,1.8,103.5,4.210,-4.4,0,1,42664
2026-04-22T06:59:04,12.223372,-67.120262,-16.1,11.89,93.1,9,1.8,103.7,4.210,-4.2,0,1,42665
2026-04-22T06:59:33,12.223550,-67.118553,-14.2,13.07,93.0,9,1.8,103.4,4.210,-4.2,0,1,42666
2026-04-22T07:00:02,12.223784,-67.116875,-3.6,14.64,86.4,9,1.8,103.7,4.210,-4.2,0,1,42667
2026-04-22T07:00:31,12.223837,-67.115173,-14.9,12.08,81.7,9,1.8,103.5,4.210,-4.4,0,1,42668
2026-04-22T07:01:00,12.223982,-67.113495,-15.6,11.92,78.5,10,1.6,103.5,4.211,-4.4,0,1,42669
2026-04-22T07:01:29,12.224226,-67.111855,-2.3,12.78,89.2,10,1.6,103.4,4.209,-4.2,0,1,42670
2026-04-22T07:01:58,12.224363,-67.110153,-5.0,12.93,83.4,10,1.6,103.5,4.210,-4.4,0,1,42671
2026-04-22T07:02:27,12.224506,-67.108437,-10.8,15.11,84.7,10,1.6,103.4,4.210,-4.2,0,1,42672
2026-04-22T07:02:56,12.224750,-67.106766,3.6,12.48,79.6,10,1.6,103.7,4.209,-4.2,0,1,42673
2026-04-22T07:03:25,12.224863,-67.105072,8.0,12.94,95.1,10,1.6,103.7,4.209,2760.2,0,1,42674
2026-04-22T07:03:54,12.225026,-67.103363,6.5,13.52,83.1,10,1.6,103.5,4.209,-4.4,0,1,42675
2026-04-22T07:04:23,12.225188,-67.101677,10.5,11.97,85.2,10,1.7,103.5,4.209,-4.4,0,1,42676
2026-04-22T07:04:52,12.225194,-67.099945,18.9,13.16,90.6,10,1.7,103.5,4.210,-4.4,0,1,42677
2026-04-22T07:05:21,12.225322,-67.098259,17.2,12.65,88.8,10,1.7,103.7,4.211,-4.2,0,1,42678
2026-04-22T07:05:50,12.225538,-67.096535,17.6,12.21,83.1,9,1.8,103.8,4.210,-4.2,0,1,42679
2026-04-22T07:06:19,12.225565,-67.094841,22.7,11.88,83.1,9,1.8,103.5,4.209,-4.4,0,1,42680
2026-04-22T07:06:48,12.225731,-67.093163,8.9,12.36,86.4,9,1.8,103.4,4.211,-4.2,0,1,42681
2026-04-22T07:07:17,12.225842,-67.091492,1.9,12.32,85.2,9,1.8,103.5,4.210,-4.4,0,1,42682
2026-04-22T07:07:46,12.225899,-67.089821,-4.9,11.53,88.8,9,1.8,103.5,4.210,-4.4,0,1,42683
2026-04-22T07:08:15,12.226083,-67.088074,8.8,12.75,90.5,9,1.8,103.4,4.210,2751.6,0,1,42684
2026-04-22T07:08:44,12.226185,-67.086388,2.8,11.63,92.5,9,1.8,103.5,4.211,-4.4,0,1,42685
2026-04-22T07:09:13,12.226459,-67.084694,6.2,12.77,92.0,9,1.8,103.5,4.210,-4.4,0,1,42686
2026-04-22T07:09:42,12.226589,-67.083000,2.5,12.94,85.6,9,1.8,103.4,4.209,-4.2,0,1,42687
2026-04-22T07:10:11,12.226696,-67.081306,-0.8,11.93,87.4,9,1.8,103.4,4.211,-4.2,0,1,42688
2026-04-22T07:10:40,12.226831,-67.079597,-3.7,11.42,88.0,9,1.8,103.5,4.210,-4.4,0,1,42689
2026-04-22T07:11:09,12.226993,-67.077965,-5.2,12.59,80.5,9,1.8,103.5,4.210,-4.4,0,1,42690
2026-04-22T07:11:38,12.227110,-67.076248,-2.8,12.65,91.6,9,1.8,103.7,4.211,-4.2,0,1,42691
2026-04-22T07:12:07,12.227249,-67.074524,-3.8,10.11,85.7,9,1.8,103.2,4.209,-4.2,0,1,42692
2026-04-22T07:12:36,12.227393,-67.072838,-0.2,11.57,81.6,9,1.9,103.4,4.209,-4.2,0,1,42693
2026-04-22T07:13:05,12.227605,-67.071190,-7.2,13.00,74.1,9,1.9,103.4,4.209,-4.2,0,1,42694
2026-04-22T07:13:34,12.227632,-67.069443,-2.3,11.52,85.4,9,1.9,103.5,4.209,-4.4,0,1,42695
2026-04-22T07:14:03,12.227751,-67.067749,0.1,10.17,74.6,9,1.9,103.5,4.209,-4.4,0,1,42696
2026-04-22T07:14:32,12.227860,-67.066063,-7.8,11.67,86.0,8,1.9,103.5,4.210,-4.4,0,1,42697
2026-04-22T07:15:01,12.228004,-67.064362,-12.3,11.43,84.2,9,1.9,103.7,4.210,-4.2,0,1,42698
2026-04-22T07:15:30,12.228118,-67.062675,-8.3,11.88,77.6,9,1.9,103.4,4.211,-4.2,0,1,42699
2026-04-22T07:15:59,12.228325,-67.061020,-0.2,11.59,81.9,9,1.9,103.5,4.210,-4.4,0,1,42700
2026-04-22T07:16:28,12.228438,-67.059334,-7.6,10.99,85.4,9,1.9,103.8,4.210,-4.2,0,1,42701
2026-04-22T07:16:57,12.228586,-67.057617,-12.8,12.13,76.6,9,1.9,103.4,4.209,-4.2,0,1,42702
2026-04-22T07:17:26,12.228751,-67.055931,-6.3,11.78,71.9,9,1.9,103.7,4.210,-4.2,0,1,42703
2026-04-22T07:17:55,12.228903,-67.054260,-14.9,12.28,87.9,9,1.9,103.8,4.209,-4.2,0,1,42704
2026-04-22T07:18:24,12.229085,-67.052567,-11.5,11.61,83.4,9,1.9,103.5,4.210,-4.4,0,1,42705
2026-04-22T07:18:53,12.229305,-67.050888,-1.0,12.12,87.1,9,1.9,103.7,4.211,-4.2,0,1,42706
2026-04-22T07:19:22,12.229509,-67.049210,-0.7,11.69,82.3,8,2.0,103.4,4.209,-4.2,0,1,42707
2026-04-22T07:19:51,12.229620,-67.047562,-10.7,11.81,80.3,9,1.9,103.7,4.210,-4.2,0,1,42708
2026-04-22T07:20:20,12.229667,-67.045868,-24.3,11.35,80.8,9,1.9,103.5,4.210,-4.4,0,1,42709
2026-04-22T07:20:49,12.229883,-67.044121,-24.0,12.66,73.9,9,1.9,103.4,4.210,-4.2,0,1,42710
2026-04-22T07:21:18,12.230068,-67.042465,-14.4,12.10,95.4,9,1.9,103.5,4.210,-4.4,0,1,42711
2026-04-22T07:21:47,12.230160,-67.040749,-20.1,12.84,90.4,9,1.9,103.4,4.209,-4.2,0,1,42712
2026-04-22T07:22:16,12.230368,-67.039055,-14.1,12.66,81.3,9,1.9,103.4,4.213,-4.2,0,1,42713
2026-04-22T07:22:45,12.230531,-67.037430,-5.0,11.68,90.9,9,1.9,103.7,4.209,-4.2,0,1,42714
2026-04-22T07:23:14,12.230663,-67.035706,-18.1,12.59,80.9,9,1.9,103.4,4.210,-4.2,0,1,42715
2026-04-22T07:23:43,12.230839,-67.034019,-9.3,11.12,85.4,9,1.9,103.4,4.210,-4.2,0,1,42716
2026-04-22T07:24:12,12.230958,-67.032333,-11.6,12.01,90.4,9,1.9,103.4,4.211,-4.2,0,1,42717
2026-04-22T07:24:41,12.231173,-67.030647,-6.6,12.64,81.3,9,1.9,103.4,4.209,-4.2,0,1,42718
2026-04-22T07:25:10,12.231315,-67.028946,-1.4,12.08,83.9,9,1.9,103.4,4.210,-4.2,0,1,42719
2026-04-22T07:25:39,12.231455,-67.027252,-1.9,12.52,83.3,9,1.9,103.4,4.213,-4.2,0,1,42720
2026-04-22T07:26:08,12.231608,-67.025551,3.1,12.42,84.2,9,1.9,103.5,4.209,-4.4,0,1,42721
2026-04-22T07:26:37,12.231723,-67.023865,0.0,11.96,75.6,9,1.9,103.7,4.211,-4.2,0,1,42722
2026-04-22T07:27:06,12.231783,-67.022179,-12.2,11.75,85.1,9,1.9,103.5,4.210,-4.4,0,1,42723
2026-04-22T07:27:35,12.231988,-67.020470,-12.1,11.52,86.3,9,1.9,103.4,4.210,-4.2,0,1,42724
2026-04-22T07:28:04,12.232133,-67.018730,-12.7,12.24,93.1,9,1.9,103.8,4.210,-4.2,0,1,42725
2026-04-22T07:28:33,12.232211,-67.017067,-9.2,12.10,85.9,9,1.9,103.7,4.210,-4.2,0,1,42726
2026-04-22T07:29:02,12.232373,-67.015350,-0.5,11.99,79.9,9,1.9,103.8,4.210,-4.2,0,1,42727
2026-04-22T07:29:31,12.232626,-67.013634,-5.4,11.76,77.8,9,1.9,103.5,4.210,-4.4,0,1,42728
2026-04-22T07:30:00,12.232773,-67.011932,-4.5,12.01,88.2,9,1.9,103.7,4.211,-4.2,0,1,42729
2026-04-22T07:30:29,12.232976,-67.010208,1.8,13.04,75.6,8,1.9,103.5,4.209,-4.4,0,1,42730
2026-04-22T07:30:58,12.233114,-67.008522,3.2,12.66,78.7,9,1.7,103.7,4.210,-4.2,0,1,42731
2026-04-22T07:31:27,12.233285,-67.006798,0.4,12.22,80.3,9,1.7,103.7,4.209,-4.2,0,1,42732
2026-04-22T07:31:56,12.233394,-67.005104,-0.6,12.42,81.0,9,1.7,103.7,4.209,-4.2,0,1,42733
2026-04-22T07:32:25,12.233521,-67.003387,-2.3,12.55,87.8,9,1.7,103.7,4.210,-4.2,0,1,42734
2026-04-22T07:32:54,12.233645,-67.001724,3.8,11.84,83.7,9,1.7,103.4,4.210,-4.2,0,1,42735
2026-04-22T07:33:23,12.233744,-67.000023,-7.7,12.27,90.5,9,1.7,103.7,4.211,-4.2,0,1,42736
2026-04-22T07:33:52,12.233904,-66.998329,-3.9,11.15,77.8,9,1.7,103.7,4.209,-4.2,0,1,42737
2026-04-22T07:34:21,12.234081,-66.996628,-0.8,11.51,78.3,8,1.9,103.4,4.211,2751.6,0,1,42738
2026-04-22T07:34:50,12.234260,-66.994919,-1.7,11.39,82.1,9,1.6,103.5,4.211,-4.4,0,1,42739
2026-04-22T07:35:19,12.234354,-66.993217,-8.6,12.11,84.1,9,1.6,103.7,4.210,-4.2,0,1,42740
2026-04-22T07:35:48,12.234428,-66.991463,-3.3,11.95,87.9,9,1.6,103.4,4.210,-4.2,0,1,42741
2026-04-22T07:36:17,12.234558,-66.989807,-3.4,13.05,90.1,9,1.6,103.4,4.209,-4.2,0,1,42742
2026-04-22T07:36:46,12.234784,-66.988091,-2.0,11.46,79.2,10,1.5,103.5,4.211,-4.4,0,1,42743
2026-04-22T07:37:15,12.234984,-66.986374,-3.9,12.48,82.0,9,1.5,103.5,4.210,-4.4,0,1,42744
2026-04-22T07:37:44,12.235158,-66.984726,0.2,11.67,73.0,10,1.5,103.5,4.209,-4.4,0,1,42745
2026-04-22T07:38:13,12.235395,-66.983025,4.4,11.40,77.4,10,1.5,103.8,4.210,-4.2,0,1,42746
2026-04-22T07:38:42,12.235557,-66.981316,3.8,11.63,77.7,9,1.5,103.7,4.210,-4.2,0,1,42747
2026-04-22T07:39:11,12.235750,-66.979591,14.4,12.44,81.4,10,1.4,103.4,4.210,-4.2,0,1,42748
2026-04-22T07:39:40,12.235837,-66.977898,5.4,12.88,84.6,10,1.4,103.5,4.209,-4.4,0,1,42749
2026-04-22T07:40:09,12.235988,-66.976173,12.0,11.90,87.2,10,1.4,103.5,4.210,-4.4,0,1,42750
2026-04-22T07:40:38,12.236096,-66.974487,8.4,12.74,87.3,9,1.5,103.5,4.210,-4.4,0,1,42751
2026-04-22T07:41:07,12.236064,-66.972710,6.4,11.42,85.2,9,1.5,103.4,4.209,-4.2,0,1,42752
2026-04-22T07:41:36,12.236227,-66.970932,2.5,13.33,89.2,8,2.1,103.7,4.210,-4.2,0,1,42753
2026-04-22T07:42:05,12.236362,-66.969200,6.4,11.95,85.5,9,1.5,103.7,4.210,-4.2,0,1,42754
2026-04-22T07:42:34,12.236512,-66.967537,0.0,12.60,90.1,8,2.1,103.5,4.210,-4.4,0,1,42755
2026-04-22T07:43:03,12.236683,-66.965836,0.0,12.22,84.1,10,1.4,103.5,4.209,-4.4,0,1,42756
2026-04-22T07:43:32,12.236700,-66.964066,-2.1,13.66,84.5,9,1.5,103.4,4.211,-4.2,0,1,42757
2026-04-22T07:44:01,12.236871,-66.962372,-3.1,12.20,81.9,8,1.7,103.5,4.209,-4.4,0,1,42758
2026-04-22T07:44:30,12.237003,-66.960686,5.2,12.38,86.6,9,1.5,103.4,4.210,-4.2,0,1,42759
2026-04-22T07:44:59,12.237290,-66.959015,6.8,11.35,93.4,10,1.4,103.5,4.211,-4.4,0,1,42760
2026-04-22T07:45:28,12.237556,-66.957298,-0.8,13.08,80.2,10,1.4,103.7,4.209,-4.2,0,1,42761
2026-04-22T07:45:57,12.237657,-66.955574,3.0,11.57,87.0,9,1.5,103.5,4.210,-4.4,0,1,42762
2026-04-22T07:46:26,12.237812,-66.953888,-2.8,12.85,78.7,10,1.4,103.5,4.211,-4.4,0,1,42763
2026-04-22T07:46:55,12.237926,-66.952179,-3.7,12.33,86.0,10,1.4,103.7,4.209,-4.2,0,1,42764
2026-04-22T07:47:24,12.238032,-66.950462,-8.8,12.79,84.4,9,1.4,103.4,4.210,-4.2,0,1,42765
2026-04-22T07:47:53,12.238209,-66.948761,-8.3,12.63,86.1,10,1.3,103.7,4.210,-4.2,0,1,42766
2026-04-22T07:48:22,12.238332,-66.947067,-8.6,12.69,80.9,9,1.4,103.5,4.207,-4.4,0,1,42767
2026-04-22T07:48:51,12.238523,-66.945366,-12.2,12.62,80.4,10,1.3,103.4,4.210,-4.2,0,1,42768
2026-04-22T07:49:20,12.238604,-66.943680,-13.4,12.38,92.7,10,1.3,103.4,4.210,-4.2,0,1,42769
2026-04-22T07:49:49,12.238835,-66.941948,-5.0,13.11,76.5,10,1.3,103.5,4.210,-4.4,0,1,42770
2026-04-22T07:50:18,12.238960,-66.940269,-9.2,12.20,88.3,10,1.3,103.5,4.211,-4.4,0,1,42771
2026-04-22T07:50:47,12.239072,-66.938553,-10.6,11.51,82.6,10,1.3,103.4,4.209,-4.2,0,1,42772
2026-04-22T07:51:16,12.239259,-66.936867,-11.5,12.52,86.5,10,1.3,103.5,4.210,-4.4,0,1,42773
2026-04-22T07:51:45,12.239432,-66.935081,-10.7,13.41,93.8,9,1.8,103.4,4.210,-4.2,0,1,42774
2026-04-22T07:52:14,12.239523,-66.933342,-15.4,12.66,86.8,10,1.3,103.4,4.210,-4.2,0,1,42775
2026-04-22T07:52:43,12.239636,-66.931664,-17.4,12.12,87.9,10,1.3,103.5,4.209,-4.4,0,1,42776
2026-04-22T07:53:12,12.239809,-66.929962,-16.9,12.74,88.7,10,1.3,103.4,4.213,-4.2,0,1,42777
2026-04-22T07:53:41,12.239915,-66.928322,-14.6,13.25,86.0,10,1.3,103.4,4.211,-4.2,0,1,42778
2026-04-22T07:54:10,12.240040,-66.926544,-15.8,12.96,86.7,10,1.3,103.4,4.207,-4.2,0,1,42779
2026-04-22T07:54:39,12.240208,-66.924873,-11.9,11.94,84.3,10,1.3,103.7,4.210,-4.2,0,1,42780
2026-04-22T07:55:08,12.240398,-66.923149,-7.0,13.49,81.7,10,1.3,103.7,4.210,-4.2,0,1,42781
2026-04-22T07:55:37,12.240487,-66.921417,-8.8,12.40,87.7,10,1.3,103.2,4.211,-4.2,0,1,42782
2026-04-22T07:56:06,12.240594,-66.919693,-7.2,11.67,88.7,10,1.2,103.5,4.209,-4.4,0,1,42783
2026-04-22T07:56:35,12.240790,-66.917976,3.2,12.47,82.2,9,1.8,103.5,4.210,-4.4,0,1,42784
2026-04-22T07:57:04,12.240862,-66.916267,2.3,12.59,99.0,10,1.2,103.8,4.210,-4.2,0,1,42785
2026-04-22T07:57:33,12.241032,-66.914551,2.8,11.47,81.9,10,1.2,103.5,4.210,-4.4,0,1,42786
2026-04-22T07:58:02,12.241184,-66.912804,0.5,11.37,89.5,10,1.2,103.4,4.209,-4.2,0,1,42787
2026-04-22T07:58:31,12.241312,-66.911072,-0.6,11.95,92.8,10,1.2,103.7,4.210,-4.2,0,1,42788
2026-04-22T07:59:00,12.241422,-66.909386,-1.6,11.99,89.6,10,1.2,103.5,4.210,-4.4,0,1,42789
2026-04-22T07:59:29,12.241609,-66.907661,1.4,11.06,78.2,10,1.2,103.5,4.209,-4.4,0,1,42790
2026-04-22T07:59:58,12.241667,-66.905930,7.7,12.86,97.5,10,1.2,103.4,4.211,-4.2,0,1,42791
2026-04-22T08:00:27,12.241838,-66.904236,6.8,12.27,81.5,9,1.7,103.7,4.211,-4.2,0,1,42792
2026-04-22T08:00:56,12.241984,-66.902542,10.3,12.36,75.7,10,1.2,103.8,4.209,-4.2,0,1,42793
2026-04-22T08:01:25,12.242108,-66.900810,13.1,12.32,90.2,9,1.7,103.5,4.210,-4.4,0,1,42794
2026-04-22T08:01:54,12.242235,-66.899132,18.7,12.71,89.6,9,1.7,103.4,4.210,-4.2,0,1,42795
2026-04-22T08:02:23,12.242367,-66.897446,13.4,12.19,84.9,9,1.7,103.5,4.209,-4.4,0,1,42796
2026-04-22T08:02:52,12.242512,-66.895752,18.3,12.55,88.5,9,1.7,103.4,4.209,-4.2,0,1,42797
2026-04-22T08:03:21,12.242547,-66.894035,8.8,12.81,91.6,9,1.7,103.5,4.210,-4.4,0,1,42798
2026-04-22T08:03:50,12.242725,-66.892303,10.2,12.53,81.3,9,1.6,103.5,4.209,-4.4,0,1,42799
2026-04-22T08:04:19,12.242922,-66.890610,12.4,12.12,85.0,9,1.6,103.5,4.209,-4.4,0,1,42800
2026-04-22T08:04:48,12.243104,-66.888878,14.7,13.98,77.2,9,1.6,103.5,4.210,-4.4,0,1,42801
2026-04-22T08:05:17,12.243152,-66.887199,10.2,12.17,91.6,9,1.6,103.5,4.210,-4.4,0,1,42802
2026-04-22T08:05:46,12.243425,-66.885475,17.9,12.32,77.9,9,1.6,103.4,4.210,-4.2,0,1,42803
2026-04-22T08:06:15,12.243544,-66.883766,14.6,12.38,84.5,9,1.6,103.7,4.209,-4.2,0,1,42804
2026-04-22T08:06:44,12.243682,-66.882088,20.1,11.84,90.2,9,1.6,103.5,4.210,-4.4,0,1,42805
2026-04-22T08:07:13,12.243871,-66.880356,25.6,12.53,91.5,9,1.6,103.5,4.209,-4.4,0,1,42806
2026-04-22T08:07:42,12.244040,-66.878601,27.3,12.36,79.7,10,1.1,103.4,4.211,-4.2,0,1,42807
2026-04-22T08:08:11,12.244167,-66.876938,28.2,12.05,82.3,9,1.6,103.7,4.211,-4.2,0,1,42808
2026-04-22T08:08:40,12.244395,-66.875229,36.7,13.49,71.6,9,1.6,103.5,4.209,-4.4,0,1,42809
2026-04-22T08:09:09,12.244424,-66.873528,30.6,11.29,88.3,9,1.6,103.4,4.209,-4.2,0,1,42810
2026-04-22T08:09:38,12.244521,-66.871841,32.5,11.89,83.6,9,1.6,103.5,4.210,-4.4,0,1,42811
2026-04-22T08:10:07,12.244712,-66.870155,32.7,11.76,87.5,9,1.5,103.4,4.210,-4.2,0,1,42812
2026-04-22T08:10:36,12.244859,-66.868477,31.6,13.61,89.4,9,1.5,103.4,4.210,-4.2,0,1,42813
2026-04-22T08:11:05,12.245080,-66.866753,41.6,12.59,85.6,9,1.5,103.7,4.210,-4.2,0,1,42814
2026-04-22T08:11:34,12.245178,-66.865059,41.1,12.29,80.5,9,1.5,103.5,4.210,-4.4,0,1,42815
2026-04-22T08:12:03,12.245331,-66.863335,44.5,12.52,93.1,9,1.5,103.2,4.209,-4.2,0,1,42816
2026-04-22T08:12:32,12.245520,-66.861649,45.1,12.85,78.3,9,1.5,103.4,4.210,-4.2,0,1,42817
2026-04-22T08:13:01,12.245604,-66.859962,47.9,12.27,79.8,9,1.5,103.5,4.211,-4.4,0,1,42818
2026-04-22T08:13:30,12.245708,-66.858292,41.2,12.84,80.2,9,1.5,103.5,4.210,-4.4,0,1,42819
2026-04-22T08:13:59,12.245723,-66.856590,29.8,12.24,85.8,9,1.5,103.4,4.209,-4.2,0,1,42820
2026-04-22T08:14:28,12.245878,-66.854919,17.2,11.98,89.4,9,1.5,103.4,4.209,-4.2,0,1,42821
2026-04-22T08:14:57,12.245892,-66.853271,-3.3,12.68,90.0,9,1.5,103.5,4.207,-4.4,0,1,42822
2026-04-22T08:15:26,12.245986,-66.851562,-24.0,12.82,87.9,9,1.5,103.4,4.209,-4.2,0,1,42823
2026-04-22T08:15:55,12.245911,-66.849991,-68.6,11.88,91.1,9,1.5,103.4,4.209,-4.2,0,1,42824
2026-04-22T08:16:24,12.245892,-66.848282,-92.0,11.92,85.3,9,1.5,103.5,4.210,-4.4,0,1,42825
2026-04-22T08:16:53,12.245938,-66.846581,-118.9,12.39,83.8,10,1.0,103.5,4.209,-4.4,0,1,42826
2026-04-22T08:17:22,12.246011,-66.844887,-116.7,12.90,87.8,11,1.0,103.5,4.209,-4.4,0,1,42827
2026-04-22T08:17:51,12.246280,-66.843201,-107.8,12.05,81.7,10,1.4,103.4,4.209,-4.2,0,1,42828
2026-04-22T08:18:20,12.246515,-66.841484,-96.4,13.04,92.3,10,1.4,103.5,4.209,-4.4,0,1,42829
2026-04-22T08:18:49,12.246578,-66.839783,-93.4,9.90,90.8,10,1.4,103.5,4.210,-4.4,0,1,42830
2026-04-22T08:19:18,12.247014,-66.838043,-75.5,12.17,79.2,9,1.7,103.7,4.209,2760.2,0,1,42831
2026-04-22T08:19:47,12.247302,-66.836342,-44.3,13.60,78.0,10,1.4,103.4,4.210,-4.2,0,1,42832
2026-04-22T08:20:16,12.247438,-66.834679,-47.3,12.72,79.7,11,1.0,103.4,4.209,-4.2,0,1,42833
2026-04-22T08:20:45,12.247645,-66.832947,-39.8,12.16,89.0,10,1.4,103.4,4.210,-4.2,0,1,42834
2026-04-22T08:21:14,12.247817,-66.831253,-33.4,11.96,81.3,9,1.7,103.5,4.209,-4.4,0,1,42835
2026-04-22T08:21:43,12.248047,-66.829498,-31.2,13.05,83.6,10,1.4,103.5,4.210,-4.4,0,1,42836
2026-04-22T08:22:12,12.248187,-66.827759,-34.3,13.74,86.3,10,1.4,103.4,4.209,2751.6,0,1,42837
2026-04-22T08:22:41,12.248314,-66.826057,-35.1,12.89,81.0,10,1.2,103.5,4.210,-4.4,0,1,42838
2026-04-22T08:23:10,12.248459,-66.824348,-36.7,11.78,95.7,9,1.6,103.5,4.210,-4.4,0,1,42839
2026-04-22T08:23:39,12.248584,-66.822639,-40.9,10.14,94.7,10,1.3,103.5,4.210,-4.4,0,1,42840
2026-04-22T08:24:08,12.248821,-66.820953,-34.5,12.12,82.9,10,1.3,103.5,4.209,-4.4,0,1,42841
2026-04-22T08:24:37,12.248927,-66.819229,-36.0,13.22,87.1,9,1.6,103.4,4.210,-4.2,0,1,42842
2026-04-22T08:25:06,12.249146,-66.817474,-36.2,12.21,80.4,10,1.3,103.4,4.209,-4.2,0,1,42843
2026-04-22T08:25:35,12.249302,-66.815727,-35.3,13.41,80.3,10,1.3,103.2,4.210,-4.2,0,1,42844
2026-04-22T08:26:04,12.249387,-66.813995,-40.6,12.42,89.8,9,1.6,103.4,4.210,-4.2,0,1,42845
2026-04-22T08:26:33,12.249597,-66.812263,-42.4,12.99,83.5,9,1.6,103.4,4.210,-4.2,0,1,42846
2026-04-22T08:27:02,12.249723,-66.810516,-40.5,12.59,91.5,10,1.3,103.4,4.207,2751.6,0,1,42847
2026-04-22T08:27:31,12.249955,-66.808792,-28.3,13.86,86.8,10,1.3,103.5,4.209,-4.4,0,1,42848
2026-04-22T08:28:00,12.250185,-66.807091,-14.0,12.38,86.9,11,1.1,103.7,4.210,-4.2,0,1,42849
2026-04-22T08:28:29,12.250321,-66.805359,-3.7,13.41,80.9,10,1.3,103.2,4.210,-4.2,0,1,42850
2026-04-22T08:28:58,12.250440,-66.803612,-3.4,12.71,90.9,10,1.3,103.5,4.210,-4.4,0,1,42851
2026-04-22T08:29:27,12.250578,-66.801865,-11.1,12.81,84.4,10,1.3,103.5,4.209,-4.4,0,1,42852
2026-04-22T08:29:56,12.250657,-66.800087,-19.9,12.34,84.3,10,1.3,103.5,4.210,-4.4,0,1,42853
2026-04-22T08:30:25,12.250738,-66.798325,-28.7,13.47,84.8,10,1.3,103.7,4.210,-4.2,0,1,42854
2026-04-22T08:30:54,12.250928,-66.796608,-23.2,12.91,86.8,10,1.3,103.5,4.209,-4.4,0,1,42855
2026-04-22T08:31:23,12.251061,-66.794838,-25.6,11.96,84.9,11,1.1,103.4,4.209,-4.2,0,1,42856
2026-04-22T08:31:52,12.251222,-66.793129,-19.8,11.92,83.2,11,1.1,103.7,4.211,-4.2,0,1,42857
2026-04-22T08:32:21,12.251388,-66.791397,-5.5,13.02,83.7,9,1.7,103.7,4.210,-4.2,0,1,42858
2026-04-22T08:32:50,12.251432,-66.789635,-14.0,12.71,91.2,9,1.7,103.4,4.209,-4.2,0,1,42859
2026-04-22T08:33:19,12.251556,-66.787895,-7.7,13.86,79.1,11,1.0,103.5,4.209,-4.4,0,1,42860
2026-04-22T08:33:48,12.251706,-66.786163,-5.1,11.94,79.3,10,1.3,103.4,4.210,-4.2,0,1,42861
2026-04-22T08:34:17,12.251719,-66.784393,-6.1,13.24,85.0,9,1.7,103.4,4.210,-4.2,0,1,42862
2026-04-22T08:34:46,12.251775,-66.782646,-7.5,13.06,89.4,10,1.3,103.5,4.210,-4.4,0,1,42863
2026-04-22T08:35:15,12.251904,-66.780876,2.4,13.67,82.6,9,1.7,103.5,4.209,-4.4,0,1,42864
2026-04-22T08:35:44,12.252007,-66.779167,-0.2,12.29,92.8,10,1.3,103.5,4.209,-4.4,0,1,42865
2026-04-22T08:36:13,12.252178,-66.777405,2.3,11.94,81.8,9,1.7,103.2,4.210,-4.2,0,1,42866
2026-04-22T08:36:42,12.252258,-66.775658,-1.6,12.26,83.9,9,1.7,103.5,4.207,-4.4,0,1,42867
2026-04-22T08:37:11,12.252337,-66.773888,-2.6,12.70,89.6,9,1.7,103.5,4.211,2755.8,0,1,42868
2026-04-22T08:37:40,12.252514,-66.772118,4.7,13.15,88.9,9,1.7,103.4,4.211,-4.2,0,1,42869
2026-04-22T08:38:09,12.252609,-66.770378,5.1,11.96,84.3,10,1.3,103.4,4.210,-4.2,0,1,42870
2026-04-22T08:38:38,12.252762,-66.768623,6.9,12.66,85.4,9,1.7,103.5,4.209,-4.4,0,1,42871
2026-04-22T08:39:07,12.252872,-66.766846,8.4,11.98,89.6,9,1.7,103.7,4.210,2760.2,0,1,42872
2026-04-22T08:39:36,12.253026,-66.765076,12.8,12.43,90.0,9,1.7,103.8,4.209,-4.2,0,1,42873
2026-04-22T08:40:05,12.253105,-66.763344,11.8,11.93,92.3,9,1.7,103.5,4.209,-4.4,0,1,42874
2026-04-22T08:40:34,12.253246,-66.761566,13.0,13.08,87.9,10,1.2,103.5,4.209,-4.4,0,1,42875
2026-04-22T08:41:03,12.253364,-66.759842,11.2,12.47,85.3,10,1.2,103.4,4.210,-4.2,0,1,42876
2026-04-22T08:41:32,12.253495,-66.758072,11.5,13.35,79.2,9,1.7,103.4,4.210,-4.2,0,1,42877
2026-04-22T08:42:01,12.253548,-66.756348,4.4,12.84,81.6,9,1.7,103.4,4.210,-4.2,0,1,42878
2026-04-22T08:42:30,12.253698,-66.754608,6.5,13.37,81.6,9,1.7,103.5,4.209,-4.4,0,1,42879
2026-04-22T08:42:59,12.253812,-66.752838,1.0,12.30,88.7,10,1.2,103.2,4.209,-4.2,0,1,42880
2026-04-22T08:43:28,12.253874,-66.751053,-6.7,12.31,90.2,11,1.0,103.5,4.210,-4.4,0,1,42881
2026-04-22T08:43:57,12.254102,-66.749283,-7.7,13.05,81.4,10,1.2,103.5,4.209,-4.4,0,1,42882
2026-04-22T08:44:26,12.254217,-66.747543,-0.1,13.00,86.5,9,1.7,103.5,4.209,-4.4,0,1,42883
2026-04-22T08:44:55,12.254333,-66.745796,-11.3,12.94,83.0,11,1.0,103.7,4.210,-4.2,0,1,42884
2026-04-22T08:45:24,12.254565,-66.743996,-3.9,12.95,83.8,10,1.2,103.4,4.209,-4.2,0,1,42885
2026-04-22T08:45:53,12.254674,-66.742279,-3.3,12.62,81.7,9,1.7,103.5,4.210,-4.4,0,1,42886
2026-04-22T08:46:22,12.254708,-66.740547,-5.0,12.18,93.2,9,1.7,103.5,4.209,2755.8,0,1,42887
2026-04-22T08:46:51,12.254858,-66.738747,-5.2,12.71,86.4,10,1.2,103.2,4.210,-4.2,0,1,42888
2026-04-22T08:47:20,12.254945,-66.736984,-12.3,12.04,81.8,9,1.7,103.7,4.210,-4.2,0,1,42889
2026-04-22T08:47:49,12.255111,-66.735268,-5.8,12.13,83.3,9,1.7,103.4,4.210,-4.2,0,1,42890
2026-04-22T08:48:18,12.255178,-66.733482,-7.8,12.47,81.3,9,1.7,103.5,4.210,-4.4,0,1,42891
2026-04-22T08:48:47,12.255265,-66.731735,-8.0,12.60,83.7,9,1.7,103.4,4.210,-4.2,0,1,42892
2026-04-22T08:49:16,12.255388,-66.729988,-0.3,13.12,85.2,9,1.7,103.2,4.210,-4.2,0,1,42893
2026-04-22T08:49:45,12.255578,-66.728233,4.6,12.83,81.2,9,1.7,103.5,4.210,-4.4,0,1,42894
2026-04-22T08:50:14,12.255751,-66.726486,14.0,12.66,91.4,10,1.2,103.4,4.209,-4.2,0,1,42895
2026-04-22T08:50:43,12.255961,-66.724701,16.8,13.20,81.1,9,1.6,103.5,4.209,-4.4,0,1,42896
2026-04-22T08:51:12,12.256148,-66.722992,29.0,12.72,78.7,9,1.6,103.7,4.209,-4.2,0,1,42897
2026-04-22T08:51:41,12.256365,-66.721207,28.9,12.94,80.2,9,1.6,103.4,4.209,-4.2,0,1,42898
2026-04-22T08:52:10,12.256448,-66.719467,35.3,13.04,91.2,9,1.6,103.4,4.207,-4.2,0,1,42899
2026-04-22T08:52:39,12.256596,-66.717728,27.7,12.35,78.0,9,1.6,103.5,4.210,-4.4,0,1,42900
2026-04-22T08:53:08,12.256703,-66.715981,22.9,12.52,85.2,9,1.6,103.4,4.210,-4.2,0,1,42901
2026-04-22T08:53:37,12.256880,-66.714218,20.8,12.53,82.6,9,1.6,103.5,4.210,-4.4,0,1,42902
2026-04-22T08:54:06,12.257047,-66.712448,21.7,12.90,81.9,9,1.6,103.5,4.209,-4.4,0,1,42903
2026-04-22T08:54:35,12.257012,-66.710686,9.9,12.84,90.3,9,1.6,103.4,4.209,-4.2,0,1,42904
2026-04-22T08:55:04,12.257201,-66.708939,12.7,12.58,83.5,9,1.6,103.4,4.210,-4.2,0,1,42905
2026-04-22T08:55:33,12.257372,-66.707214,6.2,12.84,85.4,9,1.6,103.4,4.213,-4.2,0,1,42906
2026-04-22T08:56:02,12.257463,-66.705460,-0.2,12.89,91.1,9,1.6,103.4,4.211,-4.2,0,1,42907
2026-04-22T08:56:31,12.257564,-66.703712,6.5,11.98,92.4,9,1.6,103.5,4.209,-4.4,0,1,42908
2026-04-22T08:57:00,12.257698,-66.701965,1.3,13.13,84.5,9,1.6,103.5,4.210,-4.4,0,1,42909
2026-04-22T08:57:29,12.257713,-66.700241,0.8,13.05,89.5,9,1.6,103.4,4.210,-4.2,0,1,42910
2026-04-22T08:57:58,12.257896,-66.698479,7.9,13.05,85.4,9,1.6,103.4,4.209,-4.2,0,1,42911
2026-04-22T08:58:27,12.257963,-66.696754,0.2,12.30,97.0,9,1.6,103.4,4.211,-4.2,0,1,42912
2026-04-22T08:58:56,12.258209,-66.694969,-5.0,12.47,90.5,9,1.6,103.4,4.209,-4.2,0,1,42913
2026-04-22T08:59:25,12.258340,-66.693230,-6.5,12.48,86.8,9,1.6,103.4,4.211,-4.2,0,1,42914
2026-04-22T08:59:54,12.258422,-66.691521,-3.1,12.80,87.6,9,1.6,103.4,4.209,-4.2,0,1,42915
2026-04-22T09:00:23,12.258600,-66.689751,-3.7,13.24,94.0,10,1.5,103.7,4.210,-4.2,0,1,42916
2026-04-22T09:00:52,12.258770,-66.687996,-0.9,12.19,91.0,10,1.5,103.5,4.211,-4.4,0,1,42917
2026-04-22T09:01:21,12.258948,-66.686234,5.4,12.74,85.2,10,1.5,103.5,4.210,-4.4,0,1,42918
2026-04-22T09:01:50,12.259040,-66.684486,5.4,13.19,89.3,10,1.5,103.4,4.209,-4.2,0,1,42919
2026-04-22T09:02:19,12.259231,-66.682755,7.2,12.86,83.2,10,1.5,103.5,4.209,-4.4,0,1,42920
2026-04-22T09:02:48,12.259363,-66.681023,9.4,12.81,87.8,9,1.5,103.5,4.210,-4.4,0,1,42921
2026-04-22T09:03:17,12.259480,-66.679276,16.1,13.21,86.8,9,1.5,103.4,4.210,-4.2,0,1,42922
2026-04-22T09:03:46,12.259828,-66.677559,27.5,13.23,84.8,9,1.5,103.5,4.210,-4.4,0,1,42923
2026-04-22T09:04:15,12.260041,-66.675812,33.6,12.37,77.7,9,1.5,103.5,4.211,2755.8,0,1,42924
2026-04-22T09:04:44,12.260223,-66.673981,31.6,13.62,84.1,9,1.5,103.5,4.209,-4.4,0,1,42925
2026-04-22T09:05:13,12.260344,-66.672318,32.1,11.87,78.0,8,1.5,103.5,4.209,-4.4,0,1,42926
2026-04-22T09:05:42,12.260500,-66.670601,40.5,12.33,89.7,10,1.4,103.4,4.209,-4.2,0,1,42927
2026-04-22T09:06:11,12.260751,-66.668869,22.8,11.66,79.2,9,1.5,103.7,4.209,-4.2,0,1,42928
2026-04-22T09:06:40,12.260859,-66.667130,21.6,12.38,83.6,9,1.5,103.4,4.210,-4.2,0,1,42929
2026-04-22T09:07:09,12.261002,-66.665352,17.1,12.68,72.2,10,1.4,103.4,4.210,-4.2,0,1,42930
2026-04-22T09:07:38,12.261057,-66.663597,15.3,12.37,88.1,10,1.4,103.5,4.210,-4.4,0,1,42931
2026-04-22T09:08:07,12.261169,-66.661797,7.9,12.63,88.2,10,1.4,103.5,4.209,-4.4,0,1,42932
2026-04-22T09:08:36,12.261250,-66.660065,4.3,11.92,81.6,10,1.4,103.5,4.209,-4.4,0,1,42933
2026-04-22T09:09:05,12.261375,-66.658340,-3.0,11.95,81.9,9,1.5,103.4,4.210,-4.2,0,1,42934
2026-04-22T09:09:34,12.261572,-66.656601,1.0,11.15,85.6,10,1.4,103.7,4.210,-4.2,0,1,42935
2026-04-22T09:10:03,12.261639,-66.654869,2.9,11.92,85.2,10,1.4,103.4,4.209,-4.2,0,1,42936
2026-04-22T09:10:32,12.261742,-66.653091,-3.2,11.54,92.1,10,1.4,103.7,4.210,-4.2,0,1,42937
2026-04-22T09:11:01,12.261872,-66.651375,-2.3,12.44,82.7,10,1.4,103.5,4.209,-4.4,0,1,42938
2026-04-22T09:11:30,12.261957,-66.649643,-2.7,12.94,78.8,10,1.4,103.7,4.211,-4.2,0,1,42939
2026-04-22T09:11:59,12.262040,-66.647888,-3.2,13.70,90.7,10,1.4,103.5,4.211,-4.4,0,1,42940
2026-04-22T09:12:28,12.262176,-66.646149,0.7,12.99,82.0,10,1.4,103.5,4.211,-4.4,0,1,42941
2026-04-22T09:12:57,12.262323,-66.644447,2.7,13.68,87.9,10,1.4,103.5,4.210,-4.4,0,1,42942
2026-04-22T09:13:26,12.262417,-66.642670,3.0,12.88,87.6,9,1.5,103.5,4.210,-4.4,0,1,42943
2026-04-22T09:13:55,12.262622,-66.640953,8.3,13.02,84.7,10,1.4,103.4,4.209,-4.2,0,1,42944
2026-04-22T09:14:24,12.262896,-66.639221,13.9,13.22,80.2,10,1.4,103.5,4.209,-4.4,0,1,42945
2026-04-22T09:14:53,12.262957,-66.637459,12.2,12.72,91.6,10,1.4,103.4,4.210,-4.2,0,1,42946
2026-04-22T09:15:22,12.263112,-66.635735,14.0,12.70,75.1,10,1.4,103.4,4.211,-4.2,0,1,42947
2026-04-22T09:15:51,12.263272,-66.633995,17.7,12.90,81.6,10,1.4,103.7,4.209,2760.2,0,1,42948
2026-04-22T09:16:20,12.263275,-66.632202,17.5,12.56,86.2,10,1.4,103.5,4.209,-4.4,0,1,42949
2026-04-22T09:16:49,12.263492,-66.630501,18.5,12.42,81.8,10,1.4,103.2,4.209,-4.2,0,1,42950
2026-04-22T09:17:18,12.263481,-66.628822,8.8,12.33,82.6,10,1.4,103.8,4.210,-4.2,0,1,42951
2026-04-22T09:17:47,12.263670,-66.627037,12.8,12.57,86.1,10,1.4,103.2,4.209,-4.2,0,1,42952
2026-04-22T09:18:16,12.263830,-66.625313,13.7,12.74,85.7,10,1.4,103.4,4.207,-4.2,0,1,42953
2026-04-22T09:18:45,12.263945,-66.623589,12.3,12.41,82.0,10,1.4,103.5,4.210,-4.4,0,1,42954
2026-04-22T09:19:14,12.264092,-66.621864,9.7,12.09,78.9,10,1.4,103.7,4.211,-4.2,0,1,42955
2026-04-22T09:19:43,12.264097,-66.620140,8.9,12.50,90.3,11,1.3,103.4,4.210,-4.2,0,1,42956
2026-04-22T09:20:12,12.264288,-66.618362,17.5,13.31,84.6,11,1.3,103.4,4.210,-4.2,0,1,42957
2026-04-22T09:20:41,12.264512,-66.616631,26.1,12.58,80.7,10,1.7,103.8,4.210,-4.2,0,1,42958
2026-04-22T09:21:10,12.264602,-66.614868,26.8,12.82,82.6,10,1.7,103.5,4.210,-4.4,0,1,42959
2026-04-22T09:21:39,12.264667,-66.613106,31.9,13.16,79.9,11,1.3,103.5,4.211,-4.4,0,1,42960
2026-04-22T09:22:08,12.264923,-66.611404,38.3,12.69,81.5,11,1.3,103.5,4.209,-4.4,0,1,42961
2026-04-22T09:22:37,12.264872,-66.609718,27.5,13.54,77.0,11,1.3,103.5,4.210,-4.4,0,1,42962
2026-04-22T09:23:06,12.264920,-66.607971,21.0,12.40,89.2,11,1.3,103.5,4.209,-4.4,0,1,42963
2026-04-22T09:23:35,12.265060,-66.606262,17.8,12.67,84.4,11,1.3,103.4,4.211,-4.2,0,1,42964
2026-04-22T09:24:04,12.265235,-66.604553,16.0,12.67,85.0,11,1.3,103.4,4.207,-4.2,0,1,42965
2026-04-22T09:24:33,12.265230,-66.602844,8.8,12.33,85.2,11,1.3,103.5,4.210,-4.4,0,1,42966
2026-04-22T09:25:02,12.265532,-66.601181,11.3,12.75,71.6,9,1.8,103.5,4.210,-4.4,0,1,42967
2026-04-22T09:25:31,12.265823,-66.599426,22.4,13.25,78.7,10,1.7,103.7,4.210,-4.2,0,1,42968
2026-04-22T09:26:00,12.265877,-66.597710,21.5,11.46,90.0,10,1.6,103.2,4.209,-4.2,0,1,42969
2026-04-22T09:26:29,12.265928,-66.596031,18.6,12.10,87.3,10,1.6,103.4,4.209,-4.2,0,1,42970
2026-04-22T09:26:58,12.265926,-66.594299,10.1,11.33,81.7,11,1.2,103.5,4.209,-4.4,0,1,42971
2026-04-22T09:27:27,12.266052,-66.592552,1.8,12.77,83.8,10,1.6,103.4,4.209,-4.2,0,1,42972
2026-04-22T09:27:56,12.266183,-66.590790,12.0,12.86,82.2,11,1.2,103.5,4.210,-4.4,0,1,42973
2026-04-22T09:28:25,12.266426,-66.589127,10.0,12.21,83.6,10,1.6,103.4,4.209,-4.2,0,1,42974
2026-04-22T09:28:54,12.266525,-66.587418,14.4,13.55,78.1,10,1.6,103.4,4.209,-4.2,0,1,42975
2026-04-22T09:29:23,12.266666,-66.585693,14.2,11.53,83.8,11,1.2,103.4,4.209,-4.2,0,1,42976
2026-04-22T09:29:52,12.266785,-66.584015,5.3,11.65,90.1,10,1.6,103.5,4.210,-4.4,0,1,42977
2026-04-22T09:30:21,12.266903,-66.582237,9.1,12.43,89.6,10,1.6,103.4,4.209,-4.2,0,1,42978
2026-04-22T09:30:50,12.267155,-66.580574,15.4,13.18,87.1,11,1.2,103.2,4.211,-4.2,0,1,42979
2026-04-22T09:31:19,12.267336,-66.578880,11.9,12.10,82.3,11,1.2,103.5,4.210,-4.4,0,1,42980
2026-04-22T09:31:48,12.267513,-66.577164,18.8,11.68,83.9,11,1.2,103.4,4.209,-4.2,0,1,42981
2026-04-22T09:32:17,12.267565,-66.575455,19.8,11.68,89.6,11,1.2,103.4,4.211,-4.2,0,1,42982
2026-04-22T09:32:46,12.267720,-66.573746,19.1,13.40,80.1,11,1.2,103.7,4.210,-4.2,0,1,42983
2026-04-22T09:33:15,12.267823,-66.572052,12.3,12.55,80.8,10,1.5,103.5,4.210,-4.4,0,1,42984
2026-04-22T09:33:44,12.267873,-66.570320,10.8,12.75,80.8,10,1.5,103.7,4.209,-4.2,0,1,42985
2026-04-22T09:34:13,12.267979,-66.568634,9.0,12.71,81.5,10,1.5,103.4,4.207,-4.2,0,1,42986
2026-04-22T09:34:42,12.268185,-66.566879,7.7,12.40,83.7,10,1.5,103.4,4.210,-4.2,0,1,42987
2026-04-22T09:35:11,12.268271,-66.565216,9.7,12.18,87.1,10,1.5,103.2,4.209,-4.2,0,1,42988
2026-04-22T09:35:40,12.268360,-66.563477,8.9,13.25,79.7,11,1.1,103.7,4.210,-4.2,0,1,42989
2026-04-22T09:36:09,12.268523,-66.561752,10.2,12.05,88.1,10,1.5,103.2,4.209,-4.2,0,1,42990
2026-04-22T09:36:38,12.268684,-66.560066,6.1,11.28,83.0,11,1.4,103.7,4.210,-4.2,0,1,42991
2026-04-22T09:37:07,12.268854,-66.558342,6.1,11.58,88.3,12,1.1,103.7,4.210,-4.2,0,1,42992
2026-04-22T09:37:36,12.269058,-66.556618,5.3,13.39,88.0,11,1.4,103.4,4.210,-4.2,0,1,42993
2026-04-22T09:38:05,12.269135,-66.554901,-1.3,12.64,92.3,11,1.1,103.4,4.209,-4.2,0,1,42994
2026-04-22T09:38:34,12.269246,-66.553177,-7.1,11.60,81.2,11,1.4,103.4,4.209,-4.2,0,1,42995
2026-04-22T09:39:03,12.269524,-66.551491,4.5,12.50,82.8,11,1.4,103.5,4.209,-4.4,0,1,42996
2026-04-22T09:39:32,12.269642,-66.549744,4.6,12.82,83.9,12,1.1,103.4,4.209,-4.2,0,1,42997
2026-04-22T09:40:01,12.269820,-66.548058,-3.4,12.26,83.6,12,1.1,103.4,4.210,-4.2,0,1,42998
2026-04-22T09:40:30,12.269975,-66.546333,-4.7,12.70,79.8,11,1.4,103.4,4.209,-4.2,0,1,42999
2026-04-22T09:40:59,12.270035,-66.544617,-8.8,13.32,81.8,11,1.4,103.4,4.210,-4.2,0,1,43000
2026-04-22T09:41:28,12.270139,-66.542915,-14.6,12.71,80.7,12,1.1,103.4,4.209,-4.2,0,1,43001
2026-04-22T09:41:57,12.270351,-66.541191,-14.8,12.90,79.6,11,1.3,103.2,4.210,2747.5,0,1,43002
2026-04-22T09:42:26,12.270492,-66.539497,-20.8,12.40,82.5,11,1.3,103.7,4.209,-4.2,0,1,43003
2026-04-22T09:42:55,12.270635,-66.537819,-15.8,13.06,83.7,11,1.3,103.7,4.209,-4.2,0,1,43004
2026-04-22T09:43:24,12.270783,-66.536057,-14.6,13.51,80.2,11,1.3,103.7,4.209,-4.2,0,1,43005
2026-04-22T09:43:53,12.271013,-66.534378,-15.0,12.24,87.5,11,1.3,103.7,4.210,-4.2,0,1,43006
2026-04-22T09:44:22,12.271245,-66.532669,-11.9,12.61,77.7,11,1.3,103.4,4.209,-4.2,0,1,43007
2026-04-22T09:44:51,12.271368,-66.530960,-7.1,12.61,82.2,11,1.3,103.4,4.209,-4.2,0,1,43008
2026-04-22T09:45:20,12.271593,-66.529228,-2.8,12.51,87.1,10,1.5,103.4,4.210,-4.2,0,1,43009
2026-04-22T09:45:49,12.271738,-66.527473,-1.6,13.15,80.3,11,1.3,103.4,4.210,-4.2,0,1,43010
2026-04-22T09:46:18,12.271818,-66.525780,-3.9,12.80,84.9,11,1.3,103.2,4.209,-4.2,0,1,43011
2026-04-22T09:46:47,12.272008,-66.524025,0.2,12.09,85.7,10,1.4,103.5,4.210,-4.4,0,1,43012
2026-04-22T09:47:16,12.272176,-66.522301,-1.7,11.70,87.2,12,1.1,103.4,4.211,-4.2,0,1,43013
2026-04-22T09:47:45,12.272285,-66.520538,-6.6,12.91,84.8,11,1.3,103.5,4.209,-4.4,0,1,43014
2026-04-22T09:48:14,12.272448,-66.518845,-7.4,12.69,84.4,11,1.1,103.4,4.210,-4.2,0,1,43015
2026-04-22T09:48:43,12.272603,-66.517166,-6.9,12.71,81.3,11,1.3,103.5,4.210,-4.4,0,1,43016
2026-04-22T09:49:12,12.272766,-66.515427,-6.9,12.36,85.7,11,1.3,103.4,4.210,-4.2,0,1,43017
2026-04-22T09:49:41,12.272957,-66.513672,-9.4,13.13,86.2,11,1.3,103.7,4.210,-4.2,0,1,43018
2026-04-22T09:50:10,12.273048,-66.511955,-9.7,13.35,85.9,12,1.3,103.4,4.210,-4.2,0,1,43019
2026-04-22T09:50:39,12.273318,-66.510223,-1.7,13.05,85.8,12,1.3,103.2,4.210,-4.2,0,1,43020
2026-04-22T09:51:08,12.273506,-66.508499,-0.9,11.68,86.8,12,1.3,103.5,4.209,-4.4,0,1,43021
2026-04-22T09:51:37,12.273602,-66.506783,-5.3,11.89,83.7,11,1.6,103.5,4.210,-4.4,0,1,43022
2026-04-22T09:52:06,12.273813,-66.505051,-6.0,12.75,80.4,12,1.3,103.4,4.210,-4.2,0,1,43023
2026-04-22T09:52:35,12.273958,-66.503319,-9.1,12.56,85.6,12,1.3,103.5,4.209,-4.4,0,1,43024
2026-04-22T09:53:04,12.274170,-66.501587,-4.4,13.11,77.1,12,1.3,103.4,4.210,-4.2,0,1,43025
2026-04-22T09:53:33,12.274353,-66.499863,-3.2,12.21,81.4,12,1.3,103.2,4.209,-4.2,0,1,43026
2026-04-22T09:54:02,12.274429,-66.498154,-9.9,12.42,79.6,12,1.3,103.5,4.209,-4.4,0,1,43027
2026-04-22T09:54:31,12.274628,-66.496429,-8.7,12.29,82.5,12,1.3,103.4,4.209,-4.2,0,1,43028
2026-04-22T09:55:00,12.274793,-66.494675,-10.0,12.70,76.6,12,1.2,103.5,4.209,-4.4,0,1,43029
2026-04-22T09:55:29,12.275009,-66.492935,-7.2,12.48,84.7,12,1.2,103.2,4.209,2747.5,0,1,43030
2026-04-22T09:55:58,12.275213,-66.491219,-6.9,13.29,81.3,12,1.2,103.2,4.209,-4.2,0,1,43031
2026-04-22T09:56:27,12.275373,-66.489548,-7.1,13.42,82.8,11,1.3,103.5,4.210,-4.4,0,1,43032
2026-04-22T09:56:56,12.275506,-66.487785,-7.2,12.62,86.5,12,1.2,103.5,4.209,2755.8,0,1,43033
2026-04-22T09:57:25,12.275668,-66.486076,-6.0,12.86,85.3,12,1.2,103.5,4.210,-4.4,0,1,43034
2026-04-22T09:57:54,12.275780,-66.484329,-4.6,12.77,90.5,11,1.6,103.4,4.210,-4.2,0,1,43035
2026-04-22T09:58:23,12.275911,-66.482559,-8.4,13.44,75.1,10,1.6,103.4,4.209,-4.2,0,1,43036
2026-04-22T09:58:52,12.276038,-66.480873,-7.3,12.09,94.3,11,1.6,103.2,4.209,-4.2,0,1,43037
2026-04-22T09:59:21,12.276196,-66.479118,-5.0,12.73,80.5,11,1.6,103.5,4.209,-4.4,0,1,43038
2026-04-22T09:59:50,12.276404,-66.477364,1.4,11.58,82.5,11,1.6,103.5,4.210,-4.4,0,1,43039
2026-04-22T10:00:19,12.276531,-66.475624,2.6,13.33,77.7,11,1.6,103.4,4.210,-4.2,0,1,43040
2026-04-22T10:00:48,12.276628,-66.473885,1.5,14.22,93.9,11,1.6,103.5,4.210,-4.4,0,1,43041
2026-04-22T10:01:17,12.276736,-66.472137,4.3,11.87,84.9,11,1.6,103.5,4.209,-4.4,0,1,43042
2026-04-22T10:01:46,12.276846,-66.470398,3.3,11.71,78.6,11,1.7,103.2,4.209,-4.2,0,1,43043
2026-04-22T10:02:15,12.276960,-66.468674,4.8,12.60,86.3,11,1.6,103.4,4.210,-4.2,0,1,43044
2026-04-22T10:02:44,12.277140,-66.466934,6.6,12.60,89.1,12,1.2,103.4,4.210,-4.2,0,1,43045
2026-04-22T10:03:13,12.277269,-66.465179,7.5,13.19,84.9,11,1.2,103.5,4.209,-4.4,0,1,43046
2026-04-22T10:03:42,12.277345,-66.463455,5.0,12.84,85.2,11,1.2,103.4,4.209,-4.2,0,1,43047
2026-04-22T10:04:11,12.277391,-66.461693,1.6,11.55,96.7,12,1.2,103.5,4.209,-4.4,0,1,43048
2026-04-22T10:04:40,12.277502,-66.459946,3.8,13.59,96.2,12,1.1,103.2,4.209,-4.2,0,1,43049
2026-04-22T10:05:09,12.277646,-66.458206,7.0,12.79,87.5,11,1.5,103.5,4.207,-4.4,0,1,43050
2026-04-22T10:05:38,12.277739,-66.456490,4.5,11.69,77.9,11,1.2,103.4,4.209,-4.2,0,1,43051
2026-04-22T10:06:07,12.277906,-66.454758,8.2,11.30,75.5,12,1.1,103.5,4.207,-4.4,0,1,43052
2026-04-22T10:06:36,12.277998,-66.452965,9.1,12.74,88.2,12,1.1,103.4,4.209,-4.2,0,1,43053
2026-04-22T10:07:05,12.278105,-66.451248,11.2,11.95,92.9,12,1.1,103.4,4.210,-4.2,0,1,43054
2026-04-22T10:07:34,12.278303,-66.449516,16.8,12.10,71.7,12,1.1,103.5,4.209,-4.4,0,1,43055
2026-04-22T10:08:03,12.278371,-66.447792,13.6,11.88,86.3,10,1.6,103.4,4.209,-4.2,0,1,43056
2026-04-22T10:08:32,12.278588,-66.446053,14.9,13.37,81.2,11,1.5,103.4,4.209,-4.2,0,1,43057
2026-04-22T10:09:01,12.278729,-66.444336,15.4,12.71,83.1,12,1.1,103.5,4.209,-4.4,0,1,43058
2026-04-22T10:09:30,12.278828,-66.442627,15.0,11.48,89.3,9,2.8,103.2,4.210,-4.2,0,1,43059
2026-04-22T10:09:59,12.278988,-66.440910,16.2,11.50,87.3,11,1.5,103.5,4.209,-4.4,0,1,43060
2026-04-22T10:10:28,12.279101,-66.439178,14.3,12.49,83.1,11,1.5,103.7,4.211,-4.2,0,1,43061
2026-04-22T10:10:57,12.279274,-66.437469,15.7,12.94,78.3,11,1.5,103.4,4.209,-4.2,0,1,43062
2026-04-22T10:11:26,12.279408,-66.435760,16.6,12.68,85.2,11,1.5,103.5,4.211,-4.4,0,1,43063
2026-04-22T10:11:55,12.279548,-66.434013,12.2,13.82,73.8,11,1.5,103.5,4.209,-4.4,0,1,43064
2026-04-22T10:12:24,12.279650,-66.432304,5.8,13.58,76.6,11,1.5,103.8,4.210,-4.2,0,1,43065
2026-04-22T10:12:53,12.279800,-66.430573,5.2,12.74,83.1,11,1.5,103.4,4.210,-4.2,0,1,43066
2026-04-22T10:13:22,12.279944,-66.428848,4.1,13.63,88.1,12,1.1,103.5,4.210,-4.4,0,1,43067
2026-04-22T10:13:51,12.280087,-66.427124,2.2,10.81,91.1,11,1.5,103.8,4.209,-4.2,0,1,43068
2026-04-22T10:14:20,12.280220,-66.425377,2.7,13.36,89.7,12,1.1,103.4,4.209,-4.2,0,1,43069
2026-04-22T10:14:49,12.280322,-66.423676,-3.8,12.75,84.1,10,1.6,103.4,4.209,-4.2,0,1,43070
2026-04-22T10:15:18,12.280470,-66.421936,-6.6,12.70,84.0,10,1.6,103.5,4.210,-4.4,0,1,43071
2026-04-22T10:15:47,12.280753,-66.420174,4.3,11.94,88.9,10,1.6,103.5,4.209,-4.4,0,1,43072
2026-04-22T10:16:16,12.280987,-66.418449,2.9,12.62,81.3,10,1.6,103.4,4.210,-4.2,0,1,43073
2026-04-22T10:16:45,12.281245,-66.416710,7.1,11.28,86.9,10,1.5,103.2,4.210,-4.2,0,1,43074
2026-04-22T10:17:14,12.281315,-66.414978,3.4,12.95,88.9,11,1.4,103.2,4.210,-4.2,0,1,43075
2026-04-22T10:17:43,12.281505,-66.413246,8.8,13.19,72.8,12,1.0,103.4,4.207,-4.2,0,1,43076
2026-04-22T10:18:12,12.281611,-66.411499,7.2,13.49,85.2,10,1.5,103.4,4.209,-4.2,0,1,43077
2026-04-22T10:18:41,12.281692,-66.409782,5.8,12.51,86.1,11,1.4,103.7,4.209,-4.2,0,1,43078
2026-04-22T10:19:10,12.281848,-66.408051,6.9,12.06,83.2,10,1.5,103.5,4.210,-4.4,0,1,43079
2026-04-22T10:19:39,12.281986,-66.406326,7.8,10.61,87.6,9,1.8,103.7,4.210,-4.2,0,1,43080
2026-04-22T10:20:08,12.282022,-66.404579,1.5,14.03,95.3,11,1.1,103.5,4.209,-4.4,0,1,43081
2026-04-22T10:20:37,12.282039,-66.402878,-4.8,12.51,87.9,11,1.1,103.4,4.209,-4.2,0,1,43082
2026-04-22T10:21:06,12.282214,-66.401161,-1.4,12.19,89.4,10,1.5,103.4,4.210,-4.2,0,1,43083
2026-04-22T10:21:35,12.282277,-66.399437,-4.9,11.81,92.6,10,1.5,103.4,4.209,-4.2,0,1,43084
2026-04-22T10:22:04,12.282423,-66.397682,-4.0,12.72,88.4,11,1.3,103.5,4.210,-4.4,0,1,43085
2026-04-22T10:22:33,12.282580,-66.395958,-3.8,13.18,73.6,10,1.5,103.4,4.209,2751.6,0,1,43086
2026-04-22T10:23:02,12.282655,-66.394211,-7.5,12.34,88.3,10,1.5,103.4,4.209,-4.2,0,1,43087
2026-04-22T10:23:31,12.282773,-66.392487,-8.0,11.73,81.3,10,1.5,103.4,4.210,-4.2,0,1,43088
2026-04-22T10:24:00,12.282974,-66.390709,-4.9,12.41,80.4,10,1.5,103.5,4.210,-4.4,0,1,43089
2026-04-22T10:24:29,12.283060,-66.388969,-5.8,13.06,75.7,10,1.5,103.5,4.210,-4.4,0,1,43090
2026-04-22T10:24:58,12.283127,-66.387222,-7.7,13.16,85.0,10,1.5,103.2,4.207,-4.2,0,1,43091
2026-04-22T10:25:27,12.283293,-66.385460,-8.8,13.39,84.9,10,1.4,103.5,4.209,-4.4,0,1,43092
2026-04-22T10:25:56,12.283455,-66.383781,-4.2,12.46,82.8,10,1.4,103.5,4.209,-4.4,0,1,43093
2026-04-22T10:26:25,12.283600,-66.382027,-8.7,12.51,81.9,10,1.4,103.5,4.209,-4.4,0,1,43094
2026-04-22T10:26:54,12.283642,-66.380272,-18.7,12.45,88.9,10,1.4,103.5,4.207,-4.4,0,1,43095
2026-04-22T10:27:23,12.283753,-66.378578,-16.3,12.13,92.4,10,1.4,103.4,4.210,-4.2,0,1,43096
2026-04-22T10:27:52,12.283934,-66.376854,-11.8,12.64,84.0,10,1.4,103.4,4.209,-4.2,0,1,43097
2026-04-22T10:28:21,12.284049,-66.375130,-16.8,14.25,86.1,10,1.4,103.4,4.210,-4.2,0,1,43098
2026-04-22T10:28:50,12.284225,-66.373413,-13.7,12.16,80.1,10,1.4,103.5,4.210,-4.4,0,1,43099
2026-04-22T10:29:19,12.284380,-66.371696,-8.7,12.76,85.7,10,1.4,103.4,4.209,-4.2,0,1,43100
2026-04-22T10:29:48,12.284455,-66.369972,-17.5,12.50,89.7,10,1.4,103.4,4.209,-4.2,0,1,43101
2026-04-22T10:30:17,12.284671,-66.368233,-15.7,12.03,87.5,10,1.4,103.4,4.207,-4.2,0,1,43102
2026-04-22T10:30:46,12.284785,-66.366493,-17.1,13.19,93.3,10,1.4,103.2,4.209,-4.2,0,1,43103
2026-04-22T10:31:15,12.284895,-66.364784,-14.8,11.56,96.3,10,1.4,103.5,4.210,-4.4,0,1,43104
2026-04-22T10:31:44,12.285070,-66.363007,-14.6,12.00,86.7,10,1.4,103.2,4.210,-4.2,0,1,43105
2026-04-22T10:32:13,12.285202,-66.361275,-16.7,13.88,80.4,10,1.4,103.4,4.210,-4.2,0,1,43106
2026-04-22T10:32:42,12.285377,-66.359573,-16.3,12.69,85.1,10,1.4,103.5,4.209,-4.4,0,1,43107
2026-04-22T10:33:11,12.285635,-66.357857,-19.1,11.79,84.5,10,1.3,103.2,4.209,-4.2,0,1,43108
2026-04-22T10:33:40,12.285757,-66.356148,-14.6,12.52,85.7,10,1.3,103.2,4.211,-4.2,0,1,43109
2026-04-22T10:34:09,12.285728,-66.354408,-17.4,14.08,87.5,10,1.3,103.5,4.207,-4.4,0,1,43110
2026-04-22T10:34:38,12.285938,-66.352707,-16.5,11.43,93.1,10,1.3,103.4,4.209,-4.2,0,1,43111
2026-04-22T10:35:07,12.286132,-66.350937,-13.8,13.40,84.8,10,1.3,103.5,4.209,-4.4,0,1,43112
2026-04-22T10:35:36,12.286290,-66.349228,-14.6,12.91,84.0,10,1.3,103.5,4.210,-4.4,0,1,43113
2026-04-22T10:36:05,12.286417,-66.347488,-16.8,12.16,84.1,9,1.7,103.8,4.209,-4.2,0,1,43114
2026-04-22T10:36:34,12.286613,-66.345772,-16.3,12.35,88.4,10,1.3,103.2,4.210,-4.2,0,1,43115
2026-04-22T10:37:03,12.286811,-66.344040,-13.4,11.88,79.5,10,1.3,103.5,4.210,-4.4,0,1,43116
2026-04-22T10:37:32,12.286909,-66.342300,-17.2,13.37,89.2,10,1.3,103.5,4.210,-4.4,0,1,43117
2026-04-22T10:38:01,12.287095,-66.340569,-20.7,12.38,79.3,10,1.3,103.4,4.209,-4.2,0,1,43118
2026-04-22T10:38:30,12.287252,-66.338875,-17.7,13.03,84.5,10,1.3,103.7,4.209,-4.2,0,1,43119
2026-04-22T10:38:59,12.287371,-66.337143,-15.5,12.07,77.8,10,1.3,103.7,4.209,-4.2,0,1,43120
2026-04-22T10:39:28,12.287487,-66.335434,-18.6,12.66,82.2,10,1.3,103.7,4.210,-4.2,0,1,43121
2026-04-22T10:39:57,12.287670,-66.333694,-14.1,13.31,81.4,10,1.3,103.4,4.210,-4.2,0,1,43122
2026-04-22T10:40:26,12.287690,-66.331993,-11.2,12.66,88.4,10,1.3,103.4,4.210,-4.2,0,1,43123
2026-04-22T10:40:55,12.287892,-66.330284,-8.4,11.95,77.8,10,1.3,103.4,4.209,-4.2,0,1,43124
2026-04-22T10:41:24,12.288036,-66.328560,-14.9,12.78,80.8,10,1.2,103.4,4.210,-4.2,0,1,43125
2026-04-22T10:41:53,12.288194,-66.326836,-16.2,12.23,80.8,10,1.2,103.4,4.209,-4.2,0,1,43126
2026-04-22T10:42:22,12.288321,-66.325127,-14.6,13.19,79.6,10,1.2,103.2,4.209,-4.2,0,1,43127
2026-04-22T10:42:51,12.288510,-66.323380,-16.8,13.07,76.3,10,1.2,103.5,4.209,-4.4,0,1,43128
2026-04-22T10:43:20,12.288603,-66.321648,-18.6,12.91,83.2,10,1.2,103.2,4.210,-4.2,0,1,43129
2026-04-22T10:43:49,12.288733,-66.319901,-17.8,11.96,79.8,10,1.2,103.4,4.209,-4.2,0,1,43130
2026-04-22T10:44:18,12.288812,-66.318192,-26.0,12.26,86.5,9,1.5,103.4,4.210,-4.2,0,1,43131
2026-04-22T10:44:47,12.288898,-66.316444,-31.1,12.96,84.7,9,1.5,103.4,4.209,-4.2,0,1,43132
2026-04-22T10:45:16,12.288995,-66.314705,-33.8,12.36,89.8,7,1.6,103.2,4.209,-4.2,0,1,43133
2026-04-22T10:45:45,12.289187,-66.312897,-30.1,12.38,85.7,7,1.6,103.2,4.210,-4.2,0,1,43134
2026-04-22T10:46:14,12.289304,-66.311195,-30.0,12.93,86.2,7,1.6,103.7,4.210,-4.2,0,1,43135
2026-04-22T10:46:43,12.289407,-66.309471,-28.9,12.23,85.7,7,1.6,103.4,4.210,-4.2,0,1,43136
2026-04-22T10:47:12,12.289546,-66.307739,-25.2,11.83,91.2,8,1.2,103.2,4.207,-4.2,0,1,43137
2026-04-22T10:47:41,12.289721,-66.305992,-19.5,12.60,89.2,7,1.5,103.4,4.209,-4.2,0,1,43138
2026-04-22T10:48:10,12.289854,-66.304253,-12.4,12.49,85.4,7,1.5,103.5,4.209,-4.4,0,1,43139
2026-04-22T10:48:39,12.290024,-66.302505,-5.4,14.60,80.5,7,1.5,103.2,4.210,-4.2,0,1,43140
2026-04-22T10:49:08,12.290152,-66.300819,2.7,12.35,82.6,7,1.5,103.4,4.209,-4.2,0,1,43141
2026-04-22T10:49:37,12.290300,-66.299004,3.0,12.04,88.5,7,1.5,103.2,4.210,-4.2,0,1,43142
2026-04-22T10:50:06,12.290480,-66.297272,0.1,12.58,85.0,7,1.5,103.5,4.209,-4.4,0,1,43143
2026-04-22T10:50:35,12.290592,-66.295517,0.1,13.46,85.8,7,1.5,103.2,4.209,-4.2,0,1,43144
2026-04-22T10:51:04,12.290769,-66.293732,-2.1,13.65,85.5,7,1.5,103.4,4.209,-4.2,0,1,43145
2026-04-22T10:51:33,12.290944,-66.292023,-2.2,12.69,81.7,7,1.5,103.4,4.210,-4.2,0,1,43146
2026-04-22T10:52:02,12.291027,-66.290260,-3.8,11.82,82.8,7,1.5,103.4,4.209,-4.2,0,1,43147
2026-04-22T10:52:31,12.291180,-66.288513,-7.5,12.39,87.8,7,1.5,103.4,4.210,-4.2,0,1,43148
2026-04-22T10:53:00,12.291275,-66.286720,-10.3,12.13,89.8,7,1.5,103.4,4.209,-4.2,0,1,43149
2026-04-22T10:53:29,12.291438,-66.284981,-15.3,12.03,75.4,7,1.5,103.5,4.210,-4.4,0,1,43150
2026-04-22T10:53:58,12.291561,-66.283226,-15.1,12.86,86.9,7,1.5,103.5,4.207,-4.4,0,1,43151
2026-04-22T10:54:27,12.291757,-66.281532,-26.8,12.91,84.3,7,1.9,103.2,4.210,-4.2,0,1,43152
2026-04-22T10:54:56,12.291840,-66.279785,-29.2,12.41,89.2,8,1.4,103.5,4.210,-4.4,0,1,43153
2026-04-22T10:55:25,12.291988,-66.278038,-29.2,11.59,82.8,8,1.4,103.5,4.209,-4.4,0,1,43154
2026-04-22T10:55:54,12.292191,-66.276314,-30.7,11.77,75.9,8,1.4,103.4,4.210,-4.2,0,1,43155
2026-04-22T10:56:23,12.292258,-66.274529,-33.3,12.70,78.7,8,1.4,103.4,4.211,-4.2,0,1,43156
2026-04-22T10:56:52,12.292439,-66.272797,-31.2,13.26,88.1,8,1.4,103.4,4.209,-4.2,0,1,43157
2026-04-22T10:57:21,12.292604,-66.271065,-28.8,13.57,80.2,8,1.4,103.4,4.210,-4.2,0,1,43158
2026-04-22T10:57:50,12.292722,-66.269348,-30.1,11.84,88.6,8,1.4,103.4,4.210,-4.2,0,1,43159
2026-04-22T10:58:19,12.292911,-66.267632,-31.2,13.02,85.1,8,1.4,103.4,4.209,-4.2,0,1,43160
2026-04-22T10:58:48,12.293040,-66.265884,-21.2,12.49,88.5,8,1.4,103.4,4.211,-4.2,0,1,43161
2026-04-22T10:59:17,12.293165,-66.264160,-25.0,13.36,79.9,8,1.4,103.4,4.209,-4.2,0,1,43162
2026-04-22T10:59:46,12.293290,-66.262398,-26.6,12.13,81.9,8,1.4,103.5,4.209,-4.4,0,1,43163
2026-04-22T11:00:15,12.293407,-66.260727,-28.8,12.86,89.6,8,1.4,103.4,4.207,-4.2,0,1,43164
2026-04-22T11:00:44,12.293577,-66.258980,-28.8,12.35,79.0,8,1.4,103.4,4.210,-4.2,0,1,43165
2026-04-22T11:01:13,12.293741,-66.257271,-32.8,12.52,86.3,8,1.4,103.4,4.210,-4.2,0,1,43166
2026-04-22T11:01:42,12.293877,-66.255562,-33.9,13.19,88.5,7,1.8,103.4,4.209,-4.2,0,1,43167
2026-04-22T11:02:11,12.294027,-66.253822,-33.1,13.15,87.2,8,1.3,103.8,4.210,-4.2,0,1,43168
2026-04-22T11:02:40,12.294126,-66.252106,-26.8,12.99,93.0,8,1.3,103.4,4.209,-4.2,0,1,43169
2026-04-22T11:03:09,12.294258,-66.250374,-24.4,13.10,86.0,7,1.8,103.4,4.209,-4.2,0,1,43170
2026-04-22T11:03:38,12.294477,-66.248688,-29.0,12.88,83.0,8,1.3,103.2,4.211,-4.2,0,1,43171
2026-04-22T11:04:07,12.294649,-66.247002,-38.8,11.38,90.6,8,1.3,103.4,4.209,-4.2,0,1,43172
2026-04-22T11:04:36,12.294735,-66.245232,-37.4,12.28,93.7,7,1.7,103.5,4.210,-4.4,0,1,43173
2026-04-22T11:05:05,12.294888,-66.243507,-39.8,13.20,82.3,8,1.3,103.4,4.209,-4.2,0,1,43174
2026-04-22T11:05:34,12.295009,-66.241760,-36.5,13.17,87.6,8,1.3,103.4,4.210,-4.2,0,1,43175
2026-04-22T11:06:03,12.295167,-66.240028,-35.2,12.53,81.5,8,1.3,103.5,4.209,-4.4,0,1,43176
2026-04-22T11:06:32,12.295340,-66.238342,-36.5,12.63,79.9,8,1.3,103.2,4.209,-4.2,0,1,43177
2026-04-22T11:07:01,12.295526,-66.236694,-42.2,11.64,87.5,7,1.7,103.2,4.210,-4.2,0,1,43178
2026-04-22T11:07:30,12.295672,-66.234947,-41.9,13.00,83.6,8,1.3,103.4,4.209,-4.2,0,1,43179
2026-04-22T11:07:59,12.295829,-66.233200,-41.1,11.15,81.0,7,1.7,103.4,4.207,-4.2,0,1,43180
2026-04-22T11:08:28,12.295961,-66.231361,-35.5,13.99,82.0,8,1.3,103.4,4.210,-4.2,0,1,43181
2026-04-22T11:08:57,12.296107,-66.229485,-27.8,14.02,83.6,8,1.3,103.5,4.207,-4.4,0,1,43182
2026-04-22T11:09:26,12.296230,-66.227592,-24.6,13.49,86.2,7,1.6,103.4,4.209,-4.2,0,1,43183
2026-04-22T11:09:55,12.296402,-66.225685,-23.9,14.72,84.0,8,1.5,103.4,4.209,-4.2,0,1,43184
2026-04-22T11:10:24,12.296551,-66.223709,-22.9,14.68,81.7,9,1.1,103.5,4.209,-4.4,0,1,43185
2026-04-22T11:10:53,12.296680,-66.221779,-31.4,13.70,88.6,8,1.5,103.2,4.210,-4.2,0,1,43186
2026-04-22T11:11:22,12.296792,-66.219803,-36.9,14.40,86.1,8,1.5,103.4,4.209,-4.2,0,1,43187
2026-04-22T11:11:51,12.296894,-66.217857,-31.0,13.47,86.9,8,1.5,103.8,4.210,-4.2,0,1,43188
2026-04-22T11:12:20,12.297042,-66.215935,-33.8,13.83,89.9,8,1.5,103.4,4.210,-4.2,0,1,43189
2026-04-22T11:12:49,12.297241,-66.213989,-32.9,15.24,82.5,8,1.4,103.5,4.207,-4.4,0,1,43190
2026-04-22T11:13:18,12.297395,-66.212044,-24.0,14.54,85.9,8,1.4,103.5,4.207,-4.4,0,1,43191
2026-04-22T11:13:47,12.297562,-66.210083,-32.9,14.90,84.6,8,1.4,103.4,4.209,-4.2,0,1,43192
2026-04-22T11:14:16,12.297673,-66.208138,-23.8,14.24,83.9,8,1.4,103.4,4.209,-4.2,0,1,43193
2026-04-22T11:14:45,12.297723,-66.206146,-18.2,14.67,89.9,8,1.4,103.4,4.209,-4.2,0,1,43194
2026-04-22T11:15:14,12.297846,-66.204208,-18.5,13.65,85.8,8,1.4,103.4,4.209,-4.2,0,1,43195
2026-04-22T11:15:43,12.298027,-66.202263,-19.5,14.40,80.8,8,1.4,103.5,4.210,-4.4,0,1,43196
2026-04-22T11:16:12,12.298240,-66.200340,-23.1,13.73,80.1,8,1.4,103.7,4.209,-4.2,0,1,43197
2026-04-22T11:16:41,12.298338,-66.198395,-23.0,13.89,78.1,8,1.4,103.5,4.209,-4.4,0,1,43198
2026-04-22T11:17:10,12.298468,-66.196449,-20.6,14.21,85.8,8,1.4,103.4,4.207,-4.2,0,1,43199
2026-04-22T11:17:39,12.298526,-66.194466,-9.6,14.33,90.3,9,1.1,103.2,4.207,-4.2,0,1,43200
2026-04-22T11:18:08,12.298666,-66.192558,-7.9,13.19,81.7,8,1.4,103.5,4.207,-4.4,0,1,43201
2026-04-22T11:18:37,12.298785,-66.190590,-9.5,14.63,83.8,9,1.1,103.4,4.207,-4.2,0,1,43202
2026-04-22T11:19:06,12.298847,-66.188629,-14.2,14.28,86.3,8,1.4,103.7,4.209,-4.2,0,1,43203
2026-04-22T11:19:35,12.299000,-66.186768,-30.4,14.39,79.5,9,1.1,103.5,4.209,-4.4,0,1,43204
2026-04-22T11:20:04,12.299048,-66.184784,-31.3,13.97,88.8,9,1.1,103.2,4.207,-4.2,0,1,43205
2026-04-22T11:20:33,12.299152,-66.182877,-15.6,13.08,84.5,8,1.3,103.2,4.207,-4.2,0,1,43206
2026-04-22T11:21:02,12.299360,-66.180862,-6.9,14.08,80.4,8,1.3,103.4,4.209,-4.2,0,1,43207
2026-04-22T11:21:31,12.299374,-66.178909,-5.4,13.59,86.0,8,1.3,103.2,4.209,-4.2,0,1,43208
2026-04-22T11:22:00,12.299575,-66.176987,-4.8,14.59,80.7,7,1.5,103.4,4.210,-4.2,0,1,43209
2026-04-22T11:22:29,12.299634,-66.175011,-9.3,12.89,85.6,7,2.7,103.7,4.210,-4.2,0,1,43210
2026-04-22T11:22:58,12.299727,-66.173103,-19.6,13.38,90.3,7,2.6,103.4,4.210,-4.2,0,1,43211
2026-04-22T11:23:27,12.299920,-66.171135,-20.5,14.15,87.7,8,1.3,103.2,4.209,-4.2,0,1,43212
2026-04-22T11:23:56,12.300098,-66.169174,-16.6,14.32,87.0,9,1.0,103.4,4.209,-4.2,0,1,43213
2026-04-22T11:24:25,12.300203,-66.167282,-14.5,14.15,88.1,9,1.2,103.2,4.209,-4.2,0,1,43214
2026-04-22T11:24:54,12.300442,-66.165276,-9.9,13.03,83.3,8,2.2,103.2,4.207,-4.2,0,1,43215
2026-04-22T11:25:23,12.300505,-66.163376,-12.0,12.99,91.2,9,1.2,103.5,4.210,-4.4,0,1,43216
2026-04-22T11:25:52,12.300598,-66.161453,-16.5,14.29,86.3,8,2.2,103.4,4.207,-4.2,0,1,43217
2026-04-22T11:26:21,12.300788,-66.159546,-22.2,13.00,90.7,8,2.2,103.4,4.209,-4.2,0,1,43218
2026-04-22T11:26:50,12.300894,-66.157600,-22.0,14.03,87.8,8,2.2,103.4,4.210,-4.2,0,1,43219
2026-04-22T11:27:19,12.301084,-66.155647,-15.3,13.75,86.0,8,2.1,103.2,4.210,-4.2,0,1,43220
2026-04-22T11:27:48,12.301203,-66.153755,-19.9,14.36,89.1,7,2.6,103.4,4.207,-4.2,0,1,43221
2026-04-22T11:28:17,12.301303,-66.151787,-20.1,13.82,79.8,8,2.1,103.4,4.209,-4.2,0,1,43222
2026-04-22T11:28:46,12.301441,-66.149841,-27.0,13.38,79.9,8,2.1,103.5,4.209,-4.4,0,1,43223
2026-04-22T11:29:15,12.301508,-66.147957,-25.8,13.49,85.3,8,2.1,103.4,4.209,2751.6,0,1,43224
2026-04-22T11:29:44,12.301640,-66.146027,-23.4,13.52,87.3,8,2.1,103.4,4.210,-4.2,0,1,43225
2026-04-22T11:30:13,12.301809,-66.144104,-23.9,13.59,91.2,8,2.1,103.4,4.209,-4.2,0,1,43226
2026-04-22T11:30:42,12.301988,-66.142143,-22.9,15.53,83.7,8,2.0,103.5,4.211,-4.4,0,1,43227
2026-04-22T11:31:11,12.302096,-66.140213,-11.2,13.32,82.0,8,2.0,103.5,4.209,-4.4,0,1,43228
2026-04-22T11:31:40,12.302245,-66.138321,-13.9,14.39,82.3,8,2.0,103.4,4.211,2751.6,0,1,43229
2026-04-22T11:32:09,12.302368,-66.136421,-9.1,14.09,85.7,8,2.0,103.4,4.210,-4.2,0,1,43230
2026-04-22T11:32:38,12.302454,-66.134460,-11.7,14.28,90.3,8,2.0,103.4,4.209,-4.2,0,1,43231
2026-04-22T11:33:07,12.302617,-66.132553,-8.2,13.62,84.1,8,2.0,103.4,4.211,-4.2,0,1,43232
2026-04-22T11:33:36,12.302733,-66.130638,1.9,14.65,85.0,8,2.0,103.0,4.210,-4.2,0,1,43233
2026-04-22T11:34:05,12.302856,-66.128670,-2.8,14.68,86.6,8,2.0,103.2,4.209,-4.2,0,1,43234
2026-04-22T11:34:34,12.303040,-66.126762,0.7,13.41,83.9,8,2.0,103.4,4.209,-4.2,0,1,43235
2026-04-22T11:35:03,12.303239,-66.124870,4.6,13.26,84.5,8,1.9,103.4,4.209,-4.2,0,1,43236
2026-04-22T11:35:32,12.303360,-66.122902,3.1,14.27,82.8,8,1.9,103.4,4.209,-4.2,0,1,43237
2026-04-22T11:36:01,12.303475,-66.121010,10.4,13.65,86.4,8,1.9,103.7,4.207,-4.2,0,1,43238
2026-04-22T11:36:30,12.303726,-66.119049,14.3,13.25,81.4,8,1.9,103.2,4.209,-4.2,0,1,43239
2026-04-22T11:36:59,12.303897,-66.117119,12.0,16.57,92.5,8,1.9,103.4,4.209,-4.2,0,1,43240
2026-04-22T11:37:28,12.304048,-66.115181,15.1,14.58,90.4,8,1.9,103.4,4.209,-4.2,0,1,43241
2026-04-22T11:37:57,12.304223,-66.113251,14.5,14.50,87.1,8,1.9,103.4,4.210,2751.6,0,1,43242
2026-04-22T11:38:26,12.304397,-66.111328,15.7,13.63,83.1,8,1.9,103.4,4.210,-4.2,0,1,43243
2026-04-22T11:38:55,12.304602,-66.109421,17.4,13.94,76.4,8,1.9,103.5,4.209,-4.4,0,1,43244
2026-04-22T11:39:24,12.304683,-66.107506,15.8,11.59,96.6,8,1.8,103.5,4.210,-4.4,0,1,43245
2026-04-22T11:39:53,12.304820,-66.105576,21.4,14.03,87.7,8,1.8,103.4,4.210,-4.2,0,1,43246
2026-04-22T11:40:22,12.304932,-66.103676,16.3,12.74,90.3,8,1.8,103.5,4.207,-4.4,0,1,43247
2026-04-22T11:40:51,12.305168,-66.101730,9.6,13.57,78.3,8,1.8,103.2,4.209,-4.2,0,1,43248
2026-04-22T11:41:20,12.305262,-66.099831,8.6,13.95,86.9,8,1.8,103.2,4.207,-4.2,0,1,43249
2026-04-22T11:41:49,12.305217,-66.098000,4.5,14.41,85.6,8,1.8,103.2,4.207,-4.2,0,1,43250
2026-04-22T11:42:18,12.305517,-66.096016,4.4,14.66,90.2,8,1.8,103.4,4.207,-4.2,0,1,43251
2026-04-22T11:42:47,12.305711,-66.094109,-4.7,14.35,87.2,8,1.8,103.5,4.207,2755.8,0,1,43252
2026-04-22T11:43:16,12.305922,-66.092216,-4.9,15.63,86.0,8,1.8,103.4,4.209,-4.2,0,1,43253
2026-04-22T11:43:45,12.306118,-66.090309,-12.0,14.09,77.9,7,2.1,103.2,4.207,-4.2,0,1,43254
2026-04-22T11:44:14,12.306307,-66.088402,-8.8,14.29,84.6,8,1.8,103.4,4.209,2751.6,0,1,43255
2026-04-22T11:44:43,12.306471,-66.086533,-5.3,13.65,79.4,8,1.7,103.5,4.209,-4.4,0,1,43256
2026-04-22T11:45:12,12.306689,-66.084549,-6.6,13.63,84.3,6,4.4,103.2,4.207,-4.2,0,1,43257
2026-04-22T11:45:41,12.307000,-66.082672,-0.8,13.58,73.6,6,4.4,103.5,4.209,-4.4,0,1,43258
2026-04-22T11:46:10,12.307141,-66.080719,-3.6,13.59,83.2,6,4.3,103.4,4.210,-4.2,0,1,43259
2026-04-22T11:46:39,12.307352,-66.078766,-3.5,14.29,82.6,7,1.9,103.2,4.207,-4.2,0,1,43260
2026-04-22T11:47:08,12.307444,-66.076813,-8.2,13.87,82.7,6,4.3,103.4,4.210,-4.2,0,1,43261
2026-04-22T11:47:37,12.307653,-66.074921,-10.8,15.22,76.7,6,4.2,103.4,4.210,-4.2,0,1,43262
2026-04-22T11:48:06,12.307667,-66.072968,-22.9,15.02,87.5,6,4.2,103.4,4.209,-4.2,0,1,43263
2026-04-22T11:48:35,12.307954,-66.071075,-20.2,14.61,79.1,6,4.2,103.5,4.209,-4.4,0,1,43264
2026-04-22T11:49:04,12.308039,-66.069130,-16.0,14.70,89.3,6,4.1,103.4,4.207,-4.2,0,1,43265
2026-04-22T11:49:33,12.308355,-66.067192,-18.3,14.17,79.5,6,4.1,103.2,4.207,-4.2,0,1,43266
2026-04-22T11:50:02,12.308476,-66.065269,-14.5,13.85,81.1,6,4.1,103.7,4.209,-4.2,0,1,43267
2026-04-22T11:50:31,12.308532,-66.063286,-23.2,14.68,86.0,6,4.1,103.4,4.210,-4.2,0,1,43268
2026-04-22T11:51:00,12.308590,-66.061371,-32.0,12.75,87.7,6,4.0,103.4,4.207,-4.2,0,1,43269
2026-04-22T11:51:29,12.308808,-66.059341,-15.8,13.66,91.6,7,3.9,103.4,4.209,-4.2,0,1,43270
2026-04-22T11:51:58,12.309092,-66.057373,-13.7,12.73,80.1,7,3.9,103.5,4.210,-4.4,0,1,43271
2026-04-22T11:52:27,12.309136,-66.055412,-12.9,12.75,81.4,6,4.2,103.5,4.209,-4.4,0,1,43272
2026-04-22T11:52:56,12.309340,-66.053459,-13.5,13.28,91.9,6,4.2,103.5,4.209,-4.4,0,1,43273
2026-04-22T11:53:25,12.309365,-66.051537,-16.0,12.84,87.8,6,4.2,103.4,4.207,2751.6,0,1,43274
2026-04-22T11:53:54,12.309415,-66.049492,-16.1,13.90,87.4,6,4.2,103.4,4.209,-4.2,0,1,43275
2026-04-22T11:54:23,12.309553,-66.047577,-14.4,13.01,87.7,7,3.3,103.5,4.210,-4.4,0,1,43276
2026-04-22T11:54:52,12.309816,-66.045639,-13.9,12.35,84.5,7,3.3,103.4,4.210,-4.2,0,1,43277
2026-04-22T11:55:21,12.309986,-66.043678,-18.6,12.85,85.4,7,3.2,103.2,4.209,-4.2,0,1,43278
2026-04-22T11:55:50,12.310164,-66.041763,-20.1,14.27,87.4,7,3.2,103.4,4.207,-4.2,0,1,43279
2026-04-22T11:56:19,12.310382,-66.039780,-17.3,13.03,82.5,7,3.2,103.4,4.207,-4.2,0,1,43280
2026-04-22T11:56:48,12.310443,-66.037872,-22.9,12.37,85.1,7,3.2,103.4,4.209,-4.2,0,1,43281
2026-04-22T11:57:17,12.310768,-66.035957,-11.2,12.26,83.2,7,3.2,103.4,4.209,-4.2,0,1,43282
2026-04-22T11:57:46,12.310854,-66.033951,-19.9,13.43,77.4,6,3.4,103.5,4.209,-4.4,0,1,43283
2026-04-22T11:58:15,12.310730,-66.031914,-35.1,14.08,88.9,6,3.4,103.4,4.207,-4.2,0,1,43284
2026-04-22T11:58:44,12.310772,-66.029961,-46.9,13.66,82.6,6,3.3,103.4,4.209,-4.2,0,1,43285
2026-04-22T11:59:13,12.310822,-66.028008,-61.0,15.21,91.9,6,3.3,103.2,4.209,-4.2,0,1,43286
2026-04-22T11:59:42,12.310855,-66.026070,-67.3,12.20,88.5,6,3.3,103.2,4.207,-4.2,0,1,43287
2026-04-22T12:00:11,12.311052,-66.024086,-66.4,13.68,84.9,6,3.3,103.4,4.207,-4.2,0,1,43288
2026-04-22T12:00:40,12.311045,-66.022156,-73.0,13.72,92.1,6,3.3,103.4,4.209,-4.2,0,1,43289
2026-04-22T12:01:09,12.311180,-66.020264,-75.9,12.23,88.5,6,3.2,103.5,4.207,-4.4,0,1,43290
2026-04-22T12:01:38,12.311312,-66.018333,-78.6,12.03,80.5,6,3.2,103.2,4.210,-4.2,0,1,43291
2026-04-22T12:02:07,12.311468,-66.016426,-79.9,12.51,79.0,6,3.2,103.4,4.209,-4.2,0,1,43292
2026-04-22T12:02:36,12.311660,-66.014519,-74.4,12.62,79.3,6,3.2,103.2,4.209,-4.2,0,1,43293
2026-04-22T12:03:05,12.311843,-66.012581,-68.8,13.47,84.1,6,3.2,103.4,4.209,-4.2,0,1,43294
2026-04-22T12:03:34,12.312072,-66.010704,-68.9,13.74,80.1,6,3.1,103.5,4.207,-4.4,0,1,43295
2026-04-22T12:04:03,12.312286,-66.008812,-68.0,12.87,85.5,6,3.1,103.2,4.209,-4.2,0,1,43296
2026-04-22T12:04:32,12.312467,-66.006897,-69.5,13.52,87.2,6,3.1,103.2,4.210,-4.2,0,1,43297
2026-04-22T12:05:01,12.312661,-66.004967,-66.1,13.95,88.5,6,3.1,103.8,4.209,-4.2,0,1,43298
2026-04-22T12:05:30,12.312915,-66.003105,-65.7,13.16,75.1,6,3.0,103.2,4.209,-4.2,0,1,43299
2026-04-22T12:05:59,12.312977,-66.001175,-75.8,13.26,90.0,6,3.0,103.4,4.210,-4.2,0,1,43300
2026-04-22T12:06:28,12.312895,-65.999214,-86.0,13.02,93.0,6,3.0,103.5,4.207,-4.4,0,1,43301
2026-04-22T12:06:57,12.313040,-65.997261,-84.1,14.33,83.4,6,3.0,103.4,4.209,-4.2,0,1,43302
2026-04-22T12:07:26,12.313238,-65.995369,-77.6,12.88,91.0,7,2.9,103.4,4.207,-4.2,0,1,43303
2026-04-22T12:07:55,12.313307,-65.993423,-73.4,14.03,92.4,7,2.9,103.2,4.209,-4.2,0,1,43304
2026-04-22T12:08:24,12.313728,-65.991493,-50.4,13.85,83.4,7,2.9,103.4,4.209,-4.2,0,1,43305
2026-04-22T12:08:53,12.314140,-65.989632,-34.1,13.66,82.1,7,2.9,103.4,4.207,-4.2,0,1,43306
2026-04-22T12:09:22,12.314435,-65.987755,-28.6,13.66,82.6,7,2.9,103.2,4.209,-4.2,0,1,43307
2026-04-22T12:09:51,12.314647,-65.985847,-25.0,13.77,88.8,7,2.8,103.5,4.209,-4.4,0,1,43308
2026-04-22T12:10:20,12.314852,-65.983948,-19.5,13.59,87.4,7,2.8,103.4,4.207,-4.2,0,1,43309
2026-04-22T12:10:49,12.315302,-65.982109,5.9,13.88,82.4,7,2.8,103.5,4.209,-4.4,0,1,43310
2026-04-22T12:11:18,12.315597,-65.980270,21.9,13.47,84.7,7,2.8,103.4,4.207,-4.2,0,1,43311
2026-04-22T12:11:47,12.315815,-65.978432,25.9,12.27,82.6,7,2.8,103.4,4.211,-4.2,0,1,43312
2026-04-22T12:12:16,12.315937,-65.976532,18.9,14.12,75.7,7,2.8,103.7,4.210,-4.2,0,1,43313
2026-04-22T12:12:45,12.315968,-65.974632,12.2,13.61,87.2,7,2.7,103.5,4.209,-4.4,0,1,43314
2026-04-22T12:13:14,12.316010,-65.972702,4.5,13.16,89.2,7,2.7,103.4,4.211,-4.2,0,1,43315
2026-04-22T12:13:43,12.316005,-65.970825,-7.7,13.06,95.3,7,2.7,103.4,4.209,-4.2,0,1,43316
2026-04-22T12:14:12,12.316141,-65.968933,-10.5,13.05,83.5,7,2.7,103.7,4.209,-4.2,0,1,43317
2026-04-22T12:14:41,12.316200,-65.967056,-14.8,13.42,90.9,7,2.7,103.4,4.209,-4.2,0,1,43318
2026-04-22T12:15:10,12.316399,-65.965164,-7.6,12.60,89.9,7,2.7,103.4,4.209,-4.2,0,1,43319
2026-04-22T12:15:39,12.316457,-65.963287,-19.7,13.84,93.6,7,2.6,103.2,4.207,-4.2,0,1,43320
2026-04-22T12:16:08,12.316494,-65.961380,-27.8,13.75,90.3,7,2.6,103.5,4.209,-4.4,0,1,43321
2026-04-22T12:16:37,12.316623,-65.959473,-29.4,13.66,87.1,7,2.6,103.4,4.209,-4.2,0,1,43322
2026-04-22T12:17:06,12.316757,-65.957634,-23.9,13.82,88.8,7,2.6,103.5,4.209,-4.4,0,1,43323
2026-04-22T12:17:35,12.316988,-65.955772,-25.8,13.58,83.6,7,2.5,103.4,4.207,-4.2,0,1,43324
2026-04-22T12:18:04,12.317070,-65.953865,-26.9,14.11,90.3,7,2.5,103.4,4.207,-4.2,0,1,43325
2026-04-22T12:18:33,12.317126,-65.951958,-32.2,13.43,91.2,7,2.5,103.5,4.210,-4.4,0,1,43326
2026-04-22T12:19:02,12.317214,-65.950050,-34.7,13.48,96.9,7,2.5,103.2,4.207,-4.2,0,1,43327
2026-04-22T12:19:31,12.317552,-65.948189,-27.1,13.83,79.1,7,2.5,103.5,4.207,2755.8,0,1,43328
2026-04-22T12:20:00,12.317856,-65.946365,-12.4,12.46,84.1,7,2.5,103.2,4.207,-4.2,0,1,43329
2026-04-22T12:20:29,12.318078,-65.944458,-6.1,14.46,87.9,7,4.8,103.4,4.209,-4.2,0,1,43330
2026-04-22T12:20:58,12.318238,-65.942589,3.7,14.90,83.2,7,2.4,103.5,4.207,-4.4,0,1,43331
2026-04-22T12:21:27,12.318318,-65.940697,7.5,14.62,96.0,7,2.4,103.5,4.209,-4.4,0,1,43332
2026-04-22T12:21:56,12.318609,-65.938797,20.5,13.49,82.0,7,4.7,103.2,4.207,-4.2,0,1,43333
2026-04-22T12:22:25,12.318789,-65.936951,17.2,14.07,90.6,7,2.4,103.5,4.210,-4.4,0,1,43334
2026-04-22T12:22:54,12.318965,-65.935074,21.0,13.04,86.6,7,2.4,103.4,4.209,-4.2,0,1,43335
2026-04-22T12:23:23,12.318945,-65.933144,16.9,13.14,89.2,8,1.8,103.2,4.207,-4.2,0,1,43336
2026-04-22T12:23:52,12.319060,-65.931259,18.4,13.07,84.8,9,3.5,103.4,4.207,-4.2,0,1,43337
2026-04-22T12:24:21,12.319264,-65.929375,27.6,14.08,88.5,9,1.8,103.2,4.209,-4.2,0,1,43338
2026-04-22T12:24:50,12.319422,-65.927544,29.3,13.97,88.5,9,1.8,103.4,4.207,-4.2,0,1,43339
2026-04-22T12:25:19,12.319574,-65.925644,24.0,14.42,80.3,9,1.8,103.4,4.209,2751.6,0,1,43340
2026-04-22T12:25:48,12.319667,-65.923805,28.9,13.10,86.1,9,1.8,103.4,4.207,-4.2,0,1,43341
2026-04-22T12:26:17,12.319843,-65.921829,21.2,13.17,88.7,9,1.8,103.4,4.210,-4.2,0,1,43342
2026-04-22T12:26:46,12.319803,-65.919937,16.9,12.88,84.9,9,1.8,103.4,4.210,-4.2,0,1,43343
2026-04-22T12:27:15,12.319980,-65.918152,21.2,13.70,86.0,9,1.8,103.5,4.207,-4.4,0,1,43344
2026-04-22T12:27:44,12.320174,-65.916298,21.3,13.47,86.0,9,1.8,103.4,4.209,-4.2,0,1,43345
2026-04-22T12:28:13,12.320256,-65.914352,16.2,13.93,83.9,9,1.8,103.4,4.209,-4.2,0,1,43346
2026-04-22T12:28:42,12.320361,-65.912544,12.5,12.74,87.1,9,1.8,103.5,4.210,-4.4,0,1,43347
2026-04-22T12:29:11,12.320579,-65.910645,6.8,13.08,83.5,9,1.8,103.4,4.210,-4.2,0,1,43348
2026-04-22T12:29:40,12.320511,-65.908722,-10.6,13.95,89.9,9,1.8,103.4,4.210,-4.2,0,1,43349
2026-04-22T12:30:09,12.320533,-65.906868,-22.7,13.28,83.4,9,1.8,103.5,4.209,-4.4,0,1,43350
2026-04-22T12:30:38,12.320764,-65.904953,-21.1,12.51,81.6,9,1.8,103.4,4.209,-4.2,0,1,43351
2026-04-22T12:31:07,12.320974,-65.903030,-17.2,13.66,83.1,9,1.8,103.4,4.209,-4.2,0,1,43352
2026-04-22T12:31:36,12.321014,-65.901161,-15.9,13.08,82.1,9,1.8,103.5,4.209,-4.4,0,1,43353
2026-04-22T12:32:05,12.321218,-65.899315,-11.7,12.51,85.7,9,1.8,103.4,4.209,-4.2,0,1,43354
2026-04-22T12:32:34,12.321426,-65.897469,-0.8,13.46,84.7,9,1.8,103.2,4.209,-4.2,0,1,43355
2026-04-22T12:33:03,12.321477,-65.895599,-7.4,11.90,87.1,9,1.8,103.4,4.209,-4.2,0,1,43356
2026-04-22T12:33:32,12.321637,-65.893715,-12.1,14.11,82.9,9,1.8,103.5,4.207,-4.4,0,1,43357
2026-04-22T12:34:01,12.321888,-65.891846,4.8,13.25,83.1,9,1.8,103.4,4.209,-4.2,0,1,43358
2026-04-22T12:34:30,12.322086,-65.889915,5.1,13.84,89.7,9,1.8,103.2,4.207,-4.2,0,1,43359
2026-04-22T12:34:59,12.322234,-65.888069,7.9,14.33,88.3,9,1.8,103.4,4.210,-4.2,0,1,43360
2026-04-22T12:35:28,12.322334,-65.886185,8.6,15.46,83.9,9,1.8,103.4,4.207,-4.2,0,1,43361
2026-04-22T12:35:57,12.322371,-65.884293,5.2,12.65,93.1,9,1.8,103.2,4.207,-4.2,0,1,43362
2026-04-22T12:36:26,12.322717,-65.882431,23.9,12.93,85.2,9,1.8,103.4,4.207,-4.2,0,1,43363
2026-04-22T12:36:55,12.322889,-65.880547,26.8,13.79,82.2,9,1.8,103.4,4.210,2751.6,0,1,43364
2026-04-22T12:37:24,12.323181,-65.878723,32.7,13.08,77.5,9,1.8,103.7,4.207,-4.2,0,1,43365
2026-04-22T12:37:53,12.323291,-65.876839,43.9,13.02,84.8,9,1.8,103.4,4.209,-4.2,0,1,43366
2026-04-22T12:38:22,12.323593,-65.874924,60.3,14.15,84.6,9,1.7,103.4,4.209,-4.2,0,1,43367
2026-04-22T12:38:51,12.323794,-65.873016,68.1,13.15,83.8,9,1.7,103.4,4.207,2751.6,0,1,43368
2026-04-22T12:39:20,12.323705,-65.871071,35.3,14.13,84.3,10,1.7,103.2,4.209,-4.2,0,1,43369
2026-04-22T12:39:49,12.323918,-65.869232,42.1,13.22,83.8,10,1.7,103.4,4.210,-4.2,0,1,43370
2026-04-22T12:40:18,12.324003,-65.867310,35.5,13.18,91.9,10,1.7,103.7,4.209,-4.2,0,1,43371
2026-04-22T12:40:47,12.323848,-65.865387,1.8,12.84,80.7,10,1.7,103.2,4.207,-4.2,0,1,43372
2026-04-22T12:41:16,12.324018,-65.863487,-4.0,13.69,84.9,9,1.8,103.2,4.207,-4.2,0,1,43373
2026-04-22T12:41:45,12.324157,-65.861618,7.4,13.03,84.7,10,1.7,103.4,4.210,2751.6,0,1,43374
2026-04-22T12:42:14,12.324400,-65.859787,14.7,13.24,83.7,10,1.7,103.4,4.207,-4.2,0,1,43375
2026-04-22T12:42:43,12.324517,-65.857918,8.9,13.77,90.7,10,1.7,103.4,4.209,-4.2,0,1,43376
2026-04-22T12:43:12,12.324363,-65.856026,-17.6,14.99,90.8,8,2.6,103.2,4.207,-4.2,0,1,43377
2026-04-22T12:43:41,12.324671,-65.854141,-14.1,13.81,82.4,9,1.7,103.4,4.207,-4.2,0,1,43378
2026-04-22T12:44:10,12.324882,-65.852318,-9.7,13.81,88.6,9,1.7,103.2,4.207,-4.2,0,1,43379
2026-04-22T12:44:39,12.325063,-65.850395,-8.2,13.89,81.7,9,1.7,103.4,4.209,-4.2,0,1,43380
2026-04-22T12:45:08,12.325154,-65.848579,-5.2,13.81,84.8,9,1.7,103.5,4.209,-4.4,0,1,43381
2026-04-22T12:45:37,12.325318,-65.846748,-3.0,13.43,83.2,9,1.7,103.2,4.207,-4.2,0,1,43382
2026-04-22T12:46:06,12.325460,-65.844986,-7.8,13.97,85.2,9,1.7,103.5,4.209,-4.4,0,1,43383
2026-04-22T12:46:35,12.325685,-65.843216,0.5,12.04,93.1,8,1.8,103.4,4.209,-4.2,0,1,43384
2026-04-22T12:47:04,12.326000,-65.841469,9.9,12.25,80.9,8,1.8,103.4,4.207,-4.2,0,1,43385
2026-04-22T12:47:33,12.326190,-65.839760,9.8,12.60,80.8,9,1.7,103.4,4.209,-4.2,0,1,43386
2026-04-22T12:48:02,12.326324,-65.838120,2.6,12.93,95.5,9,1.7,103.2,4.209,-4.2,0,1,43387
2026-04-22T12:48:31,12.326507,-65.836426,-6.0,12.88,80.1,9,1.7,103.4,4.209,-4.2,0,1,43388
2026-04-22T12:49:00,12.326534,-65.834778,-5.1,11.39,83.1,9,1.7,103.7,4.207,-4.2,0,1,43389
2026-04-22T12:49:29,12.326650,-65.833130,-6.1,11.90,99.1,9,1.6,103.4,4.206,-4.2,0,1,43390
2026-04-22T12:49:58,12.326871,-65.831497,-4.9,11.65,76.3,9,1.6,103.4,4.209,-4.2,0,1,43391
2026-04-22T12:50:27,12.327079,-65.829895,10.7,12.00,88.9,9,1.6,103.4,4.207,-4.2,0,1,43392
2026-04-22T12:50:56,12.327307,-65.828285,15.9,11.96,85.2,9,1.6,103.2,4.209,-4.2,0,1,43393
2026-04-22T12:51:25,12.327440,-65.826683,22.2,12.17,90.4,9,1.6,103.4,4.209,-4.2,0,1,43394
2026-04-22T12:51:54,12.327443,-65.824951,9.9,10.69,81.6,10,1.5,103.5,4.207,-4.4,0,1,43395
2026-04-22T12:52:23,12.327503,-65.823349,-1.0,10.96,85.6,10,1.5,103.4,4.209,-4.2,0,1,43396
2026-04-22T12:52:52,12.327780,-65.821732,13.7,10.79,91.6,9,2.0,103.4,4.209,-4.2,0,1,43397
2026-04-22T12:53:21,12.328012,-65.820099,21.9,12.48,76.2,9,2.0,103.2,4.209,-4.2,0,1,43398
2026-04-22T12:53:50,12.328037,-65.818489,16.9,11.40,82.7,10,1.5,103.4,4.207,-4.2,0,1,43399
2026-04-22T12:54:19,12.328093,-65.816895,6.2,11.31,97.0,10,1.5,103.7,4.209,-4.2,0,1,43400
2026-04-22T12:54:48,12.328231,-65.815292,11.6,11.55,92.1,10,1.5,103.4,4.209,-4.2,0,1,43401
2026-04-22T12:55:17,12.328328,-65.813667,14.1,11.56,93.4,10,1.5,103.4,4.209,-4.2,0,1,43402
2026-04-22T12:55:46,12.328382,-65.812035,11.2,12.71,84.7,10,1.5,103.2,4.209,-4.2,0,1,43403
2026-04-22T12:56:15,12.328502,-65.810448,10.4,11.65,88.3,10,1.5,103.4,4.209,-4.2,0,1,43404
2026-04-22T12:56:44,12.328665,-65.808823,19.2,11.95,77.6,10,1.5,103.4,4.207,-4.2,0,1,43405
2026-04-22T12:57:13,12.328748,-65.807205,17.5,11.56,88.7,10,1.5,103.4,4.207,-4.2,0,1,43406
2026-04-22T12:57:42,12.328951,-65.805573,19.7,12.00,81.4,10,1.5,103.5,4.207,-4.4,0,1,43407
2026-04-22T12:58:11,12.329015,-65.803993,11.5,11.38,85.5,10,1.5,103.2,4.209,-4.2,0,1,43408
2026-04-22T12:58:40,12.329111,-65.802383,15.8,12.38,89.4,10,1.4,103.4,4.209,-4.2,0,1,43409
2026-04-22T12:59:09,12.329289,-65.800743,17.7,11.60,82.7,9,2.0,103.7,4.209,-4.2,0,1,43410
2026-04-22T12:59:38,12.329383,-65.799133,14.2,11.00,91.7,9,1.9,103.2,4.210,-4.2,0,1,43411
2026-04-22T13:00:07,12.329568,-65.797546,21.6,12.58,76.3,10,1.4,103.0,4.209,-4.2,0,1,43412
2026-04-22T13:00:36,12.329868,-65.795959,22.9,11.98,88.9,10,1.4,103.4,4.209,-4.2,0,1,43413
2026-04-22T13:01:05,12.329846,-65.794319,21.5,12.36,94.1,10,1.4,103.4,4.209,-4.2,0,1,43414
2026-04-22T13:01:34,12.330038,-65.792664,27.9,12.22,80.9,10,1.4,103.4,4.210,2751.6,0,1,43415
2026-04-22T13:02:03,12.330070,-65.791039,22.3,11.78,94.9,9,1.9,103.4,4.210,-4.2,0,1,43416
2026-04-22T13:02:32,12.330283,-65.789406,25.1,12.23,80.3,10,1.4,103.4,4.209,-4.2,0,1,43417
2026-04-22T13:03:01,12.330345,-65.787766,21.5,11.86,87.3,10,1.4,103.4,4.210,-4.2,0,1,43418
2026-04-22T13:03:30,12.330462,-65.786171,22.9,11.77,87.2,10,1.4,103.4,4.209,-4.2,0,1,43419
2026-04-22T13:03:59,12.330536,-65.784584,20.9,11.13,100.7,10,1.4,103.5,4.209,-4.4,0,1,43420
2026-04-22T13:04:28,12.330455,-65.782928,1.3,12.22,91.3,9,1.8,103.5,4.207,-4.4,0,1,43421
2026-04-22T13:04:57,12.330647,-65.781342,1.6,11.65,86.4,10,1.4,103.4,4.209,-4.2,0,1,43422
2026-04-22T13:05:26,12.330878,-65.779694,4.6,10.75,80.9,10,1.4,103.2,4.206,-4.2,0,1,43423
2026-04-22T13:05:55,12.330876,-65.778069,-5.5,11.47,82.6,9,1.8,103.4,4.209,-4.2,0,1,43424
2026-04-22T13:06:24,12.331051,-65.776451,-5.6,11.93,91.4,10,1.3,103.2,4.209,-4.2,0,1,43425
2026-04-22T13:06:53,12.331188,-65.774788,-1.6,11.75,85.5,9,1.8,103.2,4.209,-4.2,0,1,43426
2026-04-22T13:07:22,12.331358,-65.773209,-4.0,11.09,85.4,10,1.6,103.5,4.209,-4.4,0,1,43427
2026-04-22T13:07:51,12.331394,-65.771568,-2.8,11.76,86.6,11,1.3,103.4,4.210,-4.2,0,1,43428
2026-04-22T13:08:20,12.331583,-65.769974,0.0,11.48,90.5,12,1.2,103.4,4.210,-4.2,0,1,43429
2026-04-22T13:08:49,12.331758,-65.768349,-2.6,11.72,96.2,12,1.2,103.4,4.209,-4.2,0,1,43430
2026-04-22T13:09:18,12.332042,-65.766747,3.8,11.67,78.5,11,1.5,103.4,4.209,-4.2,0,1,43431
2026-04-22T13:09:47,12.331934,-65.765114,4.6,12.88,89.9,12,1.2,103.4,4.209,-4.2,0,1,43432
2026-04-22T13:10:16,12.332048,-65.763451,0.1,11.38,83.5,12,1.2,103.5,4.209,-4.4,0,1,43433
2026-04-22T13:10:45,12.332198,-65.761826,-1.3,11.43,85.2,11,1.5,103.4,4.209,-4.2,0,1,43434
2026-04-22T13:11:14,12.332253,-65.760155,1.9,12.06,90.2,10,1.5,103.2,4.207,-4.2,0,1,43435
2026-04-22T13:11:43,12.332473,-65.758499,1.5,11.89,90.3,12,1.2,103.5,4.210,-4.4,0,1,43436
2026-04-22T13:12:12,12.332686,-65.756866,-2.4,12.66,89.2,11,1.5,103.5,4.209,-4.4,0,1,43437
2026-04-22T13:12:41,12.333028,-65.755234,3.5,11.78,75.4,11,1.2,103.2,4.210,-4.2,0,1,43438
2026-04-22T13:13:10,12.333199,-65.753601,-5.0,11.82,91.4,11,1.5,103.2,4.207,-4.2,0,1,43439
2026-04-22T13:13:39,12.333337,-65.751961,-8.5,11.39,85.3,10,1.5,103.4,4.207,-4.2,0,1,43440
2026-04-22T13:14:08,12.333508,-65.750313,-8.9,10.87,81.7,10,1.5,103.2,4.207,-4.2,0,1,43441
2026-04-22T13:14:37,12.333700,-65.748665,-14.2,12.13,83.3,10,1.5,103.7,4.209,-4.2,0,1,43442
2026-04-22T13:15:06,12.333957,-65.747047,-5.4,11.91,85.4,10,1.5,103.5,4.210,-4.4,0,1,43443
2026-04-22T13:15:35,12.333923,-65.745316,-11.8,12.07,90.2,10,1.5,103.2,4.210,-4.2,0,1,43444
2026-04-22T13:16:04,12.334035,-65.743629,-1.3,12.17,83.3,10,1.5,103.4,4.210,-4.2,0,1,43445
2026-04-22T13:16:33,12.334114,-65.741943,-3.5,12.27,75.5,11,1.5,103.4,4.209,-4.2,0,1,43446
2026-04-22T13:17:02,12.334304,-65.740280,0.1,12.12,91.5,10,1.5,103.4,4.210,-4.2,0,1,43447
2026-04-22T13:17:31,12.334449,-65.738678,-12.8,12.29,88.3,10,1.5,103.4,4.210,-4.2,0,1,43448
2026-04-22T13:18:00,12.334635,-65.737053,-20.2,11.66,91.7,10,1.5,103.2,4.210,-4.2,0,1,43449
2026-04-22T13:18:29,12.334888,-65.735374,-1.4,11.52,78.9,10,1.5,103.2,4.207,-4.2,0,1,43450
2026-04-22T13:18:58,12.335033,-65.733719,1.5,11.33,85.6,11,1.4,103.4,4.209,-4.2,0,1,43451
2026-04-22T13:19:27,12.335140,-65.732040,7.8,11.47,84.3,10,1.4,103.2,4.209,-4.2,0,1,43452
2026-04-22T13:19:56,12.335334,-65.730431,11.1,10.37,83.7,10,1.5,103.4,4.209,-4.2,0,1,43453
2026-04-22T13:20:25,12.335572,-65.728783,15.9,12.57,88.6,9,1.8,103.5,4.207,-4.4,0,1,43454
2026-04-22T13:20:54,12.335711,-65.727135,6.3,11.87,85.6,11,1.4,103.2,4.209,-4.2,0,1,43455
2026-04-22T13:21:23,12.335818,-65.725479,-1.2,11.48,77.1,11,1.4,103.5,4.207,-4.4,0,1,43456
2026-04-22T13:21:52,12.335883,-65.723793,0.6,12.12,95.7,11,1.4,103.4,4.209,-4.2,0,1,43457
2026-04-22T13:22:21,12.336040,-65.722160,-3.2,11.84,79.8,11,1.4,103.2,4.209,-4.2,0,1,43458
2026-04-22T13:22:50,12.336140,-65.720520,-11.9,12.30,95.1,10,1.4,103.2,4.207,-4.2,0,1,43459
2026-04-22T13:23:19,12.336363,-65.718872,-10.8,11.46,84.3,10,1.8,103.2,4.209,-4.2,0,1,43460
2026-04-22T13:23:48,12.336571,-65.717239,-9.4,12.58,76.4,11,1.4,103.4,4.207,-4.2,0,1,43461
2026-04-22T13:24:17,12.336727,-65.715630,-8.0,12.28,76.5,11,1.4,103.4,4.209,2751.6,0,1,43462
2026-04-22T13:24:46,12.336862,-65.714020,-14.0,12.32,86.5,11,1.4,103.4,4.207,-4.2,0,1,43463
2026-04-22T13:25:15,12.336980,-65.712318,-16.2,12.74,82.6,10,1.4,103.5,4.209,-4.4,0,1,43464
2026-04-22T13:25:44,12.337129,-65.710648,-12.1,11.34,84.5,10,1.4,103.5,4.207,-4.4,0,1,43465
2026-04-22T13:26:13,12.337300,-65.709053,-11.9,10.90,87.3,9,1.9,103.4,4.207,-4.2,0,1,43466
2026-04-22T13:26:42,12.337396,-65.707344,-16.6,12.48,80.6,10,1.4,103.4,4.209,-4.2,0,1,43467
2026-04-22T13:27:11,12.337562,-65.705711,-21.5,11.67,84.6,10,1.4,103.4,4.207,-4.2,0,1,43468
2026-04-22T13:27:40,12.337683,-65.704079,-22.5,11.69,87.2,10,1.4,103.2,4.209,-4.2,0,1,43469
2026-04-22T13:28:09,12.337857,-65.702408,-22.3,12.40,91.3,10,1.4,103.4,4.209,-4.2,0,1,43470
2026-04-22T13:28:38,12.337961,-65.700737,-24.0,12.34,85.9,9,1.9,103.2,4.207,-4.2,0,1,43471
2026-04-22T13:29:07,12.338190,-65.699081,-20.0,12.55,81.7,10,1.4,103.2,4.209,-4.2,0,1,43472
2026-04-22T13:29:36,12.338340,-65.697388,-24.5,12.23,83.2,10,1.4,103.4,4.206,-4.2,0,1,43473
2026-04-22T13:30:05,12.338504,-65.695724,-21.6,12.31,93.5,9,1.9,103.4,4.210,-4.2,0,1,43474
2026-04-22T13:30:34,12.338671,-65.694061,-24.0,11.96,86.1,9,1.9,103.2,4.209,-4.2,0,1,43475
2026-04-22T13:31:03,12.338814,-65.692368,-28.9,12.04,85.2,9,1.9,103.4,4.207,2751.6,0,1,43476
2026-04-22T13:31:32,12.338945,-65.690720,-26.9,11.84,89.2,10,1.4,103.2,4.209,-4.2,0,1,43477
2026-04-22T13:32:01,12.339160,-65.689034,-25.0,12.28,88.0,10,1.4,103.4,4.209,-4.2,0,1,43478
2026-04-22T13:32:30,12.339233,-65.687340,-22.9,11.44,84.9,10,1.4,103.2,4.209,-4.2,0,1,43479
2026-04-22T13:32:59,12.339287,-65.685684,-24.9,11.80,88.2,10,1.3,103.4,4.209,-4.2,0,1,43480
2026-04-22T13:33:28,12.339547,-65.683990,-23.6,11.52,87.9,9,1.8,103.4,4.209,-4.2,0,1,43481
2026-04-22T13:33:57,12.339654,-65.682320,-29.4,12.03,87.4,10,1.3,103.2,4.209,-4.2,0,1,43482
2026-04-22T13:34:26,12.339790,-65.680611,-24.9,11.97,86.5,10,1.3,103.5,4.207,-4.4,0,1,43483
2026-04-22T13:34:55,12.339928,-65.678902,-17.8,11.89,90.0,9,1.8,103.4,4.210,-4.2,0,1,43484
2026-04-22T13:35:24,12.340111,-65.677261,-15.5,12.09,89.8,10,1.3,103.2,4.210,-4.2,0,1,43485
2026-04-22T13:35:53,12.340250,-65.675575,-17.1,12.22,82.6,9,1.8,103.2,4.207,-4.2,0,1,43486
2026-04-22T13:36:22,12.340379,-65.673904,-16.3,12.32,89.2,9,1.8,103.2,4.209,-4.2,0,1,43487
2026-04-22T13:36:51,12.340602,-65.672234,-10.5,12.39,79.0,9,1.8,103.5,4.207,-4.4,0,1,43488
2026-04-22T13:37:20,12.340776,-65.670601,-10.4,13.00,82.7,10,1.3,103.2,4.210,-4.2,0,1,43489
2026-04-22T13:37:49,12.340917,-65.668953,-6.6,11.85,87.7,10,1.3,103.5,4.207,-4.4,0,1,43490
2026-04-22T13:38:18,12.341060,-65.667290,-9.8,12.41,81.8,9,1.8,103.4,4.211,-4.2,0,1,43491
2026-04-22T13:38:47,12.341187,-65.665604,-8.7,11.47,90.7,9,1.8,103.5,4.209,2755.8,0,1,43492
2026-04-22T13:39:16,12.341318,-65.663963,-7.5,12.80,87.8,10,1.3,103.4,4.209,-4.2,0,1,43493
2026-04-22T13:39:45,12.341451,-65.662308,-8.8,12.30,89.2,10,1.3,103.5,4.210,-4.4,0,1,43494
2026-04-22T13:40:14,12.341657,-65.660637,5.4,11.35,89.3,10,1.3,103.4,4.207,-4.2,0,1,43495
2026-04-22T13:40:43,12.341770,-65.658981,8.4,12.13,88.1,9,1.7,103.4,4.209,-4.2,0,1,43496
2026-04-22T13:41:12,12.341968,-65.657341,7.5,12.19,84.8,9,1.7,103.4,4.209,-4.2,0,1,43497
2026-04-22T13:41:41,12.342060,-65.655708,1.0,10.99,94.0,10,1.2,103.5,4.207,-4.4,0,1,43498
2026-04-22T13:42:10,12.342189,-65.654060,5.0,12.50,89.9,9,1.7,103.4,4.210,-4.2,0,1,43499
2026-04-22T13:42:39,12.342355,-65.652451,2.1,11.52,88.7,9,1.7,103.2,4.209,2747.5,0,1,43500
2026-04-22T13:43:08,12.342517,-65.650803,2.7,10.98,83.7,10,1.2,103.4,4.209,-4.2,0,1,43501
2026-04-22T13:43:37,12.342624,-65.649200,1.8,11.45,89.6,9,1.7,103.2,4.209,-4.2,0,1,43502
2026-04-22T13:44:06,12.342638,-65.647575,-2.6,12.53,86.9,9,1.7,103.4,4.209,-4.2,0,1,43503
2026-04-22T13:44:35,12.342892,-65.645958,0.8,11.78,91.7,9,1.6,103.4,4.206,-4.2,0,1,43504
2026-04-22T13:45:04,12.343045,-65.644348,-0.8,12.33,100.0,9,1.6,103.4,4.207,2751.6,0,1,43505
2026-04-22T13:45:33,12.343215,-65.642693,-0.4,12.94,88.7,9,1.6,103.4,4.209,-4.2,0,1,43506
2026-04-22T13:46:02,12.343287,-65.641129,-5.2,10.70,80.8,10,1.5,103.4,4.209,-4.2,0,1,43507
2026-04-22T13:46:31,12.343443,-65.639519,-7.7,11.80,89.0,11,1.0,103.2,4.209,-4.2,0,1,43508
2026-04-22T13:47:00,12.343606,-65.637939,-7.3,12.41,82.0,10,1.5,103.5,4.210,-4.4,0,1,43509
2026-04-22T13:47:29,12.343772,-65.636330,-4.8,11.47,94.9,10,1.5,103.4,4.206,-4.2,0,1,43510
2026-04-22T13:47:58,12.343835,-65.634712,-5.6,11.73,82.7,10,1.5,103.2,4.209,-4.2,0,1,43511
2026-04-22T13:48:27,12.344013,-65.633087,0.6,11.45,78.8,10,1.5,103.2,4.207,-4.2,0,1,43512
2026-04-22T13:48:56,12.344066,-65.631485,3.5,12.43,88.0,10,1.5,103.2,4.207,-4.2,0,1,43513
2026-04-22T13:49:25,12.344243,-65.629921,-1.3,10.73,80.3,11,1.3,103.2,4.207,-4.2,0,1,43514
2026-04-22T13:49:54,12.344480,-65.628349,-4.5,12.06,83.2,11,1.3,103.2,4.209,-4.2,0,1,43515
2026-04-22T13:50:23,12.344550,-65.626701,-0.9,12.29,81.0,11,1.3,103.2,4.210,-4.2,0,1,43516
2026-04-22T13:50:52,12.344619,-65.625114,1.6,11.61,90.3,11,1.3,103.4,4.210,-4.2,0,1,43517
2026-04-22T13:51:21,12.344766,-65.623550,1.3,12.07,85.9,12,1.2,103.7,4.209,-4.2,0,1,43518
2026-04-22T13:51:50,12.344900,-65.621994,-7.9,11.53,83.2,12,1.2,103.4,4.207,-4.2,0,1,43519
2026-04-22T13:52:19,12.345114,-65.620407,-1.7,12.08,90.1,10,1.4,103.2,4.207,-4.2,0,1,43520
2026-04-22T13:52:48,12.345222,-65.618820,-5.9,11.86,77.7,12,1.2,103.2,4.210,-4.2,0,1,43521
2026-04-22T13:53:17,12.345367,-65.617226,-2.2,11.37,82.2,13,0.9,103.4,4.209,-4.2,0,1,43522
2026-04-22T13:53:46,12.345502,-65.615601,2.2,10.84,83.7,11,1.4,103.2,4.206,-4.2,0,1,43523
2026-04-22T13:54:15,12.345360,-65.614006,2.1,12.08,81.7,12,1.2,103.4,4.209,-4.2,0,1,43524
2026-04-22T13:54:44,12.345472,-65.612389,5.2,11.15,86.0,12,1.2,103.4,4.209,-4.2,0,1,43525
2026-04-22T13:55:13,12.345744,-65.610786,-5.8,13.47,81.1,12,1.2,103.5,4.207,-4.4,0,1,43526
2026-04-22T13:55:42,12.345892,-65.609154,-5.3,12.70,85.5,12,1.2,103.2,4.207,-4.2,0,1,43527
2026-04-22T13:56:11,12.346005,-65.607605,-12.1,11.90,91.0,11,1.4,103.2,4.207,-4.2,0,1,43528
2026-04-22T13:56:40,12.346255,-65.605988,-7.3,11.67,79.2,12,1.2,103.2,4.209,-4.2,0,1,43529
2026-04-22T13:57:09,12.346318,-65.604355,-17.4,12.82,89.7,12,1.2,103.5,4.207,-4.4,0,1,43530
2026-04-22T13:57:38,12.346457,-65.602715,-15.7,11.58,90.1,12,1.2,103.2,4.210,-4.2,0,1,43531
2026-04-22T13:58:07,12.346614,-65.601105,-6.4,11.32,86.1,11,1.4,103.4,4.207,-4.2,0,1,43532
2026-04-22T13:58:36,12.346724,-65.599434,-12.6,10.84,86.4,11,1.4,103.0,4.207,-4.2,0,1,43533
2026-04-22T13:59:05,12.346889,-65.597794,-11.7,12.38,88.7,11,1.5,103.2,4.206,-4.2,0,1,43534
2026-04-22T13:59:34,12.347066,-65.596176,-10.4,11.87,83.0,11,1.5,103.2,4.207,-4.2,0,1,43535
2026-04-22T14:00:03,12.347074,-65.594505,-9.8,11.93,90.3,11,1.5,103.2,4.207,2747.5,0,1,43536
2026-04-22T14:00:32,12.347104,-65.592850,-9.4,12.12,88.2,10,1.9,103.2,4.206,-4.2,0,1,43537
2026-04-22T14:01:01,12.347241,-65.591286,-13.0,10.81,81.6,11,1.5,103.2,4.209,-4.2,0,1,43538
2026-04-22T14:01:30,12.347340,-65.589546,-16.4,11.10,84.7,10,1.9,103.4,4.210,-4.2,0,1,43539
2026-04-22T14:01:59,12.347425,-65.587990,-20.4,11.60,85.6,11,1.5,103.4,4.210,-4.2,0,1,43540
2026-04-22T14:02:28,12.347569,-65.586380,-27.7,11.14,77.4,10,1.9,103.5,4.207,-4.4,0,1,43541
2026-04-22T14:02:57,12.347660,-65.584740,-20.1,11.16,87.2,10,1.9,103.0,4.206,2743.3,0,1,43542
2026-04-22T14:03:26,12.347889,-65.583115,-17.5,12.17,83.2,10,1.9,103.4,4.209,-4.2,0,1,43543
2026-04-22T14:03:55,12.347974,-65.581482,-26.5,11.84,86.2,10,1.9,103.2,4.209,-4.2,0,1,43544
2026-04-22T14:04:24,12.348213,-65.579895,-19.7,12.63,86.1,10,1.9,103.4,4.210,-4.2,0,1,43545
2026-04-22T14:04:53,12.348275,-65.578239,-21.8,11.55,88.2,10,2.0,103.4,4.207,-4.2,0,1,43546
2026-04-22T14:05:22,12.348475,-65.576645,-29.6,12.45,80.6,11,1.5,103.2,4.209,-4.2,0,1,43547
2026-04-22T14:05:51,12.348679,-65.575058,-27.5,11.69,81.4,11,1.5,103.4,4.209,-4.2,0,1,43548
2026-04-22T14:06:20,12.348819,-65.573441,-24.5,11.62,85.1,11,1.5,103.2,4.210,-4.2,0,1,43549
2026-04-22T14:06:49,12.349009,-65.571861,-18.0,11.37,81.5,11,1.5,103.4,4.209,-4.2,0,1,43550
2026-04-22T14:07:18,12.349191,-65.570305,-24.0,11.00,85.2,10,2.0,103.2,4.209,-4.2,0,1,43551
2026-04-22T14:07:47,12.349277,-65.568695,-31.7,11.90,81.6,10,2.0,103.5,4.209,-4.4,0,1,43552
2026-04-22T14:08:16,12.349399,-65.567078,-27.4,12.00,85.8,10,2.0,103.4,4.210,-4.2,0,1,43553
2026-04-22T14:08:45,12.349464,-65.565475,-37.1,12.75,96.2,10,2.0,103.4,4.209,-4.2,0,1,43554
2026-04-22T14:09:14,12.349606,-65.563881,-33.2,12.03,91.6,11,1.5,103.2,4.209,-4.2,0,1,43555
2026-04-22T14:09:43,12.349753,-65.562302,-25.8,12.52,90.8,11,1.5,103.2,4.207,-4.2,0,1,43556
2026-04-22T14:10:12,12.349918,-65.560654,-27.8,11.70,85.1,10,2.0,103.5,4.209,-4.4,0,1,43557
2026-04-22T14:10:41,12.350003,-65.559052,-28.6,10.82,91.5,10,2.0,103.4,4.209,-4.2,0,1,43558
2026-04-22T14:11:10,12.350194,-65.557465,-22.2,11.56,85.9,11,1.4,103.2,4.209,-4.2,0,1,43559
2026-04-22T14:11:39,12.350383,-65.555862,-20.2,11.18,86.1,11,1.4,103.2,4.207,-4.2,0,1,43560
2026-04-22T14:12:08,12.350600,-65.554268,-23.7,11.75,90.0,11,1.4,103.2,4.207,-4.2,0,1,43561
2026-04-22T14:12:37,12.350775,-65.552704,-22.9,12.10,93.1,11,1.4,103.7,4.209,-4.2,0,1,43562
2026-04-22T14:13:06,12.350948,-65.551109,-23.4,11.50,90.9,11,1.4,103.2,4.209,-4.2,0,1,43563
2026-04-22T14:13:35,12.351088,-65.549500,-20.4,11.44,86.1,10,2.0,103.2,4.207,-4.2,0,1,43564
2026-04-22T14:14:04,12.351296,-65.547951,-20.4,11.41,95.8,10,2.0,103.4,4.207,-4.2,0,1,43565
2026-04-22T14:14:33,12.351486,-65.546242,-9.1,12.35,81.7,10,2.0,103.2,4.207,-4.2,0,1,43566
2026-04-22T14:15:02,12.351655,-65.544708,-12.5,11.79,92.5,11,1.4,103.2,4.209,-4.2,0,1,43567
2026-04-22T14:15:31,12.351733,-65.542999,-6.6,11.86,85.6,10,2.0,103.2,4.209,-4.2,0,1,43568
2026-04-22T14:16:00,12.351912,-65.541458,-13.3,11.56,85.1,11,1.4,103.5,4.210,-4.4,0,1,43569
2026-04-22T14:16:29,12.352054,-65.539726,-3.2,12.39,83.7,11,1.4,103.4,4.207,-4.2,0,1,43570
2026-04-22T14:16:58,12.352172,-65.538116,3.5,12.02,81.3,10,2.0,103.4,4.209,-4.2,0,1,43571
2026-04-22T14:17:27,12.352335,-65.536545,5.0,12.07,87.9,11,1.4,103.2,4.209,-4.2,0,1,43572
2026-04-22T14:17:56,12.352555,-65.534973,3.5,11.56,85.6,10,1.5,103.4,4.209,-4.2,0,1,43573
2026-04-22T14:18:25,12.352821,-65.533440,20.6,12.04,83.8,9,2.1,103.2,4.207,-4.2,0,1,43574
2026-04-22T14:18:54,12.352980,-65.531876,20.7,11.30,84.9,10,1.5,103.2,4.210,-4.2,0,1,43575
2026-04-22T14:19:23,12.353066,-65.530235,11.6,10.74,82.5,9,2.1,103.4,4.209,2751.6,0,1,43576
2026-04-22T14:19:52,12.353124,-65.528519,5.9,13.48,93.0,9,2.1,103.4,4.207,-4.2,0,1,43577
2026-04-22T14:20:21,12.353243,-65.526939,-0.7,10.93,86.8,10,1.5,103.4,4.209,-4.2,0,1,43578
2026-04-22T14:20:50,12.353293,-65.525200,-1.1,12.86,91.8,9,2.1,103.2,4.207,-4.2,0,1,43579
2026-04-22T14:21:19,12.353445,-65.523605,-4.8,12.32,86.9,10,1.5,103.4,4.207,2751.6,0,1,43580
2026-04-22T14:21:48,12.353526,-65.521973,-6.2,11.20,92.5,9,2.1,103.4,4.210,-4.2,0,1,43581
2026-04-22T14:22:17,12.353742,-65.520325,-6.7,11.31,80.2,9,2.1,103.2,4.209,-4.2,0,1,43582
2026-04-22T14:22:46,12.353905,-65.518669,-7.3,12.73,83.7,10,1.5,103.4,4.209,-4.2,0,1,43583
2026-04-22T14:23:15,12.353923,-65.517097,-8.1,11.80,91.3,9,2.1,103.2,4.209,-4.2,0,1,43584
2026-04-22T14:23:44,12.354065,-65.515434,-4.6,13.03,70.8,9,2.1,103.4,4.209,-4.2,0,1,43585
2026-04-22T14:24:13,12.354192,-65.513809,-17.3,12.51,81.9,9,2.1,103.0,4.209,-4.2,0,1,43586
2026-04-22T14:24:42,12.354261,-65.512177,-18.0,12.25,90.2,10,1.5,103.4,4.207,-4.2,0,1,43587
2026-04-22T14:25:11,12.354375,-65.510612,-26.1,10.80,79.7,9,2.1,103.2,4.209,-4.2,0,1,43588
2026-04-22T14:25:40,12.354134,-65.508797,-37.0,12.14,93.7,9,2.1,103.4,4.209,-4.2,0,1,43589
2026-04-22T14:26:09,12.354047,-65.507172,-49.0,12.74,88.8,9,2.1,103.2,4.209,-4.2,0,1,43590
2026-04-22T14:26:38,12.353962,-65.505531,-50.8,10.48,84.3,10,1.4,103.5,4.209,-4.4,0,1,43591
2026-04-22T14:27:07,12.353963,-65.503937,-51.4,11.33,82.1,9,2.1,103.2,4.209,-4.2,0,1,43592
2026-04-22T14:27:36,12.353968,-65.502335,-51.8,11.29,75.2,9,2.0,103.4,4.210,-4.2,0,1,43593
2026-04-22T14:28:05,12.353780,-65.500717,-49.5,10.84,94.1,10,1.4,103.4,4.207,-4.2,0,1,43594
2026-04-22T14:28:34,12.353828,-65.499306,-33.8,9.88,85.6,9,2.0,103.4,4.206,-4.2,0,1,43595
2026-04-22T14:29:03,12.353917,-65.497711,-21.7,11.79,77.5,9,2.0,103.2,4.209,-4.2,0,1,43596
2026-04-22T14:29:32,12.353782,-65.496017,-26.6,10.72,93.5,9,2.0,103.2,4.207,-4.2,0,1,43597
2026-04-22T14:30:01,12.353689,-65.494392,-33.7,11.84,88.0,9,2.0,103.2,4.207,-4.2,0,1,43598
2026-04-22T14:30:30,12.353649,-65.492760,-42.4,11.31,87.4,8,2.2,103.4,4.209,-4.2,0,1,43599
2026-04-22T14:30:59,12.353563,-65.491081,-45.1,11.77,89.1,8,2.1,103.2,4.207,-4.2,0,1,43600
2026-04-22T14:31:28,12.353632,-65.489563,-26.4,11.80,89.9,9,2.0,103.2,4.209,-4.2,0,1,43601
2026-04-22T14:31:57,12.353643,-65.487869,-22.1,11.93,98.2,9,2.0,103.4,4.209,-4.2,0,1,43602
2026-04-22T14:32:26,12.353792,-65.486359,-12.1,12.47,91.1,9,2.0,103.5,4.209,-4.4,0,1,43603
2026-04-22T14:32:55,12.353824,-65.484695,-5.0,11.55,95.4,9,2.0,103.2,4.209,-4.2,0,1,43604
2026-04-22T14:33:24,12.353838,-65.483063,-2.9,10.80,89.7,9,2.0,103.0,4.207,-4.2,0,1,43605
2026-04-22T14:33:53,12.353997,-65.481598,-6.9,10.99,76.0,10,1.4,103.4,4.207,-4.2,0,1,43606
2026-04-22T14:34:22,12.353820,-65.479881,-11.7,11.04,85.1,9,2.0,103.5,4.209,-4.4,0,1,43607
2026-04-22T14:34:51,12.353768,-65.478294,-10.2,11.02,86.7,9,2.0,103.4,4.209,-4.2,0,1,43608
2026-04-22T14:35:20,12.353809,-65.476700,-11.5,11.68,92.8,10,1.4,103.2,4.209,-4.2,0,1,43609
2026-04-22T14:35:49,12.353818,-65.475044,-7.6,11.68,89.5,9,1.9,103.5,4.209,-4.4,0,1,43610
2026-04-22T14:36:18,12.353818,-65.473412,-10.7,12.80,82.9,9,1.9,103.2,4.209,-4.2,0,1,43611
2026-04-22T14:36:47,12.353740,-65.471802,-12.4,12.41,95.9,9,1.9,103.7,4.209,-4.2,0,1,43612
2026-04-22T14:37:16,12.353619,-65.470123,-16.4,12.38,100.8,9,1.9,103.4,4.207,-4.2,0,1,43613
2026-04-22T14:37:45,12.353702,-65.468521,-18.9,11.16,86.7,10,1.3,103.0,4.209,-4.2,0,1,43614
2026-04-22T14:38:14,12.353617,-65.466881,-25.7,13.21,99.8,8,3.6,103.4,4.209,2751.6,0,1,43615
2026-04-22T14:38:43,12.353670,-65.465302,-20.3,12.30,88.7,9,1.9,103.0,4.209,-4.2,0,1,43616
2026-04-22T14:39:12,12.353795,-65.463814,-8.5,10.85,77.3,9,1.9,103.4,4.207,-4.2,0,1,43617
2026-04-22T14:39:41,12.353808,-65.462196,-5.6,11.68,91.8,9,2.6,103.2,4.207,-4.2,0,1,43618
2026-04-22T14:40:10,12.353815,-65.460579,-12.9,12.16,91.8,9,2.6,103.4,4.207,-4.2,0,1,43619
2026-04-22T14:40:39,12.353769,-65.458954,-20.8,10.87,89.0,9,2.6,103.4,4.209,-4.2,0,1,43620
2026-04-22T14:41:08,12.353655,-65.457352,-28.4,13.33,95.6,9,1.9,103.2,4.210,-4.2,0,1,43621
2026-04-22T14:41:37,12.353594,-65.455727,-33.7,11.90,92.3,9,1.9,103.4,4.209,-4.2,0,1,43622
2026-04-22T14:42:06,12.353660,-65.454147,-27.2,12.50,91.0,9,1.9,103.2,4.210,-4.2,0,1,43623
2026-04-22T14:42:35,12.353637,-65.452545,-31.7,12.25,92.8,9,1.8,103.4,4.209,-4.2,0,1,43624
2026-04-22T14:43:04,12.353579,-65.450935,-37.4,11.62,88.4,9,1.9,103.2,4.207,-4.2,0,1,43625
2026-04-22T14:43:33,12.353704,-65.449387,-29.4,11.88,91.3,9,1.8,103.2,4.207,-4.2,0,1,43626
2026-04-22T14:44:02,12.353754,-65.447807,-23.0,11.18,82.6,8,1.8,103.2,4.207,-4.2,0,1,43627
2026-04-22T14:44:31,12.353660,-65.446182,-20.0,11.13,91.7,9,1.8,103.4,4.209,-4.2,0,1,43628
2026-04-22T14:45:00,12.353700,-65.444550,-23.0,12.07,83.9,8,1.9,103.2,4.209,-4.2,0,1,43629
2026-04-22T14:45:29,12.353915,-65.442986,-8.8,11.62,88.7,7,4.0,103.4,4.209,-4.2,0,1,43630
2026-04-22T14:45:58,12.353755,-65.441345,-5.8,11.70,89.1,7,4.0,103.2,4.209,-4.2,0,1,43631
2026-04-22T14:46:27,12.353630,-65.439682,-17.0,11.98,93.6,7,4.0,103.4,4.209,-4.2,0,1,43632
2026-04-22T14:46:56,12.353764,-65.438141,-13.3,10.88,95.4,7,3.9,103.7,4.209,-4.2,0,1,43633
2026-04-22T14:47:25,12.354056,-65.436569,3.3,10.11,93.9,7,3.9,103.5,4.207,-4.4,0,1,43634
2026-04-22T14:47:54,12.354076,-65.434990,1.7,8.89,88.2,6,4.4,103.4,4.209,-4.2,0,1,43635
2026-04-22T14:48:23,12.354181,-65.433426,-4.1,10.21,91.9,7,3.9,103.4,4.207,-4.2,0,1,43636
2026-04-22T14:48:52,12.354050,-65.431778,-8.4,11.64,89.2,8,1.9,103.5,4.207,-4.4,0,1,43637
2026-04-22T14:49:21,12.354105,-65.430161,-24.7,10.99,87.0,7,2.3,103.2,4.209,-4.2,0,1,43638
2026-04-22T14:49:50,12.354197,-65.428574,-20.1,11.08,84.4,7,2.3,103.4,4.209,-4.2,0,1,43639
2026-04-22T14:50:19,12.354315,-65.426941,-19.7,12.84,87.8,8,1.9,103.4,4.209,-4.2,0,1,43640
2026-04-22T14:50:48,12.354442,-65.425362,-17.0,11.83,83.7,6,2.3,103.4,4.209,-4.2,0,1,43641
2026-04-22T14:51:17,12.354445,-65.423782,-17.7,10.19,87.7,7,2.3,103.4,4.209,-4.2,0,1,43642
2026-04-22T14:51:46,12.354510,-65.422165,-22.1,12.23,94.5,8,1.9,103.4,4.207,-4.2,0,1,43643
2026-04-22T14:52:15,12.354452,-65.420570,-27.1,11.08,92.8,8,1.9,103.2,4.209,-4.2,0,1,43644
2026-04-22T14:52:44,12.354417,-65.418961,-19.6,11.27,84.8,8,1.9,103.2,4.209,-4.2,0,1,43645
2026-04-22T14:53:13,12.354540,-65.417397,-23.6,12.52,88.3,8,1.9,103.4,4.207,-4.2,0,1,43646
2026-04-22T14:53:42,12.354688,-65.415794,-19.5,11.94,78.7,8,1.9,103.4,4.209,-4.2,0,1,43647
2026-04-22T14:54:11,12.354795,-65.414078,-11.5,12.30,89.7,7,2.4,103.2,4.209,-4.2,0,1,43648
2026-04-22T14:54:40,12.354858,-65.412468,0.9,11.92,93.0,7,2.4,103.4,4.209,-4.2,0,1,43649
2026-04-22T14:55:09,12.355020,-65.410851,5.1,12.57,82.0,7,2.4,103.2,4.210,-4.2,0,1,43650
2026-04-22T14:55:38,12.355193,-65.409286,8.1,12.25,78.8,8,1.9,103.4,4.207,-4.2,0,1,43651
2026-04-22T14:56:07,12.355353,-65.407669,9.5,11.13,85.7,8,1.9,103.2,4.209,-4.2,0,1,43652
2026-04-22T14:56:36,12.355521,-65.406067,7.9,11.43,81.1,7,2.4,103.5,4.207,-4.4,0,1,43653
2026-04-22T14:57:05,12.355640,-65.404442,10.4,11.96,89.1,7,2.4,103.0,4.207,-4.2,0,1,43654
2026-04-22T14:57:34,12.355763,-65.402855,8.0,12.72,93.3,8,2.0,103.4,4.207,-4.2,0,1,43655
2026-04-22T14:58:03,12.355937,-65.401283,7.6,12.13,82.9,8,2.0,103.4,4.207,-4.2,0,1,43656
2026-04-22T14:58:32,12.356112,-65.399658,8.8,12.14,78.4,7,3.2,103.4,4.206,-4.2,0,1,43657
2026-04-22T14:59:01,12.356215,-65.398079,3.1,11.33,85.1,8,2.0,103.2,4.207,-4.2,0,1,43658
2026-04-22T14:59:30,12.356296,-65.396515,0.6,12.42,90.1,8,2.0,103.4,4.207,-4.2,0,1,43659
2026-04-22T14:59:59,12.356419,-65.394913,-3.1,12.44,89.0,8,2.0,103.4,4.210,-4.2,0,1,43660
2026-04-22T15:00:28,12.356463,-65.393288,-1.4,11.91,93.6,8,2.0,103.4,4.209,-4.2,0,1,43661
2026-04-22T15:00:57,12.356712,-65.391693,2.9,12.35,83.5,8,2.0,103.2,4.209,-4.2,0,1,43662
2026-04-22T15:01:26,12.356805,-65.390106,-2.8,11.45,92.8,8,2.0,103.2,4.207,2747.5,0,1,43663
2026-04-22T15:01:55,12.356856,-65.388496,-4.8,11.95,94.5,7,2.4,103.2,4.207,-4.2,0,1,43664
2026-04-22T15:02:24,12.357108,-65.386948,-4.1,11.92,87.3,8,2.0,103.5,4.209,-4.4,0,1,43665
2026-04-22T15:02:53,12.357252,-65.385361,-2.2,11.05,85.2,8,2.0,103.4,4.209,-4.2,0,1,43666
2026-04-22T15:03:22,12.357382,-65.383797,-4.6,11.95,76.7,8,2.0,103.0,4.209,-4.2,0,1,43667
2026-04-22T15:03:51,12.357562,-65.382179,-5.6,12.10,88.8,8,2.5,103.4,4.209,-4.2,0,1,43668
2026-04-22T15:04:20,12.357738,-65.380577,-2.8,11.26,81.2,9,1.9,103.2,4.207,-4.2,0,1,43669
2026-04-22T15:04:49,12.357894,-65.378967,-0.6,11.77,79.1,9,1.9,103.2,4.207,-4.2,0,1,43670
2026-04-22T15:05:18,12.358107,-65.377373,-1.3,11.23,80.6,8,2.3,103.5,4.209,-4.4,0,1,43671
2026-04-22T15:05:47,12.358292,-65.375778,-2.3,10.96,84.6,8,2.3,103.4,4.210,-4.2,0,1,43672
2026-04-22T15:06:16,12.358505,-65.374153,1.3,11.52,78.8,9,2.0,103.4,4.207,-4.2,0,1,43673
2026-04-22T15:06:45,12.358662,-65.372551,2.0,12.56,82.9,8,2.3,103.0,4.209,-4.2,0,1,43674
2026-04-22T15:07:14,12.358722,-65.370941,5.2,12.76,85.8,9,2.0,103.2,4.209,2747.5,0,1,43675
2026-04-22T15:07:43,12.358992,-65.369354,9.2,11.80,81.3,9,2.0,103.2,4.207,-4.2,0,1,43676
2026-04-22T15:08:12,12.359040,-65.367760,15.4,11.64,85.2,8,2.5,103.2,4.209,-4.2,0,1,43677
2026-04-22T15:08:41,12.359180,-65.366211,16.5,12.05,84.9,9,2.0,103.2,4.207,-4.2,0,1,43678
2026-04-22T15:09:10,12.359392,-65.364586,18.5,11.45,86.9,9,2.0,103.4,4.209,-4.2,0,1,43679
2026-04-22T15:09:39,12.359485,-65.363037,16.7,10.71,90.6,9,2.0,103.2,4.209,-4.2,0,1,43680
2026-04-22T15:10:08,12.359685,-65.361420,5.4,12.21,83.5,9,2.0,103.4,4.209,-4.2,0,1,43681
2026-04-22T15:10:37,12.359776,-65.359894,8.1,11.42,85.9,9,2.0,103.4,4.209,2751.6,0,1,43682
2026-04-22T15:11:06,12.359879,-65.358299,5.1,10.94,95.8,9,2.0,103.2,4.210,-4.2,0,1,43683
2026-04-22T15:11:35,12.360066,-65.356674,2.4,11.46,86.0,9,2.0,103.2,4.207,-4.2,0,1,43684
2026-04-22T15:12:04,12.360160,-65.355095,2.5,11.12,88.0,9,2.0,103.4,4.207,-4.2,0,1,43685
2026-04-22T15:12:33,12.360400,-65.353462,4.5,10.74,85.5,9,2.0,103.4,4.207,-4.2,0,1,43686
2026-04-22T15:13:02,12.360272,-65.351891,-4.3,11.84,91.1,8,2.2,103.0,4.209,-4.2,0,1,43687
2026-04-22T15:13:31,12.360414,-65.350296,-0.7,11.22,91.0,9,2.0,103.2,4.207,-4.2,0,1,43688
2026-04-22T15:14:00,12.360754,-65.348640,9.9,11.40,81.4,9,2.0,103.4,4.209,-4.2,0,1,43689
2026-04-22T15:14:29,12.360867,-65.347061,8.4,11.49,92.4,9,2.0,103.4,4.209,-4.2,0,1,43690
2026-04-22T15:14:58,12.361062,-65.345467,1.9,10.63,88.2,9,2.0,103.5,4.210,-4.4,0,1,43691
2026-04-22T15:15:27,12.361172,-65.343880,-3.3,11.69,80.4,8,2.2,103.2,4.209,-4.2,0,1,43692
2026-04-22T15:15:56,12.360922,-65.342354,-15.8,11.00,86.1,9,2.0,103.2,4.207,-4.2,0,1,43693
2026-04-22T15:16:25,12.360937,-65.340775,-23.5,11.63,98.7,8,2.2,103.7,4.207,-4.2,0,1,43694
2026-04-22T15:16:54,12.361158,-65.339172,-11.6,10.98,76.1,9,2.0,103.2,4.207,-4.2,0,1,43695
2026-04-22T15:17:23,12.361825,-65.337418,13.1,11.32,82.4,10,1.4,103.5,4.209,-4.4,0,1,43696
2026-04-22T15:17:52,12.362132,-65.335800,28.4,12.10,85.1,10,1.4,103.2,4.210,-4.2,0,1,43697
2026-04-22T15:18:21,12.362297,-65.334198,24.9,10.57,90.5,10,1.4,103.4,4.209,-4.2,0,1,43698
2026-04-22T15:18:50,12.362594,-65.332573,28.9,12.18,80.2,10,1.5,103.4,4.209,-4.2,0,1,43699
2026-04-22T15:19:19,12.362768,-65.331001,20.1,12.17,82.9,10,1.5,103.2,4.207,-4.2,0,1,43700
2026-04-22T15:19:48,12.362886,-65.329369,14.5,11.79,80.0,10,1.5,103.4,4.209,-4.2,0,1,43701
2026-04-22T15:20:17,12.362900,-65.327736,3.7,11.83,79.7,10,1.5,103.0,4.207,-4.2,0,1,43702
2026-04-22T15:20:46,12.363083,-65.326080,13.8,11.70,87.4,10,1.5,103.2,4.209,-4.2,0,1,43703
2026-04-22T15:21:15,12.363294,-65.324471,15.3,11.57,89.1,10,1.5,103.2,4.209,-4.2,0,1,43704
2026-04-22T15:21:44,12.363626,-65.322830,16.8,11.51,89.4,9,1.6,103.2,4.206,-4.2,0,1,43705
2026-04-22T15:22:13,12.363843,-65.321228,29.7,11.57,83.9,10,1.5,103.2,4.209,-4.2,0,1,43706
2026-04-22T15:22:42,12.363988,-65.319618,29.9,11.74,84.3,10,1.5,103.5,4.206,-4.4,0,1,43707
2026-04-22T15:23:11,12.364177,-65.317978,36.0,12.37,87.8,10,1.5,103.2,4.209,-4.2,0,1,43708
2026-04-22T15:23:40,12.364315,-65.316368,31.6,11.33,83.2,10,1.5,103.2,4.207,-4.2,0,1,43709
2026-04-22T15:24:09,12.364497,-65.314728,24.7,11.51,80.5,10,1.5,103.2,4.207,-4.2,0,1,43710
2026-04-22T15:24:38,12.364714,-65.313095,26.6,10.33,82.7,10,1.5,103.2,4.209,-4.2,0,1,43711
2026-04-22T15:25:07,12.364969,-65.311440,27.5,12.71,82.6,10,1.5,103.4,4.209,-4.2,0,1,43712
2026-04-22T15:25:36,12.365030,-65.309853,29.5,12.40,90.2,10,1.5,103.2,4.207,-4.2,0,1,43713
2026-04-22T15:26:05,12.365238,-65.308243,24.0,11.96,81.7,10,1.5,103.0,4.207,-4.2,0,1,43714
2026-04-22T15:26:34,12.365356,-65.306610,23.8,11.62,88.7,11,1.4,103.8,4.207,-4.2,0,1,43715
2026-04-22T15:27:03,12.365554,-65.305008,28.0,12.10,80.6,11,1.5,103.4,4.209,-4.2,0,1,43716
2026-04-22T15:27:32,12.365710,-65.303391,28.3,12.64,81.8,11,1.5,103.2,4.207,-4.2,0,1,43717
2026-04-22T15:28:01,12.365883,-65.301773,36.1,11.60,81.7,11,1.5,103.2,4.206,-4.2,0,1,43718
2026-04-22T15:28:30,12.366035,-65.300163,33.2,11.41,89.5,11,1.5,103.4,4.207,-4.2,0,1,43719
2026-04-22T15:28:59,12.366183,-65.298515,27.1,12.44,83.6,9,1.6,103.4,4.206,-4.2,0,1,43720
2026-04-22T15:29:28,12.366319,-65.296913,17.5,11.81,84.3,10,1.5,103.2,4.209,-4.2,0,1,43721
2026-04-22T15:29:57,12.366417,-65.295311,9.6,11.42,85.7,9,1.6,103.2,4.207,2747.5,0,1,43722
2026-04-22T15:30:26,12.366602,-65.293686,9.4,11.42,78.8,10,1.5,103.5,4.209,-4.4,0,1,43723
2026-04-22T15:30:55,12.366700,-65.292076,5.5,11.97,95.2,10,1.5,103.0,4.209,-4.2,0,1,43724
2026-04-22T15:31:24,12.366950,-65.290428,11.4,11.88,82.6,10,1.5,103.5,4.207,-4.4,0,1,43725
2026-04-22T15:31:53,12.367134,-65.288834,12.8,12.12,84.2,10,1.5,103.4,4.207,-4.2,0,1,43726
2026-04-22T15:32:22,12.367240,-65.287209,12.7,11.67,80.9,10,1.5,103.4,4.207,-4.2,0,1,43727
2026-04-22T15:32:51,12.367428,-65.285545,19.7,11.81,84.8,10,1.5,103.2,4.207,-4.2,0,1,43728
2026-04-22T15:33:20,12.367597,-65.283958,13.3,11.26,88.6,10,1.5,103.2,4.209,-4.2,0,1,43729
2026-04-22T15:33:49,12.367759,-65.282318,14.9,11.16,95.6,10,1.5,103.5,4.207,-4.4,0,1,43730
2026-04-22T15:34:18,12.367991,-65.280685,13.5,11.65,93.2,10,1.5,103.2,4.209,-4.2,0,1,43731
2026-04-22T15:34:47,12.368183,-65.279068,15.6,11.12,87.7,10,1.5,103.2,4.207,-4.2,0,1,43732
2026-04-22T15:35:16,12.368386,-65.277390,20.6,12.32,86.1,10,1.5,103.2,4.209,-4.2,0,1,43733
2026-04-22T15:35:45,12.368591,-65.275749,15.7,12.14,86.9,9,1.6,103.5,4.207,-4.4,0,1,43734
2026-04-22T15:36:14,12.368708,-65.274109,14.1,12.75,80.8,10,1.5,103.2,4.209,2747.5,0,1,43735
2026-04-22T15:36:43,12.368821,-65.272430,21.9,11.09,84.0,10,1.5,103.2,4.209,-4.2,0,1,43736
2026-04-22T15:37:12,12.369070,-65.270844,18.1,11.29,89.5,10,1.5,103.4,4.209,-4.2,0,1,43737
2026-04-22T15:37:41,12.369246,-65.269226,16.9,11.00,75.6,10,1.5,103.2,4.207,-4.2,0,1,43738
2026-04-22T15:38:10,12.369249,-65.267593,13.5,12.25,88.8,10,1.5,103.2,4.207,-4.2,0,1,43739
2026-04-22T15:38:39,12.369182,-65.265907,0.4,10.64,90.8,10,1.5,103.2,4.207,-4.2,0,1,43740
2026-04-22T15:39:08,12.369380,-65.264252,4.2,12.02,79.4,9,1.5,103.4,4.207,-4.2,0,1,43741
2026-04-22T15:39:37,12.369808,-65.262772,28.2,10.95,77.2,9,1.5,103.2,4.209,-4.2,0,1,43742
2026-04-22T15:40:06,12.369789,-65.261078,34.1,11.23,80.2,9,1.5,103.4,4.209,-4.2,0,1,43743
2026-04-22T15:40:35,12.370013,-65.259460,35.1,11.46,74.6,9,1.5,103.2,4.209,-4.2,0,1,43744
2026-04-22T15:41:04,12.370212,-65.257843,34.2,12.27,72.3,9,1.5,103.2,4.207,-4.2,0,1,43745
2026-04-22T15:41:33,12.370276,-65.256233,25.7,11.28,86.0,9,1.5,103.2,4.207,-4.2,0,1,43746
2026-04-22T15:42:02,12.370455,-65.254593,25.8,11.97,75.5,9,1.5,103.2,4.209,-4.2,0,1,43747
2026-04-22T15:42:31,12.370689,-65.252968,29.0,12.34,83.3,9,1.5,103.2,4.207,-4.2,0,1,43748
2026-04-22T15:43:00,12.370863,-65.251350,29.1,12.04,88.1,9,1.5,103.4,4.209,2751.6,0,1,43749
2026-04-22T15:43:29,12.371005,-65.249695,22.5,12.45,83.8,9,1.5,103.7,4.207,-4.2,0,1,43750
2026-04-22T15:43:58,12.371119,-65.248055,26.6,12.52,89.3,9,1.5,103.2,4.209,-4.2,0,1,43751
2026-04-22T15:44:27,12.371308,-65.246422,27.5,12.59,86.3,10,1.5,103.4,4.209,-4.2,0,1,43752
2026-04-22T15:44:56,12.371480,-65.244820,20.0,11.27,90.2,10,1.5,103.4,4.209,-4.2,0,1,43753
2026-04-22T15:45:25,12.371676,-65.243202,20.5,11.22,82.3,9,1.6,103.4,4.209,-4.2,0,1,43754
2026-04-22T15:45:54,12.371806,-65.241516,19.9,12.44,84.9,9,1.6,103.2,4.209,-4.2,0,1,43755
2026-04-22T15:46:23,12.372011,-65.239914,20.6,11.44,78.7,9,1.5,103.0,4.209,-4.2,0,1,43756
2026-04-22T15:46:52,12.372200,-65.238281,20.5,12.20,87.9,9,1.5,103.4,4.209,-4.2,0,1,43757
2026-04-22T15:47:21,12.372396,-65.236687,19.2,11.75,83.1,9,1.5,103.4,4.209,-4.2,0,1,43758
2026-04-22T15:47:50,12.372580,-65.235046,22.7,12.50,69.7,9,1.5,103.5,4.207,-4.4,0,1,43759
2026-04-22T15:48:19,12.372724,-65.233391,29.1,11.76,76.4,9,1.5,103.4,4.207,-4.2,0,1,43760
2026-04-22T15:48:48,12.372872,-65.231781,22.1,11.87,75.6,9,1.5,103.2,4.207,-4.2,0,1,43761
2026-04-22T15:49:17,12.372888,-65.230194,11.5,12.72,94.7,9,1.5,103.2,4.207,-4.2,0,1,43762
2026-04-22T15:49:46,12.372914,-65.228554,5.8,11.24,85.9,9,1.5,103.4,4.209,2751.6,0,1,43763
2026-04-22T15:50:15,12.373056,-65.226967,1.6,11.29,81.5,9,1.5,103.4,4.209,-4.2,0,1,43764
2026-04-22T15:50:44,12.373420,-65.225311,6.6,11.96,81.5,9,1.5,103.4,4.207,-4.2,0,1,43765
2026-04-22T15:51:13,12.373592,-65.223709,3.2,11.85,92.8,9,1.6,103.2,4.206,-4.2,0,1,43766
2026-04-22T15:51:42,12.373683,-65.222054,-0.1,12.54,80.4,9,1.6,103.4,4.207,-4.2,0,1,43767
2026-04-22T15:52:11,12.373923,-65.220451,4.5,11.67,95.4,9,1.6,103.2,4.207,-4.2,0,1,43768
2026-04-22T15:52:40,12.374128,-65.218857,8.0,11.79,89.6,9,1.6,103.2,4.207,-4.2,0,1,43769
2026-04-22T15:53:09,12.374338,-65.217247,11.8,12.01,88.2,9,1.6,103.2,4.207,-4.2,0,1,43770
2026-04-22T15:53:38,12.374545,-65.215645,16.0,11.68,84.5,9,1.6,103.0,4.209,-4.2,0,1,43771
2026-04-22T15:54:07,12.374679,-65.214050,13.7,11.61,85.0,9,1.6,103.2,4.207,-4.2,0,1,43772
2026-04-22T15:54:36,12.374880,-65.212448,14.9,11.93,89.1,8,2.1,103.2,4.207,-4.2,0,1,43773
2026-04-22T15:55:05,12.375010,-65.210869,14.0,12.95,89.5,8,2.1,103.4,4.209,2751.6,0,1,43774
2026-04-22T15:55:34,12.375152,-65.209251,18.2,11.60,77.9,9,1.6,103.4,4.209,-4.2,0,1,43775
2026-04-22T15:56:03,12.375260,-65.207657,14.0,12.47,81.7,9,1.6,103.2,4.207,-4.2,0,1,43776
2026-04-22T15:56:32,12.375397,-65.206093,12.3,12.80,84.2,7,2.0,103.5,4.209,-4.4,0,1,43777
2026-04-22T15:57:01,12.375526,-65.204422,11.1,11.13,84.5,8,1.6,103.0,4.207,-4.2,0,1,43778
2026-04-22T15:57:30,12.375736,-65.202873,6.8,11.40,85.3,8,1.6,103.4,4.207,-4.2,0,1,43779
2026-04-22T15:57:59,12.375966,-65.201279,9.2,12.37,89.2,7,2.0,103.4,4.209,-4.2,0,1,43780
2026-04-22T15:58:28,12.376048,-65.199669,9.6,12.83,75.5,8,1.8,103.2,4.209,-4.2,0,1,43781
2026-04-22T15:58:57,12.376050,-65.198036,-1.3,11.27,85.8,8,1.8,103.4,4.207,-4.2,0,1,43782
2026-04-22T15:59:26,12.376314,-65.196404,3.9,12.08,87.0,9,1.5,103.2,4.209,-4.2,0,1,43783
2026-04-22T15:59:55,12.376585,-65.194756,8.4,11.32,86.3,9,2.5,103.2,4.209,2747.5,0,1,43784
2026-04-22T16:00:24,12.376681,-65.193176,-0.7,12.42,84.3,9,2.5,103.2,4.209,-4.2,0,1,43785
2026-04-22T16:00:53,12.376799,-65.191597,-7.1,11.93,89.2,9,1.5,103.4,4.209,-4.2,0,1,43786
2026-04-22T16:01:22,12.376948,-65.190018,-10.8,10.58,91.0,8,1.8,103.2,4.207,-4.2,0,1,43787
2026-04-22T16:01:51,12.377134,-65.188438,-9.4,11.46,80.3,9,1.5,103.2,4.209,-4.2,0,1,43788
2026-04-22T16:02:20,12.377310,-65.186821,-2.8,11.34,80.6,9,1.4,103.4,4.207,-4.2,0,1,43789
2026-04-22T16:02:49,12.377479,-65.185226,-7.4,11.28,84.1,9,1.4,103.5,4.207,-4.4,0,1,43790
2026-04-22T16:03:18,12.377535,-65.183601,-10.8,11.80,84.4,9,1.4,103.4,4.209,-4.2,0,1,43791
2026-04-22T16:03:47,12.377664,-65.181999,-21.3,11.52,85.4,8,1.8,103.4,4.209,-4.2,0,1,43792
2026-04-22T16:04:16,12.377811,-65.180389,-22.4,12.25,90.7,9,1.4,103.4,4.209,-4.2,0,1,43793
2026-04-22T16:04:45,12.378060,-65.178772,-16.2,11.92,86.6,9,1.4,103.4,4.209,-4.2,0,1,43794
2026-04-22T16:05:14,12.378314,-65.177216,-2.4,11.78,90.0,9,1.4,103.4,4.209,-4.2,0,1,43795
2026-04-22T16:05:43,12.378420,-65.175636,-7.2,11.11,94.0,8,1.8,103.4,4.209,-4.2,0,1,43796
2026-04-22T16:06:12,12.378413,-65.174026,-22.8,11.45,93.3,8,1.8,103.4,4.209,2751.6,0,1,43797
2026-04-22T16:06:41,12.378607,-65.172401,-14.9,11.62,93.0,9,1.4,103.2,4.207,-4.2,0,1,43798
2026-04-22T16:07:10,12.378770,-65.170830,-12.9,13.03,94.9,8,1.7,103.4,4.207,-4.2,0,1,43799
2026-04-22T16:07:39,12.379037,-65.169281,-11.6,11.73,76.2,9,1.4,103.4,4.207,-4.2,0,1,43800
2026-04-22T16:08:08,12.379210,-65.167686,-4.7,12.17,88.7,8,1.7,103.2,4.207,-4.2,0,1,43801
2026-04-22T16:08:37,12.379360,-65.166069,-7.6,12.38,82.9,8,1.7,103.2,4.209,-4.2,0,1,43802
2026-04-22T16:09:06,12.379583,-65.164482,-0.8,11.43,82.3,8,1.4,103.4,4.209,-4.2,0,1,43803
2026-04-22T16:09:35,12.379762,-65.162941,-5.3,10.55,74.6,8,1.7,103.2,4.209,-4.2,0,1,43804
2026-04-22T16:10:04,12.379928,-65.161308,1.6,11.68,86.9,8,1.7,103.2,4.209,-4.2,0,1,43805
2026-04-22T16:10:33,12.380138,-65.159737,2.9,11.36,76.7,8,1.7,103.5,4.209,-4.4,0,1,43806
2026-04-22T16:11:02,12.380291,-65.158142,4.2,11.48,87.3,9,1.4,103.2,4.209,-4.2,0,1,43807
2026-04-22T16:11:31,12.380498,-65.156532,5.5,11.25,83.6,8,1.7,103.4,4.209,-4.2,0,1,43808
2026-04-22T16:12:00,12.380662,-65.154976,4.8,11.61,83.0,9,1.4,103.2,4.209,-4.2,0,1,43809
2026-04-22T16:12:29,12.380768,-65.153358,7.8,11.28,80.7,9,1.4,103.2,4.206,-4.2,0,1,43810
2026-04-22T16:12:58,12.380875,-65.151779,6.9,11.55,86.6,10,1.2,103.5,4.209,-4.4,0,1,43811
2026-04-22T16:13:27,12.380959,-65.150185,3.5,11.58,85.1,10,1.2,103.5,4.207,-4.4,0,1,43812
2026-04-22T16:13:56,12.381140,-65.148628,1.1,11.52,87.3,9,1.5,103.2,4.209,-4.2,0,1,43813
2026-04-22T16:14:25,12.381340,-65.147049,-1.0,11.66,80.0,9,1.5,103.2,4.207,-4.2,0,1,43814
2026-04-22T16:14:54,12.381553,-65.145523,-7.3,11.42,86.2,8,1.6,103.5,4.207,-4.4,0,1,43815
2026-04-22T16:15:23,12.381685,-65.143913,-3.2,12.48,82.6,8,1.6,103.2,4.207,-4.2,0,1,43816
2026-04-22T16:15:52,12.381826,-65.142357,-1.2,10.13,83.7,9,1.5,103.2,4.209,2747.5,0,1,43817
2026-04-22T16:16:21,12.382077,-65.140854,-7.0,10.85,80.8,8,1.6,103.2,4.207,-4.2,0,1,43818
2026-04-22T16:16:50,12.382120,-65.139221,-7.9,11.36,80.6,9,1.5,103.0,4.210,-4.2,0,1,43819
2026-04-22T16:17:19,12.382376,-65.137695,-14.1,12.63,75.8,9,1.5,103.4,4.207,-4.2,0,1,43820
2026-04-22T16:17:48,12.382482,-65.136116,-16.0,11.26,78.4,9,1.5,103.4,4.209,-4.2,0,1,43821
2026-04-22T16:18:17,12.382667,-65.134544,-17.8,10.92,86.0,9,1.5,103.2,4.210,-4.2,0,1,43822
2026-04-22T16:18:46,12.382865,-65.132965,-8.7,10.83,86.6,10,1.1,103.2,4.209,-4.2,0,1,43823
2026-04-22T16:19:15,12.383077,-65.131393,-5.7,11.69,82.2,10,1.1,103.0,4.209,-4.2,0,1,43824
2026-04-22T16:19:44,12.383211,-65.129837,-0.1,11.50,88.7,11,1.1,103.2,4.209,-4.2,0,1,43825
2026-04-22T16:20:13,12.383384,-65.128258,-9.4,11.93,79.1,11,1.1,103.2,4.207,-4.2,0,1,43826
2026-04-22T16:20:42,12.383554,-65.126678,-15.4,11.65,83.8,11,1.1,103.2,4.209,-4.2,0,1,43827
2026-04-22T16:21:11,12.383683,-65.125092,-10.7,11.38,84.0,11,1.1,103.2,4.207,2747.5,0,1,43828
2026-04-22T16:21:40,12.383835,-65.123497,-13.2,11.23,89.3,10,1.2,103.5,4.209,-4.4,0,1,43829
2026-04-22T16:22:09,12.384022,-65.121925,-9.3,11.85,82.5,11,1.1,103.2,4.207,-4.2,0,1,43830
2026-04-22T16:22:38,12.384122,-65.120331,-8.7,11.70,88.6,11,1.1,103.4,4.209,-4.2,0,1,43831
2026-04-22T16:23:07,12.384261,-65.118774,-16.5,11.35,86.4,11,1.1,103.4,4.207,-4.2,0,1,43832
2026-04-22T16:23:36,12.384405,-65.117203,-20.1,10.67,77.5,10,1.2,103.0,4.207,-4.2,0,1,43833
2026-04-22T16:24:05,12.384550,-65.115601,-18.4,11.32,80.2,10,1.2,103.2,4.207,-4.2,0,1,43834
2026-04-22T16:24:34,12.384718,-65.114029,-10.9,11.20,86.2,11,1.1,103.2,4.209,-4.2,0,1,43835
2026-04-22T16:25:03,12.384892,-65.112427,-12.0,12.61,78.7,9,1.3,103.2,4.207,-4.2,0,1,43836
2026-04-22T16:25:32,12.384958,-65.110832,-17.6,11.53,90.8,11,1.1,103.0,4.207,-4.2,0,1,43837
2026-04-22T16:26:01,12.385141,-65.109245,-16.1,11.69,86.7,10,1.2,103.2,4.209,-4.2,0,1,43838
2026-04-22T16:26:30,12.385279,-65.107681,-17.4,11.75,90.6,11,1.1,103.2,4.207,2747.5,0,1,43839
2026-04-22T16:26:59,12.385374,-65.106071,-16.2,12.12,82.4,10,1.2,103.2,4.207,-4.2,0,1,43840
2026-04-22T16:27:28,12.385480,-65.104515,-14.6,11.11,91.4,11,1.1,103.4,4.207,-4.2,0,1,43841
2026-04-22T16:27:57,12.385632,-65.102913,-20.1,11.91,94.9,10,1.2,103.4,4.209,-4.2,0,1,43842
2026-04-22T16:28:26,12.385758,-65.101334,-15.5,11.73,85.8,11,1.1,103.2,4.209,2747.5,0,1,43843
2026-04-22T16:28:55,12.385909,-65.099747,-11.9,11.17,85.6,11,1.1,103.4,4.209,-4.2,0,1,43844
2026-04-22T16:29:24,12.386055,-65.098152,-7.7,12.26,84.1,10,1.2,103.2,4.209,-4.2,0,1,43845
2026-04-22T16:29:53,12.386230,-65.096573,-6.4,11.38,85.9,10,1.2,103.0,4.209,-4.2,0,1,43846
2026-04-22T16:30:22,12.386344,-65.094978,-7.9,10.84,87.6,11,1.1,103.2,4.207,-4.2,0,1,43847
2026-04-22T16:30:51,12.386509,-65.093422,-23.1,11.65,87.1,11,1.1,103.2,4.209,-4.2,0,1,43848
2026-04-22T16:31:20,12.386667,-65.091827,-25.8,11.83,82.6,10,1.3,103.4,4.207,-4.2,0,1,43849
2026-04-22T16:31:49,12.386800,-65.090263,-24.1,11.35,90.7,11,1.1,103.2,4.209,-4.2,0,1,43850
2026-04-22T16:32:18,12.386937,-65.088692,-21.8,11.31,86.6,8,1.6,103.0,4.207,-4.2,0,1,43851
2026-04-22T16:32:47,12.387055,-65.087082,-18.6,11.15,89.6,9,1.6,103.4,4.207,-4.2,0,1,43852
2026-04-22T16:33:16,12.387227,-65.085541,-17.3,11.90,86.9,10,1.2,103.4,4.209,-4.2,0,1,43853
2026-04-22T16:33:45,12.387354,-65.083977,-17.9,10.93,84.1,10,1.2,103.2,4.207,-4.2,0,1,43854
2026-04-22T16:34:14,12.387522,-65.082367,-13.9,11.27,87.7,10,1.2,103.4,4.207,2751.6,0,1,43855
2026-04-22T16:34:43,12.387643,-65.080803,-8.5,11.55,87.2,10,1.2,103.2,4.207,-4.2,0,1,43856
2026-04-22T16:35:12,12.387806,-65.079254,-1.1,11.27,87.5,9,1.3,103.2,4.207,-4.2,0,1,43857
2026-04-22T16:35:41,12.387940,-65.077675,-3.4,11.85,81.7,8,1.7,103.7,4.207,-4.2,0,1,43858
2026-04-22T16:36:10,12.388089,-65.076118,-1.8,11.29,89.4,9,1.3,103.2,4.207,-4.2,0,1,43859
2026-04-22T16:36:39,12.388224,-65.074547,-2.7,10.83,92.3,8,1.7,103.4,4.209,-4.2,0,1,43860
2026-04-22T16:37:08,12.388193,-65.072968,-5.8,12.28,93.4,9,1.3,103.2,4.207,-4.2,0,1,43861
2026-04-22T16:37:37,12.388328,-65.071396,1.6,11.32,84.8,9,1.3,103.4,4.207,-4.2,0,1,43862
2026-04-22T16:38:06,12.388449,-65.069809,-0.9,11.22,93.1,8,1.8,103.2,4.207,-4.2,0,1,43863
2026-04-22T16:38:35,12.388616,-65.068214,0.8,11.37,84.1,10,1.2,103.2,4.207,2747.5,0,1,43864
2026-04-22T16:39:04,12.388779,-65.066650,0.9,12.40,88.3,8,1.8,103.4,4.206,-4.2,0,1,43865
2026-04-22T16:39:33,12.388940,-65.065117,7.0,11.94,90.0,9,1.3,103.2,4.209,-4.2,0,1,43866
2026-04-22T16:40:02,12.389092,-65.063522,-4.0,12.51,91.8,9,1.3,102.9,4.207,-4.4,0,1,43867
2026-04-22T16:40:31,12.389138,-65.061905,2.6,12.87,77.8,9,1.3,103.4,4.207,-4.2,0,1,43868
2026-04-22T16:41:00,12.389296,-65.060471,1.7,11.22,84.6,9,1.3,103.2,4.207,-4.2,0,1,43869
2026-04-22T16:41:29,12.389415,-65.058868,8.7,11.14,83.9,8,1.9,103.2,4.209,-4.2,0,1,43870
2026-04-22T16:41:58,12.389535,-65.057335,6.4,11.02,84.9,9,1.3,103.2,4.207,-4.2,0,1,43871
2026-04-22T16:42:27,12.389820,-65.055832,-5.2,11.04,85.9,8,1.9,103.4,4.209,-4.2,0,1,43872
2026-04-22T16:42:56,12.389912,-65.054291,-13.5,11.70,92.8,8,1.9,103.2,4.209,-4.2,0,1,43873
2026-04-22T16:43:25,12.390043,-65.052780,-13.4,11.89,82.9,8,1.9,103.4,4.207,-4.2,0,1,43874
2026-04-22T16:43:54,12.390230,-65.051216,-5.7,11.12,80.3,8,2.0,103.2,4.207,-4.2,0,1,43875
2026-04-22T16:44:23,12.390370,-65.049667,-6.7,11.44,88.2,9,1.3,103.2,4.209,-4.2,0,1,43876
2026-04-22T16:44:52,12.390437,-65.048111,-1.1,11.83,85.5,8,2.0,103.5,4.206,-4.4,0,1,43877
2026-04-22T16:45:21,12.390504,-65.046600,-5.2,11.68,82.6,8,2.0,103.4,4.209,-4.2,0,1,43878
2026-04-22T16:45:50,12.390757,-65.045090,1.8,11.25,87.1,8,2.0,103.2,4.209,-4.2,0,1,43879
2026-04-22T16:46:19,12.390950,-65.043564,8.9,10.90,85.8,10,1.2,103.2,4.209,-4.2,0,1,43880
2026-04-22T16:46:48,12.391128,-65.042076,12.4,12.20,77.4,8,1.7,103.2,4.209,-4.2,0,1,43881
2026-04-22T16:47:17,12.391158,-65.040596,16.2,10.99,79.8,9,1.2,103.2,4.209,-4.2,0,1,43882
2026-04-22T16:47:46,12.391271,-65.039085,15.6,11.13,87.7,7,2.2,103.4,4.207,-4.2,0,1,43883
2026-04-22T16:48:15,12.391434,-65.037552,18.0,10.45,81.6,8,1.7,103.2,4.209,-4.2,0,1,43884
2026-04-22T16:48:44,12.391485,-65.036026,28.0,10.50,90.2,9,1.2,103.0,4.209,-4.2,0,1,43885
2026-04-22T16:49:13,12.391559,-65.034515,30.5,11.28,89.5,8,1.8,103.4,4.209,-4.2,0,1,43886
2026-04-22T16:49:42,12.391864,-65.033028,25.2,10.55,86.6,9,1.2,103.2,4.207,-4.2,0,1,43887
2026-04-22T16:50:11,12.391852,-65.031517,26.4,11.60,86.1,8,1.8,103.2,4.206,-4.2,0,1,43888
2026-04-22T16:50:40,12.392127,-65.030075,28.2,10.32,82.4,9,1.2,103.2,4.207,-4.2,0,1,43889
2026-04-22T16:51:09,12.392249,-65.028595,26.6,10.05,92.6,8,1.8,103.0,4.207,-4.2,0,1,43890
2026-04-22T16:51:38,12.392388,-65.027138,21.9,11.03,82.1,8,1.8,103.2,4.209,-4.2,0,1,43891
2026-04-22T16:52:07,12.392488,-65.025635,24.9,11.58,89.6,8,1.2,103.2,4.209,-4.2,0,1,43892
2026-04-22T16:52:36,12.392669,-65.024178,20.4,10.62,91.8,8,1.9,103.2,4.207,-4.2,0,1,43893
2026-04-22T16:53:05,12.392772,-65.022713,24.7,9.88,86.2,8,1.9,103.4,4.210,2751.6,0,1,43894
2026-04-22T16:53:34,12.392940,-65.021210,19.7,12.35,87.7,9,1.2,103.2,4.207,-4.2,0,1,43895
2026-04-22T16:54:03,12.393092,-65.019707,22.7,11.43,91.3,9,1.2,103.2,4.207,-4.2,0,1,43896
2026-04-22T16:54:32,12.393197,-65.018211,31.0,10.35,91.3,8,1.9,103.2,4.207,-4.2,0,1,43897
2026-04-22T16:55:01,12.393306,-65.016670,32.1,11.26,91.9,8,1.9,103.2,4.207,-4.2,0,1,43898
2026-04-22T16:55:30,12.393376,-65.015228,24.2,10.46,91.2,8,1.9,103.2,4.207,-4.2,0,1,43899
2026-04-22T16:55:59,12.393480,-65.013725,31.7,10.80,78.2,8,1.9,103.2,4.209,-4.2,0,1,43900
2026-04-22T16:56:28,12.393700,-65.012215,36.8,11.31,78.8,9,1.2,103.0,4.207,-4.2,0,1,43901
2026-04-22T16:56:57,12.393837,-65.010704,33.2,10.45,84.3,8,1.9,103.5,4.209,-4.4,0,1,43902
2026-04-22T16:57:26,12.393880,-65.009224,21.1,11.44,88.4,9,1.2,103.4,4.209,-4.2,0,1,43903
2026-04-22T16:57:55,12.394009,-65.007706,17.6,11.19,93.6,9,1.2,103.4,4.209,-4.2,0,1,43904
2026-04-22T16:58:24,12.394131,-65.006172,20.0,10.93,90.1,9,1.2,103.2,4.209,-4.2,0,1,43905
2026-04-22T16:58:53,12.394297,-65.004669,21.7,11.26,84.6,8,2.0,103.4,4.206,-4.2,0,1,43906
2026-04-22T16:59:22,12.394387,-65.003136,17.7,10.88,84.5,8,2.0,103.4,4.207,-4.2,0,1,43907
2026-04-22T16:59:51,12.394515,-65.001633,10.1,11.10,96.6,9,1.2,103.4,4.207,-4.2,0,1,43908
2026-04-22T17:00:20,12.394649,-65.000130,6.2,10.48,86.3,8,2.0,103.0,4.207,-4.2,0,1,43909
2026-04-22T17:00:49,12.394757,-64.998642,-0.7,11.23,89.6,9,1.2,103.4,4.209,-4.2,0,1,43910
2026-04-22T17:01:18,12.394952,-64.997124,3.8,10.35,88.8,9,1.2,103.4,4.207,-4.2,0,1,43911
2026-04-22T17:01:47,12.395049,-64.995506,28.6,11.77,79.2,7,2.5,103.4,4.207,-4.2,0,1,43912
2026-04-22T17:02:16,12.395090,-64.993965,24.5,11.77,90.5,9,1.2,103.2,4.206,-4.2,0,1,43913
2026-04-22T17:02:45,12.395215,-64.992325,27.8,13.03,89.8,8,2.0,103.4,4.207,-4.2,0,1,43914
2026-04-22T17:03:14,12.395253,-64.990631,33.8,13.38,89.9,8,2.0,103.5,4.207,-4.4,0,1,43915
2026-04-22T17:03:43,12.395469,-64.988907,29.3,12.39,84.1,8,2.0,103.2,4.210,-4.2,0,1,43916
2026-04-22T17:04:12,12.395672,-64.987183,14.9,12.99,84.7,9,1.2,103.2,4.206,-4.2,0,1,43917
2026-04-22T17:04:41,12.395770,-64.985367,22.9,13.39,89.7,8,2.1,103.2,4.206,-4.2,0,1,43918
2026-04-22T17:05:10,12.395887,-64.983604,23.1,13.54,95.0,9,1.2,103.2,4.206,-4.2,0,1,43919
2026-04-22T17:05:39,12.396089,-64.981819,28.2,13.12,85.7,8,2.1,103.2,4.206,-4.2,0,1,43920
2026-04-22T17:06:08,12.396236,-64.980064,24.6,12.60,89.0,9,1.2,103.4,4.207,-4.2,0,1,43921
2026-04-22T17:06:37,12.396340,-64.978241,29.5,14.19,101.2,8,2.1,103.2,4.209,-4.2,0,1,43922
2026-04-22T17:07:06,12.396454,-64.976463,25.2,12.35,84.2,8,2.1,103.2,4.207,-4.2,0,1,43923
2026-04-22T17:07:35,12.396628,-64.974678,23.4,13.77,86.2,8,2.1,103.2,4.209,-4.2,0,1,43924
2026-04-22T17:08:04,12.396735,-64.972893,21.1,13.65,98.6,8,2.1,103.0,4.207,-4.2,0,1,43925
2026-04-22T17:08:33,12.397018,-64.971115,19.8,12.76,84.2,8,2.1,103.2,4.207,-4.2,0,1,43926
2026-04-22T17:09:02,12.397199,-64.969330,16.2,13.16,81.2,8,2.1,103.5,4.207,-4.4,0,1,43927
2026-04-22T17:09:31,12.397395,-64.967567,10.8,12.77,93.7,8,2.1,103.2,4.209,-4.2,0,1,43928
2026-04-22T17:10:00,12.397538,-64.965805,13.3,12.78,90.1,8,2.1,103.4,4.207,-4.2,0,1,43929
2026-04-22T17:10:29,12.397752,-64.964073,5.8,13.26,82.6,9,1.2,103.5,4.207,-4.4,0,1,43930
2026-04-22T17:10:58,12.397843,-64.962250,16.7,12.61,91.3,8,2.1,103.2,4.209,-4.2,0,1,43931
2026-04-22T17:11:27,12.398072,-64.960541,3.8,13.75,84.2,8,2.1,103.4,4.207,-4.2,0,1,43932
2026-04-22T17:11:56,12.398115,-64.958809,5.9,12.95,92.9,8,2.1,103.4,4.207,-4.2,0,1,43933
2026-04-22T17:12:25,12.398249,-64.957054,5.2,12.70,81.7,8,2.1,103.4,4.206,-4.2,0,1,43934
2026-04-22T17:12:54,12.398465,-64.955299,5.0,12.95,83.1,9,1.8,103.0,4.209,-4.2,0,1,43935
2026-04-22T17:13:23,12.398555,-64.953545,-10.2,12.77,83.8,9,1.8,103.2,4.207,-4.2,0,1,43936
2026-04-22T17:13:52,12.398750,-64.951759,-2.4,12.73,86.7,9,1.8,103.2,4.210,2747.5,0,1,43937
2026-04-22T17:14:21,12.398923,-64.950027,-14.5,12.93,79.3,9,1.8,103.2,4.209,-4.2,0,1,43938
2026-04-22T17:14:50,12.399016,-64.948257,-11.2,13.30,79.5,9,1.8,103.0,4.207,-4.2,0,1,43939
2026-04-22T17:15:19,12.399138,-64.946541,-13.0,12.18,87.6,9,1.8,103.4,4.207,-4.2,0,1,43940
2026-04-22T17:15:48,12.399369,-64.944786,-9.2,12.44,84.8,10,1.1,103.4,4.206,-4.2,0,1,43941
2026-04-22T17:16:17,12.399569,-64.943069,-2.7,12.55,86.0,9,1.8,103.2,4.207,-4.2,0,1,43942
2026-04-22T17:16:46,12.399727,-64.941338,-3.7,12.56,87.8,9,1.8,103.2,4.207,-4.2,0,1,43943
2026-04-22T17:17:15,12.399920,-64.939590,-3.1,12.16,82.1,9,1.8,103.4,4.207,-4.2,0,1,43944
2026-04-22T17:17:44,12.400059,-64.937859,-7.1,12.55,84.5,9,1.8,103.2,4.206,2747.5,0,1,43945
2026-04-22T17:18:13,12.400197,-64.936104,-4.1,13.59,81.7,9,1.8,103.2,4.207,-4.2,0,1,43946
2026-04-22T17:18:42,12.400328,-64.934319,0.4,11.92,89.0,9,1.8,103.2,4.209,-4.2,0,1,43947
2026-04-22T17:19:11,12.400496,-64.932602,1.8,12.56,87.1,9,1.8,103.2,4.209,-4.2,0,1,43948
2026-04-22T17:19:40,12.400663,-64.930870,3.1,13.02,87.7,10,1.6,103.2,4.209,2747.5,0,1,43949
2026-04-22T17:20:09,12.400835,-64.929138,5.1,13.11,75.8,10,1.6,103.0,4.209,-4.2,0,1,43950
2026-04-22T17:20:38,12.400963,-64.927391,5.3,12.72,87.3,10,1.6,103.5,4.209,-4.4,0,1,43951
2026-04-22T17:21:07,12.401163,-64.925667,8.9,11.87,84.7,10,1.6,103.4,4.207,-4.2,0,1,43952
2026-04-22T17:21:36,12.401296,-64.923897,14.4,12.17,83.4,10,1.6,103.7,4.209,-4.2,0,1,43953
2026-04-22T17:22:05,12.401464,-64.922157,14.9,13.17,78.1,10,1.6,103.2,4.205,-4.2,0,1,43954
2026-04-22T17:22:34,12.401588,-64.920410,15.4,12.82,82.8,10,1.6,103.2,4.207,-4.2,0,1,43955
2026-04-22T17:23:03,12.401770,-64.918671,18.2,13.33,84.4,10,1.6,103.4,4.209,-4.2,0,1,43956
2026-04-22T17:23:32,12.401856,-64.916908,11.9,12.52,83.7,10,1.6,103.2,4.207,-4.2,0,1,43957
2026-04-22T17:24:01,12.402083,-64.915131,10.2,12.92,82.4,9,1.6,103.2,4.209,-4.2,0,1,43958
2026-04-22T17:24:30,12.402154,-64.913361,3.2,12.97,78.5,10,1.6,103.2,4.206,-4.2,0,1,43959
2026-04-22T17:24:59,12.402224,-64.911606,-5.0,12.89,84.8,10,1.6,103.2,4.207,-4.2,0,1,43960
2026-04-22T17:25:28,12.402313,-64.909866,-4.4,11.97,90.5,10,1.6,103.2,4.207,-4.2,0,1,43961
2026-04-22T17:25:57,12.402471,-64.908150,-10.5,12.70,79.3,10,1.6,103.0,4.209,-4.2,0,1,43962
2026-04-22T17:26:26,12.402545,-64.906380,-18.0,12.75,89.6,10,1.6,103.0,4.207,-4.2,0,1,43963
2026-04-22T17:26:55,12.402685,-64.904655,-19.2,12.78,88.2,10,1.6,103.5,4.206,-4.4,0,1,43964
2026-04-22T17:27:24,12.402849,-64.902908,-13.3,12.47,84.6,10,1.6,103.2,4.209,-4.2,0,1,43965
2026-04-22T17:27:53,12.403002,-64.901176,-13.5,12.54,85.5,10,1.5,103.2,4.210,-4.2,0,1,43966
2026-04-22T17:28:22,12.403135,-64.899429,-23.4,12.44,82.5,10,1.5,103.5,4.209,-4.4,0,1,43967
2026-04-22T17:28:51,12.403215,-64.897743,-24.5,12.02,90.4,10,1.5,103.2,4.210,-4.2,0,1,43968
2026-04-22T17:29:20,12.403320,-64.895973,-34.8,13.30,82.6,10,1.5,103.0,4.205,-4.2,0,1,43969
2026-04-22T17:29:49,12.403514,-64.894218,-30.5,12.28,82.6,10,1.5,103.2,4.209,-4.2,0,1,43970
2026-04-22T17:30:18,12.403708,-64.892464,-14.5,12.90,87.0,10,1.5,103.0,4.207,-4.2,0,1,43971
2026-04-22T17:30:47,12.403892,-64.890701,-17.1,12.11,83.1,9,1.5,103.4,4.209,-4.2,0,1,43972
2026-04-22T17:31:16,12.404050,-64.888992,-22.4,13.01,90.7,10,1.5,103.2,4.210,-4.2,0,1,43973
2026-04-22T17:31:45,12.404160,-64.887253,-22.7,13.45,85.9,10,1.5,103.2,4.207,-4.2,0,1,43974
2026-04-22T17:32:14,12.404377,-64.885475,-12.9,12.77,88.8,10,1.5,103.5,4.207,2755.8,0,1,43975
2026-04-22T17:32:43,12.404610,-64.883720,1.8,12.72,81.4,10,1.5,103.4,4.209,-4.2,0,1,43976
2026-04-22T17:33:12,12.404816,-64.881966,2.9,12.98,80.3,10,1.5,103.2,4.207,-4.2,0,1,43977
2026-04-22T17:33:41,12.404924,-64.880196,7.1,12.99,89.6,10,1.5,103.0,4.207,-4.2,0,1,43978
2026-04-22T17:34:10,12.405017,-64.878418,2.6,13.69,88.4,10,1.5,103.2,4.207,-4.2,0,1,43979
2026-04-22T17:34:39,12.405250,-64.876694,6.0,12.71,84.7,10,1.5,103.0,4.206,-4.2,0,1,43980
2026-04-22T17:35:08,12.405440,-64.874931,4.4,12.41,89.0,10,1.4,103.2,4.207,-4.2,0,1,43981
2026-04-22T17:35:37,12.405626,-64.873199,8.7,13.10,78.3,10,1.4,103.4,4.207,-4.2,0,1,43982
2026-04-22T17:36:06,12.405805,-64.871407,9.4,13.53,92.6,10,1.4,103.2,4.207,-4.2,0,1,43983
2026-04-22T17:36:35,12.406034,-64.869629,10.5,13.33,84.1,9,1.4,103.4,4.206,-4.2,0,1,43984
2026-04-22T17:37:04,12.406188,-64.867867,9.6,13.31,84.2,10,1.4,103.5,4.207,-4.4,0,1,43985
2026-04-22T17:37:33,12.406314,-64.866096,5.1,13.70,83.8,10,1.4,103.4,4.209,-4.2,0,1,43986
2026-04-22T17:38:02,12.406404,-64.864380,5.2,12.41,83.5,9,2.0,103.0,4.206,2743.3,0,1,43987
2026-04-22T17:38:31,12.406493,-64.862602,4.9,12.49,90.8,10,1.4,103.5,4.207,-4.4,0,1,43988
2026-04-22T17:39:00,12.406748,-64.860863,11.1,12.52,87.5,10,1.4,103.4,4.207,-4.2,0,1,43989
2026-04-22T17:39:29,12.406885,-64.859108,16.8,12.87,82.9,10,1.4,103.4,4.207,-4.2,0,1,43990
2026-04-22T17:39:58,12.407066,-64.857368,6.6,12.65,89.5,10,1.4,103.4,4.209,-4.2,0,1,43991
2026-04-22T17:40:27,12.407195,-64.855598,8.1,12.88,86.6,10,1.4,103.0,4.207,-4.2,0,1,43992
2026-04-22T17:40:56,12.407373,-64.853828,13.6,12.35,78.0,11,1.3,103.2,4.207,-4.2,0,1,43993
2026-04-22T17:41:25,12.407490,-64.852150,5.7,13.36,90.1,10,1.8,103.4,4.207,-4.2,0,1,43994
2026-04-22T17:41:54,12.407586,-64.850365,7.8,12.26,81.8,10,1.8,103.4,4.207,-4.2,0,1,43995
2026-04-22T17:42:23,12.407699,-64.848579,8.6,13.24,88.6,10,1.8,103.4,4.207,-4.2,0,1,43996
2026-04-22T17:42:52,12.407877,-64.846832,5.0,13.57,83.0,10,1.7,103.4,4.206,-4.2,0,1,43997
2026-04-22T17:43:21,12.408037,-64.845001,7.2,13.91,81.3,10,1.7,103.4,4.209,-4.2,0,1,43998
2026-04-22T17:43:50,12.408250,-64.843315,10.0,13.11,80.9,11,1.3,103.2,4.207,-4.2,0,1,43999
2026-04-22T17:44:19,12.408354,-64.841507,14.6,12.94,87.9,11,1.3,103.4,4.207,-4.2,0,1,44000
2026-04-22T17:44:48,12.408443,-64.839745,11.5,12.98,85.0,11,1.2,103.2,4.209,-4.2,0,1,44001
2026-04-22T17:45:17,12.408618,-64.837975,16.3,13.04,86.7,10,1.7,103.0,4.207,-4.2,0,1,44002
2026-04-22T17:45:46,12.408803,-64.836159,15.1,12.67,77.1,10,1.7,103.4,4.205,-4.2,0,1,44003
2026-04-22T17:46:15,12.408943,-64.834419,13.6,12.17,86.4,10,1.7,103.2,4.209,-4.2,0,1,44004
2026-04-22T17:46:44,12.409050,-64.832649,6.3,12.95,84.2,10,1.7,103.4,4.207,-4.2,0,1,44005
2026-04-22T17:47:13,12.409204,-64.830841,5.3,12.72,88.1,11,1.6,103.2,4.209,-4.2,0,1,44006
2026-04-22T17:47:42,12.409413,-64.829025,9.0,13.65,81.7,11,1.6,103.0,4.207,-4.2,0,1,44007
2026-04-22T17:48:11,12.409540,-64.827248,3.8,12.63,86.3,11,1.6,103.0,4.206,-4.2,0,1,44008
2026-04-22T17:48:40,12.409708,-64.825432,3.9,12.81,82.5,11,1.6,103.2,4.207,-4.2,0,1,44009
2026-04-22T17:49:09,12.409795,-64.823608,4.6,13.48,83.4,11,1.6,103.4,4.207,-4.2,0,1,44010
2026-04-22T17:49:38,12.410053,-64.821892,10.7,12.78,80.2,12,1.2,103.4,4.209,-4.2,0,1,44011
2026-04-22T17:50:07,12.410135,-64.820076,12.3,12.63,83.9,11,1.6,103.4,4.209,-4.2,0,1,44012
2026-04-22T17:50:36,12.410301,-64.818253,3.0,13.77,81.0,11,1.6,103.0,4.207,-4.2,0,1,44013
2026-04-22T17:51:05,12.410405,-64.816452,2.1,12.69,84.9,11,1.6,103.0,4.207,-4.2,0,1,44014
2026-04-22T17:51:34,12.410532,-64.814690,-0.3,12.65,88.6,11,1.6,103.2,4.210,-4.2,0,1,44015
2026-04-22T17:52:03,12.410609,-64.812912,-1.0,13.22,87.4,10,2.0,103.2,4.207,-4.2,0,1,44016
2026-04-22T17:52:32,12.410723,-64.811119,-4.0,13.35,87.3,11,1.6,103.5,4.209,-4.4,0,1,44017
2026-04-22T17:53:01,12.410847,-64.809319,0.2,13.59,87.0,11,1.6,103.0,4.209,-4.2,0,1,44018
2026-04-22T17:53:30,12.411052,-64.807495,5.6,12.35,86.0,11,1.6,103.2,4.207,-4.2,0,1,44019
2026-04-22T17:53:59,12.411328,-64.805664,6.2,13.13,75.5,11,1.6,103.2,4.209,-4.2,0,1,44020
2026-04-22T17:54:28,12.411409,-64.803864,16.6,13.25,82.6,11,1.6,103.2,4.209,2747.5,0,1,44021
2026-04-22T17:54:57,12.411592,-64.802010,21.0,13.06,83.6,10,2.0,103.4,4.207,-4.2,0,1,44022
2026-04-22T17:55:26,12.411788,-64.800201,20.3,13.19,88.8,11,1.6,103.2,4.207,-4.2,0,1,44023
2026-04-22T17:55:55,12.411895,-64.798363,23.1,13.50,87.9,11,1.6,103.2,4.209,-4.2,0,1,44024
2026-04-22T17:56:24,12.412140,-64.796547,25.9,14.12,85.2,10,1.6,103.4,4.207,-4.2,0,1,44025
2026-04-22T17:56:53,12.412511,-64.794724,30.8,13.36,82.9,10,1.6,103.2,4.206,-4.2,0,1,44026
2026-04-22T17:57:22,12.412674,-64.792908,27.2,13.10,88.7,10,1.6,103.2,4.207,-4.2,0,1,44027
2026-04-22T17:57:51,12.412812,-64.791069,29.5,12.61,85.2,10,1.6,103.4,4.207,-4.2,0,1,44028
2026-04-22T17:58:20,12.412997,-64.789253,22.1,14.14,86.6,10,1.6,103.4,4.209,-4.2,0,1,44029
2026-04-22T17:58:49,12.413206,-64.787407,24.6,13.22,82.7,8,2.8,103.4,4.207,-4.2,0,1,44030
2026-04-22T17:59:18,12.413300,-64.785629,22.0,12.79,90.0,10,1.6,103.0,4.209,-4.2,0,1,44031
2026-04-22T17:59:47,12.413408,-64.783783,14.8,13.43,80.7,10,1.6,103.2,4.206,-4.2,0,1,44032
2026-04-22T18:00:16,12.413388,-64.782036,16.5,13.56,85.4,9,1.5,103.0,4.206,-4.2,0,1,44033
2026-04-22T18:00:45,12.413562,-64.780243,14.2,13.34,77.0,9,1.5,103.2,4.207,-4.2,0,1,44034
2026-04-22T18:01:14,12.413732,-64.778442,6.9,13.17,80.6,9,1.5,103.2,4.207,-4.2,0,1,44035
2026-04-22T18:01:43,12.414014,-64.776642,11.6,13.27,84.3,8,2.1,103.4,4.207,-4.2,0,1,44036
2026-04-22T18:02:12,12.413937,-64.774902,4.9,12.64,88.5,8,2.1,103.4,4.207,-4.2,0,1,44037
2026-04-22T18:02:41,12.413850,-64.773117,-2.2,12.92,89.5,9,1.5,103.2,4.209,-4.2,0,1,44038
2026-04-22T18:03:10,12.414043,-64.771339,-2.8,12.93,87.4,8,1.5,103.4,4.207,-4.2,0,1,44039
2026-04-22T18:03:39,12.414166,-64.769562,-2.5,12.48,89.4,8,2.1,103.2,4.207,-4.2,0,1,44040
2026-04-22T18:04:08,12.414518,-64.767769,-2.7,13.03,82.1,9,1.5,103.4,4.209,-4.2,0,1,44041
2026-04-22T18:04:37,12.414792,-64.765923,5.6,13.12,89.3,9,1.5,103.0,4.210,-4.2,0,1,44042
2026-04-22T18:05:06,12.414980,-64.764122,4.6,14.84,77.6,7,3.1,103.0,4.209,-4.2,0,1,44043
2026-04-22T18:05:35,12.415130,-64.762329,8.8,13.00,86.9,7,3.1,103.2,4.209,-4.2,0,1,44044
2026-04-22T18:06:04,12.415112,-64.760567,9.4,13.08,85.8,7,2.9,103.2,4.205,-4.2,0,1,44045
2026-04-22T18:06:33,12.415415,-64.758781,5.8,13.75,78.9,7,2.9,103.2,4.207,-4.2,0,1,44046
2026-04-22T18:07:02,12.415540,-64.756981,5.1,11.58,87.4,7,3.1,103.0,4.207,-4.2,0,1,44047
2026-04-22T18:07:31,12.415738,-64.755188,8.6,11.91,85.0,7,2.9,103.2,4.207,-4.2,0,1,44048
2026-04-22T18:08:00,12.415908,-64.753403,5.4,12.14,84.8,7,2.9,103.2,4.206,-4.2,0,1,44049
2026-04-22T18:08:29,12.416174,-64.751564,2.0,13.08,79.7,6,3.0,103.0,4.207,-4.2,0,1,44050
2026-04-22T18:08:58,12.416254,-64.749763,-2.4,13.31,88.3,7,3.2,103.2,4.209,-4.2,0,1,44051
2026-04-22T18:09:27,12.416490,-64.747978,-1.7,12.71,82.6,7,2.8,103.2,4.206,-4.2,0,1,44052
2026-04-22T18:09:56,12.416538,-64.746147,1.5,12.89,86.3,7,3.2,103.4,4.207,-4.2,0,1,44053
2026-04-22T18:10:25,12.416678,-64.744362,7.5,13.16,85.7,7,2.8,103.0,4.207,-4.2,0,1,44054
2026-04-22T18:10:54,12.416819,-64.742500,13.5,13.45,91.1,7,2.8,103.0,4.207,-4.2,0,1,44055
2026-04-22T18:11:23,12.416968,-64.740692,21.5,12.49,83.7,8,1.6,103.2,4.206,-4.2,0,1,44056
2026-04-22T18:11:52,12.417125,-64.738876,16.6,13.30,85.0,7,3.3,103.0,4.207,-4.2,0,1,44057
2026-04-22T18:12:21,12.417210,-64.737091,23.5,13.18,87.3,7,2.7,103.2,4.206,-4.2,0,1,44058
2026-04-22T18:12:50,12.417295,-64.735260,24.0,12.63,87.4,7,2.7,103.2,4.206,-4.2,0,1,44059
2026-04-22T18:13:19,12.417485,-64.733437,17.0,13.44,87.2,7,3.3,103.0,4.206,-4.2,0,1,44060
2026-04-22T18:13:48,12.417428,-64.731644,25.5,13.40,85.8,7,2.7,103.2,4.207,-4.2,0,1,44061
2026-04-22T18:14:17,12.417437,-64.729843,36.5,11.74,88.6,7,2.7,103.0,4.206,-4.2,0,1,44062
2026-04-22T18:14:46,12.417557,-64.728035,42.3,12.69,87.2,7,2.6,103.2,4.206,-4.2,0,1,44063
2026-04-22T18:15:15,12.417812,-64.726181,38.2,13.43,78.9,7,1.6,103.2,4.209,-4.2,0,1,44064
2026-04-22T18:15:44,12.417771,-64.724403,29.1,12.79,93.5,8,1.5,103.0,4.207,-4.2,0,1,44065
2026-04-22T18:16:13,12.417965,-64.722557,17.2,13.07,75.5,7,3.4,103.0,4.207,-4.2,0,1,44066
2026-04-22T18:16:42,12.418136,-64.720749,9.8,12.55,82.5,7,3.4,103.2,4.209,-4.2,0,1,44067
2026-04-22T18:17:11,12.418402,-64.718941,5.4,12.48,85.2,7,2.5,103.5,4.207,-4.4,0,1,44068
2026-04-22T18:17:40,12.418463,-64.717155,8.3,12.13,88.9,7,3.4,103.2,4.209,-4.2,0,1,44069
2026-04-22T18:18:09,12.418527,-64.715378,16.1,12.46,88.1,7,2.5,103.4,4.207,-4.2,0,1,44070
2026-04-22T18:18:38,12.418790,-64.713539,11.4,13.76,85.4,7,2.5,103.4,4.207,-4.2,0,1,44071
2026-04-22T18:19:07,12.418971,-64.711723,14.0,13.37,84.4,7,2.5,103.2,4.207,-4.2,0,1,44072
2026-04-22T18:19:36,12.419077,-64.709953,13.2,13.35,87.5,7,2.4,103.5,4.209,2755.8,0,1,44073
2026-04-22T18:20:05,12.419300,-64.708130,10.4,13.02,83.7,7,2.4,103.2,4.207,-4.2,0,1,44074
2026-04-22T18:20:34,12.419347,-64.706390,15.2,11.58,89.4,7,2.4,103.4,4.209,-4.2,0,1,44075
2026-04-22T18:21:03,12.419553,-64.704521,10.8,13.13,89.8,7,2.4,103.4,4.207,-4.2,0,1,44076
2026-04-22T18:21:32,12.419606,-64.702713,12.0,13.50,89.3,7,2.3,103.0,4.207,-4.2,0,1,44077
2026-04-22T18:22:01,12.419585,-64.700951,16.6,12.55,87.9,7,2.3,103.2,4.209,-4.2,0,1,44078
2026-04-22T18:22:30,12.419865,-64.699120,7.0,12.17,83.4,7,3.5,103.4,4.209,-4.2,0,1,44079
2026-04-22T18:22:59,12.419847,-64.697334,3.1,12.03,96.1,7,2.3,103.2,4.207,-4.2,0,1,44080
2026-04-22T18:23:28,12.420093,-64.695518,-5.2,12.23,91.4,7,2.3,103.2,4.207,-4.2,0,1,44081
2026-04-22T18:23:57,12.420151,-64.693741,5.5,12.96,88.2,7,3.6,103.4,4.206,-4.2,0,1,44082
2026-04-22T18:24:26,12.420153,-64.691933,22.5,13.73,90.7,7,2.2,103.0,4.209,-4.2,0,1,44083
2026-04-22T18:24:55,12.420311,-64.690094,29.2,15.42,87.2,6,2.5,103.4,4.207,-4.2,0,1,44084
2026-04-22T18:25:24,12.420485,-64.688301,25.7,12.79,91.2,7,3.6,103.4,4.207,2751.6,0,1,44085
2026-04-22T18:25:53,12.420528,-64.686493,16.7,12.35,89.4,7,2.2,103.2,4.209,-4.2,0,1,44086
2026-04-22T18:26:22,12.420702,-64.684662,2.2,13.30,85.9,7,3.6,103.0,4.207,-4.2,0,1,44087
2026-04-22T18:26:51,12.420975,-64.682922,-17.4,13.03,83.5,7,2.1,103.0,4.210,-4.2,0,1,44088
2026-04-22T18:27:20,12.421114,-64.681046,-38.2,13.92,87.8,7,3.6,103.4,4.207,-4.2,0,1,44089
2026-04-22T18:27:49,12.421438,-64.679199,-60.3,12.17,82.9,7,2.1,103.2,4.209,-4.2,0,1,44090
2026-04-22T18:28:18,12.421840,-64.677383,-74.6,12.27,87.8,7,3.6,103.2,4.206,-4.2,0,1,44091
2026-04-22T18:28:47,12.421802,-64.675560,-77.0,12.69,88.5,7,2.0,103.2,4.209,-4.2,0,1,44092
2026-04-22T18:29:16,12.422011,-64.673744,-75.9,13.12,84.4,7,3.6,103.0,4.209,-4.2,0,1,44093
2026-04-22T18:29:45,12.422042,-64.671883,-70.7,14.20,87.0,7,3.6,103.4,4.207,-4.2,0,1,44094
2026-04-22T18:30:14,12.421894,-64.670105,-61.8,11.80,90.4,7,2.0,103.2,4.207,-4.2,0,1,44095
2026-04-22T18:30:43,12.422083,-64.668236,-57.4,14.40,83.9,7,2.0,103.2,4.207,-4.2,0,1,44096
2026-04-22T18:31:12,12.422275,-64.666435,-44.2,14.10,87.4,7,3.6,103.2,4.207,-4.2,0,1,44097
2026-04-22T18:31:41,12.422295,-64.664604,-35.1,13.68,89.5,6,3.1,103.2,4.207,-4.2,0,1,44098
2026-04-22T18:32:10,12.422390,-64.662781,-29.2,12.56,87.1,7,1.9,103.2,4.207,-4.2,0,1,44099
2026-04-22T18:32:39,12.422549,-64.660957,-17.7,12.91,91.1,7,1.9,103.0,4.206,-4.2,0,1,44100
2026-04-22T18:33:08,12.422828,-64.659111,-8.1,13.26,84.3,7,1.9,102.9,4.207,-4.4,0,1,44101
2026-04-22T18:33:37,12.422990,-64.657303,-4.5,12.82,87.2,7,1.9,103.2,4.206,-4.2,0,1,44102
2026-04-22T18:34:06,12.423031,-64.655479,-3.7,12.73,93.2,7,1.9,103.4,4.209,-4.2,0,1,44103
2026-04-22T18:34:35,12.423111,-64.653648,3.1,12.83,89.1,7,1.8,103.2,4.206,-4.2,0,1,44104
2026-04-22T18:35:04,12.423344,-64.651855,1.4,12.74,73.1,6,3.1,103.2,4.207,-4.2,0,1,44105
2026-04-22T18:35:33,12.423518,-64.650017,-12.5,13.62,84.4,7,1.8,103.2,4.207,-4.2,0,1,44106
2026-04-22T18:36:02,12.423576,-64.648201,-10.7,13.53,85.3,8,1.1,103.2,4.207,-4.2,0,1,44107
2026-04-22T18:36:31,12.423751,-64.646408,-18.6,13.81,88.6,7,1.8,103.2,4.205,-4.2,0,1,44108
2026-04-22T18:37:00,12.423868,-64.644600,-33.3,13.46,89.0,7,1.8,103.5,4.207,-4.4,0,1,44109
2026-04-22T18:37:29,12.423909,-64.642776,-26.4,11.81,83.8,6,3.1,103.2,4.206,-4.2,0,1,44110
2026-04-22T18:37:58,12.424042,-64.640984,-18.0,13.07,87.7,7,1.7,103.0,4.207,-4.2,0,1,44111
2026-04-22T18:38:27,12.424162,-64.639183,-5.1,13.14,70.8,7,1.7,103.2,4.209,-4.2,0,1,44112
2026-04-22T18:38:56,12.424283,-64.637337,-6.4,13.34,83.6,6,3.2,103.4,4.209,-4.2,0,1,44113
2026-04-22T18:39:25,12.424268,-64.635506,-6.2,12.59,87.0,6,3.1,103.0,4.207,-4.2,0,1,44114
2026-04-22T18:39:54,12.424308,-64.633759,-12.0,13.05,84.7,7,1.7,103.0,4.209,-4.2,0,1,44115
2026-04-22T18:40:23,12.424499,-64.631958,-10.8,13.17,90.4,7,1.7,103.2,4.207,-4.2,0,1,44116
2026-04-22T18:40:52,12.424680,-64.630219,7.1,12.78,82.8,6,3.2,103.0,4.207,-4.2,0,1,44117
2026-04-22T18:41:21,12.424717,-64.628410,14.8,12.54,89.8,7,1.6,103.2,4.206,-4.2,0,1,44118
2026-04-22T18:41:50,12.424854,-64.626602,27.6,13.20,85.8,6,3.2,103.2,4.209,-4.2,0,1,44119
2026-04-22T18:42:19,12.424865,-64.624832,32.6,12.67,96.4,7,1.6,103.2,4.207,2747.5,0,1,44120
2026-04-22T18:42:48,12.424963,-64.623055,40.6,13.24,83.6,7,1.1,103.2,4.207,-4.2,0,1,44121
2026-04-22T18:43:17,12.425046,-64.621300,66.8,12.27,78.4,7,1.6,103.0,4.207,-4.2,0,1,44122
2026-04-22T18:43:46,12.424918,-64.619446,82.7,12.72,89.4,7,1.6,103.0,4.209,-4.2,0,1,44123
2026-04-22T18:44:15,12.425166,-64.617676,88.5,13.03,89.0,6,3.2,103.2,4.207,-4.2,0,1,44124
2026-04-22T18:44:44,12.425180,-64.615860,84.7,12.09,88.7,6,3.1,103.0,4.206,-4.2,0,1,44125
2026-04-22T18:45:13,12.425416,-64.614113,82.8,12.22,78.5,6,3.2,103.2,4.207,-4.2,0,1,44126
2026-04-22T18:45:42,12.425467,-64.612297,82.0,12.08,88.1,6,3.1,103.2,4.209,-4.2,0,1,44127
2026-04-22T18:46:11,12.425538,-64.610481,83.1,12.75,84.3,6,3.1,103.2,4.209,-4.2,0,1,44128
2026-04-22T18:46:40,12.425554,-64.608620,83.0,12.37,90.5,6,3.1,103.2,4.207,-4.2,0,1,44129
2026-04-22T18:47:09,12.425622,-64.606857,91.4,11.74,84.8,6,3.1,103.2,4.206,-4.2,0,1,44130
2026-04-22T18:47:38,12.425979,-64.605064,41.0,13.80,92.8,7,2.6,103.2,4.209,-4.2,0,1,44131
2026-04-22T18:48:07,12.426069,-64.603287,38.3,13.61,88.6,7,2.6,103.0,4.209,-4.2,0,1,44132
2026-04-22T18:48:36,12.426165,-64.601456,40.4,12.44,89.9,7,2.6,103.4,4.209,-4.2,0,1,44133
2026-04-22T18:49:05,12.426296,-64.599709,42.6,13.10,90.3,7,2.6,103.2,4.207,2747.5,0,1,44134
2026-04-22T18:49:34,12.426446,-64.597961,41.8,13.79,84.3,7,2.7,103.2,4.209,-4.2,0,1,44135
2026-04-22T18:50:03,12.426517,-64.596169,42.9,13.03,90.9,7,2.7,103.0,4.209,-4.2,0,1,44136
2026-04-22T18:50:32,12.426683,-64.594398,39.8,13.99,92.8,7,2.7,103.2,4.209,-4.2,0,1,44137
2026-04-22T18:51:01,12.426708,-64.592598,35.4,13.68,90.2,7,2.7,103.0,4.207,-4.2,0,1,44138
2026-04-22T18:51:30,12.426858,-64.590813,34.2,12.77,84.8,7,2.7,103.0,4.207,-4.2,0,1,44139
2026-04-22T18:51:59,12.427005,-64.589066,39.8,12.13,80.5,7,2.7,103.2,4.207,2747.5,0,1,44140
2026-04-22T18:52:28,12.427032,-64.587273,36.6,13.39,87.8,7,2.7,103.4,4.207,-4.2,0,1,44141
2026-04-22T18:52:57,12.427133,-64.585457,35.4,12.73,85.5,7,2.7,103.0,4.209,-4.2,0,1,44142
2026-04-22T18:53:26,12.427301,-64.583771,41.9,13.33,82.6,7,2.8,103.0,4.206,-4.2,0,1,44143
2026-04-22T18:53:55,12.427482,-64.582024,46.0,13.13,84.4,7,2.8,103.0,4.209,-4.2,0,1,44144
2026-04-22T18:54:24,12.427627,-64.580276,48.1,13.32,82.8,7,2.8,103.2,4.209,-4.2,0,1,44145
2026-04-22T18:54:53,12.427826,-64.578606,52.1,12.60,86.3,7,2.8,103.2,4.207,-4.2,0,1,44146
2026-04-22T18:55:22,12.427920,-64.576752,43.2,13.71,96.0,7,2.8,103.0,4.206,-4.2,0,1,44147
2026-04-22T18:55:51,12.427957,-64.574997,30.5,12.85,89.7,7,2.8,103.0,4.207,-4.2,0,1,44148
2026-04-22T18:56:20,12.428200,-64.573280,30.5,12.62,86.1,7,2.8,103.4,4.206,-4.2,0,1,44149
2026-04-22T18:56:49,12.428392,-64.571518,37.1,12.07,79.9,7,2.8,103.4,4.206,2751.6,0,1,44150
2026-04-22T18:57:18,12.428440,-64.569702,31.2,13.65,85.4,7,2.8,103.0,4.207,-4.2,0,1,44151
2026-04-22T18:57:47,12.428643,-64.567917,40.4,12.84,81.2,7,2.8,103.2,4.205,-4.2,0,1,44152
2026-04-22T18:58:16,12.428741,-64.566132,35.4,13.60,92.2,7,2.8,103.0,4.209,2743.3,0,1,44153
2026-04-22T18:58:45,12.428973,-64.564430,39.1,12.69,82.0,7,2.9,103.2,4.207,-4.2,0,1,44154
2026-04-22T18:59:14,12.429118,-64.562660,43.4,12.88,86.7,7,2.9,103.0,4.206,-4.2,0,1,44155
2026-04-22T18:59:43,12.429401,-64.561035,31.4,13.48,85.3,7,2.9,103.2,4.207,-4.2,0,1,44156
2026-04-22T19:00:12,12.429577,-64.559296,28.6,11.86,86.9,7,2.9,103.2,4.207,-4.2,0,1,44157
2026-04-22T19:00:41,12.429745,-64.557533,33.1,12.44,88.3,7,2.9,103.4,4.209,-4.2,0,1,44158
2026-04-22T19:01:10,12.430018,-64.555786,29.4,12.11,78.8,7,2.9,103.0,4.207,-4.2,0,1,44159
2026-04-22T19:01:39,12.430090,-64.553993,31.3,12.80,85.9,6,6.3,103.2,4.206,-4.2,0,1,44160
2026-04-22T19:02:08,12.430282,-64.552238,33.7,12.87,84.5,7,2.9,103.4,4.206,-4.2,0,1,44161
2026-04-22T19:02:37,12.430429,-64.550499,35.7,12.61,85.8,7,2.9,103.2,4.207,-4.2,0,1,44162
2026-04-22T19:03:06,12.430540,-64.548729,37.6,13.60,90.0,7,2.9,103.0,4.207,-4.2,0,1,44163
2026-04-22T19:03:35,12.430701,-64.546974,35.5,12.52,84.4,7,2.9,103.2,4.207,-4.2,0,1,44164
2026-04-22T19:04:04,12.430875,-64.545227,35.3,12.34,82.6,8,2.1,103.0,4.207,2743.3,0,1,44165
2026-04-22T19:04:33,12.430879,-64.543457,29.2,13.81,97.5,8,2.1,103.2,4.206,-4.2,0,1,44166
2026-04-22T19:05:02,12.431100,-64.541725,26.7,12.95,83.7,8,2.1,103.2,4.207,-4.2,0,1,44167
2026-04-22T19:05:31,12.431273,-64.540024,14.7,13.52,86.7,8,2.1,103.5,4.206,-4.4,0,1,44168
2026-04-22T19:06:00,12.431423,-64.538231,14.3,13.44,81.1,8,2.1,103.2,4.207,-4.2,0,1,44169
2026-04-22T19:06:29,12.431600,-64.536484,17.7,13.14,81.4,8,2.1,103.2,4.209,-4.2,0,1,44170
2026-04-22T19:06:58,12.431733,-64.534752,13.5,12.03,83.0,8,2.1,103.2,4.206,-4.2,0,1,44171
2026-04-22T19:07:27,12.431920,-64.532974,26.9,13.23,82.7,8,2.1,103.0,4.207,-4.2,0,1,44172
2026-04-22T19:07:56,12.431958,-64.531189,26.2,13.36,93.5,7,2.6,103.4,4.207,-4.2,0,1,44173
2026-04-22T19:08:25,12.432080,-64.529449,28.2,12.40,89.2,7,2.4,103.4,4.207,-4.2,0,1,44174
2026-04-22T19:08:54,12.432197,-64.527664,31.1,13.86,92.4,8,2.1,103.0,4.209,-4.2,0,1,44175
2026-04-22T19:09:23,12.432299,-64.525948,29.0,12.47,87.1,8,2.1,103.0,4.206,-4.2,0,1,44176
2026-04-22T19:09:52,12.432382,-64.524170,25.6,12.72,80.6,8,2.1,103.2,4.206,-4.2,0,1,44177
2026-04-22T19:10:21,12.432277,-64.522385,15.5,13.40,100.1,7,2.4,103.4,4.207,-4.2,0,1,44178
2026-04-22T19:10:50,12.432458,-64.520630,19.2,13.53,89.3,7,2.4,103.0,4.206,-4.2,0,1,44179
2026-04-22T19:11:19,12.432652,-64.518929,15.3,13.07,86.7,7,2.4,103.2,4.207,-4.2,0,1,44180
2026-04-22T19:11:48,12.432841,-64.517166,19.1,12.34,80.1,7,2.4,103.2,4.209,-4.2,0,1,44181
2026-04-22T19:12:17,12.432939,-64.515388,25.2,12.71,89.9,7,2.3,103.0,4.206,-4.2,0,1,44182
2026-04-22T19:12:46,12.433125,-64.513641,22.9,13.39,86.9,7,2.3,103.2,4.206,-4.2,0,1,44183
2026-04-22T19:13:15,12.433300,-64.511879,25.7,12.06,80.2,7,2.3,103.2,4.209,2747.5,0,1,44184
2026-04-22T19:13:44,12.433467,-64.510132,23.7,11.89,84.6,7,2.3,103.0,4.206,-4.2,0,1,44185
2026-04-22T19:14:13,12.433590,-64.508362,20.8,13.44,91.0,7,2.3,103.0,4.207,-4.2,0,1,44186
2026-04-22T19:14:42,12.433837,-64.506592,26.0,13.12,79.6,7,2.3,103.2,4.209,-4.2,0,1,44187
2026-04-22T19:15:11,12.433975,-64.504883,26.2,12.18,82.7,7,2.3,103.4,4.206,-4.2,0,1,44188
2026-04-22T19:15:40,12.434134,-64.503120,31.0,13.05,88.1,7,2.3,103.0,4.207,-4.2,0,1,44189
2026-04-22T19:16:09,12.434354,-64.501373,30.9,12.74,88.4,7,2.3,103.4,4.207,-4.2,0,1,44190
2026-04-22T19:16:38,12.434575,-64.499664,26.2,12.63,91.7,7,2.3,103.2,4.207,-4.2,0,1,44191
2026-04-22T19:17:07,12.434803,-64.497925,24.6,12.48,78.2,7,2.3,103.2,4.207,-4.2,0,1,44192
2026-04-22T19:17:36,12.434954,-64.496170,24.2,12.02,83.2,7,2.2,103.2,4.207,-4.2,0,1,44193
2026-04-22T19:18:05,12.435123,-64.494453,25.2,12.41,87.6,7,2.2,103.2,4.207,-4.2,0,1,44194
2026-04-22T19:18:34,12.435275,-64.492683,24.7,13.63,99.9,7,2.2,103.2,4.207,-4.2,0,1,44195
2026-04-22T19:19:03,12.435549,-64.490906,26.2,12.41,80.0,7,2.2,103.2,4.206,-4.2,0,1,44196
2026-04-22T19:19:32,12.435737,-64.489197,22.7,13.25,86.9,7,2.2,103.5,4.206,-4.4,0,1,44197
2026-04-22T19:20:01,12.435952,-64.487434,17.3,12.56,85.6,7,2.2,103.2,4.206,-4.2,0,1,44198
2026-04-22T19:20:30,12.436066,-64.485794,12.9,12.30,80.9,7,2.2,103.2,4.209,-4.2,0,1,44199
2026-04-22T19:20:59,12.436222,-64.484009,13.8,12.33,76.2,7,2.2,103.2,4.207,-4.2,0,1,44200
2026-04-22T19:21:28,12.436351,-64.482254,14.9,12.16,90.3,7,2.2,103.2,4.207,-4.2,0,1,44201
2026-04-22T19:21:57,12.436480,-64.480476,17.1,12.92,91.0,6,3.1,103.2,4.209,-4.2,0,1,44202
2026-04-22T19:22:26,12.436653,-64.478790,24.2,12.62,84.5,6,3.1,103.0,4.207,-4.2,0,1,44203
2026-04-22T19:22:55,12.436755,-64.477074,27.8,13.65,90.2,6,3.1,103.4,4.209,-4.2,0,1,44204
2026-04-22T19:23:24,12.436934,-64.475288,29.2,13.56,87.5,7,2.1,103.0,4.206,-4.2,0,1,44205
2026-04-22T19:23:53,12.437024,-64.473541,33.6,12.76,86.3,7,2.1,103.2,4.209,-4.2,0,1,44206
2026-04-22T19:24:22,12.437210,-64.471962,35.0,13.13,89.1,7,2.1,103.2,4.207,-4.2,0,1,44207
2026-04-22T19:24:51,12.437440,-64.470154,37.9,13.16,86.1,7,2.1,103.4,4.206,-4.2,0,1,44208
2026-04-22T19:25:20,12.437622,-64.468361,39.8,13.96,86.5,7,2.1,103.2,4.207,-4.2,0,1,44209
2026-04-22T19:25:49,12.437763,-64.466576,40.9,12.15,84.3,7,2.1,103.2,4.207,-4.2,0,1,44210
2026-04-22T19:26:18,12.437849,-64.464928,42.5,12.71,86.8,7,2.0,103.2,4.209,-4.2,0,1,44211
2026-04-22T19:26:47,12.438082,-64.463203,38.7,12.35,83.2,8,2.0,103.0,4.209,-4.2,0,1,44212
2026-04-22T19:27:16,12.438198,-64.461418,42.7,12.19,85.3,8,2.0,103.2,4.206,-4.2,0,1,44213
2026-04-22T19:27:45,12.438371,-64.459686,41.8,13.37,86.2,7,2.4,103.4,4.207,-4.2,0,1,44214
2026-04-22T19:28:14,12.438595,-64.457924,42.7,12.40,86.4,8,2.0,103.2,4.209,-4.2,0,1,44215
2026-04-22T19:28:43,12.438826,-64.456276,47.2,11.41,81.1,8,2.0,103.0,4.206,-4.2,0,1,44216
2026-04-22T19:29:12,12.438866,-64.454483,45.6,12.73,89.5,8,2.0,103.0,4.207,-4.2,0,1,44217
2026-04-22T19:29:41,12.439091,-64.452744,40.7,12.72,88.6,8,2.0,103.2,4.207,2747.5,0,1,44218
2026-04-22T19:30:10,12.439277,-64.451126,41.3,11.92,83.2,8,1.9,103.2,4.206,-4.2,0,1,44219
2026-04-22T19:30:39,12.439269,-64.449348,39.1,13.52,90.5,8,1.9,103.0,4.207,-4.2,0,1,44220
2026-04-22T19:31:08,12.439473,-64.447601,41.6,13.41,87.5,8,1.9,103.2,4.206,-4.2,0,1,44221
2026-04-22T19:31:37,12.439495,-64.445969,44.7,12.46,80.9,6,2.4,103.2,4.207,-4.2,0,1,44222
2026-04-22T19:32:06,12.439662,-64.444229,49.2,12.55,86.5,7,1.9,103.2,4.207,-4.2,0,1,44223
2026-04-22T19:32:35,12.439709,-64.442482,52.5,12.26,85.5,7,1.9,103.2,4.209,-4.2,0,1,44224
2026-04-22T19:33:04,12.439894,-64.440765,52.8,12.79,86.0,7,1.9,103.2,4.206,-4.2,0,1,44225
2026-04-22T19:33:33,12.440039,-64.439064,54.5,12.56,90.2,7,1.9,103.4,4.206,-4.2,0,1,44226
2026-04-22T19:34:02,12.440366,-64.437393,52.7,11.93,81.1,7,1.9,103.2,4.207,-4.2,0,1,44227
2026-04-22T19:34:31,12.440362,-64.435623,50.4,13.14,82.7,7,1.9,103.2,4.209,-4.2,0,1,44228
2026-04-22T19:35:00,12.440500,-64.433876,46.4,12.89,90.2,6,2.4,103.2,4.206,-4.2,0,1,44229
2026-04-22T19:35:29,12.440665,-64.432182,43.6,12.24,89.3,6,2.4,103.2,4.207,-4.2,0,1,44230
2026-04-22T19:35:58,12.440715,-64.430397,35.1,12.44,86.4,7,1.8,103.2,4.209,-4.2,0,1,44231
2026-04-22T19:36:27,12.440824,-64.428772,34.3,12.90,83.1,7,1.8,103.4,4.207,-4.2,0,1,44232
2026-04-22T19:36:56,12.440928,-64.427017,36.6,12.07,87.4,7,1.8,103.0,4.207,-4.2,0,1,44233
2026-04-22T19:37:25,12.441043,-64.425308,37.7,12.79,89.6,6,2.4,103.2,4.209,-4.2,0,1,44234
2026-04-22T19:37:54,12.441254,-64.423576,37.5,12.59,82.5,7,1.8,103.2,4.207,-4.2,0,1,44235
2026-04-22T19:38:23,12.441387,-64.421951,36.9,12.43,88.8,6,2.4,103.2,4.207,-4.2,0,1,44236
2026-04-22T19:38:52,12.441507,-64.420151,33.8,12.11,79.3,6,2.4,103.2,4.207,-4.2,0,1,44237
2026-04-22T19:39:21,12.441664,-64.418427,33.6,12.70,88.2,7,1.8,103.4,4.207,-4.2,0,1,44238
2026-04-22T19:39:50,12.441760,-64.416695,36.4,12.04,81.0,7,1.8,102.9,4.209,-4.4,0,1,44239
2026-04-22T19:40:19,12.441923,-64.414978,36.5,12.89,85.4,7,1.8,103.2,4.207,-4.2,0,1,44240
2026-04-22T19:40:48,12.442072,-64.413239,32.6,11.88,84.5,6,1.9,103.0,4.209,-4.2,0,1,44241
2026-04-22T19:41:17,12.442202,-64.411491,35.4,12.59,83.3,6,2.3,103.4,4.207,-4.2,0,1,44242
2026-04-22T19:41:46,12.442333,-64.409821,30.8,12.85,87.1,6,2.3,103.2,4.207,-4.2,0,1,44243
2026-04-22T19:42:15,12.442538,-64.408073,31.4,11.84,85.9,7,1.7,103.2,4.206,-4.2,0,1,44244
2026-04-22T19:42:44,12.442616,-64.406334,33.0,12.67,85.9,7,1.7,103.5,4.209,-4.4,0,1,44245
2026-04-22T19:43:13,12.442711,-64.404617,33.8,12.41,85.4,7,1.7,103.0,4.207,2743.3,0,1,44246
2026-04-22T19:43:42,12.442885,-64.402885,33.9,13.19,92.5,7,1.7,103.2,4.209,-4.2,0,1,44247
2026-04-22T19:44:11,12.443167,-64.401161,32.1,12.68,86.9,7,1.7,103.0,4.209,-4.2,0,1,44248
2026-04-22T19:44:40,12.443281,-64.399429,27.8,13.57,86.9,6,2.3,103.2,4.209,-4.2,0,1,44249
2026-04-22T19:45:09,12.443421,-64.397690,23.5,12.63,86.8,6,2.2,103.2,4.209,-4.2,0,1,44250
2026-04-22T19:45:38,12.443612,-64.395958,17.2,12.61,82.8,7,1.6,103.0,4.207,-4.2,0,1,44251
2026-04-22T19:46:07,12.443738,-64.394211,15.8,12.34,82.7,7,1.6,103.2,4.209,-4.2,0,1,44252
2026-04-22T19:46:36,12.443938,-64.392464,12.6,12.35,85.7,6,1.8,103.4,4.206,-4.2,0,1,44253
2026-04-22T19:47:05,12.444051,-64.390717,9.0,11.44,86.3,6,1.8,103.2,4.207,-4.2,0,1,44254
2026-04-22T19:47:34,12.444270,-64.388969,7.4,13.43,84.2,5,2.9,103.2,4.209,-4.2,0,1,44255
2026-04-22T19:48:03,12.444404,-64.387222,12.5,12.08,86.3,6,1.8,103.2,4.207,-4.2,0,1,44256
2026-04-22T19:48:32,12.444475,-64.385490,23.2,12.42,83.6,5,2.9,103.2,4.206,-4.2,0,1,44257
2026-04-22T19:49:01,12.444515,-64.383766,30.2,12.68,84.7,5,2.9,103.2,4.207,-4.2,0,1,44258
2026-04-22T19:49:30,12.444818,-64.382011,32.8,13.63,85.2,5,2.9,103.0,4.207,-4.2,0,1,44259
2026-04-22T19:49:59,12.444857,-64.380272,41.1,13.38,89.4,6,1.7,103.0,4.207,-4.2,0,1,44260
2026-04-22T19:50:28,12.445044,-64.378525,44.9,12.25,86.2,5,2.9,103.4,4.207,-4.2,0,1,44261
2026-04-22T19:50:57,12.445182,-64.376785,47.3,13.04,82.8,5,2.8,103.2,4.209,-4.2,0,1,44262
2026-04-22T19:51:26,12.445346,-64.375084,47.8,13.24,84.3,6,1.7,103.2,4.207,-4.2,0,1,44263
2026-04-22T19:51:55,12.445378,-64.373299,44.8,13.51,88.0,5,2.8,103.2,4.207,-4.2,0,1,44264
2026-04-22T19:52:24,12.445537,-64.371552,40.7,13.09,82.6,6,1.7,103.2,4.206,-4.2,0,1,44265
2026-04-22T19:52:53,12.445592,-64.369843,45.0,13.18,90.2,5,2.8,103.2,4.206,-4.2,0,1,44266
2026-04-22T19:53:22,12.445640,-64.368103,51.0,13.08,93.5,4,3.2,103.2,4.206,-4.2,0,1,44267
2026-04-22T19:53:51,12.445991,-64.366409,53.8,11.01,90.8,6,1.6,103.4,4.209,-4.2,0,1,44268
2026-04-22T19:54:20,12.446134,-64.364670,52.4,12.87,89.3,6,1.6,103.4,4.206,-4.2,0,1,44269
2026-04-22T19:54:49,12.446201,-64.362953,54.6,12.11,86.0,6,1.6,103.4,4.207,-4.2,0,1,44270
2026-04-22T19:55:18,12.446454,-64.361237,54.4,11.93,83.5,5,2.7,103.0,4.206,-4.2,0,1,44271
2026-04-22T19:55:47,12.446677,-64.359528,55.2,11.02,79.8,5,2.7,103.0,4.207,-4.2,0,1,44272
2026-04-22T19:56:16,12.446849,-64.357796,52.8,12.27,79.8,5,2.7,103.2,4.207,-4.2,0,1,44273
2026-04-22T19:56:45,12.447020,-64.356064,51.1,12.56,82.4,5,2.7,103.0,4.207,-4.2,0,1,44274
2026-04-22T19:57:14,12.447100,-64.354340,48.0,12.14,86.8,5,2.6,103.2,4.207,-4.2,0,1,44275
2026-04-22T19:57:43,12.447253,-64.352554,48.0,12.24,83.8,5,2.6,103.2,4.207,-4.2,0,1,44276
2026-04-22T19:58:12,12.447373,-64.350845,43.8,12.25,85.5,5,2.6,102.9,4.207,-4.4,0,1,44277
2026-04-22T19:58:41,12.447618,-64.349152,39.9,11.61,86.3,5,2.6,103.0,4.206,-4.2,0,1,44278
2026-04-22T19:59:10,12.447630,-64.347359,49.0,11.66,87.1,4,3.2,103.4,4.207,-4.2,0,1,44279
2026-04-22T19:59:39,12.447709,-64.345627,51.4,13.05,87.8,5,2.5,103.2,4.207,-4.2,0,1,44280
2026-04-22T20:00:08,12.447857,-64.343903,45.0,12.07,81.0,5,2.5,103.2,4.209,-4.2,0,1,44281
2026-04-22T20:00:37,12.447918,-64.342110,53.1,13.63,88.7,6,1.9,103.0,4.207,-4.2,0,1,44282
2026-04-22T20:01:06,12.448048,-64.340416,53.8,12.63,88.1,6,1.9,103.2,4.207,-4.2,0,1,44283
2026-04-22T20:01:35,12.448184,-64.338661,38.5,12.29,91.3,7,1.7,103.2,4.209,-4.2,0,1,44284
2026-04-22T20:02:04,12.448291,-64.336945,32.4,13.07,84.6,7,1.7,103.2,4.207,-4.2,0,1,44285
2026-04-22T20:02:33,12.448483,-64.335197,19.2,13.36,86.4,7,1.7,103.2,4.206,-4.2,0,1,44286
2026-04-22T20:03:02,12.448692,-64.333450,9.2,12.10,86.5,7,1.7,103.0,4.207,-4.2,0,1,44287
2026-04-22T20:03:31,12.448643,-64.331703,6.3,12.28,92.7,7,1.7,103.2,4.206,-4.2,0,1,44288
2026-04-22T20:04:00,12.448742,-64.330025,8.0,12.42,85.3,7,1.7,103.0,4.207,-4.2,0,1,44289
2026-04-22T20:04:29,12.448855,-64.328255,8.6,12.87,85.4,7,1.7,103.2,4.207,-4.2,0,1,44290
2026-04-22T20:04:58,12.449020,-64.326500,-3.9,12.97,81.7,7,1.7,103.5,4.206,-4.4,0,1,44291
2026-04-22T20:05:27,12.449127,-64.324722,-8.8,13.68,83.5,7,1.6,103.2,4.206,-4.2,0,1,44292
2026-04-22T20:05:56,12.449222,-64.323013,-10.1,12.07,89.0,7,1.6,103.2,4.207,-4.2,0,1,44293
2026-04-22T20:06:25,12.449390,-64.321297,-11.3,12.11,83.9,7,1.6,103.4,4.207,-4.2,0,1,44294
2026-04-22T20:06:54,12.449500,-64.319595,-9.5,12.50,87.1,7,1.6,103.2,4.209,-4.2,0,1,44295
2026-04-22T20:07:23,12.449515,-64.317947,4.0,12.57,83.3,7,1.6,103.0,4.206,-4.2,0,1,44296
2026-04-22T20:07:52,12.449683,-64.316170,15.8,13.28,78.1,7,1.6,103.0,4.209,-4.2,0,1,44297
2026-04-22T20:08:21,12.449880,-64.314400,18.5,12.78,85.7,6,2.9,103.2,4.209,-4.2,0,1,44298
2026-04-22T20:08:50,12.449919,-64.312645,28.7,13.35,81.7,5,3.2,103.2,4.209,-4.2,0,1,44299
2026-04-22T20:09:19,12.450013,-64.310913,33.5,12.42,87.5,7,1.6,103.0,4.207,-4.2,0,1,44300
2026-04-22T20:09:48,12.450191,-64.309135,40.3,13.61,84.0,7,1.6,103.2,4.207,-4.2,0,1,44301
2026-04-22T20:10:17,12.450366,-64.307404,39.9,12.06,81.3,7,1.6,103.4,4.207,-4.2,0,1,44302
2026-04-22T20:10:46,12.450494,-64.305649,40.6,14.29,90.2,7,1.6,103.2,4.207,-4.2,0,1,44303
2026-04-22T20:11:15,12.450604,-64.303909,34.2,11.32,85.5,7,1.6,103.2,4.209,-4.2,0,1,44304
2026-04-22T20:11:44,12.450825,-64.302155,37.3,12.86,85.5,6,3.0,103.4,4.206,-4.2,0,1,44305
2026-04-22T20:12:13,12.450862,-64.300438,40.3,12.74,91.0,7,1.5,103.4,4.207,-4.2,0,1,44306
2026-04-22T20:12:42,12.450975,-64.298668,41.2,12.04,86.7,7,1.5,103.2,4.209,-4.2,0,1,44307
2026-04-22T20:13:11,12.451168,-64.296890,44.4,12.12,88.8,7,1.5,103.2,4.207,-4.2,0,1,44308
2026-04-22T20:13:40,12.451303,-64.295113,44.4,12.90,84.8,7,1.5,103.2,4.206,-4.2,0,1,44309
2026-04-22T20:14:09,12.451467,-64.293335,41.6,14.02,89.2,7,1.5,103.4,4.207,-4.2,0,1,44310
2026-04-22T20:14:38,12.451603,-64.291565,41.2,13.08,91.7,6,3.0,103.2,4.206,-4.2,0,1,44311
2026-04-22T20:15:07,12.451700,-64.289818,41.4,12.81,88.4,6,3.0,103.4,4.206,-4.2,0,1,44312
2026-04-22T20:15:36,12.451765,-64.288048,39.7,13.89,82.4,7,1.5,103.0,4.206,-4.2,0,1,44313
2026-04-22T20:16:05,12.451914,-64.286278,40.4,12.69,83.0,7,1.5,103.4,4.209,-4.2,0,1,44314
2026-04-22T20:16:34,12.452030,-64.284546,41.7,11.24,89.0,7,1.5,103.4,4.207,-4.2,0,1,44315
2026-04-22T20:17:03,12.452120,-64.282753,41.2,12.91,92.1,7,1.5,103.0,4.207,-4.2,0,1,44316
2026-04-22T20:17:32,12.452142,-64.281021,39.4,13.68,82.8,7,1.5,103.4,4.209,-4.2,0,1,44317
2026-04-22T20:18:01,12.452303,-64.279228,40.4,13.01,73.0,6,3.0,103.0,4.206,2743.3,0,1,44318
2026-04-22T20:18:30,12.452302,-64.277481,42.9,12.01,94.1,6,3.0,103.0,4.206,-4.2,0,1,44319
2026-04-22T20:18:59,12.452387,-64.275726,45.2,13.66,92.0,7,1.5,103.0,4.207,-4.2,0,1,44320
2026-04-22T20:19:28,12.452478,-64.273956,46.3,13.61,93.2,7,1.5,103.4,4.207,-4.2,0,1,44321
2026-04-22T20:19:57,12.452605,-64.272202,45.2,13.63,93.4,7,1.4,102.9,4.206,2738.9,0,1,44322
2026-04-22T20:20:26,12.452703,-64.270424,42.3,12.06,91.0,7,1.4,103.0,4.207,-4.2,0,1,44323
2026-04-22T20:20:55,12.452826,-64.268646,39.3,13.12,86.0,6,3.0,103.2,4.206,-4.2,0,1,44324
2026-04-22T20:21:24,12.452910,-64.266922,42.3,12.43,94.0,7,1.4,103.2,4.207,-4.2,0,1,44325
2026-04-22T20:21:53,12.453063,-64.265137,45.2,13.71,89.9,5,3.3,103.2,4.207,-4.2,0,1,44326
2026-04-22T20:22:22,12.453220,-64.263321,43.0,14.59,86.7,7,1.4,103.5,4.206,-4.4,0,1,44327
2026-04-22T20:22:51,12.453332,-64.261581,42.0,12.45,90.3,5,3.3,103.2,4.209,-4.2,0,1,44328
2026-04-22T20:23:20,12.453519,-64.259819,42.6,14.00,96.0,5,3.3,103.2,4.206,-4.2,0,1,44329
2026-04-22T20:23:49,12.453585,-64.258087,40.4,12.11,87.6,5,3.3,103.4,4.206,-4.2,0,1,44330
2026-04-22T20:24:18,12.453742,-64.256317,39.0,13.00,93.0,6,3.0,103.2,4.206,-4.2,0,1,44331
2026-04-22T20:24:47,12.453831,-64.254555,38.1,12.94,89.9,6,3.0,103.2,4.209,-4.2,0,1,44332
2026-04-22T20:25:16,12.453894,-64.252792,30.4,11.38,100.8,4,6.1,103.4,4.207,-4.2,0,1,44333
2026-04-22T20:25:45,12.454162,-64.250977,24.2,11.40,91.8,6,3.0,103.2,4.207,-4.2,0,1,44334
2026-04-22T20:26:14,12.454233,-64.249191,22.5,10.66,101.4,6,3.0,103.4,4.207,-4.2,0,1,44335
2026-04-22T20:26:43,12.454382,-64.247368,22.7,13.55,90.7,6,3.0,103.4,4.206,-4.2,0,1,44336
2026-04-22T20:27:12,12.454556,-64.245590,26.8,11.64,93.9,6,3.0,103.4,4.206,-4.2,0,1,44337
2026-04-22T20:27:41,12.454848,-64.243729,41.7,11.76,80.7,6,3.0,103.2,4.207,-4.2,0,1,44338
2026-04-22T20:28:10,12.454823,-64.241920,44.0,12.94,87.9,6,3.0,102.9,4.209,-4.4,0,1,44339
2026-04-22T20:28:39,12.454908,-64.240189,50.3,12.28,98.2,6,3.0,103.2,4.207,2747.5,0,1,44340
2026-04-22T20:29:08,12.454960,-64.238365,34.5,12.08,92.5,7,2.9,103.4,4.207,-4.2,0,1,44341
2026-04-22T20:29:37,12.455192,-64.236504,4.9,12.81,86.2,7,2.9,103.2,4.207,-4.2,0,1,44342
2026-04-22T20:30:06,12.455317,-64.234756,2.3,13.63,90.2,7,2.9,103.2,4.206,-4.2,0,1,44343
2026-04-22T20:30:35,12.455466,-64.232903,-6.1,13.47,90.0,7,2.9,103.2,4.207,-4.2,0,1,44344
2026-04-22T20:31:04,12.455602,-64.231079,-5.1,11.80,89.6,7,3.0,103.4,4.207,-4.2,0,1,44345
2026-04-22T20:31:33,12.455697,-64.229332,-1.5,12.47,91.7,7,2.9,103.0,4.206,-4.2,0,1,44346
2026-04-22T20:32:02,12.455925,-64.227524,-2.1,13.77,87.3,7,2.9,103.0,4.207,-4.2,0,1,44347
2026-04-22T20:32:31,12.455934,-64.225723,3.3,12.75,89.3,7,2.9,103.0,4.207,-4.2,0,1,44348
2026-04-22T20:33:00,12.456141,-64.223915,2.9,12.69,82.8,7,2.9,103.2,4.206,-4.2,0,1,44349
2026-04-22T20:33:29,12.456299,-64.222061,-6.9,12.60,90.1,6,3.1,103.2,4.209,-4.2,0,1,44350
2026-04-22T20:33:58,12.456468,-64.220276,-7.6,13.96,79.6,6,3.1,103.2,4.206,-4.2,0,1,44351
2026-04-22T20:34:27,12.456614,-64.218483,0.1,12.65,86.1,6,3.1,102.9,4.206,-4.4,0,1,44352
2026-04-22T20:34:56,12.456706,-64.216682,-0.4,10.66,88.4,7,2.8,102.9,4.206,-4.4,0,1,44353
2026-04-22T20:35:25,12.456826,-64.214821,-12.2,12.44,93.4,6,3.0,103.4,4.207,-4.2,0,1,44354
2026-04-22T20:35:54,12.456785,-64.213112,-1.5,11.18,92.5,6,3.0,103.0,4.207,-4.2,0,1,44355
2026-04-22T20:36:23,12.456999,-64.211319,-13.7,13.22,85.9,7,2.8,103.2,4.209,-4.2,0,1,44356
2026-04-22T20:36:52,12.457008,-64.209465,-1.3,12.72,86.5,7,2.8,103.0,4.206,-4.2,0,1,44357
2026-04-22T20:37:21,12.457068,-64.207687,2.9,12.44,89.4,7,2.8,103.0,4.206,-4.2,0,1,44358
2026-04-22T20:37:50,12.457153,-64.205963,10.8,12.59,82.2,7,2.8,103.0,4.209,-4.2,0,1,44359
2026-04-22T20:38:19,12.457183,-64.204185,8.5,12.31,81.9,7,2.8,103.0,4.207,-4.2,0,1,44360
2026-04-22T20:38:48,12.457394,-64.202408,3.8,14.84,79.2,6,3.2,103.0,4.206,2743.3,0,1,44361
2026-04-22T20:39:17,12.457265,-64.200668,13.8,14.16,75.8,6,3.2,103.4,4.209,2751.6,0,1,44362
2026-04-22T20:39:46,12.457275,-64.198936,20.6,12.21,84.9,6,3.2,103.2,4.207,-4.2,0,1,44363
2026-04-22T20:40:15,12.457305,-64.197212,35.4,13.35,83.1,7,2.7,103.0,4.207,-4.2,0,1,44364
2026-04-22T20:40:44,12.457443,-64.195404,38.0,14.22,79.8,6,3.3,103.2,4.207,-4.2,0,1,44365
2026-04-22T20:41:13,12.457624,-64.193596,37.1,13.92,75.0,6,3.3,103.0,4.206,-4.2,0,1,44366
2026-04-22T20:41:42,12.457684,-64.191818,28.0,12.34,85.1,6,3.3,103.0,4.207,-4.2,0,1,44367
2026-04-22T20:42:11,12.457873,-64.190025,30.3,13.04,83.2,6,3.3,103.4,4.207,-4.2,0,1,44368
2026-04-22T20:42:40,12.458008,-64.188225,18.9,13.95,76.7,7,2.6,103.0,4.207,-4.2,0,1,44369
2026-04-22T20:43:09,12.458295,-64.186409,6.6,13.86,79.2,6,3.2,103.4,4.207,-4.2,0,1,44370
2026-04-22T20:43:38,12.458470,-64.184601,-8.7,12.06,84.5,6,3.2,103.2,4.206,-4.2,0,1,44371
2026-04-22T20:44:07,12.458528,-64.182823,5.4,12.72,84.1,6,2.7,103.2,4.206,-4.2,0,1,44372
2026-04-22T20:44:36,12.458617,-64.181046,5.3,12.73,78.9,7,2.6,103.0,4.207,-4.2,0,1,44373
2026-04-22T20:45:05,12.458776,-64.179222,4.3,12.69,84.1,5,3.6,102.9,4.207,-4.4,0,1,44374
2026-04-22T20:45:34,12.458798,-64.177444,8.1,13.13,77.1,6,2.7,103.2,4.206,-4.2,0,1,44375
2026-04-22T20:46:03,12.458886,-64.175667,12.3,12.99,80.9,6,2.6,103.0,4.206,-4.2,0,1,44376
2026-04-22T20:46:32,12.459044,-64.173859,11.7,13.05,86.0,5,3.6,103.0,4.207,-4.2,0,1,44377
2026-04-22T20:47:01,12.459172,-64.172035,12.5,13.15,83.1,5,3.6,103.0,4.206,-4.2,0,1,44378
2026-04-22T20:47:30,12.459358,-64.170235,12.4,12.05,80.2,6,2.6,103.4,4.206,-4.2,0,1,44379
2026-04-22T20:47:59,12.459510,-64.168404,11.1,14.13,80.8,5,3.5,102.9,4.207,-4.4,0,1,44380
2026-04-22T20:48:28,12.459702,-64.166573,3.1,14.24,77.7,5,3.9,103.4,4.206,-4.2,0,1,44381
2026-04-22T20:48:57,12.459759,-64.164764,2.7,12.97,82.3,6,2.5,103.0,4.206,-4.2,0,1,44382
2026-04-22T20:49:26,12.459820,-64.162956,1.1,13.35,88.8,5,3.5,103.2,4.207,-4.2,0,1,44383
2026-04-22T20:49:55,12.460060,-64.161110,5.9,12.73,87.7,5,3.5,103.5,4.209,-4.4,0,1,44384
2026-04-22T20:50:24,12.460203,-64.159286,14.3,13.11,79.2,5,3.5,103.0,4.206,-4.2,0,1,44385
2026-04-22T20:50:53,12.460370,-64.157471,18.7,13.45,81.0,6,2.2,103.2,4.206,-4.2,0,1,44386
2026-04-22T20:51:22,12.460539,-64.155647,15.3,12.76,84.4,6,2.2,103.2,4.206,-4.2,0,1,44387
2026-04-22T20:51:51,12.460743,-64.153748,3.7,13.22,87.4,6,2.3,103.2,4.207,-4.2,0,1,44388
2026-04-22T20:52:20,12.460966,-64.151962,-7.9,13.82,83.8,6,2.3,103.2,4.206,-4.2,0,1,44389
2026-04-22T20:52:49,12.461003,-64.150185,-10.7,12.96,93.3,6,2.3,103.2,4.209,-4.2,0,1,44390
2026-04-22T20:53:18,12.461192,-64.148437,-6.5,13.69,75.0,6,2.3,103.2,4.207,-4.2,0,1,44391
2026-04-22T20:53:47,12.461323,-64.146507,-1.5,14.12,87.8,6,2.3,103.2,4.207,2747.5,0,1,44392
2026-04-22T20:54:16,12.461645,-64.144753,0.5,13.09,87.6,6,2.3,102.9,4.207,-4.4,0,1,44393
2026-04-22T20:54:45,12.461658,-64.142883,0.3,12.91,85.5,6,2.3,103.2,4.207,-4.2,0,1,44394
2026-04-22T20:55:14,12.461855,-64.141060,5.5,13.12,87.3,6,2.3,102.9,4.206,-4.4,0,1,44395
2026-04-22T20:55:43,12.461990,-64.139229,13.0,14.22,79.5,6,2.3,103.4,4.209,2751.6,0,1,44396
2026-04-22T20:56:12,12.462015,-64.137474,12.0,14.63,80.5,6,2.3,103.0,4.206,-4.2,0,1,44397
2026-04-22T20:56:41,12.462162,-64.135620,12.7,13.06,91.2,6,2.3,103.4,4.206,-4.2,0,1,44398
2026-04-22T20:57:10,12.462354,-64.133804,17.8,12.67,83.7,6,2.4,103.2,4.209,-4.2,0,1,44399
2026-04-22T20:57:39,12.462512,-64.131935,18.8,13.87,80.4,6,2.4,103.0,4.206,-4.2,0,1,44400
2026-04-22T20:58:08,12.462653,-64.130035,19.1,13.92,84.7,6,2.4,103.0,4.207,-4.2,0,1,44401
2026-04-22T20:58:37,12.462896,-64.128189,20.1,14.37,76.9,6,2.4,103.2,4.207,-4.2,0,1,44402
2026-04-22T20:59:06,12.463012,-64.126358,18.1,13.56,81.0,6,2.4,103.2,4.206,-4.2,0,1,44403
2026-04-22T20:59:35,12.463255,-64.124496,20.8,13.25,81.7,6,2.4,103.2,4.207,2747.5,0,1,44404
2026-04-22T21:00:04,12.463435,-64.122643,14.2,14.52,78.2,6,2.4,103.5,4.206,-4.4,0,1,44405
2026-04-22T21:00:33,12.463511,-64.120827,16.0,13.38,91.3,6,2.4,103.0,4.207,-4.2,0,1,44406
2026-04-22T21:01:02,12.463631,-64.119003,19.9,14.21,81.3,6,2.4,103.0,4.206,-4.2,0,1,44407
2026-04-22T21:01:31,12.463701,-64.117180,22.2,13.54,82.5,6,2.4,103.4,4.209,-4.2,0,1,44408
2026-04-22T21:02:00,12.463781,-64.115364,23.0,14.44,81.1,6,2.4,102.9,4.207,-4.4,0,1,44409
2026-04-22T21:02:29,12.463906,-64.113487,15.0,13.27,85.7,6,2.4,103.2,4.206,-4.2,0,1,44410
2026-04-22T21:02:58,12.464192,-64.111664,22.5,13.62,81.7,7,2.2,103.0,4.207,-4.2,0,1,44411
2026-04-22T21:03:27,12.464366,-64.109795,29.1,12.81,90.7,7,2.2,103.2,4.207,-4.2,0,1,44412
2026-04-22T21:03:56,12.464579,-64.107903,30.4,13.92,80.3,7,2.2,103.2,4.207,-4.2,0,1,44413
2026-04-22T21:04:25,12.464725,-64.106010,29.3,12.69,89.4,7,2.2,103.4,4.206,-4.2,0,1,44414
2026-04-22T21:04:54,12.464963,-64.104210,31.4,13.48,87.1,7,2.2,102.9,4.207,-4.4,0,1,44415
2026-04-22T21:05:23,12.465138,-64.102364,32.0,13.13,82.9,7,2.2,103.2,4.207,-4.2,0,1,44416
2026-04-22T21:05:52,12.465302,-64.100433,33.2,13.11,87.3,7,2.2,103.2,4.207,-4.2,0,1,44417
2026-04-22T21:06:21,12.465647,-64.098564,35.9,14.47,85.6,7,2.2,103.2,4.207,-4.2,0,1,44418
2026-04-22T21:06:50,12.465702,-64.096741,26.8,13.47,84.3,7,2.2,103.2,4.206,-4.2,0,1,44419
2026-04-22T21:07:19,12.465981,-64.094742,26.8,12.81,89.7,7,2.2,103.2,4.209,-4.2,0,1,44420
2026-04-22T21:07:48,12.466193,-64.092857,37.6,13.90,81.0,7,2.2,103.4,4.206,-4.2,0,1,44421
2026-04-22T21:08:17,12.466335,-64.091148,38.1,12.30,86.1,7,2.2,103.0,4.206,-4.2,0,1,44422
2026-04-22T21:08:46,12.466538,-64.089218,39.9,12.83,81.6,7,2.2,103.0,4.207,-4.2,0,1,44423
2026-04-22T21:09:15,12.466746,-64.087242,46.9,16.18,80.3,7,2.2,103.2,4.207,-4.2,0,1,44424
2026-04-22T21:09:44,12.466992,-64.085472,49.0,13.73,84.2,7,2.2,103.0,4.207,-4.2,0,1,44425
2026-04-22T21:10:13,12.467020,-64.083710,43.2,13.70,86.7,7,2.2,103.2,4.207,-4.2,0,1,44426
2026-04-22T21:10:42,12.467113,-64.081757,35.5,13.43,84.1,7,2.2,103.0,4.207,2743.3,0,1,44427
2026-04-22T21:11:11,12.467305,-64.079971,19.6,13.25,89.9,6,2.6,103.2,4.205,-4.2,0,1,44428
2026-04-22T21:11:40,12.467482,-64.078087,24.0,13.32,86.4,7,2.2,103.4,4.207,-4.2,0,1,44429
2026-04-22T21:12:09,12.467649,-64.076324,25.4,12.79,84.4,7,2.2,103.0,4.207,-4.2,0,1,44430
2026-04-22T21:12:38,12.467915,-64.074516,36.8,14.69,86.8,7,2.2,103.2,4.207,-4.2,0,1,44431
2026-04-22T21:13:07,12.468093,-64.072624,34.3,14.24,79.5,7,2.2,103.2,4.207,-4.2,0,1,44432
2026-04-22T21:13:36,12.468106,-64.070717,23.4,14.30,87.3,8,1.7,103.2,4.207,-4.2,0,1,44433
2026-04-22T21:14:05,12.468109,-64.068901,24.1,13.84,91.3,8,1.7,103.2,4.207,-4.2,0,1,44434
2026-04-22T21:14:34,12.468151,-64.067101,15.3,12.94,85.5,8,1.7,103.0,4.209,-4.2,0,1,44435
2026-04-22T21:15:03,12.468234,-64.065231,19.1,14.21,84.4,8,1.7,103.4,4.207,-4.2,0,1,44436
2026-04-22T21:15:32,12.468374,-64.063370,19.2,13.80,79.7,8,1.7,103.2,4.207,-4.2,0,1,44437
2026-04-22T21:16:01,12.468463,-64.061508,10.2,12.93,87.4,8,1.7,103.0,4.205,-4.2,0,1,44438
2026-04-22T21:16:30,12.468633,-64.059586,13.7,13.68,91.5,8,1.7,103.0,4.206,-4.2,0,1,44439
2026-04-22T21:16:59,12.468773,-64.057755,13.7,13.66,83.1,8,1.7,103.2,4.207,-4.2,0,1,44440
2026-04-22T21:17:28,12.469036,-64.055862,19.9,14.88,83.9,8,1.7,102.9,4.206,-4.4,0,1,44441
2026-04-22T21:17:57,12.469223,-64.053955,20.8,14.55,80.5,7,1.8,103.2,4.209,-4.2,0,1,44442
2026-04-22T21:18:26,12.469351,-64.052132,21.0,13.41,88.9,7,1.8,103.0,4.207,-4.2,0,1,44443
2026-04-22T21:18:55,12.469524,-64.050186,26.9,15.18,82.0,7,1.8,103.2,4.207,-4.2,0,1,44444
2026-04-22T21:19:24,12.469626,-64.048317,29.9,14.21,85.7,7,1.8,103.2,4.207,-4.2,0,1,44445
2026-04-22T21:19:53,12.469733,-64.046410,24.9,13.37,91.5,8,1.7,103.4,4.207,2751.6,0,1,44446
2026-04-22T21:20:22,12.469858,-64.044533,26.2,13.73,80.2,7,1.8,103.0,4.207,-4.2,0,1,44447
2026-04-22T21:20:51,12.470001,-64.042664,22.2,13.83,85.6,7,1.8,103.0,4.207,-4.2,0,1,44448
2026-04-22T21:21:20,12.470121,-64.040810,29.1,13.45,89.7,8,1.7,103.2,4.206,-4.2,0,1,44449
2026-04-22T21:21:49,12.470269,-64.038803,33.7,13.01,88.9,8,1.7,103.2,4.206,-4.2,0,1,44450
2026-04-22T21:22:18,12.470385,-64.037010,36.9,13.58,83.1,8,1.7,102.9,4.206,-4.4,0,1,44451
2026-04-22T21:22:47,12.470500,-64.035194,34.3,14.19,85.1,8,1.7,103.2,4.207,-4.2,0,1,44452
2026-04-22T21:23:16,12.470562,-64.033363,28.7,14.21,92.2,8,1.7,103.2,4.207,-4.2,0,1,44453
2026-04-22T21:23:45,12.470743,-64.031471,34.9,13.42,83.7,8,1.7,103.2,4.206,-4.2,0,1,44454
2026-04-22T21:24:14,12.470861,-64.029594,27.3,13.77,83.7,8,1.7,103.2,4.207,-4.2,0,1,44455
2026-04-22T21:24:43,12.470959,-64.027763,32.5,14.03,89.5,8,1.7,103.0,4.206,-4.2,0,1,44456
2026-04-22T21:25:12,12.471158,-64.025963,20.6,14.35,85.7,8,1.7,103.0,4.207,-4.2,0,1,44457
2026-04-22T21:25:41,12.471298,-64.024124,22.2,13.53,79.4,8,1.7,103.0,4.207,-4.2,0,1,44458
2026-04-22T21:26:10,12.471425,-64.022240,33.5,13.21,79.4,9,1.6,103.2,4.209,-4.2,0,1,44459
2026-04-22T21:26:39,12.471774,-64.020454,37.7,12.44,80.2,9,1.6,103.0,4.207,-4.2,0,1,44460
2026-04-22T21:27:08,12.471978,-64.018593,41.0,14.32,88.6,9,1.7,103.2,4.207,-4.2,0,1,44461
2026-04-22T21:27:37,12.472311,-64.016762,40.1,13.76,78.3,9,1.7,103.2,4.206,-4.2,0,1,44462
2026-04-22T21:28:06,12.472531,-64.014938,28.1,13.51,74.8,10,1.6,103.2,4.207,-4.2,0,1,44463
2026-04-22T21:28:35,12.472778,-64.013084,21.1,14.14,73.3,10,1.6,103.2,4.206,-4.2,0,1,44464
2026-04-22T21:29:04,12.473016,-64.011246,23.6,13.50,80.6,10,1.6,103.2,4.207,-4.2,0,1,44465
2026-04-22T21:29:33,12.473248,-64.009392,22.0,12.68,83.4,10,1.6,103.2,4.205,-4.2,0,1,44466
2026-04-22T21:30:02,12.473475,-64.007500,19.9,13.24,86.2,10,1.6,103.0,4.209,-4.2,0,1,44467
2026-04-22T21:30:31,12.473695,-64.005676,21.4,12.48,91.9,9,1.7,103.2,4.207,-4.2,0,1,44468
2026-04-22T21:31:00,12.473923,-64.003769,22.5,13.70,86.6,10,1.6,103.0,4.206,-4.2,0,1,44469
2026-04-22T21:31:29,12.474221,-64.001839,20.4,13.56,81.7,10,1.6,103.4,4.207,-4.2,0,1,44470
2026-04-22T21:31:58,12.474439,-63.999962,32.4,12.93,82.7,10,1.6,103.0,4.209,-4.2,0,1,44471
2026-04-22T21:32:27,12.474708,-63.998043,34.0,13.03,81.8,10,1.6,103.2,4.207,-4.2,0,1,44472
2026-04-22T21:32:56,12.474816,-63.996136,39.1,13.75,83.8,10,1.6,103.0,4.207,-4.2,0,1,44473
2026-04-22T21:33:25,12.474991,-63.994297,41.1,13.34,85.5,10,1.6,103.0,4.207,2743.3,0,1,44474
2026-04-22T21:33:54,12.475133,-63.992424,41.9,13.82,76.9,10,1.6,103.2,4.206,-4.2,0,1,44475
2026-04-22T21:34:23,12.475253,-63.990528,34.6,13.54,87.9,10,1.6,103.2,4.207,-4.2,0,1,44476
2026-04-22T21:34:52,12.475540,-63.988640,38.9,14.28,76.9,10,1.6,103.4,4.207,-4.2,0,1,44477
2026-04-22T21:35:21,12.475698,-63.986702,47.3,15.14,76.1,10,1.6,103.0,4.207,-4.2,0,1,44478
2026-04-22T21:35:50,12.475844,-63.984844,43.7,14.70,91.1,10,1.6,103.0,4.207,-4.2,0,1,44479
2026-04-22T21:36:19,12.476007,-63.982964,39.8,14.09,86.7,10,1.6,103.4,4.206,2751.6,0,1,44480
2026-04-22T21:36:48,12.476150,-63.981068,47.3,13.68,83.9,10,1.6,103.2,4.206,-4.2,0,1,44481
2026-04-22T21:37:17,12.476303,-63.979187,43.8,13.38,82.7,9,1.9,103.2,4.207,-4.2,0,1,44482
2026-04-22T21:37:46,12.476413,-63.977291,37.9,14.07,82.8,9,1.9,102.9,4.207,-4.4,0,1,44483
2026-04-22T21:38:15,12.476523,-63.975426,43.1,13.47,90.0,10,1.6,103.4,4.207,-4.2,0,1,44484
2026-04-22T21:38:44,12.476684,-63.973503,43.7,14.26,79.7,10,1.6,103.4,4.205,-4.2,0,1,44485
2026-04-22T21:39:13,12.476788,-63.971630,39.7,12.31,84.5,10,1.6,103.0,4.206,-4.2,0,1,44486
2026-04-22T21:39:42,12.476754,-63.969818,32.7,13.32,91.8,10,1.6,103.2,4.207,-4.2,0,1,44487
2026-04-22T21:40:11,12.476914,-63.967899,32.7,14.18,89.9,9,1.9,102.9,4.207,-4.4,0,1,44488
2026-04-22T21:40:40,12.477108,-63.965992,30.6,14.29,85.9,10,1.5,103.2,4.206,-4.2,0,1,44489
2026-04-22T21:41:09,12.477090,-63.964165,23.4,12.98,84.1,10,1.5,103.0,4.206,-4.2,0,1,44490
2026-04-22T21:41:38,12.477150,-63.962246,22.4,14.07,85.1,10,1.5,103.2,4.206,-4.2,0,1,44491
2026-04-22T21:42:07,12.477294,-63.960373,21.4,13.22,85.5,10,1.5,103.2,4.207,-4.2,0,1,44492
2026-04-22T21:42:36,12.477391,-63.958488,21.0,13.36,81.0,9,2.0,103.5,4.206,-4.4,0,1,44493
2026-04-22T21:43:05,12.477447,-63.956646,13.6,13.05,92.5,10,1.5,103.4,4.207,-4.2,0,1,44494
2026-04-22T21:43:34,12.477527,-63.954754,12.9,13.28,83.6,10,1.5,103.2,4.207,-4.2,0,1,44495
2026-04-22T21:44:03,12.477650,-63.952927,9.0,13.86,87.2,10,1.5,103.2,4.206,-4.2,0,1,44496
2026-04-22T21:44:32,12.477901,-63.951084,8.2,13.30,82.6,9,2.0,103.4,4.207,-4.2,0,1,44497
2026-04-22T21:45:01,12.478205,-63.949211,15.3,14.48,79.8,9,2.0,103.0,4.206,-4.2,0,1,44498
2026-04-22T21:45:30,12.478265,-63.947361,17.2,13.03,85.8,8,2.3,103.0,4.207,-4.2,0,1,44499
2026-04-22T21:45:59,12.478423,-63.945518,18.3,13.11,85.7,8,1.6,103.2,4.207,-4.2,0,1,44500
2026-04-22T21:46:28,12.478608,-63.943680,16.9,12.39,83.3,8,2.4,103.4,4.206,-4.2,0,1,44501
2026-04-22T21:46:57,12.478754,-63.941792,18.2,13.54,85.2,9,1.6,103.2,4.206,2747.5,0,1,44502
2026-04-22T21:47:26,12.479166,-63.940006,14.7,13.49,81.6,8,2.4,103.2,4.206,-4.2,0,1,44503
2026-04-22T21:47:55,12.479433,-63.938171,17.6,13.63,79.6,9,2.0,103.0,4.206,-4.2,0,1,44504
2026-04-22T21:48:24,12.479453,-63.936302,20.7,14.09,89.7,10,1.5,103.2,4.206,-4.2,0,1,44505
2026-04-22T21:48:53,12.479533,-63.934406,14.9,14.48,83.8,10,1.5,103.2,4.206,-4.2,0,1,44506
2026-04-22T21:49:22,12.479631,-63.932549,13.4,14.93,86.4,9,2.0,103.0,4.209,-4.2,0,1,44507
2026-04-22T21:49:51,12.479765,-63.930676,14.8,13.54,84.1,9,2.0,103.2,4.207,-4.2,0,1,44508
2026-04-22T21:50:20,12.479878,-63.928814,13.0,13.39,84.5,10,1.5,103.2,4.209,-4.2,0,1,44509
2026-04-22T21:50:49,12.480006,-63.926971,13.0,14.29,84.7,9,2.0,103.2,4.206,-4.2,0,1,44510
2026-04-22T21:51:18,12.480134,-63.925133,8.4,13.70,84.1,9,2.0,103.0,4.207,-4.2,0,1,44511
2026-04-22T21:51:47,12.480317,-63.923256,11.1,13.62,78.2,9,2.0,103.2,4.207,-4.2,0,1,44512
2026-04-22T21:52:16,12.480410,-63.921391,7.6,14.79,82.4,10,1.4,103.0,4.206,-4.2,0,1,44513
2026-04-22T21:52:45,12.480571,-63.919521,11.5,13.47,86.8,10,1.4,103.0,4.206,-4.2,0,1,44514
2026-04-22T21:53:14,12.480705,-63.917671,9.7,13.49,83.6,9,2.0,103.2,4.206,-4.2,0,1,44515
2026-04-22T21:53:43,12.480899,-63.915833,8.8,13.90,90.5,9,2.0,103.5,4.207,-4.4,0,1,44516
2026-04-22T21:54:12,12.481007,-63.913921,10.8,12.99,81.7,10,1.4,103.2,4.207,-4.2,0,1,44517
2026-04-22T21:54:41,12.481128,-63.912064,7.5,13.09,81.1,9,2.1,103.2,4.206,-4.2,0,1,44518
2026-04-22T21:55:10,12.481380,-63.910191,9.6,13.48,80.2,10,1.4,103.5,4.205,-4.4,0,1,44519
2026-04-22T21:55:39,12.481416,-63.908340,6.0,13.39,81.7,11,1.3,103.4,4.206,2751.6,0,1,44520
2026-04-22T21:56:08,12.481579,-63.906548,8.8,12.53,79.3,10,1.8,103.0,4.207,-4.2,0,1,44521
2026-04-22T21:56:37,12.481768,-63.904697,11.2,13.03,89.4,11,1.3,103.0,4.207,-4.2,0,1,44522
2026-04-22T21:57:06,12.481965,-63.902866,13.2,13.66,80.2,10,1.8,103.2,4.206,-4.2,0,1,44523
2026-04-22T21:57:35,12.482148,-63.901051,14.2,13.44,86.7,10,1.8,103.0,4.206,-4.2,0,1,44524
2026-04-22T21:58:04,12.482182,-63.899212,13.3,13.26,92.4,10,1.8,103.0,4.207,-4.2,0,1,44525
2026-04-22T21:58:33,12.482422,-63.897369,15.0,13.38,84.9,11,1.7,103.2,4.207,-4.2,0,1,44526
2026-04-22T21:59:02,12.482587,-63.895592,10.7,13.24,77.8,12,1.2,103.4,4.207,-4.2,0,1,44527
2026-04-22T21:59:31,12.482650,-63.893726,8.6,14.06,86.9,12,1.2,103.0,4.206,2743.3,0,1,44528
2026-04-22T22:00:00,12.482940,-63.891937,15.5,12.26,75.8,11,1.7,103.2,4.209,-4.2,0,1,44529
2026-04-22T22:00:29,12.483056,-63.890137,13.0,12.27,82.9,11,1.7,103.0,4.207,-4.2,0,1,44530
2026-04-22T22:00:58,12.483174,-63.888302,13.2,12.76,87.9,11,1.7,103.2,4.207,-4.2,0,1,44531
2026-04-22T22:01:27,12.483330,-63.886471,17.6,13.58,78.3,11,1.7,102.9,4.206,-4.4,0,1,44532
2026-04-22T22:01:56,12.483505,-63.884651,16.8,13.64,76.1,11,1.7,103.0,4.206,-4.2,0,1,44533
2026-04-22T22:02:25,12.483594,-63.882847,14.8,13.54,90.7,11,1.7,103.0,4.206,-4.2,0,1,44534
2026-04-22T22:02:54,12.483777,-63.881016,21.5,13.91,83.5,11,1.7,103.0,4.206,-4.2,0,1,44535
2026-04-22T22:03:23,12.483911,-63.879208,22.8,13.54,76.0,12,1.2,103.0,4.209,-4.2,0,1,44536
2026-04-22T22:03:52,12.484040,-63.877361,20.3,13.25,90.4,11,1.2,102.9,4.206,-4.4,0,1,44537
2026-04-22T22:04:21,12.484161,-63.875515,17.9,14.10,81.8,11,1.2,103.2,4.207,-4.2,0,1,44538
2026-04-22T22:04:50,12.484327,-63.873722,16.7,12.89,88.2,11,1.7,103.4,4.206,-4.2,0,1,44539
2026-04-22T22:05:19,12.484478,-63.871891,17.6,13.46,88.5,11,1.7,103.0,4.207,-4.2,0,1,44540
2026-04-22T22:05:48,12.484653,-63.870056,16.4,13.56,82.7,12,1.2,103.2,4.206,-4.2,0,1,44541
2026-04-22T22:06:17,12.484814,-63.868229,14.8,14.31,86.5,11,1.7,103.0,4.207,-4.2,0,1,44542
2026-04-22T22:06:46,12.484972,-63.866402,14.9,13.54,89.0,11,1.7,103.4,4.206,-4.2,0,1,44543
2026-04-22T22:07:15,12.485152,-63.864609,14.7,12.86,78.6,11,1.7,103.0,4.206,-4.2,0,1,44544
2026-04-22T22:07:44,12.485273,-63.862770,12.6,13.42,82.9,10,1.7,103.4,4.209,-4.2,0,1,44545
2026-04-22T22:08:13,12.485386,-63.860920,12.3,14.75,87.2,11,1.7,103.0,4.206,-4.2,0,1,44546
2026-04-22T22:08:42,12.485471,-63.859097,12.7,12.96,82.5,10,1.7,103.4,4.207,-4.2,0,1,44547
2026-04-22T22:09:11,12.485652,-63.857273,13.5,13.14,84.2,10,1.7,102.9,4.205,-4.4,0,1,44548
2026-04-22T22:09:40,12.485723,-63.855412,10.9,14.44,81.2,11,1.7,103.0,4.206,-4.2,0,1,44549
2026-04-22T22:10:09,12.485895,-63.853569,10.6,12.42,77.1,10,1.7,103.0,4.209,-4.2,0,1,44550
2026-04-22T22:10:38,12.486051,-63.851749,17.6,13.50,85.2,11,1.6,103.2,4.206,-4.2,0,1,44551
2026-04-22T22:11:07,12.486186,-63.849880,19.1,12.74,82.8,12,1.6,103.4,4.207,-4.2,0,1,44552
2026-04-22T22:11:36,12.486287,-63.848053,16.1,12.15,89.4,12,1.6,102.9,4.207,-4.4,0,1,44553
2026-04-22T22:12:05,12.486455,-63.846241,18.0,12.74,86.2,12,1.6,103.0,4.206,-4.2,0,1,44554
2026-04-22T22:12:34,12.486632,-63.844429,23.6,12.78,80.6,10,1.8,103.2,4.206,-4.2,0,1,44555
2026-04-22T22:13:03,12.486732,-63.842571,23.3,12.60,88.6,11,1.7,103.0,4.206,-4.2,0,1,44556
2026-04-22T22:13:32,12.486959,-63.840698,33.2,13.60,89.5,11,1.7,103.4,4.207,-4.2,0,1,44557
2026-04-22T22:14:01,12.487117,-63.838818,37.1,13.80,87.7,11,1.7,103.2,4.206,-4.2,0,1,44558
2026-04-22T22:14:30,12.487266,-63.836998,35.2,13.30,87.8,11,1.7,103.4,4.206,-4.2,0,1,44559
2026-04-22T22:14:59,12.487344,-63.835148,37.5,14.16,89.0,11,1.7,103.0,4.205,-4.2,0,1,44560
2026-04-22T22:15:28,12.487440,-63.833298,33.3,12.85,91.1,11,1.7,103.4,4.206,-4.2,0,1,44561
2026-04-22T22:15:57,12.487549,-63.831474,32.1,13.51,92.0,12,1.6,103.2,4.206,-4.2,0,1,44562
2026-04-22T22:16:26,12.487692,-63.829670,24.2,13.12,83.9,12,1.6,103.4,4.206,-4.2,0,1,44563
2026-04-22T22:16:55,12.487782,-63.827854,15.7,13.42,89.5,12,1.6,103.2,4.207,-4.2,0,1,44564
2026-04-22T22:17:24,12.487922,-63.826035,11.3,12.96,88.0,12,1.6,103.2,4.206,-4.2,0,1,44565
2026-04-22T22:17:53,12.488040,-63.824200,6.7,13.66,86.6,12,1.6,103.0,4.206,-4.2,0,1,44566
2026-04-22T22:18:22,12.488271,-63.822342,12.8,13.15,87.2,12,1.6,103.0,4.207,-4.2,0,1,44567
2026-04-22T22:18:51,12.488425,-63.820507,13.6,13.84,79.0,12,1.6,103.4,4.207,-4.2,0,1,44568
2026-04-22T22:19:20,12.488640,-63.818638,17.2,14.21,78.9,12,1.6,103.2,4.205,-4.2,0,1,44569
2026-04-22T22:19:49,12.488769,-63.816795,15.2,13.56,82.0,12,1.6,103.2,4.207,-4.2,0,1,44570
2026-04-22T22:20:18,12.488824,-63.814949,5.8,13.69,82.1,11,1.8,103.0,4.207,-4.2,0,1,44571
2026-04-22T22:20:47,12.488906,-63.813095,5.6,11.58,85.8,12,1.6,103.0,4.206,-4.2,0,1,44572
2026-04-22T22:21:16,12.489036,-63.811237,3.9,13.78,82.7,12,1.6,103.2,4.206,-4.2,0,1,44573
2026-04-22T22:21:45,12.489217,-63.809368,7.9,14.37,88.7,12,1.6,103.0,4.206,-4.2,0,1,44574
2026-04-22T22:22:14,12.489337,-63.807487,5.0,13.60,80.5,12,1.6,103.2,4.206,-4.2,0,1,44575
2026-04-22T22:22:43,12.489566,-63.805634,7.4,13.84,80.7,12,1.6,103.2,4.206,-4.2,0,1,44576
2026-04-22T22:23:12,12.489763,-63.803776,11.8,13.89,85.7,12,1.6,103.2,4.207,-4.2,0,1,44577
2026-04-22T22:23:41,12.489814,-63.801849,9.7,14.77,85.2,12,1.5,103.4,4.207,-4.2,0,1,44578
2026-04-22T22:24:10,12.490135,-63.799953,7.2,14.58,81.2,12,1.5,103.4,4.207,-4.2,0,1,44579
2026-04-22T22:24:39,12.490198,-63.798054,13.8,14.45,93.2,12,1.5,103.0,4.206,-4.2,0,1,44580
2026-04-22T22:25:08,12.490384,-63.796230,12.7,12.64,86.9,12,1.5,103.0,4.206,-4.2,0,1,44581
2026-04-22T22:25:37,12.490595,-63.794373,15.4,14.43,83.6,12,1.5,103.2,4.207,-4.2,0,1,44582
2026-04-22T22:26:06,12.490752,-63.792461,17.9,12.92,79.9,12,1.5,103.2,4.206,-4.2,0,1,44583
2026-04-22T22:26:35,12.490967,-63.790611,15.3,13.41,83.5,11,1.6,103.2,4.206,-4.2,0,1,44584
2026-04-22T22:27:04,12.491147,-63.788731,15.5,13.92,75.2,10,1.7,103.0,4.207,-4.2,0,1,44585
2026-04-22T22:27:33,12.491194,-63.786827,11.7,13.33,86.4,11,1.6,103.0,4.206,2743.3,0,1,44586
2026-04-22T22:28:02,12.491340,-63.784992,7.3,13.71,88.4,12,1.5,103.0,4.206,-4.2,0,1,44587
2026-04-22T22:28:31,12.491563,-63.783123,11.7,14.06,90.7,11,1.6,103.0,4.209,-4.2,0,1,44588
2026-04-22T22:29:00,12.491792,-63.781261,18.4,16.10,75.9,11,1.6,103.2,4.207,-4.2,0,1,44589
2026-04-22T22:29:29,12.491969,-63.779404,20.4,13.28,83.8,11,1.6,103.2,4.206,-4.2,0,1,44590
2026-04-22T22:29:58,12.492226,-63.777485,25.3,15.03,84.6,11,1.6,103.2,4.207,-4.2,0,1,44591
2026-04-22T22:30:27,12.492372,-63.775673,19.5,13.19,91.5,12,1.5,103.0,4.206,-4.2,0,1,44592
2026-04-22T22:30:56,12.492358,-63.773785,15.6,13.77,88.8,11,1.5,103.4,4.207,-4.2,0,1,44593
2026-04-22T22:31:25,12.492770,-63.771961,14.2,14.49,83.4,12,1.4,103.0,4.206,2743.3,0,1,44594
2026-04-22T22:31:54,12.492982,-63.770092,23.0,14.13,86.7,12,1.4,103.2,4.207,-4.2,0,1,44595
2026-04-22T22:32:23,12.493191,-63.768257,29.4,13.62,83.9,12,1.4,103.0,4.207,-4.2,0,1,44596
2026-04-22T22:32:52,12.493372,-63.766304,23.8,13.84,84.9,12,1.4,103.2,4.206,-4.2,0,1,44597
2026-04-22T22:33:21,12.493474,-63.764408,19.0,14.58,89.2,12,1.4,103.2,4.207,-4.2,0,1,44598
2026-04-22T22:33:50,12.493648,-63.762482,26.1,14.57,84.7,11,1.5,102.9,4.209,-4.4,0,1,44599
2026-04-22T22:34:19,12.493744,-63.760582,20.6,12.66,83.8,12,1.4,103.0,4.206,-4.2,0,1,44600
2026-04-22T22:34:48,12.493997,-63.758675,14.6,13.74,79.1,12,1.4,103.2,4.207,-4.2,0,1,44601
2026-04-22T22:35:17,12.494190,-63.756775,14.0,14.49,84.7,11,1.5,103.0,4.207,-4.2,0,1,44602
2026-04-22T22:35:46,12.494335,-63.754856,16.6,13.80,78.4,12,1.4,103.2,4.206,-4.2,0,1,44603
2026-04-22T22:36:15,12.494484,-63.752949,18.6,13.32,90.3,11,1.5,103.4,4.206,-4.2,0,1,44604
2026-04-22T22:36:44,12.494601,-63.751041,14.5,14.12,82.5,12,1.4,103.2,4.206,-4.2,0,1,44605
2026-04-22T22:37:13,12.494814,-63.749088,0.4,14.27,78.9,12,1.4,103.0,4.209,-4.2,0,1,44606
2026-04-22T22:37:42,12.494955,-63.747181,-0.6,14.02,82.6,12,1.3,103.0,4.206,-4.2,0,1,44607
2026-04-22T22:38:11,12.495092,-63.745243,-0.3,14.56,86.1,12,1.3,103.0,4.207,-4.2,0,1,44608
2026-04-22T22:38:40,12.495231,-63.743340,-1.4,13.51,91.4,11,1.4,102.9,4.207,-4.4,0,1,44609
2026-04-22T22:39:09,12.495439,-63.741402,-3.3,14.20,79.3,12,1.3,103.2,4.205,-4.2,0,1,44610
2026-04-22T22:39:38,12.495572,-63.739513,-3.8,14.60,84.9,12,1.3,103.0,4.206,-4.2,0,1,44611
2026-04-22T22:40:07,12.495704,-63.737652,-0.9,14.49,87.1,12,1.3,103.2,4.206,-4.2,0,1,44612
2026-04-22T22:40:36,12.495838,-63.735752,0.2,13.85,90.7,12,1.3,103.0,4.209,-4.2,0,1,44613
2026-04-22T22:41:05,12.496107,-63.733856,-7.7,13.90,79.0,12,1.3,103.2,4.209,-4.2,0,1,44614
2026-04-22T22:41:34,12.496209,-63.731892,-1.4,13.94,85.9,12,1.3,103.2,4.209,-4.2,0,1,44615
2026-04-22T22:42:03,12.496101,-63.730030,9.8,15.26,87.7,11,1.3,103.2,4.207,-4.2,0,1,44616
2026-04-22T22:42:32,12.496129,-63.728115,10.5,13.88,83.5,11,1.4,103.5,4.206,-4.4,0,1,44617
2026-04-22T22:43:01,12.496165,-63.726208,0.6,13.86,91.4,11,1.3,103.0,4.207,-4.2,0,1,44618
2026-04-22T22:43:30,12.496087,-63.724312,5.2,14.35,87.0,10,2.4,103.0,4.206,-4.2,0,1,44619
2026-04-22T22:43:59,12.496085,-63.722393,7.8,13.69,86.9,12,1.3,103.0,4.207,-4.2,0,1,44620
2026-04-22T22:44:28,12.496203,-63.720512,9.4,14.87,87.3,12,1.2,103.4,4.207,-4.2,0,1,44621
2026-04-22T22:44:57,12.496235,-63.718624,1.3,13.58,87.1,12,1.2,102.9,4.206,-4.4,0,1,44622
2026-04-22T22:45:26,12.496234,-63.716686,-14.3,14.39,83.4,9,1.3,103.0,4.206,-4.2,0,1,44623
2026-04-22T22:45:55,12.496090,-63.714817,-19.0,13.66,95.8,8,2.4,103.2,4.205,-4.2,0,1,44624
2026-04-22T22:46:24,12.496287,-63.712910,-19.5,14.04,81.6,8,2.4,103.0,4.206,-4.2,0,1,44625
2026-04-22T22:46:53,12.496249,-63.711090,-8.4,13.42,82.0,9,1.3,103.0,4.206,-4.2,0,1,44626
2026-04-22T22:47:22,12.496346,-63.709221,-12.1,12.75,79.4,9,1.3,103.2,4.207,-4.2,0,1,44627
2026-04-22T22:47:51,12.496593,-63.707302,-11.9,14.29,79.1,9,1.3,103.2,4.207,-4.2,0,1,44628
2026-04-22T22:48:20,12.496681,-63.705433,-10.4,13.73,83.7,8,1.4,103.2,4.209,-4.2,0,1,44629
2026-04-22T22:48:49,12.496789,-63.703552,-5.1,13.04,86.5,9,1.3,103.0,4.207,-4.2,0,1,44630
2026-04-22T22:49:18,12.496912,-63.701645,-3.1,14.49,80.2,9,1.3,103.0,4.206,-4.2,0,1,44631
2026-04-22T22:49:47,12.497152,-63.699745,-6.0,13.69,77.1,9,1.3,103.2,4.206,-4.2,0,1,44632
2026-04-22T22:50:16,12.497177,-63.697849,-1.5,13.69,92.3,9,2.0,103.2,4.207,-4.2,0,1,44633
2026-04-22T22:50:45,12.497340,-63.695950,0.9,13.57,82.3,9,2.0,103.2,4.206,-4.2,0,1,44634
2026-04-22T22:51:14,12.497472,-63.694061,3.8,13.64,89.9,10,1.2,103.2,4.206,-4.2,0,1,44635
2026-04-22T22:51:43,12.497670,-63.692165,10.2,13.27,81.4,10,1.2,103.2,4.206,-4.2,0,1,44636
2026-04-22T22:52:12,12.497797,-63.690197,22.4,14.26,84.7,10,1.1,103.0,4.207,-4.2,0,1,44637
2026-04-22T22:52:41,12.497835,-63.688358,15.1,14.44,85.1,9,2.0,103.0,4.206,-4.2,0,1,44638
2026-04-22T22:53:10,12.497967,-63.686481,18.7,13.83,84.9,10,1.1,103.0,4.209,-4.2,0,1,44639
2026-04-22T22:53:39,12.498116,-63.684597,18.4,13.44,88.5,10,1.1,103.2,4.206,-4.2,0,1,44640
2026-04-22T22:54:08,12.498184,-63.682713,17.7,14.06,87.2,10,1.1,103.0,4.206,-4.2,0,1,44641
2026-04-22T22:54:37,12.498252,-63.680832,13.1,13.83,84.5,10,1.1,103.2,4.207,-4.2,0,1,44642
2026-04-22T22:55:06,12.498399,-63.678917,17.5,14.38,83.9,10,1.1,102.7,4.207,-4.2,0,1,44643
2026-04-22T22:55:35,12.498638,-63.676960,15.0,14.68,82.6,9,1.3,103.0,4.207,-4.2,0,1,44644
2026-04-22T22:56:04,12.498637,-63.675129,21.3,14.15,81.9,10,1.1,103.0,4.206,-4.2,0,1,44645
2026-04-22T22:56:33,12.498826,-63.673237,18.0,14.38,80.4,10,1.1,103.0,4.207,-4.2,0,1,44646
2026-04-22T22:57:02,12.499005,-63.671352,20.8,13.64,75.2,9,1.3,103.2,4.206,-4.2,0,1,44647
2026-04-22T22:57:31,12.499107,-63.669434,18.9,13.13,85.4,9,2.1,103.2,4.206,-4.2,0,1,44648
2026-04-22T22:58:00,12.499089,-63.667572,22.5,14.09,90.8,10,1.1,103.0,4.207,-4.2,0,1,44649
2026-04-22T22:58:29,12.499170,-63.665703,28.4,13.77,94.1,9,2.1,103.2,4.206,-4.2,0,1,44650
2026-04-22T22:58:58,12.499190,-63.663822,32.2,12.70,84.6,10,1.1,103.0,4.206,-4.2,0,1,44651
2026-04-22T22:59:27,12.499775,-63.661839,27.9,14.70,85.6,11,1.0,102.9,4.207,2738.9,0,1,44652
2026-04-22T22:59:56,12.500022,-63.659950,21.3,12.92,88.9,11,1.0,103.0,4.206,-4.2,0,1,44653
2026-04-22T23:00:25,12.500221,-63.658054,27.0,13.67,81.6,11,1.0,103.0,4.207,-4.2,0,1,44654
2026-04-22T23:00:54,12.500442,-63.656155,29.8,14.19,85.3,10,1.3,103.2,4.207,-4.2,0,1,44655
2026-04-22T23:01:23,12.500642,-63.654232,21.8,13.98,81.0,10,1.3,103.4,4.207,-4.2,0,1,44656
2026-04-22T23:01:52,12.500753,-63.652313,22.2,13.94,86.9,10,1.3,103.2,4.206,2747.5,0,1,44657
2026-04-22T23:02:21,12.500926,-63.650433,17.0,13.51,87.6,10,1.1,102.9,4.206,-4.4,0,1,44658
2026-04-22T23:02:50,12.501088,-63.648506,11.5,13.37,90.1,11,1.0,103.2,4.206,-4.2,0,1,44659
2026-04-22T23:03:19,12.501192,-63.646561,3.2,14.45,88.6,11,1.0,103.2,4.207,-4.2,0,1,44660
2026-04-22T23:03:48,12.501398,-63.644680,-1.8,14.22,82.8,11,1.0,102.9,4.206,-4.4,0,1,44661
2026-04-22T23:04:17,12.501598,-63.642754,-7.0,13.48,81.3,11,1.0,103.0,4.206,-4.2,0,1,44662
2026-04-22T23:04:46,12.501760,-63.640820,-14.8,13.89,85.1,11,1.0,103.0,4.207,-4.2,0,1,44663
2026-04-22T23:05:15,12.501955,-63.638958,-15.6,14.57,80.9,11,1.0,103.2,4.206,-4.2,0,1,44664
2026-04-22T23:05:44,12.502103,-63.637043,-17.7,13.46,82.7,10,1.4,103.2,4.206,-4.2,0,1,44665
2026-04-22T23:06:13,12.502377,-63.635212,-27.7,13.01,83.8,11,1.0,103.2,4.206,-4.2,0,1,44666
2026-04-22T23:06:42,12.502515,-63.633305,-20.6,13.22,85.0,9,1.4,103.2,4.206,-4.2,0,1,44667
2026-04-22T23:07:11,12.502655,-63.631348,-17.3,13.65,81.5,10,1.4,103.2,4.207,-4.2,0,1,44668
2026-04-22T23:07:40,12.502871,-63.629459,-23.9,13.69,81.9,11,1.0,102.9,4.207,-4.4,0,1,44669
2026-04-22T23:08:09,12.502978,-63.627522,7.2,13.68,83.5,9,2.1,103.0,4.205,-4.2,0,1,44670
2026-04-22T23:08:38,12.503128,-63.625656,24.5,13.44,83.5,11,1.0,103.2,4.206,-4.2,0,1,44671
2026-04-22T23:09:07,12.503257,-63.623833,16.3,13.73,77.8,10,1.4,103.0,4.206,-4.2,0,1,44672
2026-04-22T23:09:36,12.503385,-63.621998,16.3,14.58,85.0,10,1.4,103.0,4.207,-4.2,0,1,44673
2026-04-22T23:10:05,12.503632,-63.620121,14.5,12.75,87.8,10,1.4,103.0,4.206,-4.2,0,1,44674
2026-04-22T23:10:34,12.503796,-63.618279,3.9,13.33,76.7,9,1.4,103.4,4.207,-4.2,0,1,44675
2026-04-22T23:11:03,12.504048,-63.616364,7.7,13.42,84.0,9,1.4,103.5,4.207,-4.4,0,1,44676
2026-04-22T23:11:32,12.504147,-63.614536,15.0,13.32,89.1,10,1.4,103.0,4.206,-4.2,0,1,44677
2026-04-22T23:12:01,12.504285,-63.612659,18.0,13.44,86.2,10,1.4,103.0,4.207,-4.2,0,1,44678
2026-04-22T23:12:30,12.504536,-63.610802,16.2,13.07,77.7,9,1.4,103.2,4.207,-4.2,0,1,44679
2026-04-22T23:12:59,12.504683,-63.608959,18.6,12.70,82.5,10,1.4,103.0,4.205,-4.2,0,1,44680
2026-04-22T23:13:28,12.504817,-63.607079,12.2,13.09,83.6,10,1.4,103.2,4.207,-4.2,0,1,44681
2026-04-22T23:13:57,12.505116,-63.605255,2.5,14.12,80.6,10,1.4,103.0,4.205,-4.2,0,1,44682
2026-04-22T23:14:26,12.505281,-63.603386,9.9,13.29,85.4,11,1.4,103.2,4.207,-4.2,0,1,44683
2026-04-22T23:14:55,12.505479,-63.601524,1.3,14.19,84.5,11,1.1,103.0,4.206,-4.2,0,1,44684
2026-04-22T23:15:24,12.505598,-63.599674,-1.4,13.19,81.9,11,1.4,103.0,4.206,-4.2,0,1,44685
2026-04-22T23:15:53,12.505888,-63.597900,5.1,13.44,89.0,11,1.4,103.4,4.209,-4.2,0,1,44686
2026-04-22T23:16:22,12.505968,-63.596046,7.3,13.51,80.2,11,1.4,103.0,4.207,-4.2,0,1,44687
2026-04-22T23:16:51,12.506104,-63.594177,6.8,13.65,87.9,11,1.4,103.2,4.206,-4.2,0,1,44688
2026-04-22T23:17:20,12.506253,-63.592319,9.2,13.31,82.0,11,1.4,103.2,4.206,-4.2,0,1,44689
2026-04-22T23:17:49,12.506418,-63.590477,8.0,13.71,87.2,11,1.4,103.2,4.206,-4.2,0,1,44690
2026-04-22T23:18:18,12.506606,-63.588608,4.3,13.96,83.6,11,1.4,103.4,4.206,-4.2,0,1,44691
2026-04-22T23:18:47,12.506719,-63.586758,4.2,13.50,85.4,11,1.4,103.2,4.206,-4.2,0,1,44692
2026-04-22T23:19:16,12.506929,-63.584908,7.5,13.23,88.3,11,1.4,103.2,4.206,-4.2,0,1,44693
2026-04-22T23:19:45,12.507102,-63.583046,9.5,14.58,83.0,11,1.4,102.9,4.207,-4.4,0,1,44694
2026-04-22T23:20:14,12.507263,-63.581146,11.4,14.46,80.0,11,1.4,102.9,4.207,-4.4,0,1,44695
2026-04-22T23:20:43,12.507452,-63.579277,7.2,13.09,86.8,11,1.4,103.0,4.206,-4.2,0,1,44696
2026-04-22T23:21:12,12.507557,-63.577427,15.1,13.74,80.9,9,1.7,103.0,4.207,-4.2,0,1,44697
2026-04-22T23:21:41,12.507745,-63.575584,12.0,13.63,78.8,11,1.4,103.0,4.206,-4.2,0,1,44698
2026-04-22T23:22:10,12.507920,-63.573753,1.5,13.72,84.3,11,1.4,103.2,4.206,-4.2,0,1,44699
2026-04-22T23:22:39,12.508150,-63.571922,-12.3,13.50,84.0,11,1.4,103.0,4.207,-4.2,0,1,44700
2026-04-22T23:23:08,12.508146,-63.570042,-17.9,12.31,86.1,11,1.4,103.0,4.207,-4.2,0,1,44701
2026-04-22T23:23:37,12.508265,-63.568180,-23.3,13.64,81.6,10,1.7,103.0,4.206,-4.2,0,1,44702
2026-04-22T23:24:06,12.508393,-63.566319,-16.4,13.06,84.0,11,1.4,103.0,4.205,-4.2,0,1,44703
2026-04-22T23:24:35,12.508545,-63.564415,-2.1,13.32,86.3,11,1.4,103.4,4.207,-4.2,0,1,44704
2026-04-22T23:25:04,12.508720,-63.562580,1.8,13.02,82.9,11,1.4,103.0,4.206,-4.2,0,1,44705
2026-04-22T23:25:33,12.508875,-63.560730,0.3,14.10,80.8,11,1.4,103.2,4.206,-4.2,0,1,44706
2026-04-22T23:26:02,12.509077,-63.558899,-0.8,12.23,83.4,11,1.4,103.2,4.209,-4.2,0,1,44707
2026-04-22T23:26:31,12.509227,-63.557068,1.7,13.28,89.0,10,1.7,103.2,4.206,-4.2,0,1,44708
2026-04-22T23:27:00,12.509338,-63.555149,2.3,13.22,89.3,10,1.7,103.4,4.206,-4.2,0,1,44709
2026-04-22T23:27:29,12.509579,-63.553329,2.7,13.44,78.1,11,1.4,103.2,4.206,-4.2,0,1,44710
2026-04-22T23:27:58,12.509767,-63.551502,5.4,12.23,86.5,11,1.4,103.0,4.206,2743.3,0,1,44711
2026-04-22T23:28:27,12.509893,-63.549618,1.6,13.41,79.2,11,1.4,103.4,4.207,-4.2,0,1,44712
2026-04-22T23:28:56,12.510132,-63.547821,4.3,13.45,90.2,11,1.4,103.0,4.206,-4.2,0,1,44713
2026-04-22T23:29:25,12.510312,-63.545963,6.6,13.52,82.8,11,1.4,103.2,4.207,-4.2,0,1,44714
2026-04-22T23:29:54,12.510428,-63.544098,11.6,14.02,87.1,10,1.8,103.2,4.206,-4.2,0,1,44715
2026-04-22T23:30:23,12.510638,-63.542267,4.9,13.75,86.4,10,1.8,103.4,4.209,-4.2,0,1,44716
2026-04-22T23:30:52,12.510828,-63.540379,15.3,14.02,79.2,11,1.4,103.0,4.209,2743.3,0,1,44717
2026-04-22T23:31:21,12.511032,-63.538540,8.6,13.34,88.9,11,1.4,103.0,4.206,-4.2,0,1,44718
2026-04-22T23:31:50,12.511178,-63.536629,12.8,14.30,78.7,11,1.4,103.2,4.207,-4.2,0,1,44719
2026-04-22T23:32:19,12.511333,-63.534828,7.9,13.41,83.0,10,1.8,103.2,4.207,-4.2,0,1,44720
2026-04-22T23:32:48,12.511436,-63.532936,8.2,14.11,83.6,10,1.8,103.4,4.205,-4.2,0,1,44721
2026-04-22T23:33:17,12.511875,-63.531128,18.4,13.46,83.7,10,1.8,103.0,4.206,-4.2,0,1,44722
2026-04-22T23:33:46,12.511908,-63.529202,19.0,13.98,83.6,10,1.8,103.4,4.205,-4.2,0,1,44723
2026-04-22T23:34:15,12.512042,-63.527317,20.3,13.62,84.6,10,1.8,103.0,4.207,-4.2,0,1,44724
2026-04-22T23:34:44,12.512245,-63.525490,18.6,13.74,84.9,10,1.8,103.2,4.207,-4.2,0,1,44725
2026-04-22T23:35:13,12.512457,-63.523602,28.0,14.89,82.3,10,1.8,103.2,4.206,-4.2,0,1,44726
2026-04-22T23:35:42,12.512642,-63.521793,38.2,13.28,85.4,10,1.8,103.0,4.207,-4.2,0,1,44727
2026-04-22T23:36:11,12.512828,-63.519897,37.2,14.44,79.9,10,1.8,103.2,4.207,-4.2,0,1,44728
2026-04-22T23:36:40,12.512995,-63.518036,33.3,14.57,81.3,11,1.7,103.0,4.206,-4.2,0,1,44729
2026-04-22T23:37:09,12.513230,-63.516159,37.0,13.78,77.5,11,1.7,103.0,4.207,-4.2,0,1,44730
2026-04-22T23:37:38,12.513425,-63.514317,34.0,14.15,78.1,11,1.7,103.0,4.207,-4.2,0,1,44731
2026-04-22T23:38:07,12.513471,-63.512409,34.9,12.59,86.2,11,1.7,103.0,4.207,-4.2,0,1,44732
2026-04-22T23:38:36,12.513660,-63.510548,35.1,13.68,89.9,10,1.7,103.2,4.207,-4.2,0,1,44733
2026-04-22T23:39:05,12.513880,-63.508671,34.0,13.86,86.7,11,1.7,102.9,4.206,-4.4,0,1,44734
2026-04-22T23:39:34,12.514075,-63.506802,33.8,14.21,83.5,11,1.7,103.4,4.207,-4.2,0,1,44735
2026-04-22T23:40:03,12.514243,-63.504936,27.3,13.88,82.1,10,1.7,103.0,4.205,-4.2,0,1,44736
2026-04-22T23:40:32,12.514395,-63.503052,28.3,14.35,86.2,11,1.7,103.4,4.207,-4.2,0,1,44737
2026-04-22T23:41:01,12.514613,-63.501198,29.3,14.12,86.4,10,1.7,103.2,4.207,-4.2,0,1,44738
2026-04-22T23:41:30,12.514780,-63.499336,14.4,13.66,81.0,11,1.7,103.2,4.209,-4.2,0,1,44739
2026-04-22T23:41:59,12.514820,-63.497459,9.8,13.97,83.5,11,1.7,103.2,4.206,-4.2,0,1,44740
2026-04-22T23:42:28,12.515125,-63.495583,3.2,13.65,84.3,11,1.7,103.4,4.206,-4.2,0,1,44741
2026-04-22T23:42:57,12.515360,-63.493729,-4.7,12.88,89.8,11,1.7,103.2,4.205,-4.2,0,1,44742
2026-04-22T23:43:26,12.515558,-63.491867,-11.5,13.31,90.3,10,1.7,103.0,4.206,-4.2,0,1,44743
2026-04-22T23:43:55,12.515685,-63.489990,-8.1,13.35,84.4,11,1.7,103.0,4.207,-4.2,0,1,44744
2026-04-22T23:44:24,12.515952,-63.488213,-8.0,13.38,82.9,11,1.7,102.9,4.206,-4.4,0,1,44745
2026-04-22T23:44:53,12.516175,-63.486309,-3.1,12.76,81.3,11,1.7,103.0,4.207,-4.2,0,1,44746
2026-04-22T23:45:22,12.516280,-63.484440,-0.9,14.32,82.8,11,1.7,103.2,4.206,-4.2,0,1,44747
2026-04-22T23:45:51,12.516517,-63.482605,-8.8,13.25,83.8,11,1.7,103.0,4.207,-4.2,0,1,44748
2026-04-22T23:46:20,12.516599,-63.480747,-18.3,13.77,85.0,11,1.7,103.2,4.206,-4.2,0,1,44749
2026-04-22T23:46:49,12.516771,-63.478886,-9.4,14.31,79.6,11,1.7,103.2,4.206,-4.2,0,1,44750
2026-04-22T23:47:18,12.516874,-63.477005,0.7,13.80,82.1,11,1.8,103.0,4.207,-4.2,0,1,44751
2026-04-22T23:47:47,12.517097,-63.475136,0.0,13.82,81.7,11,1.7,103.2,4.209,-4.2,0,1,44752
2026-04-22T23:48:16,12.517302,-63.473274,7.9,13.71,81.8,11,1.7,103.2,4.206,-4.2,0,1,44753
2026-04-22T23:48:45,12.517449,-63.471416,9.1,13.59,81.9,11,1.7,103.0,4.207,-4.2,0,1,44754
2026-04-22T23:49:14,12.517578,-63.469505,-2.1,14.45,79.1,11,1.7,103.2,4.206,-4.2,0,1,44755
2026-04-22T23:49:43,12.517592,-63.467659,-14.2,13.99,80.3,11,1.7,103.2,4.206,-4.2,0,1,44756
2026-04-22T23:50:12,12.517763,-63.465813,-22.3,14.48,86.4,10,1.7,102.9,4.206,-4.4,0,1,44757
2026-04-22T23:50:41,12.517991,-63.463947,-22.5,14.10,79.9,10,1.7,103.2,4.206,-4.2,0,1,44758
2026-04-22T23:51:10,12.518178,-63.462105,-26.2,13.23,80.0,10,1.7,103.2,4.206,-4.2,0,1,44759
2026-04-22T23:51:39,12.518250,-63.460217,-24.2,14.90,89.1,10,1.7,103.2,4.209,-4.2,0,1,44760
2026-04-22T23:52:08,12.518486,-63.458366,-20.0,13.93,83.0,10,1.7,103.0,4.205,-4.2,0,1,44761
2026-04-22T23:52:37,12.518641,-63.456532,-13.4,14.22,76.3,10,1.7,103.0,4.206,-4.2,0,1,44762
2026-04-22T23:53:06,12.518888,-63.454670,-8.3,13.92,82.6,10,1.7,103.2,4.206,-4.2,0,1,44763
2026-04-22T23:53:35,12.519173,-63.452820,0.6,13.74,84.2,10,1.7,103.0,4.205,-4.2,0,1,44764
2026-04-22T23:54:04,12.519439,-63.450958,2.0,13.32,86.9,10,1.7,103.0,4.207,-4.2,0,1,44765
2026-04-22T23:54:33,12.519580,-63.449112,3.2,13.01,78.1,10,1.7,103.0,4.206,-4.2,0,1,44766
2026-04-22T23:55:02,12.519670,-63.447258,0.0,13.51,86.3,10,1.7,103.0,4.207,-4.2,0,1,44767
2026-04-22T23:55:31,12.519783,-63.445389,2.9,13.23,86.7,10,1.7,103.0,4.207,-4.2,0,1,44768
2026-04-22T23:56:00,12.519856,-63.443573,-0.1,13.19,86.2,10,1.7,103.0,4.207,-4.2,0,1,44769
2026-04-22T23:56:29,12.519975,-63.441761,-3.6,12.98,88.7,9,1.7,102.9,4.207,-4.4,0,1,44770
2026-04-22T23:56:58,12.520200,-63.439899,-3.8,13.18,82.9,9,1.7,103.0,4.206,-4.2,0,1,44771
2026-04-22T23:57:27,12.520510,-63.438030,-1.8,14.80,87.9,9,1.7,103.0,4.205,-4.2,0,1,44772
2026-04-22T23:57:56,12.520679,-63.436211,-13.0,12.64,89.3,9,1.7,103.2,4.206,-4.2,0,1,44773
2026-04-22T23:58:25,12.520998,-63.434319,-4.1,13.82,76.0,9,1.7,103.0,4.207,-4.2,0,1,44774
2026-04-22T23:58:54,12.521241,-63.432472,4.8,13.73,78.2,9,1.6,103.2,4.206,-4.2,0,1,44775
2026-04-22T23:59:23,12.521258,-63.430546,12.1,13.24,82.7,9,1.6,103.2,4.207,-4.2,0,1,44776
2026-04-22T23:59:52,12.521579,-63.428677,18.3,13.58,82.8,8,3.0,103.0,4.207,-4.2,0,1,44777
