datetime,lat,lon,alt_m,speed_kts,cog,satellites,hdop,battery_pct,battery_v,charge_rate,rtc_bat_low,fix,boot
2026-04-02T07:14:36,-6.566381,-127.817123,24.9,12.70,76.4,8,1.3,104.3,4.196,-7.3,0,1,1
2026-04-02T07:17:37,-6.563005,-127.806709,11.3,13.15,64.1,8,1.3,101.6,4.193,-4.4,0,1,2
2026-04-02T07:18:05,-6.562557,-127.805054,9.9,12.95,71.1,9,1.2,101.3,4.191,-4.2,0,1,3
2026-04-02T07:18:33,-6.562072,-127.803421,0.9,13.35,71.5,9,1.2,101.6,4.193,-4.4,0,1,4
2026-04-02T07:19:01,-6.561585,-127.801765,-5.6,13.30,68.1,9,1.2,101.3,4.191,-4.2,0,1,5
2026-04-02T07:19:29,-6.561162,-127.800117,-12.4,13.16,69.0,9,1.2,101.3,4.194,-4.2,0,1,6
2026-04-02T07:19:57,-6.560595,-127.798454,-8.2,14.77,63.9,8,1.2,101.3,4.189,-4.2,0,1,7
2026-04-02T07:20:25,-6.560167,-127.796776,-6.6,13.60,75.8,8,1.2,101.5,4.189,-4.2,0,1,8
2026-04-02T07:20:53,-6.559639,-127.795120,-3.4,13.73,68.4,8,1.2,101.1,4.190,-4.2,0,1,9
2026-04-02T07:21:21,-6.559107,-127.793449,2.5,13.03,63.7,9,1.2,101.3,4.189,-4.2,0,1,10
2026-04-02T07:21:49,-6.558547,-127.791771,6.8,13.47,63.7,9,1.2,101.0,4.189,-4.4,0,1,11
2026-04-02T07:22:17,-6.557923,-127.790146,9.7,13.89,66.7,9,1.2,101.1,4.187,-4.2,0,1,12
2026-04-02T07:22:45,-6.557437,-127.788521,11.9,14.00,70.6,9,1.2,101.1,4.189,-4.2,0,1,13
2026-04-02T07:23:13,-6.556903,-127.786896,14.9,12.17,65.5,9,1.2,101.0,4.191,-4.4,0,1,14
2026-04-02T07:23:41,-6.556428,-127.785294,22.5,12.75,75.3,9,1.2,101.0,4.187,-4.4,0,1,15
2026-04-02T07:24:09,-6.556010,-127.783600,13.8,13.28,70.9,9,1.2,100.8,4.190,-4.2,0,1,16
2026-04-02T07:24:37,-6.555501,-127.781975,9.7,13.36,68.2,9,1.2,101.0,4.187,-4.4,0,1,17
2026-04-02T07:25:05,-6.555073,-127.780327,11.9,14.39,63.8,9,1.2,100.8,4.187,-4.2,0,1,18
2026-04-02T07:25:33,-6.554643,-127.778648,2.5,13.18,72.6,9,1.2,101.0,4.187,-4.4,0,1,19
2026-04-02T07:26:01,-6.554109,-127.777039,3.4,13.47,61.8,9,1.2,100.7,4.187,2680.1,0,1,20
2026-04-02T07:26:29,-6.553612,-127.775459,6.3,12.55,70.2,9,1.2,100.8,4.185,-4.2,0,1,21
2026-04-02T07:26:57,-6.553230,-127.773788,-8.2,13.23,77.7,9,1.2,100.8,4.189,-4.2,0,1,22
2026-04-02T07:27:26,-6.552680,-127.772163,-1.5,13.22,69.3,9,1.2,100.7,4.186,-4.2,0,1,23
2026-04-02T07:27:53,-6.552222,-127.770561,-4.8,12.35,77.7,9,1.2,100.5,4.186,-4.2,0,1,24
2026-04-02T07:28:22,-6.551757,-127.768906,-8.3,13.84,77.6,9,1.2,100.8,4.187,-4.2,0,1,25
2026-04-02T07:28:50,-6.551287,-127.767258,-6.0,13.04,74.0,9,1.2,100.7,4.186,-4.2,0,1,26
2026-04-02T07:29:18,-6.550825,-127.765610,-6.6,13.95,70.1,9,1.2,100.8,4.185,-4.2,0,1,27
2026-04-02T07:29:46,-6.550307,-127.763992,-1.6,13.04,72.7,8,1.6,100.5,4.185,2675.9,0,1,28
2026-04-02T07:30:14,-6.549780,-127.762329,2.5,13.45,75.8,9,1.1,100.5,4.186,-4.2,0,1,29
2026-04-02T07:30:42,-6.549250,-127.760704,3.5,11.90,70.4,9,1.1,100.7,4.186,-4.2,0,1,30
2026-04-02T07:31:10,-6.548793,-127.759056,0.2,13.00,75.7,8,1.6,100.7,4.184,-4.2,0,1,31
2026-04-02T07:31:38,-6.548270,-127.757385,-1.8,12.93,68.7,9,1.5,100.2,4.184,-4.2,0,1,32
2026-04-02T07:32:06,-6.547799,-127.755760,-4.6,12.67,69.8,9,1.5,100.7,4.182,-4.2,0,1,33
2026-04-02T07:32:34,-6.547342,-127.754097,-6.0,13.85,72.4,9,1.5,100.5,4.182,-4.2,0,1,34
2026-04-02T07:33:02,-6.546818,-127.752464,-6.0,13.87,71.3,9,1.5,100.3,4.184,-4.4,0,1,35
2026-04-02T07:33:30,-6.546288,-127.750832,-6.5,12.80,69.9,8,1.6,100.3,4.184,-4.4,0,1,36
2026-04-02T07:33:58,-6.545706,-127.749222,0.3,14.25,72.8,8,1.6,100.3,4.181,-4.4,0,1,37
2026-04-02T07:34:26,-6.545245,-127.747574,2.8,12.09,70.1,9,1.6,100.5,4.182,-4.2,0,1,38
2026-04-02T07:34:54,-6.544706,-127.745949,5.8,12.12,70.7,9,1.6,100.2,4.181,-4.2,0,1,39
2026-04-02T07:35:22,-6.544193,-127.744324,8.7,13.31,75.0,9,1.6,100.0,4.184,-4.2,0,1,40
2026-04-02T07:35:50,-6.543725,-127.742683,7.9,12.91,75.6,9,1.6,100.2,4.181,-4.2,0,1,41
2026-04-02T07:36:18,-6.543235,-127.741043,15.4,13.29,77.0,10,1.5,100.2,4.181,-4.2,0,1,42
2026-04-02T07:36:46,-6.542728,-127.739418,18.0,13.48,74.6,10,1.5,100.2,4.182,-4.2,0,1,43
2026-04-02T07:37:14,-6.542218,-127.737793,18.3,13.14,78.5,10,1.5,99.9,4.179,-4.2,0,1,44
2026-04-02T07:37:42,-6.541698,-127.736130,16.3,13.31,75.1,11,1.3,100.0,4.179,-4.2,0,1,45
2026-04-02T07:38:10,-6.541252,-127.734505,16.7,12.88,71.7,11,1.3,100.3,4.180,-4.4,0,1,46
2026-04-02T07:38:38,-6.540748,-127.732864,14.5,13.43,70.3,11,1.3,99.7,4.179,-4.4,0,1,47
2026-04-02T07:39:06,-6.540287,-127.731171,11.5,13.49,73.1,11,1.3,100.0,4.180,-4.2,0,1,48
2026-04-02T07:39:34,-6.539772,-127.729561,8.4,13.12,67.8,11,1.3,99.7,4.180,-4.4,0,1,49
2026-04-02T07:40:02,-6.539207,-127.727913,7.1,13.76,69.4,11,1.3,100.2,4.177,-4.2,0,1,50
2026-04-02T07:40:30,-6.538640,-127.726250,11.0,13.89,70.1,11,1.3,99.9,4.179,-4.2,0,1,51
2026-04-02T07:40:58,-6.538105,-127.724617,13.2,12.95,70.3,11,1.3,100.2,4.177,-4.2,0,1,52
2026-04-02T07:41:26,-6.537672,-127.722954,7.2,11.81,74.1,11,1.3,99.9,4.177,-4.2,0,1,53
2026-04-02T07:41:53,-6.537168,-127.721283,5.2,12.62,71.6,11,1.3,99.9,4.179,-4.2,0,1,54
2026-04-02T07:42:21,-6.536615,-127.719604,6.5,13.96,69.6,11,1.3,99.4,4.179,-4.2,0,1,55
2026-04-02T07:42:49,-6.536128,-127.718018,15.4,12.15,77.3,10,1.3,99.7,4.175,-4.4,0,1,56
2026-04-02T07:43:17,-6.535542,-127.716324,12.4,12.74,73.0,10,1.3,99.7,4.179,-4.4,0,1,57
2026-04-02T07:43:45,-6.535128,-127.714622,3.1,12.67,80.1,10,1.3,99.6,4.177,-4.2,0,1,58
2026-04-02T07:44:13,-6.534645,-127.712975,0.6,12.11,73.1,10,1.3,99.6,4.176,-4.2,0,1,59
2026-04-02T07:44:41,-6.534172,-127.711372,5.5,12.40,75.3,10,1.3,99.6,4.177,-4.2,0,1,60
2026-04-02T07:45:10,-6.533630,-127.709763,18.1,12.68,70.5,9,1.3,99.4,4.180,-4.2,0,1,61
2026-04-02T07:45:37,-6.533063,-127.708107,21.9,13.10,71.9,9,1.3,99.4,4.175,-4.2,0,1,62
2026-04-02T07:46:06,-6.532593,-127.706512,23.3,13.57,68.8,9,1.3,99.4,4.176,-4.2,0,1,63
2026-04-02T07:46:33,-6.532178,-127.704819,19.8,12.33,80.1,9,1.3,99.2,4.174,-4.2,0,1,64
2026-04-02T07:47:01,-6.531502,-127.703217,25.7,13.19,75.2,9,1.3,99.4,4.176,-4.2,0,1,65
2026-04-02T07:47:29,-6.530845,-127.701591,32.2,12.84,67.3,9,1.3,99.1,4.175,-4.4,0,1,66
2026-04-02T07:47:57,-6.530469,-127.699928,31.8,12.92,74.6,10,1.0,99.4,4.174,-4.2,0,1,67
2026-04-02T07:48:25,-6.529922,-127.698288,30.6,12.89,74.7,9,1.3,99.2,4.175,-4.2,0,1,68
2026-04-02T07:48:53,-6.529457,-127.696602,31.8,13.12,66.7,9,1.2,99.1,4.174,-4.4,0,1,69
2026-04-02T07:49:21,-6.529003,-127.694977,27.8,12.74,72.4,9,1.2,99.1,4.174,-4.4,0,1,70
2026-04-02T07:49:49,-6.528543,-127.693336,30.3,13.44,73.0,9,1.2,99.1,4.174,-4.4,0,1,71
2026-04-02T07:50:17,-6.528017,-127.691711,27.1,12.34,70.7,10,1.0,99.1,4.175,-4.4,0,1,72
2026-04-02T07:50:45,-6.527540,-127.690086,20.1,12.82,70.9,10,1.0,99.1,4.173,-4.4,0,1,73
2026-04-02T07:51:13,-6.526999,-127.688477,16.4,12.11,70.4,9,1.2,99.2,4.174,-4.2,0,1,74
2026-04-02T07:51:41,-6.526546,-127.686821,10.8,12.11,76.6,9,1.2,99.2,4.173,-4.2,0,1,75
2026-04-02T07:52:09,-6.525990,-127.685135,25.8,13.42,75.5,9,1.2,98.6,4.174,-4.2,0,1,76
2026-04-02T07:52:37,-6.525563,-127.683495,27.7,14.02,78.4,10,1.1,98.9,4.173,-4.2,0,1,77
2026-04-02T07:53:05,-6.524998,-127.681892,25.7,13.31,75.6,9,1.2,98.9,4.170,2633.7,0,1,78
2026-04-02T07:53:33,-6.524580,-127.680229,24.4,12.59,78.8,10,0.9,98.9,4.173,-4.2,0,1,79
2026-04-02T07:54:01,-6.524082,-127.678581,19.5,13.73,72.7,8,1.3,98.9,4.171,-4.2,0,1,80
2026-04-02T07:54:29,-6.523568,-127.676941,13.3,12.39,77.1,9,1.2,98.9,4.171,-4.2,0,1,81
2026-04-02T07:54:57,-6.523053,-127.675301,10.0,13.79,70.5,8,1.3,98.9,4.173,-4.2,0,1,82
2026-04-02T07:55:25,-6.522525,-127.673653,9.2,12.91,73.1,8,1.3,99.1,4.173,-4.4,0,1,83
2026-04-02T07:55:53,-6.522031,-127.671997,16.4,13.70,70.8,9,1.2,98.8,4.171,-4.2,0,1,84
2026-04-02T07:56:21,-6.521540,-127.670334,17.4,12.41,69.8,9,1.2,98.9,4.173,-4.2,0,1,85
2026-04-02T07:56:49,-6.521028,-127.668671,13.8,13.63,78.7,8,1.3,98.9,4.170,-4.2,0,1,86
2026-04-02T07:57:17,-6.520478,-127.667007,13.0,14.18,68.2,8,1.3,98.6,4.169,-4.2,0,1,87
2026-04-02T07:57:45,-6.520036,-127.665359,13.7,13.28,76.0,8,1.5,98.6,4.171,-4.2,0,1,88
2026-04-02T07:58:13,-6.519542,-127.663704,18.4,13.33,77.6,8,1.3,98.9,4.171,-4.2,0,1,89
2026-04-02T07:58:41,-6.519016,-127.662018,25.4,13.88,72.2,7,2.0,98.6,4.170,-4.2,0,1,90
2026-04-02T07:59:09,-6.518537,-127.660355,24.3,12.63,75.0,7,2.0,98.6,4.169,-4.2,0,1,91
2026-04-02T07:59:37,-6.518030,-127.658737,16.8,12.97,73.9,8,1.3,98.6,4.170,-4.2,0,1,92
2026-04-02T08:00:05,-6.517585,-127.657112,5.9,13.34,72.1,8,1.2,98.4,4.169,-4.4,0,1,93
2026-04-02T08:00:33,-6.517107,-127.655464,2.8,12.95,78.0,9,1.1,98.8,4.169,-4.2,0,1,94
2026-04-02T08:01:01,-6.516580,-127.653824,8.0,14.78,71.5,9,1.1,98.4,4.168,-4.4,0,1,95
2026-04-02T08:01:29,-6.516053,-127.652145,20.0,12.63,69.5,8,1.2,98.6,4.168,-4.2,0,1,96
2026-04-02T08:01:57,-6.515553,-127.650505,14.7,13.06,79.1,9,1.1,98.4,4.169,-4.4,0,1,97
2026-04-02T08:02:25,-6.514972,-127.648872,13.4,12.67,72.0,8,1.3,98.8,4.166,-4.2,0,1,98
2026-04-02T08:02:53,-6.514455,-127.647255,6.6,13.68,68.5,10,1.0,98.3,4.168,-4.2,0,1,99
2026-04-02T08:03:21,-6.513948,-127.645622,16.6,13.51,72.7,10,1.0,98.4,4.168,-4.4,0,1,100
2026-04-02T08:03:49,-6.513463,-127.643997,22.8,13.68,67.8,10,1.0,98.3,4.166,-4.2,0,1,101
2026-04-02T08:04:17,-6.513055,-127.642326,11.7,12.74,71.6,10,1.0,98.1,4.165,-4.2,0,1,102
2026-04-02T08:04:45,-6.512547,-127.640701,8.1,13.39,78.6,10,1.0,98.3,4.165,2616.8,0,1,103
2026-04-02T08:05:13,-6.512005,-127.639076,11.1,12.81,71.2,10,1.0,98.1,4.166,-4.2,0,1,104
2026-04-02T08:05:41,-6.511500,-127.637466,2.1,12.75,75.7,9,1.1,98.3,4.165,-4.2,0,1,105
2026-04-02T08:06:09,-6.511037,-127.635788,2.4,13.10,74.0,10,1.0,98.3,4.165,-4.2,0,1,106
2026-04-02T08:06:37,-6.510577,-127.634148,-2.1,13.85,74.3,10,1.0,98.0,4.166,-4.2,0,1,107
2026-04-02T08:07:05,-6.510058,-127.632515,-5.1,13.28,73.9,11,1.0,98.1,4.165,-4.2,0,1,108
2026-04-02T08:07:33,-6.509578,-127.630852,-10.5,12.86,74.9,11,1.0,98.1,4.165,-4.2,0,1,109
2026-04-02T08:08:01,-6.509065,-127.629196,-6.7,13.23,72.9,11,1.0,98.0,4.165,-4.2,0,1,110
2026-04-02T08:08:29,-6.508535,-127.627510,-5.1,13.86,70.2,11,1.0,97.8,4.165,-4.4,0,1,111
2026-04-02T08:08:57,-6.507982,-127.625816,-0.8,13.21,84.0,11,1.0,97.8,4.164,2604.2,0,1,112
2026-04-02T08:09:25,-6.507517,-127.624153,-3.3,12.57,74.8,11,1.0,97.8,4.164,-4.4,0,1,113
2026-04-02T08:09:53,-6.507021,-127.622490,-2.9,13.83,70.3,11,1.0,98.0,4.164,-4.2,0,1,114
2026-04-02T08:10:21,-6.506440,-127.620827,2.0,13.38,70.2,10,1.1,97.7,4.164,-4.2,0,1,115
2026-04-02T08:10:49,-6.505993,-127.619164,0.4,13.32,78.4,10,1.1,97.8,4.164,-4.4,0,1,116
2026-04-02T08:11:17,-6.505505,-127.617462,-6.9,14.10,78.5,10,1.1,98.0,4.164,-4.2,0,1,117
2026-04-02T08:11:45,-6.504941,-127.615799,-10.5,13.58,77.1,11,1.1,97.8,4.164,-4.4,0,1,118
2026-04-02T08:12:13,-6.504435,-127.614120,3.3,13.67,76.9,11,1.1,97.7,4.162,-4.2,0,1,119
2026-04-02T08:12:41,-6.503913,-127.612419,1.7,13.83,76.0,11,1.1,97.7,4.162,-4.2,0,1,120
2026-04-02T08:13:09,-6.503398,-127.610725,-1.0,13.66,73.8,12,0.9,97.8,4.162,-4.4,0,1,121
2026-04-02T08:13:37,-6.502988,-127.609047,-15.4,13.13,76.2,11,1.1,97.8,4.162,-4.4,0,1,122
2026-04-02T08:14:05,-6.502453,-127.607361,-16.4,13.37,75.8,11,1.1,97.5,4.164,-4.2,0,1,123
2026-04-02T08:14:33,-6.501957,-127.605667,-16.4,13.59,68.4,10,1.2,97.5,4.161,-4.2,0,1,124
2026-04-02T08:15:01,-6.501437,-127.604004,-8.0,13.31,74.7,10,1.2,97.3,4.161,-4.2,0,1,125
2026-04-02T08:15:29,-6.500887,-127.602341,-5.8,12.50,75.8,9,1.4,97.7,4.162,-4.2,0,1,126
2026-04-02T08:15:57,-6.500280,-127.600700,0.2,13.78,67.0,10,1.2,97.3,4.162,-4.2,0,1,127
2026-04-02T08:16:25,-6.499838,-127.599014,-2.7,12.56,76.4,11,1.1,97.5,4.160,-4.2,0,1,128
2026-04-02T08:16:53,-6.499413,-127.597298,-15.7,12.70,81.4,10,1.2,97.5,4.161,-4.2,0,1,129
2026-04-02T08:17:21,-6.498941,-127.595573,-22.4,12.92,78.0,11,1.1,97.7,4.160,-4.2,0,1,130
2026-04-02T08:17:49,-6.498363,-127.593918,-2.4,12.98,70.0,11,1.1,97.7,4.162,-4.2,0,1,131
2026-04-02T08:18:17,-6.497843,-127.592201,-10.8,13.35,72.0,9,1.2,97.2,4.160,-4.4,0,1,132
2026-04-02T08:18:45,-6.497403,-127.590500,-9.1,13.50,76.3,11,1.1,97.5,4.160,-4.2,0,1,133
2026-04-02T08:19:13,-6.496866,-127.588791,-7.0,13.77,72.7,11,1.1,97.3,4.161,-4.2,0,1,134
2026-04-02T08:19:41,-6.496388,-127.587097,-5.7,14.59,77.3,11,1.1,97.3,4.157,-4.2,0,1,135
2026-04-02T08:20:09,-6.495866,-127.585434,-8.3,13.27,78.0,11,1.1,97.5,4.160,-4.2,0,1,136
2026-04-02T08:20:37,-6.495318,-127.583702,2.1,14.77,71.0,11,1.1,97.0,4.159,-4.2,0,1,137
2026-04-02T08:21:05,-6.494906,-127.582001,2.2,13.68,77.2,10,1.2,97.3,4.160,-4.2,0,1,138
2026-04-02T08:21:33,-6.494431,-127.580338,0.4,13.04,76.0,10,1.2,97.2,4.159,-4.4,0,1,139
2026-04-02T08:22:01,-6.493985,-127.578636,-1.8,12.77,73.1,10,1.2,97.3,4.160,2591.7,0,1,140
2026-04-02T08:22:29,-6.493455,-127.576935,4.4,13.80,71.5,10,1.2,97.5,4.159,-4.2,0,1,141
2026-04-02T08:22:57,-6.492940,-127.575233,1.0,13.27,69.1,11,1.1,97.2,4.157,-4.4,0,1,142
2026-04-02T08:23:25,-6.492358,-127.573578,4.6,13.14,75.0,10,1.2,97.0,4.155,-4.2,0,1,143
2026-04-02T08:23:53,-6.491835,-127.571907,12.3,13.14,71.1,10,1.2,97.2,4.160,-4.4,0,1,144
2026-04-02T08:24:21,-6.491467,-127.570152,-4.7,14.49,74.5,9,1.2,97.2,4.156,-4.4,0,1,145
2026-04-02T08:24:49,-6.491085,-127.568398,-10.5,13.56,73.4,10,1.6,96.9,4.157,-4.2,0,1,146
2026-04-02T08:25:17,-6.490495,-127.566643,-0.2,13.63,72.3,9,1.2,97.0,4.155,-4.2,0,1,147
2026-04-02T08:25:45,-6.489998,-127.564926,4.3,13.03,77.0,9,1.2,97.2,4.157,-4.4,0,1,148
2026-04-02T08:26:13,-6.489556,-127.563240,-3.0,13.97,74.1,9,1.2,97.2,4.155,-4.4,0,1,149
2026-04-02T08:26:41,-6.489077,-127.561485,-6.5,13.32,74.2,9,1.2,97.0,4.156,-4.2,0,1,150
2026-04-02T08:27:09,-6.488602,-127.559792,-13.6,13.81,73.2,9,1.2,97.0,4.157,-4.2,0,1,151
2026-04-02T08:27:37,-6.488093,-127.558067,-9.4,12.89,70.0,9,1.2,97.2,4.156,-4.4,0,1,152
2026-04-02T08:28:05,-6.487595,-127.556366,-5.5,14.09,77.7,9,1.2,96.6,4.155,-4.4,0,1,153
2026-04-02T08:28:33,-6.487045,-127.554687,0.7,13.36,70.2,9,1.2,96.7,4.156,-4.2,0,1,154
2026-04-02T08:29:01,-6.486661,-127.552971,-8.1,12.85,72.5,9,1.2,96.9,4.155,-4.2,0,1,155
2026-04-02T08:29:29,-6.486170,-127.551285,-9.0,13.86,78.1,9,1.2,96.9,4.155,-4.2,0,1,156
2026-04-02T08:29:57,-6.485765,-127.549515,-13.9,13.30,77.2,9,1.2,96.9,4.154,-4.2,0,1,157
2026-04-02T08:30:25,-6.485273,-127.547798,-10.3,13.14,78.3,8,1.3,96.9,4.156,-4.2,0,1,158
2026-04-02T08:30:53,-6.484823,-127.546112,-22.1,13.44,75.4,8,1.3,96.9,4.153,-4.2,0,1,159
2026-04-02T08:31:21,-6.484346,-127.544449,-33.6,12.71,74.4,8,1.3,96.7,4.155,-4.2,0,1,160
2026-04-02T08:31:49,-6.483942,-127.542694,-28.9,12.79,81.0,7,2.5,96.7,4.154,2574.8,0,1,161
2026-04-02T08:32:17,-6.483365,-127.541046,-22.5,13.50,70.7,8,1.3,96.7,4.155,-4.2,0,1,162
2026-04-02T08:32:45,-6.482882,-127.539406,-24.6,12.91,76.4,8,1.3,96.6,4.155,-4.4,0,1,163
2026-04-02T08:33:13,-6.482391,-127.537750,-22.0,12.62,71.3,8,1.3,96.6,4.153,2570.5,0,1,164
2026-04-02T08:33:41,-6.481910,-127.536049,-23.5,13.03,71.8,8,1.7,96.6,4.155,-4.4,0,1,165
2026-04-02T08:34:09,-6.481385,-127.534462,-27.2,13.48,73.2,8,1.7,96.6,4.151,-4.4,0,1,166
2026-04-02T08:34:37,-6.480902,-127.532852,-37.5,12.88,71.5,8,1.3,96.4,4.153,-4.2,0,1,167
2026-04-02T08:35:05,-6.480446,-127.531120,-36.1,12.37,75.6,8,1.3,96.4,4.151,-4.2,0,1,168
2026-04-02T08:35:33,-6.479922,-127.529472,-27.4,13.47,72.2,8,1.6,96.4,4.151,-4.2,0,1,169
2026-04-02T08:36:01,-6.479446,-127.527824,-30.8,14.41,79.0,7,1.8,96.6,4.154,-4.4,0,1,170
2026-04-02T08:36:29,-6.478985,-127.526146,-34.7,14.14,78.2,8,1.6,96.6,4.153,-4.4,0,1,171
2026-04-02T08:36:57,-6.478541,-127.524429,-33.0,14.65,78.5,8,1.3,96.4,4.153,-4.2,0,1,172
2026-04-02T08:37:25,-6.477958,-127.522781,-25.5,13.12,62.5,8,1.3,96.2,4.150,-4.2,0,1,173
2026-04-02T08:37:53,-6.477428,-127.521072,-23.2,14.20,75.7,8,1.3,96.4,4.153,-4.2,0,1,174
2026-04-02T08:38:21,-6.477006,-127.519348,-30.7,13.70,75.9,7,1.9,95.9,4.153,-4.4,0,1,175
2026-04-02T08:38:49,-6.476605,-127.517632,-34.4,13.20,77.6,7,1.9,96.4,4.153,-4.2,0,1,176
2026-04-02T08:39:17,-6.476105,-127.515945,-35.0,13.51,70.9,7,1.9,96.1,4.150,-4.2,0,1,177
2026-04-02T08:39:45,-6.475653,-127.514198,-34.8,13.73,76.1,7,1.9,96.2,4.151,-4.2,0,1,178
2026-04-02T08:40:13,-6.475150,-127.512527,-39.8,15.01,76.7,7,1.9,96.2,4.149,-4.2,0,1,179
2026-04-02T08:40:41,-6.474628,-127.510773,-39.4,13.67,69.4,7,1.9,96.1,4.150,-4.2,0,1,180
2026-04-02T08:41:09,-6.474126,-127.509018,-28.5,14.39,75.6,7,2.9,96.1,4.149,-4.2,0,1,181
2026-04-02T08:41:37,-6.473625,-127.507355,-28.5,13.04,75.7,7,1.9,96.1,4.150,-4.2,0,1,182
2026-04-02T08:42:05,-6.473115,-127.505638,-24.6,13.90,76.5,7,2.9,96.1,4.151,-4.2,0,1,183
2026-04-02T08:42:33,-6.472683,-127.504013,-30.1,13.44,68.9,8,1.3,96.1,4.149,-4.2,0,1,184
2026-04-02T08:43:01,-6.472149,-127.502335,-35.2,13.15,68.6,6,2.0,95.9,4.150,2553.6,0,1,185
2026-04-02T08:43:29,-6.471700,-127.500656,-43.0,12.75,76.4,7,1.6,95.9,4.149,-4.4,0,1,186
2026-04-02T08:43:57,-6.471272,-127.498955,-48.2,13.34,75.2,6,3.1,96.4,4.149,-4.2,0,1,187
2026-04-02T08:44:25,-6.470905,-127.497269,-52.3,13.36,75.5,6,2.0,96.1,4.149,-4.2,0,1,188
2026-04-02T08:44:53,-6.470486,-127.495567,-52.3,12.44,71.8,7,1.5,95.9,4.150,-4.4,0,1,189
2026-04-02T08:45:21,-6.470018,-127.493874,-45.0,12.63,76.7,6,3.1,95.9,4.146,-4.4,0,1,190
2026-04-02T08:45:49,-6.469553,-127.492195,-48.1,13.21,82.9,6,3.2,96.1,4.146,-4.2,0,1,191
2026-04-02T08:46:17,-6.469059,-127.490494,-45.5,13.04,76.8,6,3.2,95.6,4.149,-4.2,0,1,192
2026-04-02T08:46:45,-6.468558,-127.488808,-42.7,13.44,77.9,6,2.0,95.8,4.148,-4.2,0,1,193
2026-04-02T08:47:13,-6.467933,-127.487152,-30.8,13.12,72.1,7,2.0,95.8,4.149,-4.2,0,1,194
2026-04-02T08:47:41,-6.467446,-127.485542,-34.2,13.71,71.8,7,3.2,95.6,4.148,-4.2,0,1,195
2026-04-02T08:48:09,-6.467142,-127.483841,-48.3,13.67,83.3,7,3.2,95.8,4.149,-4.2,0,1,196
2026-04-02T08:48:37,-6.466503,-127.482147,-37.0,13.89,71.8,7,3.2,95.8,4.148,-4.2,0,1,197
2026-04-02T08:49:05,-6.466037,-127.480446,-38.9,12.14,65.0,7,3.3,95.6,4.148,-4.2,0,1,198
2026-04-02T08:49:33,-6.465603,-127.478691,-37.2,14.29,67.5,7,2.0,95.6,4.146,-4.2,0,1,199
2026-04-02T08:50:01,-6.465190,-127.477005,-46.1,13.37,71.0,7,2.0,95.9,4.146,-4.4,0,1,200
2026-04-02T08:50:29,-6.464703,-127.475319,-45.8,12.40,69.9,7,2.0,95.6,4.145,-4.2,0,1,201
2026-04-02T08:50:57,-6.464165,-127.473640,-42.3,15.30,83.6,7,1.7,95.6,4.145,-4.2,0,1,202
2026-04-02T08:51:25,-6.463642,-127.471962,-33.9,13.49,73.8,7,1.7,95.4,4.148,-4.2,0,1,203
2026-04-02T08:51:53,-6.463163,-127.470261,-33.0,12.23,80.0,7,1.7,95.8,4.145,-4.2,0,1,204
2026-04-02T08:52:21,-6.462688,-127.468559,-35.9,14.07,72.5,7,1.7,95.4,4.146,-4.2,0,1,205
2026-04-02T08:52:49,-6.462203,-127.466881,-33.8,13.56,76.8,7,1.7,95.4,4.145,-4.2,0,1,206
2026-04-02T08:53:17,-6.461753,-127.465179,-35.7,14.26,82.6,7,1.7,95.4,4.146,-4.2,0,1,207
2026-04-02T08:53:45,-6.461217,-127.463486,-39.8,12.08,73.3,7,1.7,95.6,4.145,-4.2,0,1,208
2026-04-02T08:54:13,-6.460683,-127.461853,-22.2,13.68,74.7,7,1.7,95.3,4.145,-4.4,0,1,209
2026-04-02T08:54:41,-6.460122,-127.460182,-33.0,12.93,71.2,7,1.7,95.3,4.145,2536.8,0,1,210
2026-04-02T08:55:09,-6.459742,-127.458443,-38.6,13.42,67.7,7,1.7,95.4,4.144,-4.2,0,1,211
2026-04-02T08:55:37,-6.459229,-127.456688,-42.9,14.44,70.6,7,1.7,95.4,4.142,-4.2,0,1,212
2026-04-02T08:56:05,-6.458738,-127.454964,-43.2,13.45,75.4,7,1.7,95.6,4.142,-4.2,0,1,213
2026-04-02T08:56:33,-6.458241,-127.453247,-48.1,11.90,88.0,7,1.7,95.4,4.142,-4.2,0,1,214
2026-04-02T08:57:01,-6.457728,-127.451546,-47.9,14.59,66.7,7,1.7,95.3,4.142,-4.4,0,1,215
2026-04-02T08:57:29,-6.457153,-127.449898,-42.9,12.47,74.4,7,1.7,95.3,4.141,-4.4,0,1,216
2026-04-02T08:57:57,-6.456675,-127.448219,-40.2,13.33,69.1,7,1.7,95.1,4.141,-4.2,0,1,217
2026-04-02T08:58:25,-6.456187,-127.446556,-39.7,13.71,72.7,7,1.7,95.3,4.142,-4.4,0,1,218
2026-04-02T08:58:53,-6.455713,-127.444893,-38.2,13.45,72.9,8,1.5,95.4,4.142,-4.2,0,1,219
2026-04-02T08:59:21,-6.455250,-127.443199,-39.9,13.91,68.5,8,1.5,95.0,4.142,-4.2,0,1,220
2026-04-02T08:59:49,-6.454823,-127.441513,-42.9,13.24,81.9,8,1.5,95.0,4.141,-4.2,0,1,221
2026-04-02T09:00:17,-6.454367,-127.439812,-43.6,14.82,76.6,8,1.8,95.1,4.142,-4.2,0,1,222
2026-04-02T09:00:45,-6.453857,-127.438103,-39.5,13.49,72.5,8,1.5,95.0,4.141,-4.2,0,1,223
2026-04-02T09:01:13,-6.453377,-127.436394,-35.1,15.55,80.0,8,1.8,95.0,4.142,-4.2,0,1,224
2026-04-02T09:01:41,-6.452885,-127.434715,-30.8,12.41,70.7,8,1.5,95.1,4.141,2532.6,0,1,225
2026-04-02T09:02:09,-6.452370,-127.433037,-33.0,13.52,70.3,8,1.5,95.3,4.139,-4.4,0,1,226
2026-04-02T09:02:37,-6.451877,-127.431335,-33.3,14.08,75.5,7,6.6,94.8,4.142,2524.3,0,1,227
2026-04-02T09:03:05,-6.451422,-127.429657,-32.0,12.28,75.7,8,1.5,95.0,4.141,-4.2,0,1,228
2026-04-02T09:03:33,-6.450945,-127.427971,-39.1,13.95,74.8,8,1.5,94.8,4.140,-4.2,0,1,229
2026-04-02T09:04:01,-6.450425,-127.426308,-42.4,13.71,69.2,8,1.7,95.0,4.139,-4.2,0,1,230
2026-04-02T09:04:29,-6.449962,-127.424637,-43.7,12.76,78.1,8,1.7,95.0,4.140,-4.2,0,1,231
2026-04-02T09:04:57,-6.449513,-127.422966,-42.3,13.42,71.7,8,1.5,94.7,4.141,-4.4,0,1,232
2026-04-02T09:05:25,-6.449028,-127.421326,-39.1,13.20,75.1,8,1.4,94.7,4.141,-4.4,0,1,233
2026-04-02T09:05:53,-6.448542,-127.419670,-39.1,13.40,70.0,8,1.4,95.3,4.137,-4.4,0,1,234
2026-04-02T09:06:21,-6.448051,-127.417969,-35.2,13.56,73.4,8,1.4,94.8,4.141,-4.2,0,1,235
2026-04-02T09:06:49,-6.447550,-127.416306,-33.6,13.00,74.7,8,1.4,94.8,4.139,-4.2,0,1,236
2026-04-02T09:07:17,-6.447088,-127.414627,-38.0,12.22,74.2,8,1.4,94.8,4.141,-4.2,0,1,237
2026-04-02T09:07:45,-6.446599,-127.412941,-40.9,12.82,75.2,8,1.4,94.7,4.136,-4.4,0,1,238
2026-04-02T09:08:13,-6.446088,-127.411263,-41.7,13.12,73.4,8,1.4,94.7,4.137,-4.4,0,1,239
2026-04-02T09:08:41,-6.445613,-127.409584,-43.0,13.46,75.1,8,1.4,94.8,4.137,-4.2,0,1,240
2026-04-02T09:09:09,-6.445103,-127.407913,-47.6,13.35,72.0,8,1.4,94.7,4.137,-4.4,0,1,241
2026-04-02T09:09:37,-6.444665,-127.406258,-48.7,13.80,72.3,9,1.4,94.7,4.140,-4.4,0,1,242
2026-04-02T09:10:05,-6.444183,-127.404579,-46.0,13.49,70.3,9,1.4,94.8,4.137,-4.2,0,1,243
2026-04-02T09:10:33,-6.443742,-127.402893,-42.3,13.54,74.7,9,1.4,94.7,4.139,-4.4,0,1,244
2026-04-02T09:11:01,-6.443228,-127.401283,-39.7,13.51,70.4,8,1.7,94.3,4.136,-4.2,0,1,245
2026-04-02T09:11:29,-6.442755,-127.399612,-30.4,14.68,74.2,8,2.5,94.5,4.137,-4.2,0,1,246
2026-04-02T09:11:57,-6.442278,-127.397949,-28.9,13.58,75.7,9,1.3,94.5,4.136,-4.2,0,1,247
2026-04-02T09:12:25,-6.441773,-127.396278,-29.0,13.16,73.3,9,1.3,94.8,4.139,-4.2,0,1,248
2026-04-02T09:12:53,-6.441228,-127.394608,-25.3,13.92,74.3,9,1.3,94.5,4.135,-4.2,0,1,249
2026-04-02T09:13:21,-6.440746,-127.392960,-27.4,13.41,79.0,9,1.3,94.3,4.135,-4.2,0,1,250
2026-04-02T09:13:49,-6.440257,-127.391243,-22.6,13.16,74.4,9,1.3,94.3,4.135,-4.2,0,1,251
2026-04-02T09:14:17,-6.439860,-127.389557,-26.4,12.83,75.4,9,1.3,94.5,4.136,-4.2,0,1,252
2026-04-02T09:14:45,-6.439372,-127.387901,-25.3,13.18,75.6,9,1.3,94.7,4.137,-4.4,0,1,253
2026-04-02T09:15:13,-6.438861,-127.386253,-25.7,13.22,70.6,9,1.3,94.5,4.136,-4.2,0,1,254
2026-04-02T09:15:41,-6.438445,-127.384560,-24.9,12.19,80.9,9,1.3,94.3,4.135,-4.2,0,1,255
2026-04-02T09:16:09,-6.437905,-127.382950,-30.2,13.52,70.6,8,1.7,94.5,4.135,2515.8,0,1,256
2026-04-02T09:16:37,-6.437526,-127.381248,-35.8,13.02,73.1,8,1.7,94.3,4.135,-4.2,0,1,257
2026-04-02T09:17:05,-6.437013,-127.379646,-30.7,13.54,78.3,8,1.6,94.3,4.135,-4.2,0,1,258
2026-04-02T09:17:33,-6.436578,-127.377983,-29.7,12.59,82.8,9,1.3,94.3,4.134,-4.2,0,1,259
2026-04-02T09:18:01,-6.436008,-127.376343,-24.1,13.19,68.5,8,1.6,94.5,4.135,-4.2,0,1,260
2026-04-02T09:18:29,-6.435556,-127.374672,-24.3,12.49,81.3,9,1.3,94.0,4.134,-4.4,0,1,261
2026-04-02T09:18:57,-6.435133,-127.373001,-32.3,12.97,72.8,8,1.6,94.2,4.133,-4.2,0,1,262
2026-04-02T09:19:25,-6.434603,-127.371300,-31.2,13.70,70.6,8,1.6,94.0,4.135,-4.4,0,1,263
2026-04-02T09:19:53,-6.434043,-127.369591,-13.6,13.02,83.3,8,1.6,94.2,4.133,-4.2,0,1,264
2026-04-02T09:20:21,-6.433577,-127.367882,-17.2,13.92,69.0,8,1.6,94.3,4.135,-4.2,0,1,265
2026-04-02T09:20:49,-6.433133,-127.366234,-16.9,12.96,78.8,8,1.6,94.0,4.134,-4.4,0,1,266
2026-04-02T09:21:17,-6.432663,-127.364624,-12.5,13.29,71.5,8,1.6,94.0,4.133,-4.4,0,1,267
2026-04-02T09:21:45,-6.432139,-127.362953,-5.1,13.58,70.1,8,1.6,94.0,4.133,-4.4,0,1,268
2026-04-02T09:22:13,-6.431660,-127.361229,-13.4,13.19,75.7,8,1.6,93.9,4.133,-4.2,0,1,269
2026-04-02T09:22:41,-6.431183,-127.359581,-17.9,13.00,75.9,8,1.6,94.0,4.130,-4.4,0,1,270
2026-04-02T09:23:09,-6.430703,-127.357872,-23.0,12.65,73.4,9,1.2,94.0,4.131,-4.4,0,1,271
2026-04-02T09:23:37,-6.430213,-127.356201,-24.9,12.99,73.0,8,1.6,94.0,4.131,-4.4,0,1,272
2026-04-02T09:24:05,-6.429715,-127.354546,-21.8,13.17,72.0,8,1.6,93.5,4.133,-4.2,0,1,273
2026-04-02T09:24:33,-6.429245,-127.352936,-17.3,12.91,75.3,8,1.5,93.7,4.131,-4.2,0,1,274
2026-04-02T09:25:01,-6.428703,-127.351311,-13.8,13.15,73.4,8,1.5,93.7,4.134,-4.2,0,1,275
2026-04-02T09:25:29,-6.428299,-127.349617,-19.9,12.47,76.8,8,1.5,93.9,4.133,-4.2,0,1,276
2026-04-02T09:25:57,-6.427820,-127.347946,-18.0,14.07,75.9,8,1.5,93.7,4.133,-4.2,0,1,277
2026-04-02T09:26:25,-6.427351,-127.346306,-14.9,12.75,72.0,8,2.0,94.0,4.133,-4.4,0,1,278
2026-04-02T09:26:53,-6.426849,-127.344627,-14.1,14.08,76.0,8,1.5,93.9,4.130,-4.2,0,1,279
2026-04-02T09:27:21,-6.426380,-127.342964,-16.3,13.37,76.3,8,1.5,93.5,4.130,-4.2,0,1,280
2026-04-02T09:27:49,-6.425938,-127.341309,-18.2,13.41,74.2,8,1.5,94.0,4.135,-4.4,0,1,281
2026-04-02T09:28:17,-6.425519,-127.339607,-9.1,14.33,70.4,8,1.5,93.7,4.131,-4.2,0,1,282
2026-04-02T09:28:45,-6.424962,-127.337921,-16.7,12.77,76.1,8,1.5,93.7,4.131,-4.2,0,1,283
2026-04-02T09:29:13,-6.424471,-127.336266,-15.6,13.28,72.6,8,1.5,93.7,4.129,-4.2,0,1,284
2026-04-02T09:29:41,-6.423915,-127.334618,-11.9,14.00,76.3,8,1.5,93.7,4.130,-4.2,0,1,285
2026-04-02T09:30:09,-6.423495,-127.332970,-13.0,12.79,77.3,8,1.5,93.9,4.129,-4.2,0,1,286
2026-04-02T09:30:37,-6.423005,-127.331314,-18.1,13.74,70.9,8,1.5,93.5,4.130,-4.2,0,1,287
2026-04-02T09:31:05,-6.422538,-127.329674,-14.8,13.65,72.7,8,1.5,93.5,4.131,-4.2,0,1,288
2026-04-02T09:31:33,-6.422070,-127.328026,-9.6,13.52,70.9,8,1.5,93.5,4.130,-4.2,0,1,289
2026-04-02T09:32:01,-6.421599,-127.326324,-16.2,12.60,73.6,8,1.5,93.5,4.129,-4.2,0,1,290
2026-04-02T09:32:29,-6.421115,-127.324699,-11.3,12.93,78.8,8,1.5,93.5,4.130,-4.2,0,1,291
2026-04-02T09:32:57,-6.420608,-127.323082,-12.9,12.83,74.8,8,1.4,93.5,4.129,-4.2,0,1,292
2026-04-02T09:33:25,-6.420105,-127.321434,-15.1,13.39,71.5,8,1.4,93.5,4.130,-4.2,0,1,293
2026-04-02T09:33:53,-6.419660,-127.319794,-21.0,13.32,72.4,8,1.4,93.5,4.129,-4.2,0,1,294
2026-04-02T09:34:21,-6.419215,-127.318169,-20.2,12.60,72.6,8,1.4,93.7,4.129,-4.2,0,1,295
2026-04-02T09:34:49,-6.418722,-127.316452,-26.5,13.46,75.8,8,1.4,93.4,4.129,-4.4,0,1,296
2026-04-02T09:35:17,-6.418268,-127.314804,-27.1,13.05,75.1,8,1.4,93.2,4.129,-4.2,0,1,297
2026-04-02T09:35:45,-6.417799,-127.313103,-38.9,13.26,71.6,8,1.4,93.2,4.128,-4.2,0,1,298
2026-04-02T09:36:13,-6.417330,-127.311501,-32.4,13.04,73.8,8,1.4,93.4,4.128,2486.2,0,1,299
2026-04-02T09:36:41,-6.416853,-127.309860,-28.0,13.61,75.6,8,1.4,93.4,4.129,-4.4,0,1,300
2026-04-02T09:37:09,-6.416353,-127.308266,-19.4,13.29,72.3,8,1.4,93.2,4.129,-4.2,0,1,301
2026-04-02T09:37:37,-6.415902,-127.306595,-12.5,12.47,74.7,8,1.4,93.2,4.128,-4.2,0,1,302
2026-04-02T09:38:05,-6.415421,-127.304962,-12.1,12.78,74.4,8,1.4,93.5,4.129,-4.2,0,1,303
2026-04-02T09:38:33,-6.414928,-127.303337,-6.5,13.57,78.3,8,1.4,93.2,4.126,-4.2,0,1,304
2026-04-02T09:39:01,-6.414442,-127.301643,-14.5,13.28,75.2,8,1.4,93.2,4.126,-4.2,0,1,305
2026-04-02T09:39:29,-6.413950,-127.300018,-19.3,13.02,73.3,9,1.3,93.1,4.126,-4.2,0,1,306
2026-04-02T09:39:57,-6.413515,-127.298370,-16.0,13.50,73.1,9,1.3,93.1,4.128,-4.2,0,1,307
2026-04-02T09:40:25,-6.413030,-127.296730,-23.1,13.47,68.2,9,1.3,93.4,4.125,-4.4,0,1,308
2026-04-02T09:40:53,-6.412577,-127.295052,-23.2,13.30,77.2,9,1.3,93.4,4.128,-4.4,0,1,309
2026-04-02T09:41:21,-6.412143,-127.293388,-21.0,13.43,77.9,9,1.5,93.1,4.125,-4.2,0,1,310
2026-04-02T09:41:49,-6.411622,-127.291748,-17.0,13.07,74.3,9,1.2,93.1,4.126,-4.2,0,1,311
2026-04-02T09:42:17,-6.411193,-127.290077,-21.4,13.58,76.7,9,1.2,93.1,4.126,-4.2,0,1,312
2026-04-02T09:42:45,-6.410730,-127.288422,-28.6,12.56,77.1,9,1.2,92.9,4.125,-4.2,0,1,313
2026-04-02T09:43:13,-6.410330,-127.286743,-33.9,13.35,78.2,9,1.2,93.1,4.124,-4.2,0,1,314
2026-04-02T09:43:41,-6.409818,-127.285110,-33.4,12.49,67.4,8,1.3,93.1,4.126,-4.2,0,1,315
2026-04-02T09:44:09,-6.409380,-127.283401,-51.3,12.61,77.1,8,1.3,92.9,4.124,-4.2,0,1,316
2026-04-02T09:44:37,-6.408918,-127.281769,-42.2,14.72,73.4,8,1.3,92.8,4.125,-4.4,0,1,317
2026-04-02T09:45:05,-6.408427,-127.280106,-36.1,13.13,77.2,7,1.5,93.1,4.129,-4.2,0,1,318
2026-04-02T09:45:33,-6.407938,-127.278450,-29.0,13.61,67.5,7,1.5,92.8,4.125,-4.4,0,1,319
2026-04-02T09:46:01,-6.407468,-127.276802,-32.8,13.30,74.2,8,1.2,92.8,4.125,-4.4,0,1,320
2026-04-02T09:46:29,-6.407047,-127.275139,-35.2,13.01,79.5,8,1.2,92.6,4.125,-4.2,0,1,321
2026-04-02T09:46:57,-6.406543,-127.273476,-28.7,13.42,64.6,9,1.2,93.1,4.124,-4.2,0,1,322
2026-04-02T09:47:25,-6.406020,-127.271881,-2.6,13.47,68.7,9,1.2,92.8,4.124,-4.4,0,1,323
2026-04-02T09:47:53,-6.405465,-127.270233,10.0,13.60,66.0,9,1.2,92.9,4.124,-4.2,0,1,324
2026-04-02T09:48:21,-6.404978,-127.268532,6.8,13.71,73.4,9,1.2,92.8,4.122,-4.4,0,1,325
2026-04-02T09:48:49,-6.404442,-127.266876,6.5,13.22,73.8,8,1.5,92.9,4.122,-4.2,0,1,326
2026-04-02T09:49:17,-6.404048,-127.265190,19.5,12.88,78.1,9,1.2,92.9,4.124,-4.2,0,1,327
2026-04-02T09:49:45,-6.403650,-127.263474,22.6,13.84,80.9,9,1.2,92.8,4.122,-4.4,0,1,328
2026-04-02T09:50:13,-6.403170,-127.261810,22.8,12.52,79.1,9,1.2,92.8,4.122,-4.4,0,1,329
2026-04-02T09:50:41,-6.402672,-127.260124,25.1,12.80,71.2,9,1.4,92.8,4.124,-4.4,0,1,330
2026-04-02T09:51:09,-6.402110,-127.258499,25.0,12.73,76.1,9,1.2,92.8,4.122,-4.4,0,1,331
2026-04-02T09:51:37,-6.401622,-127.256882,23.5,12.70,76.1,9,1.2,92.6,4.122,-4.2,0,1,332
2026-04-02T09:52:05,-6.401107,-127.255257,28.0,11.67,73.1,9,1.4,92.3,4.121,-4.2,0,1,333
2026-04-02T09:52:33,-6.400637,-127.253616,25.0,12.43,76.0,9,1.2,92.3,4.121,-4.2,0,1,334
2026-04-02T09:53:01,-6.400167,-127.251945,22.8,12.78,77.8,9,1.2,92.6,4.120,-4.2,0,1,335
2026-04-02T09:53:29,-6.399715,-127.250290,32.6,13.43,77.8,9,1.2,92.6,4.124,-4.2,0,1,336
2026-04-02T09:53:57,-6.399250,-127.248642,35.3,13.71,75.3,9,1.2,92.6,4.122,-4.2,0,1,337
2026-04-02T09:54:25,-6.398718,-127.247017,32.5,12.04,67.2,9,1.2,92.3,4.121,-4.2,0,1,338
2026-04-02T09:54:53,-6.398232,-127.245354,28.7,13.52,75.7,9,1.2,92.3,4.119,-4.2,0,1,339
2026-04-02T09:55:21,-6.397728,-127.243660,32.2,13.88,76.1,9,1.2,92.4,4.120,-4.2,0,1,340
2026-04-02T09:55:49,-6.397206,-127.241936,34.4,14.90,72.6,8,1.3,92.4,4.120,-4.2,0,1,341
2026-04-02T09:56:17,-6.396765,-127.240273,35.5,13.76,73.7,9,1.1,92.4,4.121,-4.2,0,1,342
2026-04-02T09:56:45,-6.396263,-127.238602,40.0,14.12,72.7,8,1.3,92.3,4.121,-4.2,0,1,343
2026-04-02T09:57:13,-6.395788,-127.236938,40.6,13.12,75.2,9,1.1,92.4,4.120,-4.2,0,1,344
2026-04-02T09:57:41,-6.395361,-127.235237,38.6,13.35,79.5,8,1.4,92.3,4.121,-4.2,0,1,345
2026-04-02T09:58:09,-6.394863,-127.233559,36.1,13.48,69.9,8,1.4,92.3,4.119,-4.2,0,1,346
2026-04-02T09:58:37,-6.394376,-127.231873,31.6,13.28,76.1,8,1.4,92.3,4.120,-4.2,0,1,347
2026-04-02T09:59:05,-6.393806,-127.230263,33.8,13.54,72.1,8,1.4,92.3,4.119,-4.2,0,1,348
2026-04-02T09:59:33,-6.393230,-127.228645,39.8,14.00,72.4,8,1.2,92.3,4.120,-4.2,0,1,349
2026-04-02T10:00:01,-6.392720,-127.227020,39.8,13.09,71.3,8,1.3,92.1,4.119,-4.4,0,1,350
2026-04-02T10:00:29,-6.392210,-127.225395,34.2,12.47,75.3,7,1.3,92.1,4.119,-4.4,0,1,351
2026-04-02T10:00:57,-6.391668,-127.223747,32.5,13.52,70.1,8,1.2,92.1,4.117,2452.5,0,1,352
2026-04-02T10:01:25,-6.391210,-127.222038,44.8,13.74,75.3,7,2.8,92.1,4.117,-4.4,0,1,353
2026-04-02T10:01:53,-6.390717,-127.220444,47.2,12.68,73.2,9,1.1,92.1,4.120,-4.4,0,1,354
2026-04-02T10:02:21,-6.390213,-127.218819,46.2,13.20,66.5,9,1.1,91.8,4.117,-4.2,0,1,355
2026-04-02T10:02:49,-6.389798,-127.217117,42.9,13.52,77.8,9,1.1,92.1,4.116,-4.4,0,1,356
2026-04-02T10:03:17,-6.389342,-127.215462,37.6,12.57,76.9,8,1.3,92.0,4.117,-4.2,0,1,357
2026-04-02T10:03:45,-6.388776,-127.213837,28.5,13.43,65.9,9,1.1,92.0,4.117,-4.2,0,1,358
2026-04-02T10:04:13,-6.388348,-127.212151,18.4,13.19,78.1,9,1.1,92.1,4.119,-4.4,0,1,359
2026-04-02T10:04:41,-6.387940,-127.210419,12.0,12.57,77.4,9,1.1,91.8,4.117,-4.2,0,1,360
2026-04-02T10:05:09,-6.387348,-127.208832,14.2,13.41,75.0,8,1.3,92.0,4.117,-4.2,0,1,361
2026-04-02T10:05:37,-6.386920,-127.207146,4.7,12.91,70.7,9,1.1,91.6,4.117,-4.2,0,1,362
2026-04-02T10:06:05,-6.386493,-127.205467,-2.4,12.77,77.5,9,1.3,92.1,4.117,-4.4,0,1,363
2026-04-02T10:06:33,-6.385958,-127.203804,7.4,13.06,72.1,9,1.1,91.8,4.117,-4.2,0,1,364
2026-04-02T10:07:01,-6.385473,-127.202164,16.8,12.54,69.0,10,1.0,92.1,4.116,-4.4,0,1,365
2026-04-02T10:07:29,-6.385025,-127.200485,31.9,13.41,67.7,9,1.1,91.6,4.116,-4.2,0,1,366
2026-04-02T10:07:57,-6.384542,-127.198822,33.0,13.73,70.2,9,1.1,92.0,4.120,-4.2,0,1,367
2026-04-02T10:08:25,-6.384013,-127.197159,32.9,13.87,74.5,9,1.1,91.8,4.117,-4.2,0,1,368
2026-04-02T10:08:53,-6.383518,-127.195511,33.0,13.38,79.9,9,1.1,92.1,4.116,-4.4,0,1,369
2026-04-02T10:09:21,-6.383073,-127.193840,35.9,13.92,81.2,10,1.0,92.0,4.117,-4.2,0,1,370
2026-04-02T10:09:49,-6.382608,-127.192169,37.1,12.76,73.2,9,1.1,91.6,4.116,-4.2,0,1,371
2026-04-02T10:10:17,-6.382102,-127.190491,40.1,13.34,81.4,8,1.6,91.6,4.115,-4.2,0,1,372
2026-04-02T10:10:45,-6.381573,-127.188835,39.5,13.28,79.4,9,1.0,92.0,4.115,-4.2,0,1,373
2026-04-02T10:11:13,-6.381071,-127.187172,39.1,13.36,82.2,8,1.6,91.6,4.116,-4.2,0,1,374
2026-04-02T10:11:41,-6.380488,-127.185547,38.0,12.77,73.1,8,1.6,91.6,4.114,-4.2,0,1,375
2026-04-02T10:12:09,-6.379978,-127.183899,32.1,13.45,67.7,9,1.0,91.8,4.113,-4.2,0,1,376
2026-04-02T10:12:37,-6.379462,-127.182274,27.5,12.19,74.5,8,1.6,91.3,4.115,-4.2,0,1,377
2026-04-02T10:13:05,-6.378965,-127.180618,28.2,13.25,77.3,8,1.6,91.6,4.114,-4.2,0,1,378
2026-04-02T10:13:33,-6.378438,-127.178986,26.1,13.67,74.2,8,1.6,91.5,4.115,-4.4,0,1,379
2026-04-02T10:14:01,-6.377938,-127.177345,21.3,12.11,70.7,8,1.6,91.5,4.114,-4.4,0,1,380
2026-04-02T10:14:29,-6.377405,-127.175720,16.6,12.61,67.9,9,1.2,91.8,4.114,-4.2,0,1,381
2026-04-02T10:14:57,-6.376878,-127.174042,7.9,13.37,68.4,9,1.0,91.6,4.114,-4.2,0,1,382
2026-04-02T10:15:25,-6.376361,-127.172379,2.9,12.46,72.7,8,1.6,91.5,4.114,-4.4,0,1,383
2026-04-02T10:15:53,-6.375835,-127.170700,-1.4,13.23,76.1,9,1.0,91.6,4.114,-4.2,0,1,384
2026-04-02T10:16:21,-6.375350,-127.169014,13.1,14.08,72.1,9,1.0,91.5,4.115,-4.4,0,1,385
2026-04-02T10:16:49,-6.374866,-127.167351,18.3,14.03,72.1,8,1.6,91.6,4.113,-4.2,0,1,386
2026-04-02T10:17:17,-6.374363,-127.165680,20.3,12.71,71.4,8,1.6,91.2,4.113,-4.2,0,1,387
2026-04-02T10:17:45,-6.373853,-127.164047,20.4,13.68,75.7,8,1.6,91.5,4.114,2435.7,0,1,388
2026-04-02T10:18:13,-6.373346,-127.162392,13.5,13.73,72.4,8,1.6,91.3,4.111,-4.2,0,1,389
2026-04-02T10:18:41,-6.372822,-127.160759,3.3,13.21,63.4,8,1.6,91.5,4.111,-4.4,0,1,390
2026-04-02T10:19:09,-6.372345,-127.159065,0.3,12.91,74.6,8,1.6,91.3,4.113,2431.5,0,1,391
2026-04-02T10:19:38,-6.371805,-127.157425,-1.2,13.68,74.7,8,1.6,91.3,4.114,-4.2,0,1,392
2026-04-02T10:20:06,-6.371273,-127.155800,-1.7,12.34,78.4,8,1.6,91.5,4.111,-4.4,0,1,393
2026-04-02T10:20:34,-6.370788,-127.154160,-0.3,13.74,71.5,8,1.6,91.3,4.113,-4.2,0,1,394
2026-04-02T10:21:02,-6.370325,-127.152496,2.2,13.60,71.7,8,1.6,91.3,4.111,-4.2,0,1,395
2026-04-02T10:21:30,-6.369803,-127.150887,3.9,13.41,68.1,8,1.6,91.2,4.111,-4.2,0,1,396
2026-04-02T10:21:58,-6.369297,-127.149239,4.8,13.54,72.7,8,1.6,91.3,4.111,-4.2,0,1,397
2026-04-02T10:22:26,-6.368803,-127.147568,2.9,13.01,79.0,8,1.6,91.6,4.110,-4.2,0,1,398
2026-04-02T10:22:54,-6.368258,-127.145935,-3.8,13.84,73.9,8,1.6,91.2,4.111,-4.2,0,1,399
2026-04-02T10:23:22,-6.367735,-127.144279,-5.9,13.55,73.1,7,2.0,91.5,4.114,-4.4,0,1,400
2026-04-02T10:23:50,-6.367191,-127.142647,-15.2,13.97,72.4,7,2.0,91.3,4.110,-4.2,0,1,401
2026-04-02T10:24:18,-6.366652,-127.140991,-27.7,13.60,70.5,7,2.0,91.3,4.113,-4.2,0,1,402
2026-04-02T10:24:46,-6.366122,-127.139381,-36.5,12.90,69.8,8,1.1,91.0,4.113,-4.2,0,1,403
2026-04-02T10:25:14,-6.365573,-127.137756,-43.2,13.19,69.0,9,1.0,91.0,4.110,-4.2,0,1,404
2026-04-02T10:25:42,-6.365120,-127.136063,-50.6,12.97,70.0,8,1.1,91.0,4.110,-4.2,0,1,405
2026-04-02T10:26:10,-6.364638,-127.134422,-38.5,13.04,74.4,8,1.1,91.0,4.110,-4.2,0,1,406
2026-04-02T10:26:38,-6.364107,-127.132797,-47.8,13.19,73.4,8,1.1,91.2,4.110,-4.2,0,1,407
2026-04-02T10:27:06,-6.363512,-127.131241,-46.2,13.71,74.6,8,1.1,91.0,4.110,-4.2,0,1,408
2026-04-02T10:27:34,-6.363039,-127.129639,-42.2,12.77,74.8,8,1.1,91.0,4.109,-4.2,0,1,409
2026-04-02T10:28:02,-6.362570,-127.128036,-27.0,12.77,71.5,8,1.1,90.9,4.109,-4.4,0,1,410
2026-04-02T10:28:30,-6.362110,-127.126442,-19.7,13.43,71.8,7,1.9,90.9,4.110,-4.4,0,1,411
2026-04-02T10:28:58,-6.361661,-127.124847,-6.4,13.85,67.7,7,1.9,90.9,4.111,2418.8,0,1,412
2026-04-02T10:29:26,-6.361198,-127.123238,15.4,13.34,73.3,8,1.1,90.9,4.109,-4.4,0,1,413
2026-04-02T10:29:54,-6.360682,-127.121635,41.0,12.80,70.1,7,1.8,91.0,4.109,-4.2,0,1,414
2026-04-02T10:30:22,-6.360231,-127.120003,52.9,12.73,70.7,7,1.8,91.0,4.111,-4.2,0,1,415
2026-04-02T10:30:50,-6.359708,-127.118340,45.3,13.93,65.9,7,1.8,90.7,4.110,-4.2,0,1,416
2026-04-02T10:31:18,-6.359243,-127.116631,52.4,13.43,73.2,7,1.8,90.9,4.109,-4.4,0,1,417
2026-04-02T10:31:46,-6.358767,-127.114929,60.6,13.53,69.5,7,1.8,90.7,4.108,2414.7,0,1,418
2026-04-02T10:32:14,-6.358235,-127.113213,24.4,12.99,69.9,8,1.6,91.0,4.106,-4.2,0,1,419
2026-04-02T10:32:42,-6.357765,-127.111526,22.0,13.49,71.0,8,1.6,90.7,4.108,-4.2,0,1,420
2026-04-02T10:33:10,-6.357222,-127.109863,21.3,14.52,70.4,8,1.6,90.9,4.109,-4.4,0,1,421
2026-04-02T10:33:38,-6.356735,-127.108170,7.7,13.99,74.4,8,1.5,90.7,4.108,-4.2,0,1,422
2026-04-02T10:34:06,-6.356278,-127.106499,2.3,13.43,74.5,8,1.5,90.7,4.104,-4.2,0,1,423
2026-04-02T10:34:34,-6.355729,-127.104874,11.4,12.87,75.1,8,1.5,90.5,4.108,-4.2,0,1,424
2026-04-02T10:35:02,-6.355173,-127.103249,13.7,13.37,71.0,8,1.5,90.5,4.106,-4.2,0,1,425
2026-04-02T10:35:29,-6.354675,-127.101570,3.8,13.24,74.4,8,1.5,90.7,4.106,-4.2,0,1,426
2026-04-02T10:35:58,-6.354137,-127.099915,2.2,12.98,72.7,8,1.5,90.4,4.110,-4.2,0,1,427
2026-04-02T10:36:26,-6.353605,-127.098282,1.2,13.07,71.1,8,1.5,90.5,4.108,-4.2,0,1,428
2026-04-02T10:36:53,-6.353145,-127.096588,-0.2,13.91,70.6,8,1.5,91.0,4.106,-4.2,0,1,429
2026-04-02T10:37:21,-6.352597,-127.094978,7.6,13.52,64.4,8,1.5,90.7,4.106,-4.2,0,1,430
2026-04-02T10:37:49,-6.352135,-127.093315,2.5,13.71,70.7,8,1.5,90.5,4.108,-4.2,0,1,431
2026-04-02T10:38:17,-6.351615,-127.091728,8.3,13.29,72.8,8,1.5,90.5,4.104,-4.2,0,1,432
2026-04-02T10:38:45,-6.351197,-127.090073,10.5,13.29,72.2,8,1.5,90.5,4.106,-4.2,0,1,433
2026-04-02T10:39:13,-6.350727,-127.088463,9.4,12.78,69.9,8,1.5,90.7,4.105,-4.2,0,1,434
2026-04-02T10:39:41,-6.350228,-127.086823,7.5,12.80,73.9,8,1.5,90.5,4.108,-4.2,0,1,435
2026-04-02T10:40:09,-6.349726,-127.085175,4.9,13.38,70.9,8,1.7,90.5,4.106,-4.2,0,1,436
2026-04-02T10:40:37,-6.349213,-127.083519,2.5,13.48,72.9,8,1.4,90.2,4.104,-4.4,0,1,437
2026-04-02T10:41:05,-6.348671,-127.081947,10.6,12.10,71.1,8,1.4,90.4,4.104,-4.2,0,1,438
2026-04-02T10:41:33,-6.348116,-127.080292,15.3,13.24,74.3,8,1.4,90.7,4.104,-4.2,0,1,439
2026-04-02T10:42:01,-6.347633,-127.078644,12.1,13.71,68.4,8,1.4,90.4,4.105,-4.2,0,1,440
2026-04-02T10:42:29,-6.347170,-127.076965,13.2,12.43,68.7,8,1.4,90.2,4.105,-4.4,0,1,441
2026-04-02T10:42:57,-6.346692,-127.075302,13.7,14.29,74.3,8,1.4,90.5,4.104,-4.2,0,1,442
2026-04-02T10:43:25,-6.346241,-127.073692,11.2,12.82,73.9,8,1.4,90.1,4.104,-4.2,0,1,443
2026-04-02T10:43:53,-6.345805,-127.072075,-3.3,13.90,77.0,8,1.4,90.2,4.104,-4.4,0,1,444
2026-04-02T10:44:21,-6.345235,-127.070442,-6.5,11.66,73.4,8,1.4,90.2,4.104,-4.4,0,1,445
2026-04-02T10:44:49,-6.344713,-127.068810,-1.0,13.06,72.0,8,1.4,90.2,4.102,-4.4,0,1,446
2026-04-02T10:45:17,-6.344232,-127.067177,-4.9,13.44,69.9,8,1.4,90.4,4.104,-4.2,0,1,447
2026-04-02T10:45:45,-6.343786,-127.065536,-6.3,12.50,74.5,8,1.4,90.1,4.104,2397.8,0,1,448
2026-04-02T10:46:13,-6.343275,-127.063927,-10.5,12.36,72.5,8,1.7,90.2,4.102,-4.4,0,1,449
2026-04-02T10:46:41,-6.342743,-127.062256,-19.2,12.14,72.3,8,1.4,90.4,4.105,-4.2,0,1,450
2026-04-02T10:47:09,-6.342298,-127.060623,-20.3,12.03,71.8,8,1.7,90.1,4.104,-4.2,0,1,451
2026-04-02T10:47:37,-6.341852,-127.058983,-25.9,13.60,71.3,8,1.7,90.1,4.102,-4.2,0,1,452
2026-04-02T10:48:05,-6.341267,-127.057343,-29.9,13.13,71.4,8,1.7,90.1,4.104,-4.2,0,1,453
2026-04-02T10:48:33,-6.340768,-127.055702,-33.5,13.61,76.1,8,1.7,90.1,4.102,2397.8,0,1,454
2026-04-02T10:49:01,-6.340276,-127.054077,-28.8,13.79,73.9,8,1.7,90.1,4.102,-4.2,0,1,455
2026-04-02T10:49:29,-6.339788,-127.052429,-36.6,13.19,75.4,8,1.3,90.1,4.101,-4.2,0,1,456
2026-04-02T10:49:57,-6.339270,-127.050827,-24.8,12.60,69.8,8,1.3,89.9,4.102,-4.2,0,1,457
2026-04-02T10:50:25,-6.338788,-127.049179,-23.3,12.23,68.7,8,1.3,90.1,4.102,-4.2,0,1,458
2026-04-02T10:50:53,-6.338302,-127.047539,-8.5,12.83,74.6,8,1.7,89.9,4.102,-4.2,0,1,459
2026-04-02T10:51:21,-6.337813,-127.045914,-7.0,10.59,76.9,8,1.7,90.2,4.102,-4.4,0,1,460
2026-04-02T10:51:49,-6.337276,-127.044250,-4.3,14.58,70.6,8,1.7,89.9,4.101,-4.2,0,1,461
2026-04-02T10:52:17,-6.336808,-127.042610,1.5,11.72,77.9,8,1.3,89.9,4.102,-4.2,0,1,462
2026-04-02T10:52:45,-6.336272,-127.040962,-1.5,12.68,72.0,8,1.3,90.2,4.100,-4.4,0,1,463
2026-04-02T10:53:13,-6.335728,-127.039322,-2.7,12.64,68.8,8,1.3,89.9,4.101,-4.2,0,1,464
2026-04-02T10:53:41,-6.335273,-127.037682,0.1,12.50,70.5,8,1.3,89.6,4.101,-4.4,0,1,465
2026-04-02T10:54:09,-6.334815,-127.036034,-3.8,13.20,73.7,7,2.9,89.9,4.099,-4.2,0,1,466
2026-04-02T10:54:37,-6.334319,-127.034355,-0.5,12.20,71.3,8,1.3,89.9,4.101,-4.2,0,1,467
2026-04-02T10:55:05,-6.333745,-127.032715,4.0,14.19,69.5,8,1.8,89.9,4.099,-4.2,0,1,468
2026-04-02T10:55:33,-6.333326,-127.031029,-5.3,12.96,71.5,8,1.3,89.9,4.099,-4.2,0,1,469
2026-04-02T10:56:01,-6.332916,-127.029388,-6.3,13.44,79.0,8,1.3,89.6,4.099,-4.4,0,1,470
2026-04-02T10:56:29,-6.332360,-127.027710,-7.8,14.25,76.6,8,1.8,89.6,4.100,-4.4,0,1,471
2026-04-02T10:56:57,-6.331880,-127.026077,-10.7,11.52,75.9,8,1.8,89.9,4.099,-4.2,0,1,472
2026-04-02T10:57:25,-6.331288,-127.024422,-3.7,11.39,71.1,8,1.8,89.7,4.099,2389.5,0,1,473
2026-04-02T10:57:53,-6.330741,-127.022774,-17.9,13.53,73.6,8,1.3,89.9,4.099,-4.2,0,1,474
2026-04-02T10:58:21,-6.330368,-127.021156,-20.5,9.44,74.6,8,1.8,89.9,4.099,-4.2,0,1,475
2026-04-02T10:58:49,-6.329865,-127.019531,-19.9,12.07,72.2,8,1.2,89.6,4.099,-4.4,0,1,476
2026-04-02T10:59:17,-6.329363,-127.017769,-28.4,14.47,70.1,8,1.8,89.6,4.100,-4.4,0,1,477
2026-04-02T10:59:45,-6.328993,-127.016190,-27.8,12.07,74.8,8,1.8,89.6,4.099,-4.4,0,1,478
2026-04-02T11:00:13,-6.328313,-127.014503,-17.3,13.13,72.7,7,3.0,89.6,4.097,-4.4,0,1,479
2026-04-02T11:00:41,-6.327859,-127.012863,-11.6,12.84,70.0,7,3.0,89.6,4.097,-4.4,0,1,480
2026-04-02T11:01:09,-6.327338,-127.011215,-1.7,13.77,71.3,8,2.5,89.6,4.097,-4.4,0,1,481
2026-04-02T11:01:37,-6.326885,-127.009613,1.6,12.24,79.4,8,2.5,89.6,4.099,-4.4,0,1,482
2026-04-02T11:02:05,-6.326345,-127.007927,-0.8,13.56,74.9,8,2.5,89.6,4.099,2385.1,0,1,483
2026-04-02T11:02:33,-6.325931,-127.006271,-1.0,12.18,79.7,8,2.5,89.7,4.097,-4.2,0,1,484
2026-04-02T11:03:01,-6.325379,-127.004593,-6.4,13.39,71.1,8,2.5,89.7,4.097,-4.2,0,1,485
2026-04-02T11:03:29,-6.324906,-127.002998,-8.9,12.92,72.2,8,2.5,89.4,4.097,-4.2,0,1,486
2026-04-02T11:03:57,-6.324413,-127.001373,-17.6,13.63,74.6,8,2.5,89.6,4.096,-4.4,0,1,487
2026-04-02T11:04:25,-6.323960,-126.999664,-20.2,13.61,74.1,8,2.5,89.7,4.097,-4.2,0,1,488
2026-04-02T11:04:53,-6.323490,-126.997940,-21.5,13.74,72.4,8,2.5,89.3,4.096,-4.2,0,1,489
2026-04-02T11:05:21,-6.323048,-126.996300,-30.2,13.25,72.4,8,2.5,89.3,4.097,-4.2,0,1,490
2026-04-02T11:05:49,-6.322611,-126.994659,-30.9,13.47,72.2,8,2.5,89.3,4.096,-4.2,0,1,491
2026-04-02T11:06:17,-6.322115,-126.993050,-30.1,14.62,68.7,8,2.5,89.3,4.096,-4.2,0,1,492
2026-04-02T11:06:45,-6.321626,-126.991386,-25.2,13.08,75.3,8,2.4,89.4,4.096,-4.2,0,1,493
2026-04-02T11:07:13,-6.321188,-126.989799,-24.0,12.73,76.9,8,2.5,89.4,4.096,-4.2,0,1,494
2026-04-02T11:07:41,-6.320703,-126.988144,-18.7,13.80,72.8,8,2.5,89.1,4.096,-4.2,0,1,495
2026-04-02T11:08:09,-6.320216,-126.986496,-21.2,13.30,75.6,8,2.5,89.3,4.096,-4.2,0,1,496
2026-04-02T11:08:37,-6.319666,-126.984810,-18.1,13.45,75.3,8,2.4,89.1,4.096,-4.2,0,1,497
2026-04-02T11:09:05,-6.319107,-126.983116,-8.1,13.77,72.8,8,2.6,89.1,4.095,-4.2,0,1,498
2026-04-02T11:09:33,-6.318635,-126.981453,-16.7,12.83,73.0,8,2.4,89.1,4.096,-4.2,0,1,499
2026-04-02T11:10:01,-6.318328,-126.979828,-26.2,13.13,74.6,8,2.4,89.3,4.094,-4.2,0,1,500
2026-04-02T11:10:29,-6.317863,-126.978203,-30.6,13.17,74.0,8,2.6,89.1,4.094,-4.2,0,1,501
2026-04-02T11:10:57,-6.317367,-126.976540,-29.9,13.52,70.8,8,2.4,89.1,4.096,-4.2,0,1,502
2026-04-02T11:11:25,-6.316903,-126.974899,-17.3,12.92,73.9,8,2.4,89.3,4.095,-4.2,0,1,503
2026-04-02T11:11:53,-6.316457,-126.973274,-28.0,13.01,72.2,8,2.4,89.4,4.095,-4.2,0,1,504
2026-04-02T11:12:21,-6.316003,-126.971634,-42.8,12.29,77.5,8,2.4,89.3,4.094,-4.2,0,1,505
2026-04-02T11:12:49,-6.315562,-126.969971,-53.9,13.87,70.1,8,2.4,89.0,4.095,-4.4,0,1,506
2026-04-02T11:13:17,-6.315103,-126.968269,-58.5,13.62,74.8,8,2.4,89.4,4.094,-4.2,0,1,507
2026-04-02T11:13:45,-6.314633,-126.966568,-65.5,13.06,76.0,8,2.4,89.3,4.095,-4.2,0,1,508
2026-04-02T11:14:13,-6.314110,-126.964874,-54.9,13.04,75.0,8,2.6,89.1,4.095,-4.2,0,1,509
2026-04-02T11:14:41,-6.313595,-126.963280,-22.5,11.98,75.5,8,2.6,89.1,4.094,-4.2,0,1,510
2026-04-02T11:15:09,-6.313072,-126.961655,-24.3,13.25,65.7,8,2.3,89.1,4.094,-4.2,0,1,511
2026-04-02T11:15:37,-6.312543,-126.959999,-40.9,12.63,79.2,8,2.6,88.8,4.095,-4.2,0,1,512
2026-04-02T11:16:05,-6.312082,-126.958336,-55.0,13.97,66.5,8,2.6,89.0,4.095,-4.4,0,1,513
2026-04-02T11:16:33,-6.311667,-126.956673,-48.7,13.06,74.4,7,2.6,88.8,4.094,-4.2,0,1,514
2026-04-02T11:17:01,-6.311220,-126.955032,-27.6,12.84,75.3,8,2.6,88.8,4.094,-4.2,0,1,515
2026-04-02T11:17:29,-6.310775,-126.953461,-18.5,13.17,75.4,9,1.6,88.8,4.093,-4.2,0,1,516
2026-04-02T11:17:57,-6.310250,-126.951744,1.2,13.08,74.0,9,1.6,88.8,4.093,-4.2,0,1,517
2026-04-02T11:18:25,-6.309788,-126.950104,-1.2,13.63,72.2,9,1.6,88.8,4.093,-4.2,0,1,518
2026-04-02T11:18:53,-6.309319,-126.948418,3.8,13.41,72.4,9,1.6,88.8,4.091,-4.2,0,1,519
2026-04-02T11:19:21,-6.308825,-126.946800,-3.4,12.71,73.4,9,1.6,88.8,4.093,-4.2,0,1,520
2026-04-02T11:19:49,-6.308331,-126.945091,6.1,13.25,75.0,9,1.6,88.8,4.093,-4.2,0,1,521
2026-04-02T11:20:17,-6.307675,-126.943398,19.7,13.35,69.8,9,1.6,88.8,4.094,-4.2,0,1,522
2026-04-02T11:20:45,-6.307235,-126.941757,18.1,14.20,72.3,9,1.6,89.0,4.093,-4.4,0,1,523
2026-04-02T11:21:13,-6.306770,-126.940132,11.9,13.19,73.1,8,1.7,88.8,4.091,-4.2,0,1,524
2026-04-02T11:21:41,-6.306272,-126.938431,22.0,12.89,69.0,9,1.6,88.8,4.093,-4.2,0,1,525
2026-04-02T11:22:09,-6.305819,-126.936859,7.0,13.47,68.2,7,2.0,89.0,4.091,-4.4,0,1,526
2026-04-02T11:22:37,-6.305499,-126.935204,-11.9,13.39,72.7,9,1.6,88.8,4.091,-4.2,0,1,527
2026-04-02T11:23:05,-6.304983,-126.933441,2.8,13.40,77.3,9,1.6,88.6,4.091,-4.2,0,1,528
2026-04-02T11:23:33,-6.304522,-126.931801,14.0,12.86,69.2,9,1.6,88.6,4.090,-4.2,0,1,529
2026-04-02T11:24:01,-6.303995,-126.930138,24.2,13.15,73.5,9,1.6,88.6,4.091,-4.2,0,1,530
2026-04-02T11:24:29,-6.303532,-126.928497,21.3,13.94,69.5,9,1.6,88.6,4.091,-4.2,0,1,531
2026-04-02T11:24:57,-6.303069,-126.926834,13.9,13.44,74.6,8,2.3,88.5,4.089,-3.7,0,1,532
2026-04-02T11:25:25,-6.302647,-126.925194,5.3,12.96,75.5,9,1.6,88.6,4.090,-4.2,0,1,533
2026-04-02T11:25:53,-6.302190,-126.923584,4.5,13.66,74.3,9,1.6,88.5,4.090,-3.7,0,1,534
2026-04-02T11:26:21,-6.301783,-126.921997,2.6,12.72,72.6,9,1.6,88.6,4.089,-4.2,0,1,535
2026-04-02T11:26:49,-6.301112,-126.920280,16.4,13.18,73.8,9,1.6,88.6,4.091,-4.2,0,1,536
2026-04-02T11:27:17,-6.300800,-126.918694,2.7,12.68,79.9,9,1.6,88.8,4.090,-4.2,0,1,537
2026-04-02T11:27:45,-6.300205,-126.916977,15.4,13.63,66.6,9,1.6,88.6,4.091,-4.2,0,1,538
2026-04-02T11:28:13,-6.299895,-126.915421,5.9,13.02,74.6,9,1.6,88.4,4.090,-4.0,0,1,539
2026-04-02T11:28:41,-6.299495,-126.913803,-6.0,13.33,76.3,9,1.6,88.4,4.088,-4.0,0,1,540
2026-04-02T11:29:09,-6.298932,-126.912086,3.0,13.09,71.1,9,1.6,88.4,4.089,-4.0,0,1,541
2026-04-02T11:29:37,-6.298383,-126.910423,7.5,13.63,65.3,9,1.6,88.2,4.089,-3.7,0,1,542
2026-04-02T11:30:05,-6.297958,-126.908775,2.1,13.78,67.3,8,2.1,88.4,4.090,-4.0,0,1,543
2026-04-02T11:30:33,-6.297575,-126.907112,-0.4,13.28,75.6,8,1.7,88.5,4.089,-3.7,0,1,544
2026-04-02T11:31:01,-6.297196,-126.905472,-13.8,11.93,76.3,8,1.7,88.4,4.089,-4.0,0,1,545
2026-04-02T11:31:29,-6.296690,-126.903770,-16.5,13.54,77.5,8,1.7,88.2,4.089,-3.7,0,1,546
2026-04-02T11:31:57,-6.296170,-126.902130,-14.7,13.04,80.5,8,1.7,88.4,4.088,-4.0,0,1,547
2026-04-02T11:32:25,-6.295527,-126.900467,-0.2,13.69,78.2,8,2.1,88.5,4.089,-3.7,0,1,548
2026-04-02T11:32:53,-6.294810,-126.898880,15.4,13.30,70.3,8,1.7,88.2,4.089,-3.7,0,1,549
2026-04-02T11:33:21,-6.294365,-126.897278,11.6,13.35,69.5,8,1.7,88.2,4.089,-3.7,0,1,550
2026-04-02T11:33:49,-6.293896,-126.895523,16.4,13.66,77.3,8,2.1,88.5,4.086,-3.7,0,1,551
2026-04-02T11:34:17,-6.293420,-126.893875,21.5,13.28,74.1,8,2.1,88.1,4.088,-4.0,0,1,552
2026-04-02T11:34:45,-6.292970,-126.892303,14.2,13.40,62.3,9,1.6,88.4,4.088,-4.0,0,1,553
2026-04-02T11:35:13,-6.292572,-126.890625,-1.3,12.53,78.3,9,1.6,88.4,4.088,-4.0,0,1,554
2026-04-02T11:35:41,-6.292035,-126.889023,7.6,12.50,71.4,9,1.6,88.4,4.086,-4.0,0,1,555
2026-04-02T11:36:09,-6.291646,-126.887299,-4.8,12.92,78.5,9,1.6,88.1,4.086,-4.0,0,1,556
2026-04-02T11:36:37,-6.291283,-126.885643,-8.9,13.20,73.5,9,1.6,87.9,4.089,-3.7,0,1,557
2026-04-02T11:37:05,-6.290720,-126.884033,-6.2,12.54,74.2,9,1.6,88.1,4.084,-4.0,0,1,558
2026-04-02T11:37:33,-6.290300,-126.882355,-2.9,13.13,73.3,9,1.6,88.2,4.085,-3.7,0,1,559
2026-04-02T11:38:01,-6.289790,-126.880676,-2.2,12.72,76.5,9,1.6,88.1,4.088,-4.0,0,1,560
2026-04-02T11:38:29,-6.289270,-126.879044,-0.5,12.96,73.5,9,1.6,87.9,4.088,-3.7,0,1,561
2026-04-02T11:38:57,-6.288793,-126.877373,3.9,12.37,78.7,9,1.6,88.1,4.086,-4.0,0,1,562
2026-04-02T11:39:25,-6.288280,-126.875740,-2.1,13.56,73.0,9,1.6,87.9,4.086,-3.7,0,1,563
2026-04-02T11:39:53,-6.287852,-126.874077,-0.9,13.61,76.7,8,2.5,88.2,4.085,-3.7,0,1,564
2026-04-02T11:40:21,-6.287355,-126.872406,4.5,13.55,74.9,9,1.6,88.1,4.085,-4.0,0,1,565
2026-04-02T11:40:49,-6.286890,-126.870758,6.4,13.56,77.2,9,1.6,88.1,4.084,-4.0,0,1,566
2026-04-02T11:41:17,-6.286302,-126.869080,11.1,13.17,76.3,8,2.2,87.9,4.085,-3.7,0,1,567
2026-04-02T11:41:45,-6.285841,-126.867401,10.7,13.66,73.9,8,2.2,87.8,4.086,-3.7,0,1,568
2026-04-02T11:42:13,-6.285483,-126.865738,10.2,13.43,75.9,8,2.2,87.9,4.085,-3.7,0,1,569
2026-04-02T11:42:41,-6.285120,-126.864052,1.1,13.69,74.4,9,1.6,87.9,4.086,-3.7,0,1,570
2026-04-02T11:43:09,-6.284620,-126.862389,-11.1,12.88,73.9,9,1.6,87.9,4.084,-3.7,0,1,571
2026-04-02T11:43:37,-6.284242,-126.860687,-12.2,13.48,78.5,9,1.8,87.9,4.082,-3.7,0,1,572
2026-04-02T11:44:05,-6.283860,-126.859032,-20.0,13.68,71.6,9,1.8,87.9,4.082,-3.7,0,1,573
2026-04-02T11:44:33,-6.283239,-126.857346,-15.8,13.81,70.0,9,1.6,87.8,4.082,-3.7,0,1,574
2026-04-02T11:45:01,-6.282701,-126.855644,-4.4,14.49,66.4,9,1.8,87.8,4.084,-3.7,0,1,575
2026-04-02T11:45:29,-6.281981,-126.853912,-1.3,13.84,67.1,8,1.7,87.6,4.082,-4.0,0,1,576
2026-04-02T11:45:57,-6.281475,-126.852234,8.9,12.46,77.8,8,1.7,87.9,4.084,-3.7,0,1,577
2026-04-02T11:46:25,-6.280970,-126.850548,8.1,13.60,73.7,8,1.7,87.8,4.085,-3.7,0,1,578
2026-04-02T11:46:53,-6.280358,-126.848892,8.1,13.88,69.7,7,2.4,87.9,4.081,-3.7,0,1,579
2026-04-02T11:47:21,-6.279913,-126.847221,5.9,12.74,76.0,9,1.5,87.8,4.082,-3.7,0,1,580
2026-04-02T11:47:49,-6.279379,-126.845558,8.8,13.85,69.8,8,2.2,87.8,4.084,-3.7,0,1,581
2026-04-02T11:48:17,-6.278811,-126.843864,13.1,13.20,74.7,8,2.6,87.8,4.082,-3.7,0,1,582
2026-04-02T11:48:45,-6.278290,-126.842178,12.0,13.48,72.9,8,2.6,87.8,4.082,-3.7,0,1,583
2026-04-02T11:49:13,-6.277796,-126.840446,7.1,13.29,72.5,8,2.2,87.8,4.082,-3.7,0,1,584
2026-04-02T11:49:41,-6.277246,-126.838730,4.8,13.72,70.9,9,1.5,87.5,4.084,-3.7,0,1,585
2026-04-02T11:50:09,-6.276726,-126.837029,7.2,14.13,67.0,8,2.2,87.5,4.082,-3.7,0,1,586
2026-04-02T11:50:37,-6.276297,-126.835304,0.3,13.64,72.7,9,1.5,87.6,4.085,-4.0,0,1,587
2026-04-02T11:51:05,-6.275907,-126.833565,-4.3,14.04,73.3,7,2.8,87.6,4.081,-4.0,0,1,588
2026-04-02T11:51:33,-6.275400,-126.831856,-5.4,14.00,75.0,8,2.2,87.9,4.082,-3.7,0,1,589
2026-04-02T11:52:01,-6.274815,-126.830170,-1.6,13.60,69.9,9,1.5,87.6,4.082,-4.0,0,1,590
2026-04-02T11:52:29,-6.274260,-126.828491,-1.1,13.88,73.3,9,1.5,87.5,4.082,-3.7,0,1,591
2026-04-02T11:52:57,-6.273762,-126.826775,-1.7,13.51,71.0,9,1.5,87.6,4.082,-4.0,0,1,592
2026-04-02T11:53:25,-6.273256,-126.825066,-5.6,14.00,74.3,9,1.5,87.6,4.081,-4.0,0,1,593
2026-04-02T11:53:53,-6.272958,-126.823357,-11.8,13.13,77.9,9,1.5,87.5,4.082,-3.7,0,1,594
2026-04-02T11:54:21,-6.272346,-126.821617,-15.8,14.28,73.3,9,1.5,87.5,4.081,-3.7,0,1,595
2026-04-02T11:54:49,-6.271895,-126.819916,-15.0,13.80,75.1,9,1.5,87.5,4.081,-3.7,0,1,596
2026-04-02T11:55:17,-6.271436,-126.818230,-18.5,13.68,74.6,9,1.5,87.5,4.082,-3.7,0,1,597
2026-04-02T11:55:45,-6.270863,-126.816566,-16.4,13.19,74.0,9,1.5,87.4,4.080,-3.7,0,1,598
2026-04-02T11:56:13,-6.270297,-126.814857,-13.0,13.46,69.9,9,1.5,87.5,4.080,-3.7,0,1,599
2026-04-02T11:56:41,-6.269808,-126.813194,-11.6,13.31,79.5,9,1.5,87.6,4.082,-4.0,0,1,600
2026-04-02T11:57:09,-6.269315,-126.811493,-5.1,13.01,73.6,8,2.1,87.4,4.081,-3.7,0,1,601
2026-04-02T11:57:37,-6.268778,-126.809807,-3.5,13.58,70.4,8,2.1,87.5,4.080,-3.7,0,1,602
2026-04-02T11:58:05,-6.268130,-126.808144,0.5,14.37,66.9,9,1.6,87.5,4.081,-3.7,0,1,603
2026-04-02T11:58:33,-6.267586,-126.806503,2.7,13.66,70.1,8,2.6,87.2,4.081,-4.0,0,1,604
2026-04-02T11:59:01,-6.267148,-126.804848,-1.9,13.08,73.1,8,2.1,87.2,4.080,-4.0,0,1,605
2026-04-02T11:59:29,-6.266703,-126.803162,-5.6,13.46,71.4,7,2.3,87.4,4.080,-3.7,0,1,606
2026-04-02T11:59:57,-6.265998,-126.801437,-0.6,13.71,74.2,7,2.3,87.4,4.080,-3.7,0,1,607
2026-04-02T12:00:25,-6.265430,-126.799797,7.5,13.87,77.7,7,2.3,87.4,4.080,-3.7,0,1,608
2026-04-02T12:00:53,-6.264945,-126.798141,3.9,13.65,72.4,7,2.3,87.4,4.079,-3.7,0,1,609
2026-04-02T12:01:21,-6.264487,-126.796494,-0.9,13.41,70.7,7,2.3,87.2,4.077,-4.0,0,1,610
2026-04-02T12:01:49,-6.264015,-126.794792,0.7,13.71,67.8,7,2.3,87.2,4.079,-4.0,0,1,611
2026-04-02T12:02:17,-6.263495,-126.793114,-0.4,13.06,73.6,7,2.2,87.2,4.077,-4.0,0,1,612
2026-04-02T12:02:45,-6.262959,-126.791435,7.1,11.91,77.5,7,2.2,87.1,4.079,-3.7,0,1,613
2026-04-02T12:03:13,-6.262485,-126.789749,13.6,12.69,77.8,7,2.2,87.1,4.077,-3.7,0,1,614
2026-04-02T12:03:41,-6.261920,-126.788109,17.5,12.36,72.6,7,2.2,87.2,4.080,-4.0,0,1,615
2026-04-02T12:04:09,-6.261360,-126.786385,11.8,13.29,71.2,7,2.2,87.2,4.077,-4.0,0,1,616
2026-04-02T12:04:37,-6.260935,-126.784706,12.0,12.80,76.9,7,2.2,86.9,4.076,-4.0,0,1,617
2026-04-02T12:05:05,-6.260358,-126.782974,11.5,13.52,75.3,7,2.6,87.1,4.077,-3.7,0,1,618
2026-04-02T12:05:33,-6.259865,-126.781258,8.8,13.19,75.7,7,2.2,87.2,4.079,-4.0,0,1,619
2026-04-02T12:06:01,-6.259382,-126.779587,9.5,13.13,71.5,7,2.6,87.1,4.077,-3.7,0,1,620
2026-04-02T12:06:29,-6.258780,-126.777893,8.4,13.31,74.4,7,1.7,87.1,4.077,-3.7,0,1,621
2026-04-02T12:06:57,-6.258205,-126.776176,14.5,13.02,67.8,6,2.2,87.1,4.079,-3.7,0,1,622
2026-04-02T12:07:25,-6.257751,-126.774429,9.3,13.67,77.0,7,3.1,87.1,4.075,-3.7,0,1,623
2026-04-02T12:07:53,-6.257255,-126.772774,8.5,13.31,75.5,7,2.1,87.1,4.076,-3.7,0,1,624
2026-04-02T12:08:21,-6.256835,-126.771049,0.6,12.01,74.1,7,2.1,87.4,4.077,-3.7,0,1,625
2026-04-02T12:08:49,-6.256333,-126.769264,-6.9,13.40,77.2,7,2.1,86.9,4.077,-4.0,0,1,626
2026-04-02T12:09:17,-6.255677,-126.767670,-4.9,12.94,66.6,7,2.1,87.1,4.076,-3.7,0,1,627
2026-04-02T12:09:45,-6.255100,-126.765991,8.6,14.12,67.3,7,2.1,87.4,4.076,-3.7,0,1,628
2026-04-02T12:10:13,-6.254505,-126.764313,25.9,14.11,66.5,7,2.1,86.9,4.076,-4.0,0,1,629
2026-04-02T12:10:41,-6.254027,-126.762672,29.3,11.67,69.6,8,1.9,86.8,4.076,-3.7,0,1,630
2026-04-02T12:11:09,-6.253607,-126.761002,23.1,12.99,77.9,9,1.7,86.9,4.076,-4.0,0,1,631
2026-04-02T12:11:37,-6.253129,-126.759331,12.7,12.21,73.4,10,1.5,86.8,4.075,-3.7,0,1,632
2026-04-02T12:12:05,-6.252583,-126.757660,20.1,13.53,73.6,9,1.7,86.9,4.076,-4.0,0,1,633
2026-04-02T12:12:33,-6.252160,-126.755959,17.8,13.17,72.7,9,1.7,86.8,4.075,-3.7,0,1,634
2026-04-02T12:13:01,-6.251602,-126.754303,26.0,12.97,67.2,9,2.6,86.8,4.074,-3.7,0,1,635
2026-04-02T12:13:29,-6.251030,-126.752655,31.3,14.26,69.9,9,1.6,86.8,4.074,-3.7,0,1,636
2026-04-02T12:13:57,-6.250583,-126.750961,27.3,13.48,64.3,9,2.6,86.6,4.077,-3.7,0,1,637
2026-04-02T12:14:25,-6.250163,-126.749207,17.8,13.47,71.5,9,1.6,86.6,4.075,-3.7,0,1,638
2026-04-02T12:14:53,-6.249623,-126.747543,24.1,13.29,70.7,9,1.6,86.8,4.075,-3.7,0,1,639
2026-04-02T12:15:21,-6.249142,-126.745880,22.0,14.72,73.9,9,1.6,86.6,4.075,-3.7,0,1,640
2026-04-02T12:15:49,-6.248621,-126.744156,16.4,13.86,73.7,9,1.6,86.6,4.076,-3.7,0,1,641
2026-04-02T12:16:17,-6.248150,-126.742439,17.2,13.19,74.3,9,2.6,86.9,4.074,-4.0,0,1,642
2026-04-02T12:16:45,-6.247495,-126.740852,25.4,13.32,71.3,9,1.6,86.5,4.074,2302.6,0,1,643
2026-04-02T12:17:13,-6.246881,-126.739174,32.6,14.18,72.1,9,1.6,86.6,4.074,-3.7,0,1,644
2026-04-02T12:17:41,-6.246457,-126.737473,21.5,13.40,75.6,9,2.5,86.5,4.073,-4.0,0,1,645
2026-04-02T12:18:09,-6.245946,-126.735756,13.6,14.82,73.5,9,1.6,86.8,4.074,-3.7,0,1,646
2026-04-02T12:18:37,-6.245480,-126.734116,23.6,13.26,74.2,9,1.6,86.8,4.074,-3.7,0,1,647
2026-04-02T12:19:05,-6.245131,-126.732391,15.3,13.17,75.8,9,2.5,86.3,4.074,-3.7,0,1,648
2026-04-02T12:19:33,-6.244620,-126.730675,16.5,13.82,81.7,9,2.5,86.6,4.071,-3.7,0,1,649
2026-04-02T12:20:01,-6.244178,-126.728973,13.5,13.99,69.8,9,1.6,86.3,4.074,-3.7,0,1,650
2026-04-02T12:20:29,-6.243731,-126.727272,7.3,14.14,74.4,9,1.6,86.6,4.074,-3.7,0,1,651
2026-04-02T12:20:57,-6.243393,-126.725533,-4.0,13.46,66.2,9,1.6,86.5,4.074,-4.0,0,1,652
2026-04-02T12:21:25,-6.243020,-126.723740,-21.5,13.91,70.1,9,1.6,86.6,4.073,-3.7,0,1,653
2026-04-02T12:21:53,-6.242470,-126.722137,-12.0,12.83,74.3,9,2.5,86.5,4.071,-4.0,0,1,654
2026-04-02T12:22:21,-6.241920,-126.720436,-11.5,13.33,70.8,9,1.6,86.5,4.070,-4.0,0,1,655
2026-04-02T12:22:49,-6.241316,-126.718811,-3.5,12.23,72.7,9,1.6,86.3,4.068,2298.8,0,1,656
2026-04-02T12:23:17,-6.240718,-126.717155,-4.0,14.10,68.9,9,1.6,86.3,4.070,-3.7,0,1,657
2026-04-02T12:23:45,-6.240288,-126.715469,-7.9,12.89,69.8,9,1.6,86.3,4.073,-3.7,0,1,658
2026-04-02T12:24:13,-6.239855,-126.713821,-10.4,12.58,69.3,9,1.6,86.3,4.070,-3.7,0,1,659
2026-04-02T12:24:41,-6.239306,-126.712257,-9.7,12.49,76.0,9,1.6,86.2,4.070,-3.7,0,1,660
2026-04-02T12:25:09,-6.238811,-126.710602,-6.1,13.10,74.1,9,1.6,86.2,4.070,2295.1,0,1,661
2026-04-02T12:25:37,-6.238330,-126.708916,2.0,14.32,75.3,9,1.6,86.8,4.070,-3.7,0,1,662
2026-04-02T12:26:05,-6.237845,-126.707291,6.1,12.74,72.3,9,1.6,86.3,4.070,-3.7,0,1,663
2026-04-02T12:26:33,-6.237428,-126.705597,6.3,11.99,70.1,9,1.6,86.3,4.071,-3.7,0,1,664
2026-04-02T12:27:01,-6.236898,-126.703949,3.5,13.67,70.7,8,1.6,86.2,4.068,-3.7,0,1,665
2026-04-02T12:27:29,-6.236301,-126.702347,12.9,12.82,63.3,9,1.6,86.1,4.070,-4.0,0,1,666
2026-04-02T12:27:57,-6.235796,-126.700699,19.1,11.91,73.1,9,1.6,86.2,4.070,-3.7,0,1,667
2026-04-02T12:28:25,-6.235376,-126.698997,15.8,13.90,84.1,9,2.3,86.2,4.068,-3.7,0,1,668
2026-04-02T12:28:53,-6.234946,-126.697334,12.3,10.29,71.8,9,1.6,86.2,4.069,-3.7,0,1,669
2026-04-02T12:29:21,-6.234490,-126.695641,15.2,13.47,77.3,9,1.5,86.2,4.070,-3.7,0,1,670
2026-04-02T12:29:49,-6.233995,-126.693993,14.9,11.47,66.3,9,1.5,86.2,4.070,-3.7,0,1,671
2026-04-02T12:30:17,-6.233485,-126.692368,16.4,13.58,73.8,9,1.5,86.1,4.069,-4.0,0,1,672
2026-04-02T12:30:45,-6.232958,-126.690727,22.3,14.75,74.1,9,1.5,86.2,4.070,2295.1,0,1,673
2026-04-02T12:31:13,-6.232518,-126.689011,17.8,12.28,76.6,9,1.5,85.9,4.068,-3.7,0,1,674
2026-04-02T12:31:41,-6.232047,-126.687332,19.6,13.32,75.8,9,1.5,85.9,4.070,-3.7,0,1,675
2026-04-02T12:32:09,-6.231631,-126.685593,23.1,12.10,75.2,9,1.5,86.1,4.070,-4.0,0,1,676
2026-04-02T12:32:37,-6.231115,-126.683907,16.5,14.37,74.6,9,2.2,85.9,4.066,-3.7,0,1,677
2026-04-02T12:33:05,-6.230597,-126.682251,5.5,13.27,75.9,8,3.5,86.1,4.066,-4.0,0,1,678
2026-04-02T12:33:33,-6.230076,-126.680656,5.5,12.48,70.8,8,2.2,85.8,4.068,-4.0,0,1,679
2026-04-02T12:34:01,-6.229555,-126.679054,7.6,13.01,72.7,9,1.5,85.8,4.066,-4.0,0,1,680
2026-04-02T12:34:29,-6.229045,-126.677414,8.0,12.87,72.4,9,1.5,85.6,4.068,-3.7,0,1,681
2026-04-02T12:34:57,-6.228625,-126.675774,8.4,12.22,67.3,9,1.5,86.1,4.066,-4.0,0,1,682
2026-04-02T12:35:25,-6.228243,-126.674103,5.6,13.67,75.3,9,1.5,85.9,4.065,-3.7,0,1,683
2026-04-02T12:35:53,-6.227713,-126.672501,7.3,11.85,62.6,8,3.3,85.8,4.066,-4.0,0,1,684
2026-04-02T12:36:21,-6.227260,-126.670883,7.6,12.53,76.0,8,3.3,85.8,4.065,-4.0,0,1,685
2026-04-02T12:36:49,-6.226826,-126.669212,5.9,12.92,73.4,8,3.3,85.8,4.066,-4.0,0,1,686
2026-04-02T12:37:17,-6.226358,-126.667557,1.4,12.24,73.1,9,1.5,85.8,4.066,-4.0,0,1,687
2026-04-02T12:37:45,-6.225905,-126.665909,0.8,13.32,75.5,9,1.5,85.8,4.066,-4.0,0,1,688
2026-04-02T12:38:13,-6.225418,-126.664246,-0.4,14.92,70.0,8,1.5,85.8,4.066,-4.0,0,1,689
2026-04-02T12:38:41,-6.224920,-126.662567,3.5,14.38,73.4,9,1.5,85.8,4.065,-4.0,0,1,690
2026-04-02T12:39:09,-6.224378,-126.660912,5.4,13.37,70.0,9,1.5,85.5,4.065,-3.7,0,1,691
2026-04-02T12:39:37,-6.223909,-126.659210,10.8,13.57,73.5,9,1.5,85.6,4.065,-3.7,0,1,692
2026-04-02T12:40:05,-6.223426,-126.657539,7.7,13.27,70.6,8,1.5,85.8,4.065,-4.0,0,1,693
2026-04-02T12:40:33,-6.222958,-126.655846,4.0,13.42,77.3,9,1.4,85.6,4.065,2279.7,0,1,694
2026-04-02T12:41:01,-6.222478,-126.654160,-1.5,13.19,77.2,7,2.2,85.6,4.064,-3.7,0,1,695
2026-04-02T12:41:29,-6.222038,-126.652466,-5.1,13.48,79.4,8,1.5,85.6,4.064,-3.7,0,1,696
2026-04-02T12:41:57,-6.221573,-126.650780,-9.9,13.21,70.6,8,1.5,85.5,4.065,-3.7,0,1,697
2026-04-02T12:42:25,-6.221058,-126.649124,-15.9,12.78,69.9,8,2.0,85.6,4.062,-3.7,0,1,698
2026-04-02T12:42:53,-6.220671,-126.647453,-21.7,13.07,71.9,8,1.5,85.5,4.064,-3.7,0,1,699
2026-04-02T12:43:21,-6.220160,-126.645775,-17.5,12.48,61.4,8,2.8,85.3,4.065,-4.0,0,1,700
2026-04-02T12:43:49,-6.219662,-126.644081,-14.1,13.81,69.7,9,2.6,85.5,4.065,-3.7,0,1,701
2026-04-02T12:44:17,-6.219118,-126.642433,-3.5,13.30,75.2,9,1.4,85.3,4.064,-4.0,0,1,702
2026-04-02T12:44:45,-6.218571,-126.640808,-1.5,13.65,72.4,9,1.4,85.5,4.062,-3.7,0,1,703
2026-04-02T12:45:13,-6.218125,-126.639183,-3.0,12.32,74.2,8,1.4,85.5,4.066,-3.7,0,1,704
2026-04-02T12:45:41,-6.217681,-126.637482,1.8,13.28,71.5,7,2.3,85.5,4.062,-3.7,0,1,705
2026-04-02T12:46:09,-6.217235,-126.635826,-6.2,12.86,71.9,8,1.4,85.2,4.062,-3.7,0,1,706
2026-04-02T12:46:37,-6.216696,-126.634163,-1.2,13.34,72.5,7,3.0,85.3,4.061,-4.0,0,1,707
2026-04-02T12:47:05,-6.216220,-126.632484,-5.3,12.56,69.4,7,2.9,85.2,4.064,-3.7,0,1,708
2026-04-02T12:47:33,-6.215685,-126.630798,4.1,13.25,71.6,7,2.3,85.3,4.062,-4.0,0,1,709
2026-04-02T12:48:01,-6.215211,-126.629105,9.3,13.32,72.4,7,2.9,85.5,4.065,-3.7,0,1,710
2026-04-02T12:48:29,-6.214748,-126.627434,10.2,13.84,72.9,8,1.4,85.5,4.062,-3.7,0,1,711
2026-04-02T12:48:57,-6.214137,-126.625793,12.0,14.00,60.5,8,1.4,85.3,4.062,-4.0,0,1,712
2026-04-02T12:49:25,-6.213692,-126.624115,11.4,13.71,80.4,8,1.4,85.3,4.062,-4.0,0,1,713
2026-04-02T12:49:53,-6.213227,-126.622429,15.4,13.39,72.9,9,1.3,85.2,4.061,-3.7,0,1,714
2026-04-02T12:50:21,-6.212739,-126.620750,17.5,12.58,65.8,9,1.8,85.3,4.062,-4.0,0,1,715
2026-04-02T12:50:49,-6.212257,-126.619087,23.6,14.46,71.7,8,1.9,85.2,4.061,-3.7,0,1,716
2026-04-02T12:51:17,-6.211780,-126.617424,21.9,13.33,78.4,9,1.3,85.1,4.062,-3.7,0,1,717
2026-04-02T12:51:45,-6.211275,-126.615799,21.1,12.76,76.2,9,1.3,85.1,4.060,-3.7,0,1,718
2026-04-02T12:52:13,-6.210815,-126.614159,19.1,12.88,73.6,9,1.3,85.1,4.060,-3.7,0,1,719
2026-04-02T12:52:41,-6.210378,-126.612495,13.4,14.84,76.3,8,1.9,85.2,4.061,-3.7,0,1,720
2026-04-02T12:53:09,-6.209850,-126.610870,17.4,12.66,66.6,8,2.4,85.1,4.061,-3.7,0,1,721
2026-04-02T12:53:37,-6.209403,-126.609215,10.8,13.26,73.8,8,1.8,85.2,4.061,-3.7,0,1,722
2026-04-02T12:54:05,-6.208961,-126.607574,9.1,12.04,67.8,9,1.3,85.1,4.061,-3.7,0,1,723
2026-04-02T12:54:33,-6.208498,-126.605911,8.5,13.24,79.1,8,1.8,84.9,4.060,-4.0,0,1,724
2026-04-02T12:55:01,-6.207993,-126.604279,10.4,13.15,73.1,8,1.8,85.2,4.057,-3.7,0,1,725
2026-04-02T12:55:29,-6.207545,-126.602623,5.4,13.07,72.9,8,2.3,85.1,4.061,-3.7,0,1,726
2026-04-02T12:55:57,-6.207043,-126.601013,0.1,11.87,72.4,8,2.3,85.2,4.060,-3.7,0,1,727
2026-04-02T12:56:25,-6.206562,-126.599373,-1.0,12.52,75.4,8,2.3,85.1,4.057,-3.7,0,1,728
2026-04-02T12:56:53,-6.205943,-126.597725,-2.7,13.50,68.8,8,1.8,85.1,4.060,-3.7,0,1,729
2026-04-02T12:57:21,-6.205485,-126.596069,-3.7,13.66,72.2,8,1.8,84.8,4.060,-3.7,0,1,730
2026-04-02T12:57:49,-6.204970,-126.594421,-3.8,13.76,71.7,9,1.6,84.9,4.059,-4.0,0,1,731
2026-04-02T12:58:17,-6.204442,-126.592758,-6.3,15.08,71.5,9,1.6,85.1,4.059,-3.7,0,1,732
2026-04-02T12:58:45,-6.203828,-126.591171,1.5,13.08,72.2,8,1.6,84.9,4.059,-4.0,0,1,733
2026-04-02T12:59:13,-6.203375,-126.589478,-6.4,12.98,68.1,9,1.6,85.2,4.059,-3.7,0,1,734
2026-04-02T12:59:41,-6.202838,-126.587852,-2.4,13.59,72.2,9,1.3,84.9,4.061,-4.0,0,1,735
2026-04-02T13:00:09,-6.202290,-126.586189,-4.4,13.24,78.2,9,1.6,85.1,4.060,-3.7,0,1,736
2026-04-02T13:00:37,-6.201725,-126.584602,-2.4,12.65,67.5,9,1.2,84.9,4.059,-4.0,0,1,737
2026-04-02T13:01:05,-6.201231,-126.583031,1.8,13.49,74.0,9,1.6,84.8,4.059,-3.7,0,1,738
2026-04-02T13:01:33,-6.200725,-126.581390,-0.4,14.08,74.7,9,1.2,84.9,4.057,-4.0,0,1,739
2026-04-02T13:02:01,-6.200150,-126.579773,3.3,13.05,67.3,9,1.2,84.9,4.060,-4.0,0,1,740
2026-04-02T13:02:29,-6.199598,-126.578163,8.1,11.62,67.4,8,1.7,84.9,4.057,-4.0,0,1,741
2026-04-02T13:02:57,-6.199039,-126.576523,2.4,13.14,71.9,9,1.2,85.1,4.056,-3.7,0,1,742
2026-04-02T13:03:25,-6.198500,-126.574890,1.7,13.42,77.9,9,1.2,85.1,4.057,-3.7,0,1,743
2026-04-02T13:03:53,-6.197898,-126.573250,21.4,12.01,66.0,10,1.1,84.9,4.059,-4.0,0,1,744
2026-04-02T13:04:21,-6.197311,-126.571632,20.3,14.05,73.5,10,1.1,84.8,4.057,-3.7,0,1,745
2026-04-02T13:04:49,-6.196806,-126.569984,15.1,13.27,74.3,10,1.3,84.9,4.059,-4.0,0,1,746
2026-04-02T13:05:17,-6.196281,-126.568336,19.3,13.75,73.4,10,1.1,84.8,4.057,-3.7,0,1,747
2026-04-02T13:05:45,-6.195698,-126.566734,19.3,12.91,73.6,10,1.1,84.8,4.055,-3.7,0,1,748
2026-04-02T13:06:13,-6.195203,-126.565071,21.3,12.92,77.4,10,1.1,84.8,4.057,-3.7,0,1,749
2026-04-02T13:06:41,-6.194730,-126.563393,18.2,13.25,78.3,10,1.1,84.8,4.056,-3.7,0,1,750
2026-04-02T13:07:09,-6.194147,-126.561790,21.5,14.46,70.0,10,1.1,84.6,4.057,-4.0,0,1,751
2026-04-02T13:07:37,-6.193510,-126.560204,26.6,14.37,72.3,9,1.5,84.8,4.056,-3.7,0,1,752
2026-04-02T13:08:05,-6.192970,-126.558540,24.8,13.15,71.8,10,1.1,84.8,4.056,-3.7,0,1,753
2026-04-02T13:08:33,-6.192415,-126.556900,29.1,12.86,74.6,10,1.1,84.8,4.056,-3.7,0,1,754
2026-04-02T13:09:02,-6.191782,-126.555290,30.9,13.57,65.9,9,1.5,84.6,4.057,-4.0,0,1,755
2026-04-02T13:09:30,-6.191253,-126.553680,27.9,12.10,73.5,9,1.5,84.8,4.056,-3.7,0,1,756
2026-04-02T13:09:58,-6.190748,-126.552010,30.7,13.40,71.1,10,1.1,84.8,4.055,-3.7,0,1,757
2026-04-02T13:10:26,-6.190163,-126.550400,24.8,13.48,71.4,10,1.1,84.5,4.056,-3.7,0,1,758
2026-04-02T13:10:54,-6.189505,-126.548790,25.8,13.41,61.7,9,1.5,84.5,4.056,-3.7,0,1,759
2026-04-02T13:11:22,-6.189055,-126.547112,24.5,13.33,74.4,9,1.5,84.6,4.056,-4.0,0,1,760
2026-04-02T13:11:50,-6.188455,-126.545494,26.2,13.62,72.0,9,1.5,84.6,4.055,-4.0,0,1,761
2026-04-02T13:12:18,-6.187985,-126.543770,24.7,13.62,67.7,9,1.5,84.6,4.055,-4.0,0,1,762
2026-04-02T13:12:46,-6.187360,-126.542145,26.7,13.85,75.0,8,2.1,84.5,4.054,-3.7,0,1,763
2026-04-02T13:13:14,-6.186835,-126.540489,21.9,13.12,63.4,9,1.4,84.3,4.055,-3.7,0,1,764
2026-04-02T13:13:42,-6.186300,-126.538826,19.4,12.91,67.1,9,1.4,84.3,4.054,2245.4,0,1,765
2026-04-02T13:14:10,-6.185695,-126.537193,23.4,12.75,78.5,9,1.4,84.3,4.055,-3.7,0,1,766
2026-04-02T13:14:38,-6.185126,-126.535515,24.8,13.64,74.4,7,2.1,84.3,4.052,-3.7,0,1,767
2026-04-02T13:15:06,-6.184525,-126.533875,13.4,14.04,64.6,7,2.1,84.3,4.054,-3.7,0,1,768
2026-04-02T13:15:34,-6.183943,-126.532249,13.2,13.82,70.9,7,2.1,84.2,4.055,-4.4,0,1,769
2026-04-02T13:16:02,-6.183333,-126.530647,9.9,12.96,61.7,7,2.1,84.5,4.054,-3.7,0,1,770
2026-04-02T13:16:30,-6.182888,-126.529022,11.2,13.74,68.6,7,2.0,84.5,4.054,-3.7,0,1,771
2026-04-02T13:16:58,-6.182253,-126.527412,16.7,13.06,76.4,7,2.0,84.3,4.052,-3.7,0,1,772
2026-04-02T13:17:26,-6.181798,-126.525719,19.7,12.42,71.4,7,2.0,84.3,4.052,-3.7,0,1,773
2026-04-02T13:17:54,-6.181290,-126.524048,15.4,12.94,70.9,7,2.0,84.3,4.052,-3.7,0,1,774
2026-04-02T13:18:22,-6.180635,-126.522446,16.5,14.32,62.8,7,2.0,84.3,4.052,-3.7,0,1,775
2026-04-02T13:18:50,-6.180198,-126.520714,11.4,12.58,71.3,7,2.0,84.5,4.052,-3.7,0,1,776
2026-04-02T13:19:18,-6.179593,-126.519081,8.1,12.02,73.7,7,2.0,84.2,4.052,-4.4,0,1,777
2026-04-02T13:19:46,-6.179083,-126.517387,-2.7,13.50,68.2,7,2.0,84.3,4.052,-3.7,0,1,778
2026-04-02T13:20:14,-6.178533,-126.515739,-5.2,14.72,69.1,7,2.0,84.3,4.052,-3.7,0,1,779
2026-04-02T13:20:42,-6.177999,-126.514008,-6.1,13.92,72.1,8,1.9,84.2,4.052,-4.4,0,1,780
2026-04-02T13:21:10,-6.177446,-126.512375,-2.6,14.05,66.4,8,1.9,84.2,4.051,-4.4,0,1,781
2026-04-02T13:21:38,-6.176927,-126.510704,-5.2,13.48,64.9,8,1.9,84.2,4.052,-4.4,0,1,782
2026-04-02T13:22:06,-6.176491,-126.508995,-5.5,13.09,76.1,7,2.0,84.2,4.051,-4.4,0,1,783
2026-04-02T13:22:34,-6.176036,-126.507317,0.9,12.62,73.4,8,1.9,84.3,4.052,-3.7,0,1,784
2026-04-02T13:23:02,-6.175691,-126.505577,3.6,13.41,74.6,8,1.9,84.3,4.051,-3.7,0,1,785
2026-04-02T13:23:30,-6.175165,-126.503922,4.2,13.12,78.6,8,1.9,84.3,4.051,-3.7,0,1,786
2026-04-02T13:23:58,-6.174715,-126.502274,3.2,12.34,72.4,8,1.9,84.2,4.054,-4.4,0,1,787
2026-04-02T13:24:26,-6.174283,-126.500610,1.4,13.22,77.2,8,1.8,84.0,4.051,-4.4,0,1,788
2026-04-02T13:24:54,-6.173769,-126.498947,-2.8,13.05,76.4,8,1.8,84.0,4.050,-4.4,0,1,789
2026-04-02T13:25:22,-6.173333,-126.497253,-7.1,13.71,72.5,8,1.8,84.0,4.050,-4.4,0,1,790
2026-04-02T13:25:50,-6.172705,-126.495628,6.2,13.14,79.5,8,1.8,84.0,4.049,-4.4,0,1,791
2026-04-02T13:26:18,-6.172251,-126.493912,5.5,13.17,74.8,8,1.8,84.0,4.048,-4.4,0,1,792
2026-04-02T13:26:46,-6.171746,-126.492195,3.1,13.57,75.8,8,1.8,83.8,4.050,-4.4,0,1,793
2026-04-02T13:27:14,-6.171195,-126.490486,-4.9,13.24,72.7,8,1.8,83.8,4.050,-4.4,0,1,794
2026-04-02T13:27:42,-6.170793,-126.488792,-6.5,14.42,67.0,8,1.8,84.2,4.050,-4.4,0,1,795
2026-04-02T13:28:10,-6.170306,-126.487091,-10.2,13.49,73.9,8,1.8,84.2,4.051,-4.4,0,1,796
2026-04-02T13:28:37,-6.169786,-126.485443,2.2,13.11,68.6,8,1.8,84.2,4.051,-4.4,0,1,797
2026-04-02T13:29:05,-6.169336,-126.483765,5.1,13.08,77.8,8,1.8,83.7,4.050,-4.4,0,1,798
2026-04-02T13:29:33,-6.168891,-126.482048,4.0,13.84,74.7,9,1.6,84.0,4.051,2236.6,0,1,799
2026-04-02T13:30:01,-6.168433,-126.480362,10.5,13.62,73.5,9,1.6,83.8,4.048,-4.4,0,1,800
2026-04-02T13:30:29,-6.167963,-126.478683,1.6,14.27,69.3,9,1.6,84.0,4.049,-4.4,0,1,801
2026-04-02T13:30:57,-6.167453,-126.477005,8.0,13.16,71.2,9,1.6,83.7,4.049,-4.4,0,1,802
2026-04-02T13:31:25,-6.166918,-126.475365,17.8,13.11,76.3,9,1.6,84.0,4.050,-4.4,0,1,803
2026-04-02T13:31:53,-6.166399,-126.473717,13.2,13.52,72.1,9,1.5,83.5,4.049,-4.4,0,1,804
2026-04-02T13:32:21,-6.165933,-126.472000,6.0,13.65,75.1,9,1.5,83.5,4.049,-4.4,0,1,805
2026-04-02T13:32:49,-6.165413,-126.470337,5.1,13.93,73.4,9,1.5,83.8,4.048,-4.4,0,1,806
2026-04-02T13:33:17,-6.164960,-126.468658,7.0,12.91,72.5,9,1.5,83.8,4.049,-4.4,0,1,807
2026-04-02T13:33:45,-6.164467,-126.466995,4.5,13.09,72.7,9,1.5,83.4,4.048,-4.4,0,1,808
2026-04-02T13:34:13,-6.163979,-126.465347,2.5,13.22,73.9,9,1.5,83.8,4.048,-4.4,0,1,809
2026-04-02T13:34:41,-6.163513,-126.463654,7.9,13.37,72.4,9,1.5,84.0,4.049,-4.4,0,1,810
2026-04-02T13:35:09,-6.163032,-126.461975,6.7,13.51,75.0,9,1.5,83.7,4.049,-4.4,0,1,811
2026-04-02T13:35:37,-6.162569,-126.460289,6.3,13.75,76.1,9,1.5,83.5,4.046,-4.4,0,1,812
2026-04-02T13:36:05,-6.162065,-126.458611,7.4,13.49,73.5,9,1.5,83.5,4.048,-4.4,0,1,813
2026-04-02T13:36:33,-6.161593,-126.456947,12.6,13.14,72.3,9,1.5,83.7,4.048,-4.4,0,1,814
2026-04-02T13:37:01,-6.161157,-126.455170,-3.4,14.26,72.4,9,1.5,83.5,4.048,-4.4,0,1,815
2026-04-02T13:37:29,-6.160710,-126.453438,-10.7,13.43,75.3,9,1.5,83.5,4.048,-4.4,0,1,816
2026-04-02T13:37:57,-6.160240,-126.451775,-4.4,14.52,69.8,9,1.5,83.5,4.048,-4.4,0,1,817
2026-04-02T13:38:25,-6.159769,-126.450050,-9.7,13.27,74.9,9,1.5,83.5,4.048,-4.4,0,1,818
2026-04-02T13:38:53,-6.159298,-126.448357,-7.4,13.48,77.6,9,1.5,83.5,4.046,-4.4,0,1,819
2026-04-02T13:39:21,-6.158803,-126.446671,-5.0,12.30,65.9,8,1.4,83.4,4.045,-4.4,0,1,820
2026-04-02T13:39:49,-6.158341,-126.444977,-6.7,13.98,76.7,8,1.4,83.4,4.048,-4.4,0,1,821
2026-04-02T13:40:17,-6.157862,-126.443306,-14.5,13.01,65.4,8,1.4,83.5,4.046,-4.4,0,1,822
2026-04-02T13:40:45,-6.157417,-126.441628,-10.5,13.47,77.4,8,1.4,83.5,4.048,-4.4,0,1,823
2026-04-02T13:41:13,-6.156971,-126.439964,-15.4,13.27,74.8,8,1.4,83.4,4.045,-4.4,0,1,824
2026-04-02T13:41:41,-6.156440,-126.438286,-22.8,13.20,73.0,8,1.4,83.2,4.045,-4.2,0,1,825
2026-04-02T13:42:09,-6.155963,-126.436623,-21.7,13.03,78.0,8,1.4,83.2,4.044,-4.2,0,1,826
2026-04-02T13:42:37,-6.155472,-126.434944,-18.1,13.26,73.4,7,1.4,83.7,4.044,-4.4,0,1,827
2026-04-02T13:43:05,-6.155042,-126.433258,-10.9,12.11,77.4,8,1.4,83.0,4.044,-4.4,0,1,828
2026-04-02T13:43:33,-6.154529,-126.431580,-6.6,12.64,76.4,8,1.4,83.5,4.045,-4.4,0,1,829
2026-04-02T13:44:01,-6.154008,-126.429924,6.8,12.69,71.4,8,1.3,83.2,4.046,-4.2,0,1,830
2026-04-02T13:44:29,-6.153537,-126.428261,13.1,13.84,69.1,9,1.3,83.4,4.046,-4.4,0,1,831
2026-04-02T13:44:57,-6.153022,-126.426598,13.0,14.47,74.4,9,1.3,83.2,4.045,-4.2,0,1,832
2026-04-02T13:45:25,-6.152558,-126.424911,14.7,13.99,75.4,8,1.5,83.2,4.045,-4.2,0,1,833
2026-04-02T13:45:53,-6.152049,-126.423218,12.2,13.36,74.1,8,1.3,83.2,4.049,-4.2,0,1,834
2026-04-02T13:46:21,-6.151555,-126.421539,8.4,13.71,71.7,8,1.3,83.4,4.049,-4.4,0,1,835
2026-04-02T13:46:49,-6.151087,-126.419868,12.2,14.05,73.3,8,1.5,83.0,4.044,-4.4,0,1,836
2026-04-02T13:47:17,-6.150583,-126.418190,4.8,12.79,67.0,8,1.3,83.0,4.044,-4.4,0,1,837
2026-04-02T13:47:45,-6.150080,-126.416527,4.9,13.39,74.2,8,1.5,82.9,4.043,-4.4,0,1,838
2026-04-02T13:48:13,-6.149550,-126.414925,8.2,13.27,68.0,8,1.3,83.0,4.044,-4.4,0,1,839
2026-04-02T13:48:41,-6.149065,-126.413300,9.1,13.11,77.5,8,1.3,83.4,4.044,-4.4,0,1,840
2026-04-02T13:49:09,-6.148580,-126.411674,9.3,13.24,73.9,8,1.3,83.0,4.044,-4.4,0,1,841
2026-04-02T13:49:37,-6.148090,-126.410034,5.7,13.09,75.7,8,1.3,83.4,4.043,-4.4,0,1,842
2026-04-02T13:50:05,-6.147622,-126.408386,9.0,12.23,76.6,8,1.3,83.0,4.043,-4.4,0,1,843
2026-04-02T13:50:33,-6.147115,-126.406723,16.5,13.43,71.9,8,1.3,83.2,4.044,-4.2,0,1,844
2026-04-02T13:51:01,-6.146636,-126.405029,22.1,13.43,70.9,8,1.3,83.2,4.041,-4.2,0,1,845
2026-04-02T13:51:29,-6.146130,-126.403343,24.0,13.31,73.2,8,1.3,83.0,4.044,-4.4,0,1,846
2026-04-02T13:51:57,-6.145620,-126.401665,24.1,13.66,76.7,8,1.3,83.0,4.043,-4.4,0,1,847
2026-04-02T13:52:25,-6.145090,-126.399963,20.8,12.90,76.9,8,1.2,82.9,4.041,-4.4,0,1,848
2026-04-02T13:52:53,-6.144605,-126.398247,16.9,13.08,75.6,9,1.1,82.9,4.043,-4.4,0,1,849
2026-04-02T13:53:21,-6.144063,-126.396553,15.9,13.85,71.5,8,1.2,82.9,4.043,-4.4,0,1,850
2026-04-02T13:53:49,-6.143552,-126.394867,16.8,12.97,74.1,8,1.2,83.2,4.040,-4.2,0,1,851
2026-04-02T13:54:17,-6.143070,-126.393181,19.9,13.73,71.2,8,1.2,83.0,4.041,-4.4,0,1,852
2026-04-02T13:54:45,-6.142658,-126.391434,8.2,13.20,72.5,8,1.2,82.9,4.041,-4.4,0,1,853
2026-04-02T13:55:13,-6.142138,-126.389732,-12.1,14.14,73.1,8,1.2,83.2,4.043,-4.2,0,1,854
2026-04-02T13:55:41,-6.141708,-126.388008,-32.5,13.62,72.8,8,1.2,82.9,4.040,-4.4,0,1,855
2026-04-02T13:56:09,-6.141220,-126.386307,-13.3,13.65,76.0,10,1.0,82.9,4.040,-4.4,0,1,856
2026-04-02T13:56:37,-6.140751,-126.384605,-2.3,13.87,69.1,9,1.2,82.7,4.040,-4.4,0,1,857
2026-04-02T13:57:05,-6.140295,-126.382896,-16.0,14.13,72.7,9,1.2,82.7,4.041,-4.4,0,1,858
2026-04-02T13:57:33,-6.139791,-126.381187,-12.4,13.82,76.3,9,1.2,82.9,4.041,-4.4,0,1,859
2026-04-02T13:58:01,-6.139230,-126.379517,-5.2,13.79,73.4,9,1.3,82.5,4.040,2197.5,0,1,860
2026-04-02T13:58:29,-6.138695,-126.377853,5.8,13.32,72.6,10,1.0,82.7,4.041,-4.4,0,1,861
2026-04-02T13:58:57,-6.138190,-126.376183,7.8,13.25,72.2,10,1.0,82.4,4.040,-4.4,0,1,862
2026-04-02T13:59:25,-6.137681,-126.374489,17.2,13.51,70.8,10,1.0,82.7,4.040,-4.4,0,1,863
2026-04-02T13:59:53,-6.137175,-126.372826,20.6,12.91,75.5,10,1.0,82.7,4.041,-4.4,0,1,864
2026-04-02T14:00:21,-6.136668,-126.371147,21.2,13.12,73.4,10,1.0,82.9,4.041,-4.4,0,1,865
2026-04-02T14:00:49,-6.136165,-126.369484,22.3,13.51,70.8,10,1.0,82.4,4.040,-4.4,0,1,866
2026-04-02T14:01:17,-6.135676,-126.367805,19.5,13.01,74.9,10,1.0,82.7,4.041,-4.4,0,1,867
2026-04-02T14:01:45,-6.135193,-126.366104,17.0,13.37,74.0,10,1.0,82.5,4.039,-4.4,0,1,868
2026-04-02T14:02:13,-6.134665,-126.364456,16.8,13.22,73.9,11,1.0,82.5,4.041,-4.4,0,1,869
2026-04-02T14:02:41,-6.134190,-126.362762,14.1,13.26,74.1,11,1.0,82.5,4.041,-4.4,0,1,870
2026-04-02T14:03:09,-6.133751,-126.361046,9.4,13.52,74.5,11,1.0,82.5,4.039,-4.4,0,1,871
2026-04-02T14:03:37,-6.133238,-126.359375,15.5,13.57,72.2,11,1.0,82.4,4.040,-4.4,0,1,872
2026-04-02T14:04:05,-6.132708,-126.357635,2.3,13.23,74.7,11,1.0,82.4,4.039,-4.4,0,1,873
2026-04-02T14:04:33,-6.132226,-126.355919,-4.4,13.78,75.9,11,1.0,82.4,4.039,-4.4,0,1,874
2026-04-02T14:05:01,-6.131762,-126.354187,-16.2,13.83,76.3,11,1.0,82.4,4.040,-4.4,0,1,875
2026-04-02T14:05:29,-6.131229,-126.352524,-17.7,13.55,78.9,11,1.0,82.4,4.040,-4.4,0,1,876
2026-04-02T14:05:57,-6.130750,-126.350800,-16.3,13.82,71.1,11,1.0,82.7,4.039,-4.4,0,1,877
2026-04-02T14:06:25,-6.130228,-126.349083,-16.7,13.79,70.6,11,1.0,82.4,4.039,-4.4,0,1,878
2026-04-02T14:06:53,-6.129736,-126.347443,-13.0,13.22,72.4,12,1.0,82.2,4.039,-4.4,0,1,879
2026-04-02T14:07:21,-6.129191,-126.345757,-15.2,13.52,74.7,11,1.2,82.4,4.037,-4.4,0,1,880
2026-04-02T14:07:49,-6.128646,-126.344063,-15.5,13.53,68.7,12,1.0,82.1,4.037,-4.4,0,1,881
2026-04-02T14:08:17,-6.128190,-126.342400,-12.7,14.07,73.9,11,1.2,82.4,4.037,-4.4,0,1,882
2026-04-02T14:08:45,-6.127705,-126.340736,-6.8,13.13,72.9,10,1.2,82.4,4.039,-4.4,0,1,883
2026-04-02T14:09:13,-6.127210,-126.339058,-4.3,13.52,74.8,11,1.2,82.1,4.039,-4.4,0,1,884
2026-04-02T14:09:41,-6.126643,-126.337395,-4.4,13.35,76.6,11,1.1,82.1,4.037,-4.4,0,1,885
2026-04-02T14:10:09,-6.126145,-126.335747,3.0,13.23,71.7,11,1.1,82.2,4.037,-4.4,0,1,886
2026-04-02T14:10:37,-6.125631,-126.334084,0.1,13.25,71.9,11,1.1,82.4,4.035,-4.4,0,1,887
2026-04-02T14:11:05,-6.125098,-126.332443,1.4,12.88,70.4,11,1.1,82.1,4.035,-4.4,0,1,888
2026-04-02T14:11:33,-6.124573,-126.330803,8.5,13.24,71.1,11,1.1,82.2,4.036,-4.4,0,1,889
2026-04-02T14:12:01,-6.124116,-126.329124,11.5,13.38,73.3,11,1.1,81.9,4.035,-4.2,0,1,890
2026-04-02T14:12:29,-6.123543,-126.327461,11.2,13.17,72.6,11,1.1,81.9,4.036,-4.2,0,1,891
2026-04-02T14:12:57,-6.123005,-126.325783,12.8,13.11,72.9,11,1.1,82.1,4.035,-4.4,0,1,892
2026-04-02T14:13:25,-6.122458,-126.324112,17.4,13.11,74.9,11,1.1,82.1,4.035,-4.4,0,1,893
2026-04-02T14:13:53,-6.121916,-126.322472,15.5,13.22,68.9,12,0.9,82.1,4.036,-4.4,0,1,894
2026-04-02T14:14:21,-6.121342,-126.320847,18.7,12.94,70.2,11,1.1,82.1,4.035,-4.4,0,1,895
2026-04-02T14:14:49,-6.120810,-126.319221,15.3,13.38,76.3,11,1.1,82.1,4.036,-4.4,0,1,896
2026-04-02T14:15:17,-6.120288,-126.317566,17.5,13.34,71.2,12,0.9,81.9,4.034,2180.3,0,1,897
2026-04-02T14:15:45,-6.119750,-126.315903,20.5,13.52,70.8,12,0.9,81.9,4.035,-4.2,0,1,898
2026-04-02T14:16:13,-6.119198,-126.314255,22.1,12.79,71.2,12,1.0,81.9,4.035,-4.2,0,1,899
2026-04-02T14:16:41,-6.118665,-126.312576,20.9,13.65,71.3,12,0.9,81.7,4.034,-4.4,0,1,900
2026-04-02T14:17:09,-6.118146,-126.310913,20.2,13.46,72.0,12,0.9,81.9,4.032,-4.2,0,1,901
2026-04-02T14:17:37,-6.117630,-126.309288,21.1,12.79,71.8,12,0.9,81.9,4.034,-4.2,0,1,902
2026-04-02T14:18:05,-6.117076,-126.307648,22.1,13.32,68.1,11,1.1,81.9,4.035,-4.2,0,1,903
2026-04-02T14:18:33,-6.116550,-126.306000,22.7,13.60,68.1,12,0.9,81.9,4.034,-4.2,0,1,904
2026-04-02T14:19:01,-6.116070,-126.304337,23.4,13.65,69.6,11,1.1,81.7,4.035,-4.4,0,1,905
2026-04-02T14:19:29,-6.115475,-126.302666,20.8,13.20,72.1,11,1.1,81.9,4.034,-4.2,0,1,906
2026-04-02T14:19:57,-6.115038,-126.300941,16.4,13.94,72.7,11,1.1,81.9,4.036,-4.2,0,1,907
2026-04-02T14:20:25,-6.114542,-126.299248,13.8,12.37,77.7,11,0.9,81.7,4.034,-4.4,0,1,908
2026-04-02T14:20:53,-6.113970,-126.297546,9.9,13.42,74.8,12,0.9,81.6,4.032,-4.4,0,1,909
2026-04-02T14:21:21,-6.113470,-126.295876,10.0,13.52,74.1,12,0.9,81.7,4.032,-4.4,0,1,910
2026-04-02T14:21:49,-6.112948,-126.294235,20.9,13.20,69.6,12,0.9,81.6,4.032,-4.4,0,1,911
2026-04-02T14:22:17,-6.112411,-126.292557,18.4,14.40,71.8,10,1.2,81.7,4.036,-4.4,0,1,912
2026-04-02T14:22:45,-6.111810,-126.290894,18.0,13.52,71.5,10,1.1,81.6,4.031,-4.4,0,1,913
2026-04-02T14:23:13,-6.111310,-126.289284,18.1,14.02,75.4,9,1.2,81.7,4.032,-4.4,0,1,914
2026-04-02T14:23:41,-6.110750,-126.287613,17.2,12.93,71.2,10,1.1,81.6,4.032,-4.4,0,1,915
2026-04-02T14:24:09,-6.110211,-126.285980,21.5,13.22,70.4,9,1.2,81.7,4.032,-4.4,0,1,916
2026-04-02T14:24:37,-6.109678,-126.284363,20.8,13.23,65.6,10,1.1,81.4,4.032,2167.2,0,1,917
2026-04-02T14:25:05,-6.109157,-126.282753,20.1,12.62,67.4,11,0.9,81.6,4.031,-4.4,0,1,918
2026-04-02T14:25:33,-6.108685,-126.281128,14.4,12.92,69.0,9,1.2,81.6,4.035,-4.4,0,1,919
2026-04-02T14:26:01,-6.108141,-126.279510,21.8,14.62,66.2,9,1.2,81.7,4.031,-4.4,0,1,920
2026-04-02T14:26:29,-6.107657,-126.277878,21.0,13.53,72.8,9,1.2,81.6,4.032,-4.4,0,1,921
2026-04-02T14:26:57,-6.107119,-126.276215,20.4,12.75,72.1,9,1.2,81.6,4.031,-4.4,0,1,922
2026-04-02T14:27:25,-6.106575,-126.274544,15.0,13.36,75.2,9,1.2,81.6,4.031,-4.4,0,1,923
2026-04-02T14:27:53,-6.106085,-126.272873,12.2,14.11,70.1,9,1.4,81.4,4.032,-4.4,0,1,924
2026-04-02T14:28:21,-6.105583,-126.271217,9.7,14.65,66.6,10,1.1,81.6,4.030,-4.4,0,1,925
2026-04-02T14:28:49,-6.105057,-126.269569,17.9,12.57,68.3,9,1.4,81.4,4.030,-4.4,0,1,926
2026-04-02T14:29:17,-6.104550,-126.267944,10.8,13.16,70.0,9,1.4,81.4,4.031,-4.4,0,1,927
2026-04-02T14:29:45,-6.104055,-126.266319,13.6,13.20,69.8,10,1.3,81.9,4.028,2180.3,0,1,928
2026-04-02T14:30:13,-6.103532,-126.264664,14.2,13.81,66.5,10,1.3,81.4,4.029,-4.4,0,1,929
2026-04-02T14:30:41,-6.103003,-126.263031,16.4,13.47,72.7,11,1.0,81.4,4.032,-4.4,0,1,930
2026-04-02T14:31:09,-6.102520,-126.261360,13.6,12.92,72.4,11,1.0,81.4,4.031,-4.4,0,1,931
2026-04-02T14:31:37,-6.102005,-126.259697,4.3,13.49,73.5,11,1.0,81.4,4.030,-4.4,0,1,932
2026-04-02T14:32:05,-6.101505,-126.258026,2.5,12.86,76.7,10,1.3,81.4,4.030,-4.4,0,1,933
2026-04-02T14:32:33,-6.100925,-126.256371,3.3,12.31,74.7,9,1.5,81.1,4.030,-4.4,0,1,934
2026-04-02T14:33:01,-6.100431,-126.254669,6.2,13.40,75.4,10,1.3,81.2,4.030,-4.4,0,1,935
2026-04-02T14:33:29,-6.099822,-126.252975,5.7,15.16,69.1,10,1.3,81.1,4.030,-4.4,0,1,936
2026-04-02T14:33:57,-6.099359,-126.251312,10.9,13.82,75.3,10,1.3,81.2,4.028,-4.4,0,1,937
2026-04-02T14:34:25,-6.098780,-126.249626,6.1,13.46,65.6,10,1.3,81.1,4.028,-4.4,0,1,938
2026-04-02T14:34:53,-6.098339,-126.247978,-5.9,13.54,69.3,10,1.3,81.4,4.029,-4.4,0,1,939
2026-04-02T14:35:21,-6.097897,-126.246246,-9.1,13.92,72.5,10,1.3,81.1,4.029,2158.4,0,1,940
2026-04-02T14:35:49,-6.097366,-126.244621,-6.1,13.36,72.0,10,1.2,81.1,4.028,-4.4,0,1,941
2026-04-02T14:36:17,-6.096807,-126.242920,-1.8,12.92,76.1,10,1.2,81.1,4.030,-4.4,0,1,942
2026-04-02T14:36:45,-6.096396,-126.241180,-10.8,13.91,75.2,10,1.2,81.1,4.029,-4.4,0,1,943
2026-04-02T14:37:13,-6.095866,-126.239525,-18.9,13.96,66.4,9,1.8,81.1,4.031,-4.4,0,1,944
2026-04-02T14:37:41,-6.095390,-126.237839,1.3,12.76,68.2,10,1.2,80.9,4.028,-4.4,0,1,945
2026-04-02T14:38:09,-6.094886,-126.236183,2.4,13.96,68.1,10,1.2,81.1,4.028,-4.4,0,1,946
2026-04-02T14:38:37,-6.094320,-126.234512,2.8,13.19,70.3,11,1.0,81.2,4.028,-4.4,0,1,947
2026-04-02T14:39:05,-6.093746,-126.232857,8.5,12.94,75.0,11,1.2,81.2,4.028,-4.4,0,1,948
2026-04-02T14:39:33,-6.093188,-126.231133,10.5,13.35,71.3,11,1.0,81.1,4.028,-4.4,0,1,949
2026-04-02T14:40:01,-6.092715,-126.229492,8.9,13.52,72.5,12,0.9,81.1,4.028,-4.4,0,1,950
2026-04-02T14:40:29,-6.092195,-126.227814,0.5,13.49,71.3,11,1.0,80.7,4.026,-4.4,0,1,951
2026-04-02T14:40:57,-6.091650,-126.226151,-3.9,12.73,69.2,12,0.9,80.9,4.028,-4.4,0,1,952
2026-04-02T14:41:25,-6.091148,-126.224472,-6.8,13.61,69.2,10,1.3,80.9,4.026,-4.4,0,1,953
2026-04-02T14:41:53,-6.090565,-126.222809,-3.3,13.66,65.5,9,2.8,80.7,4.026,-4.4,0,1,954
2026-04-02T14:42:21,-6.090048,-126.221107,-2.2,14.25,73.8,10,1.3,80.9,4.026,-4.4,0,1,955
2026-04-02T14:42:49,-6.089585,-126.219421,-4.7,13.60,76.8,10,1.3,80.9,4.028,-4.4,0,1,956
2026-04-02T14:43:17,-6.089033,-126.217751,-1.5,13.33,69.9,9,2.7,80.7,4.029,-4.4,0,1,957
2026-04-02T14:43:45,-6.088495,-126.216080,-3.7,12.89,72.8,10,1.3,80.7,4.026,-4.4,0,1,958
2026-04-02T14:44:13,-6.088000,-126.214386,-11.3,13.93,72.3,10,1.3,80.9,4.026,-4.4,0,1,959
2026-04-02T14:44:41,-6.087520,-126.212662,-7.4,12.87,73.1,9,3.0,80.7,4.025,-4.4,0,1,960
2026-04-02T14:45:09,-6.086973,-126.210968,-5.5,13.95,67.9,10,1.3,80.7,4.026,-4.4,0,1,961
2026-04-02T14:45:37,-6.086526,-126.209290,-8.2,12.97,75.1,9,2.7,80.7,4.028,-4.4,0,1,962
2026-04-02T14:46:05,-6.085883,-126.207657,-4.0,13.37,70.8,10,1.5,80.7,4.025,-4.4,0,1,963
2026-04-02T14:46:33,-6.085383,-126.205978,-5.5,12.34,68.7,10,1.5,80.7,4.025,-4.4,0,1,964
2026-04-02T14:47:01,-6.084895,-126.204285,1.8,13.10,67.3,10,1.5,80.9,4.025,-4.4,0,1,965
2026-04-02T14:47:29,-6.084279,-126.202637,-0.5,12.63,67.4,11,1.0,80.6,4.026,-4.2,0,1,966
2026-04-02T14:47:57,-6.083736,-126.200958,5.1,13.05,69.1,11,1.5,80.7,4.025,-4.4,0,1,967
2026-04-02T14:48:25,-6.083265,-126.199272,6.4,13.63,69.8,12,0.9,80.6,4.025,-4.2,0,1,968
2026-04-02T14:48:53,-6.082671,-126.197609,11.8,13.79,69.3,11,1.4,80.6,4.025,-4.2,0,1,969
2026-04-02T14:49:21,-6.082230,-126.195908,9.2,12.56,76.2,11,1.4,80.6,4.023,-4.2,0,1,970
2026-04-02T14:49:49,-6.081811,-126.194252,-1.2,13.06,69.1,10,2.0,80.6,4.024,-4.2,0,1,971
2026-04-02T14:50:17,-6.081202,-126.192604,11.1,12.40,74.8,10,2.3,80.6,4.025,-4.2,0,1,972
2026-04-02T14:50:45,-6.080659,-126.190979,13.6,13.36,71.8,11,1.4,80.4,4.024,-4.4,0,1,973
2026-04-02T14:51:13,-6.080208,-126.189354,7.9,12.94,69.3,12,0.9,80.6,4.025,-4.2,0,1,974
2026-04-02T14:51:41,-6.079629,-126.187698,19.1,13.50,72.6,10,2.0,80.9,4.024,-4.4,0,1,975
2026-04-02T14:52:09,-6.079257,-126.186020,7.8,13.55,74.5,10,2.0,80.4,4.023,-4.4,0,1,976
2026-04-02T14:52:37,-6.078742,-126.184349,9.6,13.98,74.4,10,2.0,80.4,4.025,-4.4,0,1,977
2026-04-02T14:53:05,-6.078391,-126.182678,7.8,13.10,66.1,10,2.0,80.3,4.025,-4.4,0,1,978
2026-04-02T14:53:33,-6.077990,-126.181007,-2.8,13.65,75.7,10,2.0,80.6,4.023,-4.2,0,1,979
2026-04-02T14:54:01,-6.077499,-126.179329,-9.6,13.45,77.4,11,1.4,80.4,4.024,-4.4,0,1,980
2026-04-02T14:54:29,-6.076941,-126.177689,-4.8,13.00,69.2,10,2.0,80.4,4.023,-4.4,0,1,981
2026-04-02T14:54:57,-6.076398,-126.176010,-3.6,13.74,69.2,11,1.4,80.7,4.024,-4.4,0,1,982
2026-04-02T14:55:25,-6.076018,-126.174339,-4.4,14.14,74.7,9,2.0,80.7,4.024,-4.4,0,1,983
2026-04-02T14:55:53,-6.075628,-126.172668,-20.7,12.72,77.1,11,1.3,80.3,4.021,-4.4,0,1,984
2026-04-02T14:56:21,-6.075111,-126.171021,-13.7,14.15,68.3,11,1.3,80.3,4.023,-4.4,0,1,985
2026-04-02T14:56:49,-6.074620,-126.169380,-9.5,13.50,74.0,11,1.3,79.9,4.024,-4.4,0,1,986
2026-04-02T14:57:17,-6.074151,-126.167709,-11.6,13.48,71.6,10,2.0,80.4,4.023,-4.4,0,1,987
2026-04-02T14:57:45,-6.073649,-126.166016,-11.6,13.58,74.0,10,2.0,80.4,4.023,-4.4,0,1,988
2026-04-02T14:58:13,-6.073083,-126.164330,-6.7,14.04,76.5,11,1.3,80.3,4.023,-4.4,0,1,989
2026-04-02T14:58:41,-6.072585,-126.162636,-5.1,13.49,75.1,9,2.0,80.1,4.021,-4.4,0,1,990
2026-04-02T14:59:09,-6.072088,-126.160934,-5.5,14.05,74.7,9,2.6,80.3,4.023,-4.4,0,1,991
2026-04-02T14:59:37,-6.071598,-126.159248,-5.1,13.78,71.6,9,2.6,80.1,4.023,-4.4,0,1,992
2026-04-02T15:00:05,-6.071070,-126.157555,-5.0,13.67,70.3,9,2.0,80.4,4.021,-4.4,0,1,993
2026-04-02T15:00:33,-6.070640,-126.155869,-9.8,13.51,77.4,9,2.0,80.3,4.021,-4.4,0,1,994
2026-04-02T15:01:01,-6.070092,-126.154175,-4.3,12.65,71.5,10,1.4,80.6,4.023,-4.2,0,1,995
2026-04-02T15:01:29,-6.069590,-126.152489,-4.6,13.60,74.6,9,2.6,80.1,4.020,-4.4,0,1,996
2026-04-02T15:01:57,-6.069118,-126.150826,-7.2,13.66,72.9,9,2.6,80.1,4.023,-4.4,0,1,997
2026-04-02T15:02:25,-6.068675,-126.149117,-17.6,13.50,74.1,9,2.6,80.3,4.021,-4.4,0,1,998
2026-04-02T15:02:53,-6.068158,-126.147430,-20.4,12.46,68.6,9,2.6,80.1,4.021,-4.4,0,1,999
2026-04-02T15:03:21,-6.067608,-126.145752,-6.5,13.28,72.4,9,2.0,80.1,4.020,-4.4,0,1,1000
2026-04-02T15:03:49,-6.067140,-126.144089,-16.8,13.72,69.6,9,2.7,80.4,4.020,-4.4,0,1,1001
2026-04-02T15:04:17,-6.066725,-126.142448,-17.2,13.71,76.5,9,2.0,80.1,4.020,-4.4,0,1,1002
2026-04-02T15:04:45,-6.066220,-126.140747,-18.5,13.37,73.6,9,2.0,80.3,4.020,-4.4,0,1,1003
2026-04-02T15:05:13,-6.065699,-126.139084,-15.3,13.14,73.1,9,2.7,79.8,4.020,-4.4,0,1,1004
2026-04-02T15:05:41,-6.065233,-126.137444,-6.3,12.87,74.8,9,2.0,80.4,4.019,-4.4,0,1,1005
2026-04-02T15:06:09,-6.064677,-126.135757,-7.0,13.22,76.3,9,2.0,80.1,4.019,-4.4,0,1,1006
2026-04-02T15:06:37,-6.064137,-126.134102,-4.2,13.38,74.2,9,2.7,80.1,4.019,-4.4,0,1,1007
2026-04-02T15:07:05,-6.063730,-126.132431,-10.4,13.18,74.2,9,2.7,79.9,4.020,-4.4,0,1,1008
2026-04-02T15:07:33,-6.063250,-126.130730,-10.6,13.71,74.8,9,1.9,80.1,4.020,-4.4,0,1,1009
2026-04-02T15:08:01,-6.062650,-126.129021,8.6,13.22,75.8,9,2.7,79.8,4.019,-4.4,0,1,1010
2026-04-02T15:08:29,-6.062115,-126.127350,6.1,13.63,73.5,9,1.9,79.8,4.020,-4.4,0,1,1011
2026-04-02T15:08:57,-6.061653,-126.125648,2.3,13.31,74.3,9,1.9,79.6,4.019,-4.4,0,1,1012
2026-04-02T15:09:25,-6.061263,-126.123940,-1.9,13.95,75.8,9,1.9,79.8,4.017,-4.4,0,1,1013
2026-04-02T15:09:53,-6.060835,-126.122238,-5.9,13.82,79.7,9,2.6,79.9,4.020,-4.4,0,1,1014
2026-04-02T15:10:21,-6.060328,-126.120560,-1.9,12.94,73.6,9,1.9,80.1,4.019,-4.4,0,1,1015
2026-04-02T15:10:49,-6.059857,-126.118889,2.1,13.93,70.6,9,1.9,79.6,4.019,-4.4,0,1,1016
2026-04-02T15:11:17,-6.059448,-126.117233,4.2,12.62,72.5,9,1.9,79.6,4.020,-4.4,0,1,1017
2026-04-02T15:11:45,-6.058980,-126.115555,0.0,13.30,78.1,9,1.9,79.6,4.017,-4.4,0,1,1018
2026-04-02T15:12:13,-6.058535,-126.113922,5.1,13.65,71.0,9,2.6,79.8,4.017,-4.4,0,1,1019
2026-04-02T15:12:41,-6.058148,-126.112297,-3.8,12.45,68.9,9,1.9,79.6,4.016,-4.4,0,1,1020
2026-04-02T15:13:09,-6.057675,-126.110657,10.4,13.23,70.2,9,2.6,79.6,4.017,-4.4,0,1,1021
2026-04-02T15:13:37,-6.057325,-126.109016,13.4,12.47,75.9,9,2.6,79.9,4.017,-4.4,0,1,1022
2026-04-02T15:14:05,-6.056957,-126.107315,8.5,13.44,78.3,10,1.8,79.6,4.017,-4.4,0,1,1023
2026-04-02T15:14:33,-6.056545,-126.105614,-6.0,13.85,75.6,10,1.8,79.8,4.019,-4.4,0,1,1024
2026-04-02T15:15:01,-6.056103,-126.103935,-12.5,13.64,73.8,10,1.8,79.9,4.017,-4.4,0,1,1025
2026-04-02T15:15:29,-6.055663,-126.102272,-9.4,13.90,73.2,10,1.8,79.6,4.016,-4.4,0,1,1026
2026-04-02T15:15:57,-6.055237,-126.100594,-0.9,13.57,81.5,10,1.8,79.4,4.016,-4.4,0,1,1027
2026-04-02T15:16:25,-6.054800,-126.098930,0.3,13.40,80.4,10,1.8,79.6,4.016,-4.4,0,1,1028
2026-04-02T15:16:53,-6.054410,-126.097244,-1.3,12.77,81.7,10,1.8,79.8,4.016,-4.4,0,1,1029
2026-04-02T15:17:21,-6.054079,-126.095551,-5.8,13.59,78.0,10,1.8,79.4,4.016,-4.4,0,1,1030
2026-04-02T15:17:49,-6.053607,-126.093849,-3.2,13.71,82.3,10,1.8,79.6,4.015,-4.4,0,1,1031
2026-04-02T15:18:17,-6.053155,-126.092163,-3.6,13.23,75.2,10,1.8,79.3,4.015,-4.2,0,1,1032
2026-04-02T15:18:45,-6.052710,-126.090469,0.7,13.88,78.4,10,1.8,79.3,4.015,-4.2,0,1,1033
2026-04-02T15:19:13,-6.052335,-126.088783,-2.8,13.41,80.7,10,1.8,79.6,4.015,-4.4,0,1,1034
2026-04-02T15:19:41,-6.051862,-126.087044,3.2,13.65,73.6,10,1.8,79.4,4.015,-4.4,0,1,1035
2026-04-02T15:20:09,-6.051468,-126.085327,7.2,12.53,69.8,10,1.8,79.6,4.015,-4.4,0,1,1036
2026-04-02T15:20:37,-6.051110,-126.083633,8.9,12.91,81.7,10,1.7,79.3,4.016,-4.2,0,1,1037
2026-04-02T15:21:05,-6.050745,-126.081932,6.3,14.22,79.3,9,2.3,79.3,4.015,-4.2,0,1,1038
2026-04-02T15:21:33,-6.050298,-126.080254,5.1,13.74,76.7,10,1.7,79.1,4.015,-4.4,0,1,1039
2026-04-02T15:22:01,-6.049856,-126.078552,8.1,13.01,70.2,11,1.7,79.1,4.015,-4.4,0,1,1040
2026-04-02T15:22:29,-6.049338,-126.076851,17.0,14.19,70.8,11,1.7,79.1,4.014,-4.4,0,1,1041
2026-04-02T15:22:57,-6.048863,-126.075150,19.7,14.88,76.1,11,1.7,79.4,4.016,-4.4,0,1,1042
2026-04-02T15:23:25,-6.048398,-126.073494,22.9,13.24,77.8,11,1.7,79.4,4.015,-4.4,0,1,1043
2026-04-02T15:23:53,-6.048030,-126.071846,16.4,13.27,74.4,11,1.7,79.1,4.014,-4.4,0,1,1044
2026-04-02T15:24:21,-6.047667,-126.070129,13.0,13.69,80.7,11,1.7,79.4,4.012,-4.4,0,1,1045
2026-04-02T15:24:49,-6.047153,-126.068451,15.0,12.62,70.5,11,1.6,79.3,4.014,-4.2,0,1,1046
2026-04-02T15:25:17,-6.046800,-126.066765,8.3,14.05,75.2,11,1.6,79.3,4.012,-4.2,0,1,1047
2026-04-02T15:25:45,-6.046272,-126.065079,14.4,13.66,73.3,11,1.6,79.1,4.015,-4.4,0,1,1048
2026-04-02T15:26:13,-6.045873,-126.063370,12.6,14.10,72.4,11,1.6,79.1,4.014,-4.4,0,1,1049
2026-04-02T15:26:41,-6.045235,-126.061722,21.1,13.28,76.5,11,1.6,79.0,4.014,-4.4,0,1,1050
2026-04-02T15:27:09,-6.044905,-126.060074,10.3,13.35,76.8,11,1.6,79.1,4.012,-4.4,0,1,1051
2026-04-02T15:27:37,-6.044388,-126.058403,18.5,12.97,74.9,11,1.6,79.3,4.011,-4.2,0,1,1052
2026-04-02T15:28:05,-6.043978,-126.056740,12.2,12.94,73.9,11,1.6,79.0,4.012,-4.4,0,1,1053
2026-04-02T15:28:33,-6.043652,-126.055069,9.4,13.19,78.2,11,1.6,79.3,4.014,-4.2,0,1,1054
2026-04-02T15:29:01,-6.043045,-126.053429,22.6,13.22,73.3,11,1.6,78.8,4.014,-4.4,0,1,1055
2026-04-02T15:29:29,-6.042658,-126.051727,11.1,12.83,76.9,11,1.6,79.1,4.012,2106.4,0,1,1056
2026-04-02T15:29:57,-6.042275,-126.049995,-6.4,13.51,73.0,11,1.5,79.3,4.014,-4.2,0,1,1057
2026-04-02T15:30:25,-6.041915,-126.048294,-19.9,13.28,81.3,11,1.5,79.0,4.011,-4.4,0,1,1058
2026-04-02T15:30:53,-6.041425,-126.046646,-8.8,13.15,76.1,11,1.5,79.1,4.012,-4.4,0,1,1059
2026-04-02T15:31:21,-6.040880,-126.044983,1.3,12.78,77.8,11,1.5,78.8,4.012,-4.4,0,1,1060
2026-04-02T15:31:49,-6.040428,-126.043327,0.1,13.15,75.1,11,1.5,79.0,4.012,-4.4,0,1,1061
2026-04-02T15:32:17,-6.040007,-126.041687,4.2,13.71,79.5,11,1.5,79.0,4.011,-4.4,0,1,1062
2026-04-02T15:32:45,-6.039522,-126.040077,1.1,13.22,75.8,11,1.5,79.1,4.012,-4.4,0,1,1063
2026-04-02T15:33:13,-6.039046,-126.038467,7.8,13.38,77.1,11,1.5,78.8,4.011,-4.4,0,1,1064
2026-04-02T15:33:41,-6.038635,-126.036797,7.9,12.99,75.0,12,1.1,78.8,4.010,-4.4,0,1,1065
2026-04-02T15:34:09,-6.038275,-126.035110,-3.4,13.12,79.8,12,1.1,78.8,4.011,-4.4,0,1,1066
2026-04-02T15:34:37,-6.037847,-126.033409,6.9,13.53,75.5,11,1.5,79.0,4.010,-4.4,0,1,1067
2026-04-02T15:35:05,-6.037445,-126.031708,3.2,13.47,74.2,11,1.5,78.8,4.009,-4.4,0,1,1068
2026-04-02T15:35:33,-6.037053,-126.030006,4.2,13.18,77.7,11,1.5,79.0,4.010,-4.4,0,1,1069
2026-04-02T15:36:01,-6.036630,-126.028336,2.4,13.00,75.1,12,1.1,78.8,4.011,-4.4,0,1,1070
2026-04-02T15:36:29,-6.036013,-126.026703,5.4,13.76,75.3,11,1.4,78.8,4.011,-4.4,0,1,1071
2026-04-02T15:36:57,-6.035555,-126.024986,2.3,13.49,67.3,12,1.1,78.6,4.010,-4.4,0,1,1072
2026-04-02T15:37:25,-6.035105,-126.023293,-8.3,13.15,67.3,11,1.4,78.6,4.010,-4.4,0,1,1073
2026-04-02T15:37:53,-6.034650,-126.021622,-1.9,12.88,70.3,12,1.1,78.8,4.012,-4.4,0,1,1074
2026-04-02T15:38:21,-6.034142,-126.019966,-4.0,13.06,76.9,12,1.1,78.6,4.010,-4.4,0,1,1075
2026-04-02T15:38:49,-6.033620,-126.018318,-5.3,13.65,69.7,12,1.1,78.8,4.009,-4.4,0,1,1076
2026-04-02T15:39:17,-6.033205,-126.016655,-7.8,13.43,78.2,12,1.1,78.5,4.010,-4.4,0,1,1077
2026-04-02T15:39:45,-6.032631,-126.015030,-3.7,13.02,67.9,12,1.1,78.8,4.008,-4.4,0,1,1078
2026-04-02T15:40:13,-6.032100,-126.013390,-5.8,13.41,71.4,11,1.4,78.8,4.010,-4.4,0,1,1079
2026-04-02T15:40:41,-6.031645,-126.011711,-2.0,13.35,78.2,12,1.1,78.3,4.010,-4.4,0,1,1080
2026-04-02T15:41:09,-6.031258,-126.010010,-3.3,13.23,65.7,12,1.1,78.6,4.008,-4.4,0,1,1081
2026-04-02T15:41:37,-6.030773,-126.008331,-3.0,13.08,73.1,12,1.1,79.0,4.010,-4.4,0,1,1082
2026-04-02T15:42:05,-6.030276,-126.006691,-3.3,13.20,70.0,12,1.1,78.6,4.009,-4.4,0,1,1083
2026-04-02T15:42:33,-6.029751,-126.005028,-4.1,12.75,68.9,12,1.1,78.5,4.009,-4.4,0,1,1084
2026-04-02T15:43:01,-6.029225,-126.003380,-4.0,13.18,74.2,12,1.1,78.6,4.006,-4.4,0,1,1085
2026-04-02T15:43:29,-6.028796,-126.001678,2.5,13.00,76.0,12,1.1,78.3,4.008,-4.4,0,1,1086
2026-04-02T15:43:57,-6.028268,-126.000015,-3.5,12.77,71.3,11,1.3,78.3,4.008,-4.4,0,1,1087
2026-04-02T15:44:25,-6.027835,-125.998352,1.0,13.84,70.2,11,1.1,78.6,4.009,-4.4,0,1,1088
2026-04-02T15:44:53,-6.027242,-125.996727,-3.9,12.85,69.7,12,1.1,78.3,4.006,-4.4,0,1,1089
2026-04-02T15:45:21,-6.026765,-125.995056,-3.7,13.41,74.0,10,1.4,78.3,4.009,-4.4,0,1,1090
2026-04-02T15:45:49,-6.026259,-125.993431,4.7,13.15,71.3,11,1.1,78.1,4.008,-4.4,0,1,1091
2026-04-02T15:46:17,-6.025718,-125.991783,5.9,13.58,71.7,11,1.1,78.3,4.005,-4.4,0,1,1092
2026-04-02T15:46:45,-6.025219,-125.990181,3.2,12.63,69.2,11,1.1,78.1,4.006,-4.4,0,1,1093
2026-04-02T15:47:13,-6.024671,-125.988541,8.6,13.02,72.8,11,1.1,78.5,4.008,-4.4,0,1,1094
2026-04-02T15:47:41,-6.024158,-125.986916,7.2,13.34,70.8,10,1.3,78.1,4.008,-4.4,0,1,1095
2026-04-02T15:48:09,-6.023670,-125.985268,5.7,12.59,68.9,11,1.1,78.3,4.005,-4.4,0,1,1096
2026-04-02T15:48:37,-6.023069,-125.983681,7.2,12.64,67.4,11,1.1,78.8,4.006,-4.4,0,1,1097
2026-04-02T15:49:05,-6.022533,-125.982079,5.4,12.18,70.8,11,1.4,78.1,4.006,-4.4,0,1,1098
2026-04-02T15:49:33,-6.022091,-125.980400,13.9,12.45,71.1,11,1.1,78.3,4.005,-4.4,0,1,1099
2026-04-02T15:50:01,-6.021598,-125.978806,12.2,13.51,70.1,11,1.1,78.1,4.005,-4.4,0,1,1100
2026-04-02T15:50:29,-6.021183,-125.977165,8.7,12.93,76.8,11,1.1,77.8,4.008,-4.4,0,1,1101
2026-04-02T15:50:57,-6.020637,-125.975563,6.8,13.05,68.2,11,1.1,78.1,4.004,-4.4,0,1,1102
2026-04-02T15:51:25,-6.020223,-125.973900,12.0,13.52,76.7,11,1.1,77.8,4.005,-4.4,0,1,1103
2026-04-02T15:51:53,-6.019661,-125.972298,11.0,13.72,70.8,11,1.1,78.1,4.005,-4.4,0,1,1104
2026-04-02T15:52:21,-6.019235,-125.970650,8.4,12.41,69.1,11,1.1,78.0,4.005,-4.2,0,1,1105
2026-04-02T15:52:49,-6.018686,-125.969048,5.1,12.76,73.9,11,1.1,78.1,4.006,-4.4,0,1,1106
2026-04-02T15:53:17,-6.018110,-125.967415,-0.1,13.74,76.1,11,1.1,78.1,4.006,-4.4,0,1,1107
2026-04-02T15:53:45,-6.017581,-125.965721,11.3,13.34,78.4,11,1.4,77.8,4.008,-4.4,0,1,1108
2026-04-02T15:54:14,-6.016991,-125.964073,17.1,13.70,78.0,12,1.1,78.1,4.001,-4.4,0,1,1109
2026-04-02T15:54:42,-6.016470,-125.962410,15.3,13.14,67.4,11,1.2,78.3,4.004,-4.4,0,1,1110
2026-04-02T15:55:10,-6.015935,-125.960739,18.3,12.39,66.1,12,1.1,78.1,4.005,-4.4,0,1,1111
2026-04-02T15:55:38,-6.015335,-125.959091,28.4,13.36,66.2,12,1.1,78.0,4.005,-4.2,0,1,1112
2026-04-02T15:56:06,-6.014827,-125.957466,26.0,12.27,75.7,12,1.1,77.8,4.001,-4.4,0,1,1113
2026-04-02T15:56:34,-6.014379,-125.955750,21.4,12.44,72.1,11,1.2,77.8,4.005,-4.4,0,1,1114
2026-04-02T15:57:02,-6.013917,-125.954033,26.8,12.87,71.4,11,1.2,78.1,4.004,-4.4,0,1,1115
2026-04-02T15:57:30,-6.013371,-125.952370,26.4,12.76,64.2,10,1.6,78.3,4.004,-4.4,0,1,1116
2026-04-02T15:57:58,-6.012902,-125.950691,26.2,12.70,71.9,12,1.0,77.8,4.004,-4.4,0,1,1117
2026-04-02T15:58:26,-6.012340,-125.949081,33.8,13.20,67.7,12,1.0,77.6,4.004,-4.4,0,1,1118
2026-04-02T15:58:54,-6.011820,-125.947441,27.8,13.87,72.4,12,1.0,77.8,4.003,-4.4,0,1,1119
2026-04-02T15:59:22,-6.011183,-125.945961,32.6,12.37,67.8,12,1.0,77.8,4.004,-4.4,0,1,1120
2026-04-02T15:59:50,-6.010697,-125.944298,35.6,13.53,68.7,11,1.1,77.8,4.004,-4.4,0,1,1121
2026-04-02T16:00:18,-6.010207,-125.942642,32.9,12.85,70.5,11,1.1,77.6,4.004,-4.4,0,1,1122
2026-04-02T16:00:46,-6.009627,-125.941032,31.0,13.09,76.5,11,1.1,77.5,4.003,-4.4,0,1,1123
2026-04-02T16:01:14,-6.009090,-125.939354,42.5,13.11,70.7,11,1.1,78.0,4.003,-4.2,0,1,1124
2026-04-02T16:01:42,-6.008507,-125.937782,27.8,12.24,71.4,11,1.1,77.8,4.003,-4.4,0,1,1125
2026-04-02T16:02:10,-6.008017,-125.936157,20.0,13.13,73.7,10,1.5,77.8,4.003,-4.4,0,1,1126
2026-04-02T16:02:38,-6.007612,-125.934410,26.9,13.84,68.2,11,1.1,77.8,4.004,-4.4,0,1,1127
2026-04-02T16:03:06,-6.007150,-125.932709,30.2,13.93,81.7,10,1.5,77.6,4.003,-4.4,0,1,1128
2026-04-02T16:03:34,-6.006645,-125.931122,25.7,11.92,65.8,10,1.5,77.8,4.003,-4.4,0,1,1129
2026-04-02T16:04:02,-6.006117,-125.929474,24.3,13.18,71.7,10,1.5,77.5,4.003,-4.4,0,1,1130
2026-04-02T16:04:30,-6.005685,-125.927795,23.5,12.91,75.5,10,1.4,77.6,4.001,-4.4,0,1,1131
2026-04-02T16:04:58,-6.005229,-125.926147,25.6,13.24,71.7,10,1.4,77.5,4.000,-4.4,0,1,1132
2026-04-02T16:05:26,-6.004738,-125.924454,25.2,12.56,70.7,10,1.4,77.6,4.003,-4.4,0,1,1133
2026-04-02T16:05:54,-6.004275,-125.922729,13.3,13.64,71.0,10,1.4,77.8,4.000,-4.4,0,1,1134
2026-04-02T16:06:22,-6.003823,-125.921059,5.9,13.87,73.8,10,1.4,77.6,4.001,-4.4,0,1,1135
2026-04-02T16:06:50,-6.003367,-125.919334,11.7,12.79,75.3,10,1.4,77.6,3.999,2067.3,0,1,1136
2026-04-02T16:07:18,-6.002888,-125.917671,20.8,13.47,78.1,10,1.4,77.3,3.999,-4.4,0,1,1137
2026-04-02T16:07:46,-6.002417,-125.915993,12.5,13.15,68.4,10,1.4,77.6,4.000,-4.4,0,1,1138
2026-04-02T16:08:14,-6.001850,-125.914383,20.1,12.95,72.8,9,1.4,77.5,4.000,-4.4,0,1,1139
2026-04-02T16:08:42,-6.001390,-125.912727,22.8,12.98,70.9,11,1.2,77.6,4.001,-4.4,0,1,1140
2026-04-02T16:09:10,-6.001025,-125.911011,24.2,13.27,77.2,12,1.0,77.5,3.999,-4.4,0,1,1141
2026-04-02T16:09:38,-6.000488,-125.909401,24.9,13.47,72.5,11,1.0,77.2,4.000,-4.4,0,1,1142
2026-04-02T16:10:06,-6.000145,-125.907661,27.7,13.03,78.1,12,1.0,77.3,4.000,-4.4,0,1,1143
2026-04-02T16:10:34,-5.999646,-125.906006,25.1,13.19,68.8,11,1.0,77.2,4.000,-4.4,0,1,1144
2026-04-02T16:11:02,-5.999172,-125.904381,11.8,13.53,73.7,12,0.9,77.3,4.000,-4.4,0,1,1145
2026-04-02T16:11:29,-5.998603,-125.902786,25.1,11.81,68.9,12,1.0,77.6,4.001,-4.4,0,1,1146
2026-04-02T16:11:57,-5.998152,-125.901184,17.6,12.48,65.3,12,1.0,77.3,4.001,-4.4,0,1,1147
2026-04-02T16:12:25,-5.997660,-125.899574,20.5,11.41,68.8,13,0.9,77.2,4.000,-4.4,0,1,1148
2026-04-02T16:12:54,-5.997265,-125.897903,34.3,12.23,73.6,12,1.0,77.0,3.999,-4.4,0,1,1149
2026-04-02T16:13:21,-5.996748,-125.896309,37.9,13.19,75.1,11,1.1,77.3,3.999,-4.4,0,1,1150
2026-04-02T16:13:50,-5.996312,-125.894653,31.3,13.08,72.3,10,1.4,77.5,4.000,-4.4,0,1,1151
2026-04-02T16:14:17,-5.995780,-125.893028,29.8,13.34,73.1,12,1.0,77.3,3.997,-4.4,0,1,1152
2026-04-02T16:14:45,-5.995325,-125.891350,24.6,13.09,76.3,12,1.0,77.5,4.001,-4.4,0,1,1153
2026-04-02T16:15:13,-5.994865,-125.889702,21.2,13.35,69.9,12,1.0,77.2,4.000,-4.4,0,1,1154
2026-04-02T16:15:41,-5.994410,-125.888023,27.7,13.41,72.6,12,1.0,77.2,3.999,-4.4,0,1,1155
2026-04-02T16:16:09,-5.993922,-125.886360,30.1,13.57,78.2,11,1.3,77.2,3.999,-4.4,0,1,1156
2026-04-02T16:16:37,-5.993423,-125.884697,33.0,12.54,76.7,12,1.0,77.2,3.997,-4.4,0,1,1157
2026-04-02T16:17:05,-5.992933,-125.883057,31.2,13.20,69.6,11,1.3,77.2,4.000,-4.4,0,1,1158
2026-04-02T16:17:33,-5.992505,-125.881371,33.1,12.78,74.1,11,1.3,77.2,3.999,-4.4,0,1,1159
2026-04-02T16:18:01,-5.992002,-125.879753,32.1,12.94,76.3,11,1.3,77.2,3.997,-4.4,0,1,1160
2026-04-02T16:18:29,-5.991537,-125.878067,25.4,14.08,81.9,12,1.0,77.2,3.997,-4.4,0,1,1161
2026-04-02T16:18:57,-5.991098,-125.876442,21.1,13.43,73.9,11,1.3,77.2,3.997,-4.4,0,1,1162
2026-04-02T16:19:25,-5.990626,-125.874763,18.4,12.79,78.8,11,1.3,76.8,3.996,-4.4,0,1,1163
2026-04-02T16:19:53,-5.990087,-125.873116,28.3,13.18,74.2,11,1.3,77.0,3.997,-4.4,0,1,1164
2026-04-02T16:20:21,-5.989656,-125.871452,23.7,12.66,78.8,10,1.4,76.8,3.996,-4.4,0,1,1165
2026-04-02T16:20:49,-5.989242,-125.869759,20.0,13.29,75.1,11,1.3,77.2,3.995,-4.4,0,1,1166
2026-04-02T16:21:17,-5.988760,-125.868095,11.9,13.66,72.8,10,1.4,77.0,3.996,-4.4,0,1,1167
2026-04-02T16:21:45,-5.988290,-125.866447,17.3,13.60,73.9,12,1.0,76.8,3.997,-4.4,0,1,1168
2026-04-02T16:22:13,-5.987893,-125.864769,11.3,13.37,74.0,10,1.4,76.8,3.996,-4.4,0,1,1169
2026-04-02T16:22:41,-5.987307,-125.863167,24.2,14.15,71.5,12,0.9,76.8,3.995,-4.4,0,1,1170
2026-04-02T16:23:09,-5.986812,-125.861542,15.4,12.97,76.3,11,1.2,77.0,3.997,-4.4,0,1,1171
2026-04-02T16:23:37,-5.986432,-125.859863,12.0,12.93,73.8,11,1.2,76.8,3.995,-4.4,0,1,1172
2026-04-02T16:24:05,-5.985920,-125.858231,15.0,13.60,72.3,11,1.2,77.0,3.997,-4.4,0,1,1173
2026-04-02T16:24:33,-5.985455,-125.856575,17.2,13.49,71.5,10,1.3,76.8,3.995,-4.4,0,1,1174
2026-04-02T16:25:01,-5.984895,-125.855003,10.7,13.05,75.9,12,1.0,76.8,3.996,-4.4,0,1,1175
2026-04-02T16:25:29,-5.984433,-125.853340,14.8,12.21,75.6,11,1.2,76.8,3.996,-4.4,0,1,1176
2026-04-02T16:25:57,-5.984005,-125.851715,3.0,13.57,76.1,10,1.3,76.8,3.996,-4.4,0,1,1177
2026-04-02T16:26:25,-5.983488,-125.850006,12.6,12.94,73.6,10,1.3,76.8,3.995,-4.4,0,1,1178
2026-04-02T16:26:53,-5.983051,-125.848358,11.1,13.37,70.2,10,1.3,76.7,3.995,-4.2,0,1,1179
2026-04-02T16:27:21,-5.982545,-125.846718,5.9,12.74,75.4,11,1.2,76.8,3.996,-4.4,0,1,1180
2026-04-02T16:27:49,-5.982059,-125.845055,-5.2,12.82,72.3,10,1.3,76.7,3.997,-4.2,0,1,1181
2026-04-02T16:28:17,-5.981610,-125.843414,-11.6,12.77,72.1,10,1.3,76.8,3.995,2045.5,0,1,1182
2026-04-02T16:28:45,-5.981126,-125.841743,-12.5,12.98,75.2,11,1.2,76.7,3.996,-4.2,0,1,1183
2026-04-02T16:29:13,-5.980613,-125.840088,-15.5,13.29,72.5,9,1.4,76.8,3.995,-4.4,0,1,1184
2026-04-02T16:29:41,-5.980135,-125.838440,-8.1,12.69,79.4,10,1.2,76.8,3.993,-4.4,0,1,1185
2026-04-02T16:30:09,-5.979620,-125.836800,-8.2,12.70,75.5,8,1.3,76.7,3.996,-4.2,0,1,1186
2026-04-02T16:30:37,-5.979168,-125.835159,-4.1,12.44,80.3,8,1.3,76.7,3.994,-4.2,0,1,1187
2026-04-02T16:31:05,-5.978725,-125.833488,-14.8,13.54,75.1,8,1.3,76.5,3.995,-4.4,0,1,1188
2026-04-02T16:31:33,-5.978179,-125.831818,-7.2,12.64,70.1,8,1.3,76.7,3.995,-4.2,0,1,1189
2026-04-02T16:32:01,-5.977730,-125.830154,2.7,13.75,75.2,8,1.3,76.7,3.995,-4.2,0,1,1190
2026-04-02T16:32:29,-5.977268,-125.828491,-2.2,13.42,77.2,8,1.3,76.7,3.995,-4.2,0,1,1191
2026-04-02T16:32:57,-5.976775,-125.826805,-2.3,13.56,77.3,8,1.2,76.5,3.993,-4.4,0,1,1192
2026-04-02T16:33:25,-5.976303,-125.825127,-2.9,13.41,73.2,8,1.3,76.3,3.994,-4.4,0,1,1193
2026-04-02T16:33:53,-5.975871,-125.823425,-3.3,13.55,70.5,8,1.3,76.8,3.996,-4.4,0,1,1194
2026-04-02T16:34:21,-5.975416,-125.821762,-3.6,12.91,69.7,8,1.3,76.3,3.993,-4.4,0,1,1195
2026-04-02T16:34:49,-5.974928,-125.820137,-1.2,12.80,76.0,7,1.3,76.5,3.993,-4.4,0,1,1196
2026-04-02T16:35:17,-5.974390,-125.818474,4.8,12.89,73.7,7,1.3,76.5,3.994,-4.4,0,1,1197
2026-04-02T16:35:45,-5.973985,-125.816803,5.5,12.26,78.0,7,1.3,76.7,3.993,-4.2,0,1,1198
2026-04-02T16:36:13,-5.973456,-125.815193,19.1,13.11,73.8,7,1.3,76.3,3.993,-4.4,0,1,1199
2026-04-02T16:36:41,-5.973026,-125.813469,33.3,13.18,76.4,8,1.2,76.3,3.994,-4.4,0,1,1200
2026-04-02T16:37:09,-5.972502,-125.811867,37.9,11.94,78.2,7,1.3,76.3,3.991,-4.4,0,1,1201
2026-04-02T16:37:37,-5.972033,-125.810226,33.7,12.33,74.9,7,1.3,76.2,3.991,-4.4,0,1,1202
2026-04-02T16:38:05,-5.971576,-125.808617,22.2,13.30,75.6,8,1.2,76.3,3.991,-4.4,0,1,1203
2026-04-02T16:38:33,-5.971148,-125.806976,11.6,13.14,71.9,9,1.1,76.3,3.991,-4.4,0,1,1204
2026-04-02T16:39:01,-5.970811,-125.805283,0.0,12.88,67.1,7,1.3,76.2,3.991,-4.4,0,1,1205
2026-04-02T16:39:29,-5.970423,-125.803635,-11.5,11.89,78.4,8,1.2,76.2,3.989,-4.4,0,1,1206
2026-04-02T16:39:57,-5.970002,-125.801956,-11.2,12.83,76.2,8,1.2,76.2,3.995,-4.4,0,1,1207
2026-04-02T16:40:25,-5.969580,-125.800323,-14.2,13.10,66.7,8,1.2,76.3,3.991,-4.4,0,1,1208
2026-04-02T16:40:53,-5.969146,-125.798645,-10.8,13.19,71.6,8,1.2,76.2,3.993,-4.4,0,1,1209
2026-04-02T16:41:21,-5.968693,-125.797005,-17.6,13.25,80.9,8,1.2,76.0,3.991,-4.4,0,1,1210
2026-04-02T16:41:49,-5.968202,-125.795380,-23.1,12.72,75.3,8,1.2,76.2,3.991,-4.4,0,1,1211
2026-04-02T16:42:17,-5.967796,-125.793739,-26.6,13.20,72.8,8,1.2,76.2,3.990,2028.2,0,1,1212
2026-04-02T16:42:45,-5.967363,-125.792053,-23.4,13.26,73.3,8,1.2,76.3,3.990,-4.4,0,1,1213
2026-04-02T16:43:13,-5.966945,-125.790398,-24.4,13.72,79.0,8,1.2,76.0,3.993,-4.4,0,1,1214
2026-04-02T16:43:41,-5.966497,-125.788765,-28.6,13.33,77.5,9,1.1,76.2,3.990,-4.4,0,1,1215
2026-04-02T16:44:09,-5.966047,-125.787071,2.5,12.77,75.5,9,1.1,76.2,3.995,-4.4,0,1,1216
2026-04-02T16:44:37,-5.965539,-125.785408,11.8,13.33,75.5,7,1.4,76.2,3.989,-4.4,0,1,1217
2026-04-02T16:45:05,-5.965130,-125.783783,17.1,13.39,80.0,8,1.2,75.9,3.995,-4.4,0,1,1218
2026-04-02T16:45:33,-5.964692,-125.782158,21.6,13.25,74.4,8,1.2,76.2,3.989,-4.4,0,1,1219
2026-04-02T16:46:01,-5.964277,-125.780495,24.3,13.57,77.2,8,1.3,76.0,3.987,-4.4,0,1,1220
2026-04-02T16:46:29,-5.963865,-125.778816,26.0,13.68,72.5,9,1.1,76.2,3.990,-4.4,0,1,1221
2026-04-02T16:46:57,-5.963408,-125.777168,26.9,12.99,73.3,9,1.1,76.2,3.991,-4.4,0,1,1222
2026-04-02T16:47:25,-5.962965,-125.775490,27.2,13.57,75.3,9,1.3,76.0,3.989,-4.4,0,1,1223
2026-04-02T16:47:53,-5.962568,-125.773865,30.0,12.28,71.7,8,1.3,76.0,3.991,-4.4,0,1,1224
2026-04-02T16:48:21,-5.962145,-125.772263,28.8,12.67,73.9,9,1.1,76.0,3.989,2023.8,0,1,1225
2026-04-02T16:48:49,-5.961760,-125.770599,27.1,13.32,77.1,9,1.1,75.9,3.990,-4.4,0,1,1226
2026-04-02T16:49:17,-5.961357,-125.768959,24.0,12.76,73.0,9,1.1,75.9,3.990,-4.4,0,1,1227
2026-04-02T16:49:45,-5.960927,-125.767296,19.9,13.97,74.6,9,1.1,76.0,3.990,-4.4,0,1,1228
2026-04-02T16:50:13,-5.960493,-125.765656,19.6,12.83,76.0,9,1.1,76.2,3.989,-4.4,0,1,1229
2026-04-02T16:50:41,-5.960088,-125.763992,16.1,11.92,76.4,9,1.1,76.0,3.989,-4.4,0,1,1230
2026-04-02T16:51:09,-5.959677,-125.762329,16.2,13.41,78.2,9,1.1,75.7,3.989,-4.4,0,1,1231
2026-04-02T16:51:37,-5.959275,-125.760704,12.7,12.75,71.7,9,1.2,75.7,3.986,-4.4,0,1,1232
2026-04-02T16:52:05,-5.958873,-125.759064,10.7,12.98,74.8,9,1.1,75.5,3.987,-4.4,0,1,1233
2026-04-02T16:52:33,-5.958460,-125.757401,10.4,13.40,74.0,8,1.1,75.7,3.987,-4.4,0,1,1234
2026-04-02T16:53:01,-5.958053,-125.755760,14.1,13.14,78.9,8,1.1,75.7,3.987,-4.4,0,1,1235
2026-04-02T16:53:29,-5.957603,-125.754112,13.1,13.27,75.0,8,1.1,75.9,3.987,-4.4,0,1,1236
2026-04-02T16:53:57,-5.957220,-125.752472,14.1,13.24,75.2,8,1.1,75.7,3.989,-4.4,0,1,1237
2026-04-02T16:54:25,-5.956735,-125.750847,9.3,12.74,71.0,9,1.1,76.0,3.987,-4.4,0,1,1238
2026-04-02T16:54:53,-5.956297,-125.749184,-3.0,12.23,73.5,8,1.2,75.7,3.986,-4.4,0,1,1239
2026-04-02T16:55:21,-5.955828,-125.747574,1.1,13.22,76.1,8,1.1,75.7,3.987,-4.4,0,1,1240
2026-04-02T16:55:49,-5.955342,-125.745956,3.7,13.34,74.6,9,1.1,75.7,3.987,-4.4,0,1,1241
2026-04-02T16:56:17,-5.954888,-125.744324,0.4,13.01,78.4,8,1.1,75.9,3.987,-4.4,0,1,1242
2026-04-02T16:56:45,-5.954389,-125.742668,1.5,12.92,75.9,9,1.1,75.7,3.987,-4.4,0,1,1243
2026-04-02T16:57:13,-5.953833,-125.741058,-0.3,13.77,70.5,8,1.1,75.7,3.987,-4.4,0,1,1244
2026-04-02T16:57:41,-5.953360,-125.739433,-5.9,13.30,70.8,8,1.1,75.5,3.990,-4.4,0,1,1245
2026-04-02T16:58:09,-5.952903,-125.737808,-9.3,12.70,74.3,8,1.1,75.5,3.987,-4.4,0,1,1246
2026-04-02T16:58:37,-5.952363,-125.736176,-9.4,13.27,69.8,8,1.1,75.7,3.985,-4.4,0,1,1247
2026-04-02T16:59:05,-5.951921,-125.734505,-5.8,12.48,77.4,8,1.2,75.9,3.986,-4.4,0,1,1248
2026-04-02T16:59:33,-5.951427,-125.732925,-5.2,13.06,69.7,8,1.1,76.0,3.986,-4.4,0,1,1249
2026-04-02T17:00:01,-5.950908,-125.731331,-2.3,12.38,77.1,8,1.1,75.4,3.985,-4.2,0,1,1250
2026-04-02T17:00:29,-5.950415,-125.729713,-1.4,12.45,74.2,7,1.3,75.7,3.986,-4.4,0,1,1251
2026-04-02T17:00:57,-5.949873,-125.728065,2.1,12.90,74.3,8,1.2,75.9,3.986,-4.4,0,1,1252
2026-04-02T17:01:25,-5.949421,-125.726425,4.7,13.37,74.8,7,1.3,75.5,3.986,-4.4,0,1,1253
2026-04-02T17:01:53,-5.948946,-125.724823,6.1,12.81,72.3,8,1.1,75.5,3.985,-4.4,0,1,1254
2026-04-02T17:02:21,-5.948443,-125.723267,3.2,12.87,74.5,9,1.0,75.5,3.987,-4.4,0,1,1255
2026-04-02T17:02:49,-5.947960,-125.721664,12.1,12.78,79.3,9,1.0,75.4,3.985,-4.2,0,1,1256
2026-04-02T17:03:17,-5.947443,-125.720062,16.5,12.94,72.9,9,1.0,75.4,3.985,-4.2,0,1,1257
2026-04-02T17:03:45,-5.946970,-125.718468,17.5,12.47,75.2,9,1.0,75.4,3.984,-4.2,0,1,1258
2026-04-02T17:04:13,-5.946485,-125.716835,22.3,12.29,77.3,8,1.1,75.5,3.985,-4.4,0,1,1259
2026-04-02T17:04:41,-5.946002,-125.715225,28.6,13.08,72.3,9,1.0,75.5,3.985,-4.4,0,1,1260
2026-04-02T17:05:09,-5.945455,-125.713638,33.4,13.14,69.2,9,1.0,75.4,3.985,-4.2,0,1,1261
2026-04-02T17:05:37,-5.944853,-125.712090,33.2,12.08,65.9,9,1.0,75.2,3.985,-4.4,0,1,1262
2026-04-02T17:06:05,-5.944448,-125.710442,32.3,11.77,71.0,9,1.0,75.2,3.984,-4.4,0,1,1263
2026-04-02T17:06:33,-5.944008,-125.708817,38.2,12.30,72.1,9,1.0,75.2,3.984,-4.4,0,1,1264
2026-04-02T17:07:01,-5.943550,-125.707161,45.1,12.92,71.1,9,1.0,75.9,3.985,-4.4,0,1,1265
2026-04-02T17:07:29,-5.943097,-125.705551,42.9,12.52,76.9,9,1.0,75.2,3.983,-4.4,0,1,1266
2026-04-02T17:07:57,-5.942578,-125.703949,46.2,12.38,66.7,9,1.0,75.0,3.984,-4.4,0,1,1267
2026-04-02T17:08:25,-5.942133,-125.702347,45.3,12.95,68.5,9,1.1,75.2,3.985,-4.4,0,1,1268
2026-04-02T17:08:53,-5.941598,-125.700752,41.3,11.59,62.0,7,1.3,75.0,3.985,-4.4,0,1,1269
2026-04-02T17:09:21,-5.941122,-125.699112,41.6,13.90,76.5,9,1.0,75.4,3.984,-4.2,0,1,1270
2026-04-02T17:09:49,-5.940490,-125.697586,37.4,12.99,72.9,9,1.0,75.2,3.984,-4.4,0,1,1271
2026-04-02T17:10:17,-5.940040,-125.696037,37.3,12.59,74.1,8,1.1,75.0,3.984,-4.4,0,1,1272
2026-04-02T17:10:45,-5.939559,-125.694374,34.6,12.77,72.2,8,1.1,75.2,3.984,-4.4,0,1,1273
2026-04-02T17:11:13,-5.939152,-125.692772,39.4,12.14,72.4,7,1.2,75.2,3.983,-4.4,0,1,1274
2026-04-02T17:11:41,-5.938579,-125.691185,35.6,12.78,75.7,7,1.2,75.0,3.983,-4.4,0,1,1275
2026-04-02T17:12:09,-5.938118,-125.689613,27.9,11.92,69.9,6,1.5,75.2,3.981,-4.4,0,1,1276
2026-04-02T17:12:37,-5.937588,-125.688004,28.6,12.12,71.1,8,1.1,75.2,3.983,-4.4,0,1,1277
2026-04-02T17:13:05,-5.937047,-125.686409,23.3,12.38,73.2,9,1.0,75.0,3.981,-4.4,0,1,1278
2026-04-02T17:13:33,-5.936583,-125.684784,22.3,12.61,78.3,8,1.1,75.0,3.983,-4.4,0,1,1279
2026-04-02T17:14:01,-5.936108,-125.683228,12.7,12.19,70.5,8,1.1,75.0,3.983,-4.4,0,1,1280
2026-04-02T17:14:29,-5.935572,-125.681587,15.5,12.74,74.3,7,1.2,75.0,3.983,-4.4,0,1,1281
2026-04-02T17:14:57,-5.935108,-125.679977,17.7,12.65,72.8,7,1.2,,,,0,1,1282
2026-04-02T17:15:25,-5.934628,-125.678360,20.7,12.90,67.5,7,1.3,,,,0,1,1283
2026-04-02T17:15:53,-5.934130,-125.676773,22.1,12.67,69.5,8,1.1,nan,nan,nan,0,1,1284
2026-04-02T17:16:21,-5.933607,-125.675171,22.5,12.58,71.3,6,1.5,,,,0,1,1285
2026-04-02T17:16:49,-5.933075,-125.673546,25.7,12.44,75.3,7,1.2,,,,0,1,1286
2026-04-02T17:17:17,-5.932613,-125.671936,27.3,12.94,77.1,7,1.2,,,,0,1,1287
2026-04-02T17:17:45,-5.932133,-125.670326,27.8,13.35,72.9,8,1.1,,,,0,1,1288
2026-04-02T17:18:13,-5.931640,-125.668739,32.2,12.70,73.3,7,1.2,,,,0,1,1289
2026-04-02T17:18:41,-5.931161,-125.667107,34.3,12.64,69.1,7,1.2,,,,0,1,1290
2026-04-02T17:19:09,-5.930698,-125.665443,35.2,12.88,74.1,8,1.1,,,,0,1,1291
2026-04-02T17:19:38,-5.930191,-125.663849,33.6,12.96,73.6,7,1.2,,,,0,1,1292
2026-04-02T17:20:06,-5.929723,-125.662247,35.8,12.93,72.8,7,1.2,,,,0,1,1293
2026-04-02T17:20:34,-5.929268,-125.660645,35.9,12.42,74.9,7,1.2,,,,0,1,1294
2026-04-02T17:21:02,-5.928775,-125.659035,38.2,12.29,72.4,7,1.2,,,,0,1,1295
2026-04-02T17:21:30,-5.928202,-125.657486,33.4,12.90,75.6,7,1.2,,,,0,1,1296
2026-04-02T17:22:26,-5.927279,-125.654259,31.5,12.51,72.9,7,1.2,,,,0,1,1298
2026-04-02T17:22:54,-5.926800,-125.652672,34.9,13.23,79.7,6,1.2,74.7,3.979,-4.4,0,1,1299
2026-04-02T17:23:22,-5.926335,-125.651100,35.7,12.99,75.9,6,1.2,74.5,3.979,-4.4,0,1,1300
2026-04-02T17:23:50,-5.925871,-125.649483,34.5,12.92,71.5,7,1.2,74.5,3.977,-4.4,0,1,1301
2026-04-02T17:24:17,-5.925415,-125.647858,32.7,12.27,71.6,5,1.8,nan,3.983,-4.4,0,1,1302
2026-04-02T17:24:45,-5.924926,-125.646217,32.7,12.53,77.6,5,1.8,,,,0,1,1303
2026-04-02T17:25:13,-5.924471,-125.644623,33.3,12.03,84.6,6,1.2,74.7,3.980,-4.4,0,1,1304
2026-04-02T17:25:41,-5.924022,-125.642998,34.6,12.63,76.6,6,1.4,74.5,3.979,-4.4,0,1,1305
2026-04-02T17:26:09,-5.923551,-125.641380,32.2,11.78,71.0,7,1.2,74.7,3.979,-4.4,0,1,1306
2026-04-02T17:26:37,-5.923005,-125.639732,30.8,12.25,75.8,5,1.7,75.0,3.981,1997.8,0,1,1307
2026-04-02T17:27:05,-5.922480,-125.638145,31.6,12.97,74.7,7,1.2,74.7,3.976,-4.4,0,1,1308
2026-04-02T17:27:33,-5.921997,-125.636543,34.7,11.10,76.7,6,1.4,74.4,3.977,-4.4,0,1,1309
2026-04-02T17:28:01,-5.921465,-125.634972,32.9,12.35,75.8,6,1.4,74.4,3.977,-4.4,0,1,1310
2026-04-02T17:28:29,-5.920937,-125.633347,32.9,12.52,69.4,6,1.4,74.4,3.977,-4.4,0,1,1311
2026-04-02T17:28:57,-5.920471,-125.631729,36.1,13.21,71.2,6,1.4,74.5,3.979,-4.4,0,1,1312
2026-04-02T17:29:25,-5.920010,-125.630135,39.3,13.03,76.9,6,1.4,74.4,3.979,-4.4,0,1,1313
2026-04-02T17:29:53,-5.919561,-125.628532,40.9,13.10,71.6,5,1.7,74.5,3.980,1984.7,0,1,1314
2026-04-02T17:30:21,-5.919056,-125.626892,37.1,12.38,78.3,6,1.4,74.7,3.976,-4.4,0,1,1315
2026-04-02T17:30:49,-5.918571,-125.625320,35.1,12.70,74.3,6,1.4,74.2,3.977,-4.4,0,1,1316
2026-04-02T17:31:17,-5.918025,-125.623718,34.0,12.95,78.2,6,1.4,74.5,3.977,-4.4,0,1,1317
2026-04-02T17:31:45,-5.917536,-125.622116,34.6,12.55,75.3,6,1.4,74.4,3.977,-4.4,0,1,1318
2026-04-02T17:32:13,-5.917109,-125.620529,31.6,12.84,76.9,6,1.4,74.4,3.976,-4.4,0,1,1319
2026-04-02T17:32:41,-5.916575,-125.618935,30.4,12.77,76.0,6,1.4,74.2,3.975,-4.4,0,1,1320
2026-04-02T17:33:09,-5.916097,-125.617302,30.7,12.79,76.2,6,1.4,74.5,3.976,-4.4,0,1,1321
2026-04-02T17:33:37,-5.915530,-125.615807,26.1,12.40,73.8,7,1.1,74.2,3.977,-4.4,0,1,1322
2026-04-02T17:34:05,-5.915090,-125.614204,11.3,12.08,74.9,7,1.1,74.2,3.977,-4.4,0,1,1323
2026-04-02T17:34:33,-5.914582,-125.612572,11.1,12.41,73.7,7,1.1,74.2,3.976,-4.4,0,1,1324
2026-04-02T17:35:01,-5.914037,-125.610954,12.2,13.29,76.7,7,1.1,74.4,3.976,-4.4,0,1,1325
2026-04-02T17:35:29,-5.913599,-125.609329,10.4,12.81,83.2,7,1.1,74.2,3.975,-4.4,0,1,1326
2026-04-02T17:35:57,-5.913023,-125.607758,2.7,12.81,69.7,6,1.3,74.2,3.974,-4.4,0,1,1327
2026-04-02T17:36:25,-5.912597,-125.606148,4.1,12.91,71.0,7,1.1,74.1,3.976,1971.6,0,1,1328
2026-04-02T17:36:53,-5.912123,-125.604553,4.3,11.94,71.4,7,1.1,74.2,3.975,1976.0,0,1,1329
2026-04-02T17:37:21,-5.911667,-125.602943,1.9,13.01,77.7,7,1.1,74.7,3.975,-4.4,0,1,1330
2026-04-02T17:37:50,-5.911141,-125.601357,-0.7,13.25,72.2,7,1.1,74.2,3.976,-4.4,0,1,1331
2026-04-02T17:38:18,-5.910647,-125.599731,-6.6,11.57,69.6,7,1.1,74.1,3.975,-4.4,0,1,1332
2026-04-02T17:38:46,-5.910213,-125.598167,-7.4,11.48,79.5,7,1.1,74.1,3.975,-4.4,0,1,1333
2026-04-02T17:39:14,-5.909783,-125.596504,-5.4,12.63,69.0,6,1.2,74.1,3.975,1971.6,0,1,1334
2026-04-02T17:39:42,-5.909172,-125.594971,-7.0,12.57,68.3,6,1.3,73.9,3.976,-4.4,0,1,1335
2026-04-02T17:40:10,-5.908657,-125.593391,-4.1,13.32,72.4,7,1.1,74.1,3.973,-4.4,0,1,1336
2026-04-02T17:40:38,-5.908107,-125.591835,2.8,12.68,72.1,6,1.3,73.9,3.973,-4.4,0,1,1337
2026-04-02T17:41:06,-5.907677,-125.590286,5.1,10.79,72.9,7,1.1,73.9,3.975,-4.4,0,1,1338
2026-04-02T17:41:33,-5.907172,-125.588646,7.4,12.52,70.0,5,1.3,73.7,3.975,-4.4,0,1,1339
2026-04-02T17:42:01,-5.906620,-125.587059,5.8,12.61,78.8,5,1.3,74.1,3.973,-4.4,0,1,1340
2026-04-02T17:42:30,-5.906085,-125.585487,5.4,13.03,73.5,6,1.1,74.4,3.974,-4.4,0,1,1341
2026-04-02T17:42:57,-5.905579,-125.583900,5.3,12.22,74.1,5,1.3,73.7,3.977,-4.4,0,1,1342
2026-04-02T17:43:25,-5.905163,-125.582283,4.6,12.05,83.1,5,1.3,74.2,3.974,-4.4,0,1,1343
2026-04-02T17:43:54,-5.904727,-125.580734,1.2,11.82,66.6,6,1.1,74.2,3.974,-4.4,0,1,1344
2026-04-02T17:44:21,-5.904277,-125.579178,-1.9,12.19,70.5,5,1.3,73.7,3.977,-4.4,0,1,1345
2026-04-02T17:44:49,-5.903652,-125.577591,-2.3,11.60,68.5,4,3.0,74.2,3.975,-4.4,0,1,1346
2026-04-02T17:45:17,-5.903218,-125.575958,-1.6,12.63,70.5,4,3.0,73.9,3.973,-4.4,0,1,1347
2026-04-02T17:45:45,-5.902700,-125.574387,-2.8,12.02,63.9,4,2.9,74.2,3.973,-4.4,0,1,1348
2026-04-02T17:46:13,-5.902232,-125.572815,-3.1,12.57,73.4,4,2.9,74.1,3.973,-4.4,0,1,1349
2026-04-02T17:46:41,-5.901733,-125.571228,-3.4,12.36,68.6,4,4.5,74.1,3.974,-4.4,0,1,1350
2026-04-02T17:47:09,-5.901045,-125.569496,3.1,12.54,67.5,5,1.2,73.7,3.971,-4.4,0,1,1351
2026-04-02T17:47:37,-5.900753,-125.567848,-0.3,12.06,79.3,4,2.8,74.1,3.971,-4.4,0,1,1352
2026-04-02T17:48:05,-5.900188,-125.566360,-4.1,10.75,72.1,4,4.4,73.9,3.973,-4.4,0,1,1353
2026-04-02T17:48:33,-5.899683,-125.564735,-7.6,13.15,72.5,4,2.2,73.9,3.971,-4.4,0,1,1354
2026-04-02T17:49:01,-5.899197,-125.563087,-10.5,13.35,83.0,5,1.4,74.1,3.974,-4.4,0,1,1355
2026-04-02T17:49:29,-5.898668,-125.561409,-14.4,12.63,75.7,5,1.4,74.1,3.973,-4.4,0,1,1356
2026-04-02T17:49:57,-5.898320,-125.559708,-14.3,13.11,76.9,4,2.2,74.2,3.971,-4.4,0,1,1357
2026-04-02T17:50:25,-5.897888,-125.558029,-13.3,13.91,79.2,5,1.4,73.9,3.971,-4.4,0,1,1358
2026-04-02T17:50:53,-5.897252,-125.556503,-14.4,12.91,72.2,4,2.2,,,,0,1,1359
2026-04-02T17:51:21,-5.896825,-125.554840,-11.7,12.95,71.5,4,2.3,,,,0,1,1360
2026-04-02T17:51:49,-5.896315,-125.553192,-8.8,12.81,75.7,4,2.3,73.6,3.971,-4.4,0,1,1361
2026-04-02T17:52:17,-5.895930,-125.551460,-8.4,13.14,76.6,4,2.3,nan,nan,nan,0,1,1362
2026-04-02T17:52:45,-5.895506,-125.549797,-7.0,12.43,73.1,4,2.3,,,,0,1,1363
2026-04-02T17:53:13,-5.894971,-125.548172,-5.4,13.20,76.7,4,2.3,73.7,3.973,-4.4,0,1,1364
2026-04-02T17:53:41,-5.894593,-125.546524,-3.6,12.86,72.7,4,2.3,73.7,3.971,-4.4,0,1,1365
2026-04-02T17:54:09,-5.894055,-125.544922,-4.4,13.05,77.1,4,2.3,73.7,3.971,-4.4,0,1,1366
2026-04-02T17:54:37,-5.893611,-125.543274,-6.3,13.39,79.3,4,2.3,73.9,3.971,-4.4,0,1,1367
2026-04-02T17:55:05,-5.892988,-125.541710,-7.8,12.70,74.3,3,4.0,73.7,3.971,-4.4,0,1,1368
2026-04-02T17:55:33,-5.892483,-125.540085,-10.7,12.60,67.8,4,2.4,73.9,3.971,-4.4,0,1,1369
2026-04-02T17:55:33,,,,,,,,74.2,3.974,-4.4,0,0,1370
2026-04-02T17:55:33,,,,,,,,74.4,3.973,-4.4,0,0,1371
2026-04-02T17:55:33,,,,,,,,74.7,3.975,-4.4,0,0,1372
2026-04-02T18:40:31,-5.845042,-125.385292,7.7,12.80,76.2,4,2.7,,,,0,1,1377
2026-04-02T18:40:59,-5.844405,-125.383759,15.4,12.85,79.6,4,2.7,,,,0,1,1378
2026-04-02T18:41:27,-5.843892,-125.382195,12.9,12.49,77.3,4,2.7,,,,0,1,1379
2026-04-02T18:41:55,-5.843500,-125.380585,5.1,13.02,76.6,4,2.7,,,,0,1,1380
2026-04-02T18:42:23,-5.843145,-125.378998,-3.7,12.14,73.6,5,8.2,,,,0,1,1381
2026-04-02T18:42:51,-5.842753,-125.377319,-12.5,12.74,75.7,5,8.3,73.4,3.967,-4.4,0,1,1382
2026-04-02T18:43:19,-5.842328,-125.375679,-25.9,13.94,81.8,5,8.3,73.2,3.967,-4.4,0,1,1383
2026-04-02T18:43:47,-5.841932,-125.374092,-38.9,14.05,79.6,5,2.5,73.4,3.969,-4.4,0,1,1384
2026-04-02T18:44:15,-5.841621,-125.372406,-49.3,13.03,86.2,5,8.5,73.4,3.966,-4.4,0,1,1385
2026-04-02T18:44:43,-5.841166,-125.370766,-56.2,12.50,68.3,5,8.5,73.2,3.966,-4.4,0,1,1386
2026-04-02T18:45:11,-5.840765,-125.369087,-50.5,14.13,73.7,5,2.5,73.1,3.965,-4.4,0,1,1387
2026-04-02T18:45:39,-5.840105,-125.367729,-32.3,12.59,69.6,5,8.6,,,,0,1,1388
2026-04-02T18:46:07,-5.839501,-125.366180,-20.2,12.48,74.3,5,2.5,,,,0,1,1389
2026-04-02T18:46:35,-5.838843,-125.364761,-11.0,12.50,65.0,5,2.5,,,,0,1,1390
2026-04-02T18:47:03,-5.838323,-125.363266,3.2,9.75,66.7,5,2.5,73.2,3.966,-4.4,0,1,1391
2026-04-02T18:47:31,-5.837740,-125.361763,19.0,12.19,73.1,5,8.8,73.1,3.966,-4.4,0,1,1392
2026-04-02T18:47:59,-5.837066,-125.360336,34.4,12.18,71.7,5,2.5,73.1,3.969,-4.4,0,1,1393
2026-04-02T18:48:27,-5.836120,-125.358978,85.8,10.97,60.8,5,2.5,73.1,3.966,-4.4,0,1,1394
2026-04-02T18:48:55,-5.835415,-125.357697,106.5,13.09,68.7,5,2.5,73.1,3.966,-4.4,0,1,1395
2026-04-02T18:49:23,-5.834753,-125.356201,132.8,11.56,64.8,5,2.5,72.7,3.966,-4.4,0,1,1396
2026-04-02T18:49:51,-5.834148,-125.354637,151.1,11.84,64.6,5,2.5,73.2,3.965,-4.4,0,1,1397
2026-04-02T18:50:19,-5.833616,-125.353127,160.3,12.23,64.1,5,8.9,73.1,3.965,-4.4,0,1,1398
2026-04-02T18:50:47,-5.833283,-125.351425,139.0,12.92,76.8,5,2.4,73.2,3.965,-4.4,0,1,1399
2026-04-02T18:51:15,-5.832850,-125.349823,127.4,12.95,75.5,5,8.9,73.1,3.964,-4.4,0,1,1400
2026-04-02T18:51:43,-5.832262,-125.348343,141.2,11.55,72.0,5,8.9,73.1,3.966,-4.4,0,1,1401
2026-04-02T18:52:11,-5.832038,-125.346558,113.1,13.34,77.6,5,8.9,73.1,3.964,-4.4,0,1,1402
2026-04-02T18:52:39,-5.831608,-125.344948,110.5,13.31,74.7,5,8.9,73.1,3.965,-4.4,0,1,1403
2026-04-02T18:53:07,-5.831218,-125.343361,97.4,12.48,75.7,5,2.4,73.1,3.964,-4.4,0,1,1404
2026-04-02T18:53:35,-5.830842,-125.341721,80.0,13.49,77.2,5,2.4,72.7,3.967,-4.4,0,1,1405
2026-04-02T18:54:03,-5.830241,-125.340248,92.2,13.13,69.9,5,8.8,73.1,3.964,-4.4,0,1,1406
2026-04-02T18:54:31,-5.829746,-125.338699,97.2,11.38,76.1,5,8.7,72.7,3.966,-4.4,0,1,1407
2026-04-02T18:54:59,-5.829331,-125.337074,96.3,12.30,78.4,5,8.7,72.9,3.963,-4.4,0,1,1408
2026-04-02T18:55:27,-5.828856,-125.335510,89.4,12.35,72.5,5,8.6,72.7,3.964,-4.4,0,1,1409
2026-04-02T18:55:55,-5.828486,-125.333885,83.5,11.81,73.5,6,1.8,72.9,3.960,-4.4,0,1,1410
2026-04-02T18:56:23,-5.828150,-125.332253,66.0,11.88,75.9,6,1.8,72.6,3.963,-4.4,0,1,1411
2026-04-02T18:56:51,-5.827858,-125.330536,46.6,13.54,76.6,6,1.8,72.7,3.964,-4.4,0,1,1412
2026-04-02T18:57:19,-5.827475,-125.328880,32.7,12.78,76.3,6,4.9,72.4,3.963,-4.4,0,1,1413
2026-04-02T18:57:47,-5.827030,-125.327255,23.4,12.14,75.5,6,1.8,72.7,3.961,-4.4,0,1,1414
2026-04-02T18:58:15,-5.826550,-125.325684,20.2,11.90,70.9,6,1.8,72.4,3.963,-4.4,0,1,1415
2026-04-02T18:58:43,-5.826036,-125.324120,19.4,11.60,72.9,6,1.8,72.2,3.963,-4.4,0,1,1416
2026-04-02T18:59:11,-5.825573,-125.322533,20.4,12.30,72.3,6,4.8,72.6,3.963,-4.4,0,1,1417
2026-04-02T18:59:39,-5.825073,-125.320946,22.7,12.28,76.1,6,1.8,72.6,3.965,-4.4,0,1,1418
2026-04-02T19:00:07,-5.824578,-125.319359,25.6,12.66,70.6,6,4.8,72.4,3.963,-4.4,0,1,1419
2026-04-02T19:00:35,-5.824002,-125.317879,36.6,12.27,68.9,6,1.8,72.4,3.963,-4.4,0,1,1420
2026-04-02T19:01:03,-5.823508,-125.316246,47.7,12.67,76.9,6,4.8,72.4,3.960,-4.4,0,1,1421
2026-04-02T19:01:31,-5.822937,-125.314728,55.3,12.31,68.7,6,1.8,72.4,3.963,-4.4,0,1,1422
2026-04-02T19:01:59,-5.822402,-125.313141,51.9,12.32,68.7,6,4.7,72.2,3.961,-4.4,0,1,1423
2026-04-02T19:02:27,-5.821970,-125.311554,51.9,11.72,74.3,6,1.8,72.2,3.961,-4.4,0,1,1424
2026-04-02T19:02:55,-5.821458,-125.310005,50.6,12.70,70.9,6,1.7,72.6,3.963,-4.4,0,1,1425
2026-04-02T19:03:23,-5.821002,-125.308441,52.4,13.12,80.2,6,1.7,72.4,3.961,-4.4,0,1,1426
2026-04-02T19:03:51,-5.820469,-125.306870,49.4,11.95,75.0,6,1.7,72.2,3.961,-4.4,0,1,1427
2026-04-02T19:04:19,-5.820035,-125.305252,50.4,13.09,78.6,6,4.6,72.1,3.960,-4.4,0,1,1428
2026-04-02T19:04:47,-5.819590,-125.303658,46.6,12.84,80.1,6,1.7,72.6,3.961,-4.4,0,1,1429
2026-04-02T19:05:15,-5.819168,-125.302055,41.0,12.81,72.4,6,1.7,72.1,3.960,-4.4,0,1,1430
2026-04-02T19:05:43,-5.818709,-125.300468,39.4,12.59,72.1,6,4.6,72.6,3.960,-4.4,0,1,1431
2026-04-02T19:06:11,-5.818278,-125.298889,36.6,12.18,75.0,6,4.5,72.2,3.963,-4.4,0,1,1432
2026-04-02T19:06:39,-5.817760,-125.297302,27.1,12.15,72.9,6,4.5,72.1,3.961,-4.4,0,1,1433
2026-04-02T19:07:07,-5.817335,-125.295715,20.6,12.11,75.1,5,2.1,72.1,3.961,-4.4,0,1,1434
2026-04-02T19:07:35,-5.816822,-125.294144,15.0,14.21,68.3,6,4.4,72.2,3.957,-4.4,0,1,1435
2026-04-02T19:08:03,-5.816337,-125.292610,17.4,12.78,72.2,6,4.4,72.1,3.960,-4.4,0,1,1436
2026-04-02T19:08:31,-5.815882,-125.291061,22.7,12.36,72.2,5,2.1,71.9,3.964,-4.4,0,1,1437
2026-04-02T19:08:59,-5.815377,-125.289497,24.5,12.57,73.4,5,5.8,72.4,3.959,-4.4,0,1,1438
2026-04-02T19:09:27,-5.814867,-125.287949,22.9,12.81,65.6,6,4.3,72.4,3.957,-4.4,0,1,1439
2026-04-02T19:09:55,-5.814423,-125.286385,23.0,12.82,75.2,6,4.2,71.9,3.960,-4.4,0,1,1440
2026-04-02T19:10:23,-5.813939,-125.284836,26.3,12.17,72.6,6,4.2,72.1,3.959,-4.4,0,1,1441
2026-04-02T19:10:51,-5.813467,-125.283264,25.4,12.44,72.9,6,1.6,72.2,3.960,-4.4,0,1,1442
2026-04-02T19:11:19,-5.813000,-125.281677,20.9,12.32,75.9,6,4.1,72.1,3.960,-4.4,0,1,1443
2026-04-02T19:11:47,-5.812580,-125.280037,13.7,12.21,78.2,6,1.6,72.1,3.957,-4.4,0,1,1444
2026-04-02T19:12:15,-5.812139,-125.278450,8.3,11.59,75.0,6,1.6,72.1,3.959,-4.4,0,1,1445
2026-04-02T19:12:43,-5.811610,-125.276886,5.7,12.44,68.8,6,1.6,71.9,3.960,-4.4,0,1,1446
2026-04-02T19:13:11,-5.811085,-125.275314,4.1,11.88,68.1,6,1.6,72.1,3.960,-4.4,0,1,1447
2026-04-02T19:13:39,-5.810699,-125.273689,4.1,11.95,78.4,6,3.9,72.1,3.957,-4.4,0,1,1448
2026-04-02T19:14:07,-5.810192,-125.272118,2.8,12.05,82.0,7,3.6,71.8,3.959,-4.4,0,1,1449
2026-04-02T19:14:35,-5.809735,-125.270500,-1.4,12.68,84.5,7,3.6,71.8,3.959,-4.4,0,1,1450
2026-04-02T19:15:03,-5.809215,-125.268982,-0.8,12.40,69.9,7,1.5,71.9,3.957,-4.4,0,1,1451
2026-04-02T19:15:31,-5.808722,-125.267418,2.4,12.15,76.4,7,1.5,71.6,3.959,-4.4,0,1,1452
2026-04-02T19:15:59,-5.808173,-125.265846,4.3,12.18,67.6,7,1.5,71.8,3.961,1910.5,0,1,1453
2026-04-02T19:16:27,-5.807697,-125.264282,8.7,12.45,73.3,7,1.5,71.8,3.957,-4.4,0,1,1454
2026-04-02T19:16:55,-5.807229,-125.262711,11.7,12.02,76.6,7,1.5,71.8,3.956,1910.5,0,1,1455
2026-04-02T19:17:23,-5.806750,-125.261162,17.0,11.32,80.0,7,1.5,71.9,3.955,-4.4,0,1,1456
2026-04-02T19:17:51,-5.806177,-125.259575,22.2,13.02,70.3,7,1.5,71.6,3.956,-4.4,0,1,1457
2026-04-02T19:18:19,-5.805723,-125.258087,29.1,11.83,72.0,7,1.5,71.6,3.956,-4.4,0,1,1458
2026-04-02T19:18:47,-5.805188,-125.256393,33.6,12.39,72.3,7,1.5,71.8,3.956,-4.4,0,1,1459
2026-04-02T19:19:15,-5.804757,-125.254845,37.8,12.18,79.9,7,1.5,71.6,3.956,-4.4,0,1,1460
2026-04-02T19:19:43,-5.804198,-125.253258,38.9,11.67,79.0,7,1.5,71.9,3.955,-4.4,0,1,1461
2026-04-02T19:20:11,-5.803780,-125.251686,38.5,13.25,80.1,7,3.2,71.8,3.956,-4.4,0,1,1462
2026-04-02T19:20:39,-5.803295,-125.250099,46.0,12.57,75.6,7,1.5,71.9,3.957,-4.4,0,1,1463
2026-04-02T19:21:07,-5.802742,-125.248573,44.8,12.42,67.4,7,1.5,71.4,3.956,-4.4,0,1,1464
2026-04-02T19:21:35,-5.802275,-125.247017,45.3,12.45,70.6,7,1.5,71.6,3.956,-4.4,0,1,1465
2026-04-02T19:22:03,-5.801710,-125.245476,44.0,13.12,69.1,7,1.5,71.9,3.955,-4.4,0,1,1466
2026-04-02T19:22:31,-5.801281,-125.243927,45.6,12.50,73.3,7,1.5,71.4,3.955,-4.4,0,1,1467
2026-04-02T19:22:59,-5.800818,-125.242371,47.7,12.93,75.6,7,1.5,71.6,3.956,-4.4,0,1,1468
2026-04-02T19:23:27,-5.800487,-125.240791,40.7,12.44,78.5,7,1.5,71.8,3.956,-4.4,0,1,1469
2026-04-02T19:23:55,-5.799982,-125.239204,25.7,13.09,79.4,7,1.5,71.4,3.955,1901.7,0,1,1470
2026-04-02T19:24:23,-5.799600,-125.237595,17.8,14.03,77.1,7,1.5,71.4,3.956,-4.4,0,1,1471
2026-04-02T19:24:51,-5.799179,-125.236023,13.4,12.63,74.7,7,1.5,71.4,3.955,-4.4,0,1,1472
2026-04-02T19:25:19,-5.798630,-125.234482,11.2,11.92,67.4,7,1.5,71.3,3.955,-4.4,0,1,1473
2026-04-02T19:25:47,-5.798270,-125.232933,12.1,11.97,77.0,7,1.4,71.4,3.955,-4.4,0,1,1474
2026-04-02T19:26:15,-5.797866,-125.231369,11.9,11.77,79.5,7,1.4,71.6,3.955,-4.4,0,1,1475
2026-04-02T19:26:43,-5.797368,-125.229820,5.0,12.19,80.6,7,1.4,71.4,3.955,-4.4,0,1,1476
2026-04-02T19:27:11,-5.797003,-125.228188,-4.8,11.71,79.7,7,1.4,71.4,3.954,-4.4,0,1,1477
2026-04-02T19:27:39,-5.796535,-125.226547,-14.0,12.37,77.1,7,1.4,71.4,3.956,-4.4,0,1,1478
2026-04-02T19:28:07,-5.796216,-125.225037,-16.7,12.65,77.5,7,1.4,71.3,3.955,-4.4,0,1,1479
2026-04-02T19:28:35,-5.795733,-125.223427,-11.5,13.09,75.3,7,1.4,71.6,3.955,-4.4,0,1,1480
2026-04-02T19:29:03,-5.795163,-125.221886,-9.8,12.21,70.9,7,1.4,71.4,3.954,-4.4,0,1,1481
2026-04-02T19:29:31,-5.794823,-125.220276,-21.3,12.81,76.1,7,1.4,71.4,3.955,-4.4,0,1,1482
2026-04-02T19:29:59,-5.794378,-125.218750,-26.8,12.42,77.6,7,1.4,71.3,3.953,-4.4,0,1,1483
2026-04-02T19:30:27,-5.793896,-125.217155,-27.1,13.79,79.2,7,1.4,70.9,3.953,-4.4,0,1,1484
2026-04-02T19:30:55,-5.793428,-125.215630,-27.3,12.62,71.2,8,1.3,71.3,3.953,-4.4,0,1,1485
2026-04-02T19:31:23,-5.792928,-125.214096,-16.6,12.70,73.5,8,1.3,71.1,3.953,-4.4,0,1,1486
2026-04-02T19:31:51,-5.792451,-125.212570,-13.5,12.58,74.9,8,1.3,71.1,3.954,-4.4,0,1,1487
2026-04-02T19:32:19,-5.792143,-125.210945,-23.7,12.80,76.7,8,1.3,71.1,3.953,-4.4,0,1,1488
2026-04-02T19:32:47,-5.791570,-125.209396,-22.3,12.61,70.6,8,1.3,71.4,3.954,-4.4,0,1,1489
2026-04-02T19:33:15,-5.791106,-125.207733,-17.0,13.84,73.8,8,1.9,70.9,3.954,-4.4,0,1,1490
2026-04-02T19:33:43,-5.790713,-125.206108,-17.1,12.68,83.7,7,1.6,71.1,3.951,-4.4,0,1,1491
2026-04-02T19:34:11,-5.790118,-125.204605,-6.1,12.13,78.9,8,1.3,70.9,3.949,-4.4,0,1,1492
2026-04-02T19:34:39,-5.789651,-125.203110,3.1,12.23,74.2,8,1.3,70.9,3.951,-4.4,0,1,1493
2026-04-02T19:35:07,-5.789245,-125.201538,0.3,13.20,72.6,8,1.3,70.9,3.951,-4.4,0,1,1494
2026-04-02T19:35:35,-5.788951,-125.199883,-18.4,13.54,79.0,8,1.3,71.3,3.950,-4.4,0,1,1495
2026-04-02T19:36:03,-5.788540,-125.198219,-32.5,12.84,77.4,8,1.3,70.9,3.950,-4.4,0,1,1496
2026-04-02T19:36:31,-5.788098,-125.196671,-34.2,11.92,76.7,8,1.3,70.9,3.950,-4.4,0,1,1497
2026-04-02T19:36:59,-5.787551,-125.195068,-18.9,11.36,73.9,8,1.3,70.8,3.953,-4.4,0,1,1498
2026-04-02T19:37:27,-5.787088,-125.193443,-16.9,12.55,74.8,8,1.3,70.9,3.951,-4.4,0,1,1499
2026-04-02T19:37:55,-5.786543,-125.191925,-21.0,12.48,69.0,8,1.3,70.9,3.950,-4.4,0,1,1500
2026-04-02T19:38:23,-5.786171,-125.190285,-23.0,13.10,77.7,8,1.3,70.9,3.950,-4.4,0,1,1501
2026-04-02T19:38:51,-5.785678,-125.188721,-20.4,12.14,71.1,7,1.6,70.8,3.954,-4.4,0,1,1502
2026-04-02T19:39:19,-5.785180,-125.187149,-13.9,12.65,70.5,8,1.3,70.8,3.949,-4.4,0,1,1503
2026-04-02T19:39:47,-5.784763,-125.185539,-7.6,12.61,75.1,7,1.6,71.1,3.950,-4.4,0,1,1504
2026-04-02T19:40:15,-5.784320,-125.183960,-8.0,12.93,75.1,8,1.3,70.4,3.950,-4.4,0,1,1505
2026-04-02T19:40:43,-5.783765,-125.182411,-22.0,12.73,75.2,8,1.3,70.8,3.950,-4.4,0,1,1506
2026-04-02T19:41:11,-5.783319,-125.180763,-22.5,12.97,69.7,6,4.7,70.8,3.950,-4.4,0,1,1507
2026-04-02T19:41:39,-5.782831,-125.179253,-29.1,11.79,74.1,7,1.6,70.6,3.950,-4.4,0,1,1508
2026-04-02T19:42:07,-5.782456,-125.177597,-29.1,13.86,70.7,7,1.6,70.9,3.949,-4.4,0,1,1509
2026-04-02T19:42:35,-5.782085,-125.175987,-24.5,12.84,77.7,7,1.6,70.9,3.950,-4.4,0,1,1510
2026-04-02T19:43:03,-5.781655,-125.174500,-17.8,11.75,72.0,8,1.3,70.9,3.950,-4.4,0,1,1511
2026-04-02T19:43:31,-5.781122,-125.172928,-5.6,12.03,79.4,8,1.3,70.8,3.949,-4.4,0,1,1512
2026-04-02T19:43:59,-5.780665,-125.171356,5.3,12.86,74.2,8,1.3,70.6,3.950,-4.4,0,1,1513
2026-04-02T19:44:27,-5.780145,-125.169769,13.2,12.73,75.2,8,1.3,70.6,3.950,-4.4,0,1,1514
2026-04-02T19:44:55,-5.779688,-125.168182,12.5,13.12,72.1,7,1.5,70.6,3.949,-4.4,0,1,1515
2026-04-02T19:45:23,-5.779173,-125.166634,16.0,12.73,69.1,6,1.5,70.6,3.949,-4.4,0,1,1516
2026-04-02T19:45:51,-5.778795,-125.165016,16.9,12.15,72.7,6,1.5,70.8,3.947,-4.4,0,1,1517
2026-04-02T19:46:19,-5.778313,-125.163445,15.6,12.14,73.8,5,5.0,70.6,3.951,-4.4,0,1,1518
2026-04-02T19:46:47,-5.778017,-125.161858,13.1,11.38,79.6,6,1.5,70.8,3.946,-4.4,0,1,1519
2026-04-02T19:47:15,-5.777526,-125.160233,13.5,12.59,75.6,6,1.5,70.6,3.947,-4.4,0,1,1520
2026-04-02T19:47:43,-5.777025,-125.158615,11.3,13.72,69.8,6,1.5,70.4,3.949,-4.4,0,1,1521
2026-04-02T19:48:11,-5.776675,-125.156990,9.6,11.35,77.2,6,1.5,70.6,3.950,-4.4,0,1,1522
2026-04-02T19:48:39,-5.776078,-125.155479,3.9,12.13,72.0,6,1.5,70.3,3.946,-4.4,0,1,1523
2026-04-02T19:49:07,-5.775567,-125.153854,-7.4,12.40,67.5,6,1.5,70.4,3.946,-4.4,0,1,1524
2026-04-02T19:49:35,-5.775286,-125.152214,-14.6,12.69,74.2,6,1.5,70.4,3.947,-4.4,0,1,1525
2026-04-02T19:50:03,-5.774796,-125.150620,-13.4,13.05,73.4,6,1.5,70.4,3.947,-4.4,0,1,1526
2026-04-02T19:50:31,-5.774305,-125.149071,-17.0,13.04,80.2,6,1.5,70.4,3.947,-4.4,0,1,1527
2026-04-02T19:50:59,-5.773896,-125.147430,-22.1,12.92,75.9,6,1.5,70.3,3.946,-4.4,0,1,1528
2026-04-02T19:51:27,-5.773462,-125.145790,-29.2,11.99,70.4,6,1.5,70.4,3.946,-4.4,0,1,1529
2026-04-02T19:51:55,-5.773117,-125.144089,-33.0,12.93,79.1,6,1.5,70.3,3.946,-4.4,0,1,1530
2026-04-02T19:52:23,-5.772717,-125.142464,-37.7,12.54,77.2,6,1.5,70.6,3.944,-4.4,0,1,1531
2026-04-02T19:52:51,-5.772486,-125.140892,-43.5,11.53,82.7,5,5.1,70.3,3.951,-4.4,0,1,1532
2026-04-02T19:53:19,-5.771821,-125.139366,-33.4,12.23,71.5,6,1.5,70.8,3.945,-4.4,0,1,1533
2026-04-02T19:53:47,-5.771299,-125.137802,-32.2,13.04,68.1,6,1.5,70.4,3.946,-4.4,0,1,1534
2026-04-02T19:54:15,-5.770677,-125.136269,-29.6,12.51,68.2,6,1.5,70.6,3.945,-4.4,0,1,1535
2026-04-02T19:54:43,-5.770295,-125.134644,-23.3,12.47,73.6,5,5.1,70.6,3.949,-4.4,0,1,1536
2026-04-02T19:55:11,-5.769843,-125.133095,-23.6,11.45,80.3,5,5.1,70.6,3.945,-4.4,0,1,1537
2026-04-02T19:55:39,-5.769453,-125.131508,-25.6,13.28,78.2,6,1.4,70.6,3.946,-4.4,0,1,1538
2026-04-02T19:56:07,-5.769273,-125.129921,-30.5,12.56,78.9,6,1.4,70.3,3.947,-4.4,0,1,1539
2026-04-02T19:56:35,-5.768589,-125.128357,-34.7,12.85,72.3,5,5.1,70.1,3.950,-4.4,0,1,1540
2026-04-02T19:57:03,-5.768763,-125.126709,-49.4,11.80,77.2,5,5.0,70.3,3.945,-4.4,0,1,1541
2026-04-02T19:57:31,-5.767585,-125.125168,-15.6,12.01,69.9,5,5.0,70.1,3.945,-4.4,0,1,1542
2026-04-02T19:57:59,-5.767206,-125.123672,-29.9,11.35,74.6,5,5.0,70.3,3.944,-4.4,0,1,1543
2026-04-02T19:58:27,-5.766855,-125.122009,-35.6,12.91,77.9,5,5.0,70.3,3.945,-4.4,0,1,1544
2026-04-02T19:58:55,-5.766133,-125.120445,-42.3,12.28,69.1,6,1.4,70.4,3.943,-4.4,0,1,1545
2026-04-02T19:59:23,-5.766037,-125.118721,-40.9,11.84,93.0,5,5.0,70.1,3.947,-4.4,0,1,1546
2026-04-02T19:59:51,-5.765885,-125.117233,-51.7,10.24,89.6,6,1.4,70.3,3.943,-4.4,0,1,1547
2026-04-02T20:00:19,-5.764933,-125.115662,-58.3,12.33,59.6,6,1.4,70.1,3.946,-4.4,0,1,1548
2026-04-02T20:00:47,-5.764503,-125.113998,-57.0,12.32,73.6,6,1.4,70.1,3.945,-4.4,0,1,1549
2026-04-02T20:01:15,-5.764342,-125.112335,-49.0,10.09,82.0,5,4.9,70.3,3.950,-4.4,0,1,1550
2026-04-02T20:01:43,-5.764323,-125.110847,-48.9,10.92,79.2,5,4.9,70.1,3.944,-4.4,0,1,1551
2026-04-02T20:02:11,-5.763913,-125.109222,-51.4,11.01,73.3,5,4.9,70.0,3.940,-4.4,0,1,1552
2026-04-02T20:02:39,-5.763493,-125.107658,-52.4,12.15,74.8,6,4.2,69.8,3.943,-4.4,0,1,1553
2026-04-02T20:03:07,-5.763088,-125.106064,-56.0,11.29,72.4,6,4.2,70.4,3.945,-4.4,0,1,1554
2026-04-02T20:03:35,-5.762727,-125.104446,-58.8,10.12,77.3,6,4.2,70.0,3.943,-4.4,0,1,1555
2026-04-02T20:04:03,-5.762352,-125.102859,-59.6,11.60,81.8,6,4.2,70.1,3.943,-4.4,0,1,1556
2026-04-02T20:04:31,-5.762030,-125.101288,-60.7,11.04,74.8,6,4.2,69.5,3.943,-4.4,0,1,1557
2026-04-02T20:04:59,-5.761673,-125.099670,-62.5,11.19,84.2,6,4.2,70.1,3.941,-4.4,0,1,1558
2026-04-02T20:05:27,-5.761245,-125.098076,-64.9,11.32,79.2,6,4.2,69.8,3.943,1858.1,0,1,1559
2026-04-02T20:05:55,-5.760893,-125.096497,-67.1,11.94,82.6,6,4.2,70.0,3.944,-4.4,0,1,1560
2026-04-02T20:06:23,-5.760433,-125.094887,-69.0,10.96,79.3,6,4.2,70.1,3.944,-4.4,0,1,1561
2026-04-02T20:06:51,-5.759257,-125.093414,-49.8,10.87,71.7,5,4.3,70.1,3.946,-4.4,0,1,1562
2026-04-02T20:07:19,-5.758510,-125.091866,-24.2,11.10,78.8,6,4.2,70.1,3.943,-4.4,0,1,1563
2026-04-02T20:07:47,-5.758172,-125.090240,-27.1,11.49,80.0,6,4.2,69.8,3.943,-4.4,0,1,1564
2026-04-02T20:08:15,-5.757892,-125.088600,-32.9,11.71,78.4,6,4.2,70.1,3.943,-4.4,0,1,1565
2026-04-02T20:08:43,-5.757583,-125.086914,-36.6,12.59,84.3,6,4.1,70.0,3.943,1862.4,0,1,1566
2026-04-02T20:09:11,-5.757233,-125.085335,-39.9,11.64,87.2,6,4.1,70.0,3.940,1862.4,0,1,1567
2026-04-02T20:09:39,-5.756745,-125.083778,-40.9,9.92,79.3,6,4.1,69.8,3.941,-4.4,0,1,1568
2026-04-02T20:10:07,-5.756212,-125.082100,-39.3,10.89,76.0,6,4.1,69.6,3.941,-4.4,0,1,1569
2026-04-02T20:10:35,-5.755635,-125.080498,-37.8,12.05,69.8,6,4.1,69.6,3.941,-4.4,0,1,1570
2026-04-02T20:11:03,-5.755180,-125.078941,-36.2,10.77,75.4,6,4.1,70.0,3.944,-4.4,0,1,1571
2026-04-02T20:11:31,-5.754730,-125.077309,-30.6,12.30,82.8,6,4.1,69.6,3.940,-4.4,0,1,1572
2026-04-02T20:11:59,-5.754170,-125.075790,-25.9,10.67,73.4,6,4.1,69.6,3.941,-4.4,0,1,1573
2026-04-02T20:12:27,-5.753477,-125.074203,-19.8,11.23,73.8,6,4.1,69.6,3.941,-4.4,0,1,1574
2026-04-02T20:12:55,-5.752827,-125.072586,-11.6,12.41,81.4,6,4.1,69.6,3.941,-4.4,0,1,1575
2026-04-02T20:13:23,-5.752003,-125.070961,4.6,13.24,74.7,7,1.6,69.6,3.939,-4.4,0,1,1576
2026-04-02T20:13:51,-5.751441,-125.069405,14.8,12.81,69.2,8,1.4,70.0,3.940,-4.4,0,1,1577
2026-04-02T20:14:19,-5.751000,-125.067818,11.2,13.38,76.8,8,1.4,69.6,3.939,1853.7,0,1,1578
2026-04-02T20:14:47,-5.750555,-125.066231,7.2,12.91,72.6,8,1.4,69.3,3.939,-4.4,0,1,1579
2026-04-02T20:15:15,-5.750175,-125.064629,5.9,12.28,74.5,8,1.4,69.3,3.941,-4.4,0,1,1580
2026-04-02T20:15:43,-5.749710,-125.063026,7.4,12.48,72.9,8,1.4,69.5,3.941,1849.3,0,1,1581
2026-04-02T20:16:11,-5.749247,-125.061424,11.8,12.93,73.9,8,1.4,69.1,3.940,-4.4,0,1,1582
2026-04-02T20:16:39,-5.748770,-125.059830,12.2,12.45,78.4,8,1.4,69.5,3.940,-4.4,0,1,1583
2026-04-02T20:17:07,-5.748273,-125.058228,14.6,13.75,70.8,8,1.4,69.3,3.940,-4.4,0,1,1584
2026-04-02T20:17:35,-5.747820,-125.056641,19.0,12.34,77.1,7,1.4,69.5,3.938,-4.4,0,1,1585
2026-04-02T20:18:03,-5.747330,-125.055054,25.8,12.74,69.4,7,1.4,69.1,3.938,-4.4,0,1,1586
2026-04-02T20:18:31,-5.746861,-125.053482,30.1,13.14,72.7,7,1.4,69.6,3.938,-4.4,0,1,1587
2026-04-02T20:18:59,-5.746441,-125.051880,26.9,13.14,72.6,7,1.4,69.1,3.940,-4.4,0,1,1588
2026-04-02T20:19:27,-5.745982,-125.050301,25.7,12.60,74.7,7,1.5,69.5,3.940,-4.4,0,1,1589
2026-04-02T20:19:55,-5.745476,-125.048744,26.4,12.23,72.7,7,1.5,69.1,3.940,-4.4,0,1,1590
2026-04-02T20:20:23,-5.744988,-125.047180,27.9,12.58,75.9,7,1.5,69.3,3.939,-4.4,0,1,1591
2026-04-02T20:20:51,-5.744600,-125.045578,20.9,12.34,77.2,7,1.5,69.6,3.938,-4.4,0,1,1592
2026-04-02T20:21:19,-5.744308,-125.043945,4.3,13.33,72.5,7,1.5,69.3,3.940,-4.4,0,1,1593
2026-04-02T20:21:47,-5.743868,-125.042366,-3.0,12.07,73.1,7,1.5,69.5,3.938,-4.4,0,1,1594
2026-04-02T20:22:15,-5.743356,-125.040771,4.8,13.28,72.3,8,1.8,69.1,3.939,-4.4,0,1,1595
2026-04-02T20:22:43,-5.742877,-125.039139,8.5,12.89,76.4,8,1.4,69.5,3.939,-4.4,0,1,1596
2026-04-02T20:23:11,-5.742432,-125.037544,14.4,13.33,76.1,8,1.4,69.6,3.939,-4.4,0,1,1597
2026-04-02T20:23:39,-5.741980,-125.035965,12.9,11.99,76.7,8,1.4,69.3,3.936,-4.4,0,1,1598
2026-04-02T20:24:07,-5.741512,-125.034370,4.4,13.03,72.1,8,1.4,69.5,3.939,-4.4,0,1,1599
2026-04-02T20:24:35,-5.741118,-125.032745,-1.4,12.81,81.9,8,1.4,69.5,3.938,-4.4,0,1,1600
2026-04-02T20:25:03,-5.740666,-125.031128,-2.9,13.33,71.0,8,1.4,69.0,3.938,-4.4,0,1,1601
2026-04-02T20:25:31,-5.740127,-125.029579,9.9,12.44,77.6,8,1.4,69.0,3.936,-4.4,0,1,1602
2026-04-02T20:25:59,-5.739672,-125.027992,8.5,12.85,68.5,8,1.4,69.3,3.936,-4.4,0,1,1603
2026-04-02T20:26:27,-5.739105,-125.026405,24.3,13.44,74.7,9,1.3,69.0,3.935,-4.4,0,1,1604
2026-04-02T20:26:55,-5.738636,-125.024841,14.5,12.64,74.2,9,1.3,69.3,3.938,-4.4,0,1,1605
2026-04-02T20:27:23,-5.738206,-125.023254,4.5,12.26,76.5,9,1.3,69.0,3.932,-4.4,0,1,1606
2026-04-02T20:27:51,-5.737751,-125.021660,13.4,12.66,75.2,9,1.3,69.0,3.939,-4.4,0,1,1607
2026-04-02T20:28:19,-5.737330,-125.020058,18.2,13.36,68.9,9,1.3,69.1,3.934,-4.4,0,1,1608
2026-04-02T20:28:47,-5.736893,-125.018486,19.1,13.19,72.9,9,1.3,68.8,3.934,-4.4,0,1,1609
2026-04-02T20:29:15,-5.736425,-125.016907,19.7,12.72,70.0,9,1.3,68.8,3.932,-4.4,0,1,1610
2026-04-02T20:29:43,-5.735968,-125.015335,20.5,13.33,74.3,9,1.3,69.1,3.938,-4.4,0,1,1611
2026-04-02T20:30:11,-5.735523,-125.013748,19.7,13.32,71.9,9,1.3,69.0,3.934,-4.4,0,1,1612
2026-04-02T20:30:39,-5.735055,-125.012177,18.1,12.15,75.1,9,1.3,69.0,3.936,-4.4,0,1,1613
2026-04-02T20:31:07,-5.734571,-125.010582,21.5,13.35,73.0,9,1.3,69.0,3.934,-4.4,0,1,1614
2026-04-02T20:31:35,-5.734092,-125.008987,17.9,12.39,72.4,9,1.3,68.6,3.934,-4.4,0,1,1615
2026-04-02T20:32:03,-5.733618,-125.007385,13.4,12.58,74.4,9,1.3,69.0,3.935,-4.4,0,1,1616
2026-04-02T20:32:31,-5.733138,-125.005783,14.6,12.69,72.9,9,1.3,68.6,3.934,-4.4,0,1,1617
2026-04-02T20:32:59,-5.732648,-125.004173,19.0,13.03,74.1,9,1.3,69.0,3.935,-4.4,0,1,1618
2026-04-02T20:33:27,-5.732182,-125.002586,20.7,12.73,80.1,9,1.4,69.1,3.935,-4.4,0,1,1619
2026-04-02T20:33:55,-5.731703,-125.001015,21.1,12.44,78.5,9,1.4,68.8,3.936,-4.4,0,1,1620
2026-04-02T20:34:23,-5.731268,-124.999466,14.1,12.38,78.8,9,1.4,68.8,3.932,-4.4,0,1,1621
2026-04-02T20:34:51,-5.730806,-124.997871,16.2,12.71,73.6,9,1.4,68.8,3.934,-4.4,0,1,1622
2026-04-02T20:35:19,-5.730363,-124.996284,13.7,12.67,72.5,9,1.4,68.8,3.932,-4.4,0,1,1623
2026-04-02T20:35:47,-5.729918,-124.994675,3.4,13.44,72.3,9,1.4,68.3,3.934,-4.4,0,1,1624
2026-04-02T20:36:15,-5.729496,-124.993027,4.8,11.81,76.2,9,1.4,68.6,3.934,-4.4,0,1,1625
2026-04-02T20:36:43,-5.729038,-124.991425,6.6,13.09,84.7,9,1.4,68.8,3.934,-4.4,0,1,1626
2026-04-02T20:37:11,-5.728515,-124.989815,10.2,13.23,72.1,9,1.4,68.6,3.934,-4.4,0,1,1627
2026-04-02T20:37:39,-5.728086,-124.988197,2.2,12.55,78.4,9,1.4,68.8,3.935,1831.9,0,1,1628
2026-04-02T20:38:07,-5.727628,-124.986557,-3.6,12.22,79.0,9,1.4,69.0,3.935,-4.4,0,1,1629
2026-04-02T20:38:35,-5.727215,-124.984909,3.5,12.59,74.9,9,1.4,68.8,3.932,-4.4,0,1,1630
2026-04-02T20:39:03,-5.726747,-124.983307,4.2,13.44,72.9,9,1.4,68.5,3.931,-4.4,0,1,1631
2026-04-02T20:39:31,-5.726266,-124.981712,5.6,12.32,72.9,9,1.4,68.6,3.931,-4.4,0,1,1632
2026-04-02T20:39:59,-5.725811,-124.980072,2.4,13.42,74.0,9,1.4,68.6,3.934,-4.4,0,1,1633
2026-04-02T20:40:27,-5.725343,-124.978455,-4.6,13.00,74.2,9,1.4,68.6,3.932,-4.4,0,1,1634
2026-04-02T20:40:55,-5.724850,-124.976860,-0.9,12.88,73.1,9,1.4,68.6,3.932,-4.4,0,1,1635
2026-04-02T20:41:23,-5.724393,-124.975220,-8.4,13.36,71.6,9,1.4,68.5,3.931,-4.4,0,1,1636
2026-04-02T20:41:51,-5.723998,-124.973579,-1.9,12.46,74.2,9,1.4,68.3,3.931,-4.4,0,1,1637
2026-04-02T20:42:19,-5.723542,-124.971939,-1.9,12.49,75.2,9,1.4,68.5,3.931,-4.4,0,1,1638
2026-04-02T20:42:47,-5.723023,-124.970329,-8.6,12.44,70.6,9,1.4,68.6,3.931,1827.5,0,1,1639
2026-04-02T20:43:15,-5.722573,-124.968742,-6.3,13.09,69.5,9,1.4,68.6,3.934,-4.4,0,1,1640
2026-04-02T20:43:43,-5.722102,-124.967133,-12.2,13.54,70.8,9,1.4,68.5,3.932,-4.4,0,1,1641
2026-04-02T20:44:11,-5.721616,-124.965515,-18.6,13.28,72.4,9,1.4,68.5,3.930,-4.4,0,1,1642
2026-04-02T20:44:39,-5.721147,-124.963890,-22.2,12.97,75.9,9,1.5,68.5,3.931,-4.4,0,1,1643
2026-04-02T20:45:07,-5.720660,-124.962265,-21.6,12.88,69.0,9,1.5,68.5,3.930,-4.4,0,1,1644
2026-04-02T20:45:35,-5.720290,-124.960617,-17.1,12.86,74.3,9,1.5,68.5,3.931,-4.4,0,1,1645
2026-04-02T20:46:03,-5.719821,-124.958992,-15.7,13.26,67.5,9,1.5,68.5,3.930,-4.4,0,1,1646
2026-04-02T20:46:31,-5.719323,-124.957367,-18.1,12.53,72.3,9,1.5,68.6,3.931,-4.4,0,1,1647
2026-04-02T20:46:59,-5.718866,-124.955750,-14.5,12.86,64.2,9,1.5,68.5,3.932,-4.4,0,1,1648
2026-04-02T20:47:27,-5.718406,-124.954109,-9.9,13.24,65.6,9,1.5,68.2,3.932,-4.0,0,1,1649
2026-04-02T20:47:55,-5.717945,-124.952484,-14.1,12.51,73.5,9,1.5,68.3,3.932,-4.4,0,1,1650
2026-04-02T20:48:23,-5.717436,-124.950859,-9.9,12.51,71.2,9,1.5,68.2,3.931,-4.0,0,1,1651
2026-04-02T20:48:51,-5.716937,-124.949303,-16.1,12.83,74.9,9,1.5,68.5,3.931,-4.4,0,1,1652
2026-04-02T20:49:19,-5.716480,-124.947716,-12.9,12.73,72.8,9,1.5,68.2,3.930,-4.0,0,1,1653
2026-04-02T20:49:47,-5.716040,-124.946121,-6.7,12.85,72.9,9,1.5,68.3,3.929,-4.4,0,1,1654
2026-04-02T20:50:15,-5.715623,-124.944565,-12.7,12.59,75.1,9,1.5,68.3,3.930,-4.4,0,1,1655
2026-04-02T20:50:43,-5.715137,-124.942978,-13.7,12.15,75.8,9,1.5,68.3,3.931,-4.4,0,1,1656
2026-04-02T20:51:11,-5.714653,-124.941399,-19.5,12.76,78.1,9,1.5,68.2,3.930,-4.0,0,1,1657
2026-04-02T20:51:39,-5.714195,-124.939865,-22.2,12.03,67.5,9,1.5,68.2,3.931,-4.0,0,1,1658
2026-04-02T20:52:07,-5.713753,-124.938240,-15.9,12.53,73.6,9,1.5,68.2,3.930,-4.0,0,1,1659
2026-04-02T20:52:35,-5.713285,-124.936676,-7.6,12.94,75.1,9,1.5,68.0,3.931,-3.7,0,1,1660
2026-04-02T20:53:03,-5.712873,-124.935104,-11.1,12.90,80.6,9,1.5,68.3,3.931,-4.4,0,1,1661
2026-04-02T20:53:31,-5.712405,-124.933540,-8.4,11.32,76.2,9,1.5,68.2,3.929,-4.0,0,1,1662
2026-04-02T20:53:59,-5.711925,-124.931946,-2.2,13.31,75.5,9,1.5,68.2,3.930,-4.0,0,1,1663
2026-04-02T20:54:27,-5.711525,-124.930382,-6.2,12.18,74.2,9,1.5,68.2,3.929,-4.0,0,1,1664
2026-04-02T20:54:55,-5.711023,-124.928764,-4.2,12.66,77.0,9,1.5,68.0,3.930,-3.7,0,1,1665
2026-04-02T20:55:23,-5.710663,-124.927177,-8.2,12.86,75.7,9,1.5,67.9,3.930,-4.0,0,1,1666
2026-04-02T20:55:51,-5.710108,-124.925583,0.8,12.55,67.4,9,1.5,68.0,3.929,-3.7,0,1,1667
2026-04-02T20:56:19,-5.709625,-124.924004,-0.8,13.00,76.4,9,1.5,68.2,3.929,-4.0,0,1,1668
2026-04-02T20:56:47,-5.709195,-124.922447,-5.0,12.36,75.3,9,1.5,68.0,3.926,-3.7,0,1,1669
2026-04-02T20:57:15,-5.708712,-124.920860,1.2,12.82,68.5,9,1.5,68.0,3.929,-3.7,0,1,1670
2026-04-02T20:57:43,-5.708247,-124.919281,-4.1,11.69,74.6,9,1.5,68.0,3.929,-3.7,0,1,1671
2026-04-02T20:58:11,-5.707797,-124.917648,-4.9,13.10,77.6,9,1.5,67.9,3.929,-4.0,0,1,1672
2026-04-02T20:58:39,-5.707387,-124.916031,-4.8,12.41,79.6,9,1.5,68.0,3.929,-3.7,0,1,1673
2026-04-02T20:59:07,-5.706973,-124.914444,-6.2,12.90,73.1,9,1.5,67.9,3.930,-4.0,0,1,1674
2026-04-02T20:59:35,-5.706430,-124.912880,0.7,12.23,74.0,9,1.5,67.9,3.928,-4.0,0,1,1675
2026-04-02T21:00:03,-5.705963,-124.911346,-2.8,12.97,75.2,9,1.5,67.9,3.928,-4.0,0,1,1676
2026-04-02T21:00:31,-5.705530,-124.909744,0.0,13.17,76.2,9,1.5,68.0,3.926,-3.7,0,1,1677
2026-04-02T21:00:59,-5.705073,-124.908134,-9.4,12.77,73.7,9,1.5,67.9,3.926,-4.0,0,1,1678
2026-04-02T21:01:27,-5.704627,-124.906570,-13.0,13.57,74.6,9,1.5,67.9,3.928,-4.0,0,1,1679
2026-04-02T21:01:55,-5.704140,-124.904984,-4.1,12.38,72.7,9,1.5,67.9,3.926,-4.0,0,1,1680
2026-04-02T21:02:23,-5.703792,-124.903397,-14.1,12.93,72.8,9,1.5,67.9,3.925,-4.0,0,1,1681
2026-04-02T21:02:51,-5.703363,-124.901772,-10.3,12.79,78.0,9,1.5,67.9,3.928,-4.0,0,1,1682
2026-04-02T21:03:19,-5.702970,-124.900223,-14.4,12.01,70.8,9,1.5,67.7,3.928,-3.7,0,1,1683
2026-04-02T21:03:47,-5.702458,-124.898598,-14.2,13.13,75.6,9,1.5,67.9,3.926,-4.0,0,1,1684
2026-04-02T21:04:15,-5.701940,-124.897026,-13.7,13.17,72.0,9,1.5,67.7,3.925,-3.7,0,1,1685
2026-04-02T21:04:43,-5.701437,-124.895462,-14.3,13.18,76.4,9,1.5,68.0,3.926,-3.7,0,1,1686
2026-04-02T21:05:11,-5.700895,-124.893890,-12.9,13.33,74.1,8,1.7,68.0,3.925,-3.7,0,1,1687
2026-04-02T21:05:39,-5.700300,-124.892303,-7.8,12.58,75.5,8,1.7,67.9,3.925,-4.0,0,1,1688
2026-04-02T21:06:07,-5.699840,-124.890724,-8.7,12.96,69.7,8,1.7,67.9,3.925,-4.0,0,1,1689
2026-04-02T21:06:35,-5.699303,-124.889153,-5.8,12.40,71.7,8,1.7,67.6,3.925,-4.0,0,1,1690
2026-04-02T21:07:03,-5.698820,-124.887604,-2.7,11.84,69.2,8,1.7,67.6,3.925,-4.0,0,1,1691
2026-04-02T21:07:31,-5.698385,-124.886017,-1.4,13.04,72.0,9,1.5,67.7,3.924,-3.7,0,1,1692
2026-04-02T21:07:59,-5.697938,-124.884468,-5.8,12.61,67.2,8,1.7,67.6,3.924,-4.0,0,1,1693
2026-04-02T21:08:27,-5.697388,-124.882904,-4.4,13.08,71.9,9,1.5,67.6,3.925,-4.0,0,1,1694
2026-04-02T21:08:55,-5.696963,-124.881332,-4.9,12.32,77.8,9,1.5,67.7,3.925,-3.7,0,1,1695
2026-04-02T21:09:23,-5.696478,-124.879730,-1.4,13.77,76.6,9,1.5,67.6,3.924,-4.0,0,1,1696
2026-04-02T21:09:51,-5.695983,-124.878159,3.9,13.52,79.0,9,1.5,67.6,3.925,-4.0,0,1,1697
2026-04-02T21:10:19,-5.695502,-124.876633,4.7,12.26,74.7,9,1.5,67.6,3.925,-4.0,0,1,1698
2026-04-02T21:10:47,-5.694990,-124.875046,3.3,12.28,67.2,9,1.5,67.7,3.926,-3.7,0,1,1699
2026-04-02T21:11:15,-5.694475,-124.873497,2.8,12.35,71.1,9,1.5,67.7,3.924,-3.7,0,1,1700
2026-04-02T21:11:43,-5.693996,-124.871895,1.4,13.22,73.9,9,1.5,67.4,3.924,1795.7,0,1,1701
2026-04-02T21:12:11,-5.693712,-124.870300,-5.6,12.24,79.1,5,4.6,67.6,3.924,-4.0,0,1,1702
2026-04-02T21:12:39,-5.693433,-124.868774,-13.9,11.93,77.8,4,4.2,67.4,3.922,-3.7,0,1,1703
2026-04-02T21:13:07,-5.692913,-124.867172,-20.7,13.22,72.7,4,2.9,67.3,3.924,-4.0,0,1,1704
2026-04-02T21:13:35,-5.692288,-124.865578,-29.4,12.39,67.2,5,2.8,67.7,3.921,-3.7,0,1,1705
2026-04-02T21:14:03,-5.691665,-124.863937,-37.0,13.45,68.6,5,2.8,67.4,3.924,-3.7,0,1,1706
2026-04-02T21:14:31,-5.691302,-124.862442,-24.9,12.04,84.2,7,2.7,67.3,3.922,-4.0,0,1,1707
2026-04-02T21:14:59,-5.690562,-124.860901,-19.0,14.30,67.5,5,2.9,67.4,3.929,-3.7,0,1,1708
2026-04-02T21:15:27,-5.690046,-124.859238,-16.2,13.90,76.1,6,2.8,67.4,3.921,-3.7,0,1,1709
2026-04-02T21:15:55,-5.689826,-124.857651,-14.4,12.34,74.7,8,2.7,67.2,3.921,-3.7,0,1,1710
2026-04-02T21:16:23,-5.689259,-124.856155,-10.5,13.18,78.4,7,2.3,67.2,3.921,-3.7,0,1,1711
2026-04-02T21:16:51,-5.688755,-124.854492,-4.2,12.48,73.2,8,2.3,67.3,3.921,-4.0,0,1,1712
2026-04-02T21:17:19,-5.688260,-124.852890,2.0,13.49,80.4,8,2.3,67.2,3.920,-3.7,0,1,1713
2026-04-02T21:17:47,-5.687662,-124.851341,11.3,13.16,74.2,7,2.3,67.2,3.921,-3.7,0,1,1714
2026-04-02T21:18:15,-5.687170,-124.849663,15.9,13.60,73.7,7,3.8,67.2,3.921,-3.7,0,1,1715
2026-04-02T21:18:43,-5.686543,-124.848145,18.3,13.86,68.7,7,2.4,67.2,3.921,-3.7,0,1,1716
2026-04-02T21:19:11,-5.685922,-124.846642,23.3,11.61,69.0,7,2.4,67.2,3.921,-3.7,0,1,1717
2026-04-02T21:19:39,-5.685522,-124.844994,26.9,14.48,74.8,7,2.4,67.0,3.920,-4.0,0,1,1718
2026-04-02T21:20:07,-5.685156,-124.843445,27.5,12.29,72.7,7,2.4,67.2,3.921,-3.7,0,1,1719
2026-04-02T21:20:35,-5.684726,-124.841827,19.8,10.88,71.8,4,3.2,74.1,3.977,-4.4,0,1,1720
2026-04-02T21:21:03,-5.684178,-124.840218,21.4,13.66,76.2,5,2.6,74.2,3.979,-4.4,0,1,1721
2026-04-02T21:21:31,-5.683716,-124.838615,23.7,14.63,82.3,5,9.4,74.7,3.981,-4.4,0,1,1722
2026-04-02T21:21:59,-5.683160,-124.837044,20.9,12.29,71.6,5,3.0,75.0,3.984,-4.4,0,1,1723
