datetime,lat,lon,alt_m,speed_kts,cog,satellites,hdop,battery_pct,battery_v,charge_rate,rtc_bat_low,fix,boot
2026-04-18T00:02:43,10.404418,-75.533363,41.4,0.09,117.1,14,0.7,76.2,3.983,-4.4,0,1,34746
2026-04-18T00:05:47,10.404447,-75.533401,41.2,0.44,6.8,13,0.7,76.3,3.981,-4.4,0,1,34747
2026-04-18T00:08:50,10.404463,-75.533379,41.3,0.39,6.8,13,0.7,75.9,3.991,-4.4,0,1,34748
2026-04-18T00:11:54,10.404477,-75.533379,41.4,1.13,248.6,16,0.6,75.9,3.985,-4.4,0,1,34749
2026-04-18T00:14:57,10.404470,-75.533340,37.1,0.32,104.4,10,1.8,75.9,3.983,-4.4,0,1,34750
2026-04-18T00:18:01,10.404457,-75.533348,35.0,0.46,106.3,12,0.8,75.9,3.980,-4.4,0,1,34751
2026-04-18T00:21:04,10.404467,-75.533379,35.4,0.54,291.9,12,0.8,75.5,3.981,-4.4,0,1,34752
2026-04-18T00:24:07,10.404497,-75.533386,39.5,0.15,325.6,15,0.7,75.7,3.986,-4.4,0,1,34753
2026-04-18T00:27:11,10.404512,-75.533401,39.2,0.22,334.8,15,0.7,75.5,3.984,-4.4,0,1,34754
2026-04-18T00:30:14,10.404502,-75.533386,39.4,0.41,159.1,15,0.6,75.4,3.986,-4.2,0,1,34755
2026-04-18T00:33:18,10.404468,-75.533356,40.3,0.27,157.4,13,0.6,75.2,3.981,-4.4,0,1,34756
2026-04-18T00:36:21,10.404443,-75.533333,41.5,0.08,105.9,15,0.6,75.5,3.975,-4.4,0,1,34757
2026-04-18T00:39:24,10.404440,-75.533318,42.7,0.26,105.9,13,0.8,75.0,3.985,-4.4,0,1,34758
2026-04-18T00:42:28,10.404405,-75.533302,43.3,0.51,105.9,14,0.7,75.0,3.985,-4.4,0,1,34759
2026-04-18T00:45:31,10.404364,-75.533295,42.8,1.06,228.0,11,0.8,74.9,3.977,-4.4,0,1,34760
2026-04-18T00:48:34,10.404337,-75.533279,38.5,0.18,301.6,11,0.8,74.5,3.976,-4.4,0,1,34761
2026-04-18T00:51:38,10.404292,-75.533188,22.8,0.53,110.7,14,0.6,74.9,3.975,-4.4,0,1,34762
2026-04-18T00:54:41,10.404300,-75.533195,19.5,0.22,303.6,15,0.6,74.7,3.974,-4.4,0,1,34763
2026-04-18T00:57:44,10.404308,-75.533226,14.2,0.18,124.1,15,0.7,74.9,3.974,-4.4,0,1,34764
2026-04-18T01:00:48,10.404289,-75.533249,15.0,0.44,131.9,13,0.7,74.4,3.974,-4.4,0,1,34765
2026-04-18T01:03:51,10.404264,-75.533234,15.0,0.39,127.5,12,0.8,74.5,3.974,-4.4,0,1,34766
2026-04-18T01:06:54,10.404248,-75.533226,12.4,0.15,127.9,12,0.8,74.2,3.971,-4.4,0,1,34767
2026-04-18T01:09:58,10.404430,-75.533424,29.2,0.22,309.7,12,0.8,74.1,3.974,-4.4,0,1,34768
2026-04-18T01:13:01,10.404435,-75.533401,26.8,0.63,6.5,14,0.6,74.1,3.969,-4.4,0,1,34769
2026-04-18T01:16:04,10.404453,-75.533401,26.0,0.44,125.2,14,0.6,73.9,3.969,-4.4,0,1,34770
2026-04-18T01:19:08,10.404527,-75.533424,28.5,0.23,316.4,11,0.8,73.6,3.969,-4.4,0,1,34771
2026-04-18T01:22:11,10.404585,-75.533417,26.1,0.09,350.2,13,0.7,73.7,3.965,-4.4,0,1,34772
2026-04-18T01:25:14,10.404641,-75.533409,25.9,0.35,168.3,11,0.9,73.6,3.964,-4.4,0,1,34773
2026-04-18T01:28:18,10.404712,-75.533463,24.0,0.21,318.7,13,0.7,73.6,3.971,-4.4,0,1,34774
2026-04-18T01:31:21,10.404778,-75.533424,24.5,0.73,117.2,13,0.7,73.7,3.971,-4.4,0,1,34775
2026-04-18T01:34:24,10.404757,-75.533463,25.3,0.81,129.5,11,0.9,73.2,3.959,-4.4,0,1,34776
2026-04-18T01:37:28,10.404757,-75.533524,25.6,0.13,117.6,13,0.7,73.1,3.965,-4.4,0,1,34777
2026-04-18T01:40:31,10.404741,-75.533562,25.1,0.38,117.6,10,0.9,73.4,3.963,-4.4,0,1,34778
2026-04-18T01:43:34,10.404503,-75.533463,25.9,0.49,117.7,11,0.7,73.1,3.969,-4.4,0,1,34779
2026-04-18T01:46:38,10.404548,-75.533501,25.5,0.21,135.3,10,0.9,73.1,3.969,-4.4,0,1,34780
2026-04-18T01:49:41,10.404552,-75.533516,25.1,0.40,305.0,12,0.9,72.9,3.963,-4.4,0,1,34781
2026-04-18T01:52:44,10.404553,-75.533546,25.1,0.36,305.0,8,1.2,72.6,3.956,-4.4,0,1,34782
2026-04-18T01:55:48,10.404538,-75.533554,25.1,0.43,262.0,11,0.8,72.4,3.961,-4.4,0,1,34783
2026-04-18T01:58:51,10.404510,-75.533577,25.1,0.75,246.5,12,0.8,72.6,3.960,-4.4,0,1,34784
2026-04-18T02:01:54,10.404497,-75.533592,26.7,0.63,112.6,13,0.7,72.6,3.961,-4.4,0,1,34785
2026-04-18T02:04:58,10.404480,-75.533600,26.2,0.37,132.1,11,0.8,72.2,3.959,-4.4,0,1,34786
2026-04-18T02:08:01,10.404478,-75.533600,29.1,0.47,330.7,13,0.6,72.1,3.956,-4.4,0,1,34787
2026-04-18T02:11:04,10.404473,-75.533623,32.3,0.23,211.1,9,1.0,72.2,3.953,-4.4,0,1,34788
2026-04-18T02:14:08,10.404472,-75.533646,34.4,0.68,62.4,9,1.0,72.2,3.956,-4.4,0,1,34789
2026-04-18T02:17:11,10.404462,-75.533661,35.8,0.04,126.1,12,0.7,71.8,3.960,-4.4,0,1,34790
2026-04-18T02:20:14,10.404482,-75.533669,38.0,0.05,137.9,14,0.7,71.6,3.959,-4.4,0,1,34791
2026-04-18T02:23:17,10.404515,-75.533676,40.9,0.40,324.1,11,0.8,71.8,3.959,-4.4,0,1,34792
2026-04-18T02:26:20,10.404528,-75.533691,45.7,0.69,21.5,14,0.6,71.6,3.953,-4.4,0,1,34793
2026-04-18T02:29:23,10.404538,-75.533699,47.9,0.35,334.4,12,0.7,71.4,3.951,-4.4,0,1,34794
2026-04-18T02:32:27,10.404552,-75.533699,48.8,1.01,317.2,10,0.9,71.6,3.955,-4.4,0,1,34795
2026-04-18T02:35:30,10.404580,-75.533699,49.1,0.75,356.5,8,0.9,71.1,3.947,-4.4,0,1,34796
2026-04-18T02:38:34,10.404560,-75.533714,51.1,1.00,250.9,10,0.9,71.1,3.949,-4.4,0,1,34797
2026-04-18T02:41:37,10.404557,-75.533714,52.1,0.27,300.7,12,0.7,70.8,3.946,-4.4,0,1,34798
2026-04-18T02:44:40,10.404538,-75.533707,52.1,0.13,138.5,8,1.0,70.6,3.946,-4.4,0,1,34799
2026-04-18T02:47:44,10.404517,-75.533707,51.0,0.25,232.6,10,1.0,71.1,3.951,-4.4,0,1,34800
2026-04-18T02:50:47,10.404503,-75.533714,51.5,0.36,107.8,10,0.9,70.8,3.947,-4.4,0,1,34801
2026-04-18T02:53:51,10.404507,-75.533737,51.3,1.16,294.8,9,0.9,70.8,3.944,-4.4,0,1,34802
2026-04-18T02:56:54,10.404503,-75.533737,51.3,0.39,287.5,7,1.6,70.4,3.945,-4.4,0,1,34803
2026-04-18T02:59:58,10.404508,-75.533722,51.0,0.12,287.5,13,0.7,70.1,3.944,-4.4,0,1,34804
2026-04-18T03:03:01,10.404517,-75.533714,52.3,0.21,287.5,10,0.9,70.6,3.944,-4.4,0,1,34805
2026-04-18T03:06:04,10.404503,-75.533722,54.2,0.45,253.3,10,0.9,70.1,3.947,-4.4,0,1,34806
2026-04-18T03:09:08,10.404490,-75.533752,55.9,0.54,127.4,11,0.8,69.8,3.943,-4.4,0,1,34807
2026-04-18T03:12:11,10.404488,-75.533768,56.5,0.33,293.6,8,1.1,69.8,3.940,-4.4,0,1,34808
2026-04-18T03:15:14,10.404490,-75.533775,56.3,0.18,291.0,10,0.9,70.1,3.932,-4.4,0,1,34809
2026-04-18T03:18:18,10.404495,-75.533760,57.6,0.08,107.6,8,1.1,69.6,3.940,-4.4,0,1,34810
2026-04-18T03:21:21,10.404540,-75.533768,58.5,0.23,299.1,9,1.0,69.8,3.936,-4.4,0,1,34811
2026-04-18T03:24:24,10.404533,-75.533745,59.5,0.09,107.3,9,0.9,70.0,3.939,-4.4,0,1,34812
2026-04-18T03:27:28,10.404525,-75.533722,61.7,0.52,307.9,13,0.8,69.6,3.944,-4.4,0,1,34813
2026-04-18T03:30:31,10.404552,-75.533676,50.8,0.13,119.2,11,0.8,69.3,3.941,-4.4,0,1,34814
2026-04-18T03:33:34,10.404520,-75.533623,52.7,0.03,242.4,12,0.8,69.5,3.939,-4.4,0,1,34815
2026-04-18T03:36:38,10.404468,-75.533592,55.8,0.41,146.3,10,0.9,69.5,3.936,-4.4,0,1,34816
2026-04-18T03:39:41,10.404467,-75.533562,55.4,0.27,121.5,11,0.8,69.1,3.931,-4.4,0,1,34817
2026-04-18T03:42:44,10.404468,-75.533554,56.4,0.54,121.5,13,0.7,69.3,3.934,-4.4,0,1,34818
2026-04-18T03:45:48,10.404666,-75.533791,85.6,0.65,119.5,9,1.1,76.0,3.991,-4.4,0,1,34819
2026-04-18T03:48:52,10.404591,-75.533623,67.6,1.27,93.6,12,1.0,76.8,3.997,-4.4,0,1,34820
2026-04-18T03:51:56,10.404567,-75.533592,66.1,0.26,89.1,7,1.5,77.5,4.003,-4.4,0,1,34821
2026-04-18T03:54:59,10.404528,-75.533569,65.1,0.59,111.8,12,0.8,77.8,4.008,-4.4,0,1,34822
2026-04-18T03:58:03,10.404538,-75.533585,65.6,1.74,259.0,9,1.0,79.0,4.012,-4.4,0,1,34823
2026-04-18T04:01:06,10.404545,-75.533592,65.6,0.62,306.7,12,0.8,79.1,4.016,-4.4,0,1,34824
2026-04-18T04:04:09,10.404578,-75.533623,65.1,0.77,341.2,12,0.8,79.9,4.021,-4.4,0,1,34825
2026-04-18T04:07:13,10.404598,-75.533630,65.1,0.02,124.3,12,0.8,80.3,4.024,-4.4,0,1,34826
2026-04-18T04:10:17,10.404598,-75.533638,64.2,0.40,316.0,12,0.8,80.7,4.029,-4.4,0,1,34827
2026-04-18T04:13:20,10.404593,-75.533661,64.7,0.40,284.8,13,0.7,81.6,4.034,-4.4,0,1,34828
2026-04-18T04:16:24,10.404565,-75.533653,64.5,0.18,284.8,12,0.8,82.1,4.036,-4.4,0,1,34829
2026-04-18T04:19:27,10.404551,-75.533661,65.2,0.88,269.2,14,0.7,82.5,4.043,-4.4,0,1,34830
2026-04-18T04:22:30,10.404523,-75.533638,62.6,0.18,113.6,13,0.7,83.2,4.046,-4.2,0,1,34831
2026-04-18T04:25:34,10.404522,-75.533623,60.8,0.85,288.1,15,0.6,83.5,4.051,-4.4,0,1,34832
2026-04-18T04:28:37,10.404503,-75.533623,62.1,0.60,353.4,9,1.0,84.0,4.055,-4.4,0,1,34833
2026-04-18T04:31:41,10.404528,-75.533630,63.9,0.43,353.4,8,1.0,84.8,4.059,-3.7,0,1,34834
2026-04-18T04:34:44,10.403978,-75.534050,70.9,0.88,223.7,12,0.8,85.1,4.061,-3.7,0,1,34835
2026-04-18T04:37:47,10.402495,-75.535141,80.6,1.74,253.9,11,1.5,85.6,4.066,-3.7,0,1,34836
2026-04-18T04:40:51,10.401715,-75.535866,44.2,0.22,278.4,9,1.4,86.2,4.071,-3.7,0,1,34837
2026-04-18T04:43:54,10.401310,-75.535484,43.0,1.00,186.8,9,1.1,86.8,4.076,-3.7,0,1,34838
2026-04-18T04:46:58,10.398487,-75.537323,7.7,7.22,211.0,11,1.0,87.5,4.080,-3.7,0,1,34839
2026-04-18T04:50:02,10.391913,-75.540886,19.5,9.83,192.7,8,1.3,87.8,4.085,-3.7,0,1,34840
2026-04-18T04:50:31,10.390466,-75.540977,28.8,10.17,179.1,9,1.3,87.8,4.086,-3.7,0,1,34841
2026-04-18T04:51:00,10.389175,-75.540909,27.1,9.81,173.6,12,1.0,87.8,4.085,-3.7,0,1,34842
2026-04-18T04:51:29,10.387886,-75.540581,27.3,11.59,159.0,12,1.0,87.9,4.088,-3.7,0,1,34843
2026-04-18T04:51:58,10.386527,-75.540138,19.8,10.92,157.1,12,1.0,87.9,4.089,-3.7,0,1,34844
2026-04-18T04:52:27,10.385092,-75.539627,13.9,10.66,166.5,12,1.0,88.1,4.088,-4.0,0,1,34845
2026-04-18T04:52:56,10.383643,-75.539055,9.3,11.72,161.9,12,1.0,88.1,4.089,-4.0,0,1,34846
2026-04-18T04:53:24,10.382263,-75.538513,12.6,11.78,157.0,12,1.0,88.1,4.089,-4.0,0,1,34847
2026-04-18T04:53:53,10.380796,-75.537865,22.8,12.66,155.4,11,1.0,88.2,4.090,-3.7,0,1,34848
2026-04-18T04:54:22,10.379285,-75.537262,11.3,12.55,160.7,12,0.9,88.5,4.091,-3.7,0,1,34849
2026-04-18T04:54:51,10.377688,-75.536636,7.0,12.08,157.2,12,1.0,88.5,4.091,-3.7,0,1,34850
2026-04-18T04:55:19,10.376176,-75.536026,7.9,11.83,155.6,12,1.0,89.0,4.093,-4.4,0,1,34851
2026-04-18T04:55:48,10.374601,-75.535400,15.3,11.72,158.2,11,1.0,88.8,4.093,-4.2,0,1,34852
2026-04-18T04:56:17,10.372978,-75.534752,22.1,12.40,157.8,12,1.0,88.6,4.093,-4.2,0,1,34853
2026-04-18T04:56:46,10.371405,-75.534081,14.3,12.38,156.1,12,1.0,88.6,4.095,-4.2,0,1,34854
2026-04-18T04:57:14,10.369893,-75.533478,14.5,12.84,155.6,12,1.0,88.8,4.096,-4.2,0,1,34855
2026-04-18T04:57:43,10.368311,-75.532852,7.8,12.56,158.5,12,1.0,89.0,4.096,-4.4,0,1,34856
2026-04-18T04:58:12,10.366733,-75.532188,6.8,12.60,152.8,13,1.0,89.1,4.096,-4.2,0,1,34857
2026-04-18T04:58:41,10.365118,-75.531563,5.2,13.20,155.9,11,1.2,89.3,4.099,-4.2,0,1,34858
2026-04-18T04:59:10,10.363544,-75.530945,2.2,12.65,156.0,12,1.0,89.1,4.099,-4.2,0,1,34859
2026-04-18T04:59:39,10.361898,-75.530251,0.3,13.17,157.2,12,1.0,89.6,4.097,-4.4,0,1,34860
2026-04-18T05:00:08,10.360320,-75.529610,0.5,12.78,154.2,12,1.0,89.3,4.101,-4.2,0,1,34861
2026-04-18T05:00:37,10.358704,-75.528938,3.1,12.70,159.7,12,1.0,89.4,4.097,-4.2,0,1,34862
2026-04-18T05:01:06,10.357121,-75.528290,16.8,12.64,166.2,11,1.1,89.6,4.099,-4.4,0,1,34863
2026-04-18T05:01:35,10.355387,-75.528137,13.0,13.85,173.2,9,1.3,89.6,4.102,-4.4,0,1,34864
2026-04-18T05:02:04,10.353660,-75.528145,9.3,12.27,183.3,10,1.2,89.7,4.102,-4.2,0,1,34865
2026-04-18T05:02:33,10.352052,-75.528366,12.2,12.16,195.3,9,1.3,89.6,4.102,-4.4,0,1,34866
2026-04-18T05:03:02,10.350472,-75.528847,14.1,13.01,198.1,10,1.2,89.9,4.102,-4.2,0,1,34867
2026-04-18T05:03:31,10.348868,-75.529297,21.2,12.23,198.0,9,1.3,89.9,4.104,-4.2,0,1,34868
2026-04-18T05:04:00,10.347200,-75.529747,20.4,12.43,199.9,9,1.3,90.1,4.105,-4.2,0,1,34869
2026-04-18T05:04:29,10.345490,-75.530281,14.7,12.88,192.7,9,1.3,90.2,4.105,-4.4,0,1,34870
2026-04-18T05:04:58,10.343805,-75.530647,18.0,13.39,193.2,9,1.3,90.5,4.105,-4.2,0,1,34871
2026-04-18T05:05:27,10.342102,-75.531281,19.3,11.58,201.7,9,1.2,90.5,4.104,-4.2,0,1,34872
2026-04-18T05:05:56,10.340640,-75.532272,-19.2,12.55,216.8,9,1.2,90.9,4.109,2418.8,0,1,34873
2026-04-18T05:06:25,10.339321,-75.533318,-6.1,12.55,217.9,9,1.2,90.2,4.108,-4.4,0,1,34874
2026-04-18T05:06:54,10.338167,-75.534615,-2.7,12.70,230.1,7,2.2,91.0,4.108,-4.2,0,1,34875
2026-04-18T05:07:23,10.337089,-75.535980,-3.5,12.77,236.3,8,1.2,90.7,4.111,-4.2,0,1,34876
2026-04-18T05:07:52,10.335912,-75.537262,-0.8,13.04,230.9,8,1.5,90.9,4.110,-4.4,0,1,34877
2026-04-18T05:08:21,10.334820,-75.538666,5.2,13.51,226.2,8,1.5,90.9,4.110,-4.4,0,1,34878
2026-04-18T05:08:50,10.333836,-75.540100,3.6,12.87,232.6,8,1.5,91.0,4.113,-4.2,0,1,34879
2026-04-18T05:09:19,10.332722,-75.541504,12.0,11.83,230.6,9,1.2,91.0,4.113,-4.2,0,1,34880
2026-04-18T05:09:48,10.331663,-75.542984,7.0,12.84,232.5,8,1.5,91.2,4.113,-4.2,0,1,34881
2026-04-18T05:10:17,10.330611,-75.544312,4.8,11.49,231.1,9,1.2,91.5,4.114,-4.4,0,1,34882
2026-04-18T05:10:46,10.329546,-75.545799,0.9,13.36,233.2,8,1.5,91.3,4.115,-4.2,0,1,34883
2026-04-18T05:11:15,10.328286,-75.547127,9.7,14.05,227.6,8,1.5,91.5,4.115,-4.4,0,1,34884
2026-04-18T05:11:44,10.327200,-75.548515,8.3,13.39,231.2,8,1.5,91.8,4.116,-4.2,0,1,34885
2026-04-18T05:12:13,10.326050,-75.549942,8.1,13.53,232.1,8,1.5,91.8,4.117,-4.2,0,1,34886
2026-04-18T05:12:42,10.324888,-75.551338,2.9,13.33,230.1,9,1.2,92.0,4.117,-4.2,0,1,34887
2026-04-18T05:13:11,10.323787,-75.552727,1.3,13.80,230.3,9,1.2,91.8,4.120,-4.2,0,1,34888
2026-04-18T05:13:40,10.322699,-75.554131,-1.0,13.52,230.7,8,1.5,91.6,4.119,-4.2,0,1,34889
2026-04-18T05:14:09,10.321554,-75.555435,0.9,12.71,229.9,9,1.2,92.1,4.121,-4.4,0,1,34890
2026-04-18T05:14:38,10.320400,-75.556847,3.9,12.78,227.4,9,1.2,92.0,4.121,-4.2,0,1,34891
2026-04-18T05:15:07,10.319368,-75.558205,3.0,12.32,236.6,9,1.2,92.3,4.121,-4.2,0,1,34892
2026-04-18T05:15:36,10.318624,-75.559677,13.5,10.20,246.7,7,2.0,92.4,4.121,-4.2,0,1,34893
2026-04-18T05:16:05,10.317971,-75.561234,3.2,12.83,250.6,8,1.2,92.3,4.124,-4.2,0,1,34894
2026-04-18T05:16:34,10.317572,-75.562904,-4.8,11.05,257.3,8,1.5,92.4,4.124,-4.2,0,1,34895
2026-04-18T05:17:03,10.317251,-75.564415,5.1,10.82,259.9,7,1.9,92.8,4.124,-4.4,0,1,34896
2026-04-18T05:17:32,10.317226,-75.565834,7.0,9.76,262.9,9,1.3,92.6,4.125,-4.2,0,1,34897
2026-04-18T05:18:01,10.317135,-75.567223,12.4,10.37,257.8,8,1.5,92.9,4.124,-4.2,0,1,34898
2026-04-18T05:18:29,10.317030,-75.568489,6.5,8.91,264.7,9,1.3,92.6,4.126,2465.2,0,1,34899
2026-04-18T05:18:58,10.316940,-75.569756,14.0,9.32,265.0,9,1.3,92.8,4.126,-4.4,0,1,34900
2026-04-18T05:19:27,10.316794,-75.570976,11.8,8.66,262.0,9,1.3,93.1,4.129,-4.2,0,1,34901
2026-04-18T05:19:56,10.316665,-75.572144,8.8,8.45,267.4,9,1.3,93.1,4.130,-4.2,0,1,34902
2026-04-18T05:20:25,10.316544,-75.573265,6.7,8.61,266.3,9,1.3,93.1,4.128,-4.2,0,1,34903
2026-04-18T05:20:54,10.316443,-75.574326,11.4,8.09,268.6,10,1.2,93.4,4.130,-4.4,0,1,34904
2026-04-18T05:21:23,10.316357,-75.575417,8.6,7.50,260.3,10,1.2,93.2,4.131,-4.2,0,1,34905
2026-04-18T05:21:52,10.316372,-75.576477,3.8,8.29,280.3,10,1.2,93.5,4.131,-4.2,0,1,34906
2026-04-18T05:22:21,10.316228,-75.577522,9.7,8.11,257.4,9,1.3,93.5,4.131,-4.2,0,1,34907
2026-04-18T05:22:50,10.316105,-75.578583,6.0,8.66,276.0,9,1.3,93.9,4.134,-4.2,0,1,34908
2026-04-18T05:23:19,10.316133,-75.579643,7.5,7.23,266.0,10,1.2,93.7,4.134,-4.2,0,1,34909
2026-04-18T05:23:48,10.316071,-75.580673,5.6,7.57,242.6,9,1.5,94.0,4.136,-4.4,0,1,34910
2026-04-18T05:24:17,10.315948,-75.581787,10.8,8.27,267.1,10,1.2,94.0,4.135,-4.4,0,1,34911
2026-04-18T05:24:46,10.315898,-75.582932,7.5,8.55,265.4,9,1.5,93.9,4.135,-4.2,0,1,34912
2026-04-18T05:25:15,10.315922,-75.584152,11.3,8.54,264.3,11,1.0,94.0,4.136,-4.4,0,1,34913
2026-04-18T05:25:44,10.315763,-75.585480,7.3,9.96,270.1,9,1.5,94.0,4.136,-4.4,0,1,34914
2026-04-18T05:26:13,10.315719,-75.586922,8.4,10.65,264.3,9,1.5,94.2,4.136,-4.2,0,1,34915
2026-04-18T05:26:42,10.315708,-75.588448,11.2,10.73,273.3,9,1.5,94.5,4.139,-4.2,0,1,34916
2026-04-18T05:27:11,10.316000,-75.589890,3.7,11.47,283.8,9,1.5,94.5,4.139,-4.2,0,1,34917
2026-04-18T05:27:39,10.316423,-75.591324,7.4,11.05,290.4,11,1.0,94.7,4.139,-4.4,0,1,34918
2026-04-18T05:28:08,10.317103,-75.592728,8.7,12.19,302.1,10,1.2,94.7,4.141,-4.4,0,1,34919
2026-04-18T05:28:37,10.317804,-75.594139,7.7,11.50,296.3,11,1.0,95.0,4.141,-4.2,0,1,34920
2026-04-18T05:29:06,10.318559,-75.595619,-0.4,11.68,292.6,10,1.2,94.8,4.141,-4.2,0,1,34921
2026-04-18T05:29:35,10.319339,-75.597153,-0.4,12.87,291.7,10,1.2,95.0,4.141,-4.2,0,1,34922
2026-04-18T05:30:04,10.320118,-75.598679,2.5,11.41,292.6,10,1.2,95.1,4.144,-4.2,0,1,34923
2026-04-18T05:30:33,10.320898,-75.600319,2.5,13.78,293.4,9,1.5,95.1,4.144,-4.2,0,1,34924
2026-04-18T05:31:02,10.321637,-75.601990,11.1,13.10,301.5,10,1.2,95.1,4.145,-4.2,0,1,34925
2026-04-18T05:31:31,10.322631,-75.603401,19.1,11.72,308.4,10,1.2,95.3,4.148,-4.4,0,1,34926
2026-04-18T05:31:59,10.323838,-75.604599,9.2,11.84,317.8,10,1.2,95.4,4.146,-4.2,0,1,34927
2026-04-18T05:32:28,10.325253,-75.605530,4.7,10.45,331.4,10,1.1,95.6,4.145,-4.2,0,1,34928
2026-04-18T05:32:57,10.326698,-75.606262,6.8,12.95,329.2,8,1.5,95.3,4.148,-4.4,0,1,34929
2026-04-18T05:33:26,10.328279,-75.606827,8.8,12.16,340.3,10,1.1,95.4,4.148,-4.2,0,1,34930
2026-04-18T05:33:55,10.329868,-75.607346,11.3,13.52,345.1,9,1.5,95.8,4.149,-4.2,0,1,34931
2026-04-18T05:34:24,10.331445,-75.607819,14.0,12.64,344.8,9,1.5,95.9,4.149,-4.4,0,1,34932
2026-04-18T05:34:53,10.332983,-75.608322,11.3,12.15,349.7,10,1.1,96.1,4.151,-4.2,0,1,34933
2026-04-18T05:35:22,10.334640,-75.608780,7.4,11.74,343.5,10,1.1,96.1,4.151,-4.2,0,1,34934
2026-04-18T05:35:51,10.336300,-75.609138,4.4,12.02,346.0,10,1.1,95.9,4.151,-4.4,0,1,34935
2026-04-18T05:36:20,10.337896,-75.609505,0.0,12.03,346.8,10,1.2,96.6,4.153,2570.5,0,1,34936
2026-04-18T05:36:49,10.339427,-75.609970,7.1,12.11,342.7,9,1.4,96.2,4.154,-4.2,0,1,34937
2026-04-18T05:37:18,10.340897,-75.610420,10.2,10.52,345.9,9,1.5,96.4,4.155,-4.2,0,1,34938
2026-04-18T05:37:47,10.342519,-75.610863,14.8,12.15,345.6,9,1.5,96.6,4.155,-4.4,0,1,34939
2026-04-18T05:38:16,10.344200,-75.611153,10.6,11.71,347.8,10,1.2,96.6,4.157,-4.4,0,1,34940
2026-04-18T05:38:44,10.345801,-75.611458,5.0,12.77,341.2,13,1.1,97.0,4.157,-4.2,0,1,34941
2026-04-18T05:39:13,10.347422,-75.611893,8.2,12.88,342.5,10,1.3,96.9,4.157,-4.2,0,1,34942
2026-04-18T05:39:42,10.349033,-75.612366,13.7,12.21,339.1,10,1.3,97.0,4.159,-4.2,0,1,34943
2026-04-18T05:40:11,10.350652,-75.612762,14.0,11.51,340.6,9,1.6,97.0,4.159,-4.2,0,1,34944
2026-04-18T05:40:39,10.352239,-75.613060,16.7,10.44,340.1,12,1.0,97.3,4.159,-4.2,0,1,34945
2026-04-18T05:41:08,10.353849,-75.613472,17.8,12.10,345.1,12,1.0,97.3,4.160,-4.2,0,1,34946
2026-04-18T05:41:37,10.355474,-75.613899,23.0,11.43,339.9,11,1.1,97.2,4.160,-4.4,0,1,34947
2026-04-18T05:42:06,10.357077,-75.614197,12.5,11.98,351.5,11,1.1,97.3,4.161,-4.2,0,1,34948
2026-04-18T05:42:34,10.358670,-75.614555,17.2,11.58,343.3,12,1.0,97.3,4.161,-4.2,0,1,34949
2026-04-18T05:43:03,10.360302,-75.614883,11.0,11.76,355.4,9,1.5,97.7,4.164,-4.2,0,1,34950
2026-04-18T05:43:32,10.361932,-75.615273,10.4,11.86,346.6,9,1.5,97.8,4.165,-4.4,0,1,34951
2026-04-18T05:44:01,10.363555,-75.615639,16.7,12.75,348.6,10,1.3,97.7,4.165,-4.2,0,1,34952
2026-04-18T05:44:30,10.365160,-75.616028,16.6,11.92,343.5,10,1.2,98.0,4.165,-4.2,0,1,34953
2026-04-18T05:44:59,10.366846,-75.616394,17.9,12.25,342.5,12,1.0,98.1,4.166,-4.2,0,1,34954
2026-04-18T05:45:28,10.368551,-75.616669,13.9,12.48,350.6,11,1.0,98.0,4.168,-4.2,0,1,34955
2026-04-18T05:45:57,10.370163,-75.616890,7.0,11.43,356.9,10,1.2,98.1,4.168,-4.2,0,1,34956
2026-04-18T05:46:26,10.371865,-75.617279,12.5,10.80,353.6,11,1.0,98.1,4.168,-4.2,0,1,34957
2026-04-18T05:46:54,10.373459,-75.617676,15.1,12.62,349.5,11,1.0,98.3,4.169,-4.2,0,1,34958
2026-04-18T05:47:23,10.375230,-75.618019,16.0,13.86,349.3,11,1.0,98.6,4.171,-4.2,0,1,34959
2026-04-18T05:47:52,10.377009,-75.618462,21.8,12.30,341.5,10,1.1,98.4,4.170,-4.4,0,1,34960
2026-04-18T05:48:21,10.378765,-75.618988,18.9,13.57,342.4,10,1.2,98.6,4.173,-4.2,0,1,34961
2026-04-18T05:48:50,10.380547,-75.619537,18.4,13.30,345.3,10,1.2,98.8,4.173,-4.2,0,1,34962
2026-04-18T05:49:19,10.382295,-75.620171,10.2,13.58,339.0,10,1.2,98.9,4.174,-4.2,0,1,34963
2026-04-18T05:49:48,10.383980,-75.620934,11.8,13.78,336.1,10,1.2,98.9,4.175,-4.2,0,1,34964
2026-04-18T05:50:17,10.385468,-75.622002,13.0,14.06,322.4,11,1.0,98.9,4.175,-4.2,0,1,34965
2026-04-18T05:50:46,10.387058,-75.623047,10.9,14.04,330.5,11,1.0,99.1,4.174,-4.4,0,1,34966
2026-04-18T05:51:15,10.388624,-75.624176,12.6,13.70,326.7,10,1.2,99.2,4.176,-4.2,0,1,34967
2026-04-18T05:51:44,10.390162,-75.625343,17.9,14.53,322.1,11,1.0,99.1,4.179,-4.4,0,1,34968
2026-04-18T05:52:13,10.391738,-75.626358,13.3,14.17,323.2,11,1.0,99.2,4.176,-4.2,0,1,34969
2026-04-18T05:52:42,10.393248,-75.627426,17.3,14.11,323.8,11,1.0,99.7,4.179,-4.4,0,1,34970
2026-04-18T05:53:11,10.394872,-75.628448,13.3,14.74,322.4,11,1.0,99.7,4.179,-4.4,0,1,34971
2026-04-18T05:53:40,10.396450,-75.629456,7.3,13.79,327.8,10,1.0,99.7,4.181,-4.4,0,1,34972
2026-04-18T05:54:09,10.398064,-75.630493,4.4,14.55,324.2,10,1.2,99.9,4.180,-4.2,0,1,34973
2026-04-18T05:54:38,10.399692,-75.631485,0.2,14.14,329.5,10,1.2,99.9,4.181,-4.2,0,1,34974
2026-04-18T05:55:07,10.401299,-75.632553,0.9,14.28,321.8,10,1.2,100.0,4.181,-4.2,0,1,34975
2026-04-18T05:55:36,10.402826,-75.633659,0.1,14.10,326.2,10,1.2,100.0,4.182,-4.2,0,1,34976
2026-04-18T05:56:05,10.404423,-75.634697,-3.8,14.47,324.9,10,1.2,100.3,4.184,-4.4,0,1,34977
2026-04-18T05:56:34,10.405991,-75.635796,-3.3,13.87,327.5,10,1.2,100.3,4.186,-4.4,0,1,34978
2026-04-18T05:57:03,10.407632,-75.636887,-11.2,14.07,329.6,10,1.2,100.3,4.185,-4.4,0,1,34979
2026-04-18T05:57:32,10.409214,-75.637917,-6.9,13.86,326.8,10,1.2,100.8,4.186,-4.2,0,1,34980
2026-04-18T05:58:01,10.410828,-75.638962,-0.3,14.43,333.4,10,1.2,100.5,4.186,-4.2,0,1,34981
2026-04-18T05:58:30,10.412503,-75.639870,6.6,12.21,331.1,10,1.2,101.0,4.187,2688.4,0,1,34982
2026-04-18T05:58:59,10.414405,-75.640450,18.2,14.15,342.3,9,1.4,101.0,4.190,-4.4,0,1,34983
2026-04-18T05:59:28,10.416139,-75.640900,12.5,13.32,355.2,11,1.1,100.8,4.190,-4.2,0,1,34984
2026-04-18T05:59:57,10.418023,-75.641144,-4.5,13.52,351.2,12,1.0,100.8,4.190,-4.2,0,1,34985
2026-04-18T06:00:26,10.419893,-75.641281,-1.7,13.27,354.1,10,1.4,101.3,4.193,-4.2,0,1,34986
2026-04-18T06:00:55,10.421793,-75.641296,2.5,13.55,0.4,11,1.1,101.0,4.193,-4.4,0,1,34987
2026-04-18T06:01:24,10.423660,-75.641319,1.4,13.43,358.7,10,1.2,101.3,4.193,-4.2,0,1,34988
2026-04-18T06:01:53,10.425551,-75.641441,1.1,12.70,358.8,10,1.1,101.5,4.194,-4.2,0,1,34989
2026-04-18T06:02:22,10.427364,-75.641396,-6.3,13.83,357.7,10,1.1,101.3,4.195,-4.2,0,1,34990
2026-04-18T06:02:51,10.429253,-75.641411,-10.3,15.00,357.8,11,1.0,101.6,4.196,-4.4,0,1,34991
2026-04-18T06:03:20,10.431094,-75.641449,-12.8,12.35,2.0,9,1.4,101.9,4.196,-4.2,0,1,34992
2026-04-18T06:03:49,10.432993,-75.641571,-12.9,13.09,359.0,10,1.1,101.9,4.196,-4.2,0,1,34993
2026-04-18T06:04:18,10.434869,-75.641533,-14.7,13.21,1.2,10,1.1,102.1,4.196,-4.2,0,1,34994
2026-04-18T06:04:47,10.436766,-75.641571,-12.8,13.60,359.4,10,1.1,102.1,4.200,-4.2,0,1,34995
2026-04-18T06:05:16,10.438637,-75.641617,-7.1,13.90,3.6,10,1.1,102.6,4.200,-4.2,0,1,34996
2026-04-18T06:05:45,10.440469,-75.641701,-5.6,14.78,3.3,10,1.3,102.4,4.200,-4.2,0,1,34997
2026-04-18T06:06:14,10.442388,-75.641747,-4.5,14.82,2.2,11,1.1,102.6,4.200,2730.6,0,1,34998
2026-04-18T06:06:43,10.444247,-75.641785,-0.7,13.61,357.9,11,1.1,102.7,4.204,-4.2,0,1,34999
2026-04-18T06:07:12,10.446076,-75.641754,-1.2,13.04,356.7,10,1.3,102.7,4.205,-4.2,0,1,35000
2026-04-18T06:07:41,10.447972,-75.641708,3.0,13.55,358.6,10,1.3,102.9,4.205,-4.4,0,1,35001
2026-04-18T06:08:10,10.449819,-75.641785,3.8,13.25,359.1,11,1.1,102.9,4.205,-4.4,0,1,35002
2026-04-18T06:08:39,10.451688,-75.641747,4.7,13.93,358.7,10,1.3,103.0,4.206,-4.2,0,1,35003
2026-04-18T06:09:08,10.453557,-75.641739,8.2,13.64,358.0,11,1.1,103.4,4.207,2751.6,0,1,35004
2026-04-18T06:09:37,10.455419,-75.641731,15.0,13.82,357.0,11,1.1,103.0,4.207,-4.2,0,1,35005
2026-04-18T06:10:06,10.457255,-75.641785,15.9,14.02,356.0,10,1.3,103.7,4.207,-4.2,0,1,35006
2026-04-18T06:10:35,10.459132,-75.641800,16.4,13.96,0.2,10,1.3,103.7,4.209,-4.2,0,1,35007
2026-04-18T06:11:04,10.460966,-75.641846,18.9,13.78,359.1,10,1.3,103.4,4.211,-4.2,0,1,35008
2026-04-18T06:11:33,10.462873,-75.641800,17.0,13.80,0.6,11,1.1,103.5,4.213,-4.4,0,1,35009
2026-04-18T06:12:02,10.464792,-75.641731,18.9,13.78,0.1,10,1.3,103.7,4.213,2760.2,0,1,35010
2026-04-18T06:12:31,10.466641,-75.641876,15.3,13.25,356.8,11,1.1,103.7,4.213,-4.2,0,1,35011
2026-04-18T06:13:00,10.468518,-75.641838,18.1,13.43,356.5,11,1.1,103.8,4.213,-4.2,0,1,35012
2026-04-18T06:13:29,10.470382,-75.641914,16.9,13.90,355.5,11,1.1,103.8,4.211,-4.2,0,1,35013
2026-04-18T06:13:58,10.472265,-75.641853,19.6,14.11,358.1,10,1.3,103.7,4.214,-4.2,0,1,35014
2026-04-18T06:14:27,10.474105,-75.641907,20.4,13.57,357.1,10,1.3,103.8,4.213,-4.2,0,1,35015
2026-04-18T06:14:56,10.476014,-75.641907,20.1,14.03,356.1,10,1.3,104.0,4.214,-4.2,0,1,35016
2026-04-18T06:15:25,10.477846,-75.641975,20.0,13.50,0.6,10,1.3,104.0,4.213,-4.2,0,1,35017
2026-04-18T06:15:54,10.479690,-75.641991,16.7,13.88,0.2,10,1.3,104.1,4.214,-4.4,0,1,35018
2026-04-18T06:16:23,10.481565,-75.642052,12.1,13.69,355.7,11,1.1,103.8,4.213,-4.2,0,1,35019
2026-04-18T06:16:52,10.483396,-75.642174,11.0,13.87,358.0,10,1.3,103.8,4.214,-4.2,0,1,35020
2026-04-18T06:17:21,10.485282,-75.642197,6.4,13.61,357.4,10,1.3,104.1,4.214,-4.4,0,1,35021
2026-04-18T06:17:50,10.487172,-75.642227,6.4,14.81,4.5,10,1.3,104.0,4.214,-4.2,0,1,35022
2026-04-18T06:18:19,10.489006,-75.642395,2.7,13.54,359.5,9,1.3,104.0,4.214,-4.2,0,1,35023
2026-04-18T06:18:48,10.490946,-75.642227,1.9,13.75,0.7,10,1.3,104.0,4.214,-4.2,0,1,35024
2026-04-18T06:19:17,10.492799,-75.642464,2.2,14.33,354.7,10,1.3,104.3,4.215,-4.2,0,1,35025
2026-04-18T06:19:46,10.494719,-75.642456,4.0,13.63,353.5,11,1.0,104.0,4.215,-4.2,0,1,35026
2026-04-18T06:20:15,10.496546,-75.642471,5.7,13.70,346.9,10,1.3,104.0,4.215,-4.2,0,1,35027
2026-04-18T06:20:44,10.498444,-75.642624,-2.6,13.70,357.5,10,1.3,104.3,4.215,-4.2,0,1,35028
2026-04-18T06:21:13,10.500374,-75.642540,0.3,14.07,356.5,11,1.0,104.1,4.214,-4.4,0,1,35029
2026-04-18T06:21:42,10.502271,-75.642624,-3.3,13.85,356.3,10,1.3,104.1,4.214,-4.4,0,1,35030
2026-04-18T06:22:11,10.504173,-75.642708,-4.9,13.37,355.9,10,1.2,104.0,4.214,-4.2,0,1,35031
2026-04-18T06:22:40,10.506054,-75.642754,-6.6,13.66,354.6,10,1.2,104.0,4.215,-4.2,0,1,35032
2026-04-18T06:23:09,10.507954,-75.642822,-7.2,13.26,352.4,11,1.0,104.3,4.215,-4.2,0,1,35033
2026-04-18T06:23:38,10.509803,-75.642845,-13.4,13.70,357.9,10,1.2,104.1,4.216,-4.4,0,1,35034
2026-04-18T06:24:07,10.511695,-75.642876,-11.4,14.34,357.5,10,1.2,104.1,4.216,-4.4,0,1,35035
2026-04-18T06:24:36,10.513532,-75.642944,-5.6,13.83,357.8,10,1.2,104.1,4.216,-4.4,0,1,35036
2026-04-18T06:25:05,10.515453,-75.642990,-1.0,12.78,357.3,10,1.2,104.3,4.214,-4.2,0,1,35037
2026-04-18T06:25:34,10.517371,-75.643105,-4.8,13.88,357.2,10,1.2,104.3,4.215,2777.0,0,1,35038
2026-04-18T06:26:03,10.519183,-75.643036,-7.9,13.29,1.2,9,1.8,104.1,4.214,-4.4,0,1,35039
2026-04-18T06:26:32,10.521108,-75.643127,-3.6,13.43,3.8,9,1.8,104.5,4.216,2781.2,0,1,35040
2026-04-18T06:27:01,10.522946,-75.643013,-11.3,14.07,4.4,10,1.2,104.1,4.216,-4.4,0,1,35041
2026-04-18T06:27:30,10.524771,-75.642723,-13.1,12.05,6.8,10,1.2,104.1,4.216,-4.4,0,1,35042
2026-04-18T06:27:59,10.526708,-75.642601,-15.2,13.91,3.6,10,1.2,104.5,4.215,-4.2,0,1,35043
2026-04-18T06:28:28,10.528495,-75.642403,-19.1,13.99,7.3,11,1.0,104.3,4.216,-4.2,0,1,35044
2026-04-18T06:28:57,10.530381,-75.642204,-16.5,13.30,7.5,9,1.2,104.1,4.216,-4.4,0,1,35045
2026-04-18T06:29:26,10.532240,-75.641968,-12.6,13.84,6.9,9,1.8,104.3,4.218,-4.2,0,1,35046
2026-04-18T06:29:55,10.534155,-75.641968,-7.4,13.98,0.6,10,1.2,104.3,4.216,-4.2,0,1,35047
2026-04-18T06:30:24,10.536072,-75.641869,1.6,15.36,0.5,9,1.8,104.3,4.216,-4.2,0,1,35048
2026-04-18T06:30:53,10.537972,-75.641731,6.4,14.74,9.0,10,1.2,104.6,4.218,-4.2,0,1,35049
2026-04-18T06:31:22,10.539860,-75.641533,4.6,13.57,3.7,9,1.8,104.3,4.218,-4.2,0,1,35050
2026-04-18T06:31:51,10.541781,-75.641472,3.6,13.56,1.1,10,1.2,104.5,4.218,-4.2,0,1,35051
2026-04-18T06:32:20,10.543675,-75.641357,0.1,13.66,5.4,9,1.8,104.5,4.216,-4.2,0,1,35052
2026-04-18T06:32:49,10.545578,-75.641136,-1.0,15.23,7.4,10,1.2,104.5,4.218,-4.2,0,1,35053
2026-04-18T06:33:18,10.547424,-75.640961,-6.3,14.69,5.4,10,1.2,104.5,4.218,-4.2,0,1,35054
2026-04-18T06:33:47,10.549276,-75.640739,-13.1,14.48,7.6,8,1.9,104.3,4.219,-4.2,0,1,35055
2026-04-18T06:34:16,10.551200,-75.640602,-18.9,14.95,5.9,10,1.2,104.5,4.216,-4.2,0,1,35056
2026-04-18T06:34:45,10.553063,-75.640350,-21.3,13.27,6.1,9,1.8,104.3,4.218,-4.2,0,1,35057
2026-04-18T06:35:14,10.554940,-75.640198,-26.9,15.00,6.7,10,1.2,104.5,4.218,-4.2,0,1,35058
2026-04-18T06:35:43,10.556858,-75.640160,-17.5,14.05,1.2,10,1.7,104.5,4.218,-4.2,0,1,35059
2026-04-18T06:36:12,10.558732,-75.639969,-11.9,14.12,2.8,9,1.7,104.6,4.218,-4.2,0,1,35060
2026-04-18T06:36:41,10.560643,-75.639816,-7.4,13.02,1.5,10,1.0,104.3,4.218,-4.2,0,1,35061
2026-04-18T06:37:10,10.562622,-75.639725,-27.2,14.02,1.7,10,1.2,104.5,4.219,-4.2,0,1,35062
2026-04-18T06:37:39,10.564432,-75.639488,-28.4,13.51,6.8,10,1.2,104.3,4.219,-4.2,0,1,35063
2026-04-18T06:38:08,10.566386,-75.639420,-26.0,13.19,0.7,9,1.7,104.6,4.218,-4.2,0,1,35064
2026-04-18T06:38:37,10.568222,-75.639236,-32.7,14.01,357.9,10,1.2,104.3,4.218,-4.2,0,1,35065
2026-04-18T06:39:06,10.570088,-75.639076,-31.1,14.82,3.3,9,1.3,104.5,4.218,-4.2,0,1,35066
2026-04-18T06:39:35,10.571948,-75.638870,-34.8,14.06,3.6,9,1.7,104.5,4.218,-4.2,0,1,35067
2026-04-18T06:40:04,10.573848,-75.638794,-14.5,14.47,357.5,10,1.4,104.5,4.216,-4.2,0,1,35068
2026-04-18T06:40:33,10.575736,-75.638725,-6.4,13.68,3.6,10,1.4,104.3,4.219,2777.0,0,1,35069
2026-04-18T06:41:02,10.577635,-75.638626,2.0,14.38,0.8,10,1.4,104.5,4.218,-4.2,0,1,35070
2026-04-18T06:41:31,10.579515,-75.638504,-0.9,13.93,1.3,11,1.1,104.1,4.218,-4.4,0,1,35071
2026-04-18T06:42:00,10.581389,-75.638351,4.4,14.88,3.3,11,1.1,104.6,4.218,-4.2,0,1,35072
2026-04-18T06:42:29,10.583277,-75.638199,-5.2,13.57,0.2,10,1.4,104.5,4.218,-4.2,0,1,35073
2026-04-18T06:42:58,10.585198,-75.638069,-0.7,14.64,4.8,10,1.4,104.5,4.219,-4.2,0,1,35074
2026-04-18T06:43:27,10.587129,-75.637878,-11.7,15.65,6.1,10,1.4,104.6,4.219,-4.2,0,1,35075
2026-04-18T06:43:56,10.588974,-75.637672,-12.5,13.54,5.4,10,1.4,104.3,4.218,-4.2,0,1,35076
2026-04-18T06:44:25,10.590880,-75.637589,-7.4,13.94,1.7,10,1.4,104.5,4.218,-4.2,0,1,35077
2026-04-18T06:44:54,10.592766,-75.637413,-4.1,13.94,0.3,11,1.1,104.5,4.218,-4.2,0,1,35078
2026-04-18T06:45:23,10.594682,-75.637321,-6.0,14.43,8.6,10,1.4,104.5,4.218,-4.2,0,1,35079
2026-04-18T06:45:52,10.596570,-75.637177,-5.6,13.39,1.0,10,1.4,104.5,4.218,-4.2,0,1,35080
2026-04-18T06:46:21,10.598501,-75.637054,-6.1,14.39,360.0,10,1.4,104.5,4.218,-4.2,0,1,35081
2026-04-18T06:46:50,10.600403,-75.636864,-5.1,14.47,3.2,10,1.4,104.5,4.219,-4.2,0,1,35082
2026-04-18T06:47:19,10.602288,-75.636795,-7.8,13.58,3.2,10,1.4,104.6,4.216,-4.2,0,1,35083
2026-04-18T06:47:48,10.604165,-75.636635,-5.3,14.32,2.4,10,1.3,104.3,4.219,-4.2,0,1,35084
2026-04-18T06:48:17,10.606071,-75.636543,2.7,14.47,360.0,10,1.3,104.5,4.218,-4.2,0,1,35085
2026-04-18T06:48:46,10.607948,-75.636292,3.8,13.97,0.8,10,1.3,104.6,4.219,-4.2,0,1,35086
2026-04-18T06:49:15,10.609836,-75.636238,4.0,13.86,0.4,10,1.3,104.8,4.220,-4.4,0,1,35087
2026-04-18T06:49:44,10.611713,-75.636154,9.8,13.70,3.2,10,1.3,104.5,4.218,-4.2,0,1,35088
2026-04-18T06:50:13,10.613612,-75.636024,16.0,13.71,358.7,10,1.3,104.6,4.218,-4.2,0,1,35089
2026-04-18T06:50:42,10.615580,-75.635773,2.1,14.20,6.3,10,1.3,104.5,4.219,-4.2,0,1,35090
2026-04-18T06:51:11,10.617432,-75.635567,-1.1,13.16,2.5,11,1.1,104.5,4.220,-4.2,0,1,35091
2026-04-18T06:51:40,10.619371,-75.635353,-3.0,14.84,10.5,10,1.3,104.8,4.218,-4.4,0,1,35092
2026-04-18T06:52:09,10.621259,-75.635254,-13.4,14.10,1.2,11,1.1,104.5,4.219,-4.2,0,1,35093
2026-04-18T06:52:38,10.623138,-75.635017,-13.8,13.40,3.8,10,1.3,104.6,4.218,-4.2,0,1,35094
2026-04-18T06:53:07,10.624968,-75.634651,-12.8,14.29,8.5,10,1.3,104.6,4.219,2785.3,0,1,35095
2026-04-18T06:53:36,10.626926,-75.634529,-11.9,14.49,6.6,10,1.3,104.8,4.219,-4.4,0,1,35096
2026-04-18T06:54:05,10.628813,-75.634315,-8.5,13.86,1.9,11,1.1,104.5,4.220,-4.2,0,1,35097
2026-04-18T06:54:34,10.630740,-75.634071,-4.1,15.34,9.8,10,1.3,104.6,4.219,-4.2,0,1,35098
2026-04-18T06:55:03,10.632608,-75.633865,-7.5,13.75,7.0,9,1.4,104.5,4.219,-4.2,0,1,35099
2026-04-18T06:55:32,10.634549,-75.633698,-8.4,13.73,6.9,10,1.3,104.5,4.220,-4.2,0,1,35100
2026-04-18T06:56:01,10.636429,-75.633476,-9.2,14.43,4.5,10,1.1,104.6,4.219,-4.2,0,1,35101
2026-04-18T06:56:30,10.638353,-75.633324,-4.7,13.65,5.0,10,1.3,104.6,4.219,-4.2,0,1,35102
2026-04-18T06:56:59,10.640235,-75.633148,-2.8,13.59,5.4,11,1.1,104.5,4.219,-4.2,0,1,35103
2026-04-18T06:57:28,10.642210,-75.632919,3.6,14.46,1.5,9,1.4,104.5,4.218,-4.2,0,1,35104
2026-04-18T06:57:57,10.644069,-75.632706,-3.0,13.31,5.2,10,1.2,104.8,4.219,-4.4,0,1,35105
2026-04-18T06:58:26,10.646008,-75.632477,-11.7,13.99,3.3,9,1.4,104.8,4.220,-4.4,0,1,35106
2026-04-18T06:58:55,10.647814,-75.632248,-2.7,12.41,8.0,9,1.4,104.9,4.218,-4.2,0,1,35107
2026-04-18T06:59:24,10.649707,-75.632065,-4.4,13.36,7.7,9,1.4,104.8,4.218,-4.4,0,1,35108
2026-04-18T06:59:53,10.651520,-75.631783,-7.9,13.41,10.3,9,1.4,104.5,4.218,-4.2,0,1,35109
2026-04-18T07:00:22,10.653394,-75.631592,-1.9,13.91,3.4,9,1.4,104.5,4.220,-4.2,0,1,35110
2026-04-18T07:00:51,10.655217,-75.631371,2.7,12.73,1.7,9,1.4,104.8,4.219,-4.4,0,1,35111
2026-04-18T07:01:20,10.657054,-75.631126,7.9,12.75,3.8,9,1.4,104.5,4.220,-4.2,0,1,35112
2026-04-18T07:01:49,10.658925,-75.631035,3.6,13.65,3.8,10,1.3,104.6,4.220,-4.2,0,1,35113
2026-04-18T07:02:18,10.660792,-75.630806,1.3,14.42,5.8,10,1.3,104.6,4.219,-4.2,0,1,35114
2026-04-18T07:02:47,10.662621,-75.630501,2.3,13.31,6.4,10,1.3,104.5,4.218,2781.2,0,1,35115
2026-04-18T07:03:16,10.664512,-75.630386,2.3,13.45,5.8,10,1.3,104.6,4.219,-4.2,0,1,35116
2026-04-18T07:03:45,10.666302,-75.630173,5.1,12.71,2.2,10,1.3,104.6,4.216,-4.2,0,1,35117
2026-04-18T07:04:14,10.668151,-75.629890,7.3,13.41,2.8,11,1.1,104.6,4.218,-4.2,0,1,35118
2026-04-18T07:04:43,10.669997,-75.629776,6.4,12.52,3.7,11,1.1,104.6,4.220,-4.2,0,1,35119
2026-04-18T07:05:12,10.671842,-75.629379,2.1,13.17,7.6,10,1.3,104.6,4.218,-4.2,0,1,35120
2026-04-18T07:05:41,10.673701,-75.629303,-2.5,14.15,3.0,10,1.3,104.6,4.219,2785.3,0,1,35121
2026-04-18T07:06:09,10.675442,-75.629150,11.3,13.97,0.2,11,1.1,104.6,4.219,-4.2,0,1,35122
2026-04-18T07:06:38,10.677266,-75.628914,13.4,13.03,4.8,10,1.3,104.6,4.218,-4.2,0,1,35123
2026-04-18T07:07:07,10.679122,-75.628746,7.5,12.95,2.5,9,1.4,104.6,4.219,-4.2,0,1,35124
2026-04-18T07:07:36,10.681006,-75.628464,4.3,14.15,5.3,10,1.3,104.9,4.220,-4.2,0,1,35125
2026-04-18T07:08:05,10.682851,-75.628304,3.2,13.99,1.8,11,1.1,104.5,4.219,-4.2,0,1,35126
2026-04-18T07:08:34,10.684680,-75.628105,2.9,13.63,5.7,11,1.1,104.6,4.219,-4.2,0,1,35127
2026-04-18T07:09:03,10.686485,-75.627968,-4.3,12.96,5.7,11,1.1,104.6,4.219,-4.2,0,1,35128
2026-04-18T07:09:32,10.688389,-75.627739,-9.0,13.19,5.0,10,1.2,104.3,4.215,-4.2,0,1,35129
2026-04-18T07:10:01,10.690187,-75.627487,-8.2,12.07,5.8,11,1.1,104.3,4.215,-4.2,0,1,35130
2026-04-18T07:10:30,10.692009,-75.627274,-9.3,13.40,3.3,11,1.1,104.0,4.215,-4.2,0,1,35131
2026-04-18T07:10:59,10.693806,-75.627022,-5.8,13.00,2.3,10,1.2,104.1,4.215,-4.4,0,1,35132
2026-04-18T07:11:28,10.695659,-75.626801,-2.4,13.80,7.4,10,1.2,103.8,4.214,-4.2,0,1,35133
2026-04-18T07:11:57,10.697452,-75.626617,0.9,13.49,5.7,11,1.0,104.3,4.216,-4.2,0,1,35134
2026-04-18T07:12:26,10.699300,-75.626389,4.4,12.75,0.9,10,1.2,104.1,4.213,-4.4,0,1,35135
2026-04-18T07:12:54,10.701028,-75.626122,3.0,14.03,5.3,11,1.0,104.3,4.213,-4.2,0,1,35136
2026-04-18T07:13:23,10.702863,-75.625931,3.0,14.10,4.0,11,1.0,104.1,4.215,-4.4,0,1,35137
2026-04-18T07:13:52,10.704703,-75.625725,-0.2,13.23,6.8,10,1.2,104.1,4.214,-4.4,0,1,35138
2026-04-18T07:14:21,10.706502,-75.625572,-1.5,13.10,5.7,11,1.0,104.0,4.214,-4.2,0,1,35139
2026-04-18T07:14:50,10.708364,-75.625290,-4.3,13.49,2.7,9,1.2,104.0,4.215,-4.2,0,1,35140
2026-04-18T07:15:19,10.710145,-75.625114,-4.2,13.80,5.3,11,1.0,104.0,4.214,-4.2,0,1,35141
2026-04-18T07:15:48,10.711997,-75.624893,1.1,13.88,4.8,10,1.2,104.0,4.213,-4.2,0,1,35142
2026-04-18T07:16:17,10.713761,-75.624741,4.9,13.18,7.2,10,1.2,104.0,4.214,-4.2,0,1,35143
2026-04-18T07:16:46,10.715613,-75.624542,4.7,13.55,5.6,10,1.2,104.1,4.214,-4.4,0,1,35144
2026-04-18T07:17:15,10.717422,-75.624405,8.6,13.22,3.1,11,1.0,104.0,4.214,-4.2,0,1,35145
2026-04-18T07:17:44,10.719256,-75.624207,6.9,13.50,5.0,10,1.2,104.0,4.214,-4.2,0,1,35146
2026-04-18T07:18:13,10.721093,-75.623985,16.1,13.24,8.8,10,1.2,103.8,4.213,-4.2,0,1,35147
2026-04-18T07:18:42,10.722905,-75.623787,13.4,12.85,5.7,10,1.2,104.1,4.213,-4.4,0,1,35148
2026-04-18T07:19:11,10.724722,-75.623619,13.4,13.31,359.7,9,1.2,104.0,4.215,-4.2,0,1,35149
2026-04-18T07:19:39,10.726483,-75.623436,9.9,12.92,6.7,11,1.1,104.1,4.214,-4.4,0,1,35150
2026-04-18T07:20:08,10.728305,-75.623207,9.2,13.33,3.8,9,1.4,103.8,4.214,-4.2,0,1,35151
2026-04-18T07:20:37,10.730140,-75.622925,6.3,14.55,11.1,10,1.2,104.0,4.214,-4.2,0,1,35152
2026-04-18T07:21:06,10.731971,-75.622704,9.8,13.23,6.8,10,1.2,104.3,4.215,-4.2,0,1,35153
2026-04-18T07:21:34,10.733753,-75.622543,7.4,13.26,6.2,10,1.2,103.8,4.213,-4.2,0,1,35154
2026-04-18T07:22:03,10.735603,-75.622345,1.9,12.69,0.8,9,1.2,103.8,4.214,-4.2,0,1,35155
2026-04-18T07:22:32,10.737467,-75.622116,2.6,13.82,3.5,11,1.1,104.1,4.214,-4.4,0,1,35156
2026-04-18T07:23:01,10.739344,-75.621864,7.7,13.59,13.1,11,1.1,103.8,4.213,-4.2,0,1,35157
2026-04-18T07:23:29,10.741134,-75.621689,3.5,13.68,8.4,11,1.1,103.8,4.213,-4.2,0,1,35158
2026-04-18T07:23:58,10.742973,-75.621407,3.3,12.92,12.6,12,1.0,104.1,4.214,-4.4,0,1,35159
2026-04-18T07:24:27,10.744827,-75.621300,-2.5,14.65,3.1,11,1.1,103.8,4.214,-4.2,0,1,35160
2026-04-18T07:24:56,10.746676,-75.621071,-2.5,14.35,9.1,12,0.9,104.0,4.214,-4.2,0,1,35161
2026-04-18T07:25:25,10.748535,-75.620857,-10.8,13.79,11.3,11,1.0,104.0,4.214,-4.2,0,1,35162
2026-04-18T07:25:54,10.750392,-75.620598,-14.6,13.77,7.8,11,1.1,103.8,4.213,-4.2,0,1,35163
2026-04-18T07:26:23,10.752200,-75.620399,-15.1,12.52,357.2,12,0.9,104.1,4.213,-4.4,0,1,35164
2026-04-18T07:26:52,10.754057,-75.620163,-2.9,14.75,12.4,10,1.3,104.0,4.213,-4.2,0,1,35165
2026-04-18T07:27:21,10.755897,-75.620003,0.8,15.38,8.7,12,0.9,103.8,4.213,-4.2,0,1,35166
2026-04-18T07:27:50,10.757730,-75.619896,2.7,12.73,5.7,12,0.9,104.0,4.213,-4.2,0,1,35167
2026-04-18T07:28:19,10.759634,-75.619736,2.8,13.67,2.7,12,0.9,103.8,4.214,-4.2,0,1,35168
2026-04-18T07:28:48,10.761416,-75.619629,0.2,13.08,1.1,12,0.9,104.1,4.215,-4.4,0,1,35169
2026-04-18T07:29:17,10.763265,-75.619461,6.0,14.08,7.9,10,1.3,103.7,4.213,-4.2,0,1,35170
2026-04-18T07:29:46,10.765025,-75.619278,6.9,12.28,3.4,10,1.3,103.8,4.214,-4.2,0,1,35171
2026-04-18T07:30:15,10.766917,-75.619133,9.8,13.12,11.9,12,0.9,103.8,4.213,-4.2,0,1,35172
2026-04-18T07:30:44,10.768731,-75.618996,4.7,13.10,4.3,11,1.1,104.0,4.214,-4.2,0,1,35173
2026-04-18T07:31:13,10.770560,-75.618858,9.6,14.28,3.1,11,1.1,103.8,4.213,-4.2,0,1,35174
2026-04-18T07:31:42,10.772454,-75.618797,10.5,12.95,6.3,12,0.9,104.0,4.213,-4.2,0,1,35175
2026-04-18T07:32:11,10.774339,-75.618706,7.2,12.74,2.1,12,0.9,103.7,4.213,-4.2,0,1,35176
2026-04-18T07:32:40,10.776196,-75.618561,5.3,13.55,1.2,12,0.9,103.8,4.213,2764.3,0,1,35177
2026-04-18T07:33:09,10.778058,-75.618408,9.1,13.82,5.0,11,1.0,103.8,4.214,-4.2,0,1,35178
2026-04-18T07:33:38,10.779919,-75.618309,5.4,12.86,2.2,10,1.2,103.8,4.214,-4.2,0,1,35179
2026-04-18T07:34:07,10.781788,-75.618179,10.0,13.72,0.5,11,1.0,104.0,4.214,-4.2,0,1,35180
2026-04-18T07:34:36,10.783630,-75.618095,13.9,12.62,2.7,11,1.0,103.8,4.213,-4.2,0,1,35181
2026-04-18T07:35:05,10.785479,-75.617966,13.5,13.17,8.8,10,1.2,103.8,4.213,-4.2,0,1,35182
2026-04-18T07:35:34,10.787376,-75.617905,12.0,13.77,358.9,11,1.0,104.0,4.214,-4.2,0,1,35183
2026-04-18T07:36:03,10.789248,-75.617813,9.5,13.74,359.2,11,1.0,104.0,4.214,-4.2,0,1,35184
2026-04-18T07:36:32,10.791144,-75.617622,-1.3,14.01,4.3,11,1.0,104.0,4.215,-4.2,0,1,35185
2026-04-18T07:37:01,10.793006,-75.617485,2.0,13.93,4.3,10,1.2,104.0,4.213,-4.2,0,1,35186
2026-04-18T07:37:30,10.794882,-75.617325,-8.1,13.70,3.9,11,1.0,104.0,4.215,-4.2,0,1,35187
2026-04-18T07:37:59,10.796745,-75.617119,-1.6,14.24,9.8,11,1.0,103.8,4.214,-4.2,0,1,35188
2026-04-18T07:38:28,10.798569,-75.617126,8.8,13.81,1.4,12,0.9,104.0,4.214,-4.2,0,1,35189
2026-04-18T07:38:57,10.800390,-75.616966,13.7,13.86,4.4,10,1.2,103.8,4.213,-4.2,0,1,35190
2026-04-18T07:39:26,10.802246,-75.616791,13.0,13.57,5.8,12,0.9,103.8,4.211,-4.2,0,1,35191
2026-04-18T07:39:55,10.804135,-75.616508,10.4,13.86,7.2,10,1.2,104.0,4.213,-4.2,0,1,35192
2026-04-18T07:40:24,10.805972,-75.616348,12.8,13.77,358.5,11,1.0,103.8,4.213,-4.2,0,1,35193
2026-04-18T07:40:53,10.807828,-75.616196,8.7,14.36,11.4,11,1.0,104.1,4.213,-4.4,0,1,35194
2026-04-18T07:41:22,10.809723,-75.616081,7.7,13.73,0.7,11,1.0,103.7,4.213,-4.2,0,1,35195
2026-04-18T07:41:51,10.811586,-75.615829,7.5,13.41,5.8,11,1.0,104.1,4.214,-4.4,0,1,35196
2026-04-18T07:42:20,10.813445,-75.615601,3.0,12.99,0.2,11,1.0,103.8,4.211,-4.2,0,1,35197
2026-04-18T07:42:49,10.815312,-75.615570,0.3,14.92,4.0,11,1.0,103.7,4.213,-4.2,0,1,35198
2026-04-18T07:43:18,10.817189,-75.615234,-0.5,13.79,359.2,9,1.4,103.8,4.213,-4.2,0,1,35199
2026-04-18T07:43:47,10.819053,-75.615036,-2.9,13.86,3.6,11,1.0,104.0,4.214,-4.2,0,1,35200
2026-04-18T07:44:16,10.820940,-75.614876,-10.6,13.14,7.6,10,1.2,103.8,4.211,-4.2,0,1,35201
2026-04-18T07:44:45,10.822806,-75.614761,-10.5,14.36,5.8,10,1.1,103.8,4.213,-4.2,0,1,35202
2026-04-18T07:45:14,10.824660,-75.614639,-9.8,13.16,3.7,10,1.1,103.8,4.213,-4.2,0,1,35203
2026-04-18T07:45:43,10.826545,-75.614487,-1.4,13.95,4.5,10,1.1,104.0,4.214,-4.2,0,1,35204
2026-04-18T07:46:12,10.828391,-75.614418,2.4,14.51,2.1,10,1.1,103.8,4.213,-4.2,0,1,35205
2026-04-18T07:46:41,10.830263,-75.614281,5.4,13.06,7.1,9,1.3,103.8,4.211,-4.2,0,1,35206
2026-04-18T07:47:10,10.832127,-75.614166,-2.4,14.12,0.9,11,1.0,103.8,4.213,-4.2,0,1,35207
2026-04-18T07:47:39,10.834010,-75.613983,-1.5,13.93,1.6,9,1.3,103.8,4.214,-4.2,0,1,35208
2026-04-18T07:48:08,10.835896,-75.613785,-2.9,13.32,359.9,11,1.0,103.7,4.214,-4.2,0,1,35209
2026-04-18T07:48:37,10.837760,-75.613617,-1.7,13.28,2.0,11,1.1,103.7,4.213,-4.2,0,1,35210
2026-04-18T07:49:06,10.839642,-75.613380,-0.9,13.56,0.8,11,1.1,104.0,4.211,-4.2,0,1,35211
2026-04-18T07:49:35,10.841557,-75.613190,-4.5,14.16,14.9,11,1.1,104.0,4.213,-4.2,0,1,35212
2026-04-18T07:50:04,10.843409,-75.613106,-5.7,13.91,0.6,11,1.1,103.8,4.213,-4.2,0,1,35213
2026-04-18T07:50:33,10.845270,-75.612938,0.2,13.42,0.7,11,1.1,103.7,4.213,-4.2,0,1,35214
2026-04-18T07:51:02,10.847178,-75.612854,1.4,14.22,2.0,11,1.1,104.0,4.213,-4.2,0,1,35215
2026-04-18T07:51:31,10.849053,-75.612679,0.3,12.57,1.5,12,1.0,103.8,4.213,-4.2,0,1,35216
2026-04-18T07:52:00,10.850929,-75.612495,-1.1,13.38,4.7,10,1.3,103.8,4.213,-4.2,0,1,35217
2026-04-18T07:52:29,10.852818,-75.612358,0.5,14.08,356.6,11,1.1,103.8,4.213,-4.2,0,1,35218
2026-04-18T07:52:58,10.854687,-75.612206,0.7,13.62,4.1,10,1.2,103.8,4.213,-4.2,0,1,35219
2026-04-18T07:53:27,10.856544,-75.612083,4.3,13.10,1.4,10,1.3,103.8,4.213,-4.2,0,1,35220
2026-04-18T07:53:56,10.858434,-75.612099,6.2,13.68,3.0,11,1.1,103.8,4.213,-4.2,0,1,35221
2026-04-18T07:54:25,10.860398,-75.611969,2.1,15.38,3.5,12,0.9,104.0,4.213,-4.2,0,1,35222
2026-04-18T07:54:54,10.862308,-75.611984,7.1,14.25,2.9,12,0.9,103.8,4.213,-4.2,0,1,35223
2026-04-18T07:55:23,10.864184,-75.611740,1.3,12.95,3.2,12,0.9,104.0,4.213,-4.2,0,1,35224
2026-04-18T07:55:52,10.866086,-75.611595,9.1,12.93,3.1,12,0.9,103.8,4.213,-4.2,0,1,35225
2026-04-18T07:56:21,10.868002,-75.611504,6.4,14.55,6.0,12,0.9,104.1,4.213,-4.4,0,1,35226
2026-04-18T07:56:50,10.869911,-75.611374,4.9,14.27,3.5,12,0.9,103.8,4.213,-4.2,0,1,35227
2026-04-18T07:57:19,10.871806,-75.611099,3.6,14.11,5.7,11,1.1,103.7,4.215,-4.2,0,1,35228
2026-04-18T07:57:48,10.873688,-75.610855,1.3,14.43,6.1,11,1.0,103.8,4.213,-4.2,0,1,35229
2026-04-18T07:58:17,10.875565,-75.610664,5.8,13.78,3.8,11,1.0,103.8,4.213,-4.2,0,1,35230
2026-04-18T07:58:46,10.877496,-75.610596,7.6,14.65,0.6,12,0.9,103.8,4.211,-4.2,0,1,35231
2026-04-18T07:59:15,10.879408,-75.610390,4.4,14.72,4.4,11,1.0,103.8,4.211,-4.2,0,1,35232
2026-04-18T07:59:44,10.881320,-75.610313,14.7,13.54,6.2,12,0.9,104.0,4.214,-4.2,0,1,35233
2026-04-18T08:00:13,10.883224,-75.610092,18.6,14.09,359.9,12,0.9,103.8,4.213,-4.2,0,1,35234
2026-04-18T08:00:42,10.885047,-75.609856,21.5,13.00,9.8,12,0.9,103.8,4.213,-4.2,0,1,35235
2026-04-18T08:01:11,10.886963,-75.609650,20.6,13.00,6.4,12,0.9,103.8,4.213,-4.2,0,1,35236
2026-04-18T08:01:40,10.888849,-75.609505,21.5,12.26,5.1,11,1.0,103.7,4.213,-4.2,0,1,35237
2026-04-18T08:02:09,10.890720,-75.609238,14.7,13.60,6.8,11,1.0,103.7,4.213,-4.2,0,1,35238
2026-04-18T08:02:38,10.892593,-75.609001,11.4,12.68,1.4,10,1.2,103.8,4.213,-4.2,0,1,35239
2026-04-18T08:03:07,10.894520,-75.608788,8.7,13.35,5.4,11,1.0,103.8,4.213,-4.2,0,1,35240
2026-04-18T08:03:36,10.896420,-75.608658,13.9,13.63,4.2,11,1.0,103.8,4.213,-4.2,0,1,35241
2026-04-18T08:04:05,10.898335,-75.608383,3.4,13.29,9.4,11,1.0,104.0,4.213,2768.5,0,1,35242
2026-04-18T08:04:34,10.900215,-75.608192,12.0,14.73,9.4,11,1.0,103.8,4.214,-4.2,0,1,35243
2026-04-18T08:05:03,10.902129,-75.607941,10.7,14.05,10.7,10,1.1,103.8,4.214,-4.2,0,1,35244
2026-04-18T08:05:32,10.903986,-75.607819,10.1,13.36,4.3,11,1.0,103.8,4.214,-4.2,0,1,35245
2026-04-18T08:06:01,10.905862,-75.607521,7.2,13.64,9.4,11,1.0,103.8,4.214,-4.2,0,1,35246
2026-04-18T08:06:30,10.907792,-75.607292,6.3,14.12,5.9,11,1.0,103.8,4.211,-4.2,0,1,35247
2026-04-18T08:06:59,10.909671,-75.607056,3.8,14.50,4.5,9,1.2,103.8,4.211,-4.2,0,1,35248
2026-04-18T08:07:28,10.911573,-75.606911,10.5,14.39,4.2,10,1.1,103.7,4.211,-4.2,0,1,35249
2026-04-18T08:07:57,10.913479,-75.606674,6.2,13.58,6.5,10,1.0,103.8,4.213,-4.2,0,1,35250
2026-04-18T08:08:26,10.915368,-75.606422,11.1,14.67,6.1,10,1.0,104.0,4.211,-4.2,0,1,35251
2026-04-18T08:08:55,10.917236,-75.606186,14.4,13.58,7.4,11,0.9,103.8,4.214,-4.2,0,1,35252
2026-04-18T08:09:24,10.919136,-75.605965,9.8,13.30,6.0,9,1.3,103.8,4.211,-4.2,0,1,35253
2026-04-18T08:09:53,10.921013,-75.605766,10.3,13.06,8.8,11,0.9,103.7,4.211,-4.2,0,1,35254
2026-04-18T08:10:22,10.922950,-75.605576,7.2,14.92,6.2,10,1.1,103.8,4.211,-4.2,0,1,35255
2026-04-18T08:10:51,10.924842,-75.605392,7.3,13.71,8.1,12,0.9,103.8,4.211,-4.2,0,1,35256
2026-04-18T08:11:20,10.926782,-75.605217,15.6,14.48,6.4,8,1.3,103.7,4.214,-4.2,0,1,35257
2026-04-18T08:11:49,10.928695,-75.604843,14.2,14.32,11.9,9,1.2,103.7,4.214,-4.2,0,1,35258
2026-04-18T08:12:18,10.930428,-75.604156,12.2,12.99,24.6,9,1.8,103.8,4.211,2764.3,0,1,35259
2026-04-18T08:12:47,10.932250,-75.603455,13.2,14.55,21.2,11,1.0,104.0,4.213,-4.2,0,1,35260
2026-04-18T08:13:16,10.933757,-75.602448,11.5,13.72,34.5,10,1.1,104.0,4.213,-4.2,0,1,35261
2026-04-18T08:13:44,10.935197,-75.601334,13.0,13.84,38.2,11,1.0,103.7,4.213,-4.2,0,1,35262
2026-04-18T08:14:13,10.936535,-75.599960,16.0,13.15,47.5,11,1.0,103.8,4.213,-4.2,0,1,35263
2026-04-18T08:14:42,10.937546,-75.598442,16.9,13.62,55.9,11,1.0,103.8,4.211,-4.2,0,1,35264
2026-04-18T08:15:11,10.938757,-75.596977,18.1,13.55,56.4,11,1.0,103.7,4.214,-4.2,0,1,35265
2026-04-18T08:15:40,10.939735,-75.595421,2.0,13.35,60.0,11,1.0,103.7,4.213,-4.2,0,1,35266
2026-04-18T08:16:09,10.940683,-75.593781,-11.8,14.10,59.1,10,1.4,104.0,4.213,-4.2,0,1,35267
2026-04-18T08:16:38,10.941560,-75.592117,-4.2,13.25,58.3,11,1.0,104.0,4.214,-4.2,0,1,35268
2026-04-18T08:17:07,10.942536,-75.590515,-9.4,13.82,56.9,11,1.0,103.8,4.211,-4.2,0,1,35269
2026-04-18T08:17:36,10.943480,-75.588928,-4.9,13.80,56.6,11,1.0,103.7,4.213,-4.2,0,1,35270
2026-04-18T08:18:04,10.944379,-75.587326,-13.0,13.66,60.6,11,1.0,104.0,4.213,-4.2,0,1,35271
2026-04-18T08:18:33,10.945269,-75.585678,-11.0,12.90,60.0,11,1.0,104.0,4.213,-4.2,0,1,35272
2026-04-18T08:19:02,10.946149,-75.583992,-1.9,13.26,60.5,11,1.0,103.7,4.214,-4.2,0,1,35273
2026-04-18T08:19:31,10.947042,-75.582306,3.6,14.26,60.3,11,1.0,104.0,4.211,-4.2,0,1,35274
2026-04-18T08:19:59,10.947942,-75.580719,9.5,14.25,64.7,11,1.0,103.8,4.213,-4.2,0,1,35275
2026-04-18T08:20:28,10.948869,-75.579071,10.0,14.70,62.1,10,1.4,103.8,4.213,-4.2,0,1,35276
2026-04-18T08:20:57,10.949754,-75.577446,13.7,13.53,57.2,12,1.0,103.8,4.211,-4.2,0,1,35277
2026-04-18T08:21:26,10.950640,-75.575806,14.9,12.92,62.8,12,1.0,103.7,4.213,-4.2,0,1,35278
2026-04-18T08:21:54,10.951482,-75.574211,14.8,10.22,51.3,11,1.2,103.7,4.211,-4.2,0,1,35279
2026-04-18T08:22:23,10.952375,-75.572586,18.5,12.92,58.7,12,1.0,103.7,4.213,-4.2,0,1,35280
2026-04-18T08:22:52,10.953348,-75.570992,27.7,13.01,59.9,12,1.0,103.8,4.213,-4.2,0,1,35281
2026-04-18T08:23:21,10.954179,-75.569298,23.1,13.21,57.1,12,1.0,104.0,4.214,-4.2,0,1,35282
2026-04-18T08:23:49,10.955075,-75.567741,27.8,12.82,52.5,12,1.0,103.8,4.213,-4.2,0,1,35283
2026-04-18T08:24:18,10.955948,-75.566109,24.5,13.70,60.0,12,1.0,103.8,4.214,-4.2,0,1,35284
2026-04-18T08:24:47,10.956817,-75.564468,15.7,13.71,61.0,12,1.0,103.7,4.211,-4.2,0,1,35285
2026-04-18T08:25:16,10.957612,-75.562813,12.1,14.36,63.5,12,1.0,103.8,4.213,-4.2,0,1,35286
2026-04-18T08:25:44,10.958588,-75.561287,14.5,13.39,55.4,12,1.0,103.7,4.211,-4.2,0,1,35287
2026-04-18T08:26:13,10.959454,-75.559662,9.4,13.69,58.7,12,1.0,104.0,4.214,-4.2,0,1,35288
2026-04-18T08:26:42,10.960341,-75.558044,10.3,13.70,61.4,12,1.0,103.8,4.211,-4.2,0,1,35289
2026-04-18T08:27:11,10.961205,-75.556404,10.7,12.15,63.0,12,1.0,104.0,4.214,-4.2,0,1,35290
2026-04-18T08:27:39,10.962082,-75.554863,17.2,13.21,65.8,12,1.0,103.7,4.213,-4.2,0,1,35291
2026-04-18T08:28:08,10.963038,-75.553314,20.8,13.23,60.7,11,1.1,103.5,4.213,-4.4,0,1,35292
2026-04-18T08:28:37,10.963920,-75.551697,18.7,13.63,62.0,12,1.0,103.5,4.210,-4.4,0,1,35293
2026-04-18T08:29:06,10.964828,-75.550064,13.8,12.46,54.3,12,1.0,104.0,4.214,-4.2,0,1,35294
2026-04-18T08:29:35,10.965725,-75.548439,6.8,13.59,55.6,12,1.0,103.8,4.214,-4.2,0,1,35295
2026-04-18T08:30:04,10.966516,-75.546822,2.9,13.44,62.6,12,1.0,103.7,4.213,-4.2,0,1,35296
2026-04-18T08:30:33,10.967390,-75.545197,-1.1,12.70,70.9,12,1.0,103.7,4.211,-4.2,0,1,35297
2026-04-18T08:31:02,10.968382,-75.543602,11.1,13.42,62.9,11,1.2,103.7,4.214,-4.2,0,1,35298
2026-04-18T08:31:31,10.969286,-75.542007,9.6,13.41,57.3,12,1.0,103.8,4.213,-4.2,0,1,35299
2026-04-18T08:31:59,10.970170,-75.540474,6.4,13.91,60.0,12,1.0,103.8,4.213,2764.3,0,1,35300
2026-04-18T08:32:28,10.971033,-75.538879,8.4,12.92,66.9,13,0.9,104.0,4.211,-4.2,0,1,35301
2026-04-18T08:32:57,10.971894,-75.537285,6.9,12.95,56.5,12,1.0,103.8,4.213,-4.2,0,1,35302
2026-04-18T08:33:26,10.972781,-75.535660,6.1,13.55,62.1,12,1.0,104.0,4.213,-4.2,0,1,35303
2026-04-18T08:33:55,10.973683,-75.534058,7.8,13.31,62.5,12,1.0,103.8,4.213,-4.2,0,1,35304
2026-04-18T08:34:24,10.974597,-75.532463,5.0,12.76,64.1,12,0.9,103.8,4.211,-4.2,0,1,35305
2026-04-18T08:34:53,10.975500,-75.530914,4.7,13.37,58.3,12,1.0,103.7,4.213,-4.2,0,1,35306
2026-04-18T08:35:22,10.976350,-75.529282,-4.6,13.40,63.1,11,1.1,103.8,4.211,-4.2,0,1,35307
2026-04-18T08:35:51,10.977309,-75.527672,-3.9,14.43,63.4,12,1.0,103.7,4.213,2760.2,0,1,35308
2026-04-18T08:36:20,10.978173,-75.526093,-7.3,12.87,64.2,11,1.1,103.7,4.213,-4.2,0,1,35309
2026-04-18T08:36:49,10.979083,-75.524536,-4.1,12.23,62.5,12,1.0,103.7,4.213,-4.2,0,1,35310
2026-04-18T08:37:18,10.979965,-75.522934,-1.8,12.63,61.1,11,1.1,103.7,4.211,-4.2,0,1,35311
2026-04-18T08:37:47,10.980879,-75.521309,-5.2,13.41,60.6,11,1.1,103.8,4.211,-4.2,0,1,35312
2026-04-18T08:38:16,10.981762,-75.519722,-1.2,13.07,61.8,11,1.1,103.8,4.213,-4.2,0,1,35313
2026-04-18T08:38:45,10.982703,-75.518135,-0.1,13.52,62.9,12,1.0,103.8,4.213,-4.2,0,1,35314
2026-04-18T08:39:14,10.983612,-75.516548,3.8,13.13,57.7,12,1.0,103.5,4.213,-4.4,0,1,35315
2026-04-18T08:39:43,10.984500,-75.514938,4.9,12.31,53.1,12,1.0,103.7,4.213,-4.2,0,1,35316
2026-04-18T08:40:12,10.985378,-75.513336,6.6,12.52,57.3,12,1.0,103.8,4.213,-4.2,0,1,35317
2026-04-18T08:40:41,10.986259,-75.511734,3.1,14.38,57.3,12,1.0,103.8,4.213,-4.2,0,1,35318
2026-04-18T08:41:10,10.987120,-75.510185,0.7,12.73,60.3,12,1.0,103.8,4.213,-4.2,0,1,35319
2026-04-18T08:41:39,10.988035,-75.508568,7.0,13.30,61.5,12,1.0,103.5,4.213,-4.4,0,1,35320
2026-04-18T08:42:08,10.988951,-75.506958,4.1,14.27,61.1,12,1.0,103.7,4.213,-4.2,0,1,35321
2026-04-18T08:42:37,10.989830,-75.505379,8.7,12.46,62.0,12,1.0,103.7,4.211,-4.2,0,1,35322
2026-04-18T08:43:06,10.990635,-75.503670,2.9,12.80,63.1,12,1.0,103.5,4.213,-4.4,0,1,35323
2026-04-18T08:43:35,10.991568,-75.502144,8.1,13.07,58.0,12,1.0,103.7,4.211,-4.2,0,1,35324
2026-04-18T08:44:04,10.992512,-75.500572,10.0,13.03,60.5,11,1.1,103.7,4.213,-4.2,0,1,35325
2026-04-18T08:44:33,10.993385,-75.498985,9.4,12.77,59.7,12,1.0,103.7,4.210,-4.2,0,1,35326
2026-04-18T08:45:02,10.994333,-75.497406,11.5,13.42,60.2,11,0.9,103.7,4.214,-4.2,0,1,35327
2026-04-18T08:45:31,10.995214,-75.495781,8.2,13.85,61.0,7,1.4,103.7,4.214,-4.2,0,1,35328
2026-04-18T08:45:59,10.996003,-75.494247,4.6,12.55,59.3,9,1.1,103.7,4.211,-4.2,0,1,35329
2026-04-18T08:46:28,10.996912,-75.492607,8.4,12.99,61.4,9,1.2,103.8,4.213,-4.2,0,1,35330
2026-04-18T08:46:57,10.997857,-75.491081,16.8,14.23,57.7,11,1.0,103.7,4.213,-4.2,0,1,35331
2026-04-18T08:47:26,10.998736,-75.489479,25.2,13.28,60.9,11,1.0,103.5,4.213,-4.4,0,1,35332
2026-04-18T08:47:55,10.999643,-75.487846,25.4,14.82,54.7,10,1.3,103.8,4.211,-4.2,0,1,35333
2026-04-18T08:48:24,11.000528,-75.486259,27.4,13.22,53.7,9,1.4,103.5,4.213,-4.4,0,1,35334
2026-04-18T08:48:53,11.001402,-75.484596,21.0,13.91,60.0,10,1.3,103.7,4.213,-4.2,0,1,35335
2026-04-18T08:49:22,11.002303,-75.483017,16.9,14.34,58.3,10,1.3,104.0,4.211,-4.2,0,1,35336
2026-04-18T08:49:51,11.003157,-75.481415,15.2,13.51,55.8,10,1.3,104.0,4.211,-4.2,0,1,35337
2026-04-18T08:50:20,11.004015,-75.479828,11.8,12.30,61.1,11,1.0,103.8,4.213,-4.2,0,1,35338
2026-04-18T08:50:49,11.004837,-75.478203,6.3,13.63,61.4,9,1.4,103.7,4.211,-4.2,0,1,35339
2026-04-18T08:51:18,11.005693,-75.476585,5.0,13.66,59.5,9,1.7,103.8,4.211,-4.2,0,1,35340
2026-04-18T08:51:47,11.006554,-75.474983,4.6,14.10,61.3,9,1.4,103.7,4.211,-4.2,0,1,35341
2026-04-18T08:52:16,11.007449,-75.473381,-1.2,13.53,58.9,9,1.4,103.7,4.213,-4.2,0,1,35342
2026-04-18T08:52:45,11.008268,-75.471756,-4.1,13.35,61.0,10,1.1,103.7,4.211,-4.2,0,1,35343
2026-04-18T08:53:14,11.009147,-75.470177,1.3,13.18,63.7,10,1.1,103.7,4.211,-4.2,0,1,35344
2026-04-18T08:53:43,11.010026,-75.468552,-0.8,13.09,62.1,9,1.4,103.8,4.211,-4.2,0,1,35345
2026-04-18T08:54:12,11.010937,-75.466972,-2.4,12.94,60.5,9,1.4,103.7,4.211,-4.2,0,1,35346
2026-04-18T08:54:41,11.011726,-75.465355,-9.7,13.43,61.7,9,1.4,103.7,4.211,-4.2,0,1,35347
2026-04-18T08:55:09,11.012633,-75.463837,-6.1,12.78,60.2,11,1.0,103.8,4.213,2764.3,0,1,35348
2026-04-18T08:55:38,11.013608,-75.462212,-0.3,13.84,57.6,11,1.0,103.8,4.213,-4.2,0,1,35349
2026-04-18T08:56:07,11.014502,-75.460579,-3.0,14.05,58.8,11,1.0,103.7,4.211,-4.2,0,1,35350
2026-04-18T08:56:36,11.015369,-75.458984,-6.6,12.90,58.9,11,1.0,103.5,4.210,-4.4,0,1,35351
2026-04-18T08:57:05,11.016287,-75.457397,-7.3,12.91,58.6,11,1.0,103.7,4.211,-4.2,0,1,35352
2026-04-18T08:57:34,11.017176,-75.455772,-1.1,13.62,60.5,11,1.0,103.7,4.211,-4.2,0,1,35353
2026-04-18T08:58:03,11.018024,-75.454132,4.3,13.90,57.2,10,1.1,103.7,4.211,-4.2,0,1,35354
2026-04-18T08:58:32,11.018925,-75.452515,6.6,13.44,59.3,11,1.0,103.5,4.211,-4.4,0,1,35355
2026-04-18T08:59:01,11.019863,-75.450928,8.3,13.33,57.4,11,1.0,103.7,4.213,-4.2,0,1,35356
2026-04-18T08:59:30,11.020696,-75.449303,9.6,13.24,61.2,10,1.1,103.5,4.211,-4.4,0,1,35357
2026-04-18T08:59:59,11.021506,-75.447701,11.8,12.46,61.7,11,1.0,103.8,4.213,-4.2,0,1,35358
2026-04-18T09:00:28,11.022423,-75.446114,5.1,12.77,58.3,11,1.0,103.8,4.211,-4.2,0,1,35359
2026-04-18T09:00:57,11.023340,-75.444534,3.7,13.94,55.9,10,1.1,103.7,4.211,-4.2,0,1,35360
2026-04-18T09:01:26,11.024158,-75.442894,2.3,13.21,61.2,10,1.1,103.5,4.213,-4.4,0,1,35361
2026-04-18T09:01:55,11.024951,-75.441231,2.1,13.20,61.9,11,1.0,103.7,4.213,-4.2,0,1,35362
2026-04-18T09:02:24,11.025854,-75.439690,4.9,13.59,59.3,10,1.4,103.7,4.211,-4.2,0,1,35363
2026-04-18T09:02:53,11.026647,-75.438019,8.3,13.53,61.7,11,1.0,104.0,4.214,-4.2,0,1,35364
2026-04-18T09:03:22,11.027482,-75.436394,2.6,13.66,60.2,10,1.1,103.8,4.211,-4.2,0,1,35365
2026-04-18T09:03:51,11.028275,-75.434753,-3.9,13.12,62.9,11,1.0,103.5,4.213,2755.8,0,1,35366
2026-04-18T09:04:20,11.029209,-75.433197,-3.1,13.43,60.0,11,1.1,103.7,4.211,-4.2,0,1,35367
2026-04-18T09:04:49,11.030064,-75.431580,-7.3,13.37,59.3,10,1.1,104.0,4.213,-4.2,0,1,35368
2026-04-18T09:05:18,11.030887,-75.429962,-7.5,12.46,61.3,11,1.1,103.8,4.211,-4.2,0,1,35369
2026-04-18T09:05:47,11.031772,-75.428329,-8.8,15.01,57.0,12,0.9,103.8,4.213,-4.2,0,1,35370
2026-04-18T09:06:16,11.032603,-75.426720,-8.9,13.78,59.3,12,0.9,103.7,4.213,-4.2,0,1,35371
2026-04-18T09:06:45,11.033457,-75.425125,-6.3,12.11,64.1,12,0.9,103.7,4.211,-4.2,0,1,35372
2026-04-18T09:07:14,11.034320,-75.423561,1.9,14.15,68.1,10,1.4,103.7,4.211,-4.2,0,1,35373
2026-04-18T09:07:43,11.035233,-75.421959,4.1,13.45,62.7,12,0.9,103.7,4.211,-4.2,0,1,35374
2026-04-18T09:08:12,11.036114,-75.420319,4.1,13.49,65.4,11,1.1,103.5,4.214,-4.4,0,1,35375
2026-04-18T09:08:41,11.037024,-75.418716,15.7,13.43,59.1,12,0.9,103.5,4.213,-4.4,0,1,35376
2026-04-18T09:09:10,11.037890,-75.417122,20.9,13.33,60.3,11,1.0,104.0,4.213,-4.2,0,1,35377
2026-04-18T09:09:39,11.038711,-75.415504,14.9,13.24,67.1,11,0.9,103.5,4.213,-4.4,0,1,35378
2026-04-18T09:10:08,11.039660,-75.413910,13.6,12.78,54.7,12,0.9,103.7,4.213,-4.2,0,1,35379
2026-04-18T09:10:37,11.040537,-75.412300,7.4,12.77,57.1,11,1.1,104.0,4.211,-4.2,0,1,35380
2026-04-18T09:11:06,11.041342,-75.410698,4.4,13.39,61.2,12,0.9,103.7,4.213,-4.2,0,1,35381
2026-04-18T09:11:35,11.042229,-75.409096,1.5,14.20,60.3,11,1.1,103.7,4.211,-4.2,0,1,35382
2026-04-18T09:12:04,11.043096,-75.407494,-4.0,13.70,58.7,10,1.5,104.0,4.211,-4.2,0,1,35383
2026-04-18T09:12:33,11.043909,-75.405869,-3.2,13.62,60.3,11,1.1,103.8,4.211,-4.2,0,1,35384
2026-04-18T09:13:02,11.044752,-75.404205,-6.9,13.50,61.8,11,1.1,103.8,4.211,-4.2,0,1,35385
2026-04-18T09:13:31,11.045508,-75.402573,-9.0,13.85,64.6,11,1.0,103.7,4.211,-4.2,0,1,35386
2026-04-18T09:14:00,11.046476,-75.401009,-7.3,12.63,59.9,11,1.1,103.7,4.210,-4.2,0,1,35387
2026-04-18T09:14:29,11.047246,-75.399384,-2.9,12.73,65.1,11,1.0,103.8,4.211,-4.2,0,1,35388
2026-04-18T09:14:58,11.048097,-75.397690,-10.9,13.05,61.3,12,1.1,103.7,4.211,-4.2,0,1,35389
2026-04-18T09:15:27,11.048975,-75.396080,-8.6,13.21,64.8,12,1.1,103.7,4.213,-4.2,0,1,35390
2026-04-18T09:15:56,11.049909,-75.394455,-8.7,13.50,62.3,11,1.2,103.8,4.211,-4.2,0,1,35391
2026-04-18T09:16:25,11.050710,-75.392845,2.3,13.49,64.0,11,1.2,103.7,4.213,-4.2,0,1,35392
2026-04-18T09:16:54,11.051617,-75.391235,1.7,13.75,58.4,12,1.1,103.8,4.213,-4.2,0,1,35393
2026-04-18T09:17:23,11.052444,-75.389603,5.9,13.47,63.0,12,0.9,103.5,4.211,-4.4,0,1,35394
2026-04-18T09:17:52,11.053267,-75.387962,6.1,13.43,61.1,12,1.1,103.5,4.213,-4.4,0,1,35395
2026-04-18T09:18:21,11.054093,-75.386360,-1.4,13.57,58.3,11,1.2,103.5,4.211,-4.4,0,1,35396
2026-04-18T09:18:49,11.054795,-75.384758,-10.5,13.70,65.7,12,1.1,103.7,4.211,-4.2,0,1,35397
2026-04-18T09:19:18,11.055663,-75.383148,-10.8,13.74,61.2,13,0.9,103.8,4.213,-4.2,0,1,35398
2026-04-18T09:19:47,11.056501,-75.381538,-7.6,13.04,60.2,11,1.3,103.5,4.213,-4.4,0,1,35399
2026-04-18T09:20:16,11.057445,-75.379944,-2.8,14.52,54.2,10,1.8,103.7,4.213,-4.2,0,1,35400
2026-04-18T09:20:44,11.058099,-75.378326,-1.9,14.19,62.3,12,1.1,103.8,4.211,-4.2,0,1,35401
2026-04-18T09:21:13,11.058952,-75.376724,3.4,12.88,58.1,13,0.9,103.7,4.213,-4.2,0,1,35402
2026-04-18T09:21:42,11.059961,-75.375153,8.0,13.08,61.0,11,1.3,103.8,4.211,-4.2,0,1,35403
2026-04-18T09:22:11,11.060842,-75.373489,10.1,13.74,63.3,11,1.3,103.8,4.211,-4.2,0,1,35404
2026-04-18T09:22:39,11.061680,-75.371910,9.4,13.21,63.1,12,1.2,103.5,4.211,-4.4,0,1,35405
2026-04-18T09:23:08,11.062470,-75.370224,9.8,14.16,62.8,12,1.2,103.7,4.213,-4.2,0,1,35406
2026-04-18T09:23:37,11.063167,-75.368538,9.9,13.34,65.8,12,1.2,103.8,4.211,-4.2,0,1,35407
2026-04-18T09:24:06,11.063722,-75.366844,-1.6,12.84,68.4,12,1.2,103.8,4.213,-4.2,0,1,35408
2026-04-18T09:24:34,11.064528,-75.365234,1.8,13.27,65.0,12,1.2,103.7,4.210,-4.2,0,1,35409
2026-04-18T09:25:03,11.065184,-75.363571,-2.2,12.96,66.5,11,1.3,104.1,4.214,-4.4,0,1,35410
2026-04-18T09:25:32,11.065943,-75.361908,1.0,13.68,63.2,12,1.2,103.7,4.211,-4.2,0,1,35411
2026-04-18T09:26:01,11.066653,-75.360214,0.2,13.53,68.6,11,1.3,103.7,4.210,-4.2,0,1,35412
2026-04-18T09:26:30,11.067442,-75.358559,3.4,13.94,66.2,11,1.3,103.7,4.213,-4.2,0,1,35413
2026-04-18T09:26:59,11.068180,-75.356888,-2.7,14.47,67.8,12,1.2,103.7,4.210,-4.2,0,1,35414
2026-04-18T09:27:28,11.069153,-75.355263,7.8,12.90,54.3,11,1.4,103.7,4.213,-4.2,0,1,35415
2026-04-18T09:27:57,11.069951,-75.353607,7.3,13.72,61.8,12,1.2,103.7,4.213,-4.2,0,1,35416
2026-04-18T09:28:26,11.070660,-75.351913,9.2,13.46,61.0,11,1.4,103.8,4.214,-4.2,0,1,35417
2026-04-18T09:28:54,11.071477,-75.350342,12.7,13.25,62.4,12,1.4,103.8,4.213,-4.2,0,1,35418
2026-04-18T09:29:23,11.072164,-75.348671,18.6,13.27,62.2,12,1.2,103.7,4.210,-4.2,0,1,35419
2026-04-18T09:29:52,11.072911,-75.346985,22.4,12.96,61.3,11,1.4,103.7,4.211,-4.2,0,1,35420
2026-04-18T09:30:21,11.073768,-75.345329,34.1,13.05,64.0,11,1.4,103.7,4.211,-4.2,0,1,35421
2026-04-18T09:30:49,11.074411,-75.343765,28.2,12.90,62.7,12,1.2,103.7,4.214,-4.2,0,1,35422
2026-04-18T09:31:18,11.075218,-75.342102,28.2,13.31,62.7,11,1.4,103.8,4.211,-4.2,0,1,35423
2026-04-18T09:31:47,11.075847,-75.340408,28.1,13.36,69.2,11,1.4,103.7,4.213,-4.2,0,1,35424
2026-04-18T09:32:16,11.076428,-75.338776,16.2,13.25,66.0,12,1.4,103.5,4.211,-4.4,0,1,35425
2026-04-18T09:32:44,11.077145,-75.337181,16.1,13.37,70.1,12,1.8,103.5,4.213,-4.4,0,1,35426
2026-04-18T09:33:13,11.077833,-75.335503,9.7,13.14,65.2,12,1.4,103.8,4.210,-4.2,0,1,35427
2026-04-18T09:33:42,11.078591,-75.333839,15.1,11.74,64.9,12,1.4,103.5,4.213,-4.4,0,1,35428
2026-04-18T09:34:11,11.079416,-75.332191,16.3,13.06,65.1,11,1.4,103.5,4.211,-4.4,0,1,35429
2026-04-18T09:34:39,11.080110,-75.330589,18.8,12.76,67.9,11,1.9,103.7,4.210,-4.2,0,1,35430
2026-04-18T09:35:08,11.080868,-75.328926,16.7,12.61,64.4,12,1.4,103.7,4.211,-4.2,0,1,35431
2026-04-18T09:35:37,11.081636,-75.327286,16.0,13.65,64.4,12,1.4,103.7,4.211,-4.2,0,1,35432
2026-04-18T09:36:06,11.082437,-75.325623,12.6,13.41,66.3,12,1.4,103.7,4.211,-4.2,0,1,35433
2026-04-18T09:36:34,11.083181,-75.323997,16.3,12.95,68.0,12,1.4,103.7,4.211,-4.2,0,1,35434
2026-04-18T09:37:03,11.084017,-75.322334,11.9,13.22,65.4,12,1.4,103.7,4.211,-4.2,0,1,35435
2026-04-18T09:37:32,11.084609,-75.320671,7.6,12.98,73.9,12,1.7,103.7,4.213,-4.2,0,1,35436
2026-04-18T09:38:01,11.085287,-75.318932,3.4,12.83,65.1,13,1.4,103.7,4.210,-4.2,0,1,35437
2026-04-18T09:38:29,11.086139,-75.317360,14.1,13.31,67.4,12,1.4,103.4,4.213,-4.2,0,1,35438
2026-04-18T09:38:58,11.087003,-75.315720,20.6,13.58,66.2,13,1.4,103.8,4.211,-4.2,0,1,35439
2026-04-18T09:39:27,11.087708,-75.314026,17.1,12.66,68.4,13,1.4,103.5,4.210,-4.4,0,1,35440
2026-04-18T09:39:56,11.088355,-75.312332,8.4,12.67,66.4,13,1.4,103.7,4.211,-4.2,0,1,35441
2026-04-18T09:40:24,11.089088,-75.310745,5.8,13.96,65.9,13,1.4,103.5,4.211,-4.4,0,1,35442
2026-04-18T09:40:53,11.089882,-75.309082,6.2,13.26,64.7,12,1.4,103.7,4.213,-4.2,0,1,35443
2026-04-18T09:41:22,11.090572,-75.307388,3.5,13.54,67.3,13,1.4,103.7,4.211,-4.2,0,1,35444
2026-04-18T09:41:51,11.091328,-75.305756,13.3,13.15,65.6,13,1.4,103.7,4.211,-4.2,0,1,35445
2026-04-18T09:42:19,11.092163,-75.304153,20.1,13.33,66.0,13,1.4,103.7,4.211,-4.2,0,1,35446
2026-04-18T09:42:48,11.092822,-75.302467,12.9,13.30,66.8,13,1.4,103.7,4.213,-4.2,0,1,35447
2026-04-18T09:43:17,11.093460,-75.300812,9.9,12.21,65.4,12,1.4,103.7,4.210,-4.2,0,1,35448
2026-04-18T09:43:46,11.094120,-75.299057,5.8,13.51,66.8,13,1.4,103.7,4.211,-4.2,0,1,35449
2026-04-18T09:44:15,11.094792,-75.297417,8.1,14.13,71.4,13,1.4,103.7,4.211,-4.2,0,1,35450
2026-04-18T09:44:44,11.095638,-75.295753,11.9,12.19,66.7,13,1.4,103.5,4.211,-4.4,0,1,35451
2026-04-18T09:45:13,11.096464,-75.294113,16.0,13.21,65.4,12,1.4,103.7,4.211,-4.2,0,1,35452
2026-04-18T09:45:42,11.097140,-75.292404,9.0,13.20,64.8,12,1.4,103.8,4.210,-4.2,0,1,35453
2026-04-18T09:46:11,11.097864,-75.290771,7.1,13.89,71.2,12,1.4,104.0,4.211,-4.2,0,1,35454
2026-04-18T09:46:39,11.098587,-75.289215,7.8,13.51,64.9,12,1.4,103.7,4.213,-4.2,0,1,35455
2026-04-18T09:47:08,11.099380,-75.287529,11.5,14.21,63.9,12,1.4,103.7,4.210,-4.2,0,1,35456
2026-04-18T09:47:37,11.100139,-75.285904,12.2,13.20,67.1,12,1.4,103.7,4.211,-4.2,0,1,35457
2026-04-18T09:48:06,11.100894,-75.284187,6.6,13.38,64.2,12,1.4,103.8,4.211,-4.2,0,1,35458
2026-04-18T09:48:34,11.101654,-75.282570,10.9,13.44,61.6,12,1.4,103.5,4.211,-4.4,0,1,35459
2026-04-18T09:49:03,11.102395,-75.280907,14.3,13.45,65.2,12,1.4,103.8,4.211,-4.2,0,1,35460
2026-04-18T09:49:32,11.103173,-75.279221,15.2,13.36,65.1,12,1.4,103.7,4.211,-4.2,0,1,35461
2026-04-18T09:50:01,11.103977,-75.277527,14.6,13.53,67.5,12,1.4,103.7,4.211,-4.2,0,1,35462
2026-04-18T09:50:30,11.104733,-75.275826,13.0,13.90,66.2,12,1.4,104.0,4.211,-4.2,0,1,35463
2026-04-18T09:50:59,11.105433,-75.274117,8.0,12.85,65.0,12,1.4,103.7,4.211,-4.2,0,1,35464
2026-04-18T09:51:28,11.106303,-75.272461,10.8,13.54,69.6,12,1.4,103.5,4.213,-4.4,0,1,35465
2026-04-18T09:51:57,11.107003,-75.270798,13.0,13.51,65.4,12,1.4,103.8,4.211,-4.2,0,1,35466
2026-04-18T09:52:26,11.107814,-75.269142,8.4,13.24,67.4,12,1.4,103.5,4.213,-4.4,0,1,35467
2026-04-18T09:52:54,11.108426,-75.267532,1.4,12.68,68.8,12,1.4,103.7,4.211,-4.2,0,1,35468
2026-04-18T09:53:23,11.109262,-75.265884,-0.6,12.60,70.4,12,1.4,103.7,4.210,-4.2,0,1,35469
2026-04-18T09:53:52,11.109968,-75.264236,-4.3,13.55,63.1,12,1.4,103.8,4.211,-4.2,0,1,35470
2026-04-18T09:54:21,11.110615,-75.262596,-6.8,13.24,71.9,12,1.4,103.7,4.211,-4.2,0,1,35471
2026-04-18T09:54:50,11.111323,-75.260887,-6.7,13.28,68.2,12,1.4,103.4,4.210,-4.2,0,1,35472
2026-04-18T09:55:19,11.112012,-75.259232,-13.4,12.38,70.9,12,1.4,103.7,4.210,-4.2,0,1,35473
2026-04-18T09:55:48,11.112759,-75.257553,-13.7,12.61,69.8,12,1.4,103.7,4.211,-4.2,0,1,35474
2026-04-18T09:56:17,11.113455,-75.255859,-20.6,13.69,68.5,12,1.4,103.8,4.211,-4.2,0,1,35475
2026-04-18T09:56:46,11.114146,-75.254150,-14.5,14.05,67.2,12,1.3,103.7,4.211,-4.2,0,1,35476
2026-04-18T09:57:14,11.114879,-75.252518,-9.6,13.22,67.4,11,1.4,103.7,4.210,-4.2,0,1,35477
2026-04-18T09:57:43,11.115659,-75.250832,-3.5,13.86,63.9,12,1.3,103.7,4.211,-4.2,0,1,35478
2026-04-18T09:58:12,11.116408,-75.249168,2.6,12.74,61.1,11,1.4,103.8,4.211,-4.2,0,1,35479
2026-04-18T09:58:41,11.117193,-75.247498,2.1,13.33,67.8,11,1.4,103.7,4.213,-4.2,0,1,35480
2026-04-18T09:59:10,11.117923,-75.245811,-2.3,14.54,66.0,11,1.4,103.7,4.211,-4.2,0,1,35481
2026-04-18T09:59:39,11.118665,-75.244179,-5.3,12.73,67.6,11,1.4,103.7,4.211,-4.2,0,1,35482
2026-04-18T10:00:08,11.119309,-75.242485,-5.8,12.95,75.9,10,1.4,103.5,4.210,-4.4,0,1,35483
2026-04-18T10:00:37,11.120118,-75.240852,5.0,12.96,73.0,11,1.4,103.7,4.211,2760.2,0,1,35484
2026-04-18T10:01:06,11.120872,-75.239197,1.1,13.53,65.2,11,1.4,103.7,4.211,-4.2,0,1,35485
2026-04-18T10:01:34,11.121641,-75.237610,6.9,14.74,64.3,11,1.4,103.8,4.213,-4.2,0,1,35486
2026-04-18T10:02:03,11.122431,-75.235924,19.1,12.94,67.2,11,1.4,103.5,4.211,-4.4,0,1,35487
2026-04-18T10:02:32,11.123055,-75.234238,9.5,13.07,69.1,11,1.4,103.5,4.211,-4.4,0,1,35488
2026-04-18T10:03:01,11.123890,-75.232635,7.1,13.33,64.1,11,1.4,103.5,4.209,-4.4,0,1,35489
2026-04-18T10:03:29,11.124560,-75.231041,11.8,13.54,66.8,11,1.3,103.4,4.210,-4.2,0,1,35490
2026-04-18T10:03:58,11.125273,-75.229347,8.4,12.95,68.5,10,1.4,103.5,4.213,-4.4,0,1,35491
2026-04-18T10:04:27,11.125935,-75.227692,12.3,12.27,68.3,11,1.3,103.7,4.210,-4.2,0,1,35492
2026-04-18T10:04:56,11.126703,-75.226021,10.0,14.19,65.4,11,1.3,103.8,4.211,-4.2,0,1,35493
2026-04-18T10:05:24,11.127445,-75.224419,9.4,13.19,66.6,11,1.3,103.7,4.211,-4.2,0,1,35494
2026-04-18T10:05:53,11.128171,-75.222755,5.9,13.28,69.4,11,1.3,103.7,4.210,-4.2,0,1,35495
2026-04-18T10:06:22,11.128841,-75.221069,3.9,13.48,67.4,11,1.3,103.5,4.211,-4.4,0,1,35496
2026-04-18T10:06:51,11.129535,-75.219398,0.8,12.62,68.8,10,1.5,103.5,4.211,-4.4,0,1,35497
2026-04-18T10:07:19,11.130191,-75.217789,1.2,13.94,67.9,11,1.3,103.8,4.210,-4.2,0,1,35498
2026-04-18T10:07:48,11.130965,-75.216171,9.9,13.29,67.7,11,1.3,103.5,4.211,-4.4,0,1,35499
2026-04-18T10:08:17,11.131739,-75.214493,19.9,14.52,66.8,11,1.3,103.5,4.211,-4.4,0,1,35500
2026-04-18T10:08:46,11.132513,-75.212860,27.2,13.89,68.4,11,1.3,103.7,4.211,-4.2,0,1,35501
2026-04-18T10:09:15,11.133208,-75.211166,27.6,13.00,68.5,11,1.3,103.5,4.211,-4.4,0,1,35502
2026-04-18T10:09:44,11.133980,-75.209534,27.2,11.59,61.7,11,1.3,103.5,4.211,-4.4,0,1,35503
2026-04-18T10:10:13,11.134835,-75.207870,29.4,12.50,66.4,11,1.3,103.7,4.213,-4.2,0,1,35504
2026-04-18T10:10:42,11.135595,-75.206223,29.5,13.81,64.9,11,1.3,103.5,4.211,-4.4,0,1,35505
2026-04-18T10:11:11,11.136371,-75.204552,26.8,11.78,61.7,11,1.3,103.7,4.210,-4.2,0,1,35506
2026-04-18T10:11:39,11.137078,-75.202957,27.8,13.01,71.4,11,1.2,103.5,4.211,-4.4,0,1,35507
2026-04-18T10:12:08,11.137869,-75.201309,28.1,13.22,67.5,11,1.2,103.7,4.213,-4.2,0,1,35508
2026-04-18T10:12:37,11.138556,-75.199692,17.4,12.92,68.5,11,1.2,103.8,4.211,-4.2,0,1,35509
2026-04-18T10:13:06,11.139289,-75.198051,11.4,13.29,64.2,10,1.4,103.4,4.213,-4.2,0,1,35510
2026-04-18T10:13:34,11.140061,-75.196449,10.6,13.58,71.2,11,1.2,103.7,4.213,-4.2,0,1,35511
2026-04-18T10:14:03,11.140777,-75.194817,6.8,12.54,65.5,9,1.6,103.7,4.211,-4.2,0,1,35512
2026-04-18T10:14:32,11.141642,-75.193146,16.5,13.22,66.4,11,1.2,103.7,4.211,-4.2,0,1,35513
2026-04-18T10:15:01,11.142349,-75.191490,14.7,13.48,65.0,11,1.2,103.7,4.211,-4.2,0,1,35514
2026-04-18T10:15:29,11.143060,-75.189850,12.7,13.27,62.7,11,1.2,103.7,4.211,-4.2,0,1,35515
2026-04-18T10:15:58,11.143774,-75.188202,13.4,13.35,65.7,9,1.5,103.5,4.211,-4.4,0,1,35516
2026-04-18T10:16:27,11.144479,-75.186569,12.8,12.49,70.2,10,1.4,103.8,4.213,-4.2,0,1,35517
2026-04-18T10:16:56,11.145205,-75.184906,12.4,13.75,66.7,11,1.2,103.5,4.210,-4.4,0,1,35518
2026-04-18T10:17:25,11.145915,-75.183273,9.7,13.28,66.3,10,1.3,103.5,4.211,-4.4,0,1,35519
2026-04-18T10:17:54,11.146690,-75.181618,9.9,13.05,63.0,10,1.3,103.7,4.211,-4.2,0,1,35520
2026-04-18T10:18:23,11.147384,-75.179947,-2.7,13.94,66.1,10,1.3,103.7,4.210,-4.2,0,1,35521
2026-04-18T10:18:52,11.148120,-75.178284,-11.7,13.05,64.1,9,1.3,103.7,4.210,-4.2,0,1,35522
2026-04-18T10:19:21,11.148895,-75.176628,-11.2,13.73,61.9,9,1.3,103.8,4.210,2764.3,0,1,35523
2026-04-18T10:19:50,11.149592,-75.174965,-19.5,13.55,66.0,10,1.3,103.8,4.210,-4.2,0,1,35524
2026-04-18T10:20:19,11.150338,-75.173309,-20.8,13.46,64.0,10,1.3,103.7,4.210,-4.2,0,1,35525
2026-04-18T10:20:48,11.151115,-75.171669,-20.8,13.41,64.9,10,1.3,103.8,4.211,-4.2,0,1,35526
2026-04-18T10:21:17,11.151845,-75.170052,-33.0,13.18,68.1,10,1.3,103.7,4.211,-4.2,0,1,35527
2026-04-18T10:21:46,11.152621,-75.168358,-32.1,12.75,68.7,10,1.3,103.5,4.211,-4.4,0,1,35528
2026-04-18T10:22:15,11.153421,-75.166664,-28.8,13.46,66.3,10,1.3,103.8,4.211,-4.2,0,1,35529
2026-04-18T10:22:44,11.154257,-75.165009,-20.8,12.62,66.6,10,1.3,103.5,4.210,-4.4,0,1,35530
2026-04-18T10:23:13,11.155002,-75.163330,-19.1,13.07,68.3,10,1.3,103.5,4.210,-4.4,0,1,35531
2026-04-18T10:23:42,11.155863,-75.161667,-17.3,13.24,60.4,9,1.5,103.5,4.211,-4.4,0,1,35532
2026-04-18T10:24:11,11.156547,-75.159996,-16.4,13.21,68.6,10,1.3,103.5,4.210,-4.4,0,1,35533
2026-04-18T10:24:40,11.157395,-75.158318,-6.8,13.62,68.4,10,1.3,103.5,4.211,2755.8,0,1,35534
2026-04-18T10:25:09,11.158176,-75.156662,-3.6,13.73,66.8,9,1.4,103.7,4.210,-4.2,0,1,35535
2026-04-18T10:25:38,11.158960,-75.155029,-6.2,13.45,61.8,10,1.3,103.8,4.210,-4.2,0,1,35536
2026-04-18T10:26:07,11.159748,-75.153366,-3.9,12.78,68.2,10,1.2,103.7,4.211,-4.2,0,1,35537
2026-04-18T10:26:36,11.160539,-75.151726,-6.8,12.53,64.4,9,1.4,103.7,4.211,-4.2,0,1,35538
2026-04-18T10:27:05,11.161342,-75.150047,-5.6,13.16,67.6,10,1.2,103.7,4.209,-4.2,0,1,35539
2026-04-18T10:27:34,11.162072,-75.148392,-5.8,11.83,71.8,9,1.4,103.7,4.210,-4.2,0,1,35540
2026-04-18T10:28:03,11.162875,-75.146736,3.1,13.20,65.6,10,1.2,103.7,4.211,-4.2,0,1,35541
2026-04-18T10:28:32,11.163690,-75.145073,3.1,13.32,65.3,10,1.2,103.7,4.213,-4.2,0,1,35542
2026-04-18T10:29:01,11.164465,-75.143433,10.0,13.44,64.1,9,1.4,103.7,4.211,-4.2,0,1,35543
2026-04-18T10:29:30,11.165221,-75.141792,7.6,12.97,66.8,10,1.2,103.7,4.210,-4.2,0,1,35544
2026-04-18T10:29:59,11.166021,-75.140121,8.7,13.40,64.8,10,1.2,103.5,4.210,-4.4,0,1,35545
2026-04-18T10:30:28,11.166791,-75.138527,17.2,13.30,64.5,9,1.3,103.5,4.211,-4.4,0,1,35546
2026-04-18T10:30:57,11.167562,-75.136925,19.0,13.88,62.0,9,1.3,103.7,4.211,-4.2,0,1,35547
2026-04-18T10:31:26,11.168336,-75.135254,15.6,13.46,65.1,8,2.0,103.7,4.211,-4.2,0,1,35548
2026-04-18T10:31:55,11.169189,-75.133575,19.3,13.67,63.1,9,1.3,103.5,4.210,2755.8,0,1,35549
2026-04-18T10:32:24,11.169900,-75.131943,21.6,13.19,65.6,9,1.3,103.5,4.211,-4.4,0,1,35550
2026-04-18T10:32:53,11.170671,-75.130272,20.9,13.68,64.1,9,1.3,103.7,4.210,-4.2,0,1,35551
2026-04-18T10:33:22,11.171428,-75.128578,15.7,13.41,59.1,8,2.0,103.8,4.210,-4.2,0,1,35552
2026-04-18T10:33:51,11.172380,-75.126892,28.9,13.45,61.7,8,2.0,103.7,4.213,-4.2,0,1,35553
2026-04-18T10:34:20,11.172978,-75.125252,23.2,10.50,66.2,8,2.0,103.7,4.211,-4.2,0,1,35554
2026-04-18T10:34:49,11.173755,-75.123566,23.8,13.00,66.7,9,1.3,103.8,4.210,-4.2,0,1,35555
2026-04-18T10:35:18,11.174428,-75.121872,20.6,12.47,66.9,8,2.0,103.5,4.211,-4.4,0,1,35556
2026-04-18T10:35:47,11.175131,-75.120209,21.2,13.60,70.8,9,1.3,103.7,4.211,-4.2,0,1,35557
2026-04-18T10:36:16,11.175843,-75.118523,27.2,13.44,65.9,8,2.0,103.5,4.210,-4.4,0,1,35558
2026-04-18T10:36:45,11.176581,-75.116928,25.4,12.98,65.3,9,1.3,103.5,4.210,-4.4,0,1,35559
2026-04-18T10:37:14,11.177275,-75.115242,18.3,13.45,64.5,9,1.3,103.7,4.211,-4.2,0,1,35560
2026-04-18T10:37:43,11.178000,-75.113609,19.6,12.34,72.2,9,1.3,103.8,4.210,-4.2,0,1,35561
2026-04-18T10:38:12,11.178730,-75.111984,16.9,13.60,64.0,9,1.3,103.7,4.211,-4.2,0,1,35562
2026-04-18T10:38:41,11.179526,-75.110313,9.2,13.12,64.0,9,1.3,103.5,4.211,-4.4,0,1,35563
2026-04-18T10:39:10,11.180182,-75.108719,7.8,12.18,67.8,9,1.3,103.7,4.211,-4.2,0,1,35564
2026-04-18T10:39:39,11.180923,-75.107086,2.1,12.49,61.8,8,1.9,103.7,4.211,-4.2,0,1,35565
2026-04-18T10:40:08,11.181666,-75.105453,-3.1,12.95,63.4,9,1.2,103.8,4.210,-4.2,0,1,35566
2026-04-18T10:40:37,11.182322,-75.103798,-2.0,13.16,67.2,9,1.2,103.8,4.210,-4.2,0,1,35567
2026-04-18T10:41:06,11.183046,-75.102173,4.5,12.24,63.9,9,1.2,103.5,4.211,-4.4,0,1,35568
2026-04-18T10:41:35,11.183882,-75.100525,4.4,13.09,65.8,8,1.3,103.5,4.213,-4.4,0,1,35569
2026-04-18T10:42:04,11.184677,-75.098869,3.8,13.23,65.6,8,1.9,103.8,4.210,-4.2,0,1,35570
2026-04-18T10:42:33,11.185403,-75.097206,11.7,13.23,68.1,7,1.9,103.7,4.211,-4.2,0,1,35571
2026-04-18T10:43:02,11.186143,-75.095619,10.4,13.13,65.5,9,1.2,103.7,4.210,-4.2,0,1,35572
2026-04-18T10:43:31,11.186802,-75.093994,3.0,12.80,65.4,8,1.8,103.7,4.211,-4.2,0,1,35573
2026-04-18T10:44:00,11.187563,-75.092339,-2.0,13.61,66.7,9,1.2,103.5,4.210,-4.4,0,1,35574
2026-04-18T10:44:29,11.188282,-75.090729,3.1,13.53,65.6,8,1.8,103.8,4.213,-4.2,0,1,35575
2026-04-18T10:44:58,11.189032,-75.089104,3.5,12.48,66.8,8,1.8,103.7,4.213,-4.2,0,1,35576
2026-04-18T10:45:27,11.189720,-75.087517,1.1,12.90,65.2,9,1.2,103.7,4.210,-4.2,0,1,35577
2026-04-18T10:45:56,11.190458,-75.085777,-1.1,13.69,65.8,9,1.2,103.8,4.211,-4.2,0,1,35578
2026-04-18T10:46:25,11.191149,-75.084183,2.4,12.37,68.1,8,1.8,103.5,4.213,-4.4,0,1,35579
2026-04-18T10:46:54,11.191900,-75.082558,6.8,13.08,65.3,8,1.8,103.8,4.211,-4.2,0,1,35580
2026-04-18T10:47:23,11.192677,-75.080887,8.4,13.68,63.7,9,1.2,103.7,4.210,-4.2,0,1,35581
2026-04-18T10:47:52,11.193454,-75.079323,8.6,12.89,69.5,8,1.8,103.7,4.210,-4.2,0,1,35582
2026-04-18T10:48:21,11.194195,-75.077705,8.7,12.44,65.5,9,1.2,103.5,4.211,-4.4,0,1,35583
2026-04-18T10:48:50,11.194855,-75.076088,6.0,13.60,69.6,8,1.7,103.8,4.211,-4.2,0,1,35584
2026-04-18T10:49:19,11.195555,-75.074486,2.5,12.18,67.4,8,1.7,103.8,4.210,-4.2,0,1,35585
2026-04-18T10:49:48,11.196232,-75.072868,-3.3,12.20,64.4,9,1.2,103.5,4.210,-4.4,0,1,35586
2026-04-18T10:50:17,11.196969,-75.071243,-1.7,12.94,66.0,9,1.1,103.5,4.211,-4.4,0,1,35587
2026-04-18T10:50:46,11.197732,-75.069633,5.0,13.33,65.7,9,1.1,103.5,4.210,-4.4,0,1,35588
2026-04-18T10:51:15,11.198500,-75.068016,14.8,10.59,63.0,8,1.7,103.7,4.210,-4.2,0,1,35589
2026-04-18T10:51:44,11.199242,-75.066399,21.7,12.22,64.2,9,1.1,103.7,4.211,-4.2,0,1,35590
2026-04-18T10:52:13,11.199957,-75.064842,20.1,10.37,60.8,9,1.1,103.8,4.211,-4.2,0,1,35591
2026-04-18T10:52:42,11.200646,-75.063248,20.3,10.34,67.8,8,1.7,103.7,4.213,-4.2,0,1,35592
2026-04-18T10:53:11,11.201350,-75.061630,20.0,12.78,63.6,9,1.1,103.7,4.210,-4.2,0,1,35593
2026-04-18T10:53:39,11.202079,-75.060127,21.3,12.61,63.9,8,1.7,103.7,4.213,-4.2,0,1,35594
2026-04-18T10:54:08,11.202819,-75.058571,24.3,12.82,62.0,9,1.1,103.8,4.211,-4.2,0,1,35595
2026-04-18T10:54:37,11.203552,-75.057014,27.1,12.78,64.1,9,1.1,103.7,4.213,-4.2,0,1,35596
2026-04-18T10:55:06,11.204262,-75.055443,21.5,12.05,62.8,9,1.1,103.7,4.210,-4.2,0,1,35597
2026-04-18T10:55:35,11.205035,-75.053802,28.3,13.19,65.2,8,1.6,103.7,4.211,-4.2,0,1,35598
2026-04-18T10:56:04,11.205783,-75.052246,24.7,12.29,68.3,8,1.6,103.5,4.211,-4.4,0,1,35599
2026-04-18T10:56:33,11.206498,-75.050629,32.0,12.75,64.7,8,1.6,103.7,4.211,-4.2,0,1,35600
2026-04-18T10:57:02,11.207233,-75.049072,36.2,11.91,66.5,8,1.6,103.7,4.210,-4.2,0,1,35601
2026-04-18T10:57:31,11.207942,-75.047501,36.5,12.38,64.7,8,1.6,103.7,4.211,-4.2,0,1,35602
2026-04-18T10:58:00,11.208607,-75.045929,33.8,13.42,63.8,8,1.6,103.8,4.211,-4.2,0,1,35603
2026-04-18T10:58:29,11.209268,-75.044319,18.1,13.49,67.6,8,1.6,103.5,4.211,-4.4,0,1,35604
2026-04-18T10:58:58,11.209987,-75.042725,20.6,12.94,66.0,8,1.6,103.5,4.211,-4.4,0,1,35605
2026-04-18T10:59:27,11.210608,-75.041161,22.2,13.07,66.2,8,1.6,103.5,4.211,-4.4,0,1,35606
2026-04-18T10:59:56,11.211323,-75.039543,17.6,12.57,68.1,8,1.6,103.7,4.211,-4.2,0,1,35607
2026-04-18T11:00:25,11.212045,-75.037941,17.7,12.51,65.1,8,1.5,103.8,4.211,-4.2,0,1,35608
2026-04-18T11:00:54,11.212728,-75.036285,20.7,13.01,67.1,8,1.5,103.5,4.211,-4.4,0,1,35609
2026-04-18T11:01:23,11.213435,-75.034691,23.1,12.82,63.3,8,1.5,103.5,4.211,-4.4,0,1,35610
2026-04-18T11:01:52,11.214188,-75.033043,20.6,11.98,65.8,8,1.5,103.7,4.211,-4.2,0,1,35611
2026-04-18T11:02:21,11.214858,-75.031425,18.9,13.27,64.2,9,1.1,103.7,4.211,-4.2,0,1,35612
2026-04-18T11:02:49,11.215545,-75.029877,18.3,12.95,65.2,9,1.1,103.7,4.210,-4.2,0,1,35613
2026-04-18T11:03:18,11.216282,-75.028267,22.3,13.23,62.0,8,1.5,103.7,4.210,-4.2,0,1,35614
2026-04-18T11:03:47,11.217003,-75.026688,20.7,12.21,64.9,8,1.5,103.7,4.210,-4.2,0,1,35615
2026-04-18T11:04:16,11.217728,-75.025070,16.4,13.39,63.3,9,1.1,103.8,4.211,-4.2,0,1,35616
2026-04-18T11:04:44,11.218349,-75.023476,20.3,13.90,74.5,8,1.5,103.5,4.211,2755.8,0,1,35617
2026-04-18T11:05:13,11.219085,-75.021889,15.3,13.60,72.0,9,1.1,103.8,4.210,-4.2,0,1,35618
2026-04-18T11:05:42,11.219850,-75.020340,5.4,12.34,55.6,8,1.5,103.8,4.213,-4.2,0,1,35619
2026-04-18T11:06:11,11.220527,-75.018684,5.8,13.08,65.6,8,1.5,103.4,4.210,-4.2,0,1,35620
2026-04-18T11:06:39,11.221205,-75.017143,-0.1,12.88,63.6,9,1.1,103.5,4.210,-4.4,0,1,35621
2026-04-18T11:07:08,11.221931,-75.015533,9.0,13.04,64.0,10,0.9,103.7,4.210,-4.2,0,1,35622
2026-04-18T11:07:37,11.222630,-75.013901,16.8,12.29,64.7,10,0.9,103.7,4.210,-4.2,0,1,35623
2026-04-18T11:08:06,11.223325,-75.012299,3.8,13.08,64.8,8,1.5,103.5,4.210,-4.4,0,1,35624
2026-04-18T11:08:34,11.223904,-75.010735,-0.5,12.61,73.8,10,1.0,103.5,4.213,-4.4,0,1,35625
2026-04-18T11:09:03,11.224554,-75.009094,8.6,12.60,68.2,8,1.5,103.4,4.211,-4.2,0,1,35626
2026-04-18T11:09:32,11.225291,-75.007484,1.7,10.54,69.8,9,1.1,103.7,4.210,-4.2,0,1,35627
2026-04-18T11:10:01,11.226049,-75.005821,-6.4,12.94,59.5,8,1.4,103.8,4.210,-4.2,0,1,35628
2026-04-18T11:10:30,11.226668,-75.004158,-2.9,13.34,72.2,8,1.4,103.8,4.210,-4.2,0,1,35629
2026-04-18T11:10:59,11.227368,-75.002533,-9.6,12.30,69.0,8,1.4,103.7,4.210,-4.2,0,1,35630
2026-04-18T11:11:28,11.228147,-75.000923,-13.8,13.48,65.7,8,1.4,103.5,4.210,-4.4,0,1,35631
2026-04-18T11:11:57,11.228789,-74.999268,-7.2,12.90,65.7,9,1.1,103.7,4.211,-4.2,0,1,35632
2026-04-18T11:12:26,11.229424,-74.997620,-12.3,12.08,67.0,9,1.3,103.8,4.211,-4.2,0,1,35633
2026-04-18T11:12:54,11.230056,-74.996033,-14.3,11.81,66.3,9,1.3,103.8,4.211,-4.2,0,1,35634
2026-04-18T11:13:23,11.230839,-74.994423,-8.9,12.40,65.4,10,1.0,103.8,4.209,-4.2,0,1,35635
2026-04-18T11:13:52,11.231544,-74.992790,-9.0,12.52,66.8,11,1.0,103.5,4.211,-4.4,0,1,35636
2026-04-18T11:14:21,11.232269,-74.991127,-10.6,13.05,63.2,10,1.2,103.4,4.211,-4.2,0,1,35637
2026-04-18T11:14:49,11.232911,-74.989548,-6.2,11.85,63.8,11,0.9,103.4,4.210,-4.2,0,1,35638
2026-04-18T11:15:18,11.233607,-74.987892,-13.0,12.90,63.0,11,1.0,103.7,4.211,-4.2,0,1,35639
2026-04-18T11:15:47,11.234254,-74.986198,-10.2,13.61,73.3,11,1.0,103.4,4.210,-4.2,0,1,35640
2026-04-18T11:16:16,11.235060,-74.984627,-5.4,11.81,57.7,11,1.0,103.8,4.211,-4.2,0,1,35641
2026-04-18T11:16:44,11.235683,-74.982986,-5.4,13.36,66.4,11,1.0,103.7,4.211,-4.2,0,1,35642
2026-04-18T11:17:13,11.236382,-74.981331,4.5,12.70,67.2,11,1.0,103.5,4.210,-4.4,0,1,35643
2026-04-18T11:17:42,11.237134,-74.979645,2.2,12.65,72.7,11,1.0,103.4,4.211,-4.2,0,1,35644
2026-04-18T11:18:11,11.237820,-74.978043,4.7,10.00,60.5,11,1.0,103.7,4.211,-4.2,0,1,35645
2026-04-18T11:18:39,11.238460,-74.976364,5.6,13.08,75.9,10,1.2,103.7,4.211,-4.2,0,1,35646
2026-04-18T11:19:08,11.239141,-74.974678,4.8,12.36,66.5,10,1.0,103.5,4.210,-4.4,0,1,35647
2026-04-18T11:19:37,11.239845,-74.973007,6.4,12.80,62.8,11,1.0,103.7,4.211,-4.2,0,1,35648
2026-04-18T11:20:06,11.240557,-74.971344,12.1,13.40,68.1,11,1.0,103.7,4.209,-4.2,0,1,35649
2026-04-18T11:20:34,11.241210,-74.969719,14.2,13.72,65.8,10,1.0,103.5,4.210,-4.4,0,1,35650
2026-04-18T11:21:04,11.241949,-74.968040,12.8,12.46,68.1,11,1.0,103.5,4.210,-4.4,0,1,35651
2026-04-18T11:21:33,11.242659,-74.966377,6.7,13.39,65.6,11,1.0,103.5,4.211,-4.4,0,1,35652
2026-04-18T11:22:02,11.243357,-74.964760,10.0,12.75,66.8,11,1.0,103.7,4.211,-4.2,0,1,35653
2026-04-18T11:22:31,11.244043,-74.963081,3.4,13.57,69.7,10,1.0,103.5,4.210,-4.4,0,1,35654
2026-04-18T11:22:59,11.244769,-74.961510,-3.2,13.97,62.7,10,1.1,103.7,4.209,-4.2,0,1,35655
2026-04-18T11:23:28,11.245434,-74.959869,-5.2,12.84,66.0,10,1.0,103.7,4.211,-4.2,0,1,35656
2026-04-18T11:23:57,11.246127,-74.958214,-4.0,13.08,63.8,11,1.0,103.7,4.211,-4.2,0,1,35657
2026-04-18T11:24:26,11.246832,-74.956551,1.1,12.62,65.4,10,1.0,103.5,4.210,-4.4,0,1,35658
2026-04-18T11:24:54,11.247557,-74.954979,-1.2,13.28,65.9,8,1.7,103.7,4.211,-4.2,0,1,35659
2026-04-18T11:25:23,11.248272,-74.953339,-0.9,13.31,62.6,10,1.0,103.7,4.213,-4.2,0,1,35660
2026-04-18T11:25:52,11.248987,-74.951721,-7.8,12.79,68.1,10,1.0,103.7,4.210,-4.2,0,1,35661
2026-04-18T11:26:21,11.249661,-74.950058,-10.8,13.55,64.3,8,1.2,103.7,4.211,-4.2,0,1,35662
2026-04-18T11:26:49,11.250360,-74.948425,-12.5,12.88,70.1,9,1.1,103.5,4.211,-4.4,0,1,35663
2026-04-18T11:27:18,11.251048,-74.946785,-13.0,13.00,65.6,9,1.1,103.5,4.211,-4.4,0,1,35664
2026-04-18T11:27:47,11.251705,-74.945099,-10.6,13.00,68.4,9,1.2,103.5,4.210,-4.4,0,1,35665
2026-04-18T11:28:16,11.252437,-74.943443,-9.1,13.58,67.3,10,1.0,103.7,4.210,-4.2,0,1,35666
2026-04-18T11:28:44,11.253043,-74.941826,-7.7,13.15,73.2,9,1.1,103.5,4.210,2755.8,0,1,35667
2026-04-18T11:29:13,11.253801,-74.940208,-7.3,12.50,61.7,8,1.5,103.7,4.210,-4.2,0,1,35668
2026-04-18T11:29:42,11.254532,-74.938583,-5.5,12.86,64.5,9,1.1,103.5,4.211,-4.4,0,1,35669
2026-04-18T11:30:11,11.255226,-74.936951,-3.1,13.13,67.8,9,1.1,103.7,4.210,-4.2,0,1,35670
2026-04-18T11:30:39,11.255957,-74.935356,-0.8,12.90,64.8,10,1.1,103.4,4.210,-4.2,0,1,35671
2026-04-18T11:31:08,11.256623,-74.933662,-2.2,13.20,67.1,9,1.1,103.8,4.210,-4.2,0,1,35672
2026-04-18T11:31:37,11.257292,-74.931976,-6.5,13.69,65.1,9,1.1,103.7,4.211,-4.2,0,1,35673
2026-04-18T11:32:06,11.257960,-74.930283,-9.0,13.33,68.8,9,1.1,103.7,4.211,-4.2,0,1,35674
2026-04-18T11:32:34,11.258674,-74.928642,-6.0,13.12,62.0,10,1.0,103.7,4.210,-4.2,0,1,35675
2026-04-18T11:33:04,11.259405,-74.926933,4.0,13.63,68.7,9,1.1,103.7,4.210,-4.2,0,1,35676
2026-04-18T11:33:33,11.260152,-74.925262,3.0,13.31,62.8,9,1.1,103.5,4.211,-4.4,0,1,35677
2026-04-18T11:34:02,11.260899,-74.923584,9.0,13.72,71.0,10,1.0,103.5,4.211,-4.4,0,1,35678
2026-04-18T11:34:31,11.261606,-74.921837,10.1,14.22,65.0,9,1.1,103.8,4.210,-4.2,0,1,35679
2026-04-18T11:34:59,11.262279,-74.920227,15.7,13.76,64.8,9,1.2,103.8,4.210,-4.2,0,1,35680
2026-04-18T11:35:29,11.263001,-74.918442,15.1,13.24,65.1,10,1.0,103.8,4.210,-4.2,0,1,35681
2026-04-18T11:35:58,11.263652,-74.916763,15.7,12.50,64.6,8,1.3,103.5,4.210,-4.4,0,1,35682
2026-04-18T11:36:27,11.264397,-74.915108,22.0,13.58,65.6,9,1.1,103.7,4.210,-4.2,0,1,35683
2026-04-18T11:36:56,11.264986,-74.913475,16.9,13.09,65.4,8,1.4,103.5,4.210,-4.4,0,1,35684
2026-04-18T11:37:24,11.265746,-74.911827,18.7,15.31,67.9,9,1.1,103.8,4.210,-4.2,0,1,35685
2026-04-18T11:37:53,11.266431,-74.910149,20.8,13.43,68.4,9,1.1,103.5,4.211,-4.4,0,1,35686
2026-04-18T11:38:22,11.267219,-74.908455,24.4,12.90,63.5,9,1.1,103.7,4.213,-4.2,0,1,35687
2026-04-18T11:38:51,11.267837,-74.906708,18.4,12.45,70.7,9,1.1,103.7,4.213,-4.2,0,1,35688
2026-04-18T11:39:19,11.268603,-74.905067,22.7,13.32,66.2,9,1.1,103.5,4.211,-4.4,0,1,35689
2026-04-18T11:39:48,11.269353,-74.903366,32.3,13.63,65.9,9,1.1,103.8,4.210,-4.2,0,1,35690
2026-04-18T11:40:17,11.270056,-74.901649,37.2,13.87,67.5,9,1.1,103.5,4.210,-4.4,0,1,35691
2026-04-18T11:40:46,11.270760,-74.899902,38.6,14.26,68.8,8,1.3,103.7,4.210,-4.2,0,1,35692
2026-04-18T11:41:14,11.271425,-74.898224,39.4,13.31,64.9,9,1.1,103.7,4.210,-4.2,0,1,35693
2026-04-18T11:41:43,11.272164,-74.896500,46.0,13.67,69.1,9,1.1,103.7,4.210,-4.2,0,1,35694
2026-04-18T11:42:12,11.272875,-74.894775,49.4,13.00,66.6,9,1.1,104.0,4.210,-4.2,0,1,35695
2026-04-18T11:42:41,11.273511,-74.892975,49.9,13.93,70.7,10,1.1,103.7,4.211,-4.2,0,1,35696
2026-04-18T11:43:09,11.274226,-74.891312,49.0,14.51,68.5,9,1.1,103.5,4.211,-4.4,0,1,35697
2026-04-18T11:43:39,11.274979,-74.889488,48.1,13.35,63.7,8,1.4,103.7,4.211,-4.2,0,1,35698
2026-04-18T11:44:08,11.275630,-74.887688,46.2,14.28,66.3,9,1.1,103.8,4.211,-4.2,0,1,35699
2026-04-18T11:44:37,11.276286,-74.885880,43.4,13.85,69.7,8,1.4,103.7,4.210,-4.2,0,1,35700
2026-04-18T11:45:06,11.277020,-74.884140,41.4,13.98,69.4,8,1.3,103.5,4.211,-4.4,0,1,35701
2026-04-18T11:45:34,11.277728,-74.882431,44.2,14.11,65.4,9,1.1,103.7,4.211,-4.2,0,1,35702
2026-04-18T11:46:04,11.278421,-74.880608,47.7,13.60,66.0,8,1.3,103.7,4.209,-4.2,0,1,35703
2026-04-18T11:46:33,11.279100,-74.878799,44.7,13.24,69.5,9,1.1,103.5,4.210,-4.4,0,1,35704
2026-04-18T11:47:02,11.279799,-74.877022,37.6,12.80,66.8,8,1.3,103.7,4.211,-4.2,0,1,35705
2026-04-18T11:47:31,11.280473,-74.875206,35.0,13.70,69.9,8,1.3,103.7,4.211,-4.2,0,1,35706
2026-04-18T11:47:59,11.281150,-74.873459,34.5,13.89,69.4,9,1.1,103.7,4.213,-4.2,0,1,35707
2026-04-18T11:48:28,11.281813,-74.871666,28.2,13.80,71.0,9,1.1,103.7,4.211,-4.2,0,1,35708
2026-04-18T11:48:57,11.282481,-74.869865,25.1,13.90,65.9,8,1.3,103.7,4.210,-4.2,0,1,35709
2026-04-18T11:49:26,11.283114,-74.868095,25.3,13.56,70.9,8,1.3,103.7,4.210,-4.2,0,1,35710
2026-04-18T11:49:54,11.283743,-74.866348,27.9,14.01,68.9,8,1.3,103.8,4.211,-4.2,0,1,35711
2026-04-18T11:50:23,11.284400,-74.864563,28.7,14.06,68.5,8,1.3,103.5,4.210,-4.4,0,1,35712
2026-04-18T11:50:52,11.285060,-74.862778,27.1,14.18,71.5,8,1.3,104.0,4.210,-4.2,0,1,35713
2026-04-18T11:51:21,11.285744,-74.861023,24.9,13.58,68.1,8,1.3,103.5,4.211,-4.4,0,1,35714
2026-04-18T11:51:49,11.286397,-74.859261,23.7,15.14,71.0,8,1.1,103.7,4.211,-4.2,0,1,35715
2026-04-18T11:52:18,11.287108,-74.857529,13.4,14.10,67.3,9,1.1,103.8,4.211,-4.2,0,1,35716
2026-04-18T11:52:47,11.287892,-74.855774,12.9,13.51,65.8,9,1.3,103.7,4.210,-4.2,0,1,35717
2026-04-18T11:53:16,11.288552,-74.854027,19.9,14.91,70.6,8,1.3,103.5,4.211,-4.4,0,1,35718
2026-04-18T11:53:44,11.289318,-74.852310,26.6,14.07,64.4,9,1.1,103.5,4.211,-4.4,0,1,35719
2026-04-18T11:54:14,11.290129,-74.850533,34.2,13.44,60.0,10,1.1,103.5,4.211,-4.4,0,1,35720
2026-04-18T11:54:43,11.290881,-74.848793,32.3,14.19,66.6,10,1.1,103.5,4.210,-4.4,0,1,35721
2026-04-18T11:55:12,11.291563,-74.847015,36.2,13.98,68.4,9,1.3,103.5,4.210,2755.8,0,1,35722
2026-04-18T11:55:41,11.292289,-74.845314,15.5,13.11,67.7,9,1.1,103.5,4.209,-4.4,0,1,35723
2026-04-18T11:56:09,11.293056,-74.843597,10.0,14.81,69.5,9,1.3,103.7,4.209,-4.2,0,1,35724
2026-04-18T11:56:39,11.293952,-74.841850,26.1,14.05,63.7,9,1.1,103.4,4.211,-4.2,0,1,35725
2026-04-18T11:57:08,11.294817,-74.840103,24.6,14.05,61.9,10,1.1,103.7,4.211,-4.2,0,1,35726
2026-04-18T11:57:37,11.295642,-74.838417,28.3,13.84,63.3,9,1.3,103.7,4.211,-4.2,0,1,35727
2026-04-18T11:58:06,11.296496,-74.836746,33.5,13.20,63.8,10,1.1,103.7,4.211,-4.2,0,1,35728
2026-04-18T11:58:34,11.297281,-74.835060,34.9,14.05,63.6,10,1.1,103.7,4.211,-4.2,0,1,35729
2026-04-18T11:59:03,11.298081,-74.833328,34.1,15.21,70.1,10,1.1,103.5,4.211,-4.4,0,1,35730
2026-04-18T11:59:32,11.298987,-74.831650,40.9,12.80,64.6,10,1.1,103.5,4.210,-4.4,0,1,35731
2026-04-18T12:00:01,11.299795,-74.829948,40.7,14.13,67.0,10,1.1,103.5,4.210,-4.4,0,1,35732
2026-04-18T12:00:29,11.300487,-74.828224,34.6,13.79,67.4,9,1.3,103.5,4.210,-4.4,0,1,35733
2026-04-18T12:00:58,11.301327,-74.826477,37.5,14.51,64.8,9,1.3,103.5,4.211,-4.4,0,1,35734
2026-04-18T12:01:27,11.302112,-74.824738,47.7,14.18,69.0,9,1.2,103.7,4.210,-4.2,0,1,35735
2026-04-18T12:01:56,11.302896,-74.822968,43.7,14.36,67.3,8,1.7,103.5,4.211,-4.4,0,1,35736
2026-04-18T12:02:24,11.303646,-74.821320,44.0,13.92,59.9,8,1.6,103.8,4.210,-4.2,0,1,35737
2026-04-18T12:02:53,11.304412,-74.819534,42.5,13.83,65.0,9,1.2,103.4,4.209,-4.2,0,1,35738
2026-04-18T12:03:22,11.305177,-74.817795,40.0,12.24,61.8,8,1.6,103.4,4.211,-4.2,0,1,35739
2026-04-18T12:03:51,11.305960,-74.816025,39.1,14.25,64.7,9,1.2,103.7,4.209,-4.2,0,1,35740
2026-04-18T12:04:19,11.306706,-74.814346,34.6,15.11,59.7,9,1.2,103.5,4.211,-4.4,0,1,35741
2026-04-18T12:04:49,11.307492,-74.812538,36.2,13.89,65.7,7,1.7,103.5,4.211,-4.4,0,1,35742
2026-04-18T12:05:18,11.308287,-74.810844,35.3,13.65,64.6,7,1.7,103.5,4.211,-4.4,0,1,35743
2026-04-18T12:05:47,11.309028,-74.809036,28.4,13.78,68.6,9,1.2,103.4,4.210,-4.2,0,1,35744
2026-04-18T12:06:16,11.309821,-74.807312,33.5,14.04,62.7,8,1.3,103.7,4.213,-4.2,0,1,35745
2026-04-18T12:06:44,11.310592,-74.805664,42.4,13.58,65.1,8,1.6,103.7,4.211,-4.2,0,1,35746
2026-04-18T12:07:14,11.311420,-74.803894,37.1,13.36,63.1,8,1.6,103.7,4.211,-4.2,0,1,35747
2026-04-18T12:07:43,11.312234,-74.802155,29.9,14.17,63.1,8,1.6,103.7,4.210,-4.2,0,1,35748
2026-04-18T12:08:12,11.313100,-74.800499,40.3,14.56,64.8,8,1.6,103.7,4.210,-4.2,0,1,35749
2026-04-18T12:08:41,11.313878,-74.798805,35.2,14.48,65.9,9,1.2,103.5,4.210,-4.4,0,1,35750
2026-04-18T12:09:09,11.314695,-74.797104,29.9,14.39,61.0,8,1.5,103.5,4.211,-4.4,0,1,35751
2026-04-18T12:09:38,11.315566,-74.795433,30.0,12.98,64.7,8,1.5,103.7,4.210,-4.2,0,1,35752
2026-04-18T12:10:07,11.316397,-74.793732,34.1,13.71,63.1,8,1.5,103.8,4.211,-4.2,0,1,35753
2026-04-18T12:10:36,11.317226,-74.792000,30.0,13.53,63.8,8,1.5,103.7,4.211,-4.2,0,1,35754
2026-04-18T12:11:04,11.317993,-74.790321,33.7,15.49,66.9,7,1.6,103.7,4.211,-4.2,0,1,35755
2026-04-18T12:11:33,11.318852,-74.788589,35.4,14.09,63.8,8,1.5,103.5,4.210,-4.4,0,1,35756
2026-04-18T12:12:02,11.319638,-74.786919,39.1,13.73,64.1,7,1.5,103.8,4.210,-4.2,0,1,35757
2026-04-18T12:12:31,11.320443,-74.785187,32.6,13.84,67.4,7,1.5,103.5,4.210,-4.4,0,1,35758
2026-04-18T12:12:59,11.321218,-74.783508,26.2,14.38,64.9,6,1.6,103.4,4.211,-4.2,0,1,35759
2026-04-18T12:13:28,11.321997,-74.781792,29.6,13.37,65.2,7,1.5,103.8,4.211,-4.2,0,1,35760
2026-04-18T12:13:57,11.322746,-74.780067,35.0,14.34,63.2,8,1.5,103.7,4.210,-4.2,0,1,35761
2026-04-18T12:14:26,11.323509,-74.778336,32.0,14.02,64.6,7,1.5,103.7,4.211,-4.2,0,1,35762
2026-04-18T12:14:54,11.324280,-74.776688,32.6,13.58,67.8,6,1.5,103.5,4.210,-4.4,0,1,35763
2026-04-18T12:15:23,11.325031,-74.774963,34.5,13.88,64.1,8,1.5,103.7,4.210,-4.2,0,1,35764
2026-04-18T12:15:52,11.325822,-74.773224,23.8,13.95,66.9,7,2.9,103.7,4.210,-4.2,0,1,35765
2026-04-18T12:16:21,11.326557,-74.771484,18.0,13.50,65.6,7,2.9,103.5,4.210,-4.4,0,1,35766
2026-04-18T12:16:49,11.327268,-74.769775,17.4,13.85,66.5,8,1.4,103.5,4.210,-4.4,0,1,35767
2026-04-18T12:17:18,11.328052,-74.768059,9.7,13.86,66.7,7,2.9,103.4,4.210,-4.2,0,1,35768
2026-04-18T12:17:47,11.328816,-74.766327,4.6,13.25,71.4,8,1.4,103.5,4.211,-4.4,0,1,35769
2026-04-18T12:18:16,11.329546,-74.764626,5.4,13.65,63.5,7,2.8,103.7,4.211,-4.2,0,1,35770
2026-04-18T12:18:44,11.330236,-74.762947,1.4,12.49,71.7,8,1.4,103.5,4.211,-4.4,0,1,35771
2026-04-18T12:19:13,11.330995,-74.761246,-8.1,13.32,65.6,7,2.8,103.7,4.211,-4.2,0,1,35772
2026-04-18T12:19:42,11.331797,-74.759590,-9.6,12.78,64.0,7,2.8,103.7,4.209,-4.2,0,1,35773
2026-04-18T12:20:11,11.332633,-74.757858,-12.6,12.60,64.5,7,2.8,103.8,4.211,-4.2,0,1,35774
2026-04-18T12:20:39,11.333379,-74.756195,-8.1,14.23,68.2,8,2.5,103.5,4.211,-4.4,0,1,35775
2026-04-18T12:21:08,11.334122,-74.754517,-7.7,14.34,68.8,8,2.5,103.2,4.210,-4.2,0,1,35776
2026-04-18T12:21:37,11.334877,-74.752831,-9.0,13.29,70.2,7,2.8,103.5,4.210,-4.4,0,1,35777
2026-04-18T12:22:06,11.335629,-74.751144,0.3,13.46,65.6,8,2.5,103.7,4.210,-4.2,0,1,35778
2026-04-18T12:22:34,11.336443,-74.749527,-7.7,13.51,65.2,8,2.4,103.7,4.211,-4.2,0,1,35779
2026-04-18T12:23:03,11.337167,-74.747833,-4.4,12.85,68.3,8,2.4,103.5,4.210,-4.4,0,1,35780
2026-04-18T12:23:32,11.337918,-74.746201,-2.7,13.00,64.1,7,2.7,103.7,4.211,-4.2,0,1,35781
2026-04-18T12:24:01,11.338760,-74.744469,-5.9,13.89,66.7,8,2.4,103.7,4.213,-4.2,0,1,35782
2026-04-18T12:24:29,11.339414,-74.742897,-7.2,13.29,66.2,8,2.3,103.5,4.211,-4.4,0,1,35783
2026-04-18T12:24:58,11.340157,-74.741272,-2.7,12.92,66.1,8,2.3,103.7,4.209,-4.2,0,1,35784
2026-04-18T12:25:27,11.341035,-74.739586,-3.3,13.00,64.9,8,2.3,103.5,4.210,-4.4,0,1,35785
2026-04-18T12:25:56,11.341872,-74.737839,-3.0,15.20,62.7,8,2.3,103.7,4.211,-4.2,0,1,35786
2026-04-18T12:26:24,11.342668,-74.736275,3.8,13.95,61.9,8,2.3,103.5,4.210,-4.4,0,1,35787
2026-04-18T12:26:53,11.343486,-74.734695,11.0,13.48,63.4,8,2.3,103.5,4.211,-4.4,0,1,35788
2026-04-18T12:27:22,11.344055,-74.733009,14.9,13.43,71.5,8,2.2,103.5,4.210,-4.4,0,1,35789
2026-04-18T12:27:51,11.344846,-74.731339,13.3,12.78,66.2,8,2.2,103.5,4.213,-4.4,0,1,35790
2026-04-18T12:28:19,11.345592,-74.729713,13.4,13.35,66.8,8,2.2,103.7,4.210,-4.2,0,1,35791
2026-04-18T12:28:48,11.346406,-74.728035,10.7,13.48,63.5,8,2.2,103.5,4.211,-4.4,0,1,35792
2026-04-18T12:29:17,11.347198,-74.726372,18.9,12.48,66.2,8,2.2,103.7,4.210,-4.2,0,1,35793
2026-04-18T12:29:46,11.348001,-74.724716,16.7,14.08,70.3,8,2.2,103.5,4.210,-4.4,0,1,35794
2026-04-18T12:30:14,11.348670,-74.723068,13.6,12.75,71.6,8,2.1,103.5,4.210,-4.4,0,1,35795
2026-04-18T12:30:43,11.349457,-74.721390,9.0,13.49,62.7,8,2.1,103.5,4.211,-4.4,0,1,35796
2026-04-18T12:31:12,11.350259,-74.719727,7.2,12.90,62.9,8,2.1,103.7,4.210,-4.2,0,1,35797
2026-04-18T12:31:41,11.350988,-74.718033,7.5,13.36,66.1,8,2.1,103.4,4.210,-4.2,0,1,35798
2026-04-18T12:32:09,11.351748,-74.716423,8.5,13.60,64.5,8,2.1,103.5,4.210,-4.4,0,1,35799
2026-04-18T12:32:38,11.352512,-74.714806,10.4,12.73,63.3,8,2.1,103.7,4.211,-4.2,0,1,35800
2026-04-18T12:33:07,11.353295,-74.713104,15.3,12.85,66.0,8,2.0,103.5,4.210,-4.4,0,1,35801
2026-04-18T12:33:36,11.354072,-74.711472,18.3,12.67,65.0,8,2.0,103.5,4.211,-4.4,0,1,35802
2026-04-18T12:34:04,11.354814,-74.709915,30.7,12.66,66.4,8,2.0,103.7,4.209,-4.2,0,1,35803
2026-04-18T12:34:33,11.355541,-74.708267,29.7,12.97,65.6,8,1.6,103.5,4.211,-4.4,0,1,35804
2026-04-18T12:35:02,11.356243,-74.706627,25.0,12.95,65.5,9,1.5,103.7,4.211,-4.2,0,1,35805
2026-04-18T12:35:31,11.357020,-74.705025,23.9,12.51,63.0,8,1.6,103.5,4.211,-4.4,0,1,35806
2026-04-18T12:35:59,11.357730,-74.703453,25.6,12.86,65.2,9,1.5,103.7,4.210,-4.2,0,1,35807
2026-04-18T12:36:28,11.358477,-74.701813,27.0,12.97,64.6,9,1.5,104.0,4.211,-4.2,0,1,35808
2026-04-18T12:36:57,11.359270,-74.700195,35.1,13.08,66.4,9,1.5,103.7,4.211,-4.2,0,1,35809
2026-04-18T12:37:26,11.360040,-74.698593,34.7,13.40,63.5,9,1.5,103.8,4.210,-4.2,0,1,35810
2026-04-18T12:37:54,11.360760,-74.697006,32.8,12.97,65.7,8,1.6,103.7,4.210,-4.2,0,1,35811
2026-04-18T12:38:23,11.361506,-74.695366,30.2,12.82,66.5,8,1.6,103.7,4.210,-4.2,0,1,35812
2026-04-18T12:38:52,11.362258,-74.693756,34.9,13.01,65.0,8,1.6,103.7,4.210,-4.2,0,1,35813
2026-04-18T12:39:21,11.363057,-74.692131,35.5,12.87,60.3,8,1.6,103.7,4.210,-4.2,0,1,35814
2026-04-18T12:39:49,11.363791,-74.690552,36.4,13.19,63.1,8,1.6,103.4,4.211,-4.2,0,1,35815
2026-04-18T12:40:18,11.364515,-74.688942,35.2,13.39,63.6,9,1.5,103.8,4.210,-4.2,0,1,35816
2026-04-18T12:40:47,11.365210,-74.687302,30.4,13.08,65.2,9,1.5,103.7,4.210,-4.2,0,1,35817
2026-04-18T12:41:16,11.365938,-74.685623,30.4,13.65,65.7,9,1.5,103.7,4.210,-4.2,0,1,35818
2026-04-18T12:41:44,11.366602,-74.684067,21.4,12.72,63.8,9,1.5,103.5,4.211,-4.4,0,1,35819
2026-04-18T12:42:13,11.367317,-74.682449,13.4,13.32,63.7,9,1.5,103.5,4.210,-4.4,0,1,35820
2026-04-18T12:42:42,11.368050,-74.680809,11.8,13.34,65.8,9,1.5,103.4,4.209,-4.2,0,1,35821
2026-04-18T12:43:11,11.368820,-74.679199,9.4,12.48,65.3,9,1.5,103.5,4.211,-4.4,0,1,35822
2026-04-18T12:43:40,11.369488,-74.677574,4.3,12.86,66.4,9,1.5,103.7,4.209,-4.2,0,1,35823
2026-04-18T12:44:09,11.370234,-74.675926,3.2,13.15,65.8,9,1.5,103.5,4.211,-4.4,0,1,35824
2026-04-18T12:44:38,11.370878,-74.674271,-5.3,13.10,66.6,8,1.6,104.0,4.211,-4.2,0,1,35825
2026-04-18T12:45:07,11.371720,-74.672676,1.6,12.93,64.2,8,1.6,103.5,4.211,2755.8,0,1,35826
2026-04-18T12:45:36,11.372410,-74.670982,-3.4,13.51,65.9,8,1.6,103.7,4.211,-4.2,0,1,35827
2026-04-18T12:46:04,11.373010,-74.669426,-12.9,13.39,63.8,8,1.6,103.5,4.211,-4.4,0,1,35828
2026-04-18T12:46:33,11.373736,-74.667747,-21.0,13.45,66.9,8,1.6,103.7,4.210,-4.2,0,1,35829
2026-04-18T12:47:02,11.374558,-74.666115,-13.7,13.92,64.4,8,1.6,103.4,4.210,-4.2,0,1,35830
2026-04-18T12:47:31,11.375291,-74.664490,-14.5,13.41,68.0,8,1.6,103.5,4.211,-4.4,0,1,35831
2026-04-18T12:47:59,11.375951,-74.662933,-18.4,13.21,64.2,7,1.6,103.8,4.211,-4.2,0,1,35832
2026-04-18T12:48:28,11.376779,-74.661308,-13.6,13.19,61.9,8,1.6,103.5,4.210,-4.4,0,1,35833
2026-04-18T12:48:57,11.377580,-74.659683,-13.3,13.50,67.2,8,1.6,103.7,4.211,-4.2,0,1,35834
2026-04-18T12:49:26,11.378428,-74.658058,-13.1,12.82,65.1,9,1.5,103.5,4.210,-4.4,0,1,35835
2026-04-18T12:49:54,11.379307,-74.656479,2.9,12.93,62.5,9,1.5,103.7,4.211,-4.2,0,1,35836
2026-04-18T12:50:23,11.379992,-74.654846,1.7,13.16,66.7,9,1.5,103.7,4.211,-4.2,0,1,35837
2026-04-18T12:50:52,11.380866,-74.653221,14.0,13.27,60.1,9,1.5,103.5,4.210,-4.4,0,1,35838
2026-04-18T12:51:21,11.381640,-74.651634,15.1,13.28,64.7,9,1.5,103.8,4.210,-4.2,0,1,35839
2026-04-18T12:51:49,11.382379,-74.650040,13.2,13.65,60.9,8,1.5,103.4,4.213,-4.2,0,1,35840
2026-04-18T12:52:18,11.383117,-74.648407,10.3,13.22,66.3,9,1.5,103.5,4.211,-4.4,0,1,35841
2026-04-18T12:52:47,11.383912,-74.646767,18.9,13.27,65.1,9,1.5,103.7,4.210,-4.2,0,1,35842
2026-04-18T12:53:16,11.384640,-74.645142,13.3,13.66,66.8,9,1.5,103.5,4.210,-4.4,0,1,35843
2026-04-18T12:53:44,11.385334,-74.643562,7.3,14.79,62.9,8,1.9,103.4,4.210,-4.2,0,1,35844
2026-04-18T12:54:13,11.386055,-74.641899,4.8,13.50,63.6,9,1.5,103.4,4.210,-4.2,0,1,35845
2026-04-18T12:54:42,11.386729,-74.640266,1.6,12.62,65.2,9,1.5,103.5,4.211,-4.4,0,1,35846
2026-04-18T12:55:11,11.387477,-74.638596,11.2,13.35,65.2,9,1.5,103.8,4.211,-4.2,0,1,35847
2026-04-18T12:55:39,11.388195,-74.637001,17.2,13.63,64.8,10,1.2,103.4,4.210,-4.2,0,1,35848
2026-04-18T12:56:09,11.388968,-74.635323,24.4,13.16,66.6,10,1.2,103.7,4.213,-4.2,0,1,35849
2026-04-18T12:56:38,11.389738,-74.633728,22.4,13.23,65.2,10,1.2,103.7,4.210,-4.2,0,1,35850
2026-04-18T12:57:07,11.390486,-74.632118,15.6,12.03,64.7,10,1.2,103.7,4.211,-4.2,0,1,35851
2026-04-18T12:57:36,11.391283,-74.630432,12.8,12.97,64.5,10,1.2,103.7,4.209,-4.2,0,1,35852
2026-04-18T12:58:04,11.391998,-74.628853,12.1,14.74,62.3,10,1.2,103.4,4.210,-4.2,0,1,35853
2026-04-18T12:58:33,11.392746,-74.627235,13.4,11.86,65.1,10,1.2,103.7,4.209,-4.2,0,1,35854
2026-04-18T12:59:02,11.393451,-74.625557,12.8,13.01,66.7,10,1.2,103.5,4.211,-4.4,0,1,35855
2026-04-18T12:59:31,11.394201,-74.623901,10.9,13.89,63.0,11,1.1,103.7,4.211,-4.2,0,1,35856
2026-04-18T12:59:59,11.394904,-74.622337,7.0,12.15,67.4,10,1.2,103.5,4.211,-4.4,0,1,35857
2026-04-18T13:00:28,11.395674,-74.620651,8.5,13.75,65.1,10,1.2,103.5,4.209,-4.4,0,1,35858
2026-04-18T13:00:57,11.396374,-74.619011,2.2,13.73,63.9,11,1.1,103.4,4.210,-4.2,0,1,35859
2026-04-18T13:01:26,11.397147,-74.617348,8.1,13.47,67.0,11,1.1,103.5,4.213,-4.4,0,1,35860
2026-04-18T13:01:54,11.397865,-74.615761,9.0,13.64,72.4,11,1.1,103.5,4.210,-4.4,0,1,35861
2026-04-18T13:02:23,11.398657,-74.614113,10.2,13.98,66.6,11,1.1,103.5,4.211,-4.4,0,1,35862
2026-04-18T13:02:52,11.399490,-74.612488,5.7,13.99,66.8,11,1.1,103.5,4.210,-4.4,0,1,35863
2026-04-18T13:03:21,11.400287,-74.610870,3.1,13.68,62.2,11,1.1,103.7,4.210,-4.2,0,1,35864
2026-04-18T13:03:50,11.401100,-74.609261,-2.0,14.12,62.8,11,1.1,103.4,4.210,-4.2,0,1,35865
2026-04-18T13:04:19,11.401805,-74.607613,-1.4,11.80,71.4,11,1.1,103.5,4.210,-4.4,0,1,35866
2026-04-18T13:04:48,11.402565,-74.605965,0.2,12.68,64.5,11,1.1,103.5,4.211,-4.4,0,1,35867
2026-04-18T13:05:17,11.403285,-74.604355,2.5,13.08,60.2,11,1.1,103.7,4.210,-4.2,0,1,35868
2026-04-18T13:05:46,11.404016,-74.602737,-0.4,14.28,62.4,10,1.2,103.4,4.210,-4.2,0,1,35869
2026-04-18T13:06:14,11.404737,-74.601173,-2.3,12.66,64.7,11,1.1,103.5,4.210,-4.4,0,1,35870
2026-04-18T13:06:43,11.405440,-74.599533,1.8,13.34,64.9,10,1.1,103.5,4.211,-4.4,0,1,35871
2026-04-18T13:07:12,11.406261,-74.597931,-1.1,13.32,64.5,11,1.1,103.7,4.210,-4.2,0,1,35872
2026-04-18T13:07:41,11.407035,-74.596321,-2.1,13.53,64.0,11,1.1,103.4,4.210,-4.2,0,1,35873
2026-04-18T13:08:09,11.407748,-74.594742,-10.6,12.68,62.9,11,1.1,103.4,4.210,-4.2,0,1,35874
2026-04-18T13:08:38,11.408489,-74.593132,-9.2,12.10,63.3,11,1.1,103.5,4.210,-4.4,0,1,35875
2026-04-18T13:09:07,11.409222,-74.591484,-4.2,13.59,66.6,11,1.1,103.4,4.210,-4.2,0,1,35876
2026-04-18T13:09:36,11.409988,-74.589844,2.6,12.30,62.0,11,1.1,103.8,4.210,-4.2,0,1,35877
2026-04-18T13:10:04,11.410753,-74.588242,0.6,13.15,63.8,11,1.1,103.7,4.210,-4.2,0,1,35878
2026-04-18T13:10:33,11.411512,-74.586594,8.0,12.99,62.8,11,1.1,103.8,4.211,-4.2,0,1,35879
2026-04-18T13:11:02,11.412240,-74.584923,6.6,12.34,67.1,11,1.1,103.7,4.213,-4.2,0,1,35880
2026-04-18T13:11:31,11.413027,-74.583298,10.3,12.10,61.6,11,1.1,103.4,4.210,-4.2,0,1,35881
2026-04-18T13:11:59,11.413732,-74.581635,5.2,14.75,64.2,11,1.1,103.5,4.210,-4.4,0,1,35882
2026-04-18T13:12:28,11.414483,-74.579971,7.8,13.46,58.8,11,1.1,103.7,4.210,-4.2,0,1,35883
2026-04-18T13:12:57,11.415257,-74.578285,16.7,14.04,62.2,10,1.2,103.2,4.210,-4.2,0,1,35884
2026-04-18T13:13:26,11.416124,-74.576675,17.3,11.81,70.8,10,1.1,103.5,4.210,-4.4,0,1,35885
2026-04-18T13:13:54,11.416889,-74.575058,21.4,13.20,63.8,11,1.1,103.5,4.211,-4.4,0,1,35886
2026-04-18T13:14:23,11.417629,-74.573395,24.9,13.21,62.7,11,1.1,103.4,4.209,-4.2,0,1,35887
2026-04-18T13:14:52,11.418433,-74.571732,22.9,14.04,59.8,11,1.1,103.7,4.209,-4.2,0,1,35888
2026-04-18T13:15:21,11.419194,-74.570053,14.7,12.45,62.1,11,1.1,103.8,4.210,-4.2,0,1,35889
2026-04-18T13:15:50,11.419902,-74.568413,12.3,12.90,70.0,12,1.1,103.5,4.211,-4.4,0,1,35890
2026-04-18T13:16:19,11.420691,-74.566750,13.9,13.15,65.8,12,1.1,103.7,4.210,-4.2,0,1,35891
2026-04-18T13:16:48,11.421452,-74.565071,11.5,13.80,65.0,11,1.2,103.7,4.210,-4.2,0,1,35892
2026-04-18T13:17:17,11.422250,-74.563446,18.0,13.30,67.2,11,1.1,103.4,4.210,-4.2,0,1,35893
2026-04-18T13:17:46,11.423006,-74.561760,16.0,14.64,60.6,11,1.2,103.5,4.210,-4.4,0,1,35894
2026-04-18T13:18:15,11.423748,-74.560081,18.3,12.61,60.6,12,1.1,103.4,4.210,-4.2,0,1,35895
2026-04-18T13:18:44,11.424533,-74.558411,24.1,13.38,63.4,11,1.2,103.5,4.210,-4.4,0,1,35896
2026-04-18T13:19:13,11.425273,-74.556717,20.1,13.44,68.6,11,1.2,103.5,4.210,-4.4,0,1,35897
2026-04-18T13:19:42,11.426099,-74.555008,25.8,13.39,68.1,10,1.5,103.4,4.209,-4.2,0,1,35898
2026-04-18T13:20:11,11.426791,-74.553291,21.9,13.92,59.4,11,1.2,103.5,4.211,-4.4,0,1,35899
2026-04-18T13:20:39,11.427511,-74.551620,29.9,14.09,69.2,11,1.2,103.5,4.210,-4.4,0,1,35900
2026-04-18T13:21:08,11.428308,-74.549942,25.9,13.29,63.8,11,1.2,103.7,4.210,-4.2,0,1,35901
2026-04-18T13:21:37,11.429048,-74.548256,22.1,13.63,68.2,10,1.5,103.8,4.211,-4.2,0,1,35902
2026-04-18T13:22:06,11.429828,-74.546570,20.0,13.92,64.1,10,1.5,103.5,4.211,-4.4,0,1,35903
2026-04-18T13:22:34,11.430570,-74.544952,17.9,13.06,67.4,11,1.2,103.5,4.210,-4.4,0,1,35904
2026-04-18T13:23:03,11.431338,-74.543251,13.7,14.13,66.0,10,1.5,103.7,4.211,-4.2,0,1,35905
2026-04-18T13:23:32,11.432123,-74.541580,13.9,13.53,65.0,11,1.2,103.7,4.210,-4.2,0,1,35906
2026-04-18T13:24:01,11.432900,-74.539894,11.7,13.47,65.2,10,1.5,103.4,4.211,-4.2,0,1,35907
2026-04-18T13:24:29,11.433599,-74.538269,6.2,12.98,64.9,11,1.2,103.4,4.213,-4.2,0,1,35908
2026-04-18T13:24:58,11.434390,-74.536560,6.7,13.78,65.0,11,1.2,103.5,4.210,-4.4,0,1,35909
2026-04-18T13:25:27,11.435217,-74.534897,1.3,14.34,65.9,11,1.2,103.5,4.210,-4.4,0,1,35910
2026-04-18T13:25:56,11.435952,-74.533203,0.5,14.33,68.8,9,1.5,103.5,4.210,-4.4,0,1,35911
2026-04-18T13:26:24,11.436647,-74.531555,-0.8,13.10,66.5,9,1.6,103.4,4.210,-4.2,0,1,35912
2026-04-18T13:26:53,11.437378,-74.529854,1.6,13.96,69.3,11,1.1,103.7,4.210,-4.2,0,1,35913
2026-04-18T13:27:22,11.438238,-74.528175,6.7,13.79,64.4,10,1.2,103.4,4.210,-4.2,0,1,35914
2026-04-18T13:27:51,11.439060,-74.526505,13.0,13.56,62.2,9,1.6,103.4,4.209,-4.2,0,1,35915
2026-04-18T13:28:19,11.439758,-74.524849,18.1,13.12,71.0,8,1.8,103.5,4.211,-4.4,0,1,35916
2026-04-18T13:28:48,11.440677,-74.523148,35.8,13.91,63.4,9,1.4,103.7,4.210,-4.2,0,1,35917
2026-04-18T13:29:17,11.441457,-74.521507,42.4,13.68,65.8,9,1.4,103.5,4.210,-4.4,0,1,35918
2026-04-18T13:29:46,11.442214,-74.519783,49.8,14.92,64.4,10,1.1,103.5,4.211,-4.4,0,1,35919
2026-04-18T13:30:14,11.442988,-74.518196,49.7,14.07,64.4,9,1.4,103.7,4.209,-4.2,0,1,35920
2026-04-18T13:30:43,11.443728,-74.516541,45.2,13.71,67.3,9,1.4,103.5,4.211,-4.4,0,1,35921
2026-04-18T13:31:12,11.444506,-74.514908,40.9,13.29,64.8,10,1.3,103.5,4.210,-4.4,0,1,35922
2026-04-18T13:31:41,11.445282,-74.513245,38.4,12.86,61.7,9,1.3,103.8,4.207,-4.2,0,1,35923
2026-04-18T13:32:09,11.446040,-74.511620,40.7,13.89,65.8,9,1.3,103.7,4.207,-4.2,0,1,35924
2026-04-18T13:32:39,11.446898,-74.509918,44.3,13.86,62.6,8,1.9,103.4,4.211,-4.2,0,1,35925
2026-04-18T13:33:08,11.447667,-74.508278,36.8,13.74,61.7,10,1.1,103.5,4.210,-4.4,0,1,35926
2026-04-18T13:33:37,11.448502,-74.506554,44.1,13.05,64.1,9,1.3,103.5,4.211,-4.4,0,1,35927
2026-04-18T13:34:06,11.449195,-74.504829,27.6,13.52,68.1,8,1.9,103.4,4.211,-4.2,0,1,35928
2026-04-18T13:34:34,11.449950,-74.503220,33.9,13.21,60.4,9,1.3,103.7,4.210,2760.2,0,1,35929
2026-04-18T13:35:03,11.450695,-74.501526,32.5,13.18,66.7,9,1.3,103.4,4.209,-4.2,0,1,35930
2026-04-18T13:35:32,11.451485,-74.499863,31.7,13.68,63.0,10,1.1,103.5,4.209,-4.4,0,1,35931
2026-04-18T13:36:01,11.452305,-74.498192,20.5,14.01,65.8,9,1.3,103.4,4.210,-4.2,0,1,35932
2026-04-18T13:36:29,11.453045,-74.496643,12.1,13.38,63.8,9,1.3,103.7,4.211,-4.2,0,1,35933
2026-04-18T13:36:58,11.453742,-74.494904,17.9,13.60,67.8,9,1.3,103.7,4.209,-4.2,0,1,35934
2026-04-18T13:37:27,11.454525,-74.493210,16.5,12.86,64.1,8,2.0,103.7,4.210,-4.2,0,1,35935
2026-04-18T13:37:56,11.455318,-74.491470,18.9,14.72,61.3,8,2.0,103.5,4.210,-4.4,0,1,35936
2026-04-18T13:38:24,11.456076,-74.489815,10.2,12.99,61.8,8,2.0,103.5,4.211,-4.4,0,1,35937
2026-04-18T13:38:53,11.456783,-74.488022,4.4,14.15,64.6,8,2.0,103.5,4.210,-4.4,0,1,35938
2026-04-18T13:39:22,11.457532,-74.486275,5.6,14.33,61.7,8,1.3,103.5,4.209,-4.4,0,1,35939
2026-04-18T13:39:51,11.458332,-74.484627,1.7,14.30,59.8,8,2.0,103.5,4.210,-4.4,0,1,35940
2026-04-18T13:40:20,11.459104,-74.482895,-0.4,13.93,57.7,7,2.0,103.5,4.209,-4.4,0,1,35941
2026-04-18T13:40:49,11.459907,-74.481163,-0.9,14.20,63.5,7,2.0,103.7,4.210,-4.2,0,1,35942
2026-04-18T13:41:18,11.460751,-74.479485,-4.8,14.56,64.6,8,2.0,103.4,4.210,-4.2,0,1,35943
2026-04-18T13:41:47,11.461450,-74.477737,0.4,15.32,67.0,7,2.0,103.5,4.210,-4.4,0,1,35944
2026-04-18T13:42:16,11.462281,-74.476006,8.0,13.71,65.3,9,1.3,103.5,4.210,-4.4,0,1,35945
2026-04-18T13:42:45,11.463078,-74.474373,-1.1,13.50,56.5,8,2.0,103.5,4.211,-4.4,0,1,35946
2026-04-18T13:43:14,11.463874,-74.472679,-12.0,14.93,64.5,8,2.0,103.2,4.211,-4.2,0,1,35947
2026-04-18T13:43:43,11.464697,-74.470985,-9.1,14.01,62.3,7,2.1,103.7,4.211,-4.2,0,1,35948
2026-04-18T13:44:12,11.465442,-74.469269,-4.6,13.81,67.0,7,2.1,103.4,4.211,-4.2,0,1,35949
2026-04-18T13:44:41,11.466338,-74.467636,-1.0,13.90,59.8,7,2.1,103.7,4.210,-4.2,0,1,35950
2026-04-18T13:45:10,11.467118,-74.465904,-3.0,14.33,63.9,6,2.1,103.7,4.211,-4.2,0,1,35951
2026-04-18T13:45:39,11.467908,-74.464165,-4.3,14.59,62.3,7,1.8,103.5,4.211,-4.4,0,1,35952
2026-04-18T13:46:08,11.468666,-74.462440,-5.1,14.12,63.9,6,2.1,103.5,4.211,-4.4,0,1,35953
2026-04-18T13:46:37,11.469488,-74.460732,-0.1,14.61,61.1,6,2.1,103.5,4.210,-4.4,0,1,35954
2026-04-18T13:47:06,11.470274,-74.458992,0.0,14.94,62.5,7,1.8,103.5,4.210,-4.4,0,1,35955
2026-04-18T13:47:35,11.471066,-74.457283,0.5,13.79,65.0,6,2.1,103.5,4.210,-4.4,0,1,35956
2026-04-18T13:48:04,11.471865,-74.455559,2.3,13.61,60.3,6,2.1,103.5,4.211,-4.4,0,1,35957
2026-04-18T13:48:33,11.472688,-74.453865,5.5,13.32,70.2,6,2.1,103.5,4.210,-4.4,0,1,35958
2026-04-18T13:49:02,11.473307,-74.452080,14.5,13.98,61.2,7,1.8,103.4,4.210,-4.2,0,1,35959
2026-04-18T13:49:31,11.474335,-74.450455,20.9,14.14,58.8,6,2.1,103.4,4.210,-4.2,0,1,35960
2026-04-18T13:49:59,11.475120,-74.448799,21.1,13.91,66.2,6,2.2,103.5,4.211,-4.4,0,1,35961
2026-04-18T13:50:28,11.475914,-74.447090,16.2,13.22,60.7,6,2.2,103.4,4.210,-4.2,0,1,35962
2026-04-18T13:50:57,11.476718,-74.445366,7.8,14.00,64.8,6,2.1,103.4,4.209,-4.2,0,1,35963
2026-04-18T13:51:26,11.477494,-74.443649,7.0,15.09,69.3,7,1.8,103.5,4.209,-4.4,0,1,35964
2026-04-18T13:51:55,11.478314,-74.441910,8.2,14.38,61.0,6,2.1,103.5,4.209,-4.4,0,1,35965
2026-04-18T13:52:24,11.479100,-74.440125,13.0,15.43,63.4,6,2.1,103.5,4.210,-4.4,0,1,35966
2026-04-18T13:52:53,11.479893,-74.438416,14.3,13.41,64.8,6,2.1,103.2,4.211,2747.5,0,1,35967
2026-04-18T13:53:22,11.480659,-74.436676,13.5,14.18,65.0,6,2.1,103.7,4.211,-4.2,0,1,35968
2026-04-18T13:53:51,11.481534,-74.434982,12.4,14.39,62.4,6,2.1,103.5,4.211,-4.4,0,1,35969
2026-04-18T13:54:20,11.482403,-74.433350,11.2,13.31,67.6,6,2.1,103.8,4.213,-4.2,0,1,35970
2026-04-18T13:54:49,11.483171,-74.431641,0.4,13.27,64.8,7,1.8,103.5,4.211,-4.4,0,1,35971
2026-04-18T13:55:18,11.483933,-74.430023,-32.4,14.09,62.2,8,1.8,103.7,4.211,-4.2,0,1,35972
2026-04-18T13:55:47,11.484817,-74.428291,-19.4,13.86,65.4,9,1.8,103.5,4.210,-4.4,0,1,35973
2026-04-18T13:56:16,11.485703,-74.426598,-22.9,13.50,59.5,9,1.8,103.5,4.210,-4.4,0,1,35974
2026-04-18T13:56:45,11.486440,-74.424835,-19.4,14.25,65.9,9,1.8,103.4,4.211,-4.2,0,1,35975
2026-04-18T13:57:14,11.487188,-74.423042,-1.2,13.72,63.7,7,2.7,103.5,4.210,-4.4,0,1,35976
2026-04-18T13:57:43,11.487968,-74.421333,-3.9,14.01,65.3,9,2.0,103.7,4.209,-4.2,0,1,35977
2026-04-18T13:58:12,11.488791,-74.419632,-8.9,13.64,64.9,9,2.0,103.5,4.209,-4.4,0,1,35978
2026-04-18T13:58:41,11.489532,-74.417885,-7.7,13.65,61.9,9,1.8,103.5,4.211,-4.4,0,1,35979
2026-04-18T13:59:10,11.490394,-74.416176,-8.8,13.76,68.9,9,1.8,103.8,4.210,-4.2,0,1,35980
2026-04-18T13:59:39,11.491158,-74.414459,-16.7,14.24,67.4,9,1.8,103.4,4.210,-4.2,0,1,35981
2026-04-18T14:00:08,11.491883,-74.412682,-4.7,13.98,66.1,9,1.8,103.5,4.210,-4.4,0,1,35982
2026-04-18T14:00:37,11.492687,-74.410995,-6.7,13.65,66.9,9,1.7,103.5,4.210,-4.4,0,1,35983
2026-04-18T14:01:06,11.493497,-74.409286,-7.2,17.27,69.8,9,1.7,103.5,4.209,-4.4,0,1,35984
2026-04-18T14:01:35,11.494208,-74.407524,-7.7,13.58,65.5,10,1.6,103.7,4.213,-4.2,0,1,35985
2026-04-18T14:02:04,11.494998,-74.405746,-5.3,13.85,63.0,10,1.6,103.5,4.211,-4.4,0,1,35986
2026-04-18T14:02:33,11.495769,-74.404030,-3.3,14.18,67.0,10,1.6,103.4,4.211,-4.2,0,1,35987
2026-04-18T14:03:02,11.496698,-74.402321,1.0,13.17,61.1,10,1.6,103.5,4.211,-4.4,0,1,35988
2026-04-18T14:03:31,11.497510,-74.400543,1.2,13.46,65.5,10,1.6,103.7,4.211,-4.2,0,1,35989
2026-04-18T14:04:00,11.498342,-74.398788,4.3,13.81,66.3,10,1.6,103.8,4.210,-4.2,0,1,35990
2026-04-18T14:04:29,11.499206,-74.397049,12.3,13.97,63.7,10,1.6,103.8,4.210,-4.2,0,1,35991
2026-04-18T14:04:58,11.499972,-74.395302,18.0,14.36,66.1,9,1.8,103.4,4.209,-4.2,0,1,35992
2026-04-18T14:05:27,11.500710,-74.393570,7.7,14.17,65.7,9,1.8,103.5,4.211,-4.4,0,1,35993
2026-04-18T14:05:56,11.501369,-74.391823,0.1,12.69,70.9,10,1.6,103.7,4.211,-4.2,0,1,35994
2026-04-18T14:06:25,11.502238,-74.390198,-3.5,13.19,68.7,10,1.6,103.7,4.210,-4.2,0,1,35995
2026-04-18T14:06:54,11.502974,-74.388458,-1.3,13.30,60.7,10,1.6,103.5,4.209,-4.4,0,1,35996
2026-04-18T14:07:23,11.503726,-74.386772,3.1,13.80,65.4,9,1.8,103.5,4.211,-4.4,0,1,35997
2026-04-18T14:07:52,11.504561,-74.385124,7.5,13.80,58.7,9,1.8,103.5,4.210,-4.4,0,1,35998
2026-04-18T14:08:21,11.505272,-74.383301,11.4,14.90,66.9,9,1.8,103.7,4.210,-4.2,0,1,35999
2026-04-18T14:08:49,11.506046,-74.381660,19.1,13.81,67.7,10,1.6,103.5,4.209,-4.4,0,1,36000
2026-04-18T14:09:18,11.506788,-74.379974,12.2,14.18,60.1,10,1.6,103.5,4.211,-4.4,0,1,36001
2026-04-18T14:09:47,11.507597,-74.378288,18.6,15.46,60.7,10,1.6,103.7,4.211,-4.2,0,1,36002
2026-04-18T14:10:16,11.508270,-74.376526,6.3,15.02,65.4,10,1.6,103.5,4.211,-4.4,0,1,36003
2026-04-18T14:10:45,11.509020,-74.374802,-1.6,13.46,63.2,11,1.1,103.5,4.211,-4.4,0,1,36004
2026-04-18T14:11:14,11.509850,-74.373138,3.3,13.42,62.0,10,1.6,103.7,4.210,-4.2,0,1,36005
2026-04-18T14:11:43,11.510643,-74.371361,-4.9,14.88,65.5,11,1.1,103.7,4.210,-4.2,0,1,36006
2026-04-18T14:12:12,11.511378,-74.369690,-6.1,13.70,64.8,10,1.6,103.7,4.211,-4.2,0,1,36007
2026-04-18T14:12:41,11.512220,-74.368004,-7.1,14.11,62.1,11,1.1,103.7,4.210,-4.2,0,1,36008
2026-04-18T14:13:10,11.513072,-74.366272,-2.2,13.38,62.5,10,1.5,103.5,4.210,-4.4,0,1,36009
2026-04-18T14:13:39,11.513794,-74.364510,-9.6,13.87,64.5,11,1.1,103.4,4.209,-4.2,0,1,36010
2026-04-18T14:14:08,11.514619,-74.362793,-10.8,13.71,64.4,10,1.5,103.8,4.211,-4.2,0,1,36011
2026-04-18T14:14:37,11.515333,-74.361092,-5.4,14.02,67.9,11,1.1,103.5,4.209,-4.4,0,1,36012
2026-04-18T14:15:06,11.516147,-74.359383,-6.9,13.97,60.9,10,1.5,103.7,4.211,-4.2,0,1,36013
2026-04-18T14:15:35,11.516950,-74.357704,-10.4,13.09,67.5,10,1.5,103.4,4.210,-4.2,0,1,36014
2026-04-18T14:16:04,11.517703,-74.355965,-13.0,14.36,67.2,9,1.6,103.5,4.210,-4.4,0,1,36015
2026-04-18T14:16:33,11.518526,-74.354218,-17.3,13.99,63.4,9,1.6,103.5,4.210,-4.4,0,1,36016
2026-04-18T14:17:02,11.519281,-74.352516,-27.4,12.87,64.7,10,1.2,103.5,4.209,-4.4,0,1,36017
2026-04-18T14:17:31,11.520026,-74.350769,-20.0,14.25,66.8,9,1.6,103.5,4.209,-4.4,0,1,36018
2026-04-18T14:18:00,11.520885,-74.349098,-17.1,13.30,67.6,9,1.6,103.2,4.209,-4.2,0,1,36019
2026-04-18T14:18:29,11.521725,-74.347420,-18.6,12.53,60.5,9,1.6,103.7,4.210,-4.2,0,1,36020
2026-04-18T14:18:58,11.522652,-74.345680,-20.3,13.92,62.2,9,1.6,103.7,4.210,-4.2,0,1,36021
2026-04-18T14:19:27,11.523365,-74.343918,-19.7,14.37,68.0,9,1.6,103.5,4.211,-4.4,0,1,36022
2026-04-18T14:19:56,11.524191,-74.342171,-25.0,14.56,67.9,9,1.6,103.5,4.210,-4.4,0,1,36023
2026-04-18T14:20:25,11.525059,-74.340485,-17.8,13.86,61.6,8,2.3,103.5,4.210,-4.4,0,1,36024
2026-04-18T14:20:54,11.525799,-74.338715,-10.1,13.34,63.7,9,1.6,103.5,4.210,2755.8,0,1,36025
2026-04-18T14:21:23,11.526725,-74.336975,-1.9,14.79,58.7,9,1.6,103.7,4.211,-4.2,0,1,36026
2026-04-18T14:21:52,11.527437,-74.335152,-3.2,13.22,70.1,9,1.6,103.8,4.209,-4.2,0,1,36027
2026-04-18T14:22:21,11.528165,-74.333473,-7.2,14.43,71.5,9,1.6,103.7,4.209,-4.2,0,1,36028
2026-04-18T14:22:50,11.529023,-74.331764,-15.9,13.56,66.4,9,1.6,103.5,4.211,-4.4,0,1,36029
2026-04-18T14:23:19,11.529771,-74.330063,-18.5,13.70,62.9,9,1.6,103.5,4.210,-4.4,0,1,36030
2026-04-18T14:23:48,11.530591,-74.328339,-7.5,13.78,62.7,9,1.6,103.7,4.210,-4.2,0,1,36031
2026-04-18T14:24:17,11.531340,-74.326637,-14.3,13.96,66.7,9,1.6,103.4,4.210,-4.2,0,1,36032
2026-04-18T14:24:46,11.532148,-74.324928,-8.6,13.68,65.1,9,1.5,103.5,4.210,-4.4,0,1,36033
2026-04-18T14:25:15,11.532922,-74.323242,-9.1,13.59,63.4,9,1.5,103.7,4.209,-4.2,0,1,36034
2026-04-18T14:25:44,11.533760,-74.321510,-13.4,14.40,65.7,9,1.5,103.5,4.209,-4.4,0,1,36035
2026-04-18T14:26:13,11.534540,-74.319763,-15.1,13.13,68.4,9,1.5,103.7,4.211,-4.2,0,1,36036
2026-04-18T14:26:42,11.535306,-74.317993,-6.3,13.06,68.1,9,1.5,103.7,4.209,-4.2,0,1,36037
2026-04-18T14:27:11,11.536184,-74.316254,-6.2,13.53,57.9,9,1.5,103.5,4.209,-4.4,0,1,36038
2026-04-18T14:27:40,11.536923,-74.314491,-13.3,13.57,70.7,9,1.5,103.7,4.210,-4.2,0,1,36039
2026-04-18T14:28:09,11.537770,-74.312759,-8.0,13.63,70.8,9,1.5,103.7,4.213,-4.2,0,1,36040
2026-04-18T14:28:38,11.538609,-74.311012,-7.9,14.05,61.5,9,1.5,103.4,4.210,-4.2,0,1,36041
2026-04-18T14:29:07,11.539395,-74.309273,-3.4,13.75,64.8,9,1.5,103.5,4.209,-4.4,0,1,36042
2026-04-18T14:29:36,11.540171,-74.307526,0.9,13.87,69.3,9,1.5,103.7,4.213,-4.2,0,1,36043
2026-04-18T14:30:05,11.540966,-74.305779,1.2,13.67,66.6,9,1.5,103.5,4.210,-4.4,0,1,36044
2026-04-18T14:30:34,11.541759,-74.304054,9.7,12.91,70.2,9,1.5,103.7,4.210,-4.2,0,1,36045
2026-04-18T14:31:03,11.542539,-74.302284,11.2,14.72,61.9,9,1.5,103.5,4.210,-4.4,0,1,36046
2026-04-18T14:31:32,11.543384,-74.300545,12.5,13.27,61.6,9,1.5,103.4,4.209,-4.2,0,1,36047
2026-04-18T14:32:01,11.544172,-74.298798,17.1,14.08,64.9,9,1.6,103.5,4.210,-4.4,0,1,36048
2026-04-18T14:32:30,11.544948,-74.297058,18.2,14.27,66.9,9,1.5,103.7,4.209,-4.2,0,1,36049
2026-04-18T14:32:59,11.545677,-74.295303,16.0,15.21,81.7,9,2.0,103.4,4.210,-4.2,0,1,36050
2026-04-18T14:33:28,11.546407,-74.293541,18.0,13.60,76.2,9,1.5,103.4,4.210,-4.2,0,1,36051
2026-04-18T14:33:57,11.547318,-74.291756,24.3,13.58,67.3,9,1.5,103.5,4.210,-4.4,0,1,36052
2026-04-18T14:34:26,11.548057,-74.290085,16.3,13.87,61.9,9,1.5,103.5,4.209,-4.4,0,1,36053
2026-04-18T14:34:55,11.548745,-74.288315,2.4,14.40,67.6,9,1.5,103.4,4.211,-4.2,0,1,36054
2026-04-18T14:35:24,11.549624,-74.286560,-4.0,14.55,65.6,9,1.5,103.4,4.210,-4.2,0,1,36055
2026-04-18T14:35:53,11.550344,-74.284790,1.5,13.88,65.8,8,2.2,103.7,4.210,-4.2,0,1,36056
2026-04-18T14:36:22,11.551145,-74.283043,3.1,14.44,62.5,8,2.2,103.4,4.209,-4.2,0,1,36057
2026-04-18T14:36:51,11.551980,-74.281319,8.2,14.71,57.9,8,2.2,103.7,4.210,-4.2,0,1,36058
2026-04-18T14:37:20,11.552742,-74.279541,17.9,13.70,68.3,8,2.2,103.7,4.210,-4.2,0,1,36059
2026-04-18T14:37:49,11.553552,-74.277771,19.3,13.59,72.0,8,2.2,103.4,4.211,-4.2,0,1,36060
2026-04-18T14:38:18,11.554300,-74.275993,18.5,14.49,72.3,8,2.2,103.4,4.209,-4.2,0,1,36061
2026-04-18T14:38:47,11.555103,-74.274239,7.0,14.54,68.3,8,2.2,103.5,4.213,-4.4,0,1,36062
2026-04-18T14:39:16,11.555900,-74.272469,10.9,14.81,67.4,9,1.4,103.5,4.210,-4.4,0,1,36063
2026-04-18T14:39:45,11.556672,-74.270683,20.0,13.80,71.9,8,1.5,103.7,4.211,-4.2,0,1,36064
2026-04-18T14:40:14,11.557467,-74.268959,10.5,13.90,63.9,9,1.4,103.5,4.210,-4.4,0,1,36065
2026-04-18T14:40:43,11.558252,-74.267159,17.2,13.50,70.0,8,1.5,103.4,4.209,-4.2,0,1,36066
2026-04-18T14:41:12,11.558998,-74.265427,40.4,14.21,71.3,8,2.1,103.5,4.210,-4.4,0,1,36067
2026-04-18T14:41:41,11.559834,-74.263702,37.8,13.54,66.5,9,1.4,103.4,4.210,-4.2,0,1,36068
2026-04-18T14:42:10,11.560561,-74.261925,27.1,13.77,72.0,9,1.4,103.4,4.209,-4.2,0,1,36069
2026-04-18T14:42:39,11.561383,-74.260147,26.8,14.84,67.9,9,1.4,103.4,4.210,-4.2,0,1,36070
2026-04-18T14:43:08,11.562201,-74.258400,28.8,14.08,72.1,9,1.4,103.7,4.211,-4.2,0,1,36071
2026-04-18T14:43:37,11.562892,-74.256538,30.6,14.22,74.6,9,1.4,103.7,4.209,-4.2,0,1,36072
2026-04-18T14:44:06,11.563706,-74.254829,27.7,13.92,71.1,9,1.4,103.5,4.210,-4.4,0,1,36073
2026-04-18T14:44:35,11.564434,-74.253044,19.2,12.34,68.9,9,1.4,103.4,4.210,-4.2,0,1,36074
2026-04-18T14:45:04,11.565139,-74.251274,11.2,13.39,73.4,8,1.5,103.5,4.209,-4.4,0,1,36075
2026-04-18T14:45:33,11.565912,-74.249527,0.3,13.60,70.2,8,1.5,103.5,4.210,-4.4,0,1,36076
2026-04-18T14:46:02,11.566662,-74.247772,-4.6,13.46,68.0,8,1.5,103.4,4.209,-4.2,0,1,36077
2026-04-18T14:46:31,11.567533,-74.245987,-13.8,14.07,67.8,8,1.5,103.4,4.210,-4.2,0,1,36078
2026-04-18T14:47:00,11.568288,-74.244240,-13.2,13.57,69.0,8,1.5,103.5,4.210,-4.4,0,1,36079
2026-04-18T14:47:29,11.568986,-74.242424,-9.7,14.46,70.3,8,1.5,103.2,4.210,-4.2,0,1,36080
2026-04-18T14:47:58,11.569683,-74.240662,-17.1,13.64,70.6,7,4.1,103.5,4.210,-4.4,0,1,36081
2026-04-18T14:48:27,11.570473,-74.238861,-23.6,15.00,71.7,7,4.1,103.5,4.210,-4.4,0,1,36082
2026-04-18T14:48:56,11.571163,-74.237076,-28.9,14.05,67.1,7,4.1,103.7,4.211,2760.2,0,1,36083
2026-04-18T14:49:25,11.571931,-74.235275,-32.8,12.96,76.8,8,1.5,103.2,4.211,-4.2,0,1,36084
2026-04-18T14:49:54,11.572525,-74.233444,-24.4,13.01,73.1,7,4.1,103.7,4.213,-4.2,0,1,36085
2026-04-18T14:50:23,11.573305,-74.231636,-16.0,13.69,65.9,7,4.1,103.4,4.210,-4.2,0,1,36086
2026-04-18T14:50:52,11.574160,-74.229836,-12.7,13.97,66.1,8,1.5,103.7,4.211,-4.2,0,1,36087
2026-04-18T14:51:21,11.575013,-74.228073,-1.5,13.12,69.5,7,1.8,103.7,4.210,-4.2,0,1,36088
2026-04-18T14:51:50,11.575807,-74.226303,-1.7,13.68,68.6,7,4.1,103.5,4.210,-4.4,0,1,36089
2026-04-18T14:52:19,11.576480,-74.224510,-6.8,13.34,68.4,8,1.5,103.5,4.210,-4.4,0,1,36090
2026-04-18T14:52:48,11.577380,-74.222763,-12.2,14.20,62.8,8,1.5,103.7,4.210,-4.2,0,1,36091
2026-04-18T14:53:17,11.578003,-74.220978,-10.6,13.18,70.4,7,4.1,103.5,4.210,-4.4,0,1,36092
2026-04-18T14:53:46,11.578632,-74.219193,-17.9,11.79,70.0,7,4.1,103.5,4.210,-4.4,0,1,36093
2026-04-18T14:54:15,11.579148,-74.217438,-23.1,12.09,74.4,7,4.1,103.4,4.210,-4.2,0,1,36094
2026-04-18T14:54:44,11.579816,-74.215630,-36.9,12.27,70.8,7,4.1,103.7,4.209,-4.2,0,1,36095
2026-04-18T14:55:13,11.580488,-74.213867,-34.6,12.27,69.7,6,4.6,103.4,4.210,-4.2,0,1,36096
2026-04-18T14:55:42,11.581388,-74.212097,-21.6,14.09,72.1,7,4.1,103.5,4.211,-4.4,0,1,36097
2026-04-18T14:56:11,11.582006,-74.210342,-19.1,12.79,75.0,7,4.0,103.5,4.210,-4.4,0,1,36098
2026-04-18T14:56:40,11.582465,-74.208496,-14.5,12.52,73.9,7,4.0,103.5,4.210,-4.4,0,1,36099
2026-04-18T14:57:09,11.583241,-74.206757,-20.1,13.86,68.3,8,1.5,103.5,4.210,-4.4,0,1,36100
2026-04-18T14:57:38,11.583960,-74.204994,-28.9,12.60,71.2,7,4.0,103.5,4.210,-4.4,0,1,36101
2026-04-18T14:58:07,11.584669,-74.203186,-32.8,12.47,69.7,7,4.0,103.5,4.209,-4.4,0,1,36102
2026-04-18T14:58:36,11.585403,-74.201370,-35.4,12.64,84.6,7,4.0,103.4,4.209,-4.2,0,1,36103
2026-04-18T14:59:04,11.586109,-74.199677,-32.2,12.19,72.2,7,4.0,104.0,4.210,-4.2,0,1,36104
2026-04-18T14:59:33,11.586867,-74.197922,-36.8,11.71,66.8,6,4.5,103.5,4.211,-4.4,0,1,36105
2026-04-18T15:00:02,11.587615,-74.196136,-36.5,11.70,72.7,8,3.9,103.4,4.211,-4.2,0,1,36106
2026-04-18T15:00:31,11.588422,-74.194366,-38.8,12.92,67.1,8,3.9,103.8,4.210,-4.2,0,1,36107
2026-04-18T15:01:00,11.589172,-74.192566,-40.8,12.96,74.0,7,3.9,103.7,4.210,2760.2,0,1,36108
2026-04-18T15:01:29,11.590027,-74.190804,-40.3,13.74,67.7,7,3.9,103.7,4.209,-4.2,0,1,36109
2026-04-18T15:01:58,11.590744,-74.189034,-42.8,11.97,76.2,8,3.8,103.5,4.211,-4.4,0,1,36110
2026-04-18T15:02:27,11.591603,-74.187279,-44.6,12.72,63.2,8,3.8,103.8,4.211,-4.2,0,1,36111
2026-04-18T15:02:56,11.592753,-74.185585,-35.6,13.20,69.0,8,3.8,103.7,4.209,-4.2,0,1,36112
2026-04-18T15:03:25,11.593482,-74.183800,-35.2,12.96,69.4,8,3.7,103.5,4.209,-4.4,0,1,36113
2026-04-18T15:03:54,11.594178,-74.182060,-38.4,12.33,64.9,8,3.7,103.5,4.210,-4.4,0,1,36114
2026-04-18T15:04:23,11.594998,-74.180298,-44.8,12.91,65.1,8,3.7,103.5,4.210,-4.4,0,1,36115
2026-04-18T15:04:52,11.595711,-74.178558,-56.4,12.07,65.4,8,3.7,103.7,4.209,-4.2,0,1,36116
2026-04-18T15:05:21,11.596590,-74.176834,-53.3,12.59,66.7,8,3.6,103.5,4.210,-4.4,0,1,36117
2026-04-18T15:05:49,11.597395,-74.175171,-55.2,12.48,65.8,8,3.6,103.4,4.211,-4.2,0,1,36118
2026-04-18T15:06:18,11.598353,-74.173447,-49.3,13.05,72.4,8,3.6,104.0,4.210,-4.2,0,1,36119
2026-04-18T15:06:47,11.599102,-74.171654,-52.2,13.41,67.9,8,3.5,103.4,4.211,-4.2,0,1,36120
2026-04-18T15:07:16,11.599992,-74.169914,-46.6,13.00,64.8,9,1.4,103.4,4.210,-4.2,0,1,36121
2026-04-18T15:07:45,11.600803,-74.168152,-45.8,12.61,68.3,8,3.5,103.4,4.210,-4.2,0,1,36122
2026-04-18T15:08:14,11.601560,-74.166321,-46.4,13.68,67.6,8,3.5,103.5,4.209,-4.4,0,1,36123
2026-04-18T15:08:43,11.602355,-74.164589,-43.4,14.33,62.3,8,3.4,103.5,4.210,-4.4,0,1,36124
2026-04-18T15:09:12,11.603209,-74.162857,-34.8,13.42,60.0,8,3.4,103.5,4.210,-4.4,0,1,36125
2026-04-18T15:09:41,11.603975,-74.161125,-32.6,12.96,67.2,8,3.4,103.5,4.211,-4.4,0,1,36126
2026-04-18T15:10:10,11.604823,-74.159386,-29.4,12.61,68.9,8,3.3,103.2,4.209,-4.2,0,1,36127
2026-04-18T15:10:39,11.605563,-74.157623,-31.9,12.93,62.6,8,3.3,103.7,4.210,-4.2,0,1,36128
2026-04-18T15:11:08,11.606408,-74.155861,-26.3,12.47,69.2,8,3.3,103.5,4.210,-4.4,0,1,36129
2026-04-18T15:11:37,11.607235,-74.154053,-16.5,12.22,71.2,8,3.3,103.4,4.210,-4.2,0,1,36130
2026-04-18T15:12:06,11.608130,-74.152298,-8.5,13.64,65.5,8,3.2,103.5,4.209,-4.4,0,1,36131
2026-04-18T15:12:35,11.608882,-74.150543,-6.4,13.34,69.5,8,3.2,103.5,4.210,-4.4,0,1,36132
2026-04-18T15:13:04,11.609642,-74.148750,-7.8,13.78,71.1,8,4.4,103.5,4.210,-4.4,0,1,36133
2026-04-18T15:13:33,11.610408,-74.146973,-4.0,12.92,68.1,8,3.2,103.5,4.209,-4.4,0,1,36134
2026-04-18T15:14:02,11.611265,-74.145187,-6.2,13.27,67.1,8,3.1,103.5,4.210,-4.4,0,1,36135
2026-04-18T15:14:31,11.612233,-74.143425,5.0,13.97,66.9,8,3.1,103.5,4.210,-4.4,0,1,36136
2026-04-18T15:15:00,11.612982,-74.141647,6.3,12.30,69.2,8,4.3,103.5,4.211,-4.4,0,1,36137
2026-04-18T15:15:29,11.613820,-74.139877,8.4,13.13,67.7,7,3.2,103.5,4.211,-4.4,0,1,36138
2026-04-18T15:15:58,11.614493,-74.138115,4.9,13.09,69.3,8,3.0,103.5,4.210,-4.4,0,1,36139
2026-04-18T15:16:27,11.615378,-74.136322,13.6,13.12,67.3,8,4.3,103.5,4.207,-4.4,0,1,36140
2026-04-18T15:16:56,11.616158,-74.134544,9.7,13.30,64.3,8,3.0,103.4,4.209,-4.2,0,1,36141
2026-04-18T15:17:25,11.616935,-74.132797,12.9,14.27,65.6,8,4.3,103.7,4.210,-4.2,0,1,36142
2026-04-18T15:17:54,11.617722,-74.130997,9.6,13.13,58.7,8,4.2,103.7,4.210,-4.2,0,1,36143
2026-04-18T15:18:23,11.618529,-74.129204,11.5,13.83,65.1,8,2.9,103.2,4.210,-4.2,0,1,36144
2026-04-18T15:18:52,11.619228,-74.127441,10.6,14.39,68.2,8,4.2,103.4,4.210,-4.2,0,1,36145
2026-04-18T15:19:21,11.619819,-74.125687,3.3,13.92,67.9,8,4.2,103.4,4.209,-4.2,0,1,36146
2026-04-18T15:19:50,11.620707,-74.123940,4.4,12.89,65.9,7,3.0,103.5,4.209,-4.4,0,1,36147
2026-04-18T15:20:19,11.621418,-74.122177,-1.6,14.48,67.0,8,2.8,103.4,4.211,-4.2,0,1,36148
2026-04-18T15:20:48,11.622133,-74.120445,3.0,13.04,71.3,8,2.8,103.5,4.210,-4.4,0,1,36149
2026-04-18T15:21:17,11.622976,-74.118660,6.3,14.53,62.2,8,2.8,104.0,4.210,-4.2,0,1,36150
2026-04-18T15:21:46,11.623770,-74.116867,9.4,13.64,63.7,8,2.8,103.5,4.211,-4.4,0,1,36151
2026-04-18T15:22:15,11.624538,-74.115074,8.2,13.71,67.6,8,2.7,103.2,4.209,-4.2,0,1,36152
2026-04-18T15:22:44,11.625291,-74.113319,7.5,13.64,66.8,8,2.7,103.4,4.210,-4.2,0,1,36153
2026-04-18T15:23:13,11.626066,-74.111549,6.4,12.54,65.3,8,2.7,103.4,4.209,-4.2,0,1,36154
2026-04-18T15:23:42,11.626690,-74.109787,2.5,13.14,70.2,8,2.7,103.2,4.209,-4.2,0,1,36155
2026-04-18T15:24:11,11.627348,-74.107933,-2.4,13.16,68.7,8,2.7,103.5,4.211,-4.4,0,1,36156
2026-04-18T15:24:40,11.628140,-74.106148,0.9,12.57,70.3,8,2.6,103.4,4.209,-4.2,0,1,36157
2026-04-18T15:25:09,11.629028,-74.104393,0.0,13.80,64.5,8,2.6,103.5,4.210,-4.4,0,1,36158
2026-04-18T15:25:38,11.629843,-74.102608,3.0,13.31,66.1,8,2.6,103.4,4.210,-4.2,0,1,36159
2026-04-18T15:26:07,11.630631,-74.100853,7.3,14.21,64.7,8,2.6,103.4,4.211,-4.2,0,1,36160
2026-04-18T15:26:36,11.631511,-74.099007,10.7,13.34,63.2,8,2.6,103.4,4.211,-4.2,0,1,36161
2026-04-18T15:27:05,11.632256,-74.097244,13.4,12.74,64.9,8,2.5,103.7,4.210,-4.2,0,1,36162
2026-04-18T15:27:34,11.633033,-74.095490,10.4,13.25,61.0,8,2.5,103.5,4.209,-4.4,0,1,36163
2026-04-18T15:28:03,11.633839,-74.093719,9.1,13.00,63.0,8,2.5,103.5,4.209,-4.4,0,1,36164
2026-04-18T15:28:32,11.634649,-74.091896,7.7,12.99,64.1,8,2.5,103.7,4.210,-4.2,0,1,36165
2026-04-18T15:29:01,11.635422,-74.090233,8.4,14.24,73.5,8,2.5,103.4,4.211,-4.2,0,1,36166
2026-04-18T15:29:30,11.636168,-74.088310,2.0,12.40,69.4,8,2.5,103.4,4.210,-4.2,0,1,36167
2026-04-18T15:29:59,11.636898,-74.086563,-3.9,12.26,66.8,8,2.5,103.7,4.211,-4.2,0,1,36168
2026-04-18T15:30:28,11.637612,-74.084702,-8.7,13.72,70.6,8,2.4,103.4,4.209,-4.2,0,1,36169
2026-04-18T15:30:57,11.638187,-74.083061,-15.9,15.70,67.9,8,2.4,103.5,4.209,-4.4,0,1,36170
2026-04-18T15:31:26,11.638880,-74.081306,-21.8,13.51,61.0,8,2.4,103.5,4.211,-4.4,0,1,36171
2026-04-18T15:31:55,11.639617,-74.079575,-24.8,12.27,65.7,8,3.5,103.4,4.209,-4.2,0,1,36172
2026-04-18T15:32:24,11.640466,-74.077744,-25.2,14.90,65.0,8,2.4,103.4,4.210,-4.2,0,1,36173
2026-04-18T15:32:53,11.641424,-74.075989,-11.7,14.17,65.9,8,2.4,103.7,4.209,-4.2,0,1,36174
2026-04-18T15:33:22,11.642400,-74.074173,-1.9,12.62,63.6,8,2.4,103.4,4.210,-4.2,0,1,36175
2026-04-18T15:33:51,11.643360,-74.072388,8.8,13.81,64.1,8,2.3,103.5,4.210,-4.4,0,1,36176
2026-04-18T15:34:20,11.644237,-74.070442,16.2,13.89,66.5,8,2.3,103.5,4.209,-4.4,0,1,36177
2026-04-18T15:34:49,11.645244,-74.068695,32.0,12.38,61.0,8,2.3,103.5,4.210,-4.4,0,1,36178
2026-04-18T15:35:18,11.645865,-74.066994,22.8,14.40,64.5,9,1.8,103.5,4.210,-4.4,0,1,36179
2026-04-18T15:35:47,11.646604,-74.065201,9.2,13.82,64.9,9,1.8,103.5,4.211,-4.4,0,1,36180
2026-04-18T15:36:16,11.647410,-74.063446,5.7,13.52,63.6,9,1.8,103.5,4.211,-4.4,0,1,36181
2026-04-18T15:36:44,11.648155,-74.061737,4.0,15.07,68.0,8,2.0,103.5,4.211,-4.4,0,1,36182
2026-04-18T15:37:13,11.648917,-74.059975,-4.7,14.17,68.6,7,2.0,103.5,4.209,-4.4,0,1,36183
2026-04-18T15:37:42,11.649664,-74.058197,-10.6,14.10,67.5,8,1.9,103.4,4.210,-4.2,0,1,36184
2026-04-18T15:38:11,11.650418,-74.056396,-13.5,15.14,66.9,8,1.9,103.7,4.210,-4.2,0,1,36185
2026-04-18T15:38:39,11.651168,-74.054665,-15.7,16.91,61.2,7,2.1,103.4,4.210,-4.2,0,1,36186
2026-04-18T15:39:09,11.651951,-74.052841,-21.7,12.66,69.0,7,2.1,103.5,4.209,-4.4,0,1,36187
2026-04-18T15:39:38,11.652706,-74.051086,-26.3,12.23,61.5,7,2.1,103.7,4.210,-4.2,0,1,36188
2026-04-18T15:40:07,11.653423,-74.049232,-33.4,12.24,65.7,7,2.1,103.7,4.210,-4.2,0,1,36189
2026-04-18T15:40:36,11.654112,-74.047325,-41.2,12.43,68.6,7,2.0,103.4,4.210,-4.2,0,1,36190
2026-04-18T15:41:04,11.654920,-74.045593,-45.8,13.03,63.7,8,2.0,103.7,4.210,-4.2,0,1,36191
2026-04-18T15:41:33,11.655632,-74.043739,-49.0,15.61,68.9,8,2.0,103.4,4.209,-4.2,0,1,36192
2026-04-18T15:42:02,11.656339,-74.042099,-50.2,9.79,63.8,8,2.0,103.5,4.211,-4.4,0,1,36193
2026-04-18T15:42:31,11.657169,-74.040367,-45.7,15.71,66.5,8,2.0,103.4,4.209,-4.2,0,1,36194
2026-04-18T15:42:59,11.657855,-74.038696,-47.1,11.89,61.2,8,2.0,103.7,4.209,-4.2,0,1,36195
2026-04-18T15:43:28,11.658620,-74.036873,-49.4,13.88,66.3,8,2.0,103.4,4.209,-4.2,0,1,36196
2026-04-18T15:43:57,11.659413,-74.035042,-45.6,13.76,69.6,8,2.0,103.5,4.210,-4.4,0,1,36197
2026-04-18T15:44:26,11.660227,-74.033264,-39.7,14.33,62.6,8,2.0,103.4,4.210,-4.2,0,1,36198
2026-04-18T15:44:54,11.661006,-74.031532,-42.1,12.52,62.7,8,2.0,103.4,4.211,-4.2,0,1,36199
2026-04-18T15:45:23,11.661794,-74.029800,-46.9,15.42,67.6,8,2.0,103.4,4.210,-4.2,0,1,36200
2026-04-18T15:45:52,11.662777,-74.028183,-28.4,13.41,64.9,9,1.6,103.4,4.209,-4.2,0,1,36201
2026-04-18T15:46:21,11.663572,-74.026367,-22.8,14.54,66.2,9,1.6,103.5,4.210,-4.4,0,1,36202
2026-04-18T15:46:49,11.664335,-74.024643,-25.0,13.34,70.8,9,1.6,103.4,4.209,-4.2,0,1,36203
2026-04-18T15:47:18,11.665210,-74.022820,-21.9,13.92,71.3,9,1.6,103.7,4.210,-4.2,0,1,36204
2026-04-18T15:47:47,11.666072,-74.021042,-17.5,14.10,65.8,9,1.6,103.5,4.213,-4.4,0,1,36205
2026-04-18T15:48:16,11.666914,-74.019318,-14.1,14.13,65.9,9,1.6,103.5,4.211,-4.4,0,1,36206
2026-04-18T15:48:44,11.667684,-74.017609,-8.8,13.01,70.8,9,1.6,103.4,4.209,-4.2,0,1,36207
2026-04-18T15:49:13,11.668424,-74.015839,-8.5,14.26,69.2,9,1.6,103.4,4.210,-4.2,0,1,36208
2026-04-18T15:49:42,11.669173,-74.014061,-13.1,14.22,69.9,9,1.6,103.4,4.210,-4.2,0,1,36209
2026-04-18T15:50:11,11.670034,-74.012253,-12.7,14.04,67.6,9,1.6,103.4,4.209,-4.2,0,1,36210
2026-04-18T15:50:40,11.670820,-74.010483,-9.8,13.74,68.6,9,1.6,103.4,4.211,-4.2,0,1,36211
2026-04-18T15:51:09,11.671681,-74.008690,-1.0,14.77,65.8,9,1.6,103.7,4.209,-4.2,0,1,36212
2026-04-18T15:51:38,11.672517,-74.006897,-4.2,14.89,63.8,9,1.6,103.5,4.209,-4.4,0,1,36213
2026-04-18T15:52:07,11.673429,-74.005074,-0.7,14.80,61.4,9,1.6,103.5,4.211,-4.4,0,1,36214
2026-04-18T15:52:36,11.674170,-74.003304,7.7,14.40,65.7,9,1.6,103.4,4.209,-4.2,0,1,36215
2026-04-18T15:53:05,11.674982,-74.001541,6.4,15.10,63.3,9,1.6,103.5,4.209,-4.4,0,1,36216
2026-04-18T15:53:34,11.675703,-73.999763,7.9,14.06,64.0,9,1.6,103.7,4.207,-4.2,0,1,36217
2026-04-18T15:54:03,11.676403,-73.997948,5.5,13.79,65.5,9,1.6,103.7,4.209,-4.2,0,1,36218
2026-04-18T15:54:32,11.677143,-73.996155,2.6,14.38,70.1,9,1.6,103.4,4.210,-4.2,0,1,36219
2026-04-18T15:55:01,11.677875,-73.994392,3.8,15.04,63.4,9,1.6,103.4,4.210,-4.2,0,1,36220
2026-04-18T15:55:30,11.678653,-73.992577,-0.2,14.45,65.8,9,1.6,103.7,4.210,-4.2,0,1,36221
2026-04-18T15:55:59,11.679379,-73.990837,-0.9,13.68,66.9,9,1.6,103.4,4.209,-4.2,0,1,36222
2026-04-18T15:56:28,11.680239,-73.989052,-0.1,15.11,60.3,9,1.6,103.5,4.207,-4.4,0,1,36223
2026-04-18T15:56:57,11.681045,-73.987251,3.5,14.31,67.4,9,1.6,103.5,4.209,-4.4,0,1,36224
2026-04-18T15:57:26,11.681925,-73.985481,8.3,14.52,62.9,9,1.6,103.4,4.210,-4.2,0,1,36225
2026-04-18T15:57:55,11.682728,-73.983704,15.7,14.64,64.7,9,1.6,103.4,4.210,-4.2,0,1,36226
2026-04-18T15:58:24,11.683481,-73.981888,18.5,13.66,69.2,8,1.8,103.5,4.209,-4.4,0,1,36227
2026-04-18T15:58:53,11.684341,-73.980095,21.5,15.20,68.8,9,2.7,103.4,4.210,-4.2,0,1,36228
2026-04-18T15:59:22,11.685090,-73.978325,21.2,14.11,63.5,9,2.7,103.5,4.210,-4.4,0,1,36229
2026-04-18T15:59:51,11.685970,-73.976562,27.5,14.34,64.6,7,1.8,103.7,4.210,-4.2,0,1,36230
2026-04-18T16:00:20,11.686780,-73.974770,26.3,14.55,62.7,7,1.7,103.5,4.210,-4.4,0,1,36231
2026-04-18T16:00:49,11.687572,-73.973015,17.1,15.26,64.4,7,1.7,103.2,4.210,-4.2,0,1,36232
2026-04-18T16:01:18,11.688291,-73.971260,15.2,14.50,63.6,8,1.6,103.5,4.210,-4.4,0,1,36233
2026-04-18T16:01:47,11.689136,-73.969467,19.2,14.51,65.0,9,1.2,103.4,4.210,-4.2,0,1,36234
2026-04-18T16:02:16,11.689945,-73.967690,17.1,13.53,64.4,9,1.2,103.5,4.210,-4.4,0,1,36235
2026-04-18T16:02:45,11.690799,-73.965927,13.6,14.83,64.9,8,1.2,103.4,4.209,-4.2,0,1,36236
2026-04-18T16:03:14,11.691606,-73.964149,20.5,14.65,65.6,9,1.2,103.4,4.210,-4.2,0,1,36237
2026-04-18T16:03:43,11.692418,-73.962387,21.8,14.76,66.1,9,1.2,103.5,4.210,-4.4,0,1,36238
2026-04-18T16:04:12,11.693216,-73.960594,21.4,14.47,63.4,9,1.2,103.5,4.210,-4.4,0,1,36239
2026-04-18T16:04:41,11.694018,-73.958824,23.1,14.36,65.3,9,1.2,103.5,4.210,-4.4,0,1,36240
2026-04-18T16:05:10,11.694854,-73.957016,27.0,14.59,65.3,9,1.2,103.4,4.209,-4.2,0,1,36241
2026-04-18T16:05:39,11.695642,-73.955254,28.4,13.54,67.0,9,1.2,103.8,4.210,-4.2,0,1,36242
2026-04-18T16:06:08,11.696493,-73.953491,27.4,13.81,64.9,9,1.2,103.5,4.210,-4.4,0,1,36243
2026-04-18T16:06:37,11.697253,-73.951675,23.5,13.25,63.0,9,1.2,103.5,4.210,-4.4,0,1,36244
2026-04-18T16:07:06,11.698092,-73.949898,25.2,15.58,69.8,8,1.5,103.4,4.210,-4.2,0,1,36245
2026-04-18T16:07:35,11.698909,-73.948112,20.3,14.85,68.6,9,1.2,103.7,4.210,-4.2,0,1,36246
2026-04-18T16:08:04,11.699704,-73.946358,21.8,14.47,65.8,9,1.2,103.4,4.210,-4.2,0,1,36247
2026-04-18T16:08:33,11.700480,-73.944542,19.0,13.91,67.1,9,1.2,103.2,4.210,-4.2,0,1,36248
2026-04-18T16:09:02,11.701314,-73.942818,25.4,14.91,68.5,9,1.2,103.4,4.210,-4.2,0,1,36249
2026-04-18T16:09:31,11.702157,-73.940994,19.2,14.61,64.1,9,1.2,103.5,4.210,-4.4,0,1,36250
2026-04-18T16:10:00,11.703005,-73.939201,17.7,14.32,63.1,9,1.2,103.4,4.210,-4.2,0,1,36251
2026-04-18T16:10:29,11.703800,-73.937393,19.7,14.05,65.6,9,1.2,103.4,4.209,-4.2,0,1,36252
2026-04-18T16:10:58,11.704618,-73.935638,18.2,14.34,68.1,8,1.5,103.4,4.207,-4.2,0,1,36253
2026-04-18T16:11:27,11.705454,-73.933884,17.1,13.83,63.7,9,1.2,103.4,4.210,-4.2,0,1,36254
2026-04-18T16:11:56,11.706255,-73.932114,18.7,14.02,65.7,9,1.2,103.7,4.211,-4.2,0,1,36255
2026-04-18T16:12:25,11.707068,-73.930359,16.3,14.55,67.7,9,1.2,103.4,4.210,-4.2,0,1,36256
2026-04-18T16:12:54,11.707948,-73.928558,19.9,14.37,63.2,9,1.2,103.4,4.210,-4.2,0,1,36257
2026-04-18T16:13:23,11.708738,-73.926781,22.8,13.96,62.4,9,1.2,103.2,4.210,-4.2,0,1,36258
2026-04-18T16:13:52,11.709485,-73.924995,17.2,13.62,69.3,9,1.2,103.7,4.209,-4.2,0,1,36259
2026-04-18T16:14:21,11.710326,-73.923218,16.1,14.16,67.1,9,1.2,103.5,4.210,-4.4,0,1,36260
2026-04-18T16:14:50,11.711115,-73.921440,16.1,13.91,67.2,9,1.2,103.7,4.210,-4.2,0,1,36261
2026-04-18T16:15:19,11.711933,-73.919716,16.3,13.93,65.4,7,1.9,103.5,4.210,-4.4,0,1,36262
2026-04-18T16:15:48,11.712713,-73.917984,18.4,14.50,66.7,9,1.2,103.4,4.210,-4.2,0,1,36263
2026-04-18T16:16:17,11.713527,-73.916237,23.5,13.51,58.3,9,1.2,103.5,4.207,-4.4,0,1,36264
2026-04-18T16:16:46,11.714320,-73.914429,19.3,14.15,70.1,9,1.2,103.5,4.209,-4.4,0,1,36265
2026-04-18T16:17:14,11.715130,-73.912697,16.1,14.84,61.5,9,1.2,103.4,4.209,-4.2,0,1,36266
2026-04-18T16:17:43,11.715937,-73.910957,15.1,15.21,64.3,9,1.2,103.7,4.209,-4.2,0,1,36267
2026-04-18T16:18:12,11.716769,-73.909187,20.6,14.38,63.6,9,1.2,103.5,4.210,-4.4,0,1,36268
2026-04-18T16:18:41,11.717629,-73.907440,22.0,14.30,67.1,9,1.2,103.7,4.209,-4.2,0,1,36269
2026-04-18T16:19:10,11.718462,-73.905693,20.2,14.32,69.0,8,1.2,103.4,4.210,-4.2,0,1,36270
2026-04-18T16:19:39,11.719275,-73.903908,19.7,14.66,63.1,8,1.2,103.4,4.210,-4.2,0,1,36271
2026-04-18T16:20:08,11.720119,-73.902122,21.0,14.91,61.7,7,1.9,103.5,4.207,-4.4,0,1,36272
2026-04-18T16:20:37,11.720863,-73.900368,17.1,13.43,64.3,8,1.6,103.4,4.210,-4.2,0,1,36273
2026-04-18T16:21:06,11.721662,-73.898575,14.9,14.07,65.4,8,1.2,103.5,4.210,-4.4,0,1,36274
2026-04-18T16:21:35,11.722449,-73.896812,15.9,14.42,66.5,7,1.9,103.7,4.210,2760.2,0,1,36275
2026-04-18T16:22:04,11.723287,-73.895073,14.3,13.95,64.8,8,1.8,103.5,4.211,-4.4,0,1,36276
2026-04-18T16:22:33,11.724128,-73.893341,14.8,14.69,64.0,10,1.2,103.4,4.209,-4.2,0,1,36277
2026-04-18T16:23:02,11.724938,-73.891556,17.7,14.58,66.7,8,1.3,103.5,4.209,-4.4,0,1,36278
2026-04-18T16:23:31,11.725753,-73.889763,17.3,14.74,66.5,10,1.1,103.5,4.211,-4.4,0,1,36279
2026-04-18T16:24:00,11.726571,-73.888016,13.8,14.28,65.1,10,1.1,103.5,4.210,-4.4,0,1,36280
2026-04-18T16:24:29,11.727365,-73.886238,16.9,14.28,64.9,8,1.3,103.4,4.210,-4.2,0,1,36281
2026-04-18T16:24:58,11.728124,-73.884430,20.1,13.89,67.1,10,1.1,103.2,4.209,-4.2,0,1,36282
2026-04-18T16:25:27,11.728942,-73.882629,21.0,14.35,62.5,9,1.5,103.7,4.210,-4.2,0,1,36283
2026-04-18T16:25:56,11.729734,-73.880836,25.7,13.46,62.7,9,1.5,103.7,4.209,-4.2,0,1,36284
2026-04-18T16:26:25,11.730591,-73.879082,28.4,14.42,62.1,8,1.8,103.7,4.211,-4.2,0,1,36285
2026-04-18T16:26:54,11.731397,-73.877274,34.9,14.73,62.5,10,1.5,103.4,4.211,2751.6,0,1,36286
2026-04-18T16:27:23,11.732191,-73.875526,28.8,14.97,68.4,9,1.5,103.5,4.210,-4.4,0,1,36287
2026-04-18T16:27:52,11.733042,-73.873779,30.6,13.81,62.9,8,1.9,103.4,4.210,-4.2,0,1,36288
2026-04-18T16:28:21,11.733860,-73.872047,28.2,13.78,65.5,8,1.9,103.7,4.210,-4.2,0,1,36289
2026-04-18T16:28:50,11.734662,-73.870270,22.6,14.80,65.4,8,1.9,103.7,4.210,-4.2,0,1,36290
2026-04-18T16:29:19,11.735391,-73.868439,28.6,14.27,64.8,10,1.4,103.4,4.209,-4.2,0,1,36291
2026-04-18T16:29:48,11.736211,-73.866730,29.6,13.72,63.0,9,1.7,103.5,4.210,-4.4,0,1,36292
2026-04-18T16:30:17,11.736979,-73.864944,32.4,13.37,64.0,9,1.8,103.5,4.211,-4.4,0,1,36293
2026-04-18T16:30:46,11.737829,-73.863197,42.2,14.12,65.6,9,1.8,103.5,4.210,-4.4,0,1,36294
2026-04-18T16:31:14,11.738594,-73.861450,43.0,14.84,65.6,10,1.4,103.5,4.209,-4.4,0,1,36295
2026-04-18T16:31:43,11.739378,-73.859650,40.2,14.83,64.2,9,1.8,103.4,4.210,-4.2,0,1,36296
2026-04-18T16:32:12,11.740209,-73.857918,40.7,14.23,63.2,9,1.8,103.4,4.211,-4.2,0,1,36297
2026-04-18T16:32:41,11.740971,-73.856140,39.7,13.54,64.9,10,1.4,103.7,4.210,-4.2,0,1,36298
2026-04-18T16:33:10,11.741720,-73.854378,46.1,12.82,63.7,9,1.8,103.5,4.209,-4.4,0,1,36299
2026-04-18T16:33:39,11.742545,-73.852592,47.6,14.16,63.9,9,1.9,103.5,4.210,-4.4,0,1,36300
2026-04-18T16:34:08,11.743315,-73.850815,46.5,13.83,62.4,10,1.4,103.4,4.207,-4.2,0,1,36301
2026-04-18T16:34:37,11.744081,-73.849037,49.9,14.83,56.1,10,1.1,103.7,4.210,-4.2,0,1,36302
2026-04-18T16:35:06,11.744919,-73.847252,43.1,14.45,67.1,8,2.1,103.5,4.210,-4.4,0,1,36303
2026-04-18T16:35:34,11.745782,-73.845596,44.0,14.60,59.9,9,1.9,103.4,4.209,-4.2,0,1,36304
2026-04-18T16:36:03,11.746603,-73.843842,41.0,15.35,61.0,10,1.1,103.4,4.210,-4.2,0,1,36305
2026-04-18T16:36:32,11.747338,-73.842064,49.9,13.28,65.1,11,1.1,103.4,4.210,-4.2,0,1,36306
2026-04-18T16:37:01,11.748234,-73.840271,52.6,14.82,65.0,11,1.1,103.5,4.209,-4.4,0,1,36307
2026-04-18T16:37:30,11.749077,-73.838516,47.6,14.64,63.5,10,1.1,103.4,4.210,-4.2,0,1,36308
2026-04-18T16:37:59,11.749880,-73.836685,52.4,14.20,61.1,10,1.1,103.5,4.207,-4.4,0,1,36309
2026-04-18T16:38:28,11.750698,-73.834900,48.2,14.09,71.6,9,2.0,103.4,4.211,-4.2,0,1,36310
2026-04-18T16:38:57,11.751541,-73.833153,53.3,14.43,62.7,10,1.4,103.5,4.209,-4.4,0,1,36311
2026-04-18T16:39:26,11.752281,-73.831306,60.4,14.54,73.2,10,1.1,103.5,4.209,-4.4,0,1,36312
2026-04-18T16:39:55,11.753085,-73.829521,65.2,13.77,57.8,10,1.1,103.5,4.210,-4.4,0,1,36313
2026-04-18T16:40:24,11.753944,-73.827812,48.8,14.60,63.7,10,1.1,103.5,4.210,-4.4,0,1,36314
2026-04-18T16:40:53,11.754786,-73.826080,44.8,13.94,61.4,10,1.1,103.5,4.210,-4.4,0,1,36315
2026-04-18T16:41:22,11.755640,-73.824310,48.5,13.83,67.0,10,1.4,103.4,4.210,-4.2,0,1,36316
2026-04-18T16:41:51,11.756566,-73.822525,54.0,15.26,61.7,10,1.1,103.5,4.211,-4.4,0,1,36317
2026-04-18T16:42:19,11.757168,-73.820824,49.9,14.35,71.9,10,1.1,103.2,4.210,-4.2,0,1,36318
2026-04-18T16:42:48,11.758026,-73.819122,48.8,14.28,69.4,9,1.4,103.5,4.209,-4.4,0,1,36319
2026-04-18T16:43:17,11.758855,-73.817398,44.0,14.28,66.4,11,1.0,103.4,4.210,-4.2,0,1,36320
2026-04-18T16:43:46,11.759560,-73.815575,51.7,13.79,60.6,10,1.4,104.0,4.209,-4.2,0,1,36321
2026-04-18T16:44:14,11.760366,-73.813911,49.7,14.59,67.7,8,2.4,103.4,4.210,-4.2,0,1,36322
2026-04-18T16:44:43,11.761187,-73.812195,48.9,13.40,62.9,10,1.1,103.5,4.210,-4.4,0,1,36323
2026-04-18T16:45:12,11.761977,-73.810410,51.6,14.11,62.9,9,2.2,103.4,4.210,-4.2,0,1,36324
2026-04-18T16:45:41,11.762758,-73.808655,49.9,14.41,63.7,9,2.2,103.5,4.209,-4.4,0,1,36325
2026-04-18T16:46:10,11.763556,-73.806870,54.7,13.72,64.9,8,2.4,103.5,4.210,-4.4,0,1,36326
2026-04-18T16:46:39,11.764298,-73.805130,48.4,13.68,59.7,10,1.1,103.4,4.210,-4.2,0,1,36327
2026-04-18T16:47:08,11.764986,-73.803299,44.3,12.65,72.1,9,2.3,103.5,4.210,-4.4,0,1,36328
2026-04-18T16:47:37,11.765819,-73.801559,44.3,13.25,60.3,9,2.3,103.5,4.210,-4.4,0,1,36329
2026-04-18T16:48:06,11.766557,-73.799774,26.2,13.62,64.3,9,2.3,103.5,4.210,-4.4,0,1,36330
2026-04-18T16:48:35,11.767445,-73.798027,28.4,14.49,67.4,8,2.4,103.5,4.211,-4.4,0,1,36331
2026-04-18T16:49:04,11.768228,-73.796326,35.4,13.37,63.7,8,2.4,103.7,4.210,-4.2,0,1,36332
2026-04-18T16:49:33,11.768972,-73.794563,36.1,14.15,63.8,9,1.1,103.5,4.210,-4.4,0,1,36333
2026-04-18T16:50:02,11.769816,-73.792839,35.3,14.28,60.7,8,2.4,103.4,4.209,-4.2,0,1,36334
2026-04-18T16:50:31,11.770723,-73.791092,38.0,14.34,65.5,8,2.5,103.5,4.210,-4.4,0,1,36335
2026-04-18T16:50:59,11.771559,-73.789421,38.8,13.13,65.8,8,2.5,103.7,4.210,-4.2,0,1,36336
2026-04-18T16:51:28,11.772388,-73.787720,38.0,12.57,60.1,8,2.5,103.5,4.210,-4.4,0,1,36337
2026-04-18T16:51:57,11.773216,-73.785973,30.5,14.32,62.6,8,2.5,103.5,4.210,-4.4,0,1,36338
2026-04-18T16:52:26,11.773940,-73.784233,19.3,15.41,72.1,8,2.5,103.5,4.210,-4.4,0,1,36339
2026-04-18T16:52:54,11.774841,-73.782555,16.3,14.63,59.9,9,1.1,103.2,4.209,-4.2,0,1,36340
2026-04-18T16:53:23,11.775465,-73.780785,25.3,12.60,73.7,8,2.5,103.5,4.210,-4.4,0,1,36341
2026-04-18T16:53:52,11.776420,-73.779076,12.6,14.54,58.1,8,2.5,103.4,4.210,-4.2,0,1,36342
2026-04-18T16:54:21,11.777296,-73.777344,17.7,14.27,68.2,8,2.6,103.5,4.209,-4.4,0,1,36343
2026-04-18T16:54:49,11.778009,-73.775597,11.3,14.23,66.3,8,2.6,103.7,4.210,-4.2,0,1,36344
2026-04-18T16:55:18,11.778903,-73.773865,19.4,14.65,62.5,7,2.6,103.5,4.209,-4.4,0,1,36345
2026-04-18T16:55:47,11.779634,-73.772110,11.0,14.01,68.0,8,2.6,103.5,4.209,-4.4,0,1,36346
2026-04-18T16:56:16,11.780615,-73.770416,19.4,13.82,61.5,8,2.6,103.4,4.209,-4.2,0,1,36347
2026-04-18T16:56:45,11.781478,-73.768707,17.5,13.66,56.9,8,2.6,103.7,4.209,-4.2,0,1,36348
2026-04-18T16:57:14,11.782233,-73.766968,19.1,12.70,62.6,8,2.6,103.4,4.209,-4.2,0,1,36349
2026-04-18T16:57:43,11.783132,-73.765213,8.6,14.87,59.0,9,1.1,103.5,4.209,-4.4,0,1,36350
2026-04-18T16:58:12,11.783811,-73.763428,5.3,14.15,70.5,9,1.1,103.5,4.210,-4.4,0,1,36351
2026-04-18T16:58:41,11.784534,-73.761597,9.6,14.27,74.2,8,2.7,103.5,4.210,-4.4,0,1,36352
2026-04-18T16:59:09,11.785381,-73.759926,8.4,14.74,68.1,8,2.7,103.5,4.209,-4.4,0,1,36353
2026-04-18T16:59:38,11.786185,-73.758179,11.4,13.37,65.7,8,2.7,103.4,4.209,-4.2,0,1,36354
2026-04-18T17:00:07,11.787005,-73.756462,8.5,14.08,67.3,7,2.7,103.4,4.209,-4.2,0,1,36355
2026-04-18T17:00:36,11.787878,-73.754723,11.2,14.09,62.5,8,2.7,103.5,4.210,-4.4,0,1,36356
2026-04-18T17:01:05,11.788584,-73.752975,7.1,13.22,72.6,8,1.1,103.8,4.209,-4.2,0,1,36357
2026-04-18T17:01:34,11.789406,-73.751266,7.5,14.39,62.8,9,1.1,103.5,4.209,2755.8,0,1,36358
2026-04-18T17:02:03,11.790189,-73.749489,6.5,13.60,66.9,8,2.7,103.5,4.209,-4.4,0,1,36359
2026-04-18T17:02:32,11.790996,-73.747765,3.3,13.17,63.7,8,2.7,103.8,4.210,-4.2,0,1,36360
2026-04-18T17:03:01,11.791736,-73.745956,8.8,14.69,69.0,8,2.7,103.4,4.209,-4.2,0,1,36361
2026-04-18T17:03:29,11.792480,-73.744278,6.2,13.96,66.0,9,1.1,103.7,4.209,-4.2,0,1,36362
2026-04-18T17:03:58,11.793242,-73.742561,3.5,13.77,61.5,7,4.7,103.5,4.210,-4.4,0,1,36363
2026-04-18T17:04:27,11.793915,-73.740784,1.6,14.06,65.0,7,2.8,103.5,4.210,-4.4,0,1,36364
2026-04-18T17:04:56,11.794538,-73.739014,17.0,14.37,64.3,8,2.3,103.5,4.209,-4.4,0,1,36365
2026-04-18T17:05:25,11.795392,-73.737312,18.9,14.42,65.6,8,2.3,103.4,4.210,-4.2,0,1,36366
2026-04-18T17:05:54,11.796369,-73.735573,8.8,15.81,64.2,8,2.3,103.5,4.210,-4.4,0,1,36367
2026-04-18T17:06:23,11.797158,-73.733841,13.3,14.70,58.7,8,2.3,103.5,4.209,-4.4,0,1,36368
2026-04-18T17:06:52,11.797996,-73.732109,7.0,13.36,67.9,7,2.4,103.5,4.211,-4.4,0,1,36369
2026-04-18T17:07:21,11.798741,-73.730354,1.5,17.24,50.5,8,2.4,103.5,4.210,-4.4,0,1,36370
2026-04-18T17:07:50,11.799504,-73.728653,11.9,13.33,57.4,8,2.4,103.5,4.209,-4.4,0,1,36371
2026-04-18T17:08:19,11.800292,-73.726913,11.4,13.64,65.1,8,2.4,103.4,4.209,-4.2,0,1,36372
2026-04-18T17:08:48,11.801175,-73.725220,19.6,13.69,61.4,8,2.4,103.5,4.209,-4.4,0,1,36373
2026-04-18T17:09:17,11.801927,-73.723564,28.7,13.75,64.8,8,2.4,103.4,4.210,-4.2,0,1,36374
2026-04-18T17:09:46,11.802753,-73.721893,25.9,13.78,63.8,8,2.4,103.2,4.209,-4.2,0,1,36375
2026-04-18T17:10:15,11.803427,-73.720039,34.5,13.26,66.8,8,2.4,103.5,4.210,-4.4,0,1,36376
2026-04-18T17:10:44,11.804185,-73.718315,39.7,13.92,70.4,8,2.4,103.4,4.210,2751.6,0,1,36377
2026-04-18T17:11:13,11.804981,-73.716614,38.9,13.61,66.7,8,2.4,103.5,4.209,-4.4,0,1,36378
2026-04-18T17:11:42,11.805786,-73.714867,35.0,14.06,64.7,8,2.4,103.2,4.210,-4.2,0,1,36379
2026-04-18T17:12:11,11.806604,-73.713173,37.6,13.68,66.7,8,2.4,103.5,4.209,-4.4,0,1,36380
2026-04-18T17:12:40,11.807417,-73.711441,38.3,13.50,63.7,8,2.4,103.4,4.209,-4.2,0,1,36381
2026-04-18T17:13:09,11.808209,-73.709755,29.7,12.56,66.7,8,2.4,103.4,4.210,-4.2,0,1,36382
2026-04-18T17:13:38,11.809083,-73.707947,19.8,13.50,63.7,8,2.4,103.4,4.209,-4.2,0,1,36383
2026-04-18T17:14:07,11.809958,-73.706299,14.2,13.13,65.5,8,2.4,103.5,4.210,-4.4,0,1,36384
2026-04-18T17:14:36,11.810728,-73.704590,13.3,13.70,66.4,8,2.4,103.4,4.210,-4.2,0,1,36385
2026-04-18T17:15:05,11.811566,-73.702888,14.0,13.79,67.8,8,2.4,103.7,4.210,-4.2,0,1,36386
2026-04-18T17:15:34,11.812366,-73.701172,9.6,13.63,67.1,8,2.4,103.5,4.210,-4.4,0,1,36387
2026-04-18T17:16:03,11.813152,-73.699440,11.7,13.28,65.1,8,2.4,103.5,4.209,-4.4,0,1,36388
2026-04-18T17:16:32,11.813947,-73.697769,9.7,13.10,61.8,9,1.7,103.4,4.209,-4.2,0,1,36389
2026-04-18T17:17:01,11.814876,-73.696075,-0.6,14.16,62.2,9,1.7,103.5,4.210,-4.4,0,1,36390
2026-04-18T17:17:29,11.815554,-73.694389,-3.4,14.29,65.3,9,1.7,103.5,4.209,-4.4,0,1,36391
2026-04-18T17:17:58,11.816283,-73.692688,-8.0,14.62,61.0,9,1.7,103.5,4.209,-4.4,0,1,36392
2026-04-18T17:18:27,11.817008,-73.690926,-12.1,13.91,69.6,9,1.7,103.4,4.210,-4.2,0,1,36393
2026-04-18T17:18:56,11.817710,-73.689186,-15.7,14.10,69.5,9,1.7,103.5,4.210,-4.4,0,1,36394
2026-04-18T17:19:25,11.818500,-73.687477,-21.6,13.66,57.9,9,1.7,103.4,4.209,-4.2,0,1,36395
2026-04-18T17:19:54,11.819279,-73.685806,-10.8,13.71,64.4,9,1.7,103.5,4.211,-4.4,0,1,36396
2026-04-18T17:20:23,11.820096,-73.684105,-7.6,13.78,63.7,9,1.7,103.5,4.210,-4.4,0,1,36397
2026-04-18T17:20:52,11.821088,-73.682419,-4.3,13.40,66.3,9,1.7,103.4,4.210,2751.6,0,1,36398
2026-04-18T17:21:21,11.821931,-73.680702,0.0,13.94,62.7,9,1.7,103.4,4.210,-4.2,0,1,36399
2026-04-18T17:21:49,11.822628,-73.679031,3.0,13.50,67.1,9,1.7,103.2,4.209,-4.2,0,1,36400
2026-04-18T17:22:18,11.823455,-73.677330,6.0,12.58,68.8,9,1.7,103.5,4.210,-4.4,0,1,36401
2026-04-18T17:22:47,11.824189,-73.675621,4.4,14.28,66.0,9,1.7,103.5,4.210,-4.4,0,1,36402
2026-04-18T17:23:16,11.824944,-73.673904,5.7,13.22,63.4,9,1.7,103.7,4.209,-4.2,0,1,36403
2026-04-18T17:23:44,11.825616,-73.672226,4.2,13.67,69.5,9,1.7,103.7,4.210,-4.2,0,1,36404
2026-04-18T17:24:13,11.826572,-73.670563,4.9,13.10,61.1,9,1.6,103.7,4.207,-4.2,0,1,36405
2026-04-18T17:24:42,11.827243,-73.668816,8.0,13.59,67.6,9,1.6,103.7,4.211,-4.2,0,1,36406
2026-04-18T17:25:11,11.827985,-73.667076,11.3,14.05,60.8,9,1.6,103.5,4.209,-4.4,0,1,36407
2026-04-18T17:25:39,11.828712,-73.665443,16.3,13.68,60.1,9,1.6,103.7,4.209,-4.2,0,1,36408
2026-04-18T17:26:08,11.829434,-73.663727,13.8,13.96,66.6,9,1.6,103.4,4.210,-4.2,0,1,36409
2026-04-18T17:26:37,11.830278,-73.662018,14.0,13.19,64.2,9,1.6,103.5,4.210,-4.4,0,1,36410
2026-04-18T17:27:06,11.831015,-73.660278,22.3,14.12,71.2,9,1.6,103.4,4.210,-4.2,0,1,36411
2026-04-18T17:27:34,11.831813,-73.658615,9.8,13.37,64.1,10,1.4,103.7,4.211,-4.2,0,1,36412
2026-04-18T17:28:03,11.832671,-73.656944,4.3,13.68,60.4,10,1.4,103.4,4.210,-4.2,0,1,36413
2026-04-18T17:28:32,11.833450,-73.655212,1.6,13.08,60.0,10,1.4,103.7,4.211,-4.2,0,1,36414
2026-04-18T17:29:01,11.834248,-73.653496,-0.1,13.85,59.1,10,1.4,103.4,4.210,-4.2,0,1,36415
2026-04-18T17:29:30,11.835006,-73.651779,-0.5,12.75,66.1,9,1.4,103.4,4.210,-4.2,0,1,36416
2026-04-18T17:29:59,11.835940,-73.650070,-2.5,13.28,61.8,10,1.4,103.4,4.209,-4.2,0,1,36417
2026-04-18T17:30:28,11.836723,-73.648247,3.7,15.35,60.7,10,1.4,103.2,4.209,-4.2,0,1,36418
2026-04-18T17:30:57,11.837522,-73.646561,2.7,14.26,64.1,10,1.4,103.4,4.211,-4.2,0,1,36419
2026-04-18T17:31:26,11.838358,-73.644852,6.5,13.78,64.8,10,1.4,103.5,4.209,-4.4,0,1,36420
2026-04-18T17:31:54,11.839030,-73.643158,2.9,13.03,64.6,10,1.4,103.4,4.209,-4.2,0,1,36421
2026-04-18T17:32:23,11.839895,-73.641495,3.0,13.78,62.3,10,1.4,103.5,4.210,-4.4,0,1,36422
2026-04-18T17:32:52,11.840637,-73.639786,5.0,13.14,57.5,10,1.4,103.4,4.211,-4.2,0,1,36423
2026-04-18T17:33:21,11.841353,-73.638054,-0.2,12.45,65.1,10,1.4,103.5,4.209,-4.4,0,1,36424
2026-04-18T17:33:49,11.842071,-73.636429,-3.8,12.71,63.9,10,1.4,103.5,4.209,-4.4,0,1,36425
2026-04-18T17:34:18,11.842866,-73.634705,-1.6,14.06,64.1,10,1.3,103.4,4.210,-4.2,0,1,36426
2026-04-18T17:34:47,11.843765,-73.633003,9.8,13.33,69.3,10,1.3,103.4,4.211,-4.2,0,1,36427
2026-04-18T17:35:16,11.844507,-73.631287,13.7,12.57,61.4,10,1.3,103.5,4.209,-4.4,0,1,36428
2026-04-18T17:35:44,11.845139,-73.629593,4.0,13.14,69.7,10,1.3,103.4,4.210,-4.2,0,1,36429
2026-04-18T17:36:13,11.845834,-73.627899,-9.6,14.19,64.5,10,1.3,103.4,4.209,-4.2,0,1,36430
2026-04-18T17:36:42,11.846620,-73.626183,-6.0,13.34,66.2,9,1.3,103.5,4.209,-4.4,0,1,36431
2026-04-18T17:37:11,11.847457,-73.624458,-7.9,14.08,64.9,10,1.3,103.5,4.207,-4.4,0,1,36432
2026-04-18T17:37:39,11.848148,-73.622803,-7.9,13.56,64.7,10,1.3,103.4,4.210,-4.2,0,1,36433
2026-04-18T17:38:08,11.848962,-73.621040,1.7,14.16,65.6,10,1.3,103.7,4.210,-4.2,0,1,36434
2026-04-18T17:38:37,11.849593,-73.619331,0.1,13.77,65.8,10,1.3,103.5,4.209,-4.4,0,1,36435
2026-04-18T17:39:06,11.850343,-73.617615,2.0,14.31,62.5,9,1.5,103.4,4.210,-4.2,0,1,36436
2026-04-18T17:39:34,11.851180,-73.615913,7.4,13.73,61.6,10,1.3,103.4,4.209,-4.2,0,1,36437
2026-04-18T17:40:03,11.851933,-73.614220,10.4,13.61,65.4,10,1.3,103.5,4.209,-4.4,0,1,36438
2026-04-18T17:40:32,11.852723,-73.612495,9.7,13.47,65.6,10,1.3,103.4,4.210,-4.2,0,1,36439
2026-04-18T17:41:01,11.853490,-73.610756,9.4,13.42,63.6,10,1.3,103.7,4.211,-4.2,0,1,36440
2026-04-18T17:41:29,11.854254,-73.609108,11.8,13.30,64.5,10,1.3,103.5,4.209,-4.4,0,1,36441
2026-04-18T17:41:58,11.855046,-73.607384,9.9,14.04,64.2,9,1.5,103.5,4.209,-4.4,0,1,36442
2026-04-18T17:42:27,11.855721,-73.605629,13.2,13.81,69.9,10,1.3,103.4,4.209,-4.2,0,1,36443
2026-04-18T17:42:56,11.856503,-73.603844,12.0,13.49,67.9,10,1.2,103.5,4.210,-4.4,0,1,36444
2026-04-18T17:43:24,11.857209,-73.602180,12.8,12.98,64.0,9,1.5,103.2,4.209,-4.2,0,1,36445
2026-04-18T17:43:53,11.857940,-73.600456,12.6,13.10,63.4,9,1.5,103.5,4.211,-4.4,0,1,36446
2026-04-18T17:44:22,11.858715,-73.598747,15.9,13.95,64.2,10,1.2,103.4,4.210,-4.2,0,1,36447
2026-04-18T17:44:51,11.859502,-73.596985,16.1,14.07,71.2,10,1.2,103.5,4.209,-4.4,0,1,36448
2026-04-18T17:45:19,11.860248,-73.595314,15.6,14.00,62.4,9,1.5,103.4,4.207,-4.2,0,1,36449
2026-04-18T17:45:48,11.861003,-73.593620,14.0,13.02,66.1,9,1.5,103.5,4.210,-4.4,0,1,36450
2026-04-18T17:46:17,11.861700,-73.591866,16.3,13.76,67.7,10,1.2,103.5,4.211,-4.4,0,1,36451
2026-04-18T17:46:46,11.862598,-73.590141,25.1,13.32,61.9,9,1.6,103.5,4.209,-4.4,0,1,36452
2026-04-18T17:47:15,11.863444,-73.588448,36.6,13.77,63.2,9,1.6,103.4,4.210,-4.2,0,1,36453
2026-04-18T17:47:44,11.864252,-73.586693,43.3,13.36,65.6,9,1.6,103.4,4.210,2751.6,0,1,36454
2026-04-18T17:48:13,11.865040,-73.584969,45.9,14.54,70.5,9,1.6,103.2,4.210,-4.2,0,1,36455
2026-04-18T17:48:42,11.865845,-73.583229,49.7,13.43,63.4,9,1.6,103.4,4.209,-4.2,0,1,36456
2026-04-18T17:49:11,11.866665,-73.581520,56.8,13.43,60.3,9,1.5,103.5,4.209,-4.4,0,1,36457
2026-04-18T17:49:40,11.867403,-73.579773,49.7,13.69,65.0,9,1.5,103.4,4.209,-4.2,0,1,36458
2026-04-18T17:50:09,11.868087,-73.578011,47.7,14.24,64.0,9,1.5,103.4,4.210,-4.2,0,1,36459
2026-04-18T17:50:38,11.868921,-73.576340,49.3,13.66,63.1,9,1.5,103.5,4.210,-4.4,0,1,36460
2026-04-18T17:51:07,11.869708,-73.574600,43.3,14.22,66.3,9,1.5,103.5,4.210,-4.4,0,1,36461
2026-04-18T17:51:36,11.870388,-73.572899,44.2,12.99,65.5,9,1.5,103.4,4.209,-4.2,0,1,36462
2026-04-18T17:52:04,11.871051,-73.571190,40.8,13.40,65.9,9,1.5,103.5,4.210,-4.4,0,1,36463
2026-04-18T17:52:33,11.871685,-73.569489,32.8,12.61,64.9,9,1.5,103.5,4.209,-4.4,0,1,36464
2026-04-18T17:53:02,11.872416,-73.567703,26.0,13.97,69.1,9,1.5,103.4,4.209,-4.2,0,1,36465
2026-04-18T17:53:31,11.873190,-73.565994,23.2,13.28,69.0,8,1.5,103.5,4.209,-4.4,0,1,36466
2026-04-18T17:53:59,11.873951,-73.564323,34.5,13.82,61.6,8,1.5,103.5,4.210,-4.4,0,1,36467
2026-04-18T17:54:28,11.874786,-73.562637,49.2,12.40,67.8,9,1.5,103.5,4.210,-4.4,0,1,36468
2026-04-18T17:54:57,11.875618,-73.560890,54.7,14.15,63.1,9,1.5,103.5,4.209,-4.4,0,1,36469
2026-04-18T17:55:26,11.876342,-73.559135,47.7,13.52,65.7,9,1.5,103.4,4.210,-4.2,0,1,36470
2026-04-18T17:55:54,11.877180,-73.557465,41.0,14.68,59.9,9,1.4,103.4,4.210,-4.2,0,1,36471
2026-04-18T17:56:23,11.877780,-73.555763,35.9,13.31,64.2,9,1.4,103.2,4.209,-4.2,0,1,36472
2026-04-18T17:56:52,11.878427,-73.553993,27.5,13.44,66.8,9,1.4,103.5,4.210,-4.4,0,1,36473
2026-04-18T17:57:21,11.879240,-73.552299,31.8,13.16,63.5,9,1.4,103.5,4.210,-4.4,0,1,36474
2026-04-18T17:57:49,11.880101,-73.550629,26.9,13.79,63.5,8,1.5,103.4,4.210,-4.2,0,1,36475
2026-04-18T17:58:18,11.880873,-73.548920,19.3,13.86,60.6,9,1.4,103.4,4.209,-4.2,0,1,36476
2026-04-18T17:58:47,11.881467,-73.547180,19.5,13.39,67.5,9,1.4,103.4,4.206,-4.2,0,1,36477
2026-04-18T17:59:16,11.882278,-73.545418,22.2,14.63,60.1,8,1.7,103.4,4.209,-4.2,0,1,36478
2026-04-18T17:59:45,11.883086,-73.543701,26.4,14.52,58.4,8,1.7,103.5,4.209,-4.4,0,1,36479
2026-04-18T18:00:14,11.883792,-73.541985,24.7,13.59,62.5,9,1.4,103.4,4.209,2751.6,0,1,36480
2026-04-18T18:00:43,11.884527,-73.540245,17.5,13.99,62.3,8,1.7,103.5,4.209,-4.4,0,1,36481
2026-04-18T18:01:12,11.885121,-73.538498,10.7,14.33,65.6,8,1.7,103.5,4.209,-4.4,0,1,36482
2026-04-18T18:01:41,11.885847,-73.536812,8.3,12.88,63.7,8,1.7,103.7,4.209,-4.2,0,1,36483
2026-04-18T18:02:09,11.886531,-73.535164,-2.1,12.94,63.4,7,1.7,103.4,4.210,-4.2,0,1,36484
2026-04-18T18:02:38,11.887310,-73.533470,-2.8,13.81,64.7,8,1.7,103.7,4.210,-4.2,0,1,36485
2026-04-18T18:03:07,11.888075,-73.531723,-2.3,12.82,62.3,8,1.7,103.4,4.210,-4.2,0,1,36486
2026-04-18T18:03:36,11.888815,-73.530052,-7.1,13.23,67.5,8,1.6,103.7,4.209,-4.2,0,1,36487
2026-04-18T18:04:05,11.889459,-73.528259,-13.8,14.16,63.1,8,1.6,103.5,4.209,-4.4,0,1,36488
2026-04-18T18:04:34,11.890184,-73.526573,-15.1,13.10,67.4,8,1.6,103.5,4.210,-4.4,0,1,36489
2026-04-18T18:05:03,11.890962,-73.524879,-12.6,13.80,63.4,8,1.6,103.7,4.207,-4.2,0,1,36490
2026-04-18T18:05:32,11.891670,-73.523117,-19.1,14.04,66.9,9,1.3,103.4,4.207,-4.2,0,1,36491
2026-04-18T18:06:01,11.892394,-73.521400,-23.0,13.59,64.7,8,1.6,103.4,4.210,-4.2,0,1,36492
2026-04-18T18:06:29,11.893200,-73.519730,-15.4,14.70,63.1,8,1.6,103.5,4.210,-4.4,0,1,36493
2026-04-18T18:06:58,11.894022,-73.518013,-0.3,13.88,64.0,9,1.3,103.5,4.210,-4.4,0,1,36494
2026-04-18T18:07:27,11.894886,-73.516281,3.1,14.54,65.7,7,1.6,103.5,4.210,-4.4,0,1,36495
2026-04-18T18:07:56,11.895717,-73.514557,5.3,14.25,64.2,7,1.6,103.5,4.210,-4.4,0,1,36496
2026-04-18T18:08:24,11.896479,-73.512917,9.5,14.11,66.0,9,1.3,103.5,4.209,-4.4,0,1,36497
2026-04-18T18:08:53,11.897209,-73.511215,7.8,12.69,67.1,9,1.3,103.4,4.209,-4.2,0,1,36498
2026-04-18T18:09:22,11.897825,-73.509407,-17.6,13.55,66.2,7,1.6,103.2,4.209,-4.2,0,1,36499
2026-04-18T18:09:51,11.898431,-73.507645,-39.5,13.43,64.5,8,1.3,103.5,4.210,-4.4,0,1,36500
2026-04-18T18:10:19,11.899051,-73.505943,-63.9,12.82,67.6,8,1.3,103.2,4.210,-4.2,0,1,36501
2026-04-18T18:10:48,11.899754,-73.504211,-77.2,13.34,66.6,7,1.6,103.4,4.210,-4.2,0,1,36502
2026-04-18T18:11:17,11.900545,-73.502548,-72.6,12.50,68.1,8,1.3,103.5,4.210,-4.4,0,1,36503
2026-04-18T18:11:46,11.901357,-73.500854,-61.2,12.12,66.7,7,1.6,103.4,4.210,-4.2,0,1,36504
2026-04-18T18:12:14,11.902202,-73.499222,-37.7,12.77,58.9,8,1.3,103.4,4.209,-4.2,0,1,36505
2026-04-18T18:12:43,11.903029,-73.497566,-15.5,12.92,67.0,8,1.3,103.4,4.210,-4.2,0,1,36506
2026-04-18T18:13:12,11.903843,-73.495911,6.2,13.89,65.3,7,1.5,103.4,4.209,-4.2,0,1,36507
2026-04-18T18:13:41,11.904666,-73.494202,28.6,13.51,63.0,7,1.5,103.5,4.209,-4.4,0,1,36508
2026-04-18T18:14:09,11.905523,-73.492577,40.3,12.78,64.4,6,1.6,103.4,4.209,-4.2,0,1,36509
2026-04-18T18:14:38,11.906328,-73.490860,48.5,13.15,66.9,8,1.3,103.7,4.209,-4.2,0,1,36510
2026-04-18T18:15:07,11.907094,-73.489098,59.6,13.40,65.6,7,1.5,103.4,4.209,-4.2,0,1,36511
2026-04-18T18:15:36,11.907972,-73.487389,68.7,12.94,67.3,7,1.5,103.4,4.210,-4.2,0,1,36512
2026-04-18T18:16:04,11.908740,-73.485695,75.1,14.03,65.0,7,1.5,103.4,4.209,-4.2,0,1,36513
2026-04-18T18:16:33,11.909541,-73.483978,84.9,13.14,64.4,7,1.5,103.2,4.210,-4.2,0,1,36514
2026-04-18T18:17:02,11.910383,-73.482277,95.2,13.65,62.5,7,1.5,103.7,4.210,-4.2,0,1,36515
2026-04-18T18:17:31,11.911132,-73.480537,107.3,13.05,66.3,8,1.2,103.7,4.210,-4.2,0,1,36516
2026-04-18T18:17:59,11.911903,-73.478912,116.8,13.42,64.5,8,1.2,103.5,4.209,-4.4,0,1,36517
2026-04-18T18:18:28,11.912620,-73.477180,110.2,13.37,66.0,8,1.2,103.5,4.209,-4.4,0,1,36518
2026-04-18T18:18:57,11.913254,-73.475388,93.6,14.49,70.3,7,1.5,103.4,4.209,-4.2,0,1,36519
2026-04-18T18:19:26,11.913920,-73.473618,58.8,13.89,65.0,7,1.5,103.5,4.210,-4.4,0,1,36520
2026-04-18T18:19:54,11.914488,-73.471939,30.2,13.38,68.0,8,1.2,103.4,4.209,-4.2,0,1,36521
2026-04-18T18:20:23,11.915296,-73.470184,36.0,13.74,63.5,7,1.4,103.7,4.209,-4.2,0,1,36522
2026-04-18T18:20:52,11.916016,-73.468445,20.5,12.96,65.1,7,1.4,103.5,4.209,-4.4,0,1,36523
2026-04-18T18:21:21,11.916741,-73.466698,8.7,13.67,66.0,7,1.4,103.4,4.209,-4.2,0,1,36524
2026-04-18T18:21:50,11.917466,-73.464996,12.4,14.62,64.7,7,1.4,103.4,4.209,2751.6,0,1,36525
2026-04-18T18:22:19,11.918279,-73.463249,17.2,13.46,65.1,7,1.4,103.5,4.210,-4.4,0,1,36526
2026-04-18T18:22:48,11.919060,-73.461510,33.7,13.54,69.2,7,1.4,103.4,4.209,-4.2,0,1,36527
2026-04-18T18:23:17,11.919882,-73.459900,54.3,13.44,62.3,7,1.4,103.5,4.210,-4.4,0,1,36528
2026-04-18T18:23:46,11.920727,-73.458130,68.2,14.83,64.2,7,1.4,103.4,4.209,-4.2,0,1,36529
2026-04-18T18:24:14,11.921456,-73.456490,64.3,12.74,72.2,7,1.4,103.5,4.210,-4.4,0,1,36530
2026-04-18T18:24:43,11.922108,-73.454781,63.3,11.62,73.9,6,2.6,103.5,4.209,-4.4,0,1,36531
2026-04-18T18:25:12,11.922878,-73.453049,67.2,13.40,72.2,7,1.4,103.5,4.210,-4.4,0,1,36532
2026-04-18T18:25:41,11.923735,-73.451302,73.1,13.65,66.7,6,1.4,103.7,4.210,-4.2,0,1,36533
2026-04-18T18:26:09,11.924470,-73.449738,64.9,13.14,65.2,7,1.4,103.5,4.210,-4.4,0,1,36534
2026-04-18T18:26:38,11.925259,-73.448013,54.6,13.33,66.6,7,1.4,103.2,4.209,-4.2,0,1,36535
2026-04-18T18:27:07,11.926174,-73.446281,53.0,13.71,67.1,7,1.4,103.4,4.210,-4.2,0,1,36536
2026-04-18T18:27:36,11.926829,-73.444542,47.1,14.18,68.5,7,1.3,103.4,4.210,-4.2,0,1,36537
2026-04-18T18:28:04,11.927456,-73.442856,15.7,13.28,74.1,7,1.3,103.5,4.210,-4.4,0,1,36538
2026-04-18T18:28:33,11.928199,-73.441154,4.5,13.02,71.6,6,2.4,103.4,4.210,-4.2,0,1,36539
2026-04-18T18:29:02,11.929002,-73.439377,-4.9,13.88,65.5,7,1.3,103.4,4.210,-4.2,0,1,36540
2026-04-18T18:29:31,11.929702,-73.437653,-11.0,14.90,68.3,6,2.4,103.4,4.209,-4.2,0,1,36541
2026-04-18T18:29:59,11.930505,-73.435959,-20.3,12.74,65.4,7,1.3,103.2,4.210,-4.2,0,1,36542
2026-04-18T18:30:28,11.931254,-73.434250,-23.0,12.99,66.7,7,1.3,103.4,4.209,-4.2,0,1,36543
2026-04-18T18:30:57,11.932043,-73.432503,-27.7,14.66,66.0,6,2.3,103.4,4.210,-4.2,0,1,36544
2026-04-18T18:31:26,11.932810,-73.430817,-29.4,13.09,65.2,6,2.3,103.5,4.210,-4.4,0,1,36545
2026-04-18T18:31:54,11.933574,-73.429100,-30.6,13.78,69.1,7,1.3,103.4,4.209,-4.2,0,1,36546
2026-04-18T18:32:23,11.934410,-73.427429,-28.9,14.01,62.8,7,1.3,103.5,4.210,-4.4,0,1,36547
2026-04-18T18:32:52,11.935204,-73.425613,-35.0,14.27,65.6,7,1.3,103.5,4.209,-4.4,0,1,36548
2026-04-18T18:33:21,11.936015,-73.423882,-37.1,13.34,66.7,7,1.3,103.5,4.210,-4.4,0,1,36549
2026-04-18T18:33:49,11.936817,-73.422211,-39.5,13.90,66.1,7,1.3,103.4,4.209,-4.2,0,1,36550
2026-04-18T18:34:18,11.937593,-73.420464,-41.0,14.22,66.4,7,1.3,103.5,4.207,-4.4,0,1,36551
2026-04-18T18:34:47,11.938398,-73.418724,-42.9,13.63,67.7,7,1.3,103.4,4.209,-4.2,0,1,36552
2026-04-18T18:35:16,11.939109,-73.416962,-47.9,13.44,71.3,7,1.3,103.5,4.209,-4.4,0,1,36553
2026-04-18T18:35:45,11.939920,-73.415222,-49.1,14.02,67.4,7,1.3,103.7,4.209,-4.2,0,1,36554
2026-04-18T18:36:14,11.940695,-73.413513,-48.2,13.41,67.1,7,1.2,103.4,4.209,-4.2,0,1,36555
2026-04-18T18:36:43,11.941512,-73.411736,-44.4,13.87,65.5,8,1.2,103.4,4.210,-4.2,0,1,36556
2026-04-18T18:37:12,11.942408,-73.409966,-16.8,13.85,65.0,7,2.0,103.5,4.210,-4.4,0,1,36557
2026-04-18T18:37:41,11.943291,-73.408257,18.1,14.12,64.4,8,1.2,103.5,4.209,-4.4,0,1,36558
2026-04-18T18:38:10,11.944020,-73.406441,0.5,13.75,62.4,9,1.1,103.4,4.207,-4.2,0,1,36559
2026-04-18T18:38:39,11.944736,-73.404701,-4.6,13.69,67.2,8,1.9,103.2,4.210,-4.2,0,1,36560
2026-04-18T18:39:08,11.945492,-73.403008,-19.4,14.09,64.4,8,1.9,103.4,4.211,-4.2,0,1,36561
2026-04-18T18:39:37,11.946209,-73.401253,-13.9,13.57,67.9,9,1.1,103.4,4.209,-4.2,0,1,36562
2026-04-18T18:40:06,11.946954,-73.399467,-7.5,13.46,73.1,8,1.9,103.4,4.210,-4.2,0,1,36563
2026-04-18T18:40:35,11.947650,-73.397751,-4.7,13.12,65.6,8,1.8,103.5,4.209,-4.4,0,1,36564
2026-04-18T18:41:04,11.948401,-73.395988,-5.0,13.52,66.7,8,1.8,103.4,4.210,-4.2,0,1,36565
2026-04-18T18:41:33,11.949132,-73.394203,-10.6,14.61,64.4,7,1.9,103.4,4.209,-4.2,0,1,36566
2026-04-18T18:42:02,11.949935,-73.392479,-11.6,14.27,67.1,9,1.1,103.5,4.210,-4.4,0,1,36567
2026-04-18T18:42:31,11.950747,-73.390732,-6.9,13.26,66.8,8,1.2,103.5,4.209,-4.4,0,1,36568
2026-04-18T18:42:59,11.951497,-73.389053,-7.7,13.99,67.5,9,1.1,103.4,4.207,-4.2,0,1,36569
2026-04-18T18:43:28,11.952376,-73.387306,-1.1,14.00,63.5,8,1.8,103.5,4.211,-4.4,0,1,36570
2026-04-18T18:43:57,11.953194,-73.385574,1.6,13.85,65.9,8,1.7,103.4,4.209,-4.2,0,1,36571
2026-04-18T18:44:26,11.954092,-73.383858,-7.2,13.89,66.7,9,1.1,103.4,4.210,-4.2,0,1,36572
2026-04-18T18:44:54,11.954879,-73.382156,-1.2,13.50,69.6,9,1.1,103.4,4.209,-4.2,0,1,36573
2026-04-18T18:45:23,11.955700,-73.380379,9.4,14.85,62.3,8,1.7,103.4,4.209,-4.2,0,1,36574
2026-04-18T18:45:52,11.956515,-73.378647,13.7,14.34,66.3,8,1.7,103.7,4.209,-4.2,0,1,36575
2026-04-18T18:46:21,11.957328,-73.376915,12.8,13.39,65.8,8,1.7,103.4,4.210,-4.2,0,1,36576
2026-04-18T18:46:49,11.958001,-73.375229,13.6,14.26,66.9,7,2.3,103.4,4.209,-4.2,0,1,36577
2026-04-18T18:47:18,11.958812,-73.373482,18.5,14.42,61.9,8,1.6,103.2,4.210,-4.2,0,1,36578
2026-04-18T18:47:47,11.959532,-73.371719,19.2,14.08,65.5,6,3.1,103.5,4.210,-4.4,0,1,36579
2026-04-18T18:48:16,11.960340,-73.369995,29.1,13.94,65.5,8,1.6,103.5,4.209,-4.4,0,1,36580
2026-04-18T18:48:44,11.961150,-73.368324,32.1,14.24,63.1,8,1.6,103.4,4.209,-4.2,0,1,36581
2026-04-18T18:49:13,11.961928,-73.366570,28.6,13.34,67.6,8,1.6,103.4,4.209,-4.2,0,1,36582
2026-04-18T18:49:42,11.962735,-73.364807,24.5,13.84,66.1,8,1.6,103.4,4.210,-4.2,0,1,36583
2026-04-18T18:50:11,11.963538,-73.363060,28.7,13.65,61.9,8,1.6,103.4,4.210,-4.2,0,1,36584
2026-04-18T18:50:40,11.964348,-73.361328,26.8,13.57,63.8,8,1.6,103.4,4.209,-4.2,0,1,36585
2026-04-18T18:51:09,11.965088,-73.359535,25.2,14.13,67.3,8,1.5,103.4,4.209,-4.2,0,1,36586
2026-04-18T18:51:38,11.965836,-73.357750,24.7,13.73,66.6,7,1.7,103.5,4.210,-4.4,0,1,36587
2026-04-18T18:52:07,11.966742,-73.356056,7.3,13.59,67.5,9,1.5,103.7,4.211,-4.2,0,1,36588
2026-04-18T18:52:36,11.967564,-73.354301,6.8,12.55,63.8,9,1.5,103.2,4.209,-4.2,0,1,36589
2026-04-18T18:53:04,11.968378,-73.352585,8.0,14.29,63.6,9,1.5,103.4,4.209,-4.2,0,1,36590
2026-04-18T18:53:33,11.969168,-73.350830,4.7,14.24,69.3,9,1.5,103.5,4.210,-4.4,0,1,36591
2026-04-18T18:54:02,11.969961,-73.349060,10.0,13.73,64.0,9,1.5,103.4,4.207,-4.2,0,1,36592
2026-04-18T18:54:31,11.970783,-73.347282,15.2,14.57,64.6,9,1.5,103.5,4.210,-4.4,0,1,36593
2026-04-18T18:54:59,11.971619,-73.345589,15.6,14.44,64.9,9,1.5,103.5,4.210,-4.4,0,1,36594
2026-04-18T18:55:28,11.972433,-73.343811,18.4,14.01,65.2,9,1.4,103.2,4.210,-4.2,0,1,36595
2026-04-18T18:55:57,11.973285,-73.341995,25.4,14.08,65.0,9,1.4,103.4,4.209,-4.2,0,1,36596
2026-04-18T18:56:26,11.974122,-73.340195,35.8,13.89,67.0,9,1.4,103.4,4.209,-4.2,0,1,36597
2026-04-18T18:56:54,11.974931,-73.338493,36.1,14.78,68.1,9,1.4,103.4,4.210,-4.2,0,1,36598
2026-04-18T18:57:23,11.975677,-73.336700,35.8,13.14,73.0,9,1.4,103.5,4.210,-4.4,0,1,36599
2026-04-18T18:57:52,11.976466,-73.334915,38.3,14.21,67.7,9,1.4,103.5,4.210,-4.4,0,1,36600
2026-04-18T18:58:21,11.977271,-73.333099,38.3,13.55,63.4,9,1.4,103.4,4.210,-4.2,0,1,36601
2026-04-18T18:58:49,11.978037,-73.331406,36.1,13.86,61.5,9,1.4,103.5,4.210,-4.4,0,1,36602
2026-04-18T18:59:18,11.978865,-73.329636,34.8,13.75,66.4,9,1.4,103.4,4.210,-4.2,0,1,36603
2026-04-18T18:59:47,11.979654,-73.327843,32.4,13.97,66.7,9,1.4,103.5,4.210,-4.4,0,1,36604
2026-04-18T19:00:16,11.980453,-73.326088,39.6,13.72,66.8,9,1.4,103.4,4.210,-4.2,0,1,36605
2026-04-18T19:00:44,11.981226,-73.324371,39.8,13.33,64.6,9,1.3,103.4,4.209,-4.2,0,1,36606
2026-04-18T19:01:13,11.982050,-73.322601,37.0,14.11,65.5,9,1.3,103.4,4.207,-4.2,0,1,36607
2026-04-18T19:01:42,11.983013,-73.320831,40.3,13.95,72.4,9,1.3,103.5,4.209,-4.4,0,1,36608
2026-04-18T19:02:11,11.983855,-73.319069,38.4,13.96,62.8,9,1.3,103.4,4.210,-4.2,0,1,36609
2026-04-18T19:02:39,11.984638,-73.317398,41.5,14.26,66.4,9,1.3,103.5,4.210,-4.4,0,1,36610
2026-04-18T19:03:08,11.985438,-73.315666,42.5,13.47,62.8,8,2.0,103.4,4.207,-4.2,0,1,36611
2026-04-18T19:03:37,11.986169,-73.313881,24.8,14.23,64.1,9,1.3,103.4,4.209,-4.2,0,1,36612
2026-04-18T19:04:06,11.987034,-73.312233,11.4,13.91,64.4,9,1.3,103.4,4.210,-4.2,0,1,36613
2026-04-18T19:04:34,11.987810,-73.310547,8.6,13.39,63.5,8,1.9,103.4,4.209,-4.2,0,1,36614
2026-04-18T19:05:03,11.988607,-73.308792,2.1,13.86,64.6,9,1.3,103.4,4.210,-4.2,0,1,36615
2026-04-18T19:05:32,11.989384,-73.307030,1.4,13.44,67.2,9,1.3,103.7,4.209,-4.2,0,1,36616
2026-04-18T19:06:01,11.990135,-73.305298,5.8,13.35,60.9,9,1.3,103.4,4.209,-4.2,0,1,36617
2026-04-18T19:06:29,11.990893,-73.303581,7.4,13.68,67.9,9,1.3,103.4,4.209,-4.2,0,1,36618
2026-04-18T19:06:58,11.991642,-73.301804,12.3,14.10,65.5,8,1.9,103.5,4.210,-4.4,0,1,36619
2026-04-18T19:07:27,11.992323,-73.300049,8.5,13.54,64.0,9,1.2,103.4,4.210,-4.2,0,1,36620
2026-04-18T19:07:56,11.993091,-73.298286,4.8,14.21,66.2,8,1.9,103.4,4.210,-4.2,0,1,36621
2026-04-18T19:08:24,11.993693,-73.296593,-10.0,13.75,67.1,9,1.2,103.5,4.210,-4.4,0,1,36622
2026-04-18T19:08:53,11.994460,-73.294868,-12.0,12.52,66.7,9,1.2,103.5,4.209,-4.4,0,1,36623
2026-04-18T19:09:22,11.995301,-73.293091,0.8,14.04,65.1,9,1.2,103.4,4.209,-4.2,0,1,36624
2026-04-18T19:09:51,11.996040,-73.291328,-4.1,14.28,65.2,8,1.9,103.4,4.210,-4.2,0,1,36625
2026-04-18T19:10:19,11.996778,-73.289650,-1.0,14.24,63.8,9,1.2,103.5,4.211,-4.4,0,1,36626
2026-04-18T19:10:48,11.997592,-73.287888,4.1,13.70,67.9,9,1.2,103.5,4.209,-4.4,0,1,36627
2026-04-18T19:11:17,11.998402,-73.286148,2.5,14.05,68.0,9,1.2,103.4,4.210,-4.2,0,1,36628
2026-04-18T19:11:46,11.999233,-73.284409,2.9,16.36,56.8,8,1.9,103.7,4.209,-4.2,0,1,36629
2026-04-18T19:12:14,12.000010,-73.282784,5.7,12.81,63.8,8,1.8,103.4,4.209,-4.2,0,1,36630
2026-04-18T19:12:43,12.000778,-73.281013,6.0,14.34,63.3,8,1.8,103.4,4.210,-4.2,0,1,36631
2026-04-18T19:13:12,12.001592,-73.279274,6.7,14.00,62.3,8,1.8,103.4,4.210,-4.2,0,1,36632
2026-04-18T19:13:41,12.002383,-73.277534,2.6,15.23,64.8,8,1.8,103.5,4.207,-4.4,0,1,36633
2026-04-18T19:14:10,12.003199,-73.275833,7.3,13.75,66.7,8,1.8,103.4,4.210,-4.2,0,1,36634
2026-04-18T19:14:39,12.004020,-73.274147,14.3,14.07,60.0,8,1.8,103.4,4.209,-4.2,0,1,36635
2026-04-18T19:15:08,12.004888,-73.272446,16.5,13.69,64.1,8,1.8,103.5,4.209,-4.4,0,1,36636
2026-04-18T19:15:37,12.005572,-73.270767,18.0,13.29,63.9,8,1.8,103.4,4.210,-4.2,0,1,36637
2026-04-18T19:16:06,12.006358,-73.269104,20.3,13.49,65.4,8,1.8,103.2,4.210,-4.2,0,1,36638
2026-04-18T19:16:34,12.007057,-73.267479,21.8,13.27,66.5,9,1.1,103.5,4.210,-4.4,0,1,36639
2026-04-18T19:17:03,12.007735,-73.265808,0.7,13.03,65.0,8,1.8,103.5,4.209,-4.4,0,1,36640
2026-04-18T19:17:32,12.008552,-73.264153,12.2,14.04,59.1,8,1.8,103.2,4.209,-4.2,0,1,36641
2026-04-18T19:18:01,12.009298,-73.262550,11.3,12.63,64.7,8,1.8,103.4,4.210,-4.2,0,1,36642
2026-04-18T19:18:30,12.010125,-73.260910,11.0,13.06,64.6,9,1.1,103.5,4.209,-4.4,0,1,36643
2026-04-18T19:18:59,12.010865,-73.259285,11.7,12.76,64.7,9,1.1,103.4,4.210,-4.2,0,1,36644
2026-04-18T19:19:28,12.011592,-73.257660,22.7,13.43,66.8,8,1.8,103.4,4.210,-4.2,0,1,36645
2026-04-18T19:19:57,12.012310,-73.255997,17.6,13.04,66.5,9,1.1,103.5,4.209,-4.4,0,1,36646
2026-04-18T19:20:26,12.012878,-73.254333,6.6,13.11,71.7,8,1.8,103.4,4.210,-4.2,0,1,36647
2026-04-18T19:20:55,12.013645,-73.252739,5.5,13.33,68.4,8,1.8,103.5,4.210,-4.4,0,1,36648
2026-04-18T19:21:24,12.014424,-73.251091,9.4,13.15,66.0,7,1.9,103.5,4.209,-4.4,0,1,36649
2026-04-18T19:21:53,12.015070,-73.249443,9.3,12.24,71.4,8,1.8,103.2,4.210,-4.2,0,1,36650
2026-04-18T19:22:22,12.015863,-73.247803,-7.9,12.78,68.0,8,1.8,103.5,4.209,-4.4,0,1,36651
2026-04-18T19:22:51,12.016554,-73.246178,-15.4,13.16,69.6,8,1.7,103.5,4.209,-4.4,0,1,36652
2026-04-18T19:23:19,12.017183,-73.244598,-19.2,13.08,64.0,8,1.7,103.5,4.209,-4.4,0,1,36653
2026-04-18T19:23:48,12.017885,-73.242973,-26.7,12.59,65.8,8,1.7,103.8,4.209,-4.2,0,1,36654
2026-04-18T19:24:17,12.018606,-73.241341,-16.5,13.18,68.2,8,1.7,103.4,4.210,-4.2,0,1,36655
2026-04-18T19:24:46,12.019363,-73.239677,-10.1,13.07,70.1,9,1.1,103.5,4.210,-4.4,0,1,36656
2026-04-18T19:25:15,12.020102,-73.238075,-6.7,12.40,61.3,9,1.1,103.4,4.207,-4.2,0,1,36657
2026-04-18T19:25:44,12.020791,-73.236397,-3.5,13.14,67.4,7,2.1,103.4,4.210,-4.2,0,1,36658
2026-04-18T19:26:13,12.021529,-73.234764,0.9,12.91,70.1,8,1.7,103.5,4.209,-4.4,0,1,36659
2026-04-18T19:26:42,12.022264,-73.233116,7.8,13.13,66.1,8,1.7,103.4,4.209,-4.2,0,1,36660
2026-04-18T19:27:11,12.022939,-73.231445,7.7,12.42,68.6,8,1.7,103.4,4.209,-4.2,0,1,36661
2026-04-18T19:27:40,12.023490,-73.229706,20.3,13.67,68.2,7,1.8,103.5,4.209,-4.4,0,1,36662
2026-04-18T19:28:09,12.024270,-73.228012,12.8,12.96,66.0,7,1.8,103.4,4.209,-4.2,0,1,36663
2026-04-18T19:28:38,12.024891,-73.226379,8.5,12.82,66.3,7,1.8,103.4,4.209,-4.2,0,1,36664
2026-04-18T19:29:07,12.025595,-73.224655,22.3,15.46,69.9,7,1.8,103.4,4.210,-4.2,0,1,36665
2026-04-18T19:29:36,12.026270,-73.223114,1.4,13.28,69.4,7,1.7,103.7,4.210,-4.2,0,1,36666
2026-04-18T19:30:04,12.026920,-73.221497,-11.2,12.86,60.3,7,1.7,103.5,4.209,-4.4,0,1,36667
2026-04-18T19:30:33,12.027588,-73.219856,-17.2,12.77,67.6,7,1.7,103.7,4.209,-4.2,0,1,36668
2026-04-18T19:31:02,12.028376,-73.218201,-22.2,12.52,62.4,7,1.7,103.4,4.210,-4.2,0,1,36669
2026-04-18T19:31:31,12.029110,-73.216537,-19.1,13.28,66.6,7,1.7,103.4,4.210,-4.2,0,1,36670
2026-04-18T19:31:59,12.029800,-73.214928,-13.9,12.83,65.4,6,2.0,103.5,4.209,-4.4,0,1,36671
2026-04-18T19:32:28,12.030511,-73.213287,-20.0,13.66,66.3,7,1.7,103.5,4.210,-4.4,0,1,36672
2026-04-18T19:32:57,12.031197,-73.211594,-25.5,13.60,66.1,7,1.7,103.4,4.209,-4.2,0,1,36673
2026-04-18T19:33:26,12.031931,-73.209930,-19.4,13.15,65.6,7,1.7,103.4,4.209,-4.2,0,1,36674
2026-04-18T19:33:54,12.032659,-73.208351,-14.9,13.13,66.2,7,1.7,103.4,4.210,-4.2,0,1,36675
2026-04-18T19:34:23,12.033420,-73.206703,-9.6,13.39,62.4,7,1.7,103.2,4.209,-4.2,0,1,36676
2026-04-18T19:34:52,12.034199,-73.205040,-9.1,13.36,63.6,7,1.7,103.4,4.210,-4.2,0,1,36677
2026-04-18T19:35:21,12.034962,-73.203430,-1.7,12.24,65.4,7,1.7,103.5,4.209,-4.4,0,1,36678
2026-04-18T19:35:49,12.035704,-73.201851,-6.3,13.44,65.2,7,1.7,103.5,4.209,-4.4,0,1,36679
2026-04-18T19:36:19,12.036466,-73.200127,-7.5,12.34,65.9,7,1.7,103.5,4.210,-4.4,0,1,36680
2026-04-18T19:36:48,12.037230,-73.198494,-10.2,13.13,62.9,7,1.7,103.4,4.209,-4.2,0,1,36681
2026-04-18T19:37:17,12.038009,-73.196838,-7.0,13.23,66.0,7,1.7,103.4,4.210,-4.2,0,1,36682
2026-04-18T19:37:46,12.038733,-73.195198,-3.2,13.45,67.0,7,1.6,103.4,4.210,-4.2,0,1,36683
2026-04-18T19:38:14,12.039481,-73.193596,-3.5,13.51,62.5,7,1.6,103.7,4.210,-4.2,0,1,36684
2026-04-18T19:38:44,12.040297,-73.191895,2.2,13.42,66.0,7,1.6,103.7,4.210,-4.2,0,1,36685
2026-04-18T19:39:13,12.041057,-73.190224,5.5,13.24,65.8,7,1.6,103.4,4.207,-4.2,0,1,36686
2026-04-18T19:39:42,12.041855,-73.188568,7.9,12.78,64.1,7,1.6,103.4,4.209,-4.2,0,1,36687
2026-04-18T19:40:11,12.042629,-73.186935,10.6,13.27,63.4,7,1.6,103.4,4.210,-4.2,0,1,36688
2026-04-18T19:40:39,12.043377,-73.185341,14.3,13.13,67.1,7,1.6,103.5,4.210,-4.4,0,1,36689
2026-04-18T19:41:09,12.044166,-73.183624,15.0,13.27,67.5,7,1.6,103.5,4.209,-4.4,0,1,36690
2026-04-18T19:41:38,12.044938,-73.181961,19.8,13.47,62.3,7,1.6,103.2,4.210,-4.2,0,1,36691
2026-04-18T19:42:07,12.045640,-73.180267,27.3,13.18,64.3,8,1.6,103.4,4.210,-4.2,0,1,36692
2026-04-18T19:42:36,12.046352,-73.178543,29.0,12.71,63.8,8,1.6,103.5,4.210,-4.4,0,1,36693
2026-04-18T19:43:04,12.047058,-73.176918,31.5,13.93,65.0,8,1.6,103.4,4.209,-4.2,0,1,36694
2026-04-18T19:43:33,12.047864,-73.175262,30.8,13.66,63.9,8,1.6,103.7,4.209,-4.2,0,1,36695
2026-04-18T19:44:02,12.048636,-73.173607,24.3,14.07,63.0,8,1.6,103.5,4.210,-4.4,0,1,36696
2026-04-18T19:44:31,12.049351,-73.171906,26.8,13.98,63.9,8,1.6,103.5,4.207,-4.4,0,1,36697
2026-04-18T19:44:59,12.050092,-73.170265,28.0,13.77,63.0,7,2.4,103.4,4.210,-4.2,0,1,36698
2026-04-18T19:45:29,12.050915,-73.168571,27.4,13.41,58.0,6,2.7,103.7,4.210,-4.2,0,1,36699
2026-04-18T19:45:58,12.051595,-73.166870,29.8,13.56,67.6,7,1.7,103.2,4.210,-4.2,0,1,36700
2026-04-18T19:46:27,12.052375,-73.165161,30.5,13.64,65.6,8,1.6,103.4,4.209,-4.2,0,1,36701
2026-04-18T19:46:56,12.053245,-73.163528,30.0,13.45,65.3,8,1.6,103.4,4.209,-4.2,0,1,36702
2026-04-18T19:47:24,12.054009,-73.161949,28.9,13.81,67.4,8,1.5,103.4,4.210,-4.2,0,1,36703
2026-04-18T19:47:53,12.054822,-73.160278,37.1,13.39,63.3,8,1.5,103.5,4.209,-4.4,0,1,36704
2026-04-18T19:48:22,12.055690,-73.158661,36.8,14.08,64.6,8,1.5,103.4,4.210,-4.2,0,1,36705
2026-04-18T19:48:51,12.056391,-73.156975,30.9,13.48,65.8,8,1.5,103.7,4.210,-4.2,0,1,36706
2026-04-18T19:49:19,12.057081,-73.155312,21.8,13.32,63.6,8,1.5,103.4,4.209,-4.2,0,1,36707
2026-04-18T19:49:48,12.057792,-73.153603,19.6,13.46,63.9,8,1.5,103.2,4.209,-4.2,0,1,36708
2026-04-18T19:50:17,12.058554,-73.151924,18.2,12.75,65.3,8,1.5,103.2,4.207,-4.2,0,1,36709
2026-04-18T19:50:46,12.059305,-73.150261,18.9,13.15,67.1,9,1.3,103.7,4.206,-4.2,0,1,36710
2026-04-18T19:51:14,12.060023,-73.148651,14.8,13.35,64.0,9,1.3,103.2,4.210,-4.2,0,1,36711
2026-04-18T19:51:43,12.060794,-73.146973,17.1,12.65,64.7,8,1.5,103.2,4.210,-4.2,0,1,36712
2026-04-18T19:52:12,12.061595,-73.145309,19.2,13.62,64.8,9,1.3,103.4,4.209,-4.2,0,1,36713
2026-04-18T19:52:41,12.062382,-73.143669,24.2,13.53,64.1,9,1.3,103.4,4.207,-4.2,0,1,36714
2026-04-18T19:53:09,12.063148,-73.142067,27.2,13.57,63.0,9,1.3,103.5,4.209,-4.4,0,1,36715
2026-04-18T19:53:38,12.063908,-73.140396,29.5,13.72,61.8,9,1.3,103.4,4.207,-4.2,0,1,36716
2026-04-18T19:54:07,12.064695,-73.138733,29.0,13.58,62.4,8,1.8,103.4,4.209,-4.2,0,1,36717
2026-04-18T19:54:36,12.065483,-73.137100,25.1,12.87,62.5,9,1.3,103.4,4.209,-4.2,0,1,36718
2026-04-18T19:55:04,12.066181,-73.135452,26.2,13.78,70.3,9,1.2,103.5,4.209,-4.4,0,1,36719
2026-04-18T19:55:33,12.067008,-73.133865,23.2,12.81,63.5,9,1.2,103.2,4.207,-4.2,0,1,36720
2026-04-18T19:56:02,12.067779,-73.132179,15.2,13.41,65.3,9,1.2,103.5,4.209,-4.4,0,1,36721
2026-04-18T19:56:31,12.068535,-73.130493,12.6,12.97,62.9,9,1.2,103.2,4.209,-4.2,0,1,36722
2026-04-18T19:56:59,12.069229,-73.128838,11.8,13.16,65.4,9,1.2,103.4,4.207,-4.2,0,1,36723
2026-04-18T19:57:29,12.069959,-73.127045,12.1,13.61,64.2,8,1.7,103.4,4.210,-4.2,0,1,36724
2026-04-18T19:57:58,12.070683,-73.125366,11.2,12.59,65.6,8,1.7,103.2,4.207,-4.2,0,1,36725
2026-04-18T19:58:27,12.071465,-73.123657,14.3,13.35,60.2,9,1.2,103.4,4.210,-4.2,0,1,36726
2026-04-18T19:58:56,12.072213,-73.122032,13.3,14.15,60.9,8,1.7,103.4,4.207,-4.2,0,1,36727
2026-04-18T19:59:24,12.072948,-73.120399,7.5,13.61,67.8,10,1.2,103.4,4.209,-4.2,0,1,36728
2026-04-18T19:59:54,12.073714,-73.118652,6.9,12.89,64.9,9,1.5,103.4,4.210,-4.2,0,1,36729
2026-04-18T20:00:23,12.074445,-73.116936,6.0,13.50,65.7,9,1.5,103.4,4.209,-4.2,0,1,36730
2026-04-18T20:00:52,12.075120,-73.115242,-0.2,15.11,70.9,9,1.5,103.4,4.209,-4.2,0,1,36731
2026-04-18T20:01:21,12.075910,-73.113564,4.5,14.25,67.0,9,1.5,103.4,4.209,-4.2,0,1,36732
2026-04-18T20:01:49,12.076625,-73.111946,2.1,13.00,66.0,8,1.7,103.4,4.209,-4.2,0,1,36733
2026-04-18T20:02:18,12.077390,-73.110298,11.5,13.08,64.6,8,1.6,103.4,4.209,-4.2,0,1,36734
2026-04-18T20:02:47,12.078186,-73.108643,19.7,13.43,66.3,8,1.6,103.4,4.210,-4.2,0,1,36735
2026-04-18T20:03:16,12.078981,-73.107025,26.3,12.63,63.3,8,1.6,103.4,4.209,-4.2,0,1,36736
2026-04-18T20:03:44,12.079663,-73.105331,23.4,13.73,67.8,8,1.6,103.4,4.210,-4.2,0,1,36737
2026-04-18T20:04:13,12.080420,-73.103600,20.4,13.35,65.0,9,1.4,103.4,4.209,-4.2,0,1,36738
2026-04-18T20:04:42,12.081171,-73.101967,27.7,13.54,64.6,9,1.4,103.7,4.207,-4.2,0,1,36739
2026-04-18T20:05:11,12.081888,-73.100281,32.1,13.04,70.2,9,1.4,103.2,4.210,-4.2,0,1,36740
2026-04-18T20:05:39,12.082706,-73.098686,28.3,13.20,60.6,9,1.4,103.2,4.210,-4.2,0,1,36741
2026-04-18T20:06:09,12.083458,-73.096893,29.7,13.65,65.6,9,1.4,103.4,4.209,-4.2,0,1,36742
2026-04-18T20:06:38,12.084217,-73.095222,27.6,13.75,64.7,10,1.4,103.4,4.209,-4.2,0,1,36743
2026-04-18T20:07:07,12.084922,-73.093552,29.3,13.52,65.4,10,1.4,103.4,4.209,-4.2,0,1,36744
2026-04-18T20:07:36,12.085735,-73.091881,29.7,13.34,68.6,10,1.4,103.4,4.207,-4.2,0,1,36745
2026-04-18T20:08:04,12.086413,-73.090233,28.2,13.18,69.5,10,1.4,103.5,4.209,-4.4,0,1,36746
2026-04-18T20:08:33,12.087189,-73.088547,25.4,13.54,67.7,10,1.4,103.4,4.207,-4.2,0,1,36747
2026-04-18T20:09:02,12.087871,-73.086800,18.5,12.65,69.8,10,1.4,103.4,4.210,-4.2,0,1,36748
2026-04-18T20:09:31,12.088624,-73.085136,23.1,13.48,68.2,10,1.4,103.4,4.210,-4.2,0,1,36749
2026-04-18T20:09:59,12.089406,-73.083549,26.6,14.23,62.3,10,1.4,103.4,4.210,-4.2,0,1,36750
2026-04-18T20:10:29,12.090158,-73.081825,27.5,13.64,66.8,10,1.4,103.4,4.207,-4.2,0,1,36751
2026-04-18T20:10:58,12.090932,-73.080101,29.2,12.38,66.2,9,1.5,103.4,4.209,-4.2,0,1,36752
2026-04-18T20:11:27,12.091619,-73.078362,33.3,13.38,65.7,9,1.5,103.4,4.209,-4.2,0,1,36753
2026-04-18T20:11:56,12.092299,-73.076653,30.8,13.40,67.5,9,1.5,103.2,4.209,-4.2,0,1,36754
2026-04-18T20:12:25,12.092951,-73.074852,22.5,13.73,69.1,9,1.5,103.4,4.207,-4.2,0,1,36755
2026-04-18T20:12:54,12.093704,-73.073242,17.8,12.28,69.0,10,1.4,103.4,4.209,-4.2,0,1,36756
2026-04-18T20:13:23,12.094454,-73.071541,20.2,13.46,65.0,8,1.6,103.2,4.207,-4.2,0,1,36757
2026-04-18T20:13:52,12.095165,-73.069839,21.2,13.05,65.3,8,1.6,103.2,4.209,-4.2,0,1,36758
2026-04-18T20:14:21,12.095875,-73.068085,17.5,12.84,67.9,9,1.5,103.8,4.209,-4.2,0,1,36759
2026-04-18T20:14:50,12.096549,-73.066368,11.3,13.47,65.0,8,1.6,103.2,4.207,-4.2,0,1,36760
2026-04-18T20:15:19,12.097292,-73.064636,8.3,13.57,66.4,9,1.5,103.4,4.210,-4.2,0,1,36761
2026-04-18T20:15:48,12.098092,-73.062973,15.4,13.06,60.7,8,1.6,103.4,4.210,-4.2,0,1,36762
2026-04-18T20:16:17,12.098840,-73.061264,12.8,13.87,65.8,8,1.6,103.4,4.210,-4.2,0,1,36763
2026-04-18T20:16:46,12.099584,-73.059570,15.4,13.22,63.8,8,1.6,103.4,4.207,-4.2,0,1,36764
2026-04-18T20:17:15,12.100362,-73.057884,24.2,12.73,62.6,7,1.7,103.4,4.209,-4.2,0,1,36765
2026-04-18T20:17:44,12.101132,-73.056168,25.4,13.81,63.3,8,1.5,103.5,4.211,-4.4,0,1,36766
2026-04-18T20:18:13,12.101853,-73.054428,30.4,13.41,72.0,8,1.5,103.4,4.210,-4.2,0,1,36767
2026-04-18T20:18:42,12.102714,-73.052803,29.1,13.85,69.4,8,1.5,103.4,4.209,-4.2,0,1,36768
2026-04-18T20:19:11,12.103561,-73.051094,21.2,14.00,62.9,7,1.7,103.4,4.209,-4.2,0,1,36769
2026-04-18T20:19:39,12.104292,-73.049438,21.1,12.95,70.7,9,1.5,103.2,4.209,-4.2,0,1,36770
2026-04-18T20:20:08,12.105129,-73.047722,21.2,13.70,65.1,9,1.5,103.4,4.209,-4.2,0,1,36771
2026-04-18T20:20:37,12.105865,-73.045959,16.8,14.28,69.2,8,1.6,103.2,4.209,-4.2,0,1,36772
2026-04-18T20:21:06,12.106702,-73.044266,12.5,14.16,61.0,8,1.6,103.4,4.207,-4.2,0,1,36773
2026-04-18T20:21:34,12.107442,-73.042603,17.2,13.34,67.2,8,1.6,103.4,4.209,-4.2,0,1,36774
2026-04-18T20:22:03,12.108235,-73.040924,22.4,12.62,65.2,8,1.6,103.4,4.209,-4.2,0,1,36775
2026-04-18T20:22:32,12.108915,-73.039139,30.3,13.11,64.9,9,1.4,103.4,4.209,-4.2,0,1,36776
2026-04-18T20:23:01,12.109736,-73.037468,27.4,13.62,65.7,8,1.6,103.4,4.207,-4.2,0,1,36777
2026-04-18T20:23:29,12.110395,-73.035774,24.4,14.61,70.1,6,2.7,103.5,4.207,-4.4,0,1,36778
2026-04-18T20:23:58,12.111292,-73.034058,31.4,14.32,67.5,7,2.6,103.5,4.210,-4.4,0,1,36779
2026-04-18T20:24:27,12.112182,-73.032387,36.7,14.50,69.1,8,1.5,103.4,4.210,-4.2,0,1,36780
2026-04-18T20:24:56,12.113067,-73.030746,41.2,13.52,65.2,6,2.6,103.0,4.211,-4.2,0,1,36781
2026-04-18T20:25:24,12.113932,-73.029106,44.9,15.40,58.1,7,1.6,103.2,4.209,-4.2,0,1,36782
2026-04-18T20:25:53,12.114703,-73.027344,49.5,14.32,66.0,8,2.1,103.5,4.207,-4.4,0,1,36783
2026-04-18T20:26:22,12.115480,-73.025627,49.5,12.78,70.8,9,1.4,103.4,4.209,-4.2,0,1,36784
2026-04-18T20:26:51,12.116257,-73.023811,50.0,13.15,70.2,9,1.4,103.7,4.209,-4.2,0,1,36785
2026-04-18T20:27:20,12.117082,-73.022102,47.3,13.75,64.8,7,2.5,103.7,4.209,-4.2,0,1,36786
2026-04-18T20:27:49,12.117963,-73.020393,51.2,13.95,63.0,9,1.4,103.4,4.207,-4.2,0,1,36787
2026-04-18T20:28:18,12.118768,-73.018715,56.8,13.02,63.8,9,1.4,103.2,4.209,-4.2,0,1,36788
2026-04-18T20:28:47,12.119596,-73.017014,65.0,14.21,66.7,9,1.4,103.5,4.207,-4.4,0,1,36789
2026-04-18T20:29:16,12.120509,-73.015381,69.7,13.64,60.7,9,1.4,103.5,4.210,-4.4,0,1,36790
2026-04-18T20:29:44,12.121273,-73.013725,67.9,13.22,62.9,8,1.5,103.2,4.209,-4.2,0,1,36791
2026-04-18T20:30:13,12.122005,-73.011978,54.4,13.44,62.8,9,1.4,103.4,4.209,-4.2,0,1,36792
2026-04-18T20:30:42,12.122811,-73.010345,61.8,13.00,64.3,9,1.3,103.4,4.209,-4.2,0,1,36793
2026-04-18T20:31:11,12.123632,-73.008728,63.6,13.74,62.3,9,1.3,103.4,4.209,-4.2,0,1,36794
2026-04-18T20:31:40,12.124413,-73.007072,62.0,14.24,60.9,9,1.3,103.4,4.209,2751.6,0,1,36795
2026-04-18T20:32:09,12.125248,-73.005486,61.2,13.05,60.5,8,2.0,103.5,4.209,-4.4,0,1,36796
2026-04-18T20:32:38,12.126090,-73.003830,66.4,13.46,61.3,9,1.3,103.5,4.210,-4.4,0,1,36797
2026-04-18T20:33:07,12.126945,-73.002182,62.9,13.50,61.9,8,2.0,103.5,4.209,-4.4,0,1,36798
2026-04-18T20:33:36,12.127780,-73.000633,63.6,12.90,57.3,8,1.9,103.5,4.206,-4.4,0,1,36799
2026-04-18T20:34:04,12.128696,-72.999153,61.0,13.77,55.9,8,1.4,103.2,4.207,-4.2,0,1,36800
2026-04-18T20:34:33,12.129426,-72.997559,58.9,12.95,62.2,8,1.9,103.4,4.209,-4.2,0,1,36801
2026-04-18T20:35:02,12.130191,-72.995941,59.4,12.18,62.0,9,1.3,103.4,4.210,-4.2,0,1,36802
2026-04-18T20:35:31,12.131073,-72.994400,58.4,12.42,61.5,9,1.3,103.2,4.210,-4.2,0,1,36803
2026-04-18T20:36:00,12.131797,-72.992828,59.9,12.04,68.6,9,1.3,103.5,4.210,-4.4,0,1,36804
2026-04-18T20:36:29,12.132519,-72.991325,62.6,11.56,64.2,8,1.9,103.5,4.207,-4.4,0,1,36805
2026-04-18T20:36:58,12.133220,-72.989799,61.1,12.36,62.4,9,1.3,103.4,4.207,-4.2,0,1,36806
2026-04-18T20:37:27,12.133920,-72.988243,55.1,11.99,64.0,9,1.3,103.4,4.206,-4.2,0,1,36807
2026-04-18T20:37:56,12.134672,-72.986755,60.2,11.51,62.4,9,1.3,103.4,4.209,2751.6,0,1,36808
2026-04-18T20:38:25,12.135355,-72.985199,57.0,11.29,62.9,8,1.8,103.4,4.210,-4.2,0,1,36809
2026-04-18T20:38:54,12.135992,-72.983658,50.0,12.07,68.0,7,1.9,103.4,4.210,-4.2,0,1,36810
2026-04-18T20:39:23,12.136682,-72.982147,50.0,11.92,65.6,9,1.3,103.4,4.210,-4.2,0,1,36811
2026-04-18T20:39:52,12.137325,-72.980637,53.5,12.12,70.2,8,1.8,103.5,4.209,-4.4,0,1,36812
2026-04-18T20:40:21,12.138124,-72.979141,50.0,12.39,63.5,9,1.3,103.4,4.210,-4.2,0,1,36813
2026-04-18T20:40:49,12.138695,-72.977654,41.5,12.29,65.7,9,1.3,103.2,4.210,-4.2,0,1,36814
2026-04-18T20:41:18,12.139344,-72.976128,39.6,12.29,66.0,9,1.3,103.4,4.209,-4.2,0,1,36815
2026-04-18T20:41:47,12.139974,-72.974617,40.7,11.34,65.6,8,1.8,103.4,4.210,-4.2,0,1,36816
2026-04-18T20:42:16,12.140683,-72.973122,41.6,12.20,63.9,9,1.2,103.4,4.210,-4.2,0,1,36817
2026-04-18T20:42:44,12.141300,-72.971642,37.3,11.90,69.9,9,1.2,103.4,4.207,-4.2,0,1,36818
2026-04-18T20:43:13,12.142021,-72.970177,46.4,11.99,64.2,9,1.2,103.4,4.209,-4.2,0,1,36819
2026-04-18T20:43:42,12.142694,-72.968697,51.2,11.83,69.9,9,1.2,103.2,4.210,-4.2,0,1,36820
2026-04-18T20:44:11,12.143414,-72.967201,55.7,10.83,64.2,8,1.7,103.4,4.209,-4.2,0,1,36821
2026-04-18T20:44:39,12.144049,-72.965736,56.0,11.73,67.7,9,1.2,103.5,4.209,-4.4,0,1,36822
2026-04-18T20:45:08,12.144722,-72.964226,56.5,11.59,66.4,8,1.3,103.4,4.207,-4.2,0,1,36823
2026-04-18T20:45:37,12.145302,-72.962715,54.6,11.59,70.6,6,1.8,103.4,4.209,-4.2,0,1,36824
2026-04-18T20:46:06,12.146000,-72.961227,56.1,11.59,65.8,7,1.3,103.5,4.210,-4.4,0,1,36825
2026-04-18T20:46:35,12.146619,-72.959724,51.6,11.58,64.7,7,1.8,103.4,4.210,-4.2,0,1,36826
2026-04-18T20:47:04,12.147249,-72.958244,53.9,10.56,67.8,8,1.3,103.5,4.210,-4.4,0,1,36827
2026-04-18T20:47:33,12.147827,-72.956741,48.3,11.68,69.2,8,1.3,103.4,4.209,-4.2,0,1,36828
2026-04-18T20:48:02,12.148560,-72.955238,57.3,11.37,66.3,7,1.8,103.2,4.209,-4.2,0,1,36829
2026-04-18T20:48:31,12.149140,-72.953735,49.1,11.63,70.2,7,1.7,103.4,4.207,-4.2,0,1,36830
2026-04-18T20:48:59,12.149824,-72.952278,49.9,12.52,66.6,6,1.8,103.4,4.209,-4.2,0,1,36831
2026-04-18T20:49:28,12.150468,-72.950768,46.4,11.62,67.8,7,1.7,103.4,4.209,-4.2,0,1,36832
2026-04-18T20:49:57,12.151200,-72.949303,49.3,11.38,63.2,6,1.7,103.2,4.209,-4.2,0,1,36833
2026-04-18T20:50:26,12.151885,-72.947792,52.0,12.37,65.4,7,1.6,103.4,4.210,-4.2,0,1,36834
2026-04-18T20:50:54,12.152566,-72.946350,54.8,13.24,67.0,7,1.6,103.5,4.210,-4.4,0,1,36835
2026-04-18T20:51:23,12.153263,-72.944847,51.7,12.64,64.0,7,1.6,103.4,4.210,-4.2,0,1,36836
2026-04-18T20:51:52,12.153923,-72.943367,57.6,12.11,66.0,8,1.2,103.4,4.207,-4.2,0,1,36837
2026-04-18T20:52:21,12.154580,-72.941895,76.6,11.72,73.2,7,1.6,103.4,4.209,-4.2,0,1,36838
2026-04-18T20:52:50,12.155305,-72.940323,63.8,11.70,60.7,8,1.6,103.4,4.210,-4.2,0,1,36839
2026-04-18T20:53:19,12.155965,-72.938751,39.3,11.62,66.1,7,1.6,103.4,4.209,-4.2,0,1,36840
2026-04-18T20:53:48,12.156690,-72.937256,37.3,12.26,63.6,8,1.6,103.5,4.210,-4.4,0,1,36841
2026-04-18T20:54:17,12.157280,-72.935677,23.1,12.92,64.4,8,1.5,103.2,4.209,-4.2,0,1,36842
2026-04-18T20:54:46,12.157983,-72.934105,15.8,12.60,63.2,8,1.5,103.4,4.210,-4.2,0,1,36843
2026-04-18T20:55:15,12.158607,-72.932556,12.2,11.23,65.2,7,1.6,103.7,4.207,-4.2,0,1,36844
2026-04-18T20:55:44,12.159157,-72.930946,8.8,11.29,70.9,7,1.6,103.4,4.209,2751.6,0,1,36845
2026-04-18T20:56:13,12.159924,-72.929443,3.0,13.11,62.6,7,1.5,103.4,4.207,-4.2,0,1,36846
2026-04-18T20:56:42,12.160634,-72.927933,6.7,11.38,63.3,8,1.5,103.4,4.209,-4.2,0,1,36847
2026-04-18T20:57:11,12.161299,-72.926392,4.6,12.31,62.5,7,1.5,103.2,4.209,-4.2,0,1,36848
2026-04-18T20:57:40,12.162068,-72.924843,5.8,11.65,68.2,7,1.5,103.5,4.210,-4.4,0,1,36849
2026-04-18T20:58:09,12.162786,-72.923317,-3.4,11.73,65.4,7,1.5,103.5,4.209,-4.4,0,1,36850
2026-04-18T20:58:38,12.163364,-72.921806,-9.4,12.77,65.4,7,1.5,103.5,4.209,-4.4,0,1,36851
2026-04-18T20:59:07,12.164088,-72.920235,-12.3,12.81,63.2,8,1.5,103.5,4.209,-4.4,0,1,36852
2026-04-18T20:59:36,12.164809,-72.918671,-21.1,12.43,67.0,8,1.5,103.4,4.209,-4.2,0,1,36853
2026-04-18T21:00:05,12.165500,-72.917130,-22.3,13.14,64.8,7,1.5,103.4,4.209,-4.2,0,1,36854
2026-04-18T21:00:34,12.166222,-72.915672,-11.6,10.68,61.8,7,1.5,103.5,4.209,-4.4,0,1,36855
2026-04-18T21:01:03,12.166966,-72.914200,-3.1,12.77,72.0,7,1.5,103.2,4.210,-4.2,0,1,36856
2026-04-18T21:01:32,12.167688,-72.912682,0.8,12.41,65.7,7,1.5,103.4,4.207,-4.2,0,1,36857
2026-04-18T21:02:01,12.168329,-72.911186,7.5,12.31,66.5,8,1.4,103.4,4.209,-4.2,0,1,36858
2026-04-18T21:02:30,12.168971,-72.909645,14.7,12.50,68.2,6,1.5,103.7,4.210,-4.2,0,1,36859
2026-04-18T21:02:59,12.169733,-72.908112,14.1,12.25,66.1,7,1.5,103.5,4.209,-4.4,0,1,36860
2026-04-18T21:03:28,12.170336,-72.906601,23.7,11.50,65.4,7,1.5,103.2,4.209,-4.2,0,1,36861
2026-04-18T21:03:57,12.171062,-72.905052,18.0,12.46,62.9,7,1.5,103.5,4.210,-4.4,0,1,36862
2026-04-18T21:04:26,12.171710,-72.903526,27.7,11.68,65.5,8,1.4,103.5,4.209,-4.4,0,1,36863
2026-04-18T21:04:55,12.172400,-72.902016,28.1,11.85,59.2,7,1.4,103.2,4.207,-4.2,0,1,36864
2026-04-18T21:05:24,12.173095,-72.900452,20.3,12.72,64.0,7,1.4,103.4,4.209,-4.2,0,1,36865
2026-04-18T21:05:53,12.173811,-72.898911,11.8,11.90,61.7,7,1.4,103.5,4.209,-4.4,0,1,36866
2026-04-18T21:06:22,12.174485,-72.897408,12.2,12.94,63.1,8,1.4,103.5,4.209,-4.4,0,1,36867
2026-04-18T21:06:51,12.175130,-72.895844,20.2,12.12,66.4,6,1.5,103.2,4.210,-4.2,0,1,36868
2026-04-18T21:07:19,12.175830,-72.894394,16.7,12.09,65.8,7,1.4,103.5,4.209,-4.4,0,1,36869
2026-04-18T21:07:48,12.176535,-72.892860,14.5,11.92,60.8,7,1.4,103.4,4.209,-4.2,0,1,36870
2026-04-18T21:08:17,12.177238,-72.891342,7.6,13.78,50.3,8,1.4,103.2,4.210,-4.2,0,1,36871
2026-04-18T21:08:46,12.177880,-72.889763,-9.5,12.58,64.8,8,1.4,103.4,4.210,-4.2,0,1,36872
2026-04-18T21:09:15,12.178580,-72.888252,-16.9,12.30,64.7,7,1.4,103.5,4.207,-4.4,0,1,36873
2026-04-18T21:09:44,12.179266,-72.886711,-14.1,13.84,60.3,8,1.4,103.2,4.209,-4.2,0,1,36874
2026-04-18T21:10:13,12.179945,-72.885185,-11.9,11.75,62.8,7,1.4,103.4,4.209,-4.2,0,1,36875
2026-04-18T21:10:42,12.180623,-72.883629,-17.9,13.61,64.9,7,1.4,103.2,4.209,-4.2,0,1,36876
2026-04-18T21:11:11,12.181353,-72.882133,-19.4,12.41,61.1,8,1.3,103.4,4.210,-4.2,0,1,36877
2026-04-18T21:11:40,12.182071,-72.880615,-14.5,12.23,65.2,8,1.3,103.2,4.210,-4.2,0,1,36878
2026-04-18T21:12:09,12.182727,-72.879082,-22.7,12.86,64.8,8,1.3,103.4,4.209,-4.2,0,1,36879
2026-04-18T21:12:38,12.183441,-72.877586,-30.0,12.34,66.2,6,1.5,103.4,4.209,-4.2,0,1,36880
2026-04-18T21:13:07,12.184109,-72.876045,-21.3,12.00,63.4,7,1.4,103.5,4.209,-4.4,0,1,36881
2026-04-18T21:13:36,12.184813,-72.874550,-10.0,12.02,66.6,7,1.4,103.2,4.209,-4.2,0,1,36882
2026-04-18T21:14:05,12.185498,-72.873047,-9.4,14.46,57.7,8,1.3,103.4,4.209,-4.2,0,1,36883
2026-04-18T21:14:34,12.186195,-72.871552,-13.2,13.33,62.2,6,1.6,103.4,4.209,-4.2,0,1,36884
2026-04-18T21:15:03,12.186900,-72.870041,-12.7,13.52,57.2,8,1.3,103.5,4.210,-4.4,0,1,36885
2026-04-18T21:15:32,12.187577,-72.868515,-8.5,11.73,68.4,7,1.3,103.4,4.207,-4.2,0,1,36886
2026-04-18T21:16:01,12.188267,-72.866966,-15.0,12.39,65.4,6,1.6,103.4,4.209,-4.2,0,1,36887
2026-04-18T21:16:30,12.188935,-72.865417,-8.7,12.29,73.2,7,1.3,103.7,4.210,-4.2,0,1,36888
2026-04-18T21:16:59,12.189589,-72.863914,-5.8,11.88,66.0,7,1.3,103.5,4.209,2755.8,0,1,36889
2026-04-18T21:17:28,12.190237,-72.862373,-6.5,12.21,60.9,7,1.3,103.5,4.209,-4.4,0,1,36890
2026-04-18T21:17:57,12.190900,-72.860786,-4.6,11.90,67.8,7,1.3,103.5,4.209,-4.4,0,1,36891
2026-04-18T21:18:26,12.191568,-72.859268,-0.8,12.21,71.0,7,1.3,103.4,4.207,-4.2,0,1,36892
2026-04-18T21:18:54,12.192267,-72.857773,-12.3,14.38,63.5,7,1.4,103.4,4.210,-4.2,0,1,36893
2026-04-18T21:19:23,12.192869,-72.856201,-11.2,12.56,69.6,7,1.3,103.4,4.209,-4.2,0,1,36894
2026-04-18T21:19:52,12.193559,-72.854706,-5.0,11.79,70.5,7,1.3,103.4,4.207,-4.2,0,1,36895
2026-04-18T21:20:21,12.194302,-72.853180,-6.7,13.25,56.9,7,1.3,103.2,4.209,-4.2,0,1,36896
2026-04-18T21:20:50,12.194942,-72.851593,-8.7,12.15,70.0,7,1.3,103.5,4.210,-4.4,0,1,36897
2026-04-18T21:21:19,12.195652,-72.850075,-3.1,11.88,59.9,7,1.3,103.5,4.210,-4.4,0,1,36898
2026-04-18T21:21:48,12.196292,-72.848480,-4.1,11.89,70.0,8,1.2,103.5,4.209,-4.4,0,1,36899
2026-04-18T21:22:17,12.196961,-72.846939,-12.7,11.69,66.0,7,1.4,103.4,4.209,-4.2,0,1,36900
2026-04-18T21:22:46,12.197655,-72.845413,-13.0,11.59,66.7,9,1.2,103.4,4.209,-4.2,0,1,36901
2026-04-18T21:23:15,12.198281,-72.843819,-14.7,12.72,68.3,7,1.4,103.2,4.209,-4.2,0,1,36902
2026-04-18T21:23:44,12.198986,-72.842255,-14.0,12.52,59.7,7,1.4,103.7,4.209,-4.2,0,1,36903
2026-04-18T21:24:13,12.199532,-72.840691,-20.7,9.90,70.2,7,1.4,103.4,4.209,-4.2,0,1,36904
2026-04-18T21:24:42,12.200274,-72.839149,-15.1,11.11,68.6,7,1.4,103.4,4.210,-4.2,0,1,36905
2026-04-18T21:25:11,12.200968,-72.837555,-10.1,12.43,67.7,7,1.4,103.2,4.210,-4.2,0,1,36906
2026-04-18T21:25:39,12.201625,-72.836113,-8.1,12.41,62.0,8,1.4,103.4,4.209,-4.2,0,1,36907
2026-04-18T21:26:08,12.202183,-72.834518,-11.0,11.91,64.7,8,1.3,103.5,4.207,-4.4,0,1,36908
2026-04-18T21:26:37,12.202849,-72.832970,-3.7,11.82,64.2,8,1.3,103.5,4.207,-4.4,0,1,36909
2026-04-18T21:27:06,12.203462,-72.831451,5.5,12.43,61.2,9,1.3,103.4,4.209,-4.2,0,1,36910
2026-04-18T21:27:34,12.204168,-72.829887,3.2,12.96,67.9,9,1.3,103.4,4.209,-4.2,0,1,36911
2026-04-18T21:28:03,12.204908,-72.828362,4.9,11.52,58.0,8,1.4,103.4,4.207,-4.2,0,1,36912
2026-04-18T21:28:32,12.205499,-72.826859,2.5,10.71,65.8,7,1.5,103.5,4.207,-4.4,0,1,36913
2026-04-18T21:29:01,12.206195,-72.825272,2.3,12.45,70.2,8,1.3,103.5,4.207,-4.4,0,1,36914
2026-04-18T21:29:29,12.206772,-72.823723,4.8,12.05,71.2,8,1.4,103.2,4.209,-4.2,0,1,36915
2026-04-18T21:29:58,12.207602,-72.822235,4.3,11.95,57.0,7,2.5,103.4,4.209,-4.2,0,1,36916
2026-04-18T21:30:27,12.208176,-72.820549,4.9,13.95,68.5,7,2.5,103.4,4.210,-4.2,0,1,36917
2026-04-18T21:30:56,12.208872,-72.818962,0.8,12.94,70.3,7,2.5,103.2,4.206,-4.2,0,1,36918
2026-04-18T21:31:24,12.209518,-72.817436,0.3,13.47,66.8,7,2.5,103.4,4.207,-4.2,0,1,36919
2026-04-18T21:31:53,12.210135,-72.815834,-0.7,12.30,64.7,9,1.3,103.4,4.206,-4.2,0,1,36920
2026-04-18T21:32:22,12.210838,-72.814308,-2.3,10.58,69.5,9,1.3,103.4,4.206,-4.2,0,1,36921
2026-04-18T21:32:51,12.211576,-72.812691,-0.1,12.24,60.5,8,1.3,103.2,4.210,-4.2,0,1,36922
2026-04-18T21:33:19,12.212118,-72.811104,1.9,13.15,73.9,9,1.3,103.4,4.207,-4.2,0,1,36923
2026-04-18T21:33:48,12.212817,-72.809555,4.6,12.93,70.1,9,1.3,103.5,4.207,-4.4,0,1,36924
2026-04-18T21:34:17,12.213390,-72.807945,4.4,12.24,68.1,8,1.3,103.2,4.209,-4.2,0,1,36925
2026-04-18T21:34:46,12.214173,-72.806381,4.7,12.35,65.7,8,1.3,103.4,4.209,-4.2,0,1,36926
2026-04-18T21:35:15,12.214815,-72.804749,10.0,11.90,65.3,8,1.3,103.2,4.209,-4.2,0,1,36927
2026-04-18T21:35:44,12.215480,-72.803200,12.5,12.48,58.3,8,1.3,103.2,4.209,-4.2,0,1,36928
2026-04-18T21:36:13,12.216228,-72.801636,12.4,12.96,56.1,7,1.5,103.5,4.207,-4.4,0,1,36929
2026-04-18T21:36:42,12.216888,-72.800072,7.7,12.13,70.0,8,1.3,103.4,4.209,-4.2,0,1,36930
2026-04-18T21:37:11,12.217597,-72.798485,6.0,12.44,64.7,7,1.5,103.2,4.209,-4.2,0,1,36931
2026-04-18T21:37:40,12.218343,-72.796913,-2.4,12.75,61.3,7,1.5,103.4,4.206,-4.2,0,1,36932
2026-04-18T21:38:09,12.219045,-72.795227,8.0,12.42,63.0,8,1.4,103.2,4.210,-4.2,0,1,36933
2026-04-18T21:38:38,12.219624,-72.793633,9.4,12.40,63.5,8,1.4,103.2,4.209,-4.2,0,1,36934
2026-04-18T21:39:07,12.220300,-72.792000,9.7,12.93,69.6,8,1.4,103.2,4.209,-4.2,0,1,36935
2026-04-18T21:39:36,12.220991,-72.790436,8.2,12.67,62.7,7,2.0,103.4,4.209,-4.2,0,1,36936
2026-04-18T21:40:05,12.221739,-72.788849,3.3,12.56,58.5,8,1.4,103.4,4.209,-4.2,0,1,36937
2026-04-18T21:40:34,12.222388,-72.787254,-1.7,12.59,67.1,8,1.4,103.2,4.210,-4.2,0,1,36938
2026-04-18T21:41:03,12.223015,-72.785645,2.8,11.83,64.8,8,1.4,103.4,4.209,2751.6,0,1,36939
2026-04-18T21:41:32,12.223776,-72.784050,-6.4,13.24,64.6,9,1.4,103.5,4.209,-4.4,0,1,36940
2026-04-18T21:42:01,12.224310,-72.782417,-9.0,12.63,74.4,7,2.2,103.4,4.209,-4.2,0,1,36941
2026-04-18T21:42:30,12.225085,-72.780899,-15.6,12.14,60.4,7,1.5,103.5,4.207,-4.4,0,1,36942
2026-04-18T21:42:59,12.225717,-72.779266,-14.8,12.72,63.4,6,4.2,103.2,4.209,-4.2,0,1,36943
2026-04-18T21:43:28,12.226350,-72.777641,-14.8,12.32,65.3,7,1.5,103.4,4.209,-4.2,0,1,36944
2026-04-18T21:43:57,12.227033,-72.776031,-8.8,12.08,67.3,7,1.5,103.2,4.209,-4.2,0,1,36945
2026-04-18T21:44:26,12.227665,-72.774384,-3.0,12.85,76.8,7,1.5,103.2,4.210,-4.2,0,1,36946
2026-04-18T21:44:54,12.228232,-72.772789,-0.2,13.64,70.4,7,1.5,103.4,4.207,-4.2,0,1,36947
2026-04-18T21:45:23,12.229076,-72.771210,-4.9,12.17,60.4,7,1.5,103.4,4.210,-4.2,0,1,36948
2026-04-18T21:45:52,12.229750,-72.769577,-6.6,13.54,72.7,6,4.5,103.5,4.209,-4.4,0,1,36949
2026-04-18T21:46:21,12.230518,-72.767998,4.3,11.95,63.5,7,1.5,103.4,4.210,-4.2,0,1,36950
2026-04-18T21:46:50,12.231419,-72.766441,-6.0,13.78,58.3,7,1.5,103.4,4.209,-4.2,0,1,36951
2026-04-18T21:47:19,12.232155,-72.764809,-1.3,13.21,63.8,7,1.5,103.4,4.209,-4.2,0,1,36952
2026-04-18T21:47:48,12.232948,-72.763268,3.3,14.41,55.4,6,4.7,103.4,4.209,-4.2,0,1,36953
2026-04-18T21:48:17,12.233654,-72.761665,0.3,12.25,57.3,6,4.8,103.4,4.210,-4.2,0,1,36954
2026-04-18T21:48:46,12.234475,-72.760124,-2.7,12.46,52.2,7,1.6,103.5,4.209,-4.4,0,1,36955
2026-04-18T21:49:15,12.235080,-72.758461,-4.5,12.56,67.8,7,1.5,103.5,4.210,-4.4,0,1,36956
2026-04-18T21:49:44,12.235860,-72.756897,6.0,13.54,60.7,7,1.5,103.4,4.209,-4.2,0,1,36957
2026-04-18T21:50:13,12.236629,-72.755287,2.8,12.96,55.6,6,4.9,103.4,4.209,-4.2,0,1,36958
2026-04-18T21:50:42,12.237235,-72.753632,8.9,13.08,72.5,6,1.5,103.4,4.210,-4.2,0,1,36959
2026-04-18T21:51:11,12.238103,-72.752068,8.5,13.31,57.2,7,1.5,103.4,4.207,-4.2,0,1,36960
2026-04-18T21:51:40,12.239011,-72.750542,0.3,13.24,53.4,7,1.5,103.4,4.207,-4.2,0,1,36961
2026-04-18T21:52:09,12.239700,-72.748901,-2.5,13.63,61.2,7,1.5,103.5,4.207,-4.4,0,1,36962
2026-04-18T21:52:38,12.240449,-72.747360,9.5,13.27,62.8,6,1.5,103.5,4.209,-4.4,0,1,36963
2026-04-18T21:53:07,12.241227,-72.745758,10.5,12.49,62.3,6,5.0,103.2,4.209,-4.2,0,1,36964
2026-04-18T21:53:36,12.241841,-72.744080,12.9,11.87,62.5,7,1.5,103.4,4.207,-4.2,0,1,36965
2026-04-18T21:54:05,12.242580,-72.742493,15.8,12.54,59.9,7,1.5,103.4,4.209,-4.2,0,1,36966
2026-04-18T21:54:34,12.243329,-72.740898,18.2,12.14,60.9,6,5.0,103.4,4.209,-4.2,0,1,36967
2026-04-18T21:55:03,12.243911,-72.739258,19.9,11.77,73.9,5,5.1,103.5,4.207,-4.4,0,1,36968
2026-04-18T21:55:32,12.244715,-72.737694,18.1,13.33,68.8,5,5.1,103.5,4.209,-4.4,0,1,36969
2026-04-18T21:56:01,12.245542,-72.736145,17.8,12.52,59.5,6,5.0,103.4,4.209,-4.2,0,1,36970
2026-04-18T21:56:30,12.246408,-72.734627,20.7,12.06,61.9,7,1.4,103.4,4.209,-4.2,0,1,36971
2026-04-18T21:56:59,12.247060,-72.732986,21.6,13.11,58.3,7,2.5,103.2,4.207,-4.2,0,1,36972
2026-04-18T21:57:28,12.247780,-72.731407,20.9,13.04,68.7,7,1.3,103.4,4.210,-4.2,0,1,36973
2026-04-18T21:57:57,12.248295,-72.729828,29.6,13.50,62.3,8,1.3,103.2,4.209,-4.2,0,1,36974
2026-04-18T21:58:26,12.249012,-72.728218,33.9,12.18,61.6,7,2.5,103.2,4.209,-4.2,0,1,36975
2026-04-18T21:58:55,12.249612,-72.726562,29.3,12.51,63.3,8,1.3,103.4,4.209,-4.2,0,1,36976
2026-04-18T21:59:24,12.250200,-72.724937,20.6,11.22,64.4,8,2.5,103.4,4.209,-4.2,0,1,36977
2026-04-18T21:59:53,12.250822,-72.723312,29.4,12.73,71.0,7,2.4,103.2,4.207,-4.2,0,1,36978
2026-04-18T22:00:22,12.251518,-72.721703,19.7,12.20,58.5,7,2.4,103.7,4.209,-4.2,0,1,36979
2026-04-18T22:00:51,12.252325,-72.720177,14.2,12.40,61.2,7,2.4,103.2,4.210,-4.2,0,1,36980
2026-04-18T22:01:20,12.253014,-72.718582,21.8,12.11,65.1,7,2.4,103.4,4.209,-4.2,0,1,36981
2026-04-18T22:01:49,12.253959,-72.717041,13.9,12.66,53.3,7,2.4,103.2,4.210,-4.2,0,1,36982
2026-04-18T22:02:18,12.254684,-72.715454,23.8,12.49,66.3,6,3.3,103.2,4.207,-4.2,0,1,36983
2026-04-18T22:02:47,12.255428,-72.713890,26.4,11.76,66.2,7,2.4,103.5,4.209,-4.4,0,1,36984
2026-04-18T22:03:16,12.256313,-72.712349,26.7,12.18,60.7,7,2.4,103.0,4.209,-4.2,0,1,36985
2026-04-18T22:03:45,12.257065,-72.710716,32.2,12.75,62.7,8,1.3,103.5,4.209,-4.4,0,1,36986
2026-04-18T22:04:14,12.257803,-72.709206,29.4,12.90,60.5,8,1.3,103.2,4.207,-4.2,0,1,36987
2026-04-18T22:04:43,12.258583,-72.707619,27.2,12.00,62.7,6,3.1,103.2,4.207,-4.2,0,1,36988
2026-04-18T22:05:12,12.259318,-72.706070,21.6,13.47,62.2,7,2.4,103.2,4.210,-4.2,0,1,36989
2026-04-18T22:05:41,12.260036,-72.704498,19.4,12.53,60.3,6,2.4,103.5,4.209,-4.4,0,1,36990
2026-04-18T22:06:10,12.260712,-72.702911,18.6,11.78,65.5,6,2.4,103.2,4.207,-4.2,0,1,36991
2026-04-18T22:06:39,12.261302,-72.701324,20.6,13.01,67.1,7,2.3,103.4,4.210,-4.2,0,1,36992
2026-04-18T22:07:08,12.261991,-72.699715,16.2,12.14,65.7,6,2.4,103.5,4.209,-4.4,0,1,36993
2026-04-18T22:07:37,12.262698,-72.698174,11.3,12.03,66.3,6,2.4,103.4,4.207,-4.2,0,1,36994
2026-04-18T22:08:06,12.263190,-72.696602,6.3,11.83,72.7,7,2.3,103.5,4.207,-4.4,0,1,36995
2026-04-18T22:08:35,12.264053,-72.695030,5.2,12.78,59.5,6,2.4,103.0,4.207,-4.2,0,1,36996
2026-04-18T22:09:04,12.264805,-72.693443,-2.7,13.18,63.2,7,2.3,103.4,4.209,-4.2,0,1,36997
2026-04-18T22:09:33,12.265418,-72.691750,-5.0,11.58,67.3,8,2.0,103.5,4.209,-4.4,0,1,36998
2026-04-18T22:10:02,12.266301,-72.690277,-7.7,13.08,61.5,8,2.0,103.2,4.209,-4.2,0,1,36999
2026-04-18T22:10:31,12.266888,-72.688690,-1.4,12.97,67.0,8,2.0,103.5,4.207,-4.4,0,1,37000
2026-04-18T22:11:00,12.267672,-72.687164,0.4,13.24,72.6,8,2.0,103.4,4.207,-4.2,0,1,37001
2026-04-18T22:11:29,12.268387,-72.685577,4.4,12.33,69.5,8,2.0,103.4,4.209,-4.2,0,1,37002
2026-04-18T22:11:58,12.269103,-72.683990,5.1,13.52,64.4,8,2.0,103.4,4.207,-4.2,0,1,37003
2026-04-18T22:12:27,12.269845,-72.682442,4.6,11.62,63.2,8,2.0,103.5,4.210,-4.4,0,1,37004
2026-04-18T22:12:56,12.270513,-72.680855,6.6,12.99,69.7,8,2.0,103.4,4.209,-4.2,0,1,37005
2026-04-18T22:13:25,12.271200,-72.679276,8.3,12.68,68.2,8,2.0,103.2,4.210,-4.2,0,1,37006
2026-04-18T22:13:54,12.271956,-72.677727,6.8,12.42,62.3,7,2.1,103.4,4.209,-4.2,0,1,37007
2026-04-18T22:14:23,12.272661,-72.676155,3.6,12.88,66.9,9,1.9,103.4,4.209,-4.2,0,1,37008
2026-04-18T22:14:52,12.273307,-72.674522,0.8,12.80,70.3,9,1.9,103.2,4.209,-4.2,0,1,37009
2026-04-18T22:15:21,12.274181,-72.673027,7.2,13.19,73.2,9,1.9,103.4,4.207,-4.2,0,1,37010
2026-04-18T22:15:50,12.274906,-72.671425,8.0,12.96,64.1,9,1.9,103.4,4.207,-4.2,0,1,37011
2026-04-18T22:16:19,12.275495,-72.669853,8.6,12.18,62.5,9,1.9,103.5,4.207,-4.4,0,1,37012
2026-04-18T22:16:48,12.276310,-72.668365,15.4,11.51,63.6,9,1.9,103.4,4.210,-4.2,0,1,37013
2026-04-18T22:17:17,12.277091,-72.666771,18.3,12.59,63.4,9,1.9,103.5,4.209,-4.4,0,1,37014
2026-04-18T22:17:46,12.277869,-72.665184,18.4,12.70,61.7,9,1.9,103.4,4.210,-4.2,0,1,37015
2026-04-18T22:18:15,12.278544,-72.663612,16.5,11.29,70.6,9,1.9,103.2,4.209,-4.2,0,1,37016
2026-04-18T22:18:44,12.279159,-72.662025,13.6,12.27,66.7,9,1.9,103.2,4.209,-4.2,0,1,37017
2026-04-18T22:19:13,12.279871,-72.660446,19.5,13.29,61.6,9,1.9,103.7,4.207,2760.2,0,1,37018
2026-04-18T22:19:42,12.280580,-72.658890,22.1,12.63,65.7,9,1.9,103.5,4.206,-4.4,0,1,37019
2026-04-18T22:20:11,12.281291,-72.657341,24.2,11.95,66.1,8,2.0,103.2,4.209,-4.2,0,1,37020
2026-04-18T22:20:40,12.282048,-72.655785,27.4,12.77,65.3,9,1.9,103.2,4.207,-4.2,0,1,37021
2026-04-18T22:21:09,12.282776,-72.654190,21.2,12.46,63.0,9,1.9,103.4,4.207,-4.2,0,1,37022
2026-04-18T22:21:38,12.283500,-72.652657,21.8,11.25,65.8,9,1.9,103.4,4.207,-4.2,0,1,37023
2026-04-18T22:22:07,12.284340,-72.651093,25.1,11.47,66.2,9,1.9,103.4,4.209,-4.2,0,1,37024
2026-04-18T22:22:36,12.285172,-72.649513,16.2,12.18,64.9,8,1.9,103.4,4.209,-4.2,0,1,37025
2026-04-18T22:23:05,12.285792,-72.647926,16.6,12.36,65.5,9,1.9,103.4,4.210,-4.2,0,1,37026
2026-04-18T22:23:34,12.286483,-72.646393,17.2,12.65,69.8,8,1.9,103.4,4.209,-4.2,0,1,37027
2026-04-18T22:24:03,12.287198,-72.644791,8.9,11.89,63.6,8,1.9,103.2,4.209,-4.2,0,1,37028
2026-04-18T22:24:32,12.287955,-72.643242,13.0,12.96,69.7,8,1.9,103.2,4.210,-4.2,0,1,37029
2026-04-18T22:25:01,12.288630,-72.641685,11.3,12.69,63.3,8,1.9,103.4,4.210,-4.2,0,1,37030
2026-04-18T22:25:30,12.289323,-72.640099,6.8,12.51,66.9,8,1.9,103.4,4.209,-4.2,0,1,37031
2026-04-18T22:25:59,12.290077,-72.638512,9.2,12.73,65.6,9,1.8,103.0,4.209,-4.2,0,1,37032
2026-04-18T22:26:28,12.290672,-72.636864,4.9,12.84,67.7,9,1.8,103.2,4.209,-4.2,0,1,37033
2026-04-18T22:26:57,12.291350,-72.635231,-1.7,12.98,67.8,9,1.8,103.4,4.209,-4.2,0,1,37034
2026-04-18T22:27:26,12.292052,-72.633629,3.3,12.92,63.8,9,1.8,103.4,4.209,-4.2,0,1,37035
2026-04-18T22:27:55,12.292722,-72.632042,0.2,12.93,68.2,9,1.8,103.5,4.209,-4.4,0,1,37036
2026-04-18T22:28:24,12.293478,-72.630447,-1.1,12.76,64.7,9,1.8,103.5,4.210,-4.4,0,1,37037
2026-04-18T22:28:53,12.294177,-72.628868,3.6,12.63,59.0,9,1.8,103.2,4.210,-4.2,0,1,37038
2026-04-18T22:29:22,12.294732,-72.627213,8.3,11.54,60.9,9,1.8,103.5,4.210,-4.4,0,1,37039
2026-04-18T22:29:51,12.295435,-72.625565,12.3,12.79,63.0,9,1.8,103.4,4.209,-4.2,0,1,37040
2026-04-18T22:30:20,12.296246,-72.623993,25.4,14.13,59.8,9,1.8,103.4,4.207,-4.2,0,1,37041
2026-04-18T22:30:49,12.296960,-72.622414,32.4,12.86,65.5,9,1.8,103.4,4.209,-4.2,0,1,37042
2026-04-18T22:31:18,12.297666,-72.620781,35.4,13.51,68.9,9,1.8,103.4,4.207,-4.2,0,1,37043
2026-04-18T22:31:47,12.298491,-72.619217,37.6,12.60,59.7,9,1.8,103.2,4.209,-4.2,0,1,37044
2026-04-18T22:32:16,12.299140,-72.617599,35.8,12.53,64.3,9,1.8,103.4,4.209,-4.2,0,1,37045
2026-04-18T22:32:45,12.299878,-72.616020,32.7,13.32,69.6,9,1.7,103.5,4.209,-4.4,0,1,37046
2026-04-18T22:33:14,12.300625,-72.614449,33.6,12.41,64.0,9,1.7,103.4,4.210,-4.2,0,1,37047
2026-04-18T22:33:43,12.301376,-72.612854,35.9,12.51,61.1,9,1.7,103.7,4.210,-4.2,0,1,37048
2026-04-18T22:34:12,12.302108,-72.611252,33.8,12.55,62.3,9,1.7,103.5,4.207,-4.4,0,1,37049
2026-04-18T22:34:41,12.302763,-72.609665,34.7,12.40,64.7,9,1.7,103.4,4.209,-4.2,0,1,37050
2026-04-18T22:35:10,12.303501,-72.608047,35.2,13.13,64.3,9,1.7,103.4,4.209,-4.2,0,1,37051
2026-04-18T22:35:39,12.304191,-72.606422,30.1,12.60,68.8,9,1.7,103.4,4.209,-4.2,0,1,37052
2026-04-18T22:36:08,12.304928,-72.604874,33.5,13.09,65.3,9,1.7,103.4,4.207,-4.2,0,1,37053
2026-04-18T22:36:37,12.305640,-72.603226,35.1,13.10,69.9,9,1.7,103.4,4.207,-4.2,0,1,37054
2026-04-18T22:37:06,12.306320,-72.601624,32.4,13.28,69.2,9,1.7,103.2,4.207,-4.2,0,1,37055
2026-04-18T22:37:35,12.307054,-72.600029,29.9,12.42,65.7,9,1.6,103.5,4.207,-4.4,0,1,37056
2026-04-18T22:38:04,12.307734,-72.598442,28.7,12.92,66.3,9,1.6,103.2,4.209,-4.2,0,1,37057
2026-04-18T22:38:33,12.308503,-72.596848,29.9,12.76,64.7,9,1.6,103.4,4.207,-4.2,0,1,37058
2026-04-18T22:39:02,12.309232,-72.595230,31.7,11.12,64.0,9,1.6,103.4,4.210,-4.2,0,1,37059
2026-04-18T22:39:31,12.309937,-72.593597,36.2,12.37,64.1,9,1.6,103.4,4.209,-4.2,0,1,37060
2026-04-18T22:40:00,12.310555,-72.591957,30.1,14.34,68.2,9,1.6,103.4,4.209,-4.2,0,1,37061
2026-04-18T22:40:29,12.311231,-72.590347,24.9,11.63,68.4,8,1.7,103.4,4.209,-4.2,0,1,37062
2026-04-18T22:40:58,12.311945,-72.588730,28.7,13.21,64.9,9,1.6,103.4,4.209,-4.2,0,1,37063
2026-04-18T22:41:27,12.312705,-72.587158,27.6,12.58,66.9,9,1.6,103.2,4.207,-4.2,0,1,37064
2026-04-18T22:41:56,12.313416,-72.585556,22.5,12.78,64.9,9,1.6,103.2,4.209,-4.2,0,1,37065
2026-04-18T22:42:25,12.314100,-72.583923,16.4,13.44,69.3,8,1.7,103.7,4.209,-4.2,0,1,37066
2026-04-18T22:42:54,12.314796,-72.582352,15.2,12.40,65.6,8,1.7,103.0,4.209,-4.2,0,1,37067
2026-04-18T22:43:23,12.315563,-72.580742,15.2,12.61,65.9,8,1.7,103.5,4.207,-4.4,0,1,37068
2026-04-18T22:43:52,12.316290,-72.579155,26.1,13.55,70.2,8,1.7,103.5,4.207,-4.4,0,1,37069
2026-04-18T22:44:21,12.317083,-72.577507,25.7,13.77,64.3,8,1.7,103.4,4.209,-4.2,0,1,37070
2026-04-18T22:44:50,12.317900,-72.575905,28.2,13.87,65.8,9,1.5,103.5,4.209,-4.4,0,1,37071
2026-04-18T22:45:19,12.318637,-72.574310,29.7,12.61,70.7,7,1.6,103.4,4.209,-4.2,0,1,37072
2026-04-18T22:45:48,12.319371,-72.572723,30.3,12.48,67.2,7,1.6,103.2,4.209,-4.2,0,1,37073
2026-04-18T22:46:17,12.320169,-72.571114,32.2,12.24,64.5,8,1.6,103.4,4.209,-4.2,0,1,37074
2026-04-18T22:46:46,12.320965,-72.569519,33.0,13.58,64.7,8,1.6,103.4,4.209,-4.2,0,1,37075
2026-04-18T22:47:15,12.321712,-72.567894,33.6,13.50,62.6,8,1.6,103.4,4.206,-4.2,0,1,37076
2026-04-18T22:47:44,12.322488,-72.566269,41.5,13.13,63.3,9,1.6,103.2,4.207,-4.2,0,1,37077
2026-04-18T22:48:13,12.323253,-72.564621,42.1,13.19,62.2,9,1.6,103.0,4.209,-4.2,0,1,37078
2026-04-18T22:48:42,12.324018,-72.563026,41.7,12.38,63.7,9,1.6,103.4,4.209,-4.2,0,1,37079
2026-04-18T22:49:11,12.324783,-72.561447,43.9,12.84,63.4,9,1.6,103.4,4.209,-4.2,0,1,37080
2026-04-18T22:49:40,12.325640,-72.559868,44.4,13.46,59.2,9,1.6,103.0,4.209,-4.2,0,1,37081
2026-04-18T22:50:09,12.326453,-72.558388,44.2,12.58,62.0,9,1.6,103.5,4.209,-4.4,0,1,37082
2026-04-18T22:50:38,12.327238,-72.556862,45.5,12.57,61.5,9,1.5,103.2,4.209,-4.2,0,1,37083
2026-04-18T22:51:07,12.327992,-72.555374,51.9,11.98,69.0,9,1.5,103.4,4.209,-4.2,0,1,37084
2026-04-18T22:51:36,12.328736,-72.553833,50.5,12.48,61.7,9,1.5,103.4,4.209,-4.2,0,1,37085
2026-04-18T22:52:05,12.329458,-72.552376,45.8,12.82,61.1,9,1.5,103.4,4.209,-4.2,0,1,37086
2026-04-18T22:52:34,12.330170,-72.550873,40.3,11.84,62.6,9,1.5,103.4,4.207,2751.6,0,1,37087
2026-04-18T22:53:03,12.330925,-72.549393,42.0,11.51,62.3,9,1.5,103.4,4.209,-4.2,0,1,37088
2026-04-18T22:53:32,12.331645,-72.547844,42.6,12.23,64.7,9,1.5,103.4,4.209,-4.2,0,1,37089
2026-04-18T22:54:01,12.332358,-72.546410,42.3,13.29,70.5,9,1.5,103.0,4.209,-4.2,0,1,37090
2026-04-18T22:54:30,12.333115,-72.544937,38.5,11.83,62.5,9,1.5,103.5,4.210,-4.4,0,1,37091
2026-04-18T22:54:59,12.333858,-72.543442,36.6,11.91,69.0,9,1.5,103.4,4.209,-4.2,0,1,37092
2026-04-18T22:55:28,12.334680,-72.541962,39.8,12.44,62.7,9,1.5,103.4,4.210,-4.2,0,1,37093
2026-04-18T22:55:57,12.335365,-72.540466,38.1,11.79,66.1,9,1.5,103.4,4.207,-4.2,0,1,37094
2026-04-18T22:56:26,12.336140,-72.539017,31.1,11.45,61.3,9,1.5,103.5,4.210,-4.4,0,1,37095
2026-04-18T22:56:55,12.336845,-72.537476,27.4,12.40,67.7,9,1.5,103.4,4.207,-4.2,0,1,37096
2026-04-18T22:57:24,12.337547,-72.536034,32.2,12.05,63.8,10,1.2,103.0,4.209,-4.2,0,1,37097
2026-04-18T22:57:53,12.338195,-72.534508,27.2,12.09,67.9,10,1.2,103.5,4.206,-4.4,0,1,37098
2026-04-18T22:58:22,12.338874,-72.533020,31.5,12.05,65.6,10,1.2,103.2,4.209,-4.2,0,1,37099
2026-04-18T22:58:51,12.339547,-72.531517,33.9,12.02,65.9,10,1.2,103.2,4.210,-4.2,0,1,37100
2026-04-18T22:59:20,12.340267,-72.529999,33.8,12.00,65.1,10,1.2,103.5,4.209,-4.4,0,1,37101
2026-04-18T22:59:49,12.340912,-72.528473,31.8,11.11,67.2,10,1.2,103.4,4.206,2751.6,0,1,37102
2026-04-18T23:00:18,12.341574,-72.526939,31.3,14.63,60.8,9,1.2,103.2,4.206,-4.2,0,1,37103
2026-04-18T23:00:47,12.342256,-72.525459,38.4,12.50,62.5,10,1.2,103.0,4.207,-4.2,0,1,37104
2026-04-18T23:01:16,12.342818,-72.523926,23.3,12.34,68.5,10,1.2,103.2,4.207,-4.2,0,1,37105
2026-04-18T23:01:45,12.343424,-72.522400,20.0,11.60,69.9,10,1.2,103.4,4.207,-4.2,0,1,37106
2026-04-18T23:02:14,12.344028,-72.520882,19.9,10.89,66.2,10,1.2,103.5,4.209,-4.4,0,1,37107
2026-04-18T23:02:43,12.344673,-72.519379,5.9,11.96,66.5,10,1.2,103.2,4.207,-4.2,0,1,37108
2026-04-18T23:03:12,12.345284,-72.517853,-7.6,12.05,67.5,10,1.2,103.5,4.209,-4.4,0,1,37109
2026-04-18T23:03:41,12.345972,-72.516380,-14.6,11.08,66.1,10,1.2,103.2,4.209,2747.5,0,1,37110
2026-04-18T23:04:10,12.346655,-72.514908,-18.9,12.34,66.8,10,1.2,103.4,4.209,-4.2,0,1,37111
2026-04-18T23:04:39,12.347261,-72.513336,-13.7,11.38,67.0,10,1.2,103.7,4.207,-4.2,0,1,37112
2026-04-18T23:05:08,12.347878,-72.511787,-8.8,12.44,72.0,9,1.2,103.4,4.207,-4.2,0,1,37113
2026-04-18T23:05:37,12.348495,-72.510239,-7.5,12.19,67.7,10,1.2,103.2,4.209,-4.2,0,1,37114
2026-04-18T23:06:06,12.349196,-72.508751,-9.5,12.03,59.6,9,1.4,103.4,4.207,-4.2,0,1,37115
2026-04-18T23:06:35,12.349784,-72.507179,-12.0,12.95,68.2,10,1.2,103.4,4.210,-4.2,0,1,37116
2026-04-18T23:07:04,12.350415,-72.505661,-13.1,11.99,66.7,10,1.2,103.8,4.207,-4.2,0,1,37117
2026-04-18T23:07:33,12.351070,-72.504143,-11.0,11.99,63.5,9,1.4,103.5,4.207,-4.4,0,1,37118
2026-04-18T23:08:02,12.351708,-72.502625,-8.0,11.38,66.7,10,1.2,103.2,4.209,-4.2,0,1,37119
2026-04-18T23:08:31,12.352324,-72.501106,-7.6,11.92,61.0,9,1.4,103.5,4.209,-4.4,0,1,37120
2026-04-18T23:09:00,12.352888,-72.499588,-0.3,10.27,78.9,9,1.4,103.7,4.209,-4.2,0,1,37121
2026-04-18T23:09:29,12.353579,-72.498070,3.6,11.14,73.2,10,1.2,103.4,4.209,-4.2,0,1,37122
2026-04-18T23:09:58,12.354295,-72.496605,13.8,12.58,62.5,9,1.4,103.5,4.209,-4.4,0,1,37123
2026-04-18T23:10:27,12.354977,-72.495087,19.3,12.02,69.6,9,1.2,103.4,4.210,-4.2,0,1,37124
2026-04-18T23:10:56,12.355566,-72.493576,21.0,12.22,66.8,10,1.2,103.2,4.209,2747.5,0,1,37125
2026-04-18T23:11:25,12.356195,-72.492073,23.5,11.84,62.7,10,1.2,103.4,4.207,-4.2,0,1,37126
2026-04-18T23:11:54,12.356810,-72.490463,24.0,13.04,68.2,9,1.4,103.2,4.207,-4.2,0,1,37127
2026-04-18T23:12:23,12.357447,-72.488998,27.1,11.29,68.6,10,1.1,103.2,4.210,-4.2,0,1,37128
2026-04-18T23:12:52,12.358048,-72.487457,27.4,11.54,66.4,10,1.1,103.2,4.206,-4.2,0,1,37129
2026-04-18T23:13:21,12.358657,-72.485901,26.8,12.69,65.9,10,1.1,103.4,4.209,-4.2,0,1,37130
2026-04-18T23:13:50,12.359244,-72.484352,26.8,11.96,70.1,9,1.4,103.2,4.209,-4.2,0,1,37131
2026-04-18T23:14:19,12.359866,-72.482803,28.0,12.26,65.3,9,1.4,103.4,4.210,-4.2,0,1,37132
2026-04-18T23:14:48,12.360446,-72.481270,30.9,12.74,67.6,9,1.4,103.4,4.209,-4.2,0,1,37133
2026-04-18T23:15:17,12.361076,-72.479729,33.3,11.95,66.5,9,1.4,103.2,4.209,-4.2,0,1,37134
2026-04-18T23:15:46,12.361685,-72.478134,40.5,12.06,67.8,10,1.1,103.4,4.209,2751.6,0,1,37135
2026-04-18T23:16:15,12.362297,-72.476601,46.2,11.90,67.3,10,1.1,103.4,4.209,-4.2,0,1,37136
2026-04-18T23:16:44,12.362964,-72.475082,45.2,12.15,69.0,10,1.1,103.0,4.207,-4.2,0,1,37137
2026-04-18T23:17:13,12.363568,-72.473557,45.5,11.86,69.1,9,1.3,103.2,4.209,-4.2,0,1,37138
2026-04-18T23:17:42,12.364190,-72.472031,44.2,12.20,67.4,10,1.1,103.2,4.209,2747.5,0,1,37139
2026-04-18T23:18:11,12.364857,-72.470512,41.7,12.44,70.7,9,1.3,103.4,4.207,-4.2,0,1,37140
2026-04-18T23:18:40,12.365416,-72.468956,43.5,11.93,70.7,9,1.3,103.4,4.209,-4.2,0,1,37141
2026-04-18T23:19:09,12.366025,-72.467392,41.4,11.87,67.6,10,1.1,103.0,4.209,-4.2,0,1,37142
2026-04-18T23:19:38,12.366613,-72.465820,40.6,12.30,70.8,9,1.3,103.5,4.207,-4.4,0,1,37143
2026-04-18T23:20:07,12.367211,-72.464287,32.1,11.70,70.7,9,1.3,103.4,4.207,-4.2,0,1,37144
2026-04-18T23:20:36,12.367811,-72.462753,31.8,12.34,68.2,10,1.1,103.5,4.210,-4.4,0,1,37145
2026-04-18T23:21:04,12.368414,-72.461250,34.2,12.00,69.0,10,1.1,103.4,4.207,2751.6,0,1,37146
2026-04-18T23:21:33,12.368957,-72.459709,25.6,11.85,71.8,9,1.3,103.0,4.209,-4.2,0,1,37147
2026-04-18T23:22:02,12.369514,-72.458214,16.8,12.11,62.7,9,1.3,103.4,4.207,-4.2,0,1,37148
2026-04-18T23:22:31,12.370218,-72.456627,22.8,11.84,64.7,9,1.3,103.4,4.209,-4.2,0,1,37149
2026-04-18T23:23:00,12.370943,-72.455132,22.5,10.92,63.6,8,1.9,103.5,4.209,-4.4,0,1,37150
2026-04-18T23:23:29,12.371550,-72.453606,20.2,12.78,70.1,8,1.9,103.5,4.209,-4.4,0,1,37151
2026-04-18T23:23:58,12.372245,-72.452126,17.2,11.99,63.7,9,1.3,103.2,4.207,-4.2,0,1,37152
2026-04-18T23:24:27,12.372865,-72.450638,18.0,11.72,68.3,8,1.9,103.0,4.209,2743.3,0,1,37153
2026-04-18T23:24:56,12.373654,-72.449127,16.9,13.54,59.8,9,1.3,103.2,4.207,-4.2,0,1,37154
2026-04-18T23:25:24,12.374385,-72.447685,7.7,11.81,65.7,9,1.3,103.4,4.207,-4.2,0,1,37155
2026-04-18T23:25:53,12.374929,-72.446205,1.8,11.85,76.7,9,1.3,103.2,4.209,-4.2,0,1,37156
2026-04-18T23:26:22,12.375765,-72.444672,10.8,12.63,64.6,9,1.3,103.2,4.209,-4.2,0,1,37157
2026-04-18T23:26:51,12.376488,-72.443161,17.9,11.52,63.1,9,1.2,103.0,4.209,-4.2,0,1,37158
2026-04-18T23:27:19,12.377183,-72.441727,12.2,12.36,60.6,9,1.2,103.4,4.207,-4.2,0,1,37159
2026-04-18T23:27:48,12.377863,-72.440216,2.6,11.69,63.2,9,1.2,103.4,4.209,-4.2,0,1,37160
2026-04-18T23:28:17,12.378472,-72.438683,0.2,12.01,73.0,8,1.9,103.2,4.209,-4.2,0,1,37161
2026-04-18T23:28:46,12.379153,-72.437225,-15.3,10.89,62.9,9,1.2,103.4,4.207,-4.2,0,1,37162
2026-04-18T23:29:14,12.379831,-72.435783,12.6,12.42,63.7,9,1.2,103.2,4.207,-4.2,0,1,37163
2026-04-18T23:29:43,12.380545,-72.434296,18.9,12.15,68.4,9,1.2,103.4,4.209,-4.2,0,1,37164
2026-04-18T23:30:12,12.381229,-72.432770,3.9,12.31,64.8,9,1.2,103.5,4.209,-4.4,0,1,37165
2026-04-18T23:30:41,12.381913,-72.431305,12.7,12.59,62.7,9,1.2,103.2,4.207,-4.2,0,1,37166
2026-04-18T23:31:10,12.382677,-72.429817,17.5,11.74,61.4,9,1.2,103.4,4.207,-4.2,0,1,37167
2026-04-18T23:31:39,12.383360,-72.428299,17.7,11.99,64.4,9,1.2,103.4,4.209,-4.2,0,1,37168
2026-04-18T23:32:08,12.384053,-72.426773,0.1,12.51,63.9,9,1.2,103.2,4.207,-4.2,0,1,37169
2026-04-18T23:32:37,12.384758,-72.425270,-0.7,12.46,61.8,9,1.2,103.2,4.209,-4.2,0,1,37170
2026-04-18T23:33:06,12.385578,-72.423798,11.7,12.45,62.9,9,1.2,103.2,4.209,-4.2,0,1,37171
2026-04-18T23:33:34,12.386168,-72.422295,10.2,11.75,64.2,9,1.2,103.4,4.209,-4.2,0,1,37172
2026-04-18T23:34:03,12.386782,-72.420715,12.3,11.79,63.0,9,1.2,103.4,4.207,-4.2,0,1,37173
2026-04-18T23:34:32,12.387493,-72.419182,28.7,11.91,66.0,9,1.2,103.2,4.209,-4.2,0,1,37174
2026-04-18T23:35:01,12.388177,-72.417641,25.1,12.40,63.0,8,1.2,103.4,4.210,-4.2,0,1,37175
2026-04-18T23:35:29,12.388854,-72.416191,20.4,11.96,66.2,9,1.2,103.5,4.209,-4.4,0,1,37176
2026-04-18T23:35:58,12.389607,-72.414742,16.6,12.43,60.7,9,1.2,103.4,4.209,-4.2,0,1,37177
2026-04-18T23:36:27,12.390239,-72.413239,18.8,11.69,67.1,9,1.2,103.4,4.209,-4.2,0,1,37178
2026-04-18T23:36:56,12.391008,-72.411713,6.4,12.12,62.7,8,2.0,103.4,4.207,-4.2,0,1,37179
2026-04-18T23:37:24,12.391713,-72.410255,2.8,11.89,62.8,9,1.2,103.8,4.209,-4.2,0,1,37180
2026-04-18T23:37:53,12.392406,-72.408737,-7.2,13.87,68.2,9,1.2,103.5,4.209,-4.4,0,1,37181
2026-04-18T23:38:22,12.393003,-72.407196,-0.5,12.49,63.3,8,2.0,103.4,4.207,-4.2,0,1,37182
2026-04-18T23:38:51,12.393744,-72.405724,-1.3,12.57,66.2,9,1.1,103.4,4.209,-4.2,0,1,37183
2026-04-18T23:39:19,12.394469,-72.404259,-7.9,12.59,66.0,9,1.1,103.4,4.209,-4.2,0,1,37184
2026-04-18T23:39:48,12.395165,-72.402779,-4.6,12.51,63.5,8,2.0,103.4,4.207,-4.2,0,1,37185
2026-04-18T23:40:17,12.395926,-72.401245,-13.7,12.16,63.1,8,2.0,103.2,4.206,-4.2,0,1,37186
2026-04-18T23:40:46,12.396686,-72.399704,-5.5,13.20,62.3,8,2.0,103.7,4.209,-4.2,0,1,37187
2026-04-18T23:41:14,12.397388,-72.398247,3.5,12.04,65.1,8,2.0,103.4,4.209,-4.2,0,1,37188
2026-04-18T23:41:43,12.398108,-72.396751,8.3,11.90,65.0,8,2.0,103.5,4.207,-4.4,0,1,37189
2026-04-18T23:42:12,12.398803,-72.395226,23.5,12.33,65.8,8,2.0,103.2,4.207,-4.2,0,1,37190
2026-04-18T23:42:41,12.399475,-72.393707,25.5,11.42,68.3,8,2.0,103.4,4.209,-4.2,0,1,37191
2026-04-18T23:43:10,12.400175,-72.392174,30.5,11.51,66.0,8,2.0,103.4,4.210,-4.2,0,1,37192
2026-04-18T23:43:39,12.401025,-72.390640,27.5,13.59,56.6,8,2.0,103.4,4.209,-4.2,0,1,37193
2026-04-18T23:44:08,12.401762,-72.389099,26.1,12.20,65.2,9,2.0,103.4,4.210,-4.2,0,1,37194
2026-04-18T23:44:37,12.402531,-72.387581,30.4,13.13,58.5,8,2.0,103.4,4.209,-4.2,0,1,37195
2026-04-18T23:45:06,12.403225,-72.386047,25.7,11.92,67.8,8,2.0,103.2,4.209,-4.2,0,1,37196
2026-04-18T23:45:35,12.403945,-72.384552,23.2,12.82,62.3,8,2.0,103.2,4.209,-4.2,0,1,37197
2026-04-18T23:46:04,12.404641,-72.383018,9.3,12.09,64.2,8,2.0,103.2,4.209,-4.2,0,1,37198
2026-04-18T23:46:33,12.405312,-72.381546,4.1,11.84,61.0,9,1.1,103.4,4.207,-4.2,0,1,37199
2026-04-18T23:47:02,12.405958,-72.379997,28.6,10.98,65.1,8,2.0,103.2,4.209,-4.2,0,1,37200
2026-04-18T23:47:31,12.406680,-72.378456,40.9,12.37,63.0,8,2.0,103.2,4.209,-4.2,0,1,37201
2026-04-18T23:47:59,12.407450,-72.376976,36.5,13.14,56.8,9,1.1,103.2,4.209,-4.2,0,1,37202
2026-04-18T23:48:28,12.408194,-72.375465,28.8,11.63,60.9,8,2.0,103.2,4.207,-4.2,0,1,37203
2026-04-18T23:48:57,12.408792,-72.373932,28.0,12.86,66.7,9,1.1,103.2,4.209,-4.2,0,1,37204
2026-04-18T23:49:26,12.409432,-72.372421,46.2,11.67,68.7,8,2.0,103.2,4.207,-4.2,0,1,37205
2026-04-18T23:49:54,12.410148,-72.370895,51.9,11.81,67.6,9,1.1,103.4,4.209,-4.2,0,1,37206
2026-04-18T23:50:23,12.410890,-72.369331,47.7,12.05,63.5,7,2.0,103.4,4.209,-4.2,0,1,37207
2026-04-18T23:50:52,12.411636,-72.367836,30.3,11.47,56.9,9,1.1,103.2,4.207,-4.2,0,1,37208
2026-04-18T23:51:21,12.412311,-72.366310,25.9,12.51,65.6,8,2.0,103.4,4.207,-4.2,0,1,37209
2026-04-18T23:51:49,12.412923,-72.364815,22.0,12.57,63.2,8,2.0,103.2,4.209,-4.2,0,1,37210
2026-04-18T23:52:18,12.413508,-72.363235,20.8,13.58,71.6,7,3.5,103.2,4.210,-4.2,0,1,37211
2026-04-18T23:52:47,12.414192,-72.361725,18.0,13.13,66.9,8,1.3,103.2,4.207,-4.2,0,1,37212
2026-04-18T23:53:16,12.414794,-72.360191,10.9,11.58,68.6,7,3.6,103.2,4.207,-4.2,0,1,37213
2026-04-18T23:53:44,12.415482,-72.358704,4.2,12.16,65.7,7,3.5,103.4,4.209,-4.2,0,1,37214
2026-04-18T23:54:13,12.416137,-72.357162,3.9,11.55,66.2,7,3.6,103.4,4.207,-4.2,0,1,37215
2026-04-18T23:54:42,12.416917,-72.355644,9.1,13.00,57.2,7,3.6,103.4,4.209,-4.2,0,1,37216
2026-04-18T23:55:11,12.417521,-72.354095,10.4,12.20,67.2,7,3.6,103.2,4.207,-4.2,0,1,37217
2026-04-18T23:55:39,12.418157,-72.352615,4.3,13.27,65.7,7,3.6,103.2,4.207,-4.2,0,1,37218
2026-04-18T23:56:08,12.418893,-72.351112,11.5,13.23,61.6,8,1.9,103.4,4.209,-4.2,0,1,37219
2026-04-18T23:56:37,12.419600,-72.349548,9.7,13.53,64.2,7,3.6,103.4,4.209,-4.2,0,1,37220
2026-04-18T23:57:06,12.420368,-72.348030,10.7,12.05,64.3,8,1.9,103.2,4.207,-4.2,0,1,37221
2026-04-18T23:57:34,12.421075,-72.346565,11.0,12.19,62.1,8,1.9,103.4,4.206,-4.2,0,1,37222
2026-04-18T23:58:03,12.421831,-72.345039,11.6,11.94,67.2,8,1.9,103.2,4.207,-4.2,0,1,37223
2026-04-18T23:58:32,12.422520,-72.343521,16.7,11.08,65.1,7,3.6,103.2,4.207,-4.2,0,1,37224
2026-04-18T23:59:01,12.423296,-72.341904,23.2,16.77,74.0,7,3.6,103.4,4.206,-4.2,0,1,37225
2026-04-18T23:59:29,12.423986,-72.340424,24.0,11.34,65.1,7,3.6,103.4,4.207,-4.2,0,1,37226
2026-04-18T23:59:58,12.424557,-72.338898,25.7,11.71,63.6,7,3.6,103.2,4.210,-4.2,0,1,37227
