datetime,lat,lon,alt_m,speed_kts,cog,satellites,hdop,battery_pct,battery_v,charge_rate,rtc_bat_low,fix,boot
2026-05-01T00:00:01,25.187666,-27.674726,23.8,12.94,83.7,9,1.7,68.0,3.922,-3.7,0,1,66461
2026-05-01T00:00:31,25.188175,-27.672890,30.1,12.85,78.8,9,1.7,67.4,3.928,-3.7,0,1,66462
2026-05-01T00:01:00,25.188555,-27.671104,29.3,12.37,77.7,9,1.7,67.6,3.929,-4.0,0,1,66463
2026-05-01T00:01:29,25.189016,-27.669350,28.0,12.17,72.3,9,1.7,67.7,3.929,-3.7,0,1,66464
2026-05-01T00:01:59,25.189503,-27.667536,26.7,13.08,64.0,9,1.7,67.9,3.924,-4.0,0,1,66465
2026-05-01T00:02:28,25.189911,-27.665728,28.4,12.77,69.7,9,1.7,67.4,3.919,-3.7,0,1,66466
2026-05-01T00:02:58,25.190407,-27.663858,28.2,13.03,68.5,8,1.8,67.4,3.916,-3.7,0,1,66467
2026-05-01T00:03:27,25.190826,-27.662025,24.1,12.03,79.7,10,1.6,67.4,3.928,-3.7,0,1,66468
2026-05-01T00:03:57,25.191303,-27.660217,22.5,12.21,76.5,10,1.6,67.6,3.920,-4.0,0,1,66469
2026-05-01T00:04:26,25.191648,-27.658409,17.6,11.78,70.6,10,1.6,67.4,3.918,-3.7,0,1,66470
2026-05-01T00:04:56,25.192192,-27.656582,20.2,12.68,67.0,10,1.6,67.6,3.921,-4.0,0,1,66471
2026-05-01T00:05:25,25.192558,-27.654791,20.8,13.09,76.8,10,1.6,67.4,3.920,-3.7,0,1,66472
2026-05-01T00:05:54,25.193161,-27.653097,20.7,12.98,67.7,9,1.8,67.4,3.918,-3.7,0,1,66473
2026-05-01T00:06:24,25.193567,-27.651222,20.5,12.70,83.0,10,1.6,67.6,3.921,-4.0,0,1,66474
2026-05-01T00:06:53,25.194056,-27.649422,14.6,11.96,72.8,10,1.8,67.3,3.921,-4.0,0,1,66475
2026-05-01T00:07:23,25.194403,-27.647596,14.4,11.56,78.2,10,1.6,67.3,3.919,-4.0,0,1,66476
2026-05-01T00:07:52,25.194748,-27.645760,12.5,13.09,78.8,10,1.6,67.0,3.919,-4.0,0,1,66477
2026-05-01T00:08:22,25.195103,-27.643917,6.5,12.40,72.8,10,1.6,67.4,3.924,-3.7,0,1,66478
2026-05-01T00:08:51,25.195473,-27.642067,15.0,12.49,81.4,10,1.6,67.3,3.925,-4.0,0,1,66479
2026-05-01T00:09:21,25.195732,-27.640196,9.1,12.31,66.7,10,1.6,67.4,3.919,-3.7,0,1,66480
2026-05-01T00:09:50,25.196098,-27.638371,11.5,13.21,78.6,10,1.6,67.4,3.925,-3.7,0,1,66481
2026-05-01T00:10:19,25.196318,-27.636538,12.3,13.48,71.0,10,1.6,67.6,3.915,-4.0,0,1,66482
2026-05-01T00:10:49,25.196695,-27.634666,8.3,13.03,85.8,9,1.6,67.6,3.924,-4.0,0,1,66483
2026-05-01T00:11:18,25.197128,-27.632877,5.1,12.00,70.5,9,1.9,67.2,3.925,-3.7,0,1,66484
2026-05-01T00:11:48,25.197542,-27.631004,8.3,12.48,77.0,9,1.6,67.4,3.925,-3.7,0,1,66485
2026-05-01T00:12:17,25.197868,-27.629196,9.2,12.69,81.3,10,1.6,67.3,3.916,-4.0,0,1,66486
2026-05-01T00:12:47,25.198303,-27.627277,11.3,13.51,72.6,9,1.6,67.4,3.922,-3.7,0,1,66487
2026-05-01T00:13:16,25.198750,-27.625465,16.5,12.53,77.5,10,1.6,67.0,3.925,-4.0,0,1,66488
2026-05-01T00:13:46,25.199169,-27.623568,7.3,12.49,74.0,9,1.6,67.3,3.919,-4.0,0,1,66489
2026-05-01T00:14:15,25.199396,-27.621792,4.2,12.02,80.4,8,1.7,67.0,3.919,-4.0,0,1,66490
2026-05-01T00:14:44,25.199783,-27.619930,1.7,12.17,76.7,10,1.6,67.2,3.925,-3.7,0,1,66491
2026-05-01T00:15:14,25.200153,-27.618000,-3.7,11.71,86.6,10,1.6,67.3,3.919,-4.0,0,1,66492
2026-05-01T00:15:43,25.200548,-27.616163,-4.2,12.99,77.9,9,1.9,67.2,3.924,-3.7,0,1,66493
2026-05-01T00:16:13,25.200960,-27.614275,-7.8,13.12,77.1,9,1.6,67.3,3.916,-4.0,0,1,66494
2026-05-01T00:16:42,25.201414,-27.612404,-2.4,13.02,73.7,9,1.6,66.9,3.922,-3.7,0,1,66495
2026-05-01T00:17:12,25.201681,-27.610508,-4.5,13.19,82.5,10,1.6,67.2,3.925,-3.7,0,1,66496
2026-05-01T00:17:41,25.202263,-27.608585,9.7,13.78,80.3,10,1.6,67.2,3.921,-3.7,0,1,66497
2026-05-01T00:18:11,25.202642,-27.606730,13.1,12.25,78.3,10,1.6,67.0,3.915,-4.0,0,1,66498
2026-05-01T00:18:40,25.203138,-27.604858,16.7,13.22,81.7,10,1.6,67.2,3.921,-3.7,0,1,66499
2026-05-01T00:19:09,25.203527,-27.602982,20.4,13.15,79.1,10,1.6,66.9,3.921,-3.7,0,1,66500
2026-05-01T00:19:39,25.203854,-27.601126,18.8,13.56,85.3,10,1.5,67.0,3.919,-4.0,0,1,66501
2026-05-01T00:20:08,25.204229,-27.599264,13.9,13.15,73.4,9,1.6,66.9,3.914,-3.7,0,1,66502
2026-05-01T00:20:38,25.204638,-27.597389,16.2,12.83,76.6,9,2.2,67.2,3.912,-3.7,0,1,66503
2026-05-01T00:21:07,25.205034,-27.595514,26.9,12.33,73.8,8,2.3,66.7,3.921,-4.0,0,1,66504
2026-05-01T00:21:37,25.205458,-27.593546,31.4,13.57,69.8,10,1.5,67.0,3.920,-4.0,0,1,66505
2026-05-01T00:22:06,25.205845,-27.591738,28.6,11.91,72.0,10,1.5,67.0,3.921,-4.0,0,1,66506
2026-05-01T00:22:36,25.206253,-27.589808,30.5,12.91,78.9,9,1.5,66.7,3.915,-4.0,0,1,66507
2026-05-01T00:23:05,25.206684,-27.587990,26.9,12.10,78.1,10,1.5,66.7,3.921,-4.0,0,1,66508
2026-05-01T00:23:34,25.207094,-27.586111,25.2,14.07,69.6,10,1.5,67.0,3.912,-4.0,0,1,66509
2026-05-01T00:24:04,25.207548,-27.584227,24.6,12.86,76.2,10,1.5,67.2,3.918,-3.7,0,1,66510
2026-05-01T00:24:33,25.207954,-27.582388,19.3,12.84,75.3,10,1.5,66.9,3.911,-3.7,0,1,66511
2026-05-01T00:25:03,25.208344,-27.580435,21.7,12.53,80.4,10,1.5,66.9,3.921,-3.7,0,1,66512
2026-05-01T00:25:32,25.208702,-27.578573,13.6,13.23,76.1,10,1.5,66.7,3.915,-4.0,0,1,66513
2026-05-01T00:26:02,25.209137,-27.576679,15.4,13.08,70.8,10,1.5,67.0,3.912,-4.0,0,1,66514
2026-05-01T00:26:31,25.209627,-27.574812,16.7,13.56,70.4,10,1.5,66.6,3.921,-3.7,0,1,66515
2026-05-01T00:27:01,25.210012,-27.572874,13.4,13.08,71.6,10,1.5,67.0,3.919,-4.0,0,1,66516
2026-05-01T00:27:30,25.210428,-27.571001,13.8,13.13,76.1,10,1.5,66.9,3.915,-3.7,0,1,66517
2026-05-01T00:27:59,25.210791,-27.569132,15.7,13.62,76.0,10,1.5,66.7,3.911,-4.0,0,1,66518
2026-05-01T00:28:29,25.211130,-27.567207,15.3,12.71,89.0,10,1.5,66.9,3.914,-3.7,0,1,66519
2026-05-01T00:28:58,25.211609,-27.565315,10.1,13.59,70.2,10,1.5,66.6,3.920,-3.7,0,1,66520
2026-05-01T00:29:28,25.212025,-27.563421,15.5,13.78,84.1,9,1.5,66.7,3.914,-4.0,0,1,66521
2026-05-01T00:29:57,25.212357,-27.561546,14.5,13.13,80.4,9,1.5,66.6,3.919,-3.7,0,1,66522
2026-05-01T00:30:27,25.212721,-27.559664,13.1,13.23,82.3,9,1.5,66.7,3.910,-4.0,0,1,66523
2026-05-01T00:30:56,25.213139,-27.557823,17.0,12.57,75.3,9,1.5,66.4,3.912,-4.0,0,1,66524
2026-05-01T00:31:26,25.213535,-27.555923,20.7,12.72,74.0,9,1.5,66.7,3.911,-4.0,0,1,66525
2026-05-01T00:31:55,25.213848,-27.554096,12.3,12.92,86.6,9,1.5,66.6,3.912,-3.7,0,1,66526
2026-05-01T00:32:24,25.214325,-27.552263,20.2,13.19,73.3,9,1.4,66.6,3.918,-3.7,0,1,66527
2026-05-01T00:32:54,25.214685,-27.550377,12.9,13.10,77.4,9,1.4,66.7,3.919,-4.0,0,1,66528
2026-05-01T00:33:23,25.214996,-27.548460,12.7,12.81,78.2,8,2.3,66.9,3.910,-3.7,0,1,66529
2026-05-01T00:33:53,25.215380,-27.546564,15.8,12.46,76.3,9,1.4,66.4,3.912,-4.0,0,1,66530
2026-05-01T00:34:22,25.215815,-27.544706,23.7,12.46,80.5,9,1.4,66.3,3.918,-3.7,0,1,66531
2026-05-01T00:34:52,25.216177,-27.542751,16.6,13.34,83.9,9,1.4,66.3,3.918,-3.7,0,1,66532
2026-05-01T00:35:21,25.216705,-27.541012,26.5,13.22,72.9,8,2.3,66.3,3.916,-3.7,0,1,66533
2026-05-01T00:35:51,25.216993,-27.539024,20.3,12.03,85.1,9,1.4,66.4,3.912,-4.0,0,1,66534
2026-05-01T00:36:20,25.217457,-27.537201,24.6,14.45,81.9,9,2.3,66.4,3.918,-4.0,0,1,66535
2026-05-01T00:36:49,25.217714,-27.535295,22.2,13.84,85.7,9,1.7,66.1,3.914,-4.0,0,1,66536
2026-05-01T00:37:19,25.218122,-27.533392,23.3,12.49,87.4,10,1.4,66.4,3.919,-4.0,0,1,66537
2026-05-01T00:37:48,25.218594,-27.531620,20.6,12.86,76.9,9,2.3,66.4,3.916,-4.0,0,1,66538
2026-05-01T00:38:18,25.218975,-27.529676,15.7,12.19,77.0,9,2.2,66.4,3.912,-4.0,0,1,66539
2026-05-01T00:38:47,25.219093,-27.527840,1.7,13.11,76.3,9,2.2,66.1,3.915,-4.0,0,1,66540
2026-05-01T00:39:17,25.219313,-27.525940,-13.7,13.38,80.8,10,2.2,66.6,3.911,-3.7,0,1,66541
2026-05-01T00:39:46,25.219458,-27.524179,-37.2,12.63,80.5,10,2.2,66.3,3.911,-3.7,0,1,66542
2026-05-01T00:40:16,25.219685,-27.522310,-47.5,12.98,74.0,10,2.2,66.4,3.911,-4.0,0,1,66543
2026-05-01T00:40:45,25.219818,-27.520496,-55.6,12.40,81.3,10,2.2,66.3,3.911,-3.7,0,1,66544
2026-05-01T00:41:14,25.220160,-27.518679,-61.8,12.31,80.0,10,2.2,66.3,3.908,-3.7,0,1,66545
2026-05-01T00:41:44,25.220554,-27.516787,-65.3,10.25,76.8,10,2.2,66.4,3.914,-4.0,0,1,66546
2026-05-01T00:42:13,25.221025,-27.514887,-63.5,12.97,67.4,10,2.2,66.0,3.908,-3.7,0,1,66547
2026-05-01T00:42:43,25.221260,-27.513023,-65.4,13.02,84.6,10,2.2,66.3,3.909,-3.7,0,1,66548
2026-05-01T00:43:12,25.221323,-27.511204,-79.4,12.98,78.7,11,1.2,66.0,3.910,-3.7,0,1,66549
2026-05-01T00:43:42,25.221451,-27.509254,-99.1,11.73,78.0,10,2.2,66.0,3.908,-3.7,0,1,66550
2026-05-01T00:44:11,25.221756,-27.507399,-109.7,12.22,76.5,10,2.2,66.1,3.909,-4.0,0,1,66551
2026-05-01T00:44:41,25.221855,-27.505478,-122.6,13.42,68.3,10,2.2,66.4,3.906,-4.0,0,1,66552
2026-05-01T00:45:10,25.222155,-27.503658,-131.6,12.97,79.7,10,2.1,66.3,3.905,-3.7,0,1,66553
2026-05-01T00:45:39,25.222815,-27.501757,-122.9,15.95,63.4,10,2.1,66.1,3.909,-4.0,0,1,66554
2026-05-01T00:46:09,25.223375,-27.499886,-111.8,12.51,74.6,10,2.1,66.1,3.916,-4.0,0,1,66555
2026-05-01T00:46:38,25.223969,-27.498013,-104.1,11.71,76.0,10,2.1,66.3,3.909,-3.7,0,1,66556
2026-05-01T00:47:08,25.224312,-27.496124,-98.1,12.68,86.5,10,2.1,66.0,3.910,-3.7,0,1,66557
2026-05-01T00:47:37,25.224848,-27.494240,-90.4,13.01,77.8,10,2.1,66.0,3.906,-3.7,0,1,66558
2026-05-01T00:48:07,25.225605,-27.492233,-69.2,12.63,87.2,10,2.1,66.1,3.916,-4.0,0,1,66559
2026-05-01T00:48:36,25.226501,-27.490335,-40.5,11.27,90.2,10,2.1,66.0,3.906,-3.7,0,1,66560
2026-05-01T00:49:06,25.227346,-27.488380,-13.9,13.16,72.7,10,2.1,65.9,3.915,-4.0,0,1,66561
2026-05-01T00:49:35,25.227604,-27.486567,-18.1,12.09,78.0,10,2.1,65.9,3.902,-4.0,0,1,66562
2026-05-01T00:50:04,25.228048,-27.484720,-9.2,12.66,76.8,10,2.1,66.1,3.905,-4.0,0,1,66563
2026-05-01T00:50:34,25.228428,-27.482826,-4.0,11.57,94.6,9,2.4,66.1,3.911,-4.0,0,1,66564
2026-05-01T00:51:03,25.228935,-27.480890,-6.8,11.25,80.3,8,2.8,66.1,3.909,-4.0,0,1,66565
2026-05-01T00:51:33,25.229282,-27.478975,-7.5,12.93,78.5,10,2.0,66.0,3.914,-3.7,0,1,66566
2026-05-01T00:52:02,25.229700,-27.477089,-5.5,12.64,83.7,9,2.3,66.1,3.914,-4.0,0,1,66567
2026-05-01T00:52:32,25.230219,-27.475121,-5.9,12.93,75.9,9,2.3,65.7,3.914,-3.7,0,1,66568
2026-05-01T00:53:01,25.230682,-27.473219,-5.1,13.03,75.1,9,2.3,65.6,3.914,-4.0,0,1,66569
2026-05-01T00:53:31,25.230999,-27.471312,-6.9,12.79,79.4,9,2.3,65.7,3.914,-3.7,0,1,66570
2026-05-01T00:54:00,25.231457,-27.469427,-6.0,12.01,81.0,9,2.2,66.0,3.912,-3.7,0,1,66571
2026-05-01T00:54:29,25.231825,-27.467566,-7.2,13.15,73.0,9,2.2,65.7,3.905,-3.7,0,1,66572
2026-05-01T00:54:59,25.232210,-27.465645,-6.9,12.30,82.4,9,2.2,65.9,3.909,-4.0,0,1,66573
2026-05-01T00:55:28,25.232622,-27.463718,-11.5,12.11,79.6,9,2.2,65.9,3.905,-4.0,0,1,66574
2026-05-01T00:55:58,25.233231,-27.461754,1.0,13.35,70.1,9,2.2,65.9,3.910,-4.0,0,1,66575
2026-05-01T00:56:27,25.233467,-27.459911,-3.3,12.05,78.5,9,2.2,65.6,3.909,-4.0,0,1,66576
2026-05-01T00:56:57,25.233740,-27.457954,-18.1,13.08,78.6,9,2.2,65.7,3.910,-3.7,0,1,66577
2026-05-01T00:57:26,25.234304,-27.455994,-13.9,12.03,78.5,9,2.1,65.7,3.906,-3.7,0,1,66578
2026-05-01T00:57:56,25.234810,-27.454142,-4.3,12.36,82.8,9,2.1,65.6,3.900,-4.0,0,1,66579
2026-05-01T00:58:25,25.235260,-27.452250,-1.7,14.91,75.5,9,2.1,65.6,3.911,-4.0,0,1,66580
2026-05-01T00:58:54,25.235636,-27.450375,-0.4,15.24,75.3,9,2.1,65.6,3.904,-4.0,0,1,66581
2026-05-01T00:59:24,25.236130,-27.448500,5.4,13.07,83.0,9,2.1,65.9,3.906,-4.0,0,1,66582
2026-05-01T00:59:53,25.236431,-27.446621,1.4,13.75,80.4,9,2.1,65.7,3.906,-3.7,0,1,66583
2026-05-01T01:00:23,25.236906,-27.444748,8.9,12.34,84.1,9,2.0,65.4,3.911,-3.7,0,1,66584
2026-05-01T01:00:52,25.237514,-27.442842,22.0,12.34,74.5,9,2.0,65.6,3.905,-4.0,0,1,66585
2026-05-01T01:01:22,25.237835,-27.441011,23.4,12.94,77.9,9,2.0,65.7,3.911,-3.7,0,1,66586
2026-05-01T01:01:51,25.238256,-27.439148,23.6,12.39,79.3,9,2.0,65.7,3.904,-3.7,0,1,66587
2026-05-01T01:02:21,25.238609,-27.437220,20.6,12.52,86.2,9,2.0,65.4,3.911,-3.7,0,1,66588
2026-05-01T01:02:50,25.239006,-27.435427,20.5,13.06,75.2,8,2.3,66.0,3.905,-3.7,0,1,66589
2026-05-01T01:03:19,25.239548,-27.433523,20.8,14.60,67.9,8,2.3,65.4,3.906,-3.7,0,1,66590
2026-05-01T01:03:49,25.239943,-27.431616,21.0,13.08,73.5,8,2.3,65.7,3.910,-3.7,0,1,66591
2026-05-01T01:04:18,25.240129,-27.429817,14.8,13.22,79.7,9,1.9,65.6,3.905,-4.0,0,1,66592
2026-05-01T01:04:48,25.240644,-27.427917,15.6,12.56,73.5,9,1.9,65.7,3.910,-3.7,0,1,66593
2026-05-01T01:05:17,25.240980,-27.426062,10.9,13.84,74.0,9,1.9,65.3,3.905,-4.0,0,1,66594
2026-05-01T01:05:47,25.241367,-27.424070,8.6,13.56,79.3,8,2.2,65.3,3.900,-4.0,0,1,66595
2026-05-01T01:06:16,25.241747,-27.422291,11.0,12.90,77.8,9,1.9,65.6,3.910,-4.0,0,1,66596
2026-05-01T01:06:46,25.242105,-27.420359,8.3,12.78,79.9,9,1.9,65.6,3.899,-4.0,0,1,66597
2026-05-01T01:07:15,25.242533,-27.418512,9.2,12.49,75.8,7,2.5,65.3,3.906,-4.0,0,1,66598
2026-05-01T01:07:44,25.242882,-27.416695,14.1,12.23,75.3,6,3.2,65.4,3.902,-3.7,0,1,66599
2026-05-01T01:08:14,25.243277,-27.414822,23.2,13.37,82.1,7,2.5,65.4,3.904,-3.7,0,1,66600
2026-05-01T01:08:43,25.243616,-27.413025,23.7,12.76,80.1,8,2.3,65.4,3.900,-3.7,0,1,66601
2026-05-01T01:09:13,25.243959,-27.411127,28.2,13.57,77.2,7,2.5,65.7,3.902,-3.7,0,1,66602
2026-05-01T01:09:42,25.244450,-27.409334,32.4,12.63,72.4,7,2.4,65.3,3.904,-4.0,0,1,66603
2026-05-01T01:10:12,25.244831,-27.407389,28.4,13.48,74.6,7,2.4,65.0,3.896,-4.0,0,1,66604
2026-05-01T01:10:41,25.245214,-27.405539,28.1,13.78,81.3,7,2.4,65.4,3.906,-3.7,0,1,66605
2026-05-01T01:11:11,25.245588,-27.403603,28.9,13.01,85.7,7,2.3,65.3,3.902,-4.0,0,1,66606
2026-05-01T01:11:40,25.245871,-27.401897,18.6,12.21,78.8,8,2.2,65.3,3.902,-4.0,0,1,66607
2026-05-01T01:12:09,25.246262,-27.400019,17.3,14.22,82.4,8,2.1,65.1,3.902,-3.7,0,1,66608
2026-05-01T01:12:39,25.246572,-27.398220,9.2,11.75,85.2,7,2.3,65.4,3.904,-3.7,0,1,66609
2026-05-01T01:13:08,25.246944,-27.396397,0.8,12.01,76.8,7,2.3,65.0,3.900,-4.0,0,1,66610
2026-05-01T01:13:38,25.247293,-27.394474,-2.7,12.68,71.9,8,2.1,65.1,3.905,-3.7,0,1,66611
2026-05-01T01:14:07,25.247805,-27.392708,9.5,11.99,82.9,7,2.1,65.3,3.900,-4.0,0,1,66612
2026-05-01T01:14:37,25.248320,-27.390778,25.8,13.19,71.0,7,2.2,65.0,3.908,-4.0,0,1,66613
2026-05-01T01:15:06,25.248783,-27.388876,45.4,13.79,81.0,7,2.2,65.3,3.908,-4.0,0,1,66614
2026-05-01T01:15:36,25.249071,-27.387100,35.9,12.30,80.7,7,2.2,65.3,3.901,-4.0,0,1,66615
2026-05-01T01:16:05,25.249620,-27.385239,47.0,11.04,68.5,7,2.1,65.1,3.899,-3.7,0,1,66616
2026-05-01T01:16:34,25.249973,-27.383436,55.6,13.42,75.3,7,2.1,65.1,3.899,-3.7,0,1,66617
2026-05-01T01:17:04,25.250349,-27.381552,63.1,13.64,74.0,7,2.1,65.4,3.904,-3.7,0,1,66618
2026-05-01T01:17:33,25.250818,-27.379622,54.4,13.19,80.3,7,2.1,65.0,3.900,-4.0,0,1,66619
2026-05-01T01:18:03,25.251280,-27.377827,47.5,11.39,81.8,7,2.1,65.1,3.908,-3.7,0,1,66620
2026-05-01T01:18:32,25.251732,-27.375994,48.3,11.94,75.0,8,1.9,64.8,3.906,-3.7,0,1,66621
2026-05-01T01:19:02,25.251938,-27.374163,43.5,11.06,75.5,7,2.0,65.3,3.900,-4.0,0,1,66622
2026-05-01T01:19:31,25.252304,-27.372326,46.8,11.09,79.5,7,2.0,65.0,3.906,-4.0,0,1,66623
2026-05-01T01:20:01,25.252747,-27.370508,54.2,11.84,73.3,6,2.3,65.0,3.900,-4.0,0,1,66624
2026-05-01T01:20:30,25.253204,-27.368740,61.8,12.18,76.9,7,2.0,64.7,3.905,-4.0,0,1,66625
2026-05-01T01:20:59,25.253786,-27.366919,70.8,12.09,70.6,7,2.0,65.1,3.900,-3.7,0,1,66626
2026-05-01T01:21:29,25.254410,-27.365095,81.2,13.45,65.3,7,2.0,65.3,3.898,-4.0,0,1,66627
2026-05-01T01:21:58,25.254890,-27.363218,83.1,13.92,69.9,7,1.9,64.8,3.901,-3.7,0,1,66628
2026-05-01T01:22:28,25.255325,-27.361471,83.4,12.49,71.6,6,1.9,64.8,3.905,-3.7,0,1,66629
2026-05-01T01:22:57,25.255768,-27.359676,87.2,12.05,77.2,7,1.9,64.8,3.905,-3.7,0,1,66630
2026-05-01T01:23:27,25.256289,-27.357817,84.9,12.25,70.3,7,1.9,65.3,3.906,-4.0,0,1,66631
2026-05-01T01:23:56,25.256716,-27.355961,77.6,12.05,69.6,7,1.9,64.7,3.902,-4.0,0,1,66632
2026-05-01T01:24:26,25.257130,-27.354164,74.9,12.23,79.2,5,3.0,65.3,3.900,-4.0,0,1,66633
2026-05-01T01:24:55,25.257708,-27.352406,75.2,12.93,71.6,7,1.8,65.1,3.904,-3.7,0,1,66634
2026-05-01T01:25:24,25.258146,-27.350615,74.6,12.31,70.5,6,2.1,64.8,3.898,-3.7,0,1,66635
2026-05-01T01:25:54,25.258606,-27.348764,69.7,12.53,77.0,6,1.8,65.1,3.896,-3.7,0,1,66636
2026-05-01T01:26:24,25.259007,-27.346914,63.6,13.11,69.1,5,3.0,64.7,3.905,-4.0,0,1,66637
2026-05-01T01:26:53,25.259470,-27.345209,60.8,11.14,69.4,6,2.1,65.1,3.904,-3.7,0,1,66638
2026-05-01T01:27:23,25.259796,-27.343481,48.1,10.94,77.2,5,3.0,65.0,3.898,-4.0,0,1,66639
2026-05-01T01:27:52,25.260489,-27.341600,44.8,12.50,69.6,5,3.0,65.0,3.895,-4.0,0,1,66640
2026-05-01T01:28:22,25.260691,-27.339895,45.2,7.69,86.5,5,3.0,64.7,3.896,-4.0,0,1,66641
2026-05-01T01:28:51,25.261456,-27.338003,43.1,12.65,75.6,5,3.0,64.8,3.894,-3.7,0,1,66642
2026-05-01T01:29:21,25.261667,-27.336300,43.5,9.20,83.1,5,3.0,64.8,3.896,-3.7,0,1,66643
2026-05-01T01:29:50,25.262402,-27.334339,36.3,12.78,73.1,6,2.0,65.0,3.905,-4.0,0,1,66644
2026-05-01T01:30:19,25.262705,-27.332649,36.5,12.23,77.4,5,2.9,64.7,3.900,-4.0,0,1,66645
2026-05-01T01:30:49,25.263250,-27.330812,38.5,12.81,78.6,5,2.9,64.8,3.898,-3.7,0,1,66646
2026-05-01T01:31:18,25.263609,-27.329065,35.9,11.75,74.3,5,2.9,64.6,3.902,-3.7,0,1,66647
2026-05-01T01:31:48,25.264107,-27.327242,32.7,12.34,76.4,5,2.9,64.7,3.898,-4.0,0,1,66648
2026-05-01T01:32:17,25.264473,-27.325617,41.9,10.65,78.6,5,2.9,64.4,3.892,-4.0,0,1,66649
2026-05-01T01:32:47,25.265030,-27.323681,44.2,12.16,76.2,6,1.9,64.7,3.902,-4.0,0,1,66650
2026-05-01T01:33:17,25.265411,-27.321922,42.9,10.65,79.7,6,1.9,64.4,3.898,-4.0,0,1,66651
2026-05-01T01:33:47,25.266151,-27.320065,46.8,13.45,74.8,6,1.7,64.4,3.899,-4.0,0,1,66652
2026-05-01T01:34:16,25.266430,-27.318233,50.7,11.46,84.8,6,1.7,64.7,3.901,-4.0,0,1,66653
2026-05-01T01:34:46,25.267162,-27.316442,52.2,12.81,67.0,6,1.7,64.6,3.896,-3.7,0,1,66654
2026-05-01T01:35:16,25.267511,-27.314650,54.1,11.11,80.8,6,1.7,64.4,3.900,-4.0,0,1,66655
2026-05-01T01:35:45,25.268127,-27.312897,51.8,12.09,69.5,6,1.7,64.4,3.894,-4.0,0,1,66656
2026-05-01T01:36:14,25.268393,-27.311131,51.8,13.03,85.7,5,2.8,64.6,3.896,-3.7,0,1,66657
2026-05-01T01:36:44,25.268805,-27.309225,37.8,12.22,79.9,6,1.7,64.6,3.895,-3.7,0,1,66658
2026-05-01T01:37:13,25.269461,-27.307507,38.9,13.23,69.0,6,2.2,64.7,3.899,-4.0,0,1,66659
2026-05-01T01:37:43,25.269854,-27.305679,39.7,12.89,76.6,6,1.7,64.6,3.890,-3.7,0,1,66660
2026-05-01T01:38:12,25.270344,-27.303856,38.9,13.03,77.3,6,1.6,64.4,3.890,-4.0,0,1,66661
2026-05-01T01:38:42,25.270613,-27.302080,38.0,11.73,72.6,6,1.6,64.4,3.894,-4.0,0,1,66662
2026-05-01T01:39:11,25.271015,-27.300169,12.2,12.51,79.8,7,1.5,64.4,3.900,-4.0,0,1,66663
2026-05-01T01:39:41,25.271484,-27.298365,-1.5,12.14,75.8,6,2.0,64.4,3.899,-4.0,0,1,66664
2026-05-01T01:40:10,25.271744,-27.296556,-4.2,12.14,74.8,7,1.5,64.4,3.888,-4.0,0,1,66665
2026-05-01T01:40:39,25.272072,-27.294767,-8.5,13.05,74.8,6,2.0,64.6,3.896,-3.7,0,1,66666
2026-05-01T01:41:09,25.272560,-27.292969,-14.1,12.47,71.9,6,2.0,64.4,3.894,-4.0,0,1,66667
2026-05-01T01:41:38,25.273262,-27.291142,-16.0,12.38,71.6,7,1.5,64.1,3.900,-4.0,0,1,66668
2026-05-01T01:42:08,25.273760,-27.289270,-14.9,13.25,73.5,6,2.0,64.3,3.894,-3.7,0,1,66669
2026-05-01T01:42:37,25.274384,-27.287607,-18.8,11.68,73.8,6,2.0,64.3,3.896,-3.7,0,1,66670
2026-05-01T01:43:07,25.274830,-27.285677,-14.0,12.81,76.8,6,2.0,64.4,3.898,-4.0,0,1,66671
2026-05-01T01:43:36,25.275276,-27.283903,-6.9,12.27,75.6,6,2.0,64.1,3.896,-4.0,0,1,66672
2026-05-01T01:44:06,25.275890,-27.282074,-10.1,12.57,68.4,6,2.0,64.6,3.892,-3.7,0,1,66673
2026-05-01T01:44:35,25.276171,-27.280239,-4.6,12.81,79.4,6,2.0,64.1,3.899,-4.0,0,1,66674
2026-05-01T01:45:04,25.276806,-27.278423,-1.9,12.45,65.0,5,2.0,64.1,3.894,-4.0,0,1,66675
2026-05-01T01:45:34,25.277302,-27.276606,3.5,13.27,75.0,5,2.0,64.6,3.894,-3.7,0,1,66676
2026-05-01T01:46:03,25.277828,-27.274912,9.2,12.09,71.2,5,2.0,64.1,3.891,-4.0,0,1,66677
2026-05-01T01:46:33,25.278326,-27.273014,14.4,13.35,68.1,5,2.0,64.1,3.899,-4.0,0,1,66678
2026-05-01T01:47:02,25.278749,-27.271200,20.4,12.56,71.1,6,1.5,64.1,3.899,-4.0,0,1,66679
2026-05-01T01:47:32,25.279284,-27.269386,25.7,12.45,67.3,5,2.0,64.3,3.892,-3.7,0,1,66680
2026-05-01T01:48:01,25.279739,-27.267599,27.4,13.02,77.7,5,2.0,64.4,3.899,-4.0,0,1,66681
2026-05-01T01:48:31,25.280212,-27.265734,31.2,12.62,71.5,5,2.0,64.4,3.898,-4.0,0,1,66682
2026-05-01T01:49:00,25.280659,-27.263948,35.7,12.50,70.8,4,2.6,64.4,3.889,-4.0,0,1,66683
2026-05-01T01:49:29,25.281151,-27.262186,38.6,11.54,67.4,6,1.8,64.0,3.895,-3.7,0,1,66684
2026-05-01T01:49:59,25.281660,-27.260393,35.4,12.38,74.1,6,1.7,64.1,3.892,-4.0,0,1,66685
2026-05-01T01:50:28,25.282150,-27.258608,32.7,12.28,79.7,6,1.7,64.0,3.898,-3.7,0,1,66686
2026-05-01T01:50:58,25.282642,-27.256771,30.2,12.98,74.1,5,1.9,64.3,3.892,-3.7,0,1,66687
2026-05-01T01:51:27,25.283119,-27.254906,38.5,12.27,80.4,6,1.7,64.1,3.895,-4.0,0,1,66688
2026-05-01T01:51:57,25.283825,-27.253168,42.5,12.82,71.0,5,2.0,64.1,3.890,-4.0,0,1,66689
2026-05-01T01:52:26,25.284286,-27.251417,43.0,12.14,67.5,5,1.9,64.0,3.888,-3.7,0,1,66690
2026-05-01T01:52:55,25.284563,-27.249556,40.9,12.05,70.8,6,1.7,63.8,3.886,-4.0,0,1,66691
2026-05-01T01:53:24,25.285219,-27.247831,42.1,12.39,74.6,6,1.7,63.8,3.891,-4.0,0,1,66692
2026-05-01T01:53:54,25.285780,-27.246033,40.7,12.49,71.6,6,1.7,64.0,3.889,-3.7,0,1,66693
2026-05-01T01:54:23,25.286243,-27.244305,38.3,12.81,76.8,6,1.7,63.7,3.885,-3.7,0,1,66694
2026-05-01T01:54:53,25.286789,-27.242531,36.4,12.20,71.2,5,2.1,63.7,3.891,-3.7,0,1,66695
2026-05-01T01:55:22,25.287369,-27.240860,37.6,11.89,71.8,7,1.3,63.7,3.894,-3.7,0,1,66696
2026-05-01T01:55:52,25.287886,-27.238998,36.3,12.93,75.5,6,1.7,63.7,3.890,-3.7,0,1,66697
2026-05-01T01:56:21,25.288359,-27.237257,36.0,12.27,76.3,6,1.7,63.5,3.895,-4.0,0,1,66698
2026-05-01T01:56:51,25.288864,-27.235472,36.2,12.58,73.6,7,1.6,63.7,3.894,-3.7,0,1,66699
2026-05-01T01:57:20,25.289392,-27.233709,31.8,12.20,76.7,7,1.6,63.7,3.895,-3.7,0,1,66700
2026-05-01T01:57:49,25.289877,-27.231958,32.4,12.31,75.9,7,1.6,63.7,3.889,-3.7,0,1,66701
2026-05-01T01:58:19,25.290426,-27.230145,31.2,12.17,74.6,6,3.1,64.1,3.891,-4.0,0,1,66702
2026-05-01T01:58:48,25.290861,-27.228422,31.5,12.07,72.5,7,1.6,63.8,3.894,-4.0,0,1,66703
2026-05-01T01:59:18,25.291487,-27.226591,32.5,12.34,72.2,7,1.6,63.7,3.888,-3.7,0,1,66704
2026-05-01T01:59:47,25.292009,-27.224857,32.6,11.93,71.4,7,1.6,63.5,3.889,-4.0,0,1,66705
2026-05-01T02:00:17,25.292435,-27.223047,35.0,12.03,77.6,7,1.6,64.0,3.884,-3.7,0,1,66706
2026-05-01T02:00:46,25.292986,-27.221264,37.7,13.12,64.8,8,1.2,63.5,3.895,-4.0,0,1,66707
2026-05-01T02:01:16,25.293535,-27.219475,36.5,12.09,76.9,7,1.6,63.7,3.884,-3.7,0,1,66708
2026-05-01T02:01:45,25.293987,-27.217773,36.6,11.73,69.6,7,1.6,63.7,3.895,-3.7,0,1,66709
2026-05-01T02:02:14,25.294479,-27.216045,36.3,11.72,74.7,7,1.6,63.7,3.891,-3.7,0,1,66710
2026-05-01T02:02:44,25.294983,-27.214249,34.8,12.52,72.6,7,1.6,63.5,3.889,-4.0,0,1,66711
2026-05-01T02:03:13,25.295429,-27.212496,32.3,11.90,74.5,7,1.6,63.5,3.889,-4.0,0,1,66712
2026-05-01T02:03:43,25.295860,-27.210705,33.8,12.71,78.7,7,1.6,63.5,3.889,-4.0,0,1,66713
2026-05-01T02:04:12,25.296419,-27.209002,34.8,13.26,69.9,6,1.7,63.3,3.889,-4.0,0,1,66714
2026-05-01T02:04:42,25.297001,-27.207211,34.1,13.04,68.5,7,1.9,63.4,3.880,-3.7,0,1,66715
2026-05-01T02:05:11,25.297430,-27.205498,33.3,12.49,77.9,6,1.7,63.8,3.891,-4.0,0,1,66716
2026-05-01T02:05:41,25.297771,-27.203629,35.3,12.37,76.9,7,1.5,63.1,3.891,-3.7,0,1,66717
2026-05-01T02:06:10,25.298363,-27.201895,33.9,12.49,66.7,7,1.5,63.3,3.891,-4.0,0,1,66718
2026-05-01T02:06:39,25.298786,-27.200144,36.9,12.01,69.8,7,1.5,63.5,3.891,-4.0,0,1,66719
2026-05-01T02:07:09,25.299393,-27.198381,42.5,11.75,74.4,7,1.5,63.5,3.889,-4.0,0,1,66720
2026-05-01T02:07:38,25.299759,-27.196602,35.6,12.49,72.0,7,1.5,63.3,3.885,-4.0,0,1,66721
2026-05-01T02:08:08,25.300217,-27.194878,37.2,12.24,71.5,6,3.0,63.3,3.890,-4.0,0,1,66722
2026-05-01T02:08:37,25.300560,-27.193110,33.6,12.07,71.3,6,3.0,63.3,3.884,-4.0,0,1,66723
2026-05-01T02:09:07,25.300846,-27.191313,32.5,11.64,78.8,6,3.0,63.0,3.890,-4.0,0,1,66724
2026-05-01T02:09:36,25.301250,-27.189587,30.6,12.29,77.4,6,3.0,63.1,3.890,-3.7,0,1,66725
2026-05-01T02:10:06,25.301661,-27.187767,33.3,12.16,77.7,6,3.0,63.7,3.884,-3.7,0,1,66726
2026-05-01T02:10:35,25.302719,-27.186010,37.8,12.98,66.9,6,1.7,63.3,3.881,-4.0,0,1,66727
2026-05-01T02:11:04,25.303268,-27.184246,38.3,12.27,74.6,7,1.5,63.0,3.890,-4.0,0,1,66728
2026-05-01T02:11:34,25.303801,-27.182419,43.5,12.51,76.1,7,1.5,63.4,3.885,-3.7,0,1,66729
2026-05-01T02:12:03,25.304296,-27.180714,42.1,12.34,77.3,6,3.0,63.1,3.890,-3.7,0,1,66730
2026-05-01T02:12:33,25.304728,-27.178877,38.7,12.06,73.7,6,3.0,63.7,3.884,-3.7,0,1,66731
2026-05-01T02:13:02,25.305103,-27.177162,40.1,11.79,77.8,7,1.5,63.1,3.889,-3.7,0,1,66732
2026-05-01T02:13:32,25.305832,-27.175325,34.8,12.54,71.7,7,1.5,63.0,3.891,-4.0,0,1,66733
2026-05-01T02:14:01,25.306280,-27.173565,34.5,13.77,82.6,7,1.5,62.8,3.881,-3.7,0,1,66734
2026-05-01T02:14:31,25.306719,-27.171776,31.5,12.12,75.2,7,1.5,63.3,3.878,-4.0,0,1,66735
2026-05-01T02:15:00,25.307182,-27.170013,33.3,12.56,78.0,7,1.5,63.0,3.889,-4.0,0,1,66736
2026-05-01T02:15:29,25.307798,-27.168276,35.0,12.34,72.8,7,1.5,63.3,3.882,-4.0,0,1,66737
2026-05-01T02:15:59,25.308241,-27.166489,35.0,11.67,72.0,7,1.5,63.4,3.884,-3.7,0,1,66738
2026-05-01T02:16:28,25.308632,-27.164740,34.8,12.52,67.7,7,1.5,63.3,3.886,-4.0,0,1,66739
2026-05-01T02:16:58,25.309181,-27.162912,32.4,12.40,77.6,7,1.5,62.8,3.888,-3.7,0,1,66740
2026-05-01T02:17:27,25.309696,-27.161142,30.1,13.28,71.4,7,1.5,62.8,3.882,-3.7,0,1,66741
2026-05-01T02:17:57,25.310213,-27.159395,28.3,12.22,71.0,7,1.5,62.8,3.876,-3.7,0,1,66742
2026-05-01T02:18:26,25.310688,-27.157616,27.5,13.31,67.0,6,1.6,63.0,3.890,-4.0,0,1,66743
2026-05-01T02:18:56,25.311230,-27.155865,28.4,11.81,73.1,6,2.9,63.3,3.886,-4.0,0,1,66744
2026-05-01T02:19:25,25.311708,-27.154079,38.8,11.25,79.7,6,1.6,63.1,3.888,-3.7,0,1,66745
2026-05-01T02:19:54,25.312094,-27.152323,38.7,12.39,74.6,5,3.2,63.0,3.882,-4.0,0,1,66746
2026-05-01T02:20:24,25.312639,-27.150574,41.0,12.47,71.2,7,1.4,63.4,3.881,-3.7,0,1,66747
2026-05-01T02:20:53,25.313152,-27.148785,35.8,11.95,72.9,6,1.5,63.0,3.888,-4.0,0,1,66748
2026-05-01T02:21:23,25.313614,-27.147028,28.4,12.25,72.4,6,1.5,63.4,3.881,-3.7,0,1,66749
2026-05-01T02:21:53,25.313993,-27.145201,20.5,12.10,73.8,6,1.5,63.3,3.880,-4.0,0,1,66750
2026-05-01T02:22:22,25.314482,-27.143482,15.2,12.79,74.0,6,1.5,62.8,3.886,-3.7,0,1,66751
2026-05-01T02:22:52,25.314880,-27.141706,13.9,12.30,74.5,5,3.0,63.3,3.884,-4.0,0,1,66752
2026-05-01T02:23:21,25.315489,-27.139952,16.3,12.59,79.1,6,1.5,63.3,3.878,-4.0,0,1,66753
2026-05-01T02:23:50,25.315958,-27.138163,24.6,11.79,71.8,6,1.5,62.8,3.886,-3.7,0,1,66754
2026-05-01T02:24:19,25.316465,-27.136503,24.5,11.96,76.5,6,1.5,63.0,3.888,-4.0,0,1,66755
2026-05-01T02:24:49,25.316992,-27.134687,20.7,12.20,69.2,6,1.5,62.8,3.882,-3.7,0,1,66756
2026-05-01T02:25:18,25.317385,-27.132959,14.0,11.83,66.5,6,1.5,62.8,3.888,-3.7,0,1,66757
2026-05-01T02:25:48,25.317877,-27.131168,9.7,11.83,75.2,6,1.5,62.8,3.879,-3.7,0,1,66758
2026-05-01T02:26:18,25.318407,-27.129370,1.0,13.25,63.7,5,1.6,62.5,3.886,-3.7,0,1,66759
2026-05-01T02:26:47,25.318750,-27.127693,-11.3,11.92,80.8,6,1.5,62.8,3.885,-3.7,0,1,66760
2026-05-01T02:27:17,25.319241,-27.125895,-11.6,12.40,69.9,6,1.5,62.8,3.888,-3.7,0,1,66761
2026-05-01T02:27:46,25.319759,-27.124166,-10.0,11.32,68.9,6,1.5,62.7,3.886,-4.0,0,1,66762
2026-05-01T02:28:16,25.320196,-27.122419,-5.5,11.88,71.4,5,2.8,62.8,3.881,-3.7,0,1,66763
2026-05-01T02:28:45,25.320732,-27.120678,-2.3,12.30,73.8,4,3.0,62.8,3.886,-3.7,0,1,66764
2026-05-01T02:29:14,25.321135,-27.118954,3.0,12.21,80.2,6,1.5,62.5,3.882,-3.7,0,1,66765
2026-05-01T02:29:44,25.321671,-27.117168,7.5,12.15,69.7,6,1.5,62.8,3.880,-3.7,0,1,66766
2026-05-01T02:30:14,25.322252,-27.115376,18.8,12.68,68.7,5,2.7,62.7,3.888,-4.0,0,1,66767
2026-05-01T02:30:43,25.322737,-27.113686,25.0,12.23,76.4,6,1.4,62.5,3.886,-3.7,0,1,66768
2026-05-01T02:31:13,25.323202,-27.111948,29.8,12.12,70.8,6,1.4,62.7,3.885,-4.0,0,1,66769
2026-05-01T02:31:43,25.323662,-27.110140,28.5,12.66,74.3,5,1.5,62.7,3.884,-4.0,0,1,66770
2026-05-01T02:32:12,25.324137,-27.108442,30.3,11.75,87.7,5,1.5,62.7,3.871,-4.0,0,1,66771
2026-05-01T02:32:42,25.324833,-27.106710,36.2,11.96,64.6,4,1.7,62.7,3.878,-4.0,0,1,66772
2026-05-01T02:33:11,25.325300,-27.104992,34.0,13.01,71.7,5,1.5,62.7,3.886,-4.0,0,1,66773
2026-05-01T02:33:41,25.325666,-27.103249,33.5,11.69,69.1,5,2.2,62.4,3.884,-4.0,0,1,66774
2026-05-01T02:34:10,25.325994,-27.101507,30.5,11.66,70.1,5,2.2,63.0,3.886,-4.0,0,1,66775
2026-05-01T02:34:39,25.326555,-27.099794,30.1,13.23,69.9,6,1.4,62.5,3.885,-3.7,0,1,66776
2026-05-01T02:35:09,25.327066,-27.098051,30.1,11.52,70.2,6,1.4,63.0,3.879,-4.0,0,1,66777
2026-05-01T02:35:38,25.327612,-27.096323,25.9,11.05,71.0,6,1.4,62.5,3.872,-3.7,0,1,66778
2026-05-01T02:36:08,25.327911,-27.094538,22.6,11.55,79.8,6,1.4,62.5,3.874,-3.7,0,1,66779
2026-05-01T02:36:37,25.328403,-27.092844,16.6,11.43,76.4,7,1.3,62.5,3.874,-3.7,0,1,66780
2026-05-01T02:37:07,25.328903,-27.091066,6.2,11.73,72.8,6,1.7,62.5,3.872,-3.7,0,1,66781
2026-05-01T02:37:36,25.329342,-27.089331,-0.1,12.10,71.5,6,1.7,62.1,3.875,-4.0,0,1,66782
2026-05-01T02:38:06,25.329796,-27.087532,-1.0,12.69,74.4,6,1.7,62.4,3.884,-4.0,0,1,66783
2026-05-01T02:38:35,25.330259,-27.085821,-4.6,12.13,72.8,6,1.7,62.4,3.874,-4.0,0,1,66784
2026-05-01T02:39:04,25.330662,-27.084137,-7.0,12.41,77.2,6,1.7,62.4,3.875,-4.0,0,1,66785
2026-05-01T02:39:34,25.331161,-27.082380,-7.6,11.35,71.5,6,1.7,62.5,3.879,-3.7,0,1,66786
2026-05-01T02:40:03,25.331635,-27.080647,-7.9,11.93,73.3,6,1.7,62.2,3.879,-3.7,0,1,66787
2026-05-01T02:40:33,25.332117,-27.078932,-6.0,12.01,72.7,6,1.7,62.7,3.875,-4.0,0,1,66788
2026-05-01T02:41:02,25.332613,-27.077251,-4.6,12.57,74.8,6,1.7,62.4,3.882,-4.0,0,1,66789
2026-05-01T02:41:32,25.333103,-27.075533,-3.7,9.86,67.2,6,1.8,62.4,3.878,-4.0,0,1,66790
2026-05-01T02:42:01,25.333656,-27.073809,-4.8,11.80,62.6,6,1.8,62.1,3.876,-4.0,0,1,66791
2026-05-01T02:42:31,25.334097,-27.072090,-1.6,11.78,71.4,6,1.8,62.2,3.882,-3.7,0,1,66792
2026-05-01T02:43:00,25.334591,-27.070372,-1.9,12.04,68.2,6,1.8,62.1,3.874,-4.0,0,1,66793
2026-05-01T02:43:29,25.335058,-27.068701,-1.1,11.09,65.2,6,1.8,62.2,3.876,-3.7,0,1,66794
2026-05-01T02:43:59,25.335665,-27.066973,4.3,12.12,73.4,7,1.6,62.5,3.875,-3.7,0,1,66795
2026-05-01T02:44:28,25.336203,-27.065277,15.6,12.34,70.1,7,1.6,62.2,3.876,-3.7,0,1,66796
2026-05-01T02:44:58,25.336664,-27.063530,21.6,11.99,78.4,7,1.6,62.4,3.868,-4.0,0,1,66797
2026-05-01T02:45:27,25.337244,-27.061840,26.3,12.00,69.6,7,1.6,62.0,3.870,-3.7,0,1,66798
2026-05-01T02:45:57,25.337770,-27.060078,26.0,12.86,74.4,8,1.3,62.4,3.881,-4.0,0,1,66799
2026-05-01T02:46:26,25.338224,-27.058336,29.4,13.75,69.3,7,1.6,62.2,3.879,-3.7,0,1,66800
2026-05-01T02:46:56,25.338663,-27.056643,34.0,12.04,81.1,7,1.4,62.2,3.875,-3.7,0,1,66801
2026-05-01T02:47:25,25.339140,-27.054905,33.1,12.03,80.3,7,1.7,62.2,3.874,-3.7,0,1,66802
2026-05-01T02:47:54,25.339607,-27.053251,36.9,11.51,76.3,8,1.6,62.2,3.874,-3.7,0,1,66803
2026-05-01T02:48:24,25.340147,-27.051508,36.3,12.33,71.4,8,1.6,62.5,3.876,-3.7,0,1,66804
2026-05-01T02:48:53,25.340557,-27.049841,37.8,11.92,82.8,8,1.6,61.8,3.878,-4.0,0,1,66805
2026-05-01T02:49:23,25.341011,-27.048141,41.4,11.07,81.2,8,1.6,62.2,3.871,-3.7,0,1,66806
2026-05-01T02:49:52,25.341476,-27.046362,31.4,13.68,70.2,8,1.6,62.2,3.871,-3.7,0,1,66807
2026-05-01T02:50:22,25.341835,-27.044640,23.5,10.80,77.8,8,1.6,62.0,3.879,-3.7,0,1,66808
2026-05-01T02:50:51,25.342281,-27.042864,18.6,12.50,69.9,8,1.6,61.8,3.879,-4.0,0,1,66809
2026-05-01T02:51:21,25.342726,-27.041065,18.7,12.16,76.2,8,1.6,62.0,3.874,-3.7,0,1,66810
2026-05-01T02:51:50,25.343176,-27.039360,18.6,13.16,75.3,8,1.6,62.1,3.879,-4.0,0,1,66811
2026-05-01T02:52:19,25.343582,-27.037670,15.7,11.53,89.5,7,1.8,62.1,3.871,-4.0,0,1,66812
2026-05-01T02:52:49,25.344030,-27.035898,17.8,11.85,69.1,8,1.6,62.1,3.871,-4.0,0,1,66813
2026-05-01T02:53:18,25.344419,-27.034243,22.9,10.94,76.4,8,1.6,62.0,3.870,-3.7,0,1,66814
2026-05-01T02:53:48,25.344826,-27.032415,13.4,13.54,68.0,8,1.6,61.8,3.874,-4.0,0,1,66815
2026-05-01T02:54:17,25.345200,-27.030762,13.3,12.15,81.6,8,1.6,62.0,3.879,-3.7,0,1,66816
2026-05-01T02:54:47,25.345497,-27.029043,11.4,12.29,73.9,8,1.6,62.2,3.871,-3.7,0,1,66817
2026-05-01T02:55:16,25.345963,-27.027296,6.0,11.78,79.6,7,1.8,61.8,3.879,-4.0,0,1,66818
2026-05-01T02:55:46,25.346478,-27.025581,10.4,14.29,61.6,8,1.6,62.1,3.872,-4.0,0,1,66819
2026-05-01T02:56:15,25.346796,-27.023914,3.3,11.67,77.1,8,1.6,61.8,3.878,-4.0,0,1,66820
2026-05-01T02:56:44,25.347164,-27.022217,3.9,11.66,75.0,7,1.8,61.8,3.872,-4.0,0,1,66821
2026-05-01T02:57:14,25.347630,-27.020502,13.4,11.66,79.5,8,1.6,62.1,3.872,-4.0,0,1,66822
2026-05-01T02:57:43,25.348024,-27.018812,9.2,11.99,77.7,7,1.8,61.7,3.872,-3.7,0,1,66823
2026-05-01T02:58:13,25.348335,-27.017073,5.3,7.36,84.0,6,2.3,61.7,3.874,-3.7,0,1,66824
2026-05-01T02:58:42,25.348738,-27.015396,6.1,11.98,69.1,7,2.0,61.5,3.870,-4.0,0,1,66825
2026-05-01T02:59:12,25.349211,-27.013668,6.3,11.80,75.2,6,2.3,61.8,3.871,-4.0,0,1,66826
2026-05-01T02:59:41,25.349396,-27.011961,5.9,11.42,77.3,7,2.0,62.0,3.869,-3.7,0,1,66827
2026-05-01T03:00:11,25.349703,-27.010212,10.2,11.24,79.0,8,1.6,61.4,3.875,-3.7,0,1,66828
2026-05-01T03:00:40,25.350319,-27.008556,9.2,12.39,65.6,6,2.3,62.0,3.876,-3.7,0,1,66829
2026-05-01T03:01:09,25.350866,-27.006918,8.3,10.78,58.6,6,2.3,61.7,3.870,-3.7,0,1,66830
2026-05-01T03:01:39,25.351170,-27.005178,13.3,11.60,74.7,6,2.3,61.7,3.872,-3.7,0,1,66831
2026-05-01T03:02:08,25.351532,-27.003469,12.5,11.85,84.9,7,1.8,61.7,3.874,-3.7,0,1,66832
2026-05-01T03:02:38,25.351999,-27.001709,4.9,12.14,71.0,7,1.8,61.7,3.872,-3.7,0,1,66833
2026-05-01T03:03:07,25.352480,-27.000010,-1.2,12.05,69.8,7,1.8,61.7,3.874,-3.7,0,1,66834
2026-05-01T03:03:37,25.352983,-26.998278,3.3,12.05,73.2,6,2.3,61.7,3.871,-3.7,0,1,66835
2026-05-01T03:04:06,25.353500,-26.996666,7.0,11.83,65.4,7,1.8,61.7,3.876,-3.7,0,1,66836
2026-05-01T03:04:36,25.353886,-26.994877,8.6,11.76,68.5,6,2.2,62.0,3.870,-3.7,0,1,66837
2026-05-01T03:05:05,25.354242,-26.993168,7.4,12.22,81.9,6,2.2,62.0,3.876,-3.7,0,1,66838
2026-05-01T03:05:34,25.354555,-26.991463,4.7,11.28,78.4,5,2.3,61.1,3.872,-8.5,0,1,66839
2026-05-01T03:06:04,25.355104,-26.989706,11.0,11.68,75.6,6,2.2,61.4,3.874,-3.7,0,1,66840
2026-05-01T03:06:33,25.355515,-26.988007,16.5,12.41,70.6,6,2.2,61.4,3.868,-3.7,0,1,66841
2026-05-01T03:07:03,25.355906,-26.986263,13.5,11.94,70.9,6,2.2,61.5,3.868,-4.0,0,1,66842
2026-05-01T03:07:32,25.356270,-26.984570,13.9,12.28,75.3,6,2.2,61.4,3.874,-3.7,0,1,66843
2026-05-01T03:08:02,25.356667,-26.982809,8.6,11.51,66.0,6,2.2,61.8,3.869,-4.0,0,1,66844
2026-05-01T03:08:31,25.357147,-26.981062,2.3,11.21,81.0,7,1.9,61.1,3.875,-8.5,0,1,66845
2026-05-01T03:09:01,25.357544,-26.979322,3.8,12.50,80.4,6,2.2,61.7,3.868,-3.7,0,1,66846
2026-05-01T03:09:30,25.357857,-26.977665,11.0,12.05,95.4,6,2.2,61.5,3.868,-4.0,0,1,66847
2026-05-01T03:09:59,25.358364,-26.976009,13.9,12.47,76.9,7,1.9,61.5,3.870,-4.0,0,1,66848
2026-05-01T03:10:29,25.358803,-26.974295,19.5,11.84,78.7,6,2.2,61.4,3.868,-3.7,0,1,66849
2026-05-01T03:10:58,25.359236,-26.972662,16.6,11.29,70.3,7,1.9,61.4,3.874,-3.7,0,1,66850
2026-05-01T03:11:28,25.359638,-26.970835,8.3,12.28,75.9,7,1.9,61.1,3.868,-8.5,0,1,66851
2026-05-01T03:11:57,25.360027,-26.969234,15.3,11.38,80.0,7,1.9,61.1,3.866,-8.5,0,1,66852
2026-05-01T03:12:27,25.360479,-26.967487,13.0,11.58,76.2,7,1.9,61.4,3.869,-3.7,0,1,66853
2026-05-01T03:12:56,25.360863,-26.965769,8.3,11.29,70.9,6,2.1,61.4,3.874,-3.7,0,1,66854
2026-05-01T03:13:26,25.361269,-26.964035,4.3,11.69,71.4,7,1.9,61.5,3.869,-4.0,0,1,66855
2026-05-01T03:13:55,25.361702,-26.962368,10.0,12.28,77.5,7,1.9,61.4,3.869,-3.7,0,1,66856
2026-05-01T03:14:24,25.362078,-26.960754,29.0,10.87,74.0,7,1.9,61.4,3.866,-3.7,0,1,66857
2026-05-01T03:14:54,25.362566,-26.958860,30.0,14.14,74.2,6,2.1,60.7,3.866,-8.3,0,1,66858
2026-05-01T03:15:23,25.362919,-26.957216,15.8,11.94,72.7,7,1.8,60.7,3.859,-8.3,0,1,66859
2026-05-01T03:15:53,25.363478,-26.955423,13.9,14.27,73.5,7,1.8,60.4,3.866,-8.5,0,1,66860
2026-05-01T03:16:22,25.363815,-26.953754,16.8,12.76,58.0,7,1.8,61.1,3.866,-8.5,0,1,66861
2026-05-01T03:16:52,25.364185,-26.951984,18.8,12.44,66.4,7,1.8,61.1,3.871,-8.5,0,1,66862
2026-05-01T03:17:21,25.364529,-26.950247,21.6,12.26,80.6,7,1.8,60.7,3.866,-8.3,0,1,66863
2026-05-01T03:17:51,25.364899,-26.948524,27.9,13.00,85.1,7,1.8,61.4,3.871,-3.7,0,1,66864
2026-05-01T03:18:20,25.365324,-26.946877,28.9,11.51,78.7,7,1.8,60.4,3.872,-8.5,0,1,66865
2026-05-01T03:18:49,25.365795,-26.945139,32.7,12.57,83.2,7,1.8,61.1,3.866,-8.5,0,1,66866
2026-05-01T03:19:19,25.366360,-26.943350,25.9,12.21,66.6,7,1.8,61.4,3.864,-3.7,0,1,66867
2026-05-01T03:19:48,25.366755,-26.941635,25.6,10.72,72.3,7,1.8,60.7,3.870,-8.3,0,1,66868
2026-05-01T03:20:18,25.367180,-26.939983,25.8,10.59,78.6,7,1.8,60.4,3.871,-8.5,0,1,66869
2026-05-01T03:20:47,25.367550,-26.938246,27.8,12.33,73.5,7,1.8,61.1,3.866,-8.5,0,1,66870
2026-05-01T03:21:17,25.367941,-26.936455,24.6,12.97,62.7,7,1.8,61.1,3.871,-8.5,0,1,66871
2026-05-01T03:21:46,25.368389,-26.934778,21.9,11.66,75.2,6,1.8,60.7,3.870,-8.3,0,1,66872
2026-05-01T03:22:16,25.368868,-26.933043,24.2,11.04,75.8,7,1.8,61.1,3.865,-8.5,0,1,66873
2026-05-01T03:22:45,25.369310,-26.931356,24.1,11.15,71.0,7,1.8,60.4,3.862,-8.5,0,1,66874
2026-05-01T03:23:14,25.369711,-26.929642,23.0,12.67,72.6,7,1.8,60.7,3.864,-8.3,0,1,66875
2026-05-01T03:23:44,25.370115,-26.927862,22.5,13.43,68.8,7,1.8,61.4,3.865,-3.7,0,1,66876
2026-05-01T03:24:13,25.370632,-26.926210,19.8,11.56,74.8,7,1.8,60.4,3.861,-8.5,0,1,66877
2026-05-01T03:24:43,25.371016,-26.924410,23.4,12.29,69.1,7,1.8,60.7,3.862,-8.3,0,1,66878
2026-05-01T03:25:12,25.371420,-26.922710,25.9,12.26,72.8,7,1.8,59.8,3.869,-8.5,0,1,66879
2026-05-01T03:25:42,25.371725,-26.920898,31.5,12.67,65.0,7,1.7,61.1,3.860,-8.5,0,1,66880
2026-05-01T03:26:11,25.372204,-26.919168,23.2,13.13,67.0,7,1.7,59.5,3.870,-8.3,0,1,66881
2026-05-01T03:26:41,25.372663,-26.917402,17.0,12.15,66.1,7,1.7,60.7,3.869,-8.3,0,1,66882
2026-05-01T03:27:10,25.373049,-26.915689,27.4,12.17,75.7,7,1.7,60.4,3.869,-8.5,0,1,66883
2026-05-01T03:27:39,25.373446,-26.913961,28.6,11.20,79.8,7,1.7,60.1,3.861,-8.3,0,1,66884
2026-05-01T03:28:09,25.373938,-26.912214,21.0,12.74,69.8,7,1.7,60.4,3.864,-8.5,0,1,66885
2026-05-01T03:28:38,25.374359,-26.910425,21.7,13.02,73.8,7,1.7,60.4,3.862,-8.5,0,1,66886
2026-05-01T03:29:08,25.374966,-26.908710,20.7,12.45,63.9,7,1.7,60.1,3.861,-8.3,0,1,66887
2026-05-01T03:29:37,25.375360,-26.906958,17.5,12.73,69.1,6,3.8,60.4,3.868,-8.5,0,1,66888
2026-05-01T03:30:07,25.375700,-26.905190,22.4,11.68,88.7,7,1.7,60.1,3.862,-8.3,0,1,66889
2026-05-01T03:30:36,25.375940,-26.903450,10.4,12.76,70.9,7,1.7,59.5,3.858,-8.3,0,1,66890
2026-05-01T03:31:06,25.376394,-26.901655,0.9,11.72,74.8,7,1.7,59.5,3.860,-8.3,0,1,66891
2026-05-01T03:31:35,25.376797,-26.899967,-8.8,11.71,74.9,7,1.6,59.5,3.861,-8.3,0,1,66892
2026-05-01T03:32:04,25.377270,-26.898252,-22.5,13.05,65.4,6,3.8,59.8,3.862,-8.5,0,1,66893
2026-05-01T03:32:34,25.377674,-26.896416,-17.1,10.96,79.1,7,1.6,59.8,3.861,-8.5,0,1,66894
2026-05-01T03:33:03,25.377943,-26.894695,-7.4,11.70,84.2,6,3.9,59.2,3.866,-8.5,0,1,66895
2026-05-01T03:33:33,25.378418,-26.892948,-8.7,11.64,86.0,7,1.6,59.8,3.861,-8.5,0,1,66896
2026-05-01T03:34:02,25.378979,-26.891310,1.6,11.99,72.9,6,1.6,60.4,3.859,-8.5,0,1,66897
2026-05-01T03:34:32,25.379513,-26.889530,4.7,12.36,73.5,7,1.6,59.5,3.860,-8.3,0,1,66898
2026-05-01T03:35:01,25.379963,-26.887835,5.2,12.29,83.9,6,1.6,59.2,3.860,-8.5,0,1,66899
2026-05-01T03:35:31,25.380381,-26.886086,2.3,11.08,72.3,5,3.9,60.1,3.861,-8.3,0,1,66900
2026-05-01T03:36:00,25.380775,-26.884310,-3.7,12.05,69.1,5,3.9,59.8,3.865,-8.5,0,1,66901
2026-05-01T03:36:29,25.381235,-26.882610,0.9,12.24,77.0,7,1.6,59.5,3.865,-8.3,0,1,66902
2026-05-01T03:36:59,25.381704,-26.880894,2.9,12.22,71.1,7,1.4,60.4,3.860,-8.5,0,1,66903
2026-05-01T03:37:28,25.382130,-26.879177,4.1,12.30,72.4,7,1.5,59.5,3.859,-8.3,0,1,66904
2026-05-01T03:37:58,25.382528,-26.877439,5.6,12.43,67.2,6,2.2,59.5,3.865,-8.3,0,1,66905
2026-05-01T03:38:27,25.383020,-26.875687,6.7,11.73,75.3,6,3.3,58.8,3.860,-8.3,0,1,66906
2026-05-01T03:38:57,25.383400,-26.873892,0.2,12.42,76.8,7,2.7,59.2,3.869,-8.5,0,1,66907
2026-05-01T03:39:26,25.383930,-26.872208,-1.4,11.66,73.0,8,1.7,58.8,3.866,-8.3,0,1,66908
2026-05-01T03:39:56,25.384291,-26.870346,-4.2,12.24,73.6,8,1.7,58.8,3.862,-8.3,0,1,66909
2026-05-01T03:40:25,25.384644,-26.868624,-13.1,11.90,75.2,8,1.7,59.2,3.859,-8.5,0,1,66910
2026-05-01T03:40:54,25.385054,-26.866882,-14.5,11.97,71.5,8,1.8,58.8,3.866,-8.3,0,1,66911
2026-05-01T03:41:24,25.385506,-26.865110,-12.6,12.46,82.7,8,1.5,60.1,3.866,-8.3,0,1,66912
2026-05-01T03:41:53,25.385897,-26.863348,-12.2,12.76,79.9,6,3.5,58.8,3.858,-8.3,0,1,66913
2026-05-01T03:42:23,25.386526,-26.861639,-1.6,12.69,65.6,6,3.5,59.8,3.866,-8.5,0,1,66914
2026-05-01T03:42:52,25.386890,-26.859865,-1.1,12.21,82.9,8,1.8,58.8,3.865,-8.3,0,1,66915
2026-05-01T03:43:22,25.387417,-26.858047,4.5,13.93,62.7,8,1.8,58.8,3.854,-8.3,0,1,66916
2026-05-01T03:43:51,25.387875,-26.856348,0.6,11.38,71.5,8,1.8,58.8,3.856,-8.3,0,1,66917
2026-05-01T03:44:21,25.388237,-26.854582,-2.2,11.92,71.4,8,1.4,58.5,3.855,-8.5,0,1,66918
2026-05-01T03:44:50,25.388559,-26.852810,-3.9,12.44,73.6,9,1.6,58.5,3.862,-8.5,0,1,66919
2026-05-01T03:45:19,25.388958,-26.851091,4.5,12.67,91.4,9,1.6,59.2,3.866,-8.5,0,1,66920
2026-05-01T03:45:49,25.389273,-26.849283,2.9,12.31,78.2,8,2.0,58.8,3.859,-8.3,0,1,66921
2026-05-01T03:46:18,25.389732,-26.847551,4.7,11.95,81.7,9,1.6,59.2,3.856,-8.5,0,1,66922
2026-05-01T03:46:48,25.390186,-26.845770,4.7,12.81,82.8,9,1.6,58.8,3.855,-8.3,0,1,66923
2026-05-01T03:47:17,25.390583,-26.844137,4.6,11.25,75.7,8,2.3,58.5,3.856,-8.5,0,1,66924
2026-05-01T03:47:47,25.390991,-26.842346,8.3,12.00,90.1,8,2.0,58.2,3.864,-8.3,0,1,66925
2026-05-01T03:48:16,25.391577,-26.840649,6.7,12.49,69.2,10,1.2,58.8,3.862,-8.3,0,1,66926
2026-05-01T03:48:46,25.391905,-26.838844,4.1,12.17,77.2,9,1.6,58.5,3.854,-8.5,0,1,66927
2026-05-01T03:49:15,25.392275,-26.837090,6.3,11.09,97.7,9,1.5,58.8,3.856,-8.3,0,1,66928
2026-05-01T03:49:44,25.392679,-26.835360,1.1,11.86,77.8,9,1.5,58.8,3.862,-8.3,0,1,66929
2026-05-01T03:50:14,25.393179,-26.833527,-1.7,13.07,77.3,10,1.2,58.5,3.859,-8.5,0,1,66930
2026-05-01T03:50:43,25.393526,-26.831804,-5.9,12.62,70.9,9,1.7,58.2,3.854,-8.3,0,1,66931
2026-05-01T03:51:13,25.394115,-26.830025,-1.6,12.00,72.3,9,1.7,58.5,3.862,-8.5,0,1,66932
2026-05-01T03:51:42,25.394579,-26.828314,0.9,12.58,70.4,10,1.2,58.2,3.859,-8.3,0,1,66933
2026-05-01T03:52:12,25.395012,-26.826509,4.5,14.84,64.4,9,1.7,58.5,3.855,-8.5,0,1,66934
2026-05-01T03:52:41,25.395462,-26.824810,1.8,13.10,57.1,9,1.7,57.6,3.852,-8.3,0,1,66935
2026-05-01T03:53:11,25.395893,-26.823030,-1.0,12.25,71.4,8,2.0,58.2,3.862,-8.3,0,1,66936
2026-05-01T03:53:40,25.396370,-26.821259,0.5,12.14,70.5,9,1.7,57.6,3.856,-8.3,0,1,66937
2026-05-01T03:54:09,25.396839,-26.819561,5.3,12.73,73.1,9,1.7,58.2,3.862,-8.3,0,1,66938
2026-05-01T03:54:39,25.397425,-26.817787,4.1,12.35,67.5,9,1.7,58.8,3.861,-8.3,0,1,66939
2026-05-01T03:55:08,25.397932,-26.816044,9.4,14.00,66.9,9,1.7,57.9,3.861,-8.5,0,1,66940
2026-05-01T03:55:38,25.398287,-26.814358,4.4,12.36,68.0,8,2.1,58.5,3.851,-8.5,0,1,66941
2026-05-01T03:56:07,25.398661,-26.812639,-0.5,12.35,75.0,8,1.8,57.6,3.852,-8.3,0,1,66942
2026-05-01T03:56:37,25.399298,-26.810886,5.6,11.67,73.4,9,1.8,58.2,3.861,-8.3,0,1,66943
2026-05-01T03:57:06,25.399670,-26.809225,0.2,12.15,79.0,9,1.8,58.2,3.861,-8.3,0,1,66944
2026-05-01T03:57:36,25.400152,-26.807306,5.6,13.16,76.2,8,1.8,57.3,3.855,-8.5,0,1,66945
2026-05-01T03:58:05,25.400711,-26.805630,9.1,12.03,64.5,7,2.5,57.6,3.850,-8.3,0,1,66946
2026-05-01T03:58:34,25.401110,-26.803936,12.5,11.93,80.5,8,1.9,58.5,3.851,-8.5,0,1,66947
2026-05-01T03:59:04,25.401558,-26.802143,24.7,12.06,79.3,8,2.4,57.9,3.856,-8.5,0,1,66948
2026-05-01T03:59:33,25.402096,-26.800385,19.7,12.53,75.1,8,1.9,57.6,3.850,-8.3,0,1,66949
2026-05-01T04:00:03,25.402411,-26.798584,19.6,11.87,76.2,8,2.9,58.2,3.852,-8.3,0,1,66950
2026-05-01T04:00:32,25.402803,-26.796837,17.8,12.09,73.8,9,1.8,57.6,3.860,-8.3,0,1,66951
2026-05-01T04:01:02,25.403234,-26.795004,25.3,12.32,74.6,9,1.8,57.6,3.852,-8.3,0,1,66952
2026-05-01T04:01:31,25.403711,-26.793268,21.3,12.11,74.7,9,1.8,57.6,3.859,-8.3,0,1,66953
2026-05-01T04:02:01,25.404182,-26.791483,19.8,11.94,77.7,9,1.8,57.6,3.850,-8.3,0,1,66954
2026-05-01T04:02:30,25.404644,-26.789776,27.0,11.66,77.4,9,1.8,57.6,3.858,-8.3,0,1,66955
2026-05-01T04:02:59,25.405062,-26.788038,25.4,12.38,76.4,9,1.8,58.2,3.845,-8.3,0,1,66956
2026-05-01T04:03:29,25.405491,-26.786238,24.2,12.42,68.7,9,1.9,57.9,3.856,-8.5,0,1,66957
2026-05-01T04:03:58,25.405893,-26.784492,14.3,12.84,73.1,8,2.0,56.9,3.858,-8.3,0,1,66958
2026-05-01T04:04:28,25.406342,-26.782696,10.8,12.34,72.3,9,1.9,57.6,3.851,-8.3,0,1,66959
2026-05-01T04:04:57,25.406713,-26.780960,10.5,12.35,75.7,9,1.9,56.9,3.850,-8.3,0,1,66960
2026-05-01T04:05:27,25.407223,-26.779179,9.3,12.18,73.6,9,1.9,57.6,3.855,-8.3,0,1,66961
2026-05-01T04:05:56,25.407549,-26.777443,5.6,11.95,82.2,9,1.9,56.9,3.856,-8.3,0,1,66962
2026-05-01T04:06:26,25.407993,-26.775595,-4.7,11.96,80.6,9,1.9,57.3,3.858,-8.5,0,1,66963
2026-05-01T04:06:55,25.408457,-26.773930,-2.3,12.09,78.6,8,2.5,56.9,3.851,-8.3,0,1,66964
2026-05-01T04:07:24,25.408796,-26.772190,-3.8,11.58,75.7,9,1.9,57.3,3.849,-8.5,0,1,66965
2026-05-01T04:07:54,25.409412,-26.770351,-4.5,12.17,66.2,9,1.9,57.9,3.858,-8.5,0,1,66966
2026-05-01T04:08:23,25.409870,-26.768627,-3.7,12.01,66.6,9,1.9,57.3,3.856,-8.5,0,1,66967
2026-05-01T04:08:53,25.410263,-26.766844,-9.3,11.83,75.1,9,1.9,57.3,3.850,-8.5,0,1,66968
2026-05-01T04:09:22,25.410759,-26.765129,-6.8,12.25,67.0,8,2.2,56.6,3.851,-8.5,0,1,66969
2026-05-01T04:09:52,25.411272,-26.763309,0.4,12.22,69.9,8,2.2,57.3,3.852,-8.5,0,1,66970
2026-05-01T04:10:21,25.411673,-26.761532,-0.7,12.91,75.2,9,1.9,56.9,3.848,-8.3,0,1,66971
2026-05-01T04:10:51,25.412085,-26.759754,-2.1,11.38,81.1,9,1.9,57.3,3.855,-8.5,0,1,66972
2026-05-01T04:11:20,25.412529,-26.758001,1.1,12.59,71.2,9,1.9,57.3,3.849,-8.5,0,1,66973
2026-05-01T04:11:49,25.412992,-26.756245,2.3,12.55,80.6,9,1.9,56.6,3.848,-8.5,0,1,66974
2026-05-01T04:12:19,25.413460,-26.754431,7.7,11.85,75.7,9,1.9,57.3,3.851,-8.5,0,1,66975
2026-05-01T04:12:48,25.413986,-26.752752,10.5,11.85,74.0,9,1.9,57.3,3.851,-8.5,0,1,66976
2026-05-01T04:13:18,25.414417,-26.750944,7.5,12.93,79.1,8,2.3,57.6,3.848,-8.3,0,1,66977
2026-05-01T04:13:47,25.414911,-26.749239,16.7,12.55,66.8,8,2.3,56.6,3.856,-8.5,0,1,66978
2026-05-01T04:14:17,25.415361,-26.747442,19.2,12.34,71.1,9,1.9,56.9,3.856,-8.3,0,1,66979
2026-05-01T04:14:46,25.415703,-26.745678,11.2,12.36,73.7,7,2.5,57.3,3.846,-8.5,0,1,66980
2026-05-01T04:15:16,25.416149,-26.743910,5.0,12.07,66.3,8,2.3,57.3,3.849,-8.5,0,1,66981
2026-05-01T04:15:45,25.416649,-26.742214,9.4,12.18,77.7,9,2.3,56.6,3.855,-8.5,0,1,66982
2026-05-01T04:16:14,25.417055,-26.740440,11.8,12.24,86.7,9,2.3,57.3,3.856,-8.5,0,1,66983
2026-05-01T04:16:44,25.417507,-26.738636,8.7,11.29,73.7,9,2.3,56.6,3.851,-8.5,0,1,66984
2026-05-01T04:17:13,25.417912,-26.736921,5.9,11.82,71.0,9,2.3,56.9,3.855,-8.3,0,1,66985
2026-05-01T04:17:43,25.418438,-26.735107,3.7,12.58,72.3,9,2.3,56.6,3.848,-8.5,0,1,66986
2026-05-01T04:18:12,25.418833,-26.733358,8.3,11.89,78.7,9,2.3,56.9,3.845,-8.3,0,1,66987
2026-05-01T04:18:42,25.419254,-26.731606,6.0,12.14,72.4,9,2.3,56.3,3.848,-8.3,0,1,66988
2026-05-01T04:19:11,25.419666,-26.729908,4.3,11.65,85.1,10,1.8,56.0,3.852,-8.5,0,1,66989
2026-05-01T04:19:41,25.420105,-26.728123,-0.2,11.56,83.5,10,1.8,56.0,3.848,-8.5,0,1,66990
2026-05-01T04:20:10,25.420502,-26.726433,-2.8,11.90,82.5,10,1.8,56.3,3.844,-8.3,0,1,66991
2026-05-01T04:20:39,25.420958,-26.724716,-0.2,12.22,68.1,10,1.8,56.3,3.854,-8.3,0,1,66992
2026-05-01T04:21:09,25.421469,-26.722980,-2.0,10.99,62.4,10,1.8,56.6,3.850,-8.5,0,1,66993
2026-05-01T04:21:38,25.421871,-26.721281,1.1,12.03,70.5,10,1.8,56.0,3.845,-8.5,0,1,66994
2026-05-01T04:22:08,25.422390,-26.719513,0.7,10.98,75.6,10,1.8,56.0,3.854,-8.5,0,1,66995
2026-05-01T04:22:37,25.422884,-26.717789,1.6,12.18,70.0,10,1.8,56.0,3.851,-8.5,0,1,66996
2026-05-01T04:23:07,25.423286,-26.716026,3.8,11.95,72.6,10,1.8,56.3,3.848,-8.3,0,1,66997
2026-05-01T04:23:36,25.423748,-26.714230,8.8,11.60,70.8,8,2.5,56.0,3.848,-8.5,0,1,66998
2026-05-01T04:24:06,25.424204,-26.712492,7.0,10.90,69.9,10,1.8,56.3,3.854,-8.3,0,1,66999
2026-05-01T04:24:35,25.424601,-26.710768,4.2,12.30,76.6,10,1.7,56.0,3.852,-8.5,0,1,67000
2026-05-01T04:25:04,25.425016,-26.708998,3.2,13.40,55.5,10,1.7,56.6,3.846,-8.5,0,1,67001
2026-05-01T04:25:34,25.425432,-26.707232,1.8,10.49,64.6,9,1.8,56.6,3.849,-8.5,0,1,67002
2026-05-01T04:26:03,25.425774,-26.705334,-10.7,12.33,77.4,9,1.8,56.0,3.854,-8.5,0,1,67003
2026-05-01T04:26:33,25.426125,-26.703535,-18.1,12.06,71.9,9,1.8,56.3,3.846,-8.3,0,1,67004
2026-05-01T04:27:02,25.426579,-26.701790,-23.8,12.42,81.3,10,1.7,56.0,3.848,-8.5,0,1,67005
2026-05-01T04:27:32,25.427193,-26.700037,-15.9,12.97,61.5,9,1.7,56.0,3.846,-8.5,0,1,67006
2026-05-01T04:28:01,25.427456,-26.698294,-26.3,11.46,75.1,10,1.7,55.7,3.852,-8.3,0,1,67007
2026-05-01T04:28:31,25.427933,-26.696491,-12.3,12.28,71.2,9,2.5,56.0,3.844,-8.5,0,1,67008
2026-05-01T04:29:00,25.428461,-26.694828,-13.2,11.74,74.2,9,2.5,56.6,3.841,-8.5,0,1,67009
2026-05-01T04:29:29,25.428925,-26.693012,-5.4,16.29,79.4,10,1.7,55.7,3.845,-8.3,0,1,67010
2026-05-01T04:29:59,25.429279,-26.691378,-7.7,11.70,75.3,9,2.5,56.0,3.849,-8.5,0,1,67011
2026-05-01T04:30:28,25.429840,-26.689741,-9.8,12.22,77.4,9,2.5,56.0,3.845,-8.5,0,1,67012
2026-05-01T04:30:58,25.430368,-26.687996,-10.0,12.48,72.6,9,2.5,56.0,3.848,-8.5,0,1,67013
2026-05-01T04:31:27,25.430788,-26.686239,-7.1,10.78,75.3,9,2.5,55.7,3.846,-8.3,0,1,67014
2026-05-01T04:31:57,25.431170,-26.684536,-6.3,12.57,77.2,9,2.5,55.7,3.851,-8.3,0,1,67015
2026-05-01T04:32:26,25.431692,-26.682777,-4.0,12.01,75.0,9,2.5,55.4,3.851,-8.5,0,1,67016
2026-05-01T04:32:56,25.432102,-26.681070,-6.4,12.10,74.8,8,2.6,55.0,3.844,-8.3,0,1,67017
2026-05-01T04:33:25,25.432592,-26.679298,-5.5,12.43,74.1,9,2.5,55.4,3.851,-8.5,0,1,67018
2026-05-01T04:33:54,25.433029,-26.677614,-5.1,12.05,69.2,9,2.5,55.4,3.846,-8.5,0,1,67019
2026-05-01T04:34:24,25.433565,-26.675817,-12.0,14.63,66.3,9,2.5,56.0,3.845,-8.5,0,1,67020
2026-05-01T04:34:53,25.433964,-26.674133,-3.7,11.80,76.2,8,2.6,55.7,3.848,-8.3,0,1,67021
2026-05-01T04:35:23,25.434437,-26.672361,3.2,11.88,72.5,9,2.5,55.7,3.844,-8.3,0,1,67022
2026-05-01T04:35:52,25.434845,-26.670612,7.4,11.38,89.1,9,2.5,55.4,3.845,-8.5,0,1,67023
2026-05-01T04:36:22,25.435375,-26.668806,9.9,12.40,70.1,8,2.5,55.4,3.841,-8.5,0,1,67024
2026-05-01T04:36:51,25.435862,-26.667076,5.2,11.88,73.7,9,2.5,55.0,3.850,-8.3,0,1,67025
2026-05-01T04:37:21,25.436253,-26.665356,9.5,11.91,82.6,9,2.5,55.0,3.850,-8.3,0,1,67026
2026-05-01T04:37:50,25.436710,-26.663561,1.8,11.99,77.5,8,2.5,54.4,3.845,-8.3,0,1,67027
2026-05-01T04:38:19,25.437111,-26.661837,-10.4,11.30,77.5,8,2.5,55.0,3.841,-8.3,0,1,67028
2026-05-01T04:38:49,25.437532,-26.660114,-1.5,9.09,91.3,9,1.5,55.7,3.844,-8.3,0,1,67029
2026-05-01T04:39:18,25.438143,-26.658308,2.0,13.11,81.7,9,2.5,55.0,3.839,-8.3,0,1,67030
2026-05-01T04:39:48,25.438490,-26.656530,-4.7,12.33,72.5,9,2.5,54.7,3.842,-8.5,0,1,67031
2026-05-01T04:40:17,25.438927,-26.654833,-1.7,12.72,71.1,9,2.5,54.7,3.850,-8.5,0,1,67032
2026-05-01T04:40:47,25.439402,-26.653002,-5.9,10.32,68.4,9,2.5,54.7,3.851,-8.5,0,1,67033
2026-05-01T04:41:16,25.439911,-26.651237,0.9,12.45,71.8,9,2.4,54.7,3.848,-8.5,0,1,67034
2026-05-01T04:41:46,25.440464,-26.649490,10.0,13.47,61.3,9,2.4,55.0,3.842,-8.3,0,1,67035
2026-05-01T04:42:15,25.440825,-26.647734,5.9,12.24,75.5,8,2.5,54.4,3.840,-8.3,0,1,67036
2026-05-01T04:42:44,25.441145,-26.645966,0.4,12.82,73.8,9,2.4,55.0,3.850,-8.3,0,1,67037
2026-05-01T04:43:14,25.441727,-26.644258,9.4,12.67,67.8,9,2.4,55.0,3.848,-8.3,0,1,67038
2026-05-01T04:43:43,25.442169,-26.642527,6.8,12.50,64.6,9,2.4,54.1,3.841,-8.5,0,1,67039
2026-05-01T04:44:13,25.442591,-26.640718,4.8,12.15,72.2,9,2.4,54.7,3.842,-8.5,0,1,67040
2026-05-01T04:44:42,25.442863,-26.638958,-2.8,12.17,80.7,9,2.4,55.4,3.846,-8.5,0,1,67041
2026-05-01T04:45:12,25.443420,-26.637108,-1.8,13.56,74.3,9,2.3,54.7,3.841,-8.5,0,1,67042
2026-05-01T04:45:41,25.443872,-26.635376,1.1,11.99,77.4,9,2.3,54.1,3.838,-8.5,0,1,67043
2026-05-01T04:46:11,25.444355,-26.633663,-3.2,12.05,70.7,8,2.4,55.4,3.841,-8.5,0,1,67044
2026-05-01T04:46:40,25.444796,-26.631960,-3.2,12.38,71.3,8,2.3,54.7,3.846,-8.5,0,1,67045
2026-05-01T04:47:09,25.445284,-26.630182,-2.0,12.46,73.6,8,2.3,54.1,3.848,-8.5,0,1,67046
2026-05-01T04:47:39,25.445574,-26.628384,-6.6,13.07,82.5,8,2.3,54.7,3.849,-8.5,0,1,67047
2026-05-01T04:48:08,25.446026,-26.626684,-10.5,12.22,71.7,8,2.3,54.7,3.846,-8.5,0,1,67048
2026-05-01T04:48:38,25.446386,-26.624914,-8.6,12.38,89.3,8,2.3,55.0,3.841,-8.3,0,1,67049
2026-05-01T04:49:07,25.446772,-26.623152,-12.2,12.49,86.1,8,2.3,54.7,3.839,-8.5,0,1,67050
2026-05-01T04:49:37,25.447309,-26.621304,-11.8,12.42,78.6,8,2.3,54.1,3.848,-8.5,0,1,67051
2026-05-01T04:50:06,25.447771,-26.619591,-15.2,11.89,79.0,8,2.3,54.4,3.838,-8.3,0,1,67052
2026-05-01T04:50:36,25.448244,-26.617748,-9.4,13.55,84.4,9,1.7,54.4,3.846,-8.3,0,1,67053
2026-05-01T04:51:05,25.448748,-26.616053,-19.3,12.35,79.7,9,1.7,54.1,3.845,-8.5,0,1,67054
2026-05-01T04:51:34,25.449245,-26.614334,-16.4,12.51,66.5,9,1.7,53.8,3.844,-8.3,0,1,67055
2026-05-01T04:52:04,25.449638,-26.612513,-14.6,11.89,78.7,9,1.7,54.1,3.846,-8.5,0,1,67056
2026-05-01T04:52:33,25.450130,-26.610806,-10.5,11.86,72.5,9,1.7,53.8,3.840,-8.3,0,1,67057
2026-05-01T04:53:03,25.450588,-26.608988,-9.5,12.35,72.8,9,1.7,54.1,3.844,-8.5,0,1,67058
2026-05-01T04:53:32,25.450893,-26.607279,-8.5,11.65,80.5,9,1.7,54.4,3.839,-8.3,0,1,67059
2026-05-01T04:54:02,25.451410,-26.605478,-4.7,12.32,76.3,9,1.7,54.1,3.848,-8.5,0,1,67060
2026-05-01T04:54:31,25.451790,-26.603706,-2.0,11.88,75.7,9,1.7,54.4,3.839,-8.3,0,1,67061
2026-05-01T04:55:01,25.452303,-26.601908,0.6,12.43,71.4,9,1.7,53.8,3.844,-8.3,0,1,67062
2026-05-01T04:55:30,25.452734,-26.600149,-0.2,12.03,73.5,9,1.7,54.4,3.834,-8.3,0,1,67063
2026-05-01T04:55:59,25.453110,-26.598404,1.5,12.27,79.4,8,2.1,54.7,3.846,-8.5,0,1,67064
2026-05-01T04:56:29,25.453566,-26.596565,1.3,12.82,74.3,9,1.6,53.8,3.839,-8.3,0,1,67065
2026-05-01T04:56:58,25.454021,-26.594816,5.3,12.51,71.1,9,1.6,53.8,3.836,-8.3,0,1,67066
2026-05-01T04:57:28,25.454437,-26.593021,5.1,12.24,71.5,9,1.6,53.8,3.836,-8.3,0,1,67067
2026-05-01T04:57:57,25.454958,-26.591295,6.5,12.40,67.9,8,2.1,53.8,3.841,-8.3,0,1,67068
2026-05-01T04:58:27,25.455412,-26.589504,10.6,11.90,77.2,9,1.6,54.1,3.844,-8.5,0,1,67069
2026-05-01T04:58:56,25.455732,-26.587769,5.2,11.66,77.5,9,1.6,54.1,3.838,-8.5,0,1,67070
2026-05-01T04:59:26,25.456141,-26.585934,-4.0,12.24,68.7,9,1.6,53.8,3.842,-8.3,0,1,67071
2026-05-01T04:59:55,25.456673,-26.584236,-3.3,12.43,64.7,9,1.6,53.8,3.835,-8.3,0,1,67072
2026-05-01T05:00:24,25.457108,-26.582518,-0.7,11.78,65.1,9,1.6,53.8,3.841,-8.3,0,1,67073
2026-05-01T05:00:54,25.457518,-26.580713,0.1,11.10,77.0,9,1.6,54.1,3.841,-8.5,0,1,67074
2026-05-01T05:01:23,25.457970,-26.578947,2.8,12.03,74.4,9,1.6,53.8,3.842,-8.3,0,1,67075
2026-05-01T05:01:53,25.458483,-26.577175,6.4,12.54,59.5,9,1.6,53.5,3.842,-8.5,0,1,67076
2026-05-01T05:02:22,25.458843,-26.575426,7.8,11.82,71.9,9,1.6,53.1,3.836,-10.2,0,1,67077
2026-05-01T05:02:52,25.459272,-26.573551,8.4,11.44,75.0,9,1.6,53.5,3.841,-8.5,0,1,67078
2026-05-01T05:03:21,25.459473,-26.571854,14.3,11.38,80.9,9,1.6,53.8,3.836,-8.3,0,1,67079
2026-05-01T05:03:51,25.460087,-26.570124,7.1,11.54,77.5,9,1.6,52.7,3.834,-10.2,0,1,67080
2026-05-01T05:04:20,25.460505,-26.568388,1.9,12.29,72.4,8,1.8,53.1,3.834,-10.2,0,1,67081
2026-05-01T05:04:49,25.461035,-26.566742,7.3,12.14,73.4,9,1.6,54.4,3.832,-8.3,0,1,67082
2026-05-01T05:05:19,25.461411,-26.564999,6.4,8.71,76.4,9,1.6,53.8,3.838,-8.3,0,1,67083
2026-05-01T05:05:48,25.461807,-26.563208,3.0,11.57,79.6,9,1.6,52.7,3.842,-10.2,0,1,67084
2026-05-01T05:06:18,25.462231,-26.561434,-10.1,12.22,62.0,9,1.6,54.1,3.835,-8.5,0,1,67085
2026-05-01T05:06:47,25.462706,-26.559740,-11.5,12.20,70.3,9,1.6,53.8,3.839,-8.3,0,1,67086
2026-05-01T05:07:17,25.463015,-26.557976,-1.2,12.00,86.7,9,1.6,52.7,3.842,-10.2,0,1,67087
2026-05-01T05:07:46,25.463661,-26.556314,-4.8,12.59,79.9,9,1.6,53.1,3.830,-10.2,0,1,67088
2026-05-01T05:08:16,25.463898,-26.554535,-8.8,11.75,76.7,9,1.6,53.1,3.832,-10.2,0,1,67089
2026-05-01T05:08:45,25.464479,-26.552816,-11.4,12.10,69.7,9,1.6,52.7,3.830,-10.2,0,1,67090
2026-05-01T05:09:14,25.464844,-26.551064,-3.8,12.47,74.1,9,1.6,52.3,3.841,-10.2,0,1,67091
2026-05-01T05:09:44,25.465288,-26.549294,-7.0,11.56,77.2,9,1.6,53.1,3.836,-10.2,0,1,67092
2026-05-01T05:10:13,25.465870,-26.547636,1.4,12.17,67.4,9,1.6,53.1,3.830,-10.2,0,1,67093
2026-05-01T05:10:43,25.466375,-26.545795,1.0,12.45,72.3,9,1.6,53.8,3.834,-8.3,0,1,67094
2026-05-01T05:11:12,25.466749,-26.543968,-4.3,13.15,71.6,9,1.6,53.1,3.832,-10.2,0,1,67095
2026-05-01T05:11:42,25.467129,-26.542185,12.4,12.04,72.0,9,1.6,52.3,3.834,-10.2,0,1,67096
2026-05-01T05:12:11,25.467625,-26.540421,3.2,12.28,72.2,9,1.6,53.1,3.834,-10.2,0,1,67097
2026-05-01T05:12:41,25.468109,-26.538610,-2.5,13.13,58.6,9,1.6,52.7,3.841,-10.2,0,1,67098
2026-05-01T05:13:10,25.468519,-26.536924,-0.4,12.37,72.9,9,1.5,51.9,3.835,-10.2,0,1,67099
2026-05-01T05:13:39,25.468988,-26.535149,-1.9,12.14,67.3,9,1.5,52.7,3.840,-10.2,0,1,67100
2026-05-01T05:14:09,25.469393,-26.533411,-7.8,10.46,78.9,8,2.7,52.3,3.838,-10.2,0,1,67101
2026-05-01T05:14:38,25.469757,-26.531668,-7.5,11.57,69.5,9,1.5,52.3,3.840,-10.2,0,1,67102
2026-05-01T05:15:08,25.470236,-26.529932,-14.7,11.43,74.9,9,1.5,52.3,3.831,-10.2,0,1,67103
2026-05-01T05:15:37,25.470629,-26.528240,-18.5,11.82,70.1,9,1.5,52.7,3.832,-10.2,0,1,67104
2026-05-01T05:16:07,25.471146,-26.526491,-17.2,11.84,67.5,9,1.5,51.5,3.839,-10.2,0,1,67105
2026-05-01T05:16:36,25.471502,-26.524775,-18.2,12.09,71.1,9,1.5,51.9,3.836,-10.2,0,1,67106
2026-05-01T05:17:06,25.471960,-26.522999,-11.7,11.47,80.3,9,1.5,52.3,3.834,-10.2,0,1,67107
2026-05-01T05:17:35,25.472370,-26.521225,-15.0,12.51,81.9,9,1.5,51.9,3.838,-10.2,0,1,67108
2026-05-01T05:18:04,25.472898,-26.519539,-19.0,12.32,77.3,9,1.6,52.3,3.838,-10.2,0,1,67109
2026-05-01T05:18:34,25.473392,-26.517769,-16.4,11.96,75.0,10,1.4,52.7,3.836,-10.2,0,1,67110
2026-05-01T05:19:03,25.473791,-26.516031,-14.4,11.85,77.7,10,1.4,51.9,3.832,-10.2,0,1,67111
2026-05-01T05:19:33,25.474277,-26.514286,-10.7,11.69,77.1,10,1.4,52.3,3.828,-10.2,0,1,67112
2026-05-01T05:20:02,25.474733,-26.512590,-7.3,11.91,72.7,10,1.4,51.5,3.839,-10.2,0,1,67113
2026-05-01T05:20:32,25.475172,-26.510855,-9.4,11.43,70.8,10,1.4,52.3,3.839,-10.2,0,1,67114
2026-05-01T05:21:01,25.475655,-26.509087,-8.3,11.64,75.3,10,1.4,51.9,3.830,-10.2,0,1,67115
2026-05-01T05:21:31,25.476107,-26.507357,-5.0,11.73,74.4,10,1.4,51.5,3.836,-10.2,0,1,67116
2026-05-01T05:22:00,25.476542,-26.505636,-8.2,11.98,71.7,10,1.4,51.9,3.831,-10.2,0,1,67117
2026-05-01T05:22:29,25.476919,-26.503914,-0.5,12.25,82.0,10,1.4,52.3,3.838,-10.2,0,1,67118
2026-05-01T05:22:59,25.477365,-26.502144,0.7,11.62,68.6,10,1.4,52.3,3.836,-10.2,0,1,67119
2026-05-01T05:23:28,25.477804,-26.500387,-1.1,11.76,77.8,9,2.1,51.5,3.830,-10.2,0,1,67120
2026-05-01T05:23:58,25.478209,-26.498650,5.1,12.28,83.9,10,1.4,51.2,3.838,-10.4,0,1,67121
2026-05-01T05:24:27,25.478697,-26.496910,2.5,12.36,69.5,10,1.4,51.2,3.829,-10.4,0,1,67122
2026-05-01T05:24:57,25.479174,-26.495138,5.7,12.63,63.2,10,1.4,51.9,3.838,-10.2,0,1,67123
2026-05-01T05:25:26,25.479534,-26.493389,-2.4,11.71,77.0,10,1.4,51.2,3.828,-10.4,0,1,67124
2026-05-01T05:25:56,25.480049,-26.491650,7.8,12.40,62.8,11,1.2,51.9,3.830,-10.2,0,1,67125
2026-05-01T05:26:25,25.480412,-26.489910,11.4,11.97,81.3,12,1.1,51.2,3.835,-10.4,0,1,67126
2026-05-01T05:26:54,25.480833,-26.488188,10.4,12.47,66.7,12,1.1,51.2,3.834,-10.4,0,1,67127
2026-05-01T05:27:24,25.481344,-26.486441,15.4,12.49,74.0,12,1.1,51.9,3.836,-10.2,0,1,67128
2026-05-01T05:27:53,25.481750,-26.484694,13.6,12.61,68.0,12,1.1,51.2,3.825,-10.4,0,1,67129
2026-05-01T05:28:23,25.482161,-26.482935,14.6,12.61,70.9,12,1.1,50.8,3.825,-10.2,0,1,67130
2026-05-01T05:28:52,25.482586,-26.481239,18.4,11.70,74.2,11,1.4,51.2,3.826,-10.4,0,1,67131
2026-05-01T05:29:22,25.483028,-26.479500,14.7,12.24,80.7,11,1.2,52.3,3.829,-10.2,0,1,67132
2026-05-01T05:29:51,25.483423,-26.477766,19.6,11.81,76.1,12,1.1,50.4,3.834,-10.2,0,1,67133
2026-05-01T05:30:21,25.483860,-26.476021,14.4,11.55,66.0,11,1.2,51.2,3.834,-10.4,0,1,67134
2026-05-01T05:30:50,25.484238,-26.474268,12.2,12.24,78.8,11,1.2,50.8,3.835,-10.2,0,1,67135
2026-05-01T05:31:19,25.484735,-26.472580,1.5,12.31,68.7,11,1.2,50.4,3.829,-10.2,0,1,67136
2026-05-01T05:31:49,25.485130,-26.470823,14.6,11.34,65.6,11,1.5,51.5,3.829,-10.2,0,1,67137
2026-05-01T05:32:18,25.485521,-26.469109,9.2,12.02,61.8,10,1.3,50.4,3.832,-10.2,0,1,67138
2026-05-01T05:32:48,25.486013,-26.467321,12.0,12.17,67.5,9,1.9,51.5,3.826,-10.2,0,1,67139
2026-05-01T05:33:17,25.486338,-26.465611,6.0,11.93,73.1,10,1.3,50.4,3.834,-10.2,0,1,67140
2026-05-01T05:33:47,25.486904,-26.463835,8.8,11.86,64.4,10,1.3,51.2,3.826,-10.4,0,1,67141
2026-05-01T05:34:16,25.487209,-26.462135,1.1,11.15,79.2,10,1.3,50.0,3.829,-10.2,0,1,67142
2026-05-01T05:34:46,25.487652,-26.460331,2.1,11.62,74.4,10,1.3,50.8,3.826,-10.2,0,1,67143
2026-05-01T05:35:15,25.488138,-26.458649,0.5,11.47,75.0,10,1.3,51.2,3.832,-10.4,0,1,67144
2026-05-01T05:35:44,25.488523,-26.456907,5.6,13.24,72.6,11,1.2,50.4,3.831,-10.2,0,1,67145
2026-05-01T05:36:14,25.488882,-26.455151,8.1,11.92,79.6,10,1.3,50.8,3.832,-10.2,0,1,67146
2026-05-01T05:36:43,25.489410,-26.453474,3.2,12.16,78.3,9,1.9,51.2,3.834,-10.4,0,1,67147
2026-05-01T05:37:13,25.489838,-26.451616,-4.2,12.11,70.6,9,1.3,50.4,3.828,-10.2,0,1,67148
2026-05-01T05:37:42,25.490276,-26.449972,5.0,11.59,67.6,9,1.9,50.4,3.835,-10.2,0,1,67149
2026-05-01T05:38:12,25.490711,-26.448147,0.6,12.06,71.3,10,1.3,51.2,3.834,-10.4,0,1,67150
2026-05-01T05:38:41,25.491137,-26.446409,5.3,11.90,71.1,10,1.6,50.4,3.832,-10.2,0,1,67151
2026-05-01T05:39:11,25.491585,-26.444630,-0.7,10.82,69.2,11,1.4,50.4,3.828,-10.2,0,1,67152
2026-05-01T05:39:40,25.492023,-26.442867,-1.0,12.01,70.1,12,1.1,50.4,3.824,-10.2,0,1,67153
2026-05-01T05:40:09,25.492380,-26.441166,-9.7,11.53,75.1,12,1.1,50.0,3.830,-10.2,0,1,67154
2026-05-01T05:40:39,25.492887,-26.439365,-4.0,12.48,72.9,12,1.1,50.8,3.831,-10.2,0,1,67155
2026-05-01T05:41:08,25.493322,-26.437607,9.0,11.14,78.7,11,1.5,49.6,3.831,-10.2,0,1,67156
2026-05-01T05:41:38,25.493868,-26.435936,11.9,11.63,66.8,12,1.1,49.6,3.831,-10.2,0,1,67157
2026-05-01T05:42:07,25.494276,-26.434179,13.4,12.53,71.6,12,1.1,49.6,3.825,-10.2,0,1,67158
2026-05-01T05:42:37,25.494623,-26.432482,13.4,10.74,80.2,12,1.1,50.4,3.824,-10.2,0,1,67159
2026-05-01T05:43:06,25.495197,-26.430750,26.5,12.48,76.2,11,1.5,49.6,3.831,-10.2,0,1,67160
2026-05-01T05:43:36,25.495722,-26.429022,34.8,13.12,64.0,11,1.5,49.6,3.831,-10.2,0,1,67161
2026-05-01T05:44:05,25.496004,-26.427237,21.0,11.86,69.8,12,1.1,50.0,3.832,-10.2,0,1,67162
2026-05-01T05:44:34,25.496468,-26.425474,29.5,11.76,73.0,12,1.1,50.8,3.830,-10.2,0,1,67163
2026-05-01T05:45:04,25.496950,-26.423708,15.3,11.88,71.5,10,1.6,50.8,3.830,-10.2,0,1,67164
2026-05-01T05:45:33,25.497452,-26.421982,17.3,11.49,74.3,10,1.6,49.2,3.820,-10.2,0,1,67165
2026-05-01T05:46:03,25.497850,-26.420332,26.3,12.22,74.8,10,1.7,49.6,3.824,-10.2,0,1,67166
2026-05-01T05:46:32,25.498302,-26.418610,33.6,11.66,79.2,9,1.7,49.6,3.822,-10.2,0,1,67167
2026-05-01T05:47:02,25.498808,-26.416893,32.8,11.79,77.0,10,1.7,50.0,3.830,-10.2,0,1,67168
2026-05-01T05:47:31,25.499224,-26.415192,31.4,13.18,70.0,10,1.7,49.6,3.822,-10.2,0,1,67169
2026-05-01T05:48:01,25.499716,-26.413441,30.0,12.15,71.9,10,1.7,49.6,3.830,-10.2,0,1,67170
2026-05-01T05:48:30,25.500034,-26.411715,25.3,11.56,77.2,10,1.7,49.2,3.829,-10.2,0,1,67171
2026-05-01T05:48:59,25.500441,-26.410017,26.6,11.88,84.1,10,1.7,49.6,3.820,-10.2,0,1,67172
2026-05-01T05:49:29,25.500879,-26.408257,29.8,11.39,83.9,10,1.7,49.2,3.828,-10.2,0,1,67173
2026-05-01T05:49:58,25.501440,-26.406570,32.2,13.02,63.8,10,1.7,49.6,3.830,-10.2,0,1,67174
2026-05-01T05:50:28,25.501806,-26.404808,30.0,12.39,74.9,10,1.7,50.0,3.820,-10.2,0,1,67175
2026-05-01T05:50:57,25.502319,-26.403049,34.0,12.02,69.1,10,1.7,49.6,3.826,-10.2,0,1,67176
2026-05-01T05:51:27,25.502718,-26.401310,30.3,12.19,68.7,10,1.8,49.2,3.824,-10.2,0,1,67177
2026-05-01T05:51:56,25.503174,-26.399549,31.8,11.88,69.9,10,1.8,48.9,3.830,-10.2,0,1,67178
2026-05-01T05:52:26,25.503643,-26.397787,28.4,12.56,64.3,10,1.8,50.4,3.824,-10.2,0,1,67179
2026-05-01T05:52:55,25.504047,-26.396074,23.3,11.56,77.3,9,1.8,49.2,3.825,-10.2,0,1,67180
2026-05-01T05:53:24,25.504513,-26.394318,26.1,11.96,67.3,10,1.8,49.2,3.828,-10.2,0,1,67181
2026-05-01T05:53:54,25.504957,-26.392540,26.3,12.40,76.1,10,1.8,48.9,3.824,-10.2,0,1,67182
2026-05-01T05:54:23,25.505360,-26.390841,27.4,12.26,81.7,9,1.8,49.2,3.818,1311.0,0,1,67183
2026-05-01T05:54:53,25.505804,-26.389057,30.1,12.40,75.2,9,1.8,49.6,3.822,-10.2,0,1,67184
2026-05-01T05:55:22,25.506262,-26.387321,33.7,12.39,73.5,9,1.8,49.2,3.826,-10.2,0,1,67185
2026-05-01T05:55:52,25.506752,-26.385588,38.4,11.39,69.8,9,1.8,49.6,3.826,-10.2,0,1,67186
2026-05-01T05:56:21,25.507181,-26.383833,40.7,11.84,70.8,9,1.8,48.5,3.820,-10.2,0,1,67187
2026-05-01T05:56:51,25.507595,-26.382063,40.4,12.05,78.1,10,1.7,48.5,3.828,-10.2,0,1,67188
2026-05-01T05:57:20,25.507954,-26.380339,32.3,11.76,73.8,11,1.6,48.5,3.830,-10.2,0,1,67189
2026-05-01T05:57:49,25.508387,-26.378643,25.4,12.27,60.3,11,1.6,49.2,3.819,-10.2,0,1,67190
2026-05-01T05:58:19,25.508862,-26.376852,31.6,11.87,71.2,11,1.6,48.9,3.821,-10.2,0,1,67191
2026-05-01T05:58:48,25.509319,-26.375164,31.6,11.84,75.7,11,1.6,48.5,3.816,-10.2,0,1,67192
2026-05-01T05:59:18,25.509726,-26.373386,28.0,11.67,73.6,11,1.6,49.2,3.822,-10.2,0,1,67193
2026-05-01T05:59:47,25.510105,-26.371696,27.9,11.92,72.1,11,1.6,48.9,3.821,-10.2,0,1,67194
2026-05-01T06:00:17,25.510553,-26.369949,27.7,12.28,76.4,11,1.6,48.5,3.819,-10.2,0,1,67195
2026-05-01T06:00:46,25.510998,-26.368242,30.2,11.65,77.9,12,1.0,48.9,3.828,-10.2,0,1,67196
2026-05-01T06:01:16,25.511410,-26.366474,32.1,12.20,81.8,11,1.6,48.9,3.822,-10.2,0,1,67197
2026-05-01T06:01:45,25.511772,-26.364828,26.7,11.79,77.0,11,1.6,48.1,3.818,-10.4,0,1,67198
2026-05-01T06:02:14,25.512215,-26.363110,28.1,11.96,79.3,11,1.6,47.7,3.825,-10.2,0,1,67199
2026-05-01T06:02:44,25.512655,-26.361311,30.3,12.22,74.4,11,1.6,48.5,3.824,-10.2,0,1,67200
2026-05-01T06:03:13,25.513123,-26.359663,32.5,12.41,77.9,11,1.6,48.1,3.826,-10.4,0,1,67201
2026-05-01T06:03:43,25.513554,-26.357883,33.5,11.25,70.6,11,1.6,48.1,3.826,-10.4,0,1,67202
2026-05-01T06:04:12,25.513844,-26.356209,29.3,12.06,71.0,11,1.6,48.1,3.825,-10.4,0,1,67203
2026-05-01T06:04:42,25.514273,-26.354445,18.8,12.40,69.3,12,1.0,48.9,3.819,-10.2,0,1,67204
2026-05-01T06:05:11,25.514610,-26.352739,9.8,12.25,73.9,11,1.6,48.1,3.826,-10.4,0,1,67205
2026-05-01T06:05:41,25.515078,-26.350977,18.3,11.89,78.5,11,1.6,48.1,3.819,-10.4,0,1,67206
2026-05-01T06:06:10,25.515516,-26.349304,8.6,12.59,74.8,11,1.6,48.1,3.826,-10.4,0,1,67207
2026-05-01T06:06:39,25.515932,-26.347551,5.4,13.65,77.6,12,1.0,47.7,3.816,-10.2,0,1,67208
2026-05-01T06:07:09,25.516487,-26.345795,14.5,12.58,66.8,11,1.6,48.5,3.821,-10.2,0,1,67209
2026-05-01T06:07:38,25.516825,-26.344126,11.6,12.49,77.2,11,1.6,48.1,3.819,-10.4,0,1,67210
2026-05-01T06:08:08,25.517199,-26.342327,8.1,12.88,64.2,11,1.6,47.7,3.824,-10.2,0,1,67211
2026-05-01T06:08:37,25.517635,-26.340651,3.0,11.62,72.5,11,1.6,47.7,3.813,-10.2,0,1,67212
2026-05-01T06:09:07,25.518044,-26.338842,5.2,12.04,84.0,11,1.6,47.7,3.814,-10.2,0,1,67213
2026-05-01T06:09:36,25.518452,-26.337135,6.2,12.31,82.8,10,1.7,47.7,3.810,-10.2,0,1,67214
2026-05-01T06:10:06,25.518950,-26.335377,-0.5,12.22,76.5,11,1.6,48.1,3.813,-10.4,0,1,67215
2026-05-01T06:10:35,25.519337,-26.333693,0.0,11.67,74.9,11,1.6,47.3,3.818,-10.2,0,1,67216
2026-05-01T06:11:04,25.519802,-26.331957,4.2,12.39,76.1,11,1.6,47.7,3.822,-10.2,0,1,67217
2026-05-01T06:11:34,25.520254,-26.330204,10.7,12.08,80.3,10,1.7,48.1,3.822,-10.4,0,1,67218
2026-05-01T06:12:03,25.520718,-26.328489,18.5,12.81,81.5,11,1.6,48.1,3.825,-10.4,0,1,67219
2026-05-01T06:12:33,25.521193,-26.326689,23.9,12.93,86.3,11,1.5,48.5,3.815,-10.2,0,1,67220
2026-05-01T06:13:02,25.521767,-26.324940,35.0,11.82,74.4,11,1.5,48.5,3.816,-10.2,0,1,67221
2026-05-01T06:13:32,25.522154,-26.323141,24.8,13.14,66.7,11,1.5,48.1,3.818,-10.4,0,1,67222
2026-05-01T06:14:01,25.522457,-26.321381,17.2,12.24,65.7,11,1.5,47.3,3.822,-10.2,0,1,67223
2026-05-01T06:14:31,25.522835,-26.319620,19.8,12.19,71.8,11,1.5,48.9,3.822,-10.2,0,1,67224
2026-05-01T06:15:00,25.523243,-26.317894,21.6,12.26,81.8,11,1.5,47.7,3.824,-10.2,0,1,67225
2026-05-01T06:15:29,25.523624,-26.316210,19.7,11.19,83.8,10,1.5,47.7,3.815,-10.2,0,1,67226
2026-05-01T06:15:59,25.524124,-26.314478,22.9,12.28,73.6,11,1.5,48.1,3.818,-10.4,0,1,67227
2026-05-01T06:16:28,25.524599,-26.312778,24.9,12.27,71.2,10,1.5,47.7,3.818,-10.2,0,1,67228
2026-05-01T06:16:58,25.524899,-26.310942,22.9,11.87,72.9,10,1.5,47.7,3.821,-10.2,0,1,67229
2026-05-01T06:17:28,25.525373,-26.309147,15.8,12.37,69.7,11,1.0,47.3,3.821,-10.2,0,1,67230
2026-05-01T06:17:57,25.525902,-26.307428,25.3,12.03,71.4,10,1.5,46.9,3.824,-10.8,0,1,67231
2026-05-01T06:18:27,25.526350,-26.305651,27.8,11.20,72.2,10,1.5,46.9,3.813,-10.8,0,1,67232
2026-05-01T06:18:56,25.526789,-26.303852,24.8,12.25,68.5,11,1.5,47.3,3.821,-10.2,0,1,67233
2026-05-01T06:19:26,25.527260,-26.302107,19.8,12.38,69.2,11,1.5,47.7,3.818,-10.2,0,1,67234
2026-05-01T06:19:55,25.527555,-26.300423,17.9,11.64,80.2,10,1.5,46.5,3.822,-11.0,0,1,67235
2026-05-01T06:20:24,25.528074,-26.298658,25.7,13.21,75.1,11,1.4,47.7,3.813,-10.2,0,1,67236
2026-05-01T06:20:54,25.528660,-26.296904,29.3,14.26,61.3,10,1.5,48.9,3.816,-10.2,0,1,67237
2026-05-01T06:21:23,25.529013,-26.295164,33.7,11.78,74.6,11,1.4,47.3,3.813,-10.2,0,1,67238
2026-05-01T06:21:53,25.529455,-26.293453,29.3,12.99,63.4,11,1.4,47.7,3.816,-10.2,0,1,67239
2026-05-01T06:22:22,25.529985,-26.291777,20.5,12.79,62.0,12,1.3,46.1,3.819,-10.8,0,1,67240
2026-05-01T06:22:52,25.530428,-26.290030,20.4,12.15,69.3,11,1.4,47.3,3.821,-10.2,0,1,67241
2026-05-01T06:23:21,25.530895,-26.288345,15.0,12.14,59.6,12,1.3,46.5,3.820,-11.0,0,1,67242
2026-05-01T06:23:51,25.531338,-26.286558,21.0,11.61,68.3,12,1.3,47.7,3.816,-10.2,0,1,67243
2026-05-01T06:24:20,25.531580,-26.284821,19.3,11.78,86.1,12,1.3,46.9,3.810,-10.8,0,1,67244
2026-05-01T06:24:49,25.532009,-26.283127,17.3,11.39,71.1,11,1.8,46.5,3.814,-11.0,0,1,67245
2026-05-01T06:25:19,25.532434,-26.281366,16.7,12.28,86.0,12,1.3,47.3,3.815,-10.2,0,1,67246
2026-05-01T06:25:48,25.532883,-26.279665,16.5,11.89,70.4,12,1.3,46.5,3.814,-11.0,0,1,67247
2026-05-01T06:26:18,25.533417,-26.277901,23.5,12.17,74.3,12,1.3,46.5,3.811,-11.0,0,1,67248
2026-05-01T06:26:47,25.533800,-26.276190,19.8,11.52,76.8,11,1.4,46.5,3.820,-11.0,0,1,67249
2026-05-01T06:27:17,25.534239,-26.274422,18.4,11.83,67.5,12,1.3,46.9,3.819,-10.8,0,1,67250
2026-05-01T06:27:46,25.534719,-26.272715,18.3,12.12,67.3,12,1.3,45.7,3.818,-10.8,0,1,67251
2026-05-01T06:28:16,25.535122,-26.270916,21.4,11.60,76.5,11,1.4,46.5,3.819,-11.0,0,1,67252
2026-05-01T06:28:45,25.535456,-26.269197,24.3,11.73,74.2,11,1.4,46.1,3.813,-10.8,0,1,67253
2026-05-01T06:29:14,25.535885,-26.267450,24.4,13.07,74.2,11,1.4,46.9,3.811,-10.8,0,1,67254
2026-05-01T06:29:44,25.536257,-26.265688,25.6,11.27,75.8,11,1.4,46.9,3.815,-10.8,0,1,67255
2026-05-01T06:30:13,25.536711,-26.263985,25.6,11.56,79.1,10,2.0,46.1,3.811,-10.8,0,1,67256
2026-05-01T06:30:43,25.537256,-26.262184,29.6,11.94,70.5,11,1.4,46.5,3.811,-11.0,0,1,67257
2026-05-01T06:31:12,25.537718,-26.260479,32.9,12.40,76.0,11,1.3,46.5,3.819,-11.0,0,1,67258
2026-05-01T06:31:42,25.538084,-26.258680,33.7,12.80,79.6,10,2.0,47.3,3.815,-10.2,0,1,67259
2026-05-01T06:32:11,25.538630,-26.256994,28.5,12.43,73.2,11,1.8,46.5,3.819,-11.0,0,1,67260
2026-05-01T06:32:41,25.539045,-26.255192,32.6,12.23,79.7,11,1.3,46.5,3.810,-11.0,0,1,67261
2026-05-01T06:33:10,25.539509,-26.253460,29.5,11.66,75.0,9,2.0,46.1,3.810,-10.8,0,1,67262
2026-05-01T06:33:39,25.539951,-26.251717,30.9,13.97,77.3,9,2.2,45.7,3.816,-10.8,0,1,67263
2026-05-01T06:34:09,25.540407,-26.249950,29.5,12.22,74.0,10,2.0,46.5,3.813,-11.0,0,1,67264
2026-05-01T06:34:38,25.540831,-26.248215,29.3,12.16,77.0,10,2.0,45.3,3.813,-11.0,0,1,67265
2026-05-01T06:35:08,25.541382,-26.246412,24.6,14.14,66.2,10,2.0,46.1,3.809,-10.8,0,1,67266
2026-05-01T06:35:37,25.541777,-26.244635,25.6,12.00,63.6,9,2.1,46.1,3.813,-10.8,0,1,67267
2026-05-01T06:36:07,25.542278,-26.242870,32.9,12.59,62.2,10,1.9,45.3,3.819,-11.0,0,1,67268
2026-05-01T06:36:36,25.542629,-26.241133,27.5,12.56,75.7,9,2.1,45.7,3.813,-10.8,0,1,67269
2026-05-01T06:37:06,25.543087,-26.239342,27.4,13.29,69.7,11,1.3,45.7,3.816,-10.8,0,1,67270
2026-05-01T06:37:35,25.543447,-26.237576,24.4,12.08,86.5,10,1.9,45.3,3.818,-11.0,0,1,67271
2026-05-01T06:38:04,25.543825,-26.235828,23.4,11.87,72.1,9,2.1,46.1,3.815,-10.8,0,1,67272
2026-05-01T06:38:34,25.544270,-26.234032,25.7,11.94,75.1,10,1.9,45.7,3.810,-10.8,0,1,67273
2026-05-01T06:39:03,25.544640,-26.232300,24.5,11.75,69.7,9,2.1,45.7,3.818,-10.8,0,1,67274
2026-05-01T06:39:33,25.545200,-26.230509,26.0,13.00,72.1,9,2.1,46.5,3.811,-11.0,0,1,67275
2026-05-01T06:40:02,25.545572,-26.228756,17.6,11.73,67.6,9,2.1,44.9,3.811,-10.8,0,1,67276
2026-05-01T06:40:32,25.545967,-26.226946,10.1,12.79,64.2,9,2.1,46.1,3.816,-10.8,0,1,67277
2026-05-01T06:41:01,25.546385,-26.225237,15.3,12.43,70.2,10,1.9,45.3,3.816,-11.0,0,1,67278
2026-05-01T06:41:31,25.546858,-26.223410,22.1,13.34,73.7,10,1.9,45.7,3.816,-10.8,0,1,67279
2026-05-01T06:42:00,25.547415,-26.221741,18.7,12.55,77.2,9,2.1,44.5,3.816,-10.8,0,1,67280
2026-05-01T06:42:29,25.548038,-26.220106,17.8,12.06,70.1,9,2.1,46.1,3.810,-10.8,0,1,67281
2026-05-01T06:42:59,25.548534,-26.218285,18.0,12.55,71.4,9,2.1,46.1,3.811,-10.8,0,1,67282
2026-05-01T06:43:28,25.548935,-26.216557,18.8,12.48,82.9,9,2.1,45.3,3.811,-11.0,0,1,67283
2026-05-01T06:43:58,25.549374,-26.214706,26.2,12.33,76.4,9,2.1,45.3,3.816,-11.0,0,1,67284
2026-05-01T06:44:27,25.549772,-26.212959,20.4,11.99,80.6,11,1.7,44.9,3.818,-10.8,0,1,67285
2026-05-01T06:44:57,25.550348,-26.211151,16.8,13.46,67.3,9,2.1,45.3,3.810,-11.0,0,1,67286
2026-05-01T06:45:26,25.550653,-26.209389,23.0,12.39,70.2,11,1.7,44.9,3.814,-10.8,0,1,67287
2026-05-01T06:45:56,25.551155,-26.207567,22.4,13.38,64.9,9,2.1,45.3,3.810,-11.0,0,1,67288
2026-05-01T06:46:25,25.551521,-26.205765,19.3,13.24,78.2,10,1.9,44.5,3.813,-10.8,0,1,67289
2026-05-01T06:46:54,25.551880,-26.203991,14.6,12.30,77.7,11,1.7,44.5,3.813,-10.8,0,1,67290
2026-05-01T06:47:24,25.552286,-26.202147,2.8,11.72,83.9,10,1.9,44.9,3.816,-10.8,0,1,67291
2026-05-01T06:47:53,25.552641,-26.200396,3.1,12.21,72.6,10,1.9,44.5,3.809,-10.8,0,1,67292
2026-05-01T06:48:23,25.553158,-26.198626,9.6,12.14,80.2,10,1.9,44.5,3.805,-10.8,0,1,67293
2026-05-01T06:48:52,25.553558,-26.196863,9.9,11.42,68.3,10,2.0,44.5,3.814,-10.8,0,1,67294
2026-05-01T06:49:22,25.553961,-26.195026,11.1,12.51,87.5,11,1.7,44.5,3.813,-10.8,0,1,67295
2026-05-01T06:49:51,25.554348,-26.193333,18.3,11.78,76.3,11,1.7,44.1,3.809,-11.0,0,1,67296
2026-05-01T06:50:21,25.554712,-26.191532,23.3,11.81,86.3,11,1.7,44.1,3.813,-11.0,0,1,67297
2026-05-01T06:50:50,25.555145,-26.189831,25.2,13.75,87.4,10,1.9,45.3,3.807,-11.0,0,1,67298
2026-05-01T06:51:19,25.555693,-26.188023,13.9,12.32,79.9,11,1.7,44.1,3.806,-11.0,0,1,67299
2026-05-01T06:51:49,25.556164,-26.186209,11.0,12.72,66.8,11,1.7,44.9,3.810,-10.8,0,1,67300
2026-05-01T06:52:18,25.556524,-26.184458,11.0,12.26,78.7,11,1.7,44.5,3.814,-10.8,0,1,67301
2026-05-01T06:52:48,25.557213,-26.182760,20.7,12.58,78.9,11,1.7,44.5,3.807,-10.8,0,1,67302
2026-05-01T06:53:17,25.557844,-26.181036,29.6,11.32,66.3,10,1.7,44.1,3.801,-11.0,0,1,67303
2026-05-01T06:53:47,25.558165,-26.179157,20.1,15.08,77.7,11,1.7,44.5,3.801,-10.8,0,1,67304
2026-05-01T06:54:16,25.558695,-26.177570,18.9,11.90,66.2,11,1.6,43.2,3.813,-11.0,0,1,67305
2026-05-01T06:54:46,25.559044,-26.175682,21.2,11.88,75.4,11,1.6,44.9,3.805,-10.8,0,1,67306
2026-05-01T06:55:15,25.559490,-26.173985,25.2,12.35,74.3,10,1.9,44.1,3.806,-11.0,0,1,67307
2026-05-01T06:55:44,25.559893,-26.172209,11.7,11.98,71.9,11,1.6,44.1,3.811,-11.0,0,1,67308
2026-05-01T06:56:14,25.560366,-26.170424,12.2,12.13,74.0,11,1.6,44.1,3.813,-11.0,0,1,67309
2026-05-01T06:56:43,25.560644,-26.168716,13.6,12.30,73.3,11,1.6,44.5,3.813,-10.8,0,1,67310
2026-05-01T06:57:13,25.561232,-26.166924,14.3,11.55,78.4,10,1.6,43.6,3.807,-10.8,0,1,67311
2026-05-01T06:57:42,25.561825,-26.165199,18.4,12.50,72.2,10,1.9,43.6,3.813,-10.8,0,1,67312
2026-05-01T06:58:12,25.562269,-26.163353,19.6,12.22,72.1,12,1.5,43.6,3.797,-10.8,0,1,67313
2026-05-01T06:58:41,25.562592,-26.161604,19.2,13.47,76.3,11,1.7,42.4,3.806,-10.8,0,1,67314
2026-05-01T06:59:11,25.563095,-26.159822,20.5,12.04,77.4,11,1.7,43.6,3.810,-10.8,0,1,67315
2026-05-01T06:59:40,25.563452,-26.158070,22.6,13.19,84.2,12,1.5,43.6,3.811,-10.8,0,1,67316
2026-05-01T07:00:09,25.563797,-26.156263,4.9,12.50,67.4,12,1.5,44.5,3.810,-10.8,0,1,67317
2026-05-01T07:00:39,25.564112,-26.154486,0.9,12.05,66.4,12,1.5,43.6,3.813,-10.8,0,1,67318
2026-05-01T07:01:08,25.564711,-26.152781,8.6,11.92,75.1,11,1.7,43.2,3.805,-11.0,0,1,67319
2026-05-01T07:01:38,25.565248,-26.150991,10.2,12.05,74.6,11,1.6,43.2,3.805,-11.0,0,1,67320
2026-05-01T07:02:07,25.565653,-26.149244,10.2,12.25,80.7,12,1.5,42.4,3.803,-10.8,0,1,67321
2026-05-01T07:02:37,25.565977,-26.147400,8.2,11.62,77.0,10,1.8,43.2,3.801,-11.0,0,1,67322
2026-05-01T07:03:06,25.566465,-26.145697,11.1,12.51,80.7,10,1.7,44.1,3.805,-11.0,0,1,67323
2026-05-01T07:03:36,25.566978,-26.143883,13.1,12.28,72.4,11,1.6,43.2,3.810,-11.0,0,1,67324
2026-05-01T07:04:05,25.567434,-26.142183,22.5,11.99,78.8,10,2.2,43.6,3.805,-10.8,0,1,67325
2026-05-01T07:04:34,25.567881,-26.140425,23.7,11.80,71.9,11,1.6,42.4,3.809,-10.8,0,1,67326
2026-05-01T07:05:04,25.568289,-26.138597,15.0,11.52,71.9,10,1.7,44.1,3.810,-11.0,0,1,67327
2026-05-01T07:05:33,25.568832,-26.136818,22.2,12.52,76.1,11,1.5,42.8,3.801,-10.8,0,1,67328
2026-05-01T07:06:03,25.569220,-26.134945,12.4,13.30,71.2,9,1.7,44.5,3.804,-10.8,0,1,67329
2026-05-01T07:06:32,25.569584,-26.133209,10.5,12.37,72.2,9,2.3,42.8,3.803,-10.8,0,1,67330
2026-05-01T07:07:02,25.570118,-26.131433,6.8,12.13,73.5,10,1.7,43.6,3.804,-10.8,0,1,67331
2026-05-01T07:07:31,25.570576,-26.129694,8.2,12.19,76.2,10,1.7,42.8,3.800,-10.8,0,1,67332
2026-05-01T07:08:01,25.570957,-26.127825,-13.9,11.33,83.3,10,1.7,42.4,3.809,-10.8,0,1,67333
2026-05-01T07:08:30,25.571476,-26.126078,-6.5,11.79,77.8,11,1.5,42.4,3.809,-10.8,0,1,67334
2026-05-01T07:08:59,25.571808,-26.124296,0.2,12.43,71.1,10,1.6,43.2,3.800,-11.0,0,1,67335
2026-05-01T07:09:29,25.572371,-26.122473,-5.9,12.04,79.0,9,1.7,43.2,3.806,-11.0,0,1,67336
2026-05-01T07:09:58,25.572765,-26.120777,9.4,12.46,67.8,9,2.3,42.8,3.807,-10.8,0,1,67337
2026-05-01T07:10:28,25.573124,-26.118919,6.3,12.60,77.3,10,1.6,42.4,3.799,-10.8,0,1,67338
2026-05-01T07:10:57,25.573603,-26.117201,4.0,11.86,74.4,10,1.6,42.4,3.809,-10.8,0,1,67339
2026-05-01T07:11:27,25.574120,-26.115412,12.3,12.35,74.7,9,1.6,42.8,3.804,-10.8,0,1,67340
2026-05-01T07:11:56,25.574474,-26.113630,9.6,11.91,72.2,10,1.6,42.0,3.807,-11.0,0,1,67341
2026-05-01T07:12:26,25.574852,-26.111763,7.9,12.34,80.4,10,1.6,42.4,3.800,-10.8,0,1,67342
2026-05-01T07:12:55,25.575352,-26.110033,11.6,12.99,77.7,10,1.6,42.0,3.801,-11.0,0,1,67343
2026-05-01T07:13:24,25.575779,-26.108295,16.5,12.39,77.1,9,2.2,42.4,3.801,-10.8,0,1,67344
2026-05-01T07:13:54,25.576176,-26.106443,12.7,12.39,84.2,10,1.5,42.4,3.803,-10.8,0,1,67345
2026-05-01T07:14:23,25.576662,-26.104689,16.3,12.34,72.5,10,1.5,41.6,3.806,-10.8,0,1,67346
2026-05-01T07:14:53,25.577124,-26.102863,15.8,12.77,75.9,10,1.5,42.8,3.800,-10.8,0,1,67347
2026-05-01T07:15:22,25.577597,-26.101128,21.9,12.37,70.6,10,1.9,42.4,3.801,-10.8,0,1,67348
2026-05-01T07:15:52,25.578079,-26.099289,25.8,12.28,70.6,10,1.9,42.0,3.795,-11.0,0,1,67349
2026-05-01T07:16:21,25.578527,-26.097540,19.7,11.92,75.3,11,1.4,42.4,3.796,-10.8,0,1,67350
2026-05-01T07:16:51,25.578953,-26.095715,19.0,13.54,82.5,10,1.9,41.2,3.797,-10.8,0,1,67351
2026-05-01T07:17:20,25.579420,-26.093956,24.6,11.66,69.8,10,1.5,42.4,3.807,-10.8,0,1,67352
2026-05-01T07:17:49,25.579836,-26.092148,21.1,12.40,75.5,10,1.9,42.0,3.799,-11.0,0,1,67353
2026-05-01T07:18:19,25.580387,-26.090389,33.1,13.03,72.8,11,1.4,42.4,3.803,-10.8,0,1,67354
2026-05-01T07:18:48,25.580740,-26.088579,29.8,11.53,72.8,11,1.4,41.2,3.800,-10.8,0,1,67355
2026-05-01T07:19:18,25.581120,-26.086786,29.0,11.87,75.1,11,1.4,41.2,3.801,-10.8,0,1,67356
2026-05-01T07:19:47,25.581654,-26.085039,32.9,13.26,72.9,11,1.4,41.6,3.799,-10.8,0,1,67357
2026-05-01T07:20:17,25.582056,-26.083204,27.5,11.92,80.6,9,1.8,42.0,3.796,-11.0,0,1,67358
2026-05-01T07:20:46,25.582520,-26.081457,21.5,12.94,75.2,11,1.4,41.6,3.805,-10.8,0,1,67359
2026-05-01T07:21:16,25.583008,-26.079615,14.3,12.37,71.8,11,1.4,42.0,3.797,-11.0,0,1,67360
2026-05-01T07:21:45,25.583284,-26.077833,16.1,11.62,70.4,11,1.4,41.2,3.801,-10.8,0,1,67361
2026-05-01T07:22:14,25.583736,-26.076057,14.2,12.40,72.7,11,1.3,41.6,3.797,-10.8,0,1,67362
2026-05-01T07:22:44,25.584146,-26.074238,11.2,12.46,61.2,11,1.3,41.6,3.800,-10.8,0,1,67363
2026-05-01T07:23:13,25.584600,-26.072395,16.6,12.19,75.4,10,1.4,41.6,3.796,-10.8,0,1,67364
2026-05-01T07:23:43,25.584919,-26.070591,12.6,12.14,74.7,8,2.0,41.2,3.797,-10.8,0,1,67365
2026-05-01T07:24:12,25.585569,-26.068916,26.0,12.71,75.3,10,1.3,41.2,3.803,-10.8,0,1,67366
2026-05-01T07:24:42,25.586086,-26.067156,32.2,11.95,69.1,11,1.3,42.0,3.804,-11.0,0,1,67367
2026-05-01T07:25:11,25.586508,-26.065336,31.7,12.03,69.7,11,1.3,41.2,3.804,-10.8,0,1,67368
2026-05-01T07:25:41,25.586876,-26.063448,16.9,13.22,75.8,10,1.7,41.6,3.797,-10.8,0,1,67369
2026-05-01T07:26:10,25.587328,-26.061607,11.0,13.05,74.7,10,1.3,40.8,3.799,-9.8,0,1,67370
2026-05-01T07:26:39,25.587763,-26.059853,7.5,12.25,80.0,10,1.3,42.0,3.803,-11.0,0,1,67371
2026-05-01T07:27:09,25.588184,-26.057983,5.1,12.72,79.3,11,1.3,41.6,3.799,-10.8,0,1,67372
2026-05-01T07:27:38,25.588673,-26.056227,9.5,12.98,70.7,10,1.3,41.2,3.799,-10.8,0,1,67373
2026-05-01T07:28:08,25.589025,-26.054346,6.2,12.02,75.2,10,1.3,40.8,3.806,-9.8,0,1,67374
2026-05-01T07:28:37,25.589487,-26.052603,3.0,12.68,74.7,10,1.6,40.8,3.794,-9.8,0,1,67375
2026-05-01T07:29:07,25.589972,-26.050747,4.2,12.24,72.3,10,1.3,40.8,3.797,-9.8,0,1,67376
2026-05-01T07:29:36,25.590376,-26.048946,11.2,12.62,74.3,10,1.6,41.2,3.797,-10.8,0,1,67377
2026-05-01T07:30:06,25.590815,-26.047092,16.3,11.96,75.7,8,1.9,40.8,3.797,-9.8,0,1,67378
2026-05-01T07:30:35,25.591269,-26.045311,11.5,12.64,67.2,10,1.3,40.8,3.796,-9.8,0,1,67379
2026-05-01T07:31:04,25.591709,-26.043550,9.4,12.70,76.1,10,1.3,40.5,3.801,-9.6,0,1,67380
2026-05-01T07:31:34,25.592117,-26.041712,3.7,11.78,71.2,10,1.3,41.6,3.803,-10.8,0,1,67381
2026-05-01T07:32:03,25.592514,-26.039923,5.7,11.68,74.4,9,1.8,40.8,3.796,-9.8,0,1,67382
2026-05-01T07:32:33,25.592934,-26.038086,4.4,12.76,76.8,10,1.3,40.8,3.794,-9.8,0,1,67383
2026-05-01T07:33:02,25.593410,-26.036325,4.7,12.13,80.2,9,1.8,40.5,3.794,-9.6,0,1,67384
2026-05-01T07:33:32,25.593943,-26.034500,2.9,12.18,77.2,10,1.5,40.8,3.801,-9.8,0,1,67385
2026-05-01T07:34:01,25.594316,-26.032682,3.9,12.42,70.9,9,2.1,40.5,3.803,-9.6,0,1,67386
2026-05-01T07:34:31,25.594879,-26.030867,1.8,11.66,72.1,9,1.7,40.5,3.800,-9.6,0,1,67387
2026-05-01T07:35:00,25.595362,-26.029116,9.9,12.44,78.2,11,1.2,40.1,3.799,-9.6,0,1,67388
2026-05-01T07:35:29,25.595892,-26.027353,7.4,11.84,76.8,8,2.4,41.2,3.794,-10.8,0,1,67389
2026-05-01T07:35:59,25.596210,-26.025526,7.1,12.95,82.3,9,1.3,41.2,3.801,-10.8,0,1,67390
2026-05-01T07:36:28,25.596695,-26.023737,1.8,12.64,86.8,9,1.7,40.5,3.803,-9.6,0,1,67391
2026-05-01T07:36:58,25.597174,-26.021944,4.0,10.96,80.5,9,1.7,40.5,3.801,-9.6,0,1,67392
2026-05-01T07:37:27,25.597651,-26.020144,6.1,12.23,74.2,10,1.5,40.5,3.790,-9.6,0,1,67393
2026-05-01T07:37:57,25.598082,-26.018307,8.9,12.18,73.4,9,1.7,40.1,3.797,-9.6,0,1,67394
2026-05-01T07:38:26,25.598524,-26.016508,15.2,12.53,79.6,10,1.5,40.1,3.796,-9.6,0,1,67395
2026-05-01T07:38:56,25.599001,-26.014685,6.2,12.58,67.6,10,1.4,40.1,3.803,-9.6,0,1,67396
2026-05-01T07:39:25,25.599421,-26.012917,12.8,12.82,64.2,9,1.7,40.1,3.791,-9.6,0,1,67397
2026-05-01T07:39:54,25.599861,-26.011127,14.6,11.79,73.9,10,1.4,40.5,3.801,-9.6,0,1,67398
2026-05-01T07:40:24,25.600285,-26.009287,16.6,12.16,84.8,11,1.1,40.1,3.801,-9.6,0,1,67399
2026-05-01T07:40:53,25.600695,-26.007557,17.1,12.30,74.2,11,1.4,40.1,3.794,-9.6,0,1,67400
2026-05-01T07:41:23,25.601154,-26.005699,16.3,12.23,80.8,10,1.4,40.1,3.795,-9.6,0,1,67401
2026-05-01T07:41:52,25.601583,-26.003901,14.0,12.47,75.6,11,1.1,40.1,3.799,-9.6,0,1,67402
2026-05-01T07:42:22,25.602011,-26.002039,12.2,12.21,82.7,10,1.4,40.8,3.790,-9.8,0,1,67403
2026-05-01T07:42:51,25.602409,-26.000307,9.8,11.80,77.5,10,1.4,39.7,3.791,-9.6,0,1,67404
2026-05-01T07:43:21,25.602970,-25.998484,6.4,12.51,64.4,8,1.7,40.5,3.794,-9.6,0,1,67405
2026-05-01T07:43:50,25.603392,-25.996717,6.8,11.91,83.6,9,1.2,39.7,3.799,-9.6,0,1,67406
2026-05-01T07:44:19,25.603788,-25.994909,5.2,11.73,68.1,9,1.6,39.4,3.799,-9.6,0,1,67407
2026-05-01T07:44:49,25.604271,-25.993135,-3.8,12.35,69.4,10,1.1,40.1,3.797,-9.6,0,1,67408
2026-05-01T07:45:18,25.604698,-25.991310,-2.7,11.95,70.6,9,1.2,39.7,3.797,-9.6,0,1,67409
2026-05-01T07:45:48,25.605154,-25.989462,-3.1,11.98,78.6,9,1.4,40.1,3.791,-9.6,0,1,67410
2026-05-01T07:46:17,25.605522,-25.987650,-4.9,11.90,82.2,9,1.4,39.7,3.787,-9.6,0,1,67411
2026-05-01T07:46:47,25.606041,-25.985901,0.9,11.97,77.5,7,2.0,40.1,3.795,-9.6,0,1,67412
2026-05-01T07:47:16,25.606537,-25.984110,-9.7,11.79,70.9,10,1.3,39.7,3.799,-9.6,0,1,67413
2026-05-01T07:47:46,25.606951,-25.982210,-4.4,12.08,82.7,9,1.5,39.4,3.799,-9.6,0,1,67414
2026-05-01T07:48:15,25.607487,-25.980465,-8.2,12.20,73.0,9,1.5,39.4,3.794,-9.6,0,1,67415
2026-05-01T07:48:44,25.607925,-25.978626,-7.1,12.41,74.5,10,1.3,39.7,3.797,-9.6,0,1,67416
2026-05-01T07:49:14,25.608381,-25.976788,-9.3,12.33,72.7,9,1.5,40.1,3.797,-9.6,0,1,67417
2026-05-01T07:49:43,25.608797,-25.974997,-10.3,12.24,77.3,9,1.5,39.7,3.797,-9.6,0,1,67418
2026-05-01T07:50:13,25.609303,-25.973125,-5.4,12.93,67.6,10,1.3,39.4,3.799,-9.6,0,1,67419
2026-05-01T07:50:42,25.609762,-25.971334,-4.0,12.74,79.7,9,1.5,39.0,3.790,-9.6,0,1,67420
2026-05-01T07:51:12,25.610226,-25.969482,-6.3,12.70,73.0,10,1.3,39.7,3.791,-9.6,0,1,67421
2026-05-01T07:51:41,25.610641,-25.967674,-7.0,12.13,74.7,9,1.5,39.0,3.789,-9.6,0,1,67422
2026-05-01T07:52:11,25.611134,-25.965775,-5.2,12.59,74.1,9,1.5,39.7,3.793,-9.6,0,1,67423
2026-05-01T07:52:40,25.611458,-25.963987,-11.2,12.48,78.9,9,1.5,39.4,3.797,-9.6,0,1,67424
2026-05-01T07:53:09,25.611895,-25.962198,-15.8,11.92,75.3,9,1.5,39.4,3.797,-9.6,0,1,67425
2026-05-01T07:53:39,25.612391,-25.960361,-4.6,12.26,75.5,9,1.4,39.7,3.797,-9.6,0,1,67426
2026-05-01T07:54:08,25.612806,-25.958590,-5.5,12.12,70.2,8,2.0,39.0,3.784,-9.6,0,1,67427
2026-05-01T07:54:38,25.613255,-25.956743,-5.5,12.34,70.2,9,1.4,39.0,3.797,-9.6,0,1,67428
2026-05-01T07:55:07,25.613716,-25.955042,-5.1,12.31,73.3,9,1.4,39.0,3.796,-9.6,0,1,67429
2026-05-01T07:55:37,25.614111,-25.953148,-2.0,12.40,82.8,9,1.4,39.4,3.797,-9.6,0,1,67430
2026-05-01T07:56:06,25.614609,-25.951351,-0.5,12.48,67.5,9,1.4,39.0,3.799,-9.6,0,1,67431
2026-05-01T07:56:36,25.614897,-25.949469,-9.3,12.69,82.4,9,1.4,39.0,3.786,-9.6,0,1,67432
2026-05-01T07:57:05,25.615402,-25.947763,-3.6,11.37,77.2,9,1.4,38.7,3.795,-9.6,0,1,67433
2026-05-01T07:57:34,25.615915,-25.946012,-4.5,12.87,62.7,9,1.4,39.7,3.797,-9.6,0,1,67434
2026-05-01T07:58:04,25.616455,-25.944237,-0.8,11.59,77.1,8,1.9,39.7,3.796,-9.6,0,1,67435
2026-05-01T07:58:33,25.616865,-25.942394,2.7,12.34,74.2,9,1.4,39.4,3.796,-9.6,0,1,67436
2026-05-01T07:59:03,25.617357,-25.940571,-3.4,11.98,69.3,9,1.4,39.4,3.786,-9.6,0,1,67437
2026-05-01T07:59:32,25.617722,-25.938787,5.1,10.90,77.1,9,1.4,39.0,3.789,-9.6,0,1,67438
2026-05-01T08:00:02,25.618130,-25.936949,4.3,13.07,67.4,9,1.4,39.4,3.795,-9.6,0,1,67439
2026-05-01T08:00:31,25.618555,-25.935165,9.9,12.50,75.0,9,1.4,38.7,3.796,-9.6,0,1,67440
2026-05-01T08:01:01,25.619080,-25.933384,10.4,12.99,66.2,9,1.4,38.7,3.786,-9.6,0,1,67441
2026-05-01T08:01:30,25.619625,-25.931673,14.2,11.02,70.7,6,7.4,39.0,3.795,-9.6,0,1,67442
2026-05-01T08:01:59,25.619905,-25.929785,0.8,12.36,80.4,9,1.3,39.0,3.786,-9.6,0,1,67443
2026-05-01T08:02:29,25.620390,-25.928015,5.2,9.51,68.9,7,4.8,39.4,3.796,-9.6,0,1,67444
2026-05-01T08:02:58,25.620672,-25.926201,4.1,10.84,76.1,7,4.7,38.7,3.794,-9.6,0,1,67445
2026-05-01T08:03:28,25.621319,-25.924374,7.8,12.47,73.1,9,1.3,38.3,3.789,-9.6,0,1,67446
2026-05-01T08:03:57,25.621544,-25.922495,6.0,12.09,84.7,9,1.7,38.3,3.795,-9.6,0,1,67447
2026-05-01T08:04:27,25.622076,-25.920719,1.6,12.80,68.2,9,1.7,38.7,3.795,-9.6,0,1,67448
2026-05-01T08:04:56,25.622665,-25.918949,3.7,12.66,71.2,9,1.7,38.3,3.785,-9.6,0,1,67449
2026-05-01T08:05:26,25.623045,-25.917107,3.8,10.76,59.7,10,1.3,38.7,3.793,-9.6,0,1,67450
2026-05-01T08:05:55,25.623268,-25.915253,7.8,13.25,82.1,9,1.6,38.3,3.793,-9.6,0,1,67451
2026-05-01T08:06:24,25.623678,-25.913553,6.8,11.73,75.2,8,1.7,38.3,3.786,-9.6,0,1,67452
2026-05-01T08:06:54,25.624144,-25.911741,6.5,12.60,73.9,9,1.6,37.9,3.789,-9.8,0,1,67453
2026-05-01T08:07:23,25.624659,-25.909956,8.0,12.31,78.8,8,1.7,38.7,3.793,-9.6,0,1,67454
2026-05-01T08:07:53,25.625093,-25.908104,4.5,12.15,71.1,9,1.6,37.9,3.790,-9.8,0,1,67455
2026-05-01T08:08:22,25.625591,-25.906282,4.3,12.28,73.0,8,3.5,37.9,3.787,-9.8,0,1,67456
2026-05-01T08:08:52,25.626118,-25.904547,4.6,11.85,71.7,9,1.6,37.9,3.794,-9.8,0,1,67457
2026-05-01T08:09:21,25.626640,-25.902773,10.8,10.64,71.9,9,1.6,37.9,3.787,-9.8,0,1,67458
2026-05-01T08:09:51,25.627293,-25.901049,6.6,9.74,73.6,9,1.6,38.3,3.794,-9.6,0,1,67459
2026-05-01T08:10:20,25.627907,-25.899242,14.8,11.78,75.3,9,1.6,37.6,3.791,-9.6,0,1,67460
2026-05-01T08:10:49,25.628237,-25.897455,10.8,12.39,75.7,9,1.5,37.9,3.791,-9.8,0,1,67461
2026-05-01T08:11:19,25.628731,-25.895641,5.4,12.52,76.7,9,1.5,39.0,3.787,-9.6,0,1,67462
2026-05-01T08:11:48,25.629307,-25.893850,15.0,12.77,72.5,9,1.5,37.6,3.781,-9.6,0,1,67463
2026-05-01T08:12:18,25.629707,-25.892015,16.0,12.00,77.4,10,1.4,38.3,3.793,-9.6,0,1,67464
2026-05-01T08:12:47,25.630171,-25.890285,13.0,12.50,67.5,9,2.1,38.3,3.783,-9.6,0,1,67465
2026-05-01T08:13:17,25.630405,-25.888479,5.4,11.18,81.5,9,2.1,37.6,3.787,-9.6,0,1,67466
2026-05-01T08:13:46,25.630573,-25.886637,-2.2,12.32,78.9,9,2.1,37.2,3.783,-9.6,0,1,67467
2026-05-01T08:14:16,25.630720,-25.884706,-13.0,12.44,74.2,8,2.1,37.9,3.781,-9.8,0,1,67468
2026-05-01T08:14:45,25.631113,-25.883001,-6.2,12.62,72.9,8,2.1,37.9,3.783,-9.8,0,1,67469
2026-05-01T08:15:14,25.631628,-25.881250,-12.8,12.52,76.2,9,1.4,37.9,3.793,-9.8,0,1,67470
2026-05-01T08:15:44,25.632017,-25.879389,-12.9,11.30,72.5,8,2.1,37.9,3.786,-9.8,0,1,67471
2026-05-01T08:16:13,25.632444,-25.877539,-15.0,12.62,74.3,8,2.1,37.6,3.789,-9.6,0,1,67472
2026-05-01T08:16:43,25.632923,-25.875797,-16.5,11.69,77.1,8,2.1,37.9,3.784,-9.8,0,1,67473
2026-05-01T08:17:12,25.633333,-25.874043,-27.3,11.57,79.4,8,2.1,36.9,3.777,-9.6,0,1,67474
2026-05-01T08:17:42,25.633741,-25.872194,-22.4,11.92,72.3,9,1.4,37.9,3.786,-9.8,0,1,67475
2026-05-01T08:18:11,25.634132,-25.870424,-23.1,13.19,68.7,8,1.6,37.9,3.790,-9.8,0,1,67476
2026-05-01T08:18:41,25.634687,-25.868629,-31.1,12.52,77.8,10,1.3,38.3,3.787,-9.6,0,1,67477
2026-05-01T08:19:10,25.635162,-25.866840,-28.5,12.46,65.4,10,1.3,37.6,3.790,-9.6,0,1,67478
2026-05-01T08:19:39,25.635677,-25.865114,-28.5,11.58,69.6,10,1.3,37.6,3.784,-9.6,0,1,67479
2026-05-01T08:20:09,25.636080,-25.863306,-23.5,9.98,83.6,10,1.3,37.6,3.789,-9.6,0,1,67480
2026-05-01T08:20:38,25.636423,-25.861492,-28.5,12.67,77.0,9,1.6,37.6,3.784,-9.6,0,1,67481
2026-05-01T08:21:08,25.636900,-25.859638,-12.3,11.93,82.4,9,1.6,36.9,3.783,-9.6,0,1,67482
2026-05-01T08:21:37,25.637417,-25.857870,4.0,11.63,77.0,9,1.4,37.2,3.783,-9.6,0,1,67483
2026-05-01T08:22:06,25.637781,-25.856092,-0.2,12.61,78.5,10,1.3,37.6,3.786,-9.6,0,1,67484
2026-05-01T08:22:36,25.638325,-25.854282,-3.9,15.60,58.6,10,1.3,37.9,3.784,-9.8,0,1,67485
2026-05-01T08:23:05,25.638668,-25.852499,-4.3,11.89,73.5,10,1.3,36.9,3.783,-9.6,0,1,67486
2026-05-01T08:23:34,25.639023,-25.850679,-5.6,12.63,75.8,10,1.3,36.9,3.790,-9.6,0,1,67487
2026-05-01T08:24:04,25.639601,-25.848890,-9.6,13.96,75.4,9,1.6,37.6,3.790,-9.6,0,1,67488
2026-05-01T08:24:33,25.639948,-25.847116,-13.0,12.33,74.3,9,1.6,36.9,3.784,-9.6,0,1,67489
2026-05-01T08:25:03,25.640425,-25.845337,-10.3,12.43,74.2,10,1.3,37.2,3.783,-9.6,0,1,67490
2026-05-01T08:25:32,25.640934,-25.843578,-7.9,12.19,72.3,10,1.3,36.9,3.786,-9.6,0,1,67491
2026-05-01T08:26:02,25.641371,-25.841755,-12.2,14.79,62.8,9,1.4,37.2,3.781,-9.6,0,1,67492
2026-05-01T08:26:31,25.641878,-25.840034,-10.0,12.34,72.5,10,1.3,36.9,3.789,-9.6,0,1,67493
2026-05-01T08:27:01,25.642403,-25.838207,-2.0,11.78,70.0,9,1.7,38.3,3.785,-9.6,0,1,67494
2026-05-01T08:27:30,25.642830,-25.836485,-2.3,11.86,73.5,9,1.7,36.9,3.787,-9.6,0,1,67495
2026-05-01T08:27:59,25.643290,-25.834763,4.6,12.84,62.8,10,1.3,37.2,3.780,-9.6,0,1,67496
2026-05-01T08:28:29,25.643814,-25.832916,-2.5,11.85,69.3,9,1.7,36.9,3.785,-9.6,0,1,67497
2026-05-01T08:28:58,25.644196,-25.831097,-5.6,12.79,84.2,8,1.8,36.5,3.781,-9.6,0,1,67498
2026-05-01T08:29:28,25.644617,-25.829298,-7.3,12.32,77.5,8,1.8,36.1,3.780,-9.6,0,1,67499
2026-05-01T08:29:57,25.645077,-25.827530,-9.3,12.40,77.6,9,1.3,35.8,3.789,-9.6,0,1,67500
2026-05-01T08:30:27,25.645538,-25.825697,-6.7,11.72,63.8,8,1.8,36.5,3.790,-9.6,0,1,67501
2026-05-01T08:30:56,25.646025,-25.823956,-6.2,12.63,75.1,8,1.8,36.1,3.781,-9.6,0,1,67502
2026-05-01T08:31:26,25.646471,-25.822134,-11.3,12.60,80.7,9,1.3,36.1,3.786,-9.6,0,1,67503
2026-05-01T08:31:55,25.646894,-25.820370,-7.7,12.18,71.1,8,1.9,36.5,3.786,-9.6,0,1,67504
2026-05-01T08:32:24,25.647287,-25.818607,-6.2,11.77,74.8,9,1.3,36.9,3.779,-9.6,0,1,67505
2026-05-01T08:32:54,25.647884,-25.816824,-5.4,12.09,72.5,9,1.3,36.5,3.784,-9.6,0,1,67506
2026-05-01T08:33:23,25.648422,-25.815105,-3.3,12.25,71.9,8,1.9,36.5,3.787,-9.6,0,1,67507
2026-05-01T08:33:53,25.648802,-25.813286,-3.0,11.96,71.7,9,1.3,36.5,3.776,-9.6,0,1,67508
2026-05-01T08:34:22,25.649202,-25.811544,1.2,12.06,70.6,8,1.9,35.8,3.787,-9.6,0,1,67509
2026-05-01T08:34:52,25.649561,-25.809687,-0.9,12.17,73.7,9,1.3,36.9,3.779,-9.6,0,1,67510
2026-05-01T08:35:21,25.650040,-25.807995,2.2,12.47,69.7,8,1.9,35.8,3.787,-9.6,0,1,67511
2026-05-01T08:35:51,25.650469,-25.806170,2.1,12.22,66.6,9,1.3,36.5,3.777,-9.6,0,1,67512
2026-05-01T08:36:20,25.650841,-25.804344,-2.4,13.05,76.0,8,1.9,35.4,3.780,-9.6,0,1,67513
2026-05-01T08:36:49,25.651186,-25.802610,-0.8,12.07,80.1,8,1.9,36.5,3.785,-9.6,0,1,67514
2026-05-01T08:37:19,25.651619,-25.800838,6.3,11.82,79.7,8,1.9,36.1,3.785,-9.6,0,1,67515
2026-05-01T08:37:48,25.652061,-25.799109,8.8,12.11,82.7,8,1.9,36.1,3.787,-9.6,0,1,67516
2026-05-01T08:38:18,25.652519,-25.797300,6.4,12.35,69.9,9,1.3,35.8,3.777,-9.6,0,1,67517
2026-05-01T08:38:47,25.652960,-25.795567,7.5,12.01,74.9,8,1.9,35.8,3.786,-9.6,0,1,67518
2026-05-01T08:39:17,25.653395,-25.793762,8.4,12.26,72.1,9,1.3,36.1,3.780,-9.6,0,1,67519
2026-05-01T08:39:46,25.653803,-25.791986,8.2,12.42,76.3,8,1.9,36.5,3.780,-9.6,0,1,67520
2026-05-01T08:40:16,25.654308,-25.790195,12.6,12.44,71.7,8,1.9,35.8,3.777,-9.6,0,1,67521
2026-05-01T08:40:45,25.654604,-25.788387,9.1,11.79,70.1,8,1.9,35.4,3.784,-9.6,0,1,67522
2026-05-01T08:41:14,25.654978,-25.786686,5.6,12.04,77.0,8,1.9,35.8,3.779,-9.6,0,1,67523
2026-05-01T08:41:44,25.655350,-25.784937,10.3,12.07,71.9,8,1.9,36.1,3.780,-9.6,0,1,67524
2026-05-01T08:42:13,25.655712,-25.783144,2.3,13.17,75.3,8,1.9,35.4,3.777,-9.6,0,1,67525
2026-05-01T08:42:43,25.656107,-25.781242,-0.4,11.96,71.1,7,2.0,35.4,3.779,-9.6,0,1,67526
2026-05-01T08:43:12,25.656673,-25.779581,3.4,12.28,75.8,7,2.0,35.8,3.776,-9.6,0,1,67527
2026-05-01T08:43:42,25.657097,-25.777752,-0.4,12.28,73.4,7,2.0,35.4,3.775,-9.6,0,1,67528
2026-05-01T08:44:11,25.657536,-25.775999,-1.2,12.37,73.0,7,2.0,35.4,3.776,-9.6,0,1,67529
2026-05-01T08:44:41,25.657911,-25.774179,-5.0,12.21,75.7,7,2.0,35.8,3.777,-9.6,0,1,67530
2026-05-01T08:45:10,25.658342,-25.772429,-0.9,12.79,74.4,8,1.3,35.1,3.776,-9.8,0,1,67531
2026-05-01T08:45:39,25.658754,-25.770702,-1.1,11.70,76.4,7,2.0,35.1,3.774,-9.8,0,1,67532
2026-05-01T08:46:09,25.659227,-25.768906,-3.8,12.15,71.8,7,2.0,36.1,3.780,-9.6,0,1,67533
2026-05-01T08:46:38,25.659668,-25.767179,2.1,12.97,72.5,7,2.0,35.1,3.776,-9.8,0,1,67534
2026-05-01T08:47:08,25.660114,-25.765326,-7.1,13.27,78.2,6,2.2,36.1,3.779,-9.6,0,1,67535
2026-05-01T08:47:37,25.660641,-25.763538,-12.2,12.40,72.7,7,2.0,35.4,3.783,-9.6,0,1,67536
2026-05-01T08:48:07,25.661081,-25.761747,-13.6,12.39,74.2,7,2.0,35.4,3.775,-9.6,0,1,67537
2026-05-01T08:48:36,25.661512,-25.760010,-18.2,11.49,73.8,7,2.0,34.7,3.784,-9.6,0,1,67538
2026-05-01T08:49:06,25.661976,-25.758192,-16.2,12.91,73.8,8,1.3,35.4,3.779,-9.6,0,1,67539
2026-05-01T08:49:35,25.662397,-25.756445,-17.8,11.78,71.9,7,2.0,35.1,3.777,-9.8,0,1,67540
2026-05-01T08:50:04,25.662828,-25.754688,-21.8,12.41,74.9,7,2.0,35.4,3.781,-9.6,0,1,67541
2026-05-01T08:50:34,25.663265,-25.752869,-11.0,12.19,81.7,7,2.0,36.1,3.780,-9.6,0,1,67542
2026-05-01T08:51:03,25.663673,-25.751194,-8.5,12.21,72.6,7,2.0,34.7,3.776,923.7,0,1,67543
2026-05-01T08:51:33,25.664188,-25.749340,-7.6,12.76,71.3,7,1.9,35.1,3.771,-9.8,0,1,67544
2026-05-01T08:52:02,25.664604,-25.747602,-0.2,12.61,74.3,7,1.9,35.1,3.771,-9.8,0,1,67545
2026-05-01T08:52:32,25.665110,-25.745728,6.8,13.34,77.9,7,1.9,35.4,3.776,-9.6,0,1,67546
2026-05-01T08:53:01,25.665485,-25.744022,5.1,12.54,80.1,7,1.9,34.7,3.779,-9.6,0,1,67547
2026-05-01T08:53:31,25.666052,-25.742197,7.7,11.40,70.3,7,1.9,34.7,3.783,-9.6,0,1,67548
2026-05-01T08:54:00,25.666426,-25.740459,8.3,11.81,78.3,7,1.9,34.7,3.780,-9.6,0,1,67549
2026-05-01T08:54:29,25.666960,-25.738737,11.0,12.64,77.3,7,1.9,35.1,3.776,-9.8,0,1,67550
2026-05-01T08:54:59,25.667315,-25.736868,16.7,12.06,80.2,7,1.9,35.4,3.779,-9.6,0,1,67551
2026-05-01T08:55:28,25.667791,-25.735102,11.9,12.57,74.3,7,1.9,34.7,3.783,-9.6,0,1,67552
2026-05-01T08:55:58,25.668190,-25.733337,18.7,11.10,84.1,7,1.9,34.7,3.777,-9.6,0,1,67553
2026-05-01T08:56:27,25.668690,-25.731583,24.1,13.17,72.9,7,1.9,34.7,3.780,-9.6,0,1,67554
2026-05-01T08:56:57,25.669201,-25.729778,30.2,12.39,76.1,7,1.9,34.7,3.771,-9.6,0,1,67555
2026-05-01T08:57:26,25.669632,-25.728039,26.2,12.35,76.6,7,1.9,34.3,3.781,-11.4,0,1,67556
2026-05-01T08:57:56,25.670071,-25.726242,16.3,12.47,72.6,6,2.3,35.1,3.773,-9.8,0,1,67557
2026-05-01T08:58:25,25.670570,-25.724493,21.0,12.01,69.7,7,1.9,34.3,3.780,-11.4,0,1,67558
2026-05-01T08:58:54,25.671000,-25.722719,21.4,13.52,77.6,7,1.9,34.3,3.781,-11.4,0,1,67559
2026-05-01T08:59:24,25.671419,-25.720951,20.8,12.76,71.9,7,1.9,35.1,3.777,-9.8,0,1,67560
2026-05-01T08:59:53,25.671871,-25.719212,28.9,12.11,73.3,7,1.9,34.3,3.771,-11.4,0,1,67561
2026-05-01T09:00:23,25.672310,-25.717346,22.4,13.20,69.7,7,1.9,34.3,3.776,-11.4,0,1,67562
2026-05-01T09:00:52,25.672705,-25.715611,26.1,12.52,78.2,7,1.9,34.3,3.774,-11.4,0,1,67563
2026-05-01T09:01:22,25.673153,-25.713821,27.4,10.77,76.2,6,2.3,34.7,3.770,-9.6,0,1,67564
2026-05-01T09:01:51,25.673584,-25.712053,24.5,12.11,76.9,7,1.8,33.4,3.780,-11.4,0,1,67565
2026-05-01T09:02:21,25.674110,-25.710262,21.8,11.49,75.2,7,1.8,34.3,3.775,-11.4,0,1,67566
2026-05-01T09:02:50,25.674482,-25.708466,23.0,11.89,74.5,7,1.8,35.4,3.770,-9.6,0,1,67567
2026-05-01T09:03:19,25.674976,-25.706718,19.7,12.07,72.6,7,1.8,34.3,3.767,-11.4,0,1,67568
2026-05-01T09:03:49,25.675432,-25.704889,20.4,12.13,76.8,7,1.8,35.1,3.775,-9.8,0,1,67569
2026-05-01T09:04:18,25.675859,-25.703100,20.4,11.91,71.1,7,1.8,33.4,3.776,889.4,0,1,67570
2026-05-01T09:04:48,25.676195,-25.701263,17.6,12.09,74.2,7,1.8,34.7,3.773,-9.6,0,1,67571
2026-05-01T09:05:17,25.676689,-25.699501,20.8,12.30,71.6,7,1.8,34.3,3.780,-11.4,0,1,67572
2026-05-01T09:05:47,25.677155,-25.697636,26.5,12.55,83.2,8,1.7,34.3,3.780,-11.4,0,1,67573
2026-05-01T09:06:16,25.677605,-25.695908,25.2,11.93,74.2,7,1.8,34.3,3.773,-11.4,0,1,67574
2026-05-01T09:06:46,25.677969,-25.694023,26.4,12.58,77.8,8,1.7,33.8,3.773,-11.4,0,1,67575
2026-05-01T09:07:15,25.678415,-25.692245,21.8,12.58,74.1,8,1.7,34.3,3.770,-11.4,0,1,67576
2026-05-01T09:07:44,25.678835,-25.690443,24.0,12.35,71.7,7,1.8,33.8,3.774,-11.4,0,1,67577
2026-05-01T09:08:14,25.679268,-25.688667,18.2,12.28,72.0,8,1.6,34.3,3.774,-11.4,0,1,67578
2026-05-01T09:08:43,25.679733,-25.686844,16.7,12.22,68.7,8,1.6,33.0,3.780,-11.4,0,1,67579
2026-05-01T09:09:13,25.680183,-25.685028,12.2,12.98,74.3,8,1.6,34.7,3.773,-9.6,0,1,67580
2026-05-01T09:09:42,25.680586,-25.683216,15.0,13.35,73.2,8,1.6,33.4,3.770,-11.4,0,1,67581
2026-05-01T09:10:12,25.681017,-25.681423,14.5,11.81,71.6,8,1.6,34.3,3.771,-11.4,0,1,67582
2026-05-01T09:10:41,25.681473,-25.679661,12.3,12.67,75.1,8,1.6,33.4,3.775,-11.4,0,1,67583
2026-05-01T09:11:11,25.681942,-25.677839,12.0,12.43,70.2,7,1.7,33.4,3.773,-11.4,0,1,67584
2026-05-01T09:11:40,25.682411,-25.676071,16.2,13.42,76.3,8,1.6,33.0,3.777,-11.4,0,1,67585
2026-05-01T09:12:09,25.682871,-25.674313,16.5,12.36,77.3,8,1.6,33.4,3.776,-11.4,0,1,67586
2026-05-01T09:12:39,25.683340,-25.672417,17.7,12.64,78.4,8,1.6,33.8,3.774,-11.4,0,1,67587
2026-05-01T09:13:08,25.683777,-25.670626,20.2,12.75,72.4,8,1.6,33.0,3.777,-11.4,0,1,67588
2026-05-01T09:13:38,25.684175,-25.668795,25.2,12.57,70.2,7,1.6,33.4,3.769,-11.4,0,1,67589
2026-05-01T09:14:07,25.684660,-25.666998,23.8,12.33,71.2,8,1.6,33.0,3.777,-11.4,0,1,67590
2026-05-01T09:14:37,25.685156,-25.665157,21.0,12.21,66.9,8,1.6,33.4,3.775,-11.4,0,1,67591
2026-05-01T09:15:06,25.685623,-25.663313,27.6,12.78,76.2,8,1.6,32.6,3.776,-11.4,0,1,67592
2026-05-01T09:15:36,25.685965,-25.661524,23.8,12.53,67.5,8,1.6,33.4,3.771,-11.4,0,1,67593
2026-05-01T09:16:05,25.686378,-25.659712,23.5,12.68,76.0,8,1.6,33.0,3.777,-11.4,0,1,67594
2026-05-01T09:16:34,25.686836,-25.657969,31.7,12.15,65.4,8,1.6,33.8,3.776,-11.4,0,1,67595
2026-05-01T09:17:04,25.687311,-25.656128,42.5,12.01,75.1,8,1.5,33.4,3.773,-11.4,0,1,67596
2026-05-01T09:17:33,25.687689,-25.654329,45.5,12.36,82.0,8,1.5,33.4,3.769,-11.4,0,1,67597
2026-05-01T09:18:03,25.688181,-25.652554,50.1,11.45,84.4,8,1.5,32.1,3.767,-11.4,0,1,67598
2026-05-01T09:18:32,25.688564,-25.650787,54.1,11.99,84.8,8,1.5,33.4,3.775,-11.4,0,1,67599
2026-05-01T09:19:02,25.689178,-25.649080,51.4,12.49,52.7,8,1.5,32.6,3.775,-11.4,0,1,67600
2026-05-01T09:19:31,25.689461,-25.647236,46.4,11.57,66.3,8,1.5,33.0,3.770,-11.4,0,1,67601
2026-05-01T09:20:01,25.689978,-25.645428,49.5,12.52,71.9,8,1.5,33.4,3.776,-11.4,0,1,67602
2026-05-01T09:20:30,25.690466,-25.643679,48.7,11.30,73.7,8,1.5,32.6,3.776,-11.4,0,1,67603
2026-05-01T09:20:59,25.690773,-25.641884,45.8,12.43,75.3,7,1.7,33.4,3.769,-11.4,0,1,67604
2026-05-01T09:21:29,25.691296,-25.640038,38.7,12.80,81.0,7,1.7,33.0,3.771,-11.4,0,1,67605
2026-05-01T09:21:58,25.691700,-25.638256,40.1,10.81,73.2,8,1.5,32.1,3.775,-11.4,0,1,67606
2026-05-01T09:22:28,25.692188,-25.636440,38.4,11.96,80.7,8,1.5,33.4,3.770,-11.4,0,1,67607
2026-05-01T09:22:57,25.692554,-25.634624,37.6,12.07,75.4,8,1.5,31.7,3.774,-11.4,0,1,67608
2026-05-01T09:23:27,25.693110,-25.632839,37.1,12.88,72.0,8,1.5,32.1,3.766,-11.4,0,1,67609
2026-05-01T09:23:56,25.693567,-25.631062,33.9,12.14,74.6,7,1.7,32.6,3.776,-11.4,0,1,67610
2026-05-01T09:24:26,25.693956,-25.629168,34.2,12.78,75.4,8,1.5,33.0,3.769,-11.4,0,1,67611
2026-05-01T09:24:55,25.694408,-25.627432,25.4,12.57,71.0,6,1.9,31.7,3.774,-11.4,0,1,67612
2026-05-01T09:25:24,25.694746,-25.625610,15.2,12.19,73.3,7,1.7,33.4,3.767,-11.4,0,1,67613
2026-05-01T09:25:54,25.695330,-25.623873,17.4,11.24,65.3,7,1.7,33.0,3.774,-11.4,0,1,67614
2026-05-01T09:26:23,25.695679,-25.622032,3.2,12.27,67.6,8,1.4,32.1,3.771,-11.4,0,1,67615
2026-05-01T09:26:53,25.696157,-25.620245,-1.5,11.53,80.5,8,1.4,31.7,3.773,-11.4,0,1,67616
2026-05-01T09:27:22,25.696665,-25.618456,-0.2,12.49,81.5,8,1.4,32.1,3.764,-11.4,0,1,67617
2026-05-01T09:27:52,25.697062,-25.616613,-6.0,12.07,66.9,7,1.6,31.7,3.773,-11.4,0,1,67618
2026-05-01T09:28:21,25.697449,-25.614796,-9.0,11.76,73.7,7,1.6,32.1,3.765,-11.4,0,1,67619
2026-05-01T09:28:51,25.697897,-25.612951,-7.3,12.81,82.0,7,2.2,31.7,3.773,-11.4,0,1,67620
2026-05-01T09:29:20,25.698429,-25.611174,-9.8,12.95,65.6,8,1.5,32.1,3.771,-11.4,0,1,67621
2026-05-01T09:29:49,25.698944,-25.609480,-12.5,12.30,73.3,7,2.2,32.1,3.766,-11.4,0,1,67622
2026-05-01T09:30:19,25.699326,-25.607582,-12.4,12.63,76.1,9,1.3,32.6,3.767,-11.4,0,1,67623
2026-05-01T09:30:48,25.699743,-25.605774,-13.4,12.05,71.0,6,2.4,31.7,3.774,-11.4,0,1,67624
2026-05-01T09:31:18,25.700064,-25.603848,-15.9,12.25,76.1,8,1.4,32.1,3.774,-11.4,0,1,67625
2026-05-01T09:31:47,25.700451,-25.602081,-15.6,12.23,82.4,6,2.4,31.3,3.773,-11.4,0,1,67626
2026-05-01T09:32:17,25.700937,-25.600285,-11.3,12.28,75.3,7,2.3,31.7,3.769,-11.4,0,1,67627
2026-05-01T09:32:46,25.701262,-25.598398,-6.0,12.69,80.0,6,2.5,32.6,3.763,-11.4,0,1,67628
2026-05-01T09:33:16,25.701918,-25.596649,1.2,12.51,71.0,7,1.7,31.3,3.766,-11.4,0,1,67629
2026-05-01T09:33:45,25.702234,-25.594852,5.8,12.19,76.9,7,1.6,32.6,3.767,-11.4,0,1,67630
2026-05-01T09:34:14,25.702805,-25.593140,5.2,12.89,75.9,7,2.3,33.0,3.771,-11.4,0,1,67631
2026-05-01T09:34:44,25.703327,-25.591293,6.7,12.15,79.8,7,1.7,31.7,3.767,-11.4,0,1,67632
2026-05-01T09:35:13,25.703663,-25.589491,12.0,11.80,75.7,7,1.7,31.3,3.766,-11.4,0,1,67633
2026-05-01T09:35:43,25.704163,-25.587690,18.2,12.75,70.2,9,1.3,31.7,3.771,-11.4,0,1,67634
2026-05-01T09:36:12,25.704723,-25.585999,17.0,12.82,66.6,6,1.8,31.7,3.763,-11.4,0,1,67635
2026-05-01T09:36:42,25.705006,-25.584105,19.2,13.75,91.9,7,2.3,31.7,3.767,-11.4,0,1,67636
2026-05-01T09:37:11,25.705450,-25.582380,22.6,12.25,73.2,6,2.7,30.8,3.773,-11.4,0,1,67637
2026-05-01T09:37:41,25.705591,-25.580362,33.1,11.98,82.2,6,2.7,32.1,3.765,-11.4,0,1,67638
2026-05-01T09:38:10,25.705923,-25.578600,36.3,11.68,71.2,6,2.7,31.3,3.770,-11.4,0,1,67639
2026-05-01T09:38:39,25.706385,-25.576824,42.5,12.00,76.9,7,2.4,31.3,3.764,-11.4,0,1,67640
2026-05-01T09:39:09,25.706846,-25.574945,46.2,12.01,77.3,7,2.4,31.7,3.766,-11.4,0,1,67641
2026-05-01T09:39:38,25.707323,-25.573233,46.7,11.92,83.3,6,2.8,30.8,3.770,-11.4,0,1,67642
2026-05-01T09:40:08,25.707846,-25.571421,54.9,11.54,73.2,6,2.8,33.0,3.765,-11.4,0,1,67643
2026-05-01T09:40:37,25.708397,-25.569708,56.2,12.29,70.8,6,2.8,30.8,3.763,-11.4,0,1,67644
2026-05-01T09:41:07,25.709051,-25.568007,44.7,12.71,81.3,7,2.1,30.8,3.763,-11.4,0,1,67645
2026-05-01T09:41:36,25.709463,-25.566168,41.3,12.57,80.5,7,2.2,30.4,3.760,-11.4,0,1,67646
2026-05-01T09:42:06,25.709904,-25.564411,40.4,12.08,75.5,7,2.2,31.7,3.766,-11.4,0,1,67647
2026-05-01T09:42:35,25.710266,-25.562649,37.3,12.04,78.1,6,2.7,30.8,3.765,-11.4,0,1,67648
2026-05-01T09:43:04,25.710743,-25.560881,30.4,12.01,78.0,7,2.2,30.8,3.771,-11.4,0,1,67649
2026-05-01T09:43:34,25.710960,-25.559046,18.0,12.22,79.1,7,2.2,31.3,3.765,-11.4,0,1,67650
2026-05-01T09:44:03,25.711403,-25.557285,11.4,12.23,83.3,7,2.2,30.4,3.769,-11.4,0,1,67651
2026-05-01T09:44:33,25.711926,-25.555519,6.0,11.80,85.0,6,2.7,30.8,3.766,-11.4,0,1,67652
2026-05-01T09:45:02,25.712328,-25.553698,6.9,12.72,84.5,7,2.2,30.4,3.770,-11.4,0,1,67653
2026-05-01T09:45:32,25.712624,-25.551945,-1.2,11.90,80.4,7,2.2,31.3,3.765,-11.4,0,1,67654
2026-05-01T09:46:01,25.713011,-25.550203,-9.7,13.22,93.0,7,2.3,30.0,3.763,-11.4,0,1,67655
2026-05-01T09:46:31,25.712988,-25.548441,-17.1,11.83,88.2,7,2.3,30.4,3.763,-11.4,0,1,67656
2026-05-01T09:47:00,25.713308,-25.546698,-26.8,12.43,87.0,6,2.7,30.4,3.769,-11.4,0,1,67657
2026-05-01T09:47:29,25.713703,-25.544937,-30.7,11.95,68.8,7,2.3,30.8,3.760,-11.4,0,1,67658
2026-05-01T09:47:59,25.714039,-25.543173,-31.5,12.07,75.9,8,2.1,30.8,3.765,-11.4,0,1,67659
2026-05-01T09:48:28,25.714512,-25.541327,-34.4,11.53,76.2,8,2.1,30.4,3.769,-11.4,0,1,67660
2026-05-01T09:48:58,25.714987,-25.539415,-30.2,12.48,80.9,8,2.1,30.4,3.761,-11.4,0,1,67661
2026-05-01T09:49:27,25.715506,-25.537651,-27.8,11.71,72.3,8,2.1,30.4,3.767,-11.4,0,1,67662
2026-05-01T09:49:57,25.716084,-25.535835,-29.7,12.51,66.4,9,1.6,30.8,3.769,-11.4,0,1,67663
2026-05-01T09:50:26,25.716440,-25.533943,-25.2,12.49,76.8,8,2.2,30.8,3.765,-11.4,0,1,67664
2026-05-01T09:50:56,25.717237,-25.532076,-15.0,11.03,71.1,8,2.2,30.0,3.769,-11.4,0,1,67665
2026-05-01T09:51:25,25.717674,-25.530258,-9.7,11.93,66.4,8,2.2,30.4,3.760,-11.4,0,1,67666
2026-05-01T09:51:54,25.718016,-25.528509,-14.0,12.34,70.3,9,1.6,30.0,3.767,-11.4,0,1,67667
2026-05-01T09:52:24,25.718479,-25.526688,-17.0,11.53,73.2,8,2.2,30.4,3.765,-11.4,0,1,67668
2026-05-01T09:52:53,25.718945,-25.524920,-21.8,12.61,72.7,9,1.6,29.5,3.760,-11.4,0,1,67669
2026-05-01T09:53:23,25.719404,-25.523069,-17.6,12.15,66.3,8,2.2,30.4,3.757,-11.4,0,1,67670
2026-05-01T09:53:52,25.719856,-25.521267,-13.4,11.63,85.7,8,2.2,30.0,3.756,-11.4,0,1,67671
2026-05-01T09:54:22,25.720379,-25.519430,-4.4,12.32,68.8,8,2.2,30.0,3.763,-11.4,0,1,67672
2026-05-01T09:54:51,25.721035,-25.517702,13.2,12.54,69.2,8,2.2,30.8,3.763,-11.4,0,1,67673
2026-05-01T09:55:21,25.721363,-25.515833,5.7,12.76,63.5,8,2.2,30.0,3.767,-11.4,0,1,67674
2026-05-01T09:55:50,25.721996,-25.514027,14.4,11.38,66.2,8,2.2,29.5,3.767,-11.4,0,1,67675
2026-05-01T09:56:19,25.722439,-25.512272,17.9,11.96,79.1,8,2.2,30.0,3.763,-11.4,0,1,67676
2026-05-01T09:56:49,25.722975,-25.510426,25.1,11.66,78.0,8,2.2,30.4,3.760,-11.4,0,1,67677
2026-05-01T09:57:18,25.723381,-25.508562,19.8,11.34,77.1,8,2.3,30.0,3.763,-11.4,0,1,67678
2026-05-01T09:57:48,25.723913,-25.506817,25.6,11.37,69.1,8,2.3,30.0,3.759,-11.4,0,1,67679
2026-05-01T09:58:17,25.724358,-25.505032,27.9,11.25,76.1,8,2.3,29.1,3.763,-11.4,0,1,67680
2026-05-01T09:58:47,25.724854,-25.503181,28.1,12.10,79.8,8,2.3,30.4,3.763,-11.4,0,1,67681
2026-05-01T09:59:16,25.725279,-25.501335,28.7,14.53,76.8,8,2.3,29.5,3.766,-11.4,0,1,67682
2026-05-01T09:59:46,25.725584,-25.499548,28.8,13.75,75.4,8,2.3,30.8,3.764,-11.4,0,1,67683
2026-05-01T10:00:15,25.725960,-25.497770,23.1,12.68,79.8,8,2.3,29.5,3.767,-11.4,0,1,67684
2026-05-01T10:00:44,25.726393,-25.496054,13.8,12.00,81.2,8,2.3,30.4,3.760,-11.4,0,1,67685
2026-05-01T10:01:14,25.726891,-25.494278,17.3,11.89,72.7,8,2.3,30.0,3.764,-11.4,0,1,67686
2026-05-01T10:01:43,25.727276,-25.492523,20.6,11.92,76.9,8,2.3,30.0,3.760,-11.4,0,1,67687
2026-05-01T10:02:13,25.727901,-25.490698,17.5,15.33,67.7,8,3.9,28.7,3.754,-11.4,0,1,67688
2026-05-01T10:02:42,25.728266,-25.488943,7.6,10.92,79.2,8,2.3,29.5,3.767,-11.4,0,1,67689
2026-05-01T10:03:12,25.728657,-25.487103,4.2,12.10,68.7,8,2.3,30.0,3.755,-11.4,0,1,67690
2026-05-01T10:03:41,25.728994,-25.485310,3.1,12.25,79.8,7,2.4,29.5,3.756,-11.4,0,1,67691
2026-05-01T10:04:11,25.729479,-25.483498,6.1,12.24,76.4,8,2.3,29.5,3.760,-11.4,0,1,67692
2026-05-01T10:04:40,25.729977,-25.481789,10.1,11.45,86.6,8,2.3,29.1,3.764,-11.4,0,1,67693
2026-05-01T10:05:09,25.730501,-25.480066,17.5,11.67,72.2,7,2.4,29.1,3.766,-11.4,0,1,67694
2026-05-01T10:05:39,25.730938,-25.478323,17.0,11.03,78.1,8,2.3,29.5,3.761,-11.4,0,1,67695
2026-05-01T10:06:08,25.731428,-25.476522,12.5,10.49,80.5,8,2.3,28.7,3.760,-11.4,0,1,67696
2026-05-01T10:06:38,25.731722,-25.474800,4.4,12.38,69.0,8,2.3,29.1,3.764,-11.4,0,1,67697
2026-05-01T10:07:07,25.731897,-25.472971,-2.3,10.76,84.8,8,2.3,30.0,3.759,-11.4,0,1,67698
2026-05-01T10:07:37,25.732143,-25.471142,-14.5,12.58,81.9,8,2.3,29.1,3.766,-11.4,0,1,67699
2026-05-01T10:08:06,25.732616,-25.469353,-13.4,11.61,70.0,8,2.3,28.7,3.765,-11.4,0,1,67700
2026-05-01T10:08:36,25.733137,-25.467554,-8.2,11.02,78.6,8,2.3,29.5,3.759,-11.4,0,1,67701
2026-05-01T10:09:05,25.733463,-25.465837,-2.8,12.51,81.6,9,1.6,28.3,3.756,-11.4,0,1,67702
2026-05-01T10:09:34,25.733850,-25.464012,-13.1,10.92,76.3,7,3.0,28.7,3.759,-11.4,0,1,67703
2026-05-01T10:10:04,25.734350,-25.462135,-7.6,12.72,66.8,7,2.4,29.5,3.760,-11.4,0,1,67704
2026-05-01T10:10:33,25.734804,-25.460375,-11.8,11.94,70.9,8,2.3,28.7,3.765,-11.4,0,1,67705
2026-05-01T10:11:03,25.735151,-25.458597,-21.3,9.61,75.6,7,3.1,29.1,3.757,-11.4,0,1,67706
2026-05-01T10:11:32,25.735586,-25.456738,-27.2,10.14,80.4,7,3.1,28.3,3.754,-11.4,0,1,67707
2026-05-01T10:12:02,25.736143,-25.454914,-24.3,10.57,84.2,7,3.1,29.5,3.754,-11.4,0,1,67708
2026-05-01T10:12:31,25.736471,-25.453247,-19.3,9.64,86.7,7,3.1,28.3,3.765,-11.4,0,1,67709
2026-05-01T10:13:01,25.736990,-25.451448,-13.4,9.32,88.4,7,3.1,29.5,3.757,-11.4,0,1,67710
2026-05-01T10:13:30,25.737345,-25.449759,-7.5,9.55,73.1,7,3.1,28.7,3.765,-11.4,0,1,67711
2026-05-01T10:13:59,25.737999,-25.447916,-8.9,10.65,70.3,7,3.1,28.3,3.765,-11.4,0,1,67712
2026-05-01T10:14:29,25.738445,-25.446096,-14.0,9.49,76.6,7,3.1,29.1,3.763,-11.4,0,1,67713
2026-05-01T10:14:58,25.738953,-25.444305,-13.5,10.69,78.1,7,3.1,29.1,3.765,-11.4,0,1,67714
2026-05-01T10:15:28,25.739384,-25.442461,-14.3,10.21,78.1,7,3.1,28.7,3.759,-11.4,0,1,67715
2026-05-01T10:15:57,25.739683,-25.440758,-13.0,11.48,76.8,7,3.1,28.3,3.764,-11.4,0,1,67716
2026-05-01T10:16:27,25.739979,-25.439016,-5.1,9.69,82.0,7,3.1,28.7,3.756,-11.4,0,1,67717
2026-05-01T10:16:56,25.740536,-25.437279,-19.2,12.31,58.2,6,3.1,27.8,3.760,-11.4,0,1,67718
2026-05-01T10:17:26,25.740973,-25.435444,-12.5,10.84,70.6,7,3.1,28.7,3.757,-11.4,0,1,67719
2026-05-01T10:17:55,25.741528,-25.433674,-14.1,9.68,78.8,7,3.1,28.7,3.756,-11.4,0,1,67720
2026-05-01T10:18:24,25.742029,-25.431915,-13.0,11.01,69.4,7,3.1,28.3,3.760,-11.4,0,1,67721
2026-05-01T10:18:54,25.742376,-25.430117,-14.1,11.00,71.7,7,3.1,28.3,3.757,-11.4,0,1,67722
2026-05-01T10:19:23,25.742773,-25.428375,-17.3,10.98,74.6,6,3.1,27.8,3.761,-11.4,0,1,67723
2026-05-01T10:19:53,25.743143,-25.426558,-20.2,11.49,78.7,7,3.0,28.3,3.757,-11.4,0,1,67724
2026-05-01T10:20:22,25.743868,-25.424837,2.4,10.40,74.9,7,3.0,27.8,3.755,-11.4,0,1,67725
2026-05-01T10:20:52,25.744246,-25.423027,0.7,10.32,77.4,7,3.0,28.3,3.756,-11.4,0,1,67726
2026-05-01T10:21:21,25.744749,-25.421228,-2.3,11.04,80.0,6,3.0,27.0,3.761,-11.4,0,1,67727
2026-05-01T10:21:51,25.745199,-25.419428,-5.7,10.72,70.7,7,3.0,27.4,3.757,-11.4,0,1,67728
2026-05-01T10:22:20,25.745689,-25.417629,2.3,12.71,66.9,7,3.0,27.8,3.756,-11.4,0,1,67729
2026-05-01T10:22:49,25.746012,-25.415834,2.1,12.25,74.1,7,3.0,28.7,3.757,-11.4,0,1,67730
2026-05-01T10:23:19,25.746534,-25.414143,-6.5,10.00,71.4,7,3.0,27.8,3.756,-11.4,0,1,67731
2026-05-01T10:23:48,25.746778,-25.412308,-12.2,11.26,74.2,7,2.9,27.4,3.763,-11.4,0,1,67732
2026-05-01T10:24:18,25.747196,-25.410452,-9.3,10.73,72.2,7,2.9,27.8,3.756,-11.4,0,1,67733
2026-05-01T10:24:47,25.747440,-25.408728,-8.8,10.83,82.8,7,2.9,27.0,3.760,-11.4,0,1,67734
2026-05-01T10:25:17,25.747982,-25.406927,-15.6,11.69,65.3,7,2.9,27.8,3.757,-11.4,0,1,67735
2026-05-01T10:25:46,25.748440,-25.405203,-16.6,11.34,71.8,7,2.9,27.4,3.763,-11.4,0,1,67736
2026-05-01T10:26:16,25.748661,-25.403484,-19.6,10.38,72.4,7,2.8,28.3,3.756,-11.4,0,1,67737
2026-05-01T10:26:45,25.749285,-25.401634,-20.0,12.42,72.6,7,2.8,27.8,3.755,-11.4,0,1,67738
2026-05-01T10:27:14,25.749590,-25.400015,-14.2,11.26,67.2,7,2.8,27.8,3.757,-11.4,0,1,67739
2026-05-01T10:27:44,25.749949,-25.398285,-8.1,11.16,78.1,6,2.9,27.8,3.755,-11.4,0,1,67740
2026-05-01T10:28:13,25.750402,-25.396534,-10.9,11.10,77.2,7,2.7,27.0,3.760,-11.4,0,1,67741
2026-05-01T10:28:43,25.750771,-25.394789,-6.0,11.17,81.7,7,2.7,27.8,3.755,-11.4,0,1,67742
2026-05-01T10:29:12,25.751047,-25.393057,-2.4,10.36,82.1,6,3.1,27.0,3.760,-11.4,0,1,67743
2026-05-01T10:29:42,25.751513,-25.391283,-1.7,11.79,75.7,6,3.1,28.3,3.754,-11.4,0,1,67744
2026-05-01T10:30:12,25.752289,-25.389481,12.0,11.63,71.7,6,3.0,27.4,3.756,-11.4,0,1,67745
2026-05-01T10:30:41,25.752439,-25.387684,2.6,10.35,80.8,6,3.0,27.0,3.753,-11.4,0,1,67746
2026-05-01T10:31:11,25.752438,-25.385530,-62.1,11.94,75.3,6,3.0,27.8,3.754,-11.4,0,1,67747
2026-05-01T10:31:40,25.752729,-25.383724,-86.4,12.53,77.2,6,3.0,27.0,3.760,-11.4,0,1,67748
2026-05-01T10:32:09,25.753128,-25.381908,-95.5,12.31,78.3,7,3.0,27.0,3.760,-11.4,0,1,67749
2026-05-01T10:32:39,25.753658,-25.380104,-101.1,12.40,62.8,7,2.9,27.8,3.754,-11.4,0,1,67750
2026-05-01T10:33:08,25.753946,-25.378344,-107.8,10.89,85.2,7,2.9,26.5,3.759,-11.4,0,1,67751
2026-05-01T10:33:38,25.754642,-25.376490,-99.1,12.09,74.2,7,2.9,27.4,3.753,-11.4,0,1,67752
2026-05-01T10:34:07,25.754950,-25.374729,-97.6,11.71,83.4,7,2.9,27.0,3.757,-11.4,0,1,67753
2026-05-01T10:34:37,25.755398,-25.372984,-90.2,11.14,87.3,7,2.5,26.1,3.759,-11.4,0,1,67754
2026-05-01T10:35:06,25.755890,-25.371552,-61.2,11.95,74.8,7,2.5,26.5,3.759,-11.4,0,1,67755
2026-05-01T10:35:36,25.756477,-25.370022,-24.1,11.54,76.9,7,2.5,27.0,3.754,-11.4,0,1,67756
2026-05-01T10:36:05,25.757341,-25.368288,4.5,12.07,68.0,7,2.5,26.1,3.747,-11.4,0,1,67757
2026-05-01T10:36:34,25.757607,-25.366543,2.7,11.69,82.0,7,2.5,26.1,3.754,-11.4,0,1,67758
2026-05-01T10:37:04,25.758228,-25.364668,5.4,13.97,67.4,7,2.4,26.5,3.754,-11.4,0,1,67759
2026-05-01T10:37:33,25.758596,-25.362970,3.0,12.47,80.4,7,2.4,26.5,3.747,-11.4,0,1,67760
2026-05-01T10:38:03,25.758747,-25.361200,3.0,11.39,77.0,7,2.4,26.5,3.750,-11.4,0,1,67761
2026-05-01T10:38:32,25.759256,-25.359404,4.2,11.08,66.9,7,2.4,26.5,3.753,-11.4,0,1,67762
2026-05-01T10:39:02,25.759726,-25.357605,7.3,11.52,78.1,7,2.3,27.0,3.757,-11.4,0,1,67763
2026-05-01T10:39:31,25.760103,-25.355883,1.8,11.59,74.8,7,2.3,27.0,3.749,-11.4,0,1,67764
2026-05-01T10:40:01,25.760597,-25.354069,1.9,11.94,68.8,8,1.8,26.1,3.757,-11.4,0,1,67765
2026-05-01T10:40:30,25.760895,-25.352306,-8.0,11.73,80.5,7,2.3,26.1,3.757,-11.4,0,1,67766
2026-05-01T10:40:59,25.761374,-25.350538,-13.1,11.76,70.0,7,1.9,27.0,3.749,-11.4,0,1,67767
2026-05-01T10:41:29,25.761738,-25.348740,-18.6,10.54,72.7,7,2.2,26.1,3.751,-11.4,0,1,67768
2026-05-01T10:41:58,25.762257,-25.346975,-25.0,11.45,75.3,6,2.3,26.5,3.750,-11.4,0,1,67769
2026-05-01T10:42:28,25.762573,-25.345104,-30.0,11.40,79.4,8,1.7,26.1,3.756,-11.4,0,1,67770
2026-05-01T10:42:57,25.763029,-25.343386,-28.1,12.15,73.5,7,2.2,25.7,3.755,-11.4,0,1,67771
2026-05-01T10:43:27,25.763590,-25.341534,-24.0,11.87,75.8,8,1.7,26.1,3.751,-11.4,0,1,67772
2026-05-01T10:43:56,25.764114,-25.339737,-30.0,12.21,78.0,8,1.7,24.8,3.753,-11.4,0,1,67773
2026-05-01T10:44:26,25.764576,-25.337942,-36.5,12.03,78.2,7,1.8,25.7,3.751,-11.4,0,1,67774
2026-05-01T10:44:55,25.765011,-25.336195,-33.0,12.32,84.2,7,2.1,26.1,3.756,-11.4,0,1,67775
2026-05-01T10:45:24,25.765759,-25.334436,-24.8,12.73,74.3,5,5.5,26.1,3.751,-11.4,0,1,67776
2026-05-01T10:45:54,25.766041,-25.332666,-21.3,11.87,77.3,7,1.6,26.5,3.746,-11.4,0,1,67777
2026-05-01T10:46:23,25.766438,-25.330910,-17.8,12.32,79.3,7,1.6,26.1,3.746,-11.4,0,1,67778
2026-05-01T10:46:53,25.766937,-25.329044,-13.7,11.04,77.4,5,2.5,26.1,3.751,-11.4,0,1,67779
2026-05-01T10:47:22,25.767477,-25.327309,-10.2,13.25,69.9,6,2.2,26.1,3.755,-11.4,0,1,67780
2026-05-01T10:47:52,25.767874,-25.325512,-12.8,12.88,77.2,7,1.6,25.2,3.755,-11.4,0,1,67781
2026-05-01T10:48:21,25.768229,-25.323771,-9.8,11.89,76.5,6,2.2,26.1,3.755,-11.4,0,1,67782
2026-05-01T10:48:51,25.768702,-25.321989,-8.0,12.00,73.5,6,2.3,25.7,3.749,-11.4,0,1,67783
2026-05-01T10:49:20,25.769115,-25.320240,-11.1,11.63,81.2,8,1.5,25.7,3.755,-11.4,0,1,67784
2026-05-01T10:49:49,25.769501,-25.318411,-2.1,11.84,73.3,8,1.5,26.1,3.750,-11.4,0,1,67785
2026-05-01T10:50:19,25.769953,-25.316704,-7.1,11.81,68.2,7,2.3,26.1,3.751,-11.4,0,1,67786
2026-05-01T10:50:48,25.770275,-25.314854,3.7,12.30,79.4,7,2.3,26.5,3.747,-11.4,0,1,67787
2026-05-01T10:51:18,25.770586,-25.312986,3.5,13.11,83.8,7,2.3,25.2,3.745,-11.4,0,1,67788
2026-05-01T10:51:47,25.770861,-25.311298,-3.2,11.84,79.8,7,2.3,25.7,3.747,-11.4,0,1,67789
2026-05-01T10:52:17,25.771355,-25.309464,-4.7,12.20,74.6,7,2.4,25.2,3.744,-11.4,0,1,67790
2026-05-01T10:52:46,25.771751,-25.307711,-0.5,12.86,74.0,7,2.4,25.2,3.749,-11.4,0,1,67791
2026-05-01T10:53:16,25.772118,-25.305923,-5.2,10.98,74.6,7,2.4,25.2,3.754,-11.4,0,1,67792
2026-05-01T10:53:45,25.772566,-25.304117,-8.4,11.86,73.7,7,2.5,25.2,3.744,-11.4,0,1,67793
2026-05-01T10:54:14,25.772961,-25.302364,-10.1,12.05,72.3,7,2.5,24.8,3.749,-11.4,0,1,67794
2026-05-01T10:54:44,25.773411,-25.300566,-7.4,12.19,61.9,7,2.5,25.7,3.749,-11.4,0,1,67795
2026-05-01T10:55:13,25.773815,-25.298820,-8.4,12.29,74.2,8,1.5,24.8,3.743,-11.4,0,1,67796
2026-05-01T10:55:43,25.774208,-25.296986,-10.1,12.02,79.8,6,2.7,25.2,3.747,-11.4,0,1,67797
2026-05-01T10:56:12,25.774624,-25.295246,-11.2,12.63,74.3,6,2.6,25.2,3.746,-11.4,0,1,67798
2026-05-01T10:56:42,25.775204,-25.293476,-12.7,13.10,66.8,7,2.6,25.2,3.754,-11.4,0,1,67799
2026-05-01T10:57:11,25.775711,-25.291737,-6.1,12.26,79.2,7,2.6,24.8,3.755,-11.4,0,1,67800
2026-05-01T10:57:41,25.775925,-25.289824,-11.5,13.14,77.3,7,2.7,25.2,3.745,-11.4,0,1,67801
2026-05-01T10:58:10,25.776417,-25.288118,-5.9,11.58,78.5,7,2.7,24.4,3.753,-11.4,0,1,67802
2026-05-01T10:58:39,25.776981,-25.286406,-5.9,12.69,68.2,7,2.7,26.1,3.749,-11.4,0,1,67803
2026-05-01T10:59:09,25.777330,-25.284582,1.4,10.49,77.9,7,2.8,25.7,3.749,-11.4,0,1,67804
2026-05-01T10:59:38,25.777775,-25.282877,3.0,11.53,71.1,6,3.0,24.8,3.754,-11.4,0,1,67805
2026-05-01T11:00:08,25.778273,-25.280994,2.3,11.67,71.9,7,2.8,24.8,3.753,-11.4,0,1,67806
2026-05-01T11:00:37,25.778688,-25.279209,-4.8,11.62,74.3,6,5.4,25.2,3.753,-11.4,0,1,67807
2026-05-01T11:01:07,25.779207,-25.277412,-1.6,11.82,82.2,7,2.9,24.8,3.747,-11.4,0,1,67808
2026-05-01T11:01:36,25.779545,-25.275671,3.3,11.83,76.2,6,5.4,24.8,3.750,-11.4,0,1,67809
2026-05-01T11:02:06,25.779856,-25.273781,9.0,12.65,77.0,7,3.0,24.8,3.746,-11.4,0,1,67810
2026-05-01T11:02:36,25.780310,-25.271959,-1.0,11.89,75.7,6,3.2,24.8,3.751,-11.4,0,1,67811
2026-05-01T11:03:05,25.780783,-25.270218,5.5,11.97,72.3,7,3.0,24.0,3.753,-11.4,0,1,67812
2026-05-01T11:03:34,25.781143,-25.268442,8.0,12.10,76.2,6,3.3,24.8,3.745,-11.4,0,1,67813
2026-05-01T11:04:04,25.781622,-25.266605,6.6,11.90,74.3,5,6.2,25.7,3.753,-11.4,0,1,67814
2026-05-01T11:04:33,25.781797,-25.264767,2.7,11.18,85.8,5,6.2,24.8,3.745,-11.4,0,1,67815
2026-05-01T11:05:02,25.782288,-25.263041,-1.2,12.18,72.5,6,5.2,24.4,3.749,-11.4,0,1,67816
2026-05-01T11:05:32,25.782637,-25.261171,0.2,12.48,71.2,6,3.3,25.2,3.747,-11.4,0,1,67817
2026-05-01T11:06:02,25.783092,-25.259300,-5.2,11.90,76.5,6,3.5,24.8,3.745,-11.4,0,1,67818
2026-05-01T11:06:31,25.783407,-25.257511,-10.3,11.50,81.7,6,5.1,25.2,3.744,-11.4,0,1,67819
2026-05-01T11:07:01,25.783705,-25.255682,-6.5,10.59,83.2,6,3.6,24.4,3.744,-11.4,0,1,67820
2026-05-01T11:07:30,25.784298,-25.253958,-3.6,11.48,75.9,7,3.3,24.4,3.753,-11.4,0,1,67821
2026-05-01T11:07:59,25.784937,-25.252274,5.5,12.18,64.2,6,3.7,24.8,3.745,-11.4,0,1,67822
2026-05-01T11:08:29,25.785158,-25.250374,5.9,12.21,85.4,7,5.0,24.4,3.746,-11.4,0,1,67823
2026-05-01T11:08:58,25.785711,-25.248648,8.6,10.63,75.7,7,3.4,24.4,3.746,-11.4,0,1,67824
2026-05-01T11:09:28,25.786324,-25.246845,10.8,11.05,77.8,7,3.5,24.4,3.739,-11.4,0,1,67825
2026-05-01T11:09:57,25.786768,-25.245092,18.8,12.09,71.2,7,3.5,24.4,3.750,-11.4,0,1,67826
2026-05-01T11:10:27,25.787169,-25.243235,10.1,11.70,81.7,6,3.6,25.2,3.745,-11.4,0,1,67827
2026-05-01T11:10:56,25.787697,-25.241535,11.1,11.47,81.6,6,3.6,24.4,3.750,-11.4,0,1,67828
2026-05-01T11:11:26,25.788116,-25.239683,11.5,11.89,87.2,7,3.6,23.5,3.749,-11.4,0,1,67829
2026-05-01T11:11:55,25.788687,-25.237934,4.7,11.47,69.9,7,3.6,24.0,3.740,-11.4,0,1,67830
2026-05-01T11:12:24,25.789049,-25.236200,5.0,12.13,76.8,7,3.7,23.5,3.751,-11.4,0,1,67831
2026-05-01T11:12:54,25.789680,-25.234381,-2.0,11.62,83.0,7,3.7,23.5,3.747,-11.4,0,1,67832
2026-05-01T11:13:23,25.790047,-25.232616,-1.3,11.33,78.2,6,4.7,23.5,3.747,-11.4,0,1,67833
2026-05-01T11:13:53,25.790598,-25.230801,-3.3,10.88,78.3,7,3.7,24.0,3.750,-11.4,0,1,67834
2026-05-01T11:14:22,25.790939,-25.229017,-17.5,11.09,73.6,7,3.8,24.0,3.744,-11.4,0,1,67835
2026-05-01T11:14:52,25.791212,-25.227167,-15.8,11.67,75.7,7,3.8,24.0,3.750,-11.4,0,1,67836
2026-05-01T11:15:21,25.791807,-25.225422,-13.6,12.05,72.1,7,3.8,23.5,3.741,-11.4,0,1,67837
2026-05-01T11:15:51,25.792068,-25.223574,-7.2,11.68,77.4,7,3.8,24.0,3.744,-11.4,0,1,67838
2026-05-01T11:16:20,25.792168,-25.221748,-13.0,11.37,88.7,7,3.8,24.0,3.750,-11.4,0,1,67839
2026-05-01T11:16:49,25.792809,-25.220018,-9.0,11.20,84.7,7,3.8,24.4,3.744,-11.4,0,1,67840
2026-05-01T11:17:19,25.793072,-25.218153,-11.0,11.29,84.7,6,4.6,24.4,3.745,-11.4,0,1,67841
2026-05-01T11:17:48,25.793854,-25.216463,-8.1,11.12,88.2,7,3.9,23.5,3.749,-11.4,0,1,67842
2026-05-01T11:18:18,25.794085,-25.214607,-9.4,11.76,82.1,7,3.9,24.0,3.743,-11.4,0,1,67843
2026-05-01T11:18:47,25.794636,-25.212862,-0.6,11.73,76.6,7,3.9,23.5,3.747,-11.4,0,1,67844
2026-05-01T11:19:17,25.794966,-25.210985,-2.1,11.86,71.6,7,3.9,24.0,3.743,-11.4,0,1,67845
2026-05-01T11:19:46,25.795572,-25.209249,-4.1,12.80,67.2,8,2.4,23.1,3.747,-11.4,0,1,67846
2026-05-01T11:20:16,25.796007,-25.207361,-7.0,12.38,69.4,9,2.2,23.5,3.737,-11.4,0,1,67847
2026-05-01T11:20:45,25.796507,-25.205639,-13.3,12.08,71.2,9,2.2,22.7,3.741,-11.4,0,1,67848
2026-05-01T11:21:14,25.796932,-25.203804,-12.8,13.58,70.1,8,2.5,23.5,3.737,-11.4,0,1,67849
2026-05-01T11:21:44,25.797426,-25.201988,-13.4,13.79,63.3,9,2.2,23.5,3.744,-11.4,0,1,67850
2026-05-01T11:22:13,25.797827,-25.200151,-11.8,12.17,69.4,9,2.2,23.5,3.747,626.3,0,1,67851
2026-05-01T11:22:43,25.798252,-25.198359,-7.5,11.72,76.7,9,2.2,23.1,3.749,-11.4,0,1,67852
2026-05-01T11:23:12,25.798536,-25.196543,-10.9,12.54,76.0,9,2.2,23.1,3.747,-11.4,0,1,67853
2026-05-01T11:23:42,25.798967,-25.194744,-9.7,13.20,85.6,10,1.7,23.5,3.741,-11.4,0,1,67854
2026-05-01T11:24:11,25.799448,-25.192881,-2.0,12.49,85.7,10,1.8,23.1,3.746,-11.4,0,1,67855
2026-05-01T11:24:41,25.799841,-25.191151,-11.4,11.90,66.9,10,1.8,24.0,3.741,-11.4,0,1,67856
2026-05-01T11:25:10,25.800285,-25.189445,-11.4,12.67,75.6,10,1.8,23.1,3.739,-11.4,0,1,67857
2026-05-01T11:25:39,25.800694,-25.187597,-12.5,12.01,73.9,10,1.8,23.5,3.739,-11.4,0,1,67858
2026-05-01T11:26:09,25.801117,-25.185802,-7.4,9.60,82.7,9,1.9,23.5,3.743,-11.4,0,1,67859
2026-05-01T11:26:38,25.801439,-25.183998,6.2,12.39,85.7,8,2.1,23.1,3.747,-11.4,0,1,67860
2026-05-01T11:27:08,25.802124,-25.182158,6.3,12.43,66.6,8,2.1,24.0,3.743,-11.4,0,1,67861
2026-05-01T11:27:37,25.802561,-25.180363,9.3,12.36,76.1,8,2.1,21.8,3.746,-11.4,0,1,67862
2026-05-01T11:28:07,25.803137,-25.178572,11.1,12.69,68.6,9,1.9,22.2,3.745,-11.4,0,1,67863
2026-05-01T11:28:36,25.803534,-25.176836,17.2,12.24,77.7,8,2.2,22.7,3.746,-11.4,0,1,67864
2026-05-01T11:29:06,25.803804,-25.175018,15.2,12.65,94.2,9,1.9,22.7,3.741,-11.4,0,1,67865
2026-05-01T11:29:35,25.804329,-25.173212,14.3,12.21,74.3,9,1.9,22.2,3.737,-11.4,0,1,67866
2026-05-01T11:30:04,25.804686,-25.171469,12.9,12.29,76.4,9,1.9,23.5,3.736,-11.4,0,1,67867
2026-05-01T11:30:34,25.805202,-25.169615,15.3,12.19,73.5,9,1.9,22.7,3.741,-11.4,0,1,67868
2026-05-01T11:31:03,25.805628,-25.167854,14.6,12.40,75.7,8,2.2,22.7,3.746,-11.4,0,1,67869
2026-05-01T11:31:33,25.805969,-25.165989,5.4,12.73,73.1,9,2.0,22.7,3.740,-11.4,0,1,67870
2026-05-01T11:32:02,25.806622,-25.164246,0.2,12.03,78.1,9,2.0,22.2,3.746,-11.4,0,1,67871
2026-05-01T11:32:32,25.807013,-25.162355,3.1,12.20,74.2,9,2.0,22.7,3.744,-11.4,0,1,67872
2026-05-01T11:33:01,25.807472,-25.160503,2.1,12.94,74.9,8,2.4,21.8,3.737,-11.4,0,1,67873
2026-05-01T11:33:31,25.807940,-25.158646,7.5,12.59,81.9,8,2.3,22.2,3.746,-11.4,0,1,67874
2026-05-01T11:34:00,25.808279,-25.156860,9.6,12.29,89.8,9,2.0,21.4,3.745,-11.4,0,1,67875
2026-05-01T11:34:29,25.808929,-25.155077,7.8,12.85,76.0,8,2.4,21.8,3.739,-11.4,0,1,67876
2026-05-01T11:34:59,25.809320,-25.153233,6.0,12.22,74.1,8,2.0,23.1,3.739,-11.4,0,1,67877
2026-05-01T11:35:28,25.809753,-25.151464,0.1,12.34,74.0,10,1.5,22.2,3.743,592.0,0,1,67878
2026-05-01T11:35:58,25.810173,-25.149622,-5.0,11.96,78.4,10,1.5,21.8,3.737,-11.4,0,1,67879
2026-05-01T11:36:27,25.810682,-25.147768,-6.2,14.03,67.4,9,1.6,21.8,3.736,-11.4,0,1,67880
2026-05-01T11:36:57,25.811165,-25.145893,-5.3,12.61,63.2,10,1.6,21.4,3.743,-11.4,0,1,67881
2026-05-01T11:37:26,25.811497,-25.144091,-7.0,12.80,73.2,10,1.6,22.2,3.744,-11.4,0,1,67882
2026-05-01T11:37:56,25.811892,-25.142275,-13.0,12.36,79.3,10,1.6,22.2,3.740,-11.4,0,1,67883
2026-05-01T11:38:25,25.812370,-25.140442,-5.4,13.05,70.3,10,1.6,21.8,3.734,-11.4,0,1,67884
2026-05-01T11:38:54,25.812750,-25.138561,-6.6,13.12,78.0,9,1.6,21.4,3.740,-11.4,0,1,67885
2026-05-01T11:39:24,25.813246,-25.136763,-2.9,12.93,80.7,10,1.6,22.2,3.743,-11.4,0,1,67886
2026-05-01T11:39:53,25.813650,-25.134960,-7.2,12.88,70.7,10,1.6,21.4,3.737,-11.4,0,1,67887
2026-05-01T11:40:23,25.814087,-25.133125,-3.7,12.30,74.8,9,2.1,22.2,3.736,-11.4,0,1,67888
2026-05-01T11:40:52,25.814556,-25.131294,0.0,12.69,80.7,11,1.4,22.7,3.744,-11.4,0,1,67889
2026-05-01T11:41:22,25.815033,-25.129459,-0.4,12.49,75.6,11,1.4,21.8,3.737,-11.4,0,1,67890
2026-05-01T11:41:51,25.815416,-25.127644,16.1,12.60,67.2,10,1.4,20.9,3.743,-11.4,0,1,67891
2026-05-01T11:42:21,25.815886,-25.125732,17.2,12.73,73.1,10,1.5,22.2,3.743,-11.4,0,1,67892
2026-05-01T11:42:50,25.816360,-25.123985,14.8,12.64,76.0,11,1.4,21.8,3.743,-11.4,0,1,67893
2026-05-01T11:43:19,25.816816,-25.122129,12.1,13.29,73.4,10,1.7,20.9,3.735,-11.4,0,1,67894
2026-05-01T11:43:49,25.817234,-25.120270,21.4,12.70,70.6,11,1.4,20.5,3.736,-11.4,0,1,67895
2026-05-01T11:44:18,25.817701,-25.118444,20.1,11.64,75.0,10,1.5,20.9,3.734,-11.4,0,1,67896
2026-05-01T11:44:48,25.818174,-25.116549,18.7,12.75,74.1,11,1.4,20.5,3.741,-11.4,0,1,67897
2026-05-01T11:45:17,25.818632,-25.114723,18.0,12.53,72.4,10,1.5,20.9,3.734,-11.4,0,1,67898
2026-05-01T11:45:47,25.819023,-25.112822,16.6,12.29,86.2,11,1.4,21.4,3.734,-11.4,0,1,67899
2026-05-01T11:46:16,25.819462,-25.111006,16.2,12.73,70.4,11,1.4,20.9,3.737,-11.4,0,1,67900
2026-05-01T11:46:46,25.819895,-25.109137,9.5,12.57,67.0,10,1.5,21.8,3.736,-11.4,0,1,67901
2026-05-01T11:47:15,25.820312,-25.107269,11.4,12.54,75.0,11,1.4,20.9,3.743,-11.4,0,1,67902
2026-05-01T11:47:44,25.820778,-25.105469,15.5,12.36,72.1,10,1.5,20.9,3.735,-11.4,0,1,67903
2026-05-01T11:48:14,25.821177,-25.103559,6.2,12.71,73.1,10,1.5,21.8,3.737,-11.4,0,1,67904
2026-05-01T11:48:43,25.821552,-25.101696,1.6,11.76,74.3,10,1.5,20.9,3.741,-11.4,0,1,67905
2026-05-01T11:49:12,25.821899,-25.099882,-4.8,12.55,73.0,11,1.4,20.9,3.735,-11.4,0,1,67906
2026-05-01T11:49:42,25.822340,-25.097977,-4.3,12.66,72.2,11,1.5,20.9,3.736,-11.4,0,1,67907
2026-05-01T11:50:11,25.822834,-25.096201,3.8,13.15,77.7,11,1.3,20.5,3.733,-11.4,0,1,67908
2026-05-01T11:50:41,25.823244,-25.094339,3.5,11.86,71.2,10,1.5,21.4,3.743,-11.4,0,1,67909
2026-05-01T11:51:10,25.823765,-25.092541,15.4,12.04,69.6,11,1.5,20.5,3.741,-11.4,0,1,67910
2026-05-01T11:51:39,25.824223,-25.090767,15.9,12.18,68.3,10,1.5,22.2,3.731,-11.4,0,1,67911
2026-05-01T11:52:09,25.824675,-25.088902,17.4,12.12,76.2,10,1.5,21.8,3.739,-11.4,0,1,67912
2026-05-01T11:52:38,25.825140,-25.087114,14.8,12.12,82.9,11,1.5,21.4,3.741,-11.4,0,1,67913
2026-05-01T11:53:08,25.825600,-25.085197,12.2,12.50,66.0,10,1.5,20.5,3.736,-11.4,0,1,67914
2026-05-01T11:53:37,25.826029,-25.083414,7.0,12.26,67.3,10,1.5,20.1,3.741,-11.4,0,1,67915
2026-05-01T11:54:07,25.826454,-25.081541,11.5,12.10,77.2,11,1.5,21.4,3.735,-11.4,0,1,67916
2026-05-01T11:54:36,25.826918,-25.079702,6.7,12.66,73.2,12,1.3,19.8,3.734,-6.9,0,1,67917
2026-05-01T11:55:06,25.827322,-25.077822,1.9,13.51,68.4,12,1.3,20.5,3.734,-11.4,0,1,67918
2026-05-01T11:55:35,25.827778,-25.076048,6.3,12.64,79.5,12,1.3,19.8,3.740,-6.9,0,1,67919
2026-05-01T11:56:04,25.828175,-25.074266,11.3,13.10,96.5,12,1.3,21.4,3.737,-11.4,0,1,67920
2026-05-01T11:56:34,25.828651,-25.072416,10.6,12.62,75.7,11,1.5,20.9,3.739,-11.4,0,1,67921
2026-05-01T11:57:03,25.829075,-25.070620,11.4,12.75,71.1,12,1.3,20.1,3.740,-11.4,0,1,67922
2026-05-01T11:57:33,25.829588,-25.068756,13.6,12.36,75.8,12,1.3,20.9,3.735,-11.4,0,1,67923
2026-05-01T11:58:02,25.829981,-25.066938,14.1,13.34,72.2,11,1.5,20.1,3.731,-11.4,0,1,67924
2026-05-01T11:58:32,25.830439,-25.065069,17.6,13.13,71.4,12,1.3,20.1,3.740,-11.4,0,1,67925
2026-05-01T11:59:01,25.830875,-25.063236,22.4,12.20,78.2,12,1.3,19.6,3.736,-6.9,0,1,67926
2026-05-01T11:59:31,25.831312,-25.061354,23.6,13.63,79.7,12,1.3,20.9,3.733,-11.4,0,1,67927
2026-05-01T12:00:00,25.831680,-25.059532,20.3,13.17,83.0,11,1.4,19.8,3.730,-6.9,0,1,67928
2026-05-01T12:00:29,25.832087,-25.057734,19.5,12.31,66.8,11,1.8,19.8,3.736,-6.9,0,1,67929
2026-05-01T12:00:59,25.832594,-25.055901,18.1,12.30,65.2,12,1.3,20.5,3.734,-11.4,0,1,67930
2026-05-01T12:01:28,25.832975,-25.054070,25.1,12.92,69.1,12,1.3,19.8,3.737,-6.9,0,1,67931
2026-05-01T12:01:58,25.833439,-25.052191,26.9,12.59,79.6,12,1.3,20.9,3.734,-11.4,0,1,67932
2026-05-01T12:02:27,25.833916,-25.050381,29.2,13.11,78.0,11,1.4,19.8,3.734,-6.9,0,1,67933
2026-05-01T12:02:57,25.834345,-25.048529,31.1,12.84,70.4,12,1.3,19.6,3.737,-6.9,0,1,67934
2026-05-01T12:03:26,25.834751,-25.046713,30.8,13.03,79.9,11,1.4,20.1,3.729,-11.4,0,1,67935
2026-05-01T12:03:56,25.835199,-25.044786,32.3,11.90,84.7,11,1.4,20.1,3.733,-11.4,0,1,67936
2026-05-01T12:04:25,25.835741,-25.043009,30.6,12.65,77.4,11,1.4,20.1,3.739,-11.4,0,1,67937
2026-05-01T12:04:54,25.836189,-25.041231,27.8,11.80,78.1,11,1.4,20.1,3.730,-11.4,0,1,67938
2026-05-01T12:05:24,25.836666,-25.039360,13.6,11.90,64.3,11,1.4,20.5,3.734,-11.4,0,1,67939
2026-05-01T12:05:53,25.837069,-25.037537,10.4,12.50,70.9,12,1.3,19.6,3.730,-6.9,0,1,67940
2026-05-01T12:06:23,25.837542,-25.035650,12.1,13.68,71.5,12,1.3,20.1,3.729,-11.4,0,1,67941
2026-05-01T12:06:52,25.838015,-25.033875,8.0,12.63,72.7,11,1.4,19.3,3.730,-6.9,0,1,67942
2026-05-01T12:07:22,25.838436,-25.031973,8.6,13.12,83.2,11,1.4,19.8,3.733,-6.9,0,1,67943
2026-05-01T12:07:51,25.838861,-25.030142,8.5,12.35,75.2,12,1.3,20.1,3.737,-11.4,0,1,67944
2026-05-01T12:08:21,25.839235,-25.028254,4.6,13.73,68.0,11,1.4,19.8,3.729,-6.9,0,1,67945
2026-05-01T12:08:50,25.839762,-25.026455,4.1,12.71,72.6,12,1.3,19.6,3.734,-6.9,0,1,67946
2026-05-01T12:09:19,25.840183,-25.024601,6.1,13.27,79.8,12,1.3,19.6,3.734,-6.9,0,1,67947
2026-05-01T12:09:49,25.840582,-25.022663,14.0,12.02,75.1,12,1.3,20.1,3.735,-11.4,0,1,67948
2026-05-01T12:10:18,25.841009,-25.020817,17.3,12.92,82.4,12,1.3,19.6,3.735,-6.9,0,1,67949
2026-05-01T12:10:48,25.841497,-25.018957,16.7,12.58,69.7,11,1.4,19.8,3.730,-6.9,0,1,67950
2026-05-01T12:11:17,25.841959,-25.017118,18.1,13.47,77.9,11,1.4,19.6,3.730,-6.9,0,1,67951
2026-05-01T12:11:47,25.842499,-25.015240,25.7,13.29,70.4,10,1.4,19.6,3.731,-6.9,0,1,67952
2026-05-01T12:12:16,25.842970,-25.013386,30.7,13.05,70.9,10,1.4,19.6,3.737,-6.9,0,1,67953
2026-05-01T12:12:46,25.843487,-25.011522,31.6,12.64,64.4,11,1.4,19.3,3.736,-6.9,0,1,67954
2026-05-01T12:13:15,25.843838,-25.009674,28.9,12.29,73.5,10,1.4,19.3,3.736,-6.9,0,1,67955
2026-05-01T12:13:44,25.844244,-25.007847,23.9,11.87,81.1,9,1.4,19.8,3.729,-6.9,0,1,67956
2026-05-01T12:14:14,25.844694,-25.005932,21.1,13.67,69.0,9,1.7,19.6,3.733,-6.9,0,1,67957
2026-05-01T12:14:43,25.845148,-25.004124,23.0,12.54,68.7,10,1.5,19.3,3.736,-6.9,0,1,67958
2026-05-01T12:15:13,25.845615,-25.002270,27.6,13.10,71.9,9,1.6,19.3,3.726,-6.9,0,1,67959
2026-05-01T12:15:42,25.846111,-25.000462,37.0,13.02,79.0,10,1.3,19.3,3.736,-6.9,0,1,67960
2026-05-01T12:16:12,25.846598,-24.998587,41.3,12.78,63.2,11,1.3,19.3,3.735,-6.9,0,1,67961
2026-05-01T12:16:41,25.847004,-24.996758,39.3,11.52,82.9,11,1.3,19.1,3.725,-6.9,0,1,67962
2026-05-01T12:17:11,25.847540,-24.994881,39.1,12.69,77.1,11,1.3,19.1,3.735,-6.9,0,1,67963
2026-05-01T12:17:40,25.847929,-24.993055,38.8,11.88,75.4,12,1.3,19.1,3.734,-6.9,0,1,67964
2026-05-01T12:18:09,25.848400,-24.991211,40.6,11.95,62.8,11,1.5,19.3,3.731,-6.9,0,1,67965
2026-05-01T12:18:39,25.848743,-24.989279,46.3,12.64,68.2,12,1.3,19.1,3.735,-6.9,0,1,67966
2026-05-01T12:19:08,25.849157,-24.987438,41.9,12.94,81.8,10,1.6,19.1,3.734,-6.9,0,1,67967
2026-05-01T12:19:38,25.849661,-24.985561,34.6,12.94,69.6,13,1.2,19.6,3.735,-6.9,0,1,67968
2026-05-01T12:20:07,25.850132,-24.983742,31.1,12.81,64.6,12,1.2,18.5,3.734,-6.9,0,1,67969
2026-05-01T12:20:37,25.850552,-24.981857,27.7,12.64,74.1,11,1.3,19.6,3.730,-6.9,0,1,67970
2026-05-01T12:21:06,25.851021,-24.980059,27.7,12.51,64.7,13,1.1,19.3,3.735,-6.9,0,1,67971
2026-05-01T12:21:36,25.851383,-24.978136,27.1,12.90,84.5,12,1.2,18.8,3.733,-6.9,0,1,67972
2026-05-01T12:22:05,25.851877,-24.976374,25.9,12.49,71.2,11,1.3,19.1,3.734,-6.9,0,1,67973
2026-05-01T12:22:34,25.852333,-24.974548,20.8,13.17,69.2,13,1.1,19.3,3.734,-6.9,0,1,67974
2026-05-01T12:23:04,25.852829,-24.972670,15.4,12.88,61.1,11,1.4,19.3,3.735,-6.9,0,1,67975
2026-05-01T12:23:33,25.853212,-24.970827,17.1,12.06,80.7,12,1.2,19.3,3.735,-6.9,0,1,67976
2026-05-01T12:24:03,25.853716,-24.968966,19.8,13.45,75.9,13,1.1,18.8,3.725,-6.9,0,1,67977
2026-05-01T12:24:32,25.854160,-24.967192,20.0,12.16,76.6,12,1.2,19.3,3.734,-6.9,0,1,67978
2026-05-01T12:25:02,25.854633,-24.965281,24.0,12.28,77.5,13,1.1,19.1,3.735,-6.9,0,1,67979
2026-05-01T12:25:31,25.855022,-24.963432,19.8,12.50,79.9,12,1.1,19.1,3.733,-6.9,0,1,67980
2026-05-01T12:26:01,25.855572,-24.961571,22.7,12.20,64.7,13,1.1,19.1,3.727,-6.9,0,1,67981
2026-05-01T12:26:30,25.855942,-24.959774,23.2,11.39,79.0,10,1.4,18.8,3.723,-6.9,0,1,67982
2026-05-01T12:26:59,25.856417,-24.957939,24.6,13.39,65.3,13,1.1,19.3,3.730,-6.9,0,1,67983
2026-05-01T12:27:29,25.856846,-24.956068,27.8,13.07,73.9,12,1.2,19.1,3.733,-6.9,0,1,67984
2026-05-01T12:27:58,25.857290,-24.954235,25.4,12.13,71.9,10,2.1,18.5,3.731,-6.9,0,1,67985
2026-05-01T12:28:28,25.857643,-24.952400,22.1,12.64,68.9,14,1.0,19.1,3.726,-6.9,0,1,67986
2026-05-01T12:28:57,25.858158,-24.950571,31.8,12.73,73.8,12,1.2,19.1,3.725,-6.9,0,1,67987
2026-05-01T12:29:27,25.858562,-24.948778,28.8,12.20,80.6,14,1.0,19.1,3.720,-6.9,0,1,67988
2026-05-01T12:29:56,25.859035,-24.946934,22.9,12.12,78.0,13,1.1,18.3,3.726,-7.1,0,1,67989
2026-05-01T12:30:26,25.859516,-24.945120,24.9,12.38,69.2,13,1.1,18.5,3.733,-6.9,0,1,67990
2026-05-01T12:30:55,25.859858,-24.943325,17.6,12.21,72.9,11,1.3,18.8,3.730,-6.9,0,1,67991
2026-05-01T12:31:24,25.860229,-24.941525,16.6,12.47,71.0,13,1.2,18.8,3.729,-6.9,0,1,67992
2026-05-01T12:31:54,25.860636,-24.939669,11.8,12.02,83.2,14,1.0,19.1,3.733,-6.9,0,1,67993
2026-05-01T12:32:23,25.861074,-24.937878,14.5,12.01,76.9,11,1.7,18.5,3.724,-6.9,0,1,67994
2026-05-01T12:32:53,25.861496,-24.936022,18.5,12.77,72.0,13,1.2,19.3,3.725,-6.9,0,1,67995
2026-05-01T12:33:22,25.861887,-24.934229,18.4,12.58,78.0,10,1.4,18.5,3.729,-6.9,0,1,67996
2026-05-01T12:33:52,25.862322,-24.932442,23.7,11.09,80.9,13,1.2,18.5,3.730,-6.9,0,1,67997
2026-05-01T12:34:21,25.862783,-24.930660,25.2,12.99,68.3,10,1.4,18.3,3.729,-7.1,0,1,67998
2026-05-01T12:34:51,25.863205,-24.928793,19.6,11.96,74.2,13,1.2,18.3,3.726,-7.1,0,1,67999
2026-05-01T12:35:20,25.863567,-24.927027,19.5,12.01,74.8,11,1.4,18.3,3.725,-7.1,0,1,68000
2026-05-01T12:35:49,25.864006,-24.925224,16.8,12.72,74.2,12,1.1,18.5,3.729,-6.9,0,1,68001
2026-05-01T12:36:19,25.864513,-24.923374,13.8,12.70,70.8,12,1.4,18.5,3.730,-6.9,0,1,68002
2026-05-01T12:36:48,25.864887,-24.921598,14.1,12.34,75.5,12,1.1,18.0,3.723,-6.9,0,1,68003
2026-05-01T12:37:18,25.865343,-24.919815,18.3,12.53,68.5,10,1.8,18.0,3.725,-6.9,0,1,68004
2026-05-01T12:37:47,25.865688,-24.918060,19.9,12.12,74.7,11,1.3,18.5,3.723,-6.9,0,1,68005
2026-05-01T12:38:17,25.866150,-24.916201,23.7,12.46,76.7,11,1.8,18.3,3.729,-7.1,0,1,68006
2026-05-01T12:38:46,25.866608,-24.914469,23.5,11.47,74.1,10,1.8,18.3,3.729,-7.1,0,1,68007
2026-05-01T12:39:16,25.867069,-24.912636,22.8,12.22,72.9,10,1.8,18.0,3.726,-6.9,0,1,68008
2026-05-01T12:39:45,25.867504,-24.910830,21.6,12.46,70.1,10,1.8,18.0,3.729,-6.9,0,1,68009
2026-05-01T12:40:14,25.867887,-24.909052,19.8,12.31,75.7,10,1.8,18.3,3.725,-7.1,0,1,68010
2026-05-01T12:40:44,25.868324,-24.907207,18.6,12.30,71.2,10,1.8,18.3,3.730,-7.1,0,1,68011
2026-05-01T12:41:13,25.868752,-24.905434,17.8,12.51,69.5,10,1.8,18.0,3.730,-6.9,0,1,68012
2026-05-01T12:41:43,25.869205,-24.903564,18.0,12.57,72.5,11,1.3,18.3,3.724,-7.1,0,1,68013
2026-05-01T12:42:12,25.869564,-24.901783,12.0,12.90,70.7,11,1.8,18.5,3.729,-6.9,0,1,68014
2026-05-01T12:42:42,25.870010,-24.899916,13.2,12.67,80.0,11,1.8,18.3,3.724,-7.1,0,1,68015
2026-05-01T12:43:11,25.870449,-24.898117,17.4,11.61,75.2,11,1.8,18.0,3.717,-6.9,0,1,68016
2026-05-01T12:43:41,25.870859,-24.896290,20.6,12.97,79.7,12,1.3,18.3,3.727,-7.1,0,1,68017
2026-05-01T12:44:10,25.871309,-24.894493,18.9,13.24,80.2,11,1.8,18.0,3.727,-6.9,0,1,68018
2026-05-01T12:44:39,25.871696,-24.892702,16.9,12.60,73.7,10,1.8,17.8,3.727,-6.9,0,1,68019
2026-05-01T12:45:09,25.872084,-24.890902,18.3,11.96,69.8,10,1.8,17.8,3.729,-6.9,0,1,68020
2026-05-01T12:45:38,25.872536,-24.889088,20.4,11.70,82.3,11,1.7,18.0,3.727,-6.9,0,1,68021
2026-05-01T12:46:08,25.873022,-24.887218,20.1,12.37,73.2,11,1.7,17.5,3.727,-6.9,0,1,68022
2026-05-01T12:46:37,25.873457,-24.885462,20.6,12.19,75.1,10,1.8,18.0,3.723,-6.9,0,1,68023
2026-05-01T12:47:07,25.873938,-24.883600,18.5,12.79,74.5,11,1.7,18.3,3.727,-7.1,0,1,68024
2026-05-01T12:47:36,25.874353,-24.881853,16.8,11.93,75.8,11,1.7,17.8,3.727,-6.9,0,1,68025
2026-05-01T12:48:06,25.874800,-24.880043,14.7,12.43,70.3,11,1.7,18.0,3.719,-6.9,0,1,68026
2026-05-01T12:48:35,25.875282,-24.878237,21.8,12.31,68.6,10,1.7,18.0,3.725,-6.9,0,1,68027
2026-05-01T12:49:04,25.875732,-24.876467,23.0,12.98,62.3,10,1.8,18.0,3.727,-6.9,0,1,68028
2026-05-01T12:49:34,25.876093,-24.874620,15.2,12.61,76.4,10,1.8,18.3,3.729,-7.1,0,1,68029
2026-05-01T12:50:03,25.876501,-24.872803,13.7,11.94,78.1,10,1.7,17.8,3.721,-6.9,0,1,68030
2026-05-01T12:50:33,25.876963,-24.870953,13.6,12.32,66.9,10,1.7,17.5,3.727,-6.9,0,1,68031
2026-05-01T12:51:02,25.877293,-24.869131,20.3,12.42,83.7,10,1.7,17.2,3.726,-6.9,0,1,68032
2026-05-01T12:51:32,25.877699,-24.867306,16.2,12.14,73.4,10,1.7,17.5,3.719,-6.9,0,1,68033
2026-05-01T12:52:01,25.878147,-24.865513,16.2,12.08,69.6,10,1.7,17.8,3.727,-6.9,0,1,68034
2026-05-01T12:52:31,25.878584,-24.863667,18.5,11.30,69.7,10,1.7,17.8,3.721,-6.9,0,1,68035
2026-05-01T12:53:00,25.878992,-24.861828,19.7,13.34,83.0,10,1.7,17.2,3.726,-6.9,0,1,68036
2026-05-01T12:53:29,25.879496,-24.860062,23.2,13.26,74.5,10,1.7,17.5,3.725,-6.9,0,1,68037
2026-05-01T12:53:59,25.879889,-24.858200,21.6,11.87,79.8,10,1.7,18.0,3.726,-6.9,0,1,68038
2026-05-01T12:54:28,25.880362,-24.856369,20.3,11.89,77.2,10,1.7,17.5,3.720,-6.9,0,1,68039
2026-05-01T12:54:58,25.880806,-24.854485,21.7,13.86,81.3,11,1.6,17.5,3.720,-6.9,0,1,68040
2026-05-01T12:55:27,25.881256,-24.852749,20.6,12.25,72.2,11,1.5,17.2,3.716,-6.9,0,1,68041
2026-05-01T12:55:57,25.881664,-24.850872,14.1,11.90,73.6,9,2.0,17.0,3.717,-6.9,0,1,68042
2026-05-01T12:56:26,25.882139,-24.849060,23.6,12.96,83.0,12,1.5,17.5,3.725,-6.9,0,1,68043
2026-05-01T12:56:56,25.882534,-24.847223,27.6,12.71,74.7,11,1.6,17.0,3.720,-6.9,0,1,68044
2026-05-01T12:57:25,25.883217,-24.845488,25.4,12.71,78.8,11,1.5,17.0,3.726,-6.9,0,1,68045
2026-05-01T12:57:54,25.883768,-24.843668,18.3,12.91,75.0,9,2.0,17.2,3.726,-6.9,0,1,68046
2026-05-01T12:58:24,25.884253,-24.841879,13.6,11.84,63.3,10,1.6,17.2,3.724,-6.9,0,1,68047
2026-05-01T12:58:53,25.884686,-24.840088,7.9,12.97,67.2,11,1.6,17.2,3.727,-6.9,0,1,68048
2026-05-01T12:59:23,25.885063,-24.838209,5.4,12.00,76.9,9,1.7,17.2,3.717,-6.9,0,1,68049
2026-05-01T12:59:52,25.885302,-24.836374,6.3,11.75,76.5,9,1.7,17.2,3.725,-6.9,0,1,68050
2026-05-01T13:00:22,25.885788,-24.834541,13.1,12.22,74.6,9,1.7,17.0,3.717,-6.9,0,1,68051
2026-05-01T13:00:51,25.886141,-24.832769,9.6,12.24,75.1,9,1.6,17.0,3.715,-6.9,0,1,68052
2026-05-01T13:01:21,25.886494,-24.830963,7.9,12.88,73.6,10,1.6,16.7,3.724,-6.9,0,1,68053
2026-05-01T13:01:50,25.886950,-24.829201,7.1,11.29,74.4,9,1.6,17.0,3.719,-6.9,0,1,68054
2026-05-01T13:02:19,25.887321,-24.827435,4.9,12.30,82.2,9,1.6,17.0,3.723,-6.9,0,1,68055
2026-05-01T13:02:49,25.887751,-24.825619,3.3,13.14,74.7,9,1.6,17.2,3.725,-6.9,0,1,68056
2026-05-01T13:03:18,25.888201,-24.823881,0.6,11.99,77.3,9,1.6,16.7,3.715,-6.9,0,1,68057
2026-05-01T13:03:48,25.888702,-24.822050,-3.3,12.54,79.1,9,1.6,16.7,3.723,-6.9,0,1,68058
2026-05-01T13:04:17,25.889214,-24.820295,-5.4,13.32,75.5,9,1.6,17.0,3.713,-6.9,0,1,68059
2026-05-01T13:04:47,25.889608,-24.818386,-8.4,12.92,80.2,10,1.5,16.5,3.723,-6.9,0,1,68060
2026-05-01T13:05:16,25.890001,-24.816647,-3.8,12.98,74.8,11,1.4,17.0,3.723,-6.9,0,1,68061
2026-05-01T13:05:46,25.890478,-24.814789,-9.6,12.28,81.2,10,1.5,17.2,3.717,-6.9,0,1,68062
2026-05-01T13:06:15,25.890965,-24.812977,-7.5,12.71,73.9,10,1.6,16.5,3.725,-6.9,0,1,68063
2026-05-01T13:06:44,25.891438,-24.811230,-4.5,12.23,72.8,11,1.4,16.7,3.717,-6.9,0,1,68064
2026-05-01T13:07:14,25.891806,-24.809332,-3.6,14.50,71.0,10,1.4,17.2,3.723,-6.9,0,1,68065
2026-05-01T13:07:43,25.892286,-24.807570,-4.8,13.03,68.7,9,2.1,16.7,3.724,-6.9,0,1,68066
2026-05-01T13:08:13,25.892723,-24.805727,-1.1,11.05,74.2,11,1.4,16.7,3.720,-6.9,0,1,68067
2026-05-01T13:08:42,25.893099,-24.803946,-4.2,12.23,71.0,11,1.3,16.5,3.713,-6.9,0,1,68068
2026-05-01T13:09:12,25.893560,-24.802038,-5.9,12.74,71.9,11,1.3,17.2,3.716,-6.9,0,1,68069
2026-05-01T13:09:41,25.893959,-24.800285,-5.1,11.82,75.6,11,1.3,16.7,3.723,-6.9,0,1,68070
2026-05-01T13:10:11,25.894426,-24.798420,2.3,13.01,62.0,11,1.3,16.7,3.713,-6.9,0,1,68071
2026-05-01T13:10:40,25.894785,-24.796654,2.6,12.27,63.2,10,1.8,16.5,3.724,-6.9,0,1,68072
2026-05-01T13:11:09,25.895296,-24.794886,5.2,13.18,64.0,11,1.3,16.5,3.723,-6.9,0,1,68073
2026-05-01T13:11:39,25.895576,-24.793041,12.1,12.10,67.4,11,1.7,17.0,3.723,-6.9,0,1,68074
2026-05-01T13:12:08,25.896006,-24.791265,15.5,12.37,77.3,11,1.4,16.5,3.714,-6.9,0,1,68075
2026-05-01T13:12:38,25.896627,-24.789488,16.1,12.63,63.6,11,1.4,17.0,3.720,-6.9,0,1,68076
2026-05-01T13:13:07,25.897049,-24.787746,12.4,11.96,70.7,10,1.6,16.7,3.723,-6.9,0,1,68077
2026-05-01T13:13:37,25.897507,-24.785938,12.8,11.87,78.2,11,1.4,16.2,3.715,-7.1,0,1,68078
2026-05-01T13:14:06,25.897877,-24.784164,10.9,12.56,75.4,10,1.6,16.5,3.716,-6.9,0,1,68079
2026-05-01T13:14:36,25.898197,-24.782293,19.5,11.81,75.9,11,1.4,16.2,3.709,-7.1,0,1,68080
2026-05-01T13:15:05,25.898586,-24.780470,10.6,13.93,61.2,11,1.4,16.7,3.721,-6.9,0,1,68081
2026-05-01T13:15:34,25.898945,-24.778749,12.1,11.53,64.2,11,1.4,17.0,3.720,-6.9,0,1,68082
2026-05-01T13:16:04,25.899443,-24.776932,17.1,12.05,80.1,10,1.4,16.5,3.715,-6.9,0,1,68083
2026-05-01T13:16:33,25.899904,-24.775192,18.2,11.14,69.6,12,1.3,16.5,3.714,-6.9,0,1,68084
2026-05-01T13:17:03,25.900345,-24.773338,13.3,12.85,63.8,12,1.3,15.9,3.723,-6.9,0,1,68085
2026-05-01T13:17:32,25.900814,-24.771532,13.6,12.19,79.6,12,1.2,16.2,3.711,-7.1,0,1,68086
2026-05-01T13:18:02,25.901417,-24.769760,24.5,12.49,68.6,12,1.2,16.5,3.715,-6.9,0,1,68087
2026-05-01T13:18:31,25.901796,-24.768000,22.8,12.30,71.0,12,1.2,16.2,3.711,-7.1,0,1,68088
2026-05-01T13:19:01,25.902254,-24.766216,23.3,12.11,62.3,12,1.2,16.5,3.720,-6.9,0,1,68089
2026-05-01T13:19:30,25.902685,-24.764431,24.2,11.06,71.9,11,1.3,16.2,3.715,-7.1,0,1,68090
2026-05-01T13:19:59,25.903070,-24.762663,22.1,12.41,70.1,12,1.2,16.5,3.717,-6.9,0,1,68091
2026-05-01T13:20:29,25.903467,-24.760830,21.7,12.51,76.7,12,1.2,15.9,3.720,-6.9,0,1,68092
2026-05-01T13:20:58,25.903875,-24.759092,26.6,12.43,83.6,12,1.2,16.2,3.721,-7.1,0,1,68093
2026-05-01T13:21:28,25.904184,-24.757212,20.8,13.73,91.2,12,1.2,16.2,3.716,-7.1,0,1,68094
2026-05-01T13:21:57,25.904602,-24.755470,25.4,13.13,69.6,11,1.3,16.2,3.721,-7.1,0,1,68095
2026-05-01T13:22:27,25.905161,-24.753691,26.5,12.72,71.7,12,1.2,16.2,3.713,-7.1,0,1,68096
2026-05-01T13:22:56,25.905577,-24.751949,27.1,10.70,81.1,11,1.4,15.9,3.721,-6.9,0,1,68097
2026-05-01T13:23:26,25.906004,-24.750154,30.3,11.51,68.2,10,1.5,15.9,3.714,-6.9,0,1,68098
2026-05-01T13:23:55,25.906473,-24.748369,32.9,13.08,71.3,12,1.2,15.9,3.720,-6.9,0,1,68099
2026-05-01T13:24:24,25.906839,-24.746626,30.2,11.44,77.8,11,1.3,16.2,3.719,-7.1,0,1,68100
2026-05-01T13:24:54,25.907282,-24.744812,28.3,12.51,71.7,12,1.2,16.7,3.710,-6.9,0,1,68101
2026-05-01T13:25:23,25.907631,-24.743063,23.6,12.08,75.7,12,1.2,15.9,3.717,-6.9,0,1,68102
2026-05-01T13:25:53,25.908092,-24.741219,26.0,12.49,77.1,11,1.4,15.9,3.715,-6.9,0,1,68103
2026-05-01T13:26:22,25.908442,-24.739441,20.4,11.49,75.1,12,1.2,16.2,3.709,-7.1,0,1,68104
2026-05-01T13:26:52,25.908920,-24.737654,22.9,12.52,67.0,12,1.2,15.9,3.714,-6.9,0,1,68105
2026-05-01T13:27:21,25.909302,-24.735901,20.9,12.44,70.9,11,1.4,15.9,3.720,-6.9,0,1,68106
2026-05-01T13:27:51,25.909718,-24.734087,18.1,11.92,73.1,12,1.2,15.7,3.719,-6.9,0,1,68107
2026-05-01T13:28:20,25.910128,-24.732332,15.3,11.82,71.6,12,1.1,15.7,3.713,-6.9,0,1,68108
2026-05-01T13:28:49,25.910547,-24.730566,13.5,11.99,73.4,11,1.4,15.9,3.716,-6.9,0,1,68109
2026-05-01T13:29:19,25.910954,-24.728735,11.4,11.58,73.3,11,1.4,16.5,3.719,-6.9,0,1,68110
2026-05-01T13:29:48,25.911316,-24.726969,11.4,12.64,80.6,11,1.4,15.9,3.710,-6.9,0,1,68111
2026-05-01T13:30:18,25.911697,-24.725142,16.2,12.15,77.5,12,1.1,15.9,3.720,-6.9,0,1,68112
2026-05-01T13:30:47,25.912144,-24.723402,25.5,12.32,66.2,12,1.3,15.9,3.713,-6.9,0,1,68113
2026-05-01T13:31:17,25.912642,-24.721596,28.0,12.75,65.0,10,1.3,15.4,3.709,-6.9,0,1,68114
2026-05-01T13:31:46,25.913189,-24.719818,32.3,12.38,70.2,11,1.3,15.4,3.717,-6.9,0,1,68115
2026-05-01T13:32:16,25.913496,-24.718023,29.7,11.95,81.7,11,1.3,15.9,3.711,-6.9,0,1,68116
2026-05-01T13:32:45,25.913910,-24.716274,30.2,11.91,79.8,13,1.1,15.4,3.716,-6.9,0,1,68117
2026-05-01T13:33:14,25.914368,-24.714525,29.2,12.13,81.5,12,1.5,15.4,3.715,-6.9,0,1,68118
2026-05-01T13:33:44,25.914759,-24.712698,31.1,12.44,82.0,11,1.9,15.7,3.715,-6.9,0,1,68119
2026-05-01T13:34:13,25.915207,-24.710999,26.3,12.29,74.4,13,1.1,15.2,3.710,-6.9,0,1,68120
2026-05-01T13:34:43,25.915680,-24.709209,24.7,12.94,74.3,12,1.3,15.4,3.705,-6.9,0,1,68121
2026-05-01T13:35:12,25.916119,-24.707487,25.1,12.60,70.9,12,1.3,15.2,3.716,-6.9,0,1,68122
2026-05-01T13:35:42,25.916513,-24.705633,33.7,11.49,76.8,11,1.3,15.2,3.706,-6.9,0,1,68123
2026-05-01T13:36:11,25.916893,-24.703913,30.6,11.00,73.0,13,1.1,15.2,3.715,-6.9,0,1,68124
2026-05-01T13:36:41,25.917278,-24.702116,31.5,13.21,79.4,12,1.1,15.2,3.707,-6.9,0,1,68125
2026-05-01T13:37:10,25.917736,-24.700409,34.1,11.75,70.6,12,1.3,14.9,3.716,-6.9,0,1,68126
2026-05-01T13:37:39,25.918118,-24.698664,32.4,11.94,76.5,8,2.2,15.2,3.714,-6.9,0,1,68127
2026-05-01T13:38:09,25.918507,-24.696863,27.1,12.71,74.9,12,1.1,15.2,3.713,-6.9,0,1,68128
2026-05-01T13:38:38,25.918873,-24.695152,32.7,11.10,74.8,11,1.5,15.2,3.710,403.9,0,1,68129
2026-05-01T13:39:08,25.919270,-24.693384,26.1,11.56,67.7,12,1.3,15.4,3.714,-6.9,0,1,68130
2026-05-01T13:39:37,25.919680,-24.691658,24.9,11.10,74.5,11,1.5,15.2,3.707,-6.9,0,1,68131
2026-05-01T13:40:07,25.920073,-24.689877,23.2,11.91,77.0,10,2.1,15.2,3.716,-6.9,0,1,68132
2026-05-01T13:40:36,25.920511,-24.688156,28.2,12.13,65.2,11,1.4,14.9,3.704,-6.9,0,1,68133
2026-05-01T13:41:06,25.920897,-24.686373,26.1,11.84,79.0,12,1.3,15.2,3.715,-6.9,0,1,68134
2026-05-01T13:41:35,25.921280,-24.684639,22.2,12.23,74.0,12,1.3,15.4,3.710,-6.9,0,1,68135
2026-05-01T13:42:04,25.921703,-24.682930,19.3,11.51,81.4,12,1.3,15.4,3.714,-6.9,0,1,68136
2026-05-01T13:42:34,25.922117,-24.681149,18.2,11.96,81.7,12,1.3,15.2,3.716,-6.9,0,1,68137
2026-05-01T13:43:03,25.922546,-24.679466,16.1,12.62,78.1,11,1.4,14.9,3.707,-6.9,0,1,68138
2026-05-01T13:43:33,25.922983,-24.677662,16.7,12.19,81.3,12,1.3,14.9,3.705,-6.9,0,1,68139
2026-05-01T13:44:02,25.923336,-24.675926,14.2,11.90,79.7,12,1.3,15.4,3.706,-6.9,0,1,68140
2026-05-01T13:44:32,25.923689,-24.674166,8.9,11.47,77.1,12,1.3,15.2,3.706,-6.9,0,1,68141
2026-05-01T13:45:01,25.924154,-24.672459,8.3,12.33,70.4,12,1.3,15.2,3.714,-6.9,0,1,68142
2026-05-01T13:45:31,25.924566,-24.670717,-1.1,11.66,64.6,11,1.9,14.9,3.706,-6.9,0,1,68143
2026-05-01T13:46:00,25.924934,-24.668997,-1.7,11.67,76.9,10,2.0,14.9,3.713,-6.9,0,1,68144
2026-05-01T13:46:29,25.925381,-24.667316,-4.4,11.75,64.5,10,2.0,14.9,3.713,-6.9,0,1,68145
2026-05-01T13:46:59,25.925787,-24.665545,-7.1,10.93,65.1,12,1.2,15.2,3.713,-6.9,0,1,68146
2026-05-01T13:47:28,25.926098,-24.663759,-9.4,11.92,74.9,9,2.0,14.7,3.703,-6.9,0,1,68147
2026-05-01T13:47:58,25.926535,-24.661953,3.5,11.08,73.4,11,1.8,14.7,3.711,-6.9,0,1,68148
2026-05-01T13:48:27,25.927015,-24.660238,9.5,12.30,77.5,10,1.8,14.9,3.713,-6.9,0,1,68149
2026-05-01T13:48:57,25.927435,-24.658440,7.9,11.88,76.5,11,1.8,14.9,3.707,-6.9,0,1,68150
2026-05-01T13:49:26,25.927858,-24.656681,12.7,11.48,77.0,11,1.8,14.7,3.713,-6.9,0,1,68151
2026-05-01T13:49:56,25.928272,-24.654930,13.9,11.72,74.1,10,1.8,14.4,3.711,-6.9,0,1,68152
2026-05-01T13:50:25,25.928759,-24.653145,11.0,12.56,69.5,11,1.8,14.7,3.713,-6.9,0,1,68153
2026-05-01T13:50:54,25.929073,-24.651390,14.3,13.02,68.9,10,1.9,14.4,3.710,-6.9,0,1,68154
2026-05-01T13:51:24,25.929600,-24.649662,7.4,11.89,69.5,11,1.8,14.9,3.711,-6.9,0,1,68155
2026-05-01T13:51:53,25.930042,-24.647900,15.2,12.29,72.3,11,1.8,14.4,3.704,-6.9,0,1,68156
2026-05-01T13:52:23,25.930464,-24.646065,5.8,12.54,70.0,10,1.8,14.1,3.703,-7.1,0,1,68157
2026-05-01T13:52:52,25.930847,-24.644344,-0.3,11.04,73.8,10,1.8,14.4,3.705,-6.9,0,1,68158
2026-05-01T13:53:22,25.931263,-24.642519,-0.6,12.32,78.4,11,1.8,14.1,3.713,-7.1,0,1,68159
2026-05-01T13:53:51,25.931705,-24.640711,8.1,12.07,71.1,10,1.9,14.4,3.704,-6.9,0,1,68160
2026-05-01T13:54:21,25.932106,-24.638943,3.0,12.05,74.5,10,1.8,14.4,3.706,-6.9,0,1,68161
2026-05-01T13:54:50,25.932495,-24.637169,4.1,12.81,75.7,10,1.8,14.4,3.710,-6.9,0,1,68162
2026-05-01T13:55:19,25.932972,-24.635391,6.9,13.17,62.7,10,1.7,14.4,3.709,-6.9,0,1,68163
2026-05-01T13:55:49,25.933397,-24.633617,4.5,12.03,77.4,9,1.8,14.4,3.710,-6.9,0,1,68164
2026-05-01T13:56:18,25.933781,-24.631855,8.3,11.67,81.4,10,1.7,14.4,3.709,-6.9,0,1,68165
2026-05-01T13:56:48,25.934242,-24.630075,5.0,12.18,71.4,9,1.8,14.9,3.706,-6.9,0,1,68166
2026-05-01T13:57:17,25.934639,-24.628302,5.4,11.68,77.2,10,1.7,13.9,3.697,-6.9,0,1,68167
2026-05-01T13:57:47,25.935017,-24.626471,6.6,12.51,79.5,9,1.8,14.4,3.706,-6.9,0,1,68168
2026-05-01T13:58:16,25.935421,-24.624718,3.8,12.55,72.6,10,1.7,14.1,3.707,-7.1,0,1,68169
2026-05-01T13:58:46,25.935877,-24.622890,2.9,12.34,73.9,9,1.7,13.9,3.710,-6.9,0,1,68170
2026-05-01T13:59:15,25.936230,-24.621151,-1.2,11.77,76.2,9,1.7,13.6,3.709,-6.9,0,1,68171
2026-05-01T13:59:44,25.936695,-24.619423,-0.7,11.96,68.9,9,1.7,13.6,3.706,-6.9,0,1,68172
2026-05-01T14:00:14,25.937063,-24.617624,-0.2,12.16,75.9,10,1.6,14.1,3.713,-7.1,0,1,68173
2026-05-01T14:00:43,25.937433,-24.615881,1.2,11.75,79.7,10,1.6,14.1,3.701,-7.1,0,1,68174
2026-05-01T14:01:13,25.937857,-24.614090,2.1,12.12,74.2,9,1.7,13.9,3.705,-6.9,0,1,68175
2026-05-01T14:01:42,25.938261,-24.612345,2.1,12.10,75.1,10,1.6,13.9,3.710,-6.9,0,1,68176
2026-05-01T14:02:12,25.938681,-24.610563,2.9,11.73,78.1,9,1.7,13.9,3.710,-6.9,0,1,68177
2026-05-01T14:02:41,25.939114,-24.608801,2.6,12.41,75.9,10,1.7,13.9,3.709,-6.9,0,1,68178
2026-05-01T14:03:11,25.939552,-24.607014,2.6,12.47,74.5,9,1.7,14.1,3.703,-7.1,0,1,68179
2026-05-01T14:03:40,25.939953,-24.605291,1.5,12.10,71.6,10,1.6,13.4,3.709,-6.9,0,1,68180
2026-05-01T14:04:09,25.940403,-24.603567,2.2,12.04,72.2,10,1.7,13.9,3.706,-6.9,0,1,68181
2026-05-01T14:04:39,25.940836,-24.601761,2.5,12.20,71.9,9,1.7,14.1,3.710,-7.1,0,1,68182
2026-05-01T14:05:08,25.941221,-24.600031,3.9,11.38,74.5,10,1.7,13.6,3.707,-6.9,0,1,68183
2026-05-01T14:05:38,25.941700,-24.598230,9.2,11.82,67.8,9,1.7,13.6,3.703,-6.9,0,1,68184
2026-05-01T14:06:07,25.942137,-24.596504,17.5,12.67,80.5,9,1.7,13.9,3.700,-6.9,0,1,68185
2026-05-01T14:06:37,25.942682,-24.594728,22.9,13.15,74.9,9,1.6,14.1,3.700,-7.1,0,1,68186
2026-05-01T14:07:06,25.943052,-24.593006,27.5,11.64,74.0,10,1.5,13.6,3.707,-6.9,0,1,68187
2026-05-01T14:07:36,25.943451,-24.591202,28.9,12.08,74.2,9,1.6,13.4,3.701,-6.9,0,1,68188
2026-05-01T14:08:05,25.943922,-24.589491,30.9,12.62,68.7,9,1.6,13.6,3.703,-6.9,0,1,68189
2026-05-01T14:08:34,25.944233,-24.587702,42.0,11.73,69.6,10,1.5,13.6,3.709,-6.9,0,1,68190
2026-05-01T14:09:04,25.944691,-24.585934,42.5,12.11,74.7,9,1.6,13.9,3.709,-6.9,0,1,68191
2026-05-01T14:09:33,25.945164,-24.584206,40.2,12.30,75.3,10,1.5,13.6,3.707,-6.9,0,1,68192
2026-05-01T14:10:03,25.945547,-24.582382,45.3,12.12,73.3,9,1.6,13.9,3.701,-6.9,0,1,68193
2026-05-01T14:10:32,25.945950,-24.580618,50.6,12.53,78.2,9,1.6,13.4,3.700,-6.9,0,1,68194
2026-05-01T14:11:02,25.946371,-24.578798,43.2,12.82,64.7,9,1.6,13.6,3.707,-6.9,0,1,68195
2026-05-01T14:11:31,25.946762,-24.577057,35.5,11.18,72.6,9,1.6,13.6,3.699,-6.9,0,1,68196
2026-05-01T14:12:01,25.947226,-24.575287,35.4,11.80,63.2,9,1.6,13.9,3.707,-6.9,0,1,68197
2026-05-01T14:12:30,25.947563,-24.573517,36.7,11.73,76.6,9,1.6,13.4,3.706,-6.9,0,1,68198
2026-05-01T14:12:59,25.947985,-24.571774,35.5,12.90,69.4,9,1.5,13.6,3.696,-6.9,0,1,68199
2026-05-01T14:13:29,25.948530,-24.570034,37.5,12.72,82.4,8,1.6,14.1,3.707,-7.1,0,1,68200
2026-05-01T14:13:58,25.948853,-24.568300,49.1,12.32,86.1,10,1.5,13.4,3.705,-6.9,0,1,68201
2026-05-01T14:14:28,25.949446,-24.566509,47.2,13.02,74.6,8,2.9,13.6,3.699,-6.9,0,1,68202
2026-05-01T14:14:57,25.949821,-24.564810,41.1,12.30,73.9,9,2.5,13.4,3.707,-6.9,0,1,68203
2026-05-01T14:15:27,25.950302,-24.563025,41.0,11.88,75.6,8,2.8,13.4,3.701,-6.9,0,1,68204
2026-05-01T14:15:56,25.950697,-24.561296,49.2,12.13,71.7,10,1.4,13.1,3.704,-6.9,0,1,68205
2026-05-01T14:16:26,25.951075,-24.559465,47.6,12.33,76.9,8,2.8,13.4,3.700,-6.9,0,1,68206
2026-05-01T14:16:55,25.951435,-24.557684,42.3,11.97,83.2,10,1.4,13.6,3.707,-6.9,0,1,68207
2026-05-01T14:17:24,25.951916,-24.555941,36.6,12.37,69.9,10,1.4,13.6,3.697,-6.9,0,1,68208
2026-05-01T14:17:54,25.952291,-24.554119,34.3,11.65,75.0,9,2.4,13.9,3.700,-6.9,0,1,68209
2026-05-01T14:18:23,25.952797,-24.552370,33.0,12.53,72.6,9,2.4,13.6,3.697,362.5,0,1,68210
2026-05-01T14:18:53,25.953222,-24.550489,26.5,13.93,63.3,8,2.7,13.1,3.703,-6.9,0,1,68211
2026-05-01T14:19:22,25.953592,-24.548759,10.1,12.09,79.0,9,2.3,13.1,3.697,-6.9,0,1,68212
2026-05-01T14:19:52,25.954039,-24.546972,7.4,11.99,70.3,9,1.5,13.1,3.706,-6.9,0,1,68213
2026-05-01T14:20:21,25.954441,-24.545202,-7.8,12.62,71.8,9,2.3,13.4,3.697,-6.9,0,1,68214
2026-05-01T14:20:51,25.954840,-24.543373,-13.0,12.25,74.6,8,2.7,12.8,3.700,-6.9,0,1,68215
2026-05-01T14:21:20,25.955309,-24.541615,-12.3,11.84,69.2,9,2.2,12.8,3.704,-6.9,0,1,68216
2026-05-01T14:21:49,25.955671,-24.539888,-4.2,11.87,76.1,9,2.2,13.1,3.705,-6.9,0,1,68217
2026-05-01T14:22:19,25.956041,-24.538034,0.1,11.94,81.7,9,2.2,12.8,3.705,-6.9,0,1,68218
2026-05-01T14:22:48,25.956427,-24.536306,0.0,12.21,71.2,9,2.2,12.6,3.705,-6.9,0,1,68219
2026-05-01T14:23:18,25.956841,-24.534489,-4.6,11.71,80.2,10,1.3,13.4,3.705,-6.9,0,1,68220
2026-05-01T14:23:47,25.957298,-24.532711,-1.3,12.35,73.4,9,2.1,12.8,3.699,-6.9,0,1,68221
2026-05-01T14:24:17,25.957769,-24.530884,-33.3,12.70,60.5,9,2.1,12.8,3.705,-6.9,0,1,68222
2026-05-01T14:24:46,25.958126,-24.529118,-4.6,12.60,72.1,9,2.1,12.6,3.695,-6.9,0,1,68223
2026-05-01T14:25:16,25.958639,-24.527399,-8.1,12.01,76.1,8,2.5,13.1,3.696,-6.9,0,1,68224
2026-05-01T14:25:45,25.959181,-24.525631,-16.0,12.40,71.7,9,2.1,12.8,3.697,-6.9,0,1,68225
2026-05-01T14:26:14,25.959465,-24.523825,-14.9,13.20,82.7,8,2.5,12.3,3.697,-6.9,0,1,68226
2026-05-01T14:26:44,25.959860,-24.521969,-19.6,12.19,71.1,9,2.0,13.6,3.697,-6.9,0,1,68227
2026-05-01T14:27:13,25.960258,-24.520260,-19.2,11.39,73.9,9,2.0,12.3,3.696,-6.9,0,1,68228
2026-05-01T14:27:43,25.960728,-24.518373,-35.3,12.14,80.2,9,2.0,12.8,3.705,-6.9,0,1,68229
2026-05-01T14:28:12,25.961052,-24.516596,-25.4,12.53,71.5,9,2.0,12.1,3.697,-7.1,0,1,68230
2026-05-01T14:28:42,25.961517,-24.514782,-17.7,11.75,71.7,8,2.4,12.6,3.695,-6.9,0,1,68231
2026-05-01T14:29:11,25.961853,-24.512983,-15.2,11.56,72.2,8,2.4,12.6,3.703,-6.9,0,1,68232
2026-05-01T14:29:41,25.962423,-24.511183,-26.7,11.74,72.2,8,2.4,12.6,3.695,-6.9,0,1,68233
2026-05-01T14:30:10,25.962822,-24.509407,-17.9,12.75,71.9,9,1.9,12.3,3.701,-6.9,0,1,68234
2026-05-01T14:30:39,25.963114,-24.507626,-26.8,11.56,82.1,8,2.4,12.3,3.703,-6.9,0,1,68235
2026-05-01T14:31:09,25.963549,-24.505821,-19.6,12.59,72.9,9,1.9,13.4,3.703,-6.9,0,1,68236
2026-05-01T14:31:38,25.963985,-24.504040,-16.8,12.90,64.3,9,1.9,12.3,3.691,-6.9,0,1,68237
2026-05-01T14:32:08,25.964510,-24.502266,-18.6,12.46,74.4,8,2.3,12.6,3.700,-6.9,0,1,68238
2026-05-01T14:32:37,25.964947,-24.500494,-27.0,12.95,80.5,8,2.3,12.1,3.693,-7.1,0,1,68239
2026-05-01T14:33:07,25.965330,-24.498701,-23.8,11.79,72.9,9,1.8,12.6,3.694,-6.9,0,1,68240
2026-05-01T14:33:36,25.965807,-24.496889,-23.3,12.36,67.1,8,1.9,12.6,3.696,-6.9,0,1,68241
2026-05-01T14:34:06,25.966234,-24.495049,-6.0,12.71,74.1,8,2.3,12.1,3.700,-7.1,0,1,68242
2026-05-01T14:34:35,25.966679,-24.493345,-7.3,12.96,73.6,8,2.2,12.3,3.703,-6.9,0,1,68243
2026-05-01T14:35:04,25.967070,-24.491566,8.3,12.23,65.5,9,1.8,12.6,3.699,-6.9,0,1,68244
2026-05-01T14:35:34,25.967358,-24.489779,5.3,12.07,79.1,8,2.2,12.3,3.701,-6.9,0,1,68245
2026-05-01T14:36:03,25.967941,-24.487999,8.5,11.86,78.4,8,2.2,12.3,3.695,-6.9,0,1,68246
2026-05-01T14:36:33,25.968416,-24.486240,4.7,11.72,74.7,8,2.2,11.8,3.701,-6.9,0,1,68247
2026-05-01T14:37:02,25.968739,-24.484486,0.2,12.96,74.6,9,1.7,12.1,3.685,-7.1,0,1,68248
2026-05-01T14:37:32,25.969212,-24.482685,6.3,11.97,74.7,8,2.2,12.3,3.693,-6.9,0,1,68249
2026-05-01T14:38:01,25.969711,-24.481001,5.7,12.39,71.6,8,2.2,12.3,3.699,-6.9,0,1,68250
2026-05-01T14:38:31,25.970043,-24.479198,13.8,12.77,77.4,8,2.1,12.3,3.693,-6.9,0,1,68251
2026-05-01T14:39:00,25.970444,-24.477526,17.0,12.32,74.3,9,1.9,12.3,3.699,-6.9,0,1,68252
2026-05-01T14:39:29,25.970875,-24.475758,8.5,12.00,77.5,9,1.9,12.1,3.691,-7.1,0,1,68253
2026-05-01T14:39:59,25.971155,-24.473957,5.4,11.03,61.7,9,1.9,12.3,3.697,-6.9,0,1,68254
2026-05-01T14:40:28,25.971586,-24.472311,8.4,11.84,76.1,9,1.9,11.8,3.694,-6.9,0,1,68255
2026-05-01T14:40:58,25.971907,-24.470465,-2.3,12.45,75.7,10,1.7,11.3,3.699,-6.9,0,1,68256
2026-05-01T14:41:27,25.972332,-24.468788,-1.3,12.26,72.4,11,1.4,11.6,3.691,-6.9,0,1,68257
2026-05-01T14:41:57,25.972818,-24.467072,-2.8,10.83,69.7,10,1.7,11.8,3.691,-6.9,0,1,68258
2026-05-01T14:42:26,25.973177,-24.465361,-1.2,11.30,74.0,10,1.7,11.8,3.689,-6.9,0,1,68259
2026-05-01T14:42:56,25.973593,-24.463634,-1.1,11.46,72.8,11,1.4,11.8,3.694,-6.9,0,1,68260
2026-05-01T14:43:25,25.973949,-24.461943,2.3,12.32,82.7,9,1.7,11.6,3.691,-6.9,0,1,68261
2026-05-01T14:43:54,25.974409,-24.460281,6.9,11.83,72.2,10,1.6,11.8,3.694,-6.9,0,1,68262
2026-05-01T14:44:24,25.974806,-24.458540,5.0,11.22,67.7,10,1.6,11.8,3.699,-6.9,0,1,68263
2026-05-01T14:44:53,25.975182,-24.456783,-6.0,11.32,72.6,11,1.5,11.6,3.695,-6.9,0,1,68264
2026-05-01T14:45:23,25.975618,-24.455065,-4.3,10.81,61.2,10,1.5,12.1,3.694,-7.1,0,1,68265
2026-05-01T14:45:52,25.975975,-24.453329,-0.3,11.51,70.7,10,1.5,11.6,3.697,-6.9,0,1,68266
2026-05-01T14:46:22,25.976383,-24.451595,-0.4,11.60,62.5,10,1.5,12.3,3.693,-6.9,0,1,68267
2026-05-01T14:46:51,25.976730,-24.449903,-4.9,11.63,74.6,9,1.7,11.6,3.697,-6.9,0,1,68268
2026-05-01T14:47:21,25.977102,-24.448126,-12.6,12.20,85.9,10,1.5,11.8,3.693,-6.9,0,1,68269
2026-05-01T14:47:50,25.977556,-24.446444,-13.5,11.51,82.2,10,1.5,11.3,3.697,-6.9,0,1,68270
2026-05-01T14:48:19,25.977999,-24.444775,-7.4,11.84,77.3,10,1.5,11.3,3.696,-6.9,0,1,68271
2026-05-01T14:48:49,25.978374,-24.443029,-3.4,13.36,86.5,10,1.5,11.6,3.697,-6.9,0,1,68272
2026-05-01T14:49:18,25.978754,-24.441376,-2.8,12.69,85.9,10,1.5,11.3,3.689,-6.9,0,1,68273
2026-05-01T14:49:48,25.979143,-24.439585,-8.3,11.51,65.5,10,1.5,11.3,3.690,-6.9,0,1,68274
2026-05-01T14:50:17,25.979511,-24.437918,-6.3,12.07,87.5,10,1.5,11.6,3.694,-6.9,0,1,68275
2026-05-01T14:50:47,25.980001,-24.436199,-5.9,12.15,79.0,10,1.5,11.8,3.691,-6.9,0,1,68276
2026-05-01T14:51:16,25.980295,-24.434492,-0.8,11.30,74.0,10,1.5,11.8,3.688,-6.9,0,1,68277
2026-05-01T14:51:46,25.980801,-24.432762,-3.4,11.07,71.8,11,1.5,11.0,3.696,-6.9,0,1,68278
2026-05-01T14:52:15,25.981203,-24.431116,2.6,11.15,68.4,10,1.6,11.3,3.685,-6.9,0,1,68279
2026-05-01T14:52:44,25.981527,-24.429384,4.0,11.90,83.3,11,1.5,11.6,3.695,-6.9,0,1,68280
2026-05-01T14:53:14,25.981956,-24.427612,-1.8,12.15,76.5,11,1.5,11.8,3.694,-6.9,0,1,68281
2026-05-01T14:53:43,25.982357,-24.425871,0.4,11.92,81.1,11,1.5,11.0,3.688,-6.9,0,1,68282
2026-05-01T14:54:13,25.982857,-24.424192,13.0,12.01,75.3,11,1.5,11.6,3.688,-6.9,0,1,68283
2026-05-01T14:54:42,25.983232,-24.422506,7.2,12.12,72.4,11,1.5,11.6,3.696,-6.9,0,1,68284
2026-05-01T14:55:11,25.983643,-24.420841,13.0,11.13,73.7,11,1.5,11.0,3.689,-6.9,0,1,68285
2026-05-01T14:55:41,25.984060,-24.419090,7.8,12.18,75.5,11,1.5,11.3,3.690,-6.9,0,1,68286
2026-05-01T14:56:10,25.984467,-24.417387,9.7,11.81,72.3,10,1.5,11.0,3.695,-6.9,0,1,68287
2026-05-01T14:56:39,25.984867,-24.415728,12.8,12.02,68.3,11,1.5,11.0,3.695,-6.9,0,1,68288
2026-05-01T14:57:09,25.985304,-24.414036,8.6,10.27,60.8,10,1.5,11.3,3.694,-6.9,0,1,68289
2026-05-01T14:57:38,25.985674,-24.412334,9.2,11.66,68.5,11,1.5,11.3,3.684,-6.9,0,1,68290
2026-05-01T14:58:08,25.986044,-24.410604,1.9,9.85,63.3,11,1.5,10.8,3.690,-6.9,0,1,68291
2026-05-01T14:58:37,25.986423,-24.408926,4.7,11.56,71.4,11,1.5,10.8,3.694,-6.9,0,1,68292
2026-05-01T14:59:07,25.986889,-24.407215,12.8,11.50,67.6,11,1.5,11.3,3.689,-6.9,0,1,68293
2026-05-01T14:59:36,25.987268,-24.405592,14.5,10.93,73.3,9,1.5,10.5,3.695,-6.9,0,1,68294
2026-05-01T15:00:06,25.987701,-24.403822,12.1,11.42,71.3,11,1.4,11.3,3.690,-6.9,0,1,68295
2026-05-01T15:00:35,25.988184,-24.402115,15.0,11.84,75.8,11,1.4,10.5,3.694,-6.9,0,1,68296
2026-05-01T15:01:04,25.988537,-24.400427,8.6,12.12,77.7,11,1.4,10.5,3.686,-6.9,0,1,68297
2026-05-01T15:01:34,25.988920,-24.398714,16.9,11.93,71.6,11,1.4,11.0,3.689,-6.9,0,1,68298
2026-05-01T15:02:03,25.989269,-24.397038,14.9,11.85,82.6,11,1.4,10.5,3.686,-6.9,0,1,68299
2026-05-01T15:02:33,25.989708,-24.395321,14.3,11.27,70.6,11,1.4,11.3,3.686,-6.9,0,1,68300
2026-05-01T15:03:02,25.990135,-24.393633,13.0,12.52,73.7,11,1.4,10.5,3.695,-6.9,0,1,68301
2026-05-01T15:03:32,25.990530,-24.391884,18.2,12.08,77.5,11,1.4,10.5,3.694,-6.9,0,1,68302
2026-05-01T15:04:01,25.990891,-24.390261,18.2,11.86,72.6,11,1.4,10.3,3.688,-6.9,0,1,68303
2026-05-01T15:04:31,25.991230,-24.388510,19.3,11.24,79.1,10,1.4,10.5,3.686,-6.9,0,1,68304
2026-05-01T15:05:00,25.991745,-24.386835,18.4,12.22,72.8,10,1.6,10.5,3.693,-6.9,0,1,68305
2026-05-01T15:05:29,25.992048,-24.385183,19.1,11.27,84.2,10,1.6,10.3,3.686,-6.9,0,1,68306
2026-05-01T15:05:59,25.992510,-24.383457,13.1,10.42,78.1,11,1.4,11.0,3.689,-6.9,0,1,68307
2026-05-01T15:06:28,25.992886,-24.381823,11.0,11.47,79.8,11,1.4,10.5,3.693,-6.9,0,1,68308
2026-05-01T15:06:58,25.993340,-24.380102,16.6,12.70,75.1,11,1.4,10.3,3.690,-6.9,0,1,68309
2026-05-01T15:07:27,25.993761,-24.378450,3.7,11.51,75.6,10,1.6,10.3,3.693,-6.9,0,1,68310
2026-05-01T15:07:57,25.994160,-24.376740,1.8,11.60,67.9,10,1.6,10.8,3.686,-6.9,0,1,68311
2026-05-01T15:08:26,25.994482,-24.375036,2.1,10.57,80.1,11,1.3,10.3,3.680,-6.9,0,1,68312
2026-05-01T15:08:56,25.994904,-24.373314,-0.9,12.20,74.1,11,1.3,10.5,3.693,-6.9,0,1,68313
2026-05-01T15:09:25,25.995329,-24.371706,-7.0,12.36,73.0,10,1.6,10.3,3.688,-6.9,0,1,68314
2026-05-01T15:09:54,25.995670,-24.370010,-2.3,11.34,67.2,10,1.6,10.3,3.679,-6.9,0,1,68315
2026-05-01T15:10:24,25.996040,-24.368252,-13.4,12.00,69.0,9,1.8,10.3,3.690,-6.9,0,1,68316
2026-05-01T15:10:53,25.996431,-24.366608,-11.0,11.26,69.5,10,1.6,10.3,3.691,-6.9,0,1,68317
2026-05-01T15:11:23,25.996855,-24.364872,-8.2,10.98,74.8,11,1.3,10.8,3.681,-6.9,0,1,68318
2026-05-01T15:11:52,25.997086,-24.363234,-3.8,11.82,74.9,11,1.3,9.7,3.690,-6.9,0,1,68319
2026-05-01T15:12:22,25.997511,-24.361483,-1.0,11.89,71.2,10,1.3,9.7,3.691,-6.9,0,1,68320
2026-05-01T15:12:51,25.997894,-24.359880,1.3,9.88,79.6,11,1.3,10.0,3.690,-7.1,0,1,68321
2026-05-01T15:13:21,25.998287,-24.358135,4.6,11.56,77.5,9,1.8,10.0,3.686,-7.1,0,1,68322
2026-05-01T15:13:50,25.998657,-24.356470,-3.3,11.45,77.4,9,1.4,10.0,3.682,-7.1,0,1,68323
2026-05-01T15:14:19,25.999071,-24.354799,-4.6,12.50,71.3,9,1.8,10.0,3.690,-7.1,0,1,68324
2026-05-01T15:14:49,25.999561,-24.353090,-4.2,12.39,82.8,10,1.4,10.0,3.689,-7.1,0,1,68325
2026-05-01T15:15:18,25.999916,-24.351452,-5.6,11.82,76.1,10,1.4,10.8,3.689,-6.9,0,1,68326
2026-05-01T15:15:48,26.000309,-24.349758,-7.7,11.65,71.4,9,1.8,9.7,3.678,-6.9,0,1,68327
2026-05-01T15:16:17,26.000679,-24.348066,-4.0,11.41,77.4,9,1.8,10.0,3.681,-7.1,0,1,68328
2026-05-01T15:16:47,26.000988,-24.346361,-7.6,11.13,79.5,9,1.8,9.7,3.685,-6.9,0,1,68329
2026-05-01T15:16:47,,,,,,,,10.0,3.741,-7.1,0,0,68330
2026-05-01T15:16:47,,,,,,,,27.0,3.770,4.8,0,0,68331
2026-05-01T15:29:24,26.011225,-24.303217,-33.9,11.34,73.6,10,1.5,33.8,3.775,-11.4,0,1,68332
2026-05-01T15:29:53,26.011583,-24.301516,-43.7,11.32,70.6,9,1.4,33.8,3.775,-11.4,0,1,68333
2026-05-01T15:30:23,26.012011,-24.299883,-33.5,10.87,71.6,12,1.2,33.4,3.775,-11.4,0,1,68334
2026-05-01T15:30:52,26.012383,-24.298182,-32.8,12.77,69.7,10,1.5,34.3,3.777,-11.4,0,1,68335
2026-05-01T15:31:22,26.012814,-24.296482,-36.4,11.66,70.2,10,1.4,33.8,3.779,-11.4,0,1,68336
2026-05-01T15:31:51,26.013102,-24.294819,-37.3,11.27,75.6,11,1.2,33.8,3.779,-11.4,0,1,68337
2026-05-01T15:32:21,26.013487,-24.293131,-38.0,10.60,82.4,10,1.4,35.4,3.779,-9.6,0,1,68338
2026-05-01T15:32:50,26.013903,-24.291513,-27.9,10.77,85.2,9,1.5,35.1,3.779,-9.8,0,1,68339
2026-05-01T15:33:19,26.014311,-24.289806,-31.0,11.98,76.4,8,1.6,34.3,3.781,-11.4,0,1,68340
2026-05-01T15:33:49,26.014816,-24.288111,-26.9,13.61,60.2,9,1.5,34.7,3.781,-9.6,0,1,68341
2026-05-01T15:34:18,26.015171,-24.286486,-12.4,11.77,78.7,10,1.4,35.4,3.781,-9.6,0,1,68342
2026-05-01T15:34:48,26.015612,-24.284788,-15.1,11.54,64.9,10,1.4,35.1,3.781,-9.8,0,1,68343
2026-05-01T15:35:17,26.015966,-24.283106,-19.2,10.73,75.3,7,3.6,35.1,3.783,-9.8,0,1,68344
2026-05-01T15:35:47,26.016378,-24.281399,-24.2,10.92,65.7,8,1.5,35.8,3.783,-9.6,0,1,68345
2026-05-01T15:36:16,26.016865,-24.279709,-22.1,10.68,74.1,8,1.7,35.4,3.784,-9.6,0,1,68346
2026-05-01T15:36:46,26.017242,-24.277987,-30.6,11.42,78.8,9,1.4,35.4,3.784,-9.6,0,1,68347
2026-05-01T15:37:15,26.017649,-24.276291,-30.8,13.15,76.0,10,1.4,35.8,3.785,-9.6,0,1,68348
2026-05-01T15:37:44,26.018131,-24.274664,-31.4,11.67,72.3,8,1.7,35.8,3.785,-9.6,0,1,68349
2026-05-01T15:38:14,26.018465,-24.272951,-28.3,10.91,74.4,9,1.4,36.1,3.784,-9.6,0,1,68350
2026-05-01T15:38:43,26.018843,-24.271297,-27.2,11.78,68.3,10,1.3,36.5,3.785,-9.6,0,1,68351
2026-05-01T15:39:13,26.019241,-24.269554,-30.4,11.86,75.7,10,1.3,36.5,3.787,-9.6,0,1,68352
2026-05-01T15:39:42,26.019659,-24.267878,-30.5,11.78,76.8,9,1.6,36.5,3.786,-9.6,0,1,68353
2026-05-01T15:40:12,26.020020,-24.266190,-20.9,11.87,76.7,10,1.3,36.5,3.786,-9.6,0,1,68354
2026-05-01T15:40:41,26.020380,-24.264557,-16.3,11.03,81.1,8,1.6,36.5,3.787,-9.6,0,1,68355
2026-05-01T15:41:11,26.020830,-24.262878,-12.4,11.57,73.1,9,1.5,36.5,3.787,-9.6,0,1,68356
2026-05-01T15:41:40,26.021254,-24.261189,-16.0,12.08,71.0,9,1.5,37.6,3.789,-9.6,0,1,68357
2026-05-01T15:42:09,26.021599,-24.259546,-15.8,11.45,79.4,10,1.3,37.6,3.789,-9.6,0,1,68358
2026-05-01T15:42:39,26.022018,-24.257843,-18.0,12.02,74.4,9,1.5,37.6,3.789,-9.6,0,1,68359
2026-05-01T15:43:08,26.022310,-24.256207,-19.1,10.90,72.9,8,3.5,37.6,3.789,-9.6,0,1,68360
2026-05-01T15:43:38,26.022772,-24.254490,-14.0,10.94,75.6,10,1.3,37.9,3.789,-9.8,0,1,68361
2026-05-01T15:44:07,26.023121,-24.252836,-1.6,10.75,79.8,8,3.5,37.9,3.790,-9.8,0,1,68362
2026-05-01T15:44:37,26.023478,-24.251131,-1.8,10.71,79.1,9,1.3,37.9,3.789,-9.8,0,1,68363
2026-05-01T15:45:06,26.023912,-24.249485,5.2,11.26,79.4,7,1.6,37.9,3.791,-9.8,0,1,68364
2026-05-01T15:45:36,26.024363,-24.247774,3.6,11.61,74.1,8,1.6,37.9,3.793,-9.8,0,1,68365
2026-05-01T15:46:05,26.024733,-24.246120,-0.9,11.19,78.4,8,1.5,37.9,3.794,-9.8,0,1,68366
2026-05-01T15:46:34,26.025047,-24.244436,4.3,11.03,82.8,8,1.2,38.3,3.794,-9.6,0,1,68367
2026-05-01T15:47:04,26.025475,-24.242706,7.5,12.06,79.9,8,1.5,38.7,3.793,-9.6,0,1,68368
2026-05-01T15:47:33,26.025812,-24.240986,8.3,11.94,77.3,8,1.5,38.7,3.793,-9.6,0,1,68369
2026-05-01T15:48:03,26.026203,-24.239328,13.6,12.63,71.0,7,3.6,39.4,3.794,-9.6,0,1,68370
2026-05-01T15:48:32,26.026579,-24.237600,9.5,12.83,71.6,8,1.5,38.7,3.795,-9.6,0,1,68371
2026-05-01T15:49:02,26.026930,-24.235914,3.7,11.35,71.7,8,1.5,39.0,3.796,-9.6,0,1,68372
2026-05-01T15:49:31,26.027349,-24.234207,2.4,11.30,66.0,8,1.5,39.0,3.796,-9.6,0,1,68373
2026-05-01T15:50:01,26.027718,-24.232529,7.6,11.62,73.0,7,3.5,39.7,3.795,-9.6,0,1,68374
2026-05-01T15:50:30,26.028158,-24.230871,11.1,11.27,71.7,7,3.4,39.4,3.797,-9.6,0,1,68375
2026-05-01T15:50:59,26.028540,-24.229214,12.4,11.18,75.1,8,1.5,39.7,3.796,-9.6,0,1,68376
2026-05-01T15:51:29,26.028904,-24.227488,15.0,11.10,76.5,8,1.5,40.1,3.796,-9.6,0,1,68377
2026-05-01T15:51:58,26.029327,-24.225780,14.8,11.49,78.6,8,1.5,39.7,3.797,1058.1,0,1,68378
2026-05-01T15:52:28,26.029753,-24.224030,15.2,11.68,72.6,8,1.5,40.1,3.797,-9.6,0,1,68379
2026-05-01T15:52:57,26.030087,-24.222374,14.6,12.12,78.6,7,3.3,40.5,3.800,-9.6,0,1,68380
2026-05-01T15:53:27,26.030399,-24.220718,17.9,11.74,80.9,8,1.4,40.1,3.799,-9.6,0,1,68381
2026-05-01T15:53:56,26.030735,-24.219042,13.3,12.01,76.8,6,3.7,40.1,3.800,-9.6,0,1,68382
2026-05-01T15:54:26,26.031219,-24.217329,13.3,11.40,76.0,7,3.2,40.5,3.800,-9.6,0,1,68383
2026-05-01T15:54:55,26.031698,-24.215616,19.6,11.16,83.7,8,1.4,40.8,3.801,-9.8,0,1,68384
2026-05-01T15:55:24,26.032093,-24.213955,32.6,11.92,76.5,8,1.4,40.5,3.801,-9.6,0,1,68385
2026-05-01T15:55:54,26.032473,-24.212255,24.5,12.11,73.5,7,3.1,40.8,3.801,-9.8,0,1,68386
2026-05-01T15:56:23,26.032787,-24.210550,22.4,12.18,74.2,6,3.5,40.5,3.801,-9.6,0,1,68387
2026-05-01T15:56:53,26.033236,-24.208858,18.6,11.68,75.2,7,3.0,41.2,3.801,-10.8,0,1,68388
2026-05-01T15:57:22,26.033621,-24.207212,12.4,11.15,77.4,8,1.4,41.6,3.805,-10.8,0,1,68389
2026-05-01T15:57:52,26.034018,-24.205475,11.6,11.50,75.7,8,1.4,41.6,3.803,-10.8,0,1,68390
2026-05-01T15:58:21,26.034346,-24.203844,8.5,10.84,72.1,8,1.4,40.8,3.803,-9.8,0,1,68391
2026-05-01T15:58:51,26.034807,-24.202133,8.4,11.35,76.8,7,2.9,41.6,3.805,-10.8,0,1,68392
2026-05-01T15:59:20,26.035204,-24.200468,11.7,11.17,79.3,8,1.4,41.6,3.804,-10.8,0,1,68393
2026-05-01T15:59:49,26.035585,-24.198799,9.6,11.13,75.6,7,2.8,42.4,3.805,-10.8,0,1,68394
2026-05-01T16:00:19,26.035700,-24.197145,10.6,10.75,78.2,7,2.8,42.4,3.804,-10.8,0,1,68395
2026-05-01T16:00:48,26.036167,-24.195427,12.9,10.74,82.7,8,1.4,41.6,3.805,-10.8,0,1,68396
2026-05-01T16:01:18,26.036741,-24.193647,10.7,12.66,70.7,8,1.3,42.4,3.805,-10.8,0,1,68397
2026-05-01T16:01:47,26.037161,-24.191992,14.6,11.26,73.6,8,1.3,42.0,3.806,-11.0,0,1,68398
2026-05-01T16:02:17,26.037552,-24.190292,19.2,10.52,74.3,7,1.4,42.8,3.806,-10.8,0,1,68399
2026-05-01T16:02:46,26.038006,-24.188602,22.6,11.61,77.0,6,3.1,42.8,3.806,-10.8,0,1,68400
2026-05-01T16:03:16,26.038347,-24.186907,22.9,12.14,71.6,7,2.6,42.8,3.807,-10.8,0,1,68401
2026-05-01T16:03:45,26.038826,-24.185186,22.7,12.20,69.8,7,2.6,42.8,3.807,-10.8,0,1,68402
2026-05-01T16:04:14,26.039209,-24.183517,24.0,11.01,79.5,7,2.6,43.2,3.809,-11.0,0,1,68403
2026-05-01T16:04:44,26.039583,-24.181747,20.8,12.59,64.6,7,2.5,42.8,3.810,-10.8,0,1,68404
2026-05-01T16:05:13,26.039913,-24.180132,22.0,10.65,76.1,7,2.5,43.6,3.809,-10.8,0,1,68405
2026-05-01T16:05:43,26.040245,-24.178368,13.5,11.47,79.5,7,2.5,42.8,3.813,-10.8,0,1,68406
2026-05-01T16:06:12,26.040705,-24.176727,12.1,11.22,66.2,8,1.3,44.1,3.811,-11.0,0,1,68407
2026-05-01T16:06:42,26.040956,-24.174999,10.3,11.02,77.3,7,2.4,43.6,3.810,-10.8,0,1,68408
2026-05-01T16:07:11,26.041420,-24.173292,8.1,11.18,78.6,7,2.4,44.1,3.811,-11.0,0,1,68409
2026-05-01T16:07:41,26.041897,-24.171534,5.9,11.29,74.6,7,2.4,44.5,3.810,-10.8,0,1,68410
2026-05-01T16:08:10,26.042225,-24.169880,7.2,11.33,79.2,7,2.3,44.1,3.811,-11.0,0,1,68411
2026-05-01T16:08:39,26.042519,-24.168228,9.1,10.91,70.1,6,2.7,44.5,3.810,-10.8,0,1,68412
2026-05-01T16:09:09,26.043104,-24.166479,9.9,11.98,68.0,6,2.7,44.9,3.813,-10.8,0,1,68413
2026-05-01T16:09:38,26.043173,-24.164848,9.3,11.70,80.8,7,2.3,44.5,3.814,-10.8,0,1,68414
2026-05-01T16:10:08,26.043800,-24.163078,12.6,11.73,73.1,7,2.2,44.5,3.815,-10.8,0,1,68415
2026-05-01T16:10:37,26.044102,-24.161409,17.7,10.99,80.0,7,2.2,44.9,3.813,-10.8,0,1,68416
2026-05-01T16:11:07,26.044512,-24.159657,10.0,12.04,73.0,7,2.2,44.5,3.815,-10.8,0,1,68417
2026-05-01T16:11:36,26.045074,-24.157919,9.5,11.94,78.9,7,2.2,45.3,3.815,-11.0,0,1,68418
2026-05-01T16:12:06,26.045498,-24.156193,9.8,11.13,76.3,7,2.2,45.3,3.815,-11.0,0,1,68419
2026-05-01T16:12:35,26.045889,-24.154455,6.0,12.00,75.5,7,2.1,45.3,3.814,-11.0,0,1,68420
2026-05-01T16:13:04,26.046261,-24.152798,3.9,10.64,84.2,6,2.5,45.7,3.815,-10.8,0,1,68421
2026-05-01T16:13:34,26.046669,-24.151104,10.6,10.76,71.1,7,2.1,46.1,3.818,-10.8,0,1,68422
2026-05-01T16:14:03,26.047119,-24.149445,14.5,10.99,72.7,6,2.5,45.3,3.818,-11.0,0,1,68423
2026-05-01T16:14:33,26.047569,-24.147615,15.7,11.37,78.5,7,2.1,46.1,3.818,-10.8,0,1,68424
2026-05-01T16:15:02,26.047855,-24.145937,5.7,11.29,74.8,7,2.0,46.1,3.818,-10.8,0,1,68425
2026-05-01T16:15:32,26.048191,-24.144184,2.8,11.57,76.8,7,2.0,46.9,3.818,-10.8,0,1,68426
2026-05-01T16:16:01,26.048523,-24.142509,-1.0,12.37,75.7,8,1.2,46.5,3.819,-11.0,0,1,68427
2026-05-01T16:16:31,26.048832,-24.140802,-6.7,11.14,80.0,7,2.0,47.3,3.818,-10.2,0,1,68428
2026-05-01T16:17:00,26.049253,-24.139118,-10.7,11.91,80.0,6,2.3,47.3,3.821,-10.2,0,1,68429
2026-05-01T16:17:29,26.049704,-24.137402,-14.7,11.80,67.8,7,2.0,46.9,3.820,-10.8,0,1,68430
2026-05-01T16:17:59,26.050058,-24.135641,-19.4,11.88,79.8,7,1.3,47.7,3.821,-10.2,0,1,68431
2026-05-01T16:18:28,26.050468,-24.133940,-21.1,11.80,79.2,7,2.1,47.3,3.821,-10.2,0,1,68432
2026-05-01T16:18:58,26.050825,-24.132236,-23.0,11.69,70.0,8,1.9,47.3,3.822,-10.2,0,1,68433
2026-05-01T16:19:27,26.051188,-24.130497,-30.3,12.30,79.5,7,2.0,48.1,3.822,-10.4,0,1,68434
2026-05-01T16:19:57,26.051632,-24.128704,-24.8,12.44,84.0,8,1.8,47.3,3.822,-10.2,0,1,68435
2026-05-01T16:20:26,26.052206,-24.126961,-23.1,12.65,71.5,7,2.0,48.5,3.822,-10.2,0,1,68436
2026-05-01T16:20:56,26.052650,-24.125244,-11.1,11.32,72.8,7,2.1,47.7,3.825,-10.2,0,1,68437
2026-05-01T16:21:25,26.053057,-24.123512,-5.4,12.09,80.0,7,2.0,48.5,3.824,-10.2,0,1,68438
2026-05-01T16:21:54,26.053524,-24.121775,-3.9,11.58,67.9,9,1.1,48.1,3.825,-10.4,0,1,68439
2026-05-01T16:22:24,26.054024,-24.120016,0.1,11.49,64.1,7,2.0,48.9,3.826,-10.2,0,1,68440
2026-05-01T16:22:53,26.054428,-24.118273,-1.4,11.97,71.4,6,2.2,48.5,3.825,-10.2,0,1,68441
2026-05-01T16:23:23,26.054869,-24.116571,5.5,11.34,75.5,6,2.2,48.9,3.826,-10.2,0,1,68442
2026-05-01T16:23:53,26.055145,-24.114786,11.6,13.54,92.6,5,2.5,49.2,3.826,-10.2,0,1,68443
2026-05-01T16:24:22,26.055698,-24.113092,13.5,11.46,76.2,6,2.2,48.9,3.828,-10.2,0,1,68444
2026-05-01T16:24:52,26.056126,-24.111439,17.9,11.55,74.7,7,2.0,49.2,3.826,-10.2,0,1,68445
2026-05-01T16:25:22,26.056358,-24.109758,22.1,10.05,81.2,6,2.2,49.2,3.829,-10.2,0,1,68446
2026-05-01T16:25:51,26.056740,-24.107986,18.5,11.98,74.2,7,1.9,49.6,3.829,-10.2,0,1,68447
2026-05-01T16:26:21,26.057024,-24.106281,6.2,10.90,79.7,6,2.2,49.6,3.829,-10.2,0,1,68448
2026-05-01T16:26:50,26.057503,-24.104597,4.2,12.10,68.0,6,2.2,49.6,3.830,-10.2,0,1,68449
2026-05-01T16:27:19,26.057848,-24.102966,11.6,11.20,73.7,6,2.1,49.6,3.829,-10.2,0,1,68450
2026-05-01T16:27:49,26.058380,-24.101223,15.2,11.21,73.1,6,2.1,50.0,3.829,-10.2,0,1,68451
2026-05-01T16:28:18,26.058622,-24.099525,15.4,12.16,70.2,7,1.9,50.0,3.830,-10.2,0,1,68452
2026-05-01T16:28:48,26.059090,-24.097799,19.6,11.89,74.9,6,2.1,50.4,3.831,-10.2,0,1,68453
2026-05-01T16:29:17,26.059563,-24.096014,18.2,12.13,71.3,6,2.1,49.6,3.831,-10.2,0,1,68454
2026-05-01T16:29:47,26.059959,-24.094299,16.1,11.74,73.9,6,2.1,51.2,3.832,-10.4,0,1,68455
2026-05-01T16:30:16,26.060295,-24.092615,14.1,10.20,75.1,6,2.1,50.8,3.834,-10.2,0,1,68456
2026-05-01T16:30:46,26.060764,-24.090839,8.0,12.07,71.7,6,2.1,51.2,3.832,-10.4,0,1,68457
2026-05-01T16:31:15,26.060930,-24.089115,0.5,11.07,76.8,7,1.8,50.8,3.834,-10.2,0,1,68458
2026-05-01T16:31:44,26.061415,-24.087379,-15.3,11.81,74.5,6,2.1,51.2,3.834,-10.4,0,1,68459
2026-05-01T16:32:14,26.061764,-24.085564,-24.3,11.89,71.1,6,2.1,50.8,3.835,-10.2,0,1,68460
2026-05-01T16:32:43,26.062052,-24.083862,-34.7,10.56,79.4,6,2.0,52.3,3.835,-10.2,0,1,68461
2026-05-01T16:33:13,26.062353,-24.082138,-45.5,11.10,78.3,6,2.0,51.9,3.835,-10.2,0,1,68462
2026-05-01T16:33:42,26.062796,-24.080397,-53.6,11.95,74.1,6,2.0,51.5,3.836,-10.2,0,1,68463
2026-05-01T16:34:12,26.063038,-24.078587,-62.8,11.75,82.2,6,2.0,51.2,3.836,-10.4,0,1,68464
2026-05-01T16:34:41,26.063391,-24.076885,-74.0,12.06,77.7,6,2.0,51.9,3.838,-10.2,0,1,68465
2026-05-01T16:35:11,26.063654,-24.075090,-84.6,11.58,81.0,6,2.0,52.3,3.838,-10.2,0,1,68466
2026-05-01T16:35:40,26.064062,-24.073292,-96.7,11.97,78.6,6,2.0,52.7,3.839,-10.2,0,1,68467
2026-05-01T16:36:09,26.064308,-24.071581,-105.4,11.59,87.3,6,2.0,52.7,3.838,-10.2,0,1,68468
2026-05-01T16:36:39,26.064653,-24.069784,-117.6,11.52,83.0,6,2.0,52.3,3.840,-10.2,0,1,68469
2026-05-01T16:37:08,26.065033,-24.068039,-125.9,10.06,84.9,6,2.0,53.1,3.840,-10.2,0,1,68470
2026-05-01T16:37:38,26.065386,-24.066332,-127.6,11.54,85.4,6,2.0,53.1,3.840,-10.2,0,1,68471
2026-05-01T16:38:07,26.065716,-24.064543,-142.8,10.98,89.6,6,2.0,52.7,3.840,-10.2,0,1,68472
2026-05-01T16:38:37,26.066381,-24.062836,-116.4,11.09,87.0,6,2.0,53.5,3.840,-8.5,0,1,68473
2026-05-01T16:39:06,26.066761,-24.061073,-127.4,10.74,79.8,6,2.0,53.5,3.844,-8.5,0,1,68474
2026-05-01T16:39:36,26.067055,-24.059269,-139.8,10.50,87.7,6,1.9,53.5,3.842,-8.5,0,1,68475
2026-05-01T16:40:05,26.067337,-24.057495,-149.6,11.78,91.9,6,1.9,53.5,3.842,-8.5,0,1,68476
2026-05-01T16:40:34,26.067707,-24.055815,-165.7,9.91,88.0,6,1.9,53.5,3.841,-8.5,0,1,68477
2026-05-01T16:41:04,26.067970,-24.054001,-179.6,11.77,91.7,6,1.9,53.8,3.841,-8.3,0,1,68478
2026-05-01T16:41:33,26.068369,-24.052263,-193.3,11.19,88.0,6,1.9,53.5,3.842,-8.5,0,1,68479
2026-05-01T16:42:03,26.068779,-24.050446,-208.2,11.98,87.1,5,2.2,54.1,3.844,-8.5,0,1,68480
2026-05-01T16:42:32,26.068979,-24.048761,-222.8,12.42,92.1,5,3.3,54.1,3.845,-8.5,0,1,68481
2026-05-01T16:43:02,26.069080,-24.046797,-226.1,12.17,76.1,5,2.3,53.8,3.844,-8.3,0,1,68482
2026-05-01T16:43:31,26.069912,-24.045254,-220.7,11.35,80.5,5,2.3,54.7,3.846,-8.5,0,1,68483
2026-05-01T16:44:00,26.070238,-24.043467,-227.2,11.65,86.6,6,1.9,54.1,3.846,-8.5,0,1,68484
2026-05-01T16:44:29,26.070709,-24.041653,-231.1,10.58,79.5,6,1.9,54.4,3.846,-8.3,0,1,68485
2026-05-01T16:44:59,26.071276,-24.039896,-198.9,13.43,84.2,5,3.3,54.7,3.848,-8.5,0,1,68486
2026-05-01T16:45:28,26.071960,-24.038311,-173.6,10.78,76.4,5,1.9,55.0,3.846,-8.3,0,1,68487
2026-05-01T16:45:57,26.072414,-24.036501,-151.1,10.89,82.5,6,1.9,56.0,3.848,-8.5,0,1,68488
2026-05-01T16:46:27,26.072826,-24.034700,-135.4,11.69,77.4,6,1.8,55.7,3.849,-8.3,0,1,68489
2026-05-01T16:46:56,26.073330,-24.033014,-125.4,5.01,77.7,6,1.8,54.7,3.849,-8.5,0,1,68490
2026-05-01T16:47:26,26.073854,-24.031174,-113.7,11.96,79.4,6,1.8,55.4,3.850,-8.5,0,1,68491
2026-05-01T16:47:55,26.074381,-24.029432,-100.9,11.43,71.9,6,1.8,55.7,3.849,-8.3,0,1,68492
2026-05-01T16:48:24,26.074837,-24.027702,-86.1,11.91,72.7,6,1.8,56.0,3.850,-8.5,0,1,68493
2026-05-01T16:48:54,26.075466,-24.025875,-71.1,11.46,65.6,6,1.8,56.0,3.850,-8.5,0,1,68494
2026-05-01T16:49:24,26.075890,-24.024080,-55.8,10.31,78.8,6,1.8,56.3,3.851,-8.3,0,1,68495
2026-05-01T16:49:53,26.076389,-24.022314,-37.1,11.95,76.6,6,1.8,56.0,3.850,1490.7,0,1,68496
2026-05-01T16:50:23,26.076941,-24.020479,-20.8,11.76,68.0,6,1.8,56.0,3.851,-8.5,0,1,68497
2026-05-01T16:50:53,26.077553,-24.018641,-9.1,11.93,73.7,5,3.2,56.0,3.852,-8.5,0,1,68498
2026-05-01T16:51:22,26.078060,-24.016880,7.1,12.30,69.1,5,3.2,56.3,3.855,-8.3,0,1,68499
2026-05-01T16:51:52,26.078503,-24.015049,13.0,12.25,70.5,6,1.8,56.6,3.854,-8.5,0,1,68500
2026-05-01T16:52:22,26.078941,-24.013218,24.9,12.92,69.2,5,3.2,56.6,3.855,-8.5,0,1,68501
2026-05-01T16:52:51,26.079437,-24.011465,26.3,12.19,74.2,5,2.0,57.3,3.855,-8.5,0,1,68502
2026-05-01T16:53:21,26.080046,-24.009617,33.8,12.24,75.5,6,1.8,56.9,3.854,-8.3,0,1,68503
2026-05-01T16:53:51,26.080482,-24.007866,41.3,11.12,68.6,5,3.2,57.3,3.854,-8.5,0,1,68504
2026-05-01T16:54:20,26.080893,-24.006121,43.9,11.85,77.4,6,1.8,57.3,3.856,-8.5,0,1,68505
2026-05-01T16:54:49,26.081285,-24.004326,48.9,12.80,70.1,5,3.1,57.3,3.856,-8.5,0,1,68506
2026-05-01T16:55:19,26.081644,-24.002493,54.6,12.57,75.4,6,1.7,57.3,3.856,-8.5,0,1,68507
2026-05-01T16:55:48,26.082067,-24.000751,61.4,11.90,71.5,6,1.7,56.9,3.858,-8.3,0,1,68508
2026-05-01T16:56:18,26.082521,-23.998934,69.7,12.63,71.7,6,1.7,57.9,3.858,-8.5,0,1,68509
2026-05-01T16:56:48,26.082972,-23.997156,73.8,11.64,74.3,5,3.1,57.6,3.859,-8.3,0,1,68510
2026-05-01T16:57:17,26.083382,-23.995392,75.3,12.09,70.8,6,3.1,57.6,3.858,-8.3,0,1,68511
2026-05-01T16:57:47,26.083536,-23.993698,30.8,12.08,70.3,7,1.7,57.9,3.860,-8.5,0,1,68512
2026-05-01T16:58:16,26.083424,-23.992090,-8.4,10.96,84.9,7,2.2,58.2,3.859,-8.3,0,1,68513
2026-05-01T16:58:46,26.083748,-23.990244,-35.0,12.30,70.7,7,2.2,58.2,3.860,-8.3,0,1,68514
2026-05-01T16:59:15,26.084028,-23.988466,-45.1,12.11,79.1,7,2.2,58.5,3.860,-8.5,0,1,68515
2026-05-01T16:59:44,26.084335,-23.986778,-50.2,10.06,73.3,6,2.6,58.5,3.861,-8.5,0,1,68516
2026-05-01T17:00:14,26.084858,-23.984896,-43.8,12.43,79.0,7,2.2,58.5,3.861,-8.5,0,1,68517
2026-05-01T17:00:43,26.085371,-23.983168,-45.0,11.92,62.8,8,1.5,58.8,3.862,-8.3,0,1,68518
2026-05-01T17:01:13,26.085714,-23.981306,-41.4,11.86,83.2,7,2.2,58.5,3.864,-8.5,0,1,68519
2026-05-01T17:01:42,26.086262,-23.979536,-34.0,12.48,84.7,7,2.2,58.8,3.865,-8.3,0,1,68520
2026-05-01T17:02:12,26.086744,-23.977798,-26.7,12.42,69.6,8,1.4,59.2,3.862,-8.5,0,1,68521
2026-05-01T17:02:41,26.087097,-23.976034,-19.2,13.57,76.6,7,2.2,59.2,3.865,-8.5,0,1,68522
2026-05-01T17:03:11,26.087620,-23.974243,-14.5,11.70,71.1,6,2.3,59.5,3.865,-8.3,0,1,68523
2026-05-01T17:03:40,26.087988,-23.972486,-8.8,13.63,79.0,8,1.5,59.8,3.868,-8.5,0,1,68524
2026-05-01T17:04:09,26.088331,-23.970770,-7.0,11.20,73.5,7,2.2,60.1,3.866,-8.3,0,1,68525
2026-05-01T17:04:39,26.088837,-23.968876,-8.7,11.67,70.6,7,2.2,60.1,3.866,-8.3,0,1,68526
2026-05-01T17:05:08,26.089132,-23.967119,-10.3,11.53,71.2,8,1.4,59.8,3.866,-8.5,0,1,68527
2026-05-01T17:05:38,26.089602,-23.965292,-14.5,12.47,75.3,7,2.2,60.1,3.868,-8.3,0,1,68528
2026-05-01T17:06:07,26.090046,-23.963448,-20.2,12.48,78.5,7,2.2,60.1,3.869,-8.3,0,1,68529
2026-05-01T17:06:37,26.090549,-23.961613,-16.3,12.10,78.2,7,2.2,60.4,3.868,-8.5,0,1,68530
2026-05-01T17:07:06,26.090849,-23.959923,-15.4,12.96,85.6,8,1.4,60.1,3.869,-8.3,0,1,68531
2026-05-01T17:07:36,26.091240,-23.958073,-23.7,12.85,83.5,7,2.2,60.1,3.870,-8.3,0,1,68532
2026-05-01T17:08:05,26.091583,-23.956291,-25.9,10.61,71.5,8,1.4,61.5,3.870,-4.0,0,1,68533
2026-05-01T17:08:34,26.091970,-23.954470,-37.0,12.56,82.7,7,2.2,61.1,3.871,-8.5,0,1,68534
2026-05-01T17:09:04,26.092268,-23.952623,-44.7,11.73,79.9,7,2.2,60.7,3.872,-8.3,0,1,68535
2026-05-01T17:09:33,26.092607,-23.950865,-45.9,12.19,76.3,7,2.2,61.1,3.872,-8.5,0,1,68536
2026-05-01T17:10:03,26.092949,-23.949036,-45.9,11.71,85.3,7,2.2,61.5,3.874,-4.0,0,1,68537
2026-05-01T17:10:32,26.093493,-23.947353,-41.4,12.52,77.0,7,2.2,61.4,3.874,-3.7,0,1,68538
2026-05-01T17:11:02,26.093830,-23.945404,-38.9,11.74,73.6,7,2.2,61.7,3.874,-3.7,0,1,68539
2026-05-01T17:11:31,26.094244,-23.943680,-41.3,11.87,68.2,8,1.4,61.5,3.874,-4.0,0,1,68540
2026-05-01T17:12:01,26.094891,-23.941730,-34.7,12.21,80.6,7,2.2,61.5,3.872,-4.0,0,1,68541
2026-05-01T17:12:30,26.095243,-23.940069,-30.7,12.35,76.2,7,2.2,61.5,3.875,-4.0,0,1,68542
2026-05-01T17:12:59,26.095585,-23.938202,-31.3,12.04,81.2,6,2.4,61.7,3.874,-3.7,0,1,68543
2026-05-01T17:13:29,26.096022,-23.936441,-32.6,12.26,76.2,6,2.4,61.7,3.875,-3.7,0,1,68544
2026-05-01T17:13:58,26.096395,-23.934843,-26.8,12.08,69.9,7,2.2,62.0,3.875,-3.7,0,1,68545
2026-05-01T17:14:28,26.097057,-23.932838,-21.4,12.73,73.4,7,2.2,61.8,3.876,-4.0,0,1,68546
2026-05-01T17:14:57,26.097490,-23.931116,-19.6,12.29,74.2,7,2.2,61.8,3.879,-4.0,0,1,68547
2026-05-01T17:15:27,26.097948,-23.929300,-17.7,12.14,73.0,7,2.2,61.8,3.878,-4.0,0,1,68548
2026-05-01T17:15:56,26.098396,-23.927530,-11.0,12.25,77.6,7,2.2,62.1,3.880,-4.0,0,1,68549
2026-05-01T17:16:26,26.098907,-23.925743,-9.1,11.74,75.0,7,2.2,62.2,3.879,-3.7,0,1,68550
2026-05-01T17:16:55,26.099218,-23.923985,-6.7,12.24,66.0,7,2.1,62.1,3.880,-4.0,0,1,68551
2026-05-01T17:17:24,26.099543,-23.922232,-1.7,11.08,78.1,6,2.3,62.0,3.881,-3.7,0,1,68552
2026-05-01T17:17:54,26.100113,-23.920441,-2.1,12.61,81.1,6,2.3,62.2,3.880,-3.7,0,1,68553
2026-05-01T17:18:23,26.100586,-23.918638,-1.2,12.05,81.2,6,2.3,62.4,3.880,1660.9,0,1,68554
2026-05-01T17:18:53,26.100950,-23.916754,-2.5,12.58,83.1,6,2.3,62.2,3.882,-3.7,0,1,68555
2026-05-01T17:19:22,26.101328,-23.915001,18.6,12.42,75.9,6,2.2,62.2,3.881,-3.7,0,1,68556
2026-05-01T17:19:52,26.101978,-23.913126,17.3,12.45,80.2,7,2.1,62.8,3.884,-3.7,0,1,68557
2026-05-01T17:20:21,26.102245,-23.911377,6.8,11.72,77.7,6,2.2,62.5,3.884,-3.7,0,1,68558
2026-05-01T17:20:51,26.102634,-23.909555,2.2,12.15,82.9,7,2.1,62.8,3.884,-3.7,0,1,68559
2026-05-01T17:21:20,26.102947,-23.907812,1.5,11.81,78.0,7,2.1,62.8,3.886,-3.7,0,1,68560
2026-05-01T17:21:49,26.103407,-23.906036,11.0,12.40,71.9,7,2.1,62.7,3.886,-4.0,0,1,68561
2026-05-01T17:22:19,26.103687,-23.904194,-0.3,11.70,85.8,7,2.1,62.7,3.888,-4.0,0,1,68562
2026-05-01T17:22:48,26.104134,-23.902454,1.1,11.92,80.2,7,2.0,63.1,3.886,-3.7,0,1,68563
2026-05-01T17:23:18,26.104733,-23.900616,-0.8,12.11,76.8,7,2.0,62.8,3.886,-3.7,0,1,68564
2026-05-01T17:23:47,26.105156,-23.898903,-0.6,12.78,79.1,6,2.2,63.0,3.888,-4.0,0,1,68565
2026-05-01T17:24:17,26.105412,-23.897020,-9.1,12.68,82.0,7,2.0,63.1,3.888,-3.7,0,1,68566
2026-05-01T17:24:46,26.105652,-23.895201,-21.4,13.06,91.2,7,2.0,63.0,3.890,-4.0,0,1,68567
2026-05-01T17:25:16,26.106110,-23.893373,-22.3,12.48,76.4,7,2.0,63.4,3.888,-3.7,0,1,68568
2026-05-01T17:25:45,26.106606,-23.891640,-22.2,12.40,72.1,7,2.0,63.3,3.889,-4.0,0,1,68569
2026-05-01T17:26:14,26.106974,-23.889889,-26.6,12.01,79.1,7,2.0,63.5,3.890,-4.0,0,1,68570
2026-05-01T17:26:44,26.107416,-23.888083,-24.3,12.03,90.4,7,2.0,63.5,3.890,-4.0,0,1,68571
2026-05-01T17:27:13,26.108068,-23.886368,-13.8,11.09,78.4,7,2.0,63.5,3.891,-4.0,0,1,68572
2026-05-01T17:27:43,26.108517,-23.884504,-7.5,12.44,78.7,7,2.0,63.7,3.892,-3.7,0,1,68573
2026-05-01T17:28:12,26.108971,-23.882706,-6.7,12.33,84.5,6,2.0,63.7,3.891,-3.7,0,1,68574
2026-05-01T17:28:42,26.109344,-23.880825,-4.4,12.61,75.2,7,2.0,63.8,3.892,-4.0,0,1,68575
2026-05-01T17:29:11,26.109802,-23.879051,-0.2,11.75,77.8,7,1.9,63.7,3.894,-3.7,0,1,68576
2026-05-01T17:29:41,26.110369,-23.877153,10.9,13.40,66.9,7,1.9,64.0,3.894,-3.7,0,1,68577
2026-05-01T17:30:10,26.110809,-23.875401,18.6,12.40,85.1,7,1.9,63.8,3.894,-4.0,0,1,68578
2026-05-01T17:30:39,26.111212,-23.873642,18.7,12.20,76.7,7,1.9,64.0,3.894,-3.7,0,1,68579
2026-05-01T17:31:09,26.111715,-23.871771,21.1,12.70,73.7,7,1.9,64.0,3.896,-3.7,0,1,68580
2026-05-01T17:31:38,26.111992,-23.870001,14.4,11.57,75.0,7,1.9,64.0,3.895,-3.7,0,1,68581
2026-05-01T17:32:08,26.112406,-23.868223,11.1,11.64,75.2,7,1.9,64.0,3.896,-3.7,0,1,68582
2026-05-01T17:32:37,26.112783,-23.866426,13.1,11.95,79.1,7,1.9,64.3,3.898,-3.7,0,1,68583
2026-05-01T17:33:07,26.113361,-23.864582,15.4,12.97,74.5,7,1.9,64.3,3.898,-3.7,0,1,68584
2026-05-01T17:33:36,26.113682,-23.862795,12.1,12.02,82.7,7,1.9,64.3,3.898,-3.7,0,1,68585
2026-05-01T17:34:06,26.114103,-23.860954,19.2,11.83,75.1,7,1.9,64.6,3.900,-3.7,0,1,68586
2026-05-01T17:34:35,26.114510,-23.859129,13.3,13.17,76.8,7,1.9,64.4,3.900,-4.0,0,1,68587
2026-05-01T17:35:04,26.114822,-23.857365,3.6,12.32,74.8,6,1.9,64.4,3.901,-4.0,0,1,68588
2026-05-01T17:35:34,26.115396,-23.855598,3.2,11.82,73.1,7,1.8,64.6,3.900,-3.7,0,1,68589
2026-05-01T17:36:03,26.115776,-23.853765,-1.7,12.71,70.6,7,1.8,64.7,3.901,-4.0,0,1,68590
2026-05-01T17:36:33,26.116106,-23.851959,-3.7,12.01,75.4,7,1.8,64.8,3.902,-3.7,0,1,68591
2026-05-01T17:37:02,26.116417,-23.850082,-4.9,12.00,74.0,7,1.8,64.8,3.902,-3.7,0,1,68592
2026-05-01T17:37:32,26.116964,-23.848240,-3.4,13.13,74.4,7,1.8,64.7,3.904,-4.0,0,1,68593
2026-05-01T17:38:01,26.117413,-23.846468,-7.6,11.57,70.8,7,1.8,64.8,3.904,-3.7,0,1,68594
2026-05-01T17:38:31,26.117744,-23.844631,-7.7,11.49,79.6,7,1.8,65.0,3.902,-4.0,0,1,68595
2026-05-01T17:39:00,26.118198,-23.842802,-8.8,12.43,74.8,8,1.5,65.0,3.905,-4.0,0,1,68596
2026-05-01T17:39:29,26.118629,-23.841009,-4.7,11.60,69.9,8,1.5,65.0,3.902,-4.0,0,1,68597
2026-05-01T17:39:59,26.118998,-23.839100,-3.2,12.99,78.6,8,1.5,65.3,3.904,-4.0,0,1,68598
2026-05-01T17:40:28,26.119335,-23.837280,0.2,12.90,89.5,7,1.6,65.1,3.905,-3.7,0,1,68599
2026-05-01T17:40:58,26.119987,-23.835449,-5.5,12.59,70.7,7,1.6,65.3,3.905,-4.0,0,1,68600
2026-05-01T17:41:27,26.120462,-23.833689,-11.8,12.56,68.9,8,1.5,65.4,3.908,-3.7,0,1,68601
2026-05-01T17:41:57,26.120844,-23.831762,-10.3,12.68,72.5,8,1.5,65.4,3.909,-3.7,0,1,68602
2026-05-01T17:42:26,26.121195,-23.829933,-4.7,13.28,79.8,8,1.5,65.4,3.908,-3.7,0,1,68603
2026-05-01T17:42:56,26.121679,-23.828136,-3.7,11.89,87.8,8,1.5,65.6,3.910,-4.0,0,1,68604
2026-05-01T17:43:25,26.122124,-23.826326,-7.4,12.08,84.3,7,2.0,65.6,3.909,-4.0,0,1,68605
2026-05-01T17:43:54,26.122580,-23.824524,-4.2,13.02,71.4,8,1.5,65.6,3.910,-4.0,0,1,68606
2026-05-01T17:44:24,26.122992,-23.822649,-12.5,12.27,76.9,8,1.5,65.6,3.911,-4.0,0,1,68607
2026-05-01T17:44:53,26.123470,-23.820797,-13.5,12.15,67.4,8,1.5,65.7,3.911,-3.7,0,1,68608
2026-05-01T17:45:23,26.123835,-23.818928,-12.3,13.35,65.9,7,1.6,65.9,3.911,-4.0,0,1,68609
2026-05-01T17:45:52,26.124214,-23.817102,-10.7,12.62,76.1,7,1.6,65.9,3.912,-4.0,0,1,68610
2026-05-01T17:46:22,26.124786,-23.815250,-14.2,13.81,60.7,7,1.6,66.0,3.914,-3.7,0,1,68611
2026-05-01T17:46:51,26.125181,-23.813488,-19.9,13.05,72.7,6,2.2,66.0,3.914,-3.7,0,1,68612
2026-05-01T17:47:21,26.125570,-23.811626,-25.4,13.06,74.1,6,2.2,66.1,3.914,-4.0,0,1,68613
2026-05-01T17:47:50,26.125999,-23.809845,-24.5,13.56,75.2,6,2.2,66.1,3.915,-4.0,0,1,68614
2026-05-01T17:48:19,26.126465,-23.808075,-23.5,12.16,75.2,6,2.2,66.3,3.915,-3.7,0,1,68615
2026-05-01T17:48:49,26.126907,-23.806206,-30.2,12.35,70.6,6,2.2,66.4,3.916,-4.0,0,1,68616
2026-05-01T17:49:18,26.127348,-23.804390,-36.5,12.43,75.7,6,2.2,66.6,3.916,-3.7,0,1,68617
2026-05-01T17:49:48,26.127901,-23.802580,-46.4,11.55,74.1,6,2.2,66.7,3.918,-4.0,0,1,68618
2026-05-01T17:50:17,26.128281,-23.800753,-42.4,11.85,74.9,8,1.7,66.4,3.918,-4.0,0,1,68619
2026-05-01T17:50:47,26.128622,-23.798866,-27.7,12.19,74.2,8,1.7,66.6,3.918,-3.7,0,1,68620
2026-05-01T17:51:16,26.128855,-23.796963,-15.6,12.92,77.7,8,1.7,66.7,3.920,-4.0,0,1,68621
2026-05-01T17:51:46,26.129330,-23.795111,-10.3,12.09,67.3,10,1.4,66.9,3.918,-3.7,0,1,68622
2026-05-01T17:52:15,26.129650,-23.793346,-10.0,12.02,78.1,10,1.4,66.7,3.920,-4.0,0,1,68623
2026-05-01T17:52:44,26.130062,-23.791536,-2.6,11.09,75.3,10,1.4,67.0,3.921,-4.0,0,1,68624
2026-05-01T17:53:14,26.130379,-23.789600,-7.6,13.99,75.8,9,1.6,67.2,3.921,-3.7,0,1,68625
2026-05-01T17:53:43,26.130943,-23.787823,1.6,12.74,80.8,10,1.4,67.2,3.924,-3.7,0,1,68626
2026-05-01T17:54:13,26.131359,-23.785933,0.0,12.80,76.7,10,1.4,67.2,3.922,-3.7,0,1,68627
2026-05-01T17:54:42,26.131886,-23.784214,-2.0,13.06,69.7,10,1.4,67.0,3.922,-4.0,0,1,68628
2026-05-01T17:55:12,26.132355,-23.782335,4.7,12.83,77.8,9,1.8,67.3,3.925,-4.0,0,1,68629
2026-05-01T17:55:41,26.132694,-23.780510,8.8,13.58,78.5,8,1.8,67.2,3.924,-3.7,0,1,68630
2026-05-01T17:56:11,26.133181,-23.778679,12.3,12.52,77.8,10,1.4,67.2,3.925,-3.7,0,1,68631
2026-05-01T17:56:40,26.133690,-23.776953,13.4,12.70,75.2,9,1.8,67.4,3.924,-3.7,0,1,68632
2026-05-01T17:57:09,26.133961,-23.775200,6.5,11.44,79.9,9,1.8,67.4,3.925,-3.7,0,1,68633
2026-05-01T17:57:39,26.134462,-23.773272,13.0,13.89,83.9,9,1.7,67.3,3.928,-4.0,0,1,68634
2026-05-01T17:58:08,26.134830,-23.771505,9.9,13.25,85.7,9,1.4,67.4,3.926,-3.7,0,1,68635
2026-05-01T17:58:38,26.135256,-23.769665,8.2,12.29,73.7,11,1.2,67.6,3.928,-4.0,0,1,68636
2026-05-01T17:59:07,26.135708,-23.767937,11.8,12.67,66.1,8,1.8,67.4,3.928,-3.7,0,1,68637
2026-05-01T17:59:37,26.136135,-23.766026,10.7,13.25,72.6,9,1.8,67.7,3.926,-3.7,0,1,68638
2026-05-01T18:00:06,26.136467,-23.764185,4.6,12.71,80.5,10,1.4,67.7,3.929,-3.7,0,1,68639
2026-05-01T18:00:36,26.136986,-23.762386,10.2,12.18,67.3,10,1.2,67.7,3.929,-3.7,0,1,68640
2026-05-01T18:01:05,26.137358,-23.760590,8.1,12.15,71.7,10,1.4,67.9,3.929,-4.0,0,1,68641
2026-05-01T18:01:34,26.137705,-23.758789,8.2,11.54,81.7,10,1.2,68.0,3.930,-3.7,0,1,68642
2026-05-01T18:02:04,26.138304,-23.756926,19.8,11.46,69.4,10,1.2,68.0,3.931,-3.7,0,1,68643
2026-05-01T18:02:33,26.138653,-23.755117,19.6,12.59,77.0,11,1.2,68.3,3.929,-4.4,0,1,68644
2026-05-01T18:03:03,26.139091,-23.753275,17.9,12.77,70.8,10,1.4,68.3,3.931,-4.4,0,1,68645
2026-05-01T18:03:32,26.139482,-23.751501,16.8,12.32,72.9,10,1.6,68.5,3.932,-4.4,0,1,68646
2026-05-01T18:04:02,26.139948,-23.749641,23.2,12.42,79.3,9,1.8,68.5,3.932,-4.4,0,1,68647
2026-05-01T18:04:31,26.140335,-23.747887,21.0,12.73,76.8,9,1.6,68.5,3.935,-4.4,0,1,68648
2026-05-01T18:05:01,26.140722,-23.746048,17.2,11.79,61.0,10,1.6,68.3,3.935,-4.4,0,1,68649
2026-05-01T18:05:30,26.141159,-23.744249,19.5,13.39,75.0,10,1.6,68.8,3.934,-4.4,0,1,68650
2026-05-01T18:05:59,26.141594,-23.742516,21.0,12.12,74.6,10,1.6,68.8,3.936,-4.4,0,1,68651
2026-05-01T18:06:29,26.142069,-23.740650,16.1,12.09,78.8,10,1.6,68.5,3.936,-4.4,0,1,68652
2026-05-01T18:06:58,26.142332,-23.738829,10.6,11.28,78.1,9,1.8,68.6,3.938,-4.4,0,1,68653
2026-05-01T18:07:28,26.142744,-23.736963,1.2,12.87,75.9,8,1.9,69.0,3.938,-4.4,0,1,68654
2026-05-01T18:07:57,26.143085,-23.735119,-8.0,12.00,84.5,10,1.4,69.3,3.939,-4.4,0,1,68655
2026-05-01T18:08:27,26.143475,-23.733315,-14.5,11.79,75.2,9,1.8,69.1,3.939,-4.4,0,1,68656
2026-05-01T18:08:56,26.143831,-23.731558,-12.0,10.99,77.8,9,1.8,69.0,3.939,-4.4,0,1,68657
2026-05-01T18:09:26,26.144281,-23.729691,-16.5,12.97,75.0,9,1.9,69.5,3.941,-4.4,0,1,68658
2026-05-01T18:09:55,26.144680,-23.727919,-14.5,11.57,81.9,9,1.9,69.3,3.941,-4.4,0,1,68659
2026-05-01T18:10:24,26.145010,-23.726156,-11.4,12.88,71.4,8,2.5,69.3,3.941,-4.4,0,1,68660
2026-05-01T18:10:54,26.145411,-23.724308,-9.0,12.02,72.1,8,1.9,69.5,3.941,-4.4,0,1,68661
2026-05-01T18:11:23,26.145906,-23.722500,-10.1,12.06,80.8,10,1.3,69.3,3.943,-4.4,0,1,68662
2026-05-01T18:11:53,26.146402,-23.720682,-7.0,12.02,75.1,9,1.9,69.6,3.943,-4.4,0,1,68663
2026-05-01T18:12:22,26.146877,-23.718901,-5.2,12.40,70.4,10,1.3,69.5,3.944,-4.4,0,1,68664
2026-05-01T18:12:52,26.147381,-23.717073,-4.3,12.86,66.1,9,1.9,69.8,3.944,-4.4,0,1,68665
2026-05-01T18:13:21,26.147760,-23.715307,-7.0,12.47,71.3,8,2.0,69.8,3.945,-4.4,0,1,68666
2026-05-01T18:13:51,26.148106,-23.713490,-10.5,11.26,72.3,10,1.3,70.0,3.945,-4.4,0,1,68667
2026-05-01T18:14:20,26.148518,-23.711720,-3.5,12.74,73.7,7,2.0,70.1,3.946,-4.4,0,1,68668
2026-05-01T18:14:49,26.148874,-23.709993,-5.4,12.18,74.3,8,1.9,70.1,3.947,-4.4,0,1,68669
2026-05-01T18:15:19,26.149323,-23.708172,-3.9,12.22,70.8,8,1.9,70.0,3.946,-4.4,0,1,68670
2026-05-01T18:15:48,26.149750,-23.706415,-3.7,12.43,76.5,7,2.0,70.3,3.947,-4.4,0,1,68671
2026-05-01T18:16:18,26.150166,-23.704588,-0.8,12.07,77.5,8,2.0,70.1,3.946,-4.4,0,1,68672
2026-05-01T18:16:47,26.150589,-23.702864,-3.6,11.91,71.4,6,2.1,70.3,3.949,-4.4,0,1,68673
2026-05-01T18:17:17,26.150900,-23.701006,-7.3,12.28,76.3,8,2.0,70.3,3.950,-4.4,0,1,68674
2026-05-01T18:17:46,26.151304,-23.699286,-2.9,12.06,67.9,8,2.0,70.8,3.950,-4.4,0,1,68675
2026-05-01T18:18:16,26.151770,-23.697502,-3.9,12.08,79.9,8,1.9,70.4,3.949,-4.4,0,1,68676
2026-05-01T18:18:45,26.152145,-23.695814,6.2,11.52,75.6,6,2.1,70.6,3.953,-4.4,0,1,68677
2026-05-01T18:19:14,26.152500,-23.694105,1.3,11.97,71.8,9,1.9,70.6,3.951,-4.4,0,1,68678
2026-05-01T18:19:44,26.152802,-23.692238,-10.2,12.38,84.8,9,1.9,70.9,3.951,-4.4,0,1,68679
2026-05-01T18:20:13,26.153225,-23.690535,-10.4,12.46,70.7,8,1.9,70.9,3.951,-4.4,0,1,68680
2026-05-01T18:20:43,26.153650,-23.688734,-8.7,11.71,69.1,8,2.1,70.8,3.955,-4.4,0,1,68681
2026-05-01T18:21:12,26.153990,-23.687025,-10.4,10.83,76.7,8,1.9,71.4,3.954,-4.4,0,1,68682
2026-05-01T18:21:42,26.154366,-23.685246,-15.7,12.16,69.6,8,1.9,71.1,3.953,-4.4,0,1,68683
2026-05-01T18:22:11,26.154734,-23.683517,-20.4,11.74,77.3,7,2.1,71.3,3.956,-4.4,0,1,68684
2026-05-01T18:22:41,26.155106,-23.681698,-27.8,12.10,75.1,8,1.9,71.3,3.957,-4.4,0,1,68685
2026-05-01T18:23:10,26.155487,-23.679935,-27.2,11.98,67.4,8,1.9,71.3,3.956,-4.4,0,1,68686
2026-05-01T18:23:39,26.155895,-23.678228,-22.9,11.75,76.6,8,2.1,71.3,3.956,-4.4,0,1,68687
2026-05-01T18:24:09,26.156282,-23.676460,-15.5,12.06,73.7,8,1.9,71.9,3.959,-4.4,0,1,68688
2026-05-01T18:24:38,26.156748,-23.674683,-14.0,12.04,80.1,8,2.1,71.8,3.957,-4.4,0,1,68689
2026-05-01T18:25:08,26.157196,-23.672878,-15.4,12.06,76.1,9,1.8,71.6,3.959,-4.4,0,1,68690
2026-05-01T18:25:37,26.157524,-23.671093,-15.9,11.21,68.1,8,2.1,71.6,3.960,-4.4,0,1,68691
2026-05-01T18:26:07,26.157860,-23.669230,-22.4,11.53,76.6,9,1.8,71.8,3.960,-4.4,0,1,68692
2026-05-01T18:26:36,26.158287,-23.667501,-12.9,11.99,74.0,9,1.8,71.6,3.961,-4.4,0,1,68693
2026-05-01T18:27:06,26.158672,-23.665718,-11.8,11.79,77.7,9,1.8,71.9,3.961,-4.4,0,1,68694
2026-05-01T18:27:35,26.159060,-23.663982,-18.1,12.24,76.3,9,1.8,72.1,3.961,-4.4,0,1,68695
2026-05-01T18:28:04,26.159475,-23.662279,-15.7,12.26,73.5,8,2.2,72.1,3.961,-4.4,0,1,68696
2026-05-01T18:28:34,26.159937,-23.660490,-11.6,12.19,81.7,8,2.2,72.2,3.963,-4.4,0,1,68697
2026-05-01T18:29:03,26.160311,-23.658745,-10.0,12.22,78.2,8,2.2,72.2,3.963,-4.4,0,1,68698
2026-05-01T18:29:33,26.160789,-23.657003,-10.0,11.85,73.3,9,1.8,72.4,3.963,-4.4,0,1,68699
2026-05-01T18:30:02,26.161245,-23.655294,-7.4,11.82,76.1,8,2.2,72.6,3.965,-4.4,0,1,68700
2026-05-01T18:30:32,26.161591,-23.653473,-20.1,11.56,74.7,8,2.2,72.7,3.964,-4.4,0,1,68701
2026-05-01T18:31:01,26.161966,-23.651754,-13.0,12.24,73.4,8,2.2,72.6,3.966,-4.4,0,1,68702
2026-05-01T18:31:31,26.162380,-23.649975,-8.3,12.03,72.1,8,2.2,72.7,3.966,-4.4,0,1,68703
2026-05-01T18:32:00,26.162806,-23.648262,2.4,11.70,73.6,8,2.2,72.7,3.967,-4.4,0,1,68704
2026-05-01T18:32:29,26.163235,-23.646519,4.0,11.94,70.9,8,2.2,73.1,3.967,-4.4,0,1,68705
2026-05-01T18:32:59,26.163679,-23.644770,7.1,11.59,73.0,8,2.2,72.6,3.969,-4.4,0,1,68706
2026-05-01T18:33:28,26.164057,-23.643021,12.4,11.67,70.1,8,2.2,72.9,3.969,1941.1,0,1,68707
2026-05-01T18:33:58,26.164404,-23.641197,6.7,11.67,78.2,8,2.2,73.1,3.970,-4.4,0,1,68708
2026-05-01T18:34:27,26.164959,-23.639561,15.6,12.28,78.7,8,2.2,73.1,3.970,-4.4,0,1,68709
2026-05-01T18:34:57,26.165350,-23.637764,5.9,11.92,73.8,8,2.2,73.2,3.970,-4.4,0,1,68710
2026-05-01T18:35:26,26.165789,-23.636101,12.0,11.56,71.8,8,2.2,73.4,3.969,-4.4,0,1,68711
2026-05-01T18:35:56,26.166166,-23.634245,15.8,12.24,71.4,7,2.3,73.4,3.973,-4.4,0,1,68712
2026-05-01T18:36:25,26.166393,-23.632536,13.9,11.86,85.8,6,2.8,73.7,3.971,-4.4,0,1,68713
2026-05-01T18:36:54,26.166941,-23.630842,15.2,12.98,65.3,6,2.3,73.6,3.973,-4.4,0,1,68714
2026-05-01T18:37:24,26.167290,-23.629107,8.8,11.61,68.2,7,2.3,73.6,3.973,-4.4,0,1,68715
2026-05-01T18:37:53,26.167643,-23.627415,4.5,11.45,72.7,7,2.2,73.6,3.974,-4.4,0,1,68716
2026-05-01T18:38:23,26.167978,-23.625624,-11.7,12.06,73.1,7,2.2,73.9,3.975,-4.4,0,1,68717
2026-05-01T18:38:52,26.168333,-23.623795,-2.6,12.34,80.2,7,2.2,73.7,3.977,-4.4,0,1,68718
2026-05-01T18:39:22,26.168650,-23.622118,-2.3,11.52,76.5,7,2.2,73.9,3.975,-4.4,0,1,68719
2026-05-01T18:39:51,26.169388,-23.620356,4.1,13.40,65.1,7,2.2,74.1,3.976,-4.4,0,1,68720
2026-05-01T18:40:21,26.169788,-23.618528,13.8,12.37,69.9,7,2.2,74.1,3.976,-4.4,0,1,68721
2026-05-01T18:40:50,26.170223,-23.616848,19.4,4.50,81.7,7,2.2,74.2,3.979,-4.4,0,1,68722
2026-05-01T18:41:19,26.170633,-23.615021,13.0,11.88,74.0,7,2.2,74.1,3.979,-4.4,0,1,68723
2026-05-01T18:41:49,26.170971,-23.613125,-6.1,12.49,71.1,7,2.2,74.2,3.980,-4.4,0,1,68724
2026-05-01T18:42:18,26.171350,-23.611322,-15.6,11.45,80.4,7,2.2,74.4,3.980,-4.4,0,1,68725
2026-05-01T18:42:48,26.171749,-23.609545,-10.9,11.74,75.2,8,2.0,74.4,3.979,-4.4,0,1,68726
2026-05-01T18:43:17,26.172050,-23.607706,-15.7,11.98,75.3,8,2.0,74.7,3.981,-4.4,0,1,68727
2026-05-01T18:43:47,26.172403,-23.605906,-22.4,12.05,75.4,8,2.0,74.7,3.980,-4.4,0,1,68728
2026-05-01T18:44:16,26.172777,-23.604141,-26.0,12.48,78.9,8,2.0,74.7,3.984,-4.4,0,1,68729
2026-05-01T18:44:46,26.173248,-23.602404,-16.1,11.72,76.9,6,2.2,74.7,3.983,-4.4,0,1,68730
2026-05-01T18:45:15,26.173641,-23.600664,-12.5,11.37,79.4,8,2.0,74.9,3.983,-4.4,0,1,68731
2026-05-01T18:45:44,26.173796,-23.598864,-19.4,11.87,82.9,8,2.0,74.9,3.983,-4.4,0,1,68732
2026-05-01T18:46:14,26.174288,-23.597128,-16.9,11.92,75.5,8,2.0,75.2,3.984,-4.4,0,1,68733
2026-05-01T18:46:43,26.174751,-23.595375,-14.8,12.81,73.9,8,2.0,75.0,3.984,-4.4,0,1,68734
2026-05-01T18:47:13,26.175034,-23.593542,-16.1,10.42,81.8,8,2.0,75.2,3.985,-4.4,0,1,68735
2026-05-01T18:47:42,26.175451,-23.591816,-16.4,11.34,82.0,8,2.0,75.2,3.985,-4.4,0,1,68736
2026-05-01T18:48:12,26.175756,-23.589973,-14.3,11.10,77.2,8,1.9,75.0,3.987,-4.4,0,1,68737
2026-05-01T18:48:41,26.176178,-23.588188,-12.8,11.63,77.3,8,1.9,75.4,3.986,-4.2,0,1,68738
2026-05-01T18:49:11,26.176689,-23.586489,-19.2,11.68,78.0,8,1.9,75.5,3.986,-4.4,0,1,68739
2026-05-01T18:49:40,26.177135,-23.584721,-22.0,13.59,76.4,7,2.0,75.5,3.990,-4.4,0,1,68740
2026-05-01T18:50:09,26.177582,-23.582951,-20.2,12.95,71.0,8,1.9,75.7,3.989,-4.4,0,1,68741
2026-05-01T18:50:39,26.177864,-23.581127,-28.9,11.64,69.8,8,1.9,75.7,3.990,-4.4,0,1,68742
2026-05-01T18:51:08,26.178308,-23.579359,-30.5,11.39,72.8,8,1.9,76.0,3.990,-4.4,0,1,68743
2026-05-01T18:51:38,26.178772,-23.577612,-25.9,12.10,74.0,8,1.9,76.2,3.991,-4.4,0,1,68744
2026-05-01T18:52:07,26.179113,-23.575758,-26.0,12.43,71.1,8,1.9,76.0,3.990,-4.4,0,1,68745
2026-05-01T18:52:37,26.179548,-23.574072,-20.2,11.75,73.4,8,1.9,76.3,3.991,-4.4,0,1,68746
2026-05-01T18:53:06,26.179905,-23.572302,-17.5,12.78,70.2,8,1.9,76.2,3.993,-4.4,0,1,68747
2026-05-01T18:53:36,26.180269,-23.570471,-34.2,13.01,79.3,8,1.9,76.3,3.991,-4.4,0,1,68748
2026-05-01T18:54:05,26.180779,-23.568794,-26.9,12.07,78.3,8,1.9,76.5,3.994,-4.4,0,1,68749
2026-05-01T18:54:34,26.181194,-23.567022,-24.0,13.40,70.4,8,1.9,76.8,3.994,-4.4,0,1,68750
2026-05-01T18:55:04,26.181442,-23.565283,-20.0,10.34,89.0,8,1.9,76.5,3.995,-4.4,0,1,68751
2026-05-01T18:55:33,26.182020,-23.563639,-15.2,11.58,71.8,8,1.9,76.5,3.996,-4.4,0,1,68752
2026-05-01T18:56:03,26.182549,-23.561850,-16.8,12.57,76.7,8,1.9,76.5,3.996,-4.4,0,1,68753
2026-05-01T18:56:32,26.182943,-23.560146,-20.6,11.66,64.6,8,1.9,76.7,3.997,-4.2,0,1,68754
2026-05-01T18:57:02,26.183285,-23.558327,-24.0,11.19,82.0,8,1.9,76.8,3.997,-4.4,0,1,68755
2026-05-01T18:57:31,26.183735,-23.556616,-17.5,13.39,79.7,8,1.9,76.8,3.997,-4.4,0,1,68756
2026-05-01T18:58:01,26.184132,-23.554798,-15.3,13.73,80.8,8,1.9,76.8,4.000,-4.4,0,1,68757
2026-05-01T18:58:30,26.184601,-23.553097,-11.0,12.41,72.9,8,1.9,77.0,3.999,-4.4,0,1,68758
2026-05-01T18:58:59,26.184948,-23.551367,-10.5,11.57,69.5,8,1.9,77.0,4.001,-4.4,0,1,68759
2026-05-01T18:59:29,26.185396,-23.549559,-17.5,11.60,72.6,8,1.9,77.0,4.001,-4.4,0,1,68760
2026-05-01T18:59:58,26.185856,-23.547844,-15.0,12.01,72.2,7,1.9,77.3,4.001,-4.4,0,1,68761
2026-05-01T19:00:28,26.186125,-23.546118,-14.6,11.70,78.6,8,1.9,77.3,4.001,-4.4,0,1,68762
2026-05-01T19:00:57,26.186571,-23.544449,-12.2,11.54,69.1,8,1.9,77.5,4.003,-4.4,0,1,68763
2026-05-01T19:01:27,26.186914,-23.542622,-11.7,11.78,77.5,7,2.0,77.8,4.001,-4.4,0,1,68764
2026-05-01T19:01:56,26.187288,-23.540916,-9.9,10.83,86.9,7,4.1,77.6,4.004,-4.4,0,1,68765
2026-05-01T19:02:26,26.187731,-23.539135,-15.5,10.85,68.7,8,1.9,77.5,4.006,-4.4,0,1,68766
2026-05-01T19:02:55,26.188187,-23.537409,-14.0,11.36,70.2,8,1.8,77.6,4.005,-4.4,0,1,68767
2026-05-01T19:03:24,26.188568,-23.535616,-7.3,12.45,80.7,8,1.8,77.8,4.006,-4.4,0,1,68768
2026-05-01T19:03:54,26.188940,-23.533817,-6.7,11.07,84.4,7,2.0,77.8,4.005,-4.4,0,1,68769
2026-05-01T19:04:23,26.189407,-23.532156,-8.9,11.95,72.7,7,2.0,78.3,4.006,-4.4,0,1,68770
2026-05-01T19:04:53,26.189631,-23.530315,-5.3,12.53,86.6,8,1.8,78.1,4.008,-4.4,0,1,68771
2026-05-01T19:05:22,26.190092,-23.528587,-3.6,12.02,74.7,8,1.8,78.0,4.008,-4.2,0,1,68772
2026-05-01T19:05:52,26.190479,-23.526764,-2.1,12.36,91.8,8,1.8,78.0,4.008,-4.2,0,1,68773
2026-05-01T19:06:21,26.190945,-23.525036,-10.7,12.43,82.7,7,2.0,78.5,4.009,-4.4,0,1,68774
2026-05-01T19:06:51,26.191359,-23.523298,-3.7,11.52,77.6,8,1.8,78.1,4.009,-4.4,0,1,68775
2026-05-01T19:07:20,26.191839,-23.521553,-2.8,11.94,74.9,8,1.8,78.3,4.010,-4.4,0,1,68776
2026-05-01T19:07:49,26.192196,-23.519793,-13.3,12.21,72.3,7,4.9,78.6,4.011,-4.4,0,1,68777
2026-05-01T19:08:19,26.192638,-23.518019,-12.7,11.55,76.7,7,1.9,78.6,4.011,-4.4,0,1,68778
2026-05-01T19:08:48,26.193027,-23.516273,-11.8,11.97,74.0,6,7.1,78.8,4.012,-4.4,0,1,68779
2026-05-01T19:09:18,26.193388,-23.514448,-9.5,12.09,89.1,7,2.1,78.8,4.012,-4.4,0,1,68780
2026-05-01T19:09:47,26.193756,-23.512733,-6.8,12.80,78.2,8,1.8,79.0,4.015,-4.4,0,1,68781
2026-05-01T19:10:17,26.194202,-23.510977,-6.1,12.26,76.4,7,5.2,78.8,4.015,-4.4,0,1,68782
2026-05-01T19:10:46,26.194500,-23.509220,-9.7,11.93,84.0,8,1.8,79.3,4.014,-4.2,0,1,68783
2026-05-01T19:11:16,26.194908,-23.507483,-8.0,11.13,81.4,9,1.7,79.1,4.016,-4.4,0,1,68784
2026-05-01T19:11:45,26.195251,-23.505665,-14.3,13.60,85.0,8,1.8,79.0,4.017,-4.4,0,1,68785
2026-05-01T19:12:14,26.195684,-23.503998,-17.3,11.82,77.7,8,3.6,79.3,4.016,-4.2,0,1,68786
2026-05-01T19:12:44,26.196115,-23.502239,-10.3,11.60,66.2,9,1.7,79.3,4.016,-4.2,0,1,68787
2026-05-01T19:13:13,26.196693,-23.500551,-12.1,11.97,80.2,9,1.7,79.4,4.017,-4.4,0,1,68788
2026-05-01T19:13:43,26.197062,-23.498774,-24.0,11.85,80.6,9,1.7,79.4,4.019,-4.4,0,1,68789
2026-05-01T19:14:12,26.197409,-23.497025,-28.7,11.69,76.4,8,1.7,79.8,4.019,-4.4,0,1,68790
2026-05-01T19:14:42,26.197893,-23.495268,-24.1,11.91,75.7,8,1.7,79.6,4.019,-4.4,0,1,68791
2026-05-01T19:15:11,26.198290,-23.493521,-17.9,11.29,72.1,7,4.0,79.6,4.020,-4.4,0,1,68792
2026-05-01T19:15:41,26.198660,-23.491745,-22.7,11.56,82.5,8,1.7,79.8,4.020,-4.4,0,1,68793
2026-05-01T19:16:10,26.199160,-23.490055,-25.5,12.23,70.1,8,1.7,79.8,4.023,-4.4,0,1,68794
2026-05-01T19:16:39,26.199425,-23.488317,-28.9,10.73,75.1,8,1.7,80.1,4.023,-4.4,0,1,68795
2026-05-01T19:17:09,26.199930,-23.486570,-25.5,10.60,73.2,8,1.7,80.1,4.021,-4.4,0,1,68796
2026-05-01T19:17:38,26.200312,-23.484852,-17.5,12.39,83.0,8,1.7,80.3,4.025,-4.4,0,1,68797
2026-05-01T19:18:08,26.200756,-23.483076,-29.5,11.64,76.0,8,1.7,80.1,4.026,-4.4,0,1,68798
2026-05-01T19:18:37,26.201233,-23.481438,-18.2,12.24,73.6,6,5.0,80.6,4.023,-4.2,0,1,68799
2026-05-01T19:19:07,26.201759,-23.479650,-18.1,12.74,68.5,8,1.7,80.6,4.024,-4.2,0,1,68800
2026-05-01T19:19:36,26.202072,-23.477890,-21.6,11.89,82.6,7,4.5,80.4,4.025,-4.4,0,1,68801
2026-05-01T19:20:06,26.202414,-23.476097,-27.6,11.66,66.1,8,1.7,80.4,4.028,-4.4,0,1,68802
2026-05-01T19:20:35,26.202787,-23.474340,-28.1,12.77,83.1,7,4.6,80.4,4.028,-4.4,0,1,68803
2026-05-01T19:21:04,26.203255,-23.472673,-19.9,11.52,74.0,7,4.7,80.6,4.028,-4.2,0,1,68804
2026-05-01T19:21:34,26.203531,-23.470852,-28.8,11.20,77.1,7,4.7,80.9,4.030,-4.4,0,1,68805
2026-05-01T19:22:03,26.203775,-23.469114,-40.3,12.13,81.1,7,4.8,80.7,4.029,-4.4,0,1,68806
2026-05-01T19:22:33,26.204401,-23.467379,-23.8,11.98,68.9,7,4.8,81.1,4.029,-4.4,0,1,68807
2026-05-01T19:23:02,26.204659,-23.465603,-20.2,12.87,84.2,7,4.9,81.2,4.030,-4.4,0,1,68808
2026-05-01T19:23:32,26.205160,-23.463812,-13.8,11.52,78.6,7,1.9,81.1,4.031,-4.4,0,1,68809
2026-05-01T19:24:01,26.205732,-23.462158,1.6,11.50,75.8,8,1.6,81.4,4.031,-4.4,0,1,68810
2026-05-01T19:24:31,26.206205,-23.460394,2.7,10.83,64.9,8,1.6,81.1,4.032,-4.4,0,1,68811
2026-05-01T19:25:00,26.206573,-23.458616,1.7,11.74,75.1,7,5.0,81.4,4.032,-4.4,0,1,68812
2026-05-01T19:25:29,26.207058,-23.456852,8.6,13.15,70.0,7,5.1,81.6,4.032,-4.4,0,1,68813
2026-05-01T19:25:59,26.207563,-23.455069,8.2,10.94,69.3,8,1.6,81.4,4.032,-4.4,0,1,68814
2026-05-01T19:26:28,26.207869,-23.453236,2.6,12.25,73.6,7,5.1,81.7,4.035,-4.4,0,1,68815
2026-05-01T19:26:58,26.208345,-23.451490,1.0,11.24,63.8,8,2.8,81.7,4.036,-4.4,0,1,68816
2026-05-01T19:27:27,26.208681,-23.449736,4.0,12.11,76.0,9,1.5,81.9,4.036,-4.2,0,1,68817
2026-05-01T19:27:57,26.209017,-23.447987,12.0,11.92,81.6,8,2.8,81.9,4.037,-4.2,0,1,68818
2026-05-01T19:28:26,26.209526,-23.446301,18.7,12.02,74.4,9,1.9,81.9,4.037,-4.2,0,1,68819
2026-05-01T19:28:56,26.209951,-23.444523,22.6,12.08,66.8,9,1.5,82.2,4.037,-4.4,0,1,68820
2026-05-01T19:29:25,26.210463,-23.442820,29.1,12.25,70.4,9,1.5,82.2,4.037,-4.4,0,1,68821
2026-05-01T19:29:54,26.210735,-23.441044,26.2,11.42,76.7,7,5.2,82.1,4.039,-4.4,0,1,68822
2026-05-01T19:30:24,26.211069,-23.439287,18.4,11.16,73.1,9,1.5,82.5,4.039,-4.4,0,1,68823
2026-05-01T19:30:53,26.211422,-23.437490,17.0,13.03,79.5,9,1.5,82.2,4.039,-4.4,0,1,68824
2026-05-01T19:31:23,26.211678,-23.435749,13.1,11.89,80.8,8,2.9,82.5,4.040,-4.4,0,1,68825
2026-05-01T19:31:52,26.212086,-23.434000,14.2,12.02,78.2,7,2.9,82.5,4.040,-4.4,0,1,68826
2026-05-01T19:32:22,26.212284,-23.432186,9.3,10.97,76.1,8,2.9,82.4,4.044,-4.4,0,1,68827
2026-05-01T19:32:51,26.212694,-23.430439,-0.7,11.44,85.6,7,2.9,82.7,4.044,-4.4,0,1,68828
2026-05-01T19:33:21,26.212839,-23.428602,-4.4,12.09,95.0,7,3.0,82.7,4.043,-4.4,0,1,68829
2026-05-01T19:33:50,26.213476,-23.426985,-5.0,10.09,64.5,8,2.8,82.9,4.043,-4.4,0,1,68830
2026-05-01T19:34:19,26.213779,-23.425205,-15.2,10.68,72.1,8,2.8,83.2,4.045,-4.2,0,1,68831
2026-05-01T19:34:49,26.214014,-23.423410,-20.9,9.53,85.7,8,2.8,83.2,4.046,-4.2,0,1,68832
2026-05-01T19:35:18,26.214418,-23.421722,-22.4,11.26,81.1,8,2.8,83.2,4.046,-4.2,0,1,68833
2026-05-01T19:35:48,26.214960,-23.419987,-21.8,11.04,73.3,7,3.0,83.2,4.046,-4.2,0,1,68834
2026-05-01T19:36:17,26.215174,-23.418224,-24.2,11.36,80.9,9,1.5,83.2,4.048,-4.2,0,1,68835
2026-05-01T19:36:47,26.215599,-23.416529,-19.4,11.72,75.5,9,1.4,83.4,4.048,-4.4,0,1,68836
2026-05-01T19:37:16,26.216251,-23.414894,-12.0,12.97,68.2,8,2.8,83.5,4.050,-4.4,0,1,68837
2026-05-01T19:37:46,26.216612,-23.413086,-7.9,10.94,75.1,8,2.8,83.5,4.051,-4.4,0,1,68838
2026-05-01T19:38:15,26.217072,-23.411396,-2.3,11.98,71.2,8,2.8,83.4,4.050,-4.4,0,1,68839
2026-05-01T19:38:44,26.217615,-23.409779,-3.9,11.44,71.2,8,2.8,83.8,4.051,-4.4,0,1,68840
2026-05-01T19:39:14,26.217909,-23.408003,-1.9,11.79,71.0,7,2.9,83.8,4.051,-4.4,0,1,68841
2026-05-01T19:39:43,26.218372,-23.406301,-4.9,12.13,74.0,8,2.8,83.8,4.052,-4.4,0,1,68842
2026-05-01T19:40:13,26.218655,-23.404596,-3.9,10.97,69.3,8,2.8,83.8,4.052,-4.4,0,1,68843
2026-05-01T19:40:42,26.218880,-23.402830,-11.2,11.50,76.9,9,1.4,84.2,4.052,-4.4,0,1,68844
2026-05-01T19:41:12,26.219452,-23.401096,-4.3,11.48,75.2,8,2.7,84.0,4.054,-4.4,0,1,68845
2026-05-01T19:41:41,26.219994,-23.399445,8.8,11.18,74.4,9,1.4,84.3,4.055,-3.7,0,1,68846
2026-05-01T19:42:11,26.220383,-23.397684,14.9,11.33,71.9,8,2.7,84.0,4.055,-4.4,0,1,68847
2026-05-01T19:42:40,26.220724,-23.396009,18.4,12.34,83.3,8,2.7,84.5,4.055,-3.7,0,1,68848
2026-05-01T19:43:09,26.221050,-23.394316,13.6,11.37,80.3,8,2.7,84.5,4.057,-3.7,0,1,68849
2026-05-01T19:43:39,26.221500,-23.392559,17.1,11.25,70.8,10,1.4,84.6,4.055,-4.0,0,1,68850
2026-05-01T19:44:08,26.221823,-23.390844,12.7,11.26,75.3,8,2.7,84.5,4.059,-3.7,0,1,68851
2026-05-01T19:44:38,26.222208,-23.389090,1.5,11.31,78.8,9,1.4,84.6,4.059,-4.0,0,1,68852
2026-05-01T19:45:07,26.222639,-23.387386,5.7,11.61,83.3,9,2.7,84.6,4.059,-4.0,0,1,68853
2026-05-01T19:45:37,26.222977,-23.385601,1.3,11.63,77.3,10,1.4,85.1,4.060,-3.7,0,1,68854
2026-05-01T19:46:06,26.223265,-23.383905,-2.3,11.62,78.6,9,2.6,84.9,4.061,-4.0,0,1,68855
2026-05-01T19:46:36,26.223717,-23.382118,-0.6,12.45,79.1,8,2.6,84.9,4.060,-4.0,0,1,68856
2026-05-01T19:47:05,26.224033,-23.380428,-1.4,11.91,74.9,8,2.6,85.2,4.061,-3.7,0,1,68857
2026-05-01T19:47:34,26.224321,-23.378731,-1.0,11.59,75.2,9,2.6,85.1,4.062,-3.7,0,1,68858
2026-05-01T19:48:04,26.224844,-23.376982,1.4,11.54,70.5,9,2.6,85.6,4.064,-3.7,0,1,68859
2026-05-01T19:48:33,26.225216,-23.375278,0.9,12.64,72.8,10,1.4,85.5,4.064,-3.7,0,1,68860
2026-05-01T19:49:03,26.225557,-23.373552,2.5,11.72,76.1,9,2.5,85.5,4.064,-3.7,0,1,68861
2026-05-01T19:49:32,26.225876,-23.371828,-10.3,11.75,77.9,8,2.5,85.3,4.068,-4.0,0,1,68862
2026-05-01T19:50:02,26.226154,-23.370119,-11.0,11.81,82.1,7,2.6,85.5,4.065,-3.7,0,1,68863
2026-05-01T19:50:31,26.226633,-23.368422,-6.9,10.63,79.9,8,2.4,85.8,4.066,-4.0,0,1,68864
2026-05-01T19:51:01,26.226969,-23.366625,-6.8,12.08,67.3,7,2.4,85.9,4.068,-3.7,0,1,68865
2026-05-01T19:51:30,26.227320,-23.364988,-9.5,11.47,75.0,8,2.1,85.9,4.066,-3.7,0,1,68866
2026-05-01T19:51:59,26.227644,-23.363375,-18.1,11.99,74.4,8,1.4,85.6,4.068,-3.7,0,1,68867
2026-05-01T19:52:29,26.228052,-23.361601,-18.8,12.81,78.0,9,2.2,85.8,4.070,-4.0,0,1,68868
2026-05-01T19:52:58,26.228210,-23.360029,-24.5,11.57,76.3,9,2.0,86.1,4.070,-4.0,0,1,68869
2026-05-01T19:53:28,26.228788,-23.358177,-27.6,12.74,79.3,8,2.2,86.5,4.071,-4.0,0,1,68870
2026-05-01T19:53:57,26.229174,-23.356544,-31.9,11.33,72.9,9,2.0,86.1,4.071,-4.0,0,1,68871
2026-05-01T19:54:27,26.229595,-23.354761,-35.0,11.75,78.4,8,2.4,86.2,4.073,-3.7,0,1,68872
2026-05-01T19:54:56,26.229816,-23.353037,-32.5,12.20,82.3,8,2.2,86.3,4.075,-3.7,0,1,68873
2026-05-01T19:55:26,26.229965,-23.351254,-34.0,11.47,74.0,8,2.2,86.2,4.073,-3.7,0,1,68874
2026-05-01T19:55:55,26.230530,-23.349524,-35.8,11.78,69.7,9,2.0,86.3,4.074,-3.7,0,1,68875
2026-05-01T19:56:24,26.230841,-23.347898,-40.3,11.35,70.2,7,2.6,86.6,4.074,-3.7,0,1,68876
2026-05-01T19:56:54,26.231438,-23.346209,-43.1,12.07,76.3,8,2.2,86.6,4.076,-3.7,0,1,68877
2026-05-01T19:57:23,26.231743,-23.344547,-46.5,12.14,72.8,9,2.0,86.8,4.076,-3.7,0,1,68878
2026-05-01T19:57:53,26.232475,-23.342829,-37.5,11.91,75.7,9,2.0,86.9,4.076,-4.0,0,1,68879
2026-05-01T19:58:22,26.232910,-23.341076,-40.2,11.99,87.5,8,2.1,86.8,4.077,-3.7,0,1,68880
2026-05-01T19:58:52,26.233280,-23.339392,-43.6,10.91,74.7,7,2.4,87.1,4.079,-3.7,0,1,68881
2026-05-01T19:59:21,26.233780,-23.337694,-45.9,11.02,72.6,8,2.1,87.2,4.077,-4.0,0,1,68882
2026-05-01T19:59:51,26.233988,-23.335913,-36.1,12.96,76.8,9,2.0,87.1,4.079,-3.7,0,1,68883
2026-05-01T20:00:20,26.234377,-23.334238,-39.9,12.17,79.6,8,2.1,87.4,4.079,-3.7,0,1,68884
2026-05-01T20:00:49,26.234732,-23.332598,-53.4,10.58,75.9,8,2.1,87.2,4.080,-4.0,0,1,68885
2026-05-01T20:01:19,26.235132,-23.330839,-39.7,11.81,74.1,8,2.1,87.4,4.081,-3.7,0,1,68886
2026-05-01T20:01:48,26.235491,-23.329172,-36.3,11.48,77.0,7,2.3,87.4,4.082,-3.7,0,1,68887
2026-05-01T20:02:18,26.235876,-23.327417,-40.4,11.29,79.5,8,2.0,87.4,4.082,-3.7,0,1,68888
2026-05-01T20:02:47,26.236332,-23.325718,-37.3,11.60,74.5,7,2.3,87.6,4.082,-4.0,0,1,68889
2026-05-01T20:03:17,26.236773,-23.323982,-21.1,11.95,76.3,7,2.3,87.8,4.086,-3.7,0,1,68890
2026-05-01T20:03:46,26.237101,-23.322294,-22.6,11.90,78.2,9,1.9,88.1,4.084,-4.0,0,1,68891
2026-05-01T20:04:16,26.237555,-23.320534,-8.3,11.29,75.3,7,2.3,87.6,4.086,-4.0,0,1,68892
2026-05-01T20:04:45,26.237970,-23.318930,-38.1,12.39,75.8,8,2.2,87.9,4.089,-3.7,0,1,68893
2026-05-01T20:05:14,26.238188,-23.317219,-50.1,11.68,80.0,9,1.9,88.1,4.088,-4.0,0,1,68894
2026-05-01T20:05:44,26.238726,-23.315443,-34.3,11.21,81.8,8,2.3,88.1,4.088,-4.0,0,1,68895
2026-05-01T20:06:13,26.239256,-23.313805,-19.8,11.11,72.4,9,1.9,88.2,4.089,-3.7,0,1,68896
2026-05-01T20:06:43,26.239378,-23.312082,-37.9,11.37,75.3,9,1.9,88.5,4.089,-3.7,0,1,68897
2026-05-01T20:07:12,26.239803,-23.310406,-42.4,11.13,82.4,9,1.9,88.4,4.091,-4.0,0,1,68898
2026-05-01T20:07:42,26.240362,-23.308657,-32.5,11.81,71.1,9,1.8,88.2,4.091,-3.7,0,1,68899
2026-05-01T20:08:11,26.240656,-23.307016,-28.7,11.05,79.3,9,1.8,88.5,4.094,-3.7,0,1,68900
2026-05-01T20:08:41,26.241133,-23.305243,-20.5,11.76,73.9,9,1.8,88.4,4.093,-4.0,0,1,68901
2026-05-01T20:09:10,26.241446,-23.303556,-18.3,11.41,83.4,10,1.8,88.6,4.093,-4.2,0,1,68902
2026-05-01T20:09:39,26.241882,-23.301891,-4.5,7.67,83.9,10,1.8,89.1,4.093,-4.2,0,1,68903
2026-05-01T20:10:09,26.242191,-23.300077,-15.9,12.61,80.2,9,2.0,88.8,4.095,-4.2,0,1,68904
2026-05-01T20:10:38,26.242638,-23.298426,-14.4,11.65,65.1,10,1.7,89.0,4.096,-4.4,0,1,68905
2026-05-01T20:11:08,26.243059,-23.296732,-15.6,11.95,82.3,9,2.0,89.0,4.095,-4.4,0,1,68906
2026-05-01T20:11:37,26.243605,-23.295084,-15.0,11.33,72.9,10,1.7,89.0,4.097,-4.4,0,1,68907
2026-05-01T20:12:07,26.243935,-23.293325,-10.7,11.50,76.4,10,1.7,89.3,4.097,-4.2,0,1,68908
2026-05-01T20:12:36,26.244366,-23.291613,-7.1,11.04,75.3,10,1.7,89.3,4.099,-4.2,0,1,68909
2026-05-01T20:13:06,26.244699,-23.289858,-6.1,11.46,74.6,10,1.7,89.1,4.099,-4.2,0,1,68910
2026-05-01T20:13:35,26.245100,-23.288122,-7.5,10.96,77.5,10,1.7,89.4,4.099,-4.2,0,1,68911
2026-05-01T20:14:04,26.245367,-23.286459,-12.3,11.58,75.6,10,1.7,89.6,4.100,-4.4,0,1,68912
2026-05-01T20:14:34,26.245676,-23.284758,-19.4,11.41,71.2,9,2.0,89.7,4.101,-4.2,0,1,68913
2026-05-01T20:15:03,26.246014,-23.283129,-18.1,10.89,71.7,8,2.0,89.6,4.102,-4.4,0,1,68914
2026-05-01T20:15:33,26.246326,-23.281372,-29.6,11.32,80.7,8,2.0,89.9,4.101,-4.2,0,1,68915
2026-05-01T20:16:02,26.246752,-23.279739,-28.2,13.34,61.4,8,2.0,89.9,4.102,-4.2,0,1,68916
2026-05-01T20:16:32,26.246969,-23.278009,-41.9,10.94,85.9,9,1.9,89.9,4.101,-4.2,0,1,68917
2026-05-01T20:17:01,26.247332,-23.276400,-57.4,11.69,64.4,9,1.9,89.9,4.104,-4.2,0,1,68918
2026-05-01T20:17:31,26.247940,-23.274540,-31.7,13.90,68.9,9,1.9,90.2,4.105,-4.4,0,1,68919
2026-05-01T20:18:00,26.248260,-23.272861,-20.5,11.43,76.0,11,1.6,90.4,4.105,-4.2,0,1,68920
2026-05-01T20:18:29,26.248575,-23.271158,-6.9,11.35,84.8,10,1.6,90.4,4.106,-4.2,0,1,68921
2026-05-01T20:18:59,26.248940,-23.269384,-6.7,11.82,75.0,10,1.6,90.4,4.108,-4.2,0,1,68922
2026-05-01T20:19:28,26.249565,-23.267653,5.5,12.42,72.4,9,2.0,90.5,4.109,-4.2,0,1,68923
2026-05-01T20:19:58,26.249887,-23.265968,0.3,12.06,61.8,10,1.8,90.4,4.110,-4.2,0,1,68924
2026-05-01T20:20:27,26.250187,-23.264240,-3.9,11.67,79.7,9,5.0,90.5,4.109,-4.2,0,1,68925
2026-05-01T20:20:57,26.250551,-23.262491,-8.7,11.64,75.3,11,1.5,90.7,4.110,-4.2,0,1,68926
2026-05-01T20:21:26,26.250954,-23.260742,2.4,11.25,76.2,11,1.5,91.0,4.113,-4.2,0,1,68927
2026-05-01T20:21:56,26.251322,-23.259050,0.6,10.76,83.4,11,1.5,91.0,4.111,-4.2,0,1,68928
2026-05-01T20:22:25,26.251673,-23.257393,-4.2,11.07,70.3,10,1.5,91.0,4.114,-4.2,0,1,68929
2026-05-01T20:22:54,26.252069,-23.255634,-0.5,12.29,64.5,10,1.8,91.0,4.114,-4.2,0,1,68930
2026-05-01T20:23:24,26.252485,-23.253918,-1.4,11.89,69.8,11,1.5,91.2,4.113,-4.2,0,1,68931
2026-05-01T20:23:53,26.252756,-23.252256,-4.2,10.71,72.5,11,1.5,91.3,4.115,-4.2,0,1,68932
2026-05-01T20:24:23,26.253223,-23.250504,-0.7,11.69,73.5,10,1.5,91.5,4.116,-4.4,0,1,68933
2026-05-01T20:24:52,26.253553,-23.248829,-0.2,12.06,78.1,10,1.5,91.5,4.116,-4.4,0,1,68934
2026-05-01T20:25:22,26.254017,-23.247082,1.7,11.34,81.2,11,1.5,91.8,4.119,-4.2,0,1,68935
2026-05-01T20:25:51,26.254278,-23.245411,-4.1,11.45,86.9,9,1.8,91.6,4.116,-4.2,0,1,68936
2026-05-01T20:26:21,26.254679,-23.243660,-3.0,12.34,70.6,11,1.4,91.6,4.119,-4.2,0,1,68937
2026-05-01T20:26:50,26.254950,-23.242018,-1.3,10.91,91.7,9,1.7,92.1,4.119,-4.4,0,1,68938
2026-05-01T20:27:19,26.255444,-23.240322,-3.6,11.84,86.9,9,1.7,92.3,4.120,-4.2,0,1,68939
2026-05-01T20:27:49,26.255919,-23.238596,-3.3,11.22,75.1,9,1.7,92.4,4.120,-4.2,0,1,68940
2026-05-01T20:28:18,26.256403,-23.236900,0.2,10.86,80.9,10,1.9,92.1,4.119,-4.4,0,1,68941
2026-05-01T20:28:48,26.256754,-23.235140,-0.9,11.39,77.1,10,1.7,92.1,4.121,-4.4,0,1,68942
2026-05-01T20:29:17,26.257189,-23.233429,-3.0,11.84,77.3,10,1.7,92.3,4.122,-4.2,0,1,68943
2026-05-01T20:29:47,26.257591,-23.231676,0.8,12.08,70.6,10,1.7,92.4,4.124,-4.2,0,1,68944
2026-05-01T20:30:16,26.258167,-23.230028,-0.7,11.77,73.8,10,1.7,92.6,4.125,-4.2,0,1,68945
2026-05-01T20:30:46,26.258472,-23.228226,-5.0,11.41,77.8,10,1.6,92.6,4.124,-4.2,0,1,68946
2026-05-01T20:31:15,26.258869,-23.226547,-2.8,11.91,71.3,10,1.6,92.9,4.125,-4.2,0,1,68947
2026-05-01T20:31:44,26.259233,-23.224857,0.3,11.97,68.1,11,1.5,92.8,4.128,-4.4,0,1,68948
2026-05-01T20:32:14,26.259804,-23.223101,0.0,11.91,73.6,10,1.7,92.8,4.128,-4.4,0,1,68949
2026-05-01T20:32:43,26.260265,-23.221415,4.1,12.05,70.6,8,5.6,92.8,4.128,-4.4,0,1,68950
2026-05-01T20:33:13,26.260540,-23.219694,1.0,11.43,77.5,11,1.3,93.1,4.128,-4.2,0,1,68951
2026-05-01T20:33:42,26.260956,-23.218018,-1.8,12.15,79.4,8,5.5,93.2,4.129,-4.2,0,1,68952
2026-05-01T20:34:12,26.261318,-23.216253,2.6,11.23,80.8,10,1.3,93.4,4.130,-4.4,0,1,68953
2026-05-01T20:34:41,26.261692,-23.214577,1.6,11.38,74.7,10,1.6,93.4,4.131,-4.4,0,1,68954
2026-05-01T20:35:11,26.262012,-23.212877,-3.9,11.31,78.1,10,1.3,93.4,4.133,-4.4,0,1,68955
2026-05-01T20:35:40,26.262413,-23.211113,-6.2,11.24,75.1,10,1.3,93.7,4.131,-4.2,0,1,68956
2026-05-01T20:36:09,26.262793,-23.209478,-5.0,10.87,91.1,11,1.3,93.5,4.134,-4.2,0,1,68957
2026-05-01T20:36:39,26.263132,-23.207714,-12.8,11.69,84.4,11,1.3,93.9,4.135,-4.2,0,1,68958
2026-05-01T20:37:08,26.263533,-23.205980,-8.7,11.18,66.7,10,1.6,93.9,4.134,-4.2,0,1,68959
2026-05-01T20:37:38,26.263790,-23.204277,-6.5,11.61,78.9,9,4.9,94.2,4.134,-4.2,0,1,68960
2026-05-01T20:38:07,26.264282,-23.202541,-7.6,12.06,70.5,9,1.5,94.2,4.135,-4.2,0,1,68961
2026-05-01T20:38:37,26.264660,-23.200781,-7.5,11.49,71.9,9,1.4,94.2,4.136,-4.2,0,1,68962
2026-05-01T20:39:06,26.264990,-23.199087,-14.4,11.60,74.8,10,1.3,94.5,4.137,-4.2,0,1,68963
2026-05-01T20:39:36,26.265364,-23.197342,-15.5,11.07,82.6,10,1.3,94.3,4.139,-4.2,0,1,68964
2026-05-01T20:40:05,26.265690,-23.195644,-13.5,11.58,73.5,8,1.5,94.7,4.139,-4.4,0,1,68965
2026-05-01T20:40:34,26.266035,-23.193941,-15.6,12.27,78.7,7,1.7,94.7,4.140,-4.4,0,1,68966
2026-05-01T20:41:04,26.266541,-23.192150,-17.3,12.31,78.8,9,1.3,94.7,4.141,-4.4,0,1,68967
2026-05-01T20:41:33,26.266850,-23.190487,-8.2,11.59,78.4,8,1.6,94.7,4.139,-4.4,0,1,68968
2026-05-01T20:42:03,26.267324,-23.188763,-18.2,11.92,79.9,9,1.5,94.8,4.141,-4.2,0,1,68969
2026-05-01T20:42:32,26.267653,-23.187160,-13.9,9.86,86.3,8,1.5,95.3,4.142,-4.4,0,1,68970
2026-05-01T20:43:02,26.268118,-23.185356,-0.5,12.68,72.6,8,1.5,95.1,4.142,-4.2,0,1,68971
2026-05-01T20:43:31,26.268456,-23.183723,5.0,10.84,73.6,8,1.5,95.3,4.142,-4.4,0,1,68972
2026-05-01T20:44:01,26.268917,-23.181978,2.2,10.99,77.6,7,4.7,95.1,4.145,-4.2,0,1,68973
2026-05-01T20:44:30,26.269283,-23.180271,0.7,11.76,78.4,8,4.1,95.4,4.145,-4.2,0,1,68974
2026-05-01T20:44:59,26.269781,-23.178623,4.5,11.55,71.6,8,4.1,95.4,4.146,-4.2,0,1,68975
2026-05-01T20:45:29,26.270142,-23.176863,-3.2,11.41,71.1,6,5.3,95.4,4.148,-4.2,0,1,68976
2026-05-01T20:45:58,26.270355,-23.175165,-2.7,11.80,76.1,6,5.3,95.9,4.149,-4.4,0,1,68977
2026-05-01T20:46:28,26.270521,-23.173397,7.7,11.15,82.7,6,5.4,95.6,4.150,-4.2,0,1,68978
2026-05-01T20:46:57,26.270830,-23.171713,11.2,11.27,81.6,6,5.4,96.1,4.151,-4.2,0,1,68979
2026-05-01T20:47:27,26.271397,-23.169952,5.1,11.70,81.1,6,5.5,95.9,4.149,-4.4,0,1,68980
2026-05-01T20:47:56,26.271851,-23.168297,-3.6,11.62,75.9,6,5.5,96.2,4.151,-4.2,0,1,68981
2026-05-01T20:48:26,26.272306,-23.166529,-5.4,11.11,77.6,6,5.6,96.2,4.151,-4.2,0,1,68982
2026-05-01T20:48:55,26.272453,-23.164801,-0.7,10.53,86.4,6,5.6,96.1,4.153,-4.2,0,1,68983
2026-05-01T20:49:24,26.272966,-23.163120,2.0,11.60,81.1,7,1.5,96.4,4.153,-4.2,0,1,68984
2026-05-01T20:49:54,26.273657,-23.161394,-1.1,11.74,77.5,7,1.5,96.4,4.155,-4.2,0,1,68985
2026-05-01T20:50:23,26.273914,-23.159670,-0.5,11.41,79.4,7,5.2,96.7,4.155,-4.2,0,1,68986
2026-05-01T20:50:53,26.274307,-23.157873,-2.1,11.84,71.7,7,5.2,96.4,4.156,-4.2,0,1,68987
2026-05-01T20:51:22,26.274702,-23.156187,1.6,12.21,81.5,8,2.5,96.7,4.156,-4.2,0,1,68988
2026-05-01T20:51:52,26.275263,-23.154444,8.8,11.85,75.9,10,1.3,96.9,4.156,-4.2,0,1,68989
2026-05-01T20:52:21,26.275602,-23.152702,15.5,12.69,75.3,9,2.0,96.9,4.159,-4.2,0,1,68990
2026-05-01T20:52:51,26.276077,-23.150961,7.6,10.99,60.5,9,1.3,97.0,4.159,-4.2,0,1,68991
2026-05-01T20:53:20,26.276463,-23.149233,4.5,11.81,73.1,10,1.3,97.0,4.157,-4.2,0,1,68992
2026-05-01T20:53:49,26.276861,-23.147573,11.1,12.12,73.2,10,1.3,97.0,4.160,-4.2,0,1,68993
2026-05-01T20:54:19,26.277281,-23.145790,10.0,11.84,74.5,9,2.0,97.0,4.161,-4.2,0,1,68994
2026-05-01T20:54:48,26.277697,-23.144154,9.0,11.56,77.7,10,1.3,97.2,4.160,-4.4,0,1,68995
2026-05-01T20:55:18,26.278112,-23.142326,8.6,11.96,64.6,10,1.3,97.5,4.162,-4.2,0,1,68996
2026-05-01T20:55:47,26.278345,-23.140585,4.5,11.48,76.7,9,2.1,97.8,4.162,-4.4,0,1,68997
2026-05-01T20:56:17,26.278770,-23.138876,22.5,11.24,74.4,9,2.1,97.5,4.164,-4.2,0,1,68998
2026-05-01T20:56:46,26.279057,-23.137089,18.9,11.98,75.4,10,1.3,97.7,4.166,-4.2,0,1,68999
2026-05-01T20:57:16,26.279493,-23.135340,18.5,11.30,79.1,9,2.1,97.7,4.166,-4.2,0,1,69000
2026-05-01T20:57:45,26.279926,-23.133591,9.1,12.32,74.5,11,1.2,97.8,4.166,-4.4,0,1,69001
2026-05-01T20:58:14,26.280359,-23.131950,13.3,10.79,69.1,10,2.1,97.8,4.168,-4.4,0,1,69002
2026-05-01T20:58:44,26.280613,-23.130106,17.5,12.44,78.4,11,1.2,98.1,4.169,-4.2,0,1,69003
2026-05-01T20:59:13,26.281004,-23.128391,7.9,11.27,74.1,11,1.2,98.3,4.169,-4.2,0,1,69004
2026-05-01T20:59:43,26.281393,-23.126574,13.9,13.97,68.4,10,2.1,98.4,4.169,-4.4,0,1,69005
2026-05-01T21:00:12,26.281773,-23.124859,19.9,12.15,78.4,11,1.2,98.9,4.169,-4.2,0,1,69006
2026-05-01T21:00:42,26.282148,-23.123070,12.4,11.88,68.1,11,1.2,98.8,4.171,-4.2,0,1,69007
2026-05-01T21:01:11,26.282434,-23.121302,6.7,11.60,68.0,11,1.2,98.6,4.173,-4.2,0,1,69008
2026-05-01T21:01:41,26.282921,-23.119535,2.6,11.51,67.7,12,1.1,98.8,4.174,-4.2,0,1,69009
2026-05-01T21:02:10,26.283348,-23.117762,-7.4,12.00,80.6,10,1.7,98.9,4.173,-4.2,0,1,69010
2026-05-01T21:02:39,26.283636,-23.116102,2.5,11.70,73.2,9,1.8,98.9,4.176,-4.2,0,1,69011
2026-05-01T21:03:09,26.283989,-23.114323,-0.5,12.50,84.9,10,1.7,99.1,4.176,-4.4,0,1,69012
2026-05-01T21:03:38,26.284389,-23.112677,0.5,12.62,80.1,10,1.7,99.2,4.176,-4.2,0,1,69013
2026-05-01T21:04:08,26.284786,-23.110882,-0.2,13.69,80.6,11,1.2,99.1,4.177,-4.4,0,1,69014
2026-05-01T21:04:37,26.285131,-23.109192,-5.1,11.41,74.5,9,1.8,99.6,4.176,-4.2,0,1,69015
2026-05-01T21:05:07,26.285492,-23.107458,-0.4,11.46,68.2,11,1.2,99.6,4.177,-4.2,0,1,69016
2026-05-01T21:05:36,26.285936,-23.105772,-1.7,12.21,79.5,11,1.2,99.7,4.179,-4.4,0,1,69017
2026-05-01T21:06:06,26.286301,-23.104069,11.8,11.53,75.9,9,1.9,99.6,4.180,-4.2,0,1,69018
2026-05-01T21:06:35,26.286726,-23.102386,13.1,11.19,79.9,11,1.2,99.7,4.181,-4.4,0,1,69019
2026-05-01T21:07:04,26.287146,-23.100735,5.3,10.44,59.8,11,1.2,99.7,4.181,-4.4,0,1,69020
2026-05-01T21:07:34,26.287523,-23.098976,0.9,11.65,75.9,11,1.2,100.0,4.182,-4.2,0,1,69021
2026-05-01T21:08:03,26.287821,-23.097261,-6.7,12.16,72.3,9,1.8,100.2,4.181,-4.2,0,1,69022
2026-05-01T21:08:33,26.288185,-23.095499,-10.7,11.50,71.7,9,2.0,100.0,4.182,-4.2,0,1,69023
2026-05-01T21:09:02,26.288630,-23.093798,3.7,11.99,75.7,10,1.8,100.2,4.185,-4.2,0,1,69024
2026-05-01T21:09:32,26.288952,-23.092093,10.2,11.62,71.0,10,1.8,100.2,4.185,-4.2,0,1,69025
2026-05-01T21:10:01,26.289339,-23.090355,14.1,11.77,75.0,9,2.1,100.5,4.187,-4.2,0,1,69026
2026-05-01T21:10:31,26.289745,-23.088598,13.8,12.12,75.1,10,1.9,100.5,4.186,-4.2,0,1,69027
2026-05-01T21:11:00,26.290051,-23.086935,13.1,11.73,74.7,10,1.9,100.8,4.187,-4.2,0,1,69028
2026-05-01T21:11:29,26.290407,-23.085213,17.2,11.80,77.5,10,1.9,100.8,4.187,-4.2,0,1,69029
2026-05-01T21:11:59,26.290867,-23.083458,11.6,11.59,76.3,10,1.9,100.8,4.189,-4.2,0,1,69030
2026-05-01T21:12:28,26.291445,-23.081837,13.2,11.86,55.7,9,1.9,101.3,4.190,-4.2,0,1,69031
2026-05-01T21:12:58,26.291719,-23.080067,12.3,11.60,67.5,10,1.9,101.0,4.190,-4.4,0,1,69032
2026-05-01T21:13:27,26.292105,-23.078384,14.8,11.53,81.5,9,2.0,101.0,4.193,-4.4,0,1,69033
2026-05-01T21:13:57,26.292486,-23.076649,18.2,11.09,75.9,9,2.0,101.5,4.193,-4.2,0,1,69034
2026-05-01T21:14:26,26.292866,-23.074961,15.6,10.98,82.7,10,1.9,101.6,4.195,-4.4,0,1,69035
2026-05-01T21:14:56,26.293242,-23.073200,10.5,12.15,76.8,11,1.2,101.8,4.194,-4.2,0,1,69036
2026-05-01T21:15:25,26.293625,-23.071541,10.9,11.52,75.7,10,2.0,101.6,4.195,-4.4,0,1,69037
2026-05-01T21:15:54,26.294056,-23.069895,14.1,11.58,79.9,10,2.0,101.9,4.196,-4.2,0,1,69038
2026-05-01T21:16:24,26.294518,-23.068153,12.7,11.68,75.7,10,2.0,101.8,4.196,-4.2,0,1,69039
2026-05-01T21:16:53,26.294796,-23.066452,11.6,11.05,75.8,10,2.0,101.8,4.196,-4.2,0,1,69040
2026-05-01T21:17:23,26.295168,-23.064676,11.2,10.40,73.4,10,2.0,102.1,4.198,-4.2,0,1,69041
2026-05-01T21:17:52,26.295527,-23.063047,11.8,11.65,69.4,9,2.4,102.1,4.199,-4.2,0,1,69042
2026-05-01T21:18:22,26.295938,-23.061295,6.3,11.63,75.3,10,2.0,102.1,4.199,-4.2,0,1,69043
2026-05-01T21:18:51,26.296227,-23.059631,4.1,11.04,75.4,10,2.0,102.4,4.201,-4.2,0,1,69044
2026-05-01T21:19:21,26.296610,-23.057829,7.9,11.86,68.3,10,2.0,102.6,4.201,-4.2,0,1,69045
2026-05-01T21:19:50,26.296949,-23.056103,11.4,12.46,66.0,10,2.0,102.6,4.202,-4.2,0,1,69046
2026-05-01T21:20:19,26.297298,-23.054424,10.0,12.05,74.5,9,2.1,102.6,4.204,-4.2,0,1,69047
2026-05-01T21:20:49,26.297588,-23.052652,9.0,11.53,82.3,10,2.0,102.7,4.205,-4.2,0,1,69048
2026-05-01T21:21:18,26.297934,-23.050922,7.7,13.46,76.9,10,2.0,102.9,4.207,-4.4,0,1,69049
2026-05-01T21:21:48,26.298412,-23.049215,18.8,15.12,70.7,9,2.1,102.9,4.206,-4.4,0,1,69050
2026-05-01T21:22:17,26.298727,-23.047523,15.4,11.26,91.5,11,2.0,103.4,4.206,-4.2,0,1,69051
2026-05-01T21:22:47,26.299095,-23.045773,8.1,12.29,75.2,11,2.0,103.4,4.207,-4.2,0,1,69052
2026-05-01T21:23:16,26.299568,-23.044109,2.4,10.92,75.5,11,2.0,103.5,4.210,-4.4,0,1,69053
2026-05-01T21:23:46,26.300020,-23.042381,12.4,10.23,69.5,11,2.1,103.8,4.210,-4.2,0,1,69054
2026-05-01T21:24:15,26.300417,-23.040642,7.3,12.37,84.4,11,2.1,103.7,4.210,-4.2,0,1,69055
2026-05-01T21:24:44,26.300814,-23.038929,6.4,12.82,83.1,10,2.2,103.7,4.213,-4.2,0,1,69056
2026-05-01T21:25:14,26.301327,-23.037260,3.1,11.54,78.3,11,2.1,103.7,4.213,-4.2,0,1,69057
2026-05-01T21:25:43,26.301758,-23.035484,5.4,12.22,77.7,11,2.1,104.0,4.211,-4.2,0,1,69058
2026-05-01T21:26:13,26.301985,-23.033735,13.2,12.29,70.0,11,2.1,103.7,4.213,-4.2,0,1,69059
2026-05-01T21:26:42,26.302431,-23.032042,6.7,11.79,77.5,12,1.6,104.0,4.214,-4.2,0,1,69060
2026-05-01T21:27:12,26.302889,-23.030251,2.7,12.29,62.7,11,1.6,103.8,4.211,-4.2,0,1,69061
2026-05-01T21:27:41,26.303326,-23.028528,0.8,12.31,82.6,12,1.6,103.8,4.214,-4.2,0,1,69062
2026-05-01T21:28:11,26.303741,-23.026821,1.8,10.93,76.7,11,1.7,103.8,4.213,-4.2,0,1,69063
2026-05-01T21:28:40,26.304098,-23.025156,16.0,11.95,79.7,12,1.6,103.8,4.213,-4.2,0,1,69064
2026-05-01T21:29:09,26.304518,-23.023388,9.5,11.94,88.0,10,2.1,103.8,4.215,-4.2,0,1,69065
2026-05-01T21:29:39,26.304926,-23.021719,19.2,12.49,69.1,12,1.6,103.8,4.214,-4.2,0,1,69066
2026-05-01T21:30:08,26.305405,-23.019909,12.3,12.97,68.4,11,1.8,104.3,4.214,-4.2,0,1,69067
2026-05-01T21:30:38,26.305752,-23.018229,20.9,11.44,86.1,10,1.8,103.8,4.214,-4.2,0,1,69068
2026-05-01T21:31:07,26.306187,-23.016447,15.9,12.04,75.2,10,1.9,104.3,4.211,-4.2,0,1,69069
2026-05-01T21:31:37,26.306559,-23.014618,11.4,11.90,70.0,11,1.8,104.0,4.213,-4.2,0,1,69070
2026-05-01T21:32:06,26.306873,-23.012915,14.4,11.67,80.3,11,1.8,104.1,4.215,-4.4,0,1,69071
2026-05-01T21:32:36,26.307234,-23.011166,22.6,11.44,90.2,10,1.8,104.3,4.215,-4.2,0,1,69072
2026-05-01T21:33:05,26.307751,-23.009418,15.6,11.41,77.3,10,1.9,103.8,4.213,-4.2,0,1,69073
2026-05-01T21:33:34,26.308062,-23.007740,15.6,10.86,72.8,11,1.8,104.1,4.214,-4.4,0,1,69074
2026-05-01T21:34:04,26.308472,-23.005926,19.7,11.19,72.0,10,1.9,103.8,4.215,-4.2,0,1,69075
2026-05-01T21:34:33,26.308788,-23.004250,25.3,11.63,84.4,11,1.7,104.1,4.214,-4.4,0,1,69076
2026-05-01T21:35:03,26.309305,-23.002516,23.4,10.76,75.7,11,1.7,104.1,4.214,-4.4,0,1,69077
2026-05-01T21:35:32,26.309399,-23.000631,11.9,11.74,79.0,11,1.7,104.0,4.215,-4.2,0,1,69078
2026-05-01T21:36:02,26.309908,-22.998827,16.4,13.62,80.0,11,1.7,104.0,4.215,-4.2,0,1,69079
2026-05-01T21:36:31,26.310184,-22.997101,7.8,12.26,73.3,10,1.9,104.1,4.215,-4.4,0,1,69080
2026-05-01T21:37:01,26.310688,-22.995390,12.1,10.63,69.3,11,1.7,104.3,4.215,-4.2,0,1,69081
2026-05-01T21:37:30,26.311062,-22.993664,3.8,11.77,74.1,11,1.7,104.1,4.215,-4.4,0,1,69082
2026-05-01T21:37:59,26.311497,-22.991947,3.0,11.73,74.7,10,1.7,104.1,4.215,-4.4,0,1,69083
2026-05-01T21:38:29,26.311777,-22.990124,3.7,12.28,80.8,11,1.7,104.3,4.215,2777.0,0,1,69084
2026-05-01T21:38:58,26.312193,-22.988365,3.1,11.93,71.5,10,1.9,104.1,4.215,-4.4,0,1,69085
2026-05-01T21:39:28,26.312689,-22.986643,2.4,12.04,79.3,9,2.1,104.0,4.215,-4.2,0,1,69086
2026-05-01T21:39:57,26.312857,-22.984890,-4.8,11.56,79.7,9,2.1,104.0,4.216,-4.2,0,1,69087
2026-05-01T21:40:27,26.313383,-22.983103,-8.0,12.14,79.7,10,1.7,104.1,4.215,-4.4,0,1,69088
2026-05-01T21:40:56,26.313839,-22.981413,-3.1,11.67,76.6,11,1.6,104.3,4.215,-4.2,0,1,69089
2026-05-01T21:41:26,26.314352,-22.979704,2.5,12.25,70.5,10,2.0,104.3,4.216,-4.2,0,1,69090
2026-05-01T21:41:55,26.314705,-22.978003,0.9,12.26,71.1,10,2.0,104.1,4.215,-4.4,0,1,69091
2026-05-01T21:42:24,26.315027,-22.976297,0.3,11.49,74.7,11,1.6,104.5,4.215,-4.2,0,1,69092
2026-05-01T21:42:54,26.315428,-22.974506,3.4,11.90,80.4,9,2.1,104.0,4.215,-4.2,0,1,69093
2026-05-01T21:43:23,26.315952,-22.972885,8.4,11.98,68.8,10,2.0,104.3,4.216,-4.2,0,1,69094
2026-05-01T21:43:53,26.316336,-22.971111,8.7,11.38,75.1,12,1.5,104.0,4.215,-4.2,0,1,69095
2026-05-01T21:44:22,26.316605,-22.969378,5.3,11.65,78.7,11,1.8,104.3,4.216,-4.2,0,1,69096
2026-05-01T21:44:52,26.317005,-22.967615,3.3,11.68,78.7,12,1.5,104.1,4.216,-4.4,0,1,69097
2026-05-01T21:45:21,26.317385,-22.965855,3.8,11.76,81.9,11,1.9,104.1,4.218,-4.4,0,1,69098
2026-05-01T21:45:51,26.317743,-22.964121,6.4,11.46,82.1,11,1.9,104.0,4.215,-4.2,0,1,69099
2026-05-01T21:46:20,26.318148,-22.962416,4.8,11.85,73.9,11,1.9,104.1,4.216,-4.4,0,1,69100
2026-05-01T21:46:49,26.318537,-22.960684,4.3,13.79,69.9,11,1.9,104.3,4.215,-4.2,0,1,69101
2026-05-01T21:47:19,26.318954,-22.958967,3.7,11.20,72.7,11,1.9,104.3,4.218,-4.2,0,1,69102
2026-05-01T21:47:48,26.319319,-22.957279,0.9,11.48,74.4,11,1.9,104.5,4.215,-4.2,0,1,69103
2026-05-01T21:48:18,26.319546,-22.955482,-7.5,13.02,79.2,11,1.9,104.1,4.216,-4.4,0,1,69104
2026-05-01T21:48:47,26.320015,-22.953749,-3.3,11.91,73.8,11,1.9,104.3,4.216,-4.2,0,1,69105
2026-05-01T21:49:17,26.320412,-22.952042,2.6,12.47,72.1,11,1.9,104.3,4.218,-4.2,0,1,69106
2026-05-01T21:49:46,26.320848,-22.950315,11.2,11.73,71.4,11,1.9,104.3,4.216,-4.2,0,1,69107
2026-05-01T21:50:16,26.321312,-22.948542,16.0,12.20,61.9,11,1.9,104.3,4.216,-4.2,0,1,69108
2026-05-01T21:50:45,26.321646,-22.946844,6.5,11.82,70.3,11,1.9,104.6,4.216,-4.2,0,1,69109
2026-05-01T21:51:14,26.322033,-22.945126,6.5,13.17,77.6,11,1.9,104.3,4.216,-4.2,0,1,69110
2026-05-01T21:51:44,26.322388,-22.943419,7.7,11.35,81.8,11,1.9,104.3,4.218,-4.2,0,1,69111
2026-05-01T21:52:13,26.322741,-22.941690,-0.1,11.94,74.7,11,1.9,104.1,4.216,-4.4,0,1,69112
2026-05-01T21:52:43,26.323137,-22.939922,0.0,11.55,74.1,11,1.9,104.1,4.218,-4.4,0,1,69113
2026-05-01T21:53:12,26.323519,-22.938126,3.6,12.13,73.7,11,1.9,104.5,4.215,-4.2,0,1,69114
2026-05-01T21:53:42,26.323925,-22.936369,1.4,11.33,65.9,11,1.9,104.3,4.216,-4.2,0,1,69115
2026-05-01T21:54:11,26.324354,-22.934643,8.4,11.99,74.0,11,1.9,104.5,4.218,-4.2,0,1,69116
2026-05-01T21:54:41,26.324793,-22.932806,6.5,12.40,82.0,11,1.9,104.3,4.218,-4.2,0,1,69117
2026-05-01T21:55:10,26.325216,-22.931086,10.5,12.29,74.0,11,1.9,104.1,4.218,-4.4,0,1,69118
2026-05-01T21:55:39,26.325567,-22.929300,9.4,12.39,70.7,11,1.9,104.3,4.216,-4.2,0,1,69119
2026-05-01T21:56:09,26.325953,-22.927557,7.3,12.41,76.0,11,1.9,104.3,4.216,-4.2,0,1,69120
2026-05-01T21:56:38,26.326317,-22.925817,6.6,12.27,76.1,11,1.9,104.5,4.218,-4.2,0,1,69121
2026-05-01T21:57:08,26.326748,-22.924086,16.2,11.14,69.1,12,1.8,104.5,4.218,-4.2,0,1,69122
2026-05-01T21:57:37,26.327179,-22.922304,13.3,11.45,81.2,11,1.8,104.3,4.218,-4.2,0,1,69123
2026-05-01T21:58:07,26.327652,-22.920481,14.7,11.78,77.7,12,1.8,104.3,4.216,-4.2,0,1,69124
2026-05-01T21:58:36,26.327950,-22.918764,14.2,12.24,76.0,12,1.8,104.3,4.216,-4.2,0,1,69125
2026-05-01T21:59:06,26.328295,-22.916994,7.8,12.08,79.1,12,1.8,104.5,4.218,-4.2,0,1,69126
2026-05-01T21:59:35,26.328709,-22.915255,12.4,11.62,72.2,11,1.9,104.3,4.218,-4.2,0,1,69127
2026-05-01T22:00:04,26.329138,-22.913538,10.9,11.65,78.6,12,1.8,104.0,4.219,-4.2,0,1,69128
2026-05-01T22:00:34,26.329393,-22.911777,9.2,11.55,71.3,12,1.8,104.6,4.216,-4.2,0,1,69129
2026-05-01T22:01:03,26.329748,-22.910015,0.6,11.80,74.2,11,1.9,104.1,4.218,-4.4,0,1,69130
2026-05-01T22:01:33,26.330292,-22.908228,-0.8,9.06,74.2,11,1.9,104.3,4.218,-4.2,0,1,69131
2026-05-01T22:02:02,26.330631,-22.906492,-3.9,12.12,69.9,11,1.9,104.5,4.218,-4.2,0,1,69132
2026-05-01T22:02:32,26.331070,-22.904694,-1.0,13.55,70.3,11,1.9,104.3,4.216,-4.2,0,1,69133
2026-05-01T22:03:01,26.331488,-22.902992,2.2,11.92,78.0,11,1.9,104.3,4.218,-4.2,0,1,69134
2026-05-01T22:03:31,26.331923,-22.901188,6.7,12.43,69.7,11,1.9,104.5,4.216,-4.2,0,1,69135
2026-05-01T22:04:00,26.332333,-22.899466,9.3,12.29,73.7,11,1.9,104.6,4.218,-4.2,0,1,69136
2026-05-01T22:04:29,26.332815,-22.897720,16.6,11.75,70.4,11,1.9,104.5,4.218,-4.2,0,1,69137
2026-05-01T22:04:59,26.333094,-22.895916,8.2,12.88,79.7,11,1.9,104.6,4.219,-4.2,0,1,69138
2026-05-01T22:05:28,26.333490,-22.894228,5.2,11.93,69.6,11,1.9,104.5,4.218,-4.2,0,1,69139
2026-05-01T22:05:58,26.333759,-22.892361,0.9,12.11,78.4,11,1.9,104.5,4.218,-4.2,0,1,69140
2026-05-01T22:06:27,26.334198,-22.890640,3.2,12.31,79.5,10,1.9,104.5,4.219,-4.2,0,1,69141
2026-05-01T22:06:57,26.334671,-22.888830,5.4,11.70,77.7,11,1.9,104.6,4.216,-4.2,0,1,69142
2026-05-01T22:07:26,26.334846,-22.887056,-0.3,11.36,83.2,10,1.9,104.5,4.218,-4.2,0,1,69143
2026-05-01T22:07:56,26.335323,-22.885275,12.2,12.57,68.1,11,1.9,104.6,4.218,-4.2,0,1,69144
2026-05-01T22:08:25,26.335684,-22.883533,-6.3,12.11,77.0,11,1.9,104.5,4.219,-4.2,0,1,69145
2026-05-01T22:08:54,26.335909,-22.881756,-10.8,11.04,90.3,10,1.9,104.5,4.219,-4.2,0,1,69146
2026-05-01T22:09:24,26.336437,-22.879953,0.2,13.33,85.8,11,1.8,104.5,4.218,-4.2,0,1,69147
2026-05-01T22:09:53,26.337021,-22.878201,6.8,12.53,71.7,11,1.8,104.3,4.219,-4.2,0,1,69148
2026-05-01T22:10:23,26.337259,-22.876425,7.9,11.56,83.2,11,1.8,104.5,4.218,-4.2,0,1,69149
2026-05-01T22:10:52,26.337667,-22.874678,9.5,12.00,82.9,10,2.6,104.3,4.218,-4.2,0,1,69150
2026-05-01T22:11:22,26.338095,-22.872856,4.2,12.04,73.4,10,1.8,104.5,4.216,-4.2,0,1,69151
2026-05-01T22:11:51,26.338425,-22.871090,-2.4,11.33,71.1,10,2.0,104.5,4.218,-4.2,0,1,69152
2026-05-01T22:12:21,26.338612,-22.869303,-9.5,11.52,84.7,11,1.8,104.3,4.218,-4.2,0,1,69153
2026-05-01T22:12:50,26.339371,-22.867586,-3.2,11.66,70.5,10,1.9,104.5,4.219,-4.2,0,1,69154
2026-05-01T22:13:19,26.339542,-22.865812,-14.0,12.01,80.4,10,1.9,104.3,4.216,-4.2,0,1,69155
2026-05-01T22:13:49,26.340014,-22.864056,-17.0,11.81,84.7,11,1.8,104.6,4.218,-4.2,0,1,69156
2026-05-01T22:14:18,26.340496,-22.862314,-16.8,11.63,78.6,11,1.8,104.5,4.218,-4.2,0,1,69157
2026-05-01T22:14:48,26.340889,-22.860527,-22.3,11.97,72.5,11,1.8,104.5,4.218,-4.2,0,1,69158
2026-05-01T22:15:17,26.341333,-22.858837,-11.1,12.54,65.7,11,1.8,104.5,4.216,-4.2,0,1,69159
2026-05-01T22:15:47,26.341652,-22.857012,-9.6,11.22,87.8,11,1.8,104.5,4.218,-4.2,0,1,69160
2026-05-01T22:16:16,26.342295,-22.855314,3.9,11.26,67.0,10,1.9,104.5,4.218,-4.2,0,1,69161
2026-05-01T22:16:46,26.342695,-22.853554,0.2,12.59,70.5,11,1.7,104.5,4.219,-4.2,0,1,69162
2026-05-01T22:17:15,26.343288,-22.851810,11.8,12.56,76.9,11,1.7,104.3,4.218,-4.2,0,1,69163
2026-05-01T22:17:44,26.343519,-22.850115,9.2,11.81,72.6,10,1.8,104.5,4.216,-4.2,0,1,69164
2026-05-01T22:18:14,26.343828,-22.848316,1.8,12.05,66.0,11,1.7,104.6,4.218,-4.2,0,1,69165
2026-05-01T22:18:43,26.344095,-22.846542,4.0,11.74,77.3,11,1.7,104.6,4.218,-4.2,0,1,69166
2026-05-01T22:19:13,26.344482,-22.844851,2.0,11.36,79.0,11,1.7,104.5,4.219,-4.2,0,1,69167
2026-05-01T22:19:42,26.344902,-22.843117,-5.3,11.13,70.1,9,1.9,104.6,4.218,-4.2,0,1,69168
2026-05-01T22:20:12,26.345379,-22.841320,6.9,11.54,79.4,11,1.7,104.5,4.218,-4.2,0,1,69169
2026-05-01T22:20:41,26.345591,-22.839563,4.3,12.26,78.1,10,2.5,104.5,4.219,-4.2,0,1,69170
2026-05-01T22:21:11,26.346161,-22.837784,11.0,13.22,54.8,11,1.6,104.6,4.219,-4.2,0,1,69171
2026-05-01T22:21:40,26.346470,-22.836109,9.1,11.91,70.3,11,1.6,104.6,4.219,-4.2,0,1,69172
2026-05-01T22:22:09,26.347031,-22.834385,15.5,12.17,64.9,11,1.6,104.6,4.219,-4.2,0,1,69173
2026-05-01T22:22:39,26.347437,-22.832607,33.6,14.59,68.7,11,1.6,104.6,4.219,-4.2,0,1,69174
2026-05-01T22:23:08,26.347624,-22.830837,24.6,11.86,76.9,10,1.6,104.5,4.218,-4.2,0,1,69175
2026-05-01T22:23:38,26.347836,-22.829082,16.7,11.03,82.8,10,2.4,104.5,4.220,-4.2,0,1,69176
2026-05-01T22:24:07,26.348265,-22.827354,8.1,12.68,76.1,10,2.3,104.5,4.219,-4.2,0,1,69177
2026-05-01T22:24:37,26.348574,-22.825535,9.2,12.16,76.8,10,1.6,104.3,4.216,-4.2,0,1,69178
2026-05-01T22:25:06,26.348989,-22.823797,5.3,12.27,83.7,11,1.6,104.5,4.216,-4.2,0,1,69179
2026-05-01T22:25:36,26.349279,-22.822098,-8.8,12.01,75.4,10,2.3,104.5,4.219,-4.2,0,1,69180
2026-05-01T22:26:05,26.349712,-22.820364,-0.3,11.99,77.7,10,2.3,104.6,4.219,-4.2,0,1,69181
2026-05-01T22:26:34,26.350077,-22.818592,-1.5,11.68,70.2,11,1.5,104.6,4.218,-4.2,0,1,69182
2026-05-01T22:27:04,26.350355,-22.816793,-4.8,12.33,82.3,10,2.2,104.5,4.219,-4.2,0,1,69183
2026-05-01T22:27:33,26.350882,-22.815140,8.7,12.29,80.1,8,2.7,104.3,4.218,-4.2,0,1,69184
2026-05-01T22:28:03,26.351254,-22.813370,10.0,11.60,74.0,11,1.5,104.8,4.216,-4.4,0,1,69185
2026-05-01T22:28:32,26.351681,-22.811625,7.0,11.61,89.0,10,2.2,104.3,4.216,-4.2,0,1,69186
2026-05-01T22:29:02,26.352280,-22.809845,25.6,10.37,77.1,10,2.2,104.6,4.218,-4.2,0,1,69187
2026-05-01T22:29:31,26.352730,-22.808090,29.0,13.24,77.2,10,2.2,104.5,4.219,-4.2,0,1,69188
2026-05-01T22:30:01,26.353062,-22.806322,19.8,12.29,85.6,11,1.5,104.5,4.220,-4.2,0,1,69189
2026-05-01T22:30:30,26.353424,-22.804571,21.6,11.19,80.6,11,1.5,104.5,4.219,-4.2,0,1,69190
2026-05-01T22:30:59,26.353731,-22.802851,18.1,12.00,73.9,10,2.1,104.6,4.219,-4.2,0,1,69191
2026-05-01T22:31:29,26.354235,-22.801014,21.0,12.47,68.0,10,2.1,104.8,4.219,-4.4,0,1,69192
2026-05-01T22:31:58,26.354609,-22.799278,22.4,12.10,73.1,10,1.5,104.6,4.219,-4.2,0,1,69193
2026-05-01T22:32:28,26.355005,-22.797464,19.9,12.24,73.7,11,1.5,104.6,4.218,-4.2,0,1,69194
2026-05-01T22:32:57,26.355427,-22.795736,13.7,12.09,80.8,11,1.4,104.5,4.220,-4.2,0,1,69195
2026-05-01T22:33:27,26.355755,-22.793985,12.0,11.73,75.6,10,2.0,104.6,4.220,-4.2,0,1,69196
2026-05-01T22:33:56,26.356152,-22.792234,4.4,12.43,80.7,11,1.4,104.6,4.218,-4.2,0,1,69197
2026-05-01T22:34:26,26.356529,-22.790445,3.5,11.29,77.6,11,1.4,104.6,4.219,-4.2,0,1,69198
2026-05-01T22:34:55,26.356815,-22.788710,-1.1,12.15,81.9,10,2.0,104.5,4.219,-4.2,0,1,69199
2026-05-01T22:35:24,26.357298,-22.786995,5.4,11.32,74.9,11,1.4,104.6,4.218,-4.2,0,1,69200
2026-05-01T22:35:54,26.357859,-22.785200,3.9,11.66,67.3,11,1.4,104.5,4.219,-4.2,0,1,69201
2026-05-01T22:36:23,26.358135,-22.783453,-10.0,10.82,73.9,10,1.9,104.8,4.219,-4.4,0,1,69202
2026-05-01T22:36:53,26.358566,-22.781677,-11.8,11.24,75.7,10,1.4,104.5,4.219,-4.2,0,1,69203
2026-05-01T22:37:22,26.358809,-22.779924,-5.7,12.09,71.9,10,1.9,104.9,4.218,-4.2,0,1,69204
2026-05-01T22:37:52,26.359325,-22.778160,2.0,11.98,74.2,9,2.3,104.8,4.218,-4.4,0,1,69205
2026-05-01T22:38:21,26.359642,-22.776398,-1.6,11.18,79.2,11,1.4,104.6,4.218,-4.2,0,1,69206
2026-05-01T22:38:51,26.360147,-22.774612,2.3,11.95,71.9,9,3.0,104.6,4.219,-4.2,0,1,69207
2026-05-01T22:39:20,26.360422,-22.772921,6.6,12.15,80.7,9,2.2,104.5,4.218,-4.2,0,1,69208
2026-05-01T22:39:49,26.360716,-22.771143,5.8,12.25,73.6,10,1.4,104.8,4.219,-4.4,0,1,69209
2026-05-01T22:40:19,26.361162,-22.769367,3.6,12.22,67.7,11,1.3,104.6,4.219,-4.2,0,1,69210
2026-05-01T22:40:48,26.361376,-22.767508,-8.4,11.77,78.9,9,2.9,104.6,4.220,-4.2,0,1,69211
2026-05-01T22:41:18,26.361591,-22.765762,-18.9,11.95,73.2,10,1.8,104.1,4.214,-4.4,0,1,69212
2026-05-01T22:41:47,26.362001,-22.764055,-17.9,11.71,83.6,9,2.2,104.0,4.214,-4.2,0,1,69213
2026-05-01T22:42:17,26.362398,-22.762230,-21.9,11.58,76.9,9,2.1,103.8,4.213,-4.2,0,1,69214
2026-05-01T22:42:46,26.362770,-22.760443,-22.6,12.22,77.7,10,1.3,104.0,4.214,-4.2,0,1,69215
2026-05-01T22:43:16,26.363106,-22.758623,-24.9,12.21,79.3,10,1.3,104.0,4.213,-4.2,0,1,69216
2026-05-01T22:43:45,26.363503,-22.756865,-22.6,12.21,79.0,11,1.3,103.8,4.214,-4.2,0,1,69217
2026-05-01T22:44:14,26.363895,-22.755089,-24.1,12.28,79.6,10,1.3,104.0,4.213,-4.2,0,1,69218
2026-05-01T22:44:44,26.364437,-22.753271,-17.7,13.03,64.7,10,1.3,104.0,4.213,-4.2,0,1,69219
2026-05-01T22:45:13,26.364733,-22.751471,-20.6,10.62,88.7,9,1.4,104.0,4.214,-4.2,0,1,69220
2026-05-01T22:45:43,26.365055,-22.749622,-35.0,12.29,82.3,9,1.4,103.7,4.214,-4.2,0,1,69221
2026-05-01T22:46:12,26.365772,-22.747881,-8.0,12.43,74.6,8,2.1,103.8,4.213,-4.2,0,1,69222
2026-05-01T22:46:42,26.366144,-22.746025,-15.2,11.92,77.4,9,1.4,103.8,4.214,-4.2,0,1,69223
2026-05-01T22:47:11,26.366508,-22.744261,-17.1,12.46,74.4,9,1.3,104.0,4.213,-4.2,0,1,69224
2026-05-01T22:47:41,26.367197,-22.742430,8.4,12.60,75.2,9,1.3,103.7,4.213,-4.2,0,1,69225
2026-05-01T22:48:10,26.367517,-22.740721,8.9,12.56,78.7,9,1.3,103.8,4.214,-4.2,0,1,69226
2026-05-01T22:48:39,26.368031,-22.739000,15.5,12.34,82.7,8,2.0,103.8,4.213,-4.2,0,1,69227
2026-05-01T22:49:09,26.368483,-22.737095,18.7,12.21,70.0,9,1.7,104.0,4.213,-4.2,0,1,69228
2026-05-01T22:49:38,26.368811,-22.735405,12.6,11.91,72.9,8,1.8,103.8,4.213,-4.2,0,1,69229
2026-05-01T22:50:08,26.369286,-22.733534,14.4,12.14,77.9,8,2.1,103.8,4.213,-4.2,0,1,69230
2026-05-01T22:50:37,26.369501,-22.731745,8.0,11.34,81.5,9,1.7,103.7,4.213,-4.2,0,1,69231
2026-05-01T22:51:07,26.369877,-22.729872,5.4,12.75,73.3,9,1.6,103.8,4.213,-4.2,0,1,69232
2026-05-01T22:51:36,26.370354,-22.728083,5.4,12.69,70.5,9,1.6,103.7,4.213,-4.2,0,1,69233
2026-05-01T22:52:06,26.370718,-22.726305,3.7,11.82,75.4,9,1.6,104.0,4.211,-4.2,0,1,69234
2026-05-01T22:52:35,26.371140,-22.724564,-3.7,12.43,71.9,9,1.6,104.0,4.213,-4.2,0,1,69235
2026-05-01T22:53:04,26.371441,-22.722761,-10.2,12.13,73.6,9,1.6,103.7,4.210,-4.2,0,1,69236
2026-05-01T22:53:34,26.371929,-22.720907,-0.6,12.77,73.0,8,2.1,103.7,4.213,-4.2,0,1,69237
2026-05-01T22:54:03,26.372320,-22.719135,-1.4,12.34,74.4,9,1.6,103.8,4.213,-4.2,0,1,69238
2026-05-01T22:54:33,26.372683,-22.717299,-8.7,12.98,72.2,9,1.6,103.7,4.211,-4.2,0,1,69239
2026-05-01T22:55:02,26.373102,-22.715549,-8.6,12.21,76.6,9,1.6,103.8,4.213,-4.2,0,1,69240
2026-05-01T22:55:32,26.373541,-22.713728,-8.6,13.74,70.1,9,1.6,103.7,4.213,-4.2,0,1,69241
2026-05-01T22:56:01,26.373978,-22.711971,-7.4,12.09,79.4,9,1.6,103.8,4.211,-4.2,0,1,69242
2026-05-01T22:56:31,26.374361,-22.710165,-12.0,12.11,81.1,9,1.6,103.7,4.211,-4.2,0,1,69243
2026-05-01T22:57:00,26.374699,-22.708395,-14.6,12.05,83.2,9,1.6,103.7,4.211,-4.2,0,1,69244
2026-05-01T22:57:29,26.375172,-22.706621,-13.3,12.53,71.6,10,1.2,103.7,4.213,-4.2,0,1,69245
2026-05-01T22:57:59,26.375568,-22.704803,-14.8,11.57,77.5,10,1.2,103.8,4.211,-4.2,0,1,69246
2026-05-01T22:58:28,26.375906,-22.703045,-19.2,11.25,83.5,9,1.2,103.8,4.210,-4.2,0,1,69247
2026-05-01T22:58:58,26.376442,-22.701168,-5.9,12.47,80.2,9,1.5,103.7,4.211,-4.2,0,1,69248
2026-05-01T22:59:27,26.376762,-22.699371,-8.9,11.99,85.9,9,1.5,103.5,4.213,-4.4,0,1,69249
2026-05-01T22:59:57,26.377205,-22.697529,-12.6,12.69,69.5,10,1.5,103.7,4.211,-4.2,0,1,69250
2026-05-01T23:00:26,26.377592,-22.695711,-15.8,13.01,72.5,10,1.5,103.5,4.211,-4.4,0,1,69251
2026-05-01T23:00:56,26.377996,-22.693930,-10.5,12.27,68.4,11,1.1,103.7,4.211,-4.2,0,1,69252
2026-05-01T23:01:25,26.378471,-22.692080,-4.7,11.35,71.3,10,1.5,103.5,4.211,-4.4,0,1,69253
2026-05-01T23:01:54,26.378946,-22.690229,5.5,13.70,71.0,10,1.5,103.7,4.211,-4.2,0,1,69254
2026-05-01T23:02:24,26.379164,-22.688375,2.2,11.99,76.1,9,2.1,103.7,4.211,-4.2,0,1,69255
2026-05-01T23:02:53,26.379622,-22.686550,12.2,12.54,77.9,9,1.6,103.8,4.210,-4.2,0,1,69256
2026-05-01T23:03:23,26.380110,-22.684641,15.0,13.59,73.7,9,1.6,103.5,4.210,-4.4,0,1,69257
2026-05-01T23:03:52,26.380573,-22.682934,18.3,12.39,77.0,9,1.5,103.4,4.211,-4.2,0,1,69258
2026-05-01T23:04:22,26.380970,-22.681145,18.3,12.07,69.7,10,1.4,103.5,4.209,-4.4,0,1,69259
2026-05-01T23:04:51,26.381432,-22.679285,10.4,12.79,75.8,8,2.4,103.5,4.210,-4.4,0,1,69260
2026-05-01T23:05:21,26.381844,-22.677509,14.3,12.46,78.9,10,1.4,103.5,4.211,-4.4,0,1,69261
2026-05-01T23:05:50,26.382153,-22.675714,15.0,11.93,74.6,9,2.1,103.7,4.211,-4.2,0,1,69262
2026-05-01T23:06:19,26.382542,-22.673937,18.7,12.20,77.0,10,1.4,103.7,4.211,-4.2,0,1,69263
2026-05-01T23:06:49,26.382841,-22.671972,24.2,12.44,80.2,8,2.4,103.7,4.211,-4.2,0,1,69264
2026-05-01T23:07:18,26.383280,-22.670187,21.5,13.44,71.9,9,2.1,103.5,4.211,-4.4,0,1,69265
2026-05-01T23:07:48,26.383684,-22.668337,22.9,13.44,59.5,8,2.4,104.1,4.213,-4.4,0,1,69266
2026-05-01T23:08:17,26.383932,-22.666582,26.3,11.28,81.3,8,1.5,103.5,4.213,-4.4,0,1,69267
2026-05-01T23:08:47,26.384325,-22.664774,26.6,12.50,80.7,9,2.1,103.7,4.213,-4.2,0,1,69268
2026-05-01T23:09:16,26.384678,-22.662985,32.9,12.06,79.2,9,1.5,103.2,4.210,-4.2,0,1,69269
2026-05-01T23:09:46,26.385101,-22.661083,34.4,12.33,77.4,8,2.4,103.7,4.210,-4.2,0,1,69270
2026-05-01T23:10:15,26.385532,-22.659342,35.0,12.51,83.1,9,1.5,103.7,4.210,-4.2,0,1,69271
2026-05-01T23:10:44,26.385897,-22.657526,34.1,12.41,79.1,8,1.5,103.7,4.210,-4.2,0,1,69272
2026-05-01T23:11:14,26.386303,-22.655716,28.6,12.24,77.6,8,1.5,103.7,4.210,-4.2,0,1,69273
2026-05-01T23:11:43,26.386747,-22.653929,22.9,12.89,77.9,8,1.5,103.5,4.213,-4.4,0,1,69274
2026-05-01T23:12:13,26.387199,-22.652082,20.1,12.16,84.8,9,1.4,103.7,4.210,-4.2,0,1,69275
2026-05-01T23:12:42,26.387621,-22.650291,14.8,12.30,74.6,10,1.4,103.7,4.210,-4.2,0,1,69276
2026-05-01T23:13:12,26.387999,-22.648417,9.4,11.45,73.1,10,1.4,103.7,4.211,-4.2,0,1,69277
2026-05-01T23:13:41,26.388323,-22.646585,7.9,12.06,83.9,9,1.4,103.7,4.211,-4.2,0,1,69278
2026-05-01T23:14:11,26.388786,-22.644749,3.8,12.45,74.9,9,2.0,103.7,4.211,-4.2,0,1,69279
2026-05-01T23:14:40,26.389210,-22.642954,9.4,11.10,80.9,10,1.3,103.7,4.209,-4.2,0,1,69280
2026-05-01T23:15:09,26.389639,-22.641130,8.4,12.55,78.5,8,2.1,103.7,4.210,-4.2,0,1,69281
2026-05-01T23:15:39,26.390068,-22.639269,7.0,12.12,81.5,8,2.1,103.4,4.211,-4.2,0,1,69282
2026-05-01T23:16:08,26.390455,-22.637489,13.5,12.50,82.0,9,2.0,103.5,4.210,-4.4,0,1,69283
2026-05-01T23:16:38,26.390888,-22.635574,5.6,13.11,68.4,9,2.0,103.5,4.209,-4.4,0,1,69284
2026-05-01T23:17:07,26.391291,-22.633821,5.3,11.81,82.0,8,2.0,103.8,4.209,-4.2,0,1,69285
2026-05-01T23:17:37,26.391668,-22.631939,5.1,13.01,68.6,10,1.3,103.5,4.209,-4.4,0,1,69286
2026-05-01T23:18:06,26.392065,-22.630116,5.6,12.68,82.7,10,1.3,103.7,4.210,-4.2,0,1,69287
2026-05-01T23:18:36,26.392504,-22.628241,7.2,12.42,71.9,9,2.0,103.7,4.211,-4.2,0,1,69288
2026-05-01T23:19:05,26.392818,-22.626455,12.9,12.62,81.3,9,2.0,103.4,4.211,-4.2,0,1,69289
2026-05-01T23:19:34,26.393236,-22.624668,4.6,11.31,80.0,9,1.9,103.8,4.210,-4.2,0,1,69290
2026-05-01T23:20:04,26.393686,-22.622805,0.8,11.41,82.8,10,1.6,103.5,4.210,-4.4,0,1,69291
2026-05-01T23:20:33,26.394030,-22.620979,9.2,12.80,64.8,11,1.2,103.8,4.211,-4.2,0,1,69292
2026-05-01T23:21:03,26.394421,-22.619093,7.3,12.49,77.0,11,1.2,103.5,4.210,-4.4,0,1,69293
2026-05-01T23:21:32,26.394823,-22.617319,-1.0,12.76,79.4,10,1.6,103.5,4.210,-4.4,0,1,69294
2026-05-01T23:22:02,26.395258,-22.615505,-7.4,11.68,73.2,10,1.2,103.7,4.210,-4.2,0,1,69295
2026-05-01T23:22:31,26.395699,-22.613678,-14.4,11.99,70.8,11,1.2,103.4,4.210,-4.2,0,1,69296
2026-05-01T23:23:01,26.396097,-22.611832,-11.8,11.75,90.8,11,1.2,103.5,4.211,-4.4,0,1,69297
2026-05-01T23:23:30,26.396385,-22.609991,0.7,12.03,78.4,11,1.2,103.8,4.210,-4.2,0,1,69298
2026-05-01T23:23:59,26.396688,-22.608255,-5.8,12.03,80.6,11,1.2,103.7,4.210,-4.2,0,1,69299
2026-05-01T23:24:29,26.397228,-22.606461,-15.4,12.17,79.9,11,1.2,103.5,4.210,-4.4,0,1,69300
2026-05-01T23:24:58,26.397594,-22.604649,-14.0,12.18,81.8,11,1.2,103.4,4.209,-4.2,0,1,69301
2026-05-01T23:25:28,26.397991,-22.602852,-2.4,11.83,78.1,10,1.2,103.5,4.211,-4.4,0,1,69302
2026-05-01T23:25:57,26.398369,-22.601086,-1.5,12.82,74.6,11,1.2,103.4,4.209,-4.2,0,1,69303
2026-05-01T23:26:27,26.398777,-22.599245,13.0,12.16,74.9,11,1.2,103.7,4.209,-4.2,0,1,69304
2026-05-01T23:26:56,26.399157,-22.597517,14.7,12.25,75.3,10,1.2,103.4,4.210,-4.2,0,1,69305
2026-05-01T23:27:26,26.399628,-22.595604,20.0,13.04,71.3,11,1.1,103.5,4.210,-4.4,0,1,69306
2026-05-01T23:27:55,26.400093,-22.593855,14.9,12.19,65.9,11,1.1,103.4,4.210,-4.2,0,1,69307
2026-05-01T23:28:24,26.400385,-22.592054,20.0,12.55,75.3,11,1.1,103.5,4.209,-4.4,0,1,69308
2026-05-01T23:28:54,26.400747,-22.590183,32.7,13.05,75.5,10,1.1,103.4,4.209,-4.2,0,1,69309
2026-05-01T23:29:23,26.401163,-22.588440,41.6,12.11,76.5,10,1.1,103.2,4.210,-4.2,0,1,69310
2026-05-01T23:29:53,26.401634,-22.586555,13.5,13.05,71.8,10,1.1,103.5,4.210,-4.4,0,1,69311
2026-05-01T23:30:22,26.402023,-22.584757,23.2,13.02,68.7,9,1.6,103.5,4.210,-4.4,0,1,69312
2026-05-01T23:30:52,26.402529,-22.582960,13.4,12.06,61.0,9,1.6,103.5,4.209,-4.4,0,1,69313
2026-05-01T23:31:21,26.402924,-22.581116,10.2,12.16,76.2,9,1.2,103.4,4.209,-4.2,0,1,69314
2026-05-01T23:31:51,26.403261,-22.579195,5.7,11.76,69.2,9,1.6,103.2,4.210,-4.2,0,1,69315
2026-05-01T23:32:20,26.403624,-22.577358,-0.3,12.51,75.1,10,1.1,103.4,4.210,-4.2,0,1,69316
2026-05-01T23:32:49,26.404108,-22.575562,-7.2,12.42,59.8,10,1.1,103.7,4.209,-4.2,0,1,69317
2026-05-01T23:33:19,26.404455,-22.573660,1.5,12.53,78.9,9,1.1,103.5,4.211,-4.4,0,1,69318
2026-05-01T23:33:48,26.404892,-22.571833,-5.1,12.35,73.6,9,1.6,103.5,4.209,-4.4,0,1,69319
2026-05-01T23:34:18,26.405359,-22.570063,-7.4,12.38,73.4,9,1.6,103.7,4.209,-4.2,0,1,69320
2026-05-01T23:34:47,26.405710,-22.568258,2.2,12.15,82.8,10,1.1,103.5,4.209,-4.4,0,1,69321
2026-05-01T23:35:17,26.406132,-22.566378,-0.7,12.38,88.0,10,1.1,103.5,4.210,-4.4,0,1,69322
2026-05-01T23:35:46,26.406588,-22.564587,2.3,12.16,74.6,10,1.6,103.5,4.209,-4.4,0,1,69323
2026-05-01T23:36:16,26.406996,-22.562742,-1.3,12.87,69.1,10,1.6,103.5,4.209,-4.4,0,1,69324
2026-05-01T23:36:45,26.407448,-22.561018,-0.1,13.21,80.4,9,1.6,103.4,4.209,-4.2,0,1,69325
2026-05-01T23:37:14,26.407784,-22.559200,3.4,11.87,73.0,11,1.1,103.7,4.211,-4.2,0,1,69326
2026-05-01T23:37:44,26.408278,-22.557354,4.8,12.64,76.2,9,1.2,103.7,4.211,-4.2,0,1,69327
2026-05-01T23:38:13,26.408613,-22.555529,-4.2,12.82,82.2,10,1.1,103.4,4.209,-4.2,0,1,69328
2026-05-01T23:38:43,26.409052,-22.553671,-0.2,11.72,78.1,11,1.1,103.2,4.209,-4.2,0,1,69329
2026-05-01T23:39:12,26.409473,-22.551882,-3.8,11.77,77.0,10,1.5,103.4,4.210,-4.2,0,1,69330
2026-05-01T23:39:42,26.409779,-22.550062,0.4,11.74,84.0,10,1.5,103.5,4.209,-4.4,0,1,69331
2026-05-01T23:40:11,26.410229,-22.548311,-0.9,12.44,78.7,10,1.5,103.4,4.207,-4.2,0,1,69332
2026-05-01T23:40:41,26.410755,-22.546511,-12.6,13.11,67.5,9,1.6,103.4,4.210,-4.2,0,1,69333
2026-05-01T23:41:10,26.411058,-22.544695,-14.0,11.46,81.4,11,1.0,103.7,4.209,-4.2,0,1,69334
2026-05-01T23:41:39,26.411314,-22.542870,-9.0,12.58,78.9,11,1.0,103.4,4.209,-4.2,0,1,69335
2026-05-01T23:42:09,26.411802,-22.541132,4.3,11.77,81.0,9,1.6,103.5,4.210,-4.4,0,1,69336
2026-05-01T23:42:38,26.412230,-22.539364,6.1,12.37,81.2,11,1.0,103.5,4.209,-4.4,0,1,69337
2026-05-01T23:43:08,26.412590,-22.537518,10.5,12.28,82.6,11,1.0,103.4,4.210,-4.2,0,1,69338
2026-05-01T23:43:37,26.412979,-22.535772,15.6,12.12,73.5,9,1.6,103.4,4.209,-4.2,0,1,69339
2026-05-01T23:44:07,26.413395,-22.533924,20.3,12.01,77.8,10,1.5,103.5,4.210,-4.4,0,1,69340
2026-05-01T23:44:36,26.413681,-22.532063,-3.0,12.33,71.8,10,1.5,103.5,4.209,-4.4,0,1,69341
2026-05-01T23:45:06,26.414057,-22.530230,8.1,11.35,77.8,8,1.8,103.5,4.209,-4.4,0,1,69342
2026-05-01T23:45:35,26.414452,-22.528460,7.2,11.87,75.4,8,1.8,103.4,4.207,-4.2,0,1,69343
2026-05-01T23:46:04,26.414862,-22.526646,2.9,12.68,75.1,8,1.8,103.4,4.209,-4.2,0,1,69344
2026-05-01T23:46:34,26.415321,-22.524799,6.4,12.10,81.1,8,1.8,103.4,4.210,-4.2,0,1,69345
2026-05-01T23:47:03,26.415730,-22.523035,13.7,12.89,72.5,8,1.8,103.4,4.210,-4.2,0,1,69346
2026-05-01T23:47:33,26.416113,-22.521181,6.2,11.50,70.1,8,1.8,103.5,4.209,-4.4,0,1,69347
2026-05-01T23:48:02,26.416533,-22.519405,16.2,12.77,74.0,8,1.8,103.5,4.209,-4.4,0,1,69348
2026-05-01T23:48:32,26.416864,-22.517546,19.7,12.26,77.4,8,1.8,103.7,4.210,-4.2,0,1,69349
2026-05-01T23:49:01,26.417318,-22.515757,23.9,11.62,81.1,8,1.8,103.4,4.210,-4.2,0,1,69350
2026-05-01T23:49:31,26.417725,-22.513947,25.5,12.34,71.7,8,1.8,103.4,4.210,-4.2,0,1,69351
2026-05-01T23:50:00,26.418123,-22.512138,23.4,11.99,75.4,8,1.8,103.5,4.210,-4.4,0,1,69352
2026-05-01T23:50:29,26.418522,-22.510374,25.3,12.09,74.4,8,1.8,103.2,4.209,-4.2,0,1,69353
2026-05-01T23:50:59,26.418972,-22.508535,26.8,12.12,71.8,9,1.5,103.4,4.209,-4.2,0,1,69354
2026-05-01T23:51:28,26.419317,-22.506775,24.9,11.52,80.0,9,1.5,103.4,4.209,-4.2,0,1,69355
2026-05-01T23:51:58,26.419746,-22.504913,26.2,12.47,70.8,9,1.5,103.5,4.209,-4.4,0,1,69356
2026-05-01T23:52:27,26.420107,-22.503115,24.2,12.58,77.5,9,1.5,103.2,4.209,-4.2,0,1,69357
2026-05-01T23:52:57,26.420586,-22.501314,29.0,12.52,66.4,9,1.5,103.4,4.207,-4.2,0,1,69358
2026-05-01T23:53:26,26.420940,-22.499464,22.3,12.53,79.2,9,1.5,103.5,4.209,-4.4,0,1,69359
2026-05-01T23:53:56,26.421432,-22.497658,23.0,12.13,71.3,8,1.8,103.4,4.210,-4.2,0,1,69360
2026-05-01T23:54:25,26.421814,-22.495855,22.5,13.20,72.9,9,1.5,103.4,4.209,-4.2,0,1,69361
2026-05-01T23:54:54,26.422194,-22.494085,25.1,12.55,77.4,9,1.5,103.5,4.207,-4.4,0,1,69362
2026-05-01T23:55:24,26.422626,-22.492254,25.6,12.41,71.3,9,1.5,103.5,4.210,-4.4,0,1,69363
2026-05-01T23:55:53,26.423023,-22.490467,24.5,12.10,70.6,9,1.5,103.4,4.210,-4.2,0,1,69364
2026-05-01T23:56:23,26.423378,-22.488585,26.1,12.36,72.6,9,1.5,103.4,4.210,-4.2,0,1,69365
2026-05-01T23:56:52,26.423721,-22.486801,25.5,12.22,80.5,9,1.5,103.5,4.207,-4.4,0,1,69366
2026-05-01T23:57:22,26.424101,-22.484947,25.6,12.11,84.3,9,1.5,103.4,4.209,-4.2,0,1,69367
2026-05-01T23:57:51,26.424507,-22.483168,23.6,12.46,79.4,9,1.5,103.5,4.209,-4.4,0,1,69368
2026-05-01T23:58:21,26.424915,-22.481281,27.5,12.45,73.8,9,1.5,103.5,4.210,-4.4,0,1,69369
2026-05-01T23:58:50,26.425344,-22.479511,26.6,12.09,76.2,9,1.4,103.4,4.209,-4.2,0,1,69370
2026-05-01T23:59:19,26.425730,-22.477705,16.1,12.98,72.5,8,1.9,103.2,4.207,-4.2,0,1,69371
2026-05-01T23:59:49,26.426153,-22.475908,15.0,11.80,75.4,9,1.4,103.4,4.210,-4.2,0,1,69372
