datetime,lat,lon,alt_m,speed_kts,cog,satellites,hdop,battery_pct,battery_v,charge_rate,rtc_bat_low,fix,boot
2026-04-04T00:00:01,-3.961565,-119.045197,7.4,13.66,77.5,7,1.5,103.4,4.207,2751.6,0,1,1837
2026-04-04T00:00:29,-3.961027,-119.043556,3.5,13.40,67.7,7,1.5,103.2,4.209,-4.2,0,1,1838
2026-04-04T00:00:58,-3.960450,-119.041885,4.9,13.73,74.7,7,1.5,103.4,4.206,-4.2,0,1,1839
2026-04-04T00:01:26,-3.959892,-119.040268,8.1,13.05,70.4,7,1.5,103.2,4.207,-4.2,0,1,1840
2026-04-04T00:01:54,-3.959350,-119.038605,15.2,13.46,73.5,7,1.5,103.4,4.210,-4.2,0,1,1841
2026-04-04T00:02:23,-3.958772,-119.036903,23.2,13.34,69.6,7,1.5,103.4,4.209,-4.2,0,1,1842
2026-04-04T00:02:51,-3.958192,-119.035278,29.0,13.51,66.1,7,1.4,103.2,4.209,-4.2,0,1,1843
2026-04-04T00:03:19,-3.957705,-119.033623,25.4,13.35,65.6,7,1.4,103.2,4.207,-4.2,0,1,1844
2026-04-04T00:03:48,-3.957225,-119.031898,25.9,12.91,66.8,6,1.7,103.0,4.207,-4.2,0,1,1845
2026-04-04T00:04:16,-3.956708,-119.030243,24.4,13.89,70.5,7,1.4,103.2,4.209,-4.2,0,1,1846
2026-04-04T00:04:44,-3.956268,-119.028595,27.2,13.64,75.9,8,1.3,103.2,4.207,-4.2,0,1,1847
2026-04-04T00:05:13,-3.955743,-119.026917,23.7,13.13,72.3,7,1.6,103.5,4.209,-4.4,0,1,1848
2026-04-04T00:05:41,-3.955268,-119.025253,23.1,12.61,71.6,9,1.3,103.2,4.207,-4.2,0,1,1849
2026-04-04T00:06:09,-3.954755,-119.023575,27.2,13.80,65.1,8,1.3,103.0,4.207,-4.2,0,1,1850
2026-04-04T00:06:38,-3.954257,-119.021927,23.3,12.42,78.0,9,1.3,103.5,4.206,-4.4,0,1,1851
2026-04-04T00:07:06,-3.953810,-119.020264,16.2,12.59,77.6,9,1.3,103.2,4.206,-4.2,0,1,1852
2026-04-04T00:07:34,-3.953372,-119.018608,8.6,13.59,78.7,9,1.4,103.2,4.207,-4.2,0,1,1853
2026-04-04T00:08:03,-3.952855,-119.016922,11.5,12.65,75.1,8,1.5,103.5,4.209,-4.4,0,1,1854
2026-04-04T00:08:31,-3.952392,-119.015244,14.8,13.68,69.6,8,1.5,103.2,4.207,-4.2,0,1,1855
2026-04-04T00:08:59,-3.951958,-119.013618,8.2,13.31,75.1,9,1.3,103.2,4.209,-4.2,0,1,1856
2026-04-04T00:09:28,-3.951567,-119.011864,1.8,13.95,73.2,8,1.5,103.2,4.207,-4.2,0,1,1857
2026-04-04T00:09:56,-3.951067,-119.010201,4.8,13.44,77.8,8,1.5,103.2,4.207,-4.2,0,1,1858
2026-04-04T00:10:24,-3.950502,-119.008560,11.8,12.44,71.8,9,1.2,103.2,4.207,-4.2,0,1,1859
2026-04-04T00:10:53,-3.949966,-119.006874,9.3,13.29,67.3,8,1.5,103.0,4.209,-4.2,0,1,1860
2026-04-04T00:11:21,-3.949480,-119.005249,11.6,13.58,69.5,8,1.5,103.2,4.209,-4.2,0,1,1861
2026-04-04T00:11:49,-3.948973,-119.003593,16.7,13.09,67.1,9,1.2,103.0,4.207,-4.2,0,1,1862
2026-04-04T00:12:18,-3.948618,-119.001854,8.7,12.90,82.6,8,1.5,103.2,4.207,-4.2,0,1,1863
2026-04-04T00:12:46,-3.948173,-119.000153,1.8,12.28,76.8,8,1.5,103.0,4.207,-4.2,0,1,1864
2026-04-04T00:13:14,-3.947633,-118.998512,-8.5,13.09,64.7,8,1.5,103.4,4.209,-4.2,0,1,1865
2026-04-04T00:13:43,-3.947217,-118.996765,-14.1,13.08,72.3,8,1.5,103.4,4.209,-4.2,0,1,1866
2026-04-04T00:14:11,-3.946700,-118.995125,-12.7,14.53,74.4,8,1.5,103.2,4.207,-4.2,0,1,1867
2026-04-04T00:14:39,-3.946225,-118.993500,-3.9,13.19,70.6,8,1.4,103.2,4.209,-4.2,0,1,1868
2026-04-04T00:15:08,-3.945878,-118.991707,-3.1,12.58,75.2,8,1.4,103.2,4.209,-4.2,0,1,1869
2026-04-04T00:15:36,-3.945310,-118.990082,0.7,13.31,71.6,8,1.4,103.2,4.207,-4.2,0,1,1870
2026-04-04T00:16:04,-3.944850,-118.988388,2.9,12.95,77.3,8,1.4,103.2,4.209,-4.2,0,1,1871
2026-04-04T00:16:33,-3.944382,-118.986671,-0.5,12.57,70.4,8,1.4,103.2,4.209,-4.2,0,1,1872
2026-04-04T00:17:01,-3.943963,-118.985001,0.0,12.47,73.8,8,1.4,103.4,4.207,-4.2,0,1,1873
2026-04-04T00:17:29,-3.943455,-118.983307,4.5,13.27,71.4,9,1.2,103.0,4.207,-4.2,0,1,1874
2026-04-04T00:17:58,-3.942843,-118.981590,8.1,13.75,76.6,8,1.4,103.2,4.207,-4.2,0,1,1875
2026-04-04T00:18:26,-3.942348,-118.979904,-0.7,12.17,62.8,8,1.4,103.0,4.207,-4.2,0,1,1876
2026-04-04T00:18:54,-3.941839,-118.978241,-3.2,13.38,70.5,8,1.4,103.2,4.206,-4.2,0,1,1877
2026-04-04T00:19:23,-3.941363,-118.976562,-2.6,12.72,66.7,8,1.4,103.4,4.206,-4.2,0,1,1878
2026-04-04T00:19:51,-3.940858,-118.974922,0.7,13.56,66.9,8,1.4,103.2,4.207,-4.2,0,1,1879
2026-04-04T00:20:19,-3.940456,-118.973236,1.9,13.08,71.4,9,1.1,103.0,4.207,-4.2,0,1,1880
2026-04-04T00:20:48,-3.939940,-118.971519,5.7,12.85,71.5,8,1.4,103.2,4.206,-4.2,0,1,1881
2026-04-04T00:21:16,-3.939440,-118.969872,4.4,13.51,65.5,8,1.4,103.4,4.207,-4.2,0,1,1882
2026-04-04T00:21:44,-3.938993,-118.968208,4.6,13.11,66.7,8,1.7,103.2,4.209,-4.2,0,1,1883
2026-04-04T00:22:13,-3.938516,-118.966461,2.3,13.43,70.0,8,1.4,103.5,4.205,-4.4,0,1,1884
2026-04-04T00:22:41,-3.938056,-118.964775,1.3,13.41,68.2,8,1.4,103.0,4.207,-4.2,0,1,1885
2026-04-04T00:23:09,-3.937530,-118.963135,2.3,13.01,70.7,8,1.3,103.4,4.209,-4.2,0,1,1886
2026-04-04T00:23:38,-3.937013,-118.961433,2.1,13.30,72.2,8,1.3,103.5,4.209,-4.4,0,1,1887
2026-04-04T00:24:06,-3.936545,-118.959785,0.8,13.02,71.3,8,1.3,103.0,4.207,-4.2,0,1,1888
2026-04-04T00:24:34,-3.936056,-118.958107,6.0,13.25,71.7,8,1.3,103.4,4.209,-4.2,0,1,1889
2026-04-04T00:25:03,-3.935535,-118.956413,8.1,12.29,75.5,8,1.3,103.2,4.209,-4.2,0,1,1890
2026-04-04T00:25:31,-3.935058,-118.954750,10.5,12.59,71.9,8,1.3,103.2,4.207,-4.2,0,1,1891
2026-04-04T00:25:59,-3.934603,-118.953087,13.4,13.53,73.2,8,1.3,103.0,4.206,-4.2,0,1,1892
2026-04-04T00:26:28,-3.934128,-118.951385,20.9,13.66,70.3,8,1.3,103.2,4.207,-4.2,0,1,1893
2026-04-04T00:26:56,-3.933676,-118.949760,20.9,13.34,74.3,8,1.3,103.2,4.210,-4.2,0,1,1894
2026-04-04T00:27:24,-3.933243,-118.948082,21.3,13.34,73.8,8,1.3,103.2,4.207,-4.2,0,1,1895
2026-04-04T00:27:53,-3.932770,-118.946327,20.4,13.17,71.2,8,1.3,103.2,4.207,-4.2,0,1,1896
2026-04-04T00:28:21,-3.932342,-118.944588,8.2,13.83,72.1,8,1.3,103.4,4.209,-4.2,0,1,1897
2026-04-04T00:28:49,-3.931842,-118.942940,0.7,12.96,71.8,9,1.2,103.2,4.209,-4.2,0,1,1898
2026-04-04T00:29:18,-3.931283,-118.941261,-1.6,12.66,67.6,9,1.2,103.5,4.209,-4.4,0,1,1899
2026-04-04T00:29:46,-3.930813,-118.939598,4.3,13.75,68.8,9,1.2,103.5,4.207,-4.4,0,1,1900
2026-04-04T00:30:14,-3.930363,-118.937920,3.8,12.43,66.7,9,1.2,103.2,4.206,-4.2,0,1,1901
2026-04-04T00:30:43,-3.929860,-118.936165,-3.6,13.30,78.8,8,2.2,103.4,4.207,-4.2,0,1,1902
2026-04-04T00:31:11,-3.929373,-118.934486,-7.9,13.02,67.8,9,1.2,103.5,4.206,-4.4,0,1,1903
2026-04-04T00:31:39,-3.928878,-118.932800,-11.3,12.86,73.1,9,1.2,103.0,4.206,-4.2,0,1,1904
2026-04-04T00:32:08,-3.928423,-118.931007,-20.8,14.39,70.2,9,1.2,103.4,4.209,-4.2,0,1,1905
2026-04-04T00:32:36,-3.927971,-118.929329,-20.1,12.71,72.9,9,1.2,103.0,4.207,-4.2,0,1,1906
2026-04-04T00:33:04,-3.927411,-118.927658,-8.5,13.37,71.8,9,1.2,103.4,4.207,-4.2,0,1,1907
2026-04-04T00:33:33,-3.926990,-118.925903,-5.7,13.97,70.4,9,1.2,103.4,4.206,-4.2,0,1,1908
2026-04-04T00:34:01,-3.926456,-118.924210,-4.1,12.91,66.3,9,1.2,103.2,4.209,-4.2,0,1,1909
2026-04-04T00:34:29,-3.925842,-118.922585,2.0,13.74,68.5,9,1.2,103.4,4.207,-4.2,0,1,1910
2026-04-04T00:34:58,-3.925466,-118.920830,0.3,13.17,77.1,9,1.2,103.2,4.209,-4.2,0,1,1911
2026-04-04T00:35:26,-3.924991,-118.919144,-5.2,12.62,71.9,9,1.2,103.2,4.209,-4.2,0,1,1912
2026-04-04T00:35:54,-3.924485,-118.917389,-4.7,13.52,77.6,9,1.2,103.2,4.207,-4.2,0,1,1913
2026-04-04T00:36:23,-3.923959,-118.915596,-1.8,14.14,82.2,9,1.2,103.2,4.205,-4.2,0,1,1914
2026-04-04T00:36:51,-3.923450,-118.913918,-2.0,14.34,68.1,9,1.2,103.0,4.207,-4.2,0,1,1915
2026-04-04T00:37:19,-3.922983,-118.912216,0.1,13.56,72.7,9,1.2,103.2,4.207,-4.2,0,1,1916
2026-04-04T00:37:48,-3.922393,-118.910515,-1.6,13.58,66.9,9,1.1,103.2,4.207,-4.2,0,1,1917
2026-04-04T00:38:16,-3.921960,-118.908798,-3.5,12.57,78.7,9,1.1,103.2,4.210,-4.2,0,1,1918
2026-04-04T00:38:44,-3.921473,-118.907043,-1.0,14.07,77.3,9,1.1,103.0,4.207,-4.2,0,1,1919
2026-04-04T00:39:13,-3.920926,-118.905281,-1.3,13.54,68.0,9,1.1,103.4,4.209,-4.2,0,1,1920
2026-04-04T00:39:41,-3.920378,-118.903580,-1.9,13.12,73.7,8,1.2,103.2,4.209,-4.2,0,1,1921
2026-04-04T00:40:09,-3.919943,-118.901840,-4.0,13.25,77.8,7,2.5,103.4,4.209,-4.2,0,1,1922
2026-04-04T00:40:38,-3.919402,-118.900070,-4.5,14.47,73.1,7,2.5,103.2,4.209,-4.2,0,1,1923
2026-04-04T00:41:06,-3.918853,-118.898392,-5.3,13.69,70.9,8,1.2,103.2,4.207,-4.2,0,1,1924
2026-04-04T00:41:34,-3.918328,-118.896713,-0.9,13.45,71.4,8,1.2,103.0,4.206,-4.2,0,1,1925
2026-04-04T00:42:03,-3.917758,-118.894974,-0.9,13.73,70.7,8,1.2,103.4,4.207,-4.2,0,1,1926
2026-04-04T00:42:31,-3.917285,-118.893272,4.6,14.49,70.6,8,1.2,103.2,4.207,-4.2,0,1,1927
2026-04-04T00:42:59,-3.916862,-118.891548,6.7,13.74,76.7,8,1.2,103.2,4.207,-4.2,0,1,1928
2026-04-04T00:43:28,-3.916233,-118.889801,14.7,13.29,73.8,7,2.4,103.0,4.207,-4.2,0,1,1929
2026-04-04T00:43:56,-3.915705,-118.888115,15.5,14.19,67.8,8,1.1,102.9,4.207,-4.4,0,1,1930
2026-04-04T00:44:24,-3.915178,-118.886398,19.5,12.42,72.8,8,1.1,103.0,4.209,-4.2,0,1,1931
2026-04-04T00:44:53,-3.914672,-118.884605,22.8,13.60,70.8,8,1.1,103.2,4.207,-4.2,0,1,1932
2026-04-04T00:45:21,-3.914197,-118.882896,30.0,13.70,67.7,8,1.1,103.2,4.209,-4.2,0,1,1933
2026-04-04T00:45:49,-3.913708,-118.881226,32.5,13.50,74.1,8,1.1,103.0,4.210,-4.2,0,1,1934
2026-04-04T00:46:18,-3.913150,-118.879517,28.4,14.17,69.1,7,2.4,103.0,4.207,-4.2,0,1,1935
2026-04-04T00:46:46,-3.912638,-118.877823,24.4,13.33,72.4,8,1.1,103.4,4.209,-4.2,0,1,1936
2026-04-04T00:47:14,-3.912160,-118.876144,18.8,13.14,71.7,8,1.1,103.0,4.207,-4.2,0,1,1937
2026-04-04T00:47:43,-3.911615,-118.874420,14.9,13.38,66.6,8,1.1,103.0,4.207,-4.2,0,1,1938
2026-04-04T00:48:11,-3.911073,-118.872757,15.8,14.70,65.9,8,1.1,103.0,4.207,-4.2,0,1,1939
2026-04-04T00:48:39,-3.910585,-118.871094,13.2,12.68,65.0,8,1.1,103.4,4.207,-4.2,0,1,1940
2026-04-04T00:49:08,-3.910078,-118.869377,8.8,13.67,70.3,8,1.1,103.0,4.209,-4.2,0,1,1941
2026-04-04T00:49:36,-3.909488,-118.867760,2.9,13.07,72.5,8,1.1,103.5,4.207,-4.4,0,1,1942
2026-04-04T00:50:04,-3.909077,-118.866035,-1.2,13.51,74.0,8,1.1,103.2,4.206,-4.2,0,1,1943
2026-04-04T00:50:33,-3.908538,-118.864304,-2.4,13.51,71.8,7,1.1,103.0,4.207,-4.2,0,1,1944
2026-04-04T00:51:01,-3.908068,-118.862579,1.1,12.81,74.1,7,1.1,103.2,4.207,-4.2,0,1,1945
2026-04-04T00:51:29,-3.907602,-118.860840,-2.9,13.63,80.0,7,1.1,103.2,4.207,-4.2,0,1,1946
2026-04-04T00:51:58,-3.907100,-118.859085,-14.0,13.12,75.5,6,2.3,103.2,4.207,-4.2,0,1,1947
2026-04-04T00:52:26,-3.906580,-118.857407,-19.1,13.11,72.5,7,1.1,103.2,4.210,-4.2,0,1,1948
2026-04-04T00:52:54,-3.906088,-118.855743,-27.8,13.40,72.1,7,1.1,103.4,4.209,-4.2,0,1,1949
2026-04-04T00:53:23,-3.905620,-118.853981,-31.7,13.57,77.0,7,1.1,103.4,4.209,-4.2,0,1,1950
2026-04-04T00:53:51,-3.905098,-118.852303,-35.2,13.33,72.8,7,1.1,103.2,4.207,-4.2,0,1,1951
2026-04-04T00:54:19,-3.904558,-118.850662,-33.0,12.28,71.1,7,1.6,103.2,4.207,-4.2,0,1,1952
2026-04-04T00:54:48,-3.904033,-118.848923,-34.3,13.22,72.6,7,1.1,103.2,4.207,-4.2,0,1,1953
2026-04-04T00:55:16,-3.903513,-118.847206,-36.1,14.26,70.1,7,1.1,103.2,4.206,-4.2,0,1,1954
2026-04-04T00:55:44,-3.902973,-118.845566,-37.4,13.72,75.3,7,1.1,103.2,4.207,-4.2,0,1,1955
2026-04-04T00:56:13,-3.902525,-118.843788,-33.0,13.36,73.5,6,2.2,103.0,4.206,-4.2,0,1,1956
2026-04-04T00:56:41,-3.902012,-118.842072,-31.6,13.21,69.7,7,1.1,103.2,4.209,-4.2,0,1,1957
2026-04-04T00:57:09,-3.901478,-118.840408,-33.1,13.61,65.6,6,2.2,103.4,4.209,-4.2,0,1,1958
2026-04-04T00:57:38,-3.900848,-118.838692,-34.6,13.81,68.5,6,2.2,103.2,4.206,-4.2,0,1,1959
2026-04-04T00:58:06,-3.900360,-118.836990,-32.6,12.37,71.9,6,2.2,103.2,4.207,-4.2,0,1,1960
2026-04-04T00:58:34,-3.899870,-118.835289,-40.3,14.09,67.2,6,2.2,103.4,4.209,-4.2,0,1,1961
2026-04-04T00:59:03,-3.899415,-118.833443,-43.9,13.78,73.7,6,2.1,103.2,4.206,-4.2,0,1,1962
2026-04-04T00:59:31,-3.898875,-118.831741,-45.0,13.25,71.5,6,2.1,103.2,4.207,-4.2,0,1,1963
2026-04-04T00:59:59,-3.898393,-118.830002,-50.0,13.20,72.0,6,2.1,103.4,4.207,-4.2,0,1,1964
2026-04-04T01:00:28,-3.897922,-118.828209,-54.5,13.14,70.2,6,2.1,103.2,4.207,-4.2,0,1,1965
2026-04-04T01:00:56,-3.897378,-118.826492,-53.1,13.42,75.0,6,2.1,103.4,4.209,-4.2,0,1,1966
2026-04-04T01:01:24,-3.896855,-118.824791,-42.4,14.35,69.8,7,2.1,103.2,4.206,-4.2,0,1,1967
2026-04-04T01:01:53,-3.896366,-118.823013,-33.6,13.69,70.8,6,2.1,103.4,4.209,-4.2,0,1,1968
2026-04-04T01:02:21,-3.895856,-118.821365,-26.9,13.13,65.7,7,1.1,103.0,4.207,-4.2,0,1,1969
2026-04-04T01:02:49,-3.895346,-118.819626,-23.1,14.52,72.5,7,1.1,103.4,4.207,-4.2,0,1,1970
2026-04-04T01:03:18,-3.894806,-118.817856,-19.5,12.88,70.4,7,1.8,103.0,4.206,-4.2,0,1,1971
2026-04-04T01:03:46,-3.894318,-118.816132,-12.0,14.27,71.2,8,1.0,103.4,4.209,-4.2,0,1,1972
2026-04-04T01:04:14,-3.893863,-118.814400,-4.2,13.94,67.3,8,1.5,103.2,4.207,-4.2,0,1,1973
2026-04-04T01:04:43,-3.893360,-118.812592,1.7,13.56,73.6,7,1.2,103.2,4.209,-4.2,0,1,1974
2026-04-04T01:05:11,-3.892720,-118.810959,10.8,13.31,64.5,7,1.7,103.4,4.207,2751.6,0,1,1975
2026-04-04T01:05:39,-3.892328,-118.809265,17.1,13.54,75.2,8,1.0,103.2,4.209,-4.2,0,1,1976
2026-04-04T01:06:08,-3.891866,-118.807541,20.3,12.76,77.2,7,1.7,103.2,4.206,-4.2,0,1,1977
2026-04-04T01:06:36,-3.891422,-118.805862,21.1,13.61,75.2,7,1.7,103.0,4.207,-4.2,0,1,1978
2026-04-04T01:07:04,-3.890986,-118.804184,24.2,13.62,81.9,7,1.7,103.2,4.206,-4.2,0,1,1979
2026-04-04T01:07:33,-3.890470,-118.802460,26.6,13.02,67.7,7,1.7,103.2,4.207,-4.2,0,1,1980
2026-04-04T01:08:01,-3.889998,-118.800743,27.3,13.98,71.7,7,1.7,103.2,4.209,-4.2,0,1,1981
2026-04-04T01:08:29,-3.889482,-118.799103,26.5,12.78,72.2,7,1.7,103.4,4.207,-4.2,0,1,1982
2026-04-04T01:08:58,-3.889008,-118.797348,24.5,13.86,72.1,7,1.7,103.0,4.207,-4.2,0,1,1983
2026-04-04T01:09:26,-3.888512,-118.795631,27.4,13.62,71.3,6,2.5,103.4,4.207,-4.2,0,1,1984
2026-04-04T01:09:54,-3.888000,-118.793930,30.5,13.40,71.6,8,1.0,103.4,4.206,-4.2,0,1,1985
2026-04-04T01:10:23,-3.887419,-118.792244,27.7,13.38,72.1,7,1.6,103.0,4.209,-4.2,0,1,1986
2026-04-04T01:10:51,-3.886903,-118.790550,32.0,14.11,75.8,7,1.6,103.0,4.207,-4.2,0,1,1987
2026-04-04T01:11:19,-3.886513,-118.788841,33.2,13.56,79.2,7,1.6,103.2,4.206,-4.2,0,1,1988
2026-04-04T01:11:48,-3.885935,-118.787125,31.1,13.43,72.4,6,1.7,103.2,4.207,-4.2,0,1,1989
2026-04-04T01:12:16,-3.885453,-118.785469,26.0,12.57,70.2,6,1.6,103.2,4.206,-4.2,0,1,1990
2026-04-04T01:12:44,-3.884958,-118.783836,27.1,12.73,68.7,7,1.6,103.2,4.207,-4.2,0,1,1991
2026-04-04T01:13:13,-3.884508,-118.782082,33.3,13.59,70.8,6,2.4,103.2,4.207,-4.2,0,1,1992
2026-04-04T01:13:41,-3.883932,-118.780441,39.6,14.36,72.6,7,1.6,103.2,4.207,-4.2,0,1,1993
2026-04-04T01:14:09,-3.883458,-118.778763,43.7,13.11,69.9,7,1.6,103.4,4.209,-4.2,0,1,1994
2026-04-04T01:14:38,-3.883031,-118.777008,46.6,13.33,73.1,7,1.6,103.4,4.207,-4.2,0,1,1995
2026-04-04T01:15:06,-3.882590,-118.775337,47.9,12.82,67.8,6,2.3,103.4,4.209,2751.6,0,1,1996
2026-04-04T01:15:34,-3.882241,-118.773582,46.5,13.40,74.3,6,2.3,103.2,4.209,-4.2,0,1,1997
2026-04-04T01:16:03,-3.881723,-118.771805,41.3,13.63,74.9,6,2.3,103.4,4.207,-4.2,0,1,1998
2026-04-04T01:16:31,-3.881118,-118.770164,37.6,13.07,61.9,7,1.5,103.0,4.206,-4.2,0,1,1999
2026-04-04T01:16:59,-3.880700,-118.768433,32.4,13.42,76.9,6,2.2,103.0,4.207,-4.2,0,1,2000
2026-04-04T01:17:28,-3.880171,-118.766640,24.0,13.89,67.7,7,1.5,103.0,4.209,-4.2,0,1,2001
2026-04-04T01:17:56,-3.879706,-118.764931,14.6,13.78,74.7,7,1.5,103.0,4.209,-4.2,0,1,2002
2026-04-04T01:18:24,-3.879150,-118.763275,11.3,12.87,71.9,7,1.5,103.0,4.207,-4.2,0,1,2003
2026-04-04T01:18:53,-3.878688,-118.761475,16.5,13.44,69.3,6,2.2,103.2,4.209,-4.2,0,1,2004
2026-04-04T01:19:21,-3.878195,-118.759773,9.4,13.47,74.4,7,1.5,103.2,4.206,-4.2,0,1,2005
2026-04-04T01:19:49,-3.877680,-118.758003,8.4,14.63,73.0,7,1.5,103.2,4.206,-4.2,0,1,2006
2026-04-04T01:20:18,-3.877278,-118.756226,17.4,12.96,78.1,6,2.2,103.2,4.207,-4.2,0,1,2007
2026-04-04T01:20:46,-3.876783,-118.754524,21.6,13.26,75.8,7,1.5,103.0,4.206,-4.2,0,1,2008
2026-04-04T01:21:14,-3.876195,-118.752869,27.5,14.11,67.4,6,2.1,103.2,4.207,-4.2,0,1,2009
2026-04-04T01:21:43,-3.875601,-118.751152,26.6,13.26,69.5,6,2.1,103.2,4.209,-4.2,0,1,2010
2026-04-04T01:22:11,-3.875078,-118.749504,26.0,13.43,74.6,6,2.1,103.4,4.207,-4.2,0,1,2011
2026-04-04T01:22:39,-3.874493,-118.747856,29.8,13.36,71.7,7,1.5,103.2,4.207,-4.2,0,1,2012
2026-04-04T01:23:08,-3.873971,-118.746140,33.6,13.76,71.8,6,2.1,103.2,4.206,-4.2,0,1,2013
2026-04-04T01:23:36,-3.873511,-118.744446,32.1,14.37,75.3,6,2.1,103.0,4.209,-4.2,0,1,2014
2026-04-04T01:24:04,-3.873006,-118.742783,32.8,13.44,70.7,6,2.0,103.0,4.207,-4.2,0,1,2015
2026-04-04T01:24:33,-3.872483,-118.741066,30.7,13.26,72.0,6,2.0,103.2,4.207,-4.2,0,1,2016
2026-04-04T01:25:01,-3.871880,-118.739418,26.0,14.62,75.0,7,1.5,103.4,4.207,-4.2,0,1,2017
2026-04-04T01:25:29,-3.871415,-118.737724,24.6,12.99,72.8,6,2.0,103.2,4.206,-4.2,0,1,2018
2026-04-04T01:25:58,-3.870866,-118.735962,26.0,13.44,71.6,6,2.0,103.2,4.207,-4.2,0,1,2019
2026-04-04T01:26:26,-3.870320,-118.734283,24.4,12.75,76.1,6,2.0,103.2,4.207,-4.2,0,1,2020
2026-04-04T01:26:54,-3.869756,-118.732597,21.8,13.99,75.9,6,2.0,103.2,4.209,-4.2,0,1,2021
2026-04-04T01:27:23,-3.869205,-118.730865,18.5,13.57,71.4,6,2.0,103.5,4.206,-4.4,0,1,2022
2026-04-04T01:27:51,-3.868676,-118.729164,13.2,13.42,71.3,8,1.3,103.4,4.207,-4.2,0,1,2023
2026-04-04T01:28:19,-3.868181,-118.727448,9.7,12.50,77.1,8,1.3,103.2,4.209,-4.2,0,1,2024
2026-04-04T01:28:48,-3.867671,-118.725685,7.8,14.30,73.6,8,1.3,103.0,4.207,-4.2,0,1,2025
2026-04-04T01:29:16,-3.867200,-118.724030,-3.2,13.04,71.8,8,1.3,103.4,4.206,-4.2,0,1,2026
2026-04-04T01:29:44,-3.866733,-118.722359,-8.0,13.54,74.7,8,1.3,103.0,4.207,-4.2,0,1,2027
2026-04-04T01:30:13,-3.866152,-118.720589,-5.4,13.16,72.7,8,1.3,103.0,4.207,-4.2,0,1,2028
2026-04-04T01:30:41,-3.865638,-118.718925,-7.2,13.57,70.7,8,1.3,103.2,4.209,-4.2,0,1,2029
2026-04-04T01:31:09,-3.865170,-118.717194,-1.4,13.74,75.7,8,1.3,103.2,4.207,-4.2,0,1,2030
2026-04-04T01:31:38,-3.864643,-118.715485,-1.2,13.35,74.8,8,1.3,103.2,4.207,-4.2,0,1,2031
2026-04-04T01:32:06,-3.864093,-118.713791,-3.2,14.26,73.7,8,1.3,103.0,4.206,-4.2,0,1,2032
2026-04-04T01:32:34,-3.863600,-118.712051,4.6,13.54,71.0,8,1.3,103.4,4.207,-4.2,0,1,2033
2026-04-04T01:33:03,-3.863055,-118.710297,7.0,14.32,68.6,8,1.3,103.0,4.207,-4.2,0,1,2034
2026-04-04T01:33:31,-3.862487,-118.708633,6.9,13.69,71.6,8,1.3,103.2,4.207,-4.2,0,1,2035
2026-04-04T01:33:59,-3.861963,-118.706917,5.5,13.75,72.2,7,1.7,103.2,4.207,-4.2,0,1,2036
2026-04-04T01:34:28,-3.861390,-118.705154,11.2,13.39,70.0,7,1.7,103.0,4.209,-4.2,0,1,2037
2026-04-04T01:34:56,-3.860877,-118.703476,7.5,13.49,73.1,8,1.3,103.2,4.207,-4.2,0,1,2038
2026-04-04T01:35:24,-3.860340,-118.701775,8.2,13.79,70.7,8,1.3,103.0,4.206,-4.2,0,1,2039
2026-04-04T01:35:53,-3.859768,-118.700020,14.8,13.28,71.0,8,1.3,103.5,4.207,-4.4,0,1,2040
2026-04-04T01:36:21,-3.859282,-118.698280,13.7,13.57,71.8,8,1.3,103.2,4.207,-4.2,0,1,2041
2026-04-04T01:36:49,-3.858770,-118.696587,15.0,13.20,73.5,8,1.3,103.2,4.207,-4.2,0,1,2042
2026-04-04T01:37:18,-3.858208,-118.694832,15.0,13.86,70.0,8,1.3,103.0,4.207,-4.2,0,1,2043
2026-04-04T01:37:46,-3.857673,-118.693146,12.1,12.99,74.5,8,1.3,103.0,4.207,-4.2,0,1,2044
2026-04-04T01:38:14,-3.857153,-118.691444,4.7,12.86,74.1,8,1.3,103.0,4.207,-4.2,0,1,2045
2026-04-04T01:38:43,-3.856602,-118.689705,-2.4,13.45,69.6,8,1.3,103.0,4.206,-4.2,0,1,2046
2026-04-04T01:39:11,-3.856088,-118.688004,-7.8,13.83,70.2,8,1.3,103.0,4.207,-4.2,0,1,2047
2026-04-04T01:39:39,-3.855578,-118.686310,-12.6,13.02,68.7,8,1.3,103.2,4.207,-4.2,0,1,2048
2026-04-04T01:40:08,-3.855062,-118.684570,-20.1,12.89,71.6,8,1.3,103.4,4.207,-4.2,0,1,2049
2026-04-04T01:40:36,-3.854508,-118.682892,-30.3,13.35,71.8,8,1.3,103.2,4.207,-4.2,0,1,2050
2026-04-04T01:41:04,-3.853965,-118.681213,-36.4,13.32,71.4,8,1.3,103.0,4.206,-4.2,0,1,2051
2026-04-04T01:41:33,-3.853405,-118.679474,-48.2,13.85,70.1,8,1.3,103.0,4.207,-4.2,0,1,2052
2026-04-04T01:42:01,-3.852843,-118.677811,-56.0,13.33,72.4,8,1.3,103.2,4.207,-4.2,0,1,2053
2026-04-04T01:42:29,-3.852302,-118.676147,-63.7,13.54,71.8,8,1.3,103.0,4.207,-4.2,0,1,2054
2026-04-04T01:42:58,-3.851737,-118.674431,-58.6,13.38,71.9,8,1.3,103.2,4.206,-4.2,0,1,2055
2026-04-04T01:43:26,-3.851197,-118.672714,-61.3,13.28,72.2,8,1.3,103.0,4.207,-4.2,0,1,2056
2026-04-04T01:43:54,-3.850647,-118.671028,-60.5,13.36,74.0,8,1.3,103.2,4.206,-4.2,0,1,2057
2026-04-04T01:44:23,-3.850097,-118.669312,-74.4,13.93,68.6,8,1.4,103.2,4.209,-4.2,0,1,2058
2026-04-04T01:44:51,-3.849546,-118.667610,-76.5,13.27,70.5,8,1.4,103.4,4.206,-4.2,0,1,2059
2026-04-04T01:45:19,-3.848945,-118.665947,-82.6,13.31,70.4,8,1.4,103.2,4.207,-4.2,0,1,2060
2026-04-04T01:45:48,-3.848377,-118.664207,-90.2,14.12,71.2,8,1.4,103.4,4.209,-4.2,0,1,2061
2026-04-04T01:46:16,-3.847863,-118.662476,-91.8,14.12,70.9,8,1.4,103.2,4.207,-4.2,0,1,2062
2026-04-04T01:46:44,-3.847380,-118.660759,-95.1,13.90,72.0,8,1.4,103.0,4.207,-4.2,0,1,2063
2026-04-04T01:47:13,-3.846850,-118.658997,-92.9,13.51,73.1,8,1.4,103.0,4.207,-4.2,0,1,2064
2026-04-04T01:47:41,-3.846345,-118.657257,-75.6,13.85,72.0,8,1.4,103.0,4.206,-4.2,0,1,2065
2026-04-04T01:48:09,-3.845806,-118.655510,-70.3,13.86,68.5,8,1.4,103.2,4.209,-4.2,0,1,2066
2026-04-04T01:48:38,-3.845246,-118.653732,-71.2,13.79,71.6,8,1.4,103.5,4.205,-4.4,0,1,2067
2026-04-04T01:49:06,-3.844732,-118.652016,-65.8,13.78,73.6,7,1.6,103.2,4.209,-4.2,0,1,2068
2026-04-04T01:49:34,-3.844223,-118.650307,-62.3,13.45,70.3,7,1.6,103.2,4.209,-4.2,0,1,2069
2026-04-04T01:50:03,-3.843699,-118.648521,-65.9,13.88,67.4,7,1.6,103.2,4.207,-4.2,0,1,2070
2026-04-04T01:50:31,-3.843143,-118.646851,-67.6,13.41,73.6,7,1.6,103.2,4.207,-4.2,0,1,2071
2026-04-04T01:50:59,-3.842650,-118.645096,-64.9,13.83,70.9,7,1.6,103.2,4.206,-4.2,0,1,2072
2026-04-04T01:51:28,-3.842178,-118.643242,-56.5,13.48,70.6,7,1.6,103.0,4.207,-4.2,0,1,2073
2026-04-04T01:51:56,-3.841668,-118.641472,-50.4,13.95,69.0,7,1.5,103.0,4.207,-4.2,0,1,2074
2026-04-04T01:52:24,-3.841172,-118.639771,-49.9,13.45,68.6,7,1.5,103.4,4.209,-4.2,0,1,2075
2026-04-04T01:52:53,-3.840638,-118.637978,-48.6,13.74,73.7,7,1.5,103.2,4.206,-4.2,0,1,2076
2026-04-04T01:53:21,-3.840066,-118.636353,-38.9,13.34,74.0,7,1.5,103.4,4.206,-4.2,0,1,2077
2026-04-04T01:53:49,-3.839485,-118.634651,-30.6,13.26,73.4,7,1.5,103.0,4.206,-4.2,0,1,2078
2026-04-04T01:54:18,-3.838918,-118.632912,-23.7,13.18,69.3,7,1.5,103.0,4.207,-4.2,0,1,2079
2026-04-04T01:54:46,-3.838410,-118.631233,-20.4,13.98,67.7,7,1.5,103.2,4.207,-4.2,0,1,2080
2026-04-04T01:55:14,-3.837916,-118.629501,-19.9,13.01,69.5,6,1.7,103.4,4.207,-4.2,0,1,2081
2026-04-04T01:55:43,-3.837390,-118.627686,-21.6,12.80,70.3,7,1.5,103.2,4.210,-4.2,0,1,2082
2026-04-04T01:56:11,-3.836916,-118.625961,-28.5,13.67,68.6,7,1.5,103.2,4.206,-4.2,0,1,2083
2026-04-04T01:56:39,-3.836392,-118.624298,-33.3,13.42,71.8,7,1.5,103.0,4.209,-4.2,0,1,2084
2026-04-04T01:57:08,-3.835865,-118.622505,-33.7,14.06,72.4,7,1.5,103.2,4.206,-4.2,0,1,2085
2026-04-04T01:57:36,-3.835302,-118.620850,-35.2,12.79,76.2,7,1.5,103.4,4.207,-4.2,0,1,2086
2026-04-04T01:58:04,-3.834782,-118.619133,-40.3,13.16,71.1,7,1.5,103.0,4.207,-4.2,0,1,2087
2026-04-04T01:58:33,-3.834230,-118.617348,-48.5,12.93,68.0,7,1.5,103.0,4.207,-4.2,0,1,2088
2026-04-04T01:59:01,-3.833712,-118.615654,-59.4,12.55,73.5,7,1.5,103.2,4.206,-4.2,0,1,2089
2026-04-04T01:59:29,-3.833163,-118.613953,-65.2,13.19,74.9,7,1.5,103.0,4.207,-4.2,0,1,2090
2026-04-04T01:59:58,-3.832611,-118.612213,-68.3,12.54,75.9,7,1.5,103.2,4.206,-4.2,0,1,2091
2026-04-04T02:00:26,-3.832010,-118.610550,-76.4,13.90,70.0,6,2.2,103.0,4.206,-4.2,0,1,2092
2026-04-04T02:00:54,-3.831542,-118.608795,-83.8,13.24,67.6,6,2.2,103.4,4.209,-4.2,0,1,2093
2026-04-04T02:01:23,-3.831016,-118.607056,-86.2,13.65,73.8,6,2.2,103.4,4.206,-4.2,0,1,2094
2026-04-04T02:01:51,-3.830386,-118.605453,-89.2,14.22,72.6,6,2.2,103.0,4.209,-4.2,0,1,2095
2026-04-04T02:02:19,-3.829836,-118.603752,-96.4,13.00,68.7,6,2.2,103.4,4.206,-4.2,0,1,2096
2026-04-04T02:02:48,-3.829278,-118.602013,-101.1,14.34,74.7,6,2.2,103.2,4.209,-4.2,0,1,2097
2026-04-04T02:03:16,-3.828726,-118.600281,-108.3,14.45,73.7,5,2.8,103.0,4.209,-4.2,0,1,2098
2026-04-04T02:03:44,-3.828155,-118.598640,-112.9,14.55,72.8,6,2.2,103.2,4.209,-4.2,0,1,2099
2026-04-04T02:04:13,-3.827645,-118.596893,-116.8,13.63,73.2,6,2.1,103.4,4.209,-4.2,0,1,2100
2026-04-04T02:04:41,-3.827108,-118.595222,-120.5,13.84,73.3,6,2.1,103.4,4.209,-4.2,0,1,2101
2026-04-04T02:05:09,-3.826591,-118.593552,-131.2,13.57,71.4,5,3.5,103.2,4.207,-4.2,0,1,2102
2026-04-04T02:05:38,-3.826040,-118.591805,-142.3,13.18,74.1,6,2.1,103.0,4.207,-4.2,0,1,2103
2026-04-04T02:06:06,-3.825510,-118.590141,-146.8,13.47,72.9,6,2.1,103.4,4.209,-4.2,0,1,2104
2026-04-04T02:06:34,-3.825078,-118.588432,-154.4,13.86,71.3,5,3.5,103.0,4.209,-4.2,0,1,2105
2026-04-04T02:07:03,-3.824595,-118.586700,-159.7,13.40,73.1,5,3.5,103.2,4.207,-4.2,0,1,2106
2026-04-04T02:07:31,-3.824236,-118.584984,-168.3,12.48,77.6,5,3.5,103.2,4.209,2747.5,0,1,2107
2026-04-04T02:07:59,-3.823896,-118.583260,-175.7,12.38,72.7,5,3.5,103.4,4.206,-4.2,0,1,2108
2026-04-04T02:08:28,-3.823506,-118.581482,-180.0,13.16,73.3,5,3.5,103.2,4.206,-4.2,0,1,2109
2026-04-04T02:08:56,-3.822720,-118.579651,-85.6,12.20,69.1,5,3.5,103.0,4.206,-4.2,0,1,2110
2026-04-04T02:09:24,-3.822003,-118.577988,-70.7,13.37,68.2,6,2.0,103.5,4.206,-4.4,0,1,2111
2026-04-04T02:09:53,-3.821458,-118.576256,-53.5,13.51,69.5,5,3.6,103.0,4.207,-4.2,0,1,2112
2026-04-04T02:10:21,-3.821348,-118.574272,-23.4,12.03,73.2,5,3.6,103.4,4.209,-4.2,0,1,2113
2026-04-04T02:10:49,-3.820871,-118.572464,-14.4,12.85,74.9,5,3.6,103.0,4.207,-4.2,0,1,2114
2026-04-04T02:11:18,-3.820383,-118.570793,-13.3,13.42,69.4,5,3.6,103.2,4.207,-4.2,0,1,2115
2026-04-04T02:11:46,-3.819798,-118.569130,-13.0,13.83,70.5,5,3.6,103.4,4.207,-4.2,0,1,2116
2026-04-04T02:12:14,-3.819285,-118.567436,-16.1,13.08,74.7,5,3.6,103.0,4.207,-4.2,0,1,2117
2026-04-04T02:12:43,-3.818343,-118.565681,-5.9,13.50,73.7,6,2.0,103.4,4.207,-4.2,0,1,2118
2026-04-04T02:13:11,-3.817700,-118.564018,-6.2,15.07,71.2,6,2.0,103.2,4.207,-4.2,0,1,2119
2026-04-04T02:13:39,-3.817333,-118.562279,-12.6,13.77,75.1,6,2.0,103.4,4.206,-4.2,0,1,2120
2026-04-04T02:14:08,-3.816833,-118.560486,-18.2,14.91,75.7,5,3.5,103.4,4.207,-4.2,0,1,2121
2026-04-04T02:14:36,-3.816433,-118.558784,-26.0,14.11,75.3,6,1.9,103.7,4.206,-4.2,0,1,2122
2026-04-04T02:15:04,-3.815962,-118.557083,-34.5,11.94,71.4,5,3.5,103.2,4.207,-4.2,0,1,2123
2026-04-04T02:15:33,-3.815647,-118.555290,-45.5,11.98,77.8,5,3.5,103.4,4.207,-4.2,0,1,2124
2026-04-04T02:16:01,-3.815328,-118.553535,-56.7,12.87,85.6,5,3.5,103.2,4.207,-4.2,0,1,2125
2026-04-04T02:16:29,-3.815017,-118.551781,-63.6,12.14,77.9,5,3.5,103.0,4.207,-4.2,0,1,2126
2026-04-04T02:16:58,-3.814557,-118.550003,-68.4,12.74,75.4,5,3.5,103.0,4.209,-4.2,0,1,2127
2026-04-04T02:17:26,-3.814110,-118.548286,-75.3,13.17,73.7,5,3.5,103.2,4.207,-4.2,0,1,2128
2026-04-04T02:17:54,-3.813773,-118.546524,-79.4,12.81,82.3,5,3.5,103.4,4.209,-4.2,0,1,2129
2026-04-04T02:18:23,-3.813065,-118.544785,-75.5,12.24,70.4,5,3.5,103.2,4.209,-4.2,0,1,2130
2026-04-04T02:18:51,-3.812333,-118.543030,-69.3,13.45,78.6,5,3.5,103.4,4.209,-4.2,0,1,2131
2026-04-04T02:19:19,-3.811753,-118.541313,-72.4,13.40,69.9,5,3.4,103.2,4.207,-4.2,0,1,2132
2026-04-04T02:19:48,-3.811238,-118.539520,-77.4,12.35,75.7,5,3.4,103.0,4.207,-4.2,0,1,2133
2026-04-04T02:20:16,-3.810658,-118.537842,-82.9,12.56,72.8,5,3.4,103.2,4.209,-4.2,0,1,2134
2026-04-04T02:20:44,-3.810282,-118.536087,-94.3,13.35,70.4,5,3.4,103.2,4.207,-4.2,0,1,2135
2026-04-04T02:21:13,-3.809743,-118.534348,-103.0,12.13,73.4,5,3.4,103.2,4.207,-4.2,0,1,2136
2026-04-04T02:21:41,-3.809280,-118.532593,-112.0,11.59,67.1,5,3.3,103.2,4.209,-4.2,0,1,2137
2026-04-04T02:22:09,-3.808923,-118.530853,-120.2,12.39,74.1,5,3.3,103.2,4.206,-4.2,0,1,2138
2026-04-04T02:22:38,-3.808478,-118.529037,-128.1,11.69,74.3,5,3.3,102.9,4.206,-4.4,0,1,2139
2026-04-04T02:23:06,-3.807872,-118.527306,-128.1,11.75,75.0,5,3.3,102.9,4.207,-4.4,0,1,2140
2026-04-04T02:23:34,-3.807682,-118.525429,-129.9,12.21,78.3,5,3.3,103.4,4.206,-4.2,0,1,2141
2026-04-04T02:24:03,-3.807150,-118.523727,-141.4,12.90,72.5,6,2.8,103.4,4.207,-4.2,0,1,2142
2026-04-04T02:24:31,-3.806877,-118.521957,-145.9,11.12,84.2,7,2.7,103.2,4.207,-4.2,0,1,2143
2026-04-04T02:24:59,-3.806507,-118.520065,-141.3,14.40,80.3,7,2.7,103.2,4.206,-4.2,0,1,2144
2026-04-04T02:25:28,-3.806393,-118.518127,-118.8,14.31,80.0,7,2.7,103.0,4.207,-4.2,0,1,2145
2026-04-04T02:25:56,-3.805743,-118.516464,-123.6,13.73,69.2,7,2.7,103.2,4.206,-4.2,0,1,2146
2026-04-04T02:26:24,-3.805482,-118.514664,-125.5,13.81,76.6,7,2.7,103.0,4.209,-4.2,0,1,2147
2026-04-04T02:26:53,-3.804930,-118.512909,-122.6,13.19,80.0,7,2.6,103.2,4.206,-4.2,0,1,2148
2026-04-04T02:27:21,-3.804528,-118.511192,-131.6,13.99,73.1,7,2.6,103.0,4.206,-4.2,0,1,2149
2026-04-04T02:27:49,-3.804199,-118.509453,-143.8,13.10,74.4,7,2.6,103.0,4.207,-4.2,0,1,2150
2026-04-04T02:28:18,-3.803293,-118.507469,-119.8,13.68,77.9,7,2.6,103.4,4.209,-4.2,0,1,2151
2026-04-04T02:28:46,-3.802843,-118.505859,-124.9,12.49,77.4,7,2.6,103.2,4.207,-4.2,0,1,2152
2026-04-04T02:29:14,-3.802370,-118.504112,-127.3,13.13,75.1,7,2.6,103.2,4.205,-4.2,0,1,2153
2026-04-04T02:29:43,-3.801800,-118.502327,-118.1,12.63,74.4,7,2.5,103.0,4.207,-4.2,0,1,2154
2026-04-04T02:30:11,-3.801145,-118.500633,-109.1,12.83,79.2,7,2.5,103.2,4.207,-4.2,0,1,2155
2026-04-04T02:30:39,-3.800330,-118.498856,-95.7,13.47,70.1,7,2.5,103.2,4.209,-4.2,0,1,2156
2026-04-04T02:31:08,-3.799633,-118.497200,-78.4,14.06,67.9,7,2.5,103.2,4.206,-4.2,0,1,2157
2026-04-04T02:31:36,-3.799183,-118.495537,-63.4,11.92,73.3,7,2.5,103.0,4.209,-4.2,0,1,2158
2026-04-04T02:32:04,-3.798675,-118.493889,-55.3,13.19,71.2,7,2.5,103.2,4.207,-4.2,0,1,2159
2026-04-04T02:32:33,-3.798053,-118.492157,-46.1,13.81,71.5,7,2.4,103.4,4.206,-4.2,0,1,2160
2026-04-04T02:33:01,-3.797428,-118.490417,-35.7,14.13,72.6,7,2.4,103.2,4.207,-4.2,0,1,2161
2026-04-04T02:33:29,-3.796918,-118.488739,-29.5,13.94,76.6,7,2.4,103.0,4.207,-4.2,0,1,2162
2026-04-04T02:33:58,-3.796326,-118.486977,-27.8,13.26,72.0,7,2.4,103.0,4.207,-4.2,0,1,2163
2026-04-04T02:34:26,-3.795772,-118.485245,-23.2,14.78,75.5,7,2.4,103.2,4.207,-4.2,0,1,2164
2026-04-04T02:34:54,-3.795225,-118.483582,-22.4,13.06,69.3,7,2.3,103.2,4.207,-4.2,0,1,2165
2026-04-04T02:35:23,-3.794723,-118.481842,-20.2,13.88,75.0,7,2.3,103.0,4.207,-4.2,0,1,2166
2026-04-04T02:35:51,-3.794246,-118.480179,-18.2,13.14,73.9,7,2.3,103.0,4.207,-4.2,0,1,2167
2026-04-04T02:36:19,-3.793758,-118.478462,-18.8,13.82,75.2,7,2.3,103.2,4.207,-4.2,0,1,2168
2026-04-04T02:36:48,-3.793238,-118.476707,-15.4,13.99,74.4,7,2.3,103.2,4.206,-4.2,0,1,2169
2026-04-04T02:37:16,-3.792711,-118.475037,-11.7,13.26,74.5,7,2.3,103.0,4.207,-4.2,0,1,2170
2026-04-04T02:37:44,-3.792200,-118.473289,-10.1,13.64,74.8,7,2.3,103.0,4.207,-4.2,0,1,2171
2026-04-04T02:38:13,-3.791630,-118.471542,-8.0,13.00,74.0,7,2.2,103.4,4.205,-4.2,0,1,2172
2026-04-04T02:38:41,-3.791108,-118.469833,-5.0,14.07,72.2,7,2.2,103.2,4.207,2747.5,0,1,2173
2026-04-04T02:39:09,-3.790648,-118.468124,-3.6,13.14,76.4,7,2.2,103.0,4.206,-4.2,0,1,2174
2026-04-04T02:39:38,-3.790135,-118.466339,0.8,13.15,83.3,7,2.2,103.0,4.209,-4.2,0,1,2175
2026-04-04T02:40:06,-3.789582,-118.464638,4.9,13.81,72.9,7,2.2,103.0,4.206,-4.2,0,1,2176
2026-04-04T02:40:34,-3.789043,-118.462883,5.4,13.78,73.6,7,2.2,103.0,4.206,-4.2,0,1,2177
2026-04-04T02:41:03,-3.788548,-118.461082,2.5,13.95,72.4,7,2.2,103.0,4.209,-4.2,0,1,2178
2026-04-04T02:41:31,-3.788062,-118.459351,-1.5,14.24,73.5,7,2.1,102.9,4.207,-4.4,0,1,2179
2026-04-04T02:41:59,-3.787562,-118.457642,-2.3,14.25,75.9,7,2.1,103.0,4.206,-4.2,0,1,2180
2026-04-04T02:42:28,-3.787095,-118.455818,-6.0,13.66,74.4,7,2.1,103.2,4.206,-4.2,0,1,2181
2026-04-04T02:42:56,-3.786640,-118.454094,-11.7,13.76,71.7,7,2.1,103.0,4.205,-4.2,0,1,2182
2026-04-04T02:43:24,-3.786142,-118.452377,-13.3,13.82,75.7,7,2.1,103.2,4.206,-4.2,0,1,2183
2026-04-04T02:43:53,-3.785658,-118.450569,-18.1,14.30,75.2,7,2.1,103.4,4.209,-4.2,0,1,2184
2026-04-04T02:44:21,-3.785198,-118.448807,-19.4,14.59,72.4,7,2.0,103.2,4.207,-4.2,0,1,2185
2026-04-04T02:44:49,-3.784656,-118.447105,-16.9,13.56,75.6,7,2.0,103.2,4.207,-4.2,0,1,2186
2026-04-04T02:45:18,-3.784162,-118.445274,-20.8,14.23,74.8,7,2.0,103.0,4.207,-4.2,0,1,2187
2026-04-04T02:45:46,-3.783655,-118.443535,-21.3,14.32,77.4,7,2.0,103.4,4.207,-4.2,0,1,2188
2026-04-04T02:46:14,-3.783102,-118.441818,-20.4,13.89,71.7,7,2.0,103.0,4.206,-4.2,0,1,2189
2026-04-04T02:46:43,-3.782638,-118.440025,-24.3,13.89,74.5,7,2.0,102.9,4.207,-4.4,0,1,2190
2026-04-04T02:47:11,-3.782118,-118.438286,-26.3,13.43,74.5,7,2.0,103.0,4.209,-4.2,0,1,2191
2026-04-04T02:47:39,-3.781530,-118.436554,-25.9,13.64,69.6,7,2.0,103.2,4.207,-4.2,0,1,2192
2026-04-04T02:48:08,-3.780982,-118.434723,-19.8,14.43,72.4,7,1.9,103.0,4.207,-4.2,0,1,2193
2026-04-04T02:48:36,-3.780438,-118.433014,-17.3,13.76,71.5,7,1.9,103.2,4.206,-4.2,0,1,2194
2026-04-04T02:49:04,-3.779896,-118.431267,-17.7,14.30,73.7,7,1.9,103.0,4.206,-4.2,0,1,2195
2026-04-04T02:49:33,-3.779373,-118.429504,-17.9,13.76,71.8,7,1.9,102.9,4.206,-4.4,0,1,2196
2026-04-04T02:50:01,-3.778848,-118.427788,-13.1,14.16,71.3,7,1.9,103.2,4.207,-4.2,0,1,2197
2026-04-04T02:50:29,-3.778276,-118.426033,-3.2,13.80,73.2,7,1.9,103.2,4.207,-4.2,0,1,2198
2026-04-04T02:50:58,-3.777726,-118.424202,0.3,14.69,74.6,7,1.9,103.0,4.207,-4.2,0,1,2199
2026-04-04T02:51:26,-3.777256,-118.422462,-0.8,13.52,73.7,7,1.9,103.0,4.206,-4.2,0,1,2200
2026-04-04T02:51:54,-3.776766,-118.420700,1.8,13.57,76.4,7,1.9,103.2,4.207,-4.2,0,1,2201
2026-04-04T02:52:23,-3.776201,-118.418839,6.3,14.09,70.1,7,1.8,103.2,4.206,-4.2,0,1,2202
2026-04-04T02:52:51,-3.775731,-118.417061,5.8,13.73,78.0,7,1.8,103.0,4.207,-4.2,0,1,2203
2026-04-04T02:53:19,-3.775170,-118.415321,7.2,13.33,69.1,7,1.8,103.5,4.207,-4.4,0,1,2204
2026-04-04T02:53:48,-3.774662,-118.413467,8.2,14.62,71.1,7,1.8,103.2,4.206,-4.2,0,1,2205
2026-04-04T02:54:16,-3.774126,-118.411728,5.6,14.37,71.7,7,1.8,103.2,4.205,-4.2,0,1,2206
2026-04-04T02:54:44,-3.773660,-118.409996,2.7,13.57,71.0,7,1.8,103.0,4.207,-4.2,0,1,2207
2026-04-04T02:55:13,-3.773102,-118.408180,3.6,14.26,71.6,7,1.8,103.4,4.206,-4.2,0,1,2208
2026-04-04T02:55:41,-3.772613,-118.406425,7.1,14.04,73.1,7,1.8,103.4,4.206,-4.2,0,1,2209
2026-04-04T02:56:09,-3.772125,-118.404701,5.8,14.40,72.5,7,1.8,103.2,4.206,-4.2,0,1,2210
2026-04-04T02:56:38,-3.771568,-118.402893,8.0,13.58,72.0,7,1.7,102.9,4.207,-4.4,0,1,2211
2026-04-04T02:57:06,-3.771049,-118.401154,6.3,13.77,72.3,7,1.7,103.0,4.206,-4.2,0,1,2212
2026-04-04T02:57:34,-3.770515,-118.399399,6.3,13.61,76.2,7,1.7,103.2,4.207,-4.2,0,1,2213
2026-04-04T02:58:03,-3.769966,-118.397606,6.8,13.12,74.1,7,1.7,103.0,4.207,-4.2,0,1,2214
2026-04-04T02:58:31,-3.769326,-118.395866,21.3,13.49,76.1,8,1.7,103.4,4.207,-4.2,0,1,2215
2026-04-04T02:58:59,-3.768693,-118.394127,33.5,13.57,70.8,8,1.7,102.9,4.207,-4.4,0,1,2216
2026-04-04T02:59:28,-3.768053,-118.392349,38.6,13.58,71.2,8,1.7,103.4,4.207,-4.2,0,1,2217
2026-04-04T02:59:56,-3.767523,-118.390633,46.3,13.33,75.8,8,1.7,102.9,4.206,-4.4,0,1,2218
2026-04-04T03:00:24,-3.767040,-118.388802,40.1,13.34,74.4,8,1.6,102.9,4.206,-4.4,0,1,2219
2026-04-04T03:00:53,-3.766443,-118.387047,40.4,13.93,77.9,8,1.6,103.0,4.207,-4.2,0,1,2220
2026-04-04T03:01:21,-3.765885,-118.385277,37.0,13.52,75.7,8,1.6,103.0,4.207,-4.2,0,1,2221
2026-04-04T03:01:49,-3.765367,-118.383568,35.3,13.90,65.5,8,1.6,103.0,4.206,-4.2,0,1,2222
2026-04-04T03:02:18,-3.764873,-118.381744,37.6,13.67,71.5,8,1.6,103.0,4.207,-4.2,0,1,2223
2026-04-04T03:02:46,-3.764342,-118.379982,40.3,14.35,70.5,8,1.6,103.2,4.207,-4.2,0,1,2224
2026-04-04T03:03:14,-3.763775,-118.378242,41.3,14.57,73.3,8,1.6,103.0,4.207,-4.2,0,1,2225
2026-04-04T03:03:43,-3.763187,-118.376411,45.5,13.84,74.8,8,1.6,103.2,4.209,-4.2,0,1,2226
2026-04-04T03:04:11,-3.762733,-118.374641,44.7,14.34,76.3,8,1.6,103.0,4.207,-4.2,0,1,2227
2026-04-04T03:04:39,-3.762300,-118.372925,44.7,13.37,71.8,8,1.6,103.0,4.206,-4.2,0,1,2228
2026-04-04T03:05:08,-3.761870,-118.371101,44.3,14.23,72.3,8,1.6,103.2,4.207,-4.2,0,1,2229
2026-04-04T03:05:36,-3.761292,-118.369385,45.4,12.30,72.6,8,1.5,103.0,4.207,-4.2,0,1,2230
2026-04-04T03:06:04,-3.760757,-118.367599,44.7,14.26,65.8,8,1.5,103.2,4.206,-4.2,0,1,2231
2026-04-04T03:06:33,-3.760263,-118.365799,43.2,13.55,70.7,8,1.5,103.0,4.207,-4.2,0,1,2232
2026-04-04T03:07:01,-3.759633,-118.364067,46.2,12.95,66.6,8,1.5,103.0,4.207,-4.2,0,1,2233
2026-04-04T03:07:29,-3.759095,-118.362358,48.1,13.92,66.6,8,1.5,103.4,4.206,-4.2,0,1,2234
2026-04-04T03:07:58,-3.758660,-118.360535,45.9,14.13,67.3,7,2.0,103.2,4.207,-4.2,0,1,2235
2026-04-04T03:08:26,-3.758148,-118.358772,47.3,13.50,74.3,8,1.5,103.2,4.207,-4.2,0,1,2236
2026-04-04T03:08:54,-3.757625,-118.357040,46.3,12.54,78.1,8,1.5,103.4,4.205,-4.2,0,1,2237
2026-04-04T03:09:23,-3.757095,-118.355186,47.8,14.17,75.7,8,1.5,103.0,4.206,-4.2,0,1,2238
2026-04-04T03:09:51,-3.756627,-118.353462,47.8,14.10,84.9,9,1.1,103.0,4.206,-4.2,0,1,2239
2026-04-04T03:10:19,-3.756078,-118.351707,46.7,13.76,72.9,9,1.1,103.2,4.206,-4.2,0,1,2240
2026-04-04T03:10:48,-3.755468,-118.349937,48.1,14.31,70.2,8,1.5,103.0,4.207,-4.2,0,1,2241
2026-04-04T03:11:16,-3.754988,-118.348213,44.6,13.96,68.9,8,1.5,103.0,4.209,-4.2,0,1,2242
2026-04-04T03:11:44,-3.754533,-118.346405,47.3,14.22,77.1,9,1.1,103.4,4.206,-4.2,0,1,2243
2026-04-04T03:12:13,-3.753970,-118.344627,54.4,14.42,72.5,8,1.4,103.0,4.207,-4.2,0,1,2244
2026-04-04T03:12:41,-3.753418,-118.342888,64.7,13.65,73.2,9,1.1,103.2,4.207,-4.2,0,1,2245
2026-04-04T03:13:09,-3.752928,-118.341187,57.5,14.54,76.2,8,1.4,103.2,4.207,-4.2,0,1,2246
2026-04-04T03:13:38,-3.752473,-118.339363,46.1,14.22,73.8,9,1.1,103.0,4.206,-4.2,0,1,2247
2026-04-04T03:14:06,-3.752062,-118.337654,41.4,14.48,77.8,8,1.4,103.0,4.205,-4.2,0,1,2248
2026-04-04T03:14:34,-3.751562,-118.335922,41.8,13.85,75.2,8,1.4,103.0,4.207,-4.2,0,1,2249
2026-04-04T03:15:03,-3.751098,-118.334122,42.5,14.55,78.8,8,1.4,103.2,4.207,-4.2,0,1,2250
2026-04-04T03:15:31,-3.750557,-118.332413,45.6,13.78,73.3,8,1.4,103.2,4.205,-4.2,0,1,2251
2026-04-04T03:15:59,-3.750060,-118.330711,45.5,14.15,74.3,8,1.4,102.9,4.206,-4.4,0,1,2252
2026-04-04T03:16:28,-3.749546,-118.328918,48.6,13.86,75.0,8,1.4,103.0,4.207,-4.2,0,1,2253
2026-04-04T03:16:56,-3.749015,-118.327232,48.1,13.63,75.6,9,1.1,103.0,4.206,-4.2,0,1,2254
2026-04-04T03:17:24,-3.748543,-118.325478,45.1,13.74,73.1,9,1.1,102.9,4.207,-4.4,0,1,2255
2026-04-04T03:17:53,-3.748083,-118.323647,46.7,15.15,81.2,7,1.8,103.0,4.209,-4.2,0,1,2256
2026-04-04T03:18:21,-3.747595,-118.321930,49.7,13.98,70.6,9,1.1,103.4,4.207,-4.2,0,1,2257
2026-04-04T03:18:49,-3.747080,-118.320259,47.0,14.11,72.9,10,1.1,103.0,4.207,-4.2,0,1,2258
2026-04-04T03:19:18,-3.746628,-118.318451,50.3,14.24,69.2,10,1.1,103.2,4.206,-4.2,0,1,2259
2026-04-04T03:19:46,-3.746105,-118.316734,50.4,14.39,78.3,10,1.1,103.2,4.207,2747.5,0,1,2260
2026-04-04T03:20:14,-3.745592,-118.315010,41.3,13.60,71.6,10,1.1,103.2,4.207,-4.2,0,1,2261
2026-04-04T03:20:43,-3.745098,-118.313187,40.3,13.71,76.5,10,1.1,103.0,4.209,-4.2,0,1,2262
2026-04-04T03:21:11,-3.744605,-118.311462,42.5,13.91,71.8,10,1.1,103.0,4.207,-4.2,0,1,2263
2026-04-04T03:21:39,-3.744056,-118.309784,44.5,13.48,72.2,9,1.1,103.2,4.206,-4.2,0,1,2264
2026-04-04T03:22:08,-3.743596,-118.307991,43.5,13.89,74.1,9,1.1,103.2,4.207,-4.2,0,1,2265
2026-04-04T03:22:36,-3.743045,-118.306290,41.6,14.35,69.2,10,1.1,103.2,4.207,-4.2,0,1,2266
2026-04-04T03:23:04,-3.742495,-118.304604,37.9,13.71,66.2,10,1.1,102.9,4.209,-4.4,0,1,2267
2026-04-04T03:23:33,-3.742038,-118.302788,31.2,14.10,74.3,9,1.1,103.4,4.207,-4.2,0,1,2268
2026-04-04T03:24:01,-3.741538,-118.301056,33.2,14.79,71.4,10,1.1,103.2,4.209,-4.2,0,1,2269
2026-04-04T03:24:29,-3.741045,-118.299301,38.2,13.29,76.2,10,1.1,103.2,4.209,-4.2,0,1,2270
2026-04-04T03:24:58,-3.740488,-118.297546,38.4,13.78,70.7,10,1.1,103.2,4.207,-4.2,0,1,2271
2026-04-04T03:25:26,-3.739980,-118.295822,41.9,14.03,71.4,10,1.1,103.2,4.207,-4.2,0,1,2272
2026-04-04T03:25:54,-3.739442,-118.294067,41.7,14.10,72.7,10,1.1,103.2,4.207,-4.2,0,1,2273
2026-04-04T03:26:23,-3.738928,-118.292290,37.3,13.65,72.7,10,1.1,103.0,4.207,-4.2,0,1,2274
2026-04-04T03:26:51,-3.738422,-118.290596,34.3,14.03,75.1,10,1.1,103.2,4.206,-4.2,0,1,2275
2026-04-04T03:27:19,-3.737777,-118.288925,23.8,13.76,70.9,8,1.1,103.2,4.207,-4.2,0,1,2276
2026-04-04T03:27:48,-3.737216,-118.287140,22.0,14.03,66.5,10,1.1,103.5,4.207,-4.4,0,1,2277
2026-04-04T03:28:16,-3.736730,-118.285431,17.4,13.22,75.3,9,1.1,103.0,4.207,2743.3,0,1,2278
2026-04-04T03:28:44,-3.736192,-118.283646,15.8,14.04,74.7,10,1.1,103.2,4.206,-4.2,0,1,2279
2026-04-04T03:29:13,-3.735615,-118.281883,24.5,14.17,68.9,9,1.2,103.0,4.207,-4.2,0,1,2280
2026-04-04T03:29:41,-3.735020,-118.280190,29.6,13.74,69.3,8,1.2,103.0,4.206,-4.2,0,1,2281
2026-04-04T03:30:09,-3.734542,-118.278427,26.1,14.04,71.2,9,1.1,103.2,4.207,-4.2,0,1,2282
2026-04-04T03:30:38,-3.734045,-118.276611,27.1,14.14,70.0,8,1.2,102.9,4.209,-4.4,0,1,2283
2026-04-04T03:31:06,-3.733610,-118.274841,25.3,14.01,69.0,8,1.1,102.9,4.207,-4.4,0,1,2284
2026-04-04T03:31:34,-3.733018,-118.273140,28.1,14.48,70.7,9,1.1,103.4,4.206,-4.2,0,1,2285
2026-04-04T03:32:03,-3.732443,-118.271408,20.2,13.44,70.2,10,1.1,103.2,4.207,-4.2,0,1,2286
2026-04-04T03:32:31,-3.731836,-118.269684,26.7,14.15,73.7,10,1.1,103.2,4.206,-4.2,0,1,2287
2026-04-04T03:32:59,-3.731322,-118.267944,26.3,13.60,75.3,10,1.1,103.2,4.207,-4.2,0,1,2288
2026-04-04T03:33:28,-3.730770,-118.266251,20.0,13.66,71.3,10,1.1,103.2,4.207,-4.2,0,1,2289
2026-04-04T03:33:56,-3.730263,-118.264526,17.2,13.59,72.9,9,1.1,103.0,4.207,-4.2,0,1,2290
2026-04-04T03:34:24,-3.729673,-118.262886,25.0,13.84,70.4,10,1.1,102.9,4.207,-4.4,0,1,2291
2026-04-04T03:34:53,-3.729115,-118.261131,18.4,13.85,70.4,9,1.1,103.2,4.207,-4.2,0,1,2292
2026-04-04T03:35:21,-3.728570,-118.259415,22.0,12.92,70.3,10,1.1,103.0,4.207,-4.2,0,1,2293
2026-04-04T03:35:49,-3.728142,-118.257690,15.2,13.23,75.5,9,1.1,103.0,4.205,-4.2,0,1,2294
2026-04-04T03:36:18,-3.727511,-118.255974,26.4,13.92,67.4,8,1.2,103.0,4.207,-4.2,0,1,2295
2026-04-04T03:36:46,-3.726982,-118.254219,26.4,14.13,73.1,9,1.4,103.2,4.206,-4.2,0,1,2296
2026-04-04T03:37:14,-3.726388,-118.252541,29.2,14.50,74.0,9,1.4,102.9,4.207,-4.4,0,1,2297
2026-04-04T03:37:43,-3.725883,-118.250801,25.2,14.10,71.1,10,1.1,103.4,4.207,-4.2,0,1,2298
2026-04-04T03:38:11,-3.725283,-118.249153,20.6,13.29,69.8,11,1.0,103.0,4.206,-4.2,0,1,2299
2026-04-04T03:38:39,-3.724830,-118.247383,26.7,13.92,70.8,11,1.0,103.0,4.206,-4.2,0,1,2300
2026-04-04T03:39:08,-3.724168,-118.245644,36.2,13.81,70.9,11,1.0,103.2,4.207,-4.2,0,1,2301
2026-04-04T03:39:36,-3.723610,-118.243965,31.3,14.04,73.6,11,1.0,102.9,4.205,-4.4,0,1,2302
2026-04-04T03:40:04,-3.723158,-118.242256,40.9,13.86,76.6,11,1.0,102.9,4.206,-4.4,0,1,2303
2026-04-04T03:40:33,-3.722563,-118.240501,43.5,13.73,71.8,10,1.1,103.4,4.206,-4.2,0,1,2304
2026-04-04T03:41:01,-3.722025,-118.238785,35.8,13.14,74.0,10,1.1,103.2,4.206,-4.2,0,1,2305
2026-04-04T03:41:29,-3.721502,-118.237053,34.4,14.09,72.6,11,1.0,102.9,4.207,-4.4,0,1,2306
2026-04-04T03:41:58,-3.720965,-118.235268,34.4,14.46,76.8,10,1.1,103.0,4.209,-4.2,0,1,2307
2026-04-04T03:42:26,-3.720451,-118.233574,28.1,14.09,69.5,10,1.1,102.9,4.210,-4.4,0,1,2308
2026-04-04T03:42:54,-3.719872,-118.231857,35.7,14.23,69.6,11,1.0,103.2,4.207,-4.2,0,1,2309
2026-04-04T03:43:23,-3.719318,-118.230103,37.6,13.59,67.5,11,1.1,103.0,4.207,-4.2,0,1,2310
2026-04-04T03:43:51,-3.718842,-118.228317,40.0,14.42,76.7,12,1.0,103.0,4.206,-4.2,0,1,2311
2026-04-04T03:44:19,-3.718228,-118.226624,45.4,13.91,71.6,12,1.0,103.2,4.207,-4.2,0,1,2312
2026-04-04T03:44:48,-3.717635,-118.224823,46.6,14.50,73.7,11,1.1,103.2,4.207,-4.2,0,1,2313
2026-04-04T03:45:16,-3.717051,-118.223091,46.4,13.87,75.7,11,1.1,103.4,4.206,-4.2,0,1,2314
2026-04-04T03:45:44,-3.716520,-118.221367,44.0,13.66,71.5,11,1.1,103.0,4.207,-4.2,0,1,2315
2026-04-04T03:46:13,-3.716028,-118.219536,40.1,13.89,72.2,11,1.1,103.2,4.206,-4.2,0,1,2316
2026-04-04T03:46:41,-3.715480,-118.217766,43.0,14.32,74.1,11,1.1,103.2,4.209,-4.2,0,1,2317
2026-04-04T03:47:09,-3.714958,-118.216026,41.7,13.59,74.3,11,1.1,103.0,4.206,-4.2,0,1,2318
2026-04-04T03:47:38,-3.714405,-118.214233,45.6,13.92,72.4,10,1.2,103.2,4.206,-4.2,0,1,2319
2026-04-04T03:48:06,-3.713880,-118.212532,41.1,13.01,74.1,11,1.1,103.5,4.206,-4.4,0,1,2320
2026-04-04T03:48:34,-3.713367,-118.210793,39.2,13.79,73.8,11,1.1,103.2,4.206,-4.2,0,1,2321
2026-04-04T03:49:03,-3.712853,-118.208961,35.1,14.33,75.9,11,1.1,103.0,4.206,-4.2,0,1,2322
2026-04-04T03:49:31,-3.712333,-118.207207,35.8,14.54,75.9,11,1.1,103.2,4.206,-4.2,0,1,2323
2026-04-04T03:49:59,-3.711780,-118.205467,43.0,13.57,71.4,11,1.1,103.0,4.207,-4.2,0,1,2324
2026-04-04T03:50:28,-3.711195,-118.203659,42.2,14.60,69.1,11,1.1,103.2,4.209,-4.2,0,1,2325
2026-04-04T03:50:56,-3.710670,-118.201920,44.2,13.43,79.7,11,1.1,103.2,4.205,-4.2,0,1,2326
2026-04-04T03:51:24,-3.710183,-118.200195,43.2,13.56,71.8,11,1.1,103.2,4.209,-4.2,0,1,2327
2026-04-04T03:51:53,-3.709637,-118.198425,44.6,13.33,79.7,11,1.0,103.2,4.207,-4.2,0,1,2328
2026-04-04T03:52:21,-3.709155,-118.196671,41.9,14.29,73.7,11,1.0,103.0,4.207,-4.2,0,1,2329
2026-04-04T03:52:49,-3.708660,-118.194931,39.1,13.87,72.1,11,1.0,102.9,4.207,-4.4,0,1,2330
2026-04-04T03:53:18,-3.708203,-118.193153,34.0,13.67,73.4,12,0.9,103.4,4.206,-4.2,0,1,2331
2026-04-04T03:53:46,-3.707695,-118.191399,27.2,14.11,71.6,12,0.9,103.0,4.206,-4.2,0,1,2332
2026-04-04T03:54:14,-3.707220,-118.189629,26.3,14.18,72.0,12,0.9,103.2,4.207,-4.2,0,1,2333
2026-04-04T03:54:43,-3.706707,-118.187828,30.6,14.17,72.5,12,0.9,103.0,4.207,-4.2,0,1,2334
2026-04-04T03:55:11,-3.706125,-118.186127,28.2,14.23,70.8,11,1.0,103.2,4.206,-4.2,0,1,2335
2026-04-04T03:55:39,-3.705595,-118.184372,30.2,14.15,73.8,12,0.9,103.2,4.209,-4.2,0,1,2336
2026-04-04T03:56:08,-3.705062,-118.182541,27.9,14.02,71.3,12,0.9,103.2,4.207,-4.2,0,1,2337
2026-04-04T03:56:36,-3.704552,-118.180771,27.8,14.29,73.5,12,0.9,103.0,4.207,-4.2,0,1,2338
2026-04-04T03:57:04,-3.704023,-118.179047,28.2,13.75,70.0,12,0.9,103.2,4.206,-4.2,0,1,2339
2026-04-04T03:57:33,-3.703395,-118.177277,23.2,13.85,73.2,12,0.9,103.0,4.206,-4.2,0,1,2340
2026-04-04T03:58:01,-3.702818,-118.175529,25.7,13.27,72.0,12,0.9,103.0,4.207,-4.2,0,1,2341
2026-04-04T03:58:29,-3.702340,-118.173775,31.8,14.20,75.7,11,0.9,102.9,4.206,-4.4,0,1,2342
2026-04-04T03:58:58,-3.701885,-118.171967,34.1,14.06,74.0,12,0.9,103.2,4.206,-4.2,0,1,2343
2026-04-04T03:59:26,-3.701340,-118.170242,20.8,13.79,74.9,11,0.9,103.2,4.205,-4.2,0,1,2344
2026-04-04T03:59:54,-3.700867,-118.168434,21.8,14.56,73.6,11,1.0,103.4,4.206,-4.2,0,1,2345
2026-04-04T04:00:23,-3.700278,-118.166672,15.0,13.58,71.5,9,1.0,103.0,4.206,-4.2,0,1,2346
2026-04-04T04:00:51,-3.699785,-118.164917,11.5,13.86,70.3,10,1.0,103.2,4.207,-4.2,0,1,2347
2026-04-04T04:01:19,-3.699282,-118.163185,15.1,13.78,74.1,8,1.2,102.7,4.206,-4.2,0,1,2348
2026-04-04T04:01:48,-3.698680,-118.161385,24.3,14.00,71.9,8,1.2,103.0,4.207,-4.2,0,1,2349
2026-04-04T04:02:16,-3.698156,-118.159630,33.4,13.12,73.3,7,2.7,103.4,4.207,-4.2,0,1,2350
2026-04-04T04:02:44,-3.697703,-118.157860,27.2,14.22,76.0,9,1.0,103.4,4.206,-4.2,0,1,2351
2026-04-04T04:03:13,-3.697165,-118.156029,25.8,13.92,74.0,7,2.7,103.2,4.206,-4.2,0,1,2352
2026-04-04T04:03:41,-3.696643,-118.154228,20.3,12.83,73.5,8,1.2,102.9,4.207,-4.4,0,1,2353
2026-04-04T04:04:09,-3.696157,-118.152412,18.6,13.79,72.3,8,1.9,103.0,4.209,-4.2,0,1,2354
2026-04-04T04:04:38,-3.695615,-118.150581,31.4,14.06,69.5,7,1.9,103.0,4.209,-4.2,0,1,2355
2026-04-04T04:05:06,-3.695062,-118.148903,27.7,13.55,74.6,8,2.4,103.0,4.206,-4.2,0,1,2356
2026-04-04T04:05:34,-3.694558,-118.147133,23.6,13.66,75.1,9,1.8,103.5,4.206,-4.4,0,1,2357
2026-04-04T04:06:03,-3.693973,-118.145409,23.8,13.14,70.3,9,1.8,103.2,4.207,-4.2,0,1,2358
2026-04-04T04:06:31,-3.693545,-118.143600,22.0,14.35,77.1,10,1.0,103.2,4.206,-4.2,0,1,2359
2026-04-04T04:06:59,-3.693025,-118.141838,19.3,13.41,65.2,9,1.8,103.2,4.207,-4.2,0,1,2360
2026-04-04T04:07:28,-3.692546,-118.140022,18.8,14.44,74.2,9,1.8,103.2,4.207,-4.2,0,1,2361
2026-04-04T04:07:56,-3.691968,-118.138313,17.6,13.92,71.3,10,1.4,103.2,4.206,-4.2,0,1,2362
2026-04-04T04:08:24,-3.691483,-118.136642,30.1,13.65,72.7,10,1.3,103.2,4.206,-4.2,0,1,2363
2026-04-04T04:08:53,-3.690942,-118.134850,27.9,13.93,69.7,11,1.0,103.0,4.207,-4.2,0,1,2364
2026-04-04T04:09:21,-3.690422,-118.133118,13.2,13.23,79.0,10,1.3,103.0,4.207,-4.2,0,1,2365
2026-04-04T04:09:49,-3.689885,-118.131401,18.7,14.48,75.0,10,1.0,103.0,4.207,-4.2,0,1,2366
2026-04-04T04:10:18,-3.689240,-118.129662,5.4,13.54,74.2,9,1.6,103.0,4.206,-4.2,0,1,2367
2026-04-04T04:10:46,-3.688781,-118.127907,12.2,13.78,69.3,10,1.3,103.2,4.207,-4.2,0,1,2368
2026-04-04T04:11:14,-3.688310,-118.126144,14.4,13.76,76.4,10,1.3,103.0,4.206,-4.2,0,1,2369
2026-04-04T04:11:43,-3.687745,-118.124367,20.6,13.97,74.5,11,0.9,103.0,4.206,-4.2,0,1,2370
2026-04-04T04:12:11,-3.687228,-118.122612,18.4,13.17,74.2,11,0.9,103.2,4.207,-4.2,0,1,2371
2026-04-04T04:12:39,-3.686750,-118.120834,18.4,13.51,75.6,11,0.9,103.2,4.207,-4.2,0,1,2372
2026-04-04T04:13:08,-3.686116,-118.119049,22.2,13.70,73.8,9,1.6,103.2,4.207,-4.2,0,1,2373
2026-04-04T04:13:36,-3.685552,-118.117310,33.7,14.67,72.5,9,1.7,103.2,4.207,-4.2,0,1,2374
2026-04-04T04:14:04,-3.685066,-118.115547,29.9,14.38,74.1,10,1.3,103.2,4.206,-4.2,0,1,2375
2026-04-04T04:14:33,-3.684568,-118.113701,25.7,13.84,74.3,10,1.3,103.2,4.207,-4.2,0,1,2376
2026-04-04T04:15:01,-3.684020,-118.112000,32.1,14.14,68.0,10,1.1,103.0,4.206,-4.2,0,1,2377
2026-04-04T04:15:29,-3.683511,-118.110245,33.2,14.08,71.5,10,1.1,103.0,4.206,-4.2,0,1,2378
2026-04-04T04:15:58,-3.683003,-118.108406,27.2,14.58,69.5,10,1.3,103.0,4.207,-4.2,0,1,2379
2026-04-04T04:16:26,-3.682495,-118.106651,26.6,13.55,73.9,9,1.6,103.4,4.206,-4.2,0,1,2380
2026-04-04T04:16:54,-3.681970,-118.104912,16.9,13.84,75.1,10,1.3,102.9,4.207,-4.4,0,1,2381
2026-04-04T04:17:23,-3.681329,-118.103180,21.7,13.58,73.0,10,1.1,103.0,4.207,-4.2,0,1,2382
2026-04-04T04:17:51,-3.680745,-118.101494,24.4,12.85,75.1,10,1.3,103.5,4.206,-4.4,0,1,2383
2026-04-04T04:18:19,-3.680226,-118.099762,25.0,14.31,74.8,12,0.9,103.0,4.207,-4.2,0,1,2384
2026-04-04T04:18:48,-3.679710,-118.097961,19.6,14.03,76.0,9,1.6,103.2,4.206,-4.2,0,1,2385
2026-04-04T04:19:16,-3.679186,-118.096230,19.6,13.70,71.0,9,1.2,103.4,4.207,-4.2,0,1,2386
2026-04-04T04:19:44,-3.678640,-118.094475,26.9,13.93,74.5,10,1.1,103.0,4.206,-4.2,0,1,2387
2026-04-04T04:20:13,-3.678118,-118.092659,19.4,13.92,76.9,10,1.2,103.4,4.207,-4.2,0,1,2388
2026-04-04T04:20:41,-3.677596,-118.090881,28.5,14.63,69.5,9,1.2,103.2,4.206,-4.2,0,1,2389
2026-04-04T04:21:09,-3.677070,-118.089149,21.8,13.53,78.2,8,1.2,103.2,4.206,-4.2,0,1,2390
2026-04-04T04:21:38,-3.676480,-118.087349,24.9,14.12,69.6,8,1.2,103.2,4.207,-4.2,0,1,2391
2026-04-04T04:22:06,-3.675951,-118.085571,38.9,14.75,73.7,8,1.2,103.0,4.207,-4.2,0,1,2392
2026-04-04T04:22:34,-3.675503,-118.083824,29.8,14.00,73.3,9,1.2,103.2,4.205,-4.2,0,1,2393
2026-04-04T04:23:03,-3.674966,-118.082024,27.5,13.78,76.5,7,1.3,103.2,4.207,-4.2,0,1,2394
2026-04-04T04:23:31,-3.674440,-118.080254,26.2,14.76,74.0,8,1.3,103.0,4.209,-4.2,0,1,2395
2026-04-04T04:23:59,-3.673915,-118.078514,32.4,14.32,76.6,8,1.3,103.0,4.207,-4.2,0,1,2396
2026-04-04T04:24:28,-3.673343,-118.076714,30.9,13.98,69.4,9,1.2,103.0,4.207,-4.2,0,1,2397
2026-04-04T04:24:56,-3.672845,-118.074959,29.9,14.95,74.3,8,1.3,103.2,4.207,-4.2,0,1,2398
2026-04-04T04:25:24,-3.672343,-118.073219,28.4,13.76,71.9,9,1.2,103.0,4.206,-4.2,0,1,2399
2026-04-04T04:25:53,-3.671835,-118.071411,25.5,14.34,74.0,6,1.5,103.2,4.206,-4.2,0,1,2400
2026-04-04T04:26:21,-3.671332,-118.069641,26.2,14.46,74.7,9,1.2,102.9,4.207,-4.4,0,1,2401
2026-04-04T04:26:49,-3.670853,-118.067917,21.4,14.01,72.9,9,1.2,103.5,4.207,-4.4,0,1,2402
2026-04-04T04:27:18,-3.670368,-118.066086,25.1,13.72,74.2,9,1.2,103.4,4.207,-4.2,0,1,2403
2026-04-04T04:27:46,-3.669882,-118.064331,26.6,15.06,73.4,9,1.2,103.0,4.206,-4.2,0,1,2404
2026-04-04T04:28:14,-3.669395,-118.062576,25.2,14.63,73.7,9,1.2,103.0,4.207,-4.2,0,1,2405
2026-04-04T04:28:43,-3.668882,-118.060776,27.5,14.03,72.0,9,1.2,103.0,4.206,-4.2,0,1,2406
2026-04-04T04:29:11,-3.668386,-118.059006,28.9,14.27,75.5,9,1.2,103.0,4.205,-4.2,0,1,2407
2026-04-04T04:29:39,-3.667845,-118.057289,32.3,13.61,68.7,9,1.2,103.2,4.206,-4.2,0,1,2408
2026-04-04T04:30:08,-3.667321,-118.055504,31.6,13.76,73.7,8,1.4,103.0,4.207,-4.2,0,1,2409
2026-04-04T04:30:36,-3.666853,-118.053734,34.2,13.77,75.0,9,1.2,103.0,4.206,-4.2,0,1,2410
2026-04-04T04:31:04,-3.666377,-118.051994,31.2,14.00,72.7,9,1.2,103.2,4.206,-4.2,0,1,2411
2026-04-04T04:31:33,-3.665802,-118.050224,29.0,13.85,72.7,10,1.0,103.2,4.207,-4.2,0,1,2412
2026-04-04T04:32:01,-3.665278,-118.048500,27.9,15.59,74.2,9,1.2,103.2,4.206,-4.2,0,1,2413
2026-04-04T04:32:29,-3.664725,-118.046822,25.4,14.06,72.0,10,1.0,103.2,4.206,-4.2,0,1,2414
2026-04-04T04:32:58,-3.664223,-118.045029,27.0,14.12,72.4,9,1.2,103.0,4.207,-4.2,0,1,2415
2026-04-04T04:33:26,-3.663728,-118.043304,25.6,14.36,70.4,9,1.2,103.2,4.206,-4.2,0,1,2416
2026-04-04T04:33:54,-3.663253,-118.041573,30.2,14.03,68.9,9,1.2,103.2,4.206,-4.2,0,1,2417
2026-04-04T04:34:23,-3.662742,-118.039795,24.7,13.86,70.2,9,1.2,103.4,4.206,-4.2,0,1,2418
2026-04-04T04:34:51,-3.662235,-118.038078,25.6,13.48,71.6,9,1.2,102.9,4.206,-4.4,0,1,2419
2026-04-04T04:35:19,-3.661762,-118.036362,27.7,13.80,70.7,9,1.2,103.0,4.207,-4.2,0,1,2420
2026-04-04T04:35:48,-3.661272,-118.034576,26.5,13.72,74.2,10,1.0,103.2,4.206,-4.2,0,1,2421
2026-04-04T04:36:16,-3.660717,-118.032860,27.9,13.10,76.8,9,1.2,103.0,4.207,-4.2,0,1,2422
2026-04-04T04:36:44,-3.660265,-118.031143,32.0,13.00,73.3,10,1.0,102.9,4.205,-4.4,0,1,2423
2026-04-04T04:37:13,-3.659752,-118.029327,29.6,14.59,74.0,9,1.2,103.2,4.206,-4.2,0,1,2424
2026-04-04T04:37:41,-3.659280,-118.027626,31.9,13.98,74.3,9,1.2,103.0,4.206,-4.2,0,1,2425
2026-04-04T04:38:09,-3.658750,-118.025894,35.4,13.57,72.1,9,1.2,103.2,4.205,-4.2,0,1,2426
2026-04-04T04:38:38,-3.658287,-118.024078,31.8,13.17,74.1,10,1.0,103.0,4.207,-4.2,0,1,2427
2026-04-04T04:39:06,-3.657815,-118.022339,26.8,13.36,73.9,9,1.2,103.0,4.205,-4.2,0,1,2428
2026-04-04T04:39:34,-3.657312,-118.020607,26.0,14.05,72.8,9,1.2,102.9,4.207,-4.4,0,1,2429
2026-04-04T04:40:03,-3.656712,-118.018867,35.1,13.88,74.7,8,1.3,103.0,4.206,-4.2,0,1,2430
2026-04-04T04:40:31,-3.656248,-118.017128,36.1,13.37,70.6,8,1.3,103.0,4.206,-4.2,0,1,2431
2026-04-04T04:40:59,-3.655730,-118.015373,34.4,14.53,71.5,9,1.2,102.9,4.207,-4.4,0,1,2432
2026-04-04T04:41:28,-3.655180,-118.013618,31.9,14.06,77.2,9,1.2,103.0,4.207,-4.2,0,1,2433
2026-04-04T04:41:56,-3.654723,-118.011803,31.4,14.02,79.0,7,1.4,103.0,4.207,-4.2,0,1,2434
2026-04-04T04:42:24,-3.654237,-118.010086,31.1,13.98,70.8,8,1.3,103.2,4.206,-4.2,0,1,2435
2026-04-04T04:42:53,-3.653765,-118.008270,30.2,13.96,71.1,8,1.3,103.0,4.207,-4.2,0,1,2436
2026-04-04T04:43:21,-3.653240,-118.006538,26.0,13.55,74.1,8,1.3,103.0,4.207,-4.2,0,1,2437
2026-04-04T04:43:49,-3.652708,-118.004814,30.0,14.36,72.8,7,1.4,103.2,4.207,-4.2,0,1,2438
2026-04-04T04:44:18,-3.652210,-118.002983,32.0,13.51,77.5,7,1.4,103.2,4.206,-4.2,0,1,2439
2026-04-04T04:44:46,-3.651812,-118.001228,25.9,13.29,74.7,8,1.4,103.2,4.205,-4.2,0,1,2440
2026-04-04T04:45:14,-3.651302,-117.999504,30.6,13.20,75.9,8,1.4,103.4,4.206,-4.2,0,1,2441
2026-04-04T04:45:43,-3.650742,-117.997658,29.5,13.69,76.5,9,1.2,103.2,4.207,-4.2,0,1,2442
2026-04-04T04:46:11,-3.650287,-117.995941,30.6,13.30,73.7,9,1.2,103.0,4.205,-4.2,0,1,2443
2026-04-04T04:46:39,-3.649812,-117.994202,26.4,13.79,74.8,9,1.2,103.2,4.207,-4.2,0,1,2444
2026-04-04T04:47:08,-3.649155,-117.992447,24.7,13.62,67.4,9,1.2,102.9,4.207,-4.4,0,1,2445
2026-04-04T04:47:36,-3.648680,-117.990723,21.3,14.20,71.0,8,1.4,103.0,4.206,-4.2,0,1,2446
2026-04-04T04:48:04,-3.648148,-117.988953,17.3,13.97,72.3,8,1.4,103.4,4.206,-4.2,0,1,2447
2026-04-04T04:48:33,-3.647675,-117.987114,20.7,13.40,75.0,9,1.2,102.9,4.206,-4.4,0,1,2448
2026-04-04T04:49:01,-3.647066,-117.985382,25.3,13.67,70.6,8,1.5,103.2,4.206,-4.2,0,1,2449
2026-04-04T04:49:29,-3.646676,-117.983627,21.9,13.92,73.9,9,1.2,102.7,4.206,-4.2,0,1,2450
2026-04-04T04:49:58,-3.646180,-117.981850,15.3,13.87,71.1,8,1.3,103.2,4.209,-4.2,0,1,2451
2026-04-04T04:50:26,-3.645732,-117.980110,6.7,13.67,72.5,9,1.2,103.4,4.206,-4.2,0,1,2452
2026-04-04T04:50:54,-3.645202,-117.978317,12.5,13.27,81.8,7,1.4,103.0,4.206,-4.2,0,1,2453
2026-04-04T04:51:23,-3.644666,-117.976562,15.6,13.91,72.8,9,1.2,103.0,4.206,-4.2,0,1,2454
2026-04-04T04:51:51,-3.644263,-117.974808,13.5,13.88,76.1,10,1.1,103.0,4.206,-4.2,0,1,2455
2026-04-04T04:52:19,-3.643806,-117.973053,12.9,13.75,73.1,9,1.2,102.9,4.206,-4.4,0,1,2456
2026-04-04T04:52:48,-3.643222,-117.971291,8.5,14.06,72.2,9,1.2,103.2,4.207,-4.2,0,1,2457
2026-04-04T04:53:16,-3.642700,-117.969513,9.2,13.11,75.6,10,1.1,103.2,4.205,-4.2,0,1,2458
2026-04-04T04:53:44,-3.642202,-117.967766,8.1,13.47,76.7,10,1.1,103.0,4.207,-4.2,0,1,2459
2026-04-04T04:54:13,-3.641592,-117.965912,12.5,13.33,75.8,10,1.1,103.0,4.206,-4.2,0,1,2460
2026-04-04T04:54:41,-3.640996,-117.964195,18.1,13.65,70.3,9,1.2,103.0,4.206,-4.2,0,1,2461
2026-04-04T04:55:09,-3.640466,-117.962471,23.8,13.48,74.1,8,1.7,103.0,4.207,-4.2,0,1,2462
2026-04-04T04:55:38,-3.639862,-117.960663,31.1,13.80,72.8,10,1.1,103.0,4.206,-4.2,0,1,2463
2026-04-04T04:56:06,-3.639330,-117.958961,29.1,12.67,69.2,9,1.4,103.0,4.207,-4.2,0,1,2464
2026-04-04T04:56:34,-3.638796,-117.957222,26.1,13.59,73.2,8,1.9,103.2,4.207,-4.2,0,1,2465
2026-04-04T04:57:03,-3.638350,-117.955429,21.4,13.81,80.1,8,1.9,103.2,4.205,-4.2,0,1,2466
2026-04-04T04:57:31,-3.637833,-117.953690,18.9,13.21,76.9,9,1.2,103.0,4.206,-4.2,0,1,2467
2026-04-04T04:57:59,-3.637356,-117.951973,18.5,12.67,77.7,9,1.2,103.0,4.206,-4.2,0,1,2468
2026-04-04T04:58:28,-3.636765,-117.950172,16.1,14.14,71.4,9,1.2,103.0,4.206,-4.2,0,1,2469
2026-04-04T04:58:56,-3.636416,-117.948456,9.7,13.95,76.5,9,1.2,103.2,4.205,-4.2,0,1,2470
2026-04-04T04:59:24,-3.635943,-117.946754,8.6,13.08,75.7,9,1.2,103.0,4.206,-4.2,0,1,2471
2026-04-04T04:59:53,-3.635380,-117.944946,1.9,13.72,76.8,9,1.2,102.9,4.206,-4.4,0,1,2472
2026-04-04T05:00:21,-3.634848,-117.943245,2.0,13.52,71.6,9,1.1,103.2,4.207,-4.2,0,1,2473
2026-04-04T05:00:49,-3.634350,-117.941528,0.7,14.09,69.0,9,1.1,102.9,4.206,-4.4,0,1,2474
2026-04-04T05:01:18,-3.633932,-117.939751,-2.7,14.07,75.1,9,1.1,102.9,4.206,-4.4,0,1,2475
2026-04-04T05:01:46,-3.633455,-117.938034,-3.2,12.19,70.3,9,1.1,103.0,4.207,-4.2,0,1,2476
2026-04-04T05:02:14,-3.632911,-117.936310,-6.1,13.46,74.7,10,1.1,103.4,4.206,-4.2,0,1,2477
2026-04-04T05:02:43,-3.632383,-117.934525,-5.3,13.75,77.9,9,1.1,103.0,4.207,-4.2,0,1,2478
2026-04-04T05:03:11,-3.631831,-117.932800,-4.7,14.08,75.4,10,1.1,103.0,4.207,-4.2,0,1,2479
2026-04-04T05:03:39,-3.631382,-117.931084,-7.7,13.25,72.9,10,1.1,103.0,4.207,-4.2,0,1,2480
2026-04-04T05:04:08,-3.630911,-117.929283,-10.1,13.55,79.3,8,1.2,103.0,4.206,-4.2,0,1,2481
2026-04-04T05:04:36,-3.630435,-117.927589,-8.6,14.36,71.9,10,1.1,103.2,4.205,-4.2,0,1,2482
2026-04-04T05:05:04,-3.629950,-117.925850,-6.9,13.46,74.8,9,1.1,103.0,4.205,-4.2,0,1,2483
2026-04-04T05:05:33,-3.629395,-117.924042,-5.4,13.67,75.3,7,2.2,103.2,4.206,-4.2,0,1,2484
2026-04-04T05:06:01,-3.628891,-117.922279,-5.0,13.00,78.2,9,1.4,103.0,4.206,-4.2,0,1,2485
2026-04-04T05:06:29,-3.628446,-117.920502,-1.5,14.05,75.4,9,1.1,102.9,4.209,-4.4,0,1,2486
2026-04-04T05:06:58,-3.627882,-117.918678,-1.2,13.74,73.2,8,1.2,103.2,4.209,-4.2,0,1,2487
2026-04-04T05:07:26,-3.627406,-117.916954,1.4,13.46,74.4,9,1.1,103.0,4.207,-4.2,0,1,2488
2026-04-04T05:07:54,-3.626885,-117.915222,3.2,13.49,75.2,9,1.1,103.2,4.206,-4.2,0,1,2489
2026-04-04T05:08:23,-3.626336,-117.913406,6.5,13.51,71.0,7,1.9,103.2,4.205,-4.2,0,1,2490
2026-04-04T05:08:51,-3.625866,-117.911682,4.1,14.19,77.3,9,1.1,102.9,4.207,-4.4,0,1,2491
2026-04-04T05:09:19,-3.625395,-117.909950,1.5,13.83,75.8,9,1.1,103.0,4.205,-4.2,0,1,2492
2026-04-04T05:09:48,-3.624799,-117.908150,4.4,13.87,73.1,7,1.9,103.2,4.205,-4.2,0,1,2493
2026-04-04T05:10:16,-3.624333,-117.906418,4.9,13.26,79.8,8,1.2,103.2,4.206,-4.2,0,1,2494
2026-04-04T05:10:44,-3.623827,-117.904663,9.4,13.28,75.5,8,1.4,103.0,4.205,-4.2,0,1,2495
2026-04-04T05:11:13,-3.623248,-117.902847,11.1,13.86,73.0,9,1.1,102.9,4.206,-4.4,0,1,2496
2026-04-04T05:11:41,-3.622741,-117.901108,13.1,12.94,70.7,9,1.3,103.2,4.207,-4.2,0,1,2497
2026-04-04T05:12:09,-3.622225,-117.899368,17.3,14.08,73.5,10,1.0,102.9,4.206,-4.4,0,1,2498
2026-04-04T05:12:38,-3.621595,-117.897575,21.1,14.17,71.3,8,1.9,103.0,4.207,-4.2,0,1,2499
2026-04-04T05:13:06,-3.621150,-117.895836,14.5,14.45,71.4,8,1.9,103.0,4.206,-4.2,0,1,2500
2026-04-04T05:13:34,-3.620600,-117.894104,11.0,14.13,71.4,9,1.3,103.0,4.206,-4.2,0,1,2501
2026-04-04T05:14:03,-3.620105,-117.892311,11.8,13.63,76.7,8,1.9,103.2,4.206,-4.2,0,1,2502
2026-04-04T05:14:31,-3.619570,-117.890549,14.8,13.76,76.1,9,1.3,103.0,4.205,-4.2,0,1,2503
2026-04-04T05:14:59,-3.619088,-117.888832,16.9,13.59,75.0,9,1.3,103.0,4.206,-4.2,0,1,2504
2026-04-04T05:15:28,-3.618578,-117.887001,17.5,14.49,70.1,8,1.9,103.2,4.206,-4.2,0,1,2505
2026-04-04T05:15:56,-3.618150,-117.885284,14.2,13.65,79.6,10,1.0,103.2,4.207,-4.2,0,1,2506
2026-04-04T05:16:24,-3.617715,-117.883545,11.7,14.16,71.2,9,1.3,103.0,4.206,-4.2,0,1,2507
2026-04-04T05:16:53,-3.617190,-117.881744,10.9,14.37,70.9,8,1.8,103.2,4.209,-4.2,0,1,2508
2026-04-04T05:17:21,-3.616663,-117.879990,7.1,14.79,72.9,9,1.3,103.2,4.207,-4.2,0,1,2509
2026-04-04T05:17:49,-3.616243,-117.878288,3.4,13.56,74.6,8,1.8,103.0,4.206,-4.2,0,1,2510
2026-04-04T05:18:18,-3.615698,-117.876442,-0.1,12.59,81.1,9,1.3,103.2,4.207,-4.2,0,1,2511
2026-04-04T05:18:46,-3.615252,-117.874741,-0.4,13.40,77.0,8,1.8,103.0,4.207,-4.2,0,1,2512
2026-04-04T05:19:14,-3.614702,-117.872971,-4.1,13.75,71.8,9,1.4,103.2,4.205,-4.2,0,1,2513
2026-04-04T05:19:43,-3.614133,-117.871155,-6.1,13.93,75.0,10,1.0,103.0,4.206,-4.2,0,1,2514
2026-04-04T05:20:11,-3.613573,-117.869438,-2.6,13.60,68.2,8,1.4,103.2,4.207,-4.2,0,1,2515
2026-04-04T05:20:39,-3.613020,-117.867683,0.1,12.63,74.2,8,1.4,103.0,4.206,-4.2,0,1,2516
2026-04-04T05:21:08,-3.612502,-117.865845,5.3,13.70,74.3,8,1.4,103.2,4.206,-4.2,0,1,2517
2026-04-04T05:21:36,-3.611995,-117.864105,5.1,13.48,76.1,8,1.4,103.2,4.206,-4.2,0,1,2518
2026-04-04T05:22:04,-3.611460,-117.862389,1.6,13.48,69.0,8,1.4,103.0,4.207,-4.2,0,1,2519
2026-04-04T05:22:33,-3.610915,-117.860580,-1.2,13.68,68.2,8,1.4,103.0,4.207,-4.2,0,1,2520
2026-04-04T05:23:01,-3.610387,-117.858818,-0.9,14.20,74.7,9,1.3,103.0,4.206,-4.2,0,1,2521
2026-04-04T05:23:29,-3.609898,-117.857101,10.5,14.34,72.4,9,1.1,103.0,4.207,-4.2,0,1,2522
2026-04-04T05:23:58,-3.609292,-117.855270,10.2,13.49,72.4,8,1.4,102.9,4.206,-4.4,0,1,2523
2026-04-04T05:24:26,-3.608730,-117.853500,14.7,14.70,70.0,10,1.0,103.0,4.209,-4.2,0,1,2524
2026-04-04T05:24:54,-3.608153,-117.851761,11.0,13.63,74.3,9,1.1,103.0,4.206,-4.2,0,1,2525
2026-04-04T05:25:23,-3.607600,-117.849960,13.8,13.92,75.6,8,1.3,103.0,4.205,-4.2,0,1,2526
2026-04-04T05:25:51,-3.607147,-117.848206,16.5,13.14,76.8,9,1.0,103.2,4.207,-4.2,0,1,2527
2026-04-04T05:26:19,-3.606573,-117.846359,10.6,14.23,73.8,7,1.4,102.9,4.206,-4.4,0,1,2528
2026-04-04T05:26:48,-3.606120,-117.844543,7.2,13.30,73.7,7,1.4,103.2,4.206,-4.2,0,1,2529
2026-04-04T05:27:16,-3.605632,-117.842842,12.0,13.39,72.9,7,1.4,102.9,4.205,-4.4,0,1,2530
2026-04-04T05:27:44,-3.605040,-117.841049,15.7,13.41,70.8,7,1.4,103.2,4.206,-4.2,0,1,2531
2026-04-04T05:28:13,-3.604575,-117.839233,19.8,13.76,81.1,7,1.4,103.2,4.206,-4.2,0,1,2532
2026-04-04T05:28:41,-3.604128,-117.837532,18.4,14.48,76.5,8,1.1,103.2,4.206,-4.2,0,1,2533
2026-04-04T05:29:09,-3.603605,-117.835701,6.8,14.06,73.8,7,1.3,103.2,4.207,-4.2,0,1,2534
2026-04-04T05:29:38,-3.602987,-117.833893,-0.3,14.70,71.9,7,1.4,103.2,4.207,-4.2,0,1,2535
2026-04-04T05:30:06,-3.602520,-117.832153,-3.5,14.49,78.0,6,2.5,102.9,4.206,-4.4,0,1,2536
2026-04-04T05:30:34,-3.602067,-117.830414,-6.1,13.44,77.1,7,1.4,103.0,4.206,-4.2,0,1,2537
2026-04-04T05:31:03,-3.601567,-117.828545,-8.1,13.95,76.9,5,2.9,103.2,4.205,-4.2,0,1,2538
2026-04-04T05:31:31,-3.601130,-117.826767,-10.0,14.73,73.6,5,2.9,103.2,4.206,-4.2,0,1,2539
2026-04-04T05:31:59,-3.600580,-117.824974,-12.0,14.31,72.2,7,1.4,103.2,4.206,-4.2,0,1,2540
2026-04-04T05:32:28,-3.600208,-117.823082,-12.2,14.72,67.2,7,1.4,103.4,4.206,-4.2,0,1,2541
2026-04-04T05:32:56,-3.599608,-117.821312,-6.3,14.08,72.5,6,2.5,103.0,4.207,-4.2,0,1,2542
2026-04-04T05:33:24,-3.598920,-117.819672,3.8,13.49,66.7,6,2.5,103.2,4.206,-4.2,0,1,2543
2026-04-04T05:33:53,-3.598310,-117.817833,3.4,13.89,72.0,7,1.4,102.9,4.206,-4.4,0,1,2544
2026-04-04T05:34:21,-3.597736,-117.816116,7.3,12.68,77.5,6,1.7,103.2,4.207,-4.2,0,1,2545
2026-04-04T05:34:49,-3.597230,-117.814339,7.4,13.10,73.0,7,1.4,103.4,4.206,-4.2,0,1,2546
2026-04-04T05:35:18,-3.596490,-117.812584,7.4,13.58,65.3,6,2.6,103.0,4.206,-4.2,0,1,2547
2026-04-04T05:35:46,-3.595960,-117.810867,8.2,13.55,70.4,7,1.4,103.0,4.207,2743.3,0,1,2548
2026-04-04T05:36:14,-3.595388,-117.809189,8.9,13.28,68.3,7,1.4,103.2,4.206,-4.2,0,1,2549
2026-04-04T05:36:43,-3.594920,-117.807373,15.6,13.89,66.2,6,2.6,103.4,4.205,-4.2,0,1,2550
2026-04-04T05:37:11,-3.594406,-117.805687,13.8,13.47,68.2,7,1.4,102.9,4.206,2738.9,0,1,2551
2026-04-04T05:37:39,-3.593763,-117.803993,11.1,13.07,69.6,7,1.4,102.9,4.207,-4.4,0,1,2552
2026-04-04T05:38:08,-3.593273,-117.802277,6.7,13.77,62.6,6,1.4,103.0,4.206,-4.2,0,1,2553
2026-04-04T05:38:36,-3.592643,-117.800629,13.8,12.96,68.4,7,1.4,103.0,4.207,-4.2,0,1,2554
2026-04-04T05:39:04,-3.591998,-117.798973,15.2,14.24,70.0,7,1.4,103.2,4.205,-4.2,0,1,2555
2026-04-04T05:39:33,-3.591546,-117.797157,22.1,13.79,71.9,6,2.6,103.2,4.207,-4.2,0,1,2556
2026-04-04T05:40:01,-3.591175,-117.795326,15.9,13.47,71.5,7,1.4,103.0,4.206,-4.2,0,1,2557
2026-04-04T05:40:29,-3.590492,-117.793678,2.5,13.59,68.2,7,1.4,102.9,4.206,-4.4,0,1,2558
2026-04-04T05:40:58,-3.589962,-117.791885,-3.0,13.20,67.7,6,2.6,103.0,4.207,-4.2,0,1,2559
2026-04-04T05:41:26,-3.589322,-117.790276,-5.0,13.93,66.1,7,1.4,103.0,4.206,-4.2,0,1,2560
2026-04-04T05:41:54,-3.588748,-117.788620,-10.7,13.20,67.0,7,1.4,103.5,4.207,-4.4,0,1,2561
2026-04-04T05:42:23,-3.588586,-117.786575,-17.0,14.19,74.3,6,2.6,103.0,4.207,-4.2,0,1,2562
2026-04-04T05:42:51,-3.587812,-117.784996,-17.2,15.44,66.2,7,1.4,103.0,4.207,-4.2,0,1,2563
2026-04-04T05:43:19,-3.587506,-117.783180,-14.1,13.21,71.7,6,2.6,103.2,4.207,-4.2,0,1,2564
2026-04-04T05:43:48,-3.586803,-117.781517,-7.1,13.56,63.6,7,1.3,103.0,4.207,-4.2,0,1,2565
2026-04-04T05:44:16,-3.586038,-117.779869,-0.3,13.00,66.9,7,1.3,103.0,4.206,-4.2,0,1,2566
2026-04-04T05:44:44,-3.585733,-117.778076,4.6,12.62,78.4,7,1.3,103.0,4.206,-4.2,0,1,2567
2026-04-04T05:45:13,-3.585066,-117.776207,10.5,13.71,68.3,6,1.4,103.2,4.209,-4.2,0,1,2568
2026-04-04T05:45:41,-3.584508,-117.774658,10.3,12.92,78.2,6,1.4,103.2,4.207,-4.2,0,1,2569
2026-04-04T05:46:09,-3.583863,-117.772980,6.1,13.46,72.6,6,1.4,103.0,4.205,-4.2,0,1,2570
2026-04-04T05:46:38,-3.583372,-117.771088,9.8,13.21,75.7,5,3.0,103.2,4.206,-4.2,0,1,2571
2026-04-04T05:47:06,-3.582771,-117.769463,11.0,13.49,72.4,6,1.4,103.0,4.207,-4.2,0,1,2572
2026-04-04T05:47:34,-3.582013,-117.767937,12.3,13.22,67.2,6,1.4,103.0,4.205,-4.2,0,1,2573
2026-04-04T05:48:03,-3.581693,-117.765938,24.4,13.97,84.2,5,3.0,102.9,4.206,-4.4,0,1,2574
2026-04-04T05:48:31,-3.581060,-117.764297,20.7,14.27,62.6,6,1.4,103.2,4.206,-4.2,0,1,2575
2026-04-04T05:48:59,-3.580402,-117.762589,17.9,13.52,71.7,5,3.0,103.0,4.207,-4.2,0,1,2576
2026-04-04T05:49:28,-3.579905,-117.760796,9.5,14.05,69.2,6,1.4,103.0,4.206,-4.2,0,1,2577
2026-04-04T05:49:56,-3.579408,-117.759056,4.1,13.13,80.1,5,3.0,103.2,4.206,-4.2,0,1,2578
2026-04-04T05:50:24,-3.578705,-117.757385,-0.4,13.85,59.1,5,3.1,103.0,4.209,-4.2,0,1,2579
2026-04-04T05:50:53,-3.578193,-117.755585,-7.0,13.64,75.3,5,3.1,103.0,4.206,-4.2,0,1,2580
2026-04-04T05:51:21,-3.577711,-117.753830,-13.7,13.03,74.9,5,3.1,103.2,4.206,-4.2,0,1,2581
2026-04-04T05:51:49,-3.577238,-117.752106,-16.8,13.15,78.0,5,3.1,103.2,4.207,-4.2,0,1,2582
2026-04-04T05:52:18,-3.576618,-117.750374,-25.1,13.74,69.2,5,3.1,103.0,4.206,-4.2,0,1,2583
2026-04-04T05:52:46,-3.576091,-117.748688,-31.5,11.64,74.5,6,1.4,103.2,4.206,-4.2,0,1,2584
2026-04-04T05:53:14,-3.575438,-117.746956,-34.7,13.39,68.3,5,3.1,103.2,4.205,-4.2,0,1,2585
2026-04-04T05:53:43,-3.574795,-117.745193,-36.2,13.88,70.5,4,3.5,103.2,4.206,-4.2,0,1,2586
2026-04-04T05:54:11,-3.574136,-117.743515,-33.5,14.20,63.0,5,3.1,103.4,4.207,-4.2,0,1,2587
2026-04-04T05:54:39,-3.573798,-117.741776,-26.6,11.97,73.9,5,3.1,103.0,4.207,-4.2,0,1,2588
2026-04-04T05:55:08,-3.573142,-117.740028,-25.4,13.23,69.0,4,3.5,103.0,4.207,-4.2,0,1,2589
2026-04-04T05:55:36,-3.572676,-117.738251,-25.9,12.97,67.0,5,3.1,103.0,4.206,-4.2,0,1,2590
2026-04-04T05:56:04,-3.572158,-117.736565,-27.8,13.10,72.3,5,3.1,103.4,4.206,-4.2,0,1,2591
2026-04-04T05:56:33,-3.571500,-117.734940,-26.6,13.10,68.3,4,3.5,102.9,4.206,-4.4,0,1,2592
2026-04-04T05:57:01,-3.570833,-117.733414,-24.8,12.81,61.5,6,3.1,103.2,4.206,-4.2,0,1,2593
2026-04-04T05:57:29,-3.570216,-117.731522,-8.6,13.09,72.1,5,3.1,103.4,4.206,-4.2,0,1,2594
2026-04-04T05:57:58,-3.569679,-117.729866,-7.6,13.64,72.8,5,2.7,102.9,4.206,-4.4,0,1,2595
2026-04-04T05:58:26,-3.569083,-117.728195,-9.9,14.14,68.4,6,2.6,103.0,4.206,-4.2,0,1,2596
2026-04-04T05:58:54,-3.568439,-117.726517,-6.9,13.82,72.8,5,2.7,102.9,4.207,-4.4,0,1,2597
2026-04-04T05:59:22,-3.567902,-117.724823,-3.9,13.99,74.4,6,2.6,103.2,4.206,-4.2,0,1,2598
2026-04-04T05:59:51,-3.567475,-117.723007,-7.2,13.94,70.5,6,2.6,102.9,4.207,-4.4,0,1,2599
2026-04-04T06:00:19,-3.566798,-117.721329,-9.6,14.28,70.8,6,2.5,102.9,4.206,-4.4,0,1,2600
2026-04-04T06:00:48,-3.566235,-117.719574,-10.1,13.44,69.4,7,2.0,103.0,4.207,-4.2,0,1,2601
2026-04-04T06:01:16,-3.565593,-117.717949,0.5,13.36,70.5,7,2.0,103.0,4.207,-4.2,0,1,2602
2026-04-04T06:01:44,-3.564965,-117.716278,12.6,13.60,71.3,7,2.0,103.0,4.206,-4.2,0,1,2603
2026-04-04T06:02:13,-3.564380,-117.714523,11.0,13.56,70.3,6,2.2,103.2,4.206,-4.2,0,1,2604
2026-04-04T06:02:41,-3.563988,-117.712746,6.8,13.35,74.5,6,2.2,103.2,4.206,-4.2,0,1,2605
2026-04-04T06:03:09,-3.563430,-117.711121,7.0,13.78,72.0,7,2.0,103.0,4.206,-4.2,0,1,2606
2026-04-04T06:03:38,-3.562880,-117.709351,14.1,13.94,73.3,7,2.0,103.0,4.207,-4.2,0,1,2607
2026-04-04T06:04:06,-3.562283,-117.707672,16.4,13.43,70.6,6,2.2,102.9,4.206,-4.4,0,1,2608
2026-04-04T06:04:34,-3.561900,-117.705910,1.0,13.81,73.4,7,2.0,103.2,4.206,-4.2,0,1,2609
2026-04-04T06:05:03,-3.561340,-117.704140,-4.5,13.78,70.4,7,2.0,102.9,4.206,-4.4,0,1,2610
2026-04-04T06:05:31,-3.560807,-117.702415,-4.0,13.90,71.5,7,2.0,103.2,4.205,-4.2,0,1,2611
2026-04-04T06:05:59,-3.560278,-117.700722,-2.9,13.61,72.1,7,2.0,103.2,4.206,-4.2,0,1,2612
2026-04-04T06:06:28,-3.559808,-117.698929,4.5,13.72,78.2,7,2.0,102.9,4.207,-4.4,0,1,2613
2026-04-04T06:06:56,-3.559158,-117.697243,10.2,13.68,71.2,7,2.0,102.9,4.205,-4.4,0,1,2614
2026-04-04T06:07:24,-3.558687,-117.695526,5.7,13.19,74.6,7,2.0,103.2,4.206,-4.2,0,1,2615
2026-04-04T06:07:53,-3.558185,-117.693810,10.0,13.10,74.2,7,2.0,103.2,4.205,-4.2,0,1,2616
2026-04-04T06:08:21,-3.557565,-117.692131,13.2,14.43,69.4,7,2.0,103.0,4.206,-4.2,0,1,2617
2026-04-04T06:08:49,-3.557172,-117.690407,14.6,13.80,73.9,6,2.2,103.0,4.206,-4.2,0,1,2618
2026-04-04T06:09:18,-3.556520,-117.688652,16.8,13.40,70.8,7,2.0,103.0,4.206,-4.2,0,1,2619
2026-04-04T06:09:46,-3.556045,-117.686935,17.9,12.91,76.2,8,2.0,103.0,4.205,-4.2,0,1,2620
2026-04-04T06:10:14,-3.555633,-117.685234,17.4,13.25,81.1,8,2.0,103.0,4.206,-4.2,0,1,2621
2026-04-04T06:10:43,-3.555122,-117.683441,23.0,13.57,78.8,9,1.9,103.0,4.206,-4.2,0,1,2622
2026-04-04T06:11:11,-3.554612,-117.681763,11.5,13.74,70.2,9,1.9,103.4,4.205,-4.2,0,1,2623
2026-04-04T06:11:39,-3.554203,-117.679985,14.1,12.93,81.0,9,1.9,103.0,4.206,-4.2,0,1,2624
2026-04-04T06:12:08,-3.553708,-117.678230,-0.6,13.64,68.7,9,1.9,103.0,4.205,-4.2,0,1,2625
2026-04-04T06:12:36,-3.553149,-117.676605,8.9,14.50,71.7,9,1.9,102.9,4.205,-4.4,0,1,2626
2026-04-04T06:13:04,-3.552610,-117.674828,21.2,13.14,73.8,9,1.9,103.2,4.206,-4.2,0,1,2627
2026-04-04T06:13:33,-3.552103,-117.673088,22.3,13.75,72.6,9,2.6,103.2,4.209,-4.2,0,1,2628
2026-04-04T06:14:01,-3.551688,-117.671310,10.3,13.79,68.0,9,1.9,103.0,4.206,-4.2,0,1,2629
2026-04-04T06:14:29,-3.551248,-117.669655,10.3,13.74,75.2,9,1.9,103.4,4.207,-4.2,0,1,2630
2026-04-04T06:14:58,-3.550763,-117.667839,8.7,13.26,75.6,9,1.9,103.2,4.206,-4.2,0,1,2631
2026-04-04T06:15:26,-3.550253,-117.666115,13.4,13.47,73.7,9,1.9,103.0,4.206,-4.2,0,1,2632
2026-04-04T06:15:54,-3.549913,-117.664383,-5.1,13.64,76.6,9,1.8,103.2,4.206,-4.2,0,1,2633
2026-04-04T06:16:23,-3.549305,-117.662621,9.3,13.24,75.1,9,1.8,103.0,4.207,-4.2,0,1,2634
2026-04-04T06:16:51,-3.548898,-117.660866,13.5,14.07,76.5,9,1.8,102.9,4.206,-4.4,0,1,2635
2026-04-04T06:17:19,-3.548310,-117.659210,12.1,13.66,71.7,9,1.8,103.0,4.206,-4.2,0,1,2636
2026-04-04T06:17:48,-3.547888,-117.657372,-0.5,14.10,74.1,9,1.8,102.7,4.205,-4.2,0,1,2637
2026-04-04T06:18:16,-3.547433,-117.655678,6.8,13.98,74.4,9,1.8,103.0,4.206,-4.2,0,1,2638
2026-04-04T06:18:44,-3.546955,-117.653954,8.1,13.84,73.2,9,1.8,103.0,4.206,-4.2,0,1,2639
2026-04-04T06:19:13,-3.546416,-117.652184,26.0,13.60,73.3,8,1.9,103.2,4.207,-4.2,0,1,2640
2026-04-04T06:19:41,-3.545940,-117.650429,17.4,14.08,71.0,9,1.8,103.2,4.206,-4.2,0,1,2641
2026-04-04T06:20:09,-3.545506,-117.648643,10.2,14.01,73.0,9,1.8,103.2,4.207,-4.2,0,1,2642
2026-04-04T06:20:38,-3.545026,-117.646896,18.0,12.47,80.1,8,2.6,102.9,4.206,-4.4,0,1,2643
2026-04-04T06:21:06,-3.544490,-117.645134,16.6,13.88,76.7,9,1.8,103.2,4.206,-4.2,0,1,2644
2026-04-04T06:21:34,-3.544113,-117.643402,15.5,13.90,75.8,8,1.9,102.9,4.206,-4.4,0,1,2645
2026-04-04T06:22:03,-3.543540,-117.641602,17.8,14.22,71.2,9,1.8,103.0,4.205,-4.2,0,1,2646
2026-04-04T06:22:31,-3.543072,-117.639832,19.7,13.43,75.6,9,1.8,103.2,4.205,-4.2,0,1,2647
2026-04-04T06:22:59,-3.542636,-117.638115,21.8,14.09,75.6,9,1.8,103.0,4.206,-4.2,0,1,2648
2026-04-04T06:23:28,-3.542181,-117.636292,18.7,13.67,74.0,8,1.8,103.4,4.207,-4.2,0,1,2649
2026-04-04T06:23:56,-3.541633,-117.634575,22.6,14.78,72.8,8,1.8,103.0,4.206,-4.2,0,1,2650
2026-04-04T06:24:24,-3.541035,-117.632858,31.3,13.88,71.6,9,1.8,102.9,4.206,-4.4,0,1,2651
2026-04-04T06:24:53,-3.540608,-117.631042,22.1,12.86,78.2,8,1.8,103.2,4.206,-4.2,0,1,2652
2026-04-04T06:25:21,-3.540202,-117.629288,17.7,13.57,74.5,9,2.6,103.0,4.206,-4.2,0,1,2653
2026-04-04T06:25:49,-3.539535,-117.627647,29.5,13.82,71.0,9,2.6,103.2,4.207,-4.2,0,1,2654
2026-04-04T06:26:18,-3.539070,-117.625893,32.9,13.33,75.1,8,1.8,103.0,4.206,-4.2,0,1,2655
2026-04-04T06:26:46,-3.538780,-117.624062,5.2,13.38,76.9,8,1.8,103.2,4.206,-4.2,0,1,2656
2026-04-04T06:27:14,-3.538116,-117.622398,33.1,13.70,71.8,8,1.8,103.2,4.207,-4.2,0,1,2657
2026-04-04T06:27:43,-3.537433,-117.620636,45.2,14.19,69.3,8,1.8,103.0,4.206,-4.2,0,1,2658
2026-04-04T06:28:11,-3.537063,-117.618843,15.4,14.44,69.8,9,2.5,102.9,4.207,-4.4,0,1,2659
2026-04-04T06:28:39,-3.536552,-117.617111,14.3,13.74,70.3,9,1.7,103.0,4.206,-4.2,0,1,2660
2026-04-04T06:29:08,-3.535938,-117.615356,33.6,13.70,77.0,8,1.8,103.2,4.206,-4.2,0,1,2661
2026-04-04T06:29:36,-3.535475,-117.613670,38.1,13.08,75.0,9,1.7,103.4,4.206,-4.2,0,1,2662
2026-04-04T06:30:04,-3.535172,-117.611877,8.4,13.87,78.1,9,1.7,103.2,4.206,-4.2,0,1,2663
2026-04-04T06:30:33,-3.534682,-117.610138,-6.0,12.50,72.8,8,1.7,103.2,4.206,-4.2,0,1,2664
2026-04-04T06:31:01,-3.534123,-117.608383,10.5,13.57,73.5,9,1.7,103.0,4.206,-4.2,0,1,2665
2026-04-04T06:31:29,-3.533628,-117.606659,16.3,13.82,74.9,9,1.7,103.2,4.207,-4.2,0,1,2666
2026-04-04T06:31:58,-3.533023,-117.604912,19.0,13.60,71.5,9,1.7,102.9,4.207,-4.4,0,1,2667
2026-04-04T06:32:26,-3.532458,-117.603149,25.3,13.52,75.1,9,1.7,102.9,4.206,-4.4,0,1,2668
2026-04-04T06:32:54,-3.531938,-117.601494,26.8,13.66,70.3,9,1.7,102.9,4.206,-4.4,0,1,2669
2026-04-04T06:33:23,-3.531548,-117.599632,15.7,14.17,79.1,9,1.7,103.2,4.207,-4.2,0,1,2670
2026-04-04T06:33:51,-3.531123,-117.597916,10.6,13.95,80.7,9,1.7,103.0,4.205,-4.2,0,1,2671
2026-04-04T06:34:19,-3.530713,-117.596237,-9.0,13.32,69.7,9,1.7,102.9,4.206,-4.4,0,1,2672
2026-04-04T06:34:48,-3.530073,-117.594460,13.0,14.48,75.5,9,1.7,103.0,4.206,-4.2,0,1,2673
2026-04-04T06:35:16,-3.529543,-117.592728,16.8,13.51,73.3,9,1.7,103.0,4.207,-4.2,0,1,2674
2026-04-04T06:35:44,-3.528956,-117.591080,20.3,13.84,65.4,9,1.7,103.0,4.206,-4.2,0,1,2675
2026-04-04T06:36:13,-3.528310,-117.589340,25.3,13.17,69.2,9,1.6,103.0,4.207,-4.2,0,1,2676
2026-04-04T06:36:41,-3.527818,-117.587593,15.9,14.80,68.2,9,1.6,103.0,4.207,-4.2,0,1,2677
2026-04-04T06:37:09,-3.527273,-117.585907,13.1,14.54,71.9,9,1.6,103.2,4.206,-4.2,0,1,2678
2026-04-04T06:37:38,-3.526730,-117.584114,11.5,13.16,74.0,8,1.6,103.0,4.207,-4.2,0,1,2679
2026-04-04T06:38:06,-3.526196,-117.582390,14.2,14.87,69.2,9,1.6,103.2,4.206,-4.2,0,1,2680
2026-04-04T06:38:34,-3.525645,-117.580711,18.3,13.81,71.3,9,2.3,103.2,4.206,-4.2,0,1,2681
2026-04-04T06:39:03,-3.525180,-117.578903,12.4,13.98,74.0,9,1.6,103.0,4.207,-4.2,0,1,2682
2026-04-04T06:39:31,-3.524580,-117.577232,16.4,13.81,66.8,9,1.6,103.0,4.206,-4.2,0,1,2683
2026-04-04T06:39:59,-3.524098,-117.575500,13.7,13.01,71.0,9,1.6,103.2,4.207,-4.2,0,1,2684
2026-04-04T06:40:28,-3.523608,-117.573723,12.5,11.83,75.3,9,1.6,103.2,4.206,-4.2,0,1,2685
2026-04-04T06:40:56,-3.523170,-117.571968,15.7,13.57,74.0,9,1.6,103.2,4.205,-4.2,0,1,2686
2026-04-04T06:41:24,-3.522613,-117.570236,16.1,14.16,67.7,9,1.6,103.0,4.206,-4.2,0,1,2687
2026-04-04T06:41:53,-3.522066,-117.568474,19.5,13.64,71.7,8,3.1,103.0,4.207,-4.2,0,1,2688
2026-04-04T06:42:21,-3.521493,-117.566757,21.7,15.32,70.1,7,3.1,103.2,4.205,-4.2,0,1,2689
2026-04-04T06:42:49,-3.521083,-117.565002,23.0,13.93,73.7,8,3.0,103.0,4.206,-4.2,0,1,2690
2026-04-04T06:43:18,-3.520702,-117.563202,8.5,13.12,74.8,9,1.6,103.2,4.207,-4.2,0,1,2691
2026-04-04T06:43:46,-3.520168,-117.561447,4.1,14.11,77.2,9,1.6,103.0,4.207,-4.2,0,1,2692
2026-04-04T06:44:14,-3.519588,-117.559784,15.1,13.78,74.4,8,3.0,103.2,4.205,-4.2,0,1,2693
2026-04-04T06:44:43,-3.518990,-117.557991,28.5,13.85,70.1,9,2.1,103.4,4.206,-4.2,0,1,2694
2026-04-04T06:45:11,-3.518602,-117.556221,16.4,12.45,76.3,7,1.6,103.2,4.207,-4.2,0,1,2695
2026-04-04T06:45:39,-3.518068,-117.554443,13.8,13.34,71.5,6,3.2,102.9,4.207,-4.4,0,1,2696
2026-04-04T06:46:08,-3.517570,-117.552681,10.6,13.66,77.3,7,1.6,103.0,4.206,-4.2,0,1,2697
2026-04-04T06:46:36,-3.517051,-117.550964,7.4,13.45,75.6,6,3.2,103.2,4.209,-4.2,0,1,2698
2026-04-04T06:47:04,-3.516567,-117.549210,8.5,13.89,70.6,7,1.6,103.0,4.205,-4.2,0,1,2699
2026-04-04T06:47:33,-3.515997,-117.547432,13.2,14.08,71.3,7,1.6,103.2,4.207,-4.2,0,1,2700
2026-04-04T06:48:01,-3.515525,-117.545677,9.3,13.73,73.8,6,3.1,103.0,4.207,-4.2,0,1,2701
2026-04-04T06:48:29,-3.515042,-117.543900,6.2,13.89,77.9,7,1.6,103.2,4.207,-4.2,0,1,2702
2026-04-04T06:48:58,-3.514480,-117.542107,6.0,13.33,77.4,7,1.6,103.0,4.206,2743.3,0,1,2703
2026-04-04T06:49:26,-3.514067,-117.540329,11.2,13.93,79.5,7,1.6,103.2,4.206,-4.2,0,1,2704
2026-04-04T06:49:54,-3.513538,-117.538612,12.1,14.31,73.6,6,3.0,103.2,4.205,-4.2,0,1,2705
2026-04-04T06:50:23,-3.513087,-117.536766,8.3,13.85,72.3,7,1.6,102.9,4.206,-4.4,0,1,2706
2026-04-04T06:50:51,-3.512573,-117.535049,5.8,14.38,72.2,7,1.6,103.4,4.207,-4.2,0,1,2707
2026-04-04T06:51:19,-3.511990,-117.533424,14.5,13.87,72.3,7,1.6,103.0,4.206,-4.2,0,1,2708
2026-04-04T06:51:48,-3.511325,-117.531662,21.4,15.09,70.8,7,1.6,103.2,4.206,-4.2,0,1,2709
2026-04-04T06:52:16,-3.510843,-117.529854,22.8,14.02,71.7,8,1.5,102.9,4.206,-4.4,0,1,2710
2026-04-04T06:52:44,-3.510302,-117.528137,29.4,14.34,71.1,7,1.5,103.0,4.206,-4.2,0,1,2711
2026-04-04T06:53:13,-3.509948,-117.526283,32.0,13.56,71.0,7,1.5,103.0,4.207,-4.2,0,1,2712
2026-04-04T06:53:41,-3.509427,-117.524521,32.2,13.84,78.1,7,1.5,103.0,4.206,-4.2,0,1,2713
2026-04-04T06:54:09,-3.508888,-117.522804,33.1,13.95,75.8,7,1.5,103.4,4.206,-4.2,0,1,2714
2026-04-04T06:54:38,-3.508242,-117.521027,36.7,13.87,71.3,7,1.5,103.0,4.207,-4.2,0,1,2715
2026-04-04T06:55:06,-3.507780,-117.519310,37.0,14.39,74.6,7,1.5,103.0,4.206,-4.2,0,1,2716
2026-04-04T06:55:34,-3.507217,-117.517578,40.1,13.88,71.9,7,1.5,102.9,4.207,-4.4,0,1,2717
2026-04-04T06:56:03,-3.506633,-117.515831,45.3,14.14,76.1,7,1.5,103.0,4.206,-4.2,0,1,2718
2026-04-04T06:56:31,-3.506120,-117.514076,49.2,13.86,73.8,6,1.7,103.0,4.206,-4.2,0,1,2719
2026-04-04T06:56:59,-3.505570,-117.512398,52.4,14.06,75.5,7,1.5,103.0,4.205,-4.2,0,1,2720
2026-04-04T06:57:28,-3.505053,-117.510582,57.5,13.99,76.4,7,1.5,103.0,4.206,-4.2,0,1,2721
2026-04-04T06:57:56,-3.504623,-117.508797,53.2,13.83,77.5,6,1.7,103.0,4.207,-4.2,0,1,2722
2026-04-04T06:58:24,-3.504177,-117.507050,42.6,13.80,78.4,7,1.5,103.0,4.206,-4.2,0,1,2723
2026-04-04T06:58:53,-3.503708,-117.505241,48.0,14.26,75.4,7,1.5,103.0,4.206,-4.2,0,1,2724
2026-04-04T06:59:21,-3.503222,-117.503502,51.4,14.40,76.7,8,1.4,103.0,4.206,-4.2,0,1,2725
2026-04-04T06:59:49,-3.502655,-117.501732,52.9,13.73,76.1,8,1.4,103.2,4.207,-4.2,0,1,2726
2026-04-04T07:00:18,-3.502143,-117.499916,56.5,16.12,86.7,8,1.4,103.0,4.206,-4.2,0,1,2727
2026-04-04T07:00:46,-3.501633,-117.498177,54.9,13.93,75.3,8,1.4,103.2,4.206,-4.2,0,1,2728
2026-04-04T07:01:14,-3.501085,-117.496437,57.2,13.47,67.7,8,1.4,103.2,4.207,-4.2,0,1,2729
2026-04-04T07:01:43,-3.500525,-117.494659,60.8,14.12,71.5,8,1.4,103.4,4.206,-4.2,0,1,2730
2026-04-04T07:02:11,-3.499992,-117.492943,63.1,13.99,77.8,8,1.4,103.0,4.207,-4.2,0,1,2731
2026-04-04T07:02:39,-3.499456,-117.491188,67.0,13.86,73.4,8,1.4,102.9,4.206,-4.4,0,1,2732
2026-04-04T07:03:08,-3.499042,-117.489342,64.8,14.12,75.7,7,1.6,103.0,4.205,-4.2,0,1,2733
2026-04-04T07:03:36,-3.498588,-117.487503,58.0,13.72,73.1,8,1.4,103.0,4.206,-4.2,0,1,2734
2026-04-04T07:04:04,-3.498203,-117.485733,41.7,14.21,74.5,8,1.4,103.0,4.207,-4.2,0,1,2735
2026-04-04T07:04:33,-3.497660,-117.483971,41.8,13.86,75.6,8,1.4,103.0,4.206,-4.2,0,1,2736
2026-04-04T07:05:01,-3.497108,-117.482239,46.0,14.48,73.0,8,1.3,103.0,4.206,-4.2,0,1,2737
2026-04-04T07:05:29,-3.496613,-117.480484,44.2,13.84,72.1,7,2.0,103.2,4.207,-4.2,0,1,2738
2026-04-04T07:05:58,-3.496116,-117.478691,40.4,13.74,73.8,8,1.3,102.9,4.206,-4.4,0,1,2739
2026-04-04T07:06:26,-3.495635,-117.476982,42.3,14.28,77.5,8,1.3,102.9,4.206,-4.4,0,1,2740
2026-04-04T07:06:54,-3.495142,-117.475197,38.2,14.20,72.3,8,1.3,103.0,4.206,-4.2,0,1,2741
2026-04-04T07:07:23,-3.494596,-117.473396,34.4,14.76,68.9,7,1.9,103.0,4.207,-4.2,0,1,2742
2026-04-04T07:07:51,-3.494133,-117.471626,31.6,14.18,72.5,8,1.3,103.0,4.206,-4.2,0,1,2743
2026-04-04T07:08:19,-3.493612,-117.469940,32.5,13.53,73.4,8,1.3,103.2,4.205,-4.2,0,1,2744
2026-04-04T07:08:48,-3.493188,-117.468086,28.7,14.55,73.1,8,1.3,103.0,4.207,-4.2,0,1,2745
2026-04-04T07:09:16,-3.492773,-117.466293,25.1,13.82,72.2,8,1.3,103.0,4.206,-4.2,0,1,2746
2026-04-04T07:09:44,-3.492238,-117.464592,23.9,14.04,76.5,8,1.3,103.0,4.206,-4.2,0,1,2747
2026-04-04T07:10:13,-3.491713,-117.462769,20.9,14.01,73.9,7,1.9,102.9,4.207,-4.4,0,1,2748
2026-04-04T07:10:41,-3.491179,-117.461014,19.1,14.60,69.2,8,1.3,103.0,4.206,-4.2,0,1,2749
2026-04-04T07:11:09,-3.490712,-117.459236,19.9,14.64,71.2,8,1.3,103.0,4.206,-4.2,0,1,2750
2026-04-04T07:11:38,-3.490185,-117.457436,24.2,13.72,70.0,8,1.3,103.2,4.205,-4.2,0,1,2751
2026-04-04T07:12:06,-3.489645,-117.455681,31.1,14.12,73.8,8,1.3,103.2,4.205,-4.2,0,1,2752
2026-04-04T07:12:34,-3.489090,-117.453926,34.8,15.10,70.3,8,1.3,103.2,4.206,-4.2,0,1,2753
2026-04-04T07:13:03,-3.488603,-117.452072,48.4,14.27,72.6,8,1.3,103.2,4.209,-4.2,0,1,2754
2026-04-04T07:13:31,-3.488012,-117.450371,49.0,14.64,70.3,8,1.3,102.9,4.205,-4.4,0,1,2755
2026-04-04T07:13:59,-3.487490,-117.448624,49.4,14.05,75.7,7,1.8,102.9,4.207,-4.4,0,1,2756
2026-04-04T07:14:28,-3.486876,-117.446861,51.1,13.58,70.3,7,1.8,103.2,4.206,-4.2,0,1,2757
2026-04-04T07:14:56,-3.486365,-117.445107,51.8,14.68,73.7,7,1.8,103.0,4.207,-4.2,0,1,2758
2026-04-04T07:15:24,-3.485826,-117.443314,53.6,14.03,73.0,7,1.8,102.9,4.207,-4.4,0,1,2759
2026-04-04T07:15:53,-3.485310,-117.441460,53.3,13.72,73.1,7,1.8,103.2,4.206,-4.2,0,1,2760
2026-04-04T07:16:21,-3.484733,-117.439758,43.3,14.33,71.1,7,1.7,103.0,4.207,-4.2,0,1,2761
2026-04-04T07:16:49,-3.484286,-117.438095,35.4,14.40,71.2,7,1.7,102.9,4.206,-4.4,0,1,2762
2026-04-04T07:17:18,-3.483799,-117.436325,32.4,13.11,71.1,7,1.7,103.4,4.205,-4.2,0,1,2763
2026-04-04T07:17:46,-3.483216,-117.434639,25.2,14.00,68.6,7,1.7,103.2,4.206,-4.2,0,1,2764
2026-04-04T07:18:14,-3.482768,-117.432899,27.2,13.85,73.3,7,1.7,103.4,4.206,-4.2,0,1,2765
2026-04-04T07:18:43,-3.482256,-117.431076,22.7,14.13,76.7,7,1.7,103.0,4.209,-4.2,0,1,2766
2026-04-04T07:19:11,-3.481783,-117.429314,19.3,14.33,72.2,7,1.7,103.0,4.206,2743.3,0,1,2767
2026-04-04T07:19:39,-3.481316,-117.427544,21.0,14.36,75.8,6,2.0,103.2,4.209,-4.2,0,1,2768
2026-04-04T07:20:08,-3.480839,-117.425674,17.9,14.81,72.7,7,1.7,103.0,4.206,-4.2,0,1,2769
2026-04-04T07:20:36,-3.480300,-117.423897,23.4,14.31,71.9,7,1.7,103.0,4.205,-4.2,0,1,2770
2026-04-04T07:21:04,-3.479756,-117.422134,27.6,13.89,72.9,7,1.7,103.0,4.207,-4.2,0,1,2771
2026-04-04T07:21:33,-3.479208,-117.420227,32.8,14.31,71.6,7,1.6,103.0,4.206,-4.2,0,1,2772
2026-04-04T07:22:01,-3.478711,-117.418472,38.0,14.13,73.0,7,1.6,102.9,4.207,-4.4,0,1,2773
2026-04-04T07:22:29,-3.478171,-117.416718,35.6,14.28,70.6,7,1.6,103.2,4.206,-4.2,0,1,2774
2026-04-04T07:22:58,-3.477702,-117.414833,43.6,14.40,73.6,7,1.6,102.9,4.207,-4.4,0,1,2775
2026-04-04T07:23:26,-3.477138,-117.413040,40.9,14.91,73.0,7,1.6,102.9,4.205,-4.4,0,1,2776
2026-04-04T07:23:54,-3.476616,-117.411240,48.0,12.89,70.7,7,1.6,103.0,4.205,-4.2,0,1,2777
2026-04-04T07:24:23,-3.476106,-117.409317,56.8,13.81,74.6,8,1.2,103.2,4.207,-4.2,0,1,2778
2026-04-04T07:24:51,-3.475708,-117.407593,51.4,14.43,79.5,7,1.6,103.0,4.205,-4.2,0,1,2779
2026-04-04T07:25:19,-3.475218,-117.405823,47.7,13.04,74.1,7,1.6,103.0,4.206,-4.2,0,1,2780
2026-04-04T07:25:48,-3.474786,-117.403984,39.3,13.74,80.3,7,1.6,103.0,4.206,-4.2,0,1,2781
2026-04-04T07:26:16,-3.474283,-117.402122,41.8,14.35,75.5,8,1.5,102.9,4.206,-4.4,0,1,2782
2026-04-04T07:26:44,-3.473727,-117.400307,38.7,13.21,73.3,8,1.5,103.2,4.206,-4.2,0,1,2783
2026-04-04T07:27:13,-3.473162,-117.398476,42.4,15.24,74.8,8,1.5,102.9,4.206,-4.4,0,1,2784
2026-04-04T07:27:41,-3.472696,-117.396675,42.9,14.40,74.0,9,1.1,103.0,4.206,-4.2,0,1,2785
2026-04-04T07:28:09,-3.472238,-117.394905,42.6,13.55,75.1,8,1.5,103.2,4.206,-4.2,0,1,2786
2026-04-04T07:28:38,-3.471743,-117.393074,34.7,13.94,73.7,8,1.5,103.0,4.205,-4.2,0,1,2787
2026-04-04T07:29:06,-3.471193,-117.391281,32.8,15.03,69.9,8,1.5,103.0,4.207,-4.2,0,1,2788
2026-04-04T07:29:34,-3.470642,-117.389519,40.2,14.61,72.1,9,1.1,102.9,4.205,-4.4,0,1,2789
2026-04-04T07:30:03,-3.470116,-117.387703,37.5,14.07,68.7,8,1.5,103.0,4.206,-4.2,0,1,2790
2026-04-04T07:30:31,-3.469575,-117.385933,37.1,14.30,73.1,8,1.5,103.0,4.206,-4.2,0,1,2791
2026-04-04T07:30:59,-3.469085,-117.384155,37.5,14.49,71.3,8,1.5,103.0,4.206,-4.2,0,1,2792
2026-04-04T07:31:28,-3.468606,-117.382324,35.0,14.01,74.8,8,1.5,103.2,4.207,-4.2,0,1,2793
2026-04-04T07:31:56,-3.468078,-117.380646,35.0,14.56,72.8,8,1.5,102.9,4.207,-4.4,0,1,2794
2026-04-04T07:32:24,-3.467625,-117.378845,38.1,14.01,77.3,8,1.5,103.0,4.206,-4.2,0,1,2795
2026-04-04T07:32:53,-3.467245,-117.376945,32.5,14.13,71.3,8,1.5,103.2,4.206,-4.2,0,1,2796
2026-04-04T07:33:21,-3.466711,-117.375191,29.5,14.13,71.6,9,1.4,103.0,4.207,-4.2,0,1,2797
2026-04-04T07:33:49,-3.466290,-117.373413,16.2,14.21,70.1,9,1.4,102.9,4.207,-4.4,0,1,2798
2026-04-04T07:34:18,-3.465725,-117.371613,11.9,14.72,73.8,9,1.3,102.9,4.206,-4.4,0,1,2799
2026-04-04T07:34:46,-3.465150,-117.369881,18.1,14.52,69.3,9,1.3,103.4,4.209,-4.2,0,1,2800
2026-04-04T07:35:14,-3.464658,-117.368126,17.3,14.02,70.7,9,1.3,103.0,4.206,-4.2,0,1,2801
2026-04-04T07:35:43,-3.464125,-117.366310,16.8,13.96,71.2,9,1.3,103.2,4.205,-4.2,0,1,2802
2026-04-04T07:36:11,-3.463678,-117.364494,20.1,14.80,75.4,9,1.3,103.4,4.206,-4.2,0,1,2803
2026-04-04T07:36:39,-3.463235,-117.362755,3.8,14.29,75.0,9,1.3,103.0,4.207,-4.2,0,1,2804
2026-04-04T07:37:08,-3.462718,-117.360962,2.8,14.11,71.1,9,1.1,103.0,4.205,-4.2,0,1,2805
2026-04-04T07:37:36,-3.462152,-117.359169,7.5,15.15,76.4,9,1.3,103.0,4.206,2743.3,0,1,2806
2026-04-04T07:38:04,-3.461645,-117.357430,0.3,14.41,70.2,10,1.0,102.9,4.206,-4.4,0,1,2807
2026-04-04T07:38:33,-3.461147,-117.355568,3.6,14.39,75.2,9,1.3,103.0,4.205,-4.2,0,1,2808
2026-04-04T07:39:01,-3.460617,-117.353821,3.0,13.98,73.8,9,1.3,103.0,4.207,-4.2,0,1,2809
2026-04-04T07:39:29,-3.460132,-117.352051,-8.8,14.49,74.3,10,1.0,103.4,4.206,-4.2,0,1,2810
2026-04-04T07:39:58,-3.459607,-117.350296,-5.1,14.27,74.0,9,1.3,103.2,4.207,-4.2,0,1,2811
2026-04-04T07:40:26,-3.459022,-117.348541,7.2,13.86,74.0,10,1.0,103.2,4.206,-4.2,0,1,2812
2026-04-04T07:40:54,-3.458457,-117.346764,13.5,13.61,71.0,9,1.3,103.0,4.207,-4.2,0,1,2813
2026-04-04T07:41:23,-3.457835,-117.344963,16.4,13.93,68.6,9,1.3,103.0,4.207,-4.2,0,1,2814
2026-04-04T07:41:51,-3.457262,-117.343193,17.7,13.87,72.2,9,1.3,102.9,4.207,-4.4,0,1,2815
2026-04-04T07:42:19,-3.456678,-117.341492,4.8,14.29,70.5,9,1.3,103.2,4.206,-4.2,0,1,2816
2026-04-04T07:42:48,-3.456193,-117.339645,0.0,14.14,73.9,9,1.3,103.0,4.206,-4.2,0,1,2817
2026-04-04T07:43:16,-3.455765,-117.337852,10.0,14.53,76.1,9,1.3,103.0,4.207,-4.2,0,1,2818
2026-04-04T07:43:44,-3.455157,-117.336075,16.4,13.83,74.7,9,1.3,103.4,4.207,-4.2,0,1,2819
2026-04-04T07:44:13,-3.454543,-117.334297,20.6,14.18,72.4,9,1.3,103.2,4.206,-4.2,0,1,2820
2026-04-04T07:44:41,-3.453963,-117.332542,29.7,14.07,70.0,9,1.3,103.0,4.206,-4.2,0,1,2821
2026-04-04T07:45:09,-3.453407,-117.330788,19.6,14.24,72.9,8,1.3,103.0,4.206,-4.2,0,1,2822
2026-04-04T07:45:38,-3.452845,-117.328972,21.6,14.28,73.0,8,1.3,103.2,4.207,-4.2,0,1,2823
2026-04-04T07:46:06,-3.452277,-117.327217,27.3,14.27,73.1,8,1.3,103.2,4.207,-4.2,0,1,2824
2026-04-04T07:46:34,-3.451745,-117.325478,30.0,14.29,72.6,8,1.3,103.0,4.206,-4.2,0,1,2825
2026-04-04T07:47:03,-3.451197,-117.323685,33.2,13.66,73.8,7,1.6,103.2,4.205,-4.2,0,1,2826
2026-04-04T07:47:31,-3.450632,-117.321922,35.7,14.17,72.7,7,1.6,102.9,4.207,-4.4,0,1,2827
2026-04-04T07:47:59,-3.450125,-117.320091,26.4,13.95,75.3,8,1.3,101.5,4.195,-4.2,0,1,2828
2026-04-04T07:48:28,-3.449568,-117.318314,17.9,13.92,72.3,8,1.3,101.6,4.194,-4.4,0,1,2829
2026-04-04T07:48:56,-3.449013,-117.316544,17.3,12.97,66.4,8,1.3,101.3,4.189,-4.2,0,1,2830
2026-04-04T07:49:24,-3.448519,-117.314781,13.9,14.01,69.8,7,1.6,101.3,4.194,-4.2,0,1,2831
2026-04-04T07:49:53,-3.447938,-117.312935,13.3,14.27,70.6,8,1.3,101.5,4.187,-4.2,0,1,2832
2026-04-04T07:50:21,-3.447440,-117.311157,9.0,14.37,75.6,8,1.3,101.1,4.194,-4.2,0,1,2833
2026-04-04T07:50:49,-3.446853,-117.309387,13.8,14.17,71.8,8,1.3,101.1,4.187,-4.2,0,1,2834
2026-04-04T07:51:18,-3.446256,-117.307533,26.6,14.56,73.3,8,1.3,101.3,4.193,-4.2,0,1,2835
2026-04-04T07:51:46,-3.445698,-117.305725,29.4,15.22,74.8,8,1.3,101.0,4.186,-4.4,0,1,2836
2026-04-04T07:52:14,-3.445128,-117.303963,22.5,14.37,70.7,8,1.2,101.0,4.193,-4.4,0,1,2837
2026-04-04T07:52:43,-3.444561,-117.302071,16.0,14.53,75.5,8,1.5,101.5,4.193,-4.2,0,1,2838
2026-04-04T07:53:11,-3.443996,-117.300278,13.3,14.75,71.4,9,1.2,101.1,4.186,-4.2,0,1,2839
2026-04-04T07:53:39,-3.443410,-117.298508,11.8,13.75,73.4,9,1.2,101.0,4.191,-4.4,0,1,2840
2026-04-04T07:54:08,-3.442868,-117.296677,11.6,13.82,68.1,9,1.2,101.1,4.190,-4.2,0,1,2841
2026-04-04T07:54:36,-3.442308,-117.294914,9.6,14.62,70.4,9,1.2,100.7,4.185,-4.2,0,1,2842
2026-04-04T07:55:04,-3.441780,-117.293137,17.2,13.99,69.3,9,1.2,101.0,4.190,-4.4,0,1,2843
2026-04-04T07:55:33,-3.441183,-117.291344,18.9,13.94,72.5,8,1.6,101.0,4.186,-4.4,0,1,2844
2026-04-04T07:56:01,-3.440646,-117.289558,14.8,13.66,70.9,9,1.2,100.7,4.189,2680.1,0,1,2845
2026-04-04T07:56:29,-3.440223,-117.287758,8.2,13.82,73.8,8,1.6,101.0,4.189,-4.4,0,1,2846
2026-04-04T07:56:58,-3.439648,-117.285904,8.9,14.22,68.2,8,1.6,100.8,4.189,-4.2,0,1,2847
2026-04-04T07:57:26,-3.439126,-117.284096,3.6,13.46,68.6,8,1.6,100.8,4.190,-4.2,0,1,2848
2026-04-04T07:57:54,-3.438532,-117.282372,2.8,12.63,70.4,8,1.2,100.7,4.187,-4.2,0,1,2849
2026-04-04T07:58:23,-3.437965,-117.280525,13.7,13.71,73.3,7,1.6,100.8,4.189,-4.2,0,1,2850
2026-04-04T07:58:51,-3.437396,-117.278748,20.3,14.43,67.9,7,1.6,100.3,4.186,-4.4,0,1,2851
2026-04-04T07:59:19,-3.436865,-117.276978,15.4,14.16,71.4,7,1.6,100.8,4.187,-4.2,0,1,2852
2026-04-04T07:59:48,-3.436268,-117.275108,8.8,15.15,68.2,7,1.6,100.8,4.187,-4.2,0,1,2853
2026-04-04T08:00:16,-3.435828,-117.273331,6.6,13.90,76.2,6,1.7,100.5,4.187,-4.2,0,1,2854
2026-04-04T08:00:44,-3.435362,-117.271538,16.2,13.66,74.1,7,1.6,100.5,4.184,-4.2,0,1,2855
2026-04-04T08:01:13,-3.434712,-117.269646,25.3,14.02,70.3,7,1.7,100.5,4.186,-4.2,0,1,2856
2026-04-04T08:01:41,-3.434145,-117.267876,23.9,14.50,71.2,8,1.5,100.3,4.180,-4.4,0,1,2857
2026-04-04T08:02:09,-3.433536,-117.266151,21.8,14.21,72.7,8,1.5,100.0,4.185,-4.2,0,1,2858
2026-04-04T08:02:38,-3.432925,-117.264320,29.1,14.04,70.6,7,1.7,100.3,4.184,-4.4,0,1,2859
2026-04-04T08:03:06,-3.432376,-117.262543,26.6,15.34,76.3,8,1.6,100.0,4.179,-4.2,0,1,2860
2026-04-04T08:03:34,-3.431875,-117.260765,21.2,14.23,74.3,7,1.7,100.2,4.184,-4.2,0,1,2861
2026-04-04T08:04:03,-3.431396,-117.258904,25.1,12.19,73.2,7,1.7,100.7,4.186,-4.2,0,1,2862
2026-04-04T08:04:31,-3.430768,-117.257149,35.5,14.36,73.2,8,1.6,100.0,4.184,-4.2,0,1,2863
2026-04-04T08:04:59,-3.430230,-117.255363,26.6,13.85,72.4,8,1.6,100.2,4.182,-4.2,0,1,2864
2026-04-04T08:05:28,-3.429675,-117.253517,23.9,13.56,72.4,7,1.7,100.0,4.185,-4.2,0,1,2865
2026-04-04T08:05:56,-3.429170,-117.251724,18.7,13.03,72.4,7,1.7,99.9,4.182,-4.2,0,1,2866
2026-04-04T08:06:24,-3.428616,-117.249908,23.0,13.91,74.7,7,1.8,100.0,4.184,-4.2,0,1,2867
2026-04-04T08:06:53,-3.428042,-117.248001,24.3,14.83,75.9,6,2.3,100.3,4.185,-4.4,0,1,2868
2026-04-04T08:07:21,-3.427523,-117.246185,21.8,15.11,78.9,7,1.7,99.9,4.175,-4.2,0,1,2869
2026-04-04T08:07:49,-3.427018,-117.244392,14.1,14.34,76.3,6,2.3,99.9,4.184,-4.2,0,1,2870
2026-04-04T08:08:18,-3.426442,-117.242577,7.4,14.04,73.3,6,2.3,99.9,4.184,-4.2,0,1,2871
2026-04-04T08:08:46,-3.425943,-117.240768,6.9,13.78,67.1,8,1.7,99.7,4.181,-4.4,0,1,2872
2026-04-04T08:09:14,-3.425375,-117.238998,3.9,14.00,75.9,8,1.3,99.6,4.180,-4.2,0,1,2873
2026-04-04T08:09:43,-3.424750,-117.237175,12.1,14.86,71.9,8,1.6,99.7,4.181,-4.4,0,1,2874
2026-04-04T08:10:11,-3.424205,-117.235382,10.2,14.11,74.7,7,1.8,99.9,4.176,-4.2,0,1,2875
2026-04-04T08:10:39,-3.423635,-117.233612,4.4,15.08,72.0,6,2.4,99.6,4.181,-4.2,0,1,2876
2026-04-04T08:11:08,-3.423148,-117.231850,0.0,13.43,75.3,7,1.8,99.9,4.181,-4.2,0,1,2877
2026-04-04T08:11:36,-3.422583,-117.230080,-4.4,14.16,71.4,7,1.8,99.9,4.180,-4.2,0,1,2878
2026-04-04T08:12:04,-3.422085,-117.228271,-3.9,13.06,76.3,7,1.8,100.0,4.180,-4.2,0,1,2879
2026-04-04T08:12:33,-3.421708,-117.226448,-16.4,14.21,81.0,7,1.8,99.7,4.180,-4.4,0,1,2880
2026-04-04T08:13:01,-3.421198,-117.224739,-20.9,14.21,77.4,7,1.8,99.4,4.179,2646.4,0,1,2881
2026-04-04T08:13:29,-3.420591,-117.222870,-23.4,14.30,75.3,6,2.5,99.4,4.180,-4.2,0,1,2882
2026-04-04T08:13:58,-3.419865,-117.221031,-14.5,14.25,72.6,6,2.5,99.6,4.179,-4.2,0,1,2883
2026-04-04T08:14:26,-3.419202,-117.219177,-2.5,15.53,75.9,6,2.5,99.4,4.179,-4.2,0,1,2884
2026-04-04T08:14:54,-3.418578,-117.217422,0.9,14.74,71.0,6,2.5,99.4,4.179,-4.2,0,1,2885
2026-04-04T08:15:23,-3.417885,-117.215538,4.2,14.94,70.2,6,2.5,99.6,4.177,-4.2,0,1,2886
2026-04-04T08:15:51,-3.417462,-117.213760,0.9,13.66,70.9,6,2.6,99.1,4.177,-4.4,0,1,2887
2026-04-04T08:16:19,-3.416998,-117.212021,-13.3,13.45,74.8,6,2.6,99.2,4.177,-4.2,0,1,2888
2026-04-04T08:16:48,-3.416432,-117.210190,-15.3,13.89,73.8,7,1.9,99.4,4.174,-4.2,0,1,2889
2026-04-04T08:17:16,-3.415837,-117.208374,-1.1,15.21,76.3,7,2.0,99.2,4.177,-4.2,0,1,2890
2026-04-04T08:17:44,-3.415335,-117.206528,-1.3,14.19,72.7,6,2.6,99.2,4.177,-4.2,0,1,2891
2026-04-04T08:18:13,-3.414842,-117.204597,-8.1,13.91,70.8,7,1.9,99.6,4.174,-4.2,0,1,2892
2026-04-04T08:18:41,-3.414280,-117.202881,-7.3,14.03,71.7,7,1.9,99.4,4.166,-4.2,0,1,2893
2026-04-04T08:19:09,-3.413690,-117.201103,-2.5,14.55,73.1,6,2.7,98.9,4.175,-4.2,0,1,2894
2026-04-04T08:19:38,-3.413192,-117.199234,-3.3,14.02,75.5,6,2.7,99.4,4.174,-4.2,0,1,2895
2026-04-04T08:20:06,-3.412717,-117.197456,-11.0,14.76,72.5,6,2.7,98.9,4.175,-4.2,0,1,2896
2026-04-04T08:20:34,-3.412093,-117.195633,-3.4,14.53,69.6,7,2.0,98.9,4.176,-4.2,0,1,2897
2026-04-04T08:21:03,-3.411462,-117.193756,-0.8,14.70,68.8,6,2.7,99.2,4.173,-4.2,0,1,2898
2026-04-04T08:21:31,-3.411013,-117.191971,-7.5,14.05,75.0,7,1.9,98.9,4.170,-4.2,0,1,2899
2026-04-04T08:21:59,-3.410503,-117.190186,-12.8,14.52,75.5,7,1.9,98.9,4.176,-4.2,0,1,2900
2026-04-04T08:22:28,-3.409893,-117.188316,-6.2,13.96,70.4,6,2.8,99.1,4.170,-4.4,0,1,2901
2026-04-04T08:22:56,-3.409338,-117.186508,-3.0,13.64,71.4,6,2.8,98.6,4.175,-4.2,0,1,2902
2026-04-04T08:23:24,-3.408858,-117.184746,-10.5,13.76,72.9,6,2.8,99.1,4.175,-4.4,0,1,2903
2026-04-04T08:23:53,-3.408323,-117.182877,-14.2,13.79,74.8,7,1.9,98.9,4.171,-4.2,0,1,2904
2026-04-04T08:24:21,-3.407730,-117.181053,-11.5,13.55,80.4,6,2.8,98.6,4.174,-4.2,0,1,2905
2026-04-04T08:24:49,-3.407318,-117.179276,-20.3,14.84,80.9,6,2.8,98.8,4.175,-4.2,0,1,2906
2026-04-04T08:25:18,-3.406815,-117.177422,-27.9,12.91,78.0,6,2.8,98.6,4.171,-4.2,0,1,2907
2026-04-04T08:25:46,-3.406270,-117.175491,-14.2,13.65,75.1,6,2.8,98.8,4.174,-4.2,0,1,2908
2026-04-04T08:26:14,-3.405700,-117.173721,-10.9,13.48,74.6,6,2.9,98.8,4.174,-4.2,0,1,2909
2026-04-04T08:26:43,-3.405065,-117.171852,-14.3,13.38,75.1,6,2.9,99.1,4.168,-4.4,0,1,2910
2026-04-04T08:27:11,-3.404572,-117.170135,-20.1,12.69,75.3,6,7.3,98.8,4.173,-4.2,0,1,2911
2026-04-04T08:27:39,-3.404133,-117.168343,-25.2,13.46,77.9,6,2.9,98.4,4.173,-4.4,0,1,2912
2026-04-04T08:28:08,-3.403472,-117.166283,-5.3,13.53,73.0,6,2.9,98.6,4.170,-4.2,0,1,2913
2026-04-04T08:28:36,-3.402840,-117.164505,-4.8,13.05,71.1,6,7.4,98.4,4.173,-4.4,0,1,2914
2026-04-04T08:29:04,-3.402383,-117.162727,-4.8,14.16,75.0,6,2.9,98.8,4.170,-4.2,0,1,2915
2026-04-04T08:29:33,-3.401845,-117.160881,-8.9,14.84,78.1,6,2.9,98.6,4.173,-4.2,0,1,2916
2026-04-04T08:30:01,-3.401407,-117.159210,-23.4,12.55,77.7,6,2.9,98.4,4.166,-4.4,0,1,2917
2026-04-04T08:30:29,-3.401028,-117.157463,-37.8,13.65,77.4,6,7.5,98.4,4.170,-4.4,0,1,2918
2026-04-04T08:30:58,-3.400620,-117.155663,-47.6,13.59,80.7,6,3.0,98.9,4.171,-4.2,0,1,2919
2026-04-04T08:31:26,-3.400145,-117.153946,-59.1,13.20,80.1,6,3.0,98.3,4.166,-4.2,0,1,2920
2026-04-04T08:31:54,-3.399637,-117.152191,-67.9,13.49,75.8,6,3.0,98.4,4.171,-4.4,0,1,2921
2026-04-04T08:32:23,-3.399143,-117.150429,-74.6,13.08,77.7,6,3.0,98.8,4.170,-4.2,0,1,2922
2026-04-04T08:32:51,-3.398705,-117.148697,-88.0,12.95,79.3,6,3.0,98.3,4.170,-4.2,0,1,2923
2026-04-04T08:33:19,-3.398299,-117.146919,-97.7,13.35,79.0,6,3.0,98.4,4.169,-4.4,0,1,2924
2026-04-04T08:33:48,-3.397755,-117.145111,-104.0,14.26,82.7,6,3.0,98.4,4.170,-4.4,0,1,2925
2026-04-04T08:34:16,-3.397233,-117.143402,-107.3,12.85,80.0,6,3.0,98.1,4.165,-4.2,0,1,2926
2026-04-04T08:34:44,-3.396732,-117.141693,-110.2,12.67,74.5,6,3.0,98.0,4.169,-4.2,0,1,2927
2026-04-04T08:35:13,-3.396305,-117.139946,-125.7,13.20,82.2,6,3.0,98.6,4.170,-4.2,0,1,2928
2026-04-04T08:35:41,-3.395875,-117.138199,-140.9,13.37,75.4,6,7.2,98.4,4.168,-4.4,0,1,2929
2026-04-04T08:36:09,-3.395446,-117.136497,-156.2,11.66,77.8,6,3.0,98.1,4.169,-4.2,0,1,2930
2026-04-04T08:36:38,-3.395032,-117.134743,-173.3,12.00,74.7,6,3.0,98.1,4.169,-4.2,0,1,2931
2026-04-04T08:37:06,-3.394655,-117.132965,-190.3,13.25,81.3,6,3.0,98.1,4.169,-4.2,0,1,2932
2026-04-04T08:37:34,-3.394186,-117.131172,-196.9,12.35,75.3,6,3.0,97.8,4.168,-4.4,0,1,2933
2026-04-04T08:38:03,-3.393678,-117.129356,-200.7,13.09,77.3,6,3.0,98.0,4.168,-4.2,0,1,2934
2026-04-04T08:38:31,-3.393203,-117.127655,-204.0,12.29,75.8,6,3.0,98.1,4.166,-4.2,0,1,2935
2026-04-04T08:38:59,-3.392536,-117.126015,-206.1,12.91,72.7,7,3.0,98.0,4.168,-4.2,0,1,2936
2026-04-04T08:39:28,-3.391700,-117.124176,-190.4,13.26,74.7,8,2.5,98.1,4.165,-4.2,0,1,2937
2026-04-04T08:39:56,-3.390868,-117.122070,-157.7,13.50,77.3,7,2.7,97.7,4.164,-4.2,0,1,2938
2026-04-04T08:40:24,-3.389785,-117.119835,-100.0,14.47,72.8,8,4.3,97.8,4.168,-4.4,0,1,2939
2026-04-04T08:40:53,-3.388542,-117.117584,-31.3,14.79,67.7,8,2.5,97.8,4.166,-4.4,0,1,2940
2026-04-04T08:41:21,-3.387660,-117.115723,-4.0,14.61,70.3,8,2.5,97.7,4.166,-4.2,0,1,2941
2026-04-04T08:41:49,-3.387055,-117.113968,-0.1,13.97,69.6,7,2.5,97.7,4.166,-4.2,0,1,2942
2026-04-04T08:42:18,-3.386343,-117.112076,10.0,14.56,68.0,7,2.5,97.8,4.166,-4.4,0,1,2943
2026-04-04T08:42:46,-3.385812,-117.110352,7.2,14.73,78.6,7,2.5,97.7,4.155,-4.2,0,1,2944
2026-04-04T08:43:14,-3.385366,-117.108505,-1.3,13.13,68.6,7,2.5,97.7,4.164,-4.2,0,1,2945
2026-04-04T08:43:43,-3.384788,-117.106689,0.2,14.39,70.5,7,2.5,97.7,4.164,-4.2,0,1,2946
2026-04-04T08:44:11,-3.384300,-117.104897,-5.7,13.50,75.7,7,2.5,97.5,4.164,-4.2,0,1,2947
2026-04-04T08:44:39,-3.383936,-117.103050,-18.4,14.21,72.8,7,2.5,97.5,4.164,-4.2,0,1,2948
2026-04-04T08:45:08,-3.383723,-117.101158,-38.4,14.00,76.7,7,2.5,97.8,4.165,-4.4,0,1,2949
2026-04-04T08:45:36,-3.383198,-117.099304,-42.2,13.89,73.7,7,2.5,97.5,4.156,-4.2,0,1,2950
2026-04-04T08:46:04,-3.382482,-117.097511,-34.2,13.67,73.4,7,2.5,97.3,4.162,-4.2,0,1,2951
2026-04-04T08:46:33,-3.381868,-117.095627,-25.8,14.24,72.0,6,2.7,97.8,4.164,-4.4,0,1,2952
2026-04-04T08:47:01,-3.381253,-117.093834,-19.5,14.36,73.9,6,2.7,97.3,4.160,-4.2,0,1,2953
2026-04-04T08:47:29,-3.380663,-117.092003,-15.7,13.80,75.9,6,2.7,97.3,4.161,-4.2,0,1,2954
2026-04-04T08:47:58,-3.380032,-117.090149,-19.0,13.99,66.8,7,2.5,97.8,4.161,-4.4,0,1,2955
2026-04-04T08:48:26,-3.379455,-117.088348,-13.4,13.44,73.7,7,2.5,97.5,4.162,-4.2,0,1,2956
2026-04-04T08:48:54,-3.378800,-117.086487,-2.6,13.87,73.5,7,2.5,97.2,4.159,-4.4,0,1,2957
2026-04-04T08:49:23,-3.378205,-117.084709,-5.4,13.80,74.0,7,2.5,97.5,4.162,-4.2,0,1,2958
2026-04-04T08:49:51,-3.377658,-117.082916,0.3,13.55,70.5,7,2.5,97.0,4.157,-4.2,0,1,2959
2026-04-04T08:50:19,-3.377053,-117.081062,11.5,13.79,72.3,7,2.4,97.2,4.161,-4.4,0,1,2960
2026-04-04T08:50:48,-3.376305,-117.079178,28.0,14.45,71.7,7,2.4,97.2,4.161,-4.4,0,1,2961
2026-04-04T08:51:16,-3.375751,-117.077431,34.0,13.56,74.7,7,2.4,97.2,4.154,-4.4,0,1,2962
2026-04-04T08:51:44,-3.375176,-117.075645,28.0,14.14,70.5,7,2.4,97.2,4.160,-4.4,0,1,2963
2026-04-04T08:52:13,-3.374603,-117.073792,33.7,13.68,72.5,7,2.4,97.3,4.161,-4.2,0,1,2964
2026-04-04T08:52:41,-3.374083,-117.071999,32.0,14.08,75.4,7,2.4,97.0,4.160,-4.2,0,1,2965
2026-04-04T08:53:09,-3.373591,-117.070244,27.0,13.10,73.2,7,2.4,97.2,4.159,-4.4,0,1,2966
2026-04-04T08:53:38,-3.373073,-117.068443,18.2,11.75,73.4,7,2.4,97.2,4.160,-4.4,0,1,2967
2026-04-04T08:54:06,-3.372542,-117.066666,13.9,13.30,75.3,7,2.4,97.0,4.161,-4.2,0,1,2968
2026-04-04T08:54:34,-3.371903,-117.064880,19.2,13.70,74.1,7,2.3,97.0,4.159,-4.2,0,1,2969
2026-04-04T08:55:03,-3.371385,-117.063011,9.6,13.79,70.8,7,2.3,97.0,4.159,-4.2,0,1,2970
2026-04-04T08:55:31,-3.370871,-117.061226,5.3,14.99,72.5,7,2.3,97.0,4.154,-4.2,0,1,2971
2026-04-04T08:55:59,-3.370305,-117.059532,2.4,14.39,74.2,7,2.3,97.0,4.160,-4.2,0,1,2972
2026-04-04T08:56:28,-3.369738,-117.057648,4.2,12.99,73.4,7,2.3,97.2,4.159,-4.4,0,1,2973
2026-04-04T08:56:56,-3.369115,-117.055847,13.0,13.89,68.9,7,2.3,97.0,4.151,-4.2,0,1,2974
2026-04-04T08:57:24,-3.368510,-117.054115,21.8,13.20,75.7,7,2.3,96.7,4.159,-4.2,0,1,2975
2026-04-04T08:57:53,-3.367818,-117.052208,31.1,13.92,68.2,7,2.3,97.2,4.155,-4.4,0,1,2976
2026-04-04T08:58:21,-3.367262,-117.050446,31.3,13.68,74.9,7,2.3,96.7,4.157,-4.2,0,1,2977
2026-04-04T08:58:49,-3.366722,-117.048637,29.5,13.99,73.0,7,2.3,97.0,4.159,-4.2,0,1,2978
2026-04-04T08:59:18,-3.366153,-117.046860,30.9,13.60,68.7,7,2.2,96.9,4.154,-4.2,0,1,2979
2026-04-04T08:59:46,-3.365585,-117.045059,37.4,13.35,71.3,7,2.2,96.7,4.149,-4.2,0,1,2980
2026-04-04T09:00:14,-3.364965,-117.043266,41.6,13.79,73.8,7,2.2,96.6,4.151,-4.4,0,1,2981
2026-04-04T09:00:43,-3.364288,-117.041359,38.4,13.77,76.0,7,2.2,97.0,4.157,-4.2,0,1,2982
2026-04-04T09:01:11,-3.363788,-117.039536,42.5,14.22,74.0,7,2.2,96.6,4.157,-4.4,0,1,2983
2026-04-04T09:01:39,-3.363265,-117.037750,40.7,14.15,71.8,7,2.2,96.4,4.155,-4.2,0,1,2984
2026-04-04T09:02:08,-3.362725,-117.035889,37.9,14.04,72.2,7,2.2,96.7,4.154,-4.2,0,1,2985
2026-04-04T09:02:36,-3.362235,-117.034088,35.6,13.42,69.9,7,2.2,96.4,4.150,-4.2,0,1,2986
2026-04-04T09:03:04,-3.361757,-117.032242,30.1,14.48,73.1,7,2.2,96.7,4.156,-4.2,0,1,2987
2026-04-04T09:03:33,-3.361275,-117.030411,26.4,12.91,68.0,7,2.2,96.6,4.151,-4.4,0,1,2988
2026-04-04T09:04:01,-3.360818,-117.028618,25.6,13.89,69.2,7,2.2,96.7,4.151,-4.2,0,1,2989
2026-04-04T09:04:29,-3.360245,-117.026833,20.7,14.64,73.6,7,2.1,96.6,4.156,-4.4,0,1,2990
2026-04-04T09:04:58,-3.359718,-117.024963,14.1,13.59,73.4,7,2.1,96.6,4.151,-4.4,0,1,2991
2026-04-04T09:05:26,-3.359180,-117.023117,14.7,13.25,72.3,7,2.1,96.2,4.155,-4.2,0,1,2992
2026-04-04T09:05:54,-3.358587,-117.021324,19.9,13.31,73.8,7,2.1,96.2,4.155,-4.2,0,1,2993
2026-04-04T09:06:23,-3.358100,-117.019493,11.9,13.49,77.0,7,2.1,96.4,4.151,-4.2,0,1,2994
2026-04-04T09:06:51,-3.357642,-117.017677,5.0,14.26,75.4,7,2.1,96.1,4.155,-4.2,0,1,2995
2026-04-04T09:07:19,-3.357197,-117.015900,2.4,13.64,71.4,7,2.1,96.2,4.150,-4.2,0,1,2996
2026-04-04T09:07:48,-3.356695,-117.014053,-4.7,13.77,75.0,7,2.1,96.4,4.153,-4.2,0,1,2997
2026-04-04T09:08:16,-3.356162,-117.012291,-3.3,12.71,77.2,7,2.1,96.2,4.154,-4.2,0,1,2998
2026-04-04T09:08:44,-3.355592,-117.010468,-2.1,14.46,71.4,7,3.7,96.2,4.154,-4.2,0,1,2999
2026-04-04T09:09:13,-3.355065,-117.008667,3.6,13.51,71.3,7,2.1,96.4,4.150,-4.2,0,1,3000
2026-04-04T09:09:41,-3.354525,-117.006821,1.4,13.19,74.0,7,2.1,96.1,4.153,-4.2,0,1,3001
2026-04-04T09:10:09,-3.353852,-117.004967,16.7,14.64,70.7,7,2.0,96.2,4.151,-4.2,0,1,3002
2026-04-04T09:10:38,-3.353318,-117.003120,16.9,13.24,76.6,7,2.0,96.2,4.149,-4.2,0,1,3003
2026-04-04T09:11:06,-3.352755,-117.001320,23.0,13.29,74.2,7,2.0,95.9,4.142,-4.4,0,1,3004
2026-04-04T09:11:34,-3.352272,-116.999466,22.7,14.44,78.4,7,2.0,96.1,4.151,-4.2,0,1,3005
2026-04-04T09:12:03,-3.351720,-116.997620,26.9,13.62,74.7,7,2.0,96.4,4.150,-4.2,0,1,3006
2026-04-04T09:12:31,-3.351222,-116.995827,24.7,14.09,70.0,7,2.0,96.2,4.153,-4.2,0,1,3007
2026-04-04T09:12:59,-3.350783,-116.994034,18.3,14.39,74.4,7,2.0,95.9,4.153,-4.4,0,1,3008
2026-04-04T09:13:28,-3.350278,-116.992142,16.6,13.90,75.5,6,2.1,95.9,4.149,-4.4,0,1,3009
2026-04-04T09:13:56,-3.349771,-116.990349,6.3,13.82,73.7,7,2.0,95.8,4.151,-4.2,0,1,3010
2026-04-04T09:14:24,-3.349297,-116.988541,2.9,14.31,74.0,7,2.0,96.2,4.144,-4.2,0,1,3011
2026-04-04T09:14:53,-3.348725,-116.986702,6.7,13.93,73.7,6,2.0,96.2,4.149,-4.2,0,1,3012
2026-04-04T09:15:21,-3.348118,-116.984871,20.6,14.23,73.7,7,2.0,95.9,4.151,-4.4,0,1,3013
2026-04-04T09:15:49,-3.347555,-116.983170,26.7,13.00,73.8,7,2.0,95.9,4.153,-4.4,0,1,3014
2026-04-04T09:16:18,-3.347045,-116.981262,11.8,14.35,74.4,7,1.5,95.9,4.148,-4.4,0,1,3015
2026-04-04T09:16:46,-3.346545,-116.979454,9.0,14.43,74.3,8,1.5,95.9,4.151,-4.4,0,1,3016
2026-04-04T09:17:14,-3.346052,-116.977661,9.0,13.94,73.2,7,1.5,95.8,4.150,-4.2,0,1,3017
2026-04-04T09:17:43,-3.345517,-116.975807,12.9,14.65,69.6,7,1.5,95.9,4.146,-4.4,0,1,3018
2026-04-04T09:18:11,-3.344962,-116.974045,12.2,14.61,72.4,7,1.5,95.6,4.149,-4.2,0,1,3019
2026-04-04T09:18:39,-3.344440,-116.972260,10.6,14.24,72.7,7,1.5,95.8,4.150,-4.2,0,1,3020
2026-04-04T09:19:08,-3.343917,-116.970383,8.4,15.04,71.8,7,1.5,95.8,4.149,-4.2,0,1,3021
2026-04-04T09:19:36,-3.343473,-116.968590,4.8,14.85,76.7,7,1.5,95.8,4.144,-4.2,0,1,3022
2026-04-04T09:20:04,-3.342965,-116.966797,5.7,14.06,72.1,8,1.4,95.4,4.150,-4.2,0,1,3023
2026-04-04T09:20:33,-3.342412,-116.964966,9.0,14.21,75.3,7,1.5,95.8,4.150,-4.2,0,1,3024
2026-04-04T09:21:01,-3.341905,-116.963135,14.0,13.51,70.3,6,1.7,95.6,4.142,-4.2,0,1,3025
2026-04-04T09:21:29,-3.341300,-116.961433,18.1,13.40,72.7,8,1.4,95.8,4.148,-4.2,0,1,3026
2026-04-04T09:21:58,-3.340760,-116.959549,16.0,14.07,75.9,7,1.5,95.6,4.148,-4.2,0,1,3027
2026-04-04T09:22:26,-3.340262,-116.957809,20.0,14.35,72.3,8,1.5,95.6,4.149,-4.2,0,1,3028
2026-04-04T09:22:54,-3.339622,-116.956093,32.2,13.97,73.2,8,1.5,95.4,4.149,-4.2,0,1,3029
2026-04-04T09:23:23,-3.339115,-116.954185,34.5,13.83,72.8,8,1.5,95.4,4.149,-4.2,0,1,3030
2026-04-04T09:23:51,-3.338628,-116.952370,32.5,14.84,76.7,8,1.5,95.3,4.142,-4.4,0,1,3031
2026-04-04T09:24:19,-3.338070,-116.950615,35.4,14.62,73.1,8,1.4,95.4,4.146,-4.2,0,1,3032
2026-04-04T09:24:48,-3.337692,-116.948669,42.3,14.67,80.0,9,1.4,95.4,4.146,-4.2,0,1,3033
2026-04-04T09:25:16,-3.337167,-116.946831,44.6,14.52,75.0,8,1.4,95.4,4.139,-4.2,0,1,3034
2026-04-04T09:25:44,-3.336652,-116.945053,52.3,14.40,72.8,8,1.4,95.1,4.148,-4.2,0,1,3035
2026-04-04T09:26:13,-3.336115,-116.943184,56.9,14.07,74.3,9,1.4,95.6,4.144,-4.2,0,1,3036
2026-04-04T09:26:41,-3.335520,-116.941414,62.2,13.51,73.1,9,1.4,95.1,4.146,-4.2,0,1,3037
2026-04-04T09:27:09,-3.335013,-116.939613,68.4,14.62,76.5,9,1.4,95.3,4.148,-4.4,0,1,3038
2026-04-04T09:27:38,-3.334398,-116.937752,59.9,14.36,71.6,8,1.4,95.4,4.145,-4.2,0,1,3039
2026-04-04T09:28:06,-3.333940,-116.935974,64.5,13.52,75.5,8,1.4,95.3,4.145,-4.4,0,1,3040
2026-04-04T09:28:34,-3.333330,-116.934181,64.5,14.32,75.5,8,1.4,95.1,4.148,-4.2,0,1,3041
2026-04-04T09:29:03,-3.332788,-116.932304,52.5,14.48,73.7,8,1.4,95.4,4.141,-4.2,0,1,3042
2026-04-04T09:29:31,-3.332285,-116.930458,39.8,14.68,75.7,8,1.4,95.1,4.145,-4.2,0,1,3043
2026-04-04T09:29:59,-3.331743,-116.928627,27.9,14.28,70.3,8,1.4,95.0,4.145,-4.2,0,1,3044
2026-04-04T09:30:28,-3.331238,-116.926697,10.8,15.05,71.6,9,1.3,95.4,4.145,-4.2,0,1,3045
2026-04-04T09:30:56,-3.330685,-116.924889,15.1,14.99,80.6,9,1.3,95.1,4.146,-4.2,0,1,3046
2026-04-04T09:31:24,-3.330235,-116.923058,-1.3,14.78,77.2,8,1.4,95.0,4.144,-4.2,0,1,3047
2026-04-04T09:31:53,-3.329720,-116.921219,-2.7,13.89,73.0,9,1.4,95.1,4.142,-4.2,0,1,3048
2026-04-04T09:32:21,-3.329226,-116.919395,-3.0,14.17,74.3,10,1.3,95.0,4.144,-4.2,0,1,3049
2026-04-04T09:32:49,-3.328691,-116.917580,-2.7,14.89,75.3,9,1.3,95.0,4.142,-4.2,0,1,3050
2026-04-04T09:33:18,-3.328176,-116.915657,-5.2,14.99,74.9,8,1.3,95.3,4.144,-4.4,0,1,3051
2026-04-04T09:33:46,-3.327732,-116.913857,-10.5,14.65,74.7,9,1.3,95.1,4.142,-4.2,0,1,3052
2026-04-04T09:34:14,-3.327152,-116.912064,-3.2,14.03,74.7,9,1.3,94.7,4.142,-4.4,0,1,3053
2026-04-04T09:34:43,-3.326572,-116.910210,3.1,14.57,73.7,9,1.3,95.1,4.142,-4.2,0,1,3054
2026-04-04T09:35:11,-3.326088,-116.908356,6.0,13.88,76.2,9,1.3,94.7,4.137,-4.4,0,1,3055
2026-04-04T09:35:39,-3.325568,-116.906532,2.9,14.31,72.3,9,1.3,94.8,4.142,-4.2,0,1,3056
2026-04-04T09:36:08,-3.325022,-116.904701,5.4,14.04,77.2,9,1.3,95.1,4.141,-4.2,0,1,3057
2026-04-04T09:36:36,-3.324523,-116.902847,5.7,14.11,73.3,9,1.3,94.8,4.137,-4.2,0,1,3058
2026-04-04T09:37:04,-3.323958,-116.901047,3.9,14.20,72.1,9,1.3,94.7,4.144,-4.4,0,1,3059
2026-04-04T09:37:33,-3.323402,-116.899147,9.9,14.54,74.4,9,1.3,94.7,4.141,-4.4,0,1,3060
2026-04-04T09:38:01,-3.322940,-116.897346,20.2,14.62,76.9,9,1.3,94.8,4.137,-4.2,0,1,3061
2026-04-04T09:38:29,-3.322500,-116.895500,26.6,14.64,78.9,9,1.3,94.5,4.141,-4.2,0,1,3062
2026-04-04T09:38:58,-3.321865,-116.893616,32.0,13.97,73.2,10,1.2,95.3,4.140,-4.4,0,1,3063
2026-04-04T09:39:26,-3.321275,-116.891792,29.5,15.06,72.1,9,1.2,94.8,4.134,-4.2,0,1,3064
2026-04-04T09:39:54,-3.320828,-116.889946,34.3,14.26,76.1,9,1.2,94.3,4.140,-4.2,0,1,3065
2026-04-04T09:40:23,-3.320153,-116.888115,38.9,14.40,70.2,9,1.2,94.8,4.141,-4.2,0,1,3066
2026-04-04T09:40:51,-3.319530,-116.886307,41.7,14.54,71.7,10,1.2,94.3,4.140,-4.2,0,1,3067
2026-04-04T09:41:19,-3.318972,-116.884491,38.7,14.63,70.9,10,1.2,94.5,4.139,-4.2,0,1,3068
2026-04-04T09:41:48,-3.318405,-116.882614,31.8,14.36,73.7,10,1.2,95.0,4.140,-4.2,0,1,3069
2026-04-04T09:42:16,-3.317835,-116.880821,22.3,13.84,74.4,10,1.2,94.3,4.136,-4.2,0,1,3070
2026-04-04T09:42:44,-3.317268,-116.879044,17.9,14.31,69.6,10,1.2,94.3,4.139,-4.2,0,1,3071
2026-04-04T09:43:13,-3.316698,-116.877213,19.0,14.32,75.3,10,1.2,94.5,4.140,-4.2,0,1,3072
2026-04-04T09:43:41,-3.316088,-116.875427,31.5,13.95,73.3,10,1.2,94.3,4.129,-4.2,0,1,3073
2026-04-04T09:44:09,-3.315590,-116.873627,31.1,14.38,69.7,9,1.5,94.3,4.139,-4.2,0,1,3074
2026-04-04T09:44:38,-3.315057,-116.871796,30.8,14.29,69.4,8,1.5,94.7,4.140,-4.4,0,1,3075
2026-04-04T09:45:06,-3.314552,-116.869987,27.7,14.21,76.0,7,1.6,94.3,4.133,-4.2,0,1,3076
2026-04-04T09:45:34,-3.314075,-116.868172,21.6,14.34,78.3,7,1.6,94.3,4.137,-4.2,0,1,3077
2026-04-04T09:46:03,-3.313523,-116.866341,16.6,14.00,74.2,8,1.5,94.7,4.139,-4.4,0,1,3078
2026-04-04T09:46:31,-3.313027,-116.864563,9.7,14.65,73.8,7,1.6,94.2,4.133,-4.2,0,1,3079
2026-04-04T09:46:59,-3.312455,-116.862755,18.2,14.41,78.2,8,1.3,94.2,4.139,-4.2,0,1,3080
2026-04-04T09:47:28,-3.311828,-116.860931,6.5,14.29,71.3,8,1.6,94.3,4.137,-4.2,0,1,3081
2026-04-04T09:47:56,-3.311242,-116.859138,11.9,15.81,72.0,8,1.2,94.0,4.131,-4.4,0,1,3082
2026-04-04T09:48:24,-3.310680,-116.857330,5.8,15.08,65.7,9,1.2,94.2,4.139,-4.2,0,1,3083
2026-04-04T09:48:53,-3.310120,-116.855446,5.7,14.81,72.6,7,1.4,94.5,4.136,-4.2,0,1,3084
2026-04-04T09:49:21,-3.309532,-116.853699,6.8,15.58,70.5,8,1.2,93.9,4.136,-4.2,0,1,3085
2026-04-04T09:49:49,-3.309023,-116.851906,9.6,14.18,72.6,9,1.2,94.2,4.136,-4.2,0,1,3086
2026-04-04T09:50:18,-3.308472,-116.850037,6.9,13.99,72.0,7,1.4,94.2,4.134,-4.2,0,1,3087
2026-04-04T09:50:46,-3.307995,-116.848221,10.6,14.98,70.5,9,1.2,94.0,4.136,2503.1,0,1,3088
2026-04-04T09:51:14,-3.307422,-116.846436,8.5,14.52,73.7,8,1.4,93.9,4.136,-4.2,0,1,3089
2026-04-04T09:51:43,-3.306807,-116.844597,3.7,14.24,72.9,9,1.2,94.3,4.136,-4.2,0,1,3090
2026-04-04T09:52:11,-3.306142,-116.842781,11.2,15.07,71.7,9,1.2,94.0,4.136,-4.4,0,1,3091
2026-04-04T09:52:39,-3.305590,-116.840996,17.0,14.81,75.0,9,1.2,93.9,4.136,-4.2,0,1,3092
2026-04-04T09:53:08,-3.305015,-116.839127,14.5,14.55,76.2,8,1.3,94.0,4.135,-4.4,0,1,3093
2026-04-04T09:53:36,-3.304398,-116.837364,18.5,14.78,72.1,9,1.2,93.9,4.129,-4.2,0,1,3094
2026-04-04T09:54:04,-3.303855,-116.835587,17.9,14.55,74.4,9,1.3,93.7,4.131,-4.2,0,1,3095
2026-04-04T09:54:33,-3.303370,-116.833679,19.2,14.09,72.7,9,1.4,94.0,4.135,-4.4,0,1,3096
2026-04-04T09:55:01,-3.302770,-116.831909,21.8,14.39,73.9,10,1.1,93.9,4.129,-4.2,0,1,3097
2026-04-04T09:55:29,-3.302158,-116.830132,23.2,13.99,74.3,9,1.4,94.0,4.135,-4.4,0,1,3098
2026-04-04T09:55:58,-3.301567,-116.828247,16.7,15.39,68.6,8,2.7,93.9,4.135,-4.2,0,1,3099
2026-04-04T09:56:26,-3.301018,-116.826485,27.3,14.33,72.8,9,1.3,93.5,4.135,-4.2,0,1,3100
2026-04-04T09:56:54,-3.300472,-116.824692,33.1,14.08,77.1,8,1.4,93.5,4.134,-4.2,0,1,3101
2026-04-04T09:57:23,-3.299823,-116.822861,42.1,14.01,71.1,8,1.4,93.5,4.135,-4.2,0,1,3102
2026-04-04T09:57:51,-3.299260,-116.821068,45.8,14.50,76.2,9,1.2,93.7,4.131,-4.2,0,1,3103
2026-04-04T09:58:19,-3.298767,-116.819252,49.0,14.55,73.7,8,1.4,93.9,4.133,-4.2,0,1,3104
2026-04-04T09:58:48,-3.298177,-116.817383,45.0,14.52,73.4,8,1.3,93.7,4.134,-4.2,0,1,3105
2026-04-04T09:59:16,-3.297615,-116.815575,42.4,15.15,66.6,8,1.3,93.7,4.134,-4.2,0,1,3106
2026-04-04T09:59:44,-3.297062,-116.813744,30.2,14.71,70.2,8,1.3,93.5,4.134,-4.2,0,1,3107
2026-04-04T10:00:13,-3.296583,-116.811867,27.1,14.05,75.5,8,1.3,93.5,4.134,2490.6,0,1,3108
2026-04-04T10:00:41,-3.296027,-116.810059,23.0,14.28,73.7,9,1.1,93.5,4.133,-4.2,0,1,3109
2026-04-04T10:01:09,-3.295460,-116.808258,19.3,14.43,73.3,9,1.1,93.7,4.133,-4.2,0,1,3110
2026-04-04T10:01:38,-3.294890,-116.806389,19.0,13.94,74.9,9,1.1,93.7,4.133,-4.2,0,1,3111
2026-04-04T10:02:06,-3.294310,-116.804581,20.6,14.90,71.7,9,1.1,93.5,4.133,-4.2,0,1,3112
2026-04-04T10:02:34,-3.293807,-116.802742,19.7,14.83,76.1,9,1.1,93.5,4.133,-4.2,0,1,3113
2026-04-04T10:03:03,-3.293403,-116.800766,1.6,14.86,73.7,9,1.1,93.7,4.131,-4.2,0,1,3114
2026-04-04T10:03:31,-3.292893,-116.798935,0.7,14.49,72.4,10,1.0,93.2,4.133,-4.2,0,1,3115
2026-04-04T10:03:59,-3.292252,-116.797173,-2.5,14.22,70.2,10,1.0,93.4,4.133,-4.4,0,1,3116
2026-04-04T10:04:28,-3.291713,-116.795250,-9.1,14.67,76.8,9,1.1,93.5,4.130,-4.2,0,1,3117
2026-04-04T10:04:56,-3.291112,-116.793472,-12.3,14.57,71.2,9,1.1,93.4,4.133,-4.4,0,1,3118
2026-04-04T10:05:24,-3.290525,-116.791718,-10.5,14.37,70.7,9,1.1,93.2,4.130,-4.2,0,1,3119
2026-04-04T10:05:53,-3.289950,-116.789848,-11.6,14.63,72.2,9,1.1,93.5,4.131,-4.2,0,1,3120
2026-04-04T10:06:21,-3.289443,-116.788033,-8.1,14.52,72.7,10,1.0,93.2,4.129,-4.2,0,1,3121
2026-04-04T10:06:49,-3.288915,-116.786224,-4.6,14.28,76.9,9,1.1,93.5,4.129,-4.2,0,1,3122
2026-04-04T10:07:18,-3.288318,-116.784355,-7.9,14.57,73.3,8,1.8,93.4,4.131,-4.4,0,1,3123
2026-04-04T10:07:46,-3.287802,-116.782578,-3.4,14.04,73.6,10,1.0,93.2,4.130,-4.2,0,1,3124
2026-04-04T10:08:14,-3.287193,-116.780777,-6.4,14.84,70.9,9,1.1,93.2,4.130,-4.2,0,1,3125
2026-04-04T10:08:43,-3.286628,-116.778915,-5.4,14.97,73.4,8,1.8,93.4,4.130,-4.4,0,1,3126
2026-04-04T10:09:11,-3.286060,-116.777115,-5.5,14.49,71.2,8,1.8,93.1,4.130,-4.2,0,1,3127
2026-04-04T10:09:39,-3.285560,-116.775307,-9.3,14.67,68.4,9,1.1,93.2,4.129,-4.2,0,1,3128
2026-04-04T10:10:08,-3.285063,-116.773437,-10.9,14.70,72.3,9,1.1,93.1,4.129,-4.2,0,1,3129
2026-04-04T10:10:36,-3.284448,-116.771637,-11.8,14.64,75.5,9,1.3,93.1,4.130,-4.2,0,1,3130
2026-04-04T10:11:04,-3.283785,-116.769844,-2.3,14.07,71.3,9,1.3,92.9,4.128,-4.2,0,1,3131
2026-04-04T10:11:33,-3.283158,-116.768013,-1.3,14.83,70.8,9,1.1,93.1,4.129,-4.2,0,1,3132
2026-04-04T10:12:01,-3.282573,-116.766220,6.2,15.46,75.6,9,1.1,93.1,4.125,-4.2,0,1,3133
2026-04-04T10:12:29,-3.282048,-116.764404,11.1,14.52,72.3,8,1.9,93.1,4.128,-4.2,0,1,3134
2026-04-04T10:12:58,-3.281535,-116.762550,0.7,14.55,75.0,9,1.1,92.9,4.125,-4.2,0,1,3135
2026-04-04T10:13:26,-3.280880,-116.760727,-2.6,14.28,76.9,9,1.1,92.6,4.120,-4.2,0,1,3136
2026-04-04T10:13:54,-3.280370,-116.758934,-9.4,14.86,72.6,9,1.1,92.8,4.129,-4.4,0,1,3137
2026-04-04T10:14:23,-3.279833,-116.757118,-4.8,14.18,76.2,8,2.0,93.2,4.128,-4.2,0,1,3138
2026-04-04T10:14:51,-3.279290,-116.755318,-8.1,13.94,68.9,9,1.1,92.9,4.128,-4.2,0,1,3139
2026-04-04T10:15:19,-3.278718,-116.753548,-13.6,14.42,73.9,8,2.0,92.9,4.128,-4.2,0,1,3140
2026-04-04T10:15:48,-3.278118,-116.751694,-14.4,14.45,64.2,9,1.1,93.1,4.126,-4.2,0,1,3141
2026-04-04T10:16:16,-3.277558,-116.749901,-15.3,14.46,70.8,9,1.1,92.9,4.128,-4.2,0,1,3142
2026-04-04T10:16:44,-3.276998,-116.748108,-12.9,14.61,71.0,8,2.0,92.4,4.128,-4.2,0,1,3143
2026-04-04T10:17:13,-3.276397,-116.746239,-17.7,14.43,67.7,8,2.0,93.1,4.126,-4.2,0,1,3144
2026-04-04T10:17:41,-3.275792,-116.744461,-16.0,13.70,62.9,9,1.1,92.4,4.128,-4.2,0,1,3145
2026-04-04T10:18:09,-3.275272,-116.742645,-9.5,14.93,65.0,8,2.0,92.8,4.126,-4.4,0,1,3146
2026-04-04T10:18:38,-3.274793,-116.740707,-17.2,13.99,74.6,9,1.1,92.9,4.126,2473.7,0,1,3147
2026-04-04T10:19:06,-3.274197,-116.738922,-12.8,14.44,75.5,9,1.1,92.6,4.126,-4.2,0,1,3148
2026-04-04T10:19:34,-3.273765,-116.737129,-11.2,14.79,73.0,8,2.0,92.9,4.126,-4.2,0,1,3149
2026-04-04T10:20:03,-3.273212,-116.735283,-9.7,14.42,74.5,8,2.1,92.6,4.125,-4.2,0,1,3150
2026-04-04T10:20:31,-3.272607,-116.733490,-3.1,13.84,72.0,8,2.1,92.6,4.116,-4.2,0,1,3151
2026-04-04T10:20:59,-3.271958,-116.731735,-4.5,14.33,70.0,8,2.1,92.8,4.124,-4.4,0,1,3152
2026-04-04T10:21:28,-3.271400,-116.729843,-1.6,16.02,75.2,8,2.1,92.6,4.122,2465.2,0,1,3153
2026-04-04T10:21:56,-3.270845,-116.728050,2.1,14.95,74.5,8,2.1,92.4,4.125,-4.2,0,1,3154
2026-04-04T10:22:24,-3.270350,-116.726234,0.4,14.43,73.9,9,1.1,92.6,4.120,-4.2,0,1,3155
2026-04-04T10:22:53,-3.269772,-116.724350,0.2,14.33,74.6,8,2.1,92.6,4.125,-4.2,0,1,3156
2026-04-04T10:23:21,-3.269245,-116.722519,-5.1,14.74,73.0,8,2.1,92.4,4.125,-4.2,0,1,3157
2026-04-04T10:23:49,-3.268802,-116.720688,1.9,14.47,77.3,8,2.1,92.6,4.122,-4.2,0,1,3158
2026-04-04T10:24:18,-3.268170,-116.718811,-5.1,14.89,72.6,8,2.1,92.6,4.124,-4.2,0,1,3159
2026-04-04T10:24:46,-3.267685,-116.716995,-3.0,14.47,72.6,9,1.3,92.4,4.126,-4.2,0,1,3160
2026-04-04T10:25:14,-3.267215,-116.715202,3.8,14.39,72.4,8,2.1,92.3,4.122,-4.2,0,1,3161
2026-04-04T10:25:43,-3.266720,-116.713318,3.1,14.03,74.5,8,2.1,92.3,4.124,-4.2,0,1,3162
2026-04-04T10:26:11,-3.266118,-116.711540,8.9,13.70,73.8,8,2.2,92.4,4.124,-4.2,0,1,3163
2026-04-04T10:26:39,-3.265633,-116.709724,9.5,14.69,74.8,8,2.2,92.6,4.121,-4.2,0,1,3164
2026-04-04T10:27:08,-3.265047,-116.707855,11.6,15.23,75.3,7,2.2,92.6,4.125,-4.2,0,1,3165
2026-04-04T10:27:36,-3.264518,-116.706062,2.3,13.68,71.2,9,2.0,92.4,4.124,-4.2,0,1,3166
2026-04-04T10:28:04,-3.264033,-116.704254,12.5,14.00,75.2,9,2.0,92.3,4.119,-4.2,0,1,3167
2026-04-04T10:28:33,-3.263552,-116.702362,7.0,14.44,74.3,9,2.0,92.3,4.122,-4.2,0,1,3168
2026-04-04T10:29:01,-3.262997,-116.700584,-0.9,14.16,70.8,9,2.0,92.4,4.122,-4.2,0,1,3169
2026-04-04T10:29:29,-3.262557,-116.698738,-3.4,15.20,70.7,8,2.0,92.1,4.121,-4.4,0,1,3170
2026-04-04T10:29:58,-3.262057,-116.696846,1.0,14.86,76.5,9,2.0,92.4,4.121,-4.2,0,1,3171
2026-04-04T10:30:26,-3.261557,-116.694992,4.5,14.61,72.5,9,2.0,92.3,4.115,-4.2,0,1,3172
2026-04-04T10:30:54,-3.261270,-116.693169,9.0,14.33,74.7,8,2.0,92.4,4.120,-4.2,0,1,3173
2026-04-04T10:31:23,-3.260348,-116.691330,10.7,14.90,69.5,9,2.0,92.3,4.121,-4.2,0,1,3174
2026-04-04T10:31:51,-3.259887,-116.689445,8.9,14.21,66.2,8,2.1,92.0,4.115,-4.2,0,1,3175
2026-04-04T10:32:19,-3.259443,-116.687614,19.8,14.34,76.4,8,2.1,92.0,4.116,-4.2,0,1,3176
2026-04-04T10:32:48,-3.258835,-116.685722,18.7,13.35,70.0,8,2.1,92.3,4.121,-4.2,0,1,3177
2026-04-04T10:33:16,-3.258345,-116.683907,17.8,15.42,71.5,8,2.1,92.3,4.120,-4.2,0,1,3178
2026-04-04T10:33:44,-3.257825,-116.682060,21.1,14.83,68.5,7,2.4,92.0,4.119,-4.2,0,1,3179
2026-04-04T10:34:13,-3.257248,-116.680153,19.9,14.83,71.4,7,2.4,92.3,4.120,-4.2,0,1,3180
2026-04-04T10:34:41,-3.256687,-116.678314,8.6,14.38,74.0,7,2.4,92.0,4.121,-4.2,0,1,3181
2026-04-04T10:35:09,-3.256257,-116.676414,13.9,14.61,75.7,7,2.5,92.0,4.119,-4.2,0,1,3182
2026-04-04T10:35:38,-3.255653,-116.674500,10.8,15.58,74.9,7,2.5,92.3,4.120,-4.2,0,1,3183
2026-04-04T10:36:06,-3.255125,-116.672668,5.3,14.78,75.7,8,2.4,92.0,4.119,-4.2,0,1,3184
2026-04-04T10:36:34,-3.254563,-116.670807,11.5,15.84,67.4,8,2.4,92.0,4.117,-4.2,0,1,3185
2026-04-04T10:37:03,-3.254037,-116.668892,16.3,16.45,72.9,8,2.4,92.1,4.120,-4.4,0,1,3186
2026-04-04T10:37:31,-3.253405,-116.667061,18.5,15.40,70.9,8,2.4,91.8,4.110,-4.2,0,1,3187
2026-04-04T10:37:59,-3.252965,-116.665230,16.2,14.28,72.0,8,2.4,91.8,4.120,-4.2,0,1,3188
2026-04-04T10:38:28,-3.252478,-116.663361,11.9,17.10,67.9,8,2.4,92.1,4.119,-4.4,0,1,3189
2026-04-04T10:38:56,-3.251712,-116.661507,9.5,15.64,74.1,8,2.4,91.6,4.117,-4.2,0,1,3190
2026-04-04T10:39:24,-3.251122,-116.659607,12.5,15.27,73.2,8,2.4,91.6,4.115,-4.2,0,1,3191
2026-04-04T10:39:53,-3.250532,-116.657715,12.9,14.66,74.0,8,2.4,91.8,4.116,-4.2,0,1,3192
2026-04-04T10:40:21,-3.250070,-116.655869,14.1,13.96,73.8,8,2.4,91.6,4.119,-4.2,0,1,3193
2026-04-04T10:40:49,-3.249640,-116.654106,7.4,14.85,71.7,8,2.3,91.6,4.115,-4.2,0,1,3194
2026-04-04T10:41:18,-3.249248,-116.652199,2.6,14.80,73.0,8,2.3,92.0,4.119,-4.2,0,1,3195
2026-04-04T10:41:46,-3.248788,-116.650368,2.6,14.67,72.2,8,2.3,92.0,4.117,-4.2,0,1,3196
2026-04-04T10:42:14,-3.248248,-116.648560,7.8,14.07,76.2,8,2.3,91.6,4.114,-4.2,0,1,3197
2026-04-04T10:42:43,-3.247653,-116.646698,14.8,14.75,72.2,8,2.3,91.6,4.115,-4.2,0,1,3198
2026-04-04T10:43:11,-3.247030,-116.644875,19.9,14.14,74.1,8,2.3,91.5,4.117,-4.4,0,1,3199
2026-04-04T10:43:39,-3.246475,-116.643036,19.6,14.65,73.0,8,2.3,91.6,4.120,-4.2,0,1,3200
2026-04-04T10:44:08,-3.245880,-116.641136,14.8,14.56,74.3,8,2.3,91.6,4.119,-4.2,0,1,3201
2026-04-04T10:44:36,-3.245432,-116.639282,18.6,15.77,67.6,8,2.3,91.2,4.117,-4.2,0,1,3202
2026-04-04T10:45:04,-3.245007,-116.637444,15.6,14.48,74.7,6,2.6,91.3,4.116,-4.2,0,1,3203
2026-04-04T10:45:33,-3.244455,-116.635536,17.4,14.37,73.2,6,2.6,91.6,4.116,-4.2,0,1,3204
2026-04-04T10:46:01,-3.243968,-116.633751,13.6,14.65,72.9,7,1.5,91.3,4.116,-4.2,0,1,3205
2026-04-04T10:46:29,-3.243493,-116.631920,9.6,14.53,71.8,7,1.5,91.5,4.114,-4.4,0,1,3206
2026-04-04T10:46:58,-3.242938,-116.630013,6.3,15.01,73.7,7,1.5,91.5,4.114,-4.4,0,1,3207
2026-04-04T10:47:26,-3.242377,-116.628212,9.1,14.34,75.3,7,1.5,91.5,4.117,-4.4,0,1,3208
2026-04-04T10:47:54,-3.241840,-116.626358,5.5,14.69,76.3,7,1.5,91.6,4.115,-4.2,0,1,3209
2026-04-04T10:48:23,-3.241257,-116.624512,8.7,14.46,73.6,7,1.5,91.5,4.116,-4.4,0,1,3210
2026-04-04T10:48:51,-3.240788,-116.622643,8.6,13.87,74.0,7,1.5,91.3,4.115,-4.2,0,1,3211
2026-04-04T10:49:19,-3.240338,-116.620773,15.7,14.85,74.1,7,1.6,91.3,4.113,-4.2,0,1,3212
2026-04-04T10:49:48,-3.239678,-116.618904,18.2,14.55,74.1,7,1.6,91.5,4.114,-4.4,0,1,3213
2026-04-04T10:50:16,-3.239112,-116.617088,20.7,14.28,67.2,7,1.6,91.2,4.114,-4.2,0,1,3214
2026-04-04T10:50:44,-3.238625,-116.615280,17.8,14.60,71.1,7,1.6,91.0,4.114,-4.2,0,1,3215
2026-04-04T10:51:13,-3.238062,-116.613403,11.0,14.82,59.6,7,1.6,91.2,4.115,-4.2,0,1,3216
2026-04-04T10:51:41,-3.237545,-116.611557,3.7,13.94,76.6,7,1.6,91.2,4.115,-4.2,0,1,3217
2026-04-04T10:52:09,-3.236983,-116.609726,4.1,14.64,67.8,7,1.6,91.5,4.111,-4.4,0,1,3218
2026-04-04T10:52:38,-3.236450,-116.607834,5.1,14.74,72.1,7,1.6,91.2,4.115,-4.2,0,1,3219
2026-04-04T10:53:06,-3.235885,-116.606041,3.4,16.10,73.5,7,1.6,91.0,4.114,-4.2,0,1,3220
2026-04-04T10:53:34,-3.235340,-116.604240,5.4,15.26,66.9,7,1.6,91.5,4.115,-4.4,0,1,3221
2026-04-04T10:54:03,-3.234848,-116.602333,-5.4,13.77,75.6,7,1.6,91.2,4.111,-4.2,0,1,3222
2026-04-04T10:54:31,-3.234365,-116.600578,-15.1,14.71,75.9,7,1.6,91.2,4.113,-4.2,0,1,3223
2026-04-04T10:54:59,-3.233888,-116.598747,-24.8,14.92,71.5,7,1.6,91.0,4.108,-4.2,0,1,3224
2026-04-04T10:55:28,-3.233357,-116.596878,-22.0,14.01,74.4,7,1.6,91.6,4.114,-4.2,0,1,3225
2026-04-04T10:55:56,-3.232807,-116.595085,-13.1,15.00,72.3,7,1.6,91.5,4.113,-4.4,0,1,3226
2026-04-04T10:56:24,-3.232278,-116.593307,-12.0,13.29,69.6,7,1.6,90.9,4.113,-4.4,0,1,3227
2026-04-04T10:56:53,-3.231705,-116.591492,-15.4,13.49,72.8,7,1.6,91.0,4.113,-4.2,0,1,3228
2026-04-04T10:57:21,-3.231215,-116.589706,-22.7,14.54,74.5,7,1.6,91.0,4.106,-4.2,0,1,3229
2026-04-04T10:57:49,-3.230710,-116.587929,-29.6,14.37,72.1,7,1.6,91.0,4.110,-4.2,0,1,3230
2026-04-04T10:58:18,-3.230182,-116.586128,-35.2,13.34,72.6,7,1.6,91.2,4.111,2427.4,0,1,3231
2026-04-04T10:58:46,-3.229605,-116.584320,-37.3,14.52,72.3,7,1.6,90.7,4.108,-4.2,0,1,3232
2026-04-04T10:59:14,-3.229020,-116.582527,-41.4,15.50,63.8,7,1.6,90.9,4.113,-4.4,0,1,3233
2026-04-04T10:59:43,-3.228608,-116.580658,-38.3,14.65,74.2,7,1.6,90.9,4.111,-4.4,0,1,3234
2026-04-04T11:00:11,-3.228070,-116.578880,-28.2,13.85,79.1,7,1.6,90.7,4.108,-4.2,0,1,3235
2026-04-04T11:00:39,-3.227422,-116.577110,-21.7,15.31,67.2,7,1.6,90.9,4.108,-4.4,0,1,3236
2026-04-04T11:01:08,-3.226815,-116.575294,-22.1,15.09,71.5,7,1.6,90.9,4.111,-4.4,0,1,3237
2026-04-04T11:01:36,-3.226313,-116.573479,-20.0,13.38,70.5,7,1.6,90.9,4.111,-4.4,0,1,3238
2026-04-04T11:02:04,-3.225787,-116.571632,-23.4,14.04,71.7,7,1.6,90.7,4.110,-4.2,0,1,3239
2026-04-04T11:02:33,-3.225317,-116.569756,-19.8,15.49,74.8,6,1.8,91.0,4.111,-4.2,0,1,3240
2026-04-04T11:03:01,-3.224728,-116.568001,-14.8,14.21,73.3,6,1.8,90.4,4.110,-4.2,0,1,3241
2026-04-04T11:03:29,-3.224203,-116.566208,-0.7,14.30,72.8,6,1.8,90.7,4.108,-4.2,0,1,3242
2026-04-04T11:03:58,-3.223598,-116.564354,15.2,13.93,74.4,6,1.8,90.7,4.109,-4.2,0,1,3243
2026-04-04T11:04:26,-3.222985,-116.562561,22.4,14.97,70.3,6,1.8,90.7,4.110,-4.2,0,1,3244
2026-04-04T11:04:54,-3.222432,-116.560730,24.0,14.29,74.2,6,1.8,90.7,4.108,-4.2,0,1,3245
2026-04-04T11:05:23,-3.221923,-116.558823,26.7,13.20,80.6,6,1.8,90.7,4.109,-4.2,0,1,3246
2026-04-04T11:05:51,-3.221450,-116.557007,27.8,15.20,80.4,6,1.8,90.7,4.105,-4.2,0,1,3247
2026-04-04T11:06:19,-3.220868,-116.555229,33.8,13.77,71.6,6,1.8,90.4,4.110,-4.2,0,1,3248
2026-04-04T11:06:48,-3.220327,-116.553368,43.6,14.47,75.9,6,1.8,90.9,4.110,-4.4,0,1,3249
2026-04-04T11:07:16,-3.219750,-116.551567,54.0,13.47,73.3,6,1.8,90.9,4.099,-4.4,0,1,3250
2026-04-04T11:07:44,-3.219188,-116.549774,57.1,13.47,71.2,6,1.8,90.5,4.108,-4.2,0,1,3251
2026-04-04T11:08:13,-3.218626,-116.547920,59.4,14.28,71.9,6,1.8,91.0,4.105,-4.2,0,1,3252
2026-04-04T11:08:41,-3.218142,-116.546089,60.9,14.62,75.1,6,1.8,90.4,4.109,-4.2,0,1,3253
2026-04-04T11:09:09,-3.217668,-116.544281,63.8,14.50,73.7,6,1.8,90.9,4.109,-4.4,0,1,3254
2026-04-04T11:09:38,-3.216987,-116.542450,63.6,14.15,72.4,6,1.8,90.7,4.109,-4.2,0,1,3255
2026-04-04T11:10:06,-3.216580,-116.540619,60.2,13.97,72.9,6,1.8,90.4,4.104,-4.2,0,1,3256
2026-04-04T11:10:34,-3.216113,-116.538826,60.2,14.92,74.4,6,1.8,90.4,4.106,-4.2,0,1,3257
2026-04-04T11:11:03,-3.215652,-116.537064,63.9,14.66,74.9,6,1.8,90.5,4.108,-4.2,0,1,3258
2026-04-04T11:11:31,-3.215115,-116.535255,66.4,13.88,78.4,6,1.8,90.2,4.096,-4.4,0,1,3259
2026-04-04T11:11:59,-3.214573,-116.533501,68.5,13.81,74.3,6,1.8,90.4,4.109,-4.2,0,1,3260
2026-04-04T11:12:28,-3.214055,-116.531662,67.2,14.26,72.1,6,1.8,90.7,4.108,-4.2,0,1,3261
2026-04-04T11:12:56,-3.213565,-116.529854,63.4,14.82,73.7,6,1.8,90.4,4.106,-4.2,0,1,3262
2026-04-04T11:13:24,-3.213055,-116.528038,60.7,13.82,72.4,6,1.8,90.4,4.104,-4.2,0,1,3263
2026-04-04T11:13:53,-3.212545,-116.526154,60.0,14.71,75.0,6,1.8,90.4,4.108,-4.2,0,1,3264
2026-04-04T11:14:21,-3.212073,-116.524353,63.8,15.23,72.3,6,1.8,90.4,4.108,-4.2,0,1,3265
2026-04-04T11:14:49,-3.211402,-116.522697,64.6,14.35,70.6,6,1.8,90.5,4.106,-4.2,0,1,3266
2026-04-04T11:15:18,-3.210948,-116.520767,61.3,13.27,77.7,6,1.8,90.5,4.105,-4.2,0,1,3267
2026-04-04T11:15:46,-3.210435,-116.518974,59.9,13.52,70.6,6,1.8,90.1,4.105,-4.2,0,1,3268
2026-04-04T11:16:14,-3.209905,-116.517097,71.4,14.13,71.8,6,1.8,90.1,4.106,-4.2,0,1,3269
2026-04-04T11:16:43,-3.209483,-116.515312,80.7,14.61,76.6,6,1.8,90.1,4.106,-4.2,0,1,3270
2026-04-04T11:17:11,-3.208840,-116.513474,88.3,15.58,72.5,6,1.8,90.1,4.106,-4.2,0,1,3271
2026-04-04T11:17:39,-3.208243,-116.511703,91.8,15.62,71.4,5,2.8,90.1,4.106,-4.2,0,1,3272
2026-04-04T11:18:08,-3.207760,-116.509850,89.5,14.14,77.8,6,1.9,90.4,4.105,-4.2,0,1,3273
2026-04-04T11:18:36,-3.207227,-116.507996,89.8,14.38,75.6,6,1.9,90.2,4.105,-4.4,0,1,3274
2026-04-04T11:19:04,-3.206847,-116.506226,96.9,14.89,71.8,6,1.9,90.1,4.100,-4.2,0,1,3275
2026-04-04T11:19:33,-3.206318,-116.504463,99.2,14.67,67.7,6,1.9,90.2,4.104,-4.4,0,1,3276
2026-04-04T11:20:01,-3.205872,-116.502563,99.0,14.95,72.1,6,1.9,90.1,4.105,-4.2,0,1,3277
2026-04-04T11:20:29,-3.205230,-116.500801,103.0,14.71,66.9,6,1.9,90.2,4.104,-4.4,0,1,3278
2026-04-04T11:20:58,-3.204600,-116.498955,105.5,14.60,69.1,6,1.9,90.4,4.104,-4.2,0,1,3279
2026-04-04T11:21:26,-3.204070,-116.497177,110.1,14.50,70.7,6,1.9,89.7,4.105,-4.2,0,1,3280
2026-04-04T11:21:54,-3.203688,-116.495476,114.0,15.35,73.1,6,1.9,90.1,4.104,-4.2,0,1,3281
2026-04-04T11:22:23,-3.203100,-116.493584,113.4,13.74,72.6,6,1.9,90.1,4.104,-4.2,0,1,3282
2026-04-04T11:22:51,-3.202620,-116.491798,109.7,13.88,70.8,6,1.9,89.9,4.097,-4.2,0,1,3283
2026-04-04T11:23:19,-3.202053,-116.489960,108.3,15.91,73.7,6,1.9,90.1,4.102,-4.2,0,1,3284
2026-04-04T11:23:48,-3.201613,-116.488144,102.4,13.27,74.4,6,1.9,89.9,4.102,-4.2,0,1,3285
2026-04-04T11:24:17,-3.201102,-116.486183,97.1,14.34,80.1,6,1.9,89.6,4.105,-4.4,0,1,3286
2026-04-04T11:24:45,-3.200629,-116.484444,97.5,14.65,73.6,6,1.9,89.7,4.099,-4.2,0,1,3287
2026-04-04T11:25:14,-3.199897,-116.482536,95.6,14.43,72.0,6,1.9,89.9,4.097,-4.2,0,1,3288
2026-04-04T11:25:42,-3.199397,-116.480728,93.8,13.50,76.4,6,1.9,89.9,4.104,-4.2,0,1,3289
2026-04-04T11:26:11,-3.198835,-116.478928,95.0,14.26,69.5,6,1.9,89.9,4.096,-4.2,0,1,3290
2026-04-04T11:26:39,-3.198295,-116.477081,89.0,13.79,71.1,6,1.9,89.7,4.097,-4.2,0,1,3291
2026-04-04T11:27:08,-3.197757,-116.475159,83.0,14.40,73.5,6,1.9,89.7,4.094,-4.2,0,1,3292
2026-04-04T11:27:36,-3.197225,-116.473343,82.4,13.49,70.9,6,1.9,89.7,4.101,-4.2,0,1,3293
2026-04-04T11:28:04,-3.196678,-116.471550,81.0,14.08,71.8,6,1.9,89.7,4.100,-4.2,0,1,3294
2026-04-04T11:28:33,-3.196182,-116.469620,75.6,14.86,74.7,6,1.9,89.4,4.101,-4.2,0,1,3295
2026-04-04T11:29:01,-3.195678,-116.467735,69.0,13.30,71.0,6,1.9,89.6,4.100,-4.4,0,1,3296
2026-04-04T11:29:29,-3.195110,-116.465942,66.6,15.43,70.0,6,1.9,89.9,4.097,-4.2,0,1,3297
2026-04-04T11:29:58,-3.194633,-116.464050,59.6,12.22,79.0,6,1.9,89.7,4.100,-4.2,0,1,3298
2026-04-04T11:30:26,-3.194088,-116.462311,59.7,13.45,67.5,6,1.9,89.6,4.100,-4.4,0,1,3299
2026-04-04T11:30:54,-3.193447,-116.460365,56.5,14.81,67.6,6,2.0,89.7,4.100,-4.2,0,1,3300
2026-04-04T11:31:23,-3.192858,-116.458481,41.9,14.02,71.5,7,1.7,89.9,4.101,-4.2,0,1,3301
2026-04-04T11:31:51,-3.192320,-116.456604,31.5,13.82,72.1,7,1.7,89.3,4.101,-4.2,0,1,3302
2026-04-04T11:32:19,-3.191850,-116.454796,25.7,13.43,70.5,7,1.7,89.4,4.096,-4.2,0,1,3303
2026-04-04T11:32:48,-3.191283,-116.452919,24.7,14.97,73.5,7,1.7,89.7,4.100,-4.2,0,1,3304
2026-04-04T11:33:16,-3.190770,-116.451111,28.9,14.64,71.5,7,1.7,89.4,4.093,-4.2,0,1,3305
2026-04-04T11:33:44,-3.190183,-116.449295,33.7,14.64,73.2,7,1.7,89.4,4.096,-4.2,0,1,3306
2026-04-04T11:34:13,-3.189513,-116.447388,35.5,14.26,70.4,7,1.7,89.4,4.100,-4.2,0,1,3307
2026-04-04T11:34:41,-3.188862,-116.445580,48.5,14.54,70.8,7,1.7,89.3,4.090,-4.2,0,1,3308
2026-04-04T11:35:09,-3.188337,-116.443748,44.8,14.12,72.3,6,2.5,89.3,4.100,-4.2,0,1,3309
2026-04-04T11:35:38,-3.187716,-116.441841,40.5,14.84,69.9,6,2.5,89.7,4.101,-4.2,0,1,3310
2026-04-04T11:36:06,-3.187262,-116.439987,33.4,14.43,76.6,6,2.5,89.6,4.099,-4.4,0,1,3311
2026-04-04T11:36:34,-3.186838,-116.438118,18.8,14.29,75.7,6,2.5,89.3,4.099,-4.2,0,1,3312
2026-04-04T11:37:03,-3.186268,-116.436211,8.0,13.70,74.3,7,1.7,89.6,4.099,-4.4,0,1,3313
2026-04-04T11:37:31,-3.185597,-116.434357,19.0,15.29,69.6,6,2.5,89.3,4.097,-4.2,0,1,3314
2026-04-04T11:37:59,-3.184965,-116.432541,28.3,14.15,72.6,7,1.7,89.1,4.096,-4.2,0,1,3315
2026-04-04T11:38:28,-3.184292,-116.430634,45.1,14.19,70.1,7,1.7,89.6,4.100,-4.4,0,1,3316
2026-04-04T11:38:56,-3.183700,-116.428841,46.8,15.23,71.4,7,1.7,89.0,4.090,-4.4,0,1,3317
2026-04-04T11:39:24,-3.183107,-116.427063,49.1,13.61,70.7,6,4.9,89.3,4.096,-4.2,0,1,3318
2026-04-04T11:39:53,-3.182708,-116.425156,39.7,14.77,72.9,8,1.3,89.3,4.099,-4.2,0,1,3319
2026-04-04T11:40:21,-3.182152,-116.423401,38.8,14.77,73.7,8,1.3,89.3,4.093,-4.2,0,1,3320
2026-04-04T11:40:49,-3.181655,-116.421593,32.6,14.26,74.5,7,1.3,89.1,4.095,-4.2,0,1,3321
2026-04-04T11:41:18,-3.181238,-116.419586,13.7,14.44,72.3,8,1.3,89.3,4.096,-4.2,0,1,3322
2026-04-04T11:41:46,-3.180723,-116.417755,5.5,14.72,71.7,8,1.3,89.1,4.097,-4.2,0,1,3323
2026-04-04T11:42:14,-3.180232,-116.415886,-2.9,15.54,76.8,8,1.6,89.0,4.094,-4.4,0,1,3324
2026-04-04T11:42:43,-3.179710,-116.414017,-17.1,14.03,75.7,8,1.3,89.3,4.096,-4.2,0,1,3325
2026-04-04T11:43:11,-3.179257,-116.412086,-19.9,14.80,73.5,8,1.3,89.1,4.093,-4.2,0,1,3326
2026-04-04T11:43:39,-3.178740,-116.410278,-23.4,14.35,73.3,8,1.3,89.3,4.094,-4.2,0,1,3327
2026-04-04T11:44:08,-3.178190,-116.408485,-41.0,15.17,73.8,8,1.3,89.1,4.096,-4.2,0,1,3328
2026-04-04T11:44:36,-3.177412,-116.406876,-13.1,14.05,74.6,9,1.2,89.1,4.097,-4.2,0,1,3329
2026-04-04T11:45:04,-3.176840,-116.405083,-2.8,14.36,71.5,8,1.2,88.8,4.096,-4.2,0,1,3330
2026-04-04T11:45:33,-3.176265,-116.403191,0.3,14.38,73.0,7,1.6,89.1,4.096,-4.2,0,1,3331
2026-04-04T11:46:01,-3.175632,-116.401436,7.4,14.47,74.6,9,1.2,88.8,4.096,-4.2,0,1,3332
2026-04-04T11:46:29,-3.175073,-116.399628,4.0,14.57,70.3,9,1.2,89.0,4.096,-4.4,0,1,3333
2026-04-04T11:46:58,-3.174548,-116.397720,7.7,15.16,70.3,8,1.5,88.8,4.096,-4.2,0,1,3334
2026-04-04T11:47:26,-3.174067,-116.395905,-1.1,14.29,73.7,9,1.2,88.6,4.094,-4.2,0,1,3335
2026-04-04T11:47:54,-3.173553,-116.394112,-0.5,14.51,75.6,9,1.5,89.0,4.095,-4.4,0,1,3336
2026-04-04T11:48:23,-3.173068,-116.392265,-2.3,14.58,73.1,10,1.1,89.0,4.090,-4.4,0,1,3337
2026-04-04T11:48:51,-3.172487,-116.390450,-8.7,14.57,73.9,9,1.5,88.8,4.085,-4.2,0,1,3338
2026-04-04T11:49:19,-3.171895,-116.388695,-7.6,15.20,69.3,10,1.1,88.5,4.091,-3.7,0,1,3339
2026-04-04T11:49:48,-3.171307,-116.386826,-3.0,14.36,70.8,9,1.5,89.0,4.096,-4.4,0,1,3340
2026-04-04T11:50:16,-3.170653,-116.385025,9.5,14.46,71.4,9,1.5,88.5,4.095,-3.7,0,1,3341
2026-04-04T11:50:44,-3.170007,-116.383247,8.3,14.71,66.7,9,1.5,88.5,4.091,-3.7,0,1,3342
2026-04-04T11:51:13,-3.169368,-116.381386,16.0,15.38,69.9,10,1.1,88.8,4.094,-4.2,0,1,3343
2026-04-04T11:51:41,-3.168820,-116.379623,14.2,15.01,69.1,10,1.1,88.8,4.088,-4.2,0,1,3344
2026-04-04T11:52:09,-3.168400,-116.377754,3.4,14.43,73.7,10,1.1,88.6,4.090,-4.2,0,1,3345
2026-04-04T11:52:38,-3.167678,-116.375900,22.7,16.48,75.6,9,1.5,88.8,4.095,-4.2,0,1,3346
2026-04-04T11:53:06,-3.167122,-116.374031,27.2,15.48,72.6,9,1.5,88.4,4.094,-4.0,0,1,3347
2026-04-04T11:53:34,-3.166522,-116.372200,24.1,14.74,72.3,10,1.1,88.6,4.091,-4.2,0,1,3348
2026-04-04T11:54:03,-3.165958,-116.370293,26.4,14.72,73.0,9,1.5,88.8,4.094,2364.1,0,1,3349
2026-04-04T11:54:31,-3.165420,-116.368484,24.8,15.45,78.5,10,1.1,88.4,4.088,-4.0,0,1,3350
2026-04-04T11:54:59,-3.164795,-116.366722,24.6,14.44,74.0,9,1.5,88.6,4.090,-4.2,0,1,3351
2026-04-04T11:55:28,-3.164230,-116.364861,30.2,14.46,74.8,11,1.1,88.5,4.094,-3.7,0,1,3352
2026-04-04T11:55:56,-3.163643,-116.363121,43.1,13.89,71.6,11,1.1,88.4,4.091,-4.0,0,1,3353
2026-04-04T11:56:24,-3.163045,-116.361320,48.9,14.85,72.0,10,1.5,88.4,4.088,-4.0,0,1,3354
2026-04-04T11:56:53,-3.162555,-116.359421,45.7,14.94,74.2,10,1.5,88.5,4.091,-3.7,0,1,3355
2026-04-04T11:57:21,-3.162000,-116.357620,43.3,14.88,71.2,10,1.5,88.2,4.094,-3.7,0,1,3356
2026-04-04T11:57:49,-3.161493,-116.355812,36.3,14.73,69.3,10,1.5,88.6,4.091,-4.2,0,1,3357
2026-04-04T11:58:18,-3.160893,-116.353973,32.0,14.22,70.0,10,1.5,88.6,4.090,-4.2,0,1,3358
2026-04-04T11:58:46,-3.160317,-116.352150,35.9,15.10,73.7,10,1.5,88.4,4.085,-4.0,0,1,3359
2026-04-04T11:59:14,-3.159737,-116.350349,37.4,14.61,72.7,10,1.5,88.6,4.091,-4.2,0,1,3360
2026-04-04T11:59:43,-3.159138,-116.348495,36.6,14.74,68.5,10,1.5,88.6,4.091,-4.2,0,1,3361
2026-04-04T12:00:11,-3.158633,-116.346672,33.5,14.35,71.6,11,1.1,88.4,4.093,-4.0,0,1,3362
2026-04-04T12:00:39,-3.158134,-116.344841,23.9,14.81,70.7,10,1.5,88.6,4.086,-4.2,0,1,3363
2026-04-04T12:01:08,-3.157602,-116.342949,23.3,14.72,72.1,10,1.5,88.4,4.093,-4.0,0,1,3364
2026-04-04T12:01:36,-3.157107,-116.341156,20.9,14.35,73.3,10,1.5,88.4,4.086,-4.0,0,1,3365
2026-04-04T12:02:04,-3.156493,-116.339363,23.7,14.02,72.9,10,1.5,88.4,4.088,-4.0,0,1,3366
2026-04-04T12:02:33,-3.155932,-116.337540,23.7,13.52,72.5,10,1.5,88.4,4.085,-4.0,0,1,3367
2026-04-04T12:03:01,-3.155423,-116.335709,15.8,14.57,72.0,10,1.5,88.2,4.091,-3.7,0,1,3368
2026-04-04T12:03:29,-3.154843,-116.333923,15.2,14.27,72.1,10,1.5,88.2,4.084,-3.7,0,1,3369
2026-04-04T12:03:58,-3.154255,-116.332054,23.8,14.29,72.9,10,1.5,88.4,4.090,-4.0,0,1,3370
2026-04-04T12:04:26,-3.153658,-116.330307,25.4,15.22,73.9,11,1.3,88.1,4.090,-4.0,0,1,3371
2026-04-04T12:04:54,-3.153131,-116.328537,25.1,15.16,69.7,13,1.0,88.1,4.085,-4.0,0,1,3372
2026-04-04T12:05:23,-3.152550,-116.326706,22.4,14.35,69.7,13,1.0,88.4,4.086,-4.0,0,1,3373
2026-04-04T12:05:51,-3.151955,-116.324928,22.5,14.30,72.7,13,1.0,88.1,4.090,-4.0,0,1,3374
2026-04-04T12:06:19,-3.151362,-116.323151,22.1,14.87,69.4,13,1.0,88.1,4.085,-4.0,0,1,3375
2026-04-04T12:06:48,-3.150757,-116.321304,20.1,14.38,69.4,13,1.1,88.1,4.084,-4.0,0,1,3376
2026-04-04T12:07:16,-3.150167,-116.319527,24.4,14.89,70.7,13,1.1,88.1,4.088,-4.0,0,1,3377
2026-04-04T12:07:44,-3.149572,-116.317719,25.6,14.71,72.0,13,1.1,88.2,4.084,-3.7,0,1,3378
2026-04-04T12:08:13,-3.148926,-116.315887,23.8,14.47,71.3,12,1.1,88.2,4.079,-3.7,0,1,3379
2026-04-04T12:08:41,-3.148360,-116.314072,25.8,14.84,70.7,12,1.1,88.1,4.088,-4.0,0,1,3380
2026-04-04T12:09:09,-3.147793,-116.312271,23.4,13.97,72.1,12,1.1,87.9,4.082,-3.7,0,1,3381
2026-04-04T12:09:38,-3.147227,-116.310371,21.9,14.97,70.5,12,1.1,88.1,4.086,-4.0,0,1,3382
2026-04-04T12:10:06,-3.146695,-116.308533,23.5,15.18,71.5,12,1.1,87.9,4.085,-3.7,0,1,3383
2026-04-04T12:10:34,-3.146152,-116.306717,21.5,14.50,72.4,12,1.1,87.9,4.084,-3.7,0,1,3384
2026-04-04T12:11:03,-3.145472,-116.304810,14.9,14.55,72.2,12,1.1,88.2,4.088,-3.7,0,1,3385
2026-04-04T12:11:31,-3.144852,-116.303017,17.2,14.79,69.2,12,1.1,88.2,4.082,-3.7,0,1,3386
2026-04-04T12:11:59,-3.144325,-116.301186,16.3,14.54,71.2,12,1.1,87.8,4.082,-3.7,0,1,3387
2026-04-04T12:12:28,-3.143758,-116.299286,16.0,14.72,72.0,12,1.1,87.9,4.085,-3.7,0,1,3388
2026-04-04T12:12:56,-3.143158,-116.297501,17.9,14.72,74.0,12,1.1,87.9,4.088,-3.7,0,1,3389
2026-04-04T12:13:24,-3.142610,-116.295708,18.7,14.82,70.7,12,1.1,88.1,4.080,-4.0,0,1,3390
2026-04-04T12:13:53,-3.142062,-116.293877,20.2,14.39,70.3,12,1.1,87.9,4.082,-3.7,0,1,3391
2026-04-04T12:14:21,-3.141457,-116.292068,21.4,14.39,74.3,12,1.1,87.8,4.081,-3.7,0,1,3392
2026-04-04T12:14:49,-3.140890,-116.290237,22.7,14.29,71.4,12,1.1,87.9,4.082,-3.7,0,1,3393
2026-04-04T12:15:18,-3.140310,-116.288361,23.7,14.77,70.4,12,1.1,87.9,4.085,-3.7,0,1,3394
2026-04-04T12:15:46,-3.139705,-116.286537,28.0,15.30,73.0,12,1.1,87.8,4.086,-3.7,0,1,3395
2026-04-04T12:16:14,-3.139150,-116.284760,33.8,14.27,72.2,12,1.1,87.6,4.081,-4.0,0,1,3396
2026-04-04T12:16:43,-3.138568,-116.282890,29.1,14.27,74.8,12,1.1,87.8,4.086,-3.7,0,1,3397
2026-04-04T12:17:11,-3.138008,-116.281090,30.7,14.40,72.4,12,1.1,87.6,4.086,-4.0,0,1,3398
2026-04-04T12:17:39,-3.137472,-116.279312,29.5,14.28,74.5,12,1.1,87.5,4.079,-3.7,0,1,3399
2026-04-04T12:18:08,-3.136930,-116.277428,24.0,14.46,76.7,12,1.1,87.6,4.085,-4.0,0,1,3400
2026-04-04T12:18:36,-3.136330,-116.275620,20.5,14.01,76.2,12,1.1,87.6,4.086,-4.0,0,1,3401
2026-04-04T12:19:04,-3.135710,-116.273857,21.8,14.17,73.6,12,1.2,87.6,4.081,-4.0,0,1,3402
2026-04-04T12:19:33,-3.135125,-116.271965,19.2,14.17,72.8,12,1.1,87.9,4.080,-3.7,0,1,3403
2026-04-04T12:20:01,-3.134620,-116.270157,24.1,14.26,71.0,12,1.1,87.5,4.084,-3.7,0,1,3404
2026-04-04T12:20:29,-3.134015,-116.268326,21.3,15.45,72.7,12,1.1,87.6,4.084,-4.0,0,1,3405
2026-04-04T12:20:58,-3.133417,-116.266457,20.4,14.40,71.1,12,1.1,87.8,4.080,-3.7,0,1,3406
2026-04-04T12:21:26,-3.132858,-116.264626,15.5,15.11,78.2,12,1.1,87.5,4.086,-3.7,0,1,3407
2026-04-04T12:21:54,-3.132195,-116.262825,14.6,14.93,70.8,12,1.1,87.6,4.080,-4.0,0,1,3408
2026-04-04T12:22:23,-3.131508,-116.260994,13.7,14.87,71.6,12,1.1,87.6,4.082,2333.1,0,1,3409
2026-04-04T12:22:51,-3.130985,-116.259148,14.1,14.66,72.6,12,1.1,87.5,4.082,-3.7,0,1,3410
2026-04-04T12:23:19,-3.130495,-116.257309,10.8,14.28,73.2,12,1.1,87.6,4.079,-4.0,0,1,3411
2026-04-04T12:23:48,-3.129943,-116.255447,10.3,14.77,78.3,12,1.1,87.5,4.079,-3.7,0,1,3412
2026-04-04T12:24:16,-3.129298,-116.253609,11.9,16.04,79.1,12,1.1,87.5,4.084,-3.7,0,1,3413
2026-04-04T12:24:44,-3.128672,-116.251823,14.3,14.80,71.1,12,1.1,87.5,4.080,-3.7,0,1,3414
2026-04-04T12:25:13,-3.128077,-116.249969,14.9,15.24,67.2,12,1.1,87.4,4.082,-3.7,0,1,3415
2026-04-04T12:25:41,-3.127472,-116.248131,8.2,14.03,73.9,11,1.2,87.2,4.082,-4.0,0,1,3416
2026-04-04T12:26:09,-3.126923,-116.246284,8.8,14.75,75.0,11,1.2,87.5,4.077,-3.7,0,1,3417
2026-04-04T12:26:38,-3.126347,-116.244438,2.6,14.68,73.8,11,1.2,87.5,4.084,-3.7,0,1,3418
2026-04-04T12:27:06,-3.125748,-116.242676,0.6,15.05,75.9,11,1.2,87.2,4.081,-4.0,0,1,3419
2026-04-04T12:27:34,-3.125208,-116.240860,6.2,14.60,72.8,11,1.2,87.2,4.079,-4.0,0,1,3420
2026-04-04T12:28:03,-3.124622,-116.238991,1.4,14.99,68.7,11,1.2,87.5,4.079,-3.7,0,1,3421
2026-04-04T12:28:31,-3.124125,-116.237144,0.6,14.30,73.6,11,1.2,87.4,4.081,-3.7,0,1,3422
2026-04-04T12:28:59,-3.123540,-116.235329,-5.7,14.15,72.4,10,1.4,87.6,4.076,-4.0,0,1,3423
2026-04-04T12:29:28,-3.123040,-116.233360,-17.6,15.16,77.7,10,1.4,87.4,4.081,-3.7,0,1,3424
2026-04-04T12:29:56,-3.122390,-116.231590,-10.9,15.67,71.9,10,1.8,87.5,4.081,-3.7,0,1,3425
2026-04-04T12:30:24,-3.121845,-116.229782,-15.4,14.73,74.3,10,1.4,87.2,4.075,-4.0,0,1,3426
2026-04-04T12:30:53,-3.121257,-116.227890,-18.4,14.37,73.9,9,2.1,87.2,4.075,-4.0,0,1,3427
2026-04-04T12:31:21,-3.120743,-116.226059,-14.1,14.54,73.9,10,1.4,87.1,4.081,-3.7,0,1,3428
2026-04-04T12:31:49,-3.120223,-116.224205,-15.9,14.92,70.2,10,1.4,87.4,4.075,-3.7,0,1,3429
2026-04-04T12:32:18,-3.119618,-116.222389,-5.5,14.93,71.8,10,1.3,87.6,4.079,-4.0,0,1,3430
2026-04-04T12:32:46,-3.119120,-116.220581,-2.2,14.17,69.1,10,1.3,87.1,4.081,-3.7,0,1,3431
2026-04-04T12:33:14,-3.118507,-116.218765,-10.7,14.12,72.9,10,1.3,87.4,4.080,-3.7,0,1,3432
2026-04-04T12:33:43,-3.117897,-116.216896,-11.4,14.86,73.5,10,1.3,87.2,4.080,-4.0,0,1,3433
2026-04-04T12:34:11,-3.117368,-116.215118,-10.3,15.16,73.8,10,1.3,86.9,4.080,-4.0,0,1,3434
2026-04-04T12:34:39,-3.116835,-116.213303,-11.3,14.36,72.8,10,1.3,87.2,4.076,-4.0,0,1,3435
2026-04-04T12:35:08,-3.116333,-116.211395,-13.0,14.55,73.4,10,1.3,87.4,4.079,-3.7,0,1,3436
2026-04-04T12:35:36,-3.115819,-116.209587,-13.1,13.88,72.8,10,1.3,87.1,4.073,-3.7,0,1,3437
2026-04-04T12:36:04,-3.115228,-116.207832,-7.3,14.35,70.8,10,1.3,86.9,4.077,-4.0,0,1,3438
2026-04-04T12:36:33,-3.114577,-116.205994,-5.4,15.19,76.6,10,1.3,87.2,4.079,-4.0,0,1,3439
2026-04-04T12:37:01,-3.113995,-116.204185,-5.1,13.46,70.5,10,1.3,86.8,4.079,-3.7,0,1,3440
2026-04-04T12:37:29,-3.113472,-116.202370,-4.0,14.82,74.1,10,1.3,87.1,4.080,-3.7,0,1,3441
2026-04-04T12:37:58,-3.112935,-116.200470,-2.5,14.75,74.7,10,1.3,87.1,4.079,-3.7,0,1,3442
2026-04-04T12:38:26,-3.112383,-116.198654,-2.1,14.41,71.4,10,1.3,86.8,4.079,-3.7,0,1,3443
2026-04-04T12:38:54,-3.111860,-116.196861,5.6,14.59,76.1,10,1.3,87.1,4.077,-3.7,0,1,3444
2026-04-04T12:39:23,-3.111275,-116.194984,5.6,14.57,73.5,10,1.3,86.9,4.079,-4.0,0,1,3445
2026-04-04T12:39:51,-3.110739,-116.193161,6.3,15.15,76.1,10,1.3,86.9,4.076,-4.0,0,1,3446
2026-04-04T12:40:19,-3.110230,-116.191376,8.5,14.06,75.1,10,1.3,86.8,4.076,-3.7,0,1,3447
2026-04-04T12:40:48,-3.109707,-116.189468,10.8,14.86,75.8,10,1.3,87.1,4.080,-3.7,0,1,3448
2026-04-04T12:41:16,-3.109123,-116.187698,15.1,14.50,74.7,10,1.3,86.6,4.079,-3.7,0,1,3449
2026-04-04T12:41:44,-3.108578,-116.185898,16.2,14.21,74.2,10,1.3,86.6,4.077,-3.7,0,1,3450
2026-04-04T12:42:13,-3.108060,-116.184013,15.4,14.26,74.6,10,1.3,86.9,4.076,-4.0,0,1,3451
2026-04-04T12:42:41,-3.107445,-116.182220,17.9,14.45,75.0,10,1.3,86.8,4.071,-3.7,0,1,3452
2026-04-04T12:43:09,-3.106910,-116.180443,22.8,13.80,73.4,10,1.3,86.8,4.076,-3.7,0,1,3453
2026-04-04T12:43:38,-3.106300,-116.178574,32.0,14.15,72.9,10,1.3,86.9,4.079,-4.0,0,1,3454
2026-04-04T12:44:06,-3.105830,-116.176743,28.8,14.34,76.8,10,1.3,86.6,4.071,-3.7,0,1,3455
2026-04-04T12:44:34,-3.105347,-116.174950,24.1,14.39,73.7,10,1.3,86.6,4.077,-3.7,0,1,3456
2026-04-04T12:45:03,-3.104802,-116.173065,25.9,15.27,75.9,10,1.2,86.9,4.077,-4.0,0,1,3457
2026-04-04T12:45:31,-3.104330,-116.171242,23.7,15.54,78.5,10,1.2,86.5,4.076,-4.0,0,1,3458
2026-04-04T12:45:59,-3.103857,-116.169380,22.7,15.01,78.3,10,1.2,86.6,4.077,-3.7,0,1,3459
2026-04-04T12:46:28,-3.103245,-116.167549,28.6,14.74,71.0,9,1.3,86.8,4.076,-3.7,0,1,3460
2026-04-04T12:46:56,-3.102727,-116.165749,33.6,14.46,78.6,10,1.2,86.6,4.076,-3.7,0,1,3461
2026-04-04T12:47:24,-3.102167,-116.163933,32.4,15.01,68.0,10,1.2,86.6,4.076,-3.7,0,1,3462
2026-04-04T12:47:53,-3.101700,-116.162048,27.2,15.14,75.7,10,1.2,86.5,4.076,-4.0,0,1,3463
2026-04-04T12:48:21,-3.101160,-116.160233,24.8,14.26,70.1,10,1.2,86.5,4.075,-4.0,0,1,3464
2026-04-04T12:48:49,-3.100687,-116.158386,21.4,14.18,71.8,10,1.2,86.5,4.075,-4.0,0,1,3465
2026-04-04T12:49:18,-3.100245,-116.156456,3.7,13.23,69.7,10,1.2,86.6,4.076,-3.7,0,1,3466
2026-04-04T12:49:46,-3.099768,-116.154625,3.5,13.86,74.7,9,1.8,86.5,4.075,-4.0,0,1,3467
2026-04-04T12:50:14,-3.099233,-116.152870,10.6,14.44,72.5,9,1.8,86.6,4.075,-3.7,0,1,3468
2026-04-04T12:50:43,-3.098748,-116.150978,0.7,13.54,74.8,10,1.2,86.6,4.074,-3.7,0,1,3469
2026-04-04T12:51:11,-3.098217,-116.149185,0.4,14.38,74.5,9,1.7,86.5,4.075,-4.0,0,1,3470
2026-04-04T12:51:39,-3.097753,-116.147339,-4.6,14.24,76.5,9,1.7,86.3,4.074,-3.7,0,1,3471
2026-04-04T12:52:08,-3.097332,-116.145348,-22.5,14.84,75.7,9,1.7,86.3,4.073,-3.7,0,1,3472
2026-04-04T12:52:36,-3.096848,-116.143524,-26.4,13.69,75.6,9,1.7,86.3,4.075,-3.7,0,1,3473
2026-04-04T12:53:04,-3.096410,-116.141693,-28.6,14.61,76.7,9,1.7,86.3,4.074,-3.7,0,1,3474
2026-04-04T12:53:33,-3.095832,-116.139816,-24.0,14.74,70.2,9,1.7,86.6,4.074,-3.7,0,1,3475
2026-04-04T12:54:01,-3.095280,-116.138115,-16.4,14.65,64.9,9,1.7,86.3,4.073,-3.7,0,1,3476
2026-04-04T12:54:29,-3.094765,-116.136230,-25.0,15.02,64.6,9,1.7,86.1,4.075,-4.0,0,1,3477
2026-04-04T12:54:58,-3.094140,-116.134361,-21.1,13.46,71.2,9,1.7,86.5,4.074,-4.0,0,1,3478
2026-04-04T12:55:26,-3.093560,-116.132515,-15.9,14.84,76.2,9,1.7,86.1,4.066,-4.0,0,1,3479
2026-04-04T12:55:54,-3.092992,-116.130775,-18.6,14.08,71.6,9,1.6,86.2,4.071,-3.7,0,1,3480
2026-04-04T12:56:23,-3.092532,-116.128860,-26.3,13.98,73.9,10,1.2,86.5,4.074,-4.0,0,1,3481
2026-04-04T12:56:51,-3.091985,-116.127037,-25.6,14.56,75.2,10,1.1,86.1,4.068,-4.0,0,1,3482
2026-04-04T12:57:19,-3.091425,-116.125259,-26.1,14.55,69.8,10,1.1,86.1,4.073,-4.0,0,1,3483
2026-04-04T12:57:48,-3.090847,-116.123329,-35.2,14.84,72.4,10,1.1,86.5,4.073,-4.0,0,1,3484
2026-04-04T12:58:16,-3.090293,-116.121552,-24.7,14.51,73.1,10,1.1,85.9,4.071,-3.7,0,1,3485
2026-04-04T12:58:44,-3.089723,-116.119766,-34.0,13.62,75.0,10,1.1,86.1,4.073,-4.0,0,1,3486
2026-04-04T12:59:13,-3.089098,-116.117966,-25.1,13.95,70.6,10,1.1,86.3,4.073,-3.7,0,1,3487
2026-04-04T12:59:41,-3.088652,-116.116119,-24.0,12.97,74.4,10,1.1,85.9,4.073,-3.7,0,1,3488
2026-04-04T13:00:09,-3.088198,-116.114304,-29.8,14.57,73.4,10,1.1,86.1,4.069,-4.0,0,1,3489
2026-04-04T13:00:38,-3.087560,-116.112434,-23.3,14.54,72.4,10,1.1,86.2,4.070,-3.7,0,1,3490
2026-04-04T13:01:06,-3.087002,-116.110603,-24.6,14.01,69.3,9,1.6,86.2,4.065,-3.7,0,1,3491
2026-04-04T13:01:34,-3.086463,-116.108749,-26.8,14.59,72.7,10,1.1,86.1,4.071,-4.0,0,1,3492
2026-04-04T13:02:03,-3.085895,-116.106865,-29.4,14.14,77.3,10,1.1,86.2,4.073,-3.7,0,1,3493
2026-04-04T13:02:31,-3.085373,-116.105034,-26.8,14.34,75.6,10,1.1,85.9,4.065,-3.7,0,1,3494
2026-04-04T13:02:59,-3.084840,-116.103180,-32.3,14.98,74.3,10,1.1,86.1,4.070,-4.0,0,1,3495
2026-04-04T13:03:28,-3.084230,-116.101311,-28.5,14.82,72.8,10,1.1,85.9,4.070,-3.7,0,1,3496
2026-04-04T13:03:56,-3.083732,-116.099442,-28.1,13.94,73.5,10,1.1,86.2,4.069,-3.7,0,1,3497
2026-04-04T13:04:24,-3.083105,-116.097649,-28.9,14.26,75.6,9,1.1,86.1,4.073,-4.0,0,1,3498
2026-04-04T13:04:53,-3.082590,-116.095772,-33.9,14.98,77.5,10,1.1,86.5,4.070,-4.0,0,1,3499
2026-04-04T13:05:21,-3.081987,-116.094017,-24.2,14.41,75.1,10,1.1,85.8,4.070,-4.0,0,1,3500
2026-04-04T13:05:49,-3.081455,-116.092224,-17.8,14.36,73.8,9,1.5,85.9,4.070,-3.7,0,1,3501
2026-04-04T13:06:18,-3.080787,-116.090370,-17.6,14.58,66.9,10,1.1,85.9,4.070,2287.4,0,1,3502
2026-04-04T13:06:46,-3.080238,-116.088539,-20.5,15.25,71.1,9,1.1,85.8,4.070,-4.0,0,1,3503
2026-04-04T13:07:14,-3.079720,-116.086708,-19.9,14.09,73.4,10,1.1,85.6,4.068,-3.7,0,1,3504
2026-04-04T13:07:43,-3.079175,-116.084816,-18.9,14.54,76.5,9,1.1,85.9,4.068,-3.7,0,1,3505
2026-04-04T13:08:11,-3.078637,-116.082993,-9.5,14.79,72.8,9,1.5,85.8,4.070,-4.0,0,1,3506
2026-04-04T13:08:39,-3.078113,-116.081253,-10.7,15.09,72.6,10,1.1,86.1,4.069,-4.0,0,1,3507
2026-04-04T13:09:08,-3.077595,-116.079361,-8.7,15.19,74.9,9,1.1,86.1,4.070,-4.0,0,1,3508
2026-04-04T13:09:36,-3.077027,-116.077507,-14.2,15.80,70.1,10,1.1,85.8,4.068,-4.0,0,1,3509
2026-04-04T13:10:04,-3.076415,-116.075722,1.2,14.86,69.9,10,1.1,85.8,4.068,-4.0,0,1,3510
2026-04-04T13:10:33,-3.075883,-116.073883,6.6,14.26,74.0,8,2.0,86.1,4.069,-4.0,0,1,3511
2026-04-04T13:11:01,-3.075353,-116.072037,3.9,15.32,75.5,9,1.4,85.8,4.066,-4.0,0,1,3512
2026-04-04T13:11:29,-3.074845,-116.070236,2.3,14.80,70.0,9,1.4,85.8,4.064,-4.0,0,1,3513
2026-04-04T13:11:58,-3.074320,-116.068336,-6.4,15.10,74.2,8,1.9,85.8,4.066,-4.0,0,1,3514
2026-04-04T13:12:26,-3.073738,-116.066574,-2.1,14.28,70.8,8,1.9,85.8,4.062,-4.0,0,1,3515
2026-04-04T13:12:54,-3.073195,-116.064743,-0.8,13.97,71.5,9,1.4,85.8,4.061,-4.0,0,1,3516
2026-04-04T13:13:23,-3.072638,-116.062874,1.7,14.63,74.9,8,1.9,85.9,4.065,-3.7,0,1,3517
2026-04-04T13:13:51,-3.072158,-116.061066,5.8,14.22,77.5,9,1.4,85.5,4.065,-3.7,0,1,3518
2026-04-04T13:14:19,-3.071690,-116.059227,15.2,14.13,73.0,8,1.9,85.3,4.061,-4.0,0,1,3519
2026-04-04T13:14:48,-3.071077,-116.057358,7.9,14.82,74.3,9,1.1,85.8,4.062,-4.0,0,1,3520
2026-04-04T13:15:16,-3.070615,-116.055542,-9.0,15.72,75.8,9,1.8,85.6,4.059,-3.7,0,1,3521
2026-04-04T13:15:44,-3.070098,-116.053719,-17.8,14.30,78.1,8,1.8,85.3,4.066,-4.0,0,1,3522
2026-04-04T13:16:13,-3.069592,-116.051811,-12.9,14.56,76.1,8,1.8,85.5,4.062,-3.7,0,1,3523
2026-04-04T13:16:41,-3.069165,-116.049957,-29.8,14.28,71.2,8,1.8,85.3,4.068,-4.0,0,1,3524
2026-04-04T13:17:09,-3.068638,-116.048180,-23.2,14.29,72.3,9,1.3,85.6,4.066,-3.7,0,1,3525
2026-04-04T13:17:38,-3.068178,-116.046234,-16.7,14.47,75.9,8,1.8,85.8,4.061,-4.0,0,1,3526
2026-04-04T13:18:06,-3.067638,-116.044403,-21.9,14.74,69.3,8,1.8,85.5,4.066,-3.7,0,1,3527
2026-04-04T13:18:34,-3.067210,-116.042610,-16.6,14.45,77.3,7,1.8,85.3,4.066,-4.0,0,1,3528
2026-04-04T13:19:03,-3.066692,-116.040733,-21.0,14.75,77.5,8,1.8,85.5,4.061,-3.7,0,1,3529
2026-04-04T13:19:31,-3.066140,-116.038872,-29.9,15.28,74.8,8,1.7,85.2,4.065,-3.7,0,1,3530
2026-04-04T13:19:59,-3.065630,-116.037056,-32.4,14.58,72.3,8,1.7,85.3,4.065,-4.0,0,1,3531
2026-04-04T13:20:28,-3.065098,-116.035172,-33.4,15.01,74.6,8,1.7,85.6,4.065,-3.7,0,1,3532
2026-04-04T13:20:56,-3.064692,-116.033340,-9.8,15.60,70.3,8,1.7,85.3,4.065,-4.0,0,1,3533
2026-04-04T13:21:24,-3.064167,-116.031517,-4.3,13.82,74.7,8,1.7,85.3,4.066,-4.0,0,1,3534
2026-04-04T13:21:53,-3.063673,-116.029610,2.1,14.60,74.2,8,1.7,85.3,4.066,-4.0,0,1,3535
2026-04-04T13:22:21,-3.063220,-116.027748,2.4,14.13,74.1,9,1.3,85.2,4.065,-3.7,0,1,3536
2026-04-04T13:22:49,-3.062797,-116.025917,1.5,14.77,74.1,8,1.7,85.5,4.065,-3.7,0,1,3537
2026-04-04T13:23:18,-3.062300,-116.024025,-4.5,14.51,78.1,7,1.7,85.5,4.065,-3.7,0,1,3538
2026-04-04T13:23:46,-3.061763,-116.022156,-5.1,14.45,77.0,8,1.7,85.3,4.065,-4.0,0,1,3539
2026-04-04T13:24:14,-3.061219,-116.020355,-9.3,14.39,75.0,9,1.3,85.2,4.065,-3.7,0,1,3540
2026-04-04T13:24:43,-3.060712,-116.018494,4.3,14.54,70.6,8,1.6,85.3,4.064,-4.0,0,1,3541
2026-04-04T13:25:11,-3.060305,-116.016602,-6.7,13.72,67.3,8,1.6,85.2,4.062,-3.7,0,1,3542
2026-04-04T13:25:39,-3.059805,-116.014786,-7.7,15.09,69.2,8,1.6,85.2,4.064,-3.7,0,1,3543
2026-04-04T13:26:08,-3.059287,-116.012863,-11.8,14.88,71.2,8,1.6,85.1,4.064,-3.7,0,1,3544
2026-04-04T13:26:36,-3.058858,-116.010994,-11.9,14.96,74.4,8,1.6,84.9,4.065,-4.0,0,1,3545
2026-04-04T13:27:04,-3.058375,-116.009239,-8.0,14.61,73.9,8,1.6,85.1,4.061,-3.7,0,1,3546
2026-04-04T13:27:33,-3.057865,-116.007324,-11.4,14.76,75.4,8,1.6,85.2,4.065,-3.7,0,1,3547
2026-04-04T13:28:01,-3.057340,-116.005516,-6.0,15.33,71.4,8,1.6,84.9,4.062,-4.0,0,1,3548
2026-04-04T13:28:29,-3.056890,-116.003677,-4.1,14.70,73.8,8,1.6,84.9,4.062,-4.0,0,1,3549
2026-04-04T13:28:58,-3.056400,-116.001808,-5.3,14.85,69.7,9,1.5,85.1,4.062,-3.7,0,1,3550
2026-04-04T13:29:26,-3.055863,-116.000000,-10.5,15.29,71.7,9,1.5,85.3,4.061,-4.0,0,1,3551
2026-04-04T13:29:54,-3.055427,-115.998184,-9.0,14.13,69.8,9,1.5,85.3,4.064,-4.0,0,1,3552
2026-04-04T13:30:23,-3.054909,-115.996284,-9.2,14.17,71.9,9,1.5,85.1,4.064,-3.7,0,1,3553
2026-04-04T13:30:51,-3.054427,-115.994461,-9.9,14.80,72.2,9,1.5,85.1,4.054,-3.7,0,1,3554
2026-04-04T13:31:19,-3.053903,-115.992630,-15.9,14.76,71.1,8,1.5,85.3,4.064,-4.0,0,1,3555
2026-04-04T13:31:48,-3.053298,-115.990707,-24.4,14.91,70.1,8,1.5,85.2,4.064,-3.7,0,1,3556
2026-04-04T13:32:16,-3.052775,-115.988899,-20.9,14.27,80.2,8,1.5,84.9,4.061,-4.0,0,1,3557
2026-04-04T13:32:44,-3.052247,-115.987061,-25.9,14.99,71.1,8,1.5,85.1,4.061,-3.7,0,1,3558
2026-04-04T13:33:13,-3.051707,-115.985176,-25.2,14.43,75.8,8,1.5,85.3,4.062,-4.0,0,1,3559
2026-04-04T13:33:41,-3.051192,-115.983337,-28.8,15.79,69.2,8,1.5,85.1,4.061,-3.7,0,1,3560
2026-04-04T13:34:09,-3.050723,-115.981544,-21.7,14.55,75.7,8,1.5,84.8,4.059,-3.7,0,1,3561
2026-04-04T13:34:38,-3.050117,-115.979675,-10.0,13.70,72.1,8,1.5,85.1,4.060,-3.7,0,1,3562
2026-04-04T13:35:06,-3.049560,-115.977867,-11.2,13.80,74.4,8,1.5,84.9,4.061,-4.0,0,1,3563
2026-04-04T13:35:34,-3.049047,-115.976051,-6.9,14.93,73.7,8,1.5,84.8,4.060,-3.7,0,1,3564
2026-04-04T13:36:03,-3.048473,-115.974144,-2.8,14.88,74.0,8,1.5,84.9,4.060,-4.0,0,1,3565
2026-04-04T13:36:31,-3.047928,-115.972328,0.3,15.11,76.6,8,1.4,84.6,4.060,-4.0,0,1,3566
2026-04-04T13:36:59,-3.047418,-115.970482,0.7,14.19,74.0,8,1.4,84.8,4.060,-3.7,0,1,3567
2026-04-04T13:37:28,-3.046863,-115.968628,2.1,13.88,73.0,8,1.4,84.9,4.060,-4.0,0,1,3568
2026-04-04T13:37:56,-3.046325,-115.966820,-1.5,15.22,72.7,8,1.4,84.6,4.057,-4.0,0,1,3569
2026-04-04T13:38:24,-3.045805,-115.964989,2.7,14.51,70.7,7,2.2,84.8,4.057,-3.7,0,1,3570
2026-04-04T13:38:53,-3.045253,-115.963120,-0.6,13.95,67.1,7,2.2,84.9,4.060,-4.0,0,1,3571
2026-04-04T13:39:21,-3.044728,-115.961304,-15.1,13.96,72.9,7,2.2,84.6,4.059,-4.0,0,1,3572
2026-04-04T13:39:49,-3.044210,-115.959450,-18.2,14.66,73.4,7,2.1,84.6,4.056,-4.0,0,1,3573
2026-04-04T13:40:18,-3.043577,-115.957619,-15.9,14.19,71.3,8,1.8,84.8,4.059,-3.7,0,1,3574
2026-04-04T13:40:46,-3.043023,-115.955818,-19.2,14.40,70.6,8,1.8,84.3,4.060,-3.7,0,1,3575
2026-04-04T13:41:14,-3.042505,-115.954033,-1.7,14.10,68.8,9,2.5,84.5,4.059,-3.7,0,1,3576
2026-04-04T13:41:43,-3.041902,-115.952194,8.3,14.54,69.8,10,1.1,84.5,4.055,-3.7,0,1,3577
2026-04-04T13:42:11,-3.041348,-115.950371,4.7,15.07,71.7,10,1.1,84.8,4.057,-3.7,0,1,3578
2026-04-04T13:42:39,-3.040808,-115.948570,7.7,14.40,71.8,10,1.1,84.6,4.054,-4.0,0,1,3579
2026-04-04T13:43:08,-3.040172,-115.946663,11.4,14.30,73.1,10,1.1,84.8,4.055,-3.7,0,1,3580
2026-04-04T13:43:36,-3.039608,-115.944847,11.3,14.18,68.9,10,1.1,84.6,4.056,-4.0,0,1,3581
2026-04-04T13:44:04,-3.038962,-115.943062,13.7,14.00,66.4,10,1.1,84.5,4.054,-3.7,0,1,3582
2026-04-04T13:44:33,-3.038395,-115.941170,17.4,13.82,73.8,10,1.1,84.5,4.055,-3.7,0,1,3583
2026-04-04T13:45:01,-3.037855,-115.939354,9.0,13.95,70.1,10,1.1,84.6,4.057,-4.0,0,1,3584
2026-04-04T13:45:29,-3.037223,-115.937538,16.0,13.93,68.4,10,1.1,84.3,4.054,-3.7,0,1,3585
2026-04-04T13:45:58,-3.036575,-115.935669,15.5,13.92,70.3,10,1.1,84.9,4.055,-4.0,0,1,3586
2026-04-04T13:46:26,-3.036005,-115.933861,18.2,15.02,69.4,10,1.1,84.6,4.057,-4.0,0,1,3587
2026-04-04T13:46:54,-3.035487,-115.932068,13.0,13.74,75.3,11,1.1,84.5,4.059,-3.7,0,1,3588
2026-04-04T13:47:23,-3.034945,-115.930176,11.8,14.47,72.0,11,1.1,84.5,4.052,-3.7,0,1,3589
2026-04-04T13:47:51,-3.034312,-115.928383,22.4,14.66,69.1,11,1.1,84.2,4.050,-4.4,0,1,3590
2026-04-04T13:48:19,-3.033745,-115.926567,24.4,14.34,69.9,11,1.1,84.5,4.052,-3.7,0,1,3591
2026-04-04T13:48:48,-3.033183,-115.924713,20.9,14.53,68.7,10,1.6,84.5,4.050,-3.7,0,1,3592
2026-04-04T13:49:16,-3.032677,-115.922905,15.9,14.32,74.2,11,1.1,84.2,4.055,-4.4,0,1,3593
2026-04-04T13:49:44,-3.032128,-115.921089,23.5,14.09,71.4,11,1.6,84.3,4.052,-3.7,0,1,3594
2026-04-04T13:50:13,-3.031425,-115.919167,36.1,15.31,67.8,12,1.1,84.5,4.056,2249.1,0,1,3595
2026-04-04T13:50:41,-3.030895,-115.917374,37.1,14.41,71.1,12,1.1,84.2,4.056,-4.4,0,1,3596
2026-04-04T13:51:09,-3.030355,-115.915558,40.0,15.12,68.2,12,1.1,84.3,4.051,-3.7,0,1,3597
2026-04-04T13:51:38,-3.029860,-115.913666,35.1,14.55,74.9,12,1.1,84.3,4.050,-3.7,0,1,3598
2026-04-04T13:52:06,-3.029273,-115.911873,37.1,14.77,75.3,11,1.6,84.2,4.055,-4.4,0,1,3599
2026-04-04T13:52:34,-3.028735,-115.910065,34.6,15.01,74.6,12,1.1,84.0,4.051,-4.4,0,1,3600
2026-04-04T13:53:03,-3.028177,-115.908134,29.8,14.47,70.4,11,1.6,84.2,4.056,-4.4,0,1,3601
2026-04-04T13:53:31,-3.027667,-115.906303,28.9,14.58,71.8,11,1.5,84.3,4.055,-3.7,0,1,3602
2026-04-04T13:53:59,-3.027133,-115.904449,33.8,14.45,71.8,11,1.5,84.2,4.050,-4.4,0,1,3603
2026-04-04T13:54:28,-3.026512,-115.902527,38.1,14.31,70.7,11,1.5,84.3,4.048,-3.7,0,1,3604
2026-04-04T13:54:56,-3.026078,-115.900726,34.7,15.19,75.0,11,1.5,83.8,4.055,-4.4,0,1,3605
2026-04-04T13:55:24,-3.025452,-115.898918,40.1,14.86,71.1,11,1.5,84.3,4.049,-3.7,0,1,3606
2026-04-04T13:55:53,-3.024763,-115.897026,52.1,15.32,71.7,11,1.5,84.2,4.051,-4.4,0,1,3607
2026-04-04T13:56:21,-3.024185,-115.895180,58.8,15.66,73.5,11,1.5,84.0,4.054,-4.4,0,1,3608
2026-04-04T13:56:49,-3.023655,-115.893341,57.0,14.09,73.3,11,1.5,84.0,4.050,-4.4,0,1,3609
2026-04-04T13:57:18,-3.023090,-115.891441,51.8,14.54,73.7,11,1.5,84.2,4.048,-4.4,0,1,3610
2026-04-04T13:57:46,-3.022638,-115.889610,40.3,15.54,71.0,11,1.5,84.0,4.049,-4.4,0,1,3611
2026-04-04T13:58:14,-3.022013,-115.887794,40.1,14.88,72.9,11,1.5,83.8,4.049,-4.4,0,1,3612
2026-04-04T13:58:43,-3.021490,-115.885864,38.5,14.30,72.1,11,1.5,83.8,4.052,-4.4,0,1,3613
2026-04-04T13:59:11,-3.020943,-115.884033,39.8,13.68,71.4,11,1.5,84.0,4.052,-4.4,0,1,3614
2026-04-04T13:59:39,-3.020422,-115.882202,39.8,14.80,72.9,11,1.5,83.8,4.050,-4.4,0,1,3615
2026-04-04T14:00:08,-3.019873,-115.880318,30.7,14.49,74.7,11,1.5,84.2,4.052,-4.4,0,1,3616
2026-04-04T14:00:36,-3.019322,-115.878517,27.5,12.71,71.3,11,1.5,83.7,4.046,-4.4,0,1,3617
2026-04-04T14:01:04,-3.018800,-115.876656,25.8,14.69,71.4,11,1.5,83.8,4.048,-4.4,0,1,3618
2026-04-04T14:01:33,-3.018145,-115.874794,24.4,14.89,69.2,11,1.5,83.8,4.051,-4.4,0,1,3619
2026-04-04T14:02:01,-3.017622,-115.872971,28.2,15.69,75.0,11,1.5,84.0,4.051,-4.4,0,1,3620
2026-04-04T14:02:29,-3.017073,-115.871155,28.3,14.07,70.5,11,1.5,83.7,4.048,-4.4,0,1,3621
2026-04-04T14:02:58,-3.016518,-115.869270,26.1,14.38,74.5,11,1.5,83.8,4.048,-4.4,0,1,3622
2026-04-04T14:03:26,-3.016140,-115.867401,15.2,13.50,73.4,11,1.5,83.7,4.052,-4.4,0,1,3623
2026-04-04T14:03:54,-3.015542,-115.865585,19.4,13.85,73.2,11,1.5,83.8,4.048,-4.4,0,1,3624
2026-04-04T14:04:23,-3.015007,-115.863747,16.6,13.32,72.0,11,1.5,84.0,4.044,-4.4,0,1,3625
2026-04-04T14:04:51,-3.014448,-115.861916,19.0,13.89,76.2,11,1.4,83.7,4.045,-4.4,0,1,3626
2026-04-04T14:05:19,-3.013885,-115.860100,22.1,14.08,77.2,11,1.4,83.7,4.046,-4.4,0,1,3627
2026-04-04T14:05:48,-3.013272,-115.858231,26.4,14.17,72.9,11,1.4,83.8,4.046,-4.4,0,1,3628
2026-04-04T14:06:16,-3.012698,-115.856384,27.4,15.50,70.0,11,1.4,83.7,4.044,-4.4,0,1,3629
2026-04-04T14:06:44,-3.012108,-115.854568,28.5,14.22,68.2,11,1.4,83.4,4.046,-4.4,0,1,3630
2026-04-04T14:07:13,-3.011507,-115.852661,35.4,14.72,71.7,11,1.4,83.8,4.044,-4.4,0,1,3631
2026-04-04T14:07:41,-3.010942,-115.850853,40.3,15.47,67.6,11,1.4,83.7,4.050,-4.4,0,1,3632
2026-04-04T14:08:09,-3.010333,-115.849060,40.5,14.51,67.1,11,1.4,83.7,4.045,-4.4,0,1,3633
2026-04-04T14:08:38,-3.009910,-115.847183,29.5,14.46,73.6,11,1.4,83.5,4.045,-4.4,0,1,3634
2026-04-04T14:09:06,-3.009542,-115.845322,14.7,13.93,77.9,11,1.4,83.5,4.044,-4.4,0,1,3635
2026-04-04T14:09:34,-3.009047,-115.843506,17.8,13.83,74.2,11,1.4,83.4,4.048,-4.4,0,1,3636
2026-04-04T14:10:03,-3.008367,-115.841599,23.8,14.15,70.2,11,1.4,83.5,4.049,-4.4,0,1,3637
2026-04-04T14:10:31,-3.007849,-115.839760,21.3,14.93,70.0,11,1.4,83.4,4.044,-4.4,0,1,3638
2026-04-04T14:10:59,-3.007267,-115.837952,23.8,14.82,73.9,11,1.4,83.5,4.048,-4.4,0,1,3639
2026-04-04T14:11:28,-3.006700,-115.836044,26.4,14.21,75.9,11,1.4,83.7,4.050,-4.4,0,1,3640
2026-04-04T14:11:56,-3.006175,-115.834213,25.7,14.63,72.1,11,1.4,83.4,4.049,-4.4,0,1,3641
2026-04-04T14:12:24,-3.005597,-115.832420,26.9,15.01,72.4,11,1.4,83.4,4.049,-4.4,0,1,3642
2026-04-04T14:12:53,-3.005049,-115.830513,28.7,14.46,73.4,11,1.3,83.7,4.049,-4.4,0,1,3643
2026-04-04T14:13:21,-3.004540,-115.828682,31.1,15.03,73.3,11,1.3,83.4,4.048,-4.4,0,1,3644
2026-04-04T14:13:49,-3.003975,-115.826866,33.1,14.62,71.1,11,1.3,83.2,4.048,-4.2,0,1,3645
2026-04-04T14:14:18,-3.003408,-115.824944,35.8,15.66,69.8,11,1.3,83.4,4.049,-4.4,0,1,3646
2026-04-04T14:14:46,-3.002812,-115.823120,43.5,14.86,68.3,11,1.3,83.5,4.043,-4.4,0,1,3647
2026-04-04T14:15:14,-3.002190,-115.821289,48.4,14.84,69.9,12,1.2,83.0,4.050,-4.4,0,1,3648
2026-04-04T14:15:43,-3.001662,-115.819427,45.7,14.55,69.7,12,1.2,83.5,4.045,-4.4,0,1,3649
2026-04-04T14:16:11,-3.001133,-115.817627,39.0,14.08,72.0,12,1.2,83.0,4.048,-4.4,0,1,3650
2026-04-04T14:16:39,-3.000613,-115.815781,36.4,14.55,67.7,12,1.2,83.4,4.044,-4.4,0,1,3651
2026-04-04T14:17:08,-3.000093,-115.813873,35.7,14.81,71.6,12,1.2,83.7,4.049,-4.4,0,1,3652
2026-04-04T14:17:36,-2.999525,-115.812042,33.2,14.44,73.0,12,1.2,83.4,4.045,-4.4,0,1,3653
2026-04-04T14:18:04,-2.998975,-115.810211,38.4,14.38,71.3,12,1.2,83.0,4.044,-4.4,0,1,3654
2026-04-04T14:18:33,-2.998445,-115.808296,29.9,14.40,71.2,12,1.2,83.2,4.048,-4.2,0,1,3655
2026-04-04T14:19:01,-2.997895,-115.806427,25.4,14.06,71.1,12,1.2,83.0,4.044,-4.4,0,1,3656
2026-04-04T14:19:29,-2.997517,-115.804520,15.4,14.80,70.7,12,1.2,83.2,4.041,-4.2,0,1,3657
2026-04-04T14:19:58,-2.997048,-115.802597,9.4,14.36,75.0,12,1.2,83.4,4.048,-4.4,0,1,3658
2026-04-04T14:20:26,-2.996567,-115.800743,10.4,13.87,71.8,12,1.2,83.2,4.046,-4.2,0,1,3659
2026-04-04T14:20:54,-2.995977,-115.798912,11.6,13.54,72.4,12,1.2,83.0,4.045,-4.4,0,1,3660
2026-04-04T14:21:23,-2.995322,-115.797005,16.9,14.32,69.5,12,1.2,83.2,4.048,-4.2,0,1,3661
2026-04-04T14:21:51,-2.994705,-115.795158,16.9,14.45,67.8,12,1.2,83.0,4.045,-4.4,0,1,3662
2026-04-04T14:22:19,-2.994215,-115.793343,18.5,15.15,71.7,12,1.2,83.0,4.043,-4.4,0,1,3663
2026-04-04T14:22:48,-2.993535,-115.791435,26.1,14.89,69.9,12,1.2,83.2,4.046,-4.2,0,1,3664
2026-04-04T14:23:16,-2.992982,-115.789642,25.6,14.97,70.1,12,1.2,82.7,4.045,-4.4,0,1,3665
2026-04-04T14:23:44,-2.992378,-115.787865,29.0,14.66,71.4,12,1.2,82.9,4.041,-4.4,0,1,3666
2026-04-04T14:24:13,-2.991723,-115.786064,31.9,14.99,71.7,12,1.2,83.2,4.045,-4.2,0,1,3667
2026-04-04T14:24:41,-2.991243,-115.784195,42.7,14.26,68.6,12,1.1,82.9,4.041,-4.4,0,1,3668
2026-04-04T14:25:09,-2.990772,-115.782326,43.3,14.38,73.1,12,1.1,82.9,4.045,-4.4,0,1,3669
2026-04-04T14:25:38,-2.990160,-115.780464,38.9,14.63,70.7,12,1.1,83.0,4.044,-4.4,0,1,3670
2026-04-04T14:26:06,-2.989633,-115.778679,38.3,14.25,75.1,12,1.1,82.7,4.039,-4.4,0,1,3671
2026-04-04T14:26:34,-2.989030,-115.776909,39.8,14.56,69.5,12,1.1,82.9,4.040,-4.4,0,1,3672
2026-04-04T14:27:03,-2.988467,-115.775017,35.4,14.49,78.4,12,1.1,82.9,4.045,2206.3,0,1,3673
2026-04-04T14:27:31,-2.987945,-115.773193,38.3,14.13,72.5,12,1.1,82.7,4.036,-4.4,0,1,3674
2026-04-04T14:27:59,-2.987382,-115.771378,42.7,14.81,68.9,12,1.1,82.7,4.041,-4.4,0,1,3675
2026-04-04T14:28:28,-2.986727,-115.769501,49.5,15.51,71.0,12,1.1,82.9,4.044,-4.4,0,1,3676
2026-04-04T14:28:56,-2.986170,-115.767654,49.8,14.03,72.1,12,1.1,82.7,4.044,-4.4,0,1,3677
2026-04-04T14:29:24,-2.985633,-115.765862,52.3,14.52,68.7,12,1.1,82.7,4.041,-4.4,0,1,3678
2026-04-04T14:29:53,-2.985148,-115.763954,48.2,14.34,70.8,12,1.1,82.9,4.043,-4.4,0,1,3679
2026-04-04T14:30:21,-2.984603,-115.762115,48.6,15.13,72.8,12,1.1,82.4,4.044,-4.4,0,1,3680
2026-04-04T14:30:49,-2.984025,-115.760307,53.2,14.20,73.6,12,1.1,82.9,4.041,-4.4,0,1,3681
2026-04-04T14:31:18,-2.983437,-115.758453,48.0,14.41,70.8,12,1.1,82.5,4.045,-4.4,0,1,3682
2026-04-04T14:31:46,-2.982872,-115.756660,49.1,14.56,72.2,12,1.1,82.4,4.041,-4.4,0,1,3683
2026-04-04T14:32:14,-2.982305,-115.754829,46.4,14.52,69.1,12,1.1,82.5,4.040,-4.4,0,1,3684
2026-04-04T14:32:43,-2.981675,-115.752945,43.2,14.38,70.5,12,1.1,82.9,4.044,-4.4,0,1,3685
2026-04-04T14:33:11,-2.981220,-115.751076,42.9,15.06,72.6,12,1.1,82.5,4.036,-4.4,0,1,3686
2026-04-04T14:33:39,-2.980670,-115.749245,36.0,14.22,70.9,12,1.1,82.5,4.041,-4.4,0,1,3687
2026-04-04T14:34:08,-2.980062,-115.747337,41.0,14.81,70.0,12,1.1,83.0,4.041,-4.4,0,1,3688
2026-04-04T14:34:36,-2.979528,-115.745522,31.6,14.48,74.0,12,1.1,82.4,4.036,-4.4,0,1,3689
2026-04-04T14:35:04,-2.978932,-115.743652,36.7,15.29,70.9,12,1.1,82.7,4.041,-4.4,0,1,3690
2026-04-04T14:35:33,-2.978408,-115.741760,31.6,14.73,74.1,12,1.4,82.7,4.040,-4.4,0,1,3691
2026-04-04T14:36:01,-2.977968,-115.739906,27.3,15.25,73.2,13,1.0,82.5,4.040,-4.4,0,1,3692
2026-04-04T14:36:29,-2.977520,-115.738098,17.6,13.84,73.6,12,1.1,82.5,4.039,-4.4,0,1,3693
2026-04-04T14:36:58,-2.977045,-115.736137,18.8,15.37,74.7,10,2.2,82.5,4.041,-4.4,0,1,3694
2026-04-04T14:37:26,-2.976565,-115.734314,18.1,14.96,75.2,11,1.7,82.4,4.041,-4.4,0,1,3695
2026-04-04T14:37:54,-2.976068,-115.732445,19.6,14.73,75.6,11,1.4,82.5,4.036,-4.4,0,1,3696
2026-04-04T14:38:23,-2.975497,-115.730560,25.1,14.54,76.1,11,1.4,82.5,4.034,-4.4,0,1,3697
2026-04-04T14:38:51,-2.974958,-115.728668,18.6,14.43,74.0,11,1.3,82.4,4.039,-4.4,0,1,3698
2026-04-04T14:39:19,-2.974395,-115.726807,8.3,15.15,71.2,11,1.6,82.4,4.037,-4.4,0,1,3699
2026-04-04T14:39:48,-2.973807,-115.724899,4.6,14.90,74.1,12,1.0,82.5,4.041,-4.4,0,1,3700
2026-04-04T14:40:16,-2.973212,-115.723083,0.4,15.52,74.8,11,1.3,82.2,4.035,-4.4,0,1,3701
2026-04-04T14:40:44,-2.972615,-115.721214,3.0,14.55,73.9,11,1.3,82.2,4.036,-4.4,0,1,3702
2026-04-04T14:41:13,-2.972043,-115.719360,2.2,14.71,70.4,11,1.3,82.5,4.040,-4.4,0,1,3703
2026-04-04T14:41:41,-2.971503,-115.717529,1.8,14.53,71.0,10,1.3,82.2,4.040,-4.4,0,1,3704
2026-04-04T14:42:09,-2.970953,-115.715675,5.1,14.80,74.2,11,1.3,82.4,4.037,-4.4,0,1,3705
2026-04-04T14:42:38,-2.970447,-115.713776,12.9,14.68,68.9,11,1.3,82.4,4.031,-4.4,0,1,3706
2026-04-04T14:43:06,-2.970021,-115.711922,17.5,15.06,73.5,12,1.2,82.1,4.040,-4.4,0,1,3707
2026-04-04T14:43:34,-2.969617,-115.710083,20.5,14.26,73.4,12,1.2,81.9,4.036,-4.2,0,1,3708
2026-04-04T14:44:03,-2.968975,-115.708221,12.1,15.10,73.2,12,1.2,82.2,4.034,-4.4,0,1,3709
2026-04-04T14:44:31,-2.968557,-115.706367,15.7,13.97,70.6,12,1.2,81.9,4.032,-4.2,0,1,3710
2026-04-04T14:44:59,-2.967993,-115.704552,24.4,14.36,75.2,11,1.9,82.2,4.034,-4.4,0,1,3711
2026-04-04T14:45:28,-2.967452,-115.702682,20.1,14.27,74.4,12,1.2,82.4,4.032,-4.4,0,1,3712
2026-04-04T14:45:56,-2.966725,-115.700905,25.1,14.33,70.9,11,2.6,81.9,4.039,-4.2,0,1,3713
2026-04-04T14:46:24,-2.966138,-115.699120,28.1,14.80,70.2,12,1.3,82.2,4.035,-4.4,0,1,3714
2026-04-04T14:46:53,-2.965562,-115.697227,30.6,14.93,72.9,11,1.9,82.4,4.040,-4.4,0,1,3715
2026-04-04T14:47:21,-2.964977,-115.695389,29.3,13.98,72.3,11,1.9,81.9,4.037,-4.2,0,1,3716
2026-04-04T14:47:49,-2.964377,-115.693596,31.0,14.56,75.7,11,1.8,82.2,4.034,-4.4,0,1,3717
2026-04-04T14:48:18,-2.963835,-115.691696,25.3,13.91,74.4,12,1.2,82.4,4.034,-4.4,0,1,3718
2026-04-04T14:48:46,-2.963325,-115.689857,14.9,15.56,66.8,13,1.0,81.7,4.037,-4.4,0,1,3719
2026-04-04T14:49:14,-2.962775,-115.688042,15.5,14.75,71.2,11,1.8,81.9,4.032,-4.2,0,1,3720
2026-04-04T14:49:43,-2.962228,-115.686066,20.3,15.06,70.8,12,1.2,82.4,4.039,-4.4,0,1,3721
2026-04-04T14:50:11,-2.961615,-115.684250,20.6,14.49,69.3,12,1.2,81.7,4.039,-4.4,0,1,3722
2026-04-04T14:50:39,-2.961008,-115.682495,7.1,14.74,63.7,13,1.1,81.7,4.032,-4.4,0,1,3723
2026-04-04T14:51:08,-2.960325,-115.680641,1.5,14.32,70.2,13,1.1,82.1,4.032,-4.4,0,1,3724
2026-04-04T14:51:36,-2.959687,-115.678833,8.5,15.06,73.1,13,1.1,81.7,4.039,-4.4,0,1,3725
2026-04-04T14:52:04,-2.959125,-115.677032,6.1,14.52,65.0,13,1.1,81.7,4.032,-4.4,0,1,3726
2026-04-04T14:52:33,-2.958592,-115.675133,-0.7,14.26,70.9,13,1.1,82.1,4.031,-4.4,0,1,3727
2026-04-04T14:53:01,-2.958005,-115.673256,6.6,14.61,72.5,12,1.8,81.7,4.030,-4.4,0,1,3728
2026-04-04T14:53:29,-2.957423,-115.671440,8.1,14.31,75.1,12,1.8,81.6,4.031,-4.4,0,1,3729
2026-04-04T14:53:58,-2.956867,-115.669594,3.6,14.19,69.5,12,1.8,81.9,4.031,-4.2,0,1,3730
2026-04-04T14:54:26,-2.956165,-115.667801,12.1,14.44,70.6,12,1.8,81.6,4.036,-4.4,0,1,3731
2026-04-04T14:54:54,-2.955663,-115.665955,17.9,14.31,74.3,12,1.8,81.6,4.031,-4.4,0,1,3732
2026-04-04T14:55:23,-2.955122,-115.664055,21.1,14.63,73.9,12,1.8,81.7,4.036,-4.4,0,1,3733
2026-04-04T14:55:51,-2.954547,-115.662193,20.4,13.26,75.6,12,1.8,81.6,4.035,-4.4,0,1,3734
2026-04-04T14:56:19,-2.953942,-115.660355,12.7,14.49,73.3,12,1.8,81.6,4.031,-4.4,0,1,3735
2026-04-04T14:56:48,-2.953327,-115.658485,2.9,15.02,66.2,12,1.7,81.7,4.036,-4.4,0,1,3736
2026-04-04T14:57:16,-2.952715,-115.656654,8.2,14.35,73.0,12,1.7,81.6,4.036,-4.4,0,1,3737
2026-04-04T14:57:44,-2.952193,-115.654785,7.1,14.39,69.9,12,1.7,81.6,4.031,-4.4,0,1,3738
2026-04-04T14:58:13,-2.951632,-115.652863,11.6,14.58,71.7,12,1.7,81.6,4.036,-4.4,0,1,3739
2026-04-04T14:58:41,-2.950983,-115.651047,14.9,15.29,71.0,13,1.2,81.6,4.034,-4.4,0,1,3740
2026-04-04T14:59:09,-2.950318,-115.649269,12.0,14.68,71.5,12,2.1,81.6,4.030,-4.4,0,1,3741
2026-04-04T14:59:38,-2.949808,-115.647346,3.1,14.59,70.6,12,1.7,81.7,4.026,-4.4,0,1,3742
2026-04-04T15:00:06,-2.949301,-115.645493,4.3,15.18,72.5,13,1.1,81.2,4.034,-4.4,0,1,3743
2026-04-04T15:00:34,-2.948732,-115.643677,1.2,15.48,70.6,12,1.7,81.4,4.030,-4.4,0,1,3744
2026-04-04T15:01:03,-2.948133,-115.641792,6.7,14.75,72.2,13,1.0,81.6,4.034,-4.4,0,1,3745
2026-04-04T15:01:31,-2.947613,-115.639946,2.4,14.85,71.3,12,1.7,81.4,4.035,-4.4,0,1,3746
2026-04-04T15:01:59,-2.946973,-115.638168,10.4,14.15,67.7,12,1.1,81.4,4.031,-4.4,0,1,3747
2026-04-04T15:02:28,-2.946485,-115.636261,6.9,14.81,70.0,12,1.7,81.6,4.032,-4.4,0,1,3748
2026-04-04T15:02:56,-2.945842,-115.634460,12.0,14.65,72.7,12,1.6,81.4,4.031,-4.4,0,1,3749
2026-04-04T15:03:24,-2.945265,-115.632652,12.3,14.53,73.1,12,1.6,81.4,4.029,-4.4,0,1,3750
2026-04-04T15:03:53,-2.944657,-115.630768,15.8,14.99,76.0,12,1.6,81.6,4.031,-4.4,0,1,3751
2026-04-04T15:04:21,-2.944072,-115.628983,22.2,15.48,69.9,12,1.6,81.2,4.036,-4.4,0,1,3752
2026-04-04T15:04:49,-2.943590,-115.627151,26.3,14.48,75.6,12,1.6,81.2,4.028,-4.4,0,1,3753
2026-04-04T15:05:18,-2.942925,-115.625290,20.3,14.59,69.8,12,1.6,81.2,4.032,-4.4,0,1,3754
2026-04-04T15:05:46,-2.942235,-115.623489,19.2,14.70,70.6,12,1.6,81.2,4.034,-4.4,0,1,3755
2026-04-04T15:06:14,-2.941580,-115.621674,28.5,14.65,71.4,12,1.6,81.4,4.028,-4.4,0,1,3756
2026-04-04T15:06:43,-2.940987,-115.619789,30.6,15.33,72.2,12,1.6,81.6,4.032,-4.4,0,1,3757
2026-04-04T15:07:11,-2.940562,-115.617943,11.6,14.15,72.1,12,1.6,81.2,4.029,-4.4,0,1,3758
2026-04-04T15:07:39,-2.940102,-115.616104,-9.5,14.97,77.0,12,1.6,81.2,4.029,-4.4,0,1,3759
2026-04-04T15:08:08,-2.939613,-115.614204,-4.1,14.38,74.8,12,1.6,81.2,4.032,-4.4,0,1,3760
2026-04-04T15:08:36,-2.939045,-115.612404,-7.9,14.61,71.3,12,1.6,81.1,4.032,-4.4,0,1,3761
2026-04-04T15:09:04,-2.938495,-115.610519,-4.7,14.92,67.7,12,1.5,80.9,4.028,-4.4,0,1,3762
2026-04-04T15:09:33,-2.938032,-115.608528,2.2,14.67,72.5,13,1.0,81.2,4.031,-4.4,0,1,3763
2026-04-04T15:10:01,-2.937408,-115.606697,5.3,14.62,75.0,12,1.5,81.1,4.026,-4.4,0,1,3764
2026-04-04T15:10:29,-2.936687,-115.604904,11.3,15.06,68.8,12,1.5,81.2,4.030,-4.4,0,1,3765
2026-04-04T15:10:58,-2.936262,-115.602943,31.8,14.78,69.8,11,1.5,81.2,4.023,-4.4,0,1,3766
2026-04-04T15:11:26,-2.935827,-115.601097,41.7,14.85,67.8,12,1.5,81.1,4.032,-4.4,0,1,3767
2026-04-04T15:11:54,-2.935340,-115.599243,48.0,14.76,72.4,13,1.0,81.2,4.025,-4.4,0,1,3768
2026-04-04T15:12:23,-2.934768,-115.597313,47.8,14.06,75.6,12,1.5,81.1,4.024,-4.4,0,1,3769
2026-04-04T15:12:51,-2.934288,-115.595482,36.6,15.08,74.7,13,1.0,80.7,4.023,-4.4,0,1,3770
2026-04-04T15:13:19,-2.933750,-115.593628,10.6,14.89,72.0,12,1.5,80.7,4.026,-4.4,0,1,3771
2026-04-04T15:13:48,-2.933227,-115.591690,28.8,15.09,78.4,13,1.0,81.1,4.030,-4.4,0,1,3772
2026-04-04T15:14:16,-2.932678,-115.589836,27.2,14.71,73.5,12,1.5,80.9,4.028,-4.4,0,1,3773
2026-04-04T15:14:44,-2.932222,-115.587967,21.2,14.82,73.9,13,1.0,81.1,4.025,-4.4,0,1,3774
2026-04-04T15:15:13,-2.931613,-115.586113,2.6,14.07,78.1,13,1.0,80.9,4.025,-4.4,0,1,3775
2026-04-04T15:15:41,-2.931147,-115.584259,3.9,14.95,71.8,12,1.0,80.9,4.024,-4.4,0,1,3776
2026-04-04T15:16:09,-2.930657,-115.582375,6.1,14.63,75.1,12,1.0,80.6,4.024,-4.2,0,1,3777
2026-04-04T15:16:38,-2.930168,-115.580482,-0.4,14.60,75.8,11,1.4,80.9,4.030,-4.4,0,1,3778
2026-04-04T15:17:06,-2.929658,-115.578621,-3.2,15.15,74.9,11,1.4,80.7,4.029,-4.4,0,1,3779
2026-04-04T15:17:34,-2.929103,-115.576805,-3.6,14.95,73.8,11,1.4,80.7,4.023,-4.4,0,1,3780
2026-04-04T15:18:03,-2.928527,-115.574890,19.7,14.80,73.0,11,1.4,81.1,4.029,-4.4,0,1,3781
2026-04-04T15:18:31,-2.928045,-115.573059,7.7,14.98,71.5,12,1.0,80.6,4.028,-4.2,0,1,3782
2026-04-04T15:18:59,-2.927628,-115.571175,-5.9,13.99,72.8,12,1.0,80.7,4.024,-4.4,0,1,3783
2026-04-04T15:19:28,-2.927015,-115.569244,-7.3,15.00,72.3,12,1.0,80.9,4.028,-4.4,0,1,3784
2026-04-04T15:19:56,-2.926513,-115.567360,-1.9,14.71,73.6,12,1.0,80.6,4.021,-4.2,0,1,3785
2026-04-04T15:20:24,-2.925940,-115.565544,3.8,14.47,69.8,12,1.0,80.7,4.024,-4.4,0,1,3786
2026-04-04T15:20:53,-2.925438,-115.563599,5.0,15.23,72.7,11,1.1,80.9,4.029,-4.4,0,1,3787
2026-04-04T15:21:21,-2.924873,-115.561768,10.3,14.85,72.2,10,1.1,80.6,4.025,-4.2,0,1,3788
2026-04-04T15:21:49,-2.924478,-115.559875,19.0,14.49,73.7,11,1.1,80.6,4.024,-4.2,0,1,3789
2026-04-04T15:22:18,-2.923938,-115.557968,21.6,13.76,73.4,11,1.1,80.6,4.026,-4.2,0,1,3790
2026-04-04T15:22:46,-2.923440,-115.556107,29.7,14.41,75.2,10,1.1,80.6,4.028,-4.2,0,1,3791
2026-04-04T15:23:14,-2.922925,-115.554230,28.1,14.95,70.9,11,1.1,80.4,4.024,-4.4,0,1,3792
2026-04-04T15:23:43,-2.922483,-115.552193,19.7,14.94,75.4,9,1.4,80.9,4.024,-4.4,0,1,3793
2026-04-04T15:24:11,-2.921900,-115.550362,24.4,15.08,73.2,11,1.1,80.6,4.028,-4.2,0,1,3794
2026-04-04T15:24:39,-2.921368,-115.548515,27.2,14.62,73.9,11,1.1,80.4,4.021,-4.4,0,1,3795
2026-04-04T15:25:08,-2.920792,-115.546608,22.3,14.49,68.1,11,1.1,80.6,4.021,-4.2,0,1,3796
2026-04-04T15:25:36,-2.920240,-115.544739,24.1,15.06,73.8,10,1.4,80.3,4.021,-4.4,0,1,3797
2026-04-04T15:26:04,-2.919707,-115.542877,23.2,14.42,70.8,10,1.4,80.6,4.023,-4.2,0,1,3798
2026-04-04T15:26:33,-2.919185,-115.540970,28.5,15.39,73.9,10,1.4,80.6,4.026,-4.2,0,1,3799
2026-04-04T15:27:01,-2.918668,-115.539108,30.8,14.68,72.8,10,1.4,80.1,4.026,-4.4,0,1,3800
2026-04-04T15:27:29,-2.918083,-115.537308,36.4,15.04,72.4,10,1.4,80.1,4.023,-4.4,0,1,3801
2026-04-04T15:27:58,-2.917495,-115.535362,29.0,15.02,73.7,10,1.4,80.6,4.026,-4.2,0,1,3802
2026-04-04T15:28:26,-2.917023,-115.533501,22.3,14.88,73.5,10,1.3,80.4,4.023,-4.4,0,1,3803
2026-04-04T15:28:54,-2.916481,-115.531631,21.7,15.11,79.4,10,1.3,80.3,4.023,-4.4,0,1,3804
2026-04-04T15:29:23,-2.915870,-115.529732,18.4,14.66,73.2,10,1.3,80.4,4.025,-4.4,0,1,3805
2026-04-04T15:29:51,-2.915298,-115.527885,21.2,14.61,72.9,10,1.3,80.4,4.026,-4.4,0,1,3806
2026-04-04T15:30:19,-2.914723,-115.526070,14.6,14.35,72.8,10,1.3,80.3,4.021,-4.4,0,1,3807
2026-04-04T15:30:48,-2.914127,-115.524170,19.0,14.30,71.2,11,1.1,80.4,4.025,-4.4,0,1,3808
2026-04-04T15:31:16,-2.913557,-115.522339,19.2,14.75,71.0,11,1.1,80.3,4.020,-4.4,0,1,3809
2026-04-04T15:31:44,-2.913065,-115.520500,18.4,14.94,73.6,10,1.2,80.1,4.023,-4.4,0,1,3810
2026-04-04T15:32:13,-2.912540,-115.518608,17.0,14.41,75.2,11,1.1,80.6,4.024,-4.2,0,1,3811
2026-04-04T15:32:41,-2.912012,-115.516739,9.6,15.10,73.3,11,1.1,80.1,4.025,-4.4,0,1,3812
2026-04-04T15:33:09,-2.911452,-115.514908,16.3,14.77,69.6,10,1.2,80.1,4.024,-4.4,0,1,3813
2026-04-04T15:33:38,-2.910887,-115.513000,15.5,14.94,73.2,10,1.2,80.1,4.021,-4.4,0,1,3814
2026-04-04T15:34:06,-2.910402,-115.511139,9.2,15.52,73.3,10,1.2,80.1,4.025,-4.4,0,1,3815
2026-04-04T15:34:34,-2.909823,-115.509300,11.0,14.78,71.7,10,1.2,80.3,4.020,-4.4,0,1,3816
2026-04-04T15:35:03,-2.909240,-115.507431,11.3,14.65,71.1,10,1.2,80.3,4.023,-4.4,0,1,3817
2026-04-04T15:35:31,-2.908715,-115.505577,12.7,14.56,72.2,11,1.4,80.3,4.024,-4.4,0,1,3818
2026-04-04T15:35:59,-2.908203,-115.503754,3.5,14.43,74.7,9,1.7,79.9,4.017,-4.4,0,1,3819
2026-04-04T15:36:28,-2.907652,-115.501846,6.7,15.29,71.5,11,1.1,80.1,4.023,-4.4,0,1,3820
2026-04-04T15:36:56,-2.907063,-115.500031,5.3,14.65,69.9,12,1.0,79.9,4.025,-4.4,0,1,3821
2026-04-04T15:37:24,-2.906478,-115.498192,4.5,14.80,71.2,12,1.0,79.9,4.021,-4.4,0,1,3822
2026-04-04T15:37:53,-2.905855,-115.496346,3.7,14.47,71.3,12,1.0,80.1,4.021,-4.4,0,1,3823
2026-04-04T15:38:21,-2.905223,-115.494530,-16.6,15.22,74.7,12,1.2,80.1,4.023,-4.4,0,1,3824
2026-04-04T15:38:49,-2.904625,-115.492714,-17.7,14.87,70.2,12,1.0,79.9,4.020,-4.4,0,1,3825
2026-04-04T15:39:18,-2.904038,-115.490814,-17.8,14.94,69.1,12,1.0,80.1,4.023,-4.4,0,1,3826
2026-04-04T15:39:46,-2.903515,-115.488976,-13.8,14.90,73.3,12,1.0,79.9,4.025,-4.4,0,1,3827
2026-04-04T15:40:14,-2.902961,-115.487167,-6.6,14.48,70.7,11,1.1,79.6,4.020,-4.4,0,1,3828
2026-04-04T15:40:43,-2.902333,-115.485298,-1.0,14.06,65.4,12,1.0,79.9,4.023,-4.4,0,1,3829
2026-04-04T15:41:11,-2.901810,-115.483429,-0.5,14.67,71.6,12,1.0,80.3,4.017,-4.4,0,1,3830
2026-04-04T15:41:39,-2.901258,-115.481590,-0.4,15.02,69.9,12,1.0,79.6,4.020,-4.4,0,1,3831
2026-04-04T15:42:08,-2.900650,-115.479721,3.5,14.41,74.6,12,1.0,79.8,4.023,-4.4,0,1,3832
2026-04-04T15:42:36,-2.900072,-115.477875,4.2,14.91,72.9,12,1.0,79.9,4.023,-4.4,0,1,3833
2026-04-04T15:43:04,-2.899522,-115.476021,-1.8,15.24,72.8,12,1.0,79.8,4.020,-4.4,0,1,3834
2026-04-04T15:43:33,-2.898955,-115.474113,-3.3,14.63,72.5,12,1.0,79.8,4.020,-4.4,0,1,3835
2026-04-04T15:44:01,-2.898367,-115.472244,-8.6,15.86,74.4,12,1.0,79.6,4.020,-4.4,0,1,3836
2026-04-04T15:44:29,-2.897805,-115.470413,-10.1,15.09,71.1,12,1.0,79.8,4.020,-4.4,0,1,3837
2026-04-04T15:44:58,-2.897212,-115.468521,-4.8,14.00,71.7,12,1.0,79.6,4.020,-4.4,0,1,3838
2026-04-04T15:45:26,-2.896622,-115.466675,-12.2,14.93,71.8,10,1.1,79.8,4.020,-4.4,0,1,3839
2026-04-04T15:45:54,-2.896067,-115.464859,-12.5,14.98,72.6,10,1.1,79.8,4.020,-4.4,0,1,3840
2026-04-04T15:46:23,-2.895538,-115.462952,-21.6,14.90,73.5,11,1.0,79.9,4.023,-4.4,0,1,3841
2026-04-04T15:46:51,-2.894957,-115.461136,-15.4,14.58,72.7,11,1.0,79.6,4.020,-4.4,0,1,3842
2026-04-04T15:47:19,-2.894358,-115.459274,-18.4,15.20,72.1,11,1.0,79.8,4.021,-4.4,0,1,3843
2026-04-04T15:47:48,-2.893735,-115.457405,-17.9,14.33,73.5,11,1.0,79.9,4.021,-4.4,0,1,3844
2026-04-04T15:48:16,-2.893172,-115.455574,-14.2,14.42,69.8,11,1.0,79.6,4.011,-4.4,0,1,3845
2026-04-04T15:48:44,-2.892585,-115.453712,-13.8,15.18,77.9,11,1.0,79.8,4.017,-4.4,0,1,3846
2026-04-04T15:49:13,-2.892015,-115.451813,-18.6,14.77,71.9,10,1.1,79.9,4.019,-4.4,0,1,3847
2026-04-04T15:49:41,-2.891483,-115.449959,-19.7,14.62,73.9,10,1.2,79.4,4.014,-4.4,0,1,3848
2026-04-04T15:50:09,-2.890980,-115.448112,-15.3,14.86,71.3,10,1.2,79.6,4.017,-4.4,0,1,3849
2026-04-04T15:50:38,-2.890387,-115.446198,-9.0,14.86,74.3,10,1.2,79.6,4.019,-4.4,0,1,3850
2026-04-04T15:51:06,-2.889915,-115.444328,-19.5,14.58,75.2,10,1.2,79.4,4.019,-4.4,0,1,3851
2026-04-04T15:51:34,-2.889378,-115.442467,-15.9,14.97,75.2,11,1.0,79.3,4.017,-4.2,0,1,3852
2026-04-04T15:52:03,-2.888782,-115.440521,-16.6,15.32,75.1,10,1.1,79.6,4.019,-4.4,0,1,3853
2026-04-04T15:52:31,-2.888282,-115.438660,-14.6,15.27,74.8,11,1.0,79.3,4.019,-4.2,0,1,3854
2026-04-04T15:52:59,-2.887713,-115.436760,-18.7,15.29,70.6,11,1.0,79.3,4.019,-4.2,0,1,3855
2026-04-04T15:53:28,-2.887156,-115.434814,-18.5,15.37,76.8,11,1.0,79.6,4.017,-4.4,0,1,3856
2026-04-04T15:53:56,-2.886618,-115.432945,-16.2,15.12,75.9,11,1.0,79.3,4.011,-4.2,0,1,3857
2026-04-04T15:54:24,-2.886057,-115.431076,-9.7,15.10,73.0,11,1.0,79.4,4.019,-4.4,0,1,3858
2026-04-04T15:54:53,-2.885480,-115.429161,1.8,14.87,70.5,11,1.0,79.6,4.019,-4.4,0,1,3859
2026-04-04T15:55:21,-2.884910,-115.427299,17.1,13.89,70.7,11,1.0,79.3,4.019,-4.2,0,1,3860
2026-04-04T15:55:49,-2.884385,-115.425430,15.4,15.20,74.4,11,1.0,79.3,4.017,-4.2,0,1,3861
2026-04-04T15:56:18,-2.883797,-115.423500,15.3,15.43,69.7,11,1.0,79.4,4.017,-4.4,0,1,3862
2026-04-04T15:56:46,-2.883293,-115.421646,10.9,14.47,76.7,10,1.2,79.3,4.015,-4.2,0,1,3863
2026-04-04T15:57:14,-2.882778,-115.419739,18.0,14.71,72.5,11,1.0,79.1,4.017,-4.4,0,1,3864
2026-04-04T15:57:43,-2.882218,-115.417763,13.2,14.52,72.1,10,1.2,79.1,4.015,2106.4,0,1,3865
2026-04-04T15:58:11,-2.881705,-115.415909,14.9,15.06,69.4,11,1.0,79.1,4.016,-4.4,0,1,3866
2026-04-04T15:58:39,-2.881153,-115.414040,15.9,14.82,73.0,11,1.0,79.3,4.016,-4.2,0,1,3867
2026-04-04T15:59:08,-2.880625,-115.412094,19.5,14.03,75.7,11,1.0,79.4,4.016,-4.4,0,1,3868
2026-04-04T15:59:36,-2.880053,-115.410240,15.2,14.95,73.2,11,1.0,79.4,4.016,-4.4,0,1,3869
2026-04-04T16:00:04,-2.879410,-115.408447,10.7,15.08,69.8,10,1.2,79.0,4.017,-4.4,0,1,3870
2026-04-04T16:00:33,-2.878807,-115.406525,13.7,15.27,68.6,9,1.3,79.1,4.016,-4.4,0,1,3871
2026-04-04T16:01:01,-2.878193,-115.404701,22.2,14.57,69.2,9,1.3,79.0,4.010,-4.4,0,1,3872
2026-04-04T16:01:29,-2.877663,-115.402802,26.8,14.77,71.2,9,1.3,79.1,4.016,-4.4,0,1,3873
2026-04-04T16:01:58,-2.877052,-115.400887,37.4,14.87,75.0,9,1.3,79.3,4.015,-4.2,0,1,3874
2026-04-04T16:02:26,-2.876530,-115.398987,15.1,15.37,77.9,9,1.3,79.0,4.015,-4.4,0,1,3875
2026-04-04T16:02:54,-2.876010,-115.397095,12.3,14.58,73.0,9,1.3,79.3,4.015,-4.2,0,1,3876
2026-04-04T16:03:23,-2.875453,-115.395164,29.1,15.13,73.1,9,1.3,79.0,4.016,-4.4,0,1,3877
2026-04-04T16:03:51,-2.874892,-115.393295,30.1,15.57,73.2,9,1.3,78.8,4.008,-4.4,0,1,3878
2026-04-04T16:04:19,-2.874315,-115.391426,23.4,14.67,68.8,9,1.3,79.0,4.014,-4.4,0,1,3879
2026-04-04T16:04:48,-2.873748,-115.389465,16.2,14.66,72.6,8,2.1,79.1,4.016,-4.4,0,1,3880
2026-04-04T16:05:16,-2.873232,-115.387611,11.3,15.07,76.5,9,1.3,79.1,4.016,-4.4,0,1,3881
2026-04-04T16:05:44,-2.872692,-115.385727,13.7,14.29,71.4,10,1.3,78.8,4.015,-4.4,0,1,3882
2026-04-04T16:06:13,-2.872132,-115.383781,18.4,14.66,71.6,9,1.9,79.1,4.015,-4.4,0,1,3883
2026-04-04T16:06:41,-2.871563,-115.381905,17.2,13.95,68.3,10,1.3,78.8,4.012,-4.4,0,1,3884
2026-04-04T16:07:09,-2.871023,-115.380020,9.5,14.80,66.6,10,1.3,79.0,4.011,-4.4,0,1,3885
2026-04-04T16:07:38,-2.870495,-115.378090,1.1,14.69,76.2,10,1.3,79.0,4.014,-4.4,0,1,3886
2026-04-04T16:08:06,-2.870025,-115.376190,-1.7,14.41,79.0,11,1.1,78.8,4.012,-4.4,0,1,3887
2026-04-04T16:08:34,-2.869513,-115.374321,-1.8,15.05,75.9,10,1.1,78.8,4.014,-4.4,0,1,3888
2026-04-04T16:09:03,-2.868937,-115.372368,0.0,15.51,73.6,11,1.1,79.0,4.015,-4.4,0,1,3889
2026-04-04T16:09:31,-2.868363,-115.370522,-0.5,14.56,72.0,11,1.1,78.8,4.014,-4.4,0,1,3890
2026-04-04T16:09:59,-2.867802,-115.368713,3.0,14.47,73.4,9,1.5,79.0,4.012,-4.4,0,1,3891
2026-04-04T16:10:28,-2.867193,-115.366837,4.8,14.50,73.7,9,1.5,79.1,4.014,-4.4,0,1,3892
2026-04-04T16:10:56,-2.866713,-115.364952,3.6,14.56,72.8,11,1.1,78.8,4.014,-4.4,0,1,3893
2026-04-04T16:11:24,-2.866118,-115.363083,3.5,14.72,70.6,9,1.5,78.8,4.012,-4.4,0,1,3894
2026-04-04T16:11:53,-2.865522,-115.361206,2.8,14.75,74.3,9,1.5,78.8,4.011,-4.4,0,1,3895
2026-04-04T16:12:21,-2.865008,-115.359299,-2.5,14.91,74.5,10,1.1,78.6,4.014,-4.4,0,1,3896
2026-04-04T16:12:49,-2.864506,-115.357437,-3.8,15.50,73.1,10,1.1,78.8,4.012,-4.4,0,1,3897
2026-04-04T16:13:18,-2.863868,-115.355530,-0.6,14.46,72.7,9,1.4,78.8,4.012,-4.4,0,1,3898
2026-04-04T16:13:46,-2.863338,-115.353653,-0.5,15.18,72.2,10,1.4,78.6,4.011,-4.4,0,1,3899
2026-04-04T16:14:14,-2.862798,-115.351807,-0.9,15.05,72.6,11,1.1,78.5,4.011,-4.4,0,1,3900
2026-04-04T16:14:43,-2.862247,-115.349861,-1.8,14.54,76.3,10,1.4,78.8,4.012,-4.4,0,1,3901
2026-04-04T16:15:11,-2.861733,-115.348007,-2.1,14.45,73.6,10,1.4,78.6,4.008,-4.4,0,1,3902
2026-04-04T16:15:39,-2.861255,-115.346138,0.7,15.11,72.9,11,1.0,78.5,4.010,-4.4,0,1,3903
2026-04-04T16:16:08,-2.860565,-115.344269,5.6,14.57,66.9,10,1.4,78.6,4.012,-4.4,0,1,3904
2026-04-04T16:16:36,-2.860085,-115.342415,-3.2,14.00,74.5,10,1.4,78.5,4.012,-4.4,0,1,3905
2026-04-04T16:17:04,-2.859583,-115.340515,-5.2,14.91,74.6,10,1.4,78.6,4.012,-4.4,0,1,3906
2026-04-04T16:17:33,-2.858993,-115.338608,3.5,14.99,74.2,10,1.4,78.5,4.011,-4.4,0,1,3907
2026-04-04T16:18:01,-2.858455,-115.336769,6.0,15.51,74.1,10,1.4,78.3,4.010,-4.4,0,1,3908
2026-04-04T16:18:29,-2.857905,-115.334915,7.1,14.37,72.6,10,1.4,78.6,4.011,-4.4,0,1,3909
2026-04-04T16:18:58,-2.857342,-115.332970,11.1,14.99,72.6,10,1.4,78.6,4.011,-4.4,0,1,3910
2026-04-04T16:19:26,-2.856750,-115.331123,8.3,15.40,74.1,10,1.4,78.3,4.012,-4.4,0,1,3911
2026-04-04T16:19:54,-2.856150,-115.329315,10.0,14.88,65.7,9,1.4,78.5,4.010,-4.4,0,1,3912
2026-04-04T16:20:23,-2.855658,-115.327370,3.6,14.19,79.0,11,1.0,78.8,4.011,-4.4,0,1,3913
2026-04-04T16:20:51,-2.855050,-115.325539,5.0,14.06,67.0,9,1.4,78.3,4.011,-4.4,0,1,3914
2026-04-04T16:21:19,-2.854530,-115.323624,1.0,15.32,72.3,10,1.3,78.3,4.011,-4.4,0,1,3915
2026-04-04T16:21:48,-2.853917,-115.321686,2.2,14.99,70.7,10,1.3,78.5,4.006,-4.4,0,1,3916
2026-04-04T16:22:16,-2.853413,-115.319832,1.7,14.64,73.1,10,1.3,78.3,4.009,-4.4,0,1,3917
2026-04-04T16:22:44,-2.852839,-115.317955,5.7,14.67,73.2,11,1.2,78.3,4.009,-4.4,0,1,3918
2026-04-04T16:23:13,-2.852230,-115.316048,11.0,14.26,71.7,11,1.2,78.6,4.006,-4.4,0,1,3919
2026-04-04T16:23:41,-2.851673,-115.314163,8.8,13.77,73.7,11,1.2,78.1,4.010,-4.4,0,1,3920
2026-04-04T16:24:09,-2.851152,-115.312317,9.0,15.22,73.2,10,1.3,78.3,4.008,-4.4,0,1,3921
2026-04-04T16:24:38,-2.850552,-115.310410,5.2,15.10,76.7,10,1.3,78.3,4.009,-4.4,0,1,3922
2026-04-04T16:25:06,-2.849940,-115.308586,6.8,14.45,73.5,10,1.3,78.5,4.010,-4.4,0,1,3923
2026-04-04T16:25:34,-2.849400,-115.306702,4.9,15.12,71.1,11,1.2,78.1,4.008,-4.4,0,1,3924
2026-04-04T16:26:03,-2.848807,-115.304741,9.4,14.55,75.6,11,1.2,78.3,4.009,-4.4,0,1,3925
2026-04-04T16:26:31,-2.848308,-115.302902,7.7,12.86,70.7,11,1.2,78.0,4.009,-4.2,0,1,3926
2026-04-04T16:26:59,-2.847810,-115.301033,3.9,14.72,74.1,10,1.3,77.8,4.008,-4.4,0,1,3927
2026-04-04T16:27:28,-2.847242,-115.299088,10.5,15.67,75.3,10,1.3,78.3,4.010,-4.4,0,1,3928
2026-04-04T16:27:56,-2.846668,-115.297241,18.0,14.70,65.4,10,1.3,78.0,4.003,-4.2,0,1,3929
2026-04-04T16:28:24,-2.846108,-115.295395,16.7,14.59,74.2,10,1.3,78.1,4.006,-4.4,0,1,3930
2026-04-04T16:28:53,-2.845560,-115.293480,17.0,14.31,75.2,11,1.2,78.0,4.009,-4.2,0,1,3931
2026-04-04T16:29:21,-2.845020,-115.291611,20.5,17.17,78.8,10,1.3,78.0,4.008,-4.2,0,1,3932
2026-04-04T16:29:49,-2.844400,-115.289757,30.8,14.69,71.6,11,1.2,78.1,4.006,-4.4,0,1,3933
2026-04-04T16:30:18,-2.843860,-115.287849,35.3,14.54,75.8,11,1.2,78.1,4.008,-4.4,0,1,3934
2026-04-04T16:30:46,-2.843315,-115.286003,31.7,14.11,68.9,10,1.2,78.0,4.008,-4.2,0,1,3935
2026-04-04T16:31:14,-2.842753,-115.284134,31.1,14.45,72.0,10,1.2,78.1,4.009,-4.4,0,1,3936
2026-04-04T16:31:43,-2.842188,-115.282204,31.1,14.52,76.3,11,1.2,78.1,4.008,-4.4,0,1,3937
2026-04-04T16:32:11,-2.841595,-115.280319,28.5,15.02,74.1,10,1.2,78.1,4.000,-4.4,0,1,3938
2026-04-04T16:32:39,-2.841052,-115.278488,25.2,14.89,79.2,10,1.2,78.1,4.008,-4.4,0,1,3939
2026-04-04T16:33:08,-2.840442,-115.276596,20.3,15.11,72.1,9,1.2,78.1,4.003,-4.4,0,1,3940
2026-04-04T16:33:36,-2.839945,-115.274712,15.6,14.96,71.6,9,1.2,77.6,3.999,-4.4,0,1,3941
2026-04-04T16:34:04,-2.839368,-115.272835,15.0,14.93,71.6,10,1.2,78.0,4.008,-4.2,0,1,3942
2026-04-04T16:34:33,-2.838790,-115.270897,14.6,17.07,77.6,11,1.1,78.1,4.006,-4.4,0,1,3943
2026-04-04T16:35:01,-2.838230,-115.269043,12.1,15.47,70.5,11,1.1,77.8,4.003,-4.4,0,1,3944
2026-04-04T16:35:29,-2.837670,-115.267227,10.8,14.02,72.7,11,1.1,77.6,4.008,-4.4,0,1,3945
2026-04-04T16:35:58,-2.837070,-115.265305,7.8,14.61,70.3,11,1.1,77.8,4.006,-4.4,0,1,3946
2026-04-04T16:36:26,-2.836562,-115.263435,4.4,14.32,74.5,12,1.0,77.8,4.003,-4.4,0,1,3947
2026-04-04T16:36:54,-2.835978,-115.261581,4.8,14.73,70.7,11,1.1,77.5,4.001,-4.4,0,1,3948
2026-04-04T16:37:23,-2.835355,-115.259651,9.9,14.20,72.3,10,1.2,77.8,4.005,-4.4,0,1,3949
2026-04-04T16:37:51,-2.834748,-115.257782,10.0,15.45,67.6,11,1.1,77.6,4.004,-4.4,0,1,3950
2026-04-04T16:38:19,-2.834208,-115.255913,10.9,14.21,72.5,11,1.1,77.8,4.004,-4.4,0,1,3951
2026-04-04T16:38:48,-2.833667,-115.254005,9.9,11.63,59.6,11,1.2,77.8,4.004,-4.4,0,1,3952
2026-04-04T16:39:16,-2.833086,-115.252106,11.5,14.99,76.9,11,1.1,77.6,4.001,-4.4,0,1,3953
2026-04-04T16:39:44,-2.832535,-115.250229,12.1,15.53,68.9,11,1.1,77.5,4.004,-4.4,0,1,3954
2026-04-04T16:40:13,-2.831957,-115.248322,14.5,14.53,68.6,12,1.0,77.8,4.004,-4.4,0,1,3955
2026-04-04T16:40:41,-2.831348,-115.246437,13.4,14.88,73.4,10,1.2,77.5,4.000,-4.4,0,1,3956
2026-04-04T16:41:09,-2.830762,-115.244568,13.8,15.10,72.0,10,1.2,77.6,4.004,-4.4,0,1,3957
2026-04-04T16:41:38,-2.830145,-115.242661,11.3,14.67,71.9,11,1.1,77.5,4.005,-4.4,0,1,3958
2026-04-04T16:42:06,-2.829570,-115.240822,16.3,14.71,71.8,11,1.0,77.5,4.005,-4.4,0,1,3959
2026-04-04T16:42:34,-2.828958,-115.238960,12.8,15.74,69.8,10,1.2,77.5,4.005,-4.4,0,1,3960
2026-04-04T16:43:03,-2.828363,-115.237030,18.4,14.50,72.2,11,1.0,77.6,4.003,-4.4,0,1,3961
2026-04-04T16:43:31,-2.827800,-115.235176,13.0,15.29,74.7,11,1.0,77.5,3.996,-4.4,0,1,3962
2026-04-04T16:43:59,-2.827235,-115.233269,13.8,15.66,69.9,10,1.1,77.5,4.000,-4.4,0,1,3963
2026-04-04T16:44:28,-2.826635,-115.231361,10.1,14.48,70.3,9,2.3,77.8,4.004,-4.4,0,1,3964
2026-04-04T16:44:56,-2.826048,-115.229469,12.7,14.53,72.1,10,1.3,77.3,4.000,-4.4,0,1,3965
2026-04-04T16:45:24,-2.825493,-115.227585,6.9,14.85,75.0,11,1.0,77.5,4.000,-4.4,0,1,3966
2026-04-04T16:45:53,-2.824863,-115.225624,15.8,15.01,72.3,11,1.0,77.6,4.003,2067.3,0,1,3967
2026-04-04T16:46:21,-2.824277,-115.223732,18.6,15.29,73.1,10,1.1,77.5,3.994,-4.4,0,1,3968
2026-04-04T16:46:49,-2.823675,-115.221848,20.2,15.11,71.8,9,2.4,77.3,4.001,-4.4,0,1,3969
2026-04-04T16:47:18,-2.823068,-115.219894,18.0,15.25,71.1,10,1.2,77.5,4.001,2062.9,0,1,3970
2026-04-04T16:47:46,-2.822555,-115.218010,14.9,14.85,73.3,10,1.2,77.0,4.003,-4.4,0,1,3971
2026-04-04T16:48:14,-2.821945,-115.216103,14.5,15.63,71.1,10,1.2,77.2,4.003,-4.4,0,1,3972
2026-04-04T16:48:43,-2.821260,-115.214134,18.0,15.42,71.0,10,1.2,77.6,4.003,-4.4,0,1,3973
2026-04-04T16:49:11,-2.820745,-115.212265,14.5,14.41,71.2,10,1.2,77.3,3.993,-4.4,0,1,3974
2026-04-04T16:49:39,-2.820172,-115.210365,10.4,14.67,74.1,10,1.2,77.3,4.001,-4.4,0,1,3975
2026-04-04T16:50:08,-2.819488,-115.208450,12.4,14.37,75.5,11,1.2,77.5,4.003,-4.4,0,1,3976
2026-04-04T16:50:36,-2.818953,-115.206589,8.8,14.95,72.9,10,1.2,77.0,4.001,-4.4,0,1,3977
2026-04-04T16:51:04,-2.818398,-115.204659,9.7,15.02,73.3,10,1.2,77.3,4.001,-4.4,0,1,3978
2026-04-04T16:51:33,-2.817732,-115.202713,8.7,15.29,72.6,9,1.2,77.3,4.003,-4.4,0,1,3979
2026-04-04T16:52:01,-2.817193,-115.200829,6.7,15.13,73.8,9,1.2,77.0,3.999,-4.4,0,1,3980
2026-04-04T16:52:29,-2.816665,-115.198952,7.1,14.92,76.2,9,1.2,76.8,4.000,-4.4,0,1,3981
2026-04-04T16:52:58,-2.816058,-115.197006,6.5,14.52,71.1,9,1.2,77.3,4.000,-4.4,0,1,3982
2026-04-04T16:53:26,-2.815523,-115.195152,7.0,14.53,73.3,8,2.7,77.0,4.000,-4.4,0,1,3983
2026-04-04T16:53:54,-2.814773,-115.193192,1.2,15.82,74.2,8,2.7,77.2,4.000,-4.4,0,1,3984
2026-04-04T16:54:23,-2.814188,-115.191216,9.1,15.09,72.6,9,1.2,77.3,4.001,-4.4,0,1,3985
2026-04-04T16:54:51,-2.813667,-115.189392,6.9,14.34,75.1,8,2.6,77.0,4.001,-4.4,0,1,3986
2026-04-04T16:55:19,-2.813155,-115.187546,4.5,15.61,73.2,8,2.6,77.0,4.000,-4.4,0,1,3987
2026-04-04T16:55:48,-2.812455,-115.185585,10.6,14.48,69.8,8,2.6,77.3,4.001,-4.4,0,1,3988
2026-04-04T16:56:16,-2.811790,-115.183655,13.8,14.96,72.1,8,2.6,76.8,3.997,-4.4,0,1,3989
2026-04-04T16:56:44,-2.811270,-115.181763,13.9,15.02,75.6,8,2.6,76.7,4.000,-4.2,0,1,3990
2026-04-04T16:57:13,-2.810755,-115.179855,12.6,14.95,74.8,8,2.6,77.2,3.999,-4.4,0,1,3991
2026-04-04T16:57:41,-2.810142,-115.177971,9.7,14.25,71.3,10,1.0,76.8,3.999,-4.4,0,1,3992
2026-04-04T16:58:09,-2.809590,-115.176079,10.0,15.20,71.6,8,2.6,77.0,4.000,-4.4,0,1,3993
2026-04-04T16:58:38,-2.808952,-115.174080,12.5,14.80,74.9,9,1.1,77.0,3.999,-4.4,0,1,3994
2026-04-04T16:59:06,-2.808388,-115.172226,4.5,13.89,73.9,7,2.6,77.2,3.994,-4.4,0,1,3995
2026-04-04T16:59:34,-2.807783,-115.170326,7.5,14.58,73.7,8,2.5,77.0,3.997,-4.4,0,1,3996
2026-04-04T17:00:03,-2.807152,-115.168304,14.4,15.75,73.6,8,2.5,77.2,3.999,-4.4,0,1,3997
2026-04-04T17:00:31,-2.806563,-115.166473,21.2,14.46,70.1,8,1.1,77.0,3.993,-4.4,0,1,3998
2026-04-04T17:00:59,-2.806051,-115.164566,18.0,14.33,77.0,9,1.1,77.0,3.997,-4.4,0,1,3999
2026-04-04T17:01:28,-2.805500,-115.162598,3.7,14.92,72.1,8,1.1,77.3,3.999,-4.4,0,1,4000
2026-04-04T17:01:56,-2.805033,-115.160728,1.8,14.42,78.1,9,2.5,76.8,3.993,-4.4,0,1,4001
2026-04-04T17:02:24,-2.804593,-115.158890,-8.4,14.08,71.6,8,1.1,76.7,3.999,-4.2,0,1,4002
2026-04-04T17:02:53,-2.803943,-115.156914,0.8,15.03,74.1,9,1.1,77.0,3.999,-4.4,0,1,4003
2026-04-04T17:03:21,-2.803220,-115.155037,12.2,15.76,68.0,7,2.5,76.7,3.996,-4.2,0,1,4004
2026-04-04T17:03:49,-2.802750,-115.153206,12.5,14.15,73.2,9,1.1,76.8,3.996,-4.4,0,1,4005
2026-04-04T17:04:18,-2.802181,-115.151245,11.0,14.35,75.6,9,1.1,76.8,3.996,-4.4,0,1,4006
2026-04-04T17:04:46,-2.801727,-115.149376,7.9,13.14,81.9,10,0.9,76.8,3.989,-4.4,0,1,4007
2026-04-04T17:05:14,-2.801302,-115.147583,2.7,14.15,78.3,9,1.1,76.7,3.999,-4.2,0,1,4008
2026-04-04T17:05:43,-2.800523,-115.145599,6.7,14.73,69.4,8,2.4,76.8,3.997,-4.4,0,1,4009
2026-04-04T17:06:11,-2.800002,-115.143692,0.5,14.87,76.9,8,2.4,76.3,3.999,-4.4,0,1,4010
2026-04-04T17:06:39,-2.799565,-115.141800,-12.6,15.47,71.2,8,1.3,76.5,3.997,-4.4,0,1,4011
2026-04-04T17:07:08,-2.799095,-115.139816,-19.9,14.44,75.2,8,1.3,76.8,3.996,-4.4,0,1,4012
2026-04-04T17:07:36,-2.798515,-115.137932,-21.5,15.85,73.3,9,1.1,76.5,3.996,-4.4,0,1,4013
2026-04-04T17:08:04,-2.797965,-115.136055,-27.4,14.72,70.2,9,1.1,76.3,3.997,-4.4,0,1,4014
2026-04-04T17:08:33,-2.797333,-115.134079,-28.9,14.27,70.1,8,2.3,76.7,3.996,-4.2,0,1,4015
2026-04-04T17:09:01,-2.796703,-115.132187,-17.7,16.43,71.5,9,1.0,76.5,3.991,-4.4,0,1,4016
2026-04-04T17:09:29,-2.796102,-115.130280,-16.4,15.81,65.2,8,2.3,76.2,3.996,-4.4,0,1,4017
2026-04-04T17:09:58,-2.795543,-115.128334,-15.4,14.38,72.1,8,2.2,76.8,3.995,-4.4,0,1,4018
2026-04-04T17:10:26,-2.795125,-115.126480,-32.4,14.41,75.2,9,1.1,76.5,3.990,-4.4,0,1,4019
2026-04-04T17:10:54,-2.794602,-115.124649,-23.4,14.36,73.7,8,2.2,76.7,3.997,-4.2,0,1,4020
2026-04-04T17:11:23,-2.794015,-115.122673,-20.4,14.52,74.3,7,2.6,76.7,3.996,-4.2,0,1,4021
2026-04-04T17:11:51,-2.793452,-115.120781,-26.1,15.37,72.4,8,2.2,76.5,3.989,-4.4,0,1,4022
2026-04-04T17:12:19,-2.792983,-115.118935,-32.5,14.63,74.2,7,2.5,76.7,3.995,-4.2,0,1,4023
2026-04-04T17:12:48,-2.792390,-115.116982,-25.8,15.18,73.4,7,2.5,76.7,3.995,-4.2,0,1,4024
2026-04-04T17:13:16,-2.791822,-115.115120,-30.3,13.98,73.4,7,2.5,76.3,3.996,-4.4,0,1,4025
2026-04-04T17:13:44,-2.791270,-115.113228,-25.1,14.88,72.8,8,2.1,76.2,3.995,-4.4,0,1,4026
2026-04-04T17:14:13,-2.790683,-115.111320,-22.2,15.73,71.4,8,2.1,76.3,3.995,-4.4,0,1,4027
2026-04-04T17:14:41,-2.790071,-115.109451,-18.0,16.04,72.1,8,2.1,76.3,3.996,-4.4,0,1,4028
2026-04-04T17:15:09,-2.789602,-115.107582,-22.2,15.37,71.6,8,2.1,76.3,3.995,-4.4,0,1,4029
2026-04-04T17:15:38,-2.789023,-115.105652,-29.8,15.27,71.4,8,2.1,76.5,3.994,-4.4,0,1,4030
2026-04-04T17:16:06,-2.788452,-115.103760,-28.1,15.12,71.0,8,2.1,76.5,3.991,-4.4,0,1,4031
2026-04-04T17:16:34,-2.787922,-115.101913,-21.4,15.04,73.5,7,2.4,76.3,3.995,-4.4,0,1,4032
2026-04-04T17:17:03,-2.787388,-115.099983,-19.2,14.45,73.6,8,2.0,76.3,3.994,-4.4,0,1,4033
2026-04-04T17:17:31,-2.786916,-115.098160,-34.3,14.16,74.0,8,2.0,76.0,3.987,-4.4,0,1,4034
2026-04-04T17:17:59,-2.786330,-115.096344,-24.5,15.20,73.8,8,2.0,76.3,3.995,-4.4,0,1,4035
2026-04-04T17:18:28,-2.785767,-115.094414,-16.4,14.64,74.4,8,2.0,76.2,3.993,-4.4,0,1,4036
2026-04-04T17:18:56,-2.785168,-115.092545,-23.5,15.12,72.4,7,2.3,76.0,3.993,-4.4,0,1,4037
2026-04-04T17:19:24,-2.784662,-115.090752,-33.0,14.04,76.8,8,2.0,76.0,3.994,-4.4,0,1,4038
2026-04-04T17:19:53,-2.783967,-115.088860,-8.1,15.25,69.2,7,2.2,76.2,3.993,-4.4,0,1,4039
2026-04-04T17:20:21,-2.783460,-115.086952,-9.9,14.62,71.8,7,2.2,76.0,3.990,-4.4,0,1,4040
2026-04-04T17:20:49,-2.782865,-115.085106,-13.9,15.41,70.6,7,2.2,76.2,3.993,-4.4,0,1,4041
2026-04-04T17:21:18,-2.782288,-115.083191,-10.6,14.86,70.4,7,2.2,76.3,3.993,-4.4,0,1,4042
2026-04-04T17:21:46,-2.781815,-115.081360,-17.3,13.67,76.3,8,1.9,76.5,3.984,-4.4,0,1,4043
2026-04-04T17:22:14,-2.781080,-115.079475,2.9,14.96,71.1,9,1.3,75.9,3.993,-4.4,0,1,4044
2026-04-04T17:22:43,-2.780542,-115.077545,-8.5,14.58,73.5,9,1.3,76.2,3.991,-4.4,0,1,4045
2026-04-04T17:23:11,-2.779968,-115.075676,-2.9,14.60,74.5,9,1.3,76.2,3.984,-4.4,0,1,4046
2026-04-04T17:23:39,-2.779447,-115.073830,-11.6,15.00,70.4,10,1.3,76.2,3.989,-4.4,0,1,4047
2026-04-04T17:24:08,-2.778938,-115.071907,-23.3,14.08,78.5,9,1.4,76.2,3.993,-4.4,0,1,4048
2026-04-04T17:24:36,-2.778465,-115.070107,-38.8,13.44,72.0,10,1.3,76.0,3.990,-4.4,0,1,4049
2026-04-04T17:25:04,-2.777932,-115.068237,-40.9,14.92,71.7,9,1.4,75.9,3.990,-4.4,0,1,4050
2026-04-04T17:25:33,-2.777337,-115.066307,-38.4,14.96,71.2,9,1.4,76.0,3.991,-4.4,0,1,4051
2026-04-04T17:26:01,-2.776753,-115.064514,-33.1,9.32,76.7,10,1.3,75.9,3.993,-4.4,0,1,4052
2026-04-04T17:26:29,-2.776187,-115.062500,-25.6,15.15,70.9,9,1.4,75.7,3.991,-4.4,0,1,4053
2026-04-04T17:26:58,-2.775595,-115.060509,-17.0,14.75,72.1,9,1.4,76.2,3.991,-4.4,0,1,4054
2026-04-04T17:27:26,-2.775060,-115.058716,-19.7,14.20,71.4,9,1.4,75.9,3.991,-4.4,0,1,4055
2026-04-04T17:27:54,-2.774470,-115.056831,-16.3,15.26,73.5,10,1.3,75.5,3.991,-4.4,0,1,4056
2026-04-04T17:28:23,-2.773808,-115.054939,-11.8,14.95,72.6,9,1.5,76.2,3.991,2028.2,0,1,4057
2026-04-04T17:28:51,-2.773178,-115.053017,-1.3,14.83,69.4,9,1.5,76.0,3.990,-4.4,0,1,4058
2026-04-04T17:29:19,-2.772570,-115.051071,9.1,14.66,73.9,10,1.3,75.7,3.990,-4.4,0,1,4059
2026-04-04T17:29:48,-2.771958,-115.049141,6.3,14.32,71.8,10,1.3,76.0,3.989,-4.4,0,1,4060
2026-04-04T17:30:16,-2.771447,-115.047295,1.1,15.51,78.4,9,1.5,75.7,3.984,-4.4,0,1,4061
2026-04-04T17:30:44,-2.770798,-115.045380,13.3,16.17,73.8,8,1.5,75.9,3.990,-4.4,0,1,4062
2026-04-04T17:31:13,-2.770158,-115.043442,13.3,15.44,73.4,8,1.6,75.9,3.990,-4.4,0,1,4063
2026-04-04T17:31:41,-2.769582,-115.041641,8.7,14.80,76.6,9,1.5,75.9,3.990,-4.4,0,1,4064
2026-04-04T17:32:09,-2.768955,-115.039757,10.5,15.37,72.3,9,1.5,75.7,3.989,-4.4,0,1,4065
2026-04-04T17:32:38,-2.768375,-115.037788,14.3,15.81,70.8,9,1.5,75.7,3.990,-4.4,0,1,4066
2026-04-04T17:33:06,-2.767783,-115.035965,16.1,14.61,70.9,9,1.5,75.5,3.990,-4.4,0,1,4067
2026-04-04T17:33:34,-2.767100,-115.034111,25.5,15.05,65.9,9,1.5,75.7,3.987,-4.4,0,1,4068
2026-04-04T17:34:03,-2.766517,-115.032143,25.4,14.01,68.3,9,1.5,76.0,3.987,-4.4,0,1,4069
2026-04-04T17:34:31,-2.766025,-115.030273,21.1,14.55,76.9,9,1.5,75.5,3.989,-4.4,0,1,4070
2026-04-04T17:34:59,-2.765378,-115.028389,27.0,14.88,71.3,9,1.5,75.7,3.987,-4.4,0,1,4071
2026-04-04T17:35:28,-2.764723,-115.026482,30.5,15.43,71.2,9,1.5,75.7,3.987,-4.4,0,1,4072
2026-04-04T17:35:56,-2.764082,-115.024612,39.5,15.60,70.8,9,1.5,75.7,3.989,-4.4,0,1,4073
2026-04-04T17:36:24,-2.763479,-115.022774,37.8,14.53,69.5,9,1.5,75.5,3.987,-4.4,0,1,4074
2026-04-04T17:36:53,-2.762878,-115.020836,39.3,15.11,69.6,9,1.5,75.5,3.989,-4.4,0,1,4075
2026-04-04T17:37:21,-2.762222,-115.018982,41.6,14.90,70.1,9,1.5,75.4,3.989,-4.2,0,1,4076
2026-04-04T17:37:49,-2.761660,-115.017113,37.1,14.81,73.6,9,1.5,75.7,3.989,-4.4,0,1,4077
2026-04-04T17:38:18,-2.761080,-115.015205,38.4,14.90,72.1,9,1.5,75.9,3.987,-4.4,0,1,4078
2026-04-04T17:38:46,-2.760512,-115.013374,34.6,14.80,64.8,9,1.5,75.5,3.989,-4.4,0,1,4079
2026-04-04T17:39:14,-2.760022,-115.011520,36.9,14.73,75.0,9,1.4,75.5,3.987,-4.4,0,1,4080
2026-04-04T17:39:43,-2.759497,-115.009613,31.2,14.57,73.0,9,1.4,75.5,3.989,-4.4,0,1,4081
2026-04-04T17:40:11,-2.758948,-115.007767,34.4,13.32,70.4,8,1.6,75.2,3.984,-4.4,0,1,4082
2026-04-04T17:40:39,-2.758255,-115.005974,35.7,14.84,67.5,9,1.4,75.4,3.984,-4.2,0,1,4083
2026-04-04T17:41:08,-2.757718,-115.004074,35.9,14.64,71.4,10,1.4,75.4,3.987,-4.2,0,1,4084
2026-04-04T17:41:36,-2.757163,-115.002251,22.3,14.76,68.9,10,1.4,75.0,3.986,-4.4,0,1,4085
2026-04-04T17:42:04,-2.756695,-115.000374,19.5,14.15,73.1,10,1.4,75.5,3.986,-4.4,0,1,4086
2026-04-04T17:42:33,-2.756003,-114.998489,29.2,14.48,66.4,10,1.4,75.2,3.986,-4.4,0,1,4087
2026-04-04T17:43:01,-2.755485,-114.996635,28.9,14.31,73.6,10,1.4,75.5,3.980,-4.4,0,1,4088
2026-04-04T17:43:29,-2.754853,-114.994789,34.5,15.21,70.3,10,1.4,75.2,3.984,-4.4,0,1,4089
2026-04-04T17:43:58,-2.754208,-114.992859,38.5,14.82,71.4,10,1.4,75.4,3.989,-4.2,0,1,4090
2026-04-04T17:44:26,-2.753783,-114.990974,34.2,13.59,75.8,10,1.4,75.0,3.983,-4.4,0,1,4091
2026-04-04T17:44:54,-2.753112,-114.989174,38.8,14.92,72.7,10,1.4,75.2,3.987,-4.4,0,1,4092
2026-04-04T17:45:23,-2.752506,-114.987251,34.6,14.96,73.2,9,1.5,75.2,3.985,-4.4,0,1,4093
2026-04-04T17:45:51,-2.751957,-114.985397,37.2,15.19,72.6,9,1.5,75.0,3.980,-4.4,0,1,4094
2026-04-04T17:46:19,-2.751458,-114.983513,38.5,14.65,74.3,9,1.5,74.9,3.986,-4.4,0,1,4095
2026-04-04T17:46:48,-2.750905,-114.981583,30.1,14.59,73.4,8,2.3,75.2,3.986,-4.4,0,1,4096
2026-04-04T17:47:16,-2.750283,-114.979774,30.4,15.32,64.6,8,2.3,75.4,3.977,-4.2,0,1,4097
2026-04-04T17:47:44,-2.749957,-114.977829,12.3,14.86,75.1,8,4.1,75.0,3.985,-4.4,0,1,4098
2026-04-04T17:48:13,-2.749558,-114.975883,-4.1,14.83,76.9,8,4.1,75.5,3.985,-4.4,0,1,4099
2026-04-04T17:48:41,-2.749203,-114.973969,-24.4,14.46,76.3,8,2.3,75.0,3.975,-4.4,0,1,4100
2026-04-04T17:49:09,-2.748850,-114.972084,-43.0,14.33,73.6,8,2.4,74.9,3.984,-4.4,0,1,4101
2026-04-04T17:49:38,-2.748228,-114.970123,-43.3,15.61,69.5,8,2.4,75.2,3.986,-4.4,0,1,4102
2026-04-04T17:50:06,-2.747695,-114.968254,-43.3,15.37,66.8,8,2.4,74.9,3.986,-4.4,0,1,4103
2026-04-04T17:50:34,-2.746997,-114.966438,-26.9,14.52,71.1,9,1.5,75.0,3.984,-4.4,0,1,4104
2026-04-04T17:51:03,-2.746253,-114.964554,-18.6,15.74,77.5,8,2.4,75.0,3.985,-4.4,0,1,4105
2026-04-04T17:51:31,-2.745618,-114.962769,-7.3,14.22,72.6,8,2.4,74.9,3.984,-4.4,0,1,4106
2026-04-04T17:51:59,-2.744988,-114.960907,-5.5,14.65,72.0,8,2.4,74.7,3.984,-4.4,0,1,4107
2026-04-04T17:52:28,-2.744313,-114.959068,-1.2,13.85,71.6,9,1.5,75.0,3.984,-4.4,0,1,4108
2026-04-04T17:52:56,-2.743778,-114.957146,1.1,14.52,80.1,9,1.5,74.7,3.984,-4.4,0,1,4109
2026-04-04T17:53:24,-2.743112,-114.955261,11.8,13.78,70.1,9,1.5,74.7,3.984,-4.4,0,1,4110
2026-04-04T17:53:53,-2.742232,-114.953461,33.5,14.93,66.2,9,1.5,74.9,3.984,-4.4,0,1,4111
2026-04-04T17:54:21,-2.741595,-114.951614,40.1,14.20,76.2,9,1.5,74.9,3.986,-4.4,0,1,4112
2026-04-04T17:54:49,-2.741078,-114.949745,35.2,14.49,72.3,9,1.5,74.9,3.985,-4.4,0,1,4113
2026-04-04T17:55:18,-2.740490,-114.947868,32.6,15.19,73.5,9,1.5,75.0,3.984,-4.4,0,1,4114
2026-04-04T17:55:46,-2.739963,-114.945969,32.0,13.55,72.2,9,1.5,74.7,3.977,-4.4,0,1,4115
2026-04-04T17:56:14,-2.739252,-114.944138,43.3,14.72,69.4,9,1.5,74.7,3.984,-4.4,0,1,4116
2026-04-04T17:56:43,-2.738598,-114.942192,52.9,14.65,66.2,9,1.5,74.9,3.985,-4.4,0,1,4117
2026-04-04T17:57:11,-2.738118,-114.940262,51.1,15.12,71.8,9,1.5,74.7,3.983,-4.4,0,1,4118
2026-04-04T17:57:39,-2.737613,-114.938408,51.8,14.95,80.1,9,1.5,74.5,3.984,-4.4,0,1,4119
2026-04-04T17:58:08,-2.736897,-114.936516,56.5,14.53,74.8,9,1.5,75.0,3.983,-4.4,0,1,4120
2026-04-04T17:58:36,-2.736365,-114.934685,50.8,13.49,76.3,9,1.5,74.7,3.973,-4.4,0,1,4121
2026-04-04T17:59:04,-2.735798,-114.932762,52.0,15.28,72.8,8,2.5,74.7,3.981,-4.4,0,1,4122
2026-04-04T17:59:33,-2.735197,-114.930893,50.3,14.50,70.9,9,1.5,74.9,3.984,-4.4,0,1,4123
2026-04-04T18:00:01,-2.734653,-114.929024,48.4,14.04,69.5,8,2.5,74.5,3.983,-4.4,0,1,4124
2026-04-04T18:00:29,-2.734033,-114.927231,46.3,14.91,70.5,9,1.5,74.4,3.981,-4.4,0,1,4125
2026-04-04T18:00:58,-2.733443,-114.925285,48.6,15.19,75.2,8,3.7,74.7,3.981,-4.4,0,1,4126
2026-04-04T18:01:26,-2.732978,-114.923416,39.4,14.31,71.3,8,2.5,74.7,3.977,-4.4,0,1,4127
2026-04-04T18:01:54,-2.732540,-114.921616,28.0,14.98,76.7,8,2.5,74.7,3.981,-4.4,0,1,4128
2026-04-04T18:02:23,-2.731937,-114.919655,28.7,15.01,75.6,8,2.5,74.7,3.980,-4.4,0,1,4129
2026-04-04T18:02:51,-2.731397,-114.917847,25.9,15.42,72.8,8,2.5,74.4,3.980,-4.4,0,1,4130
2026-04-04T18:03:19,-2.730727,-114.916008,32.8,14.35,72.7,8,2.5,74.5,3.980,-4.4,0,1,4131
2026-04-04T18:03:48,-2.730070,-114.914124,36.7,15.24,69.9,8,2.5,74.7,3.979,-4.4,0,1,4132
2026-04-04T18:04:16,-2.729497,-114.912254,35.5,13.73,71.1,8,2.5,74.4,3.976,-4.4,0,1,4133
2026-04-04T18:04:44,-2.728950,-114.910416,34.9,15.13,70.2,8,2.5,74.4,3.977,-4.4,0,1,4134
2026-04-04T18:05:13,-2.728417,-114.908493,27.2,14.97,70.6,8,2.5,74.9,3.980,-4.4,0,1,4135
2026-04-04T18:05:41,-2.727748,-114.906639,31.6,14.60,69.9,8,2.5,74.5,3.980,-4.4,0,1,4136
2026-04-04T18:06:09,-2.727183,-114.904793,33.8,14.84,73.8,8,2.5,74.4,3.979,-4.4,0,1,4137
2026-04-04T18:06:38,-2.726617,-114.902924,33.9,14.04,72.4,8,2.5,74.4,3.979,-4.4,0,1,4138
2026-04-04T18:07:06,-2.726078,-114.901054,34.7,13.70,70.7,8,2.5,74.4,3.980,-4.4,0,1,4139
2026-04-04T18:07:34,-2.725420,-114.899239,35.2,15.11,71.0,8,2.5,74.1,3.980,-4.4,0,1,4140
2026-04-04T18:08:03,-2.724887,-114.897392,28.6,14.21,72.5,8,2.5,74.5,3.980,-4.4,0,1,4141
2026-04-04T18:08:31,-2.724378,-114.895561,23.9,14.70,69.3,8,2.5,74.2,3.975,-4.4,0,1,4142
2026-04-04T18:08:59,-2.723812,-114.893723,26.2,14.57,70.7,8,2.5,74.5,3.981,-4.4,0,1,4143
2026-04-04T18:09:28,-2.723340,-114.891876,19.2,13.67,72.1,8,2.5,74.4,3.979,-4.4,0,1,4144
2026-04-04T18:09:56,-2.722642,-114.890045,25.9,13.95,68.4,8,2.5,74.4,3.979,-4.4,0,1,4145
2026-04-04T18:10:24,-2.722177,-114.888268,13.7,14.22,73.4,8,2.4,74.2,3.976,-4.4,0,1,4146
2026-04-04T18:10:53,-2.721648,-114.886375,8.6,14.25,72.2,8,2.4,74.5,3.977,-4.4,0,1,4147
2026-04-04T18:11:21,-2.721133,-114.884544,14.2,13.30,70.0,8,2.4,74.1,3.980,-4.4,0,1,4148
2026-04-04T18:11:49,-2.720525,-114.882767,19.9,14.08,68.3,8,2.4,74.5,3.975,-4.4,0,1,4149
2026-04-04T18:12:18,-2.719898,-114.880936,20.9,13.69,68.6,8,2.4,74.5,3.977,-4.4,0,1,4150
2026-04-04T18:12:46,-2.719355,-114.879105,22.1,13.46,73.3,8,3.0,74.1,3.979,-4.4,0,1,4151
2026-04-04T18:13:14,-2.718783,-114.877312,17.8,15.00,70.9,8,2.4,74.2,3.975,-4.4,0,1,4152
2026-04-04T18:13:43,-2.718247,-114.875465,13.8,13.90,74.1,8,3.0,74.2,3.977,-4.4,0,1,4153
2026-04-04T18:14:11,-2.717687,-114.873627,15.3,14.16,73.1,8,2.4,74.1,3.973,-4.4,0,1,4154
2026-04-04T18:14:39,-2.717130,-114.871834,27.1,14.95,67.4,8,2.4,74.4,3.975,-4.4,0,1,4155
2026-04-04T18:15:08,-2.716513,-114.870041,23.0,14.51,73.6,8,2.3,74.1,3.976,-4.4,0,1,4156
2026-04-04T18:15:36,-2.715953,-114.868240,22.9,14.29,69.9,8,2.3,74.1,3.977,-4.4,0,1,4157
2026-04-04T18:16:04,-2.715405,-114.866455,20.7,14.32,69.7,8,2.3,74.1,3.974,-4.4,0,1,4158
2026-04-04T18:16:33,-2.714812,-114.864586,20.7,14.84,69.2,8,2.3,74.4,3.971,-4.4,0,1,4159
2026-04-04T18:17:01,-2.714247,-114.862732,26.1,15.27,74.3,8,2.3,73.7,3.973,-4.4,0,1,4160
2026-04-04T18:17:29,-2.713609,-114.860901,28.4,14.94,70.6,9,2.0,73.7,3.973,-4.4,0,1,4161
2026-04-04T18:17:58,-2.713028,-114.858986,32.0,15.24,73.6,9,2.0,74.1,3.976,-4.4,0,1,4162
2026-04-04T18:18:26,-2.712442,-114.857155,31.6,15.94,67.1,9,2.0,73.9,3.969,-4.4,0,1,4163
2026-04-04T18:18:54,-2.712000,-114.855331,28.0,14.80,73.3,9,2.0,74.1,3.973,-4.4,0,1,4164
2026-04-04T18:19:23,-2.711263,-114.853531,27.9,15.03,71.7,9,2.0,74.4,3.979,-4.4,0,1,4165
2026-04-04T18:19:51,-2.710695,-114.851662,36.2,14.30,65.0,9,2.0,73.9,3.970,-4.4,0,1,4166
2026-04-04T18:20:19,-2.710167,-114.849831,37.0,15.10,69.5,9,2.0,73.9,3.974,-4.4,0,1,4167
2026-04-04T18:20:48,-2.709507,-114.847961,36.2,14.08,66.6,9,2.0,74.2,3.975,-4.4,0,1,4168
2026-04-04T18:21:16,-2.708942,-114.846146,36.2,15.01,71.7,9,2.0,73.7,3.967,-4.4,0,1,4169
2026-04-04T18:21:44,-2.708358,-114.844353,31.0,15.11,72.0,9,2.0,73.9,3.971,-4.4,0,1,4170
2026-04-04T18:22:13,-2.707868,-114.842461,29.8,14.64,73.4,9,2.0,74.2,3.977,-4.4,0,1,4171
2026-04-04T18:22:41,-2.707255,-114.840614,28.1,15.14,70.6,9,1.9,74.1,3.977,-4.4,0,1,4172
2026-04-04T18:23:09,-2.706808,-114.838806,21.1,14.88,73.6,9,1.9,73.7,3.973,-4.4,0,1,4173
2026-04-04T18:23:38,-2.706195,-114.836914,21.9,15.07,74.4,9,1.9,73.9,3.976,-4.4,0,1,4174
2026-04-04T18:24:06,-2.705688,-114.835083,20.0,14.08,69.4,9,1.9,74.1,3.974,-4.4,0,1,4175
2026-04-04T18:24:34,-2.705132,-114.833252,20.1,15.26,71.9,9,1.9,73.9,3.971,-4.4,0,1,4176
2026-04-04T18:25:03,-2.704557,-114.831337,22.7,14.66,70.0,8,3.1,73.9,3.971,-4.4,0,1,4177
2026-04-04T18:25:31,-2.704023,-114.829506,19.3,16.98,74.7,9,1.9,73.9,3.975,-4.4,0,1,4178
2026-04-04T18:25:59,-2.703497,-114.827690,20.2,15.69,71.7,9,1.9,73.6,3.971,-4.4,0,1,4179
2026-04-04T18:26:28,-2.702885,-114.825844,22.0,14.53,67.6,8,2.1,73.7,3.967,-4.4,0,1,4180
2026-04-04T18:26:56,-2.702178,-114.823975,37.3,15.56,68.3,8,2.1,73.9,3.974,-4.4,0,1,4181
2026-04-04T18:27:24,-2.701438,-114.822182,47.5,15.28,68.7,8,2.1,73.9,3.974,-4.4,0,1,4182
2026-04-04T18:27:53,-2.700795,-114.820335,53.3,15.62,68.1,8,2.1,73.9,3.975,-4.4,0,1,4183
2026-04-04T18:28:21,-2.700250,-114.818573,57.8,14.68,71.3,8,2.1,73.6,3.974,-4.4,0,1,4184
2026-04-04T18:28:49,-2.699682,-114.816765,54.8,15.32,71.8,8,2.1,73.4,3.970,-4.4,0,1,4185
2026-04-04T18:29:18,-2.699203,-114.814873,45.0,15.51,70.2,8,2.1,73.7,3.973,-4.4,0,1,4186
2026-04-04T18:29:46,-2.698748,-114.813034,36.9,14.17,72.7,8,2.1,73.7,3.970,-4.4,0,1,4187
2026-04-04T18:30:14,-2.698243,-114.811172,30.7,14.46,73.6,8,2.1,73.4,3.969,-4.4,0,1,4188
2026-04-04T18:30:43,-2.697797,-114.809258,29.3,15.12,74.1,8,2.0,73.6,3.973,-4.4,0,1,4189
2026-04-04T18:31:11,-2.697270,-114.807426,27.7,14.16,70.6,8,2.0,73.4,3.965,-4.4,0,1,4190
2026-04-04T18:31:39,-2.696758,-114.805565,17.5,15.12,71.2,7,2.1,73.7,3.974,-4.4,0,1,4191
2026-04-04T18:32:08,-2.696268,-114.803688,11.3,13.90,72.5,7,2.1,73.7,3.971,-4.4,0,1,4192
2026-04-04T18:32:36,-2.695705,-114.801842,12.4,14.84,72.1,7,2.0,73.2,3.966,-4.4,0,1,4193
2026-04-04T18:33:04,-2.695162,-114.799988,15.9,14.52,70.5,7,2.0,73.4,3.969,-4.4,0,1,4194
2026-04-04T18:33:33,-2.694553,-114.798096,16.8,14.96,66.8,7,2.0,73.4,3.965,-4.4,0,1,4195
2026-04-04T18:34:01,-2.693957,-114.796288,14.9,14.49,69.8,7,2.0,73.2,3.969,-4.4,0,1,4196
2026-04-04T18:34:29,-2.693447,-114.794487,11.5,14.22,69.1,7,2.0,73.6,3.969,-4.4,0,1,4197
2026-04-04T18:34:58,-2.692958,-114.792580,4.5,16.01,69.4,7,2.0,73.7,3.974,-4.4,0,1,4198
2026-04-04T18:35:26,-2.692465,-114.790749,2.2,14.73,71.2,7,2.0,73.2,3.966,-4.4,0,1,4199
2026-04-04T18:35:54,-2.691900,-114.788940,4.9,13.78,69.4,7,2.0,73.6,3.969,-4.4,0,1,4200
2026-04-04T18:36:23,-2.691263,-114.787033,10.1,14.22,71.0,7,2.0,73.2,3.971,-4.4,0,1,4201
2026-04-04T18:36:51,-2.690778,-114.785202,14.2,14.85,73.0,7,2.0,73.2,3.973,-4.4,0,1,4202
2026-04-04T18:37:19,-2.690103,-114.783401,19.9,14.66,68.2,7,2.0,73.6,3.969,-4.4,0,1,4203
2026-04-04T18:37:48,-2.689443,-114.781494,25.3,14.64,69.3,7,2.0,73.4,3.971,-4.4,0,1,4204
2026-04-04T18:38:16,-2.688975,-114.779671,18.5,14.91,69.4,7,2.0,73.2,3.971,-4.4,0,1,4205
2026-04-04T18:38:44,-2.688480,-114.777840,14.5,15.07,71.2,7,1.9,73.4,3.969,-4.4,0,1,4206
2026-04-04T18:39:13,-2.687922,-114.776039,14.8,14.66,72.1,6,2.2,73.6,3.965,-4.4,0,1,4207
2026-04-04T18:39:41,-2.687433,-114.774544,12.1,3.58,75.4,4,3.5,73.1,3.967,-4.4,0,1,4208
2026-04-04T18:40:09,-2.686885,-114.772789,4.6,10.28,68.5,5,3.4,73.2,3.971,-4.4,0,1,4209
2026-04-04T18:40:38,-2.686895,-114.771370,4.8,6.70,75.2,4,7.0,73.2,3.970,-4.4,0,1,4210
2026-04-04T18:41:06,-2.686860,-114.769882,6.1,7.36,93.6,4,7.1,73.2,3.970,-4.4,0,1,4211
2026-04-04T18:41:34,-2.685060,-114.766899,-1.6,9.90,67.4,5,3.4,73.1,3.966,-4.4,0,1,4212
2026-04-04T18:42:04,-2.684625,-114.765388,-0.8,2.94,81.6,3,5.0,73.2,3.971,-4.4,0,1,4213
2026-04-04T18:42:04,,,,,,,,73.2,4.014,-4.4,0,0,4214
2026-04-04T18:42:04,,,,,,,,80.1,4.032,-0.6,0,0,4215
2026-04-04T18:56:43,-2.667422,-114.707954,7.2,3.93,83.5,5,3.4,81.9,3.983,-10.0,0,1,4216
2026-04-04T18:57:11,-2.667173,-114.705986,13.3,8.52,84.7,5,3.4,75.5,3.989,-4.4,0,1,4217
2026-04-04T18:57:39,-2.666700,-114.704384,3.7,4.27,63.8,5,3.4,75.2,3.984,-4.4,0,1,4218
2026-04-04T18:57:39,,,,,,,,75.4,3.983,-4.2,0,0,4219
2026-04-04T19:01:39,-2.660795,-114.688499,325.0,13.65,73.7,6,1.7,75.2,3.985,-4.4,0,1,4220
2026-04-04T19:02:08,-2.660336,-114.686768,354.8,2.10,59.5,5,3.4,75.5,3.983,-4.4,0,1,4221
2026-04-04T19:02:36,-2.659677,-114.684906,380.2,13.81,73.1,5,3.4,74.9,3.979,-4.4,0,1,4222
2026-04-04T19:03:04,-2.659165,-114.683159,403.5,14.94,79.5,5,3.4,75.0,3.984,-4.4,0,1,4223
2026-04-04T19:03:33,-2.658417,-114.681091,426.0,13.87,77.0,5,3.4,75.2,3.984,-4.4,0,1,4224
2026-04-04T19:04:01,-2.657890,-114.679153,446.8,13.76,66.7,6,4.6,74.9,3.981,-4.4,0,1,4225
2026-04-04T19:04:29,-2.657368,-114.677399,461.6,14.56,82.1,6,1.7,75.0,3.985,-4.4,0,1,4226
2026-04-04T19:04:58,-2.656628,-114.675301,473.0,14.63,71.6,6,1.7,75.2,3.984,-4.4,0,1,4227
2026-04-04T19:05:26,-2.656121,-114.673279,479.9,14.98,72.8,6,1.7,74.7,3.983,-4.4,0,1,4228
2026-04-04T19:05:54,-2.655568,-114.671318,483.2,13.16,76.0,6,1.7,74.9,3.981,-4.4,0,1,4229
2026-04-04T19:06:23,-2.655066,-114.669220,470.7,15.00,77.0,5,3.4,75.2,3.977,-4.4,0,1,4230
2026-04-04T19:06:51,-2.654653,-114.667366,461.9,13.69,75.9,6,1.7,74.5,3.985,-4.4,0,1,4231
2026-04-04T19:07:19,-2.654240,-114.665421,450.5,13.57,77.0,6,4.6,74.5,3.980,-4.4,0,1,4232
2026-04-04T19:07:48,-2.653677,-114.663345,406.4,12.82,72.3,6,1.7,74.9,3.983,-4.4,0,1,4233
2026-04-04T19:08:16,-2.653178,-114.661545,383.5,13.93,67.2,6,1.7,74.7,3.973,-4.4,0,1,4234
2026-04-04T19:08:44,-2.652757,-114.659599,327.9,12.80,80.4,6,1.7,74.7,3.984,-4.4,0,1,4235
2026-04-04T19:09:13,-2.652482,-114.657661,284.8,12.64,83.3,5,3.4,74.7,3.977,-4.4,0,1,4236
2026-04-04T19:09:41,-2.652067,-114.655716,224.7,13.26,75.7,6,1.7,75.0,3.974,-4.4,0,1,4237
2026-04-04T19:10:09,-2.651726,-114.653770,169.1,14.38,77.7,6,1.7,74.9,3.977,-4.4,0,1,4238
2026-04-04T19:10:38,-2.651273,-114.651802,111.7,14.16,75.0,5,3.3,74.7,3.976,-4.4,0,1,4239
2026-04-04T19:11:06,-2.650858,-114.649933,67.8,13.47,79.7,6,1.7,74.7,3.977,-4.4,0,1,4240
2026-04-04T19:11:34,-2.650475,-114.648163,45.5,13.58,76.1,6,1.7,74.5,3.981,-4.4,0,1,4241
2026-04-04T19:12:03,-2.649981,-114.646271,27.6,13.06,79.2,6,1.7,74.4,3.981,-4.4,0,1,4242
2026-04-04T19:12:31,-2.649597,-114.644669,-27.9,13.56,75.9,6,2.5,74.7,3.979,-4.4,0,1,4243
2026-04-04T19:12:59,-2.649187,-114.642906,-43.0,12.67,74.4,6,2.5,74.5,3.976,-4.4,0,1,4244
2026-04-04T19:13:32,-2.648608,-114.640732,-46.4,4.87,66.4,6,4.0,74.9,3.983,1993.5,0,1,4245
2026-04-04T19:14:00,-2.648175,-114.638832,-43.6,14.80,75.2,6,2.5,74.2,3.979,-4.4,0,1,4246
2026-04-04T19:14:30,-2.647635,-114.636963,-30.6,12.33,80.7,6,2.5,74.4,3.981,-4.4,0,1,4247
2026-04-04T19:14:58,-2.647102,-114.635147,-20.6,13.51,82.9,7,1.6,74.5,3.979,-4.4,0,1,4248
2026-04-04T19:15:29,-2.646468,-114.632950,-30.1,6.38,79.6,7,2.3,74.2,3.979,-4.4,0,1,4249
2026-04-04T19:15:57,-2.645892,-114.631050,-36.3,9.95,79.9,6,2.5,74.2,3.979,-4.4,0,1,4250
2026-04-04T19:16:26,-2.645530,-114.629059,-42.1,7.87,80.3,5,9.8,74.7,3.979,-4.4,0,1,4251
2026-04-04T19:16:54,-2.645153,-114.627075,-59.4,5.98,69.4,5,9.6,75.0,3.980,-4.4,0,1,4252
2026-04-04T19:17:23,-2.644852,-114.625099,-69.7,11.57,78.2,5,9.3,74.5,3.980,-4.4,0,1,4253
2026-04-04T19:17:51,-2.644515,-114.623154,-82.2,13.17,79.8,5,9.1,74.1,3.970,-4.4,0,1,4254
2026-04-04T19:18:19,-2.644248,-114.621376,-87.0,4.11,77.1,5,8.9,74.2,3.980,-4.4,0,1,4255
2026-04-04T19:18:48,-2.643925,-114.619446,-96.7,3.83,75.9,5,8.6,74.4,3.975,-4.4,0,1,4256
2026-04-04T19:19:16,-2.643133,-114.617393,-94.3,13.53,82.0,7,1.6,74.2,3.979,-4.4,0,1,4257
2026-04-04T19:19:44,-2.642287,-114.615555,-79.0,14.54,86.9,7,1.6,74.2,3.973,-4.4,0,1,4258
2026-04-04T19:20:13,-2.642035,-114.613747,-84.0,13.40,80.7,5,8.1,74.2,3.973,-4.4,0,1,4259
2026-04-04T19:20:41,-2.641167,-114.611801,-69.3,14.56,80.6,7,1.6,74.5,3.969,-4.4,0,1,4260
2026-04-04T19:21:09,-2.640105,-114.609932,-35.6,14.18,77.5,7,2.3,74.1,3.979,-4.4,0,1,4261
2026-04-04T19:21:38,-2.639145,-114.608040,-11.0,16.25,70.8,6,2.4,74.1,3.977,-4.4,0,1,4262
2026-04-04T19:22:06,-2.638448,-114.606155,0.6,15.13,76.1,7,1.6,73.9,3.976,-4.4,0,1,4263
2026-04-04T19:22:34,-2.637873,-114.604340,9.6,14.71,77.2,7,1.6,74.1,3.975,-4.4,0,1,4264
2026-04-04T19:23:03,-2.637165,-114.602448,12.5,14.74,73.1,7,1.6,74.1,3.977,-4.4,0,1,4265
2026-04-04T19:23:31,-2.636623,-114.600548,10.7,17.35,72.4,7,1.6,73.9,3.977,-4.4,0,1,4266
2026-04-04T19:23:59,-2.636122,-114.598679,6.9,15.90,72.0,7,1.6,74.1,3.973,-4.4,0,1,4267
2026-04-04T19:24:28,-2.635697,-114.596748,8.3,14.08,83.8,6,2.3,74.1,3.976,-4.4,0,1,4268
2026-04-04T19:24:56,-2.635093,-114.594902,18.3,15.87,76.4,7,1.6,74.1,3.977,-4.4,0,1,4269
2026-04-04T19:25:24,-2.634507,-114.593086,27.1,13.66,80.2,7,1.6,74.4,3.974,-4.4,0,1,4270
2026-04-04T19:25:53,-2.633957,-114.591141,29.1,14.69,74.6,7,1.6,73.9,3.976,-4.4,0,1,4271
2026-04-04T19:26:21,-2.633422,-114.589302,29.5,13.86,71.2,7,1.6,73.9,3.976,-4.4,0,1,4272
2026-04-04T19:26:49,-2.632892,-114.587479,27.3,13.96,69.7,7,1.6,74.1,3.974,-4.4,0,1,4273
2026-04-04T19:27:18,-2.632340,-114.585548,25.6,14.39,76.8,6,2.3,74.1,3.976,-4.4,0,1,4274
2026-04-04T19:27:46,-2.631723,-114.583656,26.7,15.94,72.4,6,2.3,73.9,3.966,-4.4,0,1,4275
2026-04-04T19:28:14,-2.631152,-114.581772,30.8,15.24,78.4,7,1.6,73.7,3.973,-4.4,0,1,4276
2026-04-04T19:28:43,-2.630680,-114.579842,25.0,15.27,75.5,6,2.3,73.9,3.976,-4.4,0,1,4277
2026-04-04T19:29:11,-2.630122,-114.578033,20.2,14.23,78.7,7,1.6,73.9,3.975,-4.4,0,1,4278
2026-04-04T19:29:39,-2.629578,-114.576157,21.3,15.15,72.0,6,2.3,73.7,3.973,-4.4,0,1,4279
2026-04-04T19:30:08,-2.628972,-114.574234,26.7,15.42,75.7,5,2.4,73.9,3.970,-4.4,0,1,4280
2026-04-04T19:30:36,-2.628512,-114.572365,28.4,14.57,74.3,6,2.1,74.1,3.971,-4.4,0,1,4281
2026-04-04T19:31:04,-2.627995,-114.570549,29.7,14.11,80.0,6,2.1,73.7,3.976,-4.4,0,1,4282
2026-04-04T19:31:33,-2.627533,-114.568611,32.1,14.37,81.3,5,2.4,73.4,3.970,-4.4,0,1,4283
2026-04-04T19:32:01,-2.626850,-114.566772,38.6,16.99,78.8,6,2.1,73.4,3.973,-4.4,0,1,4284
2026-04-04T19:32:29,-2.626175,-114.564964,39.2,14.87,71.7,6,1.6,73.7,3.971,-4.4,0,1,4285
2026-04-04T19:32:58,-2.625600,-114.563057,29.9,14.85,69.9,5,2.4,73.9,3.970,-4.4,0,1,4286
2026-04-04T19:33:26,-2.625218,-114.561142,20.3,16.87,78.3,6,1.6,73.9,3.969,-4.4,0,1,4287
2026-04-04T19:33:54,-2.624822,-114.559204,14.4,17.66,79.0,5,2.3,73.4,3.974,-4.4,0,1,4288
2026-04-04T19:34:23,-2.624405,-114.557289,7.9,15.14,79.5,5,2.4,73.9,3.970,-4.4,0,1,4289
2026-04-04T19:34:51,-2.623887,-114.555405,6.2,16.48,73.4,6,1.6,73.7,3.967,-4.4,0,1,4290
2026-04-04T19:35:19,-2.623403,-114.553596,1.8,14.32,73.5,5,2.3,73.6,3.975,-4.4,0,1,4291
2026-04-04T19:35:48,-2.622845,-114.551689,-0.5,12.16,79.9,6,1.6,73.6,3.971,-4.4,0,1,4292
2026-04-04T19:36:16,-2.622357,-114.549797,2.3,16.12,72.8,6,1.6,73.6,3.966,-4.4,0,1,4293
2026-04-04T19:36:44,-2.621745,-114.547920,4.0,15.85,75.8,6,1.6,73.6,3.974,-4.4,0,1,4294
2026-04-04T19:37:13,-2.621113,-114.545975,4.3,14.43,75.8,6,1.6,73.4,3.974,-4.4,0,1,4295
2026-04-04T19:37:41,-2.620437,-114.544090,1.3,14.66,74.0,6,2.0,73.6,3.971,-4.4,0,1,4296
2026-04-04T19:38:09,-2.619875,-114.542259,-5.0,15.45,72.1,5,2.3,73.7,3.969,-4.4,0,1,4297
2026-04-04T19:38:38,-2.619382,-114.540367,-10.4,14.58,75.4,6,1.6,73.4,3.969,-4.4,0,1,4298
2026-04-04T19:39:07,-2.618940,-114.538422,-14.8,15.09,76.6,5,2.3,73.1,3.974,-4.4,0,1,4299
2026-04-04T19:39:35,-2.618447,-114.536537,-20.6,12.85,76.2,5,2.3,73.7,3.970,-4.4,0,1,4300
2026-04-04T19:40:03,-2.617873,-114.534668,-28.1,14.88,74.6,6,1.6,73.2,3.966,-4.4,0,1,4301
2026-04-04T19:40:32,-2.617442,-114.532700,-31.1,15.15,76.6,5,2.3,73.4,3.967,-4.4,0,1,4302
2026-04-04T19:41:00,-2.616840,-114.530830,-33.0,15.82,78.3,5,2.3,73.2,3.964,-4.4,0,1,4303
2026-04-04T19:41:28,-2.616342,-114.528946,-33.5,15.08,76.1,6,1.6,73.4,3.966,-4.4,0,1,4304
2026-04-04T19:41:57,-2.615685,-114.527092,-38.0,14.74,74.5,5,2.3,73.6,3.967,-4.4,0,1,4305
2026-04-04T19:42:25,-2.615412,-114.525200,-38.7,14.09,81.3,6,2.2,73.2,3.967,-4.4,0,1,4306
2026-04-04T19:42:53,-2.615008,-114.523392,-42.6,15.13,75.1,6,2.2,73.2,3.971,-4.4,0,1,4307
2026-04-04T19:43:22,-2.614605,-114.521408,-48.1,14.95,81.7,6,2.2,73.1,3.973,-4.4,0,1,4308
2026-04-04T19:43:50,-2.614042,-114.519691,-56.9,10.88,67.6,6,2.2,73.2,3.973,-4.4,0,1,4309
2026-04-04T19:44:19,-2.613585,-114.517723,-71.1,15.70,80.3,6,2.2,73.1,3.969,-4.4,0,1,4310
2026-04-04T19:44:47,-2.613227,-114.515762,-80.0,15.72,83.4,6,2.2,73.1,3.961,-4.4,0,1,4311
2026-04-04T19:45:16,-2.612792,-114.513924,-89.0,12.57,83.8,6,2.2,73.2,3.966,-4.4,0,1,4312
2026-04-04T19:45:44,-2.612317,-114.512131,-97.4,13.59,79.6,6,2.2,73.1,3.971,-4.4,0,1,4313
2026-04-04T19:46:13,-2.611842,-114.510147,-102.4,14.41,79.1,6,2.2,73.1,3.960,-4.4,0,1,4314
2026-04-04T19:46:41,-2.611400,-114.508263,-102.8,14.63,80.2,6,2.2,73.1,3.970,-4.4,0,1,4315
2026-04-04T19:47:09,-2.610895,-114.506355,-100.3,13.65,84.7,6,2.2,72.9,3.967,-4.4,0,1,4316
2026-04-04T19:47:38,-2.610250,-114.504448,-93.2,14.87,77.8,6,2.2,73.2,3.970,-4.4,0,1,4317
2026-04-04T19:48:06,-2.609685,-114.502579,-84.4,14.11,80.9,6,2.2,73.2,3.969,-4.4,0,1,4318
2026-04-04T19:48:34,-2.609113,-114.500725,-70.6,14.74,81.8,6,2.2,73.2,3.970,-4.4,0,1,4319
2026-04-04T19:49:03,-2.608560,-114.498764,-60.8,15.08,76.0,6,2.2,73.2,3.969,-4.4,0,1,4320
2026-04-04T19:49:31,-2.607908,-114.496971,-55.3,12.13,68.6,6,2.2,72.9,3.967,-4.4,0,1,4321
2026-04-04T19:49:59,-2.607383,-114.495064,-52.8,14.36,77.8,6,2.2,72.9,3.965,-4.4,0,1,4322
2026-04-04T19:50:28,-2.606870,-114.493080,-50.8,14.64,81.6,6,2.2,73.2,3.967,-4.4,0,1,4323
2026-04-04T19:50:56,-2.606345,-114.491341,-55.2,13.17,77.4,6,2.2,73.1,3.963,-4.4,0,1,4324
2026-04-04T19:51:24,-2.605838,-114.489471,-52.6,14.49,79.6,6,2.2,73.2,3.970,-4.4,0,1,4325
2026-04-04T19:51:53,-2.605263,-114.487579,-50.0,11.97,80.4,6,2.2,73.2,3.969,-4.4,0,1,4326
2026-04-04T19:52:21,-2.604598,-114.485672,-41.8,14.55,74.7,6,2.2,73.1,3.967,-4.4,0,1,4327
2026-04-04T19:52:49,-2.603978,-114.483749,-33.1,13.96,78.7,6,2.2,72.9,3.969,-4.4,0,1,4328
2026-04-04T19:53:18,-2.603275,-114.481804,-22.1,14.66,76.4,6,2.2,73.1,3.967,-4.4,0,1,4329
2026-04-04T19:53:46,-2.602603,-114.479965,-12.5,15.02,78.7,6,2.2,72.6,3.967,-4.4,0,1,4330
2026-04-04T19:54:14,-2.601828,-114.478104,1.6,15.10,74.9,7,1.9,73.1,3.965,-4.4,0,1,4331
2026-04-04T19:54:43,-2.601065,-114.476250,8.2,15.12,70.4,7,1.9,73.1,3.967,-4.4,0,1,4332
2026-04-04T19:55:11,-2.600520,-114.474380,12.9,14.50,73.2,7,1.9,72.6,3.967,-4.4,0,1,4333
2026-04-04T19:55:39,-2.599870,-114.472572,19.0,14.65,71.2,7,1.9,72.7,3.964,-4.4,0,1,4334
2026-04-04T19:56:08,-2.599282,-114.470642,22.2,14.59,75.7,7,1.9,72.7,3.969,-4.4,0,1,4335
2026-04-04T19:56:36,-2.598693,-114.468788,23.3,15.25,72.4,7,1.9,72.6,3.957,-4.4,0,1,4336
2026-04-04T19:57:04,-2.598170,-114.466919,21.1,14.95,74.7,7,1.9,72.6,3.965,-4.4,0,1,4337
2026-04-04T19:57:33,-2.597622,-114.465034,19.2,14.01,71.0,7,2.0,72.9,3.966,-4.4,0,1,4338
2026-04-04T19:58:01,-2.597050,-114.463196,16.9,14.96,75.4,7,2.0,72.7,3.966,-4.4,0,1,4339
2026-04-04T19:58:29,-2.596533,-114.461388,16.6,14.01,74.0,7,2.0,72.6,3.963,-4.4,0,1,4340
2026-04-04T19:58:58,-2.596037,-114.459496,20.3,15.37,75.0,7,2.0,72.7,3.966,-4.4,0,1,4341
2026-04-04T19:59:26,-2.595587,-114.457817,20.1,12.86,72.4,7,2.0,73.1,3.966,-4.4,0,1,4342
2026-04-04T19:59:54,-2.595103,-114.456169,16.2,12.39,71.3,7,2.0,72.6,3.965,-4.4,0,1,4343
2026-04-04T20:00:23,-2.594698,-114.454506,15.9,11.24,75.0,6,3.2,72.7,3.964,-4.4,0,1,4344
2026-04-04T20:00:51,-2.594263,-114.452942,14.7,11.02,76.9,6,3.2,72.6,3.966,-4.4,0,1,4345
2026-04-04T20:01:19,-2.593927,-114.451393,8.6,10.50,73.8,6,3.1,72.4,3.966,-4.4,0,1,4346
2026-04-04T20:01:48,-2.593525,-114.449829,0.4,10.56,73.2,6,3.1,72.7,3.966,-4.4,0,1,4347
2026-04-04T20:02:16,-2.593197,-114.448227,0.0,11.19,80.3,6,3.1,72.6,3.966,-4.4,0,1,4348
2026-04-04T20:02:44,-2.592768,-114.446716,-1.1,11.61,75.9,6,3.1,72.9,3.965,-4.4,0,1,4349
2026-04-04T20:03:13,-2.592288,-114.445145,0.6,11.05,74.5,6,3.0,72.6,3.966,-4.4,0,1,4350
2026-04-04T20:03:41,-2.591850,-114.443535,4.7,12.00,79.1,6,3.0,72.6,3.967,-4.4,0,1,4351
2026-04-04T20:04:09,-2.591341,-114.441986,5.1,11.57,68.6,6,3.0,72.7,3.966,-4.4,0,1,4352
2026-04-04T20:04:38,-2.590923,-114.440369,-0.7,12.24,78.0,6,3.0,72.7,3.964,-4.4,0,1,4353
2026-04-04T20:05:06,-2.590472,-114.438820,-9.2,11.97,71.7,6,3.0,72.2,3.957,-4.4,0,1,4354
2026-04-04T20:05:34,-2.590230,-114.437157,-14.5,11.38,81.0,6,3.0,72.4,3.966,-4.4,0,1,4355
2026-04-04T20:06:03,-2.589843,-114.435585,-20.6,12.54,80.5,6,2.9,72.6,3.964,-4.4,0,1,4356
2026-04-04T20:06:31,-2.589435,-114.433983,-25.4,11.63,75.4,6,2.9,72.4,3.965,-4.4,0,1,4357
2026-04-04T20:06:59,-2.589033,-114.432358,-25.8,12.49,83.6,6,2.9,72.4,3.966,-4.4,0,1,4358
2026-04-04T20:07:28,-2.588570,-114.430695,-28.8,12.36,79.3,6,2.9,72.4,3.965,-4.4,0,1,4359
2026-04-04T20:07:56,-2.588052,-114.429092,-23.7,12.97,80.3,7,2.7,72.1,3.965,-4.4,0,1,4360
2026-04-04T20:08:24,-2.587422,-114.427559,-11.8,12.09,73.8,7,2.7,72.6,3.964,-4.4,0,1,4361
2026-04-04T20:08:53,-2.586620,-114.425949,8.8,13.55,70.7,7,2.7,72.4,3.964,-4.4,0,1,4362
2026-04-04T20:09:21,-2.586087,-114.424332,12.9,12.09,74.4,7,2.6,72.2,3.959,-4.4,0,1,4363
2026-04-04T20:09:49,-2.585673,-114.422745,13.7,13.32,72.9,7,2.6,72.4,3.961,-4.4,0,1,4364
2026-04-04T20:10:18,-2.585102,-114.421066,21.7,12.90,67.1,8,2.0,72.4,3.960,-4.4,0,1,4365
2026-04-04T20:10:46,-2.584705,-114.419403,19.8,12.33,74.3,8,2.0,72.1,3.956,-4.4,0,1,4366
2026-04-04T20:11:14,-2.584136,-114.417854,25.3,13.04,73.4,8,2.0,72.4,3.963,-4.4,0,1,4367
2026-04-04T20:11:43,-2.583557,-114.416206,25.8,12.52,73.3,8,2.0,72.2,3.964,-4.4,0,1,4368
2026-04-04T20:12:11,-2.583113,-114.414551,22.6,13.83,70.8,8,2.0,72.1,3.954,-4.4,0,1,4369
2026-04-04T20:12:39,-2.582672,-114.412956,26.1,13.43,74.7,8,2.0,72.2,3.961,-4.4,0,1,4370
2026-04-04T20:13:08,-2.582233,-114.411301,24.9,12.86,73.4,8,2.0,72.4,3.964,-4.4,0,1,4371
2026-04-04T20:13:36,-2.581820,-114.409691,29.0,12.80,79.1,8,2.0,71.9,3.964,-4.4,0,1,4372
2026-04-04T20:14:04,-2.581403,-114.408104,19.9,13.30,71.7,8,2.0,72.1,3.960,-4.4,0,1,4373
2026-04-04T20:14:33,-2.580905,-114.406425,16.8,12.61,71.8,8,2.0,72.1,3.964,-4.4,0,1,4374
2026-04-04T20:15:01,-2.580482,-114.404823,11.5,11.24,71.3,8,2.0,72.1,3.963,-4.4,0,1,4375
2026-04-04T20:15:29,-2.579982,-114.403236,10.6,12.82,69.0,8,2.0,72.1,3.963,-4.4,0,1,4376
2026-04-04T20:15:58,-2.579588,-114.401520,6.9,12.94,79.3,8,2.0,72.4,3.963,-4.4,0,1,4377
2026-04-04T20:16:26,-2.579038,-114.399948,14.9,12.44,75.8,8,2.0,71.9,3.963,-4.4,0,1,4378
2026-04-04T20:16:54,-2.578548,-114.398415,18.9,12.89,75.3,8,2.0,71.8,3.960,-4.4,0,1,4379
2026-04-04T20:17:23,-2.578057,-114.396721,13.8,12.70,75.6,8,1.9,72.4,3.961,-4.4,0,1,4380
2026-04-04T20:17:51,-2.577598,-114.395096,12.7,11.17,74.4,8,1.9,71.9,3.961,-4.4,0,1,4381
2026-04-04T20:18:19,-2.577143,-114.393486,14.8,12.53,77.9,8,1.9,71.8,3.956,-4.4,0,1,4382
2026-04-04T20:18:48,-2.576732,-114.391830,11.7,13.31,77.6,8,1.9,71.9,3.963,-4.4,0,1,4383
2026-04-04T20:19:16,-2.576150,-114.390274,10.8,12.44,69.4,8,1.9,71.6,3.954,-4.4,0,1,4384
2026-04-04T20:19:44,-2.575790,-114.388573,12.7,13.33,72.1,8,1.9,71.6,3.960,-4.4,0,1,4385
2026-04-04T20:20:13,-2.575315,-114.386894,14.8,12.55,71.6,8,1.9,72.1,3.961,-4.4,0,1,4386
2026-04-04T20:20:41,-2.574793,-114.385307,17.2,12.41,72.2,7,2.0,71.6,3.955,-4.4,0,1,4387
2026-04-04T20:21:09,-2.574282,-114.383766,19.6,13.07,70.5,7,2.0,71.8,3.957,-4.4,0,1,4388
2026-04-04T20:21:38,-2.573798,-114.382133,20.8,12.44,69.0,7,2.0,72.2,3.961,-4.4,0,1,4389
2026-04-04T20:22:06,-2.573220,-114.380547,22.4,12.57,68.9,7,2.0,71.9,3.961,-4.4,0,1,4390
2026-04-04T20:22:34,-2.572808,-114.378868,19.7,12.70,69.0,7,2.0,71.8,3.959,-4.4,0,1,4391
2026-04-04T20:23:03,-2.572375,-114.377190,16.4,13.28,79.2,8,1.7,71.9,3.961,-4.4,0,1,4392
2026-04-04T20:23:31,-2.571851,-114.375565,19.1,13.91,72.9,8,1.8,71.9,3.954,-4.4,0,1,4393
2026-04-04T20:23:59,-2.571370,-114.373924,22.8,12.95,73.7,8,1.8,71.9,3.959,-4.4,0,1,4394
2026-04-04T20:24:28,-2.570873,-114.372276,20.6,12.81,82.5,8,1.8,71.8,3.957,-4.4,0,1,4395
2026-04-04T20:24:56,-2.570357,-114.370728,24.4,12.16,68.3,9,1.5,71.6,3.959,-4.4,0,1,4396
2026-04-04T20:25:24,-2.569832,-114.369087,28.3,13.15,72.7,9,1.5,71.4,3.957,-4.4,0,1,4397
2026-04-04T20:25:53,-2.569305,-114.367363,28.4,12.77,75.7,9,1.5,71.9,3.959,-4.4,0,1,4398
2026-04-04T20:26:21,-2.568835,-114.365761,32.9,12.55,73.4,9,1.5,71.8,3.957,-4.4,0,1,4399
2026-04-04T20:26:49,-2.568477,-114.364098,29.4,12.78,69.9,8,2.0,71.6,3.960,-4.4,0,1,4400
2026-04-04T20:27:18,-2.567957,-114.362442,23.6,11.87,80.8,9,1.5,71.6,3.959,-4.4,0,1,4401
2026-04-04T20:27:46,-2.567545,-114.360809,18.6,13.44,71.6,9,1.5,71.3,3.959,-4.4,0,1,4402
2026-04-04T20:28:14,-2.567058,-114.359192,23.2,13.68,71.2,9,1.5,71.6,3.957,-4.4,0,1,4403
2026-04-04T20:28:43,-2.566523,-114.357491,19.2,13.38,66.2,9,1.5,71.8,3.957,-4.4,0,1,4404
2026-04-04T20:29:11,-2.566087,-114.355888,24.1,12.45,75.7,9,1.5,71.4,3.959,-4.4,0,1,4405
2026-04-04T20:29:39,-2.565572,-114.354301,22.0,13.16,65.8,9,1.5,71.3,3.955,-4.4,0,1,4406
2026-04-04T20:30:08,-2.565102,-114.352654,23.3,12.13,76.2,9,1.5,71.6,3.956,-4.4,0,1,4407
2026-04-04T20:30:36,-2.564653,-114.351051,22.0,13.20,70.9,9,1.6,71.1,3.956,-4.4,0,1,4408
2026-04-04T20:31:04,-2.564255,-114.349449,10.4,12.55,69.7,9,1.6,71.3,3.956,-4.4,0,1,4409
2026-04-04T20:31:33,-2.563805,-114.347839,8.0,13.00,73.0,10,1.5,71.8,3.959,-4.4,0,1,4410
2026-04-04T20:32:01,-2.563437,-114.346275,12.1,12.00,70.4,10,1.5,71.6,3.955,-4.4,0,1,4411
2026-04-04T20:32:29,-2.563002,-114.344688,11.1,13.55,71.3,10,1.5,71.4,3.956,-4.4,0,1,4412
2026-04-04T20:32:58,-2.562610,-114.343040,5.1,12.57,79.9,10,1.5,71.6,3.956,-4.4,0,1,4413
2026-04-04T20:33:26,-2.562150,-114.341507,7.8,11.22,80.3,10,1.5,71.4,3.946,-4.4,0,1,4414
2026-04-04T20:33:54,-2.561625,-114.339905,12.3,12.28,72.6,10,1.5,71.4,3.956,-4.4,0,1,4415
2026-04-04T20:34:23,-2.561232,-114.338303,10.0,11.98,79.5,10,1.5,71.3,3.956,-4.4,0,1,4416
2026-04-04T20:34:51,-2.560717,-114.336700,9.5,13.31,74.8,10,1.5,70.9,3.957,-4.4,0,1,4417
2026-04-04T20:35:19,-2.560222,-114.335114,9.8,12.75,71.5,10,1.5,71.1,3.954,-4.4,0,1,4418
2026-04-04T20:35:48,-2.559747,-114.333427,18.0,12.26,80.7,10,1.5,71.3,3.955,-4.4,0,1,4419
2026-04-04T20:36:16,-2.559193,-114.331825,23.3,13.70,61.9,10,1.5,71.3,3.951,-4.4,0,1,4420
2026-04-04T20:36:44,-2.558597,-114.330345,25.6,12.65,68.2,10,1.5,71.4,3.955,-4.4,0,1,4421
2026-04-04T20:37:13,-2.557867,-114.328705,38.0,12.45,71.7,10,1.5,71.3,3.957,-4.4,0,1,4422
2026-04-04T20:37:41,-2.557350,-114.327133,45.1,12.64,74.2,9,1.6,70.9,3.949,-4.4,0,1,4423
2026-04-04T20:38:09,-2.556958,-114.325569,40.9,12.09,74.1,9,1.6,71.3,3.955,-4.4,0,1,4424
2026-04-04T20:38:38,-2.556508,-114.323944,31.9,12.60,73.4,9,1.6,71.3,3.956,-4.4,0,1,4425
2026-04-04T20:39:06,-2.556063,-114.322357,29.7,12.45,71.9,9,1.6,70.9,3.950,-4.4,0,1,4426
2026-04-04T20:39:34,-2.555647,-114.320778,26.7,12.81,72.7,9,1.6,71.1,3.955,-4.4,0,1,4427
2026-04-04T20:40:03,-2.555128,-114.319168,24.5,13.02,75.3,9,1.6,71.6,3.956,-4.4,0,1,4428
2026-04-04T20:40:31,-2.554557,-114.317635,22.4,12.99,67.8,9,1.6,70.8,3.955,-4.4,0,1,4429
2026-04-04T20:40:59,-2.554185,-114.316017,17.3,12.80,72.7,9,1.6,70.9,3.955,-4.4,0,1,4430
2026-04-04T20:41:28,-2.553813,-114.314316,-2.9,12.74,70.5,9,1.6,71.4,3.955,-4.4,0,1,4431
2026-04-04T20:41:56,-2.553277,-114.312782,1.4,12.86,70.2,8,1.6,71.1,3.950,-4.4,0,1,4432
2026-04-04T20:42:24,-2.552890,-114.311142,-6.3,12.78,72.1,9,1.6,70.9,3.955,-4.4,0,1,4433
2026-04-04T20:42:53,-2.552420,-114.309479,0.9,12.82,71.5,9,1.6,71.1,3.955,-4.4,0,1,4434
2026-04-04T20:43:21,-2.551947,-114.307930,6.4,12.69,72.8,9,1.6,71.3,3.949,-4.4,0,1,4435
2026-04-04T20:43:49,-2.551282,-114.306343,21.3,11.41,75.4,9,1.6,70.9,3.953,-4.4,0,1,4436
2026-04-04T20:44:18,-2.550725,-114.304733,28.0,11.86,73.1,9,1.6,70.9,3.955,-4.4,0,1,4437
2026-04-04T20:44:46,-2.550433,-114.303131,15.0,12.43,75.6,9,1.6,70.8,3.953,-4.4,0,1,4438
2026-04-04T20:45:14,-2.550072,-114.301514,1.8,12.10,76.4,7,1.8,71.1,3.947,-4.4,0,1,4439
2026-04-04T20:45:43,-2.549613,-114.299789,-5.1,11.69,72.4,7,1.8,71.1,3.953,-4.4,0,1,4440
2026-04-04T20:46:11,-2.549167,-114.298134,-10.8,13.67,72.4,7,1.8,70.6,3.953,-4.4,0,1,4441
2026-04-04T20:46:39,-2.548713,-114.296547,-13.8,12.16,78.4,7,1.8,70.8,3.955,-4.4,0,1,4442
2026-04-04T20:47:08,-2.548177,-114.294876,-13.3,12.72,64.8,7,1.8,71.1,3.953,-4.4,0,1,4443
2026-04-04T20:47:36,-2.547687,-114.293259,-11.7,11.58,73.6,7,1.7,70.8,3.953,-4.4,0,1,4444
2026-04-04T20:48:04,-2.547295,-114.291702,-17.4,11.37,67.8,7,1.7,70.9,3.953,-4.4,0,1,4445
2026-04-04T20:48:33,-2.546750,-114.290100,-6.2,11.94,69.3,7,1.7,70.9,3.954,-4.4,0,1,4446
2026-04-04T20:49:01,-2.546072,-114.288483,9.8,12.97,70.0,7,1.7,70.9,3.953,-4.4,0,1,4447
2026-04-04T20:49:29,-2.545513,-114.286858,16.7,12.04,68.4,7,1.7,70.9,3.953,-4.4,0,1,4448
2026-04-04T20:49:58,-2.545048,-114.285309,10.6,12.89,67.3,7,1.7,71.1,3.954,-4.4,0,1,4449
2026-04-04T20:50:26,-2.544562,-114.283699,9.0,13.68,63.4,7,1.7,70.6,3.951,-4.4,0,1,4450
2026-04-04T20:50:54,-2.544147,-114.282089,10.0,12.72,75.3,7,1.7,70.8,3.953,-4.4,0,1,4451
2026-04-04T20:51:23,-2.543677,-114.280426,8.3,12.78,72.1,7,1.7,70.9,3.949,-4.4,0,1,4452
2026-04-04T20:51:51,-2.543095,-114.278862,10.1,12.88,68.7,6,2.0,70.4,3.946,1875.5,0,1,4453
2026-04-04T20:52:19,-2.542573,-114.277275,9.5,12.71,70.7,7,1.7,70.6,3.953,-4.4,0,1,4454
2026-04-04T20:52:48,-2.542027,-114.275688,11.2,13.16,68.1,6,2.0,71.1,3.947,-4.4,0,1,4455
2026-04-04T20:53:16,-2.541543,-114.274139,14.5,12.60,71.5,7,1.6,70.6,3.944,-4.4,0,1,4456
2026-04-04T20:53:44,-2.541013,-114.272591,17.7,13.30,70.2,7,1.6,70.4,3.953,-4.4,0,1,4457
2026-04-04T20:54:13,-2.540503,-114.270973,21.1,12.09,72.0,6,2.0,70.6,3.949,-4.4,0,1,4458
2026-04-04T20:54:41,-2.539993,-114.269424,19.6,13.00,78.0,7,1.6,70.8,3.953,-4.4,0,1,4459
2026-04-04T20:55:09,-2.539470,-114.267891,15.2,13.04,64.9,7,1.6,70.8,3.951,-4.4,0,1,4460
2026-04-04T20:55:38,-2.539102,-114.266251,7.4,12.14,69.9,7,1.6,70.8,3.950,-4.4,0,1,4461
2026-04-04T20:56:06,-2.538715,-114.264626,-3.7,10.85,72.0,7,1.6,70.6,3.950,-4.4,0,1,4462
2026-04-04T20:56:34,-2.538180,-114.263130,-6.2,12.79,71.3,7,1.6,70.6,3.944,-4.4,0,1,4463
2026-04-04T20:57:03,-2.537650,-114.261528,-12.1,12.39,71.2,7,1.6,70.8,3.949,-4.4,0,1,4464
2026-04-04T20:57:31,-2.537293,-114.259972,-20.3,11.87,79.7,7,1.6,70.6,3.945,-4.4,0,1,4465
2026-04-04T20:57:59,-2.536948,-114.258408,-23.0,12.39,80.9,7,1.6,70.4,3.945,-4.4,0,1,4466
2026-04-04T20:58:28,-2.536368,-114.256790,-21.4,12.35,74.9,7,1.6,70.6,3.944,-4.4,0,1,4467
2026-04-04T20:58:56,-2.535868,-114.255203,-16.9,12.98,75.3,8,1.5,70.4,3.950,1875.5,0,1,4468
2026-04-04T20:59:24,-2.535433,-114.253647,-18.6,12.59,76.2,8,1.4,70.1,3.951,-4.4,0,1,4469
2026-04-04T20:59:53,-2.534908,-114.252007,-20.9,14.30,73.2,8,1.4,70.6,3.945,-4.4,0,1,4470
2026-04-04T21:00:21,-2.534367,-114.250435,-17.7,12.48,71.3,8,1.4,70.3,3.950,-4.4,0,1,4471
2026-04-04T21:00:49,-2.533933,-114.248871,-16.8,12.52,77.6,8,1.4,70.3,3.945,-4.4,0,1,4472
2026-04-04T21:01:18,-2.533443,-114.247231,-17.8,12.99,72.5,7,1.8,70.6,3.949,-4.4,0,1,4473
2026-04-04T21:01:46,-2.532923,-114.245659,-16.8,11.30,71.7,6,2.1,70.4,3.946,-4.4,0,1,4474
2026-04-04T21:02:14,-2.532477,-114.244125,-23.0,12.08,78.2,8,1.4,70.6,3.950,-4.4,0,1,4475
2026-04-04T21:02:43,-2.531993,-114.242485,-28.6,12.63,76.1,8,1.4,70.6,3.946,-4.4,0,1,4476
2026-04-04T21:03:11,-2.531608,-114.240868,-27.0,12.44,72.7,8,1.4,70.3,3.944,-4.4,0,1,4477
2026-04-04T21:03:39,-2.531042,-114.239319,-26.4,12.97,74.6,8,1.4,70.3,3.940,-4.4,0,1,4478
2026-04-04T21:04:08,-2.530502,-114.237747,-27.2,12.59,71.0,8,1.4,70.6,3.946,-4.4,0,1,4479
2026-04-04T21:04:36,-2.530038,-114.236214,-28.7,11.34,81.3,7,1.5,70.1,3.947,-4.4,0,1,4480
2026-04-04T21:05:04,-2.529562,-114.234627,-29.4,13.20,69.4,8,1.4,70.3,3.946,-4.4,0,1,4481
2026-04-04T21:05:33,-2.529140,-114.233025,-36.3,12.18,78.3,7,1.7,70.4,3.945,-4.4,0,1,4482
2026-04-04T21:06:01,-2.528712,-114.231491,-40.2,12.30,83.3,8,1.4,70.3,3.944,-4.4,0,1,4483
2026-04-04T21:06:29,-2.528263,-114.229927,-40.3,12.69,72.4,8,1.4,70.1,3.944,-4.4,0,1,4484
2026-04-04T21:06:58,-2.527673,-114.228317,-36.0,12.27,75.6,8,1.4,70.4,3.943,-4.4,0,1,4485
2026-04-04T21:07:26,-2.527228,-114.226830,-37.2,12.25,78.7,8,1.4,70.0,3.946,-4.4,0,1,4486
2026-04-04T21:07:54,-2.526787,-114.225258,-40.3,12.22,84.2,8,1.4,70.0,3.945,-4.4,0,1,4487
2026-04-04T21:08:23,-2.526223,-114.223618,-33.6,12.34,74.1,7,1.7,70.6,3.944,-4.4,0,1,4488
2026-04-04T21:08:51,-2.525663,-114.222092,-33.6,12.52,70.4,8,1.3,70.4,3.946,-4.4,0,1,4489
2026-04-04T21:09:19,-2.525187,-114.220566,-39.5,11.93,75.7,8,1.3,70.0,3.947,-4.4,0,1,4490
2026-04-04T21:09:48,-2.524712,-114.218903,-38.5,12.37,77.6,7,1.6,70.1,3.944,-4.4,0,1,4491
2026-04-04T21:10:16,-2.524213,-114.217445,-36.9,12.16,80.0,7,1.6,70.1,3.947,-4.4,0,1,4492
2026-04-04T21:10:44,-2.523788,-114.215965,-34.1,12.48,77.1,7,1.6,70.0,3.946,-4.4,0,1,4493
2026-04-04T21:11:13,-2.523313,-114.214348,-38.1,12.55,76.8,7,1.6,70.1,3.944,-4.4,0,1,4494
2026-04-04T21:11:41,-2.522893,-114.212761,-33.7,11.91,79.5,8,1.3,69.8,3.945,-4.4,0,1,4495
2026-04-04T21:12:09,-2.522332,-114.211235,-31.3,12.13,69.8,7,1.6,69.8,3.943,-4.4,0,1,4496
2026-04-04T21:12:38,-2.521872,-114.209564,-32.0,12.54,76.3,7,1.6,70.3,3.944,-4.4,0,1,4497
2026-04-04T21:13:06,-2.521423,-114.208000,-33.0,12.71,71.1,8,1.3,70.0,3.945,-4.4,0,1,4498
2026-04-04T21:13:34,-2.521077,-114.206398,-33.4,12.35,74.5,7,1.6,70.0,3.940,-4.4,0,1,4499
2026-04-04T21:14:03,-2.520498,-114.204773,-25.9,12.27,69.8,8,1.3,70.1,3.943,-4.4,0,1,4500
2026-04-04T21:14:31,-2.520015,-114.203186,-12.9,12.56,76.4,9,1.2,69.6,3.946,-4.4,0,1,4501
2026-04-04T21:14:59,-2.519375,-114.201675,1.4,12.92,65.9,9,1.2,70.0,3.945,-4.4,0,1,4502
2026-04-04T21:15:28,-2.518828,-114.200066,8.1,12.87,69.6,8,1.5,70.0,3.941,-4.4,0,1,4503
2026-04-04T21:15:56,-2.518377,-114.198486,8.8,12.77,73.2,9,1.5,69.5,3.946,-4.4,0,1,4504
2026-04-04T21:16:24,-2.517910,-114.196953,13.2,11.57,77.8,7,1.6,69.6,3.943,-4.4,0,1,4505
2026-04-04T21:16:53,-2.517460,-114.195366,14.0,12.08,76.4,7,1.5,70.0,3.941,-4.4,0,1,4506
2026-04-04T21:17:21,-2.517037,-114.193779,17.7,13.65,80.8,7,1.5,69.6,3.940,-4.4,0,1,4507
2026-04-04T21:17:49,-2.516563,-114.192245,24.5,12.03,72.5,7,1.5,69.6,3.945,-4.4,0,1,4508
2026-04-04T21:18:18,-2.516145,-114.190620,23.3,11.63,71.5,7,1.5,69.8,3.943,-4.4,0,1,4509
2026-04-04T21:18:46,-2.515725,-114.189041,19.1,13.16,62.0,8,1.3,69.5,3.946,-4.4,0,1,4510
2026-04-04T21:19:14,-2.515230,-114.187523,23.7,12.44,73.4,8,1.3,70.0,3.944,-4.4,0,1,4511
2026-04-04T21:19:43,-2.514810,-114.185905,20.8,12.12,75.1,7,1.5,69.8,3.944,-4.4,0,1,4512
2026-04-04T21:20:11,-2.514390,-114.184349,25.4,12.19,72.9,8,1.3,69.5,3.944,-4.4,0,1,4513
2026-04-04T21:20:39,-2.514007,-114.182785,16.9,12.67,71.8,7,1.5,69.6,3.944,-4.4,0,1,4514
2026-04-04T21:21:08,-2.513580,-114.181213,10.3,12.94,67.2,8,1.3,70.1,3.944,-4.4,0,1,4515
2026-04-04T21:21:36,-2.513160,-114.179687,9.0,11.95,68.8,8,1.3,69.5,3.935,-4.4,0,1,4516
2026-04-04T21:22:04,-2.512782,-114.178108,0.9,12.02,70.8,8,1.7,69.6,3.944,-4.4,0,1,4517
2026-04-04T21:22:33,-2.512258,-114.176537,11.8,12.70,79.1,7,1.4,70.0,3.940,-4.4,0,1,4518
2026-04-04T21:23:01,-2.511752,-114.175056,11.6,11.82,68.7,7,1.2,69.5,3.936,-4.4,0,1,4519
2026-04-04T21:23:29,-2.511422,-114.173462,8.4,12.65,74.8,8,1.1,69.5,3.944,-4.4,0,1,4520
2026-04-04T21:23:58,-2.511002,-114.171875,11.0,11.45,72.7,6,2.7,69.6,3.938,-4.4,0,1,4521
2026-04-04T21:24:26,-2.510502,-114.170357,8.9,12.36,69.6,6,2.7,69.3,3.943,-4.4,0,1,4522
2026-04-04T21:24:54,-2.510073,-114.168808,10.7,12.54,73.3,6,2.7,69.5,3.943,-4.4,0,1,4523
2026-04-04T21:25:23,-2.509678,-114.167191,9.8,12.20,74.4,7,1.5,69.8,3.944,-4.4,0,1,4524
2026-04-04T21:25:51,-2.509237,-114.165680,14.4,12.52,75.6,7,1.4,69.3,3.943,-4.4,0,1,4525
2026-04-04T21:26:19,-2.508745,-114.164108,12.6,12.52,72.6,8,1.6,69.5,3.941,-4.4,0,1,4526
2026-04-04T21:26:48,-2.508177,-114.162544,14.2,13.04,68.7,7,1.5,69.5,3.941,-4.4,0,1,4527
2026-04-04T21:27:16,-2.507658,-114.161011,15.1,12.39,72.0,8,1.2,69.5,3.939,-4.4,0,1,4528
2026-04-04T21:27:44,-2.507177,-114.159485,16.9,12.63,67.2,7,1.4,69.3,3.941,-4.4,0,1,4529
2026-04-04T21:28:13,-2.506810,-114.157860,18.7,12.05,80.6,7,1.4,70.0,3.943,-4.4,0,1,4530
2026-04-04T21:28:41,-2.506318,-114.156349,24.7,12.30,77.9,8,1.6,69.3,3.941,-4.4,0,1,4531
2026-04-04T21:29:09,-2.505893,-114.154793,23.1,12.83,75.4,7,1.4,69.5,3.943,-4.4,0,1,4532
2026-04-04T21:29:38,-2.505322,-114.153214,20.8,12.70,68.0,7,1.4,69.5,3.939,-4.4,0,1,4533
2026-04-04T21:30:06,-2.504937,-114.151703,22.4,11.97,72.8,7,1.4,69.3,3.932,-4.4,0,1,4534
2026-04-04T21:30:34,-2.504500,-114.150169,23.9,13.01,67.8,7,1.4,69.1,3.943,-4.4,0,1,4535
2026-04-04T21:31:03,-2.504050,-114.148544,24.2,12.89,73.0,7,1.4,69.6,3.938,-4.4,0,1,4536
2026-04-04T21:31:31,-2.503550,-114.146996,26.0,12.28,76.5,7,1.4,69.3,3.940,-4.4,0,1,4537
2026-04-04T21:31:59,-2.503042,-114.145462,25.6,12.62,67.0,7,1.4,69.5,3.935,-4.4,0,1,4538
2026-04-04T21:32:28,-2.502607,-114.143883,22.8,11.64,75.9,7,1.4,69.5,3.936,-4.4,0,1,4539
2026-04-04T21:32:56,-2.502098,-114.142349,22.0,12.95,78.9,7,1.4,69.0,3.940,-4.4,0,1,4540
2026-04-04T21:33:24,-2.501700,-114.140839,19.0,12.72,71.5,7,1.4,69.3,3.935,-4.4,0,1,4541
2026-04-04T21:33:53,-2.501281,-114.139214,14.1,12.30,74.8,7,1.4,69.1,3.938,-4.4,0,1,4542
2026-04-04T21:34:21,-2.500893,-114.137680,11.4,12.44,77.9,8,1.2,69.5,3.940,-4.4,0,1,4543
2026-04-04T21:34:49,-2.500412,-114.136116,10.3,12.05,73.3,7,1.4,69.0,3.934,-4.4,0,1,4544
2026-04-04T21:35:18,-2.499943,-114.134552,7.3,12.35,75.7,8,1.2,69.1,3.938,-4.4,0,1,4545
2026-04-04T21:35:46,-2.499560,-114.132912,2.9,12.52,81.7,8,1.2,69.0,3.930,-4.4,0,1,4546
2026-04-04T21:36:14,-2.499153,-114.131378,-0.6,11.92,71.1,6,1.5,69.5,3.934,-4.4,0,1,4547
2026-04-04T21:36:43,-2.498680,-114.129753,-0.6,12.61,78.5,6,1.3,69.1,3.936,-4.4,0,1,4548
2026-04-04T21:37:11,-2.498193,-114.128166,3.4,13.33,77.9,7,1.2,69.0,3.935,-4.4,0,1,4549
2026-04-04T21:37:39,-2.497715,-114.126633,5.1,12.68,75.1,6,1.5,69.0,3.939,-4.4,0,1,4550
2026-04-04T21:38:08,-2.497300,-114.125046,8.4,12.33,82.0,6,1.4,69.1,3.939,-4.4,0,1,4551
2026-04-04T21:38:36,-2.496862,-114.123444,16.1,12.10,79.2,7,1.2,69.0,3.939,-4.4,0,1,4552
2026-04-04T21:39:04,-2.496445,-114.121841,17.1,12.41,71.3,6,1.4,68.6,3.932,-4.4,0,1,4553
2026-04-04T21:39:33,-2.495872,-114.120270,18.3,12.22,68.3,6,1.4,69.3,3.936,-4.4,0,1,4554
2026-04-04T21:40:01,-2.495282,-114.118774,21.2,12.15,70.3,6,1.4,68.8,3.939,-4.4,0,1,4555
2026-04-04T21:40:29,-2.494773,-114.117233,27.1,13.03,68.9,5,1.5,69.1,3.936,-4.4,0,1,4556
2026-04-04T21:40:58,-2.494267,-114.115639,33.2,12.34,76.7,5,1.6,69.1,3.935,-4.4,0,1,4557
2026-04-04T21:41:26,-2.493823,-114.114075,36.0,12.51,72.2,7,1.3,68.8,3.932,-4.4,0,1,4558
2026-04-04T21:41:54,-2.493452,-114.112495,30.3,12.05,82.2,8,1.2,68.8,3.938,-4.4,0,1,4559
2026-04-04T21:42:23,-2.493030,-114.110847,18.2,12.55,69.6,6,1.4,69.0,3.930,-4.4,0,1,4560
2026-04-04T21:42:51,-2.492643,-114.109245,7.4,13.19,77.2,7,1.3,68.6,3.930,-4.4,0,1,4561
2026-04-04T21:43:19,-2.492267,-114.107674,-0.2,12.31,81.2,7,1.3,69.0,3.936,-4.4,0,1,4562
2026-04-04T21:43:48,-2.491843,-114.106087,-4.3,12.21,70.0,8,1.1,69.0,3.938,-4.4,0,1,4563
2026-04-04T21:44:16,-2.491340,-114.104553,-6.3,12.51,72.9,8,1.1,68.8,3.936,-4.4,0,1,4564
2026-04-04T21:44:44,-2.490822,-114.103012,7.3,12.34,74.3,8,1.1,68.5,3.936,-4.4,0,1,4565
2026-04-04T21:45:13,-2.490347,-114.101387,10.7,11.21,70.1,5,2.6,69.0,3.932,-4.4,0,1,4566
2026-04-04T21:45:41,-2.489907,-114.099838,24.4,12.93,76.4,7,1.2,68.8,3.931,-4.4,0,1,4567
2026-04-04T21:46:09,-2.489402,-114.098228,33.0,12.66,69.0,9,1.5,68.5,3.939,-4.4,0,1,4568
2026-04-04T21:46:38,-2.488847,-114.096649,37.1,12.80,75.2,8,1.1,68.5,3.929,-4.4,0,1,4569
2026-04-04T21:47:06,-2.488278,-114.095146,41.0,11.87,65.4,7,1.4,68.5,3.926,-4.4,0,1,4570
2026-04-04T21:47:34,-2.487797,-114.093552,41.1,13.18,70.4,8,1.2,68.5,3.936,-4.4,0,1,4571
2026-04-04T21:48:03,-2.487285,-114.091965,39.5,12.53,73.8,6,2.2,68.6,3.936,-4.4,0,1,4572
2026-04-04T21:48:31,-2.486890,-114.090370,43.3,12.13,73.6,8,1.2,68.5,3.926,-4.4,0,1,4573
2026-04-04T21:48:59,-2.486362,-114.088791,34.6,11.71,75.8,8,1.2,68.6,3.936,-4.4,0,1,4574
2026-04-04T21:49:28,-2.485840,-114.087196,34.4,11.97,72.0,8,1.2,68.6,3.932,-4.4,0,1,4575
2026-04-04T21:49:56,-2.485382,-114.085648,34.1,13.00,76.4,7,1.3,68.6,3.926,-4.4,0,1,4576
2026-04-04T21:50:24,-2.484883,-114.084030,30.4,11.86,69.5,8,1.2,68.5,3.938,-4.4,0,1,4577
2026-04-04T21:50:53,-2.484412,-114.082481,30.0,13.91,72.4,8,1.2,68.6,3.931,-4.4,0,1,4578
2026-04-04T21:51:21,-2.483818,-114.080933,29.9,12.85,66.9,8,1.2,68.3,3.934,1818.8,0,1,4579
2026-04-04T21:51:49,-2.483315,-114.079399,37.9,11.60,69.1,8,1.2,68.3,3.934,-4.4,0,1,4580
2026-04-04T21:52:18,-2.482818,-114.077744,40.2,11.80,69.7,8,1.5,68.5,3.930,-4.4,0,1,4581
2026-04-04T21:52:46,-2.482303,-114.076157,40.6,12.92,73.9,9,1.1,68.3,3.929,-4.4,0,1,4582
2026-04-04T21:53:14,-2.481668,-114.074600,43.8,12.05,66.8,9,1.1,68.5,3.935,-4.4,0,1,4583
2026-04-04T21:53:43,-2.481160,-114.072922,46.0,12.87,70.0,8,1.2,68.8,3.930,-4.4,0,1,4584
2026-04-04T21:54:11,-2.480622,-114.071434,45.5,12.49,72.6,9,1.1,68.5,3.934,-4.4,0,1,4585
2026-04-04T21:54:39,-2.480220,-114.069839,46.5,13.09,74.7,9,1.1,68.3,3.926,-4.4,0,1,4586
2026-04-04T21:55:08,-2.479968,-114.068199,32.3,12.18,79.7,8,1.2,68.6,3.929,-4.4,0,1,4587
2026-04-04T21:55:36,-2.479567,-114.066635,21.2,11.74,72.1,8,1.5,68.5,3.932,-4.4,0,1,4588
2026-04-04T21:56:04,-2.479200,-114.065041,5.7,12.20,69.2,9,1.1,68.3,3.929,-4.4,0,1,4589
2026-04-04T21:56:33,-2.478863,-114.063385,-6.8,11.82,79.4,8,1.5,68.5,3.932,-4.4,0,1,4590
2026-04-04T21:57:01,-2.478275,-114.061852,-11.7,13.14,74.6,7,1.4,68.2,3.935,-4.0,0,1,4591
2026-04-04T21:57:29,-2.477795,-114.060303,-10.8,12.56,72.1,8,1.2,68.2,3.929,-4.0,0,1,4592
2026-04-04T21:57:58,-2.477230,-114.058723,-11.4,11.41,72.7,8,1.2,68.3,3.929,-4.4,0,1,4593
2026-04-04T21:58:26,-2.476687,-114.057175,-14.4,11.94,73.2,7,1.4,68.3,3.934,-4.4,0,1,4594
2026-04-04T21:58:54,-2.476278,-114.055603,-16.6,12.33,70.1,9,1.5,68.3,3.932,-4.4,0,1,4595
2026-04-04T21:59:23,-2.475775,-114.053993,-17.3,12.31,73.8,7,1.3,68.5,3.929,-4.4,0,1,4596
2026-04-04T21:59:51,-2.475273,-114.052452,-13.8,13.05,77.8,6,1.9,68.3,3.934,-4.4,0,1,4597
2026-04-04T22:00:19,-2.474992,-114.050827,-4.2,12.23,73.8,7,1.3,68.2,3.932,-4.0,0,1,4598
2026-04-04T22:00:48,-2.474488,-114.049164,-0.4,12.54,73.9,6,1.9,68.3,3.930,-4.4,0,1,4599
2026-04-04T22:01:16,-2.473837,-114.047630,8.8,12.43,71.2,6,1.9,68.2,3.934,-4.0,0,1,4600
2026-04-04T22:01:44,-2.473377,-114.046051,20.9,12.59,68.1,7,1.3,68.2,3.924,-4.0,0,1,4601
2026-04-04T22:02:13,-2.472757,-114.044441,29.8,12.51,72.5,7,1.3,68.2,3.929,-4.0,0,1,4602
2026-04-04T22:02:41,-2.472247,-114.042915,37.8,12.09,66.7,6,1.9,67.9,3.925,-4.0,0,1,4603
2026-04-04T22:03:09,-2.471735,-114.041359,43.3,12.23,71.1,6,1.9,68.2,3.932,-4.0,0,1,4604
2026-04-04T22:03:38,-2.471246,-114.039780,47.4,12.33,73.6,6,1.9,68.3,3.928,-4.4,0,1,4605
2026-04-04T22:04:06,-2.470705,-114.038223,51.2,13.28,72.7,7,1.3,68.0,3.931,-3.7,0,1,4606
2026-04-04T22:04:34,-2.470160,-114.036713,55.1,12.76,73.5,6,1.9,68.2,3.924,-4.0,0,1,4607
2026-04-04T22:05:03,-2.469652,-114.035095,59.2,11.79,73.3,6,1.8,68.2,3.926,-4.0,0,1,4608
2026-04-04T22:05:31,-2.469158,-114.033539,63.8,12.58,75.6,6,1.8,67.9,3.930,-4.0,0,1,4609
2026-04-04T22:05:59,-2.468663,-114.031998,66.7,12.41,74.9,6,1.8,67.9,3.920,-4.0,0,1,4610
2026-04-04T22:06:28,-2.468192,-114.030365,65.4,12.71,79.1,6,1.8,68.0,3.928,-3.7,0,1,4611
2026-04-04T22:06:56,-2.467702,-114.028816,64.9,11.96,74.3,6,1.8,68.0,3.922,-3.7,0,1,4612
2026-04-04T22:07:24,-2.467183,-114.027267,68.0,12.46,70.7,6,1.8,68.2,3.931,-4.0,0,1,4613
2026-04-04T22:07:53,-2.466648,-114.025688,75.7,12.71,68.4,6,1.8,68.3,3.928,-4.4,0,1,4614
2026-04-04T22:08:21,-2.466090,-114.024178,86.4,11.57,71.9,6,1.8,67.7,3.920,-3.7,0,1,4615
2026-04-04T22:08:49,-2.465527,-114.022667,94.2,12.76,77.9,6,1.8,67.7,3.929,-3.7,0,1,4616
2026-04-04T22:09:18,-2.464992,-114.021057,98.2,12.10,72.9,6,1.8,67.9,3.928,-4.0,0,1,4617
2026-04-04T22:09:46,-2.464477,-114.019531,98.5,12.34,72.0,6,1.8,67.7,3.931,-3.7,0,1,4618
2026-04-04T22:10:14,-2.464045,-114.017960,93.3,12.54,78.7,6,1.8,68.0,3.931,-3.7,0,1,4619
2026-04-04T22:10:43,-2.463512,-114.016335,92.1,12.88,72.1,5,2.1,67.9,3.930,-4.0,0,1,4620
2026-04-04T22:11:11,-2.463176,-114.014656,91.5,12.81,76.1,5,2.1,68.0,3.930,-3.7,0,1,4621
2026-04-04T22:11:39,-2.462628,-114.013107,92.4,13.57,70.3,5,2.1,67.6,3.930,-4.0,0,1,4622
2026-04-04T22:12:10,-2.462207,-114.011406,85.9,8.51,72.9,5,2.1,67.9,3.928,-4.0,0,1,4623
2026-04-04T22:12:38,-2.461667,-114.009819,82.5,12.37,72.8,6,1.7,67.9,3.924,-4.0,0,1,4624
2026-04-04T22:13:06,-2.461180,-114.008232,80.2,11.83,73.9,6,3.0,67.7,3.924,-3.7,0,1,4625
2026-04-04T22:13:34,-2.460718,-114.006615,75.9,13.08,73.3,6,1.7,67.7,3.928,-3.7,0,1,4626
2026-04-04T22:14:03,-2.460280,-114.004967,67.9,12.71,76.5,6,1.7,67.9,3.928,-4.0,0,1,4627
2026-04-04T22:14:31,-2.459823,-114.003365,60.7,12.99,78.6,6,1.7,67.6,3.920,-4.0,0,1,4628
2026-04-04T22:14:59,-2.459420,-114.001724,61.0,13.26,71.6,6,1.7,68.0,3.921,-3.7,0,1,4629
2026-04-04T22:15:28,-2.458892,-114.000061,66.3,13.01,70.0,6,1.7,67.9,3.925,-4.0,0,1,4630
2026-04-04T22:15:56,-2.458417,-113.998474,66.9,12.75,72.5,5,2.0,67.7,3.924,-3.7,0,1,4631
2026-04-04T22:16:24,-2.457863,-113.996902,67.1,12.68,70.0,6,1.7,67.7,3.929,-3.7,0,1,4632
2026-04-04T22:16:53,-2.457367,-113.995239,62.6,12.75,74.8,6,1.7,67.7,3.924,-3.7,0,1,4633
2026-04-04T22:17:21,-2.456927,-113.993637,58.3,12.90,76.9,5,2.0,67.7,3.924,1803.4,0,1,4634
2026-04-04T22:17:49,-2.456437,-113.992027,57.0,13.37,75.7,6,1.7,67.7,3.926,-3.7,0,1,4635
2026-04-04T22:18:18,-2.455885,-113.990349,55.8,13.34,75.3,6,1.6,67.6,3.922,-4.0,0,1,4636
2026-04-04T22:18:46,-2.455428,-113.988747,53.0,12.41,74.2,6,1.6,67.6,3.929,-4.0,0,1,4637
2026-04-04T22:19:14,-2.455012,-113.987152,47.1,12.46,74.7,6,1.6,67.6,3.929,-4.0,0,1,4638
2026-04-04T22:19:43,-2.454493,-113.985512,47.1,12.37,76.8,5,1.8,67.7,3.926,-3.7,0,1,4639
2026-04-04T22:20:11,-2.454018,-113.983948,46.4,12.64,79.1,6,1.6,67.7,3.924,-3.7,0,1,4640
2026-04-04T22:20:39,-2.453480,-113.982376,45.7,12.26,73.8,6,1.6,67.6,3.925,-4.0,0,1,4641
2026-04-04T22:21:08,-2.453015,-113.980759,43.8,12.77,72.5,5,1.8,67.9,3.925,-4.0,0,1,4642
2026-04-04T22:21:36,-2.452505,-113.979172,44.0,11.77,68.8,6,1.6,67.6,3.926,-4.0,0,1,4643
2026-04-04T22:22:04,-2.452040,-113.977562,46.9,12.73,77.5,6,1.6,67.6,3.925,-4.0,0,1,4644
2026-04-04T22:22:33,-2.451567,-113.975914,48.6,13.40,77.6,5,1.8,67.6,3.926,-4.0,0,1,4645
2026-04-04T22:23:01,-2.451012,-113.974403,48.2,12.80,77.8,6,1.6,67.6,3.919,-4.0,0,1,4646
2026-04-04T22:23:29,-2.450507,-113.972878,43.5,12.43,67.1,6,1.6,67.4,3.926,-3.7,0,1,4647
2026-04-04T22:23:58,-2.450030,-113.971214,44.5,12.87,81.2,5,1.7,67.6,3.924,-4.0,0,1,4648
2026-04-04T22:24:26,-2.449505,-113.969627,45.3,12.12,78.4,5,1.7,67.6,3.925,-4.0,0,1,4649
2026-04-04T22:24:54,-2.449018,-113.968079,43.5,12.36,68.8,5,1.7,67.2,3.926,-3.7,0,1,4650
2026-04-04T22:25:23,-2.448475,-113.966499,46.6,11.75,76.8,5,1.7,67.6,3.920,-4.0,0,1,4651
2026-04-04T22:25:51,-2.448043,-113.964951,49.2,12.28,73.2,7,1.4,67.4,3.926,-3.7,0,1,4652
2026-04-04T22:26:19,-2.447551,-113.963341,50.9,12.36,79.2,7,1.4,67.4,3.926,-3.7,0,1,4653
2026-04-04T22:26:48,-2.447038,-113.961739,54.6,12.64,70.6,6,1.6,67.4,3.924,-3.7,0,1,4654
2026-04-04T22:27:16,-2.446587,-113.960190,60.2,12.01,75.6,6,1.6,67.3,3.918,-4.0,0,1,4655
2026-04-04T22:27:44,-2.446027,-113.958595,73.9,12.85,71.0,7,1.5,67.3,3.924,-4.0,0,1,4656
2026-04-04T22:28:13,-2.445527,-113.956993,64.5,12.38,73.8,7,1.5,67.4,3.920,-3.7,0,1,4657
2026-04-04T22:28:41,-2.445090,-113.955391,52.9,12.46,71.3,7,1.5,67.3,3.924,-4.0,0,1,4658
2026-04-04T22:29:09,-2.444597,-113.953819,46.7,13.06,66.9,7,1.5,67.2,3.924,-3.7,0,1,4659
2026-04-04T22:29:38,-2.444077,-113.952118,48.4,13.09,75.2,7,1.5,67.2,3.924,-3.7,0,1,4660
2026-04-04T22:30:06,-2.443592,-113.950516,49.8,13.23,73.7,7,1.5,67.2,3.921,1788.0,0,1,4661
2026-04-04T22:30:34,-2.443118,-113.948906,52.0,13.00,74.5,7,1.5,67.0,3.924,-4.0,0,1,4662
2026-04-04T22:31:03,-2.442655,-113.947212,56.9,13.20,75.9,7,1.5,67.3,3.921,-4.0,0,1,4663
2026-04-04T22:31:31,-2.442172,-113.945610,63.7,12.18,69.6,7,1.5,67.2,3.925,-3.7,0,1,4664
2026-04-04T22:31:59,-2.441717,-113.943977,57.1,13.04,74.1,7,1.5,67.2,3.921,-3.7,0,1,4665
2026-04-04T22:32:28,-2.441102,-113.942314,57.5,13.73,65.7,7,1.5,67.2,3.920,-3.7,0,1,4666
2026-04-04T22:32:56,-2.440682,-113.940697,59.1,13.43,79.5,7,1.5,67.2,3.924,-3.7,0,1,4667
2026-04-04T22:33:24,-2.440332,-113.939072,59.7,12.34,81.1,7,1.5,66.7,3.922,-4.0,0,1,4668
2026-04-04T22:33:53,-2.439702,-113.937424,60.4,12.87,68.7,7,1.4,67.2,3.919,-3.7,0,1,4669
2026-04-04T22:34:21,-2.439173,-113.935822,55.0,12.69,71.6,7,1.4,67.3,3.925,-4.0,0,1,4670
2026-04-04T22:34:49,-2.438698,-113.934219,54.8,12.64,70.2,7,1.4,67.0,3.924,-4.0,0,1,4671
2026-04-04T22:35:18,-2.438292,-113.932541,50.9,12.56,73.2,7,1.4,66.9,3.918,-3.7,0,1,4672
2026-04-04T22:35:46,-2.437778,-113.930931,56.5,11.94,73.9,7,1.4,66.9,3.920,-3.7,0,1,4673
2026-04-04T22:36:14,-2.437190,-113.929344,62.8,13.48,62.9,6,1.6,66.9,3.924,-3.7,0,1,4674
2026-04-04T22:36:43,-2.436620,-113.927734,57.7,12.78,65.0,7,1.4,67.0,3.919,-4.0,0,1,4675
2026-04-04T22:37:11,-2.436273,-113.926079,44.3,12.62,71.5,7,1.4,66.9,3.921,-3.7,0,1,4676
2026-04-04T22:37:39,-2.435812,-113.924477,31.3,12.69,69.8,7,1.4,66.9,3.924,-3.7,0,1,4677
2026-04-04T22:38:08,-2.435447,-113.922813,16.4,12.60,73.5,7,1.4,67.2,3.921,-3.7,0,1,4678
2026-04-04T22:38:36,-2.435002,-113.921242,8.7,11.48,76.7,7,1.4,67.0,3.914,-4.0,0,1,4679
2026-04-04T22:39:04,-2.434528,-113.919640,8.8,13.02,69.5,7,1.4,66.9,3.921,-3.7,0,1,4680
2026-04-04T22:39:33,-2.434010,-113.918007,7.5,12.61,74.5,7,1.4,67.2,3.921,-3.7,0,1,4681
2026-04-04T22:40:01,-2.433395,-113.916458,1.8,12.89,67.4,7,1.4,66.7,3.922,-4.0,0,1,4682
2026-04-04T22:40:29,-2.432985,-113.914825,-1.3,13.65,73.8,7,1.4,66.9,3.922,-3.7,0,1,4683
2026-04-04T22:40:58,-2.432617,-113.913155,6.7,12.16,82.2,6,3.0,67.0,3.922,-4.0,0,1,4684
2026-04-04T22:41:26,-2.432138,-113.911530,8.1,11.44,72.8,7,1.4,66.9,3.922,-3.7,0,1,4685
2026-04-04T22:41:54,-2.431622,-113.909912,11.1,12.76,79.2,7,1.4,66.9,3.920,-3.7,0,1,4686
2026-04-04T22:42:23,-2.431077,-113.908272,11.3,12.60,69.2,5,3.0,66.7,3.918,-4.0,0,1,4687
2026-04-04T22:42:51,-2.430518,-113.906715,14.6,12.88,67.1,6,1.5,67.0,3.915,-4.0,0,1,4688
2026-04-04T22:43:19,-2.429996,-113.905128,23.1,12.71,63.9,6,1.5,66.9,3.916,-3.7,0,1,4689
2026-04-04T22:43:48,-2.429565,-113.903435,44.0,12.96,76.7,6,1.5,66.6,3.915,-3.7,0,1,4690
2026-04-04T22:44:16,-2.429018,-113.901886,46.7,12.83,68.2,6,2.1,66.9,3.915,-3.7,0,1,4691
2026-04-04T22:44:44,-2.428535,-113.900276,48.6,12.75,78.4,6,1.5,66.7,3.919,-4.0,0,1,4692
2026-04-04T22:45:13,-2.428075,-113.898575,44.7,13.04,74.1,6,1.5,66.9,3.922,-3.7,0,1,4693
2026-04-04T22:45:41,-2.427623,-113.896935,48.0,13.04,77.0,6,1.5,66.9,3.912,-3.7,0,1,4694
2026-04-04T22:46:09,-2.427070,-113.895325,54.8,13.15,70.6,6,1.4,66.9,3.919,-3.7,0,1,4695
2026-04-04T22:46:38,-2.426532,-113.893616,65.6,13.04,71.8,6,1.4,66.9,3.920,-3.7,0,1,4696
2026-04-04T22:47:06,-2.426033,-113.891991,77.2,13.26,70.5,5,1.5,66.6,3.915,-3.7,0,1,4697
2026-04-04T22:47:34,-2.425562,-113.890366,81.5,12.94,75.6,6,1.4,66.7,3.916,-4.0,0,1,4698
2026-04-04T22:48:03,-2.424995,-113.888733,78.8,12.60,72.2,5,2.8,66.7,3.915,-4.0,0,1,4699
2026-04-04T22:48:31,-2.424533,-113.887100,76.3,12.21,71.4,6,1.4,66.7,3.920,-4.0,0,1,4700
2026-04-04T22:48:59,-2.424113,-113.885475,68.3,12.62,73.8,6,1.4,66.6,3.920,-3.7,0,1,4701
2026-04-04T22:49:28,-2.423668,-113.883789,66.9,12.76,72.5,7,1.3,66.7,3.919,-4.0,0,1,4702
2026-04-04T22:49:56,-2.423173,-113.882179,73.9,11.69,72.1,7,1.3,66.4,3.921,-4.0,0,1,4703
2026-04-04T22:50:24,-2.422678,-113.880600,74.4,13.01,68.9,7,1.3,66.6,3.919,-3.7,0,1,4704
2026-04-04T22:50:53,-2.422245,-113.878883,66.9,12.82,70.9,7,1.3,66.9,3.920,-3.7,0,1,4705
2026-04-04T22:51:21,-2.421803,-113.877350,68.0,12.97,70.1,7,1.3,66.6,3.911,-3.7,0,1,4706
2026-04-04T22:51:49,-2.421305,-113.875763,76.0,12.26,74.3,7,1.3,66.1,3.918,-4.0,0,1,4707
2026-04-04T22:52:18,-2.420882,-113.874046,75.2,12.04,71.4,6,1.4,66.7,3.916,-4.0,0,1,4708
2026-04-04T22:52:46,-2.420410,-113.872398,61.7,12.87,75.8,7,1.9,66.6,3.915,-3.7,0,1,4709
2026-04-04T22:53:14,-2.419948,-113.870758,60.5,12.36,76.9,8,1.3,66.6,3.918,-3.7,0,1,4710
2026-04-04T22:53:43,-2.419458,-113.869095,61.1,11.72,69.4,8,1.3,66.7,3.919,-4.0,0,1,4711
2026-04-04T22:54:11,-2.419023,-113.867470,56.4,12.58,72.4,8,1.3,66.4,3.914,-4.0,0,1,4712
2026-04-04T22:54:39,-2.418653,-113.865829,51.2,13.36,75.0,8,1.3,66.6,3.920,-3.7,0,1,4713
2026-04-04T22:55:08,-2.418197,-113.864113,51.6,12.41,79.3,7,1.9,66.6,3.918,-3.7,0,1,4714
2026-04-04T22:55:36,-2.417678,-113.862503,48.1,12.82,73.7,7,1.9,66.3,3.908,-3.7,0,1,4715
2026-04-04T22:56:04,-2.417245,-113.860931,48.7,12.61,72.4,7,1.9,66.3,3.918,-3.7,0,1,4716
2026-04-04T22:56:33,-2.416747,-113.859238,46.4,12.85,68.1,7,1.9,66.7,3.918,-4.0,0,1,4717
2026-04-04T22:57:01,-2.416317,-113.857590,51.3,12.91,74.0,8,1.3,66.3,3.918,-3.7,0,1,4718
2026-04-04T22:57:29,-2.415855,-113.855972,53.1,13.19,74.3,8,1.3,66.3,3.916,-3.7,0,1,4719
2026-04-04T22:57:58,-2.415312,-113.854309,55.3,13.01,71.2,8,1.3,66.4,3.916,-4.0,0,1,4720
2026-04-04T22:58:26,-2.414827,-113.852684,56.7,12.93,72.9,8,1.3,66.3,3.909,-3.7,0,1,4721
2026-04-04T22:58:54,-2.414287,-113.851082,59.3,12.93,65.8,7,1.9,66.3,3.918,-3.7,0,1,4722
2026-04-04T22:59:23,-2.413768,-113.849411,60.8,12.25,68.8,7,1.9,66.6,3.916,-3.7,0,1,4723
2026-04-04T22:59:51,-2.413268,-113.847771,59.4,12.21,70.0,7,1.9,66.6,3.905,-3.7,0,1,4724
2026-04-04T23:00:19,-2.412888,-113.846130,56.6,12.45,70.0,6,2.4,66.4,3.916,-4.0,0,1,4725
2026-04-04T23:00:48,-2.412322,-113.844444,48.9,12.37,65.3,7,1.3,66.3,3.915,-3.7,0,1,4726
2026-04-04T23:01:16,-2.411967,-113.842804,47.6,14.00,74.1,6,2.4,66.1,3.915,-4.0,0,1,4727
2026-04-04T23:01:44,-2.411474,-113.841202,49.2,12.33,73.3,6,2.4,66.1,3.918,-4.0,0,1,4728
2026-04-04T23:02:13,-2.411102,-113.839478,40.3,12.86,75.4,8,1.1,66.4,3.916,-4.0,0,1,4729
2026-04-04T23:02:41,-2.410880,-113.837784,17.1,11.75,80.1,8,1.1,66.4,3.910,-4.0,0,1,4730
2026-04-04T23:03:09,-2.410463,-113.836174,13.3,12.65,80.9,8,1.1,66.1,3.915,-4.0,0,1,4731
2026-04-04T23:03:38,-2.409910,-113.834518,19.4,12.78,68.7,8,1.1,66.1,3.916,-4.0,0,1,4732
2026-04-04T23:04:06,-2.409468,-113.832909,19.5,13.26,72.0,7,1.8,66.0,3.910,-3.7,0,1,4733
2026-04-04T23:04:34,-2.408997,-113.831299,16.6,13.41,77.9,9,1.1,66.4,3.914,-4.0,0,1,4734
2026-04-04T23:05:03,-2.408593,-113.829643,18.5,12.58,69.1,8,1.7,66.3,3.915,-3.7,0,1,4735
2026-04-04T23:05:31,-2.408142,-113.828033,15.9,12.67,77.6,9,1.6,66.1,3.914,-4.0,0,1,4736
2026-04-04T23:05:59,-2.407633,-113.826447,14.9,12.73,73.4,9,1.6,65.9,3.912,-4.0,0,1,4737
2026-04-04T23:06:28,-2.407148,-113.824821,18.4,12.62,72.7,9,1.6,66.3,3.916,-3.7,0,1,4738
2026-04-04T23:06:56,-2.406655,-113.823235,21.9,12.10,78.1,9,1.6,66.1,3.906,-4.0,0,1,4739
2026-04-04T23:07:24,-2.406192,-113.821632,21.1,12.84,73.7,9,1.6,66.0,3.911,-3.7,0,1,4740
2026-04-04T23:07:53,-2.405662,-113.820030,26.5,12.60,75.2,10,1.6,66.1,3.914,-4.0,0,1,4741
2026-04-04T23:08:21,-2.405133,-113.818436,30.9,13.28,68.6,10,1.6,66.1,3.914,-4.0,0,1,4742
2026-04-04T23:08:49,-2.404629,-113.816887,31.5,12.82,71.5,10,1.6,66.1,3.912,-4.0,0,1,4743
2026-04-04T23:09:18,-2.404104,-113.815269,30.7,12.64,73.8,9,1.7,66.1,3.912,-4.0,0,1,4744
2026-04-04T23:09:46,-2.403687,-113.813705,27.8,12.86,72.9,9,1.7,66.0,3.909,-3.7,0,1,4745
2026-04-04T23:10:14,-2.403202,-113.812157,25.1,12.84,73.1,9,1.7,65.9,3.910,-4.0,0,1,4746
2026-04-04T23:10:43,-2.402767,-113.810532,18.0,12.39,74.4,9,1.7,66.4,3.915,-4.0,0,1,4747
2026-04-04T23:11:11,-2.402282,-113.808937,20.3,12.45,72.4,9,1.7,65.9,3.914,-4.0,0,1,4748
2026-04-04T23:11:39,-2.401778,-113.807373,18.0,12.57,73.9,9,1.7,66.0,3.910,-3.7,0,1,4749
2026-04-04T23:12:08,-2.401322,-113.805733,20.4,12.70,69.7,9,1.7,66.1,3.914,-4.0,0,1,4750
2026-04-04T23:12:36,-2.400885,-113.804161,18.5,13.32,68.2,9,1.7,65.7,3.908,-3.7,0,1,4751
2026-04-04T23:13:04,-2.400337,-113.802582,19.0,12.77,66.7,9,1.7,65.9,3.911,-4.0,0,1,4752
2026-04-04T23:13:33,-2.399987,-113.800949,17.1,11.99,70.9,9,1.7,65.9,3.912,-4.0,0,1,4753
2026-04-04T23:14:01,-2.399553,-113.799370,15.7,12.13,74.5,9,1.7,65.7,3.909,-3.7,0,1,4754
2026-04-04T23:14:29,-2.399142,-113.797775,14.0,12.86,71.9,9,1.7,65.9,3.914,-4.0,0,1,4755
2026-04-04T23:14:58,-2.398722,-113.796120,6.8,12.41,73.7,9,1.7,66.0,3.911,-3.7,0,1,4756
2026-04-04T23:15:26,-2.398330,-113.794533,6.1,13.11,78.2,9,1.6,65.7,3.906,-3.7,0,1,4757
2026-04-04T23:15:54,-2.397877,-113.792946,3.8,12.39,74.6,9,1.6,65.7,3.910,-3.7,0,1,4758
2026-04-04T23:16:23,-2.397375,-113.791359,12.1,12.54,73.2,9,1.6,65.9,3.912,-4.0,0,1,4759
2026-04-04T23:16:51,-2.396988,-113.789711,-0.1,12.23,74.2,9,1.6,65.7,3.906,-3.7,0,1,4760
2026-04-04T23:17:19,-2.396480,-113.788200,5.9,12.95,67.8,9,1.6,65.7,3.912,-3.7,0,1,4761
2026-04-04T23:17:48,-2.395993,-113.786575,10.3,12.43,75.2,9,1.6,65.9,3.911,-4.0,0,1,4762
2026-04-04T23:18:16,-2.395503,-113.785011,13.7,13.11,74.5,9,1.6,65.9,3.905,-4.0,0,1,4763
2026-04-04T23:18:44,-2.395023,-113.783447,14.8,12.21,74.9,8,1.7,65.7,3.911,-3.7,0,1,4764
2026-04-04T23:19:13,-2.394560,-113.781822,13.4,12.40,73.7,8,1.7,65.9,3.912,-4.0,0,1,4765
2026-04-04T23:19:41,-2.394137,-113.780228,14.5,12.10,70.0,8,1.7,65.7,3.911,-3.7,0,1,4766
2026-04-04T23:20:09,-2.393730,-113.778625,8.7,13.17,72.1,8,1.6,65.6,3.911,-4.0,0,1,4767
2026-04-04T23:20:38,-2.393355,-113.776947,0.0,12.99,75.3,8,1.6,65.9,3.910,-4.0,0,1,4768
2026-04-04T23:21:06,-2.392878,-113.775414,10.2,12.05,63.0,8,1.6,65.3,3.906,-4.0,0,1,4769
2026-04-04T23:21:34,-2.392503,-113.773788,4.2,13.28,76.8,8,1.6,65.7,3.911,-3.7,0,1,4770
2026-04-04T23:22:03,-2.392012,-113.772171,7.9,12.88,71.6,8,1.6,65.6,3.909,-4.0,0,1,4771
2026-04-04T23:22:31,-2.391453,-113.770660,12.8,12.09,79.6,8,1.6,65.6,3.910,-4.0,0,1,4772
2026-04-04T23:22:59,-2.390962,-113.769127,13.6,12.02,69.9,8,1.6,65.6,3.912,-4.0,0,1,4773
2026-04-04T23:23:28,-2.390478,-113.767479,9.7,13.00,67.1,8,1.6,65.7,3.910,-3.7,0,1,4774
2026-04-04T23:23:56,-2.390128,-113.765877,7.9,12.94,74.6,8,1.6,65.7,3.906,-3.7,0,1,4775
2026-04-04T23:24:24,-2.389623,-113.764336,11.6,12.27,70.2,9,1.6,65.6,3.909,-4.0,0,1,4776
2026-04-04T23:24:53,-2.389138,-113.762726,11.4,12.65,71.9,8,1.6,65.6,3.908,-4.0,0,1,4777
2026-04-04T23:25:21,-2.388663,-113.761139,9.9,12.61,74.8,9,1.6,65.4,3.909,-3.7,0,1,4778
2026-04-04T23:25:49,-2.388225,-113.759567,6.0,12.80,69.3,9,1.6,65.6,3.910,-4.0,0,1,4779
2026-04-04T23:26:18,-2.387753,-113.757889,7.9,12.75,70.3,9,1.6,65.6,3.908,-4.0,0,1,4780
2026-04-04T23:26:46,-2.387215,-113.756355,17.3,13.35,77.8,9,1.6,65.4,3.904,-3.7,0,1,4781
2026-04-04T23:27:14,-2.386783,-113.754768,8.2,12.52,70.6,9,1.6,65.4,3.908,-3.7,0,1,4782
2026-04-04T23:27:43,-2.386270,-113.753136,10.8,13.29,70.9,9,1.6,65.6,3.909,-4.0,0,1,4783
2026-04-04T23:28:11,-2.385823,-113.751511,9.1,12.22,75.7,9,1.6,65.4,3.901,-3.7,0,1,4784
2026-04-04T23:28:39,-2.385415,-113.749924,11.6,12.19,71.3,9,1.6,65.3,3.908,-4.0,0,1,4785
2026-04-04T23:29:08,-2.384935,-113.748276,16.6,12.62,73.5,10,1.5,65.6,3.908,-4.0,0,1,4786
2026-04-04T23:29:36,-2.384555,-113.746704,11.8,12.33,70.5,10,1.5,65.3,3.901,-4.0,0,1,4787
2026-04-04T23:30:04,-2.384062,-113.745140,13.2,12.34,69.9,9,1.5,65.4,3.908,-3.7,0,1,4788
2026-04-04T23:30:33,-2.383577,-113.743568,10.5,12.65,75.2,9,1.5,65.6,3.908,-4.0,0,1,4789
2026-04-04T23:31:01,-2.383116,-113.741989,7.8,12.75,73.4,9,1.5,65.3,3.904,-4.0,0,1,4790
2026-04-04T23:31:29,-2.382645,-113.740402,8.8,13.38,76.2,9,1.5,65.4,3.908,-3.7,0,1,4791
2026-04-04T23:31:58,-2.382193,-113.738701,10.3,12.59,73.4,9,1.5,65.4,3.909,-3.7,0,1,4792
2026-04-04T23:32:26,-2.381728,-113.737114,13.5,12.67,72.4,9,1.5,65.6,3.908,-4.0,0,1,4793
2026-04-04T23:32:54,-2.381278,-113.735565,13.4,12.28,71.7,9,1.5,65.4,3.908,-3.7,0,1,4794
2026-04-04T23:33:23,-2.380777,-113.733955,11.6,12.62,74.0,9,1.5,65.3,3.908,-4.0,0,1,4795
2026-04-04T23:33:51,-2.380313,-113.732391,16.4,12.79,83.1,9,1.5,65.3,3.908,-4.0,0,1,4796
2026-04-04T23:34:19,-2.379870,-113.730804,13.3,11.86,75.4,9,1.5,65.1,3.906,-3.7,0,1,4797
2026-04-04T23:34:48,-2.379415,-113.729164,15.4,13.25,80.8,9,1.5,65.6,3.906,-4.0,0,1,4798
2026-04-04T23:35:16,-2.378950,-113.727600,14.4,12.36,78.4,9,1.5,65.3,3.905,-4.0,0,1,4799
2026-04-04T23:35:44,-2.378493,-113.726013,12.7,12.59,71.8,9,1.5,65.0,3.908,-4.0,0,1,4800
2026-04-04T23:36:13,-2.377970,-113.724388,17.8,11.57,68.5,9,1.5,65.1,3.906,-3.7,0,1,4801
2026-04-04T23:36:41,-2.377527,-113.722832,14.6,12.52,71.2,9,1.5,65.1,3.905,-3.7,0,1,4802
2026-04-04T23:37:09,-2.377077,-113.721291,9.9,11.44,68.0,9,1.5,65.3,3.905,-4.0,0,1,4803
2026-04-04T23:37:38,-2.376647,-113.719643,10.3,12.66,76.9,9,1.5,65.1,3.906,-3.7,0,1,4804
2026-04-04T23:38:06,-2.376217,-113.718071,10.4,12.29,70.5,9,1.5,65.1,3.902,-3.7,0,1,4805
2026-04-04T23:38:34,-2.375855,-113.716438,5.4,12.40,70.9,9,1.5,65.0,3.905,-4.0,0,1,4806
2026-04-04T23:39:03,-2.375292,-113.714851,6.6,13.24,67.1,9,1.5,65.4,3.905,-3.7,0,1,4807
2026-04-04T23:39:31,-2.374808,-113.713280,12.1,12.36,72.2,9,1.5,65.0,3.899,-4.0,0,1,4808
2026-04-04T23:39:59,-2.374285,-113.711746,14.1,12.53,70.3,9,1.5,65.3,3.905,-4.0,0,1,4809
2026-04-04T23:40:28,-2.373852,-113.710121,12.7,11.98,74.6,9,1.5,65.1,3.905,-3.7,0,1,4810
2026-04-04T23:40:56,-2.373320,-113.708595,15.6,12.38,73.3,9,1.5,65.1,3.906,-3.7,0,1,4811
2026-04-04T23:41:24,-2.372792,-113.707069,14.7,12.54,63.4,9,1.5,64.8,3.904,-3.7,0,1,4812
2026-04-04T23:41:53,-2.372497,-113.705399,12.9,12.42,75.4,9,1.5,64.8,3.901,-3.7,0,1,4813
2026-04-04T23:42:21,-2.371927,-113.703857,15.3,12.67,72.4,9,1.5,64.8,3.901,-3.7,0,1,4814
2026-04-04T23:42:49,-2.371475,-113.702301,12.6,12.52,74.6,9,1.5,65.1,3.905,-3.7,0,1,4815
2026-04-04T23:43:18,-2.370988,-113.700684,20.6,11.72,70.9,9,1.5,65.0,3.905,-4.0,0,1,4816
2026-04-04T23:43:46,-2.370515,-113.699112,20.5,12.88,71.4,8,1.5,65.0,3.900,-4.0,0,1,4817
2026-04-04T23:44:14,-2.370125,-113.697548,20.5,12.79,77.6,8,1.5,65.1,3.906,-3.7,0,1,4818
2026-04-04T23:44:43,-2.369601,-113.695961,11.5,12.22,71.2,8,1.5,65.3,3.906,-4.0,0,1,4819
2026-04-04T23:45:11,-2.369240,-113.694359,-1.2,12.20,74.8,7,1.7,64.8,3.901,-3.7,0,1,4820
2026-04-04T23:45:39,-2.368906,-113.692772,-3.4,12.08,75.4,7,1.7,65.0,3.906,-4.0,0,1,4821
2026-04-04T23:46:08,-2.368412,-113.691177,-10.7,12.49,73.1,7,1.7,65.0,3.901,-4.0,0,1,4822
2026-04-04T23:46:36,-2.367913,-113.689636,-12.4,12.72,72.2,7,1.7,64.7,3.898,-4.0,0,1,4823
2026-04-04T23:47:04,-2.367273,-113.688141,-6.2,12.77,70.0,7,1.7,64.8,3.905,-3.7,0,1,4824
2026-04-04T23:47:33,-2.366713,-113.686554,1.1,12.20,69.8,7,1.7,65.0,3.904,-4.0,0,1,4825
2026-04-04T23:48:01,-2.366200,-113.685028,7.3,12.75,62.1,7,1.7,64.8,3.895,-3.7,0,1,4826
2026-04-04T23:48:29,-2.365720,-113.683456,12.6,12.39,65.4,7,1.7,64.8,3.902,-3.7,0,1,4827
2026-04-04T23:48:58,-2.365163,-113.681908,13.0,13.03,71.5,7,1.7,65.0,3.900,-4.0,0,1,4828
2026-04-04T23:49:26,-2.364705,-113.680305,13.4,12.19,74.2,7,1.7,64.4,3.895,-4.0,0,1,4829
2026-04-04T23:49:54,-2.364220,-113.678772,13.6,12.39,62.2,8,1.7,64.7,3.902,-4.0,0,1,4830
2026-04-04T23:50:23,-2.363753,-113.677170,19.8,12.07,64.3,7,1.8,65.0,3.902,-4.0,0,1,4831
2026-04-04T23:50:51,-2.363257,-113.675613,12.3,12.64,72.0,7,1.8,64.7,3.896,1722.4,0,1,4832
2026-04-04T23:51:19,-2.362798,-113.674057,4.6,11.87,71.8,7,1.8,64.7,3.902,-4.0,0,1,4833
2026-04-04T23:51:48,-2.362298,-113.672470,-0.4,11.99,69.8,7,1.8,64.7,3.901,-4.0,0,1,4834
2026-04-04T23:52:16,-2.361875,-113.670883,-3.1,12.93,72.9,7,1.8,64.7,3.894,-4.0,0,1,4835
2026-04-04T23:52:44,-2.361367,-113.669373,-6.6,12.12,62.1,7,1.7,64.7,3.902,-4.0,0,1,4836
2026-04-04T23:53:13,-2.360938,-113.667747,-20.3,12.19,65.7,7,1.7,64.8,3.901,-3.7,0,1,4837
2026-04-04T23:53:41,-2.360455,-113.666199,-22.1,12.57,70.5,7,1.7,64.6,3.902,-3.7,0,1,4838
2026-04-04T23:54:09,-2.359987,-113.664665,-27.0,12.47,72.1,7,1.7,64.6,3.902,-3.7,0,1,4839
2026-04-04T23:54:38,-2.359495,-113.663094,-28.7,12.75,75.7,7,1.7,64.8,3.901,-3.7,0,1,4840
2026-04-04T23:55:06,-2.358942,-113.661591,-24.4,12.24,64.2,7,1.7,64.6,3.894,-3.7,0,1,4841
2026-04-04T23:55:34,-2.358460,-113.660034,-23.1,12.65,77.3,7,1.7,64.8,3.898,-3.7,0,1,4842
2026-04-04T23:56:03,-2.357897,-113.658485,-17.7,11.45,67.2,7,1.7,64.6,3.898,-3.7,0,1,4843
2026-04-04T23:56:31,-2.357425,-113.656937,-19.7,12.10,69.8,7,1.7,64.4,3.901,-4.0,0,1,4844
2026-04-04T23:56:59,-2.356947,-113.655373,-22.7,12.53,74.1,7,1.7,64.6,3.901,-3.7,0,1,4845
2026-04-04T23:57:28,-2.356458,-113.653801,-13.8,13.37,84.7,7,1.7,64.7,3.901,-4.0,0,1,4846
2026-04-04T23:57:56,-2.356007,-113.652222,-12.5,12.90,81.4,7,1.7,64.3,3.892,-3.7,0,1,4847
2026-04-04T23:58:24,-2.355440,-113.650742,-14.5,12.45,76.1,7,1.7,64.3,3.900,-3.7,0,1,4848
2026-04-04T23:58:53,-2.354947,-113.649193,-9.5,12.23,74.5,7,1.7,64.6,3.900,-3.7,0,1,4849
2026-04-04T23:59:21,-2.354443,-113.647667,-8.6,12.48,75.0,7,1.7,64.4,3.894,-4.0,0,1,4850
2026-04-04T23:59:49,-2.354002,-113.646141,-5.6,11.99,72.2,7,1.6,64.4,3.901,-4.0,0,1,4851
