datetime,lat,lon,alt_m,speed_kts,cog,satellites,hdop,battery_pct,battery_v,charge_rate,rtc_bat_low,fix,boot
2026-04-24T00:00:29,12.760839,-60.949383,10.0,10.64,64.3,10,1.4,75.9,3.989,-4.4,0,1,46697
2026-04-24T00:00:58,12.761252,-60.948013,18.7,10.16,73.6,9,1.6,76.0,3.995,-4.4,0,1,46698
2026-04-24T00:01:27,12.761740,-60.946690,21.0,10.69,72.8,9,1.6,75.9,3.986,-4.4,0,1,46699
2026-04-24T00:01:56,12.762181,-60.945286,9.3,12.17,75.3,9,1.6,76.2,3.990,-4.4,0,1,46700
2026-04-24T00:02:25,12.762703,-60.944008,11.3,10.32,60.0,9,1.6,76.0,3.987,2023.8,0,1,46701
2026-04-24T00:02:54,12.763126,-60.942593,20.1,9.66,70.8,9,1.6,76.2,3.989,-4.4,0,1,46702
2026-04-24T00:03:23,12.763665,-60.941250,25.8,11.14,68.4,9,1.6,76.0,3.987,-4.4,0,1,46703
2026-04-24T00:03:52,12.764093,-60.939938,19.0,9.68,71.0,9,1.6,75.9,3.989,-4.4,0,1,46704
2026-04-24T00:04:21,12.764552,-60.938526,15.1,10.66,70.0,9,1.6,75.9,3.987,-4.4,0,1,46705
2026-04-24T00:04:50,12.764952,-60.937080,15.9,9.78,78.1,10,1.3,75.9,3.989,-4.4,0,1,46706
2026-04-24T00:05:19,12.765518,-60.935795,8.1,9.29,69.9,9,1.5,75.9,3.989,-4.4,0,1,46707
2026-04-24T00:05:48,12.765935,-60.934456,3.1,9.59,68.8,10,1.3,75.7,3.986,-4.4,0,1,46708
2026-04-24T00:06:17,12.766345,-60.933083,11.2,9.97,71.0,10,1.3,75.9,3.987,-4.4,0,1,46709
2026-04-24T00:06:46,12.766892,-60.931763,5.8,10.31,70.8,9,1.4,75.7,3.987,-4.4,0,1,46710
2026-04-24T00:07:15,12.767385,-60.930386,4.4,10.69,70.7,11,1.2,75.5,3.986,-4.4,0,1,46711
2026-04-24T00:07:44,12.767821,-60.929062,20.4,10.77,72.7,11,1.2,75.5,3.986,-4.4,0,1,46712
2026-04-24T00:08:13,12.768342,-60.927738,27.1,9.49,71.1,11,1.2,75.5,3.985,-4.4,0,1,46713
2026-04-24T00:08:42,12.768826,-60.926414,26.2,11.07,69.5,11,1.2,75.5,3.990,-4.4,0,1,46714
2026-04-24T00:09:11,12.769305,-60.925037,29.4,10.52,68.9,11,1.2,76.0,3.986,-4.4,0,1,46715
2026-04-24T00:09:40,12.769860,-60.923725,32.0,9.38,65.9,11,1.2,75.7,3.993,-4.4,0,1,46716
2026-04-24T00:10:09,12.770327,-60.922363,34.2,10.75,74.2,11,1.2,75.7,3.984,-4.4,0,1,46717
2026-04-24T00:10:38,12.770940,-60.921082,41.9,10.66,71.9,10,1.5,75.5,3.987,-4.4,0,1,46718
2026-04-24T00:11:07,12.771436,-60.919666,41.3,10.40,71.6,10,1.5,75.4,3.985,-4.2,0,1,46719
2026-04-24T00:11:36,12.772063,-60.918354,46.2,10.64,68.9,11,1.2,75.5,3.991,-4.4,0,1,46720
2026-04-24T00:12:05,12.772423,-60.916985,34.8,10.49,68.8,11,1.2,75.5,3.984,-4.4,0,1,46721
2026-04-24T00:12:34,12.772924,-60.915642,23.3,10.75,73.8,11,1.2,75.7,3.986,-4.4,0,1,46722
2026-04-24T00:13:03,12.773468,-60.914349,24.4,10.50,69.8,11,1.2,75.7,3.985,-4.4,0,1,46723
2026-04-24T00:13:32,12.773908,-60.912933,23.2,10.33,80.3,10,1.5,75.5,3.985,2010.7,0,1,46724
2026-04-24T00:14:01,12.774388,-60.911583,27.8,11.41,71.2,10,1.5,75.5,3.985,-4.4,0,1,46725
2026-04-24T00:14:30,12.774883,-60.910221,29.7,10.81,65.4,11,1.2,75.7,3.985,-4.4,0,1,46726
2026-04-24T00:14:59,12.775407,-60.908871,36.6,10.26,67.2,10,1.5,75.4,3.985,-4.2,0,1,46727
2026-04-24T00:15:28,12.775914,-60.907471,32.2,10.18,71.9,9,1.6,75.4,3.985,-4.2,0,1,46728
2026-04-24T00:15:57,12.776388,-60.906094,28.3,10.45,71.5,11,1.2,75.7,3.985,-4.4,0,1,46729
2026-04-24T00:16:26,12.776920,-60.904728,31.5,10.89,74.6,10,1.5,75.2,3.984,-4.4,0,1,46730
2026-04-24T00:16:55,12.777513,-60.903339,37.6,10.69,67.8,10,1.5,75.2,3.984,-4.4,0,1,46731
2026-04-24T00:17:24,12.778007,-60.902016,41.2,9.33,62.8,11,1.2,75.7,3.981,-4.4,0,1,46732
2026-04-24T00:17:53,12.778522,-60.900635,43.7,10.04,62.3,10,1.5,75.4,3.984,-4.2,0,1,46733
2026-04-24T00:18:22,12.779006,-60.899246,41.5,11.17,71.7,10,1.5,75.2,3.983,-4.4,0,1,46734
2026-04-24T00:18:51,12.779490,-60.897861,40.9,10.35,71.4,10,1.5,75.4,3.985,-4.2,0,1,46735
2026-04-24T00:19:20,12.779984,-60.896549,38.5,10.53,73.3,10,1.5,75.0,3.984,-4.4,0,1,46736
2026-04-24T00:19:49,12.780477,-60.895237,38.8,10.93,63.2,10,1.5,75.4,3.984,-4.2,0,1,46737
2026-04-24T00:20:18,12.781054,-60.893940,42.7,11.69,71.7,10,1.4,75.2,3.981,-4.4,0,1,46738
2026-04-24T00:20:47,12.781554,-60.892574,42.6,10.48,76.7,10,1.4,75.4,3.984,-4.2,0,1,46739
2026-04-24T00:21:16,12.782031,-60.891220,32.4,11.02,67.8,10,1.4,75.2,3.984,-4.4,0,1,46740
2026-04-24T00:21:45,12.782563,-60.889835,31.7,10.43,73.3,10,1.4,75.2,3.984,-4.4,0,1,46741
2026-04-24T00:22:14,12.783018,-60.888500,26.2,10.19,70.1,10,1.4,75.0,3.983,-4.4,0,1,46742
2026-04-24T00:22:43,12.783557,-60.887169,24.5,10.66,73.5,9,1.5,75.4,3.983,-4.2,0,1,46743
2026-04-24T00:23:12,12.784104,-60.885773,27.9,9.45,73.6,10,1.4,75.0,3.981,-4.4,0,1,46744
2026-04-24T00:23:41,12.784683,-60.884354,38.2,9.71,76.8,10,1.4,75.0,3.981,-4.4,0,1,46745
2026-04-24T00:24:10,12.785286,-60.882977,43.2,10.07,66.9,9,1.5,74.7,3.985,-4.4,0,1,46746
2026-04-24T00:24:39,12.785824,-60.881580,54.7,10.72,65.3,9,1.5,75.2,3.983,-4.4,0,1,46747
2026-04-24T00:25:08,12.786305,-60.880211,58.8,9.78,73.1,9,1.5,74.9,3.980,-4.4,0,1,46748
2026-04-24T00:25:37,12.786920,-60.878841,61.0,10.40,65.5,9,1.5,75.0,3.981,-4.4,0,1,46749
2026-04-24T00:26:06,12.787443,-60.877460,61.9,10.37,67.6,9,1.5,74.9,3.980,-4.4,0,1,46750
2026-04-24T00:26:35,12.787909,-60.876091,59.4,10.79,67.0,9,1.4,74.9,3.980,-4.4,0,1,46751
2026-04-24T00:27:04,12.788390,-60.874771,50.8,10.57,73.5,9,1.4,75.0,3.980,-4.4,0,1,46752
2026-04-24T00:27:33,12.788818,-60.873402,50.5,10.86,66.1,8,2.0,75.0,3.984,-4.4,0,1,46753
2026-04-24T00:28:02,12.789323,-60.872097,52.2,9.55,75.6,9,1.4,74.9,3.980,1993.5,0,1,46754
2026-04-24T00:28:31,12.789845,-60.870739,49.7,10.42,71.5,9,1.4,74.7,3.980,-4.4,0,1,46755
2026-04-24T00:29:00,12.790397,-60.869339,53.1,9.87,67.0,8,1.5,74.9,3.980,-4.4,0,1,46756
2026-04-24T00:29:29,12.790878,-60.867931,49.3,11.52,69.2,8,1.9,75.0,3.980,-4.4,0,1,46757
2026-04-24T00:29:58,12.791227,-60.866566,38.5,10.39,70.9,9,1.4,74.7,3.977,-4.4,0,1,46758
2026-04-24T00:30:27,12.791677,-60.865196,32.4,10.82,63.4,8,1.9,74.7,3.979,-4.4,0,1,46759
2026-04-24T00:30:56,12.792226,-60.863853,40.9,10.48,80.3,8,1.9,74.7,3.977,-4.4,0,1,46760
2026-04-24T00:31:25,12.792880,-60.862438,52.9,10.54,70.1,8,1.9,74.9,3.979,-4.4,0,1,46761
2026-04-24T00:31:54,12.793413,-60.861031,55.9,10.88,73.0,8,1.9,74.9,3.977,-4.4,0,1,46762
2026-04-24T00:32:23,12.793989,-60.859642,57.0,9.66,74.3,8,1.9,74.7,3.977,-4.4,0,1,46763
2026-04-24T00:32:52,12.794516,-60.858238,59.6,10.47,68.5,8,1.9,74.7,3.979,-4.4,0,1,46764
2026-04-24T00:33:21,12.795038,-60.856903,65.7,9.94,76.2,7,2.0,74.7,3.979,-4.4,0,1,46765
2026-04-24T00:33:50,12.795513,-60.855534,62.5,12.46,62.6,8,1.9,74.5,3.976,-4.4,0,1,46766
2026-04-24T00:34:19,12.796366,-60.854164,68.9,10.41,67.7,8,1.9,74.9,3.979,-4.4,0,1,46767
2026-04-24T00:34:48,12.796709,-60.852776,55.7,11.88,69.2,7,2.0,74.7,3.979,-4.4,0,1,46768
2026-04-24T00:35:17,12.797156,-60.851482,50.4,9.88,65.1,7,1.9,74.5,3.979,-4.4,0,1,46769
2026-04-24T00:35:46,12.797712,-60.850086,44.2,11.16,74.0,8,1.9,74.4,3.977,-4.4,0,1,46770
2026-04-24T00:36:15,12.798080,-60.848755,38.0,10.95,69.2,8,1.9,75.0,3.977,-4.4,0,1,46771
2026-04-24T00:36:44,12.798756,-60.847347,45.1,10.00,68.6,8,1.9,74.5,3.977,-4.4,0,1,46772
2026-04-24T00:37:13,12.799298,-60.846035,34.2,9.98,71.1,8,1.9,74.5,3.977,1984.7,0,1,46773
2026-04-24T00:37:42,12.799898,-60.844677,36.1,10.36,67.3,8,1.9,74.4,3.977,-4.4,0,1,46774
2026-04-24T00:38:11,12.800326,-60.843346,35.8,9.89,67.8,9,1.8,74.5,3.977,-4.4,0,1,46775
2026-04-24T00:38:40,12.800858,-60.841927,38.3,11.07,69.6,8,1.9,74.5,3.979,-4.4,0,1,46776
2026-04-24T00:39:09,12.801287,-60.840569,31.2,9.70,75.6,9,1.8,74.4,3.976,-4.4,0,1,46777
2026-04-24T00:39:38,12.801799,-60.839214,27.9,9.87,67.4,9,1.8,74.2,3.975,-4.4,0,1,46778
2026-04-24T00:40:07,12.802346,-60.837845,30.9,10.36,74.5,9,1.8,74.4,3.977,-4.4,0,1,46779
2026-04-24T00:40:36,12.802865,-60.836475,34.4,9.59,73.5,9,1.8,74.5,3.977,-4.4,0,1,46780
2026-04-24T00:41:05,12.803423,-60.835106,39.2,10.48,66.4,9,1.8,74.5,3.974,-4.4,0,1,46781
2026-04-24T00:41:34,12.804007,-60.833755,42.8,10.51,67.6,9,1.8,74.4,3.977,-4.4,0,1,46782
2026-04-24T00:42:03,12.804562,-60.832378,38.6,10.71,66.9,8,1.8,74.4,3.975,-4.4,0,1,46783
2026-04-24T00:42:32,12.805020,-60.831009,36.8,10.52,78.7,9,1.7,74.5,3.977,-4.4,0,1,46784
2026-04-24T00:43:01,12.805548,-60.829624,36.9,9.87,76.5,9,1.7,74.4,3.975,-4.4,0,1,46785
2026-04-24T00:43:30,12.806120,-60.828243,37.1,10.52,62.6,9,1.7,74.4,3.976,-4.4,0,1,46786
2026-04-24T00:43:59,12.806708,-60.826843,41.9,11.27,64.3,9,1.7,74.1,3.977,-4.4,0,1,46787
2026-04-24T00:44:28,12.807181,-60.825493,30.5,9.35,65.0,9,1.7,74.2,3.974,-4.4,0,1,46788
2026-04-24T00:44:57,12.807657,-60.824142,28.5,9.45,67.4,9,1.7,74.4,3.974,-4.4,0,1,46789
2026-04-24T00:45:26,12.808145,-60.822758,28.4,10.33,65.9,9,1.7,74.4,3.975,-4.4,0,1,46790
2026-04-24T00:45:55,12.808668,-60.821362,29.4,12.17,73.0,9,1.7,74.2,3.975,-4.4,0,1,46791
2026-04-24T00:46:24,12.809166,-60.820011,22.7,11.93,62.6,7,1.8,74.4,3.979,-4.4,0,1,46792
2026-04-24T00:46:53,12.809703,-60.818638,16.7,11.85,60.8,7,1.8,74.4,3.975,-4.4,0,1,46793
2026-04-24T00:47:22,12.810143,-60.817234,8.3,10.29,72.8,8,1.8,74.2,3.974,-4.4,0,1,46794
2026-04-24T00:47:51,12.810690,-60.815853,11.2,10.92,64.5,8,1.8,73.9,3.975,-4.4,0,1,46795
2026-04-24T00:48:20,12.811202,-60.814495,10.8,11.09,72.8,8,1.8,74.1,3.975,-4.4,0,1,46796
2026-04-24T00:48:49,12.811742,-60.813126,11.8,10.46,65.3,8,1.8,74.2,3.975,-4.4,0,1,46797
2026-04-24T00:49:18,12.812312,-60.811745,14.6,11.05,67.6,8,1.7,74.1,3.975,-4.4,0,1,46798
2026-04-24T00:49:47,12.812860,-60.810368,16.3,10.14,69.6,9,1.6,74.1,3.976,-4.4,0,1,46799
2026-04-24T00:50:16,12.813398,-60.809010,17.0,10.58,70.0,8,1.7,74.1,3.973,-4.4,0,1,46800
2026-04-24T00:50:45,12.813957,-60.807598,22.6,11.03,64.3,7,1.8,74.1,3.979,-4.4,0,1,46801
2026-04-24T00:51:14,12.814479,-60.806213,18.3,10.89,68.0,8,1.7,73.9,3.974,-4.4,0,1,46802
2026-04-24T00:51:43,12.815106,-60.804832,20.2,12.15,65.7,8,1.7,73.9,3.975,-4.4,0,1,46803
2026-04-24T00:52:12,12.815620,-60.803493,19.7,9.71,70.0,9,1.5,74.1,3.973,-4.4,0,1,46804
2026-04-24T00:52:41,12.816073,-60.802086,18.5,11.33,72.9,10,1.4,73.9,3.974,-4.4,0,1,46805
2026-04-24T00:53:10,12.816612,-60.800686,21.0,9.25,74.4,9,1.5,74.1,3.975,-4.4,0,1,46806
2026-04-24T00:53:39,12.817103,-60.799297,23.3,11.74,61.0,9,1.5,73.9,3.973,1967.3,0,1,46807
2026-04-24T00:54:08,12.817616,-60.797913,22.8,11.54,59.3,9,1.5,73.7,3.974,-4.4,0,1,46808
2026-04-24T00:54:37,12.818134,-60.796524,23.6,11.07,73.8,9,1.5,73.9,3.970,-4.4,0,1,46809
2026-04-24T00:55:06,12.818624,-60.795124,23.6,10.04,73.0,10,1.4,73.7,3.973,-4.4,0,1,46810
2026-04-24T00:55:35,12.819117,-60.793739,26.6,10.61,68.5,10,1.4,73.7,3.974,-4.4,0,1,46811
2026-04-24T00:56:04,12.819653,-60.792366,24.0,10.67,66.2,10,1.4,73.7,3.971,1962.9,0,1,46812
2026-04-24T00:56:33,12.820245,-60.791016,21.4,11.29,68.2,9,1.5,73.9,3.971,-4.4,0,1,46813
2026-04-24T00:57:02,12.820794,-60.789639,17.3,10.75,64.0,9,1.5,73.6,3.973,-4.4,0,1,46814
2026-04-24T00:57:31,12.821315,-60.788288,15.2,11.41,63.7,10,1.3,73.7,3.971,-4.4,0,1,46815
2026-04-24T00:58:00,12.821821,-60.786945,14.0,10.44,80.8,7,2.0,73.6,3.975,-4.4,0,1,46816
2026-04-24T00:58:29,12.822345,-60.785606,14.4,11.96,61.0,8,1.5,73.4,3.971,-4.4,0,1,46817
2026-04-24T00:58:58,12.822834,-60.784229,18.4,9.22,66.3,9,1.8,73.9,3.971,-4.4,0,1,46818
2026-04-24T00:59:27,12.823375,-60.782894,17.5,9.97,75.3,10,1.3,73.6,3.969,-4.4,0,1,46819
2026-04-24T00:59:56,12.823885,-60.781536,18.3,9.76,78.6,9,1.8,73.7,3.971,-4.4,0,1,46820
2026-04-24T01:00:25,12.824462,-60.780231,16.6,10.53,64.8,9,1.8,73.7,3.970,-4.4,0,1,46821
2026-04-24T01:00:54,12.825018,-60.778843,13.2,10.85,66.4,9,1.8,73.6,3.969,-4.4,0,1,46822
2026-04-24T01:01:23,12.825526,-60.777477,8.0,9.88,80.8,9,1.8,73.6,3.975,-4.4,0,1,46823
2026-04-24T01:01:52,12.826028,-60.776077,8.3,10.92,77.0,9,1.8,73.6,3.970,-4.4,0,1,46824
2026-04-24T01:02:21,12.826525,-60.774708,10.5,10.68,67.7,10,1.3,73.9,3.971,-4.4,0,1,46825
2026-04-24T01:02:50,12.827065,-60.773388,6.8,9.82,82.7,8,1.8,73.6,3.974,-4.4,0,1,46826
2026-04-24T01:03:19,12.827605,-60.772045,1.8,9.34,73.8,9,1.8,73.6,3.973,-4.4,0,1,46827
2026-04-24T01:03:48,12.828090,-60.770649,3.2,10.33,77.1,10,1.3,73.4,3.967,-4.4,0,1,46828
2026-04-24T01:04:17,12.828643,-60.769287,5.0,9.72,68.2,9,1.4,73.6,3.969,-4.4,0,1,46829
2026-04-24T01:04:46,12.829068,-60.767891,5.7,11.41,56.5,9,1.8,73.4,3.969,-4.4,0,1,46830
2026-04-24T01:05:15,12.829696,-60.766605,15.2,10.47,66.5,9,1.3,73.6,3.970,-4.4,0,1,46831
2026-04-24T01:05:44,12.830105,-60.765202,7.8,11.13,54.4,10,1.3,73.4,3.966,-4.4,0,1,46832
2026-04-24T01:06:13,12.830508,-60.763802,10.2,10.73,64.7,10,1.3,73.4,3.967,-4.4,0,1,46833
2026-04-24T01:06:42,12.831041,-60.762451,16.7,10.44,65.9,9,1.3,73.4,3.969,-4.4,0,1,46834
2026-04-24T01:07:11,12.831648,-60.761112,20.9,10.92,68.1,10,1.3,73.1,3.969,-4.4,0,1,46835
2026-04-24T01:07:40,12.832305,-60.759750,23.8,10.00,61.8,10,1.3,73.1,3.969,-4.4,0,1,46836
2026-04-24T01:08:09,12.832760,-60.758381,18.1,10.80,74.8,10,1.3,73.4,3.969,-4.4,0,1,46837
2026-04-24T01:08:38,12.833308,-60.757030,23.2,10.61,68.0,9,1.8,73.4,3.973,-4.4,0,1,46838
2026-04-24T01:09:07,12.833851,-60.755669,20.2,11.15,62.8,8,1.9,73.2,3.969,-4.4,0,1,46839
2026-04-24T01:09:36,12.834347,-60.754337,21.3,11.48,61.2,9,1.3,73.2,3.967,-4.4,0,1,46840
2026-04-24T01:10:05,12.834886,-60.752922,20.2,10.82,67.3,10,1.3,73.4,3.969,-4.4,0,1,46841
2026-04-24T01:10:34,12.835432,-60.751526,20.2,10.67,67.3,9,1.8,73.4,3.969,-4.4,0,1,46842
2026-04-24T01:11:03,12.836003,-60.750175,18.2,10.84,66.6,9,1.4,73.4,3.969,-4.4,0,1,46843
2026-04-24T01:11:32,12.836529,-60.748779,14.2,12.64,68.7,9,1.4,73.2,3.966,-4.4,0,1,46844
2026-04-24T01:12:01,12.837050,-60.747406,8.6,10.86,75.6,7,2.1,72.9,3.967,-4.4,0,1,46845
2026-04-24T01:12:30,12.837592,-60.746056,7.2,10.56,69.7,8,2.0,73.2,3.966,-4.4,0,1,46846
2026-04-24T01:12:59,12.838132,-60.744671,-6.7,9.12,68.8,9,1.3,73.1,3.967,-4.4,0,1,46847
2026-04-24T01:13:28,12.838675,-60.743298,-1.3,9.22,77.0,8,1.4,73.1,3.970,-4.4,0,1,46848
2026-04-24T01:13:57,12.839258,-60.741875,-4.1,11.16,62.3,9,1.3,73.2,3.964,-4.4,0,1,46849
2026-04-24T01:14:26,12.839735,-60.740543,-3.5,10.08,64.6,9,1.3,73.1,3.964,-4.4,0,1,46850
2026-04-24T01:14:55,12.840252,-60.739162,0.1,11.74,62.1,9,1.3,72.7,3.967,-4.4,0,1,46851
2026-04-24T01:15:24,12.840744,-60.737759,4.4,10.49,75.5,9,1.3,73.1,3.966,-4.4,0,1,46852
2026-04-24T01:15:53,12.841252,-60.736385,-1.7,11.15,67.8,8,1.3,73.1,3.965,-4.4,0,1,46853
2026-04-24T01:16:22,12.841800,-60.735001,1.8,11.15,65.2,7,2.2,73.1,3.964,-4.4,0,1,46854
2026-04-24T01:16:51,12.842332,-60.733627,-0.6,10.64,64.0,8,1.9,73.2,3.966,-4.4,0,1,46855
2026-04-24T01:17:20,12.842858,-60.732212,-1.2,10.94,75.6,8,1.9,72.7,3.967,-4.4,0,1,46856
2026-04-24T01:17:49,12.843418,-60.730824,6.5,11.70,66.2,9,1.3,73.1,3.964,-4.4,0,1,46857
2026-04-24T01:18:18,12.843932,-60.729420,5.6,11.55,75.9,9,1.3,72.9,3.966,-4.4,0,1,46858
2026-04-24T01:18:47,12.844403,-60.728027,11.4,10.92,72.5,9,1.3,72.9,3.967,-4.4,0,1,46859
2026-04-24T01:19:16,12.844913,-60.726624,12.5,10.47,76.9,8,1.9,72.7,3.963,-4.4,0,1,46860
2026-04-24T01:19:45,12.845406,-60.725254,9.8,11.52,64.0,8,1.9,73.1,3.964,-4.4,0,1,46861
2026-04-24T01:20:14,12.845883,-60.723892,5.8,10.32,72.8,8,1.9,72.7,3.965,-4.4,0,1,46862
2026-04-24T01:20:43,12.846436,-60.722523,2.0,9.95,73.5,8,1.9,72.7,3.964,-4.4,0,1,46863
2026-04-24T01:21:12,12.846966,-60.721138,-1.8,11.29,63.3,7,2.1,72.9,3.964,-4.4,0,1,46864
2026-04-24T01:21:41,12.847477,-60.719749,-2.1,11.26,66.3,10,1.2,72.7,3.965,-4.4,0,1,46865
2026-04-24T01:22:10,12.848035,-60.718399,2.6,11.20,69.3,9,1.7,72.6,3.965,-4.4,0,1,46866
2026-04-24T01:22:39,12.848598,-60.716965,-2.4,11.68,65.3,10,1.2,72.7,3.964,-4.4,0,1,46867
2026-04-24T01:23:08,12.849135,-60.715557,-5.9,11.44,69.8,10,1.2,72.7,3.966,-4.4,0,1,46868
2026-04-24T01:23:37,12.849648,-60.714176,1.0,10.93,67.1,9,1.7,72.9,3.964,-4.4,0,1,46869
2026-04-24T01:24:06,12.850184,-60.712795,-0.7,10.64,68.2,10,1.2,72.6,3.963,-4.4,0,1,46870
2026-04-24T01:24:35,12.850728,-60.711403,-4.9,10.79,63.5,10,1.2,72.4,3.963,-4.4,0,1,46871
2026-04-24T01:25:04,12.851248,-60.709995,-8.3,11.07,67.1,10,1.2,72.7,3.969,-4.4,0,1,46872
2026-04-24T01:25:33,12.851724,-60.708584,-10.7,11.06,69.9,10,1.2,72.4,3.963,-4.4,0,1,46873
2026-04-24T01:26:02,12.852260,-60.707176,-9.5,11.40,61.8,9,1.7,72.4,3.965,-4.4,0,1,46874
2026-04-24T01:26:31,12.852800,-60.705791,-14.3,10.43,71.5,9,1.7,72.7,3.963,-4.4,0,1,46875
2026-04-24T01:27:00,12.853363,-60.704376,-19.7,10.89,69.7,9,1.7,72.1,3.966,-4.4,0,1,46876
2026-04-24T01:27:29,12.853875,-60.703003,-15.0,10.99,64.8,9,1.7,72.6,3.959,-4.4,0,1,46877
2026-04-24T01:27:58,12.854462,-60.701626,-16.2,10.51,69.0,9,1.2,72.7,3.961,-4.4,0,1,46878
2026-04-24T01:28:27,12.855000,-60.700230,-21.5,11.14,68.4,8,2.2,72.4,3.965,-4.4,0,1,46879
2026-04-24T01:28:56,12.855546,-60.698833,-23.8,9.86,63.7,9,1.7,72.6,3.961,-4.4,0,1,46880
2026-04-24T01:29:25,12.856093,-60.697483,-25.1,10.88,62.1,9,1.7,72.6,3.963,-4.4,0,1,46881
2026-04-24T01:29:54,12.856564,-60.696091,-22.7,10.55,75.1,9,1.6,72.2,3.963,-4.4,0,1,46882
2026-04-24T01:30:23,12.857103,-60.694683,-18.5,9.64,71.1,9,1.6,72.2,3.963,-4.4,0,1,46883
2026-04-24T01:30:52,12.857757,-60.693268,-8.5,10.85,72.5,10,1.1,72.6,3.961,-4.4,0,1,46884
2026-04-24T01:31:21,12.858285,-60.691925,-11.3,11.02,66.7,10,1.1,72.6,3.960,-4.4,0,1,46885
2026-04-24T01:31:50,12.858892,-60.690529,6.0,11.13,69.9,9,1.6,72.1,3.964,-4.4,0,1,46886
2026-04-24T01:32:19,12.859312,-60.689190,8.4,8.29,73.4,9,1.6,72.6,3.959,-4.4,0,1,46887
2026-04-24T01:32:48,12.859874,-60.687847,9.7,10.69,75.4,9,1.6,72.2,3.961,-4.4,0,1,46888
2026-04-24T01:33:17,12.860483,-60.686470,12.5,10.12,64.5,10,1.1,72.4,3.961,-4.4,0,1,46889
2026-04-24T01:33:46,12.861035,-60.685108,0.5,11.72,66.4,9,1.6,72.2,3.960,-4.4,0,1,46890
2026-04-24T01:34:15,12.861477,-60.683720,6.0,11.31,68.3,9,1.1,72.4,3.961,-4.4,0,1,46891
2026-04-24T01:34:44,12.861934,-60.682354,9.9,11.00,70.6,9,1.6,72.1,3.960,-4.4,0,1,46892
2026-04-24T01:35:13,12.862423,-60.680965,12.2,10.90,68.2,10,1.1,72.1,3.961,-4.4,0,1,46893
2026-04-24T01:35:42,12.862879,-60.679558,18.1,10.21,66.6,10,1.1,72.2,3.957,-4.4,0,1,46894
2026-04-24T01:36:11,12.863338,-60.678188,16.4,10.15,67.3,10,1.1,72.4,3.960,-4.4,0,1,46895
2026-04-24T01:36:40,12.863934,-60.676807,14.9,11.28,70.6,9,1.6,72.1,3.960,-4.4,0,1,46896
2026-04-24T01:37:09,12.864495,-60.675449,13.5,11.09,72.5,10,1.1,72.2,3.960,-4.4,0,1,46897
2026-04-24T01:37:38,12.865020,-60.674015,16.4,9.82,69.4,9,1.5,72.4,3.960,-4.4,0,1,46898
2026-04-24T01:38:07,12.865602,-60.672607,18.1,11.63,63.2,9,1.5,71.9,3.959,-4.4,0,1,46899
2026-04-24T01:38:36,12.866096,-60.671246,19.8,11.38,68.5,8,1.6,71.9,3.960,-4.4,0,1,46900
2026-04-24T01:39:05,12.866650,-60.669868,24.8,10.05,75.2,8,1.6,72.2,3.957,-4.4,0,1,46901
2026-04-24T01:39:34,12.867185,-60.668488,20.2,10.91,72.2,8,1.6,72.1,3.956,-4.4,0,1,46902
2026-04-24T01:40:03,12.867726,-60.667091,17.8,9.90,65.2,9,1.1,71.9,3.957,-4.4,0,1,46903
2026-04-24T01:40:32,12.868210,-60.665722,17.4,10.80,71.3,9,1.1,71.8,3.959,-4.4,0,1,46904
2026-04-24T01:41:01,12.868710,-60.664352,18.3,9.77,75.5,8,1.6,72.1,3.957,-4.4,0,1,46905
2026-04-24T01:41:30,12.869308,-60.662994,18.8,10.26,65.5,8,1.6,71.8,3.960,-4.4,0,1,46906
2026-04-24T01:41:59,12.869819,-60.661621,19.7,10.32,69.2,8,1.6,72.1,3.956,-4.4,0,1,46907
2026-04-24T01:42:28,12.870323,-60.660244,16.8,11.24,65.9,8,1.6,71.8,3.957,-4.4,0,1,46908
2026-04-24T01:42:57,12.870831,-60.658878,17.4,10.93,63.8,8,1.5,72.2,3.959,-4.4,0,1,46909
2026-04-24T01:43:26,12.871314,-60.657524,19.8,10.37,68.7,9,1.4,71.9,3.959,-4.4,0,1,46910
2026-04-24T01:43:55,12.871773,-60.656155,25.0,9.91,69.5,10,1.3,71.9,3.954,-4.4,0,1,46911
2026-04-24T01:44:24,12.872267,-60.654816,25.2,10.26,68.7,10,1.4,72.1,3.957,-4.4,0,1,46912
2026-04-24T01:44:53,12.872744,-60.653473,22.7,10.10,75.1,10,1.3,72.1,3.956,-4.4,0,1,46913
2026-04-24T01:45:22,12.873280,-60.652115,18.7,11.68,58.4,10,1.3,71.9,3.957,-4.4,0,1,46914
2026-04-24T01:45:51,12.873821,-60.650784,15.6,10.02,59.5,10,1.3,72.1,3.956,-4.4,0,1,46915
2026-04-24T01:46:20,12.874340,-60.649460,14.5,10.11,62.9,9,1.4,71.8,3.960,-4.4,0,1,46916
2026-04-24T01:46:49,12.874808,-60.648102,17.2,10.94,79.1,10,1.3,71.6,3.954,-4.4,0,1,46917
2026-04-24T01:47:18,12.875333,-60.646759,20.9,9.93,67.9,10,1.3,71.9,3.956,-4.4,0,1,46918
2026-04-24T01:47:47,12.875861,-60.645435,18.0,10.07,71.9,10,1.3,71.9,3.957,-4.4,0,1,46919
2026-04-24T01:48:16,12.876412,-60.644089,15.7,11.28,59.5,10,1.3,71.6,3.956,-4.4,0,1,46920
2026-04-24T01:48:45,12.876889,-60.642776,11.8,10.35,68.8,9,1.9,71.8,3.955,-4.4,0,1,46921
2026-04-24T01:49:14,12.877445,-60.641426,9.1,10.74,64.6,11,1.3,71.8,3.956,-4.4,0,1,46922
2026-04-24T01:49:43,12.877927,-60.640091,8.2,9.66,75.3,11,1.3,71.9,3.954,-4.4,0,1,46923
2026-04-24T01:50:12,12.878400,-60.638744,12.1,10.11,73.1,11,1.3,71.4,3.955,-4.4,0,1,46924
2026-04-24T01:50:41,12.878919,-60.637413,2.5,10.47,70.6,10,1.3,71.6,3.954,-4.4,0,1,46925
2026-04-24T01:51:10,12.879488,-60.636032,13.1,10.37,73.9,11,1.3,71.4,3.954,-4.4,0,1,46926
2026-04-24T01:51:39,12.879982,-60.634747,10.9,9.76,68.1,10,1.4,71.6,3.956,-4.4,0,1,46927
2026-04-24T01:52:08,12.880583,-60.633381,7.7,10.21,68.7,10,1.3,71.4,3.955,-4.4,0,1,46928
2026-04-24T01:52:37,12.881059,-60.632057,6.8,10.67,63.3,11,1.3,71.4,3.956,-4.4,0,1,46929
2026-04-24T01:53:06,12.881561,-60.630726,13.0,9.68,71.5,11,1.3,71.3,3.954,-4.4,0,1,46930
2026-04-24T01:53:35,12.882023,-60.629387,12.6,10.90,76.5,12,0.9,71.4,3.954,-4.4,0,1,46931
2026-04-24T01:54:04,12.882504,-60.628090,14.6,11.10,67.4,11,1.3,71.3,3.955,-4.4,0,1,46932
2026-04-24T01:54:33,12.883008,-60.626785,13.0,10.23,69.0,12,1.1,71.4,3.951,1901.7,0,1,46933
2026-04-24T01:55:02,12.883532,-60.625439,10.7,10.16,71.2,11,1.2,71.4,3.955,-4.4,0,1,46934
2026-04-24T01:55:31,12.883988,-60.624146,10.1,10.20,73.5,11,1.5,71.4,3.957,-4.4,0,1,46935
2026-04-24T01:56:00,12.884562,-60.622822,10.4,11.12,69.2,12,1.1,71.1,3.953,-4.4,0,1,46936
2026-04-24T01:56:29,12.885049,-60.621525,9.4,11.11,59.0,10,1.9,71.6,3.953,-4.4,0,1,46937
2026-04-24T01:56:58,12.885569,-60.620197,13.3,10.73,53.2,12,1.1,71.4,3.955,-4.4,0,1,46938
2026-04-24T01:57:27,12.886017,-60.618904,16.4,10.51,71.7,9,1.4,71.4,3.954,-4.4,0,1,46939
2026-04-24T01:57:56,12.886541,-60.617580,14.1,11.26,65.7,12,1.1,71.3,3.950,-4.4,0,1,46940
2026-04-24T01:58:25,12.886977,-60.616276,15.8,9.94,75.6,12,1.1,71.3,3.953,-4.4,0,1,46941
2026-04-24T01:58:54,12.887468,-60.614952,18.8,10.62,61.4,11,1.5,71.3,3.954,-4.4,0,1,46942
2026-04-24T01:59:23,12.888012,-60.613613,19.6,10.87,72.8,12,1.1,71.4,3.954,-4.4,0,1,46943
2026-04-24T01:59:52,12.888578,-60.612328,24.8,10.45,69.1,12,1.1,71.1,3.954,-4.4,0,1,46944
2026-04-24T02:00:21,12.889106,-60.610962,16.9,10.23,67.3,11,1.2,71.4,3.953,-4.4,0,1,46945
2026-04-24T02:00:50,12.889610,-60.609657,15.7,9.72,72.2,8,2.2,71.1,3.953,-4.4,0,1,46946
2026-04-24T02:01:19,12.890099,-60.608318,20.7,9.31,67.4,11,1.2,71.3,3.953,-4.4,0,1,46947
2026-04-24T02:01:48,12.890589,-60.607029,17.7,8.36,77.3,11,1.2,70.9,3.951,-4.4,0,1,46948
2026-04-24T02:02:17,12.891062,-60.605774,18.9,8.72,69.9,11,1.2,71.1,3.951,-4.4,0,1,46949
2026-04-24T02:02:46,12.891617,-60.604473,15.9,9.61,55.6,10,1.2,71.4,3.950,-4.4,0,1,46950
2026-04-24T02:03:15,12.892116,-60.603252,8.5,10.00,79.2,10,1.9,71.1,3.953,-4.4,0,1,46951
2026-04-24T02:03:44,12.892582,-60.602093,7.9,8.11,69.7,10,1.9,71.1,3.954,-4.4,0,1,46952
2026-04-24T02:04:13,12.892915,-60.600998,8.7,7.38,83.4,11,1.1,71.1,3.950,1893.0,0,1,46953
2026-04-24T02:04:42,12.893369,-60.599960,9.4,9.30,65.1,11,1.1,71.1,3.951,-4.4,0,1,46954
2026-04-24T02:05:11,12.893767,-60.598949,11.6,7.65,70.0,10,1.9,71.1,3.950,-4.4,0,1,46955
2026-04-24T02:05:40,12.894129,-60.597973,8.7,8.03,67.1,11,1.1,70.9,3.955,-4.4,0,1,46956
2026-04-24T02:06:09,12.894425,-60.597004,8.3,6.69,78.0,10,1.8,70.8,3.951,-4.4,0,1,46957
2026-04-24T02:06:38,12.894827,-60.596008,1.6,8.14,56.0,10,1.1,70.9,3.950,-4.4,0,1,46958
2026-04-24T02:07:07,12.895306,-60.595078,3.9,6.98,74.4,8,2.0,71.1,3.953,-4.4,0,1,46959
2026-04-24T02:07:36,12.895658,-60.594139,9.8,6.63,70.8,10,1.1,70.8,3.949,-4.4,0,1,46960
2026-04-24T02:08:05,12.895982,-60.593224,10.1,6.98,72.3,9,2.0,71.1,3.950,-4.4,0,1,46961
2026-04-24T02:08:34,12.896297,-60.592308,12.3,8.54,52.2,9,2.0,70.8,3.950,-4.4,0,1,46962
2026-04-24T02:09:03,12.896580,-60.591412,19.3,6.75,76.6,9,2.0,70.8,3.955,-4.4,0,1,46963
2026-04-24T02:09:32,12.896926,-60.590546,25.9,7.09,74.3,10,1.8,70.9,3.950,-4.4,0,1,46964
2026-04-24T02:10:01,12.897252,-60.589684,32.3,6.33,81.6,9,1.8,70.9,3.951,-4.4,0,1,46965
2026-04-24T02:10:30,12.897635,-60.588833,33.7,5.78,74.2,10,1.8,70.8,3.951,-4.4,0,1,46966
2026-04-24T02:10:59,12.898048,-60.587982,30.7,6.79,73.6,9,1.8,70.9,3.951,-4.4,0,1,46967
2026-04-24T02:11:28,12.898320,-60.587181,35.2,6.30,79.8,10,1.7,70.9,3.949,-4.4,0,1,46968
2026-04-24T02:11:57,12.898699,-60.586349,33.3,6.17,63.0,10,1.7,70.9,3.949,-4.4,0,1,46969
2026-04-24T02:12:26,12.898976,-60.585560,30.2,5.36,74.3,10,1.7,70.4,3.947,-4.4,0,1,46970
2026-04-24T02:12:55,12.899375,-60.584724,30.2,6.79,62.3,10,1.7,70.8,3.950,-4.4,0,1,46971
2026-04-24T02:13:24,12.899680,-60.583912,27.0,5.34,99.7,10,1.7,70.9,3.949,-4.4,0,1,46972
2026-04-24T02:13:53,12.900012,-60.583084,20.9,6.95,63.1,10,1.7,70.6,3.950,-4.4,0,1,46973
2026-04-24T02:14:22,12.900392,-60.582253,23.5,6.01,57.5,10,1.7,70.8,3.954,-4.4,0,1,46974
2026-04-24T02:14:51,12.900708,-60.581459,20.8,6.06,55.3,9,1.7,70.8,3.949,-4.4,0,1,46975
2026-04-24T02:15:20,12.901008,-60.580620,19.0,6.49,72.3,9,1.7,70.6,3.947,-4.4,0,1,46976
2026-04-24T02:15:49,12.901201,-60.579712,15.6,6.00,67.4,10,1.6,70.8,3.947,-4.4,0,1,46977
2026-04-24T02:16:18,12.901341,-60.578907,17.5,6.30,90.9,10,1.6,70.8,3.950,-4.4,0,1,46978
2026-04-24T02:16:47,12.901605,-60.578060,14.8,5.94,70.0,10,1.6,70.6,3.947,-4.4,0,1,46979
2026-04-24T02:17:16,12.901896,-60.577351,5.9,6.41,69.7,10,1.6,70.3,3.949,-4.4,0,1,46980
2026-04-24T02:17:45,12.901981,-60.576588,9.7,7.21,97.4,9,1.8,70.8,3.949,-4.4,0,1,46981
2026-04-24T02:18:14,12.902287,-60.575752,22.4,4.69,79.8,8,1.9,70.6,3.947,1879.9,0,1,46982
2026-04-24T02:18:43,12.902534,-60.575008,18.3,6.65,68.2,9,1.8,70.4,3.943,-4.4,0,1,46983
2026-04-24T02:19:12,12.902819,-60.574162,-0.2,6.89,62.8,7,2.3,70.4,3.947,-4.4,0,1,46984
2026-04-24T02:19:41,12.903165,-60.573349,3.4,6.86,57.0,9,1.6,70.3,3.945,-4.4,0,1,46985
2026-04-24T02:20:10,12.903635,-60.572525,14.2,7.50,65.7,8,1.8,70.6,3.946,-4.4,0,1,46986
2026-04-24T02:20:39,12.904014,-60.571712,16.9,7.16,63.4,9,1.7,70.3,3.946,-4.4,0,1,46987
2026-04-24T02:21:08,12.904428,-60.570911,20.2,6.74,78.1,9,1.7,70.4,3.947,-4.4,0,1,46988
2026-04-24T02:21:37,12.904794,-60.570034,21.5,6.71,47.3,8,1.7,70.4,3.947,-4.4,0,1,46989
2026-04-24T02:22:06,12.905152,-60.569218,25.8,7.06,70.2,9,1.6,70.3,3.946,-4.4,0,1,46990
2026-04-24T02:22:35,12.905539,-60.568352,21.6,6.13,69.6,8,1.7,70.4,3.946,-4.4,0,1,46991
2026-04-24T02:23:04,12.905932,-60.567528,20.8,6.56,75.3,9,1.6,70.3,3.945,1871.2,0,1,46992
2026-04-24T02:23:33,12.906254,-60.566662,25.6,7.41,70.4,8,1.7,70.3,3.947,-4.4,0,1,46993
2026-04-24T02:24:02,12.906563,-60.565819,16.8,7.21,62.0,8,1.7,70.6,3.944,-4.4,0,1,46994
2026-04-24T02:24:31,12.906960,-60.564980,23.2,7.46,71.5,9,1.6,70.1,3.947,-4.4,0,1,46995
2026-04-24T02:25:00,12.907283,-60.564140,25.2,6.70,74.5,9,1.6,70.1,3.946,-4.4,0,1,46996
2026-04-24T02:25:29,12.907645,-60.563301,12.8,5.53,66.7,9,1.5,70.1,3.943,-4.4,0,1,46997
2026-04-24T02:25:58,12.907933,-60.562424,20.7,7.69,68.0,9,1.5,70.3,3.943,-4.4,0,1,46998
2026-04-24T02:26:27,12.908127,-60.561569,28.3,5.02,88.9,9,1.5,70.3,3.944,-4.4,0,1,46999
2026-04-24T02:26:56,12.908452,-60.560703,33.7,6.53,70.6,10,1.5,70.1,3.944,-4.4,0,1,47000
2026-04-24T02:27:25,12.908698,-60.559845,24.4,5.62,75.5,8,1.9,70.1,3.945,-4.4,0,1,47001
2026-04-24T02:27:54,12.909085,-60.558929,23.3,6.68,66.2,8,1.9,70.3,3.943,-4.4,0,1,47002
2026-04-24T02:28:23,12.909437,-60.558105,24.5,6.10,62.4,9,1.7,70.1,3.941,-4.4,0,1,47003
2026-04-24T02:28:52,12.909616,-60.557255,26.4,5.75,77.0,9,1.7,69.8,3.943,-4.4,0,1,47004
2026-04-24T02:29:21,12.910072,-60.556328,28.5,7.48,63.4,9,1.5,69.8,3.944,-4.4,0,1,47005
2026-04-24T02:29:50,12.910352,-60.555481,29.2,5.42,94.9,8,1.9,70.1,3.944,-4.4,0,1,47006
2026-04-24T02:30:19,12.910762,-60.554543,27.1,8.34,60.0,8,1.9,70.3,3.943,-4.4,0,1,47007
2026-04-24T02:30:48,12.911043,-60.553650,32.2,6.95,81.1,8,1.9,70.0,3.944,-4.4,0,1,47008
2026-04-24T02:31:17,12.911368,-60.552773,26.7,6.85,74.9,7,2.0,70.0,3.944,-4.4,0,1,47009
2026-04-24T02:31:46,12.911721,-60.551846,23.3,7.26,65.1,8,1.8,70.1,3.944,-4.4,0,1,47010
2026-04-24T02:32:15,12.912046,-60.550964,22.0,5.93,76.0,8,1.8,70.0,3.943,-4.4,0,1,47011
2026-04-24T02:32:44,12.912466,-60.550087,32.8,7.69,64.5,7,2.0,70.0,3.945,-4.4,0,1,47012
2026-04-24T02:33:13,12.912828,-60.549202,29.3,7.72,65.4,8,1.8,70.1,3.943,1866.8,0,1,47013
2026-04-24T02:33:42,12.913197,-60.548286,29.3,7.23,69.4,8,1.8,70.0,3.941,-4.4,0,1,47014
2026-04-24T02:34:11,12.913524,-60.547394,29.7,7.17,78.6,8,1.8,69.8,3.944,-4.4,0,1,47015
2026-04-24T02:34:40,12.913831,-60.546478,29.2,7.20,80.7,8,1.8,69.6,3.943,-4.4,0,1,47016
2026-04-24T02:35:09,12.914193,-60.545605,19.4,6.19,67.7,7,2.0,69.8,3.939,-4.4,0,1,47017
2026-04-24T02:35:38,12.914525,-60.544651,18.5,7.50,68.1,8,1.8,70.1,3.941,-4.4,0,1,47018
2026-04-24T02:36:07,12.914780,-60.543770,17.2,6.43,77.9,7,2.0,70.0,3.941,-4.4,0,1,47019
2026-04-24T02:36:36,12.915161,-60.542862,14.2,6.89,63.8,8,1.8,69.8,3.941,-4.4,0,1,47020
2026-04-24T02:37:05,12.915449,-60.541946,10.6,7.21,74.2,7,2.0,69.8,3.943,-4.4,0,1,47021
2026-04-24T02:37:34,12.915760,-60.541080,3.1,7.01,67.7,7,2.0,69.8,3.941,-4.4,0,1,47022
2026-04-24T02:38:03,12.916070,-60.540218,1.1,6.50,72.5,9,1.5,70.0,3.939,-4.4,0,1,47023
2026-04-24T02:38:32,12.916353,-60.539303,-6.6,6.92,69.4,8,1.5,69.8,3.940,-4.4,0,1,47024
2026-04-24T02:39:01,12.916665,-60.538437,-13.7,7.37,72.0,8,1.5,70.0,3.941,-4.4,0,1,47025
2026-04-24T02:39:30,12.917016,-60.537529,-12.0,6.93,70.3,9,1.3,69.8,3.936,-4.4,0,1,47026
2026-04-24T02:39:59,12.917358,-60.536667,-4.5,6.49,83.8,8,1.5,69.6,3.940,-4.4,0,1,47027
2026-04-24T02:40:28,12.917812,-60.535744,-2.0,6.82,72.5,8,1.5,69.6,3.941,-4.4,0,1,47028
2026-04-24T02:40:57,12.918231,-60.534882,1.7,7.50,70.8,9,1.7,70.0,3.940,-4.4,0,1,47029
2026-04-24T02:41:26,12.918690,-60.534023,-8.7,6.64,67.7,9,1.5,69.6,3.940,-4.4,0,1,47030
2026-04-24T02:41:55,12.919068,-60.533073,-6.1,7.21,68.7,8,1.5,69.5,3.943,-4.4,0,1,47031
2026-04-24T02:42:24,12.919423,-60.532173,-8.9,8.01,53.6,9,1.5,69.5,3.939,-4.4,0,1,47032
2026-04-24T02:42:53,12.919702,-60.531250,-9.3,6.89,81.2,9,1.5,70.0,3.939,-4.4,0,1,47033
2026-04-24T02:43:22,12.920065,-60.530304,-14.0,7.65,62.9,8,1.5,69.6,3.940,-4.4,0,1,47034
2026-04-24T02:43:51,12.920424,-60.529419,-9.8,7.99,83.5,9,1.6,69.5,3.940,-4.4,0,1,47035
2026-04-24T02:44:20,12.920798,-60.528481,-4.4,6.10,74.3,8,1.5,69.5,3.940,-4.4,0,1,47036
2026-04-24T02:44:49,12.921114,-60.527534,-8.8,6.48,72.0,9,1.4,69.5,3.938,-4.4,0,1,47037
2026-04-24T02:45:18,12.921487,-60.526638,-5.3,6.88,65.5,9,1.4,69.5,3.943,-4.4,0,1,47038
2026-04-24T02:45:47,12.921844,-60.525734,-9.2,6.79,77.8,8,1.4,69.5,3.940,-4.4,0,1,47039
2026-04-24T02:46:16,12.922201,-60.524807,-5.8,6.82,74.9,9,1.4,69.3,3.938,-4.4,0,1,47040
2026-04-24T02:46:45,12.922477,-60.523930,-0.3,6.60,77.3,9,1.4,69.5,3.940,-4.4,0,1,47041
2026-04-24T02:47:14,12.922828,-60.523060,-4.5,7.08,72.0,9,1.4,69.5,3.939,-4.4,0,1,47042
2026-04-24T02:47:43,12.923223,-60.522175,-11.5,7.88,67.6,9,1.4,69.3,3.941,-4.4,0,1,47043
2026-04-24T02:48:12,12.923532,-60.521240,-13.5,6.53,73.4,9,1.4,69.5,3.939,-4.4,0,1,47044
2026-04-24T02:48:41,12.923848,-60.520359,-14.5,6.80,78.3,9,1.4,69.1,3.938,-4.4,0,1,47045
2026-04-24T02:49:10,12.924270,-60.519493,-8.6,6.53,65.2,8,1.4,69.1,3.938,-4.4,0,1,47046
2026-04-24T02:49:39,12.924664,-60.518566,-6.3,8.01,55.4,9,1.4,69.1,3.938,-4.4,0,1,47047
2026-04-24T02:50:08,12.924945,-60.517727,-1.5,7.08,70.3,9,1.4,69.5,3.936,-4.4,0,1,47048
2026-04-24T02:50:37,12.925266,-60.516762,-7.5,7.62,89.2,8,1.8,69.3,3.938,-4.4,0,1,47049
2026-04-24T02:51:06,12.925560,-60.515896,-11.2,6.83,81.2,9,1.4,69.3,3.938,-4.4,0,1,47050
2026-04-24T02:51:35,12.925940,-60.515022,-1.9,6.78,69.4,9,1.4,69.1,3.936,-4.4,0,1,47051
2026-04-24T02:52:04,12.926193,-60.514069,-10.7,6.22,73.5,9,1.4,69.3,3.938,-4.4,0,1,47052
2026-04-24T02:52:33,12.926403,-60.513126,-7.2,6.67,68.6,9,1.3,69.5,3.938,-4.4,0,1,47053
2026-04-24T02:53:02,12.926644,-60.512276,2.1,7.15,69.0,9,1.3,69.3,3.938,-4.4,0,1,47054
2026-04-24T02:53:31,12.926942,-60.511360,5.2,6.73,67.2,8,1.4,69.3,3.936,-4.4,0,1,47055
2026-04-24T02:54:00,12.927299,-60.510483,3.0,6.13,71.3,8,1.3,69.0,3.936,-4.4,0,1,47056
2026-04-24T02:54:29,12.927608,-60.509556,8.3,4.70,78.8,8,1.7,69.0,3.940,-4.4,0,1,47057
2026-04-24T02:54:58,12.928045,-60.508621,-0.2,7.02,58.6,9,1.3,69.1,3.935,-4.4,0,1,47058
2026-04-24T02:55:27,12.928452,-60.507771,4.3,7.02,70.0,9,1.3,68.8,3.936,-4.4,0,1,47059
2026-04-24T02:55:56,12.928823,-60.506886,4.6,7.59,62.7,9,1.3,69.0,3.938,-4.4,0,1,47060
2026-04-24T02:56:25,12.929152,-60.505985,5.0,6.92,55.9,9,1.3,69.3,3.940,-4.4,0,1,47061
2026-04-24T02:56:54,12.929495,-60.505165,13.6,6.36,75.7,9,1.3,69.1,3.936,-4.4,0,1,47062
2026-04-24T02:57:23,12.929828,-60.504242,12.5,7.28,64.4,8,1.7,69.0,3.939,-4.4,0,1,47063
2026-04-24T02:57:52,12.930222,-60.503323,11.9,8.11,54.6,8,1.7,69.0,3.936,-4.4,0,1,47064
2026-04-24T02:58:21,12.930558,-60.502483,9.3,5.89,106.4,8,1.7,68.5,3.936,-4.4,0,1,47065
2026-04-24T02:58:50,12.930837,-60.501579,12.5,6.70,80.1,9,1.3,69.1,3.935,-4.4,0,1,47066
2026-04-24T02:59:19,12.931188,-60.500671,15.8,7.47,63.7,9,1.3,69.0,3.936,-4.4,0,1,47067
2026-04-24T02:59:48,12.931570,-60.499783,13.1,7.38,75.4,8,1.6,68.6,3.934,-4.4,0,1,47068
2026-04-24T03:00:17,12.931917,-60.498875,15.5,6.84,61.1,9,1.3,69.3,3.935,-4.4,0,1,47069
2026-04-24T03:00:46,12.932320,-60.498016,18.7,8.18,48.1,8,2.7,68.6,3.935,-4.4,0,1,47070
2026-04-24T03:01:15,12.932678,-60.497074,19.5,6.21,78.9,8,1.6,68.8,3.936,-4.4,0,1,47071
2026-04-24T03:01:44,12.933011,-60.496204,14.7,6.90,58.7,8,1.6,68.6,3.934,-4.4,0,1,47072
2026-04-24T03:02:13,12.933308,-60.495316,17.6,6.37,70.9,8,1.6,69.0,3.932,-4.4,0,1,47073
2026-04-24T03:02:42,12.933632,-60.494408,15.2,8.37,69.8,8,1.6,68.5,3.932,-4.4,0,1,47074
2026-04-24T03:03:11,12.934028,-60.493561,19.0,5.70,65.4,8,1.6,69.0,3.932,-4.4,0,1,47075
2026-04-24T03:03:40,12.934350,-60.492661,16.3,7.00,68.0,7,2.8,68.8,3.934,-4.4,0,1,47076
2026-04-24T03:04:09,12.934688,-60.491764,14.9,6.59,65.9,6,2.9,69.0,3.936,-4.4,0,1,47077
2026-04-24T03:04:38,12.935019,-60.490860,13.7,7.05,74.1,6,2.9,68.8,3.932,-4.4,0,1,47078
2026-04-24T03:05:07,12.935400,-60.489941,11.7,7.04,67.6,8,1.3,68.6,3.932,-4.4,0,1,47079
2026-04-24T03:05:36,12.935750,-60.489048,8.3,6.14,63.9,7,1.6,68.5,3.932,-4.4,0,1,47080
2026-04-24T03:06:05,12.936064,-60.488129,2.8,6.56,67.8,7,1.6,68.6,3.932,-4.4,0,1,47081
2026-04-24T03:06:34,12.936374,-60.487202,8.5,7.85,68.6,7,1.6,68.6,3.934,-4.4,0,1,47082
2026-04-24T03:07:03,12.936730,-60.486286,8.4,7.71,69.3,8,1.3,68.6,3.932,-4.4,0,1,47083
2026-04-24T03:07:32,12.937065,-60.485401,18.2,7.17,65.8,8,1.3,68.8,3.932,-4.4,0,1,47084
2026-04-24T03:08:01,12.937428,-60.484486,22.8,6.31,80.7,8,1.3,68.6,3.938,-4.4,0,1,47085
2026-04-24T03:08:30,12.937821,-60.483540,13.3,6.77,70.8,8,1.3,68.6,3.934,-4.4,0,1,47086
2026-04-24T03:08:59,12.938200,-60.482632,15.5,7.39,70.4,8,1.3,68.5,3.931,-4.4,0,1,47087
2026-04-24T03:09:28,12.938560,-60.481720,16.0,7.64,68.3,8,1.3,68.6,3.934,-4.4,0,1,47088
2026-04-24T03:09:57,12.938850,-60.480812,11.9,6.59,84.8,7,1.6,68.2,3.932,-4.0,0,1,47089
2026-04-24T03:10:26,12.939227,-60.479866,12.3,8.11,59.5,7,1.6,68.3,3.931,-4.4,0,1,47090
2026-04-24T03:10:55,12.939555,-60.478962,17.9,7.41,73.4,9,1.2,68.3,3.930,-4.4,0,1,47091
2026-04-24T03:11:24,12.939955,-60.478016,15.4,7.33,60.5,8,1.3,68.3,3.932,-4.4,0,1,47092
2026-04-24T03:11:53,12.940277,-60.477158,12.7,7.20,58.9,7,1.6,68.5,3.931,-4.4,0,1,47093
2026-04-24T03:12:22,12.940643,-60.476212,16.3,7.27,70.0,7,1.6,68.3,3.931,-4.4,0,1,47094
2026-04-24T03:12:51,12.940989,-60.475304,22.3,7.02,75.6,8,1.3,68.3,3.931,-4.4,0,1,47095
2026-04-24T03:13:20,12.941297,-60.474392,15.0,6.70,71.3,7,1.7,68.5,3.931,-4.4,0,1,47096
2026-04-24T03:13:49,12.941602,-60.473454,13.6,6.70,87.0,9,1.1,68.2,3.930,-4.0,0,1,47097
2026-04-24T03:14:18,12.942012,-60.472565,13.5,6.77,67.4,9,1.1,68.5,3.931,-4.4,0,1,47098
2026-04-24T03:14:47,12.942360,-60.471642,18.3,5.74,78.3,7,1.7,68.0,3.931,-3.7,0,1,47099
2026-04-24T03:15:16,12.942716,-60.470718,8.8,7.19,77.9,8,1.3,68.3,3.930,-4.4,0,1,47100
2026-04-24T03:15:45,12.943050,-60.469810,11.5,6.58,70.1,8,1.3,68.2,3.930,-4.0,0,1,47101
2026-04-24T03:16:14,12.943394,-60.468876,11.1,7.32,66.3,8,1.3,68.3,3.929,-4.4,0,1,47102
2026-04-24T03:16:43,12.943755,-60.467968,-2.2,7.70,56.1,8,1.3,68.3,3.930,-4.4,0,1,47103
2026-04-24T03:17:12,12.944052,-60.467083,-6.7,5.58,74.0,8,1.3,68.5,3.929,-4.4,0,1,47104
2026-04-24T03:17:41,12.944413,-60.466156,-3.3,6.83,58.0,7,1.7,68.2,3.931,-4.0,0,1,47105
2026-04-24T03:18:10,12.944714,-60.465221,-2.3,7.15,73.5,7,1.7,68.2,3.930,-4.0,0,1,47106
2026-04-24T03:18:39,12.945100,-60.464314,-2.1,6.14,73.6,8,1.3,68.2,3.929,-4.0,0,1,47107
2026-04-24T03:19:08,12.945446,-60.463398,-11.7,7.35,58.0,8,1.3,68.3,3.929,-4.4,0,1,47108
2026-04-24T03:19:37,12.945813,-60.462463,-9.1,7.61,69.5,7,1.7,68.2,3.929,-4.0,0,1,47109
2026-04-24T03:20:06,12.946156,-60.461548,-12.5,7.28,70.7,8,1.3,68.2,3.930,-4.0,0,1,47110
2026-04-24T03:20:35,12.946527,-60.460621,-8.5,7.06,68.3,7,1.7,68.2,3.930,-4.0,0,1,47111
2026-04-24T03:21:04,12.946861,-60.459660,-5.1,7.25,81.6,7,1.7,68.2,3.929,-4.0,0,1,47112
2026-04-24T03:21:33,12.947195,-60.458752,-5.4,7.07,67.2,8,1.3,68.2,3.929,-4.0,0,1,47113
2026-04-24T03:22:02,12.947549,-60.457829,-5.2,6.56,73.7,7,1.7,67.7,3.929,-3.7,0,1,47114
2026-04-24T03:22:31,12.947895,-60.456917,-5.2,7.83,82.0,8,1.4,68.2,3.930,-4.0,0,1,47115
2026-04-24T03:23:00,12.948232,-60.455963,-2.8,6.51,67.7,9,1.4,68.2,3.928,-4.0,0,1,47116
2026-04-24T03:23:29,12.948608,-60.455040,-3.6,7.49,68.8,8,1.7,67.9,3.928,-4.0,0,1,47117
2026-04-24T03:23:58,12.949003,-60.454113,-2.1,7.39,63.2,8,1.7,68.0,3.928,-3.7,0,1,47118
2026-04-24T03:24:27,12.949386,-60.453163,-0.5,6.43,72.3,8,1.7,67.9,3.929,-4.0,0,1,47119
2026-04-24T03:24:56,12.949841,-60.452229,4.3,7.47,65.9,8,1.7,67.9,3.929,-4.0,0,1,47120
2026-04-24T03:25:25,12.950147,-60.451283,0.7,7.11,71.1,8,1.7,68.0,3.928,-3.7,0,1,47121
2026-04-24T03:25:54,12.950470,-60.450336,0.8,6.24,70.6,9,1.4,67.9,3.926,-4.0,0,1,47122
2026-04-24T03:26:23,12.950757,-60.449409,3.6,7.41,64.2,8,1.7,67.9,3.926,-4.0,0,1,47123
2026-04-24T03:26:52,12.951068,-60.448441,2.2,6.77,69.5,8,1.7,67.9,3.929,-4.0,0,1,47124
2026-04-24T03:27:21,12.951334,-60.447456,-6.8,6.92,92.4,8,1.7,67.7,3.926,-3.7,0,1,47125
2026-04-24T03:27:50,12.951720,-60.446568,-9.5,7.00,65.8,8,1.7,67.7,3.928,-3.7,0,1,47126
2026-04-24T03:28:19,12.952097,-60.445625,-7.1,8.34,77.7,8,1.7,67.9,3.924,-4.0,0,1,47127
2026-04-24T03:28:48,12.952490,-60.444710,-9.9,7.40,72.3,9,1.2,67.7,3.926,-3.7,0,1,47128
2026-04-24T03:29:17,12.952840,-60.443802,-6.6,7.31,74.1,9,1.2,67.9,3.926,-4.0,0,1,47129
2026-04-24T03:29:46,12.953185,-60.442867,-10.8,7.16,68.6,8,1.6,67.7,3.925,-3.7,0,1,47130
2026-04-24T03:30:15,12.953548,-60.441940,-14.8,6.99,67.2,8,1.6,68.0,3.925,-3.7,0,1,47131
2026-04-24T03:30:44,12.953876,-60.441010,-12.9,6.94,74.9,9,1.2,67.7,3.926,-3.7,0,1,47132
2026-04-24T03:31:13,12.954252,-60.440063,-9.5,7.68,79.8,8,1.6,67.7,3.926,-3.7,0,1,47133
2026-04-24T03:31:42,12.954597,-60.439137,-6.0,7.33,83.1,8,1.6,67.6,3.926,-4.0,0,1,47134
2026-04-24T03:32:11,12.954897,-60.438221,-14.5,5.53,78.5,8,1.6,67.7,3.926,-3.7,0,1,47135
2026-04-24T03:32:40,12.955294,-60.437286,-15.5,7.66,70.1,7,2.0,67.9,3.930,-4.0,0,1,47136
2026-04-24T03:33:09,12.955644,-60.436325,-14.0,8.39,62.3,8,1.6,67.7,3.924,-3.7,0,1,47137
2026-04-24T03:33:38,12.956010,-60.435417,-15.4,6.62,69.4,7,2.0,68.0,3.925,-3.7,0,1,47138
2026-04-24T03:34:07,12.956272,-60.434536,-14.7,7.49,62.2,7,2.1,67.6,3.926,-4.0,0,1,47139
2026-04-24T03:34:36,12.956676,-60.433643,-20.4,6.34,66.1,8,1.6,67.6,3.924,-4.0,0,1,47140
2026-04-24T03:35:05,12.957077,-60.432709,-18.3,6.92,76.2,8,1.6,67.6,3.926,-4.0,0,1,47141
2026-04-24T03:35:34,12.957441,-60.431789,-17.4,6.62,64.8,7,2.1,67.7,3.925,-3.7,0,1,47142
2026-04-24T03:36:03,12.957780,-60.430885,-21.5,6.81,65.2,6,2.1,67.6,3.929,-4.0,0,1,47143
2026-04-24T03:36:32,12.958014,-60.429958,-21.7,6.80,73.2,7,2.1,67.4,3.925,-3.7,0,1,47144
2026-04-24T03:37:01,12.958344,-60.429012,-15.1,7.16,81.0,8,1.7,67.3,3.922,-4.0,0,1,47145
2026-04-24T03:37:30,12.958728,-60.428116,-7.1,6.59,80.8,8,1.8,67.4,3.922,-3.7,0,1,47146
2026-04-24T03:37:59,12.959252,-60.427170,5.9,6.17,61.5,8,1.8,67.7,3.925,-3.7,0,1,47147
2026-04-24T03:38:28,12.959494,-60.426216,0.1,6.86,75.5,8,1.8,67.6,3.924,1799.4,0,1,47148
2026-04-24T03:38:57,12.959857,-60.425301,-2.2,6.55,63.1,8,1.8,67.6,3.922,-4.0,0,1,47149
2026-04-24T03:39:26,12.960225,-60.424389,-3.4,7.76,86.2,8,1.8,67.6,3.922,-4.0,0,1,47150
2026-04-24T03:39:55,12.960617,-60.423454,-2.0,6.73,67.7,8,1.8,67.3,3.924,-4.0,0,1,47151
2026-04-24T03:40:24,12.960900,-60.422516,-0.5,7.66,85.4,8,1.8,67.4,3.921,-3.7,0,1,47152
2026-04-24T03:40:53,12.961303,-60.421570,-3.0,7.43,69.5,9,1.5,67.2,3.922,-3.7,0,1,47153
2026-04-24T03:41:22,12.961759,-60.420620,2.8,7.31,59.6,8,1.8,67.3,3.921,-4.0,0,1,47154
2026-04-24T03:41:51,12.962092,-60.419674,8.5,6.13,68.5,9,1.5,67.4,3.921,-3.7,0,1,47155
2026-04-24T03:42:20,12.962488,-60.418713,6.2,7.57,61.8,9,1.5,67.4,3.922,-3.7,0,1,47156
2026-04-24T03:42:49,12.963017,-60.417721,9.9,7.10,71.3,8,1.8,67.3,3.924,-4.0,0,1,47157
2026-04-24T03:43:18,12.963420,-60.416813,5.6,7.98,66.9,7,2.0,67.3,3.924,-4.0,0,1,47158
2026-04-24T03:43:47,12.963758,-60.415813,8.1,7.46,63.5,8,1.8,67.3,3.921,1791.7,0,1,47159
2026-04-24T03:44:16,12.964042,-60.414867,6.9,4.50,84.9,8,1.8,67.4,3.922,-3.7,0,1,47160
2026-04-24T03:44:45,12.964417,-60.413940,11.7,7.63,78.6,9,1.5,67.3,3.922,1791.7,0,1,47161
2026-04-24T03:45:14,12.964847,-60.412979,21.5,8.47,64.5,8,1.6,67.3,3.922,-4.0,0,1,47162
2026-04-24T03:45:43,12.965339,-60.412064,23.9,7.75,76.1,8,1.6,67.3,3.921,-4.0,0,1,47163
2026-04-24T03:46:12,12.965781,-60.411148,21.4,7.91,80.0,7,2.0,67.3,3.921,-4.0,0,1,47164
2026-04-24T03:46:41,12.966039,-60.410286,15.9,7.07,83.6,7,1.7,67.3,3.924,-4.0,0,1,47165
2026-04-24T03:47:10,12.966454,-60.409325,10.2,6.88,61.8,6,2.1,67.2,3.922,-3.7,0,1,47166
2026-04-24T03:47:39,12.966834,-60.408379,2.9,8.11,87.8,7,1.7,67.0,3.921,1784.0,0,1,47167
2026-04-24T03:48:08,12.967108,-60.407482,1.2,6.55,82.4,7,1.7,67.2,3.920,-3.7,0,1,47168
2026-04-24T03:48:37,12.967509,-60.406555,0.7,7.41,75.0,6,2.0,67.0,3.920,-4.0,0,1,47169
2026-04-24T03:49:06,12.967955,-60.405586,2.8,6.47,69.0,6,2.0,67.0,3.921,-4.0,0,1,47170
2026-04-24T03:49:35,12.968265,-60.404678,5.9,7.06,71.7,6,2.0,67.3,3.919,-4.0,0,1,47171
2026-04-24T03:50:04,12.968605,-60.403725,6.4,8.10,71.3,7,1.7,67.3,3.922,-4.0,0,1,47172
2026-04-24T03:50:33,12.968942,-60.402790,2.5,9.60,68.5,6,2.0,67.2,3.919,-3.7,0,1,47173
2026-04-24T03:51:02,12.969275,-60.401890,5.0,6.69,76.4,7,1.6,67.0,3.920,-4.0,0,1,47174
2026-04-24T03:51:31,12.969639,-60.400894,8.8,8.08,70.1,6,2.0,67.4,3.920,-3.7,0,1,47175
2026-04-24T03:52:00,12.970043,-60.400013,11.7,7.04,58.3,6,2.0,73.4,3.973,-4.4,0,1,47176
2026-04-24T03:52:29,12.970188,-60.399124,10.5,7.27,74.6,6,2.0,73.9,3.975,-4.4,0,1,47177
2026-04-24T03:52:58,12.970523,-60.398136,2.9,7.50,75.9,6,2.0,74.4,3.977,-4.4,0,1,47178
2026-04-24T03:53:27,12.970940,-60.397198,0.1,7.16,69.0,6,2.0,74.2,3.980,-4.4,0,1,47179
2026-04-24T03:53:56,12.971251,-60.396263,-4.0,8.30,62.9,6,2.0,74.4,3.979,-4.4,0,1,47180
2026-04-24T03:54:25,12.971666,-60.395302,-2.3,6.55,69.1,5,2.1,74.5,3.980,-4.4,0,1,47181
2026-04-24T03:54:54,12.972007,-60.394329,-5.2,7.42,72.0,7,1.9,74.5,3.981,-4.4,0,1,47182
2026-04-24T03:55:23,12.972394,-60.393414,-13.9,7.53,73.2,7,1.9,75.2,3.981,-4.4,0,1,47183
2026-04-24T03:55:52,12.972740,-60.392479,-25.0,7.37,71.6,8,1.7,74.9,3.981,-4.4,0,1,47184
2026-04-24T03:56:21,12.973089,-60.391514,-28.0,8.05,62.2,8,1.7,74.9,3.984,-4.4,0,1,47185
2026-04-24T03:56:50,12.973528,-60.390591,-28.5,7.22,66.2,8,1.7,75.0,3.986,-4.4,0,1,47186
2026-04-24T03:57:19,12.973816,-60.389664,-31.0,7.56,77.0,8,1.7,75.2,3.985,-4.4,0,1,47187
2026-04-24T03:57:48,12.974208,-60.388721,-32.1,8.56,71.8,8,1.7,75.2,3.985,-4.4,0,1,47188
2026-04-24T03:58:17,12.974539,-60.387775,-26.4,7.39,76.9,8,1.7,75.5,3.987,-4.4,0,1,47189
2026-04-24T03:58:46,12.974898,-60.386856,-24.9,8.24,71.8,8,1.7,75.7,3.989,-4.4,0,1,47190
2026-04-24T03:59:15,12.975273,-60.385921,-24.1,8.50,81.9,8,1.7,75.5,3.986,-4.4,0,1,47191
2026-04-24T03:59:44,12.975618,-60.384914,-27.2,7.60,68.3,8,1.7,76.0,3.990,-4.4,0,1,47192
2026-04-24T04:00:13,12.975998,-60.384007,-22.3,6.91,72.9,9,1.5,76.3,3.990,-4.4,0,1,47193
2026-04-24T04:00:42,12.976320,-60.383022,-22.1,6.86,70.9,9,1.5,75.9,3.991,-4.4,0,1,47194
2026-04-24T04:01:11,12.976673,-60.382092,-24.8,7.25,70.0,9,1.5,76.0,3.991,-4.4,0,1,47195
2026-04-24T04:01:40,12.977066,-60.381176,-23.4,7.48,75.4,9,1.5,76.0,3.990,-4.4,0,1,47196
2026-04-24T04:02:09,12.977431,-60.380203,-19.3,7.75,68.3,9,1.5,76.2,3.993,-4.4,0,1,47197
2026-04-24T04:02:38,12.977730,-60.379211,-29.5,7.73,67.7,9,1.5,76.3,3.995,-4.4,0,1,47198
2026-04-24T04:03:07,12.978122,-60.378296,-25.1,6.63,69.3,9,1.3,76.0,3.994,-4.4,0,1,47199
2026-04-24T04:03:36,12.978551,-60.377331,-20.1,7.77,69.4,9,1.5,76.7,3.996,-4.2,0,1,47200
2026-04-24T04:04:05,12.978914,-60.376469,-6.8,7.01,69.6,9,1.5,76.3,3.995,-4.4,0,1,47201
2026-04-24T04:04:34,12.979293,-60.375584,0.1,7.37,77.4,9,1.5,76.7,3.996,-4.2,0,1,47202
2026-04-24T04:05:03,12.979674,-60.374622,5.6,7.19,85.0,9,1.5,76.8,3.996,-4.4,0,1,47203
2026-04-24T04:05:32,12.980126,-60.373722,5.2,6.94,72.6,9,1.3,76.7,3.999,-4.2,0,1,47204
2026-04-24T04:06:01,12.980505,-60.372738,10.2,6.53,71.4,9,1.5,77.0,3.999,-4.4,0,1,47205
2026-04-24T04:06:30,12.980873,-60.371822,7.5,7.49,66.2,9,1.5,77.0,4.001,-4.4,0,1,47206
2026-04-24T04:06:59,12.981238,-60.370892,-6.7,7.60,67.2,9,1.5,77.2,4.000,-4.4,0,1,47207
2026-04-24T04:07:28,12.981584,-60.369823,-4.3,7.79,76.7,9,1.5,77.0,4.001,-4.4,0,1,47208
2026-04-24T04:07:57,12.981965,-60.368908,-1.7,8.29,69.6,10,1.1,77.3,4.001,-4.4,0,1,47209
2026-04-24T04:08:26,12.982286,-60.368000,11.3,6.77,72.5,9,1.5,77.0,4.003,-4.4,0,1,47210
2026-04-24T04:08:55,12.982780,-60.367111,9.4,6.90,71.7,9,1.5,77.5,4.001,-4.4,0,1,47211
2026-04-24T04:09:24,12.983122,-60.366169,3.2,7.16,82.0,9,1.5,77.5,4.003,-4.4,0,1,47212
2026-04-24T04:09:53,12.983540,-60.365204,10.9,7.87,72.2,9,1.5,77.5,4.004,-4.4,0,1,47213
2026-04-24T04:10:22,12.983888,-60.364197,16.3,7.11,63.1,9,1.5,77.6,4.005,-4.4,0,1,47214
2026-04-24T04:10:51,12.984362,-60.363289,22.8,7.95,67.8,9,1.5,77.8,4.005,-4.4,0,1,47215
2026-04-24T04:11:20,12.984667,-60.362324,26.4,8.71,72.0,9,1.5,77.6,4.005,-4.4,0,1,47216
2026-04-24T04:11:49,12.984944,-60.361401,31.8,7.63,70.8,9,1.5,77.8,4.004,2071.7,0,1,47217
2026-04-24T04:12:18,12.985312,-60.360405,25.8,6.50,78.8,10,1.1,77.8,4.006,-4.4,0,1,47218
2026-04-24T04:12:47,12.985735,-60.359455,23.2,7.09,68.4,9,1.5,78.0,4.006,2076.0,0,1,47219
2026-04-24T04:13:16,12.985963,-60.358479,18.2,7.66,83.5,9,1.4,78.3,4.009,-4.4,0,1,47220
2026-04-24T04:13:45,12.986341,-60.357555,14.4,7.77,63.8,9,1.4,78.3,4.010,-4.4,0,1,47221
2026-04-24T04:14:14,12.986775,-60.356609,21.1,7.88,72.0,9,1.4,78.3,4.009,-4.4,0,1,47222
2026-04-24T04:14:43,12.986990,-60.355629,19.3,6.99,81.1,9,1.5,78.1,4.011,2080.2,0,1,47223
2026-04-24T04:15:12,12.987335,-60.354687,20.8,7.19,81.9,9,1.4,78.3,4.010,2084.6,0,1,47224
2026-04-24T04:15:41,12.987814,-60.353729,31.0,7.80,64.4,8,2.2,78.6,4.012,-4.4,0,1,47225
2026-04-24T04:16:10,12.988138,-60.352795,34.1,6.84,70.4,9,1.4,78.6,4.012,-4.4,0,1,47226
2026-04-24T04:16:39,12.988554,-60.351841,32.7,8.16,54.4,9,1.4,78.6,4.012,2093.3,0,1,47227
2026-04-24T04:17:08,12.988786,-60.350815,23.8,6.69,70.8,8,1.5,79.0,4.014,-4.4,0,1,47228
2026-04-24T04:17:37,12.988941,-60.349842,14.0,8.51,80.1,9,1.4,78.8,4.014,-4.4,0,1,47229
2026-04-24T04:18:06,12.989129,-60.348888,8.6,6.27,77.1,9,1.4,79.3,4.015,-4.2,0,1,47230
2026-04-24T04:18:35,12.989464,-60.347923,9.6,7.00,81.4,9,1.4,79.1,4.017,-4.4,0,1,47231
2026-04-24T04:19:04,12.989754,-60.347034,5.7,7.62,72.2,9,1.4,79.0,4.017,-4.4,0,1,47232
2026-04-24T04:19:33,12.990218,-60.346062,4.3,8.47,68.1,9,1.4,79.3,4.016,-4.2,0,1,47233
2026-04-24T04:20:02,12.990494,-60.345119,-2.3,7.76,66.4,9,1.4,79.4,4.017,-4.4,0,1,47234
2026-04-24T04:20:31,12.990810,-60.344158,-6.1,8.14,90.2,9,1.4,79.6,4.017,-4.4,0,1,47235
2026-04-24T04:21:00,12.991241,-60.343285,1.9,7.93,73.2,8,1.5,79.6,4.016,-4.4,0,1,47236
2026-04-24T04:21:29,12.991622,-60.342388,3.9,8.28,63.7,9,1.4,79.6,4.019,-4.4,0,1,47237
2026-04-24T04:21:58,12.992172,-60.341537,-1.9,6.99,80.4,8,2.3,79.8,4.021,-4.4,0,1,47238
2026-04-24T04:22:27,12.992635,-60.340607,2.0,8.89,57.6,9,1.4,79.9,4.020,-4.4,0,1,47239
2026-04-24T04:22:56,12.993011,-60.339710,0.7,6.66,70.6,9,1.4,80.1,4.020,-4.4,0,1,47240
2026-04-24T04:23:25,12.993309,-60.338840,-2.1,7.65,77.9,9,1.4,79.8,4.021,-4.4,0,1,47241
2026-04-24T04:23:54,12.993690,-60.337914,-8.8,6.66,59.0,9,1.4,79.8,4.023,2123.7,0,1,47242
2026-04-24T04:24:23,12.994057,-60.336987,-9.4,6.91,76.3,9,1.4,80.3,4.024,2136.8,0,1,47243
2026-04-24T04:24:52,12.994377,-60.336082,-7.9,7.04,72.8,9,1.4,80.3,4.023,-4.4,0,1,47244
2026-04-24T04:25:21,12.994637,-60.335117,-11.2,9.48,62.2,9,1.4,80.4,4.024,-4.4,0,1,47245
2026-04-24T04:25:50,12.994777,-60.334278,-14.8,7.03,69.3,9,1.4,80.3,4.024,-4.4,0,1,47246
2026-04-24T04:26:19,12.995062,-60.333324,-22.2,6.42,74.6,9,1.4,80.4,4.028,-4.4,0,1,47247
2026-04-24T04:26:48,12.995437,-60.332443,-26.3,7.23,63.9,9,1.4,80.4,4.026,-4.4,0,1,47248
2026-04-24T04:27:17,12.995829,-60.331558,-22.6,9.35,68.2,8,1.4,80.7,4.028,-4.4,0,1,47249
2026-04-24T04:27:46,12.996099,-60.330654,-25.0,6.92,77.0,9,1.4,80.7,4.026,-4.4,0,1,47250
2026-04-24T04:28:15,12.996497,-60.329781,-19.7,7.06,70.3,9,1.4,80.6,4.030,-4.2,0,1,47251
2026-04-24T04:28:44,12.996854,-60.328896,-20.1,6.72,67.3,9,1.4,80.9,4.030,-4.4,0,1,47252
2026-04-24T04:29:13,12.997146,-60.327988,-29.2,6.25,92.0,8,1.4,80.9,4.031,-4.4,0,1,47253
2026-04-24T04:29:42,12.997481,-60.327091,-34.6,6.82,78.9,8,1.4,81.1,4.030,-4.4,0,1,47254
2026-04-24T04:30:11,12.997828,-60.326183,-38.0,7.89,78.8,8,1.4,81.2,4.031,-4.4,0,1,47255
2026-04-24T04:30:40,12.998294,-60.325279,-36.3,8.32,54.0,7,2.5,81.1,4.031,-4.4,0,1,47256
2026-04-24T04:31:09,12.998712,-60.324417,-34.0,7.80,63.4,8,1.4,81.4,4.034,-4.4,0,1,47257
2026-04-24T04:31:38,12.999235,-60.323551,-19.3,6.76,72.5,7,2.5,81.2,4.030,-4.4,0,1,47258
2026-04-24T04:32:07,12.999643,-60.322693,-18.1,7.32,63.2,7,2.5,81.4,4.031,-4.4,0,1,47259
2026-04-24T04:32:36,12.999949,-60.321804,-18.7,7.26,68.0,7,2.5,81.6,4.034,-4.4,0,1,47260
2026-04-24T04:33:05,13.000158,-60.320885,-7.3,6.91,72.5,7,2.5,81.9,4.035,-4.2,0,1,47261
2026-04-24T04:33:34,13.000680,-60.320057,-0.7,6.09,70.4,7,2.5,81.7,4.035,-4.4,0,1,47262
2026-04-24T04:34:03,13.000985,-60.319149,-2.6,7.17,55.5,7,2.5,82.1,4.037,2184.4,0,1,47263
2026-04-24T04:34:32,13.001260,-60.318241,-6.1,7.20,62.0,7,2.5,81.6,4.037,-4.4,0,1,47264
2026-04-24T04:35:01,13.001626,-60.317371,-5.2,7.20,58.2,7,2.5,81.9,4.036,-4.2,0,1,47265
2026-04-24T04:35:30,13.002068,-60.316505,8.4,7.23,65.0,7,2.5,82.1,4.039,-4.4,0,1,47266
2026-04-24T04:35:59,13.002459,-60.315624,9.8,7.27,49.5,7,2.5,82.1,4.040,-4.4,0,1,47267
2026-04-24T04:36:28,13.002862,-60.314808,7.1,8.61,60.4,8,1.4,82.2,4.041,-4.4,0,1,47268
2026-04-24T04:36:57,13.003192,-60.313862,5.9,6.61,63.5,7,2.5,82.4,4.041,-4.4,0,1,47269
2026-04-24T04:37:26,13.003468,-60.312973,2.6,7.04,66.8,8,1.4,82.4,4.040,-4.4,0,1,47270
2026-04-24T04:37:55,13.003798,-60.312057,7.6,6.71,74.8,7,2.5,82.5,4.040,-4.4,0,1,47271
2026-04-24T04:38:24,13.004175,-60.311176,10.4,6.80,67.2,8,1.4,82.5,4.041,-4.4,0,1,47272
2026-04-24T04:38:53,13.004545,-60.310303,12.9,6.83,67.3,8,1.4,82.5,4.041,-4.4,0,1,47273
2026-04-24T04:39:22,13.004845,-60.309326,10.7,6.74,62.7,8,1.4,82.7,4.044,-4.4,0,1,47274
2026-04-24T04:39:51,13.005120,-60.308422,14.8,5.62,60.4,7,2.7,82.9,4.044,-4.4,0,1,47275
2026-04-24T04:40:20,13.005535,-60.307522,14.3,8.28,53.5,8,1.4,82.9,4.044,-4.4,0,1,47276
2026-04-24T04:40:49,13.005761,-60.306549,13.6,7.13,67.3,8,1.4,83.0,4.045,-4.4,0,1,47277
2026-04-24T04:41:18,13.006145,-60.305637,17.7,7.53,67.8,8,1.3,83.0,4.048,-4.4,0,1,47278
2026-04-24T04:41:47,13.006468,-60.304756,19.2,7.13,77.4,8,1.3,83.4,4.046,-4.4,0,1,47279
2026-04-24T04:42:16,13.006677,-60.303814,18.0,6.39,65.3,7,2.6,83.4,4.048,-4.4,0,1,47280
2026-04-24T04:42:45,13.007047,-60.302849,14.0,6.71,76.8,8,1.3,83.2,4.049,-4.2,0,1,47281
2026-04-24T04:43:14,13.007296,-60.301933,3.4,8.17,60.5,8,1.3,83.5,4.049,-4.4,0,1,47282
2026-04-24T04:43:43,13.007565,-60.300953,-10.4,8.12,65.0,8,1.3,83.5,4.049,-4.4,0,1,47283
2026-04-24T04:44:12,13.007843,-60.300018,-9.9,8.06,62.8,8,1.3,83.5,4.051,-4.4,0,1,47284
2026-04-24T04:44:41,13.008164,-60.299099,-19.3,6.80,74.3,8,1.3,83.7,4.050,-4.4,0,1,47285
2026-04-24T04:45:10,13.008625,-60.298195,-19.3,7.29,63.2,6,1.4,83.8,4.050,2232.3,0,1,47286
2026-04-24T04:45:39,13.009220,-60.297371,-32.8,7.62,54.3,6,1.4,83.8,4.050,-4.4,0,1,47287
2026-04-24T04:46:08,13.009706,-60.296494,-37.0,6.82,72.2,6,1.4,84.0,4.054,-4.4,0,1,47288
2026-04-24T04:46:37,13.010065,-60.295570,-30.9,6.61,66.8,6,1.4,84.0,4.052,-4.4,0,1,47289
2026-04-24T04:47:06,13.010374,-60.294624,-28.0,7.57,64.4,6,1.4,84.0,4.054,-4.4,0,1,47290
2026-04-24T04:47:35,13.010857,-60.293739,-17.8,7.93,64.3,5,5.9,84.3,4.054,-3.7,0,1,47291
2026-04-24T04:48:04,13.011106,-60.292801,-20.9,7.29,98.0,5,4.3,84.5,4.055,-3.7,0,1,47292
2026-04-24T04:48:33,13.011463,-60.291924,-22.7,6.94,78.6,6,1.4,84.3,4.055,-3.7,0,1,47293
2026-04-24T04:49:02,13.011832,-60.291008,-15.5,7.28,66.5,6,1.4,84.5,4.057,-3.7,0,1,47294
2026-04-24T04:49:31,13.012203,-60.290119,-11.0,7.15,57.2,5,4.2,84.5,4.057,2249.1,0,1,47295
2026-04-24T04:50:00,13.012582,-60.289196,-8.8,6.83,71.1,6,3.1,84.8,4.057,-3.7,0,1,47296
2026-04-24T04:50:29,13.012997,-60.288307,-14.6,6.06,78.8,6,3.1,84.9,4.057,-4.0,0,1,47297
2026-04-24T04:50:58,13.013395,-60.287399,-24.1,7.21,68.7,7,1.3,84.9,4.059,-4.0,0,1,47298
2026-04-24T04:51:27,13.013719,-60.286514,-22.7,6.68,63.5,7,1.3,84.8,4.060,-3.7,0,1,47299
2026-04-24T04:51:56,13.013874,-60.285561,-18.9,6.78,86.1,7,1.3,84.9,4.060,-4.0,0,1,47300
2026-04-24T04:52:25,13.013995,-60.284626,-20.9,6.42,95.0,6,3.4,85.1,4.061,-3.7,0,1,47301
2026-04-24T04:52:54,13.014152,-60.283749,-14.1,6.78,68.7,7,3.5,85.1,4.061,-3.7,0,1,47302
2026-04-24T04:53:23,13.014550,-60.282784,4.0,8.96,74.7,7,2.4,85.1,4.065,-3.7,0,1,47303
2026-04-24T04:53:52,13.014946,-60.281868,-8.3,9.38,70.6,9,1.3,85.1,4.064,-3.7,0,1,47304
2026-04-24T04:54:21,13.015209,-60.280960,-12.5,7.52,64.9,8,2.2,85.3,4.064,-4.0,0,1,47305
2026-04-24T04:54:50,13.015447,-60.280056,-17.6,6.93,69.2,8,2.2,85.3,4.064,-4.0,0,1,47306
2026-04-24T04:55:19,13.015775,-60.279118,-17.4,6.72,71.1,8,2.2,85.5,4.065,-3.7,0,1,47307
2026-04-24T04:55:48,13.016115,-60.278175,-13.2,6.13,82.5,8,2.2,85.6,4.066,-3.7,0,1,47308
2026-04-24T04:56:17,13.016398,-60.277256,-19.3,7.02,82.6,8,2.2,85.6,4.068,-3.7,0,1,47309
2026-04-24T04:56:46,13.016763,-60.276325,-17.7,6.82,69.9,8,2.2,85.8,4.068,2283.4,0,1,47310
2026-04-24T04:57:15,13.017170,-60.275368,-21.4,7.09,69.3,7,2.4,85.6,4.066,-3.7,0,1,47311
2026-04-24T04:57:44,13.017411,-60.274475,-28.7,6.66,73.6,8,2.2,85.9,4.068,-3.7,0,1,47312
2026-04-24T04:58:13,13.017612,-60.273529,-30.8,6.70,78.4,7,2.3,85.8,4.069,-4.0,0,1,47313
2026-04-24T04:58:42,13.018057,-60.272633,-28.5,7.35,61.4,8,2.1,86.1,4.071,-4.0,0,1,47314
2026-04-24T04:59:11,13.018438,-60.271744,-24.6,6.80,66.1,8,2.1,85.9,4.070,-3.7,0,1,47315
2026-04-24T04:59:40,13.018771,-60.270782,-19.2,6.90,68.8,8,2.1,86.1,4.073,-4.0,0,1,47316
2026-04-24T05:00:09,13.019150,-60.269863,-16.3,7.68,64.5,8,2.1,86.5,4.074,-4.0,0,1,47317
2026-04-24T05:00:38,13.019549,-60.268978,-24.3,7.37,62.3,7,2.3,86.3,4.073,-3.7,0,1,47318
2026-04-24T05:01:07,13.019826,-60.268024,-23.8,7.29,71.2,8,2.1,86.3,4.074,-3.7,0,1,47319
2026-04-24T05:01:36,13.020273,-60.267143,-11.3,7.02,64.2,8,2.1,86.5,4.075,-4.0,0,1,47320
2026-04-24T05:02:05,13.020670,-60.266174,-2.2,8.73,70.5,8,2.1,86.3,4.074,-3.7,0,1,47321
2026-04-24T05:02:34,13.021018,-60.265255,-7.7,6.49,86.6,8,2.1,86.5,4.075,-4.0,0,1,47322
2026-04-24T05:03:03,13.021263,-60.264301,0.7,6.30,78.0,8,2.1,86.9,4.075,-4.0,0,1,47323
2026-04-24T05:03:32,13.021745,-60.263443,3.8,6.72,71.2,7,2.3,86.8,4.075,-3.7,0,1,47324
2026-04-24T05:04:01,13.022191,-60.262547,5.2,7.10,79.6,7,2.3,87.1,4.077,-3.7,0,1,47325
2026-04-24T05:04:30,13.022588,-60.261646,6.9,6.20,58.5,7,2.3,86.8,4.080,-3.7,0,1,47326
2026-04-24T05:04:59,13.022960,-60.260723,9.9,8.06,58.8,7,2.3,86.8,4.080,2310.3,0,1,47327
2026-04-24T05:05:28,13.023232,-60.259834,17.6,6.58,71.6,7,2.2,87.2,4.080,-4.0,0,1,47328
2026-04-24T05:05:57,13.023629,-60.258968,17.7,6.67,57.3,7,2.2,87.5,4.080,-3.7,0,1,47329
2026-04-24T05:06:26,13.024010,-60.258087,18.4,7.31,57.0,8,2.0,87.2,4.080,2321.7,0,1,47330
2026-04-24T05:06:55,13.024240,-60.257172,9.3,6.63,72.4,8,2.0,87.5,4.082,-3.7,0,1,47331
2026-04-24T05:07:24,13.024616,-60.256344,7.5,6.98,67.0,8,2.0,87.5,4.082,-3.7,0,1,47332
2026-04-24T05:07:53,13.024893,-60.255482,4.0,6.85,77.1,7,2.2,87.5,4.084,-3.7,0,1,47333
2026-04-24T05:08:22,13.025303,-60.254642,2.6,6.48,68.2,7,2.2,87.6,4.082,-4.0,0,1,47334
2026-04-24T05:08:51,13.025723,-60.253780,10.5,6.17,67.0,7,2.2,87.6,4.082,-4.0,0,1,47335
2026-04-24T05:09:20,13.026016,-60.252911,18.5,5.36,94.3,8,2.0,87.8,4.084,-3.7,0,1,47336
2026-04-24T05:09:49,13.026328,-60.252037,21.9,6.44,64.4,8,2.0,87.8,4.086,-3.7,0,1,47337
2026-04-24T05:10:18,13.026703,-60.251122,16.6,7.38,69.4,8,2.0,87.8,4.086,-3.7,0,1,47338
2026-04-24T05:10:47,13.026921,-60.250267,5.9,6.35,73.6,8,2.0,88.1,4.085,-4.0,0,1,47339
2026-04-24T05:11:16,13.027186,-60.249374,-3.9,6.78,76.4,8,2.0,88.1,4.088,2344.6,0,1,47340
2026-04-24T05:11:45,13.027503,-60.248520,-7.5,7.13,75.2,7,3.2,88.1,4.089,-4.0,0,1,47341
2026-04-24T05:12:14,13.027808,-60.247646,-9.4,6.48,76.4,8,3.1,88.2,4.089,-3.7,0,1,47342
2026-04-24T05:12:43,13.028183,-60.246773,-5.1,6.77,70.0,8,2.0,88.4,4.090,-4.0,0,1,47343
2026-04-24T05:13:12,13.028523,-60.245888,-2.5,7.19,71.0,8,2.0,88.4,4.091,-4.0,0,1,47344
2026-04-24T05:13:41,13.028814,-60.245010,-6.4,6.41,72.4,8,1.9,88.5,4.091,-3.7,0,1,47345
2026-04-24T05:14:10,13.029165,-60.244129,-4.1,6.37,74.5,8,1.9,88.5,4.094,-3.7,0,1,47346
2026-04-24T05:14:39,13.029449,-60.243259,-13.6,6.32,74.6,8,1.9,88.5,4.093,-3.7,0,1,47347
2026-04-24T05:15:08,13.029830,-60.242344,-13.5,7.29,62.8,8,1.9,88.6,4.093,-4.2,0,1,47348
2026-04-24T05:15:37,13.030128,-60.241486,-21.3,6.54,77.1,8,1.9,88.8,4.096,-4.2,0,1,47349
2026-04-24T05:16:06,13.030535,-60.240597,-20.6,6.33,69.5,8,1.9,88.8,4.094,-4.2,0,1,47350
2026-04-24T05:16:35,13.030982,-60.239647,-10.9,7.23,63.6,8,1.9,89.1,4.095,-4.2,0,1,47351
2026-04-24T05:17:04,13.031468,-60.238712,4.2,7.14,76.8,7,2.9,89.1,4.095,-4.2,0,1,47352
2026-04-24T05:17:33,13.031602,-60.237850,-12.5,6.59,74.8,8,1.9,89.0,4.097,-4.4,0,1,47353
2026-04-24T05:18:02,13.032091,-60.236961,-5.9,7.41,63.1,8,1.9,89.3,4.097,-4.2,0,1,47354
2026-04-24T05:18:31,13.032454,-60.236095,-1.0,7.06,65.2,8,1.9,89.3,4.097,-4.2,0,1,47355
2026-04-24T05:19:00,13.032844,-60.235207,9.0,7.38,74.9,8,1.9,89.4,4.097,2381.0,0,1,47356
2026-04-24T05:19:29,13.033122,-60.234386,2.5,7.29,65.0,8,1.9,89.4,4.099,-4.2,0,1,47357
2026-04-24T05:19:58,13.033474,-60.233536,1.0,7.29,74.2,7,2.8,89.3,4.100,-4.2,0,1,47358
2026-04-24T05:20:27,13.033809,-60.232555,2.9,6.30,77.4,8,1.9,89.7,4.100,-4.2,0,1,47359
2026-04-24T05:20:56,13.034239,-60.231705,16.9,6.75,65.8,7,2.8,89.9,4.102,-4.2,0,1,47360
2026-04-24T05:21:25,13.034581,-60.230892,13.7,7.39,68.5,8,1.9,89.9,4.101,-4.2,0,1,47361
2026-04-24T05:21:54,13.034986,-60.230030,25.7,7.95,60.6,7,2.8,90.1,4.104,2397.8,0,1,47362
2026-04-24T05:22:23,13.035182,-60.229134,15.5,7.91,61.2,8,1.8,90.1,4.104,-4.2,0,1,47363
2026-04-24T05:22:52,13.035647,-60.228237,21.1,6.89,81.2,7,2.0,90.1,4.105,-4.2,0,1,47364
2026-04-24T05:23:21,13.035923,-60.227371,13.2,7.35,72.1,7,2.7,90.4,4.105,-4.2,0,1,47365
2026-04-24T05:23:50,13.036250,-60.226498,14.4,6.64,72.8,8,1.8,90.2,4.106,-4.4,0,1,47366
2026-04-24T05:24:19,13.036603,-60.225624,13.5,7.22,64.4,7,2.0,90.4,4.106,-4.2,0,1,47367
2026-04-24T05:24:48,13.036899,-60.224751,22.7,9.38,63.7,6,2.0,90.4,4.108,-4.2,0,1,47368
2026-04-24T05:25:17,13.037323,-60.223816,28.8,8.66,56.0,6,2.9,90.7,4.108,-4.2,0,1,47369
2026-04-24T05:25:46,13.037735,-60.222885,39.1,8.29,65.2,7,2.0,90.9,4.108,-4.4,0,1,47370
2026-04-24T05:26:15,13.038100,-60.222034,53.1,7.16,70.3,6,2.9,90.7,4.109,-4.2,0,1,47371
2026-04-24T05:26:44,13.038429,-60.221176,51.8,5.84,65.3,7,2.0,90.9,4.109,-4.4,0,1,47372
2026-04-24T05:27:13,13.038760,-60.220314,53.0,7.32,66.3,7,1.9,90.9,4.111,-4.4,0,1,47373
2026-04-24T05:27:42,13.039057,-60.219486,49.7,5.78,80.1,7,1.9,91.0,4.113,-4.2,0,1,47374
2026-04-24T05:28:11,13.039384,-60.218559,41.8,7.32,68.2,7,1.9,90.9,4.111,-4.4,0,1,47375
2026-04-24T05:28:40,13.039710,-60.217682,40.8,5.43,72.5,6,2.8,91.2,4.113,-4.2,0,1,47376
2026-04-24T05:29:09,13.040013,-60.216785,39.5,7.21,68.8,6,2.8,91.3,4.113,-4.2,0,1,47377
2026-04-24T05:29:38,13.040286,-60.215923,30.7,7.61,80.0,7,1.9,91.3,4.114,-4.2,0,1,47378
2026-04-24T05:30:07,13.040666,-60.215034,29.9,6.27,76.1,7,1.9,91.3,4.114,-4.2,0,1,47379
2026-04-24T05:30:36,13.041055,-60.214149,28.0,6.53,84.8,7,1.9,91.5,4.116,-4.4,0,1,47380
2026-04-24T05:31:05,13.041355,-60.213306,17.5,5.72,77.4,6,2.8,92.0,4.115,-4.2,0,1,47381
2026-04-24T05:31:34,13.041572,-60.212418,14.0,6.43,83.4,6,2.8,91.6,4.116,-4.2,0,1,47382
2026-04-24T05:32:03,13.041949,-60.211563,13.3,6.14,77.5,6,2.7,91.6,4.119,-4.2,0,1,47383
2026-04-24T05:32:32,13.042336,-60.210693,16.7,6.74,64.2,6,2.7,92.0,4.117,2448.4,0,1,47384
2026-04-24T05:33:01,13.042630,-60.209805,9.2,6.11,73.7,6,2.7,91.8,4.119,-4.2,0,1,47385
2026-04-24T05:33:30,13.042986,-60.208870,12.0,7.35,73.8,5,3.1,92.1,4.120,-4.4,0,1,47386
2026-04-24T05:33:59,13.043402,-60.207973,12.7,7.31,73.4,6,2.7,92.1,4.121,-4.4,0,1,47387
2026-04-24T05:34:28,13.043642,-60.207058,11.0,6.65,73.1,7,2.6,92.1,4.121,-4.4,0,1,47388
2026-04-24T05:34:57,13.043872,-60.206226,-5.0,7.57,64.8,8,1.7,92.3,4.122,-4.2,0,1,47389
2026-04-24T05:35:26,13.044060,-60.205345,-13.5,5.77,83.5,7,2.5,92.3,4.122,2456.9,0,1,47390
2026-04-24T05:35:55,13.044275,-60.204479,-25.9,6.99,85.6,7,2.5,92.4,4.124,-4.2,0,1,47391
2026-04-24T05:36:24,13.044584,-60.203541,-31.2,7.07,71.0,7,2.5,92.6,4.125,-4.2,0,1,47392
2026-04-24T05:36:53,13.044963,-60.202686,-29.9,5.54,64.3,7,2.5,93.1,4.126,-4.2,0,1,47393
2026-04-24T05:37:22,13.045519,-60.201805,-19.3,7.16,67.1,7,2.5,93.2,4.126,-4.2,0,1,47394
2026-04-24T05:37:51,13.045995,-60.200939,-7.8,7.24,68.1,7,2.5,93.1,4.126,-4.2,0,1,47395
2026-04-24T05:38:20,13.046373,-60.200085,-3.0,6.64,76.1,7,2.4,92.9,4.126,-4.2,0,1,47396
2026-04-24T05:38:49,13.046709,-60.199192,1.0,7.27,56.3,8,2.3,93.1,4.129,-4.2,0,1,47397
2026-04-24T05:39:18,13.047088,-60.198303,0.1,6.70,72.1,7,2.4,93.2,4.129,-4.2,0,1,47398
2026-04-24T05:39:47,13.047399,-60.197479,1.4,6.06,68.2,7,2.4,93.2,4.129,-4.2,0,1,47399
2026-04-24T05:40:16,13.047748,-60.196510,5.7,7.09,72.3,7,2.4,93.2,4.130,-4.2,0,1,47400
2026-04-24T05:40:45,13.048024,-60.195763,9.7,7.05,68.8,7,2.3,93.7,4.130,-4.2,0,1,47401
2026-04-24T05:41:14,13.048452,-60.194824,11.0,7.12,55.5,7,2.3,93.4,4.131,-4.4,0,1,47402
2026-04-24T05:41:43,13.048779,-60.193947,4.4,6.33,71.6,8,2.3,93.7,4.130,-4.2,0,1,47403
2026-04-24T05:42:12,13.049207,-60.193069,7.0,7.32,57.5,8,2.2,93.7,4.133,-4.2,0,1,47404
2026-04-24T05:42:41,13.049380,-60.192257,6.5,6.19,60.9,8,2.2,93.9,4.134,-4.2,0,1,47405
2026-04-24T05:43:10,13.049748,-60.191349,1.2,8.17,62.7,8,2.2,93.9,4.135,-4.2,0,1,47406
2026-04-24T05:43:39,13.049895,-60.190464,5.1,6.34,82.4,8,2.2,94.0,4.135,-4.4,0,1,47407
2026-04-24T05:44:08,13.050432,-60.189587,-3.5,8.36,59.0,8,2.2,93.9,4.136,-4.2,0,1,47408
2026-04-24T05:44:37,13.050627,-60.188709,-5.4,6.54,80.1,8,2.2,94.0,4.135,-4.4,0,1,47409
2026-04-24T05:45:06,13.050917,-60.187847,-11.0,6.09,73.2,7,2.2,94.2,4.136,-4.2,0,1,47410
2026-04-24T05:45:35,13.051074,-60.186924,-5.1,5.89,67.9,7,2.2,94.5,4.139,-4.2,0,1,47411
2026-04-24T05:46:04,13.051441,-60.186165,6.8,6.37,68.3,7,2.1,94.3,4.139,-4.2,0,1,47412
2026-04-24T05:46:33,13.051857,-60.185371,11.7,7.15,63.8,7,2.1,94.8,4.139,-4.2,0,1,47413
2026-04-24T05:47:02,13.052125,-60.184479,7.6,7.55,60.1,7,2.1,94.5,4.140,-4.2,0,1,47414
2026-04-24T05:47:31,13.052477,-60.183647,7.9,5.95,69.5,7,2.1,94.7,4.141,-4.4,0,1,47415
2026-04-24T05:48:00,13.052855,-60.182808,13.7,6.76,57.6,7,2.1,94.8,4.141,-4.2,0,1,47416
2026-04-24T05:48:29,13.053228,-60.181995,10.7,6.36,66.6,7,2.1,95.1,4.141,2532.6,0,1,47417
2026-04-24T05:48:58,13.053500,-60.181061,6.5,5.75,64.2,7,2.1,95.0,4.142,-4.2,0,1,47418
2026-04-24T05:49:27,13.053800,-60.180210,4.1,6.43,70.2,7,2.0,95.0,4.142,-4.2,0,1,47419
2026-04-24T05:49:56,13.054078,-60.179474,2.8,7.15,67.2,7,2.0,95.1,4.145,-4.2,0,1,47420
2026-04-24T05:50:25,13.054403,-60.178535,1.0,5.86,72.9,7,2.0,95.3,4.146,-4.4,0,1,47421
2026-04-24T05:50:54,13.054900,-60.177601,2.8,5.95,68.2,7,2.0,95.3,4.146,-4.4,0,1,47422
2026-04-24T05:51:23,13.055288,-60.176811,7.3,7.08,76.5,7,2.0,95.6,4.146,-4.2,0,1,47423
2026-04-24T05:51:52,13.055602,-60.176014,9.6,7.23,77.4,7,2.0,95.6,4.149,-4.2,0,1,47424
2026-04-24T05:52:21,13.056068,-60.175144,17.4,6.68,75.7,7,2.0,95.6,4.149,-4.2,0,1,47425
2026-04-24T05:52:50,13.056519,-60.174252,27.5,6.75,62.4,6,6.6,95.9,4.150,-4.4,0,1,47426
2026-04-24T05:53:19,13.056847,-60.173382,25.6,7.38,67.3,7,2.0,95.9,4.149,-4.4,0,1,47427
2026-04-24T05:53:48,13.057114,-60.172543,26.8,7.41,68.4,7,1.9,95.9,4.150,-4.4,0,1,47428
2026-04-24T05:54:17,13.057460,-60.171673,27.4,7.07,74.6,7,1.9,95.9,4.151,-4.4,0,1,47429
2026-04-24T05:54:46,13.057715,-60.170738,26.9,9.47,73.6,7,1.9,96.2,4.153,-4.2,0,1,47430
2026-04-24T05:55:15,13.058267,-60.169945,28.8,7.76,60.1,7,1.9,96.4,4.151,-4.2,0,1,47431
2026-04-24T05:55:44,13.058448,-60.169006,20.7,7.15,82.3,7,1.9,96.4,4.154,-4.2,0,1,47432
2026-04-24T05:56:13,13.058917,-60.168095,20.0,7.52,64.5,7,1.9,96.7,4.155,-4.2,0,1,47433
2026-04-24T05:56:42,13.059274,-60.167297,27.5,7.14,65.6,7,1.9,96.4,4.155,-4.2,0,1,47434
2026-04-24T05:57:11,13.059652,-60.166431,33.2,5.86,67.0,7,1.9,96.7,4.155,-4.2,0,1,47435
2026-04-24T05:57:40,13.059948,-60.165554,30.1,6.89,74.4,7,1.9,96.7,4.157,-4.2,0,1,47436
2026-04-24T05:58:09,13.060129,-60.164677,26.5,6.34,71.7,7,1.8,96.7,4.157,-4.2,0,1,47437
2026-04-24T05:58:38,13.060388,-60.163891,20.6,4.52,80.9,7,1.8,96.7,4.157,-4.2,0,1,47438
2026-04-24T05:59:07,13.060780,-60.163013,18.6,5.06,73.1,6,2.2,97.0,4.159,-4.2,0,1,47439
2026-04-24T05:59:36,13.061151,-60.162254,17.0,5.19,88.3,7,1.8,96.9,4.160,-4.2,0,1,47440
2026-04-24T06:00:05,13.061440,-60.161201,22.5,6.15,69.1,6,2.1,97.0,4.160,-4.2,0,1,47441
2026-04-24T06:00:34,13.061702,-60.160454,21.4,6.35,77.4,6,2.1,97.3,4.161,-4.2,0,1,47442
2026-04-24T06:01:03,13.062071,-60.159565,31.6,4.77,79.9,6,2.1,97.3,4.162,-4.2,0,1,47443
2026-04-24T06:01:32,13.062418,-60.158894,40.9,7.31,69.9,6,2.1,97.3,4.164,-4.2,0,1,47444
2026-04-24T06:02:01,13.062676,-60.157913,49.7,7.67,60.4,6,2.1,97.5,4.162,-4.2,0,1,47445
2026-04-24T06:02:30,13.063039,-60.157196,49.3,6.40,67.7,6,2.1,97.8,4.162,-4.4,0,1,47446
2026-04-24T06:02:59,13.063287,-60.156296,41.0,7.82,90.9,6,2.0,97.8,4.165,-4.4,0,1,47447
2026-04-24T06:03:28,13.063642,-60.155373,30.1,6.73,70.2,6,2.0,97.8,4.166,-4.4,0,1,47448
2026-04-24T06:03:57,13.064116,-60.154541,20.4,6.37,63.8,6,2.0,98.0,4.166,-4.2,0,1,47449
2026-04-24T06:04:26,13.064306,-60.153557,15.4,5.70,80.4,6,2.0,98.0,4.166,2608.5,0,1,47450
2026-04-24T06:04:55,13.064711,-60.152607,18.5,7.73,71.5,6,2.0,98.0,4.168,-4.2,0,1,47451
2026-04-24T06:05:24,13.065043,-60.151829,20.8,6.36,75.4,6,2.0,98.3,4.168,-4.2,0,1,47452
2026-04-24T06:05:53,13.065412,-60.150936,15.7,7.86,68.2,6,2.0,98.1,4.168,-4.2,0,1,47453
2026-04-24T06:06:22,13.065708,-60.150047,7.5,6.74,67.9,6,2.0,98.4,4.169,-4.4,0,1,47454
2026-04-24T06:06:51,13.066072,-60.149185,-4.2,7.19,53.0,6,1.9,98.6,4.170,-4.2,0,1,47455
2026-04-24T06:07:20,13.066366,-60.148270,-12.8,7.26,59.8,6,1.9,98.6,4.173,-4.2,0,1,47456
2026-04-24T06:07:49,13.066586,-60.147385,-8.7,6.16,82.2,6,1.9,98.8,4.171,-4.2,0,1,47457
2026-04-24T06:08:18,13.067040,-60.146561,-5.3,6.76,64.2,6,1.9,98.9,4.173,-4.2,0,1,47458
2026-04-24T06:08:47,13.067334,-60.145672,1.6,6.06,65.8,6,1.9,98.9,4.174,-4.2,0,1,47459
2026-04-24T06:09:16,13.067725,-60.144863,13.7,6.99,64.8,6,1.9,99.1,4.174,-4.4,0,1,47460
2026-04-24T06:09:45,13.068020,-60.144001,3.4,5.40,75.7,7,1.7,99.2,4.176,-4.2,0,1,47461
2026-04-24T06:10:14,13.068345,-60.143143,3.4,6.82,66.4,7,1.6,99.4,4.175,-4.2,0,1,47462
2026-04-24T06:10:43,13.068700,-60.142254,5.0,6.45,62.6,7,1.6,99.2,4.177,-4.2,0,1,47463
2026-04-24T06:11:12,13.069031,-60.141434,10.1,6.86,52.0,7,1.6,99.4,4.176,-4.2,0,1,47464
2026-04-24T06:11:41,13.069346,-60.140549,5.8,5.64,76.3,7,1.6,99.7,4.179,-4.4,0,1,47465
2026-04-24T06:12:10,13.069548,-60.139725,20.6,6.80,74.9,8,1.5,99.7,4.177,-4.4,0,1,47466
2026-04-24T06:12:39,13.069901,-60.138855,22.6,6.89,72.1,8,1.5,99.9,4.180,-4.2,0,1,47467
2026-04-24T06:13:08,13.070330,-60.137959,21.5,6.60,67.1,8,1.5,100.0,4.180,-4.2,0,1,47468
2026-04-24T06:13:37,13.070753,-60.137089,22.1,8.08,63.4,8,1.5,99.9,4.181,-4.2,0,1,47469
2026-04-24T06:14:06,13.070972,-60.136192,17.5,7.09,68.4,8,1.5,99.9,4.182,-4.2,0,1,47470
2026-04-24T06:14:35,13.071245,-60.135399,14.7,5.97,74.8,7,2.2,100.2,4.184,-4.2,0,1,47471
2026-04-24T06:15:04,13.071474,-60.134434,17.9,6.49,66.7,7,2.2,100.3,4.184,-4.4,0,1,47472
2026-04-24T06:15:33,13.071763,-60.133606,11.5,7.05,66.5,7,2.2,100.2,4.184,-4.2,0,1,47473
2026-04-24T06:16:02,13.072079,-60.132729,12.9,6.31,73.8,7,2.2,100.3,4.186,-4.4,0,1,47474
2026-04-24T06:16:31,13.072368,-60.131847,11.2,7.21,61.8,7,2.2,100.7,4.186,-4.2,0,1,47475
2026-04-24T06:17:00,13.072755,-60.131008,12.0,6.72,69.8,7,2.2,100.5,4.186,-4.2,0,1,47476
2026-04-24T06:17:29,13.073025,-60.130203,7.4,6.05,71.7,8,1.4,100.7,4.187,-4.2,0,1,47477
2026-04-24T06:17:58,13.073253,-60.129242,4.4,6.19,71.1,7,2.2,100.8,4.190,-4.2,0,1,47478
2026-04-24T06:18:27,13.073449,-60.128414,0.8,6.39,70.8,7,2.2,101.0,4.189,-4.4,0,1,47479
2026-04-24T06:18:56,13.073873,-60.127563,2.9,6.75,63.0,8,1.4,100.8,4.189,-4.2,0,1,47480
2026-04-24T06:19:25,13.074206,-60.126675,5.6,6.78,68.7,7,2.3,101.1,4.190,-4.2,0,1,47481
2026-04-24T06:19:54,13.074471,-60.125900,-1.1,6.67,64.7,7,2.3,101.3,4.193,-4.2,0,1,47482
2026-04-24T06:20:23,13.074908,-60.124973,-10.3,7.42,80.3,8,1.9,101.5,4.193,-4.2,0,1,47483
2026-04-24T06:20:52,13.075308,-60.124134,-11.6,5.95,77.6,8,1.9,101.3,4.194,-4.2,0,1,47484
2026-04-24T06:21:21,13.075614,-60.123276,-12.9,7.10,91.1,8,1.9,101.6,4.195,-4.4,0,1,47485
2026-04-24T06:21:50,13.075937,-60.122368,-17.2,6.75,80.7,8,1.9,101.8,4.195,-4.2,0,1,47486
2026-04-24T06:22:19,13.076293,-60.121529,-18.6,7.38,55.0,8,1.9,101.8,4.195,-4.2,0,1,47487
2026-04-24T06:22:48,13.076634,-60.120659,-12.6,6.79,76.4,8,1.9,101.8,4.196,-4.2,0,1,47488
2026-04-24T06:23:17,13.077109,-60.119839,-7.2,7.49,53.4,8,1.9,101.9,4.198,-4.2,0,1,47489
2026-04-24T06:23:46,13.077563,-60.119026,-1.1,7.02,54.1,8,1.9,101.9,4.199,-4.2,0,1,47490
2026-04-24T06:24:15,13.077898,-60.118126,-1.7,7.36,61.3,9,1.4,102.1,4.200,-4.2,0,1,47491
2026-04-24T06:24:44,13.078195,-60.117229,-0.1,6.49,78.1,8,1.9,102.1,4.199,-4.2,0,1,47492
2026-04-24T06:25:13,13.078562,-60.116360,2.2,6.31,78.2,9,1.3,102.2,4.201,-4.4,0,1,47493
2026-04-24T06:25:42,13.078906,-60.115406,-0.7,8.08,62.7,9,1.3,102.6,4.200,-4.2,0,1,47494
2026-04-24T06:26:11,13.079273,-60.114574,4.5,6.91,88.9,9,1.3,102.6,4.202,-4.2,0,1,47495
2026-04-24T06:26:40,13.079686,-60.113716,13.1,6.22,72.0,9,1.3,102.7,4.205,-4.2,0,1,47496
2026-04-24T06:27:09,13.080020,-60.112831,19.3,6.16,83.0,8,1.9,102.9,4.204,-4.4,0,1,47497
2026-04-24T06:27:38,13.080366,-60.111935,20.3,7.20,63.6,8,1.9,103.0,4.206,-4.2,0,1,47498
2026-04-24T06:28:07,13.080571,-60.111015,16.0,6.30,80.9,8,1.9,103.0,4.206,-4.2,0,1,47499
2026-04-24T06:28:36,13.080876,-60.110149,20.7,6.32,75.9,8,1.9,103.4,4.206,-4.2,0,1,47500
2026-04-24T06:29:05,13.081234,-60.109287,17.9,7.07,58.5,9,1.3,103.2,4.207,-4.2,0,1,47501
2026-04-24T06:29:34,13.081538,-60.108402,16.8,6.53,68.7,8,1.9,103.4,4.209,-4.2,0,1,47502
2026-04-24T06:30:03,13.081848,-60.107525,18.9,7.13,68.7,8,1.9,103.4,4.210,-4.2,0,1,47503
2026-04-24T06:30:32,13.082182,-60.106644,19.9,7.34,66.4,8,1.9,103.5,4.211,-4.4,0,1,47504
2026-04-24T06:31:01,13.082508,-60.105747,18.7,6.99,70.9,8,1.9,103.8,4.211,-4.2,0,1,47505
2026-04-24T06:31:30,13.082890,-60.104843,19.2,6.67,64.8,9,1.3,104.0,4.213,-4.2,0,1,47506
2026-04-24T06:31:59,13.083200,-60.103973,18.5,6.97,71.1,9,1.3,103.7,4.213,-4.2,0,1,47507
2026-04-24T06:32:28,13.083453,-60.103115,7.6,6.96,62.7,8,1.8,103.8,4.213,-4.2,0,1,47508
2026-04-24T06:32:57,13.083734,-60.102253,12.9,6.04,70.0,8,1.8,104.1,4.214,-4.4,0,1,47509
2026-04-24T06:33:26,13.084092,-60.101357,4.7,8.13,65.8,8,1.8,103.8,4.214,-4.2,0,1,47510
2026-04-24T06:33:55,13.084353,-60.100498,-3.8,5.75,76.0,8,1.8,104.0,4.214,-4.2,0,1,47511
2026-04-24T06:34:24,13.084700,-60.099583,5.0,6.44,74.6,8,1.8,103.8,4.214,-4.2,0,1,47512
2026-04-24T06:34:53,13.085152,-60.098740,12.8,6.20,55.1,8,1.8,103.7,4.214,-4.2,0,1,47513
2026-04-24T06:35:22,13.085340,-60.097832,6.4,7.18,58.6,7,2.8,103.8,4.214,-4.2,0,1,47514
2026-04-24T06:35:51,13.085702,-60.096954,4.1,6.81,61.1,8,1.8,104.0,4.213,2768.5,0,1,47515
2026-04-24T06:36:20,13.085954,-60.096127,-1.1,6.74,74.1,8,1.8,104.1,4.214,-4.4,0,1,47516
2026-04-24T06:36:49,13.086297,-60.095169,-3.0,6.51,71.9,8,1.8,103.8,4.214,-4.2,0,1,47517
2026-04-24T06:37:18,13.086819,-60.094318,8.4,7.21,69.8,8,1.8,103.8,4.214,-4.2,0,1,47518
2026-04-24T06:37:47,13.086986,-60.093433,-0.5,5.88,70.8,7,2.8,104.3,4.215,-4.2,0,1,47519
2026-04-24T06:38:16,13.087301,-60.092518,-8.6,6.78,64.4,8,1.8,104.3,4.214,-4.2,0,1,47520
2026-04-24T06:38:45,13.087682,-60.091656,-15.8,6.86,74.4,8,1.8,103.8,4.215,-4.2,0,1,47521
2026-04-24T06:39:14,13.087956,-60.090763,-23.2,5.47,70.5,8,1.8,104.3,4.214,-4.2,0,1,47522
2026-04-24T06:39:43,13.088299,-60.089890,-24.9,6.12,70.4,8,1.8,104.3,4.216,-4.2,0,1,47523
2026-04-24T06:40:12,13.088787,-60.089062,-26.3,5.88,65.1,9,1.2,104.1,4.215,-4.4,0,1,47524
2026-04-24T06:40:41,13.089057,-60.088165,-21.5,7.81,61.5,8,1.8,104.0,4.216,-4.2,0,1,47525
2026-04-24T06:41:10,13.089378,-60.087307,-15.2,6.59,90.8,8,1.8,104.3,4.215,-4.2,0,1,47526
2026-04-24T06:41:39,13.089826,-60.086426,-21.5,7.19,66.1,8,1.8,104.0,4.214,-4.2,0,1,47527
2026-04-24T06:42:08,13.090187,-60.085567,-17.8,7.57,69.6,8,1.7,104.1,4.216,-4.4,0,1,47528
2026-04-24T06:42:37,13.090570,-60.084717,-18.1,6.82,68.6,8,1.2,104.3,4.215,-4.2,0,1,47529
2026-04-24T06:43:06,13.090992,-60.083809,-2.9,7.28,67.6,8,1.7,104.3,4.215,-4.2,0,1,47530
2026-04-24T06:43:35,13.091311,-60.082939,-2.3,8.30,52.8,7,3.0,104.0,4.215,-4.2,0,1,47531
2026-04-24T06:44:04,13.091640,-60.082062,8.4,6.63,72.2,8,1.7,104.1,4.216,-4.4,0,1,47532
2026-04-24T06:44:33,13.092067,-60.081215,14.4,6.62,75.6,8,1.7,104.5,4.216,-4.2,0,1,47533
2026-04-24T06:45:02,13.092505,-60.080353,14.0,6.52,57.7,8,1.7,104.3,4.215,-4.2,0,1,47534
2026-04-24T06:45:31,13.092829,-60.079487,10.6,6.83,75.8,8,1.7,104.5,4.216,-4.2,0,1,47535
2026-04-24T06:46:00,13.092907,-60.078560,6.0,7.09,71.9,9,1.4,104.1,4.215,-4.4,0,1,47536
2026-04-24T06:46:29,13.093295,-60.077652,-4.0,6.75,68.7,8,1.8,104.0,4.215,-4.2,0,1,47537
2026-04-24T06:46:58,13.093571,-60.076824,-1.4,6.69,79.5,8,1.8,104.5,4.216,-4.2,0,1,47538
2026-04-24T06:47:27,13.093927,-60.075954,-1.0,6.04,76.2,8,1.8,104.1,4.216,-4.4,0,1,47539
2026-04-24T06:47:56,13.094304,-60.075077,-4.6,7.00,61.6,9,1.1,104.3,4.218,-4.2,0,1,47540
2026-04-24T06:48:25,13.094702,-60.074177,4.9,7.00,65.9,10,1.1,104.3,4.215,-4.2,0,1,47541
2026-04-24T06:48:54,13.095031,-60.073307,-2.6,7.66,66.2,9,1.4,104.3,4.215,-4.2,0,1,47542
2026-04-24T06:49:23,13.095274,-60.072392,0.3,6.27,81.0,9,1.1,104.3,4.218,-4.2,0,1,47543
2026-04-24T06:49:52,13.095629,-60.071571,-6.8,6.79,54.2,9,1.5,104.3,4.218,-4.2,0,1,47544
2026-04-24T06:50:21,13.095904,-60.070728,-3.5,6.37,63.9,11,0.9,104.5,4.216,-4.2,0,1,47545
2026-04-24T06:50:50,13.096190,-60.069832,7.0,6.68,69.9,9,1.5,104.3,4.216,-4.2,0,1,47546
2026-04-24T06:51:19,13.096537,-60.068954,9.7,7.59,70.9,9,1.5,104.5,4.216,-4.2,0,1,47547
2026-04-24T06:51:48,13.096798,-60.068077,13.5,6.25,64.2,9,1.5,104.6,4.216,-4.2,0,1,47548
2026-04-24T06:52:17,13.097210,-60.067181,7.6,6.82,73.6,10,1.2,104.1,4.216,-4.4,0,1,47549
2026-04-24T06:52:46,13.097548,-60.066322,8.0,7.07,62.5,9,1.5,104.5,4.215,-4.2,0,1,47550
2026-04-24T06:53:15,13.097767,-60.065414,11.2,7.82,70.4,9,1.5,104.3,4.218,-4.2,0,1,47551
2026-04-24T06:53:44,13.098145,-60.064529,18.3,6.78,69.0,9,1.6,104.1,4.216,-4.4,0,1,47552
2026-04-24T06:54:13,13.098532,-60.063686,5.9,7.39,60.7,9,1.6,104.6,4.218,-4.2,0,1,47553
2026-04-24T06:54:42,13.098779,-60.062782,7.9,6.65,67.6,9,1.6,104.3,4.216,-4.2,0,1,47554
2026-04-24T06:55:11,13.099131,-60.061893,15.2,6.49,52.3,10,1.0,104.5,4.218,-4.2,0,1,47555
2026-04-24T06:55:40,13.099479,-60.060978,15.8,7.05,72.6,9,1.6,104.5,4.219,-4.2,0,1,47556
2026-04-24T06:56:09,13.100045,-60.060192,0.9,6.51,67.9,9,1.6,104.5,4.216,-4.2,0,1,47557
2026-04-24T06:56:38,13.100387,-60.059303,4.1,7.27,60.0,10,1.0,104.3,4.218,-4.2,0,1,47558
2026-04-24T06:57:07,13.100705,-60.058369,-1.3,6.94,77.5,8,1.9,104.6,4.219,-4.2,0,1,47559
2026-04-24T06:57:36,13.101155,-60.057529,-8.0,7.61,76.3,10,1.0,104.3,4.216,-4.2,0,1,47560
2026-04-24T06:58:05,13.101501,-60.056648,-6.6,7.45,71.0,9,1.7,104.3,4.218,-4.2,0,1,47561
2026-04-24T06:58:34,13.101875,-60.055763,-6.6,7.03,72.9,9,1.7,104.6,4.219,-4.2,0,1,47562
2026-04-24T06:59:03,13.102289,-60.054855,-4.5,7.34,65.5,9,1.7,104.3,4.218,-4.2,0,1,47563
2026-04-24T06:59:32,13.102565,-60.053978,1.7,7.28,65.5,9,1.8,104.5,4.218,-4.2,0,1,47564
2026-04-24T07:00:01,13.102854,-60.053024,6.7,7.01,62.2,10,1.5,104.5,4.218,-4.2,0,1,47565
2026-04-24T07:00:30,13.103222,-60.052135,5.4,7.28,69.5,11,1.1,104.5,4.218,-4.2,0,1,47566
2026-04-24T07:00:59,13.103523,-60.051289,4.1,6.42,71.4,10,1.5,104.6,4.218,-4.2,0,1,47567
2026-04-24T07:01:28,13.103809,-60.050354,10.1,7.20,67.1,10,1.5,104.5,4.218,-4.2,0,1,47568
2026-04-24T07:01:57,13.104076,-60.049454,7.3,7.08,65.3,10,1.5,104.6,4.219,-4.2,0,1,47569
2026-04-24T07:02:26,13.104475,-60.048557,5.8,6.73,77.2,10,1.5,104.5,4.218,-4.2,0,1,47570
2026-04-24T07:02:55,13.104812,-60.047642,0.4,7.01,75.7,10,1.5,104.6,4.219,-4.2,0,1,47571
2026-04-24T07:03:24,13.105190,-60.046734,5.9,7.54,68.3,10,1.5,104.3,4.216,-4.2,0,1,47572
2026-04-24T07:03:53,13.105501,-60.045868,7.1,6.45,69.6,10,1.5,104.3,4.219,-4.2,0,1,47573
2026-04-24T07:04:22,13.105864,-60.044952,7.6,6.87,73.1,10,1.5,104.3,4.218,-4.2,0,1,47574
2026-04-24T07:04:51,13.106148,-60.044102,3.7,6.68,75.4,10,1.5,104.5,4.218,-4.2,0,1,47575
2026-04-24T07:05:20,13.106419,-60.043194,10.9,7.19,75.3,10,1.5,104.3,4.218,-4.2,0,1,47576
2026-04-24T07:05:49,13.106743,-60.042316,8.0,6.85,69.4,10,1.5,104.8,4.219,-4.4,0,1,47577
2026-04-24T07:06:18,13.107100,-60.041454,10.9,8.19,57.9,11,0.9,104.8,4.218,-4.4,0,1,47578
2026-04-24T07:06:47,13.107448,-60.040550,6.7,6.59,69.1,10,1.6,104.5,4.220,-4.2,0,1,47579
2026-04-24T07:07:16,13.107772,-60.039680,6.2,6.25,53.3,10,1.6,104.5,4.218,-4.2,0,1,47580
2026-04-24T07:07:45,13.108145,-60.038776,6.8,7.01,60.6,10,1.6,104.5,4.219,-4.2,0,1,47581
2026-04-24T07:08:14,13.108443,-60.037868,2.4,6.29,62.3,10,1.6,104.6,4.218,-4.2,0,1,47582
2026-04-24T07:08:43,13.108753,-60.036968,4.2,6.52,86.6,9,2.0,104.6,4.218,-4.2,0,1,47583
2026-04-24T07:09:12,13.109243,-60.036076,0.1,6.64,64.2,10,1.6,104.6,4.218,-4.2,0,1,47584
2026-04-24T07:09:41,13.109470,-60.035198,1.9,7.73,63.1,10,1.6,104.6,4.220,-4.2,0,1,47585
2026-04-24T07:10:10,13.109776,-60.034279,1.6,6.52,73.6,10,1.6,104.6,4.219,-4.2,0,1,47586
2026-04-24T07:10:39,13.110213,-60.033382,-2.2,6.37,69.5,10,1.6,104.3,4.219,-4.2,0,1,47587
2026-04-24T07:11:08,13.110500,-60.032494,4.5,7.25,58.6,10,1.6,104.5,4.219,-4.2,0,1,47588
2026-04-24T07:11:37,13.110674,-60.031567,-1.7,7.22,80.9,10,1.6,104.8,4.219,-4.4,0,1,47589
2026-04-24T07:12:06,13.111083,-60.030720,-4.3,7.35,73.1,10,1.6,104.6,4.219,-4.2,0,1,47590
2026-04-24T07:12:35,13.111368,-60.029785,-5.0,7.67,62.8,10,1.6,104.5,4.218,-4.2,0,1,47591
2026-04-24T07:13:04,13.111672,-60.028927,-7.9,6.62,83.7,10,1.6,104.8,4.219,-4.4,0,1,47592
2026-04-24T07:13:33,13.112003,-60.027981,-11.3,6.46,76.7,10,1.6,104.5,4.219,-4.2,0,1,47593
2026-04-24T07:14:02,13.112292,-60.027149,-16.1,6.90,57.0,10,1.7,104.6,4.219,-4.2,0,1,47594
2026-04-24T07:14:31,13.112626,-60.026253,-6.9,7.20,64.5,9,2.0,104.5,4.218,-4.2,0,1,47595
2026-04-24T07:15:00,13.112830,-60.025356,-7.0,6.69,64.7,10,1.7,104.6,4.219,-4.2,0,1,47596
2026-04-24T07:15:29,13.113308,-60.024506,-2.6,6.99,67.4,10,1.7,104.6,4.219,-4.2,0,1,47597
2026-04-24T07:15:58,13.113713,-60.023609,-12.3,7.63,59.8,9,1.7,104.5,4.220,-4.2,0,1,47598
2026-04-24T07:16:27,13.114092,-60.022797,-10.6,6.56,72.6,9,1.7,104.5,4.219,-4.2,0,1,47599
2026-04-24T07:16:56,13.114435,-60.021908,-12.2,7.00,62.8,9,1.7,104.5,4.220,-4.2,0,1,47600
2026-04-24T07:17:25,13.114781,-60.021019,-13.4,6.63,66.6,9,1.7,104.6,4.219,-4.2,0,1,47601
2026-04-24T07:17:54,13.115107,-60.020172,-1.8,6.90,71.6,8,2.0,104.8,4.219,-4.4,0,1,47602
2026-04-24T07:18:23,13.115368,-60.019295,-3.7,6.07,68.4,9,1.7,104.5,4.219,-4.2,0,1,47603
2026-04-24T07:18:52,13.115735,-60.018406,-10.7,6.61,71.9,9,1.7,104.6,4.218,-4.2,0,1,47604
2026-04-24T07:19:21,13.116058,-60.017563,0.6,7.52,67.5,8,2.0,104.6,4.220,-4.2,0,1,47605
2026-04-24T07:19:50,13.116470,-60.016716,-0.1,7.25,62.2,9,1.7,104.8,4.219,-4.4,0,1,47606
2026-04-24T07:20:19,13.116705,-60.015820,8.3,6.94,69.8,9,1.7,104.8,4.219,-4.4,0,1,47607
2026-04-24T07:20:48,13.116970,-60.014904,15.3,5.96,80.3,9,1.7,104.8,4.221,-4.4,0,1,47608
2026-04-24T07:21:17,13.117288,-60.013996,14.2,7.48,81.7,9,1.7,104.6,4.219,-4.2,0,1,47609
2026-04-24T07:21:46,13.117670,-60.013119,11.7,6.99,61.6,9,1.7,104.5,4.219,-4.2,0,1,47610
2026-04-24T07:22:15,13.118083,-60.012241,-4.4,7.18,68.9,9,1.7,104.6,4.219,-4.2,0,1,47611
2026-04-24T07:22:44,13.118431,-60.011379,-10.2,6.76,77.0,9,1.7,104.5,4.219,-4.2,0,1,47612
2026-04-24T07:23:13,13.118671,-60.010540,-18.4,6.35,75.4,9,1.7,104.6,4.219,-4.2,0,1,47613
2026-04-24T07:23:42,13.119119,-60.009663,-24.5,6.73,61.6,9,1.7,104.6,4.219,-4.2,0,1,47614
2026-04-24T07:24:11,13.119427,-60.008717,-28.5,6.54,65.9,9,1.7,104.6,4.218,-4.2,0,1,47615
2026-04-24T07:24:40,13.119740,-60.007877,-30.1,6.29,70.9,9,1.7,104.5,4.219,-4.2,0,1,47616
2026-04-24T07:25:09,13.120122,-60.007038,-22.4,5.55,90.9,9,1.7,104.6,4.219,2785.3,0,1,47617
2026-04-24T07:25:38,13.120440,-60.006157,-21.4,6.11,62.8,9,1.7,104.6,4.219,-4.2,0,1,47618
2026-04-24T07:26:07,13.120751,-60.005234,-20.3,6.87,69.9,9,1.7,104.6,4.216,-4.2,0,1,47619
2026-04-24T07:26:36,13.120983,-60.004345,-21.4,6.87,67.8,9,1.7,104.3,4.213,-4.2,0,1,47620
2026-04-24T07:27:05,13.121320,-60.003494,-11.9,6.97,67.8,9,1.7,104.0,4.216,-4.2,0,1,47621
2026-04-24T07:27:34,13.121790,-60.002579,-10.4,6.76,75.6,9,1.7,104.0,4.214,-4.2,0,1,47622
2026-04-24T07:28:03,13.122174,-60.001682,0.5,6.77,60.7,9,1.7,104.0,4.215,-4.2,0,1,47623
2026-04-24T07:28:32,13.122440,-60.000786,-2.8,6.26,71.9,7,2.6,104.1,4.214,-4.4,0,1,47624
2026-04-24T07:29:01,13.122646,-59.999931,-4.4,6.26,71.2,9,1.7,104.1,4.214,-4.4,0,1,47625
2026-04-24T07:29:30,13.123014,-59.999046,-7.9,7.17,77.3,9,1.7,104.0,4.214,-4.2,0,1,47626
2026-04-24T07:29:59,13.123220,-59.998131,-5.2,6.82,73.4,9,1.7,104.3,4.215,-4.2,0,1,47627
2026-04-24T07:30:28,13.123485,-59.997250,-12.7,7.05,67.6,9,1.7,104.0,4.214,-4.2,0,1,47628
2026-04-24T07:30:57,13.123925,-59.996338,-10.3,7.34,58.7,9,1.7,104.0,4.216,-4.2,0,1,47629
2026-04-24T07:31:26,13.124134,-59.995430,-5.8,7.22,86.5,9,1.7,104.1,4.215,-4.4,0,1,47630
2026-04-24T07:31:55,13.124460,-59.994644,-22.4,7.07,81.3,8,2.2,104.0,4.214,-4.2,0,1,47631
2026-04-24T07:32:24,13.124922,-59.993824,-30.5,7.42,72.1,8,2.2,104.1,4.214,-4.4,0,1,47632
2026-04-24T07:32:53,13.125094,-59.992939,-27.7,7.31,68.0,8,2.2,103.8,4.214,-4.2,0,1,47633
2026-04-24T07:33:22,13.125411,-59.992039,-31.9,8.13,58.1,8,2.2,104.1,4.215,-4.4,0,1,47634
2026-04-24T07:33:51,13.125608,-59.991154,-31.7,7.42,66.7,8,2.2,104.1,4.215,-4.4,0,1,47635
2026-04-24T07:34:20,13.125881,-59.990253,-27.1,5.76,71.4,8,2.1,104.1,4.214,-4.4,0,1,47636
2026-04-24T07:34:49,13.126266,-59.989349,-18.8,7.19,67.6,9,1.6,104.0,4.214,-4.2,0,1,47637
2026-04-24T07:35:18,13.126645,-59.988461,-17.0,6.86,72.9,10,1.6,104.0,4.215,-4.2,0,1,47638
2026-04-24T07:35:47,13.127023,-59.987572,-14.4,6.43,68.0,10,1.6,104.0,4.213,-4.2,0,1,47639
2026-04-24T07:36:16,13.127313,-59.986706,-13.3,5.83,79.0,10,1.6,103.8,4.214,-4.2,0,1,47640
2026-04-24T07:36:45,13.127772,-59.985832,-17.4,7.49,64.5,8,2.3,104.0,4.214,-4.2,0,1,47641
2026-04-24T07:37:14,13.128010,-59.984959,-23.6,8.06,57.2,9,2.1,104.0,4.214,-4.2,0,1,47642
2026-04-24T07:37:43,13.128376,-59.984051,-14.8,6.86,70.1,10,1.6,103.8,4.215,-4.2,0,1,47643
2026-04-24T07:38:12,13.128676,-59.983162,-15.0,5.68,62.8,9,2.1,104.0,4.213,-4.2,0,1,47644
2026-04-24T07:38:41,13.128988,-59.982277,-16.9,6.71,68.8,9,2.1,103.7,4.214,-4.2,0,1,47645
2026-04-24T07:39:10,13.129425,-59.981331,-19.8,7.55,76.9,9,2.1,103.8,4.214,-4.2,0,1,47646
2026-04-24T07:39:39,13.129828,-59.980461,-13.1,7.07,65.3,8,2.2,104.1,4.215,-4.4,0,1,47647
2026-04-24T07:40:08,13.130073,-59.979527,-11.6,6.30,72.2,10,1.5,104.0,4.214,-4.2,0,1,47648
2026-04-24T07:40:37,13.130477,-59.978622,-5.2,6.62,76.2,9,2.1,104.0,4.215,-4.2,0,1,47649
2026-04-24T07:41:06,13.130761,-59.977753,-6.6,6.88,51.8,9,2.0,104.0,4.215,-4.2,0,1,47650
2026-04-24T07:41:35,13.131099,-59.976818,-8.4,6.08,68.0,8,2.1,103.8,4.215,-4.2,0,1,47651
2026-04-24T07:42:04,13.131438,-59.975960,-10.5,7.36,52.8,9,2.0,104.0,4.214,-4.2,0,1,47652
2026-04-24T07:42:33,13.131635,-59.975079,-17.4,6.88,69.2,9,2.0,103.8,4.213,-4.2,0,1,47653
2026-04-24T07:43:02,13.132174,-59.974201,-7.4,8.45,67.8,9,2.0,103.8,4.214,-4.2,0,1,47654
2026-04-24T07:43:31,13.132600,-59.973343,-5.0,6.44,59.5,9,2.0,103.8,4.215,-4.2,0,1,47655
2026-04-24T07:44:00,13.132662,-59.972359,-21.3,7.50,63.1,9,2.0,103.8,4.214,-4.2,0,1,47656
2026-04-24T07:44:29,13.133123,-59.971474,-13.8,6.06,82.9,8,2.0,104.0,4.214,-4.2,0,1,47657
2026-04-24T07:44:58,13.133417,-59.970573,-7.9,6.94,75.2,9,2.0,103.8,4.213,-4.2,0,1,47658
2026-04-24T07:45:27,13.133769,-59.969631,-6.9,6.55,67.2,9,2.0,104.0,4.211,2768.5,0,1,47659
2026-04-24T07:45:56,13.134102,-59.968678,-4.9,6.81,68.0,9,2.0,104.1,4.214,-4.4,0,1,47660
2026-04-24T07:46:25,13.134587,-59.967815,-2.6,7.21,65.7,9,1.9,103.8,4.213,-4.2,0,1,47661
2026-04-24T07:46:54,13.134952,-59.966900,-0.5,8.37,64.2,9,1.9,103.8,4.213,-4.2,0,1,47662
2026-04-24T07:47:23,13.135382,-59.965996,-6.3,7.33,71.9,10,1.4,103.8,4.214,-4.2,0,1,47663
2026-04-24T07:47:52,13.135771,-59.965088,-9.8,8.03,65.0,9,1.9,104.0,4.214,-4.2,0,1,47664
2026-04-24T07:48:21,13.136127,-59.964199,-6.7,7.32,64.7,9,1.9,104.0,4.214,-4.2,0,1,47665
2026-04-24T07:48:50,13.136454,-59.963329,-6.2,6.48,71.6,10,1.4,104.0,4.214,-4.2,0,1,47666
2026-04-24T07:49:19,13.136775,-59.962357,-10.3,6.69,75.5,9,1.7,103.8,4.213,-4.2,0,1,47667
2026-04-24T07:49:48,13.137129,-59.961403,-10.9,7.36,63.0,9,1.9,104.0,4.213,-4.2,0,1,47668
2026-04-24T07:50:17,13.137482,-59.960526,-10.7,8.30,66.4,9,1.8,104.0,4.215,-4.2,0,1,47669
2026-04-24T07:50:46,13.137846,-59.959621,-16.3,6.29,63.5,8,1.9,104.0,4.213,-4.2,0,1,47670
2026-04-24T07:51:15,13.138242,-59.958740,-16.7,6.73,69.9,9,1.8,104.3,4.213,-4.2,0,1,47671
2026-04-24T07:51:44,13.138526,-59.957855,-5.0,7.89,61.5,8,1.8,104.1,4.213,-4.4,0,1,47672
2026-04-24T07:52:13,13.138997,-59.956955,-9.4,7.33,55.6,8,1.8,103.7,4.214,-4.2,0,1,47673
2026-04-24T07:52:42,13.139423,-59.955982,-9.6,6.53,73.1,9,1.8,104.0,4.214,-4.2,0,1,47674
2026-04-24T07:53:11,13.139737,-59.955070,-19.9,5.84,67.7,8,1.8,103.8,4.214,-4.2,0,1,47675
2026-04-24T07:53:40,13.140087,-59.954163,-0.3,7.50,63.3,9,1.5,103.8,4.213,-4.2,0,1,47676
2026-04-24T07:54:09,13.140571,-59.953209,7.3,7.22,75.2,10,1.5,104.0,4.214,-4.2,0,1,47677
2026-04-24T07:54:38,13.140860,-59.952312,12.7,6.92,73.8,10,1.5,104.1,4.214,-4.4,0,1,47678
2026-04-24T07:55:07,13.141188,-59.951385,13.2,7.66,60.1,10,1.5,103.8,4.214,-4.2,0,1,47679
2026-04-24T07:55:36,13.141603,-59.950443,13.9,7.77,62.8,10,1.5,103.7,4.213,-4.2,0,1,47680
2026-04-24T07:56:05,13.141824,-59.949486,10.2,7.69,62.5,10,1.5,103.8,4.213,-4.2,0,1,47681
2026-04-24T07:56:34,13.142245,-59.948597,10.4,8.24,68.7,10,1.2,103.7,4.214,-4.2,0,1,47682
2026-04-24T07:57:03,13.142537,-59.947739,5.1,7.02,78.8,9,1.5,103.8,4.211,-4.2,0,1,47683
2026-04-24T07:57:32,13.142876,-59.946789,11.8,6.38,68.2,10,1.2,104.0,4.213,-4.2,0,1,47684
2026-04-24T07:58:01,13.143291,-59.945934,9.6,6.97,72.1,9,1.5,103.8,4.213,-4.2,0,1,47685
2026-04-24T07:58:30,13.143534,-59.944954,6.2,8.38,61.0,9,1.5,103.8,4.213,-4.2,0,1,47686
2026-04-24T07:58:59,13.143897,-59.944038,5.8,9.08,62.0,9,1.5,104.1,4.213,-4.4,0,1,47687
2026-04-24T07:59:28,13.144279,-59.943142,18.7,7.47,67.0,9,1.5,104.0,4.213,-4.2,0,1,47688
2026-04-24T07:59:57,13.144608,-59.942131,25.8,7.13,60.8,9,1.5,103.7,4.211,-4.2,0,1,47689
2026-04-24T08:00:26,13.144876,-59.941185,21.9,7.08,70.0,9,1.5,104.0,4.214,-4.2,0,1,47690
2026-04-24T08:00:55,13.145318,-59.940269,20.0,6.86,64.1,9,1.5,104.0,4.213,-4.2,0,1,47691
2026-04-24T08:01:24,13.145661,-59.939362,19.5,7.42,71.8,9,1.5,103.8,4.213,-4.2,0,1,47692
2026-04-24T08:01:53,13.146033,-59.938427,16.3,7.57,74.3,9,1.5,103.8,4.214,-4.2,0,1,47693
2026-04-24T08:02:22,13.146331,-59.937523,12.4,6.92,68.1,9,1.5,104.1,4.213,-4.4,0,1,47694
2026-04-24T08:02:51,13.146675,-59.936615,12.8,7.54,72.6,9,1.5,104.0,4.213,-4.2,0,1,47695
2026-04-24T08:03:20,13.146960,-59.935707,17.1,7.57,66.3,9,1.5,104.1,4.214,-4.4,0,1,47696
2026-04-24T08:03:49,13.147319,-59.934753,16.0,6.91,76.8,9,1.5,104.0,4.213,-4.2,0,1,47697
2026-04-24T08:04:18,13.147601,-59.933895,12.6,6.99,77.8,9,1.4,104.1,4.214,-4.4,0,1,47698
2026-04-24T08:04:47,13.148180,-59.932915,9.3,6.16,70.4,8,1.5,103.8,4.213,-4.2,0,1,47699
2026-04-24T08:05:16,13.148411,-59.931953,7.9,6.39,78.3,8,1.5,104.0,4.213,-4.2,0,1,47700
2026-04-24T08:05:45,13.148726,-59.930996,-0.1,6.68,77.0,8,1.5,103.8,4.213,-4.2,0,1,47701
2026-04-24T08:06:14,13.149026,-59.930073,-5.0,6.50,83.2,8,1.5,103.7,4.213,-4.2,0,1,47702
2026-04-24T08:06:43,13.149319,-59.929241,-3.1,6.83,88.0,8,1.5,104.3,4.213,-4.2,0,1,47703
2026-04-24T08:07:12,13.149721,-59.928219,1.1,6.60,71.9,8,1.5,103.8,4.213,-4.2,0,1,47704
2026-04-24T08:07:41,13.150055,-59.927296,-1.6,7.60,65.5,8,1.5,104.0,4.213,-4.2,0,1,47705
2026-04-24T08:08:10,13.150408,-59.926445,-4.9,5.65,70.5,7,2.6,103.8,4.213,-4.2,0,1,47706
2026-04-24T08:08:39,13.150848,-59.925510,1.4,6.56,77.8,8,1.5,103.7,4.213,-4.2,0,1,47707
2026-04-24T08:09:08,13.151194,-59.924587,-0.3,7.88,65.4,7,1.6,104.0,4.213,-4.2,0,1,47708
2026-04-24T08:09:37,13.151524,-59.923622,-0.8,6.71,88.3,7,1.6,103.8,4.213,-4.2,0,1,47709
2026-04-24T08:10:06,13.151832,-59.922649,11.3,8.00,58.0,7,1.6,103.8,4.213,-4.2,0,1,47710
2026-04-24T08:10:35,13.152152,-59.921688,18.2,7.90,69.7,7,1.6,103.8,4.211,-4.2,0,1,47711
2026-04-24T08:11:04,13.152596,-59.920704,24.9,8.00,61.8,7,1.6,103.8,4.213,-4.2,0,1,47712
2026-04-24T08:11:33,13.152960,-59.919769,27.4,7.60,61.4,6,3.7,103.8,4.213,-4.2,0,1,47713
2026-04-24T08:12:02,13.153306,-59.918797,17.2,6.73,74.7,7,1.6,103.7,4.214,2760.2,0,1,47714
2026-04-24T08:12:31,13.153653,-59.917881,19.9,7.90,69.0,8,1.4,103.8,4.213,-4.2,0,1,47715
2026-04-24T08:13:00,13.153983,-59.916920,23.1,6.93,71.1,7,2.5,104.0,4.213,-4.2,0,1,47716
2026-04-24T08:13:29,13.154359,-59.915974,25.9,7.52,66.6,7,2.4,103.7,4.211,-4.2,0,1,47717
2026-04-24T08:13:58,13.154777,-59.915035,21.1,8.12,62.3,7,2.4,104.0,4.214,-4.2,0,1,47718
2026-04-24T08:14:27,13.155055,-59.914093,21.6,5.57,86.4,7,2.4,103.7,4.211,-4.2,0,1,47719
2026-04-24T08:14:56,13.155440,-59.913139,18.2,8.25,64.6,8,1.4,104.0,4.213,-4.2,0,1,47720
2026-04-24T08:15:25,13.155642,-59.912186,22.2,8.15,63.3,7,2.4,103.7,4.214,-4.2,0,1,47721
2026-04-24T08:15:54,13.155922,-59.911270,26.7,6.45,72.7,7,2.3,103.7,4.213,-4.2,0,1,47722
2026-04-24T08:16:23,13.156314,-59.910328,30.1,7.97,66.0,7,1.5,103.7,4.214,-4.2,0,1,47723
2026-04-24T08:16:52,13.156510,-59.909435,24.4,6.93,69.1,8,1.3,103.8,4.214,-4.2,0,1,47724
2026-04-24T08:17:21,13.156992,-59.908436,15.8,7.38,62.9,8,2.3,103.8,4.213,-4.2,0,1,47725
2026-04-24T08:17:50,13.157333,-59.907387,9.8,7.45,84.8,7,3.4,103.7,4.213,-4.2,0,1,47726
2026-04-24T08:18:19,13.157763,-59.906502,10.9,5.81,66.3,8,2.2,103.7,4.211,-4.2,0,1,47727
2026-04-24T08:18:48,13.158185,-59.905563,10.1,7.87,63.2,7,3.3,103.8,4.213,-4.2,0,1,47728
2026-04-24T08:19:17,13.158539,-59.904594,13.8,8.01,68.6,9,1.3,103.8,4.210,-4.2,0,1,47729
2026-04-24T08:19:46,13.158868,-59.903675,15.6,7.40,64.0,8,1.4,103.8,4.213,-4.2,0,1,47730
2026-04-24T08:20:15,13.159212,-59.902725,11.7,5.25,60.8,9,1.3,103.7,4.213,-4.2,0,1,47731
2026-04-24T08:20:44,13.159666,-59.901768,17.3,7.20,63.8,8,1.4,103.8,4.213,-4.2,0,1,47732
2026-04-24T08:21:13,13.159986,-59.900833,17.0,7.26,71.9,7,3.2,104.0,4.213,-4.2,0,1,47733
2026-04-24T08:21:42,13.160383,-59.899918,18.3,7.24,64.0,8,2.1,103.8,4.213,-4.2,0,1,47734
2026-04-24T08:22:11,13.160835,-59.898991,18.1,6.43,78.6,9,1.2,104.0,4.213,-4.2,0,1,47735
2026-04-24T08:22:40,13.161071,-59.898056,5.8,8.29,75.0,8,2.1,103.8,4.211,-4.2,0,1,47736
2026-04-24T08:23:09,13.161453,-59.897095,10.4,6.86,68.2,8,2.1,104.0,4.211,-4.2,0,1,47737
2026-04-24T08:23:38,13.161894,-59.896130,11.4,7.50,58.9,8,2.1,103.8,4.213,-4.2,0,1,47738
2026-04-24T08:24:07,13.162268,-59.895218,7.7,7.45,59.3,7,3.1,103.7,4.213,-4.2,0,1,47739
2026-04-24T08:24:36,13.162666,-59.894241,15.7,7.18,69.1,7,3.1,103.7,4.213,-4.2,0,1,47740
2026-04-24T08:25:05,13.163065,-59.893299,9.2,6.97,68.0,8,2.0,103.8,4.213,-4.2,0,1,47741
2026-04-24T08:25:34,13.163374,-59.892334,11.1,6.69,72.7,7,3.0,103.7,4.214,-4.2,0,1,47742
2026-04-24T08:26:03,13.163765,-59.891380,11.2,7.43,64.7,8,1.3,103.7,4.213,-4.2,0,1,47743
2026-04-24T08:26:32,13.164172,-59.890408,15.4,7.77,63.3,8,2.0,103.7,4.211,-4.2,0,1,47744
2026-04-24T08:27:01,13.164520,-59.889465,17.0,7.07,76.7,8,1.3,103.7,4.213,-4.2,0,1,47745
2026-04-24T08:27:30,13.164962,-59.888512,15.2,7.52,67.3,7,2.9,103.8,4.213,-4.2,0,1,47746
2026-04-24T08:27:59,13.165221,-59.887577,8.7,7.22,64.1,7,2.9,103.8,4.213,-4.2,0,1,47747
2026-04-24T08:28:28,13.165695,-59.886688,14.7,7.85,61.3,8,2.6,103.8,4.213,-4.2,0,1,47748
2026-04-24T08:28:57,13.165855,-59.885754,31.2,8.00,68.7,8,2.6,103.8,4.213,-4.2,0,1,47749
2026-04-24T08:29:26,13.165936,-59.884838,9.4,8.03,60.6,8,2.6,103.8,4.213,-4.2,0,1,47750
2026-04-24T08:29:55,13.166023,-59.883904,6.0,7.48,76.1,9,1.8,103.7,4.213,-4.2,0,1,47751
2026-04-24T08:30:24,13.166430,-59.882893,5.7,7.23,76.2,9,1.8,104.0,4.214,-4.2,0,1,47752
2026-04-24T08:30:53,13.166731,-59.881939,7.0,7.42,85.7,9,1.8,103.8,4.211,-4.2,0,1,47753
2026-04-24T08:31:22,13.166698,-59.881039,4.6,7.03,83.4,9,1.8,103.5,4.211,-4.4,0,1,47754
2026-04-24T08:31:51,13.166746,-59.880058,10.6,7.63,80.6,10,1.1,103.7,4.213,-4.2,0,1,47755
2026-04-24T08:32:20,13.166828,-59.879089,13.7,6.76,95.5,9,1.8,103.7,4.213,-4.2,0,1,47756
2026-04-24T08:32:49,13.166813,-59.878201,11.1,7.99,92.5,9,1.8,103.8,4.213,-4.2,0,1,47757
2026-04-24T08:33:18,13.166645,-59.877281,10.4,6.40,96.1,9,1.7,103.8,4.213,-4.2,0,1,47758
2026-04-24T08:33:47,13.166450,-59.876404,7.6,6.44,95.8,8,1.7,103.8,4.214,-4.2,0,1,47759
2026-04-24T08:34:16,13.166259,-59.875572,0.9,3.85,120.9,9,1.7,103.7,4.213,-4.2,0,1,47760
2026-04-24T08:34:45,13.166075,-59.874676,14.7,6.28,102.6,9,1.7,103.7,4.214,-4.2,0,1,47761
2026-04-24T08:35:14,13.165915,-59.873798,13.7,6.57,100.6,9,1.7,103.7,4.213,-4.2,0,1,47762
2026-04-24T08:35:43,13.165743,-59.872940,11.0,7.19,102.1,9,1.7,104.0,4.213,-4.2,0,1,47763
2026-04-24T08:36:12,13.165542,-59.872101,11.9,4.94,109.4,9,1.7,103.7,4.213,-4.2,0,1,47764
2026-04-24T08:36:41,13.165288,-59.871284,17.1,6.44,115.3,9,1.6,104.0,4.214,-4.2,0,1,47765
2026-04-24T08:37:10,13.165127,-59.870438,14.0,6.72,95.5,8,1.7,103.5,4.214,-4.4,0,1,47766
2026-04-24T08:37:39,13.164852,-59.869617,11.2,6.07,111.7,8,1.7,103.8,4.213,-4.2,0,1,47767
2026-04-24T08:38:08,13.164626,-59.868839,18.2,5.08,131.7,7,1.8,103.8,4.213,-4.2,0,1,47768
2026-04-24T08:38:37,13.164448,-59.867943,14.7,5.86,107.3,8,1.7,103.8,4.213,-4.2,0,1,47769
2026-04-24T08:39:06,13.164243,-59.867142,12.1,6.24,116.6,8,1.7,103.7,4.213,-4.2,0,1,47770
2026-04-24T08:39:35,13.164057,-59.866241,5.8,7.05,95.9,8,1.7,104.0,4.213,-4.2,0,1,47771
2026-04-24T08:40:04,13.163717,-59.865471,12.6,6.93,116.1,8,1.7,103.8,4.211,-4.2,0,1,47772
2026-04-24T08:40:33,13.163617,-59.864563,3.8,6.62,104.9,8,1.6,103.7,4.213,-4.2,0,1,47773
2026-04-24T08:41:02,13.163348,-59.863724,5.9,5.26,119.6,8,1.6,103.7,4.213,-4.2,0,1,47774
2026-04-24T08:41:31,13.163192,-59.862911,2.9,5.32,108.0,8,1.6,103.8,4.213,-4.2,0,1,47775
2026-04-24T08:42:00,13.163003,-59.862049,1.4,6.55,100.7,8,1.6,103.7,4.213,-4.2,0,1,47776
2026-04-24T08:42:29,13.162847,-59.861191,4.0,6.06,104.2,8,1.6,104.0,4.214,-4.2,0,1,47777
2026-04-24T08:42:58,13.162581,-59.860340,13.4,6.23,113.7,8,1.6,103.8,4.213,-4.2,0,1,47778
2026-04-24T08:43:27,13.162426,-59.859493,4.0,6.28,101.3,8,1.6,103.7,4.213,-4.2,0,1,47779
2026-04-24T08:43:56,13.162300,-59.858650,9.9,6.06,107.5,8,1.6,103.7,4.210,-4.2,0,1,47780
2026-04-24T08:44:25,13.162108,-59.857849,2.6,6.45,111.7,8,1.5,103.7,4.213,-4.2,0,1,47781
2026-04-24T08:44:54,13.161817,-59.856987,2.9,8.39,99.5,8,1.5,103.7,4.213,-4.2,0,1,47782
2026-04-24T08:45:23,13.161575,-59.856148,11.7,5.76,110.6,8,1.5,103.8,4.213,-4.2,0,1,47783
2026-04-24T08:45:52,13.161388,-59.855278,8.9,6.27,102.8,8,1.5,104.0,4.211,-4.2,0,1,47784
2026-04-24T08:46:21,13.161226,-59.854465,9.2,6.33,107.4,8,1.5,103.7,4.213,-4.2,0,1,47785
2026-04-24T08:46:50,13.161088,-59.853573,13.8,6.47,103.1,8,1.5,103.8,4.211,2764.3,0,1,47786
2026-04-24T08:47:19,13.160837,-59.852760,15.1,6.62,109.9,8,1.5,103.7,4.210,-4.2,0,1,47787
2026-04-24T08:47:48,13.160645,-59.851944,10.5,6.31,110.8,8,1.5,103.8,4.210,-4.2,0,1,47788
2026-04-24T08:48:17,13.160448,-59.851124,20.0,6.35,92.1,8,1.5,103.8,4.211,-4.2,0,1,47789
2026-04-24T08:48:46,13.160170,-59.850266,18.8,6.37,117.0,8,1.5,103.5,4.213,-4.4,0,1,47790
2026-04-24T08:49:15,13.160008,-59.849426,11.4,6.14,107.2,8,1.4,103.8,4.210,-4.2,0,1,47791
2026-04-24T08:49:44,13.159761,-59.848564,9.3,6.87,115.7,8,1.4,103.5,4.213,-4.4,0,1,47792
2026-04-24T08:50:13,13.159522,-59.847763,12.4,6.49,101.1,8,1.4,103.8,4.213,-4.2,0,1,47793
2026-04-24T08:50:42,13.159264,-59.846939,20.7,7.85,99.0,8,1.4,103.7,4.211,-4.2,0,1,47794
2026-04-24T08:51:11,13.159055,-59.846100,13.0,6.96,114.0,9,1.3,103.5,4.211,-4.4,0,1,47795
2026-04-24T08:51:40,13.158880,-59.845310,10.1,6.23,99.0,9,1.3,103.8,4.213,-4.2,0,1,47796
2026-04-24T08:52:09,13.158700,-59.844448,19.1,6.24,104.0,9,1.3,103.7,4.211,-4.2,0,1,47797
2026-04-24T08:52:38,13.158552,-59.843624,20.2,6.69,108.6,8,1.5,103.7,4.213,-4.2,0,1,47798
2026-04-24T08:53:07,13.158444,-59.842766,22.4,5.78,110.2,8,1.7,103.7,4.213,-4.2,0,1,47799
2026-04-24T08:53:36,13.158268,-59.841908,27.9,5.85,95.0,8,1.6,103.7,4.211,-4.2,0,1,47800
2026-04-24T08:54:05,13.158107,-59.841057,33.4,6.19,104.9,9,1.3,103.8,4.213,-4.2,0,1,47801
2026-04-24T08:54:34,13.157940,-59.840218,30.9,5.35,108.3,9,1.3,103.7,4.213,-4.2,0,1,47802
2026-04-24T08:55:03,13.157797,-59.839375,35.7,6.09,101.0,9,1.3,103.8,4.211,-4.2,0,1,47803
2026-04-24T08:55:32,13.157610,-59.838535,34.6,5.76,119.9,8,1.6,103.7,4.211,-4.2,0,1,47804
2026-04-24T08:56:01,13.157431,-59.837677,30.1,6.29,103.9,8,1.6,103.5,4.211,-4.4,0,1,47805
2026-04-24T08:56:30,13.157262,-59.836811,27.1,5.92,96.4,8,1.6,103.8,4.213,-4.2,0,1,47806
2026-04-24T08:56:59,13.157104,-59.835968,30.9,6.01,112.6,8,1.6,103.8,4.213,-4.2,0,1,47807
2026-04-24T08:57:28,13.156952,-59.835129,31.7,4.36,109.4,9,1.3,103.8,4.213,-4.2,0,1,47808
2026-04-24T08:57:57,13.156803,-59.834305,28.5,7.72,92.5,8,1.6,103.7,4.210,-4.2,0,1,47809
2026-04-24T08:58:26,13.156608,-59.833420,24.6,6.45,99.7,8,1.6,103.7,4.213,-4.2,0,1,47810
2026-04-24T08:58:55,13.156466,-59.832558,22.5,7.22,88.2,8,1.6,103.4,4.211,-4.2,0,1,47811
2026-04-24T08:59:24,13.156319,-59.831726,22.6,4.83,100.3,9,1.2,103.8,4.214,-4.2,0,1,47812
2026-04-24T08:59:53,13.156103,-59.830917,18.1,5.80,96.7,9,1.2,103.7,4.213,-4.2,0,1,47813
2026-04-24T09:00:22,13.155942,-59.830120,16.0,6.42,104.4,8,1.6,103.8,4.213,-4.2,0,1,47814
2026-04-24T09:00:51,13.155719,-59.829281,18.5,6.29,122.0,9,1.2,103.5,4.213,-4.4,0,1,47815
2026-04-24T09:01:20,13.155526,-59.828461,21.1,6.73,95.8,8,1.6,103.8,4.213,-4.2,0,1,47816
2026-04-24T09:01:49,13.155298,-59.827621,23.7,6.45,102.3,9,1.2,103.8,4.214,-4.2,0,1,47817
2026-04-24T09:02:18,13.155098,-59.826836,25.3,5.54,121.0,9,1.2,104.0,4.211,-4.2,0,1,47818
2026-04-24T09:02:47,13.154899,-59.826008,25.0,6.78,95.7,8,1.3,103.8,4.211,-4.2,0,1,47819
2026-04-24T09:03:16,13.154716,-59.825157,23.9,6.64,100.2,8,1.4,103.8,4.213,-4.2,0,1,47820
2026-04-24T09:03:45,13.154483,-59.824333,25.0,7.39,93.9,8,1.4,103.7,4.213,-4.2,0,1,47821
2026-04-24T09:04:14,13.154266,-59.823540,19.6,5.05,109.5,8,1.4,103.8,4.211,-4.2,0,1,47822
2026-04-24T09:04:43,13.153996,-59.822693,20.4,6.29,111.1,7,1.7,103.8,4.213,-4.2,0,1,47823
2026-04-24T09:05:12,13.153763,-59.821850,20.8,6.04,107.2,8,1.4,103.8,4.210,-4.2,0,1,47824
2026-04-24T09:05:41,13.153595,-59.821018,18.3,6.23,100.9,8,1.4,103.7,4.213,-4.2,0,1,47825
2026-04-24T09:06:10,13.153336,-59.820210,18.2,6.86,111.7,8,1.4,103.8,4.213,-4.2,0,1,47826
2026-04-24T09:06:39,13.153073,-59.819397,17.2,6.29,108.1,8,1.3,103.7,4.210,-4.2,0,1,47827
2026-04-24T09:07:08,13.152808,-59.818600,13.0,4.91,106.0,8,1.3,104.0,4.213,-4.2,0,1,47828
2026-04-24T09:07:37,13.152570,-59.817768,17.4,6.42,109.7,8,1.5,104.0,4.213,-4.2,0,1,47829
2026-04-24T09:08:06,13.152323,-59.816952,18.3,6.38,101.2,9,1.1,103.7,4.214,-4.2,0,1,47830
2026-04-24T09:08:35,13.152077,-59.816154,13.7,6.23,111.6,8,1.5,103.7,4.213,-4.2,0,1,47831
2026-04-24T09:09:04,13.151850,-59.815315,14.7,5.85,99.2,9,1.1,104.0,4.211,-4.2,0,1,47832
2026-04-24T09:09:33,13.151638,-59.814484,15.5,5.87,102.2,9,1.1,103.5,4.213,-4.4,0,1,47833
2026-04-24T09:10:02,13.151412,-59.813652,14.6,6.19,107.6,8,1.5,103.5,4.211,-4.4,0,1,47834
2026-04-24T09:10:31,13.151201,-59.812859,13.0,6.66,102.7,9,1.1,103.7,4.213,-4.2,0,1,47835
2026-04-24T09:11:00,13.151012,-59.812038,15.8,5.64,123.3,9,1.1,103.7,4.211,-4.2,0,1,47836
2026-04-24T09:11:29,13.150757,-59.811226,19.5,6.44,104.0,7,1.5,103.8,4.213,-4.2,0,1,47837
2026-04-24T09:11:58,13.150552,-59.810406,20.0,6.21,107.4,9,1.3,103.5,4.210,-4.4,0,1,47838
2026-04-24T09:12:27,13.150297,-59.809601,21.0,5.81,120.4,9,1.3,103.8,4.213,-4.2,0,1,47839
2026-04-24T09:12:56,13.150125,-59.808750,28.6,6.66,100.5,9,1.3,103.7,4.211,-4.2,0,1,47840
2026-04-24T09:13:25,13.149843,-59.807949,22.8,6.19,115.2,10,1.1,103.8,4.213,-4.2,0,1,47841
2026-04-24T09:13:54,13.149611,-59.807137,20.0,5.74,101.2,10,1.1,103.7,4.213,-4.2,0,1,47842
2026-04-24T09:14:23,13.149369,-59.806305,22.3,6.72,107.7,9,1.2,103.7,4.211,-4.2,0,1,47843
2026-04-24T09:14:52,13.149194,-59.805477,24.0,6.44,90.2,10,1.1,104.0,4.211,-4.2,0,1,47844
2026-04-24T09:15:21,13.148838,-59.804684,20.4,7.79,121.3,10,1.1,103.7,4.214,-4.2,0,1,47845
2026-04-24T09:15:50,13.148637,-59.803905,23.1,6.12,98.7,8,1.4,103.7,4.213,-4.2,0,1,47846
2026-04-24T09:16:19,13.148429,-59.803093,25.8,5.98,103.5,10,1.1,103.5,4.211,-4.4,0,1,47847
2026-04-24T09:16:48,13.148182,-59.802299,28.9,6.70,117.4,9,1.2,103.8,4.213,-4.2,0,1,47848
2026-04-24T09:17:17,13.147923,-59.801472,25.6,6.20,107.2,8,1.4,104.0,4.211,-4.2,0,1,47849
2026-04-24T09:17:46,13.147691,-59.800659,20.4,6.63,102.9,9,1.2,103.7,4.211,-4.2,0,1,47850
2026-04-24T09:18:15,13.147515,-59.799828,19.0,5.81,109.4,8,1.4,103.7,4.210,-4.2,0,1,47851
2026-04-24T09:18:44,13.147300,-59.799026,22.1,5.54,110.4,9,1.2,103.7,4.213,-4.2,0,1,47852
2026-04-24T09:19:13,13.147058,-59.798176,17.3,5.80,103.6,8,1.4,103.7,4.211,-4.2,0,1,47853
2026-04-24T09:19:42,13.146831,-59.797382,15.0,6.21,107.9,8,1.3,103.7,4.213,-4.2,0,1,47854
2026-04-24T09:20:11,13.146608,-59.796581,15.9,5.95,107.9,7,1.5,103.5,4.211,-4.4,0,1,47855
2026-04-24T09:20:40,13.146385,-59.795750,15.2,6.12,102.0,7,1.5,103.7,4.210,-4.2,0,1,47856
2026-04-24T09:21:09,13.146167,-59.794907,12.8,6.43,114.8,7,1.5,104.0,4.210,-4.2,0,1,47857
2026-04-24T09:21:38,13.145926,-59.794094,6.9,5.99,119.2,9,1.2,103.5,4.210,-4.4,0,1,47858
2026-04-24T09:22:07,13.145670,-59.793282,4.6,5.47,99.5,9,1.2,103.7,4.213,-4.2,0,1,47859
2026-04-24T09:22:36,13.145406,-59.792469,4.1,6.17,105.4,8,1.4,103.7,4.211,-4.2,0,1,47860
2026-04-24T09:23:05,13.145177,-59.791649,4.2,6.64,113.4,9,1.2,104.0,4.213,-4.2,0,1,47861
2026-04-24T09:23:34,13.144956,-59.790836,5.4,6.17,120.4,8,1.4,103.8,4.211,-4.2,0,1,47862
2026-04-24T09:24:03,13.144758,-59.790016,7.9,5.80,106.8,8,1.4,103.7,4.211,-4.2,0,1,47863
2026-04-24T09:24:32,13.144588,-59.789158,8.6,6.49,95.8,8,1.4,103.8,4.213,-4.2,0,1,47864
2026-04-24T09:25:01,13.144364,-59.788315,5.5,6.95,106.8,8,1.4,103.5,4.213,-4.4,0,1,47865
2026-04-24T09:25:30,13.144096,-59.787514,2.6,6.14,116.9,8,1.4,103.7,4.211,-4.2,0,1,47866
2026-04-24T09:25:59,13.143858,-59.786663,1.8,6.11,98.6,8,1.4,103.7,4.213,-4.2,0,1,47867
2026-04-24T09:26:28,13.143654,-59.785835,0.4,5.09,108.3,8,1.4,103.7,4.211,-4.2,0,1,47868
2026-04-24T09:26:57,13.143456,-59.785057,3.2,5.17,108.8,8,1.4,103.8,4.211,-4.2,0,1,47869
2026-04-24T09:27:26,13.143283,-59.784237,5.9,6.56,103.7,8,1.4,103.8,4.211,-4.2,0,1,47870
2026-04-24T09:27:55,13.143060,-59.783436,9.7,6.29,101.5,8,1.4,103.8,4.214,-4.2,0,1,47871
2026-04-24T09:28:24,13.142829,-59.782642,10.1,6.36,117.7,8,1.4,103.7,4.211,-4.2,0,1,47872
2026-04-24T09:28:53,13.142566,-59.781811,15.2,5.91,104.7,8,1.4,103.7,4.211,-4.2,0,1,47873
2026-04-24T09:29:22,13.142362,-59.781048,13.9,5.28,118.2,8,1.4,103.8,4.211,-4.2,0,1,47874
2026-04-24T09:29:51,13.142176,-59.780212,14.8,6.47,112.1,9,1.2,103.5,4.211,-4.4,0,1,47875
2026-04-24T09:30:20,13.141883,-59.779419,-1.0,5.92,100.7,8,1.4,103.7,4.211,-4.2,0,1,47876
2026-04-24T09:30:49,13.141738,-59.778606,7.9,6.16,99.7,9,1.2,103.7,4.213,-4.2,0,1,47877
2026-04-24T09:31:18,13.141702,-59.777733,17.7,6.90,100.1,9,1.2,103.7,4.211,-4.2,0,1,47878
2026-04-24T09:31:47,13.141755,-59.776878,26.9,6.59,89.0,9,1.2,103.8,4.210,-4.2,0,1,47879
2026-04-24T09:32:16,13.141768,-59.775928,33.3,6.65,105.1,9,1.2,103.5,4.211,-4.4,0,1,47880
2026-04-24T09:32:45,13.141773,-59.775135,31.3,6.19,87.3,9,1.2,104.0,4.211,-4.2,0,1,47881
2026-04-24T09:33:14,13.141829,-59.774235,36.7,6.72,87.7,8,1.4,103.7,4.211,-4.2,0,1,47882
2026-04-24T09:33:43,13.141852,-59.773369,41.6,5.27,86.5,9,1.1,104.0,4.211,-4.2,0,1,47883
2026-04-24T09:34:12,13.141853,-59.772480,43.4,6.28,94.3,9,1.1,103.7,4.210,-4.2,0,1,47884
2026-04-24T09:34:41,13.141820,-59.771610,22.7,6.37,89.2,9,1.1,103.5,4.211,-4.4,0,1,47885
2026-04-24T09:35:10,13.141838,-59.770687,18.9,6.35,86.3,9,1.1,103.5,4.214,-4.4,0,1,47886
2026-04-24T09:35:39,13.141895,-59.769817,23.9,6.06,85.2,7,1.8,103.8,4.211,-4.2,0,1,47887
2026-04-24T09:36:08,13.141828,-59.768936,11.8,6.15,85.5,9,1.1,103.8,4.213,-4.2,0,1,47888
2026-04-24T09:36:37,13.141824,-59.768063,13.2,7.12,85.4,9,1.1,103.7,4.210,-4.2,0,1,47889
2026-04-24T09:37:06,13.141917,-59.767147,18.7,5.72,78.9,9,1.1,103.7,4.213,-4.2,0,1,47890
2026-04-24T09:37:35,13.141898,-59.766254,17.4,6.43,90.4,8,1.2,103.5,4.211,-4.4,0,1,47891
2026-04-24T09:38:04,13.141955,-59.765381,25.9,6.10,84.5,8,1.3,103.8,4.213,-4.2,0,1,47892
2026-04-24T09:38:33,13.141922,-59.764507,17.0,6.09,89.0,8,1.1,103.5,4.211,-4.4,0,1,47893
2026-04-24T09:39:02,13.141917,-59.763596,15.7,6.60,84.1,7,1.3,103.5,4.211,-4.4,0,1,47894
2026-04-24T09:39:31,13.141917,-59.762707,16.7,8.25,88.4,9,1.1,103.7,4.213,-4.2,0,1,47895
2026-04-24T09:40:00,13.141937,-59.761848,11.3,5.67,94.4,9,1.1,103.5,4.213,-4.4,0,1,47896
2026-04-24T09:40:29,13.141938,-59.760902,17.4,6.36,90.5,10,1.1,103.8,4.210,-4.2,0,1,47897
2026-04-24T09:40:58,13.141848,-59.760071,17.8,5.31,112.9,11,1.0,103.8,4.210,-4.2,0,1,47898
2026-04-24T09:41:27,13.141617,-59.759243,13.4,6.51,90.2,10,1.2,103.8,4.213,-4.2,0,1,47899
2026-04-24T09:41:56,13.141510,-59.758381,14.9,5.71,105.1,10,1.0,103.8,4.213,-4.2,0,1,47900
2026-04-24T09:42:25,13.141358,-59.757530,16.3,6.33,101.9,10,1.2,103.7,4.213,-4.2,0,1,47901
2026-04-24T09:42:54,13.141062,-59.756699,9.1,5.82,96.3,10,1.2,103.8,4.210,-4.2,0,1,47902
2026-04-24T09:43:23,13.140830,-59.755878,17.9,6.82,111.3,11,1.2,103.5,4.211,-4.4,0,1,47903
2026-04-24T09:43:52,13.140656,-59.755112,23.2,5.98,104.9,10,1.8,103.7,4.211,-4.2,0,1,47904
2026-04-24T09:44:21,13.140422,-59.754303,17.6,5.29,109.8,11,1.2,103.7,4.211,-4.2,0,1,47905
2026-04-24T09:44:50,13.140184,-59.753529,22.1,5.76,109.4,11,1.1,103.5,4.211,-4.4,0,1,47906
2026-04-24T09:45:19,13.140001,-59.752731,23.8,6.13,110.6,11,1.1,103.5,4.211,-4.4,0,1,47907
2026-04-24T09:45:48,13.139795,-59.751892,25.7,6.27,119.0,12,1.0,104.0,4.211,-4.2,0,1,47908
2026-04-24T09:46:17,13.139534,-59.751118,26.7,6.38,112.7,11,1.1,103.4,4.211,-4.2,0,1,47909
2026-04-24T09:46:46,13.139286,-59.750366,30.2,5.85,111.3,11,1.1,103.5,4.211,-4.4,0,1,47910
2026-04-24T09:47:15,13.139075,-59.749535,29.4,6.63,107.0,12,1.0,103.7,4.210,-4.2,0,1,47911
2026-04-24T09:47:44,13.138797,-59.748779,30.1,5.75,120.9,10,1.2,103.7,4.211,-4.2,0,1,47912
2026-04-24T09:48:13,13.138620,-59.747887,21.4,6.21,98.4,11,1.1,103.7,4.211,-4.2,0,1,47913
2026-04-24T09:48:42,13.138364,-59.747124,20.7,6.60,119.0,11,1.1,103.8,4.210,-4.2,0,1,47914
2026-04-24T09:49:11,13.138107,-59.746284,18.4,6.22,100.5,10,1.1,103.5,4.211,-4.4,0,1,47915
2026-04-24T09:49:40,13.137864,-59.745434,12.6,5.50,106.9,9,1.2,103.7,4.213,-4.2,0,1,47916
2026-04-24T09:50:09,13.137597,-59.744610,21.1,5.46,121.6,11,1.0,104.0,4.211,-4.2,0,1,47917
2026-04-24T09:50:38,13.137402,-59.743725,12.5,4.76,99.2,11,1.0,103.7,4.211,-4.2,0,1,47918
2026-04-24T09:51:07,13.137104,-59.742863,10.7,6.19,112.5,11,1.1,103.5,4.211,-4.4,0,1,47919
2026-04-24T09:51:36,13.136855,-59.741997,1.5,7.63,106.7,11,1.1,103.8,4.211,-4.2,0,1,47920
2026-04-24T09:52:05,13.136554,-59.741146,2.5,6.54,108.9,11,1.1,103.7,4.211,-4.2,0,1,47921
2026-04-24T09:52:34,13.136309,-59.740314,10.1,6.41,102.2,12,0.9,103.7,4.210,-4.2,0,1,47922
2026-04-24T09:53:03,13.136057,-59.739456,11.8,6.52,103.7,11,1.1,104.0,4.211,-4.2,0,1,47923
2026-04-24T09:53:32,13.135797,-59.738579,8.9,7.07,105.2,12,0.9,103.8,4.211,-4.2,0,1,47924
2026-04-24T09:54:01,13.135549,-59.737736,14.0,6.75,108.3,10,1.2,103.7,4.210,2760.2,0,1,47925
2026-04-24T09:54:30,13.135287,-59.736897,15.1,6.93,120.8,10,1.7,103.7,4.211,-4.2,0,1,47926
2026-04-24T09:54:59,13.135056,-59.736057,12.9,6.59,108.9,8,1.4,103.7,4.211,-4.2,0,1,47927
2026-04-24T09:55:28,13.134812,-59.735207,13.4,6.34,105.8,8,1.9,103.8,4.211,-4.2,0,1,47928
2026-04-24T09:55:57,13.134521,-59.734394,13.2,5.93,115.1,9,1.2,103.8,4.211,-4.2,0,1,47929
2026-04-24T09:56:26,13.134256,-59.733608,10.2,6.35,111.0,11,0.9,103.7,4.210,-4.2,0,1,47930
2026-04-24T09:56:55,13.134102,-59.732628,24.0,6.25,100.0,9,1.2,103.8,4.210,-4.2,0,1,47931
2026-04-24T09:57:24,13.133895,-59.731808,20.5,6.02,105.0,10,1.2,103.7,4.214,-4.2,0,1,47932
2026-04-24T09:57:53,13.133667,-59.730873,15.3,6.66,108.8,7,3.1,103.7,4.211,-4.2,0,1,47933
2026-04-24T09:58:22,13.133418,-59.729954,12.9,7.08,100.3,8,2.5,103.7,4.214,-4.2,0,1,47934
2026-04-24T09:58:51,13.133199,-59.729042,15.7,7.10,98.7,9,1.2,103.8,4.211,-4.2,0,1,47935
2026-04-24T09:59:20,13.133073,-59.728127,7.1,6.71,96.5,11,1.0,103.8,4.211,-4.2,0,1,47936
2026-04-24T09:59:49,13.133061,-59.727200,6.1,6.50,87.8,9,1.2,104.0,4.213,-4.2,0,1,47937
2026-04-24T10:00:18,13.132863,-59.726330,6.7,7.15,105.8,10,1.6,103.5,4.210,-4.4,0,1,47938
2026-04-24T10:00:47,13.132762,-59.725403,6.8,6.63,95.9,11,1.0,103.5,4.213,-4.4,0,1,47939
2026-04-24T10:01:16,13.132660,-59.724510,-1.0,5.91,99.4,10,1.6,103.8,4.211,-4.2,0,1,47940
2026-04-24T10:01:45,13.132462,-59.723610,-3.9,5.95,92.2,10,1.6,103.5,4.211,-4.4,0,1,47941
2026-04-24T10:02:14,13.132423,-59.722733,-1.9,7.07,113.9,10,1.6,103.5,4.211,-4.4,0,1,47942
2026-04-24T10:02:43,13.132094,-59.721863,8.7,6.20,119.8,10,1.1,103.8,4.211,-4.2,0,1,47943
2026-04-24T10:03:12,13.131859,-59.720985,-7.6,6.23,118.1,8,2.5,103.5,4.211,-4.4,0,1,47944
2026-04-24T10:03:41,13.131476,-59.720203,-8.5,6.69,113.2,9,1.7,103.8,4.211,-4.2,0,1,47945
2026-04-24T10:04:10,13.131133,-59.719379,-5.9,6.02,107.8,9,1.6,103.7,4.211,-4.2,0,1,47946
2026-04-24T10:04:39,13.130813,-59.718567,3.6,6.51,111.9,9,2.2,103.7,4.213,-4.2,0,1,47947
2026-04-24T10:05:08,13.130534,-59.717766,4.3,5.50,105.5,9,2.2,103.5,4.211,-4.4,0,1,47948
2026-04-24T10:05:37,13.130226,-59.716984,13.4,6.44,117.6,8,2.6,103.8,4.213,-4.2,0,1,47949
2026-04-24T10:06:06,13.129988,-59.716133,8.8,6.19,103.8,9,2.2,103.8,4.213,-4.2,0,1,47950
2026-04-24T10:06:35,13.129704,-59.715302,16.0,4.75,128.9,11,1.0,103.7,4.211,-4.2,0,1,47951
2026-04-24T10:07:04,13.129378,-59.714478,3.7,6.64,109.8,9,1.3,103.8,4.211,-4.2,0,1,47952
2026-04-24T10:07:33,13.129028,-59.713612,3.6,6.05,114.7,9,1.3,103.8,4.211,-4.2,0,1,47953
2026-04-24T10:08:02,13.128632,-59.712833,11.8,6.55,123.5,9,1.3,103.7,4.213,-4.2,0,1,47954
2026-04-24T10:08:31,13.128071,-59.712154,8.7,6.21,124.6,9,1.3,103.7,4.211,-4.2,0,1,47955
2026-04-24T10:09:00,13.127708,-59.711403,-0.7,6.13,125.2,9,1.3,103.8,4.211,-4.2,0,1,47956
2026-04-24T10:09:29,13.127131,-59.710747,-1.5,6.25,127.4,8,1.4,103.7,4.213,-4.2,0,1,47957
2026-04-24T10:09:58,13.126603,-59.710087,-6.9,6.11,129.3,8,1.4,103.8,4.211,-4.2,0,1,47958
2026-04-24T10:10:27,13.126093,-59.709419,0.3,6.16,119.6,8,1.4,103.7,4.211,2760.2,0,1,47959
2026-04-24T10:10:56,13.125571,-59.708698,-6.8,6.61,132.6,9,1.3,103.7,4.213,-4.2,0,1,47960
2026-04-24T10:11:25,13.125125,-59.707989,-8.2,5.85,119.8,9,1.3,103.7,4.213,-4.2,0,1,47961
2026-04-24T10:11:54,13.124679,-59.707245,-7.6,6.21,126.5,8,1.3,103.7,4.210,-4.2,0,1,47962
2026-04-24T10:12:23,13.124188,-59.706482,-8.5,6.76,129.0,8,1.3,103.7,4.211,-4.2,0,1,47963
2026-04-24T10:12:52,13.123705,-59.705761,-4.0,5.57,137.9,9,1.3,103.5,4.210,-4.4,0,1,47964
2026-04-24T10:13:21,13.123237,-59.705036,-3.2,6.32,115.2,8,1.3,103.8,4.213,-4.2,0,1,47965
2026-04-24T10:13:50,13.122813,-59.704224,-9.3,6.15,121.2,9,1.3,103.7,4.210,-4.2,0,1,47966
2026-04-24T10:14:19,13.122405,-59.703411,-23.7,5.60,118.7,9,1.3,103.7,4.211,2760.2,0,1,47967
2026-04-24T10:14:48,13.121962,-59.702648,-10.2,6.80,121.5,7,2.4,103.8,4.213,-4.2,0,1,47968
2026-04-24T10:15:17,13.121572,-59.701748,-6.6,6.69,103.0,8,2.4,103.5,4.211,-4.4,0,1,47969
2026-04-24T10:15:46,13.121180,-59.700844,-14.2,7.28,112.1,9,1.3,103.5,4.210,-4.4,0,1,47970
2026-04-24T10:16:15,13.120852,-59.699947,-18.0,7.21,106.7,8,1.3,103.7,4.211,-4.2,0,1,47971
2026-04-24T10:16:44,13.120533,-59.699051,-13.7,7.36,113.3,10,1.5,104.1,4.213,-4.4,0,1,47972
2026-04-24T10:17:13,13.120321,-59.698208,2.0,7.34,103.9,10,1.5,103.7,4.211,-4.2,0,1,47973
2026-04-24T10:17:42,13.120080,-59.697292,-4.1,6.64,116.0,8,2.0,103.8,4.211,-4.2,0,1,47974
2026-04-24T10:18:11,13.119879,-59.696365,-9.3,7.26,103.1,9,2.0,103.7,4.210,-4.2,0,1,47975
2026-04-24T10:18:40,13.119695,-59.695335,-9.1,7.24,102.2,9,1.5,103.7,4.211,-4.2,0,1,47976
2026-04-24T10:19:09,13.119533,-59.694347,-2.8,7.22,106.3,10,1.4,103.8,4.210,-4.2,0,1,47977
2026-04-24T10:19:38,13.119320,-59.693352,-3.5,7.32,101.7,9,2.0,103.4,4.211,-4.2,0,1,47978
2026-04-24T10:20:07,13.118999,-59.692417,2.8,6.56,125.3,8,2.0,103.8,4.209,-4.2,0,1,47979
2026-04-24T10:20:36,13.118833,-59.691483,-5.6,7.42,82.0,7,2.5,103.7,4.210,-4.2,0,1,47980
2026-04-24T10:21:05,13.118694,-59.690540,-3.2,7.25,100.1,9,2.0,103.5,4.213,-4.4,0,1,47981
2026-04-24T10:21:34,13.118576,-59.689510,0.5,6.74,98.3,9,2.0,103.7,4.213,-4.2,0,1,47982
2026-04-24T10:22:03,13.118545,-59.688469,4.4,8.10,97.7,8,2.0,103.7,4.213,-4.2,0,1,47983
2026-04-24T10:22:32,13.118348,-59.687519,0.8,6.96,94.4,8,1.9,103.7,4.213,-4.2,0,1,47984
2026-04-24T10:23:01,13.118255,-59.686523,0.1,7.10,102.6,8,1.9,103.8,4.211,-4.2,0,1,47985
2026-04-24T10:23:30,13.118080,-59.685528,1.4,6.97,101.8,8,1.9,103.8,4.211,-4.2,0,1,47986
2026-04-24T10:23:59,13.117947,-59.684525,6.4,7.36,101.5,9,1.9,103.7,4.213,-4.2,0,1,47987
2026-04-24T10:24:28,13.117753,-59.683533,10.3,8.16,100.5,9,1.9,103.7,4.210,-4.2,0,1,47988
2026-04-24T10:24:57,13.117448,-59.682510,0.6,7.21,105.9,8,2.5,103.8,4.211,-4.2,0,1,47989
2026-04-24T10:25:26,13.117392,-59.681530,8.9,7.37,98.8,9,1.9,103.7,4.210,-4.2,0,1,47990
2026-04-24T10:25:55,13.117164,-59.680569,6.2,6.88,96.4,9,1.9,103.7,4.210,-4.2,0,1,47991
2026-04-24T10:26:24,13.117216,-59.679512,-3.5,7.46,90.0,9,1.4,103.8,4.211,-4.2,0,1,47992
2026-04-24T10:26:53,13.117225,-59.678535,6.5,7.55,84.8,10,1.3,103.7,4.213,-4.2,0,1,47993
2026-04-24T10:27:22,13.117227,-59.677525,6.3,7.41,94.6,9,1.9,103.8,4.210,-4.2,0,1,47994
2026-04-24T10:27:51,13.117225,-59.676498,4.6,7.60,98.8,10,1.3,103.7,4.211,-4.2,0,1,47995
2026-04-24T10:28:20,13.117194,-59.675480,-2.5,7.23,89.3,9,1.8,103.7,4.211,-4.2,0,1,47996
2026-04-24T10:28:49,13.117148,-59.674438,2.6,6.95,99.6,8,2.6,103.7,4.211,-4.2,0,1,47997
2026-04-24T10:29:18,13.117100,-59.673473,-1.9,7.52,92.2,10,1.3,103.7,4.213,-4.2,0,1,47998
2026-04-24T10:29:47,13.116925,-59.672482,3.3,7.58,100.5,9,1.8,103.7,4.211,-4.2,0,1,47999
2026-04-24T10:30:16,13.116771,-59.671513,7.5,7.43,89.1,8,2.5,103.7,4.213,-4.2,0,1,48000
2026-04-24T10:30:45,13.116658,-59.670593,12.0,7.38,99.0,8,2.5,104.0,4.211,-4.2,0,1,48001
2026-04-24T10:31:14,13.116477,-59.669727,-3.0,6.25,108.2,8,2.5,103.7,4.211,-4.2,0,1,48002
2026-04-24T10:31:43,13.116208,-59.668831,-0.5,5.72,113.5,8,2.5,103.7,4.211,-4.2,0,1,48003
2026-04-24T10:32:12,13.115813,-59.667973,-4.3,5.89,117.2,8,2.5,103.7,4.213,-4.2,0,1,48004
2026-04-24T10:32:41,13.115227,-59.667328,-1.3,6.04,119.8,8,2.5,103.7,4.211,-4.2,0,1,48005
2026-04-24T10:33:10,13.114779,-59.666412,-2.9,6.07,118.6,8,2.5,103.7,4.211,-4.2,0,1,48006
2026-04-24T10:33:39,13.114418,-59.665638,0.3,6.43,114.8,8,2.5,103.5,4.211,-4.4,0,1,48007
2026-04-24T10:34:08,13.114041,-59.664818,3.0,6.39,114.0,8,2.5,103.7,4.213,-4.2,0,1,48008
2026-04-24T10:34:37,13.113542,-59.664135,2.0,7.06,130.6,8,2.5,103.7,4.211,-4.2,0,1,48009
2026-04-24T10:35:06,13.113226,-59.663265,2.4,6.44,121.2,8,2.5,103.7,4.211,-4.2,0,1,48010
2026-04-24T10:35:35,13.112828,-59.662415,4.0,6.56,117.3,8,2.5,103.7,4.213,-4.2,0,1,48011
2026-04-24T10:36:04,13.112512,-59.661587,18.2,7.46,116.4,8,2.5,103.7,4.211,-4.2,0,1,48012
2026-04-24T10:36:33,13.112197,-59.660812,9.5,6.64,110.4,8,2.4,104.0,4.210,-4.2,0,1,48013
2026-04-24T10:37:02,13.111823,-59.660046,-0.6,6.45,112.7,8,2.4,103.8,4.211,-4.2,0,1,48014
2026-04-24T10:37:31,13.111587,-59.659084,-18.4,6.79,110.6,8,2.4,103.5,4.210,-4.4,0,1,48015
2026-04-24T10:38:00,13.111245,-59.658363,-5.2,6.31,112.1,8,2.4,103.8,4.211,-4.2,0,1,48016
2026-04-24T10:38:29,13.110997,-59.657490,-3.9,6.42,111.7,8,2.4,104.0,4.211,-4.2,0,1,48017
2026-04-24T10:38:58,13.110697,-59.656647,-0.2,6.90,112.2,8,2.4,103.8,4.211,-4.2,0,1,48018
2026-04-24T10:39:27,13.110370,-59.655827,3.3,6.97,109.9,8,2.4,103.8,4.211,-4.2,0,1,48019
2026-04-24T10:39:56,13.110062,-59.654987,2.0,6.46,113.7,8,2.4,103.8,4.210,-4.2,0,1,48020
2026-04-24T10:40:25,13.109695,-59.654137,-1.2,6.37,108.6,8,2.4,104.0,4.211,-4.2,0,1,48021
2026-04-24T10:40:54,13.109440,-59.653294,-0.1,6.55,106.4,8,2.4,103.4,4.211,-4.2,0,1,48022
2026-04-24T10:41:23,13.109344,-59.652313,-3.7,6.53,101.4,8,2.4,103.7,4.211,-4.2,0,1,48023
2026-04-24T10:41:52,13.109294,-59.651436,-20.7,6.54,94.2,9,1.6,103.5,4.213,-4.4,0,1,48024
2026-04-24T10:42:21,13.109186,-59.650509,-21.6,7.09,95.9,9,1.6,103.5,4.211,-4.4,0,1,48025
2026-04-24T10:42:50,13.109001,-59.649601,-11.4,7.09,94.7,9,1.5,103.8,4.211,-4.2,0,1,48026
2026-04-24T10:43:19,13.109003,-59.648651,-8.2,6.55,93.6,9,1.5,103.8,4.213,-4.2,0,1,48027
2026-04-24T10:43:48,13.108937,-59.647770,-14.3,5.89,94.7,8,1.6,103.7,4.213,-4.2,0,1,48028
2026-04-24T10:44:17,13.108828,-59.646912,-15.0,5.71,95.6,9,1.5,103.7,4.211,-4.2,0,1,48029
2026-04-24T10:44:46,13.108837,-59.646168,-22.1,4.46,92.2,9,1.5,103.5,4.211,-4.4,0,1,48030
2026-04-24T10:45:15,13.108692,-59.645420,2.1,5.65,96.3,10,1.1,103.8,4.210,-4.2,0,1,48031
2026-04-24T10:45:44,13.108572,-59.644806,11.7,4.55,110.9,9,1.5,103.7,4.211,-4.2,0,1,48032
2026-04-24T10:46:13,13.108481,-59.644184,15.6,4.88,92.7,8,1.5,103.8,4.213,-4.2,0,1,48033
2026-04-24T10:46:42,13.108417,-59.643482,37.3,5.00,109.5,9,1.5,103.7,4.211,-4.2,0,1,48034
2026-04-24T10:47:11,13.108480,-59.642719,37.9,6.03,89.2,9,1.5,103.8,4.211,-4.2,0,1,48035
2026-04-24T10:47:40,13.108530,-59.641979,29.5,5.59,85.8,7,2.1,103.8,4.211,-4.2,0,1,48036
2026-04-24T10:48:09,13.108644,-59.641197,17.9,6.09,74.7,7,2.0,103.5,4.213,-4.4,0,1,48037
2026-04-24T10:48:38,13.108666,-59.640392,18.1,6.13,81.8,8,1.5,104.0,4.210,-4.2,0,1,48038
2026-04-24T10:49:07,13.108594,-59.639584,17.9,5.73,97.2,7,2.0,103.8,4.210,-4.2,0,1,48039
2026-04-24T10:49:36,13.108657,-59.638836,19.2,5.59,73.9,7,2.0,103.7,4.211,-4.2,0,1,48040
2026-04-24T10:50:05,13.108720,-59.638195,18.6,5.18,92.9,8,2.0,103.8,4.210,-4.2,0,1,48041
2026-04-24T10:50:34,13.108662,-59.637550,19.9,4.71,86.0,9,1.4,104.0,4.210,-4.2,0,1,48042
2026-04-24T10:51:03,13.108782,-59.636940,11.9,4.17,77.7,8,1.9,103.7,4.210,-4.2,0,1,48043
2026-04-24T10:51:32,13.108787,-59.636333,28.8,4.10,91.8,9,1.4,103.5,4.211,-4.4,0,1,48044
2026-04-24T10:52:01,13.108867,-59.635784,24.4,4.47,69.0,9,1.4,103.8,4.211,-4.2,0,1,48045
2026-04-24T10:52:30,13.108897,-59.635212,15.6,3.66,92.4,9,1.4,103.7,4.210,-4.2,0,1,48046
2026-04-24T10:52:59,13.108951,-59.634712,5.4,3.96,91.9,8,2.2,103.5,4.210,-4.4,0,1,48047
2026-04-24T10:53:28,13.108951,-59.634190,-0.3,3.18,103.8,8,2.1,103.8,4.210,-4.2,0,1,48048
2026-04-24T10:53:57,13.108745,-59.633717,4.0,3.53,103.0,8,2.1,103.5,4.211,-4.4,0,1,48049
2026-04-24T10:54:26,13.108679,-59.633362,7.2,3.11,118.0,7,2.4,104.0,4.211,-4.2,0,1,48050
2026-04-24T10:54:55,13.108640,-59.632889,1.3,2.91,120.8,8,2.1,103.8,4.211,-4.2,0,1,48051
2026-04-24T10:55:24,13.108306,-59.632626,9.6,2.40,133.7,10,1.1,103.8,4.211,-4.2,0,1,48052
2026-04-24T10:55:53,13.107950,-59.632435,8.2,2.14,134.8,9,1.2,103.8,4.211,-4.2,0,1,48053
2026-04-24T10:56:22,13.107721,-59.632244,25.4,2.96,138.8,9,1.3,103.8,4.211,-4.2,0,1,48054
2026-04-24T10:56:51,13.107493,-59.631935,23.7,2.90,138.8,11,0.9,103.7,4.211,-4.2,0,1,48055
2026-04-24T10:57:20,13.107264,-59.631752,17.8,2.41,144.1,9,1.0,104.1,4.211,-4.4,0,1,48056
2026-04-24T10:57:49,13.106985,-59.631649,13.5,2.18,144.1,9,1.2,103.5,4.213,-4.4,0,1,48057
2026-04-24T10:58:18,13.106730,-59.631535,19.0,1.90,146.0,9,1.0,103.7,4.211,-4.2,0,1,48058
2026-04-24T10:58:47,13.106502,-59.631443,19.6,1.94,154.9,9,1.3,103.4,4.211,-4.2,0,1,48059
2026-04-24T10:59:16,13.106254,-59.631313,22.2,1.45,156.8,8,1.3,103.7,4.211,-4.2,0,1,48060
2026-04-24T10:59:45,13.106073,-59.631207,24.5,1.52,144.2,10,1.3,103.7,4.210,-4.2,0,1,48061
2026-04-24T11:00:14,13.105875,-59.631077,25.1,1.48,146.0,12,0.8,103.5,4.214,-4.4,0,1,48062
2026-04-24T11:00:43,13.105643,-59.630970,25.1,1.31,155.3,14,0.7,103.7,4.211,-4.2,0,1,48063
2026-04-24T11:01:12,13.105447,-59.630905,29.0,1.66,153.8,12,0.8,104.0,4.210,-4.2,0,1,48064
2026-04-24T11:01:41,13.105253,-59.630798,29.7,1.65,183.4,11,0.8,103.7,4.210,-4.2,0,1,48065
2026-04-24T11:02:10,13.105059,-59.630737,23.9,1.85,154.9,11,1.3,103.7,4.210,-4.2,0,1,48066
2026-04-24T11:02:39,13.104778,-59.630680,20.9,2.55,159.2,12,0.8,103.5,4.213,-4.4,0,1,48067
2026-04-24T11:03:08,13.104663,-59.630562,20.4,1.33,155.9,9,1.3,103.5,4.210,-4.4,0,1,48068
2026-04-24T11:03:37,13.104439,-59.630501,22.9,1.35,171.2,13,0.7,103.7,4.211,-4.2,0,1,48069
2026-04-24T11:04:06,13.104275,-59.630432,23.5,1.59,165.0,12,1.1,103.7,4.213,-4.2,0,1,48070
2026-04-24T11:04:35,13.104126,-59.630264,24.5,1.55,149.7,11,1.4,103.7,4.210,-4.2,0,1,48071
2026-04-24T11:05:04,13.103918,-59.630215,23.0,1.89,144.7,11,1.0,103.7,4.210,-4.2,0,1,48072
2026-04-24T11:05:33,13.103828,-59.630093,26.4,1.02,134.8,11,1.1,103.4,4.211,-4.2,0,1,48073
2026-04-24T11:06:02,13.103662,-59.629959,26.0,1.42,150.5,11,1.1,103.7,4.211,-4.2,0,1,48074
2026-04-24T11:06:31,13.103485,-59.629810,28.8,2.03,136.4,12,0.8,103.8,4.211,-4.2,0,1,48075
2026-04-24T11:07:00,13.103385,-59.629677,27.3,1.06,144.9,8,1.8,103.7,4.211,-4.2,0,1,48076
2026-04-24T11:07:29,13.103318,-59.629547,22.9,1.03,145.3,12,0.8,103.8,4.211,-4.2,0,1,48077
2026-04-24T11:07:58,13.103260,-59.629383,22.7,1.01,115.2,15,0.6,103.7,4.211,-4.2,0,1,48078
2026-04-24T11:08:27,13.103197,-59.629288,22.7,0.98,109.2,11,0.9,103.7,4.211,-4.2,0,1,48079
2026-04-24T11:08:56,13.103157,-59.629204,21.0,0.49,125.7,12,0.7,103.7,4.213,-4.2,0,1,48080
2026-04-24T11:11:59,13.102777,-59.628883,17.5,0.50,143.4,12,0.9,102.2,4.196,-4.4,0,1,48081
2026-04-24T11:15:03,13.102567,-59.628754,19.2,0.52,163.5,12,0.9,101.9,4.196,-4.2,0,1,48082
2026-04-24T11:18:07,13.102508,-59.628590,28.5,0.35,107.0,13,0.8,101.6,4.189,-4.4,0,1,48083
2026-04-24T11:21:10,13.102440,-59.628647,25.0,0.66,299.5,15,0.7,101.5,4.189,-4.2,0,1,48084
2026-04-24T11:24:14,13.102457,-59.628635,25.0,0.39,231.1,13,0.7,101.3,4.186,-4.2,0,1,48085
2026-04-24T11:27:18,13.102443,-59.628647,23.8,0.22,238.4,12,0.8,101.3,4.186,-4.2,0,1,48086
2026-04-24T11:30:22,13.102399,-59.628696,18.8,0.14,235.0,12,0.8,100.8,4.187,-4.2,0,1,48087
2026-04-24T11:33:26,13.102392,-59.628693,17.3,0.11,240.6,12,0.9,100.7,4.189,-4.2,0,1,48088
2026-04-24T11:36:29,13.102393,-59.628693,15.7,0.48,233.2,12,0.9,100.8,4.181,-4.2,0,1,48089
2026-04-24T11:39:33,13.102385,-59.628677,14.0,0.35,234.6,13,0.8,100.2,4.184,-4.2,0,1,48090
2026-04-24T11:42:37,13.102537,-59.628414,38.0,0.26,59.4,11,1.0,100.2,4.184,-4.2,0,1,48091
2026-04-24T11:45:40,13.102487,-59.628479,32.3,1.31,136.7,12,0.9,100.0,4.179,-4.2,0,1,48092
2026-04-24T11:48:44,13.102417,-59.628525,29.4,0.74,221.9,12,0.9,99.7,4.174,-4.4,0,1,48093
2026-04-24T11:51:48,13.102407,-59.628609,28.5,0.14,240.6,10,1.0,99.6,4.181,-4.2,0,1,48094
2026-04-24T11:54:52,13.102407,-59.628628,27.8,0.74,59.5,11,0.9,99.6,4.175,-4.2,0,1,48095
2026-04-24T11:57:56,13.102369,-59.628677,26.5,0.58,229.7,10,1.2,99.4,4.169,-4.2,0,1,48096
2026-04-24T12:00:59,13.102369,-59.628712,27.1,0.48,248.8,12,0.8,99.4,4.175,-4.2,0,1,48097
2026-04-24T12:04:03,13.102388,-59.628685,25.9,0.28,217.4,9,1.0,99.1,4.175,-4.4,0,1,48098
2026-04-24T12:07:07,13.102400,-59.628590,27.1,0.01,88.6,10,1.1,99.1,4.169,-4.4,0,1,48099
2026-04-24T12:10:11,13.102432,-59.628593,28.9,0.72,350.8,12,0.8,98.9,4.171,-4.2,0,1,48100
2026-04-24T12:13:14,13.102522,-59.628460,40.4,0.51,48.5,12,0.8,98.9,4.174,-4.2,0,1,48101
2026-04-24T12:16:18,13.102485,-59.628441,38.3,0.69,275.3,10,0.9,98.4,4.168,-4.4,0,1,48102
2026-04-24T12:19:22,13.102453,-59.628437,36.0,2.10,206.0,12,0.8,98.4,4.170,-4.4,0,1,48103
2026-04-24T12:22:26,13.102447,-59.628441,36.5,0.44,202.2,11,0.8,98.4,4.165,-4.4,0,1,48104
2026-04-24T12:25:29,13.102425,-59.628437,38.6,0.43,202.2,10,1.0,98.1,4.161,-4.2,0,1,48105
2026-04-24T12:25:29,,,,,,,,97.8,4.159,-4.4,0,0,48106
2026-04-24T12:25:29,,,,,,,,97.8,4.156,-4.4,0,0,48107
2026-04-24T12:25:29,,,,,,,,97.5,4.157,-4.2,0,0,48108
2026-04-24T12:25:29,,,,,,,,97.3,4.157,-4.2,0,0,48109
2026-04-24T12:25:29,,,,,,,,96.7,4.156,-4.2,0,0,48110
2026-04-24T12:25:29,,,,,,,,96.6,4.154,-4.4,0,0,48111
2026-04-24T13:03:05,13.102304,-59.630459,-135.7,0.84,284.8,5,2.4,96.1,4.144,-4.2,0,1,48112
2026-04-24T13:08:07,13.101002,-59.628582,21.9,1.02,201.3,9,0.9,95.6,4.149,-4.2,0,1,48113
2026-04-24T13:08:36,13.100946,-59.628525,19.0,1.02,160.1,11,0.8,95.6,4.148,-4.2,0,1,48114
2026-04-24T13:09:05,13.100820,-59.628498,16.1,0.80,160.1,4,1.3,95.6,4.146,-4.2,0,1,48115
2026-04-24T13:09:34,13.100786,-59.628551,13.4,0.16,160.1,10,0.8,95.6,4.140,-4.2,0,1,48116
2026-04-24T13:12:38,13.100824,-59.628532,0.8,0.07,199.9,9,0.9,95.6,4.140,-4.2,0,1,48117
2026-04-24T13:15:42,13.100478,-59.628296,-9.1,1.68,133.4,9,1.0,95.6,4.141,-4.2,0,1,48118
2026-04-24T13:18:46,13.100626,-59.627769,-20.4,0.40,84.9,12,0.8,95.3,4.144,-4.4,0,1,48119
2026-04-24T13:21:49,13.100701,-59.627834,-16.4,0.22,23.9,6,1.3,95.3,4.137,-4.4,0,1,48120
2026-04-24T13:24:53,13.100083,-59.627285,2.4,9.51,160.2,11,0.8,94.7,4.144,-4.4,0,1,48121
2026-04-24T13:27:57,13.105659,-59.625832,8.8,9.32,340.1,14,0.7,94.7,4.137,-4.4,0,1,48122
2026-04-24T13:28:26,13.106312,-59.624161,4.6,8.08,38.2,13,0.8,94.5,4.139,-4.2,0,1,48123
2026-04-24T13:28:55,13.107646,-59.625061,5.6,18.43,323.0,3,3.9,94.5,4.130,-4.2,0,1,48124
2026-04-24T13:29:24,13.110203,-59.626495,10.2,24.59,338.0,7,1.0,94.3,4.142,-4.2,0,1,48125
2026-04-24T13:29:53,13.113574,-59.626987,9.4,24.55,3.6,14,0.7,94.5,4.135,-4.2,0,1,48126
2026-04-24T13:30:22,13.116886,-59.626945,1.5,26.64,2.0,10,0.9,94.5,4.141,-4.2,0,1,48127
2026-04-24T13:30:51,13.120388,-59.627449,-1.4,26.69,331.0,8,1.0,94.3,4.136,-4.2,0,1,48128
2026-04-24T13:31:20,13.123631,-59.628635,11.1,26.75,348.0,9,0.8,94.2,4.136,-4.2,0,1,48129
2026-04-24T13:31:49,13.126536,-59.631035,5.1,28.25,316.2,9,1.0,94.3,4.136,-4.2,0,1,48130
2026-04-24T13:32:18,13.129734,-59.632465,18.7,21.43,338.1,8,1.2,94.2,4.139,-4.2,0,1,48131
2026-04-24T13:32:47,13.131976,-59.633381,31.2,10.63,21.6,4,1.5,94.2,4.139,-4.2,0,1,48132
2026-04-24T13:33:16,13.133096,-59.633038,35.7,14.61,354.1,8,1.0,94.2,4.139,-4.2,0,1,48133
2026-04-24T13:33:45,13.135058,-59.634586,17.8,18.78,313.6,9,1.0,94.0,4.135,-4.4,0,1,48134
2026-04-24T13:34:14,13.137047,-59.635605,20.6,16.03,315.0,8,1.0,94.2,4.133,-4.2,0,1,48135
2026-04-24T13:34:43,13.138904,-59.636776,10.1,16.17,357.0,7,1.5,94.2,4.133,-4.2,0,1,48136
2026-04-24T13:35:12,13.141153,-59.637127,6.3,16.86,354.8,9,1.0,93.9,4.133,-4.2,0,1,48137
2026-04-24T13:35:41,13.143587,-59.637714,7.2,20.61,325.6,6,1.4,94.3,4.133,-4.2,0,1,48138
2026-04-24T13:36:10,13.145997,-59.638271,9.8,18.59,357.4,7,1.0,94.3,4.133,-4.2,0,1,48139
2026-04-24T13:36:39,13.146875,-59.638100,18.6,10.59,8.4,12,0.8,94.3,4.133,-4.2,0,1,48140
2026-04-24T13:37:08,13.148418,-59.638130,16.5,14.58,3.1,7,0.9,94.2,4.137,-4.2,0,1,48141
2026-04-24T13:37:37,13.150913,-59.637684,12.9,23.10,4.4,10,0.9,94.2,4.135,-4.2,0,1,48142
2026-04-24T13:38:06,13.153630,-59.637196,15.2,17.03,10.7,10,0.9,93.7,4.131,-4.2,0,1,48143
2026-04-24T13:38:35,13.155882,-59.636620,25.3,14.59,16.6,6,1.5,94.2,4.133,-4.2,0,1,48144
2026-04-24T13:39:04,13.158107,-59.636948,24.6,16.41,341.8,9,1.0,94.2,4.131,-4.2,0,1,48145
2026-04-24T13:39:33,13.159863,-59.637177,23.3,11.16,357.1,7,2.6,93.9,4.131,-4.2,0,1,48146
2026-04-24T13:40:02,13.162272,-59.637024,24.5,17.53,10.5,5,1.3,93.9,4.135,-4.2,0,1,48147
2026-04-24T13:40:31,13.164402,-59.636742,30.2,18.75,8.2,6,1.4,94.0,4.131,-4.4,0,1,48148
2026-04-24T13:41:00,13.166248,-59.636608,23.8,12.87,353.1,8,1.0,93.9,4.133,-4.2,0,1,48149
2026-04-24T13:41:29,13.168170,-59.636993,21.3,7.79,335.3,4,1.9,93.9,4.135,-4.2,0,1,48150
2026-04-24T13:41:58,13.169415,-59.637089,15.8,15.87,352.9,5,1.6,94.0,4.131,-4.4,0,1,48151
2026-04-24T13:42:27,13.172103,-59.635975,15.0,23.92,30.5,5,1.6,93.9,4.130,-4.2,0,1,48152
2026-04-24T13:42:56,13.174158,-59.635643,16.4,20.20,356.2,7,1.7,94.0,4.130,-4.4,0,1,48153
2026-04-24T13:43:25,13.176695,-59.637268,12.3,18.95,319.2,4,1.8,93.7,4.135,-4.2,0,1,48154
2026-04-24T13:43:54,13.178452,-59.638149,16.9,7.33,326.0,6,1.2,94.0,4.130,-4.4,0,1,48155
2026-04-24T13:44:23,13.180528,-59.638802,21.0,15.58,345.2,4,1.5,93.9,4.135,-4.2,0,1,48156
2026-04-24T13:44:52,13.182458,-59.638618,13.7,14.64,356.4,11,0.7,93.7,4.128,-4.2,0,1,48157
2026-04-24T13:45:21,13.184405,-59.638306,10.8,15.15,23.3,9,1.0,93.9,4.130,-4.2,0,1,48158
2026-04-24T13:45:50,13.185194,-59.637798,9.1,0.10,23.1,9,1.1,93.7,4.130,-4.2,0,1,48159
2026-04-24T13:46:19,13.185960,-59.637100,2.3,10.95,46.1,7,1.0,93.4,4.134,-4.4,0,1,48160
2026-04-24T13:46:48,13.187716,-59.636299,0.9,9.58,347.6,5,2.3,93.4,4.133,-4.4,0,1,48161
2026-04-24T13:47:17,13.188291,-59.636562,-0.1,10.66,333.3,4,1.6,93.7,4.129,-4.2,0,1,48162
2026-04-24T13:47:46,13.189178,-59.637043,-0.3,4.95,331.5,9,1.0,93.7,4.133,-4.2,0,1,48163
2026-04-24T13:48:15,13.190993,-59.635468,5.1,31.59,66.1,11,0.8,93.4,4.129,-4.4,0,1,48164
2026-04-24T13:48:44,13.192857,-59.632122,29.3,22.04,70.0,8,1.3,93.5,4.126,2490.6,0,1,48165
2026-04-24T13:49:13,13.193414,-59.628620,43.8,30.57,69.3,6,1.4,93.2,4.129,-4.2,0,1,48166
2026-04-24T13:49:42,13.194994,-59.624897,66.0,26.67,59.2,3,5.7,93.5,4.121,-4.2,0,1,48167
2026-04-24T13:50:11,13.197075,-59.622501,85.7,21.64,74.1,6,1.2,93.7,4.126,-4.2,0,1,48168
2026-04-24T13:50:40,13.198835,-59.620686,113.8,16.04,64.6,8,0.9,93.7,4.129,-4.2,0,1,48169
2026-04-24T13:51:09,13.200260,-59.617336,117.9,27.78,42.5,9,0.9,93.5,4.126,-4.2,0,1,48170
2026-04-24T13:51:38,13.200488,-59.615749,117.8,14.12,159.7,10,0.9,93.2,4.128,-4.2,0,1,48171
2026-04-24T13:52:07,13.197790,-59.613228,141.9,29.43,145.8,7,1.1,93.5,4.131,-4.2,0,1,48172
2026-04-24T13:52:36,13.195142,-59.612328,142.4,22.86,173.9,7,1.0,93.4,4.130,-4.4,0,1,48173
2026-04-24T13:53:05,13.191849,-59.612045,124.5,27.34,173.1,7,1.1,93.2,4.125,-4.2,0,1,48174
2026-04-24T13:53:34,13.188766,-59.611309,121.6,20.81,176.8,5,1.4,93.2,4.129,-4.2,0,1,48175
2026-04-24T13:54:03,13.186646,-59.611019,128.8,13.76,104.1,9,1.1,93.5,4.130,-4.2,0,1,48176
2026-04-24T13:54:32,13.186286,-59.608391,132.7,8.50,98.5,11,1.0,93.1,4.126,-4.2,0,1,48177
2026-04-24T13:55:01,13.185349,-59.607758,143.4,11.26,158.2,5,1.5,93.2,4.128,-4.2,0,1,48178
2026-04-24T13:55:30,13.183511,-59.605778,151.3,27.47,107.0,6,1.4,93.1,4.122,-4.2,0,1,48179
2026-04-24T13:55:59,13.182721,-59.602478,182.0,29.38,112.3,8,0.9,93.2,4.122,-4.2,0,1,48180
2026-04-24T13:56:28,13.181051,-59.599739,210.6,22.42,114.0,8,0.9,92.9,4.124,-4.2,0,1,48181
2026-04-24T13:56:57,13.180853,-59.597446,236.3,11.66,81.6,4,1.8,93.2,4.130,-4.2,0,1,48182
2026-04-24T13:57:26,13.181927,-59.596947,252.8,7.90,23.1,3,2.5,93.1,4.125,-4.2,0,1,48183
2026-04-24T13:57:55,13.182078,-59.595264,252.9,14.72,96.8,10,0.9,92.9,4.130,-4.2,0,1,48184
2026-04-24T13:58:24,13.182281,-59.594418,255.0,9.81,6.7,11,0.9,92.9,4.122,-4.2,0,1,48185
2026-04-24T13:58:53,13.183800,-59.594170,258.1,9.64,350.9,8,1.1,93.1,4.130,-4.2,0,1,48186
2026-04-24T13:59:22,13.185812,-59.594017,267.0,11.55,359.1,10,0.8,93.1,4.125,-4.2,0,1,48187
2026-04-24T13:59:51,13.187634,-59.593849,271.3,10.69,9.9,11,0.8,92.6,4.122,-4.2,0,1,48188
2026-04-24T14:00:20,13.187252,-59.591839,280.0,23.04,91.4,11,0.9,93.2,4.121,-4.2,0,1,48189
2026-04-24T14:00:49,13.187553,-59.590195,288.3,12.04,78.3,9,0.9,93.2,4.124,2482.1,0,1,48190
2026-04-24T14:01:18,13.186077,-59.589012,286.1,15.67,139.8,7,1.2,92.8,4.124,-4.4,0,1,48191
2026-04-24T14:01:47,13.185634,-59.585838,282.5,25.30,86.7,6,1.5,92.9,4.121,-4.2,0,1,48192
2026-04-24T14:02:16,13.186896,-59.584141,274.4,9.74,67.2,3,3.7,92.6,4.128,-4.2,0,1,48193
2026-04-24T14:02:45,13.186401,-59.583160,273.6,6.50,127.5,3,3.0,92.9,4.122,-4.2,0,1,48194
2026-04-24T14:03:14,13.185538,-59.581966,275.4,12.35,147.4,7,1.1,92.9,4.119,-4.2,0,1,48195
2026-04-24T14:03:43,13.184989,-59.580269,279.9,19.44,93.2,6,1.2,92.9,4.122,-4.2,0,1,48196
2026-04-24T14:04:12,13.185418,-59.578011,290.0,15.27,83.6,6,1.3,92.8,4.125,-4.4,0,1,48197
2026-04-24T14:04:41,13.186414,-59.576622,296.3,17.89,12.0,11,0.9,92.6,4.121,-4.2,0,1,48198
2026-04-24T14:05:10,13.188292,-59.576107,302.0,13.28,56.9,8,1.0,92.8,4.125,-4.4,0,1,48199
2026-04-24T14:05:39,13.189144,-59.574982,300.1,15.86,355.7,9,1.0,92.8,4.121,-4.4,0,1,48200
2026-04-24T14:06:08,13.191227,-59.573963,307.2,11.96,53.9,11,0.9,92.6,4.121,-4.2,0,1,48201
2026-04-24T14:06:37,13.191864,-59.573235,306.6,6.30,0.7,4,1.5,92.6,4.114,-4.2,0,1,48202
2026-04-24T14:07:06,13.193314,-59.573151,305.4,12.92,10.2,3,1.7,92.8,4.122,-4.4,0,1,48203
2026-04-24T14:07:35,13.195015,-59.573051,305.7,13.62,11.2,7,1.3,92.9,4.125,-4.2,0,1,48204
2026-04-24T14:08:04,13.195467,-59.572372,307.1,12.61,81.5,8,1.1,92.6,4.120,-4.2,0,1,48205
2026-04-24T14:08:33,13.195559,-59.570232,315.7,12.23,93.5,3,3.1,92.8,4.125,-4.4,0,1,48206
2026-04-24T14:09:02,13.196309,-59.568642,315.6,14.43,8.6,7,1.1,92.8,4.119,-4.4,0,1,48207
2026-04-24T14:09:31,13.196941,-59.568325,316.2,4.08,63.5,5,1.3,92.4,4.124,-4.2,0,1,48208
2026-04-24T14:10:00,13.197523,-59.567093,313.2,5.57,105.2,3,2.7,92.4,4.119,-4.2,0,1,48209
2026-04-24T14:10:29,13.197735,-59.566238,313.3,9.38,86.4,4,1.5,92.9,4.121,-4.2,0,1,48210
2026-04-24T14:10:58,13.196220,-59.565132,307.8,17.98,130.0,7,1.0,92.6,4.121,-4.2,0,1,48211
2026-04-24T14:11:27,13.196189,-59.563622,316.3,22.66,52.3,10,0.9,92.4,4.119,-4.2,0,1,48212
2026-04-24T14:11:56,13.197950,-59.562279,313.9,18.51,20.8,5,2.2,92.6,4.121,-4.2,0,1,48213
2026-04-24T14:12:25,13.200008,-59.561394,318.6,13.88,57.8,3,7.8,92.6,4.117,-4.2,0,1,48214
2026-04-24T14:12:54,13.200675,-59.559814,318.5,11.09,99.4,7,1.1,92.4,4.116,-4.2,0,1,48215
2026-04-24T14:13:23,13.200358,-59.557396,327.7,12.23,109.3,10,1.1,92.1,4.116,-4.4,0,1,48216
2026-04-24T14:13:52,13.199634,-59.556519,337.4,13.34,135.1,6,1.2,92.3,4.120,-4.2,0,1,48217
2026-04-24T14:14:21,13.199070,-59.555084,343.2,16.14,89.8,5,1.7,92.1,4.122,-4.4,0,1,48218
2026-04-24T14:14:50,13.198200,-59.554543,339.3,0.29,158.7,8,1.1,92.3,4.116,-4.2,0,1,48219
2026-04-24T14:15:19,13.197087,-59.554298,330.9,15.00,180.8,8,1.0,92.4,4.117,-4.2,0,1,48220
2026-04-24T14:15:48,13.195102,-59.553734,331.6,10.43,119.5,7,1.3,92.3,4.122,-4.2,0,1,48221
2026-04-24T14:16:17,13.193441,-59.552063,331.6,14.69,142.2,12,0.8,92.0,4.116,-4.2,0,1,48222
2026-04-24T14:16:46,13.191740,-59.550430,326.7,18.13,138.8,6,1.2,92.3,4.124,-4.2,0,1,48223
2026-04-24T14:17:15,13.189344,-59.549484,325.3,20.82,142.9,10,0.8,92.1,4.116,-4.4,0,1,48224
2026-04-24T14:17:44,13.186748,-59.548302,292.8,24.01,149.5,8,0.9,92.3,4.117,-4.2,0,1,48225
2026-04-24T14:18:13,13.185362,-59.546719,264.8,17.26,93.6,6,1.4,92.1,4.116,-4.4,0,1,48226
2026-04-24T14:18:42,13.185350,-59.545017,239.8,12.47,30.6,8,1.0,92.1,4.117,-4.4,0,1,48227
2026-04-24T14:19:11,13.188123,-59.543896,263.8,26.06,7.2,9,0.9,92.1,4.116,-4.4,0,1,48228
2026-04-24T14:19:40,13.191548,-59.545025,287.4,29.70,11.8,7,1.6,92.0,4.117,-4.2,0,1,48229
2026-04-24T14:20:09,13.195148,-59.543457,301.2,25.87,29.0,5,1.9,92.0,4.120,-4.2,0,1,48230
2026-04-24T14:20:45,13.197777,-59.542625,310.9,28.85,70.0,6,4.5,92.3,4.116,-4.2,0,1,48231
2026-04-24T14:21:14,13.199531,-59.540123,282.3,19.70,46.6,7,1.3,92.0,4.117,-4.2,0,1,48232
2026-04-24T14:21:43,13.200657,-59.539436,254.1,3.25,17.3,10,0.9,92.1,4.115,-4.4,0,1,48233
2026-04-24T14:22:12,13.201675,-59.538784,236.7,13.09,28.6,7,1.2,92.0,4.113,-4.2,0,1,48234
2026-04-24T14:22:41,13.203076,-59.537395,218.0,15.09,77.2,5,1.4,92.3,4.114,-4.2,0,1,48235
2026-04-24T14:23:10,13.203836,-59.535591,193.8,16.93,34.5,5,4.9,92.0,4.115,-4.2,0,1,48236
2026-04-24T14:23:40,13.205795,-59.535675,164.3,15.51,32.5,4,5.4,92.1,4.115,-4.4,0,1,48237
2026-04-24T14:24:09,13.205308,-59.533569,153.0,16.09,114.5,7,1.0,92.0,4.115,-4.2,0,1,48238
2026-04-24T14:24:38,13.206863,-59.533215,153.7,16.07,346.6,5,1.4,91.5,4.117,-4.4,0,1,48239
2026-04-24T14:25:07,13.207689,-59.532333,146.4,10.45,156.6,6,2.1,92.6,4.114,-4.2,0,1,48240
2026-04-24T14:25:36,13.208257,-59.530804,145.3,9.55,30.8,6,1.3,91.8,4.115,-4.2,0,1,48241
2026-04-24T14:26:05,13.209975,-59.529305,133.3,15.66,21.2,6,1.3,91.5,4.113,-4.4,0,1,48242
2026-04-24T14:26:34,13.209995,-59.528198,116.8,12.69,125.7,8,1.0,91.6,4.115,-4.2,0,1,48243
2026-04-24T14:27:03,13.209942,-59.527294,118.7,14.94,122.2,8,1.0,91.6,4.113,-4.2,0,1,48244
2026-04-24T14:27:32,13.209853,-59.525761,106.8,6.51,81.1,6,1.4,91.6,4.113,-4.2,0,1,48245
2026-04-24T14:28:01,13.209839,-59.525524,100.8,4.62,79.4,8,1.0,91.6,4.117,-4.2,0,1,48246
2026-04-24T14:28:30,13.210455,-59.524422,100.1,5.01,31.0,9,0.9,91.8,4.111,-4.2,0,1,48247
2026-04-24T14:28:59,13.210548,-59.524090,100.9,1.47,337.1,7,1.1,91.6,4.114,-4.2,0,1,48248
2026-04-24T14:29:28,13.210860,-59.523449,88.6,7.95,67.6,8,1.2,91.3,4.113,-4.2,0,1,48249
2026-04-24T14:29:57,13.211555,-59.523129,68.0,6.92,358.6,8,1.0,91.6,4.114,-4.2,0,1,48250
2026-04-24T14:30:26,13.212363,-59.522369,46.8,8.47,76.3,8,1.0,91.6,4.116,-4.2,0,1,48251
2026-04-24T14:30:55,13.213244,-59.521717,26.9,7.87,67.4,11,0.9,91.5,4.113,-4.4,0,1,48252
2026-04-24T14:31:24,13.212620,-59.520248,19.9,11.12,120.3,10,0.9,91.5,4.113,-4.4,0,1,48253
2026-04-24T14:31:53,13.211945,-59.518784,20.0,3.95,102.7,9,0.9,91.5,4.110,2435.7,0,1,48254
2026-04-24T14:32:22,13.211939,-59.518818,18.5,0.88,294.1,9,0.9,91.3,4.113,-4.2,0,1,48255
2026-04-24T14:32:51,13.211950,-59.518822,18.0,0.28,270.2,10,0.9,91.3,4.111,-4.2,0,1,48256
2026-04-24T14:35:54,13.211983,-59.518822,17.8,0.30,211.3,13,0.7,91.5,4.115,-4.4,0,1,48257
2026-04-24T14:38:58,13.211988,-59.518829,18.1,0.40,211.3,14,0.7,91.6,4.111,-4.2,0,1,48258
2026-04-24T14:42:01,13.211972,-59.518829,18.3,0.87,212.0,15,0.6,91.5,4.109,-4.4,0,1,48259
2026-04-24T14:45:04,13.212005,-59.518841,18.1,3.45,335.1,13,0.7,91.2,4.106,-4.2,0,1,48260
2026-04-24T14:48:08,13.212000,-59.518848,17.8,0.73,75.1,14,0.8,90.7,4.113,-4.2,0,1,48261
2026-04-24T14:51:12,13.211202,-59.516754,38.3,5.79,184.3,15,0.7,91.2,4.110,-4.2,0,1,48262
2026-04-24T14:54:16,13.210835,-59.514271,22.0,0.50,74.4,12,0.8,90.9,4.109,-4.4,0,1,48263
2026-04-24T14:57:19,13.211006,-59.514446,22.0,0.52,224.6,12,0.8,91.0,4.106,-4.2,0,1,48264
2026-04-24T15:00:23,13.211079,-59.514214,15.6,0.65,15.9,11,0.9,90.5,4.109,-4.2,0,1,48265
2026-04-24T15:03:27,13.211122,-59.514214,15.8,0.52,348.0,9,2.1,90.5,4.102,-4.2,0,1,48266
2026-04-24T15:06:31,13.211185,-59.514229,14.8,1.34,320.8,10,1.2,90.4,4.106,-4.2,0,1,48267
2026-04-24T15:09:34,13.211219,-59.514240,14.5,2.79,327.2,10,1.2,90.1,4.106,-4.2,0,1,48268
2026-04-24T15:10:04,13.211232,-59.514259,14.8,0.35,308.6,10,1.2,90.2,4.106,-4.4,0,1,48269
2026-04-24T15:10:33,13.211239,-59.514252,14.7,0.36,308.6,10,1.2,89.9,4.102,-4.2,0,1,48270
2026-04-24T15:13:37,13.211252,-59.514240,14.7,0.23,350.7,9,1.5,90.2,4.097,-4.4,0,1,48271
2026-04-24T15:16:41,13.211252,-59.514229,14.3,0.31,350.7,8,1.7,90.1,4.099,-4.2,0,1,48272
2026-04-24T15:19:44,13.211253,-59.514233,14.6,0.76,257.5,9,1.2,89.9,4.099,-4.2,0,1,48273
2026-04-24T15:22:48,13.211252,-59.514233,14.6,0.34,263.0,10,0.9,89.9,4.099,-4.2,0,1,48274
2026-04-24T15:25:52,13.211262,-59.514214,15.3,0.98,100.3,10,1.5,89.9,4.101,-4.2,0,1,48275
2026-04-24T15:28:56,13.211248,-59.514221,16.2,0.94,154.0,10,1.6,89.6,4.095,-4.4,0,1,48276
2026-04-24T15:31:59,13.211184,-59.514229,17.4,0.14,194.8,10,1.5,89.6,4.093,-4.4,0,1,48277
2026-04-24T15:35:03,13.211174,-59.514221,16.8,0.11,194.8,11,0.9,89.1,4.094,-4.2,0,1,48278
2026-04-24T15:38:07,13.211099,-59.514210,16.4,0.19,194.8,8,1.6,89.3,4.097,-4.2,0,1,48279
2026-04-24T15:41:11,13.211174,-59.514214,14.4,0.31,185.2,8,2.2,89.0,4.096,-4.4,0,1,48280
2026-04-24T15:44:14,13.211103,-59.514210,13.9,0.48,187.2,9,1.5,89.1,4.094,-4.2,0,1,48281
2026-04-24T15:47:18,13.211094,-59.514194,13.2,0.28,187.2,8,1.1,88.5,4.095,-3.7,0,1,48282
2026-04-24T15:50:22,13.211092,-59.514202,12.8,0.10,185.6,10,1.1,88.6,4.088,-4.2,0,1,48283
2026-04-24T15:53:26,13.211160,-59.514271,14.5,1.64,165.0,10,1.0,88.8,4.089,-4.2,0,1,48284
2026-04-24T15:56:29,13.210858,-59.514259,16.4,0.56,67.8,15,0.7,88.8,4.085,-4.2,0,1,48285
2026-04-24T15:59:33,13.209815,-59.517387,49.7,10.57,200.5,14,0.7,88.2,4.091,-3.7,0,1,48286
2026-04-24T16:02:37,13.205477,-59.520653,128.2,12.27,310.3,11,0.9,88.4,4.088,-4.0,0,1,48287
2026-04-24T16:03:06,13.205477,-59.521851,149.1,12.00,254.3,13,0.7,88.2,4.086,-3.7,0,1,48288
2026-04-24T16:03:35,13.205697,-59.523502,153.2,12.28,300.5,6,1.6,88.1,4.090,-4.0,0,1,48289
2026-04-24T16:04:04,13.206268,-59.525043,147.8,9.54,290.4,13,0.7,88.1,4.085,-4.0,0,1,48290
2026-04-24T16:04:33,13.206523,-59.525806,142.9,10.17,296.9,12,0.8,88.1,4.085,-4.0,0,1,48291
2026-04-24T16:05:02,13.207808,-59.526848,115.6,11.94,352.7,14,0.7,88.4,4.084,-4.0,0,1,48292
2026-04-24T16:05:31,13.209632,-59.527832,105.6,19.72,339.1,15,0.7,88.1,4.085,-4.0,0,1,48293
2026-04-24T16:06:00,13.209764,-59.529434,99.3,17.34,213.9,13,0.8,88.1,4.089,-4.0,0,1,48294
2026-04-24T16:06:29,13.207802,-59.531071,118.4,17.40,208.4,15,0.7,87.9,4.084,-3.7,0,1,48295
2026-04-24T16:06:58,13.207945,-59.532475,133.2,9.11,342.6,13,0.8,87.9,4.088,-3.7,0,1,48296
2026-04-24T16:07:27,13.206716,-59.532928,148.2,10.01,170.6,12,0.9,88.1,4.088,-4.0,0,1,48297
2026-04-24T16:07:56,13.205392,-59.533279,162.4,11.79,240.5,9,1.5,88.1,4.082,-4.0,0,1,48298
2026-04-24T16:08:25,13.205946,-59.535149,165.8,10.64,234.5,15,0.7,87.9,4.080,-3.7,0,1,48299
2026-04-24T16:08:54,13.204208,-59.535545,185.1,18.66,146.3,8,1.0,88.1,4.090,-4.0,0,1,48300
2026-04-24T16:09:23,13.202988,-59.537395,213.6,17.93,271.6,9,1.3,88.1,4.085,-4.0,0,1,48301
2026-04-24T16:09:52,13.201294,-59.538956,243.5,17.43,207.4,14,0.7,87.8,4.084,-3.7,0,1,48302
2026-04-24T16:10:21,13.199877,-59.539898,267.4,12.48,208.4,12,0.8,87.9,4.088,-3.7,0,1,48303
2026-04-24T16:10:50,13.197670,-59.542694,287.3,27.72,230.0,13,0.8,87.9,4.081,-3.7,0,1,48304
2026-04-24T16:11:19,13.195639,-59.543365,311.9,11.70,186.1,11,0.8,87.8,4.084,-3.7,0,1,48305
2026-04-24T16:11:48,13.192072,-59.544800,315.1,33.30,191.5,15,0.7,87.6,4.082,-4.0,0,1,48306
2026-04-24T16:12:17,13.189049,-59.544006,302.4,10.37,155.0,14,0.7,87.8,4.084,-3.7,0,1,48307
2026-04-24T16:12:46,13.189995,-59.542194,285.4,20.24,84.1,12,0.9,87.9,4.086,-3.7,0,1,48308
2026-04-24T16:13:15,13.191107,-59.539726,299.2,8.49,69.9,16,0.6,87.9,4.081,-3.7,0,1,48309
2026-04-24T16:13:44,13.192199,-59.538754,288.5,15.14,18.3,14,0.7,87.9,4.082,-3.7,0,1,48310
2026-04-24T16:14:13,13.193829,-59.537113,296.1,16.61,50.3,16,0.6,87.9,4.082,2340.8,0,1,48311
2026-04-24T16:14:42,13.195084,-59.535557,308.9,5.77,50.8,16,0.6,87.8,4.081,-3.7,0,1,48312
2026-04-24T16:15:11,13.193956,-59.533894,297.4,17.48,130.6,16,0.6,87.9,4.082,-3.7,0,1,48313
2026-04-24T16:15:40,13.193112,-59.532070,295.3,14.46,87.7,14,0.7,87.8,4.086,-3.7,0,1,48314
2026-04-24T16:16:09,13.193367,-59.530174,287.9,14.91,57.2,9,1.0,87.6,4.080,-4.0,0,1,48315
2026-04-24T16:16:38,13.194905,-59.527271,288.6,19.79,66.4,14,0.7,87.8,4.080,-3.7,0,1,48316
2026-04-24T16:17:07,13.194080,-59.525806,275.7,8.40,121.5,12,0.8,87.9,4.081,-3.7,0,1,48317
2026-04-24T16:17:36,13.193987,-59.524513,272.8,17.75,88.6,17,0.6,87.9,4.079,-3.7,0,1,48318
2026-04-24T16:18:05,13.195367,-59.523487,274.5,12.95,38.3,15,0.6,87.8,4.082,-3.7,0,1,48319
2026-04-24T16:18:34,13.195175,-59.519711,271.7,27.37,100.4,15,0.7,87.6,4.084,-4.0,0,1,48320
2026-04-24T16:19:03,13.194620,-59.515751,257.8,27.13,103.1,16,0.6,87.8,4.082,-3.7,0,1,48321
2026-04-24T16:19:32,13.193866,-59.512539,246.0,18.00,101.0,16,0.6,87.6,4.080,-4.0,0,1,48322
2026-04-24T16:20:01,13.192927,-59.510284,235.9,21.22,118.3,15,0.6,87.5,4.085,-3.7,0,1,48323
2026-04-24T16:20:30,13.190917,-59.507393,236.2,23.10,125.4,14,0.6,87.5,4.081,-3.7,0,1,48324
2026-04-24T16:20:59,13.189225,-59.506149,232.2,6.54,150.0,14,0.7,87.5,4.080,-3.7,0,1,48325
2026-04-24T16:21:28,13.189071,-59.503624,219.9,17.70,84.6,16,0.6,87.5,4.080,-3.7,0,1,48326
2026-04-24T16:21:57,13.187032,-59.502155,227.8,23.41,139.2,15,0.7,87.1,4.077,-3.7,0,1,48327
2026-04-24T16:22:26,13.185406,-59.499577,235.2,31.62,100.2,10,0.9,87.6,4.081,-4.0,0,1,48328
2026-04-24T16:22:55,13.184881,-59.498535,248.6,2.25,74.4,13,0.7,87.6,4.079,-4.0,0,1,48329
2026-04-24T16:23:24,13.184980,-59.498386,250.7,0.69,123.4,14,0.7,87.4,4.077,-3.7,0,1,48330
2026-04-24T16:23:53,13.185089,-59.498337,251.7,0.72,17.3,14,0.6,87.6,4.079,-4.0,0,1,48331
2026-04-24T16:26:57,13.185107,-59.498299,254.1,0.84,60.7,16,0.6,87.5,4.079,-3.7,0,1,48332
2026-04-24T16:30:01,13.185284,-59.497742,251.7,0.56,100.8,14,0.7,87.8,4.082,-3.7,0,1,48333
2026-04-24T16:33:04,13.185225,-59.497375,248.3,0.85,147.2,16,0.6,87.5,4.080,-3.7,0,1,48334
2026-04-24T16:36:08,13.184958,-59.497547,244.6,0.83,339.3,17,0.6,86.9,4.081,-4.0,0,1,48335
2026-04-24T16:39:12,13.185109,-59.498299,248.5,0.62,187.5,14,0.7,87.2,4.075,-4.0,0,1,48336
2026-04-24T16:42:16,13.185021,-59.498322,247.9,0.67,352.7,14,0.7,86.9,4.073,-4.0,0,1,48337
2026-04-24T16:45:19,13.176699,-59.495033,219.6,19.06,94.8,11,0.8,87.2,4.077,-4.0,0,1,48338
2026-04-24T16:48:23,13.161543,-59.483391,190.3,14.35,186.7,15,0.6,86.8,4.079,-3.7,0,1,48339
2026-04-24T16:48:52,13.157920,-59.483910,178.2,25.85,195.6,13,0.7,86.6,4.076,-3.7,0,1,48340
2026-04-24T16:49:21,13.154492,-59.484634,183.9,18.72,169.0,10,0.8,86.6,4.076,-3.7,0,1,48341
2026-04-24T16:49:50,13.151660,-59.482414,173.5,25.89,144.3,13,0.8,86.6,4.071,-3.7,0,1,48342
2026-04-24T16:50:19,13.149380,-59.481434,163.3,20.41,175.8,14,0.7,86.8,4.071,-3.7,0,1,48343
2026-04-24T16:50:48,13.146138,-59.481236,128.6,30.00,162.1,14,0.7,86.5,4.069,-4.0,0,1,48344
2026-04-24T16:51:17,13.144116,-59.480564,120.3,4.15,218.5,15,0.7,86.3,4.073,-3.7,0,1,48345
2026-04-24T16:51:46,13.143727,-59.482662,117.1,20.21,240.9,14,0.7,86.6,4.073,-3.7,0,1,48346
2026-04-24T16:52:15,13.142382,-59.485306,125.1,21.49,242.7,13,0.8,86.8,4.074,2310.3,0,1,48347
2026-04-24T16:52:44,13.140955,-59.487354,103.2,21.22,242.4,14,0.7,86.6,4.073,-3.7,0,1,48348
2026-04-24T16:53:13,13.138556,-59.488453,101.2,16.77,189.3,14,0.7,86.6,4.070,-3.7,0,1,48349
2026-04-24T16:53:42,13.136203,-59.488689,86.3,23.48,159.3,12,0.7,86.5,4.071,-4.0,0,1,48350
2026-04-24T16:54:11,13.133337,-59.486450,83.0,19.60,131.9,13,0.7,86.6,4.074,-3.7,0,1,48351
2026-04-24T16:54:40,13.130075,-59.484501,79.8,34.27,146.6,12,0.8,86.6,4.075,-3.7,0,1,48352
2026-04-24T16:55:09,13.127147,-59.482361,69.0,24.80,134.9,14,0.7,86.6,4.068,-3.7,0,1,48353
2026-04-24T16:55:38,13.124851,-59.481575,52.4,23.40,138.9,14,0.7,86.3,4.070,-3.7,0,1,48354
2026-04-24T16:56:07,13.122074,-59.479290,54.6,28.99,158.1,13,0.7,86.5,4.070,-4.0,0,1,48355
2026-04-24T16:56:36,13.118968,-59.477531,40.2,24.55,151.0,13,0.7,86.3,4.071,-3.7,0,1,48356
2026-04-24T16:57:05,13.117579,-59.476749,40.1,12.32,167.8,13,0.7,86.3,4.069,-3.7,0,1,48357
2026-04-24T16:57:34,13.117145,-59.476479,43.7,0.14,151.7,12,0.8,86.3,4.070,-3.7,0,1,48358
2026-04-24T16:58:03,13.115332,-59.475410,39.3,16.76,149.3,14,0.7,86.5,4.068,-4.0,0,1,48359
2026-04-24T16:58:32,13.113430,-59.473679,39.7,19.85,149.3,13,0.7,86.5,4.070,-4.0,0,1,48360
2026-04-24T16:59:01,13.111272,-59.472530,37.5,16.86,155.4,13,0.7,86.3,4.069,-3.7,0,1,48361
2026-04-24T16:59:30,13.109852,-59.472557,38.4,14.72,199.5,15,0.6,86.5,4.069,-4.0,0,1,48362
2026-04-24T16:59:59,13.106822,-59.472954,40.2,25.91,186.6,13,0.7,86.3,4.068,-3.7,0,1,48363
2026-04-24T17:00:28,13.103852,-59.473408,44.1,20.41,190.2,12,0.8,86.5,4.071,-4.0,0,1,48364
2026-04-24T17:00:57,13.102200,-59.473492,46.5,17.34,183.0,16,0.6,86.2,4.069,-3.7,0,1,48365
2026-04-24T17:01:26,13.099196,-59.473587,52.0,24.58,183.1,15,0.7,86.2,4.073,-3.7,0,1,48366
2026-04-24T17:01:55,13.095940,-59.473793,57.9,25.94,188.0,14,0.7,86.2,4.073,2295.1,0,1,48367
2026-04-24T17:02:24,13.093016,-59.474957,65.0,22.64,216.8,15,0.7,86.5,4.066,-4.0,0,1,48368
2026-04-24T17:02:53,13.089820,-59.476353,70.1,28.03,200.0,16,0.6,86.2,4.070,-3.7,0,1,48369
2026-04-24T17:03:22,13.087182,-59.477669,63.9,19.01,219.6,16,0.6,86.2,4.074,-3.7,0,1,48370
2026-04-24T17:03:51,13.086469,-59.478188,66.0,11.93,221.3,12,0.7,86.3,4.070,-3.7,0,1,48371
2026-04-24T17:04:20,13.084380,-59.479794,61.0,17.70,219.3,16,0.6,86.2,4.065,-3.7,0,1,48372
2026-04-24T17:04:49,13.083282,-59.482712,67.2,26.35,266.1,16,0.6,86.1,4.068,-4.0,0,1,48373
2026-04-24T17:05:18,13.083106,-59.484852,66.6,18.11,264.0,16,0.6,85.9,4.068,-3.7,0,1,48374
2026-04-24T17:05:47,13.082037,-59.487289,63.1,17.44,226.8,15,0.6,86.1,4.068,-4.0,0,1,48375
2026-04-24T17:06:16,13.081532,-59.486759,57.3,11.35,89.6,15,0.6,85.9,4.066,-3.7,0,1,48376
2026-04-24T17:06:45,13.080788,-59.486626,55.8,0.06,198.6,11,0.8,85.9,4.073,-3.7,0,1,48377
2026-04-24T17:07:14,13.080790,-59.486725,54.8,0.84,330.5,9,0.9,85.8,4.066,-4.0,0,1,48378
2026-04-24T17:10:18,13.080559,-59.487167,57.0,0.69,138.8,11,0.8,86.3,4.068,-3.7,0,1,48379
2026-04-24T17:13:22,13.080473,-59.487167,56.5,0.26,193.2,9,0.9,85.9,4.066,-3.7,0,1,48380
2026-04-24T17:16:26,13.081512,-59.493927,73.6,29.98,277.9,14,0.7,85.8,4.062,-4.0,0,1,48381
2026-04-24T17:19:29,13.079100,-59.520264,89.2,35.27,257.4,14,0.7,85.9,4.060,-3.7,0,1,48382
2026-04-24T17:19:59,13.078190,-59.525177,84.4,34.33,269.2,15,0.7,85.8,4.068,-4.0,0,1,48383
2026-04-24T17:20:28,13.079338,-59.529202,82.5,33.74,298.3,11,0.8,85.6,4.066,-3.7,0,1,48384
2026-04-24T17:20:57,13.080136,-59.530369,94.5,1.55,337.8,17,0.6,85.6,4.060,-3.7,0,1,48385
2026-04-24T17:21:26,13.081249,-59.531864,91.3,26.24,307.1,15,0.7,85.6,4.062,-3.7,0,1,48386
2026-04-24T17:21:55,13.082731,-59.534901,77.7,23.06,282.0,16,0.6,85.5,4.062,-3.7,0,1,48387
2026-04-24T17:22:24,13.083130,-59.537292,78.9,25.33,271.9,13,0.8,85.5,4.065,-3.7,0,1,48388
2026-04-24T17:22:53,13.082551,-59.541077,75.8,19.26,256.7,17,0.6,85.6,4.062,-3.7,0,1,48389
2026-04-24T17:23:22,13.082415,-59.541618,78.6,2.46,277.8,17,0.6,85.5,4.061,-3.7,0,1,48390
2026-04-24T17:23:51,13.082307,-59.541912,76.3,4.10,235.0,17,0.6,85.2,4.062,-3.7,0,1,48391
2026-04-24T17:24:20,13.082019,-59.543182,77.9,1.56,249.0,15,0.6,85.3,4.066,-4.0,0,1,48392
2026-04-24T17:24:49,13.082028,-59.543163,78.3,1.58,92.2,18,0.6,85.8,4.060,-4.0,0,1,48393
2026-04-24T17:25:18,13.081994,-59.543335,79.4,0.11,313.8,14,0.7,85.6,4.065,-3.7,0,1,48394
2026-04-24T17:25:47,13.082083,-59.543278,80.1,4.53,46.9,15,0.6,85.5,4.060,-3.7,0,1,48395
2026-04-24T17:26:16,13.082539,-59.541485,81.6,6.88,70.7,17,0.6,85.2,4.061,-3.7,0,1,48396
2026-04-24T17:26:45,13.082614,-59.541203,78.9,2.50,81.6,16,0.6,85.2,4.061,-3.7,0,1,48397
2026-04-24T17:27:14,13.082649,-59.540997,77.8,0.32,84.1,16,0.6,85.5,4.062,-3.7,0,1,48398
2026-04-24T17:27:43,13.082768,-59.540504,83.7,5.22,80.3,15,0.7,85.3,4.061,-4.0,0,1,48399
2026-04-24T17:28:12,13.082998,-59.539589,86.7,4.59,73.6,16,0.6,85.3,4.062,-4.0,0,1,48400
2026-04-24T17:28:41,13.083075,-59.539131,86.4,1.41,71.9,10,0.9,85.3,4.061,-4.0,0,1,48401
2026-04-24T17:29:10,13.083150,-59.538872,86.4,4.67,77.6,15,0.6,85.2,4.059,-3.7,0,1,48402
2026-04-24T17:29:39,13.083191,-59.538406,86.1,0.02,75.8,13,0.7,85.1,4.064,-3.7,0,1,48403
2026-04-24T17:30:08,13.083188,-59.538246,85.9,1.02,58.2,15,0.7,85.3,4.060,-4.0,0,1,48404
2026-04-24T17:30:37,13.083126,-59.535942,84.9,23.32,91.9,15,0.7,85.3,4.062,-4.0,0,1,48405
2026-04-24T17:31:06,13.081304,-59.531769,75.4,33.31,123.4,16,0.6,85.3,4.059,-4.0,0,1,48406
2026-04-24T17:31:35,13.080313,-59.530277,91.5,8.27,155.6,13,0.7,85.3,4.061,-4.0,0,1,48407
2026-04-24T17:32:04,13.078850,-59.532852,64.6,22.73,254.2,16,0.6,85.2,4.059,-3.7,0,1,48408
2026-04-24T17:32:33,13.077485,-59.535290,65.1,17.75,238.3,14,0.7,85.1,4.064,-3.7,0,1,48409
2026-04-24T17:33:02,13.075381,-59.537151,64.6,18.78,217.9,17,0.6,85.1,4.059,-3.7,0,1,48410
2026-04-24T17:33:31,13.073226,-59.538708,57.4,22.24,215.0,18,0.6,85.3,4.060,-4.0,0,1,48411
2026-04-24T17:34:00,13.071286,-59.539803,49.8,11.05,208.2,16,0.6,85.1,4.060,-3.7,0,1,48412
2026-04-24T17:34:29,13.069538,-59.540840,46.1,14.40,226.7,17,0.6,85.2,4.060,-3.7,0,1,48413
2026-04-24T17:34:58,13.067628,-59.541634,32.2,11.04,192.3,18,0.6,85.2,4.057,-3.7,0,1,48414
2026-04-24T17:35:27,13.066918,-59.541824,28.0,9.21,198.9,18,0.6,84.9,4.056,-4.0,0,1,48415
2026-04-24T17:35:56,13.065895,-59.542137,30.1,3.87,213.4,18,0.6,85.1,4.059,-3.7,0,1,48416
2026-04-24T17:36:25,13.066007,-59.544262,22.2,22.26,278.3,20,0.5,85.1,4.057,-3.7,0,1,48417
2026-04-24T17:36:54,13.066800,-59.547104,27.1,18.61,284.9,17,0.6,85.1,4.060,-3.7,0,1,48418
2026-04-24T17:37:23,13.068210,-59.549061,27.2,17.83,312.3,16,0.6,85.1,4.064,-3.7,0,1,48419
2026-04-24T17:37:52,13.069494,-59.551643,26.8,23.05,291.4,18,0.6,85.2,4.059,-3.7,0,1,48420
2026-04-24T17:38:21,13.070706,-59.553967,26.6,1.65,305.3,12,0.8,84.8,4.061,-3.7,0,1,48421
2026-04-24T17:38:50,13.071568,-59.556072,28.1,17.38,296.3,20,0.5,84.8,4.057,-3.7,0,1,48422
2026-04-24T17:39:19,13.072104,-59.558056,29.9,19.36,276.3,16,0.6,84.9,4.062,-4.0,0,1,48423
2026-04-24T17:39:48,13.072904,-59.560448,27.9,19.04,265.5,14,0.6,84.8,4.061,-3.7,0,1,48424
2026-04-24T17:40:17,13.072640,-59.563240,19.5,20.34,259.8,18,0.6,84.6,4.056,-4.0,0,1,48425
2026-04-24T17:40:46,13.071567,-59.565701,20.7,16.85,215.0,17,0.6,84.9,4.061,-4.0,0,1,48426
2026-04-24T17:41:15,13.070277,-59.566101,15.6,12.91,199.1,13,0.8,84.9,4.057,-4.0,0,1,48427
2026-04-24T17:41:44,13.070122,-59.566162,13.0,2.99,216.6,13,0.8,84.9,4.062,-4.0,0,1,48428
2026-04-24T17:42:13,13.070242,-59.568306,17.2,8.31,249.3,14,0.7,84.9,4.056,-4.0,0,1,48429
2026-04-24T17:42:42,13.069300,-59.569851,4.4,21.39,281.4,13,0.7,85.1,4.057,-3.7,0,1,48430
2026-04-24T17:43:11,13.069417,-59.572517,-1.3,18.08,268.3,14,0.7,84.8,4.055,-3.7,0,1,48431
2026-04-24T17:43:40,13.069228,-59.574699,8.9,14.09,253.9,15,0.6,84.8,4.059,-3.7,0,1,48432
2026-04-24T17:44:09,13.068992,-59.576237,-0.8,15.27,262.5,14,0.7,84.9,4.056,-4.0,0,1,48433
2026-04-24T17:44:38,13.070267,-59.577805,0.9,13.96,326.0,14,0.7,84.8,4.060,-3.7,0,1,48434
2026-04-24T17:45:07,13.070728,-59.579483,-2.0,10.62,284.4,14,0.7,84.6,4.052,-4.0,0,1,48435
2026-04-24T17:45:36,13.071208,-59.581562,2.3,14.52,282.3,15,0.7,84.6,4.056,-4.0,0,1,48436
2026-04-24T17:46:05,13.071678,-59.583359,2.2,8.17,282.2,14,0.7,84.8,4.056,-3.7,0,1,48437
2026-04-24T17:46:34,13.071873,-59.585075,5.7,19.01,277.2,10,0.8,84.5,4.059,-3.7,0,1,48438
2026-04-24T17:47:03,13.073370,-59.587269,6.2,8.13,289.3,13,0.8,84.6,4.055,-4.0,0,1,48439
2026-04-24T17:47:32,13.073925,-59.588303,7.5,8.06,300.6,13,0.7,84.6,4.059,-4.0,0,1,48440
2026-04-24T17:48:01,13.074808,-59.589409,5.1,14.07,309.1,12,0.8,84.5,4.055,-3.7,0,1,48441
2026-04-24T17:48:30,13.074554,-59.591080,4.0,7.30,254.6,15,0.7,84.5,4.054,-3.7,0,1,48442
2026-04-24T17:48:59,13.074443,-59.591412,1.8,6.05,247.5,18,0.6,84.3,4.052,-3.7,0,1,48443
2026-04-24T17:49:28,13.074286,-59.591915,2.1,3.49,238.1,15,0.6,84.5,4.054,-3.7,0,1,48444
2026-04-24T17:49:57,13.074216,-59.592384,3.5,5.13,261.9,16,0.6,84.5,4.056,-3.7,0,1,48445
2026-04-24T17:50:26,13.074153,-59.593227,1.6,11.78,268.4,15,0.6,84.5,4.054,-3.7,0,1,48446
2026-04-24T17:50:55,13.074088,-59.593945,2.0,4.09,258.3,14,0.6,84.6,4.054,-4.0,0,1,48447
2026-04-24T17:51:24,13.074101,-59.593960,2.5,0.95,275.6,16,0.6,84.3,4.052,-3.7,0,1,48448
2026-04-24T17:51:53,13.074110,-59.593960,2.8,1.15,322.0,16,0.6,84.6,4.054,-4.0,0,1,48449
2026-04-24T17:52:22,13.074096,-59.594055,3.7,2.41,267.3,14,0.6,84.3,4.059,-3.7,0,1,48450
2026-04-24T17:52:51,13.074143,-59.595936,3.1,18.81,271.6,18,0.6,84.2,4.051,-4.4,0,1,48451
2026-04-24T17:53:20,13.074411,-59.598984,7.0,26.22,281.3,10,0.8,84.5,4.057,-3.7,0,1,48452
2026-04-24T17:53:49,13.075803,-59.601250,2.9,9.51,282.6,14,0.7,84.0,4.051,-4.4,0,1,48453
2026-04-24T17:54:18,13.077167,-59.603271,11.2,22.66,303.5,15,0.7,84.3,4.051,-3.7,0,1,48454
2026-04-24T17:54:47,13.079016,-59.606209,16.2,26.12,308.6,16,0.6,84.3,4.050,-3.7,0,1,48455
2026-04-24T17:55:16,13.081543,-59.607738,5.4,18.22,355.0,10,0.8,84.3,4.056,-3.7,0,1,48456
2026-04-24T17:55:45,13.082591,-59.607883,10.0,0.02,351.0,13,0.7,84.5,4.051,-3.7,0,1,48457
2026-04-24T17:56:14,13.083193,-59.607941,7.8,0.24,354.8,13,0.7,84.3,4.052,2245.4,0,1,48458
2026-04-24T17:59:18,13.084906,-59.608654,4.4,0.32,312.7,14,0.7,84.3,4.050,-3.7,0,1,48459
2026-04-24T18:02:22,13.091541,-59.609688,4.7,13.48,315.1,17,0.6,84.5,4.051,-3.7,0,1,48460
2026-04-24T18:05:26,13.096469,-59.613132,13.1,10.87,331.5,18,0.6,84.5,4.049,-3.7,0,1,48461
2026-04-24T18:05:55,13.096603,-59.614632,3.0,6.27,270.5,17,0.6,83.8,4.051,-4.4,0,1,48462
2026-04-24T18:06:24,13.096487,-59.615746,0.2,18.39,250.5,16,0.6,84.0,4.050,-4.4,0,1,48463
2026-04-24T18:06:53,13.096150,-59.616817,2.8,1.91,256.9,20,0.6,84.0,4.050,-4.4,0,1,48464
2026-04-24T18:07:22,13.096108,-59.616928,2.7,3.35,248.8,21,0.5,84.0,4.048,-4.4,0,1,48465
2026-04-24T18:07:51,13.096346,-59.617222,2.6,2.52,337.4,10,0.9,84.0,4.049,-4.4,0,1,48466
2026-04-24T18:08:20,13.096677,-59.617611,7.8,4.98,280.2,15,0.6,84.2,4.046,-4.4,0,1,48467
2026-04-24T18:08:49,13.096705,-59.617729,11.3,1.46,263.3,16,0.6,84.0,4.048,-4.4,0,1,48468
2026-04-24T18:09:18,13.096392,-59.617950,7.3,4.79,294.5,15,0.7,83.8,4.050,-4.4,0,1,48469
2026-04-24T18:09:47,13.096423,-59.618210,6.1,2.91,279.2,15,0.7,84.2,4.049,-4.4,0,1,48470
2026-04-24T18:10:16,13.096464,-59.618240,6.1,0.02,303.8,13,0.9,83.8,4.050,-4.4,0,1,48471
2026-04-24T18:10:45,13.096467,-59.618279,6.7,0.30,282.9,16,0.7,83.7,4.050,-4.4,0,1,48472
2026-04-24T18:13:48,13.100126,-59.627911,5.9,9.58,297.3,16,0.6,84.0,4.048,-4.4,0,1,48473
2026-04-24T18:16:52,13.100490,-59.628357,-8.8,1.14,4.4,15,0.6,83.8,4.046,-4.4,0,1,48474
2026-04-24T18:17:21,13.100717,-59.628338,-9.8,0.30,9.1,11,0.8,83.5,4.046,-4.4,0,1,48475
2026-04-24T18:17:50,13.100837,-59.628258,-7.1,0.76,227.3,7,1.1,83.4,4.050,-4.4,0,1,48476
2026-04-24T18:20:53,13.101310,-59.628620,-4.4,1.91,27.0,18,0.6,83.7,4.045,-4.4,0,1,48477
2026-04-24T18:23:57,13.102440,-59.628750,9.5,0.16,200.2,18,0.6,83.7,4.046,-4.4,0,1,48478
2026-04-24T18:23:57,,,,,,,,83.5,4.045,-4.4,0,0,48479
2026-04-24T18:30:57,13.102508,-59.628723,41.0,0.34,34.4,9,1.2,83.0,4.039,-4.4,0,1,48480
2026-04-24T18:34:00,13.102392,-59.628685,34.2,0.38,74.2,16,0.6,83.2,4.043,-4.2,0,1,48481
2026-04-24T18:37:04,13.102412,-59.628658,34.9,0.87,203.8,14,0.7,83.0,4.037,-4.4,0,1,48482
2026-04-24T18:40:08,13.102432,-59.628647,35.6,0.20,252.7,13,0.8,83.2,4.045,-4.2,0,1,48483
2026-04-24T18:43:12,13.102425,-59.628613,36.8,0.14,252.7,12,0.7,83.2,4.039,-4.2,0,1,48484
2026-04-24T18:46:16,13.102418,-59.628517,39.0,0.46,235.8,13,0.7,82.7,4.039,-4.4,0,1,48485
2026-04-24T18:49:19,13.102404,-59.628487,41.6,2.54,167.0,12,0.8,82.4,4.040,-4.4,0,1,48486
2026-04-24T18:52:23,13.102413,-59.628460,43.6,0.17,265.4,17,0.6,82.5,4.035,-4.4,0,1,48487
2026-04-24T18:55:27,13.102395,-59.628441,44.3,0.85,113.4,15,0.7,83.0,4.034,-4.4,0,1,48488
2026-04-24T18:58:31,13.102400,-59.628456,45.2,0.74,49.8,16,0.6,82.5,4.034,-4.4,0,1,48489
2026-04-24T19:01:34,13.102377,-59.628448,45.1,0.58,71.9,15,0.7,82.4,4.031,-4.4,0,1,48490
2026-04-24T19:04:38,13.102379,-59.628437,42.1,0.07,257.2,15,0.6,81.9,4.037,-4.2,0,1,48491
2026-04-24T19:07:42,13.102368,-59.628441,41.6,0.57,252.3,13,0.7,82.1,4.037,-4.4,0,1,48492
2026-04-24T19:10:46,13.102344,-59.628460,42.2,0.43,75.8,13,0.7,81.9,4.031,-4.2,0,1,48493
2026-04-24T19:13:49,13.102324,-59.628441,41.6,0.40,119.4,14,0.7,81.7,4.029,-4.4,0,1,48494
2026-04-24T19:16:53,13.102317,-59.628441,41.1,0.34,250.4,17,0.6,81.9,4.030,-4.2,0,1,48495
2026-04-24T19:19:57,13.102364,-59.628479,41.6,1.60,326.1,18,0.6,81.4,4.035,-4.4,0,1,48496
2026-04-24T19:23:01,13.102365,-59.628487,42.1,1.65,144.1,14,0.7,81.6,4.029,-4.4,0,1,48497
2026-04-24T19:23:30,13.102362,-59.628487,42.1,0.25,144.1,16,0.6,81.4,4.029,-4.4,0,1,48498
2026-04-24T19:23:59,13.102355,-59.628487,42.2,0.49,144.1,17,0.6,81.1,4.029,-4.4,0,1,48499
2026-04-24T19:27:03,13.102350,-59.628498,42.5,1.09,218.1,13,0.7,81.4,4.029,-4.4,0,1,48500
2026-04-24T19:30:07,13.102350,-59.628513,42.8,0.59,133.6,16,0.6,81.1,4.025,-4.4,0,1,48501
2026-04-24T19:33:11,13.102365,-59.628513,43.5,2.43,345.2,17,0.6,81.6,4.031,-4.4,0,1,48502
2026-04-24T19:36:14,13.102415,-59.628582,44.3,0.77,307.4,11,0.9,81.2,4.024,-4.4,0,1,48503
2026-04-24T19:39:18,13.102412,-59.628582,45.4,0.50,307.4,13,0.8,80.9,4.024,-4.4,0,1,48504
2026-04-24T19:42:22,13.102422,-59.628582,46.3,0.35,307.4,13,0.7,80.9,4.025,-4.4,0,1,48505
2026-04-24T19:45:25,13.102428,-59.628582,46.7,0.29,307.4,9,1.2,80.6,4.024,-4.2,0,1,48506
2026-04-24T19:48:29,13.102420,-59.628609,45.7,0.28,243.4,15,0.7,80.9,4.026,-4.4,0,1,48507
2026-04-24T19:51:33,13.102432,-59.628593,45.2,0.61,6.7,13,0.7,80.7,4.024,-4.4,0,1,48508
2026-04-24T19:54:37,13.102432,-59.628609,45.9,0.26,28.0,12,0.8,80.4,4.026,-4.4,0,1,48509
2026-04-24T19:57:41,13.102408,-59.628654,44.4,0.79,159.6,14,0.7,80.4,4.020,-4.4,0,1,48510
2026-04-24T20:00:44,13.102405,-59.628666,43.4,0.30,264.3,14,0.7,80.3,4.019,-4.4,0,1,48511
2026-04-24T20:03:48,13.102377,-59.628674,33.9,0.14,266.1,12,0.8,79.9,4.025,-4.4,0,1,48512
2026-04-24T20:06:52,13.102332,-59.628658,32.9,0.25,45.3,11,0.9,80.3,4.024,-4.4,0,1,48513
2026-04-24T20:09:56,13.102335,-59.628685,31.1,0.74,79.7,14,0.7,80.3,4.019,-4.4,0,1,48514
2026-04-24T20:12:59,13.102372,-59.628696,30.4,1.01,242.6,10,0.8,80.3,4.016,-4.4,0,1,48515
2026-04-24T20:16:03,13.102405,-59.628693,29.7,1.24,323.0,13,0.7,79.8,4.017,-4.4,0,1,48516
2026-04-24T20:16:32,13.102437,-59.628639,29.5,0.34,91.0,12,0.7,79.6,4.019,-4.4,0,1,48517
2026-04-24T20:17:01,13.102430,-59.628635,29.4,0.60,136.2,11,0.8,79.9,4.016,-4.4,0,1,48518
2026-04-24T20:20:04,13.102472,-59.628639,28.6,0.85,336.9,12,0.8,79.8,4.020,-4.4,0,1,48519
2026-04-24T20:23:08,13.102508,-59.628620,28.4,0.43,357.4,13,0.7,79.4,4.016,-4.4,0,1,48520
2026-04-24T20:26:12,13.102525,-59.628609,27.2,0.14,40.8,12,0.8,79.6,4.017,-4.4,0,1,48521
2026-04-24T20:29:16,13.102517,-59.628601,28.2,0.37,40.8,12,0.7,79.6,4.017,-4.4,0,1,48522
2026-04-24T20:32:19,13.102517,-59.628590,29.7,0.88,106.3,10,0.8,79.6,4.017,-4.4,0,1,48523
2026-04-24T20:35:23,13.102523,-59.628574,31.2,0.30,106.3,11,0.7,79.4,4.011,-4.4,0,1,48524
2026-04-24T20:38:27,13.102512,-59.628555,33.5,0.33,106.3,10,0.8,79.4,4.016,-4.4,0,1,48525
2026-04-24T20:41:31,13.102522,-59.628551,33.7,0.13,106.3,11,0.8,79.4,4.010,-4.4,0,1,48526
2026-04-24T20:44:34,13.102515,-59.628536,34.3,1.04,147.4,15,0.6,79.0,4.014,-4.4,0,1,48527
2026-04-24T20:47:38,13.102510,-59.628525,33.1,0.16,148.5,12,0.7,79.0,4.012,-4.4,0,1,48528
2026-04-24T20:50:42,13.102510,-59.628536,28.9,0.61,300.2,9,0.9,78.8,4.010,-4.4,0,1,48529
2026-04-24T20:53:46,13.102520,-59.628555,24.8,0.23,43.8,12,0.8,78.6,4.008,-4.4,0,1,48530
2026-04-24T20:56:49,13.102533,-59.628555,24.4,0.10,255.9,11,0.8,78.6,4.006,-4.4,0,1,48531
2026-04-24T20:59:53,13.102528,-59.628551,24.4,0.17,255.9,11,0.8,78.3,4.011,-4.4,0,1,48532
2026-04-24T21:02:57,13.102522,-59.628551,24.4,0.40,131.5,12,0.8,78.5,4.006,-4.4,0,1,48533
2026-04-24T21:06:01,13.102518,-59.628551,24.1,0.34,131.5,14,0.7,78.5,4.005,-4.4,0,1,48534
2026-04-24T21:09:04,13.102513,-59.628544,23.6,0.48,264.7,15,0.6,78.5,4.006,-4.4,0,1,48535
2026-04-24T21:12:08,13.102520,-59.628525,23.9,0.09,264.7,12,0.7,78.0,4.005,-4.2,0,1,48536
2026-04-24T21:15:12,13.102523,-59.628609,25.0,0.39,270.1,13,0.7,78.5,4.003,-4.4,0,1,48537
2026-04-24T21:18:16,13.103208,-59.629036,44.3,1.03,336.5,10,0.9,78.1,4.001,-4.4,0,1,48538
2026-04-24T21:21:19,13.103217,-59.630405,38.3,0.91,246.7,9,1.2,78.0,3.999,-4.2,0,1,48539
2026-04-24T21:24:23,13.103363,-59.630432,34.3,1.75,9.4,8,1.1,78.1,4.005,-4.4,0,1,48540
2026-04-24T21:27:27,13.106125,-59.631615,35.0,5.18,334.9,6,2.0,78.0,4.006,-4.2,0,1,48541
2026-04-24T21:27:56,13.106617,-59.632149,35.7,4.67,329.1,7,1.4,77.5,4.003,-4.4,0,1,48542
2026-04-24T21:28:25,13.107135,-59.632389,31.9,4.64,339.2,9,0.9,77.8,3.999,-4.4,0,1,48543
2026-04-24T21:28:54,13.107683,-59.632687,23.9,4.80,318.3,7,1.3,77.5,4.001,-4.4,0,1,48544
2026-04-24T21:29:23,13.108128,-59.633209,19.3,5.56,305.9,7,1.4,77.6,4.001,-4.4,0,1,48545
2026-04-24T21:29:52,13.108377,-59.633797,22.1,4.90,297.1,8,1.2,77.6,4.000,-4.4,0,1,48546
2026-04-24T21:30:21,13.108767,-59.634426,14.3,4.90,297.4,8,1.2,77.6,4.001,-4.4,0,1,48547
2026-04-24T21:30:50,13.108855,-59.635086,16.3,5.25,273.8,8,1.3,77.5,4.000,-4.4,0,1,48548
2026-04-24T21:31:19,13.108748,-59.635788,26.4,5.61,268.9,7,1.5,77.3,3.999,-4.4,0,1,48549
2026-04-24T21:31:48,13.108572,-59.636379,37.0,5.36,263.4,8,1.1,77.5,4.000,-4.4,0,1,48550
2026-04-24T21:32:17,13.108403,-59.637138,41.6,5.43,257.1,7,1.5,77.3,3.999,-4.4,0,1,48551
2026-04-24T21:32:46,13.108235,-59.637894,46.4,7.64,268.1,6,2.3,77.3,3.999,-4.4,0,1,48552
2026-04-24T21:33:15,13.108187,-59.638695,51.5,5.41,258.3,6,2.3,77.2,3.999,-4.4,0,1,48553
2026-04-24T21:33:44,13.108075,-59.639515,52.8,6.19,262.3,7,1.4,77.5,4.000,-4.4,0,1,48554
2026-04-24T21:34:13,13.108022,-59.640423,48.1,6.60,269.7,8,1.2,77.5,4.000,-4.4,0,1,48555
2026-04-24T21:34:42,13.107926,-59.641357,44.7,7.65,263.3,9,1.1,77.3,3.999,-4.4,0,1,48556
2026-04-24T21:35:11,13.107748,-59.642475,44.8,7.82,259.5,7,1.4,77.6,3.999,-4.4,0,1,48557
2026-04-24T21:35:40,13.107756,-59.643726,30.4,8.92,264.6,7,1.4,77.2,4.000,-4.4,0,1,48558
2026-04-24T21:36:09,13.107641,-59.644958,13.3,8.86,257.9,7,1.4,77.0,3.997,-4.4,0,1,48559
2026-04-24T21:36:38,13.107355,-59.646324,13.9,9.35,251.4,6,2.4,77.5,3.997,-4.4,0,1,48560
2026-04-24T21:37:07,13.106727,-59.647476,17.5,9.60,240.2,6,2.4,77.2,3.996,-4.4,0,1,48561
2026-04-24T21:37:36,13.106020,-59.648621,23.9,9.53,229.4,7,1.5,77.2,3.996,-4.4,0,1,48562
2026-04-24T21:38:05,13.105140,-59.649658,12.8,10.43,225.2,9,1.0,77.0,4.001,-4.4,0,1,48563
2026-04-24T21:38:34,13.104148,-59.650566,-4.3,9.60,209.4,8,1.3,77.3,3.999,-4.4,0,1,48564
2026-04-24T21:39:03,13.102994,-59.651295,15.8,10.36,211.9,8,1.2,77.0,3.997,-4.4,0,1,48565
2026-04-24T21:39:32,13.101673,-59.651852,3.9,9.98,201.8,9,1.3,77.0,3.995,-4.4,0,1,48566
2026-04-24T21:40:01,13.100355,-59.652069,16.9,9.52,194.7,9,1.2,77.2,3.997,-4.4,0,1,48567
2026-04-24T21:40:30,13.099015,-59.652210,25.9,9.68,178.2,9,1.2,77.0,3.996,-4.4,0,1,48568
2026-04-24T21:40:59,13.097603,-59.652294,28.0,10.75,177.2,10,1.1,77.2,3.995,-4.4,0,1,48569
2026-04-24T21:41:28,13.096135,-59.652191,28.6,10.88,171.7,8,1.2,76.8,4.000,-4.4,0,1,48570
2026-04-24T21:41:57,13.094622,-59.652122,31.1,11.35,178.1,8,1.5,77.0,3.994,-4.4,0,1,48571
2026-04-24T21:42:26,13.093083,-59.652077,27.2,11.76,175.5,9,1.0,77.0,3.996,-4.4,0,1,48572
2026-04-24T21:42:55,13.091547,-59.652027,26.4,12.09,186.0,7,1.7,76.8,3.996,-4.4,0,1,48573
2026-04-24T21:43:24,13.089992,-59.651981,32.0,11.94,179.0,8,1.2,77.0,3.994,-4.4,0,1,48574
2026-04-24T21:43:53,13.088428,-59.651966,28.8,11.49,180.2,8,1.5,76.8,3.995,-4.4,0,1,48575
2026-04-24T21:44:22,13.086845,-59.651974,20.5,10.55,176.7,10,1.0,76.8,3.996,-4.4,0,1,48576
2026-04-24T21:44:51,13.085294,-59.651924,22.0,11.39,178.6,8,1.2,77.0,3.994,-4.4,0,1,48577
2026-04-24T21:45:20,13.083776,-59.651924,20.6,11.43,175.8,8,1.2,76.7,3.995,-4.2,0,1,48578
2026-04-24T21:45:49,13.082321,-59.651745,17.6,11.48,172.6,6,1.8,76.5,3.995,-4.4,0,1,48579
2026-04-24T21:46:18,13.080883,-59.651604,16.8,11.33,173.9,8,1.2,76.7,3.994,-4.2,0,1,48580
2026-04-24T21:46:47,13.079408,-59.651257,12.9,10.58,160.5,8,1.2,76.5,3.991,-4.4,0,1,48581
2026-04-24T21:47:16,13.077976,-59.650913,23.6,10.52,158.6,9,1.2,76.7,3.995,-4.2,0,1,48582
2026-04-24T21:47:45,13.076735,-59.650188,19.9,10.64,162.3,8,1.5,76.5,3.995,-4.4,0,1,48583
2026-04-24T21:48:14,13.075443,-59.649479,32.4,9.69,144.7,10,1.0,76.5,3.994,-4.4,0,1,48584
2026-04-24T21:48:43,13.074360,-59.648602,43.8,9.35,149.4,9,1.0,76.5,3.995,-4.4,0,1,48585
2026-04-24T21:49:12,13.073288,-59.647713,43.3,9.94,140.1,8,1.2,76.5,3.994,-4.4,0,1,48586
2026-04-24T21:49:41,13.072240,-59.646706,41.4,9.49,134.0,9,1.2,76.7,3.993,2041.3,0,1,48587
2026-04-24T21:50:10,13.071522,-59.645485,51.9,10.35,123.9,7,1.5,76.5,3.994,-4.4,0,1,48588
2026-04-24T21:50:39,13.070858,-59.644241,66.9,10.30,118.4,7,1.5,76.5,3.991,-4.4,0,1,48589
2026-04-24T21:51:08,13.070114,-59.643070,66.7,9.20,114.2,8,1.3,76.3,3.994,-4.4,0,1,48590
2026-04-24T21:51:37,13.069543,-59.641804,63.8,10.18,116.5,8,1.3,76.5,3.991,-4.4,0,1,48591
2026-04-24T21:52:06,13.068948,-59.640568,65.7,10.00,118.2,9,1.1,76.7,3.993,-4.2,0,1,48592
2026-04-24T21:52:35,13.068336,-59.639378,56.9,9.95,118.6,7,1.5,76.5,3.994,-4.4,0,1,48593
2026-04-24T21:53:04,13.067816,-59.638027,66.5,10.19,114.9,8,1.3,76.3,3.991,-4.4,0,1,48594
2026-04-24T21:53:33,13.067180,-59.636780,68.4,10.47,119.1,7,1.5,76.7,3.991,-4.2,0,1,48595
2026-04-24T21:54:02,13.066580,-59.635448,75.3,11.22,113.0,7,1.5,76.3,3.995,-4.4,0,1,48596
2026-04-24T21:54:31,13.065918,-59.634220,76.4,9.82,122.8,7,1.5,76.5,3.994,-4.4,0,1,48597
2026-04-24T21:55:00,13.065267,-59.632961,77.2,10.01,116.9,8,1.5,76.3,3.993,-4.4,0,1,48598
2026-04-24T21:55:29,13.064652,-59.631615,80.9,10.21,116.1,9,1.0,76.5,3.993,-4.4,0,1,48599
2026-04-24T21:55:58,13.063920,-59.630482,54.7,9.55,118.2,8,1.4,76.3,3.993,-4.4,0,1,48600
2026-04-24T21:56:27,13.063233,-59.629185,45.4,11.29,121.3,11,1.0,76.7,3.993,-4.2,0,1,48601
2026-04-24T21:56:56,13.062505,-59.627979,24.3,10.63,122.9,9,1.3,76.3,3.990,-4.4,0,1,48602
2026-04-24T21:57:25,13.061785,-59.626694,18.9,10.25,117.1,10,1.2,76.3,3.991,-4.4,0,1,48603
2026-04-24T21:57:54,13.061043,-59.625439,13.8,10.92,112.7,11,1.0,76.2,3.991,2028.2,0,1,48604
2026-04-24T21:58:23,13.060285,-59.624123,12.6,11.39,123.6,10,1.2,76.3,3.991,-4.4,0,1,48605
2026-04-24T21:58:52,13.059595,-59.622753,7.8,10.42,113.6,10,1.2,76.3,3.990,2032.6,0,1,48606
2026-04-24T21:59:21,13.058855,-59.621407,4.3,11.61,114.7,10,1.2,76.2,3.993,-4.4,0,1,48607
2026-04-24T21:59:50,13.058185,-59.620064,4.6,10.23,119.3,10,1.2,76.2,3.990,-4.4,0,1,48608
2026-04-24T22:00:19,13.057417,-59.618702,11.4,11.28,123.9,11,0.9,76.3,3.991,-4.4,0,1,48609
2026-04-24T22:00:48,13.056679,-59.617306,9.4,12.53,117.6,10,1.1,76.3,3.991,-4.4,0,1,48610
2026-04-24T22:01:17,13.055910,-59.615879,4.4,11.84,124.0,10,1.1,76.3,3.990,-4.4,0,1,48611
2026-04-24T22:01:46,13.055123,-59.614407,11.4,12.08,117.5,10,1.2,76.2,3.993,-4.4,0,1,48612
2026-04-24T22:02:15,13.054294,-59.612961,14.7,12.79,117.3,9,1.3,76.3,3.995,-4.4,0,1,48613
2026-04-24T22:02:44,13.053492,-59.611496,18.8,11.52,121.4,10,1.2,76.3,3.989,-4.4,0,1,48614
2026-04-24T22:03:13,13.052609,-59.610035,4.0,12.77,121.2,10,1.2,76.0,3.989,-4.4,0,1,48615
2026-04-24T22:03:42,13.051799,-59.608479,10.1,12.98,117.3,11,1.0,76.2,3.990,-4.4,0,1,48616
2026-04-24T22:04:11,13.050944,-59.606956,15.5,11.96,118.6,11,1.0,76.3,3.990,-4.4,0,1,48617
2026-04-24T22:04:40,13.050074,-59.605453,19.1,13.42,122.0,10,1.2,76.0,3.990,-4.4,0,1,48618
2026-04-24T22:05:09,13.049146,-59.603870,15.1,12.92,120.1,11,1.0,76.0,3.991,-4.4,0,1,48619
2026-04-24T22:05:38,13.048335,-59.602310,16.4,13.45,115.9,11,1.0,75.9,3.990,-4.4,0,1,48620
2026-04-24T22:06:07,13.047485,-59.600773,19.5,12.92,117.9,10,1.1,76.0,3.990,-4.4,0,1,48621
2026-04-24T22:06:36,13.046597,-59.599174,17.7,12.52,115.9,10,1.2,75.9,3.991,-4.4,0,1,48622
2026-04-24T22:07:05,13.045755,-59.597549,10.0,12.83,114.0,11,1.0,76.0,3.989,-4.4,0,1,48623
2026-04-24T22:07:34,13.045020,-59.595982,8.9,12.55,114.7,10,1.2,76.0,3.989,-4.4,0,1,48624
2026-04-24T22:08:03,13.044133,-59.594337,11.9,13.63,117.7,11,1.0,76.2,3.990,-4.4,0,1,48625
2026-04-24T22:08:32,13.043395,-59.592709,7.2,12.86,112.9,11,1.0,76.2,3.990,-4.4,0,1,48626
2026-04-24T22:09:01,13.042610,-59.591080,9.6,13.54,116.8,11,1.0,76.0,3.990,-4.4,0,1,48627
2026-04-24T22:09:30,13.041817,-59.589504,10.5,13.27,114.1,11,1.0,75.9,3.994,-4.4,0,1,48628
2026-04-24T22:09:59,13.041107,-59.587807,7.1,13.00,108.4,10,1.2,76.0,3.989,-4.4,0,1,48629
2026-04-24T22:10:28,13.040256,-59.586208,6.6,13.29,116.3,10,1.2,75.9,3.989,-4.4,0,1,48630
2026-04-24T22:10:57,13.039418,-59.584652,12.6,13.04,113.4,9,1.6,75.9,3.991,-4.4,0,1,48631
2026-04-24T22:11:26,13.038472,-59.583084,10.3,13.32,116.9,9,1.3,75.9,3.987,-4.4,0,1,48632
2026-04-24T22:11:55,13.037704,-59.581470,12.7,13.20,118.3,11,1.0,75.9,3.989,-4.4,0,1,48633
2026-04-24T22:12:24,13.036899,-59.579872,7.5,12.78,115.3,10,1.2,75.7,3.993,-4.4,0,1,48634
2026-04-24T22:12:53,13.036091,-59.578354,11.7,13.89,120.6,10,1.2,75.9,3.991,-4.4,0,1,48635
2026-04-24T22:13:22,13.035286,-59.576683,17.7,13.07,114.5,11,1.0,75.7,3.989,-4.4,0,1,48636
2026-04-24T22:13:51,13.034534,-59.575073,14.0,13.21,114.8,9,1.3,75.9,3.987,-4.4,0,1,48637
2026-04-24T22:14:20,13.033650,-59.573524,15.8,13.27,115.5,11,1.0,76.0,3.987,-4.4,0,1,48638
2026-04-24T22:14:49,13.032806,-59.571938,19.4,13.09,118.9,10,1.2,75.9,3.986,-4.4,0,1,48639
2026-04-24T22:15:18,13.031939,-59.570419,17.4,12.54,115.5,9,1.7,75.7,3.987,-4.4,0,1,48640
2026-04-24T22:15:47,13.031183,-59.568806,21.1,11.79,109.0,9,1.3,75.7,3.987,-4.4,0,1,48641
2026-04-24T22:16:16,13.030330,-59.567249,17.7,12.32,125.7,10,1.2,75.7,3.986,-4.4,0,1,48642
2026-04-24T22:16:45,13.029512,-59.565678,23.1,13.09,119.0,10,1.2,75.9,3.984,-4.4,0,1,48643
2026-04-24T22:17:14,13.028656,-59.564129,31.9,12.78,117.5,10,1.2,75.7,3.986,-4.4,0,1,48644
2026-04-24T22:17:43,13.027906,-59.562572,33.7,11.23,116.5,11,1.0,75.5,3.985,-4.4,0,1,48645
2026-04-24T22:18:12,13.027051,-59.561146,33.1,12.47,119.0,10,1.2,75.5,3.986,-4.4,0,1,48646
2026-04-24T22:18:41,13.026203,-59.559692,36.7,12.19,116.3,8,1.4,75.7,3.989,-4.4,0,1,48647
2026-04-24T22:19:10,13.025388,-59.558228,49.3,11.56,124.2,9,1.3,75.5,3.985,-4.4,0,1,48648
2026-04-24T22:19:39,13.024694,-59.556774,44.9,12.80,118.1,9,1.3,75.5,3.985,-4.4,0,1,48649
2026-04-24T22:20:08,13.023874,-59.555367,35.3,11.72,121.1,8,1.4,75.5,3.989,-4.4,0,1,48650
2026-04-24T22:20:37,13.022957,-59.553921,33.6,12.22,125.0,8,2.0,75.5,3.986,-4.4,0,1,48651
2026-04-24T22:21:06,13.022126,-59.552437,38.0,11.62,120.5,9,1.3,75.7,3.986,-4.4,0,1,48652
2026-04-24T22:21:35,13.021250,-59.551071,41.2,12.36,121.2,8,2.0,75.4,3.985,-4.2,0,1,48653
2026-04-24T22:22:04,13.020460,-59.549614,47.3,11.63,118.7,8,2.0,75.2,3.985,-4.4,0,1,48654
2026-04-24T22:22:33,13.019602,-59.548191,42.2,11.32,119.1,8,2.1,75.4,3.984,-4.2,0,1,48655
2026-04-24T22:23:02,13.018768,-59.546726,33.8,12.17,121.1,8,1.3,75.5,3.984,-4.4,0,1,48656
2026-04-24T22:23:31,13.018042,-59.545319,22.1,11.82,119.0,8,2.1,75.5,3.985,-4.4,0,1,48657
2026-04-24T22:24:00,13.017303,-59.543846,24.9,11.64,117.5,8,1.3,75.2,3.987,-4.4,0,1,48658
2026-04-24T22:24:29,13.016554,-59.542309,31.8,11.35,115.8,9,1.3,75.7,3.984,-4.4,0,1,48659
2026-04-24T22:24:58,13.015750,-59.540890,42.1,12.45,112.4,9,1.3,75.4,3.981,-4.2,0,1,48660
2026-04-24T22:25:27,13.014958,-59.539391,57.9,12.19,119.0,11,1.0,75.2,3.986,-4.4,0,1,48661
2026-04-24T22:25:56,13.014090,-59.537960,51.9,12.27,112.2,9,1.9,75.2,3.984,-4.4,0,1,48662
2026-04-24T22:26:25,13.013363,-59.536572,42.0,12.13,118.7,9,1.9,75.2,3.984,-4.4,0,1,48663
2026-04-24T22:26:54,13.012632,-59.535103,35.9,11.70,111.9,10,1.2,75.5,3.985,-4.4,0,1,48664
2026-04-24T22:27:23,13.011967,-59.533562,27.2,11.82,107.3,10,1.2,75.2,3.984,-4.4,0,1,48665
2026-04-24T22:27:52,13.011375,-59.532089,5.1,12.33,103.6,10,1.2,75.4,3.984,-4.2,0,1,48666
2026-04-24T22:28:21,13.011002,-59.530533,14.2,12.56,104.8,10,1.2,75.0,3.984,-4.4,0,1,48667
2026-04-24T22:28:50,13.010636,-59.528843,19.6,12.61,104.6,10,1.2,75.0,3.983,-4.4,0,1,48668
2026-04-24T22:29:19,13.010177,-59.527218,25.6,12.19,102.8,9,1.2,75.2,3.980,-4.4,0,1,48669
2026-04-24T22:29:48,13.010052,-59.525631,29.9,12.62,100.5,10,1.2,75.0,3.980,-4.4,0,1,48670
2026-04-24T22:30:17,13.010000,-59.523968,36.7,12.17,87.5,10,1.2,75.5,3.981,-4.4,0,1,48671
2026-04-24T22:30:46,13.009842,-59.522381,-5.9,11.93,96.4,9,1.2,75.0,3.983,-4.4,0,1,48672
2026-04-24T22:31:15,13.009918,-59.520767,-8.0,12.39,85.5,9,1.4,74.7,3.981,-4.4,0,1,48673
2026-04-24T22:31:44,13.009996,-59.519020,16.2,12.07,84.8,10,1.2,75.0,3.980,-4.4,0,1,48674
2026-04-24T22:32:13,13.010346,-59.517349,7.5,11.93,77.5,10,1.2,74.9,3.983,-4.4,0,1,48675
2026-04-24T22:32:42,13.010567,-59.515598,4.3,12.39,79.1,9,1.4,74.7,3.981,-4.4,0,1,48676
2026-04-24T22:33:11,13.010895,-59.513988,4.9,10.91,85.9,9,1.4,74.9,3.981,-4.4,0,1,48677
2026-04-24T22:33:40,13.011432,-59.512402,-1.2,12.50,69.0,9,1.4,74.9,3.977,-4.4,0,1,48678
2026-04-24T22:34:09,13.011998,-59.510796,6.3,13.14,65.5,9,1.4,74.5,3.980,-4.4,0,1,48679
2026-04-24T22:34:38,13.012609,-59.509300,10.5,11.53,68.7,10,1.4,75.0,3.981,-4.4,0,1,48680
2026-04-24T22:35:07,13.013280,-59.507717,38.8,13.47,56.9,9,1.7,75.0,3.980,-4.4,0,1,48681
2026-04-24T22:35:36,13.014087,-59.506214,39.8,12.92,61.6,10,1.4,74.9,3.985,-4.4,0,1,48682
2026-04-24T22:36:05,13.014803,-59.504761,33.5,12.46,61.5,10,1.4,74.9,3.979,-4.4,0,1,48683
2026-04-24T22:36:34,13.015720,-59.503246,42.6,12.80,60.4,10,1.3,75.0,3.979,-4.4,0,1,48684
2026-04-24T22:37:03,13.016582,-59.501774,38.0,12.75,56.7,10,1.3,75.0,3.980,-4.4,0,1,48685
2026-04-24T22:37:32,13.017286,-59.500225,34.7,12.11,62.6,10,1.3,74.7,3.980,-4.4,0,1,48686
2026-04-24T22:38:01,13.018069,-59.498661,32.0,13.02,59.9,9,1.6,74.7,3.980,-4.4,0,1,48687
2026-04-24T22:38:30,13.018873,-59.497242,35.6,12.20,62.7,10,1.3,74.5,3.980,-4.4,0,1,48688
2026-04-24T22:38:59,13.019792,-59.495674,46.4,12.83,61.5,9,1.4,74.7,3.981,-4.4,0,1,48689
2026-04-24T22:39:28,13.020370,-59.494133,34.8,11.66,64.7,11,1.1,74.7,3.977,-4.4,0,1,48690
2026-04-24T22:39:57,13.021125,-59.492577,38.0,12.88,60.6,10,1.2,74.7,3.984,-4.4,0,1,48691
2026-04-24T22:40:26,13.021858,-59.491028,36.2,12.02,62.3,11,1.1,74.7,3.979,-4.4,0,1,48692
2026-04-24T22:40:55,13.022635,-59.489517,37.7,12.64,62.9,11,1.1,74.5,3.977,-4.4,0,1,48693
2026-04-24T22:41:24,13.023316,-59.487995,35.9,12.03,60.4,11,1.1,74.5,3.979,-4.4,0,1,48694
2026-04-24T22:41:53,13.024043,-59.486408,28.1,13.73,69.2,11,1.1,74.7,3.977,-4.4,0,1,48695
2026-04-24T22:42:22,13.024728,-59.484871,25.2,13.01,64.1,11,1.1,74.5,3.977,-4.4,0,1,48696
2026-04-24T22:42:51,13.025471,-59.483334,25.1,12.43,64.7,11,1.1,74.5,3.979,-4.4,0,1,48697
2026-04-24T22:43:20,13.026205,-59.481701,25.1,13.32,65.3,10,1.4,74.5,3.979,-4.4,0,1,48698
2026-04-24T22:43:49,13.026940,-59.480160,21.6,12.04,62.9,11,1.1,74.5,3.977,-4.4,0,1,48699
2026-04-24T22:44:18,13.027637,-59.478565,15.7,12.28,62.7,11,1.1,74.9,3.983,-4.4,0,1,48700
2026-04-24T22:44:47,13.028385,-59.476974,3.6,13.36,64.4,11,1.1,74.5,3.977,-4.4,0,1,48701
2026-04-24T22:45:16,13.029003,-59.475399,-8.4,11.90,72.5,10,1.1,74.4,3.977,-4.4,0,1,48702
2026-04-24T22:45:45,13.029790,-59.473785,-2.4,12.88,69.8,10,1.1,74.5,3.977,-4.4,0,1,48703
2026-04-24T22:46:14,13.030445,-59.472210,1.9,12.70,64.3,9,1.4,74.4,3.977,-4.4,0,1,48704
2026-04-24T22:46:43,13.031088,-59.470604,21.9,12.66,66.6,9,1.4,74.5,3.977,-4.4,0,1,48705
2026-04-24T22:47:12,13.031795,-59.469009,29.5,12.60,68.1,9,1.4,74.2,3.977,-4.4,0,1,48706
2026-04-24T22:47:41,13.032505,-59.467430,35.0,12.66,65.5,10,1.1,74.4,3.980,-4.4,0,1,48707
2026-04-24T22:48:10,13.033210,-59.465805,31.9,12.94,63.7,9,1.4,74.4,3.976,-4.4,0,1,48708
2026-04-24T22:48:39,13.033963,-59.464218,27.0,12.43,63.2,9,1.4,74.4,3.976,-4.4,0,1,48709
2026-04-24T22:49:08,13.034701,-59.462654,28.9,12.61,60.0,9,1.4,74.2,3.979,-4.4,0,1,48710
2026-04-24T22:49:37,13.035434,-59.461063,26.1,13.03,62.7,10,1.1,74.5,3.975,-4.4,0,1,48711
2026-04-24T22:50:06,13.036217,-59.459496,26.6,12.18,63.8,9,1.2,74.4,3.977,-4.4,0,1,48712
2026-04-24T22:50:35,13.036917,-59.457893,18.8,10.90,75.7,10,1.1,74.4,3.974,-4.4,0,1,48713
2026-04-24T22:51:04,13.037655,-59.456322,10.9,13.12,62.7,9,1.4,74.4,3.974,-4.4,0,1,48714
2026-04-24T22:51:33,13.038434,-59.454712,1.3,13.16,63.0,9,1.4,74.5,3.975,-4.4,0,1,48715
2026-04-24T22:52:02,13.039089,-59.453083,2.4,13.12,68.8,10,1.1,74.2,3.973,-4.4,0,1,48716
2026-04-24T22:52:31,13.039734,-59.451508,6.8,12.53,65.6,10,1.1,74.1,3.979,-4.4,0,1,48717
2026-04-24T22:53:00,13.040529,-59.449902,14.8,13.01,66.5,9,1.4,74.4,3.974,-4.4,0,1,48718
2026-04-24T22:53:29,13.041375,-59.448372,8.3,12.84,66.8,9,1.4,74.1,3.979,-4.4,0,1,48719
2026-04-24T22:53:58,13.042227,-59.446789,8.7,13.76,67.2,9,1.4,74.1,3.976,-4.4,0,1,48720
2026-04-24T22:54:27,13.042989,-59.445210,14.4,12.56,62.8,9,1.4,74.2,3.974,-4.4,0,1,48721
2026-04-24T22:54:56,13.043736,-59.443623,8.7,13.08,65.9,9,1.4,74.2,3.975,-4.4,0,1,48722
2026-04-24T22:55:25,13.044517,-59.442047,17.6,12.54,61.4,9,1.4,74.1,3.975,-4.4,0,1,48723
2026-04-24T22:55:54,13.045254,-59.440414,17.4,13.16,66.7,9,1.4,74.2,3.974,-4.4,0,1,48724
2026-04-24T22:56:23,13.046059,-59.438843,9.6,13.34,59.0,9,1.4,74.1,3.974,-4.4,0,1,48725
2026-04-24T22:56:52,13.046847,-59.437248,4.3,12.21,67.6,9,1.4,74.2,3.973,-4.4,0,1,48726
2026-04-24T22:57:21,13.047648,-59.435699,11.0,13.28,63.7,9,1.4,74.1,3.974,-4.4,0,1,48727
2026-04-24T22:57:50,13.048449,-59.434120,17.2,12.36,69.2,9,1.4,74.1,3.974,1971.6,0,1,48728
2026-04-24T22:58:19,13.049180,-59.432510,21.5,12.74,68.6,9,1.3,73.9,3.974,-4.4,0,1,48729
2026-04-24T22:58:48,13.049975,-59.430923,22.9,12.95,61.0,10,1.0,73.9,3.974,-4.4,0,1,48730
2026-04-24T22:59:17,13.050818,-59.429363,18.6,13.17,69.1,8,1.4,73.7,3.974,-4.4,0,1,48731
2026-04-24T22:59:46,13.051595,-59.427765,7.4,12.76,63.9,10,1.0,74.2,3.973,-4.4,0,1,48732
2026-04-24T23:00:15,13.052404,-59.426182,12.8,12.57,63.2,9,1.3,74.1,3.976,-4.4,0,1,48733
2026-04-24T23:00:44,13.053219,-59.424583,8.6,13.61,62.7,9,1.3,73.9,3.973,-4.4,0,1,48734
2026-04-24T23:01:13,13.054028,-59.422997,10.6,12.85,63.6,9,1.3,73.9,3.971,-4.4,0,1,48735
2026-04-24T23:01:42,13.054807,-59.421402,5.3,12.76,62.9,10,1.0,74.1,3.974,-4.4,0,1,48736
2026-04-24T23:02:11,13.055575,-59.419807,2.5,13.25,66.4,9,1.3,74.2,3.971,-4.4,0,1,48737
2026-04-24T23:02:40,13.056391,-59.418221,12.4,13.30,64.3,9,1.3,73.9,3.973,-4.4,0,1,48738
2026-04-24T23:03:09,13.057063,-59.416615,10.8,12.54,62.2,10,1.0,73.6,3.974,1958.5,0,1,48739
2026-04-24T23:03:38,13.057846,-59.415035,15.9,12.95,65.0,8,1.9,73.9,3.971,-4.4,0,1,48740
2026-04-24T23:04:07,13.058578,-59.413441,15.2,12.89,62.7,8,1.9,73.7,3.974,-4.4,0,1,48741
2026-04-24T23:04:36,13.059394,-59.411846,16.5,12.95,63.6,8,1.9,73.7,3.969,-4.4,0,1,48742
2026-04-24T23:05:05,13.060184,-59.410252,16.4,14.12,70.0,9,1.3,73.7,3.973,-4.4,0,1,48743
2026-04-24T23:05:34,13.060992,-59.408710,15.9,12.62,66.6,9,1.3,73.6,3.971,-4.4,0,1,48744
2026-04-24T23:06:03,13.061732,-59.407093,12.1,12.89,64.6,8,1.9,73.7,3.971,-4.4,0,1,48745
2026-04-24T23:06:32,13.062567,-59.405510,14.5,12.89,64.7,9,1.3,73.7,3.970,-4.4,0,1,48746
2026-04-24T23:07:01,13.063255,-59.403934,14.1,12.93,62.5,9,1.3,73.9,3.971,-4.4,0,1,48747
2026-04-24T23:07:30,13.063987,-59.402344,7.6,13.04,62.5,9,1.3,73.7,3.973,-4.4,0,1,48748
2026-04-24T23:07:59,13.064792,-59.400711,16.1,12.25,63.5,10,1.1,73.7,3.971,-4.4,0,1,48749
2026-04-24T23:08:28,13.065688,-59.399117,19.8,11.82,67.7,9,1.3,73.7,3.973,-4.4,0,1,48750
2026-04-24T23:08:57,13.066548,-59.397499,28.7,12.97,66.8,9,1.3,73.6,3.970,-4.4,0,1,48751
2026-04-24T23:09:26,13.067382,-59.395931,29.5,11.87,64.3,9,1.2,73.6,3.969,-4.4,0,1,48752
2026-04-24T23:09:55,13.068192,-59.394329,34.0,11.95,66.3,10,1.1,73.4,3.971,-4.4,0,1,48753
2026-04-24T23:10:24,13.069045,-59.392723,33.6,13.22,60.4,10,1.1,73.7,3.971,-4.4,0,1,48754
2026-04-24T23:10:53,13.069841,-59.391129,24.4,12.12,63.2,9,1.2,73.6,3.969,-4.4,0,1,48755
2026-04-24T23:11:22,13.070674,-59.389530,26.3,13.66,63.3,10,1.1,73.6,3.966,-4.4,0,1,48756
2026-04-24T23:11:51,13.071489,-59.387928,32.7,13.20,67.7,9,1.8,73.6,3.969,-4.4,0,1,48757
2026-04-24T23:12:20,13.072322,-59.386349,37.8,13.00,60.8,10,1.1,73.2,3.970,-4.4,0,1,48758
2026-04-24T23:12:49,13.073122,-59.384743,38.3,12.45,64.7,11,0.9,73.6,3.967,-4.4,0,1,48759
2026-04-24T23:13:18,13.073870,-59.383167,22.1,12.00,59.1,10,1.1,73.4,3.971,-4.4,0,1,48760
2026-04-24T23:13:47,13.074540,-59.381485,23.0,13.85,64.1,10,1.1,73.4,3.973,-4.4,0,1,48761
2026-04-24T23:14:16,13.075336,-59.379955,30.6,13.22,76.0,10,1.1,73.6,3.969,-4.4,0,1,48762
2026-04-24T23:14:45,13.076110,-59.378357,28.6,12.91,63.0,10,1.1,73.2,3.969,-4.4,0,1,48763
2026-04-24T23:15:14,13.076962,-59.376747,27.7,13.66,62.6,10,1.0,73.2,3.969,-4.4,0,1,48764
2026-04-24T23:15:43,13.077729,-59.375160,24.5,12.57,64.2,9,1.9,73.1,3.969,-4.4,0,1,48765
2026-04-24T23:16:12,13.078625,-59.373569,25.2,13.18,62.2,10,1.1,73.1,3.967,-4.4,0,1,48766
2026-04-24T23:16:41,13.079454,-59.371964,25.2,13.47,72.5,11,0.9,73.2,3.969,-4.4,0,1,48767
2026-04-24T23:17:10,13.080425,-59.370354,24.5,13.70,63.0,10,1.1,73.2,3.969,-4.4,0,1,48768
2026-04-24T23:17:39,13.081282,-59.368755,22.7,11.72,66.1,11,1.0,73.1,3.965,-4.4,0,1,48769
2026-04-24T23:18:08,13.082093,-59.367134,19.9,13.26,60.6,10,1.1,73.2,3.973,-4.4,0,1,48770
2026-04-24T23:18:37,13.082920,-59.365509,17.2,13.43,69.8,11,1.0,73.2,3.969,-4.4,0,1,48771
2026-04-24T23:19:06,13.083789,-59.363819,14.1,12.89,64.8,10,1.1,73.2,3.969,-4.4,0,1,48772
2026-04-24T23:19:35,13.084629,-59.362213,13.5,13.17,67.5,10,1.1,73.4,3.967,-4.4,0,1,48773
2026-04-24T23:20:04,13.085505,-59.360626,17.4,13.11,61.2,11,1.0,73.1,3.965,-4.4,0,1,48774
2026-04-24T23:20:33,13.086388,-59.358990,18.4,13.31,60.3,11,1.0,72.9,3.966,-4.4,0,1,48775
2026-04-24T23:21:02,13.087236,-59.357357,22.8,14.07,66.2,10,1.2,73.1,3.966,-4.4,0,1,48776
2026-04-24T23:21:31,13.087991,-59.355698,19.6,12.99,69.5,9,1.3,72.9,3.964,-4.4,0,1,48777
2026-04-24T23:22:00,13.088879,-59.354023,19.2,13.31,61.5,11,1.0,73.2,3.965,-4.4,0,1,48778
2026-04-24T23:22:29,13.089697,-59.352428,18.8,13.29,63.7,11,1.0,72.9,3.965,-4.4,0,1,48779
2026-04-24T23:22:58,13.090544,-59.350777,23.8,12.27,67.9,11,1.0,72.9,3.965,-4.4,0,1,48780
2026-04-24T23:23:27,13.091483,-59.349171,29.4,13.61,62.3,9,1.9,72.9,3.965,-4.4,0,1,48781
2026-04-24T23:23:56,13.092355,-59.347557,32.9,13.36,66.3,11,1.0,73.1,3.966,-4.4,0,1,48782
2026-04-24T23:24:25,13.093152,-59.345901,27.5,12.41,63.2,12,0.9,73.1,3.965,-4.4,0,1,48783
2026-04-24T23:24:54,13.093837,-59.344250,29.0,12.92,64.6,12,0.9,72.9,3.964,-4.4,0,1,48784
2026-04-24T23:25:23,13.094667,-59.342632,28.8,11.94,64.5,10,1.7,72.7,3.964,-4.4,0,1,48785
2026-04-24T23:25:52,13.095582,-59.340973,31.7,13.96,67.3,9,1.1,73.1,3.969,-4.4,0,1,48786
2026-04-24T23:26:21,13.096341,-59.339386,20.7,12.57,63.1,11,1.2,72.7,3.964,-4.4,0,1,48787
2026-04-24T23:26:50,13.097138,-59.337734,15.9,13.09,61.8,12,0.9,72.7,3.963,-4.4,0,1,48788
2026-04-24T23:27:19,13.097852,-59.336052,14.1,13.37,69.8,11,1.2,72.6,3.964,-4.4,0,1,48789
2026-04-24T23:27:48,13.098657,-59.334370,19.7,13.40,66.4,11,1.0,72.7,3.964,-4.4,0,1,48790
2026-04-24T23:28:17,13.099530,-59.332672,21.2,13.61,68.0,12,1.0,72.6,3.963,-4.4,0,1,48791
2026-04-24T23:28:46,13.100368,-59.331009,34.0,13.92,66.5,12,1.0,72.7,3.963,-4.4,0,1,48792
2026-04-24T23:29:15,13.101083,-59.329365,32.6,12.55,71.7,12,0.9,72.7,3.964,-4.4,0,1,48793
2026-04-24T23:29:44,13.101865,-59.327679,34.9,13.83,64.1,12,1.2,72.7,3.963,-4.4,0,1,48794
2026-04-24T23:30:13,13.102680,-59.326069,35.3,13.05,69.3,12,1.2,72.6,3.963,-4.4,0,1,48795
2026-04-24T23:30:42,13.103460,-59.324409,27.5,13.73,66.9,11,1.3,72.7,3.964,-4.4,0,1,48796
2026-04-24T23:31:11,13.104216,-59.322834,26.9,12.96,64.9,12,1.2,72.4,3.963,-4.4,0,1,48797
2026-04-24T23:31:40,13.105049,-59.321140,29.6,14.08,60.3,11,1.3,72.6,3.963,-4.4,0,1,48798
2026-04-24T23:32:09,13.105686,-59.319477,28.6,12.94,72.1,11,1.3,72.4,3.961,-4.4,0,1,48799
2026-04-24T23:32:38,13.106360,-59.317780,23.9,13.51,69.8,11,1.3,72.7,3.961,-4.4,0,1,48800
2026-04-24T23:33:07,13.107100,-59.316154,24.1,13.10,74.1,11,1.6,72.4,3.960,-4.4,0,1,48801
2026-04-24T23:33:36,13.107910,-59.314472,28.4,12.93,65.5,11,1.2,72.4,3.964,-4.4,0,1,48802
2026-04-24T23:34:05,13.108750,-59.312805,26.2,13.71,66.3,11,1.3,72.4,3.960,-4.4,0,1,48803
2026-04-24T23:34:34,13.109527,-59.311142,26.4,13.62,67.3,11,1.3,72.7,3.960,-4.4,0,1,48804
2026-04-24T23:35:03,13.110347,-59.309498,13.3,13.97,66.0,11,1.3,72.2,3.961,-4.4,0,1,48805
2026-04-24T23:35:32,13.111128,-59.307827,18.7,13.93,68.4,10,1.7,72.4,3.959,-4.4,0,1,48806
2026-04-24T23:36:01,13.111863,-59.306156,12.4,13.41,62.9,12,0.9,72.4,3.960,-4.4,0,1,48807
2026-04-24T23:36:30,13.112536,-59.304558,12.9,13.18,59.6,12,0.9,72.2,3.961,-4.4,0,1,48808
2026-04-24T23:36:59,13.113252,-59.302795,5.7,13.30,60.7,10,1.4,72.2,3.961,-4.4,0,1,48809
2026-04-24T23:37:28,13.114139,-59.301186,16.9,13.25,64.3,9,1.5,72.4,3.960,-4.4,0,1,48810
2026-04-24T23:37:57,13.114948,-59.299553,24.7,13.14,61.1,10,1.6,72.2,3.960,-4.4,0,1,48811
2026-04-24T23:38:26,13.115755,-59.297901,24.4,13.06,58.6,10,2.1,72.2,3.961,-4.4,0,1,48812
2026-04-24T23:38:55,13.116557,-59.296280,26.2,13.03,69.2,10,2.1,72.2,3.959,-4.4,0,1,48813
2026-04-24T23:39:24,13.117350,-59.294662,27.7,13.23,68.7,10,1.4,72.1,3.960,-4.4,0,1,48814
2026-04-24T23:39:53,13.118211,-59.293045,28.5,12.74,66.0,11,1.4,72.2,3.959,-4.4,0,1,48815
2026-04-24T23:40:22,13.119041,-59.291397,23.5,13.75,64.4,11,1.4,72.4,3.961,-4.4,0,1,48816
2026-04-24T23:40:51,13.119826,-59.289825,22.7,13.66,62.8,11,1.3,71.9,3.959,-4.4,0,1,48817
2026-04-24T23:41:20,13.120584,-59.288158,16.6,13.60,66.8,12,1.3,72.1,3.957,-4.4,0,1,48818
2026-04-24T23:41:49,13.121384,-59.286560,13.8,13.59,69.5,11,1.4,72.4,3.957,-4.4,0,1,48819
2026-04-24T23:42:18,13.122113,-59.284908,4.9,13.66,67.4,12,1.3,71.9,3.960,1914.8,0,1,48820
2026-04-24T23:42:47,13.122972,-59.283314,5.7,12.88,59.6,11,1.3,71.9,3.959,-4.4,0,1,48821
2026-04-24T23:43:16,13.123806,-59.281639,10.8,13.42,71.2,11,1.3,72.1,3.960,-4.4,0,1,48822
2026-04-24T23:43:45,13.124573,-59.279995,6.4,12.51,61.0,11,1.3,72.2,3.961,-4.4,0,1,48823
2026-04-24T23:44:14,13.125315,-59.278324,5.9,13.18,60.5,9,2.3,72.1,3.959,-4.4,0,1,48824
2026-04-24T23:44:43,13.126133,-59.276634,13.9,12.84,67.3,11,1.3,72.2,3.959,-4.4,0,1,48825
2026-04-24T23:45:12,13.126786,-59.274956,8.5,12.76,67.9,11,1.3,72.2,3.959,-4.4,0,1,48826
2026-04-24T23:45:41,13.127573,-59.273254,13.6,13.06,61.7,12,1.3,72.1,3.959,-4.4,0,1,48827
2026-04-24T23:46:10,13.128530,-59.271660,9.3,13.58,61.9,11,1.4,72.1,3.959,-4.4,0,1,48828
2026-04-24T23:46:39,13.129320,-59.269985,6.7,13.06,66.8,12,1.3,71.9,3.959,-4.4,0,1,48829
2026-04-24T23:47:08,13.130165,-59.268353,12.4,12.18,57.7,11,1.5,71.8,3.959,-4.4,0,1,48830
2026-04-24T23:47:37,13.130900,-59.266727,14.3,13.50,62.6,9,2.1,72.2,3.960,1923.6,0,1,48831
2026-04-24T23:48:06,13.131434,-59.265068,-17.7,13.32,63.1,12,1.3,71.9,3.957,-4.4,0,1,48832
2026-04-24T23:48:35,13.132263,-59.263435,-22.0,12.53,60.0,11,1.3,71.8,3.957,-4.4,0,1,48833
2026-04-24T23:49:04,13.133151,-59.261753,-12.1,13.41,69.5,11,1.3,72.2,3.957,-4.4,0,1,48834
2026-04-24T23:49:33,13.134007,-59.260139,-6.4,13.10,63.5,9,1.6,71.9,3.959,1914.8,0,1,48835
2026-04-24T23:50:02,13.134891,-59.258465,10.5,13.12,62.1,9,1.4,71.8,3.955,-4.4,0,1,48836
2026-04-24T23:50:31,13.135756,-59.256794,25.3,14.06,63.0,8,1.5,71.9,3.959,-4.4,0,1,48837
2026-04-24T23:51:00,13.136605,-59.255150,34.0,13.34,63.8,10,1.4,71.9,3.959,-4.4,0,1,48838
2026-04-24T23:51:29,13.137250,-59.253548,27.5,13.41,61.9,9,1.6,72.1,3.956,-4.4,0,1,48839
2026-04-24T23:51:58,13.137896,-59.251884,23.6,12.35,67.6,10,1.5,72.1,3.957,-4.4,0,1,48840
2026-04-24T23:52:27,13.138763,-59.250221,24.7,13.30,61.9,10,1.5,71.8,3.956,-4.4,0,1,48841
2026-04-24T23:52:56,13.139580,-59.248596,35.1,13.04,59.2,10,1.5,71.9,3.957,-4.4,0,1,48842
2026-04-24T23:53:25,13.140377,-59.246910,38.1,13.46,58.0,10,1.5,71.8,3.956,-4.4,0,1,48843
2026-04-24T23:53:54,13.141175,-59.245262,40.9,13.48,62.3,9,1.6,71.6,3.957,-4.4,0,1,48844
2026-04-24T23:54:23,13.141932,-59.243572,41.4,13.36,70.5,9,1.6,71.6,3.954,-4.4,0,1,48845
2026-04-24T23:54:52,13.142732,-59.241940,36.5,12.96,65.4,10,1.5,71.6,3.955,-4.4,0,1,48846
2026-04-24T23:55:21,13.143580,-59.240261,41.9,13.64,65.5,10,1.5,71.8,3.955,-4.4,0,1,48847
2026-04-24T23:55:50,13.144297,-59.238651,40.8,12.96,65.6,10,1.5,71.8,3.956,-4.4,0,1,48848
2026-04-24T23:56:19,13.145009,-59.236992,35.1,11.90,63.5,10,1.5,71.4,3.954,-4.4,0,1,48849
2026-04-24T23:56:48,13.145807,-59.235394,23.0,12.76,62.0,10,1.5,71.8,3.956,-4.4,0,1,48850
2026-04-24T23:57:17,13.146472,-59.233715,25.8,13.74,61.2,10,1.5,71.6,3.956,-4.4,0,1,48851
2026-04-24T23:57:46,13.147326,-59.232079,27.8,13.34,59.8,10,1.5,71.6,3.956,-4.4,0,1,48852
2026-04-24T23:58:15,13.148080,-59.230438,26.3,12.96,62.0,9,1.6,71.6,3.956,-4.4,0,1,48853
2026-04-24T23:58:44,13.148927,-59.228802,30.0,14.06,63.0,10,1.5,71.8,3.955,-4.4,0,1,48854
2026-04-24T23:59:13,13.149771,-59.227161,33.5,13.86,62.6,9,1.6,71.4,3.956,-4.4,0,1,48855
2026-04-24T23:59:42,13.150498,-59.225441,33.4,13.55,68.3,10,1.5,71.4,3.955,-4.4,0,1,48856
