datetime,lat,lon,alt_m,speed_kts,cog,satellites,hdop,battery_pct,battery_v,charge_rate,rtc_bat_low,fix,boot
2026-04-19T00:00:27,12.425203,-72.337326,27.8,10.99,68.7,8,1.9,103.5,4.209,-4.4,0,1,37228
2026-04-19T00:00:56,12.425901,-72.335838,22.2,11.47,68.4,7,3.6,103.2,4.207,-4.2,0,1,37229
2026-04-19T00:01:25,12.426485,-72.334282,19.6,11.12,74.7,7,3.6,103.7,4.209,-4.2,0,1,37230
2026-04-19T00:01:54,12.427138,-72.332687,27.7,11.89,72.1,7,3.6,103.4,4.209,-4.2,0,1,37231
2026-04-19T00:02:23,12.427783,-72.331093,22.9,12.12,61.8,8,1.9,103.4,4.210,-4.2,0,1,37232
2026-04-19T00:02:52,12.428468,-72.329498,23.9,10.25,70.1,7,3.6,103.4,4.209,-4.2,0,1,37233
2026-04-19T00:03:21,12.429182,-72.328011,18.4,10.98,65.9,7,3.6,103.5,4.206,-4.4,0,1,37234
2026-04-19T00:03:50,12.429953,-72.326584,6.8,9.98,57.8,7,3.6,103.2,4.209,2747.5,0,1,37235
2026-04-19T00:04:19,12.430536,-72.325020,6.7,12.04,68.0,7,3.6,103.2,4.206,-4.2,0,1,37236
2026-04-19T00:04:48,12.431232,-72.323471,2.1,11.29,67.8,9,1.9,103.4,4.209,-4.2,0,1,37237
2026-04-19T00:05:17,12.431900,-72.321930,5.4,11.44,64.3,7,3.6,103.2,4.209,-4.2,0,1,37238
2026-04-19T00:05:46,12.432560,-72.320389,-4.2,12.84,66.5,8,1.9,103.2,4.207,-4.2,0,1,37239
2026-04-19T00:06:15,12.433205,-72.318832,-11.0,11.28,65.7,7,3.6,103.4,4.207,-4.2,0,1,37240
2026-04-19T00:06:44,12.433977,-72.317291,-13.1,8.74,49.9,7,3.6,103.4,4.209,-4.2,0,1,37241
2026-04-19T00:07:13,12.434603,-72.315712,-17.7,11.34,65.7,7,3.6,103.2,4.207,-4.2,0,1,37242
2026-04-19T00:07:42,12.435262,-72.314140,-21.7,12.86,63.7,8,1.9,103.4,4.209,-4.2,0,1,37243
2026-04-19T00:08:11,12.435990,-72.312500,-6.4,11.40,66.2,7,3.6,103.4,4.209,-4.2,0,1,37244
2026-04-19T00:08:40,12.436668,-72.310890,-2.4,11.85,67.9,7,3.5,103.5,4.209,-4.4,0,1,37245
2026-04-19T00:09:09,12.437340,-72.309303,6.0,12.13,68.1,7,3.5,103.5,4.207,-4.4,0,1,37246
2026-04-19T00:09:38,12.437997,-72.307732,9.5,11.16,64.9,7,3.5,103.4,4.209,-4.2,0,1,37247
2026-04-19T00:10:07,12.438722,-72.306160,15.1,12.24,64.6,7,3.5,103.4,4.209,-4.2,0,1,37248
2026-04-19T00:10:36,12.439400,-72.304611,17.5,11.63,66.3,7,3.5,103.4,4.209,-4.2,0,1,37249
2026-04-19T00:11:05,12.440147,-72.302994,22.3,12.01,68.3,7,3.5,103.5,4.210,-4.4,0,1,37250
2026-04-19T00:11:34,12.440940,-72.301453,24.6,12.67,62.7,7,3.5,103.2,4.209,-4.2,0,1,37251
2026-04-19T00:12:03,12.441587,-72.299889,22.7,9.71,57.1,7,3.5,103.2,4.206,-4.2,0,1,37252
2026-04-19T00:12:32,12.442467,-72.298302,27.3,11.89,62.3,7,3.4,103.4,4.207,-4.2,0,1,37253
2026-04-19T00:13:01,12.443169,-72.296783,18.4,10.90,62.4,7,3.4,103.2,4.209,-4.2,0,1,37254
2026-04-19T00:13:30,12.444056,-72.295319,18.6,11.26,64.8,7,3.4,103.2,4.209,-4.2,0,1,37255
2026-04-19T00:13:59,12.444841,-72.293770,18.6,11.82,63.8,7,3.4,103.2,4.207,-4.2,0,1,37256
2026-04-19T00:14:28,12.445540,-72.292183,20.5,12.24,65.5,7,3.4,103.2,4.207,-4.2,0,1,37257
2026-04-19T00:14:57,12.446340,-72.290588,29.8,12.22,62.7,7,3.4,103.2,4.207,-4.2,0,1,37258
2026-04-19T00:15:26,12.446950,-72.289055,37.1,11.48,73.4,7,3.3,103.2,4.209,-4.2,0,1,37259
2026-04-19T00:15:55,12.447701,-72.287483,28.2,11.91,64.1,7,3.3,103.4,4.207,-4.2,0,1,37260
2026-04-19T00:16:24,12.448345,-72.285904,25.0,11.32,67.7,7,3.3,103.2,4.206,-4.2,0,1,37261
2026-04-19T00:16:53,12.449242,-72.284317,34.5,11.91,63.5,7,3.3,103.2,4.209,-4.2,0,1,37262
2026-04-19T00:17:22,12.449977,-72.282906,19.4,11.59,59.5,8,3.2,103.4,4.207,-4.2,0,1,37263
2026-04-19T00:17:51,12.450445,-72.281197,14.9,12.46,75.0,8,3.2,103.7,4.209,-4.2,0,1,37264
2026-04-19T00:18:20,12.451077,-72.279594,10.3,12.27,67.6,8,3.2,103.4,4.209,-4.2,0,1,37265
2026-04-19T00:18:49,12.451507,-72.278023,4.6,11.25,76.0,8,3.2,103.7,4.207,-4.2,0,1,37266
2026-04-19T00:19:18,12.452342,-72.276489,2.3,11.75,63.3,7,3.2,103.2,4.209,-4.2,0,1,37267
2026-04-19T00:19:47,12.452908,-72.274940,2.2,11.51,67.0,7,3.2,103.7,4.207,-4.2,0,1,37268
2026-04-19T00:20:16,12.453532,-72.273315,6.5,11.56,69.4,7,3.2,103.5,4.207,-4.4,0,1,37269
2026-04-19T00:20:45,12.454405,-72.271736,10.4,11.97,62.7,8,1.9,103.4,4.207,-4.2,0,1,37270
2026-04-19T00:21:14,12.455234,-72.270164,13.1,12.46,65.1,8,1.9,103.5,4.207,-4.4,0,1,37271
2026-04-19T00:21:43,12.455865,-72.268547,12.1,12.52,67.4,8,1.9,103.2,4.207,-4.2,0,1,37272
2026-04-19T00:22:12,12.456650,-72.266991,8.4,13.23,64.4,8,1.9,103.4,4.207,-4.2,0,1,37273
2026-04-19T00:22:41,12.457394,-72.265427,10.5,12.41,64.0,8,1.9,103.2,4.209,-4.2,0,1,37274
2026-04-19T00:23:10,12.458160,-72.263840,8.5,12.39,67.1,8,1.9,103.2,4.207,-4.2,0,1,37275
2026-04-19T00:23:39,12.458780,-72.262192,13.2,13.01,68.2,8,1.9,103.4,4.207,-4.2,0,1,37276
2026-04-19T00:24:08,12.459620,-72.260674,15.7,12.18,63.2,8,1.9,103.4,4.206,-4.2,0,1,37277
2026-04-19T00:24:37,12.460176,-72.259087,15.1,12.77,64.5,8,1.9,103.2,4.207,-4.2,0,1,37278
2026-04-19T00:25:06,12.460917,-72.257469,1.2,14.18,59.4,8,1.9,103.4,4.209,-4.2,0,1,37279
2026-04-19T00:25:35,12.461632,-72.255936,5.4,12.47,63.2,8,1.9,103.5,4.207,-4.4,0,1,37280
2026-04-19T00:26:04,12.462352,-72.254288,4.4,12.74,61.4,9,1.5,103.0,4.207,-4.2,0,1,37281
2026-04-19T00:26:33,12.463100,-72.252724,4.8,13.10,61.8,9,1.5,103.2,4.209,-4.2,0,1,37282
2026-04-19T00:27:02,12.463820,-72.251091,11.1,13.54,63.6,9,1.5,103.2,4.207,-4.2,0,1,37283
2026-04-19T00:27:31,12.464534,-72.249565,13.3,11.97,57.6,9,1.5,103.5,4.210,-4.4,0,1,37284
2026-04-19T00:28:00,12.465272,-72.247917,12.4,13.10,66.1,9,1.5,103.2,4.210,2747.5,0,1,37285
2026-04-19T00:28:29,12.465980,-72.246407,9.2,12.34,62.0,8,1.5,103.4,4.207,-4.2,0,1,37286
2026-04-19T00:28:58,12.466776,-72.244804,7.7,12.69,62.8,9,1.5,103.2,4.207,-4.2,0,1,37287
2026-04-19T00:29:27,12.467514,-72.243286,8.9,10.77,71.9,9,1.5,103.7,4.207,-4.2,0,1,37288
2026-04-19T00:29:56,12.468280,-72.241707,10.6,12.36,63.5,8,1.5,103.2,4.207,-4.2,0,1,37289
2026-04-19T00:30:25,12.469034,-72.240150,5.4,12.86,62.7,9,1.5,103.2,4.209,-4.2,0,1,37290
2026-04-19T00:30:54,12.469758,-72.238541,7.6,12.87,65.9,9,1.5,103.4,4.210,-4.2,0,1,37291
2026-04-19T00:31:23,12.470467,-72.236954,4.2,12.72,65.0,8,1.5,103.2,4.207,-4.2,0,1,37292
2026-04-19T00:31:52,12.471220,-72.235390,-6.3,13.17,63.4,8,1.5,103.4,4.209,-4.2,0,1,37293
2026-04-19T00:32:21,12.471917,-72.233795,-10.7,13.88,66.0,9,1.5,103.2,4.210,-4.2,0,1,37294
2026-04-19T00:32:50,12.472611,-72.232208,-7.1,12.60,62.8,9,1.5,103.5,4.206,-4.4,0,1,37295
2026-04-19T00:33:19,12.473330,-72.230591,0.3,12.71,67.5,9,1.5,103.2,4.207,-4.2,0,1,37296
2026-04-19T00:33:48,12.474054,-72.229027,-2.1,13.00,66.7,9,1.5,103.4,4.207,-4.2,0,1,37297
2026-04-19T00:34:17,12.474760,-72.227425,0.2,12.90,64.3,8,1.7,103.4,4.206,-4.2,0,1,37298
2026-04-19T00:34:46,12.475532,-72.225853,-3.2,13.24,62.5,9,1.5,103.4,4.209,-4.2,0,1,37299
2026-04-19T00:35:15,12.476267,-72.224236,-2.5,12.49,61.0,9,1.5,103.4,4.207,-4.2,0,1,37300
2026-04-19T00:35:44,12.476954,-72.222664,8.7,12.85,65.8,9,1.5,103.2,4.207,-4.2,0,1,37301
2026-04-19T00:36:13,12.477656,-72.221069,1.5,12.28,65.2,9,1.5,103.2,4.209,-4.2,0,1,37302
2026-04-19T00:36:42,12.478412,-72.219528,0.8,12.35,62.7,9,1.5,103.2,4.209,-4.2,0,1,37303
2026-04-19T00:37:11,12.479211,-72.217949,0.8,12.67,67.2,9,1.5,103.4,4.209,-4.2,0,1,37304
2026-04-19T00:37:40,12.479913,-72.216362,5.9,11.94,66.0,9,1.5,103.4,4.209,-4.2,0,1,37305
2026-04-19T00:38:09,12.480595,-72.214737,11.3,13.39,68.4,9,1.5,103.2,4.209,-4.2,0,1,37306
2026-04-19T00:38:38,12.481424,-72.213211,5.3,12.18,66.2,9,1.5,103.2,4.207,-4.2,0,1,37307
2026-04-19T00:39:07,12.482131,-72.211647,11.0,12.82,64.3,9,1.5,103.2,4.210,-4.2,0,1,37308
2026-04-19T00:39:36,12.482821,-72.210075,11.5,12.71,64.2,9,1.5,103.2,4.206,-4.2,0,1,37309
2026-04-19T00:40:05,12.483659,-72.208466,14.3,12.39,64.4,9,1.5,103.4,4.207,-4.2,0,1,37310
2026-04-19T00:40:34,12.484372,-72.206886,15.2,13.04,63.1,9,1.5,103.0,4.207,-4.2,0,1,37311
2026-04-19T00:41:03,12.485075,-72.205276,9.6,12.19,69.1,8,1.5,103.2,4.206,-4.2,0,1,37312
2026-04-19T00:41:32,12.485810,-72.203613,8.3,11.86,64.8,9,1.5,103.2,4.209,-4.2,0,1,37313
2026-04-19T00:42:01,12.486533,-72.202034,11.2,12.50,64.9,9,1.5,103.4,4.209,-4.2,0,1,37314
2026-04-19T00:42:30,12.487272,-72.200462,15.1,12.91,66.1,9,1.5,103.5,4.209,-4.4,0,1,37315
2026-04-19T00:42:59,12.488064,-72.198906,19.6,11.28,62.0,9,1.5,103.2,4.207,-4.2,0,1,37316
2026-04-19T00:43:28,12.488758,-72.197289,11.5,12.43,64.4,9,1.5,103.4,4.209,-4.2,0,1,37317
2026-04-19T00:43:57,12.489480,-72.195686,12.4,12.68,65.6,9,1.5,103.4,4.207,-4.2,0,1,37318
2026-04-19T00:44:26,12.490203,-72.194069,10.7,11.35,65.5,9,1.5,103.5,4.210,-4.4,0,1,37319
2026-04-19T00:44:55,12.490913,-72.192497,8.1,12.33,62.5,8,1.5,103.2,4.207,-4.2,0,1,37320
2026-04-19T00:45:24,12.491653,-72.190903,3.8,12.63,64.9,9,1.5,103.2,4.209,-4.2,0,1,37321
2026-04-19T00:45:53,12.492443,-72.189323,3.5,12.73,65.8,9,1.5,103.2,4.209,-4.2,0,1,37322
2026-04-19T00:46:22,12.493093,-72.187729,2.2,12.19,66.9,9,1.5,103.4,4.210,-4.2,0,1,37323
2026-04-19T00:46:51,12.493821,-72.186142,-3.0,12.24,66.8,8,1.6,103.0,4.209,-4.2,0,1,37324
2026-04-19T00:47:20,12.494536,-72.184547,-4.2,12.57,65.4,8,1.6,103.2,4.207,-4.2,0,1,37325
2026-04-19T00:47:49,12.495312,-72.182945,-4.0,13.02,63.0,8,1.6,103.4,4.209,-4.2,0,1,37326
2026-04-19T00:48:18,12.496074,-72.181374,5.4,12.52,63.5,8,1.6,103.0,4.209,-4.2,0,1,37327
2026-04-19T00:48:47,12.496785,-72.179787,4.7,13.09,64.1,8,1.6,103.2,4.206,-4.2,0,1,37328
2026-04-19T00:49:16,12.497515,-72.178192,4.4,12.47,68.2,8,1.6,103.4,4.209,-4.2,0,1,37329
2026-04-19T00:49:45,12.498254,-72.176613,5.9,12.58,63.5,8,1.6,103.2,4.209,-4.2,0,1,37330
2026-04-19T00:50:14,12.498974,-72.175041,6.4,12.26,67.4,8,1.6,103.4,4.209,-4.2,0,1,37331
2026-04-19T00:50:43,12.499723,-72.173447,5.3,12.59,66.8,8,1.6,103.2,4.209,-4.2,0,1,37332
2026-04-19T00:51:12,12.500449,-72.171844,2.9,12.70,63.8,8,1.6,103.2,4.209,-4.2,0,1,37333
2026-04-19T00:51:41,12.501195,-72.170250,7.8,13.22,62.5,8,1.6,103.2,4.207,-4.2,0,1,37334
2026-04-19T00:52:10,12.501984,-72.168678,8.2,12.87,61.5,8,1.6,103.2,4.207,-4.2,0,1,37335
2026-04-19T00:52:39,12.502738,-72.167122,12.2,12.91,64.9,8,1.6,103.2,4.209,-4.2,0,1,37336
2026-04-19T00:53:08,12.503515,-72.165527,16.2,11.77,70.6,8,1.6,103.2,4.209,-4.2,0,1,37337
2026-04-19T00:53:37,12.504308,-72.163940,14.8,13.18,63.2,8,1.6,103.4,4.207,-4.2,0,1,37338
2026-04-19T00:54:06,12.505050,-72.162354,9.3,12.80,67.2,8,1.6,103.2,4.207,-4.2,0,1,37339
2026-04-19T00:54:35,12.505745,-72.160721,1.7,13.04,67.3,8,1.6,103.4,4.209,-4.2,0,1,37340
2026-04-19T00:55:04,12.506450,-72.159111,1.5,13.06,64.8,7,1.8,103.2,4.210,-4.2,0,1,37341
2026-04-19T00:55:33,12.507192,-72.157539,-3.9,12.08,61.8,8,1.6,103.2,4.209,-4.2,0,1,37342
2026-04-19T00:56:02,12.507928,-72.155945,-0.1,12.99,63.2,8,1.6,103.2,4.207,-4.2,0,1,37343
2026-04-19T00:56:31,12.508578,-72.154335,3.0,12.29,66.7,8,1.6,103.0,4.209,-4.2,0,1,37344
2026-04-19T00:57:00,12.509200,-72.152672,7.5,13.02,68.4,8,1.6,103.2,4.209,-4.2,0,1,37345
2026-04-19T00:57:29,12.509890,-72.151070,1.6,13.05,62.2,8,1.6,103.5,4.209,-4.4,0,1,37346
2026-04-19T00:57:58,12.510595,-72.149521,3.9,12.86,65.8,8,1.6,103.5,4.209,-4.4,0,1,37347
2026-04-19T00:58:27,12.511318,-72.147926,-1.3,12.52,66.1,8,1.6,103.2,4.209,-4.2,0,1,37348
2026-04-19T00:58:56,12.512130,-72.146385,4.0,12.80,66.9,9,1.3,103.4,4.209,-4.2,0,1,37349
2026-04-19T00:59:25,12.512858,-72.144821,2.3,12.41,64.2,9,1.3,103.4,4.209,-4.2,0,1,37350
2026-04-19T00:59:54,12.513565,-72.143196,4.3,13.03,63.9,9,1.3,103.0,4.209,-4.2,0,1,37351
2026-04-19T01:00:23,12.514316,-72.141609,3.1,13.09,64.7,8,1.3,103.5,4.207,-4.4,0,1,37352
2026-04-19T01:00:52,12.515057,-72.139992,-1.4,12.83,63.3,9,1.3,103.2,4.207,-4.2,0,1,37353
2026-04-19T01:01:21,12.515754,-72.138435,-1.2,13.07,62.0,9,1.3,103.2,4.207,-4.2,0,1,37354
2026-04-19T01:01:50,12.516501,-72.136818,5.0,12.61,62.6,9,1.3,103.4,4.207,-4.2,0,1,37355
2026-04-19T01:02:19,12.517200,-72.135231,13.6,11.43,62.5,9,1.3,103.4,4.209,-4.2,0,1,37356
2026-04-19T01:02:48,12.517935,-72.133636,-1.9,12.51,59.5,9,1.3,103.4,4.209,-4.2,0,1,37357
2026-04-19T01:03:17,12.518669,-72.132019,0.9,12.70,62.9,9,1.3,103.2,4.209,-4.2,0,1,37358
2026-04-19T01:03:46,12.519384,-72.130432,2.8,13.11,70.2,9,1.3,103.2,4.207,-4.2,0,1,37359
2026-04-19T01:04:15,12.520133,-72.128799,-1.6,11.98,63.9,9,1.3,103.2,4.207,-4.2,0,1,37360
2026-04-19T01:04:44,12.520860,-72.127197,-0.4,12.69,61.6,9,1.3,103.2,4.207,-4.2,0,1,37361
2026-04-19T01:05:13,12.521629,-72.125603,-11.5,12.71,64.0,9,1.3,103.4,4.207,-4.2,0,1,37362
2026-04-19T01:05:42,12.522334,-72.123985,-8.2,13.18,67.2,9,1.3,103.2,4.209,-4.2,0,1,37363
2026-04-19T01:06:11,12.523069,-72.122391,-1.5,12.89,66.3,8,1.4,103.2,4.209,-4.2,0,1,37364
2026-04-19T01:06:40,12.523809,-72.120766,-4.9,12.54,67.3,9,1.3,103.0,4.207,-4.2,0,1,37365
2026-04-19T01:07:09,12.524554,-72.119171,-15.8,12.98,66.3,9,1.3,103.0,4.210,-4.2,0,1,37366
2026-04-19T01:07:38,12.525303,-72.117546,-10.3,12.39,67.8,9,1.3,103.4,4.206,-4.2,0,1,37367
2026-04-19T01:08:07,12.526083,-72.115936,-4.6,12.83,65.2,9,1.3,103.4,4.207,-4.2,0,1,37368
2026-04-19T01:08:36,12.526818,-72.114342,-6.6,12.85,68.3,9,1.3,103.5,4.207,-4.4,0,1,37369
2026-04-19T01:09:05,12.527588,-72.112747,1.2,12.76,65.7,9,1.3,103.4,4.207,-4.2,0,1,37370
2026-04-19T01:09:34,12.528371,-72.111176,-1.5,12.65,61.6,9,1.3,103.0,4.207,-4.2,0,1,37371
2026-04-19T01:10:03,12.529100,-72.109558,2.9,12.77,66.7,9,1.3,103.7,4.207,-4.2,0,1,37372
2026-04-19T01:10:32,12.529811,-72.107971,-2.0,12.85,64.1,9,1.3,103.4,4.206,-4.2,0,1,37373
2026-04-19T01:11:01,12.530516,-72.106384,-4.5,12.66,67.8,10,1.3,103.2,4.207,-4.2,0,1,37374
2026-04-19T01:11:30,12.531195,-72.104782,-2.0,12.45,67.1,10,1.3,103.0,4.207,-4.2,0,1,37375
2026-04-19T01:11:59,12.531966,-72.103172,-4.3,12.81,66.2,9,1.4,103.4,4.209,2751.6,0,1,37376
2026-04-19T01:12:28,12.532704,-72.101585,-5.8,12.56,61.7,9,1.6,103.2,4.209,-4.2,0,1,37377
2026-04-19T01:12:57,12.533430,-72.100006,-3.6,12.46,66.2,10,1.3,103.4,4.207,-4.2,0,1,37378
2026-04-19T01:13:26,12.534139,-72.098404,-4.1,12.31,61.4,10,1.3,103.2,4.207,-4.2,0,1,37379
2026-04-19T01:13:55,12.534872,-72.096809,-6.7,13.24,65.7,11,1.3,103.4,4.209,-4.2,0,1,37380
2026-04-19T01:14:24,12.535607,-72.095230,-3.6,12.68,58.7,11,1.3,103.2,4.209,-4.2,0,1,37381
2026-04-19T01:14:53,12.536287,-72.093643,-1.6,12.03,69.6,11,1.3,103.2,4.207,-4.2,0,1,37382
2026-04-19T01:15:22,12.537025,-72.092033,6.3,13.02,67.2,11,1.3,103.5,4.209,-4.4,0,1,37383
2026-04-19T01:15:51,12.537680,-72.090416,10.7,12.90,63.0,11,1.3,103.2,4.209,-4.2,0,1,37384
2026-04-19T01:16:20,12.538464,-72.088844,11.8,13.43,66.7,11,1.3,103.2,4.209,-4.2,0,1,37385
2026-04-19T01:16:49,12.539220,-72.087242,13.8,13.39,63.6,11,1.3,103.2,4.209,-4.2,0,1,37386
2026-04-19T01:17:18,12.539910,-72.085632,16.1,12.38,66.1,11,1.3,103.4,4.210,-4.2,0,1,37387
2026-04-19T01:17:47,12.540606,-72.084045,19.6,12.78,63.9,10,1.3,103.4,4.207,-4.2,0,1,37388
2026-04-19T01:18:16,12.541403,-72.082436,18.1,12.80,65.1,11,1.3,103.7,4.209,-4.2,0,1,37389
2026-04-19T01:18:45,12.542178,-72.080887,17.7,12.67,67.0,11,1.3,103.4,4.207,-4.2,0,1,37390
2026-04-19T01:19:14,12.542984,-72.079300,17.3,12.55,62.8,11,1.3,103.2,4.207,-4.2,0,1,37391
2026-04-19T01:19:43,12.543632,-72.077675,12.8,12.46,62.8,11,1.3,103.4,4.207,-4.2,0,1,37392
2026-04-19T01:20:12,12.544292,-72.076080,22.2,12.48,62.8,10,1.6,103.4,4.207,-4.2,0,1,37393
2026-04-19T01:20:41,12.545024,-72.074478,19.7,12.95,64.2,10,1.3,103.2,4.209,-4.2,0,1,37394
2026-04-19T01:21:10,12.545807,-72.072868,23.8,13.80,64.8,11,1.3,103.2,4.207,-4.2,0,1,37395
2026-04-19T01:21:39,12.546535,-72.071289,23.6,12.80,61.7,11,1.3,103.4,4.207,-4.2,0,1,37396
2026-04-19T01:22:08,12.547229,-72.069710,24.3,12.91,65.5,11,1.3,103.4,4.209,-4.2,0,1,37397
2026-04-19T01:22:37,12.548027,-72.068039,21.9,14.06,62.3,11,1.3,103.4,4.210,-4.2,0,1,37398
2026-04-19T01:23:06,12.548718,-72.066452,26.3,11.17,66.7,9,1.8,103.0,4.209,-4.2,0,1,37399
2026-04-19T01:23:35,12.549403,-72.064903,27.9,12.61,74.2,11,1.3,103.4,4.207,-4.2,0,1,37400
2026-04-19T01:24:04,12.550141,-72.063293,28.8,12.61,64.7,11,1.3,103.4,4.207,-4.2,0,1,37401
2026-04-19T01:24:33,12.550768,-72.061630,22.8,12.65,68.2,11,1.3,103.5,4.207,-4.4,0,1,37402
2026-04-19T01:25:02,12.551394,-72.060051,17.1,13.58,66.6,10,1.3,103.2,4.209,-4.2,0,1,37403
2026-04-19T01:25:31,12.552203,-72.058502,23.4,12.36,64.4,11,1.2,103.4,4.207,-4.2,0,1,37404
2026-04-19T01:26:00,12.552925,-72.056900,23.1,12.34,62.5,11,1.2,103.2,4.207,-4.2,0,1,37405
2026-04-19T01:26:29,12.553545,-72.055252,7.3,12.90,65.5,11,1.2,103.4,4.207,-4.2,0,1,37406
2026-04-19T01:26:58,12.554346,-72.053665,10.8,12.09,67.3,11,1.2,103.0,4.209,-4.2,0,1,37407
2026-04-19T01:27:27,12.555168,-72.052086,20.1,12.70,61.3,11,1.2,103.2,4.209,-4.2,0,1,37408
2026-04-19T01:27:56,12.555894,-72.050491,27.7,13.21,63.4,11,1.2,103.4,4.210,-4.2,0,1,37409
2026-04-19T01:28:25,12.556599,-72.048874,25.7,11.45,64.2,10,1.8,103.4,4.209,-4.2,0,1,37410
2026-04-19T01:28:54,12.557303,-72.047279,25.5,12.52,66.7,11,1.2,103.2,4.210,-4.2,0,1,37411
2026-04-19T01:29:23,12.558000,-72.045685,27.3,12.44,63.4,11,1.2,103.4,4.207,-4.2,0,1,37412
2026-04-19T01:29:52,12.558692,-72.044090,18.7,12.71,65.7,11,1.2,103.4,4.210,-4.2,0,1,37413
2026-04-19T01:30:21,12.559370,-72.042480,20.7,12.44,63.7,11,1.2,103.2,4.209,-4.2,0,1,37414
2026-04-19T01:30:50,12.559983,-72.040863,14.6,13.53,68.8,10,1.3,103.4,4.209,-4.2,0,1,37415
2026-04-19T01:31:19,12.560700,-72.039261,8.8,11.94,64.1,10,1.8,103.2,4.209,-4.2,0,1,37416
2026-04-19T01:31:48,12.561332,-72.037636,5.9,11.98,67.2,11,1.2,103.2,4.207,-4.2,0,1,37417
2026-04-19T01:32:17,12.562056,-72.036095,8.0,12.89,66.4,9,2.0,103.2,4.210,-4.2,0,1,37418
2026-04-19T01:32:46,12.562760,-72.034492,6.9,12.98,65.7,10,1.9,103.4,4.206,-4.2,0,1,37419
2026-04-19T01:33:15,12.563465,-72.032906,7.9,12.14,64.0,10,1.9,103.5,4.209,-4.4,0,1,37420
2026-04-19T01:33:44,12.564163,-72.031326,4.7,12.56,69.1,10,1.9,103.2,4.209,-4.2,0,1,37421
2026-04-19T01:34:13,12.564934,-72.029755,-2.8,12.37,65.2,11,1.2,103.4,4.209,-4.2,0,1,37422
2026-04-19T01:34:42,12.565616,-72.028183,-1.2,12.32,64.5,11,1.2,103.4,4.207,-4.2,0,1,37423
2026-04-19T01:35:11,12.566325,-72.026566,1.9,11.87,67.4,11,1.4,103.4,4.209,-4.2,0,1,37424
2026-04-19T01:35:40,12.566981,-72.024979,-0.2,12.22,59.5,11,1.2,103.4,4.209,2751.6,0,1,37425
2026-04-19T01:36:09,12.567610,-72.023415,-8.1,12.95,68.0,11,1.2,103.4,4.206,-4.2,0,1,37426
2026-04-19T01:36:38,12.568290,-72.021790,-9.7,12.97,63.1,10,1.2,103.2,4.210,-4.2,0,1,37427
2026-04-19T01:37:07,12.568995,-72.020195,-7.7,12.56,69.1,11,1.2,103.2,4.209,-4.2,0,1,37428
2026-04-19T01:37:36,12.569713,-72.018585,-5.5,12.60,62.7,10,2.0,103.2,4.207,-4.2,0,1,37429
2026-04-19T01:38:05,12.570408,-72.016991,-9.4,12.66,65.9,11,1.2,103.2,4.206,-4.2,0,1,37430
2026-04-19T01:38:34,12.571126,-72.015411,-4.7,12.41,60.6,11,1.2,103.2,4.210,-4.2,0,1,37431
2026-04-19T01:39:03,12.571820,-72.013824,-5.6,13.25,68.6,10,1.2,103.4,4.209,-4.2,0,1,37432
2026-04-19T01:39:32,12.572481,-72.012192,-11.1,12.86,65.0,11,1.2,103.4,4.207,-4.2,0,1,37433
2026-04-19T01:40:01,12.573190,-72.010590,-3.2,12.15,66.7,11,1.2,103.2,4.209,-4.2,0,1,37434
2026-04-19T01:40:30,12.573908,-72.009010,5.9,12.61,66.0,11,1.2,103.7,4.210,-4.2,0,1,37435
2026-04-19T01:40:59,12.574651,-72.007393,3.7,12.62,65.8,11,1.2,103.2,4.207,-4.2,0,1,37436
2026-04-19T01:41:28,12.575331,-72.005821,-6.1,12.44,65.5,11,1.2,103.4,4.209,-4.2,0,1,37437
2026-04-19T01:41:57,12.576061,-72.004227,2.0,12.97,60.9,11,1.2,103.4,4.209,-4.2,0,1,37438
2026-04-19T01:42:26,12.576815,-72.002625,5.7,12.54,65.6,10,2.0,103.4,4.207,-4.2,0,1,37439
2026-04-19T01:42:55,12.577521,-72.001015,11.7,12.29,64.3,11,1.2,103.4,4.207,-4.2,0,1,37440
2026-04-19T01:43:24,12.578250,-71.999382,13.2,13.20,66.1,10,1.2,103.4,4.209,-4.2,0,1,37441
2026-04-19T01:43:53,12.579001,-71.997772,20.9,12.63,63.9,10,2.1,103.0,4.209,-4.2,0,1,37442
2026-04-19T01:44:22,12.579655,-71.996178,4.5,12.85,67.2,11,1.1,103.4,4.207,-4.2,0,1,37443
2026-04-19T01:44:51,12.580340,-71.994583,4.0,13.24,67.5,11,1.1,103.4,4.207,-4.2,0,1,37444
2026-04-19T01:45:20,12.581068,-71.992958,11.9,13.00,64.5,10,2.1,103.0,4.207,-4.2,0,1,37445
2026-04-19T01:45:49,12.581830,-71.991287,19.5,12.70,62.5,11,1.1,103.2,4.209,-4.2,0,1,37446
2026-04-19T01:46:18,12.582513,-71.989670,17.4,12.49,68.5,10,2.1,103.2,4.207,-4.2,0,1,37447
2026-04-19T01:46:47,12.583253,-71.988037,15.2,12.91,64.5,11,1.1,103.0,4.209,-4.2,0,1,37448
2026-04-19T01:47:16,12.583947,-71.986420,9.3,13.09,66.1,10,2.1,103.2,4.209,-4.2,0,1,37449
2026-04-19T01:47:45,12.584579,-71.984795,17.3,12.14,71.1,11,1.1,103.4,4.207,-4.2,0,1,37450
2026-04-19T01:48:14,12.585397,-71.983124,26.8,13.22,66.2,10,2.1,103.2,4.209,-4.2,0,1,37451
2026-04-19T01:48:43,12.586009,-71.981567,25.9,12.83,66.0,10,2.1,103.2,4.206,-4.2,0,1,37452
2026-04-19T01:49:12,12.586571,-71.979973,30.2,11.94,69.8,10,2.1,103.2,4.207,-4.2,0,1,37453
2026-04-19T01:49:41,12.587122,-71.978333,34.9,11.63,68.2,9,2.2,103.2,4.207,-4.2,0,1,37454
2026-04-19T01:50:10,12.587835,-71.976723,39.7,12.58,66.5,10,2.1,103.0,4.209,-4.2,0,1,37455
2026-04-19T01:50:39,12.588669,-71.975105,40.0,13.14,61.3,10,2.1,103.4,4.207,-4.2,0,1,37456
2026-04-19T01:51:08,12.589367,-71.973473,39.5,12.70,66.9,11,1.1,103.4,4.207,-4.2,0,1,37457
2026-04-19T01:51:37,12.590147,-71.971870,32.0,12.94,61.0,11,1.1,103.4,4.206,-4.2,0,1,37458
2026-04-19T01:52:06,12.590756,-71.970253,27.7,12.66,70.3,11,1.1,103.4,4.209,-4.2,0,1,37459
2026-04-19T01:52:35,12.591246,-71.968681,35.9,13.00,65.0,11,1.1,103.7,4.209,-4.2,0,1,37460
2026-04-19T01:53:04,12.591906,-71.967094,54.5,12.88,63.1,11,1.1,103.4,4.207,-4.2,0,1,37461
2026-04-19T01:53:33,12.592622,-71.965515,45.1,12.44,66.6,11,1.1,103.0,4.207,-4.2,0,1,37462
2026-04-19T01:54:02,12.593353,-71.963913,47.9,12.89,66.9,10,2.1,103.2,4.209,-4.2,0,1,37463
2026-04-19T01:54:31,12.593984,-71.962334,45.9,12.84,66.0,10,2.1,103.4,4.207,-4.2,0,1,37464
2026-04-19T01:55:00,12.594646,-71.960747,43.2,12.99,66.7,10,2.1,103.5,4.209,-4.4,0,1,37465
2026-04-19T01:55:29,12.595426,-71.959175,49.2,12.77,65.0,10,2.1,103.2,4.206,-4.2,0,1,37466
2026-04-19T01:55:58,12.596347,-71.957619,42.5,12.95,65.6,10,2.1,103.4,4.207,-4.2,0,1,37467
2026-04-19T01:56:27,12.596993,-71.956055,45.1,12.34,67.1,10,2.1,103.2,4.209,2747.5,0,1,37468
2026-04-19T01:56:56,12.597711,-71.954460,42.8,12.60,69.2,10,2.1,103.4,4.207,-4.2,0,1,37469
2026-04-19T01:57:25,12.598436,-71.952843,43.8,12.35,68.4,10,2.1,103.4,4.209,-4.2,0,1,37470
2026-04-19T01:57:54,12.599186,-71.951241,39.9,13.09,70.3,10,1.1,103.4,4.207,-4.2,0,1,37471
2026-04-19T01:58:23,12.599896,-71.949615,42.6,12.54,67.3,11,1.1,103.2,4.209,-4.2,0,1,37472
2026-04-19T01:58:52,12.600628,-71.948029,46.7,12.66,71.9,10,2.1,103.2,4.206,-4.2,0,1,37473
2026-04-19T01:59:21,12.601430,-71.946426,46.1,13.06,65.6,9,2.1,103.4,4.207,-4.2,0,1,37474
2026-04-19T01:59:50,12.602137,-71.944885,41.0,12.10,60.8,10,2.1,103.2,4.207,2747.5,0,1,37475
2026-04-19T02:00:19,12.602810,-71.943306,31.3,12.51,66.1,9,2.1,103.4,4.206,-4.2,0,1,37476
2026-04-19T02:00:48,12.603478,-71.941681,36.1,12.83,68.2,9,2.1,103.4,4.209,-4.2,0,1,37477
2026-04-19T02:01:17,12.604165,-71.940109,41.1,12.53,66.9,10,1.1,103.4,4.210,-4.2,0,1,37478
2026-04-19T02:01:46,12.604808,-71.938560,33.6,12.58,64.1,10,1.1,103.2,4.207,-4.2,0,1,37479
2026-04-19T02:02:15,12.605512,-71.936958,31.6,12.86,69.2,9,2.1,103.2,4.206,-4.2,0,1,37480
2026-04-19T02:02:44,12.606241,-71.935387,30.7,12.16,68.1,10,1.0,103.2,4.207,-4.2,0,1,37481
2026-04-19T02:03:13,12.606941,-71.933800,18.9,12.31,67.5,9,1.1,103.4,4.206,-4.2,0,1,37482
2026-04-19T02:03:42,12.607643,-71.932213,19.1,13.40,63.2,8,2.3,103.5,4.209,-4.4,0,1,37483
2026-04-19T02:04:11,12.608290,-71.930611,15.0,12.83,69.7,9,1.1,103.4,4.209,-4.2,0,1,37484
2026-04-19T02:04:40,12.609056,-71.929047,8.4,13.08,64.6,8,2.3,103.4,4.209,-4.2,0,1,37485
2026-04-19T02:05:09,12.609734,-71.927444,11.4,11.43,72.3,8,2.6,103.0,4.209,-4.2,0,1,37486
2026-04-19T02:05:38,12.610356,-71.925819,11.5,12.50,67.4,9,1.0,103.4,4.207,-4.2,0,1,37487
2026-04-19T02:06:07,12.611170,-71.924255,21.7,13.53,61.1,9,1.0,103.2,4.209,-4.2,0,1,37488
2026-04-19T02:06:36,12.611896,-71.922630,6.6,12.32,63.9,9,1.3,103.7,4.207,-4.2,0,1,37489
2026-04-19T02:07:05,12.612572,-71.921066,6.4,10.98,64.4,8,2.2,103.4,4.207,-4.2,0,1,37490
2026-04-19T02:07:34,12.613205,-71.919472,16.1,12.17,65.9,8,2.2,103.2,4.209,-4.2,0,1,37491
2026-04-19T02:08:03,12.614010,-71.917847,4.9,12.23,66.1,8,2.2,103.2,4.209,-4.2,0,1,37492
2026-04-19T02:08:32,12.614716,-71.916222,0.4,12.70,65.5,8,2.2,103.2,4.207,-4.2,0,1,37493
2026-04-19T02:09:01,12.615537,-71.914619,-1.4,13.11,68.7,7,2.6,103.4,4.207,-4.2,0,1,37494
2026-04-19T02:09:30,12.616275,-71.913010,-9.2,12.98,61.3,8,2.2,103.2,4.209,-4.2,0,1,37495
2026-04-19T02:09:59,12.616746,-71.911438,-3.2,12.60,71.2,8,2.2,103.4,4.209,-4.2,0,1,37496
2026-04-19T02:10:28,12.617441,-71.909821,-8.8,12.64,64.9,8,2.2,103.2,4.209,-4.2,0,1,37497
2026-04-19T02:10:57,12.618045,-71.908211,-12.9,12.56,69.1,9,1.0,103.0,4.209,-4.2,0,1,37498
2026-04-19T02:11:26,12.618687,-71.906616,-11.1,12.47,71.6,9,1.0,103.0,4.207,-4.2,0,1,37499
2026-04-19T02:11:55,12.619462,-71.904991,-7.5,12.64,69.4,8,2.2,103.4,4.210,-4.2,0,1,37500
2026-04-19T02:12:24,12.620176,-71.903351,-3.8,12.74,70.7,8,2.2,103.0,4.209,-4.2,0,1,37501
2026-04-19T02:12:53,12.621085,-71.901756,-10.9,12.62,65.6,8,2.2,103.0,4.207,-4.2,0,1,37502
2026-04-19T02:13:22,12.621771,-71.900139,-19.7,12.82,69.2,9,1.0,103.2,4.207,-4.2,0,1,37503
2026-04-19T02:13:51,12.622334,-71.898582,-17.1,10.50,76.4,8,2.2,103.2,4.209,-4.2,0,1,37504
2026-04-19T02:14:20,12.623123,-71.896942,-18.8,12.99,70.1,8,2.2,103.4,4.207,-4.2,0,1,37505
2026-04-19T02:14:49,12.623863,-71.895317,-31.2,12.91,71.8,8,2.1,103.2,4.209,-4.2,0,1,37506
2026-04-19T02:15:18,12.624774,-71.893707,-46.8,12.50,65.3,8,2.1,103.5,4.207,-4.4,0,1,37507
2026-04-19T02:15:47,12.625622,-71.892105,-42.4,12.70,60.8,7,2.5,103.4,4.209,-4.2,0,1,37508
2026-04-19T02:16:16,12.626294,-71.890472,-33.0,12.34,68.6,7,2.5,103.4,4.207,-4.2,0,1,37509
2026-04-19T02:16:45,12.626954,-71.888855,-34.1,13.71,73.2,7,2.5,103.5,4.209,-4.4,0,1,37510
2026-04-19T02:17:14,12.627535,-71.887207,-26.2,12.37,72.5,7,2.5,103.0,4.207,-4.2,0,1,37511
2026-04-19T02:17:43,12.628251,-71.885635,-27.3,12.10,68.4,7,2.5,103.2,4.207,-4.2,0,1,37512
2026-04-19T02:18:12,12.628896,-71.884010,-24.3,12.89,67.9,7,2.4,103.2,4.206,-4.2,0,1,37513
2026-04-19T02:18:41,12.629759,-71.882408,-23.0,12.93,61.2,6,4.4,103.2,4.209,-4.2,0,1,37514
2026-04-19T02:19:10,12.630105,-71.880737,27.8,11.93,66.7,8,2.2,103.4,4.207,-4.2,0,1,37515
2026-04-19T02:19:39,12.630780,-71.879105,31.0,12.82,64.3,8,2.2,103.2,4.207,-4.2,0,1,37516
2026-04-19T02:20:08,12.631511,-71.877533,49.5,12.51,66.1,7,2.7,103.2,4.207,-4.2,0,1,37517
2026-04-19T02:20:37,12.632238,-71.875877,52.0,13.49,65.1,8,2.1,103.5,4.207,-4.4,0,1,37518
2026-04-19T02:21:06,12.632930,-71.874237,52.6,12.42,68.0,7,2.7,103.4,4.207,-4.2,0,1,37519
2026-04-19T02:21:35,12.633596,-71.872604,51.4,12.04,71.4,7,2.7,103.2,4.207,2747.5,0,1,37520
2026-04-19T02:22:04,12.634292,-71.870949,53.3,13.05,64.9,7,2.6,103.2,4.209,-4.2,0,1,37521
2026-04-19T02:22:33,12.635111,-71.869347,61.2,12.73,64.8,7,2.6,103.0,4.207,2743.3,0,1,37522
2026-04-19T02:23:02,12.635801,-71.867691,56.8,12.87,64.8,7,2.6,103.2,4.209,-4.2,0,1,37523
2026-04-19T02:23:31,12.636355,-71.865997,41.5,12.36,67.5,7,2.6,103.4,4.207,-4.2,0,1,37524
2026-04-19T02:24:00,12.637007,-71.864365,39.3,12.16,60.3,7,2.6,103.4,4.209,-4.2,0,1,37525
2026-04-19T02:24:29,12.637628,-71.862732,32.7,12.07,67.0,7,2.5,103.2,4.207,-4.2,0,1,37526
2026-04-19T02:24:58,12.638310,-71.861092,27.4,12.35,68.0,7,2.5,103.2,4.209,-4.2,0,1,37527
2026-04-19T02:25:27,12.638834,-71.859428,15.4,12.89,70.0,7,2.5,103.2,4.207,-4.2,0,1,37528
2026-04-19T02:25:56,12.639690,-71.857864,11.4,12.49,65.5,7,2.5,103.4,4.207,-4.2,0,1,37529
2026-04-19T02:26:25,12.640483,-71.856285,5.2,14.06,62.5,8,2.2,103.4,4.207,-4.2,0,1,37530
2026-04-19T02:26:54,12.641130,-71.854652,-2.6,12.42,71.8,7,2.4,103.2,4.207,-4.2,0,1,37531
2026-04-19T02:27:23,12.641892,-71.853043,-2.5,12.11,66.7,7,2.4,103.2,4.209,-4.2,0,1,37532
2026-04-19T02:27:52,12.642526,-71.851425,-10.5,12.48,68.9,7,2.4,103.2,4.209,-4.2,0,1,37533
2026-04-19T02:28:21,12.643115,-71.849792,-16.2,12.61,80.2,8,2.2,103.2,4.207,-4.2,0,1,37534
2026-04-19T02:28:50,12.643917,-71.848145,-14.6,12.58,71.4,8,2.2,103.5,4.209,-4.4,0,1,37535
2026-04-19T02:29:19,12.644655,-71.846527,-6.0,12.97,73.0,8,2.2,103.4,4.209,-4.2,0,1,37536
2026-04-19T02:29:48,12.645447,-71.844917,1.3,12.51,65.6,8,2.2,103.2,4.209,-4.2,0,1,37537
2026-04-19T02:30:17,12.646133,-71.843300,-4.1,12.44,74.0,8,2.2,103.2,4.207,-4.2,0,1,37538
2026-04-19T02:30:46,12.646875,-71.841690,4.0,12.34,68.6,8,2.2,103.2,4.207,-4.2,0,1,37539
2026-04-19T02:31:15,12.647584,-71.840096,5.7,12.91,62.5,8,2.1,103.4,4.209,-4.2,0,1,37540
2026-04-19T02:31:44,12.648257,-71.838478,2.2,12.64,67.6,8,2.1,103.4,4.209,-4.2,0,1,37541
2026-04-19T02:32:13,12.648980,-71.836853,5.2,13.00,69.6,8,2.1,103.4,4.209,-4.2,0,1,37542
2026-04-19T02:32:42,12.649749,-71.835236,13.4,13.20,62.8,8,2.1,103.4,4.209,-4.2,0,1,37543
2026-04-19T02:33:11,12.650441,-71.833565,23.5,13.78,66.0,8,2.1,103.2,4.207,-4.2,0,1,37544
2026-04-19T02:33:40,12.651355,-71.831947,29.5,13.23,64.5,8,2.1,103.4,4.209,-4.2,0,1,37545
2026-04-19T02:34:09,12.651966,-71.830307,20.8,12.82,70.5,7,2.4,103.4,4.207,-4.2,0,1,37546
2026-04-19T02:34:38,12.652660,-71.828682,19.9,13.02,75.3,7,2.4,103.0,4.207,2743.3,0,1,37547
2026-04-19T02:35:07,12.653420,-71.827049,21.0,12.95,67.5,7,2.4,103.0,4.209,-4.2,0,1,37548
2026-04-19T02:35:36,12.654224,-71.825424,23.5,12.93,68.6,7,2.4,103.2,4.209,-4.2,0,1,37549
2026-04-19T02:36:05,12.654964,-71.823753,30.3,13.03,64.6,8,2.1,103.4,4.207,-4.2,0,1,37550
2026-04-19T02:36:34,12.655668,-71.822121,32.3,12.08,65.5,7,2.3,103.0,4.207,-4.2,0,1,37551
2026-04-19T02:37:03,12.656166,-71.820511,7.5,11.99,64.2,8,2.0,103.2,4.209,-4.2,0,1,37552
2026-04-19T02:37:32,12.656861,-71.818817,12.6,14.90,66.3,8,2.0,103.4,4.207,-4.2,0,1,37553
2026-04-19T02:38:01,12.657643,-71.817146,21.6,12.97,64.8,8,2.0,103.4,4.207,-4.2,0,1,37554
2026-04-19T02:38:30,12.658335,-71.815544,14.5,12.88,67.7,7,2.3,103.4,4.207,-4.2,0,1,37555
2026-04-19T02:38:59,12.659057,-71.813866,16.0,12.99,66.7,8,2.0,103.2,4.207,-4.2,0,1,37556
2026-04-19T02:39:28,12.659840,-71.812218,31.0,12.31,68.1,8,2.0,103.4,4.207,-4.2,0,1,37557
2026-04-19T02:39:57,12.660700,-71.810570,36.4,12.83,65.5,7,2.3,103.5,4.206,-4.4,0,1,37558
2026-04-19T02:40:26,12.661372,-71.808922,37.7,12.80,65.3,7,2.3,103.0,4.207,-4.2,0,1,37559
2026-04-19T02:40:55,12.662065,-71.807281,37.5,13.27,67.0,8,2.0,103.4,4.207,-4.2,0,1,37560
2026-04-19T02:41:24,12.662762,-71.805664,33.6,13.88,82.4,7,2.2,103.4,4.209,-4.2,0,1,37561
2026-04-19T02:41:53,12.663502,-71.803986,33.0,12.13,69.6,7,2.2,103.4,4.207,-4.2,0,1,37562
2026-04-19T02:42:22,12.664192,-71.802353,20.8,13.01,64.8,8,1.9,103.4,4.209,-4.2,0,1,37563
2026-04-19T02:42:51,12.664864,-71.800720,13.2,13.57,65.7,7,2.2,103.2,4.209,-4.2,0,1,37564
2026-04-19T02:43:20,12.665595,-71.799049,16.0,13.37,65.9,8,1.9,103.2,4.207,-4.2,0,1,37565
2026-04-19T02:43:49,12.666286,-71.797424,17.0,14.26,66.4,7,2.2,103.2,4.207,-4.2,0,1,37566
2026-04-19T02:44:18,12.667087,-71.795761,19.5,12.63,64.5,8,1.9,103.2,4.206,-4.2,0,1,37567
2026-04-19T02:44:47,12.667782,-71.794090,9.4,12.75,70.8,8,1.9,103.2,4.207,-4.2,0,1,37568
2026-04-19T02:45:16,12.668428,-71.792450,4.5,13.51,66.4,8,1.9,103.4,4.206,-4.2,0,1,37569
2026-04-19T02:45:45,12.669268,-71.790848,-1.4,13.30,65.6,8,1.9,103.4,4.206,-4.2,0,1,37570
2026-04-19T02:46:14,12.669907,-71.789139,-1.5,13.74,64.5,8,1.8,103.2,4.209,-4.2,0,1,37571
2026-04-19T02:46:43,12.670594,-71.787514,-1.1,13.31,65.7,8,1.8,103.2,4.210,-4.2,0,1,37572
2026-04-19T02:47:12,12.671374,-71.785828,5.1,12.88,66.4,7,2.1,103.2,4.207,-4.2,0,1,37573
2026-04-19T02:47:41,12.672037,-71.784195,2.3,13.34,65.9,7,2.1,103.2,4.209,-4.2,0,1,37574
2026-04-19T02:48:10,12.672691,-71.782539,-1.9,13.40,63.5,7,2.1,103.2,4.207,-4.2,0,1,37575
2026-04-19T02:48:39,12.673342,-71.780838,-7.1,12.75,62.8,8,1.8,103.2,4.207,-4.2,0,1,37576
2026-04-19T02:49:08,12.674143,-71.779182,-5.3,13.36,71.5,7,2.0,103.0,4.207,-4.2,0,1,37577
2026-04-19T02:49:37,12.674948,-71.777527,2.4,12.73,62.0,8,1.8,103.2,4.206,-4.2,0,1,37578
2026-04-19T02:50:06,12.675716,-71.775894,-7.9,12.70,65.8,8,1.8,103.2,4.207,-4.2,0,1,37579
2026-04-19T02:50:35,12.676360,-71.774170,-5.8,12.70,66.2,8,1.7,103.2,4.207,-4.2,0,1,37580
2026-04-19T02:51:04,12.677263,-71.772537,4.0,12.46,66.3,8,1.7,103.4,4.209,-4.2,0,1,37581
2026-04-19T02:51:33,12.677946,-71.770866,6.6,12.58,68.0,8,1.7,103.5,4.207,-4.4,0,1,37582
2026-04-19T02:52:02,12.678725,-71.769196,7.5,12.82,65.0,8,1.7,103.2,4.209,-4.2,0,1,37583
2026-04-19T02:52:31,12.679450,-71.767502,2.6,12.83,67.9,8,1.7,103.0,4.207,-4.2,0,1,37584
2026-04-19T02:53:00,12.680110,-71.765846,0.7,13.51,60.0,8,1.7,103.2,4.207,-4.2,0,1,37585
2026-04-19T02:53:29,12.680886,-71.764221,3.1,13.36,65.3,8,1.7,103.4,4.210,-4.2,0,1,37586
2026-04-19T02:53:58,12.681599,-71.762550,8.4,13.33,61.2,8,1.7,103.4,4.207,-4.2,0,1,37587
2026-04-19T02:54:27,12.682317,-71.760880,0.9,12.69,61.6,8,1.7,103.4,4.210,-4.2,0,1,37588
2026-04-19T02:54:56,12.683009,-71.759178,1.6,13.30,65.4,8,1.6,103.4,4.209,-4.2,0,1,37589
2026-04-19T02:55:25,12.683739,-71.757484,4.0,13.62,67.4,8,1.6,103.4,4.209,-4.2,0,1,37590
2026-04-19T02:55:54,12.684447,-71.755806,5.7,12.96,66.4,8,1.6,103.2,4.209,-4.2,0,1,37591
2026-04-19T02:56:23,12.685205,-71.754097,11.3,13.42,66.7,8,1.6,103.5,4.206,-4.4,0,1,37592
2026-04-19T02:56:52,12.685934,-71.752426,17.7,13.14,66.2,8,1.6,103.4,4.207,-4.2,0,1,37593
2026-04-19T02:57:21,12.686647,-71.750755,14.8,12.89,68.4,8,1.6,103.2,4.207,-4.2,0,1,37594
2026-04-19T02:57:50,12.687437,-71.749115,8.6,12.96,64.9,8,1.6,103.4,4.209,-4.2,0,1,37595
2026-04-19T02:58:19,12.688197,-71.747467,5.9,12.53,65.4,8,1.6,103.5,4.207,-4.4,0,1,37596
2026-04-19T02:58:48,12.688998,-71.745819,8.2,13.02,65.1,8,1.6,103.4,4.207,-4.2,0,1,37597
2026-04-19T02:59:17,12.689731,-71.744125,5.6,12.83,65.5,8,1.6,103.4,4.207,-4.2,0,1,37598
2026-04-19T02:59:46,12.690494,-71.742432,6.8,13.95,66.6,7,1.6,103.2,4.207,-4.2,0,1,37599
2026-04-19T03:00:15,12.691252,-71.740776,12.1,12.48,72.4,7,1.6,103.5,4.209,-4.4,0,1,37600
2026-04-19T03:00:44,12.692036,-71.739098,14.1,13.59,64.2,7,1.6,103.2,4.206,-4.2,0,1,37601
2026-04-19T03:01:13,12.692754,-71.737404,4.8,12.64,67.6,7,1.6,103.0,4.209,-4.2,0,1,37602
2026-04-19T03:01:42,12.693494,-71.735672,5.6,12.72,69.3,7,1.5,103.2,4.209,-4.2,0,1,37603
2026-04-19T03:02:11,12.694232,-71.733971,11.0,13.56,64.8,7,1.5,103.0,4.207,-4.2,0,1,37604
2026-04-19T03:02:40,12.694955,-71.732292,19.5,13.56,64.1,7,1.5,103.2,4.210,-4.2,0,1,37605
2026-04-19T03:03:09,12.695714,-71.730621,22.3,12.25,69.0,7,1.5,103.2,4.209,-4.2,0,1,37606
2026-04-19T03:03:38,12.696394,-71.728897,25.1,12.95,76.4,7,1.5,103.5,4.207,-4.4,0,1,37607
2026-04-19T03:04:07,12.697139,-71.727180,26.5,12.68,68.5,7,1.5,103.5,4.207,2755.8,0,1,37608
2026-04-19T03:04:36,12.697922,-71.725456,29.0,14.07,64.2,7,1.5,103.2,4.209,-4.2,0,1,37609
2026-04-19T03:05:05,12.698359,-71.723625,9.7,13.38,75.3,7,1.5,103.4,4.206,-4.2,0,1,37610
2026-04-19T03:05:34,12.699012,-71.721771,15.7,14.07,74.8,7,1.5,103.4,4.207,-4.2,0,1,37611
2026-04-19T03:06:03,12.699428,-71.719933,31.5,13.01,81.1,7,1.5,103.4,4.209,-4.2,0,1,37612
2026-04-19T03:06:32,12.699556,-71.718109,24.4,14.03,87.4,7,1.5,103.4,4.207,-4.2,0,1,37613
2026-04-19T03:07:01,12.699475,-71.716171,19.2,14.93,90.5,7,1.5,103.2,4.209,-4.2,0,1,37614
2026-04-19T03:07:30,12.699422,-71.714325,26.3,13.40,92.4,7,1.5,103.4,4.209,-4.2,0,1,37615
2026-04-19T03:07:59,12.699225,-71.712425,31.6,13.84,98.4,6,2.1,103.2,4.206,-4.2,0,1,37616
2026-04-19T03:08:28,12.699041,-71.710587,30.4,13.33,97.9,7,1.9,103.2,4.207,-4.2,0,1,37617
2026-04-19T03:08:57,12.698856,-71.708725,27.1,13.37,87.8,8,1.2,103.4,4.207,-4.2,0,1,37618
2026-04-19T03:09:26,12.698712,-71.706863,12.7,13.32,95.4,8,1.2,103.5,4.207,-4.4,0,1,37619
2026-04-19T03:09:55,12.698505,-71.704910,21.1,15.07,104.3,6,2.0,103.2,4.209,-4.2,0,1,37620
2026-04-19T03:10:24,12.698455,-71.702995,25.2,13.53,93.8,8,1.2,103.4,4.209,-4.2,0,1,37621
2026-04-19T03:10:53,12.698221,-71.701126,27.2,13.41,106.5,8,1.2,103.4,4.207,-4.2,0,1,37622
2026-04-19T03:11:22,12.698026,-71.699272,12.6,13.54,93.6,6,2.0,103.2,4.206,-4.2,0,1,37623
2026-04-19T03:11:51,12.697772,-71.697395,1.9,13.91,99.7,7,1.4,103.4,4.209,-4.2,0,1,37624
2026-04-19T03:12:20,12.697697,-71.695457,-0.8,14.23,95.7,6,2.0,103.4,4.206,-4.2,0,1,37625
2026-04-19T03:12:49,12.697431,-71.693565,-8.7,13.91,98.5,7,1.4,103.2,4.209,-4.2,0,1,37626
2026-04-19T03:13:18,12.697064,-71.691757,-16.3,12.58,90.5,7,1.4,103.2,4.206,-4.2,0,1,37627
2026-04-19T03:13:47,12.696981,-71.689789,-14.9,13.60,92.9,7,1.4,103.4,4.207,-4.2,0,1,37628
2026-04-19T03:14:16,12.696774,-71.687851,-14.7,12.91,98.2,7,1.9,103.2,4.207,-4.2,0,1,37629
2026-04-19T03:14:45,12.696504,-71.685936,-26.1,15.57,106.2,7,1.9,103.4,4.206,-4.2,0,1,37630
2026-04-19T03:15:14,12.696340,-71.684021,-24.7,13.48,96.3,7,1.9,103.0,4.207,-4.2,0,1,37631
2026-04-19T03:15:43,12.696172,-71.682114,-23.2,14.15,98.8,7,1.9,103.4,4.209,-4.2,0,1,37632
2026-04-19T03:16:12,12.696051,-71.680199,-23.9,13.37,96.0,7,1.9,103.4,4.207,-4.2,0,1,37633
2026-04-19T03:16:41,12.695800,-71.678368,-25.4,13.68,103.4,8,1.3,103.2,4.209,-4.2,0,1,37634
2026-04-19T03:17:10,12.695690,-71.676399,-7.7,13.72,102.3,6,1.9,103.0,4.206,-4.2,0,1,37635
2026-04-19T03:17:39,12.695537,-71.674461,-13.2,14.13,92.0,8,1.3,103.4,4.209,-4.2,0,1,37636
2026-04-19T03:18:08,12.695253,-71.672562,-15.0,14.15,97.4,7,1.9,103.2,4.209,-4.2,0,1,37637
2026-04-19T03:18:37,12.695020,-71.670662,-19.3,14.26,99.9,7,1.9,103.2,4.209,-4.2,0,1,37638
2026-04-19T03:19:06,12.694830,-71.668800,-33.0,13.49,97.2,8,1.3,103.2,4.207,2747.5,0,1,37639
2026-04-19T03:19:35,12.694632,-71.666901,-45.3,14.06,98.3,7,1.9,103.4,4.206,-4.2,0,1,37640
2026-04-19T03:20:04,12.694337,-71.665009,-56.4,14.13,105.1,7,1.8,103.2,4.207,-4.2,0,1,37641
2026-04-19T03:20:33,12.694207,-71.663071,-54.7,13.34,96.2,7,1.8,103.2,4.207,-4.2,0,1,37642
2026-04-19T03:21:02,12.693998,-71.661156,-54.4,14.64,91.3,7,1.8,103.4,4.205,-4.2,0,1,37643
2026-04-19T03:21:31,12.693855,-71.659195,-52.0,14.20,95.7,7,1.8,103.0,4.206,-4.2,0,1,37644
2026-04-19T03:22:00,12.693755,-71.657219,-34.8,14.11,95.1,8,1.2,103.4,4.209,-4.2,0,1,37645
2026-04-19T03:22:29,12.693504,-71.655319,-30.8,14.29,104.2,7,1.8,103.2,4.206,-4.2,0,1,37646
2026-04-19T03:22:58,12.693403,-71.653366,-23.2,14.51,99.8,6,1.9,103.4,4.209,-4.2,0,1,37647
2026-04-19T03:23:27,12.693292,-71.651390,-17.6,13.43,88.6,7,1.8,103.4,4.205,-4.2,0,1,37648
2026-04-19T03:23:56,12.693112,-71.649460,-17.7,15.41,92.6,8,1.2,103.0,4.209,-4.2,0,1,37649
2026-04-19T03:24:25,12.692927,-71.647552,-15.9,14.16,97.4,7,1.8,103.2,4.207,-4.2,0,1,37650
2026-04-19T03:24:54,12.692794,-71.645584,-6.5,13.54,94.7,7,1.8,103.2,4.209,-4.2,0,1,37651
2026-04-19T03:25:23,12.692651,-71.643631,-0.7,13.81,100.0,8,1.5,103.4,4.207,-4.2,0,1,37652
2026-04-19T03:25:52,12.692489,-71.641731,6.9,13.31,101.9,7,2.5,103.0,4.209,-4.2,0,1,37653
2026-04-19T03:26:21,12.692194,-71.639862,1.7,13.68,106.3,8,1.5,103.4,4.207,-4.2,0,1,37654
2026-04-19T03:26:50,12.691984,-71.637917,-3.5,14.79,96.6,8,1.5,103.2,4.207,-4.2,0,1,37655
2026-04-19T03:27:19,12.691732,-71.636055,0.0,14.10,100.7,8,1.5,103.5,4.207,-4.4,0,1,37656
2026-04-19T03:27:48,12.691440,-71.634171,-2.7,14.49,104.7,8,1.5,103.2,4.207,-4.2,0,1,37657
2026-04-19T03:28:17,12.691278,-71.632240,-4.8,14.43,101.1,8,1.5,103.2,4.209,-4.2,0,1,37658
2026-04-19T03:28:46,12.691037,-71.630363,-9.6,13.64,99.3,8,1.4,103.2,4.207,-4.2,0,1,37659
2026-04-19T03:29:15,12.690834,-71.628502,-17.3,13.75,101.1,8,1.4,103.4,4.207,-4.2,0,1,37660
2026-04-19T03:29:44,12.690695,-71.626556,-12.7,15.15,92.9,8,1.4,103.4,4.209,-4.2,0,1,37661
2026-04-19T03:30:13,12.690452,-71.624649,-10.2,14.11,99.9,8,1.4,103.4,4.209,-4.2,0,1,37662
2026-04-19T03:30:42,12.690367,-71.622688,-5.6,13.44,100.8,8,1.4,103.2,4.207,-4.2,0,1,37663
2026-04-19T03:31:11,12.690262,-71.620758,9.4,12.99,95.9,8,1.4,103.4,4.207,-4.2,0,1,37664
2026-04-19T03:31:40,12.690035,-71.618843,11.8,14.50,94.4,8,1.4,103.4,4.209,-4.2,0,1,37665
2026-04-19T03:32:09,12.689836,-71.616920,11.7,13.99,95.1,8,1.4,103.2,4.207,-4.2,0,1,37666
2026-04-19T03:32:38,12.689632,-71.615044,6.6,13.96,96.4,8,1.4,103.0,4.206,-4.2,0,1,37667
2026-04-19T03:33:07,12.689417,-71.613136,3.0,13.54,92.7,7,2.2,103.4,4.209,-4.2,0,1,37668
2026-04-19T03:33:36,12.689104,-71.611198,6.9,14.05,91.2,8,1.4,103.0,4.210,-4.2,0,1,37669
2026-04-19T03:34:05,12.688862,-71.609322,4.0,13.69,98.6,8,1.4,103.4,4.207,-4.2,0,1,37670
2026-04-19T03:34:34,12.688625,-71.607422,1.2,14.88,92.9,8,1.4,103.2,4.209,-4.2,0,1,37671
2026-04-19T03:35:03,12.688381,-71.605530,0.5,13.42,97.5,8,1.4,103.2,4.209,-4.2,0,1,37672
2026-04-19T03:35:32,12.688168,-71.603630,-2.1,13.63,98.0,8,1.4,103.4,4.209,-4.2,0,1,37673
2026-04-19T03:36:01,12.687890,-71.601746,-10.2,14.00,101.8,8,1.4,103.2,4.207,-4.2,0,1,37674
2026-04-19T03:36:30,12.687729,-71.599846,-12.9,13.57,95.2,7,2.1,103.2,4.207,-4.2,0,1,37675
2026-04-19T03:36:59,12.687489,-71.597946,-9.4,13.68,95.7,8,1.3,103.4,4.207,-4.2,0,1,37676
2026-04-19T03:37:28,12.687504,-71.595940,-9.5,15.32,85.0,8,1.3,103.4,4.207,-4.2,0,1,37677
2026-04-19T03:37:57,12.687234,-71.594086,-1.3,14.70,95.1,8,1.3,103.2,4.207,-4.2,0,1,37678
2026-04-19T03:38:26,12.686909,-71.592201,-12.3,13.94,104.9,7,2.1,103.2,4.207,-4.2,0,1,37679
2026-04-19T03:38:55,12.686744,-71.590271,-14.6,13.80,94.6,8,1.3,103.0,4.207,-4.2,0,1,37680
2026-04-19T03:39:24,12.686599,-71.588348,-10.3,14.24,100.5,8,1.3,103.5,4.207,-4.4,0,1,37681
2026-04-19T03:39:53,12.686459,-71.586487,-4.7,13.90,100.2,8,1.3,103.2,4.209,-4.2,0,1,37682
2026-04-19T03:40:22,12.686338,-71.584557,-10.5,14.99,92.9,8,1.3,103.2,4.206,-4.2,0,1,37683
2026-04-19T03:40:51,12.686192,-71.582619,-15.3,14.22,93.4,8,1.3,103.4,4.207,-4.2,0,1,37684
2026-04-19T03:41:20,12.686028,-71.580696,-18.1,13.20,94.3,8,1.3,103.2,4.207,-4.2,0,1,37685
2026-04-19T03:41:49,12.685784,-71.578743,-8.1,14.59,98.7,8,1.3,103.2,4.206,-4.2,0,1,37686
2026-04-19T03:42:18,12.685664,-71.576866,-2.1,13.48,99.1,8,1.3,103.4,4.207,-4.2,0,1,37687
2026-04-19T03:42:47,12.685526,-71.574898,-1.0,13.81,94.5,8,1.3,103.2,4.206,-4.2,0,1,37688
2026-04-19T03:43:16,12.685297,-71.572975,-6.8,14.89,93.3,8,1.3,103.2,4.207,-4.2,0,1,37689
2026-04-19T03:43:45,12.685052,-71.571083,-0.8,14.27,104.5,7,1.9,103.4,4.207,-4.2,0,1,37690
2026-04-19T03:44:14,12.684757,-71.569168,2.2,13.64,108.0,8,1.3,103.2,4.209,-4.2,0,1,37691
2026-04-19T03:44:43,12.684597,-71.567215,11.1,14.01,93.7,8,1.3,103.0,4.210,-4.2,0,1,37692
2026-04-19T03:45:12,12.684502,-71.565269,13.7,14.04,93.3,7,1.9,103.2,4.209,-4.2,0,1,37693
2026-04-19T03:45:41,12.684341,-71.563339,12.2,14.60,96.3,8,1.3,103.2,4.207,-4.2,0,1,37694
2026-04-19T03:46:10,12.684132,-71.561440,11.1,14.96,97.6,8,1.3,103.5,4.206,-4.4,0,1,37695
2026-04-19T03:46:39,12.683969,-71.559479,9.5,14.97,94.2,7,1.9,103.4,4.209,-4.2,0,1,37696
2026-04-19T03:47:08,12.683787,-71.557556,11.5,13.16,100.6,8,1.2,103.2,4.207,-4.2,0,1,37697
2026-04-19T03:47:37,12.683544,-71.555611,14.2,13.24,101.4,9,1.2,103.4,4.209,-4.2,0,1,37698
2026-04-19T03:48:06,12.683274,-71.553635,8.3,14.23,100.6,9,1.2,103.0,4.207,-4.2,0,1,37699
2026-04-19T03:48:35,12.683023,-71.551697,5.9,14.82,101.4,8,1.6,103.5,4.207,-4.4,0,1,37700
2026-04-19T03:49:04,12.682791,-71.549744,-0.5,15.57,95.2,8,1.6,103.0,4.209,-4.2,0,1,37701
2026-04-19T03:49:33,12.682523,-71.547783,-3.7,14.70,93.9,9,1.2,103.2,4.207,-4.2,0,1,37702
2026-04-19T03:50:02,12.682366,-71.545868,-7.6,14.43,92.7,9,1.2,103.0,4.207,-4.2,0,1,37703
2026-04-19T03:50:31,12.682110,-71.543915,-9.3,14.39,94.4,8,1.6,103.4,4.207,-4.2,0,1,37704
2026-04-19T03:51:00,12.681888,-71.542000,-7.4,14.07,103.3,8,1.6,103.4,4.209,-4.2,0,1,37705
2026-04-19T03:51:29,12.681791,-71.540077,-4.4,14.20,96.4,8,1.6,103.2,4.209,-4.2,0,1,37706
2026-04-19T03:51:58,12.681575,-71.538147,-3.6,14.72,94.5,9,1.2,103.2,4.207,-4.2,0,1,37707
2026-04-19T03:52:27,12.681391,-71.536240,1.5,13.58,92.6,8,1.6,103.2,4.207,-4.2,0,1,37708
2026-04-19T03:52:56,12.681145,-71.534294,-5.4,14.51,99.7,8,1.6,103.4,4.207,-4.2,0,1,37709
2026-04-19T03:53:25,12.680960,-71.532356,-5.6,13.98,96.3,8,1.6,103.2,4.209,-4.2,0,1,37710
2026-04-19T03:53:54,12.680765,-71.530418,-4.5,15.57,102.0,8,1.6,103.2,4.207,-4.2,0,1,37711
2026-04-19T03:54:23,12.680668,-71.528473,-6.6,15.77,90.1,7,1.7,103.2,4.209,-4.2,0,1,37712
2026-04-19T03:54:52,12.680452,-71.526627,-4.1,13.05,97.4,7,1.7,103.4,4.206,-4.2,0,1,37713
2026-04-19T03:55:21,12.680344,-71.524643,-6.8,15.03,88.1,7,1.7,103.0,4.209,-4.2,0,1,37714
2026-04-19T03:55:50,12.680073,-71.522736,-9.6,13.91,92.9,7,1.7,103.4,4.209,-4.2,0,1,37715
2026-04-19T03:56:19,12.679830,-71.520897,6.7,13.85,101.3,7,1.7,103.0,4.207,-4.2,0,1,37716
2026-04-19T03:56:48,12.679729,-71.518936,3.9,15.83,91.4,7,1.7,103.4,4.209,-4.2,0,1,37717
2026-04-19T03:57:17,12.679571,-71.517090,0.8,13.77,95.6,7,1.7,103.0,4.207,-4.2,0,1,37718
2026-04-19T03:57:46,12.679379,-71.515182,1.4,14.81,96.0,7,1.7,103.5,4.209,-4.4,0,1,37719
2026-04-19T03:58:15,12.679082,-71.513275,-3.6,15.39,96.2,7,1.7,103.2,4.209,-4.2,0,1,37720
2026-04-19T03:58:44,12.678919,-71.511375,0.6,13.90,88.4,7,1.7,103.2,4.207,-4.2,0,1,37721
2026-04-19T03:59:13,12.678748,-71.509453,9.1,14.00,97.2,7,1.7,103.4,4.207,-4.2,0,1,37722
2026-04-19T03:59:42,12.678558,-71.507484,10.3,14.43,98.8,7,1.7,103.0,4.207,-4.2,0,1,37723
2026-04-19T04:00:11,12.678343,-71.505569,13.5,14.51,88.5,7,1.7,103.4,4.207,-4.2,0,1,37724
2026-04-19T04:00:40,12.678136,-71.503532,10.3,14.27,94.5,7,1.6,103.2,4.207,-4.2,0,1,37725
2026-04-19T04:01:09,12.677883,-71.501671,7.9,14.26,96.1,7,1.6,103.2,4.206,-4.2,0,1,37726
2026-04-19T04:01:38,12.677736,-71.499786,-2.3,13.95,97.0,7,1.6,103.4,4.209,-4.2,0,1,37727
2026-04-19T04:02:07,12.677551,-71.497849,-0.2,14.63,97.9,7,1.7,103.4,4.207,-4.2,0,1,37728
2026-04-19T04:02:36,12.677428,-71.495911,3.1,15.07,98.8,7,1.6,103.4,4.207,-4.2,0,1,37729
2026-04-19T04:03:05,12.677180,-71.493988,-1.9,13.95,96.8,7,1.6,103.2,4.206,-4.2,0,1,37730
2026-04-19T04:03:34,12.676917,-71.492073,-0.6,13.98,93.8,7,1.6,103.0,4.207,-4.2,0,1,37731
2026-04-19T04:04:03,12.676723,-71.490143,1.3,14.88,90.3,7,1.6,103.4,4.207,-4.2,0,1,37732
2026-04-19T04:04:32,12.676488,-71.488106,1.9,13.81,95.3,7,1.6,103.0,4.207,-4.2,0,1,37733
2026-04-19T04:05:01,12.676300,-71.486168,2.0,14.34,94.4,7,1.6,103.2,4.209,-4.2,0,1,37734
2026-04-19T04:05:30,12.676114,-71.484283,2.9,13.03,90.0,7,1.6,103.7,4.210,-4.2,0,1,37735
2026-04-19T04:05:59,12.675848,-71.482285,-1.8,16.47,97.8,8,1.1,103.2,4.206,-4.2,0,1,37736
2026-04-19T04:06:28,12.675653,-71.480438,3.1,14.00,95.1,8,1.5,103.4,4.207,-4.2,0,1,37737
2026-04-19T04:06:57,12.675422,-71.478493,-2.7,13.79,102.2,8,1.5,103.2,4.207,-4.2,0,1,37738
2026-04-19T04:07:26,12.675205,-71.476547,0.2,15.33,96.0,8,1.5,103.2,4.207,-4.2,0,1,37739
2026-04-19T04:07:55,12.675003,-71.474632,0.7,14.27,104.3,7,1.7,103.2,4.207,-4.2,0,1,37740
2026-04-19T04:08:24,12.674757,-71.472748,2.4,12.58,97.9,8,1.5,103.2,4.207,-4.2,0,1,37741
2026-04-19T04:08:53,12.674629,-71.470795,1.7,13.13,100.7,8,1.5,103.4,4.207,-4.2,0,1,37742
2026-04-19T04:09:22,12.674393,-71.468880,1.7,13.89,97.9,8,1.4,103.2,4.207,-4.2,0,1,37743
2026-04-19T04:09:51,12.674096,-71.466957,-1.8,14.02,104.2,9,1.1,103.0,4.209,-4.2,0,1,37744
2026-04-19T04:10:20,12.673997,-71.465065,-2.6,13.80,91.4,9,1.1,103.2,4.209,-4.2,0,1,37745
2026-04-19T04:10:49,12.673743,-71.463097,-1.8,15.52,98.4,8,1.4,103.0,4.209,-4.2,0,1,37746
2026-04-19T04:11:18,12.673759,-71.461212,2.4,13.99,95.9,8,1.4,103.2,4.207,-4.2,0,1,37747
2026-04-19T04:11:47,12.673536,-71.459320,8.2,12.68,95.2,8,1.1,103.2,4.209,-4.2,0,1,37748
2026-04-19T04:12:16,12.673368,-71.457481,9.2,13.15,89.8,8,1.4,103.2,4.207,-4.2,0,1,37749
2026-04-19T04:12:45,12.673271,-71.455460,11.7,14.29,94.9,8,1.4,103.2,4.209,-4.2,0,1,37750
2026-04-19T04:13:14,12.673045,-71.453575,3.2,12.83,96.1,8,1.4,103.2,4.207,-4.2,0,1,37751
2026-04-19T04:13:43,12.672838,-71.451668,-1.5,14.67,96.7,7,1.6,103.0,4.209,-4.2,0,1,37752
2026-04-19T04:14:12,12.672656,-71.449760,4.5,14.11,91.7,7,1.6,103.2,4.207,-4.2,0,1,37753
2026-04-19T04:14:41,12.672446,-71.447884,6.8,14.61,89.2,7,1.6,103.2,4.207,-4.2,0,1,37754
2026-04-19T04:15:10,12.672198,-71.446007,10.0,14.10,104.3,8,1.4,103.2,4.207,-4.2,0,1,37755
2026-04-19T04:15:39,12.672011,-71.444122,6.8,12.76,96.0,7,1.6,103.2,4.207,-4.2,0,1,37756
2026-04-19T04:16:08,12.671834,-71.442192,13.2,14.38,94.7,7,1.6,103.2,4.209,-4.2,0,1,37757
2026-04-19T04:16:37,12.671677,-71.440247,15.2,12.86,93.8,8,1.3,103.2,4.209,-4.2,0,1,37758
2026-04-19T04:17:06,12.671385,-71.438347,4.7,13.95,96.3,8,1.3,103.5,4.207,-4.4,0,1,37759
2026-04-19T04:17:35,12.671064,-71.436478,12.5,12.73,96.7,7,1.6,103.4,4.207,2751.6,0,1,37760
2026-04-19T04:18:04,12.670848,-71.434586,14.8,13.19,104.3,8,1.3,103.2,4.209,-4.2,0,1,37761
2026-04-19T04:18:33,12.670770,-71.432625,13.3,13.60,97.3,8,1.3,103.2,4.207,-4.2,0,1,37762
2026-04-19T04:19:02,12.670573,-71.430733,9.2,13.87,99.1,7,1.6,103.2,4.207,-4.2,0,1,37763
2026-04-19T04:19:31,12.670366,-71.428795,8.0,11.73,101.5,7,1.6,103.2,4.207,-4.2,0,1,37764
2026-04-19T04:20:00,12.670133,-71.426826,2.3,14.15,96.8,7,1.6,103.2,4.206,-4.2,0,1,37765
2026-04-19T04:20:29,12.669869,-71.424919,-5.3,14.07,95.7,7,1.6,103.4,4.207,-4.2,0,1,37766
2026-04-19T04:20:58,12.669643,-71.422890,-3.7,14.70,94.8,7,1.6,103.2,4.207,-4.2,0,1,37767
2026-04-19T04:21:27,12.669503,-71.421013,1.8,13.85,89.8,8,1.3,103.0,4.209,-4.2,0,1,37768
2026-04-19T04:21:56,12.669245,-71.419174,-2.4,13.98,105.9,8,1.3,103.2,4.207,-4.2,0,1,37769
2026-04-19T04:22:25,12.669053,-71.417206,-5.5,14.21,98.0,7,1.5,103.2,4.207,-4.2,0,1,37770
2026-04-19T04:22:54,12.668843,-71.415298,-9.9,13.31,97.4,7,1.5,103.2,4.206,-4.2,0,1,37771
2026-04-19T04:23:23,12.668632,-71.413315,-12.7,15.22,96.8,7,1.5,103.2,4.207,-4.2,0,1,37772
2026-04-19T04:23:52,12.668424,-71.411423,-15.0,13.31,102.4,7,1.5,103.2,4.207,-4.2,0,1,37773
2026-04-19T04:24:21,12.668329,-71.409576,-15.2,13.79,95.4,7,1.5,103.4,4.207,-4.2,0,1,37774
2026-04-19T04:24:50,12.668176,-71.407623,-12.4,14.32,93.3,7,1.5,103.4,4.207,-4.2,0,1,37775
2026-04-19T04:25:19,12.667983,-71.405663,-9.4,14.26,98.4,7,1.5,103.2,4.207,-4.2,0,1,37776
2026-04-19T04:25:48,12.667812,-71.403770,-9.3,14.35,92.6,7,1.5,103.5,4.207,-4.4,0,1,37777
2026-04-19T04:26:17,12.667521,-71.401855,-9.2,14.18,96.3,8,1.5,103.0,4.207,-4.2,0,1,37778
2026-04-19T04:26:46,12.667351,-71.399918,-11.1,13.34,97.0,8,1.5,103.2,4.207,-4.2,0,1,37779
2026-04-19T04:27:15,12.667182,-71.398056,-3.7,13.63,96.1,8,1.5,103.0,4.207,-4.2,0,1,37780
2026-04-19T04:27:44,12.667111,-71.396164,1.8,13.66,90.2,9,1.2,103.2,4.209,-4.2,0,1,37781
2026-04-19T04:28:13,12.666900,-71.394241,2.7,14.13,95.7,7,2.2,103.2,4.207,-4.2,0,1,37782
2026-04-19T04:28:42,12.666660,-71.392273,-3.7,13.89,94.0,7,2.2,103.2,4.207,-4.2,0,1,37783
2026-04-19T04:29:11,12.666333,-71.390312,8.1,14.16,99.4,7,1.5,103.4,4.207,-4.2,0,1,37784
2026-04-19T04:29:40,12.666377,-71.388206,15.5,14.37,91.4,7,1.8,103.2,4.206,-4.2,0,1,37785
2026-04-19T04:30:09,12.666017,-71.386429,20.7,13.13,95.9,7,1.5,103.2,4.207,-4.2,0,1,37786
2026-04-19T04:30:38,12.665875,-71.384483,12.8,13.48,92.9,7,1.5,103.4,4.207,-4.2,0,1,37787
2026-04-19T04:31:07,12.665554,-71.382462,-0.6,14.56,98.7,7,1.5,103.4,4.209,-4.2,0,1,37788
2026-04-19T04:31:36,12.665370,-71.380447,-15.3,13.54,98.8,7,1.5,103.2,4.209,-4.2,0,1,37789
2026-04-19T04:32:05,12.665018,-71.378502,-23.3,13.08,102.6,7,1.5,103.2,4.207,-4.2,0,1,37790
2026-04-19T04:32:34,12.664837,-71.376564,-26.9,15.37,109.1,7,1.5,103.2,4.207,-4.2,0,1,37791
2026-04-19T04:33:03,12.664706,-71.374641,-25.6,13.88,90.6,7,1.5,103.4,4.207,-4.2,0,1,37792
2026-04-19T04:33:32,12.664431,-71.372688,-22.2,13.79,99.1,7,1.5,103.2,4.207,-4.2,0,1,37793
2026-04-19T04:34:01,12.664277,-71.370781,-14.6,14.07,98.0,7,1.5,103.2,4.207,-4.2,0,1,37794
2026-04-19T04:34:30,12.664134,-71.368797,-15.2,15.40,99.0,7,1.5,103.2,4.207,-4.2,0,1,37795
2026-04-19T04:34:59,12.664043,-71.366905,-7.8,12.72,96.1,7,1.5,103.2,4.207,-4.2,0,1,37796
2026-04-19T04:35:28,12.663876,-71.365051,3.6,13.59,88.5,7,1.5,103.4,4.207,-4.2,0,1,37797
2026-04-19T04:35:57,12.663615,-71.363136,12.2,12.92,100.3,7,1.5,103.4,4.209,-4.2,0,1,37798
2026-04-19T04:36:26,12.663495,-71.361275,15.1,13.79,97.4,7,1.5,103.2,4.209,-4.2,0,1,37799
2026-04-19T04:36:55,12.663283,-71.359299,21.1,14.03,93.6,7,1.5,103.4,4.209,-4.2,0,1,37800
2026-04-19T04:37:24,12.663210,-71.357353,23.0,14.19,91.5,7,1.5,103.4,4.207,-4.2,0,1,37801
2026-04-19T04:37:53,12.662870,-71.355492,24.7,13.80,105.0,7,1.5,103.4,4.207,-4.2,0,1,37802
2026-04-19T04:38:22,12.662689,-71.353546,32.4,14.43,102.2,7,1.4,103.0,4.207,-4.2,0,1,37803
2026-04-19T04:38:51,12.662540,-71.351585,31.1,14.37,90.8,7,1.4,103.0,4.206,-4.2,0,1,37804
2026-04-19T04:39:20,12.662282,-71.349640,32.2,14.28,98.4,7,1.4,103.4,4.209,-4.2,0,1,37805
2026-04-19T04:39:49,12.662073,-71.347725,34.9,14.49,93.5,6,1.9,103.4,4.207,-4.2,0,1,37806
2026-04-19T04:40:18,12.661877,-71.345818,36.3,13.24,98.3,7,1.4,103.0,4.207,-4.2,0,1,37807
2026-04-19T04:40:47,12.661711,-71.343811,29.3,14.69,100.1,7,1.4,103.0,4.206,-4.2,0,1,37808
2026-04-19T04:41:16,12.661440,-71.341835,22.8,16.00,97.1,7,1.4,103.4,4.207,-4.2,0,1,37809
2026-04-19T04:41:45,12.661243,-71.339897,21.7,13.73,96.9,6,2.1,103.4,4.207,-4.2,0,1,37810
2026-04-19T04:42:14,12.661023,-71.337975,17.3,15.85,90.3,7,1.4,103.2,4.209,-4.2,0,1,37811
2026-04-19T04:42:43,12.660842,-71.336006,12.6,13.70,97.1,6,2.1,103.2,4.207,-4.2,0,1,37812
2026-04-19T04:43:12,12.660679,-71.334076,6.0,14.83,97.8,7,1.4,103.2,4.209,-4.2,0,1,37813
2026-04-19T04:43:41,12.660332,-71.332253,9.2,14.03,103.3,6,2.1,103.4,4.207,-4.2,0,1,37814
2026-04-19T04:44:10,12.660227,-71.330299,10.2,14.70,98.5,7,1.4,103.2,4.206,-4.2,0,1,37815
2026-04-19T04:44:39,12.660163,-71.328346,12.3,12.10,92.2,8,1.3,103.2,4.210,-4.2,0,1,37816
2026-04-19T04:45:08,12.659957,-71.326439,16.8,14.00,88.7,7,1.7,103.2,4.207,-4.2,0,1,37817
2026-04-19T04:45:37,12.659750,-71.324509,16.2,13.87,100.9,6,1.7,103.2,4.207,-4.2,0,1,37818
2026-04-19T04:46:06,12.659503,-71.322571,15.3,13.06,94.4,7,1.3,103.2,4.207,-4.2,0,1,37819
2026-04-19T04:46:35,12.659302,-71.320602,13.4,14.12,90.6,7,1.3,103.0,4.207,-4.2,0,1,37820
2026-04-19T04:47:04,12.659030,-71.318649,16.9,13.37,108.8,7,1.3,103.2,4.207,-4.2,0,1,37821
2026-04-19T04:47:33,12.658934,-71.316719,23.0,15.40,96.8,7,1.3,103.0,4.209,-4.2,0,1,37822
2026-04-19T04:48:02,12.658685,-71.314766,25.0,14.62,94.3,5,1.8,103.2,4.209,-4.2,0,1,37823
2026-04-19T04:48:31,12.658484,-71.312851,22.3,13.00,98.6,7,1.3,103.4,4.207,-4.2,0,1,37824
2026-04-19T04:49:00,12.658346,-71.310913,29.7,16.10,97.6,7,1.3,103.4,4.207,-4.2,0,1,37825
2026-04-19T04:49:29,12.658163,-71.308937,33.3,14.51,101.0,7,1.3,103.4,4.207,-4.2,0,1,37826
2026-04-19T04:49:58,12.657918,-71.306992,30.8,14.15,96.4,8,1.3,103.0,4.207,-4.2,0,1,37827
2026-04-19T04:50:27,12.657641,-71.305008,27.3,13.52,96.6,8,1.3,103.0,4.207,-4.2,0,1,37828
2026-04-19T04:50:56,12.657528,-71.303024,28.6,15.20,94.2,8,1.3,103.2,4.209,-4.2,0,1,37829
2026-04-19T04:51:25,12.657343,-71.301117,32.6,14.24,97.1,8,1.3,103.2,4.207,-4.2,0,1,37830
2026-04-19T04:51:54,12.657079,-71.299156,20.9,12.97,102.4,7,1.6,103.0,4.207,-4.2,0,1,37831
2026-04-19T04:52:23,12.656912,-71.297234,28.7,14.51,96.9,8,1.3,103.2,4.209,-4.2,0,1,37832
2026-04-19T04:52:52,12.656796,-71.295227,20.4,13.77,97.7,7,1.3,103.2,4.207,-4.2,0,1,37833
2026-04-19T04:53:21,12.656573,-71.293312,21.1,15.26,99.6,7,1.6,103.2,4.207,-4.2,0,1,37834
2026-04-19T04:53:50,12.656295,-71.291397,21.5,13.30,100.4,6,2.3,103.2,4.206,-4.2,0,1,37835
2026-04-19T04:54:19,12.656220,-71.289444,30.2,13.60,95.9,7,1.3,103.2,4.206,-4.2,0,1,37836
2026-04-19T04:54:48,12.656096,-71.287468,44.9,14.98,94.5,8,1.2,103.5,4.210,-4.4,0,1,37837
2026-04-19T04:55:17,12.655915,-71.285469,49.5,15.17,94.1,8,1.2,103.4,4.207,-4.2,0,1,37838
2026-04-19T04:55:46,12.655800,-71.283516,58.5,14.12,92.7,7,1.6,103.5,4.209,-4.4,0,1,37839
2026-04-19T04:56:15,12.655530,-71.281502,63.7,14.20,95.6,7,1.6,103.4,4.207,-4.2,0,1,37840
2026-04-19T04:56:44,12.655416,-71.279564,64.9,14.45,97.7,8,1.3,103.0,4.207,-4.2,0,1,37841
2026-04-19T04:57:13,12.655173,-71.277596,65.1,13.89,98.0,7,1.6,103.2,4.209,-4.2,0,1,37842
2026-04-19T04:57:42,12.655009,-71.275620,73.5,13.66,94.1,7,1.6,103.0,4.206,-4.2,0,1,37843
2026-04-19T04:58:11,12.654761,-71.273766,70.2,13.95,92.8,9,1.3,103.4,4.207,-4.2,0,1,37844
2026-04-19T04:58:40,12.654596,-71.271797,68.3,13.91,89.8,7,1.5,103.2,4.207,-4.2,0,1,37845
2026-04-19T04:59:09,12.654375,-71.269806,62.0,13.23,89.4,9,1.3,103.5,4.207,-4.4,0,1,37846
2026-04-19T04:59:38,12.654128,-71.267853,54.8,14.10,97.3,9,1.3,103.0,4.207,-4.2,0,1,37847
2026-04-19T05:00:07,12.653878,-71.265938,50.6,14.07,99.3,9,1.3,103.0,4.207,-4.2,0,1,37848
2026-04-19T05:00:36,12.653737,-71.264000,52.2,13.03,87.7,9,1.3,103.2,4.207,-4.2,0,1,37849
2026-04-19T05:01:05,12.653450,-71.262032,44.8,14.41,94.3,9,1.3,103.2,4.206,-4.2,0,1,37850
2026-04-19T05:01:34,12.653215,-71.260056,37.4,14.84,97.3,9,1.3,103.5,4.207,-4.4,0,1,37851
2026-04-19T05:02:03,12.652899,-71.258163,24.4,14.52,100.5,9,1.3,103.4,4.207,-4.2,0,1,37852
2026-04-19T05:02:32,12.652754,-71.256233,28.3,12.02,82.5,9,1.3,103.2,4.207,-4.2,0,1,37853
2026-04-19T05:03:01,12.652502,-71.254288,24.6,13.61,96.6,8,1.9,103.2,4.209,-4.2,0,1,37854
2026-04-19T05:03:30,12.652186,-71.252342,28.4,13.51,97.9,9,1.3,103.2,4.209,-4.2,0,1,37855
2026-04-19T05:03:59,12.651908,-71.250381,22.1,14.89,91.9,9,1.3,103.5,4.207,-4.4,0,1,37856
2026-04-19T05:04:28,12.651728,-71.248390,26.3,14.52,92.0,9,1.3,103.2,4.209,-4.2,0,1,37857
2026-04-19T05:04:57,12.651403,-71.246422,15.0,14.73,102.8,8,1.9,103.2,4.207,2747.5,0,1,37858
2026-04-19T05:05:26,12.651258,-71.244431,10.6,14.65,94.9,9,1.3,103.2,4.207,-4.2,0,1,37859
2026-04-19T05:05:55,12.650997,-71.242447,2.2,14.79,98.5,9,1.3,103.4,4.209,-4.2,0,1,37860
2026-04-19T05:06:24,12.650764,-71.240509,0.5,14.15,97.1,9,1.3,103.2,4.207,-4.2,0,1,37861
2026-04-19T05:06:53,12.650537,-71.238548,-1.3,14.67,95.8,9,1.3,103.0,4.207,-4.2,0,1,37862
2026-04-19T05:07:22,12.650285,-71.236588,-7.0,14.68,95.2,9,1.3,103.0,4.209,-4.2,0,1,37863
2026-04-19T05:07:51,12.650068,-71.234665,-10.6,14.15,96.0,9,1.3,103.0,4.207,-4.2,0,1,37864
2026-04-19T05:08:20,12.649939,-71.232712,-7.7,14.09,91.7,9,1.3,103.5,4.207,-4.4,0,1,37865
2026-04-19T05:08:49,12.649692,-71.230751,-11.5,13.38,91.8,9,1.3,103.2,4.207,-4.2,0,1,37866
2026-04-19T05:09:18,12.649513,-71.228767,-12.6,15.31,94.4,9,1.3,103.2,4.207,-4.2,0,1,37867
2026-04-19T05:09:47,12.649349,-71.226807,-8.3,13.65,97.1,9,1.3,103.2,4.206,-4.2,0,1,37868
2026-04-19T05:10:16,12.649098,-71.224846,-16.7,15.29,99.3,8,1.9,103.4,4.206,-4.2,0,1,37869
2026-04-19T05:10:45,12.648793,-71.222923,-28.1,13.61,95.5,8,1.9,103.2,4.206,-4.2,0,1,37870
2026-04-19T05:11:14,12.648449,-71.221008,-44.9,14.12,99.4,8,1.9,103.4,4.206,-4.2,0,1,37871
2026-04-19T05:11:43,12.648209,-71.219063,-50.2,14.55,95.3,8,1.9,103.4,4.207,-4.2,0,1,37872
2026-04-19T05:12:12,12.648039,-71.217140,-48.5,13.91,91.7,8,1.9,103.2,4.207,-4.2,0,1,37873
2026-04-19T05:12:41,12.647999,-71.215179,-34.1,13.69,92.4,8,1.9,103.2,4.210,-4.2,0,1,37874
2026-04-19T05:13:10,12.647874,-71.213226,-20.8,13.66,96.9,8,1.9,103.0,4.207,-4.2,0,1,37875
2026-04-19T05:13:39,12.647810,-71.211266,-5.6,15.05,94.8,9,1.5,103.2,4.209,-4.2,0,1,37876
2026-04-19T05:14:08,12.647672,-71.209320,1.9,13.63,96.5,9,1.5,103.2,4.207,-4.2,0,1,37877
2026-04-19T05:14:37,12.647478,-71.207336,-3.9,14.88,90.4,9,1.5,103.4,4.207,-4.2,0,1,37878
2026-04-19T05:15:06,12.647207,-71.205475,-8.7,14.95,96.2,9,1.5,103.4,4.209,-4.2,0,1,37879
2026-04-19T05:15:35,12.647112,-71.203484,-1.8,14.30,97.4,9,1.5,103.4,4.206,-4.2,0,1,37880
2026-04-19T05:16:04,12.646864,-71.201553,-4.2,13.48,91.3,10,1.1,103.2,4.207,-4.2,0,1,37881
2026-04-19T05:16:33,12.646655,-71.199638,-5.0,12.90,90.0,9,1.1,103.5,4.207,-4.4,0,1,37882
2026-04-19T05:17:02,12.646447,-71.197678,-4.1,14.74,96.2,10,1.1,103.2,4.206,2747.5,0,1,37883
2026-04-19T05:17:31,12.646220,-71.195732,-5.6,14.76,93.4,10,1.1,103.2,4.206,-4.2,0,1,37884
2026-04-19T05:18:00,12.645992,-71.193825,-2.5,14.55,91.5,10,1.1,103.2,4.206,-4.2,0,1,37885
2026-04-19T05:18:29,12.645785,-71.191910,-5.3,14.78,88.7,10,1.1,103.4,4.207,-4.2,0,1,37886
2026-04-19T05:18:58,12.645649,-71.189926,-0.4,15.29,91.6,10,1.1,102.9,4.207,-4.4,0,1,37887
2026-04-19T05:19:27,12.645469,-71.187981,-0.5,14.16,93.6,10,1.1,103.2,4.209,-4.2,0,1,37888
2026-04-19T05:19:56,12.645298,-71.186043,1.3,14.03,96.3,10,1.1,103.2,4.209,-4.2,0,1,37889
2026-04-19T05:20:25,12.645104,-71.184082,0.6,14.95,93.7,9,1.6,103.2,4.207,-4.2,0,1,37890
2026-04-19T05:20:54,12.644912,-71.182144,-4.0,15.04,95.9,9,1.6,103.0,4.209,-4.2,0,1,37891
2026-04-19T05:21:23,12.644717,-71.180214,-6.2,14.49,93.7,9,1.6,103.4,4.207,-4.2,0,1,37892
2026-04-19T05:21:52,12.644515,-71.178268,-4.5,13.53,94.7,9,1.6,103.2,4.207,-4.2,0,1,37893
2026-04-19T05:22:21,12.644317,-71.176315,-4.9,14.45,94.5,8,1.7,103.2,4.206,-4.2,0,1,37894
2026-04-19T05:22:50,12.644140,-71.174377,-7.5,12.75,87.2,9,1.6,103.2,4.207,-4.2,0,1,37895
2026-04-19T05:23:19,12.643953,-71.172394,-12.0,14.13,93.1,9,1.6,103.2,4.207,-4.2,0,1,37896
2026-04-19T05:23:48,12.643760,-71.170448,-15.0,13.40,95.3,8,1.7,103.2,4.207,-4.2,0,1,37897
2026-04-19T05:24:17,12.643576,-71.168457,-9.1,14.48,95.3,8,1.7,103.0,4.207,-4.2,0,1,37898
2026-04-19T05:24:46,12.643394,-71.166481,-3.3,14.39,98.6,8,1.7,103.0,4.207,-4.2,0,1,37899
2026-04-19T05:25:15,12.643180,-71.164520,-1.6,14.85,96.2,8,1.7,103.2,4.207,-4.2,0,1,37900
2026-04-19T05:25:44,12.642937,-71.162590,-1.7,13.33,91.4,8,1.7,103.2,4.206,-4.2,0,1,37901
2026-04-19T05:26:13,12.642778,-71.160637,-0.5,14.19,96.1,9,1.2,103.2,4.206,-4.2,0,1,37902
2026-04-19T05:26:42,12.642606,-71.158676,-2.9,14.06,93.5,8,1.8,103.5,4.209,-4.4,0,1,37903
2026-04-19T05:27:11,12.642320,-71.156754,-9.2,15.01,102.4,8,1.8,103.0,4.209,-4.2,0,1,37904
2026-04-19T05:27:40,12.642132,-71.154793,-6.2,13.19,88.9,8,1.8,103.2,4.207,-4.2,0,1,37905
2026-04-19T05:28:09,12.641842,-71.152817,-8.7,14.56,101.5,8,1.8,103.5,4.209,-4.4,0,1,37906
2026-04-19T05:28:38,12.641682,-71.150864,-8.5,15.13,98.8,8,1.8,103.2,4.209,-4.2,0,1,37907
2026-04-19T05:29:07,12.641510,-71.148895,-2.8,14.54,93.4,7,1.8,103.2,4.207,-4.2,0,1,37908
2026-04-19T05:29:36,12.641321,-71.146973,4.1,12.24,87.4,8,1.8,103.0,4.209,-4.2,0,1,37909
2026-04-19T05:30:05,12.641019,-71.144997,-12.8,14.30,98.9,8,1.8,103.2,4.206,-4.2,0,1,37910
2026-04-19T05:30:34,12.640810,-71.143082,-24.8,14.04,99.1,8,1.8,103.2,4.207,-4.2,0,1,37911
2026-04-19T05:31:03,12.640629,-71.141190,-33.6,13.89,97.8,8,1.8,103.2,4.206,-4.2,0,1,37912
2026-04-19T05:31:32,12.640477,-71.139198,-26.9,13.94,94.3,9,1.7,103.0,4.209,-4.2,0,1,37913
2026-04-19T05:32:01,12.640270,-71.137245,-32.1,13.99,92.7,8,1.9,103.2,4.207,-4.2,0,1,37914
2026-04-19T05:32:30,12.639972,-71.135300,-33.3,13.55,96.1,10,1.1,103.2,4.206,-4.2,0,1,37915
2026-04-19T05:32:59,12.639730,-71.133392,-39.9,13.90,100.7,9,1.7,103.2,4.207,-4.2,0,1,37916
2026-04-19T05:33:28,12.639588,-71.131477,-41.9,14.30,101.9,9,1.7,103.2,4.207,-4.2,0,1,37917
2026-04-19T05:33:57,12.639336,-71.129486,-34.4,14.10,98.8,9,1.7,103.2,4.207,-4.2,0,1,37918
2026-04-19T05:34:26,12.639224,-71.127541,-27.0,14.67,99.7,9,1.7,103.2,4.207,-4.2,0,1,37919
2026-04-19T05:34:55,12.639049,-71.125572,-29.0,13.88,90.0,8,1.9,103.2,4.207,-4.2,0,1,37920
2026-04-19T05:35:24,12.638829,-71.123573,-22.9,16.38,101.9,9,1.7,103.0,4.207,-4.2,0,1,37921
2026-04-19T05:35:53,12.638727,-71.121666,-22.1,13.54,97.2,9,1.7,103.4,4.209,-4.2,0,1,37922
2026-04-19T05:36:22,12.638629,-71.119652,-6.6,13.86,97.9,9,1.8,103.4,4.206,-4.2,0,1,37923
2026-04-19T05:36:51,12.638489,-71.117676,-0.6,13.73,99.3,10,1.6,103.2,4.207,-4.2,0,1,37924
2026-04-19T05:37:20,12.638306,-71.115768,-3.5,12.72,92.5,9,1.9,103.2,4.209,-4.2,0,1,37925
2026-04-19T05:37:49,12.638102,-71.113831,-4.3,14.74,96.2,9,1.9,103.2,4.206,-4.2,0,1,37926
2026-04-19T05:38:18,12.637925,-71.111885,-7.0,14.28,97.2,10,1.6,103.2,4.206,-4.2,0,1,37927
2026-04-19T05:38:47,12.637675,-71.109917,-1.7,13.97,94.9,9,1.9,103.2,4.207,-4.2,0,1,37928
2026-04-19T05:39:16,12.637455,-71.108047,-4.9,13.85,96.7,9,1.9,103.0,4.207,-4.2,0,1,37929
2026-04-19T05:39:45,12.637299,-71.106056,2.3,15.31,98.9,9,1.9,103.0,4.206,-4.2,0,1,37930
2026-04-19T05:40:14,12.637086,-71.104164,3.3,13.42,99.3,10,1.6,103.2,4.206,-4.2,0,1,37931
2026-04-19T05:40:43,12.636963,-71.102196,13.1,13.59,97.9,10,1.6,103.4,4.207,-4.2,0,1,37932
2026-04-19T05:41:12,12.636780,-71.100258,10.9,13.18,97.0,9,1.9,103.2,4.206,-4.2,0,1,37933
2026-04-19T05:41:41,12.636565,-71.098343,8.1,14.38,98.5,9,1.9,103.2,4.207,-4.2,0,1,37934
2026-04-19T05:42:10,12.636374,-71.096420,12.0,13.52,97.7,9,1.9,103.2,4.207,-4.2,0,1,37935
2026-04-19T05:42:39,12.636104,-71.094475,16.4,14.26,99.5,9,1.9,103.4,4.207,-4.2,0,1,37936
2026-04-19T05:43:08,12.635887,-71.092545,14.7,15.92,92.9,10,1.6,103.2,4.207,-4.2,0,1,37937
2026-04-19T05:43:37,12.635721,-71.090576,17.7,15.05,94.0,7,2.5,103.2,4.209,-4.2,0,1,37938
2026-04-19T05:44:06,12.635450,-71.088707,16.3,13.52,96.7,8,2.3,103.0,4.209,-4.2,0,1,37939
2026-04-19T05:44:35,12.635200,-71.086800,8.2,14.44,94.9,8,2.3,103.2,4.207,-4.2,0,1,37940
2026-04-19T05:45:04,12.634868,-71.084908,-1.6,12.31,95.4,7,2.3,103.0,4.209,-4.2,0,1,37941
2026-04-19T05:45:33,12.634639,-71.082993,2.4,14.56,97.2,7,2.3,103.2,4.209,-4.2,0,1,37942
2026-04-19T05:46:02,12.634520,-71.081062,4.5,14.95,92.2,7,2.4,103.2,4.209,-4.2,0,1,37943
2026-04-19T05:46:31,12.634489,-71.079079,16.9,14.19,93.3,7,2.4,103.2,4.207,-4.2,0,1,37944
2026-04-19T05:47:00,12.634304,-71.077156,16.5,12.99,95.1,7,2.4,103.4,4.206,-4.2,0,1,37945
2026-04-19T05:47:29,12.634058,-71.075249,9.7,13.78,100.7,7,2.4,103.0,4.209,-4.2,0,1,37946
2026-04-19T05:47:58,12.633865,-71.073326,4.2,14.14,91.8,7,2.4,103.4,4.206,-4.2,0,1,37947
2026-04-19T05:48:27,12.633581,-71.071388,1.6,14.94,90.3,7,2.4,103.4,4.206,-4.2,0,1,37948
2026-04-19T05:48:56,12.633363,-71.069481,0.2,13.41,99.1,7,2.4,103.4,4.206,-4.2,0,1,37949
2026-04-19T05:49:25,12.633234,-71.067520,5.2,14.51,92.6,7,2.4,103.0,4.209,-4.2,0,1,37950
2026-04-19T05:49:54,12.633033,-71.065559,10.8,13.58,94.7,7,2.4,103.5,4.207,-4.4,0,1,37951
2026-04-19T05:50:23,12.632807,-71.063644,14.6,13.36,97.3,7,2.4,103.0,4.207,-4.2,0,1,37952
2026-04-19T05:50:52,12.632564,-71.061737,7.3,15.06,93.4,7,2.4,103.2,4.209,-4.2,0,1,37953
2026-04-19T05:51:21,12.632435,-71.059814,8.4,13.77,94.1,7,2.4,103.0,4.206,-4.2,0,1,37954
2026-04-19T05:51:50,12.632190,-71.057869,12.4,13.90,96.6,7,2.4,103.4,4.209,-4.2,0,1,37955
2026-04-19T05:52:19,12.632110,-71.055901,17.6,15.29,88.2,7,2.4,103.0,4.207,-4.2,0,1,37956
2026-04-19T05:52:48,12.631822,-71.053978,23.9,14.11,108.4,7,2.4,103.2,4.209,-4.2,0,1,37957
2026-04-19T05:53:17,12.631563,-71.052170,17.2,13.20,99.7,7,2.4,103.0,4.207,-4.2,0,1,37958
2026-04-19T05:53:46,12.631343,-71.050224,18.8,13.14,98.5,7,2.4,103.2,4.209,-4.2,0,1,37959
2026-04-19T05:54:15,12.631251,-71.048279,14.0,14.06,89.9,7,2.4,103.2,4.209,-4.2,0,1,37960
2026-04-19T05:54:44,12.631039,-71.046425,5.9,14.39,89.9,7,2.4,103.0,4.207,-4.2,0,1,37961
2026-04-19T05:55:13,12.630685,-71.044518,1.6,14.26,97.9,7,2.4,103.4,4.209,-4.2,0,1,37962
2026-04-19T05:55:42,12.630598,-71.042557,-0.4,13.52,96.2,7,2.4,103.4,4.207,-4.2,0,1,37963
2026-04-19T05:56:11,12.630437,-71.040649,2.1,13.65,95.5,7,2.4,103.0,4.207,-4.2,0,1,37964
2026-04-19T05:56:40,12.630133,-71.038742,10.3,14.25,93.2,7,2.4,103.4,4.207,-4.2,0,1,37965
2026-04-19T05:57:09,12.630007,-71.036797,16.8,14.39,90.8,7,2.4,103.2,4.206,-4.2,0,1,37966
2026-04-19T05:57:38,12.629760,-71.034943,6.1,13.45,98.5,7,2.4,103.2,4.206,-4.2,0,1,37967
2026-04-19T05:58:07,12.629548,-71.032967,11.2,14.41,102.3,7,2.4,103.2,4.207,-4.2,0,1,37968
2026-04-19T05:58:36,12.629436,-71.031036,4.3,14.23,93.7,7,2.4,103.2,4.207,-4.2,0,1,37969
2026-04-19T05:59:05,12.629245,-71.029175,10.4,14.01,94.9,7,2.4,103.2,4.209,-4.2,0,1,37970
2026-04-19T05:59:34,12.628964,-71.027229,10.0,14.06,96.9,7,2.3,103.0,4.209,-4.2,0,1,37971
2026-04-19T06:00:03,12.628841,-71.025322,13.1,13.59,100.5,7,2.3,103.2,4.207,-4.2,0,1,37972
2026-04-19T06:00:32,12.628680,-71.023407,14.2,12.84,98.6,7,2.3,103.0,4.209,-4.2,0,1,37973
2026-04-19T06:01:01,12.628411,-71.021477,10.1,13.14,99.3,7,2.3,103.2,4.207,-4.2,0,1,37974
2026-04-19T06:01:30,12.628308,-71.019569,13.0,14.26,96.7,8,2.3,103.2,4.206,-4.2,0,1,37975
2026-04-19T06:01:59,12.628011,-71.017677,7.5,14.21,98.7,8,2.3,103.2,4.207,-4.2,0,1,37976
2026-04-19T06:02:28,12.628120,-71.015648,-6.5,14.43,92.4,8,2.9,103.2,4.207,-4.2,0,1,37977
2026-04-19T06:02:57,12.627887,-71.013710,-6.5,14.02,96.8,8,2.8,102.9,4.209,-4.4,0,1,37978
2026-04-19T06:03:26,12.627566,-71.011856,7.4,13.77,102.4,8,2.8,103.2,4.207,-4.2,0,1,37979
2026-04-19T06:03:55,12.627504,-71.009949,2.6,13.71,92.4,8,2.8,103.4,4.207,-4.2,0,1,37980
2026-04-19T06:04:24,12.627260,-71.008018,11.5,14.77,97.8,8,2.7,102.9,4.207,-4.4,0,1,37981
2026-04-19T06:04:53,12.626984,-71.006142,12.7,14.28,97.5,8,2.7,103.0,4.209,-4.2,0,1,37982
2026-04-19T06:05:22,12.626668,-71.004333,18.2,12.86,94.9,8,2.7,103.2,4.209,-4.2,0,1,37983
2026-04-19T06:05:51,12.626533,-71.002403,10.6,14.00,96.2,8,2.7,103.0,4.205,-4.2,0,1,37984
2026-04-19T06:06:20,12.626323,-71.000496,11.7,13.85,96.4,8,2.6,103.4,4.206,-4.2,0,1,37985
2026-04-19T06:06:49,12.626143,-70.998573,8.6,14.21,95.7,8,2.6,103.2,4.207,-4.2,0,1,37986
2026-04-19T06:07:18,12.625838,-70.996758,13.5,14.00,101.2,8,2.6,103.2,4.207,-4.2,0,1,37987
2026-04-19T06:07:47,12.625637,-70.994873,11.3,13.96,93.6,8,2.6,103.2,4.207,-4.2,0,1,37988
2026-04-19T06:08:16,12.625403,-70.992950,21.4,13.67,94.6,8,2.5,103.4,4.209,-4.2,0,1,37989
2026-04-19T06:08:45,12.625235,-70.991043,19.0,13.95,100.3,8,2.5,103.0,4.209,-4.2,0,1,37990
2026-04-19T06:09:14,12.625058,-70.989143,17.0,13.69,98.9,8,2.5,103.4,4.207,-4.2,0,1,37991
2026-04-19T06:09:43,12.624997,-70.987190,11.9,14.10,93.8,8,2.5,103.2,4.207,-4.2,0,1,37992
2026-04-19T06:10:12,12.624829,-70.985306,11.0,14.49,89.3,8,2.4,103.2,4.209,-4.2,0,1,37993
2026-04-19T06:10:41,12.624635,-70.983406,13.6,13.53,101.3,8,2.4,103.2,4.207,-4.2,0,1,37994
2026-04-19T06:11:10,12.624336,-70.981628,15.9,12.57,99.3,8,2.4,103.0,4.206,-4.2,0,1,37995
2026-04-19T06:11:39,12.624114,-70.979721,19.5,13.32,94.4,8,2.3,103.4,4.206,-4.2,0,1,37996
2026-04-19T06:12:08,12.623988,-70.977867,17.2,13.09,96.4,8,2.3,103.0,4.206,-4.2,0,1,37997
2026-04-19T06:12:37,12.623841,-70.976021,9.2,14.20,96.5,8,2.3,103.2,4.209,-4.2,0,1,37998
2026-04-19T06:13:06,12.623636,-70.974121,18.9,13.65,98.7,8,2.3,103.2,4.207,-4.2,0,1,37999
2026-04-19T06:13:35,12.623397,-70.972298,14.4,13.25,98.1,8,2.3,102.9,4.207,-4.4,0,1,38000
2026-04-19T06:14:04,12.623225,-70.970413,14.2,13.74,90.8,8,2.2,103.2,4.207,-4.2,0,1,38001
2026-04-19T06:14:33,12.623005,-70.968513,23.2,14.00,95.7,8,2.2,103.2,4.207,-4.2,0,1,38002
2026-04-19T06:15:02,12.622854,-70.966675,10.8,13.21,96.7,8,2.2,103.5,4.207,-4.4,0,1,38003
2026-04-19T06:15:31,12.622623,-70.964790,11.7,13.87,89.8,8,2.2,103.2,4.207,-4.2,0,1,38004
2026-04-19T06:16:00,12.622437,-70.962936,12.8,13.78,91.4,8,2.2,103.2,4.207,-4.2,0,1,38005
2026-04-19T06:16:29,12.622254,-70.961113,2.0,11.73,93.7,8,2.1,103.0,4.207,-4.2,0,1,38006
2026-04-19T06:16:58,12.622198,-70.959190,2.4,11.01,95.0,8,2.1,103.4,4.207,-4.2,0,1,38007
2026-04-19T06:17:27,12.622016,-70.957283,0.6,13.84,96.8,8,2.1,103.2,4.207,-4.2,0,1,38008
2026-04-19T06:17:56,12.621797,-70.955444,3.2,13.27,90.8,8,2.1,103.2,4.207,-4.2,0,1,38009
2026-04-19T06:18:25,12.621560,-70.953621,4.6,13.41,91.6,8,2.0,103.4,4.209,-4.2,0,1,38010
2026-04-19T06:18:54,12.621420,-70.951744,8.8,13.20,102.9,8,2.0,103.0,4.209,-4.2,0,1,38011
2026-04-19T06:19:23,12.621208,-70.949890,17.0,13.70,94.6,8,2.0,103.2,4.206,-4.2,0,1,38012
2026-04-19T06:19:52,12.621123,-70.947952,13.5,14.79,94.0,7,2.0,103.5,4.207,-4.4,0,1,38013
2026-04-19T06:20:21,12.620905,-70.946098,10.5,14.37,100.0,8,2.0,103.5,4.210,-4.4,0,1,38014
2026-04-19T06:20:50,12.620729,-70.944260,10.0,13.14,96.3,8,2.0,103.2,4.207,-4.2,0,1,38015
2026-04-19T06:21:19,12.620520,-70.942413,8.3,12.91,96.9,7,2.0,103.4,4.209,-4.2,0,1,38016
2026-04-19T06:21:48,12.620360,-70.940536,2.5,14.03,100.4,8,1.9,103.5,4.209,-4.4,0,1,38017
2026-04-19T06:22:17,12.620258,-70.938667,11.1,12.93,92.1,8,1.9,103.4,4.207,-4.2,0,1,38018
2026-04-19T06:22:46,12.620060,-70.936813,12.9,13.53,93.5,8,1.9,103.0,4.207,-4.2,0,1,38019
2026-04-19T06:23:15,12.619779,-70.935043,11.5,12.59,95.0,8,1.9,103.2,4.209,-4.2,0,1,38020
2026-04-19T06:23:44,12.619576,-70.933205,10.1,14.02,99.2,8,1.9,103.2,4.207,-4.2,0,1,38021
2026-04-19T06:24:13,12.619414,-70.931366,8.5,13.76,96.0,8,1.9,103.0,4.207,-4.2,0,1,38022
2026-04-19T06:24:42,12.619173,-70.929535,6.0,12.63,96.5,8,1.8,103.0,4.206,-4.2,0,1,38023
2026-04-19T06:25:11,12.618966,-70.927681,1.0,13.31,98.5,8,1.8,103.4,4.207,-4.2,0,1,38024
2026-04-19T06:25:40,12.618881,-70.925781,1.7,13.79,89.2,8,1.8,103.2,4.209,-4.2,0,1,38025
2026-04-19T06:26:09,12.618662,-70.923943,2.0,13.70,96.9,8,1.8,103.2,4.205,-4.2,0,1,38026
2026-04-19T06:26:38,12.618442,-70.922096,1.0,11.93,92.2,8,1.8,103.2,4.209,-4.2,0,1,38027
2026-04-19T06:27:07,12.618261,-70.920265,-1.2,12.60,93.3,8,1.8,103.2,4.207,-4.2,0,1,38028
2026-04-19T06:27:36,12.617983,-70.918411,2.8,13.67,99.6,8,1.8,103.2,4.207,-4.2,0,1,38029
2026-04-19T06:28:05,12.617782,-70.916565,5.7,13.63,94.8,8,1.7,103.2,4.206,-4.2,0,1,38030
2026-04-19T06:28:34,12.617635,-70.914734,-6.9,14.01,92.6,8,1.7,103.4,4.210,-4.2,0,1,38031
2026-04-19T06:29:03,12.617390,-70.912895,-5.9,13.61,99.1,8,1.7,103.0,4.207,-4.2,0,1,38032
2026-04-19T06:29:32,12.617191,-70.911034,-8.1,13.49,101.0,8,1.7,103.4,4.209,-4.2,0,1,38033
2026-04-19T06:30:01,12.616931,-70.909187,-6.4,13.27,92.6,8,1.7,103.0,4.207,-4.2,0,1,38034
2026-04-19T06:30:30,12.616698,-70.907333,-6.8,14.17,96.1,8,1.7,103.0,4.207,-4.2,0,1,38035
2026-04-19T06:30:59,12.616523,-70.905495,-6.6,13.51,98.9,8,1.7,103.0,4.209,-4.2,0,1,38036
2026-04-19T06:31:28,12.616344,-70.903641,-6.6,14.36,97.7,8,1.7,103.2,4.207,-4.2,0,1,38037
2026-04-19T06:31:57,12.616134,-70.901802,-15.1,13.01,97.1,8,1.6,103.4,4.207,-4.2,0,1,38038
2026-04-19T06:32:26,12.615928,-70.899963,-10.2,14.18,88.4,8,1.6,103.0,4.209,-4.2,0,1,38039
2026-04-19T06:32:55,12.615680,-70.898087,-9.2,12.93,98.1,8,1.6,103.2,4.209,-4.2,0,1,38040
2026-04-19T06:33:24,12.615575,-70.896248,-10.3,12.95,94.1,8,1.6,103.0,4.207,-4.2,0,1,38041
2026-04-19T06:33:53,12.615401,-70.894432,-5.5,13.31,97.0,8,1.6,103.2,4.207,-4.2,0,1,38042
2026-04-19T06:34:22,12.615212,-70.892570,-4.9,13.17,94.0,8,1.6,103.4,4.206,-4.2,0,1,38043
2026-04-19T06:34:51,12.615042,-70.890701,-7.9,13.23,98.8,8,1.6,103.0,4.209,-4.2,0,1,38044
2026-04-19T06:35:20,12.614830,-70.888809,-3.7,13.80,95.5,8,1.6,103.2,4.206,-4.2,0,1,38045
2026-04-19T06:35:49,12.614665,-70.886971,-4.5,13.72,97.8,8,1.6,103.0,4.207,-4.2,0,1,38046
2026-04-19T06:36:18,12.614435,-70.885109,-4.4,13.97,92.8,9,1.5,103.2,4.206,-4.2,0,1,38047
2026-04-19T06:36:47,12.614212,-70.883286,-9.6,13.31,99.4,9,1.5,102.9,4.207,-4.4,0,1,38048
2026-04-19T06:37:16,12.613996,-70.881454,-24.4,11.31,91.1,9,1.5,103.4,4.207,-4.2,0,1,38049
2026-04-19T06:37:45,12.613835,-70.879608,-24.0,13.30,97.9,9,1.5,103.2,4.209,-4.2,0,1,38050
2026-04-19T06:38:14,12.613582,-70.877747,-25.8,14.14,94.6,9,1.5,102.9,4.207,-4.4,0,1,38051
2026-04-19T06:38:43,12.613358,-70.875893,-24.8,14.02,95.1,9,1.4,103.2,4.207,-4.2,0,1,38052
2026-04-19T06:39:12,12.613195,-70.874046,-21.6,13.74,96.3,9,1.4,103.4,4.206,-4.2,0,1,38053
2026-04-19T06:39:41,12.613012,-70.872169,-11.1,14.07,98.4,9,1.4,103.2,4.206,-4.2,0,1,38054
2026-04-19T06:40:10,12.612859,-70.870323,-10.6,14.12,98.3,9,1.4,103.2,4.207,-4.2,0,1,38055
2026-04-19T06:40:39,12.612708,-70.868462,-3.6,13.17,93.8,9,1.4,103.2,4.207,-4.2,0,1,38056
2026-04-19T06:41:08,12.612512,-70.866585,-7.7,13.59,99.4,9,1.4,103.2,4.207,-4.2,0,1,38057
2026-04-19T06:41:37,12.612342,-70.864746,-2.3,13.09,92.5,9,1.4,103.2,4.207,-4.2,0,1,38058
2026-04-19T06:42:06,12.612192,-70.862892,5.8,11.43,94.4,9,1.4,102.9,4.207,-4.4,0,1,38059
2026-04-19T06:42:35,12.612025,-70.861000,4.1,13.30,95.7,9,1.4,103.4,4.210,2751.6,0,1,38060
2026-04-19T06:43:04,12.611858,-70.859138,1.1,14.27,102.2,9,1.4,103.4,4.207,-4.2,0,1,38061
2026-04-19T06:43:33,12.611577,-70.857262,3.2,13.73,98.6,9,1.4,103.2,4.206,-4.2,0,1,38062
2026-04-19T06:44:02,12.611426,-70.855408,8.1,12.97,95.4,9,1.4,103.0,4.207,-4.2,0,1,38063
2026-04-19T06:44:31,12.611225,-70.853531,13.0,14.94,99.9,9,1.4,103.0,4.209,-4.2,0,1,38064
2026-04-19T06:45:00,12.611096,-70.851654,19.6,13.71,94.0,9,1.4,103.4,4.206,2751.6,0,1,38065
2026-04-19T06:45:29,12.610965,-70.849792,19.5,13.64,96.1,8,1.4,103.4,4.209,-4.2,0,1,38066
2026-04-19T06:45:58,12.610742,-70.847870,22.8,14.40,99.6,9,1.4,103.2,4.207,-4.2,0,1,38067
2026-04-19T06:46:27,12.610583,-70.846062,25.4,12.98,95.7,9,1.4,103.2,4.206,-4.2,0,1,38068
2026-04-19T06:46:56,12.610383,-70.844185,21.5,14.56,93.5,9,1.4,103.2,4.207,-4.2,0,1,38069
2026-04-19T06:47:25,12.610223,-70.842278,31.9,14.25,97.6,9,1.4,103.2,4.207,-4.2,0,1,38070
2026-04-19T06:47:54,12.610040,-70.840401,31.4,14.92,97.2,9,1.3,103.2,4.206,-4.2,0,1,38071
2026-04-19T06:48:23,12.609872,-70.838562,37.7,12.53,90.9,9,1.3,103.2,4.206,-4.2,0,1,38072
2026-04-19T06:48:52,12.609668,-70.836731,24.1,13.90,95.7,8,1.9,103.4,4.206,-4.2,0,1,38073
2026-04-19T06:49:21,12.609415,-70.834846,24.0,13.63,92.8,9,1.3,103.0,4.207,-4.2,0,1,38074
2026-04-19T06:49:50,12.609230,-70.832939,22.3,14.21,97.4,9,1.3,103.2,4.206,-4.2,0,1,38075
2026-04-19T06:50:19,12.609132,-70.831062,25.9,12.67,96.9,9,1.3,103.5,4.207,-4.4,0,1,38076
2026-04-19T06:50:48,12.608956,-70.829193,32.7,13.16,95.6,9,1.3,103.2,4.207,-4.2,0,1,38077
2026-04-19T06:51:17,12.608717,-70.827316,34.1,13.50,95.4,9,1.3,103.2,4.206,-4.2,0,1,38078
2026-04-19T06:51:46,12.608499,-70.825470,24.9,13.47,92.9,9,1.3,103.2,4.209,-4.2,0,1,38079
2026-04-19T06:52:15,12.608328,-70.823555,29.8,13.15,93.7,9,1.3,103.2,4.207,-4.2,0,1,38080
2026-04-19T06:52:44,12.608147,-70.821762,28.8,14.32,97.0,9,1.3,103.2,4.206,2747.5,0,1,38081
2026-04-19T06:53:13,12.607979,-70.819916,32.1,12.98,101.5,9,1.3,103.0,4.207,-4.2,0,1,38082
2026-04-19T06:53:42,12.607823,-70.818069,34.4,13.10,92.7,9,1.3,103.0,4.206,-4.2,0,1,38083
2026-04-19T06:54:11,12.607587,-70.816208,30.3,12.91,93.4,9,1.3,103.2,4.207,-4.2,0,1,38084
2026-04-19T06:54:40,12.607363,-70.814362,33.6,13.51,95.3,9,1.3,103.2,4.207,-4.2,0,1,38085
2026-04-19T06:55:09,12.607302,-70.812500,42.4,13.51,94.1,9,1.3,103.4,4.209,-4.2,0,1,38086
2026-04-19T06:55:38,12.607068,-70.810600,30.2,14.65,96.0,9,1.3,103.2,4.207,-4.2,0,1,38087
2026-04-19T06:56:07,12.606718,-70.808739,20.9,13.65,99.3,9,1.3,103.4,4.206,-4.2,0,1,38088
2026-04-19T06:56:36,12.606564,-70.806892,24.8,13.49,94.7,9,1.3,103.2,4.207,-4.2,0,1,38089
2026-04-19T06:57:05,12.606363,-70.805008,29.8,13.92,95.0,9,1.3,103.4,4.207,-4.2,0,1,38090
2026-04-19T06:57:34,12.606195,-70.803169,29.6,15.89,101.6,9,1.3,103.2,4.207,-4.2,0,1,38091
2026-04-19T06:58:03,12.606030,-70.801285,28.8,14.81,104.5,8,1.3,103.0,4.207,-4.2,0,1,38092
2026-04-19T06:58:32,12.605782,-70.799370,20.5,14.14,92.8,8,1.8,103.2,4.207,-4.2,0,1,38093
2026-04-19T06:59:01,12.605623,-70.797531,20.0,13.53,92.9,9,1.2,103.0,4.207,-4.2,0,1,38094
2026-04-19T06:59:30,12.605365,-70.795631,14.4,13.64,99.5,8,1.8,103.4,4.207,-4.2,0,1,38095
2026-04-19T06:59:59,12.605149,-70.793800,9.1,13.46,98.7,8,1.8,103.2,4.207,-4.2,0,1,38096
2026-04-19T07:00:28,12.604908,-70.791931,5.8,13.92,98.0,8,1.8,103.2,4.206,-4.2,0,1,38097
2026-04-19T07:00:57,12.604660,-70.790031,-0.5,12.60,92.7,8,1.7,103.2,4.207,-4.2,0,1,38098
2026-04-19T07:01:26,12.604484,-70.788193,-5.7,14.28,94.0,9,1.2,103.2,4.206,2747.5,0,1,38099
2026-04-19T07:01:55,12.604314,-70.786346,-6.9,13.80,92.9,10,1.2,103.0,4.207,-4.2,0,1,38100
2026-04-19T07:02:24,12.604042,-70.784431,-2.5,13.68,98.0,10,1.2,103.2,4.207,-4.2,0,1,38101
2026-04-19T07:02:53,12.603888,-70.782600,-8.0,13.63,93.3,10,1.2,103.0,4.207,-4.2,0,1,38102
2026-04-19T07:03:22,12.603694,-70.780670,-8.5,12.50,96.8,10,1.1,103.2,4.207,-4.2,0,1,38103
2026-04-19T07:03:51,12.603590,-70.778831,-4.3,14.05,97.2,10,1.1,103.0,4.207,-4.2,0,1,38104
2026-04-19T07:04:20,12.603561,-70.776970,9.9,13.80,97.5,9,1.6,103.0,4.207,-4.2,0,1,38105
2026-04-19T07:04:49,12.603258,-70.775055,9.9,13.46,99.1,10,1.1,103.4,4.209,-4.2,0,1,38106
2026-04-19T07:05:18,12.602895,-70.773186,5.2,16.07,106.1,9,1.6,103.4,4.206,-4.2,0,1,38107
2026-04-19T07:05:47,12.602758,-70.771393,-0.6,13.22,95.8,10,1.1,103.2,4.207,-4.2,0,1,38108
2026-04-19T07:06:16,12.602610,-70.769585,-3.2,13.45,97.7,10,1.1,103.4,4.207,-4.2,0,1,38109
2026-04-19T07:06:45,12.602324,-70.767609,-6.8,12.13,93.0,10,1.2,103.2,4.209,-4.2,0,1,38110
2026-04-19T07:07:14,12.602048,-70.765678,-11.3,13.35,94.4,10,1.1,103.2,4.209,-4.2,0,1,38111
2026-04-19T07:07:43,12.601767,-70.763779,-13.6,14.76,100.1,11,1.1,103.2,4.209,-4.2,0,1,38112
2026-04-19T07:08:12,12.601600,-70.761917,-13.2,14.38,102.7,9,1.2,103.4,4.207,-4.2,0,1,38113
2026-04-19T07:08:41,12.601425,-70.760010,-18.3,13.62,92.1,10,1.2,103.2,4.207,-4.2,0,1,38114
2026-04-19T07:09:10,12.601168,-70.758133,-21.4,16.05,105.5,10,1.1,103.2,4.206,-4.2,0,1,38115
2026-04-19T07:09:39,12.600879,-70.756264,-14.5,14.25,94.4,9,1.2,103.2,4.206,-4.2,0,1,38116
2026-04-19T07:10:08,12.600586,-70.754395,-17.8,12.64,99.2,10,1.1,103.5,4.209,-4.4,0,1,38117
2026-04-19T07:10:37,12.600423,-70.752472,-19.8,13.19,99.1,10,1.1,103.2,4.207,-4.2,0,1,38118
2026-04-19T07:11:06,12.600239,-70.750633,-19.0,13.56,100.5,8,2.6,103.2,4.206,-4.2,0,1,38119
2026-04-19T07:11:35,12.599907,-70.748772,-23.2,13.92,96.8,8,2.6,103.2,4.206,-4.2,0,1,38120
2026-04-19T07:12:04,12.599762,-70.746857,-25.9,14.20,95.3,9,1.5,103.4,4.206,-4.2,0,1,38121
2026-04-19T07:12:33,12.599582,-70.744957,-20.3,14.54,95.9,9,1.5,103.0,4.207,-4.2,0,1,38122
2026-04-19T07:13:02,12.599309,-70.743111,-23.0,13.34,97.8,8,2.6,103.4,4.207,-4.2,0,1,38123
2026-04-19T07:13:31,12.599252,-70.741318,-11.3,13.61,100.5,9,1.5,103.2,4.206,-4.2,0,1,38124
2026-04-19T07:14:00,12.599158,-70.739403,-7.2,13.49,97.7,8,2.5,103.2,4.206,-4.2,0,1,38125
2026-04-19T07:14:29,12.598897,-70.737564,-11.4,13.49,91.1,9,1.5,103.2,4.209,-4.2,0,1,38126
2026-04-19T07:14:58,12.598809,-70.735687,-10.7,13.31,89.9,8,2.5,103.2,4.207,-4.2,0,1,38127
2026-04-19T07:15:27,12.598742,-70.733887,-3.7,13.91,91.7,9,1.5,103.0,4.209,-4.2,0,1,38128
2026-04-19T07:15:56,12.598609,-70.731995,-0.8,13.64,92.7,8,2.5,103.2,4.207,-4.2,0,1,38129
2026-04-19T07:16:25,12.598186,-70.730125,-11.1,13.21,103.3,8,2.5,103.0,4.207,-4.2,0,1,38130
2026-04-19T07:16:54,12.597816,-70.728195,-19.7,13.79,100.5,9,1.5,103.2,4.207,-4.2,0,1,38131
2026-04-19T07:17:23,12.597698,-70.726334,-16.5,14.10,90.6,10,1.1,103.4,4.209,-4.2,0,1,38132
2026-04-19T07:17:52,12.597546,-70.724464,-16.0,12.97,99.2,9,1.5,103.2,4.207,-4.2,0,1,38133
2026-04-19T07:18:21,12.597387,-70.722527,-9.9,13.43,94.4,9,1.4,103.2,4.207,-4.2,0,1,38134
2026-04-19T07:18:50,12.597212,-70.720642,-5.8,14.16,101.8,9,1.1,103.2,4.207,-4.2,0,1,38135
2026-04-19T07:19:19,12.597120,-70.718765,-5.2,14.06,101.2,8,2.4,103.2,4.209,-4.2,0,1,38136
2026-04-19T07:19:48,12.596833,-70.716850,-9.6,14.62,104.8,8,2.4,103.2,4.206,-4.2,0,1,38137
2026-04-19T07:20:17,12.596790,-70.715012,-13.5,14.15,92.0,8,2.3,103.0,4.206,-4.2,0,1,38138
2026-04-19T07:20:46,12.596563,-70.713127,-14.3,13.41,98.9,8,2.3,103.2,4.207,-4.2,0,1,38139
2026-04-19T07:21:15,12.596292,-70.711212,-18.7,14.93,105.8,8,2.3,103.4,4.205,-4.2,0,1,38140
2026-04-19T07:21:44,12.596177,-70.709312,-15.6,14.12,96.6,8,2.3,103.2,4.206,-4.2,0,1,38141
2026-04-19T07:22:13,12.595932,-70.707458,-13.3,13.56,101.5,8,2.3,103.2,4.207,-4.2,0,1,38142
2026-04-19T07:22:42,12.595778,-70.705544,-11.2,13.97,92.7,8,2.3,103.2,4.207,-4.2,0,1,38143
2026-04-19T07:23:11,12.595675,-70.703667,-6.6,14.19,90.8,8,2.3,103.0,4.206,-4.2,0,1,38144
2026-04-19T07:23:40,12.595595,-70.701820,-8.4,15.34,92.3,9,1.4,103.5,4.206,-4.4,0,1,38145
2026-04-19T07:24:09,12.595362,-70.699974,-10.1,14.54,94.2,8,2.2,103.2,4.207,-4.2,0,1,38146
2026-04-19T07:24:38,12.595157,-70.698120,-10.6,13.74,90.5,8,2.2,103.2,4.207,-4.2,0,1,38147
2026-04-19T07:25:07,12.594927,-70.696220,-8.0,13.27,95.7,8,2.2,103.2,4.207,-4.2,0,1,38148
2026-04-19T07:25:36,12.594728,-70.694366,-8.7,13.37,89.2,8,2.2,103.0,4.209,-4.2,0,1,38149
2026-04-19T07:26:05,12.594574,-70.692520,-5.0,14.53,91.2,8,2.2,103.4,4.206,-4.2,0,1,38150
2026-04-19T07:26:34,12.594377,-70.690689,-5.0,13.22,101.9,8,2.2,103.2,4.206,-4.2,0,1,38151
2026-04-19T07:27:03,12.594289,-70.688835,-1.8,13.16,97.9,8,2.1,103.0,4.207,-4.2,0,1,38152
2026-04-19T07:27:32,12.594082,-70.686905,0.9,13.97,92.5,8,2.1,103.2,4.207,-4.2,0,1,38153
2026-04-19T07:28:01,12.593850,-70.685005,-0.7,13.98,95.0,8,2.1,103.4,4.207,-4.2,0,1,38154
2026-04-19T07:28:30,12.593651,-70.683167,-1.5,13.93,96.6,8,2.1,103.2,4.207,-4.2,0,1,38155
2026-04-19T07:28:59,12.593355,-70.681259,-3.2,13.68,100.9,8,2.1,103.2,4.207,-4.2,0,1,38156
2026-04-19T07:29:28,12.593278,-70.679420,1.3,13.18,91.0,8,2.1,103.2,4.209,-4.2,0,1,38157
2026-04-19T07:29:57,12.593010,-70.677513,-0.2,13.92,96.7,8,2.1,103.2,4.207,-4.2,0,1,38158
2026-04-19T07:30:26,12.592782,-70.675659,3.3,12.90,97.7,8,2.0,103.2,4.209,-4.2,0,1,38159
2026-04-19T07:30:55,12.592560,-70.673805,1.2,13.36,96.0,8,2.0,103.0,4.207,-4.2,0,1,38160
2026-04-19T07:31:24,12.592385,-70.671906,0.0,14.11,102.1,8,2.0,103.2,4.207,-4.2,0,1,38161
2026-04-19T07:31:53,12.592200,-70.670059,6.6,13.48,98.7,8,2.0,103.0,4.207,-4.2,0,1,38162
2026-04-19T07:32:22,12.592010,-70.668167,6.2,13.35,93.9,8,2.0,103.2,4.207,-4.2,0,1,38163
2026-04-19T07:32:51,12.591822,-70.666298,4.2,13.30,95.8,8,2.0,103.2,4.206,-4.2,0,1,38164
2026-04-19T07:33:20,12.591755,-70.664398,8.4,13.00,92.4,8,2.0,103.2,4.207,-4.2,0,1,38165
2026-04-19T07:33:49,12.591546,-70.662544,5.0,14.28,91.9,8,2.0,103.0,4.207,-4.2,0,1,38166
2026-04-19T07:34:18,12.591331,-70.660660,3.2,14.34,96.9,8,1.9,103.2,4.209,-4.2,0,1,38167
2026-04-19T07:34:47,12.591077,-70.658791,-3.5,14.14,97.1,8,1.9,103.4,4.207,-4.2,0,1,38168
2026-04-19T07:35:16,12.590786,-70.656944,-4.7,14.13,103.5,8,1.9,103.2,4.206,-4.2,0,1,38169
2026-04-19T07:35:45,12.590761,-70.655045,-9.3,13.86,91.9,8,1.9,103.2,4.206,-4.2,0,1,38170
2026-04-19T07:36:14,12.590582,-70.653160,-11.4,12.62,98.1,8,1.9,103.4,4.206,-4.2,0,1,38171
2026-04-19T07:36:43,12.590414,-70.651329,-21.3,12.83,97.3,8,1.9,103.2,4.207,-4.2,0,1,38172
2026-04-19T07:37:12,12.590132,-70.649376,-26.8,13.51,97.9,8,1.9,103.2,4.209,-4.2,0,1,38173
2026-04-19T07:37:41,12.589893,-70.647530,-37.9,13.35,101.0,8,1.9,103.0,4.207,-4.2,0,1,38174
2026-04-19T07:38:10,12.589737,-70.645622,-30.2,13.41,96.6,8,1.9,103.0,4.207,-4.2,0,1,38175
2026-04-19T07:38:39,12.589585,-70.643723,-34.0,14.60,91.3,7,3.3,103.0,4.207,-4.2,0,1,38176
2026-04-19T07:39:08,12.589478,-70.641823,-31.9,14.03,94.7,8,1.8,103.2,4.207,-4.2,0,1,38177
2026-04-19T07:39:37,12.589100,-70.639862,-16.3,13.99,98.8,8,1.8,103.2,4.207,-4.2,0,1,38178
2026-04-19T07:40:06,12.588975,-70.637993,-17.3,13.79,98.1,8,1.8,103.2,4.206,-4.2,0,1,38179
2026-04-19T07:40:35,12.588803,-70.636154,-21.5,10.42,84.1,8,1.8,103.0,4.206,-4.2,0,1,38180
2026-04-19T07:41:04,12.588495,-70.634262,-23.7,13.58,100.1,8,1.8,103.4,4.209,-4.2,0,1,38181
2026-04-19T07:41:33,12.588272,-70.632355,-23.4,13.53,98.1,7,3.1,103.0,4.207,-4.2,0,1,38182
2026-04-19T07:42:02,12.588205,-70.630447,-17.4,13.87,99.7,8,1.8,103.4,4.206,-4.2,0,1,38183
2026-04-19T07:42:31,12.587911,-70.628555,-14.4,13.31,97.3,7,3.0,103.2,4.207,-4.2,0,1,38184
2026-04-19T07:43:00,12.587920,-70.626656,-16.8,14.01,97.6,7,3.0,103.2,4.206,-4.2,0,1,38185
2026-04-19T07:43:29,12.587610,-70.624733,-19.8,12.73,104.0,7,3.0,103.2,4.206,-4.2,0,1,38186
2026-04-19T07:43:58,12.587485,-70.622894,-15.8,13.70,99.8,7,2.9,103.4,4.207,-4.2,0,1,38187
2026-04-19T07:44:27,12.587266,-70.620934,-33.1,16.02,102.2,8,2.9,103.2,4.207,-4.2,0,1,38188
2026-04-19T07:44:56,12.587122,-70.619049,-54.5,14.22,98.8,7,2.9,103.2,4.207,-4.2,0,1,38189
2026-04-19T07:45:25,12.586919,-70.617149,-68.3,12.85,89.8,6,4.2,103.4,4.206,-4.2,0,1,38190
2026-04-19T07:45:54,12.586487,-70.615311,-72.4,13.40,99.7,6,4.1,103.2,4.209,-4.2,0,1,38191
2026-04-19T07:46:23,12.586315,-70.613373,-64.0,13.21,96.3,8,1.5,103.0,4.207,-4.2,0,1,38192
2026-04-19T07:46:52,12.586084,-70.611465,-32.8,14.37,100.1,8,1.5,103.0,4.207,-4.2,0,1,38193
2026-04-19T07:47:21,12.585861,-70.609634,-5.6,13.56,96.6,8,1.5,103.2,4.207,-4.2,0,1,38194
2026-04-19T07:47:50,12.585638,-70.607773,5.3,13.52,103.1,8,1.5,103.0,4.206,-4.2,0,1,38195
2026-04-19T07:48:19,12.585389,-70.605827,4.2,13.08,104.3,7,1.5,103.4,4.206,-4.2,0,1,38196
2026-04-19T07:48:48,12.585136,-70.603958,3.6,13.55,103.9,7,1.5,103.2,4.206,-4.2,0,1,38197
2026-04-19T07:49:17,12.585032,-70.602074,-1.1,12.95,94.6,6,5.4,103.4,4.207,-4.2,0,1,38198
2026-04-19T07:49:46,12.584780,-70.600227,-8.4,13.80,97.8,7,1.5,103.4,4.206,-4.2,0,1,38199
2026-04-19T07:50:15,12.584647,-70.598335,-11.9,13.52,102.2,6,5.2,103.0,4.207,-4.2,0,1,38200
2026-04-19T07:50:44,12.584443,-70.596474,-19.0,12.04,100.0,7,1.5,103.2,4.207,-4.2,0,1,38201
2026-04-19T07:51:13,12.584230,-70.594582,-23.7,13.76,92.4,6,5.1,103.2,4.207,-4.2,0,1,38202
2026-04-19T07:51:42,12.583999,-70.592781,0.0,13.10,85.6,8,1.5,103.2,4.206,-4.2,0,1,38203
2026-04-19T07:52:11,12.583803,-70.590897,2.8,13.31,97.2,8,1.5,103.2,4.209,-4.2,0,1,38204
2026-04-19T07:52:40,12.583546,-70.589066,0.2,13.00,91.5,8,1.5,103.0,4.207,-4.2,0,1,38205
2026-04-19T07:53:09,12.583453,-70.587143,6.6,13.95,94.1,8,1.5,103.0,4.209,-4.2,0,1,38206
2026-04-19T07:53:38,12.583165,-70.585258,3.2,13.07,92.7,7,2.7,103.0,4.207,-4.2,0,1,38207
2026-04-19T07:54:07,12.582963,-70.583382,0.2,14.05,88.8,7,2.7,103.2,4.209,-4.2,0,1,38208
2026-04-19T07:54:36,12.582822,-70.581490,4.2,13.62,93.8,7,2.7,103.0,4.207,-4.2,0,1,38209
2026-04-19T07:55:05,12.582383,-70.579666,3.9,13.20,101.6,7,2.7,103.2,4.209,-4.2,0,1,38210
2026-04-19T07:55:34,12.582210,-70.577797,-5.9,13.04,95.4,7,2.7,103.0,4.209,-4.2,0,1,38211
2026-04-19T07:56:03,12.582033,-70.575890,-10.5,12.90,98.5,7,2.7,103.2,4.206,-4.2,0,1,38212
2026-04-19T07:56:32,12.581914,-70.573959,-8.0,13.87,93.8,8,1.4,103.2,4.209,-4.2,0,1,38213
2026-04-19T07:57:01,12.581656,-70.572144,-10.4,12.83,101.7,8,1.4,103.2,4.207,-4.2,0,1,38214
2026-04-19T07:57:30,12.581517,-70.570236,-4.9,13.33,104.2,8,1.4,103.2,4.206,-4.2,0,1,38215
2026-04-19T07:57:59,12.581311,-70.568382,-9.9,13.88,103.7,8,1.4,103.0,4.207,-4.2,0,1,38216
2026-04-19T07:58:28,12.581166,-70.566559,-11.7,13.67,108.2,7,2.8,103.2,4.209,-4.2,0,1,38217
2026-04-19T07:58:57,12.580973,-70.564705,-8.4,13.58,98.6,8,1.4,103.2,4.207,-4.2,0,1,38218
2026-04-19T07:59:26,12.580830,-70.562813,-3.3,14.37,96.9,7,2.8,103.0,4.207,-4.2,0,1,38219
2026-04-19T07:59:55,12.580616,-70.560951,-2.5,12.93,97.5,7,2.8,103.2,4.207,-4.2,0,1,38220
2026-04-19T08:00:24,12.580611,-70.559029,-2.3,12.85,94.3,8,2.1,103.2,4.206,-4.2,0,1,38221
2026-04-19T08:00:53,12.580520,-70.557137,-7.7,13.85,91.4,8,2.1,103.4,4.207,-4.2,0,1,38222
2026-04-19T08:01:22,12.580331,-70.555290,-6.0,12.93,94.9,8,2.1,103.2,4.207,-4.2,0,1,38223
2026-04-19T08:01:51,12.580163,-70.553436,-4.7,12.71,87.9,8,2.1,103.0,4.207,-4.2,0,1,38224
2026-04-19T08:02:20,12.580018,-70.551552,-3.5,14.48,91.2,8,2.1,103.4,4.207,-4.2,0,1,38225
2026-04-19T08:02:49,12.579913,-70.549690,1.0,13.56,94.6,8,2.1,103.0,4.210,-4.2,0,1,38226
2026-04-19T08:03:18,12.579726,-70.547867,-5.2,12.94,101.8,8,2.1,103.2,4.209,-4.2,0,1,38227
2026-04-19T08:03:47,12.579570,-70.546005,1.0,14.49,102.6,8,2.1,103.0,4.207,-4.2,0,1,38228
2026-04-19T08:04:16,12.579467,-70.544159,4.9,11.88,93.4,8,2.2,103.2,4.209,-4.2,0,1,38229
2026-04-19T08:04:45,12.579303,-70.542313,7.6,13.22,94.3,8,2.2,103.2,4.206,-4.2,0,1,38230
2026-04-19T08:05:14,12.579119,-70.540459,9.6,15.65,98.7,8,2.2,103.2,4.207,-4.2,0,1,38231
2026-04-19T08:05:43,12.578926,-70.538612,10.8,13.73,95.2,8,2.2,103.0,4.207,-4.2,0,1,38232
2026-04-19T08:06:12,12.578768,-70.536766,14.6,13.87,90.6,8,2.2,103.0,4.209,-4.2,0,1,38233
2026-04-19T08:06:41,12.578600,-70.534927,15.2,12.58,93.4,8,2.2,103.4,4.207,-4.2,0,1,38234
2026-04-19T08:07:10,12.578386,-70.533066,13.2,13.83,97.9,8,2.2,103.4,4.207,-4.2,0,1,38235
2026-04-19T08:07:39,12.578246,-70.531219,12.3,13.25,85.2,8,2.2,103.2,4.206,-4.2,0,1,38236
2026-04-19T08:08:08,12.578128,-70.529343,15.3,13.52,88.5,9,1.3,103.2,4.206,-4.2,0,1,38237
2026-04-19T08:08:37,12.577958,-70.527496,14.3,13.43,102.5,8,2.2,103.2,4.209,-4.2,0,1,38238
2026-04-19T08:09:06,12.577706,-70.525650,8.8,14.03,96.1,8,2.2,103.2,4.209,-4.2,0,1,38239
2026-04-19T08:09:35,12.577513,-70.523834,8.2,13.80,98.2,8,2.3,103.2,4.210,-4.2,0,1,38240
2026-04-19T08:10:04,12.577448,-70.521980,2.7,13.99,91.4,8,2.2,103.0,4.205,-4.2,0,1,38241
2026-04-19T08:10:33,12.577251,-70.520142,1.3,15.31,98.7,8,2.2,103.2,4.207,-4.2,0,1,38242
2026-04-19T08:11:02,12.577085,-70.518318,4.6,13.89,96.2,8,2.2,103.4,4.207,-4.2,0,1,38243
2026-04-19T08:11:31,12.576957,-70.516434,-2.7,13.19,89.7,9,1.2,103.2,4.206,-4.2,0,1,38244
2026-04-19T08:12:00,12.576943,-70.514557,-5.9,13.14,95.9,8,2.2,103.0,4.207,-4.2,0,1,38245
2026-04-19T08:12:29,12.576755,-70.512756,-6.9,11.97,97.2,8,2.2,103.0,4.209,-4.2,0,1,38246
2026-04-19T08:12:58,12.576618,-70.510872,-7.3,14.11,92.1,8,2.2,103.0,4.209,-4.2,0,1,38247
2026-04-19T08:13:27,12.576419,-70.509094,-1.6,12.70,93.3,8,2.2,103.4,4.207,-4.2,0,1,38248
2026-04-19T08:13:56,12.576224,-70.507233,-5.8,14.35,88.7,8,2.2,103.2,4.207,-4.2,0,1,38249
2026-04-19T08:14:25,12.575943,-70.505463,-17.4,10.24,87.7,8,2.2,103.0,4.207,-4.2,0,1,38250
2026-04-19T08:14:54,12.575680,-70.503616,-23.9,14.03,93.6,8,2.2,103.0,4.206,-4.2,0,1,38251
2026-04-19T08:15:23,12.575560,-70.501785,-26.4,13.46,97.4,8,2.2,103.2,4.209,-4.2,0,1,38252
2026-04-19T08:15:52,12.575443,-70.499939,-22.6,12.04,95.5,8,2.2,103.0,4.207,-4.2,0,1,38253
2026-04-19T08:16:21,12.575245,-70.498184,-22.9,11.12,90.6,8,2.2,103.4,4.206,-4.2,0,1,38254
2026-04-19T08:16:50,12.574969,-70.496529,-21.5,12.21,95.5,8,2.2,103.2,4.207,-4.2,0,1,38255
2026-04-19T08:17:19,12.574765,-70.494911,-13.3,12.24,85.0,8,2.2,103.4,4.209,-4.2,0,1,38256
2026-04-19T08:17:48,12.574600,-70.493324,-12.5,11.15,87.8,8,2.2,103.2,4.206,-4.2,0,1,38257
2026-04-19T08:18:17,12.574400,-70.491760,-9.6,11.14,94.7,8,2.2,103.0,4.205,-4.2,0,1,38258
2026-04-19T08:18:46,12.574208,-70.490204,-15.2,11.41,94.7,8,2.2,103.2,4.209,-4.2,0,1,38259
2026-04-19T08:19:15,12.574099,-70.488663,-10.2,9.86,98.9,8,2.2,102.9,4.207,-4.4,0,1,38260
2026-04-19T08:19:44,12.573946,-70.487083,1.6,11.70,92.5,8,2.2,103.2,4.206,-4.2,0,1,38261
2026-04-19T08:20:13,12.573803,-70.485542,4.4,11.60,90.6,8,2.2,103.4,4.207,-4.2,0,1,38262
2026-04-19T08:20:42,12.573656,-70.484062,4.5,11.19,91.4,8,2.2,103.4,4.207,-4.2,0,1,38263
2026-04-19T08:21:11,12.573504,-70.482491,-1.6,11.16,94.9,9,2.2,103.4,4.207,-4.2,0,1,38264
2026-04-19T08:21:40,12.573393,-70.480949,3.4,11.63,94.4,9,2.2,103.4,4.206,-4.2,0,1,38265
2026-04-19T08:22:09,12.573310,-70.479439,6.4,11.12,95.2,9,2.2,103.0,4.207,-4.2,0,1,38266
2026-04-19T08:22:38,12.573193,-70.477890,6.2,11.62,90.8,9,2.2,103.2,4.206,-4.2,0,1,38267
2026-04-19T08:23:07,12.573074,-70.476311,8.1,11.55,81.6,9,2.2,103.4,4.207,-4.2,0,1,38268
2026-04-19T08:23:36,12.572909,-70.474800,8.0,10.79,98.9,9,2.2,103.2,4.207,-4.2,0,1,38269
2026-04-19T08:24:05,12.572756,-70.473305,4.9,11.03,93.0,9,2.2,103.0,4.209,-4.2,0,1,38270
2026-04-19T08:24:34,12.572613,-70.471817,1.9,10.80,94.3,9,2.1,103.0,4.206,-4.2,0,1,38271
2026-04-19T08:25:03,12.572516,-70.470253,1.1,12.09,79.4,9,2.1,103.5,4.209,-4.4,0,1,38272
2026-04-19T08:25:32,12.572367,-70.468719,3.7,10.76,94.6,9,2.1,103.2,4.206,-4.2,0,1,38273
2026-04-19T08:26:01,12.572331,-70.467087,9.3,11.48,90.1,9,2.1,103.4,4.207,-4.2,0,1,38274
2026-04-19T08:26:30,12.572208,-70.465546,8.1,10.94,96.9,9,2.1,103.2,4.207,-4.2,0,1,38275
2026-04-19T08:26:59,12.572133,-70.464050,6.2,12.33,76.0,9,2.1,103.0,4.209,-4.2,0,1,38276
2026-04-19T08:27:28,12.571923,-70.462608,13.1,11.20,104.4,9,2.1,103.2,4.209,-4.2,0,1,38277
2026-04-19T08:27:57,12.571761,-70.461143,14.3,10.42,88.7,9,2.1,103.4,4.207,-4.2,0,1,38278
2026-04-19T08:28:26,12.571603,-70.459702,7.0,10.36,92.3,9,2.1,103.2,4.207,-4.2,0,1,38279
2026-04-19T08:28:55,12.571562,-70.458153,11.9,9.91,93.9,9,2.1,103.2,4.207,-4.2,0,1,38280
2026-04-19T08:29:24,12.571360,-70.456718,11.8,10.03,104.5,9,2.1,103.0,4.207,-4.2,0,1,38281
2026-04-19T08:29:53,12.571293,-70.455254,0.1,9.16,98.0,9,2.1,103.0,4.207,-4.2,0,1,38282
2026-04-19T08:30:22,12.571146,-70.453781,2.9,10.79,96.9,9,2.1,103.2,4.207,-4.2,0,1,38283
2026-04-19T08:30:51,12.570888,-70.452347,10.4,10.34,100.6,9,2.0,103.0,4.207,-4.2,0,1,38284
2026-04-19T08:31:20,12.570780,-70.450859,14.4,10.47,92.9,9,2.0,103.2,4.207,-4.2,0,1,38285
2026-04-19T08:31:49,12.570633,-70.449417,7.2,10.94,90.8,9,2.0,103.2,4.207,-4.2,0,1,38286
2026-04-19T08:32:18,12.570408,-70.448029,15.7,9.73,97.4,9,2.0,103.4,4.206,-4.2,0,1,38287
2026-04-19T08:32:47,12.570320,-70.446579,19.9,10.06,104.8,9,2.0,103.0,4.206,-4.2,0,1,38288
2026-04-19T08:33:16,12.570210,-70.445168,26.0,9.94,101.2,9,2.0,103.4,4.206,-4.2,0,1,38289
2026-04-19T08:33:45,12.570165,-70.443779,10.4,10.64,91.8,9,2.0,103.0,4.206,2743.3,0,1,38290
2026-04-19T08:34:14,12.570022,-70.442421,16.2,10.26,103.9,9,2.0,103.2,4.209,-4.2,0,1,38291
2026-04-19T08:34:43,12.569973,-70.441002,10.4,11.50,86.5,9,2.0,103.4,4.207,-4.2,0,1,38292
2026-04-19T08:35:12,12.569845,-70.439636,2.3,10.43,91.1,9,2.0,103.0,4.206,-4.2,0,1,38293
2026-04-19T08:35:41,12.569700,-70.438301,-0.6,9.96,97.6,9,2.0,103.2,4.207,-4.2,0,1,38294
2026-04-19T08:36:10,12.569525,-70.436913,6.6,8.38,96.3,9,1.9,103.0,4.206,-4.2,0,1,38295
2026-04-19T08:36:39,12.569434,-70.435516,4.6,9.52,100.2,9,1.9,103.2,4.206,-4.2,0,1,38296
2026-04-19T08:37:08,12.569294,-70.434174,8.1,9.62,95.0,9,1.9,103.0,4.207,-4.2,0,1,38297
2026-04-19T08:37:37,12.569155,-70.432785,3.2,10.38,97.7,9,1.9,103.0,4.206,-4.2,0,1,38298
2026-04-19T08:38:06,12.569011,-70.431427,12.7,10.55,89.9,9,1.9,103.0,4.207,-4.2,0,1,38299
2026-04-19T08:38:35,12.568865,-70.430016,13.9,10.50,96.6,9,1.9,103.0,4.209,-4.2,0,1,38300
2026-04-19T08:39:04,12.568718,-70.428658,10.0,10.07,92.7,9,1.9,103.2,4.206,2747.5,0,1,38301
2026-04-19T08:39:33,12.568546,-70.427277,8.2,9.62,110.2,9,1.9,103.4,4.209,-4.2,0,1,38302
2026-04-19T08:40:02,12.568388,-70.425903,16.4,10.92,102.9,9,1.9,103.4,4.207,-4.2,0,1,38303
2026-04-19T08:40:31,12.568225,-70.424522,13.4,11.15,91.6,9,1.8,103.2,4.206,-4.2,0,1,38304
2026-04-19T08:41:00,12.568013,-70.423172,13.9,10.44,94.5,9,1.8,103.4,4.207,-4.2,0,1,38305
2026-04-19T08:41:29,12.567849,-70.421776,7.5,10.11,102.2,9,1.8,103.2,4.207,-4.2,0,1,38306
2026-04-19T08:41:58,12.567695,-70.420418,5.1,10.10,109.7,9,1.8,103.2,4.209,-4.2,0,1,38307
2026-04-19T08:42:27,12.567568,-70.419006,7.0,9.88,97.1,9,1.8,102.9,4.206,-4.4,0,1,38308
2026-04-19T08:42:56,12.567462,-70.417610,10.9,7.92,92.6,9,1.8,103.2,4.206,-4.2,0,1,38309
2026-04-19T08:43:25,12.567322,-70.416229,11.4,9.39,92.6,9,1.8,103.2,4.207,-4.2,0,1,38310
2026-04-19T08:43:54,12.567159,-70.414825,7.2,9.36,94.4,9,1.8,103.2,4.206,-4.2,0,1,38311
2026-04-19T08:44:23,12.566948,-70.413406,4.9,10.55,96.4,9,1.8,103.5,4.207,-4.4,0,1,38312
2026-04-19T08:44:52,12.566810,-70.412056,3.0,10.01,96.7,9,1.8,103.0,4.206,-4.2,0,1,38313
2026-04-19T08:45:21,12.566653,-70.410660,-5.2,9.91,95.0,9,1.7,103.0,4.207,-4.2,0,1,38314
2026-04-19T08:45:50,12.566519,-70.409248,0.4,10.67,92.4,9,1.7,103.2,4.206,-4.2,0,1,38315
2026-04-19T08:46:19,12.566437,-70.407837,-3.1,9.82,91.8,9,1.7,103.0,4.209,-4.2,0,1,38316
2026-04-19T08:46:48,12.566266,-70.406441,-5.6,9.77,96.2,9,1.7,103.0,4.209,-4.2,0,1,38317
2026-04-19T08:47:17,12.566050,-70.405136,-11.5,9.43,87.7,9,1.7,103.0,4.206,-4.2,0,1,38318
2026-04-19T08:47:46,12.565814,-70.403748,-8.7,10.29,103.3,9,1.7,103.2,4.207,-4.2,0,1,38319
2026-04-19T08:48:15,12.565786,-70.402313,-9.2,10.39,89.3,9,1.7,103.2,4.209,-4.2,0,1,38320
2026-04-19T08:48:44,12.565652,-70.400887,-4.9,10.57,88.8,9,1.7,103.2,4.207,-4.2,0,1,38321
2026-04-19T08:49:13,12.565445,-70.399536,-11.5,9.73,94.4,10,1.2,103.4,4.206,-4.2,0,1,38322
2026-04-19T08:49:42,12.565383,-70.398087,0.4,9.95,87.3,10,1.2,103.2,4.209,-4.2,0,1,38323
2026-04-19T08:50:11,12.565223,-70.396698,4.8,10.40,100.1,10,1.2,103.2,4.207,-4.2,0,1,38324
2026-04-19T08:50:40,12.565094,-70.395279,6.2,10.50,99.4,10,1.2,103.0,4.207,-4.2,0,1,38325
2026-04-19T08:51:09,12.565003,-70.393898,1.7,9.92,95.3,10,1.2,103.0,4.206,-4.2,0,1,38326
2026-04-19T08:51:38,12.564834,-70.392464,2.9,10.24,92.4,9,1.7,103.2,4.207,-4.2,0,1,38327
2026-04-19T08:52:07,12.564730,-70.391090,0.8,8.84,92.5,10,1.2,103.2,4.207,-4.2,0,1,38328
2026-04-19T08:52:36,12.564565,-70.389702,-0.2,9.19,82.0,10,1.2,103.2,4.207,-4.2,0,1,38329
2026-04-19T08:53:05,12.564340,-70.388344,3.3,10.33,102.6,10,1.2,103.4,4.207,-4.2,0,1,38330
2026-04-19T08:53:34,12.564246,-70.386955,6.3,9.46,92.4,10,1.2,103.2,4.207,-4.2,0,1,38331
2026-04-19T08:54:03,12.564121,-70.385544,3.0,9.80,92.5,10,1.2,103.0,4.207,-4.2,0,1,38332
2026-04-19T08:54:32,12.564063,-70.384201,6.4,9.33,85.7,10,1.2,103.2,4.209,-4.2,0,1,38333
2026-04-19T08:55:01,12.563930,-70.382797,5.7,9.60,96.6,10,1.2,103.4,4.207,-4.2,0,1,38334
2026-04-19T08:55:30,12.563798,-70.381401,4.6,9.86,99.5,9,1.6,103.0,4.206,-4.2,0,1,38335
2026-04-19T08:55:59,12.563603,-70.380005,1.5,10.59,98.2,9,1.5,103.2,4.206,-4.2,0,1,38336
2026-04-19T08:56:28,12.563420,-70.378586,1.5,10.46,95.3,10,1.2,103.2,4.207,-4.2,0,1,38337
2026-04-19T08:56:57,12.563143,-70.377205,4.6,10.39,100.9,10,1.2,103.0,4.207,-4.2,0,1,38338
2026-04-19T08:57:26,12.563009,-70.375801,-9.0,9.97,91.2,9,1.6,103.2,4.206,-4.2,0,1,38339
2026-04-19T08:57:55,12.562868,-70.374443,0.1,9.63,99.4,10,1.2,103.2,4.206,-4.2,0,1,38340
2026-04-19T08:58:24,12.562721,-70.373039,3.6,10.42,98.9,10,1.2,103.2,4.205,-4.2,0,1,38341
2026-04-19T08:58:53,12.562645,-70.371651,11.2,10.67,85.6,10,1.2,103.2,4.209,-4.2,0,1,38342
2026-04-19T08:59:22,12.562522,-70.370262,6.0,9.00,82.6,9,1.6,103.0,4.207,-4.2,0,1,38343
2026-04-19T08:59:51,12.562398,-70.368874,10.4,9.74,93.5,10,1.2,103.2,4.207,-4.2,0,1,38344
2026-04-19T09:00:20,12.562214,-70.367455,7.4,10.73,88.2,10,1.2,103.0,4.207,-4.2,0,1,38345
2026-04-19T09:00:49,12.562108,-70.366112,10.6,10.32,99.5,10,1.2,103.2,4.206,-4.2,0,1,38346
2026-04-19T09:01:18,12.561902,-70.364685,4.4,10.02,95.6,10,1.2,103.0,4.206,-4.2,0,1,38347
2026-04-19T09:01:47,12.561649,-70.363312,8.0,9.92,101.7,10,1.2,103.2,4.207,-4.2,0,1,38348
2026-04-19T09:02:16,12.561563,-70.361916,7.8,10.24,84.5,10,1.2,103.2,4.210,-4.2,0,1,38349
2026-04-19T09:02:45,12.561383,-70.360512,7.7,9.94,99.3,10,1.2,103.0,4.207,-4.2,0,1,38350
2026-04-19T09:03:14,12.561198,-70.359077,8.0,9.70,98.7,10,1.2,103.4,4.206,-4.2,0,1,38351
2026-04-19T09:03:43,12.561065,-70.357658,3.0,10.28,91.5,10,1.2,103.4,4.207,-4.2,0,1,38352
2026-04-19T09:04:12,12.561013,-70.356239,7.7,10.94,82.2,10,1.2,103.2,4.207,-4.2,0,1,38353
2026-04-19T09:04:41,12.560870,-70.354851,1.7,10.67,92.9,10,1.2,103.0,4.207,-4.2,0,1,38354
2026-04-19T09:05:10,12.560728,-70.353462,5.7,10.46,88.1,10,1.2,103.4,4.207,-4.2,0,1,38355
2026-04-19T09:05:39,12.560612,-70.352074,3.1,10.04,97.9,10,1.2,103.2,4.207,-4.2,0,1,38356
2026-04-19T09:06:08,12.560427,-70.350716,3.7,10.55,98.3,11,1.1,103.0,4.207,-4.2,0,1,38357
2026-04-19T09:06:37,12.560340,-70.349312,9.5,10.34,90.0,11,1.1,103.0,4.206,-4.2,0,1,38358
2026-04-19T09:07:06,12.560155,-70.347900,8.6,10.29,99.0,11,1.1,103.2,4.206,-4.2,0,1,38359
2026-04-19T09:07:35,12.559940,-70.346512,-3.5,10.59,98.2,11,1.1,103.2,4.207,-4.2,0,1,38360
2026-04-19T09:08:04,12.559778,-70.345123,-6.1,9.74,91.0,10,1.4,103.2,4.206,-4.2,0,1,38361
2026-04-19T09:08:33,12.559680,-70.343735,-6.5,10.25,92.4,10,1.3,103.2,4.209,-4.2,0,1,38362
2026-04-19T09:09:02,12.559615,-70.342308,4.8,11.04,91.0,10,1.4,103.0,4.207,-4.2,0,1,38363
2026-04-19T09:09:31,12.559446,-70.340942,12.1,10.05,91.7,10,1.4,103.2,4.206,-4.2,0,1,38364
2026-04-19T09:10:00,12.559257,-70.339531,7.2,10.40,96.8,10,1.4,103.5,4.207,-4.4,0,1,38365
2026-04-19T09:10:29,12.559176,-70.338142,20.5,10.38,94.8,10,1.4,103.0,4.207,-4.2,0,1,38366
2026-04-19T09:10:58,12.558943,-70.336761,4.2,9.80,101.1,11,1.1,103.2,4.209,-4.2,0,1,38367
2026-04-19T09:11:27,12.558826,-70.335350,13.9,9.88,93.7,11,1.1,103.2,4.206,-4.2,0,1,38368
2026-04-19T09:11:56,12.558650,-70.333939,7.2,9.88,102.9,11,1.1,103.4,4.207,-4.2,0,1,38369
2026-04-19T09:12:25,12.558538,-70.332535,13.7,10.93,89.3,10,1.4,103.0,4.206,-4.2,0,1,38370
2026-04-19T09:12:54,12.558322,-70.331192,7.7,9.79,99.5,11,1.1,103.0,4.207,-4.2,0,1,38371
2026-04-19T09:13:23,12.558142,-70.329788,10.6,10.19,109.0,10,1.4,103.2,4.207,-4.2,0,1,38372
2026-04-19T09:13:52,12.557964,-70.328407,5.6,10.09,112.4,10,1.4,103.2,4.207,-4.2,0,1,38373
2026-04-19T09:14:21,12.557730,-70.327042,-10.0,11.52,79.8,11,1.1,103.2,4.207,-4.2,0,1,38374
2026-04-19T09:14:50,12.557687,-70.325661,7.8,10.21,93.4,11,1.4,103.2,4.207,-4.2,0,1,38375
2026-04-19T09:15:19,12.557558,-70.324333,7.2,10.13,88.7,10,1.4,103.2,4.209,-4.2,0,1,38376
2026-04-19T09:15:48,12.557364,-70.322968,9.6,10.03,95.2,10,1.4,103.0,4.206,-4.2,0,1,38377
2026-04-19T09:16:17,12.557237,-70.321609,14.3,9.94,95.2,10,1.4,103.0,4.207,-4.2,0,1,38378
2026-04-19T09:16:46,12.557118,-70.320259,12.3,9.44,93.3,10,1.4,103.2,4.209,-4.2,0,1,38379
2026-04-19T09:17:15,12.556922,-70.318924,6.9,9.61,97.7,10,1.4,103.4,4.209,-4.2,0,1,38380
2026-04-19T09:17:44,12.556686,-70.317635,6.4,10.22,98.9,10,1.4,103.2,4.207,-4.2,0,1,38381
2026-04-19T09:18:13,12.556608,-70.316299,5.5,10.97,89.6,10,1.4,103.4,4.207,-4.2,0,1,38382
2026-04-19T09:18:42,12.556483,-70.314964,8.0,10.75,102.1,10,1.4,103.0,4.206,-4.2,0,1,38383
2026-04-19T09:19:11,12.556385,-70.313629,10.4,9.40,95.0,10,1.6,103.2,4.207,-4.2,0,1,38384
2026-04-19T09:19:40,12.556257,-70.312279,13.2,9.08,90.3,10,1.4,103.2,4.207,-4.2,0,1,38385
2026-04-19T09:20:09,12.556128,-70.310928,13.2,9.99,89.3,10,1.4,103.2,4.206,-4.2,0,1,38386
2026-04-19T09:20:38,12.555970,-70.309586,13.9,9.38,90.6,10,1.4,103.4,4.207,-4.2,0,1,38387
2026-04-19T09:21:07,12.555821,-70.308266,14.3,9.91,87.0,10,1.4,103.0,4.207,-4.2,0,1,38388
2026-04-19T09:21:36,12.555683,-70.306915,14.9,9.74,88.9,10,1.4,103.2,4.207,-4.2,0,1,38389
2026-04-19T09:22:05,12.555483,-70.305573,11.6,9.59,86.7,10,1.4,103.2,4.207,-4.2,0,1,38390
2026-04-19T09:22:34,12.555305,-70.304245,9.0,9.49,84.5,10,1.4,103.0,4.209,-4.2,0,1,38391
2026-04-19T09:23:03,12.555160,-70.302902,15.6,10.17,96.2,10,1.4,103.2,4.207,-4.2,0,1,38392
2026-04-19T09:23:32,12.555070,-70.301590,16.9,9.28,96.7,10,1.4,103.2,4.207,-4.2,0,1,38393
2026-04-19T09:24:01,12.554911,-70.300255,17.6,9.94,91.9,10,1.4,102.9,4.206,-4.4,0,1,38394
2026-04-19T09:24:30,12.554717,-70.298904,21.5,10.13,89.5,9,1.9,103.2,4.207,-4.2,0,1,38395
2026-04-19T09:24:59,12.554646,-70.297585,21.7,10.57,105.6,10,1.4,103.0,4.206,-4.2,0,1,38396
2026-04-19T09:25:28,12.554546,-70.296234,14.9,9.51,100.9,10,1.4,103.0,4.207,-4.2,0,1,38397
2026-04-19T09:25:57,12.554414,-70.294876,11.4,9.94,94.5,9,1.4,103.0,4.207,-4.2,0,1,38398
2026-04-19T09:26:26,12.554243,-70.293495,9.2,11.36,93.7,9,1.4,103.4,4.207,-4.2,0,1,38399
2026-04-19T09:26:55,12.554203,-70.292191,20.4,9.52,101.6,9,1.4,103.4,4.206,-4.2,0,1,38400
2026-04-19T09:27:24,12.554058,-70.290863,24.9,8.94,106.5,9,1.4,103.4,4.207,-4.2,0,1,38401
2026-04-19T09:27:53,12.553982,-70.289497,25.1,8.85,97.9,9,1.4,103.2,4.206,-4.2,0,1,38402
2026-04-19T09:28:22,12.553910,-70.288109,25.7,9.41,90.7,8,2.0,103.2,4.209,-4.2,0,1,38403
2026-04-19T09:28:51,12.553723,-70.286751,25.6,9.72,96.3,9,1.4,103.2,4.209,-4.2,0,1,38404
2026-04-19T09:29:20,12.553654,-70.285454,24.7,9.23,89.9,9,1.4,103.0,4.207,-4.2,0,1,38405
2026-04-19T09:29:49,12.553521,-70.284081,24.5,9.81,84.1,9,1.4,103.2,4.207,-4.2,0,1,38406
2026-04-19T09:30:18,12.553337,-70.282776,31.3,9.15,96.1,9,1.4,103.2,4.207,-4.2,0,1,38407
2026-04-19T09:30:47,12.553199,-70.281364,32.3,9.25,90.6,9,1.4,103.4,4.206,-4.2,0,1,38408
2026-04-19T09:31:16,12.553017,-70.280045,27.3,9.96,91.1,9,1.4,103.4,4.207,-4.2,0,1,38409
2026-04-19T09:31:45,12.552856,-70.278687,28.4,10.36,101.1,9,1.4,103.4,4.207,-4.2,0,1,38410
2026-04-19T09:32:14,12.552670,-70.277336,18.3,11.77,111.4,9,1.4,103.4,4.209,-4.2,0,1,38411
2026-04-19T09:32:43,12.552486,-70.276024,16.3,9.22,97.4,9,1.4,103.2,4.207,-4.2,0,1,38412
2026-04-19T09:33:12,12.552305,-70.274643,23.8,10.25,94.3,9,1.4,103.2,4.209,-4.2,0,1,38413
2026-04-19T09:33:41,12.552185,-70.273338,10.2,9.84,98.1,10,1.4,103.0,4.207,-4.2,0,1,38414
2026-04-19T09:34:10,12.552052,-70.271927,5.4,9.34,92.5,9,1.4,103.0,4.206,-4.2,0,1,38415
2026-04-19T09:34:39,12.551888,-70.270607,5.4,9.20,101.0,10,1.3,103.0,4.207,-4.2,0,1,38416
2026-04-19T09:35:08,12.551734,-70.269257,9.1,10.15,95.4,10,1.3,103.2,4.207,-4.2,0,1,38417
2026-04-19T09:35:37,12.551579,-70.267883,11.3,9.27,93.4,9,1.4,103.4,4.207,-4.2,0,1,38418
2026-04-19T09:36:06,12.551305,-70.266541,1.5,9.85,92.9,9,1.4,103.2,4.207,-4.2,0,1,38419
2026-04-19T09:36:35,12.551104,-70.265190,-4.0,8.57,92.9,9,1.3,103.2,4.207,-4.2,0,1,38420
2026-04-19T09:37:04,12.550881,-70.263763,7.4,10.63,84.7,9,1.4,103.2,4.207,-4.2,0,1,38421
2026-04-19T09:37:33,12.550806,-70.262390,4.3,9.97,98.4,9,1.4,103.4,4.206,-4.2,0,1,38422
2026-04-19T09:38:02,12.550512,-70.261093,-1.9,11.05,97.3,9,1.4,103.0,4.207,-4.2,0,1,38423
2026-04-19T09:38:31,12.550326,-70.259682,-11.5,11.53,100.9,10,1.3,103.0,4.206,-4.2,0,1,38424
2026-04-19T09:39:00,12.550140,-70.258362,-6.1,9.64,90.8,10,1.3,103.0,4.206,-4.2,0,1,38425
2026-04-19T09:39:29,12.549938,-70.257027,3.4,10.73,103.1,9,1.4,103.2,4.207,-4.2,0,1,38426
2026-04-19T09:39:58,12.549728,-70.255692,-5.6,9.43,98.4,10,1.3,103.5,4.207,-4.4,0,1,38427
2026-04-19T09:40:27,12.549579,-70.254341,-3.5,9.73,90.2,10,1.3,103.0,4.207,-4.2,0,1,38428
2026-04-19T09:40:56,12.549381,-70.252998,-10.8,9.11,91.5,10,1.3,103.0,4.207,-4.2,0,1,38429
2026-04-19T09:41:24,12.549280,-70.251671,-7.8,9.85,94.9,11,1.3,103.2,4.205,-4.2,0,1,38430
2026-04-19T09:41:54,12.549062,-70.250298,-9.4,9.98,99.6,10,1.3,103.2,4.209,-4.2,0,1,38431
2026-04-19T09:42:23,12.548892,-70.248901,-11.4,9.52,93.6,10,1.3,103.2,4.206,-4.2,0,1,38432
2026-04-19T09:42:52,12.548734,-70.247551,-4.4,10.81,96.6,10,1.3,103.2,4.207,-4.2,0,1,38433
2026-04-19T09:43:21,12.548581,-70.246223,-5.0,8.41,102.3,10,1.3,103.2,4.207,-4.2,0,1,38434
2026-04-19T09:43:50,12.548380,-70.244843,-10.3,11.16,96.4,10,1.3,103.0,4.207,-4.2,0,1,38435
2026-04-19T09:44:19,12.548390,-70.243469,-7.5,10.28,81.6,10,1.3,103.2,4.207,-4.2,0,1,38436
2026-04-19T09:44:48,12.548090,-70.242096,-10.1,9.86,103.2,10,1.3,103.2,4.206,-4.2,0,1,38437
2026-04-19T09:45:17,12.547934,-70.240761,-21.5,9.57,96.5,10,1.3,103.0,4.207,-4.2,0,1,38438
2026-04-19T09:45:46,12.547700,-70.239426,-28.7,10.05,83.4,11,1.2,103.0,4.207,-4.2,0,1,38439
2026-04-19T09:46:14,12.547485,-70.238106,-32.1,9.54,97.7,11,1.2,103.0,4.207,-4.2,0,1,38440
2026-04-19T09:46:44,12.547198,-70.236717,-35.5,10.47,110.4,11,1.2,103.2,4.209,-4.2,0,1,38441
2026-04-19T09:47:13,12.546997,-70.235344,-37.3,9.85,102.4,11,1.2,103.4,4.207,-4.2,0,1,38442
2026-04-19T09:47:42,12.546927,-70.233940,-20.0,10.16,90.3,11,1.2,103.4,4.207,-4.2,0,1,38443
2026-04-19T09:48:11,12.546792,-70.232544,-12.0,10.39,90.3,11,1.2,103.0,4.207,-4.2,0,1,38444
2026-04-19T09:48:40,12.546675,-70.231163,-4.9,10.09,96.6,11,1.2,103.2,4.205,-4.2,0,1,38445
2026-04-19T09:49:09,12.546478,-70.229767,-6.8,10.37,97.0,11,1.2,103.2,4.206,-4.2,0,1,38446
2026-04-19T09:49:38,12.546255,-70.228432,-9.9,9.85,101.9,11,1.2,103.2,4.206,-4.2,0,1,38447
2026-04-19T09:50:07,12.546117,-70.227081,-14.5,9.87,93.4,10,1.4,103.0,4.209,-4.2,0,1,38448
2026-04-19T09:50:36,12.545927,-70.225700,-18.8,9.52,98.6,11,1.2,102.9,4.207,-4.4,0,1,38449
2026-04-19T09:51:05,12.545763,-70.224312,-15.8,9.73,102.3,11,1.2,103.2,4.206,-4.2,0,1,38450
2026-04-19T09:51:34,12.545642,-70.222954,-13.4,9.47,94.0,10,1.2,103.0,4.206,-4.2,0,1,38451
2026-04-19T09:52:03,12.545506,-70.221565,-12.1,10.29,87.9,10,1.2,103.4,4.207,-4.2,0,1,38452
2026-04-19T09:52:32,12.545341,-70.220161,-13.0,10.76,91.7,11,1.2,103.2,4.206,-4.2,0,1,38453
2026-04-19T09:53:01,12.545129,-70.218811,-12.5,10.38,98.1,11,1.2,103.2,4.206,-4.2,0,1,38454
2026-04-19T09:53:30,12.544950,-70.217400,-14.7,9.96,90.1,11,1.3,103.2,4.206,-4.2,0,1,38455
2026-04-19T09:53:59,12.544795,-70.216019,-10.0,9.95,98.4,10,1.4,103.2,4.206,-4.2,0,1,38456
2026-04-19T09:54:28,12.544617,-70.214645,-10.3,11.60,102.0,11,1.2,103.2,4.207,-4.2,0,1,38457
2026-04-19T09:54:57,12.544443,-70.213234,-3.4,10.46,96.3,11,1.1,103.5,4.207,2755.8,0,1,38458
2026-04-19T09:55:26,12.544272,-70.211876,-0.3,9.88,102.6,11,1.1,103.0,4.205,-4.2,0,1,38459
2026-04-19T09:55:55,12.544112,-70.210526,-0.7,9.40,97.9,11,1.1,103.2,4.207,-4.2,0,1,38460
2026-04-19T09:56:24,12.544005,-70.209167,0.2,10.01,93.9,11,1.1,103.2,4.206,-4.2,0,1,38461
2026-04-19T09:56:53,12.543917,-70.207817,9.5,10.07,93.4,11,1.1,103.0,4.206,-4.2,0,1,38462
2026-04-19T09:57:22,12.543694,-70.206467,8.7,9.21,101.0,11,1.1,103.2,4.206,-4.2,0,1,38463
2026-04-19T09:57:51,12.543513,-70.205109,3.3,10.12,88.3,11,1.1,103.2,4.209,-4.2,0,1,38464
2026-04-19T09:58:20,12.543339,-70.203773,4.8,9.43,95.7,11,1.1,103.0,4.206,-4.2,0,1,38465
2026-04-19T09:58:49,12.543072,-70.202438,1.3,9.79,105.9,11,1.1,103.0,4.206,-4.2,0,1,38466
2026-04-19T09:59:18,12.542974,-70.201103,-0.3,9.81,91.0,11,1.1,103.0,4.206,-4.2,0,1,38467
2026-04-19T09:59:47,12.542829,-70.199715,1.8,10.71,91.1,11,1.1,103.2,4.207,-4.2,0,1,38468
2026-04-19T10:00:16,12.542679,-70.198349,1.6,10.46,105.8,11,1.1,103.2,4.207,-4.2,0,1,38469
2026-04-19T10:00:44,12.542585,-70.197021,1.4,10.45,85.4,10,1.4,103.4,4.207,-4.2,0,1,38470
2026-04-19T10:01:14,12.542369,-70.195633,6.2,9.74,97.4,10,1.4,103.0,4.207,-4.2,0,1,38471
2026-04-19T10:01:43,12.542173,-70.194321,4.4,7.50,101.4,10,1.4,103.0,4.206,-4.2,0,1,38472
2026-04-19T10:02:12,12.542027,-70.192978,4.5,9.85,95.0,10,1.4,103.0,4.207,-4.2,0,1,38473
2026-04-19T10:02:41,12.541859,-70.191673,4.5,6.34,99.4,10,1.4,103.0,4.207,-4.2,0,1,38474
2026-04-19T10:03:10,12.541759,-70.190308,5.9,9.19,97.1,10,1.4,103.4,4.207,-4.2,0,1,38475
2026-04-19T10:03:39,12.541624,-70.188957,6.0,11.28,96.3,9,1.4,103.2,4.207,-4.2,0,1,38476
2026-04-19T10:04:08,12.541451,-70.187607,11.7,9.88,95.6,10,1.4,103.0,4.206,-4.2,0,1,38477
2026-04-19T10:04:37,12.541322,-70.186249,14.5,9.98,99.6,11,1.1,103.2,4.206,-4.2,0,1,38478
2026-04-19T10:05:06,12.541200,-70.184906,17.1,9.53,98.3,10,1.1,103.0,4.207,-4.2,0,1,38479
2026-04-19T10:05:35,12.541054,-70.183563,15.8,9.86,98.9,11,1.1,103.4,4.207,-4.2,0,1,38480
2026-04-19T10:06:04,12.540936,-70.182220,12.4,9.55,99.3,11,1.0,103.4,4.206,-4.2,0,1,38481
2026-04-19T10:06:33,12.540787,-70.180870,13.3,9.80,91.0,10,1.3,103.2,4.207,-4.2,0,1,38482
2026-04-19T10:07:02,12.540648,-70.179504,10.4,9.76,91.5,8,2.1,102.9,4.207,-4.4,0,1,38483
2026-04-19T10:07:31,12.540355,-70.178139,9.0,9.79,103.0,10,1.1,103.2,4.207,-4.2,0,1,38484
2026-04-19T10:08:00,12.540281,-70.176865,12.5,9.43,101.5,9,1.1,102.9,4.207,-4.4,0,1,38485
2026-04-19T10:08:29,12.540132,-70.175529,14.2,9.02,98.8,10,1.0,103.2,4.206,-4.2,0,1,38486
2026-04-19T10:08:58,12.540018,-70.174141,13.1,9.31,97.0,10,1.0,103.4,4.207,-4.2,0,1,38487
2026-04-19T10:09:27,12.539850,-70.172775,13.6,9.40,99.6,9,1.2,103.7,4.206,-4.2,0,1,38488
2026-04-19T10:09:56,12.539739,-70.171402,11.8,10.66,90.0,9,1.2,102.9,4.209,-4.4,0,1,38489
2026-04-19T10:10:25,12.539591,-70.170067,12.8,9.72,105.6,9,1.2,103.2,4.207,-4.2,0,1,38490
2026-04-19T10:10:54,12.539384,-70.168663,12.2,10.74,92.9,8,2.0,103.2,4.206,-4.2,0,1,38491
2026-04-19T10:11:23,12.539127,-70.167343,10.6,10.80,94.1,8,2.0,103.2,4.207,-4.2,0,1,38492
2026-04-19T10:11:52,12.538869,-70.165955,2.0,9.76,96.9,9,1.9,103.0,4.206,-4.2,0,1,38493
2026-04-19T10:12:21,12.538763,-70.164658,9.6,10.15,103.3,9,1.9,103.2,4.205,-4.2,0,1,38494
2026-04-19T10:12:50,12.538632,-70.163300,17.5,10.04,104.4,8,1.9,103.2,4.206,-4.2,0,1,38495
2026-04-19T10:13:19,12.538546,-70.161896,18.6,10.37,87.7,8,1.9,103.4,4.206,-4.2,0,1,38496
2026-04-19T10:13:48,12.538394,-70.160538,14.1,9.74,99.0,9,1.9,103.2,4.207,-4.2,0,1,38497
2026-04-19T10:14:17,12.538176,-70.159225,10.7,10.03,90.5,9,1.9,103.0,4.207,-4.2,0,1,38498
2026-04-19T10:14:46,12.538040,-70.157875,7.5,10.04,97.6,9,1.8,103.0,4.207,-4.2,0,1,38499
2026-04-19T10:15:15,12.538061,-70.156540,5.6,10.03,88.9,9,1.8,103.0,4.206,-4.2,0,1,38500
2026-04-19T10:15:44,12.538035,-70.155174,4.4,10.44,82.8,8,1.8,103.2,4.209,-4.2,0,1,38501
2026-04-19T10:16:13,12.537960,-70.153831,0.2,9.06,89.2,9,1.8,103.2,4.206,-4.2,0,1,38502
2026-04-19T10:16:42,12.537915,-70.152451,-0.8,10.89,99.5,8,2.0,103.2,4.207,-4.2,0,1,38503
2026-04-19T10:17:11,12.537940,-70.151085,8.7,9.98,92.3,9,1.8,103.0,4.207,-4.2,0,1,38504
2026-04-19T10:17:40,12.537852,-70.149719,5.4,9.92,100.8,9,1.8,102.9,4.206,-4.4,0,1,38505
2026-04-19T10:18:09,12.537804,-70.148361,3.2,9.95,85.2,10,1.2,103.4,4.209,-4.2,0,1,38506
2026-04-19T10:18:38,12.537754,-70.147003,2.0,9.91,93.4,9,1.7,103.0,4.207,-4.2,0,1,38507
2026-04-19T10:19:07,12.537689,-70.145638,3.5,9.90,86.0,10,1.2,103.0,4.207,-4.2,0,1,38508
2026-04-19T10:19:36,12.537579,-70.144318,-1.0,9.46,90.5,9,1.7,103.0,4.207,-4.2,0,1,38509
2026-04-19T10:20:05,12.537572,-70.142929,0.0,9.84,89.4,9,1.7,103.2,4.206,-4.2,0,1,38510
2026-04-19T10:20:34,12.537511,-70.141563,-6.1,10.24,93.9,10,1.1,103.0,4.209,-4.2,0,1,38511
2026-04-19T10:21:03,12.537395,-70.140251,-4.9,9.36,90.1,9,1.2,103.2,4.205,-4.2,0,1,38512
2026-04-19T10:21:32,12.537315,-70.138832,-4.5,9.44,97.9,10,1.1,103.4,4.206,-4.2,0,1,38513
2026-04-19T10:22:01,12.537249,-70.137459,-4.5,10.41,98.7,9,1.6,103.2,4.207,-4.2,0,1,38514
2026-04-19T10:22:30,12.537210,-70.136093,-5.1,9.58,90.0,10,1.1,103.2,4.209,-4.2,0,1,38515
2026-04-19T10:22:59,12.537054,-70.134727,-12.2,9.86,98.6,10,1.1,103.0,4.209,-4.2,0,1,38516
2026-04-19T10:23:28,12.537024,-70.133377,-5.8,10.50,80.5,10,1.1,103.2,4.207,-4.2,0,1,38517
2026-04-19T10:23:57,12.536923,-70.132004,-4.2,9.94,103.8,9,1.6,103.2,4.206,-4.2,0,1,38518
2026-04-19T10:24:26,12.536930,-70.130646,0.3,9.92,89.2,9,1.6,103.2,4.206,-4.2,0,1,38519
2026-04-19T10:24:55,12.536809,-70.129280,-4.3,10.04,89.3,9,1.6,103.0,4.207,-4.2,0,1,38520
2026-04-19T10:25:24,12.536731,-70.127914,-3.9,9.51,91.8,9,1.6,103.2,4.207,-4.2,0,1,38521
2026-04-19T10:25:53,12.536672,-70.126556,-0.3,10.02,97.3,9,1.6,103.0,4.207,-4.2,0,1,38522
2026-04-19T10:26:22,12.536548,-70.125214,-16.2,9.93,89.3,10,1.1,103.0,4.209,-4.2,0,1,38523
2026-04-19T10:26:51,12.536509,-70.123871,-15.4,9.99,95.7,9,1.5,103.2,4.207,-4.2,0,1,38524
2026-04-19T10:27:20,12.536482,-70.122467,-16.0,9.04,88.7,10,1.1,103.0,4.207,-4.2,0,1,38525
2026-04-19T10:27:49,12.536482,-70.121132,-13.8,9.80,92.1,10,1.1,103.2,4.207,-4.2,0,1,38526
2026-04-19T10:28:18,12.536314,-70.119781,-18.2,9.37,94.6,9,1.5,103.4,4.209,-4.2,0,1,38527
2026-04-19T10:28:47,12.536219,-70.118431,-17.9,10.13,96.3,9,1.1,103.4,4.206,-4.2,0,1,38528
2026-04-19T10:29:16,12.536189,-70.117065,-15.4,10.09,88.3,10,1.1,103.0,4.206,2743.3,0,1,38529
2026-04-19T10:29:45,12.536136,-70.115730,-13.1,9.49,96.2,9,1.5,103.2,4.209,-4.2,0,1,38530
2026-04-19T10:30:14,12.536016,-70.114334,-17.5,10.28,94.2,7,1.6,103.0,4.207,-4.2,0,1,38531
2026-04-19T10:30:43,12.535906,-70.112984,-24.3,9.44,98.3,8,1.1,103.2,4.206,-4.2,0,1,38532
2026-04-19T10:31:12,12.535892,-70.111633,-27.1,9.54,91.2,7,1.6,103.0,4.207,-4.2,0,1,38533
2026-04-19T10:31:41,12.535790,-70.110275,-24.3,9.09,106.5,8,1.1,103.0,4.209,-4.2,0,1,38534
2026-04-19T10:32:10,12.535758,-70.108925,-13.8,9.09,90.6,7,1.6,103.4,4.207,-4.2,0,1,38535
2026-04-19T10:32:39,12.535730,-70.107536,2.3,9.86,91.0,6,2.1,103.0,4.207,-4.2,0,1,38536
2026-04-19T10:33:08,12.535567,-70.106155,10.9,9.68,94.2,7,1.5,103.2,4.207,-4.2,0,1,38537
2026-04-19T10:33:37,12.535542,-70.104797,15.0,9.13,92.8,7,1.5,103.0,4.206,-4.2,0,1,38538
2026-04-19T10:34:06,12.535537,-70.103409,34.1,9.58,89.8,6,2.0,103.2,4.206,-4.2,0,1,38539
2026-04-19T10:34:35,12.535512,-70.102074,30.7,10.18,84.8,7,1.5,103.0,4.207,-4.2,0,1,38540
2026-04-19T10:35:04,12.535425,-70.100731,12.9,9.70,91.8,8,1.5,103.2,4.207,-4.2,0,1,38541
2026-04-19T10:35:33,12.535346,-70.099350,17.1,10.12,96.0,7,2.0,102.9,4.209,-4.4,0,1,38542
2026-04-19T10:36:02,12.535292,-70.098061,8.9,9.65,87.3,9,1.0,103.0,4.209,-4.2,0,1,38543
2026-04-19T10:36:31,12.535184,-70.096848,-2.7,8.33,95.1,7,1.9,103.2,4.207,-4.2,0,1,38544
2026-04-19T10:37:00,12.535072,-70.095703,-10.8,7.98,93.9,7,1.9,103.0,4.207,-4.2,0,1,38545
2026-04-19T10:37:29,12.535010,-70.094604,-11.3,7.88,91.9,7,1.9,103.2,4.207,-4.2,0,1,38546
2026-04-19T10:37:58,12.534979,-70.093559,-5.9,7.02,94.0,8,1.2,103.2,4.207,-4.2,0,1,38547
2026-04-19T10:38:27,12.535080,-70.092575,1.3,6.73,89.3,8,1.4,103.0,4.206,-4.2,0,1,38548
2026-04-19T10:38:56,12.535028,-70.091667,8.1,6.80,81.4,8,1.4,103.2,4.206,-4.2,0,1,38549
2026-04-19T10:39:25,12.534980,-70.090759,2.9,6.51,96.6,7,1.9,103.2,4.209,-4.2,0,1,38550
2026-04-19T10:39:54,12.534910,-70.089828,-11.9,6.05,98.5,7,1.9,103.2,4.207,-4.2,0,1,38551
2026-04-19T10:40:23,12.534825,-70.088989,-27.9,5.88,79.3,8,1.8,102.9,4.206,-4.4,0,1,38552
2026-04-19T10:40:52,12.535046,-70.088234,-29.4,5.53,97.0,9,1.4,103.0,4.209,-4.2,0,1,38553
2026-04-19T10:41:21,12.535148,-70.087433,-34.5,5.47,81.0,8,1.8,103.2,4.206,-4.2,0,1,38554
2026-04-19T10:41:50,12.535172,-70.086639,-34.2,6.42,74.3,9,1.3,103.0,4.207,-4.2,0,1,38555
2026-04-19T10:42:19,12.535053,-70.085846,-10.4,6.16,85.4,10,1.3,103.0,4.207,-4.2,0,1,38556
2026-04-19T10:42:48,12.535017,-70.085083,10.5,6.30,81.2,9,1.7,103.2,4.207,-4.2,0,1,38557
2026-04-19T10:43:17,12.534959,-70.084282,5.0,5.42,87.0,10,1.3,103.0,4.206,-4.2,0,1,38558
2026-04-19T10:43:46,12.534939,-70.083496,-0.2,5.14,78.6,10,1.3,103.0,4.207,-4.2,0,1,38559
2026-04-19T10:44:15,12.534784,-70.082787,4.8,5.81,91.9,9,1.7,103.0,4.207,-4.2,0,1,38560
2026-04-19T10:44:44,12.534843,-70.081886,3.5,6.98,84.2,10,1.3,103.0,4.207,-4.2,0,1,38561
2026-04-19T10:45:13,12.534741,-70.080902,1.7,7.62,97.3,9,1.7,103.2,4.209,-4.2,0,1,38562
2026-04-19T10:45:42,12.534437,-70.079964,-23.3,8.82,109.7,9,1.7,103.0,4.207,-4.2,0,1,38563
2026-04-19T10:46:11,12.533946,-70.078903,-20.5,9.57,114.2,9,1.3,103.2,4.206,-4.2,0,1,38564
2026-04-19T10:46:40,12.533595,-70.077858,-10.4,8.23,107.3,9,1.3,103.2,4.207,-4.2,0,1,38565
2026-04-19T10:47:09,12.533215,-70.076752,-7.3,8.51,111.5,8,2.3,103.2,4.207,-4.2,0,1,38566
2026-04-19T10:47:38,12.532794,-70.075653,-14.3,8.63,115.8,8,2.3,103.0,4.207,-4.2,0,1,38567
2026-04-19T10:48:07,12.532328,-70.074547,-12.4,8.50,111.1,10,1.2,103.0,4.207,-4.2,0,1,38568
2026-04-19T10:48:36,12.532063,-70.073418,-26.2,9.10,111.4,8,1.7,103.2,4.209,-4.2,0,1,38569
2026-04-19T10:49:05,12.531645,-70.072319,-25.4,8.86,116.0,8,1.7,103.2,4.207,-4.2,0,1,38570
2026-04-19T10:49:34,12.531334,-70.071167,-24.1,8.27,115.2,8,1.7,103.2,4.206,-4.2,0,1,38571
2026-04-19T10:50:03,12.530851,-70.069984,-19.5,8.81,117.0,9,1.3,103.2,4.207,-4.2,0,1,38572
2026-04-19T10:50:32,12.530451,-70.068832,-20.3,9.46,113.0,9,1.3,103.0,4.207,-4.2,0,1,38573
2026-04-19T10:51:01,12.529979,-70.067680,-14.8,8.72,116.4,9,1.6,103.2,4.206,-4.2,0,1,38574
2026-04-19T10:51:30,12.529603,-70.066475,-5.5,8.97,110.5,8,2.2,103.4,4.207,-4.2,0,1,38575
2026-04-19T10:51:59,12.529204,-70.065315,-13.7,9.21,109.8,7,4.2,103.0,4.207,-4.2,0,1,38576
2026-04-19T10:52:28,12.528831,-70.064125,-18.5,9.30,106.0,7,4.2,103.2,4.206,-4.2,0,1,38577
2026-04-19T10:52:57,12.528395,-70.062935,-19.9,9.39,109.7,7,5.2,103.5,4.207,-4.4,0,1,38578
2026-04-19T10:53:26,12.527929,-70.061783,-17.7,8.33,103.4,8,2.2,103.4,4.207,-4.2,0,1,38579
2026-04-19T10:53:55,12.527532,-70.060654,-17.9,8.01,111.7,7,4.2,103.0,4.206,-4.2,0,1,38580
2026-04-19T10:54:24,12.527071,-70.059593,-18.2,8.28,108.3,8,2.2,103.2,4.207,-4.2,0,1,38581
2026-04-19T10:54:53,12.526730,-70.058571,-23.0,7.90,115.0,7,4.2,103.4,4.206,-4.2,0,1,38582
2026-04-19T10:55:22,12.526370,-70.057564,-14.6,7.07,108.6,8,2.2,103.2,4.206,-4.2,0,1,38583
2026-04-19T10:55:51,12.526054,-70.056656,-14.6,6.53,105.5,8,2.2,103.0,4.207,-4.2,0,1,38584
2026-04-19T10:56:20,12.525748,-70.055824,-0.3,6.10,99.9,9,1.2,103.2,4.206,-4.2,0,1,38585
2026-04-19T10:56:49,12.525520,-70.055099,1.7,5.51,97.2,8,2.2,103.0,4.207,-4.2,0,1,38586
2026-04-19T10:57:18,12.525223,-70.054405,-13.7,5.45,99.4,9,1.2,103.0,4.209,-4.2,0,1,38587
2026-04-19T10:57:47,12.524896,-70.053719,-20.8,5.22,113.7,9,1.2,103.0,4.207,2743.3,0,1,38588
2026-04-19T10:58:16,12.524588,-70.053070,-30.0,5.51,112.0,9,1.2,103.2,4.206,-4.2,0,1,38589
2026-04-19T10:58:45,12.524362,-70.052422,-31.8,5.31,112.5,8,1.5,102.9,4.207,-4.4,0,1,38590
2026-04-19T10:59:14,12.524018,-70.051674,-43.2,5.45,117.4,8,1.5,103.0,4.206,-4.2,0,1,38591
2026-04-19T10:59:43,12.523814,-70.050980,-29.2,5.32,114.7,7,4.1,103.0,4.207,-4.2,0,1,38592
2026-04-19T11:00:12,12.523448,-70.050369,-13.7,5.42,116.2,7,4.1,103.0,4.206,-4.2,0,1,38593
2026-04-19T11:00:41,12.523154,-70.049782,-17.0,5.39,113.2,8,2.1,103.2,4.207,-4.2,0,1,38594
2026-04-19T11:01:10,12.522793,-70.049171,-18.1,5.07,119.9,8,2.1,103.2,4.206,-4.2,0,1,38595
2026-04-19T11:01:39,12.522472,-70.048630,-17.4,4.84,120.7,8,2.1,102.9,4.207,-4.4,0,1,38596
2026-04-19T11:02:08,12.522170,-70.048080,-17.2,3.84,117.0,8,2.1,103.4,4.207,-4.2,0,1,38597
2026-04-19T11:02:37,12.521941,-70.047592,-14.8,2.91,120.9,9,1.4,103.2,4.205,-4.2,0,1,38598
2026-04-19T11:03:06,12.521797,-70.047150,-12.4,4.14,130.3,10,0.8,103.2,4.207,-4.2,0,1,38599
2026-04-19T11:03:35,12.521600,-70.046776,-16.3,2.81,136.9,9,1.3,103.0,4.206,-4.2,0,1,38600
2026-04-19T11:04:04,12.521411,-70.046486,-16.0,3.61,137.4,9,2.0,103.2,4.207,-4.2,0,1,38601
2026-04-19T11:04:33,12.521188,-70.046242,-20.9,1.72,137.4,10,0.9,103.4,4.206,-4.2,0,1,38602
2026-04-19T11:05:02,12.520789,-70.046127,-23.0,1.57,137.4,8,1.4,103.0,4.207,-4.2,0,1,38603
2026-04-19T11:05:31,12.520693,-70.045898,-19.7,1.35,133.4,8,3.8,103.2,4.207,-4.2,0,1,38604
2026-04-19T11:05:59,12.520618,-70.045708,-16.2,1.71,127.0,9,1.4,103.2,4.206,-4.2,0,1,38605
2026-04-19T11:06:29,12.520558,-70.045517,-15.9,1.50,110.8,9,1.4,103.0,4.207,-4.2,0,1,38606
2026-04-19T11:06:58,12.520541,-70.045464,-20.5,2.55,251.5,9,1.4,103.2,4.207,-4.2,0,1,38607
2026-04-19T11:07:27,12.520510,-70.045311,-22.4,1.11,74.2,9,1.4,103.2,4.207,2747.5,0,1,38608
2026-04-19T11:07:56,12.520513,-70.045181,-21.0,1.05,96.9,9,1.4,103.0,4.209,-4.2,0,1,38609
2026-04-19T11:08:25,12.520533,-70.045059,-18.8,0.74,89.3,9,1.4,103.2,4.207,-4.2,0,1,38610
2026-04-19T11:08:54,12.520593,-70.044922,-18.5,0.84,60.2,9,1.4,103.2,4.207,-4.2,0,1,38611
2026-04-19T11:11:57,12.520746,-70.044258,-17.3,0.52,93.3,9,1.3,103.2,4.207,-4.2,0,1,38612
2026-04-19T11:15:01,12.520773,-70.043907,-14.7,2.12,81.9,9,3.1,103.2,4.207,-4.2,0,1,38613
2026-04-19T11:18:04,12.520764,-70.043709,-9.0,0.28,162.1,11,0.8,103.0,4.207,-4.2,0,1,38614
2026-04-19T11:21:08,12.520844,-70.043625,-1.8,0.46,29.5,10,1.2,103.2,4.207,-4.2,0,1,38615
2026-04-19T11:24:11,12.520814,-70.043610,0.8,0.43,167.0,11,0.8,103.4,4.207,-4.2,0,1,38616
2026-04-19T11:27:14,12.520768,-70.043594,3.3,1.03,10.0,10,1.8,103.0,4.207,2743.3,0,1,38617
2026-04-19T11:30:18,12.520708,-70.043579,3.6,0.77,21.2,11,1.1,103.4,4.207,-4.2,0,1,38618
2026-04-19T11:33:21,12.520703,-70.043587,3.6,0.43,168.8,9,2.3,103.0,4.206,-4.2,0,1,38619
2026-04-19T11:36:24,12.520601,-70.043602,-0.3,0.78,211.9,10,1.6,102.9,4.206,-4.4,0,1,38620
2026-04-19T11:39:28,12.520575,-70.043594,-0.2,0.21,176.0,11,1.6,103.0,4.207,-4.2,0,1,38621
2026-04-19T11:42:31,12.520656,-70.043610,2.9,0.39,8.3,11,0.8,103.0,4.207,-4.2,0,1,38622
2026-04-19T11:45:34,12.520677,-70.043617,0.5,1.71,2.0,12,0.8,103.0,4.205,-4.2,0,1,38623
2026-04-19T11:48:38,12.520685,-70.043602,-0.3,0.62,153.0,12,0.9,103.2,4.207,-4.2,0,1,38624
2026-04-19T11:51:42,12.520683,-70.043617,-0.3,0.84,316.9,13,0.7,103.0,4.207,-4.2,0,1,38625
2026-04-19T11:54:45,12.520663,-70.043617,-2.4,0.29,206.9,13,0.7,103.0,4.205,-4.2,0,1,38626
2026-04-19T11:57:49,12.520638,-70.043625,-5.0,1.75,261.0,14,0.7,103.2,4.206,-4.2,0,1,38627
2026-04-19T12:00:52,12.520570,-70.043640,-15.3,0.36,19.2,10,1.5,103.0,4.206,-4.2,0,1,38628
2026-04-19T12:03:56,12.520556,-70.043617,-16.3,0.07,20.5,10,1.7,103.2,4.206,-4.2,0,1,38629
2026-04-19T12:06:59,12.520480,-70.043602,-21.3,0.69,134.9,9,2.2,103.4,4.206,-4.2,0,1,38630
2026-04-19T12:10:03,12.520437,-70.043587,-25.9,0.35,226.3,8,2.4,103.2,4.207,-4.2,0,1,38631
2026-04-19T12:13:06,12.520354,-70.043556,-32.3,0.32,177.8,10,1.0,103.0,4.207,-4.2,0,1,38632
2026-04-19T12:16:09,12.520277,-70.043510,-36.7,0.06,179.1,8,2.4,103.2,4.205,-4.2,0,1,38633
2026-04-19T12:19:13,12.520162,-70.043510,-46.0,0.87,177.6,8,2.4,103.4,4.206,-4.2,0,1,38634
2026-04-19T12:22:16,12.520031,-70.043503,-56.7,0.42,179.8,8,2.4,103.0,4.207,-4.2,0,1,38635
2026-04-19T12:25:19,12.519931,-70.043495,-65.7,2.00,165.1,9,0.9,103.0,4.207,-4.2,0,1,38636
2026-04-19T12:28:23,12.519793,-70.043495,-82.0,0.94,19.5,10,1.0,103.2,4.209,-4.2,0,1,38637
2026-04-19T12:31:26,12.519773,-70.043549,-85.9,0.97,187.1,10,1.0,103.2,4.207,-4.2,0,1,38638
2026-04-19T12:34:29,12.520005,-70.043526,-63.6,0.33,186.7,12,0.7,103.0,4.206,-4.2,0,1,38639
2026-04-19T12:37:33,12.520245,-70.043526,-50.3,0.52,352.0,10,1.7,103.2,4.207,-4.2,0,1,38640
2026-04-19T12:40:36,12.520420,-70.043556,-36.3,0.39,353.4,12,1.3,103.4,4.206,-4.2,0,1,38641
2026-04-19T12:43:39,12.520873,-70.043633,-5.3,0.17,348.0,10,0.9,101.1,4.190,-4.2,0,1,38642
2026-04-19T12:46:43,12.520834,-70.043625,-4.1,0.82,19.5,12,0.8,101.0,4.189,-4.4,0,1,38643
2026-04-19T12:49:46,12.520799,-70.043617,-3.0,0.24,200.6,12,1.3,101.1,4.181,-4.2,0,1,38644
2026-04-19T12:52:49,12.520864,-70.043587,1.5,1.12,352.6,11,1.3,100.8,4.179,-4.2,0,1,38645
2026-04-19T12:55:53,12.520877,-70.043594,1.2,0.98,325.8,13,0.7,100.3,4.186,-4.4,0,1,38646
2026-04-19T12:58:57,12.520888,-70.043617,-0.3,1.57,2.8,15,0.6,100.5,4.186,-4.2,0,1,38647
2026-04-19T13:02:00,12.520891,-70.043625,0.0,1.22,250.1,11,1.5,100.2,4.186,-4.2,0,1,38648
2026-04-19T13:02:29,12.520888,-70.043633,-1.0,0.10,190.1,11,0.8,100.3,4.176,-4.4,0,1,38649
2026-04-19T13:02:58,12.520904,-70.043640,-0.5,1.00,198.5,13,0.8,100.0,4.181,-4.2,0,1,38650
2026-04-19T13:06:01,12.520884,-70.043663,-1.5,0.06,197.2,12,0.7,100.2,4.176,-4.2,0,1,38651
2026-04-19T13:09:04,12.520877,-70.043671,-2.2,0.52,231.9,12,1.1,99.6,4.182,-4.2,0,1,38652
2026-04-19T13:12:07,12.520879,-70.043648,-1.9,0.41,358.4,10,1.5,99.7,4.173,-4.4,0,1,38653
2026-04-19T13:15:10,12.520851,-70.043640,-1.9,1.56,328.6,10,1.5,99.4,4.176,-4.2,0,1,38654
2026-04-19T13:18:14,12.520888,-70.043648,-0.5,1.42,338.2,13,1.2,99.4,4.173,-4.2,0,1,38655
2026-04-19T13:18:43,12.520889,-70.043648,0.0,0.27,343.1,12,0.9,98.8,4.171,-4.2,0,1,38656
2026-04-19T13:19:12,12.520877,-70.043648,-0.1,1.00,148.4,12,1.2,99.1,4.171,-4.4,0,1,38657
2026-04-19T13:22:15,12.520884,-70.043640,-0.4,0.58,172.2,12,1.2,98.9,4.174,-4.2,0,1,38658
2026-04-19T13:25:19,12.520886,-70.043663,1.8,0.04,165.3,13,1.0,98.6,4.168,-4.2,0,1,38659
2026-04-19T13:28:22,12.520864,-70.043671,1.3,0.55,343.0,14,0.8,98.9,4.168,-4.2,0,1,38660
2026-04-19T13:31:25,12.520849,-70.043671,0.4,0.37,303.1,13,1.1,98.3,4.170,-4.2,0,1,38661
2026-04-19T13:34:28,12.520828,-70.043671,0.5,0.44,316.9,13,0.9,98.1,4.159,-4.2,0,1,38662
2026-04-19T13:37:31,12.520811,-70.043640,-0.7,0.44,172.9,12,0.9,98.3,4.170,-4.2,0,1,38663
2026-04-19T13:40:34,12.520791,-70.043617,-1.7,1.23,348.3,10,1.6,98.1,4.159,-4.2,0,1,38664
2026-04-19T13:51:10,12.519714,-70.043434,-105.8,3.15,170.4,10,1.2,104.1,4.218,-1.7,0,1,38665
2026-04-19T13:53:42,12.519690,-70.043419,-111.3,1.42,177.6,10,1.2,104.5,4.218,-2.3,0,1,38666
2026-04-19T13:56:14,12.519753,-70.043442,-110.3,0.68,155.1,9,1.8,104.8,4.216,-2.5,0,1,38667
2026-04-19T13:58:46,12.520053,-70.043312,-105.9,0.12,332.2,12,0.9,104.9,4.218,-5.4,0,1,38668
2026-04-19T14:01:48,12.520229,-70.043365,-82.2,0.12,332.2,11,1.6,104.3,4.219,-4.2,0,1,38669
2026-04-19T14:04:51,12.520996,-70.043549,23.6,2.92,18.2,9,2.0,101.0,4.191,-4.4,0,1,38670
2026-04-19T14:04:51,,,,,,,,100.8,4.180,-4.2,0,0,38671
2026-04-19T14:04:51,,,,,,,,100.2,4.177,-4.2,0,0,38672
2026-04-19T14:04:51,,,,,,,,99.9,4.175,-4.2,0,0,38673
2026-04-19T14:04:51,,,,,,,,99.4,4.174,-4.2,0,0,38674
2026-04-19T14:04:51,,,,,,,,99.2,4.169,-4.2,0,0,38675
2026-04-19T14:04:51,,,,,,,,98.6,4.169,-4.2,0,0,38676
2026-04-19T14:42:01,12.521196,-70.043762,48.2,2.15,8.6,4,7.4,98.6,4.162,-4.2,0,1,38677
2026-04-19T14:42:30,12.521185,-70.043831,49.2,0.77,8.6,3,8.5,98.3,4.166,-4.2,0,1,38678
2026-04-19T14:42:59,12.520854,-70.043762,47.6,1.29,41.7,5,2.1,98.3,4.165,-4.2,0,1,38679
2026-04-19T14:43:28,12.520744,-70.043762,38.6,1.16,169.7,9,1.5,98.4,4.169,-4.4,0,1,38680
2026-04-19T14:43:57,12.520803,-70.043747,38.6,1.56,3.6,10,1.0,98.0,4.165,-4.2,0,1,38681
2026-04-19T14:44:26,12.520822,-70.043732,39.0,0.96,38.8,10,0.9,98.1,4.165,-4.2,0,1,38682
2026-04-19T14:44:55,12.520816,-70.043732,38.4,0.86,16.4,10,0.9,98.0,4.164,-4.2,0,1,38683
2026-04-19T14:47:58,12.520844,-70.043724,37.6,0.51,360.0,12,0.9,97.8,4.168,-4.4,0,1,38684
2026-04-19T14:51:02,12.520884,-70.043701,37.9,0.28,159.6,13,0.9,97.7,4.165,-4.2,0,1,38685
2026-04-19T14:54:05,12.520914,-70.042038,6.8,0.36,117.1,15,0.7,97.7,4.168,-4.2,0,1,38686
2026-04-19T14:57:08,12.520833,-70.041870,5.8,5.65,124.2,16,0.6,97.7,4.159,-4.2,0,1,38687
2026-04-19T15:00:12,12.519340,-70.041832,5.1,4.37,213.4,16,0.6,97.8,4.161,-4.4,0,1,38688
2026-04-19T15:00:41,12.519133,-70.041527,5.8,5.01,137.0,13,0.8,97.3,4.160,-4.2,0,1,38689
2026-04-19T15:01:10,12.519429,-70.040894,17.4,4.59,43.2,12,0.9,97.2,4.156,-4.4,0,1,38690
2026-04-19T15:01:39,12.519953,-70.040451,13.3,5.70,61.0,15,0.7,97.0,4.157,-4.2,0,1,38691
2026-04-19T15:02:08,12.520106,-70.039993,8.8,6.96,122.4,16,0.6,97.0,4.159,-4.2,0,1,38692
2026-04-19T15:02:37,12.519508,-70.039185,2.9,8.28,126.7,16,0.6,97.3,4.157,-4.2,0,1,38693
2026-04-19T15:03:06,12.518853,-70.038239,5.9,8.10,127.2,16,0.6,97.2,4.160,-4.4,0,1,38694
2026-04-19T15:03:35,12.518203,-70.037361,4.8,8.26,122.7,17,0.6,97.2,4.156,-4.4,0,1,38695
2026-04-19T15:04:04,12.517607,-70.036514,4.9,8.45,129.4,16,0.6,96.9,4.160,-4.2,0,1,38696
2026-04-19T15:04:33,12.517086,-70.036224,4.6,3.34,263.4,16,0.6,96.9,4.155,-4.2,0,1,38697
2026-04-19T15:05:02,12.517203,-70.036461,8.2,0.03,251.3,16,0.6,97.3,4.155,-4.2,0,1,38698
2026-04-19T15:05:31,12.517143,-70.036499,8.5,0.23,196.6,15,0.7,96.7,4.156,-4.2,0,1,38699
2026-04-19T15:08:34,12.517193,-70.036522,8.6,0.59,213.0,13,0.7,97.0,4.159,-4.2,0,1,38700
2026-04-19T15:11:37,12.514732,-70.033470,-0.5,7.58,134.9,15,0.7,97.0,4.157,-4.2,0,1,38701
2026-04-19T15:14:41,12.513628,-70.032448,-0.8,0.40,135.2,14,0.7,96.6,4.156,-4.4,0,1,38702
2026-04-19T15:17:44,12.511363,-70.030357,-2.3,0.05,125.9,14,0.7,96.6,4.156,-4.4,0,1,38703
2026-04-19T15:20:48,12.511336,-70.030350,-2.0,0.22,125.9,15,0.7,96.1,4.154,-4.2,0,1,38704
2026-04-19T15:23:52,12.510498,-70.029617,6.4,4.64,246.7,16,0.6,96.7,4.155,-4.2,0,1,38705
2026-04-19T15:26:56,12.507920,-70.029388,7.1,0.08,210.1,17,0.6,96.1,4.151,-4.2,0,1,38706
2026-04-19T15:29:59,12.507930,-70.029373,6.0,0.49,92.8,15,0.7,95.9,4.149,-4.4,0,1,38707
2026-04-19T15:33:03,12.509193,-70.028107,6.4,0.45,248.1,17,0.6,95.9,4.149,-4.4,0,1,38708
2026-04-19T15:36:07,12.509183,-70.028107,7.1,0.19,234.1,15,0.7,95.9,4.141,-4.4,0,1,38709
2026-04-19T15:39:11,12.509465,-70.028603,6.8,5.99,254.5,16,0.6,95.6,4.144,-4.2,0,1,38710
2026-04-19T15:42:14,12.513437,-70.032303,8.4,7.14,312.4,14,0.7,95.8,4.146,-4.2,0,1,38711
2026-04-19T15:42:44,12.513952,-70.032730,8.8,0.03,354.4,14,0.7,95.6,4.142,-4.2,0,1,38712
2026-04-19T15:43:13,12.513953,-70.032722,9.0,0.72,354.4,12,0.8,95.4,4.146,-4.2,0,1,38713
2026-04-19T15:46:16,12.517041,-70.036079,6.3,3.56,312.7,13,0.8,95.4,4.145,-4.2,0,1,38714
2026-04-19T15:49:19,12.518550,-70.037674,10.2,0.03,327.1,13,0.8,95.4,4.142,-4.2,0,1,38715
2026-04-19T15:52:23,12.520736,-70.040810,3.9,5.02,317.3,14,0.7,95.0,4.139,-4.2,0,1,38716
2026-04-19T15:55:27,12.524106,-70.044823,6.2,10.27,308.3,14,0.7,95.1,4.137,-4.2,0,1,38717
2026-04-19T15:55:56,12.524843,-70.045715,6.4,8.21,307.5,14,0.7,94.7,4.140,-4.4,0,1,38718
2026-04-19T15:56:25,12.525578,-70.046570,6.5,6.35,308.2,13,0.8,94.8,4.141,-4.2,0,1,38719
2026-04-19T15:56:54,12.526190,-70.047249,6.7,5.40,324.0,13,0.7,95.0,4.139,-4.2,0,1,38720
2026-04-19T15:57:23,12.526278,-70.047310,7.2,0.07,255.4,12,0.8,94.5,4.137,-4.2,0,1,38721
2026-04-19T15:57:52,12.526270,-70.047249,7.0,3.43,107.9,15,0.7,95.0,4.136,-4.2,0,1,38722
2026-04-19T15:58:21,12.525646,-70.046684,9.1,3.69,194.3,16,0.7,94.7,4.137,-4.4,0,1,38723
2026-04-19T15:58:50,12.525059,-70.045891,8.8,4.29,132.7,16,0.7,95.0,4.139,-4.2,0,1,38724
2026-04-19T15:59:19,12.524622,-70.045349,8.8,5.67,130.5,16,0.7,94.8,4.137,2524.3,0,1,38725
2026-04-19T15:59:48,12.523942,-70.044548,9.1,7.29,125.6,16,0.7,94.5,4.140,-4.2,0,1,38726
2026-04-19T16:00:17,12.523167,-70.043655,12.2,7.09,138.3,16,0.7,94.5,4.136,-4.2,0,1,38727
2026-04-19T16:00:46,12.522884,-70.043335,12.0,5.96,346.6,16,0.7,94.7,4.139,-4.4,0,1,38728
2026-04-19T16:01:15,12.522770,-70.043388,12.0,4.97,222.5,15,0.7,94.5,4.137,-4.2,0,1,38729
2026-04-19T16:01:44,12.521810,-70.042999,7.5,6.96,145.6,14,0.8,94.5,4.137,-4.2,0,1,38730
2026-04-19T16:02:13,12.521391,-70.042358,8.6,5.71,165.4,15,0.7,94.5,4.140,-4.2,0,1,38731
2026-04-19T16:02:42,12.521020,-70.042084,12.5,0.07,135.7,15,0.7,94.5,4.137,-4.2,0,1,38732
2026-04-19T16:03:11,12.520929,-70.042130,12.2,1.01,241.6,16,0.7,94.7,4.135,-4.4,0,1,38733
2026-04-19T16:03:40,12.520928,-70.042381,10.0,1.07,207.5,12,0.8,94.7,4.139,2519.9,0,1,38734
2026-04-19T16:04:09,12.521040,-70.042671,10.1,8.67,234.1,13,0.8,94.7,4.136,-4.4,0,1,38735
2026-04-19T16:04:38,12.521132,-70.042740,8.9,0.53,318.8,13,0.7,94.8,4.135,-4.2,0,1,38736
2026-04-19T16:05:07,12.521183,-70.042816,8.9,3.18,302.9,13,0.7,94.3,4.137,-4.2,0,1,38737
2026-04-19T16:05:36,12.521383,-70.043022,9.8,2.81,303.0,14,0.7,94.5,4.136,-4.2,0,1,38738
2026-04-19T16:06:05,12.521078,-70.043221,11.2,1.31,231.0,15,0.7,94.2,4.136,-4.2,0,1,38739
2026-04-19T16:06:34,12.520933,-70.043518,11.7,2.90,274.3,11,1.0,94.3,4.135,-4.2,0,1,38740
2026-04-19T16:07:03,12.520953,-70.043724,8.1,0.13,5.5,13,0.8,94.2,4.135,-4.2,0,1,38741
2026-04-19T16:07:32,12.520940,-70.043716,7.7,0.09,307.3,11,1.0,94.3,4.135,-4.2,0,1,38742
2026-04-19T16:07:32,,,,,,,,94.5,4.131,-4.2,0,0,38743
2026-04-19T16:07:32,,,,,,,,94.0,4.130,-4.4,0,0,38744
2026-04-19T16:17:39,12.521016,-70.044067,61.6,0.26,328.3,6,2.1,93.7,4.131,-4.2,0,1,38745
2026-04-19T16:20:42,12.521198,-70.044205,104.6,2.26,344.7,4,1.6,94.2,4.135,-4.2,0,1,38746
2026-04-19T16:21:11,12.521027,-70.044113,105.9,0.11,297.3,5,2.2,93.9,4.130,-4.2,0,1,38747
2026-04-19T16:21:41,12.520717,-70.043983,100.0,0.14,297.3,4,2.3,93.9,4.130,-4.2,0,1,38748
2026-04-19T16:24:45,12.521154,-70.044029,62.7,0.08,302.8,3,6.8,93.5,4.130,-4.2,0,1,38749
2026-04-19T16:27:48,12.520884,-70.043907,45.2,0.43,348.1,3,9.7,93.7,4.126,-4.2,0,1,38750
2026-04-19T16:31:12,12.520414,-70.043793,-8.7,3.20,289.1,5,2.4,93.4,4.121,-4.4,0,1,38751
2026-04-19T16:31:12,,,,,,,,93.2,4.124,-4.2,0,0,38752
2026-04-19T16:37:47,12.521018,-70.044113,-6.3,1.60,89.5,4,1.9,92.9,4.122,-4.2,0,1,38753
2026-04-19T16:38:18,12.521100,-70.044083,-5.6,0.00,31.2,3,8.9,93.5,4.124,-4.2,0,1,38754
2026-04-19T16:38:47,12.520949,-70.043968,-5.2,1.55,65.5,3,8.2,93.2,4.125,-4.2,0,1,38755
2026-04-19T16:38:47,,,,,,,,92.9,4.121,-4.2,0,0,38756
2026-04-19T16:38:47,,,,,,,,92.9,4.116,-4.2,0,0,38757
2026-04-19T16:38:47,,,,,,,,93.1,4.119,-4.2,0,0,38758
2026-04-19T16:38:47,,,,,,,,92.6,4.116,-4.2,0,0,38759
2026-04-19T16:57:22,12.521246,-70.043365,30.5,0.31,183.6,7,3.2,92.1,4.116,-4.4,0,1,38760
2026-04-19T17:02:25,12.521303,-70.043472,36.5,0.21,357.3,12,0.7,92.0,4.114,-4.2,0,1,38761
2026-04-19T17:05:29,12.521338,-70.043442,40.1,0.96,350.1,8,2.1,91.8,4.116,-4.2,0,1,38762
2026-04-19T17:05:29,,,,,,,,91.6,4.109,-4.2,0,0,38763
2026-04-19T17:05:29,,,,,,,,91.3,4.109,-4.2,0,0,38764
2026-04-19T17:05:29,,,,,,,,91.3,4.106,-4.2,0,0,38765
2026-04-19T17:23:06,12.522532,-70.043243,14.9,17.74,156.9,15,0.6,91.0,4.113,-4.2,0,1,38766
2026-04-19T17:23:35,12.521564,-70.042130,16.1,2.91,95.6,17,0.6,91.2,4.106,-4.2,0,1,38767
2026-04-19T17:24:04,12.521528,-70.041985,16.5,3.76,108.0,15,0.6,90.9,4.109,-4.4,0,1,38768
2026-04-19T17:24:33,12.521134,-70.041466,14.3,3.51,133.7,15,0.7,90.9,4.108,-4.4,0,1,38769
2026-04-19T17:25:02,12.521018,-70.041290,13.8,4.77,135.1,16,0.6,90.7,4.106,-4.2,0,1,38770
2026-04-19T17:25:31,12.520144,-70.040115,19.3,9.40,121.1,15,0.7,90.5,4.108,-4.2,0,1,38771
2026-04-19T17:26:00,12.519228,-70.038826,11.4,10.19,126.7,15,0.7,90.9,4.109,-4.4,0,1,38772
2026-04-19T17:26:29,12.518302,-70.037544,13.3,15.57,127.7,16,0.6,90.9,4.106,-4.4,0,1,38773
2026-04-19T17:26:58,12.517246,-70.036163,17.8,15.16,135.1,17,0.6,90.9,4.108,-4.4,0,1,38774
2026-04-19T17:27:27,12.515252,-70.034134,18.2,18.82,133.4,16,0.6,90.7,4.108,-4.2,0,1,38775
2026-04-19T17:27:56,12.513205,-70.032013,15.2,22.82,135.9,15,0.7,90.7,4.105,-4.2,0,1,38776
2026-04-19T17:28:24,12.511093,-70.029877,27.3,23.47,137.3,18,0.6,90.5,4.102,-4.2,0,1,38777
2026-04-19T17:28:54,12.508955,-70.027740,18.1,11.36,147.7,17,0.6,91.0,4.110,-4.2,0,1,38778
2026-04-19T17:29:23,12.506992,-70.025803,21.6,28.64,132.6,18,0.6,90.5,4.110,-4.2,0,1,38779
2026-04-19T17:29:52,12.505558,-70.021973,21.3,30.74,103.8,19,0.6,90.4,4.106,-4.2,0,1,38780
2026-04-19T17:30:21,12.504646,-70.017853,25.4,28.01,101.0,17,0.6,90.7,4.106,-4.2,0,1,38781
2026-04-19T17:30:49,12.505320,-70.014412,26.3,26.10,73.7,19,0.6,90.5,4.106,-4.2,0,1,38782
2026-04-19T17:31:19,12.506425,-70.010529,31.7,27.84,80.6,17,0.6,90.7,4.109,-4.2,0,1,38783
2026-04-19T17:31:48,12.506150,-70.008423,34.8,13.03,117.3,20,0.5,90.4,4.104,-4.2,0,1,38784
2026-04-19T17:32:17,12.504912,-70.005836,30.4,29.56,130.3,16,0.6,90.5,4.110,-4.2,0,1,38785
2026-04-19T17:32:46,12.502198,-70.002403,29.0,33.31,118.2,17,0.6,90.2,4.105,-4.4,0,1,38786
2026-04-19T17:33:14,12.500286,-69.999115,25.4,14.86,129.4,17,0.6,90.4,4.101,-4.2,0,1,38787
2026-04-19T17:33:43,12.499789,-70.001068,24.0,11.05,263.9,19,0.6,90.7,4.099,-4.2,0,1,38788
2026-04-19T17:34:12,12.501164,-70.001724,24.9,7.33,37.5,18,0.6,91.0,4.104,-4.2,0,1,38789
2026-04-19T17:34:41,12.501248,-70.001907,24.1,0.16,244.3,16,0.6,90.4,4.108,-4.2,0,1,38790
2026-04-19T17:35:10,12.501245,-70.001900,24.4,0.21,244.3,16,0.6,90.4,4.105,-4.2,0,1,38791
2026-04-19T17:38:13,12.501239,-70.001900,24.3,0.21,244.3,15,0.7,90.4,4.108,-4.2,0,1,38792
2026-04-19T17:41:17,12.501244,-70.001923,22.9,0.46,329.4,16,0.6,90.4,4.108,-4.2,0,1,38793
2026-04-19T17:44:21,12.501246,-70.001923,23.7,0.76,42.1,17,0.6,90.5,4.105,-4.2,0,1,38794
2026-04-19T17:47:24,12.501155,-70.001961,24.4,0.07,230.6,15,0.7,90.2,4.099,-4.4,0,1,38795
2026-04-19T17:50:28,12.501137,-70.001961,24.3,0.41,230.6,15,0.6,89.9,4.100,-4.2,0,1,38796
2026-04-19T17:53:31,12.500444,-70.001656,23.0,24.77,150.4,18,0.6,90.1,4.102,-4.2,0,1,38797
2026-04-19T17:56:34,12.495660,-69.997665,13.5,11.35,1.6,17,0.6,89.6,4.097,-4.4,0,1,38798
2026-04-19T17:57:04,12.497806,-69.997406,19.0,19.14,12.2,17,0.6,90.1,4.102,-4.2,0,1,38799
2026-04-19T17:57:33,12.499206,-69.996681,16.5,14.88,34.2,17,0.6,89.6,4.101,-4.4,0,1,38800
2026-04-19T17:58:02,12.501129,-69.996124,21.7,20.55,4.8,17,0.6,89.7,4.097,-4.2,0,1,38801
2026-04-19T17:58:31,12.502742,-69.995506,23.3,18.79,62.9,16,0.6,89.6,4.097,-4.4,0,1,38802
2026-04-19T17:58:59,12.504494,-69.993469,24.7,14.81,80.0,17,0.6,89.7,4.095,-4.2,0,1,38803
2026-04-19T17:59:29,12.505400,-69.991081,27.9,20.51,63.1,18,0.6,89.4,4.099,-4.2,0,1,38804
2026-04-19T17:59:58,12.505877,-69.988220,31.8,22.99,80.6,16,0.6,89.7,4.101,-4.2,0,1,38805
2026-04-19T18:00:27,12.507420,-69.985359,31.4,22.75,63.5,15,0.6,89.6,4.097,-4.4,0,1,38806
2026-04-19T18:00:56,12.509197,-69.984344,31.3,6.10,352.6,17,0.6,89.6,4.096,-4.4,0,1,38807
2026-04-19T18:01:25,12.509932,-69.984306,33.3,1.83,1.0,18,0.6,89.4,4.096,-4.2,0,1,38808
2026-04-19T18:01:54,12.509554,-69.983124,35.8,11.42,103.6,16,0.6,89.3,4.096,-4.2,0,1,38809
2026-04-19T18:02:23,12.509436,-69.981750,37.3,4.60,98.3,17,0.6,89.3,4.095,-4.2,0,1,38810
2026-04-19T18:02:52,12.509410,-69.981308,37.0,4.32,103.0,17,0.6,89.4,4.097,-4.2,0,1,38811
2026-04-19T18:03:21,12.510502,-69.981148,39.6,15.65,348.1,18,0.6,89.4,4.095,-4.2,0,1,38812
2026-04-19T18:03:50,12.512379,-69.981369,43.0,19.13,357.2,18,0.6,89.3,4.096,-4.2,0,1,38813
2026-04-19T18:04:19,12.514003,-69.981392,41.8,13.77,357.9,16,0.6,89.4,4.096,-4.2,0,1,38814
2026-04-19T18:04:48,12.516153,-69.981430,37.9,13.93,356.7,17,0.6,89.4,4.096,-4.2,0,1,38815
2026-04-19T18:05:17,12.517536,-69.982666,36.4,18.47,314.6,17,0.6,89.4,4.095,-4.2,0,1,38816
2026-04-19T18:05:46,12.518620,-69.983665,32.2,8.61,6.1,17,0.6,89.4,4.097,-4.2,0,1,38817
2026-04-19T18:06:14,12.521154,-69.983902,41.8,17.16,352.5,18,0.6,89.3,4.100,-4.2,0,1,38818
2026-04-19T18:06:44,12.524498,-69.983871,44.8,31.23,6.0,18,0.6,89.4,4.099,-4.2,0,1,38819
2026-04-19T18:07:13,12.527566,-69.985054,54.0,23.72,329.6,17,0.6,89.4,4.095,-4.2,0,1,38820
2026-04-19T18:07:42,12.529602,-69.985840,53.9,12.58,344.3,17,0.6,89.3,4.096,-4.2,0,1,38821
2026-04-19T18:08:11,12.529771,-69.987747,56.0,18.29,257.4,19,0.6,89.0,4.094,-4.4,0,1,38822
2026-04-19T18:08:39,12.529336,-69.990677,53.8,25.30,258.3,17,0.6,89.1,4.091,-4.2,0,1,38823
2026-04-19T18:09:09,12.528446,-69.993225,49.4,18.59,236.6,15,0.6,89.6,4.093,-4.4,0,1,38824
2026-04-19T18:09:38,12.530077,-69.993828,58.0,22.08,4.0,16,0.6,89.0,4.094,-4.4,0,1,38825
2026-04-19T18:10:07,12.532253,-69.994072,51.4,11.06,315.5,18,0.6,89.3,4.093,-4.2,0,1,38826
2026-04-19T18:10:36,12.532093,-69.995773,46.5,8.45,250.0,18,0.6,89.3,4.094,-4.2,0,1,38827
2026-04-19T18:11:04,12.531590,-69.995972,41.8,4.48,146.8,19,0.6,89.0,4.091,-4.4,0,1,38828
2026-04-19T18:11:34,12.531313,-69.995811,45.1,3.10,173.4,17,0.6,89.1,4.097,-4.2,0,1,38829
2026-04-19T18:12:03,12.531246,-69.995834,48.1,0.37,244.6,15,0.6,89.1,4.097,-4.2,0,1,38830
2026-04-19T18:12:32,12.531248,-69.995850,48.1,0.55,300.3,18,0.6,88.8,4.093,-4.2,0,1,38831
2026-04-19T18:15:35,12.530590,-69.996124,44.9,0.51,196.1,15,0.6,89.1,4.095,-4.2,0,1,38832
2026-04-19T18:18:39,12.530602,-69.996140,43.4,1.04,324.8,18,0.6,89.0,4.090,-4.4,0,1,38833
2026-04-19T18:21:42,12.530993,-69.996414,57.3,0.85,232.6,17,0.6,88.8,4.095,-4.2,0,1,38834
2026-04-19T18:24:45,12.530931,-69.996414,58.2,0.35,209.7,19,0.6,89.0,4.089,-4.4,0,1,38835
2026-04-19T18:27:49,12.530283,-69.996445,53.7,0.93,168.8,18,0.6,89.0,4.091,-4.4,0,1,38836
2026-04-19T18:30:52,12.530223,-69.996498,52.3,0.74,277.0,16,0.6,88.5,4.094,-3.7,0,1,38837
2026-04-19T18:33:56,12.530565,-69.995888,52.1,0.59,42.7,14,0.7,88.5,4.089,-3.7,0,1,38838
2026-04-19T18:36:59,12.531233,-69.995911,36.0,1.27,23.7,18,0.6,88.6,4.091,-4.2,0,1,38839
2026-04-19T18:40:03,12.532054,-69.995903,39.5,9.74,29.9,19,0.6,88.5,4.089,-3.7,0,1,38840
2026-04-19T18:40:32,12.532254,-69.994110,46.4,11.97,137.8,18,0.6,88.2,4.086,-3.7,0,1,38841
2026-04-19T18:41:01,12.531281,-69.993362,50.6,8.28,66.4,19,0.6,88.1,4.086,-4.0,0,1,38842
2026-04-19T18:41:30,12.530992,-69.992195,50.9,15.42,180.6,19,0.6,88.2,4.089,-3.7,0,1,38843
2026-04-19T18:41:59,12.529085,-69.992073,50.1,6.76,155.7,18,0.6,88.1,4.088,-4.0,0,1,38844
2026-04-19T18:42:28,12.529525,-69.988914,57.7,25.85,86.9,17,0.6,88.2,4.089,-3.7,0,1,38845
2026-04-19T18:42:57,12.530049,-69.986443,53.2,5.93,84.3,20,0.6,88.2,4.084,-3.7,0,1,38846
2026-04-19T18:43:26,12.531778,-69.986588,45.8,29.82,342.8,17,0.6,87.9,4.090,-3.7,0,1,38847
2026-04-19T18:43:55,12.532653,-69.985367,38.2,20.29,110.2,15,0.7,88.2,4.086,-3.7,0,1,38848
2026-04-19T18:44:24,12.533145,-69.983437,36.1,9.48,74.6,19,0.6,87.9,4.082,2340.8,0,1,38849
2026-04-19T18:44:53,12.534060,-69.980721,34.9,21.50,83.9,19,0.6,88.1,4.089,-4.0,0,1,38850
2026-04-19T18:45:22,12.535360,-69.978256,47.1,17.50,71.1,19,0.6,87.9,4.084,-3.7,0,1,38851
2026-04-19T18:45:51,12.536322,-69.977402,53.9,25.47,353.6,17,0.6,88.1,4.085,-4.0,0,1,38852
2026-04-19T18:46:19,12.539155,-69.977203,40.0,24.29,33.7,18,0.6,87.9,4.082,2340.8,0,1,38853
2026-04-19T18:46:49,12.542707,-69.977196,31.1,27.48,356.0,19,0.6,88.4,4.089,-4.0,0,1,38854
2026-04-19T18:47:18,12.546089,-69.977463,29.0,27.75,356.2,19,0.6,87.9,4.084,-3.7,0,1,38855
2026-04-19T18:47:47,12.549627,-69.977463,21.1,21.18,28.1,19,0.6,88.1,4.086,-4.0,0,1,38856
2026-04-19T18:48:16,12.550776,-69.975716,13.2,16.05,9.8,19,0.6,87.8,4.084,-3.7,0,1,38857
2026-04-19T18:48:44,12.552963,-69.975670,10.9,13.51,337.6,18,0.6,87.8,4.077,-3.7,0,1,38858
2026-04-19T18:49:14,12.553983,-69.976311,8.5,8.78,310.3,19,0.6,87.8,4.085,-3.7,0,1,38859
2026-04-19T18:49:43,12.553554,-69.976357,11.6,0.01,168.4,17,0.6,87.8,4.082,-3.7,0,1,38860
2026-04-19T18:50:12,12.553538,-69.976357,10.7,1.57,212.6,18,0.6,87.8,4.082,-3.7,0,1,38861
2026-04-19T18:50:41,12.553538,-69.976364,9.7,0.38,234.8,17,0.6,87.9,4.088,-3.7,0,1,38862
2026-04-19T18:51:09,12.553545,-69.976357,9.5,0.69,343.6,19,0.6,87.8,4.084,-3.7,0,1,38863
2026-04-19T18:54:13,12.553554,-69.976357,10.3,0.07,343.6,18,0.6,87.9,4.080,-3.7,0,1,38864
2026-04-19T18:57:16,12.553555,-69.976364,11.0,0.27,343.6,19,0.6,87.8,4.081,-3.7,0,1,38865
2026-04-19T19:00:19,12.553566,-69.976364,11.8,0.13,294.9,17,0.6,87.8,4.084,-3.7,0,1,38866
2026-04-19T19:03:23,12.553558,-69.976379,12.5,1.31,257.9,17,0.6,87.5,4.084,-3.7,0,1,38867
2026-04-19T19:06:26,12.553548,-69.976364,12.5,0.32,257.9,18,0.6,87.5,4.084,-3.7,0,1,38868
2026-04-19T19:09:29,12.548676,-69.967171,20.4,6.46,138.5,20,0.6,87.5,4.080,-3.7,0,1,38869
2026-04-19T19:12:33,12.541184,-69.958687,15.9,0.01,278.0,18,0.6,87.5,4.076,-3.7,0,1,38870
2026-04-19T19:15:36,12.541030,-69.958313,13.9,0.77,280.0,17,0.6,87.4,4.077,-3.7,0,1,38871
2026-04-19T19:18:39,12.541426,-69.958069,17.1,1.10,89.1,19,0.6,87.2,4.076,-4.0,0,1,38872
2026-04-19T19:21:43,12.541363,-69.958115,22.2,2.43,206.2,17,0.7,86.8,4.075,-3.7,0,1,38873
2026-04-19T19:22:12,12.541280,-69.958336,21.7,1.38,260.0,14,0.7,87.1,4.080,-3.7,0,1,38874
2026-04-19T19:22:41,12.541287,-69.958328,21.3,0.54,335.2,10,1.0,86.8,4.079,-3.7,0,1,38875
2026-04-19T19:23:10,12.541353,-69.958313,20.4,1.46,71.0,14,0.7,86.6,4.074,-3.7,0,1,38876
2026-04-19T19:23:39,12.541409,-69.958344,19.0,0.57,303.7,13,0.7,86.9,4.076,-4.0,0,1,38877
2026-04-19T19:24:08,12.541386,-69.958359,18.8,0.81,225.1,11,0.8,86.9,4.077,2314.0,0,1,38878
2026-04-19T19:27:11,12.541255,-69.958328,20.2,0.01,105.5,3,3.4,86.9,4.071,-4.0,0,1,38879
2026-04-19T19:30:14,12.541960,-69.959389,29.7,12.47,332.2,19,0.6,86.8,4.076,-3.7,0,1,38880
2026-04-19T19:33:18,12.548774,-69.968803,12.7,20.52,294.2,17,0.6,86.8,4.074,-3.7,0,1,38881
2026-04-19T19:33:47,12.548959,-69.971466,12.4,15.63,296.8,18,0.6,86.5,4.073,-4.0,0,1,38882
2026-04-19T19:34:16,12.550392,-69.973495,17.2,28.32,288.4,20,0.5,86.6,4.074,-3.7,0,1,38883
2026-04-19T19:34:44,12.549955,-69.976921,21.2,35.34,250.9,19,0.6,86.5,4.068,-4.0,0,1,38884
2026-04-19T19:35:14,12.546496,-69.977486,29.3,22.24,177.1,16,0.6,86.6,4.068,-3.7,0,1,38885
2026-04-19T19:35:43,12.543314,-69.977264,30.2,29.71,179.5,14,0.7,86.5,4.073,-4.0,0,1,38886
2026-04-19T19:36:12,12.540519,-69.976906,35.9,21.87,163.5,18,0.6,86.6,4.069,-3.7,0,1,38887
2026-04-19T19:36:41,12.538473,-69.975670,36.3,27.16,135.9,18,0.6,86.6,4.074,-3.7,0,1,38888
2026-04-19T19:37:09,12.536077,-69.973740,56.6,23.83,159.3,15,0.7,86.5,4.062,-4.0,0,1,38889
2026-04-19T19:37:39,12.533610,-69.972679,66.0,15.88,138.7,17,0.6,86.6,4.069,-3.7,0,1,38890
2026-04-19T19:38:08,12.532407,-69.970848,56.3,13.95,123.9,19,0.6,86.3,4.069,-3.7,0,1,38891
2026-04-19T19:38:37,12.530563,-69.969673,47.1,27.83,155.0,15,0.7,86.3,4.074,-3.7,0,1,38892
2026-04-19T19:39:06,12.528976,-69.968918,36.0,14.06,145.3,16,0.6,86.2,4.070,-3.7,0,1,38893
2026-04-19T19:39:34,12.527124,-69.967209,43.0,15.35,156.3,15,0.6,86.5,4.068,-4.0,0,1,38894
2026-04-19T19:40:04,12.524725,-69.965500,61.9,23.13,135.8,17,0.6,86.3,4.074,-3.7,0,1,38895
2026-04-19T19:40:33,12.522650,-69.963333,74.3,20.93,140.9,17,0.6,86.5,4.069,-4.0,0,1,38896
2026-04-19T19:41:02,12.520322,-69.962532,74.7,15.47,155.9,18,0.6,86.2,4.066,-3.7,0,1,38897
2026-04-19T19:41:31,12.517588,-69.961075,70.0,23.76,151.1,18,0.6,86.2,4.070,-3.7,0,1,38898
2026-04-19T19:42:00,12.514482,-69.959785,65.9,24.36,164.5,17,0.6,86.3,4.073,-3.7,0,1,38899
2026-04-19T19:42:29,12.512945,-69.958397,67.8,17.71,135.6,15,0.7,86.2,4.068,-3.7,0,1,38900
2026-04-19T19:42:58,12.510404,-69.957520,71.2,17.17,165.0,16,0.6,86.1,4.068,-4.0,0,1,38901
2026-04-19T19:43:27,12.508139,-69.956886,70.6,18.73,134.2,18,0.6,86.1,4.069,-4.0,0,1,38902
2026-04-19T19:43:56,12.506560,-69.955322,75.0,17.61,157.0,16,0.6,85.9,4.069,-3.7,0,1,38903
2026-04-19T19:44:24,12.504465,-69.954689,60.0,21.07,163.4,17,0.6,86.2,4.060,2295.1,0,1,38904
2026-04-19T19:44:54,12.502040,-69.953537,63.8,16.85,142.6,17,0.6,86.3,4.074,-3.7,0,1,38905
2026-04-19T19:45:23,12.500464,-69.952637,72.1,5.65,187.5,17,0.6,86.2,4.070,-3.7,0,1,38906
2026-04-19T19:45:52,12.497975,-69.953758,56.4,28.90,204.9,17,0.6,86.1,4.069,-4.0,0,1,38907
2026-04-19T19:46:21,12.494235,-69.954185,55.9,25.78,173.5,16,0.6,86.2,4.071,-3.7,0,1,38908
2026-04-19T19:46:49,12.491432,-69.954163,52.3,5.13,199.3,17,0.6,85.8,4.069,-4.0,0,1,38909
2026-04-19T19:47:19,12.492432,-69.957283,49.8,30.21,292.8,17,0.6,86.1,4.070,-4.0,0,1,38910
2026-04-19T19:47:48,12.492005,-69.960373,41.9,22.10,250.2,19,0.6,86.1,4.066,-4.0,0,1,38911
2026-04-19T19:48:17,12.491400,-69.962883,38.1,21.20,274.3,15,0.7,85.8,4.070,-4.0,0,1,38912
2026-04-19T19:48:46,12.491410,-69.965897,26.3,23.01,269.3,17,0.6,86.1,4.065,-4.0,0,1,38913
2026-04-19T19:49:14,12.491510,-69.968201,35.1,19.54,289.9,18,0.6,86.1,4.069,-4.0,0,1,38914
2026-04-19T19:49:44,12.491506,-69.971687,28.1,24.79,261.7,19,0.6,86.2,4.069,-3.7,0,1,38915
2026-04-19T19:50:13,12.491156,-69.973053,21.7,16.02,162.4,17,0.6,85.9,4.071,-3.7,0,1,38916
2026-04-19T19:50:42,12.488409,-69.972420,16.6,22.30,188.2,17,0.6,85.8,4.066,-4.0,0,1,38917
2026-04-19T19:51:11,12.485464,-69.972672,4.4,19.60,164.7,12,0.8,85.9,4.069,-3.7,0,1,38918
2026-04-19T19:51:39,12.483495,-69.969994,9.4,25.78,119.8,18,0.6,85.8,4.068,-4.0,0,1,38919
2026-04-19T19:52:09,12.480971,-69.967323,2.5,20.99,157.8,17,0.6,85.8,4.069,-4.0,0,1,38920
2026-04-19T19:52:38,12.477735,-69.967995,5.9,19.02,174.8,16,0.6,85.8,4.069,-4.0,0,1,38921
2026-04-19T19:53:07,12.475311,-69.965813,25.6,28.05,142.8,18,0.6,85.9,4.064,-3.7,0,1,38922
2026-04-19T19:53:36,12.471543,-69.964981,18.0,28.52,181.2,19,0.6,85.6,4.066,-3.7,0,1,38923
2026-04-19T19:54:05,12.468367,-69.965622,6.8,25.27,174.8,17,0.6,85.8,4.070,-4.0,0,1,38924
2026-04-19T19:54:34,12.466318,-69.965569,5.2,6.56,210.7,19,0.6,85.8,4.065,-4.0,0,1,38925
2026-04-19T19:55:03,12.465025,-69.965927,3.2,12.85,144.0,19,0.6,85.8,4.065,-4.0,0,1,38926
2026-04-19T19:55:32,12.463025,-69.965668,5.5,9.75,211.0,19,0.6,85.6,4.065,-3.7,0,1,38927
2026-04-19T19:56:01,12.463752,-69.967415,3.6,18.34,309.7,19,0.6,85.5,4.064,-3.7,0,1,38928
2026-04-19T19:56:29,12.464828,-69.968811,6.4,9.51,302.8,18,0.6,85.6,4.061,-3.7,0,1,38929
2026-04-19T19:56:59,12.465422,-69.969872,5.8,9.11,294.8,19,0.6,85.8,4.068,-4.0,0,1,38930
2026-04-19T19:57:28,12.465925,-69.971016,6.7,10.44,289.5,19,0.6,85.6,4.064,-3.7,0,1,38931
2026-04-19T19:57:57,12.466743,-69.972008,6.5,10.99,34.8,18,0.6,85.8,4.068,-4.0,0,1,38932
2026-04-19T19:58:26,12.466267,-69.970627,9.5,11.16,120.7,17,0.6,85.5,4.062,2275.9,0,1,38933
2026-04-19T19:58:55,12.466089,-69.970474,7.7,0.31,208.3,19,0.6,85.6,4.064,-3.7,0,1,38934
2026-04-19T19:59:24,12.466068,-69.970482,7.4,2.12,46.9,18,0.6,85.6,4.064,-3.7,0,1,38935
2026-04-19T19:59:53,12.466043,-69.970490,7.1,0.17,219.7,19,0.6,85.5,4.064,-3.7,0,1,38936
2026-04-19T20:00:22,12.465990,-69.970528,7.7,1.50,161.5,16,0.6,85.3,4.064,-4.0,0,1,38937
2026-04-19T20:00:51,12.465872,-69.970612,8.5,0.76,162.9,19,0.6,85.5,4.066,-3.7,0,1,38938
2026-04-19T20:01:19,12.465678,-69.970627,9.3,1.20,172.6,18,0.6,85.6,4.059,-3.7,0,1,38939
2026-04-19T20:01:49,12.465645,-69.970596,10.1,0.55,212.9,17,0.6,85.6,4.068,-3.7,0,1,38940
2026-04-19T20:02:18,12.465623,-69.970528,11.1,0.22,95.4,19,0.6,85.3,4.064,-4.0,0,1,38941
2026-04-19T20:05:21,12.465622,-69.970528,10.9,0.20,257.9,16,0.7,85.5,4.060,-3.7,0,1,38942
2026-04-19T20:08:24,12.465569,-69.970543,11.1,0.09,100.6,13,0.7,85.2,4.061,-3.7,0,1,38943
2026-04-19T20:11:28,12.465562,-69.970551,11.0,0.34,274.1,14,0.6,85.1,4.062,-3.7,0,1,38944
2026-04-19T20:14:31,12.465543,-69.970551,11.5,0.29,61.6,15,0.6,85.1,4.061,-3.7,0,1,38945
2026-04-19T20:17:34,12.465528,-69.970558,11.5,0.71,153.6,14,0.7,85.1,4.061,-3.7,0,1,38946
2026-04-19T20:20:38,12.465535,-69.970581,11.3,0.61,324.5,13,0.7,84.8,4.061,-3.7,0,1,38947
2026-04-19T20:23:41,12.465532,-69.970589,12.4,0.99,353.3,14,0.7,84.9,4.062,-4.0,0,1,38948
2026-04-19T20:26:44,12.465545,-69.970589,11.6,0.20,353.3,14,0.7,85.1,4.051,-3.7,0,1,38949
2026-04-19T20:29:48,12.465535,-69.970589,11.7,0.99,226.1,13,0.7,84.5,4.055,-3.7,0,1,38950
2026-04-19T20:32:51,12.465525,-69.970589,12.7,0.92,254.6,14,0.7,84.8,4.057,-3.7,0,1,38951
2026-04-19T20:35:54,12.465520,-69.970581,13.0,0.62,292.1,13,0.7,84.3,4.050,-3.7,0,1,38952
2026-04-19T20:38:58,12.465563,-69.970566,13.8,0.53,11.5,11,0.8,84.5,4.051,-3.7,0,1,38953
2026-04-19T20:42:01,12.465577,-69.970566,14.4,0.78,213.3,14,0.7,84.8,4.057,-3.7,0,1,38954
2026-04-19T20:45:04,12.465580,-69.970551,14.2,0.19,88.6,17,0.6,84.3,4.055,-3.7,0,1,38955
2026-04-19T20:48:08,12.465572,-69.970543,12.9,0.32,88.6,18,0.6,84.2,4.054,-4.4,0,1,38956
2026-04-19T20:51:12,12.465974,-69.970474,12.2,0.23,309.0,16,0.7,84.2,4.048,-4.4,0,1,38957
2026-04-19T20:54:16,12.468191,-69.974327,8.8,13.47,304.5,16,0.6,84.2,4.049,-4.4,0,1,38958
2026-04-19T20:57:19,12.477761,-69.980637,17.6,26.75,301.1,17,0.7,83.8,4.054,-4.4,0,1,38959
2026-04-19T20:57:48,12.479551,-69.983490,20.0,28.51,302.4,17,0.6,83.8,4.050,-4.4,0,1,38960
2026-04-19T20:58:17,12.481551,-69.986778,20.9,26.12,300.5,18,0.6,83.7,4.046,-4.4,0,1,38961
2026-04-19T20:58:46,12.483154,-69.990509,19.0,24.83,293.3,17,0.6,83.8,4.048,-4.4,0,1,38962
2026-04-19T20:59:15,12.484680,-69.994308,17.3,34.92,292.0,17,0.6,83.7,4.049,-4.4,0,1,38963
2026-04-19T20:59:44,12.486027,-69.997543,14.2,34.17,292.9,17,0.6,83.5,4.049,-4.4,0,1,38964
2026-04-19T21:00:13,12.487412,-70.001007,12.1,24.35,292.1,17,0.6,83.7,4.049,-4.4,0,1,38965
2026-04-19T21:00:42,12.489449,-70.003052,17.6,22.72,325.2,17,0.7,83.5,4.046,-4.4,0,1,38966
2026-04-19T21:01:11,12.491792,-70.004829,16.9,22.43,325.0,17,0.7,83.4,4.048,-4.4,0,1,38967
2026-04-19T21:01:40,12.494130,-70.005074,23.1,16.93,340.8,17,0.6,83.5,4.048,-4.4,0,1,38968
2026-04-19T21:02:09,12.494832,-70.004219,19.6,22.23,83.0,16,0.7,83.5,4.049,-4.4,0,1,38969
2026-04-19T21:02:38,12.496919,-70.001793,22.6,18.22,16.6,18,0.6,83.5,4.046,-4.4,0,1,38970
2026-04-19T21:03:07,12.499689,-70.001198,21.4,14.14,350.5,18,0.6,83.5,4.048,-4.4,0,1,38971
2026-04-19T21:03:36,12.500831,-70.001877,22.6,4.61,289.1,18,0.6,83.5,4.046,-4.4,0,1,38972
2026-04-19T21:04:05,12.501164,-70.001701,23.0,1.34,25.9,18,0.6,83.4,4.048,-4.4,0,1,38973
2026-04-19T21:04:34,12.501204,-70.001724,23.6,0.16,343.5,17,0.6,83.5,4.045,-4.4,0,1,38974
2026-04-19T21:05:03,12.501202,-70.001724,23.4,0.23,343.5,18,0.6,83.5,4.045,-4.4,0,1,38975
2026-04-19T21:08:06,12.503364,-70.005806,24.1,6.13,354.5,15,0.7,83.4,4.048,-4.4,0,1,38976
2026-04-19T21:11:09,12.504991,-70.019356,12.1,30.79,283.5,16,0.7,83.4,4.046,-4.4,0,1,38977
2026-04-19T21:11:38,12.505921,-70.023300,16.3,23.17,285.3,16,0.6,83.5,4.041,-4.4,0,1,38978
2026-04-19T21:12:07,12.507588,-70.026329,9.9,26.10,318.8,18,0.6,83.0,4.043,-4.4,0,1,38979
2026-04-19T21:12:36,12.509067,-70.027679,9.5,13.26,278.0,17,0.6,83.2,4.045,-4.2,0,1,38980
2026-04-19T21:13:05,12.510928,-70.029640,4.7,22.15,318.9,16,0.6,83.2,4.048,-4.2,0,1,38981
2026-04-19T21:13:34,12.513139,-70.031830,8.7,25.50,317.3,18,0.6,83.0,4.044,-4.4,0,1,38982
2026-04-19T21:14:03,12.515500,-70.034279,5.9,25.14,312.5,16,0.7,83.0,4.048,-4.4,0,1,38983
2026-04-19T21:14:32,12.517456,-70.036217,7.6,13.12,311.2,16,0.7,83.0,4.043,-4.4,0,1,38984
2026-04-19T21:15:01,12.518570,-70.037735,5.6,10.42,304.6,11,1.2,82.9,4.048,-4.4,0,1,38985
2026-04-19T21:15:29,12.519431,-70.038925,4.7,13.52,306.5,16,0.7,82.9,4.034,-4.4,0,1,38986
2026-04-19T21:15:59,12.520618,-70.040604,7.3,14.93,303.4,10,0.9,83.0,4.046,-4.4,0,1,38987
2026-04-19T21:16:28,12.522226,-70.042664,14.3,21.41,310.3,17,0.6,83.4,4.043,-4.4,0,1,38988
2026-04-19T21:16:57,12.523531,-70.044380,10.6,6.41,273.2,17,0.6,82.7,4.044,-4.4,0,1,38989
2026-04-19T21:17:26,12.522871,-70.044899,9.2,0.11,220.8,17,0.6,83.0,4.046,-4.4,0,1,38990
2026-04-19T21:17:55,12.522536,-70.045174,8.6,10.30,221.9,16,0.7,82.9,4.043,-4.4,0,1,38991
2026-04-19T21:18:24,12.522119,-70.043709,4.8,15.10,94.9,15,0.7,83.0,4.045,-4.4,0,1,38992
2026-04-19T21:18:53,12.521260,-70.043510,7.9,11.82,271.0,15,0.7,82.9,4.043,-4.4,0,1,38993
2026-04-19T21:19:22,12.521029,-70.043633,7.1,0.04,92.8,14,0.8,83.0,4.048,-4.4,0,1,38994
2026-04-19T21:19:51,12.521028,-70.043640,7.3,0.63,327.2,12,0.8,82.9,4.041,-4.4,0,1,38995
2026-04-19T21:22:54,12.520900,-70.043518,20.2,1.00,193.2,8,1.6,83.0,4.034,-4.4,0,1,38996
2026-04-19T21:25:58,12.520720,-70.043579,11.3,1.85,105.6,10,1.0,82.7,4.034,-4.4,0,1,38997
2026-04-19T21:36:44,12.519587,-70.043983,-122.2,0.96,165.2,7,1.8,89.9,4.114,2.1,0,1,38998
2026-04-19T21:39:46,12.519698,-70.043968,-109.3,1.22,39.5,10,1.6,85.2,4.068,-3.7,0,1,38999
2026-04-19T21:42:49,12.519828,-70.043930,-93.3,0.94,189.1,11,0.9,85.1,4.064,-3.7,0,1,39000
2026-04-19T21:45:52,12.519870,-70.043938,-83.6,0.66,358.2,14,0.7,85.1,4.061,-3.7,0,1,39001
2026-04-19T21:48:55,12.519935,-70.043861,-72.4,0.57,175.2,12,0.9,84.9,4.061,-4.0,0,1,39002
2026-04-19T21:51:59,12.520046,-70.043823,-56.5,1.46,48.0,11,1.1,84.9,4.055,-4.0,0,1,39003
2026-04-19T21:55:02,12.520093,-70.043785,-47.9,0.44,4.8,12,1.1,84.9,4.057,-4.0,0,1,39004
2026-04-19T21:58:06,12.520133,-70.043770,-40.7,0.60,193.7,10,1.5,84.5,4.054,-3.7,0,1,39005
2026-04-19T22:01:09,12.520157,-70.043732,-34.8,0.50,29.7,11,1.0,84.8,4.055,-3.7,0,1,39006
2026-04-19T22:04:13,12.520160,-70.043671,-31.0,0.27,182.9,12,0.9,84.5,4.050,-3.7,0,1,39007
2026-04-19T22:07:17,12.520186,-70.043655,-27.3,1.16,347.6,10,1.3,84.2,4.055,-4.4,0,1,39008
2026-04-19T22:10:20,12.520294,-70.043488,-22.9,0.63,32.2,10,2.2,84.3,4.054,-3.7,0,1,39009
2026-04-19T22:13:24,12.520271,-70.043442,-20.8,0.37,156.3,10,1.9,83.8,4.049,-4.4,0,1,39010
2026-04-19T22:16:27,12.520174,-70.043388,-27.4,1.33,133.3,10,1.9,83.8,4.051,-4.4,0,1,39011
2026-04-19T22:19:31,12.520180,-70.043411,-25.9,0.19,165.1,11,1.9,83.7,4.046,-4.4,0,1,39012
2026-04-19T22:22:34,12.520655,-70.043518,2.4,0.44,338.3,11,1.0,83.7,4.048,-4.4,0,1,39013
2026-04-19T22:25:38,12.520670,-70.043510,3.0,0.32,343.2,10,1.9,83.8,4.037,-4.4,0,1,39014
2026-04-19T22:28:41,12.520605,-70.043434,-0.9,0.79,6.3,12,0.9,83.7,4.049,-4.4,0,1,39015
2026-04-19T22:31:44,12.520565,-70.043427,-3.8,0.73,259.9,9,1.8,83.4,4.049,-4.4,0,1,39016
2026-04-19T22:34:48,12.520525,-70.043457,-9.1,2.07,192.4,11,0.9,83.0,4.041,-4.4,0,1,39017
2026-04-19T22:37:51,12.520590,-70.043457,-8.1,0.24,172.4,11,0.9,82.9,4.046,-4.4,0,1,39018
2026-04-19T22:40:54,12.520593,-70.043472,-6.5,0.43,347.1,10,1.0,83.4,4.039,-4.4,0,1,39019
2026-04-19T22:43:58,12.520591,-70.043480,-5.5,0.38,142.1,9,2.3,82.7,4.039,2201.9,0,1,39020
2026-04-19T22:47:01,12.520593,-70.043503,-3.6,0.50,175.5,9,1.6,83.0,4.044,-4.4,0,1,39021
2026-04-19T22:50:04,12.520600,-70.043510,-1.8,0.27,8.6,11,0.8,82.7,4.041,-4.4,0,1,39022
2026-04-19T22:53:08,12.520613,-70.043518,-0.9,1.13,355.8,10,1.5,82.7,4.041,-4.4,0,1,39023
2026-04-19T22:56:11,12.520593,-70.043526,0.6,0.35,314.9,12,0.8,82.5,4.039,-4.4,0,1,39024
2026-04-19T22:59:14,12.520578,-70.043541,2.0,0.60,315.8,10,0.9,82.2,4.041,-4.4,0,1,39025
2026-04-19T23:02:18,12.520671,-70.043594,5.7,0.42,2.0,12,0.7,81.9,4.030,-4.2,0,1,39026
2026-04-19T23:05:21,12.520696,-70.043610,7.4,1.02,8.1,10,0.9,81.9,4.029,-4.2,0,1,39027
2026-04-19T23:08:24,12.520733,-70.043617,9.1,1.07,104.2,12,0.8,81.9,4.030,-4.2,0,1,39028
2026-04-19T23:08:53,12.520711,-70.043587,10.0,0.31,179.5,10,1.5,81.7,4.029,-4.4,0,1,39029
2026-04-19T23:09:22,12.520699,-70.043579,9.4,1.05,157.7,10,1.5,81.7,4.036,-4.4,0,1,39030
2026-04-19T23:09:51,12.520691,-70.043579,8.5,1.15,311.8,9,1.6,81.7,4.032,-4.4,0,1,39031
2026-04-19T23:10:20,12.520717,-70.043564,8.2,1.61,309.9,10,1.5,82.1,4.030,-4.4,0,1,39032
2026-04-19T23:10:49,12.520739,-70.043587,8.3,0.91,299.5,12,0.8,81.6,4.030,-4.4,0,1,39033
2026-04-19T23:11:18,12.520731,-70.043556,8.4,3.66,141.5,12,0.9,81.7,4.030,-4.4,0,1,39034
2026-04-19T23:11:47,12.520728,-70.043556,8.7,0.51,134.0,10,1.5,81.6,4.031,-4.4,0,1,39035
2026-04-19T23:12:16,12.520735,-70.043587,9.1,3.53,240.8,10,1.5,81.7,4.032,-4.4,0,1,39036
2026-04-19T23:12:45,12.520759,-70.043587,9.1,1.62,9.4,10,1.5,81.6,4.029,-4.4,0,1,39037
2026-04-19T23:13:14,12.520760,-70.043594,9.5,1.25,204.6,10,1.5,81.4,4.031,2167.2,0,1,39038
2026-04-19T23:13:43,12.520766,-70.043594,9.0,1.55,344.6,10,1.5,81.6,4.030,-4.4,0,1,39039
2026-04-19T23:14:12,12.520768,-70.043587,9.4,2.28,137.1,8,2.0,81.4,4.032,-4.4,0,1,39040
2026-04-19T23:14:41,12.520771,-70.043579,9.4,0.71,1.4,11,1.1,81.4,4.031,-4.4,0,1,39041
2026-04-19T23:15:10,12.520770,-70.043594,9.9,3.30,237.6,10,1.1,81.4,4.034,-4.4,0,1,39042
2026-04-19T23:15:39,12.520773,-70.043587,10.4,0.57,179.0,11,1.1,81.4,4.026,-4.4,0,1,39043
2026-04-19T23:16:08,12.520750,-70.043587,10.5,4.62,166.3,11,1.1,81.4,4.029,-4.4,0,1,39044
2026-04-19T23:16:37,12.520775,-70.043587,11.2,1.68,346.0,10,1.5,81.4,4.028,-4.4,0,1,39045
2026-04-19T23:17:06,12.520782,-70.043587,11.6,1.04,35.3,9,1.5,80.9,4.034,-4.4,0,1,39046
2026-04-19T23:17:35,12.520780,-70.043549,11.8,4.23,98.4,10,1.5,81.6,4.029,-4.4,0,1,39047
2026-04-19T23:18:04,12.520802,-70.043587,13.1,2.04,250.2,10,1.5,81.7,4.030,-4.4,0,1,39048
2026-04-19T23:18:33,12.520797,-70.043571,14.1,0.64,334.6,10,1.5,81.4,4.028,-4.4,0,1,39049
2026-04-19T23:19:02,12.520811,-70.043564,14.3,0.72,335.1,11,1.1,81.4,4.030,-4.4,0,1,39050
2026-04-19T23:22:05,12.520808,-70.043564,14.8,0.55,349.0,11,0.8,81.1,4.031,-4.4,0,1,39051
2026-04-19T23:25:08,12.520806,-70.043564,14.7,0.50,227.1,13,0.7,81.2,4.025,-4.4,0,1,39052
2026-04-19T23:28:12,12.520799,-70.043556,14.7,1.10,179.9,14,0.7,81.4,4.030,-4.4,0,1,39053
2026-04-19T23:31:15,12.520814,-70.043549,14.1,0.91,3.8,13,0.7,81.2,4.030,-4.4,0,1,39054
2026-04-19T23:34:18,12.520837,-70.043541,14.1,0.04,181.0,13,0.7,81.1,4.024,-4.4,0,1,39055
2026-04-19T23:37:21,12.520795,-70.043518,12.3,0.55,248.9,11,1.0,80.9,4.029,-4.4,0,1,39056
2026-04-19T23:40:24,12.520797,-70.043503,9.9,0.16,34.1,10,1.9,80.7,4.026,-4.4,0,1,39057
2026-04-19T23:43:28,12.520842,-70.043488,15.3,1.31,23.9,12,0.7,80.4,4.021,-4.4,0,1,39058
2026-04-19T23:46:31,12.520829,-70.043472,19.5,0.88,16.1,11,0.8,80.3,4.028,-4.4,0,1,39059
2026-04-19T23:49:34,12.520853,-70.043465,19.4,0.66,290.8,13,0.7,80.4,4.023,-4.4,0,1,39060
2026-04-19T23:52:38,12.520803,-70.043434,17.3,0.39,197.7,11,0.9,80.3,4.024,-4.4,0,1,39061
2026-04-19T23:55:42,12.520789,-70.043419,14.2,0.21,49.9,8,3.2,79.9,4.016,-4.4,0,1,39062
2026-04-19T23:58:45,12.520779,-70.043434,12.8,1.06,252.2,10,0.9,80.3,4.024,-4.4,0,1,39063
