datetime,lat,lon,alt_m,speed_kts,cog,satellites,hdop,battery_pct,battery_v,charge_rate,rtc_bat_low,fix,boot
2026-03-29T03:09:29,-11.353597,-143.077454,-21.2,14.90,31.0,7,2.2,94.2,4.086,-9.6,0,1,1
2026-03-29T03:12:29,-11.346000,-143.068192,23.8,12.18,43.9,8,1.8,87.8,4.086,-3.7,0,1,2
2026-03-29T03:12:57,-11.344812,-143.066681,25.1,14.49,44.8,8,1.7,87.9,4.082,-3.7,0,1,3
2026-03-29T03:13:24,-11.343712,-143.065308,26.2,14.90,47.1,8,1.7,87.6,4.084,-4.0,0,1,4
2026-03-29T03:13:52,-11.342548,-143.063843,25.5,14.21,53.9,8,1.7,88.1,4.081,-4.0,0,1,5
2026-03-29T03:14:19,-11.341427,-143.062424,25.4,14.22,49.1,8,1.7,87.5,4.081,-3.7,0,1,6
2026-03-29T03:14:47,-11.340234,-143.060989,25.4,14.50,46.4,8,1.7,87.6,4.081,-4.0,0,1,7
2026-03-29T03:15:14,-11.339148,-143.059525,13.6,15.36,48.1,8,1.7,87.8,4.081,-3.7,0,1,8
2026-03-29T03:15:42,-11.337898,-143.058105,11.3,14.76,49.0,8,1.7,88.2,4.081,-3.7,0,1,9
2026-03-29T03:16:09,-11.336794,-143.056686,10.9,14.81,49.1,8,2.0,87.5,4.082,-3.7,0,1,10
2026-03-29T03:16:37,-11.335613,-143.055206,11.2,14.78,50.9,8,1.7,87.6,4.081,-4.0,0,1,11
2026-03-29T03:17:04,-11.334496,-143.053818,11.9,15.43,47.4,8,1.7,87.5,4.080,-3.7,0,1,12
2026-03-29T03:17:32,-11.333270,-143.052338,13.6,14.72,47.2,8,1.7,87.6,4.080,-4.0,0,1,13
2026-03-29T03:17:59,-11.332218,-143.050934,5.0,13.98,54.7,8,1.7,87.4,4.079,-3.7,0,1,14
2026-03-29T03:18:27,-11.330988,-143.049500,6.9,13.75,51.2,8,1.7,87.6,4.080,-4.0,0,1,15
2026-03-29T03:18:54,-11.329911,-143.048080,11.0,14.47,54.3,8,1.7,87.5,4.081,-3.7,0,1,16
2026-03-29T03:19:22,-11.328725,-143.046600,2.3,13.85,46.9,8,1.7,87.5,4.080,-3.7,0,1,17
2026-03-29T03:19:49,-11.327588,-143.045212,3.9,14.07,51.9,8,1.7,87.4,4.080,-3.7,0,1,18
2026-03-29T03:20:17,-11.326434,-143.043732,2.2,13.59,51.2,8,1.7,87.6,4.079,-4.0,0,1,19
2026-03-29T03:20:44,-11.325303,-143.042389,5.8,12.14,44.1,8,1.7,87.2,4.077,-4.0,0,1,20
2026-03-29T03:21:12,-11.324144,-143.040939,5.0,13.69,47.0,8,1.7,87.4,4.080,-3.7,0,1,21
2026-03-29T03:21:39,-11.323030,-143.039520,2.5,12.99,46.6,8,1.7,87.2,4.081,-4.0,0,1,22
2026-03-29T03:22:07,-11.321801,-143.038116,11.8,14.43,50.9,8,1.7,87.5,4.077,-3.7,0,1,23
2026-03-29T03:22:34,-11.320717,-143.036743,15.8,14.37,51.6,8,1.7,87.4,4.077,-3.7,0,1,24
2026-03-29T03:23:02,-11.319565,-143.035309,21.2,14.22,52.1,8,1.6,87.8,4.077,-3.7,0,1,25
2026-03-29T03:23:29,-11.318441,-143.033920,24.3,13.44,55.4,8,1.6,87.1,4.079,-3.7,0,1,26
2026-03-29T03:23:57,-11.317358,-143.032440,24.8,13.65,49.7,8,1.6,87.4,4.079,-3.7,0,1,27
2026-03-29T03:24:24,-11.316238,-143.031097,26.0,14.43,45.0,8,1.6,87.4,4.076,-3.7,0,1,28
2026-03-29T03:24:52,-11.315084,-143.029633,29.4,14.33,50.3,8,1.6,87.4,4.079,-3.7,0,1,29
2026-03-29T03:25:19,-11.313958,-143.028244,29.9,13.53,50.8,8,1.6,87.2,4.077,-4.0,0,1,30
2026-03-29T03:25:47,-11.312776,-143.026810,35.5,14.04,50.0,8,1.6,87.4,4.077,-3.7,0,1,31
2026-03-29T03:26:14,-11.311717,-143.025391,36.4,15.40,57.3,8,1.6,87.1,4.077,-3.7,0,1,32
2026-03-29T03:26:42,-11.310477,-143.023956,41.7,13.61,40.7,8,1.6,87.2,4.077,-4.0,0,1,33
2026-03-29T03:27:09,-11.309366,-143.022522,40.5,13.80,51.0,8,1.6,86.9,4.079,-4.0,0,1,34
2026-03-29T03:27:37,-11.308240,-143.021057,40.1,14.12,52.3,8,1.6,87.2,4.075,-4.0,0,1,35
2026-03-29T03:28:04,-11.307132,-143.019623,41.6,14.70,55.0,8,1.6,87.1,4.077,-3.7,0,1,36
2026-03-29T03:28:32,-11.306002,-143.018097,38.0,14.18,53.5,8,1.6,87.4,4.076,-3.7,0,1,37
2026-03-29T03:28:59,-11.304887,-143.016647,38.5,14.39,58.3,8,1.6,87.1,4.076,-3.7,0,1,38
2026-03-29T03:29:27,-11.303739,-143.015137,36.9,14.01,54.4,8,1.6,87.1,4.074,-3.7,0,1,39
2026-03-29T03:29:54,-11.302640,-143.013687,34.3,13.08,58.7,8,1.6,87.1,4.077,-3.7,0,1,40
2026-03-29T03:30:22,-11.301577,-143.012161,34.0,14.45,54.6,8,1.6,87.1,4.076,-3.7,0,1,41
2026-03-29T03:30:49,-11.300493,-143.010742,34.1,14.71,42.3,8,1.6,86.8,4.076,-3.7,0,1,42
2026-03-29T03:31:17,-11.299356,-143.009201,34.1,14.44,53.6,8,1.6,87.1,4.075,-3.7,0,1,43
2026-03-29T03:31:44,-11.298279,-143.007751,30.4,13.63,53.9,7,2.3,86.8,4.074,-3.7,0,1,44
2026-03-29T03:32:12,-11.297135,-143.006302,29.5,15.34,43.0,7,2.3,87.1,4.076,-3.7,0,1,45
2026-03-29T03:32:39,-11.296019,-143.004944,35.1,13.91,55.4,7,2.3,86.9,4.074,-4.0,0,1,46
2026-03-29T03:33:07,-11.294942,-143.003448,37.5,13.26,57.4,7,2.3,86.8,4.075,-3.7,0,1,47
2026-03-29T03:33:34,-11.293852,-143.001953,31.0,14.54,54.4,7,2.3,86.8,4.075,-3.7,0,1,48
2026-03-29T03:34:02,-11.292684,-143.000519,28.1,14.33,51.4,7,2.3,87.1,4.076,-3.7,0,1,49
2026-03-29T03:34:29,-11.291569,-142.999084,29.4,13.97,54.5,6,2.3,86.8,4.074,-3.7,0,1,50
2026-03-29T03:34:57,-11.290390,-142.997650,29.2,14.88,45.7,7,2.2,87.2,4.075,-4.0,0,1,51
2026-03-29T03:35:24,-11.289332,-142.996201,33.4,14.45,55.5,7,2.2,86.6,4.074,-3.7,0,1,52
2026-03-29T03:35:52,-11.288136,-142.994751,34.0,14.59,55.8,7,2.2,86.8,4.074,-3.7,0,1,53
2026-03-29T03:36:19,-11.287045,-142.993286,31.6,14.43,58.4,8,1.5,86.8,4.071,-3.7,0,1,54
2026-03-29T03:36:47,-11.285803,-142.991837,26.0,14.60,49.4,7,2.2,86.8,4.074,-3.7,0,1,55
2026-03-29T03:37:14,-11.284664,-142.990433,26.2,14.45,49.6,8,1.5,86.8,4.073,-3.7,0,1,56
2026-03-29T03:37:42,-11.283499,-142.988953,25.9,14.61,45.1,8,1.5,87.1,4.073,-3.7,0,1,57
2026-03-29T03:38:09,-11.282372,-142.987518,25.2,14.38,52.3,7,2.2,86.3,4.071,-3.7,0,1,58
2026-03-29T03:38:37,-11.281126,-142.986069,18.0,14.55,56.6,7,2.2,87.1,4.071,-3.7,0,1,59
2026-03-29T03:39:04,-11.279989,-142.984665,13.5,14.23,51.5,8,1.5,86.3,4.075,-3.7,0,1,60
2026-03-29T03:39:32,-11.278785,-142.983200,11.1,14.95,50.7,8,1.5,86.8,4.074,-3.7,0,1,61
2026-03-29T03:39:59,-11.277648,-142.981766,10.7,14.46,51.8,8,1.5,86.5,4.070,-4.0,0,1,62
2026-03-29T03:40:27,-11.276464,-142.980270,10.2,14.53,48.2,8,1.5,86.6,4.073,-3.7,0,1,63
2026-03-29T03:40:54,-11.275383,-142.978806,10.1,14.49,50.7,8,1.5,86.5,4.071,-4.0,0,1,64
2026-03-29T03:41:22,-11.274151,-142.977325,9.2,14.25,45.3,7,2.1,86.8,4.071,-3.7,0,1,65
2026-03-29T03:41:49,-11.273034,-142.975876,9.5,13.75,55.8,8,1.5,86.6,4.071,-3.7,0,1,66
2026-03-29T03:42:17,-11.271872,-142.974365,7.7,14.25,49.8,8,1.4,86.8,4.071,-3.7,0,1,67
2026-03-29T03:42:44,-11.270744,-142.972931,9.2,14.52,52.9,7,2.1,86.3,4.070,-3.7,0,1,68
2026-03-29T03:43:12,-11.269576,-142.971451,10.5,14.33,53.6,8,1.4,86.5,4.071,-4.0,0,1,69
2026-03-29T03:43:39,-11.268481,-142.970016,12.3,13.90,57.0,7,2.1,86.2,4.071,-3.7,0,1,70
2026-03-29T03:44:07,-11.267302,-142.968536,14.6,14.25,48.7,7,2.0,86.3,4.070,-3.7,0,1,71
2026-03-29T03:44:34,-11.266183,-142.967072,14.2,14.49,50.9,8,1.4,86.2,4.071,-3.7,0,1,72
2026-03-29T03:45:02,-11.265003,-142.965591,15.9,14.18,48.7,8,1.4,86.6,4.071,-3.7,0,1,73
2026-03-29T03:45:29,-11.263874,-142.964172,15.9,14.69,53.8,8,1.4,86.3,4.071,-3.7,0,1,74
2026-03-29T03:45:57,-11.262738,-142.962677,16.2,14.44,52.7,7,2.0,86.5,4.068,-4.0,0,1,75
2026-03-29T03:46:24,-11.261583,-142.961288,11.4,13.00,48.5,8,1.8,86.2,4.070,-3.7,0,1,76
2026-03-29T03:46:52,-11.260415,-142.959763,15.5,15.18,49.3,8,1.7,86.6,4.071,-3.7,0,1,77
2026-03-29T03:47:19,-11.259276,-142.958344,13.8,13.63,49.7,8,1.8,86.2,4.070,-3.7,0,1,78
2026-03-29T03:47:47,-11.258057,-142.956863,14.3,15.13,47.1,8,1.7,86.5,4.070,-4.0,0,1,79
2026-03-29T03:48:14,-11.256889,-142.955460,12.9,14.25,47.9,8,1.7,86.5,4.069,-4.0,0,1,80
2026-03-29T03:48:42,-11.255738,-142.953964,10.2,14.84,52.8,8,1.7,86.5,4.068,-4.0,0,1,81
2026-03-29T03:49:09,-11.254541,-142.952621,8.4,14.60,45.2,8,1.7,85.9,4.069,-3.7,0,1,82
2026-03-29T03:49:37,-11.253334,-142.951157,12.7,14.26,53.3,8,1.7,86.3,4.070,-3.7,0,1,83
2026-03-29T03:50:04,-11.252198,-142.949722,12.2,14.05,51.0,8,1.7,86.1,4.070,-4.0,0,1,84
2026-03-29T03:50:32,-11.251065,-142.948181,9.7,15.10,51.7,8,1.7,86.3,4.069,-3.7,0,1,85
2026-03-29T03:50:59,-11.249906,-142.946793,7.9,14.54,49.7,8,1.7,86.1,4.069,-4.0,0,1,86
2026-03-29T03:51:27,-11.248781,-142.945282,6.5,14.87,54.9,8,1.7,86.3,4.068,-3.7,0,1,87
2026-03-29T03:51:55,-11.247662,-142.943802,9.2,13.87,49.3,8,1.7,86.1,4.069,-4.0,0,1,88
2026-03-29T03:52:22,-11.246475,-142.942337,9.7,14.16,48.0,8,1.7,86.1,4.068,-4.0,0,1,89
2026-03-29T03:52:50,-11.245358,-142.940918,10.4,14.35,51.2,8,1.7,86.3,4.069,-3.7,0,1,90
2026-03-29T03:53:17,-11.244134,-142.939468,10.0,14.23,51.2,8,1.6,86.2,4.068,-3.7,0,1,91
2026-03-29T03:53:45,-11.242990,-142.938034,12.1,15.53,49.6,8,1.6,86.1,4.068,-4.0,0,1,92
2026-03-29T03:54:12,-11.241847,-142.936523,12.2,14.05,51.3,8,1.6,86.3,4.068,-3.7,0,1,93
2026-03-29T03:54:40,-11.240682,-142.935135,8.2,13.78,52.7,8,1.6,86.1,4.068,-4.0,0,1,94
2026-03-29T03:55:07,-11.239537,-142.933640,12.2,14.39,54.0,7,1.8,86.1,4.065,-4.0,0,1,95
2026-03-29T03:55:35,-11.238369,-142.932205,12.8,14.12,52.1,8,1.6,85.8,4.069,-4.0,0,1,96
2026-03-29T03:56:02,-11.237230,-142.930695,13.7,14.98,49.4,8,1.6,86.1,4.068,-4.0,0,1,97
2026-03-29T03:56:30,-11.236135,-142.929199,15.3,14.38,52.7,8,1.6,86.1,4.068,-4.0,0,1,98
2026-03-29T03:56:57,-11.234915,-142.927780,14.1,14.66,49.0,8,1.6,86.1,4.066,-4.0,0,1,99
2026-03-29T03:57:25,-11.233730,-142.926361,13.9,14.41,52.6,7,1.6,86.2,4.066,-3.7,0,1,100
2026-03-29T03:57:52,-11.232590,-142.924835,15.4,13.61,52.0,8,1.6,86.2,4.069,-3.7,0,1,101
2026-03-29T03:58:20,-11.231483,-142.923325,18.2,14.56,50.1,8,1.6,85.9,4.066,-3.7,0,1,102
2026-03-29T03:58:47,-11.230268,-142.921936,16.4,12.65,44.7,8,1.6,85.9,4.065,-3.7,0,1,103
2026-03-29T03:59:15,-11.229156,-142.920486,16.9,13.78,50.2,7,1.6,85.8,4.066,-4.0,0,1,104
2026-03-29T03:59:42,-11.227928,-142.919022,16.2,12.52,48.0,8,1.6,86.2,4.064,-3.7,0,1,105
2026-03-29T04:00:10,-11.226851,-142.917603,18.9,13.19,52.3,7,1.6,85.6,4.066,-3.7,0,1,106
2026-03-29T04:00:37,-11.225721,-142.916077,19.3,15.11,52.0,7,1.6,85.9,4.064,-3.7,0,1,107
2026-03-29T04:01:05,-11.224628,-142.914642,18.8,14.26,53.4,7,1.6,85.5,4.064,-3.7,0,1,108
2026-03-29T04:01:32,-11.223385,-142.913208,15.7,14.23,48.7,8,1.5,85.8,4.065,-4.0,0,1,109
2026-03-29T04:02:00,-11.222310,-142.911743,15.3,14.41,55.1,7,1.6,85.6,4.065,-3.7,0,1,110
2026-03-29T04:02:27,-11.221251,-142.910202,18.3,12.79,58.8,8,1.5,85.8,4.064,-4.0,0,1,111
2026-03-29T04:02:55,-11.220025,-142.908844,18.7,14.99,51.0,8,1.5,85.6,4.065,-3.7,0,1,112
2026-03-29T04:03:22,-11.218900,-142.907349,16.6,13.33,53.0,8,1.5,85.9,4.064,-3.7,0,1,113
2026-03-29T04:03:50,-11.217752,-142.905899,14.2,14.72,55.8,8,1.5,85.6,4.065,-3.7,0,1,114
2026-03-29T04:04:17,-11.216574,-142.904419,14.6,14.47,52.5,7,2.1,85.8,4.064,-4.0,0,1,115
2026-03-29T04:04:45,-11.215399,-142.902985,12.6,14.64,57.3,8,1.5,85.6,4.061,-3.7,0,1,116
2026-03-29T04:05:12,-11.214150,-142.901505,11.3,14.20,51.6,7,2.0,85.6,4.064,-3.7,0,1,117
2026-03-29T04:05:40,-11.213052,-142.900085,14.8,14.20,53.9,8,1.5,85.3,4.064,-4.0,0,1,118
2026-03-29T04:06:07,-11.211688,-142.898666,22.6,15.47,45.9,8,1.5,85.5,4.064,-3.7,0,1,119
2026-03-29T04:06:35,-11.210535,-142.897202,24.3,14.85,47.0,8,1.5,85.5,4.064,-3.7,0,1,120
2026-03-29T04:07:02,-11.209408,-142.895706,20.2,13.90,49.6,6,2.1,85.5,4.064,-3.7,0,1,121
2026-03-29T04:07:30,-11.208324,-142.894226,16.6,15.12,51.0,6,2.0,85.2,4.064,2268.2,0,1,122
2026-03-29T04:07:57,-11.207168,-142.892731,11.7,13.46,52.7,6,2.0,85.6,4.062,-3.7,0,1,123
2026-03-29T04:08:25,-11.206054,-142.891266,3.5,14.52,51.4,6,2.5,85.5,4.062,-3.7,0,1,124
2026-03-29T04:08:52,-11.205030,-142.889755,-1.3,14.05,47.0,6,2.0,85.5,4.062,-3.7,0,1,125
2026-03-29T04:09:20,-11.203932,-142.888351,-4.0,13.75,51.9,6,2.0,85.3,4.062,-4.0,0,1,126
2026-03-29T04:09:47,-11.202792,-142.886795,-3.4,14.17,53.8,6,2.0,85.5,4.061,-3.7,0,1,127
2026-03-29T04:10:15,-11.201695,-142.885330,-3.4,14.16,51.7,6,2.0,85.5,4.061,-3.7,0,1,128
2026-03-29T04:10:42,-11.200612,-142.883850,-8.1,13.85,48.0,6,2.0,85.5,4.062,-3.7,0,1,129
2026-03-29T04:11:10,-11.199410,-142.882462,-12.6,14.60,48.9,6,2.0,85.3,4.061,-4.0,0,1,130
2026-03-29T04:11:37,-11.198354,-142.880890,-14.2,14.92,50.6,6,2.0,85.5,4.062,-3.7,0,1,131
2026-03-29T04:12:05,-11.197248,-142.879532,-10.5,12.71,52.3,6,2.0,85.5,4.061,-3.7,0,1,132
2026-03-29T04:12:32,-11.196043,-142.877960,-10.5,13.91,48.4,6,2.0,85.5,4.061,-3.7,0,1,133
2026-03-29T04:13:00,-11.194904,-142.876526,-9.6,15.28,49.4,6,2.0,85.3,4.061,-4.0,0,1,134
2026-03-29T04:13:27,-11.193766,-142.875031,-8.0,13.54,48.0,6,2.0,85.5,4.061,2275.9,0,1,135
2026-03-29T04:13:54,-11.192572,-142.873642,-4.9,14.26,42.4,6,1.9,85.2,4.060,-3.7,0,1,136
2026-03-29T04:14:22,-11.191415,-142.872116,-2.9,14.48,55.0,6,1.9,85.5,4.061,-3.7,0,1,137
2026-03-29T04:14:49,-11.190297,-142.870712,-0.4,13.38,53.0,6,1.9,85.2,4.061,-3.7,0,1,138
2026-03-29T04:15:17,-11.189092,-142.869370,7.2,11.73,48.7,6,1.9,85.5,4.061,-3.7,0,1,139
2026-03-29T04:15:44,-11.187879,-142.867966,17.4,12.63,44.8,6,1.9,85.1,4.061,-3.7,0,1,140
2026-03-29T04:16:12,-11.186710,-142.866455,17.7,13.57,44.6,6,1.9,85.6,4.059,-3.7,0,1,141
2026-03-29T04:16:39,-11.185504,-142.865082,17.0,14.02,46.6,6,1.9,85.1,4.060,-3.7,0,1,142
2026-03-29T04:17:07,-11.184337,-142.863647,21.3,13.67,48.0,6,1.9,85.3,4.060,-4.0,0,1,143
2026-03-29T04:17:34,-11.183165,-142.862228,20.4,14.41,52.2,6,1.9,85.1,4.059,-3.7,0,1,144
2026-03-29T04:18:02,-11.182091,-142.860794,15.9,14.61,50.7,6,1.9,85.1,4.060,-3.7,0,1,145
2026-03-29T04:18:29,-11.180953,-142.859360,12.1,13.95,41.0,6,1.9,85.2,4.059,-3.7,0,1,146
2026-03-29T04:18:57,-11.179842,-142.857819,13.6,14.38,51.2,6,1.9,85.5,4.059,-3.7,0,1,147
2026-03-29T04:19:24,-11.178631,-142.856445,16.7,13.66,49.5,6,1.9,85.1,4.059,-3.7,0,1,148
2026-03-29T04:19:52,-11.177477,-142.854950,19.8,14.56,51.5,6,1.9,85.1,4.059,-3.7,0,1,149
2026-03-29T04:20:19,-11.176348,-142.853516,21.6,15.13,55.8,6,1.8,84.9,4.059,-4.0,0,1,150
2026-03-29T04:20:47,-11.175157,-142.852066,23.5,15.24,54.5,6,1.8,84.9,4.057,-4.0,0,1,151
2026-03-29T04:21:14,-11.174051,-142.850586,20.5,14.06,52.1,6,1.8,84.9,4.059,-4.0,0,1,152
2026-03-29T04:21:42,-11.172910,-142.849197,20.7,13.12,55.3,6,1.8,84.9,4.060,-4.0,0,1,153
2026-03-29T04:22:09,-11.171820,-142.847809,19.2,14.25,51.4,6,1.8,84.8,4.059,-3.7,0,1,154
2026-03-29T04:22:37,-11.170588,-142.846436,19.3,14.18,48.4,6,1.8,85.1,4.060,-3.7,0,1,155
2026-03-29T04:23:04,-11.169401,-142.844986,20.1,14.86,53.9,6,1.8,84.8,4.057,-3.7,0,1,156
2026-03-29T04:23:32,-11.168235,-142.843475,25.6,13.53,49.6,6,1.8,85.3,4.057,-4.0,0,1,157
2026-03-29T04:23:59,-11.167009,-142.842148,31.3,15.95,52.0,6,1.8,84.6,4.057,-4.0,0,1,158
2026-03-29T04:24:27,-11.165747,-142.840744,35.3,14.10,51.1,5,2.2,85.1,4.060,-3.7,0,1,159
2026-03-29T04:24:54,-11.164552,-142.839417,39.5,13.82,48.9,6,1.8,85.1,4.060,-3.7,0,1,160
2026-03-29T04:25:22,-11.163383,-142.837982,42.2,14.06,48.2,6,1.8,84.9,4.056,-4.0,0,1,161
2026-03-29T04:25:49,-11.162277,-142.836578,45.8,13.69,52.4,6,2.3,84.6,4.057,-4.0,0,1,162
2026-03-29T04:26:17,-11.161088,-142.835129,47.0,14.04,51.2,6,1.8,84.8,4.056,-3.7,0,1,163
2026-03-29T04:26:44,-11.159897,-142.833755,47.9,15.03,49.7,6,1.8,84.6,4.055,-4.0,0,1,164
2026-03-29T04:27:12,-11.158768,-142.832275,45.0,14.30,51.5,6,1.8,84.9,4.056,-4.0,0,1,165
2026-03-29T04:27:39,-11.157626,-142.830902,44.8,14.42,51.6,6,1.8,84.8,4.055,-3.7,0,1,166
2026-03-29T04:28:07,-11.156502,-142.829422,34.2,14.10,47.4,6,1.7,84.8,4.056,-3.7,0,1,167
2026-03-29T04:28:34,-11.155365,-142.827972,27.5,15.51,51.8,6,1.7,84.5,4.055,-3.7,0,1,168
2026-03-29T04:29:02,-11.154228,-142.826523,23.4,14.58,55.0,6,1.7,85.1,4.056,-3.7,0,1,169
2026-03-29T04:29:29,-11.153053,-142.825058,21.7,15.18,54.9,6,1.7,84.6,4.055,-4.0,0,1,170
2026-03-29T04:29:57,-11.151960,-142.823746,21.2,12.50,45.3,6,1.7,84.8,4.055,-3.7,0,1,171
2026-03-29T04:30:24,-11.150820,-142.822250,21.5,14.54,53.0,6,1.7,84.5,4.055,-3.7,0,1,172
2026-03-29T04:30:52,-11.149658,-142.820801,23.2,14.15,53.2,6,1.7,84.6,4.055,-4.0,0,1,173
2026-03-29T04:31:19,-11.148523,-142.819336,17.7,13.25,49.4,6,1.7,84.5,4.055,-3.7,0,1,174
2026-03-29T04:31:47,-11.147366,-142.817963,19.6,13.33,57.7,6,1.7,84.8,4.056,-3.7,0,1,175
2026-03-29T04:32:14,-11.146220,-142.816605,18.5,14.52,49.3,6,1.7,84.6,4.055,-4.0,0,1,176
2026-03-29T04:32:42,-11.145047,-142.815140,17.9,14.37,48.7,6,1.7,84.5,4.054,-3.7,0,1,177
2026-03-29T04:33:09,-11.143898,-142.813705,17.2,14.70,48.1,6,1.7,84.6,4.054,-4.0,0,1,178
2026-03-29T04:33:37,-11.142672,-142.812286,15.8,14.03,49.7,6,1.7,84.8,4.055,-3.7,0,1,179
2026-03-29T04:34:04,-11.141559,-142.810867,15.2,14.29,54.5,6,1.7,84.5,4.055,-3.7,0,1,180
2026-03-29T04:34:32,-11.140415,-142.809448,14.2,13.99,49.3,6,1.7,84.5,4.055,-3.7,0,1,181
2026-03-29T04:34:59,-11.139226,-142.808044,16.8,13.83,42.3,6,1.7,84.3,4.054,-3.7,0,1,182
2026-03-29T04:35:27,-11.138037,-142.806580,21.6,14.97,50.9,6,1.7,84.5,4.052,-3.7,0,1,183
2026-03-29T04:35:54,-11.136897,-142.805130,27.7,16.12,56.3,6,1.7,84.5,4.054,-3.7,0,1,184
2026-03-29T04:36:22,-11.135675,-142.803696,30.6,14.52,44.9,6,1.7,84.8,4.055,-3.7,0,1,185
2026-03-29T04:36:49,-11.134497,-142.802322,33.6,13.54,48.6,6,1.6,84.2,4.054,-4.4,0,1,186
2026-03-29T04:37:17,-11.133309,-142.800873,35.4,14.61,48.4,6,1.6,84.5,4.055,-3.7,0,1,187
2026-03-29T04:37:44,-11.132133,-142.799545,37.4,14.83,47.7,6,1.6,84.3,4.051,-3.7,0,1,188
2026-03-29T04:38:12,-11.130960,-142.798080,37.6,14.64,50.4,6,1.6,84.6,4.054,-4.0,0,1,189
2026-03-29T04:38:39,-11.129822,-142.796707,36.2,13.51,44.6,6,1.6,84.3,4.054,-3.7,0,1,190
2026-03-29T04:39:07,-11.128654,-142.795273,33.5,16.66,57.0,6,1.6,84.3,4.052,-3.7,0,1,191
2026-03-29T04:39:34,-11.127483,-142.794037,31.8,14.08,49.0,6,1.6,84.5,4.052,-3.7,0,1,192
2026-03-29T04:40:02,-11.126371,-142.792557,29.2,14.73,56.4,6,1.6,84.5,4.054,-3.7,0,1,193
2026-03-29T04:40:29,-11.125150,-142.791260,29.0,13.36,55.3,6,1.6,84.0,4.051,-4.4,0,1,194
2026-03-29T04:40:57,-11.124037,-142.789764,20.7,14.18,46.1,6,1.6,84.3,4.052,-3.7,0,1,195
2026-03-29T04:41:24,-11.122988,-142.788376,13.9,13.45,45.2,6,1.6,84.2,4.051,-4.4,0,1,196
2026-03-29T04:41:52,-11.121865,-142.786911,11.9,15.98,58.3,6,1.6,84.3,4.052,-3.7,0,1,197
2026-03-29T04:42:19,-11.120722,-142.785431,12.5,15.03,54.8,5,2.0,84.0,4.055,-4.4,0,1,198
2026-03-29T04:42:47,-11.119578,-142.783875,11.3,13.51,46.1,5,2.0,84.3,4.051,-3.7,0,1,199
2026-03-29T04:43:14,-11.118448,-142.782516,11.3,12.99,43.6,5,3.2,84.2,4.052,-4.4,0,1,200
2026-03-29T04:43:42,-11.117242,-142.781097,14.4,14.05,50.1,6,1.8,84.3,4.050,-3.7,0,1,201
2026-03-29T04:44:09,-11.116090,-142.779831,22.3,14.33,47.1,6,1.8,84.0,4.051,-4.4,0,1,202
2026-03-29T04:44:37,-11.114977,-142.778503,31.4,13.89,46.5,6,1.8,83.8,4.051,-4.4,0,1,203
2026-03-29T04:45:04,-11.113813,-142.777008,37.9,14.58,46.4,6,2.9,84.0,4.050,-4.4,0,1,204
2026-03-29T04:45:32,-11.112540,-142.775635,42.5,14.15,47.0,6,1.8,84.3,4.049,-3.7,0,1,205
2026-03-29T04:45:59,-11.111382,-142.774368,54.2,12.15,38.3,6,2.8,83.8,4.050,-4.4,0,1,206
2026-03-29T04:46:27,-11.110175,-142.772964,55.3,6.43,39.9,6,1.8,84.2,4.050,-4.4,0,1,207
2026-03-29T04:46:54,-11.109163,-142.771484,44.6,11.96,51.6,6,1.8,84.2,4.051,-4.4,0,1,208
2026-03-29T04:47:22,-11.108042,-142.770081,30.3,5.90,37.3,5,3.4,84.0,4.052,-4.4,0,1,209
2026-03-29T04:47:49,-11.107144,-142.768646,19.7,13.29,51.7,5,3.3,83.8,4.051,-4.4,0,1,210
2026-03-29T04:48:17,-11.106137,-142.767059,5.9,4.99,39.3,5,3.3,84.3,4.051,-3.7,0,1,211
2026-03-29T04:48:44,-11.104894,-142.765594,-11.7,14.00,48.2,5,3.3,84.0,4.050,-4.4,0,1,212
2026-03-29T04:49:12,-11.103855,-142.764099,-27.1,13.53,51.6,6,1.8,84.3,4.050,-3.7,0,1,213
2026-03-29T04:49:39,-11.102783,-142.762650,-34.8,14.53,60.2,6,1.8,83.8,4.051,-4.4,0,1,214
2026-03-29T04:50:07,-11.101569,-142.761169,-40.3,14.64,49.5,6,2.7,83.8,4.049,-4.4,0,1,215
2026-03-29T04:50:34,-11.100558,-142.759750,-37.2,13.18,56.8,6,2.7,83.7,4.049,-4.4,0,1,216
2026-03-29T04:51:02,-11.099450,-142.758286,-39.3,13.03,53.5,6,1.8,83.8,4.050,-4.4,0,1,217
2026-03-29T04:51:29,-11.098317,-142.756958,-41.0,14.21,56.5,6,1.8,83.8,4.049,-4.4,0,1,218
2026-03-29T04:51:57,-11.096744,-142.756104,-23.4,13.37,46.7,5,2.0,84.0,4.051,-4.4,0,1,219
2026-03-29T04:52:24,-11.095613,-142.754669,-22.1,13.60,50.1,5,2.0,84.0,4.049,-4.4,0,1,220
2026-03-29T04:52:52,-11.094397,-142.753296,-18.5,14.01,45.4,5,2.0,83.7,4.048,-4.4,0,1,221
2026-03-29T04:53:19,-11.093300,-142.751801,-12.2,15.20,56.3,5,2.0,83.7,4.049,-4.4,0,1,222
2026-03-29T04:53:47,-11.092167,-142.750366,-6.1,14.01,51.6,5,2.0,83.8,4.046,-4.4,0,1,223
2026-03-29T04:54:14,-11.091014,-142.748993,1.7,13.84,47.4,5,3.5,83.7,4.049,-4.4,0,1,224
2026-03-29T04:54:42,-11.089838,-142.747742,5.6,8.71,36.4,5,2.0,83.8,4.049,-4.4,0,1,225
2026-03-29T04:55:09,-11.088749,-142.746399,-0.7,13.16,54.1,5,2.0,83.8,4.048,-4.4,0,1,226
2026-03-29T04:55:37,-11.087572,-142.745102,-13.7,10.61,40.0,5,2.0,84.0,4.046,-4.4,0,1,227
2026-03-29T04:56:04,-11.086551,-142.743622,-36.3,14.78,58.5,5,3.4,83.8,4.046,-4.4,0,1,228
2026-03-29T04:56:32,-11.085447,-142.742157,-50.4,13.21,53.4,5,2.0,83.7,4.049,-4.4,0,1,229
2026-03-29T04:56:59,-11.084346,-142.740753,-59.7,14.90,57.6,5,2.0,83.8,4.049,-4.4,0,1,230
2026-03-29T04:57:27,-11.083173,-142.739258,-60.3,15.22,58.2,5,2.0,83.8,4.048,-4.4,0,1,231
2026-03-29T04:57:54,-11.081973,-142.737991,-61.1,15.01,53.5,5,2.0,83.7,4.049,-4.4,0,1,232
2026-03-29T04:58:22,-11.080883,-142.736481,-61.5,13.71,54.2,5,2.0,83.7,4.048,-4.4,0,1,233
2026-03-29T04:58:49,-11.079744,-142.735199,-64.6,13.15,51.8,5,2.0,83.4,4.046,-4.4,0,1,234
2026-03-29T04:59:17,-11.078618,-142.733810,-69.0,13.88,48.5,5,1.9,83.7,4.046,-4.4,0,1,235
2026-03-29T04:59:44,-11.077548,-142.732407,-77.0,15.36,61.7,5,1.9,83.7,4.046,-4.4,0,1,236
2026-03-29T05:00:12,-11.076275,-142.731094,-76.0,13.58,44.4,5,1.9,83.8,4.048,-4.4,0,1,237
2026-03-29T05:00:39,-11.075150,-142.729645,-71.4,13.45,49.7,5,1.9,83.7,4.046,-4.4,0,1,238
2026-03-29T05:01:07,-11.073975,-142.728165,-66.8,14.59,48.9,5,1.9,83.5,4.045,-4.4,0,1,239
2026-03-29T05:01:34,-11.072756,-142.726776,-64.1,14.48,56.5,5,3.0,83.7,4.045,-4.4,0,1,240
2026-03-29T05:02:02,-11.071542,-142.725357,-57.4,14.88,53.3,5,1.9,83.5,4.046,-4.4,0,1,241
2026-03-29T05:02:29,-11.070348,-142.723969,-49.2,13.86,48.1,5,1.9,83.7,4.046,-4.4,0,1,242
2026-03-29T05:02:57,-11.069269,-142.722427,-50.8,13.79,50.1,5,1.9,83.7,4.046,-4.4,0,1,243
2026-03-29T05:03:24,-11.067993,-142.720978,-10.8,13.86,55.4,6,1.9,83.4,4.049,-4.4,0,1,244
2026-03-29T05:03:52,-11.066812,-142.719498,-1.9,13.62,47.2,5,3.2,83.8,4.048,-4.4,0,1,245
2026-03-29T05:04:19,-11.065703,-142.718033,0.3,14.05,51.2,5,3.2,83.4,4.044,-4.4,0,1,246
2026-03-29T05:04:47,-11.064480,-142.716644,6.5,12.54,44.5,5,3.2,83.5,4.045,-4.4,0,1,247
2026-03-29T05:05:14,-11.063554,-142.715286,-18.7,14.47,50.1,6,3.0,83.5,4.045,-4.4,0,1,248
2026-03-29T05:05:42,-11.062522,-142.713760,-51.9,13.34,44.1,7,2.8,83.4,4.045,-4.4,0,1,249
2026-03-29T05:06:09,-11.061256,-142.712433,-35.6,13.83,49.6,7,3.1,83.4,4.045,-4.4,0,1,250
2026-03-29T05:06:37,-11.060046,-142.711060,-39.0,13.28,45.5,7,2.8,83.2,4.045,-4.2,0,1,251
2026-03-29T05:07:04,-11.058945,-142.709610,-42.2,14.71,50.0,7,2.8,83.2,4.045,-4.2,0,1,252
2026-03-29T05:07:32,-11.057730,-142.708130,-38.7,13.72,53.5,7,2.8,83.4,4.044,-4.4,0,1,253
2026-03-29T05:07:59,-11.056561,-142.706879,-42.5,13.81,50.7,7,2.8,83.2,4.045,-4.2,0,1,254
2026-03-29T05:08:27,-11.055373,-142.705383,-40.7,14.58,53.1,7,2.8,83.2,4.045,-4.2,0,1,255
2026-03-29T05:08:54,-11.054216,-142.703995,-26.4,13.94,44.1,7,3.0,83.2,4.044,-4.2,0,1,256
2026-03-29T05:09:22,-11.053157,-142.702393,-21.0,16.13,58.9,8,1.5,83.2,4.041,-4.2,0,1,257
2026-03-29T05:09:49,-11.051972,-142.701157,-21.8,14.11,50.8,7,2.7,83.2,4.044,-4.2,0,1,258
2026-03-29T05:10:17,-11.050868,-142.699661,-28.3,14.35,53.1,7,2.7,83.0,4.044,-4.4,0,1,259
2026-03-29T05:10:44,-11.049773,-142.698288,-29.8,14.02,46.5,8,1.5,82.7,4.044,-4.4,0,1,260
2026-03-29T05:11:12,-11.048658,-142.696747,-32.4,14.68,60.2,7,2.7,83.2,4.043,-4.2,0,1,261
2026-03-29T05:11:39,-11.047525,-142.695404,-22.3,14.29,49.2,7,3.0,83.0,4.043,-4.4,0,1,262
2026-03-29T05:12:07,-11.046368,-142.693939,-15.9,14.39,50.4,8,1.5,83.2,4.043,-4.2,0,1,263
2026-03-29T05:12:34,-11.045274,-142.692459,-10.1,14.39,51.7,8,1.5,82.9,4.044,-4.4,0,1,264
2026-03-29T05:13:02,-11.044075,-142.691025,-15.1,15.14,56.2,8,1.5,83.2,4.043,-4.2,0,1,265
2026-03-29T05:13:29,-11.042955,-142.689606,-11.1,15.66,53.8,8,1.5,83.0,4.043,-4.4,0,1,266
2026-03-29T05:13:57,-11.041832,-142.688049,-8.5,13.82,52.8,8,1.5,83.2,4.041,-4.2,0,1,267
2026-03-29T05:14:24,-11.040786,-142.686493,-4.9,14.87,57.3,8,1.5,83.0,4.044,-4.4,0,1,268
2026-03-29T05:14:52,-11.039715,-142.684906,-17.6,14.90,51.2,8,1.5,83.0,4.041,-4.4,0,1,269
2026-03-29T05:15:19,-11.038589,-142.683426,-21.9,14.60,55.2,7,2.6,82.5,4.043,-4.4,0,1,270
2026-03-29T05:15:47,-11.037406,-142.681992,-27.3,15.09,52.8,8,1.5,82.9,4.043,-4.4,0,1,271
2026-03-29T05:16:14,-11.036375,-142.680435,-29.6,14.56,55.1,8,1.5,82.7,4.041,-4.4,0,1,272
2026-03-29T05:16:42,-11.035266,-142.678894,-34.2,14.74,52.5,8,1.4,82.9,4.040,-4.4,0,1,273
2026-03-29T05:17:09,-11.034169,-142.677460,-36.9,13.57,51.6,7,2.5,83.0,4.041,-4.4,0,1,274
2026-03-29T05:17:37,-11.033034,-142.675949,-38.6,13.92,48.9,7,2.5,82.9,4.041,-4.4,0,1,275
2026-03-29T05:18:04,-11.031893,-142.674576,-38.0,14.03,50.6,7,2.5,83.0,4.041,-4.4,0,1,276
2026-03-29T05:18:32,-11.030789,-142.673050,-38.0,14.57,56.2,7,2.5,83.0,4.040,-4.4,0,1,277
2026-03-29T05:18:59,-11.029725,-142.671539,-38.7,15.21,58.7,8,1.4,82.7,4.039,-4.4,0,1,278
2026-03-29T05:19:27,-11.028548,-142.670120,-41.6,14.76,50.6,7,2.5,82.9,4.040,-4.4,0,1,279
2026-03-29T05:19:54,-11.027502,-142.668488,-41.6,14.51,49.9,7,2.5,82.5,4.041,-4.4,0,1,280
2026-03-29T05:20:23,-11.026376,-142.666992,-44.3,14.22,46.4,8,1.4,82.9,4.040,-4.4,0,1,281
2026-03-29T05:20:49,-11.025318,-142.665527,-48.9,14.70,51.8,7,2.4,82.5,4.041,-4.4,0,1,282
2026-03-29T05:21:18,-11.024133,-142.664185,-49.5,14.60,50.4,7,2.4,82.7,4.040,-4.4,0,1,283
2026-03-29T05:21:44,-11.023025,-142.662689,-46.0,14.42,51.9,7,2.4,82.4,4.037,-4.4,0,1,284
2026-03-29T05:22:13,-11.021926,-142.661209,-48.2,14.64,50.8,8,1.4,82.9,4.040,-4.4,0,1,285
2026-03-29T05:22:39,-11.020804,-142.659744,-48.8,14.32,53.5,7,2.8,82.9,4.040,-4.4,0,1,286
2026-03-29T05:23:08,-11.019707,-142.658188,-33.8,14.63,50.1,8,1.4,82.7,4.039,-4.4,0,1,287
2026-03-29T05:23:34,-11.018443,-142.656876,-14.8,15.06,53.7,8,1.6,82.5,4.039,-4.4,0,1,288
2026-03-29T05:24:03,-11.017259,-142.655441,-9.7,14.00,55.3,8,1.4,82.9,4.039,-4.4,0,1,289
2026-03-29T05:24:29,-11.016145,-142.653900,3.5,13.37,61.2,7,2.3,82.4,4.039,-4.4,0,1,290
2026-03-29T05:24:58,-11.014911,-142.652557,-8.0,13.79,50.5,8,1.4,82.5,4.039,-4.4,0,1,291
2026-03-29T05:25:24,-11.013864,-142.650986,-15.4,15.50,58.3,7,2.7,82.9,4.040,-4.4,0,1,292
2026-03-29T05:25:53,-11.012712,-142.649521,-20.5,14.89,55.7,7,2.3,82.5,4.040,-4.4,0,1,293
2026-03-29T05:26:19,-11.011543,-142.648148,-18.8,14.07,50.6,7,2.3,82.4,4.039,-4.4,0,1,294
2026-03-29T05:26:48,-11.010322,-142.646774,-6.1,13.29,46.4,7,2.3,82.7,4.036,-4.4,0,1,295
2026-03-29T05:27:14,-11.009207,-142.645309,-7.1,14.01,46.5,7,2.2,82.2,4.037,-4.4,0,1,296
2026-03-29T05:27:43,-11.008045,-142.643845,-7.7,14.46,49.3,7,2.2,82.7,4.036,-4.4,0,1,297
2026-03-29T05:28:09,-11.006790,-142.642487,-4.8,14.76,49.2,7,2.6,82.4,4.037,-4.4,0,1,298
2026-03-29T05:28:38,-11.005700,-142.640976,-1.0,14.51,50.0,6,2.3,82.5,4.036,-4.4,0,1,299
2026-03-29T05:29:04,-11.004508,-142.639603,-3.6,15.11,51.0,7,2.6,82.5,4.037,-4.4,0,1,300
2026-03-29T05:29:33,-11.003306,-142.638153,-3.0,14.66,48.1,6,2.3,82.4,4.036,-4.4,0,1,301
2026-03-29T05:29:59,-11.002147,-142.636749,-2.7,13.42,44.2,7,2.6,82.5,4.036,-4.4,0,1,302
2026-03-29T05:30:28,-11.000986,-142.635361,-4.1,13.16,45.3,6,2.3,82.2,4.037,-4.4,0,1,303
2026-03-29T05:30:54,-10.999807,-142.634048,-9.1,13.67,46.1,6,3.2,81.9,4.039,-4.2,0,1,304
2026-03-29T05:31:23,-10.998695,-142.632477,-10.6,15.02,56.1,6,2.2,82.2,4.036,-4.4,0,1,305
2026-03-29T05:31:49,-10.997509,-142.631195,2.6,14.35,47.0,6,2.2,82.1,4.037,-4.4,0,1,306
2026-03-29T05:32:18,-10.996280,-142.629700,4.8,14.81,53.0,6,2.2,82.4,4.036,-4.4,0,1,307
2026-03-29T05:32:44,-10.995111,-142.628296,6.8,14.66,51.7,6,2.2,82.1,4.037,-4.4,0,1,308
2026-03-29T05:33:13,-10.993858,-142.626953,10.0,14.01,47.4,6,2.2,82.4,4.034,-4.4,0,1,309
2026-03-29T05:33:39,-10.992712,-142.625565,9.4,14.70,45.6,6,3.2,82.2,4.037,-4.4,0,1,310
2026-03-29T05:34:08,-10.991522,-142.624176,6.5,14.07,49.7,7,2.1,82.1,4.035,-4.4,0,1,311
2026-03-29T05:34:34,-10.990398,-142.622742,5.4,14.38,56.6,6,2.2,82.2,4.036,-4.4,0,1,312
2026-03-29T05:35:03,-10.989197,-142.621277,-0.1,15.00,44.3,6,2.2,82.4,4.034,-4.4,0,1,313
2026-03-29T05:35:29,-10.988180,-142.619690,0.7,13.69,50.7,6,3.2,81.7,4.035,-4.4,0,1,314
2026-03-29T05:35:58,-10.986936,-142.618408,5.6,13.46,52.3,6,2.1,82.2,4.035,-4.4,0,1,315
2026-03-29T05:36:24,-10.985788,-142.616974,10.6,14.69,53.8,6,2.1,82.4,4.034,2193.2,0,1,316
2026-03-29T05:36:53,-10.984606,-142.615540,10.8,13.79,48.9,6,2.1,81.9,4.034,-4.2,0,1,317
2026-03-29T05:37:19,-10.983514,-142.614044,-0.6,13.90,52.3,6,2.1,82.1,4.036,-4.4,0,1,318
2026-03-29T05:37:48,-10.982348,-142.612503,-4.8,14.66,49.8,6,2.1,82.2,4.036,-4.4,0,1,319
2026-03-29T05:38:14,-10.981213,-142.611053,-19.4,14.89,46.8,6,2.1,81.7,4.034,-4.4,0,1,320
2026-03-29T05:38:42,-10.980140,-142.609467,-32.7,14.44,52.4,6,2.1,82.1,4.034,-4.4,0,1,321
2026-03-29T05:39:09,-10.978982,-142.608170,-27.8,14.05,49.4,6,3.2,81.9,4.034,-4.2,0,1,322
2026-03-29T05:39:37,-10.977798,-142.606644,-21.1,13.73,49.5,6,2.0,81.9,4.035,-4.2,0,1,323
2026-03-29T05:40:04,-10.976640,-142.605164,-18.0,14.36,48.9,6,3.2,81.7,4.035,-4.4,0,1,324
2026-03-29T05:40:32,-10.975478,-142.603668,-23.3,14.31,54.4,6,2.0,81.7,4.034,-4.4,0,1,325
2026-03-29T05:40:59,-10.974333,-142.602264,-25.1,15.23,56.5,6,3.2,81.7,4.034,-4.4,0,1,326
2026-03-29T05:41:27,-10.973129,-142.600876,-25.5,13.21,41.9,7,2.0,82.1,4.034,2184.4,0,1,327
2026-03-29T05:41:54,-10.972028,-142.599426,-42.0,15.07,50.0,7,2.8,81.9,4.034,-4.2,0,1,328
2026-03-29T05:42:22,-10.970840,-142.597916,-44.2,14.37,47.8,8,1.3,81.9,4.032,-4.2,0,1,329
2026-03-29T05:42:49,-10.969767,-142.596481,-47.1,14.53,53.0,7,1.9,81.7,4.031,-4.4,0,1,330
2026-03-29T05:43:17,-10.968601,-142.595001,-50.3,14.30,51.0,7,1.9,81.9,4.032,-4.2,0,1,331
2026-03-29T05:43:44,-10.967466,-142.593613,-45.2,14.37,49.5,7,1.9,81.7,4.034,-4.4,0,1,332
2026-03-29T05:44:12,-10.966252,-142.592239,-45.5,14.98,51.4,7,1.9,81.9,4.034,-4.2,0,1,333
2026-03-29T05:44:39,-10.965080,-142.590881,-35.6,13.59,45.5,7,2.9,81.7,4.031,2175.9,0,1,334
2026-03-29T05:45:07,-10.963937,-142.589462,-33.4,14.28,48.9,7,1.9,81.9,4.034,-4.2,0,1,335
2026-03-29T05:45:34,-10.962815,-142.588043,-35.2,14.51,52.2,7,1.9,81.7,4.032,-4.4,0,1,336
2026-03-29T05:46:02,-10.961650,-142.586670,-34.1,14.87,52.9,7,1.9,81.6,4.034,-4.4,0,1,337
2026-03-29T05:46:29,-10.960504,-142.585251,-36.4,14.05,52.7,7,1.9,81.9,4.034,-4.2,0,1,338
2026-03-29T05:46:57,-10.959408,-142.583740,-42.2,13.71,51.7,7,1.9,81.7,4.031,-4.4,0,1,339
2026-03-29T05:47:24,-10.958294,-142.582367,-53.4,14.01,48.8,7,2.9,81.6,4.032,-4.4,0,1,340
2026-03-29T05:47:52,-10.957167,-142.580856,-62.8,14.25,54.3,7,1.9,81.9,4.031,-4.2,0,1,341
2026-03-29T05:48:19,-10.956014,-142.579514,-69.3,13.73,52.3,7,2.9,81.7,4.032,-4.4,0,1,342
2026-03-29T05:48:47,-10.954685,-142.578354,-49.7,14.63,49.3,8,1.3,82.1,4.032,-4.4,0,1,343
2026-03-29T05:49:14,-10.953529,-142.576981,-48.3,14.33,53.4,7,1.6,81.7,4.034,-4.4,0,1,344
2026-03-29T05:49:42,-10.952343,-142.575531,-32.8,14.52,54.6,7,1.6,81.7,4.031,-4.4,0,1,345
2026-03-29T05:50:09,-10.951239,-142.574097,-28.4,14.79,53.4,7,1.6,81.4,4.029,-4.4,0,1,346
2026-03-29T05:50:37,-10.950077,-142.572617,-25.0,14.10,50.1,7,1.6,81.7,4.031,-4.4,0,1,347
2026-03-29T05:51:04,-10.948951,-142.571213,-22.0,15.46,47.9,7,1.6,81.6,4.031,-4.4,0,1,348
2026-03-29T05:51:32,-10.947822,-142.569687,-15.3,13.99,48.7,7,1.6,81.7,4.029,-4.4,0,1,349
2026-03-29T05:51:59,-10.946675,-142.568283,-19.3,14.34,54.0,7,1.6,81.4,4.031,-4.4,0,1,350
2026-03-29T05:52:27,-10.945483,-142.566803,-13.9,14.80,46.4,7,1.6,81.7,4.029,-4.4,0,1,351
2026-03-29T05:52:54,-10.944357,-142.565369,-15.3,14.20,55.4,7,1.6,81.6,4.030,-4.4,0,1,352
2026-03-29T05:53:22,-10.943169,-142.563904,-16.4,14.26,47.8,7,1.6,81.2,4.030,-4.4,0,1,353
2026-03-29T05:53:49,-10.941981,-142.562515,-20.9,14.10,50.0,7,1.6,81.6,4.031,2171.5,0,1,354
2026-03-29T05:54:17,-10.940828,-142.561020,-19.4,13.98,56.0,7,1.6,81.6,4.030,-4.4,0,1,355
2026-03-29T05:54:44,-10.939729,-142.559586,-21.4,14.42,56.7,8,1.4,81.2,4.030,-4.4,0,1,356
2026-03-29T05:55:12,-10.938535,-142.558136,-18.4,14.68,51.3,8,1.3,81.2,4.026,-4.4,0,1,357
2026-03-29T05:55:39,-10.937388,-142.556702,-15.0,14.79,50.3,8,1.4,81.1,4.028,-4.4,0,1,358
2026-03-29T05:56:07,-10.936202,-142.555206,-14.8,14.65,48.1,8,1.3,81.7,4.030,-4.4,0,1,359
2026-03-29T05:56:34,-10.935052,-142.553802,-19.7,14.40,50.0,8,1.4,81.1,4.030,-4.4,0,1,360
2026-03-29T05:57:02,-10.933827,-142.552322,-16.4,13.92,44.7,8,1.3,81.2,4.029,-4.4,0,1,361
2026-03-29T05:57:29,-10.932698,-142.550919,-11.1,14.89,49.2,8,1.3,81.2,4.031,-4.4,0,1,362
2026-03-29T05:57:57,-10.931501,-142.549438,-4.4,14.42,48.7,8,1.3,81.4,4.030,-4.4,0,1,363
2026-03-29T05:58:24,-10.930378,-142.548035,-1.8,14.81,44.4,9,1.3,80.9,4.029,-4.4,0,1,364
2026-03-29T05:58:52,-10.929207,-142.546555,-6.8,14.65,51.6,9,1.2,81.1,4.029,-4.4,0,1,365
2026-03-29T05:59:19,-10.928083,-142.545135,4.2,14.66,50.7,9,1.3,81.2,4.026,-4.4,0,1,366
2026-03-29T05:59:47,-10.926940,-142.543640,-9.0,14.07,50.8,9,1.2,81.4,4.031,-4.4,0,1,367
2026-03-29T06:00:14,-10.925813,-142.542160,-3.3,15.75,52.4,9,1.3,81.1,4.028,-4.4,0,1,368
2026-03-29T06:00:42,-10.924640,-142.540741,0.0,15.09,46.7,9,1.2,81.4,4.029,-4.4,0,1,369
2026-03-29T06:01:09,-10.923607,-142.539276,-13.0,13.67,55.4,9,1.3,81.4,4.028,-4.4,0,1,370
2026-03-29T06:01:37,-10.922464,-142.537781,-14.4,13.86,46.8,9,1.2,81.2,4.028,-4.4,0,1,371
2026-03-29T06:02:04,-10.921305,-142.536392,-5.5,14.34,52.6,9,1.3,80.7,4.026,-4.4,0,1,372
2026-03-29T06:02:32,-10.920168,-142.534912,-5.5,14.47,52.8,9,1.2,81.1,4.029,-4.4,0,1,373
2026-03-29T06:02:59,-10.919051,-142.533508,-8.3,13.52,49.8,9,1.2,80.9,4.028,-4.4,0,1,374
2026-03-29T06:03:27,-10.917933,-142.532013,-8.8,14.07,55.4,9,1.2,81.1,4.028,-4.4,0,1,375
2026-03-29T06:03:54,-10.916846,-142.530624,-10.5,13.81,52.4,9,1.2,80.9,4.028,-4.4,0,1,376
2026-03-29T06:04:22,-10.915773,-142.529083,-12.7,14.40,55.9,9,1.2,81.4,4.028,-4.4,0,1,377
2026-03-29T06:04:49,-10.914545,-142.527740,-6.2,15.14,47.0,9,1.3,80.7,4.028,-4.4,0,1,378
2026-03-29T06:05:17,-10.913439,-142.526291,-11.7,13.94,57.8,9,1.2,81.2,4.026,-4.4,0,1,379
2026-03-29T06:05:44,-10.912265,-142.524887,0.6,13.03,48.1,9,1.3,80.9,4.028,-4.4,0,1,380
2026-03-29T06:06:12,-10.911146,-142.523422,0.3,14.14,52.9,8,1.6,81.2,4.025,-4.4,0,1,381
2026-03-29T06:06:39,-10.910093,-142.521957,-0.5,14.69,60.4,9,1.3,81.1,4.025,-4.4,0,1,382
2026-03-29T06:07:07,-10.908808,-142.520508,1.5,14.10,46.8,9,1.2,81.1,4.025,-4.4,0,1,383
2026-03-29T06:07:34,-10.907620,-142.519165,3.4,14.20,46.8,9,1.2,80.7,4.025,-4.4,0,1,384
2026-03-29T06:08:02,-10.906439,-142.517761,4.1,14.83,53.1,9,1.2,81.1,4.025,-4.4,0,1,385
2026-03-29T06:08:29,-10.905343,-142.516312,-1.8,14.17,51.7,9,1.3,80.9,4.025,-4.4,0,1,386
2026-03-29T06:08:57,-10.904168,-142.514908,-2.4,13.72,49.4,9,1.2,80.9,4.026,-4.4,0,1,387
2026-03-29T06:09:24,-10.903043,-142.513504,-1.2,14.70,48.9,9,1.3,80.6,4.026,-4.2,0,1,388
2026-03-29T06:09:52,-10.901871,-142.512070,4.5,14.27,44.1,9,1.2,80.9,4.026,-4.4,0,1,389
2026-03-29T06:10:19,-10.900695,-142.510727,10.4,14.07,46.5,9,1.3,80.9,4.026,-4.4,0,1,390
2026-03-29T06:10:47,-10.899549,-142.509293,14.5,14.41,46.8,9,1.2,80.7,4.026,-4.4,0,1,391
2026-03-29T06:11:14,-10.898421,-142.507919,19.0,14.46,47.0,9,1.3,80.7,4.025,2149.7,0,1,392
2026-03-29T06:11:42,-10.897358,-142.506439,13.0,13.93,54.7,9,1.1,80.6,4.025,-4.2,0,1,393
2026-03-29T06:12:09,-10.896191,-142.505081,16.1,14.37,48.4,9,1.3,80.7,4.025,-4.4,0,1,394
2026-03-29T06:12:37,-10.895045,-142.503647,17.2,14.09,50.2,8,1.6,80.9,4.024,-4.4,0,1,395
2026-03-29T06:13:04,-10.893915,-142.502304,22.6,13.94,49.7,9,1.3,80.6,4.024,-4.2,0,1,396
2026-03-29T06:13:32,-10.892825,-142.500793,17.7,14.69,55.7,9,1.1,80.7,4.024,-4.4,0,1,397
2026-03-29T06:13:59,-10.891719,-142.499420,21.6,15.11,48.3,8,1.7,80.6,4.024,2145.5,0,1,398
2026-03-29T06:14:27,-10.890489,-142.498001,23.4,13.46,51.5,8,1.6,80.7,4.025,-4.4,0,1,399
2026-03-29T06:14:54,-10.889403,-142.496582,21.6,14.25,57.5,8,1.6,80.6,4.024,-4.2,0,1,400
2026-03-29T06:15:22,-10.888264,-142.495132,26.2,15.05,53.5,8,1.6,80.7,4.023,-4.4,0,1,401
2026-03-29T06:15:49,-10.887180,-142.493744,29.2,14.29,52.7,8,1.6,80.3,4.024,-4.4,0,1,402
2026-03-29T06:16:17,-10.885997,-142.492310,32.5,14.18,46.9,8,1.6,80.6,4.024,-4.2,0,1,403
2026-03-29T06:16:44,-10.884848,-142.490936,35.0,13.42,49.5,8,1.6,80.6,4.023,-4.2,0,1,404
2026-03-29T06:17:12,-10.883694,-142.489441,31.0,14.48,53.1,8,1.6,80.6,4.024,2145.5,0,1,405
2026-03-29T06:17:39,-10.882524,-142.488037,27.5,14.83,45.7,8,1.7,80.3,4.023,-4.4,0,1,406
2026-03-29T06:18:07,-10.881397,-142.486588,29.6,13.62,46.3,8,1.6,80.4,4.024,-4.4,0,1,407
2026-03-29T06:18:34,-10.880259,-142.485229,32.6,12.61,56.3,8,1.6,80.6,4.023,-4.2,0,1,408
2026-03-29T06:19:02,-10.879187,-142.483719,31.7,13.72,55.3,8,1.6,80.4,4.021,-4.4,0,1,409
2026-03-29T06:19:29,-10.877986,-142.482391,35.2,16.05,49.5,8,1.7,80.4,4.023,-4.4,0,1,410
2026-03-29T06:19:57,-10.876822,-142.480896,42.8,14.56,51.8,8,1.7,80.4,4.023,-4.4,0,1,411
2026-03-29T06:20:24,-10.875668,-142.479584,41.2,14.14,52.6,8,1.7,80.3,4.023,-4.4,0,1,412
2026-03-29T06:20:52,-10.874458,-142.478088,41.4,14.57,51.2,8,1.7,80.7,4.023,-4.4,0,1,413
2026-03-29T06:21:19,-10.873311,-142.476700,44.2,13.79,53.0,8,1.7,80.1,4.021,-4.4,0,1,414
2026-03-29T06:21:47,-10.872136,-142.475250,45.0,14.07,47.8,8,1.7,80.6,4.021,-4.2,0,1,415
2026-03-29T06:22:14,-10.871021,-142.473846,44.9,14.60,48.7,9,1.1,79.9,4.023,-4.4,0,1,416
2026-03-29T06:22:42,-10.869971,-142.472321,41.2,15.45,55.4,8,1.7,80.4,4.023,-4.4,0,1,417
2026-03-29T06:23:09,-10.868727,-142.471039,38.3,14.77,57.0,8,1.8,80.3,4.023,-4.4,0,1,418
2026-03-29T06:23:37,-10.867505,-142.469727,40.2,14.09,50.5,7,2.1,80.3,4.021,-4.4,0,1,419
2026-03-29T06:24:04,-10.866392,-142.468307,56.9,13.93,48.9,7,4.1,80.3,4.020,-4.4,0,1,420
2026-03-29T06:24:32,-10.865140,-142.467026,84.2,13.79,41.3,7,2.1,80.4,4.023,-4.4,0,1,421
2026-03-29T06:24:59,-10.863921,-142.465622,83.4,13.20,55.7,9,1.6,80.1,4.017,-4.4,0,1,422
2026-03-29T06:25:27,-10.862993,-142.463913,60.4,13.90,50.0,9,1.6,80.4,4.019,-4.4,0,1,423
2026-03-29T06:25:54,-10.861917,-142.462463,38.4,13.81,50.7,10,1.1,80.1,4.021,-4.4,0,1,424
2026-03-29T06:26:22,-10.860688,-142.461044,33.7,14.32,49.1,9,1.6,80.3,4.019,-4.4,0,1,425
2026-03-29T06:26:49,-10.859637,-142.459595,29.5,13.98,54.7,9,1.9,79.9,4.020,-4.4,0,1,426
2026-03-29T06:27:17,-10.858506,-142.458145,17.0,13.93,54.6,9,1.6,80.3,4.019,-4.4,0,1,427
2026-03-29T06:27:44,-10.857355,-142.456833,26.4,14.42,46.7,9,2.0,80.1,4.020,-4.4,0,1,428
2026-03-29T06:28:12,-10.856195,-142.455368,18.4,13.99,50.0,9,1.6,80.3,4.020,-4.4,0,1,429
2026-03-29T06:28:39,-10.855088,-142.453995,10.6,13.79,46.9,9,1.6,79.9,4.021,-4.4,0,1,430
2026-03-29T06:29:07,-10.853958,-142.452560,19.0,13.64,52.2,9,1.6,80.1,4.019,-4.4,0,1,431
2026-03-29T06:29:34,-10.852825,-142.451218,16.2,14.02,51.6,9,1.6,79.6,4.019,-4.4,0,1,432
2026-03-29T06:30:02,-10.851702,-142.449738,10.5,13.72,53.2,9,1.6,80.3,4.020,-4.4,0,1,433
2026-03-29T06:30:29,-10.850586,-142.448395,16.4,14.50,51.6,9,2.0,79.9,4.017,-4.4,0,1,434
2026-03-29T06:30:57,-10.849392,-142.446991,28.4,14.35,45.9,9,1.6,79.9,4.017,-4.4,0,1,435
2026-03-29T06:31:24,-10.848306,-142.445587,33.7,14.12,54.4,9,2.0,79.8,4.019,-4.4,0,1,436
2026-03-29T06:31:52,-10.847157,-142.444122,32.6,14.37,51.5,9,1.6,79.9,4.019,-4.4,0,1,437
2026-03-29T06:32:19,-10.846050,-142.442688,29.1,13.82,53.5,10,1.3,79.6,4.019,-4.4,0,1,438
2026-03-29T06:32:47,-10.844898,-142.441223,28.0,13.53,50.4,9,1.6,80.1,4.020,-4.4,0,1,439
2026-03-29T06:33:14,-10.843779,-142.439819,33.9,13.69,56.5,9,2.0,79.9,4.019,-4.4,0,1,440
2026-03-29T06:33:42,-10.842622,-142.438400,31.0,13.22,51.7,9,1.6,80.1,4.017,-4.4,0,1,441
2026-03-29T06:34:09,-10.841461,-142.437042,33.4,14.57,50.7,9,1.6,79.6,4.017,-4.4,0,1,442
2026-03-29T06:34:37,-10.840257,-142.435638,20.3,14.93,47.3,10,1.1,79.8,4.019,-4.4,0,1,443
2026-03-29T06:35:04,-10.839168,-142.434204,25.9,14.02,49.1,9,2.0,79.8,4.019,-4.4,0,1,444
2026-03-29T06:35:32,-10.838029,-142.432755,24.6,13.86,48.7,9,1.6,79.6,4.019,-4.4,0,1,445
2026-03-29T06:35:59,-10.836926,-142.431366,30.9,13.61,53.5,9,1.6,80.1,4.019,-4.4,0,1,446
2026-03-29T06:36:27,-10.835791,-142.429901,36.1,13.93,51.3,9,1.6,79.6,4.017,-4.4,0,1,447
2026-03-29T06:36:54,-10.834702,-142.428497,36.6,14.22,48.2,9,2.0,79.8,4.017,-4.4,0,1,448
2026-03-29T06:37:22,-10.833512,-142.427078,37.2,14.22,48.6,9,1.6,79.4,4.017,-4.4,0,1,449
2026-03-29T06:37:49,-10.832335,-142.425644,36.4,14.15,46.4,9,2.0,79.4,4.017,-4.4,0,1,450
2026-03-29T06:38:17,-10.831184,-142.424179,38.4,14.90,54.5,9,1.6,79.9,4.016,2128.0,0,1,451
2026-03-29T06:38:44,-10.830045,-142.422791,35.8,14.68,49.0,9,2.0,79.8,4.016,-4.4,0,1,452
2026-03-29T06:39:12,-10.828926,-142.421280,24.1,14.56,48.2,9,1.6,79.6,4.016,-4.4,0,1,453
2026-03-29T06:39:39,-10.827797,-142.419815,19.9,14.82,45.5,9,2.0,79.6,4.016,-4.4,0,1,454
2026-03-29T06:40:07,-10.826600,-142.418350,16.4,15.06,49.0,9,1.6,79.9,4.016,-4.4,0,1,455
2026-03-29T06:40:34,-10.825477,-142.416916,13.7,14.92,47.1,9,2.0,79.3,4.016,-4.2,0,1,456
2026-03-29T06:41:02,-10.824376,-142.415436,13.5,15.01,47.5,9,1.6,79.8,4.016,-4.4,0,1,457
2026-03-29T06:41:29,-10.823225,-142.414047,7.7,13.14,48.9,9,1.6,79.3,4.012,-4.2,0,1,458
2026-03-29T06:41:57,-10.822108,-142.412567,3.4,15.05,50.4,9,1.6,79.6,4.016,-4.4,0,1,459
2026-03-29T06:42:24,-10.820970,-142.411133,11.2,14.10,49.1,9,1.6,79.4,4.016,-4.4,0,1,460
2026-03-29T06:42:52,-10.819731,-142.409668,14.6,13.44,51.3,9,1.6,79.6,4.017,-4.4,0,1,461
2026-03-29T06:43:20,-10.818662,-142.408249,17.9,14.13,49.6,9,1.6,79.1,4.015,-4.4,0,1,462
2026-03-29T06:43:47,-10.817418,-142.406738,14.2,14.59,54.4,9,1.6,79.4,4.016,-4.4,0,1,463
2026-03-29T06:44:15,-10.816298,-142.405289,11.3,13.89,49.0,9,1.6,79.3,4.014,-4.2,0,1,464
2026-03-29T06:44:42,-10.815190,-142.403809,7.6,15.35,46.3,9,1.6,79.3,4.016,-4.2,0,1,465
2026-03-29T06:45:10,-10.814103,-142.402374,5.0,15.48,54.5,9,1.6,79.4,4.015,-4.4,0,1,466
2026-03-29T06:45:37,-10.812922,-142.400864,-5.3,14.75,50.4,9,1.6,79.6,4.015,-4.4,0,1,467
2026-03-29T06:46:05,-10.811873,-142.399429,-9.4,14.26,54.8,9,1.6,79.3,4.014,-4.2,0,1,468
2026-03-29T06:46:32,-10.810726,-142.397980,-2.8,14.92,47.3,9,1.6,79.3,4.015,-4.2,0,1,469
2026-03-29T06:47:00,-10.809548,-142.396606,-4.1,13.19,54.0,8,1.7,79.3,4.012,-4.2,0,1,470
2026-03-29T06:47:27,-10.808403,-142.395157,-7.5,14.28,47.1,8,1.7,79.4,4.012,-4.4,0,1,471
2026-03-29T06:47:55,-10.807268,-142.393875,-14.7,13.73,57.7,8,1.7,79.3,4.014,-4.2,0,1,472
2026-03-29T06:48:22,-10.806128,-142.392380,-19.3,13.62,55.7,10,1.6,79.3,4.012,-4.2,0,1,473
2026-03-29T06:48:50,-10.804996,-142.390961,-11.9,14.27,53.9,8,1.7,79.3,4.012,-4.2,0,1,474
2026-03-29T06:49:17,-10.803766,-142.389557,-12.2,13.69,54.2,9,1.6,79.4,4.012,-4.4,0,1,475
2026-03-29T06:49:45,-10.802742,-142.388092,-1.6,14.22,50.4,9,1.6,79.4,4.014,-4.4,0,1,476
2026-03-29T06:50:12,-10.801523,-142.386597,-1.4,15.03,47.0,9,1.6,79.6,4.014,-4.4,0,1,477
2026-03-29T06:50:40,-10.800352,-142.385208,-0.4,13.79,56.7,9,1.6,79.3,4.014,-4.2,0,1,478
2026-03-29T06:51:07,-10.799055,-142.383759,-9.3,14.05,56.3,8,1.8,79.4,4.014,-4.4,0,1,479
2026-03-29T06:51:35,-10.797602,-142.382294,-9.0,14.77,47.0,9,1.6,79.3,4.014,-4.2,0,1,480
2026-03-29T06:52:02,-10.796391,-142.380844,3.1,14.61,52.7,9,1.6,79.1,4.011,-4.4,0,1,481
2026-03-29T06:52:30,-10.795218,-142.379440,4.3,14.75,50.6,9,2.1,79.0,4.012,-4.4,0,1,482
2026-03-29T06:52:57,-10.793994,-142.377945,15.2,15.00,45.3,9,1.6,79.1,4.012,-4.4,0,1,483
2026-03-29T06:53:25,-10.792882,-142.376572,7.4,14.89,49.9,9,2.1,79.1,4.012,-4.4,0,1,484
2026-03-29T06:53:52,-10.791651,-142.375092,13.2,14.63,55.0,8,1.7,79.0,4.011,-4.4,0,1,485
2026-03-29T06:54:20,-10.790575,-142.373703,12.1,13.43,48.2,8,1.7,79.1,4.012,-4.4,0,1,486
2026-03-29T06:54:47,-10.789429,-142.372269,16.0,14.54,49.8,8,1.7,79.3,4.011,-4.2,0,1,487
2026-03-29T06:55:15,-10.788352,-142.370819,3.6,14.30,49.7,8,1.7,79.1,4.010,-4.4,0,1,488
2026-03-29T06:55:42,-10.787209,-142.369370,5.6,14.38,51.0,8,1.7,79.1,4.012,-4.4,0,1,489
2026-03-29T06:56:10,-10.786020,-142.368057,7.6,13.74,48.8,8,1.7,78.6,4.011,-4.4,0,1,490
2026-03-29T06:56:37,-10.784982,-142.366623,4.4,13.97,48.1,8,1.7,79.3,4.010,-4.2,0,1,491
2026-03-29T06:57:05,-10.783792,-142.365219,6.9,14.27,52.8,8,1.7,78.6,4.010,-4.4,0,1,492
2026-03-29T06:57:32,-10.782703,-142.363739,8.4,14.35,52.5,8,1.7,79.1,4.011,-4.4,0,1,493
2026-03-29T06:58:00,-10.781508,-142.362335,11.1,14.14,47.3,8,1.7,78.8,4.010,-4.4,0,1,494
2026-03-29T06:58:27,-10.780323,-142.360886,7.6,14.53,48.4,8,1.7,79.0,4.011,-4.4,0,1,495
2026-03-29T06:58:55,-10.779188,-142.359467,9.5,14.67,51.1,8,2.1,78.8,4.011,-4.4,0,1,496
2026-03-29T06:59:22,-10.777993,-142.358002,10.7,14.62,49.0,8,1.7,79.1,4.012,2106.4,0,1,497
2026-03-29T06:59:50,-10.776810,-142.356598,11.7,14.75,48.5,8,1.7,78.5,4.010,-4.4,0,1,498
2026-03-29T07:00:17,-10.775673,-142.355057,11.9,14.93,52.7,8,1.7,79.0,4.010,-4.4,0,1,499
2026-03-29T07:00:45,-10.774514,-142.353683,10.3,14.76,50.0,8,1.7,78.8,4.008,-4.4,0,1,500
2026-03-29T07:01:12,-10.773406,-142.352234,-0.4,14.04,48.9,8,1.7,79.0,4.010,-4.4,0,1,501
2026-03-29T07:01:39,-10.772256,-142.350815,0.1,13.38,50.4,8,1.7,78.8,4.009,-4.4,0,1,502
2026-03-29T07:02:07,-10.771052,-142.349365,6.1,14.47,51.3,8,1.7,79.1,4.010,-4.4,0,1,503
2026-03-29T07:02:34,-10.769971,-142.347946,-1.8,14.37,53.3,8,2.1,78.6,4.008,-4.4,0,1,504
2026-03-29T07:03:02,-10.768754,-142.346451,-1.8,14.67,50.0,8,1.7,78.8,4.010,2097.7,0,1,505
2026-03-29T07:03:29,-10.767632,-142.344955,0.6,14.39,50.1,8,1.7,78.6,4.009,-4.4,0,1,506
2026-03-29T07:03:57,-10.766432,-142.343475,-0.8,14.62,49.1,8,1.7,78.8,4.009,-4.4,0,1,507
2026-03-29T07:04:24,-10.765249,-142.342010,10.1,15.78,46.0,8,2.1,78.5,4.008,-4.4,0,1,508
2026-03-29T07:04:52,-10.764035,-142.340500,7.7,14.67,51.5,8,1.7,78.8,4.009,-4.4,0,1,509
2026-03-29T07:05:19,-10.762896,-142.339050,1.5,13.74,39.7,8,1.7,78.8,4.010,-4.4,0,1,510
2026-03-29T07:05:47,-10.761825,-142.337570,-4.7,14.36,53.3,7,1.8,78.6,4.008,-4.4,0,1,511
2026-03-29T07:06:14,-10.760623,-142.336136,-0.9,16.09,51.8,8,1.6,78.5,4.005,-4.4,0,1,512
2026-03-29T07:06:42,-10.759440,-142.334686,-3.0,14.35,55.2,8,1.6,78.6,4.008,-4.4,0,1,513
2026-03-29T07:07:09,-10.758190,-142.333267,2.2,15.05,42.3,8,2.1,78.5,4.008,-4.4,0,1,514
2026-03-29T07:07:37,-10.756928,-142.331757,7.2,15.85,49.1,8,1.6,78.6,4.008,-4.4,0,1,515
2026-03-29T07:08:04,-10.755803,-142.330292,9.3,14.51,46.6,8,2.1,78.5,4.009,-4.4,0,1,516
2026-03-29T07:08:32,-10.754660,-142.328812,15.0,15.00,53.5,8,1.6,78.5,4.008,-4.4,0,1,517
2026-03-29T07:08:59,-10.753535,-142.327362,14.9,13.96,57.8,8,2.1,78.5,4.009,-4.4,0,1,518
2026-03-29T07:09:27,-10.752316,-142.325867,13.3,14.55,49.2,8,1.6,78.6,4.010,-4.4,0,1,519
2026-03-29T07:09:54,-10.751163,-142.324432,13.2,15.07,46.7,8,1.6,78.3,4.009,-4.4,0,1,520
2026-03-29T07:10:22,-10.750118,-142.322876,11.2,13.77,57.6,8,1.6,78.6,4.008,-4.4,0,1,521
2026-03-29T07:10:49,-10.748919,-142.321426,13.2,15.13,50.4,8,2.1,78.0,4.008,-4.2,0,1,522
2026-03-29T07:11:17,-10.747689,-142.319901,16.8,15.22,51.8,8,1.6,78.5,4.006,-4.4,0,1,523
2026-03-29T07:11:44,-10.746466,-142.318451,20.7,14.45,62.2,8,2.0,78.3,4.008,-4.4,0,1,524
2026-03-29T07:12:12,-10.745429,-142.316879,19.7,15.01,58.8,8,1.6,78.5,4.005,-4.4,0,1,525
2026-03-29T07:12:39,-10.744480,-142.315308,25.0,14.34,62.1,7,2.9,78.1,4.006,-4.4,0,1,526
2026-03-29T07:13:07,-10.743409,-142.313721,24.9,15.06,52.7,7,2.9,78.5,4.005,-4.4,0,1,527
2026-03-29T07:13:34,-10.742565,-142.312119,29.7,14.40,60.5,6,3.4,78.0,4.008,-4.2,0,1,528
2026-03-29T07:14:02,-10.741778,-142.310440,28.9,14.07,55.8,7,1.6,78.5,4.005,-4.4,0,1,529
2026-03-29T07:14:29,-10.740858,-142.308777,32.2,14.54,61.4,6,1.7,78.1,4.006,-4.4,0,1,530
2026-03-29T07:14:57,-10.739784,-142.307144,36.9,14.80,56.3,6,1.7,78.6,4.008,-4.4,0,1,531
2026-03-29T07:15:24,-10.738847,-142.305573,36.6,15.23,57.5,6,1.7,78.1,4.006,-4.4,0,1,532
2026-03-29T07:15:52,-10.737877,-142.303940,41.0,14.90,59.1,6,1.7,78.3,4.006,-4.4,0,1,533
2026-03-29T07:16:19,-10.737037,-142.302292,41.0,14.76,65.4,6,1.7,78.0,4.006,-4.2,0,1,534
2026-03-29T07:16:47,-10.736033,-142.300720,47.4,13.85,59.8,6,1.6,78.5,4.005,-4.4,0,1,535
2026-03-29T07:17:14,-10.735144,-142.299149,44.7,14.39,56.9,6,2.3,78.3,4.004,-4.4,0,1,536
2026-03-29T07:17:42,-10.734247,-142.297516,36.2,14.72,58.5,7,1.6,78.3,4.005,-4.4,0,1,537
2026-03-29T07:18:09,-10.733445,-142.295898,30.0,13.54,60.2,7,1.6,78.3,4.005,-4.4,0,1,538
2026-03-29T07:18:37,-10.732540,-142.294266,30.6,13.85,59.1,6,1.6,78.3,4.005,-4.4,0,1,539
2026-03-29T07:19:04,-10.731564,-142.292694,36.8,15.52,63.0,7,1.6,78.1,4.004,-4.4,0,1,540
2026-03-29T07:19:32,-10.730625,-142.291031,41.1,15.02,62.7,7,1.6,78.1,4.004,-4.4,0,1,541
2026-03-29T07:19:59,-10.729736,-142.289383,48.4,13.96,65.5,7,2.2,77.8,4.004,-4.4,0,1,542
2026-03-29T07:20:27,-10.728724,-142.287827,51.4,15.23,54.9,7,1.6,78.1,4.003,-4.4,0,1,543
2026-03-29T07:20:54,-10.727974,-142.286240,45.7,14.08,64.1,6,3.5,78.1,4.005,-4.4,0,1,544
2026-03-29T07:21:22,-10.727200,-142.284546,34.0,14.18,63.4,7,1.6,78.3,4.004,-4.4,0,1,545
2026-03-29T07:21:49,-10.726481,-142.282867,36.3,14.57,63.6,6,3.5,78.0,4.005,-4.2,0,1,546
2026-03-29T07:22:17,-10.725605,-142.281204,40.0,13.46,59.1,6,2.8,78.1,4.005,-4.4,0,1,547
2026-03-29T07:22:44,-10.724926,-142.279495,33.3,14.53,61.9,6,2.8,77.8,4.003,-4.4,0,1,548
2026-03-29T07:23:12,-10.724241,-142.277786,30.9,14.44,62.2,6,2.7,78.1,4.003,-4.4,0,1,549
2026-03-29T07:23:39,-10.723245,-142.276230,23.6,14.44,54.4,7,2.2,78.1,4.005,-4.4,0,1,550
2026-03-29T07:24:07,-10.722216,-142.274612,34.0,14.15,57.4,7,1.6,78.0,4.004,-4.2,0,1,551
2026-03-29T07:24:34,-10.721117,-142.273132,46.3,15.13,52.1,7,2.1,77.8,4.008,-4.4,0,1,552
2026-03-29T07:25:02,-10.720063,-142.271561,38.5,13.65,51.0,7,1.5,78.1,4.003,-4.4,0,1,553
2026-03-29T07:25:29,-10.718993,-142.270050,34.8,13.35,58.1,7,2.1,77.8,4.004,-4.4,0,1,554
2026-03-29T07:25:57,-10.717985,-142.268494,36.0,13.69,51.8,7,1.5,78.1,4.001,-4.4,0,1,555
2026-03-29T07:26:24,-10.717034,-142.267014,37.4,14.11,60.0,7,1.5,77.8,4.003,-4.4,0,1,556
2026-03-29T07:26:52,-10.715988,-142.265427,35.0,13.96,55.0,7,1.5,78.0,4.004,-4.2,0,1,557
2026-03-29T07:27:19,-10.715016,-142.263885,36.2,14.28,59.2,7,2.1,77.8,4.003,-4.4,0,1,558
2026-03-29T07:27:47,-10.714055,-142.262314,41.6,14.05,60.7,7,1.5,78.1,4.003,-4.4,0,1,559
2026-03-29T07:28:14,-10.713071,-142.260818,43.7,14.55,61.2,7,1.5,77.8,4.001,-4.4,0,1,560
2026-03-29T07:28:42,-10.712063,-142.259232,48.8,14.07,55.9,7,1.5,77.8,4.003,-4.4,0,1,561
2026-03-29T07:29:09,-10.710901,-142.257828,48.5,14.07,54.1,6,2.6,77.6,4.003,-4.4,0,1,562
2026-03-29T07:29:37,-10.709746,-142.256332,48.8,13.41,46.5,6,1.8,77.8,4.003,-4.4,0,1,563
2026-03-29T07:30:04,-10.708497,-142.254944,47.5,13.09,52.9,6,3.5,77.6,4.003,-4.4,0,1,564
2026-03-29T07:30:32,-10.707263,-142.253540,46.8,14.30,51.5,6,2.5,78.0,4.003,-4.2,0,1,565
2026-03-29T07:30:59,-10.706121,-142.252182,44.4,15.20,54.4,6,1.8,77.6,4.003,-4.4,0,1,566
2026-03-29T07:31:27,-10.704894,-142.250732,47.9,14.53,50.5,6,1.8,77.6,4.001,-4.4,0,1,567
2026-03-29T07:31:54,-10.703683,-142.249359,59.6,14.20,53.0,5,2.8,77.8,4.005,-4.4,0,1,568
2026-03-29T07:32:22,-10.702488,-142.247940,65.5,14.07,48.0,5,2.7,77.5,4.003,-4.4,0,1,569
2026-03-29T07:32:49,-10.701240,-142.246429,70.3,14.31,48.1,5,2.7,77.8,4.003,-4.4,0,1,570
2026-03-29T07:33:17,-10.700033,-142.245010,73.0,14.01,50.1,5,2.7,77.5,4.000,-4.4,0,1,571
2026-03-29T07:33:44,-10.698855,-142.243637,76.7,13.62,49.4,5,6.7,77.8,4.001,-4.4,0,1,572
2026-03-29T07:34:12,-10.697612,-142.242264,81.1,14.09,47.2,5,2.7,77.6,4.001,-4.4,0,1,573
2026-03-29T07:34:39,-10.696732,-142.240799,60.3,14.65,54.1,6,3.4,77.8,3.997,-4.4,0,1,574
2026-03-29T07:35:07,-10.695477,-142.239365,60.2,14.96,48.4,6,2.5,77.6,4.001,-4.4,0,1,575
2026-03-29T07:35:34,-10.694302,-142.237854,52.0,14.00,54.5,7,1.9,77.3,3.999,-4.4,0,1,576
2026-03-29T07:36:02,-10.693153,-142.236313,45.4,14.16,48.7,7,1.5,77.6,4.000,-4.4,0,1,577
2026-03-29T07:36:29,-10.691987,-142.234909,34.1,14.80,47.8,5,2.4,77.5,4.004,-4.4,0,1,578
2026-03-29T07:36:57,-10.690807,-142.233398,31.8,13.83,49.1,6,2.4,77.5,4.000,-4.4,0,1,579
2026-03-29T07:37:24,-10.689662,-142.232071,30.4,13.42,45.2,6,2.4,77.3,3.999,-4.4,0,1,580
2026-03-29T07:37:52,-10.688372,-142.230591,29.1,14.70,47.0,5,2.4,77.8,4.004,-4.4,0,1,581
2026-03-29T07:38:19,-10.687235,-142.229126,28.8,15.26,55.9,7,1.5,77.6,4.004,-4.4,0,1,582
2026-03-29T07:38:47,-10.686028,-142.227707,30.1,14.20,53.1,6,2.3,77.5,3.997,-4.4,0,1,583
2026-03-29T07:39:14,-10.684829,-142.226379,39.0,14.58,48.5,5,2.4,77.5,4.004,-4.4,0,1,584
2026-03-29T07:39:42,-10.683549,-142.224960,38.3,14.63,48.5,6,2.3,77.5,3.996,-4.4,0,1,585
2026-03-29T07:40:09,-10.682315,-142.223602,45.3,14.88,48.9,6,3.3,77.3,3.999,-4.4,0,1,586
2026-03-29T07:40:37,-10.681208,-142.222122,46.3,14.27,50.4,7,1.5,77.3,3.999,-4.4,0,1,587
2026-03-29T07:41:04,-10.680099,-142.220673,40.2,14.60,52.5,6,3.2,77.0,3.999,-4.4,0,1,588
2026-03-29T07:41:32,-10.678809,-142.219238,40.5,14.00,49.3,7,1.4,77.6,3.997,-4.4,0,1,589
2026-03-29T07:41:59,-10.677728,-142.217743,37.3,14.26,53.3,6,3.2,77.2,3.999,-4.4,0,1,590
2026-03-29T07:42:27,-10.676675,-142.216156,23.8,13.61,51.5,6,2.2,77.2,3.997,-4.4,0,1,591
2026-03-29T07:42:54,-10.675424,-142.214752,24.8,13.88,58.9,6,2.2,77.2,3.997,-4.4,0,1,592
2026-03-29T07:43:22,-10.674270,-142.213303,23.1,13.50,57.0,6,2.2,77.2,3.996,-4.4,0,1,593
2026-03-29T07:43:49,-10.673028,-142.211914,26.9,14.46,50.2,7,1.8,76.8,3.996,-4.4,0,1,594
2026-03-29T07:44:17,-10.671819,-142.210495,37.7,13.90,52.4,7,1.4,77.3,3.997,-4.4,0,1,595
2026-03-29T07:44:44,-10.670645,-142.209106,39.3,14.02,53.5,6,3.2,77.2,3.996,-4.4,0,1,596
2026-03-29T07:45:12,-10.669606,-142.207581,30.6,13.68,54.7,6,2.2,77.2,3.997,-4.4,0,1,597
2026-03-29T07:45:39,-10.668514,-142.206100,18.5,14.66,53.6,6,3.2,77.2,3.996,-4.4,0,1,598
2026-03-29T07:46:07,-10.667296,-142.204605,11.9,13.73,55.6,6,2.2,77.2,3.997,-4.4,0,1,599
2026-03-29T07:46:34,-10.666117,-142.203201,11.4,13.51,54.5,6,3.1,77.2,3.997,-4.4,0,1,600
2026-03-29T07:47:02,-10.664864,-142.201797,16.0,12.83,48.6,6,2.1,77.2,3.996,-4.4,0,1,601
2026-03-29T07:47:29,-10.663560,-142.200500,25.5,14.55,55.3,7,3.0,76.8,3.994,-4.4,0,1,602
2026-03-29T07:47:57,-10.662400,-142.199036,20.3,13.70,53.2,8,1.4,76.8,3.996,-4.4,0,1,603
2026-03-29T07:48:24,-10.661365,-142.197571,9.2,13.59,50.4,8,1.4,76.8,3.994,-4.4,0,1,604
2026-03-29T07:48:52,-10.660321,-142.196060,-3.5,13.85,55.3,7,2.0,77.3,3.996,-4.4,0,1,605
2026-03-29T07:49:19,-10.659204,-142.194626,-11.3,13.84,56.0,8,1.3,77.0,3.996,-4.4,0,1,606
2026-03-29T07:49:47,-10.658052,-142.193176,-16.1,14.15,52.7,8,1.3,77.2,3.994,-4.4,0,1,607
2026-03-29T07:50:14,-10.656840,-142.191788,-12.0,13.86,52.4,8,1.3,77.2,3.995,-4.4,0,1,608
2026-03-29T07:50:42,-10.655563,-142.190445,-1.1,13.49,53.7,8,1.3,77.2,3.996,-4.4,0,1,609
2026-03-29T07:51:09,-10.654385,-142.189011,2.9,13.79,51.8,8,1.3,76.8,3.995,-4.4,0,1,610
2026-03-29T07:51:37,-10.653157,-142.187607,5.1,13.70,54.5,8,1.3,76.8,3.995,-4.4,0,1,611
2026-03-29T07:52:04,-10.652025,-142.186157,-2.5,13.98,54.2,8,1.7,76.5,3.993,-4.4,0,1,612
2026-03-29T07:52:32,-10.650809,-142.184677,-2.8,15.16,55.8,8,1.3,77.0,3.995,-4.4,0,1,613
2026-03-29T07:52:59,-10.649622,-142.183289,3.7,15.50,52.7,8,1.7,76.7,3.995,-4.2,0,1,614
2026-03-29T07:53:27,-10.648190,-142.181992,17.1,14.85,47.5,7,1.3,76.8,3.995,-4.4,0,1,615
2026-03-29T07:53:54,-10.647017,-142.180679,19.1,13.70,49.6,8,1.3,76.7,3.995,-4.2,0,1,616
2026-03-29T07:54:22,-10.645840,-142.179199,16.5,14.22,53.8,7,1.9,76.7,3.994,-4.2,0,1,617
2026-03-29T07:54:49,-10.644630,-142.177872,17.2,14.84,48.2,6,2.5,76.8,3.991,-4.4,0,1,618
2026-03-29T07:55:17,-10.643401,-142.176422,18.0,15.29,51.1,7,1.8,76.8,3.994,-4.4,0,1,619
2026-03-29T07:55:44,-10.642195,-142.175095,18.1,13.47,47.3,7,2.9,76.5,3.993,-4.4,0,1,620
2026-03-29T07:56:12,-10.640967,-142.173691,20.0,13.98,47.4,7,1.8,76.7,3.993,-4.2,0,1,621
2026-03-29T07:56:39,-10.639906,-142.172256,27.9,13.72,47.3,7,1.8,76.5,3.993,-4.4,0,1,622
2026-03-29T07:57:07,-10.638571,-142.170959,38.3,14.65,47.7,7,1.8,76.7,3.995,-4.2,0,1,623
2026-03-29T07:57:34,-10.637424,-142.169586,46.5,14.36,43.4,7,1.8,76.3,3.994,-4.4,0,1,624
2026-03-29T07:58:02,-10.636269,-142.168167,49.9,14.04,51.8,7,1.8,76.5,3.993,-4.4,0,1,625
2026-03-29T07:58:29,-10.635155,-142.166702,46.7,14.66,52.0,7,2.8,76.7,3.991,-4.2,0,1,626
2026-03-29T07:58:57,-10.633957,-142.165176,44.7,14.60,51.4,7,1.8,76.8,3.993,-4.4,0,1,627
2026-03-29T07:59:24,-10.632865,-142.163834,43.9,14.13,52.7,7,1.8,76.3,3.993,-4.4,0,1,628
2026-03-29T07:59:52,-10.631623,-142.162384,45.7,14.16,47.0,7,1.8,76.5,3.991,-4.4,0,1,629
2026-03-29T08:00:19,-10.630420,-142.161011,54.5,14.78,46.8,7,2.8,76.5,3.993,-4.4,0,1,630
2026-03-29T08:00:47,-10.629270,-142.159515,57.2,14.57,52.8,7,1.7,76.5,3.993,-4.4,0,1,631
2026-03-29T08:01:14,-10.628113,-142.158112,47.5,14.49,48.8,7,2.8,76.8,3.994,-4.4,0,1,632
2026-03-29T08:01:42,-10.627082,-142.156555,41.3,14.28,50.3,7,1.7,76.5,3.994,-4.4,0,1,633
2026-03-29T08:02:09,-10.625906,-142.155167,41.7,14.75,46.6,6,3.2,76.3,3.991,-4.4,0,1,634
2026-03-29T08:02:37,-10.624701,-142.153671,33.0,13.50,49.1,6,1.8,76.7,3.991,-4.2,0,1,635
2026-03-29T08:03:04,-10.623545,-142.152237,21.1,13.99,53.5,6,1.7,76.2,3.991,-4.4,0,1,636
2026-03-29T08:03:32,-10.622363,-142.150772,19.7,14.17,50.6,6,1.7,76.7,3.991,-4.2,0,1,637
2026-03-29T08:03:59,-10.621140,-142.149384,13.1,15.14,45.2,7,2.7,76.7,3.991,-4.2,0,1,638
2026-03-29T08:04:27,-10.619913,-142.147964,10.1,14.50,45.8,6,1.7,76.3,3.989,-4.4,0,1,639
2026-03-29T08:04:54,-10.618845,-142.146500,-2.1,15.03,46.9,7,1.7,76.2,3.991,-4.4,0,1,640
2026-03-29T08:05:22,-10.617648,-142.145004,-3.9,15.30,50.0,7,1.7,76.3,3.991,-4.4,0,1,641
2026-03-29T08:05:49,-10.616424,-142.143677,-0.2,14.70,48.1,7,1.7,76.2,3.991,-4.4,0,1,642
2026-03-29T08:06:17,-10.615162,-142.142242,0.2,14.54,51.7,7,1.7,76.7,3.991,-4.2,0,1,643
2026-03-29T08:06:44,-10.614060,-142.140823,4.0,13.98,48.8,8,2.7,76.2,3.991,-4.4,0,1,644
2026-03-29T08:07:12,-10.612766,-142.139465,12.6,14.52,47.0,7,1.6,76.7,3.991,-4.2,0,1,645
2026-03-29T08:07:39,-10.611595,-142.138092,20.1,14.35,49.7,7,2.7,76.3,3.991,-4.4,0,1,646
2026-03-29T08:08:07,-10.610343,-142.136734,31.4,15.02,47.0,7,1.6,76.2,3.991,-4.4,0,1,647
2026-03-29T08:08:34,-10.609141,-142.135391,38.3,14.27,49.5,7,1.6,76.0,3.990,-4.4,0,1,648
2026-03-29T08:09:02,-10.607965,-142.133987,48.8,14.38,47.8,7,1.6,76.2,3.991,-4.4,0,1,649
2026-03-29T08:09:29,-10.606720,-142.132599,50.6,14.54,53.2,7,1.6,75.9,3.989,-4.4,0,1,650
2026-03-29T08:09:57,-10.605503,-142.131180,47.9,13.57,47.2,7,1.6,76.3,3.991,-4.4,0,1,651
2026-03-29T08:10:24,-10.604374,-142.129700,39.8,14.54,52.0,7,2.6,75.9,3.990,-4.4,0,1,652
2026-03-29T08:10:53,-10.603183,-142.128235,31.0,14.14,48.2,7,1.6,76.0,3.989,-4.4,0,1,653
2026-03-29T08:11:19,-10.602048,-142.126770,26.7,15.35,49.0,7,1.6,75.7,3.989,-4.4,0,1,654
2026-03-29T08:11:48,-10.600929,-142.125244,20.3,13.63,54.8,7,1.6,76.3,3.989,-4.4,0,1,655
2026-03-29T08:12:14,-10.599815,-142.123779,15.6,14.01,49.5,7,2.6,76.0,3.990,-4.4,0,1,656
2026-03-29T08:12:43,-10.598643,-142.122284,5.3,13.44,51.7,7,1.6,76.2,3.990,-4.4,0,1,657
2026-03-29T08:13:09,-10.597532,-142.120819,-0.7,14.33,45.9,7,1.6,76.0,3.990,-4.4,0,1,658
2026-03-29T08:13:38,-10.596340,-142.119415,-1.7,14.90,47.5,7,1.6,75.9,3.989,-4.4,0,1,659
2026-03-29T08:14:04,-10.595224,-142.117996,-1.0,14.73,48.7,7,1.6,75.9,3.990,-4.4,0,1,660
2026-03-29T08:14:33,-10.593990,-142.116547,-3.5,13.90,47.8,7,1.6,76.0,3.991,-4.4,0,1,661
2026-03-29T08:14:59,-10.592826,-142.115173,-7.6,14.43,47.4,7,1.6,76.0,3.987,-4.4,0,1,662
2026-03-29T08:15:28,-10.591610,-142.113708,-6.7,13.78,49.9,7,1.5,76.2,3.990,-4.4,0,1,663
2026-03-29T08:15:54,-10.590447,-142.112320,-5.7,14.51,46.7,7,1.5,75.9,3.989,-4.4,0,1,664
2026-03-29T08:16:23,-10.589334,-142.110825,-10.0,15.09,43.8,7,1.5,75.9,3.986,-4.4,0,1,665
2026-03-29T08:16:49,-10.588209,-142.109390,-11.2,14.91,47.2,7,2.5,75.9,3.989,-4.4,0,1,666
2026-03-29T08:17:18,-10.586966,-142.107941,-14.1,15.04,50.5,7,1.5,75.9,3.987,-4.4,0,1,667
2026-03-29T08:17:44,-10.585838,-142.106506,-21.9,14.75,52.2,7,2.5,76.0,3.986,-4.4,0,1,668
2026-03-29T08:18:13,-10.584700,-142.104996,-28.0,14.08,49.3,7,1.5,75.9,3.985,-4.4,0,1,669
2026-03-29T08:18:39,-10.583553,-142.103577,-31.5,14.58,54.1,7,1.5,76.0,3.985,-4.4,0,1,670
2026-03-29T08:19:08,-10.582363,-142.102173,-26.4,13.81,46.2,7,1.5,75.7,3.984,-4.4,0,1,671
2026-03-29T08:19:34,-10.581173,-142.100800,-22.3,12.49,46.0,7,2.5,75.9,3.987,-4.4,0,1,672
2026-03-29T08:20:03,-10.580031,-142.099365,-11.8,13.60,51.7,7,1.5,75.9,3.985,-4.4,0,1,673
2026-03-29T08:20:29,-10.578845,-142.097977,-12.8,14.22,51.0,7,2.5,75.7,3.987,-4.4,0,1,674
2026-03-29T08:20:58,-10.577650,-142.096481,-12.2,14.57,47.7,7,1.5,75.9,3.987,-4.4,0,1,675
2026-03-29T08:21:24,-10.576505,-142.095078,-12.2,13.83,51.9,7,2.4,75.7,3.985,-4.4,0,1,676
2026-03-29T08:21:53,-10.575280,-142.093643,-14.9,14.11,49.4,7,1.5,76.0,3.987,-4.4,0,1,677
2026-03-29T08:22:19,-10.574090,-142.092239,-24.9,13.64,49.7,7,2.4,75.7,3.985,-4.4,0,1,678
2026-03-29T08:22:48,-10.572945,-142.090851,-22.8,15.07,52.9,7,1.5,75.7,3.986,-4.4,0,1,679
2026-03-29T08:23:14,-10.571808,-142.089478,-17.1,13.48,44.0,6,1.5,75.7,3.986,-4.4,0,1,680
2026-03-29T08:23:43,-10.570590,-142.088043,-19.7,13.92,51.8,7,1.5,75.7,3.985,-4.4,0,1,681
2026-03-29T08:24:09,-10.569433,-142.086655,-14.5,13.52,57.2,7,1.5,75.5,3.985,-4.4,0,1,682
2026-03-29T08:24:38,-10.568223,-142.085236,-10.2,13.89,48.6,6,1.5,75.9,3.985,-4.4,0,1,683
2026-03-29T08:25:04,-10.567003,-142.083832,-8.6,14.25,46.4,6,2.6,75.9,3.986,-4.4,0,1,684
2026-03-29T08:25:33,-10.565792,-142.082336,-6.3,13.83,48.2,7,1.5,75.9,3.986,-4.4,0,1,685
2026-03-29T08:25:59,-10.564580,-142.081116,-0.7,14.48,52.5,6,1.5,75.4,3.986,-4.2,0,1,686
2026-03-29T08:26:28,-10.563420,-142.079636,4.3,14.60,45.2,6,1.5,75.5,3.986,-4.4,0,1,687
2026-03-29T08:26:54,-10.562203,-142.078323,2.2,14.64,51.7,7,1.4,75.5,3.983,-4.4,0,1,688
2026-03-29T08:27:23,-10.560990,-142.076935,1.1,13.84,46.8,6,1.5,75.7,3.986,-4.4,0,1,689
2026-03-29T08:27:49,-10.559890,-142.075470,-8.2,13.51,46.6,7,2.3,75.4,3.985,-4.2,0,1,690
2026-03-29T08:28:18,-10.558743,-142.073990,-13.6,13.78,44.7,7,1.4,75.5,3.985,-4.4,0,1,691
2026-03-29T08:28:44,-10.557660,-142.072525,-21.0,14.47,55.3,7,1.4,75.5,3.985,-4.4,0,1,692
2026-03-29T08:29:12,-10.556466,-142.071091,-26.9,14.19,44.6,7,1.4,75.9,3.984,-4.4,0,1,693
2026-03-29T08:29:39,-10.555335,-142.069702,-23.6,14.19,53.2,7,2.3,75.2,3.984,-4.4,0,1,694
2026-03-29T08:30:07,-10.554077,-142.068344,-18.4,13.78,44.4,7,1.4,75.4,3.984,-4.2,0,1,695
2026-03-29T08:30:34,-10.552880,-142.066956,-9.5,15.77,44.7,7,1.4,75.2,3.986,-4.4,0,1,696
2026-03-29T08:31:02,-10.551635,-142.065521,-3.9,14.24,49.3,7,1.4,75.5,3.984,-4.4,0,1,697
2026-03-29T08:31:29,-10.550399,-142.064148,-4.1,14.99,43.4,7,1.4,75.2,3.981,-4.4,0,1,698
2026-03-29T08:31:57,-10.549209,-142.062622,-5.9,14.05,48.7,6,1.7,75.7,3.984,-4.4,0,1,699
2026-03-29T08:32:24,-10.547996,-142.061234,-6.9,14.12,49.5,7,2.3,75.2,3.984,-4.4,0,1,700
2026-03-29T08:32:52,-10.546812,-142.059799,-0.5,13.93,54.7,7,1.4,75.5,3.984,-4.4,0,1,701
2026-03-29T08:33:19,-10.545668,-142.058411,6.4,14.89,50.1,6,2.3,75.4,3.985,-4.2,0,1,702
2026-03-29T08:33:47,-10.544411,-142.056931,1.5,15.22,50.8,7,1.4,75.4,3.984,-4.2,0,1,703
2026-03-29T08:34:14,-10.543252,-142.055481,3.4,14.71,51.2,7,1.4,75.2,3.983,-4.4,0,1,704
2026-03-29T08:34:42,-10.541952,-142.054169,22.3,14.10,53.4,8,1.4,75.2,3.981,-4.4,0,1,705
2026-03-29T08:35:09,-10.540769,-142.052765,21.8,14.22,48.2,8,1.9,75.0,3.984,-4.4,0,1,706
2026-03-29T08:35:37,-10.539561,-142.051270,24.0,15.85,49.7,8,1.4,75.5,3.984,-4.4,0,1,707
2026-03-29T08:36:04,-10.538475,-142.049759,19.8,15.02,54.8,7,2.1,75.2,3.980,-4.4,0,1,708
2026-03-29T08:36:32,-10.537286,-142.048264,15.0,13.67,49.3,8,1.3,75.0,3.983,-4.4,0,1,709
2026-03-29T08:36:59,-10.536163,-142.046860,13.9,13.73,46.1,8,1.8,75.0,3.983,-4.4,0,1,710
2026-03-29T08:37:27,-10.534993,-142.045380,12.1,14.95,55.6,7,1.6,75.2,3.984,-4.4,0,1,711
2026-03-29T08:37:54,-10.533826,-142.043930,9.3,14.49,52.9,8,1.8,74.9,3.983,-4.4,0,1,712
2026-03-29T08:38:22,-10.532606,-142.042480,13.8,14.55,51.5,8,1.3,75.2,3.983,-4.4,0,1,713
2026-03-29T08:38:49,-10.531339,-142.041122,13.8,13.93,49.0,8,1.8,74.9,3.981,-4.4,0,1,714
2026-03-29T08:39:17,-10.530157,-142.039597,14.3,13.56,47.6,8,1.3,75.0,3.983,-4.4,0,1,715
2026-03-29T08:39:44,-10.528980,-142.038193,16.4,14.72,50.7,8,1.3,74.7,3.983,-4.4,0,1,716
2026-03-29T08:40:12,-10.527751,-142.036743,13.9,14.30,50.2,8,1.3,75.2,3.983,-4.4,0,1,717
2026-03-29T08:40:39,-10.526513,-142.035431,16.6,15.31,44.7,7,1.6,75.0,3.981,-4.4,0,1,718
2026-03-29T08:41:07,-10.525330,-142.033936,18.0,14.20,49.0,8,1.3,75.0,3.983,-4.4,0,1,719
2026-03-29T08:41:34,-10.524153,-142.032562,22.8,13.50,49.3,8,1.7,74.7,3.981,-4.4,0,1,720
2026-03-29T08:42:02,-10.522883,-142.031174,30.9,14.70,45.8,8,1.3,75.0,3.981,-4.4,0,1,721
2026-03-29T08:42:29,-10.521762,-142.029755,30.9,14.47,48.8,8,1.3,74.7,3.983,-4.4,0,1,722
2026-03-29T08:42:57,-10.520615,-142.028244,28.1,13.80,52.3,8,1.3,75.2,3.979,-4.4,0,1,723
2026-03-29T08:43:24,-10.519479,-142.026764,27.0,14.94,48.2,8,1.3,74.7,3.980,-4.4,0,1,724
2026-03-29T08:43:52,-10.518188,-142.025406,26.2,14.68,48.6,8,1.3,75.2,3.983,-4.4,0,1,725
2026-03-29T08:44:19,-10.517045,-142.023987,26.6,13.74,49.5,8,1.3,74.9,3.980,-4.4,0,1,726
2026-03-29T08:44:47,-10.515855,-142.022476,23.3,14.39,58.5,8,1.3,75.2,3.981,-4.4,0,1,727
2026-03-29T08:45:14,-10.514613,-142.021164,31.0,15.00,44.2,7,1.3,74.9,3.981,-4.4,0,1,728
2026-03-29T08:45:42,-10.513420,-142.019684,33.5,14.88,47.1,7,1.3,75.2,3.979,-4.4,0,1,729
2026-03-29T08:46:09,-10.512279,-142.018234,31.3,14.59,46.7,7,1.3,74.9,3.977,-4.4,0,1,730
2026-03-29T08:46:37,-10.511060,-142.016800,34.1,14.69,49.9,7,1.3,74.9,3.979,-4.4,0,1,731
2026-03-29T08:47:04,-10.509885,-142.015350,28.5,15.80,49.5,7,1.3,74.7,3.979,-4.4,0,1,732
2026-03-29T08:47:32,-10.508588,-142.013947,28.7,14.00,44.8,7,1.3,74.7,3.979,-4.4,0,1,733
2026-03-29T08:47:59,-10.507420,-142.012497,26.6,14.73,49.0,7,1.3,74.5,3.980,-4.4,0,1,734
2026-03-29T08:48:27,-10.506232,-142.011017,34.8,14.16,48.9,7,1.3,74.7,3.980,-4.4,0,1,735
2026-03-29T08:48:54,-10.505028,-142.009628,29.9,14.92,48.5,7,1.3,74.7,3.980,-4.4,0,1,736
2026-03-29T08:49:22,-10.503810,-142.008148,32.6,14.66,49.5,7,1.3,74.9,3.979,-4.4,0,1,737
2026-03-29T08:49:49,-10.502692,-142.006668,31.8,15.06,50.3,7,1.3,74.7,3.979,-4.4,0,1,738
2026-03-29T08:50:17,-10.501495,-142.005203,37.2,15.21,53.8,7,1.3,74.7,3.977,-4.4,0,1,739
2026-03-29T08:50:44,-10.500297,-142.003769,35.9,14.95,59.2,6,1.7,74.7,3.976,-4.4,0,1,740
2026-03-29T08:51:12,-10.499092,-142.002258,32.4,14.72,46.1,6,1.7,74.7,3.980,-4.4,0,1,741
2026-03-29T08:51:39,-10.497897,-142.000854,31.7,14.99,52.2,7,1.5,74.5,3.979,-4.4,0,1,742
2026-03-29T08:52:07,-10.496656,-141.999390,24.8,15.05,53.3,6,1.7,74.9,3.977,-4.4,0,1,743
2026-03-29T08:52:34,-10.495455,-141.997986,23.6,14.58,51.9,7,1.3,74.7,3.980,-4.4,0,1,744
2026-03-29T08:53:02,-10.494237,-141.996490,21.6,15.07,49.7,7,1.3,74.7,3.979,-4.4,0,1,745
2026-03-29T08:53:29,-10.493123,-141.995102,24.5,14.45,50.9,6,1.8,74.7,3.977,-4.4,0,1,746
2026-03-29T08:53:57,-10.491923,-141.993683,26.0,13.73,52.4,8,1.2,74.7,3.976,-4.4,0,1,747
2026-03-29T08:54:24,-10.490737,-141.992340,23.6,15.23,51.1,8,1.2,74.9,3.973,-4.4,0,1,748
2026-03-29T08:54:52,-10.489533,-141.990906,19.7,14.17,49.0,8,1.2,74.9,3.981,-4.4,0,1,749
2026-03-29T08:55:19,-10.488392,-141.989502,16.5,14.00,48.0,8,1.2,74.5,3.974,-4.4,0,1,750
2026-03-29T08:55:47,-10.487224,-141.988052,14.0,14.87,57.9,8,1.2,74.7,3.977,-4.4,0,1,751
2026-03-29T08:56:14,-10.486091,-141.986633,12.3,14.28,55.8,8,1.2,74.5,3.974,-4.4,0,1,752
2026-03-29T08:56:42,-10.484899,-141.985153,12.1,14.45,55.2,9,1.1,74.5,3.977,-4.4,0,1,753
2026-03-29T08:57:09,-10.483722,-141.983765,11.8,14.47,51.5,9,1.1,74.2,3.973,-4.4,0,1,754
2026-03-29T08:57:37,-10.482468,-141.982361,18.1,14.63,48.6,8,1.3,74.9,3.981,-4.4,0,1,755
2026-03-29T08:58:04,-10.481305,-141.980927,15.3,14.49,53.5,9,1.0,73.9,3.975,-4.4,0,1,756
2026-03-29T08:58:32,-10.480093,-141.979492,17.2,14.13,50.2,8,1.3,74.5,3.980,-4.4,0,1,757
2026-03-29T08:58:59,-10.478896,-141.978119,19.1,14.70,49.8,9,1.0,74.4,3.975,-4.4,0,1,758
2026-03-29T08:59:27,-10.477670,-141.976654,19.6,15.07,50.0,9,1.0,74.7,3.976,-4.4,0,1,759
2026-03-29T08:59:54,-10.476520,-141.975220,13.7,15.39,55.0,8,1.3,74.2,3.973,-4.4,0,1,760
2026-03-29T09:00:22,-10.475308,-141.973755,7.9,14.51,50.4,8,1.3,74.5,3.980,-4.4,0,1,761
2026-03-29T09:00:49,-10.474132,-141.972321,-1.3,13.59,49.5,9,1.0,74.1,3.974,-4.4,0,1,762
2026-03-29T09:01:17,-10.472895,-141.970932,0.4,14.48,46.1,9,1.0,74.4,3.976,-4.4,0,1,763
2026-03-29T09:01:44,-10.471749,-141.969467,-6.0,14.38,49.6,8,1.3,74.2,3.971,-4.4,0,1,764
2026-03-29T09:02:12,-10.470552,-141.968018,-1.8,13.93,48.7,8,1.1,74.4,3.976,-4.4,0,1,765
2026-03-29T09:02:39,-10.469385,-141.966614,6.8,14.46,49.6,8,1.3,74.2,3.974,-4.4,0,1,766
2026-03-29T09:03:07,-10.468173,-141.965103,7.0,14.84,55.2,8,1.3,74.5,3.976,-4.4,0,1,767
2026-03-29T09:03:34,-10.466988,-141.963715,8.1,14.53,49.5,9,1.0,74.1,3.974,-4.4,0,1,768
2026-03-29T09:04:02,-10.465768,-141.962234,7.6,14.48,47.3,8,1.3,74.2,3.977,-4.4,0,1,769
2026-03-29T09:04:29,-10.464557,-141.960800,9.5,15.09,48.1,9,1.0,74.1,3.973,-4.4,0,1,770
2026-03-29T09:04:57,-10.463317,-141.959351,10.4,15.29,51.9,8,1.3,74.2,3.974,-4.4,0,1,771
2026-03-29T09:05:24,-10.462123,-141.957947,12.2,14.74,50.0,10,1.0,73.9,3.971,-4.4,0,1,772
2026-03-29T09:05:52,-10.460885,-141.956512,16.8,13.92,46.9,10,1.0,74.5,3.974,-4.4,0,1,773
2026-03-29T09:06:19,-10.459719,-141.955139,24.2,14.09,48.9,9,1.2,73.7,3.971,-4.4,0,1,774
2026-03-29T09:06:47,-10.458567,-141.953690,19.7,14.05,51.1,10,1.0,74.2,3.975,-4.4,0,1,775
2026-03-29T09:07:14,-10.457432,-141.952301,19.8,15.07,47.5,10,1.1,74.2,3.973,-4.4,0,1,776
2026-03-29T09:07:42,-10.456192,-141.950821,22.3,14.62,50.8,9,1.2,74.1,3.976,-4.4,0,1,777
2026-03-29T09:08:09,-10.455033,-141.949356,22.4,13.96,44.8,10,1.0,73.7,3.971,-4.4,0,1,778
2026-03-29T09:08:37,-10.453765,-141.947922,24.1,15.19,46.9,9,1.2,74.1,3.976,-4.4,0,1,779
2026-03-29T09:09:04,-10.452594,-141.946503,25.9,14.31,47.8,10,1.0,73.9,3.971,-4.4,0,1,780
2026-03-29T09:09:32,-10.451320,-141.945084,36.4,15.11,48.1,10,1.0,74.1,3.975,-4.4,0,1,781
2026-03-29T09:09:59,-10.450223,-141.943619,26.6,14.24,51.0,9,1.2,73.7,3.974,-4.4,0,1,782
2026-03-29T09:10:27,-10.449018,-141.942184,17.1,14.49,51.9,9,1.2,73.9,3.975,-4.4,0,1,783
2026-03-29T09:10:54,-10.447913,-141.940720,14.5,15.10,49.2,9,1.2,73.6,3.969,-4.4,0,1,784
2026-03-29T09:11:22,-10.446709,-141.939270,22.5,13.58,51.4,9,1.2,73.7,3.977,-4.4,0,1,785
2026-03-29T09:11:49,-10.445469,-141.937881,24.9,14.66,46.9,9,1.2,73.7,3.970,-4.4,0,1,786
2026-03-29T09:12:17,-10.444225,-141.936493,28.0,13.96,51.5,9,1.2,73.9,3.976,-4.4,0,1,787
2026-03-29T09:12:44,-10.443077,-141.935059,35.3,14.19,47.4,9,1.2,73.9,3.969,-4.4,0,1,788
2026-03-29T09:13:12,-10.441929,-141.933578,30.1,13.95,44.4,9,1.2,73.9,3.977,-4.4,0,1,789
2026-03-29T09:13:39,-10.440835,-141.932144,31.5,12.63,54.8,9,1.2,73.7,3.970,-4.4,0,1,790
2026-03-29T09:14:07,-10.439570,-141.930710,37.9,13.98,47.8,9,1.2,73.9,3.976,-4.4,0,1,791
2026-03-29T09:14:34,-10.438407,-141.929337,37.2,14.87,45.0,9,1.2,73.4,3.970,-4.4,0,1,792
2026-03-29T09:15:02,-10.437265,-141.927856,34.7,14.30,50.0,9,1.2,74.4,3.975,-4.4,0,1,793
2026-03-29T09:15:29,-10.436086,-141.926468,36.9,14.16,52.5,9,1.2,74.1,3.966,-4.4,0,1,794
2026-03-29T09:15:57,-10.434880,-141.925049,38.8,14.88,50.0,9,1.2,73.9,3.971,-4.4,0,1,795
2026-03-29T09:16:24,-10.433639,-141.923615,38.4,15.45,47.0,9,1.2,73.6,3.969,-4.4,0,1,796
2026-03-29T09:16:52,-10.432464,-141.922165,38.3,15.28,47.6,9,1.2,73.7,3.971,-4.4,0,1,797
2026-03-29T09:17:19,-10.431238,-141.920792,37.0,13.92,48.8,9,1.2,73.6,3.967,-4.4,0,1,798
2026-03-29T09:17:47,-10.430015,-141.919357,35.1,14.21,45.8,9,1.2,73.9,3.974,-4.4,0,1,799
2026-03-29T09:18:14,-10.428788,-141.918045,32.2,15.11,45.5,9,1.2,73.7,3.967,-4.4,0,1,800
2026-03-29T09:18:42,-10.427567,-141.916565,23.4,14.77,47.1,9,1.1,74.1,3.974,-4.4,0,1,801
2026-03-29T09:19:09,-10.426383,-141.915085,25.7,14.33,51.0,9,1.2,73.6,3.964,-4.4,0,1,802
2026-03-29T09:19:37,-10.425236,-141.913620,22.8,14.33,50.9,9,1.1,73.9,3.975,-4.4,0,1,803
2026-03-29T09:20:04,-10.424040,-141.912216,22.6,13.60,56.2,9,1.2,73.6,3.966,-4.4,0,1,804
2026-03-29T09:20:32,-10.422840,-141.910706,20.8,14.85,50.0,9,1.1,73.6,3.973,-4.4,0,1,805
2026-03-29T09:20:59,-10.421586,-141.909317,18.3,14.31,49.5,9,1.1,73.6,3.965,-4.4,0,1,806
2026-03-29T09:21:27,-10.420339,-141.907822,19.4,13.97,48.2,9,1.1,73.7,3.974,-4.4,0,1,807
2026-03-29T09:21:54,-10.419128,-141.906433,26.1,13.22,51.4,8,1.7,73.6,3.969,-4.4,0,1,808
2026-03-29T09:22:22,-10.417952,-141.904968,24.8,15.16,52.9,8,1.7,73.6,3.971,-4.4,0,1,809
2026-03-29T09:22:49,-10.416710,-141.903564,26.0,14.00,46.9,8,1.6,73.2,3.969,-4.4,0,1,810
2026-03-29T09:23:17,-10.415535,-141.902084,24.9,13.96,49.9,8,1.6,73.6,3.970,-4.4,0,1,811
2026-03-29T09:23:45,-10.414310,-141.900665,24.1,14.51,48.1,9,1.1,73.4,3.966,-4.4,0,1,812
2026-03-29T09:24:12,-10.413085,-141.899231,21.8,13.74,51.4,9,1.1,73.6,3.971,-4.4,0,1,813
2026-03-29T09:24:40,-10.411863,-141.897797,22.8,14.29,52.8,9,1.1,73.2,3.967,-4.4,0,1,814
2026-03-29T09:25:07,-10.410655,-141.896317,25.0,14.63,48.8,9,1.1,73.7,3.973,-4.4,0,1,815
2026-03-29T09:25:35,-10.409581,-141.894897,18.3,14.34,50.4,9,1.1,73.2,3.966,-4.4,0,1,816
2026-03-29T09:26:02,-10.408335,-141.893463,19.0,14.42,49.1,9,1.1,73.6,3.973,-4.4,0,1,817
2026-03-29T09:26:30,-10.407164,-141.892029,16.6,14.17,51.1,9,1.1,73.2,3.965,-4.4,0,1,818
2026-03-29T09:26:57,-10.405995,-141.890518,14.5,14.31,50.4,9,1.1,73.6,3.970,-4.4,0,1,819
2026-03-29T09:27:25,-10.404790,-141.889114,13.0,14.41,51.7,9,1.1,73.1,3.964,-4.4,0,1,820
2026-03-29T09:27:52,-10.403649,-141.887619,8.4,13.95,51.7,9,1.1,73.6,3.973,-4.4,0,1,821
2026-03-29T09:28:20,-10.402487,-141.886215,8.3,14.00,46.8,9,1.1,73.2,3.966,-4.4,0,1,822
2026-03-29T09:28:47,-10.401340,-141.884750,-3.9,13.09,48.3,9,1.1,73.1,3.973,-4.4,0,1,823
2026-03-29T09:29:15,-10.400212,-141.883331,-11.0,13.73,54.2,9,1.1,73.2,3.964,-4.4,0,1,824
2026-03-29T09:29:42,-10.398993,-141.881866,-14.2,14.66,50.6,9,1.1,73.6,3.973,-4.4,0,1,825
2026-03-29T09:30:10,-10.397869,-141.880447,-14.9,13.80,52.8,8,1.2,73.1,3.964,-4.4,0,1,826
2026-03-29T09:30:37,-10.396628,-141.879013,-12.9,13.19,52.7,7,1.5,73.4,3.971,-4.4,0,1,827
2026-03-29T09:31:05,-10.395402,-141.877670,-14.7,14.11,46.2,8,1.2,73.2,3.965,-4.4,0,1,828
2026-03-29T09:31:32,-10.394172,-141.876251,-10.5,14.36,50.3,8,1.2,73.2,3.970,-4.4,0,1,829
2026-03-29T09:32:00,-10.393049,-141.874817,-4.8,14.74,49.2,8,1.2,72.9,3.966,-4.4,0,1,830
2026-03-29T09:32:27,-10.391793,-141.873322,5.1,14.42,51.5,8,1.2,73.2,3.971,-4.4,0,1,831
2026-03-29T09:32:55,-10.390563,-141.871918,8.2,14.07,54.3,8,1.2,73.2,3.965,-4.4,0,1,832
2026-03-29T09:33:22,-10.389318,-141.870422,8.1,14.86,46.1,7,1.2,73.1,3.971,-4.4,0,1,833
2026-03-29T09:33:50,-10.388120,-141.869034,12.2,14.58,51.2,8,1.2,73.1,3.961,-4.4,0,1,834
2026-03-29T09:34:17,-10.386938,-141.867523,3.7,14.10,52.8,8,1.2,73.4,3.966,-4.4,0,1,835
2026-03-29T09:34:45,-10.385707,-141.866119,1.9,15.14,46.3,9,1.1,72.7,3.969,-4.4,0,1,836
2026-03-29T09:35:12,-10.384509,-141.864655,11.3,14.09,41.5,9,1.1,72.9,3.964,-4.4,0,1,837
2026-03-29T09:35:40,-10.383389,-141.863251,19.8,14.53,46.5,9,1.1,72.7,3.964,-4.4,0,1,838
2026-03-29T09:36:07,-10.382145,-141.861786,29.1,14.07,47.8,9,1.1,72.9,3.970,-4.4,0,1,839
2026-03-29T09:36:35,-10.380983,-141.860367,30.0,14.80,50.9,9,1.1,72.9,3.963,-4.4,0,1,840
2026-03-29T09:37:02,-10.379753,-141.858932,38.4,14.03,54.5,9,1.2,73.1,3.970,-4.4,0,1,841
2026-03-29T09:37:30,-10.378534,-141.857529,36.3,15.53,55.7,8,2.0,72.9,3.965,-4.4,0,1,842
2026-03-29T09:37:57,-10.377266,-141.856125,37.0,14.55,40.0,8,1.5,73.1,3.967,-4.4,0,1,843
2026-03-29T09:38:25,-10.376143,-141.854675,39.3,14.45,48.4,8,1.5,72.7,3.964,-4.4,0,1,844
2026-03-29T09:38:52,-10.374971,-141.853180,38.4,14.20,46.7,8,1.7,72.9,3.966,-4.4,0,1,845
2026-03-29T09:39:19,-10.373983,-141.851685,27.8,12.31,44.8,9,1.3,72.6,3.963,-4.4,0,1,846
2026-03-29T09:39:47,-10.372910,-141.850143,18.3,14.48,50.3,8,1.7,73.1,3.967,-4.4,0,1,847
2026-03-29T09:40:14,-10.371770,-141.848724,14.5,14.14,48.5,8,1.7,72.7,3.961,-4.4,0,1,848
2026-03-29T09:40:42,-10.370528,-141.847290,16.3,14.50,48.7,8,1.7,72.7,3.965,-4.4,0,1,849
2026-03-29T09:41:09,-10.369331,-141.845886,22.0,14.21,53.8,9,1.4,73.1,3.957,-4.4,0,1,850
2026-03-29T09:41:37,-10.368114,-141.844437,20.3,14.09,48.3,8,1.8,73.1,3.966,-4.4,0,1,851
2026-03-29T09:42:04,-10.366980,-141.843063,28.1,14.02,43.2,8,1.8,72.7,3.963,-4.4,0,1,852
2026-03-29T09:42:32,-10.365720,-141.841660,22.8,14.32,44.4,9,1.4,72.9,3.965,-4.4,0,1,853
2026-03-29T09:42:59,-10.364543,-141.840286,27.6,14.82,48.2,8,1.8,72.7,3.961,1936.7,0,1,854
2026-03-29T09:43:27,-10.363372,-141.838837,28.7,13.46,47.6,10,1.2,72.9,3.965,-4.4,0,1,855
2026-03-29T09:43:54,-10.362224,-141.837433,28.9,14.39,55.8,10,1.3,72.4,3.960,-4.4,0,1,856
2026-03-29T09:44:22,-10.360962,-141.836014,33.3,14.90,42.4,10,1.2,72.9,3.964,-4.4,0,1,857
2026-03-29T09:44:49,-10.359801,-141.834595,37.0,14.44,49.2,10,1.3,72.6,3.961,-4.4,0,1,858
2026-03-29T09:45:17,-10.358640,-141.833069,28.3,14.90,52.1,8,1.5,72.7,3.966,-4.4,0,1,859
2026-03-29T09:45:44,-10.357517,-141.831635,19.4,14.16,48.2,9,1.3,72.6,3.957,-4.4,0,1,860
2026-03-29T09:46:12,-10.356308,-141.830215,18.7,14.29,41.4,9,1.2,72.6,3.966,-4.4,0,1,861
2026-03-29T09:46:39,-10.355162,-141.828781,14.2,14.47,47.8,9,1.2,72.4,3.961,-4.4,0,1,862
2026-03-29T09:47:07,-10.353882,-141.827347,13.9,13.56,49.2,9,1.2,72.7,3.966,-4.4,0,1,863
2026-03-29T09:47:34,-10.352728,-141.825958,14.7,14.56,54.1,9,1.2,72.2,3.961,-4.4,0,1,864
2026-03-29T09:48:02,-10.351554,-141.824478,14.2,14.55,51.6,10,1.2,72.7,3.961,-4.4,0,1,865
2026-03-29T09:48:29,-10.350323,-141.823120,13.0,15.45,48.6,10,1.2,72.4,3.961,-4.4,0,1,866
2026-03-29T09:48:57,-10.349116,-141.821655,13.3,14.73,44.5,10,1.2,72.6,3.965,-4.4,0,1,867
2026-03-29T09:49:24,-10.347874,-141.820282,20.9,14.49,49.2,10,1.2,72.2,3.959,-4.4,0,1,868
2026-03-29T09:49:52,-10.346744,-141.818741,15.9,14.67,48.9,10,1.2,72.7,3.965,-4.4,0,1,869
2026-03-29T09:50:19,-10.345586,-141.817322,15.0,14.65,52.6,10,1.1,72.2,3.960,-4.4,0,1,870
2026-03-29T09:50:47,-10.344358,-141.815826,14.8,14.25,47.7,10,1.1,72.4,3.961,-4.4,0,1,871
2026-03-29T09:51:14,-10.343112,-141.814407,19.2,14.94,42.9,10,1.2,72.4,3.960,-4.4,0,1,872
2026-03-29T09:51:42,-10.341853,-141.812943,18.5,15.14,44.3,10,1.1,72.6,3.965,-4.4,0,1,873
2026-03-29T09:52:09,-10.340692,-141.811539,14.2,15.48,49.6,10,1.1,72.4,3.959,-4.4,0,1,874
2026-03-29T09:52:37,-10.339427,-141.810104,17.6,15.69,44.3,10,1.1,72.2,3.961,-4.4,0,1,875
2026-03-29T09:53:04,-10.338229,-141.808670,20.4,14.63,51.3,10,1.1,72.1,3.957,-4.4,0,1,876
2026-03-29T09:53:32,-10.337046,-141.807159,24.8,14.29,51.5,10,1.1,72.4,3.959,-4.4,0,1,877
2026-03-29T09:53:59,-10.335834,-141.805725,29.0,14.88,47.2,10,1.1,72.2,3.956,1923.6,0,1,878
2026-03-29T09:54:27,-10.334619,-141.804214,35.5,14.69,47.4,10,1.1,72.4,3.964,-4.4,0,1,879
2026-03-29T09:54:54,-10.333433,-141.802811,36.8,15.38,46.4,10,1.1,72.4,3.959,-4.4,0,1,880
2026-03-29T09:55:22,-10.332227,-141.801315,31.9,14.67,45.3,10,1.1,72.1,3.961,-4.4,0,1,881
2026-03-29T09:55:49,-10.331051,-141.799866,33.2,14.95,49.2,10,1.2,72.2,3.959,-4.4,0,1,882
2026-03-29T09:56:17,-10.329766,-141.798401,38.0,15.58,47.0,10,1.1,72.6,3.964,-4.4,0,1,883
2026-03-29T09:56:44,-10.328574,-141.796951,36.8,15.47,52.2,11,1.1,72.1,3.963,-4.4,0,1,884
2026-03-29T09:57:12,-10.327350,-141.795441,33.4,15.21,54.2,11,1.1,72.6,3.964,-4.4,0,1,885
2026-03-29T09:57:39,-10.326145,-141.793991,24.0,14.56,50.8,11,1.1,72.2,3.959,-4.4,0,1,886
2026-03-29T09:58:07,-10.324888,-141.792480,28.1,15.11,45.2,11,1.1,72.4,3.963,-4.4,0,1,887
2026-03-29T09:58:34,-10.323649,-141.791046,34.8,14.74,45.3,10,1.5,71.9,3.957,-4.4,0,1,888
2026-03-29T09:59:02,-10.322412,-141.789551,33.4,15.06,48.4,9,1.5,72.4,3.964,-4.4,0,1,889
2026-03-29T09:59:29,-10.321191,-141.788101,28.6,14.01,54.2,11,1.1,72.1,3.960,-4.4,0,1,890
2026-03-29T09:59:57,-10.319973,-141.786591,27.9,14.95,55.2,10,1.5,72.2,3.961,-4.4,0,1,891
2026-03-29T10:00:24,-10.318783,-141.785141,29.7,14.52,47.0,10,1.5,71.9,3.955,-4.4,0,1,892
2026-03-29T10:00:52,-10.317500,-141.783676,28.1,14.83,49.2,11,1.1,72.2,3.964,-4.4,0,1,893
2026-03-29T10:01:19,-10.316277,-141.782272,30.1,15.05,49.3,10,1.5,72.1,3.959,-4.4,0,1,894
2026-03-29T10:01:47,-10.315060,-141.780746,31.0,14.74,55.7,11,1.1,71.9,3.964,-4.4,0,1,895
2026-03-29T10:02:14,-10.313865,-141.779297,34.5,15.74,54.4,11,1.1,72.1,3.960,-4.4,0,1,896
2026-03-29T10:02:42,-10.312631,-141.777802,33.3,14.62,49.5,11,1.0,72.4,3.963,-4.4,0,1,897
2026-03-29T10:03:09,-10.311454,-141.776352,30.5,14.50,47.3,11,1.1,72.1,3.960,-4.4,0,1,898
2026-03-29T10:03:37,-10.310200,-141.774948,31.0,15.18,47.3,11,1.0,71.9,3.963,-4.4,0,1,899
2026-03-29T10:04:04,-10.308960,-141.773544,38.3,14.48,50.4,11,1.1,71.9,3.951,-4.4,0,1,900
2026-03-29T10:04:32,-10.307791,-141.772003,42.2,14.42,56.0,10,1.5,72.1,3.961,-4.4,0,1,901
2026-03-29T10:04:59,-10.306594,-141.770615,45.2,13.73,48.9,11,1.1,71.9,3.960,-4.4,0,1,902
2026-03-29T10:05:27,-10.305346,-141.769150,43.2,14.32,48.1,10,1.5,72.1,3.961,-4.4,0,1,903
2026-03-29T10:05:54,-10.304193,-141.767746,47.0,14.14,51.9,10,1.5,71.9,3.959,-4.4,0,1,904
2026-03-29T10:06:22,-10.302972,-141.766266,40.0,14.48,50.2,10,1.5,71.9,3.961,-4.4,0,1,905
2026-03-29T10:06:49,-10.301840,-141.764786,38.4,14.57,52.4,10,1.5,71.9,3.953,-4.4,0,1,906
2026-03-29T10:07:17,-10.300607,-141.763260,40.6,15.08,48.0,9,1.7,71.9,3.963,-4.4,0,1,907
2026-03-29T10:07:44,-10.299406,-141.761856,37.7,14.69,46.1,10,1.5,71.6,3.959,-4.4,0,1,908
2026-03-29T10:08:12,-10.298155,-141.760391,37.5,14.95,48.1,10,1.4,71.9,3.961,-4.4,0,1,909
2026-03-29T10:08:39,-10.296960,-141.758942,41.3,15.61,53.7,10,1.5,71.8,3.960,-4.4,0,1,910
2026-03-29T10:09:07,-10.295722,-141.757462,38.0,15.04,49.7,11,1.0,71.8,3.960,-4.4,0,1,911
2026-03-29T10:09:34,-10.294549,-141.756027,42.6,13.66,51.8,11,1.0,71.8,3.950,-4.4,0,1,912
2026-03-29T10:10:02,-10.293393,-141.754486,47.2,14.79,48.8,9,1.5,71.6,3.961,-4.4,0,1,913
2026-03-29T10:10:29,-10.292189,-141.753082,45.9,15.26,50.9,11,1.0,71.8,3.959,-4.4,0,1,914
2026-03-29T10:10:57,-10.290912,-141.751602,44.3,14.68,46.5,9,1.5,71.6,3.960,-4.4,0,1,915
2026-03-29T10:11:24,-10.289770,-141.750168,44.8,14.56,53.1,10,1.5,71.6,3.959,-4.4,0,1,916
2026-03-29T10:11:52,-10.288588,-141.748642,45.5,14.40,61.1,11,1.0,71.6,3.960,-4.4,0,1,917
2026-03-29T10:12:19,-10.287395,-141.747253,42.6,14.55,50.5,10,1.4,71.8,3.954,-4.4,0,1,918
2026-03-29T10:12:47,-10.286172,-141.745773,44.0,15.30,48.2,11,1.0,71.4,3.959,-4.4,0,1,919
2026-03-29T10:13:14,-10.284987,-141.744339,33.7,14.23,50.0,11,1.0,71.6,3.957,-4.4,0,1,920
2026-03-29T10:13:42,-10.283777,-141.742874,39.3,14.95,50.7,10,1.4,71.6,3.959,-4.4,0,1,921
2026-03-29T10:14:09,-10.282608,-141.741440,35.4,14.52,53.5,10,1.4,71.6,3.951,-4.4,0,1,922
2026-03-29T10:14:37,-10.281453,-141.739944,24.7,13.90,56.1,10,1.4,71.8,3.959,-4.4,0,1,923
2026-03-29T10:15:04,-10.280283,-141.738464,24.9,15.31,51.9,10,1.4,71.3,3.956,-4.4,0,1,924
2026-03-29T10:15:32,-10.279136,-141.736908,23.9,14.73,49.9,10,1.4,71.6,3.957,-4.4,0,1,925
2026-03-29T10:15:59,-10.278000,-141.735413,27.9,14.65,52.6,10,1.4,71.8,3.953,-4.4,0,1,926
2026-03-29T10:16:27,-10.276814,-141.733902,24.4,15.03,49.9,10,1.1,71.3,3.959,-4.4,0,1,927
2026-03-29T10:16:54,-10.275663,-141.732407,29.7,14.74,48.6,10,1.4,71.4,3.954,-4.4,0,1,928
2026-03-29T10:17:22,-10.274468,-141.730835,31.0,15.38,49.1,10,1.4,71.9,3.957,-4.4,0,1,929
2026-03-29T10:17:49,-10.273282,-141.729340,33.0,14.78,55.2,10,1.4,71.6,3.954,-4.4,0,1,930
2026-03-29T10:18:17,-10.272077,-141.727798,36.3,15.30,44.5,11,1.0,71.8,3.957,-4.4,0,1,931
2026-03-29T10:18:44,-10.270880,-141.726303,33.5,15.41,48.1,10,1.1,71.6,3.945,-4.4,0,1,932
2026-03-29T10:19:12,-10.269658,-141.724762,37.7,15.22,51.2,10,1.0,71.6,3.956,-4.4,0,1,933
2026-03-29T10:19:39,-10.268525,-141.723251,37.9,15.31,54.5,9,1.5,71.8,3.953,-4.4,0,1,934
2026-03-29T10:20:07,-10.267408,-141.721649,31.9,14.49,57.0,10,1.0,71.3,3.953,-4.4,0,1,935
2026-03-29T10:20:34,-10.266197,-141.720200,29.9,14.93,51.2,10,1.1,71.1,3.950,-4.4,0,1,936
2026-03-29T10:21:02,-10.265025,-141.718643,36.7,14.23,54.1,10,1.0,71.4,3.953,-4.4,0,1,937
2026-03-29T10:21:29,-10.263835,-141.717117,43.8,14.80,51.7,10,1.1,70.9,3.950,-4.4,0,1,938
2026-03-29T10:21:57,-10.262657,-141.715546,39.8,15.49,49.8,9,1.5,71.4,3.957,-4.4,0,1,939
2026-03-29T10:22:24,-10.261372,-141.714050,48.2,14.56,42.8,9,1.5,71.1,3.951,-4.4,0,1,940
2026-03-29T10:22:52,-10.260221,-141.712418,56.2,15.44,58.5,10,1.0,71.3,3.956,-4.4,0,1,941
2026-03-29T10:23:19,-10.259103,-141.710937,51.8,15.03,48.5,9,1.5,71.1,3.949,-4.4,0,1,942
2026-03-29T10:23:47,-10.257901,-141.709366,58.2,14.86,50.9,9,1.5,71.4,3.956,-4.4,0,1,943
2026-03-29T10:24:14,-10.256812,-141.707870,55.8,16.08,54.2,9,1.0,70.9,3.950,-4.4,0,1,944
2026-03-29T10:24:42,-10.255653,-141.706314,50.0,14.26,50.0,8,1.5,71.6,3.955,-4.4,0,1,945
2026-03-29T10:25:09,-10.254460,-141.704880,50.1,15.18,49.7,9,1.1,71.3,3.947,-4.4,0,1,946
2026-03-29T10:25:37,-10.253395,-141.703293,50.1,14.65,49.5,9,1.0,71.3,3.950,-4.4,0,1,947
2026-03-29T10:26:04,-10.252200,-141.701859,41.7,15.44,46.7,9,1.0,70.6,3.950,-4.4,0,1,948
2026-03-29T10:26:32,-10.251061,-141.700378,29.6,14.66,53.6,9,1.0,71.3,3.956,-4.4,0,1,949
2026-03-29T10:26:59,-10.249805,-141.698990,17.9,14.89,51.4,8,1.5,70.9,3.950,-4.4,0,1,950
2026-03-29T10:27:27,-10.248735,-141.697479,13.3,13.79,54.9,9,1.0,71.1,3.953,-4.4,0,1,951
2026-03-29T10:27:54,-10.247590,-141.695984,15.4,14.50,51.2,8,1.4,70.9,3.950,-4.4,0,1,952
2026-03-29T10:28:22,-10.246430,-141.694443,12.2,14.83,50.4,8,1.4,71.3,3.953,-4.4,0,1,953
2026-03-29T10:28:49,-10.245327,-141.692993,2.8,14.11,57.1,8,1.4,71.1,3.950,-4.4,0,1,954
2026-03-29T10:29:17,-10.244219,-141.691406,7.1,13.96,53.1,9,1.0,71.3,3.954,-4.4,0,1,955
2026-03-29T10:29:44,-10.243053,-141.689926,14.6,15.43,49.2,8,1.4,71.3,3.946,-4.4,0,1,956
2026-03-29T10:30:12,-10.241879,-141.688385,32.9,14.39,48.8,8,1.4,71.3,3.951,-4.4,0,1,957
2026-03-29T10:30:39,-10.240739,-141.686874,35.7,15.71,53.2,8,1.4,70.9,3.947,-4.4,0,1,958
2026-03-29T10:31:07,-10.239438,-141.685394,21.5,14.51,49.8,8,1.4,70.9,3.955,-4.4,0,1,959
2026-03-29T10:31:34,-10.238172,-141.684006,1.8,15.59,53.6,8,1.4,70.8,3.946,-4.4,0,1,960
2026-03-29T10:32:02,-10.236904,-141.682541,-15.5,14.69,52.0,8,1.4,71.1,3.951,-4.4,0,1,961
2026-03-29T10:32:29,-10.235762,-141.681107,-21.4,14.90,49.3,8,1.4,70.8,3.949,-4.4,0,1,962
2026-03-29T10:32:57,-10.234674,-141.679489,3.5,15.26,50.9,8,1.3,71.1,3.955,-4.4,0,1,963
2026-03-29T10:33:24,-10.233477,-141.678009,13.8,15.08,42.4,8,1.4,70.6,3.945,-4.4,0,1,964
2026-03-29T10:33:52,-10.232334,-141.676392,27.0,14.80,51.6,8,1.3,70.8,3.955,-4.4,0,1,965
2026-03-29T10:34:19,-10.231205,-141.674881,28.1,15.20,46.6,8,1.4,70.6,3.947,-4.4,0,1,966
2026-03-29T10:34:47,-10.230026,-141.673325,23.8,14.34,49.9,8,1.3,70.9,3.951,-4.4,0,1,967
2026-03-29T10:35:14,-10.228797,-141.671875,15.8,15.32,50.4,8,1.4,70.6,3.946,-4.4,0,1,968
2026-03-29T10:35:42,-10.227550,-141.670334,17.4,15.32,50.2,7,2.2,70.8,3.949,-4.4,0,1,969
2026-03-29T10:36:09,-10.226393,-141.668793,16.0,15.26,46.4,8,1.4,70.8,3.945,-4.4,0,1,970
2026-03-29T10:36:37,-10.225202,-141.667267,15.9,14.48,50.0,8,1.3,70.8,3.953,-4.4,0,1,971
2026-03-29T10:37:04,-10.224051,-141.665787,8.6,14.78,46.4,8,1.4,70.6,3.946,-4.4,0,1,972
2026-03-29T10:37:32,-10.222866,-141.664261,-1.1,14.92,50.7,7,2.1,70.8,3.947,-4.4,0,1,973
2026-03-29T10:37:59,-10.221688,-141.662766,-6.1,15.56,51.2,7,2.1,70.8,3.946,-4.4,0,1,974
2026-03-29T10:38:27,-10.220534,-141.661179,15.2,14.80,50.5,8,1.5,70.9,3.951,-4.4,0,1,975
2026-03-29T10:38:54,-10.219400,-141.659668,19.6,14.16,46.3,9,1.2,70.6,3.944,-4.4,0,1,976
2026-03-29T10:39:22,-10.218202,-141.658157,17.7,14.95,48.0,8,1.5,70.4,3.951,-4.4,0,1,977
2026-03-29T10:39:49,-10.217043,-141.656693,20.8,15.29,52.9,8,1.7,70.6,3.946,-4.4,0,1,978
2026-03-29T10:40:17,-10.215888,-141.655167,24.9,14.73,52.1,8,1.5,70.8,3.947,-4.4,0,1,979
2026-03-29T10:40:44,-10.214675,-141.653717,25.1,15.20,49.9,8,1.7,70.9,3.947,-4.4,0,1,980
2026-03-29T10:41:12,-10.213558,-141.652130,35.8,14.31,54.2,8,1.5,70.6,3.949,-4.4,0,1,981
2026-03-29T10:41:39,-10.212374,-141.650665,38.3,16.95,48.6,8,1.7,70.8,3.945,-4.4,0,1,982
2026-03-29T10:42:07,-10.211179,-141.649124,42.0,15.52,45.0,8,1.5,70.6,3.949,-4.4,0,1,983
2026-03-29T10:42:34,-10.210060,-141.647659,46.8,14.15,47.5,8,1.7,70.6,3.944,-4.4,0,1,984
2026-03-29T10:43:02,-10.208877,-141.646103,48.0,15.11,49.8,9,1.2,70.8,3.947,-4.4,0,1,985
2026-03-29T10:43:29,-10.207702,-141.644638,51.7,14.26,53.1,8,1.7,70.6,3.946,-4.4,0,1,986
2026-03-29T10:43:57,-10.206512,-141.643143,50.7,13.97,51.6,8,1.5,70.9,3.951,-4.4,0,1,987
2026-03-29T10:44:24,-10.205366,-141.641708,49.1,14.17,55.2,8,1.6,70.6,3.946,-4.4,0,1,988
2026-03-29T10:44:52,-10.204182,-141.640198,45.5,14.07,52.8,8,1.5,70.8,3.949,-4.4,0,1,989
2026-03-29T10:45:19,-10.203015,-141.638733,43.1,15.31,51.3,8,1.6,70.4,3.945,-4.4,0,1,990
2026-03-29T10:45:47,-10.201821,-141.637192,46.6,15.32,51.1,8,1.5,70.8,3.945,-4.4,0,1,991
2026-03-29T10:46:14,-10.200677,-141.635696,47.8,15.10,49.2,8,1.6,70.6,3.945,-4.4,0,1,992
2026-03-29T10:46:42,-10.199495,-141.634201,36.9,13.91,47.1,8,1.5,70.6,3.946,-4.4,0,1,993
2026-03-29T10:47:09,-10.198311,-141.632751,25.3,15.14,52.8,8,1.6,70.4,3.944,-4.4,0,1,994
2026-03-29T10:47:37,-10.197159,-141.631210,22.1,14.40,53.4,8,1.5,70.6,3.950,-4.4,0,1,995
2026-03-29T10:48:04,-10.196075,-141.629730,31.5,15.11,52.8,9,1.6,70.3,3.943,-4.4,0,1,996
2026-03-29T10:48:32,-10.194901,-141.628204,35.1,15.34,52.7,9,1.4,70.6,3.950,-4.4,0,1,997
2026-03-29T10:48:59,-10.193727,-141.626724,42.2,15.46,49.8,9,1.6,70.3,3.943,-4.4,0,1,998
2026-03-29T10:49:27,-10.192654,-141.625183,36.9,13.95,52.4,9,1.4,70.4,3.950,-4.4,0,1,999
2026-03-29T10:49:54,-10.191522,-141.623672,37.9,14.69,49.7,9,1.4,70.1,3.941,-4.4,0,1,1000
2026-03-29T10:50:22,-10.190357,-141.622162,32.2,14.49,47.0,9,1.4,70.6,3.947,-4.4,0,1,1001
2026-03-29T10:50:49,-10.189319,-141.620773,24.9,14.56,49.6,9,1.6,70.1,3.943,-4.4,0,1,1002
2026-03-29T10:51:17,-10.188188,-141.619308,23.2,14.17,50.2,9,1.4,70.4,3.949,-4.4,0,1,1003
2026-03-29T10:51:44,-10.187085,-141.617874,25.6,14.04,51.8,9,1.6,70.1,3.944,-4.4,0,1,1004
2026-03-29T10:52:12,-10.185905,-141.616348,28.8,15.17,53.5,9,1.4,70.3,3.949,-4.4,0,1,1005
2026-03-29T10:52:39,-10.184827,-141.614838,23.4,14.78,51.6,9,1.4,70.3,3.943,-4.4,0,1,1006
2026-03-29T10:53:07,-10.183580,-141.613342,24.5,15.11,49.7,9,1.3,70.3,3.947,-4.4,0,1,1007
2026-03-29T10:53:34,-10.182299,-141.611923,35.9,15.77,45.8,9,1.5,70.3,3.944,-4.4,0,1,1008
2026-03-29T10:54:02,-10.181053,-141.610428,37.6,14.32,51.6,9,1.3,70.4,3.947,-4.4,0,1,1009
2026-03-29T10:54:29,-10.179847,-141.608963,38.1,15.41,54.0,9,1.3,70.0,3.943,-4.4,0,1,1010
2026-03-29T10:54:57,-10.178615,-141.607452,37.2,14.85,51.1,9,1.3,70.1,3.947,-4.4,0,1,1011
2026-03-29T10:55:24,-10.177413,-141.606018,37.9,15.05,50.7,9,1.3,70.0,3.940,-4.4,0,1,1012
2026-03-29T10:55:52,-10.176187,-141.604462,41.8,15.84,49.2,9,1.3,70.3,3.945,-4.4,0,1,1013
2026-03-29T10:56:19,-10.175055,-141.603027,41.6,14.81,46.1,9,1.3,70.0,3.941,-4.4,0,1,1014
2026-03-29T10:56:47,-10.173833,-141.601532,49.2,14.78,52.0,9,1.3,70.3,3.947,-4.4,0,1,1015
2026-03-29T10:57:14,-10.172677,-141.600082,45.2,14.35,49.0,9,1.3,70.3,3.940,-4.4,0,1,1016
2026-03-29T10:57:42,-10.171496,-141.598602,37.1,14.13,51.8,9,1.3,70.1,3.943,-4.4,0,1,1017
2026-03-29T10:58:09,-10.170366,-141.597183,35.9,14.86,47.7,9,1.3,69.8,3.940,-4.4,0,1,1018
2026-03-29T10:58:38,-10.169167,-141.595673,46.5,14.14,55.5,9,1.3,70.1,3.943,-4.4,0,1,1019
2026-03-29T10:59:04,-10.167965,-141.594223,53.7,13.48,46.8,9,1.5,70.0,3.941,-4.4,0,1,1020
2026-03-29T10:59:33,-10.166883,-141.592606,47.9,14.98,50.0,8,1.6,70.0,3.943,-4.4,0,1,1021
2026-03-29T10:59:59,-10.165743,-141.591141,51.8,14.27,48.7,8,1.9,70.0,3.940,-4.4,0,1,1022
2026-03-29T11:00:28,-10.164508,-141.589676,52.5,14.76,50.5,9,1.3,70.1,3.945,-4.4,0,1,1023
2026-03-29T11:00:54,-10.163324,-141.588242,53.1,14.80,50.7,9,1.5,70.0,3.940,-4.4,0,1,1024
2026-03-29T11:01:23,-10.162127,-141.586716,57.5,14.87,44.5,9,1.3,70.1,3.945,-4.4,0,1,1025
2026-03-29T11:01:49,-10.160908,-141.585358,58.8,15.07,46.2,8,1.6,69.6,3.939,-4.4,0,1,1026
2026-03-29T11:02:18,-10.159640,-141.583908,60.9,14.35,40.6,8,1.6,70.3,3.945,-4.4,0,1,1027
2026-03-29T11:02:44,-10.158479,-141.582504,54.9,14.07,43.6,8,1.9,69.6,3.939,-4.4,0,1,1028
2026-03-29T11:03:13,-10.157313,-141.580978,52.9,13.96,47.4,8,1.5,70.1,3.943,-4.4,0,1,1029
2026-03-29T11:03:39,-10.156125,-141.579620,54.5,12.82,44.6,8,1.9,69.6,3.941,-4.4,0,1,1030
2026-03-29T11:04:08,-10.154957,-141.578125,51.9,13.83,55.2,8,1.5,70.0,3.941,-4.4,0,1,1031
2026-03-29T11:04:34,-10.153802,-141.576660,44.5,15.17,55.6,8,1.5,69.6,3.938,-4.4,0,1,1032
2026-03-29T11:05:03,-10.152652,-141.575150,41.8,14.51,47.7,8,1.5,69.8,3.941,-4.4,0,1,1033
2026-03-29T11:05:29,-10.151499,-141.573654,43.3,13.73,42.7,8,1.5,69.8,3.939,-4.4,0,1,1034
2026-03-29T11:05:58,-10.150272,-141.572174,45.8,14.20,43.6,8,1.5,70.0,3.943,-4.4,0,1,1035
2026-03-29T11:06:24,-10.149096,-141.570770,50.2,14.87,52.6,8,1.5,69.6,3.940,-4.4,0,1,1036
2026-03-29T11:06:53,-10.148040,-141.569183,33.3,15.02,47.1,9,1.5,69.8,3.944,-4.4,0,1,1037
2026-03-29T11:07:19,-10.146857,-141.567749,34.8,15.08,42.8,9,1.7,69.5,3.939,-4.4,0,1,1038
2026-03-29T11:07:48,-10.145581,-141.566315,39.9,15.06,53.6,9,1.5,69.6,3.944,-4.4,0,1,1039
2026-03-29T11:08:14,-10.144422,-141.564896,45.4,14.68,52.9,9,1.7,69.6,3.936,-4.4,0,1,1040
2026-03-29T11:08:43,-10.143173,-141.563385,50.2,15.23,46.4,10,1.2,69.6,3.944,-4.4,0,1,1041
2026-03-29T11:09:09,-10.142015,-141.561935,49.1,15.43,50.3,9,1.4,69.5,3.938,-4.4,0,1,1042
2026-03-29T11:09:38,-10.140760,-141.560425,54.2,14.73,47.0,10,1.2,69.8,3.939,-4.4,0,1,1043
2026-03-29T11:10:04,-10.139600,-141.558975,51.5,13.25,53.3,8,2.2,69.5,3.938,-4.4,0,1,1044
2026-03-29T11:10:33,-10.138474,-141.557434,40.3,14.13,56.8,9,1.4,70.0,3.944,-4.4,0,1,1045
2026-03-29T11:10:59,-10.137295,-141.556000,47.1,14.51,44.9,9,1.4,69.8,3.935,-4.4,0,1,1046
2026-03-29T11:11:28,-10.136309,-141.554337,25.2,14.98,43.7,9,1.4,69.6,3.938,-4.4,0,1,1047
2026-03-29T11:11:54,-10.135041,-141.552979,30.0,15.28,45.3,9,1.6,70.1,3.934,-4.4,0,1,1048
2026-03-29T11:12:23,-10.133812,-141.551529,38.7,15.23,50.3,9,1.4,69.8,3.943,-4.4,0,1,1049
2026-03-29T11:12:49,-10.132692,-141.550064,31.3,14.29,44.8,9,1.6,69.1,3.936,-4.4,0,1,1050
2026-03-29T11:13:17,-10.131412,-141.548584,26.5,15.13,49.7,9,1.4,69.6,3.940,-4.4,0,1,1051
2026-03-29T11:13:44,-10.130205,-141.547165,18.2,14.77,45.1,8,2.1,69.5,3.938,-4.4,0,1,1052
2026-03-29T11:14:13,-10.129026,-141.545685,7.7,14.79,51.0,9,1.4,69.5,3.941,-4.4,0,1,1053
2026-03-29T11:14:39,-10.127810,-141.544220,16.5,14.29,47.8,9,1.6,69.5,3.935,-4.4,0,1,1054
2026-03-29T11:15:08,-10.126488,-141.542740,23.4,14.93,43.0,9,1.4,69.5,3.939,-4.4,0,1,1055
2026-03-29T11:15:34,-10.125280,-141.541336,23.8,15.06,49.0,9,1.4,69.5,3.935,-4.4,0,1,1056
2026-03-29T11:16:03,-10.124064,-141.539810,24.1,14.40,55.2,9,1.4,69.6,3.939,-4.4,0,1,1057
2026-03-29T11:16:29,-10.122820,-141.538361,28.4,14.06,48.7,9,1.6,69.1,3.935,-4.4,0,1,1058
2026-03-29T11:16:57,-10.121574,-141.536865,30.8,15.05,44.8,9,1.4,69.8,3.943,-4.4,0,1,1059
2026-03-29T11:17:24,-10.120420,-141.535385,27.4,14.44,51.5,9,1.5,69.6,3.934,-4.4,0,1,1060
2026-03-29T11:17:52,-10.119180,-141.533920,28.2,15.07,42.7,9,1.3,69.5,3.944,-4.4,0,1,1061
2026-03-29T11:18:19,-10.117978,-141.532471,33.0,14.22,51.9,9,1.5,69.3,3.935,-4.4,0,1,1062
2026-03-29T11:18:47,-10.116730,-141.530975,27.9,15.25,48.8,9,1.3,69.3,3.940,-4.4,0,1,1063
2026-03-29T11:19:14,-10.115474,-141.529541,37.3,15.05,44.3,9,1.5,69.3,3.934,-4.4,0,1,1064
2026-03-29T11:19:42,-10.114180,-141.528061,32.4,15.09,49.0,9,1.3,69.5,3.938,-4.4,0,1,1065
2026-03-29T11:20:09,-10.112969,-141.526642,33.7,14.39,46.7,9,1.5,69.0,3.934,-4.4,0,1,1066
2026-03-29T11:20:37,-10.111748,-141.525162,31.3,14.53,52.1,9,1.3,69.0,3.936,-4.4,0,1,1067
2026-03-29T11:21:04,-10.110532,-141.523697,33.6,14.73,51.2,9,1.3,69.0,3.932,1836.2,0,1,1068
2026-03-29T11:21:32,-10.109275,-141.522186,35.6,14.97,49.2,9,1.3,69.1,3.938,-4.4,0,1,1069
2026-03-29T11:21:59,-10.108075,-141.520706,29.8,14.79,53.6,9,1.3,69.1,3.932,-4.4,0,1,1070
2026-03-29T11:22:27,-10.106802,-141.519211,28.1,15.24,51.1,9,1.3,69.0,3.940,-4.4,0,1,1071
2026-03-29T11:22:54,-10.105625,-141.517776,22.3,14.02,53.6,9,1.5,69.1,3.935,-4.4,0,1,1072
2026-03-29T11:23:22,-10.104379,-141.516296,25.7,15.19,47.3,9,1.3,69.0,3.939,-4.4,0,1,1073
2026-03-29T11:23:49,-10.103205,-141.514847,21.9,15.35,50.8,9,1.5,69.1,3.935,-4.4,0,1,1074
2026-03-29T11:24:17,-10.101935,-141.513367,24.6,14.39,48.0,9,1.3,69.3,3.941,-4.4,0,1,1075
2026-03-29T11:24:44,-10.100726,-141.511917,22.4,15.01,53.2,9,1.5,69.0,3.931,-4.4,0,1,1076
2026-03-29T11:25:12,-10.099477,-141.510437,25.9,14.97,51.3,9,1.3,69.3,3.940,-4.4,0,1,1077
2026-03-29T11:25:39,-10.098260,-141.508987,27.5,14.60,47.5,9,1.4,69.0,3.939,-4.4,0,1,1078
2026-03-29T11:26:07,-10.097089,-141.507431,17.7,14.74,51.1,9,1.3,69.1,3.938,-4.4,0,1,1079
2026-03-29T11:26:34,-10.095909,-141.505951,20.4,14.90,58.8,9,1.4,69.0,3.930,-4.4,0,1,1080
2026-03-29T11:27:02,-10.094642,-141.504486,18.3,15.44,47.6,9,1.3,69.0,3.938,-4.4,0,1,1081
2026-03-29T11:27:29,-10.093398,-141.503067,26.9,14.97,48.8,9,1.4,69.0,3.935,-4.4,0,1,1082
2026-03-29T11:27:57,-10.092191,-141.501587,20.8,14.24,48.7,9,1.2,68.8,3.939,-4.4,0,1,1083
2026-03-29T11:28:24,-10.090940,-141.500183,17.7,13.82,51.7,9,1.4,69.1,3.932,-4.4,0,1,1084
2026-03-29T11:28:52,-10.089768,-141.498596,17.3,14.35,49.5,9,1.2,68.8,3.939,-4.4,0,1,1085
2026-03-29T11:29:19,-10.088520,-141.497238,17.4,14.92,47.1,9,1.4,69.0,3.936,-4.4,0,1,1086
2026-03-29T11:29:47,-10.087357,-141.495667,16.7,14.64,48.8,9,1.2,69.0,3.939,-4.4,0,1,1087
2026-03-29T11:30:14,-10.086130,-141.494278,16.8,13.65,48.7,9,1.2,69.0,3.930,-4.4,0,1,1088
2026-03-29T11:30:42,-10.084888,-141.492767,23.2,15.60,51.0,9,1.2,69.1,3.938,-4.4,0,1,1089
2026-03-29T11:31:09,-10.083580,-141.491379,34.5,14.61,49.3,9,1.4,69.0,3.929,-4.4,0,1,1090
2026-03-29T11:31:37,-10.082381,-141.489838,34.4,13.75,46.9,9,1.2,69.1,3.936,-4.4,0,1,1091
2026-03-29T11:32:04,-10.081256,-141.488327,37.2,14.59,48.2,9,1.4,68.8,3.935,-4.4,0,1,1092
2026-03-29T11:32:32,-10.079988,-141.486862,40.2,14.04,51.1,9,1.2,69.0,3.938,-4.4,0,1,1093
2026-03-29T11:32:59,-10.078774,-141.485397,42.0,15.39,48.5,10,1.3,68.6,3.931,-4.4,0,1,1094
2026-03-29T11:33:27,-10.077540,-141.483871,44.6,14.05,46.8,10,1.1,69.0,3.938,-4.4,0,1,1095
2026-03-29T11:33:54,-10.076299,-141.482422,49.5,14.56,54.5,10,1.1,68.5,3.934,-4.4,0,1,1096
2026-03-29T11:34:22,-10.075031,-141.480911,49.7,14.04,58.0,9,1.4,68.8,3.938,-4.4,0,1,1097
2026-03-29T11:34:49,-10.073814,-141.479431,54.2,15.57,49.5,10,1.3,68.6,3.930,-4.4,0,1,1098
2026-03-29T11:35:17,-10.072585,-141.477921,51.6,14.62,53.1,10,1.1,68.8,3.936,-4.4,0,1,1099
2026-03-29T11:35:44,-10.071413,-141.476425,60.0,14.74,50.0,10,1.3,68.5,3.930,-4.4,0,1,1100
2026-03-29T11:36:12,-10.070138,-141.474960,55.0,15.14,47.5,9,1.4,68.8,3.936,-4.4,0,1,1101
2026-03-29T11:36:39,-10.068958,-141.473495,48.8,15.39,52.6,10,1.1,68.6,3.925,-4.4,0,1,1102
2026-03-29T11:37:07,-10.067791,-141.471954,38.1,14.67,54.2,11,1.1,68.5,3.931,-4.4,0,1,1103
2026-03-29T11:37:34,-10.066604,-141.470444,39.2,14.66,50.3,11,1.3,68.5,3.928,-4.4,0,1,1104
2026-03-29T11:38:02,-10.065347,-141.468948,40.0,14.71,45.5,11,1.1,68.8,3.936,-4.4,0,1,1105
2026-03-29T11:38:29,-10.064161,-141.467453,39.6,15.16,53.6,10,1.5,68.5,3.932,-4.4,0,1,1106
2026-03-29T11:38:57,-10.062955,-141.465912,38.9,15.34,55.6,11,1.1,68.8,3.934,-4.4,0,1,1107
2026-03-29T11:39:24,-10.061800,-141.464432,42.7,13.82,47.9,11,1.2,68.5,3.926,-4.4,0,1,1108
2026-03-29T11:39:52,-10.060538,-141.462906,37.4,15.51,48.7,11,1.1,68.8,3.936,-4.4,0,1,1109
2026-03-29T11:40:19,-10.059388,-141.461456,42.1,14.53,52.3,10,1.3,68.3,3.928,-4.4,0,1,1110
2026-03-29T11:40:47,-10.058132,-141.459915,35.1,14.77,46.9,10,1.3,68.5,3.935,-4.4,0,1,1111
2026-03-29T11:41:14,-10.057003,-141.458420,35.8,14.99,53.4,10,1.5,68.5,3.929,-4.4,0,1,1112
2026-03-29T11:41:42,-10.055834,-141.456879,40.6,14.94,50.9,10,1.3,68.5,3.931,-4.4,0,1,1113
2026-03-29T11:42:09,-10.054697,-141.455383,37.6,14.70,48.0,10,1.5,68.5,3.929,-4.4,0,1,1114
2026-03-29T11:42:37,-10.053455,-141.453857,23.3,14.83,49.3,10,1.3,68.3,3.935,-4.4,0,1,1115
2026-03-29T11:43:04,-10.052290,-141.452393,16.3,15.11,49.2,10,1.5,67.9,3.926,-4.0,0,1,1116
2026-03-29T11:43:32,-10.051119,-141.450821,5.6,14.64,51.8,10,1.3,68.3,3.934,-4.4,0,1,1117
2026-03-29T11:43:59,-10.049912,-141.449402,4.4,14.85,49.5,10,1.3,68.5,3.929,-4.4,0,1,1118
2026-03-29T11:44:27,-10.048737,-141.447845,6.3,15.06,49.8,11,1.0,68.2,3.935,-4.0,0,1,1119
2026-03-29T11:44:54,-10.047515,-141.446426,4.9,15.49,52.0,10,1.4,68.2,3.926,-4.0,0,1,1120
2026-03-29T11:45:22,-10.046298,-141.444946,13.6,14.12,47.1,9,1.3,68.5,3.932,-4.4,0,1,1121
2026-03-29T11:45:49,-10.045156,-141.443512,18.3,14.00,48.7,9,1.3,68.2,3.929,-4.0,0,1,1122
2026-03-29T11:46:17,-10.043989,-141.442032,19.1,14.01,52.8,9,1.3,68.5,3.932,-4.4,0,1,1123
2026-03-29T11:46:44,-10.042789,-141.440643,19.6,14.52,50.9,9,1.3,68.2,3.928,-4.0,0,1,1124
2026-03-29T11:47:12,-10.041572,-141.439194,20.5,14.12,47.9,9,1.3,68.3,3.929,-4.4,0,1,1125
2026-03-29T11:47:39,-10.040415,-141.437775,23.5,14.71,46.3,9,1.3,67.9,3.928,-4.0,0,1,1126
2026-03-29T11:48:07,-10.039222,-141.436295,28.1,13.97,47.3,9,1.3,68.5,3.934,-4.4,0,1,1127
2026-03-29T11:48:34,-10.038136,-141.434753,30.9,14.90,56.0,10,1.4,68.2,3.928,-4.0,0,1,1128
2026-03-29T11:49:02,-10.036870,-141.433273,27.8,14.57,50.5,10,1.2,68.3,3.932,-4.4,0,1,1129
2026-03-29T11:49:29,-10.035722,-141.431854,31.3,14.53,49.7,10,1.2,68.2,3.924,-4.0,0,1,1130
2026-03-29T11:49:57,-10.034472,-141.430420,31.2,14.32,47.6,10,1.2,68.3,3.932,-4.4,0,1,1131
2026-03-29T11:50:24,-10.033278,-141.428986,35.1,14.50,49.4,10,1.3,67.7,3.928,-3.7,0,1,1132
2026-03-29T11:50:52,-10.032164,-141.427444,31.1,14.06,53.3,10,1.2,68.2,3.930,-4.0,0,1,1133
2026-03-29T11:51:19,-10.030997,-141.426025,27.5,15.37,56.2,10,1.3,67.9,3.931,-4.0,0,1,1134
2026-03-29T11:51:47,-10.029825,-141.424515,33.0,14.80,50.7,9,1.2,68.2,3.931,-4.0,0,1,1135
2026-03-29T11:52:14,-10.028634,-141.423080,30.2,14.53,51.1,10,1.3,68.2,3.924,-4.0,0,1,1136
2026-03-29T11:52:42,-10.027498,-141.421555,27.8,14.78,52.2,10,1.2,68.2,3.929,-4.0,0,1,1137
2026-03-29T11:53:09,-10.026363,-141.420135,29.6,14.58,52.5,10,1.3,67.7,3.924,-3.7,0,1,1138
2026-03-29T11:53:37,-10.025167,-141.418655,28.5,13.55,47.4,10,1.2,68.3,3.932,-4.4,0,1,1139
2026-03-29T11:54:04,-10.024043,-141.417145,22.3,14.28,53.3,10,1.3,68.0,3.929,-3.7,0,1,1140
2026-03-29T11:54:32,-10.022795,-141.415726,25.9,14.09,47.0,9,1.5,68.5,3.931,-4.4,0,1,1141
2026-03-29T11:54:59,-10.021622,-141.414291,20.5,14.44,52.0,9,1.5,67.9,3.925,-4.0,0,1,1142
2026-03-29T11:55:27,-10.020422,-141.412857,27.2,14.62,51.1,10,1.2,67.9,3.928,-4.0,0,1,1143
2026-03-29T11:55:54,-10.019305,-141.411438,22.0,13.13,49.2,9,1.7,67.9,3.924,-4.0,0,1,1144
2026-03-29T11:56:22,-10.018200,-141.409958,13.9,14.71,52.7,9,1.5,67.9,3.932,-4.0,0,1,1145
2026-03-29T11:56:49,-10.017053,-141.408569,16.2,14.17,54.7,10,1.3,68.0,3.916,-3.7,0,1,1146
2026-03-29T11:57:17,-10.015843,-141.407059,20.4,14.43,50.1,9,1.5,67.9,3.929,-4.0,0,1,1147
2026-03-29T11:57:44,-10.014673,-141.405563,22.0,13.85,48.3,9,1.6,68.0,3.925,-3.7,0,1,1148
2026-03-29T11:58:12,-10.013526,-141.404068,20.6,13.71,47.7,9,1.5,68.2,3.930,-4.0,0,1,1149
2026-03-29T11:58:39,-10.012390,-141.402664,21.2,14.09,52.8,9,1.6,67.9,3.924,-4.0,0,1,1150
2026-03-29T11:59:07,-10.011235,-141.401215,21.7,13.93,50.0,10,1.2,67.9,3.931,-4.0,0,1,1151
2026-03-29T11:59:34,-10.010125,-141.399765,19.8,14.89,47.4,10,1.2,67.7,3.922,-3.7,0,1,1152
2026-03-29T12:00:02,-10.008888,-141.398331,18.3,14.86,46.9,9,1.5,67.9,3.929,-4.0,0,1,1153
2026-03-29T12:00:29,-10.007831,-141.396835,14.3,15.08,55.6,9,1.6,67.9,3.922,-4.0,0,1,1154
2026-03-29T12:00:57,-10.006503,-141.395462,24.1,14.23,47.1,9,1.5,67.7,3.930,-3.7,0,1,1155
2026-03-29T12:01:24,-10.005292,-141.394150,35.0,15.20,46.8,8,1.6,67.7,3.925,-3.7,0,1,1156
2026-03-29T12:01:52,-10.004072,-141.392609,30.3,14.71,50.2,8,1.5,67.7,3.930,-3.7,0,1,1157
2026-03-29T12:02:19,-10.002868,-141.391174,29.3,14.83,47.3,8,1.6,67.7,3.920,-3.7,0,1,1158
2026-03-29T12:02:47,-10.001680,-141.389694,31.6,14.01,45.5,9,1.1,67.7,3.930,-3.7,0,1,1159
2026-03-29T12:03:14,-10.000510,-141.388245,26.0,14.65,50.9,8,1.5,67.6,3.920,-4.0,0,1,1160
2026-03-29T12:03:42,-9.999342,-141.386749,20.8,15.03,49.7,8,1.5,67.7,3.928,-3.7,0,1,1161
2026-03-29T12:04:09,-9.998078,-141.385361,26.2,14.26,42.3,8,1.6,67.6,3.921,-4.0,0,1,1162
2026-03-29T12:04:37,-9.996929,-141.383759,25.0,14.76,47.2,8,1.5,67.9,3.926,-4.0,0,1,1163
2026-03-29T12:05:04,-9.995760,-141.382324,29.8,14.59,49.8,8,1.5,67.9,3.922,-4.0,0,1,1164
2026-03-29T12:05:32,-9.994571,-141.380875,38.1,13.94,51.9,8,1.5,67.9,3.929,-4.0,0,1,1165
2026-03-29T12:05:59,-9.993387,-141.379486,39.4,15.10,51.5,7,2.0,67.6,3.919,-4.0,0,1,1166
2026-03-29T12:06:27,-9.992114,-141.378006,37.8,13.92,46.7,8,1.5,67.6,3.929,-4.0,0,1,1167
2026-03-29T12:06:55,-9.990998,-141.376556,32.3,13.98,53.5,9,1.1,67.6,3.928,-4.0,0,1,1168
2026-03-29T12:07:22,-9.989834,-141.375015,33.1,14.21,50.6,8,1.4,67.9,3.928,-4.0,0,1,1169
2026-03-29T12:07:49,-9.988706,-141.373535,34.1,14.56,46.5,8,1.5,67.4,3.920,-3.7,0,1,1170
2026-03-29T12:08:17,-9.987677,-141.371918,26.9,15.18,52.8,9,1.1,67.7,3.929,-3.7,0,1,1171
2026-03-29T12:08:45,-9.986546,-141.370499,28.4,13.96,46.2,9,1.1,67.7,3.925,-3.7,0,1,1172
2026-03-29T12:09:12,-9.985347,-141.368958,30.6,14.43,48.2,8,1.4,67.7,3.926,-3.7,0,1,1173
2026-03-29T12:09:40,-9.984254,-141.367416,31.4,14.73,54.1,8,1.5,67.4,3.926,-3.7,0,1,1174
2026-03-29T12:10:07,-9.982989,-141.366058,33.1,14.25,51.1,9,1.1,67.4,3.926,-3.7,0,1,1175
2026-03-29T12:10:35,-9.981853,-141.364639,32.1,14.33,52.0,8,1.5,67.2,3.925,-3.7,0,1,1176
2026-03-29T12:11:02,-9.980640,-141.363220,38.7,14.23,48.2,8,1.4,67.6,3.926,-4.0,0,1,1177
2026-03-29T12:11:29,-9.979477,-141.361816,41.5,13.55,46.2,9,1.1,67.4,3.920,-3.7,0,1,1178
2026-03-29T12:11:57,-9.978251,-141.360352,41.3,14.64,55.0,10,1.1,67.6,3.926,-4.0,0,1,1179
2026-03-29T12:12:24,-9.977086,-141.358887,39.1,15.08,49.1,8,1.4,67.3,3.919,-4.0,0,1,1180
2026-03-29T12:12:52,-9.975917,-141.357330,36.7,14.84,44.5,8,2.0,67.7,3.926,-3.7,0,1,1181
2026-03-29T12:13:19,-9.974836,-141.355820,32.6,14.12,48.7,7,2.0,67.3,3.920,-4.0,0,1,1182
2026-03-29T12:13:47,-9.973648,-141.354294,27.2,14.48,43.2,9,1.3,67.4,3.926,-3.7,0,1,1183
2026-03-29T12:14:14,-9.972409,-141.352951,32.0,14.78,48.2,9,1.5,67.3,3.920,-4.0,0,1,1184
2026-03-29T12:14:42,-9.971125,-141.351547,39.4,14.93,52.4,9,1.3,67.4,3.924,-3.7,0,1,1185
2026-03-29T12:15:10,-9.970020,-141.350113,36.6,14.48,50.6,10,1.3,67.2,3.922,-3.7,0,1,1186
2026-03-29T12:15:37,-9.968840,-141.348648,34.1,14.94,44.6,10,1.3,67.6,3.924,-4.0,0,1,1187
2026-03-29T12:16:05,-9.967730,-141.347168,28.3,13.48,50.5,10,1.3,67.3,3.920,-4.0,0,1,1188
2026-03-29T12:16:32,-9.966580,-141.345657,27.0,15.02,51.8,10,1.3,67.6,3.926,-4.0,0,1,1189
2026-03-29T12:17:00,-9.965409,-141.344193,29.3,14.12,50.3,11,1.0,67.3,3.920,-4.0,0,1,1190
2026-03-29T12:17:27,-9.964238,-141.342682,30.2,14.24,49.5,11,1.0,67.3,3.926,-4.0,0,1,1191
2026-03-29T12:17:55,-9.963074,-141.341248,29.2,14.81,51.5,10,1.3,67.2,3.920,-3.7,0,1,1192
2026-03-29T12:18:22,-9.961842,-141.339828,33.6,13.76,51.6,11,1.2,67.3,3.925,-4.0,0,1,1193
2026-03-29T12:18:50,-9.960643,-141.338409,37.4,14.43,49.9,11,1.2,67.3,3.919,-4.0,0,1,1194
2026-03-29T12:19:17,-9.959450,-141.336914,33.8,14.66,50.7,10,1.2,67.3,3.925,-4.0,0,1,1195
2026-03-29T12:19:45,-9.958284,-141.335495,34.0,14.93,56.2,10,1.3,67.2,3.918,-3.7,0,1,1196
2026-03-29T12:20:12,-9.957085,-141.334030,36.0,14.06,54.6,10,1.2,67.3,3.924,-4.0,0,1,1197
2026-03-29T12:20:40,-9.955894,-141.332565,32.4,12.77,51.2,10,1.2,67.2,3.918,-3.7,0,1,1198
2026-03-29T12:21:07,-9.954741,-141.331085,23.4,14.74,51.3,10,1.2,67.3,3.921,-4.0,0,1,1199
2026-03-29T12:21:35,-9.953633,-141.329681,23.8,14.56,49.6,10,1.3,67.0,3.919,-4.0,0,1,1200
2026-03-29T12:22:02,-9.952468,-141.328140,21.4,14.06,51.2,10,1.2,67.2,3.924,-3.7,0,1,1201
2026-03-29T12:22:30,-9.951246,-141.326797,21.2,14.10,53.0,10,1.3,66.9,3.918,-3.7,0,1,1202
2026-03-29T12:22:57,-9.950112,-141.325333,21.6,13.27,48.7,10,1.2,67.2,3.921,-3.7,0,1,1203
2026-03-29T12:23:25,-9.949005,-141.323837,16.6,13.34,54.2,10,1.2,67.0,3.918,-4.0,0,1,1204
2026-03-29T12:23:52,-9.947832,-141.322342,14.9,14.26,44.9,11,1.2,67.0,3.919,-4.0,0,1,1205
2026-03-29T12:24:20,-9.946733,-141.320892,12.3,13.83,51.8,10,1.3,67.0,3.916,1784.0,0,1,1206
2026-03-29T12:24:47,-9.945498,-141.319458,16.2,13.97,46.5,10,1.2,67.2,3.920,-3.7,0,1,1207
2026-03-29T12:25:15,-9.944418,-141.317993,16.9,14.29,51.2,10,1.2,67.0,3.910,-4.0,0,1,1208
2026-03-29T12:25:42,-9.943202,-141.316528,18.5,14.09,47.2,9,1.3,67.2,3.922,-3.7,0,1,1209
2026-03-29T12:26:10,-9.942040,-141.315155,20.6,14.97,50.0,10,1.2,67.0,3.915,-4.0,0,1,1210
2026-03-29T12:26:37,-9.940887,-141.313690,17.4,14.74,56.5,9,1.3,67.3,3.922,-4.0,0,1,1211
2026-03-29T12:27:05,-9.939784,-141.312225,14.5,14.87,52.2,10,1.3,67.0,3.915,-4.0,0,1,1212
2026-03-29T12:27:32,-9.938619,-141.310745,14.8,13.81,44.7,9,1.2,67.2,3.919,-3.7,0,1,1213
2026-03-29T12:28:00,-9.937448,-141.309387,20.3,14.21,47.6,10,1.2,66.7,3.916,-4.0,0,1,1214
2026-03-29T12:28:27,-9.936321,-141.307785,11.6,14.56,45.3,9,1.2,67.2,3.922,-3.7,0,1,1215
2026-03-29T12:28:55,-9.935155,-141.306412,15.9,14.51,51.2,10,1.2,66.9,3.914,-3.7,0,1,1216
2026-03-29T12:29:22,-9.933972,-141.304916,13.1,14.56,49.1,9,1.2,66.9,3.916,-3.7,0,1,1217
2026-03-29T12:29:49,-9.932741,-141.303574,19.4,14.29,47.3,10,1.2,66.7,3.921,-4.0,0,1,1218
2026-03-29T12:30:17,-9.931506,-141.302124,18.8,14.42,48.4,10,1.2,67.0,3.922,-4.0,0,1,1219
2026-03-29T12:30:44,-9.930422,-141.300659,21.2,14.36,54.5,9,1.6,66.6,3.915,-3.7,0,1,1220
2026-03-29T12:31:12,-9.929311,-141.299088,15.3,15.10,53.2,8,1.7,67.0,3.921,-4.0,0,1,1221
2026-03-29T12:31:39,-9.928148,-141.297684,20.2,14.33,52.4,8,1.7,66.7,3.916,-4.0,0,1,1222
2026-03-29T12:32:07,-9.926943,-141.296204,21.1,14.72,51.0,9,1.6,67.0,3.919,-4.0,0,1,1223
2026-03-29T12:32:34,-9.925726,-141.294907,23.7,13.77,48.2,8,1.7,66.9,3.915,-3.7,0,1,1224
2026-03-29T12:33:02,-9.924461,-141.293518,25.4,14.06,42.0,9,1.2,66.9,3.921,-3.7,0,1,1225
2026-03-29T12:33:29,-9.923333,-141.292068,26.8,14.08,53.4,8,1.7,66.7,3.912,-4.0,0,1,1226
2026-03-29T12:33:57,-9.922162,-141.290573,25.9,14.51,54.1,9,1.2,66.7,3.921,-4.0,0,1,1227
2026-03-29T12:34:24,-9.921000,-141.289200,28.9,14.72,56.0,9,1.2,66.7,3.919,-4.0,0,1,1228
2026-03-29T12:34:52,-9.919818,-141.287750,26.3,14.66,51.5,9,1.2,66.9,3.921,-3.7,0,1,1229
2026-03-29T12:35:19,-9.918763,-141.286224,24.8,15.13,58.2,8,1.7,67.0,3.914,-4.0,0,1,1230
2026-03-29T12:35:47,-9.917563,-141.284729,25.1,14.85,52.6,8,1.6,66.9,3.919,-3.7,0,1,1231
2026-03-29T12:36:14,-9.916405,-141.283264,23.2,15.08,54.4,8,1.7,66.6,3.914,-3.7,0,1,1232
2026-03-29T12:36:42,-9.915214,-141.281769,23.4,14.45,52.8,8,1.6,66.9,3.920,-3.7,0,1,1233
2026-03-29T12:37:09,-9.914068,-141.280304,24.2,14.70,51.7,8,1.7,66.7,3.915,-4.0,0,1,1234
2026-03-29T12:37:37,-9.912877,-141.278778,25.5,15.11,52.8,8,1.6,66.7,3.915,-4.0,0,1,1235
2026-03-29T12:38:04,-9.911711,-141.277328,25.5,15.06,54.6,8,1.6,66.6,3.914,-3.7,0,1,1236
2026-03-29T12:38:32,-9.910517,-141.275803,27.4,15.17,50.7,8,1.6,66.7,3.920,-4.0,0,1,1237
2026-03-29T12:38:59,-9.909355,-141.274353,30.6,14.30,50.9,9,1.2,66.6,3.910,-3.7,0,1,1238
2026-03-29T12:39:27,-9.908115,-141.272903,25.9,14.44,49.5,9,1.5,66.7,3.919,-4.0,0,1,1239
2026-03-29T12:39:54,-9.906939,-141.271515,22.1,15.20,55.1,8,1.6,66.6,3.911,-3.7,0,1,1240
2026-03-29T12:40:22,-9.905674,-141.270096,19.4,15.09,50.9,8,1.6,66.6,3.920,-3.7,0,1,1241
2026-03-29T12:40:49,-9.904490,-141.268723,14.8,15.55,53.7,9,1.2,66.4,3.912,-4.0,0,1,1242
2026-03-29T12:41:17,-9.903283,-141.267258,12.3,14.47,52.3,9,1.5,66.6,3.919,-3.7,0,1,1243
2026-03-29T12:41:44,-9.902126,-141.265823,12.8,14.75,49.6,9,1.4,66.6,3.908,-3.7,0,1,1244
2026-03-29T12:42:12,-9.901015,-141.264236,15.9,14.72,49.3,10,1.4,66.6,3.919,-3.7,0,1,1245
2026-03-29T12:42:39,-9.899874,-141.262833,11.9,14.24,50.7,9,1.4,66.3,3.911,-3.7,0,1,1246
2026-03-29T12:43:07,-9.898730,-141.261246,8.2,15.38,55.4,12,0.9,66.7,3.918,-4.0,0,1,1247
2026-03-29T12:43:34,-9.897547,-141.259872,8.2,13.52,55.2,10,1.4,66.1,3.906,-4.0,0,1,1248
2026-03-29T12:44:02,-9.896450,-141.258286,11.8,15.31,51.7,9,1.4,66.6,3.919,-3.7,0,1,1249
2026-03-29T12:44:29,-9.895233,-141.256927,13.2,14.54,49.5,9,1.4,66.3,3.911,-3.7,0,1,1250
2026-03-29T12:44:57,-9.893992,-141.255493,8.3,14.46,49.9,11,1.4,66.7,3.914,-4.0,0,1,1251
2026-03-29T12:45:24,-9.892861,-141.253937,3.0,14.34,49.3,11,1.1,66.3,3.909,-3.7,0,1,1252
2026-03-29T12:45:52,-9.891592,-141.252472,6.8,14.70,47.5,10,1.6,66.6,3.919,-3.7,0,1,1253
2026-03-29T12:46:19,-9.890418,-141.250977,7.4,14.86,51.7,9,1.6,66.1,3.910,-4.0,0,1,1254
2026-03-29T12:46:47,-9.889192,-141.249451,11.8,14.93,53.6,9,1.6,66.6,3.916,-3.7,0,1,1255
2026-03-29T12:47:14,-9.888019,-141.248001,13.7,14.78,47.2,8,1.6,66.6,3.910,-3.7,0,1,1256
2026-03-29T12:47:42,-9.886882,-141.246521,15.3,15.05,48.3,8,1.6,66.4,3.918,-4.0,0,1,1257
2026-03-29T12:48:09,-9.885712,-141.245010,15.9,14.86,52.2,9,1.6,66.1,3.915,-4.0,0,1,1258
2026-03-29T12:48:37,-9.884550,-141.243484,16.0,15.19,53.8,9,1.1,66.4,3.916,-4.0,0,1,1259
2026-03-29T12:49:04,-9.883318,-141.242004,17.2,15.60,52.5,9,1.6,66.1,3.911,-4.0,0,1,1260
2026-03-29T12:49:32,-9.882082,-141.240448,25.0,14.25,51.1,9,1.6,66.1,3.915,-4.0,0,1,1261
2026-03-29T12:49:59,-9.880826,-141.239044,24.6,14.51,48.5,9,1.6,66.3,3.909,-3.7,0,1,1262
2026-03-29T12:50:27,-9.879586,-141.237595,17.2,14.22,47.3,10,1.3,66.3,3.914,-3.7,0,1,1263
2026-03-29T12:50:54,-9.878389,-141.236160,19.2,15.41,50.3,10,1.3,66.0,3.908,-3.7,0,1,1264
2026-03-29T12:51:22,-9.877207,-141.234604,18.3,14.94,53.0,10,1.3,66.4,3.911,-4.0,0,1,1265
2026-03-29T12:51:49,-9.876086,-141.233093,3.5,16.31,58.8,10,1.3,66.3,3.910,-3.7,0,1,1266
2026-03-29T12:52:17,-9.874831,-141.231598,4.5,13.85,49.2,10,1.3,66.3,3.911,-3.7,0,1,1267
2026-03-29T12:52:44,-9.873658,-141.230164,5.6,15.94,54.8,10,1.3,66.0,3.908,-3.7,0,1,1268
2026-03-29T12:53:12,-9.872398,-141.228668,9.1,16.30,51.7,10,1.3,66.4,3.914,-4.0,0,1,1269
2026-03-29T12:53:39,-9.871234,-141.227203,10.3,13.50,50.1,10,1.3,66.1,3.909,-4.0,0,1,1270
2026-03-29T12:54:07,-9.870038,-141.225677,13.0,15.18,52.8,10,1.3,66.4,3.916,-4.0,0,1,1271
2026-03-29T12:54:34,-9.868830,-141.224274,13.1,13.14,42.9,10,1.3,66.0,3.908,-3.7,0,1,1272
2026-03-29T12:55:02,-9.867605,-141.222778,19.1,14.66,50.5,10,1.3,66.0,3.914,-3.7,0,1,1273
2026-03-29T12:55:29,-9.866470,-141.221329,18.4,14.97,50.8,10,1.3,66.0,3.906,-3.7,0,1,1274
2026-03-29T12:55:57,-9.865292,-141.219772,19.8,14.52,48.3,10,1.3,66.3,3.911,-3.7,0,1,1275
2026-03-29T12:56:24,-9.864085,-141.218338,22.0,16.37,46.3,10,1.3,66.1,3.909,-4.0,0,1,1276
2026-03-29T12:56:52,-9.862902,-141.216843,24.9,14.81,51.9,11,1.0,66.4,3.910,-4.0,0,1,1277
2026-03-29T12:57:19,-9.861702,-141.215424,27.9,14.08,50.9,10,1.3,66.0,3.910,-3.7,0,1,1278
2026-03-29T12:57:47,-9.860503,-141.213898,22.9,14.95,51.8,10,1.2,66.0,3.909,-3.7,0,1,1279
2026-03-29T12:58:14,-9.859382,-141.212387,18.8,15.36,52.0,11,1.0,65.7,3.908,-3.7,0,1,1280
2026-03-29T12:58:42,-9.858202,-141.210922,23.2,14.90,51.9,11,1.0,66.0,3.910,-3.7,0,1,1281
2026-03-29T12:59:09,-9.857014,-141.209488,27.5,14.79,47.7,10,1.3,65.9,3.906,-4.0,0,1,1282
2026-03-29T12:59:37,-9.855859,-141.207977,27.1,13.52,55.7,10,1.2,66.1,3.914,-4.0,0,1,1283
2026-03-29T13:00:04,-9.854715,-141.206467,18.3,14.42,57.5,11,1.0,66.0,3.906,-3.7,0,1,1284
2026-03-29T13:00:32,-9.853505,-141.204987,12.7,15.09,49.2,10,1.2,65.9,3.911,-4.0,0,1,1285
2026-03-29T13:00:59,-9.852337,-141.203522,6.7,14.39,44.9,11,1.0,66.0,3.908,-3.7,0,1,1286
2026-03-29T13:01:27,-9.851115,-141.202057,5.2,14.48,52.6,11,1.0,66.1,3.909,-4.0,0,1,1287
2026-03-29T13:01:54,-9.849940,-141.200577,0.3,14.99,48.4,11,1.0,65.9,3.906,1753.2,0,1,1288
2026-03-29T13:02:22,-9.848727,-141.199097,4.0,14.97,51.3,11,1.0,66.1,3.911,-4.0,0,1,1289
2026-03-29T13:02:49,-9.847603,-141.197678,10.0,13.88,52.7,11,1.0,65.7,3.905,-3.7,0,1,1290
2026-03-29T13:03:17,-9.846378,-141.196228,10.4,14.36,49.2,11,1.0,66.0,3.914,-3.7,0,1,1291
2026-03-29T13:03:44,-9.845160,-141.194763,10.8,14.98,54.8,11,1.0,65.7,3.906,-3.7,0,1,1292
2026-03-29T13:04:12,-9.843959,-141.193222,8.0,14.78,51.3,11,1.0,65.9,3.916,-4.0,0,1,1293
2026-03-29T13:04:39,-9.842851,-141.191788,10.8,14.50,55.2,11,1.0,65.7,3.911,-3.7,0,1,1294
2026-03-29T13:05:07,-9.841687,-141.190292,13.9,13.64,53.8,11,1.0,66.0,3.914,-3.7,0,1,1295
2026-03-29T13:05:34,-9.840472,-141.188858,15.2,14.97,53.0,11,1.0,65.9,3.908,-4.0,0,1,1296
2026-03-29T13:06:02,-9.839260,-141.187347,12.7,15.07,49.2,11,1.0,66.0,3.914,-3.7,0,1,1297
2026-03-29T13:06:29,-9.838040,-141.185913,12.9,15.34,49.1,11,1.0,65.7,3.904,-3.7,0,1,1298
2026-03-29T13:06:57,-9.836829,-141.184402,11.1,14.66,48.8,11,1.0,65.7,3.910,-3.7,0,1,1299
2026-03-29T13:07:24,-9.835628,-141.182922,13.1,14.46,51.6,10,1.2,65.7,3.906,-3.7,0,1,1300
2026-03-29T13:07:52,-9.834455,-141.181320,10.0,15.58,53.4,9,1.7,66.0,3.909,-3.7,0,1,1301
2026-03-29T13:08:19,-9.833302,-141.179886,11.3,14.66,55.9,11,1.0,65.6,3.906,-4.0,0,1,1302
2026-03-29T13:08:47,-9.832056,-141.178375,14.3,14.81,51.4,10,1.3,65.7,3.912,-3.7,0,1,1303
2026-03-29T13:09:14,-9.830932,-141.176865,10.7,14.82,51.8,11,1.0,65.1,3.901,-3.7,0,1,1304
2026-03-29T13:09:42,-9.829746,-141.175323,14.5,15.19,53.0,9,1.7,65.9,3.912,-4.0,0,1,1305
2026-03-29T13:10:09,-9.828585,-141.173828,17.9,14.64,53.0,9,2.0,65.7,3.906,-3.7,0,1,1306
2026-03-29T13:10:37,-9.827388,-141.172302,15.6,14.26,49.7,10,1.3,65.7,3.908,-3.7,0,1,1307
2026-03-29T13:11:04,-9.826241,-141.170853,18.4,14.79,50.8,10,1.2,65.6,3.905,-4.0,0,1,1308
2026-03-29T13:11:32,-9.825020,-141.169357,20.8,14.50,52.5,11,1.0,65.7,3.906,-3.7,0,1,1309
2026-03-29T13:11:59,-9.823876,-141.167877,19.4,14.61,54.9,11,1.0,65.7,3.905,-3.7,0,1,1310
2026-03-29T13:12:27,-9.822590,-141.166382,19.7,14.59,51.2,11,1.0,65.7,3.912,-3.7,0,1,1311
2026-03-29T13:12:54,-9.821404,-141.164948,18.9,14.78,49.7,12,0.9,65.6,3.904,-4.0,0,1,1312
2026-03-29T13:13:22,-9.820089,-141.163498,24.3,14.75,49.5,12,0.9,65.7,3.910,-3.7,0,1,1313
2026-03-29T13:13:49,-9.818948,-141.162003,31.7,14.78,48.5,12,0.9,65.6,3.905,-4.0,0,1,1314
2026-03-29T13:14:17,-9.817759,-141.160507,20.7,14.88,48.9,12,0.9,65.9,3.911,-4.0,0,1,1315
2026-03-29T13:14:44,-9.816580,-141.159088,12.8,15.18,49.1,12,0.9,65.6,3.902,-4.0,0,1,1316
2026-03-29T13:15:12,-9.815398,-141.157578,4.0,14.25,50.7,12,0.9,65.6,3.910,-4.0,0,1,1317
2026-03-29T13:15:39,-9.814250,-141.156128,1.7,14.41,52.5,12,0.9,65.3,3.902,-4.0,0,1,1318
2026-03-29T13:16:07,-9.813000,-141.154678,-3.5,15.52,46.6,12,0.9,65.3,3.909,-4.0,0,1,1319
2026-03-29T13:16:34,-9.811838,-141.153214,-6.3,14.19,50.8,12,0.9,65.6,3.901,-4.0,0,1,1320
2026-03-29T13:17:02,-9.810692,-141.151688,-18.2,14.30,46.2,12,0.9,65.7,3.909,-3.7,0,1,1321
2026-03-29T13:17:29,-9.809509,-141.150177,-13.6,14.91,45.2,12,0.9,65.1,3.901,-3.7,0,1,1322
2026-03-29T13:17:57,-9.808277,-141.148712,-9.8,14.52,52.6,12,0.9,65.6,3.908,-4.0,0,1,1323
2026-03-29T13:18:24,-9.807076,-141.147324,-4.8,14.35,48.2,12,0.9,65.7,3.902,-3.7,0,1,1324
2026-03-29T13:18:52,-9.805894,-141.145813,-0.9,14.69,46.1,12,0.9,65.6,3.909,-4.0,0,1,1325
2026-03-29T13:19:19,-9.804785,-141.144241,8.1,14.33,46.1,12,0.9,65.0,3.902,-4.0,0,1,1326
2026-03-29T13:19:47,-9.803482,-141.142776,3.9,13.91,50.1,12,0.9,65.4,3.908,-3.7,0,1,1327
2026-03-29T13:20:14,-9.802334,-141.141266,13.8,15.27,58.8,11,1.0,65.4,3.902,-3.7,0,1,1328
2026-03-29T13:20:42,-9.801295,-141.139679,21.4,14.92,55.4,12,0.9,65.4,3.905,-3.7,0,1,1329
2026-03-29T13:21:09,-9.800048,-141.138229,24.0,15.91,56.6,12,0.9,65.4,3.901,-3.7,0,1,1330
2026-03-29T13:21:37,-9.798832,-141.136749,15.2,15.01,54.1,11,0.9,65.6,3.909,-4.0,0,1,1331
2026-03-29T13:22:04,-9.797677,-141.135345,16.1,14.46,50.0,11,0.9,65.1,3.901,-3.7,0,1,1332
2026-03-29T13:22:32,-9.796413,-141.133942,17.0,14.69,49.3,11,0.9,65.6,3.909,-4.0,0,1,1333
2026-03-29T13:22:59,-9.795292,-141.132431,18.0,14.42,48.0,11,1.0,65.4,3.901,-3.7,0,1,1334
2026-03-29T13:23:27,-9.794102,-141.130859,18.9,16.03,51.3,12,0.9,65.4,3.909,-3.7,0,1,1335
2026-03-29T13:23:54,-9.792880,-141.129440,19.5,14.21,52.2,11,1.0,65.3,3.901,-4.0,0,1,1336
2026-03-29T13:24:22,-9.791696,-141.127884,18.7,14.51,52.0,11,0.9,65.3,3.908,-4.0,0,1,1337
2026-03-29T13:24:49,-9.790480,-141.126480,18.6,15.15,47.7,10,1.2,65.3,3.901,-4.0,0,1,1338
2026-03-29T13:25:17,-9.789290,-141.124969,8.0,14.85,49.7,10,1.1,65.6,3.906,-4.0,0,1,1339
2026-03-29T13:25:44,-9.788031,-141.123566,7.6,15.07,47.5,12,0.9,65.3,3.905,-4.0,0,1,1340
2026-03-29T13:26:12,-9.786801,-141.122055,6.8,14.51,50.0,11,0.9,65.1,3.908,-3.7,0,1,1341
2026-03-29T13:26:39,-9.785647,-141.120605,1.1,14.95,45.7,11,1.1,65.0,3.905,-4.0,0,1,1342
2026-03-29T13:27:07,-9.784457,-141.119034,-2.8,15.24,52.6,11,0.9,65.1,3.906,-3.7,0,1,1343
2026-03-29T13:27:34,-9.783286,-141.117554,-2.3,15.36,53.1,11,1.1,65.1,3.895,-3.7,0,1,1344
2026-03-29T13:28:02,-9.782108,-141.116043,-3.9,15.84,52.5,11,1.0,65.1,3.906,-3.7,0,1,1345
2026-03-29T13:28:29,-9.780965,-141.114563,-6.1,15.29,51.2,11,1.1,65.1,3.905,-3.7,0,1,1346
2026-03-29T13:28:57,-9.779770,-141.113037,-8.4,15.23,51.5,10,1.3,65.3,3.906,-4.0,0,1,1347
2026-03-29T13:29:24,-9.778609,-141.111588,-5.5,14.79,54.9,10,1.5,64.8,3.901,-3.7,0,1,1348
2026-03-29T13:29:52,-9.777431,-141.110046,-6.8,14.80,53.5,11,0.9,65.4,3.904,-3.7,0,1,1349
2026-03-29T13:30:19,-9.776220,-141.108566,-4.6,14.04,51.1,10,1.5,65.0,3.900,-4.0,0,1,1350
2026-03-29T13:30:47,-9.774989,-141.107025,-3.5,15.15,47.4,10,1.2,65.0,3.901,-4.0,0,1,1351
2026-03-29T13:31:14,-9.773798,-141.105576,-3.7,14.23,52.3,10,1.5,65.0,3.900,-4.0,0,1,1352
2026-03-29T13:31:42,-9.772614,-141.104019,-2.9,15.12,50.0,10,1.2,65.3,3.902,-4.0,0,1,1353
2026-03-29T13:32:09,-9.771528,-141.102554,-4.1,14.85,55.8,10,1.2,65.1,3.900,-3.7,0,1,1354
2026-03-29T13:32:37,-9.770351,-141.100998,-10.2,14.73,52.2,9,1.3,65.1,3.908,-3.7,0,1,1355
2026-03-29T13:33:04,-9.769108,-141.099548,-8.1,14.29,54.8,10,1.5,65.3,3.895,-4.0,0,1,1356
2026-03-29T13:33:32,-9.767848,-141.098007,-1.2,15.16,54.3,10,1.2,65.1,3.905,-3.7,0,1,1357
2026-03-29T13:33:59,-9.766606,-141.096527,-2.2,14.55,48.2,10,1.5,65.1,3.898,-3.7,0,1,1358
2026-03-29T13:34:27,-9.765493,-141.094940,1.7,15.09,53.0,10,1.2,65.1,3.900,-3.7,0,1,1359
2026-03-29T13:34:54,-9.764323,-141.093445,5.1,14.88,56.3,10,1.2,64.8,3.898,-3.7,0,1,1360
2026-03-29T13:35:22,-9.762972,-141.091934,12.9,14.81,49.5,9,1.3,64.8,3.901,-3.7,0,1,1361
2026-03-29T13:35:49,-9.761813,-141.090500,11.7,14.05,51.7,9,1.3,64.7,3.898,-4.0,0,1,1362
2026-03-29T13:36:17,-9.760675,-141.088928,16.4,16.08,57.7,10,1.2,65.0,3.902,-4.0,0,1,1363
2026-03-29T13:36:44,-9.759436,-141.087433,12.3,14.79,54.8,8,1.5,65.0,3.898,-4.0,0,1,1364
2026-03-29T13:37:12,-9.758289,-141.085907,17.2,14.39,48.8,8,1.3,64.8,3.904,-3.7,0,1,1365
2026-03-29T13:37:39,-9.757022,-141.084534,16.8,14.80,47.2,10,1.4,64.7,3.901,-4.0,0,1,1366
2026-03-29T13:38:07,-9.755761,-141.082977,32.4,14.95,53.0,9,1.5,65.0,3.901,-4.0,0,1,1367
2026-03-29T13:38:34,-9.754634,-141.081512,31.6,14.68,53.5,10,1.2,64.8,3.902,-3.7,0,1,1368
2026-03-29T13:39:02,-9.753326,-141.080017,25.6,14.88,53.8,9,1.5,65.0,3.904,-4.0,0,1,1369
2026-03-29T13:39:29,-9.752212,-141.078537,32.3,15.40,55.6,9,1.3,65.0,3.894,-4.0,0,1,1370
2026-03-29T13:39:57,-9.750957,-141.077011,26.8,14.69,51.4,10,1.2,65.1,3.905,-3.7,0,1,1371
2026-03-29T13:40:24,-9.749785,-141.075546,24.5,14.37,53.8,10,1.4,64.7,3.894,-4.0,0,1,1372
2026-03-29T13:40:52,-9.748453,-141.074097,29.4,15.24,46.2,11,1.0,64.8,3.904,-3.7,0,1,1373
2026-03-29T13:41:19,-9.747287,-141.072662,32.6,14.95,47.5,9,1.3,65.0,3.899,-4.0,0,1,1374
2026-03-29T13:41:47,-9.746232,-141.071030,25.5,14.81,55.7,9,1.2,64.6,3.901,-3.7,0,1,1375
2026-03-29T13:42:14,-9.745006,-141.069595,21.2,14.89,53.7,10,1.2,64.7,3.902,-4.0,0,1,1376
2026-03-29T13:42:42,-9.743680,-141.068115,20.3,15.36,48.2,11,1.0,64.8,3.902,-3.7,0,1,1377
2026-03-29T13:43:09,-9.742516,-141.066681,29.1,14.42,52.5,11,1.0,64.8,3.900,-3.7,0,1,1378
2026-03-29T13:43:37,-9.741309,-141.065170,31.9,14.57,49.8,11,1.0,64.8,3.901,-3.7,0,1,1379
2026-03-29T13:44:04,-9.740153,-141.063705,29.2,14.44,54.6,11,1.3,64.7,3.899,-4.0,0,1,1380
2026-03-29T13:44:32,-9.738860,-141.062241,37.1,14.37,48.6,10,1.1,64.8,3.902,-3.7,0,1,1381
2026-03-29T13:44:59,-9.737699,-141.060791,36.6,14.58,49.3,10,1.3,64.4,3.901,-4.0,0,1,1382
2026-03-29T13:45:27,-9.736305,-141.059341,43.7,15.11,45.3,10,1.1,64.8,3.904,-3.7,0,1,1383
2026-03-29T13:45:54,-9.735317,-141.057785,44.6,15.17,52.9,10,1.1,64.4,3.895,-4.0,0,1,1384
2026-03-29T13:46:22,-9.734161,-141.056229,37.7,14.67,53.5,8,1.5,64.7,3.900,-4.0,0,1,1385
2026-03-29T13:46:49,-9.732831,-141.054855,42.2,14.20,47.4,9,1.2,64.4,3.900,-4.0,0,1,1386
2026-03-29T13:47:17,-9.731622,-141.053360,37.9,15.52,44.5,9,1.2,65.0,3.902,-4.0,0,1,1387
2026-03-29T13:47:44,-9.730518,-141.051834,42.1,15.66,47.9,8,2.0,64.4,3.891,-4.0,0,1,1388
2026-03-29T13:48:12,-9.729241,-141.050339,47.5,14.85,49.2,7,2.5,64.7,3.900,-4.0,0,1,1389
2026-03-29T13:48:39,-9.728071,-141.048889,46.4,14.99,51.0,8,1.5,64.4,3.892,-4.0,0,1,1390
2026-03-29T13:49:07,-9.726860,-141.047302,45.0,15.32,49.0,9,1.2,64.7,3.898,-4.0,0,1,1391
2026-03-29T13:49:34,-9.725645,-141.045868,48.1,13.40,44.5,9,1.5,64.4,3.901,-4.0,0,1,1392
2026-03-29T13:50:03,-9.724359,-141.044388,48.7,14.28,46.5,10,1.2,64.6,3.901,-3.7,0,1,1393
2026-03-29T13:50:29,-9.723145,-141.042969,50.2,16.40,55.0,10,1.6,64.4,3.896,-4.0,0,1,1394
2026-03-29T13:50:58,-9.721872,-141.041489,54.1,14.95,50.0,10,1.2,64.6,3.901,-3.7,0,1,1395
2026-03-29T13:51:24,-9.720640,-141.040070,49.7,15.05,52.0,10,1.2,64.3,3.895,-3.7,0,1,1396
2026-03-29T13:51:53,-9.719431,-141.038483,44.4,15.71,48.8,10,1.2,64.4,3.900,-4.0,0,1,1397
2026-03-29T13:52:19,-9.718274,-141.037048,43.5,15.56,53.2,10,1.2,64.6,3.895,-3.7,0,1,1398
2026-03-29T13:52:48,-9.716948,-141.035568,45.6,15.84,46.1,10,1.2,64.6,3.900,-3.7,0,1,1399
2026-03-29T13:53:14,-9.715770,-141.034119,49.5,15.01,48.9,10,1.2,64.3,3.899,-3.7,0,1,1400
2026-03-29T13:53:43,-9.714463,-141.032654,50.5,14.75,45.6,10,1.2,64.6,3.899,-3.7,0,1,1401
2026-03-29T13:54:09,-9.713264,-141.031174,50.9,15.16,55.0,10,1.2,64.6,3.894,-3.7,0,1,1402
2026-03-29T13:54:38,-9.712193,-141.029602,32.2,14.40,46.6,11,1.0,64.6,3.899,-3.7,0,1,1403
2026-03-29T13:55:04,-9.711054,-141.028076,26.1,15.65,51.3,11,1.1,64.1,3.896,-4.0,0,1,1404
2026-03-29T13:55:33,-9.709804,-141.026489,15.8,15.44,47.6,11,1.0,64.6,3.900,-3.7,0,1,1405
2026-03-29T13:55:59,-9.708675,-141.025009,13.2,15.47,57.5,10,1.0,64.3,3.892,-3.7,0,1,1406
2026-03-29T13:56:28,-9.707410,-141.023560,11.2,14.14,48.8,11,1.0,64.3,3.898,-3.7,0,1,1407
2026-03-29T13:56:54,-9.706184,-141.022125,6.0,15.59,47.5,11,1.0,64.1,3.892,-4.0,0,1,1408
2026-03-29T13:57:23,-9.704905,-141.020630,-0.2,15.55,44.0,11,1.0,64.3,3.899,-3.7,0,1,1409
2026-03-29T13:57:49,-9.703728,-141.019180,-3.6,14.82,48.7,10,1.2,64.1,3.892,-4.0,0,1,1410
2026-03-29T13:58:18,-9.702503,-141.017609,-2.0,14.65,52.9,11,1.0,64.3,3.900,-3.7,0,1,1411
2026-03-29T13:58:44,-9.701257,-141.016296,5.7,14.79,52.5,11,1.0,64.3,3.890,-3.7,0,1,1412
2026-03-29T13:59:13,-9.700027,-141.014740,3.7,15.09,50.6,10,1.0,64.3,3.898,-3.7,0,1,1413
2026-03-29T13:59:39,-9.698846,-141.013306,3.1,15.26,48.0,11,1.0,64.1,3.898,-4.0,0,1,1414
2026-03-29T14:00:08,-9.697576,-141.011810,-3.5,15.49,48.8,8,1.7,64.3,3.900,-3.7,0,1,1415
2026-03-29T14:00:34,-9.696404,-141.010269,-2.2,15.00,51.2,9,1.5,64.0,3.898,-3.7,0,1,1416
2026-03-29T14:01:03,-9.695202,-141.008774,0.9,14.57,48.6,9,1.5,64.4,3.899,-4.0,0,1,1417
2026-03-29T14:01:29,-9.694000,-141.007294,-4.2,14.62,50.9,9,1.5,64.1,3.898,-4.0,0,1,1418
2026-03-29T14:01:58,-9.692765,-141.005783,-7.2,14.79,50.7,9,1.5,64.4,3.898,-4.0,0,1,1419
2026-03-29T14:02:24,-9.691595,-141.004303,-7.1,15.35,50.1,9,1.5,64.1,3.889,-4.0,0,1,1420
2026-03-29T14:02:53,-9.690386,-141.002747,-3.9,14.61,50.3,9,1.5,64.1,3.896,-4.0,0,1,1421
2026-03-29T14:03:19,-9.689176,-141.001251,-5.2,15.92,48.3,9,1.5,64.3,3.896,-3.7,0,1,1422
2026-03-29T14:03:48,-9.687904,-140.999802,-5.3,15.47,47.9,9,1.5,64.1,3.896,-4.0,0,1,1423
2026-03-29T14:04:14,-9.686780,-140.998260,-13.9,13.67,47.1,9,1.5,64.1,3.886,-4.0,0,1,1424
2026-03-29T14:04:43,-9.685511,-140.996796,-12.5,15.26,45.8,9,1.5,64.0,3.898,-3.7,0,1,1425
2026-03-29T14:05:09,-9.684337,-140.995316,-19.4,14.61,45.5,9,1.5,63.8,3.895,-4.0,0,1,1426
2026-03-29T14:05:38,-9.683122,-140.993835,-23.8,15.13,45.8,9,1.5,64.3,3.898,-3.7,0,1,1427
2026-03-29T14:06:04,-9.681940,-140.992340,-23.7,14.51,49.4,9,1.5,64.0,3.895,-3.7,0,1,1428
2026-03-29T14:06:32,-9.680698,-140.990829,-27.4,14.26,48.2,9,1.5,64.3,3.895,-3.7,0,1,1429
2026-03-29T14:06:59,-9.679551,-140.989319,-33.8,14.94,51.8,9,1.5,64.1,3.895,-4.0,0,1,1430
2026-03-29T14:07:27,-9.678280,-140.987823,-31.9,14.18,48.0,9,1.5,64.1,3.899,-4.0,0,1,1431
2026-03-29T14:07:54,-9.677065,-140.986374,-21.8,15.30,53.1,9,2.2,64.1,3.895,-4.0,0,1,1432
2026-03-29T14:08:22,-9.675835,-140.984863,-23.3,14.92,44.1,10,1.4,64.0,3.898,-3.7,0,1,1433
2026-03-29T14:08:49,-9.674644,-140.983398,-24.8,15.29,51.0,10,1.5,63.7,3.896,-3.7,0,1,1434
2026-03-29T14:09:17,-9.673409,-140.981873,-22.6,15.12,50.5,10,1.4,64.1,3.895,-4.0,0,1,1435
2026-03-29T14:09:44,-9.672235,-140.980392,-25.3,15.19,58.7,10,1.5,64.0,3.895,-3.7,0,1,1436
2026-03-29T14:10:12,-9.671010,-140.978867,-24.5,14.22,48.5,10,1.4,64.1,3.895,-4.0,0,1,1437
2026-03-29T14:10:39,-9.669828,-140.977341,-26.2,15.68,45.3,10,1.5,63.5,3.892,-4.0,0,1,1438
2026-03-29T14:11:07,-9.668600,-140.975815,-25.4,13.87,51.5,10,1.4,63.8,3.895,-4.0,0,1,1439
2026-03-29T14:11:34,-9.667301,-140.974350,-15.7,14.34,47.4,10,1.5,64.0,3.894,-3.7,0,1,1440
2026-03-29T14:12:02,-9.666142,-140.972748,-10.6,15.23,54.6,10,1.4,64.0,3.896,-3.7,0,1,1441
2026-03-29T14:12:29,-9.665009,-140.971268,-19.5,14.60,44.1,10,1.5,63.7,3.895,-3.7,0,1,1442
2026-03-29T14:12:57,-9.663748,-140.969757,-25.9,14.57,51.7,10,1.4,64.3,3.895,-3.7,0,1,1443
2026-03-29T14:13:24,-9.662561,-140.968323,-30.2,14.76,52.1,10,1.5,63.7,3.885,-3.7,0,1,1444
2026-03-29T14:13:52,-9.661375,-140.966751,-40.4,15.09,50.2,10,1.4,63.7,3.895,-3.7,0,1,1445
2026-03-29T14:14:19,-9.660183,-140.965302,-23.1,15.34,56.6,10,1.5,63.8,3.890,-4.0,0,1,1446
2026-03-29T14:14:47,-9.658957,-140.963791,-28.8,14.75,47.7,9,1.5,63.8,3.896,-4.0,0,1,1447
2026-03-29T14:15:14,-9.657726,-140.962311,-29.7,15.30,52.4,10,1.5,63.7,3.894,-3.7,0,1,1448
2026-03-29T14:15:42,-9.656478,-140.960785,-17.8,15.84,49.4,10,1.4,63.8,3.895,-4.0,0,1,1449
2026-03-29T14:16:09,-9.655338,-140.959244,-15.0,14.97,46.0,9,2.0,63.4,3.888,-3.7,0,1,1450
2026-03-29T14:16:37,-9.654060,-140.957764,-9.5,15.23,51.4,10,1.4,63.8,3.891,-4.0,0,1,1451
2026-03-29T14:17:04,-9.652914,-140.956207,-4.2,14.70,49.6,9,1.5,63.5,3.885,-4.0,0,1,1452
2026-03-29T14:17:32,-9.651658,-140.954712,-4.2,15.15,53.0,10,1.4,63.8,3.890,-4.0,0,1,1453
2026-03-29T14:17:59,-9.650483,-140.953201,-3.4,15.21,50.5,9,1.5,63.7,3.886,-3.7,0,1,1454
2026-03-29T14:18:27,-9.649232,-140.951691,-1.0,14.77,51.0,10,1.4,63.8,3.895,-4.0,0,1,1455
2026-03-29T14:18:54,-9.648070,-140.950195,-2.4,15.42,54.4,10,1.4,63.5,3.891,-4.0,0,1,1456
2026-03-29T14:19:22,-9.646838,-140.948639,-6.0,15.15,54.0,10,1.4,63.7,3.895,-3.7,0,1,1457
2026-03-29T14:19:49,-9.645626,-140.947189,-3.2,15.35,50.2,10,1.4,63.4,3.884,-3.7,0,1,1458
2026-03-29T14:20:17,-9.644400,-140.945648,-3.7,15.15,46.5,10,1.3,63.7,3.891,-3.7,0,1,1459
2026-03-29T14:20:44,-9.643246,-140.944199,-7.7,15.25,51.5,9,1.4,63.8,3.888,-4.0,0,1,1460
2026-03-29T14:21:12,-9.642041,-140.942627,-7.3,15.24,55.1,10,1.3,63.7,3.891,-3.7,0,1,1461
2026-03-29T14:21:39,-9.640914,-140.941116,-10.6,14.59,48.9,10,1.4,63.5,3.885,-4.0,0,1,1462
2026-03-29T14:22:07,-9.639709,-140.939590,-8.4,14.54,53.2,10,1.3,63.7,3.892,-3.7,0,1,1463
2026-03-29T14:22:34,-9.638496,-140.938156,-9.3,15.20,48.7,10,1.4,63.4,3.886,-3.7,0,1,1464
2026-03-29T14:23:02,-9.637277,-140.936630,-10.8,14.79,50.9,10,1.3,63.5,3.895,-4.0,0,1,1465
2026-03-29T14:23:29,-9.636117,-140.935120,-11.1,14.93,52.1,10,1.4,63.5,3.888,-4.0,0,1,1466
2026-03-29T14:23:57,-9.634940,-140.933563,-15.0,15.26,47.1,10,1.3,63.5,3.891,-4.0,0,1,1467
2026-03-29T14:24:24,-9.633765,-140.932068,-10.6,14.68,54.9,10,1.4,63.3,3.891,-4.0,0,1,1468
2026-03-29T14:24:52,-9.632540,-140.930542,-11.4,14.79,51.3,10,1.3,63.5,3.894,-4.0,0,1,1469
2026-03-29T14:25:19,-9.631347,-140.929092,-10.4,14.89,59.4,10,1.4,63.5,3.886,-4.0,0,1,1470
2026-03-29T14:25:47,-9.630128,-140.927567,-14.3,15.07,50.5,10,1.3,63.7,3.894,-3.7,0,1,1471
2026-03-29T14:26:14,-9.628966,-140.926071,-15.9,15.00,56.2,10,1.4,63.3,3.885,-4.0,0,1,1472
2026-03-29T14:26:42,-9.627728,-140.924500,-11.8,15.00,49.3,10,1.3,63.5,3.892,-4.0,0,1,1473
2026-03-29T14:27:09,-9.626536,-140.923019,-10.5,15.39,49.8,10,1.4,63.4,3.890,-3.7,0,1,1474
2026-03-29T14:27:37,-9.625251,-140.921524,-3.1,15.48,48.5,10,1.3,63.5,3.892,-4.0,0,1,1475
2026-03-29T14:28:04,-9.624080,-140.920013,-2.8,14.98,50.4,10,1.4,63.4,3.890,-3.7,0,1,1476
2026-03-29T14:28:32,-9.622872,-140.918411,15.9,15.83,47.1,10,1.3,63.3,3.891,-4.0,0,1,1477
2026-03-29T14:28:59,-9.621713,-140.916870,27.0,15.56,52.2,10,1.4,63.3,3.889,-4.0,0,1,1478
2026-03-29T14:29:27,-9.620517,-140.915298,30.2,15.22,50.4,10,1.3,63.7,3.891,-3.7,0,1,1479
2026-03-29T14:29:54,-9.619307,-140.913803,30.2,15.09,48.2,10,1.4,63.0,3.880,-4.0,0,1,1480
2026-03-29T14:30:22,-9.618085,-140.912262,31.3,15.26,51.2,10,1.3,63.4,3.891,-3.7,0,1,1481
2026-03-29T14:30:49,-9.616910,-140.910767,36.5,15.21,51.3,10,1.4,63.3,3.889,-4.0,0,1,1482
2026-03-29T14:31:17,-9.615710,-140.909195,32.8,14.42,52.8,10,1.3,63.7,3.890,-3.7,0,1,1483
2026-03-29T14:31:44,-9.614535,-140.907654,29.5,15.67,51.6,10,1.4,63.1,3.889,-3.7,0,1,1484
2026-03-29T14:32:12,-9.613300,-140.906143,32.5,15.50,49.3,10,1.3,63.3,3.889,-4.0,0,1,1485
2026-03-29T14:32:39,-9.612114,-140.904633,32.4,14.89,48.2,10,1.4,63.3,3.884,-4.0,0,1,1486
2026-03-29T14:33:07,-9.610893,-140.903076,35.2,14.75,51.1,10,1.3,63.4,3.889,-3.7,0,1,1487
2026-03-29T14:33:34,-9.609667,-140.901627,32.5,14.87,50.8,10,1.3,63.4,3.885,-3.7,0,1,1488
2026-03-29T14:34:02,-9.608417,-140.900116,29.2,15.42,51.0,10,1.3,63.5,3.890,-4.0,0,1,1489
2026-03-29T14:34:29,-9.607214,-140.898621,26.8,15.05,49.8,10,1.3,63.1,3.881,-3.7,0,1,1490
2026-03-29T14:34:57,-9.606005,-140.897095,25.6,14.66,51.5,10,1.3,63.3,3.891,-4.0,0,1,1491
2026-03-29T14:35:24,-9.604852,-140.895584,18.8,15.24,51.6,10,1.3,63.1,3.884,-3.7,0,1,1492
2026-03-29T14:35:52,-9.603630,-140.894058,20.2,16.07,42.0,10,1.2,63.3,3.888,-4.0,0,1,1493
2026-03-29T14:36:19,-9.602489,-140.892517,23.8,14.94,53.5,9,1.3,63.0,3.888,-4.0,0,1,1494
2026-03-29T14:36:47,-9.601252,-140.890976,23.2,15.47,52.0,8,1.3,63.4,3.889,-3.7,0,1,1495
2026-03-29T14:37:14,-9.600085,-140.889496,18.8,15.94,48.7,10,1.3,63.0,3.886,-4.0,0,1,1496
2026-03-29T14:37:42,-9.598879,-140.887955,16.6,14.49,47.9,11,1.1,63.4,3.889,-3.7,0,1,1497
2026-03-29T14:38:09,-9.597667,-140.886444,14.5,14.66,46.1,10,1.3,63.1,3.881,-3.7,0,1,1498
2026-03-29T14:38:37,-9.596441,-140.884918,14.9,14.54,50.9,10,1.2,63.3,3.890,-4.0,0,1,1499
2026-03-29T14:39:04,-9.595287,-140.883408,12.9,15.66,48.7,10,1.3,62.8,3.878,-3.7,0,1,1500
2026-03-29T14:39:32,-9.594064,-140.881882,5.1,14.88,54.1,11,1.1,63.1,3.888,-3.7,0,1,1501
2026-03-29T14:39:59,-9.592849,-140.880371,7.2,15.04,54.3,12,1.2,63.1,3.886,-3.7,0,1,1502
2026-03-29T14:40:27,-9.591620,-140.878845,7.4,15.85,46.5,12,1.1,63.0,3.889,-4.0,0,1,1503
2026-03-29T14:40:54,-9.590389,-140.877365,13.2,14.85,53.2,12,1.2,63.1,3.886,-3.7,0,1,1504
2026-03-29T14:41:22,-9.589146,-140.875854,18.3,15.00,47.4,12,1.1,63.1,3.889,-3.7,0,1,1505
2026-03-29T14:41:49,-9.587958,-140.874374,17.5,15.37,51.6,12,1.2,63.3,3.879,-4.0,0,1,1506
2026-03-29T14:42:17,-9.586679,-140.872879,22.8,15.33,46.3,12,1.0,63.1,3.889,-3.7,0,1,1507
2026-03-29T14:42:44,-9.585562,-140.871399,18.4,15.07,51.4,12,1.2,62.8,3.885,-3.7,0,1,1508
2026-03-29T14:43:12,-9.584338,-140.869843,20.9,13.95,48.0,12,1.0,63.1,3.889,-3.7,0,1,1509
2026-03-29T14:43:39,-9.583111,-140.868362,24.7,15.81,51.0,12,1.2,62.7,3.879,-4.0,0,1,1510
2026-03-29T14:44:07,-9.581860,-140.866806,18.5,14.32,50.7,12,1.0,63.3,3.886,-4.0,0,1,1511
2026-03-29T14:44:34,-9.580714,-140.865326,18.9,15.19,46.8,12,1.2,63.0,3.884,-4.0,0,1,1512
2026-03-29T14:45:02,-9.579515,-140.863785,27.1,15.27,53.1,11,1.1,63.0,3.884,-4.0,0,1,1513
2026-03-29T14:45:29,-9.578273,-140.862350,14.4,14.89,45.0,11,1.2,62.8,3.879,-3.7,0,1,1514
2026-03-29T14:45:57,-9.577111,-140.860764,15.2,14.76,48.9,10,1.2,62.8,3.886,-3.7,0,1,1515
2026-03-29T14:46:24,-9.575910,-140.859299,15.3,14.86,44.1,11,1.2,62.7,3.886,-4.0,0,1,1516
2026-03-29T14:46:52,-9.574675,-140.857773,14.5,14.73,43.7,11,1.1,63.1,3.886,-3.7,0,1,1517
2026-03-29T14:47:19,-9.573504,-140.856232,14.2,14.17,48.8,10,1.3,63.1,3.886,-3.7,0,1,1518
2026-03-29T14:47:47,-9.572296,-140.854706,9.0,15.58,53.5,11,1.1,63.1,3.886,-3.7,0,1,1519
2026-03-29T14:48:14,-9.571191,-140.853165,10.5,14.38,53.3,10,1.2,62.8,3.884,-3.7,0,1,1520
2026-03-29T14:48:42,-9.569942,-140.851654,5.3,13.98,48.2,11,1.1,63.0,3.885,-4.0,0,1,1521
2026-03-29T14:49:09,-9.568773,-140.850143,11.6,15.01,51.5,11,1.2,62.7,3.885,-4.0,0,1,1522
2026-03-29T14:49:37,-9.567472,-140.848633,25.5,15.23,46.7,11,1.1,62.8,3.886,-3.7,0,1,1523
2026-03-29T14:50:04,-9.566320,-140.847122,24.4,15.08,53.6,11,1.2,62.8,3.879,-3.7,0,1,1524
2026-03-29T14:50:32,-9.565063,-140.845596,29.2,15.80,49.1,11,1.1,63.0,3.886,-4.0,0,1,1525
2026-03-29T14:50:59,-9.563952,-140.844086,25.0,14.64,52.4,11,1.2,62.7,3.875,-4.0,0,1,1526
2026-03-29T14:51:27,-9.562751,-140.842529,23.2,15.38,53.6,10,1.2,62.7,3.885,-4.0,0,1,1527
2026-03-29T14:51:54,-9.561584,-140.841019,26.1,15.09,46.6,11,1.2,62.2,3.870,-3.7,0,1,1528
2026-03-29T14:52:22,-9.560307,-140.839523,16.1,15.24,54.7,10,1.2,63.0,3.884,-4.0,0,1,1529
2026-03-29T14:52:49,-9.559090,-140.838058,30.2,15.20,49.3,10,1.3,62.7,3.871,-4.0,0,1,1530
2026-03-29T14:53:17,-9.557828,-140.836563,31.3,15.11,45.8,9,1.3,62.8,3.886,-3.7,0,1,1531
2026-03-29T14:53:44,-9.556668,-140.835052,31.1,15.17,51.2,10,1.4,62.4,3.876,-4.0,0,1,1532
2026-03-29T14:54:12,-9.555472,-140.833511,19.8,14.64,49.2,9,1.5,63.0,3.885,-4.0,0,1,1533
2026-03-29T14:54:39,-9.554321,-140.831955,10.0,14.61,50.0,10,1.2,62.7,3.884,-4.0,0,1,1534
2026-03-29T14:55:07,-9.553126,-140.830414,4.5,14.51,51.7,9,1.5,62.5,3.884,-3.7,0,1,1535
2026-03-29T14:55:34,-9.551940,-140.828934,7.8,14.85,48.2,10,1.2,62.4,3.884,-4.0,0,1,1536
2026-03-29T14:56:02,-9.550687,-140.827423,1.7,15.09,49.5,9,1.5,62.7,3.884,-4.0,0,1,1537
2026-03-29T14:56:29,-9.549499,-140.825943,-2.8,14.22,46.3,9,1.5,62.7,3.876,-4.0,0,1,1538
2026-03-29T14:56:57,-9.548252,-140.824432,0.0,14.99,46.4,9,1.5,62.8,3.884,-3.7,0,1,1539
2026-03-29T14:57:24,-9.547069,-140.822952,0.1,15.00,43.1,9,1.5,62.2,3.876,-3.7,0,1,1540
2026-03-29T14:57:52,-9.545840,-140.821472,7.4,14.37,51.6,9,1.5,62.7,3.885,-4.0,0,1,1541
2026-03-29T14:58:20,-9.544677,-140.819962,5.8,14.86,52.8,10,1.4,62.5,3.880,-3.7,0,1,1542
2026-03-29T14:58:47,-9.543464,-140.818451,6.2,14.89,51.5,12,1.0,62.7,3.884,-4.0,0,1,1543
2026-03-29T14:59:15,-9.542275,-140.816986,6.7,14.79,52.6,10,1.2,62.4,3.881,-4.0,0,1,1544
2026-03-29T14:59:42,-9.541061,-140.815445,13.2,14.67,53.4,11,1.1,62.7,3.884,-4.0,0,1,1545
2026-03-29T15:00:10,-9.539890,-140.813980,12.2,14.99,49.9,12,1.0,62.4,3.878,-4.0,0,1,1546
2026-03-29T15:00:37,-9.538666,-140.812485,13.3,14.74,48.4,12,1.0,62.4,3.884,-4.0,0,1,1547
2026-03-29T15:01:05,-9.537481,-140.810989,13.4,15.44,54.7,10,1.4,62.2,3.879,-3.7,0,1,1548
2026-03-29T15:01:32,-9.536252,-140.809479,14.6,13.80,54.8,12,1.0,62.7,3.882,-4.0,0,1,1549
2026-03-29T15:02:00,-9.535075,-140.808029,15.5,15.70,47.2,11,1.1,62.4,3.880,-4.0,0,1,1550
2026-03-29T15:02:27,-9.533836,-140.806503,17.9,14.69,55.1,12,1.0,62.7,3.880,-4.0,0,1,1551
2026-03-29T15:02:55,-9.532621,-140.805054,19.0,14.56,49.3,12,1.0,62.5,3.881,-3.7,0,1,1552
2026-03-29T15:03:22,-9.531366,-140.803589,16.7,14.53,51.5,11,1.1,62.4,3.881,-4.0,0,1,1553
2026-03-29T15:03:50,-9.530187,-140.802139,14.6,14.76,49.3,12,1.0,62.2,3.881,-3.7,0,1,1554
2026-03-29T15:04:17,-9.528955,-140.800659,14.5,14.56,51.3,11,1.0,62.4,3.882,-4.0,0,1,1555
2026-03-29T15:04:45,-9.527817,-140.799133,17.9,14.72,51.1,11,1.0,62.2,3.874,-3.7,0,1,1556
2026-03-29T15:05:12,-9.526565,-140.797699,21.9,14.48,51.8,11,1.0,62.4,3.881,-4.0,0,1,1557
2026-03-29T15:05:40,-9.525303,-140.796280,22.8,14.46,50.7,11,1.0,62.2,3.878,-3.7,0,1,1558
2026-03-29T15:06:07,-9.524171,-140.794693,18.9,15.10,53.1,11,1.0,62.2,3.882,-3.7,0,1,1559
2026-03-29T15:06:35,-9.523024,-140.793198,18.7,14.61,49.9,11,1.0,62.0,3.872,-3.7,0,1,1560
2026-03-29T15:07:02,-9.521800,-140.791641,7.8,15.29,54.4,10,1.0,62.4,3.882,-4.0,0,1,1561
2026-03-29T15:07:30,-9.520583,-140.790237,6.2,15.08,53.3,11,1.0,62.1,3.876,-4.0,0,1,1562
2026-03-29T15:07:57,-9.519360,-140.788712,8.7,14.59,45.1,11,0.9,62.5,3.881,-3.7,0,1,1563
2026-03-29T15:08:25,-9.518180,-140.787231,1.3,14.85,49.2,11,1.0,62.1,3.876,-4.0,0,1,1564
2026-03-29T15:08:52,-9.517045,-140.785629,0.7,15.02,51.8,11,0.9,62.4,3.881,-4.0,0,1,1565
2026-03-29T15:09:20,-9.515862,-140.784164,-5.8,14.68,50.5,11,1.0,62.0,3.871,-3.7,0,1,1566
2026-03-29T15:09:47,-9.514630,-140.782639,-5.7,14.84,45.8,10,1.1,62.4,3.880,-4.0,0,1,1567
2026-03-29T15:10:15,-9.513487,-140.781174,-6.4,14.87,49.0,11,1.0,61.8,3.879,-4.0,0,1,1568
2026-03-29T15:10:42,-9.512317,-140.779617,-6.4,14.79,51.0,10,1.0,62.4,3.881,-4.0,0,1,1569
2026-03-29T15:11:10,-9.511142,-140.778183,-5.5,14.09,52.2,11,0.9,62.1,3.871,-4.0,0,1,1570
2026-03-29T15:11:37,-9.509935,-140.776596,-3.6,14.72,49.1,11,0.9,62.4,3.880,-4.0,0,1,1571
2026-03-29T15:12:05,-9.508812,-140.775009,-10.8,15.63,47.7,10,1.0,62.1,3.879,-4.0,0,1,1572
2026-03-29T15:12:32,-9.507580,-140.773499,-10.4,14.33,54.9,10,1.0,62.7,3.880,-4.0,0,1,1573
2026-03-29T15:13:00,-9.506355,-140.772064,-13.9,15.00,48.1,11,1.0,62.1,3.870,-4.0,0,1,1574
2026-03-29T15:13:27,-9.505108,-140.770554,-12.9,15.24,49.4,10,1.0,62.4,3.879,-4.0,0,1,1575
2026-03-29T15:13:55,-9.503934,-140.769089,-5.0,14.19,52.5,10,1.0,62.2,3.869,-3.7,0,1,1576
2026-03-29T15:14:22,-9.502702,-140.767563,-3.4,15.04,54.0,11,0.9,62.2,3.880,-3.7,0,1,1577
2026-03-29T15:14:50,-9.501525,-140.766098,10.9,15.46,44.3,9,1.2,62.2,3.874,-3.7,0,1,1578
2026-03-29T15:15:17,-9.500308,-140.764618,11.0,14.07,45.5,9,1.2,62.0,3.878,-3.7,0,1,1579
2026-03-29T15:15:45,-9.499064,-140.763260,15.2,14.56,47.7,10,1.0,61.7,3.872,-3.7,0,1,1580
2026-03-29T15:16:12,-9.497797,-140.761795,8.7,14.41,45.4,10,1.0,62.2,3.880,-3.7,0,1,1581
2026-03-29T15:16:39,-9.496646,-140.760315,12.2,13.83,47.5,10,1.0,62.0,3.879,-3.7,0,1,1582
2026-03-29T15:17:07,-9.495420,-140.758804,16.6,14.94,46.4,8,1.6,61.8,3.880,-4.0,0,1,1583
2026-03-29T15:17:35,-9.494262,-140.757324,17.9,15.08,53.0,9,1.2,61.8,3.874,-4.0,0,1,1584
2026-03-29T15:18:02,-9.493046,-140.755798,11.2,14.82,52.2,9,1.5,62.0,3.875,-3.7,0,1,1585
2026-03-29T15:18:30,-9.491934,-140.754318,13.7,14.78,48.7,10,1.2,61.8,3.871,-4.0,0,1,1586
2026-03-29T15:18:57,-9.490752,-140.752808,13.9,14.93,48.7,9,1.5,62.0,3.875,-3.7,0,1,1587
2026-03-29T15:19:25,-9.489477,-140.751419,15.0,14.92,48.3,9,1.5,61.8,3.871,-4.0,0,1,1588
2026-03-29T15:19:52,-9.488206,-140.749954,18.3,14.45,50.1,9,1.5,62.1,3.880,-4.0,0,1,1589
2026-03-29T15:20:20,-9.486997,-140.748520,26.0,14.37,59.2,9,1.5,62.0,3.872,-3.7,0,1,1590
2026-03-29T15:20:47,-9.485764,-140.747040,31.9,14.67,47.8,10,1.2,62.0,3.876,-3.7,0,1,1591
2026-03-29T15:21:15,-9.484591,-140.745605,34.9,14.18,53.8,10,1.3,61.7,3.871,-3.7,0,1,1592
2026-03-29T15:21:42,-9.483334,-140.744125,31.2,14.59,53.0,10,1.2,62.0,3.874,-3.7,0,1,1593
2026-03-29T15:22:09,-9.482186,-140.742676,31.1,15.08,51.7,10,1.2,61.8,3.874,-4.0,0,1,1594
2026-03-29T15:22:37,-9.481009,-140.741104,28.5,14.50,53.0,10,1.2,62.1,3.878,-4.0,0,1,1595
2026-03-29T15:23:04,-9.479750,-140.739685,26.4,15.07,54.0,10,1.2,61.7,3.870,-3.7,0,1,1596
2026-03-29T15:23:32,-9.478557,-140.738159,28.8,14.38,49.9,11,1.1,61.8,3.876,-4.0,0,1,1597
2026-03-29T15:23:59,-9.477333,-140.736755,30.0,15.11,48.8,11,1.2,61.8,3.872,-4.0,0,1,1598
2026-03-29T15:24:27,-9.476167,-140.735214,32.0,14.27,53.5,11,1.1,61.7,3.879,-3.7,0,1,1599
2026-03-29T15:24:54,-9.475033,-140.733719,21.9,14.78,55.0,11,1.1,61.5,3.869,-4.0,0,1,1600
2026-03-29T15:25:22,-9.473766,-140.732239,19.9,14.63,51.5,11,1.1,61.8,3.878,-4.0,0,1,1601
2026-03-29T15:25:49,-9.472551,-140.730789,13.1,14.24,51.4,11,1.1,61.8,3.874,-4.0,0,1,1602
2026-03-29T15:26:17,-9.471296,-140.729309,7.1,15.16,49.8,10,1.4,61.8,3.878,-4.0,0,1,1603
2026-03-29T15:26:44,-9.470108,-140.727844,7.9,14.93,53.1,11,1.1,61.7,3.874,-3.7,0,1,1604
2026-03-29T15:27:12,-9.468900,-140.726364,10.3,14.16,49.7,11,1.1,62.0,3.876,-3.7,0,1,1605
2026-03-29T15:27:39,-9.467710,-140.724899,4.2,14.66,50.2,11,1.1,61.7,3.874,-3.7,0,1,1606
2026-03-29T15:28:07,-9.466481,-140.723373,6.9,14.62,50.5,10,1.4,61.5,3.875,-4.0,0,1,1607
2026-03-29T15:28:34,-9.465343,-140.721924,14.9,14.97,43.3,10,1.4,61.5,3.874,-4.0,0,1,1608
2026-03-29T15:29:02,-9.464105,-140.720383,8.6,14.58,51.4,10,1.4,62.0,3.875,-3.7,0,1,1609
2026-03-29T15:29:29,-9.462943,-140.718918,11.8,14.69,58.7,11,1.1,61.5,3.870,-4.0,0,1,1610
2026-03-29T15:29:57,-9.461697,-140.717407,10.4,15.11,53.2,11,1.1,61.7,3.875,-3.7,0,1,1611
2026-03-29T15:30:24,-9.460494,-140.715927,8.5,15.36,57.6,10,1.4,61.7,3.865,-3.7,0,1,1612
2026-03-29T15:30:52,-9.459318,-140.714386,12.5,14.49,52.6,10,1.4,61.8,3.876,-4.0,0,1,1613
2026-03-29T15:31:19,-9.458076,-140.712936,16.9,14.76,54.1,10,1.4,61.1,3.870,-8.5,0,1,1614
2026-03-29T15:31:47,-9.456880,-140.711365,14.9,14.85,49.1,10,1.4,61.5,3.875,-4.0,0,1,1615
2026-03-29T15:32:14,-9.455685,-140.709885,18.1,14.48,51.9,10,1.4,61.7,3.868,-3.7,0,1,1616
2026-03-29T15:32:42,-9.454450,-140.708344,17.1,15.16,45.1,10,1.4,61.8,3.872,-4.0,0,1,1617
2026-03-29T15:33:09,-9.453259,-140.706909,19.6,15.32,48.0,10,1.4,61.7,3.870,-3.7,0,1,1618
2026-03-29T15:33:37,-9.451999,-140.705368,13.5,14.31,49.5,10,1.4,61.7,3.875,-3.7,0,1,1619
2026-03-29T15:34:04,-9.450750,-140.703934,12.9,15.22,48.5,10,1.4,61.4,3.870,-3.7,0,1,1620
2026-03-29T15:34:32,-9.449542,-140.702423,17.4,14.87,55.2,10,1.4,62.0,3.871,-3.7,0,1,1621
2026-03-29T15:34:59,-9.448312,-140.700958,11.8,13.92,56.0,10,1.4,61.7,3.869,-3.7,0,1,1622
2026-03-29T15:35:27,-9.447132,-140.699387,13.6,14.37,50.6,10,1.4,61.5,3.870,-4.0,0,1,1623
2026-03-29T15:35:54,-9.446020,-140.697861,10.1,14.93,52.5,10,1.4,61.5,3.869,-4.0,0,1,1624
2026-03-29T15:36:22,-9.444698,-140.696365,8.5,15.78,48.9,10,1.4,61.1,3.870,-8.5,0,1,1625
2026-03-29T15:36:49,-9.443552,-140.694870,8.5,13.66,56.3,10,1.4,61.1,3.871,-8.5,0,1,1626
2026-03-29T15:37:17,-9.442317,-140.693344,13.7,15.59,52.9,10,1.4,61.5,3.870,-4.0,0,1,1627
2026-03-29T15:37:44,-9.441112,-140.691864,11.7,14.97,53.6,10,1.4,61.4,3.868,-3.7,0,1,1628
2026-03-29T15:38:12,-9.439897,-140.690323,11.2,15.05,59.0,10,1.4,61.7,3.872,-3.7,0,1,1629
2026-03-29T15:38:39,-9.438679,-140.688889,9.8,15.57,47.0,10,1.4,61.4,3.870,-3.7,0,1,1630
2026-03-29T15:39:07,-9.437468,-140.687317,10.6,15.24,52.5,11,1.0,61.5,3.870,-4.0,0,1,1631
2026-03-29T15:39:34,-9.436300,-140.685806,7.8,14.52,53.0,10,1.4,61.1,3.868,-8.5,0,1,1632
2026-03-29T15:40:02,-9.435089,-140.684219,7.8,14.74,53.2,10,1.4,61.5,3.868,-4.0,0,1,1633
2026-03-29T15:40:29,-9.433923,-140.682724,11.3,15.35,45.7,9,2.0,60.7,3.870,-8.3,0,1,1634
2026-03-29T15:40:57,-9.432690,-140.681213,12.3,13.76,43.7,10,1.4,61.5,3.869,-4.0,0,1,1635
2026-03-29T15:41:24,-9.431526,-140.679718,12.7,15.36,52.2,10,1.4,61.1,3.868,-8.5,0,1,1636
2026-03-29T15:41:52,-9.430256,-140.678177,4.4,15.08,50.6,10,1.4,61.4,3.872,-3.7,0,1,1637
2026-03-29T15:42:19,-9.429083,-140.676666,2.2,15.73,49.6,10,1.4,60.7,3.869,-8.3,0,1,1638
2026-03-29T15:42:47,-9.427851,-140.675140,5.6,14.61,48.0,9,1.5,60.7,3.868,-8.3,0,1,1639
2026-03-29T15:43:14,-9.426661,-140.673676,10.8,15.94,52.8,9,1.5,61.1,3.868,-8.5,0,1,1640
2026-03-29T15:43:42,-9.425464,-140.672119,10.8,14.65,49.5,9,1.5,61.4,3.868,-3.7,0,1,1641
2026-03-29T15:44:09,-9.424316,-140.670609,11.1,15.20,49.4,9,1.5,61.1,3.864,-8.5,0,1,1642
2026-03-29T15:44:37,-9.423095,-140.669052,22.2,15.28,56.3,9,1.5,61.1,3.869,-8.5,0,1,1643
2026-03-29T15:45:04,-9.421869,-140.667679,15.5,14.61,50.9,9,1.5,60.7,3.869,-8.3,0,1,1644
2026-03-29T15:45:32,-9.420638,-140.666092,12.3,15.67,51.9,8,1.6,60.7,3.868,-8.3,0,1,1645
2026-03-29T15:45:59,-9.419400,-140.664673,18.9,15.30,54.5,9,1.5,61.1,3.864,-8.5,0,1,1646
2026-03-29T15:46:27,-9.418133,-140.663208,19.6,13.30,56.2,9,1.5,61.1,3.869,-8.5,0,1,1647
2026-03-29T15:46:54,-9.416888,-140.661743,15.7,14.74,52.7,9,1.5,60.4,3.865,-8.5,0,1,1648
2026-03-29T15:47:22,-9.415678,-140.660217,20.4,15.17,48.9,9,1.5,60.7,3.868,-8.3,0,1,1649
2026-03-29T15:47:49,-9.414468,-140.658768,22.3,14.97,50.0,9,1.5,60.7,3.864,-8.3,0,1,1650
2026-03-29T15:48:17,-9.413226,-140.657227,24.2,14.58,49.8,8,2.2,61.1,3.868,-8.5,0,1,1651
2026-03-29T15:48:44,-9.412004,-140.655777,27.2,15.10,52.6,8,2.2,60.1,3.864,-8.3,0,1,1652
2026-03-29T15:49:12,-9.410768,-140.654221,28.3,15.04,48.3,8,2.2,60.7,3.872,-8.3,0,1,1653
2026-03-29T15:49:39,-9.409574,-140.652756,30.7,15.15,47.9,8,2.2,60.7,3.864,-8.3,0,1,1654
2026-03-29T15:50:07,-9.408305,-140.651215,31.8,15.89,48.3,8,2.2,60.7,3.868,-8.3,0,1,1655
2026-03-29T15:50:34,-9.407126,-140.649704,28.9,15.02,56.1,7,2.3,60.7,3.864,-8.3,0,1,1656
2026-03-29T15:51:02,-9.405935,-140.648148,28.5,15.70,51.8,8,2.2,60.7,3.868,-8.3,0,1,1657
2026-03-29T15:51:29,-9.404837,-140.646637,31.9,15.08,52.8,8,2.2,60.4,3.860,-8.5,0,1,1658
2026-03-29T15:51:57,-9.403588,-140.645081,30.0,15.20,46.6,8,2.2,60.4,3.870,-8.5,0,1,1659
2026-03-29T15:52:24,-9.402375,-140.643570,31.2,15.42,54.8,8,2.3,60.4,3.864,-8.5,0,1,1660
2026-03-29T15:52:52,-9.401196,-140.642029,29.8,15.10,45.9,9,1.4,61.1,3.868,-8.5,0,1,1661
2026-03-29T15:53:19,-9.400052,-140.640503,28.0,14.40,57.7,8,2.3,60.4,3.864,-8.5,0,1,1662
2026-03-29T15:53:47,-9.398829,-140.638992,29.2,14.08,63.5,8,2.3,60.7,3.865,-8.3,0,1,1663
2026-03-29T15:54:14,-9.397664,-140.637512,30.0,14.42,49.3,9,1.4,60.1,3.862,-8.3,0,1,1664
2026-03-29T15:54:42,-9.396482,-140.635941,33.8,14.99,55.1,8,2.3,60.4,3.870,-8.5,0,1,1665
2026-03-29T15:55:09,-9.395318,-140.634445,34.1,14.55,54.9,9,1.4,60.4,3.864,-8.5,0,1,1666
2026-03-29T15:55:37,-9.394111,-140.632935,30.3,14.28,55.3,8,2.3,60.4,3.868,-8.5,0,1,1667
2026-03-29T15:56:04,-9.392919,-140.631470,28.6,14.96,51.0,8,2.3,60.7,3.862,-8.3,0,1,1668
2026-03-29T15:56:32,-9.391670,-140.629959,27.4,15.25,52.2,8,2.3,60.7,3.865,-8.3,0,1,1669
2026-03-29T15:56:59,-9.390513,-140.628479,28.1,15.19,52.2,9,1.4,59.2,3.861,-8.5,0,1,1670
2026-03-29T15:57:27,-9.389256,-140.627014,25.4,14.92,47.9,9,1.8,60.4,3.866,-8.5,0,1,1671
2026-03-29T15:57:54,-9.388132,-140.625504,24.2,14.74,57.5,9,1.9,60.4,3.860,-8.5,0,1,1672
2026-03-29T15:58:22,-9.386952,-140.623978,21.6,14.46,51.4,9,1.8,60.7,3.868,-8.3,0,1,1673
2026-03-29T15:58:49,-9.385780,-140.622482,20.9,14.66,54.9,9,1.9,59.8,3.862,-8.5,0,1,1674
2026-03-29T15:59:17,-9.384645,-140.620972,20.7,14.93,54.1,9,1.8,60.4,3.869,-8.5,0,1,1675
2026-03-29T15:59:44,-9.383492,-140.619537,21.2,15.02,50.5,9,1.9,59.8,3.861,-8.5,0,1,1676
2026-03-29T16:00:12,-9.382258,-140.618042,22.7,14.26,50.0,9,1.8,60.1,3.870,-8.3,0,1,1677
2026-03-29T16:00:39,-9.381102,-140.616592,19.9,13.90,54.1,9,1.9,59.8,3.866,-8.5,0,1,1678
2026-03-29T16:01:07,-9.379934,-140.615097,15.0,14.48,55.0,9,1.8,60.1,3.869,-8.3,0,1,1679
2026-03-29T16:01:34,-9.378808,-140.613678,12.4,14.93,52.0,9,1.9,59.5,3.865,-8.3,0,1,1680
2026-03-29T16:02:02,-9.377544,-140.612183,13.0,15.72,50.4,9,1.8,59.8,3.868,-8.5,0,1,1681
2026-03-29T16:02:29,-9.376345,-140.610718,11.5,15.77,48.4,9,1.9,59.5,3.866,-8.3,0,1,1682
2026-03-29T16:02:57,-9.375114,-140.609238,13.6,14.52,48.5,9,1.8,60.4,3.868,-8.5,0,1,1683
2026-03-29T16:03:24,-9.373940,-140.607773,14.7,16.73,55.1,9,1.9,59.5,3.859,-8.3,0,1,1684
2026-03-29T16:03:52,-9.372778,-140.606232,9.1,14.75,57.3,9,1.8,60.4,3.866,-8.5,0,1,1685
2026-03-29T16:04:19,-9.371552,-140.604843,11.8,14.83,46.1,9,1.9,59.5,3.866,-8.3,0,1,1686
2026-03-29T16:04:47,-9.370325,-140.603348,14.2,14.75,53.8,9,1.8,60.4,3.868,-8.5,0,1,1687
2026-03-29T16:05:14,-9.369239,-140.601852,10.8,14.80,57.1,9,1.9,59.8,3.865,-8.5,0,1,1688
2026-03-29T16:05:42,-9.367978,-140.600433,14.6,14.89,52.9,9,1.8,60.4,3.868,-8.5,0,1,1689
2026-03-29T16:06:09,-9.366785,-140.599014,19.1,14.48,53.5,9,1.9,59.5,3.865,-8.3,0,1,1690
2026-03-29T16:06:37,-9.365586,-140.597519,17.2,15.02,53.8,9,1.8,60.4,3.868,-8.5,0,1,1691
2026-03-29T16:07:04,-9.364450,-140.596085,18.9,14.86,47.2,9,1.9,59.5,3.864,-8.3,0,1,1692
2026-03-29T16:07:32,-9.363320,-140.594528,13.6,14.94,49.9,9,1.8,59.8,3.866,-8.5,0,1,1693
2026-03-29T16:07:59,-9.362166,-140.593140,11.2,15.83,50.2,9,1.9,59.5,3.859,-8.3,0,1,1694
2026-03-29T16:08:27,-9.360848,-140.591705,20.3,14.39,48.2,9,1.8,59.8,3.866,-8.5,0,1,1695
2026-03-29T16:08:54,-9.359725,-140.590210,16.0,15.11,52.2,9,1.9,59.2,3.856,-8.5,0,1,1696
2026-03-29T16:09:22,-9.358584,-140.588684,16.0,13.79,51.5,9,1.7,59.8,3.864,-8.5,0,1,1697
2026-03-29T16:09:49,-9.357415,-140.587250,17.6,14.81,53.8,9,1.9,58.8,3.858,-8.3,0,1,1698
2026-03-29T16:10:17,-9.356292,-140.585724,14.8,14.13,48.2,9,1.7,59.5,3.864,-8.3,0,1,1699
2026-03-29T16:10:44,-9.355155,-140.584274,15.6,15.28,56.9,9,1.7,59.2,3.862,-8.5,0,1,1700
2026-03-29T16:11:12,-9.353940,-140.582794,15.5,15.27,45.3,9,1.7,59.5,3.866,-8.3,0,1,1701
2026-03-29T16:11:39,-9.352932,-140.581284,6.5,14.19,59.9,10,1.9,58.8,3.864,-8.3,0,1,1702
2026-03-29T16:12:07,-9.351574,-140.579849,21.9,14.76,42.5,10,1.7,59.2,3.865,-8.5,0,1,1703
2026-03-29T16:12:34,-9.350367,-140.578491,25.1,14.94,43.6,10,1.9,58.8,3.862,-8.3,0,1,1704
2026-03-29T16:13:02,-9.349169,-140.576965,23.5,14.87,55.0,9,1.7,59.2,3.864,-8.5,0,1,1705
2026-03-29T16:13:29,-9.348049,-140.575546,20.0,13.88,47.8,9,1.7,59.2,3.859,-8.5,0,1,1706
2026-03-29T16:13:57,-9.346892,-140.574036,17.9,14.90,54.6,9,1.7,59.5,3.866,-8.3,0,1,1707
2026-03-29T16:14:24,-9.345627,-140.572678,18.2,14.47,51.0,10,1.8,59.5,3.862,-8.3,0,1,1708
2026-03-29T16:14:52,-9.344421,-140.571213,23.4,14.46,45.0,10,1.5,59.5,3.865,-8.3,0,1,1709
2026-03-29T16:15:19,-9.343304,-140.569733,23.6,14.51,52.1,10,1.5,59.2,3.859,-8.5,0,1,1710
2026-03-29T16:15:47,-9.342116,-140.568237,24.9,15.01,45.7,10,1.5,58.8,3.865,-8.3,0,1,1711
2026-03-29T16:16:14,-9.340981,-140.566833,20.4,14.66,55.6,9,1.7,59.2,3.858,-8.5,0,1,1712
2026-03-29T16:16:42,-9.339797,-140.565308,22.8,14.87,50.0,8,1.7,59.5,3.864,-8.3,0,1,1713
2026-03-29T16:17:09,-9.338627,-140.563828,17.2,15.65,54.7,9,1.7,58.8,3.859,-8.3,0,1,1714
2026-03-29T16:17:37,-9.337447,-140.562363,12.3,13.99,52.3,9,1.7,59.5,3.860,-8.3,0,1,1715
2026-03-29T16:18:04,-9.336242,-140.560974,-1.5,15.01,52.2,9,2.3,58.5,3.858,-8.5,0,1,1716
2026-03-29T16:18:32,-9.335020,-140.559509,-8.3,14.29,54.5,9,1.7,58.8,3.860,-8.3,0,1,1717
2026-03-29T16:18:59,-9.333872,-140.558075,-14.0,13.89,51.9,9,2.3,58.5,3.858,-8.5,0,1,1718
2026-03-29T16:19:27,-9.332734,-140.556564,-10.9,14.61,58.8,9,1.7,59.5,3.860,-8.3,0,1,1719
2026-03-29T16:19:54,-9.331633,-140.555069,-11.2,14.22,47.7,9,2.3,58.2,3.854,-8.3,0,1,1720
2026-03-29T16:20:22,-9.330423,-140.553543,-1.6,14.60,50.9,9,1.7,58.5,3.859,-8.5,0,1,1721
2026-03-29T16:20:49,-9.329342,-140.552017,-7.3,14.25,59.2,9,1.7,58.5,3.858,-8.5,0,1,1722
2026-03-29T16:21:17,-9.328183,-140.550507,-8.6,15.32,50.5,9,1.7,58.8,3.862,-8.3,0,1,1723
2026-03-29T16:21:44,-9.327031,-140.549072,2.5,14.04,56.8,9,2.3,58.5,3.856,-8.5,0,1,1724
2026-03-29T16:22:12,-9.325769,-140.547638,9.6,14.69,46.1,9,1.7,58.8,3.864,-8.3,0,1,1725
2026-03-29T16:22:39,-9.324612,-140.546204,12.5,13.91,54.8,9,2.3,58.2,3.858,-8.3,0,1,1726
2026-03-29T16:23:07,-9.323415,-140.544724,16.8,14.79,47.9,9,1.6,58.5,3.861,-8.5,0,1,1727
2026-03-29T16:23:34,-9.322289,-140.543259,6.7,14.23,52.4,9,2.3,58.5,3.855,-8.5,0,1,1728
2026-03-29T16:24:02,-9.321086,-140.541794,3.0,14.93,48.4,9,1.6,58.5,3.861,-8.5,0,1,1729
2026-03-29T16:24:29,-9.319906,-140.540390,4.8,15.20,48.6,9,1.6,57.9,3.855,-8.5,0,1,1730
2026-03-29T16:24:57,-9.318684,-140.538925,1.9,14.38,52.0,9,1.6,58.5,3.861,-8.5,0,1,1731
2026-03-29T16:25:24,-9.317548,-140.537521,-0.9,14.32,58.0,9,2.3,58.8,3.855,-8.3,0,1,1732
2026-03-29T16:25:52,-9.316341,-140.536087,-1.7,14.50,48.2,10,1.4,59.2,3.861,-8.5,0,1,1733
2026-03-29T16:26:19,-9.315193,-140.534637,-6.1,14.58,51.1,10,1.6,58.2,3.854,-8.3,0,1,1734
2026-03-29T16:26:47,-9.314015,-140.533142,-4.1,14.90,51.3,10,1.4,58.2,3.861,-8.3,0,1,1735
2026-03-29T16:27:14,-9.312879,-140.531708,-4.7,14.22,54.5,10,1.6,58.5,3.854,-8.5,0,1,1736
2026-03-29T16:27:42,-9.311685,-140.530197,-8.8,15.24,48.0,10,1.4,57.9,3.858,-8.5,0,1,1737
2026-03-29T16:28:09,-9.310568,-140.528763,-9.0,14.39,57.4,10,1.6,57.9,3.856,-8.5,0,1,1738
2026-03-29T16:28:37,-9.309345,-140.527267,3.5,14.03,49.3,10,1.4,57.6,3.859,-8.3,0,1,1739
2026-03-29T16:29:04,-9.308223,-140.525803,8.4,14.88,53.2,10,1.6,58.5,3.854,-8.5,0,1,1740
2026-03-29T16:29:32,-9.307016,-140.524307,16.8,13.62,46.3,10,1.4,58.2,3.861,-8.3,0,1,1741
2026-03-29T16:29:59,-9.305897,-140.522827,13.6,14.82,54.0,10,1.4,57.9,3.852,-8.5,0,1,1742
2026-03-29T16:30:27,-9.304693,-140.521317,11.6,14.95,54.5,10,1.4,58.2,3.858,-8.3,0,1,1743
2026-03-29T16:30:54,-9.303530,-140.519867,13.7,15.04,50.3,10,1.6,57.6,3.854,-8.3,0,1,1744
2026-03-29T16:31:22,-9.302334,-140.518356,19.2,15.50,54.0,10,1.4,57.9,3.856,-8.5,0,1,1745
2026-03-29T16:31:49,-9.301138,-140.516922,19.9,14.45,53.8,10,1.6,57.3,3.852,-8.5,0,1,1746
2026-03-29T16:32:17,-9.299932,-140.515411,20.2,14.45,49.9,10,1.4,58.8,3.860,-8.3,0,1,1747
2026-03-29T16:32:44,-9.298815,-140.513977,21.6,14.55,55.4,9,1.6,58.2,3.851,-8.3,0,1,1748
2026-03-29T16:33:12,-9.297612,-140.512466,24.8,14.24,55.7,10,1.4,57.6,3.855,-8.3,0,1,1749
2026-03-29T16:33:39,-9.296449,-140.511047,26.7,15.66,50.1,10,1.6,58.2,3.854,-8.3,0,1,1750
2026-03-29T16:34:07,-9.295207,-140.509567,28.8,14.26,52.0,10,1.3,58.5,3.856,-8.5,0,1,1751
2026-03-29T16:34:34,-9.294064,-140.508133,22.8,14.52,50.7,10,1.6,57.6,3.854,-8.3,0,1,1752
2026-03-29T16:35:02,-9.292837,-140.506683,26.5,15.24,47.0,10,1.3,57.9,3.855,-8.5,0,1,1753
2026-03-29T16:35:29,-9.291615,-140.505280,28.0,14.97,50.4,10,1.6,57.3,3.852,-8.5,0,1,1754
2026-03-29T16:35:57,-9.290395,-140.503815,30.1,14.68,52.0,10,1.3,57.9,3.854,-8.5,0,1,1755
2026-03-29T16:36:24,-9.289253,-140.502396,29.3,14.28,51.9,10,1.3,57.6,3.852,-8.3,0,1,1756
2026-03-29T16:36:53,-9.288047,-140.500931,25.9,14.08,44.9,10,1.3,57.9,3.858,-8.5,0,1,1757
2026-03-29T16:37:19,-9.286883,-140.499527,26.1,15.71,56.2,9,1.5,56.9,3.854,-8.3,0,1,1758
2026-03-29T16:37:47,-9.285664,-140.498047,30.1,14.16,53.2,9,1.5,58.5,3.855,-8.5,0,1,1759
2026-03-29T16:38:14,-9.284471,-140.496658,26.9,14.60,51.5,9,2.2,57.3,3.850,-8.5,0,1,1760
2026-03-29T16:38:42,-9.283225,-140.495193,22.9,14.95,53.5,9,1.5,57.6,3.856,-8.3,0,1,1761
2026-03-29T16:39:09,-9.282089,-140.493713,16.4,15.06,53.4,9,1.5,57.3,3.851,-8.5,0,1,1762
2026-03-29T16:39:38,-9.280871,-140.492218,15.5,15.10,53.0,9,1.5,58.2,3.856,-8.3,0,1,1763
2026-03-29T16:40:04,-9.279690,-140.490784,9.8,15.19,52.9,9,1.5,56.9,3.849,-8.3,0,1,1764
2026-03-29T16:40:33,-9.278426,-140.489365,12.9,14.29,46.9,9,1.5,57.9,3.855,-8.5,0,1,1765
2026-03-29T16:40:59,-9.277268,-140.487900,9.9,14.98,57.5,9,1.5,57.6,3.851,-8.3,0,1,1766
2026-03-29T16:41:28,-9.276072,-140.486435,5.4,13.61,47.8,9,1.5,57.6,3.859,-8.3,0,1,1767
2026-03-29T16:41:54,-9.274860,-140.485016,0.5,14.93,54.6,9,1.5,56.9,3.850,-8.3,0,1,1768
2026-03-29T16:42:23,-9.273682,-140.483475,1.0,15.13,51.0,9,1.5,58.2,3.854,-8.3,0,1,1769
2026-03-29T16:42:49,-9.272491,-140.482086,-4.0,14.90,47.4,9,1.5,57.3,3.850,-8.5,0,1,1770
2026-03-29T16:43:18,-9.271293,-140.480621,-2.3,15.13,52.4,9,1.5,58.2,3.854,-8.3,0,1,1771
2026-03-29T16:43:44,-9.270129,-140.479126,-5.5,14.87,51.9,9,1.5,57.3,3.850,-8.5,0,1,1772
2026-03-29T16:44:13,-9.268860,-140.477692,-6.0,15.99,58.3,9,1.5,57.9,3.852,-8.5,0,1,1773
2026-03-29T16:44:39,-9.267648,-140.476273,-4.2,14.32,53.5,9,1.5,57.6,3.851,-8.3,0,1,1774
2026-03-29T16:45:08,-9.266410,-140.474823,-1.6,14.47,51.2,9,1.5,57.3,3.851,-8.5,0,1,1775
2026-03-29T16:45:34,-9.265195,-140.473389,-3.4,15.43,51.9,9,1.5,57.3,3.851,-8.5,0,1,1776
2026-03-29T16:46:03,-9.263992,-140.471909,-8.9,14.31,49.1,9,1.4,57.6,3.851,-8.3,0,1,1777
2026-03-29T16:46:29,-9.262808,-140.470520,-7.4,14.96,49.1,9,1.4,56.9,3.851,-8.3,0,1,1778
2026-03-29T16:46:58,-9.261557,-140.469070,-6.7,14.74,48.7,9,1.4,57.3,3.855,-8.5,0,1,1779
2026-03-29T16:47:24,-9.260409,-140.467606,-3.7,15.19,52.4,8,2.1,57.3,3.852,-8.5,0,1,1780
2026-03-29T16:47:53,-9.259207,-140.466110,1.6,15.41,58.3,9,1.4,56.9,3.849,-8.3,0,1,1781
2026-03-29T16:48:19,-9.258026,-140.464706,-2.7,14.43,54.1,9,1.4,57.3,3.851,-8.5,0,1,1782
2026-03-29T16:48:48,-9.256822,-140.463226,1.1,14.01,51.3,8,1.5,56.9,3.854,-8.3,0,1,1783
2026-03-29T16:49:14,-9.255647,-140.461761,7.9,14.42,49.9,9,2.1,56.6,3.852,-8.5,0,1,1784
2026-03-29T16:49:43,-9.254406,-140.460281,10.5,15.32,50.2,8,1.5,56.9,3.849,-8.3,0,1,1785
2026-03-29T16:50:09,-9.253240,-140.458847,10.9,14.59,51.2,8,2.1,57.3,3.851,-8.5,0,1,1786
2026-03-29T16:50:38,-9.252000,-140.457382,7.2,14.71,50.2,8,1.5,56.9,3.854,-8.3,0,1,1787
2026-03-29T16:51:04,-9.250856,-140.455917,9.0,13.61,48.5,8,1.5,56.3,3.852,-8.3,0,1,1788
2026-03-29T16:51:33,-9.249621,-140.454468,14.8,14.14,49.0,8,1.5,56.6,3.851,-8.5,0,1,1789
2026-03-29T16:51:59,-9.248480,-140.452972,19.2,14.02,55.2,8,2.0,56.3,3.852,-8.3,0,1,1790
2026-03-29T16:52:28,-9.247264,-140.451492,21.1,14.85,50.8,9,1.4,56.9,3.850,-8.3,0,1,1791
2026-03-29T16:52:54,-9.246080,-140.450043,25.8,15.09,52.5,9,1.4,56.3,3.852,-8.3,0,1,1792
2026-03-29T16:53:23,-9.244862,-140.448578,31.7,14.97,46.5,8,1.5,56.6,3.850,-8.5,0,1,1793
2026-03-29T16:53:49,-9.243709,-140.447113,28.7,14.06,50.8,7,2.0,56.3,3.850,-8.3,0,1,1794
2026-03-29T16:54:18,-9.242481,-140.445648,31.8,14.94,44.7,8,1.5,56.6,3.851,-8.5,0,1,1795
2026-03-29T16:54:44,-9.241330,-140.444168,28.7,15.27,49.3,8,2.0,56.9,3.851,-8.3,0,1,1796
2026-03-29T16:55:13,-9.240175,-140.442642,24.5,14.27,55.3,8,1.5,56.9,3.850,-8.3,0,1,1797
2026-03-29T16:55:39,-9.238972,-140.441223,18.9,15.21,47.7,9,1.4,56.0,3.848,-8.5,0,1,1798
2026-03-29T16:56:08,-9.237729,-140.439743,18.2,13.97,49.6,8,1.5,56.9,3.850,-8.3,0,1,1799
2026-03-29T16:56:34,-9.236526,-140.438354,16.8,14.73,45.8,8,1.5,56.3,3.851,-8.3,0,1,1800
2026-03-29T16:57:03,-9.235288,-140.436905,15.3,14.56,52.2,9,1.3,56.6,3.850,-8.5,0,1,1801
2026-03-29T16:57:29,-9.234138,-140.435425,16.4,15.10,51.1,8,1.9,56.3,3.848,-8.3,0,1,1802
2026-03-29T16:57:58,-9.232982,-140.433884,14.7,14.85,53.7,9,1.3,56.6,3.849,-8.5,0,1,1803
2026-03-29T16:58:24,-9.231800,-140.432419,11.3,15.15,51.4,8,1.5,56.0,3.850,-8.5,0,1,1804
2026-03-29T16:58:53,-9.230566,-140.430954,12.7,13.78,51.5,9,1.3,56.6,3.850,-8.5,0,1,1805
2026-03-29T16:59:19,-9.229342,-140.429535,14.0,15.05,50.0,9,1.3,56.0,3.850,-8.5,0,1,1806
2026-03-29T16:59:48,-9.228100,-140.428040,8.6,14.51,49.3,8,1.4,57.3,3.850,-8.5,0,1,1807
2026-03-29T17:00:14,-9.226880,-140.426682,12.0,15.25,45.3,8,1.4,56.6,3.850,-8.5,0,1,1808
2026-03-29T17:00:43,-9.225651,-140.425171,14.6,15.18,48.2,9,1.3,56.3,3.850,-8.3,0,1,1809
2026-03-29T17:01:09,-9.224454,-140.423737,16.2,14.66,50.5,8,1.4,56.0,3.848,-8.5,0,1,1810
2026-03-29T17:01:37,-9.223256,-140.422226,16.2,14.64,51.2,8,1.4,56.3,3.851,-8.3,0,1,1811
2026-03-29T17:02:04,-9.222056,-140.420807,16.8,14.94,43.6,8,1.8,55.7,3.849,-8.3,0,1,1812
2026-03-29T17:02:33,-9.220853,-140.419296,17.9,15.38,52.2,8,1.4,56.9,3.850,-8.3,0,1,1813
2026-03-29T17:02:59,-9.219677,-140.417862,13.9,15.14,52.5,8,1.8,56.6,3.850,-8.5,0,1,1814
2026-03-29T17:03:27,-9.218516,-140.416321,12.9,14.84,51.5,8,1.4,56.0,3.849,-8.5,0,1,1815
2026-03-29T17:03:54,-9.217323,-140.414902,12.7,14.52,50.3,8,1.4,56.0,3.849,-8.5,0,1,1816
2026-03-29T17:04:22,-9.216048,-140.413437,16.2,14.31,42.0,9,1.3,56.0,3.848,-8.5,0,1,1817
2026-03-29T17:04:49,-9.214895,-140.411972,19.6,14.12,47.5,8,1.8,56.0,3.846,-8.5,0,1,1818
2026-03-29T17:05:17,-9.213700,-140.410461,23.0,14.29,51.3,9,1.3,56.0,3.849,-8.5,0,1,1819
2026-03-29T17:05:44,-9.212590,-140.408966,17.9,15.06,51.1,8,1.8,56.0,3.848,-8.5,0,1,1820
2026-03-29T17:06:12,-9.211443,-140.407440,9.8,14.94,46.0,8,1.4,56.9,3.845,-8.3,0,1,1821
2026-03-29T17:06:39,-9.210257,-140.406036,12.1,14.61,50.7,8,1.4,56.0,3.846,-8.5,0,1,1822
2026-03-29T17:07:07,-9.209042,-140.404526,14.9,15.15,45.3,8,1.3,56.3,3.849,-8.3,0,1,1823
2026-03-29T17:07:34,-9.207865,-140.403091,13.5,14.69,47.0,9,1.3,56.0,3.849,-8.5,0,1,1824
2026-03-29T17:08:02,-9.206676,-140.401581,11.2,14.98,49.0,9,1.3,56.3,3.849,-8.3,0,1,1825
2026-03-29T17:08:29,-9.205542,-140.400116,8.7,14.41,52.5,8,1.3,55.7,3.846,-8.3,0,1,1826
2026-03-29T17:08:57,-9.204342,-140.398651,9.5,13.95,47.5,9,1.3,55.4,3.848,-8.5,0,1,1827
2026-03-29T17:09:24,-9.203221,-140.397171,9.6,15.10,55.7,7,1.5,55.7,3.849,-8.3,0,1,1828
2026-03-29T17:09:52,-9.202046,-140.395630,11.1,15.00,50.4,7,1.5,55.7,3.846,-8.3,0,1,1829
2026-03-29T17:10:19,-9.200893,-140.394196,6.2,13.54,55.8,8,1.3,55.7,3.844,-8.3,0,1,1830
2026-03-29T17:10:47,-9.199784,-140.392639,2.7,14.46,48.8,8,1.3,56.0,3.848,-8.5,0,1,1831
2026-03-29T17:11:14,-9.198606,-140.391205,-3.3,14.80,48.2,7,1.5,55.7,3.848,-8.3,0,1,1832
2026-03-29T17:11:42,-9.197403,-140.389755,-4.6,15.09,50.1,8,1.3,55.7,3.848,-8.3,0,1,1833
2026-03-29T17:12:09,-9.196285,-140.388275,-3.8,14.49,47.4,7,1.4,55.0,3.848,-8.3,0,1,1834
2026-03-29T17:12:37,-9.195188,-140.386673,-4.9,15.11,55.3,8,1.3,55.7,3.846,-8.3,0,1,1835
2026-03-29T17:13:04,-9.194027,-140.385223,-6.9,13.34,56.9,8,1.8,55.4,3.845,1473.9,0,1,1836
2026-03-29T17:13:32,-9.192835,-140.383713,-14.2,14.24,54.4,8,1.3,55.7,3.846,-8.3,0,1,1837
2026-03-29T17:13:59,-9.191728,-140.382217,-20.5,15.08,60.8,9,1.2,54.7,3.842,-8.5,0,1,1838
2026-03-29T17:14:27,-9.190558,-140.380722,-22.0,14.68,49.5,9,1.2,56.0,3.846,-8.5,0,1,1839
2026-03-29T17:14:54,-9.189419,-140.379257,-27.9,15.27,51.5,9,1.2,55.4,3.844,-8.5,0,1,1840
2026-03-29T17:15:22,-9.188229,-140.377762,-34.0,13.67,53.0,8,1.3,55.7,3.848,-8.3,0,1,1841
2026-03-29T17:15:49,-9.187109,-140.376282,-41.1,14.80,54.1,9,1.2,55.4,3.848,-8.5,0,1,1842
2026-03-29T17:16:17,-9.185950,-140.374756,-47.3,14.29,54.7,8,1.3,55.7,3.848,-8.3,0,1,1843
2026-03-29T17:16:44,-9.184892,-140.373230,-51.3,14.95,56.7,8,1.3,55.0,3.846,-8.3,0,1,1844
2026-03-29T17:17:12,-9.183705,-140.371704,-52.1,14.73,47.7,8,1.3,56.0,3.842,-8.5,0,1,1845
2026-03-29T17:17:39,-9.182528,-140.370255,-55.4,14.79,53.8,9,1.2,55.4,3.844,-8.5,0,1,1846
2026-03-29T17:18:07,-9.181332,-140.368774,-53.8,13.88,47.5,9,1.2,56.0,3.845,-8.5,0,1,1847
2026-03-29T17:18:34,-9.180128,-140.367340,-55.7,15.73,53.9,8,1.3,54.7,3.844,-8.5,0,1,1848
2026-03-29T17:19:02,-9.178940,-140.365799,-57.2,15.16,55.4,8,1.3,55.7,3.845,-8.3,0,1,1849
2026-03-29T17:19:29,-9.177801,-140.364288,-55.0,14.64,50.8,8,1.3,55.0,3.846,-8.3,0,1,1850
2026-03-29T17:19:57,-9.176603,-140.362823,-57.0,14.19,52.4,7,1.3,55.0,3.844,-8.3,0,1,1851
2026-03-29T17:20:24,-9.175295,-140.361420,-52.1,14.68,46.2,8,1.3,54.4,3.844,-8.3,0,1,1852
2026-03-29T17:20:52,-9.174040,-140.359924,-51.5,14.74,51.0,6,1.4,54.7,3.842,-8.5,0,1,1853
2026-03-29T17:21:19,-9.172925,-140.358383,-46.8,14.20,54.8,8,1.2,54.4,3.842,-8.3,0,1,1854
2026-03-29T17:21:47,-9.171688,-140.356857,-45.7,16.25,50.5,7,1.3,55.0,3.844,-8.3,0,1,1855
2026-03-29T17:22:14,-9.170489,-140.355453,-42.6,14.75,56.1,8,1.2,54.7,3.845,-8.5,0,1,1856
2026-03-29T17:22:42,-9.169220,-140.353989,-40.2,14.48,47.6,8,1.3,55.0,3.845,-8.3,0,1,1857
2026-03-29T17:23:09,-9.168075,-140.352493,-38.0,14.85,55.5,7,1.3,54.7,3.844,-8.5,0,1,1858
2026-03-29T17:23:37,-9.166846,-140.350967,-33.5,14.90,52.2,7,1.3,55.7,3.842,-8.3,0,1,1859
2026-03-29T17:24:04,-9.165658,-140.349503,-31.4,15.22,50.4,7,1.3,54.4,3.842,-8.3,0,1,1860
2026-03-29T17:24:32,-9.164494,-140.347961,-29.0,14.94,56.8,7,1.3,55.7,3.842,-8.3,0,1,1861
2026-03-29T17:24:59,-9.163304,-140.346527,-28.4,15.25,48.5,7,1.3,54.7,3.841,-8.5,0,1,1862
2026-03-29T17:25:27,-9.162004,-140.345108,-28.2,14.37,49.7,7,1.3,54.7,3.842,-8.5,0,1,1863
2026-03-29T17:25:54,-9.160902,-140.343460,-28.7,15.28,54.1,7,2.8,54.7,3.844,-8.5,0,1,1864
2026-03-29T17:26:22,-9.159636,-140.342041,-33.2,15.05,53.9,5,2.8,54.4,3.848,-8.3,0,1,1865
2026-03-29T17:26:49,-9.158552,-140.340439,-38.6,13.75,49.1,6,1.6,54.7,3.845,-8.5,0,1,1866
2026-03-29T17:27:17,-9.157247,-140.338989,-44.2,14.37,44.6,6,1.6,54.7,3.842,-8.5,0,1,1867
2026-03-29T17:27:44,-9.156146,-140.337372,-49.0,15.18,55.9,7,2.7,54.7,3.841,-8.5,0,1,1868
2026-03-29T17:28:12,-9.154892,-140.335953,-55.2,14.94,50.7,7,1.5,55.0,3.844,-8.3,0,1,1869
2026-03-29T17:28:39,-9.153817,-140.334305,-57.0,15.43,54.6,6,1.6,54.4,3.842,-8.3,0,1,1870
2026-03-29T17:29:07,-9.152754,-140.332581,-63.0,14.94,59.3,6,1.6,54.7,3.842,-8.5,0,1,1871
2026-03-29T17:29:34,-9.151494,-140.331161,-67.7,16.58,44.8,7,1.5,54.1,3.841,-8.5,0,1,1872
2026-03-29T17:30:02,-9.150183,-140.329788,-63.1,14.06,51.7,6,1.6,55.0,3.842,-8.3,0,1,1873
2026-03-29T17:30:29,-9.149026,-140.328384,-63.2,14.41,47.8,7,1.5,54.4,3.842,-8.3,0,1,1874
2026-03-29T17:30:57,-9.147859,-140.326843,-61.1,14.03,55.5,7,1.5,54.4,3.842,-8.3,0,1,1875
2026-03-29T17:31:24,-9.146708,-140.325333,-57.9,13.77,47.5,6,1.6,54.4,3.841,-8.3,0,1,1876
2026-03-29T17:31:52,-9.145486,-140.323853,-56.7,14.50,52.1,6,1.6,54.4,3.844,-8.3,0,1,1877
2026-03-29T17:32:19,-9.144280,-140.322464,-54.1,12.94,52.2,7,1.5,54.1,3.841,-8.5,0,1,1878
2026-03-29T17:32:47,-9.143059,-140.320938,-53.5,15.12,49.1,6,1.8,54.4,3.841,-8.3,0,1,1879
2026-03-29T17:33:14,-9.142026,-140.319290,-54.7,14.12,58.4,5,2.7,54.1,3.845,-8.5,0,1,1880
2026-03-29T17:33:42,-9.140814,-140.317825,-56.6,14.86,53.0,7,1.5,54.4,3.844,-8.3,0,1,1881
2026-03-29T17:34:09,-9.139638,-140.316391,-58.1,15.06,47.7,6,1.8,54.1,3.842,-8.5,0,1,1882
2026-03-29T17:34:37,-9.138486,-140.314850,-58.7,14.78,50.9,6,1.7,54.4,3.841,-8.3,0,1,1883
2026-03-29T17:35:04,-9.137335,-140.313400,-59.6,13.98,48.3,6,1.7,54.1,3.839,-8.5,0,1,1884
2026-03-29T17:35:32,-9.136135,-140.311890,-59.6,15.47,48.6,5,2.7,54.1,3.846,-8.5,0,1,1885
2026-03-29T17:35:59,-9.134952,-140.310516,-58.3,14.45,50.0,6,1.7,54.1,3.844,-8.5,0,1,1886
2026-03-29T17:36:27,-9.133739,-140.308975,-57.1,14.30,48.8,6,1.7,54.1,3.841,-8.5,0,1,1887
2026-03-29T17:36:54,-9.132597,-140.307449,-55.3,14.48,50.1,5,2.6,53.8,3.844,-8.3,0,1,1888
2026-03-29T17:37:22,-9.131288,-140.306046,-47.1,14.65,50.8,7,1.5,54.1,3.842,-8.5,0,1,1889
2026-03-29T17:37:49,-9.130118,-140.304596,-42.9,15.05,49.2,5,2.6,53.5,3.844,-8.5,0,1,1890
2026-03-29T17:38:17,-9.128900,-140.303085,-41.0,14.62,46.4,5,2.6,54.1,3.841,-8.5,0,1,1891
2026-03-29T17:38:44,-9.127664,-140.301773,-34.8,12.58,53.8,6,1.5,54.1,3.844,-8.5,0,1,1892
2026-03-29T17:39:12,-9.126394,-140.300354,-27.9,15.02,47.4,6,1.5,54.4,3.841,-8.3,0,1,1893
2026-03-29T17:39:39,-9.125253,-140.298843,-22.7,14.35,55.8,6,1.7,53.8,3.841,-8.3,0,1,1894
2026-03-29T17:40:07,-9.124059,-140.297272,-21.8,14.77,51.2,6,1.7,53.8,3.840,-8.3,0,1,1895
2026-03-29T17:40:34,-9.122813,-140.295898,-17.3,14.89,57.4,6,2.9,53.8,3.840,-8.3,0,1,1896
2026-03-29T17:41:02,-9.121568,-140.294556,-13.9,14.58,55.6,8,1.1,54.7,3.839,-8.5,0,1,1897
2026-03-29T17:41:29,-9.120381,-140.293182,-6.3,14.12,57.6,6,1.5,53.5,3.840,-8.5,0,1,1898
2026-03-29T17:41:57,-9.119186,-140.291672,-10.8,15.40,52.9,6,1.5,54.1,3.839,-8.5,0,1,1899
2026-03-29T17:42:24,-9.118045,-140.290207,-12.5,14.08,54.1,6,1.6,54.1,3.841,-8.5,0,1,1900
2026-03-29T17:42:52,-9.116850,-140.288712,-13.5,14.74,51.1,5,1.9,53.5,3.844,-8.5,0,1,1901
2026-03-29T17:43:19,-9.115737,-140.287262,-14.6,14.45,58.5,6,1.5,54.1,3.839,-8.5,0,1,1902
2026-03-29T17:43:47,-9.114538,-140.285782,-19.5,14.30,48.2,6,1.5,54.1,3.840,-8.5,0,1,1903
2026-03-29T17:44:14,-9.113444,-140.284332,-21.2,14.70,53.5,6,1.5,53.5,3.839,-8.5,0,1,1904
2026-03-29T17:44:42,-9.112307,-140.282791,-18.4,13.90,54.5,6,1.5,54.7,3.841,-8.5,0,1,1905
2026-03-29T17:45:09,-9.111196,-140.281326,-10.6,14.63,47.5,6,1.6,53.8,3.840,-8.3,0,1,1906
2026-03-29T17:45:37,-9.109986,-140.279861,-4.5,14.11,52.2,6,1.4,53.8,3.840,-8.3,0,1,1907
2026-03-29T17:46:04,-9.108845,-140.278397,-3.2,14.16,59.8,6,1.4,53.8,3.839,-8.3,0,1,1908
2026-03-29T17:46:32,-9.107680,-140.276886,-2.7,14.08,49.8,6,1.4,53.8,3.838,-8.3,0,1,1909
2026-03-29T17:46:59,-9.106544,-140.275452,-1.2,14.25,49.8,6,1.4,53.5,3.840,-8.5,0,1,1910
2026-03-29T17:47:27,-9.105358,-140.273926,-0.2,14.19,54.6,6,1.4,53.5,3.840,-8.5,0,1,1911
2026-03-29T17:47:54,-9.104254,-140.272476,-0.2,14.72,52.0,6,1.4,53.1,3.839,-10.2,0,1,1912
2026-03-29T17:48:22,-9.103062,-140.270966,-0.5,14.91,53.7,7,1.4,53.8,3.839,-8.3,0,1,1913
2026-03-29T17:48:49,-9.101915,-140.269485,-0.7,14.63,53.6,6,1.4,53.1,3.839,-10.2,0,1,1914
2026-03-29T17:49:17,-9.100726,-140.267975,2.6,14.63,57.0,6,1.4,53.5,3.839,-8.5,0,1,1915
2026-03-29T17:49:44,-9.099568,-140.266525,3.2,14.80,52.4,6,1.4,53.8,3.838,-8.3,0,1,1916
2026-03-29T17:50:12,-9.098373,-140.264999,4.9,14.84,49.6,6,1.4,53.8,3.839,-8.3,0,1,1917
2026-03-29T17:50:39,-9.097232,-140.263550,7.2,14.73,50.8,6,1.4,53.1,3.840,1413.2,0,1,1918
2026-03-29T17:51:07,-9.096034,-140.262054,8.2,14.44,51.2,6,1.4,53.5,3.839,-8.5,0,1,1919
2026-03-29T17:51:34,-9.094958,-140.260574,10.1,14.44,55.5,6,1.6,53.1,3.836,1413.2,0,1,1920
2026-03-29T17:52:02,-9.093757,-140.259079,9.3,14.86,49.5,6,1.4,53.1,3.838,-10.2,0,1,1921
2026-03-29T17:52:29,-9.092720,-140.257614,12.3,14.38,52.2,6,1.4,52.7,3.838,-10.2,0,1,1922
2026-03-29T17:52:57,-9.091531,-140.256104,11.9,15.16,57.5,6,1.4,53.8,3.838,-8.3,0,1,1923
2026-03-29T17:53:24,-9.090365,-140.254669,12.7,14.35,51.9,6,1.4,53.5,3.838,-8.5,0,1,1924
2026-03-29T17:53:52,-9.089252,-140.253128,14.6,14.43,49.9,6,1.4,53.8,3.836,-8.3,0,1,1925
2026-03-29T17:54:19,-9.088085,-140.251678,11.9,15.08,51.3,6,1.4,52.7,3.836,-10.2,0,1,1926
2026-03-29T17:54:47,-9.086917,-140.250183,10.8,15.52,52.4,6,1.4,53.1,3.836,-10.2,0,1,1927
2026-03-29T17:55:14,-9.085757,-140.248749,8.7,14.30,52.2,6,1.4,53.8,3.838,-8.3,0,1,1928
2026-03-29T17:55:42,-9.084599,-140.247238,9.0,14.51,48.8,6,1.4,52.3,3.836,-10.2,0,1,1929
2026-03-29T17:56:09,-9.083526,-140.245773,11.2,14.18,53.7,6,1.4,52.3,3.836,-10.2,0,1,1930
2026-03-29T17:56:37,-9.082240,-140.244324,10.0,14.79,50.5,6,1.4,53.8,3.838,-8.3,0,1,1931
2026-03-29T17:57:04,-9.081120,-140.242874,10.5,14.68,59.0,6,1.4,52.3,3.838,-10.2,0,1,1932
2026-03-29T17:57:32,-9.079993,-140.241364,13.2,14.71,54.2,6,1.4,53.8,3.836,-8.3,0,1,1933
2026-03-29T17:57:59,-9.078853,-140.239914,13.6,14.44,53.0,6,1.4,52.7,3.834,1403.0,0,1,1934
2026-03-29T17:58:27,-9.077724,-140.238388,15.6,14.61,53.2,6,1.4,53.1,3.840,-10.2,0,1,1935
2026-03-29T17:58:54,-9.076610,-140.236908,18.2,14.82,55.3,6,1.4,52.7,3.834,-10.2,0,1,1936
2026-03-29T17:59:22,-9.075461,-140.235397,19.0,14.00,54.2,5,1.9,52.7,3.839,-10.2,0,1,1937
2026-03-29T17:59:49,-9.074349,-140.233948,20.3,14.97,47.3,6,1.4,53.1,3.840,-10.2,0,1,1938
2026-03-29T18:00:17,-9.073203,-140.232437,19.3,14.18,53.7,5,1.9,53.1,3.839,-10.2,0,1,1939
2026-03-29T18:00:44,-9.072039,-140.230988,20.5,14.53,51.2,6,1.7,52.7,3.839,-10.2,0,1,1940
2026-03-29T18:01:12,-9.070842,-140.229523,20.6,13.75,48.9,5,3.0,52.3,3.839,-10.2,0,1,1941
2026-03-29T18:01:39,-9.069701,-140.228088,19.6,15.13,53.4,6,1.8,52.3,3.836,-10.2,0,1,1942
2026-03-29T18:02:07,-9.068465,-140.226639,20.7,13.98,49.3,6,1.8,52.3,3.835,-10.2,0,1,1943
2026-03-29T18:02:34,-9.067334,-140.225235,20.7,14.50,54.5,6,1.8,52.3,3.835,-10.2,0,1,1944
2026-03-29T18:03:02,-9.066198,-140.223740,20.1,14.93,49.9,6,1.8,53.1,3.836,-10.2,0,1,1945
2026-03-29T18:03:29,-9.065094,-140.222290,21.8,14.00,50.0,6,1.8,52.3,3.835,-10.2,0,1,1946
2026-03-29T18:03:57,-9.063918,-140.220779,23.7,14.56,49.2,6,1.8,52.3,3.836,-10.2,0,1,1947
2026-03-29T18:04:24,-9.062835,-140.219315,22.7,14.52,53.1,6,1.8,51.9,3.835,-10.2,0,1,1948
2026-03-29T18:04:52,-9.061653,-140.217850,22.8,14.33,48.7,6,1.8,52.7,3.834,-10.2,0,1,1949
2026-03-29T18:05:19,-9.060473,-140.216415,24.1,15.28,44.3,6,1.8,51.5,3.834,-10.2,0,1,1950
2026-03-29T18:05:47,-9.059315,-140.214920,25.7,14.62,51.2,5,2.5,52.7,3.835,-10.2,0,1,1951
2026-03-29T18:06:14,-9.058145,-140.213486,27.5,14.74,45.9,6,1.8,51.9,3.834,-10.2,0,1,1952
2026-03-29T18:06:42,-9.057023,-140.211960,27.6,15.27,46.1,6,1.8,52.7,3.832,-10.2,0,1,1953
2026-03-29T18:07:09,-9.055939,-140.210495,27.4,14.68,50.5,6,1.8,51.5,3.834,-10.2,0,1,1954
2026-03-29T18:07:37,-9.054767,-140.208969,26.6,14.45,52.7,6,1.8,52.3,3.832,-10.2,0,1,1955
2026-03-29T18:08:04,-9.053625,-140.207535,27.6,14.28,51.5,6,1.8,51.9,3.834,-10.2,0,1,1956
2026-03-29T18:08:32,-9.052452,-140.206024,29.0,14.15,50.1,6,1.8,52.3,3.834,-10.2,0,1,1957
2026-03-29T18:08:59,-9.051325,-140.204590,29.7,14.41,53.1,6,1.8,51.9,3.834,-10.2,0,1,1958
2026-03-29T18:09:27,-9.050302,-140.202988,32.8,13.52,53.8,6,1.8,51.9,3.832,-10.2,0,1,1959
2026-03-29T18:09:54,-9.049144,-140.201538,34.1,14.83,50.0,6,1.8,51.9,3.831,-10.2,0,1,1960
2026-03-29T18:10:22,-9.047934,-140.200043,35.8,14.65,47.5,6,1.8,51.9,3.834,-10.2,0,1,1961
2026-03-29T18:10:49,-9.046844,-140.198578,35.3,14.56,51.8,6,1.8,51.5,3.834,-10.2,0,1,1962
2026-03-29T18:11:17,-9.045671,-140.197067,37.0,13.87,52.5,6,1.8,52.3,3.836,-10.2,0,1,1963
2026-03-29T18:11:44,-9.044545,-140.195633,39.5,14.06,56.1,6,1.8,51.5,3.831,-10.2,0,1,1964
2026-03-29T18:12:12,-9.043352,-140.194138,41.6,15.01,49.9,6,1.8,52.3,3.834,-10.2,0,1,1965
2026-03-29T18:12:40,-9.042137,-140.192719,41.1,14.55,51.6,6,1.8,51.2,3.832,-10.4,0,1,1966
2026-03-29T18:13:07,-9.040914,-140.191238,39.5,15.16,49.2,6,1.8,52.3,3.834,-10.2,0,1,1967
2026-03-29T18:13:35,-9.039832,-140.189743,38.0,14.74,53.0,6,1.8,51.5,3.831,-10.2,0,1,1968
2026-03-29T18:14:02,-9.038736,-140.188217,34.6,13.88,52.6,6,1.8,52.7,3.834,-10.2,0,1,1969
2026-03-29T18:14:30,-9.037632,-140.186752,31.8,14.64,52.5,6,1.8,51.2,3.832,-10.4,0,1,1970
2026-03-29T18:14:57,-9.036424,-140.185257,29.9,14.98,49.0,6,1.8,51.2,3.832,-10.4,0,1,1971
2026-03-29T18:15:25,-9.035283,-140.183777,28.4,14.64,51.9,6,1.8,51.5,3.832,-10.2,0,1,1972
2026-03-29T18:15:52,-9.034095,-140.182281,29.0,13.50,48.7,6,1.8,51.9,3.832,-10.2,0,1,1973
2026-03-29T18:16:20,-9.033023,-140.180847,28.1,14.45,47.9,6,1.8,50.4,3.832,-10.2,0,1,1974
2026-03-29T18:16:47,-9.031888,-140.179352,28.6,14.14,50.3,6,1.8,52.7,3.831,-10.2,0,1,1975
2026-03-29T18:17:15,-9.030785,-140.177948,30.8,13.68,56.4,6,1.8,51.5,3.831,-10.2,0,1,1976
2026-03-29T18:17:42,-9.029695,-140.176468,29.9,14.03,49.7,6,1.8,51.9,3.831,-10.2,0,1,1977
2026-03-29T18:18:10,-9.028584,-140.175095,30.2,14.18,47.5,6,1.8,51.9,3.831,-10.2,0,1,1978
2026-03-29T18:18:37,-9.027477,-140.173584,29.7,14.61,49.9,6,1.8,51.5,3.832,-10.2,0,1,1979
2026-03-29T18:19:05,-9.026303,-140.172302,29.0,14.18,49.0,6,1.8,50.8,3.832,-10.2,0,1,1980
2026-03-29T18:19:32,-9.025236,-140.170822,29.4,14.18,52.9,6,1.8,51.9,3.831,-10.2,0,1,1981
2026-03-29T18:20:00,-9.024143,-140.169434,27.5,13.93,53.2,6,1.8,51.2,3.831,-10.4,0,1,1982
2026-03-29T18:20:27,-9.023004,-140.167969,26.3,14.75,48.2,6,1.8,51.5,3.831,-10.2,0,1,1983
2026-03-29T18:20:55,-9.021921,-140.166580,24.7,13.99,51.9,6,1.8,51.2,3.832,-10.4,0,1,1984
2026-03-29T18:21:22,-9.020766,-140.165161,22.8,15.11,52.5,7,1.4,50.8,3.830,-10.2,0,1,1985
2026-03-29T18:21:50,-9.019711,-140.163742,18.5,13.96,52.9,6,1.8,50.8,3.831,-10.2,0,1,1986
2026-03-29T18:22:17,-9.018603,-140.162247,16.2,13.83,46.9,6,1.8,50.8,3.829,-10.2,0,1,1987
2026-03-29T18:22:45,-9.017478,-140.160889,15.7,13.24,47.8,6,1.8,50.8,3.829,-10.2,0,1,1988
2026-03-29T18:23:12,-9.016308,-140.159439,15.7,14.34,47.3,6,1.8,51.2,3.830,-10.4,0,1,1989
2026-03-29T18:23:39,-9.015268,-140.157990,13.9,14.62,49.7,7,1.4,51.2,3.828,-10.4,0,1,1990
2026-03-29T18:24:07,-9.014097,-140.156525,13.9,13.89,50.7,6,1.8,51.2,3.830,-10.4,0,1,1991
2026-03-29T18:24:35,-9.012957,-140.155106,14.0,14.41,51.0,5,2.5,50.0,3.834,-10.2,0,1,1992
2026-03-29T18:25:02,-9.011822,-140.153580,15.8,14.34,54.6,5,2.5,50.8,3.830,-10.2,0,1,1993
2026-03-29T18:25:29,-9.010695,-140.152161,18.1,14.53,54.0,5,2.5,50.8,3.830,-10.2,0,1,1994
2026-03-29T18:25:57,-9.009532,-140.150742,20.2,13.85,49.4,5,2.5,50.8,3.829,-10.2,0,1,1995
2026-03-29T18:26:25,-9.008418,-140.149292,19.8,13.75,55.0,5,2.4,51.2,3.830,-10.4,0,1,1996
2026-03-29T18:26:52,-9.007321,-140.147705,16.6,14.51,55.9,6,1.7,50.8,3.829,-10.2,0,1,1997
2026-03-29T18:27:19,-9.006235,-140.146255,14.9,14.91,49.3,7,1.7,49.2,3.831,-10.2,0,1,1998
2026-03-29T18:27:47,-9.005106,-140.144775,20.7,14.70,51.5,7,1.7,50.8,3.829,-10.2,0,1,1999
2026-03-29T18:28:14,-9.003977,-140.143341,21.2,14.26,56.9,7,1.7,50.0,3.829,-10.2,0,1,2000
2026-03-29T18:28:42,-9.002808,-140.141861,22.3,14.46,59.0,8,1.3,50.8,3.828,-10.2,0,1,2001
2026-03-29T18:29:09,-9.001740,-140.140427,23.7,13.76,59.8,7,1.6,50.0,3.826,-10.2,0,1,2002
2026-03-29T18:29:37,-9.000526,-140.138992,26.7,14.91,46.4,7,1.6,50.4,3.829,-10.2,0,1,2003
2026-03-29T18:30:04,-8.999464,-140.137573,28.9,13.98,53.4,6,2.3,50.4,3.829,-10.2,0,1,2004
2026-03-29T18:30:32,-8.998340,-140.136063,27.2,14.48,51.0,6,2.4,50.0,3.828,-10.2,0,1,2005
2026-03-29T18:30:59,-8.997218,-140.134628,24.2,14.30,54.2,6,3.0,50.8,3.828,-10.2,0,1,2006
2026-03-29T18:31:27,-8.996107,-140.133133,22.2,14.61,44.9,7,1.3,50.0,3.829,-10.2,0,1,2007
2026-03-29T18:31:54,-8.994957,-140.131699,24.1,15.92,45.2,7,1.3,50.0,3.828,-10.2,0,1,2008
2026-03-29T18:32:22,-8.993956,-140.130157,24.7,13.78,51.9,6,2.4,50.8,3.828,-10.2,0,1,2009
2026-03-29T18:32:49,-8.992795,-140.128723,28.5,13.44,51.7,6,2.4,49.2,3.828,-10.2,0,1,2010
2026-03-29T18:33:17,-8.991529,-140.127258,35.4,13.93,52.3,6,2.4,50.4,3.825,-10.2,0,1,2011
2026-03-29T18:33:44,-8.990335,-140.125900,45.3,14.49,50.8,6,2.4,50.0,3.826,-10.2,0,1,2012
2026-03-29T18:34:12,-8.989117,-140.124481,47.2,13.90,49.8,6,2.4,50.4,3.826,-10.2,0,1,2013
2026-03-29T18:34:39,-8.987888,-140.123093,46.5,14.22,47.2,6,3.1,49.2,3.825,-10.2,0,1,2014
2026-03-29T18:35:07,-8.986820,-140.121597,34.6,13.65,52.1,7,1.3,50.0,3.828,-10.2,0,1,2015
2026-03-29T18:35:34,-8.985525,-140.120377,19.6,13.51,39.3,7,1.3,49.6,3.828,-10.2,0,1,2016
2026-03-29T18:36:02,-8.984100,-140.119263,3.3,12.98,38.1,7,1.3,50.4,3.826,-10.2,0,1,2017
2026-03-29T18:36:29,-8.982593,-140.118378,-6.1,14.58,26.7,6,1.5,49.2,3.826,-10.2,0,1,2018
2026-03-29T18:36:57,-8.980789,-140.117645,9.4,14.76,22.2,10,1.2,50.0,3.824,-10.2,0,1,2019
2026-03-29T18:37:24,-8.979025,-140.117004,15.5,14.95,20.8,10,1.4,50.0,3.825,-10.2,0,1,2020
2026-03-29T18:37:52,-8.977201,-140.116409,20.2,14.49,20.2,10,1.2,49.6,3.826,-10.2,0,1,2021
2026-03-29T18:38:19,-8.975451,-140.115860,19.7,14.72,19.9,10,1.2,50.0,3.822,-10.2,0,1,2022
2026-03-29T18:38:47,-8.973575,-140.115295,29.8,14.39,19.3,10,1.2,49.6,3.831,-10.2,0,1,2023
2026-03-29T18:39:14,-8.971825,-140.114655,23.7,15.14,11.0,10,1.2,48.9,3.822,-10.2,0,1,2024
2026-03-29T18:39:42,-8.970045,-140.113922,17.7,15.94,10.5,10,1.2,49.2,3.830,-10.2,0,1,2025
2026-03-29T18:40:09,-8.968284,-140.113235,26.4,15.48,15.1,10,1.2,49.6,3.822,-10.2,0,1,2026
2026-03-29T18:40:37,-8.966431,-140.112656,42.0,15.94,16.3,10,1.2,50.0,3.824,-10.2,0,1,2027
2026-03-29T18:41:04,-8.964729,-140.112030,46.0,14.58,21.3,10,1.2,48.9,3.825,-10.2,0,1,2028
2026-03-29T18:41:32,-8.962875,-140.111343,36.6,14.82,22.2,10,1.2,49.6,3.828,-10.2,0,1,2029
2026-03-29T18:41:59,-8.961128,-140.110672,29.9,14.31,22.2,10,1.2,49.2,3.822,-10.2,0,1,2030
2026-03-29T18:42:27,-8.959403,-140.109894,9.7,14.42,17.6,9,1.2,50.0,3.825,-10.2,0,1,2031
2026-03-29T18:42:54,-8.957635,-140.109207,11.4,14.76,22.0,10,1.1,49.6,3.821,-10.2,0,1,2032
2026-03-29T18:43:22,-8.955858,-140.108505,12.1,15.40,23.3,10,1.1,49.6,3.829,-10.2,0,1,2033
2026-03-29T18:43:49,-8.954165,-140.107895,17.0,13.28,15.7,10,1.1,48.9,3.821,-10.2,0,1,2034
2026-03-29T18:44:17,-8.952537,-140.107300,24.2,13.09,16.6,10,1.1,49.2,3.828,-10.2,0,1,2035
2026-03-29T18:44:44,-8.951134,-140.106766,31.0,11.98,11.5,10,1.1,48.9,3.820,-10.2,0,1,2036
2026-03-29T18:45:12,-8.949739,-140.106354,27.8,10.69,10.0,9,1.1,49.2,3.829,-10.2,0,1,2037
2026-03-29T18:45:39,-8.948610,-140.105850,34.5,8.95,23.0,9,1.1,48.9,3.822,-10.2,0,1,2038
2026-03-29T18:46:07,-8.947395,-140.105545,39.5,9.66,21.0,9,1.1,48.9,3.825,-10.2,0,1,2039
2026-03-29T18:46:34,-8.946374,-140.105103,31.4,8.86,22.0,9,1.1,48.5,3.821,-10.2,0,1,2040
2026-03-29T18:47:02,-8.945331,-140.104706,29.5,8.91,26.3,9,1.1,48.9,3.825,-10.2,0,1,2041
2026-03-29T18:47:29,-8.944279,-140.104324,29.1,8.30,21.0,8,1.3,48.5,3.825,-10.2,0,1,2042
2026-03-29T18:47:57,-8.943251,-140.103897,29.5,8.44,17.0,11,1.1,49.2,3.822,-10.2,0,1,2043
2026-03-29T18:48:24,-8.942209,-140.103607,17.5,8.50,13.3,10,1.5,48.5,3.822,-10.2,0,1,2044
2026-03-29T18:48:52,-8.941049,-140.103470,12.0,9.15,6.3,11,1.2,48.9,3.822,-10.2,0,1,2045
2026-03-29T18:49:19,-8.939923,-140.103302,11.5,9.03,358.2,10,1.5,47.7,3.820,-10.2,0,1,2046
2026-03-29T18:49:47,-8.938740,-140.103165,21.0,8.60,10.3,10,1.5,49.2,3.821,-10.2,0,1,2047
2026-03-29T18:50:14,-8.937691,-140.102966,16.2,8.09,3.6,10,1.5,48.5,3.824,-10.2,0,1,2048
2026-03-29T18:50:42,-8.936627,-140.102829,28.2,8.06,9.9,10,1.5,49.2,3.824,-10.2,0,1,2049
2026-03-29T18:51:09,-8.935772,-140.102585,33.9,7.17,18.6,10,1.5,47.7,3.825,-10.2,0,1,2050
2026-03-29T18:51:37,-8.934914,-140.102356,24.5,6.20,6.9,10,1.5,49.2,3.821,-10.2,0,1,2051
2026-03-29T18:52:04,-8.934151,-140.102142,27.5,6.60,19.8,10,1.5,48.5,3.825,-10.2,0,1,2052
2026-03-29T18:52:32,-8.933467,-140.101913,29.5,6.17,16.5,10,1.5,48.9,3.820,-10.2,0,1,2053
2026-03-29T18:52:59,-8.932736,-140.101898,27.5,6.35,6.6,10,1.5,48.1,3.820,-10.4,0,1,2054
2026-03-29T18:53:27,-8.932038,-140.101852,37.6,5.20,359.9,11,1.1,48.1,3.826,-10.4,0,1,2055
2026-03-29T18:53:54,-8.931363,-140.101807,41.0,4.57,346.3,11,1.5,47.7,3.820,-10.2,0,1,2056
2026-03-29T18:54:22,-8.930770,-140.101837,43.5,4.63,359.8,10,1.5,48.5,3.821,-10.2,0,1,2057
2026-03-29T18:54:49,-8.930195,-140.101837,42.9,4.49,7.4,10,1.5,47.7,3.821,-10.2,0,1,2058
2026-03-29T18:55:17,-8.929619,-140.101822,46.6,3.95,355.9,9,1.5,48.5,3.824,-10.2,0,1,2059
2026-03-29T18:55:44,-8.929094,-140.101822,45.4,3.98,337.9,9,1.5,48.1,3.818,-10.4,0,1,2060
2026-03-29T18:56:12,-8.928633,-140.101746,40.0,3.53,24.5,10,1.5,48.1,3.822,-10.4,0,1,2061
2026-03-29T18:56:39,-8.928253,-140.101715,35.0,3.08,1.0,10,1.7,48.5,3.819,-10.2,0,1,2062
2026-03-29T18:57:07,-8.927918,-140.101639,34.3,2.73,12.1,11,1.5,48.5,3.820,-10.2,0,1,2063
2026-03-29T18:57:34,-8.927574,-140.101654,30.7,2.17,353.2,11,1.4,47.7,3.815,-10.2,0,1,2064
2026-03-29T18:58:02,-8.927268,-140.101700,28.8,2.24,353.2,11,1.4,48.9,3.822,-10.2,0,1,2065
2026-03-29T18:58:29,-8.927016,-140.101624,29.4,1.80,42.5,11,1.4,48.5,3.819,-10.2,0,1,2066
2026-03-29T18:58:57,-8.926751,-140.101562,32.4,1.62,0.8,11,1.4,47.7,3.824,-10.2,0,1,2067
2026-03-29T18:59:24,-8.926566,-140.101456,28.7,1.62,23.4,11,1.4,47.7,3.819,-10.2,0,1,2068
2026-03-29T18:59:52,-8.926376,-140.101395,23.9,1.30,24.3,10,1.4,47.7,3.825,-10.2,0,1,2069
2026-03-29T19:00:19,-8.926193,-140.101395,29.6,1.38,0.2,11,1.4,48.1,3.819,-10.4,0,1,2070
2026-03-29T19:00:47,-8.926011,-140.101379,28.8,1.24,21.5,9,1.7,48.1,3.822,-10.4,0,1,2071
2026-03-29T19:01:14,-8.925861,-140.101364,32.4,1.44,71.9,10,1.7,47.7,3.821,-10.2,0,1,2072
2026-03-29T19:01:42,-8.925738,-140.101318,30.2,0.88,22.5,9,1.7,48.5,3.824,-10.2,0,1,2073
2026-03-29T19:02:09,-8.925632,-140.101242,29.8,1.85,84.6,11,1.4,48.1,3.815,-10.4,0,1,2074
2026-03-29T19:02:37,-8.925534,-140.101151,28.7,1.09,53.9,12,1.2,47.3,3.819,-10.2,0,1,2075
2026-03-29T19:03:04,-8.925426,-140.101135,28.9,0.76,39.2,11,1.2,47.7,3.818,-10.2,0,1,2076
2026-03-29T19:03:32,-8.925334,-140.101120,26.9,1.45,344.8,11,1.2,47.7,3.819,-10.2,0,1,2077
2026-03-29T19:03:59,-8.925311,-140.101074,26.2,1.66,128.6,10,1.2,47.7,3.816,-10.2,0,1,2078
2026-03-29T19:04:27,-8.925339,-140.101059,26.4,0.21,137.5,11,1.2,48.1,3.820,-10.4,0,1,2079
2026-03-29T19:04:54,-8.925371,-140.101074,26.3,0.19,223.5,10,1.4,48.1,3.810,-10.4,0,1,2080
2026-03-29T19:07:57,-8.925438,-140.101028,18.7,0.55,266.2,10,1.6,46.9,3.818,-10.8,0,1,2081
2026-03-29T19:10:59,-8.925477,-140.100937,17.0,0.25,134.2,10,1.6,48.9,3.828,-10.2,0,1,2082
2026-03-29T19:14:02,-8.925503,-140.100922,13.2,0.83,102.4,10,1.6,61.7,3.876,1641.7,0,1,2083
2026-03-29T19:17:04,-8.925507,-140.100922,11.1,0.31,102.7,11,1.5,62.4,3.881,-4.0,0,1,2084
2026-03-29T19:20:06,-8.925462,-140.100967,5.7,0.45,102.6,12,1.2,62.8,3.885,-3.7,0,1,2085
2026-03-29T19:23:09,-8.925482,-140.100937,1.6,0.68,325.9,11,1.4,63.4,3.889,-3.7,0,1,2086
2026-03-29T19:26:10,-8.925527,-140.100937,-3.7,0.80,123.2,11,1.4,63.8,3.894,-4.0,0,1,2087
2026-03-29T19:29:12,-8.925587,-140.100845,-9.5,0.87,142.9,11,1.3,64.3,3.896,-3.7,0,1,2088
2026-03-29T19:32:14,-8.925587,-140.100906,-9.0,2.27,151.5,11,1.3,64.6,3.900,-3.7,0,1,2089
2026-03-29T19:35:18,-8.925605,-140.100922,-12.1,2.47,287.1,12,1.2,65.0,3.904,-4.0,0,1,2090
2026-03-29T19:35:44,-8.925594,-140.100952,-11.4,0.89,133.1,11,1.3,65.1,3.906,-3.7,0,1,2091
2026-03-29T19:36:13,-8.925592,-140.100967,-10.4,1.29,93.7,12,1.2,65.0,3.904,-4.0,0,1,2092
2026-03-29T19:36:39,-8.925591,-140.100983,-10.7,0.36,126.2,13,1.1,65.0,3.905,-4.0,0,1,2093
2026-03-29T19:37:08,-8.925603,-140.100967,-12.1,0.31,290.8,11,1.3,65.1,3.905,-3.7,0,1,2094
2026-03-29T19:40:10,-8.925547,-140.101089,-11.6,0.39,272.0,14,1.0,65.7,3.910,-3.7,0,1,2095
2026-03-29T19:43:11,-8.925445,-140.101212,-12.3,0.24,263.0,9,1.8,66.4,3.915,-4.0,0,1,2096
2026-03-29T19:46:13,-8.925525,-140.101089,-12.0,0.58,84.0,10,1.3,66.6,3.918,-3.7,0,1,2097
2026-03-29T19:49:15,-8.925474,-140.101074,-11.8,1.27,292.0,8,1.6,67.0,3.920,-4.0,0,1,2098
2026-03-29T19:52:17,-8.925487,-140.101135,-17.0,0.79,281.6,10,1.2,67.6,3.924,-4.0,0,1,2099
2026-03-29T19:55:19,-8.925502,-140.101074,-20.1,0.35,314.4,10,1.3,67.7,3.929,-3.7,0,1,2100
2026-03-29T19:58:21,-8.925520,-140.101059,-24.8,0.57,126.8,8,1.3,68.2,3.932,-4.0,0,1,2101
2026-03-29T20:01:23,-8.925388,-140.101166,-20.1,0.56,302.2,9,1.2,68.6,3.936,-4.4,0,1,2102
2026-03-29T20:04:25,-8.925391,-140.101135,-18.1,0.09,273.3,9,1.2,69.1,3.940,-4.4,0,1,2103
2026-03-29T20:07:27,-8.925404,-140.101105,-16.9,0.26,214.1,10,1.1,69.6,3.943,-4.4,0,1,2104
2026-03-29T20:10:29,-8.925464,-140.101089,-14.2,0.85,54.0,8,1.2,70.0,3.946,-4.4,0,1,2105
2026-03-29T20:13:31,-8.925445,-140.101120,-13.4,0.28,272.2,9,1.1,70.6,3.950,-4.4,0,1,2106
2026-03-29T20:16:33,-8.925424,-140.101074,-14.0,0.22,147.1,8,1.4,70.9,3.954,-4.4,0,1,2107
2026-03-29T20:19:35,-8.925425,-140.101028,-16.1,0.20,99.1,9,1.1,71.6,3.956,-4.4,0,1,2108
2026-03-29T20:22:37,-8.925433,-140.101059,-17.1,0.29,104.8,7,1.7,71.9,3.963,-4.4,0,1,2109
2026-03-29T20:25:39,-8.925447,-140.101074,-15.9,0.32,296.5,9,1.3,72.7,3.964,-4.4,0,1,2110
2026-03-29T20:28:41,-8.925448,-140.101074,-17.5,0.28,133.8,9,1.3,73.2,3.969,-4.4,0,1,2111
2026-03-29T20:31:43,-8.925151,-140.101562,24.8,2.46,305.8,6,1.9,67.2,3.922,1788.0,0,1,2112
2026-03-29T20:34:45,-8.925176,-140.101318,43.0,0.68,354.0,8,1.6,66.9,3.921,-3.7,0,1,2113
2026-03-29T20:38:06,,,,,,,,66.9,3.915,-3.7,0,0,2114
2026-03-29T20:41:26,,,,,,,,66.4,3.910,-4.0,0,0,2115
2026-03-29T20:44:47,,,,,,,,66.6,3.909,-3.7,0,0,2116
2026-03-29T20:49:49,-8.925101,-140.101395,16.3,0.37,222.0,6,4.7,66.4,3.910,-4.0,0,1,2117
2026-03-29T20:52:51,-8.924871,-140.101089,15.7,1.07,78.3,13,0.9,66.1,3.916,-4.0,0,1,2118
2026-03-29T20:53:19,-8.924862,-140.101074,15.7,0.18,51.6,13,0.8,66.6,3.910,-3.7,0,1,2119
2026-03-29T20:53:47,-8.924852,-140.101059,13.7,0.03,67.0,12,1.0,66.0,3.910,-3.7,0,1,2120
2026-03-29T20:56:49,-8.924878,-140.101105,9.9,0.72,345.7,13,0.9,65.9,3.910,-4.0,0,1,2121
2026-03-29T20:59:51,-8.919157,-140.098694,12.6,8.94,18.4,17,0.6,66.0,3.911,-3.7,0,1,2122
2026-03-29T21:02:53,-8.914102,-140.095856,9.4,3.07,97.8,17,0.6,65.7,3.911,-3.7,0,1,2123
2026-03-29T21:03:21,-8.914220,-140.095642,9.4,1.69,154.1,16,0.6,65.9,3.910,-4.0,0,1,2124
2026-03-29T21:03:49,-8.914289,-140.095596,8.7,0.33,232.5,16,0.7,65.6,3.908,-4.0,0,1,2125
2026-03-29T21:04:17,-8.914295,-140.095596,9.1,0.83,172.7,16,0.7,65.6,3.906,-4.0,0,1,2126
2026-03-29T21:07:19,-8.914442,-140.095139,15.4,2.04,116.3,15,0.7,65.7,3.910,-3.7,0,1,2127
2026-03-29T21:10:21,-8.914048,-140.094589,20.0,1.34,281.3,16,0.7,65.6,3.911,-4.0,0,1,2128
2026-03-29T21:10:49,-8.913897,-140.094727,20.6,1.18,300.9,16,0.7,65.4,3.908,-3.7,0,1,2129
2026-03-29T21:11:17,-8.913735,-140.094894,21.7,0.75,335.3,15,0.7,65.6,3.906,-4.0,0,1,2130
2026-03-29T21:11:44,-8.913695,-140.094971,22.5,0.13,290.4,16,0.7,65.6,3.908,-4.0,0,1,2131
2026-03-29T21:14:47,-8.913740,-140.095047,23.6,0.64,112.4,15,0.7,65.6,3.904,-4.0,0,1,2132
2026-03-29T21:17:49,-8.913150,-140.095474,18.0,0.76,161.7,16,0.6,65.6,3.905,-4.0,0,1,2133
2026-03-29T21:20:51,-8.912525,-140.096466,8.9,1.36,302.7,14,0.7,65.3,3.905,-4.0,0,1,2134
2026-03-29T21:23:53,-8.912355,-140.096954,8.9,0.24,105.8,14,0.7,65.4,3.908,-3.7,0,1,2135
2026-03-29T21:26:56,-8.912352,-140.097321,9.8,0.28,22.6,14,0.7,64.8,3.901,-3.7,0,1,2136
2026-03-29T21:29:58,-8.912363,-140.097321,9.4,0.61,106.3,15,0.7,65.3,3.902,-4.0,0,1,2137
2026-03-29T21:33:00,-8.912367,-140.097305,10.2,0.33,106.3,14,0.7,65.4,3.904,-3.7,0,1,2138
2026-03-29T21:36:02,-8.912372,-140.097305,10.8,0.25,106.3,15,0.7,65.0,3.906,-4.0,0,1,2139
2026-03-29T21:39:05,-8.912372,-140.097290,10.5,0.23,106.3,16,0.6,65.0,3.900,-4.0,0,1,2140
2026-03-29T21:42:07,-8.912386,-140.097275,11.5,0.16,254.4,16,0.6,64.7,3.902,-4.0,0,1,2141
2026-03-29T21:45:09,-8.912394,-140.097275,11.1,0.90,153.4,14,0.7,64.6,3.901,-3.7,0,1,2142
2026-03-29T21:48:11,-8.912395,-140.097305,12.8,0.10,153.4,14,0.8,64.6,3.900,-3.7,0,1,2143
2026-03-29T21:51:13,-8.912388,-140.097305,13.6,0.26,153.4,15,0.7,64.4,3.896,-4.0,0,1,2144
2026-03-29T21:54:15,-8.912395,-140.097305,14.6,0.02,153.4,14,0.7,64.4,3.896,-4.0,0,1,2145
2026-03-29T21:57:17,-8.912388,-140.097321,14.4,0.38,153.4,14,0.8,64.4,3.898,-4.0,0,1,2146
2026-03-29T22:00:20,-8.912619,-140.096298,23.4,2.07,125.4,15,0.7,64.3,3.898,-3.7,0,1,2147
2026-03-29T22:03:22,-8.913529,-140.095123,23.8,1.17,161.5,16,0.6,64.3,3.892,-3.7,0,1,2148
2026-03-29T22:03:49,-8.913692,-140.094971,19.4,1.31,147.6,15,0.7,64.1,3.896,-4.0,0,1,2149
2026-03-29T22:04:17,-8.913831,-140.094849,17.8,1.28,124.2,15,0.7,64.0,3.894,-3.7,0,1,2150
2026-03-29T22:04:44,-8.913923,-140.094711,16.4,1.32,136.6,15,0.7,64.0,3.890,-3.7,0,1,2151
2026-03-29T22:05:12,-8.914048,-140.094574,21.4,1.46,156.6,15,0.7,64.0,3.892,-3.7,0,1,2152
2026-03-29T22:05:39,-8.914135,-140.094650,19.1,1.11,216.3,16,0.6,64.0,3.894,-3.7,0,1,2153
2026-03-29T22:06:07,-8.914283,-140.094803,16.4,0.82,225.7,16,0.6,63.8,3.896,-4.0,0,1,2154
2026-03-29T22:06:34,-8.914380,-140.094894,15.1,1.17,194.6,16,0.6,64.0,3.890,-3.7,0,1,2155
2026-03-29T22:07:02,-8.914456,-140.095078,17.0,1.31,266.2,15,0.7,64.0,3.892,-3.7,0,1,2156
2026-03-29T22:07:29,-8.914443,-140.095306,16.9,1.94,262.9,15,0.7,63.7,3.890,-3.7,0,1,2157
2026-03-29T22:07:57,-8.914407,-140.095474,16.8,0.31,301.3,15,0.7,64.3,3.896,-3.7,0,1,2158
2026-03-29T22:08:24,-8.914402,-140.095474,16.5,0.77,359.7,15,0.7,63.7,3.888,-3.7,0,1,2159
2026-03-29T22:11:27,-8.914317,-140.095673,16.4,1.46,283.2,14,0.7,63.7,3.894,-3.7,0,1,2160
2026-03-29T22:14:29,-8.919480,-140.098816,7.0,8.55,198.7,15,0.7,63.7,3.890,-3.7,0,1,2161
2026-03-29T22:14:57,-8.920600,-140.099167,5.8,9.00,186.8,16,0.6,63.5,3.888,-4.0,0,1,2162
2026-03-29T22:15:24,-8.921679,-140.099579,8.5,9.08,200.1,16,0.6,63.5,3.886,-4.0,0,1,2163
2026-03-29T22:15:52,-8.922772,-140.100052,8.3,9.69,200.5,16,0.6,63.8,3.894,-4.0,0,1,2164
2026-03-29T22:16:19,-8.923823,-140.100494,10.1,8.07,200.1,16,0.6,63.5,3.888,-4.0,0,1,2165
2026-03-29T22:16:47,-8.924569,-140.100845,11.7,5.92,216.0,15,0.7,63.7,3.894,-3.7,0,1,2166
2026-03-29T22:17:14,-8.924848,-140.101013,13.7,0.56,163.7,11,1.2,63.4,3.890,-3.7,0,1,2167
2026-03-29T22:17:42,-8.924871,-140.101028,13.8,0.26,263.0,11,1.2,63.7,3.894,-3.7,0,1,2168
2026-03-29T22:20:44,-8.924856,-140.101013,11.8,0.24,60.9,6,1.9,63.7,3.894,-3.7,0,1,2169
2026-03-29T22:23:46,-8.924996,-140.100922,14.8,0.23,128.5,9,1.3,63.5,3.891,-4.0,0,1,2170
2026-03-29T22:26:48,-8.924996,-140.100952,14.8,0.50,77.3,10,1.2,63.7,3.891,-3.7,0,1,2171
2026-03-29T22:29:50,-8.924996,-140.100952,13.4,0.63,249.9,10,1.2,63.3,3.889,-4.0,0,1,2172
2026-03-29T22:32:53,-8.924990,-140.101028,12.0,0.05,266.2,10,1.2,63.4,3.890,-3.7,0,1,2173
2026-03-29T22:35:55,-8.924968,-140.101044,11.6,0.35,80.0,10,1.1,63.0,3.886,-4.0,0,1,2174
2026-03-29T22:38:57,-8.924967,-140.100998,11.0,0.30,75.2,10,1.1,63.1,3.888,-3.7,0,1,2175
2026-03-29T22:41:59,-8.924963,-140.100937,10.7,0.11,228.4,10,1.1,63.3,3.885,-4.0,0,1,2176
2026-03-29T22:45:01,-8.924992,-140.101013,9.0,0.38,272.4,10,1.1,62.8,3.885,-3.7,0,1,2177
2026-03-29T22:48:03,-8.924973,-140.100983,7.4,0.33,252.4,8,1.4,62.8,3.885,-3.7,0,1,2178
2026-03-29T22:51:05,-8.924983,-140.100922,4.3,0.07,293.8,8,1.3,62.5,3.881,-3.7,0,1,2179
2026-03-29T22:54:06,-8.924992,-140.100983,4.0,0.24,284.3,9,1.3,62.7,3.881,-4.0,0,1,2180
2026-03-29T22:57:08,-8.925048,-140.101013,2.5,0.21,240.6,9,1.3,62.8,3.884,-3.7,0,1,2181
2026-03-29T23:00:10,-8.925066,-140.101044,0.3,0.37,231.6,9,1.2,62.5,3.882,-3.7,0,1,2182
2026-03-29T23:03:12,-8.925040,-140.101028,-0.7,0.57,54.0,9,1.2,62.4,3.884,-4.0,0,1,2183
2026-03-29T23:06:14,-8.925035,-140.101044,-1.5,0.59,322.7,11,1.1,62.4,3.881,-4.0,0,1,2184
2026-03-29T23:09:16,-8.925033,-140.101013,-3.8,0.37,353.3,10,1.2,62.4,3.880,-4.0,0,1,2185
2026-03-29T23:12:18,-8.925035,-140.101044,-3.2,0.42,54.2,11,1.0,62.2,3.876,-3.7,0,1,2186
2026-03-29T23:15:20,-8.925013,-140.101074,-2.9,0.50,339.8,9,1.2,62.4,3.879,-4.0,0,1,2187
2026-03-29T23:18:22,-8.925014,-140.101120,-4.1,0.32,118.9,10,1.2,62.1,3.879,-4.0,0,1,2188
2026-03-29T23:21:24,-8.925014,-140.101105,-5.7,0.00,260.1,10,1.3,61.8,3.878,-4.0,0,1,2189
2026-03-29T23:24:26,-8.925016,-140.101074,-7.7,0.13,289.3,9,1.3,61.8,3.875,-4.0,0,1,2190
2026-03-29T23:27:28,-8.925021,-140.101089,-7.3,0.06,102.8,10,1.1,61.8,3.874,-4.0,0,1,2191
2026-03-29T23:30:30,-8.925021,-140.101089,-7.2,0.10,239.4,9,1.3,62.1,3.876,-4.0,0,1,2192
