datetime,lat,lon,alt_m,speed_kts,cog,satellites,hdop,battery_pct,battery_v,charge_rate,rtc_bat_low,fix,boot
2026-04-03T09:10:48,,,,,,,,61.7,3.879,-9.2,0,0,1
2026-04-03T09:33:34,-4.899428,-122.198296,13.3,13.40,77.6,7,3.4,62.0,3.884,-4.6,0,1,2
2026-04-03T09:34:02,-4.898990,-122.196617,-0.1,13.08,77.3,7,1.6,62.4,3.882,-4.0,0,1,3
2026-04-03T09:34:30,-4.898546,-122.194916,-19.1,13.36,71.6,6,1.7,62.8,3.884,-3.7,0,1,4
2026-04-03T09:34:58,-4.897965,-122.193230,-9.1,14.27,75.0,9,1.4,63.0,3.884,-4.0,0,1,5
2026-04-03T09:35:26,-4.897370,-122.191574,-0.6,13.97,76.1,9,1.4,62.7,3.884,-4.0,0,1,6
2026-04-03T09:35:54,-4.896808,-122.189873,2.2,12.52,72.6,10,1.1,62.8,3.885,-3.7,0,1,7
2026-04-03T09:36:23,-4.896332,-122.188110,8.5,13.71,71.4,9,2.7,63.0,3.886,-4.0,0,1,8
2026-04-03T09:36:51,-4.895790,-122.186409,12.0,13.60,77.4,9,1.4,62.8,3.886,-3.7,0,1,9
2026-04-03T09:37:19,-4.895339,-122.184662,17.9,14.34,86.2,9,1.4,63.0,3.886,-4.0,0,1,10
2026-04-03T09:37:48,-4.894762,-122.182884,19.8,13.96,69.2,9,1.4,63.0,3.886,-4.0,0,1,11
2026-04-03T09:38:16,-4.894291,-122.181221,20.7,13.80,72.6,9,1.4,63.4,3.889,-3.7,0,1,12
2026-04-03T09:38:44,-4.893786,-122.179535,5.0,13.25,70.3,8,1.6,63.1,3.889,-3.7,0,1,13
2026-04-03T09:39:13,-4.893123,-122.177711,27.8,14.27,69.9,10,1.2,63.4,3.890,-3.7,0,1,14
2026-04-03T09:39:41,-4.892539,-122.175964,36.8,13.57,75.2,10,1.2,63.4,3.890,-3.7,0,1,15
2026-04-03T09:40:09,-4.892048,-122.174263,40.0,13.57,74.1,10,1.2,63.4,3.890,-3.7,0,1,16
2026-04-03T09:40:38,-4.891511,-122.172478,39.8,14.00,75.2,10,1.2,63.3,3.891,-4.0,0,1,17
2026-04-03T09:41:06,-4.890841,-122.170807,42.5,13.76,75.8,10,1.2,63.3,3.892,-4.0,0,1,18
2026-04-03T09:41:34,-4.890348,-122.169098,44.8,14.04,78.9,10,1.2,63.7,3.891,-3.7,0,1,19
2026-04-03T09:42:03,-4.889913,-122.167229,29.8,13.84,76.5,11,1.2,63.7,3.891,-3.7,0,1,20
2026-04-03T09:42:31,-4.889420,-122.165543,36.6,13.93,78.9,11,1.2,63.7,3.894,-3.7,0,1,21
2026-04-03T09:42:59,-4.888903,-122.163826,46.6,13.54,69.1,11,1.1,64.0,3.894,-3.7,0,1,22
2026-04-03T09:43:28,-4.888293,-122.162048,38.1,13.64,74.3,10,1.3,63.7,3.895,-3.7,0,1,23
2026-04-03T09:43:56,-4.887680,-122.160385,32.4,13.70,68.2,11,1.1,63.8,3.894,-4.0,0,1,24
2026-04-03T09:44:24,-4.887228,-122.158646,27.0,13.56,74.3,11,1.1,64.1,3.898,-4.0,0,1,25
2026-04-03T09:44:53,-4.886716,-122.156853,25.7,13.73,74.6,10,1.3,63.8,3.895,-4.0,0,1,26
2026-04-03T09:45:21,-4.886243,-122.155113,21.4,13.46,71.5,10,1.3,64.0,3.895,-3.7,0,1,27
2026-04-03T09:45:49,-4.885675,-122.153397,23.1,13.48,64.0,9,2.2,64.0,3.898,-3.7,0,1,28
2026-04-03T09:46:18,-4.885153,-122.151581,22.9,14.29,77.3,10,1.5,64.3,3.898,-3.7,0,1,29
2026-04-03T09:46:46,-4.884538,-122.149902,26.2,13.84,72.4,10,1.3,64.1,3.896,-4.0,0,1,30
2026-04-03T09:47:14,-4.884022,-122.148186,26.0,13.77,73.5,10,1.3,64.3,3.898,-3.7,0,1,31
2026-04-03T09:47:43,-4.883623,-122.146339,18.9,13.96,74.8,10,1.3,64.3,3.899,-3.7,0,1,32
2026-04-03T09:48:11,-4.883142,-122.144630,22.0,13.50,74.3,10,1.3,64.4,3.898,-4.0,0,1,33
2026-04-03T09:48:39,-4.882663,-122.142899,32.2,13.92,71.3,10,1.3,64.6,3.900,-3.7,0,1,34
2026-04-03T09:49:08,-4.882111,-122.141144,27.9,13.59,68.5,10,1.3,64.6,3.899,-3.7,0,1,35
2026-04-03T09:49:36,-4.881597,-122.139427,23.8,13.89,72.8,10,1.3,64.6,3.901,-3.7,0,1,36
2026-04-03T09:50:04,-4.881160,-122.137688,19.0,13.46,73.9,10,1.3,64.8,3.902,-3.7,0,1,37
2026-04-03T09:50:33,-4.880670,-122.135887,13.3,14.34,71.7,10,1.3,64.6,3.902,-3.7,0,1,38
2026-04-03T09:51:01,-4.880086,-122.134209,12.1,12.97,70.4,9,1.4,64.8,3.904,-3.7,0,1,39
2026-04-03T09:51:29,-4.879578,-122.132469,9.9,13.06,67.2,9,1.3,64.8,3.902,-3.7,0,1,40
2026-04-03T09:51:58,-4.879102,-122.130661,5.8,13.90,63.7,9,1.3,64.8,3.904,-3.7,0,1,41
2026-04-03T09:52:26,-4.878595,-122.128960,9.6,13.29,70.5,9,1.7,65.1,3.905,-3.7,0,1,42
2026-04-03T09:52:54,-4.878015,-122.127258,10.2,13.36,73.0,9,1.3,65.1,3.904,-3.7,0,1,43
2026-04-03T09:53:23,-4.877282,-122.125542,13.3,13.84,71.7,9,1.3,65.0,3.905,-4.0,0,1,44
2026-04-03T09:53:51,-4.876753,-122.123863,11.8,14.53,73.7,9,1.7,65.3,3.906,-4.0,0,1,45
2026-04-03T09:54:19,-4.876198,-122.122177,14.2,14.29,71.8,8,2.8,65.1,3.908,-3.7,0,1,46
2026-04-03T09:54:48,-4.875601,-122.120407,11.2,13.29,71.2,8,2.7,65.3,3.908,-4.0,0,1,47
2026-04-03T09:55:16,-4.875082,-122.118721,6.6,13.46,76.9,9,1.6,65.3,3.908,-4.0,0,1,48
2026-04-03T09:55:44,-4.874548,-122.117004,12.5,14.23,70.1,9,1.3,65.4,3.909,-3.7,0,1,49
2026-04-03T09:56:13,-4.874010,-122.115227,13.1,13.84,76.2,9,1.3,65.7,3.910,-3.7,0,1,50
2026-04-03T09:56:41,-4.873435,-122.113548,14.9,13.99,70.5,9,1.6,65.6,3.910,-4.0,0,1,51
2026-04-03T09:57:09,-4.872883,-122.111847,14.6,13.64,72.8,9,1.3,65.6,3.910,-4.0,0,1,52
2026-04-03T09:57:38,-4.872396,-122.110077,7.2,13.99,69.4,8,2.7,65.6,3.911,-4.0,0,1,53
2026-04-03T09:58:06,-4.871920,-122.108353,6.3,13.65,75.7,9,1.6,66.0,3.910,-3.7,0,1,54
2026-04-03T09:58:34,-4.871323,-122.106674,6.1,13.43,66.2,9,1.3,65.7,3.911,-3.7,0,1,55
2026-04-03T09:59:03,-4.870820,-122.104912,4.4,13.97,79.9,9,1.3,65.9,3.912,-4.0,0,1,56
2026-04-03T09:59:31,-4.870240,-122.103218,3.3,12.82,68.5,8,2.6,65.7,3.911,-3.7,0,1,57
2026-04-03T09:59:59,-4.869791,-122.101479,7.6,13.46,71.7,9,1.6,66.0,3.912,-3.7,0,1,58
2026-04-03T10:00:28,-4.869236,-122.099701,12.0,13.71,72.1,9,1.3,66.0,3.914,-3.7,0,1,59
2026-04-03T10:00:56,-4.868763,-122.097961,17.5,14.15,73.2,9,1.5,66.1,3.915,-4.0,0,1,60
2026-04-03T10:01:24,-4.868213,-122.096252,17.0,14.04,69.4,9,1.3,66.1,3.915,-4.0,0,1,61
2026-04-03T10:01:53,-4.867743,-122.094467,13.9,14.01,75.1,8,2.5,66.3,3.915,-3.7,0,1,62
2026-04-03T10:02:21,-4.867228,-122.092751,11.7,14.04,73.3,9,1.5,66.3,3.918,-3.7,0,1,63
2026-04-03T10:02:49,-4.866745,-122.091049,13.3,12.52,69.3,9,1.2,66.4,3.916,-4.0,0,1,64
2026-04-03T10:03:18,-4.866148,-122.089264,14.1,13.94,71.4,8,2.5,66.6,3.918,-3.7,0,1,65
2026-04-03T10:03:46,-4.865740,-122.087517,16.8,13.71,74.6,9,1.2,66.6,3.916,-3.7,0,1,66
2026-04-03T10:04:14,-4.865275,-122.085762,15.6,13.44,79.7,9,1.5,66.6,3.919,-3.7,0,1,67
2026-04-03T10:04:43,-4.864720,-122.084023,14.5,13.58,74.5,9,1.5,66.7,3.919,-4.0,0,1,68
2026-04-03T10:05:11,-4.864233,-122.082268,14.7,14.12,70.4,8,2.5,66.7,3.920,-4.0,0,1,69
2026-04-03T10:05:39,-4.863745,-122.080536,18.8,13.71,71.1,9,1.2,66.7,3.922,-4.0,0,1,70
2026-04-03T10:06:08,-4.863197,-122.078758,19.8,13.64,73.8,9,1.2,66.9,3.920,-3.7,0,1,71
2026-04-03T10:06:36,-4.862751,-122.077003,20.1,13.46,72.7,9,1.2,66.7,3.921,-4.0,0,1,72
2026-04-03T10:07:04,-4.862193,-122.075325,22.2,12.56,73.1,9,1.2,67.0,3.922,-4.0,0,1,73
2026-04-03T10:07:33,-4.861707,-122.073563,17.6,13.15,73.4,8,2.4,67.0,3.921,-4.0,0,1,74
2026-04-03T10:08:01,-4.861182,-122.071831,16.4,13.47,72.4,9,1.2,67.0,3.924,-4.0,0,1,75
2026-04-03T10:08:29,-4.860753,-122.070068,13.3,13.91,76.0,8,2.3,67.2,3.922,-3.7,0,1,76
2026-04-03T10:08:58,-4.860130,-122.068352,17.0,13.86,70.2,9,1.2,67.3,3.924,-4.0,0,1,77
2026-04-03T10:09:26,-4.859567,-122.066666,15.5,13.28,65.1,8,2.3,67.3,3.925,-4.0,0,1,78
2026-04-03T10:09:54,-4.859173,-122.064873,12.0,13.42,71.7,8,2.3,67.2,3.925,-3.7,0,1,79
2026-04-03T10:10:23,-4.858675,-122.063065,9.4,13.01,70.7,8,2.3,67.3,3.925,-4.0,0,1,80
2026-04-03T10:10:51,-4.858130,-122.061340,9.0,13.85,71.1,9,1.2,67.3,3.926,-4.0,0,1,81
2026-04-03T10:11:19,-4.857630,-122.059624,10.0,13.85,72.5,8,2.2,67.6,3.925,-4.0,0,1,82
2026-04-03T10:11:48,-4.857155,-122.057793,10.9,13.52,69.0,8,2.2,67.6,3.926,-4.0,0,1,83
2026-04-03T10:12:16,-4.856672,-122.056061,11.3,14.58,75.8,9,1.2,67.7,3.926,-3.7,0,1,84
2026-04-03T10:12:44,-4.856188,-122.054352,13.3,12.99,72.2,9,1.2,67.9,3.929,-4.0,0,1,85
2026-04-03T10:13:13,-4.855593,-122.052643,12.3,13.34,60.7,8,2.2,67.9,3.929,-4.0,0,1,86
2026-04-03T10:13:41,-4.855095,-122.050865,10.1,13.88,69.0,9,1.1,67.9,3.929,-4.0,0,1,87
2026-04-03T10:14:09,-4.854647,-122.049103,7.8,14.14,75.7,9,1.1,68.0,3.931,-3.7,0,1,88
2026-04-03T10:14:38,-4.854195,-122.047295,3.7,14.62,77.2,9,1.1,67.9,3.930,-4.0,0,1,89
2026-04-03T10:15:06,-4.853675,-122.045555,3.8,13.59,70.3,9,1.1,68.2,3.930,-4.0,0,1,90
2026-04-03T10:15:34,-4.853145,-122.043854,0.0,14.55,69.0,8,2.1,68.2,3.932,-4.0,0,1,91
2026-04-03T10:16:03,-4.852598,-122.042000,-2.6,14.37,73.5,9,1.1,68.2,3.934,-4.0,0,1,92
2026-04-03T10:16:31,-4.852058,-122.040291,-5.2,14.05,67.6,10,1.0,68.2,3.932,-4.0,0,1,93
2026-04-03T10:16:59,-4.851552,-122.038567,-12.7,13.90,67.3,10,1.0,68.3,3.934,-4.4,0,1,94
2026-04-03T10:17:28,-4.851037,-122.036736,-15.5,13.84,72.9,9,1.4,68.6,3.935,-4.4,0,1,95
2026-04-03T10:17:56,-4.850508,-122.035011,-21.3,14.11,75.1,10,1.0,68.6,3.935,-4.4,0,1,96
2026-04-03T10:18:24,-4.849942,-122.033257,-19.3,13.43,75.6,9,1.4,68.6,3.935,-4.4,0,1,97
2026-04-03T10:18:53,-4.849366,-122.031479,-13.7,13.42,77.0,9,1.4,68.5,3.934,-4.4,0,1,98
2026-04-03T10:19:21,-4.848947,-122.029747,-15.9,13.69,69.8,10,1.0,69.0,3.935,-4.4,0,1,99
2026-04-03T10:19:49,-4.848390,-122.028008,-19.5,13.44,75.4,10,1.0,68.8,3.936,-4.4,0,1,100
2026-04-03T10:20:18,-4.847872,-122.026215,-17.7,13.24,73.2,9,1.4,68.8,3.939,-4.4,0,1,101
2026-04-03T10:20:46,-4.847445,-122.024406,-14.5,13.86,70.4,10,1.0,69.1,3.939,-4.4,0,1,102
2026-04-03T10:21:14,-4.846988,-122.022659,-9.3,14.29,72.1,9,1.4,68.8,3.940,-4.4,0,1,103
2026-04-03T10:21:43,-4.846468,-122.020866,-5.9,13.66,73.0,9,1.4,69.3,3.939,-4.4,0,1,104
2026-04-03T10:22:11,-4.845992,-122.019112,-0.3,13.98,75.2,9,1.4,69.0,3.941,-4.4,0,1,105
2026-04-03T10:22:39,-4.845470,-122.017357,0.1,15.36,71.5,9,1.4,69.1,3.938,-4.4,0,1,106
2026-04-03T10:23:08,-4.844935,-122.015549,-3.4,13.90,77.3,9,1.4,69.3,3.940,-4.4,0,1,107
2026-04-03T10:23:36,-4.844425,-122.013809,1.3,14.35,70.8,9,1.4,69.3,3.941,-4.4,0,1,108
2026-04-03T10:24:04,-4.843906,-122.012070,2.0,13.79,70.6,9,1.4,69.6,3.943,-4.4,0,1,109
2026-04-03T10:24:33,-4.843416,-122.010239,-2.5,14.00,72.9,9,1.4,69.5,3.943,-4.4,0,1,110
2026-04-03T10:25:01,-4.842892,-122.008461,-3.8,15.38,72.0,9,1.4,69.5,3.944,-4.4,0,1,111
2026-04-03T10:25:29,-4.842355,-122.006744,3.2,13.76,72.4,9,1.4,69.6,3.944,-4.4,0,1,112
2026-04-03T10:25:58,-4.841768,-122.004951,11.4,13.86,71.4,8,1.6,69.6,3.944,-4.4,0,1,113
2026-04-03T10:26:26,-4.841281,-122.003212,13.5,13.53,73.8,9,1.4,69.8,3.945,-4.4,0,1,114
2026-04-03T10:26:54,-4.840720,-122.001457,5.7,14.33,71.7,9,1.4,70.0,3.945,-4.4,0,1,115
2026-04-03T10:27:23,-4.840235,-121.999619,8.3,13.86,79.1,10,0.9,70.1,3.946,-4.4,0,1,116
2026-04-03T10:27:51,-4.839716,-121.997826,8.4,13.86,73.6,10,0.9,70.0,3.949,-4.4,0,1,117
2026-04-03T10:28:19,-4.839220,-121.996056,10.4,13.82,76.5,10,0.9,70.3,3.946,-4.4,0,1,118
2026-04-03T10:28:48,-4.838708,-121.994225,10.8,14.21,75.6,9,1.3,70.3,3.947,-4.4,0,1,119
2026-04-03T10:29:16,-4.838210,-121.992485,7.4,14.40,72.5,9,1.3,70.4,3.949,-4.4,0,1,120
2026-04-03T10:29:44,-4.837737,-121.990723,9.4,13.46,74.8,9,1.3,70.4,3.950,-4.4,0,1,121
2026-04-03T10:30:13,-4.837208,-121.988899,16.8,13.56,74.5,9,1.3,70.4,3.950,-4.4,0,1,122
2026-04-03T10:30:41,-4.836748,-121.987160,16.0,13.51,76.9,9,1.3,70.6,3.950,-4.4,0,1,123
2026-04-03T10:31:09,-4.836310,-121.985420,16.8,14.06,72.2,9,1.3,70.4,3.951,-4.4,0,1,124
2026-04-03T10:31:38,-4.835746,-121.983604,19.5,12.87,70.7,9,1.3,70.9,3.949,-4.4,0,1,125
2026-04-03T10:32:06,-4.835306,-121.981888,23.8,13.59,81.5,9,1.3,70.6,3.953,-4.4,0,1,126
2026-04-03T10:32:34,-4.834780,-121.980164,28.0,13.11,73.0,9,1.3,70.8,3.951,-4.4,0,1,127
2026-04-03T10:33:03,-4.834256,-121.978394,26.9,13.70,75.3,9,1.3,70.8,3.954,-4.4,0,1,128
2026-04-03T10:33:31,-4.833713,-121.976692,26.2,12.46,73.5,9,1.3,70.8,3.954,-4.4,0,1,129
2026-04-03T10:33:59,-4.833187,-121.974953,22.4,14.49,73.2,9,1.3,70.9,3.953,-4.4,0,1,130
2026-04-03T10:34:28,-4.832685,-121.973167,20.2,13.82,74.8,9,1.3,71.3,3.954,-4.4,0,1,131
2026-04-03T10:34:56,-4.832280,-121.971382,13.3,13.32,71.7,9,1.3,71.1,3.954,-4.4,0,1,132
2026-04-03T10:35:24,-4.831781,-121.969627,14.5,16.28,73.7,9,1.3,71.3,3.955,-4.4,0,1,133
2026-04-03T10:35:53,-4.831226,-121.967873,17.1,13.23,74.7,9,1.3,71.4,3.955,-4.4,0,1,134
2026-04-03T10:36:21,-4.830713,-121.966133,15.7,14.70,76.2,9,1.3,71.4,3.955,-4.4,0,1,135
2026-04-03T10:36:49,-4.830211,-121.964394,8.5,13.73,73.2,9,1.3,71.8,3.957,-4.4,0,1,136
2026-04-03T10:37:18,-4.829710,-121.962547,11.1,13.70,78.2,9,1.3,71.8,3.957,-4.4,0,1,137
2026-04-03T10:37:46,-4.829249,-121.960815,26.5,13.28,69.8,9,1.3,71.4,3.959,-4.4,0,1,138
2026-04-03T10:38:14,-4.828750,-121.959015,20.3,12.85,71.1,9,1.3,71.9,3.957,-4.4,0,1,139
2026-04-03T10:38:43,-4.828205,-121.957199,21.3,14.01,72.0,9,1.3,71.8,3.957,-4.4,0,1,140
2026-04-03T10:39:11,-4.827628,-121.955414,22.0,14.32,72.6,9,1.3,71.8,3.960,-4.4,0,1,141
2026-04-03T10:39:39,-4.827086,-121.953667,18.2,13.45,74.3,9,1.3,71.9,3.961,-4.4,0,1,142
2026-04-03T10:40:08,-4.826588,-121.951820,24.9,13.79,75.1,9,1.3,71.9,3.961,-4.4,0,1,143
2026-04-03T10:40:36,-4.826023,-121.950081,25.8,13.25,76.7,9,1.3,72.1,3.961,-4.4,0,1,144
2026-04-03T10:41:04,-4.825498,-121.948303,26.7,14.18,74.9,9,1.3,71.9,3.963,-4.4,0,1,145
2026-04-03T10:41:33,-4.825018,-121.946480,30.7,14.05,71.5,9,1.3,72.1,3.963,-4.4,0,1,146
2026-04-03T10:42:01,-4.824448,-121.944756,33.3,13.48,71.0,9,1.2,72.2,3.964,-4.4,0,1,147
2026-04-03T10:42:29,-4.823926,-121.942963,27.7,14.51,69.4,9,1.3,72.4,3.965,-4.4,0,1,148
2026-04-03T10:42:58,-4.823405,-121.941147,30.2,13.79,74.4,9,1.2,72.6,3.964,-4.4,0,1,149
2026-04-03T10:43:26,-4.822891,-121.939392,29.1,14.35,75.4,9,1.2,72.6,3.965,-4.4,0,1,150
2026-04-03T10:43:54,-4.822483,-121.937584,26.0,14.68,76.8,9,1.2,72.7,3.965,-4.4,0,1,151
2026-04-03T10:44:23,-4.821925,-121.935822,32.5,13.46,75.6,9,1.2,72.6,3.966,-4.4,0,1,152
2026-04-03T10:44:51,-4.821498,-121.934052,36.0,13.36,75.2,9,1.2,72.9,3.966,-4.4,0,1,153
2026-04-03T10:45:19,-4.821020,-121.932312,37.2,14.27,72.9,7,1.3,72.7,3.967,-4.4,0,1,154
2026-04-03T10:45:48,-4.820499,-121.930511,42.3,14.14,75.5,7,1.3,73.2,3.966,-4.4,0,1,155
2026-04-03T10:46:16,-4.819948,-121.928795,42.3,13.95,73.9,6,2.6,72.9,3.969,-4.4,0,1,156
2026-04-03T10:46:44,-4.819422,-121.927094,39.3,13.10,74.6,6,1.5,73.1,3.970,-4.4,0,1,157
2026-04-03T10:47:13,-4.818823,-121.925323,38.1,13.36,74.4,6,2.6,73.2,3.970,-4.4,0,1,158
2026-04-03T10:47:41,-4.818306,-121.923454,15.5,13.80,75.8,7,1.4,73.1,3.971,-4.4,0,1,159
2026-04-03T10:48:09,-4.817758,-121.921661,6.7,13.45,75.4,7,1.4,73.4,3.971,-4.4,0,1,160
2026-04-03T10:48:38,-4.817225,-121.919846,-2.4,13.11,75.3,6,2.6,73.4,3.973,-4.4,0,1,161
2026-04-03T10:49:06,-4.816725,-121.918106,-7.4,13.73,74.8,6,2.6,73.4,3.973,-4.4,0,1,162
2026-04-03T10:49:34,-4.816167,-121.916367,-11.1,13.43,71.4,6,3.1,73.6,3.971,-4.4,0,1,163
2026-04-03T10:50:03,-4.815680,-121.914482,-11.9,14.26,71.6,7,1.4,73.4,3.971,-4.4,0,1,164
2026-04-03T10:50:31,-4.815155,-121.912727,-24.8,13.85,73.3,7,1.4,73.7,3.975,-4.4,0,1,165
2026-04-03T10:50:59,-4.814658,-121.910988,-32.5,12.60,68.1,7,1.4,73.7,3.974,-4.4,0,1,166
2026-04-03T10:51:28,-4.814060,-121.909187,-23.5,14.58,69.1,6,2.7,73.7,3.976,-4.4,0,1,167
2026-04-03T10:51:56,-4.813467,-121.907433,-25.8,13.41,69.6,7,1.4,73.7,3.975,-4.4,0,1,168
2026-04-03T10:52:24,-4.813008,-121.905678,-21.7,13.22,73.2,7,2.5,74.1,3.976,-4.4,0,1,169
2026-04-03T10:52:53,-4.812463,-121.903908,-13.2,14.29,73.9,7,2.5,73.9,3.977,-4.4,0,1,170
2026-04-03T10:53:21,-4.811858,-121.902130,-13.1,13.88,66.7,7,2.5,74.2,3.976,-4.4,0,1,171
2026-04-03T10:53:49,-4.811237,-121.900375,-13.1,15.23,66.1,7,2.5,74.2,3.977,-4.4,0,1,172
2026-04-03T10:54:18,-4.810793,-121.898613,-9.9,13.46,69.7,7,2.5,74.2,3.980,-4.4,0,1,173
2026-04-03T10:54:46,-4.810330,-121.896744,-26.0,15.25,67.1,7,2.5,74.5,3.979,-4.4,0,1,174
2026-04-03T10:55:14,-4.809882,-121.895012,-43.9,13.73,69.4,7,2.5,74.4,3.977,-4.4,0,1,175
2026-04-03T10:55:43,-4.809367,-121.893196,-52.6,13.79,74.3,7,2.5,74.4,3.981,-4.4,0,1,176
2026-04-03T10:56:11,-4.808949,-121.891548,-50.5,12.68,76.0,7,2.5,74.5,3.980,-4.4,0,1,177
2026-04-03T10:56:39,-4.808413,-121.889755,-51.7,12.84,76.0,7,2.5,74.7,3.980,-4.4,0,1,178
2026-04-03T10:57:08,-4.807683,-121.887794,-49.5,16.48,69.1,7,2.5,74.5,3.984,-4.4,0,1,179
2026-04-03T10:57:36,-4.807093,-121.886108,-44.7,14.99,71.4,7,2.5,74.7,3.983,-4.4,0,1,180
2026-04-03T10:58:04,-4.806588,-121.884399,-38.1,13.58,70.1,7,2.5,74.9,3.983,-4.4,0,1,181
2026-04-03T10:58:33,-4.805977,-121.882599,-28.3,14.40,72.1,7,2.5,75.4,3.985,-4.2,0,1,182
2026-04-03T10:59:01,-4.805515,-121.880859,-29.7,15.67,75.6,7,3.0,75.0,3.984,-4.4,0,1,183
2026-04-03T10:59:29,-4.804940,-121.879082,-29.8,14.28,70.1,7,2.5,75.2,3.985,-4.4,0,1,184
2026-04-03T10:59:58,-4.804372,-121.877220,-36.5,14.67,71.4,7,2.5,75.2,3.986,-4.4,0,1,185
2026-04-03T11:00:26,-4.803833,-121.875465,-38.2,14.21,70.6,7,2.5,75.7,3.985,-4.4,0,1,186
2026-04-03T11:00:54,-4.803235,-121.873726,-38.0,14.36,69.2,7,2.5,75.2,3.986,-4.4,0,1,187
2026-04-03T11:01:23,-4.802707,-121.871895,-37.8,14.07,76.9,7,2.5,75.7,3.987,-4.4,0,1,188
2026-04-03T11:01:51,-4.802172,-121.870186,-36.1,12.99,74.1,7,2.5,75.5,3.987,-4.4,0,1,189
2026-04-03T11:02:19,-4.801577,-121.868416,-35.8,14.71,76.9,7,3.0,75.5,3.987,-4.4,0,1,190
2026-04-03T11:02:48,-4.800968,-121.866623,-29.0,13.91,73.5,7,3.0,75.7,3.989,-4.4,0,1,191
2026-04-03T11:03:16,-4.800375,-121.864937,-21.4,13.66,68.7,7,2.5,75.9,3.989,-4.4,0,1,192
2026-04-03T11:03:44,-4.799837,-121.863129,-25.0,14.40,72.5,7,3.0,76.2,3.990,-4.4,0,1,193
2026-04-03T11:04:13,-4.799275,-121.861313,-22.1,14.29,70.8,7,2.5,75.9,3.990,-4.4,0,1,194
2026-04-03T11:04:41,-4.798743,-121.859543,-20.6,14.03,70.8,7,2.4,75.9,3.991,-4.4,0,1,195
2026-04-03T11:05:09,-4.798178,-121.857796,-20.9,14.05,71.9,7,2.4,76.2,3.993,-4.4,0,1,196
2026-04-03T11:05:38,-4.797668,-121.855972,-16.6,13.54,73.0,7,2.4,76.0,3.993,-4.4,0,1,197
2026-04-03T11:06:06,-4.797148,-121.854156,-11.5,14.48,71.4,7,3.0,76.2,3.994,-4.4,0,1,198
2026-04-03T11:06:34,-4.796765,-121.852547,-13.4,14.34,69.7,7,2.4,76.2,3.994,-4.4,0,1,199
2026-04-03T11:07:03,-4.796223,-121.850723,-18.0,13.64,70.0,7,2.9,76.3,3.994,-4.4,0,1,200
2026-04-03T11:07:31,-4.795661,-121.848976,-17.2,14.75,68.6,7,2.4,76.3,3.995,-4.4,0,1,201
2026-04-03T11:07:59,-4.795200,-121.847183,-16.3,13.30,72.6,7,2.4,76.3,3.996,-4.4,0,1,202
2026-04-03T11:08:28,-4.794585,-121.845352,-20.9,14.17,70.7,7,2.4,76.5,3.995,-4.4,0,1,203
2026-04-03T11:08:56,-4.794062,-121.843597,-12.5,13.46,74.5,7,2.4,76.5,3.996,-4.4,0,1,204
2026-04-03T11:09:24,-4.793600,-121.841866,-9.8,13.02,76.8,7,2.4,76.7,3.996,-4.2,0,1,205
2026-04-03T11:09:53,-4.792915,-121.840088,3.9,13.23,69.1,7,2.4,77.3,3.999,-4.4,0,1,206
2026-04-03T11:10:21,-4.792316,-121.838310,1.1,13.77,68.1,7,2.4,76.7,3.999,-4.2,0,1,207
2026-04-03T11:10:49,-4.791803,-121.836555,-3.7,13.82,69.3,7,2.4,76.8,3.999,-4.4,0,1,208
2026-04-03T11:11:18,-4.791215,-121.834702,-4.1,13.91,72.0,7,2.4,76.8,4.001,-4.4,0,1,209
2026-04-03T11:11:46,-4.790600,-121.832962,1.3,13.67,68.1,7,2.4,77.2,4.000,-4.4,0,1,210
2026-04-03T11:12:14,-4.790095,-121.831131,-0.4,12.66,68.9,7,2.9,77.3,4.001,-4.4,0,1,211
2026-04-03T11:12:43,-4.789498,-121.829239,-1.5,14.35,68.5,7,2.4,77.3,4.001,-4.4,0,1,212
2026-04-03T11:13:11,-4.789003,-121.827522,-5.4,14.69,71.4,7,2.4,77.2,4.001,-4.4,0,1,213
2026-04-03T11:13:39,-4.788356,-121.825768,-2.7,13.27,68.1,7,2.4,77.5,4.003,-4.4,0,1,214
2026-04-03T11:14:08,-4.787880,-121.824066,6.7,11.65,76.2,7,2.4,77.5,4.004,-4.4,0,1,215
2026-04-03T11:14:36,-4.787206,-121.822289,13.6,14.91,70.1,7,2.4,77.6,4.003,-4.4,0,1,216
2026-04-03T11:15:04,-4.786683,-121.820534,17.8,13.49,74.1,7,2.9,77.8,4.005,-4.4,0,1,217
2026-04-03T11:15:33,-4.786087,-121.818748,31.8,14.65,68.6,7,2.4,77.6,4.004,-4.4,0,1,218
2026-04-03T11:16:01,-4.785533,-121.817009,29.6,14.23,69.0,7,2.4,77.6,4.006,-4.4,0,1,219
2026-04-03T11:16:29,-4.785017,-121.815285,28.5,13.29,69.8,7,2.4,78.0,4.006,-4.2,0,1,220
2026-04-03T11:16:58,-4.784406,-121.813469,37.1,12.93,67.9,7,2.4,77.8,4.005,-4.4,0,1,221
2026-04-03T11:17:26,-4.783883,-121.811676,33.2,13.75,71.2,7,2.4,78.3,4.008,-4.4,0,1,222
2026-04-03T11:17:54,-4.783416,-121.810074,39.3,11.54,68.2,7,2.4,78.1,4.008,-4.4,0,1,223
2026-04-03T11:18:23,-4.783028,-121.808342,36.3,14.65,69.0,7,2.4,78.1,4.008,-4.4,0,1,224
2026-04-03T11:18:51,-4.782515,-121.806602,20.0,13.88,66.2,7,2.4,78.3,4.009,-4.4,0,1,225
2026-04-03T11:19:19,-4.782011,-121.804863,28.5,13.93,69.2,7,2.4,78.5,4.009,-4.4,0,1,226
2026-04-03T11:19:48,-4.781348,-121.803009,21.6,14.33,68.7,7,2.4,78.3,4.009,-4.4,0,1,227
2026-04-03T11:20:16,-4.780886,-121.801254,17.3,13.83,74.4,7,2.4,78.6,4.009,-4.4,0,1,228
2026-04-03T11:20:44,-4.780325,-121.799484,12.4,14.63,72.4,7,2.3,78.6,4.011,-4.4,0,1,229
2026-04-03T11:21:13,-4.779856,-121.797668,6.2,12.86,73.6,7,2.3,78.8,4.012,-4.4,0,1,230
2026-04-03T11:21:41,-4.779356,-121.795967,12.6,12.86,74.9,7,2.3,78.8,4.014,-4.4,0,1,231
2026-04-03T11:22:09,-4.778642,-121.794319,21.5,14.03,65.8,7,2.3,78.8,4.014,-4.4,0,1,232
2026-04-03T11:22:38,-4.778140,-121.792488,30.8,13.25,74.6,7,2.3,78.8,4.015,-4.4,0,1,233
2026-04-03T11:23:06,-4.777520,-121.790733,33.1,14.23,68.8,7,2.3,78.8,4.015,-4.4,0,1,234
2026-04-03T11:23:34,-4.777025,-121.789032,30.0,13.93,69.8,7,2.3,79.1,4.014,-4.4,0,1,235
2026-04-03T11:24:03,-4.776601,-121.787201,11.3,13.94,73.7,7,2.3,79.1,4.016,-4.4,0,1,236
2026-04-03T11:24:31,-4.776126,-121.785522,7.6,13.38,70.0,7,2.3,79.3,4.017,-4.2,0,1,237
2026-04-03T11:24:59,-4.775517,-121.783730,17.3,12.77,71.1,7,2.3,79.4,4.017,-4.4,0,1,238
2026-04-03T11:25:28,-4.774875,-121.781837,21.4,12.93,69.3,7,2.3,79.4,4.016,-4.4,0,1,239
2026-04-03T11:25:56,-4.774283,-121.780067,22.2,14.77,68.7,7,2.3,79.8,4.017,-4.4,0,1,240
2026-04-03T11:26:24,-4.773763,-121.778343,20.5,15.23,67.9,7,2.3,79.4,4.020,-4.4,0,1,241
2026-04-03T11:26:53,-4.773231,-121.776604,33.2,13.46,73.6,7,2.3,79.6,4.019,-4.4,0,1,242
2026-04-03T11:27:21,-4.772643,-121.774849,30.7,15.26,69.2,7,2.3,79.8,4.020,-4.4,0,1,243
2026-04-03T11:27:49,-4.772173,-121.773132,33.8,12.33,69.1,7,2.3,79.9,4.020,-4.4,0,1,244
2026-04-03T11:28:18,-4.771513,-121.771301,37.3,14.83,69.2,7,2.3,79.9,4.020,-4.4,0,1,245
2026-04-03T11:28:46,-4.771083,-121.769562,33.3,13.41,75.3,7,2.3,79.9,4.021,-4.4,0,1,246
2026-04-03T11:29:14,-4.770546,-121.767860,27.0,13.60,73.3,6,2.3,80.1,4.023,-4.4,0,1,247
2026-04-03T11:29:43,-4.769925,-121.765991,34.1,14.30,75.7,6,2.3,80.1,4.024,-4.4,0,1,248
2026-04-03T11:30:11,-4.769453,-121.764259,35.4,14.26,73.6,6,2.5,80.4,4.024,-4.4,0,1,249
2026-04-03T11:30:39,-4.768937,-121.762512,40.8,13.00,73.1,5,2.5,80.1,4.023,-4.4,0,1,250
2026-04-03T11:31:08,-4.768498,-121.760727,43.6,13.11,69.5,5,2.5,80.3,4.025,-4.4,0,1,251
2026-04-03T11:31:36,-4.767970,-121.759026,39.9,15.26,69.4,6,2.3,80.4,4.026,-4.4,0,1,252
2026-04-03T11:32:04,-4.767378,-121.757301,38.1,15.26,67.4,7,2.3,80.6,4.029,-4.2,0,1,253
2026-04-03T11:32:32,-4.766945,-121.755508,32.3,13.62,70.6,6,2.3,80.3,4.025,-4.4,0,1,254
2026-04-03T11:33:01,-4.766412,-121.753754,42.2,13.28,71.7,5,2.8,80.6,4.026,-4.2,0,1,255
2026-04-03T11:33:29,-4.765877,-121.751999,44.3,14.23,68.7,6,2.3,80.9,4.028,-4.4,0,1,256
2026-04-03T11:33:57,-4.765342,-121.750237,43.4,13.73,72.4,6,2.3,80.6,4.030,-4.2,0,1,257
2026-04-03T11:34:25,-4.764789,-121.748520,49.5,13.83,65.5,6,2.3,81.1,4.029,-4.4,0,1,258
2026-04-03T11:34:54,-4.764255,-121.746712,55.0,13.61,67.6,6,2.3,80.7,4.030,-4.4,0,1,259
2026-04-03T11:35:22,-4.763723,-121.744957,53.4,12.95,71.0,7,2.2,81.1,4.031,-4.4,0,1,260
2026-04-03T11:35:50,-4.763277,-121.743141,44.7,14.10,74.3,7,2.2,81.1,4.030,-4.4,0,1,261
2026-04-03T11:36:19,-4.762703,-121.741341,47.7,14.87,68.2,6,2.2,81.2,4.032,-4.4,0,1,262
2026-04-03T11:36:47,-4.762212,-121.739555,43.0,14.24,69.3,6,2.7,81.2,4.034,-4.4,0,1,263
2026-04-03T11:37:15,-4.761800,-121.737770,40.6,12.90,76.5,7,2.2,81.4,4.032,-4.4,0,1,264
2026-04-03T11:37:44,-4.761060,-121.735779,35.5,14.54,64.1,5,3.4,81.6,4.034,-4.4,0,1,265
2026-04-03T11:38:12,-4.760515,-121.734131,36.4,14.05,63.3,6,2.7,81.7,4.032,-4.4,0,1,266
2026-04-03T11:38:40,-4.760155,-121.732414,25.8,14.05,77.5,7,2.2,81.7,4.035,-4.4,0,1,267
2026-04-03T11:39:08,-4.759755,-121.730698,15.5,12.94,73.3,7,2.2,81.9,4.034,-4.2,0,1,268
2026-04-03T11:39:37,-4.759275,-121.728882,8.6,12.16,70.5,5,3.4,81.9,4.035,-4.2,0,1,269
2026-04-03T11:40:05,-4.758837,-121.727219,6.8,13.20,72.0,7,1.9,82.2,4.036,2188.8,0,1,270
2026-04-03T11:40:33,-4.758403,-121.725555,9.6,13.96,73.3,8,1.3,81.9,4.036,-4.2,0,1,271
2026-04-03T11:41:01,-4.757907,-121.723816,17.1,13.01,72.9,9,1.6,82.2,4.037,-4.4,0,1,272
2026-04-03T11:41:29,-4.757347,-121.722137,25.5,12.58,67.8,9,1.2,82.2,4.039,-4.4,0,1,273
2026-04-03T11:41:58,-4.757122,-121.720322,14.7,13.82,75.4,7,1.8,82.4,4.040,-4.4,0,1,274
2026-04-03T11:42:26,-4.756513,-121.718552,14.1,12.82,72.6,9,1.2,82.2,4.040,-4.4,0,1,275
2026-04-03T11:42:54,-4.756053,-121.716736,1.2,13.81,78.9,9,1.2,82.1,4.040,-4.4,0,1,276
2026-04-03T11:43:23,-4.755498,-121.714882,8.5,12.71,74.9,8,1.3,82.4,4.041,-4.4,0,1,277
2026-04-03T11:43:51,-4.755120,-121.713051,1.1,15.03,74.5,10,1.1,82.4,4.041,-4.4,0,1,278
2026-04-03T11:44:19,-4.754635,-121.711319,-1.3,13.67,74.2,10,1.1,82.5,4.043,-4.4,0,1,279
2026-04-03T11:44:48,-4.754065,-121.709480,4.0,13.49,72.6,8,1.5,82.5,4.044,-4.4,0,1,280
2026-04-03T11:45:16,-4.753587,-121.707726,2.6,13.88,77.4,9,1.2,82.9,4.044,-4.4,0,1,281
2026-04-03T11:45:44,-4.753053,-121.705986,4.2,14.29,72.9,9,1.2,83.0,4.045,-4.4,0,1,282
2026-04-03T11:46:13,-4.752431,-121.704163,10.8,14.50,72.9,10,1.0,83.0,4.045,-4.4,0,1,283
2026-04-03T11:46:41,-4.751905,-121.702423,7.1,13.47,69.9,10,1.0,83.0,4.045,-4.4,0,1,284
2026-04-03T11:47:09,-4.751462,-121.700661,3.1,13.86,75.0,10,1.0,83.0,4.045,-4.4,0,1,285
2026-04-03T11:47:38,-4.750967,-121.698830,-1.5,14.18,75.9,11,1.0,83.2,4.045,-4.2,0,1,286
2026-04-03T11:48:06,-4.750465,-121.697075,4.5,14.52,75.9,10,1.3,83.2,4.048,-4.2,0,1,287
2026-04-03T11:48:34,-4.749968,-121.695335,2.2,14.19,74.9,11,1.0,83.5,4.046,-4.4,0,1,288
2026-04-03T11:49:03,-4.749443,-121.693489,0.9,13.89,73.6,10,1.3,83.2,4.048,-4.2,0,1,289
2026-04-03T11:49:31,-4.748913,-121.691772,-1.5,13.74,76.3,11,1.0,83.5,4.049,-4.4,0,1,290
2026-04-03T11:49:59,-4.748400,-121.690025,6.4,13.52,67.3,10,1.3,83.5,4.050,-4.4,0,1,291
2026-04-03T11:50:28,-4.747840,-121.688240,10.3,14.36,75.2,10,1.3,83.8,4.050,-4.4,0,1,292
2026-04-03T11:50:56,-4.747368,-121.686440,13.8,13.69,70.2,10,1.3,83.7,4.051,-4.4,0,1,293
2026-04-03T11:51:24,-4.747006,-121.684555,20.5,13.61,75.5,11,1.0,84.0,4.051,-4.4,0,1,294
2026-04-03T11:51:53,-4.746526,-121.682755,16.4,13.78,75.9,10,1.3,83.8,4.052,-4.4,0,1,295
2026-04-03T11:52:21,-4.745965,-121.681038,26.1,13.29,72.6,11,1.0,83.8,4.054,-4.4,0,1,296
2026-04-03T11:52:49,-4.745419,-121.679344,26.3,13.76,78.0,10,1.3,84.0,4.055,-4.4,0,1,297
2026-04-03T11:53:18,-4.744846,-121.677559,17.9,13.57,74.6,10,1.3,84.5,4.055,-3.7,0,1,298
2026-04-03T11:53:46,-4.744328,-121.675842,15.3,13.72,72.4,11,1.0,84.5,4.056,-3.7,0,1,299
2026-04-03T11:54:14,-4.743816,-121.674110,15.7,14.37,74.1,10,1.3,84.5,4.056,-3.7,0,1,300
2026-04-03T11:54:43,-4.743281,-121.672310,17.0,13.94,72.6,10,1.3,84.5,4.056,-3.7,0,1,301
2026-04-03T11:55:11,-4.742766,-121.670555,19.2,14.21,71.9,10,1.3,84.3,4.057,2245.4,0,1,302
2026-04-03T11:55:39,-4.742275,-121.668816,17.2,14.03,72.4,11,1.0,84.5,4.056,-3.7,0,1,303
2026-04-03T11:56:08,-4.741785,-121.666992,13.8,13.68,75.4,11,1.0,84.6,4.059,-4.0,0,1,304
2026-04-03T11:56:36,-4.741298,-121.665230,8.7,14.56,73.7,10,1.3,84.9,4.060,-4.0,0,1,305
2026-04-03T11:57:04,-4.740777,-121.663536,6.5,14.15,73.9,11,1.0,85.1,4.059,-3.7,0,1,306
2026-04-03T11:57:33,-4.740266,-121.661736,4.3,13.31,73.9,11,1.0,84.6,4.060,-4.0,0,1,307
2026-04-03T11:58:01,-4.739762,-121.660004,-0.6,13.13,75.2,10,1.4,84.8,4.060,-3.7,0,1,308
2026-04-03T11:58:29,-4.739266,-121.658226,-2.8,13.51,75.5,10,1.0,85.2,4.062,-3.7,0,1,309
2026-04-03T11:58:58,-4.738763,-121.656448,-0.9,12.91,73.4,10,1.4,85.1,4.061,-3.7,0,1,310
2026-04-03T11:59:26,-4.738327,-121.654671,6.2,13.91,74.7,11,1.0,85.1,4.064,-3.7,0,1,311
2026-04-03T11:59:54,-4.737772,-121.652977,15.0,13.84,72.9,9,1.4,84.9,4.064,-4.0,0,1,312
2026-04-03T12:00:23,-4.737183,-121.651176,18.6,14.81,68.1,10,1.4,85.5,4.065,-3.7,0,1,313
2026-04-03T12:00:51,-4.736743,-121.649406,19.8,13.34,73.0,10,1.4,85.3,4.065,-4.0,0,1,314
2026-04-03T12:01:19,-4.736192,-121.647644,17.6,14.49,75.6,10,1.4,85.3,4.066,-4.0,0,1,315
2026-04-03T12:01:48,-4.735636,-121.645836,16.7,13.79,70.1,9,1.4,85.6,4.065,-3.7,0,1,316
2026-04-03T12:02:16,-4.735085,-121.644135,2.4,13.70,70.7,9,1.4,85.5,4.065,-3.7,0,1,317
2026-04-03T12:02:44,-4.734511,-121.642403,3.4,13.63,70.5,9,1.4,85.6,4.068,-3.7,0,1,318
2026-04-03T12:03:13,-4.733915,-121.640549,5.9,13.68,70.1,10,1.4,85.6,4.069,-3.7,0,1,319
2026-04-03T12:03:41,-4.733378,-121.638786,7.2,14.05,71.8,9,1.4,85.9,4.069,-3.7,0,1,320
2026-04-03T12:04:09,-4.732846,-121.637054,7.7,14.14,73.4,9,1.4,85.9,4.069,-3.7,0,1,321
2026-04-03T12:04:38,-4.732236,-121.635254,10.5,13.82,69.4,10,1.4,85.9,4.069,-3.7,0,1,322
2026-04-03T12:05:06,-4.731717,-121.633507,12.3,14.79,71.0,10,1.4,86.2,4.070,-3.7,0,1,323
2026-04-03T12:05:34,-4.731215,-121.631744,10.5,14.60,69.7,10,1.4,86.2,4.070,-3.7,0,1,324
2026-04-03T12:06:03,-4.730615,-121.629974,11.1,14.14,66.9,10,1.4,86.2,4.073,-3.7,0,1,325
2026-04-03T12:06:31,-4.730096,-121.628227,12.7,14.41,72.4,10,1.4,86.3,4.071,-3.7,0,1,326
2026-04-03T12:06:59,-4.729523,-121.626518,16.7,13.18,64.7,10,1.4,86.3,4.073,-3.7,0,1,327
2026-04-03T12:07:28,-4.728968,-121.624741,16.1,13.79,72.4,10,1.4,86.6,4.074,-3.7,0,1,328
2026-04-03T12:07:56,-4.728477,-121.622978,17.3,14.27,77.8,10,1.4,86.6,4.073,-3.7,0,1,329
2026-04-03T12:08:24,-4.727946,-121.621223,18.7,14.94,78.2,10,1.4,86.5,4.074,-4.0,0,1,330
2026-04-03T12:08:53,-4.727373,-121.619453,22.0,13.63,69.3,10,1.4,86.6,4.079,-3.7,0,1,331
2026-04-03T12:09:21,-4.726816,-121.617729,19.5,13.96,66.6,10,1.4,86.6,4.076,-3.7,0,1,332
2026-04-03T12:09:49,-4.726300,-121.615997,21.6,13.97,72.1,10,1.4,86.9,4.077,-4.0,0,1,333
2026-04-03T12:10:18,-4.725725,-121.614220,21.4,13.71,70.3,10,1.4,86.9,4.077,-4.0,0,1,334
2026-04-03T12:10:46,-4.725213,-121.612457,17.3,13.88,78.3,9,1.5,87.1,4.077,-3.7,0,1,335
2026-04-03T12:11:14,-4.724763,-121.610687,15.3,14.36,81.2,9,1.5,87.1,4.077,-3.7,0,1,336
2026-04-03T12:11:43,-4.724196,-121.608871,14.2,13.42,78.3,9,1.5,87.5,4.079,-3.7,0,1,337
2026-04-03T12:12:11,-4.723708,-121.607094,9.5,13.64,73.4,9,1.5,87.1,4.079,-3.7,0,1,338
2026-04-03T12:12:39,-4.723245,-121.605339,5.7,13.85,75.9,10,1.4,87.2,4.080,-4.0,0,1,339
2026-04-03T12:13:08,-4.722718,-121.603561,8.4,14.03,69.6,10,1.4,87.5,4.081,-3.7,0,1,340
2026-04-03T12:13:36,-4.722241,-121.601768,2.4,13.69,69.6,10,1.4,87.5,4.082,-3.7,0,1,341
2026-04-03T12:14:04,-4.721695,-121.600037,6.5,14.17,70.2,10,1.4,87.5,4.081,-3.7,0,1,342
2026-04-03T12:14:33,-4.721210,-121.598221,3.5,14.03,72.7,10,1.4,87.5,4.086,-3.7,0,1,343
2026-04-03T12:15:01,-4.720702,-121.596497,11.0,14.70,70.4,9,1.4,87.6,4.085,-4.0,0,1,344
2026-04-03T12:15:29,-4.720185,-121.594765,9.0,14.32,79.6,9,1.5,87.6,4.086,-4.0,0,1,345
2026-04-03T12:15:58,-4.719643,-121.592957,4.8,13.70,76.4,9,1.5,87.8,4.084,-3.7,0,1,346
2026-04-03T12:16:26,-4.719160,-121.591217,4.6,14.24,71.7,9,1.5,87.9,4.086,-3.7,0,1,347
2026-04-03T12:16:54,-4.718628,-121.589516,6.0,13.30,70.9,9,1.5,88.1,4.088,-4.0,0,1,348
2026-04-03T12:17:23,-4.718085,-121.587700,9.9,13.82,76.2,9,1.5,88.1,4.088,-4.0,0,1,349
2026-04-03T12:17:51,-4.717555,-121.585945,12.8,14.45,68.5,9,1.5,88.1,4.088,-4.0,0,1,350
2026-04-03T12:18:19,-4.717021,-121.584229,10.2,14.03,73.5,9,1.5,88.4,4.090,-4.0,0,1,351
2026-04-03T12:18:48,-4.716430,-121.582474,11.1,13.99,66.6,9,1.5,88.2,4.090,-3.7,0,1,352
2026-04-03T12:19:16,-4.715960,-121.580658,8.5,13.68,74.5,9,1.5,88.2,4.090,-3.7,0,1,353
2026-04-03T12:19:44,-4.715365,-121.578972,14.5,13.56,68.9,9,1.5,88.4,4.090,-4.0,0,1,354
2026-04-03T12:20:13,-4.714877,-121.577148,10.8,13.59,69.2,9,1.5,88.5,4.091,-3.7,0,1,355
2026-04-03T12:20:41,-4.714423,-121.575401,11.7,12.96,70.9,9,1.5,88.8,4.094,-4.2,0,1,356
2026-04-03T12:21:09,-4.713922,-121.573708,16.4,13.52,72.2,9,1.5,88.6,4.093,-4.2,0,1,357
2026-04-03T12:21:38,-4.713355,-121.571930,21.0,14.50,68.2,8,1.6,88.6,4.093,-4.2,0,1,358
2026-04-03T12:22:06,-4.712840,-121.570213,22.7,14.43,71.4,8,1.5,88.8,4.094,-4.2,0,1,359
2026-04-03T12:22:34,-4.712407,-121.568474,27.3,14.11,70.0,8,1.5,88.8,4.095,-4.2,0,1,360
2026-04-03T12:23:03,-4.711897,-121.566734,21.9,13.46,72.9,9,1.5,89.1,4.096,-4.2,0,1,361
2026-04-03T12:23:31,-4.711363,-121.564957,29.1,14.86,71.1,8,1.5,88.8,4.097,-4.2,0,1,362
2026-04-03T12:23:59,-4.710873,-121.563187,18.4,13.34,72.0,8,1.5,89.1,4.097,-4.2,0,1,363
2026-04-03T12:24:28,-4.710371,-121.561333,13.0,14.02,73.3,8,1.5,89.3,4.097,-4.2,0,1,364
2026-04-03T12:24:56,-4.709828,-121.559601,17.8,13.21,73.8,8,1.4,89.3,4.100,-4.2,0,1,365
2026-04-03T12:25:24,-4.709353,-121.557785,12.7,14.20,74.8,8,1.4,89.4,4.099,-4.2,0,1,366
2026-04-03T12:25:53,-4.708797,-121.556007,12.5,13.92,68.5,8,1.4,89.4,4.100,-4.2,0,1,367
2026-04-03T12:26:21,-4.708280,-121.554253,0.5,13.85,80.1,9,1.4,89.4,4.100,-4.2,0,1,368
2026-04-03T12:26:49,-4.707805,-121.552475,-19.8,13.57,66.1,10,1.2,89.6,4.101,-4.4,0,1,369
2026-04-03T12:27:18,-4.707328,-121.550667,-22.6,14.69,74.6,9,1.4,89.9,4.101,-4.2,0,1,370
2026-04-03T12:27:46,-4.706801,-121.548927,-22.1,13.39,74.1,9,1.4,89.9,4.102,-4.2,0,1,371
2026-04-03T12:28:14,-4.706327,-121.547165,-18.9,13.65,81.3,10,1.2,89.9,4.102,-4.2,0,1,372
2026-04-03T12:28:43,-4.705765,-121.545319,0.1,13.98,74.3,9,1.4,89.9,4.102,-4.2,0,1,373
2026-04-03T12:29:11,-4.705223,-121.543602,12.9,13.84,77.3,9,1.2,90.1,4.106,-4.2,0,1,374
2026-04-03T12:29:39,-4.704669,-121.541878,11.7,13.16,73.3,10,1.2,90.1,4.105,-4.2,0,1,375
2026-04-03T12:30:08,-4.704163,-121.540054,13.8,13.74,75.1,10,1.2,90.1,4.105,-4.2,0,1,376
2026-04-03T12:30:36,-4.703710,-121.538269,11.2,14.53,74.2,10,1.2,90.2,4.106,-4.4,0,1,377
2026-04-03T12:31:04,-4.703243,-121.536484,10.5,13.81,72.4,10,1.2,90.4,4.106,-4.2,0,1,378
2026-04-03T12:31:33,-4.702722,-121.534668,8.2,13.46,69.1,10,1.2,90.4,4.106,-4.2,0,1,379
2026-04-03T12:32:01,-4.702230,-121.532867,6.9,13.68,81.6,10,1.2,90.5,4.108,-4.2,0,1,380
2026-04-03T12:32:29,-4.701740,-121.531082,7.5,14.29,74.2,10,1.2,90.5,4.110,-4.2,0,1,381
2026-04-03T12:32:58,-4.701147,-121.529320,11.8,13.90,76.4,10,1.2,90.9,4.109,-4.4,0,1,382
2026-04-03T12:33:26,-4.700593,-121.527565,14.8,14.21,75.7,10,1.2,90.9,4.109,-4.4,0,1,383
2026-04-03T12:33:54,-4.700095,-121.525787,15.4,13.50,70.2,10,1.2,91.0,4.113,-4.2,0,1,384
2026-04-03T12:34:23,-4.699492,-121.523979,14.9,13.44,72.4,10,1.2,91.0,4.111,-4.2,0,1,385
2026-04-03T12:34:51,-4.698985,-121.522186,13.7,14.37,71.8,10,1.2,91.2,4.114,-4.2,0,1,386
2026-04-03T12:35:19,-4.698503,-121.520424,16.4,14.38,70.9,10,1.2,91.2,4.114,-4.2,0,1,387
2026-04-03T12:35:48,-4.698155,-121.518532,17.5,13.73,73.2,10,1.2,91.3,4.115,-4.2,0,1,388
2026-04-03T12:36:16,-4.697668,-121.516762,16.8,14.93,75.7,10,1.2,91.3,4.116,-4.2,0,1,389
2026-04-03T12:36:44,-4.697182,-121.515022,15.8,12.95,71.8,10,1.2,91.6,4.117,-4.2,0,1,390
2026-04-03T12:37:13,-4.696695,-121.513191,17.2,13.76,74.2,10,1.2,91.8,4.116,-4.2,0,1,391
2026-04-03T12:37:41,-4.696220,-121.511398,16.4,14.15,71.3,10,1.2,92.0,4.117,-4.2,0,1,392
2026-04-03T12:38:09,-4.695703,-121.509605,14.4,14.66,75.8,10,1.2,91.8,4.117,-4.2,0,1,393
2026-04-03T12:38:38,-4.695128,-121.507805,16.2,14.06,67.0,10,1.2,91.8,4.117,-4.2,0,1,394
2026-04-03T12:39:06,-4.694633,-121.505981,5.6,14.10,75.9,10,1.2,91.8,4.119,-4.2,0,1,395
2026-04-03T12:39:34,-4.694070,-121.504227,1.6,14.00,74.0,10,1.2,91.8,4.120,-4.2,0,1,396
2026-04-03T12:40:03,-4.693495,-121.502411,3.6,13.97,72.8,9,1.2,92.0,4.119,-4.2,0,1,397
2026-04-03T12:40:31,-4.692962,-121.500648,3.9,13.48,73.4,8,1.4,92.0,4.121,-4.2,0,1,398
2026-04-03T12:40:59,-4.692496,-121.498825,4.9,13.68,71.1,7,2.9,92.3,4.121,-4.2,0,1,399
2026-04-03T12:41:28,-4.692048,-121.496964,-1.5,14.36,74.6,8,2.0,92.6,4.121,-4.2,0,1,400
2026-04-03T12:41:56,-4.691558,-121.495178,-8.1,13.67,72.5,7,2.9,92.4,4.124,-4.2,0,1,401
2026-04-03T12:42:24,-4.691061,-121.493385,-5.6,14.00,69.9,7,3.0,92.4,4.121,-4.2,0,1,402
2026-04-03T12:42:53,-4.690490,-121.491585,-5.1,14.15,75.2,7,3.0,92.4,4.125,-4.2,0,1,403
2026-04-03T12:43:21,-4.689930,-121.489815,-6.8,15.21,76.8,7,3.0,92.6,4.128,-4.2,0,1,404
2026-04-03T12:43:49,-4.689388,-121.488037,-12.9,14.67,70.1,8,1.3,92.6,4.128,-4.2,0,1,405
2026-04-03T12:44:18,-4.688863,-121.486206,-5.8,13.61,71.7,8,1.6,92.9,4.128,-4.2,0,1,406
2026-04-03T12:44:46,-4.688295,-121.484451,-0.9,13.81,73.3,8,1.9,92.9,4.126,-4.2,0,1,407
2026-04-03T12:45:14,-4.687772,-121.482689,-3.0,13.87,75.0,8,1.9,93.1,4.129,-4.2,0,1,408
2026-04-03T12:45:43,-4.687201,-121.480858,-3.6,14.10,70.5,8,1.9,93.2,4.129,-4.2,0,1,409
2026-04-03T12:46:11,-4.686548,-121.479141,4.3,14.78,75.3,9,1.3,93.2,4.131,-4.2,0,1,410
2026-04-03T12:46:39,-4.686061,-121.477310,5.5,15.16,74.8,9,1.3,93.2,4.128,-4.2,0,1,411
2026-04-03T12:47:08,-4.685470,-121.475479,3.3,14.31,71.3,9,1.6,93.4,4.130,-4.4,0,1,412
2026-04-03T12:47:36,-4.684920,-121.473724,2.7,14.18,71.9,9,1.3,93.4,4.131,-4.4,0,1,413
2026-04-03T12:48:04,-4.684353,-121.471962,7.8,14.23,71.7,8,1.8,93.4,4.131,-4.4,0,1,414
2026-04-03T12:48:33,-4.683760,-121.470146,7.9,14.46,71.2,8,1.8,93.9,4.133,-4.2,0,1,415
2026-04-03T12:49:01,-4.683229,-121.468376,12.1,14.25,72.6,9,1.3,93.7,4.134,-4.2,0,1,416
2026-04-03T12:49:29,-4.682770,-121.466560,11.6,14.28,74.4,9,1.3,93.9,4.134,-4.2,0,1,417
2026-04-03T12:49:58,-4.682220,-121.464729,9.6,13.40,68.9,9,1.3,94.0,4.135,-4.4,0,1,418
2026-04-03T12:50:26,-4.681636,-121.462975,16.5,14.21,72.3,9,1.3,94.2,4.136,-4.2,0,1,419
2026-04-03T12:50:54,-4.681091,-121.461174,13.2,14.90,75.5,9,1.2,94.3,4.135,-4.2,0,1,420
2026-04-03T12:51:23,-4.680411,-121.459381,17.7,14.14,68.5,9,1.2,94.2,4.137,-4.2,0,1,421
2026-04-03T12:51:51,-4.679922,-121.457550,4.9,14.85,74.5,9,1.2,94.5,4.137,-4.2,0,1,422
2026-04-03T12:52:19,-4.679377,-121.455772,12.2,15.01,73.8,9,1.2,94.5,4.137,-4.2,0,1,423
2026-04-03T12:52:48,-4.678791,-121.453941,12.3,14.27,68.0,9,1.2,94.3,4.140,-4.2,0,1,424
2026-04-03T12:53:16,-4.678305,-121.452148,5.9,14.22,76.1,8,1.3,94.7,4.139,-4.4,0,1,425
2026-04-03T12:53:44,-4.677775,-121.450378,7.6,14.42,78.9,9,1.2,94.8,4.140,-4.2,0,1,426
2026-04-03T12:54:13,-4.677168,-121.448578,18.9,14.05,73.6,9,1.2,95.1,4.140,-4.2,0,1,427
2026-04-03T12:54:41,-4.676628,-121.446808,17.9,14.68,72.0,9,1.2,95.0,4.141,-4.2,0,1,428
2026-04-03T12:55:09,-4.676091,-121.444992,14.0,13.84,71.0,9,1.2,95.0,4.141,-4.2,0,1,429
2026-04-03T12:55:37,-4.675546,-121.443222,26.6,14.09,70.5,9,1.2,95.3,4.144,-4.4,0,1,430
2026-04-03T12:56:06,-4.675003,-121.441422,31.1,13.35,69.5,8,1.7,95.0,4.145,-4.2,0,1,431
2026-04-03T12:56:34,-4.674442,-121.439690,31.8,14.52,76.4,9,1.2,95.3,4.144,-4.4,0,1,432
2026-04-03T12:57:02,-4.673910,-121.437950,33.9,14.09,73.6,9,1.2,95.4,4.145,-4.2,0,1,433
2026-04-03T12:57:31,-4.673355,-121.436134,32.4,14.39,74.2,7,2.7,95.3,4.148,-4.4,0,1,434
2026-04-03T12:57:59,-4.672918,-121.434326,36.8,14.74,80.3,8,1.2,95.4,4.146,-4.2,0,1,435
2026-04-03T12:58:27,-4.672347,-121.432564,37.4,14.35,75.0,8,1.2,95.8,4.148,-4.2,0,1,436
2026-04-03T12:58:56,-4.671805,-121.430672,24.8,14.81,69.9,8,1.2,95.6,4.149,-4.2,0,1,437
2026-04-03T12:59:24,-4.671233,-121.428925,29.4,14.68,71.0,8,1.2,95.8,4.148,-4.2,0,1,438
2026-04-03T12:59:53,-4.670723,-121.427063,28.3,14.01,75.6,7,2.6,95.9,4.149,-4.4,0,1,439
2026-04-03T13:00:21,-4.670162,-121.425308,24.4,13.51,72.8,8,1.2,95.9,4.151,-4.4,0,1,440
2026-04-03T13:00:49,-4.669706,-121.423538,21.2,13.42,79.1,8,1.2,96.2,4.151,-4.2,0,1,441
2026-04-03T13:01:18,-4.669233,-121.421700,16.2,13.26,74.7,8,1.2,96.1,4.151,-4.2,0,1,442
2026-04-03T13:01:46,-4.668783,-121.419914,16.1,14.39,78.8,8,1.6,96.2,4.153,-4.2,0,1,443
2026-04-03T13:02:14,-4.668245,-121.418159,15.8,14.30,75.9,8,1.6,96.4,4.153,-4.2,0,1,444
2026-04-03T13:02:43,-4.667655,-121.416336,21.8,14.08,74.9,8,1.2,96.6,4.155,-4.4,0,1,445
2026-04-03T13:03:11,-4.667121,-121.414551,25.8,14.07,74.5,9,1.1,96.6,4.155,-4.4,0,1,446
2026-04-03T13:03:39,-4.666618,-121.412773,15.3,15.07,74.0,8,1.5,96.9,4.156,-4.2,0,1,447
2026-04-03T13:04:08,-4.666045,-121.410973,21.9,14.12,78.5,7,2.5,96.9,4.155,-4.2,0,1,448
2026-04-03T13:04:36,-4.665550,-121.409218,22.1,13.58,74.1,8,1.5,96.9,4.156,-4.2,0,1,449
2026-04-03T13:05:04,-4.665023,-121.407440,18.3,14.27,79.3,8,1.5,96.9,4.156,-4.2,0,1,450
2026-04-03T13:05:33,-4.664480,-121.405617,-1.6,13.34,67.8,7,2.4,97.0,4.159,-4.2,0,1,451
2026-04-03T13:06:01,-4.663943,-121.403854,-10.5,14.35,67.0,7,2.4,96.9,4.159,-4.2,0,1,452
2026-04-03T13:06:29,-4.663453,-121.402084,-7.3,13.57,78.8,8,1.2,97.0,4.160,-4.2,0,1,453
2026-04-03T13:06:58,-4.662867,-121.400322,-14.0,13.82,71.2,8,1.2,97.3,4.162,-4.2,0,1,454
2026-04-03T13:07:26,-4.662390,-121.398514,-34.4,14.04,81.0,7,1.3,97.3,4.162,2591.7,0,1,455
2026-04-03T13:07:54,-4.661837,-121.396797,-35.4,13.45,77.4,8,1.2,97.8,4.161,-4.4,0,1,456
2026-04-03T13:08:23,-4.661328,-121.394997,-40.7,13.87,73.9,7,2.3,97.7,4.162,-4.2,0,1,457
2026-04-03T13:08:51,-4.660800,-121.393219,-54.3,13.90,70.7,8,1.2,97.5,4.161,-4.2,0,1,458
2026-04-03T13:09:19,-4.660172,-121.391510,-67.5,13.58,71.1,8,1.2,97.7,4.164,-4.2,0,1,459
2026-04-03T13:09:48,-4.659552,-121.389725,-79.7,13.60,70.8,7,2.3,97.8,4.164,-4.4,0,1,460
2026-04-03T13:10:16,-4.658975,-121.387955,-85.1,13.82,70.5,8,1.1,98.0,4.166,2608.5,0,1,461
2026-04-03T13:10:44,-4.658381,-121.386230,-81.2,13.81,72.3,8,1.1,98.0,4.168,-4.2,0,1,462
2026-04-03T13:11:13,-4.657872,-121.384399,-65.2,14.01,73.9,7,2.2,98.0,4.168,-4.2,0,1,463
2026-04-03T13:11:41,-4.657327,-121.382645,-52.6,14.65,76.4,8,1.1,98.3,4.168,-4.2,0,1,464
2026-04-03T13:12:09,-4.656693,-121.380928,-40.7,14.48,64.5,8,1.4,98.3,4.170,-4.2,0,1,465
2026-04-03T13:12:38,-4.656090,-121.379082,-24.9,13.89,65.9,7,2.2,98.6,4.170,-4.2,0,1,466
2026-04-03T13:13:06,-4.655713,-121.377281,-15.2,14.48,75.1,8,1.4,98.4,4.171,-4.4,0,1,467
2026-04-03T13:13:34,-4.655159,-121.375542,-6.0,13.54,70.8,9,1.1,98.6,4.173,-4.2,0,1,468
2026-04-03T13:14:02,-4.654757,-121.373718,-4.7,14.21,76.2,8,1.1,98.8,4.171,-4.2,0,1,469
2026-04-03T13:14:31,-4.654078,-121.371956,2.3,13.48,72.0,8,1.1,98.8,4.171,-4.2,0,1,470
2026-04-03T13:14:59,-4.653463,-121.370216,6.9,14.82,67.1,8,1.1,98.9,4.173,-4.2,0,1,471
2026-04-03T13:15:27,-4.652948,-121.368408,3.3,13.77,69.2,7,2.1,99.2,4.175,-4.2,0,1,472
2026-04-03T13:15:56,-4.652477,-121.366577,-1.2,14.21,76.6,8,1.1,99.1,4.175,-4.4,0,1,473
2026-04-03T13:16:24,-4.651875,-121.364822,-9.0,13.70,71.4,8,1.1,99.2,4.175,-4.2,0,1,474
2026-04-03T13:16:52,-4.651361,-121.363083,-18.7,14.10,71.1,7,2.0,99.2,4.177,-4.2,0,1,475
2026-04-03T13:17:21,-4.650762,-121.361282,-31.7,14.21,67.4,7,2.0,99.6,4.177,-4.2,0,1,476
2026-04-03T13:17:49,-4.650147,-121.359543,-39.2,13.75,69.7,7,2.0,99.6,4.180,-4.2,0,1,477
2026-04-03T13:18:17,-4.649625,-121.357758,-46.9,14.29,72.1,7,2.0,99.7,4.179,-4.4,0,1,478
2026-04-03T13:18:46,-4.649145,-121.355927,-46.1,13.79,75.8,7,2.0,99.7,4.181,-4.4,0,1,479
2026-04-03T13:19:14,-4.648612,-121.354187,-40.1,13.81,74.9,9,1.0,99.7,4.181,-4.4,0,1,480
2026-04-03T13:19:42,-4.648048,-121.352470,-36.4,13.81,75.2,9,1.0,100.0,4.181,-4.2,0,1,481
2026-04-03T13:20:10,-4.647556,-121.350693,-39.6,14.22,75.5,9,1.0,100.0,4.182,-4.2,0,1,482
2026-04-03T13:20:39,-4.647028,-121.348877,-41.6,13.65,72.6,7,1.9,100.0,4.182,-4.2,0,1,483
2026-04-03T13:21:07,-4.646600,-121.347099,-29.7,13.76,72.2,6,2.0,100.3,4.184,-4.4,0,1,484
2026-04-03T13:21:36,-4.646122,-121.345253,-21.7,14.27,76.6,6,2.0,100.3,4.185,-4.4,0,1,485
2026-04-03T13:22:04,-4.645576,-121.343529,-16.4,13.58,71.7,6,2.0,100.7,4.186,-4.2,0,1,486
2026-04-03T13:22:32,-4.645006,-121.341827,-11.9,13.70,72.8,7,1.3,100.3,4.186,-4.4,0,1,487
2026-04-03T13:23:01,-4.644468,-121.339981,-16.8,14.29,69.7,7,1.3,100.7,4.186,-4.2,0,1,488
2026-04-03T13:23:29,-4.643930,-121.338249,-19.2,15.15,74.0,7,1.3,100.8,4.189,-4.2,0,1,489
2026-04-03T13:23:57,-4.643322,-121.336563,-24.9,13.31,64.2,7,1.3,100.8,4.190,-4.2,0,1,490
2026-04-03T13:24:26,-4.642798,-121.334732,-31.4,14.04,69.3,6,1.9,100.8,4.190,-4.2,0,1,491
2026-04-03T13:24:54,-4.642338,-121.332939,-33.3,14.09,66.2,7,1.3,101.3,4.190,-4.2,0,1,492
2026-04-03T13:25:22,-4.641875,-121.331177,-45.5,14.22,76.7,7,1.3,101.3,4.191,-4.2,0,1,493
2026-04-03T13:25:51,-4.641342,-121.329346,-43.0,13.66,73.1,6,1.9,101.3,4.193,-4.2,0,1,494
2026-04-03T13:26:19,-4.640745,-121.327606,-53.7,13.54,74.5,6,1.9,101.5,4.194,-4.2,0,1,495
2026-04-03T13:26:47,-4.640173,-121.325890,-61.7,14.28,72.1,7,1.3,101.3,4.195,-4.2,0,1,496
2026-04-03T13:27:16,-4.639615,-121.324158,-69.3,13.78,76.3,6,1.9,101.5,4.194,-4.2,0,1,497
2026-04-03T13:27:44,-4.639080,-121.322418,-74.7,13.44,72.4,7,1.3,101.6,4.195,-4.4,0,1,498
2026-04-03T13:28:12,-4.638538,-121.320717,-72.6,12.86,72.2,7,1.3,101.9,4.198,-4.2,0,1,499
2026-04-03T13:28:41,-4.638115,-121.318901,-61.6,13.88,71.7,6,1.8,102.1,4.198,-4.2,0,1,500
2026-04-03T13:29:09,-4.637512,-121.317207,-53.8,13.37,76.4,7,1.6,101.9,4.198,-4.2,0,1,501
2026-04-03T13:29:37,-4.636936,-121.315483,-45.9,13.53,64.3,8,1.2,102.2,4.198,-4.4,0,1,502
2026-04-03T13:30:06,-4.636400,-121.313690,-43.7,13.85,66.3,7,1.6,102.2,4.200,-4.4,0,1,503
2026-04-03T13:30:34,-4.635860,-121.312027,-30.1,13.22,72.2,8,1.6,102.4,4.201,-4.2,0,1,504
2026-04-03T13:31:02,-4.635338,-121.310349,-11.7,13.88,72.8,8,1.6,102.6,4.202,-4.2,0,1,505
2026-04-03T13:31:31,-4.634876,-121.308571,0.3,13.39,71.3,8,1.5,102.4,4.202,-4.2,0,1,506
2026-04-03T13:31:59,-4.634390,-121.306854,-0.4,13.91,69.4,8,1.5,102.4,4.204,-4.2,0,1,507
2026-04-03T13:32:27,-4.633832,-121.305153,-0.2,13.94,71.7,8,1.5,102.6,4.205,-4.2,0,1,508
2026-04-03T13:32:56,-4.633345,-121.303375,-4.9,13.70,73.3,9,1.5,102.9,4.204,-4.4,0,1,509
2026-04-03T13:33:24,-4.632915,-121.301605,-4.0,13.80,70.4,8,1.5,103.0,4.206,-4.2,0,1,510
2026-04-03T13:33:52,-4.632360,-121.299889,-4.9,13.94,69.9,9,1.5,103.0,4.207,-4.2,0,1,511
2026-04-03T13:34:21,-4.631816,-121.298096,-4.9,13.66,68.1,9,1.5,103.4,4.207,-4.2,0,1,512
2026-04-03T13:34:49,-4.631316,-121.296387,-4.9,14.09,70.2,9,1.4,103.5,4.209,-4.4,0,1,513
2026-04-03T13:35:17,-4.630785,-121.294655,-5.1,13.58,76.4,9,1.4,103.5,4.209,-4.4,0,1,514
2026-04-03T13:35:46,-4.630209,-121.292877,-2.8,13.79,67.0,9,1.4,103.7,4.210,-4.2,0,1,515
2026-04-03T13:36:14,-4.629718,-121.291161,-3.9,13.70,72.5,9,1.4,103.7,4.210,-4.2,0,1,516
2026-04-03T13:36:42,-4.629236,-121.289398,-9.8,14.30,69.2,9,1.4,103.5,4.214,-4.4,0,1,517
2026-04-03T13:37:11,-4.628805,-121.287590,-16.6,13.81,77.1,9,1.4,104.1,4.213,-4.4,0,1,518
2026-04-03T13:37:39,-4.628301,-121.285812,-23.0,12.71,77.5,9,1.4,103.7,4.214,-4.2,0,1,519
2026-04-03T13:38:07,-4.627795,-121.284058,-27.8,13.47,72.5,9,1.4,103.8,4.215,-4.2,0,1,520
2026-04-03T13:38:36,-4.627298,-121.282249,-33.9,13.84,74.3,9,1.4,103.7,4.215,-4.2,0,1,521
2026-04-03T13:39:04,-4.626773,-121.280579,-27.4,13.84,67.2,9,1.4,104.0,4.213,-4.2,0,1,522
2026-04-03T13:39:32,-4.626307,-121.278824,-25.7,14.24,70.8,9,1.4,103.8,4.213,-4.2,0,1,523
2026-04-03T13:40:01,-4.625823,-121.277084,-22.3,13.46,75.5,9,1.4,103.7,4.213,-4.2,0,1,524
2026-04-03T13:40:29,-4.625262,-121.275368,-13.7,14.10,70.2,9,1.4,103.8,4.213,-4.2,0,1,525
2026-04-03T13:40:57,-4.624746,-121.273666,-15.4,13.29,74.0,9,1.4,104.0,4.214,-4.2,0,1,526
2026-04-03T13:41:26,-4.624305,-121.271820,-12.6,13.75,74.5,9,1.3,104.0,4.214,-4.2,0,1,527
2026-04-03T13:41:54,-4.623758,-121.270157,-4.3,13.23,63.2,9,1.3,104.1,4.216,-4.4,0,1,528
2026-04-03T13:42:23,-4.623157,-121.268425,-3.0,13.18,65.8,9,1.3,104.3,4.214,-4.2,0,1,529
2026-04-03T13:42:51,-4.622698,-121.266685,-2.1,14.04,71.0,9,1.3,104.1,4.215,-4.4,0,1,530
2026-04-03T13:43:19,-4.622245,-121.264999,-2.4,12.80,71.8,9,1.3,104.0,4.214,-4.2,0,1,531
2026-04-03T13:43:48,-4.621846,-121.263153,-6.9,13.64,70.5,9,1.3,103.8,4.216,-4.2,0,1,532
2026-04-03T13:44:16,-4.621438,-121.261429,-13.1,13.78,69.6,9,1.3,104.3,4.214,-4.2,0,1,533
2026-04-03T13:44:44,-4.620988,-121.259651,-15.7,14.21,76.3,9,1.3,103.8,4.214,-4.2,0,1,534
2026-04-03T13:45:13,-4.620440,-121.257919,-14.5,13.15,71.0,9,1.3,104.1,4.214,-4.4,0,1,535
2026-04-03T13:45:41,-4.619898,-121.256233,-13.8,12.39,72.9,9,1.3,104.0,4.214,-4.2,0,1,536
2026-04-03T13:46:09,-4.619373,-121.254517,-9.3,13.20,70.8,9,1.3,104.3,4.214,-4.2,0,1,537
2026-04-03T13:46:38,-4.618885,-121.252739,-13.2,13.49,74.7,9,1.3,104.1,4.218,-4.4,0,1,538
2026-04-03T13:47:06,-4.618385,-121.251007,-15.0,13.31,69.6,9,1.3,104.1,4.216,-4.4,0,1,539
2026-04-03T13:47:34,-4.617903,-121.249290,-15.9,13.37,70.1,9,1.3,104.1,4.215,-4.4,0,1,540
2026-04-03T13:48:03,-4.617418,-121.247498,-15.5,12.96,75.1,9,1.3,104.3,4.216,-4.2,0,1,541
2026-04-03T13:48:31,-4.616903,-121.245834,-6.4,12.78,68.1,9,1.3,104.3,4.215,-4.2,0,1,542
2026-04-03T13:48:59,-4.616478,-121.244080,-11.5,13.74,74.6,9,1.3,104.3,4.215,-4.2,0,1,543
2026-04-03T13:49:28,-4.616000,-121.242371,5.0,13.83,75.7,10,1.1,104.3,4.218,-4.2,0,1,544
2026-04-03T13:49:56,-4.615588,-121.240639,4.2,13.73,71.1,10,1.1,104.3,4.214,-4.2,0,1,545
2026-04-03T13:50:24,-4.615103,-121.238922,8.2,13.48,76.2,10,1.1,104.0,4.216,-4.2,0,1,546
2026-04-03T13:50:53,-4.614625,-121.237198,3.3,13.45,71.1,10,1.1,104.3,4.215,-4.2,0,1,547
2026-04-03T13:51:21,-4.614100,-121.235504,1.1,12.86,74.6,10,1.1,104.3,4.216,-4.2,0,1,548
2026-04-03T13:51:49,-4.613582,-121.233818,6.2,12.97,71.9,10,1.1,104.3,4.216,-4.2,0,1,549
2026-04-03T13:52:18,-4.613073,-121.232063,13.9,13.52,70.5,10,1.1,104.3,4.218,-4.2,0,1,550
2026-04-03T13:52:46,-4.612598,-121.230347,7.7,14.11,75.0,10,1.1,104.3,4.218,2777.0,0,1,551
2026-04-03T13:53:14,-4.612053,-121.228661,12.6,13.71,76.2,10,1.1,104.6,4.216,-4.2,0,1,552
2026-04-03T13:53:43,-4.611527,-121.226929,6.5,13.64,70.8,9,1.4,104.3,4.216,-4.2,0,1,553
2026-04-03T13:54:11,-4.611105,-121.225258,0.5,13.44,73.5,10,1.1,104.3,4.218,-4.2,0,1,554
2026-04-03T13:54:39,-4.610581,-121.223579,0.1,13.71,71.1,9,1.4,104.5,4.216,-4.2,0,1,555
2026-04-03T13:55:08,-4.609931,-121.221825,10.0,13.97,71.3,9,1.3,104.3,4.216,-4.2,0,1,556
2026-04-03T13:55:36,-4.609457,-121.220161,4.2,14.08,71.6,10,1.1,104.5,4.218,-4.2,0,1,557
2026-04-03T13:56:04,-4.608967,-121.218483,4.1,14.10,72.7,10,1.1,104.3,4.218,-4.2,0,1,558
2026-04-03T13:56:33,-4.608438,-121.216721,7.6,13.73,73.1,10,1.1,104.3,4.216,-4.2,0,1,559
2026-04-03T13:57:01,-4.607902,-121.215042,8.0,14.07,71.0,10,1.1,104.3,4.218,-4.2,0,1,560
2026-04-03T13:57:29,-4.607317,-121.213379,7.5,14.12,68.4,10,1.1,104.5,4.216,-4.2,0,1,561
2026-04-03T13:57:58,-4.606798,-121.211624,5.7,13.67,70.6,10,1.3,104.3,4.216,-4.2,0,1,562
2026-04-03T13:58:26,-4.606305,-121.209892,5.4,14.69,75.6,11,1.0,104.3,4.218,-4.2,0,1,563
2026-04-03T13:58:54,-4.605837,-121.208229,22.8,12.83,70.7,11,1.1,104.1,4.219,-4.4,0,1,564
2026-04-03T13:59:23,-4.605321,-121.206505,25.9,13.95,71.2,12,1.0,104.5,4.218,-4.2,0,1,565
2026-04-03T13:59:51,-4.604763,-121.204842,16.2,12.35,73.1,11,1.2,104.6,4.218,-4.2,0,1,566
2026-04-03T14:00:19,-4.604212,-121.203186,20.6,13.48,73.4,12,1.0,104.3,4.218,-4.2,0,1,567
2026-04-03T14:00:48,-4.603670,-121.201447,22.2,13.17,75.5,12,1.0,104.6,4.218,-4.2,0,1,568
2026-04-03T14:01:16,-4.603092,-121.199745,27.1,13.45,73.5,12,1.0,104.3,4.218,-4.2,0,1,569
2026-04-03T14:01:44,-4.602527,-121.198067,25.7,13.89,66.0,12,1.0,104.3,4.219,-4.2,0,1,570
2026-04-03T14:02:13,-4.601978,-121.196304,28.0,13.93,69.6,11,1.2,104.6,4.218,-4.2,0,1,571
2026-04-03T14:02:41,-4.601415,-121.194633,29.6,14.34,73.9,12,1.0,104.3,4.218,-4.2,0,1,572
2026-04-03T14:03:09,-4.600850,-121.192924,32.7,14.89,69.8,12,1.0,104.6,4.215,-4.2,0,1,573
2026-04-03T14:03:38,-4.600353,-121.191177,22.8,13.19,76.0,12,1.0,104.3,4.218,-4.2,0,1,574
2026-04-03T14:04:06,-4.599728,-121.189476,24.9,14.95,65.0,11,1.2,104.3,4.218,-4.2,0,1,575
2026-04-03T14:04:34,-4.599267,-121.187759,20.8,13.85,69.0,11,1.2,104.6,4.219,-4.2,0,1,576
2026-04-03T14:05:03,-4.598798,-121.186035,19.5,13.44,77.0,10,1.2,104.6,4.218,-4.2,0,1,577
2026-04-03T14:05:31,-4.598260,-121.184311,25.2,13.14,72.6,11,1.2,104.3,4.218,-4.2,0,1,578
2026-04-03T14:05:59,-4.597805,-121.182617,19.9,13.74,68.9,11,1.2,104.6,4.219,-4.2,0,1,579
2026-04-03T14:06:28,-4.597316,-121.180855,26.8,13.55,72.9,11,1.2,104.6,4.218,-4.2,0,1,580
2026-04-03T14:06:56,-4.596822,-121.179184,18.6,13.96,73.0,11,1.1,104.6,4.219,-4.2,0,1,581
2026-04-03T14:07:24,-4.596333,-121.177483,16.8,15.00,71.2,11,1.1,104.5,4.219,-4.2,0,1,582
2026-04-03T14:07:53,-4.595805,-121.175720,21.8,13.21,74.4,11,1.1,104.5,4.219,-4.2,0,1,583
2026-04-03T14:08:21,-4.595295,-121.174019,21.9,12.59,83.3,11,1.1,104.6,4.218,-4.2,0,1,584
2026-04-03T14:08:49,-4.594806,-121.172272,20.9,13.82,73.4,11,1.1,104.5,4.219,-4.2,0,1,585
2026-04-03T14:09:18,-4.594232,-121.170494,23.5,13.66,73.7,11,1.1,104.5,4.218,-4.2,0,1,586
2026-04-03T14:09:46,-4.593791,-121.168777,12.5,13.68,74.4,11,1.1,104.8,4.218,-4.4,0,1,587
2026-04-03T14:10:14,-4.593243,-121.167068,16.0,13.43,79.7,11,1.1,104.3,4.218,-4.2,0,1,588
2026-04-03T14:10:43,-4.592713,-121.165298,15.0,13.54,69.9,11,1.1,104.5,4.218,-4.2,0,1,589
2026-04-03T14:11:11,-4.592196,-121.163620,14.7,13.54,68.3,11,1.1,104.8,4.218,-4.4,0,1,590
2026-04-03T14:11:39,-4.591659,-121.161919,25.4,13.99,74.1,12,1.1,104.6,4.218,-4.2,0,1,591
2026-04-03T14:12:08,-4.591125,-121.160156,24.7,14.14,69.2,12,1.1,104.5,4.220,-4.2,0,1,592
2026-04-03T14:12:36,-4.590626,-121.158455,26.8,12.85,69.8,12,1.1,104.6,4.218,-4.2,0,1,593
2026-04-03T14:13:04,-4.590138,-121.156738,26.7,14.33,74.3,12,1.1,104.3,4.218,-4.2,0,1,594
2026-04-03T14:13:33,-4.589630,-121.154968,24.5,13.04,76.0,12,1.1,104.8,4.219,-4.4,0,1,595
2026-04-03T14:14:01,-4.589163,-121.153252,23.7,15.01,73.8,12,1.1,104.5,4.219,-4.2,0,1,596
2026-04-03T14:14:29,-4.588636,-121.151581,24.3,12.74,74.7,12,1.1,104.6,4.220,-4.2,0,1,597
2026-04-03T14:14:58,-4.588065,-121.149826,24.5,13.93,68.9,12,1.1,104.6,4.219,-4.2,0,1,598
2026-04-03T14:15:26,-4.587515,-121.148109,24.0,13.15,71.8,12,1.1,104.6,4.218,-4.2,0,1,599
2026-04-03T14:15:54,-4.587091,-121.146408,16.5,13.26,72.9,12,1.1,104.6,4.219,-4.2,0,1,600
2026-04-03T14:16:23,-4.586530,-121.144669,21.1,13.61,72.6,12,1.1,104.5,4.219,-4.2,0,1,601
2026-04-03T14:16:51,-4.585958,-121.142952,23.6,13.58,74.0,12,1.1,104.6,4.219,2785.3,0,1,602
2026-04-03T14:17:19,-4.585435,-121.141251,26.5,13.62,66.6,11,1.3,104.3,4.218,-4.2,0,1,603
2026-04-03T14:17:48,-4.585052,-121.139465,24.8,13.26,73.7,11,1.1,104.5,4.220,-4.2,0,1,604
2026-04-03T14:18:16,-4.584512,-121.137794,26.8,13.92,71.6,11,1.1,104.5,4.219,-4.2,0,1,605
2026-04-03T14:18:44,-4.583955,-121.136116,30.7,13.81,74.9,11,1.1,104.8,4.219,-4.4,0,1,606
2026-04-03T14:19:13,-4.583432,-121.134285,30.2,13.99,74.5,11,1.1,104.8,4.220,-4.4,0,1,607
2026-04-03T14:19:41,-4.582942,-121.132584,29.4,13.92,70.6,11,1.1,104.5,4.220,-4.2,0,1,608
2026-04-03T14:20:09,-4.582437,-121.130852,25.7,13.85,71.3,11,1.1,104.6,4.220,-4.2,0,1,609
2026-04-03T14:20:38,-4.581913,-121.129021,20.5,12.26,70.8,11,1.1,104.8,4.219,-4.4,0,1,610
2026-04-03T14:21:06,-4.581448,-121.127281,19.2,13.96,71.1,11,1.1,104.8,4.219,-4.4,0,1,611
2026-04-03T14:21:34,-4.580930,-121.125526,22.2,12.98,72.3,11,1.1,104.5,4.220,-4.2,0,1,612
2026-04-03T14:22:03,-4.580309,-121.123779,28.6,14.40,67.6,11,1.1,104.6,4.219,-4.2,0,1,613
2026-04-03T14:22:31,-4.579800,-121.122047,21.1,13.93,68.7,11,1.1,104.5,4.219,-4.2,0,1,614
2026-04-03T14:22:59,-4.579220,-121.120384,27.8,13.51,71.7,11,1.1,104.5,4.219,-4.2,0,1,615
2026-04-03T14:23:28,-4.578715,-121.118576,26.5,13.43,72.3,11,1.1,104.9,4.220,-4.2,0,1,616
2026-04-03T14:23:56,-4.578195,-121.116837,12.6,14.18,70.6,11,1.1,104.6,4.219,-4.2,0,1,617
2026-04-03T14:24:24,-4.577651,-121.115036,2.8,13.51,73.7,11,1.0,104.6,4.219,-4.2,0,1,618
2026-04-03T14:24:53,-4.577139,-121.113319,13.7,13.60,74.6,11,1.0,104.6,4.218,-4.2,0,1,619
2026-04-03T14:25:21,-4.576523,-121.111549,1.3,14.08,65.9,11,1.0,104.6,4.218,-4.2,0,1,620
2026-04-03T14:25:49,-4.576016,-121.109848,2.5,14.00,68.3,11,1.0,104.5,4.219,-4.2,0,1,621
2026-04-03T14:26:18,-4.575521,-121.108070,2.6,13.62,70.8,11,1.0,104.5,4.219,-4.2,0,1,622
2026-04-03T14:26:46,-4.575005,-121.106369,17.1,13.13,77.6,11,1.0,104.6,4.220,-4.2,0,1,623
2026-04-03T14:27:14,-4.574478,-121.104637,12.9,12.66,74.4,11,1.0,104.6,4.220,-4.2,0,1,624
2026-04-03T14:27:43,-4.573933,-121.102837,6.7,13.13,79.5,11,1.0,104.5,4.220,-4.2,0,1,625
2026-04-03T14:28:11,-4.573473,-121.101120,9.1,14.42,67.9,11,1.0,104.8,4.220,-4.4,0,1,626
2026-04-03T14:28:39,-4.573003,-121.099350,18.2,13.10,76.0,11,1.0,104.5,4.219,-4.2,0,1,627
2026-04-03T14:29:08,-4.572406,-121.097610,18.6,13.58,70.1,10,1.3,104.5,4.219,-4.2,0,1,628
2026-04-03T14:29:36,-4.571860,-121.095909,27.0,13.93,71.2,11,1.0,104.0,4.216,-4.2,0,1,629
2026-04-03T14:30:04,-4.571403,-121.094147,15.2,14.79,67.8,10,1.3,104.0,4.215,-4.2,0,1,630
2026-04-03T14:30:33,-4.570879,-121.092339,11.2,14.27,72.7,10,1.3,104.1,4.215,-4.4,0,1,631
2026-04-03T14:31:01,-4.570298,-121.090652,16.3,13.48,72.4,11,1.0,104.1,4.215,-4.4,0,1,632
2026-04-03T14:31:29,-4.569779,-121.088898,17.4,14.07,71.1,11,1.0,104.3,4.215,-4.2,0,1,633
2026-04-03T14:31:58,-4.569271,-121.087082,12.5,13.77,68.0,11,1.0,104.3,4.214,-4.2,0,1,634
2026-04-03T14:32:26,-4.568818,-121.085297,4.1,14.60,74.9,11,1.0,104.0,4.215,-4.2,0,1,635
2026-04-03T14:32:54,-4.568375,-121.083534,-4.6,13.89,77.1,11,1.0,104.3,4.214,-4.2,0,1,636
2026-04-03T14:33:23,-4.567803,-121.081726,-0.1,14.03,67.7,11,1.0,104.0,4.215,-4.2,0,1,637
2026-04-03T14:33:51,-4.567311,-121.079987,-0.2,13.90,76.3,10,1.4,104.0,4.215,-4.2,0,1,638
2026-04-03T14:34:19,-4.566796,-121.078285,-7.2,14.24,73.2,10,1.2,104.1,4.215,-4.4,0,1,639
2026-04-03T14:34:48,-4.566257,-121.076477,-21.0,14.99,63.5,11,1.0,104.3,4.214,-4.2,0,1,640
2026-04-03T14:35:16,-4.565711,-121.074814,-16.2,14.57,72.7,10,1.2,104.0,4.213,-4.2,0,1,641
2026-04-03T14:35:44,-4.565170,-121.073097,-3.2,14.20,73.3,11,1.0,104.0,4.214,-4.2,0,1,642
2026-04-03T14:36:13,-4.564623,-121.071259,0.4,14.02,73.9,10,1.2,104.0,4.215,-4.2,0,1,643
2026-04-03T14:36:41,-4.563967,-121.069527,15.5,14.14,72.4,11,1.0,104.0,4.215,-4.2,0,1,644
2026-04-03T14:37:09,-4.563539,-121.067780,2.2,13.62,73.7,11,1.0,104.0,4.214,-4.2,0,1,645
2026-04-03T14:37:38,-4.563042,-121.066010,-6.0,13.57,77.2,11,1.1,103.8,4.214,-4.2,0,1,646
2026-04-03T14:38:06,-4.562570,-121.064232,-4.7,14.13,72.7,12,0.9,104.1,4.215,-4.4,0,1,647
2026-04-03T14:38:34,-4.562227,-121.062386,-33.4,13.28,72.9,11,1.1,103.8,4.215,-4.2,0,1,648
2026-04-03T14:39:03,-4.561720,-121.060585,-32.0,14.01,69.9,11,1.1,103.8,4.214,-4.2,0,1,649
2026-04-03T14:39:31,-4.561202,-121.058815,-38.5,14.33,76.2,11,1.1,104.0,4.213,-4.2,0,1,650
2026-04-03T14:39:59,-4.560695,-121.057114,-33.4,13.95,72.9,11,1.1,104.3,4.213,-4.2,0,1,651
2026-04-03T14:40:28,-4.560140,-121.055305,-32.6,13.80,73.1,11,1.4,104.0,4.215,-4.2,0,1,652
2026-04-03T14:40:56,-4.559588,-121.053558,-30.6,13.76,70.4,11,1.1,104.0,4.215,-4.2,0,1,653
2026-04-03T14:41:24,-4.558967,-121.051842,-25.2,14.23,74.1,11,1.1,104.1,4.213,-4.4,0,1,654
2026-04-03T14:41:53,-4.558422,-121.050026,-18.5,13.69,74.5,11,1.1,104.3,4.214,-4.2,0,1,655
2026-04-03T14:42:21,-4.557845,-121.048317,-4.4,14.38,72.6,11,1.1,103.8,4.214,-4.2,0,1,656
2026-04-03T14:42:49,-4.557295,-121.046593,1.5,14.28,75.3,10,1.4,104.0,4.213,-4.2,0,1,657
2026-04-03T14:43:18,-4.556752,-121.044785,1.6,13.64,73.5,9,3.0,104.1,4.214,-4.4,0,1,658
2026-04-03T14:43:46,-4.556253,-121.043022,3.7,14.08,75.3,10,1.4,104.0,4.215,-4.2,0,1,659
2026-04-03T14:44:14,-4.555859,-121.041252,5.6,12.77,79.6,10,1.5,104.1,4.213,-4.4,0,1,660
2026-04-03T14:44:43,-4.555268,-121.039459,7.0,13.75,73.9,10,1.5,104.1,4.215,-4.4,0,1,661
2026-04-03T14:45:11,-4.554727,-121.037735,6.8,13.84,73.9,9,2.3,103.8,4.214,2764.3,0,1,662
2026-04-03T14:45:39,-4.554132,-121.036041,5.7,13.95,64.8,9,2.3,104.0,4.214,-4.2,0,1,663
2026-04-03T14:46:08,-4.553673,-121.034225,2.3,14.21,72.9,9,2.3,104.0,4.214,-4.2,0,1,664
2026-04-03T14:46:36,-4.553145,-121.032509,10.5,12.85,72.9,9,2.3,104.0,4.214,-4.2,0,1,665
2026-04-03T14:47:04,-4.552603,-121.030785,14.3,13.72,74.4,9,2.2,103.7,4.213,-4.2,0,1,666
2026-04-03T14:47:33,-4.552120,-121.028969,8.6,13.70,73.7,9,2.2,104.0,4.214,-4.2,0,1,667
2026-04-03T14:48:01,-4.551650,-121.027184,4.3,13.04,72.7,8,3.3,103.7,4.214,-4.2,0,1,668
2026-04-03T14:48:29,-4.551052,-121.025475,7.7,13.54,72.9,10,1.5,103.8,4.215,-4.2,0,1,669
2026-04-03T14:48:57,-4.550390,-121.023811,14.9,14.65,67.1,9,2.2,103.7,4.213,-4.2,0,1,670
2026-04-03T14:49:26,-4.549885,-121.021980,10.1,14.05,74.2,9,2.2,104.0,4.213,-4.2,0,1,671
2026-04-03T14:49:54,-4.549366,-121.020195,14.5,13.20,64.6,9,2.2,104.0,4.213,-4.2,0,1,672
2026-04-03T14:50:22,-4.548943,-121.018471,15.0,12.65,74.4,10,1.3,104.0,4.215,-4.2,0,1,673
2026-04-03T14:50:51,-4.548408,-121.016678,17.5,14.01,73.1,9,2.2,103.8,4.213,-4.2,0,1,674
2026-04-03T14:51:19,-4.547863,-121.014938,19.5,12.37,70.5,9,3.2,104.0,4.214,-4.2,0,1,675
2026-04-03T14:51:47,-4.547340,-121.013237,22.3,13.21,67.1,9,2.1,104.0,4.213,-4.2,0,1,676
2026-04-03T14:52:16,-4.546715,-121.011421,24.5,13.88,73.9,9,2.1,103.8,4.211,-4.2,0,1,677
2026-04-03T14:52:44,-4.546075,-121.009727,24.0,16.53,70.5,10,1.3,104.0,4.214,-4.2,0,1,678
2026-04-03T14:53:12,-4.545503,-121.007927,27.7,14.34,72.9,9,2.1,104.1,4.213,-4.4,0,1,679
2026-04-03T14:53:41,-4.544895,-121.006248,29.3,14.01,68.9,9,2.1,103.8,4.214,-4.2,0,1,680
2026-04-03T14:54:09,-4.544502,-121.004509,24.7,14.10,71.7,9,2.1,104.0,4.213,-4.2,0,1,681
2026-04-03T14:54:37,-4.543849,-121.002800,28.5,14.36,68.3,10,1.3,103.8,4.213,-4.2,0,1,682
2026-04-03T14:55:06,-4.543223,-121.001022,30.5,13.82,67.9,9,2.0,104.0,4.213,-4.2,0,1,683
2026-04-03T14:55:34,-4.542745,-120.999268,18.5,12.96,75.2,9,2.0,104.0,4.214,-4.2,0,1,684
2026-04-03T14:56:02,-4.542373,-120.997437,14.1,13.71,75.5,9,2.0,103.8,4.213,-4.2,0,1,685
2026-04-03T14:56:31,-4.541779,-120.995674,22.1,13.58,67.6,9,2.0,103.7,4.214,-4.2,0,1,686
2026-04-03T14:56:59,-4.541178,-120.993958,30.6,13.44,69.2,9,3.0,103.8,4.213,-4.2,0,1,687
2026-04-03T14:57:27,-4.540620,-120.992195,28.4,13.95,69.5,9,2.0,104.0,4.214,-4.2,0,1,688
2026-04-03T14:57:56,-4.540242,-120.990311,22.6,13.80,73.3,10,1.6,103.7,4.213,-4.2,0,1,689
2026-04-03T14:58:24,-4.539760,-120.988541,6.6,14.51,72.1,10,1.6,104.0,4.213,-4.2,0,1,690
2026-04-03T14:58:53,-4.539237,-120.986763,5.1,13.49,71.2,10,1.6,104.0,4.213,-4.2,0,1,691
2026-04-03T14:59:21,-4.538563,-120.985077,17.8,13.71,66.8,10,1.6,103.7,4.214,-4.2,0,1,692
2026-04-03T14:59:49,-4.537973,-120.983383,27.1,12.93,75.6,10,1.6,103.8,4.211,-4.2,0,1,693
2026-04-03T15:00:18,-4.537396,-120.981590,34.8,14.17,71.8,10,1.6,103.8,4.211,-4.2,0,1,694
2026-04-03T15:00:46,-4.536911,-120.979881,31.5,13.96,70.7,11,1.2,104.0,4.211,-4.2,0,1,695
2026-04-03T15:01:14,-4.536410,-120.978165,33.4,13.32,76.9,10,1.6,104.0,4.213,-4.2,0,1,696
2026-04-03T15:01:43,-4.535866,-120.976410,29.9,13.44,72.4,10,1.6,104.0,4.214,-4.2,0,1,697
2026-04-03T15:02:11,-4.535375,-120.974693,28.1,13.65,66.4,10,1.6,103.8,4.214,-4.2,0,1,698
2026-04-03T15:02:39,-4.534923,-120.972954,24.4,13.88,72.5,10,1.6,103.8,4.213,-4.2,0,1,699
2026-04-03T15:03:08,-4.534347,-120.971176,22.2,13.75,72.4,10,1.6,103.7,4.211,-4.2,0,1,700
2026-04-03T15:03:36,-4.533772,-120.969513,22.7,13.76,70.8,10,1.6,103.8,4.214,-4.2,0,1,701
2026-04-03T15:04:04,-4.533168,-120.967819,25.4,14.09,70.9,10,1.6,103.8,4.213,-4.2,0,1,702
2026-04-03T15:04:33,-4.532751,-120.966064,9.8,13.41,69.5,10,1.6,104.0,4.213,-4.2,0,1,703
2026-04-03T15:05:01,-4.532321,-120.964378,4.1,12.62,72.3,11,1.1,103.8,4.213,-4.2,0,1,704
2026-04-03T15:05:29,-4.531783,-120.962624,16.2,13.81,75.2,10,1.6,104.0,4.214,-4.2,0,1,705
2026-04-03T15:05:58,-4.531197,-120.960861,17.2,14.06,73.8,10,1.6,103.7,4.213,-4.2,0,1,706
2026-04-03T15:06:26,-4.530608,-120.959145,25.2,13.69,74.6,10,1.6,103.8,4.214,-4.2,0,1,707
2026-04-03T15:06:54,-4.530087,-120.957405,29.4,13.50,73.9,10,1.6,103.8,4.213,-4.2,0,1,708
2026-04-03T15:07:23,-4.529526,-120.955620,30.7,13.10,74.3,10,1.6,103.8,4.213,-4.2,0,1,709
2026-04-03T15:07:51,-4.528963,-120.953918,34.9,13.48,74.3,10,1.6,103.8,4.214,-4.2,0,1,710
2026-04-03T15:08:19,-4.528543,-120.952217,33.3,13.41,76.3,10,1.6,104.0,4.211,-4.2,0,1,711
2026-04-03T15:08:48,-4.527978,-120.950439,38.4,14.04,79.5,10,1.6,103.8,4.213,-4.2,0,1,712
2026-04-03T15:09:16,-4.527456,-120.948746,46.2,13.43,73.6,10,1.6,103.7,4.213,-4.2,0,1,713
2026-04-03T15:09:44,-4.526993,-120.946999,46.1,14.02,72.0,10,1.6,103.8,4.213,-4.2,0,1,714
2026-04-03T15:10:13,-4.526416,-120.945206,49.5,13.60,75.1,10,1.6,103.7,4.213,-4.2,0,1,715
2026-04-03T15:10:41,-4.525918,-120.943512,45.1,14.24,70.6,10,1.6,103.7,4.213,-4.2,0,1,716
2026-04-03T15:11:09,-4.525430,-120.941772,45.8,13.93,70.7,10,2.6,103.7,4.213,-4.2,0,1,717
2026-04-03T15:11:38,-4.524783,-120.940048,59.9,13.60,71.7,10,1.6,103.8,4.213,-4.2,0,1,718
2026-04-03T15:12:06,-4.524283,-120.938293,57.1,13.80,69.8,10,1.6,103.8,4.214,-4.2,0,1,719
2026-04-03T15:12:34,-4.523823,-120.936577,51.7,14.31,71.5,10,1.6,103.7,4.213,-4.2,0,1,720
2026-04-03T15:13:03,-4.523343,-120.934784,45.8,13.42,75.7,10,1.6,103.8,4.214,-4.2,0,1,721
2026-04-03T15:13:31,-4.522882,-120.933014,40.9,14.08,73.5,10,1.6,103.7,4.211,-4.2,0,1,722
2026-04-03T15:13:59,-4.522383,-120.931313,36.2,13.90,71.5,10,1.6,103.8,4.211,-4.2,0,1,723
2026-04-03T15:14:28,-4.521910,-120.929512,33.6,13.82,69.8,10,1.6,103.7,4.213,-4.2,0,1,724
2026-04-03T15:14:56,-4.521475,-120.927773,34.9,13.38,73.4,10,1.6,103.5,4.211,-4.4,0,1,725
2026-04-03T15:15:24,-4.521008,-120.926025,28.2,13.90,79.9,10,1.6,103.8,4.213,-4.2,0,1,726
2026-04-03T15:15:53,-4.520546,-120.924240,27.0,13.92,77.6,10,1.6,103.7,4.213,-4.2,0,1,727
2026-04-03T15:16:21,-4.520065,-120.922531,26.6,13.04,73.0,10,1.6,103.8,4.210,-4.2,0,1,728
2026-04-03T15:16:49,-4.519671,-120.920784,20.5,13.60,77.5,10,1.6,103.8,4.213,-4.2,0,1,729
2026-04-03T15:17:18,-4.519180,-120.918991,19.5,13.28,73.0,10,1.6,103.8,4.214,-4.2,0,1,730
2026-04-03T15:17:46,-4.518688,-120.917259,18.7,14.26,73.3,10,1.5,103.8,4.214,-4.2,0,1,731
2026-04-03T15:18:14,-4.518209,-120.915535,18.1,13.60,74.2,10,1.5,103.8,4.211,-4.2,0,1,732
2026-04-03T15:18:43,-4.517748,-120.913742,14.4,13.59,80.1,10,1.5,104.0,4.213,-4.2,0,1,733
2026-04-03T15:19:11,-4.517241,-120.912025,11.3,14.72,75.2,10,1.5,103.5,4.211,-4.4,0,1,734
2026-04-03T15:19:39,-4.516713,-120.910339,11.8,13.08,76.2,10,1.5,103.8,4.213,-4.2,0,1,735
2026-04-03T15:20:08,-4.516270,-120.908546,6.5,13.19,76.1,10,1.5,103.8,4.213,-4.2,0,1,736
2026-04-03T15:20:36,-4.515720,-120.906845,15.0,13.53,76.9,10,1.5,103.7,4.213,-4.2,0,1,737
2026-04-03T15:21:04,-4.515213,-120.905136,21.1,13.80,73.8,10,1.5,103.7,4.214,-4.2,0,1,738
2026-04-03T15:21:33,-4.514678,-120.903374,19.7,13.58,75.7,10,1.5,104.0,4.211,-4.2,0,1,739
2026-04-03T15:22:01,-4.514290,-120.901634,16.3,12.61,76.1,10,1.5,103.8,4.210,-4.2,0,1,740
2026-04-03T15:22:29,-4.513707,-120.899933,18.3,13.48,70.3,10,1.5,103.5,4.213,-4.4,0,1,741
2026-04-03T15:22:58,-4.513190,-120.898140,29.9,13.52,72.2,10,1.5,103.5,4.213,-4.4,0,1,742
2026-04-03T15:23:26,-4.512528,-120.896500,35.0,13.86,72.2,10,1.5,103.8,4.211,-4.2,0,1,743
2026-04-03T15:23:54,-4.511969,-120.894806,45.1,13.97,69.2,10,1.5,103.8,4.211,-4.2,0,1,744
2026-04-03T15:24:23,-4.511437,-120.893028,43.6,13.52,75.0,10,1.5,103.7,4.211,-4.2,0,1,745
2026-04-03T15:24:51,-4.510839,-120.891365,41.4,13.39,67.0,10,1.5,103.8,4.214,-4.2,0,1,746
2026-04-03T15:25:19,-4.510333,-120.889664,50.7,13.56,71.1,10,1.5,103.7,4.211,-4.2,0,1,747
2026-04-03T15:25:48,-4.509722,-120.887924,53.0,13.95,73.7,10,1.5,103.7,4.213,-4.2,0,1,748
2026-04-03T15:26:16,-4.509100,-120.886261,55.5,13.28,71.2,10,1.5,103.8,4.213,-4.2,0,1,749
2026-04-03T15:26:44,-4.508588,-120.884567,55.9,13.23,69.7,10,1.5,104.0,4.211,-4.2,0,1,750
2026-04-03T15:27:13,-4.508117,-120.882790,52.1,13.77,67.0,10,1.5,103.7,4.210,-4.2,0,1,751
2026-04-03T15:27:41,-4.507592,-120.881104,54.3,13.22,71.5,10,1.5,103.8,4.213,-4.2,0,1,752
2026-04-03T15:28:09,-4.507059,-120.879402,50.6,13.52,66.9,10,1.5,103.8,4.213,-4.2,0,1,753
2026-04-03T15:28:38,-4.506625,-120.877556,44.9,13.51,76.1,10,1.5,103.7,4.213,-4.2,0,1,754
2026-04-03T15:29:06,-4.506185,-120.875816,42.1,13.65,75.7,10,1.5,103.7,4.211,-4.2,0,1,755
2026-04-03T15:29:34,-4.505762,-120.874077,41.4,13.96,78.9,11,1.4,103.7,4.213,-4.2,0,1,756
2026-04-03T15:30:03,-4.505271,-120.872269,37.0,12.50,73.7,10,1.5,104.0,4.211,-4.2,0,1,757
2026-04-03T15:30:31,-4.504827,-120.870552,33.6,13.66,73.5,10,1.5,103.7,4.213,-4.2,0,1,758
2026-04-03T15:30:59,-4.504261,-120.868889,34.0,13.84,69.4,10,1.5,103.8,4.213,-4.2,0,1,759
2026-04-03T15:31:28,-4.503802,-120.867073,32.1,13.84,72.9,10,1.9,103.5,4.211,-4.4,0,1,760
2026-04-03T15:31:56,-4.503318,-120.865356,36.8,14.27,65.4,10,1.5,103.7,4.210,-4.2,0,1,761
2026-04-03T15:32:24,-4.502850,-120.863602,36.2,14.08,72.0,10,1.5,103.8,4.213,-4.2,0,1,762
2026-04-03T15:32:53,-4.502318,-120.861847,42.8,13.66,71.1,9,2.6,103.7,4.210,-4.2,0,1,763
2026-04-03T15:33:21,-4.501720,-120.860176,46.9,13.23,66.7,10,1.5,103.7,4.213,-4.2,0,1,764
2026-04-03T15:33:49,-4.501198,-120.858444,54.0,12.58,70.4,10,1.5,103.8,4.211,-4.2,0,1,765
2026-04-03T15:34:18,-4.500635,-120.856667,54.1,13.44,71.5,10,1.4,103.7,4.213,-4.2,0,1,766
2026-04-03T15:34:46,-4.500095,-120.854950,53.5,13.76,72.3,10,1.4,103.8,4.211,-4.2,0,1,767
2026-04-03T15:35:14,-4.499603,-120.853226,49.3,13.74,74.4,10,1.4,103.5,4.213,-4.4,0,1,768
2026-04-03T15:35:43,-4.499125,-120.851433,43.3,13.76,79.0,10,1.4,103.7,4.211,-4.2,0,1,769
2026-04-03T15:36:11,-4.498700,-120.849701,41.5,13.57,77.1,10,1.4,103.7,4.210,-4.2,0,1,770
2026-04-03T15:36:39,-4.498183,-120.848000,40.3,13.58,75.7,10,1.4,103.8,4.214,-4.2,0,1,771
2026-04-03T15:37:08,-4.497626,-120.846245,38.7,13.72,71.4,10,1.8,103.7,4.214,-4.2,0,1,772
2026-04-03T15:37:36,-4.497147,-120.844521,30.6,13.45,72.4,10,1.4,103.7,4.213,-4.2,0,1,773
2026-04-03T15:38:04,-4.496608,-120.842804,31.4,13.47,72.6,10,1.4,103.5,4.211,-4.4,0,1,774
2026-04-03T15:38:33,-4.495990,-120.841064,29.8,13.54,67.2,10,1.4,103.7,4.211,-4.2,0,1,775
2026-04-03T15:39:01,-4.495441,-120.839371,33.9,13.97,71.4,10,1.8,103.8,4.213,-4.2,0,1,776
2026-04-03T15:39:29,-4.494970,-120.837654,33.9,14.09,72.5,10,1.4,103.8,4.211,-4.2,0,1,777
2026-04-03T15:39:58,-4.494465,-120.835876,38.8,14.27,70.6,10,1.4,103.7,4.211,-4.2,0,1,778
2026-04-03T15:40:26,-4.493947,-120.834198,37.6,13.85,72.4,10,1.4,103.5,4.213,-4.4,0,1,779
2026-04-03T15:40:54,-4.493465,-120.832489,37.9,13.71,77.0,10,1.4,103.7,4.214,-4.2,0,1,780
2026-04-03T15:41:23,-4.493036,-120.830666,30.9,13.61,73.1,10,1.4,103.5,4.211,-4.4,0,1,781
2026-04-03T15:41:51,-4.492579,-120.828979,26.5,12.74,74.3,10,1.4,103.8,4.211,-4.2,0,1,782
2026-04-03T15:42:19,-4.492118,-120.827278,25.2,13.49,75.6,10,1.4,103.7,4.211,-4.2,0,1,783
2026-04-03T15:42:48,-4.491666,-120.825523,19.4,13.43,76.0,10,1.4,103.8,4.214,-4.2,0,1,784
2026-04-03T15:43:16,-4.491137,-120.823845,19.2,13.96,71.2,10,1.3,103.8,4.213,-4.2,0,1,785
2026-04-03T15:43:44,-4.490630,-120.822128,20.0,14.24,77.9,10,1.3,103.5,4.211,-4.4,0,1,786
2026-04-03T15:44:13,-4.490088,-120.820404,20.6,13.41,68.6,10,1.3,104.0,4.211,-4.2,0,1,787
2026-04-03T15:44:41,-4.489563,-120.818703,24.0,13.59,70.2,10,1.3,103.8,4.213,-4.2,0,1,788
2026-04-03T15:45:09,-4.489222,-120.816948,10.2,13.14,73.7,9,3.0,103.8,4.211,-4.2,0,1,789
2026-04-03T15:45:38,-4.488673,-120.815178,16.0,13.67,69.1,9,2.6,103.7,4.213,-4.2,0,1,790
2026-04-03T15:46:06,-4.487983,-120.813515,25.7,14.04,67.0,9,2.6,103.5,4.211,-4.4,0,1,791
2026-04-03T15:46:34,-4.487498,-120.811775,28.6,13.55,73.8,9,2.9,103.8,4.213,-4.2,0,1,792
2026-04-03T15:47:03,-4.487008,-120.809975,30.2,13.83,73.1,9,2.9,103.8,4.211,-4.2,0,1,793
2026-04-03T15:47:31,-4.486648,-120.808205,27.3,13.91,72.9,9,2.9,103.8,4.210,-4.2,0,1,794
2026-04-03T15:47:59,-4.486187,-120.806488,14.9,13.72,78.7,9,2.6,103.8,4.211,-4.2,0,1,795
2026-04-03T15:48:28,-4.485543,-120.804787,16.2,13.67,71.5,9,2.6,103.8,4.214,-4.2,0,1,796
2026-04-03T15:48:56,-4.485023,-120.803085,18.8,13.54,71.9,10,1.3,103.8,4.213,-4.2,0,1,797
2026-04-03T15:49:24,-4.484545,-120.801331,15.1,14.02,79.2,9,2.6,103.8,4.213,-4.2,0,1,798
2026-04-03T15:49:53,-4.484000,-120.799553,11.4,15.02,78.1,10,1.3,103.7,4.211,-4.2,0,1,799
2026-04-03T15:50:21,-4.483473,-120.797852,15.8,13.84,74.7,10,1.3,103.5,4.211,-4.4,0,1,800
2026-04-03T15:50:49,-4.482898,-120.796173,17.5,14.06,75.5,10,1.3,103.7,4.213,-4.2,0,1,801
2026-04-03T15:51:18,-4.482433,-120.794342,12.3,13.93,75.7,10,1.3,103.7,4.211,-4.2,0,1,802
2026-04-03T15:51:46,-4.481846,-120.792679,17.9,13.55,68.7,10,1.6,103.5,4.211,-4.4,0,1,803
2026-04-03T15:52:14,-4.481426,-120.790924,22.8,13.63,73.1,10,1.3,103.8,4.213,-4.2,0,1,804
2026-04-03T15:52:43,-4.480878,-120.789131,22.4,13.91,71.5,10,1.3,103.5,4.211,-4.4,0,1,805
2026-04-03T15:53:11,-4.480418,-120.787415,19.2,13.44,72.6,10,1.3,103.8,4.211,-4.2,0,1,806
2026-04-03T15:53:39,-4.479968,-120.785675,20.7,13.92,79.5,10,1.2,103.7,4.213,-4.2,0,1,807
2026-04-03T15:54:08,-4.479426,-120.783920,16.7,13.81,77.3,10,1.2,103.5,4.211,-4.4,0,1,808
2026-04-03T15:54:36,-4.478926,-120.782234,19.3,14.32,75.3,10,1.5,103.7,4.213,-4.2,0,1,809
2026-04-03T15:55:04,-4.478440,-120.780518,15.4,13.17,72.8,10,1.2,103.7,4.211,-4.2,0,1,810
2026-04-03T15:55:33,-4.477915,-120.778740,13.6,13.70,77.2,10,1.2,103.8,4.211,-4.2,0,1,811
2026-04-03T15:56:01,-4.477313,-120.777077,14.0,13.81,74.6,10,1.2,103.5,4.211,2755.8,0,1,812
2026-04-03T15:56:29,-4.476813,-120.775375,11.9,14.05,75.9,9,2.5,103.5,4.213,-4.4,0,1,813
2026-04-03T15:56:58,-4.476216,-120.773628,14.2,13.26,72.2,10,1.2,103.8,4.211,-4.2,0,1,814
2026-04-03T15:57:26,-4.475653,-120.771942,18.2,14.58,64.6,9,2.5,103.8,4.209,-4.2,0,1,815
2026-04-03T15:57:54,-4.475111,-120.770264,16.6,13.24,72.1,10,1.2,103.7,4.213,-4.2,0,1,816
2026-04-03T15:58:23,-4.474546,-120.768501,10.7,13.77,72.7,10,1.2,104.0,4.213,-4.2,0,1,817
2026-04-03T15:58:51,-4.474030,-120.766785,11.7,13.39,72.3,10,1.2,103.8,4.211,-4.2,0,1,818
2026-04-03T15:59:19,-4.473483,-120.765083,5.2,14.45,70.2,9,1.2,103.7,4.211,-4.2,0,1,819
2026-04-03T15:59:48,-4.473063,-120.763275,-5.1,12.76,76.4,9,2.3,103.7,4.210,-4.2,0,1,820
2026-04-03T16:00:16,-4.472569,-120.761574,-7.0,13.41,69.7,9,2.3,103.7,4.211,-4.2,0,1,821
2026-04-03T16:00:44,-4.472030,-120.759857,-1.9,13.79,70.4,9,2.3,103.7,4.211,-4.2,0,1,822
2026-04-03T16:01:13,-4.471497,-120.758064,6.2,13.52,75.7,9,2.3,103.8,4.213,-4.2,0,1,823
2026-04-03T16:01:41,-4.470905,-120.756378,4.1,13.15,70.9,9,2.3,103.7,4.211,-4.2,0,1,824
2026-04-03T16:02:09,-4.470413,-120.754662,5.4,13.72,71.7,9,2.3,103.7,4.211,-4.2,0,1,825
2026-04-03T16:02:38,-4.469933,-120.752884,3.8,13.64,69.3,9,2.3,104.0,4.210,-4.2,0,1,826
2026-04-03T16:03:06,-4.469443,-120.751167,9.5,13.21,65.3,9,2.2,103.8,4.211,-4.2,0,1,827
2026-04-03T16:03:34,-4.468931,-120.749413,27.3,13.84,73.2,9,2.2,103.7,4.213,-4.2,0,1,828
2026-04-03T16:04:03,-4.468406,-120.747688,17.5,13.30,75.1,9,2.2,103.7,4.210,-4.2,0,1,829
2026-04-03T16:04:31,-4.467895,-120.745995,15.5,13.29,76.1,9,2.2,103.8,4.211,-4.2,0,1,830
2026-04-03T16:04:59,-4.467415,-120.744293,30.8,13.51,78.1,9,2.2,103.7,4.210,-4.2,0,1,831
2026-04-03T16:05:28,-4.466907,-120.742538,22.8,13.21,66.0,9,2.2,103.7,4.211,-4.2,0,1,832
2026-04-03T16:05:56,-4.466362,-120.740868,31.6,13.92,69.9,10,2.1,103.8,4.211,-4.2,0,1,833
2026-04-03T16:06:24,-4.465880,-120.739189,21.1,13.27,70.0,10,2.0,103.5,4.211,-4.4,0,1,834
2026-04-03T16:06:53,-4.465362,-120.737473,13.6,13.56,74.2,10,2.0,103.7,4.211,-4.2,0,1,835
2026-04-03T16:07:21,-4.464861,-120.735809,25.3,13.07,72.2,10,2.0,104.0,4.211,-4.2,0,1,836
2026-04-03T16:07:49,-4.464383,-120.734108,18.9,13.43,73.6,10,2.0,103.7,4.211,-4.2,0,1,837
2026-04-03T16:08:18,-4.463793,-120.732414,15.9,13.04,69.2,11,1.5,103.5,4.211,-4.4,0,1,838
2026-04-03T16:08:46,-4.463300,-120.730728,23.0,12.24,66.4,11,1.5,103.5,4.210,-4.4,0,1,839
2026-04-03T16:09:14,-4.462717,-120.729088,24.9,12.71,62.6,11,1.4,103.7,4.211,-4.2,0,1,840
2026-04-03T16:09:43,-4.462217,-120.727364,29.0,13.11,71.5,11,1.4,103.8,4.210,-4.2,0,1,841
2026-04-03T16:10:11,-4.461700,-120.725708,23.8,14.00,69.5,10,1.5,103.8,4.211,-4.2,0,1,842
2026-04-03T16:10:39,-4.461205,-120.724060,13.6,12.53,67.3,11,1.4,103.7,4.210,-4.2,0,1,843
2026-04-03T16:11:08,-4.460695,-120.722290,24.7,13.14,68.9,11,1.4,103.5,4.210,-4.4,0,1,844
2026-04-03T16:11:36,-4.460098,-120.720665,25.1,14.42,81.9,11,1.4,103.8,4.211,-4.2,0,1,845
2026-04-03T16:12:04,-4.459565,-120.719025,11.0,13.31,70.0,11,1.4,103.7,4.211,-4.2,0,1,846
2026-04-03T16:12:33,-4.459105,-120.717285,10.7,13.12,71.4,10,1.5,103.7,4.211,-4.2,0,1,847
2026-04-03T16:13:01,-4.458529,-120.715675,3.8,13.74,79.0,10,1.5,103.7,4.211,-4.2,0,1,848
2026-04-03T16:13:29,-4.458002,-120.714012,0.0,12.95,67.3,11,1.4,103.7,4.211,-4.2,0,1,849
2026-04-03T16:13:58,-4.457480,-120.712265,5.5,13.65,69.6,11,1.4,103.7,4.211,-4.2,0,1,850
2026-04-03T16:14:26,-4.456927,-120.710640,-1.0,14.54,71.1,11,1.4,103.7,4.211,-4.2,0,1,851
2026-04-03T16:14:54,-4.456413,-120.708992,-5.3,12.95,67.6,11,1.4,103.7,4.213,-4.2,0,1,852
2026-04-03T16:15:23,-4.455925,-120.707214,-5.5,13.79,73.8,10,1.4,103.4,4.210,-4.2,0,1,853
2026-04-03T16:15:51,-4.455393,-120.705536,-0.8,13.64,70.9,11,1.3,103.7,4.211,-4.2,0,1,854
2026-04-03T16:16:19,-4.454907,-120.703835,-10.1,13.21,73.5,11,1.3,103.7,4.213,-4.2,0,1,855
2026-04-03T16:16:48,-4.454310,-120.702103,-3.5,13.68,73.9,10,1.4,103.7,4.211,-4.2,0,1,856
2026-04-03T16:17:16,-4.453738,-120.700439,-5.3,13.21,73.8,11,1.3,103.7,4.211,-4.2,0,1,857
2026-04-03T16:17:44,-4.453249,-120.698753,-11.4,13.60,74.9,11,1.3,103.7,4.213,-4.2,0,1,858
2026-04-03T16:18:13,-4.452617,-120.697037,-8.1,13.29,67.5,10,1.4,103.7,4.210,-4.2,0,1,859
2026-04-03T16:18:41,-4.452165,-120.695297,1.4,14.55,73.9,10,1.4,103.5,4.210,-4.4,0,1,860
2026-04-03T16:19:09,-4.451673,-120.693619,1.4,13.56,73.1,10,1.4,103.5,4.213,-4.4,0,1,861
2026-04-03T16:19:38,-4.451125,-120.691879,-1.6,13.37,71.6,10,1.4,103.7,4.211,-4.2,0,1,862
2026-04-03T16:20:06,-4.450555,-120.690277,-7.0,12.56,71.9,10,1.4,104.0,4.210,-4.2,0,1,863
2026-04-03T16:20:34,-4.450037,-120.688553,-1.6,14.15,76.1,10,1.4,103.8,4.211,-4.2,0,1,864
2026-04-03T16:21:03,-4.449523,-120.686783,0.6,14.05,75.5,10,1.4,103.7,4.211,-4.2,0,1,865
2026-04-03T16:21:31,-4.449028,-120.685135,10.1,13.68,72.0,9,1.5,103.4,4.211,-4.2,0,1,866
2026-04-03T16:21:59,-4.448522,-120.683456,23.7,13.13,70.1,9,1.5,103.5,4.211,-4.4,0,1,867
2026-04-03T16:22:28,-4.448001,-120.681686,25.6,13.90,75.3,10,1.3,103.7,4.210,-4.2,0,1,868
2026-04-03T16:22:56,-4.447567,-120.680016,19.7,13.72,70.8,9,1.4,103.7,4.211,-4.2,0,1,869
2026-04-03T16:23:24,-4.446985,-120.678360,26.7,13.70,67.2,10,1.3,103.5,4.211,-4.4,0,1,870
2026-04-03T16:23:53,-4.446426,-120.676598,31.1,13.39,73.7,10,1.3,103.5,4.211,-4.4,0,1,871
2026-04-03T16:24:21,-4.445852,-120.674957,30.2,13.81,71.8,11,1.3,104.0,4.210,-4.2,0,1,872
2026-04-03T16:24:49,-4.445372,-120.673264,20.9,13.80,72.4,11,1.3,103.8,4.210,-4.2,0,1,873
2026-04-03T16:25:18,-4.444896,-120.671516,11.1,13.25,72.2,11,1.3,103.5,4.211,-4.4,0,1,874
2026-04-03T16:25:46,-4.444313,-120.669876,17.8,13.49,73.3,12,1.1,103.4,4.211,-4.2,0,1,875
2026-04-03T16:26:14,-4.443836,-120.668182,25.3,13.16,70.9,11,1.2,103.5,4.211,-4.4,0,1,876
2026-04-03T16:26:43,-4.443282,-120.666458,21.4,13.03,77.8,11,1.2,103.5,4.210,-4.4,0,1,877
2026-04-03T16:27:11,-4.442766,-120.664757,33.3,13.26,73.5,11,1.2,103.5,4.211,-4.4,0,1,878
2026-04-03T16:27:39,-4.442248,-120.663094,38.0,12.87,75.7,11,1.2,103.7,4.211,-4.2,0,1,879
2026-04-03T16:28:08,-4.441696,-120.661362,45.5,13.28,75.2,11,1.2,103.5,4.211,-4.4,0,1,880
2026-04-03T16:28:36,-4.441195,-120.659698,42.9,13.12,71.8,11,1.2,103.5,4.211,-4.4,0,1,881
2026-04-03T16:29:04,-4.440733,-120.658020,44.8,12.81,75.9,11,1.2,103.5,4.214,-4.4,0,1,882
2026-04-03T16:29:33,-4.440187,-120.656303,34.4,13.10,71.9,10,1.3,103.5,4.210,-4.4,0,1,883
2026-04-03T16:30:01,-4.439703,-120.654617,29.4,13.90,71.8,10,1.3,103.7,4.211,-4.2,0,1,884
2026-04-03T16:30:29,-4.439160,-120.652916,30.0,13.44,73.4,9,1.5,103.5,4.211,-4.4,0,1,885
2026-04-03T16:30:58,-4.438628,-120.651199,17.2,13.30,74.0,11,1.2,103.8,4.213,-4.2,0,1,886
2026-04-03T16:31:26,-4.438095,-120.649536,13.8,13.59,73.2,11,1.2,103.8,4.213,-4.2,0,1,887
2026-04-03T16:31:54,-4.437588,-120.647850,19.0,13.73,72.0,10,1.3,103.7,4.211,-4.2,0,1,888
2026-04-03T16:32:23,-4.437058,-120.646118,21.7,13.11,73.4,10,1.3,103.7,4.211,-4.2,0,1,889
2026-04-03T16:32:51,-4.436528,-120.644440,22.2,13.21,73.2,10,1.3,103.7,4.210,-4.2,0,1,890
2026-04-03T16:33:19,-4.436033,-120.642738,33.9,13.96,72.7,11,1.2,103.7,4.211,-4.2,0,1,891
2026-04-03T16:33:47,-4.435502,-120.641037,39.9,13.61,69.0,11,1.2,103.5,4.211,-4.4,0,1,892
2026-04-03T16:34:16,-4.434955,-120.639297,44.4,13.53,73.4,9,1.5,103.8,4.211,-4.2,0,1,893
2026-04-03T16:34:44,-4.434436,-120.637604,39.7,13.85,74.5,10,1.3,103.5,4.211,-4.4,0,1,894
2026-04-03T16:35:12,-4.433939,-120.635933,43.5,13.09,75.2,10,1.2,103.7,4.211,-4.2,0,1,895
2026-04-03T16:35:40,-4.433443,-120.634239,41.8,13.67,74.3,10,1.2,103.5,4.210,-4.4,0,1,896
2026-04-03T16:36:08,-4.432986,-120.632553,47.2,13.20,78.0,10,1.2,103.7,4.210,-4.2,0,1,897
2026-04-03T16:36:37,-4.432416,-120.630806,40.5,13.56,74.2,11,1.1,103.5,4.211,-4.4,0,1,898
2026-04-03T16:37:05,-4.431868,-120.629143,37.5,14.21,72.5,10,1.4,103.7,4.211,-4.2,0,1,899
2026-04-03T16:37:33,-4.431366,-120.627472,37.7,13.22,79.6,11,1.1,103.4,4.214,-4.2,0,1,900
2026-04-03T16:38:02,-4.430861,-120.625717,36.7,13.54,75.4,10,1.2,103.5,4.210,-4.4,0,1,901
2026-04-03T16:38:30,-4.430318,-120.624039,40.5,13.36,72.6,12,1.0,104.0,4.213,-4.2,0,1,902
2026-04-03T16:38:58,-4.429853,-120.622353,32.1,14.05,71.5,11,1.1,103.7,4.211,-4.2,0,1,903
2026-04-03T16:39:27,-4.429329,-120.620598,29.5,14.12,67.0,10,1.1,103.5,4.213,-4.4,0,1,904
2026-04-03T16:39:55,-4.428765,-120.618935,22.5,13.38,70.8,10,1.1,104.1,4.213,-4.4,0,1,905
2026-04-03T16:40:23,-4.428269,-120.617256,20.8,13.06,77.6,10,1.1,103.4,4.213,-4.2,0,1,906
2026-04-03T16:40:52,-4.427731,-120.615517,16.0,13.49,72.9,10,1.1,103.7,4.210,-4.2,0,1,907
2026-04-03T16:41:20,-4.427197,-120.613823,21.3,13.93,76.1,10,1.1,103.8,4.211,-4.2,0,1,908
2026-04-03T16:41:48,-4.426645,-120.612144,24.9,13.35,70.3,10,1.1,103.8,4.210,-4.2,0,1,909
2026-04-03T16:42:17,-4.426123,-120.610397,28.0,13.33,74.5,10,1.1,103.7,4.211,-4.2,0,1,910
2026-04-03T16:42:45,-4.425636,-120.608688,14.5,13.68,76.2,11,1.0,103.5,4.211,-4.4,0,1,911
2026-04-03T16:43:13,-4.425118,-120.606987,13.8,13.16,76.7,11,1.0,103.8,4.210,-4.2,0,1,912
2026-04-03T16:43:42,-4.424633,-120.605225,15.4,13.64,73.0,11,1.0,103.7,4.211,-4.2,0,1,913
2026-04-03T16:44:10,-4.424069,-120.603561,21.7,13.79,70.1,10,1.1,103.8,4.210,-4.2,0,1,914
2026-04-03T16:44:38,-4.423573,-120.601845,26.0,13.43,73.2,10,1.0,103.4,4.211,-4.2,0,1,915
2026-04-03T16:45:07,-4.423027,-120.600105,25.3,13.49,72.4,8,1.1,103.4,4.211,-4.2,0,1,916
2026-04-03T16:45:35,-4.422413,-120.598412,17.0,14.60,57.1,9,1.0,103.4,4.210,-4.2,0,1,917
2026-04-03T16:46:03,-4.421939,-120.596725,5.3,13.44,72.3,9,1.0,103.5,4.211,-4.4,0,1,918
2026-04-03T16:46:32,-4.421425,-120.594994,12.1,13.69,74.4,8,1.1,103.5,4.211,-4.4,0,1,919
2026-04-03T16:47:00,-4.420863,-120.593292,17.7,14.20,76.0,10,1.0,103.5,4.211,-4.4,0,1,920
2026-04-03T16:47:28,-4.420310,-120.591614,28.4,13.46,72.1,10,1.0,103.7,4.210,-4.2,0,1,921
2026-04-03T16:47:57,-4.419820,-120.589836,32.0,14.07,73.4,9,1.1,103.7,4.211,-4.2,0,1,922
2026-04-03T16:48:25,-4.419322,-120.588150,33.8,13.68,72.9,11,1.0,103.7,4.210,-4.2,0,1,923
2026-04-03T16:48:53,-4.418750,-120.586494,42.9,13.44,70.8,11,1.0,103.5,4.210,-4.4,0,1,924
2026-04-03T16:49:22,-4.418139,-120.584732,41.6,13.76,72.2,10,1.0,103.5,4.211,-4.4,0,1,925
2026-04-03T16:49:50,-4.417631,-120.582977,39.4,14.49,73.9,10,1.0,103.8,4.210,-4.2,0,1,926
2026-04-03T16:50:18,-4.417160,-120.581276,35.8,12.94,70.8,11,1.0,103.8,4.211,-4.2,0,1,927
2026-04-03T16:50:47,-4.416600,-120.579521,35.4,13.80,68.6,9,1.2,103.4,4.211,-4.2,0,1,928
2026-04-03T16:51:15,-4.416150,-120.577820,33.7,13.42,74.2,11,1.0,103.7,4.211,-4.2,0,1,929
2026-04-03T16:51:43,-4.415679,-120.576126,30.5,13.35,71.5,10,1.0,103.5,4.213,-4.4,0,1,930
2026-04-03T16:52:12,-4.415073,-120.574478,39.2,13.50,72.5,9,1.2,103.7,4.211,-4.2,0,1,931
2026-04-03T16:52:40,-4.414492,-120.572800,49.2,13.88,71.8,10,1.0,103.8,4.213,-4.2,0,1,932
2026-04-03T16:53:08,-4.413981,-120.571098,52.5,12.69,72.8,10,1.0,103.7,4.211,-4.2,0,1,933
2026-04-03T16:53:37,-4.413430,-120.569397,58.1,13.21,68.9,9,1.2,103.7,4.210,-4.2,0,1,934
2026-04-03T16:54:05,-4.412897,-120.567772,69.4,12.80,71.1,10,1.0,103.7,4.211,-4.2,0,1,935
2026-04-03T16:54:33,-4.412337,-120.566132,77.0,12.86,63.8,10,1.0,103.7,4.211,-4.2,0,1,936
2026-04-03T16:55:02,-4.411830,-120.564362,72.9,12.81,71.7,10,1.0,103.8,4.213,-4.2,0,1,937
2026-04-03T16:55:30,-4.411355,-120.562729,70.6,11.84,73.8,10,1.0,103.5,4.213,-4.4,0,1,938
2026-04-03T16:55:58,-4.410887,-120.561073,69.4,12.80,68.6,10,1.0,103.5,4.210,-4.4,0,1,939
2026-04-03T16:56:27,-4.410368,-120.559349,64.2,12.85,72.0,9,1.1,103.7,4.210,-4.2,0,1,940
2026-04-03T16:56:55,-4.409870,-120.557693,52.1,11.80,71.0,10,1.0,103.7,4.210,-4.2,0,1,941
2026-04-03T16:57:24,-4.409345,-120.555954,52.4,13.02,71.0,10,1.0,103.7,4.210,-4.2,0,1,942
2026-04-03T16:57:52,-4.408818,-120.554306,51.8,13.38,70.8,10,1.0,103.5,4.210,-4.4,0,1,943
2026-04-03T16:58:20,-4.408337,-120.552612,47.6,14.01,74.2,9,1.1,103.5,4.209,-4.4,0,1,944
2026-04-03T16:58:49,-4.407852,-120.550911,38.7,13.74,72.9,9,1.1,103.7,4.211,-4.2,0,1,945
2026-04-03T16:59:17,-4.407311,-120.549309,42.7,12.35,72.0,10,1.0,103.7,4.213,-4.2,0,1,946
2026-04-03T16:59:45,-4.406830,-120.547600,37.0,13.50,74.0,9,1.1,103.4,4.211,-4.2,0,1,947
2026-04-03T17:00:14,-4.406332,-120.545906,35.7,13.14,72.6,9,1.1,103.7,4.211,-4.2,0,1,948
2026-04-03T17:00:42,-4.405765,-120.544220,35.1,13.15,75.2,9,1.1,103.7,4.211,-4.2,0,1,949
2026-04-03T17:01:10,-4.405240,-120.542519,28.6,13.26,70.9,10,1.0,103.4,4.210,-4.2,0,1,950
2026-04-03T17:01:39,-4.404797,-120.540840,25.2,12.62,73.2,8,1.3,103.8,4.211,-4.2,0,1,951
2026-04-03T17:02:07,-4.404277,-120.539146,19.5,12.67,75.8,10,1.0,103.4,4.210,-4.2,0,1,952
2026-04-03T17:02:35,-4.403779,-120.537460,18.5,12.66,74.1,9,1.1,103.5,4.210,-4.4,0,1,953
2026-04-03T17:03:04,-4.403232,-120.535744,14.1,13.05,73.8,10,1.0,103.8,4.211,-4.2,0,1,954
2026-04-03T17:03:32,-4.402721,-120.534065,17.1,12.70,72.8,10,0.9,103.8,4.210,-4.2,0,1,955
2026-04-03T17:04:00,-4.402142,-120.532387,16.2,12.79,73.2,9,1.1,103.8,4.210,-4.2,0,1,956
2026-04-03T17:04:28,-4.401667,-120.530762,19.4,12.17,74.0,10,0.9,103.5,4.210,-4.4,0,1,957
2026-04-03T17:04:57,-4.401172,-120.528984,18.7,12.75,72.8,9,1.1,103.5,4.210,-4.4,0,1,958
2026-04-03T17:05:25,-4.400742,-120.527336,13.1,13.05,72.2,10,0.9,103.8,4.211,-4.2,0,1,959
2026-04-03T17:05:53,-4.400241,-120.525658,9.7,13.17,74.7,9,1.0,103.5,4.211,-4.4,0,1,960
2026-04-03T17:06:22,-4.399840,-120.523888,8.4,12.82,72.2,11,0.9,103.7,4.210,-4.2,0,1,961
2026-04-03T17:06:50,-4.399338,-120.522240,8.4,13.30,80.3,9,1.0,103.7,4.210,-4.2,0,1,962
2026-04-03T17:07:18,-4.398837,-120.520554,8.9,13.35,70.7,10,1.0,103.5,4.210,-4.4,0,1,963
2026-04-03T17:07:47,-4.398368,-120.518837,2.1,13.15,73.1,10,1.1,103.7,4.210,-4.2,0,1,964
2026-04-03T17:08:15,-4.397936,-120.517120,-0.9,13.44,83.3,9,1.1,103.5,4.211,-4.4,0,1,965
2026-04-03T17:08:44,-4.397410,-120.515343,3.3,13.68,66.8,8,1.2,103.7,4.209,-4.2,0,1,966
2026-04-03T17:09:12,-4.396840,-120.513687,4.9,14.27,69.7,9,1.1,103.7,4.210,-4.2,0,1,967
2026-04-03T17:09:40,-4.396450,-120.511963,2.4,13.38,74.8,9,1.0,103.5,4.210,-4.4,0,1,968
2026-04-03T17:10:09,-4.395918,-120.510208,-4.3,13.62,72.3,8,1.2,103.5,4.210,-4.4,0,1,969
2026-04-03T17:10:37,-4.395373,-120.508568,-10.2,12.92,71.7,8,1.2,103.5,4.211,-4.4,0,1,970
2026-04-03T17:11:06,-4.394816,-120.506844,-13.0,13.88,68.2,8,1.2,103.5,4.211,-4.4,0,1,971
2026-04-03T17:11:34,-4.394336,-120.505150,-8.1,13.60,75.7,8,1.2,103.5,4.210,-4.4,0,1,972
2026-04-03T17:12:02,-4.393832,-120.503433,-8.2,13.23,68.0,7,1.4,103.7,4.211,-4.2,0,1,973
2026-04-03T17:12:31,-4.393352,-120.501686,-10.8,13.36,72.2,8,1.2,103.7,4.211,-4.2,0,1,974
2026-04-03T17:12:59,-4.392860,-120.499992,-11.9,13.56,72.2,9,1.0,103.5,4.210,-4.4,0,1,975
2026-04-03T17:13:27,-4.392353,-120.498314,-16.2,13.28,71.6,9,1.0,103.5,4.211,-4.4,0,1,976
2026-04-03T17:13:56,-4.391895,-120.496574,-17.6,14.12,71.6,9,1.0,103.7,4.210,-4.2,0,1,977
2026-04-03T17:14:24,-4.391520,-120.494926,-4.5,12.68,76.5,9,1.1,103.7,4.210,-4.2,0,1,978
2026-04-03T17:14:52,-4.391005,-120.493233,6.7,13.40,76.8,9,1.1,103.7,4.211,-4.2,0,1,979
2026-04-03T17:15:21,-4.390496,-120.491493,7.8,14.04,75.8,9,1.2,103.7,4.210,-4.2,0,1,980
2026-04-03T17:15:49,-4.389988,-120.489830,13.7,12.60,73.6,8,1.3,103.5,4.211,-4.4,0,1,981
2026-04-03T17:16:17,-4.389543,-120.488152,21.2,13.20,78.8,9,1.2,103.5,4.210,-4.4,0,1,982
2026-04-03T17:16:46,-4.388978,-120.486397,23.6,13.01,73.5,8,1.3,103.5,4.210,-4.4,0,1,983
2026-04-03T17:17:14,-4.388498,-120.484749,27.4,14.28,70.3,9,1.2,103.5,4.210,-4.4,0,1,984
2026-04-03T17:17:42,-4.387965,-120.483086,24.3,13.00,73.6,9,1.2,103.7,4.209,-4.2,0,1,985
2026-04-03T17:18:11,-4.387538,-120.481346,12.1,12.82,75.1,9,1.2,103.7,4.210,-4.2,0,1,986
2026-04-03T17:18:39,-4.386993,-120.479652,18.0,13.87,74.9,8,1.3,103.4,4.210,-4.2,0,1,987
2026-04-03T17:19:08,-4.386551,-120.477890,14.2,13.52,76.3,9,1.2,103.7,4.211,-4.2,0,1,988
2026-04-03T17:19:36,-4.386102,-120.476173,16.0,13.79,74.6,9,1.2,103.5,4.211,-4.4,0,1,989
2026-04-03T17:20:04,-4.385630,-120.474510,22.8,13.08,75.6,8,1.2,103.7,4.210,-4.2,0,1,990
2026-04-03T17:20:33,-4.385122,-120.472771,25.0,13.36,75.1,7,1.4,103.5,4.210,-4.4,0,1,991
2026-04-03T17:21:01,-4.384675,-120.471092,22.3,12.63,73.7,6,1.5,103.8,4.211,-4.2,0,1,992
2026-04-03T17:21:29,-4.384236,-120.469414,15.2,12.76,76.8,7,1.4,103.7,4.210,-4.2,0,1,993
2026-04-03T17:21:58,-4.383801,-120.467690,12.3,13.29,74.9,6,2.5,103.4,4.209,-4.2,0,1,994
2026-04-03T17:22:26,-4.383309,-120.466072,11.7,12.44,78.9,6,2.5,103.7,4.211,-4.2,0,1,995
2026-04-03T17:22:54,-4.382833,-120.464386,11.1,13.17,73.0,7,1.4,103.7,4.210,-4.2,0,1,996
2026-04-03T17:23:23,-4.382297,-120.462723,7.2,12.81,76.0,7,1.3,103.7,4.209,-4.2,0,1,997
2026-04-03T17:23:51,-4.381845,-120.461014,-0.7,12.75,80.0,7,1.2,103.5,4.211,-4.4,0,1,998
2026-04-03T17:24:19,-4.381396,-120.459389,4.0,12.15,75.8,7,1.3,103.5,4.209,-4.4,0,1,999
2026-04-03T17:24:48,-4.380927,-120.457703,-1.6,12.32,81.6,8,1.2,103.5,4.210,-4.4,0,1,1000
2026-04-03T17:25:16,-4.380351,-120.456055,-0.7,12.09,69.8,6,2.4,103.7,4.210,-4.2,0,1,1001
2026-04-03T17:25:44,-4.379913,-120.454453,2.5,13.21,76.6,6,2.3,103.5,4.210,-4.4,0,1,1002
2026-04-03T17:26:13,-4.379336,-120.452698,-3.1,13.29,78.7,6,2.3,103.5,4.211,-4.4,0,1,1003
2026-04-03T17:26:41,-4.378900,-120.451088,-7.5,11.43,75.2,8,1.3,103.4,4.209,-4.2,0,1,1004
2026-04-03T17:27:09,-4.378448,-120.449432,-15.1,12.58,73.4,7,1.7,103.7,4.210,-4.2,0,1,1005
2026-04-03T17:27:38,-4.378092,-120.447746,-19.1,13.18,77.9,8,1.3,103.4,4.210,-4.2,0,1,1006
2026-04-03T17:28:06,-4.377671,-120.446198,-28.1,12.39,71.8,7,1.7,103.4,4.210,-4.2,0,1,1007
2026-04-03T17:28:34,-4.377250,-120.444557,-40.8,12.27,75.6,8,1.3,103.7,4.211,-4.2,0,1,1008
2026-04-03T17:29:03,-4.376843,-120.442863,-50.5,14.03,78.7,8,1.2,103.5,4.210,-4.4,0,1,1009
2026-04-03T17:29:31,-4.376333,-120.441277,-52.3,12.47,76.5,8,1.3,103.5,4.210,-4.4,0,1,1010
2026-04-03T17:29:59,-4.375853,-120.439682,-52.4,13.60,75.1,7,1.7,103.5,4.211,-4.4,0,1,1011
2026-04-03T17:30:28,-4.375278,-120.437943,-42.5,12.89,75.2,7,1.5,103.4,4.210,-4.2,0,1,1012
2026-04-03T17:30:56,-4.374753,-120.436287,-36.0,12.83,64.4,7,1.3,103.5,4.210,-4.4,0,1,1013
2026-04-03T17:31:24,-4.374306,-120.434608,-26.2,12.64,70.4,6,1.8,103.7,4.211,-4.2,0,1,1014
2026-04-03T17:31:53,-4.373763,-120.432861,-17.3,13.21,76.3,6,1.8,103.5,4.210,-4.4,0,1,1015
2026-04-03T17:32:21,-4.373275,-120.431221,-14.9,12.74,73.4,7,1.5,103.5,4.210,-4.4,0,1,1016
2026-04-03T17:32:49,-4.372686,-120.429581,-10.3,12.91,74.5,6,1.8,103.7,4.209,-4.2,0,1,1017
2026-04-03T17:33:18,-4.372235,-120.427841,-6.8,12.74,76.6,6,1.8,103.5,4.211,-4.4,0,1,1018
2026-04-03T17:33:46,-4.371757,-120.426201,-3.7,12.83,74.4,6,1.8,103.7,4.210,-4.2,0,1,1019
2026-04-03T17:34:14,-4.371245,-120.424576,-4.4,13.49,81.1,7,1.3,103.4,4.210,-4.2,0,1,1020
2026-04-03T17:34:43,-4.370741,-120.422890,-5.6,13.49,74.8,6,1.8,103.7,4.209,-4.2,0,1,1021
2026-04-03T17:35:11,-4.370337,-120.421288,-10.3,13.28,74.7,7,1.3,103.5,4.211,-4.4,0,1,1022
2026-04-03T17:35:39,-4.369866,-120.419708,-15.2,12.50,69.7,6,1.8,103.7,4.210,-4.2,0,1,1023
2026-04-03T17:36:08,-4.369442,-120.418007,-22.6,12.75,73.6,6,1.8,103.5,4.210,-4.4,0,1,1024
2026-04-03T17:36:36,-4.368983,-120.416382,-28.7,13.45,68.5,6,1.8,103.4,4.211,-4.2,0,1,1025
2026-04-03T17:37:04,-4.368485,-120.414749,-33.7,13.83,69.9,6,1.8,103.4,4.211,-4.2,0,1,1026
2026-04-03T17:37:33,-4.368003,-120.413078,-37.9,13.04,68.3,6,1.8,103.5,4.207,-4.4,0,1,1027
2026-04-03T17:38:01,-4.367519,-120.411430,-40.6,11.71,65.9,6,1.8,103.7,4.210,-4.2,0,1,1028
2026-04-03T17:38:29,-4.366991,-120.409782,-41.2,14.24,76.6,6,1.8,103.5,4.207,-4.4,0,1,1029
2026-04-03T17:38:58,-4.366547,-120.408028,-37.2,12.79,77.3,7,1.7,103.5,4.209,-4.4,0,1,1030
2026-04-03T17:39:26,-4.366063,-120.406334,-35.6,13.36,77.1,7,1.7,103.4,4.211,-4.2,0,1,1031
2026-04-03T17:39:54,-4.365559,-120.404701,-30.9,12.83,72.2,7,1.7,103.5,4.210,-4.4,0,1,1032
2026-04-03T17:40:23,-4.365078,-120.402954,-27.5,13.35,75.1,7,1.7,103.5,4.211,-4.4,0,1,1033
2026-04-03T17:40:51,-4.364615,-120.401306,-24.9,13.49,71.2,7,1.7,103.7,4.211,-4.2,0,1,1034
2026-04-03T17:41:19,-4.364069,-120.399734,-24.6,12.72,68.6,7,1.7,103.7,4.211,-4.2,0,1,1035
2026-04-03T17:41:48,-4.363487,-120.398041,-23.8,12.38,59.2,7,1.7,103.5,4.211,-4.4,0,1,1036
2026-04-03T17:42:16,-4.363035,-120.396362,-21.0,13.72,75.6,7,1.7,103.5,4.209,-4.4,0,1,1037
2026-04-03T17:42:44,-4.362572,-120.394699,-18.0,13.58,70.8,7,1.7,103.8,4.211,-4.2,0,1,1038
2026-04-03T17:43:12,-4.362062,-120.393089,-18.6,13.50,66.5,7,1.7,103.5,4.210,-4.4,0,1,1039
2026-04-03T17:43:41,-4.361623,-120.391312,-19.4,12.94,74.3,7,1.7,103.4,4.210,-4.2,0,1,1040
2026-04-03T17:44:09,-4.361088,-120.389694,-18.6,12.64,68.9,6,2.0,103.5,4.211,-4.4,0,1,1041
2026-04-03T17:44:37,-4.360662,-120.388031,-14.1,13.05,78.8,6,2.0,103.5,4.209,-4.4,0,1,1042
2026-04-03T17:45:06,-4.360125,-120.386330,-11.0,13.58,69.6,6,2.0,103.5,4.210,-4.4,0,1,1043
2026-04-03T17:45:34,-4.359655,-120.384651,-10.3,12.94,69.7,6,2.0,103.4,4.210,-4.2,0,1,1044
2026-04-03T17:46:03,-4.359147,-120.382950,-11.5,13.10,71.3,6,2.0,103.5,4.210,-4.4,0,1,1045
2026-04-03T17:46:31,-4.358682,-120.381325,-13.6,13.25,70.2,7,1.7,103.5,4.213,-4.4,0,1,1046
2026-04-03T17:46:59,-4.358217,-120.379715,-15.0,13.04,78.1,6,2.0,103.5,4.211,-4.4,0,1,1047
2026-04-03T17:47:28,-4.357550,-120.378059,-12.2,13.15,73.5,5,3.9,103.5,4.211,-4.4,0,1,1048
2026-04-03T17:47:56,-4.357225,-120.376335,-12.4,12.36,70.4,6,2.0,103.7,4.211,-4.2,0,1,1049
2026-04-03T17:48:24,-4.356670,-120.374748,-14.4,12.62,65.7,7,1.7,103.4,4.210,-4.2,0,1,1050
2026-04-03T17:48:52,-4.356298,-120.373085,-17.2,12.98,74.2,7,1.7,103.5,4.211,-4.4,0,1,1051
2026-04-03T17:49:21,-4.355602,-120.371353,-2.9,12.73,73.1,7,1.3,103.4,4.210,-4.2,0,1,1052
2026-04-03T17:49:49,-4.355167,-120.369637,-0.1,13.58,75.7,8,1.3,103.5,4.210,-4.4,0,1,1053
2026-04-03T17:50:17,-4.354705,-120.367989,-0.2,12.50,73.3,8,1.3,103.5,4.210,-4.4,0,1,1054
2026-04-03T17:50:46,-4.354138,-120.366348,-0.2,13.15,64.7,7,2.2,103.5,4.210,-4.4,0,1,1055
2026-04-03T17:51:14,-4.353752,-120.364632,-0.2,12.31,72.1,8,1.3,103.7,4.210,-4.2,0,1,1056
2026-04-03T17:51:42,-4.353180,-120.363007,-2.0,13.18,68.7,8,1.3,103.5,4.209,-4.4,0,1,1057
2026-04-03T17:52:11,-4.352677,-120.361305,-1.4,12.76,71.8,8,1.3,103.7,4.213,-4.2,0,1,1058
2026-04-03T17:52:39,-4.352262,-120.359642,3.2,13.37,70.1,8,1.3,103.4,4.211,-4.2,0,1,1059
2026-04-03T17:53:07,-4.351750,-120.358017,0.5,13.54,71.0,8,1.3,103.4,4.210,-4.2,0,1,1060
2026-04-03T17:53:36,-4.351353,-120.356277,-0.7,13.88,76.2,8,1.3,103.4,4.209,-4.2,0,1,1061
2026-04-03T17:54:04,-4.350882,-120.354637,-5.1,13.70,79.7,8,1.3,103.4,4.211,-4.2,0,1,1062
2026-04-03T17:54:32,-4.350333,-120.353065,-8.8,12.37,76.1,8,1.3,103.5,4.209,-4.4,0,1,1063
2026-04-03T17:55:01,-4.349882,-120.351357,-8.9,12.85,73.4,8,1.3,103.8,4.210,-4.2,0,1,1064
2026-04-03T17:55:29,-4.349406,-120.349731,-8.0,13.23,69.7,7,1.3,103.4,4.210,-4.2,0,1,1065
2026-04-03T17:55:57,-4.348868,-120.348068,-10.9,12.76,71.5,8,1.3,103.4,4.209,-4.2,0,1,1066
2026-04-03T17:56:26,-4.348476,-120.346275,-14.2,13.44,75.8,8,1.3,103.4,4.209,-4.2,0,1,1067
2026-04-03T17:56:54,-4.347822,-120.344742,-17.7,12.56,68.8,7,1.3,103.5,4.210,-4.4,0,1,1068
2026-04-03T17:57:22,-4.347383,-120.343063,-13.8,13.62,75.5,7,1.3,103.8,4.210,-4.2,0,1,1069
2026-04-03T17:57:51,-4.346938,-120.341362,-8.9,12.92,74.1,7,1.3,103.4,4.210,-4.2,0,1,1070
2026-04-03T17:58:19,-4.346412,-120.339752,-9.2,11.99,72.8,7,1.3,103.5,4.210,-4.4,0,1,1071
2026-04-03T17:58:47,-4.345955,-120.338058,-8.7,13.60,75.0,7,1.3,103.4,4.211,-4.2,0,1,1072
2026-04-03T17:59:16,-4.345742,-120.336090,0.1,13.28,76.7,8,1.3,103.8,4.210,-4.2,0,1,1073
2026-04-03T17:59:44,-4.345338,-120.334351,1.6,13.51,72.9,8,1.3,103.7,4.210,-4.2,0,1,1074
2026-04-03T18:00:12,-4.344862,-120.332687,2.2,13.90,77.8,7,2.2,103.7,4.210,-4.2,0,1,1075
2026-04-03T18:00:41,-4.344310,-120.330994,-0.6,13.41,76.0,8,1.3,103.7,4.209,-4.2,0,1,1076
2026-04-03T18:01:09,-4.343878,-120.329346,0.8,12.68,77.6,8,1.3,103.7,4.210,-4.2,0,1,1077
2026-04-03T18:01:37,-4.343421,-120.327667,0.5,13.18,76.9,8,1.3,103.7,4.210,-4.2,0,1,1078
2026-04-03T18:02:06,-4.342862,-120.325966,-0.6,13.32,72.4,7,2.3,103.5,4.211,-4.4,0,1,1079
2026-04-03T18:02:34,-4.342405,-120.324303,1.8,14.07,75.2,7,2.3,103.4,4.210,-4.2,0,1,1080
2026-04-03T18:03:02,-4.341892,-120.322647,-1.1,13.62,72.3,8,1.3,103.7,4.210,-4.2,0,1,1081
2026-04-03T18:03:31,-4.341428,-120.320908,-4.4,13.51,70.2,7,2.3,103.7,4.210,-4.2,0,1,1082
2026-04-03T18:03:59,-4.340968,-120.319260,0.6,14.53,79.1,7,2.3,103.5,4.210,-4.4,0,1,1083
2026-04-03T18:04:27,-4.340448,-120.317619,3.2,13.74,71.8,7,2.3,103.5,4.211,-4.4,0,1,1084
2026-04-03T18:04:56,-4.339950,-120.315933,1.8,13.45,76.9,7,2.3,103.5,4.211,-4.4,0,1,1085
2026-04-03T18:05:24,-4.339406,-120.314293,-6.9,13.51,76.7,7,2.3,103.4,4.210,-4.2,0,1,1086
2026-04-03T18:05:52,-4.338895,-120.312653,-3.4,13.34,72.8,7,2.3,103.5,4.210,-4.4,0,1,1087
2026-04-03T18:06:21,-4.338430,-120.310890,-3.7,13.38,74.7,7,2.4,103.8,4.209,-4.2,0,1,1088
2026-04-03T18:06:49,-4.337890,-120.309273,1.2,12.53,78.8,8,1.3,103.5,4.210,-4.4,0,1,1089
2026-04-03T18:07:17,-4.337471,-120.307518,8.0,13.20,76.1,8,1.3,103.7,4.210,-4.2,0,1,1090
2026-04-03T18:07:46,-4.336905,-120.305885,6.8,13.61,72.0,8,1.3,103.5,4.209,-4.4,0,1,1091
2026-04-03T18:08:14,-4.336468,-120.304169,8.0,13.35,73.5,8,1.3,103.5,4.210,-4.4,0,1,1092
2026-04-03T18:08:42,-4.335977,-120.302475,7.3,12.68,74.0,8,1.3,103.5,4.209,-4.4,0,1,1093
2026-04-03T18:09:11,-4.335443,-120.300812,7.8,12.74,75.2,8,1.3,103.5,4.210,-4.4,0,1,1094
2026-04-03T18:09:39,-4.334935,-120.299088,9.9,13.72,73.3,7,2.4,103.7,4.211,-4.2,0,1,1095
2026-04-03T18:10:07,-4.334440,-120.297470,13.1,12.93,75.6,8,1.3,103.5,4.211,-4.4,0,1,1096
2026-04-03T18:10:36,-4.333885,-120.295784,14.1,13.02,67.7,7,2.4,103.7,4.210,-4.2,0,1,1097
2026-04-03T18:11:04,-4.333363,-120.294144,16.2,13.06,76.1,8,1.3,103.2,4.210,-4.2,0,1,1098
2026-04-03T18:11:32,-4.332853,-120.292465,16.0,12.80,73.7,8,1.3,103.7,4.210,-4.2,0,1,1099
2026-04-03T18:12:01,-4.332350,-120.290817,13.6,12.97,75.5,7,2.4,103.5,4.210,-4.4,0,1,1100
2026-04-03T18:12:29,-4.331902,-120.289154,14.9,13.00,76.9,7,2.4,103.5,4.210,-4.4,0,1,1101
2026-04-03T18:12:57,-4.331415,-120.287529,17.2,12.93,72.0,7,2.5,103.5,4.210,-4.4,0,1,1102
2026-04-03T18:13:26,-4.331011,-120.285759,7.6,12.68,69.3,7,2.5,103.5,4.209,-4.4,0,1,1103
2026-04-03T18:13:54,-4.330662,-120.284042,-1.8,14.14,66.3,6,2.5,103.2,4.210,-4.2,0,1,1104
2026-04-03T18:14:22,-4.330268,-120.282341,-11.7,13.34,71.6,6,2.5,103.5,4.210,-4.4,0,1,1105
2026-04-03T18:14:51,-4.329771,-120.280640,-7.6,13.66,71.2,6,2.6,103.4,4.211,-4.2,0,1,1106
2026-04-03T18:15:19,-4.329259,-120.278961,-9.4,14.57,79.9,6,2.6,103.7,4.210,-4.2,0,1,1107
2026-04-03T18:15:47,-4.328641,-120.277428,-0.5,13.54,65.9,6,2.6,103.4,4.211,-4.2,0,1,1108
2026-04-03T18:16:16,-4.328126,-120.275726,6.6,12.60,69.4,6,2.6,103.5,4.210,-4.4,0,1,1109
2026-04-03T18:16:44,-4.327828,-120.273933,5.1,14.36,74.3,6,2.6,103.5,4.210,-4.4,0,1,1110
2026-04-03T18:17:12,-4.327276,-120.272293,-6.7,13.65,70.7,6,2.6,103.5,4.210,-4.4,0,1,1111
2026-04-03T18:17:41,-4.326817,-120.270569,-9.7,13.78,76.9,6,2.6,103.5,4.211,-4.4,0,1,1112
2026-04-03T18:18:09,-4.326382,-120.268890,-9.4,13.89,69.4,6,2.6,103.5,4.209,-4.4,0,1,1113
2026-04-03T18:18:37,-4.325885,-120.267235,-14.0,12.86,67.9,6,2.6,103.7,4.209,-4.2,0,1,1114
2026-04-03T18:19:06,-4.325476,-120.265457,-10.4,13.81,71.9,6,2.6,103.5,4.210,-4.4,0,1,1115
2026-04-03T18:19:34,-4.325078,-120.263741,-15.4,12.94,76.2,8,2.0,103.4,4.209,-4.2,0,1,1116
2026-04-03T18:20:02,-4.324620,-120.262093,-13.5,12.97,70.1,7,2.1,103.8,4.209,-4.2,0,1,1117
2026-04-03T18:20:30,-4.324047,-120.260483,-15.1,13.83,73.7,7,2.1,103.5,4.210,-4.4,0,1,1118
2026-04-03T18:20:59,-4.323603,-120.258728,-12.4,13.23,72.7,7,2.1,103.5,4.210,-4.4,0,1,1119
2026-04-03T18:21:27,-4.323163,-120.257088,-7.7,14.29,76.0,7,2.1,103.5,4.210,-4.4,0,1,1120
2026-04-03T18:21:55,-4.322713,-120.255424,-13.2,13.18,79.3,7,2.1,103.5,4.209,-4.4,0,1,1121
2026-04-03T18:22:24,-4.322202,-120.253708,-15.9,12.84,67.5,7,2.1,103.7,4.210,-4.2,0,1,1122
2026-04-03T18:22:52,-4.321703,-120.252098,-15.9,13.74,72.4,7,2.1,103.4,4.210,-4.2,0,1,1123
2026-04-03T18:23:20,-4.321142,-120.250443,-16.0,13.43,71.1,8,2.0,103.7,4.210,-4.2,0,1,1124
2026-04-03T18:23:49,-4.320648,-120.248726,-8.8,13.36,70.1,7,2.1,103.4,4.210,-4.2,0,1,1125
2026-04-03T18:24:17,-4.320080,-120.247116,-0.2,12.02,67.0,8,2.0,103.4,4.210,-4.2,0,1,1126
2026-04-03T18:24:46,-4.319528,-120.245399,0.6,13.67,69.0,7,2.1,103.4,4.210,-4.2,0,1,1127
2026-04-03T18:25:14,-4.318968,-120.243736,-3.5,12.68,76.2,8,2.0,103.4,4.211,-4.2,0,1,1128
2026-04-03T18:25:42,-4.318393,-120.242126,-7.7,13.19,66.8,8,2.0,103.4,4.210,-4.2,0,1,1129
2026-04-03T18:26:11,-4.317936,-120.240356,-6.1,13.08,71.2,7,2.1,103.5,4.211,-4.4,0,1,1130
2026-04-03T18:26:39,-4.317395,-120.238693,-8.5,13.80,69.5,8,2.0,103.4,4.209,-4.2,0,1,1131
2026-04-03T18:27:07,-4.316853,-120.237091,-5.3,13.28,71.3,8,2.0,103.7,4.211,-4.2,0,1,1132
2026-04-03T18:27:36,-4.316319,-120.235390,0.2,13.03,71.0,8,2.0,103.7,4.210,-4.2,0,1,1133
2026-04-03T18:28:04,-4.315905,-120.233673,4.0,13.55,74.2,8,2.0,103.4,4.210,-4.2,0,1,1134
2026-04-03T18:28:32,-4.315372,-120.231987,15.3,13.61,69.9,8,2.0,103.8,4.210,-4.2,0,1,1135
2026-04-03T18:29:01,-4.314921,-120.230263,27.7,13.73,74.2,7,2.0,103.4,4.210,-4.2,0,1,1136
2026-04-03T18:29:29,-4.314405,-120.228569,30.7,13.85,74.9,8,2.0,103.5,4.210,-4.4,0,1,1137
2026-04-03T18:29:57,-4.313865,-120.226944,28.6,13.18,76.0,8,2.0,103.5,4.210,-4.4,0,1,1138
2026-04-03T18:30:26,-4.313360,-120.225204,23.7,13.12,67.6,8,1.9,103.7,4.211,-4.2,0,1,1139
2026-04-03T18:30:54,-4.312977,-120.223450,19.4,12.76,72.9,8,1.9,103.8,4.213,-4.2,0,1,1140
2026-04-03T18:31:23,-4.312515,-120.221718,18.8,13.63,70.6,8,1.9,103.5,4.210,-4.4,0,1,1141
2026-04-03T18:31:51,-4.312053,-120.220032,14.4,12.93,67.8,8,1.9,103.2,4.209,-4.2,0,1,1142
2026-04-03T18:32:19,-4.311627,-120.218254,11.8,14.15,73.4,8,1.9,103.5,4.210,-4.4,0,1,1143
2026-04-03T18:32:48,-4.311182,-120.216522,10.7,14.37,77.7,8,1.9,103.5,4.210,-4.4,0,1,1144
2026-04-03T18:33:16,-4.310580,-120.214897,12.6,13.01,70.1,8,1.9,103.5,4.210,-4.4,0,1,1145
2026-04-03T18:33:44,-4.310117,-120.213211,13.6,13.02,74.2,8,1.9,103.4,4.210,-4.2,0,1,1146
2026-04-03T18:34:13,-4.309730,-120.211456,13.2,14.38,77.3,8,1.9,103.5,4.209,-4.4,0,1,1147
2026-04-03T18:34:41,-4.309218,-120.209770,15.5,13.83,72.7,8,1.9,103.7,4.210,-4.2,0,1,1148
2026-04-03T18:35:09,-4.308743,-120.208061,13.3,13.37,73.4,8,1.9,103.7,4.209,-4.2,0,1,1149
2026-04-03T18:35:38,-4.308222,-120.206352,13.9,12.63,73.0,8,1.9,103.8,4.210,-4.2,0,1,1150
2026-04-03T18:36:06,-4.307735,-120.204712,18.9,12.36,74.9,8,1.9,103.4,4.210,-4.2,0,1,1151
2026-04-03T18:36:34,-4.307205,-120.203056,25.5,14.22,73.3,8,1.9,103.4,4.211,-4.2,0,1,1152
2026-04-03T18:37:03,-4.306717,-120.201332,24.5,13.58,73.3,8,1.9,103.7,4.210,-4.2,0,1,1153
2026-04-03T18:37:31,-4.306290,-120.199631,20.8,13.98,73.6,8,1.8,103.4,4.211,-4.2,0,1,1154
2026-04-03T18:37:59,-4.305861,-120.197937,13.6,12.80,72.9,8,1.8,103.5,4.211,-4.4,0,1,1155
2026-04-03T18:38:28,-4.305373,-120.196182,13.6,14.46,70.0,8,1.8,103.5,4.210,-4.4,0,1,1156
2026-04-03T18:38:56,-4.304811,-120.194511,14.5,15.70,73.2,8,1.8,103.5,4.210,-4.4,0,1,1157
2026-04-03T18:39:24,-4.304302,-120.192894,23.0,12.24,71.4,8,1.8,103.5,4.209,-4.4,0,1,1158
2026-04-03T18:39:52,-4.303733,-120.191284,25.2,12.85,67.0,8,1.8,103.7,4.210,-4.2,0,1,1159
2026-04-03T18:40:21,-4.303268,-120.189529,24.4,13.32,71.0,8,1.8,103.5,4.210,-4.4,0,1,1160
2026-04-03T18:40:49,-4.302817,-120.187813,21.9,12.46,69.6,8,1.8,103.7,4.210,-4.2,0,1,1161
2026-04-03T18:41:17,-4.302345,-120.186165,20.7,12.82,71.6,8,1.8,103.4,4.210,-4.2,0,1,1162
2026-04-03T18:41:46,-4.301837,-120.184433,20.0,12.89,72.5,8,1.8,103.2,4.210,-4.2,0,1,1163
2026-04-03T18:42:14,-4.301360,-120.182785,23.7,13.08,72.7,8,1.8,103.7,4.210,-4.2,0,1,1164
2026-04-03T18:42:42,-4.300853,-120.181084,24.4,14.17,69.9,8,1.8,103.5,4.210,-4.4,0,1,1165
2026-04-03T18:43:11,-4.300353,-120.179405,26.0,11.87,69.9,8,1.8,103.7,4.211,-4.2,0,1,1166
2026-04-03T18:43:39,-4.299879,-120.177650,26.4,13.90,73.2,8,1.8,103.5,4.207,-4.4,0,1,1167
2026-04-03T18:44:07,-4.299435,-120.175949,30.3,14.12,72.6,7,1.9,103.5,4.211,-4.4,0,1,1168
2026-04-03T18:44:36,-4.299025,-120.174156,29.9,12.83,73.9,7,1.9,103.5,4.209,-4.4,0,1,1169
2026-04-03T18:45:04,-4.298522,-120.172478,19.7,13.28,74.1,5,2.6,103.4,4.210,-4.2,0,1,1170
2026-04-03T18:45:32,-4.297953,-120.170815,20.1,12.49,70.3,5,2.6,103.5,4.210,-4.4,0,1,1171
2026-04-03T18:46:00,-4.297592,-120.168999,15.3,14.49,71.7,6,2.0,103.4,4.210,-4.2,0,1,1172
2026-04-03T18:46:28,-4.297192,-120.167206,0.1,14.55,71.2,7,1.9,103.4,4.211,-4.2,0,1,1173
2026-04-03T18:46:57,-4.296765,-120.165390,-11.9,13.38,74.8,7,1.9,103.4,4.210,-4.2,0,1,1174
2026-04-03T18:47:25,-4.296406,-120.163574,-25.9,13.64,74.5,7,1.9,103.5,4.210,-4.4,0,1,1175
2026-04-03T18:47:53,-4.295973,-120.161804,-41.0,13.91,76.6,7,1.9,103.2,4.211,-4.2,0,1,1176
2026-04-03T18:48:22,-4.295532,-120.160042,-49.7,13.44,72.1,7,1.8,103.5,4.209,-4.4,0,1,1177
2026-04-03T18:48:50,-4.295090,-120.158295,-55.6,13.56,74.5,7,1.8,103.7,4.210,-4.2,0,1,1178
2026-04-03T18:49:18,-4.294601,-120.156647,-56.2,12.68,75.8,7,1.8,103.5,4.210,-4.4,0,1,1179
2026-04-03T18:49:47,-4.294066,-120.154953,-50.4,13.24,74.5,7,1.8,103.7,4.211,-4.2,0,1,1180
2026-04-03T18:50:15,-4.293606,-120.153305,-42.7,14.30,76.7,7,1.8,103.5,4.209,-4.4,0,1,1181
2026-04-03T18:50:43,-4.292973,-120.151779,-24.1,12.35,72.0,7,1.8,103.5,4.210,-4.4,0,1,1182
2026-04-03T18:51:12,-4.292325,-120.150116,0.6,12.47,71.5,7,1.8,103.4,4.210,-4.2,0,1,1183
2026-04-03T18:51:40,-4.291763,-120.148567,23.0,12.95,68.0,7,1.8,103.7,4.210,-4.2,0,1,1184
2026-04-03T18:52:08,-4.291183,-120.146881,37.4,13.07,69.3,7,1.8,103.2,4.211,-4.2,0,1,1185
2026-04-03T18:52:37,-4.290680,-120.145218,41.9,12.32,68.2,7,1.8,103.5,4.209,-4.4,0,1,1186
2026-04-03T18:53:05,-4.290172,-120.143578,47.2,13.39,70.6,7,1.8,103.4,4.209,-4.2,0,1,1187
2026-04-03T18:53:33,-4.289570,-120.141853,47.2,13.40,71.0,7,1.8,103.7,4.210,-4.2,0,1,1188
2026-04-03T18:54:02,-4.289113,-120.140137,47.8,13.11,72.4,7,1.8,103.5,4.209,-4.4,0,1,1189
2026-04-03T18:54:30,-4.288557,-120.138420,47.2,13.84,67.7,7,1.8,103.4,4.209,-4.2,0,1,1190
2026-04-03T18:54:58,-4.288038,-120.136780,49.8,12.99,68.7,7,1.8,103.2,4.210,-4.2,0,1,1191
2026-04-03T18:55:27,-4.287519,-120.135117,67.4,12.95,70.6,7,1.7,103.7,4.210,-4.2,0,1,1192
2026-04-03T18:55:55,-4.286950,-120.133476,73.7,11.68,69.0,7,1.7,103.4,4.210,-4.2,0,1,1193
2026-04-03T18:56:23,-4.286403,-120.131828,71.2,13.04,63.8,7,1.7,103.5,4.209,-4.4,0,1,1194
2026-04-03T18:56:52,-4.285980,-120.130013,63.1,12.98,68.9,7,1.7,103.7,4.209,-4.2,0,1,1195
2026-04-03T18:57:20,-4.285602,-120.128281,60.5,12.96,73.0,7,1.7,103.7,4.211,-4.2,0,1,1196
2026-04-03T18:57:48,-4.284995,-120.126617,52.9,11.70,68.3,7,1.7,103.5,4.209,-4.4,0,1,1197
2026-04-03T18:58:17,-4.284580,-120.124809,34.3,13.13,71.2,7,1.7,103.5,4.209,-4.4,0,1,1198
2026-04-03T18:58:45,-4.284263,-120.122986,25.4,13.56,74.2,7,1.7,103.4,4.210,-4.2,0,1,1199
2026-04-03T18:59:13,-4.283780,-120.121330,23.4,11.98,72.8,7,1.7,103.5,4.211,-4.4,0,1,1200
2026-04-03T18:59:42,-4.283303,-120.119530,20.2,13.59,74.8,7,1.7,103.5,4.209,-4.4,0,1,1201
2026-04-03T19:00:10,-4.282755,-120.117821,15.1,14.23,71.7,7,1.7,103.5,4.210,-4.4,0,1,1202
2026-04-03T19:00:38,-4.282251,-120.116096,8.2,13.43,71.1,7,1.7,103.5,4.211,-4.4,0,1,1203
2026-04-03T19:01:07,-4.281782,-120.114342,9.0,13.90,70.1,7,1.7,103.7,4.209,-4.2,0,1,1204
2026-04-03T19:01:35,-4.281263,-120.112755,11.0,13.10,68.9,7,1.7,103.4,4.210,-4.2,0,1,1205
2026-04-03T19:02:03,-4.280763,-120.111069,15.9,12.03,69.2,7,1.7,103.2,4.210,-4.2,0,1,1206
2026-04-03T19:02:32,-4.280246,-120.109337,18.2,10.97,66.7,7,1.7,103.5,4.210,-4.4,0,1,1207
2026-04-03T19:03:00,-4.279743,-120.107635,22.3,14.21,71.5,7,1.7,103.5,4.209,-4.4,0,1,1208
2026-04-03T19:03:28,-4.279268,-120.106010,24.8,12.03,71.6,7,1.7,103.2,4.210,-4.2,0,1,1209
2026-04-03T19:03:57,-4.278755,-120.104256,35.4,13.56,73.9,7,1.6,103.4,4.211,-4.2,0,1,1210
2026-04-03T19:04:25,-4.278243,-120.102592,38.2,12.26,76.6,7,1.6,103.5,4.209,-4.4,0,1,1211
2026-04-03T19:04:53,-4.277723,-120.100914,38.3,13.07,68.5,7,1.6,103.7,4.209,-4.2,0,1,1212
2026-04-03T19:05:22,-4.277220,-120.099213,42.0,13.30,68.3,7,1.6,103.7,4.209,-4.2,0,1,1213
2026-04-03T19:05:50,-4.276731,-120.097458,36.8,15.30,78.6,7,1.6,103.5,4.210,-4.4,0,1,1214
2026-04-03T19:06:18,-4.276248,-120.095894,42.0,11.75,74.5,7,1.6,103.4,4.210,-4.2,0,1,1215
2026-04-03T19:06:47,-4.275745,-120.094185,47.2,12.67,72.9,7,1.6,103.4,4.209,-4.2,0,1,1216
2026-04-03T19:07:15,-4.275251,-120.092545,48.7,12.84,73.3,7,1.6,103.5,4.210,-4.4,0,1,1217
2026-04-03T19:07:43,-4.274796,-120.090942,50.5,11.31,71.4,7,1.6,103.4,4.210,-4.2,0,1,1218
2026-04-03T19:08:12,-4.274373,-120.089188,49.0,12.16,74.4,7,1.6,103.7,4.210,-4.2,0,1,1219
2026-04-03T19:08:40,-4.273819,-120.087517,49.5,12.43,68.9,7,1.6,103.7,4.209,-4.2,0,1,1220
2026-04-03T19:09:08,-4.273320,-120.085846,40.2,13.90,68.3,7,1.6,103.5,4.210,-4.4,0,1,1221
2026-04-03T19:09:37,-4.272885,-120.084137,39.9,12.00,70.9,7,1.6,103.5,4.210,-4.4,0,1,1222
2026-04-03T19:10:05,-4.272496,-120.082443,35.9,9.51,68.9,7,1.6,103.5,4.210,-4.4,0,1,1223
2026-04-03T19:10:33,-4.272027,-120.080719,28.1,11.96,74.3,7,1.6,103.4,4.210,-4.2,0,1,1224
2026-04-03T19:11:02,-4.271528,-120.078812,16.1,13.23,74.7,7,3.9,103.4,4.209,-4.2,0,1,1225
2026-04-03T19:11:30,-4.271056,-120.077133,10.7,13.21,73.3,7,1.6,103.7,4.210,-4.2,0,1,1226
2026-04-03T19:11:58,-4.270602,-120.075562,13.4,13.32,72.1,7,1.6,103.7,4.209,-4.2,0,1,1227
2026-04-03T19:12:26,-4.270146,-120.073921,36.5,13.02,76.9,8,1.5,103.7,4.209,-4.2,0,1,1228
2026-04-03T19:12:54,-4.269540,-120.072205,44.4,12.63,68.9,8,1.5,103.7,4.210,-4.2,0,1,1229
2026-04-03T19:13:23,-4.269021,-120.070450,44.5,12.06,73.5,7,1.9,103.4,4.209,-4.2,0,1,1230
2026-04-03T19:13:51,-4.268553,-120.068802,46.4,12.15,75.1,8,1.5,103.4,4.210,-4.2,0,1,1231
2026-04-03T19:14:19,-4.268068,-120.067070,52.0,12.32,73.5,8,1.5,103.4,4.210,-4.2,0,1,1232
2026-04-03T19:14:48,-4.267467,-120.065407,54.4,11.71,71.6,8,1.5,103.4,4.211,-4.2,0,1,1233
2026-04-03T19:15:16,-4.266955,-120.063667,58.5,13.86,76.2,8,1.5,103.5,4.210,-4.4,0,1,1234
2026-04-03T19:15:44,-4.266490,-120.061981,53.4,14.06,80.3,9,2.5,103.4,4.209,-4.2,0,1,1235
2026-04-03T19:16:13,-4.266062,-120.060310,50.7,13.05,73.6,9,1.4,103.4,4.210,-4.2,0,1,1236
2026-04-03T19:16:41,-4.265407,-120.058647,68.3,13.47,73.3,9,1.4,103.4,4.209,-4.2,0,1,1237
2026-04-03T19:17:09,-4.264905,-120.056961,77.4,13.28,74.9,9,1.4,103.4,4.211,-4.2,0,1,1238
2026-04-03T19:17:38,-4.264522,-120.055206,58.3,12.83,73.2,8,1.7,103.8,4.210,-4.2,0,1,1239
2026-04-03T19:18:06,-4.264089,-120.053413,46.8,13.71,69.3,9,1.4,103.4,4.210,-4.2,0,1,1240
2026-04-03T19:18:34,-4.263538,-120.051773,71.8,12.92,68.0,9,1.4,103.5,4.209,-4.4,0,1,1241
2026-04-03T19:19:03,-4.263057,-120.050026,70.3,13.55,73.2,9,1.4,103.4,4.210,-4.2,0,1,1242
2026-04-03T19:19:31,-4.262475,-120.048386,72.4,14.10,69.4,9,1.4,103.5,4.210,-4.4,0,1,1243
2026-04-03T19:19:59,-4.261957,-120.046654,69.9,13.09,69.7,9,1.4,103.5,4.209,-4.4,0,1,1244
2026-04-03T19:20:27,-4.261397,-120.044991,70.1,13.51,72.1,9,1.4,103.5,4.210,-4.4,0,1,1245
2026-04-03T19:20:56,-4.260963,-120.043236,60.8,13.47,68.1,9,1.4,103.7,4.210,-4.2,0,1,1246
2026-04-03T19:21:24,-4.260491,-120.041527,58.5,14.12,66.7,9,1.4,103.2,4.211,-4.2,0,1,1247
2026-04-03T19:21:52,-4.259988,-120.039856,51.5,12.91,70.0,9,1.4,103.4,4.207,-4.2,0,1,1248
2026-04-03T19:22:21,-4.259578,-120.038033,31.1,14.10,70.2,9,1.4,103.7,4.209,-4.2,0,1,1249
2026-04-03T19:22:49,-4.259007,-120.036392,40.2,13.53,70.1,8,1.6,103.7,4.210,-4.2,0,1,1250
2026-04-03T19:23:18,-4.258505,-120.034622,40.3,13.49,67.9,8,1.7,103.4,4.210,-4.2,0,1,1251
2026-04-03T19:23:46,-4.257932,-120.032944,48.5,13.44,75.2,9,1.4,103.5,4.210,-4.4,0,1,1252
2026-04-03T19:24:14,-4.257525,-120.031235,37.7,13.81,66.6,9,1.3,103.4,4.209,-4.2,0,1,1253
2026-04-03T19:24:43,-4.257063,-120.029449,41.0,15.31,68.9,9,1.3,103.2,4.209,-4.2,0,1,1254
2026-04-03T19:25:11,-4.256627,-120.027748,38.1,14.30,74.5,8,1.6,103.4,4.209,-4.2,0,1,1255
2026-04-03T19:25:39,-4.256157,-120.026062,33.7,13.50,71.8,8,1.6,103.8,4.211,-4.2,0,1,1256
2026-04-03T19:26:08,-4.255767,-120.024246,28.9,13.67,74.9,8,1.6,103.4,4.209,-4.2,0,1,1257
2026-04-03T19:26:36,-4.255190,-120.022552,35.8,13.23,74.6,8,1.6,103.5,4.210,-4.4,0,1,1258
2026-04-03T19:27:04,-4.254550,-120.020943,44.7,13.11,62.2,8,1.6,103.4,4.210,-4.2,0,1,1259
2026-04-03T19:27:33,-4.254058,-120.019203,53.7,14.12,63.7,8,1.6,103.5,4.210,-4.4,0,1,1260
2026-04-03T19:28:01,-4.253553,-120.017509,58.1,14.15,68.5,8,1.6,103.4,4.207,-4.2,0,1,1261
2026-04-03T19:28:29,-4.253180,-120.015755,42.3,13.50,73.8,8,1.6,103.5,4.207,-4.4,0,1,1262
2026-04-03T19:28:58,-4.252615,-120.014015,51.4,12.61,71.4,8,1.6,103.5,4.209,-4.4,0,1,1263
2026-04-03T19:29:26,-4.252103,-120.012299,46.6,14.17,74.0,8,1.6,103.4,4.211,-4.2,0,1,1264
2026-04-03T19:29:54,-4.251665,-120.010544,36.4,13.24,73.9,8,1.6,103.5,4.209,-4.4,0,1,1265
2026-04-03T19:30:22,-4.251162,-120.008781,39.7,13.64,74.5,8,1.6,103.4,4.209,-4.2,0,1,1266
2026-04-03T19:30:51,-4.250482,-120.007011,49.2,13.78,66.5,8,1.6,103.4,4.209,-4.2,0,1,1267
2026-04-03T19:31:19,-4.250182,-120.005234,32.4,13.86,80.4,8,1.6,103.7,4.210,-4.2,0,1,1268
2026-04-03T19:31:47,-4.249743,-120.003471,28.2,13.08,76.6,8,1.6,103.7,4.209,-4.2,0,1,1269
2026-04-03T19:32:16,-4.249093,-120.001770,33.8,14.05,65.8,7,4.0,103.5,4.211,-4.4,0,1,1270
2026-04-03T19:32:44,-4.248665,-120.000099,30.4,12.50,75.2,8,1.6,103.5,4.210,-4.4,0,1,1271
2026-04-03T19:33:12,-4.248230,-119.998375,36.3,13.26,73.0,8,1.6,103.4,4.210,-4.2,0,1,1272
2026-04-03T19:33:41,-4.247750,-119.996643,31.4,13.95,68.1,8,1.6,103.4,4.211,-4.2,0,1,1273
2026-04-03T19:34:09,-4.247343,-119.994881,29.2,13.08,70.4,9,1.3,103.4,4.209,-4.2,0,1,1274
2026-04-03T19:34:37,-4.246968,-119.993149,11.0,15.19,73.8,9,1.8,103.2,4.211,-4.2,0,1,1275
2026-04-03T19:35:06,-4.246243,-119.991486,23.5,13.60,65.9,8,1.3,103.8,4.210,-4.2,0,1,1276
2026-04-03T19:35:34,-4.245653,-119.989723,22.5,12.72,74.0,8,1.3,103.7,4.209,-4.2,0,1,1277
2026-04-03T19:36:03,-4.245245,-119.988022,25.9,12.73,76.7,7,1.6,103.4,4.209,-4.2,0,1,1278
2026-04-03T19:36:31,-4.244726,-119.986366,29.2,13.26,69.9,8,1.3,103.7,4.210,-4.2,0,1,1279
2026-04-03T19:36:59,-4.244132,-119.984665,28.8,14.76,65.8,7,1.4,103.7,4.211,-4.2,0,1,1280
2026-04-03T19:37:28,-4.243653,-119.982903,29.1,14.14,69.8,7,1.6,103.5,4.209,-4.4,0,1,1281
2026-04-03T19:37:56,-4.243056,-119.981209,34.4,13.39,67.1,8,1.3,103.7,4.210,-4.2,0,1,1282
2026-04-03T19:38:24,-4.242547,-119.979469,33.9,13.61,74.2,8,1.3,103.4,4.210,-4.2,0,1,1283
2026-04-03T19:38:53,-4.242143,-119.977730,39.2,13.37,75.9,8,1.5,103.4,4.210,-4.2,0,1,1284
2026-04-03T19:39:21,-4.241458,-119.976051,39.1,15.37,67.0,8,1.3,103.4,4.210,-4.2,0,1,1285
2026-04-03T19:39:49,-4.240881,-119.974464,42.8,14.26,63.2,8,1.3,103.4,4.209,-4.2,0,1,1286
2026-04-03T19:40:18,-4.240390,-119.972725,43.0,13.75,69.1,9,1.3,103.7,4.210,-4.2,0,1,1287
2026-04-03T19:40:46,-4.239848,-119.971024,34.7,14.47,71.0,9,1.3,103.4,4.209,-4.2,0,1,1288
2026-04-03T19:41:14,-4.239455,-119.969254,24.8,14.06,72.8,10,1.1,103.5,4.210,-4.4,0,1,1289
2026-04-03T19:41:43,-4.238926,-119.967499,16.0,12.78,72.8,9,1.2,103.5,4.209,-4.4,0,1,1290
2026-04-03T19:42:11,-4.238470,-119.965782,10.3,13.24,75.3,8,1.2,103.7,4.210,-4.2,0,1,1291
2026-04-03T19:42:39,-4.237925,-119.964043,15.7,15.36,69.4,9,1.4,103.5,4.210,-4.4,0,1,1292
2026-04-03T19:43:08,-4.237442,-119.962303,7.2,13.51,73.8,9,1.2,103.4,4.210,-4.2,0,1,1293
2026-04-03T19:43:36,-4.236945,-119.960640,8.3,14.28,70.5,9,1.2,103.5,4.209,-4.4,0,1,1294
2026-04-03T19:44:04,-4.236567,-119.958954,2.6,13.30,79.8,9,1.4,103.4,4.210,-4.2,0,1,1295
2026-04-03T19:44:33,-4.236078,-119.957199,-0.4,13.02,73.6,8,2.1,103.5,4.211,-4.4,0,1,1296
2026-04-03T19:45:01,-4.235601,-119.955498,-1.7,13.14,76.4,8,1.2,103.4,4.210,-4.2,0,1,1297
2026-04-03T19:45:29,-4.235213,-119.953819,-2.4,14.18,80.8,8,1.2,103.4,4.210,-4.2,0,1,1298
2026-04-03T19:45:58,-4.234595,-119.952103,-2.0,13.84,70.4,9,1.2,103.7,4.210,-4.2,0,1,1299
2026-04-03T19:46:26,-4.234115,-119.950417,-0.5,12.33,81.7,8,2.2,103.5,4.209,-4.4,0,1,1300
2026-04-03T19:46:54,-4.233525,-119.948723,3.9,13.82,72.6,9,1.2,103.4,4.209,-4.2,0,1,1301
2026-04-03T19:47:23,-4.232880,-119.946999,15.0,13.48,72.6,9,1.2,103.5,4.209,-4.4,0,1,1302
2026-04-03T19:47:51,-4.232425,-119.945343,18.7,12.24,76.4,9,1.2,103.2,4.211,-4.2,0,1,1303
2026-04-03T19:48:19,-4.232063,-119.943626,5.9,13.08,76.9,9,1.2,103.4,4.209,-4.2,0,1,1304
2026-04-03T19:48:48,-4.231543,-119.941872,-2.0,13.19,76.1,9,1.2,103.4,4.209,-4.2,0,1,1305
2026-04-03T19:49:16,-4.231030,-119.940186,0.4,13.49,74.5,9,1.2,103.5,4.209,-4.4,0,1,1306
2026-04-03T19:49:44,-4.230438,-119.938522,-0.6,13.78,69.3,9,1.2,103.2,4.209,-4.2,0,1,1307
2026-04-03T19:50:13,-4.229875,-119.936783,-3.4,13.66,69.9,9,1.2,103.7,4.209,-4.2,0,1,1308
2026-04-03T19:50:41,-4.229366,-119.935066,0.6,13.63,75.3,8,2.3,103.5,4.210,-4.4,0,1,1309
2026-04-03T19:51:09,-4.228722,-119.933426,2.4,13.49,66.6,9,1.2,103.5,4.210,-4.4,0,1,1310
2026-04-03T19:51:38,-4.228355,-119.931671,-4.9,13.24,75.5,8,2.3,103.7,4.209,-4.2,0,1,1311
2026-04-03T19:52:06,-4.227775,-119.930000,-11.1,12.72,69.5,9,1.2,103.5,4.210,-4.4,0,1,1312
2026-04-03T19:52:34,-4.227340,-119.928253,-19.6,12.72,75.5,9,1.2,103.5,4.209,-4.4,0,1,1313
2026-04-03T19:53:03,-4.226831,-119.926506,-19.8,12.90,73.1,8,1.2,103.4,4.209,-4.2,0,1,1314
2026-04-03T19:53:31,-4.226156,-119.924835,-13.0,14.18,69.0,9,1.2,103.5,4.209,-4.4,0,1,1315
2026-04-03T19:53:59,-4.225590,-119.923187,-5.2,13.85,69.6,9,1.2,103.4,4.209,-4.2,0,1,1316
2026-04-03T19:54:28,-4.225166,-119.921486,-16.0,12.52,76.4,9,1.3,103.4,4.210,-4.2,0,1,1317
2026-04-03T19:54:56,-4.224828,-119.919861,-22.0,12.14,77.8,9,1.2,103.7,4.211,-4.2,0,1,1318
2026-04-03T19:55:24,-4.224135,-119.918182,-12.7,11.48,74.6,9,1.2,103.5,4.209,-4.4,0,1,1319
2026-04-03T19:55:53,-4.223609,-119.916504,-13.1,12.14,75.3,8,2.4,103.5,4.209,-4.4,0,1,1320
2026-04-03T19:56:21,-4.223295,-119.914909,-13.6,10.32,87.8,8,2.4,103.2,4.210,-4.2,0,1,1321
2026-04-03T19:56:49,-4.222763,-119.913269,-15.6,13.05,74.9,9,1.2,103.5,4.209,-4.4,0,1,1322
2026-04-03T19:57:18,-4.222043,-119.911568,-19.8,13.46,66.8,8,2.4,103.5,4.210,-4.4,0,1,1323
2026-04-03T19:57:46,-4.221720,-119.909889,-25.4,13.21,77.2,9,1.2,103.2,4.210,-4.2,0,1,1324
2026-04-03T19:58:14,-4.221293,-119.908264,-30.5,12.32,76.4,8,2.5,103.5,4.209,-4.4,0,1,1325
2026-04-03T19:58:43,-4.220751,-119.906548,-30.5,11.99,73.8,8,2.5,103.4,4.207,-4.2,0,1,1326
2026-04-03T19:59:11,-4.220242,-119.904938,-25.7,12.17,80.1,9,1.2,103.5,4.209,-4.4,0,1,1327
2026-04-03T19:59:39,-4.219495,-119.903336,-12.0,12.45,79.2,8,2.5,103.7,4.207,-4.2,0,1,1328
2026-04-03T20:00:08,-4.219069,-119.901543,-20.2,11.23,78.6,7,3.0,103.4,4.210,-4.2,0,1,1329
2026-04-03T20:00:36,-4.218755,-119.899826,-33.2,12.58,81.3,7,3.0,103.7,4.209,-4.2,0,1,1330
2026-04-03T20:01:04,-4.218287,-119.898109,-31.6,13.14,76.4,7,3.0,103.4,4.209,-4.2,0,1,1331
2026-04-03T20:01:33,-4.217609,-119.896423,-18.4,11.36,76.9,8,1.2,103.4,4.209,-4.2,0,1,1332
2026-04-03T20:02:01,-4.216995,-119.894745,-11.9,12.21,72.9,8,2.5,103.4,4.210,-4.2,0,1,1333
2026-04-03T20:02:29,-4.216505,-119.893059,-6.9,13.41,80.1,8,2.5,103.4,4.210,-4.2,0,1,1334
2026-04-03T20:02:58,-4.215827,-119.891327,-1.3,12.69,79.7,8,2.5,103.4,4.209,-4.2,0,1,1335
2026-04-03T20:03:26,-4.215253,-119.889664,0.7,13.33,72.3,8,2.5,103.5,4.210,-4.4,0,1,1336
2026-04-03T20:03:54,-4.214628,-119.888062,7.3,12.40,70.1,8,2.5,103.5,4.210,-4.4,0,1,1337
2026-04-03T20:04:23,-4.213975,-119.886337,18.2,12.69,80.4,8,2.5,103.4,4.210,-4.2,0,1,1338
2026-04-03T20:04:51,-4.213415,-119.884682,24.5,11.68,84.1,8,2.5,103.4,4.209,-4.2,0,1,1339
2026-04-03T20:05:19,-4.212948,-119.883018,10.3,12.69,67.6,8,2.5,103.5,4.209,-4.4,0,1,1340
2026-04-03T20:05:48,-4.212475,-119.881317,0.2,12.46,71.0,8,2.5,103.4,4.209,-4.2,0,1,1341
2026-04-03T20:06:16,-4.212099,-119.879631,-3.0,12.82,77.1,8,2.5,103.5,4.209,-4.4,0,1,1342
2026-04-03T20:06:44,-4.211518,-119.877937,-7.9,12.78,65.7,7,3.0,103.4,4.210,-4.2,0,1,1343
2026-04-03T20:07:13,-4.210950,-119.876221,3.8,11.14,77.1,7,3.0,103.7,4.209,-4.2,0,1,1344
2026-04-03T20:07:41,-4.210365,-119.874550,6.8,13.46,72.6,7,3.0,103.7,4.209,-4.2,0,1,1345
2026-04-03T20:08:09,-4.209895,-119.872887,10.5,11.97,86.3,7,3.0,103.7,4.207,-4.2,0,1,1346
2026-04-03T20:08:38,-4.209427,-119.871170,15.4,11.65,89.3,7,3.0,103.2,4.209,-4.2,0,1,1347
2026-04-03T20:09:06,-4.208770,-119.869492,17.4,13.61,70.5,7,3.0,103.7,4.210,-4.2,0,1,1348
2026-04-03T20:09:34,-4.208345,-119.867798,9.3,12.83,75.4,7,3.0,103.5,4.209,-4.4,0,1,1349
2026-04-03T20:10:03,-4.207915,-119.866096,0.7,12.30,79.7,7,2.9,103.4,4.207,-4.2,0,1,1350
2026-04-03T20:10:31,-4.207453,-119.864433,-5.8,12.59,78.3,7,2.9,103.4,4.209,-4.2,0,1,1351
2026-04-03T20:10:59,-4.207025,-119.862808,-3.8,12.41,73.3,7,2.9,103.4,4.210,-4.2,0,1,1352
2026-04-03T20:11:28,-4.206517,-119.861046,-0.6,14.14,71.8,7,2.9,103.7,4.207,-4.2,0,1,1353
2026-04-03T20:11:56,-4.206071,-119.859406,-3.9,12.58,82.9,7,2.9,103.4,4.210,-4.2,0,1,1354
2026-04-03T20:12:24,-4.205533,-119.857727,1.6,12.88,73.0,7,2.9,103.4,4.209,-4.2,0,1,1355
2026-04-03T20:12:53,-4.204990,-119.856010,0.9,11.73,79.1,7,2.9,103.4,4.210,-4.2,0,1,1356
2026-04-03T20:13:21,-4.204503,-119.854385,6.8,12.20,74.0,7,2.8,103.4,4.209,-4.2,0,1,1357
2026-04-03T20:13:49,-4.203782,-119.852722,11.9,12.18,73.5,7,2.8,103.4,4.209,-4.2,0,1,1358
2026-04-03T20:14:18,-4.203365,-119.851082,5.5,11.06,79.1,7,2.8,103.5,4.209,-4.4,0,1,1359
2026-04-03T20:14:46,-4.203127,-119.849472,-14.7,12.68,70.9,7,2.8,103.5,4.209,-4.4,0,1,1360
2026-04-03T20:15:14,-4.202201,-119.847748,-6.2,12.19,68.9,8,1.5,103.4,4.209,-4.2,0,1,1361
2026-04-03T20:15:43,-4.201700,-119.845940,4.7,13.39,70.3,8,1.5,103.7,4.207,-4.2,0,1,1362
2026-04-03T20:16:11,-4.201161,-119.844299,12.7,12.17,69.7,7,1.6,103.2,4.210,-4.2,0,1,1363
2026-04-03T20:16:39,-4.200605,-119.842690,11.8,12.81,70.0,8,1.5,103.5,4.209,-4.4,0,1,1364
2026-04-03T20:17:08,-4.200115,-119.840973,7.2,12.30,77.5,8,1.5,103.4,4.209,-4.2,0,1,1365
2026-04-03T20:17:36,-4.199590,-119.839310,7.0,11.71,72.9,8,1.5,103.4,4.210,-4.2,0,1,1366
2026-04-03T20:18:04,-4.199150,-119.837570,16.8,13.72,71.6,8,1.5,103.4,4.209,-4.2,0,1,1367
2026-04-03T20:18:33,-4.198667,-119.835854,28.0,11.71,74.8,8,1.5,103.4,4.209,-4.2,0,1,1368
2026-04-03T20:19:01,-4.198133,-119.834190,30.5,12.40,77.8,8,1.5,103.4,4.207,-4.2,0,1,1369
2026-04-03T20:19:29,-4.197602,-119.832512,28.7,13.90,62.5,8,1.5,103.4,4.211,-4.2,0,1,1370
2026-04-03T20:19:58,-4.197070,-119.830795,40.6,12.78,68.5,8,1.5,103.4,4.210,-4.2,0,1,1371
2026-04-03T20:20:26,-4.196573,-119.829109,36.0,13.76,65.0,8,1.5,103.4,4.209,-4.2,0,1,1372
2026-04-03T20:20:54,-4.196093,-119.827446,31.6,13.38,66.5,8,1.5,103.4,4.209,-4.2,0,1,1373
2026-04-03T20:21:23,-4.195653,-119.825699,22.5,11.70,79.8,8,1.5,103.5,4.210,-4.4,0,1,1374
2026-04-03T20:21:51,-4.195185,-119.824013,7.7,12.56,67.0,8,1.5,103.4,4.209,-4.2,0,1,1375
2026-04-03T20:22:19,-4.194736,-119.822365,3.4,12.84,73.2,8,1.5,103.4,4.211,-4.2,0,1,1376
2026-04-03T20:22:48,-4.194270,-119.820648,2.6,11.60,75.3,8,1.5,103.2,4.210,-4.2,0,1,1377
2026-04-03T20:23:16,-4.193760,-119.819008,-8.1,12.91,61.9,8,1.5,103.5,4.210,-4.4,0,1,1378
2026-04-03T20:23:44,-4.193265,-119.817398,-9.6,12.95,69.0,8,1.5,103.4,4.211,-4.2,0,1,1379
2026-04-03T20:24:13,-4.192723,-119.815720,4.0,12.77,72.2,8,1.5,103.4,4.209,-4.2,0,1,1380
2026-04-03T20:24:41,-4.192226,-119.814117,4.4,12.81,74.4,8,1.5,103.5,4.209,-4.4,0,1,1381
2026-04-03T20:25:09,-4.191725,-119.812454,1.1,13.37,76.0,7,1.7,103.4,4.209,-4.2,0,1,1382
2026-04-03T20:25:38,-4.191273,-119.810699,-0.6,12.31,73.7,7,1.6,103.5,4.210,-4.4,0,1,1383
2026-04-03T20:26:06,-4.190695,-119.809090,7.7,12.65,71.3,7,1.6,103.4,4.207,-4.2,0,1,1384
2026-04-03T20:26:34,-4.190118,-119.807465,10.2,13.73,65.9,7,1.6,103.4,4.210,-4.2,0,1,1385
2026-04-03T20:27:03,-4.189518,-119.805824,16.2,12.78,60.6,7,1.6,103.5,4.210,-4.4,0,1,1386
2026-04-03T20:27:31,-4.188993,-119.804184,20.2,13.73,74.9,7,1.6,103.5,4.210,-4.4,0,1,1387
2026-04-03T20:27:59,-4.188475,-119.802536,13.6,12.60,64.6,7,1.6,103.5,4.210,-4.4,0,1,1388
2026-04-03T20:28:28,-4.187993,-119.800835,8.0,13.64,66.2,8,1.4,103.4,4.209,-4.2,0,1,1389
2026-04-03T20:28:56,-4.187506,-119.799210,14.6,13.10,74.4,8,1.4,103.5,4.210,-4.4,0,1,1390
2026-04-03T20:29:24,-4.186978,-119.797592,16.4,13.51,72.5,8,1.4,103.4,4.209,-4.2,0,1,1391
2026-04-03T20:29:53,-4.186411,-119.795876,20.1,12.57,73.8,8,1.4,103.4,4.209,-4.2,0,1,1392
2026-04-03T20:30:21,-4.185888,-119.794228,23.4,12.56,75.4,8,1.4,103.4,4.209,-4.2,0,1,1393
2026-04-03T20:30:49,-4.185379,-119.792580,27.3,12.64,78.1,8,1.4,103.4,4.209,-4.2,0,1,1394
2026-04-03T20:31:18,-4.184853,-119.790810,27.0,13.81,74.0,8,1.4,103.7,4.209,-4.2,0,1,1395
2026-04-03T20:31:46,-4.184351,-119.789162,29.0,13.18,76.3,8,1.4,103.4,4.210,-4.2,0,1,1396
2026-04-03T20:32:14,-4.183795,-119.787521,34.1,13.18,73.6,8,1.4,103.5,4.210,-4.4,0,1,1397
2026-04-03T20:32:43,-4.183193,-119.785782,38.2,13.10,66.9,8,1.4,103.4,4.209,-4.2,0,1,1398
2026-04-03T20:33:11,-4.182698,-119.784103,43.3,13.18,71.5,8,1.4,103.4,4.210,-4.2,0,1,1399
2026-04-03T20:33:39,-4.182189,-119.782402,38.5,13.67,69.9,7,2.2,103.2,4.211,-4.2,0,1,1400
2026-04-03T20:34:08,-4.181775,-119.780647,27.7,13.38,73.7,8,1.4,103.5,4.210,-4.4,0,1,1401
2026-04-03T20:34:36,-4.181210,-119.778954,33.6,12.42,73.2,8,1.4,103.4,4.209,-4.2,0,1,1402
2026-04-03T20:35:04,-4.180725,-119.777290,32.4,11.81,74.4,8,1.4,103.4,4.210,-4.2,0,1,1403
2026-04-03T20:35:32,-4.180140,-119.775658,32.5,13.08,68.6,8,1.4,103.5,4.207,-4.4,0,1,1404
2026-04-03T20:36:01,-4.179570,-119.773941,34.2,13.51,70.5,8,1.4,103.4,4.207,-4.2,0,1,1405
2026-04-03T20:36:29,-4.179047,-119.772263,32.4,11.08,65.6,8,1.4,103.5,4.210,-4.4,0,1,1406
2026-04-03T20:36:57,-4.178643,-119.770584,25.5,13.90,71.9,8,1.4,103.5,4.209,-4.4,0,1,1407
2026-04-03T20:37:26,-4.178135,-119.768898,20.0,13.13,73.9,8,1.4,103.4,4.210,-4.2,0,1,1408
2026-04-03T20:37:54,-4.177578,-119.767235,17.5,12.99,77.4,8,1.4,103.4,4.209,-4.2,0,1,1409
2026-04-03T20:38:22,-4.177113,-119.765572,20.4,12.89,70.0,8,1.4,103.7,4.209,-4.2,0,1,1410
2026-04-03T20:38:51,-4.176505,-119.763878,24.0,13.10,71.2,8,1.4,103.4,4.209,-4.2,0,1,1411
2026-04-03T20:39:19,-4.175993,-119.762215,20.0,13.49,73.7,8,1.4,103.5,4.210,-4.4,0,1,1412
2026-04-03T20:39:48,-4.175455,-119.760460,26.9,13.38,69.0,8,1.4,103.2,4.207,-4.2,0,1,1413
2026-04-03T20:40:16,-4.174943,-119.758781,26.1,13.76,69.1,8,1.4,103.4,4.210,-4.2,0,1,1414
2026-04-03T20:40:44,-4.174487,-119.757133,28.4,13.05,73.0,8,1.4,103.4,4.209,-4.2,0,1,1415
2026-04-03T20:41:13,-4.173910,-119.755417,31.6,13.48,71.8,8,1.4,103.4,4.210,-4.2,0,1,1416
2026-04-03T20:41:41,-4.173373,-119.753777,33.8,14.21,72.8,8,1.4,103.4,4.207,-4.2,0,1,1417
2026-04-03T20:42:09,-4.172893,-119.752106,35.2,12.88,74.7,8,1.4,103.4,4.209,-4.2,0,1,1418
2026-04-03T20:42:38,-4.172363,-119.750397,31.6,12.93,70.4,8,1.4,103.5,4.210,-4.4,0,1,1419
2026-04-03T20:43:06,-4.171880,-119.748749,29.8,12.58,72.7,8,1.4,103.5,4.209,-4.4,0,1,1420
2026-04-03T20:43:34,-4.171365,-119.747063,36.6,12.74,72.8,8,1.4,103.5,4.210,-4.4,0,1,1421
2026-04-03T20:44:03,-4.170835,-119.745308,38.2,13.80,73.4,8,1.4,103.4,4.209,-4.2,0,1,1422
2026-04-03T20:44:31,-4.170310,-119.743668,38.0,13.37,73.7,8,1.4,103.4,4.209,-4.2,0,1,1423
2026-04-03T20:44:59,-4.169773,-119.742004,39.4,14.36,67.9,8,1.4,103.4,4.209,-4.2,0,1,1424
2026-04-03T20:45:28,-4.169198,-119.740303,45.2,13.31,75.3,7,1.5,103.5,4.209,-4.4,0,1,1425
2026-04-03T20:45:56,-4.168686,-119.738647,45.4,12.96,70.2,8,1.4,103.4,4.210,-4.2,0,1,1426
2026-04-03T20:46:24,-4.168165,-119.736984,48.1,13.35,70.3,8,1.4,103.4,4.209,-4.2,0,1,1427
2026-04-03T20:46:53,-4.167613,-119.735260,50.6,13.23,70.0,8,1.4,103.4,4.207,-4.2,0,1,1428
2026-04-03T20:47:21,-4.167097,-119.733604,51.5,12.68,72.3,8,1.4,103.2,4.209,2747.5,0,1,1429
2026-04-03T20:47:49,-4.166592,-119.731941,45.6,13.49,73.3,9,1.4,103.4,4.210,-4.2,0,1,1430
2026-04-03T20:48:18,-4.166158,-119.730255,36.2,13.08,76.7,9,1.4,103.8,4.209,-4.2,0,1,1431
2026-04-03T20:48:46,-4.165558,-119.728577,42.2,14.17,69.2,9,1.4,103.2,4.209,2747.5,0,1,1432
2026-04-03T20:49:14,-4.165035,-119.726875,45.3,13.33,72.6,9,1.3,103.5,4.209,-4.4,0,1,1433
2026-04-03T20:49:43,-4.164528,-119.725143,44.5,13.73,71.5,9,1.3,103.5,4.209,-4.4,0,1,1434
2026-04-03T20:50:11,-4.164003,-119.723457,44.6,12.98,73.6,9,1.3,103.5,4.209,-4.4,0,1,1435
2026-04-03T20:50:39,-4.163527,-119.721779,40.8,13.95,73.1,9,1.3,103.5,4.209,-4.4,0,1,1436
2026-04-03T20:51:08,-4.163073,-119.720055,35.1,13.89,69.7,8,1.5,103.4,4.209,-4.2,0,1,1437
2026-04-03T20:51:36,-4.162545,-119.718376,32.9,14.08,69.7,9,1.3,103.7,4.209,-4.2,0,1,1438
2026-04-03T20:52:04,-4.162017,-119.716736,29.9,13.34,72.5,9,1.3,103.5,4.207,-4.4,0,1,1439
2026-04-03T20:52:33,-4.161470,-119.714981,27.8,13.18,71.3,9,1.3,103.4,4.210,-4.2,0,1,1440
2026-04-03T20:53:01,-4.160918,-119.713264,28.1,13.64,70.2,9,1.3,103.2,4.207,-4.2,0,1,1441
2026-04-03T20:53:29,-4.160368,-119.711601,26.0,12.04,76.8,9,1.3,103.5,4.209,-4.4,0,1,1442
2026-04-03T20:53:58,-4.159799,-119.709885,25.7,13.43,68.6,9,1.3,103.5,4.207,-4.4,0,1,1443
2026-04-03T20:54:26,-4.159258,-119.708199,25.2,13.55,71.1,9,1.3,103.2,4.209,-4.2,0,1,1444
2026-04-03T20:54:54,-4.158763,-119.706512,31.3,13.57,71.7,9,1.3,103.2,4.210,-4.2,0,1,1445
2026-04-03T20:55:23,-4.158220,-119.704796,31.8,12.82,70.0,9,1.3,103.5,4.209,-4.4,0,1,1446
2026-04-03T20:55:51,-4.157765,-119.703102,19.9,13.53,71.7,9,1.3,103.4,4.209,-4.2,0,1,1447
2026-04-03T20:56:19,-4.157225,-119.701454,22.8,13.27,66.0,9,1.3,103.7,4.209,-4.2,0,1,1448
2026-04-03T20:56:48,-4.156697,-119.699699,24.5,13.02,73.1,9,1.3,103.5,4.209,-4.4,0,1,1449
2026-04-03T20:57:16,-4.156170,-119.698021,25.8,13.22,69.2,9,1.3,103.2,4.209,-4.2,0,1,1450
2026-04-03T20:57:44,-4.155660,-119.696342,23.9,13.64,74.3,9,1.3,103.4,4.209,-4.2,0,1,1451
2026-04-03T20:58:13,-4.155130,-119.694618,23.6,13.50,71.5,9,1.3,103.2,4.209,-4.2,0,1,1452
2026-04-03T20:58:41,-4.154588,-119.692955,23.4,13.92,69.1,9,1.3,103.2,4.207,-4.2,0,1,1453
2026-04-03T20:59:09,-4.154111,-119.691261,20.5,13.20,71.9,9,1.3,103.4,4.209,-4.2,0,1,1454
2026-04-03T20:59:38,-4.153602,-119.689522,17.7,13.60,70.8,9,1.3,103.2,4.209,-4.2,0,1,1455
2026-04-03T21:00:06,-4.153139,-119.687874,16.3,13.92,69.7,9,1.3,103.4,4.209,-4.2,0,1,1456
2026-04-03T21:00:34,-4.152627,-119.686195,20.4,14.05,73.2,9,1.3,103.2,4.209,-4.2,0,1,1457
2026-04-03T21:01:03,-4.152183,-119.684456,16.0,13.71,73.8,9,1.3,103.4,4.207,-4.2,0,1,1458
2026-04-03T21:01:31,-4.151680,-119.682800,16.8,14.05,72.3,8,1.4,103.5,4.209,-4.4,0,1,1459
2026-04-03T21:01:59,-4.151095,-119.681175,20.2,12.86,76.3,9,1.3,103.2,4.210,-4.2,0,1,1460
2026-04-03T21:02:28,-4.150540,-119.679436,16.5,13.47,72.4,8,1.4,103.4,4.209,-4.2,0,1,1461
2026-04-03T21:02:56,-4.150078,-119.677750,10.2,14.27,68.9,8,1.4,103.4,4.209,-4.2,0,1,1462
2026-04-03T21:03:24,-4.149580,-119.676071,7.3,13.43,70.0,8,1.4,103.4,4.209,-4.2,0,1,1463
2026-04-03T21:03:53,-4.149056,-119.674294,-1.4,13.76,69.0,8,1.6,103.2,4.209,-4.2,0,1,1464
2026-04-03T21:04:21,-4.148526,-119.672676,4.3,13.80,67.1,10,1.3,103.2,4.210,-4.2,0,1,1465
2026-04-03T21:04:49,-4.148000,-119.671013,-8.7,13.13,74.8,10,1.3,103.5,4.211,-4.4,0,1,1466
2026-04-03T21:05:18,-4.147476,-119.669289,-2.6,13.66,74.5,9,1.5,103.4,4.211,-4.2,0,1,1467
2026-04-03T21:05:46,-4.147022,-119.667557,-9.6,13.24,71.6,9,1.5,103.5,4.207,-4.4,0,1,1468
2026-04-03T21:06:14,-4.146473,-119.665916,-1.0,13.38,68.5,9,1.4,103.5,4.209,-4.4,0,1,1469
2026-04-03T21:06:43,-4.145987,-119.664177,-3.1,13.73,74.9,9,1.4,103.5,4.210,-4.4,0,1,1470
2026-04-03T21:07:11,-4.145473,-119.662544,-7.8,13.10,67.3,9,1.4,103.4,4.209,-4.2,0,1,1471
2026-04-03T21:07:39,-4.144952,-119.660904,0.9,13.56,65.6,9,1.4,103.5,4.209,-4.4,0,1,1472
2026-04-03T21:08:08,-4.144408,-119.659203,2.4,13.56,71.8,8,1.6,103.4,4.209,-4.2,0,1,1473
2026-04-03T21:08:36,-4.143931,-119.657539,5.9,14.72,76.5,8,1.6,103.4,4.207,-4.2,0,1,1474
2026-04-03T21:09:04,-4.143436,-119.655884,4.8,13.09,72.7,9,1.3,103.4,4.209,-4.2,0,1,1475
2026-04-03T21:09:33,-4.142893,-119.654182,2.4,13.67,71.1,8,1.6,103.4,4.207,-4.2,0,1,1476
2026-04-03T21:10:01,-4.142505,-119.652542,-1.1,12.37,70.8,9,1.3,103.2,4.209,-4.2,0,1,1477
2026-04-03T21:10:29,-4.141851,-119.650902,3.7,12.83,63.7,9,1.3,103.2,4.209,-4.2,0,1,1478
2026-04-03T21:10:58,-4.141316,-119.649239,7.0,13.16,74.7,8,1.6,103.2,4.210,-4.2,0,1,1479
2026-04-03T21:11:26,-4.140860,-119.647606,8.6,13.65,73.4,8,1.6,103.5,4.207,-4.4,0,1,1480
2026-04-03T21:11:54,-4.140292,-119.645927,12.0,12.95,74.8,9,1.3,103.2,4.209,-4.2,0,1,1481
2026-04-03T21:12:23,-4.139770,-119.644226,15.2,12.96,72.4,8,1.5,103.5,4.209,-4.4,0,1,1482
2026-04-03T21:12:51,-4.139182,-119.642601,27.4,13.81,70.2,8,1.5,103.2,4.209,-4.2,0,1,1483
2026-04-03T21:13:19,-4.138703,-119.640923,22.0,13.00,73.4,9,1.3,103.4,4.211,-4.2,0,1,1484
2026-04-03T21:13:48,-4.138170,-119.639206,20.6,13.49,69.4,8,1.5,103.5,4.206,-4.4,0,1,1485
2026-04-03T21:14:16,-4.137610,-119.637558,19.4,13.61,63.0,8,1.5,103.0,4.209,-4.2,0,1,1486
2026-04-03T21:14:44,-4.137123,-119.635864,16.4,13.50,70.6,8,1.5,103.2,4.210,-4.2,0,1,1487
2026-04-03T21:15:13,-4.136606,-119.634178,18.3,13.57,74.8,8,1.5,103.5,4.210,-4.4,0,1,1488
2026-04-03T21:15:41,-4.136140,-119.632500,16.1,13.09,76.7,8,1.5,103.4,4.207,-4.2,0,1,1489
2026-04-03T21:16:09,-4.135616,-119.630852,15.9,13.72,71.9,8,1.5,103.2,4.207,-4.2,0,1,1490
2026-04-03T21:16:38,-4.135122,-119.629120,15.8,12.26,75.9,8,1.5,103.5,4.209,-4.4,0,1,1491
2026-04-03T21:17:06,-4.134636,-119.627457,10.9,13.40,69.5,9,1.3,103.4,4.209,-4.2,0,1,1492
2026-04-03T21:17:34,-4.134180,-119.625778,12.4,13.43,76.6,8,1.5,103.2,4.209,-4.2,0,1,1493
2026-04-03T21:18:03,-4.133672,-119.624039,8.8,13.73,72.8,8,1.5,103.4,4.207,-4.2,0,1,1494
2026-04-03T21:18:31,-4.133135,-119.622398,7.0,13.29,71.4,9,1.3,103.4,4.210,-4.2,0,1,1495
2026-04-03T21:18:59,-4.132706,-119.620750,7.3,13.21,78.3,9,1.3,103.4,4.209,-4.2,0,1,1496
2026-04-03T21:19:28,-4.132166,-119.619049,10.6,13.21,73.4,8,1.5,103.2,4.209,-4.2,0,1,1497
2026-04-03T21:19:56,-4.131607,-119.617409,12.7,13.51,68.9,9,1.3,103.4,4.209,-4.2,0,1,1498
2026-04-03T21:20:24,-4.131106,-119.615746,9.9,13.86,73.3,8,1.5,103.5,4.209,-4.4,0,1,1499
2026-04-03T21:20:53,-4.130579,-119.614067,8.8,13.43,73.9,8,1.5,103.4,4.209,-4.2,0,1,1500
2026-04-03T21:21:21,-4.130082,-119.612419,7.5,12.43,82.4,8,1.5,103.4,4.209,-4.2,0,1,1501
2026-04-03T21:21:49,-4.129468,-119.610832,16.0,13.67,77.3,8,1.5,103.5,4.209,-4.4,0,1,1502
2026-04-03T21:22:18,-4.128968,-119.609100,21.7,13.42,71.7,8,1.5,103.7,4.209,-4.2,0,1,1503
2026-04-03T21:22:46,-4.128383,-119.607491,20.7,12.38,79.2,8,1.5,103.2,4.209,-4.2,0,1,1504
2026-04-03T21:23:14,-4.127868,-119.605835,17.0,13.09,73.3,8,1.5,103.2,4.207,-4.2,0,1,1505
2026-04-03T21:23:43,-4.127358,-119.604134,19.5,13.51,77.1,7,2.5,103.2,4.209,-4.2,0,1,1506
2026-04-03T21:24:11,-4.126893,-119.602493,15.3,12.06,72.4,7,2.5,103.4,4.209,-4.2,0,1,1507
2026-04-03T21:24:39,-4.126325,-119.600792,25.7,14.06,75.8,7,2.5,103.4,4.209,-4.2,0,1,1508
2026-04-03T21:25:08,-4.125796,-119.599167,16.9,12.75,70.7,7,2.5,103.2,4.209,-4.2,0,1,1509
2026-04-03T21:25:36,-4.125341,-119.597519,12.9,13.36,74.7,9,1.2,103.4,4.209,-4.2,0,1,1510
2026-04-03T21:26:04,-4.124838,-119.595894,15.3,12.73,74.2,9,1.2,103.4,4.209,-4.2,0,1,1511
2026-04-03T21:26:33,-4.124281,-119.594162,10.5,12.85,73.4,8,1.5,103.4,4.207,-4.2,0,1,1512
2026-04-03T21:27:01,-4.123888,-119.592522,14.1,12.60,77.9,8,1.5,103.4,4.207,-4.2,0,1,1513
2026-04-03T21:27:29,-4.123386,-119.590851,10.5,13.31,72.4,9,1.2,103.2,4.207,-4.2,0,1,1514
2026-04-03T21:27:58,-4.122925,-119.589142,3.7,13.32,71.3,8,1.5,103.4,4.210,-4.2,0,1,1515
2026-04-03T21:28:26,-4.122410,-119.587509,-1.9,13.73,72.9,8,1.5,103.2,4.210,-4.2,0,1,1516
2026-04-03T21:28:54,-4.121841,-119.585892,2.0,12.06,66.6,8,1.4,103.4,4.209,-4.2,0,1,1517
2026-04-03T21:29:23,-4.121336,-119.584152,5.7,13.22,74.5,8,1.4,103.2,4.207,-4.2,0,1,1518
2026-04-03T21:29:51,-4.120908,-119.582474,4.7,13.60,77.7,8,1.4,103.2,4.210,-4.2,0,1,1519
2026-04-03T21:30:19,-4.120359,-119.580849,8.6,13.11,71.0,8,1.4,103.4,4.207,-4.2,0,1,1520
2026-04-03T21:30:48,-4.119828,-119.579147,14.4,13.67,78.7,8,1.4,103.5,4.207,-4.4,0,1,1521
2026-04-03T21:31:16,-4.119118,-119.577591,19.0,13.07,62.5,7,1.5,103.4,4.209,-4.2,0,1,1522
2026-04-03T21:31:44,-4.118628,-119.575897,23.7,12.52,72.3,7,1.5,103.2,4.209,-4.2,0,1,1523
2026-04-03T21:32:13,-4.118125,-119.574211,23.9,12.33,72.6,7,1.5,103.2,4.207,-4.2,0,1,1524
2026-04-03T21:32:41,-4.117665,-119.572540,19.7,13.60,74.2,6,2.7,103.4,4.206,-4.2,0,1,1525
2026-04-03T21:33:09,-4.117187,-119.570892,17.9,12.82,70.4,6,2.7,103.4,4.206,-4.2,0,1,1526
2026-04-03T21:33:38,-4.116600,-119.569191,20.3,13.75,70.1,6,2.7,103.2,4.209,-4.2,0,1,1527
2026-04-03T21:34:06,-4.116075,-119.567535,25.4,13.52,69.0,7,1.5,103.4,4.207,-4.2,0,1,1528
2026-04-03T21:34:34,-4.115578,-119.565872,27.8,12.94,69.6,7,1.5,103.2,4.209,-4.2,0,1,1529
2026-04-03T21:35:03,-4.115100,-119.564148,12.7,13.22,67.1,7,1.5,103.2,4.209,-4.2,0,1,1530
2026-04-03T21:35:31,-4.114687,-119.562469,-1.5,13.21,75.9,7,1.5,103.5,4.207,-4.4,0,1,1531
2026-04-03T21:35:59,-4.114237,-119.560783,-10.9,11.19,73.8,7,1.5,103.4,4.209,-4.2,0,1,1532
2026-04-03T21:36:28,-4.113707,-119.559052,-16.9,13.60,74.8,7,1.5,103.4,4.209,-4.2,0,1,1533
2026-04-03T21:36:56,-4.113195,-119.557426,-21.8,12.37,73.7,6,2.7,103.4,4.209,-4.2,0,1,1534
2026-04-03T21:37:24,-4.112760,-119.555725,-26.5,13.95,77.5,6,2.7,103.2,4.207,-4.2,0,1,1535
2026-04-03T21:37:53,-4.112287,-119.553970,-35.7,12.79,77.5,6,2.7,103.4,4.207,-4.2,0,1,1536
2026-04-03T21:38:21,-4.111813,-119.552307,-45.5,13.41,74.6,6,2.7,103.2,4.209,-4.2,0,1,1537
2026-04-03T21:38:49,-4.111482,-119.550621,-54.7,13.09,76.1,6,2.7,103.2,4.210,-4.2,0,1,1538
2026-04-03T21:39:18,-4.111132,-119.548851,-61.7,13.84,78.7,7,1.3,103.4,4.209,-4.2,0,1,1539
2026-04-03T21:39:46,-4.110581,-119.547226,-58.0,12.60,74.8,7,1.3,103.5,4.207,-4.4,0,1,1540
2026-04-03T21:40:14,-4.110065,-119.545601,-52.3,12.62,75.9,7,1.3,103.5,4.209,-4.4,0,1,1541
2026-04-03T21:40:43,-4.109567,-119.543869,-51.4,13.69,76.1,8,1.2,103.4,4.207,-4.2,0,1,1542
2026-04-03T21:41:11,-4.109052,-119.542221,-47.6,13.66,77.7,8,1.2,103.4,4.207,-4.2,0,1,1543
2026-04-03T21:41:39,-4.108495,-119.540581,-33.2,13.64,77.8,8,1.2,103.2,4.209,-4.2,0,1,1544
2026-04-03T21:42:08,-4.107923,-119.538895,-23.6,13.38,75.0,8,1.2,103.4,4.209,-4.2,0,1,1545
2026-04-03T21:42:36,-4.107413,-119.537270,-14.1,13.83,74.3,8,1.2,103.2,4.209,-4.2,0,1,1546
2026-04-03T21:43:04,-4.106893,-119.535606,-8.7,12.72,71.4,7,1.4,103.4,4.210,-4.2,0,1,1547
2026-04-03T21:43:33,-4.106339,-119.533913,2.0,13.88,76.9,7,1.4,103.2,4.209,-4.2,0,1,1548
2026-04-03T21:44:01,-4.105838,-119.532265,5.1,12.86,71.3,7,1.4,103.4,4.210,-4.2,0,1,1549
2026-04-03T21:44:29,-4.105317,-119.530609,8.6,13.42,71.3,7,1.4,103.4,4.209,-4.2,0,1,1550
2026-04-03T21:44:58,-4.104872,-119.528885,10.2,13.56,84.8,7,1.4,103.4,4.207,-4.2,0,1,1551
2026-04-03T21:45:26,-4.104357,-119.527222,16.0,14.04,82.3,7,1.4,103.4,4.207,-4.2,0,1,1552
2026-04-03T21:45:54,-4.103877,-119.525581,16.2,13.68,70.9,8,1.4,103.0,4.209,-4.2,0,1,1553
2026-04-03T21:46:23,-4.103435,-119.523849,17.3,13.83,76.3,8,1.4,103.4,4.207,-4.2,0,1,1554
2026-04-03T21:46:51,-4.102923,-119.522202,29.3,12.30,71.9,8,1.4,103.4,4.209,-4.2,0,1,1555
2026-04-03T21:47:19,-4.102422,-119.520523,32.5,13.48,81.5,8,1.3,103.2,4.209,-4.2,0,1,1556
2026-04-03T21:47:48,-4.101963,-119.518806,29.0,13.61,76.6,8,1.3,103.4,4.209,-4.2,0,1,1557
2026-04-03T21:48:16,-4.101460,-119.517174,32.8,13.29,71.9,8,1.3,103.5,4.209,-4.4,0,1,1558
2026-04-03T21:48:44,-4.100908,-119.515625,36.5,12.87,68.2,9,1.2,103.2,4.207,-4.2,0,1,1559
2026-04-03T21:49:13,-4.100383,-119.513931,40.6,12.89,70.4,8,1.3,103.2,4.209,-4.2,0,1,1560
2026-04-03T21:49:41,-4.099856,-119.512268,43.8,13.63,68.7,9,1.2,103.2,4.209,-4.2,0,1,1561
2026-04-03T21:50:09,-4.099401,-119.510513,47.0,15.02,77.4,8,1.3,103.5,4.206,-4.4,0,1,1562
2026-04-03T21:50:37,-4.098853,-119.508888,50.3,13.27,67.6,8,1.3,103.2,4.209,-4.2,0,1,1563
2026-04-03T21:51:06,-4.098382,-119.507172,55.3,13.02,71.4,8,1.3,103.5,4.209,-4.4,0,1,1564
2026-04-03T21:51:34,-4.097877,-119.505539,52.4,13.28,67.8,8,1.3,103.5,4.210,-4.4,0,1,1565
2026-04-03T21:52:02,-4.097432,-119.503860,46.9,12.68,69.5,8,1.3,103.2,4.209,-4.2,0,1,1566
2026-04-03T21:52:31,-4.096955,-119.502129,49.8,13.46,75.3,8,1.3,103.4,4.209,-4.2,0,1,1567
2026-04-03T21:52:59,-4.096420,-119.500496,60.1,12.73,72.1,9,1.1,103.2,4.209,-4.2,0,1,1568
2026-04-03T21:53:27,-4.095850,-119.498871,64.1,12.20,65.0,8,1.3,103.4,4.207,-4.2,0,1,1569
2026-04-03T21:53:56,-4.095302,-119.497139,72.4,13.15,72.1,9,1.1,103.4,4.209,-4.2,0,1,1570
2026-04-03T21:54:24,-4.094801,-119.495514,74.8,13.38,68.8,9,1.1,103.5,4.209,-4.4,0,1,1571
2026-04-03T21:54:52,-4.094313,-119.493835,87.8,13.44,75.2,9,1.7,103.4,4.210,-4.2,0,1,1572
2026-04-03T21:55:21,-4.093793,-119.492058,92.1,13.08,68.9,8,1.3,103.4,4.210,-4.2,0,1,1573
2026-04-03T21:55:49,-4.093260,-119.490410,93.5,13.43,67.7,8,1.3,103.4,4.206,-4.2,0,1,1574
2026-04-03T21:56:17,-4.092872,-119.488693,91.1,12.72,82.3,8,1.3,103.5,4.209,-4.4,0,1,1575
2026-04-03T21:56:46,-4.092298,-119.487030,87.3,13.02,70.4,8,1.3,103.5,4.210,-4.4,0,1,1576
2026-04-03T21:57:14,-4.091810,-119.485367,89.7,14.57,72.5,8,1.3,103.4,4.207,-4.2,0,1,1577
2026-04-03T21:57:42,-4.091403,-119.483688,88.0,12.86,77.0,9,1.1,103.4,4.209,-4.2,0,1,1578
2026-04-03T21:58:11,-4.090857,-119.481995,85.8,12.54,68.0,9,1.1,103.4,4.207,-4.2,0,1,1579
2026-04-03T21:58:39,-4.090432,-119.480278,88.8,12.89,72.8,9,1.1,103.8,4.207,-4.2,0,1,1580
2026-04-03T21:59:07,-4.090043,-119.478569,83.4,13.24,70.8,9,1.1,103.4,4.209,-4.2,0,1,1581
2026-04-03T21:59:36,-4.089612,-119.476875,73.5,13.67,76.1,9,1.7,103.5,4.209,-4.4,0,1,1582
2026-04-03T22:00:04,-4.089110,-119.475235,70.2,13.05,72.6,8,1.3,103.5,4.206,-4.4,0,1,1583
2026-04-03T22:00:33,-4.088535,-119.473534,68.0,13.52,62.2,7,2.0,103.4,4.207,-4.2,0,1,1584
2026-04-03T22:01:01,-4.088190,-119.471832,64.0,13.61,78.1,8,1.2,103.4,4.207,-4.2,0,1,1585
2026-04-03T22:01:29,-4.087836,-119.470169,55.4,13.43,72.2,9,1.1,103.4,4.209,-4.2,0,1,1586
2026-04-03T22:01:58,-4.087353,-119.468468,44.3,13.08,73.3,8,1.6,103.4,4.209,-4.2,0,1,1587
2026-04-03T22:02:26,-4.086896,-119.466789,41.8,13.17,67.3,8,1.6,103.4,4.207,-4.2,0,1,1588
2026-04-03T22:02:54,-4.086423,-119.465126,40.3,13.60,67.6,8,1.6,103.4,4.207,-4.2,0,1,1589
2026-04-03T22:03:23,-4.085913,-119.463409,35.7,13.17,72.3,9,1.1,103.4,4.207,-4.2,0,1,1590
2026-04-03T22:03:51,-4.085463,-119.461731,33.5,13.29,71.8,8,1.6,103.2,4.207,-4.2,0,1,1591
2026-04-03T22:04:19,-4.084975,-119.460106,30.7,13.44,71.5,8,1.6,103.4,4.207,-4.2,0,1,1592
2026-04-03T22:04:48,-4.084366,-119.458366,48.0,13.67,68.0,8,1.6,103.2,4.210,-4.2,0,1,1593
2026-04-03T22:05:16,-4.083845,-119.456726,58.8,13.45,74.7,9,1.1,103.2,4.209,-4.2,0,1,1594
2026-04-03T22:05:44,-4.083308,-119.455063,65.7,13.38,72.9,8,1.6,103.2,4.209,-4.2,0,1,1595
2026-04-03T22:06:13,-4.082767,-119.453316,69.4,13.15,69.2,8,1.6,103.0,4.210,-4.2,0,1,1596
2026-04-03T22:06:41,-4.082403,-119.451675,60.2,13.56,70.2,9,1.1,103.5,4.210,-4.4,0,1,1597
2026-04-03T22:07:09,-4.081983,-119.450020,53.7,13.26,74.8,8,1.6,103.4,4.207,-4.2,0,1,1598
2026-04-03T22:07:38,-4.081578,-119.448296,41.4,12.34,79.8,9,1.1,103.4,4.207,-4.2,0,1,1599
2026-04-03T22:08:06,-4.081116,-119.446602,38.5,14.05,67.9,9,1.1,103.4,4.210,-4.2,0,1,1600
2026-04-03T22:08:34,-4.080628,-119.444954,37.7,13.81,68.3,8,1.6,103.4,4.210,-4.2,0,1,1601
2026-04-03T22:09:03,-4.080156,-119.443214,39.7,13.17,73.0,8,1.5,103.2,4.206,-4.2,0,1,1602
2026-04-03T22:09:31,-4.079685,-119.441551,34.3,13.84,78.4,9,1.6,103.4,4.207,-4.2,0,1,1603
2026-04-03T22:09:59,-4.079235,-119.439857,26.2,12.69,79.8,7,1.6,103.2,4.209,-4.2,0,1,1604
2026-04-03T22:10:28,-4.078750,-119.438156,18.0,13.25,71.2,8,1.5,103.2,4.207,-4.2,0,1,1605
2026-04-03T22:10:56,-4.078259,-119.436508,13.8,12.73,73.2,8,1.5,103.4,4.209,-4.2,0,1,1606
2026-04-03T22:11:24,-4.077790,-119.434853,15.4,12.45,74.9,8,1.5,103.4,4.207,-4.2,0,1,1607
2026-04-03T22:11:53,-4.077265,-119.433128,17.6,13.33,73.7,8,1.5,103.2,4.207,-4.2,0,1,1608
2026-04-03T22:12:21,-4.076718,-119.431473,24.6,13.68,71.3,8,1.5,103.2,4.207,-4.2,0,1,1609
2026-04-03T22:12:49,-4.076238,-119.429825,26.6,12.93,75.6,8,1.5,103.4,4.209,-4.2,0,1,1610
2026-04-03T22:13:18,-4.075716,-119.428055,32.9,13.60,72.0,8,1.5,103.2,4.210,-4.2,0,1,1611
2026-04-03T22:13:46,-4.075183,-119.426392,37.7,14.94,72.4,8,1.5,103.0,4.210,-4.2,0,1,1612
2026-04-03T22:14:14,-4.074727,-119.424690,35.8,13.51,72.0,8,1.5,103.0,4.207,-4.2,0,1,1613
2026-04-03T22:14:43,-4.074296,-119.422935,37.5,14.04,71.3,8,1.5,103.2,4.207,-4.2,0,1,1614
2026-04-03T22:15:11,-4.073758,-119.421310,34.2,13.37,76.3,8,1.5,103.4,4.210,-4.2,0,1,1615
2026-04-03T22:15:39,-4.073335,-119.419624,29.2,13.29,73.3,8,1.5,103.4,4.209,-4.2,0,1,1616
2026-04-03T22:16:08,-4.072925,-119.417847,29.4,13.31,70.4,8,1.5,103.4,4.209,-4.2,0,1,1617
2026-04-03T22:16:36,-4.072408,-119.416206,29.2,13.35,78.0,8,2.6,103.2,4.209,-4.2,0,1,1618
2026-04-03T22:17:04,-4.071851,-119.414581,37.5,13.03,82.3,8,1.5,103.2,4.207,-4.2,0,1,1619
2026-04-03T22:17:33,-4.071257,-119.412903,37.1,13.59,71.3,8,1.5,103.4,4.209,-4.2,0,1,1620
2026-04-03T22:18:01,-4.070635,-119.411293,39.4,14.15,63.5,8,1.5,103.0,4.209,-4.2,0,1,1621
2026-04-03T22:18:29,-4.070230,-119.409584,36.1,13.95,70.8,8,1.5,103.2,4.206,-4.2,0,1,1622
2026-04-03T22:18:58,-4.069708,-119.407875,37.9,13.62,77.8,8,1.5,103.7,4.210,-4.2,0,1,1623
2026-04-03T22:19:26,-4.069149,-119.406204,38.5,13.34,72.8,8,1.5,103.5,4.207,2755.8,0,1,1624
2026-04-03T22:19:54,-4.068586,-119.404533,41.1,13.18,71.3,7,1.6,103.2,4.209,-4.2,0,1,1625
2026-04-03T22:20:23,-4.068059,-119.402779,45.2,13.78,70.3,7,1.8,103.0,4.209,-4.2,0,1,1626
2026-04-03T22:20:51,-4.067542,-119.401077,47.1,13.57,73.7,8,1.5,103.5,4.207,-4.4,0,1,1627
2026-04-03T22:21:19,-4.066971,-119.399414,48.6,13.84,67.1,8,1.5,103.2,4.209,-4.2,0,1,1628
2026-04-03T22:21:48,-4.066495,-119.397659,49.3,13.61,70.5,8,1.5,103.2,4.207,-4.2,0,1,1629
2026-04-03T22:22:16,-4.065981,-119.395981,52.3,13.71,68.8,8,1.5,103.4,4.209,-4.2,0,1,1630
2026-04-03T22:22:44,-4.065512,-119.394302,53.4,13.16,76.8,8,1.5,103.4,4.209,-4.2,0,1,1631
2026-04-03T22:23:13,-4.064955,-119.392548,50.3,13.97,74.2,8,1.5,103.0,4.207,-4.2,0,1,1632
2026-04-03T22:23:41,-4.064445,-119.390877,49.3,12.58,77.7,8,1.5,103.2,4.209,-4.2,0,1,1633
2026-04-03T22:24:09,-4.063935,-119.389198,46.7,13.46,69.8,8,1.5,103.4,4.209,-4.2,0,1,1634
2026-04-03T22:24:38,-4.063417,-119.387444,47.2,13.96,71.4,8,1.5,103.4,4.207,-4.2,0,1,1635
2026-04-03T22:25:06,-4.063003,-119.385765,48.9,13.38,84.5,8,2.2,103.2,4.207,-4.2,0,1,1636
2026-04-03T22:25:34,-4.062618,-119.384087,46.6,13.21,77.3,8,1.4,103.2,4.210,-4.2,0,1,1637
2026-04-03T22:26:03,-4.061940,-119.382347,43.0,13.48,69.8,8,1.4,103.2,4.210,-4.2,0,1,1638
2026-04-03T22:26:31,-4.061480,-119.380646,35.3,12.87,75.9,8,1.4,103.4,4.207,-4.2,0,1,1639
2026-04-03T22:26:59,-4.061015,-119.378944,24.1,13.55,70.6,7,1.7,103.2,4.209,-4.2,0,1,1640
2026-04-03T22:27:28,-4.060528,-119.377167,21.7,14.07,67.7,7,1.7,103.2,4.209,-4.2,0,1,1641
2026-04-03T22:27:56,-4.060045,-119.375473,16.2,13.08,80.5,7,1.7,103.2,4.209,-4.2,0,1,1642
2026-04-03T22:28:24,-4.059533,-119.373802,12.8,12.36,72.7,7,1.7,103.2,4.207,-4.2,0,1,1643
2026-04-03T22:28:53,-4.058990,-119.372047,11.0,12.65,74.7,8,1.4,103.4,4.210,-4.2,0,1,1644
2026-04-03T22:29:21,-4.058613,-119.370346,6.0,12.75,80.2,7,1.7,103.2,4.206,-4.2,0,1,1645
2026-04-03T22:29:49,-4.058103,-119.368614,-0.7,13.66,72.8,7,1.7,103.2,4.209,-4.2,0,1,1646
2026-04-03T22:30:18,-4.057539,-119.366852,-9.0,13.18,75.4,8,1.4,103.2,4.207,-4.2,0,1,1647
2026-04-03T22:30:46,-4.057067,-119.365181,-10.6,13.66,81.7,8,2.0,103.2,4.209,-4.2,0,1,1648
2026-04-03T22:31:14,-4.056521,-119.363495,-8.0,14.49,68.8,8,1.4,103.4,4.209,-4.2,0,1,1649
2026-04-03T22:31:43,-4.055918,-119.361717,-8.0,13.47,74.5,8,1.4,103.2,4.210,-4.2,0,1,1650
2026-04-03T22:32:11,-4.055407,-119.360023,0.0,13.82,76.2,8,1.4,103.4,4.209,-4.2,0,1,1651
2026-04-03T22:32:39,-4.054922,-119.358345,1.5,12.00,76.0,9,1.4,103.2,4.207,-4.2,0,1,1652
2026-04-03T22:33:08,-4.054317,-119.356644,-2.2,12.79,75.0,9,1.4,103.4,4.209,-4.2,0,1,1653
2026-04-03T22:33:36,-4.053837,-119.354973,-7.9,13.44,75.7,9,1.4,103.2,4.210,-4.2,0,1,1654
2026-04-03T22:34:04,-4.053290,-119.353333,-8.0,13.52,70.2,9,1.4,103.4,4.207,-4.2,0,1,1655
2026-04-03T22:34:33,-4.052750,-119.351639,-6.1,12.78,71.5,10,1.3,103.5,4.209,-4.4,0,1,1656
2026-04-03T22:35:01,-4.052088,-119.349953,11.0,12.53,78.1,10,1.3,103.2,4.207,-4.2,0,1,1657
2026-04-03T22:35:29,-4.051613,-119.348274,20.1,12.97,81.6,10,1.3,103.4,4.207,-4.2,0,1,1658
2026-04-03T22:35:58,-4.051062,-119.346535,15.1,13.88,74.9,11,1.1,103.5,4.209,-4.4,0,1,1659
2026-04-03T22:36:26,-4.050580,-119.344856,14.8,13.21,74.3,10,1.1,103.2,4.207,-4.2,0,1,1660
2026-04-03T22:36:54,-4.049992,-119.343170,22.2,13.20,73.7,10,1.1,103.4,4.207,-4.2,0,1,1661
2026-04-03T22:37:23,-4.049430,-119.341431,27.9,13.81,71.8,9,1.1,103.2,4.209,-4.2,0,1,1662
2026-04-03T22:37:51,-4.048872,-119.339752,30.6,14.36,71.8,11,1.0,103.0,4.207,-4.2,0,1,1663
2026-04-03T22:38:19,-4.048405,-119.338051,27.3,13.95,67.9,9,1.2,103.2,4.209,-4.2,0,1,1664
2026-04-03T22:38:48,-4.047886,-119.336296,13.4,13.09,76.2,9,1.2,103.5,4.207,-4.4,0,1,1665
2026-04-03T22:39:16,-4.047403,-119.334618,5.3,13.96,70.6,10,1.1,103.2,4.206,-4.2,0,1,1666
2026-04-03T22:39:44,-4.046903,-119.332932,-2.8,13.02,73.5,10,1.1,103.4,4.209,-4.2,0,1,1667
2026-04-03T22:40:13,-4.046375,-119.331161,-6.3,13.47,76.9,10,1.1,103.2,4.207,-4.2,0,1,1668
2026-04-03T22:40:41,-4.045786,-119.329437,12.9,13.89,69.8,11,1.0,103.2,4.207,-4.2,0,1,1669
2026-04-03T22:41:09,-4.045225,-119.327759,16.6,14.12,67.9,10,1.1,103.4,4.209,-4.2,0,1,1670
2026-04-03T22:41:38,-4.044682,-119.326004,17.6,13.75,73.6,9,1.2,103.4,4.209,-4.2,0,1,1671
2026-04-03T22:42:06,-4.044251,-119.324310,17.8,13.37,72.8,9,1.2,103.2,4.209,-4.2,0,1,1672
2026-04-03T22:42:34,-4.043766,-119.322639,10.5,13.27,80.3,10,1.1,103.4,4.209,-4.2,0,1,1673
2026-04-03T22:43:03,-4.043195,-119.320938,4.5,13.81,72.3,10,1.1,103.2,4.210,-4.2,0,1,1674
2026-04-03T22:43:31,-4.042698,-119.319267,2.9,13.86,74.1,10,1.1,103.0,4.209,-4.2,0,1,1675
2026-04-03T22:43:59,-4.042090,-119.317619,7.7,13.35,72.2,11,1.0,103.4,4.207,-4.2,0,1,1676
2026-04-03T22:44:28,-4.041596,-119.315849,13.3,13.41,72.3,12,0.9,103.4,4.207,-4.2,0,1,1677
2026-04-03T22:44:56,-4.041032,-119.314140,13.8,14.14,73.1,12,1.0,103.2,4.209,-4.2,0,1,1678
2026-04-03T22:45:24,-4.040523,-119.312477,9.9,13.75,68.8,10,1.2,103.2,4.207,-4.2,0,1,1679
2026-04-03T22:45:53,-4.039977,-119.310722,12.5,13.82,78.6,11,1.0,103.2,4.209,-4.2,0,1,1680
2026-04-03T22:46:21,-4.039468,-119.309044,22.7,12.59,77.8,10,1.2,103.0,4.206,-4.2,0,1,1681
2026-04-03T22:46:49,-4.038920,-119.307381,17.7,13.93,71.9,10,1.2,103.4,4.207,-4.2,0,1,1682
2026-04-03T22:47:18,-4.038422,-119.305649,11.5,13.26,74.1,11,1.0,103.2,4.206,-4.2,0,1,1683
2026-04-03T22:47:46,-4.037921,-119.303963,14.3,13.23,74.4,10,1.2,103.4,4.207,-4.2,0,1,1684
2026-04-03T22:48:14,-4.037403,-119.302284,7.1,12.94,73.1,10,1.2,103.4,4.207,-4.2,0,1,1685
2026-04-03T22:48:43,-4.036865,-119.300545,4.6,13.43,72.0,10,1.2,103.4,4.207,-4.2,0,1,1686
2026-04-03T22:49:11,-4.036310,-119.298882,4.0,13.80,67.9,10,1.2,103.2,4.209,-4.2,0,1,1687
2026-04-03T22:49:39,-4.035813,-119.297203,5.5,14.18,68.4,10,1.2,103.2,4.207,-4.2,0,1,1688
2026-04-03T22:50:08,-4.035315,-119.295486,5.1,12.69,75.7,10,1.2,103.4,4.207,-4.2,0,1,1689
2026-04-03T22:50:36,-4.034753,-119.293839,8.6,14.59,70.7,9,1.8,103.4,4.206,-4.2,0,1,1690
2026-04-03T22:51:04,-4.034245,-119.292183,1.4,13.64,72.8,10,1.2,103.2,4.207,-4.2,0,1,1691
2026-04-03T22:51:33,-4.033730,-119.290482,0.0,12.71,71.9,10,1.6,103.4,4.209,-4.2,0,1,1692
2026-04-03T22:52:01,-4.033275,-119.288841,11.9,11.77,77.5,10,1.6,103.0,4.207,-4.2,0,1,1693
2026-04-03T22:52:29,-4.032866,-119.287178,14.4,13.87,75.0,10,1.7,103.2,4.209,-4.2,0,1,1694
2026-04-03T22:52:58,-4.032343,-119.285400,26.0,13.81,71.5,10,1.7,103.2,4.207,-4.2,0,1,1695
2026-04-03T22:53:26,-4.031878,-119.283722,21.5,13.10,72.8,10,1.7,103.4,4.209,-4.2,0,1,1696
2026-04-03T22:53:54,-4.031323,-119.282127,14.8,13.05,71.1,10,1.7,103.0,4.207,-4.2,0,1,1697
2026-04-03T22:54:23,-4.030777,-119.280449,11.5,13.03,73.2,10,1.7,103.2,4.207,-4.2,0,1,1698
2026-04-03T22:54:51,-4.030296,-119.278793,12.2,13.24,72.6,10,1.7,103.4,4.209,-4.2,0,1,1699
2026-04-03T22:55:19,-4.029803,-119.277145,10.0,12.95,71.7,11,1.1,103.4,4.209,-4.2,0,1,1700
2026-04-03T22:55:48,-4.029308,-119.275444,11.1,12.57,77.6,10,1.7,103.5,4.207,-4.4,0,1,1701
2026-04-03T22:56:16,-4.028800,-119.273781,7.0,13.35,74.2,11,1.1,103.2,4.209,-4.2,0,1,1702
2026-04-03T22:56:44,-4.028379,-119.272125,3.8,12.86,76.2,11,1.1,103.2,4.209,-4.2,0,1,1703
2026-04-03T22:57:13,-4.027923,-119.270424,4.8,13.06,76.7,11,1.1,103.0,4.207,-4.2,0,1,1704
2026-04-03T22:57:41,-4.027446,-119.268784,-0.6,13.19,71.8,11,1.1,103.0,4.207,-4.2,0,1,1705
2026-04-03T22:58:09,-4.027041,-119.267113,-6.5,13.18,76.4,10,1.8,103.2,4.207,-4.2,0,1,1706
2026-04-03T22:58:38,-4.026511,-119.265411,-10.6,13.47,70.0,10,1.8,103.4,4.209,-4.2,0,1,1707
2026-04-03T22:59:06,-4.026058,-119.263733,-8.5,12.88,70.1,10,1.8,103.2,4.210,-4.2,0,1,1708
2026-04-03T22:59:34,-4.025643,-119.262054,-5.1,13.04,70.4,11,1.1,103.4,4.207,-4.2,0,1,1709
2026-04-03T23:00:03,-4.025215,-119.260330,-4.8,12.80,75.6,11,1.1,103.4,4.207,-4.2,0,1,1710
2026-04-03T23:00:31,-4.024736,-119.258659,2.0,13.37,76.3,10,1.8,103.4,4.207,-4.2,0,1,1711
2026-04-03T23:00:59,-4.024159,-119.256958,3.7,13.32,71.3,10,1.8,103.0,4.209,-4.2,0,1,1712
2026-04-03T23:01:28,-4.023602,-119.255257,5.1,13.17,71.2,10,1.1,103.2,4.207,-4.2,0,1,1713
2026-04-03T23:01:56,-4.023137,-119.253609,9.3,12.84,77.7,11,1.1,103.0,4.206,-4.2,0,1,1714
2026-04-03T23:02:24,-4.022573,-119.251968,12.0,12.94,78.7,11,1.1,103.2,4.209,-4.2,0,1,1715
2026-04-03T23:02:53,-4.022180,-119.250267,3.3,12.46,76.2,11,1.1,103.2,4.209,-4.2,0,1,1716
2026-04-03T23:03:21,-4.021655,-119.248611,3.1,13.41,71.1,11,1.1,103.2,4.210,-4.2,0,1,1717
2026-04-03T23:03:49,-4.021106,-119.246964,12.2,13.41,70.9,11,1.1,103.4,4.207,-4.2,0,1,1718
2026-04-03T23:04:18,-4.020677,-119.245186,18.9,13.21,79.2,10,1.1,103.2,4.209,-4.2,0,1,1719
2026-04-03T23:04:46,-4.020095,-119.243546,19.5,13.96,72.5,11,1.1,103.2,4.209,-4.2,0,1,1720
2026-04-03T23:05:14,-4.019615,-119.241920,26.1,13.26,75.5,11,1.1,103.4,4.207,-4.2,0,1,1721
2026-04-03T23:05:43,-4.019083,-119.240181,33.7,13.49,72.8,11,1.1,103.2,4.207,-4.2,0,1,1722
2026-04-03T23:06:11,-4.018611,-119.238487,28.7,13.38,71.1,10,1.8,103.4,4.207,-4.2,0,1,1723
2026-04-03T23:06:39,-4.018131,-119.236816,39.9,13.85,71.3,9,2.0,103.2,4.209,-4.2,0,1,1724
2026-04-03T23:07:08,-4.017722,-119.235046,42.5,13.32,77.7,11,1.1,103.2,4.207,-4.2,0,1,1725
2026-04-03T23:07:36,-4.017185,-119.233383,42.0,13.50,74.6,11,1.1,103.2,4.207,-4.2,0,1,1726
2026-04-03T23:08:04,-4.016683,-119.231689,45.4,13.42,76.4,11,1.1,103.2,4.210,-4.2,0,1,1727
2026-04-03T23:08:33,-4.016161,-119.229942,44.7,13.67,63.8,10,1.9,103.4,4.206,-4.2,0,1,1728
2026-04-03T23:09:01,-4.015670,-119.228249,42.1,13.75,75.3,9,2.0,103.4,4.209,-4.2,0,1,1729
2026-04-03T23:09:29,-4.015110,-119.226601,39.7,13.20,68.6,10,1.1,103.4,4.207,-4.2,0,1,1730
2026-04-03T23:09:58,-4.014613,-119.224823,44.2,13.27,75.2,9,2.0,103.2,4.206,-4.2,0,1,1731
2026-04-03T23:10:26,-4.014113,-119.223152,35.8,13.64,68.7,8,2.1,103.2,4.206,-4.2,0,1,1732
2026-04-03T23:10:54,-4.013588,-119.221481,38.9,13.76,68.3,10,1.1,103.4,4.207,-4.2,0,1,1733
2026-04-03T23:11:23,-4.013083,-119.219696,31.4,13.43,73.5,9,2.0,103.4,4.207,-4.2,0,1,1734
2026-04-03T23:11:51,-4.012621,-119.218048,28.9,13.77,71.8,10,1.1,103.2,4.207,-4.2,0,1,1735
2026-04-03T23:12:19,-4.012203,-119.216362,36.1,13.37,72.8,9,2.0,103.0,4.209,-4.2,0,1,1736
2026-04-03T23:12:48,-4.011728,-119.214607,30.7,13.96,69.2,10,1.1,103.5,4.207,-4.4,0,1,1737
2026-04-03T23:13:16,-4.011230,-119.212929,29.8,13.45,76.9,9,2.0,103.2,4.209,2747.5,0,1,1738
2026-04-03T23:13:44,-4.010733,-119.211235,26.9,13.36,71.0,9,2.0,103.2,4.206,-4.2,0,1,1739
2026-04-03T23:14:13,-4.010293,-119.209457,22.0,13.71,73.5,9,1.1,103.2,4.207,-4.2,0,1,1740
2026-04-03T23:14:41,-4.009930,-119.207718,9.8,14.30,73.8,9,1.1,103.5,4.207,-4.4,0,1,1741
2026-04-03T23:15:09,-4.009483,-119.206001,5.9,13.38,75.4,8,2.0,103.2,4.210,-4.2,0,1,1742
2026-04-03T23:15:38,-4.009121,-119.204277,1.0,13.39,80.0,8,2.0,103.2,4.209,-4.2,0,1,1743
2026-04-03T23:16:06,-4.008643,-119.202560,-0.7,14.83,69.7,8,2.0,103.2,4.209,-4.2,0,1,1744
2026-04-03T23:16:34,-4.008097,-119.200859,5.2,13.72,71.2,8,2.0,103.4,4.207,-4.2,0,1,1745
2026-04-03T23:17:03,-4.007577,-119.199081,5.3,14.32,72.2,8,2.0,103.4,4.207,-4.2,0,1,1746
2026-04-03T23:17:31,-4.007030,-119.197403,10.4,13.33,73.2,8,2.0,103.2,4.209,2747.5,0,1,1747
2026-04-03T23:17:59,-4.006583,-119.195709,8.9,13.66,73.2,8,2.0,103.4,4.209,-4.2,0,1,1748
2026-04-03T23:18:28,-4.006062,-119.193947,7.4,14.59,66.2,8,2.0,103.4,4.207,-4.2,0,1,1749
2026-04-03T23:18:56,-4.005593,-119.192284,7.9,13.05,75.9,8,2.0,103.0,4.209,-4.2,0,1,1750
2026-04-03T23:19:24,-4.005125,-119.190552,13.3,12.88,79.5,8,2.0,103.2,4.206,-4.2,0,1,1751
2026-04-03T23:19:53,-4.004628,-119.188828,17.3,13.24,72.9,8,2.0,103.2,4.207,-4.2,0,1,1752
2026-04-03T23:20:21,-4.004027,-119.187134,24.1,13.73,68.7,8,2.0,103.4,4.209,-4.2,0,1,1753
2026-04-03T23:20:49,-4.003467,-119.185463,28.7,13.55,73.4,8,2.0,103.4,4.210,-4.2,0,1,1754
2026-04-03T23:21:18,-4.003013,-119.183678,23.1,13.31,78.7,8,2.0,103.2,4.209,-4.2,0,1,1755
2026-04-03T23:21:46,-4.002481,-119.182014,26.0,13.09,72.5,8,1.9,103.0,4.207,-4.2,0,1,1756
2026-04-03T23:22:14,-4.001985,-119.180298,24.5,13.30,67.1,8,1.9,103.2,4.206,-4.2,0,1,1757
2026-04-03T23:22:43,-4.001445,-119.178551,25.0,13.24,66.3,8,1.9,103.2,4.209,-4.2,0,1,1758
2026-04-03T23:23:11,-4.000983,-119.176872,26.7,12.74,68.5,8,1.9,103.5,4.207,-4.4,0,1,1759
2026-04-03T23:23:39,-4.000515,-119.175171,20.7,13.91,67.2,8,1.9,103.2,4.207,-4.2,0,1,1760
2026-04-03T23:24:08,-3.999990,-119.173416,12.3,14.03,65.8,8,1.9,103.4,4.207,-4.2,0,1,1761
2026-04-03T23:24:36,-3.999565,-119.171738,17.1,14.67,72.6,8,1.9,103.0,4.210,-4.2,0,1,1762
2026-04-03T23:25:04,-3.999136,-119.170021,14.0,13.27,82.3,8,1.9,103.4,4.209,-4.2,0,1,1763
2026-04-03T23:25:33,-3.998608,-119.168282,11.2,13.50,69.9,8,1.9,103.4,4.209,-4.2,0,1,1764
2026-04-03T23:26:01,-3.998076,-119.166603,12.7,13.76,73.2,8,1.9,103.2,4.207,-4.2,0,1,1765
2026-04-03T23:26:29,-3.997543,-119.164940,17.9,12.94,72.8,8,1.9,103.0,4.207,-4.2,0,1,1766
2026-04-03T23:26:58,-3.996982,-119.163185,18.4,13.34,73.0,8,1.8,103.2,4.207,-4.2,0,1,1767
2026-04-03T23:27:26,-3.996422,-119.161507,13.7,13.46,67.9,8,1.8,103.4,4.207,-4.2,0,1,1768
2026-04-03T23:27:54,-3.995958,-119.159782,17.1,14.28,76.8,8,1.8,103.2,4.207,-4.2,0,1,1769
2026-04-03T23:28:23,-3.995442,-119.158058,22.1,13.32,71.8,8,1.8,103.2,4.209,-4.2,0,1,1770
2026-04-03T23:28:51,-3.994950,-119.156364,25.8,13.77,70.7,8,1.8,103.4,4.206,-4.2,0,1,1771
2026-04-03T23:29:19,-3.994528,-119.154663,28.7,12.70,79.4,8,1.8,103.4,4.207,-4.2,0,1,1772
2026-04-03T23:29:48,-3.994055,-119.152924,27.7,12.80,81.6,8,1.8,103.0,4.206,-4.2,0,1,1773
2026-04-03T23:30:16,-3.993512,-119.151245,22.3,13.61,68.0,8,1.8,103.0,4.209,-4.2,0,1,1774
2026-04-03T23:30:44,-3.993182,-119.149490,15.0,13.57,76.9,8,1.8,103.2,4.210,-4.2,0,1,1775
2026-04-03T23:31:13,-3.992713,-119.147766,12.1,13.62,69.3,8,1.8,103.5,4.209,-4.4,0,1,1776
2026-04-03T23:31:41,-3.992315,-119.146057,4.6,12.99,73.5,8,1.7,103.4,4.209,-4.2,0,1,1777
2026-04-03T23:32:09,-3.991846,-119.144409,7.1,13.89,78.2,9,1.5,103.2,4.207,-4.2,0,1,1778
2026-04-03T23:32:38,-3.991346,-119.142685,-0.3,12.87,68.8,9,1.5,103.2,4.207,-4.2,0,1,1779
2026-04-03T23:33:06,-3.990855,-119.141014,3.2,12.36,76.2,9,1.5,103.4,4.207,-4.2,0,1,1780
2026-04-03T23:33:34,-3.990446,-119.139305,4.9,13.22,70.7,9,1.5,103.4,4.207,-4.2,0,1,1781
2026-04-03T23:34:03,-3.989922,-119.137589,5.6,13.52,71.7,9,1.5,103.2,4.205,-4.2,0,1,1782
2026-04-03T23:34:31,-3.989436,-119.135910,6.2,13.35,70.8,9,1.5,103.0,4.206,-4.2,0,1,1783
2026-04-03T23:34:59,-3.988913,-119.134209,15.0,13.94,72.7,9,1.5,103.2,4.207,-4.2,0,1,1784
2026-04-03T23:35:28,-3.988415,-119.132454,14.0,13.31,76.9,9,1.5,103.2,4.207,-4.2,0,1,1785
2026-04-03T23:35:56,-3.987898,-119.130775,13.9,13.34,75.2,9,1.5,103.4,4.206,-4.2,0,1,1786
2026-04-03T23:36:24,-3.987390,-119.129105,15.4,12.62,70.2,9,1.5,103.2,4.209,-4.2,0,1,1787
2026-04-03T23:36:53,-3.986845,-119.127357,15.6,13.30,78.8,9,1.5,103.2,4.207,-4.2,0,1,1788
2026-04-03T23:37:21,-3.986325,-119.125687,17.2,13.14,71.6,9,1.5,103.5,4.207,-4.4,0,1,1789
2026-04-03T23:37:49,-3.985790,-119.124008,17.5,13.46,72.8,9,1.5,103.7,4.207,-4.2,0,1,1790
2026-04-03T23:38:17,-3.985276,-119.122345,14.0,13.23,66.0,9,1.5,103.0,4.209,-4.2,0,1,1791
2026-04-03T23:38:46,-3.984700,-119.120613,18.7,13.22,70.5,9,1.5,103.5,4.207,-4.4,0,1,1792
2026-04-03T23:39:14,-3.984172,-119.118935,18.7,13.69,70.2,9,1.5,103.2,4.209,-4.2,0,1,1793
2026-04-03T23:39:42,-3.983633,-119.117287,20.8,13.63,69.9,9,1.5,103.4,4.207,-4.2,0,1,1794
2026-04-03T23:40:11,-3.983090,-119.115570,22.1,13.32,69.5,8,1.5,103.2,4.207,-4.2,0,1,1795
2026-04-03T23:40:39,-3.982562,-119.113922,21.1,13.06,71.5,8,1.5,103.2,4.207,-4.2,0,1,1796
2026-04-03T23:41:07,-3.982093,-119.112267,15.7,13.65,74.7,8,1.5,103.5,4.207,-4.4,0,1,1797
2026-04-03T23:41:36,-3.981598,-119.110550,12.4,13.45,75.6,8,1.5,103.0,4.207,-4.2,0,1,1798
2026-04-03T23:42:04,-3.981166,-119.108887,9.7,13.76,72.8,8,1.5,103.2,4.209,-4.2,0,1,1799
2026-04-03T23:42:33,-3.980700,-119.107178,10.4,13.25,72.3,8,1.5,103.4,4.207,-4.2,0,1,1800
2026-04-03T23:43:01,-3.980191,-119.105499,3.5,13.46,77.5,8,1.5,103.4,4.207,-4.2,0,1,1801
2026-04-03T23:43:29,-3.979693,-119.103821,2.9,13.61,65.8,8,1.4,103.4,4.206,-4.2,0,1,1802
2026-04-03T23:43:58,-3.979135,-119.102119,5.4,14.24,73.5,8,1.4,103.2,4.207,-4.2,0,1,1803
2026-04-03T23:44:26,-3.978608,-119.100464,7.2,13.86,69.9,8,1.4,103.0,4.207,-4.2,0,1,1804
2026-04-03T23:44:54,-3.978100,-119.098793,8.3,13.74,66.2,8,1.4,103.0,4.209,-4.2,0,1,1805
2026-04-03T23:45:23,-3.977591,-119.097061,10.1,13.48,72.2,8,1.4,103.4,4.209,-4.2,0,1,1806
2026-04-03T23:45:51,-3.977075,-119.095398,1.0,13.14,71.7,8,1.4,103.0,4.209,-4.2,0,1,1807
2026-04-03T23:46:19,-3.976563,-119.093735,-5.1,13.77,71.2,8,1.4,103.2,4.209,-4.2,0,1,1808
2026-04-03T23:46:48,-3.976050,-119.092033,-1.7,13.45,74.5,8,1.4,103.2,4.209,-4.2,0,1,1809
2026-04-03T23:47:16,-3.975565,-119.090340,-5.7,13.34,72.4,8,1.4,103.4,4.207,-4.2,0,1,1810
2026-04-03T23:47:44,-3.975049,-119.088692,-10.0,12.68,73.2,8,1.4,103.4,4.207,-4.2,0,1,1811
2026-04-03T23:48:13,-3.974525,-119.086990,-12.7,12.87,76.3,8,1.4,103.2,4.206,-4.2,0,1,1812
2026-04-03T23:48:41,-3.974008,-119.085327,-17.9,13.73,77.6,8,1.4,103.2,4.210,-4.2,0,1,1813
2026-04-03T23:49:09,-3.973545,-119.083649,-17.5,13.24,81.1,8,1.4,103.2,4.207,-4.2,0,1,1814
2026-04-03T23:49:38,-3.973030,-119.081917,-20.7,13.75,75.3,8,1.4,103.4,4.206,-4.2,0,1,1815
2026-04-03T23:50:06,-3.972528,-119.080292,-14.4,12.58,68.7,8,1.4,103.2,4.206,-4.2,0,1,1816
2026-04-03T23:50:34,-3.971995,-119.078644,-13.6,13.06,74.4,8,1.4,103.5,4.209,-4.4,0,1,1817
2026-04-03T23:51:03,-3.971496,-119.076942,-22.4,12.67,77.3,8,1.3,103.4,4.209,-4.2,0,1,1818
2026-04-03T23:51:31,-3.971003,-119.075279,-7.7,13.36,75.4,8,1.3,103.4,4.207,-4.2,0,1,1819
2026-04-03T23:51:59,-3.970391,-119.073654,-1.8,13.19,71.6,8,1.3,103.2,4.207,-4.2,0,1,1820
2026-04-03T23:52:28,-3.969688,-119.071999,6.0,13.14,66.7,8,1.3,103.2,4.207,-4.2,0,1,1821
2026-04-03T23:52:56,-3.969140,-119.070351,9.1,13.32,71.0,8,1.3,103.0,4.209,-4.2,0,1,1822
2026-04-03T23:53:24,-3.968676,-119.068695,13.9,12.78,68.7,8,1.3,103.0,4.206,-4.2,0,1,1823
2026-04-03T23:53:53,-3.968140,-119.066994,13.8,12.98,68.9,8,1.3,103.2,4.207,-4.2,0,1,1824
2026-04-03T23:54:21,-3.967645,-119.065346,11.0,12.43,70.6,8,1.3,103.5,4.207,-4.4,0,1,1825
2026-04-03T23:54:49,-3.967136,-119.063690,14.0,13.43,70.7,8,1.3,103.2,4.207,-4.2,0,1,1826
2026-04-03T23:55:18,-3.966650,-119.062004,17.9,13.21,82.0,8,1.3,103.0,4.209,-4.2,0,1,1827
2026-04-03T23:55:46,-3.966152,-119.060349,22.1,13.48,75.5,8,1.3,103.2,4.209,-4.2,0,1,1828
2026-04-03T23:56:14,-3.965627,-119.058701,21.5,13.26,71.1,8,1.3,103.2,4.206,-4.2,0,1,1829
2026-04-03T23:56:43,-3.965090,-119.057014,17.7,13.36,80.3,8,1.3,103.2,4.209,-4.2,0,1,1830
2026-04-03T23:57:11,-3.964530,-119.055389,16.8,13.24,73.2,8,1.3,103.0,4.210,-4.2,0,1,1831
2026-04-03T23:57:39,-3.963950,-119.053734,14.1,14.24,69.8,8,1.3,103.0,4.209,-4.2,0,1,1832
2026-04-03T23:58:08,-3.963490,-119.052017,9.5,13.30,75.0,8,1.3,103.2,4.209,-4.2,0,1,1833
2026-04-03T23:58:36,-3.962940,-119.050354,12.4,13.77,84.9,8,1.2,103.2,4.207,-4.2,0,1,1834
2026-04-03T23:59:04,-3.962427,-119.048691,7.8,13.56,75.1,8,1.2,103.4,4.207,-4.2,0,1,1835
2026-04-03T23:59:33,-3.961905,-119.046951,8.7,13.63,71.7,7,1.5,103.4,4.209,-4.2,0,1,1836
