datetime,lat,lon,alt_m,speed_kts,cog,satellites,hdop,battery_pct,battery_v,charge_rate,rtc_bat_low,fix,boot
2026-04-09T00:00:17,3.481988,-94.445152,13.2,12.33,69.7,7,2.3,86.1,4.065,-4.0,0,1,16891
2026-04-09T00:00:46,3.482482,-94.443581,4.9,11.59,72.1,7,2.4,85.8,4.071,-4.0,0,1,16892
2026-04-09T00:01:14,3.482885,-94.442108,0.9,12.25,70.8,8,1.5,86.1,4.068,-4.0,0,1,16893
2026-04-09T00:01:43,3.483480,-94.440643,-1.3,11.93,69.2,7,2.4,86.1,4.066,-4.0,0,1,16894
2026-04-09T00:02:12,3.483962,-94.439095,6.3,12.01,68.7,8,1.5,85.8,4.066,-4.0,0,1,16895
2026-04-09T00:02:41,3.484588,-94.437553,13.2,12.25,68.1,9,1.4,86.2,4.068,-3.7,0,1,16896
2026-04-09T00:03:09,3.484993,-94.436035,11.9,11.65,72.9,9,1.4,85.8,4.066,-4.0,0,1,16897
2026-04-09T00:03:38,3.485535,-94.434525,7.4,12.15,76.4,8,2.2,86.2,4.066,-3.7,0,1,16898
2026-04-09T00:04:07,3.486140,-94.433014,3.9,12.19,67.9,8,1.4,85.6,4.066,-3.7,0,1,16899
2026-04-09T00:04:36,3.486790,-94.431549,11.6,12.09,71.1,7,2.3,85.8,4.066,-4.0,0,1,16900
2026-04-09T00:05:04,3.487330,-94.430054,12.0,11.78,69.2,8,1.4,85.8,4.062,-4.0,0,1,16901
2026-04-09T00:05:33,3.488065,-94.428581,20.5,11.53,74.7,8,1.4,85.9,4.069,-3.7,0,1,16902
2026-04-09T00:06:02,3.488628,-94.427048,20.2,12.40,68.9,7,2.4,85.6,4.064,-3.7,0,1,16903
2026-04-09T00:06:31,3.489175,-94.425461,18.6,12.40,70.3,7,2.4,85.8,4.065,-4.0,0,1,16904
2026-04-09T00:06:59,3.489653,-94.423973,19.0,12.27,71.9,8,1.4,85.5,4.062,-3.7,0,1,16905
2026-04-09T00:07:28,3.490150,-94.422401,17.3,11.92,66.7,7,2.4,85.9,4.068,-3.7,0,1,16906
2026-04-09T00:07:57,3.490626,-94.420792,17.6,12.61,74.0,6,2.7,85.6,4.065,-3.7,0,1,16907
2026-04-09T00:08:26,3.491350,-94.419327,18.7,12.70,65.7,7,2.5,85.5,4.062,-3.7,0,1,16908
2026-04-09T00:08:54,3.492065,-94.417923,20.6,11.88,64.0,7,2.5,85.6,4.065,-3.7,0,1,16909
2026-04-09T00:09:23,3.492620,-94.416374,16.9,12.46,68.8,8,1.4,85.8,4.064,-4.0,0,1,16910
2026-04-09T00:09:52,3.493156,-94.414833,11.4,12.29,71.6,7,2.5,85.6,4.064,-3.7,0,1,16911
2026-04-09T00:10:21,3.493805,-94.413345,2.8,12.10,69.9,7,2.5,85.5,4.062,-3.7,0,1,16912
2026-04-09T00:10:49,3.494339,-94.411850,0.6,11.94,66.9,7,2.5,85.6,4.065,-3.7,0,1,16913
2026-04-09T00:11:18,3.494876,-94.410316,1.0,11.81,72.4,7,2.5,85.9,4.064,-3.7,0,1,16914
2026-04-09T00:11:47,3.495395,-94.408783,3.8,12.17,70.4,7,2.6,85.6,4.062,-3.7,0,1,16915
2026-04-09T00:12:16,3.496027,-94.407257,1.2,12.29,69.4,7,2.6,85.5,4.064,-3.7,0,1,16916
2026-04-09T00:12:44,3.496643,-94.405815,2.1,12.47,67.7,7,2.6,85.3,4.062,-4.0,0,1,16917
2026-04-09T00:13:13,3.497305,-94.404343,-2.6,12.29,66.3,7,2.6,85.8,4.061,-4.0,0,1,16918
2026-04-09T00:13:42,3.497896,-94.402832,-1.3,12.43,69.6,7,2.6,85.5,4.062,-3.7,0,1,16919
2026-04-09T00:14:11,3.498556,-94.401344,2.6,11.83,71.8,7,2.6,85.5,4.062,-3.7,0,1,16920
2026-04-09T00:14:39,3.499092,-94.399849,4.9,12.50,71.7,7,2.7,85.3,4.062,-4.0,0,1,16921
2026-04-09T00:15:08,3.499646,-94.398315,1.3,11.87,71.4,7,2.7,85.5,4.062,-3.7,0,1,16922
2026-04-09T00:15:37,3.500160,-94.396797,3.7,11.99,70.1,7,2.7,85.6,4.062,-3.7,0,1,16923
2026-04-09T00:16:06,3.500563,-94.395195,14.3,12.00,73.4,8,1.4,85.5,4.062,-3.7,0,1,16924
2026-04-09T00:16:34,3.501027,-94.393677,13.7,12.66,71.2,7,2.7,85.2,4.062,-3.7,0,1,16925
2026-04-09T00:17:03,3.501648,-94.392189,19.1,12.24,71.5,7,2.7,85.3,4.062,-4.0,0,1,16926
2026-04-09T00:17:32,3.502138,-94.390617,16.0,12.13,70.6,7,2.8,85.6,4.062,-3.7,0,1,16927
2026-04-09T00:18:01,3.502887,-94.389206,27.1,12.19,68.1,8,1.3,85.2,4.060,-3.7,0,1,16928
2026-04-09T00:18:29,3.503522,-94.387794,29.2,11.45,66.6,7,2.8,85.3,4.062,-4.0,0,1,16929
2026-04-09T00:18:58,3.504093,-94.386261,35.8,12.23,72.9,8,2.3,85.3,4.062,-4.0,0,1,16930
2026-04-09T00:19:27,3.504658,-94.384720,35.9,11.83,68.5,7,2.8,85.1,4.060,-3.7,0,1,16931
2026-04-09T00:19:56,3.505250,-94.383194,35.5,11.77,72.1,6,3.2,85.2,4.061,-3.7,0,1,16932
2026-04-09T00:20:24,3.505782,-94.381744,29.8,11.95,68.9,6,3.2,85.2,4.060,-3.7,0,1,16933
2026-04-09T00:20:53,3.506370,-94.380249,24.8,11.47,69.2,7,2.7,85.3,4.061,-4.0,0,1,16934
2026-04-09T00:21:22,3.506868,-94.378685,16.7,11.57,74.7,6,3.2,85.2,4.059,-3.7,0,1,16935
2026-04-09T00:21:51,3.507360,-94.377113,16.5,11.32,70.2,6,3.2,85.1,4.061,-3.7,0,1,16936
2026-04-09T00:22:19,3.507957,-94.375717,11.9,11.74,73.3,5,3.4,85.1,4.064,-3.7,0,1,16937
2026-04-09T00:22:48,3.508505,-94.374176,-7.8,11.81,69.8,6,3.3,85.3,4.064,-4.0,0,1,16938
2026-04-09T00:23:17,3.509100,-94.372604,-8.7,11.62,69.3,5,3.5,85.1,4.062,-3.7,0,1,16939
2026-04-09T00:23:45,3.509580,-94.371155,-9.1,11.42,70.8,7,2.7,85.3,4.060,-4.0,0,1,16940
2026-04-09T00:24:14,3.510073,-94.369606,-10.7,12.90,70.0,6,3.4,85.3,4.059,-4.0,0,1,16941
2026-04-09T00:24:43,3.510622,-94.368073,-10.4,11.57,73.1,7,2.7,85.1,4.059,-3.7,0,1,16942
2026-04-09T00:25:12,3.511222,-94.366562,-10.0,11.89,67.7,6,2.8,84.9,4.059,-4.0,0,1,16943
2026-04-09T00:25:41,3.511793,-94.365067,-9.0,11.93,69.9,6,2.8,84.9,4.057,-4.0,0,1,16944
2026-04-09T00:26:09,3.512383,-94.363586,-5.6,12.08,69.2,5,3.6,84.9,4.062,-4.0,0,1,16945
2026-04-09T00:26:38,3.512987,-94.362083,-3.8,11.69,65.1,5,3.6,85.1,4.057,-3.7,0,1,16946
2026-04-09T00:27:07,3.513590,-94.360580,-2.0,11.27,70.1,5,3.7,85.2,4.060,-3.7,0,1,16947
2026-04-09T00:27:35,3.514122,-94.359116,-1.1,11.29,70.8,6,3.5,85.1,4.057,-3.7,0,1,16948
2026-04-09T00:28:04,3.514710,-94.357620,-0.2,11.09,67.7,6,3.5,85.1,4.057,-3.7,0,1,16949
2026-04-09T00:28:33,3.515295,-94.356125,2.2,11.45,70.0,5,3.8,84.8,4.062,-3.7,0,1,16950
2026-04-09T00:29:02,3.515847,-94.354637,3.1,11.90,69.6,7,2.9,85.3,4.062,-4.0,0,1,16951
2026-04-09T00:29:31,3.516448,-94.353149,4.0,11.10,72.2,6,2.9,84.8,4.057,-3.7,0,1,16952
2026-04-09T00:29:59,3.516975,-94.351707,4.5,11.29,67.2,6,3.6,84.9,4.059,-4.0,0,1,16953
2026-04-09T00:30:28,3.517495,-94.350174,-2.4,11.87,72.3,5,3.9,85.1,4.061,-3.7,0,1,16954
2026-04-09T00:30:56,3.518070,-94.348740,-5.2,11.27,69.4,6,3.7,85.1,4.057,-3.7,0,1,16955
2026-04-09T00:31:24,3.518588,-94.347275,-8.1,11.49,70.2,5,3.9,84.9,4.057,-4.0,0,1,16956
2026-04-09T00:31:53,3.519160,-94.345772,-17.3,11.99,65.7,6,3.7,85.1,4.055,-3.7,0,1,16957
2026-04-09T00:32:22,3.519860,-94.344322,-15.2,11.66,70.0,5,4.0,85.1,4.061,-3.7,0,1,16958
2026-04-09T00:32:50,3.520562,-94.342857,-3.0,11.57,68.0,6,3.7,84.9,4.057,-4.0,0,1,16959
2026-04-09T00:33:19,3.521235,-94.341423,6.6,11.29,64.8,7,3.0,84.8,4.055,-3.7,0,1,16960
2026-04-09T00:33:48,3.521875,-94.339905,8.9,11.33,71.1,5,4.1,84.8,4.060,-3.7,0,1,16961
2026-04-09T00:34:16,3.522485,-94.338486,7.4,11.02,67.7,6,3.8,84.9,4.057,-4.0,0,1,16962
2026-04-09T00:34:44,3.523126,-94.337029,-11.9,11.37,65.8,7,3.0,84.8,4.055,-3.7,0,1,16963
2026-04-09T00:35:13,3.523551,-94.335472,-9.8,11.68,69.7,7,3.1,85.1,4.056,-3.7,0,1,16964
2026-04-09T00:35:42,3.524110,-94.333977,-14.5,11.55,70.8,5,4.2,84.6,4.061,-4.0,0,1,16965
2026-04-09T00:36:10,3.524571,-94.332497,-10.2,11.44,70.9,6,3.9,84.9,4.055,-4.0,0,1,16966
2026-04-09T00:36:39,3.525135,-94.331009,-11.1,11.30,66.2,7,3.1,84.8,4.054,-3.7,0,1,16967
2026-04-09T00:37:08,3.525743,-94.329475,-10.0,11.73,68.7,7,3.1,84.6,4.056,-4.0,0,1,16968
2026-04-09T00:37:37,3.526455,-94.327911,-0.2,11.73,68.8,7,3.1,84.9,4.056,-4.0,0,1,16969
2026-04-09T00:38:06,3.527045,-94.326492,-0.4,11.37,69.6,7,3.1,84.5,4.055,-3.7,0,1,16970
2026-04-09T00:38:34,3.527718,-94.325050,3.2,11.74,66.6,6,3.9,84.5,4.057,-3.7,0,1,16971
2026-04-09T00:39:03,3.528370,-94.323540,10.6,11.56,62.4,6,4.0,84.8,4.056,2256.8,0,1,16972
2026-04-09T00:39:32,3.528953,-94.322044,-0.7,11.43,69.6,7,3.2,84.8,4.055,-3.7,0,1,16973
2026-04-09T00:40:01,3.529573,-94.320541,2.8,11.27,67.2,7,3.2,84.6,4.056,-4.0,0,1,16974
2026-04-09T00:40:29,3.530106,-94.319061,13.3,12.24,67.5,7,3.2,84.5,4.055,-3.7,0,1,16975
2026-04-09T00:40:58,3.530765,-94.317581,19.1,11.41,73.7,7,3.2,84.6,4.054,-4.0,0,1,16976
2026-04-09T00:41:27,3.531373,-94.316124,10.1,11.61,70.8,7,3.2,84.5,4.055,-3.7,0,1,16977
2026-04-09T00:41:56,3.532036,-94.314690,7.8,11.76,62.2,6,4.0,84.6,4.054,-4.0,0,1,16978
2026-04-09T00:42:24,3.532433,-94.313148,4.6,10.70,73.8,7,3.3,84.5,4.054,-3.7,0,1,16979
2026-04-09T00:42:53,3.532635,-94.311523,-5.5,11.47,76.4,6,4.0,84.5,4.054,-3.7,0,1,16980
2026-04-09T00:43:22,3.533080,-94.309967,-16.5,10.72,72.5,6,4.1,84.3,4.052,-3.7,0,1,16981
2026-04-09T00:43:51,3.533812,-94.308533,-11.0,11.35,70.7,7,3.3,84.5,4.052,-3.7,0,1,16982
2026-04-09T00:44:19,3.534117,-94.306976,-18.5,11.73,75.4,7,3.3,84.3,4.055,-3.7,0,1,16983
2026-04-09T00:44:48,3.534730,-94.305504,-12.6,11.47,74.1,7,3.3,84.5,4.052,-3.7,0,1,16984
2026-04-09T00:45:17,3.535423,-94.304131,-26.7,11.33,67.6,7,3.3,84.2,4.054,-4.4,0,1,16985
2026-04-09T00:45:46,3.536045,-94.302650,-23.1,11.29,70.9,7,3.3,84.3,4.054,-3.7,0,1,16986
2026-04-09T00:46:14,3.536486,-94.301163,-23.0,11.86,70.2,7,3.3,84.2,4.052,-4.4,0,1,16987
2026-04-09T00:46:43,3.537091,-94.299683,-13.5,11.18,71.1,7,3.4,84.3,4.052,-3.7,0,1,16988
2026-04-09T00:47:12,3.537848,-94.298218,-7.3,11.30,66.3,6,3.5,83.8,4.052,-4.4,0,1,16989
2026-04-09T00:47:41,3.538396,-94.296684,-1.4,12.05,70.7,6,3.5,84.3,4.051,-3.7,0,1,16990
2026-04-09T00:48:09,3.539100,-94.295303,-2.5,10.39,69.5,7,3.4,84.3,4.052,-3.7,0,1,16991
2026-04-09T00:48:38,3.539586,-94.293732,-2.0,11.34,68.7,6,3.6,84.3,4.052,-3.7,0,1,16992
2026-04-09T00:49:07,3.540280,-94.292267,-1.2,11.03,69.5,6,3.6,84.5,4.051,-3.7,0,1,16993
2026-04-09T00:49:36,3.540863,-94.290756,0.1,11.28,72.8,6,3.6,84.2,4.050,-4.4,0,1,16994
2026-04-09T00:50:04,3.541492,-94.289268,13.7,11.66,70.1,7,3.4,84.0,4.052,-4.4,0,1,16995
2026-04-09T00:50:33,3.542566,-94.287872,20.6,10.95,61.0,7,3.4,84.2,4.051,-4.4,0,1,16996
2026-04-09T00:51:02,3.543202,-94.286331,25.6,11.43,67.6,6,3.6,84.3,4.052,-3.7,0,1,16997
2026-04-09T00:51:31,3.543718,-94.284966,7.3,11.64,56.9,6,3.6,83.8,4.052,-4.4,0,1,16998
2026-04-09T00:51:59,3.544263,-94.283600,13.6,11.28,69.8,7,3.5,84.0,4.051,-4.4,0,1,16999
2026-04-09T00:52:28,3.544888,-94.282089,17.8,11.34,69.5,6,3.7,84.2,4.050,-4.4,0,1,17000
2026-04-09T00:52:57,3.545662,-94.280640,27.1,11.47,68.2,7,3.5,83.8,4.051,-4.4,0,1,17001
2026-04-09T00:53:26,3.546115,-94.279114,19.2,11.15,69.7,6,3.7,83.8,4.050,-4.4,0,1,17002
2026-04-09T00:53:54,3.546822,-94.277748,20.7,10.90,66.5,7,3.5,84.0,4.050,-4.4,0,1,17003
2026-04-09T00:54:23,3.547332,-94.276268,12.8,11.66,66.7,6,3.7,84.0,4.050,-4.4,0,1,17004
2026-04-09T00:54:52,3.547965,-94.274765,12.1,11.57,66.7,7,3.5,84.0,4.049,-4.4,0,1,17005
2026-04-09T00:55:21,3.548440,-94.273232,8.6,11.32,72.4,6,3.7,83.8,4.050,-4.4,0,1,17006
2026-04-09T00:55:49,3.549006,-94.271820,5.5,10.80,69.0,6,3.7,84.0,4.048,-4.4,0,1,17007
2026-04-09T00:56:18,3.549420,-94.270294,2.8,10.98,72.7,6,3.7,84.0,4.050,-4.4,0,1,17008
2026-04-09T00:56:47,3.550100,-94.268814,11.5,11.70,70.7,5,4.5,83.7,4.054,-4.4,0,1,17009
2026-04-09T00:57:15,3.550632,-94.267403,10.0,10.82,69.0,6,3.7,84.0,4.050,-4.4,0,1,17010
2026-04-09T00:57:44,3.551173,-94.265869,8.6,11.24,68.5,6,3.7,83.8,4.049,-4.4,0,1,17011
2026-04-09T00:58:13,3.551820,-94.264450,7.5,11.31,66.4,6,3.7,84.0,4.048,-4.4,0,1,17012
2026-04-09T00:58:42,3.552488,-94.262970,10.2,10.87,65.6,6,3.8,83.8,4.051,-4.4,0,1,17013
2026-04-09T00:59:11,3.553070,-94.261467,12.3,12.07,64.1,6,3.8,83.7,4.049,-4.4,0,1,17014
2026-04-09T00:59:39,3.553657,-94.260025,10.7,11.62,68.2,6,3.8,83.7,4.050,-4.4,0,1,17015
2026-04-09T01:00:08,3.554327,-94.258537,13.9,11.07,72.4,6,3.8,83.8,4.048,-4.4,0,1,17016
2026-04-09T01:00:37,3.554903,-94.257050,7.2,10.99,64.9,6,3.8,83.8,4.048,-4.4,0,1,17017
2026-04-09T01:01:06,3.555492,-94.255577,4.2,10.68,67.5,6,3.8,83.8,4.048,-4.4,0,1,17018
2026-04-09T01:01:34,3.556190,-94.254166,10.9,11.20,70.6,6,3.8,83.8,4.049,-4.4,0,1,17019
2026-04-09T01:02:03,3.556823,-94.252586,15.2,11.19,67.7,6,3.8,83.8,4.048,-4.4,0,1,17020
2026-04-09T01:02:32,3.557357,-94.251144,14.6,10.54,66.3,6,3.8,83.7,4.049,-4.4,0,1,17021
2026-04-09T01:03:01,3.558188,-94.249672,16.2,11.50,67.5,6,3.8,83.7,4.046,-4.4,0,1,17022
2026-04-09T01:03:29,3.558647,-94.248222,19.5,10.77,71.9,6,3.8,83.7,4.048,-4.4,0,1,17023
2026-04-09T01:03:58,3.559203,-94.246750,16.4,10.38,70.9,6,3.8,83.5,4.046,-4.4,0,1,17024
2026-04-09T01:04:27,3.559582,-94.245270,9.7,10.79,71.2,6,3.8,83.7,4.048,-4.4,0,1,17025
2026-04-09T01:04:56,3.560148,-94.243744,7.0,11.02,71.9,6,3.8,83.5,4.048,-4.4,0,1,17026
2026-04-09T01:05:24,3.560643,-94.242317,3.3,10.99,69.1,6,3.8,83.8,4.046,-4.4,0,1,17027
2026-04-09T01:05:53,3.561372,-94.240868,14.7,10.56,68.5,6,3.7,83.4,4.044,-4.4,0,1,17028
2026-04-09T01:06:22,3.562168,-94.239342,31.5,11.01,62.8,7,3.5,83.7,4.046,-4.4,0,1,17029
2026-04-09T01:06:51,3.562692,-94.237839,39.7,10.74,70.9,6,3.7,83.4,4.046,-4.4,0,1,17030
2026-04-09T01:07:19,3.563127,-94.236389,30.4,10.37,71.3,6,3.7,83.4,4.046,-4.4,0,1,17031
2026-04-09T01:07:48,3.563713,-94.234894,20.4,10.01,71.8,6,3.7,83.5,4.045,-4.4,0,1,17032
2026-04-09T01:08:17,3.564107,-94.233383,5.9,10.93,65.7,6,3.7,83.4,4.045,-4.4,0,1,17033
2026-04-09T01:08:46,3.564462,-94.231911,0.7,10.77,74.9,6,3.7,83.4,4.046,-4.4,0,1,17034
2026-04-09T01:09:14,3.564962,-94.230438,-1.8,11.43,69.3,7,2.6,83.5,4.043,-4.4,0,1,17035
2026-04-09T01:09:43,3.565340,-94.228973,-10.1,11.35,68.8,8,2.3,83.5,4.045,-4.4,0,1,17036
2026-04-09T01:10:12,3.566012,-94.227486,-2.0,11.76,65.4,7,2.6,83.4,4.046,-4.4,0,1,17037
2026-04-09T01:10:41,3.566696,-94.226006,-0.2,11.91,64.0,7,2.6,83.2,4.045,-4.2,0,1,17038
2026-04-09T01:11:09,3.567170,-94.224579,1.8,11.65,69.8,7,2.7,83.2,4.046,-4.2,0,1,17039
2026-04-09T01:11:38,3.567860,-94.223129,6.8,11.35,69.5,7,2.7,83.7,4.044,-4.4,0,1,17040
2026-04-09T01:12:07,3.568372,-94.221642,15.3,11.33,70.6,7,2.7,83.4,4.044,-4.4,0,1,17041
2026-04-09T01:12:36,3.568930,-94.220230,31.6,12.13,70.6,8,1.3,83.2,4.045,-4.2,0,1,17042
2026-04-09T01:13:04,3.569483,-94.218819,39.4,11.64,68.2,8,1.3,83.2,4.045,-4.2,0,1,17043
2026-04-09T01:13:33,3.570062,-94.217316,37.7,12.21,67.9,8,1.3,83.4,4.044,-4.4,0,1,17044
2026-04-09T01:14:02,3.570628,-94.215775,34.3,12.31,66.6,8,1.3,83.4,4.044,-4.4,0,1,17045
2026-04-09T01:14:31,3.571320,-94.214233,47.5,11.62,67.2,8,1.4,82.9,4.044,-4.4,0,1,17046
2026-04-09T01:14:59,3.571886,-94.212776,49.6,12.72,71.8,8,1.4,83.0,4.045,-4.4,0,1,17047
2026-04-09T01:15:28,3.572393,-94.211273,42.2,12.89,70.5,8,1.4,83.4,4.045,-4.4,0,1,17048
2026-04-09T01:15:57,3.572895,-94.209763,31.0,11.88,70.1,8,1.4,83.2,4.044,-4.2,0,1,17049
2026-04-09T01:16:26,3.573403,-94.208221,14.5,12.54,70.1,8,1.4,83.2,4.043,-4.2,0,1,17050
2026-04-09T01:16:54,3.573880,-94.206711,-0.8,12.27,70.6,8,1.4,82.9,4.040,-4.4,0,1,17051
2026-04-09T01:17:23,3.574515,-94.205193,4.6,12.31,70.2,7,1.4,83.2,4.044,-4.2,0,1,17052
2026-04-09T01:17:52,3.575075,-94.203690,10.2,12.01,72.3,8,1.4,82.9,4.043,-4.4,0,1,17053
2026-04-09T01:18:21,3.575582,-94.202202,5.5,12.44,69.9,8,1.4,83.0,4.043,-4.4,0,1,17054
2026-04-09T01:18:49,3.576166,-94.200783,8.9,12.11,72.3,7,1.4,82.9,4.044,-4.4,0,1,17055
2026-04-09T01:19:18,3.576836,-94.199287,8.0,12.06,70.6,8,1.4,83.2,4.043,-4.2,0,1,17056
2026-04-09T01:19:47,3.577402,-94.197762,7.9,11.68,71.6,8,1.4,82.9,4.043,-4.4,0,1,17057
2026-04-09T01:20:16,3.578001,-94.196274,12.3,11.41,66.7,8,1.4,82.9,4.041,2206.3,0,1,17058
2026-04-09T01:20:44,3.578556,-94.194832,10.1,11.60,67.7,8,1.4,82.9,4.043,-4.4,0,1,17059
2026-04-09T01:21:13,3.579126,-94.193336,9.6,11.72,71.5,8,1.4,83.2,4.043,-4.2,0,1,17060
2026-04-09T01:21:42,3.579675,-94.191795,6.1,11.88,66.4,8,1.4,82.9,4.040,-4.4,0,1,17061
2026-04-09T01:22:11,3.580300,-94.190331,10.4,11.83,66.1,8,1.4,82.5,4.040,-4.4,0,1,17062
2026-04-09T01:22:39,3.580803,-94.188850,7.5,11.60,72.4,7,1.8,82.5,4.045,-4.4,0,1,17063
2026-04-09T01:23:08,3.581428,-94.187355,14.5,12.07,70.2,8,1.4,82.9,4.041,-4.4,0,1,17064
2026-04-09T01:23:37,3.582030,-94.185890,19.2,12.05,66.4,8,1.4,83.0,4.041,-4.4,0,1,17065
2026-04-09T01:24:06,3.582642,-94.184387,24.2,12.27,74.8,8,1.5,82.7,4.039,-4.4,0,1,17066
2026-04-09T01:24:34,3.583238,-94.182961,33.8,12.18,69.5,8,1.5,82.9,4.037,-4.4,0,1,17067
2026-04-09T01:25:03,3.583873,-94.181465,38.8,11.96,72.2,8,1.5,83.0,4.043,-4.4,0,1,17068
2026-04-09T01:25:32,3.584412,-94.179970,47.2,11.69,72.2,8,1.5,82.7,4.039,-4.4,0,1,17069
2026-04-09T01:26:01,3.585050,-94.178490,44.3,12.80,66.4,8,1.5,82.7,4.043,-4.4,0,1,17070
2026-04-09T01:26:29,3.585550,-94.177032,45.3,11.53,68.7,8,1.5,82.7,4.039,-4.4,0,1,17071
2026-04-09T01:26:58,3.586125,-94.175514,41.7,11.21,65.3,7,1.5,82.7,4.041,-4.4,0,1,17072
2026-04-09T01:27:27,3.586718,-94.174149,44.2,10.91,68.5,7,1.5,82.5,4.040,2197.5,0,1,17073
2026-04-09T01:27:56,3.587243,-94.172600,39.8,12.45,73.6,8,1.5,82.5,4.039,-4.4,0,1,17074
2026-04-09T01:28:24,3.587872,-94.171112,37.5,12.37,70.0,6,2.7,82.4,4.043,-4.4,0,1,17075
2026-04-09T01:28:53,3.588308,-94.169624,37.4,12.45,74.2,7,1.5,82.7,4.037,-4.4,0,1,17076
2026-04-09T01:29:22,3.588780,-94.168129,27.6,11.78,73.4,7,1.5,82.5,4.037,-4.4,0,1,17077
2026-04-09T01:29:51,3.589320,-94.166595,25.9,12.29,70.7,8,1.5,82.4,4.039,-4.4,0,1,17078
2026-04-09T01:30:19,3.589876,-94.165115,26.3,12.01,72.3,8,1.5,82.7,4.040,-4.4,0,1,17079
2026-04-09T01:30:48,3.590510,-94.163574,24.5,11.57,68.2,7,1.5,82.7,4.039,-4.4,0,1,17080
2026-04-09T01:31:17,3.590983,-94.162048,21.6,12.04,70.1,8,1.5,82.4,4.036,-4.4,0,1,17081
2026-04-09T01:31:46,3.591678,-94.160538,20.9,12.76,67.8,7,1.5,82.5,4.039,-4.4,0,1,17082
2026-04-09T01:32:14,3.592215,-94.159142,20.0,11.31,71.5,7,1.5,82.4,4.039,-4.4,0,1,17083
2026-04-09T01:32:43,3.592753,-94.157616,20.9,12.05,70.0,7,1.5,82.5,4.037,-4.4,0,1,17084
2026-04-09T01:33:12,3.593385,-94.156105,21.0,11.95,69.7,7,1.5,82.7,4.037,-4.4,0,1,17085
2026-04-09T01:33:41,3.593913,-94.154594,19.9,11.94,69.1,7,1.6,82.4,4.037,-4.4,0,1,17086
2026-04-09T01:34:09,3.594491,-94.153099,19.6,12.96,70.4,8,1.5,82.4,4.037,-4.4,0,1,17087
2026-04-09T01:34:38,3.595030,-94.151581,21.8,12.43,70.4,8,1.5,82.7,4.037,-4.4,0,1,17088
2026-04-09T01:35:07,3.595632,-94.150047,28.0,12.04,67.7,8,1.5,82.2,4.036,-4.4,0,1,17089
2026-04-09T01:35:36,3.596168,-94.148560,21.7,12.44,67.7,8,1.5,82.4,4.037,-4.4,0,1,17090
2026-04-09T01:36:04,3.596666,-94.147102,16.0,11.79,70.0,8,1.5,82.5,4.037,-4.4,0,1,17091
2026-04-09T01:36:33,3.597248,-94.145554,18.9,11.94,74.1,8,1.5,82.7,4.036,-4.4,0,1,17092
2026-04-09T01:37:02,3.597823,-94.144028,20.9,12.65,71.7,7,1.6,82.4,4.035,-4.4,0,1,17093
2026-04-09T01:37:31,3.598370,-94.142509,24.8,11.90,67.9,8,1.5,82.1,4.037,-4.4,0,1,17094
2026-04-09T01:37:59,3.598910,-94.141052,24.1,11.82,70.1,8,1.5,82.1,4.037,-4.4,0,1,17095
2026-04-09T01:38:28,3.599478,-94.139526,25.5,11.74,69.9,8,1.5,82.4,4.036,-4.4,0,1,17096
2026-04-09T01:38:57,3.600008,-94.137993,30.8,12.23,71.5,8,1.5,81.9,4.037,-4.2,0,1,17097
2026-04-09T01:39:26,3.600513,-94.136436,30.8,12.40,70.9,8,1.6,81.9,4.036,-4.2,0,1,17098
2026-04-09T01:39:54,3.601105,-94.134972,26.5,12.34,66.6,8,1.6,82.2,4.040,-4.4,0,1,17099
2026-04-09T01:40:23,3.601562,-94.133438,22.4,11.60,75.1,7,1.7,82.5,4.035,-4.4,0,1,17100
2026-04-09T01:40:52,3.602242,-94.131950,28.2,12.16,70.7,8,1.6,82.1,4.035,-4.4,0,1,17101
2026-04-09T01:41:21,3.602839,-94.130417,26.2,12.29,72.9,8,1.6,82.1,4.036,-4.4,0,1,17102
2026-04-09T01:41:49,3.603398,-94.128960,24.1,12.61,69.7,8,1.6,82.1,4.039,-4.4,0,1,17103
2026-04-09T01:42:18,3.603978,-94.127434,24.2,11.17,69.6,8,1.6,82.2,4.035,-4.4,0,1,17104
2026-04-09T01:42:47,3.604600,-94.125923,23.8,11.82,70.0,8,1.6,82.1,4.035,-4.4,0,1,17105
2026-04-09T01:43:16,3.605152,-94.124413,24.0,12.98,72.0,8,1.6,81.9,4.034,-4.2,0,1,17106
2026-04-09T01:43:44,3.605625,-94.122925,26.3,11.98,69.2,8,1.6,82.1,4.034,-4.4,0,1,17107
2026-04-09T01:44:13,3.606253,-94.121399,26.9,12.93,71.0,8,1.6,82.1,4.034,-4.4,0,1,17108
2026-04-09T01:44:42,3.606830,-94.119896,24.3,12.86,69.4,8,1.6,81.9,4.035,-4.2,0,1,17109
2026-04-09T01:45:11,3.607390,-94.118401,24.9,11.91,69.0,8,1.6,81.7,4.037,-4.4,0,1,17110
2026-04-09T01:45:39,3.607948,-94.116920,20.2,11.89,73.0,8,1.6,81.9,4.035,-4.2,0,1,17111
2026-04-09T01:46:08,3.608515,-94.115395,21.0,12.72,68.0,8,1.6,82.1,4.032,-4.4,0,1,17112
2026-04-09T01:46:37,3.609102,-94.113892,23.4,11.95,68.1,8,1.6,82.1,4.034,-4.4,0,1,17113
2026-04-09T01:47:06,3.609752,-94.112381,26.4,12.03,70.7,8,1.6,82.1,4.035,-4.4,0,1,17114
2026-04-09T01:47:34,3.610293,-94.110909,29.3,12.83,67.9,8,1.6,81.7,4.031,-4.4,0,1,17115
2026-04-09T01:48:03,3.610913,-94.109375,24.7,12.05,67.3,8,1.6,82.1,4.034,-4.4,0,1,17116
2026-04-09T01:48:32,3.611439,-94.107849,32.1,12.01,69.2,8,1.6,81.7,4.032,-4.4,0,1,17117
2026-04-09T01:49:01,3.612040,-94.106331,30.5,11.69,70.2,8,1.6,82.2,4.032,-4.4,0,1,17118
2026-04-09T01:49:29,3.612635,-94.104874,27.5,12.09,71.0,8,1.6,81.7,4.032,-4.4,0,1,17119
2026-04-09T01:49:58,3.613210,-94.103340,31.4,12.36,69.6,8,1.6,82.1,4.034,-4.4,0,1,17120
2026-04-09T01:50:27,3.613938,-94.101852,30.8,12.05,64.7,9,1.5,81.6,4.031,-4.4,0,1,17121
2026-04-09T01:50:56,3.614490,-94.100334,28.6,12.22,70.7,9,1.5,81.7,4.032,-4.4,0,1,17122
2026-04-09T01:51:24,3.615095,-94.098869,26.1,12.14,69.4,9,1.5,81.6,4.030,-4.4,0,1,17123
2026-04-09T01:51:53,3.615610,-94.097290,28.8,11.96,65.8,8,1.6,81.7,4.032,-4.4,0,1,17124
2026-04-09T01:52:22,3.616322,-94.095810,38.6,12.11,66.2,9,1.5,81.4,4.031,-4.4,0,1,17125
2026-04-09T01:52:51,3.616863,-94.094269,42.2,11.79,70.0,9,1.5,81.4,4.032,-4.4,0,1,17126
2026-04-09T01:53:19,3.617383,-94.092751,34.2,11.96,66.2,9,1.5,81.7,4.032,-4.4,0,1,17127
2026-04-09T01:53:48,3.617966,-94.091202,34.0,14.12,73.5,9,1.5,81.6,4.032,-4.4,0,1,17128
2026-04-09T01:54:17,3.618456,-94.089676,34.2,11.51,70.5,8,1.6,81.6,4.030,-4.4,0,1,17129
2026-04-09T01:54:46,3.619062,-94.088150,26.8,12.25,67.1,9,1.5,81.6,4.031,-4.4,0,1,17130
2026-04-09T01:55:14,3.619663,-94.086716,26.2,12.25,66.8,9,1.5,81.4,4.032,-4.4,0,1,17131
2026-04-09T01:55:43,3.620242,-94.085167,29.8,12.77,67.0,9,1.5,81.7,4.031,-4.4,0,1,17132
2026-04-09T01:56:12,3.620830,-94.083603,26.7,12.44,72.1,9,1.5,81.4,4.032,-4.4,0,1,17133
2026-04-09T01:56:41,3.621465,-94.082062,17.0,12.41,68.3,9,1.5,81.7,4.031,-4.4,0,1,17134
2026-04-09T01:57:09,3.621985,-94.080544,11.8,12.57,62.7,9,1.5,81.2,4.031,-4.4,0,1,17135
2026-04-09T01:57:38,3.622519,-94.078949,9.8,12.50,72.3,9,1.5,81.7,4.030,-4.4,0,1,17136
2026-04-09T01:58:07,3.623115,-94.077438,9.5,12.60,71.0,8,1.5,81.4,4.030,-4.4,0,1,17137
2026-04-09T01:58:36,3.623731,-94.075890,-0.4,12.02,68.7,8,1.5,81.2,4.031,-4.4,0,1,17138
2026-04-09T01:59:04,3.624238,-94.074371,-3.1,12.59,70.9,8,1.5,81.4,4.031,-4.4,0,1,17139
2026-04-09T01:59:33,3.624865,-94.072845,4.5,8.81,62.6,9,1.5,81.6,4.030,-4.4,0,1,17140
2026-04-09T02:00:02,3.625520,-94.071335,7.0,12.12,67.1,10,1.5,81.4,4.029,-4.4,0,1,17141
2026-04-09T02:00:31,3.626180,-94.069824,13.7,11.95,61.3,9,1.5,81.2,4.030,-4.4,0,1,17142
2026-04-09T02:00:59,3.626811,-94.068336,9.6,12.23,69.2,10,1.5,81.2,4.025,-4.4,0,1,17143
2026-04-09T02:01:28,3.627439,-94.066803,3.6,12.59,65.1,10,1.5,81.2,4.030,-4.4,0,1,17144
2026-04-09T02:01:57,3.628025,-94.065247,0.8,11.18,69.4,10,1.5,81.7,4.030,-4.4,0,1,17145
2026-04-09T02:02:26,3.628631,-94.063690,4.2,12.04,67.9,11,1.2,81.1,4.029,-4.4,0,1,17146
2026-04-09T02:02:54,3.629222,-94.062202,10.9,11.95,69.2,11,1.2,81.1,4.024,-4.4,0,1,17147
2026-04-09T02:03:23,3.629855,-94.060654,7.4,12.55,63.0,11,1.2,81.6,4.032,-4.4,0,1,17148
2026-04-09T02:03:52,3.630431,-94.059158,10.9,12.19,69.6,11,1.2,81.1,4.029,-4.4,0,1,17149
2026-04-09T02:04:21,3.631085,-94.057640,14.0,12.38,65.4,11,1.2,81.1,4.028,-4.4,0,1,17150
2026-04-09T02:04:49,3.631678,-94.056221,7.8,11.88,64.7,11,1.2,81.2,4.025,-4.4,0,1,17151
2026-04-09T02:05:18,3.632306,-94.054687,6.6,12.32,66.6,11,1.2,81.4,4.029,-4.4,0,1,17152
2026-04-09T02:05:47,3.632990,-94.053162,4.9,12.56,66.0,11,1.2,81.1,4.028,-4.4,0,1,17153
2026-04-09T02:06:16,3.633583,-94.051651,7.2,12.26,63.3,11,1.2,81.1,4.028,-4.4,0,1,17154
2026-04-09T02:06:44,3.634190,-94.050179,-6.5,12.57,65.7,11,1.2,81.1,4.024,-4.4,0,1,17155
2026-04-09T02:07:13,3.634845,-94.048592,5.2,12.73,69.0,11,1.2,81.2,4.030,-4.4,0,1,17156
2026-04-09T02:07:42,3.635468,-94.047066,4.2,12.21,66.3,11,1.2,80.9,4.029,-4.4,0,1,17157
2026-04-09T02:08:11,3.636080,-94.045517,2.7,12.40,68.2,10,1.5,81.1,4.029,-4.4,0,1,17158
2026-04-09T02:08:39,3.636696,-94.044044,4.6,12.36,73.7,11,1.2,80.9,4.024,2154.0,0,1,17159
2026-04-09T02:09:08,3.637372,-94.042526,10.8,12.11,72.3,11,1.2,81.1,4.031,-4.4,0,1,17160
2026-04-09T02:09:37,3.637963,-94.041016,11.0,12.51,63.2,10,1.5,81.2,4.026,-4.4,0,1,17161
2026-04-09T02:10:06,3.638628,-94.039505,7.6,12.16,65.2,10,1.5,81.2,4.026,-4.4,0,1,17162
2026-04-09T02:10:34,3.639242,-94.037994,13.1,12.07,65.1,11,1.2,80.9,4.023,-4.4,0,1,17163
2026-04-09T02:11:03,3.639905,-94.036484,10.0,12.72,66.6,11,1.2,80.9,4.030,-4.4,0,1,17164
2026-04-09T02:11:32,3.640501,-94.034958,9.8,12.41,65.2,11,1.2,80.7,4.026,-4.4,0,1,17165
2026-04-09T02:12:01,3.641092,-94.033386,7.8,12.12,66.2,11,1.2,80.9,4.025,-4.4,0,1,17166
2026-04-09T02:12:29,3.641710,-94.031921,16.9,12.45,63.0,11,1.2,80.9,4.023,-4.4,0,1,17167
2026-04-09T02:12:58,3.642345,-94.030380,14.1,12.63,65.2,11,1.2,80.9,4.030,-4.4,0,1,17168
2026-04-09T02:13:27,3.642958,-94.028854,10.1,12.12,66.0,10,1.5,80.7,4.025,-4.4,0,1,17169
2026-04-09T02:13:56,3.643645,-94.027344,19.0,12.33,66.5,10,1.5,80.6,4.025,-4.2,0,1,17170
2026-04-09T02:14:24,3.644270,-94.025848,11.8,12.19,64.7,9,1.6,80.9,4.026,-4.4,0,1,17171
2026-04-09T02:14:53,3.644888,-94.024315,-4.7,12.08,68.2,10,1.5,80.9,4.025,-4.4,0,1,17172
2026-04-09T02:15:22,3.645580,-94.022797,-0.3,12.54,67.0,9,1.6,80.6,4.025,-4.2,0,1,17173
2026-04-09T02:15:51,3.646202,-94.021263,2.5,12.56,64.5,11,1.2,80.6,4.025,2145.5,0,1,17174
2026-04-09T02:16:19,3.646883,-94.019814,-4.7,12.76,65.7,10,1.2,80.4,4.025,-4.4,0,1,17175
2026-04-09T02:16:48,3.647520,-94.018318,-2.6,11.91,66.4,9,1.6,81.1,4.024,-4.4,0,1,17176
2026-04-09T02:17:17,3.648185,-94.016792,1.9,12.54,65.2,10,1.1,80.4,4.024,-4.4,0,1,17177
2026-04-09T02:17:46,3.648810,-94.015289,-6.5,11.88,68.0,9,1.6,80.4,4.025,-4.4,0,1,17178
2026-04-09T02:18:14,3.649378,-94.013832,3.3,12.55,69.8,9,1.6,80.7,4.024,-4.4,0,1,17179
2026-04-09T02:18:43,3.649983,-94.012276,13.1,11.96,70.8,9,1.6,80.7,4.024,-4.4,0,1,17180
2026-04-09T02:19:12,3.650467,-94.010735,14.7,12.24,69.6,10,1.1,80.6,4.024,-4.2,0,1,17181
2026-04-09T02:19:41,3.650950,-94.009201,12.5,11.93,76.6,10,1.1,80.4,4.024,-4.4,0,1,17182
2026-04-09T02:20:09,3.651467,-94.007713,11.8,11.83,71.1,10,1.1,80.7,4.023,-4.4,0,1,17183
2026-04-09T02:20:38,3.651947,-94.006180,17.6,12.26,72.4,10,1.2,80.6,4.023,-4.2,0,1,17184
2026-04-09T02:21:07,3.652443,-94.004608,14.1,11.98,71.3,10,1.1,80.6,4.023,-4.2,0,1,17185
2026-04-09T02:21:35,3.652942,-94.003136,20.7,12.55,73.6,11,1.1,80.4,4.023,-4.4,0,1,17186
2026-04-09T02:22:04,3.653480,-94.001572,18.4,12.69,68.8,11,1.1,80.9,4.021,-4.4,0,1,17187
2026-04-09T02:22:33,3.653838,-94.000031,13.3,12.19,74.0,11,1.1,80.1,4.023,-4.4,0,1,17188
2026-04-09T02:23:02,3.654308,-93.998474,5.1,11.98,76.5,9,1.3,80.3,4.025,-4.4,0,1,17189
2026-04-09T02:23:31,3.654797,-93.996964,7.0,11.86,69.6,11,1.1,80.3,4.023,-4.4,0,1,17190
2026-04-09T02:23:59,3.655238,-93.995438,11.0,12.08,75.1,11,1.1,80.6,4.020,-4.2,0,1,17191
2026-04-09T02:24:28,3.655672,-93.993851,11.2,12.07,74.6,11,1.1,80.6,4.023,-4.2,0,1,17192
2026-04-09T02:24:57,3.656140,-93.992287,16.5,12.03,71.3,10,1.5,80.4,4.021,-4.4,0,1,17193
2026-04-09T02:25:26,3.656605,-93.990761,19.4,11.94,73.2,11,1.1,80.1,4.021,-4.4,0,1,17194
2026-04-09T02:25:54,3.657037,-93.989265,17.1,11.76,75.1,11,1.1,80.1,4.019,-4.4,0,1,17195
2026-04-09T02:26:23,3.657442,-93.987709,13.9,11.69,74.6,9,1.8,80.6,4.026,-4.2,0,1,17196
2026-04-09T02:26:52,3.657878,-93.986153,10.0,12.17,73.7,9,1.8,80.1,4.021,-4.4,0,1,17197
2026-04-09T02:27:21,3.658333,-93.984627,8.8,11.76,73.0,10,1.5,80.4,4.020,-4.4,0,1,17198
2026-04-09T02:27:49,3.658772,-93.983131,11.8,12.02,72.7,10,1.5,80.3,4.021,-4.4,0,1,17199
2026-04-09T02:28:18,3.659175,-93.981583,7.8,11.32,75.4,10,1.5,80.3,4.020,-4.4,0,1,17200
2026-04-09T02:28:47,3.659638,-93.980057,6.6,11.59,76.1,10,1.5,80.1,4.021,-4.4,0,1,17201
2026-04-09T02:29:16,3.660053,-93.978493,5.2,12.07,72.7,10,1.5,80.1,4.020,-4.4,0,1,17202
2026-04-09T02:29:44,3.660453,-93.976990,9.8,12.34,76.9,10,1.5,80.1,4.021,-4.4,0,1,17203
2026-04-09T02:30:13,3.660922,-93.975410,18.6,12.15,73.7,10,1.5,80.4,4.020,-4.4,0,1,17204
2026-04-09T02:30:42,3.661318,-93.973862,18.9,11.89,71.4,9,1.7,80.1,4.020,-4.4,0,1,17205
2026-04-09T02:31:11,3.661757,-93.972313,15.5,12.36,70.9,9,1.7,79.9,4.020,-4.4,0,1,17206
2026-04-09T02:31:39,3.662193,-93.970810,15.2,11.58,73.3,10,1.2,80.1,4.020,-4.4,0,1,17207
2026-04-09T02:32:08,3.662642,-93.969254,18.5,12.00,72.1,9,1.7,80.1,4.020,-4.4,0,1,17208
2026-04-09T02:32:37,3.663078,-93.967674,15.8,12.18,73.9,9,1.7,79.9,4.021,-4.4,0,1,17209
2026-04-09T02:33:06,3.663577,-93.966148,19.2,11.73,74.8,10,1.1,80.1,4.020,-4.4,0,1,17210
2026-04-09T02:33:34,3.663980,-93.964668,11.6,11.76,74.9,9,1.7,79.9,4.019,-4.4,0,1,17211
2026-04-09T02:34:03,3.664477,-93.963127,11.9,12.15,74.4,8,2.0,80.1,4.020,-4.4,0,1,17212
2026-04-09T02:34:32,3.664885,-93.961555,10.0,12.16,76.6,8,2.0,79.8,4.019,-4.4,0,1,17213
2026-04-09T02:35:01,3.665303,-93.959976,20.7,11.98,76.5,8,2.0,79.8,4.020,-4.4,0,1,17214
2026-04-09T02:35:29,3.665710,-93.958481,21.8,11.91,76.1,8,2.0,80.3,4.019,-4.4,0,1,17215
2026-04-09T02:35:58,3.666137,-93.956940,26.0,12.12,73.9,8,2.0,79.8,4.019,-4.4,0,1,17216
2026-04-09T02:36:27,3.666592,-93.955414,22.5,12.20,72.6,8,2.0,79.8,4.020,-4.4,0,1,17217
2026-04-09T02:36:56,3.667033,-93.953857,25.1,11.78,75.1,8,2.0,79.8,4.019,-4.4,0,1,17218
2026-04-09T02:37:24,3.667438,-93.952354,24.9,11.85,73.7,8,2.0,79.9,4.017,-4.4,0,1,17219
2026-04-09T02:37:53,3.667942,-93.950813,19.2,12.10,73.5,8,2.0,80.6,4.017,-4.2,0,1,17220
2026-04-09T02:38:22,3.668413,-93.949287,14.9,11.97,72.7,8,2.0,79.6,4.019,2119.3,0,1,17221
2026-04-09T02:38:51,3.668863,-93.947746,7.7,11.86,72.8,8,2.0,79.8,4.016,-4.4,0,1,17222
2026-04-09T02:39:19,3.669303,-93.946220,5.4,12.51,72.8,9,1.6,79.6,4.017,-4.4,0,1,17223
2026-04-09T02:39:48,3.669806,-93.944679,12.6,12.19,73.5,9,1.6,80.1,4.019,-4.4,0,1,17224
2026-04-09T02:40:17,3.670268,-93.943146,-0.2,12.08,73.2,9,1.6,79.8,4.017,-4.4,0,1,17225
2026-04-09T02:40:46,3.670765,-93.941658,1.7,11.81,72.5,9,1.6,79.6,4.019,-4.4,0,1,17226
2026-04-09T02:41:14,3.671221,-93.940178,1.8,12.14,73.5,9,1.6,79.8,4.016,-4.4,0,1,17227
2026-04-09T02:41:43,3.671682,-93.938637,1.6,11.77,74.1,9,1.6,79.9,4.017,-4.4,0,1,17228
2026-04-09T02:42:12,3.672117,-93.937035,4.3,12.14,75.9,9,1.6,79.8,4.017,-4.4,0,1,17229
2026-04-09T02:42:41,3.672626,-93.935516,8.6,11.12,70.9,8,2.0,79.4,4.016,-4.4,0,1,17230
2026-04-09T02:43:09,3.673000,-93.933990,8.3,12.19,74.1,9,1.6,79.6,4.016,-4.4,0,1,17231
2026-04-09T02:43:38,3.673496,-93.932465,8.4,12.31,73.7,9,1.6,79.9,4.016,-4.4,0,1,17232
2026-04-09T02:44:07,3.674042,-93.930962,8.6,12.32,72.8,8,2.0,79.4,4.017,-4.4,0,1,17233
2026-04-09T02:44:36,3.674482,-93.929413,11.1,11.77,72.7,8,1.7,79.4,4.014,-4.4,0,1,17234
2026-04-09T02:45:04,3.674956,-93.927979,8.4,11.52,73.5,7,2.1,79.4,4.016,-4.4,0,1,17235
2026-04-09T02:45:33,3.675405,-93.926460,8.5,11.59,71.8,7,2.1,80.3,4.017,-4.4,0,1,17236
2026-04-09T02:46:02,3.675835,-93.924911,10.4,11.87,73.4,7,2.1,79.6,4.016,-4.4,0,1,17237
2026-04-09T02:46:31,3.676235,-93.923264,13.9,12.09,74.1,7,2.1,79.8,4.017,-4.4,0,1,17238
2026-04-09T02:46:59,3.676731,-93.921799,16.9,11.61,73.1,7,2.1,79.3,4.016,-4.2,0,1,17239
2026-04-09T02:47:28,3.677218,-93.920265,16.6,12.07,71.9,7,2.1,79.6,4.015,-4.4,0,1,17240
2026-04-09T02:47:57,3.677682,-93.918724,14.8,11.40,68.0,7,2.1,79.3,4.016,2110.8,0,1,17241
2026-04-09T02:48:26,3.678031,-93.917160,13.3,12.34,75.9,7,2.1,79.3,4.014,-4.2,0,1,17242
2026-04-09T02:48:54,3.678533,-93.915726,18.8,12.09,73.8,7,2.1,79.3,4.015,-4.2,0,1,17243
2026-04-09T02:49:23,3.679015,-93.914154,24.4,10.40,70.0,7,2.0,79.6,4.015,-4.4,0,1,17244
2026-04-09T02:49:52,3.679353,-93.912636,26.2,11.68,75.4,7,2.0,79.3,4.016,-4.2,0,1,17245
2026-04-09T02:50:21,3.679866,-93.911133,19.8,11.90,71.9,7,2.0,79.4,4.014,-4.4,0,1,17246
2026-04-09T02:50:49,3.680325,-93.909714,22.2,11.39,69.1,7,2.0,79.3,4.015,-4.2,0,1,17247
2026-04-09T02:51:18,3.680851,-93.908287,22.4,12.38,75.6,7,2.0,79.6,4.015,-4.4,0,1,17248
2026-04-09T02:51:47,3.681331,-93.906761,18.7,11.61,78.2,7,2.0,79.3,4.012,-4.2,0,1,17249
2026-04-09T02:52:16,3.681742,-93.905220,20.5,11.39,75.5,7,2.0,79.1,4.014,-4.4,0,1,17250
2026-04-09T02:52:44,3.682396,-93.903763,0.4,11.52,77.8,7,2.0,79.3,4.015,-4.2,0,1,17251
2026-04-09T02:53:13,3.682790,-93.902298,9.8,12.19,72.2,7,2.0,79.6,4.012,-4.4,0,1,17252
2026-04-09T02:53:42,3.683266,-93.900703,13.6,12.15,74.3,7,2.0,79.3,4.012,-4.2,0,1,17253
2026-04-09T02:54:11,3.683738,-93.899155,8.0,12.07,73.4,7,1.9,79.1,4.014,-4.4,0,1,17254
2026-04-09T02:54:39,3.684323,-93.897659,1.1,12.41,73.5,7,1.9,79.3,4.012,-4.2,0,1,17255
2026-04-09T02:55:08,3.684815,-93.896080,-7.4,12.08,75.8,7,1.9,79.6,4.012,-4.4,0,1,17256
2026-04-09T02:55:37,3.685280,-93.894516,-15.2,12.06,74.7,7,1.9,79.1,4.014,-4.4,0,1,17257
2026-04-09T02:56:06,3.685846,-93.892982,-17.4,11.97,76.0,7,1.9,79.0,4.011,-4.4,0,1,17258
2026-04-09T02:56:34,3.686346,-93.891479,-10.4,12.80,74.1,7,1.9,79.0,4.014,-4.4,0,1,17259
2026-04-09T02:57:03,3.686759,-93.889923,-9.4,12.24,73.3,7,1.9,79.3,4.015,-4.2,0,1,17260
2026-04-09T02:57:32,3.687180,-93.888321,-12.0,12.04,72.4,7,1.9,79.0,4.012,-4.4,0,1,17261
2026-04-09T02:58:01,3.687643,-93.886749,-9.1,12.10,74.4,7,1.9,78.8,4.011,-4.4,0,1,17262
2026-04-09T02:58:29,3.688152,-93.885223,-10.6,12.12,73.6,7,1.9,79.1,4.011,-4.4,0,1,17263
2026-04-09T02:58:58,3.688605,-93.883659,-5.8,11.73,73.8,7,1.8,79.1,4.011,-4.4,0,1,17264
2026-04-09T02:59:27,3.689052,-93.882057,-10.1,12.32,73.7,7,1.8,78.8,4.012,-4.4,0,1,17265
2026-04-09T02:59:56,3.689535,-93.880463,-23.8,12.87,70.3,7,1.8,78.8,4.011,-4.4,0,1,17266
2026-04-09T03:00:24,3.689943,-93.878929,-26.2,12.14,73.8,7,1.8,78.8,4.010,-4.4,0,1,17267
2026-04-09T03:00:53,3.690416,-93.877350,-29.4,12.54,76.1,7,1.8,79.3,4.012,-4.2,0,1,17268
2026-04-09T03:01:22,3.690883,-93.875778,-28.0,11.91,72.7,7,1.8,79.3,4.010,-4.2,0,1,17269
2026-04-09T03:01:51,3.691330,-93.874176,-26.3,12.29,72.4,7,1.8,79.0,4.009,2102.0,0,1,17270
2026-04-09T03:02:19,3.691839,-93.872650,-22.8,12.02,70.9,7,1.8,78.8,4.010,-4.4,0,1,17271
2026-04-09T03:02:48,3.692360,-93.871109,-16.7,12.46,67.5,7,1.8,78.8,4.012,-4.4,0,1,17272
2026-04-09T03:03:17,3.692855,-93.869499,-19.8,12.40,70.3,7,1.7,78.6,4.011,-4.4,0,1,17273
2026-04-09T03:03:46,3.693306,-93.867882,-24.9,12.64,71.4,7,1.7,78.6,4.010,-4.4,0,1,17274
2026-04-09T03:04:14,3.693810,-93.866371,-23.2,12.71,70.0,7,1.7,78.8,4.010,-4.4,0,1,17275
2026-04-09T03:04:43,3.694330,-93.864822,-28.2,13.14,68.1,7,1.7,78.8,4.010,-4.4,0,1,17276
2026-04-09T03:05:12,3.694900,-93.863335,-32.6,11.76,74.6,7,1.7,78.8,4.010,-4.4,0,1,17277
2026-04-09T03:05:41,3.695460,-93.861748,-36.3,12.16,71.7,7,1.7,78.8,4.010,-4.4,0,1,17278
2026-04-09T03:06:09,3.695930,-93.860229,-35.6,12.32,73.5,7,1.7,78.8,4.010,-4.4,0,1,17279
2026-04-09T03:06:38,3.696468,-93.858688,-27.8,11.86,67.5,7,1.7,78.8,4.008,-4.4,0,1,17280
2026-04-09T03:07:07,3.696940,-93.857117,-22.0,11.51,70.7,7,1.7,78.6,4.009,-4.4,0,1,17281
2026-04-09T03:07:36,3.697453,-93.855530,-19.6,12.36,69.4,7,1.7,78.5,4.009,-4.4,0,1,17282
2026-04-09T03:08:04,3.697833,-93.853981,-19.6,12.11,73.4,7,1.6,78.3,4.010,-4.4,0,1,17283
2026-04-09T03:08:33,3.698302,-93.852409,-16.4,12.20,70.2,6,2.2,78.8,4.008,-4.4,0,1,17284
2026-04-09T03:09:02,3.698688,-93.850777,-17.8,12.54,73.5,7,1.6,78.8,4.009,2097.7,0,1,17285
2026-04-09T03:09:31,3.699088,-93.849144,-20.3,12.28,74.8,7,1.6,78.5,4.012,-4.4,0,1,17286
2026-04-09T03:09:59,3.699523,-93.847588,-22.4,12.60,70.7,7,1.6,78.8,4.009,-4.4,0,1,17287
2026-04-09T03:10:28,3.700047,-93.846024,-23.4,12.43,70.5,7,1.6,79.1,4.008,-4.4,0,1,17288
2026-04-09T03:10:57,3.700525,-93.844475,-27.4,11.80,74.3,7,1.6,78.6,4.010,-4.4,0,1,17289
2026-04-09T03:11:26,3.700969,-93.842888,-28.0,12.25,73.7,7,1.6,78.5,4.009,-4.4,0,1,17290
2026-04-09T03:11:54,3.701437,-93.841324,-27.5,11.33,74.8,7,1.6,78.3,4.009,-4.4,0,1,17291
2026-04-09T03:12:23,3.701862,-93.839775,-15.7,11.79,77.0,7,1.6,78.6,4.009,-4.4,0,1,17292
2026-04-09T03:12:52,3.702250,-93.838234,-6.6,12.10,75.9,7,1.6,78.6,4.008,-4.4,0,1,17293
2026-04-09T03:13:21,3.702690,-93.836716,-1.2,12.64,72.1,7,1.5,78.6,4.008,2093.3,0,1,17294
2026-04-09T03:13:49,3.703182,-93.835236,1.4,12.83,68.2,7,1.5,78.3,4.006,-4.4,0,1,17295
2026-04-09T03:14:18,3.703673,-93.833656,1.6,12.11,73.0,7,1.5,78.6,4.006,-4.4,0,1,17296
2026-04-09T03:14:47,3.704147,-93.832054,2.3,12.35,70.7,7,1.5,78.5,4.006,-4.4,0,1,17297
2026-04-09T03:15:16,3.704610,-93.830482,3.7,12.81,71.9,7,1.5,78.5,4.005,-4.4,0,1,17298
2026-04-09T03:15:44,3.705060,-93.828888,2.2,12.49,72.3,7,1.5,78.6,4.008,-4.4,0,1,17299
2026-04-09T03:16:13,3.705577,-93.827293,7.5,12.86,70.4,7,1.5,78.5,4.008,-4.4,0,1,17300
2026-04-09T03:16:42,3.706060,-93.825737,10.8,11.87,75.0,6,1.5,78.5,4.006,-4.4,0,1,17301
2026-04-09T03:17:11,3.706518,-93.824127,17.0,12.60,75.1,7,1.5,78.3,4.005,-4.4,0,1,17302
2026-04-09T03:17:39,3.706910,-93.822563,17.5,12.18,76.7,7,1.5,78.0,4.006,-4.2,0,1,17303
2026-04-09T03:18:08,3.707488,-93.821037,19.6,12.49,74.3,7,1.5,78.5,4.006,-4.4,0,1,17304
2026-04-09T03:18:37,3.707980,-93.819405,19.5,13.08,72.6,7,1.5,78.1,4.008,-4.4,0,1,17305
2026-04-09T03:19:06,3.708455,-93.817841,20.8,12.57,75.1,6,1.5,78.1,4.006,-4.4,0,1,17306
2026-04-09T03:19:34,3.708918,-93.816345,23.3,12.26,71.5,6,1.5,78.1,4.003,-4.4,0,1,17307
2026-04-09T03:20:03,3.709408,-93.814781,27.2,11.81,73.1,6,1.5,78.5,4.008,-4.4,0,1,17308
2026-04-09T03:20:32,3.709833,-93.813217,29.2,11.70,73.6,6,1.5,78.3,4.005,-4.4,0,1,17309
2026-04-09T03:21:01,3.710277,-93.811600,30.8,12.07,75.7,6,1.5,78.1,4.006,-4.4,0,1,17310
2026-04-09T03:21:29,3.710727,-93.810089,32.2,12.36,70.4,5,1.8,78.1,4.004,-4.4,0,1,17311
2026-04-09T03:21:58,3.711140,-93.808495,33.5,12.81,75.0,5,1.8,78.5,4.009,-4.4,0,1,17312
2026-04-09T03:22:27,3.711560,-93.806854,34.3,12.17,71.6,5,1.8,78.3,4.005,-4.4,0,1,17313
2026-04-09T03:22:56,3.712015,-93.805283,34.7,12.23,72.7,5,1.7,78.1,4.003,-4.4,0,1,17314
2026-04-09T03:23:24,3.712398,-93.803726,33.8,12.01,72.5,5,1.7,78.3,4.008,-4.4,0,1,17315
2026-04-09T03:23:53,3.712825,-93.802109,33.9,11.70,74.7,5,1.7,78.1,4.009,-4.4,0,1,17316
2026-04-09T03:24:22,3.713338,-93.800598,34.5,12.08,72.5,5,1.7,78.1,4.004,-4.4,0,1,17317
2026-04-09T03:24:51,3.713867,-93.799026,34.4,12.39,76.3,5,1.7,78.1,4.005,-4.4,0,1,17318
2026-04-09T03:25:19,3.714377,-93.797577,35.5,12.17,72.1,6,1.5,78.1,3.999,-4.4,0,1,17319
2026-04-09T03:25:48,3.714798,-93.795990,36.3,12.74,76.7,6,1.4,78.0,4.009,-4.2,0,1,17320
2026-04-09T03:26:17,3.715313,-93.794418,38.1,12.81,74.9,5,3.6,78.0,4.006,2076.0,0,1,17321
2026-04-09T03:26:45,3.715755,-93.792892,40.1,12.22,72.4,6,1.4,78.0,4.005,-4.2,0,1,17322
2026-04-09T03:27:14,3.716258,-93.791328,43.9,12.24,74.0,7,1.4,78.1,4.000,-4.4,0,1,17323
2026-04-09T03:27:43,3.716657,-93.789719,47.1,12.49,73.8,7,1.3,77.6,4.003,-4.4,0,1,17324
2026-04-09T03:28:12,3.717048,-93.788139,50.6,11.68,76.3,7,1.3,77.6,4.004,-4.4,0,1,17325
2026-04-09T03:28:41,3.717533,-93.786575,56.2,12.00,75.3,6,2.2,78.1,4.004,-4.4,0,1,17326
2026-04-09T03:29:09,3.717978,-93.785042,62.6,12.55,78.0,7,1.3,77.6,4.003,-4.4,0,1,17327
2026-04-09T03:29:38,3.718388,-93.783470,64.8,11.24,83.1,7,1.3,78.1,4.001,-4.4,0,1,17328
2026-04-09T03:30:07,3.718808,-93.781891,67.6,12.64,70.2,6,2.2,77.6,4.004,-4.4,0,1,17329
2026-04-09T03:30:36,3.719296,-93.780296,70.4,12.04,71.9,7,1.3,77.6,4.001,-4.4,0,1,17330
2026-04-09T03:31:04,3.719705,-93.778755,71.8,12.36,70.2,7,1.3,78.0,4.003,-4.2,0,1,17331
2026-04-09T03:31:33,3.720092,-93.777176,74.0,11.61,75.4,7,1.3,78.1,4.003,-4.4,0,1,17332
2026-04-09T03:32:02,3.720649,-93.775604,67.1,12.24,69.7,7,2.1,77.8,4.000,-4.4,0,1,17333
2026-04-09T03:32:31,3.721076,-93.774033,54.6,12.51,67.6,7,2.1,77.6,4.001,-4.4,0,1,17334
2026-04-09T03:32:59,3.721511,-93.772522,38.5,12.55,74.9,8,1.2,77.8,4.004,-4.4,0,1,17335
2026-04-09T03:33:28,3.721951,-93.771004,5.7,11.32,82.4,8,1.2,78.0,4.003,-4.2,0,1,17336
2026-04-09T03:33:57,3.722423,-93.769424,-4.5,11.85,74.6,7,2.1,77.8,4.001,-4.4,0,1,17337
2026-04-09T03:34:26,3.722870,-93.767845,-5.3,11.90,73.8,7,2.1,77.6,4.001,-4.4,0,1,17338
2026-04-09T03:34:54,3.723342,-93.766357,-2.7,11.59,73.2,7,2.1,77.5,4.003,-4.4,0,1,17339
2026-04-09T03:35:23,3.723688,-93.764801,0.0,11.75,76.2,7,2.1,77.6,4.003,-4.4,0,1,17340
2026-04-09T03:35:52,3.724180,-93.763245,2.5,11.91,70.9,7,2.1,77.5,4.001,-4.4,0,1,17341
2026-04-09T03:36:21,3.724656,-93.761673,4.4,11.98,74.2,8,1.2,77.3,4.000,-4.4,0,1,17342
2026-04-09T03:36:49,3.725190,-93.760170,7.1,12.04,72.6,7,2.1,77.6,3.997,-4.4,0,1,17343
2026-04-09T03:37:18,3.725645,-93.758568,6.5,11.55,76.6,7,2.1,77.6,4.005,-4.4,0,1,17344
2026-04-09T03:37:47,3.726068,-93.756958,9.4,11.54,77.1,7,2.1,78.0,4.001,-4.2,0,1,17345
2026-04-09T03:38:16,3.726623,-93.755363,8.9,11.61,73.6,7,2.1,77.5,4.001,-4.4,0,1,17346
2026-04-09T03:38:44,3.727015,-93.753838,11.3,12.12,75.1,7,2.1,77.3,4.001,-4.4,0,1,17347
2026-04-09T03:39:13,3.727366,-93.752243,12.9,11.62,73.0,7,2.1,78.0,4.000,-4.2,0,1,17348
2026-04-09T03:39:42,3.727786,-93.750633,11.5,12.04,74.0,7,2.1,77.5,4.001,-4.4,0,1,17349
2026-04-09T03:40:11,3.728148,-93.749054,12.2,12.11,72.6,7,2.1,77.3,4.000,-4.4,0,1,17350
2026-04-09T03:40:39,3.728520,-93.747505,12.8,12.62,75.3,7,2.1,77.5,4.000,-4.4,0,1,17351
2026-04-09T03:41:08,3.728795,-93.745911,3.5,12.02,74.6,7,2.1,77.6,4.000,-4.4,0,1,17352
2026-04-09T03:41:37,3.729198,-93.744308,-3.0,12.41,71.1,7,2.1,77.3,4.000,-4.4,0,1,17353
2026-04-09T03:42:06,3.729596,-93.742691,-10.3,12.89,75.1,7,2.1,77.3,4.000,-4.4,0,1,17354
2026-04-09T03:42:34,3.730038,-93.741104,-10.7,12.25,75.1,7,2.1,77.3,3.996,-4.4,0,1,17355
2026-04-09T03:43:03,3.730546,-93.739555,-4.4,12.69,73.4,7,2.1,77.5,4.001,-4.4,0,1,17356
2026-04-09T03:43:32,3.731133,-93.737968,2.6,12.63,72.8,7,2.1,77.3,3.997,-4.4,0,1,17357
2026-04-09T03:44:01,3.731526,-93.736420,0.4,11.99,77.1,7,2.1,77.3,4.000,-4.4,0,1,17358
2026-04-09T03:44:29,3.732051,-93.734886,-8.6,11.90,71.1,7,2.1,77.3,3.995,-4.4,0,1,17359
2026-04-09T03:44:58,3.732588,-93.733253,-10.4,12.12,73.7,7,2.1,77.5,4.001,-4.4,0,1,17360
2026-04-09T03:45:27,3.732958,-93.731667,-7.1,11.74,78.0,7,2.1,77.3,3.997,-4.4,0,1,17361
2026-04-09T03:45:56,3.733392,-93.730125,-0.2,11.51,77.0,7,2.1,77.3,3.997,-4.4,0,1,17362
2026-04-09T03:46:24,3.733876,-93.728577,1.4,11.89,77.2,7,2.1,77.3,4.000,-4.4,0,1,17363
2026-04-09T03:46:53,3.734405,-93.727005,-1.3,12.38,71.5,7,2.1,77.3,3.997,-4.4,0,1,17364
2026-04-09T03:47:22,3.734941,-93.725464,2.2,12.67,73.8,7,2.1,77.2,3.997,-4.4,0,1,17365
2026-04-09T03:47:51,3.735436,-93.723900,6.0,12.64,72.3,6,4.0,77.0,3.997,-4.4,0,1,17366
2026-04-09T03:48:19,3.736035,-93.722397,4.3,12.56,72.3,7,2.0,77.0,3.995,-4.4,0,1,17367
2026-04-09T03:48:48,3.736558,-93.720802,13.3,11.71,72.8,7,2.0,77.3,3.999,-4.4,0,1,17368
2026-04-09T03:49:17,3.736953,-93.719223,15.6,10.99,73.5,7,2.0,77.2,3.996,-4.4,0,1,17369
2026-04-09T03:49:46,3.737235,-93.717651,13.1,11.68,76.2,7,2.0,77.0,3.996,-4.4,0,1,17370
2026-04-09T03:50:14,3.737585,-93.716072,10.3,12.35,75.5,7,2.0,76.8,3.997,-4.4,0,1,17371
2026-04-09T03:50:43,3.738082,-93.714485,4.4,12.16,71.5,7,2.0,77.2,3.995,-4.4,0,1,17372
2026-04-09T03:51:12,3.738433,-93.712898,0.1,12.26,75.6,7,2.0,76.8,3.996,-4.4,0,1,17373
2026-04-09T03:51:41,3.738916,-93.711311,3.9,12.12,76.2,7,2.0,77.0,3.996,-4.4,0,1,17374
2026-04-09T03:52:09,3.739226,-93.709770,2.9,11.96,76.9,7,2.0,76.7,3.997,-4.2,0,1,17375
2026-04-09T03:52:38,3.739603,-93.708160,1.5,12.13,79.1,7,2.0,77.2,3.995,-4.4,0,1,17376
2026-04-09T03:53:07,3.740038,-93.706589,1.9,12.40,74.2,7,2.0,76.8,3.997,-4.4,0,1,17377
2026-04-09T03:53:36,3.740425,-93.704979,-1.7,12.27,81.0,7,2.0,77.0,3.996,-4.4,0,1,17378
2026-04-09T03:54:04,3.740766,-93.703445,-5.8,11.89,73.3,7,2.0,76.8,3.996,-4.4,0,1,17379
2026-04-09T03:54:33,3.741208,-93.701797,-11.0,12.79,76.6,7,2.0,77.0,3.995,-4.4,0,1,17380
2026-04-09T03:55:02,3.741646,-93.700172,-14.1,13.23,74.6,6,3.8,76.8,3.995,-4.4,0,1,17381
2026-04-09T03:55:31,3.742116,-93.698624,-22.0,12.55,73.7,7,2.0,76.8,3.993,-4.4,0,1,17382
2026-04-09T03:55:59,3.742513,-93.697136,-21.6,12.33,73.7,7,2.0,76.8,3.995,-4.4,0,1,17383
2026-04-09T03:56:28,3.742946,-93.695549,-22.4,11.83,76.0,7,2.0,76.8,3.994,-4.4,0,1,17384
2026-04-09T03:56:57,3.743345,-93.693962,-17.9,11.70,74.9,7,2.0,76.7,3.995,-4.2,0,1,17385
2026-04-09T03:57:26,3.743808,-93.692368,-18.4,11.88,74.0,6,3.7,76.8,3.995,-4.4,0,1,17386
2026-04-09T03:57:54,3.744350,-93.690834,-18.5,12.35,70.8,7,2.0,76.7,3.995,-4.2,0,1,17387
2026-04-09T03:58:23,3.744806,-93.689262,-21.1,12.37,74.7,6,3.7,76.8,3.993,-4.4,0,1,17388
2026-04-09T03:58:52,3.745320,-93.687675,-22.5,12.32,75.5,6,3.6,76.7,3.996,-4.2,0,1,17389
2026-04-09T03:59:21,3.745713,-93.686104,-25.5,12.01,79.4,6,3.6,77.0,3.995,-4.4,0,1,17390
2026-04-09T03:59:49,3.746165,-93.684586,-22.7,11.29,77.4,7,1.9,76.5,3.993,-4.4,0,1,17391
2026-04-09T04:00:18,3.746566,-93.683037,-16.8,10.98,74.6,6,3.6,76.7,3.995,-4.2,0,1,17392
2026-04-09T04:00:47,3.746736,-93.681450,-19.4,11.55,82.0,6,3.5,76.8,3.994,-4.4,0,1,17393
2026-04-09T04:01:16,3.747160,-93.679886,-14.6,10.61,76.8,6,3.5,76.5,3.994,-4.4,0,1,17394
2026-04-09T04:01:44,3.747402,-93.678406,-11.8,11.16,78.0,6,3.5,76.3,3.993,-4.4,0,1,17395
2026-04-09T04:02:13,3.747890,-93.676849,-6.2,10.91,77.0,6,3.5,76.7,3.991,-4.2,0,1,17396
2026-04-09T04:02:42,3.748308,-93.675293,-2.4,10.95,74.3,6,3.5,76.5,3.995,-4.4,0,1,17397
2026-04-09T04:03:11,3.748756,-93.673744,0.8,10.54,71.9,6,3.4,76.5,3.994,-4.4,0,1,17398
2026-04-09T04:03:39,3.749196,-93.672203,4.2,12.82,75.4,5,3.8,76.3,3.997,-4.4,0,1,17399
2026-04-09T04:04:08,3.749538,-93.670631,7.1,10.82,76.6,6,3.4,76.8,3.991,-4.4,0,1,17400
2026-04-09T04:04:37,3.750057,-93.669037,8.6,10.73,78.3,6,3.3,76.5,3.993,-4.4,0,1,17401
2026-04-09T04:05:06,3.750485,-93.667473,11.1,11.00,81.3,6,3.3,76.7,3.991,-4.2,0,1,17402
2026-04-09T04:05:34,3.750948,-93.665939,9.1,11.34,78.8,6,3.3,76.5,3.991,-4.4,0,1,17403
2026-04-09T04:06:03,3.751483,-93.664391,5.7,11.68,73.8,6,3.3,76.5,3.993,-4.4,0,1,17404
2026-04-09T04:06:32,3.751943,-93.662842,3.5,11.12,75.0,7,1.8,76.2,3.994,-4.4,0,1,17405
2026-04-09T04:07:01,3.752347,-93.661240,6.4,12.21,75.9,7,1.8,76.5,3.993,-4.4,0,1,17406
2026-04-09T04:07:29,3.752797,-93.659729,7.1,11.76,73.9,7,1.9,76.3,3.990,-4.4,0,1,17407
2026-04-09T04:07:58,3.753263,-93.658173,16.9,11.81,77.2,7,1.9,76.7,3.991,-4.2,0,1,17408
2026-04-09T04:08:27,3.753603,-93.656525,13.3,12.89,72.8,7,1.9,76.3,3.993,-4.4,0,1,17409
2026-04-09T04:08:56,3.754085,-93.655006,17.0,12.20,78.7,7,1.9,76.3,3.991,-4.4,0,1,17410
2026-04-09T04:09:24,3.754465,-93.653473,23.8,11.76,73.2,7,1.9,76.3,3.993,-4.4,0,1,17411
2026-04-09T04:09:53,3.754815,-93.651833,22.0,11.57,76.4,7,1.9,76.3,3.991,-4.4,0,1,17412
2026-04-09T04:10:22,3.755268,-93.650269,16.9,11.96,73.6,7,1.9,76.2,3.991,-4.4,0,1,17413
2026-04-09T04:10:51,3.755677,-93.648651,12.4,11.60,75.2,7,1.9,76.2,3.991,-4.4,0,1,17414
2026-04-09T04:11:19,3.755992,-93.647064,6.8,12.52,78.1,7,1.9,76.2,3.991,-4.4,0,1,17415
2026-04-09T04:11:48,3.756458,-93.645470,6.0,12.56,73.6,7,1.9,76.0,3.993,-4.4,0,1,17416
2026-04-09T04:12:17,3.756853,-93.643806,6.5,12.55,79.2,7,1.9,75.9,3.990,-4.4,0,1,17417
2026-04-09T04:12:46,3.757300,-93.642189,6.7,12.16,77.0,7,1.9,76.3,3.990,-4.4,0,1,17418
2026-04-09T04:13:14,3.757813,-93.640663,8.0,12.36,77.7,7,1.9,76.2,3.990,-4.4,0,1,17419
2026-04-09T04:13:43,3.758325,-93.639069,11.4,12.24,76.2,7,1.9,76.5,3.987,-4.4,0,1,17420
2026-04-09T04:14:12,3.758777,-93.637451,15.5,12.42,73.3,7,1.9,76.2,3.991,-4.4,0,1,17421
2026-04-09T04:14:41,3.759302,-93.635818,18.7,12.72,73.5,7,1.9,76.2,3.991,-4.4,0,1,17422
2026-04-09T04:15:09,3.759785,-93.634262,20.3,12.68,75.3,7,1.9,76.0,3.989,-4.4,0,1,17423
2026-04-09T04:15:38,3.760135,-93.632690,23.9,12.30,72.0,7,1.9,76.2,3.990,-4.4,0,1,17424
2026-04-09T04:16:07,3.760545,-93.631119,24.6,12.64,72.8,7,1.9,75.9,3.989,-4.4,0,1,17425
2026-04-09T04:16:36,3.761027,-93.629501,23.2,12.58,74.3,7,1.9,76.0,3.990,-4.4,0,1,17426
2026-04-09T04:17:04,3.761485,-93.627960,19.5,12.14,73.0,7,2.3,75.7,3.989,-4.4,0,1,17427
2026-04-09T04:17:33,3.761887,-93.626381,16.4,12.09,73.8,6,2.7,76.2,3.989,-4.4,0,1,17428
2026-04-09T04:18:02,3.762308,-93.624809,13.3,12.21,75.1,7,1.9,75.7,3.989,-4.4,0,1,17429
2026-04-09T04:18:31,3.762790,-93.623230,12.2,12.16,74.9,7,1.9,75.7,3.989,-4.4,0,1,17430
2026-04-09T04:18:59,3.763220,-93.621712,13.1,11.74,73.9,7,1.9,75.9,3.987,-4.4,0,1,17431
2026-04-09T04:19:28,3.763660,-93.620140,14.1,11.41,75.8,7,2.0,76.0,3.989,-4.4,0,1,17432
2026-04-09T04:19:57,3.764077,-93.618637,11.3,11.82,75.9,8,1.9,75.9,3.989,-4.4,0,1,17433
2026-04-09T04:20:26,3.764552,-93.617050,15.3,12.18,71.9,8,1.9,75.9,3.987,-4.4,0,1,17434
2026-04-09T04:20:54,3.764995,-93.615517,21.2,12.05,73.7,8,1.9,75.9,3.990,-4.4,0,1,17435
2026-04-09T04:21:23,3.765482,-93.613945,24.0,12.50,70.1,8,1.9,76.2,3.989,-4.4,0,1,17436
2026-04-09T04:21:52,3.765923,-93.612411,19.3,12.19,73.0,8,1.9,75.9,3.987,-4.4,0,1,17437
2026-04-09T04:22:21,3.766280,-93.610832,21.0,12.33,75.0,8,1.9,75.9,3.987,-4.4,0,1,17438
2026-04-09T04:22:49,3.766648,-93.609306,22.3,12.27,74.7,8,1.9,75.7,3.986,-4.4,0,1,17439
2026-04-09T04:23:18,3.767045,-93.607742,25.0,11.46,74.7,8,1.9,76.0,3.987,-4.4,0,1,17440
2026-04-09T04:23:47,3.767468,-93.606186,25.9,11.85,76.4,8,1.9,75.5,3.987,-4.4,0,1,17441
2026-04-09T04:24:16,3.767816,-93.604568,25.5,11.15,69.6,8,1.9,75.7,3.986,-4.4,0,1,17442
2026-04-09T04:24:44,3.768152,-93.603058,28.7,12.29,70.0,8,1.9,75.9,3.985,-4.4,0,1,17443
2026-04-09T04:25:13,3.768533,-93.601471,29.6,12.02,70.4,8,1.9,75.9,3.985,-4.4,0,1,17444
2026-04-09T04:25:42,3.768983,-93.599922,28.4,12.34,74.8,7,2.3,75.5,3.985,-4.4,0,1,17445
2026-04-09T04:26:11,3.769328,-93.598358,29.8,12.18,75.9,8,1.9,75.7,3.987,2015.1,0,1,17446
2026-04-09T04:26:39,3.769698,-93.596870,36.4,12.20,74.3,8,1.9,75.5,3.984,-4.4,0,1,17447
2026-04-09T04:27:08,3.770036,-93.595322,38.1,12.73,71.1,8,1.9,76.0,3.986,-4.4,0,1,17448
2026-04-09T04:27:37,3.770402,-93.593773,33.0,11.89,72.0,8,1.9,75.5,3.986,-4.4,0,1,17449
2026-04-09T04:28:06,3.770940,-93.592201,31.0,11.92,74.9,8,1.9,75.5,3.985,-4.4,0,1,17450
2026-04-09T04:28:34,3.771385,-93.590691,34.6,12.40,69.9,9,1.8,75.5,3.986,-4.4,0,1,17451
2026-04-09T04:29:03,3.771786,-93.589127,32.5,12.25,76.0,9,1.8,75.7,3.986,-4.4,0,1,17452
2026-04-09T04:29:32,3.772295,-93.587479,32.7,11.93,72.0,9,1.8,75.4,3.986,-4.2,0,1,17453
2026-04-09T04:30:01,3.772628,-93.585960,29.0,12.23,78.5,9,1.8,75.5,3.985,-4.4,0,1,17454
2026-04-09T04:30:29,3.772931,-93.584457,24.2,12.14,73.6,9,1.8,75.5,3.985,-4.4,0,1,17455
2026-04-09T04:30:58,3.773401,-93.582870,30.3,10.87,68.4,9,1.8,75.9,3.984,-4.4,0,1,17456
2026-04-09T04:31:27,3.773916,-93.581291,30.5,11.59,76.0,9,1.8,75.5,3.985,-4.4,0,1,17457
2026-04-09T04:31:56,3.774188,-93.579689,22.7,12.83,73.2,9,1.8,75.4,3.984,-4.2,0,1,17458
2026-04-09T04:32:24,3.774588,-93.578163,20.3,12.46,70.0,9,1.8,75.5,3.984,-4.4,0,1,17459
2026-04-09T04:32:24,,,,,,,,75.5,3.986,2010.7,0,0,17460
2026-04-09T04:32:24,,,,,,,,82.7,4.052,-0.6,0,0,17461
2026-04-09T04:32:24,,,,,,,,84.5,4.060,-1.7,0,0,17462
2026-04-09T04:52:31,3.791995,-93.512779,12.0,11.87,69.6,9,1.5,85.5,4.068,-3.7,0,1,17463
2026-04-09T04:52:59,3.792350,-93.511269,1.6,12.24,70.5,9,1.5,85.8,4.068,-4.0,0,1,17464
2026-04-09T04:53:28,3.792836,-93.509705,12.3,12.95,74.3,9,1.5,85.9,4.069,-3.7,0,1,17465
2026-04-09T04:53:57,3.793206,-93.508110,14.3,12.11,78.8,9,1.5,85.6,4.069,-3.7,0,1,17466
2026-04-09T04:54:26,3.793623,-93.506577,12.6,12.15,71.7,9,1.5,86.1,4.071,-4.0,0,1,17467
2026-04-09T04:54:54,3.794056,-93.505096,11.1,11.98,74.4,9,1.5,86.1,4.069,-4.0,0,1,17468
2026-04-09T04:55:23,3.794477,-93.503563,11.1,11.97,73.3,9,1.5,86.2,4.070,-3.7,0,1,17469
2026-04-09T04:55:52,3.794920,-93.502052,13.7,11.75,70.0,9,1.5,86.1,4.073,-4.0,0,1,17470
2026-04-09T04:56:21,3.795390,-93.500496,15.9,11.68,75.4,9,1.5,86.5,4.071,-4.0,0,1,17471
2026-04-09T04:56:49,3.795733,-93.498955,19.4,11.97,74.4,8,1.7,86.2,4.074,-3.7,0,1,17472
2026-04-09T04:57:18,3.796198,-93.497429,18.6,12.09,71.2,9,1.5,86.2,4.074,-3.7,0,1,17473
2026-04-09T04:57:47,3.796533,-93.495880,0.5,12.29,73.5,9,1.5,86.6,4.075,-3.7,0,1,17474
2026-04-09T04:58:16,3.796953,-93.494339,0.6,11.94,73.4,9,1.5,86.6,4.077,-3.7,0,1,17475
2026-04-09T04:58:44,3.797375,-93.492844,2.7,12.10,71.3,9,1.5,86.6,4.076,-3.7,0,1,17476
2026-04-09T04:59:13,3.797742,-93.491280,-4.3,11.93,77.1,9,1.5,86.6,4.076,-3.7,0,1,17477
2026-04-09T04:59:42,3.798232,-93.489746,-4.5,11.78,75.4,9,1.5,87.1,4.076,-3.7,0,1,17478
2026-04-09T05:00:11,3.798563,-93.488220,-5.3,11.83,77.8,9,1.5,86.9,4.077,-4.0,0,1,17479
2026-04-09T05:00:39,3.799012,-93.486710,-8.3,11.93,74.9,9,1.5,87.1,4.080,-3.7,0,1,17480
2026-04-09T05:01:08,3.799485,-93.485176,2.7,11.64,76.0,10,1.5,87.2,4.081,-4.0,0,1,17481
2026-04-09T05:01:37,3.799786,-93.483612,-5.9,12.11,76.9,10,1.5,87.1,4.080,-3.7,0,1,17482
2026-04-09T05:02:06,3.800273,-93.482040,-7.3,12.19,75.1,10,2.0,87.4,4.081,-3.7,0,1,17483
2026-04-09T05:02:34,3.800653,-93.480522,-0.9,12.16,75.0,10,1.5,87.4,4.081,-3.7,0,1,17484
2026-04-09T05:03:03,3.801120,-93.479004,0.0,12.26,74.2,10,1.5,87.5,4.082,-3.7,0,1,17485
2026-04-09T05:03:32,3.801542,-93.477432,-0.2,12.29,74.5,10,1.5,87.4,4.084,-3.7,0,1,17486
2026-04-09T05:04:01,3.801965,-93.475876,0.1,11.94,73.8,9,1.8,87.5,4.082,-3.7,0,1,17487
2026-04-09T05:04:29,3.802382,-93.474365,5.1,11.90,74.9,10,1.5,87.6,4.084,-4.0,0,1,17488
2026-04-09T05:04:58,3.802795,-93.472801,5.0,12.20,77.1,10,1.5,87.6,4.085,-4.0,0,1,17489
2026-04-09T05:05:27,3.803245,-93.471260,-4.9,11.75,73.5,10,1.5,87.6,4.085,-4.0,0,1,17490
2026-04-09T05:05:56,3.803642,-93.469765,-13.1,11.22,74.9,10,1.5,88.1,4.088,-4.0,0,1,17491
2026-04-09T05:06:24,3.804167,-93.468246,-4.4,11.84,73.8,10,1.5,87.8,4.086,-3.7,0,1,17492
2026-04-09T05:06:53,3.804478,-93.466644,-7.6,12.06,74.3,10,1.9,87.9,4.089,-3.7,0,1,17493
2026-04-09T05:07:22,3.804833,-93.465073,-12.5,12.50,75.2,10,1.5,88.2,4.088,-3.7,0,1,17494
2026-04-09T05:07:51,3.805090,-93.463486,-17.9,11.80,73.1,10,1.5,88.2,4.090,-3.7,0,1,17495
2026-04-09T05:08:19,3.805518,-93.461983,-12.3,12.16,77.8,10,1.5,88.2,4.090,-3.7,0,1,17496
2026-04-09T05:08:48,3.805885,-93.460442,-12.6,11.83,75.9,10,1.5,88.4,4.090,-4.0,0,1,17497
2026-04-09T05:09:17,3.806320,-93.458900,-12.4,11.93,73.9,10,1.5,88.4,4.091,-4.0,0,1,17498
2026-04-09T05:09:46,3.806675,-93.457344,-17.4,11.98,72.8,10,1.5,88.6,4.093,-4.2,0,1,17499
2026-04-09T05:10:14,3.807137,-93.455849,-9.3,11.50,73.6,10,1.4,88.5,4.093,-3.7,0,1,17500
2026-04-09T05:10:43,3.807539,-93.454308,-12.0,11.99,77.5,10,1.4,88.5,4.093,-3.7,0,1,17501
2026-04-09T05:11:12,3.808107,-93.452797,-7.9,12.12,74.2,10,1.4,88.8,4.094,-4.2,0,1,17502
2026-04-09T05:11:41,3.808412,-93.451218,-14.2,12.20,75.2,10,1.4,89.1,4.094,-4.2,0,1,17503
2026-04-09T05:12:09,3.808825,-93.449722,-9.9,12.08,72.5,9,1.9,88.8,4.094,-4.2,0,1,17504
2026-04-09T05:12:38,3.809383,-93.448181,-15.0,12.42,74.4,10,1.4,89.0,4.097,-4.4,0,1,17505
2026-04-09T05:13:07,3.809900,-93.446655,-4.1,11.90,72.8,10,1.4,89.0,4.096,-4.4,0,1,17506
2026-04-09T05:13:36,3.810303,-93.445084,-3.1,11.92,72.0,10,1.4,89.3,4.096,-4.2,0,1,17507
2026-04-09T05:14:04,3.810775,-93.443581,3.9,12.04,74.8,10,1.4,89.3,4.097,-4.2,0,1,17508
2026-04-09T05:14:33,3.811042,-93.442017,-7.3,12.56,78.1,10,1.4,89.6,4.101,-4.4,0,1,17509
2026-04-09T05:15:02,3.811565,-93.440483,3.0,11.74,73.9,10,1.8,89.6,4.099,-4.4,0,1,17510
2026-04-09T05:15:31,3.811953,-93.438927,8.2,12.00,77.6,9,2.0,89.6,4.101,-4.4,0,1,17511
2026-04-09T05:15:59,3.812300,-93.437424,3.9,11.88,75.2,9,2.2,89.6,4.101,-4.4,0,1,17512
2026-04-09T05:16:28,3.812758,-93.435867,-3.9,12.44,78.0,9,2.0,89.7,4.102,-4.2,0,1,17513
2026-04-09T05:16:57,3.813233,-93.434326,-2.4,12.12,76.9,10,1.4,89.9,4.102,2393.7,0,1,17514
2026-04-09T05:17:26,3.813750,-93.432777,-6.5,11.83,73.5,10,1.4,89.9,4.104,-4.2,0,1,17515
2026-04-09T05:17:54,3.814133,-93.431274,-13.2,11.66,73.8,10,1.4,90.2,4.102,-4.4,0,1,17516
2026-04-09T05:18:23,3.814560,-93.429687,-12.1,11.80,76.6,9,2.0,89.9,4.105,2393.7,0,1,17517
2026-04-09T05:18:52,3.814990,-93.428123,-8.5,12.04,75.1,10,1.4,90.1,4.105,-4.2,0,1,17518
2026-04-09T05:19:21,3.815428,-93.426582,-8.4,12.01,77.8,9,2.0,90.2,4.106,-4.4,0,1,17519
2026-04-09T05:19:49,3.815818,-93.425072,-12.5,11.67,75.6,10,1.4,90.5,4.106,-4.2,0,1,17520
2026-04-09T05:20:18,3.816142,-93.423500,-18.9,11.72,74.7,10,1.4,90.7,4.106,-4.2,0,1,17521
2026-04-09T05:20:47,3.816557,-93.421936,-19.0,12.58,74.5,10,1.4,90.7,4.109,-4.2,0,1,17522
2026-04-09T05:21:16,3.816948,-93.420364,-14.8,12.51,77.2,10,1.4,90.5,4.109,-4.2,0,1,17523
2026-04-09T05:21:44,3.817393,-93.418892,-16.8,11.95,71.7,9,2.0,90.7,4.110,-4.2,0,1,17524
2026-04-09T05:22:13,3.817810,-93.417328,-10.7,11.55,77.9,10,1.3,90.9,4.110,-4.4,0,1,17525
2026-04-09T05:22:42,3.818215,-93.415779,-12.1,11.82,73.4,10,1.3,91.0,4.113,-4.2,0,1,17526
2026-04-09T05:23:11,3.818682,-93.414177,-5.8,12.06,76.4,9,2.0,90.9,4.111,-4.4,0,1,17527
2026-04-09T05:23:39,3.819085,-93.412682,-5.5,11.46,71.7,10,1.3,91.2,4.113,-4.2,0,1,17528
2026-04-09T05:24:08,3.819522,-93.411087,6.9,12.93,73.1,10,1.3,91.2,4.113,-4.2,0,1,17529
2026-04-09T05:24:37,3.820076,-93.409515,11.7,12.43,71.6,10,1.3,91.2,4.114,-4.2,0,1,17530
2026-04-09T05:25:06,3.820322,-93.407928,-0.6,11.82,76.6,10,1.3,91.2,4.115,-4.2,0,1,17531
2026-04-09T05:25:34,3.820775,-93.406364,7.3,12.18,74.8,10,1.3,91.5,4.115,-4.4,0,1,17532
2026-04-09T05:26:03,3.821249,-93.404770,14.0,12.32,77.0,9,2.0,91.5,4.117,-4.4,0,1,17533
2026-04-09T05:26:32,3.821656,-93.403152,24.3,11.53,72.8,9,2.0,91.6,4.116,2440.0,0,1,17534
2026-04-09T05:27:01,3.822080,-93.401520,24.3,12.64,78.2,10,1.3,91.8,4.119,-4.2,0,1,17535
2026-04-09T05:27:29,3.822646,-93.400063,23.1,12.47,74.4,9,2.0,91.8,4.119,-4.2,0,1,17536
2026-04-09T05:27:58,3.823120,-93.398476,25.9,12.60,72.5,10,1.3,92.1,4.119,-4.4,0,1,17537
2026-04-09T05:28:27,3.823493,-93.396866,21.7,12.19,75.9,9,2.0,92.1,4.120,-4.4,0,1,17538
2026-04-09T05:28:56,3.823982,-93.395256,31.0,12.27,72.3,9,2.0,92.3,4.119,-4.2,0,1,17539
2026-04-09T05:29:24,3.824411,-93.393730,22.6,12.28,72.1,9,2.0,92.4,4.121,-4.2,0,1,17540
2026-04-09T05:29:53,3.824820,-93.392143,20.2,12.46,72.5,9,2.0,92.4,4.121,-4.2,0,1,17541
2026-04-09T05:30:22,3.825268,-93.390556,9.1,12.08,71.5,9,2.0,93.1,4.124,-4.2,0,1,17542
2026-04-09T05:30:51,3.825636,-93.388969,9.1,11.84,74.2,9,2.0,92.4,4.122,-4.2,0,1,17543
2026-04-09T05:31:19,3.826113,-93.387482,14.7,12.21,73.5,9,2.0,92.6,4.125,-4.2,0,1,17544
2026-04-09T05:31:48,3.826505,-93.385841,8.0,12.35,75.0,9,2.0,92.4,4.126,-4.2,0,1,17545
2026-04-09T05:32:17,3.826930,-93.384285,5.7,11.74,76.0,9,2.0,92.8,4.125,-4.4,0,1,17546
2026-04-09T05:32:46,3.827320,-93.382736,7.0,11.58,72.1,9,2.0,93.1,4.125,-4.2,0,1,17547
2026-04-09T05:33:14,3.827795,-93.381248,9.9,12.50,71.6,10,1.2,92.9,4.126,-4.2,0,1,17548
2026-04-09T05:33:43,3.828178,-93.379669,3.7,14.96,67.6,8,2.0,93.2,4.128,-4.2,0,1,17549
2026-04-09T05:34:12,3.828686,-93.378136,3.7,11.78,73.7,9,2.0,93.1,4.129,-4.2,0,1,17550
2026-04-09T05:34:41,3.829159,-93.376656,8.8,11.79,74.1,9,1.9,93.4,4.128,-4.4,0,1,17551
2026-04-09T05:35:09,3.829556,-93.375137,5.2,12.36,75.5,9,1.9,93.1,4.129,-4.2,0,1,17552
2026-04-09T05:35:38,3.829906,-93.373558,-1.5,11.88,76.6,9,1.9,93.5,4.129,-4.2,0,1,17553
2026-04-09T05:36:07,3.830280,-93.372032,0.9,12.19,73.8,9,1.9,93.7,4.129,-4.2,0,1,17554
2026-04-09T05:36:36,3.830715,-93.370438,1.4,12.19,72.3,9,1.9,93.4,4.131,-4.4,0,1,17555
2026-04-09T05:37:04,3.831140,-93.368927,0.8,11.63,74.8,9,1.9,93.5,4.131,-4.2,0,1,17556
2026-04-09T05:37:33,3.831566,-93.367386,0.5,12.18,72.7,9,1.9,93.9,4.134,-4.2,0,1,17557
2026-04-09T05:38:02,3.831985,-93.365829,-3.3,12.24,75.0,9,1.9,93.9,4.134,-4.2,0,1,17558
2026-04-09T05:38:31,3.832333,-93.364235,-10.2,12.21,74.3,9,1.9,93.9,4.135,-4.2,0,1,17559
2026-04-09T05:38:59,3.832751,-93.362724,-7.5,12.02,75.1,9,1.9,94.0,4.136,-4.4,0,1,17560
2026-04-09T05:39:28,3.833110,-93.361168,-9.0,11.84,72.9,8,1.9,94.0,4.136,-4.4,0,1,17561
2026-04-09T05:39:57,3.833506,-93.359573,-8.5,11.99,72.5,9,1.9,94.2,4.136,-4.2,0,1,17562
2026-04-09T05:40:26,3.833932,-93.358017,-7.8,11.90,78.4,8,1.9,94.2,4.137,-4.2,0,1,17563
2026-04-09T05:40:54,3.834366,-93.356445,-2.4,11.97,72.4,8,1.9,94.5,4.137,2515.8,0,1,17564
2026-04-09T05:41:23,3.834685,-93.354858,-8.3,12.16,74.9,8,1.9,94.5,4.136,-4.2,0,1,17565
2026-04-09T05:41:52,3.835136,-93.353287,-10.9,11.98,76.2,8,1.9,94.7,4.139,-4.4,0,1,17566
2026-04-09T05:42:21,3.835445,-93.351715,-16.9,12.22,78.8,8,1.9,94.7,4.140,-4.4,0,1,17567
2026-04-09T05:42:49,3.835936,-93.350197,-14.9,11.64,73.9,8,1.9,94.8,4.142,-4.2,0,1,17568
2026-04-09T05:43:18,3.836372,-93.348618,-11.6,12.08,74.5,7,1.9,94.7,4.142,-4.4,0,1,17569
2026-04-09T05:43:47,3.836838,-93.347061,-18.9,12.07,70.8,7,1.9,95.0,4.142,-4.2,0,1,17570
2026-04-09T05:44:16,3.837216,-93.345451,-15.5,12.65,73.4,7,1.9,95.1,4.144,-4.2,0,1,17571
2026-04-09T05:44:44,3.837645,-93.343979,-9.8,12.04,74.7,7,1.9,95.1,4.142,-4.2,0,1,17572
2026-04-09T05:45:13,3.838100,-93.342377,-5.9,11.78,76.2,7,1.9,95.1,4.145,-4.2,0,1,17573
2026-04-09T05:45:42,3.838596,-93.340767,3.0,12.56,71.0,7,1.9,95.3,4.145,-4.4,0,1,17574
2026-04-09T05:46:11,3.839096,-93.339203,-3.5,11.82,75.3,7,1.8,95.4,4.146,-4.2,0,1,17575
2026-04-09T05:46:39,3.839483,-93.337654,1.9,12.36,69.7,7,1.8,95.4,4.148,-4.2,0,1,17576
2026-04-09T05:47:08,3.839898,-93.336082,7.6,12.22,74.9,7,1.8,95.9,4.148,-4.4,0,1,17577
2026-04-09T05:47:37,3.840298,-93.334503,13.4,12.36,70.8,7,1.8,95.8,4.149,-4.2,0,1,17578
2026-04-09T05:48:06,3.840763,-93.332878,6.2,12.14,76.7,7,1.8,95.6,4.150,-4.2,0,1,17579
2026-04-09T05:48:34,3.841246,-93.331390,5.0,12.22,74.0,7,1.8,95.9,4.150,-4.4,0,1,17580
2026-04-09T05:49:03,3.841730,-93.329727,-4.2,13.11,70.1,7,1.8,96.1,4.150,-4.2,0,1,17581
2026-04-09T05:49:32,3.842126,-93.328163,3.6,11.89,76.8,7,1.8,96.1,4.153,-4.2,0,1,17582
2026-04-09T05:50:01,3.842571,-93.326553,3.2,12.40,73.3,6,2.5,96.2,4.153,-4.2,0,1,17583
2026-04-09T05:50:29,3.842956,-93.324989,5.0,12.64,78.2,7,1.8,96.6,4.154,-4.4,0,1,17584
2026-04-09T05:50:58,3.843386,-93.323410,7.0,12.49,71.4,7,1.7,96.4,4.154,-4.2,0,1,17585
2026-04-09T05:51:27,3.843853,-93.321777,3.6,12.74,74.6,7,1.7,96.6,4.156,-4.4,0,1,17586
2026-04-09T05:51:56,3.844210,-93.320206,7.2,12.53,72.5,7,1.2,96.4,4.155,-4.2,0,1,17587
2026-04-09T05:52:24,3.844615,-93.318604,8.2,12.03,79.3,7,1.7,96.6,4.155,-4.4,0,1,17588
2026-04-09T05:52:53,3.845031,-93.316963,-4.7,12.94,75.9,7,1.7,96.9,4.157,-4.2,0,1,17589
2026-04-09T05:53:22,3.845500,-93.315407,0.6,12.20,78.6,7,1.7,97.0,4.157,-4.2,0,1,17590
2026-04-09T05:53:51,3.845915,-93.313789,0.6,12.55,71.8,7,1.7,96.9,4.159,-4.2,0,1,17591
2026-04-09T05:54:19,3.846406,-93.312241,-0.2,11.81,73.6,7,1.7,97.2,4.159,-4.4,0,1,17592
2026-04-09T05:54:48,3.846856,-93.310677,-5.1,12.03,75.8,7,1.7,97.2,4.160,-4.4,0,1,17593
2026-04-09T05:55:17,3.847298,-93.309120,2.7,11.95,68.8,7,1.7,97.3,4.161,-4.2,0,1,17594
2026-04-09T05:55:46,3.847660,-93.307495,-12.8,11.69,76.2,7,1.6,97.3,4.160,-4.2,0,1,17595
2026-04-09T05:56:14,3.848046,-93.305916,-2.4,12.05,75.5,8,1.1,97.5,4.162,-4.2,0,1,17596
2026-04-09T05:56:43,3.848476,-93.304321,-3.6,12.23,73.8,7,1.6,97.8,4.162,2604.2,0,1,17597
2026-04-09T05:57:12,3.848926,-93.302704,3.0,12.34,74.2,7,1.6,97.7,4.162,-4.2,0,1,17598
2026-04-09T05:57:41,3.849363,-93.301117,7.2,12.39,73.3,7,1.6,97.8,4.165,-4.4,0,1,17599
2026-04-09T05:58:09,3.849703,-93.299515,9.2,12.76,75.2,7,1.6,97.7,4.166,-4.2,0,1,17600
2026-04-09T05:58:38,3.850143,-93.297905,-4.3,11.76,75.0,7,1.6,97.8,4.166,-4.4,0,1,17601
2026-04-09T05:59:07,3.850573,-93.296303,-15.2,12.34,72.8,7,1.6,97.8,4.168,-4.4,0,1,17602
2026-04-09T05:59:36,3.851012,-93.294708,-13.9,12.49,74.1,7,1.6,98.0,4.169,-4.2,0,1,17603
2026-04-09T06:00:04,3.851463,-93.293144,-8.2,12.06,75.2,7,1.6,98.3,4.170,-4.2,0,1,17604
2026-04-09T06:00:33,3.851823,-93.291512,-6.5,12.30,72.9,7,1.6,98.3,4.170,-4.2,0,1,17605
2026-04-09T06:01:02,3.852292,-93.289902,-13.7,12.34,73.3,7,1.6,98.4,4.169,-4.4,0,1,17606
2026-04-09T06:01:31,3.852710,-93.288300,-13.6,12.01,77.3,7,1.5,98.6,4.170,-4.2,0,1,17607
2026-04-09T06:01:59,3.853093,-93.286713,-20.0,12.96,74.4,7,1.5,98.8,4.171,-4.2,0,1,17608
2026-04-09T06:02:28,3.853547,-93.285103,-16.5,12.17,75.9,7,1.5,98.6,4.173,-4.2,0,1,17609
2026-04-09T06:02:57,3.853887,-93.283516,-15.1,12.17,79.3,7,1.5,98.9,4.175,-4.2,0,1,17610
2026-04-09T06:03:26,3.854277,-93.281883,-13.3,12.30,76.2,6,2.1,99.1,4.175,-4.4,0,1,17611
2026-04-09T06:03:54,3.854750,-93.280342,-9.8,12.86,76.9,7,1.5,99.1,4.176,-4.4,0,1,17612
2026-04-09T06:04:23,3.855170,-93.278709,-5.9,12.10,72.1,7,1.5,99.4,4.175,-4.2,0,1,17613
2026-04-09T06:04:52,3.855622,-93.277115,-2.8,12.13,77.4,7,1.5,99.1,4.177,-4.4,0,1,17614
2026-04-09T06:05:21,3.856078,-93.275490,-2.3,12.57,72.2,7,1.5,99.2,4.176,-4.2,0,1,17615
2026-04-09T06:05:49,3.856475,-93.273918,0.9,12.14,73.7,7,1.5,99.6,4.177,-4.2,0,1,17616
2026-04-09T06:06:18,3.856837,-93.272285,9.0,12.52,77.4,7,1.5,99.6,4.179,-4.2,0,1,17617
2026-04-09T06:06:47,3.857247,-93.270660,-2.8,12.79,71.5,7,1.5,99.7,4.179,-4.4,0,1,17618
2026-04-09T06:07:16,3.857740,-93.269066,-6.9,12.54,74.1,7,1.5,99.7,4.180,-4.4,0,1,17619
2026-04-09T06:07:44,3.858147,-93.267517,-5.2,12.85,72.3,7,1.5,99.7,4.182,-4.4,0,1,17620
2026-04-09T06:08:13,3.858610,-93.265854,-0.2,12.39,76.5,6,1.5,100.0,4.181,-4.2,0,1,17621
2026-04-09T06:08:42,3.859000,-93.264206,13.3,12.54,76.4,7,1.4,99.9,4.181,-4.2,0,1,17622
2026-04-09T06:09:11,3.859497,-93.262627,19.6,11.87,71.7,7,1.4,100.2,4.182,-4.2,0,1,17623
2026-04-09T06:09:39,3.859877,-93.261047,21.7,12.55,74.1,7,1.4,100.3,4.184,-4.4,0,1,17624
2026-04-09T06:10:08,3.860240,-93.259453,31.2,12.12,77.0,8,1.3,100.2,4.186,-4.2,0,1,17625
2026-04-09T06:10:37,3.860692,-93.257851,31.4,12.49,72.0,8,1.3,100.3,4.185,-4.4,0,1,17626
2026-04-09T06:11:06,3.861165,-93.256317,29.7,12.45,76.2,7,1.5,100.7,4.185,-4.2,0,1,17627
2026-04-09T06:11:34,3.861583,-93.254723,20.6,12.37,78.2,7,1.5,100.8,4.189,-4.2,0,1,17628
2026-04-09T06:12:03,3.862085,-93.253143,20.1,11.74,75.2,8,1.2,100.7,4.189,-4.2,0,1,17629
2026-04-09T06:12:32,3.862447,-93.251503,19.8,12.24,78.2,8,1.2,100.7,4.189,-4.2,0,1,17630
2026-04-09T06:13:01,3.862945,-93.249878,15.0,12.21,73.9,6,2.3,101.0,4.189,-4.4,0,1,17631
2026-04-09T06:13:29,3.863360,-93.248344,17.2,12.01,73.5,8,1.2,101.0,4.191,-4.4,0,1,17632
2026-04-09T06:13:58,3.863863,-93.246765,15.1,12.34,78.9,8,1.2,101.1,4.191,-4.2,0,1,17633
2026-04-09T06:14:27,3.864278,-93.245140,14.1,12.01,76.1,7,1.7,101.3,4.193,-4.2,0,1,17634
2026-04-09T06:14:56,3.864688,-93.243523,19.4,12.68,77.2,6,2.2,101.5,4.194,-4.2,0,1,17635
2026-04-09T06:15:24,3.865142,-93.241966,11.1,12.28,77.5,8,1.2,101.5,4.194,-4.2,0,1,17636
2026-04-09T06:15:53,3.865585,-93.240326,6.5,12.22,76.8,7,1.5,101.6,4.196,-4.4,0,1,17637
2026-04-09T06:16:22,3.866007,-93.238762,10.9,12.81,76.9,6,2.2,101.8,4.198,-4.2,0,1,17638
2026-04-09T06:16:51,3.866457,-93.237129,11.0,12.27,73.5,7,1.5,101.8,4.196,-4.2,0,1,17639
2026-04-09T06:17:19,3.866932,-93.235603,12.9,12.37,74.3,7,1.5,101.8,4.196,-4.2,0,1,17640
2026-04-09T06:17:48,3.867391,-93.234001,10.8,12.38,73.9,7,1.5,101.8,4.198,-4.2,0,1,17641
2026-04-09T06:18:17,3.867845,-93.232368,11.5,12.31,79.2,6,2.1,102.1,4.199,-4.2,0,1,17642
2026-04-09T06:18:46,3.868233,-93.230766,13.1,11.94,77.1,7,1.5,102.7,4.200,-4.2,0,1,17643
2026-04-09T06:19:14,3.868655,-93.229225,12.3,12.27,72.7,7,1.6,102.2,4.201,-4.4,0,1,17644
2026-04-09T06:19:43,3.869033,-93.227600,5.8,12.30,72.9,6,2.1,102.4,4.201,-4.2,0,1,17645
2026-04-09T06:20:12,3.869393,-93.225952,3.6,12.07,75.8,7,1.4,102.7,4.204,-4.2,0,1,17646
2026-04-09T06:20:41,3.869916,-93.224365,7.3,12.76,75.2,6,2.1,102.7,4.205,-4.2,0,1,17647
2026-04-09T06:21:09,3.870363,-93.222786,7.0,13.21,77.2,6,2.0,102.7,4.206,-4.2,0,1,17648
2026-04-09T06:21:38,3.870745,-93.221161,12.0,12.33,80.2,7,1.5,103.0,4.206,-4.2,0,1,17649
2026-04-09T06:22:07,3.871188,-93.219521,16.2,12.47,75.9,7,1.4,103.0,4.206,-4.2,0,1,17650
2026-04-09T06:22:36,3.871643,-93.217896,21.4,12.63,75.3,6,2.0,103.0,4.209,-4.2,0,1,17651
2026-04-09T06:23:04,3.872115,-93.216339,24.9,12.33,75.8,7,1.4,103.4,4.209,-4.2,0,1,17652
2026-04-09T06:23:33,3.872486,-93.214714,25.9,12.31,78.7,6,2.0,103.4,4.210,-4.2,0,1,17653
2026-04-09T06:24:02,3.872970,-93.213127,35.8,11.88,75.5,7,1.4,103.4,4.209,-4.2,0,1,17654
2026-04-09T06:24:31,3.873286,-93.211433,29.1,12.35,75.5,6,2.0,103.8,4.213,-4.2,0,1,17655
2026-04-09T06:24:59,3.873620,-93.209793,18.4,12.65,74.5,6,2.0,103.7,4.213,-4.2,0,1,17656
2026-04-09T06:25:28,3.874178,-93.208214,8.9,12.54,73.3,7,1.5,103.7,4.213,-4.2,0,1,17657
2026-04-09T06:25:57,3.874560,-93.206512,-5.1,12.22,75.1,7,1.8,103.8,4.213,-4.2,0,1,17658
2026-04-09T06:26:26,3.874968,-93.204918,-9.0,12.49,73.7,7,1.8,103.8,4.211,-4.2,0,1,17659
2026-04-09T06:26:54,3.875396,-93.203354,-2.9,12.61,76.9,8,1.5,103.8,4.213,2764.3,0,1,17660
2026-04-09T06:27:23,3.875816,-93.201706,-10.5,12.38,71.3,8,1.5,104.1,4.213,-4.4,0,1,17661
2026-04-09T06:27:52,3.876246,-93.200073,-18.1,12.32,71.1,7,1.5,104.3,4.214,-4.2,0,1,17662
2026-04-09T06:28:21,3.876686,-93.198448,-9.9,12.67,73.6,8,1.3,104.0,4.214,-4.2,0,1,17663
2026-04-09T06:28:49,3.877140,-93.196899,1.0,12.68,74.4,8,1.5,103.7,4.214,2760.2,0,1,17664
2026-04-09T06:29:18,3.877562,-93.195251,-6.6,12.66,74.5,6,2.0,104.1,4.213,-4.4,0,1,17665
2026-04-09T06:29:47,3.878005,-93.193649,-2.0,12.37,72.3,7,1.5,104.0,4.214,-4.2,0,1,17666
2026-04-09T06:30:16,3.878450,-93.192017,1.4,12.90,75.1,7,1.5,103.8,4.214,-4.2,0,1,17667
2026-04-09T06:30:44,3.878855,-93.190445,1.3,12.46,75.3,8,1.4,104.0,4.215,-4.2,0,1,17668
2026-04-09T06:31:13,3.879267,-93.188828,7.7,12.67,74.6,8,1.4,104.1,4.215,-4.4,0,1,17669
2026-04-09T06:31:42,3.879703,-93.187180,10.3,12.62,75.4,7,1.5,104.0,4.214,-4.2,0,1,17670
2026-04-09T06:32:11,3.880151,-93.185555,12.0,12.28,78.1,7,1.5,104.1,4.216,-4.4,0,1,17671
2026-04-09T06:32:39,3.880531,-93.184036,19.1,13.12,71.2,8,1.4,104.3,4.215,-4.2,0,1,17672
2026-04-09T06:33:08,3.880995,-93.182411,21.6,12.37,72.1,7,1.5,104.0,4.215,-4.2,0,1,17673
2026-04-09T06:33:37,3.881448,-93.180824,13.0,12.19,75.7,8,1.4,104.0,4.214,-4.2,0,1,17674
2026-04-09T06:34:06,3.881931,-93.179192,18.3,12.41,71.2,8,1.4,104.0,4.215,-4.2,0,1,17675
2026-04-09T06:34:34,3.882338,-93.177589,23.1,12.33,74.4,8,1.4,104.1,4.215,-4.4,0,1,17676
2026-04-09T06:35:03,3.882788,-93.175987,24.9,13.12,74.9,8,1.4,104.3,4.216,-4.2,0,1,17677
2026-04-09T06:35:32,3.883273,-93.174332,20.2,13.16,73.2,9,1.1,104.1,4.216,-4.4,0,1,17678
2026-04-09T06:36:01,3.883648,-93.172707,20.9,12.78,73.9,8,1.4,104.1,4.215,-4.4,0,1,17679
2026-04-09T06:36:29,3.884090,-93.171143,27.6,12.15,73.4,8,1.4,104.1,4.216,-4.4,0,1,17680
2026-04-09T06:36:58,3.884540,-93.169479,26.0,13.06,74.3,8,1.4,104.3,4.215,-4.2,0,1,17681
2026-04-09T06:37:27,3.885065,-93.167854,24.5,12.03,72.9,8,1.4,104.1,4.218,-4.4,0,1,17682
2026-04-09T06:37:56,3.885530,-93.166237,27.2,12.82,72.2,8,1.4,104.3,4.216,2777.0,0,1,17683
2026-04-09T06:38:24,3.885931,-93.164719,31.3,11.88,74.0,9,1.1,104.0,4.215,-4.2,0,1,17684
2026-04-09T06:38:53,3.886333,-93.163094,23.5,12.96,74.0,8,1.4,104.1,4.215,-4.4,0,1,17685
2026-04-09T06:39:22,3.886798,-93.161430,21.3,12.98,73.6,8,1.4,104.0,4.218,-4.2,0,1,17686
2026-04-09T06:39:51,3.887215,-93.159805,17.3,12.43,75.1,8,1.4,104.3,4.215,-4.2,0,1,17687
2026-04-09T06:40:19,3.887635,-93.158234,19.7,12.86,75.6,9,1.1,104.6,4.216,-4.2,0,1,17688
2026-04-09T06:40:48,3.888115,-93.156601,19.0,12.74,71.0,8,1.4,104.1,4.216,-4.4,0,1,17689
2026-04-09T06:41:17,3.888522,-93.154953,9.9,12.63,71.3,8,1.4,104.3,4.218,2777.0,0,1,17690
2026-04-09T06:41:46,3.888975,-93.153343,2.8,12.17,71.6,8,1.4,104.3,4.218,-4.2,0,1,17691
2026-04-09T06:42:14,3.889375,-93.151764,3.4,12.92,73.6,8,1.4,104.1,4.216,-4.4,0,1,17692
2026-04-09T06:42:43,3.889768,-93.150154,-2.7,12.52,75.1,7,1.5,104.3,4.216,-4.2,0,1,17693
2026-04-09T06:43:12,3.890230,-93.148521,4.1,12.59,71.8,8,1.4,104.5,4.218,-4.2,0,1,17694
2026-04-09T06:43:41,3.890665,-93.146866,6.3,12.74,73.9,8,1.4,104.5,4.218,-4.2,0,1,17695
2026-04-09T06:44:09,3.891126,-93.145302,10.4,12.62,72.2,7,1.5,104.5,4.218,-4.2,0,1,17696
2026-04-09T06:44:38,3.891562,-93.143700,11.1,12.67,74.9,8,1.4,104.1,4.218,-4.4,0,1,17697
2026-04-09T06:45:07,3.892036,-93.142082,13.3,12.52,72.8,9,1.1,104.3,4.218,-4.2,0,1,17698
2026-04-09T06:45:36,3.892476,-93.140457,11.8,12.65,72.1,8,1.4,104.8,4.218,-4.4,0,1,17699
2026-04-09T06:46:04,3.892916,-93.138908,14.4,12.30,76.3,7,1.5,104.5,4.220,-4.2,0,1,17700
2026-04-09T06:46:33,3.893328,-93.137260,11.8,12.40,74.6,7,1.5,104.3,4.218,-4.2,0,1,17701
2026-04-09T06:47:02,3.893775,-93.135643,14.2,12.16,71.7,7,1.5,104.5,4.216,-4.2,0,1,17702
2026-04-09T06:47:31,3.894205,-93.134018,18.0,12.59,74.0,8,1.4,104.3,4.218,-4.2,0,1,17703
2026-04-09T06:47:59,3.894608,-93.132439,12.2,11.74,76.4,7,1.5,104.6,4.218,-4.2,0,1,17704
2026-04-09T06:48:28,3.895013,-93.130806,7.6,12.28,73.5,8,1.4,104.3,4.218,-4.2,0,1,17705
2026-04-09T06:48:57,3.895458,-93.129196,-3.7,12.46,72.2,7,1.5,104.3,4.218,-4.2,0,1,17706
2026-04-09T06:49:26,3.895912,-93.127556,-4.3,12.26,74.7,7,1.5,104.5,4.218,-4.2,0,1,17707
2026-04-09T06:49:54,3.896358,-93.125999,-14.0,12.70,72.2,8,1.3,104.5,4.218,-4.2,0,1,17708
2026-04-09T06:50:23,3.896830,-93.124428,-28.4,11.91,71.7,7,1.5,104.5,4.218,-4.2,0,1,17709
2026-04-09T06:50:52,3.897160,-93.122818,-23.5,12.44,68.6,8,1.3,104.6,4.218,-4.2,0,1,17710
2026-04-09T06:51:21,3.897683,-93.121170,-24.8,12.39,70.8,7,1.5,104.5,4.218,-4.2,0,1,17711
2026-04-09T06:51:49,3.898143,-93.119629,-28.5,12.54,70.0,7,1.5,104.5,4.218,-4.2,0,1,17712
2026-04-09T06:52:18,3.898645,-93.118027,-23.5,12.26,75.0,7,1.5,104.5,4.218,-4.2,0,1,17713
2026-04-09T06:52:47,3.899072,-93.116432,-13.7,12.87,72.9,7,1.5,104.6,4.220,-4.2,0,1,17714
2026-04-09T06:53:16,3.899496,-93.114822,-12.0,12.55,75.6,8,1.3,104.8,4.218,-4.4,0,1,17715
2026-04-09T06:53:44,3.899846,-93.113251,-12.6,12.09,78.1,7,1.5,104.8,4.218,-4.4,0,1,17716
2026-04-09T06:54:13,3.900255,-93.111664,-18.9,12.79,72.9,7,1.4,104.8,4.216,-4.4,0,1,17717
2026-04-09T06:54:42,3.900690,-93.110069,-11.0,12.32,74.2,7,1.4,104.5,4.220,-4.2,0,1,17718
2026-04-09T06:55:11,3.901178,-93.108490,-7.2,11.97,71.1,6,2.1,104.6,4.219,2785.3,0,1,17719
2026-04-09T06:55:39,3.901567,-93.106949,-7.2,12.65,71.4,7,1.4,104.6,4.219,-4.2,0,1,17720
2026-04-09T06:56:08,3.902055,-93.105370,-5.8,12.40,71.9,7,1.4,104.3,4.218,-4.2,0,1,17721
2026-04-09T06:56:37,3.902505,-93.103783,7.6,12.30,73.4,7,1.4,104.6,4.218,-4.2,0,1,17722
2026-04-09T06:57:06,3.902943,-93.102196,6.5,12.16,77.2,6,2.1,104.3,4.219,-4.2,0,1,17723
2026-04-09T06:57:34,3.903350,-93.100578,-1.3,12.80,74.4,8,1.3,104.5,4.218,-4.2,0,1,17724
2026-04-09T06:58:03,3.903745,-93.098984,0.5,11.94,71.6,7,1.4,104.5,4.218,-4.2,0,1,17725
2026-04-09T06:58:32,3.904158,-93.097343,-9.0,12.43,74.6,6,2.0,104.6,4.218,-4.2,0,1,17726
2026-04-09T06:59:01,3.904572,-93.095741,-8.6,11.99,76.5,7,1.4,104.5,4.218,-4.2,0,1,17727
2026-04-09T06:59:29,3.904979,-93.094131,-20.9,13.10,72.7,6,2.0,104.6,4.220,-4.2,0,1,17728
2026-04-09T06:59:58,3.905488,-93.092598,-14.7,11.67,72.4,6,2.0,104.6,4.219,-4.2,0,1,17729
2026-04-09T07:00:27,3.905903,-93.090950,-15.4,13.31,77.2,5,3.0,104.8,4.216,-4.4,0,1,17730
2026-04-09T07:00:55,3.906443,-93.089401,-0.6,12.38,69.8,6,2.0,104.6,4.219,-4.2,0,1,17731
2026-04-09T07:01:24,3.906930,-93.087791,6.8,12.52,69.6,7,1.4,104.5,4.218,-4.2,0,1,17732
2026-04-09T07:01:53,3.907287,-93.086128,14.0,12.64,73.6,6,2.0,104.6,4.219,-4.2,0,1,17733
2026-04-09T07:02:22,3.907763,-93.084526,13.4,13.04,72.0,6,2.0,104.8,4.219,-4.4,0,1,17734
2026-04-09T07:02:51,3.908292,-93.082909,17.9,12.56,72.9,6,2.0,104.6,4.219,-4.2,0,1,17735
2026-04-09T07:03:19,3.908682,-93.081314,11.7,12.82,73.2,7,1.7,104.8,4.220,-4.4,0,1,17736
2026-04-09T07:03:48,3.909162,-93.079727,4.0,12.27,74.4,6,2.0,104.6,4.218,-4.2,0,1,17737
2026-04-09T07:04:17,3.909602,-93.078102,4.2,12.46,71.9,6,2.0,104.6,4.219,-4.2,0,1,17738
2026-04-09T07:04:46,3.910057,-93.076447,-3.7,12.09,75.3,6,2.0,104.6,4.220,-4.2,0,1,17739
2026-04-09T07:05:14,3.910570,-93.074921,-14.8,12.75,70.9,6,2.0,104.6,4.218,-4.2,0,1,17740
2026-04-09T07:05:43,3.910985,-93.073288,-19.7,12.27,74.3,6,2.0,104.5,4.218,-4.2,0,1,17741
2026-04-09T07:06:12,3.911370,-93.071686,-23.2,12.33,75.5,6,2.0,104.6,4.218,-4.2,0,1,17742
2026-04-09T07:06:41,3.911850,-93.070076,-22.7,12.52,73.6,6,2.0,104.6,4.219,-4.2,0,1,17743
2026-04-09T07:07:09,3.912298,-93.068527,-24.5,12.45,74.0,7,1.7,104.5,4.219,-4.2,0,1,17744
2026-04-09T07:07:38,3.912745,-93.066940,-21.2,12.05,73.9,7,1.7,104.6,4.219,-4.2,0,1,17745
2026-04-09T07:08:07,3.913188,-93.065323,-23.6,11.78,75.9,6,1.9,104.6,4.219,-4.2,0,1,17746
2026-04-09T07:08:36,3.913760,-93.063736,-16.6,12.59,73.6,6,1.9,104.5,4.218,-4.2,0,1,17747
2026-04-09T07:09:04,3.914200,-93.062210,-15.0,12.55,71.2,7,1.7,104.8,4.216,-4.4,0,1,17748
2026-04-09T07:09:33,3.914662,-93.060600,-19.0,11.86,72.6,7,1.7,104.6,4.219,-4.2,0,1,17749
2026-04-09T07:10:02,3.915135,-93.059044,-18.7,12.20,75.5,6,1.9,104.6,4.219,2785.3,0,1,17750
2026-04-09T07:10:31,3.915578,-93.057449,-13.8,12.80,76.0,6,1.9,104.6,4.220,-4.2,0,1,17751
2026-04-09T07:10:59,3.915995,-93.055878,-2.1,12.53,76.4,7,1.7,105.1,4.220,-4.2,0,1,17752
2026-04-09T07:11:28,3.916407,-93.054306,-13.3,12.23,72.9,7,1.7,104.6,4.219,-4.2,0,1,17753
2026-04-09T07:11:57,3.916885,-93.052734,-20.4,12.23,71.3,7,1.7,104.8,4.220,-4.4,0,1,17754
2026-04-09T07:12:26,3.917375,-93.051170,-15.9,11.96,70.4,7,1.6,104.6,4.220,-4.2,0,1,17755
2026-04-09T07:12:54,3.917808,-93.049629,-12.5,11.55,75.6,7,1.6,104.6,4.219,-4.2,0,1,17756
2026-04-09T07:13:23,3.918338,-93.048027,-10.8,12.17,77.1,8,1.2,104.8,4.220,-4.4,0,1,17757
2026-04-09T07:13:52,3.918775,-93.046471,-7.7,11.27,76.4,7,1.6,104.8,4.218,-4.4,0,1,17758
2026-04-09T07:14:21,3.919158,-93.044823,-10.6,12.20,70.9,7,1.6,104.8,4.219,-4.4,0,1,17759
2026-04-09T07:14:49,3.919595,-93.043266,-9.4,13.19,79.5,7,1.6,104.6,4.218,-4.2,0,1,17760
2026-04-09T07:15:18,3.920053,-93.041695,-6.4,11.48,74.6,7,1.6,104.9,4.220,-4.2,0,1,17761
2026-04-09T07:15:47,3.920495,-93.040077,2.0,13.37,73.7,7,1.6,104.6,4.219,-4.2,0,1,17762
2026-04-09T07:16:16,3.920998,-93.038483,4.0,12.58,70.0,7,1.6,104.8,4.219,-4.4,0,1,17763
2026-04-09T07:16:44,3.921416,-93.036957,4.8,11.93,72.8,7,1.6,104.8,4.220,-4.4,0,1,17764
2026-04-09T07:17:13,3.921760,-93.035370,10.4,12.06,77.1,7,1.6,104.1,4.214,-4.4,0,1,17765
2026-04-09T07:17:42,3.922245,-93.033783,18.4,12.46,75.5,7,1.6,104.5,4.216,-4.2,0,1,17766
2026-04-09T07:18:11,3.922750,-93.032249,5.9,11.53,67.3,8,1.4,104.1,4.215,-4.4,0,1,17767
2026-04-09T07:18:39,3.923193,-93.030769,3.4,12.72,69.7,7,1.5,104.1,4.215,-4.4,0,1,17768
2026-04-09T07:19:08,3.923586,-93.029213,6.3,11.29,70.9,8,1.4,104.3,4.214,-4.2,0,1,17769
2026-04-09T07:19:37,3.924082,-93.027626,7.0,12.76,67.4,8,1.4,104.5,4.214,-4.2,0,1,17770
2026-04-09T07:20:06,3.924571,-93.026100,11.1,12.13,68.3,8,1.4,104.1,4.215,-4.4,0,1,17771
2026-04-09T07:20:34,3.924953,-93.024529,7.5,11.93,71.1,8,1.4,104.1,4.215,-4.4,0,1,17772
2026-04-09T07:21:03,3.925425,-93.022934,5.4,11.92,74.8,8,1.4,103.8,4.214,-4.2,0,1,17773
2026-04-09T07:21:32,3.925913,-93.021385,8.6,11.22,73.6,8,1.4,104.1,4.216,-4.4,0,1,17774
2026-04-09T07:22:01,3.926419,-93.019844,12.0,12.07,69.8,8,1.4,104.0,4.215,-4.2,0,1,17775
2026-04-09T07:22:29,3.926857,-93.018364,15.3,12.24,73.2,8,1.4,104.0,4.215,-4.2,0,1,17776
2026-04-09T07:22:58,3.927366,-93.016769,16.9,12.94,71.1,8,1.4,104.1,4.215,-4.4,0,1,17777
2026-04-09T07:23:27,3.927755,-93.015152,18.0,12.42,74.3,8,1.4,103.8,4.215,-4.2,0,1,17778
2026-04-09T07:23:56,3.928258,-93.013542,16.3,13.06,76.9,8,1.4,104.0,4.215,-4.2,0,1,17779
2026-04-09T07:24:24,3.928702,-93.012016,14.5,12.11,75.0,8,1.4,104.3,4.215,-4.2,0,1,17780
2026-04-09T07:24:53,3.929065,-93.010445,9.1,12.37,78.0,8,1.4,104.0,4.215,-4.2,0,1,17781
2026-04-09T07:25:22,3.929518,-93.008896,10.7,11.55,71.7,8,1.3,104.0,4.215,-4.2,0,1,17782
2026-04-09T07:25:51,3.930102,-93.007278,8.0,12.59,73.3,8,1.3,104.1,4.216,-4.4,0,1,17783
2026-04-09T07:26:19,3.930505,-93.005753,6.2,12.81,76.4,8,1.3,104.0,4.215,-4.2,0,1,17784
2026-04-09T07:26:48,3.930905,-93.004143,2.2,11.97,75.2,7,2.5,104.1,4.214,-4.4,0,1,17785
2026-04-09T07:27:17,3.931328,-93.002563,-2.8,12.07,71.7,7,2.5,104.1,4.214,-4.4,0,1,17786
2026-04-09T07:27:46,3.931842,-93.000984,-5.9,11.95,75.2,7,2.5,104.3,4.214,2777.0,0,1,17787
2026-04-09T07:28:14,3.932283,-92.999496,-12.5,11.60,75.8,8,1.3,104.3,4.214,-4.2,0,1,17788
2026-04-09T07:28:43,3.932708,-92.997871,-0.6,11.94,75.8,7,2.4,104.0,4.214,-4.2,0,1,17789
2026-04-09T07:29:12,3.933525,-92.996262,12.0,12.85,64.4,8,2.4,104.1,4.214,-4.4,0,1,17790
2026-04-09T07:29:41,3.933832,-92.994713,-6.1,12.01,73.3,8,2.4,104.0,4.214,-4.2,0,1,17791
2026-04-09T07:30:09,3.933990,-92.993225,-14.7,11.42,73.6,7,2.5,104.0,4.213,-4.2,0,1,17792
2026-04-09T07:30:38,3.934555,-92.991631,-15.9,12.51,67.9,8,2.4,104.1,4.215,-4.4,0,1,17793
2026-04-09T07:31:07,3.934873,-92.989975,-16.1,12.52,75.9,8,2.4,104.1,4.215,-4.4,0,1,17794
2026-04-09T07:31:36,3.935545,-92.988289,1.7,12.98,66.7,8,2.3,104.0,4.214,-4.2,0,1,17795
2026-04-09T07:32:04,3.936150,-92.986786,14.3,12.87,72.6,8,2.3,103.8,4.213,-4.2,0,1,17796
2026-04-09T07:32:33,3.936656,-92.985245,12.3,12.44,75.4,8,2.3,103.8,4.214,-4.2,0,1,17797
2026-04-09T07:33:02,3.936990,-92.983650,2.1,12.70,74.4,8,2.3,104.0,4.215,-4.2,0,1,17798
2026-04-09T07:33:31,3.937420,-92.982109,-5.5,12.36,71.4,8,2.3,103.8,4.214,-4.2,0,1,17799
2026-04-09T07:33:59,3.937900,-92.980598,-3.7,13.00,70.4,8,2.3,103.8,4.215,-4.2,0,1,17800
2026-04-09T07:34:28,3.938458,-92.979042,1.3,11.33,68.9,8,2.3,104.0,4.214,-4.2,0,1,17801
2026-04-09T07:34:57,3.938792,-92.977509,0.6,11.74,74.5,8,2.2,103.8,4.215,-4.2,0,1,17802
2026-04-09T07:35:26,3.939203,-92.975960,-3.4,12.25,74.6,8,2.2,104.0,4.213,-4.2,0,1,17803
2026-04-09T07:35:54,3.939750,-92.974403,6.2,12.26,73.9,8,2.2,104.0,4.215,-4.2,0,1,17804
2026-04-09T07:36:23,3.940083,-92.972839,3.8,11.94,76.3,8,2.2,104.0,4.213,-4.2,0,1,17805
2026-04-09T07:36:52,3.940473,-92.971283,1.5,12.36,75.6,8,2.2,103.8,4.214,-4.2,0,1,17806
2026-04-09T07:37:21,3.940925,-92.969711,-2.1,11.97,74.1,8,2.2,104.0,4.214,-4.2,0,1,17807
2026-04-09T07:37:49,3.941486,-92.968163,3.5,12.21,72.3,8,2.2,104.0,4.215,-4.2,0,1,17808
2026-04-09T07:38:18,3.941876,-92.966621,-0.2,11.80,77.5,9,1.2,104.1,4.213,-4.4,0,1,17809
2026-04-09T07:38:47,3.942263,-92.965050,-0.5,12.41,78.4,8,2.1,104.3,4.215,-4.2,0,1,17810
2026-04-09T07:39:16,3.942765,-92.963486,-7.2,11.90,72.4,9,1.2,104.0,4.214,-4.2,0,1,17811
2026-04-09T07:39:44,3.943206,-92.961967,-10.1,11.98,81.0,8,2.1,103.8,4.214,-4.2,0,1,17812
2026-04-09T07:40:13,3.943595,-92.960388,-7.9,12.14,76.8,9,1.2,104.0,4.214,-4.2,0,1,17813
2026-04-09T07:40:42,3.944072,-92.958786,6.3,12.17,69.2,8,2.1,104.3,4.215,-4.2,0,1,17814
2026-04-09T07:41:11,3.944575,-92.957253,12.0,11.62,74.2,8,2.1,104.3,4.214,-4.2,0,1,17815
2026-04-09T07:41:39,3.945108,-92.955750,15.8,11.45,69.8,7,3.6,104.0,4.214,-4.2,0,1,17816
2026-04-09T07:42:08,3.945515,-92.954208,21.1,12.26,79.5,8,2.0,104.0,4.213,2768.5,0,1,17817
2026-04-09T07:42:37,3.946023,-92.952637,17.3,12.68,73.1,7,3.6,104.0,4.216,-4.2,0,1,17818
2026-04-09T07:43:06,3.946313,-92.951134,9.5,11.66,79.8,7,2.1,104.1,4.214,-4.4,0,1,17819
2026-04-09T07:43:34,3.946842,-92.949615,4.2,11.13,75.6,8,2.0,104.3,4.214,-4.2,0,1,17820
2026-04-09T07:44:03,3.947316,-92.948067,3.9,12.81,70.0,8,2.0,104.0,4.214,-4.2,0,1,17821
2026-04-09T07:44:32,3.947810,-92.946480,3.3,12.13,76.7,7,3.5,104.0,4.214,2768.5,0,1,17822
2026-04-09T07:45:01,3.948095,-92.944954,3.7,11.23,78.8,8,2.1,104.0,4.215,-4.2,0,1,17823
2026-04-09T07:45:29,3.948365,-92.943405,-0.8,11.68,79.7,8,2.1,103.8,4.215,-4.2,0,1,17824
2026-04-09T07:45:58,3.948785,-92.941841,-10.7,12.01,76.2,8,2.1,104.1,4.214,-4.4,0,1,17825
2026-04-09T07:46:27,3.949215,-92.940247,-3.4,13.02,72.2,8,2.1,104.1,4.215,-4.4,0,1,17826
2026-04-09T07:46:56,3.949622,-92.938637,-4.7,11.93,75.0,9,1.6,104.0,4.214,-4.2,0,1,17827
2026-04-09T07:47:24,3.950130,-92.937080,-2.8,12.54,72.1,9,1.6,104.0,4.213,-4.2,0,1,17828
2026-04-09T07:47:53,3.950603,-92.935562,0.6,11.81,74.6,9,1.6,103.8,4.214,-4.2,0,1,17829
2026-04-09T07:48:22,3.951095,-92.933983,-5.0,12.17,74.3,9,1.6,103.8,4.213,-4.2,0,1,17830
2026-04-09T07:48:51,3.951468,-92.932343,-3.8,12.68,72.9,9,1.7,103.8,4.215,-4.2,0,1,17831
2026-04-09T07:49:19,3.951883,-92.930832,-5.3,11.94,77.8,9,1.7,104.0,4.214,-4.2,0,1,17832
2026-04-09T07:49:48,3.952390,-92.929283,-2.6,12.27,76.0,9,1.7,104.0,4.215,-4.2,0,1,17833
2026-04-09T07:50:17,3.952917,-92.927727,-1.4,12.43,75.9,9,1.7,104.0,4.214,-4.2,0,1,17834
2026-04-09T07:50:46,3.953330,-92.926155,1.3,11.96,76.0,9,1.7,103.8,4.215,-4.2,0,1,17835
2026-04-09T07:51:14,3.953789,-92.924599,0.9,11.84,72.4,9,1.7,103.7,4.213,-4.2,0,1,17836
2026-04-09T07:51:43,3.954108,-92.923012,-5.2,12.21,72.7,9,1.7,104.0,4.213,-4.2,0,1,17837
2026-04-09T07:52:12,3.954597,-92.921417,-2.3,12.24,72.7,9,1.7,104.0,4.214,-4.2,0,1,17838
2026-04-09T07:52:41,3.955057,-92.919861,-2.6,11.86,72.3,9,1.7,103.7,4.214,-4.2,0,1,17839
2026-04-09T07:53:09,3.955463,-92.918327,-5.9,12.78,75.5,9,1.7,103.7,4.214,-4.2,0,1,17840
2026-04-09T07:53:38,3.955887,-92.916763,-3.5,12.19,74.7,9,1.7,103.8,4.214,-4.2,0,1,17841
2026-04-09T07:54:07,3.956380,-92.915176,-4.0,12.44,72.1,8,2.0,104.0,4.215,-4.2,0,1,17842
2026-04-09T07:54:36,3.956807,-92.913567,-5.6,12.10,76.5,8,2.0,104.1,4.213,-4.4,0,1,17843
2026-04-09T07:55:04,3.957218,-92.912033,-7.0,12.15,77.5,8,2.0,103.7,4.214,-4.2,0,1,17844
2026-04-09T07:55:33,3.957752,-92.910469,-2.3,12.15,74.8,8,2.0,104.3,4.213,-4.2,0,1,17845
2026-04-09T07:56:02,3.958383,-92.909027,8.9,11.91,70.4,8,2.0,103.8,4.214,-4.2,0,1,17846
2026-04-09T07:56:31,3.958890,-92.907440,8.6,12.20,77.4,8,2.0,103.8,4.213,-4.2,0,1,17847
2026-04-09T07:56:59,3.959435,-92.905952,18.0,12.03,74.9,8,2.0,103.8,4.213,2764.3,0,1,17848
2026-04-09T07:57:28,3.959918,-92.904343,24.1,11.73,68.9,8,2.0,103.8,4.214,-4.2,0,1,17849
2026-04-09T07:57:57,3.960378,-92.902756,21.2,12.41,75.1,8,2.0,104.0,4.213,-4.2,0,1,17850
2026-04-09T07:58:26,3.960807,-92.901215,27.5,12.38,81.0,8,3.3,103.8,4.213,-4.2,0,1,17851
2026-04-09T07:58:54,3.961258,-92.899658,22.3,12.19,76.5,8,2.0,104.1,4.214,-4.4,0,1,17852
2026-04-09T07:59:23,3.961727,-92.898094,13.4,12.31,76.7,8,2.1,104.0,4.213,-4.2,0,1,17853
2026-04-09T07:59:52,3.962138,-92.896538,14.4,12.00,72.3,8,2.1,104.1,4.213,-4.4,0,1,17854
2026-04-09T08:00:21,3.962485,-92.894951,-4.6,11.59,77.5,8,2.1,103.8,4.214,-4.2,0,1,17855
2026-04-09T08:00:49,3.962975,-92.893425,-9.1,12.19,68.9,8,2.1,104.0,4.214,-4.2,0,1,17856
2026-04-09T08:01:18,3.963337,-92.891853,-7.5,11.78,78.1,8,2.1,103.8,4.213,-4.2,0,1,17857
2026-04-09T08:01:47,3.963763,-92.890266,-0.8,11.75,76.3,8,2.1,104.1,4.213,-4.4,0,1,17858
2026-04-09T08:02:16,3.964158,-92.888695,-13.1,12.04,78.1,8,2.1,104.0,4.214,-4.2,0,1,17859
2026-04-09T08:02:44,3.964588,-92.887131,-14.3,12.55,80.2,8,2.1,103.7,4.214,-4.2,0,1,17860
2026-04-09T08:03:13,3.965127,-92.885597,-8.0,11.48,82.4,8,2.1,104.0,4.213,-4.2,0,1,17861
2026-04-09T08:03:42,3.965757,-92.884026,-0.7,11.88,78.7,8,2.2,103.7,4.213,-4.2,0,1,17862
2026-04-09T08:04:11,3.966205,-92.882408,0.2,11.94,75.1,8,2.2,103.8,4.214,-4.2,0,1,17863
2026-04-09T08:04:39,3.966630,-92.880959,-6.6,11.02,70.5,8,2.2,104.0,4.214,-4.2,0,1,17864
2026-04-09T08:05:08,3.967025,-92.879448,-5.1,10.80,81.6,8,2.2,104.1,4.213,-4.4,0,1,17865
2026-04-09T08:05:37,3.967628,-92.877930,-0.8,11.47,76.4,8,2.2,104.0,4.213,-4.2,0,1,17866
2026-04-09T08:06:06,3.967956,-92.876350,-7.3,11.70,75.4,8,2.2,103.7,4.213,-4.2,0,1,17867
2026-04-09T08:06:34,3.968356,-92.874817,-10.4,12.06,75.8,8,2.2,103.7,4.214,-4.2,0,1,17868
2026-04-09T08:07:03,3.968673,-92.873283,-18.3,11.66,79.5,8,2.2,104.0,4.213,-4.2,0,1,17869
2026-04-09T08:07:32,3.969071,-92.871719,-24.8,11.49,73.6,8,2.2,103.8,4.214,-4.2,0,1,17870
2026-04-09T08:08:01,3.969406,-92.870148,-40.6,11.31,76.4,8,2.2,103.8,4.214,2764.3,0,1,17871
2026-04-09T08:08:29,3.969756,-92.868645,-37.8,12.04,79.1,7,2.2,103.8,4.214,-4.2,0,1,17872
2026-04-09T08:08:58,3.970200,-92.867142,-39.9,11.48,71.9,7,2.2,103.8,4.213,-4.2,0,1,17873
2026-04-09T08:09:27,3.970750,-92.865601,-37.2,11.75,72.2,8,2.2,103.8,4.215,-4.2,0,1,17874
2026-04-09T08:09:56,3.971130,-92.864044,-42.9,11.30,73.4,8,2.3,103.8,4.214,-4.2,0,1,17875
2026-04-09T08:10:24,3.971585,-92.862572,-44.0,11.88,74.6,8,2.3,104.0,4.215,-4.2,0,1,17876
2026-04-09T08:10:53,3.971931,-92.861000,-48.2,11.35,69.6,7,2.3,104.1,4.214,-4.4,0,1,17877
2026-04-09T08:11:22,3.972380,-92.859474,-47.1,11.72,75.2,7,2.3,103.8,4.213,-4.2,0,1,17878
2026-04-09T08:11:51,3.972856,-92.857956,-48.0,11.63,73.3,7,2.3,103.8,4.211,-4.2,0,1,17879
2026-04-09T08:12:19,3.973185,-92.856445,-56.6,11.73,78.8,7,2.3,103.8,4.213,-4.2,0,1,17880
2026-04-09T08:12:48,3.973536,-92.854881,-60.0,11.72,78.3,7,2.3,103.8,4.215,-4.2,0,1,17881
2026-04-09T08:13:17,3.973991,-92.853333,-61.2,11.30,70.7,7,2.3,104.0,4.214,-4.2,0,1,17882
2026-04-09T08:13:46,3.974563,-92.851875,-66.7,11.61,74.8,7,2.3,103.8,4.213,-4.2,0,1,17883
2026-04-09T08:14:14,3.975010,-92.850403,-68.0,11.45,74.1,7,2.3,103.8,4.213,2764.3,0,1,17884
2026-04-09T08:14:43,3.975436,-92.848831,-67.1,11.94,79.2,7,2.3,103.8,4.213,-4.2,0,1,17885
2026-04-09T08:15:12,3.975988,-92.847305,-66.2,11.83,72.2,7,2.3,103.8,4.215,-4.2,0,1,17886
2026-04-09T08:15:41,3.976553,-92.845764,-63.0,11.84,73.2,7,2.3,103.7,4.213,-4.2,0,1,17887
2026-04-09T08:16:09,3.977002,-92.844284,-55.0,11.89,74.5,8,2.3,103.8,4.214,-4.2,0,1,17888
2026-04-09T08:16:38,3.977456,-92.842751,-56.0,11.21,74.7,8,2.3,103.8,4.213,-4.2,0,1,17889
2026-04-09T08:17:07,3.978023,-92.841232,-55.1,11.94,76.4,8,2.3,104.1,4.214,-4.4,0,1,17890
2026-04-09T08:17:36,3.978355,-92.839661,-57.4,11.57,76.6,8,2.3,104.0,4.214,-4.2,0,1,17891
2026-04-09T08:18:04,3.978773,-92.838104,-50.0,11.61,78.1,8,2.3,103.8,4.213,-4.2,0,1,17892
2026-04-09T08:18:33,3.979241,-92.836540,-51.7,11.46,75.0,8,2.3,103.7,4.214,-4.2,0,1,17893
2026-04-09T08:19:02,3.979697,-92.834953,-52.6,12.11,71.5,8,2.3,103.8,4.213,-4.2,0,1,17894
2026-04-09T08:19:31,3.980210,-92.833397,-30.8,11.59,76.7,8,2.3,103.8,4.213,-4.2,0,1,17895
2026-04-09T08:19:59,3.980669,-92.831894,-26.2,12.02,70.0,8,2.3,104.0,4.211,-4.2,0,1,17896
2026-04-09T08:20:28,3.981170,-92.830345,-19.8,11.64,73.1,8,2.3,103.8,4.213,-4.2,0,1,17897
2026-04-09T08:20:57,3.981726,-92.828758,-16.8,11.63,74.3,8,2.3,104.0,4.213,-4.2,0,1,17898
2026-04-09T08:21:26,3.982158,-92.827248,-14.0,12.25,76.2,8,2.3,103.8,4.213,-4.2,0,1,17899
2026-04-09T08:21:54,3.982708,-92.825729,0.6,12.07,72.1,9,2.2,103.7,4.214,-4.2,0,1,17900
2026-04-09T08:22:23,3.983210,-92.824181,1.8,11.81,71.6,9,2.2,103.8,4.213,-4.2,0,1,17901
2026-04-09T08:22:52,3.983643,-92.822586,5.5,12.31,72.8,9,2.1,103.8,4.213,-4.2,0,1,17902
2026-04-09T08:23:21,3.984142,-92.821075,7.1,11.70,71.9,9,2.1,103.7,4.214,-4.2,0,1,17903
2026-04-09T08:23:49,3.984492,-92.819519,-0.8,11.58,80.3,8,2.3,104.0,4.213,-4.2,0,1,17904
2026-04-09T08:24:18,3.984870,-92.817894,3.5,12.01,75.4,9,2.1,103.8,4.213,-4.2,0,1,17905
2026-04-09T08:24:47,3.985275,-92.816330,1.5,11.62,73.5,9,2.1,104.0,4.213,-4.2,0,1,17906
2026-04-09T08:25:16,3.985630,-92.814743,1.7,12.72,74.2,9,2.1,103.8,4.214,-4.2,0,1,17907
2026-04-09T08:25:44,3.986066,-92.813232,-0.7,12.50,75.9,9,2.1,104.0,4.214,-4.2,0,1,17908
2026-04-09T08:26:13,3.986520,-92.811676,1.0,11.98,77.3,8,2.2,103.7,4.214,-4.2,0,1,17909
2026-04-09T08:26:42,3.986893,-92.810074,3.2,12.13,76.8,10,1.8,103.8,4.213,-4.2,0,1,17910
2026-04-09T08:27:11,3.987350,-92.808472,3.7,11.31,77.0,10,1.8,104.0,4.213,-4.2,0,1,17911
2026-04-09T08:27:39,3.987702,-92.806953,0.4,11.55,74.3,10,1.8,103.8,4.213,-4.2,0,1,17912
2026-04-09T08:28:08,3.988158,-92.805367,3.8,12.95,77.5,10,1.8,103.8,4.213,-4.2,0,1,17913
2026-04-09T08:28:37,3.988608,-92.803833,1.0,11.99,71.2,10,1.7,103.8,4.213,-4.2,0,1,17914
2026-04-09T08:29:06,3.989035,-92.802231,-2.5,11.96,75.9,10,1.7,104.0,4.213,-4.2,0,1,17915
2026-04-09T08:29:34,3.989595,-92.800743,2.0,11.50,68.1,10,1.7,103.8,4.214,-4.2,0,1,17916
2026-04-09T08:30:03,3.990076,-92.799217,5.9,11.98,74.0,10,1.7,103.8,4.213,-4.2,0,1,17917
2026-04-09T08:30:32,3.990518,-92.797638,0.9,11.81,75.7,10,1.7,104.0,4.213,-4.2,0,1,17918
2026-04-09T08:31:01,3.990955,-92.796059,3.8,11.68,73.7,10,1.7,103.8,4.213,-4.2,0,1,17919
2026-04-09T08:31:29,3.991372,-92.794548,5.2,12.28,76.7,10,1.7,103.8,4.213,-4.2,0,1,17920
2026-04-09T08:31:58,3.991742,-92.792938,-1.0,12.04,75.6,10,1.7,103.8,4.214,-4.2,0,1,17921
2026-04-09T08:32:27,3.992262,-92.791412,6.8,11.64,73.1,9,1.9,103.7,4.211,-4.2,0,1,17922
2026-04-09T08:32:56,3.992653,-92.789833,-0.2,12.12,73.7,10,1.7,103.8,4.213,-4.2,0,1,17923
2026-04-09T08:33:24,3.993002,-92.788277,1.9,12.04,72.6,10,1.7,103.8,4.215,-4.2,0,1,17924
2026-04-09T08:33:53,3.993500,-92.786720,6.9,12.13,73.7,10,1.7,103.8,4.213,-4.2,0,1,17925
2026-04-09T08:34:22,3.993928,-92.785156,5.3,12.47,73.8,10,1.7,104.0,4.213,-4.2,0,1,17926
2026-04-09T08:34:51,3.994360,-92.783546,12.6,12.63,76.1,10,1.7,103.7,4.213,-4.2,0,1,17927
2026-04-09T08:35:19,3.994797,-92.782051,7.2,12.39,77.7,10,1.7,103.8,4.211,-4.2,0,1,17928
2026-04-09T08:35:48,3.995320,-92.780502,8.0,11.85,73.2,10,1.7,104.0,4.213,-4.2,0,1,17929
2026-04-09T08:36:17,3.995790,-92.778915,9.4,11.76,72.6,9,1.7,103.7,4.213,-4.2,0,1,17930
2026-04-09T08:36:46,3.996288,-92.777321,12.1,12.26,73.7,10,1.6,103.7,4.214,-4.2,0,1,17931
2026-04-09T08:37:14,3.996692,-92.775780,3.4,12.17,73.3,9,1.8,104.0,4.214,-4.2,0,1,17932
2026-04-09T08:37:43,3.997206,-92.774239,-2.2,12.00,75.0,10,1.6,103.7,4.211,-4.2,0,1,17933
2026-04-09T08:38:12,3.997603,-92.772667,-5.0,11.61,71.6,10,1.6,103.7,4.213,-4.2,0,1,17934
2026-04-09T08:38:41,3.998120,-92.771049,3.2,12.08,77.4,10,1.6,103.8,4.214,-4.2,0,1,17935
2026-04-09T08:39:09,3.998496,-92.769508,2.8,12.00,74.4,9,1.7,103.8,4.213,-4.2,0,1,17936
2026-04-09T08:39:38,3.998903,-92.767914,0.7,12.33,73.9,9,1.7,103.8,4.213,-4.2,0,1,17937
2026-04-09T08:40:07,3.999402,-92.766319,6.4,11.84,73.3,10,1.6,103.8,4.214,-4.2,0,1,17938
2026-04-09T08:40:36,3.999782,-92.764748,6.2,11.47,76.1,9,1.7,103.7,4.214,-4.2,0,1,17939
2026-04-09T08:41:04,4.000250,-92.763268,2.0,12.28,73.5,9,1.7,104.0,4.211,-4.2,0,1,17940
2026-04-09T08:41:33,4.000709,-92.761703,-6.5,12.26,72.7,9,1.7,103.8,4.211,-4.2,0,1,17941
2026-04-09T08:42:02,4.001108,-92.760170,-16.6,11.78,78.6,9,1.7,103.8,4.213,-4.2,0,1,17942
2026-04-09T08:42:31,4.001603,-92.758575,-9.9,12.11,76.6,9,1.6,104.0,4.213,-4.2,0,1,17943
2026-04-09T08:42:59,4.002005,-92.756981,-7.0,12.14,72.2,9,1.6,104.0,4.210,-4.2,0,1,17944
2026-04-09T08:43:28,4.002473,-92.755455,-10.8,12.21,71.7,9,1.6,103.8,4.211,-4.2,0,1,17945
2026-04-09T08:43:57,4.002968,-92.753860,-10.5,12.01,73.2,9,1.6,104.0,4.211,-4.2,0,1,17946
2026-04-09T08:44:26,4.003423,-92.752304,-15.6,12.28,73.0,8,2.2,103.8,4.213,-4.2,0,1,17947
2026-04-09T08:44:54,4.003835,-92.750763,-9.7,12.06,77.4,10,1.5,104.0,4.214,-4.2,0,1,17948
2026-04-09T08:45:23,4.004239,-92.749161,-12.4,11.97,72.6,10,1.5,103.8,4.213,-4.2,0,1,17949
2026-04-09T08:45:52,4.004637,-92.747559,-10.9,12.20,73.5,10,1.5,103.8,4.213,-4.2,0,1,17950
2026-04-09T08:46:21,4.005038,-92.745979,-11.3,11.72,72.5,10,1.5,103.8,4.213,-4.2,0,1,17951
2026-04-09T08:46:49,4.005507,-92.744484,-8.3,11.86,74.4,10,1.5,103.7,4.211,-4.2,0,1,17952
2026-04-09T08:47:18,4.006050,-92.742912,-4.4,12.25,74.9,11,1.4,103.8,4.214,-4.2,0,1,17953
2026-04-09T08:47:47,4.006483,-92.741364,-4.2,12.19,72.8,11,1.4,103.8,4.213,2764.3,0,1,17954
2026-04-09T08:48:16,4.006938,-92.739777,-4.9,12.07,74.5,11,1.4,103.8,4.214,-4.2,0,1,17955
2026-04-09T08:48:44,4.007369,-92.738235,-3.6,11.97,76.5,11,1.4,103.7,4.213,-4.2,0,1,17956
2026-04-09T08:49:13,4.007800,-92.736664,2.3,12.22,77.4,11,1.4,103.8,4.213,-4.2,0,1,17957
2026-04-09T08:49:42,4.008327,-92.735100,2.0,12.40,75.4,11,1.4,103.7,4.214,-4.2,0,1,17958
2026-04-09T08:50:11,4.008847,-92.733574,6.7,11.98,69.7,11,1.4,104.0,4.214,-4.2,0,1,17959
2026-04-09T08:50:39,4.009345,-92.732033,9.0,12.33,73.0,11,1.4,104.0,4.213,-4.2,0,1,17960
2026-04-09T08:51:08,4.009690,-92.730423,0.5,12.15,74.7,11,1.4,104.1,4.213,-4.4,0,1,17961
2026-04-09T08:51:37,4.010213,-92.728821,-0.9,12.65,70.5,11,1.4,104.0,4.214,-4.2,0,1,17962
2026-04-09T08:52:06,4.010677,-92.727242,-1.7,12.09,74.9,11,1.4,103.7,4.213,-4.2,0,1,17963
2026-04-09T08:52:34,4.011105,-92.725723,1.3,12.59,72.3,11,1.4,103.8,4.213,-4.2,0,1,17964
2026-04-09T08:53:03,4.011617,-92.724144,3.2,12.25,76.6,11,1.3,103.8,4.213,-4.2,0,1,17965
2026-04-09T08:53:32,4.012027,-92.722557,-4.7,12.19,73.9,11,1.3,104.0,4.211,-4.2,0,1,17966
2026-04-09T08:54:01,4.012520,-92.720970,-3.1,12.54,73.4,11,1.3,103.8,4.214,-4.2,0,1,17967
2026-04-09T08:54:29,4.012943,-92.719421,-6.4,12.38,77.2,11,1.3,103.8,4.214,-4.2,0,1,17968
2026-04-09T08:54:58,4.013443,-92.717850,-7.0,11.83,76.7,11,1.3,103.8,4.213,-4.2,0,1,17969
2026-04-09T08:55:27,4.013935,-92.716217,-3.6,12.35,69.0,11,1.3,103.7,4.213,2760.2,0,1,17970
2026-04-09T08:55:56,4.014468,-92.714622,1.7,12.31,72.3,11,1.3,104.0,4.214,-4.2,0,1,17971
2026-04-09T08:56:24,4.014862,-92.713097,-4.3,12.25,72.8,11,1.3,104.1,4.213,-4.4,0,1,17972
2026-04-09T08:56:53,4.015342,-92.711487,-12.2,11.86,74.5,11,1.3,103.8,4.211,-4.2,0,1,17973
2026-04-09T08:57:22,4.015835,-92.709892,-11.5,12.81,74.4,11,1.3,103.7,4.213,-4.2,0,1,17974
2026-04-09T08:57:51,4.016262,-92.708275,-6.1,12.32,73.4,11,1.3,103.7,4.213,-4.2,0,1,17975
2026-04-09T08:58:19,4.016627,-92.706741,-12.8,11.81,74.3,11,1.3,103.8,4.213,-4.2,0,1,17976
2026-04-09T08:58:48,4.017099,-92.705132,-10.7,12.47,74.0,11,1.3,103.8,4.213,-4.2,0,1,17977
2026-04-09T08:59:17,4.017608,-92.703529,-4.7,12.59,75.4,11,1.3,104.0,4.213,-4.2,0,1,17978
2026-04-09T08:59:46,4.018022,-92.701912,-8.7,12.52,75.0,11,1.3,104.0,4.211,-4.2,0,1,17979
2026-04-09T09:00:14,4.018478,-92.700378,-7.5,12.29,74.5,11,1.3,103.7,4.213,-4.2,0,1,17980
2026-04-09T09:00:43,4.018963,-92.698761,-3.8,12.55,74.3,10,1.3,103.7,4.214,-4.2,0,1,17981
2026-04-09T09:01:12,4.019403,-92.697151,-5.7,11.94,73.3,10,1.3,103.8,4.213,-4.2,0,1,17982
2026-04-09T09:01:41,4.019908,-92.695557,-7.6,12.62,70.0,10,1.3,103.8,4.214,-4.2,0,1,17983
2026-04-09T09:02:09,4.020400,-92.694031,5.2,12.21,72.0,10,1.3,103.5,4.213,-4.4,0,1,17984
2026-04-09T09:02:38,4.020862,-92.692398,8.9,12.37,77.0,10,1.3,103.8,4.213,-4.2,0,1,17985
2026-04-09T09:03:07,4.021311,-92.690765,-0.7,12.15,76.0,10,1.3,103.7,4.213,-4.2,0,1,17986
2026-04-09T09:03:36,4.021760,-92.689156,-0.5,12.14,77.1,10,1.3,103.7,4.213,-4.2,0,1,17987
2026-04-09T09:04:04,4.022210,-92.687607,0.4,12.50,71.3,10,1.3,103.8,4.213,-4.2,0,1,17988
2026-04-09T09:04:33,4.022708,-92.686012,2.6,12.36,75.7,10,1.3,104.1,4.213,-4.4,0,1,17989
2026-04-09T09:05:02,4.023203,-92.684410,4.2,12.41,72.3,10,1.3,104.0,4.211,-4.2,0,1,17990
2026-04-09T09:05:31,4.023618,-92.682800,0.1,12.25,75.2,10,1.3,104.1,4.214,-4.4,0,1,17991
2026-04-09T09:05:59,4.024065,-92.681244,7.1,12.59,75.9,11,1.2,103.8,4.213,-4.2,0,1,17992
2026-04-09T09:06:28,4.024531,-92.679657,4.9,12.63,75.8,11,1.2,104.0,4.211,-4.2,0,1,17993
2026-04-09T09:06:57,4.025018,-92.678055,4.1,12.59,72.7,11,1.2,103.7,4.213,-4.2,0,1,17994
2026-04-09T09:07:26,4.025465,-92.676468,3.2,12.64,73.0,10,1.3,103.7,4.213,-4.2,0,1,17995
2026-04-09T09:07:54,4.025820,-92.674934,0.9,12.88,70.2,11,1.2,103.7,4.213,-4.2,0,1,17996
2026-04-09T09:08:23,4.026376,-92.673279,1.7,12.77,72.5,11,1.2,103.8,4.211,-4.2,0,1,17997
2026-04-09T09:08:52,4.026802,-92.671684,-5.8,12.68,70.4,11,1.2,103.8,4.211,-4.2,0,1,17998
2026-04-09T09:09:21,4.027353,-92.670074,1.8,12.44,73.8,10,1.3,104.0,4.213,-4.2,0,1,17999
2026-04-09T09:09:49,4.027831,-92.668495,0.2,12.39,73.1,11,1.2,103.8,4.213,-4.2,0,1,18000
2026-04-09T09:10:18,4.028296,-92.666885,1.4,13.15,75.3,11,1.2,104.0,4.211,-4.2,0,1,18001
2026-04-09T09:10:47,4.028826,-92.665283,0.8,12.52,73.1,11,1.2,104.0,4.211,-4.2,0,1,18002
2026-04-09T09:11:16,4.029270,-92.663666,-2.8,12.07,75.1,11,1.1,103.8,4.211,-4.2,0,1,18003
2026-04-09T09:11:44,4.029727,-92.662094,-3.0,12.34,73.2,11,1.1,103.8,4.213,-4.2,0,1,18004
2026-04-09T09:12:13,4.030163,-92.660439,-1.0,12.19,75.0,11,1.1,104.1,4.213,-4.4,0,1,18005
2026-04-09T09:12:42,4.030643,-92.658783,1.1,12.42,75.1,9,1.3,103.8,4.213,-4.2,0,1,18006
2026-04-09T09:13:11,4.031221,-92.657196,1.8,12.93,68.0,10,1.1,103.8,4.213,-4.2,0,1,18007
2026-04-09T09:13:39,4.031579,-92.655647,-3.1,12.97,73.6,10,1.1,103.8,4.211,-4.2,0,1,18008
2026-04-09T09:14:08,4.032063,-92.654015,-8.9,12.90,73.1,9,1.2,103.8,4.214,-4.2,0,1,18009
2026-04-09T09:14:37,4.032436,-92.652412,-9.6,12.14,77.8,9,1.2,104.1,4.213,-4.4,0,1,18010
2026-04-09T09:15:06,4.033015,-92.650772,-0.4,11.82,74.1,9,1.5,103.8,4.211,-4.2,0,1,18011
2026-04-09T09:15:34,4.033408,-92.649162,3.1,12.66,72.1,9,1.5,104.0,4.213,-4.2,0,1,18012
2026-04-09T09:16:03,4.033973,-92.647560,7.8,13.15,72.1,8,2.8,104.0,4.213,-4.2,0,1,18013
2026-04-09T09:16:32,4.034435,-92.645958,4.4,12.56,67.6,8,2.8,104.0,4.213,-4.2,0,1,18014
2026-04-09T09:17:01,4.034796,-92.644310,2.3,12.21,77.6,8,2.8,104.0,4.211,-4.2,0,1,18015
2026-04-09T09:17:29,4.035246,-92.642715,8.2,12.17,73.8,9,1.5,103.8,4.213,-4.2,0,1,18016
2026-04-09T09:17:58,4.035763,-92.641113,1.1,13.27,73.4,8,2.8,103.7,4.213,-4.2,0,1,18017
2026-04-09T09:18:27,4.036275,-92.639450,-4.3,12.07,73.4,9,1.2,103.7,4.213,-4.2,0,1,18018
2026-04-09T09:18:56,4.036663,-92.637772,3.5,12.23,79.0,9,1.2,103.7,4.213,-4.2,0,1,18019
2026-04-09T09:19:24,4.037195,-92.636169,0.3,11.28,76.4,8,1.2,103.8,4.213,-4.2,0,1,18020
2026-04-09T09:19:53,4.037702,-92.634521,-4.0,12.70,74.3,7,3.0,103.8,4.214,-4.2,0,1,18021
2026-04-09T09:20:22,4.038113,-92.632950,-3.7,13.06,78.1,8,1.2,103.8,4.211,-4.2,0,1,18022
2026-04-09T09:20:51,4.038580,-92.631271,-3.2,13.11,76.3,8,1.2,103.8,4.214,-4.2,0,1,18023
2026-04-09T09:21:19,4.039028,-92.629700,-4.8,13.13,73.7,8,1.2,103.7,4.213,-4.2,0,1,18024
2026-04-09T09:21:48,4.039508,-92.628075,-7.6,11.98,73.3,7,3.0,103.8,4.213,-4.2,0,1,18025
2026-04-09T09:22:17,4.039940,-92.626442,-3.5,12.39,75.3,8,1.2,103.8,4.211,-4.2,0,1,18026
2026-04-09T09:22:46,4.040290,-92.624802,-1.4,12.95,79.3,7,3.0,103.8,4.213,-4.2,0,1,18027
2026-04-09T09:23:14,4.040785,-92.623207,-0.1,12.80,72.8,7,3.0,104.0,4.213,-4.2,0,1,18028
2026-04-09T09:23:43,4.041272,-92.621597,-2.5,12.46,73.0,7,3.0,103.8,4.211,-4.2,0,1,18029
2026-04-09T09:24:12,4.041723,-92.620003,-3.7,12.30,74.8,8,1.2,103.7,4.213,-4.2,0,1,18030
2026-04-09T09:24:41,4.042188,-92.618355,9.6,11.75,74.3,8,1.2,104.1,4.213,-4.4,0,1,18031
2026-04-09T09:25:09,4.042663,-92.616806,4.7,12.35,73.1,9,1.1,104.0,4.213,-4.2,0,1,18032
2026-04-09T09:25:38,4.043213,-92.615181,-3.3,12.99,69.4,7,3.0,103.7,4.213,-4.2,0,1,18033
2026-04-09T09:26:07,4.043683,-92.613579,-6.1,12.45,79.2,8,1.2,103.7,4.213,-4.2,0,1,18034
2026-04-09T09:26:36,4.044142,-92.611946,-6.1,12.55,70.0,7,3.0,103.8,4.210,-4.2,0,1,18035
2026-04-09T09:27:04,4.044650,-92.610382,-8.2,12.95,72.1,7,3.0,103.7,4.211,-4.2,0,1,18036
2026-04-09T09:27:33,4.045006,-92.608742,-5.7,11.94,79.8,8,1.2,103.8,4.213,-4.2,0,1,18037
2026-04-09T09:28:02,4.045615,-92.607086,-8.0,12.93,72.8,8,1.2,103.8,4.211,-4.2,0,1,18038
2026-04-09T09:28:31,4.046011,-92.605453,-4.2,12.57,75.8,7,3.0,103.8,4.211,-4.2,0,1,18039
2026-04-09T09:28:59,4.046442,-92.603874,-9.3,13.25,72.3,8,1.2,103.7,4.213,2760.2,0,1,18040
2026-04-09T09:29:28,4.046978,-92.602219,-16.7,12.86,72.3,8,1.5,103.8,4.211,-4.2,0,1,18041
2026-04-09T09:29:57,4.047420,-92.600586,-17.1,12.67,70.3,7,2.9,103.8,4.214,-4.2,0,1,18042
2026-04-09T09:30:26,4.047828,-92.598930,-24.0,12.69,73.2,8,1.2,103.8,4.211,-4.2,0,1,18043
2026-04-09T09:30:54,4.048310,-92.597328,-25.5,12.40,72.2,9,1.1,103.8,4.211,-4.2,0,1,18044
2026-04-09T09:31:23,4.048727,-92.595772,-31.6,12.41,74.7,8,1.2,103.7,4.213,-4.2,0,1,18045
2026-04-09T09:31:52,4.049233,-92.594116,-22.3,12.05,77.3,7,2.9,103.8,4.213,-4.2,0,1,18046
2026-04-09T09:32:21,4.049726,-92.592491,-21.0,12.70,77.3,8,1.1,103.7,4.213,-4.2,0,1,18047
2026-04-09T09:32:49,4.050285,-92.590897,-20.1,12.99,72.2,9,1.1,103.8,4.211,-4.2,0,1,18048
2026-04-09T09:33:18,4.050757,-92.589249,-17.6,12.84,71.4,9,1.1,103.8,4.214,2764.3,0,1,18049
2026-04-09T09:33:47,4.051223,-92.587616,-19.2,12.94,68.7,9,1.1,103.7,4.213,-4.2,0,1,18050
2026-04-09T09:34:16,4.051683,-92.585999,-19.2,12.08,75.3,7,2.8,103.8,4.213,-4.2,0,1,18051
2026-04-09T09:34:44,4.052030,-92.584427,-17.5,12.52,73.8,7,2.8,103.8,4.211,-4.2,0,1,18052
2026-04-09T09:35:13,4.052582,-92.582748,-14.0,12.68,74.8,7,2.8,103.8,4.213,-4.2,0,1,18053
2026-04-09T09:35:42,4.053055,-92.581177,-10.0,12.84,75.3,8,1.4,103.7,4.214,-4.2,0,1,18054
2026-04-09T09:36:11,4.053492,-92.579529,-9.3,12.30,75.3,7,2.8,103.8,4.211,-4.2,0,1,18055
2026-04-09T09:36:39,4.053998,-92.577942,-9.2,12.25,74.9,8,1.4,104.0,4.211,-4.2,0,1,18056
2026-04-09T09:37:08,4.054417,-92.576324,-7.5,12.53,74.2,7,2.8,104.0,4.211,-4.2,0,1,18057
2026-04-09T09:37:37,4.054855,-92.574699,-6.6,12.42,76.4,7,2.7,103.8,4.213,-4.2,0,1,18058
2026-04-09T09:38:06,4.055357,-92.573029,-5.2,13.08,72.1,7,2.7,104.0,4.211,-4.2,0,1,18059
2026-04-09T09:38:34,4.055793,-92.571472,-7.8,12.53,76.2,7,2.7,103.7,4.211,-4.2,0,1,18060
2026-04-09T09:39:03,4.056252,-92.569809,-8.8,13.40,73.4,7,2.7,103.8,4.213,-4.2,0,1,18061
2026-04-09T09:39:32,4.056668,-92.568153,-3.5,12.67,74.4,7,2.7,103.8,4.213,-4.2,0,1,18062
2026-04-09T09:40:01,4.057173,-92.566528,-3.0,12.37,72.9,7,2.7,103.8,4.211,-4.2,0,1,18063
2026-04-09T09:40:29,4.057695,-92.564926,4.6,13.53,70.8,7,2.7,103.8,4.211,-4.2,0,1,18064
2026-04-09T09:40:58,4.058182,-92.563293,4.5,12.02,69.5,7,2.7,103.8,4.211,-4.2,0,1,18065
2026-04-09T09:41:27,4.058720,-92.561623,-0.8,12.99,71.7,7,2.6,103.8,4.213,-4.2,0,1,18066
2026-04-09T09:41:56,4.059190,-92.559982,2.4,13.12,74.3,7,2.6,103.8,4.211,-4.2,0,1,18067
2026-04-09T09:42:24,4.059671,-92.558372,2.7,12.95,74.1,8,1.4,103.8,4.211,-4.2,0,1,18068
2026-04-09T09:42:53,4.060135,-92.556709,7.3,13.14,76.5,7,2.6,104.0,4.211,-4.2,0,1,18069
2026-04-09T09:43:22,4.060557,-92.555046,9.0,12.83,75.9,7,2.6,103.8,4.213,2764.3,0,1,18070
2026-04-09T09:43:51,4.061022,-92.553360,9.3,12.05,77.9,7,2.6,104.0,4.213,-4.2,0,1,18071
2026-04-09T09:44:19,4.061633,-92.551773,12.0,12.64,73.1,7,2.5,103.7,4.211,-4.2,0,1,18072
2026-04-09T09:44:48,4.062140,-92.550026,14.4,13.98,75.2,7,2.5,103.8,4.211,-4.2,0,1,18073
2026-04-09T09:45:17,4.062491,-92.548424,19.4,12.06,78.2,6,2.5,103.8,4.213,-4.2,0,1,18074
2026-04-09T09:45:46,4.062879,-92.546761,20.8,12.71,76.0,6,2.5,103.8,4.213,-4.2,0,1,18075
2026-04-09T09:46:14,4.063353,-92.545097,21.0,14.30,76.1,6,2.5,104.0,4.213,-4.2,0,1,18076
2026-04-09T09:46:43,4.063887,-92.543442,21.6,12.69,74.8,6,2.5,103.8,4.213,-4.2,0,1,18077
2026-04-09T09:47:12,4.064355,-92.541779,21.3,12.46,70.7,6,2.5,103.8,4.213,-4.2,0,1,18078
2026-04-09T09:47:41,4.064833,-92.540092,20.4,13.33,72.0,5,2.8,103.8,4.213,-4.2,0,1,18079
2026-04-09T09:48:09,4.065309,-92.538452,19.9,13.46,75.9,6,2.5,103.5,4.213,-4.4,0,1,18080
2026-04-09T09:48:38,4.065807,-92.536789,20.4,10.95,76.2,6,2.5,103.8,4.211,-4.2,0,1,18081
2026-04-09T09:49:07,4.066275,-92.535088,19.6,13.68,73.3,6,2.4,104.1,4.214,-4.4,0,1,18082
2026-04-09T09:49:36,4.066755,-92.533401,19.8,12.99,72.7,6,2.4,103.7,4.213,-4.2,0,1,18083
2026-04-09T09:50:04,4.067163,-92.531792,18.6,12.04,75.6,6,2.4,103.7,4.213,-4.2,0,1,18084
2026-04-09T09:50:33,4.067645,-92.530113,17.5,12.17,75.8,6,2.4,103.8,4.211,-4.2,0,1,18085
2026-04-09T09:51:02,4.068131,-92.528419,20.3,13.01,74.7,6,2.4,103.5,4.211,-4.4,0,1,18086
2026-04-09T09:51:31,4.068628,-92.526749,22.0,12.92,74.3,5,3.8,103.5,4.210,-4.4,0,1,18087
2026-04-09T09:51:59,4.069031,-92.525116,22.2,12.65,76.0,6,2.4,103.7,4.213,-4.2,0,1,18088
2026-04-09T09:52:28,4.069505,-92.523422,22.2,13.20,71.8,6,2.4,104.0,4.213,-4.2,0,1,18089
2026-04-09T09:52:57,4.069991,-92.521751,18.8,13.03,75.5,5,3.7,103.7,4.214,-4.2,0,1,18090
2026-04-09T09:53:26,4.070375,-92.520027,6.4,12.73,76.8,7,2.3,103.8,4.211,-4.2,0,1,18091
2026-04-09T09:53:54,4.070885,-92.518433,5.6,12.46,76.4,7,2.3,103.7,4.213,-4.2,0,1,18092
2026-04-09T09:54:23,4.071445,-92.516693,9.0,12.70,72.5,6,3.5,104.1,4.213,-4.4,0,1,18093
2026-04-09T09:54:52,4.071911,-92.515030,10.0,13.41,73.3,7,2.2,103.8,4.213,-4.2,0,1,18094
2026-04-09T09:55:21,4.072350,-92.513351,11.3,13.35,76.9,7,2.2,103.7,4.213,-4.2,0,1,18095
2026-04-09T09:55:49,4.072815,-92.511696,12.4,12.97,73.4,7,2.2,103.7,4.211,-4.2,0,1,18096
2026-04-09T09:56:18,4.073193,-92.509865,6.4,12.72,70.9,7,2.2,103.8,4.211,-4.2,0,1,18097
2026-04-09T09:56:47,4.073822,-92.508293,17.7,13.72,72.0,6,3.3,103.8,4.211,-4.2,0,1,18098
2026-04-09T09:57:16,4.074313,-92.506607,16.7,13.09,73.6,6,3.3,103.7,4.211,-4.2,0,1,18099
2026-04-09T09:57:44,4.074735,-92.504974,12.3,11.30,76.6,6,3.3,104.0,4.213,-4.2,0,1,18100
2026-04-09T09:58:13,4.075233,-92.503319,13.3,12.47,71.7,6,3.3,104.0,4.213,-4.2,0,1,18101
2026-04-09T09:58:42,4.075688,-92.501526,7.8,13.36,75.1,6,3.2,103.7,4.211,-4.2,0,1,18102
2026-04-09T09:59:11,4.076258,-92.499863,9.5,13.39,76.9,7,2.1,103.8,4.213,-4.2,0,1,18103
2026-04-09T09:59:39,4.076688,-92.498230,5.7,12.61,78.2,6,3.2,103.7,4.211,-4.2,0,1,18104
2026-04-09T10:00:08,4.077263,-92.496498,15.9,12.14,72.5,6,3.2,103.7,4.213,-4.2,0,1,18105
2026-04-09T10:00:37,4.077733,-92.494835,14.3,12.39,76.2,6,3.1,103.8,4.213,-4.2,0,1,18106
2026-04-09T10:01:06,4.078148,-92.493118,12.2,12.18,74.1,6,3.1,103.8,4.211,-4.2,0,1,18107
2026-04-09T10:01:34,4.078625,-92.491478,14.1,12.11,77.2,6,3.1,103.7,4.213,-4.2,0,1,18108
2026-04-09T10:02:03,4.079116,-92.489746,17.6,13.05,74.5,6,3.1,103.7,4.213,-4.2,0,1,18109
2026-04-09T10:02:32,4.079388,-92.488029,4.8,12.71,78.8,7,2.0,103.7,4.213,-4.2,0,1,18110
2026-04-09T10:03:01,4.079613,-92.486259,-11.1,12.54,82.5,6,3.0,103.8,4.213,-4.2,0,1,18111
2026-04-09T10:03:29,4.079982,-92.484627,-19.0,12.48,77.6,6,3.0,103.8,4.213,-4.2,0,1,18112
2026-04-09T10:03:58,4.080483,-92.482903,-21.5,13.44,77.0,6,3.0,103.7,4.213,-4.2,0,1,18113
2026-04-09T10:04:27,4.081113,-92.481133,-8.9,12.80,73.8,7,2.9,103.7,4.211,-4.2,0,1,18114
2026-04-09T10:04:56,4.081717,-92.479408,-0.1,13.38,75.1,7,2.8,103.8,4.213,-4.2,0,1,18115
2026-04-09T10:05:24,4.082270,-92.477798,-1.1,12.77,77.5,7,2.8,103.7,4.211,-4.2,0,1,18116
2026-04-09T10:05:53,4.082856,-92.476135,0.9,12.73,74.2,7,2.8,103.8,4.211,-4.2,0,1,18117
2026-04-09T10:06:22,4.083343,-92.474434,9.1,12.62,73.7,7,2.8,103.7,4.213,-4.2,0,1,18118
2026-04-09T10:06:51,4.083827,-92.472725,15.3,12.93,73.2,7,2.8,103.7,4.213,-4.2,0,1,18119
2026-04-09T10:07:19,4.084265,-92.471100,3.4,11.91,73.6,7,2.8,103.7,4.211,-4.2,0,1,18120
2026-04-09T10:07:48,4.084675,-92.469322,3.6,12.67,73.8,6,2.8,103.8,4.213,-4.2,0,1,18121
2026-04-09T10:08:17,4.085178,-92.467659,-4.2,13.02,77.9,7,2.7,104.1,4.211,-4.4,0,1,18122
2026-04-09T10:08:46,4.085508,-92.465919,-21.2,12.78,78.2,7,2.7,103.7,4.211,-4.2,0,1,18123
2026-04-09T10:09:14,4.085937,-92.464287,-22.1,12.91,75.7,7,2.7,103.7,4.211,-4.2,0,1,18124
2026-04-09T10:09:43,4.086486,-92.462730,-27.0,12.59,77.0,9,2.2,103.7,4.213,-4.2,0,1,18125
2026-04-09T10:10:12,4.087173,-92.460991,-10.1,13.49,73.1,9,2.2,103.8,4.211,-4.2,0,1,18126
2026-04-09T10:10:41,4.087391,-92.459312,-33.1,12.56,81.7,9,2.2,103.7,4.211,-4.2,0,1,18127
2026-04-09T10:11:09,4.088185,-92.457664,-14.3,13.03,75.6,9,2.2,104.0,4.211,-4.2,0,1,18128
2026-04-09T10:11:38,4.088613,-92.455933,-10.0,13.36,78.8,9,2.2,103.7,4.211,-4.2,0,1,18129
2026-04-09T10:12:07,4.089242,-92.454247,0.2,12.92,72.7,9,2.2,103.8,4.213,-4.2,0,1,18130
2026-04-09T10:12:36,4.089576,-92.452446,-6.1,12.23,79.0,9,2.2,103.8,4.213,-4.2,0,1,18131
2026-04-09T10:13:04,4.090085,-92.450821,-4.1,13.24,76.9,9,2.2,103.7,4.213,-4.2,0,1,18132
2026-04-09T10:13:33,4.090772,-92.449081,1.3,13.32,69.8,9,2.2,103.8,4.211,-4.2,0,1,18133
2026-04-09T10:14:02,4.091073,-92.447334,-7.5,13.01,79.9,9,2.2,103.8,4.213,-4.2,0,1,18134
2026-04-09T10:14:31,4.091611,-92.445595,-5.5,12.69,76.6,9,2.2,103.5,4.213,-4.4,0,1,18135
2026-04-09T10:14:59,4.092080,-92.443924,-2.6,13.32,76.3,9,2.2,103.8,4.213,-4.2,0,1,18136
2026-04-09T10:15:28,4.092592,-92.442192,-7.3,12.87,75.8,9,2.2,103.8,4.210,-4.2,0,1,18137
2026-04-09T10:15:57,4.093001,-92.440483,-19.2,12.27,75.2,9,2.2,103.7,4.214,-4.2,0,1,18138
2026-04-09T10:16:26,4.093258,-92.438644,-31.7,12.99,77.9,9,2.2,103.8,4.211,-4.2,0,1,18139
2026-04-09T10:16:54,4.094010,-92.436928,-12.1,13.38,73.3,10,1.4,104.1,4.213,-4.4,0,1,18140
2026-04-09T10:17:23,4.094785,-92.435204,8.5,13.81,73.4,10,1.4,103.8,4.213,-4.2,0,1,18141
2026-04-09T10:17:52,4.095413,-92.433472,19.4,13.77,71.6,10,1.4,103.7,4.211,-4.2,0,1,18142
2026-04-09T10:18:21,4.095925,-92.431709,24.3,13.81,75.2,10,1.4,103.8,4.211,-4.2,0,1,18143
2026-04-09T10:18:49,4.096477,-92.429993,17.8,13.65,73.4,10,1.4,103.8,4.211,-4.2,0,1,18144
2026-04-09T10:19:18,4.096946,-92.428230,16.5,14.10,73.6,10,1.4,103.7,4.214,-4.2,0,1,18145
2026-04-09T10:19:47,4.097503,-92.426476,18.0,13.03,72.7,10,1.4,104.0,4.211,-4.2,0,1,18146
2026-04-09T10:20:16,4.097973,-92.424683,11.6,13.29,73.2,10,1.4,103.7,4.211,-4.2,0,1,18147
2026-04-09T10:20:44,4.098465,-92.422935,4.2,14.11,72.1,10,1.4,103.8,4.213,-4.2,0,1,18148
2026-04-09T10:21:13,4.098970,-92.421143,8.1,13.45,72.9,10,1.4,103.5,4.213,-4.4,0,1,18149
2026-04-09T10:21:42,4.099508,-92.419395,3.2,13.69,73.4,10,1.4,103.7,4.213,-4.2,0,1,18150
2026-04-09T10:22:11,4.100035,-92.417633,1.1,13.86,73.0,10,1.4,103.8,4.213,-4.2,0,1,18151
2026-04-09T10:22:39,4.100583,-92.415947,3.0,14.22,70.8,10,1.4,103.8,4.211,-4.2,0,1,18152
2026-04-09T10:23:08,4.101151,-92.414154,1.7,14.33,70.9,10,1.4,103.7,4.213,-4.2,0,1,18153
2026-04-09T10:23:37,4.101700,-92.412399,0.0,13.42,72.2,10,1.4,103.7,4.213,-4.2,0,1,18154
2026-04-09T10:24:06,4.102220,-92.410622,11.3,13.74,72.9,10,1.4,103.7,4.211,-4.2,0,1,18155
2026-04-09T10:24:34,4.102747,-92.408913,16.8,13.31,70.2,10,1.4,103.8,4.211,-4.2,0,1,18156
2026-04-09T10:25:03,4.103260,-92.407104,16.2,13.71,71.9,10,1.4,103.8,4.213,-4.2,0,1,18157
2026-04-09T10:25:32,4.103757,-92.405304,17.8,13.97,73.7,10,1.4,103.8,4.211,-4.2,0,1,18158
2026-04-09T10:26:01,4.104293,-92.403526,23.9,13.72,70.1,10,1.4,104.0,4.211,-4.2,0,1,18159
2026-04-09T10:26:29,4.104793,-92.401802,24.5,13.98,71.2,10,1.4,103.8,4.213,-4.2,0,1,18160
2026-04-09T10:26:58,4.105359,-92.399971,19.0,13.76,73.9,10,1.4,103.7,4.214,-4.2,0,1,18161
2026-04-09T10:27:27,4.105897,-92.398216,15.6,13.71,70.7,10,1.4,103.8,4.213,-4.2,0,1,18162
2026-04-09T10:27:56,4.106419,-92.396500,16.3,13.96,73.9,10,1.4,103.5,4.211,-4.4,0,1,18163
2026-04-09T10:28:24,4.106932,-92.394814,21.0,13.65,70.1,10,1.4,103.7,4.213,-4.2,0,1,18164
2026-04-09T10:28:53,4.107383,-92.393059,21.7,13.54,73.4,10,1.4,103.8,4.211,-4.2,0,1,18165
2026-04-09T10:29:22,4.107905,-92.391289,17.9,13.54,73.2,10,1.4,103.7,4.211,-4.2,0,1,18166
2026-04-09T10:29:51,4.108380,-92.389473,11.2,13.90,76.1,10,1.4,103.7,4.213,-4.2,0,1,18167
2026-04-09T10:30:19,4.108955,-92.387810,14.2,14.01,74.1,10,1.4,103.7,4.213,-4.2,0,1,18168
2026-04-09T10:30:48,4.109437,-92.386040,7.9,13.81,77.7,10,1.4,103.7,4.211,-4.2,0,1,18169
2026-04-09T10:31:17,4.109997,-92.384300,5.7,14.03,74.7,10,1.4,104.0,4.211,-4.2,0,1,18170
2026-04-09T10:31:46,4.110508,-92.382538,7.4,13.65,72.9,10,1.4,103.5,4.213,-4.4,0,1,18171
2026-04-09T10:32:14,4.111025,-92.380829,7.9,13.69,74.0,10,1.4,103.7,4.213,-4.2,0,1,18172
2026-04-09T10:32:43,4.111575,-92.379082,10.8,13.92,74.8,9,1.5,103.8,4.213,-4.2,0,1,18173
2026-04-09T10:33:12,4.112125,-92.377319,10.8,13.57,74.9,10,1.4,104.0,4.211,-4.2,0,1,18174
2026-04-09T10:33:41,4.112623,-92.375549,5.7,13.36,74.3,10,1.4,103.8,4.210,-4.2,0,1,18175
2026-04-09T10:34:09,4.113147,-92.373840,9.3,13.80,74.5,10,1.4,103.7,4.213,-4.2,0,1,18176
2026-04-09T10:34:38,4.113670,-92.372070,11.4,11.30,67.2,9,1.5,103.7,4.213,-4.2,0,1,18177
2026-04-09T10:35:07,4.114202,-92.370270,11.2,13.46,74.3,9,1.5,104.0,4.213,-4.2,0,1,18178
2026-04-09T10:35:36,4.114787,-92.368507,16.8,13.27,72.8,9,1.5,103.8,4.211,-4.2,0,1,18179
2026-04-09T10:36:04,4.115333,-92.366814,18.0,13.55,74.0,9,1.5,103.7,4.211,-4.2,0,1,18180
2026-04-09T10:36:33,4.115883,-92.365051,21.8,14.07,71.8,9,1.5,103.8,4.213,-4.2,0,1,18181
2026-04-09T10:37:02,4.116445,-92.363304,13.8,13.67,74.5,9,1.5,103.5,4.213,-4.4,0,1,18182
2026-04-09T10:37:31,4.116995,-92.361534,18.5,13.33,71.7,9,1.5,103.8,4.213,-4.2,0,1,18183
2026-04-09T10:37:59,4.117508,-92.359825,14.3,13.71,74.8,9,1.5,103.7,4.211,-4.2,0,1,18184
2026-04-09T10:38:28,4.118045,-92.358070,13.5,13.95,75.3,9,1.5,103.8,4.211,-4.2,0,1,18185
2026-04-09T10:38:57,4.118613,-92.356308,16.3,13.92,72.4,9,1.5,103.7,4.211,-4.2,0,1,18186
2026-04-09T10:39:26,4.119120,-92.354523,14.8,13.92,71.8,9,1.5,104.0,4.211,-4.2,0,1,18187
2026-04-09T10:39:54,4.119625,-92.352791,18.4,13.39,72.5,9,1.5,103.8,4.211,-4.2,0,1,18188
2026-04-09T10:40:23,4.120185,-92.351067,15.6,13.30,70.8,9,1.5,103.8,4.213,-4.2,0,1,18189
2026-04-09T10:40:52,4.120697,-92.349304,16.3,13.29,72.1,9,1.5,103.7,4.211,-4.2,0,1,18190
2026-04-09T10:41:21,4.121215,-92.347511,19.5,13.28,74.5,9,1.5,103.7,4.211,-4.2,0,1,18191
2026-04-09T10:41:49,4.121809,-92.345856,24.6,14.12,70.2,9,1.5,103.7,4.213,-4.2,0,1,18192
2026-04-09T10:42:18,4.122413,-92.344131,21.5,13.91,72.7,9,1.5,103.8,4.211,-4.2,0,1,18193
2026-04-09T10:42:47,4.122906,-92.342369,20.9,13.63,73.5,9,1.5,103.7,4.211,-4.2,0,1,18194
2026-04-09T10:43:16,4.123478,-92.340622,20.1,13.19,74.4,9,1.5,103.7,4.214,-4.2,0,1,18195
2026-04-09T10:43:44,4.123903,-92.338898,6.8,13.66,73.1,9,1.5,103.8,4.211,-4.2,0,1,18196
2026-04-09T10:44:13,4.124346,-92.337120,2.3,13.88,76.5,7,1.6,103.7,4.211,-4.2,0,1,18197
2026-04-09T10:44:42,4.124891,-92.335320,-4.1,13.51,71.7,9,1.5,103.5,4.211,-4.4,0,1,18198
2026-04-09T10:45:11,4.125465,-92.333588,1.2,13.61,72.5,9,1.5,103.7,4.211,-4.2,0,1,18199
2026-04-09T10:45:39,4.126056,-92.331924,2.6,13.67,73.8,9,1.5,103.7,4.211,-4.2,0,1,18200
2026-04-09T10:46:08,4.126699,-92.330238,12.1,13.43,70.9,9,1.5,103.5,4.210,-4.4,0,1,18201
2026-04-09T10:46:37,4.127293,-92.328522,15.8,13.22,74.1,8,1.5,103.7,4.211,-4.2,0,1,18202
2026-04-09T10:47:06,4.127800,-92.326736,20.4,14.11,72.8,9,1.4,103.8,4.210,-4.2,0,1,18203
2026-04-09T10:47:34,4.128226,-92.324997,20.6,14.17,72.1,9,1.4,103.8,4.213,-4.2,0,1,18204
2026-04-09T10:48:03,4.128759,-92.323235,17.2,13.01,73.9,9,1.4,103.7,4.211,-4.2,0,1,18205
2026-04-09T10:48:32,4.129325,-92.321487,22.0,14.08,73.2,9,1.4,103.8,4.211,-4.2,0,1,18206
2026-04-09T10:49:01,4.129813,-92.319710,23.3,14.01,73.8,9,1.4,103.7,4.213,-4.2,0,1,18207
2026-04-09T10:49:29,4.130326,-92.317978,21.6,13.72,73.5,9,1.4,103.7,4.211,-4.2,0,1,18208
2026-04-09T10:49:58,4.130903,-92.316208,20.3,13.85,74.3,9,1.4,103.8,4.213,-4.2,0,1,18209
2026-04-09T10:50:27,4.131380,-92.314415,22.1,14.05,74.7,9,1.4,103.7,4.211,-4.2,0,1,18210
2026-04-09T10:50:56,4.131969,-92.312653,33.8,13.28,72.2,8,1.5,103.8,4.211,-4.2,0,1,18211
2026-04-09T10:51:24,4.132515,-92.310898,33.7,13.71,71.5,9,1.4,103.8,4.213,-4.2,0,1,18212
2026-04-09T10:51:53,4.133066,-92.309120,37.9,13.41,75.0,9,1.4,103.7,4.211,-4.2,0,1,18213
2026-04-09T10:52:22,4.133682,-92.307350,44.1,13.63,71.4,8,1.5,104.0,4.211,-4.2,0,1,18214
2026-04-09T10:52:51,4.134196,-92.305588,42.6,13.64,72.0,9,1.4,103.8,4.213,-4.2,0,1,18215
2026-04-09T10:53:19,4.134672,-92.303879,40.6,13.89,71.6,9,1.4,103.7,4.210,-4.2,0,1,18216
2026-04-09T10:53:48,4.135190,-92.302055,30.5,14.05,71.3,8,1.5,103.8,4.211,-4.2,0,1,18217
2026-04-09T10:54:17,4.135635,-92.300270,24.1,13.56,74.9,9,1.4,103.8,4.211,-4.2,0,1,18218
2026-04-09T10:54:46,4.136143,-92.298500,22.1,13.66,74.3,8,1.5,103.7,4.213,-4.2,0,1,18219
2026-04-09T10:55:14,4.136628,-92.296791,19.9,14.01,73.5,8,1.5,103.7,4.211,-4.2,0,1,18220
2026-04-09T10:55:43,4.137152,-92.295128,12.9,13.20,74.8,9,1.4,103.5,4.213,-4.4,0,1,18221
2026-04-09T10:56:12,4.137800,-92.293411,7.5,13.17,70.1,9,1.4,103.7,4.211,-4.2,0,1,18222
2026-04-09T10:56:41,4.138348,-92.291672,4.5,13.54,69.8,9,1.4,103.8,4.213,-4.2,0,1,18223
2026-04-09T10:57:09,4.138950,-92.290047,-2.2,13.54,69.4,9,1.4,103.8,4.213,-4.2,0,1,18224
2026-04-09T10:57:38,4.139582,-92.288338,-0.2,13.39,72.4,10,1.2,103.8,4.213,-4.2,0,1,18225
2026-04-09T10:58:07,4.140192,-92.286621,-12.3,13.55,73.1,10,1.2,103.8,4.213,-4.2,0,1,18226
2026-04-09T10:58:36,4.140675,-92.284821,-18.0,13.70,73.4,9,1.3,103.8,4.211,-4.2,0,1,18227
2026-04-09T10:59:04,4.141256,-92.283157,-13.1,13.79,70.7,10,1.2,104.0,4.211,-4.2,0,1,18228
2026-04-09T10:59:33,4.141880,-92.281479,-11.5,13.31,73.3,10,1.2,103.7,4.213,-4.2,0,1,18229
2026-04-09T11:00:02,4.142485,-92.279785,-17.6,13.64,70.3,10,1.2,103.7,4.210,-4.2,0,1,18230
2026-04-09T11:00:31,4.143066,-92.278099,-21.5,13.44,71.9,10,1.2,103.8,4.211,-4.2,0,1,18231
2026-04-09T11:00:59,4.143601,-92.276390,-25.6,13.37,73.5,10,1.2,103.8,4.211,-4.2,0,1,18232
2026-04-09T11:01:28,4.144195,-92.274727,-23.8,12.95,73.0,10,1.2,103.8,4.211,-4.2,0,1,18233
2026-04-09T11:01:57,4.144833,-92.273048,-25.4,13.10,70.3,9,1.3,103.7,4.211,-4.2,0,1,18234
2026-04-09T11:02:26,4.145483,-92.271408,-18.8,13.31,70.1,10,1.2,103.7,4.211,-4.2,0,1,18235
2026-04-09T11:02:54,4.146061,-92.269783,-22.5,13.27,70.1,10,1.2,103.7,4.213,-4.2,0,1,18236
2026-04-09T11:03:23,4.146648,-92.268089,-15.8,13.28,70.3,10,1.2,103.8,4.211,-4.2,0,1,18237
2026-04-09T11:03:52,4.147212,-92.266418,-18.2,13.08,70.6,10,1.2,103.7,4.211,-4.2,0,1,18238
2026-04-09T11:04:21,4.147793,-92.264702,-18.0,13.44,70.5,10,1.2,103.8,4.213,-4.2,0,1,18239
2026-04-09T11:04:49,4.148345,-92.263069,-20.2,13.71,69.5,10,1.2,104.0,4.213,-4.2,0,1,18240
2026-04-09T11:05:18,4.148932,-92.261375,-27.2,13.33,69.2,10,1.2,103.7,4.213,-4.2,0,1,18241
2026-04-09T11:05:47,4.149507,-92.259697,-27.9,13.55,70.4,10,1.2,103.5,4.213,-4.4,0,1,18242
2026-04-09T11:06:16,4.150147,-92.258011,-19.9,13.47,71.7,10,1.2,103.7,4.211,-4.2,0,1,18243
2026-04-09T11:06:44,4.150707,-92.256355,-16.2,13.52,70.8,10,1.2,103.8,4.213,-4.2,0,1,18244
2026-04-09T11:07:13,4.151303,-92.254677,-24.4,13.84,75.8,10,1.2,103.7,4.213,-4.2,0,1,18245
2026-04-09T11:07:42,4.151877,-92.252945,-22.3,13.27,71.6,9,1.4,103.7,4.211,-4.2,0,1,18246
2026-04-09T11:08:11,4.152498,-92.251259,-22.8,13.22,69.6,10,1.2,103.8,4.213,-4.2,0,1,18247
2026-04-09T11:08:39,4.153033,-92.249649,-29.3,13.27,71.5,10,1.2,103.8,4.211,-4.2,0,1,18248
2026-04-09T11:09:08,4.153672,-92.247971,-19.6,13.13,72.7,10,1.2,103.8,4.211,-4.2,0,1,18249
2026-04-09T11:09:37,4.154263,-92.246269,-22.7,13.80,69.5,10,1.2,103.7,4.213,-4.2,0,1,18250
2026-04-09T11:10:06,4.154918,-92.244553,-16.0,13.28,72.3,9,1.5,103.7,4.213,-4.2,0,1,18251
2026-04-09T11:10:34,4.155510,-92.242943,-17.2,12.85,73.1,10,1.2,103.8,4.211,-4.2,0,1,18252
2026-04-09T11:11:03,4.156087,-92.241249,-13.6,13.58,71.9,9,1.3,103.7,4.211,-4.2,0,1,18253
2026-04-09T11:11:32,4.156695,-92.239525,-9.8,14.07,68.5,9,1.3,103.5,4.211,-4.4,0,1,18254
2026-04-09T11:12:01,4.157310,-92.237846,-5.2,13.44,71.1,9,1.3,103.7,4.213,-4.2,0,1,18255
2026-04-09T11:12:29,4.157897,-92.236244,-8.0,13.14,69.0,10,1.2,103.8,4.211,-4.2,0,1,18256
2026-04-09T11:12:58,4.158505,-92.234550,-6.4,14.16,71.3,10,1.2,103.7,4.211,-4.2,0,1,18257
2026-04-09T11:13:27,4.159145,-92.232895,-3.9,12.91,68.7,8,1.8,103.5,4.213,-4.4,0,1,18258
2026-04-09T11:13:56,4.159753,-92.231201,-6.6,12.84,71.1,9,1.2,103.8,4.211,-4.2,0,1,18259
2026-04-09T11:14:24,4.160330,-92.229553,-3.6,13.63,69.0,9,1.2,103.8,4.213,-4.2,0,1,18260
2026-04-09T11:14:53,4.160938,-92.227882,0.7,13.46,74.4,8,1.8,103.5,4.213,-4.4,0,1,18261
2026-04-09T11:15:22,4.161533,-92.226173,4.6,12.63,71.4,9,1.2,104.1,4.213,-4.4,0,1,18262
2026-04-09T11:15:51,4.162165,-92.224495,1.4,13.59,67.8,9,1.2,103.7,4.211,-4.2,0,1,18263
2026-04-09T11:16:19,4.162788,-92.222870,8.8,13.23,71.3,8,1.8,103.8,4.211,-4.2,0,1,18264
2026-04-09T11:16:48,4.163368,-92.221214,8.9,13.04,71.5,9,1.2,103.7,4.213,-4.2,0,1,18265
2026-04-09T11:17:17,4.163959,-92.219513,8.9,13.49,70.7,8,1.8,103.5,4.213,-4.4,0,1,18266
2026-04-09T11:17:46,4.164483,-92.217804,6.8,13.04,71.0,8,1.8,104.0,4.211,-4.2,0,1,18267
2026-04-09T11:18:14,4.165049,-92.216164,9.5,13.51,67.6,9,1.2,103.5,4.211,-4.4,0,1,18268
2026-04-09T11:18:43,4.165605,-92.214455,12.7,13.18,71.2,8,1.8,103.7,4.211,-4.2,0,1,18269
2026-04-09T11:19:12,4.166233,-92.212776,12.2,12.92,69.2,9,1.7,103.8,4.210,-4.2,0,1,18270
2026-04-09T11:19:41,4.166856,-92.211090,12.0,13.28,68.9,9,1.7,104.0,4.210,-4.2,0,1,18271
2026-04-09T11:20:09,4.167455,-92.209450,11.4,13.38,70.7,11,1.1,103.8,4.213,2764.3,0,1,18272
2026-04-09T11:20:38,4.168018,-92.207710,10.9,13.45,72.4,10,1.2,104.1,4.211,-4.4,0,1,18273
2026-04-09T11:21:07,4.168643,-92.206093,11.3,13.12,67.8,9,1.7,103.8,4.211,-4.2,0,1,18274
2026-04-09T11:21:36,4.169293,-92.204353,10.1,13.59,66.3,10,1.2,103.7,4.213,-4.2,0,1,18275
2026-04-09T11:22:04,4.169903,-92.202751,12.0,12.98,66.2,9,1.7,103.8,4.211,-4.2,0,1,18276
2026-04-09T11:22:33,4.170528,-92.201103,7.7,12.90,68.6,10,1.2,104.0,4.213,-4.2,0,1,18277
2026-04-09T11:23:02,4.171265,-92.199394,12.1,14.25,64.6,10,1.2,103.7,4.211,-4.2,0,1,18278
2026-04-09T11:23:31,4.171888,-92.197731,8.3,12.92,65.8,10,1.2,103.5,4.213,-4.4,0,1,18279
2026-04-09T11:23:59,4.172448,-92.196106,13.3,12.93,71.9,10,1.2,103.7,4.211,-4.2,0,1,18280
2026-04-09T11:24:28,4.173120,-92.194412,18.8,13.29,67.8,10,1.3,103.7,4.211,-4.2,0,1,18281
2026-04-09T11:24:57,4.173810,-92.192726,19.1,13.41,68.0,9,1.7,103.8,4.213,-4.2,0,1,18282
2026-04-09T11:25:26,4.174409,-92.191017,14.8,13.27,70.0,9,1.7,103.7,4.213,-4.2,0,1,18283
2026-04-09T11:25:54,4.174933,-92.189354,18.5,13.11,71.9,9,1.7,104.0,4.211,-4.2,0,1,18284
2026-04-09T11:26:23,4.175550,-92.187691,10.8,12.92,71.3,9,1.7,103.5,4.214,-4.4,0,1,18285
2026-04-09T11:26:52,4.176260,-92.186005,16.3,13.48,72.0,9,1.7,103.5,4.213,-4.4,0,1,18286
2026-04-09T11:27:21,4.177000,-92.184372,20.8,13.65,72.8,10,1.2,103.7,4.213,-4.2,0,1,18287
2026-04-09T11:27:49,4.177547,-92.182693,16.0,13.37,69.2,10,1.2,103.7,4.213,-4.2,0,1,18288
2026-04-09T11:28:18,4.178066,-92.181030,11.4,13.34,73.5,9,1.7,103.8,4.211,-4.2,0,1,18289
2026-04-09T11:28:47,4.178671,-92.179329,16.1,13.59,70.5,9,1.7,103.8,4.211,-4.2,0,1,18290
2026-04-09T11:29:16,4.179347,-92.177666,12.7,13.29,69.8,9,1.7,103.5,4.211,-4.4,0,1,18291
2026-04-09T11:29:44,4.179898,-92.176010,15.3,13.19,69.3,10,1.1,103.7,4.210,-4.2,0,1,18292
2026-04-09T11:30:13,4.180520,-92.174362,15.0,13.25,73.7,9,1.7,103.7,4.211,-4.2,0,1,18293
2026-04-09T11:30:42,4.181103,-92.172661,13.7,12.96,67.1,10,1.6,103.8,4.213,-4.2,0,1,18294
2026-04-09T11:31:11,4.181767,-92.170967,20.0,12.77,68.7,10,1.6,103.7,4.211,-4.2,0,1,18295
2026-04-09T11:31:39,4.182238,-92.169327,14.1,13.68,69.0,11,1.4,103.7,4.210,-4.2,0,1,18296
2026-04-09T11:32:08,4.182775,-92.167625,9.7,13.46,70.0,12,1.0,103.7,4.210,-4.2,0,1,18297
2026-04-09T11:32:37,4.183385,-92.165955,-0.6,13.53,65.8,12,1.1,103.7,4.211,-4.2,0,1,18298
2026-04-09T11:33:06,4.183951,-92.164238,5.7,13.33,67.1,12,1.0,103.7,4.211,-4.2,0,1,18299
2026-04-09T11:33:34,4.184592,-92.162621,9.8,13.44,68.0,12,1.0,103.8,4.211,-4.2,0,1,18300
2026-04-09T11:34:03,4.185213,-92.160919,3.9,12.99,70.7,11,1.4,103.7,4.211,-4.2,0,1,18301
2026-04-09T11:34:32,4.185850,-92.159241,2.9,13.16,67.8,11,1.4,103.5,4.213,-4.4,0,1,18302
2026-04-09T11:35:01,4.186440,-92.157539,6.7,13.46,72.2,10,1.5,103.7,4.210,-4.2,0,1,18303
2026-04-09T11:35:29,4.187030,-92.155907,15.9,13.27,68.6,11,1.4,103.8,4.213,-4.2,0,1,18304
2026-04-09T11:35:58,4.187648,-92.154205,16.6,13.29,70.1,10,1.5,103.7,4.211,-4.2,0,1,18305
2026-04-09T11:36:27,4.188266,-92.152534,8.3,13.03,67.8,11,1.4,104.0,4.211,-4.2,0,1,18306
2026-04-09T11:36:56,4.188853,-92.150795,13.4,13.56,68.7,11,1.4,103.7,4.211,-4.2,0,1,18307
2026-04-09T11:37:24,4.189415,-92.149147,12.3,13.25,72.3,11,1.4,103.8,4.211,-4.2,0,1,18308
2026-04-09T11:37:53,4.190028,-92.147453,11.1,14.03,69.6,11,1.4,103.7,4.210,-4.2,0,1,18309
2026-04-09T11:38:22,4.190598,-92.145729,18.3,13.21,73.1,11,1.4,104.0,4.213,-4.2,0,1,18310
2026-04-09T11:38:51,4.191258,-92.144051,23.6,12.73,70.6,11,1.4,103.5,4.213,-4.4,0,1,18311
2026-04-09T11:39:19,4.191855,-92.142403,24.4,13.34,70.1,11,1.4,103.5,4.211,-4.4,0,1,18312
2026-04-09T11:39:48,4.192426,-92.140709,17.9,13.59,71.4,11,1.4,103.7,4.211,-4.2,0,1,18313
2026-04-09T11:40:17,4.193113,-92.139015,22.6,13.16,68.4,11,1.4,103.5,4.211,-4.4,0,1,18314
2026-04-09T11:40:46,4.193675,-92.137299,17.6,13.78,70.3,11,1.4,103.7,4.211,-4.2,0,1,18315
2026-04-09T11:41:14,4.194205,-92.135582,16.8,13.12,69.6,11,1.4,103.7,4.210,-4.2,0,1,18316
2026-04-09T11:41:43,4.194837,-92.133911,21.8,14.41,68.7,11,1.4,103.7,4.211,-4.2,0,1,18317
2026-04-09T11:42:12,4.195493,-92.132278,20.6,12.84,67.8,11,1.4,103.7,4.211,-4.2,0,1,18318
2026-04-09T11:42:41,4.196103,-92.130569,18.9,13.17,71.0,11,1.4,103.7,4.213,-4.2,0,1,18319
2026-04-09T11:43:09,4.196673,-92.128914,17.8,13.06,68.3,11,1.4,103.7,4.211,-4.2,0,1,18320
2026-04-09T11:43:38,4.197333,-92.127243,16.7,13.58,69.9,11,1.4,104.0,4.213,-4.2,0,1,18321
2026-04-09T11:44:07,4.197945,-92.125572,18.3,12.97,67.8,11,1.4,103.8,4.211,-4.2,0,1,18322
2026-04-09T11:44:36,4.198522,-92.123833,11.6,13.65,68.6,10,1.4,103.5,4.211,-4.4,0,1,18323
2026-04-09T11:45:04,4.199156,-92.122192,11.0,13.96,70.5,9,1.5,103.7,4.210,-4.2,0,1,18324
2026-04-09T11:45:33,4.199800,-92.120514,8.9,13.07,71.1,9,1.5,103.7,4.211,-4.2,0,1,18325
2026-04-09T11:46:02,4.200310,-92.118729,5.9,14.20,70.2,9,1.5,103.7,4.210,-4.2,0,1,18326
2026-04-09T11:46:31,4.200920,-92.117027,3.7,13.42,69.9,10,1.4,103.7,4.210,-4.2,0,1,18327
2026-04-09T11:46:59,4.201565,-92.115410,8.4,13.95,72.3,11,1.0,103.7,4.210,-4.2,0,1,18328
2026-04-09T11:47:28,4.202240,-92.113731,14.4,13.93,69.7,10,1.4,103.7,4.211,-4.2,0,1,18329
2026-04-09T11:47:57,4.202941,-92.112083,17.8,13.83,68.5,10,1.4,103.8,4.213,-4.2,0,1,18330
2026-04-09T11:48:26,4.203453,-92.110397,11.4,13.12,71.7,10,1.4,103.7,4.213,-4.2,0,1,18331
2026-04-09T11:48:54,4.204080,-92.108742,6.0,12.88,71.4,10,1.4,104.0,4.211,-4.2,0,1,18332
2026-04-09T11:49:23,4.204705,-92.107018,9.6,13.73,69.6,10,1.4,103.7,4.211,-4.2,0,1,18333
2026-04-09T11:49:52,4.205363,-92.105347,11.5,13.39,67.6,10,1.4,104.0,4.211,-4.2,0,1,18334
2026-04-09T11:50:21,4.205920,-92.103630,12.1,14.38,72.4,10,1.4,103.5,4.210,-4.4,0,1,18335
2026-04-09T11:50:49,4.206522,-92.101967,5.9,13.11,73.2,10,1.3,103.5,4.211,-4.4,0,1,18336
2026-04-09T11:51:18,4.207143,-92.100250,4.2,13.89,70.9,10,1.3,103.4,4.211,-4.2,0,1,18337
2026-04-09T11:51:47,4.207662,-92.098473,-0.6,13.18,73.8,10,1.3,103.7,4.211,-4.2,0,1,18338
2026-04-09T11:52:16,4.208245,-92.096802,-2.2,12.96,74.8,10,1.3,103.7,4.211,-4.2,0,1,18339
2026-04-09T11:52:44,4.208817,-92.095116,4.5,13.18,72.7,10,1.3,103.8,4.213,-4.2,0,1,18340
2026-04-09T11:53:13,4.209453,-92.093445,2.4,13.35,71.5,10,1.3,103.7,4.211,-4.2,0,1,18341
2026-04-09T11:53:42,4.209990,-92.091667,0.9,13.43,69.7,9,1.4,103.7,4.213,-4.2,0,1,18342
2026-04-09T11:54:11,4.210612,-92.089989,-4.4,13.94,72.4,10,1.3,103.7,4.213,-4.2,0,1,18343
2026-04-09T11:54:39,4.211102,-92.088234,-9.9,13.54,73.3,10,1.3,103.5,4.211,-4.4,0,1,18344
2026-04-09T11:55:08,4.211711,-92.086555,-8.1,12.98,69.5,10,1.3,103.8,4.213,-4.2,0,1,18345
2026-04-09T11:55:37,4.212277,-92.084854,-13.7,13.48,70.1,9,1.3,103.7,4.211,-4.2,0,1,18346
2026-04-09T11:56:06,4.212837,-92.083130,2.4,13.36,72.5,10,1.3,103.5,4.211,-4.4,0,1,18347
2026-04-09T11:56:34,4.213378,-92.081459,-0.6,13.37,67.6,10,1.3,103.8,4.210,-4.2,0,1,18348
2026-04-09T11:57:03,4.213855,-92.079704,-12.9,13.97,72.1,10,1.3,103.7,4.211,-4.2,0,1,18349
2026-04-09T11:57:32,4.214427,-92.077995,-9.5,13.66,74.9,10,1.3,103.7,4.213,-4.2,0,1,18350
2026-04-09T11:58:01,4.215002,-92.076302,-13.0,12.70,71.0,10,1.3,103.8,4.211,-4.2,0,1,18351
2026-04-09T11:58:29,4.215487,-92.074600,-1.4,13.39,69.4,10,1.3,103.8,4.211,-4.2,0,1,18352
2026-04-09T11:58:58,4.216047,-92.072906,2.3,13.02,72.4,10,1.3,103.4,4.211,-4.2,0,1,18353
2026-04-09T11:59:27,4.216573,-92.071136,1.5,13.67,71.8,10,1.3,103.7,4.210,-4.2,0,1,18354
2026-04-09T11:59:56,4.217143,-92.069405,1.5,13.45,71.6,10,1.3,103.7,4.213,-4.2,0,1,18355
2026-04-09T12:00:24,4.217755,-92.067780,-2.3,13.27,73.4,9,1.3,103.7,4.210,-4.2,0,1,18356
2026-04-09T12:00:53,4.218338,-92.066071,-10.8,13.21,72.4,10,1.3,103.7,4.213,-4.2,0,1,18357
2026-04-09T12:01:22,4.218843,-92.064301,-16.9,13.29,71.2,10,1.3,103.7,4.210,-4.2,0,1,18358
2026-04-09T12:01:51,4.219488,-92.062592,-4.0,12.80,73.2,10,1.3,103.8,4.211,-4.2,0,1,18359
2026-04-09T12:02:19,4.219953,-92.060905,-7.0,13.06,74.7,10,1.3,103.8,4.211,-4.2,0,1,18360
2026-04-09T12:02:48,4.220570,-92.059219,-8.9,14.29,71.8,10,1.2,104.0,4.211,-4.2,0,1,18361
2026-04-09T12:03:17,4.221187,-92.057541,-0.8,13.52,72.2,10,1.2,103.5,4.211,-4.4,0,1,18362
2026-04-09T12:03:46,4.221772,-92.055847,0.7,13.56,71.9,10,1.2,103.5,4.211,-4.4,0,1,18363
2026-04-09T12:04:14,4.222260,-92.054108,-5.4,13.87,76.2,10,1.2,103.7,4.210,-4.2,0,1,18364
2026-04-09T12:04:43,4.222869,-92.052391,-2.3,13.96,72.3,11,1.2,103.8,4.210,-4.2,0,1,18365
2026-04-09T12:05:12,4.223456,-92.050644,-1.5,13.12,73.3,11,1.2,103.5,4.211,-4.4,0,1,18366
2026-04-09T12:05:41,4.224005,-92.048904,4.7,12.88,69.4,10,1.2,103.8,4.211,-4.2,0,1,18367
2026-04-09T12:06:09,4.224575,-92.047241,8.0,13.51,69.1,11,1.2,103.7,4.210,-4.2,0,1,18368
2026-04-09T12:06:38,4.225105,-92.045502,-1.4,13.03,71.1,11,1.2,103.5,4.211,-4.4,0,1,18369
2026-04-09T12:07:07,4.225626,-92.043739,9.2,13.69,72.0,11,1.2,103.4,4.211,-4.2,0,1,18370
2026-04-09T12:07:36,4.226130,-92.042023,1.6,12.69,69.4,11,1.2,103.8,4.211,-4.2,0,1,18371
2026-04-09T12:08:04,4.226608,-92.040344,0.7,13.49,70.7,10,1.2,103.5,4.211,-4.4,0,1,18372
2026-04-09T12:08:33,4.227236,-92.038643,-1.2,13.20,70.9,11,1.2,103.8,4.210,-4.2,0,1,18373
2026-04-09T12:09:02,4.227745,-92.036880,-4.9,13.35,81.6,10,1.5,103.7,4.210,-4.2,0,1,18374
2026-04-09T12:09:31,4.228266,-92.035126,-6.0,13.43,74.8,11,1.1,103.7,4.211,-4.2,0,1,18375
2026-04-09T12:09:59,4.228791,-92.033470,-5.2,13.50,70.8,11,1.1,103.7,4.213,-4.2,0,1,18376
2026-04-09T12:10:28,4.229406,-92.031754,1.8,13.48,73.2,11,1.1,103.8,4.210,-4.2,0,1,18377
2026-04-09T12:10:57,4.229943,-92.030060,3.6,12.74,69.4,11,1.1,104.0,4.213,-4.2,0,1,18378
2026-04-09T12:11:26,4.230478,-92.028297,2.3,14.16,74.1,11,1.1,103.7,4.211,-4.2,0,1,18379
2026-04-09T12:11:54,4.231075,-92.026596,13.8,13.99,71.8,11,1.1,103.7,4.211,-4.2,0,1,18380
2026-04-09T12:12:23,4.231568,-92.024849,21.5,13.33,72.7,11,1.1,103.8,4.211,-4.2,0,1,18381
2026-04-09T12:12:52,4.232053,-92.023087,18.1,13.57,73.2,11,1.1,103.7,4.211,-4.2,0,1,18382
2026-04-09T12:13:21,4.232590,-92.021370,16.0,13.08,73.3,11,1.1,103.5,4.211,-4.4,0,1,18383
2026-04-09T12:13:49,4.233079,-92.019676,17.2,13.40,70.6,11,1.1,103.7,4.210,-4.2,0,1,18384
2026-04-09T12:14:18,4.233580,-92.017914,23.4,13.49,73.5,11,1.1,103.7,4.211,-4.2,0,1,18385
2026-04-09T12:14:47,4.234113,-92.016205,26.0,13.16,73.4,11,1.1,103.7,4.211,-4.2,0,1,18386
2026-04-09T12:15:16,4.234678,-92.014473,24.9,13.16,73.2,11,1.1,103.7,4.211,-4.2,0,1,18387
2026-04-09T12:15:44,4.235175,-92.012779,23.3,13.71,72.2,11,1.1,103.8,4.211,-4.2,0,1,18388
2026-04-09T12:16:13,4.235682,-92.011063,20.9,13.22,72.5,11,1.3,103.8,4.213,-4.2,0,1,18389
2026-04-09T12:16:42,4.236228,-92.009354,24.5,13.94,72.4,11,1.1,104.0,4.210,-4.2,0,1,18390
2026-04-09T12:17:11,4.236756,-92.007614,26.3,13.17,74.2,11,1.1,103.7,4.213,-4.2,0,1,18391
2026-04-09T12:17:39,4.237233,-92.005936,22.9,13.40,72.4,11,1.1,103.7,4.213,-4.2,0,1,18392
2026-04-09T12:18:08,4.237823,-92.004189,26.3,13.21,72.0,11,1.1,103.7,4.211,-4.2,0,1,18393
2026-04-09T12:18:37,4.238355,-92.002441,26.1,14.10,70.6,11,1.1,103.5,4.213,-4.4,0,1,18394
2026-04-09T12:19:06,4.238892,-92.000694,28.5,13.18,73.0,11,1.3,103.5,4.211,-4.4,0,1,18395
2026-04-09T12:19:34,4.239419,-91.999031,28.8,13.54,72.3,11,1.1,103.5,4.210,-4.4,0,1,18396
2026-04-09T12:20:03,4.240023,-91.997322,37.1,12.77,74.1,10,1.4,103.7,4.211,-4.2,0,1,18397
2026-04-09T12:20:32,4.240488,-91.995567,33.3,13.43,72.3,11,1.1,103.5,4.210,-4.4,0,1,18398
2026-04-09T12:21:01,4.241063,-91.993835,33.0,13.75,72.5,11,1.1,103.7,4.211,-4.2,0,1,18399
2026-04-09T12:21:29,4.241570,-91.992149,26.5,13.30,71.6,11,1.1,103.7,4.210,-4.2,0,1,18400
2026-04-09T12:21:58,4.242090,-91.990379,26.4,13.71,74.5,11,1.0,103.7,4.210,-4.2,0,1,18401
2026-04-09T12:22:27,4.242703,-91.988625,23.6,14.13,71.0,11,1.0,103.7,4.213,-4.2,0,1,18402
2026-04-09T12:22:56,4.243222,-91.986870,19.8,12.45,74.5,10,1.3,103.7,4.213,-4.2,0,1,18403
2026-04-09T12:23:24,4.243630,-91.985168,20.2,14.03,74.8,11,1.0,103.7,4.211,-4.2,0,1,18404
2026-04-09T12:23:53,4.244216,-91.983398,16.4,13.61,72.6,11,1.0,103.5,4.210,-4.4,0,1,18405
2026-04-09T12:24:22,4.244726,-91.981659,22.3,13.88,71.7,10,1.3,103.5,4.211,-4.4,0,1,18406
2026-04-09T12:24:51,4.245288,-91.979927,17.9,13.78,72.0,10,1.3,103.7,4.210,-4.2,0,1,18407
2026-04-09T12:25:19,4.245771,-91.978210,15.3,13.89,74.5,11,1.0,103.8,4.213,-4.2,0,1,18408
2026-04-09T12:25:48,4.246202,-91.976425,21.8,13.90,72.7,10,1.3,103.7,4.213,-4.2,0,1,18409
2026-04-09T12:26:17,4.246698,-91.974663,36.9,13.60,70.8,11,1.0,103.8,4.211,-4.2,0,1,18410
2026-04-09T12:26:46,4.247145,-91.972885,34.8,13.52,74.8,11,1.0,103.8,4.211,-4.2,0,1,18411
2026-04-09T12:27:14,4.247663,-91.971199,44.3,14.10,73.6,10,1.3,103.7,4.213,-4.2,0,1,18412
2026-04-09T12:27:43,4.248213,-91.969498,49.8,13.44,71.7,10,1.3,103.5,4.211,-4.4,0,1,18413
2026-04-09T12:28:12,4.248813,-91.967766,55.1,13.42,73.0,10,1.3,103.7,4.210,-4.2,0,1,18414
2026-04-09T12:28:41,4.249348,-91.966019,47.9,13.26,73.2,10,1.3,103.5,4.210,-4.4,0,1,18415
2026-04-09T12:29:09,4.249815,-91.964348,50.0,13.56,75.8,10,1.3,103.5,4.211,-4.4,0,1,18416
2026-04-09T12:29:38,4.250353,-91.962608,49.9,13.59,73.6,10,1.3,103.7,4.210,-4.2,0,1,18417
2026-04-09T12:30:07,4.250920,-91.960846,38.3,13.23,71.6,9,1.8,103.4,4.211,-4.2,0,1,18418
2026-04-09T12:30:36,4.251407,-91.959084,32.0,13.08,75.4,8,1.8,103.7,4.209,-4.2,0,1,18419
2026-04-09T12:31:04,4.252007,-91.957405,30.3,13.42,71.3,10,1.3,103.5,4.210,-4.4,0,1,18420
2026-04-09T12:31:33,4.252540,-91.955658,22.6,13.25,73.9,10,1.3,103.5,4.211,-4.4,0,1,18421
2026-04-09T12:32:02,4.253189,-91.953926,6.4,13.62,73.8,9,1.8,103.7,4.211,-4.2,0,1,18422
2026-04-09T12:32:31,4.253758,-91.952164,5.6,13.37,71.8,9,1.8,103.7,4.213,-4.2,0,1,18423
2026-04-09T12:32:59,4.254353,-91.950546,-0.5,13.75,70.7,11,1.0,103.7,4.211,-4.2,0,1,18424
2026-04-09T12:33:28,4.254893,-91.948792,3.9,13.19,73.4,9,1.8,103.8,4.211,-4.2,0,1,18425
2026-04-09T12:33:57,4.255445,-91.947037,7.6,13.61,73.3,10,1.2,103.8,4.211,-4.2,0,1,18426
2026-04-09T12:34:26,4.255969,-91.945267,4.8,13.27,72.9,11,1.0,103.7,4.211,-4.2,0,1,18427
2026-04-09T12:34:54,4.256542,-91.943619,8.2,13.60,72.3,11,1.0,103.5,4.211,-4.4,0,1,18428
2026-04-09T12:35:23,4.257073,-91.941872,11.2,13.42,71.1,10,1.2,103.7,4.211,-4.2,0,1,18429
2026-04-09T12:35:52,4.257590,-91.940117,7.0,13.72,75.2,10,1.2,103.7,4.211,-4.2,0,1,18430
2026-04-09T12:36:21,4.258145,-91.938377,9.9,13.58,74.0,10,1.2,103.5,4.211,-4.4,0,1,18431
2026-04-09T12:36:49,4.258668,-91.936668,11.5,13.44,74.1,11,0.9,103.5,4.211,-4.4,0,1,18432
2026-04-09T12:37:18,4.259163,-91.934929,14.8,13.92,71.9,9,1.8,103.7,4.211,-4.2,0,1,18433
2026-04-09T12:37:47,4.259702,-91.933159,10.0,13.52,74.3,9,1.6,103.7,4.210,-4.2,0,1,18434
2026-04-09T12:38:16,4.260157,-91.931427,10.3,13.73,73.2,8,3.3,103.5,4.211,-4.4,0,1,18435
2026-04-09T12:38:44,4.260670,-91.929741,9.9,13.65,73.6,10,1.2,104.0,4.211,-4.2,0,1,18436
2026-04-09T12:39:13,4.261191,-91.927971,12.5,13.16,74.7,7,3.1,103.7,4.213,-4.2,0,1,18437
2026-04-09T12:39:42,4.261798,-91.926208,16.1,13.68,73.6,9,1.5,103.8,4.210,-4.2,0,1,18438
2026-04-09T12:40:11,4.262362,-91.924469,9.2,13.17,74.1,8,3.3,103.7,4.211,-4.2,0,1,18439
2026-04-09T12:40:39,4.262820,-91.922806,15.8,13.67,76.6,9,1.5,103.7,4.210,-4.2,0,1,18440
2026-04-09T12:41:08,4.263273,-91.921021,15.2,12.86,77.1,8,3.1,103.8,4.211,-4.2,0,1,18441
2026-04-09T12:41:37,4.263783,-91.919235,13.6,13.83,73.3,8,3.0,103.7,4.210,2760.2,0,1,18442
2026-04-09T12:42:06,4.264302,-91.917473,11.6,13.23,71.7,8,3.0,103.5,4.210,-4.4,0,1,18443
2026-04-09T12:42:34,4.264828,-91.915794,13.9,13.69,74.2,9,1.5,103.8,4.211,-4.2,0,1,18444
2026-04-09T12:43:03,4.265401,-91.914032,13.5,13.85,78.0,8,3.0,103.5,4.213,-4.4,0,1,18445
2026-04-09T12:43:32,4.265987,-91.912300,6.1,14.12,71.0,8,3.0,103.8,4.211,-4.2,0,1,18446
2026-04-09T12:44:01,4.266500,-91.910538,3.4,13.58,74.4,8,3.0,103.7,4.213,-4.2,0,1,18447
2026-04-09T12:44:29,4.267011,-91.908844,2.8,13.59,70.6,9,1.5,103.8,4.211,-4.2,0,1,18448
2026-04-09T12:44:58,4.267535,-91.907082,2.6,13.05,75.9,9,1.7,103.7,4.211,-4.2,0,1,18449
2026-04-09T12:45:27,4.268051,-91.905327,4.7,13.70,73.9,7,3.0,103.8,4.211,-4.2,0,1,18450
2026-04-09T12:45:56,4.268573,-91.903564,4.2,13.49,72.3,7,3.0,103.7,4.213,-4.2,0,1,18451
2026-04-09T12:46:24,4.269102,-91.901894,4.9,13.39,73.4,7,3.0,103.8,4.210,-4.2,0,1,18452
2026-04-09T12:46:53,4.269648,-91.900146,2.0,13.14,73.4,7,3.0,103.7,4.210,-4.2,0,1,18453
2026-04-09T12:47:22,4.270198,-91.898392,1.5,13.46,72.8,7,3.0,103.7,4.213,-4.2,0,1,18454
2026-04-09T12:47:51,4.270743,-91.896660,3.5,12.87,71.2,7,3.0,103.7,4.210,-4.2,0,1,18455
2026-04-09T12:48:19,4.271325,-91.894997,5.7,13.62,68.3,7,3.0,103.5,4.213,-4.4,0,1,18456
2026-04-09T12:48:48,4.271776,-91.893181,7.0,13.14,74.8,8,2.9,103.7,4.213,-4.2,0,1,18457
2026-04-09T12:49:17,4.272203,-91.891396,3.4,13.39,74.5,8,2.9,103.7,4.210,-4.2,0,1,18458
2026-04-09T12:49:46,4.272680,-91.889656,2.9,13.38,72.3,8,2.9,103.7,4.210,-4.2,0,1,18459
2026-04-09T12:50:14,4.273173,-91.887985,6.5,13.73,72.2,8,3.1,103.7,4.210,-4.2,0,1,18460
2026-04-09T12:50:43,4.273748,-91.886238,4.8,13.60,73.4,8,2.9,103.5,4.213,-4.4,0,1,18461
2026-04-09T12:51:12,4.274330,-91.884453,8.7,13.02,73.2,8,2.8,103.4,4.211,-4.2,0,1,18462
2026-04-09T12:51:41,4.274928,-91.882729,-2.1,12.98,72.4,8,2.8,103.8,4.213,-4.2,0,1,18463
2026-04-09T12:52:09,4.275426,-91.880989,-4.4,13.54,79.8,8,2.8,103.7,4.213,-4.2,0,1,18464
2026-04-09T12:52:38,4.276208,-91.879341,0.7,13.40,68.2,8,2.8,103.8,4.213,-4.2,0,1,18465
2026-04-09T12:53:07,4.276631,-91.877571,7.5,13.21,72.7,8,2.8,103.7,4.211,-4.2,0,1,18466
2026-04-09T12:53:36,4.277046,-91.875771,-0.9,13.38,80.3,8,2.8,104.0,4.210,-4.2,0,1,18467
2026-04-09T12:54:04,4.277833,-91.874146,-0.8,13.73,69.1,8,2.7,103.7,4.211,-4.2,0,1,18468
2026-04-09T12:54:33,4.278198,-91.872337,-1.1,13.77,70.2,8,2.7,103.7,4.210,-4.2,0,1,18469
2026-04-09T12:55:02,4.278540,-91.870567,-0.5,13.12,73.0,8,2.9,103.7,4.210,-4.2,0,1,18470
2026-04-09T12:55:31,4.279006,-91.868805,5.4,13.57,74.9,8,2.7,103.7,4.211,-4.2,0,1,18471
2026-04-09T12:55:59,4.279553,-91.867134,0.4,13.15,70.9,8,2.7,103.5,4.210,-4.4,0,1,18472
2026-04-09T12:56:28,4.280025,-91.865349,0.4,13.51,73.0,8,2.7,103.7,4.213,-4.2,0,1,18473
2026-04-09T12:56:57,4.280618,-91.863602,6.4,13.77,72.8,8,2.6,103.7,4.211,-4.2,0,1,18474
2026-04-09T12:57:26,4.281113,-91.861885,2.7,13.48,70.9,8,2.6,103.4,4.211,-4.2,0,1,18475
2026-04-09T12:57:54,4.281433,-91.860161,-1.6,14.02,73.2,8,2.6,103.5,4.211,-4.4,0,1,18476
2026-04-09T12:58:23,4.281943,-91.858437,-9.4,13.58,75.2,8,2.6,103.5,4.211,-4.4,0,1,18477
2026-04-09T12:58:52,4.282502,-91.856667,-7.9,13.69,74.4,8,2.8,103.7,4.211,-4.2,0,1,18478
2026-04-09T12:59:21,4.282961,-91.854874,-6.8,13.39,74.7,8,2.5,103.7,4.211,2760.2,0,1,18479
2026-04-09T12:59:49,4.283520,-91.853195,-6.8,13.23,73.0,8,2.5,103.7,4.211,-4.2,0,1,18480
2026-04-09T13:00:18,4.284138,-91.851448,-8.2,13.59,74.7,8,2.5,103.8,4.211,-4.2,0,1,18481
2026-04-09T13:00:47,4.284632,-91.849655,-7.1,13.19,74.1,8,2.5,103.7,4.211,-4.2,0,1,18482
2026-04-09T13:01:16,4.285222,-91.847908,-1.5,14.22,73.6,7,2.5,103.8,4.211,-4.2,0,1,18483
2026-04-09T13:01:44,4.285757,-91.846153,-17.3,13.57,75.0,8,2.2,104.0,4.210,-4.2,0,1,18484
2026-04-09T13:02:13,4.286473,-91.844391,-24.9,14.34,71.9,8,2.2,103.5,4.211,-4.4,0,1,18485
2026-04-09T13:02:42,4.286911,-91.842621,-33.9,13.52,73.3,8,2.2,103.4,4.211,-4.2,0,1,18486
2026-04-09T13:03:11,4.287375,-91.840858,-35.9,13.63,73.7,8,2.2,103.7,4.211,-4.2,0,1,18487
2026-04-09T13:03:39,4.287899,-91.839142,-32.3,13.61,73.2,8,2.2,103.4,4.211,-4.2,0,1,18488
2026-04-09T13:04:08,4.288456,-91.837357,-21.3,13.74,72.2,8,2.2,103.8,4.211,-4.2,0,1,18489
2026-04-09T13:04:37,4.288986,-91.835594,-22.3,13.51,76.4,8,2.1,103.5,4.211,-4.4,0,1,18490
2026-04-09T13:05:06,4.289516,-91.833824,-19.0,13.46,76.1,8,2.1,103.7,4.211,-4.2,0,1,18491
2026-04-09T13:05:34,4.290092,-91.832115,-13.5,13.59,73.9,8,2.2,103.7,4.211,-4.2,0,1,18492
2026-04-09T13:06:03,4.290699,-91.830330,-15.6,13.60,75.1,8,2.1,103.5,4.213,-4.4,0,1,18493
2026-04-09T13:06:32,4.291263,-91.828583,-17.6,13.65,69.8,8,2.1,103.7,4.213,-4.2,0,1,18494
2026-04-09T13:07:01,4.291831,-91.826813,-10.5,13.86,75.1,8,2.1,103.7,4.211,-4.2,0,1,18495
2026-04-09T13:07:29,4.292372,-91.825111,-13.2,13.71,72.7,8,2.1,103.5,4.210,-4.4,0,1,18496
2026-04-09T13:07:58,4.292918,-91.823326,-16.2,13.02,72.3,8,2.1,103.5,4.210,-4.4,0,1,18497
2026-04-09T13:08:27,4.293417,-91.821602,-12.1,13.66,71.7,8,2.1,103.5,4.210,-4.4,0,1,18498
2026-04-09T13:08:56,4.293956,-91.819839,-9.8,13.73,73.8,8,2.1,103.7,4.211,-4.2,0,1,18499
2026-04-09T13:09:24,4.294515,-91.818123,-8.6,13.52,73.7,8,2.0,103.5,4.210,-4.4,0,1,18500
2026-04-09T13:09:53,4.295092,-91.816376,-9.9,13.66,72.5,8,2.0,103.4,4.211,-4.2,0,1,18501
2026-04-09T13:10:22,4.295410,-91.814644,-11.7,13.40,72.6,9,1.5,103.5,4.211,-4.4,0,1,18502
2026-04-09T13:10:51,4.295898,-91.812881,-20.1,13.46,76.2,9,1.5,103.8,4.210,-4.2,0,1,18503
2026-04-09T13:11:19,4.296416,-91.811172,-21.1,13.90,72.2,9,1.5,103.5,4.211,-4.4,0,1,18504
2026-04-09T13:11:48,4.296932,-91.809418,-21.4,13.47,71.0,9,1.5,103.7,4.211,-4.2,0,1,18505
2026-04-09T13:12:17,4.297512,-91.807693,-17.2,13.78,73.7,9,1.5,103.5,4.210,-4.4,0,1,18506
2026-04-09T13:12:46,4.298047,-91.805923,-18.5,13.85,73.3,9,1.5,103.7,4.211,-4.2,0,1,18507
2026-04-09T13:13:14,4.298620,-91.804230,-13.5,13.41,70.4,9,1.5,103.7,4.213,-4.2,0,1,18508
2026-04-09T13:13:43,4.299136,-91.802490,-18.6,13.58,72.0,9,1.5,103.5,4.213,-4.4,0,1,18509
2026-04-09T13:14:12,4.299668,-91.800697,-19.3,13.59,71.6,9,1.5,103.7,4.211,-4.2,0,1,18510
2026-04-09T13:14:41,4.300245,-91.798927,-16.0,13.44,72.1,9,1.5,103.8,4.210,2764.3,0,1,18511
2026-04-09T13:15:09,4.300817,-91.797234,-18.4,13.75,70.7,9,1.5,103.5,4.211,-4.4,0,1,18512
2026-04-09T13:15:38,4.301330,-91.795441,-13.9,13.94,75.5,9,1.5,103.8,4.211,-4.2,0,1,18513
2026-04-09T13:16:07,4.301812,-91.793671,-15.1,13.81,72.5,9,1.5,103.5,4.211,-4.4,0,1,18514
2026-04-09T13:16:36,4.302327,-91.791885,-15.1,13.79,73.3,9,1.5,103.5,4.211,-4.4,0,1,18515
2026-04-09T13:17:04,4.302870,-91.790161,-10.7,13.68,73.5,9,1.5,103.8,4.213,-4.2,0,1,18516
2026-04-09T13:17:33,4.303312,-91.788376,-12.2,13.49,73.9,9,1.5,103.5,4.213,-4.4,0,1,18517
2026-04-09T13:18:02,4.303853,-91.786591,-10.1,14.08,72.8,8,1.6,103.7,4.211,-4.2,0,1,18518
2026-04-09T13:18:31,4.304419,-91.784828,-13.4,14.36,72.9,9,1.5,103.5,4.210,-4.4,0,1,18519
2026-04-09T13:18:59,4.304882,-91.783096,-22.1,13.55,71.1,9,1.5,103.5,4.211,-4.4,0,1,18520
2026-04-09T13:19:28,4.305335,-91.781319,-24.8,13.88,73.9,9,1.5,103.8,4.211,-4.2,0,1,18521
2026-04-09T13:19:57,4.305817,-91.779518,-25.5,13.14,75.2,9,1.5,103.5,4.211,-4.4,0,1,18522
2026-04-09T13:20:26,4.306340,-91.777756,-23.6,14.04,71.6,9,1.5,103.5,4.210,-4.4,0,1,18523
2026-04-09T13:20:54,4.306802,-91.776077,-29.1,13.70,71.4,9,1.5,103.7,4.211,-4.2,0,1,18524
2026-04-09T13:21:23,4.307337,-91.774292,-22.6,14.05,76.9,8,1.6,103.7,4.211,-4.2,0,1,18525
2026-04-09T13:21:52,4.307870,-91.772522,-24.2,13.66,73.0,9,1.5,103.5,4.211,-4.4,0,1,18526
2026-04-09T13:22:21,4.308378,-91.770729,-20.3,13.74,74.7,9,1.5,103.8,4.213,-4.2,0,1,18527
2026-04-09T13:22:49,4.308860,-91.769028,-21.9,13.87,73.9,9,1.5,103.4,4.210,-4.2,0,1,18528
2026-04-09T13:23:18,4.309351,-91.767281,-19.5,13.34,73.7,9,1.5,103.7,4.213,-4.2,0,1,18529
2026-04-09T13:23:47,4.309957,-91.765526,-15.8,14.00,72.7,9,1.5,103.7,4.211,-4.2,0,1,18530
2026-04-09T13:24:16,4.310419,-91.763756,-13.0,13.96,75.3,9,1.5,103.7,4.210,-4.2,0,1,18531
2026-04-09T13:24:44,4.310877,-91.762016,-7.5,13.34,72.7,8,1.5,103.5,4.213,-4.4,0,1,18532
2026-04-09T13:25:13,4.311417,-91.760208,-1.4,14.13,75.3,9,1.5,103.5,4.211,-4.4,0,1,18533
2026-04-09T13:25:42,4.311950,-91.758453,-4.7,13.99,72.8,9,1.5,103.5,4.211,-4.4,0,1,18534
2026-04-09T13:26:11,4.312461,-91.756660,-4.6,13.71,75.0,9,1.5,103.7,4.213,-4.2,0,1,18535
2026-04-09T13:26:39,4.312958,-91.754906,-0.6,14.03,72.8,9,1.5,103.8,4.209,-4.2,0,1,18536
2026-04-09T13:27:08,4.313523,-91.753136,5.1,13.52,72.9,9,1.5,103.4,4.211,-4.2,0,1,18537
2026-04-09T13:27:37,4.314010,-91.751335,-1.1,13.86,73.6,9,1.5,103.8,4.210,-4.2,0,1,18538
2026-04-09T13:28:06,4.314527,-91.749550,-3.4,13.85,71.8,9,1.5,103.7,4.211,-4.2,0,1,18539
2026-04-09T13:28:34,4.314987,-91.747803,0.6,13.92,73.5,8,1.7,103.5,4.210,-4.4,0,1,18540
2026-04-09T13:29:03,4.315508,-91.745987,1.5,14.20,69.5,8,1.5,103.5,4.211,-4.4,0,1,18541
2026-04-09T13:29:32,4.315993,-91.744186,-0.9,13.90,77.5,9,1.5,103.8,4.211,-4.2,0,1,18542
2026-04-09T13:30:01,4.316508,-91.742432,-7.6,13.51,68.5,9,1.5,103.8,4.210,-4.2,0,1,18543
2026-04-09T13:30:29,4.316998,-91.740654,-5.8,13.75,75.0,9,1.4,103.8,4.210,-4.2,0,1,18544
2026-04-09T13:30:58,4.317582,-91.738823,-0.7,14.10,72.7,8,1.6,103.4,4.211,-4.2,0,1,18545
2026-04-09T13:31:27,4.317983,-91.737053,0.3,14.00,72.9,9,1.4,103.7,4.213,-4.2,0,1,18546
2026-04-09T13:31:56,4.318562,-91.735252,-0.3,13.49,70.7,9,1.4,103.7,4.211,-4.2,0,1,18547
2026-04-09T13:32:24,4.319089,-91.733513,4.9,13.88,73.9,9,1.4,103.5,4.213,-4.4,0,1,18548
2026-04-09T13:32:53,4.319501,-91.731735,-1.3,13.46,75.6,9,1.4,103.7,4.210,-4.2,0,1,18549
2026-04-09T13:33:22,4.319975,-91.729935,-5.9,13.80,78.2,9,1.4,103.7,4.210,-4.2,0,1,18550
2026-04-09T13:33:51,4.320325,-91.728119,-16.8,13.83,75.3,8,1.7,103.8,4.210,-4.2,0,1,18551
2026-04-09T13:34:19,4.320710,-91.726402,-13.2,13.56,77.1,9,1.4,103.7,4.211,-4.2,0,1,18552
2026-04-09T13:34:48,4.321183,-91.724586,-15.9,13.65,75.6,9,1.4,103.7,4.211,-4.2,0,1,18553
2026-04-09T13:35:17,4.321718,-91.722794,-20.2,14.16,71.4,9,1.4,103.8,4.211,-4.2,0,1,18554
2026-04-09T13:35:46,4.322248,-91.720993,-4.3,14.11,69.9,9,1.4,103.5,4.213,-4.4,0,1,18555
2026-04-09T13:36:14,4.322721,-91.719276,-6.2,14.36,71.6,9,1.4,103.5,4.210,-4.4,0,1,18556
2026-04-09T13:36:43,4.323282,-91.717468,-4.4,14.34,71.3,9,1.4,103.8,4.213,-4.2,0,1,18557
2026-04-09T13:37:12,4.323830,-91.715721,0.1,13.84,77.5,10,1.4,103.4,4.211,-4.2,0,1,18558
2026-04-09T13:37:41,4.324291,-91.713928,-2.4,14.16,74.5,10,1.3,103.7,4.211,-4.2,0,1,18559
2026-04-09T13:38:09,4.324798,-91.712204,-5.5,14.12,74.9,10,1.3,103.7,4.210,-4.2,0,1,18560
2026-04-09T13:38:38,4.325275,-91.710411,-9.7,14.30,74.7,10,1.3,104.0,4.210,-4.2,0,1,18561
2026-04-09T13:39:07,4.325831,-91.708611,-12.5,13.54,72.6,10,1.3,103.8,4.211,-4.2,0,1,18562
2026-04-09T13:39:36,4.326271,-91.706833,-11.2,14.10,75.0,10,1.3,103.8,4.210,-4.2,0,1,18563
2026-04-09T13:40:04,4.326722,-91.705101,-16.0,13.20,75.2,10,1.3,103.5,4.211,-4.4,0,1,18564
2026-04-09T13:40:33,4.327199,-91.703308,-18.4,13.07,74.0,10,1.3,103.7,4.211,-4.2,0,1,18565
2026-04-09T13:41:02,4.327706,-91.701538,-13.3,14.35,72.4,10,1.3,103.8,4.211,-4.2,0,1,18566
2026-04-09T13:41:31,4.328212,-91.699753,-9.6,13.79,71.6,10,1.3,103.7,4.210,-4.2,0,1,18567
2026-04-09T13:41:59,4.328627,-91.697990,-14.5,14.02,72.7,10,1.3,103.8,4.210,-4.2,0,1,18568
2026-04-09T13:42:28,4.329098,-91.696220,-14.7,14.35,74.7,10,1.3,103.4,4.211,-4.2,0,1,18569
2026-04-09T13:42:57,4.329639,-91.694443,-12.3,13.99,73.3,10,1.3,103.7,4.210,-4.2,0,1,18570
2026-04-09T13:43:26,4.330133,-91.692673,-11.0,13.96,72.7,10,1.3,103.7,4.210,-4.2,0,1,18571
2026-04-09T13:43:54,4.330638,-91.690941,-14.6,14.04,71.4,10,1.3,103.7,4.211,-4.2,0,1,18572
2026-04-09T13:44:23,4.331087,-91.689194,-11.5,13.83,74.9,10,1.3,103.7,4.211,-4.2,0,1,18573
2026-04-09T13:44:52,4.331550,-91.687363,-21.4,13.27,76.9,10,1.3,103.7,4.211,-4.2,0,1,18574
2026-04-09T13:45:21,4.332055,-91.685577,-19.2,13.58,74.7,10,1.3,103.5,4.213,-4.4,0,1,18575
2026-04-09T13:45:49,4.332533,-91.683861,-20.3,14.17,69.3,10,1.3,103.7,4.210,-4.2,0,1,18576
2026-04-09T13:46:18,4.333075,-91.682098,-13.9,13.20,73.7,10,1.3,103.7,4.211,-4.2,0,1,18577
2026-04-09T13:46:47,4.333610,-91.680328,-15.5,13.79,74.3,9,1.3,103.7,4.211,-4.2,0,1,18578
2026-04-09T13:47:16,4.334118,-91.678490,-18.8,14.10,72.5,9,1.3,103.8,4.211,-4.2,0,1,18579
2026-04-09T13:47:44,4.334636,-91.676758,-26.1,14.31,68.6,10,1.2,103.8,4.210,-4.2,0,1,18580
2026-04-09T13:48:13,4.335155,-91.674934,-25.4,14.05,75.7,10,1.2,103.4,4.211,-4.2,0,1,18581
2026-04-09T13:48:42,4.335688,-91.673164,-25.6,14.36,66.9,10,1.2,103.7,4.210,-4.2,0,1,18582
2026-04-09T13:49:11,4.336212,-91.671379,-27.9,13.03,72.7,10,1.2,103.7,4.210,-4.2,0,1,18583
2026-04-09T13:49:39,4.336711,-91.669716,-24.1,13.74,73.1,10,1.2,103.7,4.213,-4.2,0,1,18584
2026-04-09T13:50:08,4.337275,-91.667984,-13.2,14.26,71.5,10,1.2,103.5,4.211,-4.4,0,1,18585
2026-04-09T13:50:37,4.337775,-91.666153,-13.4,13.65,73.8,10,1.2,103.4,4.210,-4.2,0,1,18586
2026-04-09T13:51:06,4.338370,-91.664429,-11.3,13.60,70.7,10,1.2,103.5,4.210,-4.4,0,1,18587
2026-04-09T13:51:34,4.338895,-91.662735,-9.5,13.85,74.7,10,1.2,103.5,4.211,-4.4,0,1,18588
2026-04-09T13:52:03,4.339472,-91.661011,-6.5,14.04,72.0,10,1.2,103.7,4.213,-4.2,0,1,18589
2026-04-09T13:52:32,4.340055,-91.659225,-4.0,14.29,69.1,10,1.2,103.4,4.210,-4.2,0,1,18590
2026-04-09T13:53:01,4.340600,-91.657463,-3.7,13.81,77.0,10,1.2,103.7,4.210,-4.2,0,1,18591
2026-04-09T13:53:29,4.341112,-91.655746,-3.8,14.01,66.4,10,1.2,103.7,4.210,-4.2,0,1,18592
2026-04-09T13:53:58,4.341621,-91.653961,-5.2,13.63,75.4,10,1.2,103.4,4.210,-4.2,0,1,18593
2026-04-09T13:54:27,4.342098,-91.652184,-10.0,13.76,72.6,10,1.2,103.5,4.211,-4.4,0,1,18594
2026-04-09T13:54:56,4.342680,-91.650429,-14.1,13.51,75.5,9,1.2,103.7,4.209,-4.2,0,1,18595
2026-04-09T13:55:24,4.343155,-91.648712,-9.5,13.09,75.5,10,1.2,103.7,4.211,-4.2,0,1,18596
2026-04-09T13:55:53,4.343707,-91.646904,-8.1,13.38,70.1,9,1.3,103.7,4.211,-4.2,0,1,18597
2026-04-09T13:56:22,4.344233,-91.645149,-8.6,13.69,70.9,10,1.1,103.8,4.210,-4.2,0,1,18598
2026-04-09T13:56:51,4.344830,-91.643417,-3.3,13.58,73.1,9,1.3,103.8,4.211,-4.2,0,1,18599
2026-04-09T13:57:19,4.345236,-91.641602,0.4,14.81,76.8,10,1.1,103.5,4.211,-4.4,0,1,18600
2026-04-09T13:57:48,4.345763,-91.639816,2.3,13.34,69.9,10,1.1,103.5,4.213,-4.4,0,1,18601
2026-04-09T13:58:17,4.346276,-91.638039,3.9,13.83,73.5,10,1.1,103.5,4.210,-4.4,0,1,18602
2026-04-09T13:58:46,4.346911,-91.636292,4.4,13.94,72.5,10,1.1,103.5,4.213,-4.4,0,1,18603
2026-04-09T13:59:14,4.347313,-91.634560,5.0,14.54,74.3,10,1.1,103.5,4.210,-4.4,0,1,18604
2026-04-09T13:59:43,4.347880,-91.632805,3.4,13.62,70.7,9,1.3,103.7,4.211,-4.2,0,1,18605
2026-04-09T14:00:12,4.348445,-91.631020,2.2,13.22,73.0,9,1.3,103.7,4.211,-4.2,0,1,18606
2026-04-09T14:00:41,4.348937,-91.629280,-2.7,14.15,71.7,8,1.6,103.5,4.211,-4.4,0,1,18607
2026-04-09T14:01:09,4.349468,-91.627594,-2.4,13.62,71.7,9,1.3,103.7,4.211,-4.2,0,1,18608
2026-04-09T14:01:38,4.350051,-91.625801,-4.2,14.39,70.1,9,1.3,103.7,4.210,-4.2,0,1,18609
2026-04-09T14:02:07,4.350612,-91.624084,3.9,13.51,73.4,9,1.3,103.7,4.211,-4.2,0,1,18610
2026-04-09T14:02:36,4.351203,-91.622330,3.4,13.77,70.2,8,1.6,103.5,4.211,-4.4,0,1,18611
2026-04-09T14:03:04,4.351710,-91.620636,3.0,13.40,70.2,9,1.3,103.4,4.210,-4.2,0,1,18612
2026-04-09T14:03:33,4.352240,-91.618874,7.2,13.73,74.8,9,1.2,103.7,4.213,-4.2,0,1,18613
2026-04-09T14:04:02,4.352829,-91.617104,5.7,12.73,69.7,8,1.7,103.5,4.211,-4.4,0,1,18614
2026-04-09T14:04:31,4.353328,-91.615334,3.4,12.79,79.2,8,1.6,103.7,4.211,-4.2,0,1,18615
2026-04-09T14:04:59,4.353921,-91.613647,4.0,14.34,73.7,8,1.6,103.5,4.211,-4.4,0,1,18616
2026-04-09T14:05:28,4.354408,-91.611893,-3.9,13.23,67.3,8,1.6,103.8,4.210,-4.2,0,1,18617
2026-04-09T14:05:57,4.354905,-91.610123,-3.7,14.45,70.0,8,1.6,103.7,4.211,-4.2,0,1,18618
2026-04-09T14:06:26,4.355432,-91.608406,-2.3,13.18,75.1,8,1.6,103.5,4.213,-4.4,0,1,18619
2026-04-09T14:06:54,4.356015,-91.606705,-3.6,13.75,72.1,8,1.4,103.5,4.210,-4.4,0,1,18620
2026-04-09T14:07:23,4.356467,-91.604965,1.3,14.32,77.6,7,1.7,103.5,4.210,-4.4,0,1,18621
2026-04-09T14:07:52,4.356980,-91.603195,4.0,14.02,74.7,7,1.7,103.4,4.210,-4.2,0,1,18622
2026-04-09T14:08:21,4.357568,-91.601418,5.8,13.44,77.0,7,1.7,103.7,4.211,-4.2,0,1,18623
2026-04-09T14:08:49,4.358088,-91.599747,9.2,13.23,72.9,8,1.4,103.7,4.210,-4.2,0,1,18624
2026-04-09T14:09:18,4.358603,-91.597969,8.1,12.61,78.2,7,1.7,103.7,4.210,-4.2,0,1,18625
2026-04-09T14:09:47,4.359179,-91.596207,9.7,13.25,68.8,7,1.7,103.5,4.213,-4.4,0,1,18626
2026-04-09T14:10:16,4.359690,-91.594467,13.7,13.71,71.3,6,2.9,103.5,4.211,2755.8,0,1,18627
2026-04-09T14:10:44,4.360188,-91.592796,17.7,13.02,70.3,8,1.5,103.5,4.211,-4.4,0,1,18628
2026-04-09T14:11:13,4.360690,-91.591049,18.1,12.95,75.1,8,1.5,103.8,4.210,-4.2,0,1,18629
2026-04-09T14:11:42,4.361122,-91.589302,9.2,13.88,72.9,8,1.4,103.5,4.210,-4.4,0,1,18630
2026-04-09T14:12:11,4.361712,-91.587479,0.3,14.08,66.9,8,2.0,103.7,4.210,-4.2,0,1,18631
2026-04-09T14:12:39,4.362147,-91.585793,0.4,13.95,71.2,8,1.4,103.5,4.210,-4.4,0,1,18632
2026-04-09T14:13:08,4.362627,-91.584000,-2.7,13.91,78.5,8,1.4,104.0,4.213,-4.2,0,1,18633
2026-04-09T14:13:37,4.363090,-91.582314,4.3,13.06,81.1,8,1.4,103.4,4.211,-4.2,0,1,18634
2026-04-09T14:14:06,4.363657,-91.580589,8.4,13.85,66.3,8,1.4,103.5,4.211,-4.4,0,1,18635
2026-04-09T14:14:34,4.364101,-91.578835,6.7,13.79,72.4,9,1.3,103.7,4.210,-4.2,0,1,18636
2026-04-09T14:15:03,4.364423,-91.576889,-8.9,13.44,75.9,9,1.3,103.5,4.213,-4.4,0,1,18637
2026-04-09T14:15:32,4.364857,-91.575127,-10.4,13.64,76.3,9,1.3,103.7,4.210,-4.2,0,1,18638
2026-04-09T14:16:01,4.365343,-91.573364,-8.6,13.06,80.7,9,1.3,103.5,4.210,-4.4,0,1,18639
2026-04-09T14:16:29,4.365768,-91.571640,-6.7,13.50,74.2,9,1.3,103.5,4.210,-4.4,0,1,18640
2026-04-09T14:16:58,4.366217,-91.569839,-26.0,13.41,75.7,9,1.3,103.7,4.211,-4.2,0,1,18641
2026-04-09T14:17:27,4.366590,-91.568054,-25.1,13.66,72.8,8,1.8,103.5,4.211,-4.4,0,1,18642
2026-04-09T14:17:56,4.367051,-91.566299,-24.4,14.08,70.1,8,1.8,103.7,4.211,-4.2,0,1,18643
2026-04-09T14:18:24,4.367549,-91.564651,-25.1,13.31,76.5,9,1.3,103.7,4.211,-4.2,0,1,18644
2026-04-09T14:18:53,4.368063,-91.562889,-32.9,13.14,77.3,9,1.3,103.5,4.211,-4.4,0,1,18645
2026-04-09T14:19:22,4.368742,-91.561150,-27.1,13.22,71.8,9,1.3,103.7,4.210,-4.2,0,1,18646
2026-04-09T14:19:51,4.369293,-91.559387,-32.4,13.78,73.2,9,1.3,103.4,4.210,-4.2,0,1,18647
2026-04-09T14:20:19,4.369828,-91.557686,-31.6,14.26,71.1,9,1.3,103.7,4.211,-4.2,0,1,18648
2026-04-09T14:20:48,4.370293,-91.555908,-31.6,13.43,76.5,10,1.3,103.5,4.210,-4.4,0,1,18649
2026-04-09T14:21:17,4.370811,-91.554100,-24.3,13.47,72.7,10,1.3,103.8,4.210,-4.2,0,1,18650
2026-04-09T14:21:46,4.371393,-91.552322,-19.5,13.60,75.9,10,1.2,103.7,4.209,-4.2,0,1,18651
2026-04-09T14:22:14,4.371821,-91.550621,-15.4,13.77,71.9,10,1.2,103.4,4.209,-4.2,0,1,18652
2026-04-09T14:22:43,4.372246,-91.548859,-14.6,13.77,75.7,10,1.2,103.5,4.213,-4.4,0,1,18653
2026-04-09T14:23:12,4.372746,-91.547104,-17.1,14.07,72.6,10,1.2,103.7,4.211,-4.2,0,1,18654
2026-04-09T14:23:41,4.373183,-91.545357,-9.1,13.98,76.6,10,1.2,103.7,4.210,-4.2,0,1,18655
2026-04-09T14:24:09,4.373740,-91.543625,-7.2,14.16,71.5,10,1.3,103.7,4.211,-4.2,0,1,18656
2026-04-09T14:24:38,4.374225,-91.541862,-9.3,14.02,69.5,9,1.8,103.7,4.210,-4.2,0,1,18657
2026-04-09T14:25:07,4.374629,-91.540077,-6.1,13.59,75.4,9,1.8,103.5,4.210,-4.4,0,1,18658
2026-04-09T14:25:36,4.375151,-91.538315,-8.3,13.43,72.8,9,1.8,103.7,4.210,-4.2,0,1,18659
2026-04-09T14:26:04,4.375648,-91.536560,-12.4,13.71,78.4,10,1.2,103.7,4.213,-4.2,0,1,18660
2026-04-09T14:26:33,4.376108,-91.534790,-13.4,14.05,74.7,10,1.2,103.7,4.211,-4.2,0,1,18661
2026-04-09T14:27:02,4.376576,-91.532997,-17.5,13.83,76.7,9,1.8,103.5,4.211,-4.4,0,1,18662
2026-04-09T14:27:31,4.377031,-91.531235,-14.2,13.79,72.3,9,1.8,103.7,4.210,-4.2,0,1,18663
2026-04-09T14:27:59,4.377498,-91.529518,-12.2,13.90,73.7,10,1.7,103.5,4.211,-4.4,0,1,18664
2026-04-09T14:28:28,4.377915,-91.527725,-13.2,13.72,78.1,10,1.7,103.5,4.210,-4.4,0,1,18665
2026-04-09T14:28:57,4.378403,-91.525940,-11.4,14.12,73.7,10,1.7,103.4,4.211,-4.2,0,1,18666
2026-04-09T14:29:26,4.378920,-91.524155,-8.1,13.71,73.2,10,1.7,103.5,4.210,-4.4,0,1,18667
2026-04-09T14:29:54,4.379425,-91.522423,1.8,13.63,75.0,10,1.7,103.8,4.211,-4.2,0,1,18668
2026-04-09T14:30:23,4.379863,-91.520638,-7.2,13.86,69.3,10,1.7,103.5,4.210,-4.4,0,1,18669
2026-04-09T14:30:52,4.380285,-91.518852,-5.9,13.58,70.2,10,1.7,103.5,4.211,-4.4,0,1,18670
2026-04-09T14:31:21,4.380836,-91.517059,-8.0,13.95,72.6,10,1.7,103.7,4.211,-4.2,0,1,18671
2026-04-09T14:31:49,4.381239,-91.515358,-6.2,13.70,73.4,10,1.7,103.7,4.210,-4.2,0,1,18672
2026-04-09T14:32:18,4.381683,-91.513588,-10.5,14.05,73.4,10,1.7,103.5,4.213,-4.4,0,1,18673
2026-04-09T14:32:47,4.382111,-91.511826,-8.6,13.78,68.6,10,1.6,103.7,4.210,-4.2,0,1,18674
2026-04-09T14:33:16,4.382603,-91.510048,-8.8,14.04,73.0,11,1.1,104.1,4.210,-4.4,0,1,18675
2026-04-09T14:33:44,4.383022,-91.508347,-0.8,13.44,77.7,10,1.6,103.5,4.211,-4.4,0,1,18676
2026-04-09T14:34:13,4.383582,-91.506584,0.1,13.14,74.4,11,1.1,103.4,4.210,-4.2,0,1,18677
2026-04-09T14:34:42,4.383995,-91.504799,-3.7,13.73,77.2,11,1.1,103.5,4.209,-4.4,0,1,18678
2026-04-09T14:35:11,4.384447,-91.503006,-0.2,13.82,70.6,10,1.6,103.7,4.211,-4.2,0,1,18679
2026-04-09T14:35:39,4.384958,-91.501282,1.9,13.05,74.1,10,1.6,103.7,4.210,-4.2,0,1,18680
2026-04-09T14:36:08,4.385437,-91.499542,6.8,13.61,74.3,10,1.6,103.4,4.211,-4.2,0,1,18681
2026-04-09T14:36:37,4.385915,-91.497757,3.6,13.98,72.8,11,1.1,103.5,4.213,-4.4,0,1,18682
2026-04-09T14:37:06,4.386416,-91.495987,6.1,13.67,67.8,10,1.6,103.7,4.211,-4.2,0,1,18683
2026-04-09T14:37:34,4.386917,-91.494278,9.1,13.46,72.7,11,1.1,103.7,4.210,-4.2,0,1,18684
2026-04-09T14:38:03,4.387247,-91.492432,-0.4,14.80,76.9,11,1.1,103.5,4.210,-4.4,0,1,18685
2026-04-09T14:38:32,4.387736,-91.490662,5.4,13.84,77.9,10,1.6,103.7,4.211,-4.2,0,1,18686
2026-04-09T14:39:01,4.388216,-91.488884,-1.3,14.24,71.5,10,1.6,103.5,4.211,-4.4,0,1,18687
2026-04-09T14:39:29,4.388735,-91.487160,-0.3,13.65,71.9,11,1.1,103.7,4.211,-4.2,0,1,18688
2026-04-09T14:39:58,4.389226,-91.485397,3.6,13.50,75.5,11,1.1,103.8,4.210,-4.2,0,1,18689
2026-04-09T14:40:27,4.389687,-91.483620,-14.3,12.96,64.9,10,1.6,103.7,4.210,-4.2,0,1,18690
2026-04-09T14:40:56,4.390083,-91.481834,-2.8,13.19,68.7,10,1.6,103.7,4.211,-4.2,0,1,18691
2026-04-09T14:41:24,4.390520,-91.480087,-13.4,13.31,70.3,11,1.1,103.7,4.211,-4.2,0,1,18692
2026-04-09T14:41:53,4.391018,-91.478294,-4.6,13.71,72.8,10,1.6,103.5,4.211,-4.4,0,1,18693
2026-04-09T14:42:22,4.391477,-91.476524,-5.8,13.61,69.8,10,1.6,103.4,4.211,-4.2,0,1,18694
2026-04-09T14:42:51,4.391968,-91.474747,-13.2,13.80,75.2,10,1.6,103.5,4.210,-4.4,0,1,18695
2026-04-09T14:43:19,4.392402,-91.473030,-14.2,13.64,82.3,10,1.6,103.5,4.210,-4.4,0,1,18696
2026-04-09T14:43:48,4.392982,-91.471275,-3.0,13.44,71.9,10,1.6,103.5,4.211,-4.4,0,1,18697
2026-04-09T14:44:17,4.393473,-91.469528,-4.9,13.25,78.5,11,1.1,103.4,4.210,-4.2,0,1,18698
2026-04-09T14:44:46,4.394005,-91.467773,-12.8,13.49,70.3,10,1.6,103.5,4.209,-4.4,0,1,18699
2026-04-09T14:45:14,4.394413,-91.466087,-0.1,13.83,70.1,10,1.6,103.7,4.211,-4.2,0,1,18700
2026-04-09T14:45:43,4.394897,-91.464333,-1.4,13.88,74.0,10,1.6,103.5,4.211,-4.4,0,1,18701
2026-04-09T14:46:12,4.395360,-91.462555,-11.9,13.39,74.2,11,1.5,103.7,4.210,-4.2,0,1,18702
2026-04-09T14:46:41,4.395805,-91.460754,-7.5,13.42,77.4,10,1.5,103.5,4.211,-4.4,0,1,18703
2026-04-09T14:47:09,4.396300,-91.459106,-19.4,13.10,71.2,10,1.5,103.4,4.211,-4.2,0,1,18704
2026-04-09T14:47:38,4.396712,-91.457352,-14.8,13.61,74.0,10,1.5,103.7,4.211,-4.2,0,1,18705
2026-04-09T14:48:07,4.397145,-91.455589,-6.2,13.64,77.2,10,1.5,103.5,4.210,-4.4,0,1,18706
2026-04-09T14:48:36,4.397656,-91.453827,-2.3,13.74,74.5,11,1.0,103.7,4.210,-4.2,0,1,18707
2026-04-09T14:49:04,4.398200,-91.452148,4.3,13.59,72.3,12,1.0,103.7,4.209,-4.2,0,1,18708
2026-04-09T14:49:33,4.398658,-91.450386,7.3,13.38,71.6,11,1.5,103.5,4.210,-4.4,0,1,18709
2026-04-09T14:50:02,4.399112,-91.448639,9.3,14.35,78.9,11,1.5,103.5,4.210,-4.4,0,1,18710
2026-04-09T14:50:31,4.399646,-91.446915,5.6,13.70,76.5,11,1.5,103.4,4.211,-4.2,0,1,18711
2026-04-09T14:50:59,4.400072,-91.445183,6.2,13.89,83.6,11,1.5,103.7,4.211,-4.2,0,1,18712
2026-04-09T14:51:28,4.400490,-91.443420,1.2,13.18,79.4,11,1.5,103.5,4.211,-4.4,0,1,18713
2026-04-09T14:51:57,4.401038,-91.441666,7.8,13.12,74.3,11,1.5,103.4,4.209,-4.2,0,1,18714
2026-04-09T14:52:26,4.401497,-91.439934,-1.5,13.60,75.8,11,1.4,103.5,4.209,-4.4,0,1,18715
2026-04-09T14:52:54,4.401995,-91.438255,5.4,13.21,72.3,11,1.4,103.8,4.213,-4.2,0,1,18716
2026-04-09T14:53:23,4.402483,-91.436493,5.2,12.73,72.6,11,1.4,104.0,4.209,-4.2,0,1,18717
2026-04-09T14:53:52,4.403010,-91.434738,0.8,14.07,70.9,11,1.4,103.5,4.211,-4.4,0,1,18718
2026-04-09T14:54:21,4.403493,-91.432976,-1.6,13.51,76.7,11,1.4,103.5,4.213,-4.4,0,1,18719
2026-04-09T14:54:49,4.404045,-91.431252,2.6,13.11,74.4,11,1.4,103.7,4.210,-4.2,0,1,18720
2026-04-09T14:55:18,4.404523,-91.429512,6.8,13.73,74.1,11,1.4,103.7,4.209,-4.2,0,1,18721
2026-04-09T14:55:47,4.404975,-91.427757,13.4,13.87,77.3,11,1.4,103.8,4.211,-4.2,0,1,18722
2026-04-09T14:56:16,4.405437,-91.425995,17.5,13.32,76.2,11,1.4,103.5,4.210,-4.4,0,1,18723
2026-04-09T14:56:44,4.405881,-91.424301,14.3,12.84,68.7,11,1.4,103.5,4.211,-4.4,0,1,18724
2026-04-09T14:57:13,4.406432,-91.422562,22.6,13.62,72.5,11,1.4,103.5,4.210,-4.4,0,1,18725
2026-04-09T14:57:42,4.406955,-91.420860,32.5,13.32,74.3,11,1.4,103.8,4.211,-4.2,0,1,18726
2026-04-09T14:58:11,4.407418,-91.419075,24.7,13.55,75.6,11,1.4,103.4,4.210,-4.2,0,1,18727
2026-04-09T14:58:39,4.407927,-91.417419,26.5,13.67,73.7,11,1.4,103.7,4.210,-4.2,0,1,18728
2026-04-09T14:59:08,4.408463,-91.415688,40.4,13.81,75.6,11,1.4,103.2,4.210,-4.2,0,1,18729
2026-04-09T14:59:37,4.408970,-91.413910,29.7,13.88,78.7,11,1.4,103.4,4.211,-4.2,0,1,18730
2026-04-09T15:00:06,4.409340,-91.412155,21.1,14.42,70.8,11,1.4,103.5,4.209,-4.4,0,1,18731
2026-04-09T15:00:34,4.409663,-91.410400,15.0,12.85,74.6,11,1.4,103.5,4.213,-4.4,0,1,18732
2026-04-09T15:01:03,4.410183,-91.408661,17.6,14.17,72.8,11,1.4,103.7,4.211,-4.2,0,1,18733
2026-04-09T15:01:32,4.410613,-91.406937,19.8,13.32,77.4,11,1.4,103.8,4.210,-4.2,0,1,18734
2026-04-09T15:02:01,4.411048,-91.405128,15.6,13.27,75.6,11,1.4,103.4,4.213,-4.2,0,1,18735
2026-04-09T15:02:29,4.411513,-91.403465,20.5,12.50,73.0,11,1.4,103.7,4.210,-4.2,0,1,18736
2026-04-09T15:02:58,4.411980,-91.401756,24.1,12.12,71.7,11,1.4,103.8,4.210,-4.2,0,1,18737
2026-04-09T15:03:27,4.412473,-91.400002,24.9,13.61,79.4,11,1.4,103.4,4.211,-4.2,0,1,18738
2026-04-09T15:03:56,4.412990,-91.398262,22.0,13.35,70.7,11,1.3,103.7,4.211,-4.2,0,1,18739
2026-04-09T15:04:24,4.413478,-91.396599,10.8,13.04,73.5,11,1.3,103.5,4.210,-4.4,0,1,18740
2026-04-09T15:04:53,4.413918,-91.394821,13.0,13.50,73.8,11,1.3,103.5,4.210,-4.4,0,1,18741
2026-04-09T15:05:22,4.414378,-91.393082,5.6,13.90,79.7,11,1.3,103.7,4.210,-4.2,0,1,18742
2026-04-09T15:05:51,4.414915,-91.391342,11.0,13.73,73.3,11,1.3,103.7,4.211,-4.2,0,1,18743
2026-04-09T15:06:19,4.415331,-91.389603,10.7,13.79,75.2,10,1.3,103.7,4.213,-4.2,0,1,18744
2026-04-09T15:06:48,4.415695,-91.387856,-1.2,13.84,79.6,11,1.3,103.5,4.210,-4.4,0,1,18745
2026-04-09T15:07:17,4.416111,-91.386070,-1.2,13.49,73.5,11,1.3,103.7,4.210,-4.2,0,1,18746
2026-04-09T15:07:46,4.416533,-91.384315,2.8,13.37,73.4,11,1.3,103.5,4.209,-4.4,0,1,18747
2026-04-09T15:08:14,4.416965,-91.382599,-0.4,13.15,74.2,11,1.3,103.7,4.211,-4.2,0,1,18748
2026-04-09T15:08:43,4.417389,-91.380867,2.3,13.90,74.2,11,1.3,103.7,4.211,-4.2,0,1,18749
2026-04-09T15:09:12,4.417856,-91.379082,2.4,13.47,72.7,11,1.3,103.7,4.210,-4.2,0,1,18750
2026-04-09T15:09:41,4.418333,-91.377327,2.9,13.82,71.4,11,1.3,103.4,4.211,-4.2,0,1,18751
2026-04-09T15:10:09,4.418770,-91.375610,6.4,13.44,80.7,10,1.3,103.5,4.211,-4.4,0,1,18752
2026-04-09T15:10:38,4.419219,-91.373848,8.1,14.06,70.5,10,1.3,103.7,4.211,-4.2,0,1,18753
2026-04-09T15:11:07,4.419713,-91.372093,12.3,13.44,71.6,11,1.3,103.5,4.210,-4.4,0,1,18754
2026-04-09T15:11:36,4.420207,-91.370323,12.2,13.18,76.4,11,1.3,103.5,4.210,-4.4,0,1,18755
2026-04-09T15:12:04,4.420640,-91.368637,14.5,13.65,77.1,11,1.3,103.5,4.210,-4.4,0,1,18756
2026-04-09T15:12:33,4.421098,-91.366905,15.5,12.70,72.3,11,1.3,103.5,4.211,-4.4,0,1,18757
2026-04-09T15:13:02,4.421615,-91.365143,12.6,13.67,73.1,11,1.3,103.5,4.211,-4.4,0,1,18758
2026-04-09T15:13:31,4.422111,-91.363396,17.2,13.05,75.5,11,1.3,103.7,4.209,-4.2,0,1,18759
2026-04-09T15:13:59,4.422486,-91.361656,14.1,13.66,77.0,11,1.2,103.5,4.211,-4.4,0,1,18760
2026-04-09T15:14:28,4.422951,-91.359894,13.6,13.74,72.0,10,1.3,103.5,4.211,-4.4,0,1,18761
2026-04-09T15:14:57,4.423419,-91.358124,13.2,13.75,71.1,11,1.2,103.7,4.210,-4.2,0,1,18762
2026-04-09T15:15:26,4.423826,-91.356316,9.6,13.72,75.9,11,1.2,103.4,4.210,-4.2,0,1,18763
2026-04-09T15:15:54,4.424246,-91.354614,6.9,13.09,76.4,11,1.2,103.5,4.209,-4.4,0,1,18764
2026-04-09T15:16:23,4.424668,-91.352852,4.4,13.77,78.1,10,1.6,103.5,4.210,-4.4,0,1,18765
2026-04-09T15:16:52,4.425111,-91.351082,3.3,13.57,77.1,11,1.2,104.0,4.210,-4.2,0,1,18766
2026-04-09T15:17:21,4.425555,-91.349335,8.3,13.64,78.7,11,1.2,103.5,4.210,-4.4,0,1,18767
2026-04-09T15:17:49,4.426022,-91.347664,-6.4,14.13,80.9,11,1.2,103.5,4.209,-4.4,0,1,18768
2026-04-09T15:18:18,4.426533,-91.345917,-11.6,13.54,74.5,11,1.2,103.7,4.211,-4.2,0,1,18769
2026-04-09T15:18:47,4.427011,-91.344170,-10.6,12.87,74.2,10,1.5,103.4,4.211,-4.2,0,1,18770
2026-04-09T15:19:16,4.427565,-91.342468,-14.6,13.54,78.0,11,1.2,103.7,4.209,-4.2,0,1,18771
2026-04-09T15:19:44,4.427981,-91.340820,-13.4,12.67,71.8,11,1.2,103.7,4.210,-4.2,0,1,18772
2026-04-09T15:20:13,4.428503,-91.339127,-12.1,13.32,69.0,11,1.2,103.7,4.211,-4.2,0,1,18773
2026-04-09T15:20:42,4.428965,-91.337418,-6.4,12.81,74.7,11,1.2,103.5,4.213,-4.4,0,1,18774
2026-04-09T15:21:11,4.429399,-91.335709,-5.7,12.63,75.1,11,1.2,103.7,4.211,-4.2,0,1,18775
2026-04-09T15:21:39,4.429845,-91.334061,-5.6,13.31,77.4,11,1.2,103.7,4.210,-4.2,0,1,18776
2026-04-09T15:22:08,4.430346,-91.332344,-15.0,13.04,70.9,11,1.2,103.7,4.211,-4.2,0,1,18777
2026-04-09T15:22:37,4.430873,-91.330650,-6.0,13.36,76.3,10,1.5,103.7,4.210,-4.2,0,1,18778
2026-04-09T15:23:06,4.431353,-91.328964,-2.6,12.41,72.0,11,1.2,103.4,4.210,-4.2,0,1,18779
2026-04-09T15:23:34,4.431799,-91.327316,-2.0,13.38,73.8,11,1.1,103.7,4.211,-4.2,0,1,18780
2026-04-09T15:24:03,4.432295,-91.325615,2.1,13.27,75.4,11,1.1,103.5,4.210,-4.4,0,1,18781
2026-04-09T15:24:32,4.432750,-91.323891,3.0,13.19,69.9,11,1.1,103.5,4.210,-4.4,0,1,18782
2026-04-09T15:25:01,4.433258,-91.322205,3.7,12.67,72.6,10,1.5,103.5,4.210,-4.4,0,1,18783
2026-04-09T15:25:29,4.433681,-91.320518,3.7,13.02,77.5,11,1.1,103.5,4.211,-4.4,0,1,18784
2026-04-09T15:25:58,4.434150,-91.318802,2.2,13.29,72.8,11,1.1,103.7,4.211,-4.2,0,1,18785
2026-04-09T15:26:27,4.434615,-91.317085,5.8,13.26,76.2,11,1.1,103.7,4.210,-4.2,0,1,18786
2026-04-09T15:26:56,4.435091,-91.315399,6.3,13.21,73.2,11,1.1,103.5,4.210,-4.4,0,1,18787
2026-04-09T15:27:24,4.435546,-91.313744,5.2,13.41,80.3,11,1.1,103.5,4.210,-4.4,0,1,18788
2026-04-09T15:27:53,4.436086,-91.312065,4.7,13.12,69.9,11,1.1,103.5,4.210,-4.4,0,1,18789
2026-04-09T15:28:22,4.436498,-91.310318,7.5,12.92,74.2,10,1.4,103.4,4.210,-4.2,0,1,18790
2026-04-09T15:28:51,4.436955,-91.308586,6.8,13.57,82.0,11,1.1,103.7,4.211,-4.2,0,1,18791
2026-04-09T15:29:19,4.437398,-91.306900,7.7,13.40,70.4,11,1.1,103.5,4.210,2755.8,0,1,18792
2026-04-09T15:29:48,4.437859,-91.305191,10.6,12.52,71.5,10,1.2,103.7,4.211,-4.2,0,1,18793
2026-04-09T15:30:17,4.438295,-91.303452,5.5,13.85,77.7,10,1.2,103.5,4.210,-4.4,0,1,18794
2026-04-09T15:30:46,4.438772,-91.301758,9.3,13.00,76.4,10,1.2,103.7,4.213,-4.2,0,1,18795
2026-04-09T15:31:14,4.439198,-91.300079,2.4,13.02,77.7,10,1.2,103.5,4.210,-4.4,0,1,18796
2026-04-09T15:31:43,4.439672,-91.298378,1.0,13.04,77.2,10,1.2,103.5,4.210,-4.4,0,1,18797
2026-04-09T15:32:12,4.440103,-91.296646,8.7,14.27,81.6,10,1.1,103.8,4.211,-4.2,0,1,18798
2026-04-09T15:32:41,4.440640,-91.294960,16.4,13.33,71.3,10,1.1,103.5,4.210,-4.4,0,1,18799
2026-04-09T15:33:09,4.441080,-91.293304,14.0,13.18,72.3,10,1.1,103.5,4.211,-4.4,0,1,18800
2026-04-09T15:33:38,4.441496,-91.291580,1.6,13.38,77.8,10,1.1,103.8,4.211,-4.2,0,1,18801
2026-04-09T15:34:07,4.441962,-91.289902,1.5,13.53,77.0,10,1.1,103.7,4.211,-4.2,0,1,18802
2026-04-09T15:34:36,4.442461,-91.288330,36.2,12.63,73.9,8,2.5,103.7,4.210,-4.2,0,1,18803
2026-04-09T15:35:04,4.442853,-91.286652,31.6,12.64,76.5,9,1.2,103.7,4.209,-4.2,0,1,18804
2026-04-09T15:35:33,4.443360,-91.284988,36.7,12.72,73.2,8,1.4,103.7,4.211,-4.2,0,1,18805
2026-04-09T15:36:02,4.443797,-91.283218,28.4,12.98,72.9,9,1.4,103.7,4.209,-4.2,0,1,18806
2026-04-09T15:36:31,4.444260,-91.281471,15.1,14.29,74.4,10,1.1,103.8,4.211,-4.2,0,1,18807
2026-04-09T15:36:59,4.444722,-91.279808,9.1,13.66,74.9,11,1.1,103.5,4.210,-4.4,0,1,18808
2026-04-09T15:37:28,4.445170,-91.278038,-6.9,12.94,75.7,11,1.1,103.7,4.210,-4.2,0,1,18809
2026-04-09T15:37:57,4.445600,-91.276283,-17.0,13.17,77.7,11,1.1,103.7,4.211,-4.2,0,1,18810
2026-04-09T15:38:26,4.446090,-91.274551,-16.8,12.80,73.3,10,1.3,103.4,4.210,-4.2,0,1,18811
2026-04-09T15:38:54,4.446558,-91.272919,-24.1,13.72,74.5,11,1.1,103.4,4.210,-4.2,0,1,18812
2026-04-09T15:39:23,4.447038,-91.271172,-19.7,13.35,73.1,9,1.4,103.5,4.210,-4.4,0,1,18813
2026-04-09T15:39:52,4.447493,-91.269485,-20.0,12.62,75.8,10,1.3,103.7,4.210,-4.2,0,1,18814
2026-04-09T15:40:21,4.447990,-91.267746,-16.7,13.97,79.2,10,1.1,103.7,4.213,-4.2,0,1,18815
2026-04-09T15:40:49,4.448462,-91.266129,-16.4,13.56,74.6,11,1.1,103.5,4.209,-4.4,0,1,18816
2026-04-09T15:41:18,4.448970,-91.264420,-10.0,13.31,75.5,11,1.1,103.7,4.211,-4.2,0,1,18817
2026-04-09T15:41:47,4.449451,-91.262703,2.9,13.96,75.8,11,1.1,103.7,4.210,-4.2,0,1,18818
2026-04-09T15:42:16,4.449892,-91.261002,3.0,12.63,72.5,10,1.3,103.7,4.211,-4.2,0,1,18819
2026-04-09T15:42:44,4.450257,-91.259293,2.4,12.97,77.7,10,1.3,103.8,4.210,-4.2,0,1,18820
2026-04-09T15:43:13,4.450747,-91.257599,12.0,13.32,80.1,9,1.3,103.5,4.210,-4.4,0,1,18821
2026-04-09T15:43:42,4.451209,-91.255913,21.0,12.91,75.6,9,1.3,103.4,4.209,-4.2,0,1,18822
2026-04-09T15:44:11,4.451630,-91.254158,20.2,13.74,75.1,9,1.3,103.8,4.211,-4.2,0,1,18823
2026-04-09T15:44:39,4.452072,-91.252502,14.2,13.64,76.9,10,1.3,103.7,4.210,-4.2,0,1,18824
2026-04-09T15:45:08,4.452463,-91.250717,20.3,13.35,78.0,9,2.1,103.2,4.210,-4.2,0,1,18825
2026-04-09T15:45:37,4.452913,-91.248970,24.3,12.81,71.1,8,2.1,103.7,4.209,-4.2,0,1,18826
2026-04-09T15:46:06,4.453289,-91.247231,32.5,13.65,75.9,9,2.1,103.4,4.211,-4.2,0,1,18827
2026-04-09T15:46:34,4.453727,-91.245590,34.0,12.08,76.8,9,2.1,103.7,4.210,-4.2,0,1,18828
2026-04-09T15:47:03,4.454213,-91.243851,26.3,12.78,75.9,9,2.1,103.5,4.210,-4.4,0,1,18829
2026-04-09T15:47:32,4.454661,-91.242119,25.9,11.94,76.9,8,2.1,103.4,4.210,-4.2,0,1,18830
2026-04-09T15:48:01,4.455112,-91.240402,21.7,13.48,71.4,9,2.1,103.8,4.210,-4.2,0,1,18831
2026-04-09T15:48:29,4.455578,-91.238716,26.8,13.69,73.4,9,2.1,103.5,4.211,-4.4,0,1,18832
2026-04-09T15:48:58,4.455980,-91.237015,25.0,11.02,73.8,9,2.1,103.7,4.210,-4.2,0,1,18833
2026-04-09T15:49:27,4.456481,-91.235245,29.1,14.25,71.9,9,2.0,103.7,4.211,-4.2,0,1,18834
2026-04-09T15:49:56,4.456950,-91.233559,27.9,13.19,72.8,8,2.1,103.4,4.210,-4.2,0,1,18835
2026-04-09T15:50:24,4.457373,-91.231873,33.1,13.34,80.1,9,2.0,103.7,4.210,-4.2,0,1,18836
2026-04-09T15:50:53,4.457841,-91.230148,39.6,14.08,78.6,8,2.1,103.7,4.210,-4.2,0,1,18837
2026-04-09T15:51:22,4.458280,-91.228432,29.2,12.92,73.7,9,2.0,103.7,4.211,-4.2,0,1,18838
2026-04-09T15:51:51,4.458653,-91.226616,18.1,13.61,80.5,9,2.0,103.5,4.210,-4.4,0,1,18839
2026-04-09T15:52:19,4.459100,-91.224976,23.0,12.73,81.1,9,2.0,103.5,4.210,-4.4,0,1,18840
2026-04-09T15:52:48,4.459577,-91.223282,24.9,14.74,78.6,10,1.5,103.5,4.210,-4.4,0,1,18841
2026-04-09T15:53:17,4.460050,-91.221512,24.2,14.29,75.1,9,2.0,103.4,4.211,-4.2,0,1,18842
2026-04-09T15:53:46,4.460508,-91.219810,26.5,13.51,68.3,8,2.0,103.5,4.210,-4.4,0,1,18843
2026-04-09T15:54:14,4.460927,-91.218071,22.8,13.34,71.6,9,2.0,103.7,4.209,-4.2,0,1,18844
2026-04-09T15:54:43,4.461399,-91.216377,23.1,12.60,74.7,9,1.9,103.4,4.210,-4.2,0,1,18845
2026-04-09T15:55:12,4.461912,-91.214722,15.1,12.55,73.5,8,2.0,103.5,4.209,-4.4,0,1,18846
2026-04-09T15:55:41,4.462433,-91.213020,9.6,14.04,64.7,8,2.0,103.5,4.209,-4.4,0,1,18847
2026-04-09T15:56:09,4.462883,-91.211327,9.0,13.70,74.5,8,2.0,103.5,4.210,-4.4,0,1,18848
2026-04-09T15:56:38,4.463345,-91.209633,9.4,12.55,79.6,7,2.5,103.7,4.210,-4.2,0,1,18849
2026-04-09T15:57:07,4.463775,-91.207947,9.4,12.62,78.2,9,1.4,103.7,4.210,-4.2,0,1,18850
2026-04-09T15:57:36,4.464300,-91.206207,2.6,14.16,73.1,9,1.4,103.7,4.211,-4.2,0,1,18851
2026-04-09T15:58:04,4.464755,-91.204567,0.0,12.80,81.6,10,1.3,103.7,4.210,-4.2,0,1,18852
2026-04-09T15:58:33,4.465165,-91.202812,3.7,13.39,76.9,10,1.0,103.5,4.211,-4.4,0,1,18853
2026-04-09T15:59:02,4.465755,-91.201096,9.2,12.79,68.2,8,2.1,103.8,4.210,-4.2,0,1,18854
2026-04-09T15:59:31,4.466153,-91.199379,11.9,13.46,74.9,9,1.4,103.7,4.209,-4.2,0,1,18855
2026-04-09T15:59:59,4.466627,-91.197693,10.6,13.97,80.9,8,2.1,103.5,4.209,-4.4,0,1,18856
2026-04-09T16:00:28,4.467063,-91.195953,7.3,13.43,75.5,9,1.4,103.5,4.210,-4.4,0,1,18857
2026-04-09T16:00:57,4.467498,-91.194252,8.3,13.37,71.5,8,2.1,103.5,4.211,-4.4,0,1,18858
2026-04-09T16:01:26,4.467942,-91.192497,9.2,12.60,72.3,9,1.4,103.7,4.210,-4.2,0,1,18859
2026-04-09T16:01:54,4.468333,-91.190865,7.0,12.38,73.1,8,2.1,103.7,4.213,-4.2,0,1,18860
2026-04-09T16:02:23,4.468717,-91.189125,3.5,12.66,72.4,9,1.4,103.7,4.210,-4.2,0,1,18861
2026-04-09T16:02:52,4.469200,-91.187393,2.3,13.05,77.9,8,2.2,103.4,4.210,-4.2,0,1,18862
2026-04-09T16:03:21,4.469613,-91.185669,-5.2,13.35,77.0,8,2.2,103.7,4.210,-4.2,0,1,18863
2026-04-09T16:03:49,4.470087,-91.184082,-10.0,13.44,76.7,10,1.3,103.7,4.209,-4.2,0,1,18864
2026-04-09T16:04:18,4.470595,-91.182365,-11.1,12.97,70.4,8,2.2,103.7,4.210,-4.2,0,1,18865
2026-04-09T16:04:47,4.471071,-91.180672,-20.5,13.48,81.4,8,2.2,103.4,4.210,-4.2,0,1,18866
2026-04-09T16:05:16,4.471507,-91.178902,-18.6,13.59,80.4,8,2.2,103.5,4.211,-4.4,0,1,18867
2026-04-09T16:05:44,4.471869,-91.177238,-20.5,13.39,78.2,8,2.2,103.4,4.210,-4.2,0,1,18868
2026-04-09T16:06:13,4.472331,-91.175522,-21.8,13.56,72.9,8,2.2,103.4,4.210,-4.2,0,1,18869
2026-04-09T16:06:42,4.472810,-91.173798,-20.9,13.56,73.5,8,2.2,103.5,4.211,-4.4,0,1,18870
2026-04-09T16:07:11,4.473277,-91.172050,-18.4,12.71,71.2,8,2.2,103.5,4.210,2755.8,0,1,18871
2026-04-09T16:07:39,4.473756,-91.170364,-16.0,13.17,73.8,8,2.2,103.5,4.211,-4.4,0,1,18872
2026-04-09T16:08:08,4.474183,-91.168549,-15.3,16.24,76.7,9,1.4,103.7,4.211,-4.2,0,1,18873
2026-04-09T16:08:37,4.474713,-91.166840,-13.2,12.83,69.6,8,2.2,103.4,4.211,-4.2,0,1,18874
2026-04-09T16:09:06,4.475163,-91.165085,-14.4,13.83,72.9,8,2.3,103.4,4.211,-4.2,0,1,18875
2026-04-09T16:09:34,4.475530,-91.163414,-13.8,13.45,78.9,8,2.3,103.5,4.209,-4.4,0,1,18876
2026-04-09T16:10:03,4.476011,-91.161644,-17.1,13.35,71.0,8,2.3,103.5,4.210,-4.4,0,1,18877
2026-04-09T16:10:32,4.476388,-91.159904,-25.5,11.94,74.2,9,1.4,103.5,4.209,-4.4,0,1,18878
2026-04-09T16:11:01,4.476816,-91.158134,-21.5,13.04,75.3,8,2.3,103.4,4.210,-4.2,0,1,18879
2026-04-09T16:11:29,4.477316,-91.156509,-24.6,13.68,77.5,8,2.3,103.5,4.210,-4.4,0,1,18880
2026-04-09T16:11:58,4.477751,-91.154755,-21.4,13.16,77.3,9,1.4,103.5,4.211,-4.4,0,1,18881
2026-04-09T16:12:27,4.478325,-91.153069,-13.1,12.23,68.4,8,2.3,103.5,4.210,-4.4,0,1,18882
2026-04-09T16:12:56,4.478713,-91.151344,-17.6,11.72,71.4,8,2.3,103.7,4.210,-4.2,0,1,18883
2026-04-09T16:13:24,4.479165,-91.149658,-16.7,13.93,74.9,8,2.3,103.7,4.210,-4.2,0,1,18884
2026-04-09T16:13:53,4.479625,-91.147926,-21.7,12.49,76.7,8,2.3,103.7,4.211,-4.2,0,1,18885
2026-04-09T16:14:22,4.480111,-91.146240,-33.7,13.09,78.7,8,2.3,103.5,4.209,-4.4,0,1,18886
2026-04-09T16:14:51,4.480603,-91.144508,-19.7,13.23,76.5,8,2.3,103.5,4.210,-4.4,0,1,18887
2026-04-09T16:15:19,4.481048,-91.142807,-25.0,13.02,79.6,8,2.3,103.4,4.210,-4.2,0,1,18888
2026-04-09T16:15:48,4.481462,-91.141052,-27.1,13.48,74.9,8,2.3,103.7,4.209,-4.2,0,1,18889
2026-04-09T16:16:17,4.481940,-91.139282,-31.0,12.75,76.8,8,2.3,103.7,4.209,-4.2,0,1,18890
2026-04-09T16:16:46,4.482453,-91.137444,-23.1,12.82,81.0,9,2.2,103.4,4.209,-4.2,0,1,18891
2026-04-09T16:17:14,4.482805,-91.135727,-19.0,12.97,75.6,9,2.2,103.5,4.210,-4.4,0,1,18892
2026-04-09T16:17:43,4.483393,-91.133934,-7.0,12.75,75.3,9,2.2,103.7,4.211,-4.2,0,1,18893
2026-04-09T16:18:12,4.483896,-91.132248,-6.2,13.44,72.8,9,2.2,103.4,4.213,-4.2,0,1,18894
2026-04-09T16:18:41,4.484368,-91.130486,-5.8,12.71,73.7,9,2.2,103.5,4.210,-4.4,0,1,18895
2026-04-09T16:19:09,4.484817,-91.128845,-4.9,13.69,72.0,9,2.2,103.4,4.210,-4.2,0,1,18896
2026-04-09T16:19:38,4.485233,-91.127129,-9.9,13.91,73.8,9,2.2,103.5,4.210,-4.4,0,1,18897
2026-04-09T16:20:07,4.485755,-91.125374,-5.7,13.46,75.8,9,2.2,103.5,4.210,-4.4,0,1,18898
2026-04-09T16:20:36,4.486222,-91.123650,-5.4,13.98,73.2,9,2.2,103.5,4.210,-4.4,0,1,18899
2026-04-09T16:21:04,4.486685,-91.121948,0.6,13.26,76.5,9,2.1,103.7,4.209,-4.2,0,1,18900
2026-04-09T16:21:33,4.487182,-91.120255,1.1,13.38,72.9,9,2.1,103.5,4.211,-4.4,0,1,18901
2026-04-09T16:22:02,4.487659,-91.118484,1.0,14.47,70.5,9,2.1,103.7,4.211,-4.2,0,1,18902
2026-04-09T16:22:31,4.488055,-91.116707,-0.2,11.99,80.2,9,2.1,103.4,4.209,-4.2,0,1,18903
2026-04-09T16:22:59,4.488605,-91.115059,-0.5,13.24,74.0,8,2.3,103.4,4.211,-4.2,0,1,18904
2026-04-09T16:23:28,4.489095,-91.113251,-1.3,13.34,69.0,9,2.1,103.5,4.211,-4.4,0,1,18905
2026-04-09T16:23:57,4.489633,-91.111526,-0.7,13.91,72.9,9,2.1,103.7,4.211,-4.2,0,1,18906
2026-04-09T16:24:26,4.490090,-91.109772,-2.9,13.54,72.3,9,2.1,103.4,4.210,-4.2,0,1,18907
2026-04-09T16:24:54,4.490497,-91.108093,-5.4,13.48,76.6,9,2.1,103.5,4.210,-4.4,0,1,18908
2026-04-09T16:25:23,4.490985,-91.106346,-2.7,13.63,69.1,9,2.1,103.5,4.211,-4.4,0,1,18909
2026-04-09T16:25:52,4.491487,-91.104599,-1.3,13.18,71.2,9,2.1,103.7,4.213,-4.2,0,1,18910
2026-04-09T16:26:21,4.491921,-91.102837,-0.5,13.19,73.3,9,2.0,103.7,4.210,-4.2,0,1,18911
2026-04-09T16:26:49,4.492455,-91.101196,5.0,13.32,72.7,9,2.0,103.4,4.211,-4.2,0,1,18912
2026-04-09T16:27:18,4.492963,-91.099449,5.5,13.02,77.6,9,2.0,103.7,4.210,-4.2,0,1,18913
2026-04-09T16:27:47,4.493532,-91.097710,10.0,13.08,75.0,8,2.1,103.5,4.207,-4.4,0,1,18914
2026-04-09T16:28:16,4.494003,-91.095940,13.9,14.24,73.9,8,2.1,103.4,4.210,-4.2,0,1,18915
2026-04-09T16:28:44,4.494446,-91.094284,17.8,12.89,75.1,8,2.1,103.7,4.210,-4.2,0,1,18916
2026-04-09T16:29:13,4.494898,-91.092529,20.5,13.43,76.0,8,2.1,103.8,4.210,-4.2,0,1,18917
2026-04-09T16:29:42,4.495407,-91.090797,23.3,12.88,74.5,8,2.0,103.5,4.211,-4.4,0,1,18918
2026-04-09T16:30:11,4.495902,-91.089043,26.8,13.52,76.5,8,2.0,103.7,4.211,-4.2,0,1,18919
2026-04-09T16:30:39,4.496410,-91.087372,28.8,13.38,76.6,8,2.0,103.4,4.210,-4.2,0,1,18920
2026-04-09T16:31:08,4.496903,-91.085602,32.2,13.35,70.2,8,2.0,103.7,4.210,-4.2,0,1,18921
2026-04-09T16:31:37,4.497325,-91.083862,34.2,13.28,72.5,8,2.0,103.5,4.211,-4.4,0,1,18922
2026-04-09T16:32:06,4.497855,-91.082092,37.3,14.53,70.2,8,2.0,103.4,4.210,-4.2,0,1,18923
2026-04-09T16:32:34,4.498293,-91.080376,34.9,14.67,72.5,8,2.0,103.5,4.209,-4.4,0,1,18924
2026-04-09T16:33:03,4.498720,-91.078651,29.7,13.78,74.2,8,2.0,103.5,4.210,-4.4,0,1,18925
2026-04-09T16:33:32,4.499123,-91.076866,24.1,13.69,75.8,8,2.0,103.4,4.209,-4.2,0,1,18926
2026-04-09T16:34:01,4.499613,-91.075165,26.1,13.74,72.4,8,2.0,103.5,4.211,-4.4,0,1,18927
2026-04-09T16:34:29,4.500040,-91.073456,26.2,13.94,73.4,8,1.9,103.4,4.210,-4.2,0,1,18928
2026-04-09T16:34:58,4.500510,-91.071747,26.5,12.34,71.5,8,1.9,103.4,4.211,-4.2,0,1,18929
2026-04-09T16:35:27,4.500983,-91.069969,27.7,13.37,73.3,8,1.9,103.7,4.210,-4.2,0,1,18930
2026-04-09T16:35:56,4.501478,-91.068214,32.3,13.73,74.2,8,1.9,103.4,4.207,-4.2,0,1,18931
2026-04-09T16:36:24,4.501980,-91.066528,34.2,14.04,74.3,8,1.9,103.7,4.210,-4.2,0,1,18932
2026-04-09T16:36:53,4.502431,-91.064804,37.1,12.80,75.3,8,1.9,103.7,4.210,-4.2,0,1,18933
2026-04-09T16:37:22,4.502895,-91.063057,37.1,13.65,72.9,8,1.9,103.7,4.209,-4.2,0,1,18934
2026-04-09T16:37:51,4.503303,-91.061295,33.3,13.01,85.8,8,1.9,103.7,4.210,-4.2,0,1,18935
2026-04-09T16:38:19,4.503762,-91.059601,36.1,14.54,73.3,8,1.9,103.7,4.211,-4.2,0,1,18936
2026-04-09T16:38:48,4.504398,-91.057884,47.1,12.95,74.9,8,1.9,103.5,4.210,-4.4,0,1,18937
2026-04-09T16:39:17,4.504887,-91.056129,46.7,13.37,72.3,8,1.8,103.7,4.211,-4.2,0,1,18938
2026-04-09T16:39:46,4.505390,-91.054382,48.6,13.33,78.5,8,1.8,103.5,4.211,-4.4,0,1,18939
2026-04-09T16:40:14,4.505888,-91.052696,50.4,13.13,73.7,8,1.8,103.4,4.210,-4.2,0,1,18940
2026-04-09T16:40:43,4.506315,-91.050926,48.3,14.25,70.1,8,1.8,103.5,4.210,-4.4,0,1,18941
2026-04-09T16:41:12,4.506865,-91.049179,54.0,13.43,75.3,8,1.8,103.5,4.211,-4.4,0,1,18942
2026-04-09T16:41:41,4.507337,-91.047424,54.5,13.77,73.2,7,1.8,103.4,4.210,-4.2,0,1,18943
2026-04-09T16:42:09,4.507767,-91.045738,58.0,13.48,77.5,8,1.8,103.5,4.210,-4.4,0,1,18944
2026-04-09T16:42:38,4.508235,-91.043968,54.5,13.49,75.7,8,1.8,103.7,4.210,-4.2,0,1,18945
2026-04-09T16:43:07,4.508433,-91.042122,28.6,13.91,72.5,8,1.8,103.5,4.210,-4.4,0,1,18946
2026-04-09T16:43:36,4.508952,-91.040421,27.5,13.95,73.7,8,1.8,103.5,4.210,-4.4,0,1,18947
2026-04-09T16:44:04,4.509345,-91.038689,17.0,13.84,73.3,8,1.7,103.7,4.209,-4.2,0,1,18948
2026-04-09T16:44:33,4.509793,-91.036949,13.4,13.71,74.7,8,1.7,103.5,4.209,-4.4,0,1,18949
2026-04-09T16:45:02,4.510285,-91.035217,17.1,13.23,72.7,7,1.9,103.5,4.210,-4.4,0,1,18950
2026-04-09T16:45:31,4.510635,-91.033432,10.2,14.14,77.2,8,1.7,103.5,4.211,-4.4,0,1,18951
2026-04-09T16:45:59,4.511115,-91.031799,12.6,13.03,74.4,8,1.7,103.4,4.210,-4.2,0,1,18952
2026-04-09T16:46:28,4.511591,-91.030067,15.6,14.00,76.2,8,1.7,103.7,4.210,-4.2,0,1,18953
2026-04-09T16:46:57,4.511992,-91.028297,16.0,12.84,77.6,8,1.7,103.8,4.211,2764.3,0,1,18954
2026-04-09T16:47:26,4.512465,-91.026512,8.5,13.08,74.7,8,1.7,103.7,4.211,-4.2,0,1,18955
2026-04-09T16:47:54,4.512867,-91.024811,9.5,13.32,76.4,8,1.7,103.4,4.207,-4.2,0,1,18956
2026-04-09T16:48:23,4.513303,-91.023010,6.0,13.51,74.9,8,1.7,103.5,4.210,-4.4,0,1,18957
2026-04-09T16:48:52,4.513671,-91.021233,-4.0,14.35,75.7,8,1.6,103.7,4.213,-4.2,0,1,18958
2026-04-09T16:49:21,4.514127,-91.019455,-5.5,14.34,73.9,8,1.6,103.7,4.210,-4.2,0,1,18959
2026-04-09T16:49:49,4.514642,-91.017784,-3.0,13.52,74.0,8,1.6,103.4,4.210,-4.2,0,1,18960
2026-04-09T16:50:18,4.515217,-91.016037,5.8,13.90,73.8,8,1.6,103.5,4.211,-4.4,0,1,18961
2026-04-09T16:50:47,4.515743,-91.014236,14.7,12.96,69.5,8,1.8,103.5,4.210,-4.4,0,1,18962
2026-04-09T16:51:16,4.516267,-91.012451,15.7,13.58,78.1,8,1.6,103.7,4.210,-4.2,0,1,18963
2026-04-09T16:51:44,4.516749,-91.010750,17.1,14.27,72.7,8,1.6,103.5,4.209,-4.4,0,1,18964
2026-04-09T16:52:13,4.517213,-91.008965,19.9,14.09,77.7,8,1.6,103.7,4.210,-4.2,0,1,18965
2026-04-09T16:52:42,4.517740,-91.007278,21.1,13.12,70.2,8,1.6,103.4,4.210,-4.2,0,1,18966
2026-04-09T16:53:11,4.518221,-91.005501,22.4,14.34,75.8,8,1.6,103.4,4.210,-4.2,0,1,18967
2026-04-09T16:53:39,4.518618,-91.003716,13.6,12.54,75.7,8,1.6,103.4,4.210,-4.2,0,1,18968
2026-04-09T16:54:08,4.519115,-91.001923,17.0,14.55,74.3,8,1.6,103.5,4.210,-4.4,0,1,18969
2026-04-09T16:54:37,4.519608,-91.000183,19.6,13.51,68.4,8,1.5,103.7,4.210,-4.2,0,1,18970
2026-04-09T16:55:06,4.519977,-90.998428,15.3,12.97,77.7,8,1.4,103.5,4.211,-4.4,0,1,18971
2026-04-09T16:55:34,4.520495,-90.996750,17.3,13.52,73.3,9,1.3,103.5,4.209,-4.4,0,1,18972
2026-04-09T16:56:03,4.521007,-90.995010,20.4,13.72,71.4,8,1.4,103.5,4.210,-4.4,0,1,18973
2026-04-09T16:56:32,4.521456,-90.993233,26.1,13.70,74.8,8,1.5,103.5,4.210,-4.4,0,1,18974
2026-04-09T16:57:01,4.521926,-90.991455,26.3,13.79,75.7,8,1.4,103.5,4.211,-4.4,0,1,18975
2026-04-09T16:57:29,4.522398,-90.989731,25.0,14.36,74.1,8,1.4,103.5,4.209,-4.4,0,1,18976
2026-04-09T16:57:58,4.522863,-90.987953,17.6,12.86,71.2,9,1.3,103.4,4.210,-4.2,0,1,18977
2026-04-09T16:58:27,4.523431,-90.986237,25.4,13.57,72.4,8,1.3,103.7,4.210,-4.2,0,1,18978
2026-04-09T16:58:56,4.523920,-90.984474,26.4,13.56,73.1,8,1.3,103.5,4.211,-4.4,0,1,18979
2026-04-09T16:59:24,4.524306,-90.982735,17.4,13.39,75.2,8,1.3,103.7,4.210,-4.2,0,1,18980
2026-04-09T16:59:53,4.524766,-90.980957,17.7,13.98,71.6,7,1.5,103.4,4.210,-4.2,0,1,18981
2026-04-09T17:00:22,4.525355,-90.979248,22.9,13.70,74.0,8,1.3,103.5,4.210,-4.4,0,1,18982
2026-04-09T17:00:51,4.525823,-90.977478,23.1,13.76,68.8,8,1.3,103.7,4.211,-4.2,0,1,18983
2026-04-09T17:01:19,4.526135,-90.975708,17.2,13.19,79.4,9,1.3,103.5,4.210,-4.4,0,1,18984
2026-04-09T17:01:48,4.526618,-90.973885,12.9,14.31,76.8,8,1.3,103.5,4.210,-4.4,0,1,18985
2026-04-09T17:02:17,4.527043,-90.972115,13.9,13.73,79.6,8,1.3,103.7,4.210,-4.2,0,1,18986
2026-04-09T17:02:46,4.527442,-90.970375,11.5,13.58,72.8,9,1.3,103.7,4.210,-4.2,0,1,18987
2026-04-09T17:03:14,4.527848,-90.968643,5.9,13.68,84.0,8,1.3,103.4,4.211,-4.2,0,1,18988
2026-04-09T17:03:43,4.528291,-90.966835,1.3,13.19,79.1,8,1.3,103.4,4.209,-4.2,0,1,18989
2026-04-09T17:04:12,4.528790,-90.965103,6.5,13.58,77.8,8,1.3,103.5,4.210,-4.4,0,1,18990
2026-04-09T17:04:41,4.529360,-90.963326,10.9,14.01,71.5,7,1.6,103.7,4.210,-4.2,0,1,18991
2026-04-09T17:05:09,4.529843,-90.961632,9.5,13.66,77.1,8,1.3,103.4,4.210,-4.2,0,1,18992
2026-04-09T17:05:38,4.530346,-90.959877,9.9,13.54,73.0,8,1.3,103.4,4.210,-4.2,0,1,18993
2026-04-09T17:06:07,4.530911,-90.958099,15.5,13.54,73.1,8,1.5,103.4,4.209,-4.2,0,1,18994
2026-04-09T17:06:36,4.531343,-90.956329,17.2,13.62,77.3,8,1.3,103.5,4.211,-4.4,0,1,18995
2026-04-09T17:07:04,4.531838,-90.954628,13.8,13.36,76.5,7,1.5,103.7,4.211,-4.2,0,1,18996
2026-04-09T17:07:33,4.532271,-90.952873,11.7,13.56,75.2,8,1.3,103.5,4.209,-4.4,0,1,18997
2026-04-09T17:08:02,4.532731,-90.951103,4.2,13.47,77.6,8,1.3,103.5,4.210,-4.4,0,1,18998
2026-04-09T17:08:31,4.533233,-90.949356,10.2,13.65,81.7,8,1.3,103.5,4.209,-4.4,0,1,18999
2026-04-09T17:08:59,4.533691,-90.947624,7.8,13.90,69.0,8,1.3,103.4,4.211,-4.2,0,1,19000
2026-04-09T17:09:28,4.534206,-90.945854,6.5,14.40,77.5,8,1.3,103.7,4.210,-4.2,0,1,19001
2026-04-09T17:09:57,4.534683,-90.944077,13.2,13.77,72.7,9,1.2,103.4,4.210,-4.2,0,1,19002
2026-04-09T17:10:26,4.535243,-90.942314,14.5,13.72,76.0,8,1.5,103.7,4.211,-4.2,0,1,19003
2026-04-09T17:10:54,4.535717,-90.940628,23.4,13.52,70.9,8,1.3,103.4,4.210,-4.2,0,1,19004
2026-04-09T17:11:23,4.536245,-90.938850,21.5,13.70,72.6,9,1.2,103.5,4.207,-4.4,0,1,19005
2026-04-09T17:11:52,4.536713,-90.937073,24.1,14.18,75.6,9,1.2,103.4,4.210,-4.2,0,1,19006
2026-04-09T17:12:21,4.537147,-90.935310,25.2,13.71,73.6,9,1.2,103.7,4.211,-4.2,0,1,19007
2026-04-09T17:12:49,4.537633,-90.933571,21.8,13.23,74.8,8,1.3,103.4,4.211,-4.2,0,1,19008
2026-04-09T17:13:18,4.538032,-90.931778,20.7,13.69,73.9,9,1.2,103.7,4.211,-4.2,0,1,19009
2026-04-09T17:13:47,4.538517,-90.930038,23.4,13.28,74.1,9,1.2,103.5,4.211,-4.4,0,1,19010
2026-04-09T17:14:16,4.539020,-90.928291,26.3,13.85,73.4,9,1.2,103.7,4.211,-4.2,0,1,19011
2026-04-09T17:14:44,4.539502,-90.926582,30.1,13.61,71.4,9,1.2,103.4,4.210,-4.2,0,1,19012
2026-04-09T17:15:13,4.539979,-90.924820,31.1,13.72,74.6,8,1.5,103.4,4.211,-4.2,0,1,19013
2026-04-09T17:15:42,4.540420,-90.923050,29.3,13.23,76.7,9,1.2,103.5,4.210,-4.4,0,1,19014
2026-04-09T17:16:11,4.540872,-90.921234,24.3,13.51,75.7,8,1.5,103.5,4.209,-4.4,0,1,19015
2026-04-09T17:16:39,4.541342,-90.919510,18.9,13.57,76.4,9,1.2,103.2,4.211,-4.2,0,1,19016
2026-04-09T17:17:08,4.541819,-90.917725,18.5,13.74,77.8,9,1.2,103.4,4.210,-4.2,0,1,19017
2026-04-09T17:17:37,4.542246,-90.915947,8.0,13.42,76.2,9,1.2,103.4,4.210,-4.2,0,1,19018
2026-04-09T17:18:06,4.542685,-90.914177,3.6,13.15,74.5,9,1.2,103.4,4.211,-4.2,0,1,19019
2026-04-09T17:18:34,4.543155,-90.912483,1.6,13.27,75.9,9,1.2,103.7,4.211,-4.2,0,1,19020
2026-04-09T17:19:03,4.543632,-90.910698,5.7,13.73,74.0,9,1.2,103.4,4.211,-4.2,0,1,19021
2026-04-09T17:19:32,4.544132,-90.908951,13.6,13.24,74.6,9,1.2,103.5,4.209,-4.4,0,1,19022
2026-04-09T17:20:01,4.544571,-90.907120,8.1,13.54,73.7,8,1.4,103.4,4.209,-4.2,0,1,19023
2026-04-09T17:20:29,4.545095,-90.905434,10.3,14.17,75.8,8,1.4,103.7,4.211,-4.2,0,1,19024
2026-04-09T17:20:58,4.545506,-90.903633,3.0,13.46,76.4,9,1.2,103.4,4.209,-4.2,0,1,19025
2026-04-09T17:21:27,4.546006,-90.901901,6.1,13.07,73.7,7,1.5,103.4,4.209,-4.2,0,1,19026
2026-04-09T17:21:56,4.546496,-90.900093,5.4,14.25,72.2,8,1.2,103.5,4.210,-4.4,0,1,19027
2026-04-09T17:22:24,4.547017,-90.898384,18.7,13.39,75.3,8,1.2,103.5,4.210,-4.4,0,1,19028
2026-04-09T17:22:53,4.547411,-90.896622,12.9,13.13,78.4,8,1.2,103.5,4.211,-4.4,0,1,19029
2026-04-09T17:23:22,4.547893,-90.894836,22.8,14.60,78.9,8,1.2,103.5,4.209,-4.4,0,1,19030
2026-04-09T17:23:51,4.548387,-90.893044,14.8,13.63,79.7,7,1.4,103.5,4.209,2755.8,0,1,19031
2026-04-09T17:24:19,4.548883,-90.891312,25.2,13.14,77.2,8,1.2,103.5,4.211,-4.4,0,1,19032
2026-04-09T17:24:48,4.549375,-90.889557,25.0,14.52,79.8,8,1.2,103.7,4.207,-4.2,0,1,19033
2026-04-09T17:25:17,4.549935,-90.887787,31.0,13.49,76.2,6,1.6,103.8,4.209,-4.2,0,1,19034
2026-04-09T17:25:46,4.550415,-90.885979,24.4,13.30,76.0,6,1.6,103.5,4.210,-4.4,0,1,19035
2026-04-09T17:26:14,4.550865,-90.884285,25.7,13.83,72.3,7,1.4,103.4,4.210,-4.2,0,1,19036
2026-04-09T17:26:43,4.551357,-90.882507,25.4,13.58,72.4,6,1.6,103.5,4.211,-4.4,0,1,19037
2026-04-09T17:27:12,4.551743,-90.880669,18.8,13.24,79.5,7,1.4,103.5,4.210,-4.4,0,1,19038
2026-04-09T17:27:41,4.552250,-90.878922,17.8,12.64,76.8,7,1.4,103.7,4.210,-4.2,0,1,19039
2026-04-09T17:28:09,4.552727,-90.877197,18.4,13.37,79.7,8,1.3,103.7,4.210,-4.2,0,1,19040
2026-04-09T17:28:38,4.553223,-90.875404,21.3,13.71,72.9,9,1.1,103.4,4.209,-4.2,0,1,19041
2026-04-09T17:29:07,4.553739,-90.873596,23.4,15.39,73.1,7,1.7,103.5,4.210,-4.4,0,1,19042
2026-04-09T17:29:36,4.554145,-90.871826,19.8,13.69,75.9,7,1.5,103.5,4.211,-4.4,0,1,19043
2026-04-09T17:30:04,4.554615,-90.870125,19.8,13.11,76.4,8,1.3,103.7,4.209,-4.2,0,1,19044
2026-04-09T17:30:33,4.555100,-90.868332,19.4,13.98,77.2,8,1.3,103.4,4.211,-4.2,0,1,19045
2026-04-09T17:31:02,4.555538,-90.866531,18.7,13.20,77.3,8,1.3,103.5,4.209,-4.4,0,1,19046
2026-04-09T17:31:31,4.555985,-90.864754,15.9,13.69,76.0,7,1.5,103.4,4.211,-4.2,0,1,19047
2026-04-09T17:31:59,4.556450,-90.863037,9.4,14.42,73.7,8,1.3,103.7,4.209,-4.2,0,1,19048
2026-04-09T17:32:28,4.556953,-90.861252,12.9,13.11,72.4,8,1.3,103.7,4.210,-4.2,0,1,19049
2026-04-09T17:32:57,4.557452,-90.859489,12.4,14.19,70.2,7,1.4,103.4,4.211,-4.2,0,1,19050
2026-04-09T17:33:26,4.557915,-90.857712,11.3,13.83,76.8,7,1.4,103.2,4.210,-4.2,0,1,19051
2026-04-09T17:33:54,4.558340,-90.855995,8.9,14.07,75.6,8,1.3,103.5,4.211,2755.8,0,1,19052
2026-04-09T17:34:23,4.558773,-90.854210,-1.4,13.86,75.6,7,1.4,103.5,4.211,-4.4,0,1,19053
2026-04-09T17:34:52,4.559290,-90.852432,1.8,13.38,78.8,8,1.3,103.4,4.209,-4.2,0,1,19054
2026-04-09T17:35:21,4.559723,-90.850616,2.2,13.43,74.9,7,1.4,103.5,4.210,-4.4,0,1,19055
2026-04-09T17:35:49,4.560227,-90.848892,5.4,14.32,73.9,8,1.2,103.7,4.209,-4.2,0,1,19056
2026-04-09T17:36:18,4.560665,-90.847107,3.4,14.07,73.8,7,1.4,103.7,4.209,-4.2,0,1,19057
2026-04-09T17:36:47,4.561091,-90.845360,-1.4,13.63,70.4,7,1.4,103.7,4.210,-4.2,0,1,19058
2026-04-09T17:37:16,4.561505,-90.843567,4.1,13.02,71.5,7,2.3,103.5,4.210,-4.4,0,1,19059
2026-04-09T17:37:44,4.561967,-90.841843,11.3,13.30,74.2,9,1.2,103.4,4.210,-4.2,0,1,19060
2026-04-09T17:38:13,4.562417,-90.840034,24.2,14.01,79.4,7,2.3,103.5,4.210,-4.4,0,1,19061
2026-04-09T17:38:42,4.562891,-90.838219,27.8,13.70,73.5,9,1.2,103.5,4.210,-4.4,0,1,19062
2026-04-09T17:39:11,4.563317,-90.836388,21.9,13.89,75.2,7,2.2,103.5,4.210,-4.4,0,1,19063
2026-04-09T17:39:39,4.563817,-90.834686,28.7,13.15,71.3,7,1.4,103.5,4.210,-4.4,0,1,19064
2026-04-09T17:40:08,4.564337,-90.832909,27.7,13.17,71.2,7,2.2,103.7,4.211,-4.2,0,1,19065
2026-04-09T17:40:37,4.564842,-90.831116,25.8,13.66,76.4,8,1.3,103.4,4.209,-4.2,0,1,19066
2026-04-09T17:41:06,4.565440,-90.829407,26.3,13.61,75.9,10,1.1,103.5,4.209,-4.4,0,1,19067
2026-04-09T17:41:34,4.565927,-90.827660,20.9,14.02,77.0,9,1.1,103.5,4.209,-4.4,0,1,19068
2026-04-09T17:42:03,4.566390,-90.825890,27.6,13.42,76.1,9,1.2,103.4,4.210,-4.2,0,1,19069
2026-04-09T17:42:32,4.566902,-90.824112,31.5,13.46,73.5,10,1.1,103.5,4.209,-4.4,0,1,19070
2026-04-09T17:43:01,4.567413,-90.822319,24.4,14.74,74.2,9,1.2,103.2,4.209,-4.2,0,1,19071
2026-04-09T17:43:29,4.567938,-90.820602,33.2,13.36,72.4,10,1.1,103.4,4.210,-4.2,0,1,19072
2026-04-09T17:43:58,4.568398,-90.818802,32.4,13.88,74.9,9,1.2,103.4,4.209,-4.2,0,1,19073
2026-04-09T17:44:27,4.568871,-90.817017,41.5,13.34,71.7,9,1.2,103.4,4.210,-4.2,0,1,19074
2026-04-09T17:44:56,4.569346,-90.815254,33.3,13.61,75.3,9,1.2,103.7,4.209,-4.2,0,1,19075
2026-04-09T17:45:24,4.569769,-90.813507,30.6,13.88,75.0,9,1.2,103.5,4.209,-4.4,0,1,19076
2026-04-09T17:45:53,4.570235,-90.811745,23.2,12.77,78.5,9,1.2,103.7,4.211,-4.2,0,1,19077
2026-04-09T17:46:22,4.570706,-90.809959,22.6,13.43,75.2,9,1.2,103.4,4.210,-4.2,0,1,19078
2026-04-09T17:46:51,4.571251,-90.808212,27.6,13.98,72.3,9,1.2,103.7,4.209,-4.2,0,1,19079
2026-04-09T17:47:19,4.571631,-90.806473,30.0,12.88,75.8,9,1.2,103.7,4.210,-4.2,0,1,19080
2026-04-09T17:47:48,4.572128,-90.804710,31.6,13.48,72.7,9,1.2,103.5,4.211,-4.4,0,1,19081
2026-04-09T17:48:17,4.572575,-90.802910,34.5,13.68,74.0,9,1.2,103.5,4.209,-4.4,0,1,19082
2026-04-09T17:48:46,4.573011,-90.801094,35.0,13.10,75.9,8,1.8,103.5,4.211,-4.4,0,1,19083
2026-04-09T17:49:14,4.573596,-90.799446,25.7,13.25,73.6,9,1.2,103.4,4.207,-4.2,0,1,19084
2026-04-09T17:49:43,4.574041,-90.797653,21.9,13.27,74.6,9,1.2,103.4,4.211,-4.2,0,1,19085
2026-04-09T17:50:12,4.574542,-90.795891,27.6,13.99,72.4,9,1.2,103.7,4.210,-4.2,0,1,19086
2026-04-09T17:50:41,4.575029,-90.794121,25.4,13.82,78.2,9,1.2,103.4,4.210,-4.2,0,1,19087
2026-04-09T17:51:09,4.575551,-90.792427,24.2,13.25,73.4,9,1.2,103.5,4.210,-4.4,0,1,19088
2026-04-09T17:51:38,4.575956,-90.790642,13.8,13.47,74.6,8,1.2,103.5,4.209,-4.4,0,1,19089
2026-04-09T17:52:07,4.576403,-90.788872,13.7,13.68,74.9,9,1.2,103.4,4.209,-4.2,0,1,19090
2026-04-09T17:52:36,4.576855,-90.787109,10.4,13.21,74.3,8,1.7,103.5,4.210,-4.4,0,1,19091
2026-04-09T17:53:04,4.577323,-90.785385,11.4,13.54,71.4,9,1.1,103.7,4.210,-4.2,0,1,19092
2026-04-09T17:53:33,4.577826,-90.783646,11.2,13.34,76.8,8,1.7,103.8,4.210,-4.2,0,1,19093
2026-04-09T17:54:02,4.578331,-90.781914,4.3,13.31,72.2,9,1.1,103.5,4.210,-4.4,0,1,19094
2026-04-09T17:54:31,4.578760,-90.780136,0.1,13.61,74.9,8,1.7,103.4,4.211,-4.2,0,1,19095
2026-04-09T17:54:59,4.579176,-90.778427,12.4,13.50,75.6,9,1.1,103.4,4.210,-4.2,0,1,19096
2026-04-09T17:55:28,4.579618,-90.776688,12.4,12.82,76.6,9,1.1,103.4,4.210,-4.2,0,1,19097
2026-04-09T17:55:57,4.580110,-90.774940,13.3,13.43,75.9,8,1.6,103.4,4.210,-4.2,0,1,19098
2026-04-09T17:56:26,4.580560,-90.773170,11.1,13.85,75.8,8,1.6,103.5,4.210,-4.4,0,1,19099
2026-04-09T17:56:54,4.581033,-90.771484,0.0,13.42,74.5,9,1.1,103.4,4.211,-4.2,0,1,19100
2026-04-09T17:57:23,4.581515,-90.769753,-6.0,12.52,74.3,8,1.6,103.5,4.209,-4.4,0,1,19101
2026-04-09T17:57:52,4.582042,-90.767998,-11.3,13.57,74.4,9,1.1,103.5,4.210,-4.4,0,1,19102
2026-04-09T17:58:21,4.582528,-90.766251,-20.4,13.17,70.0,9,1.1,103.4,4.210,-4.2,0,1,19103
2026-04-09T17:58:49,4.582968,-90.764580,-23.2,13.21,77.0,9,1.3,103.5,4.210,-4.4,0,1,19104
2026-04-09T17:59:18,4.583408,-90.762810,-24.2,14.02,75.0,9,1.1,103.5,4.209,-4.4,0,1,19105
2026-04-09T17:59:47,4.583910,-90.761055,-25.7,13.29,73.5,9,1.1,103.5,4.211,-4.4,0,1,19106
2026-04-09T18:00:16,4.584385,-90.759308,-26.4,13.65,76.2,9,1.5,103.7,4.209,-4.2,0,1,19107
2026-04-09T18:00:44,4.584808,-90.757629,-24.1,13.62,73.9,10,1.1,103.4,4.210,-4.2,0,1,19108
2026-04-09T18:01:13,4.585293,-90.755875,-23.7,13.85,75.5,10,1.1,103.4,4.207,-4.2,0,1,19109
2026-04-09T18:01:42,4.585805,-90.754128,-25.2,13.49,75.3,10,1.1,103.4,4.210,-4.2,0,1,19110
2026-04-09T18:02:11,4.586295,-90.752380,-21.3,13.48,73.2,9,1.5,103.4,4.210,-4.2,0,1,19111
2026-04-09T18:02:39,4.586726,-90.750679,-20.5,13.54,75.5,9,1.4,103.5,4.209,-4.4,0,1,19112
2026-04-09T18:03:08,4.587180,-90.748909,-23.6,13.38,74.2,10,1.0,103.4,4.210,-4.2,0,1,19113
2026-04-09T18:03:37,4.587667,-90.747162,-24.9,13.32,76.7,9,1.4,103.5,4.209,-4.4,0,1,19114
2026-04-09T18:04:06,4.588141,-90.745399,-32.1,13.47,72.0,9,1.4,103.4,4.210,-4.2,0,1,19115
2026-04-09T18:04:34,4.588620,-90.743721,-29.7,13.27,74.8,10,1.0,103.8,4.210,-4.2,0,1,19116
2026-04-09T18:05:03,4.589113,-90.741982,-28.3,13.65,72.2,10,1.0,103.5,4.210,-4.4,0,1,19117
2026-04-09T18:05:32,4.589551,-90.740227,-27.1,13.00,73.5,9,1.4,103.2,4.210,-4.2,0,1,19118
2026-04-09T18:06:01,4.589992,-90.738480,-19.4,13.62,77.8,9,1.4,103.4,4.209,-4.2,0,1,19119
2026-04-09T18:06:29,4.590515,-90.736778,-8.6,13.36,76.3,10,1.0,103.7,4.209,-4.2,0,1,19120
2026-04-09T18:06:58,4.590968,-90.735023,-6.8,13.13,70.4,10,1.0,103.4,4.209,-4.2,0,1,19121
2026-04-09T18:07:27,4.591445,-90.733276,-12.0,13.05,77.6,10,1.0,103.4,4.210,-4.2,0,1,19122
2026-04-09T18:07:56,4.591915,-90.731514,-15.6,12.89,78.2,9,1.4,103.2,4.209,-4.2,0,1,19123
2026-04-09T18:08:24,4.592358,-90.729836,-12.1,12.98,75.1,10,1.0,103.4,4.209,-4.2,0,1,19124
2026-04-09T18:08:53,4.592822,-90.728073,-5.4,13.43,68.3,9,1.4,103.4,4.209,-4.2,0,1,19125
2026-04-09T18:09:22,4.593298,-90.726311,5.5,13.23,74.5,10,1.0,103.7,4.211,-4.2,0,1,19126
2026-04-09T18:09:51,4.593812,-90.724571,20.3,13.56,72.3,9,1.4,103.5,4.209,-4.4,0,1,19127
2026-04-09T18:10:19,4.594322,-90.722862,26.1,13.41,71.3,10,1.0,103.5,4.209,-4.4,0,1,19128
2026-04-09T18:10:48,4.594810,-90.721138,27.2,12.87,72.8,9,1.4,103.5,4.207,-4.4,0,1,19129
2026-04-09T18:11:17,4.595330,-90.719429,27.4,12.82,72.1,9,1.3,103.4,4.210,-4.2,0,1,19130
2026-04-09T18:11:46,4.595900,-90.717712,24.3,13.69,72.7,9,1.3,103.5,4.211,-4.4,0,1,19131
2026-04-09T18:12:14,4.596380,-90.716026,24.9,13.41,74.2,9,1.3,103.4,4.207,-4.2,0,1,19132
2026-04-09T18:12:43,4.596843,-90.714287,19.4,13.24,74.7,9,1.3,103.7,4.209,-4.2,0,1,19133
2026-04-09T18:13:12,4.597336,-90.712547,17.1,13.78,72.1,9,1.3,103.4,4.209,-4.2,0,1,19134
2026-04-09T18:13:41,4.597842,-90.710823,17.6,13.48,73.2,9,1.3,103.4,4.210,-4.2,0,1,19135
2026-04-09T18:14:09,4.598336,-90.709160,22.7,13.55,71.1,9,1.3,103.4,4.210,-4.2,0,1,19136
2026-04-09T18:14:38,4.598798,-90.707390,18.1,12.77,74.3,9,1.3,103.5,4.211,-4.4,0,1,19137
2026-04-09T18:15:07,4.599340,-90.705704,23.0,13.22,72.8,9,1.3,103.7,4.211,-4.2,0,1,19138
2026-04-09T18:15:36,4.599863,-90.703987,19.1,13.17,74.7,9,1.3,103.5,4.210,-4.4,0,1,19139
2026-04-09T18:16:04,4.600340,-90.702301,28.1,13.34,76.5,9,1.3,103.4,4.210,-4.2,0,1,19140
2026-04-09T18:16:33,4.600840,-90.700546,39.9,14.31,72.5,9,1.3,103.4,4.210,-4.2,0,1,19141
2026-04-09T18:17:02,4.601380,-90.698814,8.5,13.61,71.0,9,1.3,103.7,4.209,-4.2,0,1,19142
2026-04-09T18:17:31,4.601897,-90.697105,-5.8,14.04,71.1,9,1.3,103.4,4.210,-4.2,0,1,19143
2026-04-09T18:17:59,4.602438,-90.695465,-6.4,13.46,69.9,9,1.3,103.5,4.209,2755.8,0,1,19144
2026-04-09T18:18:28,4.602919,-90.693710,-8.6,13.73,74.1,9,1.3,103.5,4.210,-4.4,0,1,19145
2026-04-09T18:18:57,4.603279,-90.691971,0.2,12.97,72.8,9,1.3,103.7,4.210,-4.2,0,1,19146
2026-04-09T18:19:26,4.603748,-90.690239,8.5,13.45,71.6,9,1.3,103.5,4.210,-4.4,0,1,19147
2026-04-09T18:19:54,4.604295,-90.688522,20.9,13.25,75.1,9,1.3,103.5,4.209,-4.4,0,1,19148
2026-04-09T18:20:23,4.604753,-90.686768,4.5,13.51,72.2,9,1.3,103.4,4.210,-4.2,0,1,19149
2026-04-09T18:20:52,4.605275,-90.685043,-3.9,13.65,74.5,9,1.3,103.5,4.209,-4.4,0,1,19150
2026-04-09T18:21:21,4.605767,-90.683311,-7.3,12.51,75.8,8,1.6,103.5,4.210,-4.4,0,1,19151
2026-04-09T18:21:49,4.606228,-90.681641,-6.2,13.08,73.0,9,1.2,103.7,4.210,-4.2,0,1,19152
2026-04-09T18:22:18,4.606760,-90.679893,-1.1,12.75,71.8,9,1.2,103.7,4.210,-4.2,0,1,19153
2026-04-09T18:22:47,4.607248,-90.678154,3.6,13.19,73.8,9,1.2,104.0,4.210,-4.2,0,1,19154
2026-04-09T18:23:16,4.607707,-90.676414,3.2,13.15,69.9,9,1.2,103.5,4.210,-4.4,0,1,19155
2026-04-09T18:23:44,4.608233,-90.674751,7.5,13.28,70.0,9,1.2,103.5,4.209,-4.4,0,1,19156
2026-04-09T18:24:13,4.608732,-90.673027,10.3,12.80,72.1,9,1.2,103.5,4.211,-4.4,0,1,19157
2026-04-09T18:24:42,4.609219,-90.671303,14.9,13.38,71.1,8,1.6,103.5,4.210,-4.4,0,1,19158
2026-04-09T18:25:11,4.609718,-90.669571,25.6,12.80,72.7,9,1.2,103.5,4.211,-4.4,0,1,19159
2026-04-09T18:25:39,4.610213,-90.667908,19.7,13.18,73.9,9,1.2,103.4,4.210,-4.2,0,1,19160
2026-04-09T18:26:08,4.610727,-90.666168,18.2,12.79,72.7,9,1.2,103.4,4.210,-4.2,0,1,19161
2026-04-09T18:26:37,4.611195,-90.664391,23.5,12.75,72.1,9,1.2,103.8,4.210,-4.2,0,1,19162
2026-04-09T18:27:06,4.611677,-90.662659,31.6,13.63,80.0,8,2.2,103.5,4.209,-4.4,0,1,19163
2026-04-09T18:27:34,4.612200,-90.661057,41.6,13.05,70.8,8,1.5,103.5,4.207,2755.8,0,1,19164
2026-04-09T18:28:03,4.612710,-90.659325,38.5,12.41,70.7,8,1.5,103.7,4.210,-4.2,0,1,19165
2026-04-09T18:28:32,4.613217,-90.657616,46.7,13.50,74.9,9,1.2,103.5,4.209,-4.4,0,1,19166
2026-04-09T18:29:01,4.613731,-90.655891,50.2,13.13,71.2,8,1.5,103.4,4.211,-4.2,0,1,19167
2026-04-09T18:29:29,4.614260,-90.654213,45.8,13.31,71.3,9,1.2,103.5,4.211,-4.4,0,1,19168
2026-04-09T18:29:58,4.614723,-90.652473,37.1,12.79,76.3,8,1.5,103.7,4.210,-4.2,0,1,19169
2026-04-09T18:30:27,4.615245,-90.650764,40.9,13.16,73.3,9,1.2,103.5,4.211,-4.4,0,1,19170
2026-04-09T18:30:56,4.615717,-90.649040,38.7,13.58,71.6,8,1.5,103.7,4.209,-4.2,0,1,19171
2026-04-09T18:31:24,4.616205,-90.647377,31.5,13.12,76.7,9,1.1,103.4,4.210,-4.2,0,1,19172
2026-04-09T18:31:53,4.616666,-90.645638,26.4,12.88,75.1,9,1.1,103.5,4.211,-4.4,0,1,19173
2026-04-09T18:32:22,4.617197,-90.643913,26.7,13.21,74.4,9,1.1,103.5,4.211,-4.4,0,1,19174
2026-04-09T18:32:51,4.617670,-90.642128,25.1,13.04,77.3,8,1.5,103.4,4.210,-4.2,0,1,19175
2026-04-09T18:33:19,4.618056,-90.640381,23.8,13.16,73.2,9,1.1,103.4,4.211,-4.2,0,1,19176
2026-04-09T18:33:48,4.618516,-90.638596,22.2,13.50,73.7,8,1.5,103.7,4.209,-4.2,0,1,19177
2026-04-09T18:34:17,4.618919,-90.636856,28.8,13.79,77.7,9,1.1,103.5,4.209,-4.4,0,1,19178
2026-04-09T18:34:46,4.619400,-90.635139,34.1,13.10,76.4,9,1.1,103.8,4.210,-4.2,0,1,19179
2026-04-09T18:35:14,4.619936,-90.633469,32.3,13.83,74.4,9,1.1,103.4,4.209,-4.2,0,1,19180
2026-04-09T18:35:43,4.620456,-90.631744,32.7,12.64,75.9,9,1.1,103.5,4.210,-4.4,0,1,19181
2026-04-09T18:36:12,4.621088,-90.630005,31.4,13.41,71.9,8,1.4,103.4,4.209,-4.2,0,1,19182
2026-04-09T18:36:41,4.621583,-90.628250,30.8,14.08,74.1,9,1.1,103.5,4.210,-4.4,0,1,19183
2026-04-09T18:37:09,4.622068,-90.626602,23.2,13.78,75.4,9,1.1,103.5,4.210,-4.4,0,1,19184
2026-04-09T18:37:38,4.622558,-90.624870,21.5,12.71,72.3,9,1.1,103.5,4.210,-4.4,0,1,19185
2026-04-09T18:38:07,4.623063,-90.623116,12.0,13.51,72.0,8,1.4,103.2,4.210,-4.2,0,1,19186
2026-04-09T18:38:36,4.623565,-90.621384,3.2,13.79,73.5,8,1.4,103.5,4.209,-4.4,0,1,19187
2026-04-09T18:39:04,4.624063,-90.619728,14.2,13.35,72.4,9,1.1,103.4,4.210,-4.2,0,1,19188
2026-04-09T18:39:33,4.624575,-90.617989,10.7,12.86,72.7,9,1.1,103.5,4.209,-4.4,0,1,19189
2026-04-09T18:40:02,4.625138,-90.616264,11.1,13.59,75.4,9,1.1,103.5,4.210,-4.4,0,1,19190
2026-04-09T18:40:31,4.625637,-90.614525,22.5,13.49,73.2,9,1.1,103.5,4.209,-4.4,0,1,19191
2026-04-09T18:40:59,4.626090,-90.612831,38.9,13.62,72.3,9,1.1,103.2,4.209,-4.2,0,1,19192
2026-04-09T18:41:28,4.626565,-90.611099,42.8,14.54,72.3,9,1.1,103.4,4.209,-4.2,0,1,19193
2026-04-09T18:41:57,4.627057,-90.609360,43.8,13.18,76.6,8,1.4,103.5,4.211,-4.4,0,1,19194
2026-04-09T18:42:26,4.627613,-90.607689,25.0,12.79,74.5,8,1.4,103.4,4.210,-4.2,0,1,19195
2026-04-09T18:42:54,4.628109,-90.606026,28.7,13.54,74.9,8,1.4,103.4,4.209,2751.6,0,1,19196
2026-04-09T18:43:23,4.628605,-90.604263,33.7,14.50,70.6,7,1.4,103.8,4.210,-4.2,0,1,19197
2026-04-09T18:43:52,4.629080,-90.602531,30.5,12.83,75.3,8,1.3,103.2,4.210,-4.2,0,1,19198
2026-04-09T18:44:21,4.629583,-90.600739,50.7,12.50,75.9,9,1.1,103.4,4.209,-4.2,0,1,19199
2026-04-09T18:44:49,4.630058,-90.599030,74.3,13.77,73.0,8,1.3,103.4,4.210,-4.2,0,1,19200
2026-04-09T18:45:18,4.630567,-90.597275,79.1,13.11,73.2,8,1.3,103.4,4.211,-4.2,0,1,19201
2026-04-09T18:45:47,4.630960,-90.595512,82.3,12.59,77.3,7,1.4,103.7,4.210,-4.2,0,1,19202
2026-04-09T18:46:16,4.631440,-90.593727,81.7,13.86,75.1,8,1.3,103.5,4.210,-4.4,0,1,19203
2026-04-09T18:46:44,4.631919,-90.592041,84.4,12.59,73.7,8,1.3,103.5,4.210,-4.4,0,1,19204
2026-04-09T18:47:13,4.632446,-90.590302,87.8,13.50,74.2,8,1.3,103.5,4.210,-4.4,0,1,19205
2026-04-09T18:47:42,4.632951,-90.588509,90.9,14.64,73.6,8,1.3,103.5,4.211,-4.4,0,1,19206
2026-04-09T18:48:11,4.633400,-90.586761,99.0,12.96,74.7,8,1.3,103.5,4.209,-4.4,0,1,19207
2026-04-09T18:48:39,4.633873,-90.585052,95.2,13.42,72.6,8,1.3,103.4,4.210,-4.2,0,1,19208
2026-04-09T18:49:08,4.634355,-90.583305,91.0,12.82,75.2,8,1.3,103.7,4.209,-4.2,0,1,19209
2026-04-09T18:49:37,4.634870,-90.581558,85.3,13.95,73.4,8,1.3,103.8,4.210,-4.2,0,1,19210
2026-04-09T18:50:06,4.635368,-90.579903,66.0,13.09,74.0,8,1.3,103.4,4.209,-4.2,0,1,19211
2026-04-09T18:50:34,4.635938,-90.578300,45.5,13.19,73.0,8,1.3,103.4,4.211,-4.2,0,1,19212
2026-04-09T18:51:03,4.636422,-90.576530,49.5,14.62,76.0,8,1.3,103.5,4.210,-4.4,0,1,19213
2026-04-09T18:51:32,4.636867,-90.574768,48.3,12.86,75.5,8,1.3,103.5,4.210,-4.4,0,1,19214
2026-04-09T18:52:01,4.637422,-90.573044,54.1,13.72,70.5,8,1.3,103.4,4.210,-4.2,0,1,19215
2026-04-09T18:52:29,4.637863,-90.571350,55.1,13.19,74.7,8,1.3,103.4,4.209,-4.2,0,1,19216
2026-04-09T18:52:58,4.638406,-90.569656,51.2,13.18,72.5,8,1.3,103.7,4.209,-4.2,0,1,19217
2026-04-09T18:53:27,4.638943,-90.567947,43.2,12.29,75.2,7,3.2,103.7,4.209,-4.2,0,1,19218
2026-04-09T18:53:56,4.639410,-90.566216,43.3,12.25,76.5,8,1.3,103.4,4.210,-4.2,0,1,19219
2026-04-09T18:54:24,4.639930,-90.564529,47.7,12.70,75.4,8,1.3,103.7,4.210,-4.2,0,1,19220
2026-04-09T18:54:53,4.640433,-90.562790,45.4,13.11,75.0,8,1.2,103.4,4.210,-4.2,0,1,19221
2026-04-09T18:55:22,4.640992,-90.561073,41.1,13.91,67.6,8,1.2,103.2,4.210,-4.2,0,1,19222
2026-04-09T18:55:51,4.641461,-90.559357,38.4,12.25,74.2,8,1.2,103.7,4.210,-4.2,0,1,19223
2026-04-09T18:56:19,4.642078,-90.557732,28.8,14.06,69.3,9,1.1,103.5,4.210,-4.4,0,1,19224
2026-04-09T18:56:48,4.642588,-90.556053,14.2,13.19,79.5,8,2.6,103.5,4.210,-4.4,0,1,19225
2026-04-09T18:57:17,4.643112,-90.554291,9.7,13.80,73.4,8,2.6,103.2,4.210,-4.2,0,1,19226
2026-04-09T18:57:46,4.643641,-90.552513,16.1,13.75,73.7,9,1.1,103.5,4.210,-4.4,0,1,19227
2026-04-09T18:58:14,4.644058,-90.550819,19.2,13.29,73.4,9,1.1,103.4,4.209,-4.2,0,1,19228
2026-04-09T18:58:43,4.644630,-90.549042,20.4,13.59,71.5,8,2.5,103.4,4.209,-4.2,0,1,19229
2026-04-09T18:59:12,4.644995,-90.547295,21.4,13.18,77.0,9,1.1,103.4,4.211,-4.2,0,1,19230
2026-04-09T18:59:41,4.645496,-90.545563,23.5,14.20,70.9,8,2.5,103.5,4.209,-4.4,0,1,19231
2026-04-09T19:00:09,4.646021,-90.543884,26.1,13.66,67.5,9,1.1,103.7,4.209,-4.2,0,1,19232
2026-04-09T19:00:38,4.646552,-90.542137,22.6,12.47,77.3,8,3.4,103.4,4.210,-4.2,0,1,19233
2026-04-09T19:01:07,4.646880,-90.540421,11.0,13.03,75.5,8,2.5,103.5,4.209,-4.4,0,1,19234
2026-04-09T19:01:36,4.647323,-90.538666,4.8,13.10,75.1,9,1.1,103.4,4.211,-4.2,0,1,19235
2026-04-09T19:02:04,4.647688,-90.537018,-9.1,12.94,78.9,8,2.5,103.4,4.210,-4.2,0,1,19236
2026-04-09T19:02:33,4.648112,-90.535271,-14.7,12.85,78.4,9,1.1,103.5,4.209,-4.4,0,1,19237
2026-04-09T19:03:02,4.648477,-90.533562,-25.5,13.33,79.4,9,2.5,103.4,4.210,-4.2,0,1,19238
2026-04-09T19:03:31,4.648932,-90.531860,-32.9,12.83,73.0,8,2.5,103.5,4.210,-4.4,0,1,19239
2026-04-09T19:03:59,4.649395,-90.530167,-34.8,12.63,76.0,7,2.7,103.4,4.210,-4.2,0,1,19240
2026-04-09T19:04:28,4.650042,-90.528389,-26.6,13.27,73.7,8,1.1,103.7,4.211,-4.2,0,1,19241
2026-04-09T19:04:57,4.650582,-90.526627,-22.1,14.06,71.4,7,2.7,103.5,4.210,-4.4,0,1,19242
2026-04-09T19:05:26,4.651070,-90.524879,-22.1,13.45,73.5,7,2.7,103.4,4.210,-4.2,0,1,19243
2026-04-09T19:05:54,4.651623,-90.523209,-24.7,13.69,71.9,7,2.6,103.4,4.210,-4.2,0,1,19244
2026-04-09T19:06:23,4.652170,-90.521439,-28.7,14.02,70.7,7,2.6,103.4,4.211,-4.2,0,1,19245
2026-04-09T19:06:52,4.652585,-90.519722,-39.6,13.43,69.5,7,2.6,103.4,4.209,-4.2,0,1,19246
2026-04-09T19:07:21,4.653049,-90.517990,-41.6,13.60,74.5,7,2.5,103.4,4.210,-4.2,0,1,19247
2026-04-09T19:07:49,4.653420,-90.516304,-49.9,13.51,78.3,7,3.3,103.4,4.209,-4.2,0,1,19248
2026-04-09T19:08:18,4.653952,-90.514557,-57.6,12.88,74.5,8,1.1,103.5,4.210,-4.4,0,1,19249
2026-04-09T19:08:47,4.654457,-90.512802,-59.1,13.20,80.7,7,2.5,103.4,4.210,-4.2,0,1,19250
2026-04-09T19:09:16,4.654977,-90.511047,-58.1,13.19,75.2,6,3.0,103.5,4.209,-4.4,0,1,19251
2026-04-09T19:09:44,4.655533,-90.509315,-47.5,13.55,75.9,7,2.4,103.4,4.211,2751.6,0,1,19252
2026-04-09T19:10:13,4.656153,-90.507538,-48.7,12.56,77.8,7,2.4,103.4,4.209,-4.2,0,1,19253
2026-04-09T19:10:42,4.656805,-90.505737,-45.9,13.77,72.3,7,2.4,103.2,4.211,-4.2,0,1,19254
2026-04-09T19:11:11,4.657290,-90.503975,-44.7,12.47,80.4,7,2.4,103.7,4.210,-4.2,0,1,19255
2026-04-09T19:11:39,4.657865,-90.502251,-26.9,13.76,72.6,7,2.3,103.7,4.209,-4.2,0,1,19256
2026-04-09T19:12:08,4.658347,-90.500443,-16.7,12.95,76.1,7,2.3,103.2,4.210,-4.2,0,1,19257
2026-04-09T19:12:37,4.658937,-90.498711,-7.9,13.50,70.3,8,2.6,103.5,4.210,-4.4,0,1,19258
2026-04-09T19:13:06,4.659377,-90.496994,-13.6,12.82,79.2,8,2.3,103.5,4.210,-4.4,0,1,19259
2026-04-09T19:13:34,4.659913,-90.495293,-11.1,13.39,70.7,8,2.2,103.7,4.209,-4.2,0,1,19260
2026-04-09T19:14:03,4.660463,-90.493507,9.1,13.57,73.0,8,2.2,103.5,4.209,-4.4,0,1,19261
2026-04-09T19:14:32,4.660877,-90.491783,-2.0,13.00,75.9,8,2.2,103.5,4.210,-4.4,0,1,19262
2026-04-09T19:15:01,4.661417,-90.490021,10.0,13.42,69.7,8,2.2,103.7,4.209,-4.2,0,1,19263
2026-04-09T19:15:29,4.661865,-90.488335,10.2,13.64,70.6,8,2.2,103.4,4.207,-4.2,0,1,19264
2026-04-09T19:15:58,4.662377,-90.486588,9.3,13.40,80.0,8,2.1,103.4,4.209,-4.2,0,1,19265
2026-04-09T19:16:27,4.662970,-90.484863,8.4,12.91,73.2,8,2.1,103.8,4.210,-4.2,0,1,19266
2026-04-09T19:16:56,4.663502,-90.483116,1.3,13.48,74.4,8,2.1,103.4,4.209,-4.2,0,1,19267
2026-04-09T19:17:24,4.663949,-90.481430,4.0,13.14,77.0,8,2.1,103.7,4.210,-4.2,0,1,19268
2026-04-09T19:17:53,4.664380,-90.479706,5.0,11.94,80.6,8,2.1,103.8,4.209,-4.2,0,1,19269
2026-04-09T19:18:22,4.664837,-90.477943,8.5,13.52,74.5,8,2.0,103.4,4.209,-4.2,0,1,19270
2026-04-09T19:18:51,4.665400,-90.476196,13.2,12.39,74.9,8,2.0,103.5,4.209,-4.4,0,1,19271
2026-04-09T19:19:19,4.665908,-90.474495,18.7,13.78,71.1,8,2.0,103.4,4.211,2751.6,0,1,19272
2026-04-09T19:19:48,4.666272,-90.472771,10.4,13.34,81.6,8,2.0,103.5,4.210,-4.4,0,1,19273
2026-04-09T19:20:17,4.666798,-90.471077,10.1,13.41,72.3,8,2.0,103.4,4.211,-4.2,0,1,19274
2026-04-09T19:20:46,4.667266,-90.469353,8.7,13.45,75.1,8,2.0,103.5,4.209,-4.4,0,1,19275
2026-04-09T19:21:14,4.667856,-90.467659,19.6,13.23,71.9,8,2.0,103.4,4.211,-4.2,0,1,19276
2026-04-09T19:21:43,4.668425,-90.465927,24.1,13.99,74.4,8,1.9,103.4,4.209,-4.2,0,1,19277
2026-04-09T19:22:12,4.668916,-90.464233,18.5,13.48,73.7,8,1.9,103.7,4.211,-4.2,0,1,19278
2026-04-09T19:22:41,4.669415,-90.462532,11.9,13.28,72.6,7,2.6,103.4,4.210,-4.2,0,1,19279
2026-04-09T19:23:09,4.669961,-90.460876,8.9,13.43,68.6,8,1.9,103.5,4.210,-4.4,0,1,19280
2026-04-09T19:23:38,4.670380,-90.459152,5.1,13.45,71.2,8,1.9,103.4,4.211,-4.2,0,1,19281
2026-04-09T19:24:07,4.670870,-90.457405,8.9,13.87,75.0,8,1.9,103.5,4.209,-4.4,0,1,19282
2026-04-09T19:24:36,4.671360,-90.455643,15.6,13.48,72.8,8,1.8,103.7,4.210,-4.2,0,1,19283
2026-04-09T19:25:04,4.671833,-90.453987,16.1,13.50,70.6,8,1.8,103.7,4.209,-4.2,0,1,19284
2026-04-09T19:25:33,4.672333,-90.452240,11.5,12.58,74.8,7,2.5,103.4,4.210,-4.2,0,1,19285
2026-04-09T19:26:02,4.672826,-90.450508,10.5,13.14,72.6,8,1.8,103.4,4.207,-4.2,0,1,19286
2026-04-09T19:26:31,4.673291,-90.448799,7.3,13.12,75.0,8,1.8,103.2,4.210,-4.2,0,1,19287
2026-04-09T19:26:59,4.673758,-90.447121,7.4,13.48,70.7,7,1.8,103.4,4.209,-4.2,0,1,19288
2026-04-09T19:27:28,4.674298,-90.445412,5.2,14.06,70.4,7,2.5,103.4,4.209,-4.2,0,1,19289
2026-04-09T19:27:57,4.674671,-90.443680,-0.3,14.18,76.8,8,1.8,103.4,4.209,-4.2,0,1,19290
2026-04-09T19:28:26,4.675035,-90.441956,-10.7,13.10,78.2,7,2.5,103.5,4.209,-4.4,0,1,19291
2026-04-09T19:28:54,4.675462,-90.440308,-19.7,12.94,71.1,8,1.7,103.5,4.210,-4.4,0,1,19292
2026-04-09T19:29:23,4.675885,-90.438568,-19.6,13.80,72.9,7,2.5,103.4,4.209,-4.2,0,1,19293
2026-04-09T19:29:52,4.676480,-90.436867,-20.8,13.49,68.8,7,2.5,103.7,4.209,-4.2,0,1,19294
2026-04-09T19:30:21,4.677066,-90.435135,-20.4,13.66,74.2,7,2.4,103.2,4.210,-4.2,0,1,19295
2026-04-09T19:30:49,4.677638,-90.433456,-13.2,13.25,70.7,8,1.7,103.5,4.209,-4.4,0,1,19296
2026-04-09T19:31:18,4.678185,-90.431709,-8.7,13.02,74.8,8,1.7,103.5,4.211,-4.4,0,1,19297
2026-04-09T19:31:47,4.678761,-90.429939,-1.4,13.99,74.9,8,1.6,103.5,4.210,-4.4,0,1,19298
2026-04-09T19:32:16,4.679283,-90.428185,8.3,13.68,74.0,8,1.6,103.4,4.210,-4.2,0,1,19299
2026-04-09T19:32:44,4.679866,-90.426498,16.7,14.08,70.3,8,1.6,103.4,4.209,-4.2,0,1,19300
2026-04-09T19:33:13,4.680353,-90.424751,17.2,14.08,76.4,7,2.4,103.7,4.210,-4.2,0,1,19301
2026-04-09T19:33:42,4.680758,-90.423004,17.0,12.69,76.3,7,2.4,103.4,4.209,-4.2,0,1,19302
2026-04-09T19:34:11,4.681158,-90.421295,1.6,13.54,71.7,6,2.6,103.4,4.210,-4.2,0,1,19303
2026-04-09T19:34:39,4.681586,-90.419594,-5.2,13.55,71.8,7,1.6,103.5,4.210,-4.4,0,1,19304
2026-04-09T19:35:08,4.682071,-90.417892,-2.6,13.57,75.3,8,1.6,103.7,4.210,-4.2,0,1,19305
2026-04-09T19:35:37,4.682690,-90.416168,0.9,13.11,68.6,7,2.3,103.4,4.211,-4.2,0,1,19306
2026-04-09T19:36:06,4.683237,-90.414413,3.0,13.38,71.7,7,2.3,103.4,4.209,-4.2,0,1,19307
2026-04-09T19:36:34,4.683585,-90.412651,5.4,13.95,75.5,8,1.5,103.5,4.210,-4.4,0,1,19308
2026-04-09T19:37:03,4.684010,-90.410950,9.9,13.74,70.6,8,1.5,103.5,4.209,-4.4,0,1,19309
2026-04-09T19:37:32,4.684588,-90.409248,21.0,12.18,70.5,8,1.5,103.2,4.210,-4.2,0,1,19310
2026-04-09T19:38:01,4.685182,-90.407501,22.5,14.13,71.2,8,1.5,103.7,4.209,-4.2,0,1,19311
2026-04-09T19:38:29,4.685753,-90.405914,30.0,13.26,72.0,7,2.3,103.7,4.210,-4.2,0,1,19312
2026-04-09T19:38:58,4.686165,-90.404221,17.0,12.55,72.2,7,2.2,103.4,4.210,-4.2,0,1,19313
2026-04-09T19:39:27,4.686625,-90.402504,5.1,12.80,75.4,7,2.2,103.4,4.210,-4.2,0,1,19314
2026-04-09T19:39:56,4.687016,-90.400703,14.8,13.46,75.3,7,2.2,103.5,4.210,-4.4,0,1,19315
2026-04-09T19:40:24,4.687536,-90.399010,23.1,13.51,70.2,7,2.2,103.7,4.209,-4.2,0,1,19316
2026-04-09T19:40:53,4.688120,-90.397324,30.0,12.99,72.8,7,2.2,103.5,4.209,-4.4,0,1,19317
2026-04-09T19:41:22,4.688630,-90.395599,31.2,13.12,71.6,7,2.2,103.4,4.209,-4.2,0,1,19318
2026-04-09T19:41:51,4.689020,-90.393822,30.5,13.49,73.9,7,2.2,103.2,4.210,2747.5,0,1,19319
2026-04-09T19:42:19,4.689580,-90.392189,29.8,12.86,71.5,8,1.5,103.4,4.210,-4.2,0,1,19320
2026-04-09T19:42:48,4.690212,-90.390495,39.2,13.66,70.3,7,2.2,103.5,4.210,-4.4,0,1,19321
2026-04-09T19:43:17,4.690620,-90.388748,35.0,13.53,75.2,7,2.2,103.7,4.210,-4.2,0,1,19322
2026-04-09T19:43:46,4.691128,-90.387001,41.0,13.80,75.1,8,1.4,103.4,4.207,-4.2,0,1,19323
2026-04-09T19:44:14,4.691542,-90.385391,20.7,13.22,73.0,8,1.4,103.4,4.211,-4.2,0,1,19324
2026-04-09T19:44:43,4.692033,-90.383659,26.9,12.88,74.0,8,1.4,103.4,4.210,-4.2,0,1,19325
2026-04-09T19:45:12,4.692478,-90.381912,24.8,13.38,74.0,7,2.1,103.4,4.210,-4.2,0,1,19326
2026-04-09T19:45:41,4.693070,-90.380142,26.7,13.50,74.5,7,2.1,103.7,4.210,-4.2,0,1,19327
2026-04-09T19:46:09,4.693573,-90.378448,36.8,13.53,74.7,8,1.4,103.7,4.210,-4.2,0,1,19328
2026-04-09T19:46:38,4.694120,-90.376740,43.7,12.84,70.0,7,2.1,103.5,4.210,-4.4,0,1,19329
2026-04-09T19:47:07,4.694692,-90.375069,40.8,12.66,65.9,7,2.1,103.4,4.210,-4.2,0,1,19330
2026-04-09T19:47:36,4.695165,-90.373360,42.6,13.50,76.5,7,2.1,103.4,4.210,-4.2,0,1,19331
2026-04-09T19:48:04,4.695638,-90.371658,41.9,12.70,70.7,8,1.4,103.4,4.210,-4.2,0,1,19332
2026-04-09T19:48:33,4.696013,-90.369942,35.6,12.66,76.6,8,1.4,103.5,4.209,-4.4,0,1,19333
2026-04-09T19:49:02,4.696448,-90.368263,29.1,13.17,71.1,7,2.1,103.4,4.209,-4.2,0,1,19334
2026-04-09T19:49:31,4.696790,-90.366531,20.8,12.47,77.3,7,2.1,103.4,4.210,-4.2,0,1,19335
2026-04-09T19:49:59,4.697252,-90.364891,22.4,13.14,75.2,7,2.1,103.4,4.207,-4.2,0,1,19336
2026-04-09T19:50:28,4.697843,-90.363167,32.0,13.09,69.9,7,2.0,103.4,4.209,-4.2,0,1,19337
2026-04-09T19:50:57,4.698283,-90.361382,36.6,13.84,76.7,7,2.0,103.4,4.210,-4.2,0,1,19338
2026-04-09T19:51:26,4.698828,-90.359680,39.2,12.80,71.6,7,2.0,103.7,4.209,-4.2,0,1,19339
2026-04-09T19:51:54,4.699332,-90.358040,41.3,13.12,71.7,6,2.3,103.4,4.209,-4.2,0,1,19340
2026-04-09T19:52:23,4.699825,-90.356346,45.4,13.27,75.0,6,2.3,103.4,4.210,-4.2,0,1,19341
2026-04-09T19:52:52,4.700330,-90.354614,45.2,13.26,72.5,6,2.3,103.4,4.209,-4.2,0,1,19342
2026-04-09T19:53:21,4.700795,-90.352951,27.3,13.82,76.0,7,2.1,103.5,4.209,-4.4,0,1,19343
2026-04-09T19:53:49,4.701233,-90.351295,13.6,13.20,75.0,7,2.1,103.4,4.209,-4.2,0,1,19344
2026-04-09T19:54:18,4.701687,-90.349533,9.7,13.50,76.7,7,2.1,103.5,4.210,-4.4,0,1,19345
2026-04-09T19:54:47,4.702168,-90.347794,13.0,12.97,76.7,7,2.1,103.7,4.210,-4.2,0,1,19346
2026-04-09T19:55:16,4.702581,-90.346031,10.0,13.02,78.2,7,2.1,103.4,4.210,-4.2,0,1,19347
2026-04-09T19:55:44,4.703015,-90.344414,-0.1,13.44,75.2,7,2.1,103.7,4.210,-4.2,0,1,19348
2026-04-09T19:56:13,4.703370,-90.342659,-7.5,13.61,82.2,7,2.0,103.5,4.209,-4.4,0,1,19349
2026-04-09T19:56:42,4.703953,-90.340981,-9.2,12.89,73.6,7,2.0,103.4,4.210,-4.2,0,1,19350
2026-04-09T19:57:11,4.704442,-90.339256,-8.8,13.00,73.3,7,2.0,103.4,4.210,-4.2,0,1,19351
2026-04-09T19:57:39,4.704922,-90.337601,-5.8,12.84,72.2,7,2.0,103.5,4.209,-4.4,0,1,19352
2026-04-09T19:58:08,4.705443,-90.335861,-1.8,13.61,77.6,7,2.0,103.5,4.210,-4.4,0,1,19353
2026-04-09T19:58:37,4.706005,-90.334137,2.9,13.27,68.8,7,2.0,103.5,4.209,-4.4,0,1,19354
2026-04-09T19:59:06,4.706473,-90.332481,3.9,12.26,74.7,6,2.5,103.7,4.209,-4.2,0,1,19355
2026-04-09T19:59:34,4.706977,-90.330833,3.9,12.92,73.8,6,2.5,103.7,4.210,-4.2,0,1,19356
2026-04-09T20:00:03,4.707489,-90.329079,7.4,13.28,72.7,6,2.5,103.5,4.209,-4.4,0,1,19357
2026-04-09T20:00:32,4.707957,-90.327309,11.3,13.00,71.6,6,2.5,103.5,4.210,-4.4,0,1,19358
2026-04-09T20:01:01,4.708455,-90.325584,15.0,12.64,72.5,6,2.5,103.4,4.209,-4.2,0,1,19359
2026-04-09T20:01:29,4.708985,-90.323921,18.5,13.38,71.3,6,2.4,103.5,4.210,-4.4,0,1,19360
2026-04-09T20:01:58,4.709467,-90.322205,22.9,13.60,75.6,6,2.4,103.4,4.209,-4.2,0,1,19361
2026-04-09T20:02:27,4.710053,-90.320518,29.4,12.32,72.2,6,2.4,103.4,4.210,-4.2,0,1,19362
2026-04-09T20:02:56,4.710565,-90.318802,38.3,13.14,73.0,6,2.4,103.5,4.209,-4.4,0,1,19363
2026-04-09T20:03:24,4.711137,-90.317184,47.2,12.90,71.3,6,2.4,103.5,4.210,-4.4,0,1,19364
2026-04-09T20:03:53,4.711723,-90.315552,55.4,13.25,72.4,6,2.4,103.4,4.209,-4.2,0,1,19365
2026-04-09T20:04:22,4.712188,-90.313797,60.4,12.93,73.7,6,2.4,103.4,4.210,-4.2,0,1,19366
2026-04-09T20:04:51,4.712797,-90.312149,64.5,13.00,70.6,6,2.3,103.5,4.209,-4.4,0,1,19367
2026-04-09T20:05:19,4.713170,-90.310417,58.9,12.26,77.5,6,2.3,103.7,4.209,-4.2,0,1,19368
2026-04-09T20:05:48,4.713665,-90.308731,57.9,13.19,71.4,6,2.3,103.7,4.210,-4.2,0,1,19369
2026-04-09T20:06:17,4.714045,-90.306938,53.7,14.25,76.5,7,2.1,103.5,4.211,-4.4,0,1,19370
2026-04-09T20:06:46,4.714345,-90.305122,45.7,13.34,81.4,7,2.1,103.4,4.209,-4.2,0,1,19371
2026-04-09T20:07:14,4.714857,-90.303513,42.5,12.71,73.1,7,2.1,103.5,4.209,-4.4,0,1,19372
2026-04-09T20:07:43,4.715363,-90.301765,35.9,13.07,71.2,7,2.1,103.5,4.210,-4.4,0,1,19373
2026-04-09T20:08:12,4.715752,-90.300003,20.6,13.26,71.1,7,2.1,103.2,4.210,-4.2,0,1,19374
2026-04-09T20:08:41,4.716002,-90.298134,6.3,13.78,73.5,7,2.1,103.5,4.210,-4.4,0,1,19375
2026-04-09T20:09:09,4.716392,-90.296440,-8.2,13.28,75.5,7,2.1,103.4,4.210,-4.2,0,1,19376
2026-04-09T20:09:38,4.716816,-90.294678,-19.7,12.91,71.8,7,2.1,103.7,4.209,-4.2,0,1,19377
2026-04-09T20:10:07,4.717297,-90.292900,-26.3,13.42,70.1,7,2.1,103.7,4.209,-4.2,0,1,19378
2026-04-09T20:10:36,4.717783,-90.291138,-22.5,13.12,72.6,7,2.1,103.4,4.210,-4.2,0,1,19379
2026-04-09T20:11:04,4.718308,-90.289543,-19.1,12.83,72.2,7,2.1,103.5,4.209,-4.4,0,1,19380
2026-04-09T20:11:33,4.718898,-90.287903,-13.3,13.10,72.5,7,2.1,103.4,4.209,-4.2,0,1,19381
2026-04-09T20:12:02,4.719395,-90.286163,-7.9,12.88,72.9,7,2.1,103.7,4.209,-4.2,0,1,19382
2026-04-09T20:12:31,4.719956,-90.284454,-1.2,13.27,74.8,7,2.0,103.5,4.209,-4.4,0,1,19383
2026-04-09T20:12:59,4.720471,-90.282784,3.7,13.23,73.5,7,2.0,103.5,4.211,-4.4,0,1,19384
2026-04-09T20:13:28,4.721058,-90.281097,9.2,13.02,74.0,7,2.0,103.4,4.209,-4.2,0,1,19385
2026-04-09T20:13:57,4.721646,-90.279388,33.2,13.37,74.9,7,2.0,103.5,4.207,-4.4,0,1,19386
2026-04-09T20:14:26,4.722223,-90.277679,45.0,13.49,74.4,7,2.0,103.4,4.211,-4.2,0,1,19387
2026-04-09T20:14:54,4.722818,-90.276031,54.7,13.46,73.0,7,2.0,103.5,4.210,-4.4,0,1,19388
2026-04-09T20:15:23,4.723408,-90.274345,67.9,12.79,77.0,7,2.0,103.5,4.210,-4.4,0,1,19389
2026-04-09T20:15:52,4.724040,-90.272675,82.9,13.16,70.3,7,2.0,103.4,4.209,-4.2,0,1,19390
2026-04-09T20:16:21,4.724523,-90.270950,89.2,12.92,72.6,7,2.0,103.2,4.211,-4.2,0,1,19391
2026-04-09T20:16:49,4.725055,-90.269279,93.7,13.33,72.3,7,2.0,103.5,4.210,-4.4,0,1,19392
2026-04-09T20:17:18,4.725525,-90.267517,89.6,12.89,74.3,7,2.0,103.7,4.209,-4.2,0,1,19393
2026-04-09T20:17:47,4.725950,-90.265739,71.0,13.40,74.8,7,2.0,103.2,4.210,-4.2,0,1,19394
2026-04-09T20:18:16,4.726473,-90.264015,68.2,13.43,72.6,7,2.0,103.5,4.210,-4.4,0,1,19395
2026-04-09T20:18:44,4.726965,-90.262321,68.4,12.86,72.8,7,2.0,103.5,4.207,-4.4,0,1,19396
2026-04-09T20:19:13,4.727458,-90.260551,68.8,13.10,72.1,7,2.0,103.4,4.210,-4.2,0,1,19397
2026-04-09T20:19:42,4.727950,-90.258820,64.8,12.89,75.6,7,2.0,103.5,4.210,-4.4,0,1,19398
2026-04-09T20:20:11,4.728446,-90.257034,56.9,13.38,72.6,7,2.0,103.2,4.210,-4.2,0,1,19399
2026-04-09T20:20:39,4.728818,-90.255302,55.3,12.71,78.5,6,2.0,103.2,4.210,-4.2,0,1,19400
2026-04-09T20:21:08,4.729203,-90.253517,51.5,13.78,76.9,7,1.9,103.5,4.210,-4.4,0,1,19401
2026-04-09T20:21:37,4.729681,-90.251724,45.8,13.42,76.7,7,1.9,103.5,4.209,-4.4,0,1,19402
2026-04-09T20:22:06,4.730098,-90.249985,39.9,13.50,77.2,7,1.9,103.4,4.210,-4.2,0,1,19403
2026-04-09T20:22:34,4.730562,-90.248291,31.4,13.34,72.6,7,1.9,103.4,4.209,-4.2,0,1,19404
2026-04-09T20:23:03,4.730982,-90.246468,24.8,12.90,76.4,7,1.9,103.4,4.209,-4.2,0,1,19405
2026-04-09T20:23:32,4.731453,-90.244713,26.8,13.52,78.6,7,1.9,103.4,4.209,-4.2,0,1,19406
2026-04-09T20:24:01,4.732073,-90.243057,28.9,13.10,74.2,7,1.9,103.4,4.210,-4.2,0,1,19407
2026-04-09T20:24:29,4.732493,-90.241310,34.3,14.12,75.3,7,1.9,103.5,4.209,-4.4,0,1,19408
2026-04-09T20:24:58,4.732995,-90.239571,35.7,13.81,75.2,7,1.9,103.5,4.209,-4.4,0,1,19409
2026-04-09T20:25:27,4.733515,-90.237877,37.1,12.92,75.0,7,1.9,103.5,4.210,-4.4,0,1,19410
2026-04-09T20:25:56,4.733996,-90.236084,34.1,13.37,70.1,7,1.9,103.7,4.210,-4.2,0,1,19411
2026-04-09T20:26:24,4.734463,-90.234436,30.5,13.13,75.8,7,1.9,103.5,4.209,-4.4,0,1,19412
2026-04-09T20:26:53,4.734850,-90.232643,25.6,13.54,76.7,7,1.9,103.2,4.209,-4.2,0,1,19413
2026-04-09T20:27:22,4.735396,-90.230934,21.1,12.92,72.2,7,1.9,103.4,4.209,-4.2,0,1,19414
2026-04-09T20:27:51,4.736008,-90.229279,17.2,13.25,74.2,8,1.6,103.5,4.210,-4.4,0,1,19415
2026-04-09T20:28:19,4.736400,-90.227577,12.5,13.15,76.8,8,1.6,103.4,4.210,-4.2,0,1,19416
2026-04-09T20:28:48,4.736902,-90.225830,13.9,13.60,75.6,8,1.6,103.5,4.213,-4.4,0,1,19417
2026-04-09T20:29:17,4.737416,-90.224098,18.2,13.15,74.2,8,1.6,103.2,4.210,-4.2,0,1,19418
2026-04-09T20:29:46,4.737846,-90.222305,6.6,13.39,75.7,8,1.6,103.7,4.210,-4.2,0,1,19419
2026-04-09T20:30:14,4.738406,-90.220650,32.8,13.40,73.3,8,1.6,103.5,4.210,-4.4,0,1,19420
2026-04-09T20:30:43,4.739060,-90.218979,46.0,13.49,75.2,8,1.6,103.5,4.210,-4.4,0,1,19421
2026-04-09T20:31:12,4.739578,-90.217201,44.8,13.24,72.5,8,1.6,103.7,4.209,-4.2,0,1,19422
2026-04-09T20:31:41,4.740151,-90.215500,44.8,13.27,69.9,8,1.6,103.5,4.209,-4.4,0,1,19423
2026-04-09T20:32:09,4.740675,-90.213852,49.4,13.49,73.5,8,1.6,103.4,4.209,-4.2,0,1,19424
2026-04-09T20:32:38,4.741220,-90.212120,60.0,13.70,78.4,8,1.6,103.7,4.210,-4.2,0,1,19425
2026-04-09T20:33:07,4.741775,-90.210411,73.7,13.67,77.5,8,1.6,103.5,4.209,-4.4,0,1,19426
2026-04-09T20:33:36,4.742310,-90.208694,75.2,13.19,69.6,8,1.6,103.5,4.207,-4.4,0,1,19427
2026-04-09T20:34:04,4.742823,-90.206993,87.5,13.89,78.0,8,1.5,103.5,4.211,-4.4,0,1,19428
2026-04-09T20:34:33,4.743353,-90.205276,94.2,13.17,71.6,8,1.5,103.4,4.210,-4.2,0,1,19429
2026-04-09T20:35:02,4.744005,-90.203590,103.5,12.91,71.4,8,1.5,103.4,4.207,-4.2,0,1,19430
2026-04-09T20:35:31,4.744480,-90.201843,110.3,13.68,74.5,8,1.5,103.2,4.210,-4.2,0,1,19431
2026-04-09T20:35:59,4.745000,-90.200180,116.9,13.03,74.7,8,1.5,103.5,4.209,-4.4,0,1,19432
2026-04-09T20:36:28,4.745568,-90.198456,123.6,14.06,72.6,8,1.5,103.2,4.210,-4.2,0,1,19433
2026-04-09T20:36:57,4.746075,-90.196724,129.4,13.38,75.3,8,1.5,103.7,4.211,-4.2,0,1,19434
2026-04-09T20:37:26,4.746635,-90.195007,134.1,13.28,72.9,8,1.5,103.4,4.209,-4.2,0,1,19435
2026-04-09T20:37:54,4.747175,-90.193367,135.7,13.29,72.8,8,1.5,103.5,4.209,-4.4,0,1,19436
2026-04-09T20:38:23,4.747715,-90.191628,138.3,13.29,73.1,8,1.5,103.4,4.210,-4.2,0,1,19437
2026-04-09T20:38:52,4.748211,-90.189865,138.0,13.23,74.6,8,1.5,103.4,4.207,-4.2,0,1,19438
2026-04-09T20:39:21,4.748692,-90.188087,137.1,14.07,75.2,8,1.5,103.2,4.209,-4.2,0,1,19439
2026-04-09T20:39:49,4.749178,-90.186394,137.6,13.67,73.9,8,1.5,103.4,4.210,-4.2,0,1,19440
2026-04-09T20:40:18,4.749631,-90.184631,135.8,13.67,76.3,7,1.8,103.5,4.209,-4.4,0,1,19441
2026-04-09T20:40:47,4.750155,-90.182884,137.2,12.94,72.1,7,1.8,103.7,4.210,-4.2,0,1,19442
2026-04-09T20:41:16,4.750547,-90.181129,134.6,13.00,77.1,8,1.5,103.5,4.210,-4.4,0,1,19443
2026-04-09T20:41:44,4.751020,-90.179420,134.5,13.16,75.0,7,1.6,103.5,4.211,-4.4,0,1,19444
2026-04-09T20:42:13,4.751527,-90.177673,101.8,13.22,74.2,9,1.4,103.5,4.209,-4.4,0,1,19445
2026-04-09T20:42:42,4.751838,-90.175850,76.3,13.27,75.5,9,1.4,103.5,4.209,-4.4,0,1,19446
2026-04-09T20:43:11,4.752237,-90.174011,62.5,13.78,74.4,8,1.7,103.7,4.209,-4.2,0,1,19447
2026-04-09T20:43:39,4.752637,-90.172249,49.6,13.19,75.2,8,1.6,103.4,4.210,-4.2,0,1,19448
2026-04-09T20:44:08,4.753027,-90.170448,38.3,13.18,78.1,8,1.7,103.4,4.209,-4.2,0,1,19449
2026-04-09T20:44:37,4.753505,-90.168686,25.6,13.55,78.0,8,1.7,103.4,4.210,-4.2,0,1,19450
2026-04-09T20:45:06,4.753948,-90.166916,15.0,13.35,75.6,8,1.7,103.5,4.209,-4.4,0,1,19451
2026-04-09T20:45:34,4.754551,-90.165245,20.9,13.57,71.4,7,3.2,103.4,4.210,-4.2,0,1,19452
2026-04-09T20:46:03,4.755048,-90.163521,25.2,13.46,76.4,8,1.7,103.4,4.209,-4.2,0,1,19453
2026-04-09T20:46:32,4.755590,-90.161789,25.2,13.28,73.1,8,1.7,103.7,4.209,-4.2,0,1,19454
2026-04-09T20:47:01,4.756090,-90.160042,21.6,13.44,74.2,8,1.6,103.4,4.210,-4.2,0,1,19455
2026-04-09T20:47:29,4.756552,-90.158394,21.5,13.22,75.5,8,1.6,103.4,4.209,-4.2,0,1,19456
2026-04-09T20:47:58,4.757047,-90.156631,13.3,13.93,74.5,8,1.6,103.4,4.209,-4.2,0,1,19457
2026-04-09T20:48:27,4.757555,-90.154861,9.0,13.61,72.4,8,1.6,103.5,4.209,-4.4,0,1,19458
2026-04-09T20:48:56,4.758041,-90.153122,2.9,13.31,73.7,8,1.6,103.4,4.209,-4.2,0,1,19459
2026-04-09T20:49:24,4.758502,-90.151421,-3.2,13.63,71.7,8,1.6,103.7,4.210,-4.2,0,1,19460
2026-04-09T20:49:53,4.759023,-90.149658,-7.1,13.39,74.1,8,1.6,103.5,4.210,-4.4,0,1,19461
2026-04-09T20:50:22,4.759605,-90.147911,-3.0,13.43,69.4,7,3.0,103.5,4.211,-4.4,0,1,19462
2026-04-09T20:50:51,4.760100,-90.146172,0.7,13.32,72.2,7,3.0,103.2,4.210,-4.2,0,1,19463
2026-04-09T20:51:19,4.760557,-90.144508,5.8,13.15,74.9,7,3.5,103.5,4.209,-4.4,0,1,19464
2026-04-09T20:51:48,4.761078,-90.142746,9.1,13.65,72.2,8,1.6,103.5,4.209,-4.4,0,1,19465
2026-04-09T20:52:17,4.761580,-90.141014,15.4,13.49,74.0,8,1.6,103.4,4.210,-4.2,0,1,19466
2026-04-09T20:52:46,4.762188,-90.139282,22.6,13.22,73.2,8,1.6,103.0,4.209,-4.2,0,1,19467
2026-04-09T20:53:14,4.762700,-90.137604,31.6,13.73,72.4,8,1.5,103.5,4.210,-4.4,0,1,19468
2026-04-09T20:53:43,4.763210,-90.135834,34.2,14.02,72.9,9,1.5,103.4,4.209,-4.2,0,1,19469
2026-04-09T20:54:12,4.763713,-90.134079,38.4,13.35,74.0,9,1.5,103.4,4.210,-4.2,0,1,19470
2026-04-09T20:54:41,4.764253,-90.132355,41.9,13.22,73.9,9,1.5,103.7,4.209,-4.2,0,1,19471
2026-04-09T20:55:09,4.764723,-90.130653,42.7,13.59,74.1,9,1.5,103.2,4.210,-4.2,0,1,19472
2026-04-09T20:55:38,4.765325,-90.128944,39.5,13.41,75.0,9,1.5,103.5,4.207,-4.4,0,1,19473
2026-04-09T20:56:07,4.765791,-90.127167,27.7,13.99,72.9,9,1.5,103.5,4.209,-4.4,0,1,19474
2026-04-09T20:56:36,4.766212,-90.125404,22.9,13.67,74.2,9,1.5,103.4,4.209,-4.2,0,1,19475
2026-04-09T20:57:04,4.766690,-90.123695,9.9,13.10,73.9,9,1.8,103.5,4.210,2755.8,0,1,19476
2026-04-09T20:57:33,4.767196,-90.121941,12.0,13.43,73.2,9,1.5,103.7,4.210,-4.2,0,1,19477
2026-04-09T20:58:02,4.767695,-90.120171,13.2,13.62,73.4,9,1.8,103.7,4.209,-4.2,0,1,19478
2026-04-09T20:58:31,4.768163,-90.118393,5.1,13.55,71.3,9,1.5,103.7,4.210,-4.2,0,1,19479
2026-04-09T20:58:59,4.768666,-90.116714,1.9,13.25,72.3,9,1.5,103.4,4.210,-4.2,0,1,19480
2026-04-09T20:59:28,4.769166,-90.114960,-1.7,13.26,73.8,9,1.4,103.5,4.209,-4.4,0,1,19481
2026-04-09T20:59:57,4.769617,-90.113266,-1.1,13.53,73.3,9,1.4,103.5,4.209,-4.4,0,1,19482
2026-04-09T21:00:26,4.770120,-90.111511,1.5,13.55,74.6,9,1.8,103.2,4.209,-4.2,0,1,19483
2026-04-09T21:00:54,4.770560,-90.109825,1.1,13.37,73.3,9,1.4,103.7,4.209,-4.2,0,1,19484
2026-04-09T21:01:23,4.771048,-90.108063,-5.2,13.45,69.8,9,1.4,103.5,4.209,-4.4,0,1,19485
2026-04-09T21:01:52,4.771531,-90.106300,-18.7,13.79,70.4,9,1.4,103.2,4.209,-4.2,0,1,19486
2026-04-09T21:02:21,4.772035,-90.104538,-25.8,13.19,72.0,9,1.4,103.4,4.210,-4.2,0,1,19487
2026-04-09T21:02:49,4.772555,-90.102890,-27.4,13.32,72.1,9,1.4,103.2,4.209,2747.5,0,1,19488
2026-04-09T21:03:18,4.773051,-90.101143,-28.2,13.42,75.2,9,1.4,103.5,4.209,-4.4,0,1,19489
2026-04-09T21:03:47,4.773505,-90.099358,-31.3,13.33,75.1,9,1.4,103.5,4.210,-4.4,0,1,19490
2026-04-09T21:04:16,4.774056,-90.097618,-25.3,13.88,69.9,8,2.5,103.7,4.210,-4.2,0,1,19491
2026-04-09T21:04:44,4.774539,-90.095955,-25.9,13.06,72.8,8,2.4,103.4,4.207,-4.2,0,1,19492
2026-04-09T21:05:13,4.775075,-90.094246,-24.7,13.41,71.2,8,2.4,103.7,4.209,-4.2,0,1,19493
2026-04-09T21:05:42,4.775665,-90.092522,-22.5,13.78,67.6,8,2.4,103.4,4.209,-4.2,0,1,19494
2026-04-09T21:06:11,4.776158,-90.090744,-24.7,13.48,73.3,8,2.4,103.4,4.209,-4.2,0,1,19495
2026-04-09T21:06:39,4.776603,-90.089058,-27.3,13.33,73.0,8,2.4,103.4,4.209,-4.2,0,1,19496
2026-04-09T21:07:08,4.777123,-90.087296,-32.6,13.41,71.6,8,2.4,103.5,4.210,-4.4,0,1,19497
2026-04-09T21:07:37,4.777625,-90.085541,-25.9,13.87,71.7,8,2.3,103.4,4.210,-4.2,0,1,19498
2026-04-09T21:08:06,4.778091,-90.083832,-17.0,13.32,75.9,8,2.3,103.7,4.209,-4.2,0,1,19499
2026-04-09T21:08:34,4.778536,-90.082138,-21.4,13.71,74.0,9,1.3,103.4,4.207,-4.2,0,1,19500
2026-04-09T21:09:03,4.779029,-90.080399,-10.1,13.62,74.7,9,1.3,103.7,4.209,-4.2,0,1,19501
2026-04-09T21:09:32,4.779571,-90.078659,-2.5,13.38,71.9,8,2.3,103.4,4.211,-4.2,0,1,19502
2026-04-09T21:10:01,4.780119,-90.076927,0.6,13.60,69.9,9,1.3,103.4,4.209,-4.2,0,1,19503
2026-04-09T21:10:29,4.780622,-90.075256,5.1,13.19,71.6,9,1.3,103.7,4.210,-4.2,0,1,19504
2026-04-09T21:10:58,4.781135,-90.073494,5.0,13.61,74.7,9,1.3,103.2,4.209,-4.2,0,1,19505
2026-04-09T21:11:27,4.781618,-90.071762,6.8,13.48,76.5,8,2.2,103.5,4.209,-4.4,0,1,19506
2026-04-09T21:11:56,4.782113,-90.069984,20.0,13.55,76.4,8,2.2,103.4,4.210,-4.2,0,1,19507
2026-04-09T21:12:24,4.782748,-90.068375,13.3,13.82,75.6,9,1.3,103.5,4.209,-4.4,0,1,19508
2026-04-09T21:12:53,4.783289,-90.066643,15.0,13.26,69.4,8,2.2,103.4,4.211,-4.2,0,1,19509
2026-04-09T21:13:22,4.783723,-90.064888,19.1,13.21,74.9,9,1.3,103.4,4.210,-4.2,0,1,19510
2026-04-09T21:13:51,4.784170,-90.063095,23.7,13.27,73.5,9,1.3,103.7,4.209,-4.2,0,1,19511
2026-04-09T21:14:19,4.784690,-90.061386,31.8,13.70,76.6,9,1.3,103.7,4.209,-4.2,0,1,19512
2026-04-09T21:14:48,4.785195,-90.059593,34.7,13.26,77.7,8,2.1,103.4,4.210,-4.2,0,1,19513
2026-04-09T21:15:17,4.785713,-90.057823,39.5,13.63,71.5,9,1.3,103.7,4.211,-4.2,0,1,19514
2026-04-09T21:15:46,4.786243,-90.056046,38.6,13.83,75.1,9,1.3,103.5,4.211,-4.4,0,1,19515
2026-04-09T21:16:14,4.786752,-90.054367,37.3,13.48,71.2,9,1.3,103.2,4.209,-4.2,0,1,19516
2026-04-09T21:16:43,4.787185,-90.052605,34.5,13.33,73.6,8,2.0,103.5,4.209,-4.4,0,1,19517
2026-04-09T21:17:12,4.787708,-90.050827,37.4,13.79,70.8,8,2.0,103.4,4.210,-4.2,0,1,19518
2026-04-09T21:17:41,4.788112,-90.049026,35.1,13.46,77.2,9,1.3,103.4,4.209,-4.2,0,1,19519
2026-04-09T21:18:09,4.788611,-90.047325,32.8,13.82,72.4,9,1.3,103.5,4.210,-4.4,0,1,19520
2026-04-09T21:18:38,4.789158,-90.045578,34.9,13.50,72.8,8,2.0,103.4,4.210,-4.2,0,1,19521
2026-04-09T21:19:07,4.789680,-90.043816,31.5,13.97,75.5,9,1.2,103.5,4.210,-4.4,0,1,19522
2026-04-09T21:19:36,4.790142,-90.042038,38.0,13.73,73.7,9,1.2,103.5,4.210,-4.4,0,1,19523
2026-04-09T21:20:04,4.790632,-90.040337,42.7,13.65,74.9,9,1.2,103.4,4.210,-4.2,0,1,19524
2026-04-09T21:20:33,4.791138,-90.038559,41.7,13.39,76.6,9,1.2,103.5,4.210,-4.4,0,1,19525
2026-04-09T21:21:02,4.791636,-90.036789,41.5,13.50,72.8,9,1.2,103.5,4.210,-4.4,0,1,19526
2026-04-09T21:21:31,4.792149,-90.035049,37.3,13.25,71.0,8,1.9,103.5,4.207,-4.4,0,1,19527
2026-04-09T21:21:59,4.792662,-90.033363,35.5,13.66,71.4,10,1.2,103.5,4.209,-4.4,0,1,19528
2026-04-09T21:22:28,4.793160,-90.031593,33.7,13.46,73.8,9,1.6,103.4,4.210,-4.2,0,1,19529
2026-04-09T21:22:57,4.793640,-90.029778,33.0,13.27,71.6,9,1.6,103.7,4.210,-4.2,0,1,19530
2026-04-09T21:23:26,4.794138,-90.028008,34.6,13.59,73.6,9,1.6,103.5,4.209,-4.4,0,1,19531
2026-04-09T21:23:54,4.794673,-90.026314,34.5,13.69,69.7,10,1.2,103.7,4.207,-4.2,0,1,19532
2026-04-09T21:24:23,4.795193,-90.024529,34.7,13.26,73.2,9,1.6,103.4,4.210,-4.2,0,1,19533
2026-04-09T21:24:52,4.795680,-90.022751,32.4,13.81,74.6,9,1.6,103.4,4.207,-4.2,0,1,19534
2026-04-09T21:25:21,4.796166,-90.020966,32.4,13.83,75.1,10,1.1,103.5,4.209,-4.4,0,1,19535
2026-04-09T21:25:49,4.796645,-90.019272,31.8,12.64,73.8,10,1.1,103.7,4.209,-4.2,0,1,19536
2026-04-09T21:26:18,4.797152,-90.017479,32.4,13.61,70.7,9,1.6,103.4,4.210,-4.2,0,1,19537
2026-04-09T21:26:47,4.797648,-90.015732,31.4,13.34,72.9,10,1.1,103.4,4.209,-4.2,0,1,19538
2026-04-09T21:27:16,4.798141,-90.013962,28.8,13.43,73.1,9,1.6,103.8,4.210,-4.2,0,1,19539
2026-04-09T21:27:44,4.798588,-90.012230,29.7,13.43,75.8,10,1.1,103.4,4.207,-4.2,0,1,19540
2026-04-09T21:28:13,4.799065,-90.010475,32.2,13.19,71.5,10,1.1,103.4,4.209,-4.2,0,1,19541
2026-04-09T21:28:42,4.799615,-90.008743,38.2,13.82,69.3,9,1.5,103.7,4.209,-4.2,0,1,19542
2026-04-09T21:29:11,4.800088,-90.006996,40.5,13.23,74.8,9,1.5,103.4,4.210,2751.6,0,1,19543
2026-04-09T21:29:39,4.800605,-90.005302,38.5,13.78,70.9,10,1.1,103.5,4.210,-4.4,0,1,19544
2026-04-09T21:30:08,4.801132,-90.003540,33.5,13.89,69.9,8,1.7,103.4,4.210,-4.2,0,1,19545
2026-04-09T21:30:37,4.801629,-90.001778,31.7,13.45,73.9,8,1.7,103.2,4.209,-4.2,0,1,19546
2026-04-09T21:31:06,4.802028,-90.000000,28.6,13.80,71.0,9,1.6,103.5,4.207,-4.4,0,1,19547
2026-04-09T21:31:34,4.802615,-89.998322,32.6,12.68,71.2,9,1.5,103.2,4.209,-4.2,0,1,19548
2026-04-09T21:32:03,4.803128,-89.996544,42.5,13.88,76.0,9,1.5,103.4,4.210,-4.2,0,1,19549
2026-04-09T21:32:32,4.803583,-89.994781,40.0,13.22,77.1,9,1.5,103.4,4.209,-4.2,0,1,19550
2026-04-09T21:33:01,4.803988,-89.992981,39.4,12.84,78.5,9,1.5,103.5,4.207,-4.4,0,1,19551
2026-04-09T21:33:29,4.804391,-89.991234,37.0,14.20,76.1,9,1.5,103.2,4.209,-4.2,0,1,19552
2026-04-09T21:33:58,4.804790,-89.989410,32.4,14.04,78.2,9,1.5,103.5,4.210,-4.4,0,1,19553
2026-04-09T21:34:27,4.805308,-89.987679,31.9,13.41,71.3,9,1.5,103.2,4.210,-4.2,0,1,19554
2026-04-09T21:34:56,4.805773,-89.985893,34.4,13.21,76.2,9,1.5,103.5,4.210,-4.4,0,1,19555
2026-04-09T21:35:24,4.806385,-89.984222,45.9,13.76,72.4,10,1.1,103.4,4.209,-4.2,0,1,19556
2026-04-09T21:35:53,4.806803,-89.982422,40.8,14.10,75.5,9,1.5,103.4,4.207,-4.2,0,1,19557
2026-04-09T21:36:22,4.807259,-89.980652,39.1,13.45,74.7,9,1.5,103.4,4.207,-4.2,0,1,19558
2026-04-09T21:36:51,4.807790,-89.978867,42.5,13.89,71.0,9,1.5,103.5,4.209,-4.4,0,1,19559
2026-04-09T21:37:19,4.808235,-89.977135,43.6,13.75,71.9,9,1.5,103.2,4.209,-4.2,0,1,19560
2026-04-09T21:37:48,4.808660,-89.975327,40.1,13.14,69.7,8,1.6,103.5,4.210,-4.4,0,1,19561
2026-04-09T21:38:17,4.809093,-89.973534,33.5,13.55,71.9,9,1.5,103.4,4.209,-4.2,0,1,19562
2026-04-09T21:38:46,4.809573,-89.971779,34.7,13.51,73.0,9,1.5,103.5,4.210,-4.4,0,1,19563
2026-04-09T21:39:14,4.810001,-89.970062,35.2,13.72,75.2,10,1.1,103.4,4.210,-4.2,0,1,19564
2026-04-09T21:39:43,4.810472,-89.968307,36.5,13.49,72.5,9,1.5,103.8,4.210,-4.2,0,1,19565
2026-04-09T21:40:12,4.810972,-89.966537,33.8,13.76,71.4,9,1.5,103.4,4.209,-4.2,0,1,19566
2026-04-09T21:40:41,4.811430,-89.964767,32.6,13.88,72.6,9,1.4,103.4,4.209,-4.2,0,1,19567
2026-04-09T21:41:09,4.811878,-89.963058,30.0,13.37,71.3,9,1.4,103.5,4.209,-4.4,0,1,19568
2026-04-09T21:41:38,4.812372,-89.961304,29.1,13.28,70.8,9,1.4,103.4,4.209,-4.2,0,1,19569
2026-04-09T21:42:07,4.812785,-89.959534,24.6,13.08,73.6,9,1.4,103.4,4.209,-4.2,0,1,19570
2026-04-09T21:42:36,4.813260,-89.957764,23.3,13.85,71.0,9,1.4,103.4,4.209,-4.2,0,1,19571
2026-04-09T21:43:04,4.813677,-89.956032,22.1,13.88,71.2,9,1.4,103.4,4.211,-4.2,0,1,19572
2026-04-09T21:43:33,4.814162,-89.954262,17.7,13.15,75.6,9,1.4,103.4,4.210,-4.2,0,1,19573
2026-04-09T21:44:02,4.814561,-89.952446,13.4,13.60,73.7,9,1.4,103.4,4.209,-4.2,0,1,19574
2026-04-09T21:44:31,4.815008,-89.950676,11.2,13.65,72.2,9,1.4,103.4,4.209,-4.2,0,1,19575
2026-04-09T21:44:59,4.815465,-89.948944,7.2,13.46,74.1,9,1.4,103.5,4.206,2755.8,0,1,19576
2026-04-09T21:45:28,4.816007,-89.947220,9.7,13.33,73.0,8,1.4,103.2,4.209,-4.2,0,1,19577
2026-04-09T21:45:57,4.816482,-89.945442,10.6,13.39,74.8,8,1.4,103.7,4.209,-4.2,0,1,19578
2026-04-09T21:46:26,4.816911,-89.943665,5.6,13.47,70.1,8,1.4,103.4,4.209,-4.2,0,1,19579
2026-04-09T21:46:54,4.817367,-89.941948,7.1,13.57,76.0,8,1.4,103.5,4.210,-4.4,0,1,19580
2026-04-09T21:47:23,4.817816,-89.940186,7.2,13.33,74.4,8,1.4,103.4,4.209,-4.2,0,1,19581
2026-04-09T21:47:52,4.818285,-89.938416,10.4,13.55,74.6,8,1.4,103.7,4.210,-4.2,0,1,19582
2026-04-09T21:48:21,4.818759,-89.936668,12.3,13.52,75.9,8,1.4,103.5,4.207,-4.4,0,1,19583
2026-04-09T21:48:49,4.819235,-89.934959,17.1,14.00,74.5,7,1.4,103.4,4.207,2751.6,0,1,19584
2026-04-09T21:49:18,4.819703,-89.933159,21.9,13.54,78.8,7,1.4,103.4,4.210,-4.2,0,1,19585
2026-04-09T21:49:47,4.820143,-89.931389,21.4,13.44,78.4,8,1.4,103.5,4.210,-4.4,0,1,19586
2026-04-09T21:50:16,4.820640,-89.929596,26.6,13.65,75.5,8,1.4,103.4,4.210,-4.2,0,1,19587
2026-04-09T21:50:44,4.821075,-89.927895,27.7,13.23,75.3,7,1.4,103.5,4.209,-4.4,0,1,19588
2026-04-09T21:51:13,4.821559,-89.926109,29.0,14.11,78.2,7,1.4,103.4,4.207,-4.2,0,1,19589
2026-04-09T21:51:42,4.822048,-89.924347,28.9,13.60,73.8,7,1.4,103.4,4.210,-4.2,0,1,19590
2026-04-09T21:52:11,4.822556,-89.922577,26.9,13.40,76.7,7,1.4,103.2,4.209,-4.2,0,1,19591
2026-04-09T21:52:39,4.823035,-89.920876,26.0,14.03,73.5,8,1.4,103.5,4.209,-4.4,0,1,19592
2026-04-09T21:53:08,4.823476,-89.919106,24.6,13.45,79.9,8,1.4,103.4,4.209,-4.2,0,1,19593
2026-04-09T21:53:37,4.823975,-89.917313,23.9,13.60,75.6,8,1.4,103.5,4.209,-4.4,0,1,19594
2026-04-09T21:54:06,4.824460,-89.915535,22.0,13.41,75.0,8,1.4,103.4,4.209,-4.2,0,1,19595
2026-04-09T21:54:34,4.824903,-89.913834,24.6,13.60,76.6,8,1.3,103.4,4.210,-4.2,0,1,19596
2026-04-09T21:55:03,4.825366,-89.912079,26.0,13.60,73.8,8,1.3,103.4,4.209,-4.2,0,1,19597
2026-04-09T21:55:32,4.825853,-89.910347,28.7,13.43,71.6,8,1.3,103.4,4.209,-4.2,0,1,19598
2026-04-09T21:56:01,4.826291,-89.908585,28.6,13.57,73.5,8,1.3,103.4,4.209,-4.2,0,1,19599
2026-04-09T21:56:29,4.826715,-89.906883,27.4,13.34,78.7,8,1.3,103.2,4.210,-4.2,0,1,19600
2026-04-09T21:56:58,4.827229,-89.905151,22.5,12.92,76.7,9,1.1,103.4,4.209,-4.2,0,1,19601
2026-04-09T21:57:27,4.827663,-89.903389,16.2,13.39,71.3,9,1.1,103.5,4.209,-4.4,0,1,19602
2026-04-09T21:57:56,4.828136,-89.901649,15.7,13.08,71.8,8,1.3,103.5,4.209,-4.4,0,1,19603
2026-04-09T21:58:24,4.828553,-89.899933,14.6,13.34,71.6,9,1.1,103.4,4.209,-4.2,0,1,19604
2026-04-09T21:58:53,4.829001,-89.898170,7.9,13.36,76.4,9,1.1,103.2,4.210,-4.2,0,1,19605
2026-04-09T21:59:22,4.829523,-89.896500,0.3,13.29,71.2,9,1.1,103.5,4.209,-4.4,0,1,19606
2026-04-09T21:59:51,4.830035,-89.894753,-3.9,13.27,71.0,8,1.3,103.5,4.207,-4.4,0,1,19607
2026-04-09T22:00:19,4.830465,-89.893036,-5.0,13.31,67.7,8,1.3,103.2,4.210,-4.2,0,1,19608
2026-04-09T22:00:48,4.830913,-89.891273,-5.4,13.53,72.7,8,1.2,103.4,4.209,-4.2,0,1,19609
2026-04-09T22:01:17,4.831357,-89.889473,-5.7,13.99,82.1,7,1.4,103.4,4.207,-4.2,0,1,19610
2026-04-09T22:01:46,4.831855,-89.887756,-0.1,13.00,74.3,8,1.2,103.4,4.209,-4.2,0,1,19611
2026-04-09T22:02:14,4.832128,-89.885956,8.3,12.94,69.4,8,1.2,103.4,4.210,-4.2,0,1,19612
2026-04-09T22:02:43,4.832633,-89.884209,20.3,12.91,65.2,7,1.4,103.4,4.209,-4.2,0,1,19613
2026-04-09T22:03:12,4.833070,-89.882454,42.1,13.60,75.2,7,1.4,103.5,4.207,-4.4,0,1,19614
2026-04-09T22:03:41,4.833568,-89.880753,30.2,13.06,71.6,8,1.2,103.2,4.209,-4.2,0,1,19615
2026-04-09T22:04:09,4.834016,-89.879021,31.1,13.10,76.3,8,1.2,103.4,4.209,-4.2,0,1,19616
2026-04-09T22:04:38,4.834572,-89.877380,27.5,14.25,74.3,7,1.6,103.4,4.209,-4.2,0,1,19617
2026-04-09T22:05:07,4.835023,-89.875557,23.1,12.89,74.0,8,1.2,103.7,4.210,-4.2,0,1,19618
2026-04-09T22:05:36,4.835542,-89.873856,19.9,13.16,70.1,8,1.2,103.4,4.209,-4.2,0,1,19619
2026-04-09T22:06:04,4.836019,-89.872131,18.5,13.55,66.3,8,1.2,103.4,4.210,-4.2,0,1,19620
2026-04-09T22:06:33,4.836463,-89.870384,15.4,13.87,75.7,8,1.2,103.5,4.210,-4.4,0,1,19621
2026-04-09T22:07:02,4.837020,-89.868675,26.6,12.99,70.2,7,1.6,103.5,4.210,-4.4,0,1,19622
2026-04-09T22:07:31,4.837512,-89.866890,27.6,13.62,74.1,5,6.6,103.7,4.207,-4.2,0,1,19623
2026-04-09T22:07:59,4.837885,-89.865166,24.9,12.50,73.4,7,1.6,103.4,4.209,-4.2,0,1,19624
2026-04-09T22:08:28,4.838393,-89.863373,19.4,13.39,73.1,7,1.3,103.4,4.209,-4.2,0,1,19625
2026-04-09T22:08:57,4.838801,-89.861603,9.5,13.07,71.9,5,6.8,103.4,4.209,-4.2,0,1,19626
2026-04-09T22:09:25,4.839313,-89.859978,1.4,13.12,74.3,8,1.2,103.4,4.209,-4.2,0,1,19627
2026-04-09T22:09:54,4.839643,-89.858139,2.4,13.36,74.2,7,1.6,103.4,4.210,-4.2,0,1,19628
2026-04-09T22:10:23,4.840118,-89.856445,10.7,12.61,66.6,7,1.3,103.4,4.207,-4.2,0,1,19629
2026-04-09T22:10:52,4.840639,-89.854767,8.2,13.13,70.8,5,7.0,103.4,4.209,-4.2,0,1,19630
2026-04-09T22:11:21,4.841000,-89.852943,13.8,13.31,74.9,5,7.0,103.4,4.209,-4.2,0,1,19631
2026-04-09T22:11:49,4.841456,-89.851295,17.0,12.46,78.6,6,2.3,103.2,4.209,-4.2,0,1,19632
2026-04-09T22:12:18,4.841880,-89.849609,18.5,12.59,75.6,7,1.1,103.4,4.209,-4.2,0,1,19633
2026-04-09T22:12:47,4.842310,-89.847885,19.0,12.52,75.3,5,7.1,103.5,4.210,-4.4,0,1,19634
2026-04-09T22:13:15,4.842690,-89.846245,18.6,13.52,73.6,6,1.2,103.2,4.209,-4.2,0,1,19635
2026-04-09T22:13:44,4.843200,-89.844528,17.1,13.26,75.2,5,1.7,103.2,4.207,-4.2,0,1,19636
2026-04-09T22:14:13,4.843592,-89.842857,16.1,12.18,75.5,6,1.6,103.4,4.207,-4.2,0,1,19637
2026-04-09T22:14:42,4.843997,-89.841110,12.8,13.07,75.7,4,8.0,103.5,4.210,-4.4,0,1,19638
2026-04-09T22:15:11,4.844476,-89.839455,10.8,12.55,75.9,6,1.6,103.5,4.209,-4.4,0,1,19639
2026-04-09T22:15:39,4.845058,-89.837822,8.2,13.12,71.3,4,7.7,103.4,4.209,-4.2,0,1,19640
2026-04-09T22:16:08,4.845635,-89.836189,11.8,11.84,68.8,8,1.1,103.5,4.209,-4.4,0,1,19641
2026-04-09T22:16:37,4.846072,-89.834435,18.3,12.28,74.4,6,1.6,103.4,4.210,-4.2,0,1,19642
2026-04-09T22:17:06,4.846630,-89.832733,22.8,12.26,69.8,4,7.3,103.5,4.207,-4.4,0,1,19643
2026-04-09T22:17:34,4.847113,-89.831123,25.6,13.24,74.8,5,1.6,103.5,4.209,-4.4,0,1,19644
2026-04-09T22:18:03,4.847538,-89.829422,23.1,12.49,73.7,4,7.1,103.4,4.209,-4.2,0,1,19645
2026-04-09T22:18:32,4.847953,-89.827644,20.4,12.20,81.9,5,1.6,103.2,4.210,-4.2,0,1,19646
2026-04-09T22:19:01,4.848476,-89.825966,22.0,12.03,71.6,3,7.6,103.2,4.209,-4.2,0,1,19647
2026-04-09T22:19:29,4.848917,-89.824226,23.9,13.76,77.0,5,1.9,103.4,4.210,2751.6,0,1,19648
2026-04-09T22:19:58,4.849350,-89.822525,22.9,13.53,72.5,5,4.7,103.0,4.210,-4.2,0,1,19649
2026-04-09T22:20:26,4.849793,-89.820847,20.8,12.27,77.1,6,1.2,103.5,4.210,-4.4,0,1,19650
2026-04-09T22:20:54,4.850210,-89.819145,18.7,12.22,73.2,5,1.9,103.4,4.209,-4.2,0,1,19651
2026-04-09T22:21:23,4.850713,-89.817436,14.8,12.79,73.8,4,2.0,103.4,4.210,-4.2,0,1,19652
2026-04-09T22:21:52,4.851207,-89.815758,7.6,12.92,75.7,3,6.8,103.5,4.210,-4.4,0,1,19653
2026-04-09T22:22:21,4.851753,-89.814056,3.2,13.14,74.5,3,6.7,103.4,4.209,-4.2,0,1,19654
2026-04-09T22:22:49,4.852141,-89.812408,-0.5,12.76,81.4,4,6.4,103.2,4.207,-4.2,0,1,19655
2026-04-09T22:23:18,4.852710,-89.810768,-4.7,13.02,72.9,4,6.3,103.5,4.209,-4.4,0,1,19656
2026-04-09T22:23:47,4.853115,-89.808990,-9.2,12.35,72.7,4,6.2,103.4,4.210,-4.2,0,1,19657
2026-04-09T22:24:16,4.853797,-89.807365,-5.0,12.90,68.4,4,6.1,103.4,4.211,-4.2,0,1,19658
2026-04-09T22:24:44,4.854299,-89.805740,-0.9,11.34,72.0,6,1.8,103.4,4.209,-4.2,0,1,19659
2026-04-09T22:25:13,4.854681,-89.804092,3.2,12.52,76.2,4,6.0,103.2,4.209,-4.2,0,1,19660
2026-04-09T22:25:42,4.855042,-89.802383,2.5,13.01,71.8,4,5.9,103.4,4.210,-4.2,0,1,19661
2026-04-09T22:26:10,4.855341,-89.800529,13.3,12.18,79.8,6,1.7,103.4,4.209,-4.2,0,1,19662
2026-04-09T22:26:39,4.855963,-89.798912,17.0,13.13,67.5,5,4.3,103.5,4.210,-4.4,0,1,19663
2026-04-09T22:27:07,4.856357,-89.797302,20.7,13.39,76.8,6,2.2,103.2,4.209,-4.2,0,1,19664
2026-04-09T22:27:36,4.856697,-89.795547,19.8,12.30,75.7,5,4.3,103.4,4.210,-4.2,0,1,19665
2026-04-09T22:28:04,4.857447,-89.793846,25.3,13.02,72.1,7,2.1,103.2,4.209,-4.2,0,1,19666
2026-04-09T22:28:33,4.857942,-89.791992,28.3,13.97,73.1,6,2.8,103.2,4.210,-4.2,0,1,19667
2026-04-09T22:29:02,4.858363,-89.790276,27.0,13.44,76.6,6,2.8,103.4,4.209,-4.2,0,1,19668
2026-04-09T22:29:31,4.858778,-89.788605,29.5,12.87,77.1,6,2.8,103.5,4.209,-4.4,0,1,19669
2026-04-09T22:29:59,4.859355,-89.786926,31.2,13.66,73.6,6,2.8,103.4,4.210,-4.2,0,1,19670
2026-04-09T22:30:28,4.859950,-89.785164,34.4,13.64,74.9,7,1.3,103.4,4.210,-4.2,0,1,19671
2026-04-09T22:30:57,4.860442,-89.783440,38.5,13.22,73.7,6,2.8,103.4,4.207,-4.2,0,1,19672
2026-04-09T22:31:26,4.860945,-89.781662,35.6,13.00,73.9,6,2.8,103.4,4.209,-4.2,0,1,19673
2026-04-09T22:31:54,4.861340,-89.780006,35.4,13.22,75.8,6,2.8,103.2,4.209,-4.2,0,1,19674
2026-04-09T22:32:23,4.861712,-89.778351,37.3,13.01,76.6,7,1.8,103.5,4.210,-4.4,0,1,19675
2026-04-09T22:32:52,4.862009,-89.776489,21.2,13.90,81.5,7,1.8,103.2,4.209,-4.2,0,1,19676
2026-04-09T22:33:21,4.862337,-89.774803,3.9,12.41,73.9,7,1.8,103.4,4.210,-4.2,0,1,19677
2026-04-09T22:33:49,4.862655,-89.773201,-6.8,13.07,75.9,7,1.8,103.4,4.210,-4.2,0,1,19678
2026-04-09T22:34:18,4.863090,-89.771446,-14.7,13.35,78.3,7,1.9,103.2,4.209,-4.2,0,1,19679
2026-04-09T22:34:47,4.863495,-89.769730,-19.3,12.37,71.9,7,1.9,103.2,4.209,-4.2,0,1,19680
2026-04-09T22:35:16,4.863913,-89.767982,-22.8,11.52,75.4,7,1.9,103.2,4.210,-4.2,0,1,19681
2026-04-09T22:35:44,4.864385,-89.766373,-23.0,12.56,74.0,7,1.9,103.4,4.209,-4.2,0,1,19682
2026-04-09T22:36:13,4.864850,-89.764626,-24.6,13.84,74.2,7,1.9,103.4,4.209,-4.2,0,1,19683
2026-04-09T22:36:42,4.865307,-89.762901,-27.3,13.06,76.1,7,1.9,103.5,4.209,-4.4,0,1,19684
2026-04-09T22:37:11,4.865760,-89.761093,-28.8,12.88,76.2,6,2.0,103.4,4.210,-4.2,0,1,19685
2026-04-09T22:37:39,4.866209,-89.759468,-23.2,13.36,74.0,7,1.9,103.2,4.210,-4.2,0,1,19686
2026-04-09T22:38:08,4.866702,-89.757736,-20.3,13.18,74.2,7,1.9,103.5,4.209,-4.4,0,1,19687
2026-04-09T22:38:37,4.867110,-89.756088,-22.6,12.12,76.7,6,2.1,103.4,4.209,-4.2,0,1,19688
2026-04-09T22:39:06,4.867593,-89.754326,-22.0,13.22,73.1,6,2.1,103.2,4.210,-4.2,0,1,19689
2026-04-09T22:39:34,4.868023,-89.752625,-25.4,13.52,76.6,7,1.9,103.4,4.210,-4.2,0,1,19690
2026-04-09T22:40:03,4.868398,-89.750847,-28.2,14.05,80.1,6,2.1,103.5,4.209,-4.4,0,1,19691
2026-04-09T22:40:32,4.868820,-89.749130,-26.8,12.02,69.5,6,2.1,103.5,4.210,-4.4,0,1,19692
2026-04-09T22:41:01,4.869355,-89.747391,-21.7,13.32,71.8,6,2.1,103.5,4.210,-4.4,0,1,19693
2026-04-09T22:41:29,4.869831,-89.745735,-18.6,13.33,77.7,6,2.1,103.4,4.210,-4.2,0,1,19694
2026-04-09T22:41:58,4.870353,-89.744034,-15.7,13.05,72.2,7,2.0,103.7,4.209,-4.2,0,1,19695
2026-04-09T22:42:27,4.870820,-89.742310,-20.3,12.72,67.4,7,2.0,103.2,4.209,-4.2,0,1,19696
2026-04-09T22:42:56,4.871258,-89.740555,-18.5,13.25,75.6,6,2.2,103.4,4.209,-4.2,0,1,19697
2026-04-09T22:43:24,4.871576,-89.738853,-18.9,13.38,82.1,6,2.2,103.4,4.209,-4.2,0,1,19698
2026-04-09T22:43:53,4.872095,-89.737083,-12.3,13.35,72.1,6,2.2,103.4,4.207,-4.2,0,1,19699
2026-04-09T22:44:22,4.872413,-89.735306,-19.4,12.81,78.1,6,2.2,103.4,4.209,-4.2,0,1,19700
2026-04-09T22:44:51,4.872903,-89.733665,-30.6,13.10,78.2,6,2.2,103.2,4.209,-4.2,0,1,19701
2026-04-09T22:45:19,4.873187,-89.731995,-46.4,13.12,78.4,6,2.2,103.4,4.209,-4.2,0,1,19702
2026-04-09T22:45:48,4.873675,-89.730247,-38.6,12.59,78.3,6,2.2,103.4,4.209,-4.2,0,1,19703
2026-04-09T22:46:17,4.874166,-89.728539,-37.6,12.56,73.5,6,2.2,103.4,4.209,-4.2,0,1,19704
2026-04-09T22:46:46,4.874595,-89.726814,-39.2,12.66,74.4,6,2.2,103.5,4.209,-4.4,0,1,19705
2026-04-09T22:47:14,4.875026,-89.725159,-41.2,13.13,76.3,6,2.2,103.2,4.209,-4.2,0,1,19706
2026-04-09T22:47:43,4.875482,-89.723396,-37.1,12.47,76.5,6,2.3,103.2,4.209,-4.2,0,1,19707
2026-04-09T22:48:12,4.875988,-89.721703,-32.6,13.45,75.2,6,2.3,103.2,4.209,2747.5,0,1,19708
2026-04-09T22:48:41,4.876486,-89.719994,-28.7,12.82,76.8,6,2.3,103.4,4.209,-4.2,0,1,19709
2026-04-09T22:49:09,4.876940,-89.718330,-27.4,13.08,73.5,6,2.3,103.4,4.209,-4.2,0,1,19710
2026-04-09T22:49:38,4.877365,-89.716568,-29.6,12.72,76.2,7,2.1,103.5,4.209,-4.4,0,1,19711
2026-04-09T22:50:07,4.877816,-89.714851,-28.3,12.94,74.8,6,2.3,103.5,4.209,-4.4,0,1,19712
2026-04-09T22:50:36,4.878285,-89.713165,-27.4,13.14,74.7,7,2.1,103.4,4.207,-4.2,0,1,19713
2026-04-09T22:51:04,4.879183,-89.711449,15.1,13.79,75.7,8,1.5,103.4,4.210,-4.2,0,1,19714
2026-04-09T22:51:33,4.879666,-89.709724,19.5,13.21,74.7,8,1.5,103.4,4.207,-4.2,0,1,19715
2026-04-09T22:52:02,4.880106,-89.707977,19.9,13.09,73.9,8,1.5,103.7,4.209,-4.2,0,1,19716
2026-04-09T22:52:31,4.880542,-89.706245,20.3,13.17,73.6,8,1.5,103.5,4.210,-4.4,0,1,19717
2026-04-09T22:52:59,4.880968,-89.704567,19.2,13.62,76.0,8,1.5,103.4,4.209,-4.2,0,1,19718
2026-04-09T22:53:28,4.881428,-89.702820,17.8,13.82,74.6,8,1.5,103.4,4.209,-4.2,0,1,19719
2026-04-09T22:53:57,4.881893,-89.701096,13.8,13.17,75.6,8,1.5,103.4,4.210,-4.2,0,1,19720
2026-04-09T22:54:26,4.882355,-89.699364,10.2,12.60,73.3,7,1.8,103.4,4.207,-4.2,0,1,19721
2026-04-09T22:54:54,4.882761,-89.697639,8.0,13.03,75.8,7,1.8,103.2,4.209,-4.2,0,1,19722
2026-04-09T22:55:23,4.883206,-89.695946,2.9,11.76,74.7,7,2.2,103.4,4.207,-4.2,0,1,19723
2026-04-09T22:55:52,4.883715,-89.694237,-1.1,13.41,73.5,9,1.5,103.2,4.211,-4.2,0,1,19724
2026-04-09T22:56:21,4.884146,-89.692474,-5.2,13.33,76.7,9,1.5,103.0,4.207,-4.2,0,1,19725
2026-04-09T22:56:49,4.884618,-89.690811,-9.4,13.24,73.3,9,1.5,103.7,4.209,-4.2,0,1,19726
2026-04-09T22:57:18,4.885083,-89.689125,-9.1,13.85,78.2,8,1.7,103.5,4.209,-4.4,0,1,19727
2026-04-09T22:57:47,4.885556,-89.687408,-10.3,12.96,79.1,9,1.5,103.4,4.209,-4.2,0,1,19728
2026-04-09T22:58:16,4.886013,-89.685661,-5.8,13.20,74.3,9,1.5,103.5,4.209,-4.4,0,1,19729
2026-04-09T22:58:44,4.886478,-89.683998,-7.0,12.83,74.9,9,1.5,103.2,4.209,-4.2,0,1,19730
2026-04-09T22:59:13,4.886963,-89.682304,-5.3,13.51,72.9,9,1.5,103.4,4.209,-4.2,0,1,19731
2026-04-09T22:59:42,4.887390,-89.680565,-6.9,13.05,75.2,9,1.5,103.5,4.207,-4.4,0,1,19732
2026-04-09T23:00:11,4.887833,-89.678864,-11.7,13.54,75.9,9,1.5,103.2,4.210,-4.2,0,1,19733
2026-04-09T23:00:39,4.888333,-89.677223,-9.8,13.16,73.2,9,1.5,103.4,4.210,-4.2,0,1,19734
2026-04-09T23:01:08,4.888792,-89.675514,-5.5,12.60,76.9,9,1.5,103.4,4.209,-4.2,0,1,19735
2026-04-09T23:01:37,4.889256,-89.673828,-6.1,13.15,71.1,9,1.5,103.4,4.209,-4.2,0,1,19736
2026-04-09T23:02:06,4.889751,-89.672134,-4.1,13.55,72.7,9,1.6,103.2,4.210,-4.2,0,1,19737
2026-04-09T23:02:34,4.890232,-89.670486,-1.7,12.97,74.0,9,1.6,103.5,4.209,-4.4,0,1,19738
2026-04-09T23:03:03,4.890685,-89.668793,0.9,13.29,74.0,8,1.6,103.4,4.209,-4.2,0,1,19739
2026-04-09T23:03:32,4.891263,-89.667152,1.9,13.09,76.6,8,1.8,103.4,4.209,-4.2,0,1,19740
2026-04-09T23:04:01,4.891678,-89.665413,1.4,13.33,76.6,9,1.6,103.2,4.209,-4.2,0,1,19741
2026-04-09T23:04:29,4.892160,-89.663780,7.8,13.07,76.5,9,1.6,103.4,4.209,-4.2,0,1,19742
2026-04-09T23:04:58,4.892586,-89.662071,11.4,12.69,74.4,9,1.6,103.4,4.209,-4.2,0,1,19743
2026-04-09T23:05:27,4.893000,-89.660332,6.5,13.18,74.7,9,1.6,103.2,4.209,-4.2,0,1,19744
2026-04-09T23:05:56,4.893458,-89.658653,5.4,12.95,76.1,9,1.6,103.4,4.209,-4.2,0,1,19745
2026-04-09T23:06:24,4.894028,-89.657028,15.1,13.57,71.5,9,1.6,103.4,4.209,-4.2,0,1,19746
2026-04-09T23:06:53,4.894523,-89.655357,13.4,12.99,72.2,9,1.6,103.2,4.209,-4.2,0,1,19747
2026-04-09T23:07:22,4.895016,-89.653648,13.4,13.34,74.9,9,1.6,103.4,4.209,-4.2,0,1,19748
2026-04-09T23:07:51,4.895462,-89.651932,14.7,13.18,75.1,9,1.6,103.5,4.210,-4.4,0,1,19749
2026-04-09T23:08:19,4.895900,-89.650284,14.3,12.97,78.0,9,1.6,103.4,4.209,-4.2,0,1,19750
2026-04-09T23:08:48,4.896415,-89.648560,18.8,13.72,73.3,9,1.6,103.2,4.209,-4.2,0,1,19751
2026-04-09T23:09:17,4.896846,-89.646782,17.9,12.65,73.3,9,1.6,103.4,4.207,-4.2,0,1,19752
2026-04-09T23:09:46,4.897255,-89.645065,15.7,12.91,72.7,9,1.6,103.4,4.209,-4.2,0,1,19753
2026-04-09T23:10:14,4.897720,-89.643440,17.8,12.81,70.3,9,1.6,103.2,4.207,-4.2,0,1,19754
2026-04-09T23:10:43,4.898221,-89.641769,15.5,13.27,74.7,9,1.6,103.4,4.210,-4.2,0,1,19755
2026-04-09T23:11:12,4.898760,-89.640076,19.7,12.84,70.5,9,1.6,103.4,4.209,-4.2,0,1,19756
2026-04-09T23:11:41,4.899210,-89.638382,22.3,13.07,74.9,9,1.6,103.2,4.210,-4.2,0,1,19757
2026-04-09T23:12:09,4.899668,-89.636742,25.4,13.08,75.9,10,1.6,103.4,4.210,-4.2,0,1,19758
2026-04-09T23:12:38,4.900177,-89.635040,24.9,12.41,73.5,10,1.6,103.2,4.207,-4.2,0,1,19759
2026-04-09T23:13:07,4.900705,-89.633347,25.7,12.97,74.2,10,1.6,103.2,4.207,-4.2,0,1,19760
2026-04-09T23:13:36,4.901213,-89.631660,24.1,13.47,73.5,10,1.6,103.7,4.209,-4.2,0,1,19761
2026-04-09T23:14:04,4.901659,-89.629997,24.6,13.24,79.1,10,1.6,103.2,4.210,-4.2,0,1,19762
2026-04-09T23:14:33,4.902175,-89.628296,26.1,13.31,69.8,10,1.6,103.4,4.209,-4.2,0,1,19763
2026-04-09T23:15:02,4.902697,-89.626617,30.0,13.14,74.0,10,1.6,103.5,4.209,-4.4,0,1,19764
2026-04-09T23:15:31,4.903155,-89.624931,23.4,12.98,70.2,10,1.6,103.4,4.207,2751.6,0,1,19765
2026-04-09T23:15:59,4.903495,-89.623215,18.4,12.89,74.8,10,1.6,103.7,4.209,-4.2,0,1,19766
2026-04-09T23:16:28,4.904027,-89.621513,16.0,13.09,70.7,10,1.6,103.4,4.209,-4.2,0,1,19767
2026-04-09T23:16:57,4.904519,-89.619820,17.6,12.51,73.1,10,1.6,103.4,4.209,-4.2,0,1,19768
2026-04-09T23:17:26,4.905013,-89.618126,15.9,13.22,70.7,9,1.6,103.4,4.210,2751.6,0,1,19769
2026-04-09T23:17:54,4.905458,-89.616470,19.7,12.71,70.8,10,1.6,103.2,4.207,-4.2,0,1,19770
2026-04-09T23:18:23,4.905923,-89.614769,20.4,12.55,72.0,10,1.6,103.5,4.207,-4.4,0,1,19771
2026-04-09T23:18:52,4.906387,-89.613052,15.7,13.53,70.1,10,1.6,103.4,4.209,-4.2,0,1,19772
2026-04-09T23:19:21,4.906895,-89.611359,15.8,13.46,71.8,10,1.6,103.2,4.207,-4.2,0,1,19773
2026-04-09T23:19:49,4.907368,-89.609756,13.7,12.96,75.1,10,1.6,103.4,4.209,-4.2,0,1,19774
2026-04-09T23:20:18,4.907862,-89.608093,14.0,12.39,70.5,10,1.6,103.2,4.207,-4.2,0,1,19775
2026-04-09T23:20:47,4.908335,-89.606354,16.3,13.19,68.9,10,1.6,103.2,4.209,-4.2,0,1,19776
2026-04-09T23:21:16,4.908830,-89.604637,18.2,13.38,75.2,10,1.6,103.5,4.209,-4.4,0,1,19777
2026-04-09T23:21:44,4.909288,-89.603004,16.6,13.05,77.9,10,1.6,103.5,4.210,-4.4,0,1,19778
2026-04-09T23:22:13,4.909765,-89.601273,14.7,14.04,76.0,10,1.6,103.2,4.209,-4.2,0,1,19779
2026-04-09T23:22:42,4.910203,-89.599541,20.3,13.42,76.2,10,1.6,103.5,4.210,-4.4,0,1,19780
2026-04-09T23:23:11,4.910723,-89.597847,13.8,13.38,69.3,11,1.6,103.2,4.209,-4.2,0,1,19781
2026-04-09T23:23:39,4.911248,-89.596222,15.1,13.86,64.5,11,1.6,103.2,4.206,-4.2,0,1,19782
2026-04-09T23:24:08,4.911703,-89.594467,17.2,13.32,73.0,11,1.6,103.2,4.207,-4.2,0,1,19783
2026-04-09T23:24:37,4.912231,-89.592796,15.0,13.10,69.7,11,1.6,103.2,4.207,-4.2,0,1,19784
2026-04-09T23:25:06,4.912707,-89.591057,18.2,13.36,70.3,11,1.6,103.4,4.209,-4.2,0,1,19785
2026-04-09T23:25:34,4.913223,-89.589424,15.8,13.21,70.6,11,1.6,103.2,4.207,-4.2,0,1,19786
2026-04-09T23:26:03,4.913660,-89.587715,18.6,13.17,74.2,11,1.5,103.4,4.209,-4.2,0,1,19787
2026-04-09T23:26:32,4.914103,-89.585983,18.0,13.17,72.2,11,1.5,103.4,4.207,-4.2,0,1,19788
2026-04-09T23:27:01,4.914605,-89.584251,14.4,12.86,71.2,11,1.5,103.5,4.209,2755.8,0,1,19789
2026-04-09T23:27:29,4.915075,-89.582596,18.0,13.24,71.5,11,1.5,103.2,4.209,-4.2,0,1,19790
2026-04-09T23:27:58,4.915617,-89.580971,13.3,12.99,74.5,11,1.5,103.2,4.207,-4.2,0,1,19791
2026-04-09T23:28:27,4.916101,-89.579292,14.6,12.94,70.7,11,1.5,103.4,4.210,-4.2,0,1,19792
2026-04-09T23:28:56,4.916557,-89.577591,14.1,13.24,74.9,11,1.5,103.5,4.209,-4.4,0,1,19793
2026-04-09T23:29:24,4.917025,-89.575981,6.2,12.99,70.5,11,1.5,103.7,4.209,-4.2,0,1,19794
2026-04-09T23:29:53,4.917523,-89.574303,13.2,13.00,79.2,11,1.5,103.5,4.209,-4.4,0,1,19795
2026-04-09T23:30:22,4.918010,-89.572624,9.7,13.38,73.0,11,1.5,103.2,4.209,-4.2,0,1,19796
2026-04-09T23:30:51,4.918556,-89.570938,8.8,12.80,74.8,11,1.5,103.2,4.209,-4.2,0,1,19797
2026-04-09T23:31:19,4.918963,-89.569283,6.6,13.22,71.1,10,1.5,103.4,4.209,-4.2,0,1,19798
2026-04-09T23:31:48,4.919430,-89.567604,5.3,13.22,75.0,10,1.5,103.4,4.206,-4.2,0,1,19799
2026-04-09T23:32:17,4.919838,-89.565834,-5.1,13.89,70.9,10,1.5,103.4,4.209,-4.2,0,1,19800
2026-04-09T23:32:46,4.920249,-89.564087,-5.9,12.58,72.3,10,1.5,103.2,4.209,-4.2,0,1,19801
2026-04-09T23:33:14,4.920716,-89.562408,-6.5,13.49,73.2,10,1.5,103.4,4.209,-4.2,0,1,19802
2026-04-09T23:33:43,4.921265,-89.560745,-7.1,12.95,71.1,10,1.5,103.4,4.210,-4.2,0,1,19803
2026-04-09T23:34:12,4.921772,-89.558998,-10.3,13.54,65.4,10,1.5,103.4,4.209,-4.2,0,1,19804
2026-04-09T23:34:41,4.922285,-89.557335,-4.9,12.61,74.1,10,1.5,103.4,4.207,-4.2,0,1,19805
2026-04-09T23:35:09,4.922791,-89.555717,-3.3,12.98,73.1,10,1.5,103.4,4.210,-4.2,0,1,19806
2026-04-09T23:35:38,4.923349,-89.554001,-0.9,13.91,78.1,10,1.5,103.4,4.210,-4.2,0,1,19807
2026-04-09T23:36:07,4.923848,-89.552299,0.8,12.92,74.8,10,1.5,103.5,4.210,-4.4,0,1,19808
2026-04-09T23:36:36,4.924350,-89.550583,-3.0,13.54,75.1,10,1.5,103.5,4.207,-4.4,0,1,19809
2026-04-09T23:37:04,4.924900,-89.548935,5.6,13.13,74.6,10,1.5,103.7,4.209,-4.2,0,1,19810
2026-04-09T23:37:33,4.925443,-89.547264,6.4,12.81,69.0,10,1.5,103.2,4.209,-4.2,0,1,19811
2026-04-09T23:38:02,4.925908,-89.545532,8.6,13.14,75.0,10,1.5,103.2,4.209,-4.2,0,1,19812
2026-04-09T23:38:31,4.926458,-89.543831,6.9,12.99,69.3,10,1.5,103.5,4.209,-4.4,0,1,19813
2026-04-09T23:38:59,4.926927,-89.542168,4.6,13.28,76.3,10,1.5,103.4,4.209,-4.2,0,1,19814
2026-04-09T23:39:28,4.927393,-89.540459,2.1,13.40,70.0,10,1.5,103.4,4.210,-4.2,0,1,19815
2026-04-09T23:39:57,4.927855,-89.538734,-0.5,13.36,70.2,10,1.5,103.7,4.210,-4.2,0,1,19816
2026-04-09T23:40:26,4.928298,-89.537025,2.2,13.19,71.5,10,1.5,103.4,4.207,-4.2,0,1,19817
2026-04-09T23:40:54,4.928795,-89.535362,-5.1,13.45,73.7,10,1.5,103.5,4.209,-4.4,0,1,19818
2026-04-09T23:41:23,4.929245,-89.533638,-1.8,13.05,76.5,10,1.5,103.2,4.209,-4.2,0,1,19819
2026-04-09T23:41:52,4.929763,-89.532013,-5.8,13.13,71.1,10,1.5,103.7,4.207,-4.2,0,1,19820
2026-04-09T23:42:21,4.930302,-89.530319,-3.7,13.22,74.0,10,1.5,103.4,4.209,-4.2,0,1,19821
2026-04-09T23:42:49,4.930737,-89.528648,-7.0,12.76,76.8,10,1.4,103.4,4.210,-4.2,0,1,19822
2026-04-09T23:43:18,4.931186,-89.526924,-4.3,12.74,77.4,10,1.4,103.4,4.209,-4.2,0,1,19823
2026-04-09T23:43:47,4.931688,-89.525215,0.7,13.18,74.3,10,1.4,103.4,4.210,-4.2,0,1,19824
2026-04-09T23:44:16,4.932203,-89.523499,1.7,13.23,71.6,10,1.4,103.4,4.209,-4.2,0,1,19825
2026-04-09T23:44:44,4.932675,-89.521835,0.4,13.10,74.9,10,1.4,103.5,4.207,-4.4,0,1,19826
2026-04-09T23:45:13,4.933153,-89.520103,3.1,13.09,73.3,9,1.5,103.4,4.209,-4.2,0,1,19827
2026-04-09T23:45:42,4.933690,-89.518379,0.2,13.17,72.5,10,1.4,103.2,4.211,-4.2,0,1,19828
2026-04-09T23:46:11,4.934163,-89.516640,1.3,12.57,68.2,10,1.4,103.4,4.209,-4.2,0,1,19829
2026-04-09T23:46:39,4.934673,-89.514969,4.5,13.07,77.6,9,1.5,103.4,4.209,-4.2,0,1,19830
2026-04-09T23:47:08,4.935155,-89.513245,1.6,12.74,71.0,10,1.4,103.2,4.207,-4.2,0,1,19831
2026-04-09T23:47:37,4.935635,-89.511551,-2.2,13.54,76.0,8,3.1,103.4,4.207,-4.2,0,1,19832
2026-04-09T23:48:06,4.936155,-89.509850,-3.1,13.28,72.9,10,1.4,103.4,4.207,-4.2,0,1,19833
2026-04-09T23:48:34,4.936596,-89.508209,2.5,12.96,71.3,9,1.4,103.2,4.210,-4.2,0,1,19834
2026-04-09T23:49:03,4.937161,-89.506508,-3.6,13.42,72.4,9,1.4,103.4,4.209,-4.2,0,1,19835
2026-04-09T23:49:32,4.937660,-89.504829,-4.3,13.38,71.4,9,1.4,103.2,4.209,-4.2,0,1,19836
2026-04-09T23:50:01,4.938171,-89.503136,-4.9,12.98,73.1,10,1.4,103.2,4.207,-4.2,0,1,19837
2026-04-09T23:50:29,4.938666,-89.501518,-8.8,13.02,68.6,10,1.4,103.4,4.207,-4.2,0,1,19838
2026-04-09T23:50:58,4.939137,-89.499802,-8.6,13.22,72.3,10,1.4,103.4,4.209,-4.2,0,1,19839
2026-04-09T23:51:27,4.939606,-89.498100,-7.3,13.25,74.2,10,1.4,103.4,4.206,-4.2,0,1,19840
2026-04-09T23:51:56,4.940098,-89.496399,-8.8,13.31,72.0,9,1.5,103.2,4.210,-4.2,0,1,19841
2026-04-09T23:52:24,4.940536,-89.494713,-8.1,13.07,76.3,9,1.5,103.5,4.209,2755.8,0,1,19842
2026-04-09T23:52:53,4.941016,-89.492989,-5.8,12.89,70.7,9,1.5,103.4,4.209,-4.2,0,1,19843
2026-04-09T23:53:22,4.941520,-89.491272,-4.0,14.07,74.2,9,1.5,103.4,4.207,-4.2,0,1,19844
2026-04-09T23:53:51,4.942027,-89.489555,-3.0,13.30,75.1,9,1.5,103.2,4.207,-4.2,0,1,19845
2026-04-09T23:54:19,4.942553,-89.487938,-3.4,13.19,71.3,10,1.4,103.2,4.207,-4.2,0,1,19846
2026-04-09T23:54:48,4.943025,-89.486237,4.2,13.85,72.3,10,1.4,103.2,4.209,-4.2,0,1,19847
2026-04-09T23:55:17,4.943548,-89.484535,8.6,13.30,76.0,9,2.1,103.2,4.209,-4.2,0,1,19848
2026-04-09T23:55:46,4.944055,-89.482834,10.1,13.07,75.5,10,1.4,103.2,4.209,-4.2,0,1,19849
2026-04-09T23:56:14,4.944605,-89.481232,16.5,13.62,75.7,9,1.5,103.4,4.210,-4.2,0,1,19850
2026-04-09T23:56:43,4.945073,-89.479515,16.2,12.68,70.8,10,1.4,103.4,4.209,-4.2,0,1,19851
2026-04-09T23:57:12,4.945556,-89.477821,12.8,13.22,73.1,10,1.4,103.2,4.209,-4.2,0,1,19852
2026-04-09T23:57:41,4.946042,-89.476120,8.5,13.27,74.3,10,1.4,103.0,4.209,-4.2,0,1,19853
2026-04-09T23:58:09,4.946493,-89.474457,7.3,12.25,69.8,10,1.4,103.2,4.207,-4.2,0,1,19854
2026-04-09T23:58:38,4.946951,-89.472717,6.9,13.34,74.5,9,2.2,103.4,4.210,-4.2,0,1,19855
2026-04-09T23:59:07,4.947465,-89.471062,7.4,12.62,76.2,10,1.4,103.5,4.209,-4.4,0,1,19856
2026-04-09T23:59:36,4.947937,-89.469337,7.7,13.00,72.5,10,1.4,103.2,4.209,-4.2,0,1,19857
