datetime,lat,lon,alt_m,speed_kts,cog,satellites,hdop,battery_pct,battery_v,charge_rate,rtc_bat_low,fix,boot
2026-04-14T00:01:20,8.918885,-79.519409,32.4,0.39,80.9,12,0.8,70.8,3.950,-4.4,0,1,27531
2026-04-14T00:04:23,8.918899,-79.519409,33.0,0.31,108.4,13,0.7,70.9,3.946,-4.4,0,1,27532
2026-04-14T00:07:26,8.918917,-79.519440,32.7,0.31,108.4,14,0.8,70.1,3.945,-4.4,0,1,27533
2026-04-14T00:10:29,8.918921,-79.519440,34.0,0.32,110.5,14,0.7,70.4,3.947,-4.4,0,1,27534
2026-04-14T00:13:32,8.918946,-79.519447,34.7,0.08,228.8,13,0.7,70.3,3.949,-4.4,0,1,27535
2026-04-14T00:16:35,8.918975,-79.519463,35.9,0.63,211.1,16,0.6,70.1,3.947,-4.4,0,1,27536
2026-04-14T00:19:38,8.919004,-79.519493,36.6,0.60,340.7,15,0.6,70.0,3.945,-4.4,0,1,27537
2026-04-14T00:22:41,8.919009,-79.519478,39.5,0.25,33.9,11,0.7,70.0,3.945,-4.4,0,1,27538
2026-04-14T00:25:44,8.919004,-79.519524,41.4,0.82,334.7,14,0.7,69.8,3.944,-4.4,0,1,27539
2026-04-14T00:28:47,8.918991,-79.519547,42.2,0.13,334.7,11,0.8,69.8,3.941,-4.4,0,1,27540
2026-04-14T00:31:51,8.918989,-79.519562,43.8,0.50,251.2,15,0.7,69.6,3.940,-4.4,0,1,27541
2026-04-14T00:34:54,8.918979,-79.519577,45.4,0.41,279.3,13,0.7,69.5,3.938,-4.4,0,1,27542
2026-04-14T00:37:57,8.918975,-79.519630,47.1,0.09,277.9,16,0.6,69.5,3.939,-4.4,0,1,27543
2026-04-14T00:41:00,8.918971,-79.519707,50.1,0.33,251.3,12,0.7,69.3,3.935,-4.4,0,1,27544
2026-04-14T00:44:03,8.918977,-79.519638,50.8,0.18,80.4,13,0.7,69.3,3.938,-4.4,0,1,27545
2026-04-14T00:47:07,8.918980,-79.519600,51.4,0.14,85.2,13,0.7,69.0,3.938,-4.4,0,1,27546
2026-04-14T00:50:10,8.918873,-79.519516,50.6,0.59,17.4,14,0.7,69.5,3.936,-4.4,0,1,27547
2026-04-14T00:53:13,8.918891,-79.519531,50.5,0.77,11.8,14,0.7,69.1,3.932,-4.4,0,1,27548
2026-04-14T00:56:16,8.918905,-79.519516,51.6,0.29,68.6,14,0.7,69.1,3.938,-4.4,0,1,27549
2026-04-14T00:59:19,8.918933,-79.519554,52.6,0.26,226.8,14,0.7,68.6,3.935,-4.4,0,1,27550
2026-04-14T01:02:23,8.918923,-79.519562,54.2,0.14,74.8,13,0.7,68.5,3.934,-4.4,0,1,27551
2026-04-14T01:05:26,8.918923,-79.519600,56.0,0.37,74.8,13,0.8,68.8,3.935,-4.4,0,1,27552
2026-04-14T01:08:29,8.918913,-79.519600,57.5,0.21,92.2,15,0.7,68.5,3.935,-4.4,0,1,27553
2026-04-14T01:11:32,8.918915,-79.519600,59.0,0.36,92.2,14,0.7,68.6,3.932,-4.4,0,1,27554
2026-04-14T01:14:35,8.918931,-79.519562,59.8,0.13,92.2,14,0.7,68.3,3.930,-4.4,0,1,27555
2026-04-14T01:17:38,8.918951,-79.519554,63.7,0.44,69.4,12,0.7,68.2,3.931,-4.0,0,1,27556
2026-04-14T01:20:41,8.918975,-79.519592,64.4,1.15,291.8,14,0.7,68.2,3.931,-4.0,0,1,27557
2026-04-14T01:23:44,8.918993,-79.519608,64.6,1.17,310.6,15,0.7,68.2,3.930,-4.0,0,1,27558
2026-04-14T01:24:13,8.918999,-79.519608,64.7,0.38,220.2,15,0.7,68.2,3.926,-4.0,0,1,27559
2026-04-14T01:24:42,8.919004,-79.519623,64.8,0.15,220.2,13,0.8,67.9,3.928,-4.0,0,1,27560
2026-04-14T01:27:45,8.918959,-79.519569,66.7,0.13,299.0,16,0.7,67.9,3.931,-4.0,0,1,27561
2026-04-14T01:30:48,8.918953,-79.519592,66.6,0.44,298.1,14,0.7,68.0,3.924,-3.7,0,1,27562
2026-04-14T01:33:51,8.918955,-79.519592,66.4,0.51,298.1,13,0.8,67.9,3.922,-4.0,0,1,27563
2026-04-14T01:36:54,8.918955,-79.519600,66.8,0.40,290.7,11,0.8,67.6,3.928,-4.0,0,1,27564
2026-04-14T01:39:57,8.918963,-79.519638,65.3,0.31,289.3,12,0.7,67.6,3.928,-4.0,0,1,27565
2026-04-14T01:43:00,8.918963,-79.519630,65.3,0.17,289.3,14,0.7,67.6,3.926,-4.0,0,1,27566
2026-04-14T01:46:03,8.918959,-79.519608,64.6,0.64,98.4,13,0.9,67.6,3.925,-4.0,0,1,27567
2026-04-14T01:49:06,8.918885,-79.519302,54.3,0.10,96.4,14,0.8,67.6,3.926,-4.0,0,1,27568
2026-04-14T01:52:09,8.918873,-79.519272,53.4,0.02,283.7,11,1.1,67.4,3.928,-3.7,0,1,27569
2026-04-14T01:55:12,8.918911,-79.519249,47.7,0.08,283.7,10,1.0,67.3,3.920,-4.0,0,1,27570
2026-04-14T01:58:15,8.918943,-79.519379,47.3,1.32,305.2,12,0.8,67.2,3.922,-3.7,0,1,27571
2026-04-14T02:01:18,8.918959,-79.519417,46.5,0.00,265.6,13,0.7,67.2,3.922,-3.7,0,1,27572
2026-04-14T02:04:22,8.918944,-79.519432,48.1,0.34,57.0,10,0.9,67.2,3.922,-3.7,0,1,27573
2026-04-14T02:07:25,8.918966,-79.519447,48.3,0.52,300.6,9,1.0,67.2,3.916,-3.7,0,1,27574
2026-04-14T02:10:28,8.918975,-79.519493,47.8,0.35,345.8,13,0.7,66.9,3.920,-3.7,0,1,27575
2026-04-14T02:13:31,8.918953,-79.519516,49.2,0.39,276.9,12,0.8,66.6,3.919,-3.7,0,1,27576
2026-04-14T02:16:34,8.918982,-79.519524,50.3,0.47,283.3,12,0.8,66.9,3.914,-3.7,0,1,27577
2026-04-14T02:19:37,8.918984,-79.519539,49.5,0.84,150.1,14,0.7,66.6,3.919,-3.7,0,1,27578
2026-04-14T02:22:40,8.918973,-79.519600,45.3,0.11,270.6,11,0.9,66.6,3.910,-3.7,0,1,27579
2026-04-14T02:25:43,8.918960,-79.519707,36.5,0.01,272.5,10,0.8,66.4,3.914,-4.0,0,1,27580
2026-04-14T02:28:46,8.918962,-79.519684,39.4,0.25,256.3,13,0.8,66.3,3.915,-3.7,0,1,27581
2026-04-14T02:31:49,8.918997,-79.519569,39.9,0.40,89.6,15,0.7,66.4,3.912,-4.0,0,1,27582
2026-04-14T02:34:53,8.919002,-79.519554,40.9,1.38,84.7,13,0.7,65.9,3.909,-4.0,0,1,27583
2026-04-14T02:37:56,8.919033,-79.519554,40.3,0.74,309.6,14,0.7,66.1,3.909,-4.0,0,1,27584
2026-04-14T02:40:59,8.919039,-79.519562,41.3,0.55,309.6,12,0.8,65.9,3.912,-4.0,0,1,27585
2026-04-14T02:44:02,8.919026,-79.519547,41.3,0.38,78.5,12,0.8,65.9,3.912,-4.0,0,1,27586
2026-04-14T02:44:02,,,,,,,,66.0,3.959,0.0,0,0,27587
2026-04-14T02:44:02,,,,,,,,73.1,3.979,-0.4,0,0,27588
2026-04-14T02:44:02,,,,,,,,75.0,3.986,-1.9,0,0,27589
2026-04-14T03:07:31,8.918926,-79.519615,48.8,0.41,153.1,10,1.1,76.2,3.994,-4.4,0,1,27590
2026-04-14T03:10:34,8.918886,-79.519562,47.2,0.93,160.3,11,0.8,76.8,3.999,-4.4,0,1,27591
2026-04-14T03:13:37,8.918825,-79.519363,53.1,0.21,323.8,12,0.8,77.5,4.003,-4.4,0,1,27592
2026-04-14T03:16:40,8.918853,-79.519333,48.2,0.61,8.2,12,0.9,77.6,4.006,-4.4,0,1,27593
2026-04-14T03:19:43,8.918845,-79.519325,48.2,0.24,301.0,11,0.9,78.5,4.010,-4.4,0,1,27594
2026-04-14T03:22:46,8.918886,-79.519417,47.1,0.84,297.7,8,1.0,78.8,4.014,-4.4,0,1,27595
2026-04-14T03:25:49,8.918901,-79.519463,43.1,0.50,293.3,12,0.9,79.4,4.019,-4.4,0,1,27596
2026-04-14T03:28:52,8.918870,-79.519409,41.9,0.24,118.9,11,1.1,79.9,4.021,-4.4,0,1,27597
2026-04-14T03:31:55,8.918813,-79.519325,39.5,0.02,296.7,11,1.0,80.6,4.026,-4.2,0,1,27598
2026-04-14T03:34:58,8.918773,-79.519287,37.7,0.72,245.2,10,0.9,81.2,4.031,-4.4,0,1,27599
2026-04-14T03:38:01,8.918763,-79.519287,34.4,0.24,113.0,14,0.8,81.9,4.032,-4.2,0,1,27600
2026-04-14T03:41:04,8.918756,-79.519325,32.5,0.74,231.2,12,0.9,82.2,4.037,-4.4,0,1,27601
2026-04-14T03:44:08,8.918839,-79.519356,32.1,0.38,245.4,11,1.0,82.5,4.043,-4.4,0,1,27602
2026-04-14T03:47:11,8.918831,-79.519318,33.3,0.12,123.7,10,0.9,83.2,4.046,-4.2,0,1,27603
2026-04-14T03:50:14,8.918821,-79.519310,33.6,0.00,123.7,10,1.0,83.7,4.051,-4.4,0,1,27604
2026-04-14T03:53:17,8.918810,-79.519279,34.2,0.10,296.1,12,0.8,84.2,4.055,-4.4,0,1,27605
2026-04-14T03:56:20,8.918785,-79.519218,33.6,0.55,298.3,9,1.1,84.6,4.060,-4.0,0,1,27606
2026-04-14T03:59:23,8.918803,-79.519234,33.3,0.04,298.3,9,1.1,85.1,4.062,-3.7,0,1,27607
2026-04-14T04:02:26,8.918783,-79.519241,29.6,0.02,112.7,10,1.0,85.8,4.066,-4.0,0,1,27608
2026-04-14T04:05:29,8.918765,-79.519203,28.3,0.73,39.2,9,1.2,86.5,4.073,-4.0,0,1,27609
2026-04-14T04:08:32,8.918859,-79.519478,26.2,0.32,278.7,9,1.1,86.6,4.076,-3.7,0,1,27610
2026-04-14T04:11:36,8.919525,-79.519234,18.7,1.77,8.8,11,0.9,87.2,4.080,-4.0,0,1,27611
2026-04-14T04:14:39,8.921073,-79.518768,1.3,2.19,33.5,10,1.2,87.8,4.084,-3.7,0,1,27612
2026-04-14T04:15:08,8.921388,-79.518814,4.0,2.18,0.1,9,1.7,87.8,4.085,-3.7,0,1,27613
2026-04-14T04:15:37,8.921748,-79.518814,9.6,2.49,7.6,8,1.8,88.1,4.085,-4.0,0,1,27614
2026-04-14T04:16:06,8.922114,-79.518906,27.6,2.07,37.4,9,1.4,87.9,4.089,-3.7,0,1,27615
2026-04-14T04:16:34,8.922594,-79.519173,10.7,3.06,354.3,8,2.0,87.8,4.088,-3.7,0,1,27616
2026-04-14T04:17:03,8.922898,-79.519020,10.8,2.95,10.1,9,1.7,88.2,4.088,-3.7,0,1,27617
2026-04-14T04:17:32,8.923179,-79.519104,6.5,3.46,6.8,8,2.0,88.1,4.089,-4.0,0,1,27618
2026-04-14T04:18:01,8.923512,-79.518852,10.0,2.63,8.6,9,1.4,88.2,4.089,-3.7,0,1,27619
2026-04-14T04:18:29,8.923825,-79.518761,26.5,2.29,16.6,9,1.4,88.2,4.091,-3.7,0,1,27620
2026-04-14T04:18:58,8.924073,-79.518799,20.2,1.86,358.6,9,1.4,88.5,4.091,-3.7,0,1,27621
2026-04-14T04:19:27,8.924165,-79.518745,20.0,1.13,354.7,8,1.6,88.5,4.091,-3.7,0,1,27622
2026-04-14T04:19:56,8.924185,-79.518608,19.7,0.37,84.2,8,1.6,88.8,4.093,-4.2,0,1,27623
2026-04-14T04:20:24,8.924105,-79.518570,19.7,0.74,116.1,7,2.0,88.5,4.093,-3.7,0,1,27624
2026-04-14T04:23:28,8.923613,-79.516579,26.8,4.34,98.7,8,1.3,89.3,4.097,-4.2,0,1,27625
2026-04-14T04:26:31,8.921309,-79.511368,40.3,7.67,121.6,9,1.2,89.7,4.101,-4.2,0,1,27626
2026-04-14T04:27:00,8.920778,-79.510376,47.5,8.10,120.6,7,1.5,89.7,4.102,-4.2,0,1,27627
2026-04-14T04:27:29,8.920213,-79.509315,54.9,8.87,119.0,6,1.6,89.7,4.104,-4.2,0,1,27628
2026-04-14T04:27:58,8.919571,-79.508369,49.8,9.17,121.7,8,1.4,89.7,4.102,-4.2,0,1,27629
2026-04-14T04:28:27,8.918944,-79.507324,53.7,8.87,118.7,8,1.4,90.1,4.102,-4.2,0,1,27630
2026-04-14T04:28:56,8.918299,-79.506317,49.1,9.44,117.6,7,2.0,90.1,4.105,2397.8,0,1,27631
2026-04-14T04:29:24,8.917700,-79.505333,52.3,8.96,122.9,9,1.3,90.1,4.105,-4.2,0,1,27632
2026-04-14T04:29:53,8.917117,-79.504272,55.1,8.16,122.1,8,1.1,90.5,4.105,-4.2,0,1,27633
2026-04-14T04:30:22,8.916448,-79.503288,43.0,7.53,121.8,9,1.3,90.5,4.109,-4.2,0,1,27634
2026-04-14T04:30:51,8.915848,-79.502388,48.5,8.28,120.7,9,1.3,90.4,4.108,-4.2,0,1,27635
2026-04-14T04:31:19,8.915288,-79.501587,47.4,7.21,126.2,9,1.3,90.9,4.109,-4.4,0,1,27636
2026-04-14T04:31:48,8.914845,-79.500725,48.3,6.37,122.4,8,1.4,90.7,4.110,-4.2,0,1,27637
2026-04-14T04:32:17,8.914367,-79.500023,47.2,6.21,129.6,9,1.3,90.7,4.109,-4.2,0,1,27638
2026-04-14T04:32:46,8.913946,-79.499352,54.4,6.80,123.3,9,1.3,91.0,4.110,-4.2,0,1,27639
2026-04-14T04:33:14,8.913552,-79.498657,56.0,5.77,125.5,9,1.3,91.0,4.111,-4.2,0,1,27640
2026-04-14T04:33:43,8.912935,-79.498085,42.4,6.84,133.1,8,1.4,91.0,4.111,-4.2,0,1,27641
2026-04-14T04:34:12,8.912238,-79.497612,31.4,6.03,145.2,7,1.7,91.0,4.113,-4.2,0,1,27642
2026-04-14T04:34:41,8.911483,-79.497528,41.0,5.22,168.2,8,1.5,91.2,4.114,-4.2,0,1,27643
2026-04-14T04:35:09,8.910732,-79.497307,37.4,5.42,172.5,8,1.3,91.3,4.114,-4.2,0,1,27644
2026-04-14T04:35:38,8.909993,-79.497482,21.7,6.58,190.4,8,1.6,91.6,4.115,-4.2,0,1,27645
2026-04-14T04:36:07,8.909395,-79.497742,12.9,6.52,206.3,8,1.6,91.5,4.115,-4.4,0,1,27646
2026-04-14T04:36:36,8.908797,-79.498161,17.3,5.82,222.5,8,1.6,91.6,4.116,-4.2,0,1,27647
2026-04-14T04:37:04,8.907938,-79.498512,23.6,5.52,205.2,8,1.6,91.6,4.116,-4.2,0,1,27648
2026-04-14T04:37:33,8.907382,-79.498909,30.3,4.98,218.6,8,1.6,91.8,4.117,2444.2,0,1,27649
2026-04-14T04:38:02,8.906950,-79.499329,28.0,4.91,234.3,8,1.6,91.8,4.117,2444.2,0,1,27650
2026-04-14T04:38:31,8.906459,-79.499779,35.5,4.33,216.5,7,1.7,91.8,4.119,-4.2,0,1,27651
2026-04-14T04:38:59,8.906028,-79.500008,45.5,3.56,207.0,8,1.5,92.1,4.119,-4.4,0,1,27652
2026-04-14T04:39:28,8.905757,-79.500259,34.0,3.22,215.1,8,1.6,92.0,4.120,-4.2,0,1,27653
2026-04-14T04:39:57,8.905426,-79.500267,28.5,2.67,185.9,8,1.6,92.4,4.121,-4.2,0,1,27654
2026-04-14T04:40:26,8.905313,-79.500595,26.3,3.57,257.3,7,1.7,92.3,4.120,-4.2,0,1,27655
2026-04-14T04:40:54,8.904992,-79.500725,42.2,2.23,257.3,10,1.3,92.4,4.122,-4.2,0,1,27656
2026-04-14T04:41:23,8.904843,-79.500847,31.1,1.35,257.3,8,1.5,92.6,4.124,-4.2,0,1,27657
2026-04-14T04:41:52,8.904712,-79.500992,31.7,0.71,217.8,7,1.7,92.4,4.124,-4.2,0,1,27658
2026-04-14T04:42:21,8.904627,-79.501114,33.2,1.15,261.2,7,1.7,92.8,4.125,-4.4,0,1,27659
2026-04-14T04:42:49,8.904658,-79.501251,32.8,1.05,298.2,7,1.5,92.6,4.126,-4.2,0,1,27660
2026-04-14T04:43:18,8.904698,-79.501434,32.6,1.24,295.2,8,1.4,93.1,4.125,-4.2,0,1,27661
2026-04-14T04:43:47,8.904800,-79.501686,38.1,2.41,299.9,8,1.5,92.9,4.128,-4.2,0,1,27662
2026-04-14T04:44:16,8.904923,-79.501907,46.5,2.83,275.3,7,1.6,93.2,4.126,-4.2,0,1,27663
2026-04-14T04:44:44,8.904966,-79.502342,51.2,1.93,260.0,10,1.1,93.4,4.130,-4.4,0,1,27664
2026-04-14T04:45:13,8.904884,-79.502571,46.9,1.37,237.8,9,1.2,93.4,4.128,-4.4,0,1,27665
2026-04-14T04:45:42,8.904859,-79.502640,43.7,0.86,221.5,8,1.5,93.4,4.131,-4.4,0,1,27666
2026-04-14T04:46:11,8.904792,-79.502640,43.7,0.17,159.3,7,1.9,93.4,4.131,-4.4,0,1,27667
2026-04-14T04:49:14,8.904223,-79.500420,22.2,4.84,84.7,9,1.4,93.9,4.135,-4.2,0,1,27668
2026-04-14T04:52:17,8.904600,-79.494972,21.0,7.53,86.0,8,1.4,94.7,4.140,-4.4,0,1,27669
2026-04-14T04:52:46,8.904587,-79.493973,17.7,7.89,77.5,8,1.4,94.7,4.140,-4.4,0,1,27670
2026-04-14T04:53:14,8.904765,-79.492981,16.6,7.70,81.2,8,1.4,94.8,4.140,-4.2,0,1,27671
2026-04-14T04:53:43,8.904910,-79.491997,16.0,7.59,84.6,8,1.4,94.8,4.142,-4.2,0,1,27672
2026-04-14T04:54:12,8.905177,-79.490982,22.7,8.30,77.9,7,1.6,95.0,4.142,-4.2,0,1,27673
2026-04-14T04:54:41,8.905163,-79.490028,11.0,7.28,90.3,7,1.6,94.8,4.144,-4.2,0,1,27674
2026-04-14T04:55:09,8.905107,-79.488945,13.4,8.32,108.1,7,2.0,95.3,4.144,-4.4,0,1,27675
2026-04-14T04:55:38,8.904995,-79.487907,12.4,7.68,95.2,7,2.0,95.1,4.145,-4.2,0,1,27676
2026-04-14T04:56:07,8.904903,-79.486855,13.8,8.30,93.6,8,1.4,95.1,4.145,-4.2,0,1,27677
2026-04-14T04:56:36,8.904874,-79.485764,19.0,7.82,92.0,7,1.6,95.4,4.145,-4.2,0,1,27678
2026-04-14T04:57:04,8.904636,-79.484673,5.2,7.53,97.2,9,1.1,95.4,4.146,-4.2,0,1,27679
2026-04-14T04:57:33,8.904596,-79.483574,15.6,8.55,101.9,9,1.1,95.8,4.144,-4.2,0,1,27680
2026-04-14T04:58:02,8.904373,-79.482544,21.8,8.25,100.6,8,1.2,95.4,4.149,-4.2,0,1,27681
2026-04-14T04:58:31,8.903955,-79.481567,25.5,8.31,111.6,7,1.5,95.6,4.149,-4.2,0,1,27682
2026-04-14T04:58:59,8.903557,-79.480515,29.3,8.94,118.6,8,1.3,95.8,4.149,-4.2,0,1,27683
2026-04-14T04:59:28,8.903020,-79.479515,34.5,7.51,119.4,8,1.1,95.9,4.150,-4.4,0,1,27684
2026-04-14T04:59:57,8.902377,-79.478722,43.5,7.90,128.1,7,1.6,95.9,4.151,-4.4,0,1,27685
2026-04-14T05:00:26,8.901655,-79.477760,55.0,8.11,123.9,7,1.5,96.1,4.151,-4.2,0,1,27686
2026-04-14T05:00:54,8.900786,-79.477173,39.8,8.00,140.9,8,1.4,96.1,4.153,-4.2,0,1,27687
2026-04-14T05:01:23,8.899820,-79.476517,44.2,7.95,152.2,6,1.7,96.6,4.153,-4.4,0,1,27688
2026-04-14T05:01:52,8.898812,-79.476028,50.1,8.30,153.7,6,2.2,96.6,4.154,-4.4,0,1,27689
2026-04-14T05:02:21,8.897795,-79.475937,48.6,8.10,168.4,8,1.2,96.6,4.155,-4.4,0,1,27690
2026-04-14T05:02:49,8.896762,-79.475876,53.3,7.97,179.6,8,1.2,96.9,4.155,-4.2,0,1,27691
2026-04-14T05:03:18,8.895763,-79.475830,58.4,8.79,186.2,9,1.2,96.7,4.156,-4.2,0,1,27692
2026-04-14T05:03:47,8.894727,-79.476227,53.8,7.72,200.2,8,1.3,96.9,4.156,-4.2,0,1,27693
2026-04-14T05:04:16,8.893704,-79.476822,33.1,7.90,214.4,8,1.4,96.9,4.157,2579.0,0,1,27694
2026-04-14T05:04:44,8.892877,-79.477325,21.5,8.12,208.2,9,1.2,97.0,4.157,-4.2,0,1,27695
2026-04-14T05:05:13,8.892012,-79.477776,28.0,7.31,200.9,7,1.5,96.9,4.157,-4.2,0,1,27696
2026-04-14T05:05:42,8.891148,-79.478203,22.8,7.34,206.9,6,1.8,97.0,4.160,-4.2,0,1,27697
2026-04-14T05:06:11,8.890337,-79.478653,24.6,6.65,206.9,8,1.3,97.0,4.161,-4.2,0,1,27698
2026-04-14T05:06:39,8.889604,-79.478966,26.6,2.58,203.2,9,1.2,97.2,4.161,-4.4,0,1,27699
2026-04-14T05:07:08,8.888890,-79.479362,37.5,6.29,210.4,9,1.2,97.5,4.161,-4.2,0,1,27700
2026-04-14T05:07:37,8.888172,-79.479713,35.5,5.64,200.2,7,1.4,97.5,4.162,-4.2,0,1,27701
2026-04-14T05:08:06,8.887470,-79.479988,42.9,4.14,195.2,5,2.0,97.5,4.164,-4.2,0,1,27702
2026-04-14T05:08:34,8.886808,-79.480263,38.4,4.86,200.5,9,1.2,97.8,4.162,-4.4,0,1,27703
2026-04-14T05:09:03,8.886275,-79.480598,36.8,4.36,211.2,7,1.5,97.8,4.165,-4.4,0,1,27704
2026-04-14T05:09:32,8.885734,-79.480873,38.4,4.88,208.8,6,1.7,97.8,4.166,-4.4,0,1,27705
2026-04-14T05:10:01,8.885243,-79.481071,42.3,3.64,194.1,6,1.7,98.0,4.168,-4.2,0,1,27706
2026-04-14T05:10:29,8.884784,-79.481285,31.9,3.51,221.7,7,1.3,97.8,4.169,-4.4,0,1,27707
2026-04-14T05:10:58,8.884477,-79.481583,26.9,3.46,194.4,6,2.9,98.4,4.169,-4.4,0,1,27708
2026-04-14T05:11:27,8.884100,-79.481735,30.6,3.04,192.1,7,1.3,98.3,4.170,-4.2,0,1,27709
2026-04-14T05:11:56,8.883721,-79.481819,29.9,2.83,207.5,8,1.3,98.3,4.170,-4.2,0,1,27710
2026-04-14T05:12:24,8.883382,-79.481949,28.5,2.84,207.5,7,1.5,98.6,4.170,-4.2,0,1,27711
2026-04-14T05:12:53,8.883096,-79.482040,27.9,2.78,188.2,7,1.3,98.4,4.173,-4.4,0,1,27712
2026-04-14T05:13:22,8.882787,-79.482185,35.1,3.19,196.2,5,1.9,98.6,4.173,-4.2,0,1,27713
2026-04-14T05:13:51,8.882462,-79.482231,34.4,1.53,179.8,7,1.3,98.8,4.171,-4.2,0,1,27714
2026-04-14T05:14:19,8.882241,-79.482330,36.8,1.75,179.8,7,1.3,98.6,4.173,-4.2,0,1,27715
2026-04-14T05:14:48,8.881917,-79.482346,39.1,2.16,203.8,7,1.3,99.1,4.175,2637.9,0,1,27716
2026-04-14T05:15:17,8.881608,-79.482269,43.1,1.34,165.0,7,1.3,98.9,4.175,-4.2,0,1,27717
2026-04-14T05:15:46,8.881218,-79.482338,48.0,1.85,180.5,6,2.5,99.1,4.176,-4.4,0,1,27718
2026-04-14T05:16:14,8.880990,-79.482307,58.1,1.75,171.9,7,2.4,99.2,4.176,2642.2,0,1,27719
2026-04-14T05:16:43,8.880851,-79.482315,54.5,1.62,190.7,6,2.7,99.1,4.177,-4.4,0,1,27720
2026-04-14T05:17:12,8.880866,-79.482567,43.0,1.72,200.5,7,1.7,99.2,4.179,-4.2,0,1,27721
2026-04-14T05:17:41,8.880712,-79.482735,41.3,1.61,227.8,8,1.4,99.4,4.179,-4.2,0,1,27722
2026-04-14T05:18:09,8.880660,-79.482925,37.8,1.32,256.4,9,1.3,100.0,4.179,-4.2,0,1,27723
2026-04-14T05:18:38,8.880656,-79.483063,37.9,1.33,278.5,8,1.3,99.7,4.181,-4.4,0,1,27724
2026-04-14T05:19:07,8.880758,-79.483124,38.3,0.57,314.7,9,1.3,99.9,4.182,-4.2,0,1,27725
2026-04-14T05:19:36,8.880798,-79.483162,39.2,0.45,288.8,9,1.3,99.7,4.181,-4.4,0,1,27726
2026-04-14T05:22:39,8.880880,-79.482971,45.3,0.25,58.2,10,1.2,100.3,4.187,-4.4,0,1,27727
2026-04-14T05:25:42,8.880877,-79.482742,43.7,0.44,108.6,8,2.0,101.3,4.191,-4.2,0,1,27728
2026-04-14T05:28:45,8.880875,-79.482498,43.0,0.07,63.9,10,1.2,102.2,4.200,-4.4,0,1,27729
2026-04-14T05:31:48,8.880846,-79.482483,43.0,0.19,131.0,11,1.2,102.7,4.204,-4.2,0,1,27730
2026-04-14T05:34:52,8.880841,-79.482468,41.8,0.78,122.5,11,1.2,103.4,4.209,-4.2,0,1,27731
2026-04-14T05:37:55,8.880856,-79.482468,39.7,0.32,24.0,11,1.1,103.8,4.211,-4.2,0,1,27732
2026-04-14T05:40:58,8.880925,-79.482437,40.8,0.20,12.8,11,1.1,103.8,4.214,-4.2,0,1,27733
2026-04-14T05:44:01,8.880950,-79.482468,40.6,0.64,341.6,11,1.1,104.1,4.214,-4.4,0,1,27734
2026-04-14T05:47:04,8.880957,-79.482460,38.6,1.05,314.1,10,1.4,104.1,4.215,-4.4,0,1,27735
2026-04-14T05:50:07,8.881059,-79.482368,13.8,0.07,32.4,10,1.2,104.3,4.215,-4.2,0,1,27736
2026-04-14T05:53:10,8.881035,-79.482368,13.0,0.38,32.4,9,1.3,104.1,4.216,-4.4,0,1,27737
2026-04-14T05:56:13,8.880966,-79.482399,17.3,0.36,240.0,11,1.2,104.3,4.216,-4.2,0,1,27738
2026-04-14T05:59:16,8.880930,-79.482437,22.4,0.57,197.7,11,1.2,104.5,4.216,-4.2,0,1,27739
2026-04-14T06:02:19,8.880888,-79.482452,28.2,0.29,197.8,11,1.2,104.6,4.218,-4.2,0,1,27740
2026-04-14T06:05:23,8.880890,-79.482407,35.1,0.37,352.7,11,1.2,104.5,4.218,-4.2,0,1,27741
2026-04-14T06:08:26,8.880893,-79.482399,37.9,0.52,315.1,11,1.1,104.6,4.219,-4.2,0,1,27742
2026-04-14T06:11:29,8.880926,-79.482391,37.7,0.00,75.8,10,1.1,104.8,4.219,-4.4,0,1,27743
2026-04-14T06:14:32,8.880957,-79.482422,39.1,0.64,248.9,10,1.1,104.5,4.218,-4.2,0,1,27744
2026-04-14T06:17:35,8.880968,-79.482536,32.6,0.02,288.0,10,1.1,104.6,4.216,-4.2,0,1,27745
2026-04-14T06:20:38,8.880983,-79.482544,28.4,0.11,297.6,9,1.2,104.5,4.219,-4.2,0,1,27746
2026-04-14T06:23:41,8.880979,-79.482529,28.6,0.50,92.1,10,1.1,104.6,4.219,-4.2,0,1,27747
2026-04-14T06:26:44,8.880965,-79.482513,27.6,0.38,243.6,9,1.2,104.8,4.218,-4.4,0,1,27748
2026-04-14T06:29:47,8.880966,-79.482513,27.6,0.38,243.6,9,1.2,104.8,4.219,-4.4,0,1,27749
2026-04-14T06:32:50,8.880965,-79.482506,25.3,0.34,243.6,9,1.2,104.5,4.218,-4.2,0,1,27750
2026-04-14T06:35:53,8.880957,-79.482498,25.7,0.06,243.6,9,1.2,102.4,4.198,-4.2,0,1,27751
2026-04-14T06:38:56,8.881019,-79.482452,26.5,0.35,36.2,8,1.3,101.9,4.200,-4.2,0,1,27752
2026-04-14T06:41:59,8.881039,-79.482544,31.2,0.26,235.2,9,1.1,101.9,4.193,-4.2,0,1,27753
2026-04-14T06:45:02,8.880995,-79.482582,24.5,0.38,192.8,11,1.0,101.9,4.190,-4.2,0,1,27754
2026-04-14T06:48:05,8.880948,-79.482605,21.6,0.65,218.0,9,1.1,101.3,4.187,-4.2,0,1,27755
2026-04-14T06:51:08,8.880911,-79.482582,18.1,0.64,169.1,9,1.1,101.0,4.187,-4.4,0,1,27756
2026-04-14T06:54:11,8.880885,-79.482574,15.3,0.00,169.1,8,1.4,101.0,4.190,-4.4,0,1,27757
2026-04-14T06:57:14,8.880877,-79.482582,14.5,0.26,116.0,9,1.2,100.7,4.189,-4.2,0,1,27758
2026-04-14T07:00:17,8.880851,-79.482559,13.9,0.87,159.7,9,1.2,100.7,4.181,-4.2,0,1,27759
2026-04-14T07:03:20,8.880856,-79.482574,13.8,0.37,159.7,8,1.4,100.7,4.185,-4.2,0,1,27760
2026-04-14T07:06:23,8.880860,-79.482582,14.0,0.23,159.7,8,1.4,100.5,4.185,-4.2,0,1,27761
2026-04-14T07:09:26,8.880860,-79.482597,13.4,0.17,159.7,8,1.4,100.0,4.184,-4.2,0,1,27762
2026-04-14T07:12:29,8.880863,-79.482620,12.9,0.48,333.9,8,1.4,99.9,4.179,-4.2,0,1,27763
2026-04-14T07:15:32,8.880861,-79.482643,12.4,0.61,267.1,9,1.2,99.7,4.175,-4.4,0,1,27764
2026-04-14T07:18:35,8.880836,-79.482635,12.8,0.36,267.1,9,1.1,99.6,4.179,-4.2,0,1,27765
2026-04-14T07:21:38,8.880830,-79.482635,13.0,0.29,267.1,9,1.1,99.4,4.176,-4.2,0,1,27766
2026-04-14T07:24:41,8.880801,-79.482620,14.3,0.16,267.1,9,1.1,99.2,4.176,-4.2,0,1,27767
2026-04-14T07:27:44,8.880788,-79.482628,14.9,0.14,267.1,9,1.1,99.1,4.175,-4.4,0,1,27768
2026-04-14T07:30:48,8.880763,-79.482697,15.3,0.34,247.4,11,1.0,98.6,4.168,-4.2,0,1,27769
2026-04-14T07:33:51,8.880815,-79.482620,14.4,0.53,44.8,9,1.2,98.9,4.171,-4.2,0,1,27770
2026-04-14T07:36:54,8.880810,-79.482582,12.7,0.25,49.1,8,1.5,98.4,4.171,-4.4,0,1,27771
2026-04-14T07:39:57,8.880781,-79.482567,11.5,0.13,42.1,10,1.1,98.4,4.162,-4.4,0,1,27772
2026-04-14T07:43:00,8.880713,-79.482628,10.4,0.18,52.0,9,1.1,98.1,4.165,-4.2,0,1,27773
2026-04-14T07:46:03,8.880698,-79.482658,9.8,0.12,153.0,10,1.0,98.4,4.164,-4.4,0,1,27774
2026-04-14T07:49:06,8.880730,-79.482597,10.2,0.38,153.0,10,1.0,97.8,4.166,-4.4,0,1,27775
2026-04-14T07:52:09,8.880738,-79.482582,10.7,0.23,68.2,10,1.0,97.7,4.164,-4.2,0,1,27776
2026-04-14T07:55:13,8.880743,-79.482605,11.2,0.24,32.1,8,1.5,97.5,4.155,-4.2,0,1,27777
2026-04-14T07:58:16,8.880795,-79.482605,11.5,0.34,35.2,9,1.2,97.5,4.159,-4.2,0,1,27778
2026-04-14T08:01:19,8.880855,-79.482666,12.1,0.22,21.6,7,1.7,97.2,4.156,-4.4,0,1,27779
2026-04-14T08:04:22,8.880900,-79.482635,11.0,0.45,70.1,8,1.2,97.2,4.160,-4.4,0,1,27780
2026-04-14T08:07:25,8.880886,-79.482681,11.3,0.26,68.6,7,1.6,96.9,4.154,-4.2,0,1,27781
2026-04-14T08:10:28,8.880818,-79.482697,12.2,0.14,85.6,8,1.3,96.9,4.157,-4.2,0,1,27782
2026-04-14T08:13:31,8.880785,-79.482689,11.7,0.57,120.6,7,1.6,96.9,4.155,-4.2,0,1,27783
2026-04-14T08:16:34,8.880703,-79.482704,12.5,0.55,96.7,7,1.6,96.7,4.157,-4.2,0,1,27784
2026-04-14T08:19:37,8.880668,-79.482643,13.9,0.12,84.8,6,2.1,96.6,4.151,-4.4,0,1,27785
2026-04-14T08:22:40,8.880648,-79.482597,16.4,0.43,211.5,8,1.2,96.4,4.153,-4.2,0,1,27786
2026-04-14T08:25:43,8.880605,-79.482559,17.8,0.88,198.5,8,1.2,96.6,4.150,-4.4,0,1,27787
2026-04-14T08:28:46,8.880589,-79.482521,20.0,0.09,73.0,8,1.2,95.9,4.151,-4.4,0,1,27788
2026-04-14T08:31:49,8.880567,-79.482506,21.0,0.11,105.1,7,1.4,96.1,4.146,-4.2,0,1,27789
2026-04-14T08:34:53,8.880551,-79.482506,21.0,0.25,105.1,6,1.9,95.6,4.144,-4.2,0,1,27790
2026-04-14T08:37:56,8.880563,-79.482506,22.3,0.00,198.6,8,1.3,95.8,4.142,-4.2,0,1,27791
2026-04-14T08:40:59,8.880656,-79.482506,21.5,0.30,76.9,9,1.2,95.8,4.144,-4.2,0,1,27792
2026-04-14T08:44:02,8.880672,-79.482544,22.1,0.13,224.2,9,1.2,95.4,4.142,-4.2,0,1,27793
2026-04-14T08:47:05,8.880648,-79.482582,22.6,0.00,209.1,10,1.2,95.4,4.144,-4.2,0,1,27794
2026-04-14T08:50:08,8.880648,-79.482559,22.9,0.00,129.5,9,1.4,95.0,4.139,-4.2,0,1,27795
2026-04-14T08:53:11,8.880632,-79.482536,21.8,0.75,0.5,8,1.4,95.0,4.137,-4.2,0,1,27796
2026-04-14T08:56:14,8.880588,-79.482529,20.9,0.87,60.7,10,1.2,94.8,4.131,-4.2,0,1,27797
2026-04-14T08:59:17,8.880594,-79.482529,19.4,0.51,84.4,9,1.1,94.8,4.140,-4.2,0,1,27798
2026-04-14T09:02:20,8.880591,-79.482597,16.5,0.70,275.8,9,1.4,94.7,4.140,-4.4,0,1,27799
2026-04-14T09:05:23,8.880585,-79.482613,14.5,0.64,298.2,11,1.1,94.5,4.139,-4.2,0,1,27800
2026-04-14T09:08:26,8.880616,-79.482574,10.1,0.38,303.2,10,1.3,94.2,4.133,-4.2,0,1,27801
2026-04-14T09:11:29,8.880627,-79.482620,-0.9,0.22,132.1,9,1.5,94.2,4.131,-4.2,0,1,27802
2026-04-14T09:14:32,8.880620,-79.482628,0.7,0.69,341.8,9,1.5,94.0,4.131,-4.4,0,1,27803
2026-04-14T09:17:35,8.880620,-79.482689,1.0,0.19,247.7,10,1.2,94.0,4.135,-4.4,0,1,27804
2026-04-14T09:20:38,8.880580,-79.482796,1.0,0.78,267.0,10,1.2,93.9,4.134,-4.2,0,1,27805
2026-04-14T09:23:41,8.880560,-79.482780,1.8,0.48,228.0,10,1.2,93.5,4.134,-4.2,0,1,27806
2026-04-14T09:26:44,8.880520,-79.482697,5.6,0.54,12.3,8,1.7,93.4,4.126,-4.4,0,1,27807
2026-04-14T09:29:47,8.880502,-79.482780,14.0,0.91,86.4,6,2.3,93.4,4.130,-4.4,0,1,27808
2026-04-14T09:32:50,8.880489,-79.482727,16.6,0.57,295.5,8,1.4,93.7,4.129,-4.2,0,1,27809
2026-04-14T09:35:53,8.880511,-79.482742,18.2,0.15,114.3,9,1.2,93.2,4.128,-4.2,0,1,27810
2026-04-14T09:38:56,8.880540,-79.482765,19.6,0.10,292.0,8,1.6,93.1,4.126,-4.2,0,1,27811
2026-04-14T09:41:59,8.880620,-79.482841,32.7,0.60,233.6,8,1.7,92.8,4.122,-4.4,0,1,27812
2026-04-14T09:45:03,8.880627,-79.482834,36.4,0.53,280.3,9,1.5,92.8,4.125,-4.4,0,1,27813
2026-04-14T09:48:06,8.880603,-79.482849,42.3,0.09,159.3,8,1.5,92.6,4.125,-4.2,0,1,27814
2026-04-14T09:51:09,8.880576,-79.482872,46.6,0.15,112.1,10,1.4,92.4,4.117,-4.2,0,1,27815
2026-04-14T09:54:12,8.880665,-79.482758,35.7,0.85,33.5,9,1.9,92.4,4.124,-4.2,0,1,27816
2026-04-14T09:57:15,8.880603,-79.482979,26.4,1.40,18.4,9,1.9,92.6,4.120,-4.2,0,1,27817
2026-04-14T10:00:18,8.880628,-79.482941,27.4,0.13,85.7,9,1.9,92.1,4.121,-4.4,0,1,27818
2026-04-14T10:03:21,8.880665,-79.482780,29.0,0.30,66.3,9,1.9,92.1,4.115,-4.4,0,1,27819
2026-04-14T10:06:24,8.880748,-79.482597,23.4,0.03,57.0,9,1.9,92.3,4.115,-4.2,0,1,27820
2026-04-14T10:09:27,8.880795,-79.482559,23.4,0.42,261.1,10,1.8,91.8,4.115,-4.2,0,1,27821
2026-04-14T10:12:30,8.880792,-79.482498,21.4,0.33,112.5,10,1.8,91.8,4.114,-4.2,0,1,27822
2026-04-14T10:15:34,8.880758,-79.482483,21.2,0.38,77.8,8,1.9,91.6,4.116,-4.2,0,1,27823
2026-04-14T10:18:37,8.880767,-79.482506,21.1,0.45,77.8,7,3.4,91.5,4.115,-4.4,0,1,27824
2026-04-14T10:21:40,8.880770,-79.482567,21.5,0.00,261.0,7,3.4,91.3,4.110,-4.2,0,1,27825
2026-04-14T10:24:43,8.880750,-79.482582,23.0,0.14,261.0,7,1.9,91.2,4.110,-4.2,0,1,27826
2026-04-14T10:27:47,8.880732,-79.482567,24.6,0.14,88.1,8,1.8,91.2,4.110,-4.2,0,1,27827
2026-04-14T10:30:50,8.880696,-79.482643,25.7,0.58,241.2,9,1.7,91.3,4.113,-4.2,0,1,27828
2026-04-14T10:33:53,8.880683,-79.482735,26.7,0.68,261.4,9,1.8,91.2,4.110,-4.2,0,1,27829
2026-04-14T10:36:56,8.880662,-79.482658,20.2,0.23,86.1,9,1.6,90.7,4.110,-4.2,0,1,27830
2026-04-14T10:39:59,8.880654,-79.482582,17.4,0.20,268.7,9,1.6,90.7,4.110,-4.2,0,1,27831
2026-04-14T10:43:02,8.880662,-79.482658,19.0,0.27,76.0,9,1.6,90.7,4.108,-4.2,0,1,27832
2026-04-14T10:46:05,8.880672,-79.482849,20.0,0.28,75.2,9,1.5,90.4,4.105,-4.2,0,1,27833
2026-04-14T10:49:08,8.880650,-79.482796,13.7,0.47,81.6,10,1.2,90.4,4.108,-4.2,0,1,27834
2026-04-14T10:52:11,8.880654,-79.482796,3.7,0.05,100.7,9,1.3,90.2,4.106,-4.4,0,1,27835
2026-04-14T10:55:14,8.880654,-79.482834,1.0,0.86,226.5,11,1.1,90.2,4.102,-4.4,0,1,27836
2026-04-14T10:58:18,8.880672,-79.482681,9.8,0.16,84.5,9,1.5,89.9,4.104,-4.2,0,1,27837
2026-04-14T11:01:21,8.880660,-79.482742,4.9,0.15,80.9,9,1.2,89.9,4.099,-4.2,0,1,27838
2026-04-14T11:04:24,8.880603,-79.482895,1.2,0.41,253.9,10,1.1,89.6,4.097,-4.4,0,1,27839
2026-04-14T11:07:27,8.880547,-79.482910,6.9,0.62,49.7,10,1.1,89.9,4.099,-4.2,0,1,27840
2026-04-14T11:10:30,8.880591,-79.482979,11.7,0.06,117.4,10,1.1,89.9,4.099,-4.2,0,1,27841
2026-04-14T11:13:33,8.880567,-79.483047,12.1,0.41,134.1,9,1.4,89.4,4.096,-4.2,0,1,27842
2026-04-14T11:16:36,8.880585,-79.483063,10.1,1.08,320.1,12,0.9,89.3,4.095,-4.2,0,1,27843
2026-04-14T11:19:39,8.880554,-79.483109,6.5,0.11,254.4,11,1.0,89.3,4.094,-4.2,0,1,27844
2026-04-14T11:22:43,8.880553,-79.483086,4.3,0.34,76.8,11,1.2,89.3,4.091,-4.2,0,1,27845
2026-04-14T11:25:46,8.880538,-79.483078,4.7,0.28,50.4,12,1.1,89.0,4.095,2368.3,0,1,27846
2026-04-14T11:28:49,8.880554,-79.483047,7.2,0.27,218.7,12,1.0,88.8,4.089,-4.2,0,1,27847
2026-04-14T11:31:52,8.880496,-79.483047,8.8,0.22,94.1,11,1.3,89.1,4.091,-4.2,0,1,27848
2026-04-14T11:34:55,8.880504,-79.483047,11.2,0.28,318.6,11,1.1,88.6,4.093,-4.2,0,1,27849
2026-04-14T11:37:58,8.880493,-79.483101,18.8,0.66,305.1,11,1.2,88.5,4.089,-3.7,0,1,27850
2026-04-14T11:41:01,8.880507,-79.483063,21.6,0.78,247.4,12,1.0,88.5,4.089,-3.7,0,1,27851
2026-04-14T11:44:04,8.880465,-79.483063,20.7,0.16,195.7,11,1.1,88.6,4.093,-4.2,0,1,27852
2026-04-14T11:47:07,8.880505,-79.483063,21.7,0.01,68.8,11,1.3,88.4,4.086,-4.0,0,1,27853
2026-04-14T11:50:10,8.880710,-79.482941,28.6,1.09,61.8,9,1.5,88.1,4.090,-4.0,0,1,27854
2026-04-14T11:53:13,8.880732,-79.482964,28.9,0.50,39.5,11,1.1,88.1,4.089,-4.0,0,1,27855
2026-04-14T11:56:16,8.880702,-79.482979,30.9,0.08,7.1,12,1.1,88.1,4.086,-4.0,0,1,27856
2026-04-14T11:59:19,8.880718,-79.482948,34.2,0.32,352.4,11,1.1,88.1,4.082,-4.0,0,1,27857
2026-04-14T12:02:23,8.880727,-79.482925,40.6,0.15,253.2,12,1.0,87.6,4.085,-4.0,0,1,27858
2026-04-14T12:05:26,8.880730,-79.482925,42.2,0.40,26.4,12,1.1,87.6,4.085,-4.0,0,1,27859
2026-04-14T12:08:29,8.880685,-79.482925,40.9,0.03,56.3,14,1.0,87.6,4.084,-4.0,0,1,27860
2026-04-14T12:11:32,8.880718,-79.482864,39.6,0.19,324.1,14,1.0,87.5,4.082,-3.7,0,1,27861
2026-04-14T12:14:35,8.880625,-79.482903,36.6,0.65,59.1,13,1.1,87.5,4.084,-3.7,0,1,27862
2026-04-14T12:17:38,8.880650,-79.482872,46.0,0.11,62.9,13,0.9,87.4,4.077,-3.7,0,1,27863
2026-04-14T12:20:41,8.880683,-79.482880,51.6,0.23,53.6,10,1.5,87.1,4.080,-3.7,0,1,27864
2026-04-14T12:23:44,8.880663,-79.482872,47.5,0.31,208.4,14,0.8,87.2,4.081,-4.0,0,1,27865
2026-04-14T12:26:47,8.880670,-79.482903,46.2,0.79,215.8,13,0.9,87.1,4.079,-3.7,0,1,27866
2026-04-14T12:29:50,8.880714,-79.482979,45.3,0.25,280.7,13,0.9,87.1,4.074,-3.7,0,1,27867
2026-04-14T12:32:53,8.880696,-79.483009,40.3,0.10,72.9,10,1.3,86.8,4.079,-3.7,0,1,27868
2026-04-14T12:35:56,8.880680,-79.482964,41.9,0.28,102.8,11,0.9,86.6,4.075,-3.7,0,1,27869
2026-04-14T12:38:59,8.880235,-79.483650,13.5,3.51,245.7,11,1.0,86.6,4.070,-3.7,0,1,27870
2026-04-14T12:42:02,8.878268,-79.488297,-11.0,7.86,250.0,11,1.0,86.2,4.075,-3.7,0,1,27871
2026-04-14T12:42:31,8.877843,-79.489281,-5.0,8.26,248.0,10,1.1,86.6,4.076,-3.7,0,1,27872
2026-04-14T12:42:59,8.877470,-79.490318,-4.4,8.50,248.2,11,1.1,86.2,4.068,-3.7,0,1,27873
2026-04-14T12:43:28,8.877060,-79.491409,8.7,8.77,251.9,10,1.1,86.6,4.074,-3.7,0,1,27874
2026-04-14T12:43:57,8.876783,-79.492546,15.0,8.34,252.9,10,1.1,86.3,4.068,-3.7,0,1,27875
2026-04-14T12:44:26,8.876528,-79.493706,6.3,8.87,257.5,10,1.1,86.2,4.069,-3.7,0,1,27876
2026-04-14T12:44:54,8.876239,-79.494804,1.3,9.20,255.9,11,1.1,86.5,4.066,-4.0,0,1,27877
2026-04-14T12:45:23,8.875973,-79.495987,8.7,8.79,252.9,10,1.1,86.5,4.073,-4.0,0,1,27878
2026-04-14T12:45:52,8.875597,-79.497169,8.6,9.10,259.0,10,1.1,86.2,4.069,-3.7,0,1,27879
2026-04-14T12:46:21,8.875319,-79.498428,2.9,9.65,254.1,10,1.1,86.2,4.070,-3.7,0,1,27880
2026-04-14T12:46:49,8.875147,-79.499741,10.3,9.67,261.3,9,1.4,86.2,4.065,-3.7,0,1,27881
2026-04-14T12:47:18,8.875060,-79.501007,22.2,10.30,272.5,9,1.4,86.5,4.073,-4.0,0,1,27882
2026-04-14T12:47:47,8.875248,-79.502312,32.7,10.47,281.1,9,1.4,86.2,4.066,-3.7,0,1,27883
2026-04-14T12:48:16,8.875508,-79.503708,40.0,9.08,284.4,9,1.4,86.1,4.069,-4.0,0,1,27884
2026-04-14T12:48:44,8.875991,-79.505119,32.0,10.58,295.3,9,1.4,86.1,4.066,-4.0,0,1,27885
2026-04-14T12:49:13,8.876591,-79.506447,18.3,10.78,295.6,7,2.3,86.3,4.071,-3.7,0,1,27886
2026-04-14T12:49:42,8.877240,-79.507820,27.8,10.76,297.9,8,2.3,86.1,4.068,-4.0,0,1,27887
2026-04-14T12:50:11,8.878020,-79.509094,20.6,11.75,305.4,9,1.4,86.1,4.068,-4.0,0,1,27888
2026-04-14T12:50:39,8.878791,-79.510406,25.0,11.73,300.7,9,1.4,85.9,4.065,-3.7,0,1,27889
2026-04-14T12:51:08,8.879565,-79.511803,28.4,12.08,303.0,8,2.2,86.2,4.071,-3.7,0,1,27890
2026-04-14T12:51:37,8.880360,-79.513191,37.7,11.46,298.2,7,2.5,85.8,4.065,-4.0,0,1,27891
2026-04-14T12:52:06,8.881450,-79.514496,27.3,12.50,307.1,10,1.0,85.9,4.068,-3.7,0,1,27892
2026-04-14T12:52:34,8.882448,-79.515656,37.3,12.53,314.8,11,1.3,85.9,4.064,-3.7,0,1,27893
2026-04-14T12:53:03,8.883720,-79.516762,31.1,11.03,320.4,10,1.3,85.9,4.070,-3.7,0,1,27894
2026-04-14T12:53:32,8.884855,-79.517830,28.6,11.73,314.8,12,1.1,86.1,4.068,-4.0,0,1,27895
2026-04-14T12:54:01,8.886075,-79.518845,32.1,11.43,319.8,13,0.9,86.2,4.066,-3.7,0,1,27896
2026-04-14T12:54:29,8.887218,-79.519836,33.8,11.50,319.7,13,0.9,85.8,4.062,-4.0,0,1,27897
2026-04-14T12:54:58,8.888538,-79.520767,33.5,12.50,322.7,11,1.2,85.9,4.070,-3.7,0,1,27898
2026-04-14T12:55:27,8.889775,-79.521843,27.5,11.73,320.8,12,0.9,85.9,4.070,-3.7,0,1,27899
2026-04-14T12:55:56,8.891042,-79.522850,30.2,11.47,321.3,12,1.0,85.9,4.064,-3.7,0,1,27900
2026-04-14T12:56:24,8.892267,-79.523827,46.9,12.47,321.3,11,1.2,85.8,4.066,-4.0,0,1,27901
2026-04-14T12:56:53,8.893506,-79.524925,51.4,12.00,319.8,12,1.0,85.9,4.069,-3.7,0,1,27902
2026-04-14T12:57:22,8.894635,-79.525917,48.0,12.04,319.5,13,0.9,85.6,4.065,-3.7,0,1,27903
2026-04-14T12:57:51,8.895937,-79.526909,42.3,12.33,320.0,13,0.9,85.6,4.065,-3.7,0,1,27904
2026-04-14T12:58:19,8.897140,-79.527977,37.1,11.67,321.0,12,1.0,85.9,4.061,-3.7,0,1,27905
2026-04-14T12:58:48,8.898341,-79.529091,29.3,12.05,321.7,12,1.1,85.8,4.068,-4.0,0,1,27906
2026-04-14T12:59:17,8.899589,-79.530144,19.3,13.15,317.0,10,1.3,85.6,4.068,-3.7,0,1,27907
2026-04-14T12:59:46,8.900870,-79.531174,21.5,12.09,319.4,12,1.1,85.5,4.062,-3.7,0,1,27908
2026-04-14T13:00:14,8.902012,-79.532349,12.0,12.19,316.3,11,1.0,85.6,4.062,-3.7,0,1,27909
2026-04-14T13:00:43,8.903268,-79.533379,11.6,10.96,320.4,9,1.2,85.9,4.065,-3.7,0,1,27910
2026-04-14T13:01:12,8.904493,-79.534454,8.5,12.32,320.2,10,1.3,85.5,4.069,-3.7,0,1,27911
2026-04-14T13:01:41,8.905722,-79.535446,12.5,11.24,319.4,11,1.1,85.6,4.064,-3.7,0,1,27912
2026-04-14T13:02:09,8.906920,-79.536484,15.7,12.31,316.4,12,0.9,85.5,4.060,-3.7,0,1,27913
2026-04-14T13:02:38,8.908206,-79.537498,24.2,11.97,322.3,11,1.1,85.8,4.068,-4.0,0,1,27914
2026-04-14T13:03:07,8.909452,-79.538559,32.7,10.93,324.7,12,1.1,85.3,4.062,-4.0,0,1,27915
2026-04-14T13:03:36,8.910720,-79.539688,40.5,11.78,322.3,11,1.1,85.5,4.064,-3.7,0,1,27916
2026-04-14T13:04:04,8.911846,-79.540627,30.8,11.67,320.1,13,1.1,85.8,4.060,-4.0,0,1,27917
2026-04-14T13:04:33,8.913081,-79.541725,43.7,11.52,321.6,12,1.1,85.5,4.068,-3.7,0,1,27918
2026-04-14T13:05:02,8.914428,-79.542580,36.0,12.13,322.0,12,1.1,85.5,4.062,-3.7,0,1,27919
2026-04-14T13:05:31,8.915667,-79.543671,29.1,12.10,319.9,12,1.1,85.1,4.062,-3.7,0,1,27920
2026-04-14T13:05:59,8.916899,-79.544640,25.7,13.25,322.4,12,1.1,85.3,4.062,-4.0,0,1,27921
2026-04-14T13:06:28,8.918303,-79.545494,21.8,12.26,317.7,12,1.1,85.6,4.068,-3.7,0,1,27922
2026-04-14T13:06:57,8.919528,-79.546570,26.9,10.94,324.1,12,1.1,85.3,4.062,-4.0,0,1,27923
2026-04-14T13:07:26,8.920870,-79.547592,9.9,12.62,317.5,12,1.1,85.3,4.064,-4.0,0,1,27924
2026-04-14T13:07:54,8.922052,-79.548637,17.5,11.45,322.9,11,1.1,85.2,4.059,-3.7,0,1,27925
2026-04-14T13:08:23,8.923231,-79.549644,14.8,11.36,317.5,12,1.1,85.5,4.065,-3.7,0,1,27926
2026-04-14T13:08:52,8.924445,-79.550507,26.9,10.27,325.7,12,1.1,85.2,4.062,-3.7,0,1,27927
2026-04-14T13:09:21,8.925500,-79.551277,32.1,9.77,321.3,12,1.1,85.3,4.061,-4.0,0,1,27928
2026-04-14T13:09:49,8.926401,-79.552017,30.0,9.03,319.9,11,1.1,85.3,4.057,-4.0,0,1,27929
2026-04-14T13:10:18,8.927325,-79.552666,32.0,8.14,321.4,10,1.4,85.6,4.064,-3.7,0,1,27930
2026-04-14T13:10:47,8.928164,-79.553253,23.5,8.70,321.3,12,1.1,85.2,4.060,-3.7,0,1,27931
2026-04-14T13:11:16,8.929098,-79.553749,16.6,8.42,323.5,12,1.1,85.1,4.060,-3.7,0,1,27932
2026-04-14T13:11:44,8.929980,-79.554398,16.3,8.67,323.8,11,1.1,85.3,4.056,-4.0,0,1,27933
2026-04-14T13:12:13,8.930879,-79.555122,11.3,8.31,326.1,11,1.1,85.3,4.059,-4.0,0,1,27934
2026-04-14T13:12:42,8.931785,-79.555809,19.2,7.73,325.2,11,1.1,85.2,4.065,-3.7,0,1,27935
2026-04-14T13:13:11,8.932608,-79.556664,24.6,8.34,320.8,12,1.1,85.1,4.057,-3.7,0,1,27936
2026-04-14T13:13:39,8.933529,-79.557175,18.5,9.38,317.3,12,1.1,85.1,4.057,-3.7,0,1,27937
2026-04-14T13:14:08,8.934363,-79.557869,18.3,7.56,317.9,12,1.1,85.3,4.060,-4.0,0,1,27938
2026-04-14T13:14:37,8.935232,-79.558647,24.1,8.26,317.4,11,1.2,85.2,4.055,-3.7,0,1,27939
2026-04-14T13:15:06,8.936132,-79.559341,22.1,7.79,322.8,12,1.1,84.9,4.061,-4.0,0,1,27940
2026-04-14T13:15:34,8.936991,-79.559952,27.2,8.81,315.6,12,1.1,85.1,4.057,-3.7,0,1,27941
2026-04-14T13:16:03,8.937869,-79.560631,19.5,7.98,324.8,12,1.1,85.2,4.064,-3.7,0,1,27942
2026-04-14T13:16:32,8.938715,-79.561302,18.9,8.17,319.8,11,1.1,85.2,4.056,-3.7,0,1,27943
2026-04-14T13:17:01,8.939578,-79.561966,19.3,6.19,323.0,11,1.1,84.8,4.059,-3.7,0,1,27944
2026-04-14T13:17:29,8.940302,-79.562653,12.0,7.71,315.7,12,1.1,85.1,4.056,-3.7,0,1,27945
2026-04-14T13:17:58,8.941091,-79.563255,-4.2,7.33,319.7,10,1.2,85.1,4.059,-3.7,0,1,27946
2026-04-14T13:18:27,8.941780,-79.563843,-6.9,6.36,312.1,13,1.1,84.9,4.062,-4.0,0,1,27947
2026-04-14T13:18:56,8.942536,-79.564377,-5.6,8.03,318.7,12,0.8,84.9,4.060,-4.0,0,1,27948
2026-04-14T13:19:24,8.943189,-79.564934,-3.6,6.13,315.4,12,0.7,84.9,4.055,-4.0,0,1,27949
2026-04-14T13:19:53,8.943832,-79.565392,-7.4,5.84,318.3,15,0.6,85.5,4.062,-3.7,0,1,27950
2026-04-14T13:20:22,8.944512,-79.565742,0.1,5.35,323.3,15,0.6,85.1,4.059,-3.7,0,1,27951
2026-04-14T13:20:51,8.945117,-79.566307,-2.7,4.98,316.9,13,0.9,84.6,4.057,-4.0,0,1,27952
2026-04-14T13:21:19,8.945674,-79.566818,3.8,5.99,325.1,11,0.9,84.9,4.052,-4.0,0,1,27953
2026-04-14T13:21:48,8.946234,-79.567192,9.2,4.83,314.9,12,1.1,85.1,4.057,-3.7,0,1,27954
2026-04-14T13:22:17,8.946751,-79.567810,14.5,5.68,317.5,12,1.1,84.9,4.052,-4.0,0,1,27955
2026-04-14T13:22:46,8.947358,-79.568367,19.3,6.42,325.4,12,1.1,84.6,4.056,-4.0,0,1,27956
2026-04-14T13:23:14,8.948172,-79.568611,23.1,6.51,338.6,12,1.1,84.8,4.054,-3.7,0,1,27957
2026-04-14T13:23:43,8.949101,-79.568893,25.2,7.44,340.9,12,1.1,84.8,4.056,-3.7,0,1,27958
2026-04-14T13:24:12,8.950027,-79.569283,26.4,7.07,343.9,12,1.1,84.8,4.060,-3.7,0,1,27959
2026-04-14T13:24:41,8.951088,-79.569641,33.6,8.17,339.3,12,1.1,84.6,4.056,-4.0,0,1,27960
2026-04-14T13:25:09,8.952040,-79.570045,36.8,7.98,339.2,12,1.1,84.8,4.054,-3.7,0,1,27961
2026-04-14T13:25:38,8.953094,-79.570496,30.1,8.27,338.8,12,1.1,84.8,4.061,-3.7,0,1,27962
2026-04-14T13:26:07,8.954190,-79.571007,31.0,9.02,335.4,12,1.1,84.8,4.056,-3.7,0,1,27963
2026-04-14T13:26:36,8.955272,-79.571411,18.0,8.96,335.4,11,1.2,84.6,4.055,-4.0,0,1,27964
2026-04-14T13:27:04,8.956333,-79.571709,15.0,7.39,349.4,14,0.7,85.1,4.060,-3.7,0,1,27965
2026-04-14T13:27:33,8.957351,-79.572189,22.9,7.32,335.7,13,1.1,85.2,4.055,-3.7,0,1,27966
2026-04-14T13:28:02,8.958299,-79.572632,17.7,7.56,335.3,13,1.1,84.5,4.057,-3.7,0,1,27967
2026-04-14T13:28:31,8.959297,-79.572914,22.3,6.46,349.7,14,0.7,84.5,4.055,-3.7,0,1,27968
2026-04-14T13:28:59,8.960196,-79.573227,27.7,7.28,338.7,14,0.7,84.6,4.050,-4.0,0,1,27969
2026-04-14T13:29:28,8.961097,-79.573631,26.3,7.22,343.4,12,0.8,84.6,4.056,-4.0,0,1,27970
2026-04-14T13:29:57,8.962030,-79.573921,32.7,6.49,340.6,11,1.2,84.9,4.059,-4.0,0,1,27971
2026-04-14T13:30:26,8.962902,-79.574219,34.3,6.89,340.0,12,1.0,84.6,4.055,-4.0,0,1,27972
2026-04-14T13:30:54,8.963706,-79.574570,33.2,6.72,339.5,11,1.3,84.5,4.051,-3.7,0,1,27973
2026-04-14T13:31:23,8.964543,-79.574898,32.5,6.27,337.5,11,1.1,84.8,4.054,-3.7,0,1,27974
2026-04-14T13:31:52,8.965419,-79.575241,30.1,6.24,342.6,11,1.3,84.5,4.049,-3.7,0,1,27975
2026-04-14T13:32:21,8.966303,-79.575508,33.8,5.75,351.4,10,1.5,84.5,4.054,-3.7,0,1,27976
2026-04-14T13:32:49,8.967120,-79.575745,25.8,6.68,342.1,10,1.5,84.3,4.051,-3.7,0,1,27977
2026-04-14T13:33:18,8.967976,-79.576057,29.1,6.61,337.8,11,1.3,84.6,4.057,-4.0,0,1,27978
2026-04-14T13:33:47,8.968820,-79.576424,30.3,6.74,340.9,11,1.3,84.3,4.054,-3.7,0,1,27979
2026-04-14T13:34:16,8.969674,-79.576836,38.0,6.70,338.8,11,1.3,84.2,4.052,-4.4,0,1,27980
2026-04-14T13:34:44,8.970449,-79.576996,32.1,6.87,345.0,11,1.3,84.5,4.050,-3.7,0,1,27981
2026-04-14T13:35:13,8.971300,-79.577347,32.4,7.74,339.5,11,1.3,84.6,4.056,-4.0,0,1,27982
2026-04-14T13:35:42,8.972140,-79.577576,30.9,6.48,336.3,11,1.3,84.0,4.051,-4.4,0,1,27983
2026-04-14T13:36:11,8.973003,-79.577858,38.2,6.40,340.4,11,1.3,84.3,4.052,-3.7,0,1,27984
2026-04-14T13:36:39,8.973804,-79.578133,27.6,7.29,345.6,11,1.3,84.2,4.049,2241.0,0,1,27985
2026-04-14T13:37:08,8.974620,-79.578476,26.2,7.30,341.1,11,1.3,84.5,4.056,-3.7,0,1,27986
2026-04-14T13:37:37,8.975554,-79.578651,32.9,6.32,343.3,11,1.3,84.0,4.052,-4.4,0,1,27987
2026-04-14T13:38:06,8.976310,-79.579147,27.9,7.02,330.9,11,1.3,84.0,4.052,2236.6,0,1,27988
2026-04-14T13:38:34,8.977106,-79.579353,22.1,6.02,344.2,11,1.3,84.3,4.050,-3.7,0,1,27989
2026-04-14T13:39:03,8.977881,-79.579605,16.1,6.30,335.7,11,1.3,84.3,4.051,-3.7,0,1,27990
2026-04-14T13:39:32,8.978637,-79.579803,0.4,5.81,338.5,10,1.3,84.0,4.050,-4.4,0,1,27991
2026-04-14T13:40:01,8.979288,-79.580193,9.8,5.34,339.5,11,1.3,84.0,4.051,-4.4,0,1,27992
2026-04-14T13:40:29,8.979939,-79.580444,18.8,5.22,342.9,11,1.3,84.2,4.048,-4.4,0,1,27993
2026-04-14T13:40:58,8.980618,-79.580681,24.2,6.05,338.6,11,1.3,84.2,4.056,-4.4,0,1,27994
2026-04-14T13:41:27,8.981366,-79.580887,22.2,4.92,339.1,11,1.3,84.0,4.050,-4.4,0,1,27995
2026-04-14T13:41:56,8.982010,-79.581009,19.5,4.92,338.5,11,1.3,84.2,4.050,-4.4,0,1,27996
2026-04-14T13:42:24,8.982587,-79.581223,21.9,4.81,336.7,10,1.4,84.0,4.046,-4.4,0,1,27997
2026-04-14T13:42:53,8.983187,-79.581459,25.5,5.08,336.9,10,1.5,84.3,4.055,-3.7,0,1,27998
2026-04-14T13:43:22,8.983695,-79.581696,23.1,4.33,338.1,10,1.5,84.2,4.054,-4.4,0,1,27999
2026-04-14T13:43:51,8.984219,-79.581818,20.0,4.05,338.3,10,1.5,84.0,4.050,-4.4,0,1,28000
2026-04-14T13:44:19,8.984622,-79.581993,19.4,3.59,332.8,9,1.7,83.8,4.048,-4.4,0,1,28001
2026-04-14T13:44:48,8.985102,-79.582161,27.9,3.47,335.8,10,1.5,84.0,4.055,-4.4,0,1,28002
2026-04-14T13:45:17,8.985441,-79.582306,26.0,3.19,341.7,10,1.5,83.8,4.049,-4.4,0,1,28003
2026-04-14T13:45:46,8.985882,-79.582275,18.4,3.17,341.2,10,1.5,83.7,4.052,-4.4,0,1,28004
2026-04-14T13:46:14,8.986265,-79.582283,19.6,3.42,344.7,11,1.5,83.7,4.046,-4.4,0,1,28005
2026-04-14T13:46:43,8.986642,-79.582611,17.8,3.80,320.4,9,1.5,84.0,4.052,-4.4,0,1,28006
2026-04-14T13:47:12,8.986941,-79.582603,28.5,2.45,346.9,9,1.6,84.0,4.052,-4.4,0,1,28007
2026-04-14T13:47:41,8.987342,-79.582870,34.4,3.16,345.0,8,1.6,83.8,4.049,-4.4,0,1,28008
2026-04-14T13:48:09,8.987757,-79.582977,27.1,4.02,333.5,7,1.9,83.8,4.046,-4.4,0,1,28009
2026-04-14T13:48:38,8.988082,-79.583229,21.1,3.59,328.1,8,1.8,84.0,4.050,-4.4,0,1,28010
2026-04-14T13:49:07,8.988387,-79.583397,25.9,3.19,324.6,8,1.8,84.0,4.049,-4.4,0,1,28011
2026-04-14T13:49:36,8.988688,-79.583588,27.5,3.04,313.8,9,1.7,83.8,4.049,-4.4,0,1,28012
2026-04-14T13:50:04,8.988883,-79.584099,44.6,3.45,294.0,9,1.7,83.7,4.046,-4.4,0,1,28013
2026-04-14T13:50:33,8.989219,-79.584236,50.7,2.71,316.0,9,1.7,84.2,4.052,-4.4,0,1,28014
2026-04-14T13:51:02,8.989466,-79.584541,41.5,3.01,318.2,9,1.7,83.7,4.048,-4.4,0,1,28015
2026-04-14T13:51:31,8.989656,-79.584854,50.6,1.64,316.0,9,1.7,83.7,4.051,-4.4,0,1,28016
2026-04-14T13:51:59,8.989984,-79.585236,62.8,2.38,317.1,8,2.1,83.5,4.048,-4.4,0,1,28017
2026-04-14T13:52:28,8.990153,-79.585358,52.6,2.27,317.1,8,2.1,83.8,4.051,-4.4,0,1,28018
2026-04-14T13:52:57,8.990494,-79.585381,50.9,1.93,321.8,11,0.8,83.4,4.048,-4.4,0,1,28019
2026-04-14T13:53:26,8.990619,-79.585579,46.6,1.76,298.9,8,2.1,83.8,4.049,-4.4,0,1,28020
2026-04-14T13:53:54,8.990742,-79.585732,47.5,1.58,307.6,8,2.5,83.5,4.045,-4.4,0,1,28021
2026-04-14T13:54:23,8.990904,-79.585968,49.0,1.18,324.6,11,1.3,83.8,4.052,-4.4,0,1,28022
2026-04-14T13:54:52,8.991080,-79.586075,48.1,1.37,330.8,10,1.0,83.2,4.046,-4.2,0,1,28023
2026-04-14T13:55:21,8.991247,-79.586143,46.3,1.38,272.8,10,1.0,83.7,4.045,-4.4,0,1,28024
2026-04-14T13:55:49,8.991367,-79.586136,45.6,1.60,287.6,11,0.8,83.5,4.044,2223.5,0,1,28025
2026-04-14T13:56:18,8.991408,-79.586334,49.2,1.28,317.1,14,0.7,83.7,4.050,-4.4,0,1,28026
2026-04-14T13:56:47,8.991488,-79.586555,50.4,1.08,304.5,12,0.9,83.5,4.046,-4.4,0,1,28027
2026-04-14T13:57:16,8.991532,-79.586678,52.4,1.43,301.4,12,0.9,83.5,4.049,-4.4,0,1,28028
2026-04-14T13:57:44,8.991563,-79.586792,49.5,1.10,291.4,12,0.9,83.5,4.043,-4.4,0,1,28029
2026-04-14T13:58:13,8.991655,-79.586838,42.1,0.86,324.7,11,1.3,83.7,4.046,-4.4,0,1,28030
2026-04-14T13:58:42,8.991754,-79.586830,40.9,1.42,302.4,12,0.9,83.2,4.050,-4.2,0,1,28031
2026-04-14T13:59:11,8.991905,-79.586967,40.1,0.84,284.7,12,0.9,83.2,4.045,-4.2,0,1,28032
2026-04-14T13:59:39,8.991977,-79.587006,39.1,1.25,288.7,12,0.9,83.2,4.041,-4.2,0,1,28033
2026-04-14T14:00:08,8.992074,-79.587059,36.5,0.86,324.4,10,0.9,83.7,4.050,-4.4,0,1,28034
2026-04-14T14:00:37,8.992164,-79.587166,36.8,1.65,291.0,11,0.8,83.5,4.048,-4.4,0,1,28035
2026-04-14T14:01:06,8.992229,-79.587273,33.8,1.26,297.3,9,1.3,83.0,4.044,-4.4,0,1,28036
2026-04-14T14:01:34,8.992332,-79.587349,29.0,1.33,281.3,9,1.0,83.4,4.041,-4.4,0,1,28037
2026-04-14T14:02:03,8.992472,-79.587440,25.0,0.89,320.7,7,1.2,83.5,4.051,-4.4,0,1,28038
2026-04-14T14:02:32,8.992547,-79.587524,21.6,0.41,302.8,12,0.8,83.2,4.044,-4.2,0,1,28039
2026-04-14T14:05:35,8.993042,-79.588005,18.3,0.70,300.1,11,0.9,83.2,4.046,-4.2,0,1,28040
2026-04-14T14:08:38,8.993578,-79.588593,29.8,1.09,315.1,11,0.9,83.4,4.043,-4.4,0,1,28041
2026-04-14T14:11:41,8.994172,-79.589066,40.1,1.09,317.1,10,1.0,83.2,4.043,-4.2,0,1,28042
2026-04-14T14:12:09,8.994267,-79.589157,40.1,1.36,322.1,11,1.0,83.0,4.045,-4.4,0,1,28043
2026-04-14T14:12:38,8.994411,-79.589188,37.0,0.44,309.6,12,0.8,83.2,4.046,-4.2,0,1,28044
2026-04-14T14:13:07,8.994495,-79.589386,35.4,1.00,303.7,11,0.9,83.0,4.040,-4.4,0,1,28045
2026-04-14T14:16:10,8.995192,-79.590210,38.5,1.29,321.8,9,1.1,83.0,4.040,-4.4,0,1,28046
2026-04-14T14:19:13,8.995817,-79.590950,38.2,0.08,36.9,10,1.0,82.9,4.039,-4.4,0,1,28047
2026-04-14T14:22:16,8.995795,-79.590935,39.7,0.00,231.6,11,0.9,82.9,4.043,-4.4,0,1,28048
2026-04-14T14:25:19,8.995817,-79.590912,40.5,0.65,180.0,9,1.4,82.5,4.040,-4.4,0,1,28049
2026-04-14T14:28:22,8.995822,-79.590935,40.4,0.18,180.0,10,0.9,82.5,4.043,-4.4,0,1,28050
2026-04-14T14:31:25,8.995832,-79.590950,40.6,0.87,258.7,8,1.4,82.4,4.044,-4.4,0,1,28051
2026-04-14T14:34:28,8.995891,-79.591019,40.9,0.88,328.3,8,1.7,82.4,4.040,-4.4,0,1,28052
2026-04-14T14:37:31,8.997389,-79.592720,63.0,2.37,314.9,11,0.9,82.5,4.040,-4.4,0,1,28053
2026-04-14T14:40:34,8.997947,-79.592987,31.2,0.37,89.1,11,1.0,82.4,4.035,-4.4,0,1,28054
2026-04-14T14:43:38,8.997960,-79.592964,30.5,0.48,64.6,13,0.7,82.1,4.034,-4.4,0,1,28055
2026-04-14T14:46:41,8.997955,-79.592995,32.1,0.62,346.6,10,1.1,81.9,4.039,-4.2,0,1,28056
2026-04-14T14:49:44,8.997969,-79.593002,32.6,0.30,53.6,11,0.9,82.1,4.032,-4.4,0,1,28057
2026-04-14T14:52:47,8.997971,-79.593002,33.1,0.24,53.6,11,0.8,81.9,4.037,-4.2,0,1,28058
2026-04-14T14:55:50,8.999015,-79.593597,49.6,2.55,318.0,13,0.7,81.9,4.035,-4.2,0,1,28059
2026-04-14T14:58:53,9.000341,-79.594887,49.7,1.93,301.5,12,0.7,81.4,4.031,-4.4,0,1,28060
2026-04-14T14:59:22,9.000497,-79.594978,54.6,1.83,286.8,12,0.8,81.6,4.032,-4.4,0,1,28061
2026-04-14T14:59:51,9.000640,-79.595169,58.9,1.36,310.8,11,0.9,81.2,4.030,-4.4,0,1,28062
2026-04-14T15:00:19,9.000798,-79.595337,60.8,1.71,322.6,11,0.9,81.4,4.028,-4.4,0,1,28063
2026-04-14T15:00:48,9.001012,-79.595436,60.1,1.87,327.5,10,1.0,81.7,4.034,-4.4,0,1,28064
2026-04-14T15:01:17,9.001135,-79.595673,65.9,1.96,328.1,12,0.7,81.2,4.029,-4.4,0,1,28065
2026-04-14T15:01:46,9.001289,-79.595947,65.1,1.26,309.1,11,0.9,81.4,4.031,-4.4,0,1,28066
2026-04-14T15:02:14,9.001440,-79.596291,66.9,2.30,306.3,10,1.0,81.2,4.030,2162.8,0,1,28067
2026-04-14T15:02:43,9.001585,-79.596519,64.9,2.17,311.1,11,0.9,81.4,4.029,-4.4,0,1,28068
2026-04-14T15:03:12,9.001852,-79.596848,76.7,3.14,290.2,9,1.0,81.6,4.032,-4.4,0,1,28069
2026-04-14T15:03:41,9.002198,-79.597221,76.1,3.57,308.4,9,1.0,81.1,4.032,-4.4,0,1,28070
2026-04-14T15:04:09,9.002640,-79.597473,76.2,4.80,311.8,8,1.3,81.2,4.030,-4.4,0,1,28071
2026-04-14T15:04:38,9.003203,-79.597961,64.5,5.15,310.7,9,1.1,81.4,4.029,-4.4,0,1,28072
2026-04-14T15:05:07,9.003738,-79.598518,62.8,5.65,309.9,8,1.3,81.4,4.028,-4.4,0,1,28073
2026-04-14T15:05:36,9.004235,-79.599045,46.7,5.55,309.9,8,1.3,81.2,4.029,-4.4,0,1,28074
2026-04-14T15:06:04,9.004752,-79.599663,35.8,5.91,307.8,10,0.8,81.4,4.030,-4.4,0,1,28075
2026-04-14T15:06:33,9.005203,-79.600204,39.9,5.60,310.3,7,1.6,81.2,4.030,-4.4,0,1,28076
2026-04-14T15:07:02,9.005781,-79.600708,33.7,5.78,309.0,8,1.3,81.2,4.030,-4.4,0,1,28077
2026-04-14T15:07:31,9.006352,-79.601341,33.2,5.11,301.7,9,1.0,81.2,4.029,-4.4,0,1,28078
2026-04-14T15:07:59,9.006845,-79.601875,35.2,5.45,307.9,9,0.9,81.2,4.029,-4.4,0,1,28079
2026-04-14T15:08:28,9.007477,-79.602303,23.1,5.36,322.1,10,0.8,81.4,4.028,-4.4,0,1,28080
2026-04-14T15:08:57,9.007923,-79.602921,31.5,4.98,313.9,9,0.9,80.9,4.032,-4.4,0,1,28081
2026-04-14T15:09:26,9.008465,-79.603249,25.4,4.84,322.1,9,0.8,80.9,4.028,-4.4,0,1,28082
2026-04-14T15:09:54,9.008837,-79.603745,33.8,4.41,316.7,10,0.9,80.9,4.028,-4.4,0,1,28083
2026-04-14T15:10:23,9.009231,-79.604218,36.4,4.08,322.4,8,1.2,81.1,4.029,-4.4,0,1,28084
2026-04-14T15:10:52,9.009665,-79.604576,27.5,5.24,294.6,9,1.1,80.7,4.030,-4.4,0,1,28085
2026-04-14T15:11:21,9.009960,-79.604950,31.1,3.17,323.6,9,1.1,80.9,4.025,-4.4,0,1,28086
2026-04-14T15:11:49,9.010269,-79.605331,30.3,3.29,306.2,8,1.4,80.9,4.031,-4.4,0,1,28087
2026-04-14T15:12:18,9.010518,-79.605789,27.9,2.85,288.8,9,1.1,81.2,4.026,-4.4,0,1,28088
2026-04-14T15:12:47,9.010801,-79.606163,20.2,4.52,305.5,9,1.1,81.1,4.026,-4.4,0,1,28089
2026-04-14T15:13:16,9.011070,-79.606491,24.5,2.25,309.2,8,1.5,80.9,4.026,-4.4,0,1,28090
2026-04-14T15:13:44,9.011311,-79.606735,33.9,2.64,312.2,8,1.0,80.7,4.025,-4.4,0,1,28091
2026-04-14T15:14:13,9.011511,-79.606995,36.9,2.64,319.1,7,1.2,81.1,4.028,-4.4,0,1,28092
2026-04-14T15:14:42,9.011764,-79.607216,45.9,2.37,319.1,8,1.4,81.1,4.026,-4.4,0,1,28093
2026-04-14T15:15:11,9.011902,-79.607536,55.1,2.43,305.1,8,1.3,80.9,4.025,-4.4,0,1,28094
2026-04-14T15:15:39,9.012140,-79.607765,50.1,2.34,309.9,9,1.1,80.7,4.026,-4.4,0,1,28095
2026-04-14T15:16:08,9.012352,-79.608032,42.9,3.13,290.0,9,1.1,80.7,4.026,-4.4,0,1,28096
2026-04-14T15:16:37,9.012578,-79.608330,35.7,0.04,306.6,9,0.9,80.7,4.029,-4.4,0,1,28097
2026-04-14T15:17:06,9.012751,-79.608505,35.6,1.78,304.7,6,1.5,80.6,4.025,-4.2,0,1,28098
2026-04-14T15:17:34,9.012948,-79.608650,42.5,2.11,331.0,8,1.5,80.6,4.026,-4.2,0,1,28099
2026-04-14T15:18:03,9.013049,-79.608849,41.4,1.81,319.9,7,1.5,80.7,4.028,-4.4,0,1,28100
2026-04-14T15:18:32,9.013155,-79.608910,35.7,1.57,318.5,9,1.3,80.7,4.028,-4.4,0,1,28101
2026-04-14T15:19:01,9.013333,-79.609100,33.5,1.31,308.8,7,1.5,80.6,4.023,-4.2,0,1,28102
2026-04-14T15:19:29,9.013442,-79.609245,30.4,1.48,328.7,8,1.3,80.3,4.025,-4.4,0,1,28103
2026-04-14T15:19:58,9.013637,-79.609367,29.3,1.80,327.6,8,1.3,80.9,4.025,-4.4,0,1,28104
2026-04-14T15:20:27,9.013668,-79.609566,27.6,1.84,337.0,8,1.3,80.6,4.025,-4.2,0,1,28105
2026-04-14T15:20:56,9.013769,-79.609772,32.7,1.43,298.1,7,2.5,80.7,4.025,-4.4,0,1,28106
2026-04-14T15:21:24,9.013902,-79.609917,33.0,1.76,309.1,10,0.8,80.6,4.025,-4.2,0,1,28107
2026-04-14T15:21:53,9.014053,-79.610123,27.2,1.95,321.0,7,1.4,80.7,4.024,-4.4,0,1,28108
2026-04-14T15:22:22,9.014158,-79.610199,24.0,1.56,308.6,10,0.9,80.4,4.023,-4.4,0,1,28109
2026-04-14T15:22:51,9.014294,-79.610405,24.9,1.47,326.6,8,1.1,80.4,4.021,-4.4,0,1,28110
2026-04-14T15:23:19,9.014386,-79.610588,25.2,1.75,313.0,10,0.9,80.4,4.024,-4.4,0,1,28111
2026-04-14T15:23:48,9.014462,-79.610748,28.9,1.02,300.4,10,0.9,80.4,4.025,-4.4,0,1,28112
2026-04-14T15:24:17,9.014617,-79.610947,30.2,1.56,316.6,12,0.8,80.4,4.024,-4.4,0,1,28113
2026-04-14T15:24:46,9.014845,-79.611053,26.6,1.49,305.8,11,0.8,80.7,4.024,-4.4,0,1,28114
2026-04-14T15:25:14,9.015034,-79.611176,26.8,1.29,277.8,13,0.7,80.7,4.025,-4.4,0,1,28115
2026-04-14T15:25:43,9.015141,-79.611298,26.4,1.00,328.5,12,0.7,80.7,4.025,-4.4,0,1,28116
2026-04-14T15:26:12,9.015373,-79.611443,27.7,1.34,329.8,10,0.9,80.6,4.020,-4.2,0,1,28117
2026-04-14T15:26:41,9.015467,-79.611580,28.1,0.85,318.0,11,0.9,79.9,4.021,-4.4,0,1,28118
2026-04-14T15:27:09,9.015551,-79.611725,29.6,2.09,341.1,12,0.8,80.3,4.024,-4.4,0,1,28119
2026-04-14T15:27:38,9.015553,-79.611832,32.4,1.05,305.0,10,0.9,80.4,4.021,-4.4,0,1,28120
2026-04-14T15:28:07,9.015714,-79.611954,34.7,1.95,314.9,12,0.8,80.3,4.021,-4.4,0,1,28121
2026-04-14T15:28:36,9.015912,-79.612129,40.7,2.19,329.0,9,0.9,80.3,4.025,-4.4,0,1,28122
2026-04-14T15:29:04,9.016035,-79.612419,46.4,2.73,307.7,11,0.8,80.3,4.020,-4.4,0,1,28123
2026-04-14T15:29:33,9.016280,-79.612625,42.6,2.10,307.6,12,0.8,80.3,4.026,-4.4,0,1,28124
2026-04-14T15:30:02,9.016468,-79.612808,44.7,1.46,319.6,12,0.7,79.9,4.021,2128.0,0,1,28125
2026-04-14T15:30:31,9.016500,-79.612991,44.8,1.34,248.8,8,1.3,80.1,4.021,-4.4,0,1,28126
2026-04-14T15:30:59,9.016475,-79.612999,45.4,0.43,289.5,11,0.8,80.4,4.017,-4.4,0,1,28127
2026-04-14T15:31:28,9.016466,-79.612991,45.5,0.16,169.4,10,0.8,80.3,4.025,-4.4,0,1,28128
2026-04-14T15:34:31,9.016460,-79.612984,45.9,0.25,33.3,10,0.9,80.1,4.023,-4.4,0,1,28129
2026-04-14T15:37:34,9.016452,-79.612984,47.8,0.77,179.4,10,0.9,80.3,4.024,-4.4,0,1,28130
2026-04-14T15:40:37,9.016481,-79.612976,49.4,0.60,142.3,10,0.8,79.9,4.019,-4.4,0,1,28131
2026-04-14T15:43:40,9.016477,-79.612984,51.6,0.46,13.8,15,0.7,79.8,4.016,-4.4,0,1,28132
2026-04-14T15:46:43,9.016483,-79.612984,51.9,0.66,137.2,10,0.9,79.6,4.016,-4.4,0,1,28133
2026-04-14T15:49:46,9.017304,-79.613869,53.5,2.28,320.5,12,0.8,79.6,4.021,-4.4,0,1,28134
2026-04-14T15:52:49,9.018553,-79.615295,47.8,1.07,284.7,14,0.8,79.8,4.021,-4.4,0,1,28135
2026-04-14T15:53:18,9.018588,-79.615463,51.3,1.39,288.0,13,0.8,79.9,4.015,-4.4,0,1,28136
2026-04-14T15:53:47,9.018744,-79.615601,54.6,2.04,301.8,13,0.8,79.1,4.016,-4.4,0,1,28137
2026-04-14T15:54:16,9.019121,-79.615639,46.4,1.32,299.5,10,1.1,79.3,4.017,-4.2,0,1,28138
2026-04-14T15:54:44,9.019346,-79.615845,40.1,1.64,315.0,11,0.9,79.3,4.011,-4.2,0,1,28139
2026-04-14T15:55:13,9.019568,-79.616119,31.3,1.98,306.4,11,1.1,79.8,4.017,-4.4,0,1,28140
2026-04-14T15:55:42,9.019823,-79.616455,25.6,2.15,307.1,9,1.5,79.1,4.015,-4.4,0,1,28141
2026-04-14T15:56:11,9.020030,-79.616920,15.0,3.06,291.0,9,1.5,79.3,4.016,-4.2,0,1,28142
2026-04-14T15:56:39,9.020318,-79.617249,5.6,3.61,308.5,9,1.5,79.3,4.017,-4.2,0,1,28143
2026-04-14T15:57:08,9.020463,-79.617584,18.2,2.72,312.7,11,0.9,79.4,4.014,2114.9,0,1,28144
2026-04-14T15:57:37,9.020849,-79.618149,25.7,4.69,303.6,10,1.1,79.3,4.014,-4.2,0,1,28145
2026-04-14T15:58:06,9.021397,-79.618759,14.2,5.37,305.0,10,1.1,79.3,4.014,-4.2,0,1,28146
2026-04-14T15:58:34,9.021856,-79.619400,16.9,6.35,300.8,10,0.9,79.3,4.010,-4.2,0,1,28147
2026-04-14T15:59:03,9.022373,-79.620155,12.7,7.14,304.9,10,1.2,79.4,4.016,-4.4,0,1,28148
2026-04-14T15:59:32,9.022993,-79.620827,16.6,8.48,319.9,9,1.5,79.3,4.017,-4.2,0,1,28149
2026-04-14T16:00:01,9.023603,-79.621735,9.8,7.76,308.6,9,1.5,79.1,4.014,-4.4,0,1,28150
2026-04-14T16:00:29,9.024157,-79.622375,10.2,7.45,304.1,9,1.5,79.3,4.012,-4.2,0,1,28151
2026-04-14T16:00:58,9.024693,-79.623093,13.7,6.74,301.9,9,1.5,79.1,4.012,-4.4,0,1,28152
2026-04-14T16:01:27,9.025003,-79.624069,28.9,8.10,298.0,9,1.5,79.0,4.012,-4.4,0,1,28153
2026-04-14T16:01:56,9.025340,-79.624985,48.7,6.96,301.9,9,1.5,79.1,4.012,-4.4,0,1,28154
2026-04-14T16:02:24,9.025742,-79.625801,61.4,7.67,302.7,9,1.5,79.0,4.012,-4.4,0,1,28155
2026-04-14T16:02:53,9.026141,-79.626678,62.8,6.83,296.5,8,1.5,79.3,4.016,-4.2,0,1,28156
2026-04-14T16:03:22,9.026540,-79.627594,63.3,6.79,299.9,9,1.5,79.0,4.012,-4.4,0,1,28157
2026-04-14T16:03:51,9.027026,-79.628426,60.1,7.01,301.6,9,1.5,79.0,4.014,-4.4,0,1,28158
2026-04-14T16:04:19,9.027608,-79.629211,44.9,7.81,305.2,11,1.0,79.3,4.014,-4.2,0,1,28159
2026-04-14T16:04:48,9.028062,-79.630112,38.1,8.10,302.2,12,0.9,79.3,4.017,-4.2,0,1,28160
2026-04-14T16:05:17,9.028708,-79.630890,35.4,7.12,308.6,9,1.5,79.1,4.016,2106.4,0,1,28161
2026-04-14T16:05:46,9.029181,-79.631630,34.7,6.96,304.5,10,1.2,79.0,4.011,-4.4,0,1,28162
2026-04-14T16:06:14,9.029785,-79.632599,26.7,6.92,301.6,10,1.2,78.8,4.009,-4.4,0,1,28163
2026-04-14T16:06:43,9.030338,-79.633286,29.4,6.61,303.5,11,1.2,79.0,4.015,-4.4,0,1,28164
2026-04-14T16:07:12,9.030891,-79.634125,23.7,7.82,299.0,11,0.9,78.8,4.010,-4.4,0,1,28165
2026-04-14T16:07:41,9.031517,-79.634987,22.6,7.98,308.1,9,1.5,78.8,4.011,-4.4,0,1,28166
2026-04-14T16:08:09,9.032154,-79.635750,19.8,8.26,299.6,9,1.5,78.8,4.008,-4.4,0,1,28167
2026-04-14T16:08:38,9.032791,-79.636620,25.0,8.09,309.2,8,2.3,79.3,4.010,-4.2,0,1,28168
2026-04-14T16:09:07,9.033469,-79.637482,30.1,7.45,307.9,8,1.8,79.3,4.014,-4.2,0,1,28169
2026-04-14T16:09:36,9.034084,-79.638275,35.2,8.62,308.8,8,1.8,79.0,4.011,-4.4,0,1,28170
2026-04-14T16:10:04,9.034716,-79.639191,40.5,9.22,305.1,8,2.3,78.8,4.008,-4.4,0,1,28171
2026-04-14T16:10:33,9.035414,-79.640114,42.4,8.57,311.3,7,2.2,79.0,4.015,-4.4,0,1,28172
2026-04-14T16:11:02,9.036101,-79.640961,57.2,9.02,308.2,8,1.1,78.6,4.011,-4.4,0,1,28173
2026-04-14T16:11:31,9.036872,-79.642052,52.5,9.60,309.7,11,0.9,78.8,4.010,-4.4,0,1,28174
2026-04-14T16:11:59,9.037667,-79.643265,41.9,9.21,309.0,8,1.1,78.8,4.010,-4.4,0,1,28175
2026-04-14T16:12:28,9.038520,-79.644226,48.5,8.28,308.0,10,1.0,79.1,4.012,-4.4,0,1,28176
2026-04-14T16:12:57,9.039625,-79.644951,49.8,9.32,318.6,10,1.0,78.8,4.010,-4.4,0,1,28177
2026-04-14T16:13:26,9.040824,-79.645645,42.2,8.79,334.2,8,1.1,78.6,4.009,-4.4,0,1,28178
2026-04-14T16:13:54,9.041919,-79.646454,30.7,9.45,320.9,8,1.1,78.6,4.005,-4.4,0,1,28179
2026-04-14T16:14:23,9.042960,-79.647232,27.1,9.34,323.4,9,1.0,79.0,4.012,-4.4,0,1,28180
2026-04-14T16:14:52,9.043984,-79.648041,33.4,9.82,325.1,9,1.1,79.0,4.008,-4.4,0,1,28181
2026-04-14T16:15:21,9.045027,-79.648880,36.7,11.82,328.7,6,1.7,78.5,4.008,-4.4,0,1,28182
2026-04-14T16:15:49,9.046140,-79.649590,37.8,8.88,327.0,10,1.0,78.8,4.004,-4.4,0,1,28183
2026-04-14T16:16:18,9.047135,-79.650436,47.2,10.23,321.2,7,1.3,78.8,4.008,-4.4,0,1,28184
2026-04-14T16:16:47,9.048360,-79.651024,49.5,9.55,325.5,8,1.1,78.5,4.005,-4.4,0,1,28185
2026-04-14T16:17:16,9.049642,-79.651924,45.5,9.30,323.0,6,1.7,78.5,4.008,-4.4,0,1,28186
2026-04-14T16:17:44,9.050665,-79.652611,39.3,10.00,324.4,6,1.7,78.8,4.009,-4.4,0,1,28187
2026-04-14T16:18:13,9.051845,-79.653488,36.2,10.26,318.8,6,1.7,78.8,4.010,-4.4,0,1,28188
2026-04-14T16:18:42,9.052894,-79.654381,38.8,11.55,327.0,7,1.4,78.6,4.006,-4.4,0,1,28189
2026-04-14T16:19:11,9.054063,-79.655190,38.6,9.49,329.3,8,1.2,78.3,4.011,-4.4,0,1,28190
2026-04-14T16:19:39,9.055052,-79.656029,49.3,10.48,324.5,7,1.5,78.5,4.005,-4.4,0,1,28191
2026-04-14T16:20:08,9.056049,-79.656937,61.0,10.12,318.0,8,1.3,78.6,4.006,-4.4,0,1,28192
2026-04-14T16:20:37,9.056963,-79.657928,70.9,10.14,308.0,8,1.3,78.6,4.008,-4.4,0,1,28193
2026-04-14T16:21:06,9.057758,-79.659058,70.2,9.53,309.7,8,1.3,78.3,4.008,-4.4,0,1,28194
2026-04-14T16:21:34,9.058619,-79.660088,64.8,9.92,306.5,9,1.3,78.5,4.003,-4.4,0,1,28195
2026-04-14T16:22:03,9.059455,-79.661270,49.9,10.03,304.9,8,1.3,78.6,4.010,-4.4,0,1,28196
2026-04-14T16:22:32,9.060273,-79.662338,46.7,10.02,309.1,8,1.2,78.1,4.008,-4.4,0,1,28197
2026-04-14T16:23:01,9.061048,-79.663475,58.9,10.48,304.5,9,1.1,78.6,4.008,-4.4,0,1,28198
2026-04-14T16:23:29,9.061898,-79.664619,67.3,11.82,302.0,8,1.3,78.1,4.003,-4.4,0,1,28199
2026-04-14T16:23:58,9.062820,-79.665657,55.4,9.74,309.1,8,1.3,78.6,4.010,-4.4,0,1,28200
2026-04-14T16:24:27,9.063684,-79.666733,45.0,10.25,312.8,9,1.1,78.1,4.006,-4.4,0,1,28201
2026-04-14T16:24:56,9.064632,-79.667793,33.9,11.22,309.7,9,1.1,78.1,4.010,-4.4,0,1,28202
2026-04-14T16:25:24,9.065495,-79.668823,39.3,9.84,311.4,8,1.3,78.0,4.003,-4.2,0,1,28203
2026-04-14T16:25:53,9.066504,-79.669853,40.8,9.62,320.0,7,1.5,78.1,4.008,-4.4,0,1,28204
2026-04-14T16:26:22,9.067685,-79.670685,45.5,9.82,326.5,6,1.7,78.0,4.005,-4.2,0,1,28205
2026-04-14T16:26:51,9.068848,-79.671257,52.6,9.67,332.7,8,1.5,78.0,4.005,-4.2,0,1,28206
2026-04-14T16:27:19,9.070016,-79.671822,51.8,10.48,332.0,10,0.9,78.0,4.003,-4.2,0,1,28207
2026-04-14T16:27:48,9.071176,-79.672562,48.6,10.43,330.0,6,1.7,78.3,4.009,-4.4,0,1,28208
2026-04-14T16:28:17,9.072330,-79.673302,50.2,10.67,327.3,6,1.4,77.8,4.004,-4.4,0,1,28209
2026-04-14T16:28:46,9.073605,-79.673767,41.6,10.51,329.5,5,2.3,78.0,4.008,-4.2,0,1,28210
2026-04-14T16:29:14,9.074805,-79.674393,46.6,10.15,336.1,4,2.5,78.0,4.006,-4.2,0,1,28211
2026-04-14T16:29:43,9.076159,-79.674957,56.4,10.39,337.2,7,1.3,78.1,4.003,-4.4,0,1,28212
2026-04-14T16:30:12,9.077368,-79.675514,64.0,9.28,334.1,6,1.4,77.8,4.005,-4.4,0,1,28213
2026-04-14T16:30:41,9.078548,-79.676247,72.5,10.45,332.6,8,1.0,78.0,4.004,-4.2,0,1,28214
2026-04-14T16:31:09,9.079889,-79.676643,72.0,10.73,336.6,7,1.3,78.0,4.003,-4.2,0,1,28215
2026-04-14T16:31:38,9.081119,-79.677101,70.9,11.60,335.2,6,1.7,78.3,4.008,-4.4,0,1,28216
2026-04-14T16:32:07,9.082488,-79.677536,64.8,10.46,336.3,5,2.2,77.6,4.006,-4.4,0,1,28217
2026-04-14T16:32:36,9.083787,-79.678070,56.8,9.90,337.0,5,1.6,78.0,4.004,-4.2,0,1,28218
2026-04-14T16:33:04,9.084958,-79.678665,50.5,8.81,332.5,5,2.2,78.1,4.004,-4.4,0,1,28219
2026-04-14T16:33:33,9.086145,-79.679459,50.0,9.79,331.0,9,1.1,78.1,4.003,-4.4,0,1,28220
2026-04-14T16:34:02,9.087437,-79.680061,50.9,9.98,339.4,6,1.4,77.6,4.004,-4.4,0,1,28221
2026-04-14T16:34:31,9.088723,-79.680588,49.9,9.58,333.1,5,2.2,77.6,4.006,-4.4,0,1,28222
2026-04-14T16:34:59,9.089889,-79.681183,46.5,11.33,335.3,8,1.2,77.8,4.000,-4.4,0,1,28223
2026-04-14T16:35:28,9.091079,-79.681831,44.0,10.12,337.9,8,1.2,78.0,4.003,-4.2,0,1,28224
2026-04-14T16:35:57,9.092299,-79.682350,37.1,9.59,338.0,5,2.2,77.8,4.006,-4.4,0,1,28225
2026-04-14T16:36:26,9.093487,-79.683044,29.1,9.16,337.5,7,1.3,77.6,4.001,-4.4,0,1,28226
2026-04-14T16:36:54,9.094672,-79.683670,22.7,9.93,332.9,6,1.5,77.8,4.003,-4.4,0,1,28227
2026-04-14T16:37:23,9.095920,-79.684219,28.0,10.82,333.9,8,1.3,77.8,4.001,-4.4,0,1,28228
2026-04-14T16:37:52,9.097171,-79.684784,24.5,10.16,335.9,7,1.4,77.6,4.001,-4.4,0,1,28229
2026-04-14T16:38:21,9.098400,-79.685394,24.4,10.18,334.9,8,1.2,77.5,4.003,2062.9,0,1,28230
2026-04-14T16:38:49,9.099532,-79.686089,22.5,10.92,333.7,7,1.3,77.6,3.997,-4.4,0,1,28231
2026-04-14T16:39:18,9.100737,-79.686729,24.4,10.08,330.2,8,1.2,78.0,4.005,-4.2,0,1,28232
2026-04-14T16:39:47,9.101920,-79.687271,31.5,10.20,332.8,5,2.1,77.6,4.005,-4.4,0,1,28233
2026-04-14T16:40:16,9.103110,-79.687805,33.2,9.04,331.1,6,1.7,78.1,4.001,-4.4,0,1,28234
2026-04-14T16:40:44,9.104118,-79.688347,33.8,9.02,330.6,6,1.7,77.6,4.001,-4.4,0,1,28235
2026-04-14T16:41:13,9.105028,-79.689079,32.5,7.53,330.3,8,1.0,77.6,4.000,-4.4,0,1,28236
2026-04-14T16:41:42,9.105852,-79.689865,40.1,7.64,327.6,7,1.1,77.5,4.003,-4.4,0,1,28237
2026-04-14T16:42:11,9.106773,-79.690346,35.5,7.69,322.7,6,1.7,77.5,4.000,-4.4,0,1,28238
2026-04-14T16:42:39,9.107408,-79.691063,39.2,6.72,325.5,7,1.4,77.6,3.997,-4.4,0,1,28239
2026-04-14T16:43:08,9.108143,-79.691566,45.0,6.51,304.4,8,1.1,77.6,4.005,-4.4,0,1,28240
2026-04-14T16:43:37,9.108569,-79.692459,54.5,7.39,305.7,7,1.3,77.3,4.000,-4.4,0,1,28241
2026-04-14T16:44:06,9.109035,-79.693138,49.8,7.13,302.8,7,1.3,77.6,4.001,-4.4,0,1,28242
2026-04-14T16:44:34,9.109420,-79.693779,61.9,6.45,300.0,7,1.4,77.3,4.001,-4.4,0,1,28243
2026-04-14T16:45:03,9.109803,-79.694603,66.2,5.73,296.8,7,1.5,77.8,4.000,-4.4,0,1,28244
2026-04-14T16:45:32,9.110148,-79.695427,80.4,6.04,300.3,7,2.8,77.6,4.000,-4.4,0,1,28245
2026-04-14T16:46:01,9.110365,-79.696304,89.4,6.76,292.8,6,1.6,77.3,4.000,-4.4,0,1,28246
2026-04-14T16:46:29,9.110992,-79.696991,60.3,6.68,294.3,7,1.5,77.3,4.000,-4.4,0,1,28247
2026-04-14T16:46:58,9.111537,-79.697754,35.3,7.15,298.9,7,1.5,77.5,4.000,-4.4,0,1,28248
2026-04-14T16:47:27,9.111912,-79.698631,30.2,7.32,297.3,7,1.3,77.5,4.000,-4.4,0,1,28249
2026-04-14T16:47:56,9.112212,-79.699402,43.6,6.80,294.4,7,1.5,77.0,3.997,-4.4,0,1,28250
2026-04-14T16:48:24,9.112565,-79.700188,63.6,6.39,300.6,12,0.8,77.0,3.996,-4.4,0,1,28251
2026-04-14T16:48:53,9.112967,-79.700935,62.3,5.88,299.6,7,1.5,77.5,4.000,-4.4,0,1,28252
2026-04-14T16:49:22,9.113338,-79.701752,63.9,5.72,301.1,8,1.3,77.2,4.001,-4.4,0,1,28253
2026-04-14T16:49:51,9.113745,-79.702492,62.8,6.75,293.7,7,1.5,77.2,3.999,-4.4,0,1,28254
2026-04-14T16:50:19,9.114172,-79.703209,51.8,6.73,289.5,8,1.3,77.2,3.994,-4.4,0,1,28255
2026-04-14T16:50:48,9.114472,-79.704002,53.0,6.48,287.3,8,1.4,77.5,4.003,-4.4,0,1,28256
2026-04-14T16:51:17,9.114864,-79.704742,61.2,6.69,285.3,9,1.2,77.0,3.997,-4.4,0,1,28257
2026-04-14T16:51:46,9.114992,-79.705627,49.8,6.26,282.7,8,1.3,77.2,3.996,-4.4,0,1,28258
2026-04-14T16:52:14,9.115073,-79.706360,52.6,6.01,274.0,9,1.3,77.2,3.995,-4.4,0,1,28259
2026-04-14T16:52:43,9.115103,-79.707184,50.6,7.56,269.4,9,1.3,77.3,4.001,-4.4,0,1,28260
2026-04-14T16:53:12,9.115185,-79.708046,44.8,6.66,279.7,7,1.4,77.3,4.000,-4.4,0,1,28261
2026-04-14T16:53:41,9.115410,-79.708992,38.4,6.06,279.2,9,1.3,77.2,3.997,-4.4,0,1,28262
2026-04-14T16:54:09,9.115495,-79.709770,42.0,5.64,278.5,8,1.3,77.3,3.994,-4.4,0,1,28263
2026-04-14T16:54:38,9.115543,-79.710556,47.2,6.44,269.7,9,1.3,77.2,4.000,-4.4,0,1,28264
2026-04-14T16:55:07,9.115705,-79.711464,42.0,6.58,283.0,10,1.2,76.8,3.996,-4.4,0,1,28265
2026-04-14T16:55:36,9.115809,-79.712303,47.0,6.78,279.2,9,1.2,77.0,4.000,-4.4,0,1,28266
2026-04-14T16:56:04,9.115947,-79.713272,55.7,8.41,277.9,9,1.2,76.8,3.996,-4.4,0,1,28267
2026-04-14T16:56:33,9.116195,-79.714409,46.8,8.72,283.5,9,1.2,77.2,4.000,-4.4,0,1,28268
2026-04-14T16:57:02,9.116522,-79.715645,34.3,9.16,282.2,9,1.3,76.8,3.996,-4.4,0,1,28269
2026-04-14T16:57:31,9.116815,-79.716942,22.7,9.94,280.1,7,1.4,77.2,3.996,-4.4,0,1,28270
2026-04-14T16:57:59,9.116951,-79.718185,24.2,10.12,274.6,11,0.9,76.8,3.993,-4.4,0,1,28271
2026-04-14T16:58:28,9.117194,-79.719482,28.4,9.45,280.8,11,0.9,77.2,4.000,-4.4,0,1,28272
2026-04-14T16:58:57,9.117407,-79.720840,31.5,11.16,280.5,9,1.3,76.8,3.995,-4.4,0,1,28273
2026-04-14T16:59:26,9.117663,-79.722176,43.7,10.80,281.0,9,1.2,77.0,3.995,-4.4,0,1,28274
2026-04-14T16:59:54,9.118098,-79.723671,45.2,10.55,277.9,10,1.2,77.0,3.991,-4.4,0,1,28275
2026-04-14T17:00:23,9.118265,-79.725006,55.4,10.76,282.3,9,1.2,76.8,3.999,-4.4,0,1,28276
2026-04-14T17:00:52,9.118449,-79.726463,44.3,10.44,277.3,9,1.2,76.8,3.995,-4.4,0,1,28277
2026-04-14T17:01:21,9.118672,-79.727875,42.9,10.62,279.5,9,1.2,76.5,3.997,-4.4,0,1,28278
2026-04-14T17:01:49,9.118816,-79.729240,37.1,10.09,279.1,10,1.1,76.8,3.995,-4.4,0,1,28279
2026-04-14T17:02:18,9.119115,-79.730659,27.1,10.99,281.2,9,1.4,77.0,3.995,-4.4,0,1,28280
2026-04-14T17:02:47,9.119352,-79.732155,25.1,10.38,280.1,10,1.1,76.7,3.995,-4.2,0,1,28281
2026-04-14T17:03:16,9.119580,-79.733665,28.2,10.49,283.0,10,1.1,76.7,3.997,-4.2,0,1,28282
2026-04-14T17:03:44,9.119799,-79.735069,24.3,10.08,280.8,10,1.1,76.5,3.993,-4.4,0,1,28283
2026-04-14T17:04:13,9.120062,-79.736542,21.7,11.02,277.4,10,1.1,76.7,3.997,-4.2,0,1,28284
2026-04-14T17:04:42,9.120194,-79.737953,26.8,10.49,276.0,10,1.1,76.5,3.993,-4.4,0,1,28285
2026-04-14T17:05:11,9.120473,-79.739441,18.4,11.05,277.4,10,1.1,76.8,3.994,-4.4,0,1,28286
2026-04-14T17:05:39,9.120729,-79.740837,20.1,10.71,277.6,10,1.1,76.3,3.996,-4.4,0,1,28287
2026-04-14T17:06:08,9.120868,-79.742226,36.9,10.07,276.5,10,1.1,77.0,3.991,-4.4,0,1,28288
2026-04-14T17:06:37,9.121155,-79.743759,31.6,11.66,278.3,10,1.3,76.7,3.995,-4.2,0,1,28289
2026-04-14T17:07:06,9.121428,-79.745300,26.8,11.21,281.6,10,1.1,76.5,3.994,-4.4,0,1,28290
2026-04-14T17:07:34,9.121472,-79.746651,53.3,10.05,269.1,10,1.1,76.3,3.990,-4.4,0,1,28291
2026-04-14T17:08:03,9.121324,-79.748077,79.5,10.78,267.8,10,1.1,76.8,3.997,-4.4,0,1,28292
2026-04-14T17:08:32,9.121215,-79.749588,69.4,11.28,264.8,9,1.9,76.7,3.994,-4.2,0,1,28293
2026-04-14T17:09:01,9.121070,-79.751076,62.0,10.67,256.8,9,1.2,76.7,3.995,-4.2,0,1,28294
2026-04-14T17:09:29,9.120913,-79.752655,50.8,11.25,257.8,9,1.9,76.5,3.993,-4.4,0,1,28295
2026-04-14T17:09:58,9.120667,-79.754189,48.9,12.10,259.6,9,1.9,76.8,3.995,-4.4,0,1,28296
2026-04-14T17:10:27,9.120351,-79.755554,38.8,10.69,263.4,9,1.9,76.3,3.993,2032.6,0,1,28297
2026-04-14T17:10:56,9.120090,-79.756950,26.1,9.75,254.4,9,1.9,76.3,3.991,-4.4,0,1,28298
2026-04-14T17:11:24,9.119775,-79.758156,22.1,8.92,248.6,9,1.9,76.3,3.991,-4.4,0,1,28299
2026-04-14T17:11:53,9.119205,-79.759277,1.6,9.33,237.1,9,1.9,76.5,3.991,-4.4,0,1,28300
2026-04-14T17:12:22,9.118722,-79.760368,-0.6,8.94,247.0,9,1.9,76.3,3.990,-4.4,0,1,28301
2026-04-14T17:12:51,9.118165,-79.761292,-1.4,7.77,248.6,9,1.9,76.3,3.990,-4.4,0,1,28302
2026-04-14T17:13:19,9.117557,-79.762161,6.3,7.83,254.9,9,1.9,76.3,3.994,-4.4,0,1,28303
2026-04-14T17:13:48,9.117280,-79.763268,12.4,7.88,246.3,8,1.9,76.3,3.996,-4.4,0,1,28304
2026-04-14T17:14:17,9.116979,-79.764404,16.7,8.31,245.3,9,1.9,76.5,3.990,-4.4,0,1,28305
2026-04-14T17:14:46,9.116362,-79.765160,17.3,7.03,243.5,9,1.9,76.5,3.991,-4.4,0,1,28306
2026-04-14T17:15:14,9.115912,-79.766037,19.7,7.50,244.5,8,2.0,76.2,3.990,-4.4,0,1,28307
2026-04-14T17:15:43,9.115523,-79.766914,29.3,6.53,250.0,9,1.9,76.5,3.990,-4.4,0,1,28308
2026-04-14T17:16:12,9.115052,-79.767723,39.4,7.56,254.2,9,1.9,76.2,3.991,-4.4,0,1,28309
2026-04-14T17:16:41,9.114777,-79.768623,40.9,7.26,259.5,9,1.9,76.0,3.989,-4.4,0,1,28310
2026-04-14T17:17:09,9.114493,-79.769501,46.9,7.15,255.2,10,1.1,76.3,3.991,2032.6,0,1,28311
2026-04-14T17:17:38,9.114264,-79.770355,63.6,6.92,261.8,11,0.9,76.5,3.991,-4.4,0,1,28312
2026-04-14T17:18:07,9.114148,-79.771317,64.7,6.41,266.1,11,0.9,76.0,3.994,-4.4,0,1,28313
2026-04-14T17:18:36,9.114170,-79.772285,48.6,7.22,278.3,9,1.9,75.9,3.989,-4.4,0,1,28314
2026-04-14T17:19:04,9.114110,-79.773140,48.4,6.99,272.4,12,0.9,75.9,3.986,-4.4,0,1,28315
2026-04-14T17:19:33,9.114188,-79.774109,44.1,6.95,276.3,10,1.1,76.2,3.993,-4.4,0,1,28316
2026-04-14T17:20:02,9.114190,-79.775002,49.7,7.11,266.3,8,1.3,76.0,3.991,-4.4,0,1,28317
2026-04-14T17:20:31,9.114335,-79.776024,48.4,7.89,280.0,9,1.1,75.7,3.989,-4.4,0,1,28318
2026-04-14T17:20:59,9.114483,-79.776909,33.3,6.84,275.8,8,1.2,76.0,3.987,-4.4,0,1,28319
2026-04-14T17:21:28,9.114638,-79.777863,29.4,6.67,277.6,9,1.1,76.5,3.993,-4.4,0,1,28320
2026-04-14T17:21:57,9.114737,-79.778900,34.9,6.40,280.3,9,1.1,75.9,3.989,-4.4,0,1,28321
2026-04-14T17:22:26,9.114926,-79.779823,38.9,7.68,281.0,9,1.1,75.9,3.989,-4.4,0,1,28322
2026-04-14T17:22:54,9.115108,-79.780800,52.4,7.41,283.7,8,1.5,75.9,3.985,-4.4,0,1,28323
2026-04-14T17:23:23,9.115300,-79.781693,42.4,7.70,280.9,9,1.1,76.0,3.990,-4.4,0,1,28324
2026-04-14T17:23:52,9.115626,-79.782539,27.4,6.74,282.3,8,1.5,75.9,3.989,-4.4,0,1,28325
2026-04-14T17:24:21,9.115838,-79.783554,25.2,7.29,281.7,9,1.2,75.9,3.986,-4.4,0,1,28326
2026-04-14T17:24:49,9.116094,-79.784401,27.0,7.00,284.8,9,1.5,75.9,3.986,-4.4,0,1,28327
2026-04-14T17:25:18,9.116114,-79.785469,31.9,7.33,292.6,9,1.5,76.0,3.991,-4.4,0,1,28328
2026-04-14T17:25:47,9.116352,-79.786453,37.5,6.35,284.8,9,1.2,75.9,3.986,-4.4,0,1,28329
2026-04-14T17:26:16,9.116424,-79.787537,41.6,7.56,279.6,9,1.5,75.9,3.987,-4.4,0,1,28330
2026-04-14T17:26:44,9.116573,-79.788551,43.5,8.45,278.8,12,0.7,75.7,3.985,-4.4,0,1,28331
2026-04-14T17:27:13,9.116833,-79.789497,42.4,7.90,276.0,9,1.5,76.0,3.993,-4.4,0,1,28332
2026-04-14T17:27:42,9.117080,-79.790382,26.6,7.19,282.7,9,1.5,75.7,3.986,-4.4,0,1,28333
2026-04-14T17:28:11,9.117277,-79.791405,27.4,7.40,281.9,9,1.5,75.7,3.986,-4.4,0,1,28334
2026-04-14T17:28:39,9.117523,-79.792297,12.2,6.99,284.1,9,1.5,75.7,3.985,-4.4,0,1,28335
2026-04-14T17:29:08,9.117673,-79.793289,8.5,7.27,285.1,9,1.5,75.7,3.991,-4.4,0,1,28336
2026-04-14T17:29:37,9.117849,-79.794243,13.9,6.91,280.1,9,1.5,75.5,3.987,-4.4,0,1,28337
2026-04-14T17:30:06,9.118143,-79.795219,10.3,7.11,282.0,9,1.5,75.7,3.986,-4.4,0,1,28338
2026-04-14T17:30:34,9.118500,-79.796150,-3.8,6.50,289.3,8,1.5,75.7,3.983,-4.4,0,1,28339
2026-04-14T17:31:03,9.118810,-79.797043,7.9,7.32,290.3,8,1.5,75.5,3.989,-4.4,0,1,28340
2026-04-14T17:31:32,9.119244,-79.797981,27.5,6.85,298.4,8,1.5,75.5,3.985,-4.4,0,1,28341
2026-04-14T17:32:01,9.119763,-79.798820,27.7,6.47,299.1,8,1.5,75.5,3.986,-4.4,0,1,28342
2026-04-14T17:32:29,9.120207,-79.799660,34.5,6.98,304.5,10,1.5,75.5,3.984,-4.4,0,1,28343
2026-04-14T17:32:58,9.120767,-79.800545,49.5,6.75,314.0,8,1.5,76.0,3.986,-4.4,0,1,28344
2026-04-14T17:33:27,9.121333,-79.801262,52.2,5.52,312.4,9,1.5,75.7,3.989,-4.4,0,1,28345
2026-04-14T17:33:56,9.121948,-79.801903,54.3,6.31,331.8,9,1.5,75.5,3.984,-4.4,0,1,28346
2026-04-14T17:34:24,9.122608,-79.802505,61.7,6.84,321.2,9,1.5,75.5,3.983,-4.4,0,1,28347
2026-04-14T17:34:53,9.123323,-79.803101,65.7,6.91,320.0,9,1.5,75.7,3.989,-4.4,0,1,28348
2026-04-14T17:35:22,9.124099,-79.803665,69.4,7.27,328.3,9,1.5,75.5,3.986,-4.4,0,1,28349
2026-04-14T17:35:51,9.124779,-79.804337,75.7,7.34,316.9,9,1.5,75.5,3.987,-4.4,0,1,28350
2026-04-14T17:36:19,9.125546,-79.804855,76.9,6.85,324.5,10,1.4,75.4,3.981,-4.2,0,1,28351
2026-04-14T17:36:48,9.126390,-79.805397,69.8,7.77,320.9,10,1.4,75.5,3.989,-4.4,0,1,28352
2026-04-14T17:37:17,9.127272,-79.805962,58.2,7.83,327.8,10,1.4,75.4,3.984,-4.2,0,1,28353
2026-04-14T17:37:46,9.128143,-79.806366,42.1,6.92,322.4,9,1.4,75.4,3.984,-4.2,0,1,28354
2026-04-14T17:38:14,9.129022,-79.806770,43.8,7.31,331.8,11,1.1,75.4,3.979,-4.2,0,1,28355
2026-04-14T17:38:43,9.129865,-79.807144,46.9,6.88,339.8,11,1.1,75.4,3.987,-4.2,0,1,28356
2026-04-14T17:39:12,9.130672,-79.807510,58.2,6.92,346.2,8,1.2,75.4,3.985,-4.2,0,1,28357
2026-04-14T17:39:41,9.131588,-79.807663,71.9,7.01,347.9,8,1.2,75.4,3.984,-4.2,0,1,28358
2026-04-14T17:40:09,9.132443,-79.807983,91.0,7.50,1.2,10,0.9,75.4,3.981,-4.2,0,1,28359
2026-04-14T17:40:38,9.133375,-79.808128,93.1,6.87,355.1,12,0.8,75.4,3.987,-4.2,0,1,28360
2026-04-14T17:41:07,9.134391,-79.808243,82.6,7.23,354.2,8,1.4,75.5,3.986,-4.4,0,1,28361
2026-04-14T17:41:36,9.135357,-79.808334,73.1,7.05,352.3,9,1.4,75.2,3.981,-4.4,0,1,28362
2026-04-14T17:42:04,9.136287,-79.808479,62.0,7.12,350.6,11,1.0,75.2,3.979,-4.4,0,1,28363
2026-04-14T17:42:33,9.137218,-79.808594,54.5,6.29,354.3,9,1.2,75.4,3.984,-4.2,0,1,28364
2026-04-14T17:43:02,9.138152,-79.808838,53.1,7.92,346.9,10,1.1,75.5,3.986,-4.4,0,1,28365
2026-04-14T17:43:31,9.139077,-79.809090,57.3,7.55,342.3,10,1.2,74.9,3.986,-4.4,0,1,28366
2026-04-14T17:43:59,9.139992,-79.809219,62.7,7.72,346.4,9,1.4,75.0,3.979,1997.8,0,1,28367
2026-04-14T17:44:28,9.140965,-79.809471,67.1,7.89,342.1,10,1.2,75.0,3.985,-4.4,0,1,28368
2026-04-14T17:44:57,9.141907,-79.809677,60.1,6.88,343.4,10,1.3,75.0,3.983,-4.4,0,1,28369
2026-04-14T17:45:26,9.142827,-79.809952,73.0,6.92,347.9,9,1.4,75.2,3.981,-4.4,0,1,28370
2026-04-14T17:45:54,9.143749,-79.810089,67.6,7.62,349.9,11,1.1,74.9,3.981,-4.4,0,1,28371
2026-04-14T17:46:23,9.144695,-79.810287,68.7,7.18,344.3,9,1.4,75.2,3.981,-4.4,0,1,28372
2026-04-14T17:46:52,9.145679,-79.810387,62.3,7.54,349.3,10,1.3,75.0,3.984,-4.4,0,1,28373
2026-04-14T17:47:21,9.146640,-79.810516,56.4,7.15,353.0,11,1.1,74.9,3.983,-4.4,0,1,28374
2026-04-14T17:47:49,9.147593,-79.810608,51.3,7.78,353.3,10,1.2,75.0,3.977,-4.4,0,1,28375
2026-04-14T17:48:18,9.148582,-79.810699,43.8,7.82,355.1,9,1.8,75.4,3.981,-4.2,0,1,28376
2026-04-14T17:48:47,9.149566,-79.810905,44.9,7.39,349.0,8,3.6,74.7,3.977,-4.4,0,1,28377
2026-04-14T17:49:16,9.150537,-79.811089,38.2,7.37,346.6,11,1.1,74.9,3.981,-4.4,0,1,28378
2026-04-14T17:49:44,9.151409,-79.811440,46.2,8.03,344.0,11,1.1,75.0,3.979,-4.4,0,1,28379
2026-04-14T17:50:13,9.152369,-79.811699,46.8,6.66,343.5,9,1.9,75.2,3.984,-4.4,0,1,28380
2026-04-14T17:50:42,9.153326,-79.811882,41.6,7.19,349.8,10,1.2,74.9,3.981,-4.4,0,1,28381
2026-04-14T17:51:11,9.154289,-79.812035,36.6,6.35,355.6,10,1.3,74.5,3.980,-4.4,0,1,28382
2026-04-14T17:51:39,9.155248,-79.812363,43.1,7.45,347.9,11,1.1,74.9,3.977,-4.4,0,1,28383
2026-04-14T17:52:08,9.156248,-79.812477,42.8,7.76,354.4,10,1.3,75.2,3.981,-4.4,0,1,28384
2026-04-14T17:52:37,9.157150,-79.812691,51.5,6.88,347.0,9,1.8,74.7,3.984,-4.4,0,1,28385
2026-04-14T17:53:06,9.158071,-79.812981,51.8,6.28,347.0,9,1.3,74.9,3.980,-4.4,0,1,28386
2026-04-14T17:53:34,9.158916,-79.813377,56.9,5.91,345.0,12,1.1,74.7,3.979,-4.4,0,1,28387
2026-04-14T17:54:03,9.159645,-79.813828,57.9,5.55,315.9,12,1.1,75.0,3.984,-4.4,0,1,28388
2026-04-14T17:54:32,9.160400,-79.814400,64.5,6.66,321.2,12,1.2,75.0,3.980,-4.4,0,1,28389
2026-04-14T17:55:01,9.161020,-79.815025,62.4,7.09,319.3,11,1.2,74.9,3.983,-4.4,0,1,28390
2026-04-14T17:55:29,9.161671,-79.815628,47.1,7.13,314.4,11,1.2,74.7,3.976,-4.4,0,1,28391
2026-04-14T17:55:58,9.162345,-79.816368,50.2,7.08,312.3,11,1.2,74.9,3.980,-4.4,0,1,28392
2026-04-14T17:56:27,9.162937,-79.817131,60.9,6.80,302.5,11,1.2,74.7,3.979,-4.4,0,1,28393
2026-04-14T17:56:56,9.163517,-79.817856,75.7,7.06,308.7,10,1.5,74.5,3.979,-4.4,0,1,28394
2026-04-14T17:57:24,9.164095,-79.818520,72.3,7.09,310.9,11,1.2,74.5,3.975,-4.4,0,1,28395
2026-04-14T17:57:53,9.164763,-79.819252,65.4,8.22,303.6,11,1.2,74.9,3.977,-4.4,0,1,28396
2026-04-14T17:58:22,9.165488,-79.819977,61.3,6.90,305.5,11,1.2,74.5,3.981,-4.4,0,1,28397
2026-04-14T17:58:51,9.166150,-79.820724,54.4,7.18,314.0,12,1.2,74.5,3.979,-4.4,0,1,28398
2026-04-14T17:59:19,9.166751,-79.821449,62.6,7.15,306.4,15,0.7,74.7,3.974,-4.4,0,1,28399
2026-04-14T17:59:48,9.167306,-79.822227,60.7,6.90,304.7,11,1.2,74.5,3.979,-4.4,0,1,28400
2026-04-14T18:00:17,9.168031,-79.822937,61.6,6.57,323.6,11,1.2,74.5,3.975,-4.4,0,1,28401
2026-04-14T18:00:46,9.168670,-79.823639,56.0,6.38,308.6,11,1.2,74.4,3.980,-4.4,0,1,28402
2026-04-14T18:01:14,9.169334,-79.824356,60.7,7.20,312.6,10,1.3,74.4,3.974,-4.4,0,1,28403
2026-04-14T18:01:43,9.170037,-79.825096,54.9,7.62,304.6,11,1.2,74.5,3.980,-4.4,0,1,28404
2026-04-14T18:02:12,9.170658,-79.825829,52.5,7.68,316.0,8,1.8,74.5,3.981,-4.4,0,1,28405
2026-04-14T18:02:41,9.171317,-79.826591,49.5,7.16,312.6,10,1.3,74.5,3.976,-4.4,0,1,28406
2026-04-14T18:03:09,9.171974,-79.827271,43.4,6.85,315.8,11,1.2,74.4,3.974,-4.4,0,1,28407
2026-04-14T18:03:38,9.172562,-79.828064,39.7,7.18,312.0,10,1.5,74.4,3.983,-4.4,0,1,28408
2026-04-14T18:04:07,9.173186,-79.828804,40.0,7.36,314.7,10,1.5,74.2,3.976,-4.4,0,1,28409
2026-04-14T18:04:36,9.173903,-79.829666,49.9,7.63,316.9,10,1.5,74.4,3.980,-4.4,0,1,28410
2026-04-14T18:05:04,9.174499,-79.830360,51.4,7.31,309.5,11,1.2,74.4,3.974,-4.4,0,1,28411
2026-04-14T18:05:33,9.175266,-79.831131,45.9,7.91,311.6,11,1.2,74.4,3.979,-4.4,0,1,28412
2026-04-14T18:06:02,9.175871,-79.831963,48.2,6.71,319.7,9,1.7,74.2,3.977,-4.4,0,1,28413
2026-04-14T18:06:31,9.176650,-79.832695,40.7,7.65,316.0,9,1.9,74.1,3.977,-4.4,0,1,28414
2026-04-14T18:06:59,9.177271,-79.833443,42.4,7.49,308.9,11,1.2,74.2,3.973,-4.4,0,1,28415
2026-04-14T18:07:28,9.177855,-79.834244,44.2,6.61,314.1,10,2.0,74.5,3.979,-4.4,0,1,28416
2026-04-14T18:07:57,9.178438,-79.835037,44.3,7.79,308.4,10,1.6,74.2,3.976,-4.4,0,1,28417
2026-04-14T18:08:26,9.179011,-79.835869,39.8,7.37,304.3,11,1.2,74.4,3.974,-4.4,0,1,28418
2026-04-14T18:08:54,9.179634,-79.836632,40.4,8.51,312.9,11,1.2,74.2,3.974,1976.0,0,1,28419
2026-04-14T18:09:23,9.180113,-79.837486,28.7,7.36,302.7,11,1.2,74.4,3.980,-4.4,0,1,28420
2026-04-14T18:09:52,9.180758,-79.838287,29.1,6.70,302.2,10,1.6,74.1,3.975,-4.4,0,1,28421
2026-04-14T18:10:21,9.181440,-79.839081,19.3,7.08,301.4,10,1.6,74.1,3.974,-4.4,0,1,28422
2026-04-14T18:10:49,9.181993,-79.839905,24.8,7.20,303.9,11,1.2,74.1,3.971,-4.4,0,1,28423
2026-04-14T18:11:18,9.182568,-79.840759,26.7,7.28,301.2,10,1.6,74.2,3.975,-4.4,0,1,28424
2026-04-14T18:11:47,9.182871,-79.841835,61.5,7.48,295.2,11,1.2,73.9,3.976,-4.4,0,1,28425
2026-04-14T18:12:16,9.183298,-79.842690,54.0,7.21,296.0,10,1.6,74.1,3.977,-4.4,0,1,28426
2026-04-14T18:12:44,9.183645,-79.843575,50.7,7.92,291.7,10,1.6,73.9,3.971,-4.4,0,1,28427
2026-04-14T18:13:13,9.184069,-79.844482,39.9,6.88,285.2,10,1.6,74.4,3.977,-4.4,0,1,28428
2026-04-14T18:13:42,9.184237,-79.845535,42.8,7.02,273.7,10,1.6,74.1,3.975,-4.4,0,1,28429
2026-04-14T18:14:11,9.184226,-79.846596,43.3,7.49,268.3,10,1.6,73.9,3.975,-4.4,0,1,28430
2026-04-14T18:14:39,9.184267,-79.847572,39.4,7.76,267.4,9,1.8,74.1,3.971,-4.4,0,1,28431
2026-04-14T18:15:08,9.184080,-79.848579,39.0,6.84,259.6,10,1.6,74.4,3.977,-4.4,0,1,28432
2026-04-14T18:15:37,9.183920,-79.849678,40.9,7.83,259.1,10,1.2,73.9,3.976,-4.4,0,1,28433
2026-04-14T18:16:06,9.183825,-79.850716,46.4,7.33,264.9,11,1.1,73.9,3.977,-4.4,0,1,28434
2026-04-14T18:16:34,9.183689,-79.851692,47.1,6.16,263.2,10,1.7,73.9,3.973,-4.4,0,1,28435
2026-04-14T18:17:03,9.183667,-79.852760,46.1,7.60,268.3,10,1.7,74.1,3.976,-4.4,0,1,28436
2026-04-14T18:17:32,9.183460,-79.853745,44.5,7.93,252.9,10,1.7,73.7,3.976,-4.4,0,1,28437
2026-04-14T18:18:01,9.183207,-79.854744,43.5,8.04,254.9,10,1.7,73.7,3.974,-4.4,0,1,28438
2026-04-14T18:18:29,9.182980,-79.855690,42.7,7.28,252.4,11,1.2,73.7,3.973,-4.4,0,1,28439
2026-04-14T18:18:58,9.182785,-79.856781,41.6,7.25,254.9,10,1.7,73.9,3.976,-4.4,0,1,28440
2026-04-14T18:19:27,9.182610,-79.857834,39.9,7.51,260.0,10,1.7,73.7,3.974,-4.4,0,1,28441
2026-04-14T18:19:56,9.182397,-79.858887,42.1,7.66,259.3,11,1.2,73.9,3.975,-4.4,0,1,28442
2026-04-14T18:20:24,9.182208,-79.859940,48.6,8.28,252.0,11,1.2,73.6,3.969,-4.4,0,1,28443
2026-04-14T18:20:53,9.181829,-79.860977,55.3,8.07,247.6,11,1.2,73.7,3.975,-4.4,0,1,28444
2026-04-14T18:21:22,9.181620,-79.862007,59.4,7.08,260.9,10,1.8,74.1,3.971,-4.4,0,1,28445
2026-04-14T18:21:51,9.181416,-79.863098,61.2,6.88,251.4,9,1.9,73.9,3.975,-4.4,0,1,28446
2026-04-14T18:22:19,9.181270,-79.864105,51.2,7.45,269.7,11,1.6,73.7,3.967,-4.4,0,1,28447
2026-04-14T18:22:48,9.181058,-79.865112,52.7,8.21,261.4,11,1.6,73.6,3.975,-4.4,0,1,28448
2026-04-14T18:23:17,9.181318,-79.866150,26.9,7.43,273.0,11,1.6,73.4,3.971,-4.4,0,1,28449
2026-04-14T18:23:46,9.181256,-79.867195,37.0,7.45,272.4,11,1.6,73.7,3.971,-4.4,0,1,28450
2026-04-14T18:24:14,9.181461,-79.868256,26.4,7.04,284.7,10,1.7,73.6,3.965,-4.4,0,1,28451
2026-04-14T18:24:43,9.181639,-79.869125,26.8,6.36,286.0,10,1.8,73.6,3.974,-4.4,0,1,28452
2026-04-14T18:25:12,9.181908,-79.870064,21.6,6.96,288.5,10,1.8,73.4,3.970,-4.4,0,1,28453
2026-04-14T18:25:41,9.182083,-79.871147,50.1,5.91,294.6,11,1.6,73.4,3.970,-4.4,0,1,28454
2026-04-14T18:26:09,9.182311,-79.872086,61.3,8.18,293.5,10,1.8,73.6,3.971,-4.4,0,1,28455
2026-04-14T18:26:38,9.182567,-79.872887,59.8,7.32,290.9,10,1.8,73.7,3.974,-4.4,0,1,28456
2026-04-14T18:27:07,9.183016,-79.873741,59.1,6.58,295.7,10,1.8,73.2,3.967,-4.4,0,1,28457
2026-04-14T18:27:36,9.183516,-79.874649,48.8,7.14,290.4,11,1.3,73.2,3.970,-4.4,0,1,28458
2026-04-14T18:28:04,9.184123,-79.875427,36.4,7.17,301.4,10,1.8,73.4,3.969,-4.4,0,1,28459
2026-04-14T18:28:33,9.184564,-79.876358,39.9,7.59,289.1,11,1.3,73.4,3.967,-4.4,0,1,28460
2026-04-14T18:29:02,9.185092,-79.877243,44.0,7.42,299.6,10,1.8,73.4,3.969,-4.4,0,1,28461
2026-04-14T18:29:31,9.185532,-79.878075,46.1,6.78,297.8,10,1.8,73.2,3.969,-4.4,0,1,28462
2026-04-14T18:29:59,9.186115,-79.878906,41.2,7.67,301.1,10,1.8,73.4,3.969,-4.4,0,1,28463
2026-04-14T18:30:28,9.186480,-79.879753,43.9,7.16,295.8,10,1.3,73.9,3.974,-4.4,0,1,28464
2026-04-14T18:30:57,9.187157,-79.880569,49.0,7.11,292.5,10,1.9,73.4,3.969,-4.4,0,1,28465
2026-04-14T18:31:26,9.187785,-79.881447,51.1,7.51,299.4,10,1.3,73.6,3.969,-4.4,0,1,28466
2026-04-14T18:31:54,9.188073,-79.882339,64.0,7.44,294.4,10,1.3,73.2,3.967,-4.4,0,1,28467
2026-04-14T18:32:23,9.188492,-79.883255,71.4,7.70,301.7,12,1.3,73.4,3.966,-4.4,0,1,28468
2026-04-14T18:32:52,9.188998,-79.884178,76.7,7.32,292.7,10,1.8,73.2,3.971,-4.4,0,1,28469
2026-04-14T18:33:21,9.189582,-79.885002,64.4,8.13,300.8,11,1.3,73.6,3.966,1958.5,0,1,28470
2026-04-14T18:33:49,9.190105,-79.885902,63.5,7.16,296.7,12,1.1,73.2,3.964,-4.4,0,1,28471
2026-04-14T18:34:18,9.190601,-79.886734,65.7,7.54,299.3,10,1.8,73.4,3.971,-4.4,0,1,28472
2026-04-14T18:34:47,9.191206,-79.887535,62.6,7.54,304.0,11,1.3,73.1,3.967,-4.4,0,1,28473
2026-04-14T18:35:16,9.191560,-79.888359,58.8,6.07,59.9,11,1.3,73.2,3.966,-4.4,0,1,28474
2026-04-14T18:35:44,9.192130,-79.889214,50.9,7.20,306.4,11,1.3,73.1,3.965,-4.4,0,1,28475
2026-04-14T18:36:13,9.192732,-79.890068,43.1,6.96,299.7,10,1.8,73.4,3.970,-4.4,0,1,28476
2026-04-14T18:36:42,9.193247,-79.890968,40.6,7.75,304.6,10,1.8,72.9,3.967,-4.4,0,1,28477
2026-04-14T18:37:11,9.193740,-79.891869,48.6,7.68,300.9,10,2.7,72.9,3.969,-4.4,0,1,28478
2026-04-14T18:37:39,9.194105,-79.892700,55.7,9.73,300.4,11,1.3,73.4,3.964,-4.4,0,1,28479
2026-04-14T18:38:08,9.194566,-79.893593,54.8,6.19,298.4,10,1.8,73.7,3.970,-4.4,0,1,28480
2026-04-14T18:38:37,9.195095,-79.894478,51.9,7.13,294.3,10,2.7,72.9,3.967,-4.4,0,1,28481
2026-04-14T18:39:06,9.195539,-79.895348,59.4,6.92,297.5,10,1.8,73.1,3.965,-4.4,0,1,28482
2026-04-14T18:39:34,9.195937,-79.896210,67.6,7.75,291.8,10,1.8,72.9,3.964,-4.4,0,1,28483
2026-04-14T18:40:03,9.196270,-79.897148,64.1,7.95,302.3,12,1.1,73.1,3.969,-4.4,0,1,28484
2026-04-14T18:40:32,9.196640,-79.897957,77.3,7.76,301.5,10,1.4,72.7,3.969,-4.4,0,1,28485
2026-04-14T18:41:01,9.196775,-79.899017,111.4,7.93,287.8,12,1.0,73.1,3.967,-4.4,0,1,28486
2026-04-14T18:41:29,9.197332,-79.899841,104.1,8.17,308.7,10,1.8,72.7,3.961,-4.4,0,1,28487
2026-04-14T18:41:58,9.198010,-79.900642,92.8,8.10,312.0,11,1.4,73.1,3.970,-4.4,0,1,28488
2026-04-14T18:42:27,9.198768,-79.901413,68.3,8.30,309.0,12,1.2,72.7,3.966,-4.4,0,1,28489
2026-04-14T18:42:56,9.199330,-79.902267,67.2,8.11,310.8,11,1.5,73.1,3.965,-4.4,0,1,28490
2026-04-14T18:43:24,9.199937,-79.903099,67.2,8.04,313.8,11,1.5,72.9,3.964,-4.4,0,1,28491
2026-04-14T18:43:53,9.200510,-79.903946,66.6,7.22,300.4,12,1.1,73.1,3.964,-4.4,0,1,28492
2026-04-14T18:44:22,9.200842,-79.904877,74.5,7.75,301.6,12,1.1,72.7,3.970,-4.4,0,1,28493
2026-04-14T18:44:51,9.201369,-79.905731,67.7,6.31,308.3,11,1.4,72.7,3.965,-4.4,0,1,28494
2026-04-14T18:45:19,9.202019,-79.906586,41.4,8.08,300.4,10,1.8,72.4,3.964,-4.4,0,1,28495
2026-04-14T18:45:48,9.202800,-79.907356,13.1,7.90,307.9,10,1.8,72.9,3.969,-4.4,0,1,28496
2026-04-14T18:46:17,9.203386,-79.908203,-2.7,7.85,293.4,10,1.8,72.9,3.963,-4.4,0,1,28497
2026-04-14T18:46:46,9.203717,-79.909180,4.2,7.59,294.4,11,1.4,72.4,3.965,-4.4,0,1,28498
2026-04-14T18:47:14,9.204114,-79.910019,13.2,7.07,297.9,10,1.8,72.7,3.961,-4.4,0,1,28499
2026-04-14T18:47:43,9.204601,-79.910912,23.1,6.86,300.8,10,1.7,73.1,3.967,-4.4,0,1,28500
2026-04-14T18:48:12,9.205140,-79.911797,25.1,8.68,302.3,10,1.7,72.6,3.964,-4.4,0,1,28501
2026-04-14T18:48:41,9.205504,-79.912750,36.2,7.89,301.1,11,1.3,72.6,3.964,-4.4,0,1,28502
2026-04-14T18:49:09,9.205934,-79.913597,45.8,7.59,305.4,10,1.7,72.7,3.961,-4.4,0,1,28503
2026-04-14T18:49:38,9.206492,-79.914543,46.1,8.36,301.0,10,1.7,72.6,3.967,-4.4,0,1,28504
2026-04-14T18:50:07,9.206964,-79.915543,55.0,8.24,297.2,10,1.7,72.7,3.964,-4.4,0,1,28505
2026-04-14T18:50:36,9.207472,-79.916496,40.5,7.65,307.3,11,1.3,72.6,3.965,-4.4,0,1,28506
2026-04-14T18:51:04,9.207870,-79.917259,60.6,6.53,313.9,10,1.3,72.6,3.960,-4.4,0,1,28507
2026-04-14T18:51:33,9.208523,-79.917938,41.6,7.72,318.8,11,1.3,72.7,3.966,-4.4,0,1,28508
2026-04-14T18:52:02,9.209082,-79.918678,28.5,6.01,313.0,11,1.3,72.6,3.966,-4.4,0,1,28509
2026-04-14T18:52:31,9.209548,-79.919357,44.6,5.65,307.3,12,1.1,72.6,3.960,-4.4,0,1,28510
2026-04-14T18:52:59,9.210067,-79.919983,21.5,5.61,320.2,12,1.1,72.6,3.959,-4.4,0,1,28511
2026-04-14T18:53:28,9.210588,-79.920326,45.2,4.34,316.5,12,1.1,72.6,3.965,-4.4,0,1,28512
2026-04-14T18:53:57,9.211100,-79.920662,44.8,4.74,351.0,12,1.1,72.4,3.961,-4.4,0,1,28513
2026-04-14T18:54:26,9.211475,-79.921272,57.5,4.27,339.6,12,1.1,72.4,3.965,-4.4,0,1,28514
2026-04-14T18:54:54,9.211983,-79.921463,62.9,4.28,355.8,12,1.1,72.2,3.957,-4.4,0,1,28515
2026-04-14T18:55:23,9.212693,-79.921455,49.4,4.71,356.8,13,1.1,72.6,3.963,-4.4,0,1,28516
2026-04-14T18:55:52,9.213215,-79.921806,50.6,5.44,343.5,11,1.3,72.6,3.955,-4.4,0,1,28517
2026-04-14T18:56:21,9.213772,-79.922073,64.6,4.88,338.3,12,1.2,72.6,3.960,-4.4,0,1,28518
2026-04-14T18:56:49,9.214360,-79.922203,67.0,4.69,332.2,12,1.2,72.2,3.957,-4.4,0,1,28519
2026-04-14T18:57:18,9.214953,-79.922371,63.0,5.31,2.5,13,1.1,72.4,3.965,-4.4,0,1,28520
2026-04-14T18:57:47,9.215560,-79.922516,65.7,4.12,357.8,12,1.2,72.1,3.964,-4.4,0,1,28521
2026-04-14T18:58:16,9.216128,-79.922905,60.4,4.83,353.0,13,1.1,72.1,3.964,-4.4,0,1,28522
2026-04-14T18:58:44,9.216811,-79.922905,37.3,4.95,354.4,12,1.2,72.1,3.956,1919.2,0,1,28523
2026-04-14T18:59:13,9.217424,-79.923050,44.0,4.49,341.9,12,1.2,72.2,3.960,-4.4,0,1,28524
2026-04-14T18:59:42,9.218033,-79.923080,31.8,5.12,0.3,10,1.3,72.1,3.960,-4.4,0,1,28525
2026-04-14T19:00:11,9.218630,-79.923088,33.4,4.80,358.5,12,1.2,72.1,3.961,-4.4,0,1,28526
2026-04-14T19:00:39,9.219212,-79.923119,38.3,5.03,359.6,12,1.2,71.9,3.956,-4.4,0,1,28527
2026-04-14T19:01:08,9.219822,-79.923149,38.8,4.95,359.6,12,1.2,72.1,3.964,-4.4,0,1,28528
2026-04-14T19:01:37,9.220400,-79.923180,43.5,4.73,5.8,12,1.2,71.9,3.964,-4.4,0,1,28529
2026-04-14T19:02:06,9.220994,-79.923172,43.2,4.80,2.8,12,1.2,72.1,3.959,-4.4,0,1,28530
2026-04-14T19:02:34,9.221603,-79.923164,42.7,5.20,11.5,13,1.1,72.4,3.955,-4.4,0,1,28531
2026-04-14T19:03:03,9.222233,-79.923164,42.9,5.53,0.0,13,1.1,72.2,3.959,-4.4,0,1,28532
2026-04-14T19:03:32,9.222830,-79.923210,40.8,4.42,354.3,13,1.1,72.2,3.957,-4.4,0,1,28533
2026-04-14T19:04:01,9.223473,-79.923065,43.8,5.02,2.3,12,1.2,72.1,3.956,-4.4,0,1,28534
2026-04-14T19:04:29,9.224074,-79.923149,38.7,4.77,354.7,13,1.1,71.8,3.955,-4.4,0,1,28535
2026-04-14T19:04:58,9.224703,-79.923195,36.1,4.29,358.8,12,1.2,72.6,3.961,-4.4,0,1,28536
2026-04-14T19:05:27,9.225317,-79.923058,30.7,5.26,5.8,11,1.2,71.9,3.959,-4.4,0,1,28537
2026-04-14T19:05:56,9.225959,-79.923050,32.4,4.61,4.8,12,1.2,71.8,3.957,-4.4,0,1,28538
2026-04-14T19:06:24,9.226562,-79.923027,32.0,5.20,0.3,12,1.2,71.9,3.955,-4.4,0,1,28539
2026-04-14T19:06:53,9.227188,-79.923103,37.8,4.09,335.2,12,1.2,72.4,3.957,-4.4,0,1,28540
2026-04-14T19:07:22,9.227840,-79.923141,31.3,3.98,352.7,12,1.1,71.9,3.951,-4.4,0,1,28541
2026-04-14T19:07:51,9.228440,-79.923241,35.2,5.13,4.9,13,1.1,71.9,3.957,-4.4,0,1,28542
2026-04-14T19:08:19,9.229083,-79.923119,43.8,4.24,3.7,12,1.1,71.8,3.954,-4.4,0,1,28543
2026-04-14T19:08:48,9.229734,-79.923164,38.8,3.96,3.6,11,1.2,72.1,3.961,-4.4,0,1,28544
2026-04-14T19:09:17,9.230392,-79.923203,35.9,4.57,8.5,12,1.1,71.8,3.956,-4.4,0,1,28545
2026-04-14T19:09:46,9.231037,-79.923195,42.4,4.32,10.6,11,1.2,71.6,3.957,-4.4,0,1,28546
2026-04-14T19:10:14,9.231698,-79.923164,32.6,5.32,5.6,12,1.1,71.4,3.953,-4.4,0,1,28547
2026-04-14T19:10:43,9.232385,-79.923096,22.2,4.54,6.8,9,1.3,72.1,3.955,-4.4,0,1,28548
2026-04-14T19:11:12,9.233024,-79.923058,27.3,5.23,1.4,10,1.3,71.8,3.954,-4.4,0,1,28549
2026-04-14T19:11:41,9.233642,-79.923103,34.4,4.34,359.5,11,1.2,71.8,3.955,-4.4,0,1,28550
2026-04-14T19:12:09,9.234212,-79.923103,32.8,5.12,3.4,11,1.2,71.8,3.953,-4.4,0,1,28551
2026-04-14T19:12:38,9.234797,-79.923141,53.9,4.36,354.2,12,1.1,72.1,3.960,-4.4,0,1,28552
2026-04-14T19:13:07,9.235406,-79.923203,59.4,4.56,354.3,12,1.1,71.6,3.956,-4.4,0,1,28553
2026-04-14T19:13:36,9.236112,-79.923195,53.5,5.62,10.8,12,1.1,71.6,3.961,-4.4,0,1,28554
2026-04-14T19:14:04,9.236709,-79.923210,60.0,4.93,351.7,12,1.1,71.8,3.951,-4.4,0,1,28555
2026-04-14T19:14:33,9.237308,-79.923195,63.2,4.24,356.4,11,1.2,71.9,3.956,-4.4,0,1,28556
2026-04-14T19:15:02,9.237913,-79.923256,64.7,4.55,349.7,10,1.3,71.9,3.955,-4.4,0,1,28557
2026-04-14T19:15:31,9.238485,-79.923164,62.0,3.25,13.6,10,1.3,71.4,3.954,-4.4,0,1,28558
2026-04-14T19:15:59,9.239001,-79.923279,61.2,4.19,349.7,10,1.3,71.6,3.953,-4.4,0,1,28559
2026-04-14T19:16:28,9.239529,-79.923195,60.8,2.57,344.0,9,1.6,72.1,3.954,-4.4,0,1,28560
2026-04-14T19:16:57,9.239994,-79.923210,70.9,3.14,21.1,11,1.1,71.6,3.956,-4.4,0,1,28561
2026-04-14T19:17:26,9.240489,-79.923286,70.3,3.23,346.4,11,1.1,71.4,3.959,-4.4,0,1,28562
2026-04-14T19:17:54,9.240917,-79.923248,66.8,3.45,346.7,11,1.1,71.4,3.951,-4.4,0,1,28563
2026-04-14T19:18:23,9.241419,-79.923294,64.8,3.14,351.5,11,1.3,71.8,3.955,-4.4,0,1,28564
2026-04-14T19:18:52,9.241837,-79.923248,64.8,3.21,3.1,11,1.1,71.4,3.951,-4.4,0,1,28565
2026-04-14T19:19:21,9.242229,-79.923363,71.0,2.55,340.6,12,1.1,71.4,3.957,-4.4,0,1,28566
2026-04-14T19:19:49,9.242645,-79.923370,73.4,2.19,357.4,13,1.0,71.4,3.951,-4.4,0,1,28567
2026-04-14T19:20:18,9.243031,-79.923409,74.5,3.35,4.5,10,1.4,71.6,3.955,-4.4,0,1,28568
2026-04-14T19:20:47,9.243467,-79.923355,75.6,3.13,326.8,11,1.1,71.6,3.954,-4.4,0,1,28569
2026-04-14T19:21:16,9.243836,-79.923363,74.2,2.15,12.1,10,1.2,71.3,3.954,-4.4,0,1,28570
2026-04-14T19:21:44,9.244228,-79.923378,70.2,2.85,8.5,10,1.2,71.3,3.950,-4.4,0,1,28571
2026-04-14T19:22:13,9.244631,-79.923294,68.7,1.69,9.5,11,1.1,71.4,3.953,-4.4,0,1,28572
2026-04-14T19:22:42,9.244995,-79.923378,68.1,2.44,5.3,12,1.0,71.4,3.950,-4.4,0,1,28573
2026-04-14T19:23:11,9.245374,-79.923409,69.1,3.27,11.0,8,1.8,71.3,3.954,-4.4,0,1,28574
2026-04-14T19:23:39,9.245728,-79.923431,71.7,3.11,20.4,9,1.5,71.3,3.949,1897.4,0,1,28575
2026-04-14T19:24:08,9.246078,-79.923492,67.9,1.90,15.7,10,1.2,71.8,3.956,-4.4,0,1,28576
2026-04-14T19:24:37,9.246460,-79.923416,73.1,2.88,8.7,10,1.2,70.9,3.953,-4.4,0,1,28577
2026-04-14T19:25:06,9.246801,-79.923462,83.0,2.61,5.6,10,1.2,71.1,3.955,-4.4,0,1,28578
2026-04-14T19:25:34,9.247190,-79.923340,80.1,2.82,23.6,10,1.4,71.3,3.949,-4.4,0,1,28579
2026-04-14T19:26:03,9.247537,-79.923248,75.4,3.52,24.0,9,1.2,71.3,3.955,-4.4,0,1,28580
2026-04-14T19:26:32,9.247915,-79.923286,76.6,2.73,13.5,10,1.2,71.3,3.951,-4.4,0,1,28581
2026-04-14T19:27:01,9.248342,-79.923073,76.9,3.20,7.0,10,1.2,71.1,3.950,-4.4,0,1,28582
2026-04-14T19:27:29,9.248689,-79.923164,79.9,2.68,351.8,12,1.0,70.9,3.951,-4.4,0,1,28583
2026-04-14T19:27:58,9.249075,-79.923164,76.4,3.50,351.3,11,1.1,71.4,3.955,-4.4,0,1,28584
2026-04-14T19:28:27,9.249516,-79.923111,55.2,2.80,340.8,11,1.1,71.3,3.950,-4.4,0,1,28585
2026-04-14T19:28:56,9.249915,-79.923058,55.9,2.55,339.5,11,1.1,70.9,3.951,-4.4,0,1,28586
2026-04-14T19:29:24,9.250241,-79.923157,67.6,2.59,341.9,11,1.0,70.9,3.949,-4.4,0,1,28587
2026-04-14T19:29:53,9.250649,-79.923134,70.7,3.04,355.0,11,1.0,70.9,3.954,-4.4,0,1,28588
2026-04-14T19:30:22,9.251016,-79.923317,71.9,2.93,337.7,10,1.3,70.9,3.951,-4.4,0,1,28589
2026-04-14T19:30:51,9.251443,-79.923286,78.3,2.97,358.1,10,1.3,70.9,3.951,-4.4,0,1,28590
2026-04-14T19:31:19,9.251783,-79.923317,84.2,3.13,15.2,11,1.1,71.1,3.947,-4.4,0,1,28591
2026-04-14T19:31:48,9.252212,-79.923363,83.7,2.84,355.4,9,1.5,71.1,3.955,-4.4,0,1,28592
2026-04-14T19:32:17,9.252688,-79.923279,75.1,2.93,351.4,11,1.3,70.9,3.951,-4.4,0,1,28593
2026-04-14T19:32:46,9.253056,-79.923332,83.4,2.81,3.5,11,1.0,70.8,3.950,-4.4,0,1,28594
2026-04-14T19:33:14,9.253435,-79.923294,79.5,3.31,346.2,11,1.0,70.9,3.946,-4.4,0,1,28595
2026-04-14T19:33:43,9.253903,-79.923279,69.0,2.41,2.5,11,1.3,70.8,3.950,-4.4,0,1,28596
2026-04-14T19:34:12,9.254355,-79.923210,59.3,2.11,348.6,9,1.5,71.1,3.947,-4.4,0,1,28597
2026-04-14T19:34:41,9.254759,-79.923180,54.9,3.13,9.4,11,1.0,70.9,3.951,-4.4,0,1,28598
2026-04-14T19:35:09,9.255246,-79.923233,42.5,2.91,5.7,10,1.1,70.9,3.946,-4.4,0,1,28599
2026-04-14T19:35:38,9.255748,-79.923286,29.6,2.87,10.1,9,1.5,71.1,3.950,-4.4,0,1,28600
2026-04-14T19:36:07,9.256177,-79.923409,21.2,3.98,352.5,10,1.1,70.6,3.945,-4.4,0,1,28601
2026-04-14T19:36:36,9.256552,-79.923515,29.4,2.86,12.3,10,1.1,70.8,3.947,-4.4,0,1,28602
2026-04-14T19:37:04,9.256889,-79.923576,41.4,3.28,357.0,10,1.1,70.4,3.943,-4.4,0,1,28603
2026-04-14T19:37:33,9.257260,-79.923561,56.5,2.84,359.2,9,1.5,70.9,3.947,-4.4,0,1,28604
2026-04-14T19:38:02,9.257655,-79.923561,66.7,2.63,4.0,11,1.0,70.8,3.945,-4.4,0,1,28605
2026-04-14T19:38:31,9.258030,-79.923515,83.2,2.88,7.6,9,1.5,70.4,3.946,-4.4,0,1,28606
2026-04-14T19:38:59,9.258552,-79.923370,82.2,3.84,4.1,11,1.3,70.9,3.945,-4.4,0,1,28607
2026-04-14T19:39:28,9.258960,-79.923409,78.2,4.14,8.4,11,1.3,70.8,3.953,-4.4,0,1,28608
2026-04-14T19:39:57,9.259372,-79.923347,75.2,2.76,358.4,10,1.4,70.6,3.947,-4.4,0,1,28609
2026-04-14T19:40:26,9.259845,-79.923347,67.5,3.08,9.8,11,1.2,70.6,3.947,-4.4,0,1,28610
2026-04-14T19:40:54,9.260335,-79.923195,70.0,3.50,0.7,11,1.2,70.6,3.945,-4.4,0,1,28611
2026-04-14T19:41:23,9.260694,-79.923195,64.5,3.11,354.4,10,1.5,70.8,3.950,-4.4,0,1,28612
2026-04-14T19:41:52,9.261112,-79.923248,65.1,3.29,0.4,10,1.5,70.8,3.946,-4.4,0,1,28613
2026-04-14T19:42:21,9.261526,-79.923264,64.3,3.26,50.2,11,1.0,70.4,3.950,-4.4,0,1,28614
2026-04-14T19:42:49,9.261905,-79.923363,64.5,4.33,11.7,10,1.5,70.4,3.945,-4.4,0,1,28615
2026-04-14T19:43:18,9.262259,-79.923393,64.7,2.04,12.9,10,1.5,70.4,3.946,-4.4,0,1,28616
2026-04-14T19:43:47,9.262464,-79.923416,63.6,1.15,333.2,10,1.5,70.4,3.946,-4.4,0,1,28617
2026-04-14T19:44:16,9.262558,-79.923454,63.9,0.97,330.0,9,1.7,70.3,3.947,-4.4,0,1,28618
2026-04-14T19:44:44,9.262617,-79.923523,64.3,0.74,303.4,10,1.5,70.4,3.943,-4.4,0,1,28619
2026-04-14T19:47:48,9.262525,-79.924179,60.6,1.12,187.8,9,1.2,70.6,3.944,-4.4,0,1,28620
2026-04-14T19:50:51,9.262520,-79.924286,60.0,0.44,284.8,12,1.0,70.4,3.947,-4.4,0,1,28621
2026-04-14T19:53:54,9.262673,-79.924339,58.9,1.16,256.1,12,1.0,70.3,3.949,-4.4,0,1,28622
2026-04-14T19:56:57,9.263142,-79.924026,48.8,0.47,358.5,11,1.3,70.1,3.947,-4.4,0,1,28623
2026-04-14T20:00:00,9.263546,-79.924080,48.8,0.52,15.7,11,1.0,70.1,3.946,-4.4,0,1,28624
2026-04-14T20:03:03,9.263650,-79.924110,39.7,0.23,244.6,10,1.4,70.1,3.946,-4.4,0,1,28625
2026-04-14T20:06:06,9.263617,-79.924202,40.3,0.05,342.8,11,1.0,70.1,3.941,-4.4,0,1,28626
2026-04-14T20:09:09,9.264243,-79.924095,53.7,1.21,357.0,12,1.2,70.0,3.945,-4.4,0,1,28627
2026-04-14T20:12:12,9.265352,-79.923981,58.3,1.18,356.9,13,0.9,70.1,3.941,-4.4,0,1,28628
2026-04-14T20:12:41,9.265483,-79.923996,61.1,1.00,356.6,14,0.8,69.6,3.940,-4.4,0,1,28629
2026-04-14T20:13:09,9.265615,-79.923973,62.5,0.85,15.9,14,0.8,69.6,3.940,-4.4,0,1,28630
2026-04-14T20:16:13,9.266685,-79.923843,72.7,0.98,326.7,15,0.9,69.6,3.941,-4.4,0,1,28631
2026-04-14T20:19:16,9.267820,-79.923607,73.0,1.22,18.8,14,0.8,69.8,3.940,-4.4,0,1,28632
2026-04-14T20:22:19,9.268907,-79.923393,76.0,1.35,358.0,15,0.8,69.8,3.940,-4.4,0,1,28633
2026-04-14T20:22:48,9.269114,-79.923317,74.8,1.49,10.9,16,0.8,69.5,3.939,-4.4,0,1,28634
2026-04-14T20:23:17,9.269350,-79.923164,71.6,2.96,64.0,15,0.8,69.6,3.939,-4.4,0,1,28635
2026-04-14T20:23:46,9.269651,-79.923088,70.0,2.27,1.4,16,0.8,69.3,3.939,-4.4,0,1,28636
2026-04-14T20:24:14,9.269955,-79.923126,72.3,2.71,4.4,16,0.8,69.5,3.935,-4.4,0,1,28637
2026-04-14T20:24:43,9.270285,-79.923187,65.0,2.88,350.2,16,0.8,69.5,3.941,-4.4,0,1,28638
2026-04-14T20:25:12,9.270575,-79.923210,57.0,2.46,8.7,16,0.8,69.3,3.938,-4.4,0,1,28639
2026-04-14T20:25:41,9.270695,-79.923248,58.5,0.46,347.7,12,0.9,69.3,3.941,-4.4,0,1,28640
2026-04-14T20:26:09,9.270696,-79.923271,59.2,0.41,300.1,15,0.9,69.3,3.932,-4.4,0,1,28641
2026-04-14T20:29:13,9.270648,-79.923409,62.5,0.63,285.1,12,0.9,69.5,3.935,-4.4,0,1,28642
2026-04-14T20:32:16,9.270650,-79.923447,63.0,0.01,285.1,15,0.7,69.8,3.941,-4.4,0,1,28643
2026-04-14T20:35:19,9.270691,-79.923431,64.8,0.67,44.3,12,0.9,69.1,3.940,-4.4,0,1,28644
2026-04-14T20:38:22,9.270720,-79.923416,66.3,0.31,44.3,15,0.7,69.1,3.935,-4.4,0,1,28645
2026-04-14T20:41:25,9.272550,-79.922905,75.5,3.13,2.6,15,0.7,69.0,3.939,-4.4,0,1,28646
2026-04-14T20:44:28,9.274073,-79.922806,69.1,0.13,258.2,14,0.7,69.0,3.939,-4.4,0,1,28647
2026-04-14T20:47:31,9.274083,-79.922798,69.6,0.52,275.9,15,0.6,68.8,3.934,-4.4,0,1,28648
2026-04-14T20:50:34,9.274088,-79.922791,69.4,0.69,110.8,11,1.0,68.6,3.938,-4.4,0,1,28649
2026-04-14T20:53:37,9.274076,-79.922791,68.5,0.23,124.2,13,0.7,69.0,3.935,-4.4,0,1,28650
2026-04-14T20:56:40,9.274379,-79.922821,65.2,1.97,356.9,14,0.7,69.0,3.935,-4.4,0,1,28651
2026-04-14T20:59:43,9.276557,-79.922386,43.6,2.95,17.5,15,0.7,68.6,3.934,-4.4,0,1,28652
2026-04-14T21:00:12,9.276840,-79.922401,44.3,1.25,14.0,13,0.8,68.3,3.929,-4.4,0,1,28653
2026-04-14T21:00:41,9.276896,-79.922432,45.3,0.43,36.7,16,0.6,68.5,3.931,-4.4,0,1,28654
2026-04-14T21:01:09,9.276881,-79.922424,45.0,0.03,267.2,15,0.7,68.3,3.926,-4.4,0,1,28655
2026-04-14T21:04:13,9.276878,-79.922394,44.5,0.01,313.0,12,1.1,68.3,3.928,-4.4,0,1,28656
2026-04-14T21:07:16,9.276883,-79.922379,44.0,0.15,287.4,15,0.7,68.3,3.932,-4.4,0,1,28657
2026-04-14T21:10:19,9.276898,-79.922386,45.2,0.03,298.3,14,0.7,68.2,3.925,-4.0,0,1,28658
2026-04-14T21:13:23,9.276918,-79.922363,46.8,0.22,95.1,14,0.7,67.7,3.924,-3.7,0,1,28659
2026-04-14T21:16:26,9.277893,-79.922241,54.3,2.47,354.7,12,0.8,68.0,3.930,-3.7,0,1,28660
2026-04-14T21:19:29,9.279850,-79.922028,61.4,2.32,3.5,13,0.8,68.0,3.924,-3.7,0,1,28661
2026-04-14T21:19:58,9.280149,-79.921959,63.1,2.49,3.5,16,0.6,67.7,3.930,-3.7,0,1,28662
2026-04-14T21:20:27,9.280548,-79.921860,61.5,3.02,357.1,16,0.7,67.7,3.924,-3.7,0,1,28663
2026-04-14T21:20:56,9.280894,-79.921692,51.6,3.42,4.4,14,0.8,67.9,3.930,-4.0,0,1,28664
2026-04-14T21:21:24,9.281440,-79.921494,53.3,4.33,13.2,14,0.7,67.9,3.921,-4.0,0,1,28665
2026-04-14T21:21:53,9.282117,-79.921272,44.2,4.06,359.5,14,0.7,67.9,3.928,-4.0,0,1,28666
2026-04-14T21:22:22,9.282877,-79.921341,43.5,6.90,2.3,12,1.0,67.6,3.930,-4.0,0,1,28667
2026-04-14T21:22:51,9.283773,-79.921303,44.5,6.41,0.9,13,0.9,67.7,3.925,-3.7,0,1,28668
2026-04-14T21:23:19,9.284727,-79.921181,35.1,6.93,14.0,11,1.1,67.7,3.925,-3.7,0,1,28669
2026-04-14T21:23:48,9.285748,-79.921143,45.2,7.87,359.5,11,1.2,67.7,3.929,-3.7,0,1,28670
2026-04-14T21:24:17,9.286756,-79.921120,45.0,7.59,4.8,11,1.2,67.7,3.926,-3.7,0,1,28671
2026-04-14T21:24:46,9.287798,-79.921036,39.7,7.86,4.7,11,1.1,67.7,3.925,-3.7,0,1,28672
2026-04-14T21:25:14,9.288709,-79.920784,26.2,7.00,11.8,11,1.1,67.4,3.921,1795.7,0,1,28673
2026-04-14T21:25:43,9.289695,-79.920517,10.9,7.85,18.0,10,1.3,68.0,3.929,-3.7,0,1,28674
2026-04-14T21:26:12,9.290749,-79.920387,7.6,7.60,6.7,10,1.3,67.4,3.926,-3.7,0,1,28675
2026-04-14T21:26:41,9.291724,-79.920135,20.0,8.45,11.5,10,1.3,67.7,3.922,-3.7,0,1,28676
2026-04-14T21:27:09,9.292692,-79.920013,8.5,7.45,4.9,10,1.3,67.6,3.920,-4.0,0,1,28677
2026-04-14T21:27:38,9.293666,-79.919807,10.1,7.19,8.4,10,1.3,67.7,3.928,-3.7,0,1,28678
2026-04-14T21:28:07,9.294657,-79.919586,7.4,7.40,7.4,10,1.3,67.6,3.925,-4.0,0,1,28679
2026-04-14T21:28:36,9.295606,-79.919373,9.9,7.81,4.2,10,1.3,67.4,3.924,1795.7,0,1,28680
2026-04-14T21:29:04,9.296534,-79.919235,7.6,6.97,6.7,9,1.4,67.4,3.924,-3.7,0,1,28681
2026-04-14T21:29:33,9.297555,-79.919037,6.2,6.80,3.9,10,1.3,67.6,3.926,-4.0,0,1,28682
2026-04-14T21:30:02,9.298603,-79.918983,9.1,11.00,7.1,11,1.1,67.3,3.922,-4.0,0,1,28683
2026-04-14T21:30:31,9.299708,-79.918900,16.4,8.60,1.7,12,1.0,67.3,3.924,-4.0,0,1,28684
2026-04-14T21:30:59,9.300845,-79.918755,17.7,9.02,359.1,12,0.8,67.4,3.921,-3.7,0,1,28685
2026-04-14T21:31:28,9.302091,-79.918594,18.5,9.27,2.0,11,1.1,67.7,3.928,-3.7,0,1,28686
2026-04-14T21:31:57,9.303400,-79.918373,20.3,9.75,4.3,11,1.1,67.6,3.926,-4.0,0,1,28687
2026-04-14T21:32:26,9.304790,-79.918205,14.1,9.89,1.8,11,1.1,67.6,3.921,1799.4,0,1,28688
2026-04-14T21:32:54,9.306083,-79.917999,21.7,9.65,7.2,12,1.1,67.3,3.919,-4.0,0,1,28689
2026-04-14T21:33:23,9.307299,-79.917854,36.0,9.48,353.2,11,1.2,67.4,3.928,-3.7,0,1,28690
2026-04-14T21:33:52,9.308740,-79.918030,45.2,10.02,349.5,10,1.2,67.6,3.921,-4.0,0,1,28691
2026-04-14T21:34:21,9.310150,-79.918114,21.2,9.92,355.0,11,1.0,67.3,3.922,-4.0,0,1,28692
2026-04-14T21:34:49,9.311502,-79.918282,21.2,10.67,346.5,12,1.0,67.3,3.920,-4.0,0,1,28693
2026-04-14T21:35:18,9.312877,-79.918396,28.0,9.88,348.5,11,1.0,67.4,3.926,-3.7,0,1,28694
2026-04-14T21:35:47,9.314228,-79.918617,26.0,10.52,350.3,12,1.0,67.6,3.924,-4.0,0,1,28695
2026-04-14T21:36:16,9.315663,-79.918762,43.9,9.24,354.5,11,1.1,67.2,3.921,-3.7,0,1,28696
2026-04-14T21:36:44,9.317128,-79.918877,41.1,10.98,354.3,12,1.0,67.3,3.919,-4.0,0,1,28697
2026-04-14T21:37:13,9.318666,-79.918983,41.8,11.14,352.6,11,1.1,67.4,3.926,-3.7,0,1,28698
2026-04-14T21:37:42,9.320227,-79.919006,39.3,10.94,356.4,12,1.0,67.2,3.922,-3.7,0,1,28699
2026-04-14T21:38:11,9.321756,-79.919014,46.8,10.91,358.1,10,1.3,67.3,3.924,-4.0,0,1,28700
2026-04-14T21:38:39,9.323143,-79.918999,43.7,10.26,359.3,11,1.1,67.3,3.919,1791.7,0,1,28701
2026-04-14T21:39:08,9.324563,-79.918961,41.3,9.45,359.2,11,1.1,67.4,3.925,-3.7,0,1,28702
2026-04-14T21:39:37,9.325882,-79.918953,38.5,8.90,354.5,11,1.1,67.2,3.921,-3.7,0,1,28703
2026-04-14T21:40:06,9.327080,-79.918961,41.0,8.01,6.0,12,1.0,67.2,3.920,-3.7,0,1,28704
2026-04-14T21:40:34,9.328150,-79.919106,45.2,7.69,352.4,12,1.0,67.3,3.918,-4.0,0,1,28705
2026-04-14T21:41:03,9.329222,-79.919151,46.2,7.41,359.0,11,1.1,67.3,3.924,-4.0,0,1,28706
2026-04-14T21:41:32,9.330235,-79.919205,44.0,6.38,356.3,10,1.2,67.2,3.920,-3.7,0,1,28707
2026-04-14T21:42:01,9.331240,-79.919167,40.3,7.57,355.6,11,1.1,67.0,3.920,-4.0,0,1,28708
2026-04-14T21:42:29,9.332218,-79.919197,41.3,6.41,356.3,9,1.2,67.2,3.918,-3.7,0,1,28709
2026-04-14T21:42:58,9.333175,-79.919212,42.8,7.96,353.2,10,1.1,67.3,3.921,-4.0,0,1,28710
2026-04-14T21:43:27,9.334238,-79.919411,39.0,7.78,356.0,11,1.1,67.0,3.924,-4.0,0,1,28711
2026-04-14T21:43:56,9.335427,-79.919380,40.8,8.48,358.7,11,1.1,67.2,3.920,-3.7,0,1,28712
2026-04-14T21:44:24,9.336634,-79.919395,37.8,9.04,355.5,11,1.1,67.0,3.916,-4.0,0,1,28713
2026-04-14T21:44:53,9.337992,-79.919441,40.2,9.11,0.2,11,1.1,67.2,3.922,-3.7,0,1,28714
2026-04-14T21:45:22,9.339440,-79.919533,40.8,10.27,359.6,12,1.0,67.2,3.920,-3.7,0,1,28715
2026-04-14T21:45:51,9.340930,-79.919487,41.3,10.11,357.3,9,1.4,67.0,3.922,-4.0,0,1,28716
2026-04-14T21:46:19,9.342403,-79.919495,44.1,10.88,358.6,11,1.1,67.0,3.916,-4.0,0,1,28717
2026-04-14T21:46:48,9.343934,-79.919640,40.9,11.11,355.5,10,1.1,67.4,3.916,-3.7,0,1,28718
2026-04-14T21:47:17,9.345543,-79.919640,34.8,12.44,359.4,11,1.0,66.9,3.924,-3.7,0,1,28719
2026-04-14T21:47:46,9.347151,-79.919556,30.8,10.81,359.0,10,1.2,67.0,3.918,-4.0,0,1,28720
2026-04-14T21:48:14,9.348779,-79.919579,32.5,12.32,353.8,12,1.0,66.9,3.916,-3.7,0,1,28721
2026-04-14T21:48:43,9.350310,-79.919586,39.6,10.81,356.9,10,1.2,66.9,3.916,-3.7,0,1,28722
2026-04-14T21:49:12,9.351813,-79.919525,35.6,12.28,358.7,10,1.3,67.2,3.922,-3.7,0,1,28723
2026-04-14T21:49:41,9.353327,-79.919418,33.3,11.32,359.1,12,1.0,67.0,3.918,-4.0,0,1,28724
2026-04-14T21:50:09,9.354856,-79.919434,25.0,11.36,358.0,11,1.1,66.9,3.915,-3.7,0,1,28725
2026-04-14T21:50:38,9.356426,-79.919357,17.6,11.22,4.5,11,1.1,67.0,3.921,-4.0,0,1,28726
2026-04-14T21:51:07,9.357977,-79.919228,13.0,11.63,356.0,10,1.2,67.0,3.920,-4.0,0,1,28727
2026-04-14T21:51:36,9.359578,-79.919182,17.9,11.86,359.9,10,1.2,66.9,3.918,-3.7,0,1,28728
2026-04-14T21:52:04,9.361088,-79.919144,21.6,11.36,0.9,12,1.0,67.0,3.915,-4.0,0,1,28729
2026-04-14T21:52:33,9.362628,-79.919128,23.4,10.65,3.5,12,1.0,67.0,3.915,-4.0,0,1,28730
2026-04-14T21:53:02,9.364255,-79.919151,24.0,11.81,359.2,11,1.1,66.7,3.916,-4.0,0,1,28731
2026-04-14T21:53:31,9.365807,-79.919075,24.8,11.47,357.8,11,1.0,66.7,3.918,-4.0,0,1,28732
2026-04-14T21:53:59,9.367327,-79.919037,31.0,11.92,359.1,11,1.0,66.7,3.914,-4.0,0,1,28733
2026-04-14T21:54:28,9.368910,-79.918983,27.8,11.81,359.5,11,1.1,67.0,3.922,-4.0,0,1,28734
2026-04-14T21:54:57,9.370509,-79.919037,34.9,12.19,354.9,11,1.1,66.7,3.918,-4.0,0,1,28735
2026-04-14T21:55:26,9.372071,-79.918861,19.8,10.97,359.5,11,1.1,66.6,3.918,-3.7,0,1,28736
2026-04-14T21:55:54,9.373590,-79.918747,8.6,11.54,2.8,10,1.3,66.9,3.914,-3.7,0,1,28737
2026-04-14T21:56:23,9.375154,-79.918594,3.3,11.45,359.9,10,1.3,66.9,3.921,-3.7,0,1,28738
2026-04-14T21:56:52,9.376705,-79.918411,-3.7,11.48,1.8,11,1.1,66.7,3.916,-4.0,0,1,28739
2026-04-14T21:57:21,9.378334,-79.918312,-4.9,11.80,0.3,9,1.5,66.7,3.916,-4.0,0,1,28740
2026-04-14T21:57:49,9.379849,-79.918312,3.0,11.64,4.5,9,1.5,66.7,3.911,-4.0,0,1,28741
2026-04-14T21:58:18,9.381413,-79.918320,9.2,11.64,3.6,11,1.0,66.9,3.920,-3.7,0,1,28742
2026-04-14T21:58:47,9.382955,-79.918358,16.9,12.32,1.9,10,1.2,66.6,3.914,-3.7,0,1,28743
2026-04-14T21:59:16,9.384505,-79.918343,17.5,11.17,357.3,10,1.2,66.6,3.916,-3.7,0,1,28744
2026-04-14T21:59:44,9.386097,-79.918404,14.9,12.04,0.9,9,1.5,66.6,3.912,-3.7,0,1,28745
2026-04-14T22:00:13,9.387635,-79.918358,17.7,10.75,359.2,9,1.3,66.9,3.919,-3.7,0,1,28746
2026-04-14T22:00:42,9.389238,-79.918312,18.3,11.46,1.2,8,1.5,66.4,3.920,-4.0,0,1,28747
2026-04-14T22:01:11,9.390812,-79.918228,20.4,10.63,1.3,8,1.5,66.6,3.915,-3.7,0,1,28748
2026-04-14T22:01:39,9.392329,-79.918121,19.1,11.35,360.0,8,1.8,66.7,3.912,-4.0,0,1,28749
2026-04-14T22:02:08,9.393897,-79.918083,25.8,11.48,3.1,8,1.8,66.7,3.920,-4.0,0,1,28750
2026-04-14T22:02:37,9.395431,-79.917961,17.9,11.33,1.4,9,1.3,66.7,3.914,-4.0,0,1,28751
2026-04-14T22:03:06,9.396958,-79.917847,10.7,11.57,4.3,9,1.3,66.6,3.915,-3.7,0,1,28752
2026-04-14T22:03:34,9.398443,-79.917725,-0.3,11.40,1.0,9,1.3,66.6,3.912,-3.7,0,1,28753
2026-04-14T22:04:03,9.399977,-79.917671,3.5,10.77,4.5,8,1.8,66.7,3.918,-4.0,0,1,28754
2026-04-14T22:04:32,9.401484,-79.917358,1.1,11.49,5.6,8,1.8,66.6,3.915,-3.7,0,1,28755
2026-04-14T22:05:01,9.403042,-79.917358,3.8,11.26,5.7,8,1.8,66.3,3.915,-3.7,0,1,28756
2026-04-14T22:05:29,9.404537,-79.917290,12.4,11.38,3.2,9,1.4,66.3,3.912,-3.7,0,1,28757
2026-04-14T22:05:58,9.406106,-79.917191,10.6,11.69,3.0,10,1.1,66.7,3.911,-4.0,0,1,28758
2026-04-14T22:06:27,9.407686,-79.917137,14.4,11.59,1.6,9,1.4,66.6,3.910,-3.7,0,1,28759
2026-04-14T22:06:56,9.409279,-79.917160,17.8,12.28,359.3,9,1.4,66.4,3.914,-4.0,0,1,28760
2026-04-14T22:07:24,9.410778,-79.917107,20.3,11.59,1.3,9,1.4,66.3,3.910,-3.7,0,1,28761
2026-04-14T22:07:53,9.412343,-79.917145,24.2,12.14,1.9,9,1.4,66.7,3.919,-4.0,0,1,28762
2026-04-14T22:08:22,9.413921,-79.917183,34.8,10.76,0.9,9,1.4,66.3,3.912,-3.7,0,1,28763
2026-04-14T22:08:51,9.415479,-79.917236,42.9,11.14,4.5,9,1.4,66.3,3.916,-3.7,0,1,28764
2026-04-14T22:09:19,9.416968,-79.917191,43.3,11.22,0.0,8,1.8,66.4,3.911,-4.0,0,1,28765
2026-04-14T22:09:48,9.418488,-79.917175,49.4,11.17,359.0,11,0.9,66.6,3.914,-3.7,0,1,28766
2026-04-14T22:10:17,9.420027,-79.917107,54.0,11.13,2.2,9,1.4,66.1,3.912,-4.0,0,1,28767
2026-04-14T22:10:46,9.421556,-79.917046,57.6,11.33,0.5,8,1.8,66.4,3.912,-4.0,0,1,28768
2026-04-14T22:11:14,9.423035,-79.916901,45.2,11.37,2.0,9,1.4,66.6,3.912,-3.7,0,1,28769
2026-04-14T22:11:43,9.424557,-79.916840,46.8,11.12,2.3,10,1.2,66.3,3.911,-3.7,0,1,28770
2026-04-14T22:12:12,9.426080,-79.916733,46.8,11.25,359.5,8,1.8,66.1,3.912,-4.0,0,1,28771
2026-04-14T22:12:41,9.427631,-79.916695,49.7,11.59,1.1,9,1.4,66.1,3.912,-4.0,0,1,28772
2026-04-14T22:13:09,9.429082,-79.916519,47.6,11.59,4.2,9,1.4,66.1,3.916,-4.0,0,1,28773
2026-04-14T22:13:38,9.430623,-79.916367,38.9,12.22,4.8,8,1.8,66.3,3.912,-3.7,0,1,28774
2026-04-14T22:14:07,9.432065,-79.916061,23.6,11.06,7.0,8,1.8,66.0,3.912,-3.7,0,1,28775
2026-04-14T22:14:36,9.433594,-79.915863,15.1,11.73,0.3,9,1.4,66.1,3.912,-4.0,0,1,28776
2026-04-14T22:15:04,9.435035,-79.915779,10.3,10.47,7.5,9,1.2,66.1,3.914,-4.0,0,1,28777
2026-04-14T22:15:33,9.436620,-79.915794,13.7,12.02,356.0,7,2.0,66.3,3.915,-3.7,0,1,28778
2026-04-14T22:16:02,9.438090,-79.915703,18.1,11.40,2.9,9,1.4,66.1,3.911,-4.0,0,1,28779
2026-04-14T22:16:31,9.439629,-79.915642,19.6,10.64,359.5,9,1.4,66.1,3.912,-4.0,0,1,28780
2026-04-14T22:16:59,9.441133,-79.915596,18.7,11.67,0.5,9,1.4,65.9,3.911,-4.0,0,1,28781
2026-04-14T22:17:28,9.442729,-79.915535,12.7,12.18,1.3,10,1.0,66.1,3.912,-4.0,0,1,28782
2026-04-14T22:17:57,9.444283,-79.915413,9.2,11.42,359.9,8,1.9,66.0,3.912,-3.7,0,1,28783
2026-04-14T22:18:26,9.445828,-79.915291,7.0,11.54,0.7,8,1.9,66.3,3.911,-3.7,0,1,28784
2026-04-14T22:18:54,9.447197,-79.915184,9.7,10.81,5.4,8,1.2,65.9,3.911,-4.0,0,1,28785
2026-04-14T22:19:23,9.448740,-79.915268,2.6,11.31,353.8,8,1.4,66.1,3.911,-4.0,0,1,28786
2026-04-14T22:19:52,9.450222,-79.915276,12.0,10.97,350.3,8,1.9,66.0,3.909,-3.7,0,1,28787
2026-04-14T22:20:21,9.451672,-79.915428,16.9,11.07,353.7,9,1.2,66.0,3.909,-3.7,0,1,28788
2026-04-14T22:20:49,9.453098,-79.915474,17.9,11.43,357.5,10,1.1,65.9,3.911,-4.0,0,1,28789
2026-04-14T22:21:18,9.454525,-79.915642,18.2,10.69,357.8,8,1.9,66.6,3.909,-3.7,0,1,28790
2026-04-14T22:21:47,9.455992,-79.915756,21.2,10.52,352.3,9,1.4,65.9,3.909,-4.0,0,1,28791
2026-04-14T22:22:16,9.457474,-79.915840,17.8,11.44,349.4,9,1.4,66.0,3.910,-3.7,0,1,28792
2026-04-14T22:22:44,9.458900,-79.915947,16.8,11.00,353.3,9,1.4,66.0,3.909,-3.7,0,1,28793
2026-04-14T22:23:13,9.460355,-79.916245,26.5,10.36,348.8,9,1.2,65.9,3.914,-4.0,0,1,28794
2026-04-14T22:23:42,9.461812,-79.916580,33.3,11.35,347.3,7,2.0,65.9,3.909,-4.0,0,1,28795
2026-04-14T22:24:11,9.463279,-79.916893,32.5,11.21,347.6,8,1.3,65.9,3.908,-4.0,0,1,28796
2026-04-14T22:24:39,9.464541,-79.916962,21.6,10.22,348.1,8,1.6,65.9,3.910,-4.0,0,1,28797
2026-04-14T22:25:08,9.466015,-79.917191,9.6,10.50,344.9,8,1.6,66.1,3.910,-4.0,0,1,28798
2026-04-14T22:25:37,9.467423,-79.917473,7.5,10.38,347.2,8,1.6,65.7,3.909,-3.7,0,1,28799
2026-04-14T22:26:06,9.468816,-79.917816,1.6,10.79,348.7,9,1.4,65.9,3.909,-4.0,0,1,28800
2026-04-14T22:26:34,9.470184,-79.918121,-0.4,11.03,347.1,9,1.4,65.7,3.909,-3.7,0,1,28801
2026-04-14T22:27:03,9.471601,-79.918480,-2.5,10.79,344.9,9,1.4,66.0,3.908,-3.7,0,1,28802
2026-04-14T22:27:32,9.472999,-79.918831,-6.9,10.70,342.5,9,1.4,65.9,3.906,-4.0,0,1,28803
2026-04-14T22:28:01,9.474429,-79.919159,0.7,11.57,346.6,9,1.4,65.7,3.909,-3.7,0,1,28804
2026-04-14T22:28:29,9.475804,-79.919411,0.6,10.60,345.6,9,1.4,66.0,3.908,-3.7,0,1,28805
2026-04-14T22:28:58,9.477233,-79.919762,-4.9,11.40,347.3,10,1.1,66.0,3.909,-3.7,0,1,28806
2026-04-14T22:29:27,9.478619,-79.920113,-4.4,10.17,346.3,11,1.0,65.9,3.906,-4.0,0,1,28807
2026-04-14T22:29:56,9.480033,-79.920433,1.9,10.57,347.4,9,1.4,65.7,3.909,-3.7,0,1,28808
2026-04-14T22:30:24,9.481410,-79.920708,-2.9,11.05,343.1,7,1.5,65.7,3.910,-3.7,0,1,28809
2026-04-14T22:30:53,9.482850,-79.921043,7.8,10.50,347.0,7,1.5,66.0,3.908,-3.7,0,1,28810
2026-04-14T22:31:22,9.484272,-79.921417,11.9,11.04,349.2,7,1.5,65.6,3.908,-4.0,0,1,28811
2026-04-14T22:31:51,9.485740,-79.921776,10.4,10.87,351.5,7,1.5,65.6,3.908,-4.0,0,1,28812
2026-04-14T22:32:19,9.487119,-79.922096,17.1,10.67,347.7,7,1.5,65.4,3.908,-3.7,0,1,28813
2026-04-14T22:32:48,9.488520,-79.922462,19.7,11.16,347.6,7,1.5,65.7,3.905,-3.7,0,1,28814
2026-04-14T22:33:17,9.489960,-79.922806,18.9,11.02,350.0,7,1.5,65.6,3.905,-4.0,0,1,28815
2026-04-14T22:33:46,9.491392,-79.923149,21.0,10.43,346.2,8,1.2,65.6,3.906,-4.0,0,1,28816
2026-04-14T22:34:14,9.492777,-79.923508,21.4,10.66,348.3,8,1.4,65.6,3.906,-4.0,0,1,28817
2026-04-14T22:34:43,9.494212,-79.923859,27.0,9.99,340.5,8,1.4,65.7,3.906,-3.7,0,1,28818
2026-04-14T22:35:12,9.495653,-79.924286,27.6,10.91,347.6,7,1.5,65.3,3.909,-4.0,0,1,28819
2026-04-14T22:35:41,9.497092,-79.924599,28.6,10.99,348.0,7,1.5,65.6,3.905,-4.0,0,1,28820
2026-04-14T22:36:09,9.498480,-79.924911,31.9,11.10,347.1,8,1.4,65.4,3.906,-3.7,0,1,28821
2026-04-14T22:36:38,9.499948,-79.925217,31.3,10.08,346.4,8,1.4,65.6,3.902,-4.0,0,1,28822
2026-04-14T22:37:07,9.501347,-79.925575,32.0,10.91,346.7,8,1.4,65.7,3.909,-3.7,0,1,28823
2026-04-14T22:37:36,9.502840,-79.925827,29.0,10.43,353.6,8,1.4,65.6,3.905,-4.0,0,1,28824
2026-04-14T22:38:05,9.504283,-79.926163,33.7,10.32,351.0,8,1.4,65.6,3.910,-4.0,0,1,28825
2026-04-14T22:38:34,9.505725,-79.926514,32.1,11.78,350.6,9,1.1,65.7,3.905,-3.7,0,1,28826
2026-04-14T22:39:03,9.507192,-79.926796,30.0,11.10,353.7,7,1.5,65.6,3.901,-4.0,0,1,28827
2026-04-14T22:39:32,9.508641,-79.927101,32.3,10.65,354.0,7,1.5,65.4,3.904,-3.7,0,1,28828
2026-04-14T22:40:01,9.510088,-79.927429,31.8,10.77,350.9,7,1.5,65.6,3.906,-4.0,0,1,28829
2026-04-14T22:40:30,9.511545,-79.927773,32.8,10.82,350.0,7,1.5,65.4,3.908,-3.7,0,1,28830
2026-04-14T22:40:59,9.512995,-79.928123,30.8,10.77,346.3,8,1.4,65.4,3.904,-3.7,0,1,28831
2026-04-14T22:41:28,9.514401,-79.928452,29.2,10.30,349.3,6,1.6,65.4,3.905,-3.7,0,1,28832
2026-04-14T22:41:57,9.515904,-79.928757,29.7,10.55,351.6,8,1.3,65.4,3.902,-3.7,0,1,28833
2026-04-14T22:42:26,9.517400,-79.929031,28.1,11.93,351.1,7,1.5,65.3,3.904,-4.0,0,1,28834
2026-04-14T22:42:55,9.518865,-79.929405,30.5,11.50,350.0,9,1.1,65.4,3.904,-3.7,0,1,28835
2026-04-14T22:43:24,9.520289,-79.929726,31.4,11.31,349.9,7,1.5,65.6,3.908,-4.0,0,1,28836
2026-04-14T22:43:53,9.521787,-79.930008,28.3,11.35,349.8,9,1.1,65.4,3.901,-3.7,0,1,28837
2026-04-14T22:44:22,9.523256,-79.930351,20.2,10.95,352.1,8,1.3,65.4,3.904,-3.7,0,1,28838
2026-04-14T22:44:51,9.524733,-79.930679,17.9,11.64,349.6,7,1.5,65.6,3.904,-4.0,0,1,28839
2026-04-14T22:45:20,9.526200,-79.930992,19.7,11.24,348.2,7,1.5,65.3,3.902,-4.0,0,1,28840
2026-04-14T22:45:49,9.527686,-79.931305,23.0,10.78,353.4,7,1.4,65.4,3.902,-3.7,0,1,28841
2026-04-14T22:46:18,9.529136,-79.931595,22.6,10.95,347.4,7,1.4,65.4,3.908,-3.7,0,1,28842
2026-04-14T22:46:47,9.530608,-79.931946,20.1,11.20,348.4,8,1.2,65.1,3.904,-3.7,0,1,28843
2026-04-14T22:47:16,9.532108,-79.932274,5.4,10.83,347.8,7,1.4,65.1,3.901,-3.7,0,1,28844
2026-04-14T22:47:45,9.533617,-79.932556,-0.7,11.54,351.6,7,1.4,65.3,3.902,-4.0,0,1,28845
2026-04-14T22:48:14,9.535092,-79.932831,-4.1,10.99,349.7,8,1.2,65.4,3.899,-3.7,0,1,28846
2026-04-14T22:48:43,9.536583,-79.933243,-2.4,11.55,344.7,8,1.2,65.3,3.905,-4.0,0,1,28847
2026-04-14T22:49:12,9.538064,-79.933502,-0.8,10.67,347.7,7,1.4,65.1,3.901,-3.7,0,1,28848
2026-04-14T22:49:41,9.539578,-79.933891,-0.7,11.53,348.3,7,1.4,65.1,3.901,-3.7,0,1,28849
2026-04-14T22:50:10,9.541030,-79.934143,-1.8,10.41,346.2,7,1.4,65.1,3.901,-3.7,0,1,28850
2026-04-14T22:50:39,9.542507,-79.934471,2.1,11.14,357.0,7,1.4,65.3,3.901,-4.0,0,1,28851
2026-04-14T22:51:08,9.543995,-79.934914,7.0,10.95,347.2,7,1.4,65.1,3.901,-3.7,0,1,28852
2026-04-14T22:51:37,9.545454,-79.935234,5.1,11.08,349.4,7,1.4,65.3,3.905,-4.0,0,1,28853
2026-04-14T22:52:06,9.546922,-79.935623,4.7,11.88,350.2,7,1.4,65.0,3.900,-4.0,0,1,28854
2026-04-14T22:52:35,9.548348,-79.935944,3.9,10.72,348.4,7,1.4,65.1,3.900,-3.7,0,1,28855
2026-04-14T22:53:04,9.549818,-79.936317,4.5,10.75,349.8,6,1.5,65.1,3.900,-3.7,0,1,28856
2026-04-14T22:53:33,9.551342,-79.936668,8.8,10.87,347.1,7,1.4,65.0,3.900,-4.0,0,1,28857
2026-04-14T22:54:02,9.552876,-79.936981,14.8,10.83,346.3,7,1.4,65.1,3.901,-3.7,0,1,28858
2026-04-14T22:54:31,9.554343,-79.937378,13.8,10.95,345.5,7,1.4,65.0,3.905,-4.0,0,1,28859
2026-04-14T22:55:00,9.555800,-79.937828,12.8,10.20,349.3,6,1.8,65.0,3.900,-4.0,0,1,28860
2026-04-14T22:55:29,9.557286,-79.938217,8.2,10.86,348.8,6,1.8,65.1,3.901,-3.7,0,1,28861
2026-04-14T22:55:58,9.558772,-79.938576,3.5,10.72,346.4,7,1.4,65.0,3.899,-4.0,0,1,28862
2026-04-14T22:56:27,9.560217,-79.938950,3.0,11.32,344.3,7,1.4,65.0,3.899,-4.0,0,1,28863
2026-04-14T22:56:56,9.561692,-79.939339,11.7,11.38,349.9,7,1.4,65.3,3.905,-4.0,0,1,28864
2026-04-14T22:57:25,9.563108,-79.939766,24.5,11.23,345.6,7,1.4,65.1,3.899,-3.7,0,1,28865
2026-04-14T22:57:54,9.564569,-79.940140,24.5,10.98,350.5,8,1.1,65.0,3.899,1730.1,0,1,28866
2026-04-14T22:58:23,9.566038,-79.940567,25.7,10.71,344.0,7,1.4,64.8,3.899,-3.7,0,1,28867
2026-04-14T22:58:52,9.567490,-79.941063,22.0,11.56,347.0,8,1.1,65.1,3.899,-3.7,0,1,28868
2026-04-14T22:59:21,9.568978,-79.941383,15.3,11.11,347.3,8,1.1,65.0,3.900,-4.0,0,1,28869
2026-04-14T22:59:50,9.570438,-79.941681,11.4,11.26,346.2,7,1.4,64.7,3.902,-4.0,0,1,28870
2026-04-14T23:00:19,9.571913,-79.942139,12.1,11.56,346.6,6,1.7,65.0,3.898,-4.0,0,1,28871
2026-04-14T23:00:48,9.573361,-79.942589,6.4,11.12,345.1,7,1.4,65.0,3.898,-4.0,0,1,28872
2026-04-14T23:01:17,9.574869,-79.942924,4.7,11.33,341.3,7,1.4,64.8,3.900,-3.7,0,1,28873
2026-04-14T23:01:46,9.576336,-79.943367,2.1,11.85,342.9,7,1.4,64.8,3.898,-3.7,0,1,28874
2026-04-14T23:02:15,9.577814,-79.943741,2.8,11.12,343.9,8,1.1,65.3,3.896,-4.0,0,1,28875
2026-04-14T23:02:44,9.579303,-79.944183,0.1,12.64,347.7,8,1.1,64.7,3.902,-4.0,0,1,28876
2026-04-14T23:03:13,9.580774,-79.944611,-1.5,11.31,345.1,7,1.3,64.7,3.896,-4.0,0,1,28877
2026-04-14T23:03:42,9.582237,-79.945061,-2.5,10.59,347.3,7,1.4,64.8,3.898,-3.7,0,1,28878
2026-04-14T23:04:11,9.583754,-79.945534,0.0,11.31,344.4,7,1.3,65.1,3.898,-3.7,0,1,28879
2026-04-14T23:04:40,9.585236,-79.945999,1.6,11.16,338.3,8,1.1,64.7,3.896,-4.0,0,1,28880
2026-04-14T23:05:09,9.586685,-79.946449,5.5,12.25,344.8,8,1.1,64.6,3.895,-3.7,0,1,28881
2026-04-14T23:05:38,9.588134,-79.946938,10.1,11.33,345.9,8,1.2,64.7,3.900,-4.0,0,1,28882
2026-04-14T23:06:07,9.589545,-79.947433,13.0,11.18,346.5,7,1.3,64.3,3.894,-3.7,0,1,28883
2026-04-14T23:06:36,9.591017,-79.947830,18.5,11.40,342.4,7,1.3,65.0,3.898,-4.0,0,1,28884
2026-04-14T23:07:05,9.592460,-79.948349,16.6,11.72,340.6,8,1.1,64.8,3.898,-3.7,0,1,28885
2026-04-14T23:07:34,9.593940,-79.948799,16.8,10.49,337.0,8,1.1,64.6,3.895,-3.7,0,1,28886
2026-04-14T23:08:03,9.595413,-79.949310,14.4,12.07,340.7,7,1.3,64.7,3.900,-4.0,0,1,28887
2026-04-14T23:08:32,9.596878,-79.949768,13.7,11.37,343.5,8,1.1,64.6,3.896,-3.7,0,1,28888
2026-04-14T23:09:01,9.598352,-79.950272,8.6,11.52,344.0,7,1.3,64.6,3.895,-3.7,0,1,28889
2026-04-14T23:09:30,9.599815,-79.950783,5.6,10.99,344.0,7,1.3,64.8,3.896,-3.7,0,1,28890
2026-04-14T23:09:59,9.601296,-79.951248,8.5,11.89,339.2,6,1.4,64.4,3.894,-4.0,0,1,28891
2026-04-14T23:10:28,9.602768,-79.951721,2.3,11.26,344.3,7,1.3,64.7,3.896,-4.0,0,1,28892
2026-04-14T23:10:57,9.604243,-79.952148,-0.1,11.71,342.2,7,1.3,64.7,3.900,-4.0,0,1,28893
2026-04-14T23:11:26,9.605683,-79.952675,-3.6,12.25,338.1,7,1.3,64.4,3.896,-4.0,0,1,28894
2026-04-14T23:11:55,9.607157,-79.953117,-6.5,11.31,340.0,6,1.7,64.6,3.895,-3.7,0,1,28895
2026-04-14T23:12:24,9.608624,-79.953590,-15.1,10.96,342.8,7,1.3,64.6,3.895,-3.7,0,1,28896
2026-04-14T23:12:53,9.610135,-79.954025,-25.2,11.93,346.7,8,1.1,64.4,3.895,-4.0,0,1,28897
2026-04-14T23:13:22,9.611598,-79.954529,-28.5,11.43,338.9,6,1.7,64.6,3.894,-3.7,0,1,28898
2026-04-14T23:13:51,9.613060,-79.955009,-31.4,11.97,341.8,7,1.3,64.6,3.899,-3.7,0,1,28899
2026-04-14T23:14:20,9.614533,-79.955460,-33.4,11.31,342.4,6,1.7,64.4,3.895,-4.0,0,1,28900
2026-04-14T23:14:49,9.615995,-79.955971,-31.3,10.94,339.6,7,1.3,64.3,3.891,-3.7,0,1,28901
2026-04-14T23:15:18,9.617445,-79.956459,-19.6,11.72,343.0,7,1.3,64.3,3.895,-3.7,0,1,28902
2026-04-14T23:15:47,9.618860,-79.956978,-16.4,11.03,344.3,7,1.3,64.4,3.895,-4.0,0,1,28903
2026-04-14T23:16:16,9.620333,-79.957413,-18.1,11.81,342.9,6,1.7,64.4,3.900,-4.0,0,1,28904
2026-04-14T23:16:45,9.621783,-79.957909,-16.9,11.58,342.1,7,1.3,64.3,3.895,-3.7,0,1,28905
2026-04-14T23:17:14,9.623256,-79.958366,-19.1,11.49,340.4,6,1.7,64.4,3.895,-4.0,0,1,28906
2026-04-14T23:17:43,9.624696,-79.958900,-18.0,11.89,345.2,6,1.7,64.3,3.894,-3.7,0,1,28907
2026-04-14T23:18:12,9.626100,-79.959488,-17.0,11.23,335.9,8,1.1,64.3,3.890,-3.7,0,1,28908
2026-04-14T23:18:41,9.627568,-79.959938,-22.6,11.09,344.5,7,1.3,64.1,3.892,-4.0,0,1,28909
2026-04-14T23:19:10,9.629039,-79.960358,-27.3,11.69,338.4,7,1.3,64.3,3.898,-3.7,0,1,28910
2026-04-14T23:19:39,9.630479,-79.960869,-31.5,11.38,341.7,8,1.1,64.1,3.895,-4.0,0,1,28911
2026-04-14T23:20:08,9.631948,-79.961357,-34.4,11.80,348.6,7,1.3,64.1,3.894,-4.0,0,1,28912
2026-04-14T23:20:37,9.633446,-79.961769,-25.1,10.94,341.9,7,1.3,64.4,3.890,-4.0,0,1,28913
2026-04-14T23:21:06,9.634917,-79.962212,-19.4,10.79,347.3,7,1.3,64.3,3.894,-3.7,0,1,28914
2026-04-14T23:21:35,9.636353,-79.962692,-10.4,11.03,339.7,7,1.3,64.0,3.894,1703.3,0,1,28915
2026-04-14T23:22:04,9.637816,-79.963135,-1.0,11.42,343.6,7,1.3,64.1,3.899,-4.0,0,1,28916
2026-04-14T23:22:33,9.639292,-79.963570,2.5,11.34,342.8,6,1.7,64.0,3.892,-3.7,0,1,28917
2026-04-14T23:23:02,9.640723,-79.964066,6.6,10.82,342.0,7,1.3,64.4,3.894,-4.0,0,1,28918
2026-04-14T23:23:31,9.642187,-79.964493,4.9,10.95,338.8,6,1.7,64.1,3.892,1707.1,0,1,28919
2026-04-14T23:24:00,9.643577,-79.965118,2.9,11.02,335.6,6,1.7,64.1,3.892,-4.0,0,1,28920
2026-04-14T23:24:29,9.645029,-79.965622,-7.9,11.00,340.9,7,1.3,64.4,3.896,-4.0,0,1,28921
2026-04-14T23:24:58,9.646540,-79.966057,-13.6,11.52,344.5,7,1.3,64.1,3.890,-4.0,0,1,28922
2026-04-14T23:25:27,9.648004,-79.966545,-10.8,12.50,344.0,8,1.1,64.0,3.891,-3.7,0,1,28923
2026-04-14T23:25:56,9.649464,-79.967041,-1.3,11.70,342.6,7,1.2,64.4,3.891,-4.0,0,1,28924
2026-04-14T23:26:25,9.650938,-79.967529,-2.7,11.59,340.5,8,1.1,64.0,3.892,-3.7,0,1,28925
2026-04-14T23:26:54,9.652437,-79.967995,2.8,11.22,341.2,7,1.3,64.0,3.892,-3.7,0,1,28926
2026-04-14T23:27:23,9.653947,-79.968353,11.9,11.83,340.4,7,1.4,64.3,3.895,-3.7,0,1,28927
2026-04-14T23:27:52,9.655416,-79.968849,18.5,11.53,343.1,7,1.4,64.0,3.892,-3.7,0,1,28928
2026-04-14T23:28:21,9.656916,-79.969238,13.0,11.22,342.7,8,1.2,64.1,3.892,-4.0,0,1,28929
2026-04-14T23:28:50,9.658420,-79.969673,15.8,11.99,342.5,8,1.1,64.0,3.888,-3.7,0,1,28930
2026-04-14T23:29:19,9.659926,-79.970093,16.9,12.06,341.8,7,1.4,64.0,3.891,-3.7,0,1,28931
2026-04-14T23:29:48,9.661415,-79.970558,23.2,11.57,342.4,8,1.3,64.0,3.890,-3.7,0,1,28932
2026-04-14T23:30:17,9.662940,-79.971001,24.8,11.73,344.7,8,1.1,63.7,3.894,-3.7,0,1,28933
2026-04-14T23:30:46,9.664476,-79.971359,21.2,11.82,346.8,6,2.2,63.8,3.890,-4.0,0,1,28934
2026-04-14T23:31:14,9.665952,-79.971649,4.0,12.06,350.7,7,1.5,64.0,3.891,-3.7,0,1,28935
2026-04-14T23:31:43,9.667626,-79.971863,-5.0,11.27,346.6,7,1.5,63.8,3.894,-4.0,0,1,28936
2026-04-14T23:32:12,9.669149,-79.971855,5.3,10.26,1.8,8,1.5,63.8,3.891,-4.0,0,1,28937
2026-04-14T23:32:41,9.670743,-79.972008,14.9,11.35,355.7,7,1.5,63.4,3.890,-3.7,0,1,28938
2026-04-14T23:33:09,9.672290,-79.972031,29.5,11.82,359.7,8,1.5,63.5,3.888,-4.0,0,1,28939
2026-04-14T23:33:38,9.673840,-79.972038,38.9,11.89,1.2,8,1.5,63.8,3.894,-4.0,0,1,28940
2026-04-14T23:34:07,9.675447,-79.971840,37.8,11.35,4.7,8,1.5,63.5,3.891,-4.0,0,1,28941
2026-04-14T23:34:36,9.676992,-79.971695,36.2,11.99,5.4,8,1.5,63.7,3.890,-3.7,0,1,28942
2026-04-14T23:35:04,9.678482,-79.971794,37.4,11.87,357.7,7,1.5,63.7,3.886,-3.7,0,1,28943
2026-04-14T23:35:33,9.680056,-79.971657,32.9,10.96,2.7,8,1.5,63.8,3.894,-4.0,0,1,28944
2026-04-14T23:36:02,9.681620,-79.971542,28.6,11.28,356.5,7,2.0,63.4,3.889,-3.7,0,1,28945
2026-04-14T23:36:31,9.683184,-79.971535,29.6,11.41,2.2,8,1.5,63.5,3.890,-4.0,0,1,28946
2026-04-14T23:36:59,9.684715,-79.971313,24.1,10.33,2.8,7,1.5,63.7,3.886,-3.7,0,1,28947
2026-04-14T23:37:28,9.686278,-79.971222,24.1,11.13,2.6,7,2.0,63.5,3.894,-4.0,0,1,28948
2026-04-14T23:37:57,9.687927,-79.971184,24.6,11.12,0.0,8,1.4,63.5,3.888,-4.0,0,1,28949
2026-04-14T23:38:26,9.689482,-79.971107,28.6,11.59,359.0,8,1.4,63.3,3.889,-4.0,0,1,28950
2026-04-14T23:38:54,9.690966,-79.970848,32.6,11.66,5.9,8,1.4,63.4,3.885,-3.7,0,1,28951
2026-04-14T23:39:23,9.692509,-79.970764,29.8,11.29,352.9,8,1.4,63.7,3.894,-3.7,0,1,28952
2026-04-14T23:39:52,9.694049,-79.970627,26.4,11.36,5.9,8,1.4,63.5,3.889,-4.0,0,1,28953
2026-04-14T23:40:21,9.695625,-79.970551,26.7,11.25,5.3,8,1.4,63.7,3.888,1695.6,0,1,28954
2026-04-14T23:40:49,9.697120,-79.970360,27.1,11.23,2.9,9,1.2,63.3,3.884,-4.0,0,1,28955
2026-04-14T23:41:18,9.698678,-79.970284,31.3,11.53,3.5,9,1.2,63.5,3.892,-4.0,0,1,28956
2026-04-14T23:41:47,9.700231,-79.970222,33.5,11.42,6.5,9,1.2,63.7,3.886,-3.7,0,1,28957
2026-04-14T23:42:16,9.701812,-79.969986,17.2,11.60,7.0,10,1.0,63.5,3.889,-4.0,0,1,28958
2026-04-14T23:42:44,9.703317,-79.969955,14.6,10.98,360.0,8,1.6,63.3,3.884,-4.0,0,1,28959
2026-04-14T23:43:13,9.704906,-79.969780,12.0,11.72,4.5,8,1.6,63.5,3.891,-4.0,0,1,28960
2026-04-14T23:43:42,9.706437,-79.969749,14.4,11.56,3.8,10,1.0,63.5,3.888,-4.0,0,1,28961
2026-04-14T23:44:11,9.708010,-79.969650,15.8,11.15,4.9,8,1.6,63.4,3.886,-3.7,0,1,28962
2026-04-14T23:44:39,9.709526,-79.969574,13.5,11.52,2.7,8,1.6,63.4,3.884,-3.7,0,1,28963
2026-04-14T23:45:08,9.711077,-79.969467,17.4,11.99,359.4,8,1.6,63.5,3.891,-4.0,0,1,28964
2026-04-14T23:45:37,9.712639,-79.969398,15.1,11.35,358.5,8,1.6,63.4,3.888,-3.7,0,1,28965
2026-04-14T23:46:06,9.714160,-79.969185,8.4,10.98,3.3,8,1.6,63.3,3.886,-4.0,0,1,28966
2026-04-14T23:46:34,9.715708,-79.969170,6.6,11.48,3.2,8,1.6,63.3,3.882,-4.0,0,1,28967
2026-04-14T23:47:03,9.717275,-79.969101,8.9,11.16,8.3,8,1.6,63.3,3.889,-4.0,0,1,28968
2026-04-14T23:47:32,9.718859,-79.969093,16.1,11.46,1.3,7,1.7,63.0,3.888,-4.0,0,1,28969
2026-04-14T23:48:01,9.720398,-79.969040,20.2,11.41,4.7,7,1.7,63.1,3.886,-3.7,0,1,28970
2026-04-14T23:48:29,9.721896,-79.968971,21.2,11.56,0.9,9,1.2,63.3,3.882,-4.0,0,1,28971
2026-04-14T23:48:58,9.723460,-79.968910,27.6,12.36,2.5,8,1.6,63.7,3.884,-3.7,0,1,28972
2026-04-14T23:49:27,9.725015,-79.968819,30.0,11.86,0.1,8,1.6,63.1,3.890,-3.7,0,1,28973
2026-04-14T23:49:56,9.726583,-79.968788,42.6,14.88,3.0,9,1.1,63.3,3.886,-4.0,0,1,28974
2026-04-14T23:50:24,9.728065,-79.968697,45.4,11.07,4.5,7,1.7,63.3,3.882,-4.0,0,1,28975
2026-04-14T23:50:53,9.729602,-79.968620,45.0,11.09,2.4,7,1.7,63.4,3.890,-3.7,0,1,28976
2026-04-14T23:51:22,9.731147,-79.968582,39.7,11.28,359.5,6,1.8,63.4,3.885,-3.7,0,1,28977
2026-04-14T23:51:51,9.732711,-79.968498,40.1,11.42,1.4,8,1.5,63.4,3.882,-3.7,0,1,28978
2026-04-14T23:52:19,9.734212,-79.968430,40.2,11.37,1.3,7,1.6,63.0,3.882,-4.0,0,1,28979
2026-04-14T23:52:48,9.735785,-79.968414,37.0,11.91,4.7,7,1.6,63.3,3.890,-4.0,0,1,28980
2026-04-14T23:53:17,9.737352,-79.968323,37.5,10.75,2.4,7,1.6,63.0,3.884,-4.0,0,1,28981
2026-04-14T23:53:46,9.738883,-79.968338,32.6,11.47,359.4,7,1.6,62.8,3.885,-3.7,0,1,28982
2026-04-14T23:54:14,9.740391,-79.968208,33.2,10.93,359.1,6,1.9,62.8,3.881,-3.7,0,1,28983
2026-04-14T23:54:43,9.741959,-79.968178,28.5,11.50,360.0,7,1.6,63.3,3.884,-4.0,0,1,28984
2026-04-14T23:55:12,9.743539,-79.968185,31.4,11.68,2.3,7,1.6,63.1,3.889,-3.7,0,1,28985
2026-04-14T23:55:41,9.745100,-79.968124,39.1,11.39,1.3,9,1.1,63.0,3.882,-4.0,0,1,28986
2026-04-14T23:56:09,9.746641,-79.968140,37.7,10.77,1.5,8,1.5,63.0,3.880,-4.0,0,1,28987
2026-04-14T23:56:38,9.748178,-79.968002,38.4,12.48,1.1,8,1.5,63.1,3.889,-3.7,0,1,28988
2026-04-14T23:57:07,9.749755,-79.967888,45.6,11.96,3.1,9,1.1,63.0,3.882,-4.0,0,1,28989
2026-04-14T23:57:36,9.751302,-79.967766,46.9,11.40,1.6,8,1.5,62.8,3.882,-3.7,0,1,28990
2026-04-14T23:58:04,9.752882,-79.967522,37.5,11.52,5.9,10,1.1,63.0,3.875,-4.0,0,1,28991
2026-04-14T23:58:33,9.754443,-79.967453,33.2,10.66,3.9,9,1.1,63.1,3.882,-3.7,0,1,28992
2026-04-14T23:59:02,9.756037,-79.967415,28.4,11.74,357.7,9,1.4,62.7,3.888,-4.0,0,1,28993
2026-04-14T23:59:31,9.757648,-79.967262,32.1,11.62,4.3,10,1.1,62.7,3.884,-4.0,0,1,28994
2026-04-14T23:59:59,9.759192,-79.967171,29.6,11.63,358.1,10,1.1,62.7,3.881,-4.0,0,1,28995
