datetime,lat,lon,alt_m,speed_kts,cog,satellites,hdop,battery_pct,battery_v,charge_rate,rtc_bat_low,fix,boot
2026-04-27T00:00:27,17.852560,-48.983158,-62.7,13.52,73.6,8,2.2,103.0,4.205,-4.2,0,1,54786
2026-04-27T00:00:56,17.853329,-48.981403,-60.9,12.46,70.0,8,2.2,102.9,4.205,-4.4,0,1,54787
2026-04-27T00:01:25,17.854223,-48.979671,-57.8,13.72,64.4,7,2.2,103.0,4.206,-4.2,0,1,54788
2026-04-27T00:01:54,17.854956,-48.977924,-58.8,13.69,63.2,8,2.2,103.4,4.207,-4.2,0,1,54789
2026-04-27T00:02:23,17.855679,-48.976158,-54.3,14.17,66.5,8,2.2,102.9,4.207,-4.4,0,1,54790
2026-04-27T00:02:52,17.856417,-48.974369,-50.6,13.59,59.2,8,2.1,103.2,4.206,-4.2,0,1,54791
2026-04-27T00:03:21,17.857056,-48.972664,-45.3,13.36,65.7,8,2.1,102.9,4.206,-4.4,0,1,54792
2026-04-27T00:03:50,17.857685,-48.970928,-57.6,12.80,68.1,9,1.3,103.2,4.204,-4.2,0,1,54793
2026-04-27T00:04:19,17.858454,-48.969166,-63.1,14.41,63.3,8,2.1,102.9,4.205,-4.4,0,1,54794
2026-04-27T00:04:48,17.859276,-48.967381,-61.2,13.83,67.8,8,2.1,102.9,4.205,-4.4,0,1,54795
2026-04-27T00:05:17,17.860046,-48.965668,-56.3,14.19,66.2,7,2.1,103.0,4.206,-4.2,0,1,54796
2026-04-27T00:05:46,17.860842,-48.963905,-51.0,14.86,58.5,9,1.3,103.0,4.206,-4.2,0,1,54797
2026-04-27T00:06:15,17.861618,-48.962158,-45.5,13.01,64.4,8,2.0,102.9,4.206,-4.4,0,1,54798
2026-04-27T00:06:44,17.862303,-48.960407,-40.8,13.12,66.5,8,2.0,103.0,4.206,-4.2,0,1,54799
2026-04-27T00:07:13,17.863169,-48.958664,-34.1,13.66,63.0,7,2.0,103.2,4.205,-4.2,0,1,54800
2026-04-27T00:07:42,17.863855,-48.956898,-36.3,13.47,66.8,8,2.0,102.9,4.205,-4.4,0,1,54801
2026-04-27T00:08:11,17.864597,-48.955116,-34.6,13.65,67.2,7,2.0,102.9,4.206,-4.4,0,1,54802
2026-04-27T00:08:40,17.865393,-48.953358,-26.5,13.45,67.6,8,2.0,102.9,4.206,-4.4,0,1,54803
2026-04-27T00:09:09,17.866158,-48.951561,-28.7,14.33,60.4,7,2.0,103.0,4.205,-4.2,0,1,54804
2026-04-27T00:09:38,17.866753,-48.949806,-26.1,13.41,69.8,8,1.9,102.9,4.206,-4.4,0,1,54805
2026-04-27T00:10:07,17.867653,-48.948036,-20.5,13.01,66.0,7,2.0,103.0,4.206,-4.2,0,1,54806
2026-04-27T00:10:36,17.868395,-48.946274,-28.3,14.03,64.6,8,1.9,102.9,4.206,-4.4,0,1,54807
2026-04-27T00:11:05,17.869156,-48.944427,-25.7,13.82,62.5,7,2.0,103.0,4.206,-4.2,0,1,54808
2026-04-27T00:11:34,17.869913,-48.942638,-25.8,13.68,70.1,7,1.9,103.0,4.205,-4.2,0,1,54809
2026-04-27T00:12:03,17.870667,-48.940880,-21.1,13.43,66.4,7,1.9,103.0,4.205,-4.2,0,1,54810
2026-04-27T00:12:32,17.871454,-48.939102,-16.0,13.30,67.6,7,1.9,102.9,4.205,-4.4,0,1,54811
2026-04-27T00:13:01,17.872213,-48.937336,-5.1,13.50,65.9,7,1.9,102.9,4.206,-4.4,0,1,54812
2026-04-27T00:13:30,17.872953,-48.935581,-1.3,14.30,60.2,7,1.9,102.9,4.206,-4.4,0,1,54813
2026-04-27T00:13:59,17.873634,-48.933819,-1.7,14.49,69.4,7,1.9,102.9,4.204,-4.4,0,1,54814
2026-04-27T00:14:28,17.874350,-48.932072,-6.6,14.04,66.2,7,1.9,103.0,4.206,-4.2,0,1,54815
2026-04-27T00:14:57,17.875118,-48.930302,-1.2,13.14,66.5,7,1.9,103.0,4.205,-4.2,0,1,54816
2026-04-27T00:15:26,17.875874,-48.928608,2.5,13.84,63.3,7,1.8,102.9,4.205,-4.4,0,1,54817
2026-04-27T00:15:55,17.876703,-48.926868,2.6,13.78,65.0,7,1.8,103.0,4.205,-4.2,0,1,54818
2026-04-27T00:16:24,17.877438,-48.925091,7.6,13.09,66.0,7,1.8,102.9,4.207,-4.4,0,1,54819
2026-04-27T00:16:53,17.878195,-48.923317,11.6,13.60,62.0,7,1.8,103.0,4.206,-4.2,0,1,54820
2026-04-27T00:17:22,17.878954,-48.921589,14.0,13.37,61.6,7,1.8,103.0,4.205,-4.2,0,1,54821
2026-04-27T00:17:51,17.879644,-48.919807,12.2,13.78,68.6,7,1.8,103.2,4.206,-4.2,0,1,54822
2026-04-27T00:18:20,17.880297,-48.917934,17.0,13.50,68.1,7,1.8,102.9,4.206,-4.4,0,1,54823
2026-04-27T00:18:49,17.881071,-48.916206,14.8,14.11,68.2,7,1.8,102.9,4.206,-4.4,0,1,54824
2026-04-27T00:19:18,17.881813,-48.914452,14.9,13.69,63.0,7,1.8,103.2,4.205,-4.2,0,1,54825
2026-04-27T00:19:47,17.882574,-48.912704,16.2,13.29,68.2,7,1.7,102.9,4.205,-4.4,0,1,54826
2026-04-27T00:20:16,17.883224,-48.910900,16.1,13.06,67.5,7,1.7,102.9,4.205,-4.4,0,1,54827
2026-04-27T00:20:45,17.884020,-48.909134,19.7,14.26,69.9,7,1.7,103.2,4.205,-4.2,0,1,54828
2026-04-27T00:21:14,17.884764,-48.907379,27.1,13.39,70.7,7,1.7,103.2,4.205,-4.2,0,1,54829
2026-04-27T00:21:43,17.885515,-48.905586,24.9,13.73,67.4,7,1.7,102.9,4.204,-4.4,0,1,54830
2026-04-27T00:22:12,17.886215,-48.903809,22.6,14.27,65.5,7,1.7,102.9,4.205,-4.4,0,1,54831
2026-04-27T00:22:41,17.886999,-48.902073,26.7,13.52,62.1,6,2.0,102.9,4.206,-4.4,0,1,54832
2026-04-27T00:23:10,17.887754,-48.900284,34.0,12.76,63.8,7,1.7,102.9,4.206,-4.4,0,1,54833
2026-04-27T00:23:39,17.888439,-48.898514,27.1,13.40,64.5,7,1.7,102.9,4.205,-4.4,0,1,54834
2026-04-27T00:24:08,17.889122,-48.896770,15.3,11.82,61.5,6,1.9,103.0,4.206,-4.2,0,1,54835
2026-04-27T00:24:37,17.889814,-48.894958,26.9,13.30,71.5,7,1.6,102.9,4.206,-4.4,0,1,54836
2026-04-27T00:25:06,17.890638,-48.893246,33.4,13.33,63.0,6,1.9,103.0,4.205,-4.2,0,1,54837
2026-04-27T00:25:35,17.891405,-48.891483,38.9,13.13,66.4,7,1.8,102.9,4.205,2738.9,0,1,54838
2026-04-27T00:26:04,17.892170,-48.889698,34.9,12.87,69.7,7,1.8,103.0,4.205,-4.2,0,1,54839
2026-04-27T00:26:33,17.892883,-48.887947,29.4,12.80,65.8,8,1.6,103.0,4.206,-4.2,0,1,54840
2026-04-27T00:27:02,17.893633,-48.886162,30.9,14.57,69.7,7,1.8,103.2,4.205,-4.2,0,1,54841
2026-04-27T00:27:31,17.894341,-48.884468,23.0,13.52,65.4,7,1.8,103.0,4.206,-4.2,0,1,54842
2026-04-27T00:28:00,17.895079,-48.882755,16.7,13.34,62.3,7,1.8,103.2,4.205,-4.2,0,1,54843
2026-04-27T00:28:29,17.895819,-48.881039,11.4,12.28,63.7,8,1.5,103.2,4.206,-4.2,0,1,54844
2026-04-27T00:28:58,17.896582,-48.879284,10.1,12.69,63.1,7,1.8,102.9,4.205,-4.4,0,1,54845
2026-04-27T00:29:27,17.897158,-48.877441,-5.9,13.55,69.8,7,1.8,103.0,4.206,-4.2,0,1,54846
2026-04-27T00:29:56,17.897921,-48.875645,-2.5,13.97,70.4,7,1.8,103.0,4.206,-4.2,0,1,54847
2026-04-27T00:30:25,17.898735,-48.873928,-2.5,14.04,68.6,7,1.8,102.7,4.205,-4.2,0,1,54848
2026-04-27T00:30:54,17.899561,-48.872147,5.5,14.32,71.2,7,1.7,102.9,4.206,-4.4,0,1,54849
2026-04-27T00:31:23,17.900265,-48.870354,-10.2,13.63,64.2,7,1.7,102.9,4.206,-4.4,0,1,54850
2026-04-27T00:31:52,17.901072,-48.868557,-11.2,13.65,66.0,7,1.7,103.4,4.206,-4.2,0,1,54851
2026-04-27T00:32:21,17.901815,-48.866810,-10.9,13.53,66.2,7,1.7,103.0,4.206,-4.2,0,1,54852
2026-04-27T00:32:50,17.902578,-48.865070,-8.3,13.30,61.8,7,1.7,102.9,4.205,-4.4,0,1,54853
2026-04-27T00:33:19,17.903349,-48.863262,-10.1,13.55,65.5,7,1.7,103.2,4.206,-4.2,0,1,54854
2026-04-27T00:33:48,17.904009,-48.861546,-10.4,12.27,67.3,8,1.5,103.0,4.206,-4.2,0,1,54855
2026-04-27T00:34:17,17.904795,-48.859753,-3.9,13.04,66.5,7,1.7,103.2,4.206,-4.2,0,1,54856
2026-04-27T00:34:46,17.905565,-48.857983,-3.3,13.71,67.9,7,1.7,103.0,4.206,-4.2,0,1,54857
2026-04-27T00:35:15,17.906317,-48.856236,-7.0,13.91,64.0,7,1.7,102.7,4.205,-4.2,0,1,54858
2026-04-27T00:35:44,17.907051,-48.854473,-0.7,13.98,63.7,7,1.7,103.0,4.206,-4.2,0,1,54859
2026-04-27T00:36:13,17.907804,-48.852711,0.1,13.98,68.1,7,1.7,103.0,4.206,-4.2,0,1,54860
2026-04-27T00:36:42,17.908546,-48.850929,-0.5,14.21,62.1,7,1.7,102.9,4.206,-4.4,0,1,54861
2026-04-27T00:37:11,17.909250,-48.849209,-3.5,13.53,65.8,7,1.7,102.9,4.207,-4.4,0,1,54862
2026-04-27T00:37:40,17.909967,-48.847416,1.8,13.94,69.2,8,1.6,103.2,4.206,-4.2,0,1,54863
2026-04-27T00:38:09,17.910734,-48.845669,4.0,13.62,66.1,8,1.6,102.9,4.206,-4.4,0,1,54864
2026-04-27T00:38:38,17.911449,-48.843937,-8.7,13.01,64.8,8,1.5,103.0,4.205,-4.2,0,1,54865
2026-04-27T00:39:07,17.912186,-48.842155,-22.3,13.44,65.7,8,1.5,103.2,4.207,-4.2,0,1,54866
2026-04-27T00:39:36,17.912964,-48.840393,-13.9,13.80,64.5,8,1.5,103.2,4.205,-4.2,0,1,54867
2026-04-27T00:40:05,17.913723,-48.838634,-9.0,14.09,67.9,8,1.5,103.2,4.204,-4.2,0,1,54868
2026-04-27T00:40:34,17.914408,-48.836895,-16.1,12.67,71.9,8,1.5,103.0,4.205,-4.2,0,1,54869
2026-04-27T00:41:03,17.915201,-48.835152,-14.7,14.04,67.6,8,1.5,103.0,4.206,-4.2,0,1,54870
2026-04-27T00:41:32,17.915892,-48.833363,-10.5,13.63,66.7,8,1.5,103.0,4.206,-4.2,0,1,54871
2026-04-27T00:42:01,17.916674,-48.831638,-19.9,13.84,74.4,7,1.6,103.0,4.205,-4.2,0,1,54872
2026-04-27T00:42:30,17.917419,-48.829899,-19.2,13.79,69.9,8,1.5,103.0,4.206,-4.2,0,1,54873
2026-04-27T00:42:59,17.918232,-48.828152,-9.8,13.04,65.1,9,1.5,102.9,4.206,-4.4,0,1,54874
2026-04-27T00:43:28,17.918890,-48.826397,-15.4,14.21,71.2,9,1.5,102.9,4.206,-4.4,0,1,54875
2026-04-27T00:43:57,17.919567,-48.824657,-19.3,14.33,69.8,9,1.5,102.9,4.205,-4.4,0,1,54876
2026-04-27T00:44:26,17.920307,-48.822910,-19.6,13.19,68.8,9,1.4,102.9,4.205,-4.4,0,1,54877
2026-04-27T00:44:55,17.921085,-48.821175,-9.1,13.87,66.8,9,1.4,103.0,4.205,-4.2,0,1,54878
2026-04-27T00:45:24,17.921799,-48.819431,-4.7,11.81,65.9,9,1.4,103.0,4.205,-4.2,0,1,54879
2026-04-27T00:45:53,17.922571,-48.817669,-5.1,12.58,71.4,9,1.4,102.9,4.206,-4.4,0,1,54880
2026-04-27T00:46:22,17.923294,-48.815899,-8.6,13.83,64.5,9,1.4,103.0,4.206,-4.2,0,1,54881
2026-04-27T00:46:51,17.924013,-48.814148,-7.9,13.37,68.9,9,1.4,102.7,4.207,-4.2,0,1,54882
2026-04-27T00:47:20,17.924780,-48.812374,-1.3,12.80,65.8,9,1.4,102.7,4.205,-4.2,0,1,54883
2026-04-27T00:47:49,17.925549,-48.810604,1.8,13.85,67.9,9,1.4,103.0,4.206,-4.2,0,1,54884
2026-04-27T00:48:18,17.926254,-48.808811,0.4,13.77,69.6,9,1.4,103.0,4.206,-4.2,0,1,54885
2026-04-27T00:48:47,17.927040,-48.807049,-10.0,14.09,65.6,9,1.4,102.7,4.206,-4.2,0,1,54886
2026-04-27T00:49:16,17.927790,-48.805355,-6.6,13.51,67.6,9,1.4,103.0,4.206,-4.2,0,1,54887
2026-04-27T00:49:45,17.928478,-48.803570,-6.1,12.87,71.2,9,1.4,102.9,4.205,-4.4,0,1,54888
2026-04-27T00:50:14,17.929291,-48.801788,-0.8,13.41,65.1,9,1.4,102.9,4.205,-4.4,0,1,54889
2026-04-27T00:50:43,17.930063,-48.800053,-2.3,14.16,61.6,9,1.4,103.0,4.205,-4.2,0,1,54890
2026-04-27T00:51:12,17.930735,-48.798279,-5.9,13.66,63.4,9,1.4,102.9,4.205,-4.4,0,1,54891
2026-04-27T00:51:41,17.931465,-48.796513,-14.4,13.12,66.1,9,1.4,103.2,4.205,-4.2,0,1,54892
2026-04-27T00:52:10,17.932156,-48.794750,-16.4,13.60,66.6,9,1.4,103.2,4.206,-4.2,0,1,54893
2026-04-27T00:52:39,17.932991,-48.793003,-20.0,13.18,60.6,9,1.4,102.9,4.205,-4.4,0,1,54894
2026-04-27T00:53:08,17.933718,-48.791218,-15.8,14.17,63.0,9,1.4,103.0,4.206,-4.2,0,1,54895
2026-04-27T00:53:37,17.934515,-48.789463,-3.8,13.35,66.4,9,1.4,103.0,4.206,-4.2,0,1,54896
2026-04-27T00:54:06,17.935242,-48.787663,-4.8,13.90,66.7,9,1.3,103.0,4.205,-4.2,0,1,54897
2026-04-27T00:54:35,17.936022,-48.785915,-3.1,13.53,65.6,9,1.3,102.9,4.206,-4.4,0,1,54898
2026-04-27T00:55:04,17.936789,-48.784203,-2.6,13.34,70.9,9,1.3,103.0,4.206,-4.2,0,1,54899
2026-04-27T00:55:33,17.937559,-48.782429,1.1,13.64,66.3,8,1.4,103.2,4.206,-4.2,0,1,54900
2026-04-27T00:56:02,17.938316,-48.780613,1.6,12.95,64.2,9,1.3,102.7,4.206,-4.2,0,1,54901
2026-04-27T00:56:31,17.939178,-48.778908,2.9,14.21,53.5,9,1.3,103.0,4.206,-4.2,0,1,54902
2026-04-27T00:57:00,17.939886,-48.777107,0.9,14.37,63.4,9,1.3,103.0,4.206,-4.2,0,1,54903
2026-04-27T00:57:29,17.940619,-48.775349,0.2,13.51,68.8,9,1.3,103.0,4.207,-4.2,0,1,54904
2026-04-27T00:57:58,17.941328,-48.773586,-0.9,13.18,71.6,9,1.3,102.7,4.205,-4.2,0,1,54905
2026-04-27T00:58:27,17.942074,-48.771835,6.1,11.92,69.2,9,1.3,103.0,4.205,-4.2,0,1,54906
2026-04-27T00:58:56,17.942862,-48.770061,4.0,13.18,64.3,9,1.3,103.0,4.206,-4.2,0,1,54907
2026-04-27T00:59:25,17.943607,-48.768299,3.0,12.80,71.1,9,1.3,103.2,4.204,-4.2,0,1,54908
2026-04-27T00:59:54,17.944365,-48.766514,4.2,12.84,67.9,9,1.3,102.7,4.205,-4.2,0,1,54909
2026-04-27T01:00:23,17.945166,-48.764748,14.3,13.72,66.6,9,1.3,102.9,4.205,-4.4,0,1,54910
2026-04-27T01:00:52,17.945860,-48.762978,5.4,12.42,64.2,9,1.3,103.2,4.204,-4.2,0,1,54911
2026-04-27T01:01:21,17.946541,-48.761185,0.6,13.42,71.9,9,1.3,102.9,4.206,-4.4,0,1,54912
2026-04-27T01:01:50,17.947289,-48.759464,-1.0,13.72,72.7,9,1.3,103.2,4.205,-4.2,0,1,54913
2026-04-27T01:02:19,17.948080,-48.757671,-5.1,14.22,63.5,8,4.3,102.9,4.205,-4.4,0,1,54914
2026-04-27T01:02:48,17.948854,-48.755913,-1.5,13.90,67.7,9,1.3,102.9,4.204,-4.4,0,1,54915
2026-04-27T01:03:17,17.949518,-48.754181,-6.9,11.11,74.3,9,1.3,102.9,4.206,-4.4,0,1,54916
2026-04-27T01:03:46,17.950329,-48.752403,-5.7,14.85,67.7,9,1.3,102.9,4.207,-4.4,0,1,54917
2026-04-27T01:04:15,17.951014,-48.750671,-3.6,13.39,62.7,9,1.2,103.0,4.207,-4.2,0,1,54918
2026-04-27T01:04:44,17.951721,-48.748940,-6.6,13.93,71.7,9,1.2,103.0,4.206,-4.2,0,1,54919
2026-04-27T01:05:13,17.952570,-48.747192,-1.8,14.25,61.6,8,1.4,102.9,4.205,-4.4,0,1,54920
2026-04-27T01:05:42,17.953335,-48.745411,4.7,14.30,65.9,9,1.2,103.0,4.204,-4.2,0,1,54921
2026-04-27T01:06:11,17.954031,-48.743698,4.7,13.00,64.3,8,1.4,102.9,4.206,-4.4,0,1,54922
2026-04-27T01:06:40,17.954744,-48.741940,6.6,13.16,72.4,9,1.2,102.9,4.205,-4.4,0,1,54923
2026-04-27T01:07:09,17.955526,-48.740173,2.2,15.16,64.3,9,1.2,103.2,4.206,-4.2,0,1,54924
2026-04-27T01:07:38,17.956306,-48.738457,4.9,13.03,66.3,9,1.2,103.0,4.206,-4.2,0,1,54925
2026-04-27T01:08:07,17.957121,-48.736687,4.4,13.75,62.0,9,1.2,102.9,4.206,-4.4,0,1,54926
2026-04-27T01:08:36,17.957760,-48.734955,1.6,14.27,70.8,9,1.2,102.7,4.206,-4.2,0,1,54927
2026-04-27T01:09:05,17.958511,-48.733204,2.9,12.97,68.5,9,1.2,103.0,4.206,-4.2,0,1,54928
2026-04-27T01:09:34,17.959249,-48.731461,1.3,13.36,65.7,10,1.1,103.0,4.205,-4.2,0,1,54929
2026-04-27T01:10:03,17.959997,-48.729694,0.6,13.43,69.8,8,2.2,102.9,4.206,-4.4,0,1,54930
2026-04-27T01:10:32,17.960732,-48.727940,3.9,13.57,71.1,10,1.1,102.9,4.205,-4.4,0,1,54931
2026-04-27T01:11:01,17.961475,-48.726231,5.1,12.50,69.9,9,1.3,102.9,4.206,-4.4,0,1,54932
2026-04-27T01:11:30,17.962149,-48.724476,15.3,12.95,77.4,9,1.3,103.0,4.205,-4.2,0,1,54933
2026-04-27T01:11:59,17.962988,-48.722759,24.7,13.16,61.7,9,1.2,102.7,4.205,-4.2,0,1,54934
2026-04-27T01:12:28,17.963696,-48.720955,17.1,14.16,64.6,8,2.2,102.9,4.205,-4.4,0,1,54935
2026-04-27T01:12:57,17.964432,-48.719181,18.5,12.14,69.5,10,1.1,102.9,4.205,-4.4,0,1,54936
2026-04-27T01:13:26,17.965143,-48.717438,16.5,14.15,72.2,9,1.2,102.9,4.206,-4.4,0,1,54937
2026-04-27T01:13:55,17.965984,-48.715675,23.1,13.17,65.3,9,1.2,103.2,4.205,-4.2,0,1,54938
2026-04-27T01:14:24,17.966640,-48.713932,21.5,12.95,73.3,9,1.2,103.2,4.205,-4.2,0,1,54939
2026-04-27T01:14:53,17.967476,-48.712166,27.7,13.43,66.9,10,1.2,103.0,4.205,-4.2,0,1,54940
2026-04-27T01:15:22,17.968163,-48.710396,29.5,13.26,72.0,9,2.2,102.9,4.205,-4.4,0,1,54941
2026-04-27T01:15:51,17.968899,-48.708649,21.2,13.59,71.0,10,1.2,103.0,4.205,-4.2,0,1,54942
2026-04-27T01:16:20,17.969679,-48.706924,24.7,13.27,65.0,8,2.2,103.2,4.206,-4.2,0,1,54943
2026-04-27T01:16:49,17.970486,-48.705135,29.2,13.48,66.7,9,2.2,103.2,4.205,-4.2,0,1,54944
2026-04-27T01:17:18,17.971008,-48.703400,26.8,14.77,64.2,9,2.2,103.0,4.207,-4.2,0,1,54945
2026-04-27T01:17:47,17.971775,-48.701675,27.5,14.19,64.3,8,3.3,102.7,4.206,-4.2,0,1,54946
2026-04-27T01:18:16,17.972460,-48.699932,23.5,13.41,62.6,9,2.2,103.0,4.205,-4.2,0,1,54947
2026-04-27T01:18:45,17.973215,-48.698162,22.3,13.85,63.6,9,2.2,102.9,4.206,-4.4,0,1,54948
2026-04-27T01:19:14,17.973900,-48.696453,17.5,12.30,68.9,9,2.2,102.9,4.205,-4.4,0,1,54949
2026-04-27T01:19:43,17.974669,-48.694641,26.8,14.22,64.0,9,2.2,103.0,4.206,-4.2,0,1,54950
2026-04-27T01:20:12,17.975525,-48.692898,27.2,14.07,69.2,9,2.2,103.0,4.205,-4.2,0,1,54951
2026-04-27T01:20:41,17.976294,-48.691151,26.3,13.58,70.6,9,2.2,103.2,4.206,-4.2,0,1,54952
2026-04-27T01:21:10,17.977102,-48.689381,31.3,13.87,69.2,10,1.1,102.7,4.206,-4.2,0,1,54953
2026-04-27T01:21:39,17.977863,-48.687634,27.3,12.99,68.6,9,1.1,102.9,4.205,-4.4,0,1,54954
2026-04-27T01:22:08,17.978588,-48.685863,32.6,12.84,68.4,10,1.1,102.7,4.205,-4.2,0,1,54955
2026-04-27T01:22:37,17.979357,-48.684139,29.9,14.17,67.5,9,2.1,103.0,4.205,-4.2,0,1,54956
2026-04-27T01:23:06,17.980097,-48.682369,28.3,13.77,70.3,8,2.1,103.2,4.206,-4.2,0,1,54957
2026-04-27T01:23:35,17.980682,-48.680565,23.8,12.38,64.3,9,2.1,102.7,4.207,-4.2,0,1,54958
2026-04-27T01:24:04,17.981495,-48.678818,19.8,13.49,62.6,9,2.1,103.0,4.206,-4.2,0,1,54959
2026-04-27T01:24:33,17.982313,-48.677055,16.5,15.26,67.2,9,2.1,102.9,4.205,-4.4,0,1,54960
2026-04-27T01:25:02,17.983002,-48.675312,19.1,12.39,72.2,9,2.1,102.9,4.206,-4.4,0,1,54961
2026-04-27T01:25:31,17.983721,-48.673550,23.6,13.50,65.4,9,1.1,103.2,4.204,-4.2,0,1,54962
2026-04-27T01:26:00,17.984426,-48.671738,28.3,13.39,68.1,9,1.1,103.0,4.205,-4.2,0,1,54963
2026-04-27T01:26:29,17.985205,-48.669979,27.6,13.25,69.0,10,1.1,102.9,4.205,-4.4,0,1,54964
2026-04-27T01:26:58,17.985943,-48.668144,32.1,13.69,64.8,8,2.1,102.9,4.205,-4.4,0,1,54965
2026-04-27T01:27:27,17.986713,-48.666370,33.7,14.44,67.8,9,2.1,103.0,4.205,-4.2,0,1,54966
2026-04-27T01:27:56,17.987423,-48.664574,36.6,13.99,73.1,9,1.1,103.2,4.206,-4.2,0,1,54967
2026-04-27T01:28:25,17.988258,-48.662807,45.4,13.48,57.9,9,2.0,103.0,4.206,-4.2,0,1,54968
2026-04-27T01:28:54,17.988937,-48.661072,44.8,13.29,63.8,9,2.0,102.9,4.205,-4.4,0,1,54969
2026-04-27T01:29:23,17.989613,-48.659317,45.9,12.92,68.7,9,2.0,103.0,4.206,-4.2,0,1,54970
2026-04-27T01:29:52,17.990444,-48.657574,45.1,13.81,60.4,8,2.4,102.9,4.205,-4.4,0,1,54971
2026-04-27T01:30:21,17.991095,-48.655827,40.4,12.26,67.5,9,2.0,102.9,4.205,-4.4,0,1,54972
2026-04-27T01:30:50,17.991760,-48.654022,38.1,12.49,72.0,8,2.0,103.0,4.206,-4.2,0,1,54973
2026-04-27T01:31:19,17.992483,-48.652245,37.3,12.92,70.7,9,2.0,103.2,4.205,-4.2,0,1,54974
2026-04-27T01:31:48,17.993269,-48.650497,38.2,12.47,69.1,9,2.0,102.7,4.206,-4.2,0,1,54975
2026-04-27T01:32:17,17.994053,-48.648758,32.5,12.89,61.7,9,2.0,102.7,4.206,-4.2,0,1,54976
2026-04-27T01:32:46,17.994759,-48.646938,22.9,13.44,64.9,9,2.0,102.7,4.206,-4.2,0,1,54977
2026-04-27T01:33:15,17.995531,-48.645164,26.6,13.72,71.2,9,2.0,102.9,4.206,-4.4,0,1,54978
2026-04-27T01:33:44,17.996206,-48.643349,31.3,13.84,65.9,8,2.3,103.0,4.205,2743.3,0,1,54979
2026-04-27T01:34:13,17.997097,-48.641647,33.2,14.08,69.5,7,2.3,102.9,4.205,-4.4,0,1,54980
2026-04-27T01:34:42,17.997770,-48.639851,32.3,14.01,65.2,9,1.1,103.2,4.205,-4.2,0,1,54981
2026-04-27T01:35:11,17.998373,-48.638161,25.5,12.99,68.1,9,1.1,103.2,4.206,-4.2,0,1,54982
2026-04-27T01:35:40,17.999182,-48.636261,27.0,13.88,67.3,8,2.2,102.7,4.205,-4.2,0,1,54983
2026-04-27T01:36:09,17.999918,-48.634407,24.6,12.66,67.1,8,1.9,103.0,4.206,-4.2,0,1,54984
2026-04-27T01:36:39,18.000870,-48.632595,25.2,13.43,63.8,8,1.2,102.9,4.207,-4.4,0,1,54985
2026-04-27T01:37:08,18.001686,-48.630772,29.4,14.41,64.0,7,3.1,102.9,4.207,-4.4,0,1,54986
2026-04-27T01:37:37,18.002487,-48.628979,28.0,13.41,67.8,8,2.2,102.9,4.205,-4.4,0,1,54987
2026-04-27T01:38:06,18.003145,-48.627167,26.2,14.00,68.7,9,2.1,103.0,4.206,-4.2,0,1,54988
2026-04-27T01:38:35,18.003975,-48.625408,30.2,13.88,69.2,10,1.8,103.0,4.206,-4.2,0,1,54989
2026-04-27T01:39:04,18.004793,-48.623631,32.4,12.70,61.1,9,1.9,103.0,4.206,-4.2,0,1,54990
2026-04-27T01:39:33,18.005564,-48.621880,35.4,12.80,66.3,9,1.8,103.0,4.206,-4.2,0,1,54991
2026-04-27T01:40:02,18.006296,-48.620075,31.7,13.16,69.0,9,1.2,102.7,4.205,-4.2,0,1,54992
2026-04-27T01:40:31,18.007025,-48.618298,30.9,14.43,68.1,7,3.1,103.0,4.205,-4.2,0,1,54993
2026-04-27T01:41:00,18.007837,-48.616524,34.9,13.57,66.1,10,1.7,102.9,4.205,-4.4,0,1,54994
2026-04-27T01:41:29,18.008604,-48.614796,32.6,13.70,60.8,9,1.2,102.9,4.206,-4.4,0,1,54995
2026-04-27T01:41:58,18.009365,-48.612984,29.1,13.18,65.7,9,2.0,102.9,4.206,-4.4,0,1,54996
2026-04-27T01:42:27,18.010073,-48.611202,29.0,13.97,63.3,9,1.8,103.0,4.205,-4.2,0,1,54997
2026-04-27T01:42:56,18.010618,-48.609352,23.3,13.77,74.9,8,2.7,103.0,4.205,-4.2,0,1,54998
2026-04-27T01:43:25,18.011374,-48.607605,23.3,13.08,68.3,9,1.8,102.7,4.206,2734.8,0,1,54999
2026-04-27T01:43:54,18.012037,-48.605755,17.7,14.37,74.5,8,1.8,103.0,4.205,-4.2,0,1,55000
2026-04-27T01:44:23,18.012794,-48.603970,13.9,13.75,68.4,8,1.8,103.0,4.205,-4.2,0,1,55001
2026-04-27T01:44:52,18.013527,-48.602211,13.0,13.59,63.8,10,1.7,102.9,4.206,-4.4,0,1,55002
2026-04-27T01:45:21,18.014048,-48.600368,7.3,14.05,73.0,6,3.2,103.0,4.205,-4.2,0,1,55003
2026-04-27T01:45:50,18.014660,-48.598534,2.3,13.72,70.9,6,3.2,102.9,4.206,-4.4,0,1,55004
2026-04-27T01:46:19,18.015478,-48.596790,0.7,13.24,64.3,7,2.0,102.7,4.205,-4.2,0,1,55005
2026-04-27T01:46:48,18.016172,-48.594982,-0.3,14.31,68.8,8,1.9,102.9,4.206,-4.4,0,1,55006
2026-04-27T01:47:17,18.016914,-48.593159,-1.5,14.64,65.3,7,2.7,103.0,4.206,-4.2,0,1,55007
2026-04-27T01:47:46,18.017540,-48.591328,-7.2,13.85,66.3,7,2.7,102.7,4.205,-4.2,0,1,55008
2026-04-27T01:48:15,18.018297,-48.589520,-13.6,12.63,67.8,5,3.1,103.0,4.205,-4.2,0,1,55009
2026-04-27T01:48:44,18.018970,-48.587677,-11.1,13.69,70.1,8,1.8,102.9,4.206,-4.4,0,1,55010
2026-04-27T01:49:13,18.020201,-48.586033,4.6,14.07,65.3,6,2.7,103.0,4.205,-4.2,0,1,55011
2026-04-27T01:49:42,18.020912,-48.584244,7.7,13.50,63.5,7,2.6,103.0,4.205,-4.2,0,1,55012
2026-04-27T01:50:11,18.021412,-48.582413,3.6,13.51,73.7,8,1.8,102.9,4.205,-4.4,0,1,55013
2026-04-27T01:50:40,18.022316,-48.580635,-1.9,14.41,75.3,6,2.7,102.9,4.206,-4.4,0,1,55014
2026-04-27T01:51:09,18.022738,-48.578865,-8.2,14.29,74.7,8,1.7,103.0,4.205,-4.2,0,1,55015
2026-04-27T01:51:38,18.023443,-48.577171,-10.5,12.77,73.7,7,2.6,103.0,4.206,-4.2,0,1,55016
2026-04-27T01:52:07,18.024397,-48.575451,-5.6,13.54,61.2,7,2.5,102.9,4.204,-4.4,0,1,55017
2026-04-27T01:52:36,18.025082,-48.573685,-1.8,14.43,66.9,7,2.5,103.2,4.205,-4.2,0,1,55018
2026-04-27T01:53:05,18.025906,-48.571930,0.8,13.43,64.4,7,2.5,103.2,4.205,-4.2,0,1,55019
2026-04-27T01:53:34,18.026581,-48.570110,-2.1,13.31,70.4,7,2.5,103.2,4.205,-4.2,0,1,55020
2026-04-27T01:54:03,18.027405,-48.568325,-6.0,13.19,64.3,8,1.7,102.9,4.206,-4.4,0,1,55021
2026-04-27T01:54:32,18.028189,-48.566547,-5.9,13.00,65.8,6,2.6,103.0,4.205,-4.2,0,1,55022
2026-04-27T01:55:01,18.029257,-48.564754,8.1,12.75,67.2,7,2.4,103.0,4.205,-4.2,0,1,55023
2026-04-27T01:55:30,18.030268,-48.563007,26.8,13.12,70.2,6,2.8,102.7,4.205,-4.2,0,1,55024
2026-04-27T01:55:59,18.031172,-48.561275,32.5,13.58,71.7,6,2.7,102.9,4.205,-4.4,0,1,55025
2026-04-27T01:56:28,18.032051,-48.559452,38.2,13.17,61.3,6,2.7,102.7,4.205,-4.2,0,1,55026
2026-04-27T01:56:57,18.032763,-48.557655,36.4,13.71,67.5,6,2.7,102.9,4.205,-4.4,0,1,55027
2026-04-27T01:57:26,18.033539,-48.555889,34.4,14.42,63.1,6,2.7,102.9,4.205,-4.4,0,1,55028
2026-04-27T01:57:55,18.034325,-48.554028,28.7,12.81,69.3,5,2.7,102.9,4.206,-4.4,0,1,55029
2026-04-27T01:58:24,18.035006,-48.552280,24.5,13.15,69.7,6,2.7,103.0,4.205,-4.2,0,1,55030
2026-04-27T01:58:53,18.035667,-48.550537,17.6,13.04,71.4,6,2.4,103.0,4.206,-4.2,0,1,55031
2026-04-27T01:59:22,18.036463,-48.548809,22.1,13.47,67.4,7,2.3,103.0,4.206,-4.2,0,1,55032
2026-04-27T01:59:51,18.037275,-48.547024,29.9,13.93,65.8,6,2.6,102.9,4.204,-4.4,0,1,55033
2026-04-27T02:00:20,18.037951,-48.545208,29.7,12.69,71.5,5,2.7,102.7,4.206,-4.2,0,1,55034
2026-04-27T02:00:49,18.038700,-48.543449,28.7,13.17,69.0,6,2.5,103.0,4.205,-4.2,0,1,55035
2026-04-27T02:01:18,18.039488,-48.541653,28.8,14.35,64.0,7,2.2,103.0,4.206,-4.2,0,1,55036
2026-04-27T02:01:47,18.040091,-48.539852,24.0,13.76,67.9,7,2.2,103.2,4.205,-4.2,0,1,55037
2026-04-27T02:02:16,18.040884,-48.538040,17.7,12.58,64.2,7,2.2,102.9,4.205,-4.4,0,1,55038
2026-04-27T02:02:45,18.041578,-48.536278,13.9,13.31,69.8,6,2.5,102.7,4.206,-4.2,0,1,55039
2026-04-27T02:03:14,18.042273,-48.534500,10.5,14.38,54.3,6,2.5,102.7,4.205,-4.2,0,1,55040
2026-04-27T02:03:43,18.042976,-48.532669,10.1,13.02,74.3,6,2.4,103.2,4.205,-4.2,0,1,55041
2026-04-27T02:04:12,18.043690,-48.530949,2.9,13.48,66.4,7,2.1,102.9,4.205,-4.4,0,1,55042
2026-04-27T02:04:41,18.044458,-48.529140,4.8,13.79,65.4,6,2.4,102.9,4.205,-4.4,0,1,55043
2026-04-27T02:05:10,18.045279,-48.527348,8.7,13.71,62.5,6,2.4,102.7,4.205,-4.2,0,1,55044
2026-04-27T02:05:39,18.045948,-48.525623,16.4,12.28,69.9,7,2.0,103.0,4.205,-4.2,0,1,55045
2026-04-27T02:06:08,18.046915,-48.523849,20.5,13.18,64.8,7,2.0,102.9,4.205,-4.4,0,1,55046
2026-04-27T02:06:37,18.047590,-48.522072,24.0,12.69,68.3,7,2.0,103.0,4.205,-4.2,0,1,55047
2026-04-27T02:07:06,18.048323,-48.520267,11.6,14.10,63.5,7,2.0,103.0,4.206,-4.2,0,1,55048
2026-04-27T02:07:35,18.049038,-48.518478,10.8,13.18,68.1,7,2.0,103.0,4.206,-4.2,0,1,55049
2026-04-27T02:08:04,18.049730,-48.516747,16.3,13.64,74.0,7,2.0,103.0,4.206,-4.2,0,1,55050
2026-04-27T02:08:33,18.050566,-48.515003,21.1,13.40,64.4,7,2.3,102.9,4.207,-4.4,0,1,55051
2026-04-27T02:09:02,18.051355,-48.513256,23.7,13.05,67.4,7,2.0,102.7,4.205,-4.2,0,1,55052
2026-04-27T02:09:31,18.051996,-48.511448,8.7,14.04,66.3,6,2.2,103.0,4.205,-4.2,0,1,55053
2026-04-27T02:10:00,18.052713,-48.509621,6.1,13.28,71.8,7,2.1,103.0,4.205,-4.2,0,1,55054
2026-04-27T02:10:29,18.053366,-48.507816,-1.0,13.43,70.6,8,1.9,102.9,4.205,-4.4,0,1,55055
2026-04-27T02:10:58,18.054142,-48.506062,4.3,13.83,65.1,8,1.9,103.2,4.205,-4.2,0,1,55056
2026-04-27T02:11:27,18.054989,-48.504299,5.0,13.11,72.0,8,1.9,103.2,4.205,-4.2,0,1,55057
2026-04-27T02:11:56,18.055788,-48.502514,4.4,13.61,71.7,7,1.9,102.7,4.205,-4.2,0,1,55058
2026-04-27T02:12:25,18.056484,-48.500790,2.0,13.63,68.1,7,1.9,103.0,4.206,-4.2,0,1,55059
2026-04-27T02:12:54,18.057323,-48.499039,11.0,13.92,68.1,7,1.9,103.0,4.205,-4.2,0,1,55060
2026-04-27T02:13:23,18.058002,-48.497246,6.0,13.69,66.1,7,1.9,103.0,4.205,-4.2,0,1,55061
2026-04-27T02:13:52,18.058662,-48.495441,-7.3,12.27,69.2,7,1.9,103.2,4.207,-4.2,0,1,55062
2026-04-27T02:14:21,18.059324,-48.493656,-16.0,13.42,67.0,6,2.1,102.7,4.205,-4.2,0,1,55063
2026-04-27T02:14:50,18.060078,-48.491882,-12.7,13.33,70.2,7,1.9,102.9,4.204,-4.4,0,1,55064
2026-04-27T02:15:19,18.060778,-48.490150,-9.3,13.66,65.4,7,1.9,103.2,4.207,-4.2,0,1,55065
2026-04-27T02:15:48,18.061554,-48.488327,-9.6,13.61,70.2,7,1.8,102.9,4.206,2738.9,0,1,55066
2026-04-27T02:16:17,18.062317,-48.486515,-9.0,13.88,64.6,7,1.8,102.9,4.205,-4.4,0,1,55067
2026-04-27T02:16:46,18.063038,-48.484768,1.9,12.99,64.2,8,1.4,102.9,4.207,-4.4,0,1,55068
2026-04-27T02:17:15,18.063801,-48.482986,4.2,13.76,65.7,8,1.4,103.0,4.205,-4.2,0,1,55069
2026-04-27T02:17:44,18.064545,-48.481224,2.8,13.37,67.6,7,1.6,103.0,4.206,-4.2,0,1,55070
2026-04-27T02:18:13,18.065310,-48.479473,4.2,13.27,70.9,8,1.4,103.0,4.206,-4.2,0,1,55071
2026-04-27T02:18:42,18.066053,-48.477718,9.3,13.71,68.7,8,1.4,103.0,4.205,-4.2,0,1,55072
2026-04-27T02:19:11,18.066797,-48.475964,-1.7,13.56,58.2,8,1.4,102.9,4.204,-4.4,0,1,55073
2026-04-27T02:19:40,18.067486,-48.474159,-0.2,13.75,67.0,8,1.4,102.9,4.205,-4.4,0,1,55074
2026-04-27T02:20:09,18.068258,-48.472385,-4.8,14.50,67.2,8,1.4,103.0,4.205,-4.2,0,1,55075
2026-04-27T02:20:38,18.068974,-48.470596,-7.2,13.83,64.4,8,1.4,102.9,4.204,-4.4,0,1,55076
2026-04-27T02:21:07,18.069679,-48.468807,-11.8,14.21,68.1,7,1.6,103.0,4.204,-4.2,0,1,55077
2026-04-27T02:21:36,18.070404,-48.467064,-15.7,14.47,72.2,8,1.4,103.0,4.206,-4.2,0,1,55078
2026-04-27T02:22:05,18.071232,-48.465355,-17.3,13.68,69.2,7,1.4,102.7,4.206,-4.2,0,1,55079
2026-04-27T02:22:34,18.071959,-48.463535,-8.2,13.56,69.0,8,1.4,102.9,4.205,-4.4,0,1,55080
2026-04-27T02:23:03,18.072739,-48.461819,-3.5,13.75,65.8,8,1.4,102.9,4.205,-4.4,0,1,55081
2026-04-27T02:23:32,18.073521,-48.460083,3.9,13.92,65.4,8,1.4,103.2,4.205,-4.2,0,1,55082
2026-04-27T02:24:01,18.074326,-48.458351,4.3,14.79,64.0,7,1.4,103.0,4.205,-4.2,0,1,55083
2026-04-27T02:24:30,18.075037,-48.456554,3.3,14.35,65.9,7,1.4,102.7,4.205,-4.2,0,1,55084
2026-04-27T02:24:59,18.075766,-48.454765,-1.0,13.66,66.7,7,1.4,102.9,4.204,2738.9,0,1,55085
2026-04-27T02:25:28,18.076536,-48.452957,-4.5,13.76,64.2,7,1.4,102.9,4.206,-4.4,0,1,55086
2026-04-27T02:25:57,18.077215,-48.451157,-10.8,13.74,64.7,7,1.4,102.9,4.205,-4.4,0,1,55087
2026-04-27T02:26:26,18.078018,-48.449394,-9.5,12.94,63.9,7,1.4,102.9,4.205,-4.4,0,1,55088
2026-04-27T02:26:55,18.078745,-48.447586,-13.2,13.38,68.1,7,1.4,103.0,4.205,-4.2,0,1,55089
2026-04-27T02:27:24,18.079496,-48.445801,-15.5,14.11,63.8,7,1.4,102.7,4.206,-4.2,0,1,55090
2026-04-27T02:27:53,18.080318,-48.444084,-9.3,13.76,64.5,7,1.4,102.9,4.206,-4.4,0,1,55091
2026-04-27T02:28:22,18.081070,-48.442326,-6.3,13.87,67.9,7,1.4,102.9,4.206,-4.4,0,1,55092
2026-04-27T02:28:51,18.081833,-48.440571,-4.3,16.37,64.8,6,1.6,102.9,4.206,-4.4,0,1,55093
2026-04-27T02:29:20,18.082554,-48.438766,-6.8,12.59,64.0,7,1.4,103.0,4.206,-4.2,0,1,55094
2026-04-27T02:29:49,18.083345,-48.437023,-2.6,13.71,65.8,7,1.4,102.9,4.205,-4.4,0,1,55095
2026-04-27T02:30:18,18.084146,-48.435265,1.3,13.13,64.5,7,1.4,103.0,4.205,-4.2,0,1,55096
2026-04-27T02:30:47,18.084873,-48.433517,3.3,14.23,58.7,7,1.4,102.9,4.206,-4.4,0,1,55097
2026-04-27T02:31:16,18.085665,-48.431725,4.9,13.77,65.6,7,1.4,103.0,4.206,-4.2,0,1,55098
2026-04-27T02:31:45,18.086390,-48.429974,9.0,13.05,64.8,7,1.4,103.0,4.205,-4.2,0,1,55099
2026-04-27T02:32:14,18.087145,-48.428204,7.9,12.08,66.2,7,1.4,102.9,4.205,-4.4,0,1,55100
2026-04-27T02:32:43,18.087881,-48.426418,2.6,14.36,64.8,7,1.4,102.7,4.206,-4.2,0,1,55101
2026-04-27T02:33:12,18.088575,-48.424637,0.2,13.72,65.3,7,1.4,102.9,4.207,-4.4,0,1,55102
2026-04-27T02:33:41,18.089306,-48.422840,-3.8,14.15,66.7,7,1.4,102.7,4.205,-4.2,0,1,55103
2026-04-27T02:34:10,18.090014,-48.421066,-14.4,14.17,68.3,7,1.4,103.0,4.205,-4.2,0,1,55104
2026-04-27T02:34:39,18.090759,-48.419300,-20.5,13.80,64.1,7,1.4,103.0,4.206,-4.2,0,1,55105
2026-04-27T02:35:08,18.091463,-48.417515,-28.3,13.63,61.1,7,1.4,102.7,4.205,-4.2,0,1,55106
2026-04-27T02:35:37,18.092144,-48.415714,-39.9,14.05,69.5,7,1.4,103.2,4.206,-4.2,0,1,55107
2026-04-27T02:36:06,18.092844,-48.413940,-45.9,13.70,66.1,6,1.6,102.9,4.205,-4.4,0,1,55108
2026-04-27T02:36:35,18.093529,-48.412155,-43.0,14.42,67.0,7,1.4,103.2,4.206,-4.2,0,1,55109
2026-04-27T02:37:04,18.094330,-48.410408,-39.4,14.13,67.5,7,1.4,102.7,4.204,-4.2,0,1,55110
2026-04-27T02:37:33,18.095009,-48.408653,-40.7,13.51,68.2,7,1.4,102.7,4.204,-4.2,0,1,55111
2026-04-27T02:38:02,18.095783,-48.406849,-45.8,13.31,69.4,7,1.4,103.0,4.205,-4.2,0,1,55112
2026-04-27T02:38:31,18.096592,-48.405067,-46.4,13.65,67.2,7,1.4,102.9,4.206,2738.9,0,1,55113
2026-04-27T02:39:00,18.097349,-48.403297,-51.4,14.16,67.3,7,1.4,103.0,4.206,-4.2,0,1,55114
2026-04-27T02:39:29,18.098097,-48.401508,-55.6,13.48,66.3,7,1.4,102.9,4.206,-4.4,0,1,55115
2026-04-27T02:39:58,18.098816,-48.399742,-54.9,14.27,67.0,6,1.7,103.0,4.206,-4.2,0,1,55116
2026-04-27T02:40:27,18.099674,-48.397980,-56.5,14.34,72.2,6,1.7,103.0,4.206,-4.2,0,1,55117
2026-04-27T02:40:56,18.100378,-48.396149,-53.2,13.51,65.3,7,1.4,102.7,4.205,-4.2,0,1,55118
2026-04-27T02:41:25,18.101160,-48.394424,-46.9,13.86,64.6,7,1.4,103.0,4.206,-4.2,0,1,55119
2026-04-27T02:41:54,18.101959,-48.392693,-37.2,14.00,65.5,7,1.4,102.9,4.204,-4.4,0,1,55120
2026-04-27T02:42:23,18.102665,-48.390915,-37.6,14.00,69.5,7,1.4,103.0,4.207,-4.2,0,1,55121
2026-04-27T02:42:52,18.103399,-48.389168,-32.6,13.31,70.4,7,1.4,103.0,4.206,-4.2,0,1,55122
2026-04-27T02:43:21,18.104193,-48.387402,-27.2,13.81,65.9,7,1.4,102.9,4.205,-4.4,0,1,55123
2026-04-27T02:43:50,18.104918,-48.385662,-26.5,13.23,69.7,7,1.4,103.2,4.205,-4.2,0,1,55124
2026-04-27T02:44:19,18.105686,-48.383930,-12.8,12.93,65.3,7,1.4,103.0,4.206,-4.2,0,1,55125
2026-04-27T02:44:48,18.106440,-48.382160,-3.2,13.23,69.8,7,1.3,103.2,4.206,-4.2,0,1,55126
2026-04-27T02:45:17,18.107208,-48.380390,-0.6,14.01,66.6,6,1.4,103.0,4.206,-4.2,0,1,55127
2026-04-27T02:45:46,18.108006,-48.378632,3.8,14.36,62.4,6,1.4,102.9,4.205,-4.4,0,1,55128
2026-04-27T02:46:15,18.108776,-48.376881,3.1,13.12,67.0,5,1.9,102.9,4.205,-4.4,0,1,55129
2026-04-27T02:46:44,18.109447,-48.375118,0.0,12.66,71.8,5,1.9,102.9,4.204,-4.4,0,1,55130
2026-04-27T02:47:13,18.110210,-48.373337,5.3,13.65,66.0,6,1.4,103.0,4.206,-4.2,0,1,55131
2026-04-27T02:47:42,18.110891,-48.371544,5.2,13.43,71.6,5,1.9,102.9,4.206,-4.4,0,1,55132
2026-04-27T02:48:11,18.111618,-48.369766,7.1,13.13,66.1,5,1.9,102.9,4.206,-4.4,0,1,55133
2026-04-27T02:48:40,18.112347,-48.367989,9.1,13.88,65.7,5,1.9,102.9,4.205,-4.4,0,1,55134
2026-04-27T02:49:09,18.113029,-48.366215,8.3,13.73,64.4,5,1.9,102.9,4.206,-4.4,0,1,55135
2026-04-27T02:49:38,18.113754,-48.364449,8.4,13.87,70.6,5,1.9,103.0,4.205,-4.2,0,1,55136
2026-04-27T02:50:07,18.114670,-48.362740,5.1,13.93,65.5,6,1.4,102.9,4.206,-4.4,0,1,55137
2026-04-27T02:50:36,18.115417,-48.360958,2.1,13.96,67.7,5,2.0,102.7,4.205,-4.2,0,1,55138
2026-04-27T02:51:05,18.116188,-48.359173,0.9,14.31,68.8,6,1.4,103.0,4.206,-4.2,0,1,55139
2026-04-27T02:51:34,18.116964,-48.357410,0.2,14.95,62.1,6,1.4,102.7,4.206,-4.2,0,1,55140
2026-04-27T02:52:03,18.117651,-48.355560,-5.2,13.60,68.1,6,1.4,102.9,4.206,-4.4,0,1,55141
2026-04-27T02:52:32,18.118382,-48.353821,-8.2,13.82,67.9,6,1.4,102.7,4.206,-4.2,0,1,55142
2026-04-27T02:53:01,18.119148,-48.352077,-11.5,13.59,65.1,6,1.4,103.0,4.206,-4.2,0,1,55143
2026-04-27T02:53:30,18.119791,-48.350269,-10.3,13.53,67.9,6,1.4,103.0,4.206,-4.2,0,1,55144
2026-04-27T02:53:59,18.120655,-48.348541,-7.8,13.15,63.0,6,1.4,103.0,4.206,-4.2,0,1,55145
2026-04-27T02:54:28,18.121361,-48.346725,-4.0,13.67,63.8,6,1.4,103.0,4.207,-4.2,0,1,55146
2026-04-27T02:54:57,18.122145,-48.344990,-8.0,12.89,69.3,6,1.4,102.7,4.205,-4.2,0,1,55147
2026-04-27T02:55:26,18.122725,-48.343128,-18.1,13.41,69.4,6,1.4,102.7,4.205,-4.2,0,1,55148
2026-04-27T02:55:55,18.123474,-48.341362,-3.9,13.85,69.2,6,1.4,102.9,4.205,-4.4,0,1,55149
2026-04-27T02:56:24,18.124271,-48.339573,0.1,13.68,66.1,6,1.4,103.0,4.205,-4.2,0,1,55150
2026-04-27T02:56:53,18.125019,-48.337784,4.7,14.55,66.6,6,1.4,102.9,4.205,-4.4,0,1,55151
2026-04-27T02:57:22,18.125858,-48.335999,5.4,14.44,66.5,6,1.4,103.0,4.206,-4.2,0,1,55152
2026-04-27T02:57:51,18.126600,-48.334137,-1.6,14.45,69.6,6,1.4,103.0,4.205,-4.2,0,1,55153
2026-04-27T02:58:20,18.127344,-48.332363,7.6,14.04,61.9,6,1.4,103.2,4.204,-4.2,0,1,55154
2026-04-27T02:58:49,18.128159,-48.330597,9.0,14.23,68.5,6,1.4,102.9,4.205,-4.4,0,1,55155
2026-04-27T02:59:18,18.128832,-48.328777,7.8,13.43,68.6,5,2.0,102.7,4.206,-4.2,0,1,55156
2026-04-27T02:59:47,18.129593,-48.327038,11.3,14.38,73.0,6,1.4,102.9,4.205,-4.4,0,1,55157
2026-04-27T03:00:16,18.130367,-48.325237,6.2,13.74,60.0,6,1.3,102.9,4.205,-4.4,0,1,55158
2026-04-27T03:00:45,18.131145,-48.323444,2.9,13.20,66.5,6,1.3,103.0,4.206,-4.2,0,1,55159
2026-04-27T03:01:14,18.131947,-48.321671,-4.3,14.44,60.8,6,1.3,103.0,4.205,-4.2,0,1,55160
2026-04-27T03:01:43,18.132660,-48.319832,-9.9,14.11,67.4,6,1.3,103.0,4.205,-4.2,0,1,55161
2026-04-27T03:02:12,18.133406,-48.318047,-10.9,13.70,69.8,5,2.0,103.0,4.205,-4.2,0,1,55162
2026-04-27T03:02:41,18.134171,-48.316181,-15.2,14.86,62.1,6,1.3,102.9,4.206,-4.4,0,1,55163
2026-04-27T03:03:10,18.134806,-48.314358,-7.9,13.99,71.7,5,2.0,102.9,4.205,-4.4,0,1,55164
2026-04-27T03:03:39,18.135622,-48.312546,-8.2,14.13,70.0,6,1.3,102.9,4.206,-4.4,0,1,55165
2026-04-27T03:04:08,18.136381,-48.310738,-7.7,14.96,68.7,5,2.0,102.9,4.205,-4.4,0,1,55166
2026-04-27T03:04:37,18.137188,-48.308933,-4.4,14.32,60.0,6,1.3,103.4,4.207,-4.2,0,1,55167
2026-04-27T03:05:06,18.137966,-48.307076,-2.3,14.29,66.8,6,1.3,102.7,4.205,-4.2,0,1,55168
2026-04-27T03:05:35,18.138666,-48.305305,-6.1,13.43,68.0,6,1.3,103.0,4.206,-4.2,0,1,55169
2026-04-27T03:06:04,18.139381,-48.303467,-12.4,14.55,69.6,5,2.0,102.9,4.205,-4.4,0,1,55170
2026-04-27T03:06:33,18.140217,-48.301598,-11.1,13.83,73.4,5,2.0,102.9,4.205,-4.4,0,1,55171
2026-04-27T03:07:02,18.140930,-48.299828,-11.1,14.31,58.3,5,2.0,102.7,4.205,-4.2,0,1,55172
2026-04-27T03:07:31,18.141783,-48.298119,-18.4,12.96,61.1,6,1.3,102.9,4.206,-4.4,0,1,55173
2026-04-27T03:08:00,18.142445,-48.296322,-19.7,13.23,70.0,6,1.3,103.0,4.205,-4.2,0,1,55174
2026-04-27T03:08:29,18.143274,-48.294506,-25.1,14.44,62.0,5,2.0,102.9,4.205,-4.4,0,1,55175
2026-04-27T03:08:58,18.143967,-48.292725,-23.8,13.34,66.0,5,2.0,102.9,4.204,-4.4,0,1,55176
2026-04-27T03:09:27,18.144714,-48.290924,-23.7,12.74,70.5,5,2.0,103.0,4.205,-4.2,0,1,55177
2026-04-27T03:09:56,18.145330,-48.289093,-24.7,13.73,61.3,5,2.0,102.7,4.205,-4.2,0,1,55178
2026-04-27T03:10:25,18.146175,-48.287304,-24.0,13.10,57.8,5,2.0,102.7,4.205,-4.2,0,1,55179
2026-04-27T03:10:54,18.146955,-48.285496,-24.5,12.92,73.8,5,2.0,102.9,4.205,-4.4,0,1,55180
2026-04-27T03:11:23,18.147734,-48.283672,-19.8,14.39,69.1,5,2.0,102.9,4.206,-4.4,0,1,55181
2026-04-27T03:11:52,18.148540,-48.281822,-23.6,14.17,67.8,6,1.3,103.0,4.205,-4.2,0,1,55182
2026-04-27T03:12:21,18.149420,-48.280064,-22.5,13.05,56.3,5,2.0,102.9,4.206,-4.4,0,1,55183
2026-04-27T03:12:50,18.150106,-48.278164,-23.0,14.06,71.1,5,2.0,102.9,4.206,-4.4,0,1,55184
2026-04-27T03:13:19,18.150843,-48.276398,-11.9,14.56,61.6,5,2.0,103.0,4.205,-4.2,0,1,55185
2026-04-27T03:13:48,18.151564,-48.274555,-0.4,14.73,67.8,4,2.6,103.2,4.206,-4.2,0,1,55186
2026-04-27T03:14:17,18.152311,-48.272697,10.8,13.04,68.2,5,2.0,103.2,4.205,-4.2,0,1,55187
2026-04-27T03:14:46,18.153162,-48.270741,14.8,13.86,66.7,4,2.4,102.9,4.206,-4.4,0,1,55188
2026-04-27T03:15:15,18.153835,-48.268925,19.8,15.13,71.9,6,1.3,102.9,4.206,2738.9,0,1,55189
2026-04-27T03:15:44,18.154613,-48.267090,18.6,13.03,68.8,5,1.4,103.0,4.205,-4.2,0,1,55190
2026-04-27T03:16:13,18.155455,-48.265297,20.6,14.81,65.2,6,1.3,103.0,4.206,-4.2,0,1,55191
2026-04-27T03:16:42,18.156118,-48.263493,20.9,11.08,73.9,5,2.0,103.2,4.206,-4.2,0,1,55192
2026-04-27T03:17:11,18.156988,-48.261738,13.7,13.80,63.4,6,1.3,102.9,4.205,-4.4,0,1,55193
2026-04-27T03:17:40,18.157841,-48.259930,9.2,13.94,63.4,5,2.0,102.7,4.206,-4.2,0,1,55194
2026-04-27T03:18:09,18.158409,-48.258099,6.6,12.19,67.5,4,2.4,103.2,4.205,-4.2,0,1,55195
2026-04-27T03:18:38,18.159237,-48.256287,6.9,13.71,67.3,6,1.3,102.7,4.206,-4.2,0,1,55196
2026-04-27T03:19:07,18.159864,-48.254452,7.9,10.79,72.1,4,3.5,102.9,4.205,-4.4,0,1,55197
2026-04-27T03:19:36,18.160614,-48.252583,10.1,14.34,67.2,5,2.0,103.2,4.205,-4.2,0,1,55198
2026-04-27T03:20:05,18.161343,-48.250786,10.9,14.25,68.1,5,2.0,103.0,4.205,-4.2,0,1,55199
2026-04-27T03:20:34,18.162111,-48.248932,11.7,12.96,63.2,5,2.0,102.9,4.205,-4.4,0,1,55200
2026-04-27T03:21:03,18.162964,-48.247200,17.4,14.79,58.8,5,2.0,103.2,4.206,-4.2,0,1,55201
2026-04-27T03:21:32,18.163757,-48.245419,23.4,10.52,63.4,3,3.8,103.0,4.205,-4.2,0,1,55202
2026-04-27T03:22:01,18.164528,-48.243561,28.2,12.56,61.9,4,3.4,102.7,4.206,-4.2,0,1,55203
2026-04-27T03:22:30,18.165382,-48.241669,34.3,15.30,65.0,5,2.0,102.9,4.205,-4.4,0,1,55204
2026-04-27T03:22:59,18.166132,-48.239902,41.2,13.75,61.8,4,3.3,102.9,4.205,-4.4,0,1,55205
2026-04-27T03:23:28,18.166935,-48.237995,41.6,14.75,62.9,4,2.3,103.0,4.205,-4.2,0,1,55206
2026-04-27T03:23:57,18.167627,-48.236229,40.2,13.40,64.0,5,2.0,103.0,4.205,-4.2,0,1,55207
2026-04-27T03:24:26,18.168419,-48.234436,40.2,13.51,66.9,5,2.0,103.2,4.206,-4.2,0,1,55208
2026-04-27T03:24:55,18.169182,-48.232571,39.2,14.19,69.8,5,2.0,102.9,4.205,-4.4,0,1,55209
2026-04-27T03:25:24,18.169930,-48.230743,34.6,13.48,69.5,5,2.3,102.7,4.205,-4.2,0,1,55210
2026-04-27T03:25:53,18.170666,-48.228920,32.4,14.14,70.4,5,2.3,103.0,4.206,-4.2,0,1,55211
2026-04-27T03:26:22,18.171394,-48.227127,27.2,14.27,66.9,4,3.0,102.9,4.205,-4.4,0,1,55212
2026-04-27T03:26:51,18.172129,-48.225319,24.4,13.88,69.8,6,2.0,102.7,4.206,-4.2,0,1,55213
2026-04-27T03:27:20,18.172909,-48.223515,26.7,13.77,63.6,6,2.0,103.0,4.205,-4.2,0,1,55214
2026-04-27T03:27:49,18.173616,-48.221725,25.7,14.60,66.6,5,2.2,102.9,4.205,-4.4,0,1,55215
2026-04-27T03:28:18,18.174517,-48.219734,20.6,12.27,61.8,5,2.2,103.0,4.205,-4.2,0,1,55216
2026-04-27T03:28:47,18.175077,-48.218018,17.6,13.82,68.7,5,2.2,103.2,4.205,-4.2,0,1,55217
2026-04-27T03:29:16,18.175867,-48.216194,15.7,16.19,67.7,5,2.2,102.9,4.204,-4.4,0,1,55218
2026-04-27T03:29:45,18.176628,-48.214390,15.6,13.01,67.5,5,2.2,102.9,4.206,-4.4,0,1,55219
2026-04-27T03:30:14,18.177322,-48.212570,15.5,13.43,67.7,5,2.2,103.0,4.205,-4.2,0,1,55220
2026-04-27T03:30:43,18.178089,-48.210709,15.5,14.51,71.8,4,3.0,103.0,4.205,-4.2,0,1,55221
2026-04-27T03:31:12,18.178871,-48.208858,11.9,13.95,62.6,5,2.2,103.0,4.205,-4.2,0,1,55222
2026-04-27T03:31:41,18.179632,-48.207077,11.8,15.42,65.9,4,2.9,102.9,4.205,-4.4,0,1,55223
2026-04-27T03:32:10,18.180431,-48.205307,13.9,15.56,68.7,4,2.9,103.0,4.205,-4.2,0,1,55224
2026-04-27T03:32:39,18.181147,-48.203434,15.7,15.74,75.4,5,2.1,102.9,4.205,-4.4,0,1,55225
2026-04-27T03:33:08,18.181881,-48.201576,31.2,14.64,67.8,7,1.8,102.9,4.205,-4.4,0,1,55226
2026-04-27T03:33:37,18.182693,-48.199760,32.3,15.54,61.3,7,1.9,103.0,4.206,-4.2,0,1,55227
2026-04-27T03:34:06,18.183460,-48.197948,32.3,14.29,64.1,7,1.9,102.9,4.206,-4.4,0,1,55228
2026-04-27T03:34:35,18.184189,-48.196144,31.8,13.69,64.2,7,1.9,103.2,4.206,-4.2,0,1,55229
2026-04-27T03:35:04,18.184956,-48.194355,26.4,13.54,64.1,7,1.8,102.6,4.206,-4.2,0,1,55230
2026-04-27T03:35:33,18.185726,-48.192493,25.4,13.97,63.7,7,1.8,102.7,4.205,-4.2,0,1,55231
2026-04-27T03:36:02,18.186447,-48.190678,30.6,14.68,64.6,7,1.8,102.7,4.205,-4.2,0,1,55232
2026-04-27T03:36:31,18.187284,-48.188877,23.6,14.16,65.7,7,1.8,103.0,4.206,-4.2,0,1,55233
2026-04-27T03:37:00,18.188066,-48.187119,20.1,14.24,63.3,7,1.8,103.0,4.205,-4.2,0,1,55234
2026-04-27T03:37:29,18.188742,-48.185303,21.8,14.40,65.8,8,1.7,102.9,4.205,-4.4,0,1,55235
2026-04-27T03:37:58,18.189516,-48.183464,25.0,13.81,63.1,8,1.7,103.0,4.204,-4.2,0,1,55236
2026-04-27T03:38:27,18.190290,-48.181679,18.1,14.30,61.8,8,1.7,102.9,4.206,-4.4,0,1,55237
2026-04-27T03:38:56,18.191055,-48.179855,11.3,13.94,70.1,8,1.7,103.2,4.205,-4.2,0,1,55238
2026-04-27T03:39:25,18.191816,-48.178093,7.0,14.70,67.5,8,1.7,102.7,4.205,-4.2,0,1,55239
2026-04-27T03:39:54,18.192556,-48.176300,5.9,14.37,64.0,7,2.1,103.0,4.205,-4.2,0,1,55240
2026-04-27T03:40:23,18.193306,-48.174435,8.0,13.45,65.5,7,2.0,102.9,4.205,-4.4,0,1,55241
2026-04-27T03:40:52,18.194098,-48.172688,4.4,13.34,62.2,8,1.7,102.7,4.205,-4.2,0,1,55242
2026-04-27T03:41:21,18.194857,-48.170883,-3.1,14.95,67.1,8,1.7,102.9,4.204,-4.4,0,1,55243
2026-04-27T03:41:50,18.195591,-48.169098,-6.7,13.61,61.3,8,1.7,103.0,4.205,-4.2,0,1,55244
2026-04-27T03:42:19,18.196375,-48.167347,-10.9,14.31,67.8,8,1.7,102.7,4.205,-4.2,0,1,55245
2026-04-27T03:42:48,18.197147,-48.165588,-17.9,13.56,60.7,7,2.0,102.9,4.206,-4.4,0,1,55246
2026-04-27T03:43:17,18.198000,-48.163857,-25.2,13.78,54.6,8,1.7,103.0,4.204,-4.2,0,1,55247
2026-04-27T03:43:46,18.198713,-48.162048,-26.3,13.91,61.5,8,1.6,103.0,4.206,-4.2,0,1,55248
2026-04-27T03:44:15,18.199488,-48.160267,-32.7,14.08,60.3,8,1.6,102.9,4.205,-4.4,0,1,55249
2026-04-27T03:44:44,18.200201,-48.158524,-35.0,13.74,62.7,8,1.6,102.9,4.206,-4.4,0,1,55250
2026-04-27T03:45:13,18.200964,-48.156723,-33.8,15.05,56.6,6,1.7,102.7,4.205,-4.2,0,1,55251
2026-04-27T03:45:42,18.201643,-48.154903,-27.3,14.75,65.7,5,2.0,103.0,4.205,-4.2,0,1,55252
2026-04-27T03:46:11,18.202354,-48.153111,-17.7,13.57,63.0,6,1.7,103.2,4.206,-4.2,0,1,55253
2026-04-27T03:46:40,18.203112,-48.151352,-10.0,12.35,65.4,5,2.0,102.9,4.206,-4.4,0,1,55254
2026-04-27T03:47:09,18.203884,-48.149551,-8.9,13.59,67.1,5,2.0,103.0,4.204,-4.2,0,1,55255
2026-04-27T03:47:38,18.204597,-48.147739,-12.4,14.26,72.5,6,1.7,102.9,4.205,-4.4,0,1,55256
2026-04-27T03:48:07,18.205469,-48.145950,-18.3,13.00,78.9,5,2.0,103.0,4.206,-4.2,0,1,55257
2026-04-27T03:48:36,18.206182,-48.144222,-14.4,14.51,65.7,5,2.0,102.7,4.205,-4.2,0,1,55258
2026-04-27T03:49:05,18.206991,-48.142433,-9.0,13.27,65.2,5,2.0,103.2,4.205,-4.2,0,1,55259
2026-04-27T03:49:34,18.207796,-48.140667,-4.6,13.70,66.2,5,2.0,102.7,4.206,-4.2,0,1,55260
2026-04-27T03:50:03,18.208481,-48.138847,-1.8,13.34,73.3,5,2.0,103.0,4.206,-4.2,0,1,55261
2026-04-27T03:50:32,18.209152,-48.137005,0.4,13.20,71.2,5,2.0,103.0,4.205,-4.2,0,1,55262
2026-04-27T03:51:01,18.210001,-48.135246,2.3,13.43,65.5,5,2.0,103.4,4.206,-4.2,0,1,55263
2026-04-27T03:51:30,18.210764,-48.133446,5.6,13.78,65.9,5,2.0,102.9,4.206,-4.4,0,1,55264
2026-04-27T03:51:59,18.211538,-48.131664,7.7,13.72,69.1,5,2.0,103.2,4.206,-4.2,0,1,55265
2026-04-27T03:52:28,18.212263,-48.129852,10.4,14.40,67.9,5,1.9,103.0,4.205,-4.2,0,1,55266
2026-04-27T03:52:57,18.213026,-48.128082,8.7,12.94,71.3,6,1.6,103.4,4.205,-4.2,0,1,55267
2026-04-27T03:53:26,18.213734,-48.126274,6.3,14.41,68.8,6,1.6,102.9,4.205,-4.4,0,1,55268
2026-04-27T03:53:55,18.214527,-48.124535,7.8,13.84,71.4,6,1.6,102.9,4.205,-4.4,0,1,55269
2026-04-27T03:54:24,18.215273,-48.122776,6.2,13.61,66.8,6,1.7,103.0,4.205,-4.2,0,1,55270
2026-04-27T03:54:53,18.216030,-48.120987,-2.0,13.81,68.6,6,1.6,102.9,4.206,-4.4,0,1,55271
2026-04-27T03:55:22,18.216713,-48.119179,1.3,14.23,69.9,6,1.6,103.0,4.204,-4.2,0,1,55272
2026-04-27T03:55:51,18.217480,-48.117428,-0.5,13.43,67.9,5,2.4,102.9,4.206,-4.4,0,1,55273
2026-04-27T03:56:20,18.218185,-48.115646,1.3,13.47,64.2,6,1.6,102.7,4.206,-4.2,0,1,55274
2026-04-27T03:56:49,18.218931,-48.113846,-1.3,13.83,68.0,5,2.4,102.9,4.206,-4.4,0,1,55275
2026-04-27T03:57:18,18.219662,-48.112026,-1.7,13.51,66.8,5,2.4,102.9,4.205,-4.4,0,1,55276
2026-04-27T03:57:47,18.220396,-48.110260,-2.8,13.17,66.9,6,1.6,103.0,4.206,-4.2,0,1,55277
2026-04-27T03:58:16,18.221115,-48.108444,-6.3,13.42,64.6,6,1.6,103.0,4.206,-4.2,0,1,55278
2026-04-27T03:58:45,18.221899,-48.106659,-9.2,13.44,67.9,6,1.6,103.0,4.204,-4.2,0,1,55279
2026-04-27T03:59:14,18.222666,-48.104942,-11.8,13.21,67.4,6,1.6,102.9,4.207,-4.4,0,1,55280
2026-04-27T03:59:43,18.223389,-48.103134,-11.3,14.07,69.2,6,1.6,103.0,4.205,-4.2,0,1,55281
2026-04-27T04:00:12,18.224117,-48.101387,-8.6,14.21,66.7,6,1.6,103.0,4.205,-4.2,0,1,55282
2026-04-27T04:00:41,18.224825,-48.099602,-5.1,13.90,65.6,6,1.6,102.7,4.205,-4.2,0,1,55283
2026-04-27T04:01:10,18.225494,-48.097740,-2.8,13.40,69.9,6,1.6,103.2,4.205,-4.2,0,1,55284
2026-04-27T04:01:39,18.226278,-48.096073,-4.6,13.28,68.1,6,1.5,103.0,4.204,-4.2,0,1,55285
2026-04-27T04:02:08,18.227055,-48.094330,-4.5,13.41,72.1,6,1.5,103.0,4.205,-4.2,0,1,55286
2026-04-27T04:02:37,18.227736,-48.092575,-7.1,13.90,71.2,6,1.5,102.9,4.205,-4.4,0,1,55287
2026-04-27T04:03:06,18.228540,-48.090805,-7.4,14.33,65.4,6,1.5,103.0,4.205,-4.2,0,1,55288
2026-04-27T04:03:35,18.229290,-48.089085,-7.1,13.67,66.4,6,1.5,102.9,4.205,-4.4,0,1,55289
2026-04-27T04:04:04,18.230043,-48.087391,-5.0,12.72,67.1,6,1.5,102.9,4.206,-4.4,0,1,55290
2026-04-27T04:04:33,18.230814,-48.085621,-0.2,13.88,65.4,5,1.6,103.2,4.205,-4.2,0,1,55291
2026-04-27T04:05:02,18.231525,-48.083817,-1.2,14.18,70.0,6,1.5,102.9,4.205,-4.4,0,1,55292
2026-04-27T04:05:31,18.232224,-48.082016,-0.5,13.44,66.8,5,2.6,102.9,4.206,-4.4,0,1,55293
2026-04-27T04:06:00,18.232946,-48.080288,-0.3,13.94,68.1,6,1.5,103.0,4.205,-4.2,0,1,55294
2026-04-27T04:06:29,18.233728,-48.078495,4.1,13.85,69.0,6,1.5,102.9,4.205,-4.4,0,1,55295
2026-04-27T04:06:58,18.234516,-48.076797,5.3,13.56,68.1,6,1.5,103.0,4.204,-4.2,0,1,55296
2026-04-27T04:07:27,18.235201,-48.075008,2.5,13.05,66.2,6,1.5,103.0,4.205,-4.2,0,1,55297
2026-04-27T04:07:56,18.235937,-48.073193,2.6,12.19,69.7,5,1.6,103.0,4.206,-4.2,0,1,55298
2026-04-27T04:08:25,18.236666,-48.071392,6.8,13.21,68.0,6,1.5,102.9,4.205,-4.4,0,1,55299
2026-04-27T04:08:54,18.237417,-48.069633,12.1,13.00,69.3,7,1.5,102.7,4.205,-4.2,0,1,55300
2026-04-27T04:09:23,18.238140,-48.067802,17.0,13.38,67.0,7,1.5,103.2,4.205,-4.2,0,1,55301
2026-04-27T04:09:52,18.238865,-48.066086,24.3,14.17,67.4,7,1.5,103.0,4.205,-4.2,0,1,55302
2026-04-27T04:10:21,18.239622,-48.064293,27.9,13.46,64.9,7,1.5,103.2,4.205,-4.2,0,1,55303
2026-04-27T04:10:50,18.240400,-48.062572,32.5,13.97,63.0,7,1.5,103.0,4.204,-4.2,0,1,55304
2026-04-27T04:11:19,18.241058,-48.060780,26.6,12.31,68.3,7,1.4,102.9,4.206,-4.4,0,1,55305
2026-04-27T04:11:48,18.241678,-48.059032,14.8,13.48,68.1,8,1.4,103.0,4.207,-4.2,0,1,55306
2026-04-27T04:12:17,18.242331,-48.057243,6.2,12.88,68.2,8,1.4,103.0,4.204,-4.2,0,1,55307
2026-04-27T04:12:46,18.243042,-48.055496,2.5,14.19,66.2,8,1.4,103.0,4.206,-4.2,0,1,55308
2026-04-27T04:13:15,18.243731,-48.053738,1.7,13.65,66.2,8,1.4,103.0,4.205,-4.2,0,1,55309
2026-04-27T04:13:44,18.244444,-48.052021,1.3,13.40,65.0,8,1.4,102.9,4.205,-4.4,0,1,55310
2026-04-27T04:14:13,18.245241,-48.050194,5.0,13.55,64.9,7,1.9,102.9,4.205,-4.4,0,1,55311
2026-04-27T04:14:42,18.245926,-48.048424,1.2,13.43,67.8,8,1.4,102.7,4.206,-4.2,0,1,55312
2026-04-27T04:15:11,18.246635,-48.046650,1.5,13.76,66.0,8,1.4,103.0,4.205,-4.2,0,1,55313
2026-04-27T04:15:40,18.247362,-48.044903,0.5,12.99,68.2,8,1.4,103.0,4.206,-4.2,0,1,55314
2026-04-27T04:16:09,18.248098,-48.043137,0.4,13.92,65.9,7,1.9,103.0,4.206,-4.2,0,1,55315
2026-04-27T04:16:38,18.248804,-48.041374,0.4,12.86,66.1,8,1.4,102.7,4.205,-4.2,0,1,55316
2026-04-27T04:17:07,18.249523,-48.039658,5.0,13.87,70.2,8,1.4,102.9,4.206,2738.9,0,1,55317
2026-04-27T04:17:36,18.250296,-48.037941,9.2,14.13,65.2,8,1.4,102.7,4.206,-4.2,0,1,55318
2026-04-27T04:18:05,18.251036,-48.036114,9.4,13.34,65.2,8,1.4,102.7,4.205,-4.2,0,1,55319
2026-04-27T04:18:34,18.251766,-48.034378,7.1,13.95,63.3,7,2.0,102.7,4.206,-4.2,0,1,55320
2026-04-27T04:19:03,18.252476,-48.032619,11.9,13.76,68.3,7,2.0,102.9,4.206,-4.4,0,1,55321
2026-04-27T04:19:32,18.253311,-48.030907,20.5,14.51,61.7,7,2.0,102.9,4.206,-4.4,0,1,55322
2026-04-27T04:20:01,18.254108,-48.029209,23.5,13.21,59.1,7,2.0,102.9,4.206,-4.4,0,1,55323
2026-04-27T04:20:30,18.254837,-48.027428,27.9,12.91,75.3,7,2.0,102.9,4.207,-4.4,0,1,55324
2026-04-27T04:20:59,18.255644,-48.025696,30.3,13.89,59.2,7,2.0,103.2,4.206,-4.2,0,1,55325
2026-04-27T04:21:28,18.256313,-48.023930,26.4,12.96,69.3,7,2.0,103.2,4.205,-4.2,0,1,55326
2026-04-27T04:21:57,18.257034,-48.022167,25.4,13.70,72.3,8,1.3,103.2,4.205,-4.2,0,1,55327
2026-04-27T04:22:26,18.257822,-48.020443,28.9,13.37,61.2,8,1.3,102.7,4.205,-4.2,0,1,55328
2026-04-27T04:22:55,18.258526,-48.018646,32.7,13.51,64.3,7,2.0,102.9,4.205,-4.4,0,1,55329
2026-04-27T04:23:24,18.259289,-48.016968,38.1,12.71,69.7,8,1.3,102.9,4.206,-4.4,0,1,55330
2026-04-27T04:23:53,18.260038,-48.015213,39.3,13.64,63.6,8,1.3,102.7,4.205,-4.2,0,1,55331
2026-04-27T04:24:22,18.260769,-48.013447,38.1,13.71,65.9,8,1.3,103.0,4.205,-4.2,0,1,55332
2026-04-27T04:24:51,18.261522,-48.011711,35.7,13.88,60.5,7,2.0,103.0,4.205,-4.2,0,1,55333
2026-04-27T04:25:20,18.262217,-48.009945,36.2,13.85,65.9,7,2.0,103.0,4.205,-4.2,0,1,55334
2026-04-27T04:25:49,18.262995,-48.008190,35.2,13.39,67.4,8,1.3,102.7,4.206,-4.2,0,1,55335
2026-04-27T04:26:18,18.263729,-48.006405,33.1,12.62,71.4,8,1.3,103.0,4.205,-4.2,0,1,55336
2026-04-27T04:26:47,18.264488,-48.004650,31.5,14.05,66.3,8,1.3,102.9,4.206,-4.4,0,1,55337
2026-04-27T04:27:16,18.265144,-48.002815,27.3,13.48,67.2,8,1.3,102.9,4.206,-4.4,0,1,55338
2026-04-27T04:27:45,18.265911,-48.001087,29.1,12.70,68.2,5,3.0,102.9,4.206,-4.4,0,1,55339
2026-04-27T04:28:14,18.266712,-47.999374,34.9,13.07,64.7,8,1.3,103.0,4.205,-4.2,0,1,55340
2026-04-27T04:28:43,18.267469,-47.997528,35.8,13.66,66.4,7,1.4,103.0,4.205,-4.2,0,1,55341
2026-04-27T04:29:12,18.268141,-47.995712,33.0,12.97,73.7,7,1.3,103.0,4.205,-4.2,0,1,55342
2026-04-27T04:29:41,18.268860,-47.993893,24.2,13.47,67.9,7,1.3,102.9,4.205,-4.4,0,1,55343
2026-04-27T04:30:10,18.269590,-47.992126,21.9,14.00,65.5,7,1.3,102.9,4.206,-4.4,0,1,55344
2026-04-27T04:30:39,18.270317,-47.990356,21.4,13.56,65.1,6,2.5,102.9,4.204,-4.4,0,1,55345
2026-04-27T04:31:08,18.271042,-47.988575,16.0,13.51,65.5,7,1.3,102.9,4.205,-4.4,0,1,55346
2026-04-27T04:31:37,18.271738,-47.986794,19.0,13.54,68.1,7,1.3,103.0,4.204,-4.2,0,1,55347
2026-04-27T04:32:06,18.272423,-47.985001,17.1,14.23,70.7,7,1.3,102.9,4.206,-4.4,0,1,55348
2026-04-27T04:32:35,18.273178,-47.983276,13.4,13.57,65.6,7,1.3,102.9,4.207,-4.4,0,1,55349
2026-04-27T04:33:04,18.273895,-47.981503,12.1,13.11,71.6,7,1.4,103.0,4.206,-4.2,0,1,55350
2026-04-27T04:33:33,18.274668,-47.979717,10.3,13.63,68.2,7,1.3,102.7,4.204,-4.2,0,1,55351
2026-04-27T04:34:02,18.275404,-47.977962,5.4,13.42,67.2,7,1.3,102.9,4.205,-4.4,0,1,55352
2026-04-27T04:34:31,18.276138,-47.976181,3.4,13.87,67.6,7,1.9,102.7,4.206,-4.2,0,1,55353
2026-04-27T04:35:00,18.276836,-47.974438,5.0,12.89,71.0,8,1.3,102.9,4.205,2738.9,0,1,55354
2026-04-27T04:35:29,18.277584,-47.972717,0.8,13.39,67.3,7,2.6,102.9,4.206,-4.4,0,1,55355
2026-04-27T04:35:58,18.278362,-47.970928,-4.1,14.02,62.0,7,1.9,103.0,4.206,-4.2,0,1,55356
2026-04-27T04:36:27,18.279060,-47.969074,-5.7,13.70,70.2,7,1.9,103.0,4.205,-4.2,0,1,55357
2026-04-27T04:36:56,18.279758,-47.967346,-6.8,13.25,71.3,8,1.2,103.0,4.206,-4.2,0,1,55358
2026-04-27T04:37:25,18.280506,-47.965633,-8.6,13.29,67.7,7,1.9,103.0,4.205,-4.2,0,1,55359
2026-04-27T04:37:54,18.281199,-47.963844,-15.6,12.80,64.1,7,1.4,103.0,4.205,-4.2,0,1,55360
2026-04-27T04:38:23,18.281919,-47.962093,-21.3,13.57,67.5,7,1.9,102.7,4.206,-4.2,0,1,55361
2026-04-27T04:38:52,18.282608,-47.960274,-26.9,13.45,71.2,7,1.9,103.2,4.204,-4.2,0,1,55362
2026-04-27T04:39:21,18.283304,-47.958511,-30.1,13.04,68.4,8,1.2,103.0,4.206,-4.2,0,1,55363
2026-04-27T04:39:50,18.284042,-47.956722,-30.5,12.90,70.2,8,1.2,103.0,4.205,-4.2,0,1,55364
2026-04-27T04:40:19,18.284903,-47.954891,-27.2,14.23,65.9,9,1.2,103.0,4.206,-4.2,0,1,55365
2026-04-27T04:40:48,18.285652,-47.953163,-19.7,13.16,67.9,8,1.3,102.9,4.206,-4.4,0,1,55366
2026-04-27T04:41:17,18.286488,-47.951427,-17.7,14.37,62.5,7,1.8,103.0,4.205,-4.2,0,1,55367
2026-04-27T04:41:46,18.287239,-47.949650,-17.4,13.74,65.9,9,1.2,103.0,4.206,-4.2,0,1,55368
2026-04-27T04:42:15,18.288033,-47.947865,-13.8,14.46,60.0,8,1.8,102.9,4.205,-4.4,0,1,55369
2026-04-27T04:42:44,18.288818,-47.946121,-11.4,14.09,59.2,7,2.6,102.9,4.206,-4.4,0,1,55370
2026-04-27T04:43:13,18.289476,-47.944321,-9.5,14.11,74.2,7,2.6,102.9,4.206,-4.4,0,1,55371
2026-04-27T04:43:42,18.290329,-47.942585,-5.3,14.06,63.0,7,2.6,102.9,4.205,-4.4,0,1,55372
2026-04-27T04:44:11,18.291056,-47.940830,-4.6,13.88,65.4,7,2.6,102.7,4.206,-4.2,0,1,55373
2026-04-27T04:44:40,18.291824,-47.939041,-12.2,12.89,65.6,7,2.6,102.7,4.205,-4.2,0,1,55374
2026-04-27T04:45:09,18.292631,-47.937275,-4.2,13.52,61.1,7,2.6,103.2,4.205,-4.2,0,1,55375
2026-04-27T04:45:38,18.293306,-47.935478,1.4,14.04,64.1,7,2.6,103.0,4.205,-4.2,0,1,55376
2026-04-27T04:46:07,18.293947,-47.933643,-8.3,13.90,69.2,8,2.6,103.0,4.205,-4.2,0,1,55377
2026-04-27T04:46:36,18.294697,-47.931934,-5.5,14.42,70.0,8,2.6,102.9,4.205,-4.4,0,1,55378
2026-04-27T04:47:05,18.295385,-47.930092,-3.3,12.83,79.5,8,2.6,103.0,4.205,2743.3,0,1,55379
2026-04-27T04:47:34,18.296314,-47.928391,-6.7,13.80,64.8,7,2.7,102.9,4.205,-4.4,0,1,55380
2026-04-27T04:48:03,18.297016,-47.926548,-17.7,13.18,67.3,7,2.7,102.7,4.206,-4.2,0,1,55381
2026-04-27T04:48:32,18.297678,-47.924751,-27.0,13.03,73.3,7,2.7,102.9,4.205,-4.4,0,1,55382
2026-04-27T04:49:01,18.298241,-47.922909,-56.1,12.92,73.8,7,2.7,102.9,4.205,-4.4,0,1,55383
2026-04-27T04:49:30,18.298922,-47.921120,-72.6,13.76,66.3,7,2.7,102.7,4.205,-4.2,0,1,55384
2026-04-27T04:49:59,18.299547,-47.919285,-83.4,13.42,66.9,7,2.7,102.7,4.206,-4.2,0,1,55385
2026-04-27T04:50:28,18.300455,-47.917522,-58.7,13.57,67.2,7,2.7,103.0,4.205,-4.2,0,1,55386
2026-04-27T04:50:57,18.301207,-47.915779,-53.6,13.24,69.3,7,2.7,103.0,4.206,-4.2,0,1,55387
2026-04-27T04:51:26,18.301933,-47.913952,-54.8,13.14,64.9,7,2.7,103.0,4.206,-4.2,0,1,55388
2026-04-27T04:51:55,18.302652,-47.912186,-59.9,13.66,71.2,7,2.7,103.0,4.205,-4.2,0,1,55389
2026-04-27T04:52:24,18.303644,-47.910522,-37.2,13.82,64.3,7,2.7,103.0,4.205,-4.2,0,1,55390
2026-04-27T04:52:53,18.304413,-47.908733,-18.4,13.15,64.6,7,2.7,102.9,4.206,-4.4,0,1,55391
2026-04-27T04:53:22,18.305231,-47.906979,-14.6,14.25,65.7,7,2.7,102.9,4.206,-4.4,0,1,55392
2026-04-27T04:53:51,18.305967,-47.905186,-17.3,13.15,65.7,7,2.7,102.7,4.207,-4.2,0,1,55393
2026-04-27T04:54:20,18.306803,-47.903389,-11.8,12.99,66.7,7,2.7,102.9,4.205,-4.4,0,1,55394
2026-04-27T04:54:49,18.307320,-47.901669,-17.2,12.84,70.0,7,2.7,103.0,4.205,-4.2,0,1,55395
2026-04-27T04:55:18,18.307936,-47.899849,-15.3,13.71,63.3,7,2.7,102.9,4.206,-4.4,0,1,55396
2026-04-27T04:55:47,18.308601,-47.898056,-14.8,12.67,67.5,7,2.7,102.9,4.205,-4.4,0,1,55397
2026-04-27T04:56:16,18.309277,-47.896267,-12.7,13.53,68.2,7,2.7,102.9,4.205,-4.4,0,1,55398
2026-04-27T04:56:45,18.310064,-47.894497,-12.5,12.37,67.4,7,2.6,102.7,4.206,-4.2,0,1,55399
2026-04-27T04:57:14,18.310772,-47.892727,-16.1,13.51,68.4,7,2.6,103.2,4.204,-4.2,0,1,55400
2026-04-27T04:57:43,18.311502,-47.890968,-17.1,13.96,63.3,7,2.6,102.9,4.205,-4.4,0,1,55401
2026-04-27T04:58:12,18.312157,-47.889191,-16.1,14.46,68.0,7,2.6,102.7,4.205,-4.2,0,1,55402
2026-04-27T04:58:41,18.312967,-47.887497,-13.6,13.33,68.2,7,2.6,102.7,4.206,-4.2,0,1,55403
2026-04-27T04:59:10,18.313688,-47.885666,-17.5,12.69,62.2,7,4.1,103.2,4.206,-4.2,0,1,55404
2026-04-27T04:59:39,18.314426,-47.883961,-15.2,13.85,64.1,7,2.6,102.7,4.205,-4.2,0,1,55405
2026-04-27T05:00:08,18.315060,-47.882210,-17.7,12.44,66.4,7,2.6,102.9,4.205,-4.4,0,1,55406
2026-04-27T05:00:37,18.315813,-47.880501,-26.5,14.14,67.8,7,2.6,102.7,4.204,-4.2,0,1,55407
2026-04-27T05:01:06,18.316532,-47.878712,-44.0,13.68,68.3,7,2.6,102.9,4.206,-4.4,0,1,55408
2026-04-27T05:01:35,18.317137,-47.876938,-50.2,13.68,63.0,7,2.6,102.9,4.205,-4.4,0,1,55409
2026-04-27T05:02:04,18.318184,-47.875240,-32.5,13.90,64.1,7,2.6,103.0,4.206,-4.2,0,1,55410
2026-04-27T05:02:33,18.318819,-47.873478,-37.2,13.12,64.1,7,2.6,103.0,4.205,-4.2,0,1,55411
2026-04-27T05:03:02,18.319784,-47.871761,-26.2,11.53,62.0,7,2.6,102.9,4.205,-4.4,0,1,55412
2026-04-27T05:03:31,18.320412,-47.869972,-35.8,12.70,68.0,7,2.5,102.9,4.206,-4.4,0,1,55413
2026-04-27T05:04:00,18.321142,-47.868286,-44.4,13.23,67.8,7,2.5,102.9,4.204,-4.4,0,1,55414
2026-04-27T05:04:29,18.321833,-47.866558,-47.1,12.73,63.8,7,2.5,102.7,4.206,-4.2,0,1,55415
2026-04-27T05:04:58,18.322500,-47.864777,-54.2,13.04,70.6,7,2.5,102.7,4.205,-4.2,0,1,55416
2026-04-27T05:05:27,18.323261,-47.863129,-48.5,13.00,64.2,7,2.5,102.9,4.205,-4.4,0,1,55417
2026-04-27T05:05:56,18.323950,-47.861370,-50.1,12.74,64.0,7,2.5,102.9,4.206,-4.4,0,1,55418
2026-04-27T05:06:25,18.324652,-47.859631,-51.5,12.22,67.1,7,2.5,102.9,4.205,-4.4,0,1,55419
2026-04-27T05:06:54,18.325241,-47.857929,-59.7,12.12,66.7,7,2.5,103.0,4.206,-4.2,0,1,55420
2026-04-27T05:07:23,18.326002,-47.856194,-58.4,12.95,71.5,7,2.5,103.0,4.205,-4.2,0,1,55421
2026-04-27T05:07:52,18.326660,-47.854485,-53.8,12.15,67.8,7,2.5,103.2,4.205,-4.2,0,1,55422
2026-04-27T05:08:21,18.327398,-47.852783,-47.6,12.77,65.0,7,2.5,103.2,4.205,-4.2,0,1,55423
2026-04-27T05:08:50,18.328115,-47.851051,-44.1,13.43,68.6,7,2.5,102.7,4.206,-4.2,0,1,55424
2026-04-27T05:09:19,18.328854,-47.849358,-36.3,12.13,68.7,7,2.4,102.7,4.206,-4.2,0,1,55425
2026-04-27T05:09:48,18.329590,-47.847633,-36.3,13.50,67.1,7,2.4,103.0,4.205,-4.2,0,1,55426
2026-04-27T05:10:17,18.330246,-47.845974,-44.4,12.97,69.6,7,2.4,103.0,4.206,-4.2,0,1,55427
2026-04-27T05:10:46,18.330919,-47.844219,-52.7,12.69,76.0,7,2.4,103.2,4.206,-4.2,0,1,55428
2026-04-27T05:11:15,18.331648,-47.842476,-55.5,12.86,72.2,7,2.4,102.9,4.206,-4.4,0,1,55429
2026-04-27T05:11:44,18.332407,-47.840729,-50.7,13.11,70.6,7,2.4,103.0,4.205,-4.2,0,1,55430
2026-04-27T05:12:13,18.333162,-47.839020,-43.0,13.17,69.5,7,2.4,103.0,4.207,-4.2,0,1,55431
2026-04-27T05:12:42,18.333900,-47.837315,-33.3,11.96,68.4,7,2.4,103.0,4.206,-4.2,0,1,55432
2026-04-27T05:13:11,18.334692,-47.835579,-23.6,13.45,61.9,7,2.4,102.7,4.205,-4.2,0,1,55433
2026-04-27T05:13:40,18.335466,-47.833843,-16.8,13.01,64.5,7,2.3,102.9,4.206,-4.4,0,1,55434
2026-04-27T05:14:09,18.336102,-47.832077,-29.9,13.21,70.7,7,2.3,103.0,4.205,-4.2,0,1,55435
2026-04-27T05:14:38,18.336742,-47.830368,-36.8,13.05,70.5,7,2.3,102.9,4.207,-4.4,0,1,55436
2026-04-27T05:15:07,18.337463,-47.828671,-38.8,12.19,66.8,6,2.3,102.9,4.205,-4.4,0,1,55437
2026-04-27T05:15:36,18.338236,-47.826900,-34.6,13.19,67.5,7,2.3,102.9,4.205,-4.4,0,1,55438
2026-04-27T05:16:05,18.338999,-47.825172,-32.0,13.50,68.7,7,2.3,103.0,4.205,-4.2,0,1,55439
2026-04-27T05:16:34,18.339705,-47.823475,-41.4,11.80,70.1,7,2.3,103.0,4.205,-4.2,0,1,55440
2026-04-27T05:17:03,18.340393,-47.821739,-45.2,12.11,69.1,7,2.3,102.9,4.206,-4.4,0,1,55441
2026-04-27T05:17:32,18.341131,-47.820007,-39.7,12.37,61.6,7,2.3,102.7,4.205,-4.2,0,1,55442
2026-04-27T05:18:01,18.341806,-47.818272,-40.9,12.45,67.1,7,2.2,103.0,4.205,-4.2,0,1,55443
2026-04-27T05:18:30,18.342396,-47.816517,-51.1,12.39,65.0,7,2.2,103.0,4.206,-4.2,0,1,55444
2026-04-27T05:18:59,18.343418,-47.814827,-39.8,13.24,61.4,8,1.7,102.9,4.204,-4.4,0,1,55445
2026-04-27T05:19:28,18.344086,-47.813076,-53.8,13.25,72.6,8,1.7,102.7,4.204,-4.2,0,1,55446
2026-04-27T05:19:57,18.344858,-47.811359,-48.0,12.98,67.4,8,1.7,102.9,4.206,-4.4,0,1,55447
2026-04-27T05:20:26,18.345570,-47.809624,-40.0,13.26,71.7,8,1.7,102.9,4.205,-4.4,0,1,55448
2026-04-27T05:20:55,18.346325,-47.807934,-35.5,14.00,64.1,8,1.7,103.0,4.207,-4.2,0,1,55449
2026-04-27T05:21:24,18.347073,-47.806259,-32.2,13.72,62.0,8,1.7,102.9,4.205,-4.4,0,1,55450
2026-04-27T05:21:53,18.347755,-47.804554,-26.7,12.54,62.3,9,1.5,103.2,4.206,-4.2,0,1,55451
2026-04-27T05:22:22,18.348492,-47.802773,-13.4,13.54,68.0,9,1.5,102.7,4.205,-4.2,0,1,55452
2026-04-27T05:22:51,18.349188,-47.801067,-8.1,12.84,68.0,9,1.5,103.0,4.205,-4.2,0,1,55453
2026-04-27T05:23:20,18.349924,-47.799355,-6.5,13.56,65.0,9,1.5,102.9,4.205,-4.4,0,1,55454
2026-04-27T05:23:49,18.350653,-47.797638,-1.0,13.28,67.2,9,1.5,103.0,4.204,-4.2,0,1,55455
2026-04-27T05:24:18,18.351379,-47.795891,6.1,13.79,64.7,9,1.5,102.7,4.205,-4.2,0,1,55456
2026-04-27T05:24:47,18.352041,-47.794136,-0.2,13.50,67.5,9,1.5,102.9,4.206,-4.4,0,1,55457
2026-04-27T05:25:16,18.352819,-47.792427,3.7,13.41,66.3,9,1.5,102.7,4.205,-4.2,0,1,55458
2026-04-27T05:25:45,18.353518,-47.790695,-7.6,13.74,68.3,9,1.5,103.0,4.205,-4.2,0,1,55459
2026-04-27T05:26:14,18.354176,-47.788929,-7.8,13.00,67.4,9,1.5,102.7,4.206,-4.2,0,1,55460
2026-04-27T05:26:43,18.354950,-47.787197,-12.4,13.78,63.2,9,1.5,102.9,4.205,-4.4,0,1,55461
2026-04-27T05:27:12,18.355648,-47.785469,-14.5,12.92,64.9,9,1.5,103.0,4.207,-4.2,0,1,55462
2026-04-27T05:27:41,18.356398,-47.783730,-11.2,13.10,64.7,9,1.5,103.0,4.205,-4.2,0,1,55463
2026-04-27T05:28:10,18.357096,-47.782001,-12.0,13.35,64.4,9,1.5,102.9,4.206,-4.4,0,1,55464
2026-04-27T05:28:39,18.357878,-47.780254,-2.8,13.48,66.5,9,1.5,103.2,4.205,-4.2,0,1,55465
2026-04-27T05:29:08,18.358551,-47.778580,4.7,12.86,64.1,9,1.5,102.9,4.205,-4.4,0,1,55466
2026-04-27T05:29:37,18.359289,-47.776783,15.6,13.74,76.9,9,1.5,103.0,4.206,-4.2,0,1,55467
2026-04-27T05:30:06,18.359928,-47.775070,6.1,13.16,72.7,8,1.6,103.2,4.207,-4.2,0,1,55468
2026-04-27T05:30:35,18.360706,-47.773380,1.2,13.41,69.2,8,1.6,103.2,4.206,-4.2,0,1,55469
2026-04-27T05:31:04,18.361467,-47.771664,3.6,13.90,67.8,8,1.6,103.2,4.205,-4.2,0,1,55470
2026-04-27T05:31:33,18.362223,-47.769985,0.1,12.95,56.3,8,1.6,102.6,4.205,-4.2,0,1,55471
2026-04-27T05:32:02,18.362877,-47.768261,-5.7,12.45,68.2,8,1.6,102.9,4.205,-4.4,0,1,55472
2026-04-27T05:32:31,18.363569,-47.766533,-4.3,13.43,68.6,8,1.6,102.9,4.206,-4.4,0,1,55473
2026-04-27T05:33:00,18.364283,-47.764793,-0.8,12.95,62.3,9,1.5,103.0,4.204,-4.2,0,1,55474
2026-04-27T05:33:29,18.364986,-47.763073,-1.6,13.45,62.9,9,1.5,103.2,4.205,-4.2,0,1,55475
2026-04-27T05:33:58,18.365711,-47.761364,5.8,12.92,66.8,9,1.5,103.0,4.206,-4.2,0,1,55476
2026-04-27T05:34:27,18.366440,-47.759583,4.7,13.39,68.0,9,1.5,102.9,4.205,-4.4,0,1,55477
2026-04-27T05:34:56,18.367153,-47.757881,8.0,13.07,63.6,9,1.5,103.0,4.204,-4.2,0,1,55478
2026-04-27T05:35:25,18.367922,-47.756165,8.1,12.96,62.2,9,1.5,102.9,4.206,-4.4,0,1,55479
2026-04-27T05:35:54,18.368605,-47.754440,7.8,14.02,65.0,9,1.5,103.0,4.206,-4.2,0,1,55480
2026-04-27T05:36:23,18.369373,-47.752731,9.6,13.29,64.6,9,1.5,103.0,4.206,-4.2,0,1,55481
2026-04-27T05:36:52,18.370041,-47.750969,5.7,13.50,66.4,9,1.5,102.9,4.206,-4.4,0,1,55482
2026-04-27T05:37:21,18.370749,-47.749287,5.4,12.45,68.4,8,2.3,103.0,4.205,-4.2,0,1,55483
2026-04-27T05:37:50,18.371548,-47.747501,18.2,12.92,63.3,9,1.5,102.9,4.206,-4.4,0,1,55484
2026-04-27T05:38:19,18.372229,-47.745804,20.6,12.67,61.3,10,1.4,102.7,4.206,-4.2,0,1,55485
2026-04-27T05:38:48,18.372950,-47.744133,15.5,13.58,67.1,10,1.4,102.9,4.206,-4.4,0,1,55486
2026-04-27T05:39:17,18.373684,-47.742367,21.0,13.55,67.2,10,1.4,102.9,4.206,-4.4,0,1,55487
2026-04-27T05:39:46,18.374403,-47.740582,29.9,13.65,62.2,9,1.5,102.7,4.207,-4.2,0,1,55488
2026-04-27T05:40:15,18.375109,-47.738903,25.7,13.10,65.5,9,1.5,103.0,4.207,-4.2,0,1,55489
2026-04-27T05:40:44,18.375830,-47.737186,25.7,12.86,64.1,10,1.4,102.9,4.204,-4.4,0,1,55490
2026-04-27T05:41:13,18.376490,-47.735508,18.1,13.62,65.6,11,1.4,102.9,4.206,-4.4,0,1,55491
2026-04-27T05:41:42,18.377178,-47.733768,9.5,13.12,65.7,11,1.4,103.0,4.205,-4.2,0,1,55492
2026-04-27T05:42:11,18.377716,-47.732079,6.8,13.53,68.8,11,1.4,102.9,4.206,-4.4,0,1,55493
2026-04-27T05:42:40,18.378426,-47.730350,5.0,12.31,63.1,11,1.4,102.9,4.206,-4.4,0,1,55494
2026-04-27T05:43:09,18.379156,-47.728600,4.5,13.11,61.1,11,1.3,102.7,4.206,-4.2,0,1,55495
2026-04-27T05:43:38,18.379782,-47.726894,-2.3,13.17,68.3,11,1.3,102.7,4.204,-4.2,0,1,55496
2026-04-27T05:44:07,18.380428,-47.725094,6.6,13.88,70.7,10,1.8,103.0,4.206,-4.2,0,1,55497
2026-04-27T05:44:36,18.381193,-47.723423,10.4,13.44,70.2,11,1.3,103.2,4.206,-4.2,0,1,55498
2026-04-27T05:45:05,18.381886,-47.721676,13.0,13.66,70.2,9,1.5,102.9,4.204,-4.4,0,1,55499
2026-04-27T05:45:34,18.382601,-47.719955,14.8,13.85,74.1,9,1.5,103.0,4.204,-4.2,0,1,55500
2026-04-27T05:46:03,18.383484,-47.718300,7.0,13.44,61.5,9,1.5,102.7,4.206,-4.2,0,1,55501
2026-04-27T05:46:32,18.384169,-47.716545,6.8,13.33,66.1,9,1.5,102.7,4.206,-4.2,0,1,55502
2026-04-27T05:47:01,18.384834,-47.714828,6.0,12.78,64.9,8,2.0,102.9,4.205,-4.4,0,1,55503
2026-04-27T05:47:30,18.385492,-47.713154,1.9,12.46,68.4,9,1.5,102.7,4.207,-4.2,0,1,55504
2026-04-27T05:47:59,18.386126,-47.711365,-0.9,13.26,69.6,8,2.0,102.7,4.205,-4.2,0,1,55505
2026-04-27T05:48:28,18.386948,-47.709694,2.7,13.10,61.6,9,1.5,102.7,4.204,-4.2,0,1,55506
2026-04-27T05:48:57,18.387724,-47.708008,4.0,12.94,64.7,9,1.5,102.7,4.205,-4.2,0,1,55507
2026-04-27T05:49:26,18.388468,-47.706261,7.9,13.38,68.0,9,1.5,103.0,4.204,-4.2,0,1,55508
2026-04-27T05:49:55,18.389122,-47.704487,3.6,12.68,66.8,9,1.5,103.0,4.206,-4.2,0,1,55509
2026-04-27T05:50:24,18.389799,-47.702724,1.1,12.89,69.1,9,1.5,102.9,4.205,-4.4,0,1,55510
2026-04-27T05:50:53,18.390594,-47.700981,2.5,14.82,62.4,9,1.4,102.9,4.206,-4.4,0,1,55511
2026-04-27T05:51:22,18.391294,-47.699284,6.5,12.83,69.2,8,2.0,102.7,4.205,-4.2,0,1,55512
2026-04-27T05:51:51,18.392090,-47.697601,2.9,12.16,56.0,8,2.0,102.9,4.206,-4.4,0,1,55513
2026-04-27T05:52:20,18.392815,-47.695900,2.5,12.88,68.6,9,1.4,103.0,4.205,-4.2,0,1,55514
2026-04-27T05:52:49,18.393620,-47.694195,4.9,13.71,67.2,9,1.4,102.9,4.206,-4.4,0,1,55515
2026-04-27T05:53:18,18.394247,-47.692513,0.7,13.17,68.8,9,1.4,102.9,4.206,-4.4,0,1,55516
2026-04-27T05:53:47,18.395082,-47.690727,-3.7,14.48,59.8,9,1.4,102.9,4.206,-4.4,0,1,55517
2026-04-27T05:54:16,18.395870,-47.689083,-2.4,13.79,55.2,9,1.4,103.0,4.206,-4.2,0,1,55518
2026-04-27T05:54:45,18.396418,-47.687370,-13.8,13.18,75.1,10,1.3,102.9,4.206,-4.4,0,1,55519
2026-04-27T05:55:14,18.397171,-47.685699,-10.7,12.95,69.6,10,1.3,103.0,4.205,-4.2,0,1,55520
2026-04-27T05:55:43,18.398001,-47.683907,-0.6,14.12,65.7,11,1.3,102.7,4.205,-4.2,0,1,55521
2026-04-27T05:56:12,18.398571,-47.682232,-1.2,12.97,68.1,10,1.9,102.9,4.205,-4.4,0,1,55522
2026-04-27T05:56:41,18.399351,-47.680538,0.9,12.79,67.1,11,1.3,103.0,4.205,-4.2,0,1,55523
2026-04-27T05:57:10,18.400106,-47.678799,-1.0,13.54,67.3,11,1.3,102.7,4.206,-4.2,0,1,55524
2026-04-27T05:57:39,18.400833,-47.677147,-1.6,13.94,57.5,10,1.9,102.9,4.206,-4.4,0,1,55525
2026-04-27T05:58:08,18.401539,-47.675423,3.5,13.28,59.5,10,1.9,102.9,4.205,-4.4,0,1,55526
2026-04-27T05:58:37,18.402233,-47.673672,3.8,12.68,68.4,10,1.9,102.7,4.205,-4.2,0,1,55527
2026-04-27T05:59:06,18.402964,-47.671947,4.5,13.75,63.7,10,1.9,102.9,4.205,-4.4,0,1,55528
2026-04-27T05:59:35,18.403631,-47.670212,2.2,12.53,71.2,10,1.9,102.9,4.205,-4.4,0,1,55529
2026-04-27T06:00:04,18.404366,-47.668499,0.7,13.93,63.3,11,1.3,102.9,4.205,-4.4,0,1,55530
2026-04-27T06:00:33,18.405144,-47.666809,1.4,13.44,63.0,10,1.9,103.0,4.205,-4.2,0,1,55531
2026-04-27T06:01:02,18.405874,-47.665028,7.5,13.26,64.8,10,1.9,103.0,4.205,2743.3,0,1,55532
2026-04-27T06:01:31,18.406530,-47.663345,5.2,13.04,68.2,10,1.9,102.9,4.206,-4.4,0,1,55533
2026-04-27T06:02:00,18.407238,-47.661644,6.7,12.77,69.4,9,2.0,102.9,4.206,-4.4,0,1,55534
2026-04-27T06:02:29,18.407921,-47.659981,0.6,12.46,69.0,9,2.0,102.9,4.205,-4.4,0,1,55535
2026-04-27T06:02:58,18.408506,-47.658272,3.2,12.87,67.8,9,2.0,103.2,4.205,-4.2,0,1,55536
2026-04-27T06:03:27,18.409290,-47.656586,1.8,12.71,64.4,9,2.0,102.7,4.204,-4.2,0,1,55537
2026-04-27T06:03:56,18.410069,-47.654858,7.6,13.38,58.7,9,2.0,102.9,4.205,-4.4,0,1,55538
2026-04-27T06:04:25,18.410721,-47.653130,11.4,12.60,61.7,9,2.0,102.7,4.205,-4.2,0,1,55539
2026-04-27T06:04:54,18.411505,-47.651440,17.9,14.05,60.8,9,2.0,102.9,4.204,-4.4,0,1,55540
2026-04-27T06:05:23,18.412073,-47.649742,11.0,12.66,63.2,9,2.0,103.0,4.205,-4.2,0,1,55541
2026-04-27T06:05:52,18.412786,-47.648026,12.6,12.58,61.9,9,2.0,102.9,4.204,-4.4,0,1,55542
2026-04-27T06:06:21,18.413540,-47.646313,20.5,12.77,69.0,9,2.0,103.0,4.205,-4.2,0,1,55543
2026-04-27T06:06:50,18.414255,-47.644638,23.8,13.70,65.8,9,2.0,102.9,4.205,-4.4,0,1,55544
2026-04-27T06:07:19,18.414930,-47.642921,25.3,13.32,65.6,9,2.0,103.0,4.206,-4.2,0,1,55545
2026-04-27T06:07:48,18.415714,-47.641205,24.3,13.55,62.3,9,2.0,102.7,4.205,-4.2,0,1,55546
2026-04-27T06:08:17,18.416435,-47.639481,29.8,13.27,65.6,9,2.0,103.0,4.204,-4.2,0,1,55547
2026-04-27T06:08:46,18.417215,-47.637733,35.9,13.64,64.1,9,1.9,102.9,4.204,-4.4,0,1,55548
2026-04-27T06:09:15,18.417841,-47.636002,32.4,14.18,69.5,9,1.9,102.7,4.205,-4.2,0,1,55549
2026-04-27T06:09:44,18.418495,-47.634308,24.4,11.71,70.0,9,1.9,102.7,4.205,-4.2,0,1,55550
2026-04-27T06:10:13,18.419189,-47.632526,23.5,11.41,68.3,9,1.9,102.9,4.206,-4.4,0,1,55551
2026-04-27T06:10:42,18.419949,-47.630814,28.6,12.23,68.4,9,1.9,102.9,4.207,-4.4,0,1,55552
2026-04-27T06:11:11,18.420685,-47.629219,23.6,12.83,67.5,9,1.9,103.0,4.205,-4.2,0,1,55553
2026-04-27T06:11:40,18.421349,-47.627411,26.3,12.67,68.6,9,1.9,103.0,4.206,-4.2,0,1,55554
2026-04-27T06:12:09,18.422010,-47.625679,22.4,12.25,64.1,9,1.9,102.9,4.205,-4.4,0,1,55555
2026-04-27T06:12:38,18.422714,-47.623940,23.9,13.64,66.9,9,1.9,102.9,4.205,-4.4,0,1,55556
2026-04-27T06:13:07,18.423332,-47.622177,22.7,12.93,66.6,9,1.9,102.7,4.205,-4.2,0,1,55557
2026-04-27T06:13:36,18.423962,-47.620506,17.9,11.80,70.4,9,1.9,102.9,4.205,-4.4,0,1,55558
2026-04-27T06:14:05,18.424641,-47.618725,19.4,12.83,62.7,8,2.2,102.9,4.204,-4.4,0,1,55559
2026-04-27T06:14:34,18.425381,-47.617031,21.2,13.95,71.4,8,1.9,102.9,4.205,-4.4,0,1,55560
2026-04-27T06:15:03,18.426062,-47.615341,18.2,13.03,71.1,9,1.9,102.7,4.205,-4.2,0,1,55561
2026-04-27T06:15:32,18.426720,-47.613636,16.9,11.67,76.5,9,1.9,103.0,4.205,-4.2,0,1,55562
2026-04-27T06:16:01,18.427500,-47.611946,17.3,12.40,66.6,9,1.9,102.9,4.206,-4.4,0,1,55563
2026-04-27T06:16:30,18.428337,-47.610294,21.5,13.11,64.9,9,1.9,102.9,4.206,-4.4,0,1,55564
2026-04-27T06:16:59,18.428970,-47.608559,21.2,11.98,69.6,9,1.9,102.7,4.206,-4.2,0,1,55565
2026-04-27T06:17:28,18.429699,-47.606899,20.7,12.66,72.5,9,1.8,102.7,4.205,-4.2,0,1,55566
2026-04-27T06:17:57,18.430414,-47.605206,18.9,13.43,67.4,9,1.8,103.0,4.205,-4.2,0,1,55567
2026-04-27T06:18:26,18.431143,-47.603474,26.8,12.33,67.9,9,1.8,102.7,4.206,-4.2,0,1,55568
2026-04-27T06:18:55,18.431847,-47.601822,29.9,11.63,61.5,9,1.8,103.0,4.205,-4.2,0,1,55569
2026-04-27T06:19:24,18.432556,-47.600105,31.0,13.30,65.7,9,1.8,102.9,4.207,-4.4,0,1,55570
2026-04-27T06:19:53,18.433290,-47.598465,25.3,12.20,60.5,9,1.8,103.0,4.205,-4.2,0,1,55571
2026-04-27T06:20:22,18.434011,-47.596798,16.4,12.59,70.9,9,1.8,102.9,4.205,-4.4,0,1,55572
2026-04-27T06:20:51,18.434635,-47.595104,8.3,12.67,64.5,9,1.8,102.9,4.205,-4.4,0,1,55573
2026-04-27T06:21:20,18.435354,-47.593388,10.1,13.42,62.0,9,1.8,103.0,4.204,-4.2,0,1,55574
2026-04-27T06:21:49,18.435978,-47.591679,6.9,12.75,69.8,9,1.8,102.9,4.205,-4.4,0,1,55575
2026-04-27T06:22:18,18.436752,-47.589931,16.9,14.12,71.0,9,1.8,103.2,4.205,-4.2,0,1,55576
2026-04-27T06:22:47,18.437450,-47.588257,16.6,12.70,63.3,9,1.8,103.0,4.205,2743.3,0,1,55577
2026-04-27T06:23:16,18.438154,-47.586533,16.9,13.72,62.0,9,1.8,102.7,4.205,-4.2,0,1,55578
2026-04-27T06:23:45,18.438894,-47.584850,22.1,13.03,61.1,9,1.7,102.9,4.204,-4.4,0,1,55579
2026-04-27T06:24:14,18.439583,-47.583073,22.1,12.16,68.8,9,1.7,103.0,4.205,-4.2,0,1,55580
2026-04-27T06:24:43,18.440275,-47.581379,20.4,13.15,63.6,9,1.7,102.9,4.206,-4.4,0,1,55581
2026-04-27T06:25:12,18.440891,-47.579693,14.4,12.28,64.5,9,1.7,103.0,4.204,2743.3,0,1,55582
2026-04-27T06:25:41,18.441658,-47.577950,17.3,13.22,67.9,9,1.7,102.7,4.205,-4.2,0,1,55583
2026-04-27T06:26:10,18.442333,-47.576305,19.5,13.50,67.2,9,1.7,102.7,4.206,-4.2,0,1,55584
2026-04-27T06:26:39,18.442871,-47.574619,8.9,14.24,66.2,10,1.5,103.0,4.205,-4.2,0,1,55585
2026-04-27T06:27:08,18.443562,-47.572857,9.5,13.62,64.7,9,1.7,102.9,4.205,-4.4,0,1,55586
2026-04-27T06:27:37,18.444340,-47.571243,21.2,13.07,68.5,10,1.5,102.7,4.205,-4.2,0,1,55587
2026-04-27T06:28:06,18.445021,-47.569504,18.1,13.39,65.6,10,1.5,102.9,4.207,-4.4,0,1,55588
2026-04-27T06:28:35,18.445782,-47.567829,13.0,14.08,65.8,10,1.5,102.9,4.204,-4.4,0,1,55589
2026-04-27T06:29:04,18.446545,-47.566162,21.9,12.39,67.1,10,1.5,102.9,4.205,-4.4,0,1,55590
2026-04-27T06:29:33,18.447304,-47.564510,18.5,13.28,67.5,10,1.5,103.0,4.205,-4.2,0,1,55591
2026-04-27T06:30:02,18.448019,-47.562809,14.7,12.85,66.9,10,1.5,103.2,4.205,-4.2,0,1,55592
2026-04-27T06:30:31,18.448746,-47.561089,1.8,13.09,63.7,10,1.5,103.0,4.205,-4.2,0,1,55593
2026-04-27T06:31:00,18.449402,-47.559349,4.3,12.79,70.7,10,1.5,103.0,4.206,-4.2,0,1,55594
2026-04-27T06:31:29,18.450081,-47.557659,4.8,13.16,71.7,10,1.5,102.9,4.205,-4.4,0,1,55595
2026-04-27T06:31:58,18.450800,-47.555981,2.9,12.89,65.4,10,1.5,102.9,4.206,-4.4,0,1,55596
2026-04-27T06:32:27,18.451488,-47.554310,10.7,13.34,66.9,10,1.5,103.0,4.205,-4.2,0,1,55597
2026-04-27T06:32:56,18.452208,-47.552597,13.9,12.01,68.0,10,1.5,103.0,4.205,-4.2,0,1,55598
2026-04-27T06:33:25,18.452934,-47.550968,9.8,13.23,71.6,10,1.5,102.9,4.207,-4.4,0,1,55599
2026-04-27T06:33:54,18.453583,-47.549278,6.8,13.75,64.2,10,1.5,102.9,4.205,-4.4,0,1,55600
2026-04-27T06:34:23,18.454403,-47.547607,24.6,13.01,61.5,10,1.5,103.0,4.205,-4.2,0,1,55601
2026-04-27T06:34:52,18.455170,-47.545925,28.9,12.96,62.5,10,1.5,102.9,4.205,-4.4,0,1,55602
2026-04-27T06:35:21,18.455793,-47.544216,29.5,12.40,68.5,10,1.5,102.7,4.205,-4.2,0,1,55603
2026-04-27T06:35:50,18.456543,-47.542568,34.3,12.37,65.6,10,1.5,103.0,4.205,-4.2,0,1,55604
2026-04-27T06:36:19,18.457159,-47.540859,17.4,13.25,68.6,10,1.5,102.9,4.205,-4.4,0,1,55605
2026-04-27T06:36:48,18.457829,-47.539124,20.7,12.64,57.0,9,1.9,102.7,4.206,-4.2,0,1,55606
2026-04-27T06:37:17,18.458679,-47.537560,40.2,12.22,66.7,9,1.9,102.9,4.204,-4.4,0,1,55607
2026-04-27T06:37:46,18.459417,-47.535862,53.4,13.12,68.8,10,1.5,102.7,4.205,-4.2,0,1,55608
2026-04-27T06:38:15,18.460142,-47.534195,50.1,13.28,62.5,10,1.5,102.9,4.206,-4.4,0,1,55609
2026-04-27T06:38:44,18.460768,-47.532467,44.1,13.35,66.4,10,1.5,102.9,4.205,-4.4,0,1,55610
2026-04-27T06:39:13,18.461508,-47.530800,42.4,13.33,67.2,10,1.5,102.7,4.206,-4.2,0,1,55611
2026-04-27T06:39:42,18.462036,-47.529068,31.2,12.97,73.4,9,2.0,102.9,4.205,-4.4,0,1,55612
2026-04-27T06:40:11,18.462629,-47.527279,7.8,13.62,58.8,10,1.5,103.0,4.205,-4.2,0,1,55613
2026-04-27T06:40:40,18.463348,-47.525566,-1.0,12.79,67.9,10,1.4,102.9,4.205,-4.4,0,1,55614
2026-04-27T06:41:09,18.464130,-47.523968,-2.7,14.16,60.5,10,1.4,103.0,4.206,-4.2,0,1,55615
2026-04-27T06:41:38,18.464811,-47.522282,10.8,12.33,74.8,10,1.4,102.7,4.204,-4.2,0,1,55616
2026-04-27T06:42:07,18.465509,-47.520584,25.0,13.41,67.2,8,2.1,103.0,4.204,-4.2,0,1,55617
2026-04-27T06:42:36,18.465996,-47.518913,34.7,11.89,65.2,10,1.4,102.9,4.205,-4.4,0,1,55618
2026-04-27T06:43:05,18.466499,-47.517208,36.5,13.17,64.8,10,1.4,103.0,4.205,-4.2,0,1,55619
2026-04-27T06:43:34,18.467104,-47.515518,42.0,13.23,73.2,10,1.4,102.9,4.206,-4.4,0,1,55620
2026-04-27T06:44:03,18.467813,-47.513836,41.9,13.03,64.0,10,1.4,102.9,4.207,-4.4,0,1,55621
2026-04-27T06:44:32,18.468613,-47.512222,39.1,12.12,62.2,10,1.4,103.0,4.204,-4.2,0,1,55622
2026-04-27T06:45:01,18.469296,-47.510426,39.5,12.81,75.2,9,2.0,102.6,4.206,-4.2,0,1,55623
2026-04-27T06:45:30,18.470022,-47.508781,36.9,14.23,63.9,8,2.3,102.9,4.205,-4.4,0,1,55624
2026-04-27T06:45:59,18.470737,-47.507137,33.4,12.87,61.5,8,2.3,102.9,4.205,-4.4,0,1,55625
2026-04-27T06:46:28,18.471415,-47.505413,29.1,13.25,67.6,8,2.3,102.7,4.205,-4.2,0,1,55626
2026-04-27T06:46:57,18.472227,-47.503742,21.2,13.88,69.0,8,2.3,102.9,4.205,-4.4,0,1,55627
2026-04-27T06:47:26,18.472942,-47.502075,12.1,13.45,66.3,8,2.3,102.7,4.205,-4.2,0,1,55628
2026-04-27T06:47:55,18.473564,-47.500336,10.3,12.69,78.6,8,2.3,102.9,4.205,-4.4,0,1,55629
2026-04-27T06:48:24,18.474306,-47.498680,9.3,13.21,65.5,8,2.4,102.7,4.206,-4.2,0,1,55630
2026-04-27T06:48:53,18.475143,-47.497066,12.6,12.59,59.0,7,2.6,103.0,4.206,-4.2,0,1,55631
2026-04-27T06:49:22,18.475788,-47.495319,20.4,12.32,64.2,8,2.4,103.0,4.207,-4.2,0,1,55632
2026-04-27T06:49:51,18.476637,-47.493710,29.9,12.93,70.6,8,2.4,103.2,4.205,-4.2,0,1,55633
2026-04-27T06:50:20,18.477354,-47.492046,29.2,13.24,65.9,8,2.4,103.0,4.206,-4.2,0,1,55634
2026-04-27T06:50:49,18.477980,-47.490322,24.2,13.31,66.4,8,2.4,103.0,4.206,-4.2,0,1,55635
2026-04-27T06:51:18,18.478643,-47.488575,12.7,13.79,64.1,8,2.4,102.7,4.205,-4.2,0,1,55636
2026-04-27T06:51:47,18.479391,-47.486942,17.9,12.78,64.8,8,2.5,103.2,4.205,-4.2,0,1,55637
2026-04-27T06:52:16,18.479961,-47.485207,18.5,13.45,73.0,8,2.5,103.0,4.206,-4.2,0,1,55638
2026-04-27T06:52:45,18.480909,-47.483532,18.9,12.91,71.8,8,2.5,102.9,4.206,2738.9,0,1,55639
2026-04-27T06:53:14,18.481544,-47.481895,25.5,12.60,67.5,8,2.5,102.7,4.206,-4.2,0,1,55640
2026-04-27T06:53:43,18.482319,-47.480240,23.3,13.62,71.6,8,2.5,102.7,4.205,-4.2,0,1,55641
2026-04-27T06:54:12,18.482985,-47.478550,22.1,13.44,82.3,9,2.0,102.9,4.205,-4.4,0,1,55642
2026-04-27T06:54:41,18.483690,-47.476875,21.2,15.17,59.2,9,2.0,103.0,4.204,-4.2,0,1,55643
2026-04-27T06:55:10,18.484316,-47.475189,18.3,12.75,70.9,9,2.0,103.2,4.205,-4.2,0,1,55644
2026-04-27T06:55:39,18.485029,-47.473537,18.0,13.22,68.9,9,2.0,102.7,4.206,-4.2,0,1,55645
2026-04-27T06:56:08,18.485729,-47.471878,19.6,12.12,72.5,9,2.0,103.0,4.205,-4.2,0,1,55646
2026-04-27T06:56:37,18.486494,-47.470188,27.9,13.67,57.5,9,2.0,103.2,4.204,-4.2,0,1,55647
2026-04-27T06:57:06,18.487118,-47.468533,29.4,12.71,76.1,9,2.0,102.9,4.206,-4.4,0,1,55648
2026-04-27T06:57:35,18.487818,-47.466862,28.6,13.17,70.0,9,2.0,102.7,4.206,-4.2,0,1,55649
2026-04-27T06:58:04,18.488430,-47.465126,32.7,13.04,67.1,8,2.3,103.0,4.206,-4.2,0,1,55650
2026-04-27T06:58:33,18.489342,-47.463551,27.4,13.03,63.3,9,1.9,102.7,4.204,-4.2,0,1,55651
2026-04-27T06:59:02,18.490005,-47.461845,26.0,12.73,70.7,9,1.9,102.9,4.204,-4.4,0,1,55652
2026-04-27T06:59:31,18.490591,-47.460129,26.8,13.28,64.3,8,2.0,103.0,4.205,2743.3,0,1,55653
2026-04-27T07:00:00,18.491377,-47.458534,25.9,13.35,64.2,9,1.9,102.9,4.205,-4.4,0,1,55654
2026-04-27T07:00:29,18.491982,-47.456818,27.1,13.65,58.6,9,1.9,102.9,4.205,-4.4,0,1,55655
2026-04-27T07:00:58,18.492399,-47.455070,18.1,12.33,72.7,9,1.9,103.0,4.205,-4.2,0,1,55656
2026-04-27T07:01:27,18.493200,-47.453487,9.1,12.90,61.2,8,2.0,103.0,4.206,-4.2,0,1,55657
2026-04-27T07:01:56,18.493809,-47.451733,14.1,12.60,70.0,9,1.9,102.9,4.205,-4.4,0,1,55658
2026-04-27T07:02:25,18.494509,-47.450073,15.3,13.25,70.1,8,2.0,102.9,4.205,-4.4,0,1,55659
2026-04-27T07:02:54,18.495178,-47.448383,13.8,13.37,72.2,9,1.9,102.9,4.206,-4.4,0,1,55660
2026-04-27T07:03:23,18.495667,-47.446690,-5.8,12.62,76.9,9,1.9,102.7,4.205,-4.2,0,1,55661
2026-04-27T07:03:52,18.496403,-47.444958,-7.9,13.18,66.1,9,1.9,102.9,4.204,-4.4,0,1,55662
2026-04-27T07:04:21,18.497231,-47.443329,0.6,12.70,67.9,9,1.9,102.7,4.205,-4.2,0,1,55663
2026-04-27T07:04:50,18.497875,-47.441628,6.9,11.82,71.4,8,2.0,103.0,4.206,-4.2,0,1,55664
2026-04-27T07:05:19,18.498600,-47.439983,7.2,13.19,62.5,8,2.0,102.7,4.205,-4.2,0,1,55665
2026-04-27T07:05:48,18.499355,-47.438328,6.7,12.60,61.4,9,1.9,102.9,4.205,-4.4,0,1,55666
2026-04-27T07:06:17,18.499918,-47.436630,4.5,12.17,69.2,8,2.3,102.9,4.205,-4.4,0,1,55667
2026-04-27T07:06:46,18.500751,-47.434952,4.7,13.11,59.5,9,1.9,102.9,4.206,-4.4,0,1,55668
2026-04-27T07:07:15,18.501438,-47.433247,8.3,12.89,65.4,9,1.9,102.9,4.206,-4.4,0,1,55669
2026-04-27T07:07:44,18.502201,-47.431583,7.9,12.77,67.9,9,1.9,103.0,4.205,-4.2,0,1,55670
2026-04-27T07:08:13,18.502905,-47.429874,10.0,12.86,62.2,9,1.9,102.7,4.205,-4.2,0,1,55671
2026-04-27T07:08:42,18.503588,-47.428234,9.5,13.01,64.4,9,1.9,103.2,4.206,-4.2,0,1,55672
2026-04-27T07:09:11,18.504417,-47.426586,11.8,13.53,63.2,9,1.9,102.9,4.205,-4.4,0,1,55673
2026-04-27T07:09:40,18.504984,-47.424778,17.1,12.79,65.9,9,1.9,102.9,4.205,-4.4,0,1,55674
2026-04-27T07:10:09,18.505671,-47.423058,21.2,14.85,65.5,9,1.8,102.9,4.205,-4.4,0,1,55675
2026-04-27T07:10:38,18.506470,-47.421410,19.3,13.35,68.1,9,1.8,102.7,4.206,-4.2,0,1,55676
2026-04-27T07:11:07,18.507261,-47.419811,19.8,13.53,62.1,9,1.8,102.7,4.204,-4.2,0,1,55677
2026-04-27T07:11:36,18.507952,-47.418087,22.4,14.20,65.6,9,1.8,102.9,4.206,-4.4,0,1,55678
2026-04-27T07:12:05,18.508621,-47.416370,26.4,12.90,66.4,9,1.8,102.9,4.205,-4.4,0,1,55679
2026-04-27T07:12:34,18.509218,-47.414688,25.1,13.14,70.1,9,1.8,103.2,4.206,-4.2,0,1,55680
2026-04-27T07:13:03,18.509995,-47.412994,19.5,12.55,65.1,9,1.8,102.9,4.206,-4.4,0,1,55681
2026-04-27T07:13:32,18.510744,-47.411346,15.1,12.50,58.4,9,1.8,102.9,4.205,-4.4,0,1,55682
2026-04-27T07:14:01,18.511559,-47.409676,17.6,14.23,60.3,8,2.4,102.9,4.206,-4.4,0,1,55683
2026-04-27T07:14:30,18.512133,-47.407993,8.5,13.26,60.8,9,1.8,102.9,4.206,-4.4,0,1,55684
2026-04-27T07:14:59,18.512892,-47.406288,15.2,13.57,65.7,9,1.8,102.7,4.205,-4.2,0,1,55685
2026-04-27T07:15:28,18.513590,-47.404629,8.2,12.94,64.5,9,1.8,102.7,4.207,-4.2,0,1,55686
2026-04-27T07:15:57,18.514391,-47.402943,7.0,13.20,62.7,9,1.8,103.0,4.204,-4.2,0,1,55687
2026-04-27T07:16:26,18.514912,-47.401203,0.4,13.35,66.5,9,1.8,103.0,4.206,-4.2,0,1,55688
2026-04-27T07:16:55,18.515713,-47.399544,6.4,12.84,62.2,9,1.7,102.9,4.205,-4.4,0,1,55689
2026-04-27T07:17:24,18.516352,-47.397896,12.8,12.38,62.4,9,1.7,102.9,4.204,-4.4,0,1,55690
2026-04-27T07:17:53,18.517063,-47.396183,6.7,12.60,65.8,9,1.7,103.0,4.206,-4.2,0,1,55691
2026-04-27T07:18:22,18.517702,-47.394501,3.7,13.22,64.5,9,1.7,102.7,4.206,-4.2,0,1,55692
2026-04-27T07:18:51,18.518444,-47.392792,4.5,13.25,63.4,9,1.7,103.0,4.205,-4.2,0,1,55693
2026-04-27T07:19:20,18.518917,-47.391018,2.5,12.91,70.3,8,2.4,102.7,4.205,-4.2,0,1,55694
2026-04-27T07:19:49,18.519634,-47.389271,10.9,13.16,64.9,9,1.7,103.2,4.205,-4.2,0,1,55695
2026-04-27T07:20:18,18.520334,-47.387577,9.7,13.73,66.4,9,1.7,103.2,4.205,-4.2,0,1,55696
2026-04-27T07:20:47,18.520975,-47.385906,2.9,14.31,59.3,9,1.7,102.9,4.206,-4.4,0,1,55697
2026-04-27T07:21:16,18.521738,-47.384274,-3.0,12.89,63.7,9,1.7,102.9,4.205,-4.4,0,1,55698
2026-04-27T07:21:45,18.522564,-47.382664,-5.4,13.95,64.7,9,1.7,103.0,4.205,-4.2,0,1,55699
2026-04-27T07:22:14,18.523260,-47.380966,-8.9,13.58,64.8,9,1.6,103.0,4.206,-4.2,0,1,55700
2026-04-27T07:22:43,18.523964,-47.379292,-11.9,12.58,64.8,9,1.6,103.0,4.205,-4.2,0,1,55701
2026-04-27T07:23:12,18.524626,-47.377621,-11.8,12.86,64.1,9,1.6,103.0,4.206,-4.2,0,1,55702
2026-04-27T07:23:41,18.525290,-47.375923,-11.2,13.05,70.4,8,2.3,103.0,4.205,-4.2,0,1,55703
2026-04-27T07:24:10,18.526056,-47.374249,-12.2,13.58,62.3,9,1.6,103.0,4.205,-4.2,0,1,55704
2026-04-27T07:24:39,18.526754,-47.372585,-9.3,13.08,65.7,9,1.6,102.7,4.205,-4.2,0,1,55705
2026-04-27T07:25:08,18.527500,-47.370934,-10.6,13.67,65.7,8,2.2,102.9,4.205,-4.4,0,1,55706
2026-04-27T07:25:37,18.528128,-47.369247,-4.3,12.23,76.6,8,2.2,102.7,4.206,-4.2,0,1,55707
2026-04-27T07:26:06,18.528910,-47.367615,2.1,13.15,67.2,9,1.6,103.0,4.205,-4.2,0,1,55708
2026-04-27T07:26:35,18.529707,-47.365940,12.6,14.12,63.0,9,1.6,103.0,4.205,-4.2,0,1,55709
2026-04-27T07:27:04,18.530338,-47.364208,9.1,13.50,69.5,9,1.6,103.0,4.205,-4.2,0,1,55710
2026-04-27T07:27:33,18.531080,-47.362534,13.1,13.79,67.2,9,1.6,102.9,4.205,-4.4,0,1,55711
2026-04-27T07:28:02,18.531746,-47.360901,14.4,12.48,70.0,9,1.5,103.0,4.205,-4.2,0,1,55712
2026-04-27T07:28:31,18.532440,-47.359177,11.7,12.43,70.4,9,1.5,102.9,4.205,-4.4,0,1,55713
2026-04-27T07:29:00,18.533009,-47.357468,8.8,13.29,65.5,10,1.4,103.2,4.206,-4.2,0,1,55714
2026-04-27T07:29:29,18.533735,-47.355827,9.8,12.74,66.2,9,1.7,102.7,4.206,-4.2,0,1,55715
2026-04-27T07:29:58,18.534468,-47.354164,7.8,11.68,64.4,10,1.3,102.7,4.205,-4.2,0,1,55716
2026-04-27T07:30:27,18.535156,-47.352463,3.8,13.70,61.4,10,1.3,102.9,4.205,-4.4,0,1,55717
2026-04-27T07:30:56,18.535818,-47.350758,2.8,12.65,63.6,10,1.3,102.7,4.204,-4.2,0,1,55718
2026-04-27T07:31:25,18.536480,-47.349087,1.6,12.74,71.0,10,1.3,102.7,4.205,-4.2,0,1,55719
2026-04-27T07:31:54,18.537090,-47.347370,7.8,13.27,62.2,10,1.3,103.0,4.205,-4.2,0,1,55720
2026-04-27T07:32:23,18.537766,-47.345688,4.5,13.94,66.7,10,1.3,103.2,4.206,-4.2,0,1,55721
2026-04-27T07:32:52,18.538467,-47.344028,4.2,12.26,66.9,10,1.3,102.7,4.206,-4.2,0,1,55722
2026-04-27T07:33:21,18.539108,-47.342388,6.3,12.45,61.2,9,1.3,103.0,4.205,-4.2,0,1,55723
2026-04-27T07:33:50,18.539753,-47.340645,7.9,12.93,68.4,10,1.3,102.9,4.205,-4.4,0,1,55724
2026-04-27T07:34:19,18.540470,-47.339005,5.2,12.33,69.4,10,1.3,103.2,4.205,-4.2,0,1,55725
2026-04-27T07:34:48,18.541208,-47.337337,5.9,12.77,64.0,10,1.3,102.7,4.205,-4.2,0,1,55726
2026-04-27T07:35:17,18.541985,-47.335690,3.6,12.44,64.1,9,1.7,102.9,4.205,-4.4,0,1,55727
2026-04-27T07:35:46,18.542692,-47.334034,-0.5,13.95,61.1,10,1.3,102.7,4.205,-4.2,0,1,55728
2026-04-27T07:36:15,18.543283,-47.332325,0.8,13.10,59.2,10,1.3,102.9,4.206,-4.4,0,1,55729
2026-04-27T07:36:44,18.544008,-47.330673,-1.1,12.30,60.2,10,1.3,103.0,4.205,-4.2,0,1,55730
2026-04-27T07:37:13,18.544714,-47.328968,4.1,12.53,73.0,9,1.6,103.0,4.205,-4.2,0,1,55731
2026-04-27T07:37:42,18.545446,-47.327278,7.1,12.73,69.6,10,1.3,102.9,4.205,-4.4,0,1,55732
2026-04-27T07:38:11,18.546198,-47.325535,9.4,13.14,62.7,9,1.5,102.9,4.205,-4.4,0,1,55733
2026-04-27T07:38:40,18.546772,-47.323887,6.2,12.70,64.2,9,1.3,102.7,4.204,-4.2,0,1,55734
2026-04-27T07:39:09,18.547489,-47.322216,4.6,12.16,64.1,9,1.3,102.7,4.205,-4.2,0,1,55735
2026-04-27T07:39:38,18.548264,-47.320553,9.1,12.36,61.4,8,1.4,103.0,4.205,-4.2,0,1,55736
2026-04-27T07:40:07,18.549026,-47.318859,7.5,13.77,61.2,9,1.3,102.9,4.204,-4.4,0,1,55737
2026-04-27T07:40:36,18.549639,-47.317184,5.6,12.39,66.7,9,1.3,102.9,4.204,-4.4,0,1,55738
2026-04-27T07:41:05,18.550375,-47.315525,7.1,12.36,63.0,9,1.3,102.9,4.205,-4.4,0,1,55739
2026-04-27T07:41:34,18.551027,-47.313820,1.5,13.38,59.8,9,1.3,102.9,4.205,-4.4,0,1,55740
2026-04-27T07:42:03,18.551714,-47.312149,1.2,12.81,58.7,8,1.5,102.9,4.205,-4.4,0,1,55741
2026-04-27T07:42:32,18.552349,-47.310467,4.3,12.46,74.5,8,1.5,102.7,4.205,-4.2,0,1,55742
2026-04-27T07:43:01,18.553051,-47.308769,-2.8,12.88,64.8,9,1.2,103.0,4.205,-4.2,0,1,55743
2026-04-27T07:43:30,18.553686,-47.307064,-8.6,13.54,66.3,9,1.2,102.9,4.205,-4.4,0,1,55744
2026-04-27T07:43:59,18.554409,-47.305374,-15.2,13.38,63.1,9,1.2,102.9,4.206,-4.4,0,1,55745
2026-04-27T07:44:28,18.555075,-47.303673,-8.3,13.72,60.9,8,1.5,103.0,4.206,-4.2,0,1,55746
2026-04-27T07:44:57,18.555796,-47.301952,-12.9,13.49,61.9,9,1.2,102.7,4.207,-4.2,0,1,55747
2026-04-27T07:45:26,18.556616,-47.300259,-23.0,14.08,63.6,8,1.3,103.0,4.207,-4.2,0,1,55748
2026-04-27T07:45:55,18.557383,-47.298557,-29.6,12.63,64.8,7,1.6,102.9,4.206,-4.4,0,1,55749
2026-04-27T07:46:24,18.557972,-47.296818,-40.9,12.54,69.2,8,1.3,103.0,4.206,-4.2,0,1,55750
2026-04-27T07:46:53,18.558659,-47.295082,-49.9,13.87,67.9,8,1.3,103.0,4.205,-4.2,0,1,55751
2026-04-27T07:47:22,18.559494,-47.293423,-48.4,13.39,68.4,8,1.3,103.0,4.206,-4.2,0,1,55752
2026-04-27T07:47:51,18.560143,-47.291740,-46.7,12.60,64.5,6,4.0,103.0,4.205,-4.2,0,1,55753
2026-04-27T07:48:20,18.560644,-47.290077,-51.1,10.54,77.3,7,2.3,103.0,4.205,-4.2,0,1,55754
2026-04-27T07:48:49,18.561518,-47.288406,-45.5,13.39,62.3,7,2.3,102.9,4.206,-4.4,0,1,55755
2026-04-27T07:49:18,18.562189,-47.286770,-39.1,12.11,74.5,6,4.0,103.0,4.204,-4.2,0,1,55756
2026-04-27T07:49:47,18.562832,-47.285095,-41.3,12.53,67.2,7,2.5,102.9,4.205,-4.4,0,1,55757
2026-04-27T07:50:16,18.563656,-47.283367,-36.1,12.93,63.5,7,2.3,102.9,4.206,-4.4,0,1,55758
2026-04-27T07:50:45,18.564426,-47.281639,-30.7,12.52,66.9,6,4.0,103.2,4.206,-4.2,0,1,55759
2026-04-27T07:51:14,18.565111,-47.279942,-17.2,13.35,63.7,7,2.2,103.0,4.206,-4.2,0,1,55760
2026-04-27T07:51:43,18.565853,-47.278324,0.5,11.43,68.6,7,2.2,102.9,4.205,-4.4,0,1,55761
2026-04-27T07:52:12,18.566711,-47.276638,-0.9,13.07,62.7,7,2.2,102.7,4.205,-4.2,0,1,55762
2026-04-27T07:52:41,18.567501,-47.274921,7.6,13.39,60.8,7,2.2,102.9,4.205,-4.4,0,1,55763
2026-04-27T07:53:10,18.567938,-47.273205,6.0,13.83,68.1,6,4.0,102.9,4.204,-4.4,0,1,55764
2026-04-27T07:53:39,18.568882,-47.271519,1.1,12.77,63.0,7,2.2,103.0,4.205,-4.2,0,1,55765
2026-04-27T07:54:08,18.569630,-47.269833,-1.4,13.16,68.9,6,3.9,102.9,4.204,-4.4,0,1,55766
2026-04-27T07:54:37,18.569996,-47.268120,-9.1,12.92,70.6,6,3.9,103.0,4.204,-4.2,0,1,55767
2026-04-27T07:55:06,18.570854,-47.266422,-3.4,12.97,68.3,7,2.2,102.9,4.206,-4.4,0,1,55768
2026-04-27T07:55:35,18.571451,-47.264778,3.7,12.29,73.6,6,3.9,102.9,4.204,-4.4,0,1,55769
2026-04-27T07:56:04,18.572197,-47.263092,12.3,11.99,62.1,6,3.9,103.0,4.206,-4.2,0,1,55770
2026-04-27T07:56:33,18.572687,-47.261463,5.0,10.19,75.2,6,3.8,102.9,4.205,-4.4,0,1,55771
2026-04-27T07:57:02,18.573372,-47.259731,14.7,11.25,78.2,6,3.8,102.7,4.206,-4.2,0,1,55772
2026-04-27T07:57:31,18.574303,-47.258034,15.4,11.54,64.2,6,3.8,103.2,4.204,-4.2,0,1,55773
2026-04-27T07:58:00,18.574883,-47.256317,7.7,12.56,76.6,7,2.7,103.0,4.206,-4.2,0,1,55774
2026-04-27T07:58:29,18.575491,-47.254578,2.3,12.96,71.7,7,2.7,102.7,4.205,-4.2,0,1,55775
2026-04-27T07:58:58,18.576145,-47.252949,7.6,12.15,63.8,8,1.6,102.7,4.205,-4.2,0,1,55776
2026-04-27T07:59:27,18.576832,-47.251251,4.6,13.31,65.3,8,1.6,102.6,4.205,-4.2,0,1,55777
2026-04-27T07:59:56,18.577621,-47.249580,12.3,13.00,59.4,8,1.5,102.7,4.205,-4.2,0,1,55778
2026-04-27T08:00:25,18.578285,-47.247910,17.4,12.30,63.2,8,1.5,102.7,4.205,-4.2,0,1,55779
2026-04-27T08:00:54,18.578979,-47.246197,19.0,11.64,71.0,9,1.3,103.0,4.205,-4.2,0,1,55780
2026-04-27T08:01:23,18.579592,-47.244488,8.6,13.22,67.1,8,1.5,103.0,4.204,-4.2,0,1,55781
2026-04-27T08:01:52,18.580217,-47.242809,-3.8,12.84,64.6,9,1.2,102.9,4.205,-4.4,0,1,55782
2026-04-27T08:02:21,18.580856,-47.241085,-13.5,12.67,67.2,8,1.5,102.9,4.207,-4.4,0,1,55783
2026-04-27T08:02:50,18.581554,-47.239399,-14.8,13.40,61.9,8,1.5,103.2,4.205,-4.2,0,1,55784
2026-04-27T08:03:19,18.582170,-47.237724,-14.2,12.41,70.9,8,1.5,103.0,4.205,-4.2,0,1,55785
2026-04-27T08:03:48,18.582865,-47.236050,-23.1,13.56,61.1,8,1.3,102.7,4.206,-4.2,0,1,55786
2026-04-27T08:04:17,18.583502,-47.234337,-21.7,12.92,67.5,7,1.6,102.7,4.205,-4.2,0,1,55787
2026-04-27T08:04:46,18.584175,-47.232639,-29.9,12.89,63.8,8,1.5,102.7,4.204,-4.2,0,1,55788
2026-04-27T08:05:15,18.584911,-47.231003,-22.0,12.77,64.1,7,1.7,103.2,4.205,-4.2,0,1,55789
2026-04-27T08:05:44,18.585657,-47.229309,-15.4,12.25,62.0,8,1.5,102.9,4.205,-4.4,0,1,55790
2026-04-27T08:06:13,18.586340,-47.227608,-16.7,12.97,67.0,8,1.5,102.7,4.205,-4.2,0,1,55791
2026-04-27T08:06:42,18.587135,-47.225975,-13.3,12.91,71.1,8,1.4,102.9,4.205,-4.4,0,1,55792
2026-04-27T08:07:11,18.587872,-47.224239,2.8,12.48,67.2,7,1.6,103.0,4.207,-4.2,0,1,55793
2026-04-27T08:07:40,18.588654,-47.222546,19.8,12.19,62.8,8,1.4,102.9,4.206,-4.4,0,1,55794
2026-04-27T08:08:09,18.589449,-47.220898,19.1,13.41,63.2,8,1.4,103.0,4.205,-4.2,0,1,55795
2026-04-27T08:08:38,18.590054,-47.219158,29.8,13.43,65.2,8,1.4,102.9,4.204,-4.4,0,1,55796
2026-04-27T08:09:07,18.590809,-47.217461,28.7,13.59,67.1,8,1.4,103.0,4.205,-4.2,0,1,55797
2026-04-27T08:09:36,18.591524,-47.215782,34.9,12.80,65.7,8,1.4,102.7,4.204,-4.2,0,1,55798
2026-04-27T08:10:05,18.592220,-47.214123,28.2,13.54,62.8,8,1.4,102.9,4.206,-4.4,0,1,55799
2026-04-27T08:10:34,18.592943,-47.212437,21.8,12.69,68.4,8,1.4,102.7,4.205,-4.2,0,1,55800
2026-04-27T08:11:03,18.593637,-47.210789,14.0,12.09,66.7,7,1.5,102.9,4.206,-4.4,0,1,55801
2026-04-27T08:11:32,18.594303,-47.209095,13.0,12.39,64.3,7,1.5,102.9,4.204,-4.4,0,1,55802
2026-04-27T08:12:01,18.594988,-47.207371,13.5,12.69,68.4,8,1.4,103.4,4.206,-4.2,0,1,55803
2026-04-27T08:12:30,18.595671,-47.205666,26.1,12.25,64.0,7,1.5,102.9,4.206,-4.4,0,1,55804
2026-04-27T08:12:59,18.596376,-47.203979,21.3,14.22,64.5,7,1.5,103.0,4.205,2743.3,0,1,55805
2026-04-27T08:13:28,18.597054,-47.202290,18.5,13.10,64.5,8,1.4,102.7,4.206,-4.2,0,1,55806
2026-04-27T08:13:57,18.597744,-47.200520,30.8,13.54,69.4,8,1.4,102.9,4.205,-4.4,0,1,55807
2026-04-27T08:14:26,18.598387,-47.198864,44.3,12.52,70.9,8,1.3,102.9,4.204,-4.4,0,1,55808
2026-04-27T08:14:55,18.599138,-47.197151,47.0,13.77,64.8,8,1.3,102.9,4.206,-4.4,0,1,55809
2026-04-27T08:15:24,18.599754,-47.195538,44.7,13.73,67.0,7,1.5,102.9,4.204,-4.4,0,1,55810
2026-04-27T08:15:53,18.600559,-47.193790,29.4,13.98,67.7,8,1.4,102.9,4.207,-4.4,0,1,55811
2026-04-27T08:16:22,18.601204,-47.192158,7.9,13.50,68.3,8,1.4,102.9,4.204,-4.4,0,1,55812
2026-04-27T08:16:51,18.601816,-47.190437,7.3,12.66,71.6,8,1.4,102.9,4.204,-4.4,0,1,55813
2026-04-27T08:17:20,18.602526,-47.188740,2.5,12.48,68.3,7,1.5,102.7,4.205,-4.2,0,1,55814
2026-04-27T08:17:49,18.603264,-47.187023,10.3,13.66,65.1,7,1.5,102.9,4.206,-4.4,0,1,55815
2026-04-27T08:18:18,18.604002,-47.185307,13.1,12.90,65.2,8,1.4,102.9,4.205,-4.4,0,1,55816
2026-04-27T08:18:47,18.604696,-47.183594,15.8,13.13,66.7,8,1.4,102.9,4.205,-4.4,0,1,55817
2026-04-27T08:19:16,18.605370,-47.181904,13.8,11.54,67.7,8,1.4,102.9,4.205,-4.4,0,1,55818
2026-04-27T08:19:45,18.606127,-47.180218,19.4,12.52,68.6,8,1.4,102.9,4.206,-4.4,0,1,55819
2026-04-27T08:20:14,18.606894,-47.178501,21.2,12.92,60.9,8,1.4,103.0,4.206,-4.2,0,1,55820
2026-04-27T08:20:43,18.607483,-47.176796,21.6,13.08,68.9,8,1.4,102.9,4.205,-4.4,0,1,55821
2026-04-27T08:21:12,18.608192,-47.175102,26.5,12.65,67.0,8,1.4,103.0,4.205,-4.2,0,1,55822
2026-04-27T08:21:41,18.608952,-47.173416,23.1,14.03,60.6,8,1.4,103.2,4.205,-4.2,0,1,55823
2026-04-27T08:22:10,18.609638,-47.171600,6.9,13.52,67.4,9,1.2,102.9,4.204,-4.4,0,1,55824
2026-04-27T08:22:39,18.610291,-47.169880,0.1,13.86,66.3,8,1.3,102.9,4.206,-4.4,0,1,55825
2026-04-27T08:23:08,18.611050,-47.168175,2.8,12.68,61.6,7,2.9,102.9,4.205,-4.4,0,1,55826
2026-04-27T08:23:37,18.611641,-47.166454,7.6,12.64,68.6,7,2.9,102.9,4.205,2738.9,0,1,55827
2026-04-27T08:24:06,18.612284,-47.164719,8.8,12.78,74.7,8,1.3,103.0,4.205,-4.2,0,1,55828
2026-04-27T08:24:35,18.612993,-47.162994,12.6,12.89,70.7,7,2.9,103.0,4.205,-4.2,0,1,55829
2026-04-27T08:25:04,18.613798,-47.161278,8.2,13.57,64.3,7,2.9,102.9,4.206,-4.4,0,1,55830
2026-04-27T08:25:33,18.614510,-47.159542,4.0,12.88,67.3,7,2.9,102.9,4.204,-4.4,0,1,55831
2026-04-27T08:26:02,18.615149,-47.157768,6.9,13.39,68.2,8,1.3,102.9,4.204,-4.4,0,1,55832
2026-04-27T08:26:31,18.615864,-47.156071,8.6,13.34,67.3,7,2.0,103.0,4.207,-4.2,0,1,55833
2026-04-27T08:27:00,18.616636,-47.154411,4.2,13.46,68.1,8,1.9,102.9,4.205,-4.4,0,1,55834
2026-04-27T08:27:29,18.617315,-47.152691,6.0,12.37,73.3,7,2.9,102.9,4.206,-4.4,0,1,55835
2026-04-27T08:27:58,18.618080,-47.150974,3.2,12.85,56.4,9,1.7,102.7,4.205,-4.2,0,1,55836
2026-04-27T08:28:27,18.618622,-47.149227,0.5,13.45,73.2,8,1.8,103.0,4.207,-4.2,0,1,55837
2026-04-27T08:28:56,18.619448,-47.147560,-9.6,13.24,63.3,8,1.8,103.0,4.205,-4.2,0,1,55838
2026-04-27T08:29:25,18.620190,-47.145863,-16.7,12.63,65.3,8,1.8,102.9,4.206,-4.4,0,1,55839
2026-04-27T08:29:54,18.620962,-47.144157,-25.2,13.97,56.4,8,1.8,102.7,4.205,-4.2,0,1,55840
2026-04-27T08:30:23,18.621691,-47.142429,-32.3,12.93,68.4,8,1.8,103.0,4.205,-4.2,0,1,55841
2026-04-27T08:30:52,18.622463,-47.140759,-23.6,13.07,68.2,8,1.8,102.9,4.205,-4.4,0,1,55842
2026-04-27T08:31:21,18.623306,-47.138939,-10.0,13.01,61.5,8,1.8,102.9,4.206,-4.4,0,1,55843
2026-04-27T08:31:50,18.624081,-47.137280,-2.9,13.03,60.7,8,1.8,102.9,4.204,-4.4,0,1,55844
2026-04-27T08:32:19,18.624577,-47.135513,9.9,12.21,70.5,8,1.8,102.7,4.205,-4.2,0,1,55845
2026-04-27T08:32:48,18.625237,-47.133785,13.7,13.20,65.3,8,1.7,102.9,4.206,-4.4,0,1,55846
2026-04-27T08:33:17,18.625950,-47.132072,22.2,12.34,69.2,8,1.7,103.0,4.205,2743.3,0,1,55847
2026-04-27T08:33:46,18.626528,-47.130383,33.9,12.16,72.6,8,1.7,102.9,4.206,-4.4,0,1,55848
2026-04-27T08:34:15,18.627279,-47.128654,39.5,12.78,66.4,8,1.7,102.9,4.206,-4.4,0,1,55849
2026-04-27T08:34:44,18.627998,-47.126930,38.4,12.93,70.1,8,1.7,102.9,4.205,2738.9,0,1,55850
2026-04-27T08:35:13,18.628624,-47.125198,35.7,13.02,74.1,7,3.0,102.7,4.205,-4.2,0,1,55851
2026-04-27T08:35:42,18.629187,-47.123444,24.4,13.31,67.8,7,3.0,102.9,4.205,-4.4,0,1,55852
2026-04-27T08:36:11,18.629969,-47.121719,16.4,14.10,66.7,8,1.7,102.9,4.205,-4.4,0,1,55853
2026-04-27T08:36:40,18.630747,-47.120037,10.6,13.10,70.5,8,1.7,102.9,4.205,-4.4,0,1,55854
2026-04-27T08:37:09,18.631527,-47.118328,6.0,12.50,68.9,6,3.3,103.0,4.206,-4.2,0,1,55855
2026-04-27T08:37:38,18.632256,-47.116596,2.2,13.98,61.7,7,3.0,102.9,4.205,-4.4,0,1,55856
2026-04-27T08:38:07,18.632748,-47.114792,-11.8,13.25,70.0,7,3.0,103.0,4.205,-4.2,0,1,55857
2026-04-27T08:38:36,18.633514,-47.113132,-14.6,13.90,66.2,8,1.6,102.9,4.205,-4.4,0,1,55858
2026-04-27T08:39:05,18.634165,-47.111427,-20.6,13.74,69.5,7,3.0,102.9,4.205,2738.9,0,1,55859
2026-04-27T08:39:34,18.635008,-47.109680,-15.2,13.68,63.1,7,3.0,103.0,4.205,-4.2,0,1,55860
2026-04-27T08:40:03,18.635675,-47.107941,-6.3,13.44,68.1,7,3.0,102.7,4.205,-4.2,0,1,55861
2026-04-27T08:40:32,18.636354,-47.106209,-6.1,12.53,74.3,7,3.0,103.0,4.205,-4.2,0,1,55862
2026-04-27T08:41:01,18.637148,-47.104469,1.9,13.38,63.6,7,3.0,102.9,4.205,-4.4,0,1,55863
2026-04-27T08:41:30,18.637823,-47.102749,3.7,12.88,66.1,7,3.0,102.9,4.206,-4.4,0,1,55864
2026-04-27T08:41:59,18.638542,-47.101109,19.8,12.08,64.9,7,3.0,102.7,4.205,-4.2,0,1,55865
2026-04-27T08:42:28,18.639294,-47.099346,12.0,14.05,66.2,7,3.0,102.9,4.206,-4.4,0,1,55866
2026-04-27T08:42:57,18.639820,-47.097607,12.9,13.12,76.8,7,3.0,102.9,4.204,-4.4,0,1,55867
2026-04-27T08:43:26,18.640667,-47.095879,21.6,13.22,61.0,7,3.0,103.0,4.205,-4.2,0,1,55868
2026-04-27T08:43:55,18.641502,-47.094139,26.7,13.49,60.0,7,3.0,102.7,4.205,-4.2,0,1,55869
2026-04-27T08:44:24,18.642109,-47.092369,19.0,13.13,67.4,7,3.0,102.9,4.205,-4.4,0,1,55870
2026-04-27T08:44:53,18.642841,-47.090683,15.3,13.79,63.5,7,3.0,102.9,4.205,-4.4,0,1,55871
2026-04-27T08:45:22,18.643534,-47.088928,14.2,13.77,66.1,7,3.0,102.7,4.205,-4.2,0,1,55872
2026-04-27T08:45:51,18.644291,-47.087208,20.1,12.61,66.2,7,3.0,102.7,4.205,-4.2,0,1,55873
2026-04-27T08:46:20,18.645107,-47.085499,31.4,14.15,60.5,8,2.1,102.7,4.204,2734.8,0,1,55874
2026-04-27T08:46:49,18.645750,-47.083717,24.0,13.48,65.7,8,2.1,103.0,4.205,-4.2,0,1,55875
2026-04-27T08:47:18,18.646437,-47.082047,18.0,13.53,64.4,8,2.1,102.9,4.206,-4.4,0,1,55876
2026-04-27T08:47:47,18.647263,-47.080318,21.3,13.41,69.7,9,1.5,102.9,4.205,-4.4,0,1,55877
2026-04-27T08:48:16,18.647882,-47.078533,24.9,14.18,60.7,8,2.1,102.9,4.205,-4.4,0,1,55878
2026-04-27T08:48:45,18.648525,-47.076782,19.1,13.44,64.8,8,2.2,102.9,4.205,-4.4,0,1,55879
2026-04-27T08:49:14,18.649199,-47.075058,15.4,13.16,64.3,8,2.2,103.0,4.206,-4.2,0,1,55880
2026-04-27T08:49:43,18.649776,-47.073296,19.4,12.95,73.5,9,1.4,102.7,4.204,-4.2,0,1,55881
2026-04-27T08:50:12,18.650536,-47.071503,18.4,13.71,67.5,8,2.2,102.6,4.206,2730.6,0,1,55882
2026-04-27T08:50:41,18.651310,-47.069843,18.2,12.56,61.0,8,2.2,103.0,4.204,-4.2,0,1,55883
2026-04-27T08:51:10,18.652048,-47.068069,16.7,13.70,57.7,8,2.2,102.7,4.205,-4.2,0,1,55884
2026-04-27T08:51:39,18.652506,-47.066349,11.3,11.83,71.9,8,2.2,103.0,4.205,-4.2,0,1,55885
2026-04-27T08:52:08,18.653414,-47.064686,13.2,13.56,62.0,8,2.2,102.7,4.205,-4.2,0,1,55886
2026-04-27T08:52:37,18.654238,-47.062946,18.7,14.07,57.7,8,2.3,102.7,4.205,-4.2,0,1,55887
2026-04-27T08:53:06,18.654924,-47.061192,20.3,12.84,63.8,8,2.3,103.0,4.205,-4.2,0,1,55888
2026-04-27T08:53:35,18.655567,-47.059498,15.9,11.98,62.9,7,2.3,103.2,4.205,-4.2,0,1,55889
2026-04-27T08:54:04,18.656284,-47.057724,14.4,13.59,71.5,8,2.3,103.0,4.205,-4.2,0,1,55890
2026-04-27T08:54:33,18.657024,-47.056011,18.6,12.41,63.6,8,2.3,102.9,4.205,-4.4,0,1,55891
2026-04-27T08:55:02,18.657776,-47.054302,21.6,14.07,62.0,8,2.3,102.9,4.206,-4.4,0,1,55892
2026-04-27T08:55:31,18.658327,-47.052517,22.8,12.81,71.2,8,2.3,103.0,4.206,-4.2,0,1,55893
2026-04-27T08:56:00,18.659124,-47.050781,19.4,13.47,61.1,8,2.3,102.9,4.205,-4.4,0,1,55894
2026-04-27T08:56:29,18.659761,-47.049072,20.0,12.99,73.2,9,1.4,102.7,4.204,-4.2,0,1,55895
2026-04-27T08:56:58,18.660490,-47.047256,13.5,12.60,64.9,8,2.4,102.9,4.206,-4.4,0,1,55896
2026-04-27T08:57:27,18.661161,-47.045567,12.3,13.59,69.3,8,2.4,102.9,4.205,-4.4,0,1,55897
2026-04-27T08:57:56,18.661833,-47.043846,18.4,13.11,68.0,8,2.4,102.9,4.206,-4.4,0,1,55898
2026-04-27T08:58:25,18.662607,-47.042103,18.9,13.19,65.6,8,2.4,102.9,4.202,-4.4,0,1,55899
2026-04-27T08:58:54,18.663292,-47.040371,20.5,13.49,62.9,8,2.4,102.9,4.205,-4.4,0,1,55900
2026-04-27T08:59:23,18.663980,-47.038628,19.0,13.00,63.8,8,2.4,102.7,4.206,-4.2,0,1,55901
2026-04-27T08:59:52,18.664724,-47.036888,17.2,14.56,60.0,8,2.4,102.9,4.205,-4.4,0,1,55902
2026-04-27T09:00:21,18.665318,-47.035141,16.1,12.60,71.8,8,2.4,103.0,4.206,-4.2,0,1,55903
2026-04-27T09:00:50,18.665850,-47.033390,10.5,13.20,70.3,7,2.4,102.7,4.205,-4.2,0,1,55904
2026-04-27T09:01:19,18.666677,-47.031666,10.2,13.44,71.5,8,2.4,103.0,4.205,-4.2,0,1,55905
2026-04-27T09:01:48,18.667366,-47.029957,13.7,13.01,66.4,8,2.4,102.7,4.206,-4.2,0,1,55906
2026-04-27T09:02:17,18.668106,-47.028229,13.6,13.03,63.6,8,2.4,102.9,4.205,-4.4,0,1,55907
2026-04-27T09:02:46,18.668804,-47.026531,11.0,13.67,62.9,8,2.4,102.7,4.205,-4.2,0,1,55908
2026-04-27T09:03:15,18.669422,-47.024765,7.7,13.28,69.8,8,2.4,103.0,4.205,-4.2,0,1,55909
2026-04-27T09:03:44,18.670183,-47.023067,11.7,13.19,70.3,8,2.4,102.9,4.204,-4.4,0,1,55910
2026-04-27T09:04:13,18.671057,-47.021374,13.7,13.44,67.0,8,2.5,103.0,4.204,-4.2,0,1,55911
2026-04-27T09:04:42,18.671789,-47.019661,20.0,13.32,67.4,8,2.5,102.7,4.204,-4.2,0,1,55912
2026-04-27T09:05:11,18.672508,-47.017929,23.6,13.44,64.1,8,2.4,103.0,4.205,-4.2,0,1,55913
2026-04-27T09:05:40,18.673176,-47.016228,20.7,13.03,65.2,8,2.6,103.2,4.205,-4.2,0,1,55914
2026-04-27T09:06:09,18.673891,-47.014484,22.5,13.63,64.2,8,2.6,102.7,4.205,2734.8,0,1,55915
2026-04-27T09:06:38,18.674625,-47.012760,23.1,13.70,63.3,8,2.4,102.9,4.205,-4.4,0,1,55916
2026-04-27T09:07:07,18.675369,-47.011089,23.4,13.11,71.3,9,1.8,102.7,4.205,-4.2,0,1,55917
2026-04-27T09:07:36,18.676085,-47.009365,20.5,13.62,60.1,9,1.9,102.9,4.206,-4.4,0,1,55918
2026-04-27T09:08:05,18.676823,-47.007587,14.7,13.59,64.3,9,1.9,103.0,4.205,-4.2,0,1,55919
2026-04-27T09:08:34,18.677492,-47.005920,13.1,13.94,72.7,9,1.9,103.0,4.205,-4.2,0,1,55920
2026-04-27T09:09:03,18.678230,-47.004139,10.6,13.23,66.0,9,1.9,102.7,4.204,-4.2,0,1,55921
2026-04-27T09:09:32,18.678972,-47.002445,7.3,13.23,61.8,9,1.9,103.0,4.206,-4.2,0,1,55922
2026-04-27T09:10:01,18.679689,-47.000710,5.7,14.05,62.0,9,1.9,103.0,4.204,-4.2,0,1,55923
2026-04-27T09:10:30,18.680296,-46.998989,-0.6,14.06,64.7,9,1.9,102.7,4.207,-4.2,0,1,55924
2026-04-27T09:10:59,18.681082,-46.997257,-0.3,13.92,60.8,9,1.9,102.9,4.204,-4.4,0,1,55925
2026-04-27T09:11:28,18.681791,-46.995544,5.7,13.12,63.9,9,1.9,102.9,4.205,-4.4,0,1,55926
2026-04-27T09:11:57,18.682547,-46.993824,2.9,14.06,59.8,9,1.9,102.7,4.205,-4.2,0,1,55927
2026-04-27T09:12:26,18.683235,-46.992096,0.4,13.04,66.5,9,1.9,102.6,4.205,-4.2,0,1,55928
2026-04-27T09:12:55,18.683783,-46.990337,8.2,13.06,70.6,9,1.9,102.9,4.204,-4.4,0,1,55929
2026-04-27T09:13:24,18.684580,-46.988674,18.0,12.94,60.4,9,1.9,102.9,4.206,-4.4,0,1,55930
2026-04-27T09:13:53,18.685263,-46.986938,22.6,12.86,66.3,9,1.9,103.2,4.206,-4.2,0,1,55931
2026-04-27T09:14:22,18.686008,-46.985214,25.8,13.18,67.4,9,1.9,102.9,4.205,-4.4,0,1,55932
2026-04-27T09:14:51,18.686802,-46.983475,26.3,13.69,63.2,9,2.0,103.0,4.205,-4.2,0,1,55933
2026-04-27T09:15:20,18.687487,-46.981766,26.0,13.83,65.7,9,2.0,103.0,4.206,-4.2,0,1,55934
2026-04-27T09:15:49,18.688122,-46.980022,28.1,12.43,71.0,9,2.0,102.7,4.205,-4.2,0,1,55935
2026-04-27T09:16:18,18.688801,-46.978264,16.3,13.07,66.7,9,2.0,102.7,4.204,-4.2,0,1,55936
2026-04-27T09:16:47,18.689510,-46.976540,17.6,12.85,64.2,9,2.0,102.9,4.204,-4.4,0,1,55937
2026-04-27T09:17:16,18.690147,-46.974831,8.8,13.04,65.4,9,2.0,102.7,4.206,-4.2,0,1,55938
2026-04-27T09:17:45,18.690897,-46.973080,11.6,14.33,66.0,9,2.0,102.7,4.206,-4.2,0,1,55939
2026-04-27T09:18:14,18.691648,-46.971363,2.7,12.99,69.2,9,2.0,102.7,4.205,-4.2,0,1,55940
2026-04-27T09:18:43,18.692385,-46.969612,12.1,14.02,60.1,8,2.1,102.9,4.205,-4.4,0,1,55941
2026-04-27T09:19:12,18.693045,-46.967888,12.6,12.72,66.4,8,2.1,102.9,4.206,-4.4,0,1,55942
2026-04-27T09:19:41,18.693745,-46.966202,19.7,13.41,63.6,9,2.0,102.9,4.205,-4.4,0,1,55943
2026-04-27T09:20:10,18.694431,-46.964405,10.1,13.71,66.3,7,2.4,102.7,4.205,-4.2,0,1,55944
2026-04-27T09:20:39,18.694977,-46.962643,0.8,12.92,65.7,7,2.5,102.7,4.202,-4.2,0,1,55945
2026-04-27T09:21:08,18.695635,-46.960873,-4.7,13.50,67.1,9,2.0,102.9,4.204,-4.4,0,1,55946
2026-04-27T09:21:37,18.696407,-46.959133,-7.0,14.66,59.7,9,1.9,102.7,4.205,-4.2,0,1,55947
2026-04-27T09:22:06,18.697142,-46.957489,-4.1,12.73,65.0,8,2.1,102.7,4.205,-4.2,0,1,55948
2026-04-27T09:22:35,18.697895,-46.955704,3.2,13.75,72.4,9,1.9,102.7,4.205,-4.2,0,1,55949
2026-04-27T09:23:04,18.698730,-46.954063,-2.6,13.07,65.4,9,1.9,102.7,4.205,-4.2,0,1,55950
2026-04-27T09:23:33,18.699503,-46.952351,-0.4,12.33,70.8,8,2.1,102.9,4.204,-4.4,0,1,55951
2026-04-27T09:24:02,18.700207,-46.950546,5.1,14.19,61.8,9,1.9,102.9,4.205,-4.4,0,1,55952
2026-04-27T09:24:31,18.700848,-46.948837,11.2,12.42,72.1,9,1.9,103.0,4.204,-4.2,0,1,55953
2026-04-27T09:25:00,18.701599,-46.947128,-6.9,12.88,67.0,9,1.9,102.9,4.204,-4.4,0,1,55954
2026-04-27T09:25:29,18.702307,-46.945351,4.1,14.27,60.9,9,1.9,102.9,4.204,-4.4,0,1,55955
2026-04-27T09:25:58,18.702986,-46.943645,7.6,13.68,64.7,8,2.1,103.0,4.205,-4.2,0,1,55956
2026-04-27T09:26:27,18.703850,-46.941898,9.5,12.95,66.7,8,2.1,102.9,4.206,-4.4,0,1,55957
2026-04-27T09:26:56,18.704405,-46.940151,5.9,13.03,65.4,8,2.1,102.9,4.205,-4.4,0,1,55958
2026-04-27T09:27:25,18.705128,-46.938381,6.6,13.71,66.8,9,1.9,103.0,4.205,-4.2,0,1,55959
2026-04-27T09:27:54,18.705795,-46.936661,3.7,14.36,68.4,8,2.0,102.7,4.206,-4.2,0,1,55960
2026-04-27T09:28:23,18.706587,-46.934887,1.5,13.70,68.1,8,2.0,103.0,4.206,-4.2,0,1,55961
2026-04-27T09:28:52,18.707258,-46.933144,-3.7,13.99,63.6,8,2.0,102.9,4.205,-4.4,0,1,55962
2026-04-27T09:29:21,18.708006,-46.931400,-5.4,12.23,67.7,8,2.0,102.9,4.206,-4.4,0,1,55963
2026-04-27T09:29:50,18.708679,-46.929684,-10.3,13.53,60.3,8,2.0,102.7,4.204,-4.2,0,1,55964
2026-04-27T09:30:19,18.709394,-46.927925,-13.7,13.36,66.5,7,2.2,102.6,4.204,-4.2,0,1,55965
2026-04-27T09:30:48,18.710182,-46.926216,-10.2,13.61,61.3,8,2.0,103.0,4.205,-4.2,0,1,55966
2026-04-27T09:31:17,18.710913,-46.924484,-2.0,13.52,63.2,9,1.8,102.9,4.205,-4.4,0,1,55967
2026-04-27T09:31:46,18.711687,-46.922775,-2.6,13.16,58.2,9,1.8,102.7,4.205,-4.2,0,1,55968
2026-04-27T09:32:15,18.712458,-46.921036,1.5,13.22,60.4,9,1.8,102.7,4.205,-4.2,0,1,55969
2026-04-27T09:32:44,18.713125,-46.919277,10.6,12.21,67.0,8,2.0,103.0,4.205,-4.2,0,1,55970
2026-04-27T09:33:13,18.713945,-46.917534,16.0,12.88,68.9,8,2.0,102.7,4.205,-4.2,0,1,55971
2026-04-27T09:33:42,18.714672,-46.915810,13.8,13.22,68.8,9,1.7,102.7,4.205,-4.2,0,1,55972
2026-04-27T09:34:11,18.715416,-46.914047,17.7,13.92,65.1,8,2.0,103.2,4.206,-4.2,0,1,55973
2026-04-27T09:34:40,18.716103,-46.912331,16.8,14.09,66.4,8,2.0,103.0,4.205,-4.2,0,1,55974
2026-04-27T09:35:09,18.716890,-46.910572,20.6,13.62,66.2,7,2.1,102.7,4.205,-4.2,0,1,55975
2026-04-27T09:35:38,18.717457,-46.908859,18.2,13.03,68.0,7,2.0,102.9,4.204,-4.4,0,1,55976
2026-04-27T09:36:07,18.718189,-46.907074,21.0,12.97,71.1,7,2.0,102.7,4.205,-4.2,0,1,55977
2026-04-27T09:36:36,18.718975,-46.905342,11.0,13.93,64.6,7,2.0,102.9,4.205,-4.4,0,1,55978
2026-04-27T09:37:05,18.719662,-46.903580,13.1,13.44,67.5,7,2.0,102.9,4.205,-4.4,0,1,55979
2026-04-27T09:37:34,18.720352,-46.901844,21.5,13.02,61.6,7,2.0,102.9,4.206,-4.4,0,1,55980
2026-04-27T09:38:03,18.721165,-46.900127,19.1,13.32,65.6,7,2.0,102.7,4.204,-4.2,0,1,55981
2026-04-27T09:38:32,18.721855,-46.898319,18.0,13.12,65.2,8,1.8,102.9,4.206,-4.4,0,1,55982
2026-04-27T09:39:01,18.722597,-46.896618,13.0,14.06,67.1,8,1.4,102.9,4.205,-4.4,0,1,55983
2026-04-27T09:39:30,18.723305,-46.894821,-5.8,13.82,63.0,8,1.4,102.9,4.205,-4.4,0,1,55984
2026-04-27T09:39:59,18.724070,-46.893093,-6.8,13.54,64.0,8,1.4,102.9,4.205,-4.4,0,1,55985
2026-04-27T09:40:28,18.724873,-46.891342,0.6,13.37,65.6,7,1.9,103.0,4.205,-4.2,0,1,55986
2026-04-27T09:40:57,18.725391,-46.889515,-4.7,13.83,67.9,8,1.4,102.7,4.206,-4.2,0,1,55987
2026-04-27T09:41:26,18.726017,-46.887730,-13.7,13.40,67.9,8,1.4,103.0,4.206,-4.2,0,1,55988
2026-04-27T09:41:55,18.726778,-46.886002,-17.8,13.44,67.0,8,1.4,103.0,4.206,-4.2,0,1,55989
2026-04-27T09:42:24,18.727163,-46.884109,-6.2,13.54,70.5,8,1.6,103.2,4.204,-4.2,0,1,55990
2026-04-27T09:42:53,18.727854,-46.882385,-6.7,13.41,70.8,8,1.6,102.7,4.206,-4.2,0,1,55991
2026-04-27T09:43:22,18.728588,-46.880661,-9.8,13.32,65.6,9,1.2,102.9,4.205,-4.4,0,1,55992
2026-04-27T09:43:51,18.729385,-46.878891,0.7,13.84,63.8,9,1.2,103.0,4.205,-4.2,0,1,55993
2026-04-27T09:44:20,18.730165,-46.877163,10.0,13.44,63.4,9,1.2,102.7,4.204,-4.2,0,1,55994
2026-04-27T09:44:49,18.730923,-46.875420,12.2,12.89,64.8,9,1.2,102.9,4.206,-4.4,0,1,55995
2026-04-27T09:45:18,18.731726,-46.873737,18.3,13.34,66.1,8,1.6,103.2,4.206,-4.2,0,1,55996
2026-04-27T09:45:47,18.732428,-46.871975,30.0,14.10,62.1,8,1.6,102.6,4.204,-4.2,0,1,55997
2026-04-27T09:46:16,18.733179,-46.870232,23.9,13.34,68.1,9,1.2,102.9,4.205,-4.4,0,1,55998
2026-04-27T09:46:45,18.733887,-46.868427,10.7,13.77,67.2,9,1.2,103.0,4.205,-4.2,0,1,55999
2026-04-27T09:47:14,18.734573,-46.866692,13.0,13.24,66.3,9,1.2,102.9,4.205,-4.4,0,1,56000
2026-04-27T09:47:43,18.735207,-46.864830,8.7,13.06,67.7,8,1.6,102.9,4.205,-4.4,0,1,56001
2026-04-27T09:48:12,18.735817,-46.863037,-4.5,13.44,71.2,8,1.6,103.0,4.206,-4.2,0,1,56002
2026-04-27T09:48:41,18.736406,-46.861259,0.6,12.63,67.4,8,1.5,102.7,4.205,-4.2,0,1,56003
2026-04-27T09:49:10,18.737255,-46.859421,4.3,14.11,69.4,7,1.6,102.9,4.205,-4.4,0,1,56004
2026-04-27T09:49:39,18.738001,-46.857666,11.0,13.70,66.3,8,1.3,102.7,4.204,-4.2,0,1,56005
2026-04-27T09:50:08,18.738844,-46.855968,16.0,14.28,62.8,9,1.1,102.7,4.206,-4.2,0,1,56006
2026-04-27T09:50:37,18.739494,-46.854187,11.2,13.64,67.6,9,1.1,102.7,4.205,-4.2,0,1,56007
2026-04-27T09:51:06,18.740179,-46.852409,12.7,13.38,66.1,7,1.6,102.9,4.206,-4.4,0,1,56008
2026-04-27T09:51:35,18.740927,-46.850689,14.8,13.95,67.0,8,1.5,102.9,4.205,-4.4,0,1,56009
2026-04-27T09:52:04,18.741724,-46.848953,16.1,14.24,62.7,7,1.6,102.7,4.205,-4.2,0,1,56010
2026-04-27T09:52:33,18.742439,-46.847195,18.1,13.44,63.7,8,1.3,102.7,4.205,-4.2,0,1,56011
2026-04-27T09:53:02,18.743153,-46.845448,19.8,13.28,64.1,8,1.5,102.7,4.204,-4.2,0,1,56012
2026-04-27T09:53:31,18.743809,-46.843689,24.0,12.90,74.8,8,1.5,102.7,4.205,-4.2,0,1,56013
2026-04-27T09:54:00,18.744532,-46.841972,28.8,13.18,69.9,8,1.5,102.7,4.205,-4.2,0,1,56014
2026-04-27T09:54:29,18.745363,-46.840286,35.0,14.18,61.9,8,1.5,103.0,4.206,-4.2,0,1,56015
2026-04-27T09:54:58,18.746105,-46.838535,39.8,12.45,66.8,8,1.2,102.7,4.206,-4.2,0,1,56016
2026-04-27T09:55:27,18.746796,-46.836781,42.2,13.71,65.0,10,1.1,102.7,4.204,-4.2,0,1,56017
2026-04-27T09:55:56,18.747534,-46.835011,42.2,13.92,64.6,9,1.4,102.9,4.205,-4.4,0,1,56018
2026-04-27T09:56:25,18.748287,-46.833252,42.7,13.83,64.7,10,1.1,102.9,4.205,2738.9,0,1,56019
2026-04-27T09:56:54,18.749012,-46.831497,43.3,13.27,67.8,9,1.4,102.6,4.206,-4.2,0,1,56020
2026-04-27T09:57:23,18.749796,-46.829750,50.2,12.79,71.5,9,1.3,102.7,4.205,-4.2,0,1,56021
2026-04-27T09:57:52,18.750496,-46.827915,51.5,12.64,66.5,9,1.3,102.7,4.205,-4.2,0,1,56022
2026-04-27T09:58:21,18.751232,-46.826126,50.5,13.48,62.5,9,1.3,103.2,4.205,-4.2,0,1,56023
2026-04-27T09:58:50,18.751987,-46.824337,52.1,12.51,63.0,9,1.3,102.7,4.204,-4.2,0,1,56024
2026-04-27T09:59:19,18.752665,-46.822548,48.6,13.65,72.5,10,1.0,102.9,4.206,-4.4,0,1,56025
2026-04-27T09:59:48,18.753330,-46.820683,38.7,14.79,62.9,9,1.3,103.0,4.204,-4.2,0,1,56026
2026-04-27T10:00:17,18.754206,-46.818878,31.1,14.36,65.8,8,1.5,102.9,4.206,-4.4,0,1,56027
2026-04-27T10:00:46,18.754793,-46.817093,26.5,12.86,66.1,9,1.3,102.7,4.205,-4.2,0,1,56028
2026-04-27T10:01:15,18.755476,-46.815346,24.9,11.43,72.2,8,1.3,102.9,4.206,-4.4,0,1,56029
2026-04-27T10:01:44,18.756372,-46.813545,26.8,14.07,59.7,8,1.4,103.0,4.205,-4.2,0,1,56030
2026-04-27T10:02:13,18.757069,-46.811817,36.0,13.16,63.8,8,1.5,102.9,4.206,-4.4,0,1,56031
2026-04-27T10:02:42,18.757771,-46.810070,25.2,13.60,68.9,10,1.0,103.0,4.205,-4.2,0,1,56032
2026-04-27T10:03:11,18.758411,-46.808254,18.0,13.21,64.8,8,1.5,102.9,4.205,-4.4,0,1,56033
2026-04-27T10:03:40,18.759081,-46.806492,15.3,12.93,66.7,8,1.5,102.9,4.204,-4.4,0,1,56034
2026-04-27T10:04:09,18.759855,-46.804695,0.5,13.97,68.3,7,1.9,102.7,4.205,-4.2,0,1,56035
2026-04-27T10:04:38,18.760509,-46.802891,-5.5,13.53,65.7,8,1.4,103.0,4.205,-4.2,0,1,56036
2026-04-27T10:05:07,18.761246,-46.801140,-20.3,11.45,72.7,7,1.9,102.9,4.205,-4.4,0,1,56037
2026-04-27T10:05:36,18.761955,-46.799343,-18.0,12.93,69.4,7,1.9,102.9,4.205,-4.4,0,1,56038
2026-04-27T10:06:05,18.762665,-46.797573,-7.5,13.79,71.8,7,1.9,102.7,4.204,-4.2,0,1,56039
2026-04-27T10:06:34,18.763346,-46.795818,-6.1,13.41,70.1,7,1.9,102.9,4.206,2738.9,0,1,56040
2026-04-27T10:07:03,18.764154,-46.794125,-0.7,12.75,68.3,7,1.9,103.0,4.206,-4.2,0,1,56041
2026-04-27T10:07:32,18.764948,-46.792385,1.1,12.38,71.3,7,1.9,102.9,4.205,-4.4,0,1,56042
2026-04-27T10:08:01,18.765730,-46.790646,9.6,13.57,67.6,7,1.9,102.7,4.204,-4.2,0,1,56043
2026-04-27T10:08:30,18.766388,-46.788868,8.3,13.78,66.9,7,1.9,103.0,4.205,-4.2,0,1,56044
2026-04-27T10:08:59,18.767157,-46.787132,12.7,13.17,67.0,7,1.9,103.4,4.206,-4.2,0,1,56045
2026-04-27T10:09:28,18.767878,-46.785465,23.6,12.81,71.8,8,1.3,102.9,4.202,-4.4,0,1,56046
2026-04-27T10:09:57,18.768675,-46.783649,22.4,12.65,65.6,7,1.9,102.9,4.205,-4.4,0,1,56047
2026-04-27T10:10:26,18.769432,-46.781834,17.0,14.20,64.6,7,1.9,103.2,4.206,-4.2,0,1,56048
2026-04-27T10:10:55,18.770098,-46.780098,16.5,12.75,68.2,7,1.8,103.0,4.206,-4.2,0,1,56049
2026-04-27T10:11:24,18.770763,-46.778267,11.3,12.31,73.4,7,1.8,102.7,4.206,-4.2,0,1,56050
2026-04-27T10:11:53,18.771456,-46.776577,17.2,13.21,69.2,6,1.9,103.2,4.205,-4.2,0,1,56051
2026-04-27T10:12:22,18.772240,-46.774872,16.0,12.63,68.8,8,1.3,102.9,4.206,-4.4,0,1,56052
2026-04-27T10:12:51,18.772938,-46.773102,15.0,12.23,67.9,7,1.8,103.0,4.204,-4.2,0,1,56053
2026-04-27T10:13:20,18.773697,-46.771351,18.7,12.66,64.9,7,1.8,103.0,4.205,-4.2,0,1,56054
2026-04-27T10:13:49,18.774387,-46.769573,19.8,14.18,64.9,7,1.8,102.9,4.206,-4.4,0,1,56055
2026-04-27T10:14:18,18.775066,-46.767788,11.5,12.90,67.5,8,1.3,102.9,4.205,-4.4,0,1,56056
2026-04-27T10:14:47,18.775797,-46.765991,22.3,13.40,66.3,7,1.8,102.7,4.206,-4.2,0,1,56057
2026-04-27T10:15:16,18.776508,-46.764168,23.5,14.05,64.3,7,1.8,102.7,4.204,-4.2,0,1,56058
2026-04-27T10:15:45,18.777296,-46.762379,28.2,13.05,69.7,7,1.8,102.9,4.205,-4.4,0,1,56059
2026-04-27T10:16:14,18.778023,-46.760574,30.8,14.46,66.3,7,1.8,102.9,4.206,-4.4,0,1,56060
2026-04-27T10:16:43,18.778812,-46.758846,37.2,13.07,62.3,7,1.8,103.0,4.205,-4.2,0,1,56061
2026-04-27T10:17:12,18.779503,-46.756905,25.3,13.87,67.0,6,1.8,102.9,4.204,-4.4,0,1,56062
2026-04-27T10:17:41,18.780178,-46.755108,16.2,13.61,64.8,8,1.3,102.9,4.205,-4.4,0,1,56063
2026-04-27T10:18:10,18.780895,-46.753304,8.7,13.78,67.7,7,1.7,102.9,4.206,-4.4,0,1,56064
2026-04-27T10:18:39,18.781651,-46.751514,3.1,14.63,68.4,7,1.7,103.2,4.206,-4.2,0,1,56065
2026-04-27T10:19:08,18.782375,-46.749737,2.7,13.58,65.2,7,1.7,102.9,4.205,-4.4,0,1,56066
2026-04-27T10:19:37,18.783110,-46.747959,1.7,13.74,64.2,7,1.7,102.7,4.205,-4.2,0,1,56067
2026-04-27T10:20:06,18.783813,-46.746185,1.6,13.35,68.8,7,1.7,103.0,4.205,-4.2,0,1,56068
2026-04-27T10:20:35,18.784496,-46.744469,3.4,13.44,66.8,6,1.7,102.7,4.206,-4.2,0,1,56069
2026-04-27T10:21:04,18.785240,-46.742607,2.0,13.47,65.8,7,1.7,102.7,4.205,-4.2,0,1,56070
2026-04-27T10:21:33,18.785955,-46.740856,3.5,14.00,67.3,7,1.7,103.0,4.206,-4.2,0,1,56071
2026-04-27T10:22:02,18.786680,-46.739052,3.8,13.16,66.7,7,1.7,102.9,4.205,-4.4,0,1,56072
2026-04-27T10:22:31,18.787397,-46.737259,4.3,13.70,66.7,7,1.7,102.7,4.206,-4.2,0,1,56073
2026-04-27T10:23:00,18.788124,-46.735546,8.2,13.36,66.2,7,1.7,102.7,4.206,-4.2,0,1,56074
2026-04-27T10:23:29,18.788864,-46.733757,12.7,13.72,63.6,7,1.6,102.9,4.204,-4.4,0,1,56075
2026-04-27T10:23:58,18.789602,-46.731979,15.7,14.07,65.4,7,1.6,103.0,4.206,-4.2,0,1,56076
2026-04-27T10:24:27,18.790358,-46.730221,16.5,12.90,65.1,7,1.6,102.9,4.205,-4.4,0,1,56077
2026-04-27T10:24:56,18.791088,-46.728436,10.4,13.73,61.9,7,1.6,103.0,4.202,-4.2,0,1,56078
2026-04-27T10:25:25,18.791830,-46.726658,4.6,13.27,67.6,7,1.6,102.9,4.205,-4.4,0,1,56079
2026-04-27T10:25:54,18.792536,-46.724876,5.5,13.39,67.0,7,1.6,102.9,4.206,-4.4,0,1,56080
2026-04-27T10:26:23,18.793257,-46.723095,5.1,13.99,67.5,7,1.6,102.9,4.206,-4.4,0,1,56081
2026-04-27T10:26:52,18.793970,-46.721333,5.2,13.31,67.2,6,1.6,102.9,4.206,-4.4,0,1,56082
2026-04-27T10:27:21,18.794725,-46.719559,-0.3,13.53,66.2,7,1.6,102.9,4.205,-4.4,0,1,56083
2026-04-27T10:27:50,18.795441,-46.717762,-7.1,13.11,64.1,7,1.6,102.9,4.205,-4.4,0,1,56084
2026-04-27T10:28:19,18.796169,-46.715984,-6.9,14.06,66.1,7,1.6,102.7,4.206,-4.2,0,1,56085
2026-04-27T10:28:48,18.796904,-46.714222,-1.4,13.60,64.7,7,1.6,102.9,4.204,-4.4,0,1,56086
2026-04-27T10:29:17,18.797558,-46.712440,-2.9,13.79,66.9,7,1.6,102.9,4.206,-4.4,0,1,56087
2026-04-27T10:29:46,18.798279,-46.710686,-13.5,13.19,64.7,7,1.6,102.9,4.205,-4.4,0,1,56088
2026-04-27T10:30:15,18.798943,-46.708885,-27.0,12.91,66.5,7,1.6,102.9,4.205,-4.4,0,1,56089
2026-04-27T10:30:44,18.799679,-46.707081,-38.2,13.45,64.2,7,1.6,102.9,4.206,-4.4,0,1,56090
2026-04-27T10:31:13,18.800407,-46.705276,-42.2,13.78,64.6,6,1.6,103.0,4.205,-4.2,0,1,56091
2026-04-27T10:31:42,18.801174,-46.703548,-39.6,13.77,64.9,7,1.5,102.7,4.205,-4.2,0,1,56092
2026-04-27T10:32:11,18.801857,-46.701790,-29.7,12.57,62.2,7,1.5,102.9,4.206,-4.4,0,1,56093
2026-04-27T10:32:40,18.802591,-46.700043,-26.6,12.86,67.0,7,1.5,102.9,4.205,-4.4,0,1,56094
2026-04-27T10:33:09,18.803320,-46.698284,-21.6,12.65,66.5,7,1.5,103.0,4.205,2743.3,0,1,56095
2026-04-27T10:33:38,18.804125,-46.696526,-20.0,13.90,64.7,7,1.5,102.7,4.206,-4.2,0,1,56096
2026-04-27T10:34:07,18.804838,-46.694744,-21.0,13.17,70.0,7,1.5,102.9,4.205,-4.4,0,1,56097
2026-04-27T10:34:36,18.805576,-46.692997,-15.2,13.38,65.1,7,1.5,102.7,4.205,-4.2,0,1,56098
2026-04-27T10:35:05,18.806244,-46.691219,-3.3,11.64,62.9,7,1.5,102.9,4.205,-4.4,0,1,56099
2026-04-27T10:35:34,18.806992,-46.689484,-1.2,14.38,67.4,7,1.5,103.0,4.204,-4.2,0,1,56100
2026-04-27T10:36:03,18.807755,-46.687740,2.8,13.60,64.4,6,2.1,102.9,4.205,-4.4,0,1,56101
2026-04-27T10:36:32,18.808388,-46.685947,16.4,13.21,70.8,6,1.5,102.7,4.205,-4.2,0,1,56102
2026-04-27T10:37:01,18.809174,-46.684299,24.9,13.52,68.4,6,1.5,102.7,4.205,-4.2,0,1,56103
2026-04-27T10:37:30,18.809887,-46.682476,26.8,12.90,57.8,7,1.5,102.9,4.205,-4.4,0,1,56104
2026-04-27T10:37:59,18.810570,-46.680645,20.5,13.37,72.0,6,2.1,102.7,4.204,-4.2,0,1,56105
2026-04-27T10:38:28,18.811319,-46.678886,26.1,13.60,71.7,6,2.1,103.0,4.205,-4.2,0,1,56106
2026-04-27T10:38:57,18.812082,-46.677105,37.2,13.06,64.1,7,1.5,102.9,4.204,-4.4,0,1,56107
2026-04-27T10:39:26,18.812708,-46.675301,42.2,13.91,72.1,7,1.5,103.0,4.205,-4.2,0,1,56108
2026-04-27T10:39:55,18.813467,-46.673481,40.9,14.61,71.2,6,2.1,102.9,4.206,-4.4,0,1,56109
2026-04-27T10:40:24,18.814201,-46.671688,43.5,14.63,68.8,5,2.3,102.7,4.205,-4.2,0,1,56110
2026-04-27T10:40:53,18.814974,-46.669819,48.1,13.39,63.8,6,1.5,102.7,4.205,-4.2,0,1,56111
2026-04-27T10:41:22,18.815697,-46.668102,43.9,14.07,69.6,7,1.4,103.0,4.204,-4.2,0,1,56112
2026-04-27T10:41:51,18.816425,-46.666267,41.4,14.35,63.9,6,2.1,102.9,4.204,-4.4,0,1,56113
2026-04-27T10:42:20,18.817192,-46.664440,38.6,13.98,69.7,7,1.4,102.7,4.207,-4.2,0,1,56114
2026-04-27T10:42:49,18.817869,-46.662540,35.2,13.62,65.2,6,2.1,102.9,4.205,-4.4,0,1,56115
2026-04-27T10:43:18,18.818588,-46.660728,34.9,13.72,69.3,6,2.1,102.9,4.206,-4.4,0,1,56116
2026-04-27T10:43:47,18.819382,-46.658943,36.2,13.59,61.8,7,1.4,103.2,4.205,-4.2,0,1,56117
2026-04-27T10:44:16,18.820078,-46.657093,34.3,13.62,63.5,7,1.4,102.9,4.204,-4.4,0,1,56118
2026-04-27T10:44:45,18.820801,-46.655285,32.7,14.26,72.4,6,2.1,102.9,4.205,-4.4,0,1,56119
2026-04-27T10:45:14,18.821566,-46.653469,32.6,13.38,65.4,7,1.4,102.9,4.205,-4.4,0,1,56120
2026-04-27T10:45:43,18.822315,-46.651657,22.1,14.56,64.6,6,2.1,103.0,4.206,-4.2,0,1,56121
2026-04-27T10:46:12,18.823071,-46.649883,23.5,14.45,65.0,7,1.4,102.9,4.205,-4.4,0,1,56122
2026-04-27T10:46:41,18.823839,-46.648052,21.1,13.09,65.2,7,1.4,102.7,4.206,-4.2,0,1,56123
2026-04-27T10:47:10,18.824514,-46.646168,21.9,14.18,67.4,7,1.4,102.9,4.205,-4.4,0,1,56124
2026-04-27T10:47:39,18.825300,-46.644405,23.2,13.64,66.4,7,1.4,102.9,4.204,-4.4,0,1,56125
2026-04-27T10:48:08,18.826012,-46.642635,21.4,13.49,66.6,7,1.4,102.9,4.205,-4.4,0,1,56126
2026-04-27T10:48:37,18.826860,-46.640793,10.9,13.47,68.6,7,1.4,103.0,4.205,-4.2,0,1,56127
2026-04-27T10:49:06,18.827633,-46.639042,7.1,13.86,63.4,7,1.4,102.9,4.204,-4.4,0,1,56128
2026-04-27T10:49:35,18.828268,-46.637238,3.5,12.92,70.6,7,1.4,103.0,4.205,-4.2,0,1,56129
2026-04-27T10:50:04,18.829069,-46.635361,-3.0,15.03,68.0,7,1.4,103.0,4.204,-4.2,0,1,56130
2026-04-27T10:50:33,18.829834,-46.633560,3.9,13.85,62.7,7,1.4,102.9,4.205,-4.4,0,1,56131
2026-04-27T10:51:02,18.830563,-46.631714,-1.0,13.34,68.9,5,5.4,102.9,4.206,-4.4,0,1,56132
2026-04-27T10:51:31,18.831297,-46.629932,-4.5,13.14,67.1,7,1.3,103.0,4.206,-4.2,0,1,56133
2026-04-27T10:52:00,18.832006,-46.628094,-7.0,15.26,69.9,6,2.1,102.7,4.204,-4.2,0,1,56134
2026-04-27T10:52:29,18.832720,-46.626270,-7.6,14.03,70.7,6,2.1,102.7,4.205,-4.2,0,1,56135
2026-04-27T10:52:58,18.833405,-46.624439,-4.6,15.18,76.7,6,2.1,102.9,4.204,-4.4,0,1,56136
2026-04-27T10:53:27,18.834141,-46.622711,0.4,13.66,63.7,6,2.1,102.9,4.204,-4.4,0,1,56137
2026-04-27T10:53:56,18.834902,-46.620911,3.2,13.88,67.3,6,2.1,102.9,4.207,-4.4,0,1,56138
2026-04-27T10:54:25,18.835533,-46.619095,3.9,13.42,68.1,6,2.1,102.9,4.205,-4.4,0,1,56139
2026-04-27T10:54:54,18.836369,-46.617378,7.1,13.28,66.6,6,2.1,102.7,4.205,-4.2,0,1,56140
2026-04-27T10:55:23,18.837046,-46.615562,8.4,13.55,69.3,6,2.1,102.7,4.205,-4.2,0,1,56141
2026-04-27T10:55:52,18.837887,-46.613773,11.1,15.88,58.5,6,2.1,102.7,4.205,-4.2,0,1,56142
2026-04-27T10:56:21,18.838511,-46.611961,7.4,12.33,64.8,6,2.1,102.7,4.205,-4.2,0,1,56143
2026-04-27T10:56:50,18.839359,-46.610222,13.4,15.96,67.1,5,5.6,103.0,4.206,-4.2,0,1,56144
2026-04-27T10:57:19,18.839895,-46.608402,21.8,13.26,74.6,6,2.1,102.9,4.205,-4.4,0,1,56145
2026-04-27T10:57:48,18.840738,-46.606636,24.2,13.55,67.2,6,2.1,103.0,4.205,-4.2,0,1,56146
2026-04-27T10:58:17,18.841436,-46.604816,16.9,13.55,71.0,7,1.3,102.7,4.204,-4.2,0,1,56147
2026-04-27T10:58:46,18.842337,-46.603043,-1.3,13.00,56.5,7,1.3,103.0,4.205,-4.2,0,1,56148
2026-04-27T10:59:15,18.843134,-46.601223,-35.5,13.42,68.1,6,1.3,102.7,4.206,-4.2,0,1,56149
2026-04-27T10:59:44,18.843807,-46.599365,-51.1,12.59,78.5,7,1.3,103.0,4.205,-4.2,0,1,56150
2026-04-27T11:00:13,18.844681,-46.597622,-65.3,13.66,64.7,5,5.7,103.0,4.205,-4.2,0,1,56151
2026-04-27T11:00:42,18.845579,-46.595833,-78.6,10.97,67.6,6,2.2,102.7,4.205,-4.2,0,1,56152
2026-04-27T11:01:11,18.846062,-46.593990,-82.0,13.46,80.5,6,1.3,102.7,4.204,-4.2,0,1,56153
2026-04-27T11:01:40,18.847076,-46.592232,-76.0,13.37,60.6,6,2.1,102.7,4.205,-4.2,0,1,56154
2026-04-27T11:02:09,18.847509,-46.590385,-64.9,13.62,72.9,7,1.3,103.0,4.206,-4.2,0,1,56155
2026-04-27T11:02:38,18.848335,-46.588581,-59.0,12.91,70.3,7,1.3,102.7,4.204,-4.2,0,1,56156
2026-04-27T11:03:07,18.848976,-46.586788,-48.1,7.00,79.0,5,5.7,103.0,4.205,-4.2,0,1,56157
2026-04-27T11:03:36,18.849787,-46.584999,-41.0,14.28,68.4,6,2.1,102.7,4.205,-4.2,0,1,56158
2026-04-27T11:04:05,18.850420,-46.583157,-47.2,14.00,68.9,6,2.1,103.2,4.205,-4.2,0,1,56159
2026-04-27T11:04:34,18.851151,-46.581367,-53.9,13.07,62.4,5,2.2,102.9,4.205,-4.4,0,1,56160
2026-04-27T11:05:03,18.851833,-46.579567,-66.6,12.53,71.8,5,5.7,102.9,4.204,-4.4,0,1,56161
2026-04-27T11:05:32,18.852528,-46.577740,-61.3,14.42,80.6,6,2.1,102.9,4.204,-4.4,0,1,56162
2026-04-27T11:06:01,18.853212,-46.575977,-70.5,12.68,66.2,5,5.7,102.7,4.205,-4.2,0,1,56163
2026-04-27T11:06:30,18.853985,-46.574245,-65.6,12.01,69.2,5,2.5,102.7,4.204,-4.2,0,1,56164
2026-04-27T11:06:59,18.854639,-46.572456,-79.4,11.57,64.0,4,6.3,103.0,4.206,-4.2,0,1,56165
2026-04-27T11:07:28,18.855415,-46.570686,-92.0,12.64,64.1,6,2.1,102.9,4.205,-4.4,0,1,56166
2026-04-27T11:07:57,18.856281,-46.568954,-102.1,14.12,68.1,5,5.7,102.7,4.204,-4.2,0,1,56167
2026-04-27T11:08:26,18.856844,-46.567188,-104.7,11.76,66.3,5,5.7,103.0,4.205,-4.2,0,1,56168
2026-04-27T11:08:55,18.857492,-46.565384,-101.6,11.38,65.8,6,4.6,102.7,4.205,-4.2,0,1,56169
2026-04-27T11:09:24,18.858246,-46.563564,-96.9,12.48,64.0,6,4.6,102.9,4.205,-4.4,0,1,56170
2026-04-27T11:09:53,18.859064,-46.561699,-67.2,12.30,68.2,5,5.0,103.0,4.204,-4.2,0,1,56171
2026-04-27T11:10:22,18.859859,-46.559906,-31.8,14.64,69.1,6,4.6,102.7,4.206,-4.2,0,1,56172
2026-04-27T11:10:51,18.860662,-46.558136,-12.9,12.49,68.2,6,4.5,103.0,4.205,-4.2,0,1,56173
2026-04-27T11:11:20,18.861588,-46.556385,-1.8,13.45,67.2,7,1.9,102.9,4.205,-4.4,0,1,56174
2026-04-27T11:11:49,18.862457,-46.554600,7.8,14.74,61.5,6,4.5,103.0,4.206,2743.3,0,1,56175
2026-04-27T11:12:18,18.863171,-46.552814,11.0,14.48,70.2,6,4.5,103.0,4.205,-4.2,0,1,56176
2026-04-27T11:12:47,18.863932,-46.551029,16.9,15.10,69.2,6,4.4,103.2,4.205,-4.2,0,1,56177
2026-04-27T11:13:16,18.864735,-46.549259,13.9,13.44,68.1,6,4.4,102.9,4.206,-4.4,0,1,56178
2026-04-27T11:13:45,18.865501,-46.547512,17.3,14.23,61.7,7,1.9,102.7,4.205,-4.2,0,1,56179
2026-04-27T11:14:14,18.866192,-46.545742,17.6,12.02,65.8,5,4.8,102.9,4.206,-4.4,0,1,56180
2026-04-27T11:14:43,18.866617,-46.543930,1.5,13.27,60.8,5,4.8,102.7,4.206,-4.2,0,1,56181
2026-04-27T11:15:12,18.867437,-46.542221,-1.3,14.10,64.0,5,4.7,103.0,4.205,-4.2,0,1,56182
2026-04-27T11:15:41,18.868176,-46.540447,11.9,12.68,78.8,5,4.6,103.0,4.205,2743.3,0,1,56183
2026-04-27T11:16:10,18.868710,-46.538635,17.9,10.89,72.1,5,4.6,103.0,4.205,-4.2,0,1,56184
2026-04-27T11:16:39,18.869484,-46.536873,18.7,13.68,65.0,5,4.6,102.7,4.205,-4.2,0,1,56185
2026-04-27T11:17:08,18.870232,-46.535084,15.8,13.82,62.2,5,4.5,102.9,4.205,-4.4,0,1,56186
2026-04-27T11:17:37,18.871279,-46.533409,19.6,14.04,57.6,6,1.8,102.7,4.205,-4.2,0,1,56187
2026-04-27T11:18:06,18.871826,-46.531574,27.0,11.97,76.8,5,4.4,102.9,4.206,-4.4,0,1,56188
2026-04-27T11:18:35,18.872393,-46.529789,32.1,12.53,68.1,5,4.4,102.7,4.205,-4.2,0,1,56189
2026-04-27T11:19:04,18.873140,-46.528042,32.7,13.14,68.8,5,4.4,103.2,4.205,-4.2,0,1,56190
2026-04-27T11:19:33,18.873735,-46.526283,30.4,11.87,69.4,5,4.3,102.9,4.205,-4.4,0,1,56191
2026-04-27T11:20:02,18.874544,-46.524498,26.2,14.61,63.7,5,4.3,102.9,4.205,-4.4,0,1,56192
2026-04-27T11:20:31,18.875036,-46.522717,21.2,12.50,67.9,5,4.3,102.9,4.205,-4.4,0,1,56193
2026-04-27T11:21:00,18.875708,-46.520962,20.2,11.72,69.5,5,4.2,103.0,4.205,-4.2,0,1,56194
2026-04-27T11:21:29,18.876444,-46.519238,22.1,11.14,64.5,5,4.2,102.7,4.205,-4.2,0,1,56195
2026-04-27T11:21:58,18.877193,-46.517441,23.1,11.77,66.1,5,4.2,102.9,4.204,-4.4,0,1,56196
2026-04-27T11:22:27,18.877892,-46.515656,22.2,12.72,68.3,5,4.2,102.9,4.205,-4.4,0,1,56197
2026-04-27T11:22:56,18.878531,-46.513958,21.9,12.37,65.0,5,4.1,102.9,4.204,-4.4,0,1,56198
2026-04-27T11:23:25,18.879202,-46.512127,23.8,11.13,69.9,5,4.1,102.7,4.205,-4.2,0,1,56199
2026-04-27T11:23:54,18.879782,-46.510235,19.2,11.59,72.4,5,4.1,103.0,4.205,-4.2,0,1,56200
2026-04-27T11:24:23,18.880663,-46.508575,14.2,12.50,59.9,5,4.0,103.0,4.204,-4.2,0,1,56201
2026-04-27T11:24:52,18.881277,-46.506786,10.3,12.22,66.6,5,4.0,103.0,4.205,-4.2,0,1,56202
2026-04-27T11:25:21,18.881947,-46.505028,6.8,12.33,70.7,5,4.0,103.2,4.205,-4.2,0,1,56203
2026-04-27T11:25:50,18.882511,-46.503231,3.8,11.91,70.2,5,3.9,102.7,4.202,-4.2,0,1,56204
2026-04-27T11:26:19,18.883112,-46.501373,-7.3,12.12,68.2,5,3.9,103.0,4.205,-4.2,0,1,56205
2026-04-27T11:26:48,18.883680,-46.499565,-23.1,12.93,66.9,5,3.9,102.9,4.205,-4.4,0,1,56206
2026-04-27T11:27:17,18.884289,-46.497787,-34.3,12.96,68.3,5,3.9,102.9,4.204,-4.4,0,1,56207
2026-04-27T11:27:46,18.884878,-46.495998,-44.5,11.56,75.2,5,3.8,102.7,4.205,-4.2,0,1,56208
2026-04-27T11:28:15,18.885563,-46.494217,-54.0,11.82,75.4,5,3.8,102.7,4.205,-4.2,0,1,56209
2026-04-27T11:28:44,18.886213,-46.492435,-60.3,11.47,77.0,5,3.8,102.7,4.204,-4.2,0,1,56210
2026-04-27T11:29:13,18.886990,-46.490665,-64.9,11.95,69.4,4,4.3,102.9,4.205,-4.4,0,1,56211
2026-04-27T11:29:42,18.887836,-46.488873,-69.8,12.34,65.9,4,4.3,102.9,4.206,-4.4,0,1,56212
2026-04-27T11:30:11,18.888493,-46.487099,-77.0,11.53,71.1,4,4.2,103.0,4.205,-4.2,0,1,56213
2026-04-27T11:30:40,18.889172,-46.485298,-77.9,11.90,70.5,5,3.7,102.7,4.205,-4.2,0,1,56214
2026-04-27T11:31:09,18.889824,-46.483528,-80.9,11.15,77.6,5,3.7,102.7,4.206,-4.2,0,1,56215
2026-04-27T11:31:38,18.890600,-46.481739,-79.7,11.08,76.1,5,3.6,103.0,4.205,-4.2,0,1,56216
2026-04-27T11:32:07,18.891363,-46.479954,-82.1,11.63,69.1,5,3.6,102.9,4.204,-4.4,0,1,56217
2026-04-27T11:32:36,18.892096,-46.478180,-83.4,12.28,68.0,5,3.6,102.7,4.206,-4.2,0,1,56218
2026-04-27T11:33:05,18.892849,-46.476414,-81.0,11.95,71.9,5,3.6,102.9,4.205,-4.4,0,1,56219
2026-04-27T11:33:34,18.893888,-46.474697,-55.5,11.55,74.4,5,3.5,103.0,4.206,-4.2,0,1,56220
2026-04-27T11:34:03,18.894480,-46.472954,-60.5,10.94,70.2,5,3.5,102.7,4.206,-4.2,0,1,56221
2026-04-27T11:34:32,18.895287,-46.471100,-48.8,11.20,70.9,5,3.5,102.9,4.206,-4.4,0,1,56222
2026-04-27T11:35:01,18.896706,-46.469448,-20.5,12.93,62.7,5,3.5,102.9,4.205,-4.4,0,1,56223
2026-04-27T11:35:30,18.897392,-46.467617,-6.2,11.47,67.0,5,3.5,102.9,4.205,-4.4,0,1,56224
2026-04-27T11:35:59,18.898155,-46.465794,2.6,12.51,65.9,4,3.9,103.0,4.205,-4.2,0,1,56225
2026-04-27T11:36:28,18.898849,-46.463989,10.4,12.37,70.6,4,3.8,102.7,4.207,-4.2,0,1,56226
2026-04-27T11:36:57,18.899685,-46.462173,14.3,12.53,69.1,4,3.8,102.9,4.205,-4.4,0,1,56227
2026-04-27T11:37:26,18.900423,-46.460388,12.5,12.54,67.7,4,3.8,102.9,4.207,-4.4,0,1,56228
2026-04-27T11:37:55,18.901066,-46.458576,11.3,12.99,69.1,5,3.3,103.0,4.202,-4.2,0,1,56229
2026-04-27T11:38:24,18.901794,-46.456779,8.9,13.12,64.8,5,3.3,102.7,4.205,-4.2,0,1,56230
2026-04-27T11:38:53,18.902533,-46.454956,5.7,13.53,67.3,5,3.3,103.2,4.205,-4.2,0,1,56231
2026-04-27T11:39:22,18.903170,-46.453159,-0.5,12.40,69.4,5,3.3,102.7,4.205,-4.2,0,1,56232
2026-04-27T11:39:51,18.903786,-46.451355,-6.9,12.98,70.3,5,3.3,103.0,4.206,-4.2,0,1,56233
2026-04-27T11:40:20,18.904505,-46.449562,-17.0,12.77,67.5,4,3.7,102.9,4.205,-4.4,0,1,56234
2026-04-27T11:40:49,18.905210,-46.447769,-21.7,12.36,68.0,5,3.2,102.7,4.205,-4.2,0,1,56235
2026-04-27T11:41:18,18.905823,-46.445980,-26.7,11.13,72.8,5,3.2,103.0,4.205,-4.2,0,1,56236
2026-04-27T11:41:47,18.906544,-46.444206,-29.2,11.84,70.2,5,3.2,103.0,4.204,-4.2,0,1,56237
2026-04-27T11:42:16,18.907246,-46.442410,-31.1,12.29,71.1,5,3.2,103.0,4.206,-4.2,0,1,56238
2026-04-27T11:42:45,18.907984,-46.440655,-32.6,12.42,73.2,5,3.2,103.0,4.205,-4.2,0,1,56239
2026-04-27T11:43:14,18.908640,-46.438805,-36.5,12.72,70.3,5,3.1,102.9,4.206,-4.4,0,1,56240
2026-04-27T11:43:43,18.909325,-46.437092,-39.5,11.18,68.3,4,3.5,103.0,4.206,-4.2,0,1,56241
2026-04-27T11:44:12,18.909668,-46.435078,-34.3,13.44,70.7,5,2.9,102.9,4.205,-4.4,0,1,56242
2026-04-27T11:44:41,18.910339,-46.433346,-34.5,12.09,73.2,5,2.5,103.0,4.205,-4.2,0,1,56243
2026-04-27T11:45:10,18.911219,-46.431557,-32.8,13.20,66.8,5,2.5,103.0,4.206,-4.2,0,1,56244
2026-04-27T11:45:39,18.911875,-46.429848,-35.5,12.19,73.2,5,2.5,102.9,4.205,-4.4,0,1,56245
2026-04-27T11:46:08,18.912540,-46.428085,-39.1,13.30,70.5,5,2.6,103.0,4.204,-4.2,0,1,56246
2026-04-27T11:46:37,18.913252,-46.426231,-46.4,12.63,71.1,5,2.6,102.6,4.205,-4.2,0,1,56247
2026-04-27T11:47:06,18.913916,-46.424526,-45.2,13.09,67.4,5,2.6,102.9,4.206,-4.4,0,1,56248
2026-04-27T11:47:35,18.914652,-46.422707,-43.6,13.75,71.2,5,2.6,102.7,4.206,-4.2,0,1,56249
2026-04-27T11:48:04,18.915438,-46.420925,-40.5,13.94,62.5,5,2.6,103.0,4.205,-4.2,0,1,56250
2026-04-27T11:48:33,18.916149,-46.419144,-39.1,12.91,65.4,5,2.6,102.9,4.206,-4.4,0,1,56251
2026-04-27T11:49:02,18.916901,-46.417366,-36.5,14.52,65.5,5,2.6,103.0,4.205,-4.2,0,1,56252
2026-04-27T11:49:31,18.917671,-46.415600,-30.9,13.14,63.6,5,2.6,102.7,4.205,-4.2,0,1,56253
2026-04-27T11:50:00,18.918457,-46.413822,-24.4,13.60,62.3,5,2.6,102.9,4.205,-4.4,0,1,56254
2026-04-27T11:50:29,18.919220,-46.412037,-18.7,14.13,64.1,5,2.6,102.9,4.206,-4.4,0,1,56255
2026-04-27T11:50:58,18.919945,-46.410263,-14.3,13.87,65.9,5,2.7,102.7,4.205,-4.2,0,1,56256
2026-04-27T11:51:27,18.920732,-46.408485,-11.4,14.31,65.0,5,2.7,102.7,4.205,-4.2,0,1,56257
2026-04-27T11:51:56,18.921370,-46.406696,-11.1,13.36,70.6,5,2.7,102.9,4.205,-4.4,0,1,56258
2026-04-27T11:52:25,18.922062,-46.404907,-9.3,13.92,71.7,5,2.7,102.9,4.204,-4.4,0,1,56259
2026-04-27T11:52:54,18.922855,-46.403141,-10.1,13.04,61.5,6,2.6,103.0,4.204,-4.2,0,1,56260
2026-04-27T11:53:23,18.923454,-46.401363,-13.5,12.39,69.6,6,2.6,103.0,4.205,-4.2,0,1,56261
2026-04-27T11:53:52,18.924307,-46.399567,-10.3,14.02,68.3,6,2.7,102.7,4.205,-4.2,0,1,56262
2026-04-27T11:54:21,18.925064,-46.397812,-9.6,13.40,64.2,6,2.7,102.9,4.205,-4.4,0,1,56263
2026-04-27T11:54:50,18.925714,-46.396042,-18.3,12.60,70.4,6,2.7,102.7,4.205,-4.2,0,1,56264
2026-04-27T11:55:19,18.926369,-46.394241,-20.6,13.48,71.1,6,2.7,102.9,4.205,-4.4,0,1,56265
2026-04-27T11:55:48,18.927099,-46.392464,-18.6,12.98,67.7,6,2.7,103.2,4.206,-4.2,0,1,56266
2026-04-27T11:56:17,18.927818,-46.390671,-20.1,13.03,73.8,6,2.7,102.9,4.204,-4.4,0,1,56267
2026-04-27T11:56:46,18.928638,-46.388958,-25.3,13.16,74.6,7,2.7,102.7,4.206,-4.2,0,1,56268
2026-04-27T11:57:15,18.929281,-46.387177,-26.3,13.17,72.0,7,2.7,102.9,4.204,-4.4,0,1,56269
2026-04-27T11:57:44,18.930204,-46.385464,-19.0,12.43,67.8,7,2.7,102.7,4.205,-4.2,0,1,56270
2026-04-27T11:58:13,18.930929,-46.383686,-20.8,13.01,69.4,7,2.7,103.0,4.204,-4.2,0,1,56271
2026-04-27T11:58:42,18.931572,-46.381844,-27.4,13.59,69.9,7,2.7,102.9,4.205,-4.4,0,1,56272
2026-04-27T11:59:11,18.932211,-46.380123,-33.0,11.77,69.4,7,2.7,102.9,4.204,-4.4,0,1,56273
2026-04-27T11:59:40,18.932829,-46.378330,-40.4,14.28,71.1,7,2.7,102.9,4.205,-4.4,0,1,56274
2026-04-27T12:00:09,18.933567,-46.376560,-35.5,12.04,66.8,7,2.7,103.0,4.205,-4.2,0,1,56275
2026-04-27T12:00:38,18.934319,-46.374798,-31.9,11.73,68.6,7,2.7,102.7,4.204,-4.2,0,1,56276
2026-04-27T12:01:07,18.935270,-46.372978,-27.8,13.70,68.3,7,2.7,102.7,4.204,-4.2,0,1,56277
2026-04-27T12:01:36,18.935970,-46.371246,-22.0,13.15,68.7,7,2.7,102.9,4.206,-4.4,0,1,56278
2026-04-27T12:02:05,18.936695,-46.369499,-17.8,13.72,65.2,7,2.7,103.0,4.206,-4.2,0,1,56279
2026-04-27T12:02:34,18.937649,-46.367786,-7.3,12.80,64.2,7,2.7,103.0,4.204,-4.2,0,1,56280
2026-04-27T12:03:03,18.938389,-46.366039,-4.4,13.79,61.6,7,2.7,102.7,4.205,-4.2,0,1,56281
2026-04-27T12:03:32,18.939039,-46.364258,-7.7,13.36,67.3,7,2.7,102.9,4.205,-4.4,0,1,56282
2026-04-27T12:04:01,18.939835,-46.362473,0.1,12.69,72.1,8,2.3,102.7,4.205,-4.2,0,1,56283
2026-04-27T12:04:30,18.940592,-46.360729,3.3,12.18,71.5,8,2.3,102.9,4.205,-4.4,0,1,56284
2026-04-27T12:04:59,18.941338,-46.358948,6.6,13.16,67.7,8,2.3,102.9,4.202,-4.4,0,1,56285
2026-04-27T12:05:28,18.942022,-46.357159,0.3,12.72,69.3,8,2.3,102.7,4.205,2734.8,0,1,56286
2026-04-27T12:05:57,18.942711,-46.355392,4.1,14.12,65.6,7,2.3,102.9,4.206,-4.4,0,1,56287
2026-04-27T12:06:26,18.943407,-46.353649,5.5,13.34,66.8,7,2.3,102.7,4.206,-4.2,0,1,56288
2026-04-27T12:06:55,18.944157,-46.351841,5.0,14.45,67.6,7,2.4,102.9,4.205,-4.4,0,1,56289
2026-04-27T12:07:24,18.944815,-46.350063,6.7,12.56,76.2,7,2.4,102.9,4.205,-4.4,0,1,56290
2026-04-27T12:07:53,18.945545,-46.348331,9.0,12.98,67.6,7,2.4,102.9,4.206,-4.4,0,1,56291
2026-04-27T12:08:22,18.946323,-46.346565,11.9,12.62,72.0,6,2.7,102.7,4.206,-4.2,0,1,56292
2026-04-27T12:08:51,18.946997,-46.344788,13.7,13.09,67.4,7,2.4,103.0,4.205,-4.2,0,1,56293
2026-04-27T12:09:20,18.947689,-46.342987,14.0,14.87,70.4,8,2.3,103.0,4.205,-4.2,0,1,56294
2026-04-27T12:09:49,18.948336,-46.341206,14.5,13.99,72.8,7,2.4,102.9,4.205,-4.4,0,1,56295
2026-04-27T12:10:18,18.949158,-46.339474,8.0,13.49,71.3,7,2.4,102.7,4.205,-4.2,0,1,56296
2026-04-27T12:10:47,18.949869,-46.337711,7.6,14.13,74.3,7,2.4,102.9,4.205,-4.4,0,1,56297
2026-04-27T12:11:16,18.950548,-46.335949,4.1,13.15,64.0,7,2.4,102.9,4.205,-4.4,0,1,56298
2026-04-27T12:11:45,18.951084,-46.334198,1.7,13.49,69.7,8,1.8,102.9,4.205,-4.4,0,1,56299
2026-04-27T12:12:14,18.951845,-46.332355,2.2,13.28,59.6,8,1.8,102.7,4.205,-4.2,0,1,56300
2026-04-27T12:12:43,18.952570,-46.330582,4.6,12.77,71.9,8,1.8,102.6,4.204,-4.2,0,1,56301
2026-04-27T12:13:12,18.953346,-46.328831,11.6,12.67,70.2,8,1.8,102.9,4.206,-4.4,0,1,56302
2026-04-27T12:13:41,18.954023,-46.327087,14.9,12.13,71.2,8,1.8,102.9,4.205,-4.4,0,1,56303
2026-04-27T12:14:10,18.954744,-46.325294,15.1,13.98,66.5,8,1.8,102.7,4.205,-4.2,0,1,56304
2026-04-27T12:14:39,18.955431,-46.323475,19.0,13.39,63.6,8,1.8,102.9,4.205,-4.4,0,1,56305
2026-04-27T12:15:08,18.956249,-46.321735,21.7,14.69,60.9,8,1.8,102.7,4.205,-4.2,0,1,56306
2026-04-27T12:15:37,18.956945,-46.319962,23.1,13.32,72.1,8,1.8,102.7,4.205,-4.2,0,1,56307
2026-04-27T12:16:06,18.957611,-46.318218,30.0,13.85,63.1,7,2.0,102.7,4.206,-4.2,0,1,56308
2026-04-27T12:16:35,18.958429,-46.316448,30.6,13.91,66.8,8,1.8,102.9,4.205,-4.4,0,1,56309
2026-04-27T12:17:04,18.959085,-46.314709,31.9,13.09,72.1,8,1.8,102.9,4.206,-4.4,0,1,56310
2026-04-27T12:17:33,18.959921,-46.312943,31.8,13.76,65.3,8,1.8,102.9,4.205,-4.4,0,1,56311
2026-04-27T12:18:02,18.960524,-46.311153,37.2,14.00,60.7,8,1.7,102.9,4.206,-4.4,0,1,56312
2026-04-27T12:18:31,18.961239,-46.309399,41.2,13.69,58.4,7,2.0,102.9,4.205,-4.4,0,1,56313
2026-04-27T12:19:00,18.962097,-46.307659,53.3,13.93,64.2,8,1.7,102.9,4.205,-4.4,0,1,56314
2026-04-27T12:19:29,18.962856,-46.305893,58.2,13.34,63.8,8,1.7,102.7,4.205,-4.2,0,1,56315
2026-04-27T12:19:58,18.963594,-46.304111,53.7,13.25,69.3,7,2.0,102.9,4.202,-4.4,0,1,56316
2026-04-27T12:20:27,18.964260,-46.302254,51.8,13.23,67.3,8,1.7,102.7,4.204,-4.2,0,1,56317
2026-04-27T12:20:56,18.965117,-46.300518,42.7,14.40,63.5,7,2.0,103.0,4.204,-4.2,0,1,56318
2026-04-27T12:21:25,18.965858,-46.298729,35.7,12.51,66.7,8,1.7,102.7,4.205,-4.2,0,1,56319
2026-04-27T12:21:54,18.966488,-46.296867,26.2,14.38,69.2,8,1.7,103.0,4.204,-4.2,0,1,56320
2026-04-27T12:22:23,18.967154,-46.295055,23.9,13.28,65.8,7,1.9,102.9,4.205,-4.4,0,1,56321
2026-04-27T12:22:52,18.967894,-46.293266,23.2,14.55,70.0,7,1.9,103.0,4.206,-4.2,0,1,56322
2026-04-27T12:23:21,18.968599,-46.291546,23.9,13.22,65.2,8,1.7,103.2,4.204,-4.2,0,1,56323
2026-04-27T12:23:50,18.969284,-46.289703,17.1,13.81,62.2,8,1.7,102.9,4.205,-4.4,0,1,56324
2026-04-27T12:24:19,18.969952,-46.287941,16.1,13.85,64.6,7,1.9,102.9,4.205,-4.4,0,1,56325
2026-04-27T12:24:48,18.970617,-46.286186,12.5,12.34,72.1,8,1.7,102.7,4.204,-4.2,0,1,56326
2026-04-27T12:25:17,18.971292,-46.284397,12.6,13.90,67.3,7,1.9,102.9,4.205,-4.4,0,1,56327
2026-04-27T12:25:46,18.972015,-46.282597,11.6,13.68,64.9,7,1.9,102.7,4.204,-4.2,0,1,56328
2026-04-27T12:26:15,18.972748,-46.280861,13.9,13.09,63.6,8,1.6,103.0,4.205,-4.2,0,1,56329
2026-04-27T12:26:44,18.973480,-46.279045,16.3,14.24,63.3,8,1.6,102.9,4.205,-4.4,0,1,56330
2026-04-27T12:27:13,18.974169,-46.277191,28.0,13.04,57.7,7,1.9,103.0,4.205,2743.3,0,1,56331
2026-04-27T12:27:42,18.974915,-46.275490,23.6,12.05,64.2,6,1.9,102.7,4.205,-4.2,0,1,56332
2026-04-27T12:28:11,18.975609,-46.273720,22.0,13.51,64.4,8,1.6,102.9,4.204,-4.4,0,1,56333
2026-04-27T12:28:40,18.976385,-46.272003,23.3,13.77,60.7,8,1.6,102.9,4.205,-4.4,0,1,56334
2026-04-27T12:29:09,18.977098,-46.270145,13.6,14.47,60.1,8,1.6,103.0,4.204,-4.2,0,1,56335
2026-04-27T12:29:38,18.977661,-46.268364,10.1,12.24,73.5,7,1.8,102.7,4.205,-4.2,0,1,56336
2026-04-27T12:30:07,18.978449,-46.266533,7.5,13.89,69.8,7,1.8,102.7,4.205,-4.2,0,1,56337
2026-04-27T12:30:36,18.979229,-46.264824,21.6,14.13,68.2,8,1.6,102.9,4.205,-4.4,0,1,56338
2026-04-27T12:31:05,18.980011,-46.263081,29.4,13.05,68.3,8,1.6,102.9,4.205,-4.4,0,1,56339
2026-04-27T12:31:34,18.980587,-46.261326,38.4,13.43,65.5,7,1.8,102.7,4.205,-4.2,0,1,56340
2026-04-27T12:32:03,18.981512,-46.259521,43.2,13.77,61.6,8,1.6,102.7,4.204,-4.2,0,1,56341
2026-04-27T12:32:32,18.982204,-46.257694,33.1,12.09,69.0,7,1.8,102.7,4.205,-4.2,0,1,56342
2026-04-27T12:33:01,18.982815,-46.255867,23.9,13.46,65.0,7,1.8,102.9,4.205,-4.4,0,1,56343
2026-04-27T12:33:30,18.983494,-46.254002,8.1,12.23,70.7,7,1.7,102.9,4.206,-4.4,0,1,56344
2026-04-27T12:33:59,18.984228,-46.252323,4.2,12.02,70.5,7,1.7,102.7,4.205,-4.2,0,1,56345
2026-04-27T12:34:28,18.985094,-46.250591,1.9,13.08,59.3,7,1.7,102.9,4.204,-4.4,0,1,56346
2026-04-27T12:34:57,18.985769,-46.248905,11.7,12.82,61.2,8,1.5,103.0,4.205,-4.2,0,1,56347
2026-04-27T12:35:26,18.986345,-46.247082,7.3,13.93,70.4,7,1.7,102.9,4.205,-4.4,0,1,56348
2026-04-27T12:35:55,18.987026,-46.245289,5.6,13.24,71.9,7,1.7,103.0,4.206,-4.2,0,1,56349
2026-04-27T12:36:24,18.987732,-46.243572,5.1,13.30,70.9,8,1.5,103.0,4.205,-4.2,0,1,56350
2026-04-27T12:36:53,18.988466,-46.241829,3.9,12.99,65.9,7,1.7,102.9,4.206,-4.4,0,1,56351
2026-04-27T12:37:22,18.989122,-46.240051,5.2,13.36,69.6,7,1.7,102.7,4.204,-4.2,0,1,56352
2026-04-27T12:37:51,18.989868,-46.238293,6.2,12.88,69.6,7,1.7,102.9,4.206,-4.4,0,1,56353
2026-04-27T12:38:20,18.990496,-46.236519,8.2,13.02,71.3,7,1.7,103.0,4.204,-4.2,0,1,56354
2026-04-27T12:38:49,18.991289,-46.234821,11.6,13.27,68.1,7,1.6,102.6,4.205,-4.2,0,1,56355
2026-04-27T12:39:18,18.991972,-46.233147,15.6,12.98,64.8,7,1.6,102.7,4.205,-4.2,0,1,56356
2026-04-27T12:39:47,18.992638,-46.231400,15.5,13.44,71.9,7,1.6,102.9,4.205,-4.4,0,1,56357
2026-04-27T12:40:16,18.993427,-46.229633,8.5,13.79,62.8,7,1.6,102.7,4.205,-4.2,0,1,56358
2026-04-27T12:40:45,18.994156,-46.227890,3.5,12.76,69.3,7,1.6,102.9,4.205,-4.4,0,1,56359
2026-04-27T12:41:14,18.994856,-46.226154,4.2,12.92,65.1,7,1.6,102.7,4.206,-4.2,0,1,56360
2026-04-27T12:41:43,18.995527,-46.224403,9.8,13.97,68.8,7,1.6,102.7,4.204,-4.2,0,1,56361
2026-04-27T12:42:12,18.996288,-46.222672,11.7,13.94,62.9,7,1.6,102.7,4.204,-4.2,0,1,56362
2026-04-27T12:42:41,18.996967,-46.220909,5.2,13.50,67.9,6,2.0,102.7,4.204,-4.2,0,1,56363
2026-04-27T12:43:10,18.997730,-46.219154,6.4,13.74,63.3,8,1.5,102.7,4.205,-4.2,0,1,56364
2026-04-27T12:43:39,18.998508,-46.217373,9.3,12.88,65.4,8,1.5,102.9,4.204,-4.4,0,1,56365
2026-04-27T12:44:08,18.999269,-46.215626,8.5,12.98,63.6,8,1.5,102.9,4.206,-4.4,0,1,56366
2026-04-27T12:44:37,19.000004,-46.213848,11.6,14.59,67.9,8,1.5,102.9,4.206,-4.4,0,1,56367
2026-04-27T12:45:06,19.000748,-46.212093,17.3,13.53,67.6,7,1.6,102.9,4.205,-4.4,0,1,56368
2026-04-27T12:45:35,19.001522,-46.210327,18.5,14.03,67.7,7,1.6,102.9,4.205,-4.4,0,1,56369
2026-04-27T12:46:04,19.002180,-46.208546,17.0,12.48,63.2,7,1.6,102.9,4.205,-4.4,0,1,56370
2026-04-27T12:46:33,19.002914,-46.206787,16.8,13.50,68.9,7,1.6,102.7,4.205,-4.2,0,1,56371
2026-04-27T12:47:02,19.003630,-46.205009,15.3,13.71,70.3,8,1.6,102.7,4.205,-4.2,0,1,56372
2026-04-27T12:47:31,19.004335,-46.203224,12.2,14.08,62.6,7,2.3,102.9,4.207,-4.4,0,1,56373
2026-04-27T12:48:00,19.005016,-46.201420,11.2,13.11,67.4,8,1.5,102.9,4.205,-4.4,0,1,56374
2026-04-27T12:48:29,19.005728,-46.199627,6.1,13.32,68.7,8,1.5,102.9,4.205,-4.4,0,1,56375
2026-04-27T12:48:58,19.006487,-46.197895,2.6,13.03,69.0,8,1.5,102.9,4.204,-4.4,0,1,56376
2026-04-27T12:49:27,19.007238,-46.196110,11.1,13.30,69.7,8,1.5,102.9,4.205,-4.4,0,1,56377
2026-04-27T12:49:56,19.007965,-46.194336,18.8,13.42,68.3,8,2.0,103.0,4.206,-4.2,0,1,56378
2026-04-27T12:50:25,19.008718,-46.192589,22.2,13.78,66.5,8,2.0,102.9,4.205,-4.4,0,1,56379
2026-04-27T12:50:54,19.009459,-46.190834,28.4,13.49,67.9,9,1.4,103.0,4.204,-4.2,0,1,56380
2026-04-27T12:51:23,19.010254,-46.189125,28.8,14.09,68.6,9,1.4,102.9,4.205,-4.4,0,1,56381
2026-04-27T12:51:52,19.010881,-46.187275,31.2,14.25,69.2,9,1.4,102.9,4.205,-4.4,0,1,56382
2026-04-27T12:52:21,19.011604,-46.185509,30.7,14.28,68.7,9,1.4,103.0,4.206,-4.2,0,1,56383
2026-04-27T12:52:50,19.012384,-46.183800,32.8,13.92,65.4,9,1.4,102.7,4.205,-4.2,0,1,56384
2026-04-27T12:53:19,19.013193,-46.182072,43.4,12.93,70.2,9,1.4,103.0,4.206,-4.2,0,1,56385
2026-04-27T12:53:48,19.013903,-46.180248,51.0,14.42,69.0,9,1.4,102.9,4.204,-4.4,0,1,56386
2026-04-27T12:54:17,19.014687,-46.178474,44.7,13.82,61.5,8,1.4,102.7,4.206,-4.2,0,1,56387
2026-04-27T12:54:46,19.015244,-46.176712,40.0,12.19,71.2,9,1.4,102.9,4.204,-4.4,0,1,56388
2026-04-27T12:55:15,19.015947,-46.174877,32.0,12.84,72.5,8,2.0,102.7,4.205,-4.2,0,1,56389
2026-04-27T12:55:44,19.016710,-46.173107,30.2,13.22,64.3,8,2.0,103.2,4.204,-4.2,0,1,56390
2026-04-27T12:56:13,19.017372,-46.171356,40.4,12.72,69.2,9,1.3,102.7,4.206,-4.2,0,1,56391
2026-04-27T12:56:42,19.018225,-46.169632,41.0,14.37,69.7,9,1.3,102.7,4.204,-4.2,0,1,56392
2026-04-27T12:57:11,19.018852,-46.167873,40.3,13.01,68.9,9,1.3,102.9,4.205,-4.4,0,1,56393
2026-04-27T12:57:40,19.019604,-46.166145,35.8,13.20,68.6,9,1.3,102.9,4.205,-4.4,0,1,56394
2026-04-27T12:58:09,19.020250,-46.164345,34.0,13.20,61.7,9,1.3,103.0,4.204,-4.2,0,1,56395
2026-04-27T12:58:38,19.020836,-46.162632,25.9,13.32,63.9,9,1.3,102.9,4.205,-4.4,0,1,56396
2026-04-27T12:59:07,19.021549,-46.160885,23.9,13.00,66.5,9,1.3,102.9,4.206,-4.4,0,1,56397
2026-04-27T12:59:36,19.022274,-46.159107,28.8,13.09,63.5,8,2.0,102.7,4.205,-4.2,0,1,56398
2026-04-27T13:00:05,19.022970,-46.157368,25.3,14.31,61.2,8,2.0,102.7,4.204,-4.2,0,1,56399
2026-04-27T13:00:34,19.023518,-46.155563,19.9,13.31,72.4,9,1.3,102.9,4.205,-4.4,0,1,56400
2026-04-27T13:01:03,19.024191,-46.153797,18.9,13.25,70.9,9,1.3,103.2,4.206,-4.2,0,1,56401
2026-04-27T13:01:32,19.024899,-46.152046,14.6,13.66,69.3,9,1.3,102.9,4.204,-4.4,0,1,56402
2026-04-27T13:02:01,19.025526,-46.150291,13.5,12.76,68.9,8,1.9,102.7,4.206,-4.2,0,1,56403
2026-04-27T13:02:30,19.026312,-46.148613,13.3,13.05,65.0,8,1.9,102.9,4.205,-4.4,0,1,56404
2026-04-27T13:02:59,19.026962,-46.146790,8.2,12.99,69.6,8,1.9,103.0,4.204,-4.2,0,1,56405
2026-04-27T13:03:28,19.027733,-46.145054,10.6,13.49,65.7,8,1.9,102.9,4.204,-4.4,0,1,56406
2026-04-27T13:03:57,19.028435,-46.143261,10.2,14.01,63.2,9,1.3,103.0,4.205,-4.2,0,1,56407
2026-04-27T13:04:26,19.029167,-46.141506,6.9,13.20,65.0,9,1.2,102.9,4.206,-4.4,0,1,56408
2026-04-27T13:04:55,19.029917,-46.139744,9.1,13.75,65.2,8,1.3,102.9,4.204,-4.4,0,1,56409
2026-04-27T13:05:24,19.030481,-46.137932,4.9,13.34,69.5,9,1.2,102.7,4.205,-4.2,0,1,56410
2026-04-27T13:05:53,19.031199,-46.136208,5.1,12.74,64.1,9,1.2,103.0,4.206,-4.2,0,1,56411
2026-04-27T13:06:22,19.031992,-46.134529,13.2,13.71,64.7,8,1.9,102.7,4.205,-4.2,0,1,56412
2026-04-27T13:06:51,19.032650,-46.132763,19.7,13.30,68.1,9,1.2,102.9,4.204,-4.4,0,1,56413
2026-04-27T13:07:20,19.033424,-46.131039,20.4,13.30,62.9,8,1.9,102.9,4.204,-4.4,0,1,56414
2026-04-27T13:07:49,19.034101,-46.129299,14.8,13.85,62.7,9,1.2,102.7,4.206,-4.2,0,1,56415
2026-04-27T13:08:18,19.034805,-46.127563,6.6,12.97,64.8,8,1.9,102.7,4.207,-4.2,0,1,56416
2026-04-27T13:08:47,19.035559,-46.125854,6.6,14.08,61.8,8,1.9,102.9,4.204,-4.4,0,1,56417
2026-04-27T13:09:16,19.036177,-46.124027,11.2,13.35,67.8,9,1.2,102.7,4.204,-4.2,0,1,56418
2026-04-27T13:09:45,19.036858,-46.122307,11.3,14.30,69.5,9,1.2,102.7,4.204,-4.2,0,1,56419
2026-04-27T13:10:14,19.037548,-46.120567,6.4,13.48,67.3,8,1.8,102.9,4.206,2738.9,0,1,56420
2026-04-27T13:10:43,19.038271,-46.118820,9.0,13.35,70.1,8,1.8,102.7,4.202,-4.2,0,1,56421
2026-04-27T13:11:12,19.038984,-46.117062,2.6,13.64,73.5,8,1.8,102.9,4.204,-4.4,0,1,56422
2026-04-27T13:11:41,19.039728,-46.115398,7.0,13.16,69.3,9,1.2,102.9,4.205,-4.4,0,1,56423
2026-04-27T13:12:10,19.040497,-46.113617,6.3,13.50,67.0,9,1.2,103.0,4.205,-4.2,0,1,56424
2026-04-27T13:12:39,19.041210,-46.111916,7.4,13.49,67.8,9,1.2,102.9,4.205,-4.4,0,1,56425
2026-04-27T13:13:08,19.041859,-46.110149,6.6,14.06,67.6,8,1.8,102.7,4.205,-4.2,0,1,56426
2026-04-27T13:13:37,19.042616,-46.108437,5.9,12.56,66.0,8,1.8,102.9,4.205,-4.4,0,1,56427
2026-04-27T13:14:06,19.043304,-46.106651,10.1,13.61,66.0,8,1.8,102.7,4.204,-4.2,0,1,56428
2026-04-27T13:14:35,19.044044,-46.104935,17.4,12.66,64.2,8,1.8,102.9,4.205,-4.4,0,1,56429
2026-04-27T13:15:04,19.044722,-46.103222,23.6,13.41,62.6,8,1.7,102.9,4.205,-4.4,0,1,56430
2026-04-27T13:15:33,19.045391,-46.101463,28.5,13.60,68.7,8,1.7,102.9,4.204,-4.4,0,1,56431
2026-04-27T13:16:02,19.046200,-46.099705,28.6,13.03,67.0,8,1.7,102.9,4.204,-4.4,0,1,56432
2026-04-27T13:16:31,19.046946,-46.097984,27.1,12.73,71.1,9,1.1,102.7,4.206,-4.2,0,1,56433
2026-04-27T13:17:00,19.047646,-46.096325,20.2,12.05,70.1,8,1.7,103.0,4.205,-4.2,0,1,56434
2026-04-27T13:17:29,19.048458,-46.094467,23.3,13.02,77.6,9,1.1,103.2,4.206,-4.2,0,1,56435
2026-04-27T13:17:58,19.049120,-46.092777,23.7,13.99,66.8,9,1.1,102.7,4.205,-4.2,0,1,56436
2026-04-27T13:18:27,19.049612,-46.091034,30.7,12.38,74.0,8,1.7,102.9,4.204,-4.4,0,1,56437
2026-04-27T13:18:56,19.050438,-46.089348,25.0,13.37,66.0,8,1.7,102.6,4.205,-4.2,0,1,56438
2026-04-27T13:19:25,19.051092,-46.087582,20.4,13.81,72.5,8,1.7,102.9,4.205,-4.4,0,1,56439
2026-04-27T13:19:54,19.051832,-46.085838,22.0,13.16,61.3,8,1.7,102.9,4.206,-4.4,0,1,56440
2026-04-27T13:20:23,19.052422,-46.084061,11.2,13.02,70.3,8,1.6,102.9,4.205,-4.4,0,1,56441
2026-04-27T13:20:52,19.053204,-46.082344,11.8,14.17,61.3,8,1.6,102.9,4.206,-4.4,0,1,56442
2026-04-27T13:21:21,19.053785,-46.080578,3.9,14.59,69.2,7,2.1,102.7,4.206,-4.2,0,1,56443
2026-04-27T13:21:21,,,,,,,,103.0,4.205,-4.2,0,0,56444
2026-04-27T13:21:21,,,,,,,,104.3,4.221,0.0,0,0,56445
2026-04-27T13:21:21,,,,,,,,101.9,4.194,-4.2,0,0,56446
2026-04-27T13:43:01,19.085081,-46.002579,-30.6,12.76,68.6,8,1.7,101.1,4.193,-4.2,0,1,56447
2026-04-27T13:43:30,19.085754,-46.000820,-25.9,13.14,70.2,8,1.7,101.1,4.187,-4.2,0,1,56448
2026-04-27T13:43:59,19.086411,-45.999115,-14.0,13.17,70.8,8,1.7,101.0,4.189,-4.4,0,1,56449
2026-04-27T13:44:28,19.087128,-45.997395,-2.9,12.56,64.9,8,1.7,101.0,4.187,-4.4,0,1,56450
2026-04-27T13:44:57,19.087879,-45.995747,13.0,12.96,66.5,8,1.7,101.5,4.191,-4.2,0,1,56451
2026-04-27T13:45:26,19.088528,-45.994007,16.6,12.74,68.2,7,1.7,100.8,4.190,-4.2,0,1,56452
2026-04-27T13:45:55,19.089260,-45.992268,12.3,13.69,64.9,7,1.7,100.8,4.186,-4.2,0,1,56453
2026-04-27T13:46:24,19.089945,-45.990520,7.1,13.14,66.6,7,1.7,101.0,4.187,-4.4,0,1,56454
2026-04-27T13:46:53,19.090630,-45.988773,-0.9,13.02,65.4,7,1.7,100.8,4.186,-4.2,0,1,56455
2026-04-27T13:47:22,19.091345,-45.987019,-1.6,13.81,66.1,7,1.7,100.8,4.185,-4.2,0,1,56456
2026-04-27T13:47:51,19.092043,-45.985268,-4.1,13.63,66.9,7,1.6,100.8,4.184,-4.2,0,1,56457
2026-04-27T13:48:20,19.092756,-45.983509,1.5,13.36,67.3,7,1.6,100.7,4.185,-4.2,0,1,56458
2026-04-27T13:48:49,19.093481,-45.981758,12.7,13.35,67.6,7,1.6,100.8,4.184,-4.2,0,1,56459
2026-04-27T13:49:18,19.094185,-45.979980,12.2,13.64,69.2,7,1.6,100.7,4.185,-4.2,0,1,56460
2026-04-27T13:49:47,19.094889,-45.978222,15.4,13.62,68.1,7,1.6,100.7,4.185,-4.2,0,1,56461
2026-04-27T13:50:16,19.095570,-45.976460,10.8,13.65,68.5,7,1.6,100.7,4.184,-4.2,0,1,56462
2026-04-27T13:50:45,19.096260,-45.974705,9.1,13.60,68.0,7,1.6,100.3,4.185,-4.4,0,1,56463
2026-04-27T13:51:14,19.096987,-45.972961,6.9,12.97,67.1,7,1.6,100.5,4.184,2675.9,0,1,56464
2026-04-27T13:51:43,19.097683,-45.971237,7.1,13.30,66.5,7,1.6,100.7,4.184,-4.2,0,1,56465
2026-04-27T13:52:12,19.098381,-45.969505,2.2,13.27,67.2,7,1.6,100.5,4.184,-4.2,0,1,56466
2026-04-27T13:52:41,19.099070,-45.967781,4.1,13.21,68.7,7,1.6,100.7,4.182,-4.2,0,1,56467
2026-04-27T13:53:10,19.099754,-45.966068,8.6,12.83,64.9,7,1.6,100.0,4.181,-4.2,0,1,56468
2026-04-27T13:53:39,19.100454,-45.964336,16.7,13.42,68.3,7,1.6,100.7,4.182,2680.1,0,1,56469
2026-04-27T13:54:08,19.101151,-45.962616,22.3,13.28,66.5,7,1.6,100.3,4.181,-4.4,0,1,56470
2026-04-27T13:54:37,19.101809,-45.960869,29.0,12.96,66.8,7,1.6,100.3,4.181,-4.4,0,1,56471
2026-04-27T13:55:06,19.102486,-45.959141,29.0,12.85,66.4,7,1.6,100.2,4.181,-4.2,0,1,56472
2026-04-27T13:55:35,19.103189,-45.957417,30.8,13.15,67.5,7,1.6,100.3,4.181,-4.4,0,1,56473
2026-04-27T13:56:04,19.103876,-45.955696,32.3,13.23,66.1,7,1.6,100.3,4.179,-4.4,0,1,56474
2026-04-27T13:56:33,19.104544,-45.953972,32.2,13.28,67.4,7,1.6,100.2,4.185,-4.2,0,1,56475
2026-04-27T13:57:02,19.105234,-45.952328,27.1,10.78,65.5,7,1.6,99.9,4.184,-4.2,0,1,56476
2026-04-27T13:57:31,19.105921,-45.950607,22.1,13.47,67.9,7,1.6,100.2,4.180,-4.2,0,1,56477
2026-04-27T13:58:00,19.106659,-45.948948,21.3,13.03,68.9,7,1.6,99.9,4.179,2659.1,0,1,56478
2026-04-27T13:58:29,19.107317,-45.947166,25.9,12.98,69.3,7,1.6,100.2,4.180,-4.2,0,1,56479
2026-04-27T13:58:58,19.108042,-45.945522,25.2,12.68,66.2,8,1.4,100.3,4.176,-4.4,0,1,56480
2026-04-27T13:59:27,19.108715,-45.943817,22.1,12.94,67.6,8,1.4,100.2,4.179,-4.2,0,1,56481
2026-04-27T13:59:56,19.109430,-45.942108,21.5,12.83,67.1,8,1.4,100.0,4.182,-4.2,0,1,56482
2026-04-27T14:00:25,19.110126,-45.940414,14.4,12.75,65.7,8,1.4,99.9,4.179,-4.2,0,1,56483
2026-04-27T14:00:54,19.110802,-45.938671,14.7,12.58,67.4,8,1.4,99.7,4.176,-4.4,0,1,56484
2026-04-27T14:01:23,19.111490,-45.936989,14.1,12.80,66.6,9,1.3,99.7,4.176,-4.4,0,1,56485
2026-04-27T14:01:52,19.112213,-45.935287,13.4,12.94,62.3,9,1.3,99.7,4.177,-4.4,0,1,56486
2026-04-27T14:02:21,19.112963,-45.933578,9.1,12.82,65.7,9,1.3,99.7,4.179,-4.4,0,1,56487
2026-04-27T14:02:50,19.113764,-45.931915,3.8,13.78,59.0,9,1.3,99.7,4.180,-4.4,0,1,56488
2026-04-27T14:03:19,19.114429,-45.930149,5.7,13.82,70.0,9,1.3,99.7,4.177,-4.4,0,1,56489
2026-04-27T14:03:48,19.115149,-45.928452,-1.9,12.91,67.4,9,1.3,99.4,4.181,-4.2,0,1,56490
2026-04-27T14:04:17,19.115854,-45.926739,-9.9,13.02,71.4,9,1.3,99.6,4.176,-4.2,0,1,56491
2026-04-27T14:04:46,19.116560,-45.924984,-9.6,13.19,63.3,9,1.3,99.7,4.177,-4.4,0,1,56492
2026-04-27T14:05:15,19.117235,-45.923298,-4.4,12.81,66.3,9,1.3,99.6,4.175,-4.2,0,1,56493
2026-04-27T14:05:44,19.117884,-45.921627,1.4,12.02,65.1,8,3.6,99.4,4.179,-4.2,0,1,56494
2026-04-27T14:06:13,19.118597,-45.919968,6.9,12.27,70.3,6,5.1,99.6,4.175,-4.2,0,1,56495
2026-04-27T14:06:42,19.119307,-45.918224,16.8,13.31,65.6,8,3.6,99.4,4.174,-4.2,0,1,56496
2026-04-27T14:07:11,19.119907,-45.916542,6.0,13.52,61.0,9,3.1,99.6,4.175,-4.2,0,1,56497
2026-04-27T14:07:40,19.120522,-45.914837,-3.9,12.06,67.7,9,3.1,99.6,4.175,-4.2,0,1,56498
2026-04-27T14:08:09,19.121283,-45.913109,-9.7,13.23,67.9,9,3.1,99.4,4.174,2646.4,0,1,56499
2026-04-27T14:08:38,19.121943,-45.911419,-13.2,12.33,64.6,9,3.1,99.1,4.175,-4.4,0,1,56500
2026-04-27T14:09:07,19.122854,-45.909714,5.4,12.88,61.0,9,3.1,99.4,4.179,-4.2,0,1,56501
2026-04-27T14:09:36,19.123472,-45.907959,-2.7,11.82,65.6,9,3.2,99.2,4.171,-4.2,0,1,56502
2026-04-27T14:10:05,19.123972,-45.906139,-1.0,10.98,74.6,9,3.2,99.2,4.174,-4.2,0,1,56503
2026-04-27T14:10:34,19.124628,-45.904476,8.4,12.00,62.0,9,3.2,99.1,4.174,-4.4,0,1,56504
2026-04-27T14:11:03,19.125223,-45.902744,4.4,11.87,76.3,9,3.2,99.4,4.174,-4.2,0,1,56505
2026-04-27T14:11:32,19.126028,-45.900997,14.4,11.78,68.6,9,3.2,99.1,4.174,-4.4,0,1,56506
2026-04-27T14:12:01,19.126762,-45.899300,14.0,11.76,64.2,9,3.2,98.9,4.174,-4.2,0,1,56507
2026-04-27T14:12:30,19.127506,-45.897587,11.2,12.27,63.3,9,3.2,99.1,4.173,-4.4,0,1,56508
2026-04-27T14:12:59,19.128267,-45.895908,-0.8,11.91,61.2,9,3.2,99.1,4.170,-4.4,0,1,56509
2026-04-27T14:13:28,19.128878,-45.894184,7.8,11.31,70.2,8,3.5,99.1,4.171,-4.4,0,1,56510
2026-04-27T14:13:57,19.129587,-45.892475,8.4,11.21,74.7,9,3.3,98.9,4.171,-4.2,0,1,56511
2026-04-27T14:14:26,19.130381,-45.890804,11.2,12.19,68.7,9,3.3,98.6,4.170,-4.2,0,1,56512
2026-04-27T14:14:55,19.131180,-45.889122,14.6,12.04,65.2,9,3.3,98.9,4.171,-4.2,0,1,56513
2026-04-27T14:15:24,19.131857,-45.887421,22.4,11.39,66.2,9,3.3,98.6,4.171,-4.2,0,1,56514
2026-04-27T14:15:53,19.132486,-45.885689,25.6,11.98,70.2,9,3.3,98.8,4.173,-4.2,0,1,56515
2026-04-27T14:16:22,19.133192,-45.884007,19.8,11.90,68.3,9,3.3,98.8,4.170,-4.2,0,1,56516
2026-04-27T14:16:51,19.133827,-45.882290,13.2,11.71,72.6,9,3.3,98.8,4.171,-4.2,0,1,56517
2026-04-27T14:17:20,19.134569,-45.880581,20.6,10.98,71.8,9,3.3,98.8,4.173,-4.2,0,1,56518
2026-04-27T14:17:49,19.135227,-45.878914,18.6,11.02,68.5,9,3.3,98.8,4.170,-4.2,0,1,56519
2026-04-27T14:18:18,19.135969,-45.877213,22.6,11.97,67.2,9,3.3,98.6,4.169,-4.2,0,1,56520
2026-04-27T14:18:47,19.136692,-45.875500,21.8,11.99,69.6,9,3.3,98.6,4.170,-4.2,0,1,56521
2026-04-27T14:19:16,19.137297,-45.873749,20.8,11.31,69.8,9,3.3,98.8,4.169,-4.2,0,1,56522
2026-04-27T14:19:45,19.138010,-45.872089,14.8,11.76,64.2,9,3.3,98.4,4.169,-4.4,0,1,56523
2026-04-27T14:20:14,19.138741,-45.870350,19.5,11.72,70.8,9,3.3,98.4,4.169,-4.4,0,1,56524
2026-04-27T14:20:43,19.139435,-45.868629,12.9,12.00,65.9,9,3.3,98.4,4.169,-4.4,0,1,56525
2026-04-27T14:21:12,19.139889,-45.866882,11.1,11.46,68.6,9,3.3,98.6,4.171,-4.2,0,1,56526
2026-04-27T14:21:41,19.140629,-45.865223,13.9,11.46,70.5,9,3.3,98.4,4.169,-4.4,0,1,56527
2026-04-27T14:22:10,19.141270,-45.863495,5.6,11.10,70.6,9,3.3,98.4,4.165,-4.4,0,1,56528
2026-04-27T14:22:39,19.141842,-45.861805,13.8,11.52,67.7,9,3.3,98.4,4.166,-4.4,0,1,56529
2026-04-27T14:23:08,19.142471,-45.860046,15.1,11.52,70.2,9,3.3,98.3,4.168,-4.2,0,1,56530
2026-04-27T14:23:37,19.143206,-45.858330,15.2,11.31,70.5,9,3.2,98.3,4.166,-4.2,0,1,56531
2026-04-27T14:24:06,19.143909,-45.856583,16.9,13.01,65.3,10,1.5,98.3,4.165,-4.2,0,1,56532
2026-04-27T14:24:35,19.144600,-45.854836,19.9,12.98,66.9,10,1.5,98.3,4.166,-4.2,0,1,56533
2026-04-27T14:25:04,19.145287,-45.853111,22.2,13.23,66.5,10,1.5,98.3,4.168,-4.2,0,1,56534
2026-04-27T14:25:33,19.146006,-45.851379,23.2,14.35,65.5,10,1.5,98.3,4.165,-4.2,0,1,56535
2026-04-27T14:26:02,19.146713,-45.849678,21.4,13.11,63.3,10,1.5,98.1,4.165,-4.2,0,1,56536
2026-04-27T14:26:31,19.147423,-45.847996,12.6,13.46,66.6,10,1.5,98.1,4.164,-4.2,0,1,56537
2026-04-27T14:27:00,19.148090,-45.846294,0.5,12.45,67.0,10,1.5,98.3,4.170,-4.2,0,1,56538
2026-04-27T14:27:29,19.148775,-45.844658,12.4,12.86,65.2,10,1.5,98.3,4.164,-4.2,0,1,56539
2026-04-27T14:27:58,19.149471,-45.842930,0.2,13.42,67.3,10,1.5,98.1,4.165,-4.2,0,1,56540
2026-04-27T14:28:27,19.150152,-45.841274,9.9,12.20,66.9,10,1.5,97.8,4.169,-4.4,0,1,56541
2026-04-27T14:28:56,19.150879,-45.839535,0.0,13.54,68.3,9,1.6,98.1,4.164,-4.2,0,1,56542
2026-04-27T14:29:25,19.151543,-45.837849,4.0,13.42,64.2,10,1.5,98.0,4.164,-4.2,0,1,56543
2026-04-27T14:29:54,19.152092,-45.836140,5.6,13.71,66.7,10,1.5,98.0,4.164,-4.2,0,1,56544
2026-04-27T14:30:23,19.152700,-45.834393,12.5,12.67,72.8,10,1.5,98.0,4.162,-4.2,0,1,56545
2026-04-27T14:30:52,19.153389,-45.832661,21.9,13.44,64.6,10,1.5,98.0,4.162,-4.2,0,1,56546
2026-04-27T14:31:21,19.153929,-45.830933,19.8,12.73,69.3,10,1.6,98.0,4.161,-4.2,0,1,56547
2026-04-27T14:31:50,19.154585,-45.829224,19.8,13.15,70.4,10,1.6,97.8,4.164,-4.4,0,1,56548
2026-04-27T14:32:19,19.155302,-45.827518,21.2,13.13,64.9,10,1.6,98.0,4.162,-4.2,0,1,56549
2026-04-27T14:32:48,19.155985,-45.825775,19.3,12.47,60.8,10,1.6,97.8,4.168,-4.4,0,1,56550
2026-04-27T14:33:17,19.156643,-45.824043,19.7,14.90,67.0,10,1.6,97.7,4.162,-4.2,0,1,56551
2026-04-27T14:33:46,19.157391,-45.822338,16.5,13.29,60.6,9,1.6,97.8,4.160,-4.4,0,1,56552
2026-04-27T14:34:15,19.157930,-45.820595,17.2,12.16,71.9,9,1.6,97.5,4.160,-4.2,0,1,56553
2026-04-27T14:34:44,19.158697,-45.818935,10.5,12.17,64.6,9,1.6,97.7,4.160,-4.2,0,1,56554
2026-04-27T14:35:13,19.159550,-45.817276,3.8,12.61,65.3,8,2.9,97.5,4.164,-4.2,0,1,56555
2026-04-27T14:35:42,19.160175,-45.815521,-4.0,13.36,66.0,9,1.6,97.7,4.160,-4.2,0,1,56556
2026-04-27T14:36:11,19.160830,-45.813812,-5.3,12.79,69.8,9,1.6,97.7,4.164,-4.2,0,1,56557
2026-04-27T14:36:40,19.161533,-45.812077,0.6,12.93,66.5,9,1.6,97.5,4.161,-4.2,0,1,56558
2026-04-27T14:37:09,19.162086,-45.810341,-2.3,13.98,64.5,9,1.6,97.7,4.162,-4.2,0,1,56559
2026-04-27T14:37:38,19.162832,-45.808674,-8.1,13.52,60.3,8,1.6,97.5,4.160,-4.2,0,1,56560
2026-04-27T14:38:07,19.163546,-45.806984,-5.1,13.24,68.8,9,1.6,97.5,4.159,-4.2,0,1,56561
2026-04-27T14:38:36,19.164213,-45.805218,7.9,13.10,67.1,8,1.7,97.2,4.162,-4.4,0,1,56562
2026-04-27T14:39:05,19.164951,-45.803539,17.7,13.24,71.5,9,1.6,97.5,4.160,-4.2,0,1,56563
2026-04-27T14:39:34,19.165653,-45.801815,14.9,12.88,66.0,9,1.6,97.5,4.160,-4.2,0,1,56564
2026-04-27T14:40:03,19.166388,-45.800106,16.0,13.47,67.9,9,1.7,97.2,4.159,-4.4,0,1,56565
2026-04-27T14:40:32,19.167011,-45.798367,9.8,13.75,70.7,9,1.7,97.3,4.156,-4.2,0,1,56566
2026-04-27T14:41:01,19.167730,-45.796669,6.6,13.21,64.7,9,1.7,97.2,4.156,-4.4,0,1,56567
2026-04-27T14:41:30,19.168425,-45.794975,9.3,13.07,66.0,9,1.7,97.2,4.156,-4.4,0,1,56568
2026-04-27T14:41:59,19.169161,-45.793205,10.5,12.76,64.5,9,1.7,97.2,4.156,-4.4,0,1,56569
2026-04-27T14:42:28,19.169851,-45.791451,12.1,12.86,67.8,9,1.7,97.2,4.159,-4.4,0,1,56570
2026-04-27T14:42:57,19.170536,-45.789726,10.4,13.11,63.2,9,1.7,97.0,4.157,-4.2,0,1,56571
2026-04-27T14:43:26,19.171221,-45.787998,12.3,12.46,66.3,9,1.7,97.3,4.159,-4.2,0,1,56572
2026-04-27T14:43:55,19.171879,-45.786251,11.3,13.39,65.4,8,1.7,97.2,4.157,-4.4,0,1,56573
2026-04-27T14:44:24,19.172586,-45.784523,10.6,13.60,69.7,9,1.7,96.9,4.156,-4.2,0,1,56574
2026-04-27T14:44:53,19.173277,-45.782738,9.7,12.29,71.6,9,1.7,97.3,4.157,-4.2,0,1,56575
2026-04-27T14:45:22,19.173916,-45.781013,7.5,13.42,67.2,9,1.7,96.9,4.156,-4.2,0,1,56576
2026-04-27T14:45:51,19.174614,-45.779243,6.2,13.14,67.1,9,1.7,97.0,4.156,-4.2,0,1,56577
2026-04-27T14:46:20,19.175364,-45.777534,5.6,13.02,69.5,9,1.7,97.0,4.157,-4.2,0,1,56578
2026-04-27T14:46:49,19.176060,-45.775742,8.9,13.48,66.4,8,1.7,96.9,4.156,-4.2,0,1,56579
2026-04-27T14:47:18,19.176722,-45.773991,12.8,13.43,67.4,9,1.7,96.9,4.156,-4.2,0,1,56580
2026-04-27T14:47:47,19.177446,-45.772259,11.1,13.37,66.6,9,1.7,97.0,4.156,-4.2,0,1,56581
2026-04-27T14:48:16,19.178097,-45.770531,12.7,13.58,66.0,9,1.7,96.9,4.156,-4.2,0,1,56582
2026-04-27T14:48:45,19.178839,-45.768833,12.3,12.90,64.6,9,1.7,96.9,4.156,-4.2,0,1,56583
2026-04-27T14:49:14,19.179478,-45.767056,10.2,12.96,69.8,9,1.7,97.0,4.154,-4.2,0,1,56584
2026-04-27T14:49:43,19.180193,-45.765297,8.7,13.42,66.7,9,1.7,96.6,4.154,-4.4,0,1,56585
2026-04-27T14:50:12,19.180882,-45.763573,10.5,13.66,65.6,9,1.7,96.6,4.155,-4.4,0,1,56586
2026-04-27T14:50:41,19.181641,-45.761868,7.3,13.10,61.3,9,1.7,96.9,4.151,-4.2,0,1,56587
2026-04-27T14:51:10,19.182404,-45.760124,9.1,13.67,65.4,9,1.7,96.7,4.154,-4.2,0,1,56588
2026-04-27T14:51:39,19.183058,-45.758366,6.0,13.34,74.7,9,1.7,96.7,4.153,-4.2,0,1,56589
2026-04-27T14:52:08,19.183691,-45.756596,7.5,13.04,68.9,9,1.7,96.6,4.154,-4.4,0,1,56590
2026-04-27T14:52:37,19.184456,-45.754887,8.9,14.09,61.1,8,1.7,96.7,4.155,-4.2,0,1,56591
2026-04-27T14:53:06,19.185123,-45.753143,2.4,12.95,64.8,9,1.7,96.9,4.154,-4.2,0,1,56592
2026-04-27T14:53:35,19.185869,-45.751457,7.3,12.94,67.2,10,1.6,96.7,4.151,-4.2,0,1,56593
2026-04-27T14:54:04,19.186590,-45.749649,6.8,13.98,67.9,10,1.6,96.7,4.153,-4.2,0,1,56594
2026-04-27T14:54:33,19.187304,-45.747955,11.5,13.30,61.6,10,1.6,96.6,4.154,-4.4,0,1,56595
2026-04-27T14:55:02,19.188017,-45.746250,13.4,12.78,66.4,9,1.7,96.4,4.151,-4.2,0,1,56596
2026-04-27T14:55:31,19.188715,-45.744541,16.5,13.32,66.3,9,1.7,96.6,4.150,-4.4,0,1,56597
2026-04-27T14:56:00,19.189413,-45.742805,23.9,13.32,60.7,10,1.7,96.4,4.153,-4.2,0,1,56598
2026-04-27T14:56:29,19.190119,-45.741119,20.5,12.69,71.9,10,1.7,96.4,4.151,-4.2,0,1,56599
2026-04-27T14:56:58,19.190819,-45.739399,24.9,11.99,66.7,10,1.7,96.4,4.156,-4.2,0,1,56600
2026-04-27T14:57:27,19.191475,-45.737667,25.5,13.41,66.2,10,1.7,96.4,4.151,-4.2,0,1,56601
2026-04-27T14:57:56,19.192175,-45.735947,28.9,13.23,68.7,10,1.7,96.4,4.150,-4.2,0,1,56602
2026-04-27T14:58:25,19.192814,-45.734219,32.8,13.67,64.9,10,1.7,96.2,4.150,-4.2,0,1,56603
2026-04-27T14:58:54,19.193451,-45.732456,29.0,12.66,68.1,10,1.7,96.4,4.146,-4.2,0,1,56604
2026-04-27T14:59:23,19.194172,-45.730747,33.3,13.26,65.8,10,1.7,96.1,4.150,-4.2,0,1,56605
2026-04-27T14:59:52,19.194921,-45.729057,33.9,12.94,63.1,10,1.7,96.2,4.151,-4.2,0,1,56606
2026-04-27T15:00:21,19.195625,-45.727329,37.9,13.65,69.3,9,1.9,96.1,4.154,-4.2,0,1,56607
2026-04-27T15:00:50,19.196278,-45.725613,43.9,12.72,64.9,10,1.7,96.2,4.148,-4.2,0,1,56608
2026-04-27T15:01:19,19.196964,-45.723866,39.7,12.64,66.8,9,1.7,96.2,4.148,-4.2,0,1,56609
2026-04-27T15:01:48,19.197668,-45.722160,37.2,12.37,69.8,9,1.7,95.9,4.149,-4.4,0,1,56610
2026-04-27T15:02:17,19.198498,-45.720516,32.8,12.94,63.5,8,2.0,95.8,4.151,-4.2,0,1,56611
2026-04-27T15:02:46,19.199163,-45.718788,25.3,13.31,64.5,10,1.7,95.9,4.149,-4.4,0,1,56612
2026-04-27T15:03:15,19.199877,-45.717129,20.6,13.93,55.4,9,1.9,96.1,4.149,-4.2,0,1,56613
2026-04-27T15:03:44,19.200495,-45.715385,24.3,13.12,60.6,9,1.7,95.8,4.146,-4.2,0,1,56614
2026-04-27T15:04:13,19.201130,-45.713631,29.3,11.84,70.3,9,1.7,95.9,4.150,-4.4,0,1,56615
2026-04-27T15:04:42,19.201790,-45.711948,17.3,13.01,72.3,10,1.6,95.9,4.145,-4.4,0,1,56616
2026-04-27T15:05:11,19.202438,-45.710232,15.1,13.49,61.0,10,1.6,95.9,4.151,-4.4,0,1,56617
2026-04-27T15:05:40,19.203148,-45.708557,6.2,12.21,69.3,10,1.6,96.2,4.145,-4.2,0,1,56618
2026-04-27T15:06:09,19.203743,-45.706795,7.5,13.12,68.8,8,1.7,95.8,4.148,-4.2,0,1,56619
2026-04-27T15:06:38,19.204483,-45.705059,4.5,12.86,75.1,10,1.6,95.8,4.145,-4.2,0,1,56620
2026-04-27T15:07:07,19.205210,-45.703323,1.7,12.89,67.8,9,1.7,95.8,4.150,-4.2,0,1,56621
2026-04-27T15:07:36,19.205851,-45.701561,3.2,13.85,70.1,10,1.6,95.9,4.146,-4.4,0,1,56622
2026-04-27T15:08:05,19.206535,-45.699848,6.8,13.18,66.4,10,1.6,95.6,4.146,-4.2,0,1,56623
2026-04-27T15:08:34,19.207270,-45.698128,3.9,13.34,68.6,9,1.6,95.8,4.144,-4.2,0,1,56624
2026-04-27T15:09:03,19.207964,-45.696419,5.5,14.11,69.2,10,1.6,95.9,4.148,-4.4,0,1,56625
2026-04-27T15:09:32,19.208670,-45.694702,7.8,12.99,66.0,10,1.6,95.6,4.144,-4.2,0,1,56626
2026-04-27T15:10:01,19.209385,-45.692982,6.4,12.71,68.0,10,1.6,95.6,4.144,-4.2,0,1,56627
2026-04-27T15:10:30,19.210087,-45.691307,4.5,12.08,65.7,10,1.6,95.3,4.145,-4.4,0,1,56628
2026-04-27T15:10:59,19.210760,-45.689629,7.4,12.73,63.1,10,1.6,95.6,4.142,-4.2,0,1,56629
2026-04-27T15:11:28,19.211374,-45.687878,7.6,12.10,71.3,11,1.5,95.6,4.144,-4.2,0,1,56630
2026-04-27T15:11:57,19.212011,-45.686195,3.4,12.72,66.7,11,1.5,95.6,4.145,-4.2,0,1,56631
2026-04-27T15:12:26,19.212627,-45.684460,-6.5,13.18,72.6,10,1.6,95.6,4.145,2545.3,0,1,56632
2026-04-27T15:12:55,19.213316,-45.682705,-0.4,13.01,64.5,10,1.6,95.1,4.144,-4.2,0,1,56633
2026-04-27T15:13:24,19.213955,-45.681023,-7.4,12.70,66.0,10,1.6,95.4,4.144,-4.2,0,1,56634
2026-04-27T15:13:53,19.214725,-45.679314,-4.4,12.96,72.7,10,1.6,95.4,4.144,-4.2,0,1,56635
2026-04-27T15:14:22,19.215399,-45.677593,-9.1,13.92,65.2,10,1.6,95.1,4.142,-4.2,0,1,56636
2026-04-27T15:14:51,19.215977,-45.675880,-10.7,13.62,68.2,10,1.6,95.4,4.142,-4.2,0,1,56637
2026-04-27T15:15:20,19.216583,-45.674149,-11.2,13.02,65.4,9,1.6,95.6,4.145,-4.2,0,1,56638
2026-04-27T15:15:49,19.217363,-45.672474,-7.6,15.07,59.5,10,1.6,95.4,4.142,-4.2,0,1,56639
2026-04-27T15:16:18,19.218107,-45.670761,-0.8,13.06,70.1,10,1.6,95.3,4.141,-4.4,0,1,56640
2026-04-27T15:16:47,19.218803,-45.669018,2.2,12.79,63.4,10,1.6,95.1,4.140,-4.2,0,1,56641
2026-04-27T15:17:16,19.219395,-45.667297,-2.2,13.55,69.6,11,1.6,95.1,4.141,-4.2,0,1,56642
2026-04-27T15:17:45,19.219952,-45.665611,-16.4,12.57,52.4,10,2.0,95.1,4.140,-4.2,0,1,56643
2026-04-27T15:18:14,19.220690,-45.663906,-19.1,13.40,61.4,10,1.6,95.0,4.140,-4.2,0,1,56644
2026-04-27T15:18:43,19.221319,-45.662193,-9.0,12.07,66.3,11,1.6,95.1,4.142,-4.2,0,1,56645
2026-04-27T15:19:12,19.222113,-45.660503,-6.4,12.91,72.2,11,1.6,95.0,4.140,-4.2,0,1,56646
2026-04-27T15:19:41,19.222834,-45.658806,-4.3,13.67,59.8,10,1.6,95.0,4.140,-4.2,0,1,56647
2026-04-27T15:20:10,19.223457,-45.657108,-13.7,12.28,58.9,11,1.6,94.7,4.139,-4.4,0,1,56648
2026-04-27T15:20:39,19.224051,-45.655422,-16.4,12.86,59.2,8,1.8,95.3,4.145,-4.4,0,1,56649
2026-04-27T15:21:08,19.224771,-45.653694,-8.7,12.66,73.1,11,1.6,94.7,4.137,-4.4,0,1,56650
2026-04-27T15:21:37,19.225389,-45.651993,-13.9,12.75,66.2,11,1.6,95.1,4.140,-4.2,0,1,56651
2026-04-27T15:22:06,19.226131,-45.650326,-17.4,14.12,71.6,11,1.6,95.0,4.145,-4.2,0,1,56652
2026-04-27T15:22:35,19.226944,-45.648678,-18.4,12.28,71.7,10,2.0,94.8,4.136,-4.2,0,1,56653
2026-04-27T15:23:04,19.227657,-45.647003,-16.0,13.19,66.4,11,1.6,94.8,4.141,-4.2,0,1,56654
2026-04-27T15:23:33,19.228409,-45.645317,-20.6,13.71,66.0,10,1.6,95.3,4.140,-4.4,0,1,56655
2026-04-27T15:24:02,19.229017,-45.643635,-22.6,12.29,70.6,11,1.5,94.7,4.136,2519.9,0,1,56656
2026-04-27T15:24:31,19.229792,-45.641937,-14.7,12.82,63.8,11,1.5,94.8,4.144,-4.2,0,1,56657
2026-04-27T15:25:00,19.230465,-45.640236,-7.6,13.51,68.9,11,1.5,94.8,4.139,-4.2,0,1,56658
2026-04-27T15:25:29,19.231228,-45.638565,4.5,13.36,63.9,11,1.5,94.8,4.139,-4.2,0,1,56659
2026-04-27T15:25:58,19.231855,-45.636868,-2.6,12.83,69.6,11,1.5,94.8,4.139,-4.2,0,1,56660
2026-04-27T15:26:27,19.232470,-45.635139,-9.0,13.30,64.0,10,1.6,94.7,4.140,-4.4,0,1,56661
2026-04-27T15:26:56,19.233162,-45.633434,-12.3,12.71,63.5,11,1.5,94.7,4.137,-4.4,0,1,56662
2026-04-27T15:27:25,19.233847,-45.631721,-16.4,12.91,64.9,10,1.5,94.3,4.140,-4.2,0,1,56663
2026-04-27T15:27:54,19.234547,-45.630035,-27.8,13.25,63.4,11,1.5,94.7,4.134,-4.4,0,1,56664
2026-04-27T15:28:23,19.235300,-45.628384,-19.5,13.19,66.7,11,1.5,94.5,4.137,-4.2,0,1,56665
2026-04-27T15:28:52,19.236025,-45.626701,-3.1,13.57,66.0,11,1.5,94.3,4.136,-4.2,0,1,56666
2026-04-27T15:29:21,19.236799,-45.625000,8.3,12.82,64.8,11,1.5,94.3,4.135,-4.2,0,1,56667
2026-04-27T15:29:50,19.237444,-45.623264,11.6,12.40,73.1,11,1.5,94.5,4.136,-4.2,0,1,56668
2026-04-27T15:30:19,19.238077,-45.621567,4.2,13.42,62.9,11,1.5,94.3,4.135,-4.2,0,1,56669
2026-04-27T15:30:48,19.238825,-45.619869,4.8,13.96,60.7,11,1.5,94.3,4.135,-4.2,0,1,56670
2026-04-27T15:31:17,19.239565,-45.618156,20.1,12.33,66.2,11,1.5,94.0,4.135,-4.4,0,1,56671
2026-04-27T15:31:46,19.240324,-45.616467,25.0,12.39,68.5,11,1.5,94.5,4.139,-4.2,0,1,56672
2026-04-27T15:32:15,19.241037,-45.614758,28.0,12.46,68.0,10,1.5,94.3,4.134,-4.2,0,1,56673
2026-04-27T15:32:44,19.241823,-45.613041,39.8,13.64,59.4,11,1.4,94.2,4.134,-4.2,0,1,56674
2026-04-27T15:33:13,19.242523,-45.611343,37.8,13.56,66.1,11,1.4,94.2,4.134,-4.2,0,1,56675
2026-04-27T15:33:42,19.243202,-45.609634,39.5,13.02,61.7,10,1.9,94.3,4.134,-4.2,0,1,56676
2026-04-27T15:34:11,19.243858,-45.607899,36.0,12.77,67.3,11,1.4,94.0,4.135,-4.4,0,1,56677
2026-04-27T15:34:40,19.244558,-45.606167,39.0,13.79,63.5,10,1.9,94.2,4.139,-4.2,0,1,56678
2026-04-27T15:35:09,19.245180,-45.604477,39.6,13.77,67.8,10,1.9,94.3,4.134,-4.2,0,1,56679
2026-04-27T15:35:38,19.245880,-45.602749,36.2,13.11,64.2,11,1.4,94.2,4.135,-4.2,0,1,56680
2026-04-27T15:36:07,19.246529,-45.601009,30.4,13.12,74.1,11,1.4,94.3,4.133,-4.2,0,1,56681
2026-04-27T15:36:36,19.247026,-45.599281,9.3,13.61,62.2,11,1.4,94.2,4.134,-4.2,0,1,56682
2026-04-27T15:37:05,19.247721,-45.597546,12.7,13.01,60.6,11,1.4,94.0,4.133,-4.4,0,1,56683
2026-04-27T15:37:34,19.248484,-45.595802,21.0,13.13,62.4,11,1.4,94.0,4.135,-4.4,0,1,56684
2026-04-27T15:38:03,19.249250,-45.594109,33.1,13.63,62.4,11,1.4,94.2,4.135,-4.2,0,1,56685
2026-04-27T15:38:32,19.249939,-45.592354,36.4,14.47,60.7,10,1.8,94.2,4.130,-4.2,0,1,56686
2026-04-27T15:39:01,19.250683,-45.590664,34.0,14.05,60.5,11,1.3,93.9,4.133,-4.2,0,1,56687
2026-04-27T15:39:30,19.251385,-45.588928,32.8,14.89,61.2,9,1.9,94.2,4.133,-4.2,0,1,56688
2026-04-27T15:39:59,19.251999,-45.587185,31.9,13.14,70.3,10,1.4,93.7,4.133,-4.2,0,1,56689
2026-04-27T15:40:28,19.252712,-45.585487,26.4,13.38,64.7,10,1.4,93.5,4.131,-4.2,0,1,56690
2026-04-27T15:40:57,19.253332,-45.583740,19.9,12.64,64.0,10,1.7,94.0,4.130,-4.4,0,1,56691
2026-04-27T15:41:26,19.254044,-45.581993,16.3,12.90,64.2,10,1.7,94.2,4.135,-4.2,0,1,56692
2026-04-27T15:41:55,19.254749,-45.580242,19.3,14.22,63.5,10,1.7,93.9,4.131,2498.9,0,1,56693
2026-04-27T15:42:24,19.255373,-45.578491,20.8,13.69,60.8,10,1.7,93.7,4.130,2494.8,0,1,56694
2026-04-27T15:42:53,19.256033,-45.576744,21.0,14.25,64.8,10,1.7,93.9,4.131,-4.2,0,1,56695
2026-04-27T15:43:22,19.256807,-45.575047,23.7,13.13,65.9,11,1.3,93.4,4.134,-4.4,0,1,56696
2026-04-27T15:43:51,19.257471,-45.573330,25.4,13.78,69.2,11,1.3,93.7,4.130,-4.2,0,1,56697
2026-04-27T15:44:20,19.258141,-45.571590,11.2,13.77,67.6,11,1.3,93.9,4.128,2498.9,0,1,56698
2026-04-27T15:44:49,19.258812,-45.569839,11.8,13.73,66.9,11,1.3,93.7,4.131,-4.2,0,1,56699
2026-04-27T15:45:18,19.259483,-45.568127,17.1,13.58,60.4,9,1.3,93.9,4.128,-4.2,0,1,56700
2026-04-27T15:45:47,19.260172,-45.566383,19.1,13.60,66.0,9,1.3,93.9,4.130,-4.2,0,1,56701
2026-04-27T15:46:16,19.260876,-45.564667,18.4,14.22,60.9,8,1.3,93.9,4.135,-4.2,0,1,56702
2026-04-27T15:46:45,19.261538,-45.562920,22.9,13.77,68.4,8,1.9,93.5,4.129,-4.2,0,1,56703
2026-04-27T15:47:14,19.262144,-45.561176,8.8,13.69,65.2,10,1.2,93.4,4.129,-4.4,0,1,56704
2026-04-27T15:47:43,19.262829,-45.559425,12.7,12.11,78.2,9,1.7,93.5,4.130,-4.2,0,1,56705
2026-04-27T15:48:12,19.263514,-45.557697,1.5,11.65,70.2,9,1.7,93.4,4.129,-4.4,0,1,56706
2026-04-27T15:48:41,19.264214,-45.555969,0.2,13.93,62.3,9,1.7,93.7,4.130,-4.2,0,1,56707
2026-04-27T15:49:10,19.264885,-45.554245,5.3,13.36,66.9,9,1.7,93.5,4.129,-4.2,0,1,56708
2026-04-27T15:49:39,19.265581,-45.552536,14.5,12.67,69.6,9,1.7,93.4,4.128,-4.4,0,1,56709
2026-04-27T15:50:08,19.266268,-45.550819,18.9,13.81,62.7,9,1.7,93.4,4.128,-4.4,0,1,56710
2026-04-27T15:50:37,19.267036,-45.549107,25.7,13.45,62.6,8,1.8,93.4,4.131,-4.4,0,1,56711
2026-04-27T15:51:06,19.267675,-45.547443,12.2,12.96,65.3,10,1.2,93.2,4.126,-4.2,0,1,56712
2026-04-27T15:51:35,19.268404,-45.545753,11.8,13.69,65.0,9,1.6,93.4,4.128,-4.4,0,1,56713
2026-04-27T15:52:04,19.268982,-45.544075,13.9,12.66,68.7,10,1.1,93.4,4.129,-4.4,0,1,56714
2026-04-27T15:52:33,19.269724,-45.542370,21.5,12.46,58.5,9,1.2,93.5,4.131,-4.2,0,1,56715
2026-04-27T15:53:02,19.270395,-45.540722,23.7,12.57,62.2,9,1.6,93.4,4.124,-4.4,0,1,56716
2026-04-27T15:53:31,19.271046,-45.539043,16.2,13.63,63.7,10,1.1,93.5,4.126,-4.2,0,1,56717
2026-04-27T15:54:00,19.271736,-45.537354,14.1,12.86,63.2,9,1.6,93.9,4.125,-4.2,0,1,56718
2026-04-27T15:54:29,19.272371,-45.535637,14.2,12.82,69.4,10,1.3,93.9,4.126,-4.2,0,1,56719
2026-04-27T15:54:58,19.272972,-45.533989,9.1,11.55,66.8,11,1.1,93.4,4.126,-4.4,0,1,56720
2026-04-27T15:55:27,19.273663,-45.532257,11.7,13.30,64.4,8,1.4,93.4,4.130,-4.4,0,1,56721
2026-04-27T15:55:56,19.274267,-45.530579,1.9,13.78,68.5,10,1.3,93.4,4.128,-4.4,0,1,56722
2026-04-27T15:56:25,19.274988,-45.528893,0.2,13.04,65.3,10,1.3,93.2,4.128,-4.2,0,1,56723
2026-04-27T15:56:54,19.275679,-45.527172,7.1,13.40,71.7,11,1.0,93.4,4.126,-4.4,0,1,56724
2026-04-27T15:57:23,19.276407,-45.525494,7.0,13.13,61.2,12,1.0,93.1,4.125,-4.2,0,1,56725
2026-04-27T15:57:52,19.277102,-45.523808,8.6,14.09,66.4,11,1.2,93.2,4.125,-4.2,0,1,56726
2026-04-27T15:58:21,19.277742,-45.522129,8.4,12.57,66.9,11,1.2,93.2,4.126,-4.2,0,1,56727
2026-04-27T15:58:50,19.278433,-45.520416,6.9,12.70,74.4,12,1.0,93.4,4.122,-4.4,0,1,56728
2026-04-27T15:59:19,19.279085,-45.518715,6.6,13.83,69.2,12,1.0,92.8,4.124,-4.4,0,1,56729
2026-04-27T15:59:48,19.279755,-45.516991,5.1,13.18,71.1,12,1.0,92.9,4.125,-4.2,0,1,56730
2026-04-27T16:00:17,19.280445,-45.515320,5.9,14.44,66.9,12,1.0,92.9,4.124,-4.2,0,1,56731
2026-04-27T16:00:46,19.281124,-45.513657,3.7,12.67,68.4,12,1.0,93.4,4.124,-4.4,0,1,56732
2026-04-27T16:01:15,19.281780,-45.511948,2.0,12.94,79.5,11,1.0,92.8,4.124,-4.4,0,1,56733
2026-04-27T16:01:44,19.282463,-45.510269,2.9,13.09,67.3,12,0.9,93.1,4.124,-4.2,0,1,56734
2026-04-27T16:02:13,19.283119,-45.508598,1.4,13.00,70.4,11,1.0,93.1,4.125,-4.2,0,1,56735
2026-04-27T16:02:42,19.283781,-45.506958,-1.2,12.33,71.9,12,0.9,92.8,4.122,-4.4,0,1,56736
2026-04-27T16:03:11,19.284365,-45.505253,3.8,12.69,78.4,12,0.9,92.9,4.124,-4.2,0,1,56737
2026-04-27T16:03:40,19.285070,-45.503597,1.0,12.97,66.7,12,0.9,93.1,4.124,-4.2,0,1,56738
2026-04-27T16:04:09,19.285681,-45.501942,-5.7,12.01,66.8,11,1.0,93.1,4.124,-4.2,0,1,56739
2026-04-27T16:04:38,19.286465,-45.500275,-2.9,13.41,62.7,10,1.2,92.8,4.121,-4.4,0,1,56740
2026-04-27T16:05:07,19.287100,-45.498600,-0.5,12.30,69.4,10,1.2,92.9,4.122,-4.2,0,1,56741
2026-04-27T16:05:36,19.287699,-45.496933,-0.7,12.90,67.7,11,1.0,93.1,4.126,-4.2,0,1,56742
2026-04-27T16:06:05,19.288401,-45.495262,-0.9,12.45,69.0,11,1.1,92.8,4.120,-4.4,0,1,56743
2026-04-27T16:06:34,19.289019,-45.493591,-11.8,12.46,71.7,10,1.1,93.1,4.124,-4.2,0,1,56744
2026-04-27T16:07:03,19.289707,-45.491928,-7.5,12.22,62.5,9,1.3,92.6,4.124,-4.2,0,1,56745
2026-04-27T16:07:32,19.290417,-45.490276,-2.3,12.51,65.1,11,1.0,92.6,4.122,-4.2,0,1,56746
2026-04-27T16:08:01,19.291122,-45.488605,0.4,13.28,71.0,12,0.9,92.4,4.121,-4.2,0,1,56747
2026-04-27T16:08:30,19.291771,-45.486931,-6.2,12.39,77.0,11,1.0,92.8,4.122,-4.4,0,1,56748
2026-04-27T16:08:59,19.292402,-45.485275,-12.1,12.24,64.8,10,1.2,92.8,4.120,-4.4,0,1,56749
2026-04-27T16:09:28,19.293127,-45.483597,-4.8,12.84,63.3,11,1.0,92.6,4.120,-4.2,0,1,56750
2026-04-27T16:09:57,19.293844,-45.481960,-0.1,12.34,67.2,9,1.3,92.6,4.124,-4.2,0,1,56751
2026-04-27T16:10:26,19.294519,-45.480282,-1.3,13.00,77.8,12,0.9,92.4,4.116,-4.2,0,1,56752
2026-04-27T16:10:55,19.295143,-45.478622,-5.7,12.89,71.2,10,1.2,92.8,4.120,-4.4,0,1,56753
2026-04-27T16:11:24,19.295816,-45.476982,-16.0,13.57,62.5,11,1.0,92.6,4.120,-4.2,0,1,56754
2026-04-27T16:11:53,19.296444,-45.475311,-10.7,12.91,65.7,11,1.0,92.4,4.121,-4.2,0,1,56755
2026-04-27T16:12:22,19.297197,-45.473629,5.6,13.20,67.9,11,1.0,92.4,4.120,-4.2,0,1,56756
2026-04-27T16:12:51,19.297834,-45.471954,4.7,13.37,66.3,11,0.9,92.6,4.124,-4.2,0,1,56757
2026-04-27T16:13:20,19.298548,-45.470295,8.7,13.57,68.3,10,1.1,92.4,4.120,2461.1,0,1,56758
2026-04-27T16:13:49,19.299166,-45.468639,8.4,12.94,71.7,10,1.1,92.6,4.119,-4.2,0,1,56759
2026-04-27T16:14:18,19.299822,-45.466976,4.1,12.83,64.9,10,1.1,92.6,4.117,-4.2,0,1,56760
2026-04-27T16:14:47,19.300516,-45.465324,1.9,11.90,73.8,11,0.9,92.1,4.119,2452.5,0,1,56761
2026-04-27T16:15:16,19.301138,-45.463669,2.3,13.55,63.9,10,1.1,92.3,4.117,-4.2,0,1,56762
2026-04-27T16:15:45,19.301817,-45.461994,6.6,12.65,67.2,11,0.9,92.1,4.121,-4.4,0,1,56763
2026-04-27T16:16:14,19.302456,-45.460339,8.7,12.93,68.6,10,1.0,92.4,4.119,-4.2,0,1,56764
2026-04-27T16:16:43,19.303135,-45.458687,1.6,12.60,69.9,10,1.1,92.6,4.115,-4.2,0,1,56765
2026-04-27T16:17:12,19.303812,-45.457005,0.2,12.81,67.9,9,1.3,92.1,4.116,-4.4,0,1,56766
2026-04-27T16:17:41,19.304466,-45.455326,6.7,12.95,70.4,10,1.2,92.3,4.116,-4.2,0,1,56767
2026-04-27T16:18:10,19.305092,-45.453659,7.4,13.09,69.2,11,1.1,92.0,4.117,-4.2,0,1,56768
2026-04-27T16:18:39,19.305723,-45.452011,8.2,12.99,65.5,9,1.3,92.0,4.117,-4.2,0,1,56769
2026-04-27T16:19:08,19.306334,-45.450397,9.7,13.06,77.1,10,1.2,92.3,4.119,-4.2,0,1,56770
2026-04-27T16:19:37,19.307053,-45.448734,3.5,12.53,67.4,11,1.1,92.0,4.119,-4.2,0,1,56771
2026-04-27T16:20:06,19.307678,-45.447102,7.3,12.52,73.1,10,1.2,92.0,4.116,-4.2,0,1,56772
2026-04-27T16:20:35,19.308363,-45.445465,4.5,11.95,63.7,11,1.0,92.3,4.120,-4.2,0,1,56773
2026-04-27T16:21:04,19.309011,-45.443810,0.7,12.52,68.2,10,1.2,92.1,4.117,-4.4,0,1,56774
2026-04-27T16:21:33,19.309690,-45.442188,-2.6,12.82,64.2,9,1.2,91.8,4.116,-4.2,0,1,56775
2026-04-27T16:22:02,19.310268,-45.440498,11.5,12.45,74.9,9,1.3,92.3,4.117,-4.2,0,1,56776
2026-04-27T16:22:31,19.310900,-45.438862,11.1,11.77,63.0,10,1.2,92.0,4.117,-4.2,0,1,56777
2026-04-27T16:23:00,19.311569,-45.437271,13.8,11.75,68.4,11,1.0,92.1,4.116,-4.4,0,1,56778
2026-04-27T16:23:29,19.312204,-45.435562,10.9,12.02,67.7,11,1.0,91.8,4.116,-4.2,0,1,56779
2026-04-27T16:23:58,19.312887,-45.433945,10.6,12.77,64.8,10,1.2,92.0,4.116,-4.2,0,1,56780
2026-04-27T16:24:27,19.313564,-45.432320,11.4,12.34,66.8,11,1.0,91.8,4.116,-4.2,0,1,56781
2026-04-27T16:24:56,19.314159,-45.430702,11.1,12.05,64.8,11,1.0,92.0,4.121,-4.2,0,1,56782
2026-04-27T16:25:25,19.314857,-45.429058,12.8,12.61,67.0,9,1.2,91.8,4.115,-4.2,0,1,56783
2026-04-27T16:25:54,19.315430,-45.427490,2.2,12.34,74.1,10,1.2,91.8,4.114,-4.2,0,1,56784
2026-04-27T16:26:23,19.315981,-45.425835,-2.0,11.90,80.1,10,1.2,92.0,4.116,-4.2,0,1,56785
2026-04-27T16:26:52,19.316593,-45.424194,-4.2,11.68,75.0,9,1.2,91.8,4.114,-4.2,0,1,56786
2026-04-27T16:27:21,19.317322,-45.422619,-0.8,12.04,67.0,9,1.3,91.8,4.114,-4.2,0,1,56787
2026-04-27T16:27:50,19.318100,-45.420998,-0.3,12.36,69.6,9,1.2,91.6,4.115,-4.2,0,1,56788
2026-04-27T16:28:19,19.318716,-45.419331,3.1,13.00,66.8,10,1.1,91.5,4.115,-4.4,0,1,56789
2026-04-27T16:28:48,19.319420,-45.417675,0.6,13.05,69.8,10,1.1,91.6,4.115,-4.2,0,1,56790
2026-04-27T16:29:17,19.320068,-45.416042,0.0,11.92,67.6,8,1.4,91.6,4.116,-4.2,0,1,56791
2026-04-27T16:29:46,19.320734,-45.414429,2.6,12.36,66.4,9,1.2,91.8,4.115,-4.2,0,1,56792
2026-04-27T16:30:15,19.321398,-45.412888,10.1,11.82,63.5,10,1.1,91.6,4.113,-4.2,0,1,56793
2026-04-27T16:30:44,19.322033,-45.411179,9.3,12.23,69.2,10,1.1,91.5,4.114,-4.4,0,1,56794
2026-04-27T16:31:13,19.322668,-45.409531,9.4,12.93,64.4,10,1.1,91.6,4.116,-4.2,0,1,56795
2026-04-27T16:31:42,19.323334,-45.407970,18.2,11.97,68.0,9,1.3,91.6,4.108,-4.2,0,1,56796
2026-04-27T16:32:11,19.323927,-45.406261,19.0,12.35,76.2,9,1.3,91.6,4.117,-4.2,0,1,56797
2026-04-27T16:32:40,19.324533,-45.404716,12.0,12.07,72.5,9,1.3,91.6,4.113,-4.2,0,1,56798
2026-04-27T16:33:09,19.325195,-45.403049,9.4,11.90,67.2,8,2.2,91.5,4.114,-4.4,0,1,56799
2026-04-27T16:33:38,19.325775,-45.401432,7.4,11.39,70.2,8,1.3,91.5,4.113,-4.4,0,1,56800
2026-04-27T16:34:07,19.326538,-45.399769,-4.0,12.07,64.3,8,2.2,91.3,4.114,-4.2,0,1,56801
2026-04-27T16:34:36,19.327206,-45.398045,1.3,12.78,61.8,8,2.1,91.6,4.111,-4.2,0,1,56802
2026-04-27T16:35:05,19.327940,-45.396427,3.7,12.31,67.0,8,2.1,91.2,4.113,-4.2,0,1,56803
2026-04-27T16:35:34,19.328552,-45.394768,3.6,13.08,71.1,8,2.1,91.3,4.111,-4.2,0,1,56804
2026-04-27T16:36:03,19.329155,-45.393131,-5.2,12.36,72.8,8,2.1,91.6,4.116,-4.2,0,1,56805
2026-04-27T16:36:32,19.329744,-45.391438,-1.1,11.93,73.7,8,1.8,91.5,4.116,-4.4,0,1,56806
2026-04-27T16:37:01,19.330351,-45.389729,-7.1,12.17,67.0,8,1.3,91.3,4.110,-4.2,0,1,56807
2026-04-27T16:37:30,19.330948,-45.388027,-28.5,12.16,70.6,8,1.3,91.6,4.111,2440.0,0,1,56808
2026-04-27T16:37:59,19.331703,-45.386417,-29.5,12.87,65.2,8,1.3,91.3,4.110,-4.2,0,1,56809
2026-04-27T16:38:28,19.332359,-45.384769,-32.3,13.06,73.3,7,2.2,91.2,4.110,-4.2,0,1,56810
2026-04-27T16:38:57,19.333017,-45.383144,-27.3,12.37,69.3,7,2.1,91.2,4.110,-4.2,0,1,56811
2026-04-27T16:39:26,19.333723,-45.381516,-21.2,12.76,65.4,8,1.3,91.3,4.110,-4.2,0,1,56812
2026-04-27T16:39:55,19.334442,-45.379902,-22.2,12.19,65.3,7,2.1,91.3,4.111,-4.2,0,1,56813
2026-04-27T16:40:24,19.335108,-45.378258,-19.8,12.44,69.7,7,2.1,91.3,4.111,-4.2,0,1,56814
2026-04-27T16:40:53,19.335712,-45.376598,-15.3,11.76,67.9,6,2.5,91.0,4.110,-4.2,0,1,56815
2026-04-27T16:41:22,19.336239,-45.374901,-9.4,13.14,75.9,7,2.1,91.2,4.109,-4.2,0,1,56816
2026-04-27T16:41:51,19.336939,-45.373310,-14.9,12.48,70.5,7,2.1,91.2,4.110,-4.2,0,1,56817
2026-04-27T16:42:20,19.337605,-45.371670,-21.7,13.10,63.7,7,2.1,91.2,4.110,-4.2,0,1,56818
2026-04-27T16:42:49,19.338192,-45.370026,-21.5,12.29,66.5,7,2.0,91.0,4.110,-4.2,0,1,56819
2026-04-27T16:43:18,19.338926,-45.368408,-28.1,12.63,65.5,8,1.3,91.0,4.111,-4.2,0,1,56820
2026-04-27T16:43:47,19.339558,-45.366737,-30.4,12.45,73.3,7,2.0,91.0,4.110,-4.2,0,1,56821
2026-04-27T16:44:16,19.340181,-45.365093,-33.6,12.42,67.3,7,2.0,91.0,4.110,-4.2,0,1,56822
2026-04-27T16:44:45,19.340878,-45.363441,-36.6,12.92,63.2,8,1.2,91.3,4.114,-4.2,0,1,56823
2026-04-27T16:45:14,19.341581,-45.361813,-36.2,12.75,68.4,7,2.0,91.0,4.108,-4.2,0,1,56824
2026-04-27T16:45:43,19.342169,-45.360153,-32.8,11.79,71.4,7,2.0,90.9,4.109,-4.4,0,1,56825
2026-04-27T16:46:12,19.342754,-45.358498,-36.1,11.91,72.9,7,2.0,91.0,4.108,-4.2,0,1,56826
2026-04-27T16:46:41,19.343470,-45.356846,-32.9,15.59,61.6,7,1.3,91.0,4.115,-4.2,0,1,56827
2026-04-27T16:47:10,19.344196,-45.355209,-35.2,11.86,64.7,7,2.0,91.0,4.109,-4.2,0,1,56828
2026-04-27T16:47:39,19.344873,-45.353565,-31.6,11.90,66.3,8,1.2,90.9,4.109,-4.4,0,1,56829
2026-04-27T16:48:08,19.345575,-45.351936,-28.4,12.33,68.1,8,1.2,91.0,4.108,-4.2,0,1,56830
2026-04-27T16:48:37,19.346237,-45.350258,-27.9,12.71,63.1,8,1.2,90.7,4.108,-4.2,0,1,56831
2026-04-27T16:49:06,19.346806,-45.348541,-25.7,12.41,70.1,7,1.9,91.0,4.108,-4.2,0,1,56832
2026-04-27T16:49:35,19.347492,-45.346889,-20.5,12.31,62.0,8,1.2,90.9,4.108,-4.4,0,1,56833
2026-04-27T16:50:04,19.348085,-45.345222,-14.1,12.34,73.1,7,1.9,91.0,4.106,2423.2,0,1,56834
2026-04-27T16:50:33,19.348763,-45.343491,-8.4,13.23,65.6,7,1.9,90.7,4.105,-4.2,0,1,56835
2026-04-27T16:51:02,19.349451,-45.341869,-5.1,12.39,67.7,7,1.9,90.5,4.106,-4.2,0,1,56836
2026-04-27T16:51:31,19.350058,-45.340221,-4.8,11.85,75.7,8,1.2,90.9,4.106,-4.4,0,1,56837
2026-04-27T16:52:00,19.350718,-45.338627,-9.3,12.08,64.8,8,1.2,90.9,4.106,-4.4,0,1,56838
2026-04-27T16:52:29,19.351307,-45.336891,-9.8,12.22,71.5,7,1.8,90.7,4.108,-4.2,0,1,56839
2026-04-27T16:52:58,19.351908,-45.335163,-8.8,12.18,71.9,7,1.8,90.7,4.106,2414.7,0,1,56840
2026-04-27T16:53:27,19.352665,-45.333542,-8.5,12.74,68.5,7,1.8,91.0,4.105,-4.2,0,1,56841
2026-04-27T16:53:56,19.353407,-45.331791,-4.5,11.95,70.1,8,1.8,90.5,4.106,-4.2,0,1,56842
2026-04-27T16:54:25,19.354044,-45.330238,-3.9,13.21,61.9,8,1.8,90.7,4.106,-4.2,0,1,56843
2026-04-27T16:54:54,19.354681,-45.328571,-5.4,13.01,69.0,8,1.7,90.4,4.105,-4.2,0,1,56844
2026-04-27T16:55:23,19.355326,-45.326870,-5.0,12.86,70.9,8,1.7,90.5,4.106,-4.2,0,1,56845
2026-04-27T16:55:52,19.356010,-45.325275,1.4,12.11,67.2,8,1.7,90.7,4.105,-4.2,0,1,56846
2026-04-27T16:56:21,19.356770,-45.323608,6.4,13.67,65.1,8,1.7,90.4,4.105,-4.2,0,1,56847
2026-04-27T16:56:50,19.357401,-45.321957,10.2,12.13,69.6,8,1.7,90.2,4.104,-4.4,0,1,56848
2026-04-27T16:57:19,19.358053,-45.320278,14.6,11.98,69.7,8,1.7,90.4,4.104,-4.2,0,1,56849
2026-04-27T16:57:48,19.358765,-45.318623,15.7,12.93,66.7,8,1.7,90.4,4.104,-4.2,0,1,56850
2026-04-27T16:58:17,19.359320,-45.316933,18.7,12.66,78.4,8,1.7,90.4,4.106,-4.2,0,1,56851
2026-04-27T16:58:46,19.359921,-45.315220,20.9,12.41,81.1,8,1.7,90.2,4.101,-4.4,0,1,56852
2026-04-27T16:59:15,19.360657,-45.313591,22.1,13.50,66.3,8,1.7,90.5,4.108,-4.2,0,1,56853
2026-04-27T16:59:44,19.361362,-45.311943,20.6,12.33,69.8,8,1.7,90.4,4.102,-4.2,0,1,56854
2026-04-27T17:00:13,19.362070,-45.310253,18.8,13.62,67.4,8,1.6,90.4,4.108,-4.2,0,1,56855
2026-04-27T17:00:42,19.362713,-45.308578,16.9,11.22,78.3,7,1.7,90.4,4.101,-4.2,0,1,56856
2026-04-27T17:01:11,19.363377,-45.306896,18.8,12.75,70.5,8,1.6,90.4,4.101,-4.2,0,1,56857
2026-04-27T17:01:40,19.364004,-45.305157,15.5,13.23,76.0,8,1.6,90.4,4.108,-4.2,0,1,56858
2026-04-27T17:02:09,19.364603,-45.303482,19.4,13.10,75.1,8,1.6,90.4,4.105,-4.2,0,1,56859
2026-04-27T17:02:38,19.365328,-45.301762,11.3,14.06,65.6,8,1.6,90.2,4.104,-4.4,0,1,56860
2026-04-27T17:03:07,19.366049,-45.300125,11.3,11.61,65.7,7,2.3,90.1,4.104,-4.2,0,1,56861
2026-04-27T17:03:36,19.366743,-45.298431,9.1,12.33,77.9,8,1.6,89.9,4.102,-4.2,0,1,56862
2026-04-27T17:04:05,19.367447,-45.296719,1.0,12.77,65.7,7,2.3,90.2,4.100,-4.4,0,1,56863
2026-04-27T17:04:34,19.368191,-45.295063,2.8,12.96,77.6,8,1.6,90.4,4.105,-4.2,0,1,56864
2026-04-27T17:05:04,19.368856,-45.293274,-4.5,12.60,67.6,8,1.6,90.4,4.106,-4.2,0,1,56865
2026-04-27T17:05:33,19.369482,-45.291527,-9.2,13.94,73.4,7,2.3,89.9,4.104,-4.2,0,1,56866
2026-04-27T17:06:02,19.370211,-45.289917,-4.6,13.63,74.9,8,1.5,90.1,4.101,-4.2,0,1,56867
2026-04-27T17:06:31,19.370815,-45.288197,-2.7,13.04,67.7,8,1.5,90.1,4.099,-4.2,0,1,56868
2026-04-27T17:07:00,19.371590,-45.286575,-0.8,13.04,69.2,8,1.5,90.1,4.100,-4.2,0,1,56869
2026-04-27T17:07:29,19.372286,-45.284927,2.0,12.57,69.6,8,1.5,89.7,4.102,-4.2,0,1,56870
2026-04-27T17:07:58,19.372950,-45.283192,1.7,13.91,70.1,8,1.5,90.1,4.099,-4.2,0,1,56871
2026-04-27T17:08:27,19.373554,-45.281372,-7.1,13.64,72.9,8,1.5,90.1,4.099,-4.2,0,1,56872
2026-04-27T17:08:56,19.374241,-45.279602,-8.8,13.51,69.7,8,1.5,89.7,4.104,-4.2,0,1,56873
2026-04-27T17:09:25,19.374903,-45.277893,-7.6,12.77,76.7,8,1.5,89.9,4.100,-4.2,0,1,56874
2026-04-27T17:09:54,19.375578,-45.276196,-6.7,13.86,74.2,8,1.5,89.7,4.099,-4.2,0,1,56875
2026-04-27T17:10:23,19.376272,-45.274418,-8.1,13.95,72.0,8,1.5,89.9,4.097,2393.7,0,1,56876
2026-04-27T17:10:52,19.376989,-45.272766,-8.0,12.45,68.7,8,1.5,89.7,4.104,-4.2,0,1,56877
2026-04-27T17:11:21,19.377649,-45.271019,-7.6,12.66,76.9,7,2.2,89.7,4.099,-4.2,0,1,56878
2026-04-27T17:11:50,19.378311,-45.269253,-7.4,13.63,70.1,8,1.5,89.6,4.100,-4.4,0,1,56879
2026-04-27T17:12:19,19.378946,-45.267525,-13.5,13.74,69.9,8,1.5,89.6,4.099,-4.4,0,1,56880
2026-04-27T17:12:48,19.379648,-45.265766,-22.2,14.28,65.7,8,1.4,89.6,4.097,-4.4,0,1,56881
2026-04-27T17:13:17,19.380337,-45.264050,-20.1,12.01,66.8,7,1.5,89.7,4.100,-4.2,0,1,56882
2026-04-27T17:13:46,19.381029,-45.262302,-21.7,11.99,70.6,7,1.5,89.7,4.102,-4.2,0,1,56883
2026-04-27T17:14:15,19.381697,-45.260590,-23.4,11.34,65.5,6,1.7,89.7,4.096,-4.2,0,1,56884
2026-04-27T17:14:44,19.382374,-45.258842,-26.8,11.98,60.7,7,1.5,89.6,4.097,-4.4,0,1,56885
2026-04-27T17:15:13,19.382961,-45.256992,-35.9,12.74,69.4,7,1.5,89.6,4.099,-4.4,0,1,56886
2026-04-27T17:15:42,19.383564,-45.255253,-44.8,13.56,72.5,7,1.5,89.4,4.097,-4.2,0,1,56887
2026-04-27T17:16:11,19.384180,-45.253563,-53.0,13.41,70.6,7,1.5,89.6,4.097,-4.4,0,1,56888
2026-04-27T17:16:40,19.384848,-45.251781,-60.2,12.73,68.0,7,1.5,89.4,4.096,2381.0,0,1,56889
2026-04-27T17:17:09,19.385639,-45.250072,-66.7,13.14,65.9,7,1.5,89.3,4.100,-4.2,0,1,56890
2026-04-27T17:17:38,19.386322,-45.248398,-54.3,12.13,67.9,9,1.3,89.4,4.096,-4.2,0,1,56891
2026-04-27T17:18:07,19.386921,-45.246658,-42.7,13.82,67.4,9,1.3,89.4,4.096,-4.2,0,1,56892
2026-04-27T17:18:36,19.387699,-45.244987,-41.0,13.51,68.7,8,1.6,89.6,4.095,-4.4,0,1,56893
2026-04-27T17:19:05,19.388508,-45.243336,-33.3,13.89,61.7,9,1.3,89.4,4.096,-4.2,0,1,56894
2026-04-27T17:19:34,19.389294,-45.241695,-23.4,12.51,62.1,8,1.4,89.3,4.099,-4.2,0,1,56895
2026-04-27T17:20:03,19.390017,-45.239986,-14.7,13.32,72.7,8,1.4,89.4,4.096,-4.2,0,1,56896
2026-04-27T17:20:32,19.390738,-45.238266,-15.8,13.42,66.7,9,1.3,89.4,4.095,-4.2,0,1,56897
2026-04-27T17:21:01,19.391378,-45.236557,-5.7,13.01,67.0,8,1.3,89.3,4.094,-4.2,0,1,56898
2026-04-27T17:21:30,19.392082,-45.234829,-1.0,12.99,66.6,8,1.6,89.3,4.097,-4.2,0,1,56899
2026-04-27T17:21:59,19.392818,-45.233078,4.7,12.82,65.3,8,1.6,89.3,4.096,-4.2,0,1,56900
2026-04-27T17:22:28,19.393539,-45.231354,4.0,13.26,69.7,8,1.6,89.4,4.095,-4.2,0,1,56901
2026-04-27T17:22:57,19.394199,-45.229622,0.9,13.27,70.1,9,1.3,89.4,4.097,-4.2,0,1,56902
2026-04-27T17:23:26,19.394905,-45.227875,0.2,12.70,63.3,8,1.6,89.1,4.100,-4.2,0,1,56903
2026-04-27T17:23:55,19.395628,-45.226154,0.9,13.07,68.9,8,1.6,89.3,4.095,-4.2,0,1,56904
2026-04-27T17:24:24,19.396292,-45.224400,1.8,14.46,63.4,8,1.6,89.1,4.099,-4.2,0,1,56905
2026-04-27T17:24:53,19.396912,-45.222645,-5.2,12.77,67.8,9,1.2,89.3,4.095,-4.2,0,1,56906
2026-04-27T17:25:22,19.397573,-45.220898,-6.5,14.18,71.2,9,1.2,89.0,4.100,-4.4,0,1,56907
2026-04-27T17:25:51,19.398289,-45.219158,-7.3,13.60,71.6,8,1.6,89.0,4.096,-4.4,0,1,56908
2026-04-27T17:26:20,19.399019,-45.217468,-2.2,14.00,69.3,8,1.6,89.1,4.093,-4.2,0,1,56909
2026-04-27T17:26:49,19.399693,-45.215694,-3.1,13.43,65.3,7,1.7,89.1,4.093,-4.2,0,1,56910
2026-04-27T17:27:18,19.400354,-45.213936,-5.1,13.62,65.2,9,1.2,89.0,4.094,-4.4,0,1,56911
2026-04-27T17:27:47,19.401058,-45.212185,-9.7,14.11,70.3,9,1.2,89.1,4.093,-4.2,0,1,56912
2026-04-27T17:28:16,19.401810,-45.210484,-12.1,12.76,64.5,8,1.3,89.0,4.096,2368.3,0,1,56913
2026-04-27T17:28:45,19.402441,-45.208710,-11.0,13.14,73.9,7,1.7,89.0,4.090,-4.4,0,1,56914
2026-04-27T17:29:14,19.403105,-45.206997,-11.9,13.18,64.2,8,1.5,88.8,4.093,-4.2,0,1,56915
2026-04-27T17:29:43,19.403799,-45.205250,-11.8,13.51,71.7,8,1.5,89.0,4.096,-4.4,0,1,56916
2026-04-27T17:30:12,19.404558,-45.203556,-11.1,13.32,60.9,7,1.7,89.0,4.096,-4.4,0,1,56917
2026-04-27T17:30:41,19.405191,-45.201778,-9.4,13.39,63.8,9,1.2,88.8,4.091,-4.2,0,1,56918
2026-04-27T17:31:10,19.405893,-45.200066,-14.2,14.18,70.6,9,1.2,88.6,4.096,-4.2,0,1,56919
2026-04-27T17:31:39,19.406504,-45.198353,-20.8,13.48,66.0,8,1.5,88.8,4.091,-4.2,0,1,56920
2026-04-27T17:32:08,19.407196,-45.196644,-22.8,13.73,61.0,9,1.2,88.8,4.090,-4.2,0,1,56921
2026-04-27T17:32:37,19.407898,-45.194942,-25.3,13.06,67.1,9,1.2,88.8,4.090,-4.2,0,1,56922
2026-04-27T17:33:06,19.408627,-45.193241,-36.9,12.44,68.4,9,1.2,88.6,4.091,-4.2,0,1,56923
2026-04-27T17:33:35,19.409399,-45.191502,-37.9,13.60,64.2,8,1.5,89.0,4.090,-4.4,0,1,56924
2026-04-27T17:34:04,19.410055,-45.189751,-35.3,12.97,61.8,9,1.1,88.5,4.091,-3.7,0,1,56925
2026-04-27T17:34:33,19.410704,-45.188011,-26.9,12.94,63.9,8,1.5,88.8,4.091,-4.2,0,1,56926
2026-04-27T17:35:02,19.411484,-45.186283,-31.1,13.56,61.4,9,1.1,88.5,4.090,-3.7,0,1,56927
2026-04-27T17:35:31,19.412258,-45.184563,-27.9,13.00,63.0,8,1.2,88.6,4.093,-4.2,0,1,56928
2026-04-27T17:36:00,19.412834,-45.182751,-24.0,13.46,75.1,9,1.1,88.6,4.090,-4.2,0,1,56929
2026-04-27T17:36:29,19.413664,-45.181049,-24.8,13.18,62.2,8,1.4,88.2,4.090,-3.7,0,1,56930
2026-04-27T17:36:58,19.414328,-45.179321,-14.0,14.12,66.7,8,1.2,88.5,4.090,-3.7,0,1,56931
2026-04-27T17:37:27,19.414930,-45.177486,-24.9,13.10,64.4,8,1.5,88.5,4.089,-3.7,0,1,56932
2026-04-27T17:37:56,19.415649,-45.175873,-15.4,12.09,64.1,8,1.2,88.4,4.093,-4.0,0,1,56933
2026-04-27T17:38:25,19.416380,-45.174187,-11.4,12.99,58.7,8,1.5,88.2,4.088,-3.7,0,1,56934
2026-04-27T17:38:54,19.417080,-45.172443,-16.9,12.66,63.2,8,1.5,88.5,4.089,-3.7,0,1,56935
2026-04-27T17:39:23,19.417696,-45.170662,-12.4,13.39,65.6,8,1.5,88.2,4.088,-3.7,0,1,56936
2026-04-27T17:39:52,19.418430,-45.168991,-7.3,13.35,61.3,7,1.6,88.5,4.093,-3.7,0,1,56937
2026-04-27T17:40:21,19.419098,-45.167233,-8.4,12.62,67.0,9,1.1,88.5,4.084,-3.7,0,1,56938
2026-04-27T17:40:50,19.419737,-45.165516,-3.1,12.85,75.0,8,1.5,88.4,4.090,-4.0,0,1,56939
2026-04-27T17:41:19,19.420469,-45.163818,-1.1,13.30,63.0,9,1.1,88.4,4.088,-4.0,0,1,56940
2026-04-27T17:41:48,19.421169,-45.162067,-6.6,12.76,70.3,8,1.5,88.6,4.086,-4.2,0,1,56941
2026-04-27T17:42:17,19.421804,-45.160347,-3.9,13.76,57.6,7,1.5,88.4,4.093,2352.3,0,1,56942
2026-04-27T17:42:46,19.422497,-45.158638,-11.8,14.23,67.9,8,1.5,88.5,4.089,-3.7,0,1,56943
2026-04-27T17:43:15,19.423182,-45.156872,-8.9,13.30,65.9,8,1.4,88.2,4.088,-3.7,0,1,56944
2026-04-27T17:43:44,19.423849,-45.155220,-6.8,12.48,68.4,8,1.4,88.2,4.086,-3.7,0,1,56945
2026-04-27T17:44:13,19.424549,-45.153484,-9.9,14.00,64.4,8,1.4,88.2,4.089,-3.7,0,1,56946
2026-04-27T17:44:42,19.425220,-45.151779,-14.9,13.34,64.3,9,1.3,88.5,4.082,-3.7,0,1,56947
2026-04-27T17:45:11,19.425812,-45.150051,-6.6,12.99,69.8,7,1.5,88.2,4.086,-3.7,0,1,56948
2026-04-27T17:45:40,19.426483,-45.148365,-6.3,12.96,58.2,5,1.7,88.2,4.090,-3.7,0,1,56949
2026-04-27T17:46:09,19.427126,-45.146633,-3.5,13.29,65.4,6,1.6,88.4,4.090,-4.0,0,1,56950
2026-04-27T17:46:38,19.427795,-45.144932,1.9,12.72,71.8,6,1.6,88.2,4.088,-3.7,0,1,56951
2026-04-27T17:47:07,19.428503,-45.143208,8.0,13.95,68.9,7,1.5,88.1,4.088,-4.0,0,1,56952
2026-04-27T17:47:36,19.429211,-45.141521,22.4,12.95,70.9,6,1.6,88.1,4.085,-4.0,0,1,56953
2026-04-27T17:48:05,19.429914,-45.139847,21.6,12.33,59.1,6,1.6,88.1,4.085,-4.0,0,1,56954
2026-04-27T17:48:34,19.430571,-45.138130,20.6,13.24,69.1,5,1.8,88.1,4.082,-4.0,0,1,56955
2026-04-27T17:49:03,19.431282,-45.136444,23.2,12.88,68.8,6,1.6,88.4,4.089,-4.0,0,1,56956
2026-04-27T17:49:32,19.431953,-45.134716,22.1,13.34,66.0,6,1.6,88.2,4.084,-3.7,0,1,56957
2026-04-27T17:50:01,19.432638,-45.132988,20.5,13.26,66.5,7,1.5,88.1,4.085,-4.0,0,1,56958
2026-04-27T17:50:30,19.433310,-45.131256,11.9,13.31,64.5,7,1.5,88.1,4.085,-4.0,0,1,56959
2026-04-27T17:50:59,19.433977,-45.129517,1.7,13.19,68.2,7,1.5,88.1,4.084,-4.0,0,1,56960
2026-04-27T17:51:28,19.434666,-45.127781,-7.9,13.24,70.6,7,1.5,87.9,4.086,-3.7,0,1,56961
2026-04-27T17:51:57,19.435324,-45.126053,-5.0,13.15,64.7,7,1.5,87.6,4.084,-4.0,0,1,56962
2026-04-27T17:52:26,19.435944,-45.124302,-7.8,13.53,70.2,8,1.4,87.9,4.085,-3.7,0,1,56963
2026-04-27T17:52:55,19.436527,-45.122513,-2.7,13.17,66.8,8,1.4,87.9,4.088,-3.7,0,1,56964
2026-04-27T17:53:24,19.437271,-45.120831,5.2,12.65,62.3,8,1.5,88.1,4.085,-4.0,0,1,56965
2026-04-27T17:53:53,19.437925,-45.119156,10.6,12.72,65.5,8,1.4,87.9,4.081,-3.7,0,1,56966
2026-04-27T17:54:22,19.438475,-45.117348,-2.5,12.44,75.5,8,1.5,87.9,4.084,-3.7,0,1,56967
2026-04-27T17:54:51,19.439123,-45.115555,-4.8,12.56,63.9,9,1.4,87.9,4.082,-3.7,0,1,56968
2026-04-27T17:55:20,19.439882,-45.113857,-9.6,12.12,62.4,9,1.4,88.1,4.081,-4.0,0,1,56969
2026-04-27T17:55:49,19.440628,-45.112206,-7.9,13.41,69.3,9,1.4,87.8,4.082,-3.7,0,1,56970
2026-04-27T17:56:18,19.441231,-45.110474,-15.2,13.75,73.6,9,1.4,87.9,4.082,-3.7,0,1,56971
2026-04-27T17:56:47,19.441919,-45.108734,-4.8,13.53,69.0,8,1.4,88.1,4.089,-4.0,0,1,56972
2026-04-27T17:57:16,19.442640,-45.107105,-11.1,13.17,66.5,9,1.4,87.6,4.082,-4.0,0,1,56973
2026-04-27T17:57:45,19.443319,-45.105331,-7.6,12.61,63.3,8,1.6,87.8,4.085,-3.7,0,1,56974
2026-04-27T17:58:14,19.444031,-45.103596,-7.3,12.55,68.0,9,1.4,87.6,4.079,-4.0,0,1,56975
2026-04-27T17:58:43,19.444725,-45.101845,-1.6,13.48,66.2,9,1.4,87.5,4.084,-3.7,0,1,56976
2026-04-27T17:59:12,19.445446,-45.100117,3.0,13.70,64.0,9,1.4,87.9,4.081,-3.7,0,1,56977
2026-04-27T17:59:41,19.446148,-45.098389,2.0,13.46,71.9,8,1.5,87.6,4.081,-4.0,0,1,56978
2026-04-27T18:00:10,19.446825,-45.096653,-4.0,13.17,65.4,9,1.4,87.8,4.079,-3.7,0,1,56979
2026-04-27T18:00:39,19.447544,-45.094925,-6.6,13.43,67.8,7,1.8,87.8,4.086,-3.7,0,1,56980
2026-04-27T18:01:08,19.448215,-45.093182,-10.6,12.69,66.3,9,1.4,87.5,4.079,-3.7,0,1,56981
2026-04-27T18:01:37,19.448902,-45.091484,-15.1,13.55,63.2,9,1.4,87.5,4.081,-3.7,0,1,56982
2026-04-27T18:02:06,19.449598,-45.089756,-12.1,13.08,68.2,9,1.4,87.5,4.081,-3.7,0,1,56983
2026-04-27T18:02:35,19.450249,-45.087986,-3.8,13.30,78.6,9,1.4,87.5,4.080,-3.7,0,1,56984
2026-04-27T18:03:04,19.450975,-45.086315,0.0,12.94,66.5,9,1.4,87.6,4.080,-4.0,0,1,56985
2026-04-27T18:03:33,19.451605,-45.084606,-2.1,13.43,68.2,8,1.6,87.4,4.084,-3.7,0,1,56986
2026-04-27T18:04:02,19.452387,-45.082890,-0.9,12.91,64.9,9,1.4,87.2,4.081,-4.0,0,1,56987
2026-04-27T18:04:31,19.453049,-45.081127,-0.8,13.25,64.7,8,1.4,87.6,4.085,-4.0,0,1,56988
2026-04-27T18:05:00,19.453728,-45.079418,-7.3,12.44,67.8,8,1.4,87.5,4.080,-3.7,0,1,56989
2026-04-27T18:05:29,19.454424,-45.077694,1.7,13.19,64.3,7,1.8,87.4,4.081,-3.7,0,1,56990
2026-04-27T18:05:58,19.455074,-45.076008,-2.7,13.07,67.1,9,1.4,87.5,4.080,-3.7,0,1,56991
2026-04-27T18:06:27,19.455776,-45.074261,-4.9,12.49,72.9,9,1.4,87.5,4.079,-3.7,0,1,56992
2026-04-27T18:06:56,19.456499,-45.072605,4.9,13.26,70.3,8,1.4,87.4,4.077,-3.7,0,1,56993
2026-04-27T18:07:25,19.457205,-45.070847,6.9,13.68,68.5,7,1.8,87.4,4.081,-3.7,0,1,56994
2026-04-27T18:07:54,19.457788,-45.069088,12.5,12.69,65.4,7,1.8,87.5,4.079,-3.7,0,1,56995
2026-04-27T18:08:23,19.458416,-45.067352,15.8,14.33,73.6,8,1.7,87.5,4.079,-3.7,0,1,56996
2026-04-27T18:08:52,19.459087,-45.065624,8.4,13.11,65.6,8,1.7,87.5,4.079,-3.7,0,1,56997
2026-04-27T18:09:21,19.459768,-45.063896,5.5,12.04,65.5,7,1.9,87.2,4.082,-4.0,0,1,56998
2026-04-27T18:09:50,19.460426,-45.062172,6.2,13.25,66.7,8,1.8,87.1,4.077,-3.7,0,1,56999
2026-04-27T18:10:19,19.461050,-45.060444,4.0,12.12,67.4,7,1.9,87.2,4.076,-4.0,0,1,57000
2026-04-27T18:10:48,19.461720,-45.058712,7.6,12.91,68.0,7,1.9,87.4,4.079,-3.7,0,1,57001
2026-04-27T18:11:17,19.462389,-45.057007,8.2,12.58,71.9,9,1.4,87.2,4.079,-4.0,0,1,57002
2026-04-27T18:11:46,19.463072,-45.055294,8.7,13.38,65.8,7,1.9,87.2,4.081,-4.0,0,1,57003
2026-04-27T18:12:15,19.463816,-45.053589,8.1,13.52,61.5,8,1.4,87.1,4.077,-3.7,0,1,57004
2026-04-27T18:12:44,19.464499,-45.051838,4.4,13.04,71.0,6,1.9,87.2,4.077,-4.0,0,1,57005
2026-04-27T18:13:13,19.465143,-45.050114,6.8,12.50,64.4,8,1.4,87.1,4.076,-3.7,0,1,57006
2026-04-27T18:13:42,19.465830,-45.048420,4.5,11.95,66.8,9,1.4,87.1,4.076,-3.7,0,1,57007
2026-04-27T18:14:11,19.466553,-45.046715,3.5,13.30,63.1,8,1.8,87.1,4.077,-3.7,0,1,57008
2026-04-27T18:14:40,19.467209,-45.045071,3.9,12.29,65.6,10,1.2,87.1,4.075,-3.7,0,1,57009
2026-04-27T18:15:09,19.467985,-45.043346,-1.4,12.59,58.8,10,1.2,87.2,4.076,-4.0,0,1,57010
2026-04-27T18:15:38,19.468668,-45.041653,0.7,14.31,63.4,9,1.5,87.2,4.075,-4.0,0,1,57011
2026-04-27T18:16:07,19.469357,-45.039948,3.6,12.84,69.1,9,1.5,87.2,4.074,-4.0,0,1,57012
2026-04-27T18:16:36,19.470037,-45.038250,3.2,12.69,63.0,9,1.5,87.1,4.076,-3.7,0,1,57013
2026-04-27T18:17:05,19.470703,-45.036530,2.9,13.03,69.1,8,1.6,86.9,4.080,-4.0,0,1,57014
2026-04-27T18:17:34,19.471392,-45.034798,-0.1,12.41,69.1,9,1.5,87.1,4.076,-3.7,0,1,57015
2026-04-27T18:18:03,19.472050,-45.033100,1.6,12.67,69.7,9,1.5,86.8,4.076,-3.7,0,1,57016
2026-04-27T18:18:32,19.472729,-45.031456,4.3,11.66,62.5,9,1.5,87.1,4.077,-3.7,0,1,57017
2026-04-27T18:19:01,19.473345,-45.029778,-7.8,13.43,69.3,9,1.5,87.1,4.079,-3.7,0,1,57018
2026-04-27T18:19:30,19.474060,-45.028076,1.0,12.87,68.8,10,1.2,86.9,4.074,-4.0,0,1,57019
2026-04-27T18:19:59,19.474737,-45.026382,3.1,13.15,68.9,8,1.6,87.1,4.080,-3.7,0,1,57020
2026-04-27T18:20:28,19.475367,-45.024601,7.2,12.57,69.7,9,1.6,86.9,4.075,2314.0,0,1,57021
2026-04-27T18:20:57,19.475964,-45.022881,3.3,12.97,73.8,10,1.2,86.9,4.075,-4.0,0,1,57022
2026-04-27T18:21:26,19.476679,-45.021198,5.0,12.40,65.8,11,1.2,86.6,4.074,-3.7,0,1,57023
2026-04-27T18:21:55,19.477257,-45.019424,4.5,12.45,70.2,10,1.6,86.6,4.079,-3.7,0,1,57024
2026-04-27T18:22:24,19.477959,-45.017765,6.4,12.81,68.3,11,1.2,87.1,4.075,-3.7,0,1,57025
2026-04-27T18:22:53,19.478634,-45.016026,8.0,12.79,68.8,10,1.6,86.9,4.075,-4.0,0,1,57026
2026-04-27T18:23:22,19.479340,-45.014290,15.6,12.67,66.0,11,1.2,86.8,4.073,-3.7,0,1,57027
2026-04-27T18:23:51,19.479992,-45.012627,5.1,12.93,66.5,10,1.2,86.8,4.076,-3.7,0,1,57028
2026-04-27T18:24:20,19.480642,-45.010830,2.9,12.92,69.7,10,1.2,86.6,4.077,-3.7,0,1,57029
2026-04-27T18:24:49,19.481316,-45.009071,4.8,13.19,70.0,9,1.2,86.9,4.077,-4.0,0,1,57030
2026-04-27T18:25:18,19.482155,-45.007378,10.5,12.60,64.3,8,1.7,86.6,4.074,-3.7,0,1,57031
2026-04-27T18:25:47,19.482845,-45.005630,9.9,13.01,78.7,8,2.2,86.6,4.073,-3.7,0,1,57032
2026-04-27T18:26:16,19.483580,-45.003983,19.7,13.16,59.1,9,1.4,86.6,4.076,-3.7,0,1,57033
2026-04-27T18:26:45,19.484257,-45.002262,16.9,11.81,66.2,8,2.2,86.6,4.073,-3.7,0,1,57034
2026-04-27T18:27:14,19.484940,-45.000549,13.3,12.74,68.7,9,1.7,86.6,4.074,-3.7,0,1,57035
2026-04-27T18:27:43,19.485657,-44.998878,24.1,12.25,64.5,9,1.7,86.6,4.073,-3.7,0,1,57036
2026-04-27T18:28:12,19.486269,-44.997101,17.2,13.71,70.3,8,2.3,86.5,4.076,-4.0,0,1,57037
2026-04-27T18:28:41,19.486900,-44.995403,12.3,12.34,67.6,9,1.4,86.8,4.073,-3.7,0,1,57038
2026-04-27T18:29:10,19.487486,-44.993637,3.0,12.76,68.7,8,2.3,86.3,4.073,-3.7,0,1,57039
2026-04-27T18:29:39,19.488140,-44.991940,6.9,13.38,66.1,8,2.3,86.5,4.071,-4.0,0,1,57040
2026-04-27T18:30:08,19.488907,-44.990234,13.1,12.57,70.7,9,1.7,86.5,4.071,-4.0,0,1,57041
2026-04-27T18:30:37,19.489603,-44.988491,7.1,12.97,69.3,8,2.3,86.3,4.071,-3.7,0,1,57042
2026-04-27T18:31:06,19.490265,-44.986839,12.9,12.52,68.9,8,2.3,86.6,4.071,-3.7,0,1,57043
2026-04-27T18:31:35,19.490929,-44.985092,11.8,13.93,72.1,8,2.3,86.5,4.071,-4.0,0,1,57044
2026-04-27T18:32:04,19.491554,-44.983330,0.9,13.26,72.2,9,1.8,86.5,4.071,-4.0,0,1,57045
2026-04-27T18:32:33,19.492195,-44.981609,8.5,12.81,72.9,9,1.8,86.5,4.071,-4.0,0,1,57046
2026-04-27T18:33:02,19.492994,-44.979919,7.8,12.39,59.3,10,1.2,86.2,4.070,-3.7,0,1,57047
2026-04-27T18:33:31,19.493687,-44.978214,7.9,13.25,61.6,9,1.8,86.3,4.070,-3.7,0,1,57048
2026-04-27T18:34:00,19.494364,-44.976452,3.1,13.73,59.7,8,2.4,86.5,4.073,-4.0,0,1,57049
2026-04-27T18:34:29,19.495003,-44.974773,-5.8,12.90,74.7,10,1.2,86.2,4.070,-3.7,0,1,57050
2026-04-27T18:34:58,19.495609,-44.972992,-8.0,13.79,65.8,10,1.2,86.3,4.071,-3.7,0,1,57051
2026-04-27T18:35:27,19.496284,-44.971283,-9.1,14.05,66.4,9,1.8,86.3,4.070,-3.7,0,1,57052
2026-04-27T18:35:56,19.496979,-44.969559,-10.6,12.52,63.8,9,1.8,86.3,4.070,-3.7,0,1,57053
2026-04-27T18:36:25,19.497646,-44.967834,-17.7,13.43,67.3,9,1.8,86.3,4.070,-3.7,0,1,57054
2026-04-27T18:36:54,19.498356,-44.966087,-18.1,13.86,73.5,9,1.8,86.1,4.070,-4.0,0,1,57055
2026-04-27T18:37:23,19.499020,-44.964375,-8.6,11.84,65.6,7,2.1,86.3,4.073,-3.7,0,1,57056
2026-04-27T18:37:52,19.499681,-44.962708,-11.3,12.46,75.0,9,1.8,86.3,4.070,-3.7,0,1,57057
2026-04-27T18:38:21,19.500565,-44.961060,-11.4,12.77,58.5,9,1.8,85.9,4.071,-3.7,0,1,57058
2026-04-27T18:38:50,19.501080,-44.959248,-11.5,13.53,75.7,9,1.8,86.3,4.068,-3.7,0,1,57059
2026-04-27T18:39:19,19.501831,-44.957531,-1.6,13.58,66.4,9,1.8,86.2,4.066,-3.7,0,1,57060
2026-04-27T18:39:48,19.502535,-44.955811,-1.0,12.12,69.0,8,2.5,86.2,4.066,-3.7,0,1,57061
2026-04-27T18:40:17,19.503279,-44.954132,0.0,13.54,66.6,9,1.8,86.2,4.068,-3.7,0,1,57062
2026-04-27T18:40:46,19.504004,-44.952435,11.0,13.01,69.7,7,2.5,85.9,4.069,-3.7,0,1,57063
2026-04-27T18:41:15,19.504642,-44.950726,15.3,12.62,71.0,7,2.5,86.1,4.066,-4.0,0,1,57064
2026-04-27T18:41:44,19.505335,-44.948990,9.8,12.99,67.7,8,1.9,85.9,4.069,-3.7,0,1,57065
2026-04-27T18:42:13,19.506071,-44.947311,15.3,13.06,66.7,7,2.5,86.2,4.074,-3.7,0,1,57066
2026-04-27T18:42:42,19.506697,-44.945591,3.0,13.24,70.8,8,1.9,85.9,4.064,-3.7,0,1,57067
2026-04-27T18:43:11,19.507404,-44.943909,21.7,12.44,60.3,7,2.5,86.2,4.068,-3.7,0,1,57068
2026-04-27T18:43:40,19.508028,-44.942162,6.6,12.26,66.4,7,1.9,86.2,4.066,-3.7,0,1,57069
2026-04-27T18:44:09,19.508705,-44.940449,2.2,13.73,66.0,8,1.9,85.9,4.069,-3.7,0,1,57070
2026-04-27T18:44:38,19.509285,-44.938763,4.8,13.39,65.2,7,2.5,86.3,4.066,-3.7,0,1,57071
2026-04-27T18:45:07,19.509991,-44.937077,7.9,12.93,65.9,6,2.5,85.9,4.071,-3.7,0,1,57072
2026-04-27T18:45:36,19.510738,-44.935425,6.4,12.50,67.2,7,2.5,85.8,4.066,-4.0,0,1,57073
2026-04-27T18:46:05,19.511402,-44.933681,0.0,12.39,62.7,8,1.3,85.8,4.066,-4.0,0,1,57074
2026-04-27T18:46:34,19.512035,-44.931988,0.9,13.65,67.0,6,2.7,85.8,4.066,-4.0,0,1,57075
2026-04-27T18:47:03,19.512665,-44.930191,6.9,12.97,69.8,6,2.6,86.1,4.069,-4.0,0,1,57076
2026-04-27T18:47:32,19.513342,-44.928570,10.6,12.21,67.3,6,2.6,86.2,4.066,-3.7,0,1,57077
2026-04-27T18:48:01,19.514015,-44.926804,3.8,12.93,63.0,5,2.8,85.9,4.065,-3.7,0,1,57078
2026-04-27T18:48:30,19.514650,-44.925087,4.1,13.86,74.8,6,2.6,85.8,4.066,-4.0,0,1,57079
2026-04-27T18:48:59,19.515327,-44.923416,8.6,11.96,63.1,6,2.6,85.9,4.065,-3.7,0,1,57080
2026-04-27T18:49:28,19.516058,-44.921745,7.0,13.33,70.5,7,2.4,85.8,4.061,-4.0,0,1,57081
2026-04-27T18:49:57,19.516752,-44.920036,-1.1,13.31,68.2,6,2.6,85.8,4.066,-4.0,0,1,57082
2026-04-27T18:50:26,19.517258,-44.918312,2.0,14.19,76.7,6,2.6,85.9,4.064,-3.7,0,1,57083
2026-04-27T18:50:55,19.517910,-44.916584,4.1,12.86,57.0,5,2.8,85.5,4.064,-3.7,0,1,57084
2026-04-27T18:51:24,19.518574,-44.914875,-4.8,12.41,62.6,6,2.6,85.9,4.066,-3.7,0,1,57085
2026-04-27T18:51:53,19.519188,-44.913147,-6.7,13.09,67.1,6,2.6,85.8,4.064,-4.0,0,1,57086
2026-04-27T18:52:22,19.519833,-44.911427,-6.9,13.00,68.4,6,2.6,85.9,4.064,-3.7,0,1,57087
2026-04-27T18:52:51,19.520449,-44.909748,-7.6,12.86,64.9,5,2.8,85.6,4.064,-3.7,0,1,57088
2026-04-27T18:53:20,19.521248,-44.908104,-3.9,13.74,55.8,6,2.6,85.3,4.065,-4.0,0,1,57089
2026-04-27T18:53:49,19.521898,-44.906433,-1.7,12.63,60.3,6,2.5,85.8,4.061,-4.0,0,1,57090
2026-04-27T18:54:18,19.522505,-44.904728,-6.8,13.78,73.6,6,2.6,85.6,4.065,-3.7,0,1,57091
2026-04-27T18:54:47,19.523228,-44.902985,-11.8,12.70,69.6,7,2.2,85.5,4.065,-3.7,0,1,57092
2026-04-27T18:55:16,19.523897,-44.901306,-18.4,13.50,68.6,8,1.9,85.5,4.064,-3.7,0,1,57093
2026-04-27T18:55:45,19.524496,-44.899605,-17.1,13.02,70.8,8,2.2,85.3,4.062,-4.0,0,1,57094
2026-04-27T18:56:14,19.525160,-44.897919,-18.0,13.01,68.5,8,2.2,85.3,4.065,-4.0,0,1,57095
2026-04-27T18:56:43,19.525812,-44.896191,-17.8,12.75,72.3,8,2.2,85.5,4.066,-3.7,0,1,57096
2026-04-27T18:57:12,19.526590,-44.894501,-27.3,13.52,69.6,9,1.7,85.3,4.060,-4.0,0,1,57097
2026-04-27T18:57:41,19.527300,-44.892792,-34.0,13.15,59.7,8,1.9,85.3,4.062,-4.0,0,1,57098
2026-04-27T18:58:10,19.527948,-44.891068,-25.0,13.30,71.8,8,1.9,85.3,4.062,-4.0,0,1,57099
2026-04-27T18:58:39,19.528585,-44.889332,-18.8,12.48,66.0,9,1.7,85.3,4.062,-4.0,0,1,57100
2026-04-27T18:59:08,19.529297,-44.887680,-20.8,12.73,68.9,8,2.1,85.3,4.062,-4.0,0,1,57101
2026-04-27T18:59:37,19.530025,-44.885929,-24.1,12.81,63.5,9,1.7,85.5,4.061,-3.7,0,1,57102
2026-04-27T19:00:06,19.530729,-44.884197,-19.6,13.11,71.3,9,1.7,85.3,4.064,-4.0,0,1,57103
2026-04-27T19:00:35,19.531504,-44.882530,-14.4,13.35,71.0,8,2.0,85.2,4.064,-3.7,0,1,57104
2026-04-27T19:01:04,19.532227,-44.880901,1.3,13.40,57.3,8,1.9,85.3,4.060,-4.0,0,1,57105
2026-04-27T19:01:33,19.532722,-44.879162,0.3,13.48,72.0,8,1.9,85.2,4.061,-3.7,0,1,57106
2026-04-27T19:02:02,19.533335,-44.877460,-3.8,13.16,68.9,9,1.6,85.5,4.061,2275.9,0,1,57107
2026-04-27T19:02:31,19.534220,-44.875816,1.1,13.35,58.9,8,1.9,85.2,4.061,-3.7,0,1,57108
2026-04-27T19:03:00,19.534807,-44.874096,-0.8,13.73,57.3,9,1.6,85.2,4.060,-3.7,0,1,57109
2026-04-27T19:03:29,19.535492,-44.872326,1.3,13.37,73.7,9,1.6,85.3,4.062,-4.0,0,1,57110
2026-04-27T19:03:58,19.536110,-44.870617,-2.7,14.04,65.8,9,1.6,85.3,4.062,-4.0,0,1,57111
2026-04-27T19:04:27,19.536808,-44.868881,-0.5,13.36,70.2,9,1.6,85.1,4.062,-3.7,0,1,57112
2026-04-27T19:04:56,19.537689,-44.867187,-18.7,12.83,69.3,9,1.6,85.2,4.060,-3.7,0,1,57113
2026-04-27T19:05:25,19.538324,-44.865429,-21.0,13.04,61.7,9,1.6,85.3,4.060,-4.0,0,1,57114
2026-04-27T19:05:54,19.538963,-44.863659,-28.6,12.61,72.4,8,1.9,85.2,4.060,-3.7,0,1,57115
2026-04-27T19:06:23,19.539703,-44.861923,-36.4,12.33,59.3,9,1.6,85.1,4.059,-3.7,0,1,57116
2026-04-27T19:06:52,19.540436,-44.860226,-40.7,13.06,53.8,8,1.9,85.2,4.064,-3.7,0,1,57117
2026-04-27T19:07:21,19.541002,-44.858459,-32.1,13.52,75.4,9,1.6,85.1,4.056,-3.7,0,1,57118
2026-04-27T19:07:50,19.541666,-44.856766,-20.6,13.82,76.5,9,1.6,85.1,4.057,-3.7,0,1,57119
2026-04-27T19:08:19,19.542423,-44.855160,-17.5,12.00,62.0,9,1.5,85.2,4.057,-3.7,0,1,57120
2026-04-27T19:08:48,19.543129,-44.853493,-17.4,13.07,70.2,7,1.9,85.1,4.062,-3.7,0,1,57121
2026-04-27T19:09:17,19.543850,-44.851730,-17.5,13.88,61.6,9,1.5,85.1,4.056,-3.7,0,1,57122
2026-04-27T19:09:46,19.544498,-44.850037,-20.1,12.10,62.9,9,1.5,84.8,4.059,-3.7,0,1,57123
2026-04-27T19:10:15,19.545189,-44.848331,-23.8,13.22,63.1,8,1.6,85.1,4.061,-3.7,0,1,57124
2026-04-27T19:10:44,19.545872,-44.846577,-21.9,13.13,64.0,9,1.5,84.9,4.057,-4.0,0,1,57125
2026-04-27T19:11:13,19.546576,-44.844929,-20.8,12.28,63.5,8,1.8,84.9,4.061,-4.0,0,1,57126
2026-04-27T19:11:42,19.547215,-44.843178,-22.3,12.51,67.0,8,1.8,84.8,4.057,-3.7,0,1,57127
2026-04-27T19:12:11,19.547838,-44.841442,-26.7,12.91,67.5,9,1.5,84.9,4.056,-4.0,0,1,57128
2026-04-27T19:12:40,19.548532,-44.839745,-28.5,12.81,64.4,7,3.3,84.9,4.061,-4.0,0,1,57129
2026-04-27T19:13:09,19.549152,-44.838001,-29.7,11.53,72.0,9,1.5,84.8,4.056,-3.7,0,1,57130
2026-04-27T19:13:38,19.549871,-44.836296,-27.2,13.58,64.7,8,1.8,85.1,4.060,-3.7,0,1,57131
2026-04-27T19:14:07,19.550476,-44.834606,-27.5,12.91,68.0,8,1.5,84.8,4.056,2256.8,0,1,57132
2026-04-27T19:14:36,19.551079,-44.832851,-25.1,12.77,63.9,8,1.5,84.8,4.056,-3.7,0,1,57133
2026-04-27T19:15:05,19.551813,-44.831192,-24.9,12.98,67.7,8,1.8,84.8,4.059,-3.7,0,1,57134
2026-04-27T19:15:34,19.552574,-44.829491,-22.8,12.40,65.0,7,1.8,85.1,4.057,-3.7,0,1,57135
2026-04-27T19:16:03,19.553108,-44.827740,-22.3,12.14,73.0,6,1.9,84.6,4.061,-4.0,0,1,57136
2026-04-27T19:16:32,19.553682,-44.825943,-29.7,12.12,69.7,9,1.4,84.6,4.055,-4.0,0,1,57137
2026-04-27T19:17:01,19.554520,-44.824310,-28.6,12.55,49.8,8,1.5,84.8,4.056,-3.7,0,1,57138
2026-04-27T19:17:30,19.555199,-44.822590,-35.7,13.76,69.4,9,1.4,84.6,4.056,-4.0,0,1,57139
2026-04-27T19:17:59,19.555843,-44.820812,-43.9,12.75,69.8,8,1.5,84.9,4.060,-4.0,0,1,57140
2026-04-27T19:18:28,19.556511,-44.819084,-50.3,12.44,64.0,9,1.4,84.6,4.052,-4.0,0,1,57141
2026-04-27T19:18:57,19.557177,-44.817352,-37.6,13.09,68.2,9,1.5,84.6,4.056,-4.0,0,1,57142
2026-04-27T19:19:26,19.557844,-44.815681,-18.3,13.20,70.5,10,1.4,84.6,4.052,-4.0,0,1,57143
2026-04-27T19:19:55,19.558523,-44.813976,-11.7,12.37,70.8,8,2.6,84.5,4.056,-3.7,0,1,57144
2026-04-27T19:20:24,19.559292,-44.812298,-9.8,13.48,63.0,10,1.4,84.5,4.056,-3.7,0,1,57145
2026-04-27T19:20:53,19.559935,-44.810589,-1.4,11.62,62.6,10,1.4,84.6,4.052,-4.0,0,1,57146
2026-04-27T19:21:22,19.560694,-44.808929,-4.5,12.89,68.3,10,1.3,84.6,4.055,-4.0,0,1,57147
2026-04-27T19:21:51,19.561537,-44.807228,0.2,12.85,64.5,9,1.6,84.6,4.056,-4.0,0,1,57148
2026-04-27T19:22:20,19.562218,-44.805531,-3.1,13.09,68.3,9,1.5,84.6,4.055,-4.0,0,1,57149
2026-04-27T19:22:49,19.562922,-44.803833,3.5,12.54,69.7,9,1.6,84.6,4.054,-4.0,0,1,57150
2026-04-27T19:23:18,19.563463,-44.802109,12.3,13.08,60.6,10,1.3,84.5,4.056,-3.7,0,1,57151
2026-04-27T19:23:47,19.564093,-44.800365,7.6,12.78,69.9,9,1.5,84.8,4.055,-3.7,0,1,57152
2026-04-27T19:24:16,19.564770,-44.798664,8.0,13.37,73.9,10,1.3,84.6,4.054,-4.0,0,1,57153
2026-04-27T19:24:45,19.565458,-44.796986,-1.6,12.35,65.5,10,1.3,84.5,4.052,-3.7,0,1,57154
2026-04-27T19:25:14,19.566078,-44.795242,-4.8,13.52,63.9,8,2.7,84.3,4.054,-3.7,0,1,57155
2026-04-27T19:25:43,19.566788,-44.793545,-7.1,13.08,66.7,8,1.5,84.3,4.055,-3.7,0,1,57156
2026-04-27T19:26:12,19.567490,-44.791870,-7.3,12.32,69.8,8,1.7,84.5,4.054,-3.7,0,1,57157
2026-04-27T19:26:41,19.568123,-44.790188,-5.3,11.99,71.0,9,1.5,84.3,4.054,-3.7,0,1,57158
2026-04-27T19:27:10,19.568878,-44.788513,-3.4,12.56,65.3,9,1.5,84.2,4.052,-4.4,0,1,57159
2026-04-27T19:27:39,19.569462,-44.786789,-13.4,12.92,70.5,10,1.3,84.6,4.051,-4.0,0,1,57160
2026-04-27T19:28:08,19.570143,-44.785118,-20.4,12.62,62.2,10,1.3,84.3,4.055,-3.7,0,1,57161
2026-04-27T19:28:37,19.570826,-44.783451,-26.4,13.04,64.0,9,1.3,84.5,4.054,2249.1,0,1,57162
2026-04-27T19:29:06,19.571424,-44.781746,-35.3,11.99,60.1,9,1.3,84.6,4.052,-4.0,0,1,57163
2026-04-27T19:29:35,19.572025,-44.780018,-34.1,13.19,75.9,9,1.3,84.2,4.054,-4.4,0,1,57164
2026-04-27T19:30:04,19.572742,-44.778339,-32.7,12.96,68.3,6,3.0,84.3,4.052,-3.7,0,1,57165
2026-04-27T19:30:33,19.573433,-44.776718,-24.7,12.70,70.1,7,1.7,84.5,4.051,-3.7,0,1,57166
2026-04-27T19:31:02,19.574118,-44.774994,-20.8,12.91,70.3,7,1.7,84.3,4.052,2245.4,0,1,57167
2026-04-27T19:31:31,19.574644,-44.773293,-27.2,13.17,75.7,6,2.3,84.0,4.050,-4.4,0,1,57168
2026-04-27T19:32:00,19.575453,-44.771633,-27.3,13.11,69.8,8,1.6,84.5,4.050,-3.7,0,1,57169
2026-04-27T19:32:29,19.576012,-44.769936,-16.9,12.22,70.7,9,1.5,84.3,4.050,-3.7,0,1,57170
2026-04-27T19:32:58,19.576736,-44.768295,-16.3,12.39,69.3,7,4.5,84.2,4.050,-4.4,0,1,57171
2026-04-27T19:33:27,19.577358,-44.766590,-20.4,12.57,72.7,7,2.8,84.0,4.050,-4.4,0,1,57172
2026-04-27T19:33:56,19.578085,-44.764996,-27.0,12.28,73.0,7,4.6,84.0,4.052,-4.4,0,1,57173
2026-04-27T19:34:25,19.578716,-44.763260,-22.0,12.62,83.3,8,1.5,84.2,4.052,-4.4,0,1,57174
2026-04-27T19:34:54,19.579451,-44.761658,-27.1,12.48,70.7,9,1.5,84.2,4.051,-4.4,0,1,57175
2026-04-27T19:35:23,19.580130,-44.759876,-20.0,12.89,60.5,7,4.8,84.0,4.052,-4.4,0,1,57176
2026-04-27T19:35:52,19.580759,-44.758133,-15.6,11.19,67.8,8,1.9,84.2,4.049,-4.4,0,1,57177
2026-04-27T19:36:21,19.581408,-44.756386,-14.7,12.99,64.7,9,1.4,84.2,4.050,-4.4,0,1,57178
2026-04-27T19:36:50,19.582104,-44.754696,-8.9,12.74,66.2,8,2.7,83.8,4.050,-4.4,0,1,57179
2026-04-27T19:37:19,19.582830,-44.753052,-13.0,12.96,60.4,9,1.4,84.0,4.049,-4.4,0,1,57180
2026-04-27T19:37:48,19.583506,-44.751320,-15.1,13.57,58.1,9,1.4,83.8,4.050,-4.4,0,1,57181
2026-04-27T19:38:17,19.584126,-44.749615,-14.9,11.82,75.0,9,1.4,84.0,4.049,-4.4,0,1,57182
2026-04-27T19:38:46,19.584799,-44.747887,-15.1,11.69,57.1,9,1.4,84.3,4.049,-3.7,0,1,57183
2026-04-27T19:39:15,19.585546,-44.746094,-5.3,13.13,66.1,9,1.4,84.0,4.051,-4.4,0,1,57184
2026-04-27T19:39:44,19.586201,-44.744446,-7.8,12.97,62.8,8,1.4,83.7,4.049,-4.4,0,1,57185
2026-04-27T19:40:13,19.586870,-44.742718,-5.2,13.10,71.1,9,1.4,83.8,4.049,-4.4,0,1,57186
2026-04-27T19:40:42,19.587418,-44.740917,-11.9,12.45,74.3,8,2.6,83.8,4.048,-4.4,0,1,57187
2026-04-27T19:41:11,19.588125,-44.739250,-14.9,13.68,66.5,9,1.4,83.7,4.048,-4.4,0,1,57188
2026-04-27T19:41:40,19.588684,-44.737473,-15.9,12.76,69.4,8,1.8,84.2,4.049,-4.4,0,1,57189
2026-04-27T19:42:09,19.589388,-44.735771,-21.1,12.93,70.2,9,1.4,83.8,4.049,-4.4,0,1,57190
2026-04-27T19:42:38,19.590023,-44.733986,-22.4,13.73,75.4,9,1.4,83.8,4.049,-4.4,0,1,57191
2026-04-27T19:43:07,19.590816,-44.732311,-22.9,12.50,68.3,8,2.5,83.7,4.048,-4.4,0,1,57192
2026-04-27T19:43:36,19.591450,-44.730572,-29.1,12.44,62.2,8,2.5,83.7,4.050,-4.4,0,1,57193
2026-04-27T19:44:05,19.592222,-44.728859,-34.6,14.13,70.0,7,5.3,83.5,4.050,-4.4,0,1,57194
2026-04-27T19:44:34,19.592936,-44.727154,-39.9,13.00,60.2,8,2.5,83.7,4.048,-4.4,0,1,57195
2026-04-27T19:45:03,19.593523,-44.725414,-34.9,11.64,63.2,7,2.5,83.8,4.048,-4.4,0,1,57196
2026-04-27T19:45:32,19.594213,-44.723732,-37.2,13.46,66.2,7,2.4,83.8,4.052,-4.4,0,1,57197
2026-04-27T19:46:01,19.594910,-44.722057,-34.9,12.77,72.1,7,1.8,83.7,4.046,-4.4,0,1,57198
2026-04-27T19:46:30,19.595613,-44.720356,-37.9,14.00,63.5,7,2.4,83.8,4.048,-4.4,0,1,57199
2026-04-27T19:46:59,19.596260,-44.718655,-39.4,13.61,69.3,6,2.1,83.5,4.050,-4.4,0,1,57200
2026-04-27T19:47:28,19.596918,-44.716873,-41.5,13.47,64.0,8,1.3,83.7,4.048,-4.4,0,1,57201
2026-04-27T19:47:57,19.597551,-44.715153,-44.0,13.38,65.3,7,2.4,83.5,4.046,-4.4,0,1,57202
2026-04-27T19:48:26,19.598425,-44.713551,-42.8,14.10,55.1,6,2.5,83.5,4.046,-4.4,0,1,57203
2026-04-27T19:48:55,19.599043,-44.711819,-42.1,13.69,66.5,8,1.3,83.5,4.048,-4.4,0,1,57204
2026-04-27T19:49:24,19.599716,-44.710079,-30.6,14.26,67.4,6,5.2,83.5,4.046,-4.4,0,1,57205
2026-04-27T19:49:53,19.600325,-44.708328,-32.0,13.50,70.6,7,1.8,83.5,4.045,-4.4,0,1,57206
2026-04-27T19:50:22,19.601067,-44.706650,-29.3,12.30,61.8,6,5.1,83.2,4.049,-4.2,0,1,57207
2026-04-27T19:50:51,19.601717,-44.704876,-27.6,13.52,64.9,7,2.3,83.7,4.046,-4.4,0,1,57208
2026-04-27T19:51:20,19.602396,-44.703186,-23.8,13.32,67.1,7,1.8,83.4,4.045,-4.4,0,1,57209
2026-04-27T19:51:49,19.603045,-44.701485,-23.6,12.53,68.4,8,1.3,83.5,4.045,-4.4,0,1,57210
2026-04-27T19:52:18,19.603668,-44.699711,-20.8,13.41,74.9,6,4.9,83.2,4.041,-4.2,0,1,57211
2026-04-27T19:52:47,19.604382,-44.698036,-20.3,13.06,59.0,8,1.2,83.4,4.048,-4.4,0,1,57212
2026-04-27T19:53:16,19.605049,-44.696281,-22.0,12.22,70.8,7,1.8,83.5,4.041,-4.4,0,1,57213
2026-04-27T19:53:45,19.605703,-44.694565,-27.6,12.09,68.1,7,1.8,83.4,4.044,2219.2,0,1,57214
2026-04-27T19:54:14,19.606407,-44.692848,-30.0,13.43,61.2,8,1.2,83.2,4.044,-4.2,0,1,57215
2026-04-27T19:54:43,19.607010,-44.691109,-33.8,13.53,68.0,6,4.7,83.4,4.044,-4.4,0,1,57216
2026-04-27T19:55:12,19.607719,-44.689430,-31.7,12.51,62.7,6,4.7,83.0,4.045,-4.4,0,1,57217
2026-04-27T19:55:41,19.608454,-44.687725,-30.3,13.82,67.0,6,4.7,83.0,4.044,-4.4,0,1,57218
2026-04-27T19:56:10,19.608891,-44.685974,-30.5,12.06,75.6,7,1.7,83.2,4.043,-4.2,0,1,57219
2026-04-27T19:56:39,19.609276,-44.684219,-26.8,10.95,70.7,6,4.6,83.0,4.044,-4.4,0,1,57220
2026-04-27T19:57:08,19.609795,-44.682453,-35.2,12.89,64.0,7,2.1,83.2,4.043,-4.2,0,1,57221
2026-04-27T19:57:37,19.610720,-44.680805,-36.7,10.58,73.1,6,4.5,83.0,4.044,-4.4,0,1,57222
2026-04-27T19:58:06,19.611422,-44.679035,-43.5,11.22,68.5,6,4.4,83.0,4.043,-4.4,0,1,57223
2026-04-27T19:58:35,19.611744,-44.677166,-37.0,10.97,84.1,7,3.5,83.2,4.041,2215.0,0,1,57224
2026-04-27T19:59:04,19.612736,-44.675491,-23.5,11.29,63.0,6,3.6,83.0,4.048,-4.4,0,1,57225
2026-04-27T19:59:33,19.613602,-44.673714,-11.1,11.41,70.1,7,3.5,83.0,4.044,-4.4,0,1,57226
2026-04-27T20:00:02,19.614275,-44.671921,-7.5,11.16,74.7,6,3.6,83.0,4.044,-4.4,0,1,57227
2026-04-27T20:00:31,19.615086,-44.670219,-7.5,10.75,69.5,6,3.6,83.2,4.043,-4.2,0,1,57228
2026-04-27T20:01:00,19.615768,-44.668480,-11.2,11.34,75.4,6,3.6,83.0,4.041,-4.4,0,1,57229
2026-04-27T20:01:29,19.616526,-44.666702,-11.0,11.40,70.3,6,3.6,83.0,4.041,-4.4,0,1,57230
2026-04-27T20:01:58,19.617107,-44.664936,-12.0,10.58,77.2,5,5.5,82.9,4.041,-4.4,0,1,57231
2026-04-27T20:02:27,19.617559,-44.663265,-17.4,10.46,75.8,6,3.5,83.0,4.044,-4.4,0,1,57232
2026-04-27T20:02:56,19.617910,-44.661453,-22.9,9.52,82.0,6,3.5,82.9,4.041,-4.4,0,1,57233
2026-04-27T20:03:25,19.618759,-44.659733,-27.6,10.58,66.6,6,3.5,82.9,4.039,-4.4,0,1,57234
2026-04-27T20:03:54,19.619442,-44.658035,-29.9,11.17,67.7,6,3.5,82.7,4.043,-4.4,0,1,57235
2026-04-27T20:04:23,19.620150,-44.656193,-27.3,10.86,82.1,6,3.5,82.7,4.039,-4.4,0,1,57236
2026-04-27T20:04:52,19.621014,-44.654465,-20.4,9.99,71.7,6,3.5,82.9,4.041,-4.4,0,1,57237
2026-04-27T20:05:21,19.621716,-44.652702,-17.5,10.63,72.4,6,3.5,82.9,4.041,-4.4,0,1,57238
2026-04-27T20:05:50,19.622292,-44.650951,-14.9,9.53,79.2,6,3.5,82.9,4.039,-4.4,0,1,57239
2026-04-27T20:06:19,19.623014,-44.649124,-11.1,10.70,74.4,6,3.4,82.7,4.040,-4.4,0,1,57240
2026-04-27T20:06:48,19.623487,-44.647461,-9.5,10.77,81.1,5,4.7,82.7,4.043,-4.4,0,1,57241
2026-04-27T20:07:17,19.623774,-44.645931,-3.0,7.70,90.8,5,4.7,82.9,4.040,-4.4,0,1,57242
2026-04-27T20:07:46,19.624357,-44.644245,2.4,9.09,62.5,5,4.6,82.7,4.041,-4.4,0,1,57243
2026-04-27T20:08:15,19.625120,-44.642502,5.5,10.53,62.1,5,4.6,82.9,4.041,-4.4,0,1,57244
2026-04-27T20:08:44,19.625948,-44.640728,-2.2,9.83,78.7,5,4.6,83.2,4.040,-4.2,0,1,57245
2026-04-27T20:09:13,19.626724,-44.638905,-10.4,9.71,79.9,5,4.6,82.7,4.037,-4.4,0,1,57246
2026-04-27T20:09:42,19.627230,-44.637192,-7.0,9.71,73.9,5,4.5,82.7,4.039,-4.4,0,1,57247
2026-04-27T20:10:11,19.628151,-44.635365,-13.4,10.38,78.9,5,4.5,82.9,4.044,-4.4,0,1,57248
2026-04-27T20:10:40,19.628761,-44.633644,-8.1,10.01,72.4,5,4.4,82.7,4.037,-4.4,0,1,57249
2026-04-27T20:11:09,19.629259,-44.631992,-4.1,10.71,76.6,5,4.4,82.5,4.040,-4.4,0,1,57250
2026-04-27T20:11:38,19.629862,-44.630356,1.8,9.94,80.1,5,4.4,82.9,4.043,-4.4,0,1,57251
2026-04-27T20:12:07,19.630894,-44.628521,12.3,10.24,72.5,5,4.3,82.5,4.037,-4.4,0,1,57252
2026-04-27T20:12:36,19.631622,-44.626801,20.1,9.30,82.9,5,4.3,82.5,4.039,-4.4,0,1,57253
2026-04-27T20:13:05,19.632448,-44.625050,30.2,8.85,67.8,5,4.2,82.5,4.040,-4.4,0,1,57254
2026-04-27T20:13:34,19.633213,-44.623314,39.4,10.22,75.9,5,4.2,82.5,4.040,-4.4,0,1,57255
2026-04-27T20:14:03,19.633928,-44.621647,47.0,10.46,75.1,5,4.2,82.7,4.037,-4.4,0,1,57256
2026-04-27T20:14:32,19.634922,-44.619991,60.7,12.22,61.0,6,2.8,82.4,4.040,-4.4,0,1,57257
2026-04-27T20:15:01,19.635433,-44.618263,64.2,9.18,64.2,5,4.1,82.5,4.036,-4.4,0,1,57258
2026-04-27T20:15:30,19.636076,-44.616489,57.3,9.17,68.8,5,4.0,82.4,4.039,-4.4,0,1,57259
2026-04-27T20:15:59,19.636564,-44.614773,64.5,11.10,78.3,5,4.0,82.4,4.040,-4.4,0,1,57260
2026-04-27T20:16:28,19.637306,-44.613102,73.2,9.83,69.8,5,4.0,82.4,4.036,-4.4,0,1,57261
2026-04-27T20:16:57,19.638098,-44.611382,75.2,7.19,74.1,5,3.9,82.2,4.036,-4.4,0,1,57262
2026-04-27T20:17:26,19.638708,-44.609619,78.5,8.23,77.8,5,3.9,82.2,4.037,-4.4,0,1,57263
2026-04-27T20:17:55,19.639364,-44.607857,65.5,9.46,72.1,5,3.8,82.5,4.036,-4.4,0,1,57264
2026-04-27T20:18:24,19.640047,-44.606026,56.1,10.72,65.7,5,3.8,82.1,4.035,-4.4,0,1,57265
2026-04-27T20:18:53,19.640631,-44.604309,49.7,9.94,75.0,5,3.7,82.5,4.037,-4.4,0,1,57266
2026-04-27T20:19:22,19.641354,-44.602337,25.7,9.09,71.2,5,3.7,82.1,4.035,-4.4,0,1,57267
2026-04-27T20:19:51,19.641939,-44.600674,29.5,8.27,72.2,5,3.7,82.2,4.037,-4.4,0,1,57268
2026-04-27T20:20:20,19.642467,-44.599007,37.5,9.92,77.0,5,3.6,81.9,4.036,-4.2,0,1,57269
2026-04-27T20:20:49,19.642965,-44.597359,41.3,7.31,78.6,5,3.6,82.1,4.037,-4.4,0,1,57270
2026-04-27T20:21:18,19.644007,-44.595364,25.8,8.81,71.7,5,3.5,82.1,4.035,-4.4,0,1,57271
2026-04-27T20:21:47,19.644558,-44.593704,29.5,10.55,85.1,5,3.5,82.2,4.036,-4.4,0,1,57272
2026-04-27T20:22:16,19.645187,-44.592026,33.2,9.33,77.1,5,3.5,81.9,4.035,-4.2,0,1,57273
2026-04-27T20:22:45,19.645817,-44.590370,39.0,9.86,71.5,5,3.4,82.4,4.034,-4.4,0,1,57274
2026-04-27T20:23:14,19.646797,-44.588371,26.9,10.76,68.8,5,3.4,82.4,4.035,-4.4,0,1,57275
2026-04-27T20:23:43,19.647398,-44.586746,35.0,9.34,69.4,5,3.4,82.1,4.037,-4.4,0,1,57276
2026-04-27T20:24:12,19.648172,-44.584991,39.9,9.56,69.8,5,3.3,82.2,4.035,-4.4,0,1,57277
2026-04-27T20:24:41,19.648876,-44.583355,54.6,10.60,80.2,5,3.3,82.1,4.035,-4.4,0,1,57278
2026-04-27T20:25:10,19.649614,-44.581730,71.2,8.95,70.4,5,3.2,81.9,4.035,-4.2,0,1,57279
2026-04-27T20:25:39,19.650394,-44.579624,51.2,12.68,74.0,6,3.2,81.9,4.037,-4.2,0,1,57280
2026-04-27T20:26:08,19.651081,-44.577835,38.5,11.52,69.8,6,2.9,82.1,4.035,-4.4,0,1,57281
2026-04-27T20:26:37,19.651791,-44.576077,29.8,12.21,69.8,6,2.9,81.9,4.035,-4.2,0,1,57282
2026-04-27T20:27:06,19.652262,-44.574352,17.8,12.75,82.2,6,2.8,82.2,4.032,-4.4,0,1,57283
2026-04-27T20:27:35,19.653111,-44.572578,18.9,11.15,76.0,6,2.8,81.9,4.034,-4.2,0,1,57284
2026-04-27T20:28:04,19.653784,-44.570896,25.7,13.32,69.4,6,2.8,81.9,4.035,-4.2,0,1,57285
2026-04-27T20:28:33,19.654675,-44.569084,24.6,13.76,75.1,6,2.7,81.9,4.032,-4.2,0,1,57286
2026-04-27T20:29:02,19.655342,-44.567379,23.3,14.11,69.2,5,6.8,81.6,4.032,-4.4,0,1,57287
2026-04-27T20:29:31,19.656046,-44.565662,21.0,13.04,65.5,6,2.7,81.7,4.036,-4.4,0,1,57288
2026-04-27T20:30:00,19.656595,-44.563953,18.1,10.44,76.6,5,6.8,81.7,4.031,-4.4,0,1,57289
2026-04-27T20:30:29,19.657377,-44.562202,12.7,13.89,63.8,6,2.2,81.7,4.037,-4.4,0,1,57290
2026-04-27T20:30:58,19.658096,-44.560459,12.1,13.44,69.6,6,2.2,81.6,4.032,-4.4,0,1,57291
2026-04-27T20:31:27,19.658854,-44.558693,11.3,13.48,64.8,6,2.2,81.9,4.034,-4.2,0,1,57292
2026-04-27T20:31:56,19.659655,-44.556934,4.5,13.86,57.8,6,2.2,81.6,4.031,-4.4,0,1,57293
2026-04-27T20:32:25,19.660402,-44.555168,1.4,14.58,69.6,6,2.2,81.7,4.034,-4.4,0,1,57294
2026-04-27T20:32:54,19.661034,-44.553410,0.1,13.48,71.0,6,2.2,81.7,4.032,-4.4,0,1,57295
2026-04-27T20:33:23,19.661785,-44.551647,4.6,13.64,66.4,6,2.2,81.9,4.031,-4.2,0,1,57296
2026-04-27T20:33:52,19.662455,-44.549953,3.3,13.29,68.0,6,2.2,81.9,4.031,-4.2,0,1,57297
2026-04-27T20:34:21,19.662796,-44.548264,-6.6,12.95,71.6,7,1.9,81.7,4.031,-4.4,0,1,57298
2026-04-27T20:34:50,19.663422,-44.546532,-3.8,12.77,69.4,7,1.9,81.7,4.030,-4.4,0,1,57299
2026-04-27T20:35:19,19.664104,-44.544773,6.5,12.85,70.5,7,1.9,81.6,4.031,-4.4,0,1,57300
2026-04-27T20:35:48,19.664761,-44.543114,2.3,13.28,68.5,7,1.9,81.7,4.030,-4.4,0,1,57301
2026-04-27T20:36:17,19.665451,-44.541336,-0.2,13.60,68.8,7,1.9,81.7,4.030,-4.4,0,1,57302
2026-04-27T20:36:46,19.666134,-44.539604,-3.2,13.50,66.2,7,1.9,81.7,4.030,-4.4,0,1,57303
2026-04-27T20:37:15,19.666807,-44.537868,-9.0,13.35,65.7,6,2.6,81.2,4.028,-4.4,0,1,57304
2026-04-27T20:37:44,19.667492,-44.536053,2.7,13.25,67.4,7,1.9,81.1,4.029,2158.4,0,1,57305
2026-04-27T20:38:13,19.668192,-44.534344,2.9,13.16,65.5,7,1.9,81.6,4.029,-4.4,0,1,57306
2026-04-27T20:38:42,19.668858,-44.532627,3.1,14.02,69.2,7,1.9,81.4,4.030,-4.4,0,1,57307
2026-04-27T20:39:11,19.669439,-44.530849,0.6,14.03,69.6,7,1.9,81.2,4.029,-4.4,0,1,57308
2026-04-27T20:39:40,19.670052,-44.529060,-0.7,13.20,61.2,7,1.9,81.2,4.029,-4.4,0,1,57309
2026-04-27T20:40:09,19.670792,-44.527336,-3.8,12.49,72.3,7,1.9,81.2,4.029,-4.4,0,1,57310
2026-04-27T20:40:38,19.671452,-44.525558,-4.9,13.06,74.5,7,1.9,81.4,4.029,-4.4,0,1,57311
2026-04-27T20:41:07,19.672213,-44.523823,-5.9,13.64,62.1,7,1.9,81.4,4.031,-4.4,0,1,57312
2026-04-27T20:41:36,19.672932,-44.522095,-9.1,13.93,61.1,7,1.9,81.1,4.029,-4.4,0,1,57313
2026-04-27T20:42:05,19.673601,-44.520302,-3.1,14.29,66.2,7,1.9,81.1,4.028,-4.4,0,1,57314
2026-04-27T20:42:34,19.674471,-44.518589,-8.4,13.43,65.1,7,1.9,81.4,4.031,-4.4,0,1,57315
2026-04-27T20:43:03,19.675175,-44.516850,-9.7,12.82,70.0,7,1.9,81.2,4.026,-4.4,0,1,57316
2026-04-27T20:43:32,19.675804,-44.515129,-10.8,12.58,67.4,7,1.9,81.2,4.029,-4.4,0,1,57317
2026-04-27T20:44:01,19.676533,-44.513393,-10.2,13.38,68.9,7,1.9,81.2,4.028,-4.4,0,1,57318
2026-04-27T20:44:30,19.677170,-44.511665,-8.7,12.83,66.6,7,1.9,81.2,4.029,-4.4,0,1,57319
2026-04-27T20:44:59,19.677828,-44.509975,-13.6,12.70,65.8,7,1.9,81.4,4.026,-4.4,0,1,57320
2026-04-27T20:45:28,19.678602,-44.508209,-13.8,12.77,71.1,7,1.9,81.2,4.029,-4.4,0,1,57321
2026-04-27T20:45:57,19.679195,-44.506496,-20.9,11.55,71.6,7,1.9,81.4,4.030,-4.4,0,1,57322
2026-04-27T20:46:26,19.679852,-44.504780,-22.4,13.43,67.5,7,1.8,81.2,4.028,-4.4,0,1,57323
2026-04-27T20:46:55,19.680510,-44.503067,-29.3,14.00,69.2,6,3.2,81.2,4.028,-4.4,0,1,57324
2026-04-27T20:47:24,19.681000,-44.501331,-30.0,13.32,68.8,8,1.5,80.7,4.026,-4.4,0,1,57325
2026-04-27T20:47:53,19.681641,-44.499569,-21.7,13.49,67.2,8,1.5,81.1,4.025,-4.4,0,1,57326
2026-04-27T20:48:22,19.682333,-44.497807,-22.5,13.54,68.2,8,1.5,80.7,4.028,-4.4,0,1,57327
2026-04-27T20:48:51,19.683035,-44.496059,-21.1,13.85,63.8,8,1.5,81.1,4.026,-4.4,0,1,57328
2026-04-27T20:49:20,19.683651,-44.494316,-22.5,13.23,71.3,8,1.5,80.7,4.028,-4.4,0,1,57329
2026-04-27T20:49:49,19.684414,-44.492596,-22.3,13.90,65.6,8,1.5,80.9,4.030,-4.4,0,1,57330
2026-04-27T20:50:18,19.685091,-44.490814,-23.0,13.77,66.4,8,1.5,80.9,4.028,-4.4,0,1,57331
2026-04-27T20:50:47,19.685825,-44.489040,-21.8,13.39,70.7,7,1.8,80.7,4.025,-4.4,0,1,57332
2026-04-27T20:51:16,19.686520,-44.487282,-27.8,13.79,65.6,7,1.8,80.6,4.026,-4.2,0,1,57333
2026-04-27T20:51:45,19.687292,-44.485558,-18.6,13.35,66.0,8,1.5,80.9,4.024,-4.4,0,1,57334
2026-04-27T20:52:14,19.688057,-44.483784,-9.1,13.53,68.8,7,1.9,80.7,4.028,-4.4,0,1,57335
2026-04-27T20:52:43,19.688761,-44.482021,-4.3,14.16,63.9,7,1.9,80.7,4.024,-4.4,0,1,57336
2026-04-27T20:53:12,19.689472,-44.480293,-2.0,13.78,68.6,7,1.9,80.7,4.026,-4.4,0,1,57337
2026-04-27T20:53:41,19.690123,-44.478481,1.3,13.21,72.8,8,1.5,81.2,4.025,-4.4,0,1,57338
2026-04-27T20:54:10,19.690807,-44.476727,0.3,13.13,68.8,9,1.3,80.7,4.025,-4.4,0,1,57339
2026-04-27T20:54:39,19.691544,-44.475014,7.0,13.95,64.3,8,1.6,80.7,4.024,-4.4,0,1,57340
2026-04-27T20:55:08,19.692261,-44.473217,14.9,13.84,71.1,9,1.3,80.7,4.025,-4.4,0,1,57341
2026-04-27T20:55:37,19.692949,-44.471462,25.2,12.55,67.5,9,1.3,80.7,4.025,-4.4,0,1,57342
2026-04-27T20:56:06,19.693647,-44.469711,20.6,13.40,67.7,9,1.3,80.6,4.026,-4.2,0,1,57343
2026-04-27T20:56:35,19.694422,-44.468018,27.1,13.45,65.2,8,1.6,80.4,4.025,-4.4,0,1,57344
2026-04-27T20:57:04,19.695057,-44.466251,26.8,13.34,71.4,8,1.6,80.6,4.023,-4.2,0,1,57345
2026-04-27T20:57:33,19.695789,-44.464478,20.3,13.50,66.1,9,1.3,80.4,4.023,-4.4,0,1,57346
2026-04-27T20:58:02,19.696507,-44.462730,21.4,13.18,65.9,8,1.6,80.6,4.025,-4.2,0,1,57347
2026-04-27T20:58:31,19.697193,-44.461025,23.9,13.72,68.1,9,1.3,80.3,4.023,-4.4,0,1,57348
2026-04-27T20:59:00,19.697845,-44.459225,17.7,12.83,70.1,9,1.3,80.7,4.023,-4.4,0,1,57349
2026-04-27T20:59:29,19.698526,-44.457451,18.2,13.53,66.2,9,1.3,80.6,4.024,-4.2,0,1,57350
2026-04-27T20:59:58,19.699209,-44.455666,14.6,12.77,65.1,9,1.3,80.6,4.025,-4.2,0,1,57351
2026-04-27T21:00:27,19.699812,-44.453857,17.1,13.20,70.9,9,1.3,80.6,4.023,-4.2,0,1,57352
2026-04-27T21:00:56,19.700529,-44.452091,12.2,13.33,64.0,9,1.3,80.3,4.021,-4.4,0,1,57353
2026-04-27T21:01:25,19.701239,-44.450333,11.6,13.35,64.3,9,1.3,80.3,4.023,-4.4,0,1,57354
2026-04-27T21:01:54,19.701937,-44.448547,16.3,11.90,61.7,9,1.3,80.6,4.023,-4.2,0,1,57355
2026-04-27T21:02:23,19.702585,-44.446724,15.5,13.26,72.4,9,1.3,80.6,4.019,-4.2,0,1,57356
2026-04-27T21:02:52,19.703266,-44.444942,18.9,14.46,72.0,8,1.7,80.3,4.021,-4.4,0,1,57357
2026-04-27T21:03:21,19.703976,-44.443214,25.5,12.69,66.1,9,1.3,80.3,4.019,-4.4,0,1,57358
2026-04-27T21:03:50,19.704685,-44.441414,20.4,13.39,69.0,8,1.8,80.4,4.019,-4.4,0,1,57359
2026-04-27T21:04:19,19.705362,-44.439644,14.3,13.22,74.3,7,1.8,80.1,4.020,-4.4,0,1,57360
2026-04-27T21:04:48,19.706009,-44.437851,11.4,13.63,62.5,7,1.8,80.1,4.021,-4.4,0,1,57361
2026-04-27T21:05:17,19.706713,-44.436081,13.8,13.95,61.5,8,1.4,80.1,4.025,-4.4,0,1,57362
2026-04-27T21:05:46,19.707397,-44.434299,11.3,13.59,69.3,7,1.9,80.4,4.019,2141.2,0,1,57363
2026-04-27T21:06:15,19.708071,-44.432491,13.6,14.44,67.2,8,1.4,80.3,4.023,-4.4,0,1,57364
2026-04-27T21:06:44,19.708815,-44.430721,13.0,12.40,64.3,8,1.4,80.1,4.021,-4.4,0,1,57365
2026-04-27T21:07:13,19.709494,-44.428921,4.2,13.62,70.1,8,1.4,80.1,4.021,-4.4,0,1,57366
2026-04-27T21:07:42,19.710203,-44.427090,-0.3,13.92,69.3,7,1.9,80.1,4.021,-4.4,0,1,57367
2026-04-27T21:08:11,19.710861,-44.425312,-2.4,14.11,72.4,7,1.9,80.3,4.021,-4.4,0,1,57368
2026-04-27T21:08:40,19.711544,-44.423527,-1.6,13.52,72.1,8,1.5,80.1,4.020,-4.4,0,1,57369
2026-04-27T21:09:09,19.712278,-44.421715,2.4,13.80,71.9,9,1.3,79.9,4.020,-4.4,0,1,57370
2026-04-27T21:09:38,19.712963,-44.419998,4.7,13.37,70.3,8,1.6,80.1,4.023,-4.4,0,1,57371
2026-04-27T21:10:07,19.713667,-44.418167,0.5,12.66,70.3,9,1.3,80.3,4.021,-4.4,0,1,57372
2026-04-27T21:10:36,19.714314,-44.416290,-3.6,13.75,69.3,8,1.6,80.3,4.020,-4.4,0,1,57373
2026-04-27T21:11:05,19.714993,-44.414570,-2.2,12.68,69.0,8,1.6,80.3,4.019,-4.4,0,1,57374
2026-04-27T21:11:34,19.715689,-44.412762,-0.9,13.08,71.9,8,1.6,80.1,4.017,-4.4,0,1,57375
2026-04-27T21:12:03,19.716417,-44.410965,2.3,13.92,61.8,8,1.6,79.9,4.020,-4.4,0,1,57376
2026-04-27T21:12:32,19.717018,-44.409122,-1.4,13.41,71.3,8,1.6,80.3,4.024,-4.4,0,1,57377
2026-04-27T21:13:01,19.717724,-44.407310,6.0,14.16,71.0,9,1.3,79.8,4.019,-4.4,0,1,57378
2026-04-27T21:13:30,19.718479,-44.405521,5.8,13.43,63.6,8,1.6,80.1,4.021,-4.4,0,1,57379
2026-04-27T21:13:59,19.719168,-44.403728,2.4,13.45,71.3,9,1.3,80.1,4.021,-4.4,0,1,57380
2026-04-27T21:14:28,19.719873,-44.401905,2.3,13.14,71.0,8,1.7,80.1,4.020,-4.4,0,1,57381
2026-04-27T21:14:57,19.720535,-44.400181,3.1,13.48,71.7,8,1.7,80.3,4.019,-4.4,0,1,57382
2026-04-27T21:15:26,19.721375,-44.398411,11.5,14.10,66.0,9,1.3,79.8,4.017,-4.4,0,1,57383
2026-04-27T21:15:55,19.722136,-44.396698,8.3,13.12,59.2,8,1.7,79.9,4.017,-4.4,0,1,57384
2026-04-27T21:16:24,19.722815,-44.394821,6.9,14.35,59.0,8,1.7,79.6,4.017,-4.4,0,1,57385
2026-04-27T21:16:53,19.723463,-44.393055,2.5,14.31,74.2,9,1.3,80.1,4.017,-4.4,0,1,57386
2026-04-27T21:17:22,19.724241,-44.391239,-2.5,13.56,67.6,9,1.3,79.9,4.017,-4.4,0,1,57387
2026-04-27T21:17:51,19.724899,-44.389412,2.9,14.65,80.2,8,1.8,79.8,4.016,-4.4,0,1,57388
2026-04-27T21:18:20,19.725639,-44.387615,0.6,13.27,73.8,8,1.8,79.8,4.019,-4.4,0,1,57389
2026-04-27T21:18:49,19.726292,-44.385822,-0.1,13.93,78.3,8,1.8,79.6,4.017,-4.4,0,1,57390
2026-04-27T21:19:18,19.726959,-44.384018,-6.2,13.24,65.3,8,1.8,79.8,4.017,-4.4,0,1,57391
2026-04-27T21:19:47,19.727724,-44.382198,-1.5,13.75,73.2,8,1.8,79.6,4.016,-4.4,0,1,57392
2026-04-27T21:20:16,19.728422,-44.380352,-1.9,13.78,67.7,8,1.8,79.9,4.019,-4.4,0,1,57393
2026-04-27T21:20:45,19.729008,-44.378525,-3.1,13.92,69.7,8,1.8,79.4,4.016,-4.4,0,1,57394
2026-04-27T21:21:14,19.729633,-44.376724,-4.2,13.61,67.2,7,1.9,79.6,4.020,-4.4,0,1,57395
2026-04-27T21:21:43,19.730415,-44.374939,1.3,14.27,67.6,7,1.9,79.6,4.016,-4.4,0,1,57396
2026-04-27T21:22:12,19.731131,-44.373135,6.6,13.65,66.7,8,1.8,79.6,4.016,-4.4,0,1,57397
2026-04-27T21:22:41,19.731754,-44.371265,4.1,13.16,69.2,8,1.8,79.4,4.017,-4.4,0,1,57398
2026-04-27T21:23:10,19.732491,-44.369473,4.0,14.05,72.5,8,1.8,79.8,4.016,-4.4,0,1,57399
2026-04-27T21:23:39,19.733269,-44.367683,8.7,13.64,67.2,8,1.8,79.3,4.017,-4.2,0,1,57400
2026-04-27T21:24:08,19.734056,-44.365898,12.2,13.66,60.9,8,1.8,79.4,4.017,-4.4,0,1,57401
2026-04-27T21:24:37,19.734716,-44.364113,16.2,13.56,65.8,8,1.8,79.4,4.016,-4.4,0,1,57402
2026-04-27T21:25:06,19.735500,-44.362301,13.0,13.29,66.7,8,1.9,79.4,4.015,-4.4,0,1,57403
2026-04-27T21:25:35,19.736092,-44.360458,24.3,13.58,71.2,8,1.9,79.6,4.016,-4.4,0,1,57404
2026-04-27T21:26:04,19.736794,-44.358658,37.0,13.35,69.9,8,1.9,79.3,4.016,-4.2,0,1,57405
2026-04-27T21:26:33,19.737488,-44.356857,45.2,13.13,65.4,8,1.9,79.6,4.016,-4.4,0,1,57406
2026-04-27T21:27:02,19.738213,-44.355034,42.3,13.50,70.8,8,1.9,79.1,4.016,-4.4,0,1,57407
2026-04-27T21:27:31,19.738922,-44.353222,40.0,13.21,66.3,9,1.2,79.3,4.014,-4.2,0,1,57408
2026-04-27T21:28:00,19.739622,-44.351406,42.1,12.40,65.7,8,1.3,79.3,4.017,-4.2,0,1,57409
2026-04-27T21:28:29,19.740414,-44.349621,47.3,13.34,66.8,8,2.0,79.4,4.015,-4.4,0,1,57410
2026-04-27T21:28:58,19.741186,-44.347832,43.0,12.97,64.7,8,2.0,79.4,4.014,-4.4,0,1,57411
2026-04-27T21:29:27,19.741913,-44.346043,39.9,14.00,69.0,8,2.0,79.3,4.015,-4.2,0,1,57412
2026-04-27T21:29:56,19.742653,-44.344234,29.0,13.68,64.3,8,2.0,79.4,4.012,2114.9,0,1,57413
2026-04-27T21:30:25,19.743258,-44.342419,15.6,13.58,71.5,8,2.0,79.4,4.014,-4.4,0,1,57414
2026-04-27T21:30:54,19.744051,-44.340637,5.7,13.94,68.6,9,1.2,79.3,4.015,-4.2,0,1,57415
2026-04-27T21:31:23,19.744757,-44.338737,-5.7,13.03,71.0,8,2.0,79.4,4.017,-4.4,0,1,57416
2026-04-27T21:31:52,19.745628,-44.336979,0.1,13.90,66.0,8,2.0,79.3,4.015,-4.2,0,1,57417
2026-04-27T21:32:21,19.746119,-44.335087,-2.2,13.43,65.5,8,2.1,79.3,4.015,-4.2,0,1,57418
2026-04-27T21:32:50,19.747021,-44.333294,-7.3,13.12,73.1,9,2.0,79.6,4.014,-4.4,0,1,57419
2026-04-27T21:33:19,19.747902,-44.331497,-17.9,13.99,63.0,9,2.0,79.3,4.019,-4.2,0,1,57420
2026-04-27T21:33:48,19.748705,-44.329716,-26.4,14.38,65.2,9,2.0,79.3,4.012,-4.2,0,1,57421
2026-04-27T21:34:17,19.749372,-44.327839,-14.3,13.66,69.9,9,2.1,79.0,4.015,-4.4,0,1,57422
2026-04-27T21:34:46,19.750097,-44.326061,-24.5,13.43,63.7,9,2.1,79.1,4.014,-4.4,0,1,57423
2026-04-27T21:35:15,19.750769,-44.324230,-26.7,14.16,71.0,9,2.1,79.0,4.014,-4.4,0,1,57424
2026-04-27T21:35:44,19.751444,-44.322384,-27.4,14.09,72.6,9,2.1,79.1,4.014,-4.4,0,1,57425
2026-04-27T21:36:13,19.752182,-44.320587,-23.6,13.43,68.6,9,2.1,79.3,4.016,-4.2,0,1,57426
2026-04-27T21:36:42,19.752867,-44.318733,-21.0,13.37,64.1,9,2.1,79.0,4.012,-4.4,0,1,57427
2026-04-27T21:37:11,19.753614,-44.316936,-19.7,13.40,62.3,9,2.2,79.0,4.012,-4.4,0,1,57428
2026-04-27T21:37:40,19.754496,-44.315189,-14.6,13.88,68.7,9,2.2,79.3,4.011,-4.2,0,1,57429
2026-04-27T21:38:09,19.755125,-44.313305,-8.3,14.04,71.5,9,2.2,79.0,4.011,-4.4,0,1,57430
2026-04-27T21:38:38,19.755722,-44.311493,1.9,13.14,72.1,9,2.2,79.0,4.012,-4.4,0,1,57431
2026-04-27T21:39:07,19.756599,-44.309814,5.1,14.01,63.3,9,2.2,79.0,4.011,-4.4,0,1,57432
2026-04-27T21:39:36,19.757282,-44.307980,2.6,13.40,60.6,9,2.2,79.0,4.011,-4.4,0,1,57433
2026-04-27T21:40:05,19.757914,-44.306168,7.1,14.06,68.1,9,2.2,78.6,4.012,-4.4,0,1,57434
2026-04-27T21:40:34,19.758608,-44.304317,9.8,13.13,67.7,9,2.2,78.8,4.014,-4.4,0,1,57435
2026-04-27T21:41:03,19.759386,-44.302635,-2.2,13.31,64.3,9,2.3,79.0,4.012,2102.0,0,1,57436
2026-04-27T21:41:32,19.760098,-44.300922,-9.6,12.95,64.2,9,2.3,79.0,4.009,-4.4,0,1,57437
2026-04-27T21:42:01,19.760687,-44.299061,-9.7,14.23,65.4,9,2.3,79.0,4.012,-4.4,0,1,57438
2026-04-27T21:42:30,19.761372,-44.297306,-5.5,13.75,71.4,9,2.3,78.8,4.011,-4.4,0,1,57439
2026-04-27T21:42:59,19.762066,-44.295464,-4.7,13.77,66.7,9,2.3,78.6,4.010,-4.4,0,1,57440
2026-04-27T21:43:28,19.762615,-44.293739,-13.1,13.17,66.6,9,2.3,79.0,4.010,-4.4,0,1,57441
2026-04-27T21:43:57,19.763231,-44.291912,3.9,12.39,65.6,9,2.3,78.8,4.010,-4.4,0,1,57442
2026-04-27T21:44:26,19.763966,-44.290108,0.3,14.49,69.1,8,2.5,78.6,4.010,-4.4,0,1,57443
2026-04-27T21:44:55,19.764666,-44.288368,-3.5,12.68,64.8,9,2.3,78.6,4.009,-4.4,0,1,57444
2026-04-27T21:45:24,19.765421,-44.286652,-20.4,12.83,74.9,9,2.3,78.6,4.010,-4.4,0,1,57445
2026-04-27T21:45:53,19.766108,-44.284801,-6.1,13.43,66.2,9,2.4,78.6,4.012,-4.4,0,1,57446
2026-04-27T21:46:22,19.766781,-44.283001,-0.6,13.12,67.9,9,2.4,78.6,4.011,-4.4,0,1,57447
2026-04-27T21:46:51,19.767521,-44.281242,-10.0,14.42,71.1,9,2.4,78.6,4.010,-4.4,0,1,57448
2026-04-27T21:47:20,19.768265,-44.279484,-6.3,13.58,72.6,9,2.4,78.6,4.009,-4.4,0,1,57449
2026-04-27T21:47:49,19.768913,-44.277790,1.8,12.88,67.7,9,2.4,78.5,4.009,-4.4,0,1,57450
2026-04-27T21:48:18,19.769611,-44.275906,-5.4,12.96,74.0,9,2.4,78.8,4.009,-4.4,0,1,57451
2026-04-27T21:48:47,19.770241,-44.274082,-2.9,13.65,67.8,8,2.4,78.6,4.009,-4.4,0,1,57452
2026-04-27T21:49:16,19.770798,-44.272205,10.6,13.67,73.8,9,2.4,78.5,4.006,-4.4,0,1,57453
2026-04-27T21:49:45,19.771542,-44.270481,2.3,14.02,67.2,9,2.4,78.6,4.009,-4.4,0,1,57454
2026-04-27T21:50:14,19.772249,-44.268715,4.9,14.10,67.2,9,2.4,78.3,4.009,-4.4,0,1,57455
2026-04-27T21:50:43,19.773016,-44.266914,1.8,12.53,64.3,9,2.4,78.6,4.008,-4.4,0,1,57456
2026-04-27T21:51:12,19.773617,-44.265121,12.7,13.19,71.4,9,2.4,78.5,4.008,-4.4,0,1,57457
2026-04-27T21:51:41,19.774414,-44.263351,7.3,12.89,65.9,9,2.4,78.3,4.012,-4.4,0,1,57458
2026-04-27T21:52:10,19.774979,-44.261509,11.3,13.06,70.6,9,2.4,78.1,4.008,-4.4,0,1,57459
2026-04-27T21:52:39,19.775623,-44.259674,12.4,14.39,73.5,9,2.4,78.6,4.011,-4.4,0,1,57460
2026-04-27T21:53:08,19.776312,-44.257866,13.5,15.20,71.2,9,2.4,78.5,4.008,-4.4,0,1,57461
2026-04-27T21:53:37,19.776911,-44.256088,16.8,14.04,71.2,9,2.4,78.3,4.008,-4.4,0,1,57462
2026-04-27T21:54:06,19.777668,-44.254303,23.1,13.24,69.9,9,2.4,78.1,4.008,-4.4,0,1,57463
2026-04-27T21:54:35,19.778254,-44.252495,21.6,13.42,73.4,9,2.4,78.3,4.006,-4.4,0,1,57464
2026-04-27T21:55:04,19.779087,-44.250805,14.6,13.36,73.8,10,1.8,78.3,4.006,-4.4,0,1,57465
2026-04-27T21:55:33,19.779762,-44.249100,4.4,12.60,71.7,10,1.8,78.3,4.006,-4.4,0,1,57466
2026-04-27T21:56:02,19.780495,-44.247299,0.9,13.95,65.7,10,1.8,78.3,4.005,-4.4,0,1,57467
2026-04-27T21:56:31,19.781271,-44.245560,5.4,13.43,66.9,10,1.8,78.1,4.008,-4.4,0,1,57468
2026-04-27T21:57:00,19.782009,-44.243755,3.4,13.97,67.6,9,1.9,78.5,4.006,-4.4,0,1,57469
2026-04-27T21:57:29,19.782721,-44.242027,4.1,13.21,63.9,10,1.8,78.6,4.005,-4.4,0,1,57470
2026-04-27T21:57:58,19.783367,-44.240208,4.1,13.49,66.2,10,1.8,78.1,4.006,-4.4,0,1,57471
2026-04-27T21:58:27,19.783983,-44.238441,8.4,13.82,65.6,10,1.8,78.1,4.004,-4.4,0,1,57472
2026-04-27T21:58:56,19.784708,-44.236664,7.9,14.09,62.0,10,1.8,78.5,4.005,-4.4,0,1,57473
2026-04-27T21:59:25,19.785482,-44.234898,5.5,13.93,61.5,10,1.7,78.3,4.005,-4.4,0,1,57474
2026-04-27T21:59:54,19.786116,-44.233128,0.2,13.73,68.3,10,1.7,78.0,4.006,-4.2,0,1,57475
2026-04-27T22:00:23,19.786814,-44.231335,4.3,13.77,70.6,10,1.7,78.0,4.005,-4.2,0,1,57476
2026-04-27T22:00:52,19.787521,-44.229610,-0.7,13.49,65.0,10,1.7,78.0,4.005,-4.2,0,1,57477
2026-04-27T22:01:21,19.788164,-44.227787,10.1,13.89,62.7,10,1.7,78.1,4.010,-4.4,0,1,57478
2026-04-27T22:01:50,19.788858,-44.226013,12.1,12.89,72.8,10,1.7,78.1,4.004,-4.4,0,1,57479
2026-04-27T22:02:19,19.789452,-44.224239,0.2,13.25,74.7,10,1.7,77.8,4.006,-4.4,0,1,57480
2026-04-27T22:02:48,19.790245,-44.222485,5.8,13.16,71.2,10,1.7,77.8,4.004,-4.4,0,1,57481
2026-04-27T22:03:17,19.790899,-44.220695,4.6,13.94,71.9,10,1.7,77.8,4.005,-4.4,0,1,57482
2026-04-27T22:03:46,19.791683,-44.218937,-1.6,13.78,66.9,10,1.7,78.0,4.004,-4.2,0,1,57483
2026-04-27T22:04:15,19.792248,-44.217182,6.6,13.99,64.0,10,1.7,77.8,4.004,-4.4,0,1,57484
2026-04-27T22:04:44,19.792963,-44.215412,10.6,12.99,63.0,10,1.7,78.1,4.009,-4.4,0,1,57485
2026-04-27T22:05:13,19.793659,-44.213634,9.0,13.65,66.5,10,1.7,77.8,4.004,-4.4,0,1,57486
2026-04-27T22:05:42,19.794315,-44.211807,8.2,13.81,71.4,10,1.7,78.1,4.003,-4.4,0,1,57487
2026-04-27T22:06:11,19.794811,-44.209934,15.3,14.93,85.9,10,1.7,78.1,4.003,-4.4,0,1,57488
2026-04-27T22:06:40,19.795595,-44.208233,15.7,13.48,65.5,10,1.6,77.8,4.004,-4.4,0,1,57489
2026-04-27T22:07:09,19.796347,-44.206440,7.1,13.82,62.4,10,1.6,77.8,4.001,-4.4,0,1,57490
2026-04-27T22:07:38,19.796953,-44.204674,7.5,13.78,74.3,10,1.6,78.0,4.003,-4.2,0,1,57491
2026-04-27T22:08:07,19.797737,-44.202930,8.8,13.10,78.2,10,1.6,77.8,4.001,-4.4,0,1,57492
2026-04-27T22:08:36,19.798429,-44.201126,8.6,12.83,72.7,10,1.6,78.1,4.001,-4.4,0,1,57493
2026-04-27T22:09:05,19.799204,-44.199394,2.4,12.41,60.2,10,1.6,77.6,4.005,-4.4,0,1,57494
2026-04-27T22:09:34,19.799871,-44.197605,9.7,13.10,71.8,10,1.6,77.5,4.001,-4.4,0,1,57495
2026-04-27T22:10:03,19.800552,-44.195850,16.3,13.80,73.3,10,1.6,77.5,4.004,-4.4,0,1,57496
2026-04-27T22:10:32,19.801237,-44.194107,6.4,12.57,69.3,10,1.6,77.8,4.003,-4.4,0,1,57497
2026-04-27T22:11:01,19.801908,-44.192360,2.6,14.15,60.8,10,1.6,77.6,4.001,-4.4,0,1,57498
2026-04-27T22:11:30,19.802578,-44.190563,-5.4,13.29,72.8,10,1.6,77.6,3.999,-4.4,0,1,57499
2026-04-27T22:11:59,19.803242,-44.188786,-8.3,14.03,76.5,10,1.6,77.5,4.000,-4.4,0,1,57500
2026-04-27T22:12:28,19.803982,-44.187069,-5.2,14.29,70.0,10,1.6,77.6,4.003,-4.4,0,1,57501
2026-04-27T22:12:57,19.804680,-44.185261,-2.6,13.54,66.7,10,1.5,77.6,4.003,-4.4,0,1,57502
2026-04-27T22:13:26,19.805246,-44.183498,-8.2,12.99,70.3,10,1.5,77.5,4.003,-4.4,0,1,57503
2026-04-27T22:13:55,19.806007,-44.181717,-10.2,12.76,71.1,10,1.5,77.6,4.000,-4.4,0,1,57504
2026-04-27T22:14:24,19.806787,-44.179970,-6.0,12.56,65.9,10,1.5,77.2,4.000,-4.4,0,1,57505
2026-04-27T22:14:53,19.807493,-44.178196,-8.1,13.42,76.9,10,1.5,77.6,4.000,-4.4,0,1,57506
2026-04-27T22:15:22,19.808167,-44.176414,-10.9,13.63,65.2,9,1.8,77.6,4.001,-4.4,0,1,57507
2026-04-27T22:15:51,19.808762,-44.174641,-5.0,13.09,66.2,10,1.5,77.2,4.000,-4.4,0,1,57508
2026-04-27T22:16:20,19.809397,-44.172859,-4.1,13.17,65.5,10,1.5,77.0,3.997,-4.4,0,1,57509
2026-04-27T22:16:49,19.810040,-44.171089,2.0,13.37,77.3,10,1.5,77.5,3.999,-4.4,0,1,57510
2026-04-27T22:17:18,19.810802,-44.169384,8.2,13.51,59.3,10,1.5,77.3,4.000,-4.4,0,1,57511
2026-04-27T22:17:47,19.811527,-44.167591,9.0,14.21,67.4,10,1.5,77.3,4.000,-4.4,0,1,57512
2026-04-27T22:18:16,19.812141,-44.165825,11.9,13.42,76.8,10,1.5,77.2,4.000,-4.4,0,1,57513
2026-04-27T22:18:45,19.812893,-44.164120,16.7,13.11,63.9,10,1.5,77.2,3.999,-4.4,0,1,57514
2026-04-27T22:19:14,19.813572,-44.162388,16.7,13.55,64.2,10,1.5,77.2,3.997,-4.4,0,1,57515
2026-04-27T22:19:43,19.814278,-44.160633,17.9,13.32,63.8,9,1.7,77.2,3.999,-4.4,0,1,57516
2026-04-27T22:20:12,19.814930,-44.158916,18.4,12.86,71.7,9,1.7,77.2,3.999,-4.4,0,1,57517
2026-04-27T22:20:41,19.815527,-44.157143,12.6,13.29,70.3,9,1.7,77.3,3.997,-4.4,0,1,57518
2026-04-27T22:21:10,19.816256,-44.155384,11.0,12.71,63.5,10,1.4,77.0,3.997,-4.4,0,1,57519
2026-04-27T22:21:39,19.816929,-44.153656,11.8,12.72,71.2,10,1.4,77.0,3.994,-4.4,0,1,57520
2026-04-27T22:22:08,19.817545,-44.151814,18.1,12.55,65.7,10,1.4,77.5,3.995,-4.4,0,1,57521
2026-04-27T22:22:37,19.818293,-44.150070,17.0,12.62,59.2,10,1.4,77.3,3.997,-4.4,0,1,57522
2026-04-27T22:23:06,19.818878,-44.148243,20.0,13.96,66.3,10,1.4,76.8,3.999,-4.4,0,1,57523
2026-04-27T22:23:35,19.819637,-44.146568,24.1,13.41,66.5,9,1.6,77.0,4.000,-4.4,0,1,57524
2026-04-27T22:24:04,19.820250,-44.144707,27.0,13.93,68.6,10,1.4,77.2,3.995,-4.4,0,1,57525
2026-04-27T22:24:33,19.820946,-44.142952,22.0,13.45,60.7,10,1.4,76.7,3.999,-4.2,0,1,57526
2026-04-27T22:25:02,19.821648,-44.141243,24.3,13.95,64.1,10,1.4,77.0,3.996,-4.4,0,1,57527
2026-04-27T22:25:31,19.822330,-44.139427,25.2,12.36,67.5,10,1.4,77.0,3.996,-4.4,0,1,57528
2026-04-27T22:26:00,19.823046,-44.137753,22.2,12.07,60.3,10,1.4,77.0,3.997,-4.4,0,1,57529
2026-04-27T22:26:29,19.823799,-44.136002,14.9,13.42,66.3,10,1.3,77.0,3.996,-4.4,0,1,57530
2026-04-27T22:26:58,19.824450,-44.134220,15.5,12.93,74.8,10,1.3,77.0,3.995,-4.4,0,1,57531
2026-04-27T22:27:27,19.825136,-44.132435,12.8,13.07,61.3,9,1.4,76.8,4.000,-4.4,0,1,57532
2026-04-27T22:27:56,19.825800,-44.130711,-0.6,12.65,70.2,9,1.6,77.0,3.999,-4.4,0,1,57533
2026-04-27T22:28:25,19.826513,-44.128986,-7.5,13.74,67.5,9,1.6,76.8,3.995,-4.4,0,1,57534
2026-04-27T22:28:54,19.827173,-44.127270,-2.4,13.65,72.6,9,1.6,76.8,3.995,-4.4,0,1,57535
2026-04-27T22:29:23,19.827869,-44.125538,-3.8,13.51,69.1,10,1.3,77.2,3.994,-4.4,0,1,57536
2026-04-27T22:29:52,19.828547,-44.123749,-9.9,12.41,64.6,8,1.7,76.8,3.996,-4.4,0,1,57537
2026-04-27T22:30:21,19.829281,-44.122086,-10.9,12.49,61.8,8,1.7,76.5,3.997,-4.4,0,1,57538
2026-04-27T22:30:50,19.830004,-44.120335,-6.5,12.77,66.8,8,1.6,76.8,3.994,-4.4,0,1,57539
2026-04-27T22:31:19,19.830650,-44.118492,-0.3,14.53,69.7,8,1.6,76.8,3.997,-4.4,0,1,57540
2026-04-27T22:31:48,19.831406,-44.116829,-2.9,12.96,61.6,8,1.6,76.5,3.996,-4.4,0,1,57541
2026-04-27T22:32:17,19.832087,-44.115082,-6.8,13.47,62.8,8,1.6,76.8,3.996,-4.4,0,1,57542
2026-04-27T22:32:46,19.832790,-44.113335,-6.6,12.38,64.1,8,1.6,76.8,3.993,-4.4,0,1,57543
2026-04-27T22:33:15,19.833441,-44.111546,-20.6,15.24,67.5,8,1.6,76.7,3.993,-4.2,0,1,57544
2026-04-27T22:33:44,19.834106,-44.109810,-14.7,13.54,71.4,8,1.6,76.7,3.994,2041.3,0,1,57545
2026-04-27T22:34:13,19.834805,-44.108036,-5.5,14.60,64.9,8,1.6,76.5,3.994,-4.4,0,1,57546
2026-04-27T22:34:42,19.835506,-44.106342,9.0,12.57,71.3,9,1.3,76.5,3.994,-4.4,0,1,57547
2026-04-27T22:35:11,19.836191,-44.104576,9.8,13.20,60.6,10,1.3,76.5,3.994,-4.4,0,1,57548
2026-04-27T22:35:40,19.836828,-44.102783,0.3,13.24,68.3,8,1.6,76.7,3.997,-4.2,0,1,57549
2026-04-27T22:36:09,19.837456,-44.100941,0.7,13.29,69.8,8,1.6,76.7,3.993,-4.2,0,1,57550
2026-04-27T22:36:38,19.838118,-44.099140,2.7,13.21,66.1,8,1.6,76.5,3.994,-4.4,0,1,57551
2026-04-27T22:37:07,19.838768,-44.097382,7.2,12.91,67.2,9,1.5,76.7,3.993,-4.2,0,1,57552
2026-04-27T22:37:36,19.839409,-44.095589,8.4,13.25,67.2,9,1.2,76.3,3.994,-4.4,0,1,57553
2026-04-27T22:38:05,19.840071,-44.093880,5.3,13.70,72.4,8,1.6,76.7,3.991,-4.2,0,1,57554
2026-04-27T22:38:34,19.840828,-44.092178,10.9,14.34,69.9,8,1.5,76.7,3.990,-4.2,0,1,57555
2026-04-27T22:39:03,19.841484,-44.090389,24.2,14.35,68.2,8,1.5,76.3,3.993,-4.4,0,1,57556
2026-04-27T22:39:32,19.842196,-44.088634,33.4,14.32,61.7,8,1.5,76.3,3.994,-4.4,0,1,57557
2026-04-27T22:40:01,19.842949,-44.086884,34.1,14.44,70.9,8,1.5,76.3,3.993,-4.4,0,1,57558
2026-04-27T22:40:30,19.843651,-44.085087,31.1,13.99,59.1,8,1.5,76.5,3.993,-4.4,0,1,57559
2026-04-27T22:40:59,19.844355,-44.083317,29.8,12.98,69.0,8,1.5,76.3,3.994,-4.4,0,1,57560
2026-04-27T22:41:28,19.845036,-44.081524,32.0,13.92,70.9,8,1.5,76.7,3.993,-4.2,0,1,57561
2026-04-27T22:41:57,19.845659,-44.079700,37.0,13.97,68.7,7,1.6,76.2,3.991,-4.4,0,1,57562
2026-04-27T22:42:26,19.846268,-44.077900,39.4,10.49,65.7,9,1.5,76.2,3.991,-4.4,0,1,57563
2026-04-27T22:42:55,19.847012,-44.076191,42.0,13.32,61.9,9,1.5,76.3,3.991,-4.4,0,1,57564
2026-04-27T22:43:24,19.847717,-44.074364,43.2,13.85,66.6,8,1.5,76.2,3.995,-4.4,0,1,57565
2026-04-27T22:43:53,19.848358,-44.072529,48.3,12.76,72.0,9,1.5,76.3,3.991,-4.4,0,1,57566
2026-04-27T22:44:22,19.849075,-44.070724,47.7,13.71,61.0,8,1.5,76.5,3.990,-4.4,0,1,57567
2026-04-27T22:44:51,19.849747,-44.069038,51.5,12.50,69.0,9,1.5,76.0,3.993,-4.4,0,1,57568
2026-04-27T22:45:20,19.850502,-44.067219,50.5,14.41,70.1,7,1.6,76.2,3.994,-4.4,0,1,57569
2026-04-27T22:45:49,19.851168,-44.065403,49.0,12.66,69.0,8,1.6,76.5,3.989,-4.4,0,1,57570
2026-04-27T22:46:18,19.851839,-44.063610,48.4,13.87,67.3,8,1.6,76.2,3.993,-4.4,0,1,57571
2026-04-27T22:46:47,19.852530,-44.061874,51.1,13.55,62.4,8,1.5,76.3,3.990,-4.4,0,1,57572
2026-04-27T22:47:16,19.853136,-44.060032,49.7,13.77,65.2,8,1.5,76.2,3.991,-4.4,0,1,57573
2026-04-27T22:47:45,19.853895,-44.058270,45.7,12.81,73.9,8,1.5,76.3,3.991,-4.4,0,1,57574
2026-04-27T22:48:14,19.854620,-44.056522,45.9,13.37,70.7,7,1.6,76.0,3.993,-4.4,0,1,57575
2026-04-27T22:48:43,19.855425,-44.054817,44.9,12.02,63.8,8,1.5,76.0,3.990,-4.4,0,1,57576
2026-04-27T22:49:12,19.856014,-44.053013,36.6,13.16,73.0,8,1.5,76.2,3.989,-4.4,0,1,57577
2026-04-27T22:49:41,19.856709,-44.051212,36.1,13.48,70.9,7,1.6,76.0,3.990,-4.4,0,1,57578
2026-04-27T22:50:10,19.857311,-44.049423,32.5,14.25,80.6,7,2.2,76.3,3.987,-4.4,0,1,57579
2026-04-27T22:50:39,19.858078,-44.047600,29.7,14.08,64.1,6,3.1,75.9,3.987,-4.4,0,1,57580
2026-04-27T22:51:08,19.858738,-44.045780,18.1,13.62,70.5,8,1.5,76.3,3.990,-4.4,0,1,57581
2026-04-27T22:51:37,19.859394,-44.043968,9.9,13.44,67.7,8,1.5,76.2,3.986,-4.4,0,1,57582
2026-04-27T22:52:06,19.860022,-44.042183,3.2,12.54,65.7,8,1.5,76.0,3.989,-4.4,0,1,57583
2026-04-27T22:52:35,19.860735,-44.040443,0.1,13.53,75.0,7,1.5,76.2,3.989,-4.4,0,1,57584
2026-04-27T22:53:04,19.861498,-44.038666,0.6,13.02,69.6,7,1.5,76.0,3.989,-4.4,0,1,57585
2026-04-27T22:53:33,19.862171,-44.036808,2.8,14.20,68.7,8,1.5,76.2,3.989,-4.4,0,1,57586
2026-04-27T22:54:02,19.862822,-44.035046,-5.6,13.78,67.2,8,1.5,76.0,3.989,-4.4,0,1,57587
2026-04-27T22:54:31,19.863533,-44.033260,-7.2,13.68,63.6,7,1.5,75.9,3.994,-4.4,0,1,57588
2026-04-27T22:55:00,19.864212,-44.031475,-7.3,12.11,65.6,7,1.5,75.9,3.989,2019.5,0,1,57589
2026-04-27T22:55:29,19.864975,-44.029636,-10.6,14.09,70.9,7,1.5,75.7,3.990,-4.4,0,1,57590
2026-04-27T22:55:58,19.865721,-44.027859,-4.9,13.51,70.4,7,1.5,75.9,3.987,-4.4,0,1,57591
2026-04-27T22:56:27,19.866428,-44.026054,-1.4,14.45,68.4,7,1.5,75.7,3.987,-4.4,0,1,57592
2026-04-27T22:56:56,19.867102,-44.024273,-1.4,13.29,67.2,7,1.5,75.9,3.987,-4.4,0,1,57593
2026-04-27T22:57:25,19.867819,-44.022526,-1.1,14.89,62.8,6,2.3,75.5,3.991,-4.4,0,1,57594
2026-04-27T22:57:54,19.868509,-44.020699,2.1,12.58,64.4,7,1.5,75.5,3.986,2010.7,0,1,57595
2026-04-27T22:58:23,19.869215,-44.018936,2.7,12.31,68.2,7,1.5,75.9,3.986,-4.4,0,1,57596
2026-04-27T22:58:52,19.869946,-44.017189,5.7,12.89,66.9,7,1.5,75.9,3.987,-4.4,0,1,57597
2026-04-27T22:59:21,19.870630,-44.015293,4.0,13.74,66.9,7,1.2,75.5,3.985,-4.4,0,1,57598
2026-04-27T22:59:50,19.871292,-44.013493,1.0,13.44,72.3,8,1.3,75.7,3.985,-4.4,0,1,57599
2026-04-27T23:00:19,19.871983,-44.011593,-21.1,12.75,67.5,8,1.3,75.7,3.985,-4.4,0,1,57600
2026-04-27T23:00:48,19.872700,-44.009773,-25.5,13.53,67.6,9,1.3,75.5,3.985,-4.4,0,1,57601
2026-04-27T23:01:17,19.873337,-44.008026,-7.6,13.68,76.3,9,1.3,75.4,3.987,-4.2,0,1,57602
2026-04-27T23:01:46,19.874111,-44.006199,-1.6,14.42,69.2,8,2.0,75.7,3.986,-4.4,0,1,57603
2026-04-27T23:02:15,19.874882,-44.004429,9.2,13.95,68.7,9,1.2,75.5,3.985,-4.4,0,1,57604
2026-04-27T23:02:44,19.875620,-44.002644,14.0,13.56,62.9,9,1.2,75.7,3.984,-4.4,0,1,57605
2026-04-27T23:03:13,19.876375,-44.000839,20.2,13.42,62.8,7,2.7,75.7,3.987,-4.4,0,1,57606
2026-04-27T23:03:42,19.877035,-43.999039,10.5,12.63,74.8,9,1.8,75.5,3.985,-4.4,0,1,57607
2026-04-27T23:04:11,19.877661,-43.997288,18.9,14.20,69.7,9,1.2,75.4,3.985,-4.2,0,1,57608
2026-04-27T23:04:40,19.878405,-43.995556,26.8,13.61,68.7,10,1.2,75.2,3.985,-4.4,0,1,57609
2026-04-27T23:05:09,19.879217,-43.993736,28.7,13.29,64.7,9,1.8,75.2,3.984,-4.4,0,1,57610
2026-04-27T23:05:38,19.879889,-43.991905,28.5,14.54,69.6,9,1.8,75.7,3.984,-4.4,0,1,57611
2026-04-27T23:06:07,19.880562,-43.990112,27.5,13.34,68.1,8,2.0,75.4,3.984,-4.2,0,1,57612
2026-04-27T23:06:36,19.881214,-43.988300,30.8,12.55,78.1,9,1.2,75.2,3.984,2002.2,0,1,57613
2026-04-27T23:07:05,19.882114,-43.986526,30.2,13.88,61.7,8,2.0,75.2,3.983,-4.4,0,1,57614
2026-04-27T23:07:34,19.882662,-43.984669,32.3,14.89,72.0,8,2.0,75.5,3.983,-4.4,0,1,57615
2026-04-27T23:08:03,19.883423,-43.982876,32.7,13.93,67.6,9,1.8,75.2,3.984,2002.2,0,1,57616
2026-04-27T23:08:32,19.884090,-43.981049,25.8,14.14,65.4,10,1.1,75.0,3.986,-4.4,0,1,57617
2026-04-27T23:09:01,19.884789,-43.979225,20.2,14.08,63.4,8,2.0,75.0,3.984,-4.4,0,1,57618
2026-04-27T23:09:30,19.885391,-43.977409,11.4,13.80,66.5,9,1.8,75.2,3.984,-4.4,0,1,57619
2026-04-27T23:09:59,19.886158,-43.975567,11.2,13.66,64.7,9,1.8,75.2,3.984,-4.4,0,1,57620
2026-04-27T23:10:28,19.886890,-43.973751,14.8,12.58,64.6,8,1.9,75.4,3.984,-4.2,0,1,57621
2026-04-27T23:10:57,19.887516,-43.971886,7.0,13.40,64.4,8,1.9,75.0,3.983,-4.4,0,1,57622
2026-04-27T23:11:26,19.888157,-43.970089,6.4,13.62,68.3,9,1.8,75.2,3.981,-4.4,0,1,57623
2026-04-27T23:11:55,19.888975,-43.968235,-1.2,13.38,62.6,8,1.9,75.2,3.984,-4.4,0,1,57624
2026-04-27T23:12:24,19.889601,-43.966373,-7.2,13.71,64.9,10,1.7,75.0,3.981,-4.4,0,1,57625
2026-04-27T23:12:53,19.890417,-43.964523,-10.1,14.29,69.1,10,1.7,75.0,3.981,-4.4,0,1,57626
2026-04-27T23:13:22,19.891050,-43.962715,-6.9,13.13,67.8,10,1.7,75.2,3.983,-4.4,0,1,57627
2026-04-27T23:13:51,19.891823,-43.960937,-7.1,14.92,67.4,10,1.7,75.0,3.983,-4.4,0,1,57628
2026-04-27T23:14:20,19.892300,-43.959118,-12.1,13.51,61.5,10,1.7,74.9,3.985,-4.4,0,1,57629
2026-04-27T23:14:49,19.893059,-43.957275,-20.8,13.47,66.8,9,1.8,75.0,3.980,-4.4,0,1,57630
2026-04-27T23:15:18,19.893757,-43.955467,-29.8,14.65,69.3,9,1.8,75.0,3.980,-4.4,0,1,57631
2026-04-27T23:15:47,19.894527,-43.953636,-29.1,12.78,72.8,9,2.2,75.0,3.984,-4.4,0,1,57632
2026-04-27T23:16:16,19.895281,-43.951839,-23.5,13.05,68.3,9,2.1,75.2,3.980,-4.4,0,1,57633
2026-04-27T23:16:45,19.895971,-43.950035,-24.4,14.23,58.5,10,1.7,74.7,3.976,-4.4,0,1,57634
2026-04-27T23:17:14,19.896811,-43.948238,-11.9,13.50,65.8,9,1.8,74.7,3.981,-4.4,0,1,57635
2026-04-27T23:17:43,19.897478,-43.946419,-12.4,13.63,71.2,8,2.8,75.0,3.986,-4.4,0,1,57636
2026-04-27T23:18:12,19.898127,-43.944572,-16.3,14.85,69.7,9,1.8,75.2,3.980,-4.4,0,1,57637
2026-04-27T23:18:41,19.898907,-43.942757,-13.2,14.68,66.5,9,1.8,74.7,3.981,-4.4,0,1,57638
2026-04-27T23:19:10,19.899565,-43.940933,-21.5,14.95,67.2,9,2.5,75.0,3.979,-4.4,0,1,57639
2026-04-27T23:19:39,19.900192,-43.939087,-25.1,13.38,67.7,10,1.7,74.7,3.979,-4.4,0,1,57640
2026-04-27T23:20:08,19.900948,-43.937283,-25.9,13.85,63.9,10,1.7,75.0,3.980,-4.4,0,1,57641
2026-04-27T23:20:37,19.901636,-43.935448,-31.3,14.36,66.8,10,1.7,74.7,3.981,-4.4,0,1,57642
2026-04-27T23:21:06,19.902452,-43.933632,-35.2,14.71,61.9,9,1.8,74.5,3.980,-4.4,0,1,57643
2026-04-27T23:21:35,19.903122,-43.931812,-34.8,14.74,63.7,10,1.7,74.9,3.977,-4.4,0,1,57644
2026-04-27T23:22:04,19.903811,-43.930027,-27.0,14.02,68.4,10,1.7,74.7,3.984,-4.4,0,1,57645
2026-04-27T23:22:33,19.904585,-43.928181,-24.3,13.54,66.8,11,1.7,74.9,3.980,-4.4,0,1,57646
2026-04-27T23:23:02,19.905336,-43.926365,-16.9,13.60,69.7,11,1.7,74.9,3.980,-4.4,0,1,57647
2026-04-27T23:23:31,19.906054,-43.924534,-8.5,14.33,67.6,11,1.7,74.5,3.980,-4.4,0,1,57648
2026-04-27T23:24:00,19.906776,-43.922718,-9.9,14.29,66.4,11,1.7,74.9,3.981,-4.4,0,1,57649
2026-04-27T23:24:29,19.907511,-43.920895,-1.0,13.62,72.0,10,1.7,74.7,3.979,-4.4,0,1,57650
2026-04-27T23:24:58,19.908133,-43.919094,-0.8,14.34,71.3,11,1.6,74.5,3.977,-4.4,0,1,57651
2026-04-27T23:25:27,19.908888,-43.917282,2.1,13.22,69.1,10,1.7,74.7,3.980,-4.4,0,1,57652
2026-04-27T23:25:56,19.909649,-43.915424,-0.4,14.20,64.6,11,1.6,74.9,3.979,-4.4,0,1,57653
2026-04-27T23:26:25,19.910362,-43.913567,3.5,14.35,69.6,11,1.6,74.7,3.977,-4.4,0,1,57654
2026-04-27T23:26:54,19.911085,-43.911720,3.9,14.40,69.4,10,2.6,74.4,3.977,-4.4,0,1,57655
2026-04-27T23:27:23,19.911772,-43.909866,-3.7,13.51,61.3,11,1.6,74.4,3.976,-4.4,0,1,57656
2026-04-27T23:27:52,19.912342,-43.908035,-3.5,14.50,66.7,11,1.6,74.5,3.983,-4.4,0,1,57657
2026-04-27T23:28:21,19.912914,-43.906258,4.1,13.92,67.3,11,1.6,74.4,3.976,-4.4,0,1,57658
2026-04-27T23:28:50,19.913399,-43.904430,5.9,14.06,66.9,10,2.6,74.5,3.981,-4.4,0,1,57659
2026-04-27T23:29:19,19.914242,-43.902565,9.1,14.42,65.8,9,2.9,74.4,3.975,-4.4,0,1,57660
2026-04-27T23:29:48,19.914865,-43.900719,9.2,13.18,66.8,10,1.6,74.2,3.975,-4.4,0,1,57661
2026-04-27T23:30:17,19.915577,-43.898911,1.4,14.10,72.0,8,3.1,74.4,3.980,-4.4,0,1,57662
2026-04-27T23:30:46,19.916273,-43.897068,-0.1,13.53,72.8,8,3.1,74.4,3.976,-4.4,0,1,57663
2026-04-27T23:31:15,19.917061,-43.895226,9.6,15.30,67.4,9,2.8,74.4,3.974,-4.4,0,1,57664
2026-04-27T23:31:44,19.917797,-43.893364,-0.8,14.01,73.1,10,1.6,74.2,3.976,-4.4,0,1,57665
2026-04-27T23:32:13,19.918417,-43.891586,0.6,14.22,69.6,9,1.6,74.5,3.980,-4.4,0,1,57666
2026-04-27T23:32:42,19.919189,-43.889740,10.2,15.19,60.4,9,2.8,74.1,3.977,-4.4,0,1,57667
2026-04-27T23:33:11,19.919922,-43.887985,15.5,13.93,67.6,9,2.8,74.4,3.979,-4.4,0,1,57668
2026-04-27T23:33:40,19.920769,-43.886131,17.9,14.33,62.6,9,2.8,74.5,3.976,-4.4,0,1,57669
2026-04-27T23:34:09,19.921583,-43.884300,17.3,13.48,69.6,9,2.8,74.1,3.975,-4.4,0,1,57670
2026-04-27T23:34:38,19.922085,-43.882416,9.5,13.66,75.3,9,1.6,74.5,3.974,-4.4,0,1,57671
2026-04-27T23:35:07,19.922895,-43.880585,8.3,13.46,62.1,10,1.6,73.9,3.976,-4.4,0,1,57672
2026-04-27T23:35:36,19.923595,-43.878769,5.0,13.50,72.2,10,1.5,74.4,3.977,-4.4,0,1,57673
2026-04-27T23:36:05,19.924210,-43.876919,3.6,12.81,70.7,10,1.5,74.2,3.976,-4.4,0,1,57674
2026-04-27T23:36:34,19.925119,-43.875122,7.1,14.26,54.2,9,2.8,74.4,3.975,1980.4,0,1,57675
2026-04-27T23:37:03,19.925932,-43.873341,17.2,13.76,63.3,8,3.0,74.1,3.980,-4.4,0,1,57676
2026-04-27T23:37:32,19.926529,-43.871498,20.8,13.63,69.7,8,2.9,73.9,3.975,-4.4,0,1,57677
2026-04-27T23:38:01,19.927273,-43.869686,26.4,12.10,68.5,9,2.8,74.1,3.974,-4.4,0,1,57678
2026-04-27T23:38:30,19.928017,-43.867844,23.6,12.92,66.4,10,1.5,74.2,3.974,-4.4,0,1,57679
2026-04-27T23:38:59,19.928623,-43.866024,30.1,13.65,77.6,9,2.8,74.2,3.974,-4.4,0,1,57680
2026-04-27T23:39:28,19.929312,-43.864208,23.1,13.34,76.7,10,1.5,74.1,3.971,1971.6,0,1,57681
2026-04-27T23:39:57,19.929960,-43.862381,26.2,14.46,65.3,9,2.7,73.9,3.975,-4.4,0,1,57682
2026-04-27T23:40:26,19.930613,-43.860584,39.0,13.20,70.0,8,2.8,74.1,3.979,-4.4,0,1,57683
2026-04-27T23:40:55,19.931194,-43.858810,50.3,13.12,67.4,9,2.7,74.1,3.973,-4.4,0,1,57684
2026-04-27T23:41:24,19.931856,-43.856922,40.0,13.94,71.7,8,2.8,73.9,3.975,-4.4,0,1,57685
2026-04-27T23:41:53,19.932621,-43.855103,39.9,13.35,67.6,9,2.7,74.1,3.973,-4.4,0,1,57686
2026-04-27T23:42:22,19.933296,-43.853256,17.0,13.36,65.3,10,2.3,74.1,3.973,-4.4,0,1,57687
2026-04-27T23:42:51,19.933977,-43.851421,13.7,14.40,61.4,9,2.3,73.9,3.975,-4.4,0,1,57688
2026-04-27T23:43:20,19.934681,-43.849594,12.3,12.34,75.4,11,1.4,74.1,3.970,-4.4,0,1,57689
2026-04-27T23:43:49,19.935493,-43.847794,6.2,13.55,61.0,10,2.3,73.9,3.970,-4.4,0,1,57690
2026-04-27T23:44:18,19.936199,-43.845940,2.2,14.31,64.8,9,2.3,74.1,3.973,-4.4,0,1,57691
2026-04-27T23:44:47,19.936941,-43.844120,2.5,13.70,59.9,9,2.3,73.7,3.975,-4.4,0,1,57692
2026-04-27T23:45:16,19.937525,-43.842293,5.1,12.43,65.0,8,2.3,73.9,3.977,-4.4,0,1,57693
2026-04-27T23:45:45,19.938255,-43.840485,3.3,14.03,71.4,7,2.3,73.6,3.974,-4.4,0,1,57694
2026-04-27T23:46:14,19.938951,-43.838642,1.1,13.80,72.4,10,1.4,73.9,3.970,-4.4,0,1,57695
2026-04-27T23:46:43,19.939644,-43.836803,-7.7,13.68,71.3,10,1.4,73.9,3.969,-4.4,0,1,57696
2026-04-27T23:47:12,19.940420,-43.835037,-7.8,13.15,62.2,10,1.4,73.7,3.971,-4.4,0,1,57697
2026-04-27T23:47:41,19.941061,-43.833160,-9.8,14.21,68.8,9,2.2,73.9,3.971,-4.4,0,1,57698
2026-04-27T23:48:10,19.941814,-43.831348,-7.9,14.54,63.5,9,1.4,73.9,3.973,-4.4,0,1,57699
2026-04-27T23:48:39,19.942425,-43.829536,-5.6,12.88,76.2,10,1.4,73.9,3.970,-4.4,0,1,57700
2026-04-27T23:49:08,19.943182,-43.827702,-3.5,14.21,65.2,8,2.2,73.6,3.971,-4.4,0,1,57701
2026-04-27T23:49:37,19.943897,-43.825871,-5.7,14.44,62.9,9,1.4,73.7,3.975,-4.4,0,1,57702
2026-04-27T23:50:06,19.944651,-43.823986,-1.4,14.65,69.9,7,2.5,73.4,3.973,-4.4,0,1,57703
2026-04-27T23:50:35,19.945389,-43.822170,3.4,14.34,65.5,7,2.5,73.7,3.971,-4.4,0,1,57704
2026-04-27T23:51:04,19.945986,-43.820332,8.0,13.12,81.4,9,1.4,73.7,3.970,-4.4,0,1,57705
2026-04-27T23:51:33,19.946684,-43.818478,1.7,13.99,70.5,8,2.2,73.4,3.969,-4.4,0,1,57706
2026-04-27T23:52:02,19.947414,-43.816700,1.5,12.85,73.8,9,2.2,73.9,3.969,-4.4,0,1,57707
2026-04-27T23:52:31,19.948328,-43.814854,0.0,14.78,62.4,8,2.2,73.7,3.967,-4.4,0,1,57708
2026-04-27T23:53:00,19.949018,-43.813023,-2.0,13.42,75.1,8,2.2,73.6,3.971,-4.4,0,1,57709
2026-04-27T23:53:29,19.949844,-43.811214,-1.3,15.13,61.2,8,2.2,73.6,3.970,-4.4,0,1,57710
2026-04-27T23:53:58,19.950508,-43.809353,3.2,12.96,71.8,8,2.2,73.6,3.970,-4.4,0,1,57711
2026-04-27T23:54:27,19.951273,-43.807571,-3.6,14.46,63.4,10,1.3,73.7,3.970,-4.4,0,1,57712
2026-04-27T23:54:56,19.951944,-43.805752,-0.7,13.93,67.8,9,2.1,73.2,3.970,-4.4,0,1,57713
2026-04-27T23:55:25,19.952663,-43.803905,-1.9,14.21,67.3,10,2.1,73.6,3.969,-4.4,0,1,57714
2026-04-27T23:55:54,19.953373,-43.802116,3.6,14.13,65.7,9,2.1,73.2,3.969,-4.4,0,1,57715
2026-04-27T23:56:23,19.954117,-43.800335,9.6,13.20,67.6,8,2.2,73.4,3.970,-4.4,0,1,57716
2026-04-27T23:56:52,19.954880,-43.798447,11.6,13.91,67.8,9,2.0,73.4,3.971,-4.4,0,1,57717
2026-04-27T23:57:21,19.955523,-43.796619,11.0,13.00,70.8,9,2.0,73.4,3.967,-4.4,0,1,57718
2026-04-27T23:57:50,19.956282,-43.794807,17.8,13.16,63.4,9,2.0,73.2,3.969,-4.4,0,1,57719
2026-04-27T23:58:19,19.957026,-43.792953,26.8,14.98,64.2,10,2.0,73.4,3.966,-4.4,0,1,57720
2026-04-27T23:58:48,19.957756,-43.791115,28.2,14.45,68.6,8,2.0,73.4,3.971,-4.4,0,1,57721
2026-04-27T23:59:17,19.958393,-43.789307,30.4,14.40,66.2,9,2.0,73.2,3.967,-4.4,0,1,57722
2026-04-27T23:59:46,19.959085,-43.787491,27.8,13.36,65.8,9,2.0,73.1,3.967,-4.4,0,1,57723
