datetime,lat,lon,alt_m,speed_kts,cog,satellites,hdop,battery_pct,battery_v,charge_rate,rtc_bat_low,fix,boot
2026-04-01T00:00:22,-8.597972,-134.683487,7.9,13.14,70.3,10,1.4,78.6,4.012,-4.4,0,1,2047
2026-04-01T00:00:50,-8.597482,-134.681732,10.8,13.89,78.0,10,1.4,78.6,4.015,-4.4,0,1,2048
2026-04-01T00:01:18,-8.597029,-134.679993,12.2,13.90,76.0,10,1.4,79.1,4.014,-4.4,0,1,2049
2026-04-01T00:01:46,-8.596487,-134.678253,11.4,14.90,71.6,10,1.4,79.0,4.014,-4.4,0,1,2050
2026-04-01T00:02:14,-8.595975,-134.676468,12.4,13.89,70.8,10,1.4,79.0,4.014,2102.0,0,1,2051
2026-04-01T00:02:42,-8.595423,-134.674744,16.5,13.79,70.2,10,1.4,79.1,4.015,-4.4,0,1,2052
2026-04-01T00:03:10,-8.594907,-134.672974,17.7,14.53,70.8,10,1.4,79.1,4.016,-4.4,0,1,2053
2026-04-01T00:03:38,-8.594358,-134.671204,21.4,14.25,69.1,10,1.4,79.4,4.017,-4.4,0,1,2054
2026-04-01T00:04:06,-8.593774,-134.669495,23.1,14.00,74.5,10,1.4,79.4,4.016,-4.4,0,1,2055
2026-04-01T00:04:34,-8.593250,-134.667770,19.8,13.51,73.1,10,1.4,79.4,4.016,-4.4,0,1,2056
2026-04-01T00:05:02,-8.592664,-134.666016,20.9,14.38,69.0,10,1.4,79.4,4.019,-4.4,0,1,2057
2026-04-01T00:05:30,-8.592026,-134.664368,15.0,13.81,74.5,10,1.4,79.8,4.019,-4.4,0,1,2058
2026-04-01T00:05:58,-8.591483,-134.662628,9.7,14.60,68.5,10,1.4,79.6,4.020,-4.4,0,1,2059
2026-04-01T00:06:26,-8.591022,-134.660889,10.7,14.01,78.9,10,1.4,79.9,4.021,-4.4,0,1,2060
2026-04-01T00:06:54,-8.590480,-134.659149,11.1,12.66,71.4,10,1.4,79.9,4.020,-4.4,0,1,2061
2026-04-01T00:07:22,-8.589949,-134.657364,10.3,14.56,74.2,10,1.4,79.9,4.021,-4.4,0,1,2062
2026-04-01T00:07:50,-8.589472,-134.655594,5.1,15.69,69.7,10,1.4,79.9,4.023,-4.4,0,1,2063
2026-04-01T00:08:18,-8.588792,-134.653900,8.7,13.76,68.8,10,1.4,80.1,4.025,-4.4,0,1,2064
2026-04-01T00:08:46,-8.588239,-134.652191,9.8,14.69,70.3,10,1.4,80.1,4.025,-4.4,0,1,2065
2026-04-01T00:09:14,-8.587700,-134.650482,10.1,14.63,71.4,10,1.4,80.1,4.024,2132.4,0,1,2066
2026-04-01T00:09:42,-8.587182,-134.648727,7.0,15.74,70.9,10,1.4,80.4,4.024,-4.4,0,1,2067
2026-04-01T00:10:10,-8.586719,-134.647018,4.4,14.59,71.5,10,1.4,80.3,4.025,-4.4,0,1,2068
2026-04-01T00:10:38,-8.586169,-134.645294,8.5,13.81,72.4,10,1.4,80.4,4.026,-4.4,0,1,2069
2026-04-01T00:11:06,-8.585672,-134.643585,6.2,13.72,74.5,10,1.4,80.4,4.028,-4.4,0,1,2070
2026-04-01T00:11:34,-8.585227,-134.641815,3.7,14.13,70.2,10,1.4,80.7,4.025,-4.4,0,1,2071
2026-04-01T00:12:02,-8.584725,-134.640076,8.0,14.34,71.0,10,1.4,80.7,4.028,-4.4,0,1,2072
2026-04-01T00:12:30,-8.584255,-134.638336,9.0,14.63,75.7,10,1.4,80.7,4.026,-4.4,0,1,2073
2026-04-01T00:12:57,-8.583635,-134.636627,12.7,14.48,68.3,10,1.4,80.9,4.028,-4.4,0,1,2074
2026-04-01T00:13:25,-8.583095,-134.634964,10.2,12.54,76.4,10,1.4,81.1,4.030,-4.4,0,1,2075
2026-04-01T00:13:53,-8.582602,-134.633209,4.8,13.82,71.7,10,1.4,81.1,4.029,-4.4,0,1,2076
2026-04-01T00:14:22,-8.582031,-134.631546,9.9,13.60,69.4,9,1.4,81.6,4.031,-4.4,0,1,2077
2026-04-01T00:14:50,-8.581550,-134.629852,7.0,13.82,72.8,9,1.4,81.2,4.030,-4.4,0,1,2078
2026-04-01T00:15:17,-8.581038,-134.628128,15.3,13.76,72.4,9,1.4,81.2,4.032,-4.4,0,1,2079
2026-04-01T00:15:46,-8.580455,-134.626373,16.6,13.26,72.6,9,1.4,81.6,4.031,-4.4,0,1,2080
2026-04-01T00:16:13,-8.579914,-134.624634,18.4,13.31,70.3,9,1.4,81.2,4.032,-4.4,0,1,2081
2026-04-01T00:16:41,-8.579380,-134.622910,16.9,13.42,68.0,9,1.4,81.6,4.032,-4.4,0,1,2082
2026-04-01T00:17:09,-8.578870,-134.621185,17.8,13.15,71.6,9,1.4,81.9,4.034,-4.2,0,1,2083
2026-04-01T00:17:37,-8.578305,-134.619461,19.8,13.63,66.4,9,1.4,81.6,4.037,-4.4,0,1,2084
2026-04-01T00:18:05,-8.577769,-134.617783,14.0,14.37,76.6,9,1.4,81.7,4.036,-4.4,0,1,2085
2026-04-01T00:18:33,-8.577173,-134.616089,16.2,13.15,68.1,9,1.4,81.7,4.036,-4.4,0,1,2086
2026-04-01T00:19:01,-8.576690,-134.614334,16.7,15.03,72.8,9,1.4,82.1,4.039,-4.4,0,1,2087
2026-04-01T00:19:29,-8.576179,-134.612625,17.2,14.50,70.5,9,1.4,82.1,4.037,-4.4,0,1,2088
2026-04-01T00:19:57,-8.575705,-134.610886,14.1,12.99,71.8,9,1.4,82.1,4.039,-4.4,0,1,2089
2026-04-01T00:20:25,-8.575227,-134.609146,14.0,13.40,72.7,8,1.4,82.1,4.040,-4.4,0,1,2090
2026-04-01T00:20:53,-8.574628,-134.607422,8.4,13.33,70.1,9,1.4,82.2,4.041,-4.4,0,1,2091
2026-04-01T00:21:21,-8.574239,-134.605652,10.8,14.55,77.4,9,1.4,82.5,4.041,-4.4,0,1,2092
2026-04-01T00:21:49,-8.573622,-134.603943,13.5,14.51,76.0,9,1.4,82.4,4.040,2193.2,0,1,2093
2026-04-01T00:22:17,-8.573052,-134.602203,18.0,14.46,67.4,9,1.4,82.4,4.041,-4.4,0,1,2094
2026-04-01T00:22:45,-8.572590,-134.600464,11.3,15.61,72.9,9,1.3,82.7,4.044,-4.4,0,1,2095
2026-04-01T00:23:13,-8.572068,-134.598724,14.8,15.36,68.0,9,1.3,82.7,4.041,-4.4,0,1,2096
2026-04-01T00:23:41,-8.571542,-134.596985,8.0,14.73,75.4,9,1.3,82.9,4.043,-4.4,0,1,2097
2026-04-01T00:24:09,-8.571074,-134.595245,8.7,12.18,71.6,7,1.4,82.9,4.044,-4.4,0,1,2098
2026-04-01T00:24:37,-8.570606,-134.593460,12.8,14.39,71.1,8,1.3,82.9,4.044,-4.4,0,1,2099
2026-04-01T00:25:05,-8.570048,-134.591705,5.7,14.40,74.0,8,1.4,83.2,4.045,-4.2,0,1,2100
2026-04-01T00:25:33,-8.569353,-134.590027,7.0,13.06,69.4,9,1.3,82.7,4.046,-4.4,0,1,2101
2026-04-01T00:26:01,-8.568778,-134.588333,7.5,12.85,64.3,8,1.4,83.0,4.048,-4.4,0,1,2102
2026-04-01T00:26:29,-8.568254,-134.586578,6.2,14.77,69.2,7,1.4,83.4,4.048,-4.4,0,1,2103
2026-04-01T00:26:57,-8.567741,-134.584839,13.4,13.98,71.7,8,1.4,83.4,4.049,-4.4,0,1,2104
2026-04-01T00:27:25,-8.567240,-134.583084,9.8,14.03,72.1,8,1.4,83.5,4.049,-4.4,0,1,2105
2026-04-01T00:27:53,-8.566722,-134.581345,6.1,14.08,69.5,8,1.4,83.2,4.049,-4.2,0,1,2106
2026-04-01T00:28:21,-8.566118,-134.579636,4.6,13.64,66.9,7,1.5,83.5,4.050,-4.4,0,1,2107
2026-04-01T00:28:49,-8.565492,-134.577896,2.6,13.44,73.0,7,1.5,83.7,4.049,-4.4,0,1,2108
2026-04-01T00:29:17,-8.564994,-134.576126,7.4,14.38,72.2,6,3.6,83.7,4.050,-4.4,0,1,2109
2026-04-01T00:29:45,-8.564510,-134.574371,11.8,13.72,73.2,7,1.5,83.5,4.052,-4.4,0,1,2110
2026-04-01T00:30:13,-8.563928,-134.572632,17.0,13.02,72.4,6,4.5,83.8,4.051,-4.4,0,1,2111
2026-04-01T00:30:41,-8.563336,-134.570923,18.4,14.23,71.8,6,4.5,84.2,4.054,-4.4,0,1,2112
2026-04-01T00:31:09,-8.562794,-134.569229,19.5,13.25,69.2,7,1.5,84.0,4.054,-4.4,0,1,2113
2026-04-01T00:31:37,-8.562266,-134.567551,22.8,13.48,81.3,7,1.5,84.0,4.054,-4.4,0,1,2114
2026-04-01T00:32:05,-8.561748,-134.565857,17.6,13.48,66.6,8,1.4,84.0,4.055,2236.6,0,1,2115
2026-04-01T00:32:33,-8.561223,-134.564148,21.4,14.04,72.6,8,1.7,84.5,4.054,-3.7,0,1,2116
2026-04-01T00:33:01,-8.560616,-134.562439,27.7,15.52,70.9,7,3.5,84.5,4.056,-3.7,0,1,2117
2026-04-01T00:33:29,-8.560080,-134.560715,22.9,14.19,67.4,8,1.7,84.5,4.056,-3.7,0,1,2118
2026-04-01T00:33:57,-8.559544,-134.558975,29.5,14.64,76.5,8,1.7,84.6,4.056,-4.0,0,1,2119
2026-04-01T00:34:25,-8.559132,-134.557190,18.7,13.46,77.2,8,1.7,84.5,4.059,-3.7,0,1,2120
2026-04-01T00:34:53,-8.558623,-134.555450,8.2,14.31,66.7,8,1.4,84.8,4.060,-3.7,0,1,2121
2026-04-01T00:35:21,-8.558132,-134.553711,0.2,14.98,65.8,7,3.4,84.9,4.059,-4.0,0,1,2122
2026-04-01T00:35:49,-8.557628,-134.551971,-3.6,13.60,74.8,8,1.6,84.9,4.059,-4.0,0,1,2123
2026-04-01T00:36:17,-8.557041,-134.550278,2.1,14.04,67.1,8,1.6,84.9,4.060,-4.0,0,1,2124
2026-04-01T00:36:45,-8.556614,-134.548447,4.6,14.29,76.5,7,3.2,85.1,4.059,-3.7,0,1,2125
2026-04-01T00:37:13,-8.556022,-134.546768,10.4,14.09,70.9,8,1.6,85.1,4.060,-3.7,0,1,2126
2026-04-01T00:37:41,-8.555443,-134.545074,16.5,12.92,73.6,7,3.2,85.3,4.062,-4.0,0,1,2127
2026-04-01T00:38:09,-8.554935,-134.543381,8.0,12.56,72.0,8,1.4,85.3,4.064,-4.0,0,1,2128
2026-04-01T00:38:37,-8.554440,-134.541672,6.0,13.90,73.7,7,3.3,85.3,4.064,-4.0,0,1,2129
2026-04-01T00:39:05,-8.553917,-134.539963,4.0,13.41,71.0,8,1.3,85.3,4.065,-4.0,0,1,2130
2026-04-01T00:39:33,-8.553415,-134.538239,6.7,14.16,68.3,8,1.6,85.5,4.065,-3.7,0,1,2131
2026-04-01T00:40:01,-8.552979,-134.536469,2.1,13.60,73.1,8,1.3,85.5,4.065,-3.7,0,1,2132
2026-04-01T00:40:29,-8.552470,-134.534744,-0.3,13.35,71.6,8,1.6,85.9,4.065,-3.7,0,1,2133
2026-04-01T00:40:57,-8.552005,-134.532959,-11.7,13.55,66.2,7,1.4,85.6,4.068,-3.7,0,1,2134
2026-04-01T00:41:25,-8.551481,-134.531219,-16.4,14.21,73.3,7,1.6,85.9,4.069,-3.7,0,1,2135
2026-04-01T00:41:53,-8.551023,-134.529495,-21.5,14.52,73.6,7,1.4,85.8,4.069,-4.0,0,1,2136
2026-04-01T00:42:21,-8.550433,-134.527847,-31.2,11.59,74.4,7,1.4,85.8,4.069,-4.0,0,1,2137
2026-04-01T00:42:49,-8.549953,-134.526093,-40.0,13.48,77.4,7,1.3,86.1,4.071,-4.0,0,1,2138
2026-04-01T00:43:17,-8.549391,-134.524445,-50.3,13.19,71.9,7,1.3,86.1,4.069,-4.0,0,1,2139
2026-04-01T00:43:45,-8.548929,-134.522720,-53.5,14.00,76.0,7,1.3,86.1,4.073,-4.0,0,1,2140
2026-04-01T00:44:13,-8.548400,-134.520935,-52.2,14.21,72.5,7,1.3,86.1,4.073,-4.0,0,1,2141
2026-04-01T00:44:41,-8.547838,-134.519226,-50.6,14.12,76.1,7,1.3,86.2,4.073,-3.7,0,1,2142
2026-04-01T00:45:09,-8.547264,-134.517487,-45.0,14.80,72.7,7,1.3,86.2,4.074,-3.7,0,1,2143
2026-04-01T00:45:37,-8.546740,-134.515778,-43.9,13.54,70.7,7,1.5,86.5,4.074,2302.6,0,1,2144
2026-04-01T00:46:05,-8.546199,-134.514053,-53.6,14.19,65.5,7,1.3,86.5,4.074,-4.0,0,1,2145
2026-04-01T00:46:33,-8.545771,-134.512329,-57.6,13.31,72.8,7,1.3,86.6,4.076,-3.7,0,1,2146
2026-04-01T00:47:01,-8.545211,-134.510620,-68.4,13.50,71.2,7,1.3,86.5,4.074,-4.0,0,1,2147
2026-04-01T00:47:29,-8.544745,-134.508865,-76.0,12.74,73.2,7,1.3,86.6,4.076,-3.7,0,1,2148
2026-04-01T00:47:57,-8.544166,-134.507187,-75.3,13.41,69.1,7,1.3,86.8,4.077,-3.7,0,1,2149
2026-04-01T00:48:25,-8.543627,-134.505447,-74.6,13.40,67.2,8,1.4,86.8,4.077,-3.7,0,1,2150
2026-04-01T00:48:53,-8.543097,-134.503708,-71.3,12.73,72.5,8,1.3,86.9,4.077,-4.0,0,1,2151
2026-04-01T00:49:21,-8.542595,-134.501968,-67.2,14.76,79.5,8,1.4,86.8,4.079,-3.7,0,1,2152
2026-04-01T00:49:49,-8.542062,-134.500214,-59.1,13.77,74.0,7,2.6,87.1,4.079,-3.7,0,1,2153
2026-04-01T00:50:17,-8.541460,-134.498520,-52.5,14.57,67.4,7,2.6,87.1,4.080,-3.7,0,1,2154
2026-04-01T00:50:45,-8.540961,-134.496780,-50.2,14.16,72.2,8,1.4,87.2,4.079,-4.0,0,1,2155
2026-04-01T00:51:13,-8.540494,-134.495056,-46.9,13.49,71.8,7,2.6,87.2,4.082,-4.0,0,1,2156
2026-04-01T00:51:41,-8.539992,-134.493332,-44.6,13.49,75.0,7,2.6,87.4,4.081,2325.6,0,1,2157
2026-04-01T00:52:09,-8.539352,-134.491653,-36.4,14.43,68.3,7,2.6,87.4,4.084,-3.7,0,1,2158
2026-04-01T00:52:37,-8.538723,-134.489990,-25.2,13.49,59.3,7,2.6,87.6,4.084,-4.0,0,1,2159
2026-04-01T00:53:05,-8.538275,-134.488190,-13.7,13.79,70.5,8,1.3,87.5,4.084,-3.7,0,1,2160
2026-04-01T00:53:33,-8.537848,-134.486420,-8.6,12.40,71.1,7,2.5,87.6,4.084,-4.0,0,1,2161
2026-04-01T00:54:01,-8.537392,-134.484695,-11.2,13.30,77.9,8,1.3,87.8,4.084,2337.1,0,1,2162
2026-04-01T00:54:29,-8.536767,-134.483032,-1.5,13.68,65.4,8,1.3,87.8,4.085,-3.7,0,1,2163
2026-04-01T00:54:57,-8.536295,-134.481262,2.0,13.40,78.1,8,1.2,88.1,4.086,-4.0,0,1,2164
2026-04-01T00:55:25,-8.535748,-134.479568,6.7,13.29,70.7,8,1.2,87.9,4.088,-3.7,0,1,2165
2026-04-01T00:55:53,-8.535180,-134.477844,7.4,14.52,69.1,8,1.2,88.2,4.088,-3.7,0,1,2166
2026-04-01T00:56:21,-8.534691,-134.476135,10.3,13.21,77.5,8,1.2,88.2,4.089,-3.7,0,1,2167
2026-04-01T00:56:49,-8.534119,-134.474442,11.2,14.08,76.1,8,1.2,88.2,4.089,-3.7,0,1,2168
2026-04-01T00:57:17,-8.533604,-134.472702,6.1,14.49,73.8,8,1.2,88.4,4.089,-4.0,0,1,2169
2026-04-01T00:57:45,-8.533054,-134.471008,3.8,14.86,74.9,8,1.2,88.6,4.091,-4.2,0,1,2170
2026-04-01T00:58:13,-8.532575,-134.469269,0.9,13.02,72.9,8,1.2,88.2,4.090,-3.7,0,1,2171
2026-04-01T00:58:41,-8.532043,-134.467560,-7.8,13.54,66.5,8,1.2,88.4,4.093,-4.0,0,1,2172
2026-04-01T00:59:09,-8.531627,-134.465851,-11.6,13.77,73.1,8,1.3,88.5,4.091,-3.7,0,1,2173
2026-04-01T00:59:37,-8.531070,-134.464172,-9.5,13.95,68.9,7,2.2,88.6,4.093,-4.2,0,1,2174
2026-04-01T01:00:05,-8.530533,-134.462494,-7.1,13.79,77.1,7,2.2,88.8,4.093,-4.2,0,1,2175
2026-04-01T01:00:33,-8.530069,-134.460770,-13.7,13.85,74.1,8,1.1,88.8,4.094,-4.2,0,1,2176
2026-04-01T01:01:01,-8.529534,-134.459106,-17.8,13.88,68.0,7,2.2,89.0,4.095,-4.4,0,1,2177
2026-04-01T01:01:29,-8.528988,-134.457428,-24.0,13.73,71.9,7,2.2,89.0,4.096,-4.4,0,1,2178
2026-04-01T01:01:57,-8.528466,-134.455750,-36.0,12.67,68.3,8,1.1,89.0,4.095,-4.4,0,1,2179
2026-04-01T01:02:25,-8.527951,-134.454025,-28.4,13.43,69.6,7,2.2,89.0,4.096,-4.4,0,1,2180
2026-04-01T01:02:53,-8.527468,-134.452347,-30.6,13.45,71.9,8,1.1,89.3,4.097,-4.2,0,1,2181
2026-04-01T01:03:21,-8.526945,-134.450623,-26.9,13.49,72.3,7,2.2,89.1,4.097,-4.2,0,1,2182
2026-04-01T01:03:49,-8.526464,-134.448853,-18.6,14.13,76.9,7,2.2,89.6,4.097,-4.4,0,1,2183
2026-04-01T01:04:17,-8.525925,-134.447144,-17.5,13.50,70.7,7,2.2,89.6,4.100,-4.4,0,1,2184
2026-04-01T01:04:45,-8.525340,-134.445465,-15.7,13.51,70.0,7,2.2,89.4,4.100,-4.2,0,1,2185
2026-04-01T01:05:13,-8.524860,-134.443756,-17.4,13.14,69.2,8,2.0,89.6,4.099,-4.4,0,1,2186
2026-04-01T01:05:41,-8.524311,-134.442047,-14.2,12.55,73.2,8,2.0,89.9,4.102,-4.2,0,1,2187
2026-04-01T01:06:09,-8.523854,-134.440308,-15.7,14.18,72.7,9,1.7,89.6,4.101,-4.4,0,1,2188
2026-04-01T01:06:37,-8.523350,-134.438599,-18.8,11.76,75.5,9,1.7,89.9,4.102,-4.2,0,1,2189
2026-04-01T01:07:05,-8.522821,-134.436905,-11.4,13.35,68.2,9,1.7,90.1,4.104,-4.2,0,1,2190
2026-04-01T01:07:33,-8.522445,-134.435181,-4.1,13.81,74.8,9,1.7,90.2,4.104,-4.4,0,1,2191
2026-04-01T01:08:01,-8.521916,-134.433456,9.2,14.08,78.3,9,1.9,90.1,4.104,-4.2,0,1,2192
2026-04-01T01:08:29,-8.521363,-134.431747,8.5,13.71,70.1,9,1.7,90.2,4.105,-4.4,0,1,2193
2026-04-01T01:08:57,-8.520799,-134.430023,9.8,13.44,65.2,9,1.9,90.4,4.106,-4.2,0,1,2194
2026-04-01T01:09:25,-8.520233,-134.428329,17.8,13.45,68.6,9,1.9,90.7,4.106,-4.2,0,1,2195
2026-04-01T01:09:53,-8.519680,-134.426636,16.2,14.22,71.7,9,1.6,90.4,4.109,-4.2,0,1,2196
2026-04-01T01:10:21,-8.519156,-134.424942,10.9,13.41,72.8,9,1.6,90.7,4.109,-4.2,0,1,2197
2026-04-01T01:10:49,-8.518615,-134.423203,15.8,14.22,74.3,9,1.9,90.7,4.109,-4.2,0,1,2198
2026-04-01T01:11:17,-8.518053,-134.421524,19.1,13.85,71.5,9,1.8,90.9,4.110,-4.4,0,1,2199
2026-04-01T01:11:45,-8.517489,-134.419846,19.9,13.76,69.4,9,1.6,90.7,4.111,-4.2,0,1,2200
2026-04-01T01:12:13,-8.516965,-134.418182,18.9,13.38,73.5,9,1.6,90.9,4.113,-4.4,0,1,2201
2026-04-01T01:12:41,-8.516412,-134.416443,24.0,13.42,73.1,9,1.8,91.2,4.110,-4.2,0,1,2202
2026-04-01T01:13:09,-8.515899,-134.414719,22.9,12.88,73.3,9,1.8,91.2,4.113,2427.4,0,1,2203
2026-04-01T01:13:37,-8.515357,-134.412994,24.6,14.71,71.0,9,1.6,91.2,4.113,-4.2,0,1,2204
2026-04-01T01:14:05,-8.514840,-134.411270,24.8,13.60,77.3,9,1.6,91.0,4.114,-4.2,0,1,2205
2026-04-01T01:14:33,-8.514321,-134.409546,18.9,13.29,74.0,9,1.8,91.3,4.115,-4.2,0,1,2206
2026-04-01T01:15:01,-8.513875,-134.407806,9.8,14.58,73.7,9,1.8,91.3,4.114,-4.2,0,1,2207
2026-04-01T01:15:29,-8.513347,-134.406097,5.8,13.27,71.3,9,1.6,91.6,4.115,-4.2,0,1,2208
2026-04-01T01:15:57,-8.512815,-134.404388,8.6,13.52,71.2,9,1.6,91.6,4.115,-4.2,0,1,2209
2026-04-01T01:16:25,-8.512324,-134.402695,11.4,14.00,73.6,9,1.6,91.6,4.116,-4.2,0,1,2210
2026-04-01T01:16:53,-8.511855,-134.400940,13.5,14.62,76.9,9,1.7,91.6,4.116,-4.2,0,1,2211
2026-04-01T01:17:21,-8.511356,-134.399200,15.2,12.68,70.6,9,1.6,92.0,4.119,-4.2,0,1,2212
2026-04-01T01:17:49,-8.510903,-134.397461,13.4,14.66,75.7,8,1.9,92.1,4.119,-4.4,0,1,2213
2026-04-01T01:18:17,-8.510380,-134.395767,16.4,12.62,74.8,9,1.6,92.3,4.120,-4.2,0,1,2214
2026-04-01T01:18:45,-8.509903,-134.394028,14.3,14.48,70.8,9,1.5,92.1,4.121,-4.4,0,1,2215
2026-04-01T01:19:13,-8.509423,-134.392288,13.3,13.97,70.1,9,1.5,92.1,4.121,-4.4,0,1,2216
2026-04-01T01:19:41,-8.508944,-134.390549,11.4,12.91,73.7,9,1.7,92.1,4.122,-4.4,0,1,2217
2026-04-01T01:20:09,-8.508453,-134.388855,12.0,13.12,70.1,9,1.5,92.3,4.122,-4.2,0,1,2218
2026-04-01T01:20:37,-8.507985,-134.387115,14.5,13.43,71.2,9,1.6,92.6,4.124,-4.2,0,1,2219
2026-04-01T01:21:05,-8.507658,-134.385361,18.3,14.19,80.3,9,1.6,92.4,4.124,-4.2,0,1,2220
2026-04-01T01:21:33,-8.507115,-134.383652,18.2,13.18,74.2,8,1.9,92.6,4.124,-4.2,0,1,2221
2026-04-01T01:22:01,-8.506666,-134.381958,13.2,13.51,69.6,9,1.5,92.9,4.125,-4.2,0,1,2222
2026-04-01T01:22:29,-8.506215,-134.380249,11.5,13.73,75.5,8,1.9,92.8,4.126,-4.4,0,1,2223
2026-04-01T01:22:57,-8.505795,-134.378525,0.3,13.15,73.9,9,1.6,92.9,4.128,-4.2,0,1,2224
2026-04-01T01:23:25,-8.505303,-134.376846,-1.4,12.33,71.6,8,1.8,93.1,4.129,-4.2,0,1,2225
2026-04-01T01:23:53,-8.504833,-134.375122,-0.8,13.44,76.2,9,1.5,93.1,4.129,-4.2,0,1,2226
2026-04-01T01:24:21,-8.504372,-134.373413,-5.7,12.95,70.1,8,1.8,93.1,4.129,-4.2,0,1,2227
2026-04-01T01:24:49,-8.503937,-134.371689,-6.3,13.44,75.0,8,1.8,93.2,4.129,-4.2,0,1,2228
2026-04-01T01:25:17,-8.503522,-134.369965,-14.8,13.03,74.9,9,1.5,93.4,4.130,-4.4,0,1,2229
2026-04-01T01:25:45,-8.503038,-134.368240,-16.5,12.80,71.3,9,1.6,93.2,4.131,-4.2,0,1,2230
2026-04-01T01:26:13,-8.502628,-134.366531,-18.9,14.16,69.5,9,1.5,93.4,4.131,-4.4,0,1,2231
2026-04-01T01:26:41,-8.502207,-134.364807,-21.2,13.88,73.1,9,1.5,93.5,4.133,-4.2,0,1,2232
2026-04-01T01:27:09,-8.501658,-134.363129,-20.7,14.17,65.6,9,1.5,93.7,4.133,-4.2,0,1,2233
2026-04-01T01:27:37,-8.501154,-134.361404,-12.9,13.47,70.8,9,1.5,93.9,4.131,-4.2,0,1,2234
2026-04-01T01:28:05,-8.500635,-134.359726,-8.2,13.86,74.5,9,1.5,93.9,4.135,-4.2,0,1,2235
2026-04-01T01:28:33,-8.500174,-134.357986,-7.5,12.98,78.2,9,1.4,93.9,4.135,-4.2,0,1,2236
2026-04-01T01:29:01,-8.499680,-134.356293,-1.2,12.98,71.5,9,1.4,94.0,4.135,-4.4,0,1,2237
2026-04-01T01:29:29,-8.499215,-134.354553,-3.0,14.12,74.2,9,1.5,94.3,4.136,-4.2,0,1,2238
2026-04-01T01:29:57,-8.498771,-134.352844,-3.1,13.42,76.3,9,1.4,94.2,4.136,-4.2,0,1,2239
2026-04-01T01:30:25,-8.498312,-134.351135,0.6,13.80,74.4,9,1.4,94.0,4.139,-4.4,0,1,2240
2026-04-01T01:30:53,-8.497875,-134.349426,5.9,14.40,77.2,9,1.5,94.3,4.139,-4.2,0,1,2241
2026-04-01T01:31:21,-8.497396,-134.347733,3.1,14.24,77.3,9,1.4,94.7,4.137,-4.4,0,1,2242
2026-04-01T01:31:49,-8.496957,-134.346039,1.7,13.09,75.8,9,1.5,94.3,4.139,-4.2,0,1,2243
2026-04-01T01:32:17,-8.496526,-134.344284,4.9,13.85,72.3,9,1.4,94.8,4.141,-4.2,0,1,2244
2026-04-01T01:32:45,-8.496058,-134.342575,10.2,14.14,73.9,9,1.4,94.7,4.140,-4.4,0,1,2245
2026-04-01T01:33:13,-8.495585,-134.340866,11.9,12.83,74.1,9,1.5,95.1,4.141,-4.2,0,1,2246
2026-04-01T01:33:41,-8.495171,-134.339127,16.3,14.17,79.2,9,1.4,94.8,4.142,-4.2,0,1,2247
2026-04-01T01:34:09,-8.494739,-134.337387,16.4,12.89,73.9,9,1.4,95.3,4.144,-4.4,0,1,2248
2026-04-01T01:34:37,-8.494293,-134.335648,14.0,14.44,82.9,8,1.6,95.1,4.146,-4.2,0,1,2249
2026-04-01T01:35:05,-8.493778,-134.333954,1.2,12.90,72.0,9,1.4,95.1,4.145,-4.2,0,1,2250
2026-04-01T01:35:33,-8.493355,-134.332245,4.6,13.47,74.6,9,1.4,95.3,4.145,-4.4,0,1,2251
2026-04-01T01:36:01,-8.492917,-134.330521,3.9,13.27,73.6,9,1.4,95.4,4.146,2541.1,0,1,2252
2026-04-01T01:36:29,-8.492337,-134.328888,3.3,14.09,67.0,8,1.6,95.3,4.146,-4.4,0,1,2253
2026-04-01T01:36:57,-8.491977,-134.327103,14.5,12.86,79.9,10,1.3,95.4,4.148,-4.2,0,1,2254
2026-04-01T01:37:25,-8.491460,-134.325409,23.7,13.06,73.6,10,1.3,95.8,4.149,-4.2,0,1,2255
2026-04-01T01:37:53,-8.491131,-134.323593,23.5,12.90,78.2,9,1.5,95.8,4.149,-4.2,0,1,2256
2026-04-01T01:38:21,-8.490652,-134.321930,21.3,13.55,74.8,10,1.3,95.9,4.150,-4.4,0,1,2257
2026-04-01T01:38:49,-8.490267,-134.320190,15.3,14.01,77.2,9,1.5,95.9,4.151,-4.4,0,1,2258
2026-04-01T01:39:17,-8.489883,-134.318344,12.3,15.10,77.4,10,1.3,96.1,4.151,-4.2,0,1,2259
2026-04-01T01:39:45,-8.489518,-134.316589,6.4,13.74,77.4,10,1.3,96.2,4.153,-4.2,0,1,2260
2026-04-01T01:40:13,-8.489104,-134.314880,6.6,13.52,77.3,9,1.4,96.1,4.153,-4.2,0,1,2261
2026-04-01T01:40:41,-8.488635,-134.313156,6.1,13.47,79.3,9,1.4,96.2,4.154,-4.2,0,1,2262
2026-04-01T01:41:09,-8.488162,-134.311417,15.0,13.56,70.3,9,1.4,96.6,4.155,-4.4,0,1,2263
2026-04-01T01:41:37,-8.487723,-134.309708,13.2,14.52,75.2,9,1.4,96.4,4.155,-4.2,0,1,2264
2026-04-01T01:42:05,-8.487277,-134.307983,14.5,13.85,71.8,8,1.7,96.9,4.155,-4.2,0,1,2265
2026-04-01T01:42:33,-8.486832,-134.306259,16.4,13.83,75.3,9,1.3,96.7,4.156,-4.2,0,1,2266
2026-04-01T01:43:01,-8.486309,-134.304565,22.9,13.11,76.3,8,1.7,96.7,4.156,-4.2,0,1,2267
2026-04-01T01:43:29,-8.485855,-134.302841,21.4,13.08,74.9,8,1.7,96.7,4.157,-4.2,0,1,2268
2026-04-01T01:43:57,-8.485501,-134.301102,21.8,12.66,79.1,8,1.7,97.0,4.160,-4.2,0,1,2269
2026-04-01T01:44:25,-8.485040,-134.299438,16.9,12.78,77.6,8,1.7,97.3,4.161,-4.2,0,1,2270
2026-04-01T01:44:53,-8.484573,-134.297745,20.9,13.10,73.4,8,1.7,97.2,4.161,-4.4,0,1,2271
2026-04-01T01:45:21,-8.484084,-134.296036,26.4,13.17,74.7,8,2.0,97.3,4.160,-4.2,0,1,2272
2026-04-01T01:45:49,-8.483595,-134.294327,34.4,13.59,72.9,8,1.7,97.2,4.162,-4.4,0,1,2273
2026-04-01T01:46:17,-8.483049,-134.292633,34.5,13.30,72.8,8,2.0,97.5,4.162,-4.2,0,1,2274
2026-04-01T01:46:45,-8.482530,-134.290939,34.7,13.14,74.5,8,1.6,97.8,4.162,2604.2,0,1,2275
2026-04-01T01:47:13,-8.482008,-134.289230,36.2,13.29,72.5,8,1.6,97.7,4.162,-4.2,0,1,2276
2026-04-01T01:47:41,-8.481488,-134.287506,39.8,13.37,70.7,8,1.6,97.8,4.165,-4.4,0,1,2277
2026-04-01T01:48:09,-8.481012,-134.285797,39.0,13.32,74.3,8,1.9,97.7,4.165,-4.2,0,1,2278
2026-04-01T01:48:37,-8.480487,-134.284088,41.4,13.18,70.6,8,1.6,97.8,4.166,-4.4,0,1,2279
2026-04-01T01:49:05,-8.480049,-134.282394,34.5,12.73,77.3,8,1.9,97.8,4.166,-4.4,0,1,2280
2026-04-01T01:49:33,-8.479567,-134.280685,33.6,13.07,69.5,7,1.7,98.3,4.166,-4.2,0,1,2281
2026-04-01T01:50:01,-8.479063,-134.279007,29.1,13.03,68.4,7,1.7,98.3,4.169,-4.2,0,1,2282
2026-04-01T01:50:29,-8.478615,-134.277283,27.2,12.93,74.0,7,1.7,98.6,4.169,-4.2,0,1,2283
2026-04-01T01:50:57,-8.478096,-134.275558,26.9,13.34,72.4,7,1.7,98.4,4.170,-4.4,0,1,2284
2026-04-01T01:51:25,-8.477574,-134.273834,27.3,13.50,72.3,7,1.6,98.3,4.171,-4.2,0,1,2285
2026-04-01T01:51:53,-8.477077,-134.272125,23.7,13.64,73.8,7,1.6,98.6,4.171,-4.2,0,1,2286
2026-04-01T01:52:21,-8.476568,-134.270401,24.8,13.78,75.6,7,1.6,98.8,4.171,-4.2,0,1,2287
2026-04-01T01:52:49,-8.475988,-134.268692,26.8,13.01,70.7,7,1.6,98.8,4.174,-4.2,0,1,2288
2026-04-01T01:53:17,-8.475534,-134.266968,20.9,13.56,72.8,7,1.6,98.8,4.173,-4.2,0,1,2289
2026-04-01T01:53:45,-8.475016,-134.265274,18.7,13.95,71.8,7,1.6,99.1,4.174,-4.4,0,1,2290
2026-04-01T01:54:13,-8.474493,-134.263596,17.1,13.47,69.7,7,1.6,99.2,4.175,-4.2,0,1,2291
2026-04-01T01:54:41,-8.474037,-134.261887,14.3,13.05,74.9,7,1.6,98.9,4.176,-4.2,0,1,2292
2026-04-01T01:55:09,-8.473543,-134.260178,11.1,13.32,74.2,7,1.8,99.2,4.177,-4.2,0,1,2293
2026-04-01T01:55:37,-8.473023,-134.258484,7.4,12.97,72.8,7,1.6,99.4,4.177,-4.2,0,1,2294
2026-04-01T01:56:05,-8.472554,-134.256805,3.7,13.48,74.0,7,1.6,99.6,4.177,-4.2,0,1,2295
2026-04-01T01:56:33,-8.472053,-134.255096,4.4,13.73,70.3,7,1.6,99.6,4.179,-4.2,0,1,2296
2026-04-01T01:57:01,-8.471491,-134.253372,10.3,13.38,72.9,8,1.5,99.7,4.179,2654.7,0,1,2297
2026-04-01T01:57:29,-8.470993,-134.251694,10.3,13.91,72.3,8,1.5,99.7,4.180,-4.4,0,1,2298
2026-04-01T01:57:57,-8.470463,-134.249954,11.6,14.13,75.6,8,1.5,100.0,4.184,-4.2,0,1,2299
2026-04-01T01:58:25,-8.469975,-134.248276,7.9,14.36,82.1,8,1.5,99.9,4.182,-4.2,0,1,2300
2026-04-01T01:58:53,-8.469455,-134.246597,7.3,12.99,75.2,8,1.5,100.0,4.182,2663.2,0,1,2301
2026-04-01T01:59:21,-8.468924,-134.244904,7.6,12.02,72.9,8,1.5,100.3,4.184,-4.4,0,1,2302
2026-04-01T01:59:49,-8.468416,-134.243179,6.6,13.06,77.8,8,1.5,100.2,4.185,-4.2,0,1,2303
2026-04-01T02:00:17,-8.467900,-134.241486,6.3,11.86,72.7,8,1.5,100.2,4.186,-4.2,0,1,2304
2026-04-01T02:00:45,-8.467370,-134.239777,8.4,13.64,74.2,8,1.5,100.5,4.185,-4.2,0,1,2305
2026-04-01T02:01:13,-8.466831,-134.238068,10.9,13.42,74.4,7,2.6,100.3,4.185,-4.4,0,1,2306
2026-04-01T02:01:41,-8.466277,-134.236359,15.6,14.92,71.7,8,1.5,100.8,4.189,-4.2,0,1,2307
2026-04-01T02:02:09,-8.465748,-134.234665,17.2,13.31,71.2,8,1.5,100.8,4.187,-4.2,0,1,2308
2026-04-01T02:02:37,-8.465248,-134.233002,15.5,13.18,73.4,8,1.5,101.0,4.190,-4.4,0,1,2309
2026-04-01T02:03:05,-8.464750,-134.231277,14.1,13.50,76.4,8,1.5,100.8,4.191,-4.2,0,1,2310
2026-04-01T02:03:33,-8.464173,-134.229584,17.7,13.65,71.7,8,1.5,101.0,4.193,-4.4,0,1,2311
2026-04-01T02:04:01,-8.463683,-134.227859,18.8,12.78,74.6,8,1.5,101.3,4.194,-4.2,0,1,2312
2026-04-01T02:04:29,-8.463195,-134.226120,16.9,13.79,76.0,8,1.4,101.3,4.194,-4.2,0,1,2313
2026-04-01T02:04:57,-8.462693,-134.224426,17.4,13.45,72.6,8,1.4,101.6,4.194,-4.4,0,1,2314
2026-04-01T02:05:25,-8.462158,-134.222733,21.0,12.59,71.9,8,1.4,101.5,4.194,-4.2,0,1,2315
2026-04-01T02:05:53,-8.461596,-134.221054,25.8,13.01,72.6,8,1.4,101.5,4.195,-4.2,0,1,2316
2026-04-01T02:06:21,-8.461005,-134.219376,31.5,13.45,68.8,8,1.4,101.6,4.194,-4.4,0,1,2317
2026-04-01T02:06:49,-8.460517,-134.217651,28.9,11.90,69.6,8,1.4,101.9,4.196,-4.2,0,1,2318
2026-04-01T02:07:17,-8.460052,-134.215897,26.8,14.22,76.1,8,1.4,101.8,4.198,-4.2,0,1,2319
2026-04-01T02:07:45,-8.459568,-134.214233,26.3,13.12,74.4,8,1.4,102.4,4.199,-4.2,0,1,2320
2026-04-01T02:08:13,-8.459037,-134.212524,26.8,12.93,72.7,8,1.4,102.4,4.199,-4.2,0,1,2321
2026-04-01T02:08:41,-8.458477,-134.210815,29.1,13.57,74.8,8,1.4,102.2,4.201,-4.4,0,1,2322
2026-04-01T02:09:09,-8.457892,-134.209122,30.6,13.92,71.4,8,1.4,102.2,4.201,-4.4,0,1,2323
2026-04-01T02:09:37,-8.457356,-134.207428,32.6,13.74,76.3,8,1.4,102.4,4.202,-4.2,0,1,2324
2026-04-01T02:10:05,-8.456800,-134.205673,34.9,13.43,74.0,8,1.4,102.7,4.201,-4.2,0,1,2325
2026-04-01T02:10:33,-8.456317,-134.203964,31.1,13.48,75.1,8,1.4,102.6,4.205,-4.2,0,1,2326
2026-04-01T02:11:01,-8.455832,-134.202316,26.7,13.22,75.8,8,1.4,102.7,4.202,-4.2,0,1,2327
2026-04-01T02:11:29,-8.455266,-134.200607,26.9,13.63,77.6,8,1.4,102.7,4.206,-4.2,0,1,2328
2026-04-01T02:11:57,-8.454728,-134.198914,29.1,13.87,73.5,8,1.4,103.2,4.206,-4.2,0,1,2329
2026-04-01T02:12:25,-8.454168,-134.197189,28.5,13.97,72.4,8,1.4,103.2,4.207,-4.2,0,1,2330
2026-04-01T02:12:53,-8.453645,-134.195511,30.7,13.20,71.8,8,1.4,103.2,4.206,-4.2,0,1,2331
2026-04-01T02:13:21,-8.453092,-134.193832,33.4,13.15,70.9,8,1.4,103.5,4.211,-4.4,0,1,2332
2026-04-01T02:13:49,-8.452554,-134.192123,33.5,13.99,74.1,8,1.4,103.7,4.210,-4.2,0,1,2333
2026-04-01T02:14:17,-8.451992,-134.190445,34.4,13.54,74.7,8,1.4,103.7,4.211,-4.2,0,1,2334
2026-04-01T02:14:45,-8.451452,-134.188705,33.5,13.93,75.2,8,1.4,103.8,4.211,-4.2,0,1,2335
2026-04-01T02:15:13,-8.450940,-134.187027,29.0,13.55,71.8,8,1.5,103.8,4.211,-4.2,0,1,2336
2026-04-01T02:15:41,-8.450437,-134.185318,28.5,12.96,75.5,8,1.4,103.8,4.213,-4.2,0,1,2337
2026-04-01T02:16:09,-8.449927,-134.183594,26.9,13.84,73.1,8,1.4,103.7,4.213,-4.2,0,1,2338
2026-04-01T02:16:37,-8.449384,-134.181870,24.4,13.02,70.4,8,1.4,103.7,4.214,-4.2,0,1,2339
2026-04-01T02:17:05,-8.448836,-134.180145,21.0,13.63,73.4,8,1.4,104.0,4.211,-4.2,0,1,2340
2026-04-01T02:17:33,-8.448337,-134.178452,24.5,13.20,71.2,8,1.4,104.0,4.213,-4.2,0,1,2341
2026-04-01T02:18:01,-8.447749,-134.176727,24.3,13.23,71.6,8,1.4,103.8,4.214,-4.2,0,1,2342
2026-04-01T02:18:29,-8.447227,-134.175034,23.5,13.94,74.0,8,1.4,104.0,4.214,-4.2,0,1,2343
2026-04-01T02:18:57,-8.446756,-134.173325,24.5,13.50,72.7,9,1.3,104.1,4.214,-4.4,0,1,2344
2026-04-01T02:19:25,-8.446277,-134.171692,18.5,12.25,70.5,9,1.3,104.0,4.214,-4.2,0,1,2345
2026-04-01T02:19:53,-8.445734,-134.169983,16.9,13.60,74.0,9,1.3,104.0,4.215,2768.5,0,1,2346
2026-04-01T02:20:21,-8.445251,-134.168289,12.8,13.03,75.7,9,1.3,104.1,4.215,-4.4,0,1,2347
2026-04-01T02:20:49,-8.444729,-134.166550,11.3,13.64,77.6,9,1.3,104.0,4.215,-4.2,0,1,2348
2026-04-01T02:21:17,-8.444154,-134.164841,19.2,13.61,74.6,9,1.3,104.0,4.215,-4.2,0,1,2349
2026-04-01T02:21:45,-8.443617,-134.163116,14.1,14.24,72.4,9,1.3,104.3,4.216,-4.2,0,1,2350
2026-04-01T02:22:13,-8.443142,-134.161423,9.8,13.83,74.2,9,1.3,104.1,4.216,-4.4,0,1,2351
2026-04-01T02:22:41,-8.442580,-134.159698,16.0,14.42,74.7,9,1.3,104.3,4.215,-4.2,0,1,2352
2026-04-01T02:23:09,-8.442057,-134.158020,17.4,13.44,73.4,9,1.3,104.1,4.218,-4.4,0,1,2353
2026-04-01T02:23:37,-8.441545,-134.156311,20.5,13.07,72.0,9,1.3,104.1,4.216,-4.4,0,1,2354
2026-04-01T02:24:05,-8.440993,-134.154602,24.2,14.58,76.2,9,1.2,104.0,4.216,-4.2,0,1,2355
2026-04-01T02:24:33,-8.440443,-134.152893,22.8,13.33,73.7,9,1.2,104.1,4.215,-4.4,0,1,2356
2026-04-01T02:25:01,-8.439910,-134.151245,25.8,13.33,74.5,9,1.2,104.1,4.216,-4.4,0,1,2357
2026-04-01T02:25:29,-8.439484,-134.149521,24.1,12.80,77.1,9,1.2,104.1,4.215,-4.4,0,1,2358
2026-04-01T02:25:57,-8.439032,-134.147781,22.0,13.93,77.5,9,1.2,104.3,4.216,-4.2,0,1,2359
2026-04-01T02:26:25,-8.438507,-134.146103,21.9,12.64,77.6,9,1.2,104.3,4.215,-4.2,0,1,2360
2026-04-01T02:26:53,-8.437939,-134.144424,22.6,13.79,73.9,9,1.2,104.3,4.216,-4.2,0,1,2361
2026-04-01T02:27:21,-8.437437,-134.142746,22.3,13.06,75.8,9,1.2,104.1,4.214,-4.4,0,1,2362
2026-04-01T02:27:49,-8.436974,-134.141037,19.6,13.15,75.1,9,1.2,104.3,4.216,-4.2,0,1,2363
2026-04-01T02:28:17,-8.436440,-134.139313,24.4,13.08,72.8,9,1.2,104.1,4.215,-4.4,0,1,2364
2026-04-01T02:28:45,-8.435912,-134.137619,28.0,13.75,72.7,8,1.2,104.3,4.216,-4.2,0,1,2365
2026-04-01T02:29:13,-8.435393,-134.135925,24.2,14.52,70.0,9,1.2,104.1,4.216,-4.4,0,1,2366
2026-04-01T02:29:41,-8.434949,-134.134247,24.5,12.49,77.4,8,1.2,104.3,4.216,-4.2,0,1,2367
2026-04-01T02:30:09,-8.434447,-134.132599,26.1,14.78,73.9,9,1.2,104.3,4.216,-4.2,0,1,2368
2026-04-01T02:30:37,-8.433966,-134.130920,28.8,12.83,74.4,8,1.2,104.3,4.216,-4.2,0,1,2369
2026-04-01T02:31:05,-8.433392,-134.129211,35.5,13.52,71.8,8,1.2,104.6,4.216,-4.2,0,1,2370
2026-04-01T02:31:33,-8.432888,-134.127518,42.6,13.44,76.6,8,1.2,104.3,4.216,-4.2,0,1,2371
2026-04-01T02:32:01,-8.432364,-134.125824,45.2,12.86,74.5,7,1.3,104.3,4.219,-4.2,0,1,2372
2026-04-01T02:32:29,-8.431952,-134.124161,35.9,13.23,75.2,8,1.2,104.5,4.216,-4.2,0,1,2373
2026-04-01T02:32:57,-8.431465,-134.122498,34.9,13.87,73.7,8,1.2,104.5,4.218,-4.2,0,1,2374
2026-04-01T02:33:25,-8.430851,-134.120819,38.0,13.19,70.8,8,1.3,104.3,4.218,-4.2,0,1,2375
2026-04-01T02:33:53,-8.430391,-134.119141,31.9,13.50,70.5,8,1.2,104.6,4.218,-4.2,0,1,2376
2026-04-01T02:34:21,-8.429976,-134.117432,29.2,14.04,76.8,8,2.3,104.5,4.218,-4.2,0,1,2377
2026-04-01T02:34:49,-8.429410,-134.115784,32.4,11.93,69.2,9,1.1,104.5,4.216,-4.2,0,1,2378
2026-04-01T02:35:17,-8.428782,-134.114090,36.2,14.74,71.9,8,1.2,104.6,4.216,-4.2,0,1,2379
2026-04-01T02:35:45,-8.428251,-134.112442,30.8,12.84,69.3,9,1.1,104.5,4.218,-4.2,0,1,2380
2026-04-01T02:36:13,-8.427730,-134.110718,29.7,13.82,69.1,9,1.1,104.6,4.218,-4.2,0,1,2381
2026-04-01T02:36:41,-8.427143,-134.109100,31.3,14.24,69.4,9,1.1,104.3,4.219,-4.2,0,1,2382
2026-04-01T02:37:09,-8.426583,-134.107437,37.0,13.56,67.6,9,1.1,104.6,4.216,-4.2,0,1,2383
2026-04-01T02:37:37,-8.426062,-134.105804,36.4,13.38,59.0,9,1.1,104.5,4.218,-4.2,0,1,2384
2026-04-01T02:38:05,-8.425592,-134.104095,29.4,13.41,70.5,9,1.1,104.5,4.216,-4.2,0,1,2385
2026-04-01T02:38:33,-8.425145,-134.102371,24.3,13.25,66.3,9,1.1,104.5,4.218,-4.2,0,1,2386
2026-04-01T02:39:01,-8.424546,-134.100601,22.2,13.78,68.0,9,1.1,104.8,4.219,-4.4,0,1,2387
2026-04-01T02:39:29,-8.424006,-134.098984,24.0,13.42,68.9,9,1.2,104.6,4.218,-4.2,0,1,2388
2026-04-01T02:39:57,-8.423463,-134.097290,25.7,13.46,66.6,9,1.1,104.3,4.218,-4.2,0,1,2389
2026-04-01T02:40:25,-8.422820,-134.095612,31.1,13.60,60.8,8,2.2,104.1,4.219,-4.4,0,1,2390
2026-04-01T02:40:53,-8.422315,-134.093918,34.2,13.12,69.9,9,1.1,104.6,4.218,-4.2,0,1,2391
2026-04-01T02:41:21,-8.421708,-134.092239,41.8,13.07,69.4,8,2.2,104.5,4.219,-4.2,0,1,2392
2026-04-01T02:41:49,-8.421148,-134.090500,45.9,14.57,70.6,8,2.2,104.5,4.220,-4.2,0,1,2393
2026-04-01T02:42:17,-8.420668,-134.088852,38.0,12.95,72.6,8,2.2,104.6,4.219,-4.2,0,1,2394
2026-04-01T02:42:45,-8.420173,-134.087112,28.6,13.14,70.0,8,2.2,104.5,4.219,-4.2,0,1,2395
2026-04-01T02:43:13,-8.419702,-134.085480,25.3,13.35,67.4,8,2.2,104.6,4.219,-4.2,0,1,2396
2026-04-01T02:43:41,-8.419069,-134.083694,36.5,13.69,71.7,8,2.2,104.5,4.218,-4.2,0,1,2397
2026-04-01T02:44:09,-8.418420,-134.082016,38.6,12.80,67.7,7,2.8,104.5,4.219,-4.2,0,1,2398
2026-04-01T02:44:37,-8.417928,-134.080353,35.6,13.96,72.4,8,2.1,104.6,4.219,-4.2,0,1,2399
2026-04-01T02:45:05,-8.417430,-134.078659,29.3,13.26,72.3,7,2.2,104.6,4.218,-4.2,0,1,2400
2026-04-01T02:45:33,-8.416904,-134.076920,23.0,14.06,75.7,6,8.4,104.5,4.220,-4.2,0,1,2401
2026-04-01T02:46:01,-8.416367,-134.075211,25.2,14.09,74.9,6,3.3,104.8,4.219,-4.4,0,1,2402
2026-04-01T02:46:29,-8.415810,-134.073547,18.3,15.10,76.0,7,2.2,104.8,4.219,-4.4,0,1,2403
2026-04-01T02:46:57,-8.415257,-134.071701,20.5,11.23,72.7,6,3.3,104.8,4.219,-4.4,0,1,2404
2026-04-01T02:47:25,-8.414703,-134.070023,20.3,14.01,72.4,7,2.1,104.6,4.219,-4.2,0,1,2405
2026-04-01T02:47:53,-8.414006,-134.068466,22.7,12.50,62.9,7,2.1,104.9,4.218,-4.2,0,1,2406
2026-04-01T02:48:21,-8.413540,-134.066788,17.7,11.63,72.7,6,3.3,104.5,4.219,-4.2,0,1,2407
2026-04-01T02:48:49,-8.413100,-134.065155,19.3,12.46,72.2,7,2.1,104.8,4.220,-4.4,0,1,2408
2026-04-01T02:49:17,-8.412512,-134.063431,19.7,12.17,66.5,7,2.1,104.6,4.218,-4.2,0,1,2409
2026-04-01T02:49:45,-8.412044,-134.061722,19.0,13.08,72.9,6,3.3,104.6,4.219,-4.2,0,1,2410
2026-04-01T02:50:13,-8.411656,-134.060074,19.2,13.05,74.3,7,2.0,104.6,4.219,-4.2,0,1,2411
2026-04-01T02:50:41,-8.411412,-134.058350,12.9,13.36,83.4,6,3.3,104.6,4.218,-4.2,0,1,2412
2026-04-01T02:51:09,-8.410958,-134.056610,6.9,13.29,72.3,6,3.3,104.5,4.219,-4.2,0,1,2413
2026-04-01T02:51:37,-8.410606,-134.054901,-6.2,13.39,82.3,6,3.3,104.6,4.218,-4.2,0,1,2414
2026-04-01T02:52:05,-8.410280,-134.053223,-20.0,13.17,78.6,6,3.3,104.6,4.219,-4.2,0,1,2415
2026-04-01T02:52:33,-8.409928,-134.051529,-30.0,12.77,75.7,6,3.3,104.8,4.218,-4.4,0,1,2416
2026-04-01T02:53:01,-8.409616,-134.049789,-37.9,12.97,77.3,6,3.3,104.5,4.219,-4.2,0,1,2417
2026-04-01T02:53:29,-8.409225,-134.048004,-45.4,12.65,77.6,6,3.3,104.6,4.219,-4.2,0,1,2418
2026-04-01T02:53:57,-8.408780,-134.046310,-52.3,11.87,73.6,6,3.4,104.6,4.218,-4.2,0,1,2419
2026-04-01T02:54:25,-8.408305,-134.044647,-57.1,11.60,67.6,6,3.4,104.6,4.220,-4.2,0,1,2420
2026-04-01T02:54:53,-8.407792,-134.042908,-59.5,10.35,65.6,6,7.8,104.8,4.220,-4.4,0,1,2421
2026-04-01T02:55:21,-8.407268,-134.041122,-62.1,11.87,69.1,6,3.4,104.5,4.221,-4.2,0,1,2422
2026-04-01T02:55:49,-8.406657,-134.039490,-60.1,12.75,74.0,7,2.5,104.5,4.218,-4.2,0,1,2423
2026-04-01T02:56:17,-8.405486,-134.037979,-20.5,13.04,75.4,7,2.5,104.5,4.219,-4.2,0,1,2424
2026-04-01T02:56:45,-8.404805,-134.036194,-9.3,12.89,73.0,7,2.5,104.8,4.219,-4.4,0,1,2425
2026-04-01T02:57:14,-8.404181,-134.034485,0.8,13.00,76.0,7,2.5,104.8,4.218,-4.4,0,1,2426
2026-04-01T02:57:41,-8.403552,-134.032837,11.5,13.15,74.2,7,2.4,104.9,4.219,-4.2,0,1,2427
2026-04-01T02:58:09,-8.402915,-134.031113,18.1,13.12,71.3,7,2.4,104.5,4.220,-4.2,0,1,2428
2026-04-01T02:58:38,-8.402450,-134.029495,10.2,13.42,74.8,7,2.4,104.9,4.219,-4.2,0,1,2429
2026-04-01T02:59:05,-8.401938,-134.027786,8.2,13.18,75.2,7,2.4,104.8,4.220,-4.4,0,1,2430
2026-04-01T02:59:34,-8.401494,-134.026093,4.6,13.47,76.9,7,3.9,104.6,4.219,-4.2,0,1,2431
2026-04-01T03:00:02,-8.401018,-134.024399,-0.9,13.03,78.2,7,2.4,104.8,4.219,-4.4,0,1,2432
2026-04-01T03:00:30,-8.400558,-134.022690,-10.4,14.24,69.1,7,2.3,104.6,4.219,-4.2,0,1,2433
2026-04-01T03:00:58,-8.400088,-134.021027,-11.2,13.09,76.9,7,2.3,104.6,4.220,-4.2,0,1,2434
2026-04-01T03:01:26,-8.399506,-134.019333,-5.3,12.13,71.6,7,3.8,104.6,4.218,-4.2,0,1,2435
2026-04-01T03:01:54,-8.398880,-134.017593,7.4,13.51,73.0,7,2.3,104.6,4.219,-4.2,0,1,2436
2026-04-01T03:02:22,-8.398396,-134.015884,3.8,14.01,72.9,7,2.3,104.6,4.220,-4.2,0,1,2437
2026-04-01T03:02:50,-8.397861,-134.014206,3.8,12.94,70.0,7,2.3,104.5,4.221,-4.2,0,1,2438
2026-04-01T03:03:18,-8.397302,-134.012497,5.6,12.29,71.6,7,3.7,104.9,4.219,-4.2,0,1,2439
2026-04-01T03:03:46,-8.396791,-134.010757,-0.4,13.48,70.9,7,3.6,104.6,4.219,-4.2,0,1,2440
2026-04-01T03:04:14,-8.396306,-134.009048,-10.4,12.66,72.7,7,3.6,104.8,4.220,-4.4,0,1,2441
2026-04-01T03:04:42,-8.395857,-134.007355,-24.5,13.99,73.8,7,2.2,104.8,4.220,-4.4,0,1,2442
2026-04-01T03:05:10,-8.395398,-134.005630,-23.7,13.75,73.3,7,2.2,104.6,4.219,-4.2,0,1,2443
2026-04-01T03:05:38,-8.394818,-134.003922,-12.8,10.92,70.4,7,3.5,104.5,4.219,-4.2,0,1,2444
2026-04-01T03:06:06,-8.394315,-134.002197,-6.9,12.81,74.2,7,3.5,104.5,4.220,-4.2,0,1,2445
2026-04-01T03:06:34,-8.393747,-134.000534,-0.2,12.47,66.6,7,3.5,104.8,4.218,-4.4,0,1,2446
2026-04-01T03:07:02,-8.393249,-133.998825,1.8,14.53,75.0,7,2.2,104.3,4.214,-4.2,0,1,2447
2026-04-01T03:07:30,-8.392763,-133.997070,-7.1,14.82,70.0,7,2.2,104.1,4.215,-4.4,0,1,2448
2026-04-01T03:07:58,-8.392339,-133.995346,-13.4,16.92,71.2,7,2.1,104.0,4.215,-4.2,0,1,2449
2026-04-01T03:08:26,-8.391875,-133.993683,-16.4,13.81,76.1,7,3.4,104.0,4.216,-4.2,0,1,2450
2026-04-01T03:08:54,-8.391483,-133.991989,-20.7,13.81,70.8,7,2.1,104.3,4.215,-4.2,0,1,2451
2026-04-01T03:09:22,-8.391088,-133.990219,-32.5,13.69,73.9,7,3.3,104.0,4.215,-4.2,0,1,2452
2026-04-01T03:09:50,-8.390587,-133.988510,-31.4,14.08,70.6,7,2.1,104.1,4.214,-4.4,0,1,2453
2026-04-01T03:10:18,-8.390049,-133.986832,-22.1,13.72,70.1,7,3.3,104.1,4.215,-4.4,0,1,2454
2026-04-01T03:10:46,-8.389619,-133.985107,-24.6,12.92,76.6,7,3.3,104.3,4.215,-4.2,0,1,2455
2026-04-01T03:11:14,-8.389195,-133.983398,-24.1,13.26,76.2,7,2.0,104.0,4.215,2768.5,0,1,2456
2026-04-01T03:11:42,-8.388617,-133.981689,-19.8,13.41,75.4,7,3.2,104.3,4.215,-4.2,0,1,2457
2026-04-01T03:12:10,-8.388130,-133.980011,-16.3,14.04,79.9,7,3.2,104.0,4.215,-4.2,0,1,2458
2026-04-01T03:12:38,-8.387608,-133.978317,-7.8,13.12,74.0,6,5.2,104.0,4.215,-4.2,0,1,2459
2026-04-01T03:13:06,-8.387080,-133.976593,7.5,13.60,74.2,7,3.2,104.1,4.215,-4.4,0,1,2460
2026-04-01T03:13:34,-8.386545,-133.974884,8.1,12.37,69.3,6,5.1,104.0,4.214,-4.2,0,1,2461
2026-04-01T03:14:02,-8.386047,-133.973190,21.3,12.88,71.2,6,3.3,104.0,4.215,-4.2,0,1,2462
2026-04-01T03:14:30,-8.385555,-133.971451,27.4,13.41,73.7,6,5.0,104.0,4.215,-4.2,0,1,2463
2026-04-01T03:14:58,-8.385000,-133.969742,26.0,13.10,70.9,6,5.0,104.0,4.215,-4.2,0,1,2464
2026-04-01T03:15:26,-8.384579,-133.968033,23.3,13.99,72.7,6,4.9,104.0,4.215,-4.2,0,1,2465
2026-04-01T03:15:54,-8.384158,-133.966293,12.0,13.45,75.4,6,4.9,104.1,4.215,-4.4,0,1,2466
2026-04-01T03:16:22,-8.383607,-133.964600,15.8,13.55,70.3,6,3.3,103.8,4.215,-4.2,0,1,2467
2026-04-01T03:16:50,-8.383096,-133.962921,25.7,13.77,69.8,6,3.3,104.0,4.214,-4.2,0,1,2468
2026-04-01T03:17:17,-8.382607,-133.961212,30.5,13.32,75.1,7,3.0,104.0,4.215,-4.2,0,1,2469
2026-04-01T03:17:45,-8.382068,-133.959396,34.2,13.23,75.7,7,3.0,104.0,4.215,-4.2,0,1,2470
2026-04-01T03:18:13,-8.381608,-133.957718,44.9,14.13,78.8,7,1.9,104.0,4.215,-4.2,0,1,2471
2026-04-01T03:18:41,-8.380941,-133.956039,54.6,13.53,70.1,7,3.0,104.0,4.214,-4.2,0,1,2472
2026-04-01T03:19:09,-8.380511,-133.954285,51.8,13.27,72.3,7,3.0,104.0,4.214,-4.2,0,1,2473
2026-04-01T03:19:37,-8.380108,-133.952499,45.3,13.47,74.6,7,3.0,104.0,4.214,-4.2,0,1,2474
2026-04-01T03:20:05,-8.379495,-133.950760,60.2,15.10,72.1,7,3.0,103.8,4.215,-4.2,0,1,2475
2026-04-01T03:20:33,-8.379026,-133.949158,59.2,13.00,71.2,7,2.9,104.1,4.214,-4.4,0,1,2476
2026-04-01T03:21:01,-8.378623,-133.947433,56.7,14.17,76.4,6,2.2,103.8,4.213,-4.2,0,1,2477
2026-04-01T03:21:29,-8.378168,-133.945679,46.9,14.68,74.8,7,1.8,104.0,4.213,-4.2,0,1,2478
2026-04-01T03:21:57,-8.377742,-133.943924,49.0,13.22,77.8,8,1.7,104.0,4.214,-4.2,0,1,2479
2026-04-01T03:22:25,-8.377071,-133.942291,69.8,15.17,71.2,8,2.8,104.0,4.215,-4.2,0,1,2480
2026-04-01T03:22:53,-8.376558,-133.940552,66.7,13.95,71.8,8,1.7,104.5,4.214,-4.2,0,1,2481
2026-04-01T03:23:21,-8.376123,-133.938828,70.1,13.51,72.1,8,1.7,104.0,4.215,-4.2,0,1,2482
2026-04-01T03:23:49,-8.375607,-133.937164,72.4,12.36,69.6,8,1.7,104.0,4.213,-4.2,0,1,2483
2026-04-01T03:24:17,-8.375141,-133.935440,73.5,14.01,77.6,8,1.7,104.0,4.214,-4.2,0,1,2484
2026-04-01T03:24:45,-8.374626,-133.933746,72.2,14.40,74.6,8,2.8,104.0,4.215,-4.2,0,1,2485
2026-04-01T03:25:13,-8.374133,-133.932037,67.6,12.65,72.6,8,1.7,104.0,4.214,-4.2,0,1,2486
2026-04-01T03:25:41,-8.373662,-133.930359,62.0,14.08,75.2,8,1.7,104.1,4.214,-4.4,0,1,2487
2026-04-01T03:26:09,-8.373300,-133.928574,55.9,14.08,76.4,8,1.7,104.3,4.213,-4.2,0,1,2488
2026-04-01T03:26:37,-8.372803,-133.926910,45.4,15.43,68.9,8,1.7,104.0,4.213,-4.2,0,1,2489
2026-04-01T03:27:05,-8.372411,-133.925156,41.1,14.36,80.9,8,1.7,103.8,4.214,-4.2,0,1,2490
2026-04-01T03:27:33,-8.371865,-133.923492,40.0,13.90,73.2,8,1.7,104.1,4.214,-4.4,0,1,2491
2026-04-01T03:28:01,-8.371382,-133.921814,35.6,13.26,75.0,8,1.7,103.8,4.215,-4.2,0,1,2492
2026-04-01T03:28:29,-8.370936,-133.920090,36.2,13.73,77.8,8,1.6,104.0,4.216,-4.2,0,1,2493
2026-04-01T03:28:57,-8.370420,-133.918381,39.2,14.04,77.8,8,1.6,104.0,4.214,2768.5,0,1,2494
2026-04-01T03:29:25,-8.369939,-133.916687,39.8,13.97,73.7,8,1.6,104.1,4.215,-4.4,0,1,2495
2026-04-01T03:29:53,-8.369468,-133.914993,39.6,13.26,74.1,8,2.6,104.0,4.214,-4.2,0,1,2496
2026-04-01T03:30:21,-8.369028,-133.913223,42.6,15.31,79.9,8,2.6,104.0,4.214,-4.2,0,1,2497
2026-04-01T03:30:49,-8.368513,-133.911560,44.3,14.11,79.1,8,1.6,104.0,4.213,-4.2,0,1,2498
2026-04-01T03:31:17,-8.368047,-133.909790,52.0,14.24,71.6,8,1.6,103.7,4.214,-4.2,0,1,2499
2026-04-01T03:31:45,-8.367506,-133.908096,57.8,14.22,76.2,8,1.6,104.0,4.214,-4.2,0,1,2500
2026-04-01T03:32:13,-8.367056,-133.906387,59.5,16.73,76.9,7,2.9,103.8,4.214,-4.2,0,1,2501
2026-04-01T03:32:41,-8.366442,-133.904724,71.7,13.56,71.9,6,8.9,104.0,4.214,-4.2,0,1,2502
2026-04-01T03:33:09,-8.365902,-133.902969,84.0,13.18,71.8,6,3.1,104.3,4.213,-4.2,0,1,2503
2026-04-01T03:33:37,-8.365454,-133.901321,76.8,13.01,71.8,6,3.1,103.7,4.211,-4.2,0,1,2504
2026-04-01T03:34:05,-8.364992,-133.899597,76.2,12.83,63.5,6,3.1,104.3,4.213,-4.2,0,1,2505
2026-04-01T03:34:33,-8.364631,-133.897812,61.1,13.07,73.1,6,3.0,104.0,4.214,-4.2,0,1,2506
2026-04-01T03:35:01,-8.364214,-133.896133,53.0,14.09,72.6,6,3.0,104.1,4.214,-4.4,0,1,2507
2026-04-01T03:35:29,-8.363678,-133.894440,63.3,14.70,76.2,6,3.0,104.0,4.214,-4.2,0,1,2508
2026-04-01T03:35:57,-8.363195,-133.892746,55.1,13.38,67.9,6,3.0,104.0,4.214,-4.2,0,1,2509
2026-04-01T03:36:25,-8.362769,-133.891083,45.9,12.91,69.3,7,2.5,104.0,4.213,-4.2,0,1,2510
2026-04-01T03:36:53,-8.362455,-133.889328,26.7,13.78,79.4,8,1.6,104.0,4.214,-4.2,0,1,2511
2026-04-01T03:37:21,-8.362005,-133.887604,14.0,13.39,72.1,7,2.5,103.8,4.213,-4.2,0,1,2512
2026-04-01T03:37:49,-8.361618,-133.885864,8.0,14.52,78.9,8,1.5,103.8,4.214,-4.2,0,1,2513
2026-04-01T03:38:17,-8.361141,-133.884186,5.6,13.79,78.2,7,2.5,104.0,4.214,-4.2,0,1,2514
2026-04-01T03:38:45,-8.360641,-133.882477,11.5,12.33,78.4,8,2.4,103.8,4.214,-4.2,0,1,2515
2026-04-01T03:39:13,-8.360129,-133.880737,14.0,13.58,77.4,8,1.5,104.0,4.213,-4.2,0,1,2516
2026-04-01T03:39:41,-8.359595,-133.879089,11.9,13.11,72.7,8,1.5,103.8,4.214,-4.2,0,1,2517
2026-04-01T03:40:09,-8.359081,-133.877396,16.0,13.95,68.4,7,5.3,103.8,4.214,-4.2,0,1,2518
2026-04-01T03:40:37,-8.358635,-133.875717,12.8,14.55,75.8,8,1.5,103.8,4.213,-4.2,0,1,2519
2026-04-01T03:41:05,-8.358170,-133.873947,10.8,14.46,77.6,7,2.4,104.0,4.213,-4.2,0,1,2520
2026-04-01T03:41:33,-8.357628,-133.872253,14.0,13.04,72.4,8,1.5,104.0,4.214,-4.2,0,1,2521
2026-04-01T03:42:01,-8.357169,-133.870605,19.4,12.90,77.4,8,1.5,104.0,4.214,-4.2,0,1,2522
2026-04-01T03:42:29,-8.356680,-133.868835,21.5,13.06,77.6,8,2.3,104.1,4.214,-4.4,0,1,2523
2026-04-01T03:42:57,-8.356205,-133.867142,24.2,14.11,77.7,8,2.3,104.0,4.214,-4.2,0,1,2524
2026-04-01T03:43:25,-8.355675,-133.865463,23.9,13.62,74.8,8,1.5,104.1,4.213,-4.4,0,1,2525
2026-04-01T03:43:53,-8.355232,-133.863739,28.2,13.54,76.8,8,1.5,103.8,4.213,-4.2,0,1,2526
2026-04-01T03:44:21,-8.354732,-133.862030,34.3,13.64,71.5,7,2.4,103.8,4.214,-4.2,0,1,2527
2026-04-01T03:44:49,-8.354211,-133.860306,40.7,13.04,70.7,8,1.5,103.8,4.213,-4.2,0,1,2528
2026-04-01T03:45:17,-8.353780,-133.858521,48.8,13.90,73.8,6,2.4,104.0,4.213,-4.2,0,1,2529
2026-04-01T03:45:45,-8.353317,-133.856781,46.7,14.31,75.6,6,2.4,104.1,4.214,-4.4,0,1,2530
2026-04-01T03:46:13,-8.352934,-133.854996,41.1,14.06,75.2,6,2.4,103.7,4.213,-4.2,0,1,2531
2026-04-01T03:46:41,-8.352507,-133.853271,43.6,13.30,78.8,6,2.4,103.8,4.213,-4.2,0,1,2532
2026-04-01T03:47:09,-8.351995,-133.851578,42.9,12.54,71.8,6,5.0,103.8,4.213,-4.2,0,1,2533
2026-04-01T03:47:37,-8.351602,-133.849854,43.9,13.39,76.8,6,2.4,103.8,4.213,-4.2,0,1,2534
2026-04-01T03:48:05,-8.351145,-133.848099,41.9,14.55,78.2,6,4.9,104.0,4.211,-4.2,0,1,2535
2026-04-01T03:48:33,-8.350658,-133.846405,36.5,13.75,75.7,6,2.4,104.0,4.214,-4.2,0,1,2536
2026-04-01T03:49:01,-8.350222,-133.844666,37.8,14.05,79.2,6,4.8,103.8,4.213,-4.2,0,1,2537
2026-04-01T03:49:29,-8.349723,-133.842957,26.8,15.72,77.5,6,4.7,104.1,4.211,-4.4,0,1,2538
2026-04-01T03:49:57,-8.349309,-133.841232,16.0,13.73,76.8,6,4.7,104.0,4.213,-4.2,0,1,2539
2026-04-01T03:50:25,-8.348848,-133.839569,2.8,13.21,73.2,6,4.7,103.8,4.211,-4.2,0,1,2540
2026-04-01T03:50:53,-8.348389,-133.837860,-2.2,14.07,75.6,6,2.3,104.0,4.214,-4.2,0,1,2541
2026-04-01T03:51:21,-8.347954,-133.836151,-3.7,11.84,82.6,7,3.8,103.8,4.213,-4.2,0,1,2542
2026-04-01T03:51:49,-8.347339,-133.834473,12.4,12.40,72.9,7,2.2,103.8,4.211,-4.2,0,1,2543
2026-04-01T03:52:17,-8.346868,-133.832733,16.7,14.60,74.4,7,3.7,104.0,4.213,-4.2,0,1,2544
2026-04-01T03:52:45,-8.346331,-133.831055,22.6,14.01,74.3,7,2.2,103.8,4.213,-4.2,0,1,2545
2026-04-01T03:53:13,-8.345877,-133.829315,23.0,13.67,74.0,7,3.7,103.8,4.214,-4.2,0,1,2546
2026-04-01T03:53:41,-8.345422,-133.827591,25.2,12.25,72.5,7,2.2,104.0,4.213,-4.2,0,1,2547
2026-04-01T03:54:09,-8.344961,-133.825821,22.7,13.78,75.4,7,2.2,103.8,4.214,-4.2,0,1,2548
2026-04-01T03:54:37,-8.344565,-133.824036,20.1,12.80,82.1,7,3.5,104.0,4.214,-4.2,0,1,2549
2026-04-01T03:55:05,-8.344104,-133.822281,11.9,12.82,74.0,7,2.1,104.0,4.211,-4.2,0,1,2550
2026-04-01T03:55:33,-8.343700,-133.820557,3.8,14.18,78.2,7,3.5,103.8,4.213,-4.2,0,1,2551
2026-04-01T03:56:01,-8.343215,-133.818893,3.6,13.64,78.6,8,1.3,103.8,4.215,-4.2,0,1,2552
2026-04-01T03:56:29,-8.342783,-133.817108,5.1,13.21,81.1,7,2.1,103.8,4.214,-4.2,0,1,2553
2026-04-01T03:56:57,-8.342369,-133.815369,-1.5,12.91,76.1,7,3.3,104.0,4.213,-4.2,0,1,2554
2026-04-01T03:57:25,-8.341878,-133.813629,0.0,12.87,75.0,8,1.7,103.7,4.213,-4.2,0,1,2555
2026-04-01T03:57:53,-8.341407,-133.811905,-5.7,12.59,74.9,7,3.3,104.1,4.214,-4.4,0,1,2556
2026-04-01T03:58:21,-8.340963,-133.810181,-9.5,13.06,78.6,7,3.2,103.8,4.213,-4.2,0,1,2557
2026-04-01T03:58:49,-8.340414,-133.808487,-1.7,12.77,76.7,7,2.1,103.7,4.213,-4.2,0,1,2558
2026-04-01T03:59:17,-8.339860,-133.806824,3.8,13.62,75.4,8,1.7,103.8,4.213,-4.2,0,1,2559
2026-04-01T03:59:45,-8.339375,-133.805069,5.8,13.23,73.6,8,1.3,103.8,4.213,-4.2,0,1,2560
2026-04-01T04:00:13,-8.338756,-133.803436,22.7,13.36,75.0,7,3.1,103.8,4.214,-4.2,0,1,2561
2026-04-01T04:00:41,-8.338137,-133.801773,31.9,13.68,69.9,7,3.1,103.8,4.213,-4.2,0,1,2562
2026-04-01T04:01:09,-8.337630,-133.800049,30.7,13.87,72.4,7,3.1,104.1,4.214,-4.4,0,1,2563
2026-04-01T04:01:37,-8.337088,-133.798355,32.4,12.69,69.0,7,3.0,103.8,4.214,-4.2,0,1,2564
2026-04-01T04:02:05,-8.336555,-133.796646,31.6,13.85,72.6,7,3.0,103.8,4.213,-4.2,0,1,2565
2026-04-01T04:02:33,-8.335952,-133.794968,35.6,14.71,72.3,7,2.0,103.8,4.214,-4.2,0,1,2566
2026-04-01T04:03:01,-8.335430,-133.793213,35.0,12.58,70.0,7,3.0,103.8,4.213,-4.2,0,1,2567
2026-04-01T04:03:29,-8.334995,-133.791473,28.8,13.57,73.3,6,3.5,104.0,4.214,-4.2,0,1,2568
2026-04-01T04:03:57,-8.334509,-133.789764,18.0,13.70,70.9,6,3.5,104.1,4.215,-4.4,0,1,2569
2026-04-01T04:04:25,-8.334100,-133.788010,2.1,14.17,75.5,6,2.0,104.0,4.211,-4.2,0,1,2570
2026-04-01T04:04:53,-8.333593,-133.786285,-11.1,15.41,73.8,6,3.4,103.8,4.211,-4.2,0,1,2571
2026-04-01T04:05:21,-8.333111,-133.784607,-24.7,13.13,71.1,6,3.4,103.8,4.211,-4.2,0,1,2572
2026-04-01T04:05:49,-8.332660,-133.782898,-34.9,12.90,71.0,6,2.0,103.8,4.213,-4.2,0,1,2573
2026-04-01T04:06:17,-8.332183,-133.781189,-45.3,13.08,75.7,6,3.4,103.7,4.213,-4.2,0,1,2574
2026-04-01T04:06:45,-8.331673,-133.779480,-52.8,13.33,72.3,6,2.0,103.8,4.213,-4.2,0,1,2575
2026-04-01T04:07:13,-8.331184,-133.777786,-60.1,13.79,73.7,6,2.0,104.0,4.213,-4.2,0,1,2576
2026-04-01T04:07:41,-8.330647,-133.776077,-61.7,13.30,78.1,6,2.0,103.8,4.213,-4.2,0,1,2577
2026-04-01T04:08:09,-8.330087,-133.774414,-57.1,13.10,69.8,6,3.3,104.0,4.214,-4.2,0,1,2578
2026-04-01T04:08:37,-8.329525,-133.772659,-50.3,13.82,73.6,6,3.2,103.5,4.213,-4.4,0,1,2579
2026-04-01T04:09:05,-8.328938,-133.770950,-38.7,13.58,71.0,6,3.2,104.0,4.214,-4.2,0,1,2580
2026-04-01T04:09:33,-8.328271,-133.769287,-25.1,14.02,72.2,6,1.9,104.0,4.211,-4.2,0,1,2581
2026-04-01T04:10:01,-8.327682,-133.767639,-16.0,12.04,72.5,6,3.2,103.7,4.213,-4.2,0,1,2582
2026-04-01T04:10:29,-8.327167,-133.765900,-10.9,13.28,73.2,6,1.9,104.0,4.214,-4.2,0,1,2583
2026-04-01T04:10:57,-8.326594,-133.764206,-4.1,14.20,71.6,6,1.9,103.8,4.211,-4.2,0,1,2584
2026-04-01T04:11:25,-8.325994,-133.762527,5.4,14.09,70.7,6,3.1,104.0,4.213,-4.2,0,1,2585
2026-04-01T04:11:53,-8.325406,-133.760864,8.0,15.06,71.9,6,1.9,103.8,4.214,-4.2,0,1,2586
2026-04-01T04:12:21,-8.324928,-133.759109,14.6,14.16,72.4,6,1.9,103.8,4.214,-4.2,0,1,2587
2026-04-01T04:12:49,-8.324338,-133.757416,19.8,13.86,75.1,6,1.9,103.7,4.213,-4.2,0,1,2588
2026-04-01T04:13:17,-8.323758,-133.755692,18.2,13.32,71.8,6,3.0,103.8,4.211,-4.2,0,1,2589
2026-04-01T04:13:45,-8.323346,-133.753952,1.2,14.30,74.1,6,1.9,103.8,4.213,-4.2,0,1,2590
2026-04-01T04:14:13,-8.322920,-133.752213,-12.4,14.07,79.5,6,1.9,103.7,4.213,-4.2,0,1,2591
2026-04-01T04:14:41,-8.322460,-133.750519,-21.6,12.53,76.3,6,2.9,104.0,4.213,-4.2,0,1,2592
2026-04-01T04:15:09,-8.321816,-133.748840,-19.2,13.88,70.5,6,1.9,104.0,4.214,-4.2,0,1,2593
2026-04-01T04:15:37,-8.321313,-133.747116,-16.6,13.77,70.3,6,1.9,104.0,4.214,-4.2,0,1,2594
2026-04-01T04:16:05,-8.320745,-133.745377,-7.1,14.94,74.4,6,1.9,103.8,4.213,-4.2,0,1,2595
2026-04-01T04:16:33,-8.320212,-133.743637,0.7,13.41,71.6,6,1.9,103.7,4.213,-4.2,0,1,2596
2026-04-01T04:17:01,-8.319522,-133.742004,11.4,13.11,71.1,6,2.8,103.8,4.213,-4.2,0,1,2597
2026-04-01T04:17:29,-8.318996,-133.740265,14.2,13.75,75.3,6,2.8,103.7,4.211,-4.2,0,1,2598
2026-04-01T04:17:57,-8.318481,-133.738525,20.5,15.10,74.7,6,2.8,104.1,4.213,-4.4,0,1,2599
2026-04-01T04:18:25,-8.317874,-133.736877,25.3,13.85,71.8,6,1.8,103.5,4.211,-4.4,0,1,2600
2026-04-01T04:18:53,-8.317403,-133.735138,27.2,14.04,76.5,6,1.8,103.7,4.211,-4.2,0,1,2601
2026-04-01T04:19:21,-8.316792,-133.733414,35.5,14.00,74.0,6,1.8,103.8,4.211,-4.2,0,1,2602
2026-04-01T04:19:49,-8.316176,-133.731766,45.8,12.87,71.3,6,1.8,103.7,4.214,-4.2,0,1,2603
2026-04-01T04:20:17,-8.315626,-133.730026,54.3,12.59,74.0,6,1.8,103.7,4.211,-4.2,0,1,2604
2026-04-01T04:20:45,-8.315015,-133.728348,62.0,12.18,72.0,6,1.8,103.5,4.213,-4.4,0,1,2605
2026-04-01T04:21:13,-8.314543,-133.726608,63.9,14.65,73.9,6,2.6,103.8,4.213,-4.2,0,1,2606
2026-04-01T04:21:41,-8.313935,-133.724899,66.2,13.82,65.7,6,1.8,103.8,4.211,-4.2,0,1,2607
2026-04-01T04:22:09,-8.313418,-133.723190,65.8,14.66,70.4,6,1.8,103.8,4.211,-4.2,0,1,2608
2026-04-01T04:22:37,-8.312904,-133.721497,64.1,13.79,71.7,6,1.8,103.8,4.213,-4.2,0,1,2609
2026-04-01T04:23:05,-8.312340,-133.719788,66.4,13.63,71.8,6,1.8,104.1,4.213,-4.4,0,1,2610
2026-04-01T04:23:33,-8.311700,-133.718109,76.7,13.89,70.7,6,1.8,103.7,4.213,-4.2,0,1,2611
2026-04-01T04:24:01,-8.311203,-133.716385,80.2,13.66,73.7,6,1.8,104.1,4.211,-4.4,0,1,2612
2026-04-01T04:24:29,-8.310697,-133.714645,81.4,15.27,77.8,6,1.8,103.8,4.213,-4.2,0,1,2613
2026-04-01T04:24:57,-8.310214,-133.712967,81.6,13.51,76.5,6,1.8,104.0,4.210,-4.2,0,1,2614
2026-04-01T04:25:25,-8.309722,-133.711258,82.1,13.67,76.6,6,1.8,103.7,4.213,-4.2,0,1,2615
2026-04-01T04:25:53,-8.309181,-133.709549,79.5,13.32,74.5,6,1.8,103.8,4.210,-4.2,0,1,2616
2026-04-01T04:26:21,-8.308645,-133.707901,73.7,13.06,71.1,6,1.8,103.8,4.213,-4.2,0,1,2617
2026-04-01T04:26:49,-8.308187,-133.706192,67.5,13.50,77.0,6,1.8,104.0,4.211,-4.2,0,1,2618
2026-04-01T04:27:17,-8.307712,-133.704483,63.4,13.15,76.3,6,1.8,104.0,4.214,-4.2,0,1,2619
2026-04-01T04:27:45,-8.307223,-133.702728,60.1,15.11,74.3,5,2.3,103.8,4.213,-4.2,0,1,2620
2026-04-01T04:28:13,-8.306652,-133.701050,57.6,12.95,71.8,5,2.3,103.8,4.213,-4.2,0,1,2621
2026-04-01T04:28:41,-8.306182,-133.699326,54.8,12.72,72.2,5,2.3,103.5,4.213,-4.4,0,1,2622
2026-04-01T04:29:09,-8.305688,-133.697571,52.6,14.15,75.6,5,2.3,103.7,4.214,-4.2,0,1,2623
2026-04-01T04:29:37,-8.305170,-133.695892,48.5,13.13,71.0,5,2.3,103.7,4.213,-4.2,0,1,2624
2026-04-01T04:30:05,-8.304644,-133.694107,45.6,13.68,72.6,5,2.3,103.7,4.214,-4.2,0,1,2625
2026-04-01T04:30:33,-8.304172,-133.692413,42.3,14.60,71.3,6,1.8,103.7,4.214,-4.2,0,1,2626
2026-04-01T04:31:01,-8.303614,-133.690674,40.6,13.72,74.8,6,1.7,103.8,4.211,-4.2,0,1,2627
2026-04-01T04:31:29,-8.303123,-133.688919,40.8,14.03,76.3,6,1.7,103.7,4.213,-4.2,0,1,2628
2026-04-01T04:31:57,-8.302542,-133.687241,42.7,13.60,73.6,6,1.7,103.7,4.213,-4.2,0,1,2629
2026-04-01T04:32:25,-8.301935,-133.685471,45.1,14.72,72.1,6,1.7,103.7,4.213,-4.2,0,1,2630
2026-04-01T04:32:53,-8.301428,-133.683807,46.9,13.85,73.9,6,2.2,104.0,4.214,-4.2,0,1,2631
2026-04-01T04:33:21,-8.300858,-133.682068,50.5,13.90,70.5,5,2.2,103.7,4.211,-4.2,0,1,2632
2026-04-01T04:33:49,-8.300385,-133.680328,50.8,13.62,73.0,5,2.2,103.8,4.213,-4.2,0,1,2633
2026-04-01T04:34:17,-8.299878,-133.678635,52.7,13.87,74.3,6,2.2,104.3,4.213,-4.2,0,1,2634
2026-04-01T04:34:45,-8.299366,-133.676865,52.7,14.22,74.3,5,2.2,103.5,4.213,-4.4,0,1,2635
2026-04-01T04:35:13,-8.298872,-133.675125,53.7,14.37,73.0,6,2.2,103.5,4.213,-4.4,0,1,2636
2026-04-01T04:35:41,-8.298285,-133.673386,56.9,13.86,73.5,6,1.7,103.7,4.211,-4.2,0,1,2637
2026-04-01T04:36:09,-8.297748,-133.671677,58.8,14.04,70.8,6,1.7,103.7,4.213,-4.2,0,1,2638
2026-04-01T04:36:37,-8.297200,-133.669937,58.4,14.17,74.3,6,1.7,103.7,4.211,-4.2,0,1,2639
2026-04-01T04:37:05,-8.296725,-133.668213,57.0,13.36,69.3,6,2.2,103.8,4.211,-4.2,0,1,2640
2026-04-01T04:37:33,-8.296140,-133.666489,58.9,13.91,72.7,6,1.7,103.7,4.211,-4.2,0,1,2641
2026-04-01T04:38:01,-8.295590,-133.664764,61.9,14.20,76.3,6,2.1,103.8,4.211,-4.2,0,1,2642
2026-04-01T04:38:29,-8.295074,-133.663010,61.7,13.57,74.6,6,1.7,103.8,4.211,-4.2,0,1,2643
2026-04-01T04:38:57,-8.294579,-133.661331,61.8,13.61,70.2,6,1.7,104.0,4.213,-4.2,0,1,2644
2026-04-01T04:39:25,-8.294095,-133.659622,58.1,13.96,73.1,6,1.7,103.8,4.213,-4.2,0,1,2645
2026-04-01T04:39:53,-8.293587,-133.657867,57.0,13.56,74.3,5,2.1,104.1,4.213,-4.4,0,1,2646
2026-04-01T04:40:21,-8.293076,-133.656128,55.8,14.53,74.0,5,2.1,103.8,4.211,-4.2,0,1,2647
2026-04-01T04:40:49,-8.292555,-133.654404,55.0,14.12,76.4,6,1.7,104.0,4.211,-4.2,0,1,2648
2026-04-01T04:41:17,-8.292109,-133.652679,53.0,13.35,72.5,6,1.7,103.7,4.213,-4.2,0,1,2649
2026-04-01T04:41:45,-8.291556,-133.650925,51.4,14.17,72.1,7,1.5,103.7,4.211,-4.2,0,1,2650
2026-04-01T04:42:13,-8.291094,-133.649185,47.1,13.50,75.8,7,1.5,103.8,4.213,-4.2,0,1,2651
2026-04-01T04:42:41,-8.290557,-133.647476,45.1,14.01,72.8,5,2.1,103.8,4.211,-4.2,0,1,2652
2026-04-01T04:43:09,-8.290037,-133.645767,43.8,14.16,73.0,6,1.7,103.8,4.211,-4.2,0,1,2653
2026-04-01T04:43:37,-8.289486,-133.644073,40.5,13.03,73.8,6,1.7,104.0,4.213,-4.2,0,1,2654
2026-04-01T04:44:05,-8.289054,-133.642349,37.1,13.73,73.4,6,1.7,103.7,4.213,-4.2,0,1,2655
2026-04-01T04:44:33,-8.288660,-133.640579,30.4,13.69,78.6,6,1.7,103.7,4.211,-4.2,0,1,2656
2026-04-01T04:45:01,-8.288300,-133.638779,19.4,14.41,73.9,6,1.9,104.0,4.211,-4.2,0,1,2657
2026-04-01T04:45:29,-8.287730,-133.637024,14.6,14.67,73.4,7,1.4,103.8,4.211,-4.2,0,1,2658
2026-04-01T04:45:57,-8.287175,-133.635345,17.1,13.63,72.6,6,1.7,104.1,4.211,-4.4,0,1,2659
2026-04-01T04:46:25,-8.286687,-133.633560,15.6,12.95,72.8,5,2.0,103.7,4.211,-4.2,0,1,2660
2026-04-01T04:46:53,-8.286290,-133.631805,11.5,14.82,72.7,5,2.0,103.7,4.213,-4.2,0,1,2661
2026-04-01T04:47:21,-8.285668,-133.630066,5.9,13.14,68.2,5,2.0,103.8,4.211,-4.2,0,1,2662
2026-04-01T04:47:49,-8.285138,-133.628311,2.9,13.78,71.0,5,2.0,103.7,4.213,-4.2,0,1,2663
2026-04-01T04:48:17,-8.284698,-133.626526,4.2,14.89,74.3,5,2.0,104.0,4.213,-4.2,0,1,2664
2026-04-01T04:48:45,-8.284045,-133.624832,8.4,14.34,72.1,7,1.4,103.7,4.211,-4.2,0,1,2665
2026-04-01T04:49:13,-8.283559,-133.623108,13.0,13.59,72.1,6,1.8,103.7,4.210,-4.2,0,1,2666
2026-04-01T04:49:41,-8.283060,-133.621399,13.5,13.19,70.1,7,1.4,103.8,4.211,-4.2,0,1,2667
2026-04-01T04:50:09,-8.282486,-133.619568,16.9,15.07,69.7,6,1.6,103.7,4.213,-4.2,0,1,2668
2026-04-01T04:50:37,-8.281835,-133.617798,23.2,13.12,67.6,6,1.6,103.8,4.213,-4.2,0,1,2669
2026-04-01T04:51:05,-8.281263,-133.616180,25.3,13.44,71.2,5,2.0,103.8,4.213,-4.2,0,1,2670
2026-04-01T04:51:33,-8.280706,-133.614548,31.1,13.86,72.1,6,1.6,103.8,4.213,-4.2,0,1,2671
2026-04-01T04:52:01,-8.280260,-133.612762,37.4,14.23,75.8,5,2.0,103.8,4.211,-4.2,0,1,2672
2026-04-01T04:52:29,-8.279713,-133.610977,34.0,13.31,69.7,6,1.6,103.7,4.211,-4.2,0,1,2673
2026-04-01T04:52:57,-8.279161,-133.609253,33.8,12.99,71.0,6,1.6,103.7,4.213,-4.2,0,1,2674
2026-04-01T04:53:25,-8.278564,-133.607544,35.6,14.96,70.5,6,1.6,103.8,4.211,-4.2,0,1,2675
2026-04-01T04:53:53,-8.278000,-133.605804,29.3,13.66,71.2,6,1.9,103.8,4.213,2764.3,0,1,2676
2026-04-01T04:54:21,-8.277510,-133.604019,24.0,14.52,72.2,7,1.6,103.7,4.213,-4.2,0,1,2677
2026-04-01T04:54:49,-8.277039,-133.602325,21.8,15.20,76.1,7,1.6,104.0,4.211,-4.2,0,1,2678
2026-04-01T04:55:17,-8.276493,-133.600571,11.4,14.31,70.8,6,1.9,103.7,4.211,-4.2,0,1,2679
2026-04-01T04:55:45,-8.275962,-133.598740,12.3,14.40,73.9,6,1.9,103.7,4.211,-4.2,0,1,2680
2026-04-01T04:56:13,-8.275498,-133.597046,9.0,14.50,76.9,7,1.6,103.5,4.214,-4.4,0,1,2681
2026-04-01T04:56:41,-8.274980,-133.595322,5.9,14.78,73.8,7,1.6,103.7,4.211,-4.2,0,1,2682
2026-04-01T04:57:09,-8.274511,-133.593567,2.9,12.67,73.9,7,1.6,103.8,4.213,-4.2,0,1,2683
2026-04-01T04:57:37,-8.273938,-133.591919,6.5,14.44,69.3,7,1.6,103.8,4.213,-4.2,0,1,2684
2026-04-01T04:58:05,-8.273376,-133.590271,10.2,13.81,70.0,6,1.8,103.7,4.211,-4.2,0,1,2685
2026-04-01T04:58:33,-8.272964,-133.588470,1.0,13.68,73.8,6,1.8,103.8,4.211,-4.2,0,1,2686
2026-04-01T04:59:01,-8.272383,-133.586792,1.0,12.96,71.9,7,1.6,103.7,4.213,-4.2,0,1,2687
2026-04-01T04:59:29,-8.271905,-133.585007,-1.6,14.00,75.4,7,1.5,103.8,4.211,-4.2,0,1,2688
2026-04-01T04:59:57,-8.271353,-133.583221,-7.1,14.39,69.9,7,1.4,103.8,4.211,-4.2,0,1,2689
2026-04-01T05:00:25,-8.270791,-133.581512,-0.4,13.54,72.3,8,1.1,103.8,4.213,-4.2,0,1,2690
2026-04-01T05:00:53,-8.270247,-133.579788,0.1,14.42,75.4,7,1.4,103.8,4.211,-4.2,0,1,2691
2026-04-01T05:01:21,-8.269714,-133.578064,2.8,14.48,73.6,7,1.4,103.8,4.211,-4.2,0,1,2692
2026-04-01T05:01:49,-8.269201,-133.576340,5.0,14.62,70.0,8,1.1,103.8,4.211,-4.2,0,1,2693
2026-04-01T05:02:17,-8.268664,-133.574585,12.8,14.00,71.0,8,1.1,103.8,4.211,-4.2,0,1,2694
2026-04-01T05:02:45,-8.268064,-133.572845,17.0,14.24,69.7,8,1.1,103.7,4.213,-4.2,0,1,2695
2026-04-01T05:03:13,-8.267574,-133.571121,18.5,13.56,75.2,7,1.3,103.8,4.211,-4.2,0,1,2696
2026-04-01T05:03:41,-8.267003,-133.569397,19.3,13.61,67.9,7,1.3,103.8,4.211,-4.2,0,1,2697
2026-04-01T05:04:09,-8.266483,-133.567657,17.6,14.00,71.7,7,1.3,103.8,4.213,-4.2,0,1,2698
2026-04-01T05:04:37,-8.265982,-133.565933,13.2,13.14,74.2,7,1.3,103.8,4.213,-4.2,0,1,2699
2026-04-01T05:05:05,-8.265507,-133.564209,13.4,13.60,73.3,8,1.1,103.8,4.211,-4.2,0,1,2700
2026-04-01T05:05:33,-8.264945,-133.562439,18.0,14.18,69.4,7,1.3,103.7,4.213,-4.2,0,1,2701
2026-04-01T05:06:01,-8.264517,-133.560684,18.6,13.91,75.1,7,1.3,103.7,4.213,-4.2,0,1,2702
2026-04-01T05:06:29,-8.264012,-133.558960,18.0,13.88,70.6,7,1.3,103.5,4.213,-4.4,0,1,2703
2026-04-01T05:06:57,-8.263481,-133.557281,15.1,13.27,75.1,7,1.3,103.7,4.213,-4.2,0,1,2704
2026-04-01T05:07:25,-8.262930,-133.555603,9.5,13.50,78.9,8,1.1,103.7,4.211,-4.2,0,1,2705
2026-04-01T05:07:53,-8.262422,-133.553864,9.4,14.56,74.8,7,1.3,103.7,4.213,-4.2,0,1,2706
2026-04-01T05:08:21,-8.261883,-133.552185,10.6,14.05,73.2,8,1.1,103.7,4.211,-4.2,0,1,2707
2026-04-01T05:08:49,-8.261312,-133.550461,12.0,14.01,73.5,7,1.3,103.7,4.213,-4.2,0,1,2708
2026-04-01T05:09:17,-8.260825,-133.548737,14.9,13.26,73.5,8,1.1,103.8,4.211,-4.2,0,1,2709
2026-04-01T05:09:45,-8.260297,-133.547058,13.6,13.76,74.5,7,1.3,103.8,4.213,-4.2,0,1,2710
2026-04-01T05:10:13,-8.259729,-133.545364,10.3,13.81,74.6,7,1.3,103.7,4.213,-4.2,0,1,2711
2026-04-01T05:10:41,-8.259220,-133.543701,-0.3,14.48,71.2,7,1.3,103.7,4.211,-4.2,0,1,2712
2026-04-01T05:11:09,-8.258745,-133.541992,-5.5,13.74,76.9,7,1.3,103.5,4.211,-4.4,0,1,2713
2026-04-01T05:11:37,-8.258260,-133.540268,-6.1,13.74,73.2,7,1.3,103.8,4.213,-4.2,0,1,2714
2026-04-01T05:12:05,-8.257812,-133.538559,-7.7,13.87,76.5,7,1.3,103.7,4.211,-4.2,0,1,2715
2026-04-01T05:12:33,-8.257317,-133.536774,-0.2,14.60,73.9,7,1.3,103.7,4.213,-4.2,0,1,2716
2026-04-01T05:13:01,-8.256786,-133.535065,6.7,13.41,71.3,7,1.3,103.7,4.210,-4.2,0,1,2717
2026-04-01T05:13:29,-8.256297,-133.533386,4.3,13.48,75.9,7,1.3,103.7,4.211,-4.2,0,1,2718
2026-04-01T05:13:57,-8.255780,-133.531662,4.4,13.43,73.4,7,1.3,103.8,4.210,-4.2,0,1,2719
2026-04-01T05:14:25,-8.255335,-133.529938,5.1,13.10,72.8,7,1.3,103.7,4.211,-4.2,0,1,2720
2026-04-01T05:14:53,-8.254827,-133.528214,1.0,13.73,79.5,7,1.3,103.7,4.211,-4.2,0,1,2721
2026-04-01T05:15:21,-8.254338,-133.526489,-3.1,14.16,75.2,7,1.2,103.7,4.211,-4.2,0,1,2722
2026-04-01T05:15:49,-8.253837,-133.524796,-6.8,13.18,74.7,7,1.2,103.8,4.213,-4.2,0,1,2723
2026-04-01T05:16:17,-8.253328,-133.523117,-7.1,13.64,76.5,7,1.2,103.7,4.213,-4.2,0,1,2724
2026-04-01T05:16:45,-8.252872,-133.521454,-14.2,13.49,71.8,6,1.3,103.7,4.211,-4.2,0,1,2725
2026-04-01T05:17:13,-8.252421,-133.519745,-14.4,13.02,72.4,6,1.3,103.7,4.211,-4.2,0,1,2726
2026-04-01T05:17:41,-8.251900,-133.518066,-14.8,13.17,74.8,6,1.3,103.7,4.213,-4.2,0,1,2727
2026-04-01T05:18:09,-8.251437,-133.516357,-11.5,13.23,76.0,7,1.2,103.5,4.211,-4.4,0,1,2728
2026-04-01T05:18:37,-8.250952,-133.514648,-10.1,12.87,75.3,7,1.2,103.7,4.211,-4.2,0,1,2729
2026-04-01T05:19:05,-8.250484,-133.512894,-8.5,12.76,74.4,7,1.2,104.0,4.213,-4.2,0,1,2730
2026-04-01T05:19:33,-8.250105,-133.511215,-8.3,13.29,76.9,7,1.2,103.7,4.213,-4.2,0,1,2731
2026-04-01T05:20:01,-8.249516,-133.509491,-3.5,14.01,71.8,7,1.2,103.8,4.211,-4.2,0,1,2732
2026-04-01T05:20:29,-8.249012,-133.507782,-4.6,13.29,71.7,6,1.3,103.7,4.213,-4.2,0,1,2733
2026-04-01T05:20:57,-8.248428,-133.506027,-4.2,14.47,70.5,7,1.2,103.8,4.213,-4.2,0,1,2734
2026-04-01T05:21:25,-8.248024,-133.504288,1.4,12.77,70.7,7,1.2,103.7,4.213,-4.2,0,1,2735
2026-04-01T05:21:53,-8.247517,-133.502563,14.6,13.21,73.8,6,1.3,103.5,4.211,-4.4,0,1,2736
2026-04-01T05:22:21,-8.246992,-133.500793,18.6,14.19,74.7,6,1.3,103.5,4.211,-4.4,0,1,2737
2026-04-01T05:22:49,-8.246497,-133.499084,18.1,13.80,70.5,6,1.3,103.8,4.211,-4.2,0,1,2738
2026-04-01T05:23:17,-8.246034,-133.497375,13.0,13.79,73.2,6,1.3,103.7,4.209,-4.2,0,1,2739
2026-04-01T05:23:45,-8.245492,-133.495682,10.2,14.15,68.4,7,1.2,103.7,4.211,-4.2,0,1,2740
2026-04-01T05:24:13,-8.245003,-133.493942,14.5,14.46,75.6,6,1.5,103.5,4.210,-4.4,0,1,2741
2026-04-01T05:24:41,-8.244451,-133.492218,12.1,14.95,74.4,6,1.7,103.7,4.213,-4.2,0,1,2742
2026-04-01T05:25:09,-8.244032,-133.490463,17.2,14.59,73.9,7,1.2,103.7,4.213,-4.2,0,1,2743
2026-04-01T05:25:37,-8.243610,-133.488754,20.6,13.55,80.5,6,1.3,104.0,4.211,-4.2,0,1,2744
2026-04-01T05:26:05,-8.243064,-133.487061,20.3,12.85,72.4,6,1.3,103.8,4.210,-4.2,0,1,2745
2026-04-01T05:26:33,-8.242511,-133.485306,18.1,13.73,66.9,7,1.2,103.7,4.210,-4.2,0,1,2746
2026-04-01T05:27:01,-8.242043,-133.483551,19.1,13.20,76.9,6,1.3,103.7,4.211,-4.2,0,1,2747
2026-04-01T05:27:29,-8.241609,-133.481812,19.6,13.79,76.7,7,1.2,103.7,4.211,-4.2,0,1,2748
2026-04-01T05:27:57,-8.241157,-133.480148,11.2,13.54,75.4,7,1.1,104.0,4.213,-4.2,0,1,2749
2026-04-01T05:28:25,-8.240667,-133.478455,9.9,14.07,73.2,6,1.2,103.5,4.213,-4.4,0,1,2750
2026-04-01T05:28:53,-8.240142,-133.476685,8.0,14.30,78.7,6,1.1,103.8,4.213,-4.2,0,1,2751
2026-04-01T05:29:21,-8.239651,-133.474945,4.5,13.69,74.4,6,1.1,103.8,4.213,-4.2,0,1,2752
2026-04-01T05:29:49,-8.239280,-133.473160,5.7,14.05,75.5,6,1.2,103.7,4.211,-4.2,0,1,2753
2026-04-01T05:30:17,-8.238672,-133.471405,9.0,13.78,70.0,5,1.4,103.7,4.213,-4.2,0,1,2754
2026-04-01T05:30:45,-8.238246,-133.469681,11.4,13.97,73.6,6,1.1,103.8,4.213,-4.2,0,1,2755
2026-04-01T05:31:13,-8.237616,-133.467926,15.0,14.26,69.1,6,1.1,103.7,4.211,-4.2,0,1,2756
2026-04-01T05:31:41,-8.237109,-133.466202,25.8,13.90,73.4,5,1.4,103.8,4.213,-4.2,0,1,2757
2026-04-01T05:32:09,-8.236598,-133.464462,31.7,14.82,73.0,5,1.4,103.8,4.211,-4.2,0,1,2758
2026-04-01T05:32:37,-8.236049,-133.462692,34.7,13.98,67.7,6,1.1,103.7,4.211,-4.2,0,1,2759
2026-04-01T05:33:05,-8.235614,-133.461014,27.1,13.85,67.5,5,1.7,103.7,4.211,-4.2,0,1,2760
2026-04-01T05:33:33,-8.235160,-133.459259,24.3,15.64,74.3,6,1.4,103.7,4.211,-4.2,0,1,2761
2026-04-01T05:34:01,-8.234655,-133.457611,30.3,13.99,75.1,7,1.1,103.7,4.213,-4.2,0,1,2762
2026-04-01T05:34:29,-8.234100,-133.455948,35.4,12.79,74.3,6,1.4,103.8,4.211,-4.2,0,1,2763
2026-04-01T05:34:57,-8.233532,-133.454254,37.6,13.82,70.2,6,1.4,103.7,4.211,-4.2,0,1,2764
2026-04-01T05:35:25,-8.233047,-133.452499,36.3,13.44,73.9,6,1.4,103.7,4.211,-4.2,0,1,2765
2026-04-01T05:35:53,-8.232488,-133.450790,34.7,13.13,72.3,5,1.7,103.7,4.211,-4.2,0,1,2766
2026-04-01T05:36:21,-8.231903,-133.449081,36.5,13.80,72.7,5,2.6,104.0,4.213,-4.2,0,1,2767
2026-04-01T05:36:49,-8.231410,-133.447342,34.0,14.07,72.7,6,1.4,103.7,4.211,-4.2,0,1,2768
2026-04-01T05:37:17,-8.230884,-133.445633,36.1,13.93,71.2,5,1.8,103.7,4.211,-4.2,0,1,2769
2026-04-01T05:37:45,-8.230312,-133.443924,37.1,13.74,70.9,6,2.6,103.7,4.210,-4.2,0,1,2770
2026-04-01T05:38:13,-8.229816,-133.442184,38.8,13.95,72.0,5,1.8,103.7,4.211,-4.2,0,1,2771
2026-04-01T05:38:41,-8.229324,-133.440445,41.8,13.33,70.0,5,2.6,103.8,4.210,-4.2,0,1,2772
2026-04-01T05:39:09,-8.228785,-133.438690,40.0,14.60,71.4,5,1.8,103.8,4.211,-4.2,0,1,2773
2026-04-01T05:39:37,-8.228200,-133.436935,40.6,14.22,69.0,6,1.4,103.7,4.210,-4.2,0,1,2774
2026-04-01T05:40:05,-8.227642,-133.435211,45.0,13.78,72.6,5,2.6,103.7,4.211,-4.2,0,1,2775
2026-04-01T05:40:33,-8.227113,-133.433517,49.4,13.06,73.2,5,2.6,103.8,4.210,-4.2,0,1,2776
2026-04-01T05:41:01,-8.226633,-133.431763,40.7,13.29,68.4,5,2.6,103.7,4.211,-4.2,0,1,2777
2026-04-01T05:41:29,-8.226158,-133.430084,39.4,12.93,71.1,5,2.6,104.0,4.210,-4.2,0,1,2778
2026-04-01T05:41:57,-8.225641,-133.428345,34.0,13.68,70.8,6,1.5,103.5,4.210,-4.4,0,1,2779
2026-04-01T05:42:25,-8.225124,-133.426682,33.6,13.46,71.6,5,1.8,103.7,4.213,-4.2,0,1,2780
2026-04-01T05:42:53,-8.224616,-133.424957,37.1,13.33,77.0,5,2.5,103.8,4.211,-4.2,0,1,2781
2026-04-01T05:43:21,-8.224096,-133.423248,42.8,13.64,71.6,5,1.8,103.7,4.210,-4.2,0,1,2782
2026-04-01T05:43:49,-8.223601,-133.421478,38.9,13.37,72.1,6,1.5,103.5,4.210,-4.4,0,1,2783
2026-04-01T05:44:17,-8.223082,-133.419769,42.1,12.28,76.8,6,1.9,103.8,4.211,-4.2,0,1,2784
2026-04-01T05:44:45,-8.222518,-133.418091,42.3,14.60,70.9,5,1.9,103.7,4.211,-4.2,0,1,2785
2026-04-01T05:45:13,-8.221992,-133.416412,43.1,13.95,71.4,5,2.5,103.7,4.210,-4.2,0,1,2786
2026-04-01T05:45:41,-8.221480,-133.414688,39.9,12.85,69.5,5,1.9,103.5,4.210,-4.4,0,1,2787
2026-04-01T05:46:09,-8.221016,-133.413025,43.1,13.71,77.2,5,1.9,103.7,4.211,-4.2,0,1,2788
2026-04-01T05:46:37,-8.220488,-133.411316,48.8,12.67,75.2,5,2.5,103.7,4.211,-4.2,0,1,2789
2026-04-01T05:47:05,-8.219920,-133.409607,56.1,13.77,72.6,5,1.9,103.8,4.213,-4.2,0,1,2790
2026-04-01T05:47:33,-8.219325,-133.407852,61.6,13.72,72.3,5,1.9,104.0,4.211,-4.2,0,1,2791
2026-04-01T05:48:01,-8.218770,-133.406174,69.1,12.18,76.6,5,1.9,103.7,4.211,-4.2,0,1,2792
2026-04-01T05:48:29,-8.218226,-133.404495,73.5,13.07,74.2,5,1.9,104.0,4.213,-4.2,0,1,2793
2026-04-01T05:48:57,-8.217698,-133.402802,72.6,12.62,76.3,5,1.9,103.7,4.211,-4.2,0,1,2794
2026-04-01T05:49:25,-8.217273,-133.401138,72.4,13.26,75.3,5,1.9,103.8,4.210,-4.2,0,1,2795
2026-04-01T05:49:53,-8.216816,-133.399445,71.6,13.99,81.5,6,1.9,103.7,4.211,-4.2,0,1,2796
2026-04-01T05:50:21,-8.216373,-133.397797,71.0,12.54,75.0,6,2.2,103.7,4.211,-4.2,0,1,2797
2026-04-01T05:50:49,-8.215805,-133.396103,74.5,13.21,68.4,6,1.9,103.7,4.211,-4.2,0,1,2798
2026-04-01T05:51:17,-8.215277,-133.394409,75.2,12.75,70.1,6,1.9,103.5,4.210,-4.4,0,1,2799
2026-04-01T05:51:45,-8.214746,-133.392761,85.9,13.71,65.3,6,2.2,103.7,4.211,-4.2,0,1,2800
2026-04-01T05:52:13,-8.214272,-133.391052,73.2,12.74,76.0,6,1.9,103.5,4.213,-4.4,0,1,2801
2026-04-01T05:52:42,-8.213812,-133.389343,66.7,13.25,70.4,6,1.9,103.7,4.211,-4.2,0,1,2802
2026-04-01T05:53:10,-8.213302,-133.387619,67.3,13.98,67.2,6,2.2,103.7,4.210,-4.2,0,1,2803
2026-04-01T05:53:38,-8.212823,-133.385925,67.1,12.54,72.8,6,2.2,103.7,4.210,-4.2,0,1,2804
2026-04-01T05:54:06,-8.212316,-133.384201,67.2,13.42,71.3,7,1.8,103.7,4.210,-4.2,0,1,2805
2026-04-01T05:54:34,-8.211784,-133.382492,58.2,12.60,71.1,7,1.9,103.8,4.213,-4.2,0,1,2806
2026-04-01T05:55:02,-8.211288,-133.380829,52.8,12.54,72.2,7,1.9,103.7,4.210,-4.2,0,1,2807
2026-04-01T05:55:30,-8.210752,-133.379135,55.2,12.61,72.9,7,1.9,103.7,4.211,-4.2,0,1,2808
2026-04-01T05:55:58,-8.210383,-133.377411,43.1,13.81,76.2,7,1.9,103.7,4.211,-4.2,0,1,2809
2026-04-01T05:56:26,-8.209868,-133.375687,34.4,13.32,68.3,7,1.9,103.8,4.211,-4.2,0,1,2810
2026-04-01T05:56:54,-8.209425,-133.373962,30.8,13.14,74.3,6,2.5,103.5,4.211,-4.4,0,1,2811
2026-04-01T05:57:22,-8.208914,-133.372269,34.2,13.45,78.2,7,1.9,103.7,4.210,-4.2,0,1,2812
2026-04-01T05:57:50,-8.208342,-133.370575,33.9,13.63,67.6,7,1.9,103.5,4.211,-4.4,0,1,2813
2026-04-01T05:58:18,-8.207842,-133.368912,32.8,13.28,72.1,7,2.0,103.5,4.211,-4.4,0,1,2814
2026-04-01T05:58:46,-8.207366,-133.367218,31.5,12.45,77.7,7,1.9,103.8,4.211,-4.2,0,1,2815
2026-04-01T05:59:14,-8.206756,-133.365509,35.5,15.23,72.5,7,1.9,103.4,4.213,-4.2,0,1,2816
2026-04-01T05:59:42,-8.206249,-133.363846,36.9,11.77,66.7,7,1.9,103.5,4.211,-4.4,0,1,2817
2026-04-01T06:00:10,-8.205753,-133.362122,34.7,13.27,75.3,7,1.9,103.7,4.211,-4.2,0,1,2818
2026-04-01T06:00:38,-8.205265,-133.360428,27.8,13.31,72.8,7,2.0,103.5,4.210,-4.4,0,1,2819
2026-04-01T06:01:06,-8.204734,-133.358688,21.0,14.22,75.7,6,2.7,103.7,4.213,-4.2,0,1,2820
2026-04-01T06:01:34,-8.204041,-133.356995,22.1,13.09,65.4,7,2.0,103.4,4.213,-4.2,0,1,2821
2026-04-01T06:02:02,-8.203573,-133.355270,22.8,12.84,74.7,7,2.0,103.7,4.213,-4.2,0,1,2822
2026-04-01T06:02:30,-8.203108,-133.353546,19.5,13.59,71.1,6,2.7,103.7,4.210,-4.2,0,1,2823
2026-04-01T06:02:58,-8.202554,-133.351852,13.7,13.40,72.7,7,2.1,103.7,4.210,-4.2,0,1,2824
2026-04-01T06:03:26,-8.202182,-133.350082,8.8,13.42,78.4,7,2.1,103.5,4.213,-4.4,0,1,2825
2026-04-01T06:03:54,-8.201568,-133.348419,14.0,13.32,75.1,7,2.0,103.8,4.211,-4.2,0,1,2826
2026-04-01T06:04:22,-8.201085,-133.346725,11.5,12.85,71.1,7,2.1,103.5,4.211,-4.4,0,1,2827
2026-04-01T06:04:50,-8.200541,-133.345016,19.5,13.27,71.8,7,2.0,103.7,4.210,-4.2,0,1,2828
2026-04-01T06:05:18,-8.200005,-133.343338,18.3,13.25,71.7,6,2.8,103.8,4.210,-4.2,0,1,2829
2026-04-01T06:05:46,-8.199504,-133.341629,14.1,13.63,68.5,7,2.0,103.5,4.213,-4.4,0,1,2830
2026-04-01T06:06:14,-8.198987,-133.339935,3.8,13.33,64.0,5,3.9,103.7,4.211,-4.2,0,1,2831
2026-04-01T06:06:41,-8.198414,-133.338226,5.6,14.05,72.7,5,4.0,103.7,4.211,-4.2,0,1,2832
2026-04-01T06:07:10,-8.197975,-133.336487,9.6,13.57,78.3,5,3.2,103.7,4.211,-4.2,0,1,2833
2026-04-01T06:07:38,-8.197629,-133.334732,12.8,13.16,82.1,5,4.0,103.8,4.211,-4.2,0,1,2834
2026-04-01T06:08:06,-8.196999,-133.333038,13.3,13.75,69.3,5,4.0,103.7,4.211,-4.2,0,1,2835
2026-04-01T06:08:34,-8.196340,-133.331360,19.4,14.08,69.6,5,4.1,103.8,4.210,-4.2,0,1,2836
2026-04-01T06:09:02,-8.195740,-133.329666,20.7,13.95,68.1,5,3.2,103.8,4.210,-4.2,0,1,2837
2026-04-01T06:09:30,-8.195170,-133.327972,23.1,12.89,66.3,5,4.1,103.7,4.213,-4.2,0,1,2838
2026-04-01T06:09:58,-8.194602,-133.326233,22.4,14.13,70.1,5,3.2,103.4,4.210,-4.2,0,1,2839
2026-04-01T06:10:26,-8.194086,-133.324524,24.9,13.91,66.4,5,3.2,103.7,4.211,-4.2,0,1,2840
2026-04-01T06:10:54,-8.193652,-133.322830,14.6,13.57,82.1,5,4.1,103.7,4.211,2760.2,0,1,2841
2026-04-01T06:11:22,-8.193384,-133.321091,11.7,13.08,72.4,5,4.1,103.7,4.214,-4.2,0,1,2842
2026-04-01T06:11:50,-8.193010,-133.319366,9.7,13.10,78.9,5,4.2,103.7,4.211,-4.2,0,1,2843
2026-04-01T06:12:18,-8.192566,-133.317642,6.6,13.38,78.1,5,4.2,103.7,4.210,-4.2,0,1,2844
2026-04-01T06:12:46,-8.191901,-133.315948,11.3,13.66,63.8,5,4.2,103.5,4.213,-4.4,0,1,2845
2026-04-01T06:13:14,-8.191309,-133.314301,19.2,13.22,73.9,5,3.2,103.7,4.210,-4.2,0,1,2846
2026-04-01T06:13:42,-8.190867,-133.312592,21.8,13.45,78.4,5,3.2,103.5,4.211,-4.4,0,1,2847
2026-04-01T06:14:10,-8.190318,-133.310928,24.3,12.89,74.2,5,3.2,103.8,4.211,-4.2,0,1,2848
2026-04-01T06:14:38,-8.189780,-133.309204,25.5,13.28,71.5,5,3.2,103.7,4.211,-4.2,0,1,2849
2026-04-01T06:15:05,-8.189144,-133.307480,28.5,13.32,71.3,6,3.9,103.7,4.211,-4.2,0,1,2850
2026-04-01T06:15:33,-8.188509,-133.305801,29.3,14.06,71.2,6,2.4,103.7,4.213,-4.2,0,1,2851
2026-04-01T06:16:01,-8.187905,-133.304092,33.7,13.43,70.3,6,2.4,103.8,4.211,-4.2,0,1,2852
2026-04-01T06:16:29,-8.187380,-133.302368,37.7,14.50,73.2,7,2.2,103.5,4.211,-4.4,0,1,2853
2026-04-01T06:16:57,-8.186766,-133.300705,38.9,13.23,70.3,6,2.4,103.7,4.211,-4.2,0,1,2854
2026-04-01T06:17:25,-8.186349,-133.299011,34.5,13.60,72.9,7,2.2,103.5,4.211,-4.4,0,1,2855
2026-04-01T06:17:53,-8.185696,-133.297287,37.6,13.08,65.7,6,2.4,103.7,4.211,-4.2,0,1,2856
2026-04-01T06:18:21,-8.185286,-133.295578,37.3,13.88,75.6,6,2.4,103.7,4.211,-4.2,0,1,2857
2026-04-01T06:18:49,-8.184841,-133.293930,28.0,14.13,76.6,6,3.9,103.7,4.211,-4.2,0,1,2858
2026-04-01T06:19:17,-8.184163,-133.292145,38.7,12.95,69.9,7,3.8,103.7,4.211,-4.2,0,1,2859
2026-04-01T06:19:45,-8.183645,-133.290436,38.7,13.64,76.3,7,2.2,103.8,4.213,-4.2,0,1,2860
2026-04-01T06:20:13,-8.183145,-133.288727,39.3,14.53,68.3,7,3.8,103.7,4.211,-4.2,0,1,2861
2026-04-01T06:20:41,-8.182725,-133.287048,35.8,13.08,73.1,7,3.8,103.7,4.210,-4.2,0,1,2862
2026-04-01T06:21:09,-8.182315,-133.285294,40.1,12.17,73.4,7,3.8,103.8,4.211,-4.2,0,1,2863
2026-04-01T06:21:37,-8.181774,-133.283600,35.5,14.09,73.0,7,2.2,103.7,4.210,-4.2,0,1,2864
2026-04-01T06:22:05,-8.181473,-133.281815,22.2,12.95,71.0,7,2.2,103.8,4.210,-4.2,0,1,2865
2026-04-01T06:22:33,-8.180859,-133.280167,27.6,13.46,77.3,7,3.8,103.5,4.211,-4.4,0,1,2866
2026-04-01T06:23:01,-8.180365,-133.278503,22.7,14.68,76.4,7,2.2,103.7,4.211,-4.2,0,1,2867
2026-04-01T06:23:29,-8.179720,-133.276749,28.5,13.59,72.4,7,2.2,103.8,4.213,-4.2,0,1,2868
2026-04-01T06:23:57,-8.179230,-133.275116,30.0,14.56,71.7,7,2.1,103.4,4.210,-4.2,0,1,2869
2026-04-01T06:24:25,-8.178725,-133.273300,29.5,12.72,75.8,8,1.7,103.7,4.210,-4.2,0,1,2870
2026-04-01T06:24:53,-8.178144,-133.271576,35.1,13.97,72.8,8,1.7,103.7,4.211,-4.2,0,1,2871
2026-04-01T06:25:21,-8.177549,-133.269958,35.7,12.66,71.0,8,1.7,103.7,4.210,-4.2,0,1,2872
2026-04-01T06:25:49,-8.177112,-133.268204,33.0,14.34,71.6,8,1.7,103.7,4.210,-4.2,0,1,2873
2026-04-01T06:26:17,-8.176506,-133.266479,34.9,14.55,69.1,8,1.9,103.7,4.210,-4.2,0,1,2874
2026-04-01T06:26:45,-8.175928,-133.264816,35.7,12.78,68.8,8,1.7,103.5,4.213,-4.4,0,1,2875
2026-04-01T06:27:13,-8.175419,-133.263123,38.9,12.87,72.9,8,1.7,103.5,4.210,-4.4,0,1,2876
2026-04-01T06:27:41,-8.174890,-133.261398,39.8,13.78,72.5,8,1.7,103.7,4.211,-4.2,0,1,2877
2026-04-01T06:28:09,-8.174441,-133.259659,36.8,13.87,73.3,8,1.7,103.5,4.211,-4.4,0,1,2878
2026-04-01T06:28:37,-8.173924,-133.257965,39.7,12.60,69.1,8,1.7,103.5,4.211,-4.4,0,1,2879
2026-04-01T06:29:05,-8.173498,-133.256226,36.6,13.38,70.3,7,1.9,103.5,4.211,-4.4,0,1,2880
2026-04-01T06:29:33,-8.172921,-133.254547,34.3,14.43,73.1,8,1.7,103.4,4.211,-4.2,0,1,2881
2026-04-01T06:30:01,-8.172357,-133.252884,36.3,12.96,75.6,8,1.7,103.5,4.210,-4.4,0,1,2882
2026-04-01T06:30:29,-8.171951,-133.251160,38.7,12.84,81.9,8,1.7,103.5,4.211,-4.4,0,1,2883
2026-04-01T06:30:57,-8.171637,-133.249359,29.8,12.90,71.2,8,1.7,103.7,4.210,-4.2,0,1,2884
2026-04-01T06:31:25,-8.171213,-133.247589,23.5,13.76,69.2,7,1.8,103.7,4.211,-4.2,0,1,2885
2026-04-01T06:31:53,-8.170585,-133.245911,22.2,13.85,64.3,7,1.8,103.5,4.213,-4.4,0,1,2886
2026-04-01T06:32:21,-8.170090,-133.244217,20.3,13.90,76.5,7,1.8,103.5,4.211,-4.4,0,1,2887
2026-04-01T06:32:49,-8.169523,-133.242554,21.7,14.23,68.7,7,1.8,103.5,4.211,-4.4,0,1,2888
2026-04-01T06:33:17,-8.168993,-133.240906,26.7,12.02,74.8,7,1.8,103.7,4.213,-4.2,0,1,2889
2026-04-01T06:33:45,-8.168385,-133.239258,35.2,13.09,69.8,7,1.8,103.8,4.210,-4.2,0,1,2890
2026-04-01T06:34:13,-8.167894,-133.237534,31.0,14.22,75.3,7,1.8,103.7,4.211,-4.2,0,1,2891
2026-04-01T06:34:41,-8.167466,-133.235794,24.8,12.72,78.1,7,1.8,103.5,4.210,-4.4,0,1,2892
2026-04-01T06:35:09,-8.166928,-133.234116,23.9,13.38,72.9,7,1.8,103.7,4.213,-4.2,0,1,2893
2026-04-01T06:35:37,-8.166417,-133.232422,24.9,13.06,78.1,7,1.8,103.7,4.211,-4.2,0,1,2894
2026-04-01T06:36:05,-8.165890,-133.230743,26.7,13.52,74.9,6,1.9,103.5,4.211,-4.4,0,1,2895
2026-04-01T06:36:33,-8.165394,-133.228989,21.0,12.55,75.5,6,2.5,103.5,4.210,-4.4,0,1,2896
2026-04-01T06:37:01,-8.164868,-133.227249,11.2,14.05,73.6,6,1.9,103.7,4.211,-4.2,0,1,2897
2026-04-01T06:37:29,-8.164377,-133.225510,7.9,14.25,76.4,6,2.5,103.7,4.211,-4.2,0,1,2898
2026-04-01T06:37:57,-8.163812,-133.223831,3.9,13.62,72.4,6,1.9,103.5,4.210,-4.4,0,1,2899
2026-04-01T06:38:25,-8.163299,-133.222137,2.1,13.66,76.8,6,2.5,103.8,4.210,-4.2,0,1,2900
2026-04-01T06:38:53,-8.162765,-133.220535,22.6,12.18,73.0,6,2.5,103.7,4.211,-4.2,0,1,2901
2026-04-01T06:39:21,-8.162152,-133.218857,27.7,12.85,72.2,6,1.9,103.4,4.210,-4.2,0,1,2902
2026-04-01T06:39:49,-8.161751,-133.217087,24.1,13.80,76.1,6,2.5,103.7,4.211,-4.2,0,1,2903
2026-04-01T06:40:17,-8.161165,-133.215378,14.6,13.75,71.8,6,1.9,103.7,4.210,-4.2,0,1,2904
2026-04-01T06:40:45,-8.160698,-133.213654,13.4,12.87,78.6,6,1.9,103.7,4.211,-4.2,0,1,2905
2026-04-01T06:41:13,-8.160142,-133.211975,14.7,12.12,77.3,6,1.9,103.4,4.210,-4.2,0,1,2906
2026-04-01T06:41:41,-8.159692,-133.210190,15.3,14.17,73.5,6,1.9,103.8,4.210,-4.2,0,1,2907
2026-04-01T06:42:09,-8.159206,-133.208511,17.2,12.55,70.2,6,1.9,103.7,4.211,-4.2,0,1,2908
2026-04-01T06:42:37,-8.158670,-133.206802,16.9,13.55,77.2,6,1.9,103.4,4.210,-4.2,0,1,2909
2026-04-01T06:43:05,-8.158216,-133.205078,20.8,13.23,74.6,6,1.9,103.5,4.211,-4.4,0,1,2910
2026-04-01T06:43:33,-8.157739,-133.203323,22.1,14.51,81.3,6,1.9,103.7,4.209,-4.2,0,1,2911
2026-04-01T06:44:01,-8.157205,-133.201569,18.7,13.63,71.3,6,1.9,104.3,4.211,-4.2,0,1,2912
2026-04-01T06:44:29,-8.156763,-133.199753,14.4,13.88,72.3,6,1.9,103.7,4.211,-4.2,0,1,2913
2026-04-01T06:44:57,-8.156312,-133.197968,10.8,13.68,73.7,6,1.9,103.4,4.210,-4.2,0,1,2914
2026-04-01T06:45:25,-8.155792,-133.196228,7.7,14.48,75.7,6,1.9,103.7,4.211,-4.2,0,1,2915
2026-04-01T06:45:53,-8.155225,-133.194519,11.1,13.23,75.1,6,1.9,103.8,4.211,-4.2,0,1,2916
2026-04-01T06:46:21,-8.154678,-133.192825,11.9,13.62,71.3,6,1.8,104.0,4.210,-4.2,0,1,2917
2026-04-01T06:46:49,-8.154134,-133.191086,18.8,14.38,74.1,6,1.8,103.7,4.210,-4.2,0,1,2918
2026-04-01T06:47:17,-8.153732,-133.189331,14.6,13.95,76.7,6,1.8,103.7,4.211,-4.2,0,1,2919
2026-04-01T06:47:45,-8.153228,-133.187592,13.4,13.32,72.8,6,1.8,103.7,4.211,-4.2,0,1,2920
2026-04-01T06:48:13,-8.152765,-133.185837,12.8,13.46,76.2,6,1.8,103.8,4.213,-4.2,0,1,2921
2026-04-01T06:48:41,-8.152225,-133.184143,14.5,14.03,76.5,6,1.8,103.5,4.211,-4.4,0,1,2922
2026-04-01T06:49:09,-8.151765,-133.182373,15.5,15.67,76.4,6,1.8,103.8,4.210,-4.2,0,1,2923
2026-04-01T06:49:37,-8.151240,-133.180695,13.1,12.79,77.3,6,1.8,103.8,4.213,-4.2,0,1,2924
2026-04-01T06:50:05,-8.150742,-133.178986,11.8,14.63,71.3,6,1.8,103.7,4.210,-4.2,0,1,2925
2026-04-01T06:50:33,-8.150183,-133.177292,11.5,13.91,72.1,6,1.8,103.8,4.211,-4.2,0,1,2926
2026-04-01T06:51:01,-8.149638,-133.175613,10.3,13.30,71.3,6,2.5,103.5,4.213,-4.4,0,1,2927
2026-04-01T06:51:29,-8.149152,-133.173904,8.8,13.89,75.3,6,1.8,103.7,4.211,-4.2,0,1,2928
2026-04-01T06:51:57,-8.148692,-133.172180,8.8,13.51,71.4,6,1.8,103.4,4.211,-4.2,0,1,2929
2026-04-01T06:52:25,-8.148158,-133.170486,10.1,14.34,70.3,6,1.8,103.5,4.210,-4.4,0,1,2930
2026-04-01T06:52:53,-8.147731,-133.168732,6.9,14.00,74.4,6,1.8,103.5,4.211,-4.4,0,1,2931
2026-04-01T06:53:21,-8.147294,-133.167007,5.9,13.42,73.3,6,1.8,104.1,4.211,-4.4,0,1,2932
2026-04-01T06:53:49,-8.146806,-133.165314,5.5,13.76,72.9,6,1.8,103.5,4.211,-4.4,0,1,2933
2026-04-01T06:54:17,-8.146289,-133.163589,3.1,12.17,78.4,6,1.8,103.5,4.211,-4.4,0,1,2934
2026-04-01T06:54:45,-8.145814,-133.161850,-1.6,13.98,72.6,6,1.8,103.5,4.211,-4.4,0,1,2935
2026-04-01T06:55:13,-8.145282,-133.160126,-7.6,13.94,72.5,6,2.4,103.5,4.211,-4.4,0,1,2936
2026-04-01T06:55:41,-8.144792,-133.158386,-12.3,13.85,75.2,6,1.7,103.5,4.211,-4.4,0,1,2937
2026-04-01T06:56:09,-8.144272,-133.156616,-10.9,13.55,77.1,6,1.7,103.7,4.210,-4.2,0,1,2938
2026-04-01T06:56:37,-8.143807,-133.154907,-8.8,12.79,76.2,6,1.7,103.7,4.213,-4.2,0,1,2939
2026-04-01T06:57:05,-8.143293,-133.153244,-10.9,14.26,74.2,6,1.7,103.7,4.210,-4.2,0,1,2940
2026-04-01T06:57:33,-8.142818,-133.151505,-11.7,13.91,72.2,6,1.7,103.5,4.210,-4.4,0,1,2941
2026-04-01T06:58:01,-8.142323,-133.149765,-11.7,14.40,75.7,6,1.7,103.5,4.211,-4.4,0,1,2942
2026-04-01T06:58:29,-8.141838,-133.148041,-11.9,14.67,79.0,6,1.7,103.7,4.211,-4.2,0,1,2943
2026-04-01T06:58:57,-8.141295,-133.146362,-7.4,12.73,71.5,6,2.4,103.7,4.211,-4.2,0,1,2944
2026-04-01T06:59:25,-8.140738,-133.144684,0.6,13.94,77.2,6,1.7,103.5,4.210,-4.4,0,1,2945
2026-04-01T06:59:53,-8.140224,-133.143005,8.7,14.31,76.5,7,1.4,103.7,4.210,-4.2,0,1,2946
2026-04-01T07:00:21,-8.139668,-133.141312,21.3,13.38,73.7,7,1.4,103.7,4.210,-4.2,0,1,2947
2026-04-01T07:00:49,-8.139122,-133.139572,27.7,13.04,74.4,7,1.4,103.7,4.211,-4.2,0,1,2948
2026-04-01T07:01:17,-8.138571,-133.137878,35.2,13.37,76.1,7,1.4,103.5,4.211,-4.4,0,1,2949
2026-04-01T07:01:45,-8.138124,-133.136124,33.5,13.29,77.6,7,1.4,103.5,4.211,-4.4,0,1,2950
2026-04-01T07:02:13,-8.137800,-133.134323,25.8,14.25,74.7,7,1.4,103.5,4.211,-4.4,0,1,2951
2026-04-01T07:02:41,-8.137374,-133.132584,27.8,13.14,70.7,7,1.9,103.7,4.211,-4.2,0,1,2952
2026-04-01T07:03:09,-8.136862,-133.130859,28.2,12.75,74.9,7,1.9,103.5,4.210,-4.4,0,1,2953
2026-04-01T07:03:37,-8.136327,-133.129166,30.5,13.35,77.0,7,1.4,103.5,4.211,-4.4,0,1,2954
2026-04-01T07:04:05,-8.135771,-133.127457,33.9,14.15,72.2,7,1.4,103.7,4.210,-4.2,0,1,2955
2026-04-01T07:04:33,-8.135272,-133.125732,41.4,14.06,76.0,7,1.4,103.5,4.210,-4.4,0,1,2956
2026-04-01T07:05:01,-8.134817,-133.124008,34.3,13.26,74.8,7,1.4,103.7,4.210,-4.2,0,1,2957
2026-04-01T07:05:29,-8.134264,-133.122284,33.0,13.42,74.0,6,2.2,103.7,4.209,-4.2,0,1,2958
2026-04-01T07:05:57,-8.133698,-133.120590,34.8,13.77,73.2,6,1.9,103.7,4.211,-4.2,0,1,2959
2026-04-01T07:06:25,-8.133146,-133.118881,35.2,13.63,76.6,7,1.4,103.8,4.210,-4.2,0,1,2960
2026-04-01T07:06:53,-8.132628,-133.117187,31.1,15.03,70.9,7,1.9,103.5,4.213,-4.4,0,1,2961
2026-04-01T07:07:21,-8.132114,-133.115479,40.8,13.75,74.2,7,1.4,103.4,4.211,-4.2,0,1,2962
2026-04-01T07:07:49,-8.131637,-133.113754,38.5,12.98,75.7,7,1.4,103.5,4.211,-4.4,0,1,2963
2026-04-01T07:08:17,-8.131134,-133.112030,36.1,14.30,72.7,7,1.9,103.5,4.210,-4.4,0,1,2964
2026-04-01T07:08:45,-8.130672,-133.110321,36.6,13.10,71.9,7,1.9,103.7,4.210,-4.2,0,1,2965
2026-04-01T07:09:13,-8.130195,-133.108597,37.6,13.09,75.8,7,1.4,103.7,4.211,-4.2,0,1,2966
2026-04-01T07:09:41,-8.129644,-133.106857,38.2,14.41,71.9,7,1.4,103.7,4.210,-4.2,0,1,2967
2026-04-01T07:10:09,-8.129143,-133.105133,38.4,13.69,78.8,7,1.4,103.5,4.211,-4.4,0,1,2968
2026-04-01T07:10:37,-8.128640,-133.103394,33.9,13.86,75.1,7,1.4,103.7,4.211,-4.2,0,1,2969
2026-04-01T07:11:05,-8.128176,-133.101654,38.7,13.59,74.7,7,2.0,103.5,4.211,-4.4,0,1,2970
2026-04-01T07:11:33,-8.127559,-133.099930,45.8,13.28,75.4,7,1.4,103.7,4.211,-4.2,0,1,2971
2026-04-01T07:12:01,-8.127049,-133.098221,46.6,13.27,71.7,7,2.0,103.5,4.211,-4.4,0,1,2972
2026-04-01T07:12:29,-8.126510,-133.096497,49.8,14.04,70.9,7,2.0,103.5,4.214,-4.4,0,1,2973
2026-04-01T07:12:57,-8.126053,-133.094788,48.7,13.67,74.4,6,2.4,103.7,4.210,-4.2,0,1,2974
2026-04-01T07:13:25,-8.125608,-133.093063,47.3,14.24,76.5,6,2.4,103.4,4.210,2751.6,0,1,2975
2026-04-01T07:13:53,-8.125085,-133.091339,47.1,13.37,71.6,7,2.0,103.5,4.211,-4.4,0,1,2976
2026-04-01T07:14:21,-8.124585,-133.089615,48.5,13.71,70.4,6,2.4,103.7,4.211,-4.2,0,1,2977
2026-04-01T07:14:49,-8.124148,-133.087875,46.8,12.78,73.6,7,2.0,103.5,4.209,2755.8,0,1,2978
2026-04-01T07:15:17,-8.123656,-133.086136,47.4,14.04,71.3,7,2.0,103.7,4.210,-4.2,0,1,2979
2026-04-01T07:15:45,-8.123210,-133.084366,48.9,14.86,74.5,7,1.4,103.5,4.211,-4.4,0,1,2980
2026-04-01T07:16:13,-8.122664,-133.082657,50.2,13.42,73.9,6,2.5,103.5,4.210,-4.4,0,1,2981
2026-04-01T07:16:41,-8.122222,-133.080902,46.3,14.23,74.2,6,2.5,103.5,4.211,-4.4,0,1,2982
2026-04-01T07:17:09,-8.121706,-133.079193,46.5,12.74,73.9,6,2.5,103.5,4.210,-4.4,0,1,2983
2026-04-01T07:17:37,-8.121248,-133.077469,44.7,13.67,76.7,7,1.9,103.8,4.210,-4.2,0,1,2984
2026-04-01T07:18:05,-8.120725,-133.075745,46.9,12.59,77.0,7,1.9,103.7,4.210,-4.2,0,1,2985
2026-04-01T07:18:33,-8.120212,-133.074036,47.8,13.58,71.8,7,1.9,103.5,4.211,-4.4,0,1,2986
2026-04-01T07:19:01,-8.119811,-133.072296,44.6,14.81,76.5,7,1.9,103.5,4.211,-4.4,0,1,2987
2026-04-01T07:19:29,-8.119291,-133.070572,46.8,14.24,73.4,7,1.9,103.7,4.210,-4.2,0,1,2988
2026-04-01T07:19:57,-8.118828,-133.068848,45.1,14.34,72.6,7,1.9,103.5,4.210,-4.4,0,1,2989
2026-04-01T07:20:25,-8.118263,-133.067154,48.8,13.94,71.8,7,1.9,103.5,4.211,-4.4,0,1,2990
2026-04-01T07:20:53,-8.117744,-133.065430,52.5,13.45,70.7,7,1.9,103.8,4.210,-4.2,0,1,2991
2026-04-01T07:21:21,-8.117270,-133.063705,52.0,13.65,76.1,7,1.9,103.7,4.209,-4.2,0,1,2992
2026-04-01T07:21:49,-8.116816,-133.061935,50.0,13.21,76.9,7,1.9,103.4,4.210,-4.2,0,1,2993
2026-04-01T07:22:17,-8.116275,-133.060242,55.0,14.28,74.1,7,1.9,103.4,4.210,-4.2,0,1,2994
2026-04-01T07:22:45,-8.115758,-133.058502,54.3,13.18,75.6,7,1.9,103.7,4.211,-4.2,0,1,2995
2026-04-01T07:23:13,-8.115295,-133.056839,53.2,13.01,75.8,7,1.9,103.7,4.210,-4.2,0,1,2996
2026-04-01T07:23:41,-8.114758,-133.055130,54.9,14.00,71.0,7,1.4,103.7,4.209,-4.2,0,1,2997
2026-04-01T07:24:09,-8.114403,-133.053421,44.8,13.23,74.5,8,1.4,103.8,4.213,-4.2,0,1,2998
2026-04-01T07:24:37,-8.113907,-133.051682,42.0,13.43,72.2,8,1.4,103.8,4.210,-4.2,0,1,2999
2026-04-01T07:25:05,-8.113450,-133.049973,40.3,13.56,71.6,8,1.3,103.5,4.211,-4.4,0,1,3000
2026-04-01T07:25:33,-8.112968,-133.048264,37.7,13.41,73.8,8,1.3,103.5,4.210,-4.4,0,1,3001
2026-04-01T07:26:01,-8.112448,-133.046585,41.1,14.43,69.5,8,1.3,104.0,4.211,-4.2,0,1,3002
2026-04-01T07:26:29,-8.112060,-133.044830,34.7,13.42,73.8,8,1.3,103.8,4.211,-4.2,0,1,3003
2026-04-01T07:26:57,-8.111643,-133.043091,36.0,13.80,74.5,8,1.3,103.4,4.211,-4.2,0,1,3004
2026-04-01T07:27:25,-8.111087,-133.041367,35.1,13.38,72.9,8,1.2,103.4,4.213,-4.2,0,1,3005
2026-04-01T07:27:53,-8.110626,-133.039612,33.1,13.32,75.3,8,1.3,103.7,4.210,-4.2,0,1,3006
2026-04-01T07:28:21,-8.110177,-133.037888,30.6,13.29,75.8,8,1.3,103.5,4.209,-4.4,0,1,3007
2026-04-01T07:28:49,-8.109703,-133.036148,25.5,13.63,74.1,8,1.6,103.7,4.210,-4.2,0,1,3008
2026-04-01T07:29:17,-8.109295,-133.034424,21.6,14.26,71.0,8,1.3,103.4,4.211,-4.2,0,1,3009
2026-04-01T07:29:45,-8.108842,-133.032715,21.1,13.51,76.0,8,1.3,103.5,4.211,-4.4,0,1,3010
2026-04-01T07:30:13,-8.108354,-133.031052,19.3,14.07,75.1,8,1.2,103.5,4.210,-4.4,0,1,3011
2026-04-01T07:30:41,-8.107852,-133.029312,19.0,13.19,72.5,8,1.6,103.8,4.211,-4.2,0,1,3012
2026-04-01T07:31:09,-8.107357,-133.027603,18.3,14.44,65.1,8,1.2,103.4,4.210,-4.2,0,1,3013
2026-04-01T07:31:37,-8.106880,-133.025833,20.3,13.55,75.0,8,1.2,103.5,4.211,-4.4,0,1,3014
2026-04-01T07:32:05,-8.106395,-133.024078,22.2,13.07,77.4,8,1.2,103.4,4.210,-4.2,0,1,3015
2026-04-01T07:32:33,-8.105952,-133.022400,16.2,13.01,72.5,8,1.2,103.7,4.213,-4.2,0,1,3016
2026-04-01T07:33:01,-8.105558,-133.020706,6.7,13.45,74.4,8,1.2,103.5,4.210,-4.4,0,1,3017
2026-04-01T07:33:29,-8.105169,-133.018997,1.6,13.07,73.2,8,1.2,103.4,4.211,-4.2,0,1,3018
2026-04-01T07:33:57,-8.104713,-133.017227,-1.9,13.51,75.8,8,1.2,103.5,4.210,-4.4,0,1,3019
2026-04-01T07:34:25,-8.104211,-133.015488,4.0,13.00,76.9,7,1.8,104.0,4.211,-4.2,0,1,3020
2026-04-01T07:34:53,-8.103608,-133.013763,11.9,13.74,71.9,8,1.2,103.5,4.211,-4.4,0,1,3021
2026-04-01T07:35:21,-8.102992,-133.012085,17.7,13.81,78.1,8,1.2,103.5,4.209,-4.4,0,1,3022
2026-04-01T07:35:49,-8.102315,-133.010345,32.1,14.01,76.9,8,1.2,103.8,4.211,-4.2,0,1,3023
2026-04-01T07:36:17,-8.101752,-133.008621,45.1,13.38,76.8,8,1.2,103.5,4.210,-4.4,0,1,3024
2026-04-01T07:36:45,-8.101193,-133.006943,57.3,13.84,73.4,7,1.2,103.4,4.210,-4.2,0,1,3025
2026-04-01T07:37:13,-8.100621,-133.005325,65.1,13.33,71.1,7,1.2,103.5,4.210,-4.4,0,1,3026
2026-04-01T07:37:41,-8.100204,-133.003693,70.7,12.74,77.4,7,1.2,103.5,4.210,-4.4,0,1,3027
2026-04-01T07:38:09,-8.099617,-133.002106,81.4,14.14,71.3,6,1.8,103.5,4.210,-4.4,0,1,3028
2026-04-01T07:38:37,-8.099092,-133.000458,85.4,12.70,70.1,7,1.2,103.7,4.210,-4.2,0,1,3029
2026-04-01T07:39:05,-8.098637,-132.998764,87.7,13.35,74.9,7,1.5,103.5,4.211,-4.4,0,1,3030
2026-04-01T07:39:33,-8.098122,-132.997025,84.9,13.90,70.8,7,1.2,103.7,4.210,-4.2,0,1,3031
2026-04-01T07:40:01,-8.097706,-132.995316,81.7,13.68,69.7,7,1.2,103.5,4.211,-4.4,0,1,3032
2026-04-01T07:40:29,-8.097234,-132.993561,79.8,13.29,74.0,6,1.8,103.7,4.209,-4.2,0,1,3033
2026-04-01T07:40:57,-8.096619,-132.991821,80.0,13.79,71.0,7,1.2,103.5,4.209,-4.4,0,1,3034
2026-04-01T07:41:25,-8.096198,-132.990067,81.5,13.58,74.2,7,1.2,103.7,4.210,-4.2,0,1,3035
2026-04-01T07:41:53,-8.095674,-132.988358,84.6,13.48,73.2,6,1.8,103.5,4.210,-4.4,0,1,3036
2026-04-01T07:42:21,-8.095141,-132.986649,86.0,12.62,66.1,6,2.2,103.7,4.210,-4.2,0,1,3037
2026-04-01T07:42:49,-8.094664,-132.984909,84.6,13.09,72.0,6,1.8,103.5,4.210,-4.4,0,1,3038
2026-04-01T07:43:17,-8.094213,-132.983185,83.5,12.65,76.0,6,1.8,103.7,4.210,-4.2,0,1,3039
2026-04-01T07:43:45,-8.093745,-132.981430,79.6,12.36,80.1,6,1.8,103.7,4.211,-4.2,0,1,3040
2026-04-01T07:44:13,-8.093200,-132.979691,80.3,13.25,74.8,6,1.8,103.5,4.211,-4.4,0,1,3041
2026-04-01T07:44:41,-8.092747,-132.977951,80.2,13.79,78.3,6,1.8,103.5,4.211,-4.4,0,1,3042
2026-04-01T07:45:09,-8.092323,-132.976196,74.4,14.14,76.3,5,1.8,103.5,4.210,-4.4,0,1,3043
2026-04-01T07:45:37,-8.091840,-132.974442,72.3,13.69,74.8,5,1.8,103.7,4.211,-4.2,0,1,3044
2026-04-01T07:46:05,-8.091351,-132.972794,69.5,13.69,74.7,5,2.3,103.7,4.210,-4.2,0,1,3045
2026-04-01T07:46:33,-8.090857,-132.971054,66.3,13.30,76.9,5,1.8,103.5,4.210,-4.4,0,1,3046
2026-04-01T07:47:01,-8.090364,-132.969299,62.7,14.26,71.0,5,1.8,103.8,4.211,-4.2,0,1,3047
2026-04-01T07:47:29,-8.089920,-132.967560,59.0,13.98,76.2,5,1.8,103.5,4.210,-4.4,0,1,3048
2026-04-01T07:47:57,-8.089367,-132.965866,58.3,13.48,72.8,5,1.8,103.7,4.210,-4.2,0,1,3049
2026-04-01T07:48:25,-8.088861,-132.964157,58.7,13.08,74.5,5,1.8,103.7,4.210,-4.2,0,1,3050
2026-04-01T07:48:53,-8.088364,-132.962463,57.0,13.44,73.4,5,1.8,103.5,4.210,-4.4,0,1,3051
2026-04-01T07:49:21,-8.087882,-132.960754,56.7,13.27,73.5,6,1.3,103.7,4.210,2760.2,0,1,3052
2026-04-01T07:49:49,-8.087410,-132.959045,54.1,13.39,76.3,5,1.8,103.5,4.210,-4.4,0,1,3053
2026-04-01T07:50:17,-8.086948,-132.957321,49.9,13.49,75.0,6,1.3,103.5,4.211,-4.4,0,1,3054
2026-04-01T07:50:45,-8.086447,-132.955612,48.4,14.51,73.7,5,1.7,103.7,4.211,-4.2,0,1,3055
2026-04-01T07:51:13,-8.085929,-132.953918,47.7,13.02,73.8,7,1.5,103.5,4.211,-4.4,0,1,3056
2026-04-01T07:51:41,-8.085420,-132.952209,46.9,13.15,75.0,6,1.7,103.7,4.211,-4.2,0,1,3057
2026-04-01T07:52:09,-8.084842,-132.950516,47.3,13.22,71.0,6,1.7,103.5,4.207,-4.4,0,1,3058
2026-04-01T07:52:37,-8.084371,-132.948761,44.5,13.53,76.5,6,1.7,103.7,4.210,-4.2,0,1,3059
2026-04-01T07:53:05,-8.083954,-132.946976,37.1,14.48,72.6,6,1.7,103.8,4.210,-4.2,0,1,3060
2026-04-01T07:53:33,-8.083453,-132.945236,34.4,13.82,70.0,7,1.6,103.7,4.211,-4.2,0,1,3061
2026-04-01T07:54:01,-8.082998,-132.943512,30.5,13.16,79.0,6,1.7,103.7,4.207,-4.2,0,1,3062
2026-04-01T07:54:29,-8.082530,-132.941757,29.1,14.32,76.2,7,1.6,103.4,4.210,-4.2,0,1,3063
2026-04-01T07:54:57,-8.082020,-132.940063,27.2,13.88,73.8,7,1.6,103.5,4.211,-4.4,0,1,3064
2026-04-01T07:55:25,-8.081552,-132.938324,25.0,13.68,75.5,7,1.6,103.8,4.211,-4.2,0,1,3065
2026-04-01T07:55:53,-8.081100,-132.936600,19.2,13.87,79.4,7,1.6,103.7,4.211,-4.2,0,1,3066
2026-04-01T07:56:21,-8.080662,-132.934860,20.3,13.98,75.5,7,1.6,103.7,4.211,-4.2,0,1,3067
2026-04-01T07:56:49,-8.080168,-132.933151,21.2,13.69,76.2,6,1.6,103.5,4.210,-4.4,0,1,3068
2026-04-01T07:57:17,-8.079611,-132.931458,22.9,13.37,74.3,7,2.1,103.7,4.210,-4.2,0,1,3069
2026-04-01T07:57:45,-8.079068,-132.929733,27.2,14.06,76.6,7,1.6,103.4,4.210,-4.2,0,1,3070
2026-04-01T07:58:13,-8.078554,-132.928009,29.0,13.77,77.0,7,1.6,103.5,4.210,-4.4,0,1,3071
2026-04-01T07:58:41,-8.078088,-132.926270,30.5,13.87,73.2,7,1.6,103.7,4.210,-4.2,0,1,3072
2026-04-01T07:59:09,-8.077748,-132.924530,27.0,13.48,72.7,7,1.6,103.5,4.210,-4.4,0,1,3073
2026-04-01T07:59:37,-8.077358,-132.922852,20.8,13.48,77.6,8,1.5,103.5,4.211,-4.4,0,1,3074
2026-04-01T08:00:05,-8.076730,-132.921158,15.3,13.04,73.1,6,3.4,103.5,4.210,-4.4,0,1,3075
2026-04-01T08:00:33,-8.076399,-132.919434,11.3,13.70,75.3,7,1.5,103.8,4.213,-4.2,0,1,3076
2026-04-01T08:01:01,-8.075778,-132.917709,19.4,13.58,73.1,7,1.5,103.7,4.210,-4.2,0,1,3077
2026-04-01T08:01:29,-8.075333,-132.915955,21.1,13.78,75.3,8,1.5,103.7,4.209,-4.2,0,1,3078
2026-04-01T08:01:57,-8.074914,-132.914246,27.5,13.19,79.1,8,1.5,103.7,4.210,-4.2,0,1,3079
2026-04-01T08:02:25,-8.074530,-132.912537,30.0,13.14,81.0,7,2.0,103.7,4.211,-4.2,0,1,3080
2026-04-01T08:02:53,-8.073960,-132.910828,28.5,13.58,75.7,8,1.5,103.5,4.211,-4.4,0,1,3081
2026-04-01T08:03:21,-8.073206,-132.909119,25.7,13.96,75.5,8,1.5,103.5,4.210,-4.4,0,1,3082
2026-04-01T08:03:49,-8.072688,-132.907364,34.1,14.17,72.4,8,1.5,103.5,4.211,-4.4,0,1,3083
2026-04-01T08:04:17,-8.072234,-132.905624,31.0,13.15,82.3,8,1.5,103.7,4.210,-4.2,0,1,3084
2026-04-01T08:04:45,-8.071806,-132.903915,31.2,12.64,79.3,8,1.5,103.7,4.210,-4.2,0,1,3085
2026-04-01T08:05:13,-8.071270,-132.902176,31.7,13.91,72.7,8,1.5,103.5,4.210,-4.4,0,1,3086
2026-04-01T08:05:41,-8.070722,-132.900391,28.9,13.00,74.9,7,1.5,103.5,4.211,-4.4,0,1,3087
2026-04-01T08:06:09,-8.070302,-132.898651,32.2,13.10,83.7,6,4.0,103.4,4.211,-4.2,0,1,3088
2026-04-01T08:06:37,-8.069888,-132.896927,33.4,12.85,75.4,7,1.5,103.4,4.211,-4.2,0,1,3089
2026-04-01T08:07:05,-8.069269,-132.895157,30.2,13.75,76.5,7,1.5,103.5,4.209,-4.4,0,1,3090
2026-04-01T08:07:33,-8.068848,-132.893417,28.4,14.23,73.4,7,1.5,103.5,4.210,-4.4,0,1,3091
2026-04-01T08:08:01,-8.068553,-132.891724,30.6,13.24,82.0,7,1.5,103.4,4.211,-4.2,0,1,3092
2026-04-01T08:08:29,-8.068057,-132.889984,29.5,13.48,75.7,7,1.5,103.4,4.210,-4.2,0,1,3093
2026-04-01T08:08:57,-8.067553,-132.888214,31.0,13.55,77.4,6,4.0,103.5,4.211,-4.4,0,1,3094
2026-04-01T08:09:25,-8.066905,-132.886490,33.5,13.54,79.6,7,1.5,103.4,4.210,-4.2,0,1,3095
2026-04-01T08:09:53,-8.066357,-132.884735,34.2,13.61,73.3,6,3.9,103.5,4.210,-4.4,0,1,3096
2026-04-01T08:10:21,-8.065927,-132.883011,28.2,13.36,79.9,6,3.9,103.8,4.213,-4.2,0,1,3097
2026-04-01T08:10:49,-8.065441,-132.881287,25.8,12.69,76.5,6,3.8,103.5,4.210,-4.4,0,1,3098
2026-04-01T08:11:17,-8.064898,-132.879532,25.5,13.43,80.4,6,3.7,103.7,4.211,-4.2,0,1,3099
2026-04-01T08:11:45,-8.064348,-132.877792,25.8,14.44,72.3,7,1.4,103.5,4.209,-4.4,0,1,3100
2026-04-01T08:12:13,-8.063867,-132.876038,34.8,14.45,73.8,8,1.3,103.5,4.210,-4.4,0,1,3101
2026-04-01T08:12:41,-8.063416,-132.874298,32.2,14.00,72.0,7,1.5,103.5,4.211,-4.4,0,1,3102
2026-04-01T08:13:09,-8.062940,-132.872589,36.2,14.59,74.1,8,1.2,103.5,4.210,-4.4,0,1,3103
2026-04-01T08:13:37,-8.062507,-132.870804,35.1,14.77,76.8,9,1.2,103.7,4.210,-4.2,0,1,3104
2026-04-01T08:14:05,-8.062045,-132.869080,30.8,13.68,74.9,9,1.8,103.5,4.210,-4.4,0,1,3105
2026-04-01T08:14:33,-8.061586,-132.867371,19.6,13.54,78.5,9,1.8,103.7,4.211,-4.2,0,1,3106
2026-04-01T08:15:01,-8.061068,-132.865631,10.8,13.91,78.5,9,1.2,103.7,4.209,-4.2,0,1,3107
2026-04-01T08:15:29,-8.060556,-132.863892,9.9,13.56,75.1,8,1.3,103.7,4.211,-4.2,0,1,3108
2026-04-01T08:15:57,-8.060072,-132.862152,9.7,14.15,73.5,9,1.8,103.5,4.211,-4.4,0,1,3109
2026-04-01T08:16:25,-8.059577,-132.860443,9.7,14.01,72.1,9,1.8,103.4,4.210,-4.2,0,1,3110
2026-04-01T08:16:53,-8.059093,-132.858719,10.5,14.48,70.5,10,1.2,103.5,4.210,-4.4,0,1,3111
2026-04-01T08:17:21,-8.058596,-132.856979,11.0,13.73,77.5,9,1.2,103.7,4.211,-4.2,0,1,3112
2026-04-01T08:17:49,-8.058092,-132.855225,10.7,14.23,78.8,9,1.2,103.5,4.210,-4.4,0,1,3113
2026-04-01T08:18:17,-8.057600,-132.853500,12.4,13.17,74.5,10,1.2,103.4,4.210,-4.2,0,1,3114
2026-04-01T08:18:45,-8.057112,-132.851776,9.7,13.05,72.9,9,1.3,103.4,4.211,-4.2,0,1,3115
2026-04-01T08:19:13,-8.056619,-132.850037,11.5,14.12,71.6,10,1.2,103.8,4.210,-4.2,0,1,3116
2026-04-01T08:19:41,-8.056067,-132.848282,9.7,14.36,77.3,10,1.7,103.5,4.210,-4.4,0,1,3117
2026-04-01T08:20:09,-8.055600,-132.846512,4.6,13.27,75.3,10,1.7,103.5,4.210,-4.4,0,1,3118
2026-04-01T08:20:37,-8.055106,-132.844742,4.7,14.08,74.8,10,1.7,103.5,4.210,-4.4,0,1,3119
2026-04-01T08:21:05,-8.054617,-132.842987,-2.5,14.55,71.8,10,1.2,103.5,4.209,-4.4,0,1,3120
2026-04-01T08:21:33,-8.054107,-132.841248,1.7,13.42,81.7,10,1.2,103.7,4.210,-4.2,0,1,3121
2026-04-01T08:22:01,-8.053610,-132.839523,0.9,14.35,75.4,10,1.2,103.5,4.210,-4.4,0,1,3122
2026-04-01T08:22:29,-8.053083,-132.837753,-0.8,13.75,80.7,10,1.2,103.7,4.209,-4.2,0,1,3123
2026-04-01T08:22:57,-8.052506,-132.835999,6.9,12.73,71.5,9,2.1,103.8,4.211,-4.2,0,1,3124
2026-04-01T08:23:25,-8.051977,-132.834229,10.6,14.18,72.3,9,1.8,103.5,4.210,-4.4,0,1,3125
2026-04-01T08:23:53,-8.051540,-132.832474,-0.2,13.06,79.2,8,2.1,103.7,4.211,-4.2,0,1,3126
2026-04-01T08:24:21,-8.051012,-132.830719,5.3,14.14,70.2,9,1.3,103.5,4.210,-4.4,0,1,3127
2026-04-01T08:24:49,-8.050485,-132.828934,0.5,13.53,71.2,9,1.5,103.5,4.210,-4.4,0,1,3128
2026-04-01T08:25:17,-8.050005,-132.827225,0.7,13.42,76.2,8,1.6,103.4,4.210,-4.2,0,1,3129
2026-04-01T08:25:45,-8.049517,-132.825470,-2.3,12.74,75.7,8,1.6,103.7,4.210,-4.2,0,1,3130
2026-04-01T08:26:13,-8.049058,-132.823730,-7.2,14.07,72.5,8,1.6,103.7,4.210,-4.2,0,1,3131
2026-04-01T08:26:41,-8.048571,-132.821976,-5.1,13.90,77.2,8,1.6,103.8,4.211,-4.2,0,1,3132
2026-04-01T08:27:09,-8.048027,-132.820236,0.7,13.97,78.7,8,1.6,103.5,4.213,-4.4,0,1,3133
2026-04-01T08:27:37,-8.047489,-132.818542,-4.3,12.91,75.2,9,1.6,103.5,4.210,-4.4,0,1,3134
2026-04-01T08:28:05,-8.046966,-132.816803,-5.6,13.90,74.9,10,1.2,103.5,4.210,-4.4,0,1,3135
2026-04-01T08:28:33,-8.046518,-132.815063,-9.7,13.22,78.2,10,1.2,103.5,4.211,-4.4,0,1,3136
2026-04-01T08:29:01,-8.045999,-132.813278,-3.0,15.06,76.5,10,1.2,103.4,4.210,-4.2,0,1,3137
2026-04-01T08:29:29,-8.045477,-132.811539,2.2,13.92,72.8,10,1.2,103.7,4.211,-4.2,0,1,3138
2026-04-01T08:29:57,-8.045000,-132.809799,2.6,13.59,74.5,9,1.6,103.4,4.210,-4.2,0,1,3139
2026-04-01T08:30:25,-8.044491,-132.808044,0.8,13.33,72.1,10,1.2,103.4,4.210,-4.2,0,1,3140
2026-04-01T08:30:53,-8.044024,-132.806305,-1.9,14.81,75.7,10,1.2,103.2,4.209,-4.2,0,1,3141
2026-04-01T08:31:21,-8.043553,-132.804596,-2.6,13.22,76.6,10,1.2,103.4,4.210,-4.2,0,1,3142
2026-04-01T08:31:49,-8.042946,-132.802795,6.6,14.05,68.8,10,1.2,103.5,4.210,-4.4,0,1,3143
2026-04-01T08:32:17,-8.042517,-132.801132,-4.1,12.64,74.5,10,1.2,103.4,4.210,-4.2,0,1,3144
2026-04-01T08:32:45,-8.042138,-132.799377,-2.7,14.55,81.7,10,1.2,103.4,4.210,-4.2,0,1,3145
2026-04-01T08:33:13,-8.041491,-132.797684,-3.3,13.52,75.7,10,1.2,103.5,4.210,-4.4,0,1,3146
2026-04-01T08:33:41,-8.040977,-132.795975,-5.4,13.58,80.1,10,1.2,103.5,4.210,-4.4,0,1,3147
2026-04-01T08:34:09,-8.040492,-132.794250,-5.9,14.18,77.0,9,1.7,103.5,4.210,-4.4,0,1,3148
2026-04-01T08:34:37,-8.040072,-132.792496,-3.3,14.78,72.6,10,1.2,103.4,4.211,-4.2,0,1,3149
2026-04-01T08:35:05,-8.039574,-132.790756,-4.4,14.38,75.0,10,1.2,103.7,4.210,-4.2,0,1,3150
2026-04-01T08:35:33,-8.039180,-132.789017,-10.8,13.20,78.1,9,1.7,103.4,4.210,-4.2,0,1,3151
2026-04-01T08:36:02,-8.038794,-132.787308,-21.2,13.17,78.7,10,1.2,103.5,4.210,-4.4,0,1,3152
2026-04-01T08:36:30,-8.038250,-132.785614,-19.1,13.63,74.2,10,1.2,103.7,4.211,-4.2,0,1,3153
2026-04-01T08:36:58,-8.037786,-132.783905,-22.3,13.74,77.8,10,1.2,103.7,4.210,-4.2,0,1,3154
2026-04-01T08:37:26,-8.037228,-132.782150,-27.3,13.05,74.9,10,1.5,103.4,4.210,-4.2,0,1,3155
2026-04-01T08:37:54,-8.036791,-132.780426,-30.5,13.82,78.0,9,1.7,103.5,4.210,-4.4,0,1,3156
2026-04-01T08:38:22,-8.036307,-132.778702,-28.7,14.09,76.3,10,1.2,103.5,4.210,-4.4,0,1,3157
2026-04-01T08:38:50,-8.035857,-132.776993,-33.4,13.75,79.1,10,1.2,103.4,4.209,-4.2,0,1,3158
2026-04-01T08:39:18,-8.035283,-132.775299,-22.7,13.76,69.4,9,1.7,103.4,4.210,-4.2,0,1,3159
2026-04-01T08:39:46,-8.034780,-132.773575,-13.7,13.28,67.0,10,1.2,103.4,4.210,-4.2,0,1,3160
2026-04-01T08:40:14,-8.034252,-132.771881,-26.3,12.65,74.1,10,1.2,103.7,4.210,-4.2,0,1,3161
2026-04-01T08:40:42,-8.033731,-132.770157,-21.7,14.32,78.8,9,1.8,103.5,4.210,-4.4,0,1,3162
2026-04-01T08:41:10,-8.033326,-132.768372,-26.0,15.08,75.2,9,1.5,103.7,4.210,-4.2,0,1,3163
2026-04-01T08:41:38,-8.032833,-132.766663,-34.8,13.39,73.9,9,1.2,103.4,4.211,-4.2,0,1,3164
2026-04-01T08:42:06,-8.032262,-132.764938,-28.6,12.90,74.2,9,1.4,103.8,4.209,-4.2,0,1,3165
2026-04-01T08:42:34,-8.031825,-132.763168,-29.6,14.25,73.9,8,2.2,103.5,4.209,2755.8,0,1,3166
2026-04-01T08:43:02,-8.031386,-132.761414,-28.5,13.85,72.8,9,1.2,103.2,4.210,-4.2,0,1,3167
2026-04-01T08:43:30,-8.030829,-132.759674,-31.1,14.15,75.5,8,1.8,103.7,4.210,-4.2,0,1,3168
2026-04-01T08:43:58,-8.030298,-132.757935,-24.2,13.88,75.7,8,1.8,103.8,4.210,2764.3,0,1,3169
2026-04-01T08:44:26,-8.029884,-132.756149,-27.5,14.13,72.6,9,1.2,103.5,4.211,-4.4,0,1,3170
2026-04-01T08:44:54,-8.029405,-132.754395,-23.9,13.72,76.4,9,1.2,103.7,4.210,-4.2,0,1,3171
2026-04-01T08:45:22,-8.028952,-132.752625,-34.5,13.52,79.1,7,1.2,103.4,4.210,-4.2,0,1,3172
2026-04-01T08:45:50,-8.028425,-132.750870,-33.2,14.36,76.6,7,1.2,103.4,4.211,-4.2,0,1,3173
2026-04-01T08:46:18,-8.027868,-132.749130,-31.3,14.83,71.0,6,1.9,103.4,4.209,-4.2,0,1,3174
2026-04-01T08:46:46,-8.027533,-132.747391,-31.9,13.41,72.3,7,1.2,103.4,4.209,-4.2,0,1,3175
2026-04-01T08:47:14,-8.027040,-132.745682,-34.4,13.38,71.7,6,1.9,103.5,4.210,-4.4,0,1,3176
2026-04-01T08:47:42,-8.026513,-132.743927,-35.7,13.36,76.2,6,1.9,103.4,4.210,-4.2,0,1,3177
2026-04-01T08:48:10,-8.026166,-132.742172,-37.8,14.30,76.7,6,1.9,103.5,4.210,-4.4,0,1,3178
2026-04-01T08:48:38,-8.025553,-132.740524,-36.2,13.51,74.9,7,1.2,103.8,4.210,-4.2,0,1,3179
2026-04-01T08:49:06,-8.025091,-132.738770,-36.7,13.82,79.2,6,1.9,103.4,4.210,-4.2,0,1,3180
2026-04-01T08:49:34,-8.024627,-132.737045,-38.6,14.21,76.4,6,1.9,103.4,4.210,-4.2,0,1,3181
2026-04-01T08:50:02,-8.024138,-132.735336,-43.2,14.15,78.6,6,1.9,103.5,4.210,-4.4,0,1,3182
2026-04-01T08:50:30,-8.023609,-132.733597,-36.2,13.73,72.3,6,1.9,103.8,4.211,-4.2,0,1,3183
2026-04-01T08:50:58,-8.023006,-132.731903,-38.5,13.90,72.7,6,1.9,103.7,4.210,-4.2,0,1,3184
2026-04-01T08:51:25,-8.022477,-132.730118,-32.1,14.64,76.5,5,2.0,103.7,4.210,-4.2,0,1,3185
2026-04-01T08:51:54,-8.021838,-132.728455,-30.7,14.42,73.3,6,1.3,103.7,4.211,-4.2,0,1,3186
2026-04-01T08:52:22,-8.021225,-132.726730,-26.2,14.27,69.3,6,1.9,103.4,4.210,-4.2,0,1,3187
2026-04-01T08:52:50,-8.020691,-132.725037,-24.5,13.98,71.5,6,1.3,103.7,4.211,-4.2,0,1,3188
2026-04-01T08:53:17,-8.020202,-132.723297,-16.7,14.69,75.5,5,2.1,103.4,4.210,-4.2,0,1,3189
2026-04-01T08:53:45,-8.019667,-132.721588,-13.6,12.37,70.6,5,2.1,103.7,4.209,-4.2,0,1,3190
2026-04-01T08:54:13,-8.019195,-132.719864,-17.2,13.61,75.2,5,3.6,103.8,4.210,-4.2,0,1,3191
2026-04-01T08:54:42,-8.018644,-132.718201,-15.9,13.43,72.4,6,1.3,103.4,4.213,-4.2,0,1,3192
2026-04-01T08:55:09,-8.018165,-132.716461,-19.5,13.92,74.3,5,2.2,103.7,4.210,-4.2,0,1,3193
2026-04-01T08:55:37,-8.017726,-132.714706,-22.2,13.89,74.1,5,2.2,103.5,4.210,-4.4,0,1,3194
2026-04-01T08:56:05,-8.017438,-132.712845,-24.0,13.99,76.8,5,2.2,103.5,4.209,-4.4,0,1,3195
2026-04-01T08:56:34,-8.016983,-132.711060,-31.8,13.16,75.5,5,3.7,103.4,4.209,-4.2,0,1,3196
2026-04-01T08:57:02,-8.016454,-132.709320,-33.1,13.55,73.4,5,2.2,103.5,4.210,-4.4,0,1,3197
2026-04-01T08:57:30,-8.015948,-132.707581,-25.8,13.38,75.7,5,2.2,103.5,4.209,-4.4,0,1,3198
2026-04-01T08:57:57,-8.015320,-132.705856,-21.1,13.84,78.6,5,2.2,103.5,4.210,-4.4,0,1,3199
2026-04-01T08:58:26,-8.014737,-132.704163,-16.8,14.94,69.1,6,2.1,103.4,4.210,-4.2,0,1,3200
2026-04-01T08:58:53,-8.014297,-132.702469,-12.2,13.87,70.4,7,1.8,103.5,4.210,-4.4,0,1,3201
2026-04-01T08:59:21,-8.013674,-132.700836,-6.9,10.84,74.9,5,2.2,104.6,4.219,-4.2,0,1,3202
2026-04-01T09:00:18,,,,,,,,102.2,4.219,0.0,0,0,3203
