datetime,lat,lon,alt_m,speed_kts,cog,satellites,hdop,battery_pct,battery_v,charge_rate,rtc_bat_low,fix,boot
2026-04-05T00:00:18,-2.353483,-113.644585,-1.8,12.18,65.5,7,1.6,64.6,3.900,-3.7,0,1,4852
2026-04-05T00:00:46,-2.353002,-113.643044,-2.6,12.18,65.4,7,1.6,64.3,3.895,-3.7,0,1,4853
2026-04-05T00:01:14,-2.352610,-113.641586,7.7,11.49,61.2,7,1.6,64.7,3.895,-4.0,0,1,4854
2026-04-05T00:01:43,-2.352135,-113.640038,9.7,11.97,67.1,7,1.6,64.4,3.896,-4.0,0,1,4855
2026-04-05T00:02:11,-2.351768,-113.638512,14.4,11.97,73.1,7,1.6,64.4,3.891,-4.0,0,1,4856
2026-04-05T00:02:39,-2.351213,-113.636993,19.8,12.59,68.1,7,1.6,64.4,3.895,-4.0,0,1,4857
2026-04-05T00:03:08,-2.350638,-113.635429,22.3,12.59,65.1,7,1.6,64.3,3.896,-3.7,0,1,4858
2026-04-05T00:03:36,-2.350170,-113.633865,21.3,12.17,73.7,7,1.6,64.1,3.900,-4.0,0,1,4859
2026-04-05T00:04:04,-2.349688,-113.632294,20.8,12.34,66.1,7,1.6,64.3,3.891,-3.7,0,1,4860
2026-04-05T00:04:33,-2.349172,-113.630684,24.4,12.48,68.5,7,1.6,64.6,3.895,-3.7,0,1,4861
2026-04-05T00:05:01,-2.348703,-113.629097,32.9,12.82,70.2,7,1.6,64.3,3.901,-3.7,0,1,4862
2026-04-05T00:05:29,-2.348260,-113.627571,36.3,12.91,77.0,7,1.6,64.6,3.895,-3.7,0,1,4863
2026-04-05T00:05:58,-2.347722,-113.625999,34.2,12.17,68.5,7,1.6,64.3,3.894,-3.7,0,1,4864
2026-04-05T00:06:26,-2.347318,-113.624413,32.3,12.60,73.8,7,1.6,64.1,3.900,-4.0,0,1,4865
2026-04-05T00:06:54,-2.346890,-113.622902,27.9,11.77,69.1,7,1.6,64.6,3.899,-3.7,0,1,4866
2026-04-05T00:07:23,-2.346362,-113.621338,34.1,12.11,74.0,7,1.5,64.3,3.898,-3.7,0,1,4867
2026-04-05T00:07:51,-2.345963,-113.619751,26.7,12.41,70.5,7,1.5,64.1,3.894,-4.0,0,1,4868
2026-04-05T00:08:19,-2.345425,-113.618217,32.2,12.68,65.4,7,1.5,64.6,3.901,-3.7,0,1,4869
2026-04-05T00:08:48,-2.345023,-113.616562,22.5,12.74,76.6,7,1.5,64.3,3.898,-3.7,0,1,4870
2026-04-05T00:09:16,-2.344517,-113.615082,27.4,11.88,71.1,7,1.5,64.4,3.888,-4.0,0,1,4871
2026-04-05T00:09:44,-2.344158,-113.613480,20.3,11.94,74.7,7,1.5,64.3,3.898,-3.7,0,1,4872
2026-04-05T00:10:13,-2.343655,-113.611893,16.6,12.20,71.0,7,1.5,64.1,3.898,-4.0,0,1,4873
2026-04-05T00:10:41,-2.343205,-113.610344,16.5,12.24,68.6,7,1.5,64.0,3.891,-3.7,0,1,4874
2026-04-05T00:11:09,-2.342817,-113.608757,18.0,12.40,73.2,8,1.5,63.8,3.900,-4.0,0,1,4875
2026-04-05T00:11:38,-2.342300,-113.607094,23.4,13.19,73.5,8,1.5,64.3,3.898,-3.7,0,1,4876
2026-04-05T00:12:06,-2.341875,-113.605530,20.1,11.80,69.1,8,1.5,64.0,3.896,-3.7,0,1,4877
2026-04-05T00:12:34,-2.341353,-113.604019,15.3,12.58,70.7,8,1.5,64.3,3.896,-3.7,0,1,4878
2026-04-05T00:13:03,-2.340981,-113.602394,1.1,12.74,65.9,8,1.4,64.1,3.898,-4.0,0,1,4879
2026-04-05T00:13:31,-2.340522,-113.600830,0.2,12.04,77.0,8,1.4,64.0,3.890,-3.7,0,1,4880
2026-04-05T00:13:59,-2.340033,-113.599312,-8.0,11.98,73.5,8,1.4,64.0,3.898,-3.7,0,1,4881
2026-04-05T00:14:28,-2.339633,-113.597710,-22.3,12.24,71.5,8,1.4,64.3,3.892,-3.7,0,1,4882
2026-04-05T00:14:56,-2.339097,-113.596176,-17.7,12.87,67.3,8,1.4,64.1,3.898,-4.0,0,1,4883
2026-04-05T00:15:24,-2.338732,-113.594627,-5.7,11.80,71.8,9,1.4,64.1,3.892,-4.0,0,1,4884
2026-04-05T00:15:53,-2.338267,-113.593040,2.1,12.74,80.7,9,1.4,64.3,3.892,-3.7,0,1,4885
2026-04-05T00:16:21,-2.337775,-113.591515,1.1,11.34,68.1,9,1.4,64.0,3.896,-3.7,0,1,4886
2026-04-05T00:16:49,-2.337278,-113.589981,-1.6,12.21,68.9,9,1.4,64.1,3.888,-4.0,0,1,4887
2026-04-05T00:17:18,-2.336755,-113.588417,8.9,12.36,72.0,9,1.4,64.0,3.894,-3.7,0,1,4888
2026-04-05T00:17:46,-2.336307,-113.586853,2.2,12.61,74.8,10,1.3,63.8,3.896,-4.0,0,1,4889
2026-04-05T00:18:14,-2.335843,-113.585342,3.3,11.96,68.8,10,1.3,64.1,3.898,-4.0,0,1,4890
2026-04-05T00:18:43,-2.335350,-113.583740,8.1,11.55,71.6,10,1.3,64.3,3.892,-3.7,0,1,4891
2026-04-05T00:19:11,-2.334830,-113.582260,10.4,12.78,72.1,10,1.3,64.0,3.895,-3.7,0,1,4892
2026-04-05T00:19:39,-2.334425,-113.580696,-6.9,12.14,68.0,9,1.4,63.8,3.890,-4.0,0,1,4893
2026-04-05T00:20:08,-2.333933,-113.579147,-1.0,12.32,70.4,9,1.4,63.8,3.892,-4.0,0,1,4894
2026-04-05T00:20:36,-2.333463,-113.577667,0.9,13.09,76.5,9,1.4,63.8,3.895,1699.4,0,1,4895
2026-04-05T00:21:04,-2.333043,-113.576080,1.7,12.37,71.4,10,1.3,63.8,3.895,-4.0,0,1,4896
2026-04-05T00:21:33,-2.332575,-113.574501,-12.3,12.01,69.0,10,1.3,64.0,3.891,-3.7,0,1,4897
2026-04-05T00:22:01,-2.332107,-113.573021,-9.9,11.84,66.3,10,1.3,63.5,3.894,-4.0,0,1,4898
2026-04-05T00:22:29,-2.331615,-113.571533,-1.8,12.12,69.9,9,1.3,64.0,3.890,-3.7,0,1,4899
2026-04-05T00:22:58,-2.331147,-113.569962,3.9,12.34,65.4,10,1.3,64.0,3.892,-3.7,0,1,4900
2026-04-05T00:23:26,-2.330705,-113.568420,0.7,12.27,72.7,9,2.0,63.7,3.884,-3.7,0,1,4901
2026-04-05T00:23:54,-2.330310,-113.566833,3.0,12.19,74.7,10,1.3,63.8,3.894,-4.0,0,1,4902
2026-04-05T00:24:23,-2.329805,-113.565300,6.1,12.88,74.4,10,1.3,63.8,3.890,-4.0,0,1,4903
2026-04-05T00:24:51,-2.329375,-113.563751,4.5,12.85,66.6,9,2.0,63.8,3.896,1699.4,0,1,4904
2026-04-05T00:25:19,-2.329017,-113.562202,-1.1,12.42,71.4,10,1.3,63.7,3.894,-3.7,0,1,4905
2026-04-05T00:25:48,-2.328493,-113.560600,0.8,12.84,72.2,9,1.3,63.8,3.894,-4.0,0,1,4906
2026-04-05T00:26:16,-2.328015,-113.559105,1.2,12.65,74.3,10,1.3,63.5,3.894,-4.0,0,1,4907
2026-04-05T00:26:44,-2.327537,-113.557571,-0.9,12.08,71.2,9,1.3,63.7,3.894,-3.7,0,1,4908
2026-04-05T00:27:13,-2.327073,-113.555984,-3.1,12.01,69.0,10,1.2,64.0,3.889,-3.7,0,1,4909
2026-04-05T00:27:41,-2.326625,-113.554482,-3.9,11.38,69.5,10,1.2,63.5,3.886,-4.0,0,1,4910
2026-04-05T00:28:09,-2.326167,-113.552895,0.7,12.38,73.7,9,1.3,63.7,3.892,-3.7,0,1,4911
2026-04-05T00:28:38,-2.325602,-113.551323,6.9,11.26,69.7,10,1.2,63.7,3.890,-3.7,0,1,4912
2026-04-05T00:29:06,-2.325175,-113.549744,9.1,12.48,70.6,9,1.3,63.4,3.894,-3.7,0,1,4913
2026-04-05T00:29:34,-2.324742,-113.548187,10.2,12.54,71.6,9,1.3,63.7,3.885,-3.7,0,1,4914
2026-04-05T00:30:03,-2.324297,-113.546562,6.4,12.17,73.6,9,1.3,63.7,3.890,-3.7,0,1,4915
2026-04-05T00:30:31,-2.323807,-113.545036,8.8,11.52,74.6,9,1.2,63.5,3.894,-4.0,0,1,4916
2026-04-05T00:30:59,-2.323303,-113.543488,6.7,12.41,69.7,9,1.2,63.5,3.892,-4.0,0,1,4917
2026-04-05T00:31:28,-2.322878,-113.541885,2.5,13.21,73.1,10,1.2,63.5,3.889,-4.0,0,1,4918
2026-04-05T00:31:56,-2.322413,-113.540337,2.5,12.48,72.9,9,1.2,63.4,3.892,-3.7,0,1,4919
2026-04-05T00:32:24,-2.322013,-113.538788,-4.1,12.35,73.8,8,2.0,63.5,3.885,-4.0,0,1,4920
2026-04-05T00:32:53,-2.321568,-113.537163,-8.5,12.89,75.3,8,2.0,64.0,3.891,-3.7,0,1,4921
2026-04-05T00:33:21,-2.321075,-113.535614,-3.4,12.35,73.9,9,1.2,63.4,3.894,-3.7,0,1,4922
2026-04-05T00:33:49,-2.320638,-113.534096,-2.7,12.14,72.5,9,1.2,63.4,3.890,-3.7,0,1,4923
2026-04-05T00:34:18,-2.320135,-113.532494,-6.1,12.16,76.8,9,1.2,63.8,3.889,-4.0,0,1,4924
2026-04-05T00:34:46,-2.319625,-113.530960,2.9,12.26,69.8,9,1.2,63.5,3.891,-4.0,0,1,4925
2026-04-05T00:35:14,-2.319113,-113.529396,8.9,12.25,71.5,10,1.2,63.4,3.891,-3.7,0,1,4926
2026-04-05T00:35:43,-2.318640,-113.527794,10.8,12.58,72.2,10,1.2,63.7,3.890,-3.7,0,1,4927
2026-04-05T00:36:11,-2.318188,-113.526260,12.4,12.27,72.4,9,1.2,63.4,3.889,-3.7,0,1,4928
2026-04-05T00:36:39,-2.317647,-113.524734,14.9,12.21,73.8,10,1.2,63.3,3.892,-4.0,0,1,4929
2026-04-05T00:37:08,-2.317165,-113.523132,8.2,12.49,72.1,9,1.9,63.8,3.891,-4.0,0,1,4930
2026-04-05T00:37:36,-2.316748,-113.521576,3.8,12.75,69.5,10,1.1,63.3,3.892,-4.0,0,1,4931
2026-04-05T00:38:04,-2.316292,-113.520027,1.9,12.74,74.5,10,1.1,63.4,3.890,-3.7,0,1,4932
2026-04-05T00:38:33,-2.315795,-113.518440,4.8,12.24,74.3,9,1.2,63.5,3.891,-4.0,0,1,4933
2026-04-05T00:39:01,-2.315350,-113.516861,3.5,13.17,69.4,10,1.1,63.4,3.891,-3.7,0,1,4934
2026-04-05T00:39:29,-2.314855,-113.515366,7.1,12.11,67.8,11,1.1,63.4,3.891,-3.7,0,1,4935
2026-04-05T00:39:58,-2.314413,-113.513763,3.6,12.11,73.7,10,1.1,63.3,3.890,-4.0,0,1,4936
2026-04-05T00:40:26,-2.313997,-113.512245,2.5,11.59,71.4,10,1.6,63.4,3.884,-3.7,0,1,4937
2026-04-05T00:40:54,-2.313580,-113.510681,-2.1,12.36,72.3,11,1.1,63.4,3.890,-3.7,0,1,4938
2026-04-05T00:41:23,-2.313142,-113.509079,-7.4,11.56,75.7,10,1.6,63.3,3.889,-4.0,0,1,4939
2026-04-05T00:41:51,-2.312583,-113.507622,5.7,12.12,75.2,11,1.1,63.3,3.891,-4.0,0,1,4940
2026-04-05T00:42:19,-2.312133,-113.506058,5.7,12.68,68.4,11,1.1,63.3,3.891,-4.0,0,1,4941
2026-04-05T00:42:48,-2.311647,-113.504486,3.6,12.17,69.7,10,1.6,63.3,3.885,-4.0,0,1,4942
2026-04-05T00:43:16,-2.311208,-113.502975,-0.6,12.15,67.8,11,1.0,63.3,3.890,-4.0,0,1,4943
2026-04-05T00:43:44,-2.310735,-113.501442,4.1,12.19,77.0,11,1.0,63.3,3.884,-4.0,0,1,4944
2026-04-05T00:44:13,-2.310308,-113.499863,2.9,11.87,75.7,10,1.6,63.3,3.886,-4.0,0,1,4945
2026-04-05T00:44:41,-2.309767,-113.498390,9.0,12.21,76.9,11,1.0,63.1,3.889,-3.7,0,1,4946
2026-04-05T00:45:09,-2.309268,-113.496819,5.4,11.98,75.5,10,1.5,63.1,3.882,-3.7,0,1,4947
2026-04-05T00:45:38,-2.308782,-113.495247,3.8,12.13,75.3,9,1.6,63.3,3.889,-4.0,0,1,4948
2026-04-05T00:46:06,-2.308368,-113.493683,4.6,11.91,73.8,11,1.0,63.1,3.889,-3.7,0,1,4949
2026-04-05T00:46:34,-2.307872,-113.492187,4.0,12.27,72.1,11,1.0,63.0,3.889,-4.0,0,1,4950
2026-04-05T00:47:03,-2.307462,-113.490532,3.8,11.52,73.9,9,1.5,63.1,3.885,-3.7,0,1,4951
2026-04-05T00:47:31,-2.306987,-113.488983,2.9,13.02,77.0,10,1.1,63.0,3.889,-4.0,0,1,4952
2026-04-05T00:47:59,-2.306512,-113.487434,2.2,12.71,70.5,9,1.1,63.3,3.879,-4.0,0,1,4953
2026-04-05T00:48:28,-2.305972,-113.485916,5.8,11.24,75.8,9,1.1,63.3,3.885,-4.0,0,1,4954
2026-04-05T00:48:56,-2.305577,-113.484329,-2.1,12.72,77.9,9,1.5,63.3,3.889,-4.0,0,1,4955
2026-04-05T00:49:24,-2.305132,-113.482750,1.1,11.23,75.4,8,1.6,63.0,3.889,-4.0,0,1,4956
2026-04-05T00:49:53,-2.304648,-113.481178,0.2,12.50,71.1,9,1.1,63.0,3.885,-4.0,0,1,4957
2026-04-05T00:50:21,-2.304193,-113.479553,4.5,13.16,81.3,9,1.1,63.1,3.889,-3.7,0,1,4958
2026-04-05T00:50:49,-2.303674,-113.478043,15.7,12.32,71.9,8,1.5,63.0,3.880,-4.0,0,1,4959
2026-04-05T00:51:18,-2.303180,-113.476471,17.3,12.71,74.3,8,1.5,63.0,3.886,-4.0,0,1,4960
2026-04-05T00:51:46,-2.302708,-113.474907,25.5,12.78,75.4,8,1.5,62.8,3.880,-3.7,0,1,4961
2026-04-05T00:52:14,-2.302181,-113.473419,28.2,12.03,67.2,8,1.5,63.0,3.886,-4.0,0,1,4962
2026-04-05T00:52:43,-2.301565,-113.471779,35.7,12.59,70.7,8,1.5,63.0,3.882,-4.0,0,1,4963
2026-04-05T00:53:11,-2.301022,-113.470261,39.5,11.23,71.6,8,1.5,62.8,3.888,-3.7,0,1,4964
2026-04-05T00:53:39,-2.300538,-113.468712,36.8,12.43,73.4,8,1.5,62.8,3.888,-3.7,0,1,4965
2026-04-05T00:54:08,-2.300130,-113.467087,33.2,12.14,76.7,8,1.5,63.0,3.888,-4.0,0,1,4966
2026-04-05T00:54:36,-2.299857,-113.465500,29.0,12.51,78.7,8,1.5,62.8,3.886,-3.7,0,1,4967
2026-04-05T00:55:04,-2.299422,-113.463875,9.4,11.92,78.4,8,1.5,62.8,3.886,-3.7,0,1,4968
2026-04-05T00:55:33,-2.298815,-113.462250,7.9,12.63,76.9,9,1.0,63.0,3.885,-4.0,0,1,4969
2026-04-05T00:56:01,-2.298258,-113.460686,3.2,11.92,71.9,9,1.0,62.8,3.886,-3.7,0,1,4970
2026-04-05T00:56:29,-2.297838,-113.459122,-3.7,11.91,76.8,8,1.5,62.8,3.886,-3.7,0,1,4971
2026-04-05T00:56:58,-2.297417,-113.457497,-4.2,13.02,75.8,8,1.5,63.1,3.885,-3.7,0,1,4972
2026-04-05T00:57:26,-2.297023,-113.455948,-12.7,11.59,75.0,8,1.2,62.8,3.878,-3.7,0,1,4973
2026-04-05T00:57:54,-2.296610,-113.454384,-20.6,12.63,77.3,9,1.0,63.0,3.885,-4.0,0,1,4974
2026-04-05T00:58:23,-2.296055,-113.452736,-18.1,12.30,73.0,7,1.1,62.7,3.881,-4.0,0,1,4975
2026-04-05T00:58:51,-2.295628,-113.451172,-20.5,12.51,77.8,7,1.9,62.5,3.886,-3.7,0,1,4976
2026-04-05T00:59:19,-2.295155,-113.449615,-11.5,12.12,70.9,7,1.6,62.7,3.885,-4.0,0,1,4977
2026-04-05T00:59:48,-2.294655,-113.447998,-7.2,12.78,69.9,7,1.5,63.0,3.882,-4.0,0,1,4978
2026-04-05T01:00:16,-2.294180,-113.446442,-7.3,13.67,75.8,7,1.9,62.5,3.886,-3.7,0,1,4979
2026-04-05T01:00:44,-2.293723,-113.444855,-12.5,12.08,71.1,8,1.4,62.8,3.885,-3.7,0,1,4980
2026-04-05T01:01:13,-2.293325,-113.443214,-26.6,12.60,78.9,8,1.4,62.8,3.880,-3.7,0,1,4981
2026-04-05T01:01:41,-2.292803,-113.441711,-18.1,12.49,70.3,7,1.5,62.5,3.882,-3.7,0,1,4982
2026-04-05T01:02:09,-2.292298,-113.440163,-7.2,11.60,66.6,8,1.4,62.8,3.879,-3.7,0,1,4983
2026-04-05T01:02:38,-2.291793,-113.438576,-0.6,11.75,74.4,6,2.1,62.8,3.886,-3.7,0,1,4984
2026-04-05T01:03:06,-2.291292,-113.437080,4.7,12.25,68.5,7,1.5,62.7,3.881,-4.0,0,1,4985
2026-04-05T01:03:34,-2.290843,-113.435516,0.2,12.69,74.3,8,1.4,62.5,3.884,-3.7,0,1,4986
2026-04-05T01:04:03,-2.290402,-113.433884,-3.9,12.57,70.3,7,1.5,62.7,3.881,-4.0,0,1,4987
2026-04-05T01:04:31,-2.289948,-113.432358,-1.9,11.77,73.9,7,1.5,62.7,3.878,-4.0,0,1,4988
2026-04-05T01:04:59,-2.289463,-113.430824,-4.6,12.07,70.6,7,1.5,62.7,3.885,-4.0,0,1,4989
2026-04-05T01:05:28,-2.289040,-113.429199,-11.1,11.36,72.4,9,1.3,62.5,3.881,-3.7,0,1,4990
2026-04-05T01:05:56,-2.288580,-113.427582,-8.0,12.18,72.7,8,1.3,62.4,3.876,-4.0,0,1,4991
2026-04-05T01:06:24,-2.288192,-113.425995,-7.7,11.73,75.8,9,1.3,62.5,3.885,-3.7,0,1,4992
2026-04-05T01:06:53,-2.287648,-113.424484,1.1,12.35,72.7,8,1.6,62.7,3.880,-4.0,0,1,4993
2026-04-05T01:07:21,-2.287172,-113.422951,-0.1,10.84,71.4,8,1.3,62.4,3.879,-4.0,0,1,4994
2026-04-05T01:07:49,-2.286710,-113.421425,6.4,11.93,70.0,8,1.3,62.2,3.884,-3.7,0,1,4995
2026-04-05T01:08:18,-2.286197,-113.419830,7.4,12.05,71.1,8,1.6,62.4,3.880,-4.0,0,1,4996
2026-04-05T01:08:46,-2.285745,-113.418282,7.7,12.28,74.0,7,1.7,62.2,3.872,-3.7,0,1,4997
2026-04-05T01:09:14,-2.285307,-113.416718,5.6,12.18,72.1,9,1.2,62.4,3.884,-4.0,0,1,4998
2026-04-05T01:09:43,-2.284833,-113.415092,-5.3,12.56,68.8,7,1.7,62.5,3.880,-3.7,0,1,4999
2026-04-05T01:10:11,-2.284393,-113.413567,-8.3,11.85,74.7,8,1.6,62.2,3.882,-3.7,0,1,5000
2026-04-05T01:10:39,-2.283917,-113.412048,-5.5,11.95,72.2,7,1.7,62.4,3.881,-4.0,0,1,5001
2026-04-05T01:11:08,-2.283462,-113.410454,5.6,11.22,76.5,7,1.7,62.5,3.879,-3.7,0,1,5002
2026-04-05T01:11:36,-2.282992,-113.408936,7.9,13.51,70.5,7,1.7,62.4,3.882,-4.0,0,1,5003
2026-04-05T01:12:04,-2.282518,-113.407448,9.4,12.76,71.3,7,1.7,62.4,3.884,-4.0,0,1,5004
2026-04-05T01:12:33,-2.281988,-113.405891,16.4,12.20,69.4,8,1.5,62.4,3.879,-4.0,0,1,5005
2026-04-05T01:13:01,-2.281480,-113.404350,17.2,12.07,68.8,7,1.6,62.4,3.878,1660.9,0,1,5006
2026-04-05T01:13:29,-2.281035,-113.402870,15.6,12.27,70.9,7,1.6,62.1,3.882,-4.0,0,1,5007
2026-04-05T01:13:58,-2.280528,-113.401253,20.6,11.97,74.2,7,1.6,62.5,3.880,-3.7,0,1,5008
2026-04-05T01:14:26,-2.280055,-113.399773,19.7,11.20,70.4,7,1.6,62.2,3.876,-3.7,0,1,5009
2026-04-05T01:14:54,-2.279585,-113.398247,22.9,13.02,65.5,7,1.6,62.2,3.882,-3.7,0,1,5010
2026-04-05T01:15:23,-2.279077,-113.396660,28.4,12.85,74.5,7,1.6,62.4,3.878,-4.0,0,1,5011
2026-04-05T01:15:51,-2.278655,-113.395134,33.9,12.36,80.0,7,1.6,62.2,3.882,-3.7,0,1,5012
2026-04-05T01:16:19,-2.278107,-113.393585,23.3,11.80,73.8,7,1.6,62.1,3.882,-4.0,0,1,5013
2026-04-05T01:16:48,-2.277682,-113.392029,27.3,11.95,73.1,7,1.6,62.4,3.878,-4.0,0,1,5014
2026-04-05T01:17:16,-2.277165,-113.390503,19.1,12.87,75.2,7,1.6,62.2,3.871,-3.7,0,1,5015
2026-04-05T01:17:44,-2.276758,-113.388992,33.1,11.84,69.5,7,1.5,62.1,3.875,-4.0,0,1,5016
2026-04-05T01:18:13,-2.276310,-113.387444,38.5,11.77,69.4,7,1.5,62.2,3.878,-3.7,0,1,5017
2026-04-05T01:18:41,-2.275860,-113.385872,27.4,12.17,67.0,7,1.5,62.1,3.881,-4.0,0,1,5018
2026-04-05T01:19:09,-2.275353,-113.384346,26.2,12.22,70.3,7,1.5,62.2,3.880,-3.7,0,1,5019
2026-04-05T01:19:38,-2.274897,-113.382797,27.7,11.35,66.1,7,1.5,62.5,3.878,-3.7,0,1,5020
2026-04-05T01:20:06,-2.274460,-113.381210,25.3,12.27,69.6,7,1.5,62.0,3.880,-3.7,0,1,5021
2026-04-05T01:20:34,-2.273955,-113.379700,20.1,11.84,73.3,7,1.5,62.1,3.879,-4.0,0,1,5022
2026-04-05T01:21:03,-2.273440,-113.378136,13.2,12.54,71.8,7,1.5,62.4,3.875,-4.0,0,1,5023
2026-04-05T01:21:31,-2.272993,-113.376602,6.8,11.78,72.6,7,1.5,62.1,3.879,-4.0,0,1,5024
2026-04-05T01:21:59,-2.272553,-113.375069,6.4,11.46,73.1,7,1.5,61.8,3.879,-4.0,0,1,5025
2026-04-05T01:22:28,-2.272053,-113.373466,1.8,12.06,71.3,7,1.5,62.1,3.876,-4.0,0,1,5026
2026-04-05T01:22:56,-2.271578,-113.371918,-5.5,12.43,69.9,7,1.5,62.0,3.880,-3.7,0,1,5027
2026-04-05T01:23:24,-2.271116,-113.370407,-7.9,13.11,71.3,7,1.5,62.0,3.880,-3.7,0,1,5028
2026-04-05T01:23:53,-2.270638,-113.368820,-10.3,12.57,69.7,8,1.4,62.2,3.875,-3.7,0,1,5029
2026-04-05T01:24:21,-2.270178,-113.367294,-12.6,11.98,73.5,6,2.0,61.8,3.880,-4.0,0,1,5030
2026-04-05T01:24:49,-2.269752,-113.365746,-14.9,11.94,73.7,8,1.4,62.2,3.879,-3.7,0,1,5031
2026-04-05T01:25:18,-2.269207,-113.364136,-5.9,12.26,76.8,8,1.4,62.1,3.876,-4.0,0,1,5032
2026-04-05T01:25:46,-2.268712,-113.362686,-1.5,12.11,72.2,8,1.4,61.8,3.869,-4.0,0,1,5033
2026-04-05T01:26:14,-2.268255,-113.361153,-1.1,11.99,70.2,7,1.4,61.8,3.871,-4.0,0,1,5034
2026-04-05T01:26:43,-2.267785,-113.359581,18.6,12.14,72.2,7,1.4,62.1,3.874,-4.0,0,1,5035
2026-04-05T01:27:11,-2.267322,-113.358055,6.2,13.25,71.8,8,1.3,61.8,3.879,-4.0,0,1,5036
2026-04-05T01:27:39,-2.266838,-113.356567,-2.6,12.58,72.3,8,1.3,62.0,3.872,-3.7,0,1,5037
2026-04-05T01:28:08,-2.266366,-113.355019,-3.7,11.98,69.7,7,1.4,62.0,3.878,-3.7,0,1,5038
2026-04-05T01:28:36,-2.265937,-113.353470,3.8,11.67,71.1,9,1.3,61.8,3.876,-4.0,0,1,5039
2026-04-05T01:29:04,-2.265483,-113.351959,2.7,11.84,73.1,9,1.2,62.1,3.878,-4.0,0,1,5040
2026-04-05T01:29:33,-2.264987,-113.350410,-1.5,11.92,68.7,9,1.2,62.0,3.876,-3.7,0,1,5041
2026-04-05T01:30:01,-2.264573,-113.348892,-9.8,12.31,73.4,9,1.2,62.1,3.876,-4.0,0,1,5042
2026-04-05T01:30:29,-2.264067,-113.347404,-0.1,11.61,71.9,9,1.2,61.7,3.876,-3.7,0,1,5043
2026-04-05T01:30:58,-2.263613,-113.345833,9.8,12.75,72.2,9,1.2,62.1,3.872,-4.0,0,1,5044
2026-04-05T01:31:26,-2.263225,-113.344322,2.1,12.58,71.7,9,1.2,62.0,3.878,-3.7,0,1,5045
2026-04-05T01:31:54,-2.262785,-113.342850,-4.6,12.04,73.6,10,1.1,61.7,3.878,-3.7,0,1,5046
2026-04-05T01:32:23,-2.262375,-113.341270,2.3,12.02,72.8,10,1.1,62.1,3.871,-4.0,0,1,5047
2026-04-05T01:32:51,-2.261902,-113.339752,-6.7,12.39,76.3,10,1.1,61.5,3.876,-4.0,0,1,5048
2026-04-05T01:33:19,-2.261423,-113.338249,-16.6,12.10,70.6,10,1.1,61.8,3.876,-4.0,0,1,5049
2026-04-05T01:33:48,-2.260902,-113.336700,-12.8,11.75,71.2,10,1.1,61.8,3.874,-4.0,0,1,5050
2026-04-05T01:34:16,-2.260401,-113.335167,-7.4,12.05,70.3,10,1.1,61.7,3.878,-3.7,0,1,5051
2026-04-05T01:34:44,-2.259943,-113.333641,-13.6,12.11,73.8,10,1.1,61.8,3.869,-4.0,0,1,5052
2026-04-05T01:35:13,-2.259497,-113.332069,-4.9,12.39,70.1,10,1.1,61.5,3.876,-4.0,0,1,5053
2026-04-05T01:35:41,-2.259057,-113.330544,-5.8,11.85,72.3,10,1.1,61.5,3.876,-4.0,0,1,5054
2026-04-05T01:36:09,-2.258627,-113.328949,-6.1,12.22,71.7,10,1.1,61.5,3.874,-4.0,0,1,5055
2026-04-05T01:36:38,-2.258237,-113.327362,-0.7,11.96,71.9,10,1.1,61.7,3.872,-3.7,0,1,5056
2026-04-05T01:37:06,-2.257800,-113.325836,-6.3,12.63,70.0,10,1.1,61.4,3.870,-3.7,0,1,5057
2026-04-05T01:37:34,-2.257352,-113.324303,-12.2,12.04,71.2,10,1.1,61.4,3.874,-3.7,0,1,5058
2026-04-05T01:38:03,-2.256886,-113.322723,-14.9,12.37,69.9,10,1.1,61.8,3.875,-4.0,0,1,5059
2026-04-05T01:38:31,-2.256493,-113.321152,-7.8,11.96,76.1,10,1.1,61.5,3.875,-4.0,0,1,5060
2026-04-05T01:38:59,-2.256060,-113.319641,-8.8,12.53,71.1,10,1.1,61.5,3.874,-4.0,0,1,5061
2026-04-05T01:39:28,-2.255520,-113.318069,-4.3,13.06,69.7,10,1.1,61.7,3.874,-3.7,0,1,5062
2026-04-05T01:39:56,-2.255065,-113.316505,0.7,13.51,67.6,10,1.1,61.5,3.866,-4.0,0,1,5063
2026-04-05T01:40:24,-2.254595,-113.314995,1.4,12.12,70.0,10,1.1,61.1,3.871,-8.5,0,1,5064
2026-04-05T01:40:53,-2.254078,-113.313431,9.7,12.78,68.7,10,1.1,61.5,3.871,-4.0,0,1,5065
2026-04-05T01:41:21,-2.253585,-113.311920,8.5,12.66,69.3,10,1.1,61.5,3.874,-4.0,0,1,5066
2026-04-05T01:41:49,-2.253147,-113.310440,3.8,12.53,73.1,9,1.4,61.5,3.869,-4.0,0,1,5067
2026-04-05T01:42:18,-2.252698,-113.308838,2.7,11.74,70.9,10,1.1,61.8,3.870,-4.0,0,1,5068
2026-04-05T01:42:46,-2.252287,-113.307304,7.5,12.89,72.5,10,1.1,61.1,3.874,-8.5,0,1,5069
2026-04-05T01:43:14,-2.251813,-113.305817,11.5,11.78,66.8,10,1.1,61.7,3.874,-3.7,0,1,5070
2026-04-05T01:43:43,-2.251378,-113.304253,13.0,11.64,70.4,10,1.1,61.7,3.874,-3.7,0,1,5071
2026-04-05T01:44:11,-2.250952,-113.302742,10.7,11.11,70.8,10,1.0,61.5,3.874,-4.0,0,1,5072
2026-04-05T01:44:39,-2.250523,-113.301247,3.2,11.91,72.8,10,1.0,61.5,3.871,-4.0,0,1,5073
2026-04-05T01:45:08,-2.250090,-113.299660,0.1,11.55,74.3,8,1.3,61.4,3.874,-3.7,0,1,5074
2026-04-05T01:45:36,-2.249695,-113.298134,-7.4,13.33,72.1,8,1.3,61.4,3.872,-3.7,0,1,5075
2026-04-05T01:46:04,-2.249272,-113.296600,-11.3,11.57,70.7,8,1.3,61.1,3.872,-8.5,0,1,5076
2026-04-05T01:46:33,-2.248790,-113.294975,-9.2,12.42,74.5,8,1.3,61.5,3.871,-4.0,0,1,5077
2026-04-05T01:47:01,-2.248295,-113.293533,-14.4,12.07,68.4,8,1.3,61.1,3.874,-8.5,0,1,5078
2026-04-05T01:47:29,-2.247853,-113.292007,-19.2,12.36,73.8,9,1.3,61.1,3.872,-8.5,0,1,5079
2026-04-05T01:47:58,-2.247402,-113.290382,-17.9,12.39,76.0,9,1.3,61.5,3.872,-4.0,0,1,5080
2026-04-05T01:48:26,-2.246937,-113.288895,-13.0,12.41,67.3,9,1.3,61.1,3.874,-8.5,0,1,5081
2026-04-05T01:48:54,-2.246558,-113.287285,-4.1,12.54,75.4,9,1.3,61.1,3.874,-8.5,0,1,5082
2026-04-05T01:49:23,-2.246087,-113.285706,4.1,11.96,72.1,9,1.3,61.4,3.870,-3.7,0,1,5083
2026-04-05T01:49:51,-2.245622,-113.284225,6.6,11.95,73.7,9,1.3,61.4,3.865,-3.7,0,1,5084
2026-04-05T01:50:19,-2.245165,-113.282684,11.9,12.19,74.4,9,1.3,60.7,3.871,-8.3,0,1,5085
2026-04-05T01:50:48,-2.244665,-113.281113,9.9,12.48,76.6,9,1.3,61.4,3.874,-3.7,0,1,5086
2026-04-05T01:51:16,-2.244265,-113.279602,11.9,12.13,67.7,9,1.3,61.1,3.871,-8.5,0,1,5087
2026-04-05T01:51:44,-2.243793,-113.278122,11.4,12.24,68.0,9,1.3,60.7,3.872,-8.3,0,1,5088
2026-04-05T01:52:13,-2.243280,-113.276543,14.6,11.89,68.0,9,1.3,61.1,3.872,-8.5,0,1,5089
2026-04-05T01:52:41,-2.242783,-113.275032,22.5,13.19,70.2,9,1.3,60.7,3.868,-8.3,0,1,5090
2026-04-05T01:53:09,-2.242368,-113.273483,21.1,11.79,73.8,9,1.3,60.7,3.872,-8.3,0,1,5091
2026-04-05T01:53:38,-2.241813,-113.271927,17.2,11.89,73.3,9,1.3,61.4,3.872,-3.7,0,1,5092
2026-04-05T01:54:06,-2.241315,-113.270462,29.9,11.95,70.2,9,1.3,60.7,3.872,-8.3,0,1,5093
2026-04-05T01:54:34,-2.240885,-113.268929,33.3,12.14,71.7,9,1.3,61.1,3.871,-8.5,0,1,5094
2026-04-05T01:55:03,-2.240465,-113.267357,25.5,12.25,77.5,9,1.3,61.1,3.870,-8.5,0,1,5095
2026-04-05T01:55:31,-2.240000,-113.265846,27.3,11.99,73.3,9,1.3,60.4,3.872,-8.5,0,1,5096
2026-04-05T01:55:59,-2.239552,-113.264320,38.8,11.86,70.4,9,1.3,61.4,3.870,-3.7,0,1,5097
2026-04-05T01:56:28,-2.239117,-113.262718,38.9,12.64,73.8,9,1.3,61.1,3.871,-8.5,0,1,5098
2026-04-05T01:56:56,-2.238665,-113.261238,39.8,11.54,74.0,9,1.3,59.8,3.869,-8.5,0,1,5099
2026-04-05T01:57:24,-2.238193,-113.259697,41.1,11.49,69.6,8,1.9,60.4,3.871,-8.5,0,1,5100
2026-04-05T01:57:53,-2.237777,-113.258064,35.6,12.18,72.2,8,1.9,60.7,3.871,-8.3,0,1,5101
2026-04-05T01:58:21,-2.237312,-113.256615,22.1,12.57,75.3,10,1.2,60.7,3.862,1617.2,0,1,5102
2026-04-05T01:58:49,-2.236880,-113.255051,17.1,12.91,68.9,10,1.2,60.4,3.871,-8.5,0,1,5103
2026-04-05T01:59:18,-2.236453,-113.253464,11.6,12.32,73.4,10,1.2,60.7,3.870,-8.3,0,1,5104
2026-04-05T01:59:46,-2.235940,-113.251991,3.3,11.59,69.7,10,1.2,60.4,3.869,-8.5,0,1,5105
2026-04-05T02:00:14,-2.235443,-113.250473,7.0,12.10,72.6,9,1.4,60.4,3.869,-8.5,0,1,5106
2026-04-05T02:00:43,-2.234962,-113.248894,14.0,12.97,72.4,8,2.1,60.4,3.869,-8.5,0,1,5107
2026-04-05T02:01:11,-2.234455,-113.247345,18.3,11.96,69.6,9,1.4,60.7,3.864,-8.3,0,1,5108
2026-04-05T02:01:39,-2.234100,-113.245789,20.2,12.40,78.6,9,1.4,60.4,3.868,-8.5,0,1,5109
2026-04-05T02:02:08,-2.233555,-113.244247,26.9,11.75,69.9,7,3.2,60.7,3.870,-8.3,0,1,5110
2026-04-05T02:02:36,-2.233125,-113.242622,26.5,13.13,78.6,9,1.4,60.1,3.870,-8.3,0,1,5111
2026-04-05T02:03:04,-2.232643,-113.241035,27.4,12.30,68.2,8,2.1,60.1,3.869,-8.3,0,1,5112
2026-04-05T02:03:33,-2.232205,-113.239388,27.7,12.93,68.8,8,2.1,60.4,3.869,-8.5,0,1,5113
2026-04-05T02:04:01,-2.231748,-113.237877,29.6,14.21,74.2,8,2.2,59.8,3.860,-8.5,0,1,5114
2026-04-05T02:04:29,-2.231380,-113.236328,29.4,12.96,80.7,9,1.4,60.4,3.868,-8.5,0,1,5115
2026-04-05T02:04:58,-2.230930,-113.234741,24.9,12.35,67.9,8,2.2,60.7,3.869,-8.3,0,1,5116
2026-04-05T02:05:26,-2.230503,-113.233124,30.6,12.18,72.4,8,2.2,59.8,3.862,-8.5,0,1,5117
2026-04-05T02:05:54,-2.230083,-113.231575,27.7,12.45,66.8,8,2.2,59.8,3.869,-8.5,0,1,5118
2026-04-05T02:06:23,-2.229722,-113.229942,24.4,11.89,73.8,8,2.2,60.1,3.869,-8.3,0,1,5119
2026-04-05T02:06:51,-2.229322,-113.228378,17.5,12.82,74.7,8,2.2,59.5,3.870,-8.3,0,1,5120
2026-04-05T02:07:19,-2.228948,-113.226807,12.3,11.57,73.4,7,3.2,60.4,3.869,-8.5,0,1,5121
2026-04-05T02:07:48,-2.228682,-113.225151,12.9,11.99,75.9,7,3.2,60.1,3.868,-8.3,0,1,5122
2026-04-05T02:08:16,-2.228293,-113.223625,9.9,11.67,76.7,7,3.2,59.8,3.860,-8.5,0,1,5123
2026-04-05T02:08:44,-2.227843,-113.222130,7.9,11.47,73.8,7,3.2,59.2,3.869,-8.5,0,1,5124
2026-04-05T02:09:13,-2.227298,-113.220520,16.5,11.86,76.0,7,3.2,59.8,3.868,-8.5,0,1,5125
2026-04-05T02:09:41,-2.226783,-113.218994,24.0,11.61,74.0,7,3.2,59.5,3.868,-8.3,0,1,5126
2026-04-05T02:10:09,-2.226368,-113.217484,21.9,11.51,78.1,7,3.2,60.1,3.868,-8.3,0,1,5127
2026-04-05T02:10:38,-2.226012,-113.215919,11.1,12.05,81.5,7,3.2,60.4,3.868,-8.5,0,1,5128
2026-04-05T02:11:06,-2.225470,-113.214363,21.8,11.06,75.3,7,3.2,59.5,3.866,-8.3,0,1,5129
2026-04-05T02:11:34,-2.225052,-113.212891,21.5,11.46,76.4,7,3.2,59.8,3.866,-8.5,0,1,5130
2026-04-05T02:12:03,-2.224548,-113.211304,28.6,11.70,68.5,7,3.2,59.8,3.866,-8.5,0,1,5131
2026-04-05T02:12:31,-2.224092,-113.209808,29.9,11.11,74.3,7,5.0,59.5,3.866,-8.3,0,1,5132
2026-04-05T02:12:59,-2.223613,-113.208282,31.4,11.74,72.6,7,3.2,59.5,3.866,-8.3,0,1,5133
2026-04-05T02:13:28,-2.223255,-113.206711,23.3,11.06,76.3,7,3.2,60.1,3.864,-8.3,0,1,5134
2026-04-05T02:13:56,-2.222815,-113.205170,13.0,11.30,74.3,7,3.2,59.5,3.868,-8.3,0,1,5135
2026-04-05T02:14:24,-2.222412,-113.203636,8.2,11.63,74.4,7,3.2,59.5,3.866,-8.3,0,1,5136
2026-04-05T02:14:53,-2.222002,-113.202072,3.3,11.29,70.6,7,3.2,59.8,3.865,-8.5,0,1,5137
2026-04-05T02:15:21,-2.221615,-113.200539,-0.4,11.28,77.6,6,3.4,59.8,3.859,-8.5,0,1,5138
2026-04-05T02:15:49,-2.221240,-113.199028,-2.8,12.22,75.2,5,3.8,58.8,3.862,-8.3,0,1,5139
2026-04-05T02:16:18,-2.220892,-113.197441,-3.8,11.64,81.2,7,3.1,59.8,3.860,-8.5,0,1,5140
2026-04-05T02:16:46,-2.220352,-113.195946,-3.6,11.85,69.2,6,3.6,59.5,3.865,-8.3,0,1,5141
2026-04-05T02:17:14,-2.219815,-113.194435,-5.3,11.73,74.4,6,3.6,59.5,3.864,-8.3,0,1,5142
2026-04-05T02:17:43,-2.219357,-113.192848,-6.8,11.77,72.8,7,3.1,59.5,3.865,-8.3,0,1,5143
2026-04-05T02:18:11,-2.218988,-113.191284,-7.9,11.44,74.2,6,3.6,59.8,3.866,-8.5,0,1,5144
2026-04-05T02:18:39,-2.218620,-113.189697,-3.8,11.79,72.5,7,3.1,59.5,3.865,-8.3,0,1,5145
2026-04-05T02:19:08,-2.218168,-113.188110,-3.0,11.70,72.4,7,3.0,59.2,3.865,-8.5,0,1,5146
2026-04-05T02:19:36,-2.217695,-113.186569,-1.5,11.05,68.2,6,3.6,58.8,3.865,-8.3,0,1,5147
2026-04-05T02:20:04,-2.217307,-113.184975,2.7,11.50,71.7,6,3.6,59.2,3.864,-8.5,0,1,5148
2026-04-05T02:20:33,-2.216817,-113.183388,0.5,11.52,71.2,6,3.6,59.2,3.865,-8.5,0,1,5149
2026-04-05T02:21:01,-2.216442,-113.181786,0.2,11.65,70.9,6,3.5,58.8,3.864,-8.3,0,1,5150
2026-04-05T02:21:29,-2.216038,-113.180222,1.9,12.25,76.3,6,3.5,59.5,3.861,-8.3,0,1,5151
2026-04-05T02:21:58,-2.215582,-113.178650,2.5,11.77,71.2,7,4.3,59.2,3.864,-8.5,0,1,5152
2026-04-05T02:22:26,-2.215137,-113.177101,4.0,11.91,72.8,6,3.5,58.8,3.856,-8.3,0,1,5153
2026-04-05T02:22:54,-2.214770,-113.175568,-6.5,11.64,73.1,7,2.9,58.8,3.865,-8.3,0,1,5154
2026-04-05T02:23:23,-2.214383,-113.173943,-7.7,12.04,78.6,6,3.5,59.2,3.864,-8.5,0,1,5155
2026-04-05T02:23:51,-2.214033,-113.172356,-12.0,11.38,72.6,7,2.9,58.8,3.862,-8.3,0,1,5156
2026-04-05T02:24:19,-2.213652,-113.170792,-13.6,11.53,71.1,7,2.9,58.5,3.864,-8.5,0,1,5157
2026-04-05T02:24:48,-2.213227,-113.169167,-9.2,12.00,73.3,7,2.9,59.2,3.864,-8.5,0,1,5158
2026-04-05T02:25:16,-2.212760,-113.167603,-4.6,12.45,76.9,7,2.8,58.5,3.858,-8.5,0,1,5159
2026-04-05T02:25:44,-2.212253,-113.166054,4.9,11.74,73.9,7,2.8,59.2,3.864,-8.5,0,1,5160
2026-04-05T02:26:13,-2.211728,-113.164429,16.2,12.51,75.6,7,3.9,58.8,3.864,-8.3,0,1,5161
2026-04-05T02:26:41,-2.211088,-113.162842,37.5,12.87,76.4,7,2.8,58.5,3.862,-8.5,0,1,5162
2026-04-05T02:27:09,-2.210617,-113.161346,36.6,11.68,73.8,7,2.8,58.8,3.864,-8.3,0,1,5163
2026-04-05T02:27:38,-2.210040,-113.159706,44.4,12.38,70.4,7,2.8,58.8,3.862,-8.3,0,1,5164
2026-04-05T02:28:06,-2.209577,-113.158142,45.2,12.62,72.2,7,2.7,58.5,3.862,-8.5,0,1,5165
2026-04-05T02:28:34,-2.209217,-113.156631,30.3,12.18,74.5,8,2.7,58.8,3.862,-8.3,0,1,5166
2026-04-05T02:29:03,-2.209028,-113.155022,1.1,12.24,75.7,7,2.9,58.5,3.862,-8.5,0,1,5167
2026-04-05T02:29:31,-2.208753,-113.153450,-12.9,11.37,77.2,8,2.6,58.2,3.859,-8.3,0,1,5168
2026-04-05T02:29:59,-2.208312,-113.151901,-12.9,11.65,77.7,8,2.6,58.5,3.862,-8.5,0,1,5169
2026-04-05T02:30:28,-2.207893,-113.150223,-8.5,13.19,72.4,8,2.6,58.5,3.861,-8.5,0,1,5170
2026-04-05T02:30:56,-2.207628,-113.148697,-15.7,11.20,75.5,8,2.6,58.2,3.858,-8.3,0,1,5171
2026-04-05T02:31:24,-2.207157,-113.147163,-17.1,12.42,79.0,8,2.6,58.2,3.861,-8.3,0,1,5172
2026-04-05T02:31:53,-2.206755,-113.145538,-15.2,12.29,72.4,8,2.5,58.5,3.861,-8.5,0,1,5173
2026-04-05T02:32:21,-2.206268,-113.143990,-11.9,11.33,75.7,8,2.5,58.5,3.862,-8.5,0,1,5174
2026-04-05T02:32:49,-2.205815,-113.142441,-7.6,13.34,70.1,8,2.5,58.2,3.862,-8.3,0,1,5175
2026-04-05T02:33:18,-2.205287,-113.140854,-0.9,12.71,71.1,8,2.5,58.5,3.861,-8.5,0,1,5176
2026-04-05T02:33:46,-2.204873,-113.139305,5.6,12.14,72.4,7,2.7,58.5,3.858,-8.5,0,1,5177
2026-04-05T02:34:14,-2.204472,-113.137741,8.1,11.67,74.5,8,2.5,58.2,3.860,-8.3,0,1,5178
2026-04-05T02:34:43,-2.203982,-113.136131,10.4,12.50,76.7,8,2.5,59.2,3.861,-8.5,0,1,5179
2026-04-05T02:35:11,-2.203572,-113.134567,-1.1,12.09,71.9,8,2.4,58.2,3.854,-8.3,0,1,5180
2026-04-05T02:35:39,-2.203176,-113.133041,-0.1,12.59,71.5,8,2.4,58.2,3.859,-8.3,0,1,5181
2026-04-05T02:36:08,-2.202610,-113.131454,2.5,12.27,73.8,8,2.4,58.8,3.860,-8.3,0,1,5182
2026-04-05T02:36:36,-2.202127,-113.129906,0.1,13.25,75.6,8,2.4,58.2,3.860,-8.3,0,1,5183
2026-04-05T02:37:04,-2.201693,-113.128372,-3.3,12.87,75.2,8,2.4,58.2,3.860,-8.3,0,1,5184
2026-04-05T02:37:33,-2.201172,-113.126755,-1.4,12.65,73.2,8,2.3,58.2,3.859,-8.3,0,1,5185
2026-04-05T02:38:01,-2.200648,-113.125259,-2.1,12.84,73.0,8,2.3,58.2,3.860,-8.3,0,1,5186
2026-04-05T02:38:29,-2.200125,-113.123749,11.4,12.31,73.2,8,2.3,57.9,3.858,-8.5,0,1,5187
2026-04-05T02:38:58,-2.199738,-113.122086,1.5,11.49,72.3,8,2.3,58.2,3.860,-8.3,0,1,5188
2026-04-05T02:39:26,-2.199218,-113.120560,2.3,12.46,73.8,8,2.3,57.3,3.860,-8.5,0,1,5189
2026-04-05T02:39:54,-2.198813,-113.119011,-0.1,12.56,72.9,8,2.3,57.6,3.858,-8.3,0,1,5190
2026-04-05T02:40:23,-2.198335,-113.117439,7.7,11.93,70.8,8,2.3,58.2,3.860,-8.3,0,1,5191
2026-04-05T02:40:51,-2.197817,-113.115944,10.7,12.72,70.1,8,2.2,57.6,3.854,-8.3,0,1,5192
2026-04-05T02:41:19,-2.197495,-113.114357,-3.5,12.03,72.4,8,2.2,57.9,3.861,-8.5,0,1,5193
2026-04-05T02:41:48,-2.197023,-113.112778,0.1,12.22,68.6,8,2.2,57.9,3.859,-8.5,0,1,5194
2026-04-05T02:42:16,-2.196438,-113.111267,3.0,12.64,69.5,8,2.2,57.3,3.859,-8.5,0,1,5195
2026-04-05T02:42:44,-2.196040,-113.109711,6.7,12.34,73.9,8,2.2,57.6,3.859,-8.3,0,1,5196
2026-04-05T02:43:13,-2.195547,-113.108093,8.2,12.14,72.1,7,2.2,57.6,3.859,-8.3,0,1,5197
2026-04-05T02:43:41,-2.195062,-113.106598,7.7,13.12,67.2,7,2.2,57.6,3.854,-8.3,0,1,5198
2026-04-05T02:44:09,-2.194642,-113.105049,5.8,12.64,73.6,7,2.2,57.3,3.859,-8.5,0,1,5199
2026-04-05T02:44:38,-2.193953,-113.103523,13.7,12.55,65.8,7,2.2,57.6,3.859,-8.3,0,1,5200
2026-04-05T02:45:06,-2.193643,-113.101990,15.3,12.29,78.6,6,2.4,57.6,3.859,-8.3,0,1,5201
2026-04-05T02:45:34,-2.193292,-113.100441,15.7,12.31,73.4,5,2.9,58.2,3.854,-8.3,0,1,5202
2026-04-05T02:46:03,-2.192883,-113.098801,6.4,12.07,77.3,6,2.4,58.2,3.855,-8.3,0,1,5203
2026-04-05T02:46:31,-2.192412,-113.097290,-4.5,12.64,74.2,6,2.3,57.3,3.859,-8.5,0,1,5204
2026-04-05T02:46:59,-2.191955,-113.095757,-11.3,12.42,72.7,5,2.9,57.9,3.852,-8.5,0,1,5205
2026-04-05T02:47:28,-2.191467,-113.094193,-18.1,12.25,68.2,6,2.6,57.9,3.854,-8.5,0,1,5206
2026-04-05T02:47:56,-2.191102,-113.092636,-18.2,13.48,66.5,6,2.6,56.9,3.858,-8.3,0,1,5207
2026-04-05T02:48:24,-2.190595,-113.091110,-4.5,11.82,72.0,6,2.6,57.3,3.858,-8.5,0,1,5208
2026-04-05T02:48:53,-2.190030,-113.089523,0.2,11.83,70.1,7,2.1,58.2,3.858,-8.3,0,1,5209
2026-04-05T02:49:21,-2.189518,-113.088036,6.2,12.60,65.4,6,2.6,57.9,3.851,-8.5,0,1,5210
2026-04-05T02:49:49,-2.188998,-113.086464,12.6,12.78,73.5,7,2.0,57.3,3.858,-8.5,0,1,5211
2026-04-05T02:50:18,-2.188508,-113.084862,17.3,12.84,69.2,7,2.0,57.9,3.858,-8.5,0,1,5212
2026-04-05T02:50:46,-2.187950,-113.083405,23.2,12.67,67.0,7,2.0,56.6,3.850,-8.5,0,1,5213
2026-04-05T02:51:14,-2.187413,-113.081879,24.8,12.49,68.3,7,2.0,56.9,3.856,-8.3,0,1,5214
2026-04-05T02:51:43,-2.186912,-113.080292,33.1,11.68,67.1,7,2.0,57.6,3.856,-8.3,0,1,5215
2026-04-05T02:52:11,-2.186443,-113.078758,37.8,12.51,73.5,7,2.0,57.3,3.849,-8.5,0,1,5216
2026-04-05T02:52:39,-2.185978,-113.077286,42.0,12.14,74.4,7,2.0,56.9,3.852,-8.3,0,1,5217
2026-04-05T02:53:08,-2.185418,-113.075699,44.4,11.78,74.1,7,2.0,56.9,3.855,-8.3,0,1,5218
2026-04-05T02:53:36,-2.184897,-113.074165,46.4,12.14,77.8,7,1.9,56.9,3.858,-8.3,0,1,5219
2026-04-05T02:54:04,-2.184348,-113.072617,53.9,11.59,71.6,7,1.9,57.6,3.854,-8.3,0,1,5220
2026-04-05T02:54:33,-2.183783,-113.071091,66.9,12.64,72.7,7,1.9,56.9,3.856,1516.1,0,1,5221
2026-04-05T02:55:01,-2.183242,-113.069595,75.5,12.31,63.0,7,1.9,56.9,3.854,-8.3,0,1,5222
2026-04-05T02:55:29,-2.182708,-113.068108,81.3,11.80,71.2,7,1.9,56.6,3.856,-8.5,0,1,5223
2026-04-05T02:55:58,-2.182172,-113.066536,82.9,12.05,73.1,7,1.9,57.3,3.855,-8.5,0,1,5224
2026-04-05T02:56:26,-2.181643,-113.065025,86.2,12.10,69.3,7,1.9,56.6,3.858,-8.5,0,1,5225
2026-04-05T02:56:54,-2.181200,-113.063538,84.6,12.55,63.8,7,1.9,56.9,3.855,-8.3,0,1,5226
2026-04-05T02:57:23,-2.180685,-113.062019,81.7,12.11,69.6,7,1.9,57.3,3.856,-8.5,0,1,5227
2026-04-05T02:57:51,-2.180240,-113.060516,81.0,11.98,75.2,7,1.8,57.3,3.855,-8.5,0,1,5228
2026-04-05T02:58:19,-2.179788,-113.059006,75.5,12.02,71.7,7,1.8,56.6,3.856,-8.5,0,1,5229
2026-04-05T02:58:48,-2.179305,-113.057449,73.2,12.31,75.1,5,2.2,56.6,3.850,-8.5,0,1,5230
2026-04-05T02:59:16,-2.178855,-113.055939,67.5,12.13,70.9,7,1.8,56.9,3.850,-8.3,0,1,5231
2026-04-05T02:59:44,-2.178383,-113.054413,59.1,12.46,72.6,7,1.8,56.3,3.848,-8.3,0,1,5232
2026-04-05T03:00:13,-2.177928,-113.052826,57.6,12.07,77.7,7,1.8,56.9,3.854,-8.3,0,1,5233
2026-04-05T03:00:41,-2.177413,-113.051338,57.8,12.40,69.9,7,1.8,56.3,3.854,-8.3,0,1,5234
2026-04-05T03:01:09,-2.176825,-113.049896,58.7,12.18,70.2,7,1.8,56.3,3.854,-8.3,0,1,5235
2026-04-05T03:01:38,-2.176362,-113.048332,57.6,12.19,67.3,7,1.8,57.3,3.854,-8.5,0,1,5236
2026-04-05T03:02:06,-2.175852,-113.046844,55.4,11.86,65.9,7,1.8,56.3,3.855,-8.3,0,1,5237
2026-04-05T03:02:34,-2.175413,-113.045326,56.6,12.07,70.5,7,1.7,56.6,3.855,-8.5,0,1,5238
2026-04-05T03:03:03,-2.174948,-113.043785,47.9,12.02,71.8,7,1.7,56.9,3.854,-8.3,0,1,5239
2026-04-05T03:03:31,-2.174517,-113.042236,51.6,12.77,67.6,7,1.7,56.3,3.854,-8.3,0,1,5240
2026-04-05T03:03:59,-2.174087,-113.040771,46.3,12.57,61.7,7,1.7,56.6,3.854,-8.5,0,1,5241
2026-04-05T03:04:28,-2.173618,-113.039230,48.0,12.08,66.6,6,1.9,56.6,3.855,-8.5,0,1,5242
2026-04-05T03:04:56,-2.173140,-113.037720,43.9,12.34,67.0,8,1.6,56.0,3.854,-8.5,0,1,5243
2026-04-05T03:05:24,-2.172667,-113.036209,29.6,11.91,68.6,6,2.2,56.9,3.854,-8.3,0,1,5244
2026-04-05T03:05:53,-2.172187,-113.034637,26.6,12.69,71.5,8,1.6,56.6,3.852,-8.5,0,1,5245
2026-04-05T03:06:21,-2.171680,-113.033150,25.8,12.08,72.7,7,1.9,56.0,3.854,-8.5,0,1,5246
2026-04-05T03:06:49,-2.171193,-113.031639,23.3,11.80,66.1,7,1.9,56.9,3.852,-8.3,0,1,5247
2026-04-05T03:07:18,-2.170696,-113.030067,22.1,12.10,72.1,8,1.6,56.6,3.854,-8.5,0,1,5248
2026-04-05T03:07:46,-2.170153,-113.028572,29.8,12.61,69.9,7,1.9,56.0,3.854,-8.5,0,1,5249
2026-04-05T03:08:14,-2.169635,-113.027069,35.7,12.58,68.9,7,1.9,55.7,3.852,-8.3,0,1,5250
2026-04-05T03:08:43,-2.169188,-113.025482,34.6,12.25,71.0,7,1.9,56.3,3.852,-8.3,0,1,5251
2026-04-05T03:09:11,-2.168743,-113.023987,38.9,13.73,68.1,7,1.9,55.7,3.854,-8.3,0,1,5252
2026-04-05T03:09:39,-2.168160,-113.022499,36.5,12.24,69.2,7,1.9,56.0,3.852,-8.5,0,1,5253
2026-04-05T03:10:08,-2.167700,-113.020912,33.9,11.80,74.3,8,1.5,56.9,3.852,-8.3,0,1,5254
2026-04-05T03:10:36,-2.167277,-113.019402,29.1,11.89,72.4,8,1.5,56.0,3.846,-8.5,0,1,5255
2026-04-05T03:11:04,-2.166762,-113.017960,42.3,11.18,68.8,8,1.5,56.3,3.850,-8.3,0,1,5256
2026-04-05T03:11:33,-2.166312,-113.016373,43.4,11.21,71.7,8,1.5,56.3,3.852,-8.3,0,1,5257
2026-04-05T03:12:01,-2.165818,-113.014862,39.9,12.10,75.1,8,1.5,55.7,3.845,-8.3,0,1,5258
2026-04-05T03:12:29,-2.165465,-113.013367,42.1,12.02,75.3,8,1.5,55.7,3.852,-8.3,0,1,5259
2026-04-05T03:12:58,-2.164957,-113.011780,40.4,11.44,73.7,8,1.5,56.0,3.851,-8.5,0,1,5260
2026-04-05T03:13:26,-2.164487,-113.010269,41.3,11.99,66.1,8,1.5,55.4,3.852,-8.5,0,1,5261
2026-04-05T03:13:54,-2.164032,-113.008728,40.1,11.86,73.3,8,1.5,56.0,3.851,-8.5,0,1,5262
2026-04-05T03:14:23,-2.163452,-113.007172,41.5,11.98,70.4,8,1.5,56.0,3.851,-8.5,0,1,5263
2026-04-05T03:14:51,-2.163045,-113.005669,42.8,12.54,68.9,7,1.7,55.7,3.851,-8.3,0,1,5264
2026-04-05T03:15:19,-2.162542,-113.004135,49.3,12.76,70.5,8,1.5,56.0,3.850,-8.5,0,1,5265
2026-04-05T03:15:48,-2.162063,-113.002563,50.6,12.26,73.1,8,1.5,56.0,3.851,-8.5,0,1,5266
2026-04-05T03:16:16,-2.161598,-113.001038,49.8,12.19,72.1,8,1.5,55.4,3.850,-8.5,0,1,5267
2026-04-05T03:16:44,-2.161050,-112.999542,45.6,12.36,71.6,8,1.5,56.0,3.848,-8.5,0,1,5268
2026-04-05T03:17:13,-2.160637,-112.997963,39.0,12.20,77.1,8,1.5,56.0,3.849,-8.5,0,1,5269
2026-04-05T03:17:41,-2.160168,-112.996429,39.5,12.64,78.4,8,1.5,56.0,3.851,-8.5,0,1,5270
2026-04-05T03:18:09,-2.159655,-112.994942,39.3,11.97,73.2,8,1.5,55.4,3.848,-8.5,0,1,5271
2026-04-05T03:18:38,-2.159184,-112.993370,39.5,11.94,75.0,8,1.5,55.7,3.850,-8.3,0,1,5272
2026-04-05T03:19:06,-2.158738,-112.991837,34.1,12.34,73.2,8,1.4,55.7,3.845,-8.3,0,1,5273
2026-04-05T03:19:34,-2.158365,-112.990273,36.4,12.13,72.9,8,1.4,55.7,3.851,-8.3,0,1,5274
2026-04-05T03:20:03,-2.157960,-112.988708,17.4,12.38,77.7,8,1.4,55.7,3.850,-8.3,0,1,5275
2026-04-05T03:20:31,-2.157487,-112.987160,16.6,12.64,68.6,8,1.4,55.0,3.844,-8.3,0,1,5276
2026-04-05T03:20:59,-2.157058,-112.985664,7.4,11.78,71.1,8,1.4,55.4,3.849,-8.5,0,1,5277
2026-04-05T03:21:28,-2.156583,-112.984077,-2.3,11.68,73.1,8,1.4,55.4,3.850,-8.5,0,1,5278
2026-04-05T03:21:56,-2.156072,-112.982582,-3.0,12.21,69.2,8,1.4,55.4,3.840,-8.5,0,1,5279
2026-04-05T03:22:24,-2.155618,-112.981071,-3.0,11.66,75.4,8,1.4,55.0,3.848,-8.3,0,1,5280
2026-04-05T03:22:53,-2.155210,-112.979469,-5.0,12.28,76.0,7,1.7,56.0,3.849,-8.5,0,1,5281
2026-04-05T03:23:21,-2.154763,-112.977974,-11.5,11.07,76.9,8,1.4,55.4,3.849,-8.5,0,1,5282
2026-04-05T03:23:49,-2.154300,-112.976410,-7.6,11.97,75.1,6,2.1,55.0,3.851,-8.3,0,1,5283
2026-04-05T03:24:18,-2.153813,-112.974861,-5.8,12.54,75.1,7,1.7,55.4,3.848,-8.5,0,1,5284
2026-04-05T03:24:46,-2.153288,-112.973373,-5.4,12.06,66.9,6,2.1,55.4,3.842,-8.5,0,1,5285
2026-04-05T03:25:14,-2.152857,-112.971840,-8.8,11.87,74.6,7,1.7,55.0,3.850,-8.3,0,1,5286
2026-04-05T03:25:43,-2.152448,-112.970268,-9.0,11.84,75.2,7,1.7,55.4,3.848,-8.5,0,1,5287
2026-04-05T03:26:11,-2.151975,-112.968742,-6.8,12.33,75.1,7,1.7,54.7,3.848,-8.5,0,1,5288
2026-04-05T03:26:39,-2.151523,-112.967232,-6.4,12.27,71.6,7,1.7,55.0,3.849,-8.3,0,1,5289
2026-04-05T03:27:08,-2.151026,-112.965698,-2.1,11.81,72.2,7,1.6,55.0,3.849,-8.3,0,1,5290
2026-04-05T03:27:36,-2.150537,-112.964188,-1.0,12.25,70.1,7,1.6,55.0,3.848,-8.3,0,1,5291
2026-04-05T03:28:04,-2.150047,-112.962715,-8.1,11.91,73.5,8,1.3,55.0,3.846,-8.3,0,1,5292
2026-04-05T03:28:33,-2.149703,-112.961090,-15.6,12.09,78.8,7,1.6,55.4,3.848,-8.5,0,1,5293
2026-04-05T03:29:01,-2.149243,-112.959587,-19.4,12.35,71.1,8,1.3,55.4,3.848,-8.5,0,1,5294
2026-04-05T03:29:29,-2.148763,-112.958115,-24.0,12.01,74.8,8,1.3,55.0,3.845,-8.3,0,1,5295
2026-04-05T03:29:58,-2.148278,-112.956566,-21.0,12.19,77.4,7,1.6,54.7,3.848,-8.5,0,1,5296
2026-04-05T03:30:26,-2.147822,-112.955070,-21.8,11.81,74.9,6,1.4,55.4,3.848,-8.5,0,1,5297
2026-04-05T03:30:54,-2.147322,-112.953590,-21.4,12.26,71.2,5,1.7,54.7,3.848,-8.5,0,1,5298
2026-04-05T03:31:23,-2.146882,-112.952003,-20.0,11.87,73.0,6,1.4,54.7,3.842,-8.5,0,1,5299
2026-04-05T03:31:51,-2.146442,-112.950478,-18.2,12.08,77.2,8,1.3,54.4,3.846,-8.3,0,1,5300
2026-04-05T03:32:19,-2.145930,-112.949005,-17.8,12.12,69.0,7,1.4,55.0,3.849,-8.3,0,1,5301
2026-04-05T03:32:48,-2.145450,-112.947441,-15.8,12.30,75.3,7,1.4,54.7,3.848,-8.5,0,1,5302
2026-04-05T03:33:16,-2.145027,-112.945946,-17.2,11.25,72.9,8,1.3,54.7,3.841,-8.5,0,1,5303
2026-04-05T03:33:44,-2.144517,-112.944435,-18.5,11.93,71.6,7,1.4,54.4,3.846,-8.3,0,1,5304
2026-04-05T03:34:13,-2.144102,-112.942863,-16.5,11.84,72.2,7,1.4,54.7,3.846,-8.5,0,1,5305
2026-04-05T03:34:41,-2.143645,-112.941353,-13.9,11.66,75.5,8,1.2,54.4,3.840,-8.3,0,1,5306
2026-04-05T03:35:09,-2.143150,-112.939827,-12.3,12.73,71.4,8,1.2,54.7,3.842,-8.5,0,1,5307
2026-04-05T03:35:38,-2.142628,-112.938255,-10.3,12.27,71.3,6,1.6,54.7,3.846,-8.5,0,1,5308
2026-04-05T03:36:06,-2.142177,-112.936768,-10.2,11.82,68.0,6,1.5,53.8,3.838,-8.3,0,1,5309
2026-04-05T03:36:34,-2.141723,-112.935280,-7.6,11.47,71.6,7,1.4,54.7,3.846,-8.5,0,1,5310
2026-04-05T03:37:03,-2.141228,-112.933723,-3.9,12.89,72.6,7,1.4,54.7,3.844,-8.5,0,1,5311
2026-04-05T03:37:31,-2.140792,-112.932251,-3.2,11.99,77.2,8,1.2,54.4,3.839,-8.3,0,1,5312
2026-04-05T03:37:59,-2.140340,-112.930756,-4.1,12.32,73.9,8,1.2,54.4,3.845,-8.3,0,1,5313
2026-04-05T03:38:28,-2.139890,-112.929207,-4.1,11.94,72.5,7,1.4,54.7,3.845,-8.5,0,1,5314
2026-04-05T03:38:56,-2.139482,-112.927696,-5.9,11.94,73.1,7,1.4,54.4,3.846,-8.3,0,1,5315
2026-04-05T03:39:24,-2.139028,-112.926186,-11.4,12.45,68.7,8,1.2,54.1,3.845,-8.5,0,1,5316
2026-04-05T03:39:53,-2.138577,-112.924644,-18.0,11.86,77.5,7,1.3,54.1,3.844,-8.5,0,1,5317
2026-04-05T03:40:21,-2.138138,-112.923126,-22.8,12.20,74.2,7,1.3,54.1,3.840,-8.5,0,1,5318
2026-04-05T03:40:49,-2.137752,-112.921585,-22.9,12.25,77.3,7,1.3,53.8,3.846,-8.3,0,1,5319
2026-04-05T03:41:18,-2.137275,-112.919998,-20.4,12.12,71.4,7,1.3,54.4,3.845,-8.3,0,1,5320
2026-04-05T03:41:46,-2.136880,-112.918488,-20.0,12.40,73.9,7,1.3,54.1,3.844,-8.5,0,1,5321
2026-04-05T03:42:14,-2.136423,-112.916954,-15.3,12.16,74.8,8,1.2,54.1,3.844,-8.5,0,1,5322
2026-04-05T03:42:43,-2.135910,-112.915382,-13.4,12.20,71.4,7,1.3,54.1,3.844,-8.5,0,1,5323
2026-04-05T03:43:11,-2.135458,-112.913872,-12.2,12.10,75.2,7,1.3,53.5,3.839,-8.5,0,1,5324
2026-04-05T03:43:39,-2.134935,-112.912331,-0.2,12.43,74.3,8,1.3,53.5,3.842,-8.5,0,1,5325
2026-04-05T03:44:08,-2.134443,-112.910774,12.1,12.08,73.0,7,1.3,54.4,3.844,-8.3,0,1,5326
2026-04-05T03:44:36,-2.134008,-112.909233,16.6,13.76,76.6,7,1.6,53.8,3.842,-8.3,0,1,5327
2026-04-05T03:45:04,-2.133577,-112.907715,17.8,12.64,68.6,6,1.8,53.5,3.842,-8.5,0,1,5328
2026-04-05T03:45:33,-2.133123,-112.906136,21.8,12.39,73.1,7,1.3,54.7,3.842,-8.5,0,1,5329
2026-04-05T03:46:01,-2.132673,-112.904602,25.7,11.68,71.1,8,1.2,53.8,3.840,-8.3,0,1,5330
2026-04-05T03:46:29,-2.132200,-112.903076,33.2,11.56,71.2,8,1.2,53.8,3.844,-8.3,0,1,5331
2026-04-05T03:46:58,-2.131747,-112.901482,39.9,12.10,73.6,6,1.8,54.1,3.842,-8.5,0,1,5332
2026-04-05T03:47:26,-2.131238,-112.899956,48.1,12.16,72.1,8,1.2,53.5,3.844,-8.5,0,1,5333
2026-04-05T03:47:54,-2.130787,-112.898460,44.6,11.67,68.9,8,1.3,53.5,3.840,-8.5,0,1,5334
2026-04-05T03:48:23,-2.130275,-112.896873,48.0,12.48,74.2,9,1.2,53.5,3.844,-8.5,0,1,5335
2026-04-05T03:48:51,-2.129820,-112.895401,42.6,11.83,78.0,9,1.2,53.5,3.838,-8.5,0,1,5336
2026-04-05T03:49:19,-2.129320,-112.893913,44.3,12.56,72.3,9,1.2,53.5,3.838,-8.5,0,1,5337
2026-04-05T03:49:48,-2.128853,-112.892311,51.8,12.52,73.0,9,1.2,53.5,3.841,-8.5,0,1,5338
2026-04-05T03:50:16,-2.128492,-112.890762,51.6,12.31,74.6,8,1.3,53.8,3.842,-8.3,0,1,5339
2026-04-05T03:50:44,-2.128008,-112.889252,52.9,12.28,69.7,9,1.2,53.5,3.842,-8.5,0,1,5340
2026-04-05T03:51:13,-2.127537,-112.887665,55.8,11.53,73.6,9,1.2,53.5,3.841,-8.5,0,1,5341
2026-04-05T03:51:41,-2.127093,-112.886116,54.8,12.27,70.6,8,1.2,53.8,3.842,-8.3,0,1,5342
2026-04-05T03:52:09,-2.126573,-112.884621,57.8,12.49,69.5,8,1.2,53.1,3.841,-10.2,0,1,5343
2026-04-05T03:52:38,-2.126057,-112.883057,61.0,12.80,68.3,9,1.2,53.8,3.842,-8.3,0,1,5344
2026-04-05T03:53:06,-2.125668,-112.881508,60.5,12.92,72.9,8,1.6,53.1,3.836,-10.2,0,1,5345
2026-04-05T03:53:34,-2.125205,-112.879974,58.3,11.96,74.8,8,1.2,53.1,3.839,-10.2,0,1,5346
2026-04-05T03:54:03,-2.124760,-112.878387,57.9,12.79,72.1,8,1.2,53.5,3.841,-8.5,0,1,5347
2026-04-05T03:54:31,-2.124273,-112.876892,61.1,12.12,70.6,9,1.1,53.5,3.836,-8.5,0,1,5348
2026-04-05T03:54:59,-2.123823,-112.875381,63.8,11.65,75.0,8,1.2,53.5,3.842,-8.5,0,1,5349
2026-04-05T03:55:28,-2.123382,-112.873802,57.2,12.18,79.0,9,1.1,53.5,3.839,-8.5,0,1,5350
2026-04-05T03:55:56,-2.122885,-112.872284,45.7,12.52,67.0,10,1.0,52.7,3.840,-10.2,0,1,5351
2026-04-05T03:56:24,-2.122430,-112.870773,39.3,12.32,69.7,10,1.0,53.5,3.838,-8.5,0,1,5352
2026-04-05T03:56:53,-2.122005,-112.869156,35.8,11.18,80.2,10,1.0,53.1,3.841,-10.2,0,1,5353
2026-04-05T03:57:21,-2.121577,-112.867638,30.7,11.88,73.4,9,1.1,53.1,3.834,-10.2,0,1,5354
2026-04-05T03:57:49,-2.121103,-112.866127,26.7,12.20,67.2,10,1.0,53.1,3.838,-10.2,0,1,5355
2026-04-05T03:58:18,-2.120607,-112.864525,27.4,11.87,71.5,9,1.1,53.1,3.839,-10.2,0,1,5356
2026-04-05T03:58:46,-2.120143,-112.863029,29.7,12.01,75.4,9,1.1,52.7,3.840,-10.2,0,1,5357
2026-04-05T03:59:14,-2.119658,-112.861519,24.1,12.04,71.0,10,1.0,53.1,3.840,-10.2,0,1,5358
2026-04-05T03:59:43,-2.119170,-112.859940,26.0,12.31,73.3,10,1.0,52.7,3.839,-10.2,0,1,5359
2026-04-05T04:00:11,-2.118677,-112.858429,25.6,12.39,69.8,10,1.0,52.7,3.841,-10.2,0,1,5360
2026-04-05T04:00:39,-2.118288,-112.856880,16.8,11.92,74.7,10,1.0,52.7,3.834,-10.2,0,1,5361
2026-04-05T04:01:08,-2.117833,-112.855331,16.1,12.19,77.3,9,1.1,53.1,3.838,-10.2,0,1,5362
2026-04-05T04:01:36,-2.117340,-112.853851,15.6,11.58,73.9,10,1.0,52.7,3.839,-10.2,0,1,5363
2026-04-05T04:02:04,-2.116858,-112.852348,15.2,12.62,68.1,10,1.0,52.7,3.835,-10.2,0,1,5364
2026-04-05T04:02:33,-2.116377,-112.850800,17.7,12.06,70.8,9,1.1,53.5,3.828,1423.3,0,1,5365
2026-04-05T04:03:01,-2.115921,-112.849304,16.1,12.70,77.8,10,1.0,52.7,3.839,-10.2,0,1,5366
2026-04-05T04:03:29,-2.115457,-112.847771,13.7,12.76,75.1,9,1.4,52.3,3.839,-10.2,0,1,5367
2026-04-05T04:03:58,-2.115018,-112.846191,11.0,12.07,80.3,9,1.4,52.7,3.838,-10.2,0,1,5368
2026-04-05T04:04:26,-2.114543,-112.844658,11.0,11.98,73.2,9,1.4,52.7,3.839,-10.2,0,1,5369
2026-04-05T04:04:54,-2.114047,-112.843140,12.9,11.24,67.2,11,1.0,51.9,3.835,-10.2,0,1,5370
2026-04-05T04:05:23,-2.113473,-112.841629,18.4,12.77,62.7,10,1.0,52.3,3.831,-10.2,0,1,5371
2026-04-05T04:05:51,-2.113055,-112.840118,21.0,11.74,67.5,9,1.4,52.3,3.836,-10.2,0,1,5372
2026-04-05T04:06:19,-2.112572,-112.838615,25.7,12.76,76.4,10,1.0,52.3,3.835,-10.2,0,1,5373
2026-04-05T04:06:48,-2.112002,-112.837105,25.3,11.98,65.8,8,1.4,51.9,3.838,-10.2,0,1,5374
2026-04-05T04:07:16,-2.111582,-112.835556,24.4,12.53,74.4,9,1.4,52.7,3.839,-10.2,0,1,5375
2026-04-05T04:07:44,-2.111168,-112.834045,23.7,12.13,77.8,9,1.4,52.3,3.834,-10.2,0,1,5376
2026-04-05T04:08:13,-2.110630,-112.832527,29.7,10.87,77.7,9,1.4,52.3,3.839,-10.2,0,1,5377
2026-04-05T04:08:41,-2.110092,-112.831078,36.2,11.47,67.3,10,1.3,51.9,3.838,-10.2,0,1,5378
2026-04-05T04:09:09,-2.109668,-112.829475,30.9,11.97,74.9,9,1.3,51.9,3.838,-10.2,0,1,5379
2026-04-05T04:09:38,-2.109168,-112.827957,33.8,12.20,68.8,9,1.5,52.3,3.838,-10.2,0,1,5380
2026-04-05T04:10:06,-2.108703,-112.826431,32.5,12.35,72.8,9,1.3,52.7,3.836,-10.2,0,1,5381
2026-04-05T04:10:34,-2.108208,-112.824974,37.5,12.09,74.0,9,1.3,52.7,3.836,-10.2,0,1,5382
2026-04-05T04:11:03,-2.107754,-112.823425,31.4,12.83,69.1,9,1.3,51.9,3.836,-10.2,0,1,5383
2026-04-05T04:11:31,-2.107300,-112.821899,36.1,12.71,73.6,7,1.7,51.5,3.836,-10.2,0,1,5384
2026-04-05T04:11:59,-2.106812,-112.820404,37.4,12.18,74.2,9,1.3,52.7,3.835,-10.2,0,1,5385
2026-04-05T04:12:28,-2.106297,-112.818832,38.4,11.46,72.6,8,1.6,51.9,3.836,-10.2,0,1,5386
2026-04-05T04:12:56,-2.105900,-112.817329,36.8,12.70,74.0,7,1.6,51.2,3.836,-10.4,0,1,5387
2026-04-05T04:13:24,-2.105474,-112.815773,35.9,11.38,65.6,8,1.3,51.9,3.835,-10.2,0,1,5388
2026-04-05T04:13:53,-2.105018,-112.814232,35.9,11.75,74.8,8,1.6,52.3,3.836,-10.2,0,1,5389
2026-04-05T04:14:21,-2.104425,-112.812775,36.9,11.64,74.1,8,1.6,51.2,3.836,-10.4,0,1,5390
2026-04-05T04:14:49,-2.103978,-112.811264,45.9,12.16,74.3,7,1.6,51.9,3.836,-10.2,0,1,5391
2026-04-05T04:15:18,-2.103608,-112.809654,42.5,12.00,68.8,7,1.6,52.3,3.835,-10.2,0,1,5392
2026-04-05T04:15:46,-2.103145,-112.808151,39.1,12.13,67.9,7,1.6,50.8,3.835,-10.2,0,1,5393
2026-04-05T04:16:14,-2.102713,-112.806656,33.6,11.96,77.5,7,1.6,51.2,3.834,-10.4,0,1,5394
2026-04-05T04:16:43,-2.102238,-112.805107,30.3,11.47,75.6,7,1.6,51.9,3.836,-10.2,0,1,5395
2026-04-05T04:17:11,-2.101802,-112.803581,33.1,11.80,73.0,8,1.5,51.2,3.836,-10.4,0,1,5396
2026-04-05T04:17:39,-2.101346,-112.802109,28.9,11.59,70.6,8,1.5,51.9,3.836,-10.2,0,1,5397
2026-04-05T04:18:08,-2.100810,-112.800591,28.2,10.41,66.1,8,1.5,51.5,3.835,-10.2,0,1,5398
2026-04-05T04:18:36,-2.100315,-112.799080,29.3,13.30,72.4,8,1.5,51.2,3.835,-10.4,0,1,5399
2026-04-05T04:19:04,-2.099922,-112.797569,27.0,12.01,75.8,8,1.5,50.8,3.835,-10.2,0,1,5400
2026-04-05T04:19:33,-2.099452,-112.796021,32.6,12.37,74.0,7,1.6,51.9,3.835,-10.2,0,1,5401
2026-04-05T04:20:01,-2.098935,-112.794586,35.9,11.07,68.9,7,1.5,50.8,3.835,-10.2,0,1,5402
2026-04-05T04:20:29,-2.098442,-112.793098,38.3,11.86,71.6,9,1.4,51.2,3.831,-10.4,0,1,5403
2026-04-05T04:20:58,-2.097947,-112.791565,37.9,12.20,75.1,7,1.5,51.2,3.835,-10.4,0,1,5404
2026-04-05T04:21:26,-2.097537,-112.790077,38.6,12.08,75.6,8,1.4,50.8,3.835,-10.2,0,1,5405
2026-04-05T04:21:54,-2.097048,-112.788605,40.6,11.96,70.2,9,1.4,51.2,3.832,-10.4,0,1,5406
2026-04-05T04:22:23,-2.096538,-112.787109,47.2,12.27,70.2,8,1.4,51.9,3.835,-10.2,0,1,5407
2026-04-05T04:22:51,-2.096010,-112.785667,49.5,11.26,71.9,8,1.5,50.8,3.829,-10.2,0,1,5408
2026-04-05T04:23:19,-2.095580,-112.784157,48.1,12.47,70.3,9,1.4,50.4,3.832,-10.2,0,1,5409
2026-04-05T04:23:48,-2.095083,-112.782608,47.5,11.90,71.5,9,1.4,51.2,3.835,-10.4,0,1,5410
2026-04-05T04:24:16,-2.094602,-112.781105,50.3,11.72,75.6,9,1.4,50.4,3.834,-10.2,0,1,5411
2026-04-05T04:24:44,-2.094122,-112.779648,53.0,11.37,71.7,9,1.4,50.4,3.831,-10.2,0,1,5412
2026-04-05T04:25:13,-2.093663,-112.778114,52.3,11.74,68.0,9,1.4,51.9,3.835,-10.2,0,1,5413
2026-04-05T04:25:41,-2.093238,-112.776604,52.7,11.92,70.5,9,1.4,50.8,3.834,-10.2,0,1,5414
2026-04-05T04:26:09,-2.092788,-112.775078,52.6,11.89,69.0,10,1.3,50.4,3.828,-10.2,0,1,5415
2026-04-05T04:26:38,-2.092352,-112.773544,50.1,11.97,70.4,10,1.3,50.8,3.831,-10.2,0,1,5416
2026-04-05T04:27:06,-2.091883,-112.772057,50.1,12.20,68.8,10,1.3,50.8,3.822,-10.2,0,1,5417
2026-04-05T04:27:34,-2.091443,-112.770531,44.7,12.38,70.8,9,1.3,51.2,3.832,-10.4,0,1,5418
2026-04-05T04:28:03,-2.090955,-112.768982,41.4,12.22,66.9,10,1.3,51.5,3.835,-10.2,0,1,5419
2026-04-05T04:28:31,-2.090507,-112.767502,45.5,12.40,71.3,9,1.3,50.8,3.831,-10.2,0,1,5420
2026-04-05T04:28:59,-2.090057,-112.766014,40.2,12.12,72.5,10,1.3,50.0,3.829,-10.2,0,1,5421
2026-04-05T04:29:28,-2.089637,-112.764465,31.4,11.83,71.8,10,1.3,50.8,3.832,1351.8,0,1,5422
2026-04-05T04:29:56,-2.089173,-112.762955,30.2,12.48,73.9,9,1.3,50.8,3.834,-10.2,0,1,5423
2026-04-05T04:30:24,-2.088735,-112.761482,28.1,12.02,73.1,10,1.3,50.4,3.832,-10.2,0,1,5424
2026-04-05T04:30:53,-2.088330,-112.759926,24.3,11.34,77.8,10,1.3,50.4,3.832,-10.2,0,1,5425
2026-04-05T04:31:21,-2.087838,-112.758385,27.5,12.32,72.8,10,1.3,50.4,3.834,-10.2,0,1,5426
2026-04-05T04:31:49,-2.087397,-112.756889,19.2,11.96,71.1,10,1.3,51.2,3.831,-10.4,0,1,5427
2026-04-05T04:32:18,-2.086853,-112.755325,20.8,12.62,68.0,10,1.3,51.2,3.831,-10.4,0,1,5428
2026-04-05T04:32:46,-2.086398,-112.753830,17.6,12.40,70.8,9,1.3,50.4,3.832,-10.2,0,1,5429
2026-04-05T04:33:14,-2.086002,-112.752319,11.4,11.85,77.8,8,1.4,50.8,3.831,-10.2,0,1,5430
2026-04-05T04:33:43,-2.085468,-112.750732,11.1,12.13,70.9,8,1.4,50.0,3.825,-10.2,0,1,5431
2026-04-05T04:34:11,-2.085073,-112.749237,3.7,11.54,72.0,9,1.3,50.4,3.829,-10.2,0,1,5432
2026-04-05T04:34:39,-2.084600,-112.747711,0.0,11.68,70.6,9,1.3,49.6,3.832,-10.2,0,1,5433
2026-04-05T04:35:08,-2.084122,-112.746147,-1.0,11.55,72.1,9,1.3,50.4,3.830,1341.6,0,1,5434
2026-04-05T04:35:36,-2.083615,-112.744629,-2.4,11.83,74.0,9,1.3,49.6,3.825,-10.2,0,1,5435
2026-04-05T04:36:04,-2.083127,-112.743156,1.8,11.51,72.0,9,1.3,49.6,3.831,-10.2,0,1,5436
2026-04-05T04:36:33,-2.082647,-112.741592,7.3,11.05,70.5,9,1.2,50.8,3.831,-10.2,0,1,5437
2026-04-05T04:37:01,-2.082192,-112.740112,4.8,11.69,75.6,9,1.2,49.6,3.832,-10.2,0,1,5438
2026-04-05T04:37:29,-2.081832,-112.738564,8.4,12.10,75.6,9,1.2,50.0,3.831,-10.2,0,1,5439
2026-04-05T04:37:58,-2.081387,-112.737022,14.5,11.85,74.9,8,1.4,50.4,3.832,-10.2,0,1,5440
2026-04-05T04:38:26,-2.080858,-112.735504,19.2,12.58,70.8,9,1.2,49.6,3.830,-10.2,0,1,5441
2026-04-05T04:38:54,-2.080400,-112.734001,17.4,12.46,72.8,9,1.2,50.0,3.829,-10.2,0,1,5442
2026-04-05T04:39:23,-2.079873,-112.732468,23.5,11.71,75.4,9,1.2,50.4,3.830,-10.2,0,1,5443
2026-04-05T04:39:51,-2.079428,-112.730942,27.4,12.62,73.8,9,1.2,48.9,3.828,-10.2,0,1,5444
2026-04-05T04:40:19,-2.078978,-112.729462,35.2,12.25,72.7,9,1.2,49.6,3.826,-10.2,0,1,5445
2026-04-05T04:40:48,-2.078450,-112.727913,35.1,11.66,72.4,9,1.2,49.2,3.832,-10.2,0,1,5446
2026-04-05T04:41:16,-2.077943,-112.726425,40.7,12.38,73.4,9,1.2,49.6,3.830,-10.2,0,1,5447
2026-04-05T04:41:44,-2.077442,-112.724930,43.1,11.85,73.6,9,1.2,49.2,3.825,-10.2,0,1,5448
2026-04-05T04:42:13,-2.076973,-112.723389,44.7,12.01,76.3,9,1.2,49.6,3.830,-10.2,0,1,5449
2026-04-05T04:42:41,-2.076510,-112.721893,47.0,11.99,72.7,9,1.2,49.6,3.822,-10.2,0,1,5450
2026-04-05T04:43:09,-2.076005,-112.720383,44.5,12.17,72.9,9,1.2,49.2,3.826,-10.2,0,1,5451
2026-04-05T04:43:38,-2.075527,-112.718819,43.1,12.40,74.8,9,1.2,49.6,3.830,-10.2,0,1,5452
2026-04-05T04:44:06,-2.075060,-112.717300,40.7,12.51,75.3,8,1.3,49.6,3.830,-10.2,0,1,5453
2026-04-05T04:44:34,-2.074637,-112.715813,36.6,12.54,73.4,8,1.3,49.6,3.828,-10.2,0,1,5454
2026-04-05T04:45:03,-2.074131,-112.714241,35.9,11.66,77.8,8,1.3,49.6,3.828,-10.2,0,1,5455
2026-04-05T04:45:31,-2.073645,-112.712753,34.4,11.89,71.2,8,1.3,48.9,3.828,-10.2,0,1,5456
2026-04-05T04:45:59,-2.073218,-112.711243,31.6,11.86,71.9,8,1.3,48.9,3.824,-10.2,0,1,5457
2026-04-05T04:46:28,-2.072740,-112.709686,30.8,12.31,72.1,8,1.3,50.0,3.822,-10.2,0,1,5458
2026-04-05T04:46:56,-2.072242,-112.708176,31.9,12.22,71.3,8,1.3,49.2,3.828,-10.2,0,1,5459
2026-04-05T04:47:24,-2.071777,-112.706673,37.5,11.80,70.9,8,1.3,49.2,3.825,-10.2,0,1,5460
2026-04-05T04:47:53,-2.071353,-112.705139,37.9,12.13,76.4,8,1.3,49.2,3.829,1311.0,0,1,5461
2026-04-05T04:48:21,-2.070857,-112.703629,44.8,10.97,78.2,8,1.3,49.6,3.828,-10.2,0,1,5462
2026-04-05T04:48:49,-2.070415,-112.702133,43.2,12.46,71.7,8,1.3,49.2,3.825,-10.2,0,1,5463
2026-04-05T04:49:18,-2.069925,-112.700569,38.3,12.19,72.9,8,1.3,49.2,3.828,-10.2,0,1,5464
2026-04-05T04:49:46,-2.069422,-112.699074,37.1,12.32,75.6,8,1.3,49.6,3.829,-10.2,0,1,5465
2026-04-05T04:50:14,-2.068953,-112.697601,40.7,11.17,74.7,8,1.3,48.5,3.825,-10.2,0,1,5466
2026-04-05T04:50:43,-2.068498,-112.696037,41.2,12.73,74.3,8,1.3,49.6,3.828,-10.2,0,1,5467
2026-04-05T04:51:11,-2.068033,-112.694557,35.7,11.63,68.5,8,1.3,49.2,3.825,-10.2,0,1,5468
2026-04-05T04:51:39,-2.067558,-112.693031,29.8,11.77,70.3,9,1.2,49.2,3.822,-10.2,0,1,5469
2026-04-05T04:52:08,-2.067080,-112.691483,31.6,11.75,73.8,9,1.2,49.2,3.826,-10.2,0,1,5470
2026-04-05T04:52:36,-2.066658,-112.689987,27.2,12.40,69.9,8,1.3,48.5,3.821,-10.2,0,1,5471
2026-04-05T04:53:04,-2.066148,-112.688461,25.1,12.17,71.7,9,1.2,49.2,3.824,-10.2,0,1,5472
2026-04-05T04:53:33,-2.065658,-112.686890,28.9,12.29,71.5,9,1.2,49.2,3.829,-10.2,0,1,5473
2026-04-05T04:54:01,-2.065247,-112.685379,25.0,11.70,70.9,9,1.2,48.5,3.824,-10.2,0,1,5474
2026-04-05T04:54:29,-2.064732,-112.683907,30.4,12.10,71.7,8,2.0,48.9,3.824,-10.2,0,1,5475
2026-04-05T04:54:58,-2.064252,-112.682320,34.0,12.60,72.6,9,1.2,48.9,3.826,-10.2,0,1,5476
2026-04-05T04:55:26,-2.063753,-112.680779,24.3,11.91,69.1,9,1.2,48.5,3.828,-10.2,0,1,5477
2026-04-05T04:55:54,-2.063318,-112.679283,24.4,12.38,72.3,9,1.9,48.5,3.822,-10.2,0,1,5478
2026-04-05T04:56:23,-2.062857,-112.677681,21.6,12.34,77.2,9,1.9,48.5,3.828,-10.2,0,1,5479
2026-04-05T04:56:51,-2.062175,-112.676186,25.6,12.48,71.0,9,1.9,48.5,3.820,-10.2,0,1,5480
2026-04-05T04:57:19,-2.061693,-112.674698,31.5,12.25,68.1,9,2.0,48.1,3.821,-10.4,0,1,5481
2026-04-05T04:57:48,-2.061212,-112.673141,34.4,11.66,69.2,9,2.0,48.5,3.825,-10.2,0,1,5482
2026-04-05T04:58:16,-2.060743,-112.671577,33.2,12.68,69.2,9,2.0,48.9,3.820,-10.2,0,1,5483
2026-04-05T04:58:44,-2.060288,-112.670052,31.6,12.41,70.1,8,2.0,48.1,3.822,-10.4,0,1,5484
2026-04-05T04:59:13,-2.059750,-112.668495,32.5,11.66,69.4,9,2.0,48.5,3.825,-10.2,0,1,5485
2026-04-05T04:59:41,-2.059391,-112.666992,29.4,12.32,72.8,9,2.0,48.1,3.818,-10.4,0,1,5486
2026-04-05T05:00:09,-2.058928,-112.665482,33.8,12.49,68.6,8,2.5,48.1,3.822,-10.4,0,1,5487
2026-04-05T05:00:38,-2.058594,-112.663910,36.7,12.15,72.0,9,1.8,48.1,3.825,-10.4,0,1,5488
2026-04-05T05:01:06,-2.058050,-112.662415,44.2,13.61,72.7,9,1.8,48.1,3.825,-10.4,0,1,5489
2026-04-05T05:01:34,-2.057545,-112.660873,44.6,12.09,68.9,10,1.1,48.1,3.820,-10.4,0,1,5490
2026-04-05T05:02:03,-2.057120,-112.659286,42.7,12.73,69.7,10,1.1,48.1,3.825,-10.4,0,1,5491
2026-04-05T05:02:31,-2.056722,-112.657768,45.1,11.54,72.6,9,1.8,48.1,3.825,-10.4,0,1,5492
2026-04-05T05:02:59,-2.056038,-112.656265,60.3,12.52,69.8,9,1.8,47.7,3.821,-10.2,0,1,5493
2026-04-05T05:03:28,-2.055668,-112.654678,57.3,12.65,67.4,9,1.8,48.5,3.825,-10.2,0,1,5494
2026-04-05T05:03:56,-2.055282,-112.653168,50.4,13.30,71.9,9,1.8,47.7,3.816,-10.2,0,1,5495
2026-04-05T05:04:24,-2.054767,-112.651688,53.8,11.73,68.2,9,1.8,47.3,3.820,-10.2,0,1,5496
2026-04-05T05:04:53,-2.054360,-112.650139,49.7,11.25,76.2,9,1.8,48.1,3.824,-10.4,0,1,5497
2026-04-05T05:05:21,-2.053897,-112.648605,48.8,12.20,69.3,9,1.8,47.3,3.825,-10.2,0,1,5498
2026-04-05T05:05:49,-2.053562,-112.647095,38.3,12.82,74.3,9,1.8,47.7,3.820,-10.2,0,1,5499
2026-04-05T05:06:18,-2.053167,-112.645546,30.1,12.05,79.2,8,1.9,48.1,3.825,-10.4,0,1,5500
2026-04-05T05:06:46,-2.052633,-112.644058,36.7,12.37,69.3,8,1.9,48.1,3.822,-10.4,0,1,5501
2026-04-05T05:07:14,-2.052190,-112.642532,44.7,12.08,70.7,9,1.1,47.7,3.820,-10.2,0,1,5502
2026-04-05T05:07:43,-2.051612,-112.640984,43.0,11.41,70.1,8,1.9,48.1,3.822,-10.4,0,1,5503
2026-04-05T05:08:11,-2.051093,-112.639542,37.6,12.05,72.2,9,1.1,48.1,3.822,-10.4,0,1,5504
2026-04-05T05:08:39,-2.050765,-112.638069,26.1,12.25,71.1,9,1.3,48.1,3.820,-10.4,0,1,5505
2026-04-05T05:09:08,-2.050292,-112.636520,25.5,11.78,71.1,9,1.3,48.1,3.822,-10.4,0,1,5506
2026-04-05T05:09:36,-2.049827,-112.635033,31.1,12.18,72.4,9,1.3,47.3,3.824,-10.2,0,1,5507
2026-04-05T05:10:04,-2.049381,-112.633507,34.0,12.12,70.2,9,1.3,47.3,3.819,-10.2,0,1,5508
2026-04-05T05:10:33,-2.048897,-112.631973,29.2,12.22,70.7,9,1.3,47.7,3.822,-10.2,0,1,5509
2026-04-05T05:11:01,-2.048450,-112.630493,29.3,11.67,76.9,9,1.3,46.9,3.815,-10.8,0,1,5510
2026-04-05T05:11:29,-2.048005,-112.628967,26.9,11.74,70.9,9,1.3,47.3,3.818,-10.2,0,1,5511
2026-04-05T05:11:58,-2.047568,-112.627419,22.7,12.54,73.3,9,1.3,47.3,3.822,-10.2,0,1,5512
2026-04-05T05:12:26,-2.047085,-112.625870,20.5,11.68,69.9,9,1.3,47.3,3.815,-10.2,0,1,5513
2026-04-05T05:12:54,-2.046615,-112.624382,23.3,11.43,71.2,8,1.4,47.3,3.821,-10.2,0,1,5514
2026-04-05T05:13:23,-2.046078,-112.622795,26.0,12.31,77.1,9,1.3,47.7,3.821,-10.2,0,1,5515
2026-04-05T05:13:51,-2.045608,-112.621284,20.7,12.55,72.1,9,1.3,46.9,3.822,-10.8,0,1,5516
2026-04-05T05:14:19,-2.045140,-112.619812,25.1,12.39,69.1,9,1.3,47.3,3.819,-10.2,0,1,5517
2026-04-05T05:14:48,-2.044772,-112.618187,13.3,11.85,79.7,9,1.3,47.3,3.822,-10.2,0,1,5518
2026-04-05T05:15:16,-2.044305,-112.616714,18.7,12.40,72.4,9,1.3,46.9,3.820,-10.8,0,1,5519
2026-04-05T05:15:44,-2.043707,-112.615219,16.4,11.58,73.1,9,1.3,47.3,3.818,-10.2,0,1,5520
2026-04-05T05:16:13,-2.043277,-112.613670,17.0,12.49,73.7,9,1.3,48.1,3.821,-10.4,0,1,5521
2026-04-05T05:16:41,-2.042848,-112.612137,19.3,12.47,68.6,9,1.3,46.5,3.821,-11.0,0,1,5522
2026-04-05T05:17:09,-2.042343,-112.610634,18.2,12.45,72.5,9,1.3,46.9,3.818,-10.8,0,1,5523
2026-04-05T05:17:38,-2.041862,-112.609039,21.0,12.04,73.9,9,1.3,47.3,3.821,-10.2,0,1,5524
2026-04-05T05:18:06,-2.041470,-112.607536,23.7,11.93,70.9,9,1.3,46.9,3.822,-10.8,0,1,5525
2026-04-05T05:18:34,-2.041100,-112.606041,27.8,12.04,77.2,9,1.3,47.3,3.818,-10.2,0,1,5526
2026-04-05T05:19:03,-2.040653,-112.604431,26.4,12.20,70.6,9,1.3,47.3,3.820,-10.2,0,1,5527
2026-04-05T05:19:31,-2.040217,-112.602890,30.4,12.11,74.0,8,1.5,47.3,3.821,-10.2,0,1,5528
2026-04-05T05:19:59,-2.039775,-112.601372,34.4,12.04,79.9,9,1.3,46.9,3.819,-10.8,0,1,5529
2026-04-05T05:20:28,-2.039312,-112.599770,30.5,12.25,70.7,9,1.3,47.3,3.820,-10.2,0,1,5530
2026-04-05T05:20:56,-2.038972,-112.598297,34.2,11.95,75.4,9,1.3,46.1,3.821,-10.8,0,1,5531
2026-04-05T05:21:24,-2.038480,-112.596802,36.3,11.77,70.9,9,1.3,47.3,3.819,-10.2,0,1,5532
2026-04-05T05:21:53,-2.038030,-112.595215,32.4,12.71,70.2,9,1.3,46.5,3.820,-11.0,0,1,5533
2026-04-05T05:22:21,-2.037645,-112.593651,26.9,12.55,72.0,9,1.3,46.9,3.820,-10.8,0,1,5534
2026-04-05T05:22:49,-2.037177,-112.592155,29.9,12.09,72.6,9,1.3,46.9,3.821,-10.8,0,1,5535
2026-04-05T05:23:18,-2.036630,-112.590630,33.7,12.27,78.6,9,1.3,46.5,3.820,-11.0,0,1,5536
2026-04-05T05:23:46,-2.036322,-112.589043,34.7,12.10,75.9,9,1.3,46.1,3.821,-10.8,0,1,5537
2026-04-05T05:24:14,-2.035965,-112.587517,39.6,11.82,74.0,9,1.3,46.5,3.819,-11.0,0,1,5538
2026-04-05T05:24:43,-2.035575,-112.585892,28.5,12.23,79.5,9,1.3,46.5,3.819,-11.0,0,1,5539
2026-04-05T05:25:11,-2.034978,-112.584488,29.4,12.13,78.5,9,1.3,45.7,3.813,-10.8,0,1,5540
2026-04-05T05:25:39,-2.034543,-112.582962,32.4,12.56,74.7,9,1.3,46.5,3.815,-11.0,0,1,5541
2026-04-05T05:26:08,-2.034237,-112.581322,28.8,12.11,72.1,9,1.3,46.9,3.818,-10.8,0,1,5542
2026-04-05T05:26:36,-2.033833,-112.579803,26.8,11.85,79.3,9,1.3,46.1,3.819,-10.8,0,1,5543
2026-04-05T05:27:04,-2.033358,-112.578331,30.7,11.61,76.0,9,1.3,45.7,3.819,-10.8,0,1,5544
2026-04-05T05:27:33,-2.032848,-112.576752,29.6,11.86,73.9,9,1.3,46.9,3.819,-10.8,0,1,5545
2026-04-05T05:28:01,-2.032490,-112.575203,31.0,11.76,67.6,9,1.3,46.1,3.819,-10.8,0,1,5546
2026-04-05T05:28:29,-2.032077,-112.573708,31.3,12.18,74.0,9,1.3,46.1,3.819,-10.8,0,1,5547
2026-04-05T05:28:58,-2.031567,-112.572121,27.4,13.28,74.8,9,1.3,46.1,3.818,-10.8,0,1,5548
2026-04-05T05:29:26,-2.031067,-112.570641,25.5,11.67,69.7,9,1.3,46.1,3.818,-10.8,0,1,5549
2026-04-05T05:29:54,-2.030710,-112.569038,16.3,12.57,76.6,9,1.3,46.5,3.816,-11.0,0,1,5550
2026-04-05T05:30:23,-2.030358,-112.567375,15.4,12.22,80.7,9,1.3,46.1,3.819,-10.8,0,1,5551
2026-04-05T05:30:51,-2.029937,-112.565834,13.0,12.08,78.2,9,1.3,45.7,3.818,-10.8,0,1,5552
2026-04-05T05:31:19,-2.029535,-112.564278,10.7,12.13,76.0,9,1.3,45.7,3.819,-10.8,0,1,5553
2026-04-05T05:31:48,-2.029033,-112.562714,17.3,12.86,74.9,9,1.3,46.1,3.818,-10.8,0,1,5554
2026-04-05T05:32:16,-2.028532,-112.561180,21.2,12.92,70.7,9,1.3,46.1,3.818,-10.8,0,1,5555
2026-04-05T05:32:44,-2.028062,-112.559715,22.1,11.28,75.7,9,1.3,45.3,3.818,-11.0,0,1,5556
2026-04-05T05:33:13,-2.027507,-112.558121,20.5,11.86,76.4,9,1.3,45.7,3.816,-10.8,0,1,5557
2026-04-05T05:33:41,-2.027078,-112.556541,22.2,12.07,79.0,9,1.3,45.3,3.818,-11.0,0,1,5558
2026-04-05T05:34:09,-2.026738,-112.554932,20.3,12.48,81.0,9,1.3,45.3,3.814,-11.0,0,1,5559
2026-04-05T05:34:38,-2.026435,-112.553268,16.1,12.23,83.4,9,1.3,45.7,3.818,-10.8,0,1,5560
2026-04-05T05:35:06,-2.025935,-112.551720,15.9,13.19,72.4,9,2.1,46.1,3.807,-10.8,0,1,5561
2026-04-05T05:35:34,-2.025455,-112.550194,17.4,11.75,78.8,9,1.3,45.7,3.813,-10.8,0,1,5562
2026-04-05T05:36:03,-2.024910,-112.548622,24.6,13.24,75.0,9,1.3,45.7,3.815,-10.8,0,1,5563
2026-04-05T05:36:31,-2.024345,-112.547127,26.7,11.68,71.7,9,1.3,45.3,3.815,-11.0,0,1,5564
2026-04-05T05:36:59,-2.024057,-112.545509,21.8,11.71,72.9,9,1.3,45.3,3.816,-11.0,0,1,5565
2026-04-05T05:37:28,-2.023622,-112.543869,20.8,12.69,79.3,8,1.4,45.3,3.815,-11.0,0,1,5566
2026-04-05T05:37:56,-2.022998,-112.542374,22.5,10.67,70.8,9,1.3,45.3,3.815,-11.0,0,1,5567
2026-04-05T05:38:24,-2.022647,-112.540802,23.9,11.84,71.4,9,1.3,45.3,3.815,-11.0,0,1,5568
2026-04-05T05:38:53,-2.022218,-112.539162,26.0,13.08,75.4,8,2.2,45.3,3.815,-11.0,0,1,5569
2026-04-05T05:39:21,-2.021821,-112.537598,18.8,12.54,74.7,9,1.3,45.3,3.816,-11.0,0,1,5570
2026-04-05T05:39:49,-2.021383,-112.536079,21.5,11.88,82.6,9,1.3,45.3,3.816,-11.0,0,1,5571
2026-04-05T05:40:18,-2.020847,-112.534531,18.5,11.91,79.7,8,2.2,46.1,3.816,-10.8,0,1,5572
2026-04-05T05:40:46,-2.020497,-112.532913,18.8,13.11,72.2,9,2.2,45.3,3.816,-11.0,0,1,5573
2026-04-05T05:41:14,-2.019853,-112.531509,21.6,12.58,70.9,8,2.2,45.7,3.816,-10.8,0,1,5574
2026-04-05T05:41:43,-2.019348,-112.529922,23.3,13.06,75.4,9,1.3,45.7,3.814,-10.8,0,1,5575
2026-04-05T05:42:11,-2.018858,-112.528397,24.6,12.73,73.9,9,1.3,44.9,3.814,-10.8,0,1,5576
2026-04-05T05:42:39,-2.018452,-112.526848,22.2,12.87,75.4,9,1.3,45.3,3.814,-11.0,0,1,5577
2026-04-05T05:43:08,-2.017978,-112.525246,27.6,11.65,76.4,9,1.3,45.7,3.815,-10.8,0,1,5578
2026-04-05T05:43:36,-2.017495,-112.523674,31.3,12.89,75.8,9,1.3,44.9,3.815,-10.8,0,1,5579
2026-04-05T05:44:04,-2.017025,-112.522125,36.7,12.69,74.6,9,1.3,44.5,3.815,-10.8,0,1,5580
2026-04-05T05:44:33,-2.016468,-112.520561,33.3,12.67,68.4,9,1.3,44.9,3.815,-10.8,0,1,5581
2026-04-05T05:45:01,-2.016117,-112.518967,33.0,12.26,71.0,8,1.3,44.5,3.815,-10.8,0,1,5582
2026-04-05T05:45:29,-2.015725,-112.517426,35.3,12.67,77.0,8,1.3,44.9,3.814,-10.8,0,1,5583
2026-04-05T05:45:58,-2.015290,-112.515778,29.9,12.68,74.2,7,2.3,45.3,3.814,-11.0,0,1,5584
2026-04-05T05:46:26,-2.014908,-112.514214,26.6,11.78,72.6,8,1.2,44.9,3.814,-10.8,0,1,5585
2026-04-05T05:46:54,-2.014445,-112.512688,27.9,11.81,74.1,8,1.2,45.7,3.815,-10.8,0,1,5586
2026-04-05T05:47:23,-2.013940,-112.511101,28.5,12.55,73.2,8,1.2,44.9,3.815,-10.8,0,1,5587
2026-04-05T05:47:51,-2.013552,-112.509552,29.4,12.13,77.2,7,2.3,44.1,3.809,-11.0,0,1,5588
2026-04-05T05:48:19,-2.013137,-112.507980,28.9,12.32,73.2,7,2.3,44.9,3.814,-10.8,0,1,5589
2026-04-05T05:48:48,-2.012861,-112.506332,23.3,11.90,77.2,7,2.4,44.5,3.816,-10.8,0,1,5590
2026-04-05T05:49:16,-2.012407,-112.504807,21.3,12.23,73.3,8,1.2,44.5,3.814,-10.8,0,1,5591
2026-04-05T05:49:44,-2.011907,-112.503258,25.5,12.25,76.0,8,1.2,44.5,3.814,-10.8,0,1,5592
2026-04-05T05:50:13,-2.011465,-112.501656,23.7,12.10,76.8,7,2.4,44.9,3.814,-10.8,0,1,5593
2026-04-05T05:50:41,-2.011022,-112.500099,23.3,12.46,73.1,7,2.4,44.5,3.813,-10.8,0,1,5594
2026-04-05T05:51:09,-2.010537,-112.498558,27.4,12.55,78.6,7,2.4,44.9,3.813,-10.8,0,1,5595
2026-04-05T05:51:38,-2.010008,-112.496971,32.9,13.04,79.8,7,2.4,44.5,3.811,-10.8,0,1,5596
2026-04-05T05:52:06,-2.009517,-112.495453,36.4,12.51,74.8,7,2.4,43.6,3.814,-10.8,0,1,5597
2026-04-05T05:52:34,-2.009171,-112.493904,37.6,12.47,78.4,8,1.2,44.9,3.813,-10.8,0,1,5598
2026-04-05T05:53:03,-2.008730,-112.492287,35.5,12.45,76.9,7,2.4,44.5,3.814,-10.8,0,1,5599
2026-04-05T05:53:31,-2.008237,-112.490753,36.0,12.22,72.1,8,1.2,44.1,3.810,-11.0,0,1,5600
2026-04-05T05:53:59,-2.007763,-112.489189,39.5,12.61,66.4,8,1.2,44.1,3.810,-11.0,0,1,5601
2026-04-05T05:54:28,-2.007315,-112.487602,40.7,12.22,76.7,7,2.4,44.5,3.811,-10.8,0,1,5602
2026-04-05T05:54:56,-2.006804,-112.486092,45.0,11.80,79.5,8,1.2,44.5,3.814,-10.8,0,1,5603
2026-04-05T05:55:24,-2.006385,-112.484558,49.6,12.39,73.7,8,1.2,43.6,3.809,-10.8,0,1,5604
2026-04-05T05:55:53,-2.005924,-112.483025,45.8,12.35,75.1,7,2.3,44.5,3.813,1183.7,0,1,5605
2026-04-05T05:56:21,-2.005475,-112.481430,43.0,12.51,75.0,6,2.4,43.2,3.801,-11.0,0,1,5606
2026-04-05T05:56:49,-2.005038,-112.479843,45.3,12.59,71.7,6,2.4,43.6,3.813,-10.8,0,1,5607
2026-04-05T05:57:18,-2.004652,-112.478249,46.2,12.94,73.3,7,2.3,44.1,3.814,-11.0,0,1,5608
2026-04-05T05:57:46,-2.004177,-112.476700,48.1,12.26,75.0,7,2.3,44.1,3.805,-11.0,0,1,5609
2026-04-05T05:58:14,-2.003561,-112.475227,49.9,12.31,80.0,8,1.2,43.2,3.810,-11.0,0,1,5610
2026-04-05T05:58:43,-2.003114,-112.473625,50.9,11.98,78.2,7,2.3,44.5,3.811,-10.8,0,1,5611
2026-04-05T05:59:11,-2.002515,-112.472130,50.9,12.79,71.7,8,1.3,43.6,3.811,-10.8,0,1,5612
2026-04-05T05:59:39,-2.002007,-112.470604,52.2,12.97,76.4,8,1.3,44.5,3.811,-10.8,0,1,5613
2026-04-05T06:00:08,-2.001657,-112.468925,49.6,12.73,75.2,8,1.3,43.6,3.810,-10.8,0,1,5614
2026-04-05T06:00:36,-2.001297,-112.467430,44.9,12.95,78.6,7,2.3,43.2,3.811,-11.0,0,1,5615
2026-04-05T06:01:04,-2.000988,-112.465897,37.2,12.38,77.6,6,2.9,44.1,3.811,-11.0,0,1,5616
2026-04-05T06:01:33,-2.000387,-112.464348,33.6,12.15,73.3,6,2.9,44.1,3.810,-11.0,0,1,5617
2026-04-05T06:02:02,-2.000078,-112.462708,31.2,12.41,79.4,6,2.9,43.6,3.807,-10.8,0,1,5618
2026-04-05T06:02:30,-1.999572,-112.461143,29.2,12.10,70.8,7,2.7,43.6,3.813,-10.8,0,1,5619
2026-04-05T06:02:59,-1.999165,-112.459518,24.6,11.98,77.6,7,2.7,44.1,3.806,-11.0,0,1,5620
2026-04-05T06:03:27,-1.998738,-112.458023,19.8,11.70,74.9,7,2.7,43.2,3.810,-11.0,0,1,5621
2026-04-05T06:03:56,-1.998217,-112.456436,22.2,12.81,75.6,7,2.7,44.1,3.806,-11.0,0,1,5622
2026-04-05T06:04:24,-1.997765,-112.454941,27.3,10.77,66.8,7,2.6,42.8,3.810,-10.8,0,1,5623
2026-04-05T06:04:53,-1.997352,-112.453300,30.9,11.57,71.8,7,2.6,42.8,3.810,-10.8,0,1,5624
2026-04-05T06:05:21,-1.996867,-112.451736,30.5,11.32,68.4,7,2.6,43.6,3.810,-10.8,0,1,5625
2026-04-05T06:05:49,-1.996442,-112.450150,31.9,11.95,66.8,7,2.6,43.2,3.810,-11.0,0,1,5626
2026-04-05T06:06:18,-1.995957,-112.448547,32.8,12.65,72.2,7,2.6,43.6,3.810,-10.8,0,1,5627
2026-04-05T06:06:46,-1.995543,-112.446976,33.5,13.03,78.4,7,2.6,42.8,3.809,-10.8,0,1,5628
2026-04-05T06:07:14,-1.995158,-112.445374,30.7,12.30,76.4,7,2.6,42.8,3.805,-10.8,0,1,5629
2026-04-05T06:07:43,-1.994633,-112.443779,32.6,12.51,74.2,7,2.5,43.6,3.809,-10.8,0,1,5630
2026-04-05T06:08:11,-1.994155,-112.442253,31.3,12.80,74.8,7,2.5,42.0,3.810,-11.0,0,1,5631
2026-04-05T06:08:39,-1.993630,-112.440781,32.0,11.83,76.1,7,2.5,43.6,3.806,-10.8,0,1,5632
2026-04-05T06:09:08,-1.993133,-112.439194,31.3,11.97,71.8,7,2.5,43.2,3.809,-11.0,0,1,5633
2026-04-05T06:09:36,-1.992793,-112.437553,21.4,12.95,76.0,7,2.5,42.8,3.809,-10.8,0,1,5634
2026-04-05T06:10:04,-1.992333,-112.436043,27.4,11.46,69.3,7,2.5,42.4,3.807,-10.8,0,1,5635
2026-04-05T06:10:33,-1.991747,-112.434509,37.6,12.73,73.5,8,2.0,43.6,3.809,1161.9,0,1,5636
2026-04-05T06:11:01,-1.991108,-112.433022,44.5,12.58,68.5,8,2.0,42.8,3.809,-10.8,0,1,5637
2026-04-05T06:11:29,-1.990533,-112.431564,53.8,12.12,70.2,8,2.0,42.8,3.805,-10.8,0,1,5638
2026-04-05T06:11:58,-1.990028,-112.429962,49.6,12.15,72.2,8,2.0,42.8,3.809,-10.8,0,1,5639
2026-04-05T06:12:26,-1.989663,-112.428375,36.5,12.63,66.3,8,2.0,42.8,3.807,-10.8,0,1,5640
2026-04-05T06:12:54,-1.989308,-112.426804,35.7,12.94,69.9,8,2.0,42.8,3.809,-10.8,0,1,5641
2026-04-05T06:13:23,-1.988903,-112.425156,24.3,12.95,75.4,8,2.0,42.8,3.809,-10.8,0,1,5642
2026-04-05T06:13:51,-1.988417,-112.423668,27.3,12.51,77.0,8,2.0,42.4,3.807,-10.8,0,1,5643
2026-04-05T06:14:19,-1.988035,-112.422058,25.0,12.14,77.9,7,2.2,42.4,3.809,-10.8,0,1,5644
2026-04-05T06:14:48,-1.987572,-112.420479,12.9,11.94,69.4,8,1.9,42.8,3.807,-10.8,0,1,5645
2026-04-05T06:15:16,-1.987105,-112.418907,20.7,12.84,77.0,8,1.9,42.4,3.800,-10.8,0,1,5646
2026-04-05T06:15:44,-1.986613,-112.417381,21.1,12.45,73.9,8,1.9,42.4,3.803,-10.8,0,1,5647
2026-04-05T06:16:13,-1.986107,-112.415779,16.4,12.71,73.2,8,1.9,42.4,3.805,-10.8,0,1,5648
2026-04-05T06:16:41,-1.985773,-112.414169,8.1,13.47,80.3,8,1.9,42.0,3.807,-11.0,0,1,5649
2026-04-05T06:17:09,-1.985368,-112.412605,8.5,12.20,80.7,8,1.9,42.0,3.806,-11.0,0,1,5650
2026-04-05T06:17:38,-1.984882,-112.410980,9.3,13.00,75.1,8,1.9,42.4,3.806,-10.8,0,1,5651
2026-04-05T06:18:06,-1.984392,-112.409470,9.3,12.78,76.3,8,1.9,42.4,3.805,-10.8,0,1,5652
2026-04-05T06:18:34,-1.983993,-112.407860,15.0,13.33,73.1,8,1.9,42.0,3.806,-11.0,0,1,5653
2026-04-05T06:19:03,-1.983535,-112.406326,8.0,13.14,67.0,8,1.9,43.2,3.806,-11.0,0,1,5654
2026-04-05T06:19:31,-1.982938,-112.404785,18.8,12.48,72.2,8,1.8,41.6,3.800,-10.8,0,1,5655
2026-04-05T06:19:59,-1.982483,-112.403305,23.2,11.92,76.8,8,1.4,41.6,3.807,-10.8,0,1,5656
2026-04-05T06:20:28,-1.981950,-112.401718,25.4,12.03,77.4,9,1.3,42.4,3.804,-10.8,0,1,5657
2026-04-05T06:20:56,-1.981523,-112.400139,18.1,11.93,68.1,10,1.2,42.0,3.806,-11.0,0,1,5658
2026-04-05T06:21:24,-1.981165,-112.398567,25.9,12.60,79.2,9,1.3,42.0,3.805,-11.0,0,1,5659
2026-04-05T06:21:53,-1.980622,-112.397018,26.0,12.80,69.9,10,1.2,42.4,3.806,-10.8,0,1,5660
2026-04-05T06:22:21,-1.980132,-112.395470,24.6,12.20,75.5,10,1.2,41.6,3.801,-10.8,0,1,5661
2026-04-05T06:22:49,-1.979742,-112.393883,18.6,12.88,80.8,10,1.2,42.8,3.805,-10.8,0,1,5662
2026-04-05T06:23:18,-1.979247,-112.392258,19.7,12.60,74.8,8,1.8,42.0,3.803,-11.0,0,1,5663
2026-04-05T06:23:46,-1.978945,-112.390717,11.7,13.13,74.5,10,1.2,41.2,3.803,-10.8,0,1,5664
2026-04-05T06:24:14,-1.978530,-112.389084,17.8,12.48,69.1,10,1.2,42.0,3.804,-11.0,0,1,5665
2026-04-05T06:24:43,-1.978030,-112.387405,24.1,12.88,69.5,10,1.2,42.0,3.804,-11.0,0,1,5666
2026-04-05T06:25:11,-1.977627,-112.385834,22.1,12.55,71.6,9,1.6,41.2,3.796,-10.8,0,1,5667
2026-04-05T06:25:39,-1.977173,-112.384254,22.4,12.77,73.6,10,1.2,41.2,3.803,-10.8,0,1,5668
2026-04-05T06:26:08,-1.976738,-112.382668,16.3,12.69,74.7,10,1.2,41.6,3.804,-10.8,0,1,5669
2026-04-05T06:26:36,-1.976335,-112.381058,13.5,12.52,76.0,9,1.6,42.0,3.805,-11.0,0,1,5670
2026-04-05T06:27:04,-1.975893,-112.379547,8.5,12.93,74.2,10,1.1,41.6,3.804,-10.8,0,1,5671
2026-04-05T06:27:33,-1.975383,-112.377998,9.0,11.85,75.3,9,1.5,41.6,3.805,-10.8,0,1,5672
2026-04-05T06:28:01,-1.974840,-112.376450,14.1,13.16,75.9,9,1.5,41.6,3.804,-10.8,0,1,5673
2026-04-05T06:28:29,-1.974388,-112.374908,10.5,12.42,70.6,9,1.5,41.2,3.804,-10.8,0,1,5674
2026-04-05T06:28:58,-1.973928,-112.373299,11.1,12.43,77.8,8,1.6,41.2,3.804,-10.8,0,1,5675
2026-04-05T06:29:26,-1.973497,-112.371765,7.6,13.29,78.7,9,1.1,40.5,3.799,-9.6,0,1,5676
2026-04-05T06:29:54,-1.972975,-112.370262,19.2,13.18,68.9,10,1.1,41.2,3.799,-10.8,0,1,5677
2026-04-05T06:30:23,-1.972455,-112.368706,32.8,12.29,70.7,8,1.7,41.6,3.805,-10.8,0,1,5678
2026-04-05T06:30:51,-1.971955,-112.367157,36.9,12.44,68.9,9,1.5,40.8,3.803,-9.8,0,1,5679
2026-04-05T06:31:19,-1.971532,-112.365593,39.7,11.89,78.9,9,1.5,40.8,3.804,-9.8,0,1,5680
2026-04-05T06:31:48,-1.970958,-112.364021,51.5,11.82,73.0,9,1.5,41.6,3.804,-10.8,0,1,5681
2026-04-05T06:32:16,-1.970502,-112.362480,54.9,12.84,75.7,9,1.5,41.2,3.803,-10.8,0,1,5682
2026-04-05T06:32:44,-1.970018,-112.360947,64.1,12.16,74.4,9,1.5,40.8,3.804,-9.8,0,1,5683
2026-04-05T06:33:13,-1.969553,-112.359375,62.8,12.51,71.2,9,1.5,42.4,3.804,-10.8,0,1,5684
2026-04-05T06:33:41,-1.969095,-112.357864,68.4,11.54,76.8,8,1.6,40.5,3.796,-9.6,0,1,5685
2026-04-05T06:34:09,-1.968693,-112.356300,68.0,12.65,72.9,7,3.2,40.5,3.803,-9.6,0,1,5686
2026-04-05T06:34:38,-1.968260,-112.354660,64.4,12.30,77.4,8,1.6,41.6,3.801,-10.8,0,1,5687
2026-04-05T06:35:06,-1.967838,-112.353111,65.4,13.23,65.1,9,1.5,41.2,3.797,-10.8,0,1,5688
2026-04-05T06:35:34,-1.967353,-112.351601,62.4,12.04,79.6,8,1.7,41.2,3.801,-10.8,0,1,5689
2026-04-05T06:36:03,-1.966907,-112.349991,62.9,12.23,75.3,8,1.7,41.2,3.803,-10.8,0,1,5690
2026-04-05T06:36:31,-1.966507,-112.348457,69.1,12.22,76.6,9,1.4,40.8,3.794,-9.8,0,1,5691
2026-04-05T06:36:59,-1.965993,-112.346909,69.0,12.31,70.6,9,1.4,41.2,3.803,-10.8,0,1,5692
2026-04-05T06:37:28,-1.965700,-112.345268,60.0,12.32,76.2,8,1.6,41.2,3.803,-10.8,0,1,5693
2026-04-05T06:37:56,-1.965228,-112.343697,63.5,12.64,74.0,9,1.4,40.8,3.803,-9.8,0,1,5694
2026-04-05T06:38:24,-1.964708,-112.342155,71.0,12.52,67.2,9,1.4,41.6,3.800,-10.8,0,1,5695
2026-04-05T06:38:53,-1.964182,-112.340584,73.9,11.50,66.8,8,1.6,40.8,3.801,-9.8,0,1,5696
2026-04-05T06:39:21,-1.963800,-112.339035,60.2,13.14,66.1,7,3.7,40.5,3.803,-9.6,0,1,5697
2026-04-05T06:39:49,-1.963378,-112.337456,58.7,11.50,74.0,9,1.4,40.8,3.799,-9.8,0,1,5698
2026-04-05T06:40:18,-1.962932,-112.335861,54.1,12.31,72.7,8,2.2,41.2,3.800,-10.8,0,1,5699
2026-04-05T06:40:46,-1.962422,-112.334312,61.4,12.72,72.3,8,1.6,40.5,3.796,-9.6,0,1,5700
2026-04-05T06:41:14,-1.962043,-112.332764,58.0,12.09,72.2,8,1.6,40.5,3.800,-9.6,0,1,5701
2026-04-05T06:41:43,-1.961575,-112.331146,49.7,12.11,73.0,8,1.6,40.5,3.801,-9.6,0,1,5702
2026-04-05T06:42:11,-1.961070,-112.329636,54.6,13.31,75.6,8,1.6,40.5,3.800,-9.6,0,1,5703
2026-04-05T06:42:39,-1.960625,-112.328117,44.7,12.30,71.1,8,1.6,40.1,3.800,-9.6,0,1,5704
2026-04-05T06:43:08,-1.960148,-112.326530,47.0,12.12,71.6,8,1.6,40.1,3.801,-9.6,0,1,5705
2026-04-05T06:43:36,-1.959650,-112.325043,45.6,11.84,73.0,9,1.4,40.1,3.795,-9.6,0,1,5706
2026-04-05T06:44:04,-1.959222,-112.323509,47.2,11.83,70.2,8,1.6,40.5,3.800,-9.6,0,1,5707
2026-04-05T06:44:33,-1.958773,-112.321922,49.2,12.19,72.0,8,1.6,40.5,3.801,-9.6,0,1,5708
2026-04-05T06:45:01,-1.958315,-112.320412,53.8,12.07,72.2,7,1.6,40.1,3.797,-9.6,0,1,5709
2026-04-05T06:45:29,-1.957817,-112.318810,51.2,12.70,71.5,7,1.6,40.1,3.795,-9.6,0,1,5710
2026-04-05T06:45:58,-1.957458,-112.317261,47.1,12.02,70.4,7,1.6,40.8,3.799,-9.8,0,1,5711
2026-04-05T06:46:26,-1.957082,-112.315697,41.0,12.54,74.1,8,1.4,40.1,3.801,-9.6,0,1,5712
2026-04-05T06:46:54,-1.956603,-112.314125,39.0,11.76,73.2,8,1.4,40.1,3.799,-9.6,0,1,5713
2026-04-05T06:47:23,-1.956207,-112.312538,34.8,12.13,79.3,9,1.4,40.8,3.800,-9.8,0,1,5714
2026-04-05T06:47:51,-1.955727,-112.311012,38.1,12.91,73.1,9,1.4,40.1,3.793,-9.6,0,1,5715
2026-04-05T06:48:19,-1.955305,-112.309502,35.0,11.97,73.2,9,1.4,40.5,3.801,-9.6,0,1,5716
2026-04-05T06:48:48,-1.954930,-112.307838,40.9,12.83,76.7,9,1.4,40.1,3.799,-9.6,0,1,5717
2026-04-05T06:49:16,-1.954353,-112.306343,53.2,12.90,68.5,9,1.3,39.7,3.800,-9.6,0,1,5718
2026-04-05T06:49:44,-1.953867,-112.304817,64.2,12.82,74.2,9,1.3,40.1,3.797,-9.6,0,1,5719
2026-04-05T06:50:13,-1.953395,-112.303185,65.2,13.09,69.7,9,1.3,40.8,3.799,-9.8,0,1,5720
2026-04-05T06:50:41,-1.952893,-112.301697,65.7,12.50,70.7,9,1.3,39.7,3.799,-9.6,0,1,5721
2026-04-05T06:51:09,-1.952435,-112.300125,68.4,12.38,77.2,9,1.3,40.5,3.794,-9.6,0,1,5722
2026-04-05T06:51:38,-1.952027,-112.298538,62.7,12.32,75.0,9,1.3,40.5,3.797,-9.6,0,1,5723
2026-04-05T06:52:06,-1.951530,-112.296997,68.4,12.37,71.4,9,1.3,39.4,3.799,-9.6,0,1,5724
2026-04-05T06:52:34,-1.951080,-112.295464,68.6,11.87,70.1,9,1.3,39.7,3.795,-9.6,0,1,5725
2026-04-05T06:53:03,-1.950707,-112.293823,59.0,12.67,75.3,9,1.3,40.1,3.799,-9.6,0,1,5726
2026-04-05T06:53:31,-1.950232,-112.292297,58.8,12.53,72.6,9,1.3,39.7,3.797,-9.6,0,1,5727
2026-04-05T06:53:59,-1.949792,-112.290764,61.6,12.55,71.9,9,1.3,39.7,3.795,-9.6,0,1,5728
2026-04-05T06:54:28,-1.949440,-112.289154,49.0,11.92,73.9,9,1.3,40.1,3.799,-9.6,0,1,5729
2026-04-05T06:54:56,-1.949083,-112.287613,40.8,13.16,69.7,9,1.3,39.7,3.799,-9.6,0,1,5730
2026-04-05T06:55:24,-1.948635,-112.286079,37.3,12.23,68.7,9,1.3,39.0,3.795,-9.6,0,1,5731
2026-04-05T06:55:53,-1.948120,-112.284531,43.6,12.21,67.1,9,1.3,39.7,3.797,-9.6,0,1,5732
2026-04-05T06:56:21,-1.947608,-112.283005,43.7,11.51,69.6,9,1.3,39.0,3.791,-9.6,0,1,5733
2026-04-05T06:56:49,-1.947210,-112.281487,38.8,12.67,73.9,9,1.3,39.4,3.799,-9.6,0,1,5734
2026-04-05T06:57:18,-1.946742,-112.279907,39.9,12.11,72.3,9,1.3,40.1,3.797,-9.6,0,1,5735
2026-04-05T06:57:46,-1.946318,-112.278374,37.1,12.78,76.0,9,1.3,39.0,3.797,-9.6,0,1,5736
2026-04-05T06:58:14,-1.945957,-112.276848,32.7,11.86,72.8,8,1.4,39.4,3.795,-9.6,0,1,5737
2026-04-05T06:58:43,-1.945540,-112.275276,31.9,11.74,71.7,7,1.4,39.7,3.797,-9.6,0,1,5738
2026-04-05T06:59:11,-1.945073,-112.273788,37.2,12.15,73.4,7,1.4,39.0,3.796,-9.6,0,1,5739
2026-04-05T06:59:39,-1.944585,-112.272308,45.1,11.91,71.5,7,1.4,39.7,3.797,-9.6,0,1,5740
2026-04-05T07:00:08,-1.944058,-112.270729,48.8,12.40,67.3,7,1.4,39.7,3.797,-9.6,0,1,5741
2026-04-05T07:00:36,-1.943653,-112.269196,47.6,12.76,73.2,7,1.4,39.0,3.796,-9.6,0,1,5742
2026-04-05T07:01:04,-1.943148,-112.267677,49.2,13.30,70.3,7,1.4,39.0,3.797,-9.6,0,1,5743
2026-04-05T07:01:33,-1.942718,-112.266113,45.7,12.11,73.7,7,1.4,39.4,3.797,-9.6,0,1,5744
2026-04-05T07:02:01,-1.942257,-112.264587,44.8,12.03,73.2,7,1.4,39.0,3.793,-9.6,0,1,5745
2026-04-05T07:02:29,-1.941868,-112.263039,40.8,12.45,72.8,7,1.4,39.4,3.796,-9.6,0,1,5746
2026-04-05T07:02:58,-1.941437,-112.261436,37.7,12.65,72.9,8,1.4,39.7,3.797,-9.6,0,1,5747
2026-04-05T07:03:26,-1.941020,-112.259926,39.9,12.29,76.6,7,1.4,39.4,3.796,-9.6,0,1,5748
2026-04-05T07:03:54,-1.940675,-112.258377,41.2,12.23,79.8,7,1.9,39.4,3.796,-9.6,0,1,5749
2026-04-05T07:04:23,-1.940227,-112.256744,39.1,12.15,71.2,6,2.0,39.0,3.797,-9.6,0,1,5750
2026-04-05T07:04:51,-1.939780,-112.255203,39.7,11.78,77.9,7,1.4,39.0,3.790,-9.6,0,1,5751
2026-04-05T07:05:19,-1.939330,-112.253670,39.1,12.39,72.3,5,2.1,38.7,3.796,-9.6,0,1,5752
2026-04-05T07:05:48,-1.938818,-112.252083,38.0,11.61,72.6,7,1.5,39.0,3.793,-9.6,0,1,5753
2026-04-05T07:06:16,-1.938443,-112.250534,35.1,12.08,75.1,6,1.5,38.7,3.796,-9.6,0,1,5754
2026-04-05T07:06:44,-1.937995,-112.248985,33.9,12.79,72.1,5,2.1,39.0,3.797,-9.6,0,1,5755
2026-04-05T07:07:13,-1.937588,-112.247383,31.9,12.87,72.8,5,2.1,38.7,3.795,-9.6,0,1,5756
2026-04-05T07:07:41,-1.937173,-112.245811,27.3,11.64,76.5,6,1.5,38.7,3.796,-9.6,0,1,5757
2026-04-05T07:08:09,-1.936790,-112.244240,24.1,12.20,71.5,5,2.1,39.0,3.795,-9.6,0,1,5758
2026-04-05T07:08:38,-1.936457,-112.242577,13.8,12.20,76.6,5,2.1,38.7,3.796,-9.6,0,1,5759
2026-04-05T07:09:06,-1.936087,-112.241051,0.2,11.23,73.0,5,2.1,38.7,3.789,-9.6,0,1,5760
2026-04-05T07:09:34,-1.935725,-112.239471,-7.7,11.99,72.6,6,2.0,38.7,3.791,-9.6,0,1,5761
2026-04-05T07:10:03,-1.935287,-112.237862,-15.5,12.35,73.4,6,2.0,39.0,3.791,-9.6,0,1,5762
2026-04-05T07:10:31,-1.934863,-112.236336,-18.9,10.17,74.1,6,2.0,38.7,3.787,-9.6,0,1,5763
2026-04-05T07:10:59,-1.934370,-112.234779,-22.0,12.13,70.9,6,2.0,38.3,3.795,-9.6,0,1,5764
2026-04-05T07:11:28,-1.933907,-112.233162,-22.3,11.96,73.7,6,2.0,38.7,3.795,-9.6,0,1,5765
2026-04-05T07:11:56,-1.933402,-112.231628,-21.9,14.32,72.3,6,2.0,38.7,3.795,-9.6,0,1,5766
2026-04-05T07:12:24,-1.932972,-112.230080,-19.9,12.47,73.8,6,2.0,39.0,3.794,-9.6,0,1,5767
2026-04-05T07:12:53,-1.932350,-112.228531,-8.0,12.44,70.3,6,2.0,38.7,3.795,-9.6,0,1,5768
2026-04-05T07:13:21,-1.931863,-112.227036,0.5,11.24,68.9,6,2.0,38.7,3.795,-9.6,0,1,5769
2026-04-05T07:13:49,-1.931273,-112.225510,15.5,13.48,68.3,6,2.0,38.7,3.794,-9.6,0,1,5770
2026-04-05T07:14:18,-1.930863,-112.223938,16.8,13.53,74.0,6,2.0,38.3,3.793,-9.6,0,1,5771
2026-04-05T07:14:46,-1.930378,-112.222389,20.6,11.47,68.3,7,1.5,37.9,3.795,-9.8,0,1,5772
2026-04-05T07:15:14,-1.929960,-112.220810,19.8,12.71,74.0,6,2.0,38.7,3.795,-9.6,0,1,5773
2026-04-05T07:15:43,-1.929335,-112.219238,24.2,13.08,69.3,8,1.3,38.7,3.795,-9.6,0,1,5774
2026-04-05T07:16:11,-1.928980,-112.217690,21.6,12.84,68.4,7,1.7,37.9,3.793,-9.8,0,1,5775
2026-04-05T07:16:39,-1.928447,-112.216141,23.8,13.22,70.2,7,1.7,39.0,3.794,-9.6,0,1,5776
2026-04-05T07:17:08,-1.927925,-112.214554,29.5,12.58,66.5,7,1.7,38.7,3.794,-9.6,0,1,5777
2026-04-05T07:17:36,-1.927433,-112.213028,26.0,14.02,74.2,8,1.3,38.3,3.786,-9.6,0,1,5778
2026-04-05T07:18:04,-1.927005,-112.211494,25.4,12.14,74.3,7,1.7,39.0,3.793,-9.6,0,1,5779
2026-04-05T07:18:33,-1.926550,-112.209908,27.6,12.32,73.6,7,1.7,38.3,3.793,-9.6,0,1,5780
2026-04-05T07:19:01,-1.926115,-112.208435,23.0,12.00,74.3,7,1.7,37.9,3.794,-9.8,0,1,5781
2026-04-05T07:19:29,-1.925690,-112.206902,22.0,12.29,76.5,7,1.7,37.9,3.794,-9.8,0,1,5782
2026-04-05T07:19:58,-1.925228,-112.205246,24.5,12.95,75.1,7,1.7,38.3,3.791,-9.6,0,1,5783
2026-04-05T07:20:26,-1.924825,-112.203728,16.7,12.05,75.0,7,1.7,37.9,3.794,-9.8,0,1,5784
2026-04-05T07:20:54,-1.924347,-112.202255,5.4,11.65,67.7,7,1.7,37.9,3.793,-9.8,0,1,5785
2026-04-05T07:21:23,-1.923875,-112.200638,9.3,13.07,68.2,7,1.7,38.7,3.790,-9.6,0,1,5786
2026-04-05T07:21:51,-1.923500,-112.199104,9.7,12.37,72.6,7,1.6,37.6,3.790,-9.6,0,1,5787
2026-04-05T07:22:19,-1.923070,-112.197594,-0.6,11.88,70.3,7,1.6,37.9,3.791,-9.8,0,1,5788
2026-04-05T07:22:48,-1.922598,-112.195969,0.4,12.41,69.1,7,1.6,38.3,3.794,-9.6,0,1,5789
2026-04-05T07:23:16,-1.922178,-112.194405,0.1,13.19,69.2,7,1.6,37.9,3.793,-9.8,0,1,5790
2026-04-05T07:23:44,-1.921783,-112.192856,-2.2,12.92,70.7,7,1.6,38.3,3.793,-9.6,0,1,5791
2026-04-05T07:24:13,-1.921338,-112.191307,0.9,12.05,70.0,7,1.6,38.3,3.791,-9.6,0,1,5792
2026-04-05T07:24:41,-1.920880,-112.189758,-4.9,12.36,73.7,7,1.6,37.9,3.784,-9.8,0,1,5793
2026-04-05T07:25:09,-1.920448,-112.188225,-9.3,12.00,71.0,7,1.6,37.6,3.791,-9.6,0,1,5794
2026-04-05T07:25:38,-1.920065,-112.186569,-14.5,12.06,71.5,7,1.6,38.7,3.791,-9.6,0,1,5795
2026-04-05T07:26:06,-1.919698,-112.185013,-9.8,11.05,74.3,7,1.6,37.6,3.784,-9.6,0,1,5796
2026-04-05T07:26:34,-1.919198,-112.183426,0.1,12.99,70.1,7,1.6,37.9,3.791,-9.8,0,1,5797
2026-04-05T07:27:03,-1.918747,-112.181923,-2.1,11.84,73.1,7,1.6,38.3,3.787,-9.6,0,1,5798
2026-04-05T07:27:31,-1.918303,-112.180351,8.0,11.22,74.6,7,1.6,37.2,3.790,-9.6,0,1,5799
2026-04-05T07:27:59,-1.917863,-112.178856,-1.6,12.11,73.2,7,1.6,37.6,3.783,-9.6,0,1,5800
2026-04-05T07:28:28,-1.917485,-112.177269,-13.6,12.01,78.1,7,1.6,37.9,3.790,-9.8,0,1,5801
2026-04-05T07:28:56,-1.917043,-112.175720,-7.1,11.72,68.0,7,1.6,37.2,3.791,-9.6,0,1,5802
2026-04-05T07:29:24,-1.916602,-112.174232,-15.1,12.06,75.9,7,1.6,37.6,3.784,-9.6,0,1,5803
2026-04-05T07:29:53,-1.916132,-112.172646,-19.4,12.61,72.2,7,1.6,37.9,3.787,-9.8,0,1,5804
2026-04-05T07:30:21,-1.915693,-112.171082,-13.7,13.02,75.1,7,1.6,37.2,3.791,-9.6,0,1,5805
2026-04-05T07:30:49,-1.915195,-112.169533,-13.5,12.02,75.0,7,1.6,37.6,3.790,-9.6,0,1,5806
2026-04-05T07:31:18,-1.914688,-112.167999,-8.4,12.58,74.4,7,1.5,37.2,3.790,-9.6,0,1,5807
2026-04-05T07:31:46,-1.914237,-112.166451,-8.3,12.66,74.2,7,1.5,36.9,3.783,-9.6,0,1,5808
2026-04-05T07:32:14,-1.913783,-112.164902,-4.5,12.70,73.5,7,1.5,37.2,3.790,-9.6,0,1,5809
2026-04-05T07:32:43,-1.913338,-112.163300,-6.6,13.05,69.6,7,1.5,37.6,3.790,-9.6,0,1,5810
2026-04-05T07:33:11,-1.912915,-112.161789,-12.7,12.39,73.4,7,1.5,37.2,3.787,-9.6,0,1,5811
2026-04-05T07:33:39,-1.912512,-112.160217,-6.4,11.95,76.4,7,1.5,37.2,3.790,-9.6,0,1,5812
2026-04-05T07:34:08,-1.912008,-112.158615,-2.1,11.83,74.2,7,1.5,37.6,3.790,-9.6,0,1,5813
2026-04-05T07:34:36,-1.911500,-112.157082,-1.8,12.31,72.4,7,1.5,37.6,3.791,-9.6,0,1,5814
2026-04-05T07:35:04,-1.911057,-112.155548,-3.7,12.56,71.8,7,1.5,36.9,3.789,-9.6,0,1,5815
2026-04-05T07:35:33,-1.910572,-112.153961,-0.7,11.51,70.6,7,1.5,37.6,3.791,-9.6,0,1,5816
2026-04-05T07:36:01,-1.910128,-112.152359,-0.5,12.39,78.0,7,1.5,36.5,3.789,-9.6,0,1,5817
2026-04-05T07:36:29,-1.909678,-112.150833,-3.2,12.38,71.8,7,1.5,36.9,3.790,-9.6,0,1,5818
2026-04-05T07:36:58,-1.909273,-112.149147,8.2,13.29,71.9,7,1.5,36.9,3.789,-9.6,0,1,5819
2026-04-05T07:37:26,-1.908792,-112.147598,11.1,12.30,78.0,7,1.5,36.9,3.783,-9.6,0,1,5820
2026-04-05T07:37:54,-1.908337,-112.146049,7.0,13.07,75.4,7,1.5,37.2,3.787,-9.6,0,1,5821
2026-04-05T07:38:23,-1.907788,-112.144447,6.8,12.58,72.1,7,1.5,36.9,3.789,-9.6,0,1,5822
2026-04-05T07:38:51,-1.907353,-112.142876,17.8,13.02,76.5,7,1.5,36.5,3.789,-9.6,0,1,5823
2026-04-05T07:39:19,-1.906898,-112.141335,11.6,12.03,70.6,7,1.5,36.9,3.789,-9.6,0,1,5824
2026-04-05T07:39:48,-1.906443,-112.139740,8.4,12.53,76.1,7,1.5,37.6,3.789,-9.6,0,1,5825
2026-04-05T07:40:16,-1.905980,-112.138153,2.8,12.81,73.2,8,1.4,36.5,3.789,-9.6,0,1,5826
2026-04-05T07:40:44,-1.905578,-112.136642,-5.5,11.70,78.8,8,1.4,36.5,3.789,-9.6,0,1,5827
2026-04-05T07:41:13,-1.905118,-112.135002,-8.6,12.30,75.3,8,1.4,36.9,3.787,-9.6,0,1,5828
2026-04-05T07:41:41,-1.904710,-112.133430,-21.1,13.20,76.4,8,1.4,36.5,3.783,-9.6,0,1,5829
2026-04-05T07:42:09,-1.904247,-112.131866,-13.7,12.43,73.6,8,1.4,36.9,3.781,-9.6,0,1,5830
2026-04-05T07:42:38,-1.903720,-112.130249,-6.9,12.45,72.3,8,1.4,37.2,3.785,-9.6,0,1,5831
2026-04-05T07:43:06,-1.903267,-112.128677,-2.8,11.67,77.8,8,1.4,36.1,3.779,-9.6,0,1,5832
2026-04-05T07:43:34,-1.902752,-112.127113,-3.7,12.77,70.3,8,1.4,36.5,3.789,-9.6,0,1,5833
2026-04-05T07:44:03,-1.902368,-112.125488,-18.6,12.91,77.4,7,1.4,36.5,3.784,-9.6,0,1,5834
2026-04-05T07:44:31,-1.901898,-112.123932,-20.4,12.33,75.4,8,1.4,36.1,3.779,-9.6,0,1,5835
2026-04-05T07:44:59,-1.901492,-112.122391,-24.3,12.23,73.2,8,1.4,37.2,3.784,-9.6,0,1,5836
2026-04-05T07:45:28,-1.901022,-112.120766,-18.5,11.94,75.5,8,1.4,36.9,3.783,-9.6,0,1,5837
2026-04-05T07:45:56,-1.900577,-112.119194,-20.3,12.41,77.1,8,1.6,36.5,3.787,-9.6,0,1,5838
2026-04-05T07:46:24,-1.900183,-112.117607,-13.5,12.54,75.2,8,1.4,36.5,3.780,-9.6,0,1,5839
2026-04-05T07:46:53,-1.899660,-112.115967,-1.2,12.65,74.8,8,1.4,36.5,3.783,-9.6,0,1,5840
2026-04-05T07:47:21,-1.899178,-112.114395,-2.7,12.18,76.3,8,1.4,36.1,3.785,-9.6,0,1,5841
2026-04-05T07:47:49,-1.898653,-112.112816,4.7,11.46,76.0,8,1.4,35.8,3.786,-9.6,0,1,5842
2026-04-05T07:48:18,-1.898140,-112.111206,5.2,10.76,68.8,8,1.4,37.2,3.783,-9.6,0,1,5843
2026-04-05T07:48:46,-1.897755,-112.109619,-2.7,11.94,79.5,8,1.4,36.1,3.780,-9.6,0,1,5844
2026-04-05T07:49:14,-1.897350,-112.108070,2.9,12.12,78.7,8,1.3,36.5,3.786,-9.6,0,1,5845
2026-04-05T07:49:43,-1.896877,-112.106430,0.5,12.34,79.7,7,1.4,36.5,3.786,-9.6,0,1,5846
2026-04-05T07:50:11,-1.896430,-112.104874,-7.5,11.81,76.3,8,1.3,36.5,3.786,-9.6,0,1,5847
2026-04-05T07:50:39,-1.896040,-112.103294,-8.8,11.07,84.6,8,1.3,36.5,3.783,-9.6,0,1,5848
2026-04-05T07:51:08,-1.895548,-112.101646,-4.7,12.11,72.7,7,1.4,37.2,3.785,-9.6,0,1,5849
2026-04-05T07:51:36,-1.894995,-112.100060,-7.2,13.15,73.2,7,1.4,35.8,3.784,-9.6,0,1,5850
2026-04-05T07:52:04,-1.894538,-112.098473,-13.3,12.97,68.9,7,1.3,35.8,3.785,-9.6,0,1,5851
2026-04-05T07:52:33,-1.894042,-112.096893,-15.0,12.03,73.8,7,1.4,36.1,3.781,-9.6,0,1,5852
2026-04-05T07:53:01,-1.893577,-112.095360,-12.7,12.12,71.5,7,1.4,35.8,3.786,-9.6,0,1,5853
2026-04-05T07:53:29,-1.893110,-112.093811,-8.8,12.35,80.3,7,1.4,36.1,3.780,-9.6,0,1,5854
2026-04-05T07:53:58,-1.892753,-112.092171,-8.0,12.21,73.8,8,1.3,36.1,3.781,-9.6,0,1,5855
2026-04-05T07:54:26,-1.892312,-112.090652,-11.5,11.91,76.4,8,1.3,35.4,3.785,-9.6,0,1,5856
2026-04-05T07:54:54,-1.891888,-112.089073,-8.2,12.57,73.8,8,1.3,35.8,3.780,-9.6,0,1,5857
2026-04-05T07:55:23,-1.891412,-112.087479,-5.2,11.67,71.0,9,1.3,35.8,3.783,-9.6,0,1,5858
2026-04-05T07:55:51,-1.890868,-112.085930,-6.7,11.88,67.7,8,1.3,35.1,3.786,-9.8,0,1,5859
2026-04-05T07:56:19,-1.890505,-112.084351,-10.1,12.45,74.7,8,1.3,35.8,3.781,-9.6,0,1,5860
2026-04-05T07:56:48,-1.889975,-112.082710,-6.8,12.17,72.5,8,1.3,36.1,3.780,-9.6,0,1,5861
2026-04-05T07:57:16,-1.889535,-112.081123,0.9,12.61,72.3,7,1.9,35.4,3.775,-9.6,0,1,5862
2026-04-05T07:57:44,-1.889040,-112.079514,7.6,12.16,70.6,7,1.9,35.1,3.777,-9.8,0,1,5863
2026-04-05T07:58:13,-1.888548,-112.077850,17.2,12.74,74.5,7,1.7,35.4,3.781,-9.6,0,1,5864
2026-04-05T07:58:41,-1.887955,-112.076363,18.0,11.03,69.8,9,1.3,35.4,3.783,-9.6,0,1,5865
2026-04-05T07:59:09,-1.887565,-112.074829,14.9,11.81,78.7,8,1.3,35.4,3.775,-9.6,0,1,5866
2026-04-05T07:59:38,-1.887200,-112.073181,8.1,11.76,66.2,7,1.7,35.8,3.781,-9.6,0,1,5867
2026-04-05T08:00:06,-1.886670,-112.071655,6.4,12.79,73.4,8,1.3,35.4,3.785,-9.6,0,1,5868
2026-04-05T08:00:34,-1.886217,-112.070084,13.3,11.39,71.5,8,1.3,35.8,3.784,-9.6,0,1,5869
2026-04-05T08:01:03,-1.885612,-112.068481,18.4,12.05,68.0,7,1.7,35.4,3.779,-9.6,0,1,5870
2026-04-05T08:01:31,-1.884955,-112.066956,24.5,13.14,72.6,8,1.3,35.4,3.783,-9.6,0,1,5871
2026-04-05T08:01:59,-1.884553,-112.065407,16.9,12.23,70.7,7,2.0,35.1,3.776,-9.8,0,1,5872
2026-04-05T08:02:28,-1.884080,-112.063782,17.1,12.70,72.4,8,1.3,35.8,3.780,-9.6,0,1,5873
2026-04-05T08:02:56,-1.883542,-112.062248,24.4,12.16,63.2,8,1.3,35.1,3.784,-9.8,0,1,5874
2026-04-05T08:03:24,-1.883003,-112.060593,29.5,13.34,66.2,7,1.7,35.8,3.775,-9.6,0,1,5875
2026-04-05T08:03:53,-1.882540,-112.058998,20.9,12.55,70.7,7,1.7,36.1,3.780,-9.6,0,1,5876
2026-04-05T08:04:21,-1.882148,-112.057457,14.5,11.56,76.5,8,1.3,35.1,3.777,-9.8,0,1,5877
2026-04-05T08:04:49,-1.881753,-112.055870,5.4,12.51,73.7,7,1.3,35.4,3.783,-9.6,0,1,5878
2026-04-05T08:05:18,-1.881200,-112.054245,4.8,11.34,67.6,8,1.9,35.1,3.779,-9.8,0,1,5879
2026-04-05T08:05:46,-1.880780,-112.052696,6.3,12.48,77.8,8,1.4,34.7,3.783,-9.6,0,1,5880
2026-04-05T08:06:14,-1.880312,-112.051094,11.3,11.61,71.9,8,1.3,35.4,3.784,-9.6,0,1,5881
2026-04-05T08:06:43,-1.879758,-112.049484,12.3,12.02,75.2,6,1.7,36.1,3.779,-9.6,0,1,5882
2026-04-05T08:07:11,-1.879363,-112.047951,11.7,11.52,74.6,9,1.3,34.7,3.781,-9.6,0,1,5883
2026-04-05T08:07:39,-1.878842,-112.046387,10.2,11.74,73.4,7,2.0,35.1,3.783,-9.8,0,1,5884
2026-04-05T08:08:08,-1.878372,-112.044838,10.9,12.20,78.7,6,3.0,35.4,3.777,-9.6,0,1,5885
2026-04-05T08:08:36,-1.877860,-112.043327,7.5,12.19,77.2,8,1.3,34.7,3.781,-9.6,0,1,5886
2026-04-05T08:09:04,-1.877347,-112.041801,3.3,12.24,73.0,6,1.8,35.1,3.780,-9.8,0,1,5887
2026-04-05T08:09:33,-1.876813,-112.040176,1.7,11.86,76.6,7,1.8,35.4,3.779,-9.6,0,1,5888
2026-04-05T08:10:01,-1.876368,-112.038567,2.5,11.90,73.9,6,1.8,34.7,3.774,-9.6,0,1,5889
2026-04-05T08:10:29,-1.875875,-112.037018,2.8,12.41,71.3,8,1.3,34.7,3.783,-9.6,0,1,5890
2026-04-05T08:10:58,-1.875315,-112.035431,1.0,12.08,72.0,6,1.9,35.1,3.779,-9.8,0,1,5891
2026-04-05T08:11:26,-1.874810,-112.033859,1.2,13.16,75.7,6,1.9,35.1,3.773,-9.8,0,1,5892
2026-04-05T08:11:54,-1.874368,-112.032280,-3.0,12.57,74.6,6,1.9,34.3,3.781,-11.4,0,1,5893
2026-04-05T08:12:23,-1.873795,-112.030655,-0.3,13.34,74.7,6,1.9,35.1,3.779,-9.8,0,1,5894
2026-04-05T08:12:51,-1.873458,-112.029091,-1.0,11.89,77.2,6,1.9,34.7,3.776,-9.6,0,1,5895
2026-04-05T08:13:19,-1.872992,-112.027504,1.7,11.98,76.0,5,2.8,34.7,3.776,-9.6,0,1,5896
2026-04-05T08:13:48,-1.872438,-112.025917,-3.0,11.89,71.1,7,1.9,35.1,3.775,-9.8,0,1,5897
2026-04-05T08:14:17,-1.871960,-112.024307,-9.8,12.52,75.2,7,1.9,34.7,3.779,-9.6,0,1,5898
2026-04-05T08:14:45,-1.871472,-112.022797,-9.4,11.68,76.0,6,2.1,35.1,3.781,-9.8,0,1,5899
2026-04-05T08:15:14,-1.871007,-112.021133,-9.9,12.12,76.2,6,2.8,33.8,3.780,-11.4,0,1,5900
2026-04-05T08:15:42,-1.870447,-112.019562,-14.2,13.08,75.4,6,1.9,34.7,3.783,-9.6,0,1,5901
2026-04-05T08:16:11,-1.869997,-112.017891,-13.2,12.26,78.1,6,2.8,34.7,3.780,-9.6,0,1,5902
2026-04-05T08:16:39,-1.869500,-112.016335,-6.6,12.39,77.9,7,1.3,33.8,3.774,-11.4,0,1,5903
2026-04-05T08:17:08,-1.869015,-112.014679,-11.5,12.66,73.5,5,2.9,34.3,3.776,-11.4,0,1,5904
2026-04-05T08:17:36,-1.868487,-112.013161,-8.8,12.08,84.0,7,1.9,34.7,3.779,-9.6,0,1,5905
2026-04-05T08:18:04,-1.867997,-112.011635,-9.9,12.85,74.6,5,2.9,34.3,3.775,-11.4,0,1,5906
2026-04-05T08:18:33,-1.867455,-112.009987,-10.1,12.18,77.7,7,1.9,34.3,3.775,-11.4,0,1,5907
2026-04-05T08:19:01,-1.867010,-112.008423,-6.8,11.83,74.4,6,1.9,34.3,3.777,-11.4,0,1,5908
2026-04-05T08:19:29,-1.866528,-112.006836,-5.2,12.00,77.8,5,2.9,33.8,3.776,-11.4,0,1,5909
2026-04-05T08:19:58,-1.866097,-112.005211,-16.4,12.28,79.2,6,2.9,34.3,3.775,-11.4,0,1,5910
2026-04-05T08:20:26,-1.865657,-112.003632,-12.9,12.34,77.9,6,2.0,34.3,3.773,-11.4,0,1,5911
2026-04-05T08:20:54,-1.865165,-112.002060,-8.3,12.13,76.7,6,2.0,34.3,3.780,-11.4,0,1,5912
2026-04-05T08:21:23,-1.864560,-112.000473,-14.6,13.26,66.4,5,3.0,34.7,3.775,-9.6,0,1,5913
2026-04-05T08:21:51,-1.864290,-111.999001,-17.6,12.47,83.6,6,2.0,33.8,3.779,-11.4,0,1,5914
2026-04-05T08:22:19,-1.863730,-111.997437,-23.3,12.87,73.9,6,2.0,34.7,3.779,-9.6,0,1,5915
2026-04-05T08:22:48,-1.863175,-111.995827,-21.0,12.47,71.2,5,3.0,34.7,3.779,-9.6,0,1,5916
2026-04-05T08:23:16,-1.862632,-111.994316,-17.7,11.98,73.5,7,2.0,33.8,3.779,-11.4,0,1,5917
2026-04-05T08:23:44,-1.862207,-111.992706,-17.7,11.83,79.4,5,3.0,33.8,3.775,-11.4,0,1,5918
2026-04-05T08:24:13,-1.861767,-111.991089,-21.4,11.22,78.4,5,3.0,33.8,3.775,-11.4,0,1,5919
2026-04-05T08:24:41,-1.861277,-111.989517,-22.7,11.61,75.6,5,3.0,33.8,3.777,-11.4,0,1,5920
2026-04-05T08:25:09,-1.860693,-111.987953,-15.6,11.81,75.2,5,3.0,33.8,3.779,-11.4,0,1,5921
2026-04-05T08:25:38,-1.860162,-111.986229,-4.4,12.28,70.0,6,3.0,34.7,3.774,-9.6,0,1,5922
2026-04-05T08:26:06,-1.859630,-111.984642,7.7,11.47,75.6,6,3.0,34.3,3.780,-11.4,0,1,5923
2026-04-05T08:26:34,-1.859015,-111.983055,15.3,12.01,73.9,4,3.3,34.3,3.775,-11.4,0,1,5924
2026-04-05T08:27:03,-1.858363,-111.981377,32.0,12.19,78.7,5,3.0,34.7,3.775,-9.6,0,1,5925
2026-04-05T08:27:31,-1.857778,-111.979828,42.1,11.35,71.2,4,3.2,34.3,3.777,-11.4,0,1,5926
2026-04-05T08:27:59,-1.857147,-111.978165,59.6,12.20,76.5,5,3.0,33.4,3.779,-11.4,0,1,5927
2026-04-05T08:28:28,-1.856707,-111.976524,64.2,12.26,73.9,6,3.0,34.3,3.773,-11.4,0,1,5928
2026-04-05T08:28:56,-1.856117,-111.974960,70.8,11.06,67.6,6,3.0,33.4,3.777,-11.4,0,1,5929
2026-04-05T08:29:24,-1.855448,-111.973412,79.7,7.89,64.2,5,3.0,34.3,3.775,-11.4,0,1,5930
2026-04-05T08:29:53,-1.854992,-111.971786,74.6,11.64,72.1,5,3.0,33.8,3.775,-11.4,0,1,5931
2026-04-05T08:30:21,-1.854570,-111.970200,69.7,12.34,77.2,6,3.0,33.4,3.777,-11.4,0,1,5932
2026-04-05T08:30:49,-1.854250,-111.968704,58.4,11.72,80.3,5,3.0,33.4,3.773,-11.4,0,1,5933
2026-04-05T08:31:18,-1.853958,-111.967155,40.6,12.25,85.3,5,3.0,33.4,3.776,-11.4,0,1,5934
2026-04-05T08:31:46,-1.853692,-111.965698,25.4,11.16,84.7,5,3.0,33.4,3.777,-11.4,0,1,5935
2026-04-05T08:32:14,-1.853340,-111.964226,5.1,11.30,81.9,5,3.0,33.4,3.771,-11.4,0,1,5936
2026-04-05T08:32:43,-1.853120,-111.962639,-15.7,12.16,86.6,5,3.0,33.8,3.773,-11.4,0,1,5937
2026-04-05T08:33:11,-1.852743,-111.961227,-45.7,10.41,70.1,5,3.0,33.0,3.770,-11.4,0,1,5938
2026-04-05T08:33:39,-1.852515,-111.959824,-66.6,11.11,79.5,6,2.7,33.4,3.777,-11.4,0,1,5939
2026-04-05T08:34:08,-1.852252,-111.958221,-84.5,11.45,84.2,7,2.7,33.0,3.773,-11.4,0,1,5940
2026-04-05T08:34:36,-1.851997,-111.956711,-99.7,10.64,83.8,6,2.7,33.0,3.776,-11.4,0,1,5941
2026-04-05T08:35:04,-1.851508,-111.955139,-100.8,10.72,79.5,7,2.7,33.8,3.775,-11.4,0,1,5942
2026-04-05T08:35:33,-1.850988,-111.953522,-102.7,11.45,82.0,7,2.7,33.4,3.777,-11.4,0,1,5943
2026-04-05T08:36:01,-1.850608,-111.952011,-108.0,10.99,78.2,7,2.7,33.0,3.776,-11.4,0,1,5944
2026-04-05T08:36:29,-1.850075,-111.950386,-99.5,11.07,77.2,7,2.7,33.4,3.775,-11.4,0,1,5945
2026-04-05T08:36:58,-1.849433,-111.948685,-85.6,12.55,74.1,7,5.8,33.0,3.776,-11.4,0,1,5946
2026-04-05T08:37:26,-1.848892,-111.947159,-73.4,12.23,75.4,7,2.7,32.6,3.776,-11.4,0,1,5947
2026-04-05T08:37:54,-1.848440,-111.945511,-56.9,11.21,81.8,7,2.7,32.6,3.775,-11.4,0,1,5948
2026-04-05T08:38:23,-1.847777,-111.943756,-37.0,11.25,79.3,7,2.6,33.0,3.776,-11.4,0,1,5949
2026-04-05T08:38:51,-1.847075,-111.942108,-13.5,11.77,69.8,7,2.6,32.6,3.767,-11.4,0,1,5950
2026-04-05T08:39:19,-1.846202,-111.940407,23.4,12.53,68.9,7,2.6,33.0,3.776,-11.4,0,1,5951
2026-04-05T08:39:48,-1.845312,-111.938828,41.0,12.59,65.2,7,2.6,33.0,3.775,-11.4,0,1,5952
2026-04-05T08:40:16,-1.844845,-111.937309,54.6,11.82,77.2,7,2.6,32.6,3.769,-11.4,0,1,5953
2026-04-05T08:40:44,-1.844358,-111.935669,55.6,11.72,74.2,7,2.6,32.6,3.775,-11.4,0,1,5954
2026-04-05T08:41:13,-1.843772,-111.934044,58.9,12.32,72.8,7,5.1,33.0,3.771,-11.4,0,1,5955
2026-04-05T08:41:41,-1.843790,-111.932709,6.4,11.31,73.5,8,2.4,32.6,3.776,-11.4,0,1,5956
2026-04-05T08:42:09,-1.843488,-111.931099,-6.5,13.05,80.2,8,2.4,32.6,3.766,-11.4,0,1,5957
2026-04-05T08:42:38,-1.842935,-111.929497,-7.1,12.30,71.4,9,2.2,32.6,3.773,-11.4,0,1,5958
2026-04-05T08:43:06,-1.842463,-111.927925,1.6,11.33,74.8,9,2.2,33.0,3.775,-11.4,0,1,5959
2026-04-05T08:43:34,-1.841843,-111.926323,17.3,12.11,74.2,9,2.2,32.1,3.775,-11.4,0,1,5960
2026-04-05T08:44:03,-1.841165,-111.924736,33.4,12.21,73.5,9,2.2,33.0,3.771,-11.4,0,1,5961
2026-04-05T08:44:31,-1.840683,-111.923210,31.1,12.45,73.1,9,2.2,33.0,3.774,-11.4,0,1,5962
2026-04-05T08:44:59,-1.840313,-111.921623,27.4,12.41,72.4,9,2.2,32.1,3.774,-11.4,0,1,5963
2026-04-05T08:45:28,-1.839917,-111.919975,17.9,12.47,72.2,7,2.3,32.6,3.776,-11.4,0,1,5964
2026-04-05T08:45:56,-1.839457,-111.918427,16.1,12.35,70.4,7,2.3,32.6,3.775,-11.4,0,1,5965
2026-04-05T08:46:24,-1.839007,-111.916893,13.0,12.45,72.6,7,2.3,32.1,3.770,-11.4,0,1,5966
2026-04-05T08:46:53,-1.838582,-111.915260,12.8,12.68,76.5,7,2.2,32.6,3.770,-11.4,0,1,5967
2026-04-05T08:47:21,-1.838152,-111.913689,14.4,12.98,78.7,7,2.2,31.7,3.773,-11.4,0,1,5968
2026-04-05T08:47:49,-1.837862,-111.912193,12.6,10.62,75.5,7,2.2,32.6,3.775,-11.4,0,1,5969
2026-04-05T08:48:18,-1.837308,-111.910538,12.3,11.96,73.9,7,2.2,32.6,3.770,-11.4,0,1,5970
2026-04-05T08:48:46,-1.836650,-111.908966,19.0,13.02,72.7,7,2.2,31.7,3.775,-11.4,0,1,5971
2026-04-05T08:49:14,-1.836182,-111.907402,20.6,12.54,76.4,8,1.8,32.1,3.775,-11.4,0,1,5972
2026-04-05T08:49:43,-1.835612,-111.905830,25.9,12.23,69.4,8,1.8,32.1,3.771,-11.4,0,1,5973
2026-04-05T08:50:11,-1.835123,-111.904228,24.4,12.18,68.6,8,1.8,32.6,3.766,-11.4,0,1,5974
2026-04-05T08:50:39,-1.834718,-111.902657,21.4,12.52,71.2,8,1.8,31.3,3.773,-11.4,0,1,5975
2026-04-05T08:51:08,-1.834233,-111.901009,13.6,12.18,65.5,8,1.8,31.7,3.770,-11.4,0,1,5976
2026-04-05T08:51:36,-1.833747,-111.899467,12.6,12.44,65.9,9,1.4,31.7,3.773,-11.4,0,1,5977
2026-04-05T08:52:04,-1.833242,-111.897919,16.2,11.96,67.8,9,1.4,31.7,3.773,-11.4,0,1,5978
2026-04-05T08:52:33,-1.832732,-111.896271,14.5,12.53,72.7,9,1.4,33.0,3.774,-11.4,0,1,5979
2026-04-05T08:53:01,-1.832267,-111.894707,13.1,12.37,66.8,9,1.4,31.3,3.764,-11.4,0,1,5980
2026-04-05T08:53:29,-1.831762,-111.893173,9.8,11.98,72.2,9,1.4,32.6,3.773,-11.4,0,1,5981
2026-04-05T08:53:58,-1.831318,-111.891510,5.8,12.83,73.1,9,1.4,31.3,3.767,-11.4,0,1,5982
2026-04-05T08:54:26,-1.830878,-111.889961,3.1,12.70,76.9,9,1.4,31.7,3.771,-11.4,0,1,5983
2026-04-05T08:54:54,-1.830338,-111.888435,7.1,12.13,71.8,9,1.4,31.3,3.774,-11.4,0,1,5984
2026-04-05T08:55:23,-1.829803,-111.886864,7.6,12.46,70.8,9,1.4,32.6,3.769,-11.4,0,1,5985
2026-04-05T08:55:51,-1.829343,-111.885300,10.9,13.23,80.0,9,1.4,31.3,3.766,-11.4,0,1,5986
2026-04-05T08:56:19,-1.828828,-111.883789,20.1,13.04,74.7,9,1.4,31.7,3.764,-11.4,0,1,5987
2026-04-05T08:56:48,-1.828278,-111.882240,25.9,12.39,72.6,8,1.4,32.1,3.771,-11.4,0,1,5988
2026-04-05T08:57:16,-1.827753,-111.880707,27.6,12.43,72.6,8,1.4,30.8,3.773,-11.4,0,1,5989
2026-04-05T08:57:44,-1.827260,-111.879158,22.2,12.42,72.6,8,1.4,32.1,3.765,-11.4,0,1,5990
2026-04-05T08:58:13,-1.826775,-111.877579,19.3,12.61,71.9,8,1.4,31.7,3.769,-11.4,0,1,5991
2026-04-05T08:58:41,-1.826318,-111.876007,20.6,13.02,71.3,8,1.4,31.3,3.771,-11.4,0,1,5992
2026-04-05T08:59:09,-1.825858,-111.874435,23.0,12.48,74.1,8,1.4,31.3,3.771,-11.4,0,1,5993
2026-04-05T08:59:38,-1.825387,-111.872849,27.4,12.45,74.2,8,1.4,31.7,3.767,-11.4,0,1,5994
2026-04-05T09:00:06,-1.824925,-111.871254,27.9,12.21,76.4,8,1.4,32.1,3.769,-11.4,0,1,5995
2026-04-05T09:00:34,-1.824448,-111.869682,22.2,11.99,74.0,8,1.4,30.8,3.773,-11.4,0,1,5996
2026-04-05T09:01:03,-1.823910,-111.868080,28.5,13.23,69.0,8,1.4,32.1,3.767,-11.4,0,1,5997
2026-04-05T09:01:31,-1.823398,-111.866547,20.7,12.49,72.6,8,1.4,30.8,3.764,-11.4,0,1,5998
2026-04-05T09:01:59,-1.822875,-111.865013,26.6,12.61,72.7,8,1.4,31.3,3.766,-11.4,0,1,5999
2026-04-05T09:02:28,-1.822378,-111.863335,20.6,12.06,71.7,8,1.4,31.3,3.767,-11.4,0,1,6000
2026-04-05T09:02:56,-1.821910,-111.861771,21.8,12.03,72.5,8,1.4,30.8,3.771,-11.4,0,1,6001
2026-04-05T09:03:24,-1.821560,-111.860176,13.6,12.44,77.2,9,1.4,30.4,3.771,-11.4,0,1,6002
2026-04-05T09:03:53,-1.821072,-111.858635,9.9,11.98,69.6,9,1.4,31.3,3.766,-11.4,0,1,6003
2026-04-05T09:04:21,-1.820540,-111.857101,13.0,12.41,68.6,9,1.4,30.8,3.767,-11.4,0,1,6004
2026-04-05T09:04:49,-1.820042,-111.855499,13.5,12.36,69.4,9,1.4,30.8,3.763,-11.4,0,1,6005
2026-04-05T09:05:18,-1.819500,-111.853897,14.0,12.07,71.2,9,1.4,31.3,3.769,-11.4,0,1,6006
2026-04-05T09:05:46,-1.819028,-111.852341,9.7,12.57,74.1,9,1.4,30.4,3.770,-11.4,0,1,6007
2026-04-05T09:06:14,-1.818553,-111.850792,10.7,12.63,69.9,9,1.4,30.4,3.771,-11.4,0,1,6008
2026-04-05T09:06:43,-1.818068,-111.849174,11.5,12.14,71.6,9,1.4,31.3,3.765,-11.4,0,1,6009
2026-04-05T09:07:11,-1.817655,-111.847580,15.5,12.54,66.6,9,1.4,30.8,3.770,-11.4,0,1,6010
2026-04-05T09:07:39,-1.817132,-111.846016,16.1,12.73,67.0,9,1.4,30.4,3.769,-11.4,0,1,6011
2026-04-05T09:08:08,-1.816630,-111.844429,17.2,12.15,64.5,9,1.4,30.8,3.766,-11.4,0,1,6012
2026-04-05T09:08:36,-1.816187,-111.842857,17.7,12.20,67.1,9,1.4,30.4,3.763,-11.4,0,1,6013
2026-04-05T09:09:04,-1.815733,-111.841240,21.6,11.96,70.2,9,1.4,30.0,3.769,-11.4,0,1,6014
2026-04-05T09:09:33,-1.815265,-111.839630,27.1,11.94,73.3,9,1.4,31.7,3.765,-11.4,0,1,6015
2026-04-05T09:10:01,-1.814805,-111.838066,23.5,12.31,71.9,9,1.4,30.8,3.769,-11.4,0,1,6016
2026-04-05T09:10:29,-1.814450,-111.836456,23.9,12.65,75.6,9,1.4,30.4,3.764,-11.4,0,1,6017
2026-04-05T09:10:58,-1.813983,-111.834816,18.7,11.96,66.1,9,1.4,30.4,3.765,-11.4,0,1,6018
2026-04-05T09:11:26,-1.813463,-111.833267,11.6,11.50,72.1,9,1.4,30.0,3.769,-11.4,0,1,6019
2026-04-05T09:11:54,-1.812960,-111.831734,6.4,12.74,70.7,9,1.4,30.0,3.761,-11.4,0,1,6020
2026-04-05T09:12:23,-1.812430,-111.830093,-6.0,12.04,71.0,9,1.4,30.8,3.765,-11.4,0,1,6021
2026-04-05T09:12:51,-1.811877,-111.828560,-11.1,11.79,72.1,9,1.4,30.4,3.760,-11.4,0,1,6022
2026-04-05T09:13:19,-1.811478,-111.826935,-15.5,12.73,73.6,9,1.3,30.8,3.769,-11.4,0,1,6023
2026-04-05T09:13:48,-1.810987,-111.825333,-15.5,12.04,62.9,9,1.3,30.4,3.765,-11.4,0,1,6024
2026-04-05T09:14:16,-1.810700,-111.823708,-25.3,12.80,76.1,8,1.5,30.4,3.763,-11.4,0,1,6025
2026-04-05T09:14:44,-1.810202,-111.822166,-27.9,12.22,69.7,9,1.3,30.0,3.770,-11.4,0,1,6026
2026-04-05T09:15:13,-1.809735,-111.820518,-31.7,12.64,76.0,8,1.5,30.0,3.764,-11.4,0,1,6027
2026-04-05T09:15:41,-1.809198,-111.818993,-29.8,12.60,73.8,8,1.5,30.4,3.763,-11.4,0,1,6028
2026-04-05T09:16:09,-1.808690,-111.817474,-30.0,12.31,70.4,8,1.5,29.5,3.763,-11.4,0,1,6029
2026-04-05T09:16:38,-1.808215,-111.815857,-33.7,12.62,73.6,9,1.3,30.0,3.764,-11.4,0,1,6030
2026-04-05T09:17:06,-1.807688,-111.814323,-26.3,12.91,70.0,8,1.5,30.0,3.763,-11.4,0,1,6031
2026-04-05T09:17:34,-1.807172,-111.812790,-22.2,12.96,72.9,8,1.5,30.0,3.767,-11.4,0,1,6032
2026-04-05T09:18:03,-1.806695,-111.811165,-20.5,12.92,72.8,8,1.5,30.4,3.763,-11.4,0,1,6033
2026-04-05T09:18:31,-1.806187,-111.809624,-16.2,12.49,70.5,8,1.5,29.1,3.767,-11.4,0,1,6034
2026-04-05T09:18:59,-1.805775,-111.808067,-10.9,12.48,71.7,9,1.3,29.1,3.766,-11.4,0,1,6035
2026-04-05T09:19:28,-1.805282,-111.806396,-8.0,12.27,74.3,9,1.3,30.0,3.763,-11.4,0,1,6036
2026-04-05T09:19:56,-1.804843,-111.804810,-15.7,13.23,76.5,9,1.3,30.0,3.759,-11.4,0,1,6037
2026-04-05T09:20:24,-1.804352,-111.803215,-21.0,12.41,69.0,9,1.3,30.4,3.766,-11.4,0,1,6038
2026-04-05T09:20:53,-1.803858,-111.801590,-23.3,13.01,74.1,9,1.3,30.0,3.764,-11.4,0,1,6039
2026-04-05T09:21:21,-1.803343,-111.800041,-23.9,12.36,74.5,9,1.3,28.7,3.767,-11.4,0,1,6040
2026-04-05T09:21:49,-1.802900,-111.798477,-26.5,12.79,77.3,9,1.3,29.5,3.767,-11.4,0,1,6041
2026-04-05T09:22:18,-1.802432,-111.796837,-32.5,12.28,68.3,9,1.3,30.4,3.764,-11.4,0,1,6042
2026-04-05T09:22:46,-1.801925,-111.795265,-28.9,12.24,75.9,9,1.3,29.5,3.767,-11.4,0,1,6043
2026-04-05T09:23:14,-1.801407,-111.793701,-30.5,12.87,72.9,9,1.3,30.0,3.761,-11.4,0,1,6044
2026-04-05T09:23:43,-1.800938,-111.792137,-22.2,12.44,76.0,9,1.3,30.0,3.763,-11.4,0,1,6045
2026-04-05T09:24:11,-1.800437,-111.790550,-20.3,12.39,74.4,9,1.3,29.5,3.764,-11.4,0,1,6046
2026-04-05T09:24:39,-1.800038,-111.788940,-24.3,12.39,72.4,8,1.4,29.5,3.765,-11.4,0,1,6047
2026-04-05T09:25:08,-1.799583,-111.787300,-29.7,12.61,76.1,9,1.3,30.4,3.761,-11.4,0,1,6048
2026-04-05T09:25:36,-1.799122,-111.785751,-31.9,12.99,73.6,9,1.3,29.5,3.764,-11.4,0,1,6049
2026-04-05T09:26:04,-1.798632,-111.784203,-26.2,13.07,75.1,9,1.3,29.5,3.765,-11.4,0,1,6050
2026-04-05T09:26:33,-1.798162,-111.782608,-20.6,12.34,76.4,9,1.3,30.0,3.766,-11.4,0,1,6051
2026-04-05T09:27:01,-1.797703,-111.781044,-17.5,11.70,75.9,9,1.3,29.5,3.766,-11.4,0,1,6052
2026-04-05T09:27:29,-1.797250,-111.779480,-13.0,12.51,69.6,9,1.3,29.5,3.765,-11.4,0,1,6053
2026-04-05T09:27:58,-1.796770,-111.777840,-17.4,12.76,70.5,9,1.3,29.5,3.761,-11.4,0,1,6054
2026-04-05T09:28:26,-1.796330,-111.776291,-18.0,13.14,72.2,9,1.3,29.1,3.766,-11.4,0,1,6055
2026-04-05T09:28:54,-1.795868,-111.774742,-13.0,12.25,74.1,9,1.3,30.0,3.764,-11.4,0,1,6056
2026-04-05T09:29:23,-1.795363,-111.773193,-1.0,12.81,73.6,9,1.3,29.1,3.760,-11.4,0,1,6057
2026-04-05T09:29:51,-1.794832,-111.771683,4.8,12.47,68.2,8,1.4,28.7,3.766,-11.4,0,1,6058
2026-04-05T09:30:19,-1.794333,-111.770134,5.1,11.71,68.3,8,1.4,28.7,3.761,-11.4,0,1,6059
2026-04-05T09:30:48,-1.793908,-111.768463,4.2,12.61,73.5,9,1.3,29.5,3.760,-11.4,0,1,6060
2026-04-05T09:31:16,-1.793475,-111.766914,2.3,11.97,74.3,9,1.3,29.1,3.763,-11.4,0,1,6061
2026-04-05T09:31:44,-1.793000,-111.765366,3.4,12.35,74.0,9,1.2,29.1,3.764,-11.4,0,1,6062
2026-04-05T09:32:13,-1.792590,-111.763741,3.0,11.64,71.9,9,1.2,29.5,3.764,-11.4,0,1,6063
2026-04-05T09:32:41,-1.792138,-111.762161,9.9,12.24,74.2,9,1.2,28.7,3.763,-11.4,0,1,6064
2026-04-05T09:33:09,-1.791643,-111.760628,9.8,12.27,74.6,9,1.2,28.7,3.766,-11.4,0,1,6065
2026-04-05T09:33:38,-1.791187,-111.759026,-1.1,11.74,70.3,9,1.2,29.5,3.760,-11.4,0,1,6066
2026-04-05T09:34:06,-1.790688,-111.757469,4.4,13.05,67.4,9,1.2,28.3,3.759,-11.4,0,1,6067
2026-04-05T09:34:34,-1.790250,-111.755890,3.0,12.73,68.3,9,1.2,28.7,3.765,-11.4,0,1,6068
2026-04-05T09:35:03,-1.789775,-111.754288,3.2,13.09,70.0,9,1.2,28.7,3.759,-11.4,0,1,6069
2026-04-05T09:35:31,-1.789308,-111.752716,4.0,12.43,66.6,9,1.2,27.8,3.764,-11.4,0,1,6070
2026-04-05T09:35:59,-1.788858,-111.751152,0.2,13.28,69.4,8,1.4,29.1,3.757,-11.4,0,1,6071
2026-04-05T09:36:28,-1.788327,-111.749580,3.5,12.65,70.3,9,1.2,29.1,3.759,-11.4,0,1,6072
2026-04-05T09:36:56,-1.787940,-111.747978,-1.7,13.21,72.5,9,1.2,29.1,3.754,-11.4,0,1,6073
2026-04-05T09:37:24,-1.787468,-111.746422,-1.2,13.33,67.8,9,1.2,27.8,3.755,-11.4,0,1,6074
2026-04-05T09:37:53,-1.786985,-111.744835,5.9,12.41,76.7,8,1.4,30.0,3.761,-11.4,0,1,6075
2026-04-05T09:38:21,-1.786483,-111.743286,10.4,12.04,78.8,8,1.4,29.1,3.764,775.0,0,1,6076
2026-04-05T09:38:49,-1.785985,-111.741737,5.3,13.32,71.7,9,1.2,28.7,3.763,-11.4,0,1,6077
2026-04-05T09:39:18,-1.785557,-111.740112,-0.5,14.04,78.6,8,1.4,28.7,3.759,-11.4,0,1,6078
2026-04-05T09:39:46,-1.785155,-111.738525,-1.0,12.80,77.6,8,1.4,29.1,3.763,-11.4,0,1,6079
2026-04-05T09:40:14,-1.784593,-111.737000,3.0,12.24,71.8,8,1.4,28.3,3.764,-11.4,0,1,6080
2026-04-05T09:40:43,-1.784162,-111.735359,3.6,12.31,70.7,8,1.4,29.1,3.761,-11.4,0,1,6081
2026-04-05T09:41:11,-1.783762,-111.733826,2.9,12.91,73.2,8,1.4,27.8,3.761,-11.4,0,1,6082
2026-04-05T09:41:39,-1.783252,-111.732246,4.9,11.87,71.8,8,1.4,28.3,3.757,-11.4,0,1,6083
2026-04-05T09:42:08,-1.782773,-111.730614,8.7,12.27,66.7,8,1.4,28.7,3.759,-11.4,0,1,6084
2026-04-05T09:42:36,-1.782337,-111.729034,10.7,12.45,72.0,8,1.4,28.3,3.761,-11.4,0,1,6085
2026-04-05T09:43:04,-1.781980,-111.727448,8.1,12.79,73.7,9,1.2,29.1,3.756,-11.4,0,1,6086
2026-04-05T09:43:33,-1.781458,-111.725815,3.4,12.22,70.1,8,1.4,28.7,3.759,-11.4,0,1,6087
2026-04-05T09:44:01,-1.781005,-111.724236,3.4,12.91,70.2,9,1.2,28.7,3.761,-11.4,0,1,6088
2026-04-05T09:44:29,-1.780587,-111.722649,1.9,12.84,70.5,8,1.4,28.3,3.763,-11.4,0,1,6089
2026-04-05T09:44:58,-1.780138,-111.721024,-3.7,12.68,71.8,8,1.4,28.7,3.756,-11.4,0,1,6090
2026-04-05T09:45:26,-1.779705,-111.719398,-3.6,12.54,72.9,7,2.6,27.8,3.761,-11.4,0,1,6091
2026-04-05T09:45:54,-1.779378,-111.717827,-16.8,12.69,73.0,8,1.4,28.3,3.757,-11.4,0,1,6092
2026-04-05T09:46:23,-1.778825,-111.716164,-13.1,12.22,72.2,8,1.4,28.3,3.759,-11.4,0,1,6093
2026-04-05T09:46:51,-1.778338,-111.714638,-16.6,13.32,72.8,8,1.3,27.8,3.763,-11.4,0,1,6094
2026-04-05T09:47:19,-1.777860,-111.713051,-17.6,12.08,73.9,8,1.3,27.8,3.760,-11.4,0,1,6095
2026-04-05T09:47:48,-1.777397,-111.711464,-22.2,11.99,73.7,7,1.5,27.8,3.760,-11.4,0,1,6096
2026-04-05T09:48:16,-1.776927,-111.709885,-16.1,12.57,74.9,8,1.3,28.3,3.763,-11.4,0,1,6097
2026-04-05T09:48:44,-1.776510,-111.708275,-21.1,13.74,74.2,8,1.3,27.8,3.761,-11.4,0,1,6098
2026-04-05T09:49:13,-1.776140,-111.706635,-19.9,12.34,80.5,8,1.3,27.8,3.760,-11.4,0,1,6099
2026-04-05T09:49:41,-1.775637,-111.705139,-23.2,12.21,74.5,8,1.3,27.8,3.761,-11.4,0,1,6100
2026-04-05T09:50:09,-1.775117,-111.703629,-20.7,12.61,70.5,7,2.7,27.4,3.760,-11.4,0,1,6101
2026-04-05T09:50:38,-1.774593,-111.702042,-19.8,13.10,73.0,8,1.3,28.3,3.757,-11.4,0,1,6102
2026-04-05T09:51:06,-1.774263,-111.700470,-26.5,11.87,65.6,8,1.3,27.4,3.756,-11.4,0,1,6103
2026-04-05T09:51:34,-1.773728,-111.698883,-26.8,11.84,72.6,8,1.3,27.8,3.751,-11.4,0,1,6104
2026-04-05T09:52:03,-1.773270,-111.697212,-27.7,13.90,76.5,8,1.3,27.8,3.757,-11.4,0,1,6105
2026-04-05T09:52:31,-1.772745,-111.695618,-20.3,12.82,67.2,8,1.3,27.4,3.760,-11.4,0,1,6106
2026-04-05T09:52:59,-1.772313,-111.694107,-26.2,11.83,68.1,8,1.5,27.8,3.756,-11.4,0,1,6107
2026-04-05T09:53:28,-1.771933,-111.692429,-33.0,13.23,76.7,8,1.3,28.3,3.756,-11.4,0,1,6108
2026-04-05T09:53:56,-1.771543,-111.690788,-33.7,13.32,79.5,8,1.3,27.8,3.760,-11.4,0,1,6109
2026-04-05T09:54:24,-1.771077,-111.689240,-35.5,13.02,75.8,8,1.3,27.4,3.761,-11.4,0,1,6110
2026-04-05T09:54:53,-1.770457,-111.687683,-29.2,12.18,66.2,8,1.3,27.4,3.757,-11.4,0,1,6111
2026-04-05T09:55:21,-1.770043,-111.686104,-29.0,12.68,72.4,8,1.3,27.8,3.759,-11.4,0,1,6112
2026-04-05T09:55:49,-1.769607,-111.684517,-27.1,12.49,76.5,8,1.3,27.4,3.759,-11.4,0,1,6113
2026-04-05T09:56:18,-1.769105,-111.682930,-26.2,13.62,75.2,7,2.9,27.4,3.756,-11.4,0,1,6114
2026-04-05T09:56:46,-1.768548,-111.681412,-24.8,13.09,70.4,8,1.3,27.0,3.757,-11.4,0,1,6115
2026-04-05T09:57:14,-1.768173,-111.679817,-20.1,12.47,75.9,8,1.3,27.4,3.760,-11.4,0,1,6116
2026-04-05T09:57:43,-1.767667,-111.678192,-20.3,13.76,72.2,8,1.3,27.4,3.755,-11.4,0,1,6117
2026-04-05T09:58:11,-1.767208,-111.676636,-15.4,12.13,76.4,8,1.3,27.0,3.759,-11.4,0,1,6118
2026-04-05T09:58:39,-1.766810,-111.675056,-13.1,13.26,81.5,8,1.3,27.0,3.759,-11.4,0,1,6119
2026-04-05T09:59:08,-1.766303,-111.673447,-15.9,11.42,65.4,8,1.3,27.8,3.756,-11.4,0,1,6120
2026-04-05T09:59:36,-1.765993,-111.671898,-13.9,12.87,74.0,8,1.3,26.5,3.759,-11.4,0,1,6121
2026-04-05T10:00:04,-1.765522,-111.670334,-13.0,12.64,77.9,8,1.3,27.0,3.759,-11.4,0,1,6122
2026-04-05T10:00:33,-1.765218,-111.668610,-7.7,13.25,78.7,8,1.3,27.0,3.756,-11.4,0,1,6123
2026-04-05T10:01:01,-1.764657,-111.667152,-5.6,12.71,74.4,8,1.3,27.0,3.756,-11.4,0,1,6124
2026-04-05T10:01:29,-1.764207,-111.665649,-3.7,12.03,68.8,8,1.2,27.4,3.760,-11.4,0,1,6125
2026-04-05T10:01:58,-1.763582,-111.664078,-5.3,12.49,75.3,8,1.2,27.0,3.754,-11.4,0,1,6126
2026-04-05T10:02:26,-1.763120,-111.662552,-1.5,13.25,74.8,8,1.2,27.0,3.757,-11.4,0,1,6127
2026-04-05T10:02:54,-1.762608,-111.661003,-2.3,12.59,74.1,8,1.2,26.5,3.759,-11.4,0,1,6128
2026-04-05T10:03:23,-1.762120,-111.659378,-1.4,12.69,73.7,8,1.2,27.0,3.755,-11.4,0,1,6129
2026-04-05T10:03:51,-1.761703,-111.657829,0.2,12.39,77.9,8,1.2,27.0,3.757,-11.4,0,1,6130
2026-04-05T10:04:19,-1.761285,-111.656303,6.0,12.15,75.4,8,1.2,27.0,3.757,-11.4,0,1,6131
2026-04-05T10:04:48,-1.760755,-111.654678,6.4,12.65,67.9,7,1.4,27.0,3.756,-11.4,0,1,6132
2026-04-05T10:05:16,-1.760383,-111.653084,6.0,11.97,82.7,7,1.4,26.5,3.751,-11.4,0,1,6133
2026-04-05T10:05:44,-1.759833,-111.651543,6.1,13.13,67.4,7,1.4,26.5,3.754,-11.4,0,1,6134
2026-04-05T10:06:13,-1.759418,-111.649948,7.2,11.94,76.2,6,3.1,27.8,3.757,-11.4,0,1,6135
2026-04-05T10:06:41,-1.758952,-111.648384,9.8,12.42,75.8,7,1.4,26.5,3.754,-11.4,0,1,6136
2026-04-05T10:07:09,-1.758423,-111.646851,12.9,12.59,71.7,7,1.4,26.5,3.757,-11.4,0,1,6137
2026-04-05T10:07:38,-1.758027,-111.645226,12.2,12.37,71.8,7,1.4,26.5,3.756,-11.4,0,1,6138
2026-04-05T10:08:06,-1.757527,-111.643684,11.2,12.08,71.9,6,3.2,26.1,3.757,-11.4,0,1,6139
2026-04-05T10:08:34,-1.757083,-111.642174,17.4,11.98,71.0,6,3.2,27.0,3.756,-11.4,0,1,6140
2026-04-05T10:09:03,-1.756588,-111.640579,17.6,11.96,75.9,6,3.2,27.0,3.757,-11.4,0,1,6141
2026-04-05T10:09:31,-1.756183,-111.638992,11.6,12.04,73.6,6,3.2,26.1,3.757,-11.4,0,1,6142
2026-04-05T10:09:59,-1.755778,-111.637390,5.4,11.58,78.0,6,3.2,26.1,3.757,-11.4,0,1,6143
2026-04-05T10:10:28,-1.755267,-111.635750,1.8,12.83,72.2,6,3.2,26.5,3.757,-11.4,0,1,6144
2026-04-05T10:10:56,-1.754745,-111.634224,3.2,12.26,71.9,6,3.2,25.2,3.756,-11.4,0,1,6145
2026-04-05T10:11:24,-1.754283,-111.632713,8.0,11.34,70.1,6,3.2,26.1,3.755,-11.4,0,1,6146
2026-04-05T10:11:53,-1.753763,-111.631142,16.6,12.64,61.7,6,3.2,27.0,3.753,-11.4,0,1,6147
2026-04-05T10:12:21,-1.753362,-111.629593,21.5,12.05,71.5,7,1.4,25.7,3.757,-11.4,0,1,6148
2026-04-05T10:12:49,-1.752930,-111.628067,27.4,12.10,75.3,7,1.4,25.7,3.756,-11.4,0,1,6149
2026-04-05T10:13:18,-1.752423,-111.626511,27.5,11.32,67.8,6,3.2,26.5,3.756,-11.4,0,1,6150
2026-04-05T10:13:46,-1.752082,-111.624893,22.0,12.51,74.5,6,3.2,26.1,3.756,-11.4,0,1,6151
2026-04-05T10:14:14,-1.751550,-111.623360,21.4,11.36,69.4,6,3.2,25.7,3.756,-11.4,0,1,6152
2026-04-05T10:14:43,-1.751030,-111.621773,18.6,12.15,66.3,6,3.2,26.1,3.755,-11.4,0,1,6153
2026-04-05T10:15:11,-1.750663,-111.620186,16.4,12.97,74.5,6,3.2,25.7,3.755,-11.4,0,1,6154
2026-04-05T10:15:39,-1.750257,-111.618637,13.4,11.33,75.7,6,3.2,26.5,3.754,-11.4,0,1,6155
2026-04-05T10:16:08,-1.749800,-111.616997,11.9,11.99,71.2,6,3.2,26.1,3.751,-11.4,0,1,6156
2026-04-05T10:16:36,-1.749338,-111.615479,22.7,10.96,69.7,6,3.2,26.5,3.755,-11.4,0,1,6157
2026-04-05T10:17:04,-1.748810,-111.613899,31.0,12.74,68.1,6,3.2,25.7,3.751,-11.4,0,1,6158
2026-04-05T10:17:33,-1.748462,-111.612312,38.7,11.87,72.5,7,2.6,26.1,3.751,-11.4,0,1,6159
2026-04-05T10:18:01,-1.748103,-111.610779,44.9,11.27,71.6,7,2.6,25.7,3.755,-11.4,0,1,6160
2026-04-05T10:18:29,-1.747542,-111.609230,45.2,12.08,66.7,7,2.6,25.2,3.747,-11.4,0,1,6161
2026-04-05T10:18:58,-1.747027,-111.607613,40.6,14.04,70.1,7,2.6,26.1,3.751,-11.4,0,1,6162
2026-04-05T10:19:26,-1.746517,-111.606003,35.9,16.14,68.5,7,2.6,25.2,3.754,-11.4,0,1,6163
2026-04-05T10:19:54,-1.746115,-111.604431,32.6,11.77,71.9,7,2.6,25.7,3.755,-11.4,0,1,6164
2026-04-05T10:20:23,-1.745728,-111.602791,34.4,12.70,74.7,7,2.6,26.1,3.753,-11.4,0,1,6165
2026-04-05T10:20:51,-1.745235,-111.601219,33.6,11.82,71.4,7,2.5,25.7,3.755,-11.4,0,1,6166
2026-04-05T10:21:19,-1.744690,-111.599678,29.3,12.46,71.8,7,2.5,26.1,3.755,-11.4,0,1,6167
2026-04-05T10:21:48,-1.744308,-111.598053,33.3,11.83,78.9,7,2.5,26.1,3.753,-11.4,0,1,6168
2026-04-05T10:22:16,-1.743775,-111.596504,34.6,11.62,72.8,7,2.5,25.7,3.755,-11.4,0,1,6169
2026-04-05T10:22:44,-1.743223,-111.594917,34.4,12.26,76.3,7,2.5,25.7,3.746,-11.4,0,1,6170
2026-04-05T10:23:13,-1.742778,-111.593346,32.1,11.32,67.7,7,2.5,25.2,3.750,-11.4,0,1,6171
2026-04-05T10:23:41,-1.742313,-111.591682,31.5,14.41,72.6,7,2.5,24.8,3.755,-11.4,0,1,6172
2026-04-05T10:24:09,-1.741850,-111.590141,34.3,12.27,71.8,7,2.5,24.8,3.745,-11.4,0,1,6173
2026-04-05T10:24:38,-1.741475,-111.588593,34.4,13.78,68.6,7,2.5,25.7,3.753,-11.4,0,1,6174
2026-04-05T10:25:06,-1.741188,-111.587036,26.0,13.12,68.9,7,2.5,25.2,3.754,-11.4,0,1,6175
2026-04-05T10:25:34,-1.740967,-111.585434,14.3,10.95,81.5,7,2.5,26.1,3.749,-11.4,0,1,6176
2026-04-05T10:26:03,-1.740445,-111.583733,3.3,12.22,72.7,7,2.5,26.1,3.750,-11.4,0,1,6177
2026-04-05T10:26:31,-1.739943,-111.582077,2.6,11.74,77.4,8,2.3,25.2,3.754,-11.4,0,1,6178
2026-04-05T10:26:59,-1.739398,-111.580482,-1.2,13.20,68.5,8,2.4,24.4,3.753,-11.4,0,1,6179
2026-04-05T10:27:28,-1.739238,-111.578903,-4.7,11.78,78.3,8,2.4,25.7,3.753,-11.4,0,1,6180
2026-04-05T10:27:56,-1.738690,-111.577347,-7.6,13.81,62.3,8,2.4,24.8,3.749,-11.4,0,1,6181
2026-04-05T10:28:24,-1.738535,-111.575806,-3.9,11.78,79.3,8,2.4,25.2,3.754,-11.4,0,1,6182
2026-04-05T10:28:53,-1.737795,-111.574120,-1.0,13.62,65.3,8,2.4,24.8,3.750,-11.4,0,1,6183
2026-04-05T10:29:21,-1.737465,-111.572609,-1.2,11.04,77.3,8,2.4,25.7,3.754,-11.4,0,1,6184
2026-04-05T10:29:49,-1.737093,-111.571075,-5.3,12.20,79.1,8,2.4,24.8,3.754,-11.4,0,1,6185
2026-04-05T10:30:18,-1.736607,-111.569443,-8.2,12.85,76.3,8,2.4,25.2,3.750,-11.4,0,1,6186
2026-04-05T10:30:46,-1.736365,-111.567894,-11.6,11.37,91.2,8,2.4,24.8,3.754,-11.4,0,1,6187
2026-04-05T10:31:14,-1.735765,-111.566299,-8.8,12.12,73.5,8,2.4,24.8,3.753,-11.4,0,1,6188
2026-04-05T10:31:43,-1.735125,-111.564682,-5.3,12.95,65.7,8,2.4,25.2,3.750,-11.4,0,1,6189
2026-04-05T10:32:11,-1.734780,-111.563148,-4.8,13.07,75.7,8,2.4,24.0,3.753,-11.4,0,1,6190
2026-04-05T10:32:39,-1.734312,-111.561539,-3.5,12.27,80.0,8,2.4,24.8,3.754,-11.4,0,1,6191
2026-04-05T10:33:08,-1.733957,-111.559959,-2.3,12.22,76.1,8,2.4,24.8,3.749,-11.4,0,1,6192
2026-04-05T10:33:36,-1.733422,-111.558372,2.9,11.88,77.7,8,2.4,24.4,3.753,-11.4,0,1,6193
2026-04-05T10:34:04,-1.732805,-111.556778,9.0,12.90,70.4,8,2.4,24.4,3.753,-11.4,0,1,6194
2026-04-05T10:34:33,-1.732210,-111.555107,15.4,12.49,76.1,8,2.4,24.4,3.746,-11.4,0,1,6195
2026-04-05T10:35:01,-1.731725,-111.553574,16.0,12.64,71.2,8,2.4,24.4,3.751,-11.4,0,1,6196
2026-04-05T10:35:29,-1.731255,-111.552025,12.4,12.68,73.5,8,2.4,24.4,3.754,-11.4,0,1,6197
2026-04-05T10:35:58,-1.730735,-111.550423,11.7,13.08,70.0,8,2.4,24.8,3.747,-11.4,0,1,6198
2026-04-05T10:36:26,-1.730192,-111.548874,11.7,13.29,71.8,8,2.4,24.4,3.753,-11.4,0,1,6199
2026-04-05T10:36:54,-1.729763,-111.547340,16.8,12.39,74.4,8,2.4,24.4,3.751,-11.4,0,1,6200
2026-04-05T10:37:23,-1.729298,-111.545738,20.1,12.91,73.1,8,2.4,24.8,3.749,-11.4,0,1,6201
2026-04-05T10:37:51,-1.728830,-111.544189,26.0,12.34,76.1,8,2.4,24.8,3.751,-11.4,0,1,6202
2026-04-05T10:38:19,-1.728448,-111.542671,26.0,12.70,74.8,8,2.4,24.4,3.751,-11.4,0,1,6203
2026-04-05T10:38:48,-1.727960,-111.541054,22.9,12.27,72.6,8,2.4,24.8,3.747,-11.4,0,1,6204
2026-04-05T10:39:16,-1.727480,-111.539505,17.9,12.40,74.3,8,2.4,24.4,3.751,649.2,0,1,6205
2026-04-05T10:39:44,-1.726900,-111.537956,14.6,12.35,71.8,8,2.4,24.0,3.751,-11.4,0,1,6206
2026-04-05T10:40:13,-1.726372,-111.536331,14.1,12.06,72.5,8,2.4,24.4,3.747,-11.4,0,1,6207
2026-04-05T10:40:41,-1.725832,-111.534775,16.9,13.13,69.2,8,2.4,24.0,3.743,-11.4,0,1,6208
2026-04-05T10:41:09,-1.725250,-111.533234,18.0,13.89,67.0,8,2.4,24.4,3.750,-11.4,0,1,6209
2026-04-05T10:41:38,-1.724753,-111.531624,17.7,12.53,72.0,8,2.3,24.4,3.749,-11.4,0,1,6210
2026-04-05T10:42:06,-1.724277,-111.530083,18.7,13.00,72.8,8,2.3,23.5,3.750,-11.4,0,1,6211
2026-04-05T10:42:34,-1.723892,-111.528526,18.5,12.97,68.6,8,2.3,24.0,3.750,-11.4,0,1,6212
2026-04-05T10:43:03,-1.723460,-111.526886,17.7,12.48,71.6,8,2.3,24.4,3.747,-11.4,0,1,6213
2026-04-05T10:43:31,-1.722978,-111.525314,20.8,12.96,70.4,8,2.3,23.5,3.750,-11.4,0,1,6214
2026-04-05T10:43:59,-1.722490,-111.523773,26.2,12.72,69.2,8,2.3,24.8,3.745,-11.4,0,1,6215
2026-04-05T10:44:28,-1.721935,-111.522186,28.9,13.42,67.2,8,2.3,24.8,3.745,-11.4,0,1,6216
2026-04-05T10:44:56,-1.721502,-111.520691,23.5,11.62,78.0,8,2.3,23.5,3.750,-11.4,0,1,6217
2026-04-05T10:45:24,-1.721065,-111.519119,21.4,12.57,74.6,7,2.6,23.5,3.749,-11.4,0,1,6218
2026-04-05T10:45:53,-1.720402,-111.517502,26.5,12.90,66.5,7,2.5,24.0,3.747,-11.4,0,1,6219
2026-04-05T10:46:21,-1.719948,-111.515968,25.2,12.68,77.6,7,2.5,23.5,3.744,-11.4,0,1,6220
2026-04-05T10:46:49,-1.719678,-111.514435,15.8,11.26,83.5,7,2.5,23.1,3.749,-11.4,0,1,6221
2026-04-05T10:47:18,-1.719078,-111.512817,18.7,12.71,72.7,7,2.5,24.4,3.746,-11.4,0,1,6222
2026-04-05T10:47:46,-1.718528,-111.511322,10.4,11.45,73.5,6,2.6,23.5,3.749,-11.4,0,1,6223
2026-04-05T10:48:14,-1.718033,-111.509789,11.4,11.56,78.3,7,2.5,24.4,3.750,-11.4,0,1,6224
2026-04-05T10:48:43,-1.717640,-111.508163,15.5,12.15,74.1,7,2.4,24.0,3.745,-11.4,0,1,6225
2026-04-05T10:49:11,-1.717128,-111.506622,17.8,12.18,69.5,7,2.4,24.4,3.740,-11.4,0,1,6226
2026-04-05T10:49:39,-1.716697,-111.505089,13.7,13.29,63.0,7,2.4,24.0,3.743,-11.4,0,1,6227
2026-04-05T10:50:08,-1.716168,-111.503487,12.7,11.87,73.5,7,2.4,24.4,3.746,-11.4,0,1,6228
2026-04-05T10:50:36,-1.715645,-111.501938,13.0,14.02,66.6,7,2.4,23.5,3.750,-11.4,0,1,6229
2026-04-05T10:51:04,-1.715373,-111.500420,8.6,12.17,76.5,7,2.4,24.0,3.744,-11.4,0,1,6230
2026-04-05T10:51:33,-1.714963,-111.498817,6.0,12.04,76.8,7,2.3,24.4,3.745,-11.4,0,1,6231
2026-04-05T10:52:01,-1.714458,-111.497253,7.9,12.36,77.5,7,2.3,22.7,3.741,-11.4,0,1,6232
2026-04-05T10:52:29,-1.713987,-111.495743,10.1,12.02,74.4,7,2.3,23.5,3.746,-11.4,0,1,6233
2026-04-05T10:52:58,-1.713460,-111.494179,9.3,11.72,76.5,7,2.3,24.4,3.746,-11.4,0,1,6234
2026-04-05T10:53:26,-1.713082,-111.492569,8.5,13.04,77.4,7,2.3,23.1,3.749,-11.4,0,1,6235
2026-04-05T10:53:54,-1.712608,-111.491096,-2.9,12.81,70.0,7,2.3,23.1,3.747,-11.4,0,1,6236
2026-04-05T10:54:23,-1.711993,-111.489418,4.4,12.55,69.0,7,2.6,23.1,3.745,-11.4,0,1,6237
2026-04-05T10:54:51,-1.711515,-111.487869,8.6,11.82,69.6,7,2.2,22.7,3.747,-11.4,0,1,6238
2026-04-05T10:55:19,-1.710952,-111.486282,10.7,12.67,70.9,7,2.2,23.1,3.739,-11.4,0,1,6239
2026-04-05T10:55:48,-1.710482,-111.484657,14.8,12.81,68.8,8,2.1,23.1,3.745,-11.4,0,1,6240
2026-04-05T10:56:16,-1.710025,-111.483109,15.3,12.34,70.2,8,2.1,23.5,3.747,-11.4,0,1,6241
2026-04-05T10:56:44,-1.709538,-111.481552,15.9,12.78,69.6,8,2.1,23.1,3.749,-11.4,0,1,6242
2026-04-05T10:57:13,-1.709010,-111.479973,18.4,12.20,72.1,8,2.1,24.0,3.744,-11.4,0,1,6243
2026-04-05T10:57:41,-1.708605,-111.478462,20.3,12.24,73.1,8,2.0,22.7,3.747,-11.4,0,1,6244
2026-04-05T10:58:09,-1.708057,-111.476913,24.2,13.55,72.2,8,2.0,23.1,3.746,-11.4,0,1,6245
2026-04-05T10:58:38,-1.707537,-111.475304,25.5,12.75,69.6,8,2.0,23.5,3.744,-11.4,0,1,6246
2026-04-05T10:59:06,-1.707128,-111.473770,26.1,12.74,65.8,8,2.0,23.1,3.747,-11.4,0,1,6247
2026-04-05T10:59:34,-1.706782,-111.472206,21.5,11.87,76.0,8,2.0,23.5,3.739,-11.4,0,1,6248
2026-04-05T11:00:03,-1.706230,-111.470589,22.5,13.08,70.1,8,2.0,23.1,3.744,-11.4,0,1,6249
2026-04-05T11:00:31,-1.705708,-111.469055,21.9,11.85,66.8,8,2.0,22.7,3.740,-11.4,0,1,6250
2026-04-05T11:00:59,-1.705308,-111.467491,24.9,12.60,68.8,8,2.0,23.1,3.746,-11.4,0,1,6251
2026-04-05T11:01:28,-1.704837,-111.465973,25.3,11.30,72.0,8,2.0,23.5,3.744,-11.4,0,1,6252
2026-04-05T11:01:56,-1.704400,-111.464424,23.4,11.17,68.3,8,2.0,22.7,3.741,-11.4,0,1,6253
2026-04-05T11:02:24,-1.703882,-111.462822,21.5,12.16,73.7,8,2.0,22.2,3.747,-11.4,0,1,6254
2026-04-05T11:02:53,-1.703322,-111.461220,25.5,12.35,75.3,8,2.0,23.5,3.744,-11.4,0,1,6255
2026-04-05T11:03:21,-1.702845,-111.459702,26.6,12.66,69.2,8,1.9,23.1,3.746,-11.4,0,1,6256
2026-04-05T11:03:49,-1.702390,-111.458138,26.3,12.45,73.2,8,1.9,23.1,3.747,-11.4,0,1,6257
2026-04-05T11:04:18,-1.701830,-111.456497,30.2,12.99,70.1,8,1.9,22.7,3.743,-11.4,0,1,6258
2026-04-05T11:04:46,-1.701312,-111.454941,30.5,13.61,73.0,7,2.4,22.7,3.747,-11.4,0,1,6259
2026-04-05T11:05:14,-1.700782,-111.453392,29.2,12.43,69.4,8,1.9,22.2,3.747,-11.4,0,1,6260
2026-04-05T11:05:43,-1.700238,-111.451775,26.2,13.01,73.5,8,1.9,22.7,3.741,-11.4,0,1,6261
2026-04-05T11:06:12,-1.699795,-111.450165,22.0,12.67,74.3,8,1.9,22.7,3.740,-11.4,0,1,6262
2026-04-05T11:06:41,-1.699228,-111.448524,22.8,12.33,70.5,8,1.9,23.1,3.741,614.8,0,1,6263
2026-04-05T11:07:09,-1.699002,-111.447014,9.4,12.76,79.7,9,1.3,22.7,3.741,-11.4,0,1,6264
2026-04-05T11:07:38,-1.698562,-111.445404,3.6,13.64,74.6,9,1.3,23.5,3.746,-11.4,0,1,6265
2026-04-05T11:08:07,-1.698073,-111.443802,6.7,12.47,71.1,9,1.3,23.1,3.739,-11.4,0,1,6266
2026-04-05T11:08:35,-1.697582,-111.442238,9.6,12.10,71.2,9,1.3,22.2,3.745,-11.4,0,1,6267
2026-04-05T11:09:04,-1.697105,-111.440643,11.6,12.88,72.4,9,1.3,22.7,3.744,-11.4,0,1,6268
2026-04-05T11:09:32,-1.696592,-111.439102,16.7,12.91,76.0,9,1.3,22.7,3.744,-11.4,0,1,6269
2026-04-05T11:10:01,-1.696045,-111.437553,20.8,12.17,68.5,9,1.3,22.7,3.744,-11.4,0,1,6270
2026-04-05T11:10:29,-1.695560,-111.435982,22.4,11.32,71.7,9,1.3,21.4,3.743,-11.4,0,1,6271
2026-04-05T11:10:58,-1.695053,-111.434326,21.8,12.40,70.6,9,1.3,21.8,3.744,-11.4,0,1,6272
2026-04-05T11:11:26,-1.694568,-111.432770,18.9,11.93,71.8,9,1.3,21.8,3.744,-11.4,0,1,6273
2026-04-05T11:11:54,-1.694092,-111.431221,16.7,14.06,68.3,9,1.3,22.7,3.743,-11.4,0,1,6274
2026-04-05T11:12:23,-1.693603,-111.429634,19.1,12.90,74.0,8,1.5,22.2,3.745,-11.4,0,1,6275
2026-04-05T11:12:51,-1.693117,-111.428093,21.3,11.56,72.0,8,1.5,22.2,3.744,-11.4,0,1,6276
2026-04-05T11:13:19,-1.692642,-111.426537,24.4,12.62,72.4,8,1.5,21.8,3.744,-11.4,0,1,6277
2026-04-05T11:13:48,-1.692080,-111.424919,32.3,12.38,65.2,8,1.5,22.2,3.743,-11.4,0,1,6278
2026-04-05T11:14:16,-1.691583,-111.423447,43.1,11.80,70.3,8,1.5,21.4,3.744,-11.4,0,1,6279
2026-04-05T11:14:44,-1.691053,-111.421974,51.6,12.95,67.2,8,1.5,21.8,3.745,-11.4,0,1,6280
2026-04-05T11:15:13,-1.690517,-111.420403,60.6,10.65,73.6,8,1.5,22.2,3.744,-11.4,0,1,6281
2026-04-05T11:15:41,-1.690015,-111.418793,67.8,12.67,71.6,8,1.5,22.2,3.745,-11.4,0,1,6282
2026-04-05T11:16:09,-1.689473,-111.417305,76.2,12.36,66.8,8,1.5,22.2,3.744,-11.4,0,1,6283
2026-04-05T11:16:38,-1.688967,-111.415657,70.2,12.70,72.5,8,1.5,22.7,3.744,-11.4,0,1,6284
2026-04-05T11:17:06,-1.688412,-111.414032,63.3,12.20,68.1,8,1.5,21.8,3.737,-11.4,0,1,6285
2026-04-05T11:17:34,-1.687947,-111.412453,62.8,11.64,73.5,8,1.5,21.8,3.741,-11.4,0,1,6286
2026-04-05T11:18:03,-1.687363,-111.410828,59.0,12.21,70.4,8,1.5,21.8,3.743,-11.4,0,1,6287
2026-04-05T11:18:31,-1.686908,-111.409241,56.1,12.80,73.8,8,1.5,20.9,3.739,-11.4,0,1,6288
2026-04-05T11:18:59,-1.686432,-111.407692,52.3,12.38,73.1,8,1.5,21.4,3.744,-11.4,0,1,6289
2026-04-05T11:19:28,-1.685947,-111.406044,50.0,13.15,77.4,7,1.5,21.8,3.741,-11.4,0,1,6290
2026-04-05T11:19:56,-1.685468,-111.404457,49.6,12.17,74.6,8,1.5,21.4,3.743,-11.4,0,1,6291
2026-04-05T11:20:24,-1.684922,-111.402916,53.3,12.10,71.0,8,1.5,21.4,3.744,-11.4,0,1,6292
2026-04-05T11:20:53,-1.684417,-111.401253,55.1,12.66,77.4,8,1.5,21.8,3.741,-11.4,0,1,6293
2026-04-05T11:21:21,-1.683932,-111.399704,54.2,11.60,72.6,8,1.5,20.9,3.739,-11.4,0,1,6294
2026-04-05T11:21:49,-1.683482,-111.398132,48.0,13.03,76.2,8,1.5,21.4,3.743,-11.4,0,1,6295
2026-04-05T11:22:18,-1.683015,-111.396492,40.2,12.56,74.1,8,1.4,21.8,3.743,-11.4,0,1,6296
2026-04-05T11:22:46,-1.682618,-111.394882,31.0,12.18,75.2,8,1.4,21.8,3.743,-11.4,0,1,6297
2026-04-05T11:23:14,-1.682115,-111.393303,30.8,12.80,74.2,7,1.8,20.9,3.741,-11.4,0,1,6298
2026-04-05T11:23:43,-1.681622,-111.391708,29.9,13.28,75.6,8,2.1,21.8,3.737,-11.4,0,1,6299
2026-04-05T11:24:11,-1.681222,-111.390106,24.1,12.42,70.9,8,1.4,20.9,3.737,-11.4,0,1,6300
2026-04-05T11:24:39,-1.680803,-111.388535,21.4,12.76,71.6,8,1.4,21.4,3.741,-11.4,0,1,6301
2026-04-05T11:25:08,-1.680277,-111.386971,26.5,11.19,71.4,7,1.5,21.4,3.743,-11.4,0,1,6302
2026-04-05T11:25:36,-1.679782,-111.385384,34.7,11.71,71.6,8,1.4,20.9,3.743,-11.4,0,1,6303
2026-04-05T11:26:04,-1.679297,-111.383820,33.5,11.99,70.6,8,1.4,21.4,3.741,-11.4,0,1,6304
2026-04-05T11:26:33,-1.678862,-111.382217,36.5,12.39,72.7,7,1.5,21.4,3.741,-11.4,0,1,6305
2026-04-05T11:27:01,-1.678347,-111.380608,34.7,11.71,73.4,8,1.4,20.9,3.740,-11.4,0,1,6306
2026-04-05T11:27:29,-1.677860,-111.379112,35.0,12.01,69.8,8,1.4,20.9,3.743,-11.4,0,1,6307
2026-04-05T11:27:58,-1.677448,-111.377449,29.3,12.37,73.1,8,1.4,21.4,3.743,-11.4,0,1,6308
2026-04-05T11:28:26,-1.676995,-111.375862,22.4,13.14,76.1,8,1.4,20.5,3.731,-11.4,0,1,6309
2026-04-05T11:28:54,-1.676595,-111.374260,8.9,12.32,73.1,8,1.4,20.5,3.740,-11.4,0,1,6310
2026-04-05T11:29:23,-1.676173,-111.372635,-1.7,12.73,75.2,7,1.5,21.4,3.737,-11.4,0,1,6311
2026-04-05T11:29:51,-1.675698,-111.371048,-4.3,12.41,70.0,8,1.4,20.5,3.743,-11.4,0,1,6312
2026-04-05T11:30:19,-1.675137,-111.369499,-2.0,13.24,70.1,8,1.4,20.9,3.743,-11.4,0,1,6313
2026-04-05T11:30:48,-1.674653,-111.367859,1.1,12.13,76.6,8,1.4,20.9,3.740,-11.4,0,1,6314
2026-04-05T11:31:16,-1.674125,-111.366196,-4.1,12.16,68.9,8,1.4,21.4,3.743,-11.4,0,1,6315
2026-04-05T11:31:44,-1.673705,-111.364647,-11.4,12.46,70.7,8,1.4,21.4,3.741,-11.4,0,1,6316
2026-04-05T11:32:13,-1.673142,-111.363045,-7.6,14.16,74.4,7,1.5,21.8,3.739,-11.4,0,1,6317
2026-04-05T11:32:41,-1.672642,-111.361473,2.8,13.13,74.1,8,1.4,20.9,3.741,-11.4,0,1,6318
2026-04-05T11:33:09,-1.671997,-111.360023,23.5,12.56,71.9,10,1.1,20.5,3.737,-11.4,0,1,6319
2026-04-05T11:33:38,-1.671347,-111.358452,40.0,11.80,72.0,9,1.1,21.4,3.740,-11.4,0,1,6320
2026-04-05T11:34:06,-1.670860,-111.356850,42.2,12.77,72.5,10,1.1,20.9,3.740,-11.4,0,1,6321
2026-04-05T11:34:34,-1.670352,-111.355263,42.7,12.62,69.6,10,1.1,20.5,3.740,-11.4,0,1,6322
2026-04-05T11:35:03,-1.669830,-111.353622,46.4,13.31,66.3,9,1.1,20.5,3.740,-11.4,0,1,6323
2026-04-05T11:35:31,-1.669355,-111.352036,42.4,12.91,71.5,9,1.1,20.5,3.740,-11.4,0,1,6324
2026-04-05T11:35:59,-1.668843,-111.350464,39.6,12.84,71.3,10,1.1,20.5,3.741,-11.4,0,1,6325
2026-04-05T11:36:28,-1.668372,-111.348785,32.8,12.96,75.2,9,1.1,20.9,3.736,-11.4,0,1,6326
2026-04-05T11:36:56,-1.667885,-111.347160,26.1,13.31,68.7,10,1.1,20.1,3.740,-11.4,0,1,6327
2026-04-05T11:37:24,-1.667415,-111.345573,22.9,12.51,74.0,10,1.1,20.9,3.737,-11.4,0,1,6328
2026-04-05T11:37:53,-1.666870,-111.343948,22.9,13.42,73.2,9,1.1,20.9,3.740,-11.4,0,1,6329
2026-04-05T11:38:21,-1.666332,-111.342415,25.1,13.09,71.9,9,1.1,20.1,3.741,-11.4,0,1,6330
2026-04-05T11:38:49,-1.665890,-111.340790,34.9,11.77,71.3,9,1.1,20.1,3.737,-11.4,0,1,6331
2026-04-05T11:39:18,-1.665510,-111.339127,35.8,12.47,74.7,9,1.1,20.5,3.735,-11.4,0,1,6332
2026-04-05T11:39:46,-1.665075,-111.337509,35.5,12.38,71.6,10,1.1,20.1,3.739,-11.4,0,1,6333
2026-04-05T11:40:14,-1.664643,-111.335937,29.7,12.60,75.0,9,1.1,20.5,3.737,-11.4,0,1,6334
2026-04-05T11:40:43,-1.664187,-111.334274,25.4,12.61,76.0,9,1.1,20.5,3.739,-11.4,0,1,6335
2026-04-05T11:41:11,-1.663677,-111.332695,27.4,12.55,77.3,10,1.1,20.1,3.740,-11.4,0,1,6336
2026-04-05T11:41:39,-1.663217,-111.331062,30.9,13.12,74.2,8,1.5,19.8,3.736,-6.9,0,1,6337
2026-04-05T11:42:08,-1.662782,-111.329391,26.0,13.20,78.3,8,1.5,20.9,3.736,-11.4,0,1,6338
2026-04-05T11:42:36,-1.662252,-111.327820,26.1,12.94,73.6,8,1.5,20.1,3.737,-11.4,0,1,6339
2026-04-05T11:43:04,-1.661720,-111.326286,29.1,12.77,75.1,9,1.1,20.1,3.740,-11.4,0,1,6340
2026-04-05T11:43:33,-1.661217,-111.324646,28.0,12.67,74.7,9,1.1,20.5,3.739,-11.4,0,1,6341
2026-04-05T11:44:01,-1.660768,-111.323097,25.3,12.14,73.2,9,1.1,20.1,3.737,-11.4,0,1,6342
2026-04-05T11:44:29,-1.660310,-111.321487,35.2,12.91,73.2,9,1.1,19.8,3.737,-6.9,0,1,6343
2026-04-05T11:44:58,-1.659878,-111.319824,32.4,13.12,74.7,9,1.1,20.5,3.739,-11.4,0,1,6344
2026-04-05T11:45:26,-1.659510,-111.318169,32.3,13.07,75.7,8,1.6,19.6,3.730,-6.9,0,1,6345
2026-04-05T11:45:54,-1.659048,-111.316559,30.8,12.73,73.6,9,1.1,20.1,3.739,-11.4,0,1,6346
2026-04-05T11:46:23,-1.658618,-111.314865,28.4,12.49,76.2,9,1.1,19.8,3.737,-6.9,0,1,6347
2026-04-05T11:46:51,-1.658212,-111.313255,17.9,12.38,76.8,9,1.1,19.6,3.739,-6.9,0,1,6348
2026-04-05T11:47:19,-1.657753,-111.311668,17.1,12.87,75.7,9,1.1,19.8,3.733,-6.9,0,1,6349
2026-04-05T11:47:48,-1.657325,-111.310005,15.8,12.18,76.0,9,1.1,20.1,3.737,-11.4,0,1,6350
2026-04-05T11:48:16,-1.656865,-111.308388,12.2,12.54,75.7,10,1.0,19.6,3.737,-6.9,0,1,6351
2026-04-05T11:48:44,-1.656338,-111.306801,15.6,12.02,70.0,10,1.0,19.8,3.735,-6.9,0,1,6352
2026-04-05T11:49:13,-1.655862,-111.305176,14.0,12.90,78.5,9,1.5,19.8,3.735,-6.9,0,1,6353
2026-04-05T11:49:41,-1.655498,-111.303528,16.4,12.72,77.6,10,1.0,19.8,3.736,-6.9,0,1,6354
2026-04-05T11:50:09,-1.655025,-111.301903,13.9,13.40,77.3,10,1.0,19.8,3.736,-6.9,0,1,6355
2026-04-05T11:50:38,-1.654530,-111.300247,11.1,12.99,69.1,9,1.5,20.1,3.736,-11.4,0,1,6356
2026-04-05T11:51:06,-1.654045,-111.298622,5.0,12.72,72.6,9,1.5,19.3,3.737,-6.9,0,1,6357
2026-04-05T11:51:34,-1.653587,-111.297012,7.3,12.51,76.6,9,1.5,19.6,3.733,-6.9,0,1,6358
2026-04-05T11:52:03,-1.653157,-111.295357,9.9,13.54,76.7,9,1.5,19.8,3.737,-6.9,0,1,6359
2026-04-05T11:52:31,-1.652673,-111.293785,9.4,12.86,70.6,9,1.5,19.3,3.737,-6.9,0,1,6360
2026-04-05T11:52:59,-1.652233,-111.292160,9.9,13.22,75.0,10,1.0,19.8,3.736,-6.9,0,1,6361
2026-04-05T11:53:28,-1.651750,-111.290520,1.3,12.87,73.1,10,1.0,19.8,3.737,-6.9,0,1,6362
2026-04-05T11:53:56,-1.651307,-111.288910,-2.1,12.78,73.0,9,1.5,19.6,3.736,-6.9,0,1,6363
2026-04-05T11:54:24,-1.650898,-111.287308,-9.5,13.31,73.9,10,1.0,19.6,3.734,-6.9,0,1,6364
2026-04-05T11:54:53,-1.650403,-111.285622,-10.8,13.52,73.7,10,1.4,19.8,3.736,-6.9,0,1,6365
2026-04-05T11:55:21,-1.649973,-111.284019,-9.4,13.34,75.3,10,1.4,19.3,3.736,-6.9,0,1,6366
2026-04-05T11:55:49,-1.649482,-111.282417,-4.1,13.05,72.7,11,1.0,20.1,3.734,-11.4,0,1,6367
2026-04-05T11:56:18,-1.649025,-111.280823,-7.7,13.10,71.9,10,1.4,19.6,3.735,-6.9,0,1,6368
2026-04-05T11:56:46,-1.648528,-111.279190,-3.8,13.69,75.3,10,1.4,19.8,3.736,-6.9,0,1,6369
2026-04-05T11:57:14,-1.648115,-111.277618,-2.0,12.93,73.7,11,1.0,19.6,3.734,-6.9,0,1,6370
2026-04-05T11:57:43,-1.647638,-111.275940,2.7,12.89,76.2,10,1.4,19.8,3.735,-6.9,0,1,6371
2026-04-05T11:58:11,-1.647158,-111.274330,1.6,12.93,74.1,9,1.6,19.3,3.730,-6.9,0,1,6372
2026-04-05T11:58:39,-1.646698,-111.272766,-3.7,12.82,71.0,10,1.4,20.1,3.731,-11.4,0,1,6373
2026-04-05T11:59:08,-1.646203,-111.271118,-0.4,12.46,71.5,10,1.4,19.6,3.735,-6.9,0,1,6374
2026-04-05T11:59:36,-1.645740,-111.269539,-5.7,12.97,72.4,10,1.4,19.1,3.736,-6.9,0,1,6375
2026-04-05T12:00:04,-1.645295,-111.267929,-1.6,12.83,75.5,10,1.4,19.3,3.735,-6.9,0,1,6376
2026-04-05T12:00:33,-1.644790,-111.266266,0.4,11.99,74.0,10,1.4,19.8,3.734,-6.9,0,1,6377
2026-04-05T12:01:01,-1.644322,-111.264702,-1.5,12.70,70.8,10,1.4,19.1,3.734,-6.9,0,1,6378
2026-04-05T12:01:29,-1.643865,-111.263130,-5.8,12.88,76.2,10,1.4,19.3,3.734,-6.9,0,1,6379
2026-04-05T12:01:58,-1.643370,-111.261490,-1.4,12.67,68.5,11,1.4,19.6,3.735,-6.9,0,1,6380
2026-04-05T12:02:26,-1.642847,-111.259979,-1.3,12.53,67.9,11,1.4,19.3,3.734,-6.9,0,1,6381
2026-04-05T12:02:54,-1.642355,-111.258423,4.8,11.56,69.9,11,1.4,19.6,3.734,-6.9,0,1,6382
2026-04-05T12:03:23,-1.641867,-111.256767,-0.1,12.86,76.0,11,1.4,19.8,3.735,-6.9,0,1,6383
2026-04-05T12:03:51,-1.641443,-111.255165,0.1,12.66,75.1,11,1.4,18.8,3.734,-6.9,0,1,6384
2026-04-05T12:04:19,-1.640990,-111.253609,-4.0,12.79,75.3,11,1.4,19.1,3.734,-6.9,0,1,6385
2026-04-05T12:04:48,-1.640458,-111.251968,0.4,13.24,71.0,11,1.4,19.6,3.735,-6.9,0,1,6386
2026-04-05T12:05:16,-1.640013,-111.250397,1.3,12.82,74.6,10,1.4,19.6,3.725,-6.9,0,1,6387
2026-04-05T12:05:44,-1.639530,-111.248810,7.7,13.00,71.4,11,1.4,18.8,3.733,-6.9,0,1,6388
2026-04-05T12:06:13,-1.639027,-111.247177,11.9,13.29,72.4,11,1.4,19.3,3.734,-6.9,0,1,6389
2026-04-05T12:06:41,-1.638517,-111.245628,18.2,12.50,72.9,11,1.4,19.6,3.730,-6.9,0,1,6390
2026-04-05T12:07:09,-1.638090,-111.244034,22.8,12.40,68.6,11,1.4,19.1,3.731,-6.9,0,1,6391
2026-04-05T12:07:38,-1.637623,-111.242355,29.8,12.65,71.5,11,1.4,19.1,3.735,-6.9,0,1,6392
2026-04-05T12:08:06,-1.637240,-111.240753,27.0,12.69,72.2,11,1.4,19.1,3.725,-6.9,0,1,6393
2026-04-05T12:08:34,-1.636727,-111.239220,23.7,12.75,76.3,11,1.4,19.1,3.734,-6.9,0,1,6394
2026-04-05T12:09:03,-1.636223,-111.237595,24.4,12.21,68.2,11,1.4,19.3,3.733,-6.9,0,1,6395
2026-04-05T12:09:31,-1.635780,-111.236008,24.0,12.62,73.3,11,1.4,19.1,3.734,-6.9,0,1,6396
2026-04-05T12:09:59,-1.635418,-111.234428,13.2,12.29,72.1,11,1.4,18.8,3.730,-6.9,0,1,6397
2026-04-05T12:10:28,-1.634800,-111.232834,21.3,13.16,68.3,11,1.3,19.3,3.734,-6.9,0,1,6398
2026-04-05T12:10:56,-1.634398,-111.231285,19.2,12.00,74.5,11,1.3,19.1,3.734,-6.9,0,1,6399
2026-04-05T12:11:24,-1.634115,-111.229645,6.3,12.23,75.2,11,1.3,18.8,3.734,-6.9,0,1,6400
2026-04-05T12:11:53,-1.633548,-111.228004,12.1,12.30,70.8,10,1.4,19.1,3.733,-6.9,0,1,6401
2026-04-05T12:12:21,-1.633098,-111.226410,-14.5,12.99,73.3,11,1.3,19.1,3.734,-6.9,0,1,6402
2026-04-05T12:12:49,-1.632443,-111.224899,-4.7,12.59,71.7,11,1.3,19.1,3.729,-6.9,0,1,6403
2026-04-05T12:13:18,-1.631940,-111.223312,-9.9,12.76,70.0,11,1.3,19.1,3.733,-6.9,0,1,6404
2026-04-05T12:13:46,-1.631488,-111.221748,-4.9,12.70,74.7,11,1.3,18.8,3.733,-6.9,0,1,6405
2026-04-05T12:14:14,-1.630942,-111.220215,-1.3,12.62,67.8,11,1.3,19.1,3.731,-6.9,0,1,6406
2026-04-05T12:14:43,-1.630440,-111.218613,-2.6,13.10,71.3,11,1.3,19.3,3.731,-6.9,0,1,6407
2026-04-05T12:15:11,-1.630053,-111.217010,-1.8,13.21,71.8,11,1.3,18.8,3.734,-6.9,0,1,6408
2026-04-05T12:15:39,-1.629480,-111.215462,6.3,12.52,70.9,11,1.3,18.8,3.727,-6.9,0,1,6409
2026-04-05T12:16:08,-1.629058,-111.213837,2.7,12.97,73.3,11,1.3,19.3,3.733,514.2,0,1,6410
2026-04-05T12:16:36,-1.628503,-111.212288,10.3,12.55,72.1,11,1.3,18.5,3.733,-6.9,0,1,6411
2026-04-05T12:17:04,-1.628147,-111.210686,2.1,12.69,73.1,11,1.3,18.8,3.731,-6.9,0,1,6412
2026-04-05T12:17:33,-1.627673,-111.209053,-3.2,12.45,74.0,11,1.3,18.8,3.731,-6.9,0,1,6413
2026-04-05T12:18:01,-1.627215,-111.207489,-9.1,12.44,72.5,11,1.3,18.0,3.733,-6.9,0,1,6414
2026-04-05T12:18:29,-1.626768,-111.205917,-3.5,12.31,71.9,11,1.3,18.3,3.727,-7.1,0,1,6415
2026-04-05T12:18:58,-1.626350,-111.204285,-5.6,12.02,72.6,11,1.3,19.1,3.731,-6.9,0,1,6416
2026-04-05T12:19:26,-1.625885,-111.202736,-0.7,13.54,74.7,12,1.1,18.5,3.731,-6.9,0,1,6417
2026-04-05T12:19:54,-1.625437,-111.201164,0.6,12.69,76.8,12,1.1,18.3,3.731,-7.1,0,1,6418
2026-04-05T12:20:23,-1.624977,-111.199577,-0.8,11.64,78.2,12,1.1,18.8,3.731,-6.9,0,1,6419
2026-04-05T12:20:51,-1.624468,-111.198013,2.8,12.40,68.7,12,1.1,18.3,3.731,-7.1,0,1,6420
2026-04-05T12:21:19,-1.623983,-111.196465,4.5,12.01,70.6,12,1.1,18.8,3.729,-6.9,0,1,6421
2026-04-05T12:21:48,-1.623548,-111.194855,-2.5,12.18,72.7,12,1.1,18.8,3.730,-6.9,0,1,6422
2026-04-05T12:22:16,-1.623072,-111.193283,-2.2,13.60,74.2,12,1.1,18.3,3.731,-7.1,0,1,6423
2026-04-05T12:22:44,-1.622615,-111.191719,-1.7,12.82,70.1,12,1.1,18.5,3.731,-6.9,0,1,6424
2026-04-05T12:23:13,-1.622172,-111.190109,-2.1,12.11,76.5,12,1.1,18.8,3.730,-6.9,0,1,6425
2026-04-05T12:23:41,-1.621748,-111.188560,-3.1,12.37,75.4,12,1.1,18.5,3.730,-6.9,0,1,6426
2026-04-05T12:24:09,-1.621287,-111.186996,-4.9,12.38,70.8,12,1.1,18.5,3.729,-6.9,0,1,6427
2026-04-05T12:24:38,-1.620788,-111.185341,1.2,12.94,71.0,12,1.1,19.1,3.731,-6.9,0,1,6428
2026-04-05T12:25:06,-1.620292,-111.183784,1.0,12.28,67.4,12,1.1,18.3,3.730,-7.1,0,1,6429
2026-04-05T12:25:34,-1.619823,-111.182243,-4.8,12.93,69.1,12,1.1,18.3,3.730,-7.1,0,1,6430
2026-04-05T12:26:03,-1.619335,-111.180580,1.0,13.00,72.4,12,1.1,18.8,3.730,-6.9,0,1,6431
2026-04-05T12:26:31,-1.618845,-111.179031,2.1,11.64,72.4,12,1.1,18.0,3.725,-6.9,0,1,6432
2026-04-05T12:26:59,-1.618428,-111.177422,4.9,13.62,79.2,12,1.1,19.1,3.730,-6.9,0,1,6433
2026-04-05T12:27:28,-1.617875,-111.175835,6.3,12.43,71.7,12,1.1,19.1,3.726,-6.9,0,1,6434
2026-04-05T12:27:56,-1.617435,-111.174232,4.9,12.76,74.3,12,1.1,18.3,3.731,-7.1,0,1,6435
2026-04-05T12:28:24,-1.616953,-111.172699,4.7,12.37,71.8,12,1.1,18.3,3.727,-7.1,0,1,6436
2026-04-05T12:28:53,-1.616422,-111.171059,7.3,13.01,72.2,12,1.1,18.5,3.729,-6.9,0,1,6437
2026-04-05T12:29:21,-1.615888,-111.169472,3.8,11.92,70.2,12,1.1,17.8,3.730,-6.9,0,1,6438
2026-04-05T12:29:49,-1.615455,-111.167908,5.0,12.73,71.3,12,1.1,18.3,3.727,-7.1,0,1,6439
2026-04-05T12:30:18,-1.615020,-111.166260,7.3,13.97,70.7,11,1.4,18.3,3.729,-7.1,0,1,6440
2026-04-05T12:30:46,-1.614507,-111.164696,7.7,13.01,69.0,12,1.1,17.8,3.725,-6.9,0,1,6441
2026-04-05T12:31:14,-1.614103,-111.163139,7.3,13.01,70.0,11,1.4,18.3,3.726,-7.1,0,1,6442
2026-04-05T12:31:43,-1.613480,-111.161537,4.4,12.77,75.7,11,1.4,18.3,3.730,-7.1,0,1,6443
2026-04-05T12:32:11,-1.613172,-111.159958,0.4,12.20,72.2,11,1.4,18.0,3.729,-6.9,0,1,6444
2026-04-05T12:32:39,-1.612632,-111.158363,7.0,12.61,71.9,12,1.1,18.0,3.725,-6.9,0,1,6445
2026-04-05T12:33:08,-1.612097,-111.156776,10.6,12.29,73.7,12,1.1,18.0,3.727,-6.9,0,1,6446
2026-04-05T12:33:36,-1.611635,-111.155174,6.2,13.05,71.1,10,1.4,18.0,3.730,-6.9,0,1,6447
2026-04-05T12:34:04,-1.611183,-111.153572,7.6,12.61,75.2,11,1.1,18.3,3.725,-7.1,0,1,6448
2026-04-05T12:34:33,-1.610622,-111.151962,16.3,12.58,74.1,11,1.1,18.3,3.727,-7.1,0,1,6449
2026-04-05T12:35:01,-1.610073,-111.150375,29.7,12.56,71.9,11,1.1,18.0,3.729,-6.9,0,1,6450
2026-04-05T12:35:29,-1.609637,-111.148827,27.9,12.04,76.1,11,1.1,18.3,3.727,-7.1,0,1,6451
2026-04-05T12:35:58,-1.609125,-111.147186,26.4,12.91,74.5,11,1.1,18.0,3.729,-6.9,0,1,6452
2026-04-05T12:36:26,-1.608567,-111.145622,16.4,13.58,67.9,10,1.4,17.5,3.720,-6.9,0,1,6453
2026-04-05T12:36:54,-1.608067,-111.144073,25.7,12.85,70.6,9,1.5,17.5,3.727,-6.9,0,1,6454
2026-04-05T12:37:23,-1.607538,-111.142464,20.4,12.60,69.6,9,1.5,18.5,3.727,-6.9,0,1,6455
2026-04-05T12:37:51,-1.607138,-111.140915,25.8,11.99,74.9,9,1.5,17.5,3.723,-6.9,0,1,6456
2026-04-05T12:38:19,-1.606730,-111.139305,16.8,13.61,75.3,9,1.5,17.5,3.729,-6.9,0,1,6457
2026-04-05T12:38:48,-1.606252,-111.137688,13.1,12.09,73.4,10,1.1,17.8,3.727,-6.9,0,1,6458
2026-04-05T12:39:16,-1.605852,-111.136101,10.2,12.77,70.8,10,1.1,17.5,3.726,-6.9,0,1,6459
2026-04-05T12:39:44,-1.605407,-111.134529,17.4,12.65,70.7,9,1.5,17.8,3.725,-6.9,0,1,6460
2026-04-05T12:40:13,-1.604950,-111.132874,10.4,12.54,70.6,10,1.1,18.3,3.726,-7.1,0,1,6461
2026-04-05T12:40:41,-1.604488,-111.131340,9.2,12.58,74.6,8,1.5,17.8,3.727,-6.9,0,1,6462
2026-04-05T12:41:09,-1.604022,-111.129807,5.5,12.72,66.7,8,1.5,17.8,3.727,-6.9,0,1,6463
2026-04-05T12:41:38,-1.603555,-111.128166,11.6,12.46,72.5,8,1.5,17.8,3.727,-6.9,0,1,6464
2026-04-05T12:42:06,-1.603107,-111.126602,9.3,12.17,73.5,8,1.5,17.8,3.723,-6.9,0,1,6465
2026-04-05T12:42:34,-1.602603,-111.125084,7.7,12.26,72.9,9,1.2,18.0,3.726,-6.9,0,1,6466
2026-04-05T12:43:03,-1.602102,-111.123497,1.1,11.87,71.6,9,1.2,17.8,3.726,-6.9,0,1,6467
2026-04-05T12:43:31,-1.601675,-111.121948,5.9,12.73,73.0,9,1.2,17.2,3.719,-6.9,0,1,6468
2026-04-05T12:43:59,-1.601188,-111.120407,4.2,12.95,66.6,9,1.2,17.5,3.727,-6.9,0,1,6469
2026-04-05T12:44:28,-1.600818,-111.118797,-1.6,12.26,76.4,9,1.1,17.8,3.723,-6.9,0,1,6470
2026-04-05T12:44:56,-1.600375,-111.117249,1.2,11.88,70.9,8,1.5,17.8,3.721,-6.9,0,1,6471
2026-04-05T12:45:24,-1.599968,-111.115715,3.6,12.94,73.0,9,1.1,17.5,3.724,-6.9,0,1,6472
2026-04-05T12:45:53,-1.599618,-111.114044,12.6,13.48,81.8,9,1.1,18.3,3.727,-7.1,0,1,6473
2026-04-05T12:46:21,-1.599208,-111.112495,10.6,11.73,74.3,9,1.1,17.2,3.720,-6.9,0,1,6474
2026-04-05T12:46:49,-1.598765,-111.110939,2.1,12.30,74.8,9,1.1,17.8,3.726,-6.9,0,1,6475
2026-04-05T12:47:18,-1.598312,-111.109337,-0.3,12.11,75.8,9,1.1,17.8,3.723,-6.9,0,1,6476
2026-04-05T12:47:46,-1.597880,-111.107750,1.1,12.81,76.9,9,1.1,17.5,3.726,-6.9,0,1,6477
2026-04-05T12:48:14,-1.597458,-111.106216,5.6,12.15,75.2,9,1.1,17.8,3.725,-6.9,0,1,6478
2026-04-05T12:48:43,-1.596977,-111.104599,5.3,12.27,78.9,10,1.0,17.8,3.723,-6.9,0,1,6479
2026-04-05T12:49:11,-1.596502,-111.103043,4.8,12.49,73.0,10,1.0,17.5,3.725,-6.9,0,1,6480
2026-04-05T12:49:39,-1.596077,-111.101479,3.5,12.23,75.2,10,1.0,17.8,3.725,-6.9,0,1,6481
2026-04-05T12:50:08,-1.595600,-111.099854,5.2,12.23,75.1,9,1.1,17.8,3.725,-6.9,0,1,6482
2026-04-05T12:50:36,-1.595145,-111.098289,13.0,12.35,76.5,10,1.0,17.0,3.726,-6.9,0,1,6483
2026-04-05T12:51:04,-1.594702,-111.096695,1.0,12.05,78.3,10,1.0,17.2,3.726,-6.9,0,1,6484
2026-04-05T12:51:33,-1.594197,-111.095100,1.0,12.38,73.6,10,1.0,17.8,3.727,-6.9,0,1,6485
2026-04-05T12:52:01,-1.593780,-111.093529,1.5,13.17,75.3,10,1.0,17.0,3.725,-6.9,0,1,6486
2026-04-05T12:52:29,-1.593432,-111.091942,3.5,12.53,75.9,10,1.0,17.0,3.724,-6.9,0,1,6487
2026-04-05T12:52:58,-1.592935,-111.090317,6.9,12.48,76.6,10,1.0,17.2,3.725,-6.9,0,1,6488
2026-04-05T12:53:26,-1.592607,-111.088753,7.4,12.82,79.8,10,1.0,17.2,3.725,-6.9,0,1,6489
2026-04-05T12:53:54,-1.592147,-111.087128,9.8,12.64,75.4,10,1.0,17.2,3.725,-6.9,0,1,6490
2026-04-05T12:54:23,-1.591622,-111.085495,4.0,12.54,74.8,10,1.0,17.2,3.721,-6.9,0,1,6491
2026-04-05T12:54:51,-1.591142,-111.083931,1.9,12.94,74.0,10,1.0,17.2,3.716,-6.9,0,1,6492
2026-04-05T12:55:19,-1.590712,-111.082344,8.7,12.77,73.2,9,1.1,17.0,3.725,-6.9,0,1,6493
2026-04-05T12:55:48,-1.590290,-111.080727,1.9,12.26,75.9,10,1.0,17.2,3.724,-6.9,0,1,6494
2026-04-05T12:56:16,-1.589898,-111.079140,-1.3,12.50,70.9,9,1.1,17.0,3.724,-6.9,0,1,6495
2026-04-05T12:56:44,-1.589503,-111.077545,-2.0,12.66,71.7,9,1.1,16.7,3.723,-6.9,0,1,6496
2026-04-05T12:57:13,-1.589012,-111.075920,-2.5,11.87,77.6,10,1.0,17.2,3.725,-6.9,0,1,6497
2026-04-05T12:57:41,-1.588577,-111.074341,-3.4,12.42,76.9,9,1.3,17.0,3.723,-6.9,0,1,6498
2026-04-05T12:58:09,-1.588162,-111.072754,7.3,13.00,75.7,10,1.0,17.0,3.720,-6.9,0,1,6499
2026-04-05T12:58:38,-1.587710,-111.071106,10.1,12.53,75.4,10,1.0,17.2,3.723,-6.9,0,1,6500
2026-04-05T12:59:06,-1.587300,-111.069519,14.1,12.67,72.5,8,1.8,17.0,3.723,-6.9,0,1,6501
2026-04-05T12:59:34,-1.586825,-111.067970,11.6,12.43,71.8,10,1.0,17.0,3.725,-6.9,0,1,6502
2026-04-05T13:00:03,-1.586390,-111.066345,14.4,12.74,73.3,9,1.2,17.2,3.724,-6.9,0,1,6503
2026-04-05T13:00:31,-1.585917,-111.064781,6.8,11.90,76.4,9,1.2,17.0,3.723,-6.9,0,1,6504
2026-04-05T13:00:59,-1.585465,-111.063179,6.4,12.53,73.1,8,1.4,16.7,3.725,-6.9,0,1,6505
2026-04-05T13:01:28,-1.584978,-111.061531,1.6,12.09,73.5,10,1.0,17.2,3.724,-6.9,0,1,6506
2026-04-05T13:01:56,-1.584495,-111.060005,7.0,12.16,75.7,10,1.0,16.7,3.715,-6.9,0,1,6507
2026-04-05T13:02:24,-1.583975,-111.058395,4.4,12.48,78.9,10,1.0,17.0,3.725,-6.9,0,1,6508
2026-04-05T13:02:53,-1.583540,-111.056770,3.3,12.35,72.3,9,1.1,17.0,3.724,-6.9,0,1,6509
2026-04-05T13:03:21,-1.583045,-111.055191,-2.7,12.25,71.8,9,1.0,16.7,3.723,-6.9,0,1,6510
2026-04-05T13:03:49,-1.582577,-111.053635,-0.9,12.76,70.8,10,1.0,16.7,3.721,-6.9,0,1,6511
2026-04-05T13:04:18,-1.582122,-111.052010,-2.8,12.88,69.3,9,1.0,17.0,3.723,-6.9,0,1,6512
2026-04-05T13:04:46,-1.581628,-111.050461,-4.3,12.26,70.9,8,1.8,17.2,3.723,-6.9,0,1,6513
2026-04-05T13:05:14,-1.581123,-111.048882,-11.1,12.17,71.7,9,1.2,16.7,3.723,-6.9,0,1,6514
2026-04-05T13:05:43,-1.580675,-111.047234,-7.2,13.08,72.9,8,1.8,17.0,3.723,-6.9,0,1,6515
2026-04-05T13:06:11,-1.580170,-111.045670,-4.9,12.61,65.0,8,1.8,16.5,3.724,-6.9,0,1,6516
2026-04-05T13:06:39,-1.579735,-111.044098,-7.4,12.69,73.3,9,1.2,17.0,3.717,-6.9,0,1,6517
2026-04-05T13:07:08,-1.579243,-111.042419,-13.1,12.00,75.9,8,1.8,17.0,3.721,-6.9,0,1,6518
2026-04-05T13:07:36,-1.578675,-111.040855,-15.3,13.88,71.1,9,1.0,16.5,3.724,-6.9,0,1,6519
2026-04-05T13:08:04,-1.578017,-111.039307,-33.3,12.88,64.9,10,1.0,16.5,3.719,-6.9,0,1,6520
2026-04-05T13:08:33,-1.577467,-111.037674,-37.7,12.28,69.2,9,1.0,17.0,3.721,-6.9,0,1,6521
2026-04-05T13:09:01,-1.576968,-111.036079,-35.1,11.99,79.1,9,1.0,16.5,3.721,-6.9,0,1,6522
2026-04-05T13:09:29,-1.576438,-111.034561,-27.7,12.58,64.4,7,3.0,16.7,3.720,-6.9,0,1,6523
2026-04-05T13:09:58,-1.575952,-111.032921,-23.3,13.40,68.2,8,1.7,16.7,3.723,-6.9,0,1,6524
2026-04-05T13:10:26,-1.575430,-111.031372,-27.2,12.94,70.2,9,1.2,16.2,3.720,-7.1,0,1,6525
2026-04-05T13:10:54,-1.574947,-111.029808,-17.7,12.87,65.4,8,1.7,16.5,3.721,-6.9,0,1,6526
2026-04-05T13:11:23,-1.574478,-111.028175,-14.5,12.31,78.8,8,1.7,16.7,3.721,-6.9,0,1,6527
2026-04-05T13:11:51,-1.573952,-111.026596,-15.4,12.66,72.0,8,1.7,16.5,3.721,-6.9,0,1,6528
2026-04-05T13:12:19,-1.573452,-111.025040,-8.7,12.60,74.3,8,1.7,16.5,3.723,-6.9,0,1,6529
2026-04-05T13:12:48,-1.572843,-111.023437,-10.9,12.58,64.9,8,1.7,16.7,3.723,-6.9,0,1,6530
2026-04-05T13:13:16,-1.572433,-111.021873,-15.9,12.42,76.7,7,1.9,16.5,3.713,-6.9,0,1,6531
2026-04-05T13:13:44,-1.571878,-111.020317,-14.4,13.13,66.8,7,1.9,16.2,3.721,-7.1,0,1,6532
2026-04-05T13:14:13,-1.571402,-111.018646,-22.9,13.03,74.0,7,1.9,16.7,3.721,-6.9,0,1,6533
2026-04-05T13:14:41,-1.570765,-111.017136,-25.1,12.89,61.3,7,1.9,16.5,3.721,-6.9,0,1,6534
2026-04-05T13:15:09,-1.570320,-111.015602,-9.6,12.50,72.8,7,1.9,16.5,3.721,-6.9,0,1,6535
2026-04-05T13:15:38,-1.569838,-111.013977,2.2,11.73,68.1,7,1.9,16.7,3.716,-6.9,0,1,6536
2026-04-05T13:16:06,-1.569330,-111.012413,-1.3,12.03,67.4,7,1.9,16.2,3.720,-7.1,0,1,6537
2026-04-05T13:16:34,-1.568820,-111.010864,-4.3,12.24,68.5,7,1.8,15.9,3.720,-6.9,0,1,6538
2026-04-05T13:17:03,-1.568273,-111.009239,-5.0,12.48,64.1,7,1.8,16.5,3.716,-6.9,0,1,6539
2026-04-05T13:17:31,-1.567810,-111.007690,-1.0,12.41,69.7,7,1.8,16.2,3.713,-7.1,0,1,6540
2026-04-05T13:17:59,-1.567383,-111.006081,10.1,12.27,72.5,7,1.8,15.9,3.720,-6.9,0,1,6541
2026-04-05T13:18:28,-1.566883,-111.004440,10.7,12.71,74.9,7,1.8,16.5,3.719,-6.9,0,1,6542
2026-04-05T13:18:56,-1.566408,-111.002869,9.9,12.43,70.3,7,1.8,15.7,3.713,-6.9,0,1,6543
2026-04-05T13:19:24,-1.565953,-111.001266,11.1,12.95,73.8,7,1.8,16.2,3.720,-7.1,0,1,6544
2026-04-05T13:19:53,-1.565433,-110.999626,13.3,12.78,66.1,7,1.8,16.5,3.720,-6.9,0,1,6545
2026-04-05T13:20:21,-1.564962,-110.998055,12.6,12.99,70.5,7,1.8,15.9,3.720,-6.9,0,1,6546
2026-04-05T13:20:49,-1.564467,-110.996490,6.8,12.53,72.9,7,1.8,15.9,3.720,-6.9,0,1,6547
2026-04-05T13:21:18,-1.563942,-110.994865,-1.4,12.87,77.3,7,1.8,15.9,3.719,-6.9,0,1,6548
2026-04-05T13:21:46,-1.563418,-110.993309,-3.3,12.28,70.3,7,1.8,15.9,3.719,-6.9,0,1,6549
2026-04-05T13:22:14,-1.562948,-110.991722,0.1,12.47,69.2,7,1.7,16.2,3.719,-7.1,0,1,6550
2026-04-05T13:22:43,-1.562395,-110.990044,-2.7,12.50,71.7,7,1.7,16.5,3.717,-6.9,0,1,6551
2026-04-05T13:23:11,-1.561907,-110.988495,-7.4,12.78,76.4,7,1.7,15.9,3.719,-6.9,0,1,6552
2026-04-05T13:23:39,-1.561408,-110.986954,-0.1,12.11,67.5,7,1.7,16.2,3.720,-7.1,0,1,6553
2026-04-05T13:24:08,-1.560988,-110.985306,3.4,12.81,70.8,7,1.7,16.5,3.717,-6.9,0,1,6554
2026-04-05T13:24:36,-1.560537,-110.983704,15.3,12.70,69.2,6,1.8,15.9,3.719,-6.9,0,1,6555
2026-04-05T13:25:04,-1.560023,-110.982193,13.3,12.66,70.1,6,1.8,15.9,3.720,-6.9,0,1,6556
2026-04-05T13:25:33,-1.559435,-110.980606,6.4,12.88,66.4,6,1.8,16.5,3.719,-6.9,0,1,6557
2026-04-05T13:26:01,-1.558867,-110.979073,-1.7,12.20,69.0,6,1.8,15.9,3.717,-6.9,0,1,6558
2026-04-05T13:26:29,-1.558415,-110.977501,5.6,12.90,70.9,6,1.8,16.2,3.719,-7.1,0,1,6559
2026-04-05T13:26:58,-1.557848,-110.975937,23.2,13.13,67.8,6,1.8,16.2,3.719,-7.1,0,1,6560
2026-04-05T13:27:26,-1.557372,-110.974365,37.4,13.13,64.3,6,1.7,15.9,3.719,-6.9,0,1,6561
2026-04-05T13:27:54,-1.556803,-110.972763,34.7,13.29,70.4,6,1.7,15.9,3.717,-6.9,0,1,6562
2026-04-05T13:28:23,-1.556318,-110.971100,27.8,12.68,75.5,6,1.7,16.2,3.717,-7.1,0,1,6563
2026-04-05T13:28:51,-1.555903,-110.969551,27.5,11.35,78.9,6,1.7,15.9,3.716,-6.9,0,1,6564
2026-04-05T13:29:19,-1.555353,-110.967926,5.1,12.21,75.5,7,1.6,15.9,3.714,-6.9,0,1,6565
2026-04-05T13:29:48,-1.554765,-110.966301,-1.9,12.29,73.2,7,1.5,15.9,3.717,-6.9,0,1,6566
2026-04-05T13:30:16,-1.554342,-110.964699,-6.2,13.07,72.3,7,1.5,15.4,3.717,-6.9,0,1,6567
2026-04-05T13:30:44,-1.553832,-110.963135,-4.1,12.95,70.4,7,1.5,15.4,3.715,-6.9,0,1,6568
2026-04-05T13:31:13,-1.553290,-110.961433,-7.4,12.87,65.8,7,1.5,15.9,3.716,-6.9,0,1,6569
2026-04-05T13:31:41,-1.552938,-110.959869,-3.6,13.04,76.3,7,1.5,15.7,3.717,-6.9,0,1,6570
2026-04-05T13:32:09,-1.552437,-110.958275,-4.2,13.13,71.9,6,2.3,15.7,3.716,-6.9,0,1,6571
2026-04-05T13:32:38,-1.551940,-110.956581,-4.5,11.93,77.2,6,2.3,15.9,3.719,-6.9,0,1,6572
2026-04-05T13:33:06,-1.551447,-110.955086,20.8,13.13,68.8,7,1.5,15.4,3.717,-6.9,0,1,6573
2026-04-05T13:33:34,-1.550922,-110.953514,26.6,13.01,67.6,7,1.5,15.7,3.719,-6.9,0,1,6574
2026-04-05T13:34:03,-1.550445,-110.951843,22.9,12.89,68.9,6,2.3,15.9,3.716,-6.9,0,1,6575
2026-04-05T13:34:31,-1.550053,-110.950180,10.7,12.34,75.2,7,1.5,15.7,3.716,-6.9,0,1,6576
2026-04-05T13:34:59,-1.549565,-110.948532,1.6,13.09,66.5,7,1.5,15.7,3.716,-6.9,0,1,6577
2026-04-05T13:35:28,-1.549093,-110.946854,-10.8,11.57,71.8,7,1.5,15.7,3.717,-6.9,0,1,6578
2026-04-05T13:35:56,-1.548618,-110.945206,-18.8,12.51,71.6,7,1.5,15.4,3.717,-6.9,0,1,6579
2026-04-05T13:36:24,-1.548137,-110.943604,-17.7,12.88,70.2,7,1.5,15.4,3.716,-6.9,0,1,6580
2026-04-05T13:36:53,-1.547605,-110.941940,-19.9,11.88,75.8,7,1.5,15.4,3.716,-6.9,0,1,6581
2026-04-05T13:37:21,-1.547138,-110.940392,-9.1,13.93,73.2,7,1.6,15.4,3.717,-6.9,0,1,6582
2026-04-05T13:37:49,-1.546608,-110.938896,-4.8,12.61,70.0,7,1.4,15.7,3.716,-6.9,0,1,6583
2026-04-05T13:38:18,-1.546137,-110.937225,-6.4,12.09,70.6,7,1.4,15.7,3.715,-6.9,0,1,6584
2026-04-05T13:38:46,-1.545642,-110.935669,6.6,11.91,74.7,7,1.4,15.4,3.715,-6.9,0,1,6585
2026-04-05T13:39:14,-1.545090,-110.934052,10.6,13.63,64.9,7,1.4,15.2,3.717,-6.9,0,1,6586
2026-04-05T13:39:43,-1.544655,-110.932404,11.7,12.19,70.9,7,1.4,15.9,3.716,-6.9,0,1,6587
2026-04-05T13:40:11,-1.544250,-110.930832,16.4,12.50,74.7,7,1.4,15.2,3.711,-6.9,0,1,6588
2026-04-05T13:40:39,-1.543812,-110.929207,16.5,13.83,72.1,7,1.4,15.2,3.715,-6.9,0,1,6589
2026-04-05T13:41:08,-1.543358,-110.927551,15.1,12.87,71.6,7,1.4,15.9,3.715,-6.9,0,1,6590
2026-04-05T13:41:36,-1.542920,-110.925926,13.7,13.41,79.1,7,1.4,15.2,3.711,-6.9,0,1,6591
2026-04-05T13:42:04,-1.542463,-110.924240,8.0,12.73,76.7,7,1.4,15.2,3.716,-6.9,0,1,6592
2026-04-05T13:42:33,-1.542132,-110.922691,24.2,14.88,77.0,7,1.4,15.7,3.715,-6.9,0,1,6593
2026-04-05T13:43:01,-1.541593,-110.921112,32.8,13.58,67.8,7,1.4,15.2,3.715,-6.9,0,1,6594
2026-04-05T13:43:29,-1.541107,-110.919472,17.7,12.46,74.6,7,1.4,14.9,3.715,-6.9,0,1,6595
2026-04-05T13:43:58,-1.540705,-110.917763,9.1,13.30,71.2,6,2.0,15.2,3.715,-6.9,0,1,6596
2026-04-05T13:44:26,-1.540225,-110.916176,-1.8,12.38,70.5,7,1.4,15.4,3.715,-6.9,0,1,6597
2026-04-05T13:44:54,-1.539770,-110.914536,-10.1,13.11,74.0,7,1.4,15.2,3.714,-6.9,0,1,6598
2026-04-05T13:45:23,-1.539338,-110.912842,-12.8,14.43,66.7,6,1.9,15.2,3.716,-6.9,0,1,6599
2026-04-05T13:45:51,-1.538890,-110.911171,-12.7,13.55,76.6,6,1.9,14.9,3.713,-6.9,0,1,6600
2026-04-05T13:46:19,-1.538603,-110.909706,3.1,13.53,70.1,6,1.9,14.9,3.715,-6.9,0,1,6601
2026-04-05T13:46:48,-1.538223,-110.908043,-4.1,12.69,74.1,6,1.9,15.4,3.715,-6.9,0,1,6602
2026-04-05T13:47:16,-1.537860,-110.906433,-9.0,13.75,75.5,6,1.9,14.7,3.715,-6.9,0,1,6603
2026-04-05T13:47:44,-1.537357,-110.904846,-14.9,12.72,73.2,6,1.9,15.2,3.715,-6.9,0,1,6604
2026-04-05T13:48:13,-1.536783,-110.903107,-23.4,14.02,71.1,6,1.8,15.2,3.715,-6.9,0,1,6605
2026-04-05T13:48:41,-1.536377,-110.901466,-25.8,11.46,75.0,6,1.8,14.7,3.715,-6.9,0,1,6606
2026-04-05T13:49:09,-1.535918,-110.899902,-25.0,13.37,70.9,7,1.8,15.2,3.711,-6.9,0,1,6607
2026-04-05T13:49:38,-1.535398,-110.898262,-22.5,13.62,67.4,7,1.8,15.4,3.715,-6.9,0,1,6608
2026-04-05T13:50:06,-1.534855,-110.896667,-21.8,12.49,70.3,9,1.6,14.7,3.714,-6.9,0,1,6609
2026-04-05T13:50:34,-1.534393,-110.895065,-25.1,12.97,66.5,9,1.6,15.2,3.710,-6.9,0,1,6610
2026-04-05T13:51:03,-1.533963,-110.893387,-9.6,12.62,75.9,8,1.6,15.2,3.715,-6.9,0,1,6611
2026-04-05T13:51:31,-1.533497,-110.891815,-5.4,12.67,75.5,9,1.6,15.2,3.713,-6.9,0,1,6612
2026-04-05T13:51:59,-1.532903,-110.890282,-2.5,13.25,64.4,9,1.6,14.9,3.710,-6.9,0,1,6613
2026-04-05T13:52:28,-1.532205,-110.888611,7.8,12.64,68.9,9,1.6,14.9,3.714,-6.9,0,1,6614
2026-04-05T13:52:56,-1.531902,-110.887024,3.7,14.91,71.4,9,1.6,14.7,3.707,-6.9,0,1,6615
2026-04-05T13:53:24,-1.531370,-110.885437,3.2,12.12,69.3,9,1.6,14.7,3.714,-6.9,0,1,6616
2026-04-05T13:53:53,-1.531045,-110.883842,13.9,12.47,75.7,9,1.5,15.2,3.713,-6.9,0,1,6617
2026-04-05T13:54:21,-1.530763,-110.882263,29.3,10.55,83.3,9,1.5,14.7,3.713,-6.9,0,1,6618
2026-04-05T13:54:49,-1.530742,-110.880882,15.7,10.83,85.3,9,1.5,14.9,3.711,-6.9,0,1,6619
2026-04-05T13:55:18,-1.530522,-110.879555,15.7,10.19,76.5,8,1.5,14.9,3.713,-6.9,0,1,6620
2026-04-05T13:55:46,-1.530503,-110.878159,-3.3,12.10,81.7,9,1.5,14.4,3.711,-6.9,0,1,6621
2026-04-05T13:56:14,-1.530423,-110.876778,-8.7,11.50,86.5,9,1.5,14.4,3.707,-6.9,0,1,6622
2026-04-05T13:56:43,-1.530253,-110.875366,-11.4,10.83,82.3,9,1.5,14.7,3.713,-6.9,0,1,6623
2026-04-05T13:57:11,-1.529925,-110.873970,10.5,10.87,83.8,9,1.5,14.4,3.711,-6.9,0,1,6624
2026-04-05T13:57:39,-1.529467,-110.872452,16.1,11.04,75.1,9,1.5,14.9,3.709,-6.9,0,1,6625
2026-04-05T13:58:08,-1.529018,-110.870987,21.5,11.53,71.7,8,1.5,14.7,3.713,390.2,0,1,6626
2026-04-05T13:58:36,-1.528618,-110.869514,33.2,11.38,83.8,9,1.5,14.4,3.713,-6.9,0,1,6627
2026-04-05T13:59:04,-1.528122,-110.868134,34.0,11.12,72.8,8,1.5,14.4,3.711,-6.9,0,1,6628
2026-04-05T13:59:33,-1.527807,-110.866562,31.8,12.05,70.5,8,1.5,14.9,3.713,-6.9,0,1,6629
2026-04-05T14:00:01,-1.527427,-110.865059,24.3,12.27,68.3,9,1.4,14.1,3.711,-7.1,0,1,6630
2026-04-05T14:00:29,-1.527068,-110.863541,28.4,12.21,78.3,9,1.4,14.4,3.707,-6.9,0,1,6631
2026-04-05T14:00:58,-1.526688,-110.861961,35.5,12.24,69.9,9,1.4,14.4,3.709,-6.9,0,1,6632
2026-04-05T14:01:26,-1.526247,-110.860413,34.4,12.55,69.3,9,1.4,14.7,3.710,-6.9,0,1,6633
2026-04-05T14:01:54,-1.525870,-110.858894,27.2,12.58,74.3,9,1.4,14.4,3.707,-6.9,0,1,6634
2026-04-05T14:02:23,-1.525473,-110.857307,23.0,11.88,72.6,9,1.4,14.7,3.711,-6.9,0,1,6635
2026-04-05T14:02:51,-1.525060,-110.855759,24.5,12.76,68.4,9,1.4,14.1,3.710,-7.1,0,1,6636
2026-04-05T14:03:19,-1.524653,-110.854195,26.8,13.03,70.2,9,1.4,14.1,3.711,-7.1,0,1,6637
2026-04-05T14:03:48,-1.524120,-110.852585,27.7,11.99,68.6,9,1.4,14.7,3.711,-6.9,0,1,6638
2026-04-05T14:04:16,-1.523645,-110.851021,29.7,12.47,78.1,9,1.4,14.4,3.710,-6.9,0,1,6639
2026-04-05T14:04:44,-1.523168,-110.849495,37.1,12.77,72.6,9,1.4,14.4,3.709,-6.9,0,1,6640
2026-04-05T14:05:13,-1.522623,-110.847908,36.7,12.57,71.4,9,1.4,13.9,3.707,-6.9,0,1,6641
2026-04-05T14:05:41,-1.522193,-110.846313,30.7,12.33,72.3,9,1.3,14.1,3.710,-7.1,0,1,6642
2026-04-05T14:06:09,-1.521785,-110.844711,25.8,12.65,73.7,8,1.4,14.1,3.711,-7.1,0,1,6643
2026-04-05T14:06:38,-1.521365,-110.843086,30.5,12.99,72.3,9,1.3,14.4,3.710,-6.9,0,1,6644
2026-04-05T14:07:06,-1.520922,-110.841484,32.7,12.71,71.8,9,1.3,14.1,3.710,-7.1,0,1,6645
2026-04-05T14:07:34,-1.520512,-110.839859,33.5,13.02,82.1,9,1.3,14.1,3.710,-7.1,0,1,6646
2026-04-05T14:08:03,-1.520002,-110.838249,34.7,12.75,73.3,9,1.3,14.1,3.710,-7.1,0,1,6647
2026-04-05T14:08:31,-1.519535,-110.836647,28.6,13.27,72.9,9,1.3,13.9,3.710,-6.9,0,1,6648
2026-04-05T14:08:59,-1.519122,-110.835075,26.5,13.95,72.3,9,1.3,13.9,3.706,-6.9,0,1,6649
2026-04-05T14:09:28,-1.518642,-110.833420,20.8,12.71,72.7,9,1.3,14.4,3.709,-6.9,0,1,6650
2026-04-05T14:09:56,-1.518190,-110.831810,12.8,12.93,74.3,9,1.3,13.9,3.709,-6.9,0,1,6651
2026-04-05T14:10:24,-1.517753,-110.830246,9.7,12.81,72.1,9,1.3,14.1,3.707,-7.1,0,1,6652
2026-04-05T14:10:53,-1.517272,-110.828598,4.3,12.59,73.3,9,1.3,14.1,3.707,-7.1,0,1,6653
2026-04-05T14:11:21,-1.516802,-110.827011,11.2,13.20,77.1,9,1.3,13.9,3.703,-6.9,0,1,6654
2026-04-05T14:11:49,-1.516328,-110.825447,7.2,11.68,75.6,9,1.3,14.1,3.709,-7.1,0,1,6655
2026-04-05T14:12:18,-1.515828,-110.823837,12.3,12.90,71.0,9,1.3,13.9,3.709,-6.9,0,1,6656
2026-04-05T14:12:46,-1.515260,-110.822273,19.6,12.53,70.5,8,1.4,14.1,3.709,-7.1,0,1,6657
2026-04-05T14:13:14,-1.514822,-110.820686,14.0,12.48,71.3,9,1.3,13.6,3.705,-6.9,0,1,6658
2026-04-05T14:13:43,-1.514335,-110.819046,8.0,12.02,75.3,10,1.2,13.9,3.710,-6.9,0,1,6659
2026-04-05T14:14:11,-1.513848,-110.817497,9.2,12.76,74.1,10,1.2,13.9,3.709,-6.9,0,1,6660
2026-04-05T14:14:39,-1.513395,-110.815933,15.7,13.03,74.5,10,1.2,13.6,3.705,-6.9,0,1,6661
2026-04-05T14:15:08,-1.513048,-110.814323,-0.2,9.62,71.5,11,1.1,13.9,3.707,-6.9,0,1,6662
2026-04-05T14:15:36,-1.512553,-110.812775,-3.6,11.73,67.4,10,1.1,13.6,3.703,-6.9,0,1,6663
2026-04-05T14:16:04,-1.512075,-110.811241,-0.7,12.42,74.2,11,1.1,13.6,3.706,-6.9,0,1,6664
2026-04-05T14:16:33,-1.511517,-110.809639,6.2,12.26,76.9,9,1.2,14.1,3.706,-7.1,0,1,6665
2026-04-05T14:17:01,-1.511003,-110.808105,8.3,12.22,70.7,11,1.1,13.6,3.707,-6.9,0,1,6666
2026-04-05T14:17:29,-1.510460,-110.806557,11.1,12.26,70.0,10,1.1,13.6,3.707,-6.9,0,1,6667
2026-04-05T14:17:58,-1.509950,-110.804970,8.1,12.40,71.5,9,1.2,13.9,3.707,-6.9,0,1,6668
2026-04-05T14:18:26,-1.509458,-110.803429,4.9,11.71,68.0,10,1.1,13.4,3.706,-6.9,0,1,6669
2026-04-05T14:18:54,-1.509007,-110.801880,5.6,12.18,76.5,9,1.2,13.4,3.707,-6.9,0,1,6670
2026-04-05T14:19:23,-1.508460,-110.800293,0.6,12.41,73.1,9,1.2,13.4,3.707,-6.9,0,1,6671
2026-04-05T14:19:51,-1.507967,-110.798775,2.8,11.29,76.4,10,1.1,13.4,3.707,-6.9,0,1,6672
2026-04-05T14:20:19,-1.507428,-110.797234,0.8,12.32,70.5,10,1.1,13.9,3.707,-6.9,0,1,6673
2026-04-05T14:20:48,-1.506883,-110.795662,-0.4,12.40,70.8,9,1.1,13.4,3.704,-6.9,0,1,6674
2026-04-05T14:21:16,-1.506335,-110.794128,-3.3,11.47,70.9,9,1.1,13.4,3.707,-6.9,0,1,6675
2026-04-05T14:21:44,-1.505825,-110.792587,0.9,12.76,71.4,9,1.1,13.4,3.707,-6.9,0,1,6676
2026-04-05T14:22:13,-1.505280,-110.791000,4.9,12.09,68.9,9,1.1,13.4,3.706,-6.9,0,1,6677
2026-04-05T14:22:41,-1.504765,-110.789452,5.7,12.45,70.5,9,1.1,13.4,3.707,-6.9,0,1,6678
2026-04-05T14:23:09,-1.504215,-110.787918,6.9,12.43,71.5,10,1.1,13.1,3.706,-6.9,0,1,6679
2026-04-05T14:23:38,-1.503700,-110.786301,5.2,12.58,71.8,8,1.5,13.4,3.706,-6.9,0,1,6680
2026-04-05T14:24:06,-1.503215,-110.784782,6.1,12.04,69.8,10,1.1,13.1,3.706,-6.9,0,1,6681
2026-04-05T14:24:34,-1.502713,-110.783218,8.0,12.50,70.6,9,1.3,13.4,3.707,-6.9,0,1,6682
2026-04-05T14:25:03,-1.502132,-110.781631,6.7,12.33,71.6,8,1.3,13.9,3.707,-6.9,0,1,6683
2026-04-05T14:25:31,-1.501603,-110.780098,8.0,12.99,69.1,10,1.1,13.4,3.706,-6.9,0,1,6684
2026-04-05T14:25:59,-1.501135,-110.778572,11.4,12.65,73.5,10,1.1,13.4,3.704,-6.9,0,1,6685
2026-04-05T14:26:28,-1.500578,-110.776970,11.8,11.86,75.1,10,1.1,13.4,3.705,-6.9,0,1,6686
2026-04-05T14:26:56,-1.500037,-110.775436,11.8,12.76,72.5,11,1.0,13.6,3.706,-6.9,0,1,6687
2026-04-05T14:27:24,-1.499530,-110.773911,12.4,12.64,70.3,10,1.1,13.4,3.705,-6.9,0,1,6688
2026-04-05T14:27:53,-1.499013,-110.772316,13.5,12.46,75.2,9,1.4,13.1,3.706,-6.9,0,1,6689
2026-04-05T14:28:21,-1.498482,-110.770790,13.7,12.49,71.2,10,1.1,13.9,3.701,-6.9,0,1,6690
2026-04-05T14:28:49,-1.497955,-110.769241,14.4,12.84,70.3,10,1.1,13.4,3.705,-6.9,0,1,6691
2026-04-05T14:29:18,-1.497383,-110.767677,14.7,12.11,72.7,9,1.4,13.1,3.705,-6.9,0,1,6692
2026-04-05T14:29:46,-1.496907,-110.766159,10.5,12.18,71.3,10,1.1,13.1,3.705,-6.9,0,1,6693
2026-04-05T14:30:14,-1.496432,-110.764610,8.7,12.33,74.5,10,1.1,12.8,3.704,-6.9,0,1,6694
2026-04-05T14:30:43,-1.495947,-110.762993,9.3,12.40,71.8,9,1.4,13.4,3.705,-6.9,0,1,6695
2026-04-05T14:31:11,-1.495447,-110.761436,13.0,12.71,73.8,10,1.1,13.1,3.699,-6.9,0,1,6696
2026-04-05T14:31:39,-1.494905,-110.759895,14.0,12.43,67.5,9,1.3,13.1,3.704,-6.9,0,1,6697
2026-04-05T14:32:08,-1.494398,-110.758301,10.3,12.80,67.5,9,1.4,13.4,3.705,-6.9,0,1,6698
2026-04-05T14:32:36,-1.493888,-110.756752,7.1,12.68,73.1,10,1.1,12.8,3.705,-6.9,0,1,6699
2026-04-05T14:33:04,-1.493435,-110.755188,4.5,12.45,72.6,10,1.1,13.1,3.703,-6.9,0,1,6700
2026-04-05T14:33:33,-1.492987,-110.753563,0.5,12.09,72.1,9,1.3,13.1,3.700,-6.9,0,1,6701
2026-04-05T14:34:01,-1.492463,-110.752052,3.1,12.86,71.7,9,1.3,13.1,3.704,-6.9,0,1,6702
2026-04-05T14:34:29,-1.492038,-110.750488,-0.8,12.44,73.8,9,1.3,12.6,3.704,-6.9,0,1,6703
2026-04-05T14:34:58,-1.491525,-110.748886,-0.8,12.94,72.2,8,1.8,13.1,3.705,-6.9,0,1,6704
2026-04-05T14:35:26,-1.491038,-110.747330,0.9,13.51,74.3,9,1.4,13.1,3.703,-6.9,0,1,6705
2026-04-05T14:35:54,-1.490528,-110.745804,0.3,12.15,70.3,10,1.1,13.1,3.704,-6.9,0,1,6706
2026-04-05T14:36:23,-1.490067,-110.744194,-4.0,12.27,71.2,9,1.4,13.1,3.704,-6.9,0,1,6707
2026-04-05T14:36:51,-1.489557,-110.742615,-3.5,12.41,74.1,9,1.4,12.8,3.699,-6.9,0,1,6708
2026-04-05T14:37:19,-1.488985,-110.741104,-0.7,11.95,71.0,9,1.3,13.1,3.705,-6.9,0,1,6709
2026-04-05T14:37:48,-1.488475,-110.739471,-0.2,13.15,69.8,9,1.3,13.1,3.704,-6.9,0,1,6710
2026-04-05T14:38:16,-1.487920,-110.737961,8.2,12.13,70.9,10,1.0,12.6,3.705,-6.9,0,1,6711
2026-04-05T14:38:44,-1.487393,-110.736420,23.5,11.96,69.8,9,1.3,13.4,3.704,-6.9,0,1,6712
2026-04-05T14:39:13,-1.486838,-110.734810,28.7,12.47,69.5,8,1.8,13.1,3.703,-6.9,0,1,6713
2026-04-05T14:39:41,-1.486298,-110.733276,42.5,11.35,71.4,10,1.3,12.8,3.701,-6.9,0,1,6714
2026-04-05T14:40:09,-1.485845,-110.731728,39.8,12.49,69.4,10,1.3,12.6,3.704,-6.9,0,1,6715
2026-04-05T14:40:38,-1.485315,-110.730125,40.1,12.86,67.3,10,1.3,12.8,3.704,-6.9,0,1,6716
2026-04-05T14:41:06,-1.484785,-110.728554,37.4,11.80,65.7,11,1.0,12.3,3.700,-6.9,0,1,6717
2026-04-05T14:41:34,-1.484323,-110.727066,31.1,12.15,66.6,10,1.2,12.6,3.703,-6.9,0,1,6718
2026-04-05T14:42:03,-1.483865,-110.725464,24.9,13.13,74.2,9,1.3,12.8,3.701,-6.9,0,1,6719
2026-04-05T14:42:31,-1.483338,-110.723877,30.2,13.28,72.6,9,1.3,12.6,3.701,-6.9,0,1,6720
2026-04-05T14:42:59,-1.482773,-110.722397,38.9,12.75,71.3,10,1.2,12.3,3.699,-6.9,0,1,6721
2026-04-05T14:43:28,-1.482278,-110.720779,46.7,12.48,73.8,10,1.2,12.8,3.703,-6.9,0,1,6722
2026-04-05T14:43:56,-1.481785,-110.719193,49.2,12.19,71.7,9,1.7,12.3,3.703,-6.9,0,1,6723
2026-04-05T14:44:24,-1.481225,-110.717667,49.0,12.96,73.6,9,1.6,12.3,3.701,-6.9,0,1,6724
2026-04-05T14:44:53,-1.480768,-110.716057,45.8,12.79,71.7,9,1.6,13.1,3.701,-6.9,0,1,6725
2026-04-05T14:45:21,-1.480288,-110.714493,50.1,13.29,69.1,10,1.5,12.3,3.703,-6.9,0,1,6726
2026-04-05T14:45:49,-1.479832,-110.712898,36.9,12.45,74.5,10,1.5,13.1,3.699,-6.9,0,1,6727
2026-04-05T14:46:18,-1.479417,-110.711296,38.3,12.39,74.1,10,1.5,12.3,3.701,-6.9,0,1,6728
2026-04-05T14:46:46,-1.478977,-110.709732,37.0,13.10,73.9,9,1.6,12.3,3.694,-6.9,0,1,6729
2026-04-05T14:47:14,-1.478515,-110.708160,30.1,12.19,71.8,10,1.5,13.1,3.703,-6.9,0,1,6730
2026-04-05T14:47:43,-1.478013,-110.706589,33.5,11.91,71.6,10,1.5,12.3,3.701,-6.9,0,1,6731
2026-04-05T14:48:11,-1.477498,-110.705009,35.4,12.67,75.6,9,1.6,12.1,3.694,-7.1,0,1,6732
2026-04-05T14:48:39,-1.477095,-110.703423,27.0,12.91,74.9,9,1.6,12.1,3.697,-7.1,0,1,6733
2026-04-05T14:49:08,-1.476645,-110.701775,17.8,12.86,71.4,9,1.6,12.3,3.700,-6.9,0,1,6734
2026-04-05T14:49:36,-1.476208,-110.700211,11.6,13.38,76.8,9,1.6,12.1,3.701,-7.1,0,1,6735
2026-04-05T14:50:04,-1.475693,-110.698700,12.4,12.12,66.4,9,1.6,12.3,3.697,-6.9,0,1,6736
2026-04-05T14:50:33,-1.475232,-110.697075,15.1,12.93,72.5,9,1.6,12.6,3.701,-6.9,0,1,6737
2026-04-05T14:51:01,-1.474808,-110.695488,8.9,12.42,74.3,9,1.6,12.1,3.701,-7.1,0,1,6738
2026-04-05T14:51:29,-1.474353,-110.693901,2.5,12.18,75.2,9,1.6,12.3,3.701,-6.9,0,1,6739
2026-04-05T14:51:58,-1.473895,-110.692261,4.4,12.26,75.3,9,1.6,12.3,3.700,-6.9,0,1,6740
2026-04-05T14:52:26,-1.473532,-110.690674,-1.0,12.47,77.0,8,1.8,11.8,3.696,-6.9,0,1,6741
2026-04-05T14:52:54,-1.473082,-110.689110,-2.1,12.55,72.8,8,1.8,12.3,3.700,-6.9,0,1,6742
2026-04-05T14:53:23,-1.472498,-110.687515,14.1,13.68,73.1,8,1.8,12.8,3.700,-6.9,0,1,6743
2026-04-05T14:53:51,-1.471945,-110.686005,25.4,12.71,76.7,9,1.7,11.8,3.699,-6.9,0,1,6744
2026-04-05T14:54:19,-1.471448,-110.684479,34.5,12.88,75.0,9,2.9,12.1,3.699,-7.1,0,1,6745
2026-04-05T14:54:48,-1.470908,-110.682877,39.7,12.11,69.2,9,1.7,12.3,3.703,-6.9,0,1,6746
2026-04-05T14:55:16,-1.470492,-110.681267,30.4,12.15,71.5,9,1.7,11.8,3.699,-6.9,0,1,6747
2026-04-05T14:55:44,-1.470048,-110.679703,25.9,12.69,72.5,9,1.7,11.6,3.695,-6.9,0,1,6748
2026-04-05T14:56:13,-1.469647,-110.678032,12.5,13.06,68.7,9,1.7,11.8,3.699,-6.9,0,1,6749
2026-04-05T14:56:41,-1.469257,-110.676430,7.2,12.35,74.3,10,1.6,11.6,3.699,-6.9,0,1,6750
2026-04-05T14:57:09,-1.468798,-110.674881,18.1,12.29,75.5,10,1.6,12.1,3.700,-7.1,0,1,6751
2026-04-05T14:57:38,-1.468427,-110.673187,10.0,12.41,73.1,10,1.6,12.8,3.699,-6.9,0,1,6752
2026-04-05T14:58:06,-1.468082,-110.671562,0.7,12.67,75.0,10,1.6,11.8,3.699,-6.9,0,1,6753
2026-04-05T14:58:34,-1.467552,-110.670029,3.3,12.41,66.2,10,1.6,12.3,3.695,-6.9,0,1,6754
2026-04-05T14:59:03,-1.467067,-110.668388,-1.2,12.30,71.3,9,1.8,11.8,3.699,314.3,0,1,6755
2026-04-05T14:59:31,-1.466575,-110.666832,-1.4,12.21,74.7,9,2.5,11.6,3.697,-6.9,0,1,6756
2026-04-05T14:59:59,-1.466112,-110.665291,-6.0,12.17,70.5,10,1.6,11.6,3.696,-6.9,0,1,6757
2026-04-05T15:00:28,-1.465668,-110.663567,-15.2,12.57,73.7,10,1.6,12.1,3.699,-7.1,0,1,6758
2026-04-05T15:00:56,-1.465122,-110.662056,1.8,12.05,67.2,10,1.6,11.6,3.696,-6.9,0,1,6759
2026-04-05T15:01:24,-1.464548,-110.660599,23.7,12.21,69.9,9,1.8,11.3,3.696,-6.9,0,1,6760
2026-04-05T15:01:53,-1.464148,-110.658928,13.6,12.46,72.0,10,1.6,11.6,3.697,-6.9,0,1,6761
2026-04-05T15:02:21,-1.463748,-110.657318,-0.1,12.66,73.7,10,1.7,12.1,3.697,-7.1,0,1,6762
2026-04-05T15:02:49,-1.463363,-110.655708,-24.6,12.26,78.2,11,1.6,11.3,3.695,-6.9,0,1,6763
2026-04-05T15:03:18,-1.462833,-110.654121,-14.1,12.97,73.7,11,1.6,11.8,3.697,-6.9,0,1,6764
2026-04-05T15:03:46,-1.462415,-110.652542,-25.4,12.73,73.7,11,1.6,11.6,3.697,-6.9,0,1,6765
2026-04-05T15:04:14,-1.462022,-110.650902,-31.7,12.77,74.1,11,1.6,11.6,3.695,-6.9,0,1,6766
2026-04-05T15:04:43,-1.461512,-110.649292,-31.4,12.93,67.5,11,1.6,11.3,3.696,-6.9,0,1,6767
2026-04-05T15:05:11,-1.461070,-110.647720,-31.5,12.83,76.1,11,1.6,11.6,3.696,-6.9,0,1,6768
2026-04-05T15:05:39,-1.460628,-110.646118,-27.1,12.56,67.1,11,1.6,11.6,3.691,-6.9,0,1,6769
2026-04-05T15:06:08,-1.460118,-110.644554,-25.2,12.44,70.8,11,1.6,11.8,3.697,-6.9,0,1,6770
2026-04-05T15:06:36,-1.459603,-110.642944,-30.0,13.42,72.3,11,1.6,11.3,3.696,-6.9,0,1,6771
2026-04-05T15:07:04,-1.459168,-110.641335,-33.4,12.31,69.2,11,1.6,11.3,3.695,-6.9,0,1,6772
2026-04-05T15:07:33,-1.458600,-110.639755,-25.3,12.72,68.3,11,1.5,11.8,3.696,-6.9,0,1,6773
2026-04-05T15:08:01,-1.458150,-110.638153,-35.2,12.26,72.1,11,1.5,11.6,3.691,-6.9,0,1,6774
2026-04-05T15:08:29,-1.457532,-110.636696,-16.7,12.16,69.7,11,1.5,11.3,3.694,-6.9,0,1,6775
2026-04-05T15:08:58,-1.457030,-110.635056,-18.1,12.19,73.3,11,1.5,11.3,3.695,-6.9,0,1,6776
2026-04-05T15:09:26,-1.456558,-110.633484,-21.2,13.86,72.7,11,1.5,11.6,3.697,-6.9,0,1,6777
2026-04-05T15:09:54,-1.456102,-110.631935,-23.0,12.44,76.3,11,1.5,11.3,3.691,-6.9,0,1,6778
2026-04-05T15:10:23,-1.455280,-110.630516,8.1,12.42,68.0,11,1.5,11.3,3.696,-6.9,0,1,6779
2026-04-05T15:10:51,-1.454638,-110.629066,25.2,11.58,70.6,11,1.5,11.6,3.696,-6.9,0,1,6780
2026-04-05T15:11:19,-1.454017,-110.627556,38.1,12.48,67.8,11,1.5,11.6,3.693,-6.9,0,1,6781
2026-04-05T15:11:48,-1.453725,-110.625740,9.8,13.24,73.0,11,1.5,11.8,3.696,-6.9,0,1,6782
2026-04-05T15:12:16,-1.453160,-110.624191,18.4,11.95,70.4,11,1.5,10.8,3.694,-6.9,0,1,6783
2026-04-05T15:12:44,-1.452472,-110.622810,39.6,11.92,68.7,11,1.5,11.0,3.695,-6.9,0,1,6784
2026-04-05T15:13:13,-1.451905,-110.621170,33.7,12.99,72.1,11,1.5,11.3,3.695,-6.9,0,1,6785
2026-04-05T15:13:41,-1.451393,-110.619621,32.7,11.82,68.0,11,1.5,11.3,3.695,-6.9,0,1,6786
2026-04-05T15:14:09,-1.450743,-110.618126,32.1,11.95,69.5,11,1.5,10.8,3.695,-6.9,0,1,6787
2026-04-05T15:14:38,-1.450155,-110.616524,38.0,13.07,67.8,11,1.5,11.3,3.695,-6.9,0,1,6788
2026-04-05T15:15:06,-1.449665,-110.614990,36.3,12.14,69.0,11,1.5,10.8,3.696,-6.9,0,1,6789
2026-04-05T15:15:34,-1.449207,-110.613403,35.4,12.96,73.0,11,1.5,10.8,3.695,-6.9,0,1,6790
2026-04-05T15:16:03,-1.448745,-110.611763,35.8,11.65,72.0,11,1.5,11.3,3.694,-6.9,0,1,6791
2026-04-05T15:16:31,-1.448272,-110.610191,42.9,10.33,66.1,11,1.5,11.0,3.693,-6.9,0,1,6792
2026-04-05T15:16:59,-1.447875,-110.608604,52.2,12.62,75.2,11,1.5,10.8,3.694,-6.9,0,1,6793
2026-04-05T15:17:28,-1.447412,-110.606949,54.3,12.15,68.1,11,1.5,10.5,3.693,-6.9,0,1,6794
2026-04-05T15:17:56,-1.447055,-110.605339,49.0,13.56,71.9,11,1.5,10.5,3.693,-6.9,0,1,6795
2026-04-05T15:18:24,-1.446757,-110.603622,43.7,12.64,71.5,11,1.5,10.8,3.694,-6.9,0,1,6796
2026-04-05T15:18:53,-1.446325,-110.601944,43.7,12.22,71.5,11,1.5,11.0,3.695,-6.9,0,1,6797
2026-04-05T15:19:21,-1.445940,-110.600357,34.7,12.35,73.7,11,1.9,10.5,3.694,-6.9,0,1,6798
2026-04-05T15:19:49,-1.445447,-110.598793,37.5,12.25,70.7,11,1.4,10.5,3.694,-6.9,0,1,6799
2026-04-05T15:20:18,-1.444932,-110.597160,39.0,12.39,65.2,10,2.4,11.0,3.694,-6.9,0,1,6800
2026-04-05T15:20:46,-1.444607,-110.595482,24.6,13.16,77.2,11,1.4,10.5,3.693,-6.9,0,1,6801
2026-04-05T15:21:14,-1.444137,-110.593910,22.9,12.81,69.8,11,1.4,11.3,3.694,-6.9,0,1,6802
2026-04-05T15:21:43,-1.443717,-110.592270,21.7,12.60,71.2,10,1.5,10.8,3.694,-6.9,0,1,6803
2026-04-05T15:22:11,-1.443328,-110.590645,16.8,13.45,80.5,9,1.5,10.5,3.693,-6.9,0,1,6804
2026-04-05T15:22:39,-1.442867,-110.589096,18.6,12.68,74.8,9,2.7,10.8,3.691,-6.9,0,1,6805
2026-04-05T15:23:08,-1.442425,-110.587479,18.0,12.82,74.0,10,1.5,11.0,3.693,-6.9,0,1,6806
2026-04-05T15:23:36,-1.442112,-110.585869,15.9,11.88,69.0,10,1.5,10.3,3.691,-6.9,0,1,6807
2026-04-05T15:24:04,-1.441662,-110.584305,13.7,12.80,69.7,10,1.5,10.8,3.689,-6.9,0,1,6808
2026-04-05T15:24:33,-1.441270,-110.582619,8.6,12.85,74.0,9,1.5,10.5,3.691,-6.9,0,1,6809
2026-04-05T15:25:01,-1.440900,-110.581001,6.5,12.81,63.2,9,1.5,10.0,3.685,-7.1,0,1,6810
2026-04-05T15:25:29,-1.440373,-110.579491,19.2,12.09,66.5,9,1.5,10.5,3.689,-6.9,0,1,6811
2026-04-05T15:25:58,-1.439765,-110.577934,31.0,12.81,67.4,9,1.5,10.3,3.691,-6.9,0,1,6812
2026-04-05T15:26:26,-1.439368,-110.576332,27.0,12.83,73.7,9,1.5,10.0,3.691,-7.1,0,1,6813
2026-04-05T15:26:54,-1.438798,-110.574783,23.8,12.61,69.1,10,1.4,10.3,3.688,-6.9,0,1,6814
2026-04-05T15:27:23,-1.438385,-110.573120,11.8,12.75,72.8,10,1.4,11.0,3.689,293.7,0,1,6815
2026-04-05T15:27:51,-1.437872,-110.571571,16.3,13.05,68.7,10,1.4,10.0,3.693,-7.1,0,1,6816
2026-04-05T15:28:19,-1.437358,-110.570000,18.1,12.62,70.7,10,1.4,10.3,3.691,-6.9,0,1,6817
2026-04-05T15:28:48,-1.436840,-110.568344,19.0,12.97,81.2,10,1.4,10.3,3.691,-6.9,0,1,6818
2026-04-05T15:29:16,-1.436363,-110.566772,13.3,13.12,71.5,10,1.4,10.5,3.691,-6.9,0,1,6819
2026-04-05T15:29:44,-1.435880,-110.565170,12.6,12.76,67.9,10,1.4,10.0,3.690,-7.1,0,1,6820
2026-04-05T15:30:13,-1.435395,-110.563484,2.0,12.59,75.4,10,1.4,10.3,3.691,-6.9,0,1,6821
2026-04-05T15:30:41,-1.434835,-110.561935,5.7,12.59,72.6,10,1.4,9.7,3.691,-6.9,0,1,6822
2026-04-05T15:31:09,-1.434295,-110.560371,8.3,13.25,74.2,11,1.3,10.5,3.684,-6.9,0,1,6823
2026-04-05T15:31:38,-1.433800,-110.558746,17.0,12.88,70.9,11,1.3,10.5,3.690,280.0,0,1,6824
2026-04-05T15:32:06,-1.433440,-110.557007,3.8,12.98,73.7,10,1.4,10.0,3.691,-7.1,0,1,6825
2026-04-05T15:32:34,-1.432938,-110.555428,5.8,12.36,71.3,10,1.4,10.3,3.689,-6.9,0,1,6826
2026-04-05T15:33:03,-1.432325,-110.553841,12.8,12.31,69.2,10,1.4,10.3,3.691,-6.9,0,1,6827
2026-04-05T15:33:31,-1.431957,-110.552170,15.0,13.13,74.9,10,1.4,9.7,3.690,-6.9,0,1,6828
2026-04-05T15:33:59,-1.431408,-110.550606,19.3,12.52,67.1,10,2.5,10.0,3.689,-7.1,0,1,6829
2026-04-05T15:34:28,-1.430927,-110.548950,18.2,12.99,68.0,9,2.7,10.0,3.690,-7.1,0,1,6830
2026-04-05T15:34:56,-1.430528,-110.547340,15.1,12.82,71.6,11,1.5,9.7,3.690,-6.9,0,1,6831
2026-04-05T15:35:24,-1.430092,-110.545715,21.1,12.36,68.1,11,1.3,10.3,3.688,-6.9,0,1,6832
2026-04-05T15:35:53,-1.429507,-110.544113,29.5,12.96,72.8,10,1.3,10.0,3.690,-7.1,0,1,6833
2026-04-05T15:36:21,-1.429103,-110.542450,26.9,12.48,73.0,11,1.3,10.0,3.689,-7.1,0,1,6834
2026-04-05T15:36:49,-1.428648,-110.540901,44.7,12.83,68.1,11,1.3,9.7,3.689,-6.9,0,1,6835
2026-04-05T15:37:18,-1.428143,-110.539223,41.1,13.35,75.3,10,1.3,10.3,3.690,-6.9,0,1,6836
2026-04-05T15:37:46,-1.427708,-110.537628,48.6,13.03,70.2,11,1.3,9.5,3.689,-6.9,0,1,6837
2026-04-05T15:38:14,-1.427253,-110.536041,48.5,12.89,72.4,11,1.3,9.5,3.688,-6.9,0,1,6838
2026-04-05T15:38:43,-1.426802,-110.534401,46.2,12.53,71.8,9,1.3,10.0,3.689,-7.1,0,1,6839
2026-04-05T15:39:11,-1.426427,-110.532722,47.9,12.87,76.7,11,1.3,9.7,3.689,-6.9,0,1,6840
2026-04-05T15:39:39,-1.426042,-110.531082,42.7,12.94,73.9,10,2.4,9.5,3.686,-6.9,0,1,6841
2026-04-05T15:40:08,-1.425405,-110.529510,37.0,13.10,68.5,9,2.7,10.0,3.689,-7.1,0,1,6842
2026-04-05T15:40:36,-1.424960,-110.527908,35.2,13.24,70.2,11,1.2,9.5,3.688,-6.9,0,1,6843
2026-04-05T15:41:04,-1.424430,-110.526337,34.5,12.34,69.0,11,1.2,10.0,3.686,-7.1,0,1,6844
2026-04-05T15:41:33,-1.423857,-110.524773,33.2,11.97,69.7,11,1.2,10.3,3.690,-6.9,0,1,6845
2026-04-05T15:42:01,-1.423307,-110.523239,6.9,12.98,69.1,11,1.2,9.2,3.689,-6.9,0,1,6846
2026-04-05T15:42:29,-1.422847,-110.521584,12.0,12.76,77.2,11,1.2,9.0,3.684,-6.9,0,1,6847
2026-04-05T15:42:58,-1.422292,-110.519951,17.4,12.98,70.1,11,1.2,9.5,3.686,-6.9,0,1,6848
2026-04-05T15:43:26,-1.421818,-110.518326,26.1,13.36,66.9,11,1.2,9.2,3.688,-6.9,0,1,6849
2026-04-05T15:43:54,-1.421330,-110.516739,21.9,12.15,71.1,11,1.2,9.5,3.689,-6.9,0,1,6850
2026-04-05T15:44:23,-1.420777,-110.515099,23.2,12.33,67.9,11,1.2,9.5,3.688,-6.9,0,1,6851
2026-04-05T15:44:51,-1.420263,-110.513535,21.1,11.18,75.3,11,1.2,9.2,3.688,-6.9,0,1,6852
2026-04-05T15:45:19,-1.419855,-110.511925,15.0,11.90,68.6,9,1.6,9.5,3.688,-6.9,0,1,6853
2026-04-05T15:45:48,-1.419343,-110.510262,8.0,12.81,72.0,9,1.3,9.2,3.688,-6.9,0,1,6854
2026-04-05T15:46:16,-1.418908,-110.508682,0.8,12.67,73.7,8,2.6,9.5,3.686,-6.9,0,1,6855
2026-04-05T15:46:44,-1.418413,-110.507088,-1.8,12.95,72.6,8,2.5,9.2,3.688,-6.9,0,1,6856
2026-04-05T15:47:13,-1.417878,-110.505501,1.0,12.37,68.7,9,1.2,9.5,3.686,-6.9,0,1,6857
2026-04-05T15:47:41,-1.417347,-110.503952,12.8,12.54,69.8,8,2.5,9.0,3.680,-6.9,0,1,6858
2026-04-05T15:48:09,-1.416853,-110.502373,12.7,12.55,68.3,9,1.2,9.0,3.686,-6.9,0,1,6859
2026-04-05T15:48:38,-1.416348,-110.500763,18.8,12.57,75.1,8,2.5,9.7,3.686,-6.9,0,1,6860
2026-04-05T15:49:06,-1.415810,-110.499199,29.7,12.59,73.2,8,2.4,9.0,3.686,-6.9,0,1,6861
2026-04-05T15:49:34,-1.415315,-110.497635,31.9,11.98,68.5,8,2.4,9.0,3.686,-6.9,0,1,6862
2026-04-05T15:50:03,-1.414895,-110.495926,24.0,13.27,75.8,8,2.4,9.2,3.686,-6.9,0,1,6863
2026-04-05T15:50:31,-1.414435,-110.494362,25.0,13.07,67.5,9,1.2,9.0,3.685,-6.9,0,1,6864
2026-04-05T15:50:59,-1.413948,-110.492790,32.4,12.63,74.2,9,1.2,9.0,3.685,-6.9,0,1,6865
2026-04-05T15:51:28,-1.413433,-110.491165,30.9,12.19,71.9,9,1.2,9.5,3.685,-6.9,0,1,6866
2026-04-05T15:51:56,-1.412978,-110.489571,37.1,13.89,75.4,10,1.2,9.0,3.685,-6.9,0,1,6867
2026-04-05T15:52:24,-1.412527,-110.487984,35.8,12.35,76.2,10,1.2,9.0,3.685,-6.9,0,1,6868
2026-04-05T15:52:53,-1.411990,-110.486397,21.8,12.21,67.9,10,1.2,9.5,3.686,-6.9,0,1,6869
2026-04-05T15:53:21,-1.411515,-110.484802,10.8,12.74,65.9,10,1.2,9.2,3.684,-6.9,0,1,6870
2026-04-05T15:53:49,-1.411148,-110.483185,10.1,12.22,67.6,10,1.2,9.2,3.685,-6.9,0,1,6871
2026-04-05T15:54:18,-1.410627,-110.481552,11.5,12.59,73.1,10,1.2,9.2,3.686,-6.9,0,1,6872
2026-04-05T15:54:46,-1.410103,-110.479988,7.6,13.15,68.3,10,1.2,8.6,3.685,-3.3,0,1,6873
2026-04-05T15:55:14,-1.409643,-110.478371,15.8,12.42,71.2,9,1.2,8.7,3.685,-6.9,0,1,6874
2026-04-05T15:55:43,-1.409180,-110.476738,24.5,12.35,81.1,10,1.2,9.2,3.684,-6.9,0,1,6875
2026-04-05T15:56:11,-1.408777,-110.475113,26.3,12.03,69.4,10,1.5,9.0,3.685,-6.9,0,1,6876
2026-04-05T15:56:39,-1.408297,-110.473511,22.5,13.01,74.3,9,1.2,9.0,3.685,-6.9,0,1,6877
2026-04-05T15:57:08,-1.407740,-110.471901,17.8,12.81,72.2,9,1.2,9.2,3.685,-6.9,0,1,6878
2026-04-05T15:57:36,-1.407232,-110.470360,17.9,11.31,67.5,10,1.1,9.0,3.684,-6.9,0,1,6879
2026-04-05T15:58:04,-1.406810,-110.468719,19.4,12.44,71.8,9,1.2,8.6,3.680,-3.3,0,1,6880
2026-04-05T15:58:33,-1.406367,-110.467072,15.8,11.99,77.7,9,1.2,9.0,3.682,-6.9,0,1,6881
2026-04-05T15:59:01,-1.405845,-110.465523,11.7,12.11,67.4,8,2.1,8.7,3.682,-6.9,0,1,6882
2026-04-05T15:59:29,-1.405430,-110.463860,18.6,12.88,69.2,9,2.1,8.6,3.680,-3.3,0,1,6883
2026-04-05T15:59:58,-1.404917,-110.462219,23.1,12.52,70.7,10,1.1,9.0,3.684,-6.9,0,1,6884
2026-04-05T16:00:26,-1.404405,-110.460663,24.1,12.76,68.8,8,2.1,8.6,3.679,-3.3,0,1,6885
2026-04-05T16:00:54,-1.403928,-110.459045,39.3,12.26,71.8,10,1.9,8.7,3.680,-6.9,0,1,6886
2026-04-05T16:01:23,-1.403535,-110.457397,25.1,12.70,70.6,9,1.9,8.7,3.684,-6.9,0,1,6887
2026-04-05T16:01:51,-1.403000,-110.455795,32.5,12.16,69.4,10,1.9,8.5,3.684,-3.3,0,1,6888
2026-04-05T16:02:19,-1.402487,-110.454231,36.6,12.95,69.7,10,1.8,8.7,3.681,-6.9,0,1,6889
2026-04-05T16:02:48,-1.401987,-110.452599,29.2,12.65,72.4,10,1.8,8.7,3.682,-6.9,0,1,6890
2026-04-05T16:03:16,-1.401590,-110.450958,26.5,13.19,72.8,10,1.8,8.7,3.682,-6.9,0,1,6891
2026-04-05T16:03:44,-1.401077,-110.449379,29.6,12.26,72.6,10,1.8,8.5,3.682,-3.3,0,1,6892
2026-04-05T16:04:13,-1.400655,-110.447693,29.8,12.83,69.7,10,1.8,8.7,3.681,-6.9,0,1,6893
2026-04-05T16:04:41,-1.400243,-110.446083,33.5,13.72,72.3,10,1.8,8.5,3.675,-3.3,0,1,6894
2026-04-05T16:05:09,-1.399797,-110.444481,35.0,12.70,70.0,10,1.8,8.6,3.681,-3.3,0,1,6895
2026-04-05T16:05:38,-1.399335,-110.442825,30.9,12.34,73.9,10,1.8,9.0,3.682,-6.9,0,1,6896
2026-04-05T16:06:06,-1.398868,-110.441231,30.6,13.29,65.5,10,1.8,8.5,3.675,-3.3,0,1,6897
2026-04-05T16:06:34,-1.398472,-110.439606,25.1,12.92,77.9,10,1.8,8.3,3.679,-3.1,0,1,6898
2026-04-05T16:07:03,-1.397997,-110.437950,28.6,12.38,69.9,10,1.8,9.0,3.681,-6.9,0,1,6899
2026-04-05T16:07:31,-1.397535,-110.436340,27.9,12.29,70.1,10,1.8,8.3,3.681,-3.1,0,1,6900
2026-04-05T16:07:59,-1.397042,-110.434776,25.5,12.81,72.4,11,1.4,8.5,3.678,-3.3,0,1,6901
2026-04-05T16:08:28,-1.396585,-110.433128,17.4,12.79,72.6,11,1.4,8.6,3.680,-3.3,0,1,6902
2026-04-05T16:08:56,-1.396157,-110.431503,21.3,12.62,78.1,11,1.4,8.3,3.678,-3.1,0,1,6903
2026-04-05T16:09:24,-1.395628,-110.429955,18.1,12.55,68.9,11,1.4,8.6,3.678,-3.3,0,1,6904
2026-04-05T16:09:53,-1.395135,-110.428314,19.1,12.78,75.3,11,1.4,8.5,3.680,-3.3,0,1,6905
2026-04-05T16:10:21,-1.394695,-110.426727,17.3,13.01,78.0,11,1.4,8.3,3.681,-3.1,0,1,6906
2026-04-05T16:10:49,-1.394208,-110.425156,19.8,12.82,71.6,11,1.4,8.6,3.681,-3.3,0,1,6907
2026-04-05T16:11:18,-1.393765,-110.423515,19.6,11.98,72.7,11,1.4,8.3,3.681,-3.1,0,1,6908
2026-04-05T16:11:46,-1.393322,-110.421928,23.7,11.43,71.2,11,1.4,8.5,3.679,-3.3,0,1,6909
2026-04-05T16:12:14,-1.392883,-110.420303,22.5,12.42,74.2,11,1.4,8.5,3.681,-3.3,0,1,6910
2026-04-05T16:12:43,-1.392375,-110.418663,19.5,12.15,66.7,11,1.4,8.6,3.681,-3.3,0,1,6911
2026-04-05T16:13:11,-1.391907,-110.417076,16.2,13.22,72.1,11,1.4,8.5,3.681,-3.3,0,1,6912
2026-04-05T16:13:39,-1.391417,-110.415504,20.7,12.40,73.9,11,1.4,8.3,3.681,-3.1,0,1,6913
2026-04-05T16:14:08,-1.390937,-110.413864,17.0,12.76,78.2,11,1.4,8.5,3.680,-3.3,0,1,6914
2026-04-05T16:14:36,-1.390487,-110.412285,20.6,13.15,73.9,11,1.4,8.2,3.680,-3.3,0,1,6915
2026-04-05T16:15:04,-1.390013,-110.410698,26.5,13.58,74.6,11,1.4,8.6,3.679,-3.3,0,1,6916
2026-04-05T16:15:33,-1.389567,-110.409073,26.5,12.16,73.5,11,1.3,8.5,3.681,-3.3,0,1,6917
2026-04-05T16:16:01,-1.389097,-110.407463,27.7,12.64,76.2,10,1.4,8.5,3.679,-3.3,0,1,6918
2026-04-05T16:16:29,-1.388587,-110.405914,25.0,12.61,69.3,11,1.5,8.3,3.679,-3.1,0,1,6919
2026-04-05T16:16:58,-1.388122,-110.404251,25.5,13.28,78.1,11,1.3,8.6,3.679,-3.3,0,1,6920
2026-04-05T16:17:26,-1.387687,-110.402649,25.4,13.21,79.3,11,1.3,8.3,3.679,-3.1,0,1,6921
2026-04-05T16:17:54,-1.387255,-110.401100,20.2,11.96,76.1,11,1.3,8.2,3.679,-3.3,0,1,6922
2026-04-05T16:18:23,-1.386775,-110.399475,21.1,12.40,76.5,11,1.3,8.5,3.680,-3.3,0,1,6923
2026-04-05T16:18:51,-1.386338,-110.397903,20.1,12.39,75.2,11,1.3,8.1,3.681,-3.3,0,1,6924
2026-04-05T16:19:19,-1.385878,-110.396324,22.7,12.09,75.0,10,1.3,8.3,3.680,-3.1,0,1,6925
2026-04-05T16:19:48,-1.385425,-110.394691,22.7,12.39,72.9,11,1.3,8.3,3.680,-3.1,0,1,6926
2026-04-05T16:20:16,-1.384983,-110.393127,22.3,12.12,71.8,11,1.3,8.1,3.680,-3.3,0,1,6927
2026-04-05T16:20:44,-1.384527,-110.391556,24.9,12.22,74.9,11,1.3,8.1,3.679,-3.3,0,1,6928
2026-04-05T16:21:13,-1.384063,-110.389915,26.8,11.75,72.9,10,1.6,8.3,3.679,-3.1,0,1,6929
2026-04-05T16:21:41,-1.383602,-110.388336,24.7,11.93,72.4,10,1.3,8.2,3.679,-3.3,0,1,6930
2026-04-05T16:22:09,-1.383192,-110.386726,24.9,12.60,76.4,10,1.3,8.1,3.674,-3.3,0,1,6931
2026-04-05T16:22:38,-1.382723,-110.385086,13.3,12.38,72.2,11,1.3,8.3,3.679,-3.1,0,1,6932
2026-04-05T16:23:06,-1.382315,-110.383492,11.8,12.26,77.1,12,1.2,8.1,3.678,-3.3,0,1,6933
2026-04-05T16:23:34,-1.381823,-110.381927,15.5,12.38,73.6,11,1.3,8.2,3.674,-3.3,0,1,6934
2026-04-05T16:24:03,-1.381355,-110.380310,14.7,12.57,68.6,11,1.3,8.3,3.679,-3.1,0,1,6935
2026-04-05T16:24:31,-1.380902,-110.378738,15.6,12.18,68.3,11,1.3,8.1,3.678,-3.3,0,1,6936
2026-04-05T16:24:59,-1.380452,-110.377167,19.0,12.70,75.7,11,1.3,8.0,3.674,-3.3,0,1,6937
2026-04-05T16:25:28,-1.380010,-110.375526,14.7,12.55,79.1,11,1.2,8.2,3.669,-3.3,0,1,6938
2026-04-05T16:25:56,-1.379563,-110.373940,16.0,13.07,75.4,11,1.2,7.8,3.678,-3.1,0,1,6939
2026-04-05T16:26:24,-1.379090,-110.372414,19.2,11.97,76.7,12,1.2,8.2,3.675,-3.3,0,1,6940
2026-04-05T16:26:53,-1.378535,-110.370789,25.1,12.27,69.1,12,1.2,8.2,3.678,-3.3,0,1,6941
2026-04-05T16:27:21,-1.378042,-110.369270,22.6,12.10,68.2,12,1.2,8.1,3.678,-3.3,0,1,6942
2026-04-05T16:27:49,-1.377612,-110.367645,22.9,12.51,74.1,11,1.2,7.8,3.674,-3.1,0,1,6943
2026-04-05T16:28:18,-1.377130,-110.366013,23.4,11.57,72.6,11,1.2,8.2,3.676,-3.3,0,1,6944
2026-04-05T16:28:46,-1.376658,-110.364441,19.6,12.68,76.4,12,1.2,7.8,3.674,-3.1,0,1,6945
2026-04-05T16:29:14,-1.376238,-110.362877,19.2,12.44,75.6,10,1.3,8.2,3.674,-3.3,0,1,6946
2026-04-05T16:29:43,-1.375818,-110.361244,20.9,12.49,72.6,10,1.4,8.1,3.678,-3.3,0,1,6947
2026-04-05T16:30:11,-1.375320,-110.359627,22.9,12.82,75.1,10,1.4,8.1,3.668,-3.3,0,1,6948
2026-04-05T16:30:39,-1.374818,-110.358070,27.6,12.04,69.8,10,1.4,8.0,3.674,-3.3,0,1,6949
2026-04-05T16:31:08,-1.374360,-110.356430,25.9,12.15,73.8,11,1.2,8.3,3.678,-3.1,0,1,6950
2026-04-05T16:31:36,-1.373907,-110.354843,27.2,12.66,76.4,11,1.3,8.0,3.675,-3.3,0,1,6951
2026-04-05T16:32:04,-1.373433,-110.353256,28.8,12.76,70.9,11,1.2,8.0,3.672,-3.3,0,1,6952
2026-04-05T16:32:33,-1.372935,-110.351601,29.6,13.37,76.3,10,1.4,8.1,3.675,-3.3,0,1,6953
2026-04-05T16:33:01,-1.372467,-110.350029,25.7,12.18,73.3,11,1.2,7.8,3.675,-3.1,0,1,6954
2026-04-05T16:33:29,-1.372000,-110.348480,26.7,12.23,72.0,11,1.2,8.1,3.672,-3.3,0,1,6955
2026-04-05T16:33:58,-1.371502,-110.346832,19.4,12.50,74.2,10,1.4,8.2,3.675,-3.3,0,1,6956
2026-04-05T16:34:26,-1.371048,-110.345268,24.0,12.72,73.9,9,1.6,8.0,3.669,-3.3,0,1,6957
2026-04-05T16:34:54,-1.370635,-110.343681,24.7,12.04,74.9,11,1.2,7.8,3.672,-3.1,0,1,6958
2026-04-05T16:35:23,-1.370113,-110.342064,27.9,12.72,74.2,11,1.2,8.1,3.675,-3.3,0,1,6959
2026-04-05T16:35:51,-1.369687,-110.340439,34.9,12.93,75.0,11,1.2,8.0,3.675,-3.3,0,1,6960
2026-04-05T16:36:19,-1.369223,-110.338890,34.3,12.26,73.4,10,1.3,8.0,3.671,-3.3,0,1,6961
2026-04-05T16:36:48,-1.368773,-110.337257,34.2,12.30,80.1,10,1.3,8.0,3.675,-3.3,0,1,6962
2026-04-05T16:37:16,-1.368350,-110.335670,28.7,12.61,76.7,11,1.2,7.7,3.675,-3.3,0,1,6963
2026-04-05T16:37:44,-1.367898,-110.334053,31.2,12.41,75.0,11,1.2,8.1,3.671,-3.3,0,1,6964
2026-04-05T16:38:13,-1.367410,-110.332413,24.6,11.89,73.4,11,1.2,7.8,3.676,-3.1,0,1,6965
2026-04-05T16:38:41,-1.366952,-110.330879,22.2,11.22,73.6,10,1.4,7.8,3.674,-3.1,0,1,6966
2026-04-05T16:39:09,-1.366477,-110.329277,24.5,12.72,72.8,10,1.3,7.7,3.669,-3.3,0,1,6967
2026-04-05T16:39:38,-1.366032,-110.327614,21.4,13.69,73.6,10,1.3,8.0,3.674,-3.3,0,1,6968
2026-04-05T16:40:06,-1.365627,-110.326027,20.4,11.99,72.2,10,1.3,7.7,3.675,-3.3,0,1,6969
2026-04-05T16:40:34,-1.365102,-110.324455,18.8,13.18,69.0,10,1.3,7.8,3.668,-3.1,0,1,6970
2026-04-05T16:41:03,-1.364682,-110.322830,9.7,12.29,75.8,11,1.1,7.8,3.674,-3.1,0,1,6971
2026-04-05T16:41:31,-1.364232,-110.321243,15.6,12.50,76.3,10,1.3,7.6,3.672,-3.3,0,1,6972
2026-04-05T16:41:59,-1.363785,-110.319626,18.4,12.51,68.9,11,1.1,7.7,3.671,-3.3,0,1,6973
2026-04-05T16:42:28,-1.363350,-110.318031,14.4,12.70,72.1,11,1.1,7.7,3.672,-3.3,0,1,6974
2026-04-05T16:42:56,-1.362847,-110.316467,16.6,12.18,72.2,11,1.1,7.7,3.674,-3.3,0,1,6975
2026-04-05T16:43:24,-1.362410,-110.314896,11.1,12.75,72.7,11,1.1,7.7,3.672,-3.3,0,1,6976
2026-04-05T16:43:53,-1.361920,-110.313278,12.7,12.41,76.7,10,1.3,8.0,3.674,-3.3,0,1,6977
2026-04-05T16:44:21,-1.361500,-110.311684,13.0,12.88,69.3,10,1.3,7.7,3.674,-3.3,0,1,6978
2026-04-05T16:44:49,-1.361015,-110.310120,20.5,12.08,70.5,12,1.0,7.8,3.674,-3.1,0,1,6979
2026-04-05T16:45:18,-1.360490,-110.308556,25.5,12.36,69.5,12,1.0,7.6,3.674,-3.3,0,1,6980
2026-04-05T16:45:46,-1.359967,-110.306984,25.4,12.94,71.6,11,1.1,7.5,3.675,-3.3,0,1,6981
2026-04-05T16:46:14,-1.359448,-110.305458,31.3,11.58,68.8,11,1.1,7.5,3.670,-3.3,0,1,6982
2026-04-05T16:46:43,-1.358888,-110.303871,30.8,12.70,65.3,9,1.4,7.6,3.671,-3.3,0,1,6983
2026-04-05T16:47:11,-1.358395,-110.302361,28.1,12.07,70.5,11,1.1,7.7,3.672,-3.3,0,1,6984
2026-04-05T16:47:39,-1.357987,-110.300735,23.1,12.78,74.1,11,1.1,7.5,3.669,-3.3,0,1,6985
2026-04-05T16:48:08,-1.357568,-110.299019,19.6,11.49,73.5,10,1.2,7.7,3.674,-3.3,0,1,6986
2026-04-05T16:48:36,-1.357068,-110.297523,22.4,12.91,75.8,10,1.2,7.6,3.672,-3.3,0,1,6987
2026-04-05T16:49:04,-1.356587,-110.295975,19.9,11.50,70.9,10,1.2,7.5,3.669,-3.3,0,1,6988
2026-04-05T16:49:33,-1.356067,-110.294464,17.7,12.66,75.1,10,1.2,7.7,3.674,-3.3,0,1,6989
2026-04-05T16:50:01,-1.355488,-110.292854,23.5,12.29,66.4,11,1.1,7.6,3.672,-3.3,0,1,6990
2026-04-05T16:50:29,-1.354998,-110.291328,22.1,12.94,70.4,11,1.1,7.6,3.669,-3.3,0,1,6991
2026-04-05T16:50:58,-1.354528,-110.289726,21.7,11.89,68.1,11,1.1,7.7,3.672,-3.3,0,1,6992
2026-04-05T16:51:26,-1.354073,-110.288132,19.2,12.95,71.2,10,1.2,7.5,3.671,-3.3,0,1,6993
2026-04-05T16:51:54,-1.353595,-110.286552,14.3,12.80,69.0,10,1.2,7.5,3.669,-3.3,0,1,6994
2026-04-05T16:52:23,-1.353088,-110.284966,15.5,11.68,72.2,10,1.2,7.6,3.672,-3.3,0,1,6995
2026-04-05T16:52:51,-1.352618,-110.283417,9.2,11.25,66.3,9,2.1,7.5,3.671,-3.3,0,1,6996
2026-04-05T16:53:19,-1.352143,-110.281853,7.4,11.59,71.8,9,2.1,7.4,3.669,-3.1,0,1,6997
2026-04-05T16:53:48,-1.351403,-110.280220,17.4,12.79,65.5,9,2.1,7.6,3.671,-3.3,0,1,6998
2026-04-05T16:54:16,-1.350862,-110.278656,32.3,12.44,69.8,9,2.1,7.4,3.671,-3.1,0,1,6999
2026-04-05T16:54:44,-1.350205,-110.277130,40.3,13.19,68.2,8,2.3,7.4,3.669,-3.1,0,1,7000
2026-04-05T16:55:13,-1.349753,-110.275497,43.0,12.46,73.0,8,2.3,7.6,3.671,-3.3,0,1,7001
2026-04-05T16:55:41,-1.349385,-110.273933,41.9,12.23,73.8,8,2.3,7.5,3.670,-3.3,0,1,7002
2026-04-05T16:56:09,-1.348997,-110.272400,42.2,11.61,70.1,7,2.9,7.5,3.668,-3.3,0,1,7003
2026-04-05T16:56:38,-1.348362,-110.270744,49.9,12.05,70.6,8,1.3,7.6,3.672,-3.3,0,1,7004
2026-04-05T16:57:06,-1.347865,-110.269196,52.3,11.56,73.3,7,2.9,7.4,3.672,-3.1,0,1,7005
2026-04-05T16:57:34,-1.347378,-110.267677,54.1,11.49,71.6,7,2.9,7.4,3.669,-3.1,0,1,7006
2026-04-05T16:58:03,-1.346860,-110.266060,51.4,13.06,71.2,7,2.9,7.5,3.671,-3.3,0,1,7007
2026-04-05T16:58:31,-1.346420,-110.264496,46.3,11.01,73.7,7,2.9,7.4,3.665,-3.1,0,1,7008
2026-04-05T16:58:59,-1.345968,-110.262985,43.3,11.79,68.2,8,2.2,7.5,3.668,-3.3,0,1,7009
2026-04-05T16:59:28,-1.345600,-110.261353,42.2,11.37,77.7,8,2.2,7.6,3.669,-3.3,0,1,7010
2026-04-05T16:59:56,-1.345060,-110.259789,41.8,12.17,75.3,8,2.2,7.4,3.670,-3.1,0,1,7011
2026-04-05T17:00:24,-1.344602,-110.258224,38.6,13.32,67.7,8,2.5,7.5,3.666,-3.3,0,1,7012
2026-04-05T17:00:53,-1.344045,-110.256615,46.4,12.66,69.6,8,2.2,7.6,3.670,-3.3,0,1,7013
2026-04-05T17:01:21,-1.343550,-110.255051,48.6,12.65,60.4,10,1.0,7.2,3.669,-3.3,0,1,7014
2026-04-05T17:01:49,-1.343178,-110.253517,42.7,12.12,74.1,9,1.2,7.2,3.668,-3.3,0,1,7015
2026-04-05T17:02:18,-1.342597,-110.251915,46.0,13.11,68.8,8,2.2,7.5,3.670,-3.3,0,1,7016
2026-04-05T17:02:46,-1.342068,-110.250343,51.1,12.45,65.8,8,2.2,7.2,3.669,-3.3,0,1,7017
2026-04-05T17:03:14,-1.341657,-110.248795,46.2,11.78,73.6,9,2.2,7.4,3.665,-3.1,0,1,7018
2026-04-05T17:03:43,-1.341090,-110.247192,43.0,11.74,67.8,8,2.1,7.5,3.668,-3.3,0,1,7019
2026-04-05T17:04:11,-1.340640,-110.245583,40.9,13.19,68.1,8,2.1,7.2,3.665,-3.3,0,1,7020
2026-04-05T17:04:39,-1.340157,-110.243996,42.1,12.61,66.1,9,1.1,7.2,3.670,-3.3,0,1,7021
2026-04-05T17:05:08,-1.339605,-110.242355,44.6,13.74,67.1,8,2.1,7.4,3.669,-3.1,0,1,7022
2026-04-05T17:05:36,-1.339178,-110.240822,51.8,13.76,66.1,8,2.1,7.5,3.668,-3.3,0,1,7023
2026-04-05T17:06:04,-1.338670,-110.239243,57.9,12.87,64.8,8,2.1,7.2,3.669,-3.3,0,1,7024
2026-04-05T17:06:33,-1.338212,-110.237617,57.7,12.82,65.6,8,2.1,7.5,3.669,-3.3,0,1,7025
2026-04-05T17:07:01,-1.337718,-110.236061,63.8,12.25,69.4,8,2.0,7.2,3.669,-3.3,0,1,7026
2026-04-05T17:07:29,-1.337110,-110.234497,59.7,14.15,63.2,8,2.0,7.2,3.669,-3.3,0,1,7027
2026-04-05T17:07:58,-1.336812,-110.232857,52.0,12.62,72.0,8,2.0,7.2,3.668,-3.3,0,1,7028
2026-04-05T17:08:26,-1.336420,-110.231331,52.5,12.86,71.1,8,2.0,7.2,3.670,-3.3,0,1,7029
2026-04-05T17:08:54,-1.335918,-110.229759,56.8,12.39,74.1,9,1.1,7.1,3.670,-3.3,0,1,7030
2026-04-05T17:09:23,-1.335490,-110.228149,41.9,12.47,70.3,7,2.3,7.0,3.669,-3.3,0,1,7031
2026-04-05T17:09:51,-1.334985,-110.226601,48.2,12.74,62.0,7,2.2,7.1,3.669,-3.3,0,1,7032
2026-04-05T17:10:19,-1.334540,-110.225075,48.6,12.05,73.5,7,2.2,7.2,3.669,-3.3,0,1,7033
2026-04-05T17:10:48,-1.334030,-110.223450,54.9,12.98,67.9,7,2.2,7.4,3.668,-3.1,0,1,7034
2026-04-05T17:11:16,-1.333520,-110.221886,62.1,13.55,67.7,7,2.2,7.1,3.668,-3.3,0,1,7035
2026-04-05T17:11:44,-1.333050,-110.220406,66.9,11.95,68.7,7,2.2,7.2,3.670,-3.3,0,1,7036
2026-04-05T17:12:13,-1.332612,-110.218781,61.4,12.71,69.6,7,2.2,7.2,3.665,-3.3,0,1,7037
2026-04-05T17:12:41,-1.331953,-110.217239,77.6,14.21,65.2,7,2.1,7.1,3.669,-3.3,0,1,7038
2026-04-05T17:13:09,-1.331432,-110.215721,84.0,12.74,63.9,7,2.1,7.1,3.666,-3.3,0,1,7039
2026-04-05T17:13:38,-1.331063,-110.214211,77.8,12.03,71.3,7,2.1,7.2,3.668,-3.3,0,1,7040
2026-04-05T17:14:06,-1.330667,-110.212669,65.1,12.28,72.2,7,2.1,7.1,3.669,-3.3,0,1,7041
2026-04-05T17:14:34,-1.330275,-110.211098,47.5,11.97,75.6,7,2.1,7.0,3.668,-3.3,0,1,7042
2026-04-05T17:15:03,-1.329758,-110.209473,43.8,12.38,71.3,7,2.0,7.2,3.669,-3.3,0,1,7043
2026-04-05T17:15:31,-1.329448,-110.207947,31.9,11.80,76.6,7,2.0,7.2,3.668,-3.3,0,1,7044
2026-04-05T17:15:59,-1.328993,-110.206398,26.1,12.62,69.8,7,2.0,6.9,3.668,-3.1,0,1,7045
2026-04-05T17:16:28,-1.328547,-110.204773,21.6,13.58,78.5,8,1.9,7.1,3.668,-3.3,0,1,7046
2026-04-05T17:16:56,-1.328168,-110.203255,11.6,12.57,70.1,7,2.2,7.1,3.665,-3.3,0,1,7047
2026-04-05T17:17:24,-1.327730,-110.201706,10.6,13.26,73.1,9,1.0,7.1,3.668,-3.3,0,1,7048
2026-04-05T17:17:53,-1.327213,-110.200127,12.9,10.98,75.2,8,1.9,7.2,3.668,-3.3,0,1,7049
2026-04-05T17:18:21,-1.326705,-110.198563,7.6,13.00,68.3,8,1.9,7.0,3.666,-3.3,0,1,7050
2026-04-05T17:18:49,-1.326177,-110.197029,2.3,12.80,69.6,8,1.8,7.1,3.668,-3.3,0,1,7051
2026-04-05T17:19:18,-1.325712,-110.195404,-8.8,12.98,72.2,8,1.8,7.2,3.666,-3.3,0,1,7052
2026-04-05T17:19:46,-1.325248,-110.193855,-11.8,11.81,74.5,8,1.8,6.7,3.665,-3.3,0,1,7053
2026-04-05T17:20:14,-1.324755,-110.192322,-14.8,12.72,68.0,8,1.8,7.0,3.666,-3.3,0,1,7054
2026-04-05T17:20:43,-1.324253,-110.190697,-16.7,12.89,73.6,8,1.8,7.0,3.661,-3.3,0,1,7055
2026-04-05T17:21:11,-1.323763,-110.189194,-16.2,12.58,72.4,7,2.0,6.9,3.666,-3.1,0,1,7056
2026-04-05T17:21:39,-1.323318,-110.187660,-14.8,11.03,72.2,7,2.0,7.0,3.668,-3.3,0,1,7057
2026-04-05T17:22:08,-1.322792,-110.186050,-12.8,12.15,72.4,7,2.0,7.1,3.661,-3.3,0,1,7058
2026-04-05T17:22:36,-1.322310,-110.184547,-10.8,11.46,68.5,7,2.0,7.0,3.665,-3.3,0,1,7059
2026-04-05T17:23:04,-1.321857,-110.183014,-11.3,13.06,69.3,7,2.0,6.7,3.665,-3.3,0,1,7060
2026-04-05T17:23:33,-1.321340,-110.181366,-12.5,13.23,68.2,8,1.7,7.1,3.662,-3.3,0,1,7061
2026-04-05T17:24:01,-1.320842,-110.179825,-11.6,12.56,72.0,8,1.7,7.0,3.666,-3.3,0,1,7062
2026-04-05T17:24:29,-1.320405,-110.178329,-14.8,11.95,69.2,8,1.7,6.9,3.666,-3.1,0,1,7063
2026-04-05T17:24:58,-1.320010,-110.176689,-11.5,12.92,80.4,7,1.9,7.1,3.662,-3.3,0,1,7064
2026-04-05T17:25:26,-1.319493,-110.175133,-14.5,12.76,78.0,6,2.1,6.7,3.665,-3.3,0,1,7065
2026-04-05T17:25:54,-1.319052,-110.173630,-15.8,12.28,73.7,7,1.9,6.9,3.668,-3.1,0,1,7066
2026-04-05T17:26:23,-1.318447,-110.171959,-16.3,13.59,73.2,7,1.9,7.1,3.666,-3.3,0,1,7067
2026-04-05T17:26:51,-1.317950,-110.170418,-12.8,13.00,68.5,7,1.9,6.9,3.668,-3.1,0,1,7068
2026-04-05T17:27:19,-1.317425,-110.168846,-6.1,12.33,67.9,7,1.9,6.9,3.666,-3.1,0,1,7069
2026-04-05T17:27:48,-1.316877,-110.167221,-0.8,12.92,63.0,7,1.8,7.0,3.662,-3.3,0,1,7070
2026-04-05T17:28:16,-1.316373,-110.165604,1.4,13.08,71.8,7,1.8,6.9,3.665,-3.1,0,1,7071
2026-04-05T17:28:44,-1.315830,-110.164070,5.0,12.38,71.0,7,1.8,7.0,3.666,-3.3,0,1,7072
2026-04-05T17:29:13,-1.315338,-110.162468,5.2,12.24,71.2,7,1.8,6.9,3.662,-3.1,0,1,7073
2026-04-05T17:29:41,-1.314845,-110.160919,5.4,13.37,71.1,7,1.8,6.6,3.665,-3.3,0,1,7074
2026-04-05T17:30:09,-1.314342,-110.159325,5.6,12.30,69.5,7,1.8,6.9,3.665,-3.1,0,1,7075
2026-04-05T17:30:38,-1.313957,-110.157722,-8.0,12.99,79.9,7,1.8,6.9,3.666,-3.1,0,1,7076
2026-04-05T17:31:06,-1.313440,-110.156189,-2.2,11.96,73.6,7,1.8,7.0,3.665,-3.3,0,1,7077
2026-04-05T17:31:34,-1.312902,-110.154587,4.9,13.39,70.7,7,1.8,6.9,3.665,-3.1,0,1,7078
2026-04-05T17:32:03,-1.312443,-110.152969,11.1,12.77,74.7,7,1.7,6.7,3.664,-3.3,0,1,7079
2026-04-05T17:32:31,-1.311850,-110.151421,23.4,12.49,66.4,7,1.7,6.7,3.662,-3.3,0,1,7080
2026-04-05T17:32:59,-1.311313,-110.149849,28.0,12.45,65.9,7,1.7,6.6,3.664,-3.3,0,1,7081
2026-04-05T17:33:28,-1.310825,-110.148209,26.3,12.70,77.5,7,1.7,7.0,3.659,-3.3,0,1,7082
2026-04-05T17:33:56,-1.310350,-110.146652,26.1,12.63,68.0,7,1.7,6.7,3.660,-3.3,0,1,7083
2026-04-05T17:34:24,-1.309932,-110.145088,31.8,12.50,71.8,7,1.7,6.7,3.665,-3.3,0,1,7084
2026-04-05T17:34:53,-1.309348,-110.143501,36.9,13.07,66.6,7,1.7,6.7,3.661,-3.3,0,1,7085
2026-04-05T17:35:21,-1.308840,-110.141953,36.3,12.72,62.2,7,1.7,6.9,3.665,-3.1,0,1,7086
2026-04-05T17:35:49,-1.308438,-110.140350,34.8,12.41,68.7,7,1.7,6.9,3.664,-3.1,0,1,7087
2026-04-05T17:36:18,-1.307840,-110.138725,42.6,13.70,67.6,7,1.6,6.6,3.661,-3.3,0,1,7088
2026-04-05T17:36:46,-1.307320,-110.137177,53.4,14.77,73.8,7,1.6,6.6,3.662,-3.3,0,1,7089
2026-04-05T17:37:14,-1.306912,-110.135567,52.8,13.18,74.8,7,1.6,6.6,3.664,-3.3,0,1,7090
2026-04-05T17:37:43,-1.306403,-110.133980,54.5,12.48,73.3,7,1.6,6.9,3.661,-3.1,0,1,7091
2026-04-05T17:38:11,-1.305843,-110.132439,53.3,13.18,64.1,7,1.6,6.7,3.664,-3.3,0,1,7092
2026-04-05T17:38:39,-1.305395,-110.130905,62.9,12.57,72.3,7,1.6,6.5,3.658,-3.3,0,1,7093
2026-04-05T17:39:08,-1.304825,-110.129280,62.9,13.59,69.6,7,1.6,6.7,3.660,-3.3,0,1,7094
2026-04-05T17:39:36,-1.304390,-110.127731,63.2,12.71,68.8,7,1.6,6.6,3.661,-3.3,0,1,7095
2026-04-05T17:40:04,-1.303942,-110.126183,71.2,13.38,63.5,6,1.8,6.6,3.664,-3.3,0,1,7096
2026-04-05T17:40:33,-1.303372,-110.124557,78.9,12.56,65.6,7,1.6,6.9,3.662,-3.1,0,1,7097
2026-04-05T17:41:01,-1.302892,-110.123009,78.1,13.50,64.2,8,1.5,6.5,3.665,-3.3,0,1,7098
2026-04-05T17:41:29,-1.302358,-110.121460,77.9,12.20,68.1,8,1.5,6.5,3.662,-3.3,0,1,7099
2026-04-05T17:41:58,-1.301922,-110.119934,82.4,13.02,74.3,8,1.5,6.7,3.660,-3.3,0,1,7100
2026-04-05T17:42:26,-1.301360,-110.118347,74.3,12.53,68.3,8,1.5,6.4,3.661,-3.1,0,1,7101
2026-04-05T17:42:54,-1.300928,-110.116798,71.6,13.07,68.1,8,1.5,6.6,3.661,-3.3,0,1,7102
2026-04-05T17:43:23,-1.300470,-110.115173,74.9,13.42,76.0,8,1.5,6.7,3.660,-3.3,0,1,7103
2026-04-05T17:43:51,-1.299965,-110.113609,80.0,11.95,69.1,8,1.5,6.5,3.661,-3.3,0,1,7104
2026-04-05T17:44:19,-1.299465,-110.112038,88.1,12.55,71.5,8,1.5,6.7,3.662,-3.3,0,1,7105
2026-04-05T17:44:48,-1.298947,-110.110397,88.1,12.43,71.5,8,1.5,6.9,3.660,-3.1,0,1,7106
2026-04-05T17:45:16,-1.298420,-110.108803,86.2,12.68,68.8,6,1.7,6.6,3.655,-3.3,0,1,7107
2026-04-05T17:45:44,-1.297967,-110.107254,80.0,13.23,65.0,6,1.7,6.7,3.662,-3.3,0,1,7108
2026-04-05T17:46:13,-1.297462,-110.105598,77.0,13.34,70.0,6,1.7,6.9,3.656,-3.1,0,1,7109
2026-04-05T17:46:41,-1.297057,-110.104027,69.7,12.46,70.9,6,1.7,6.6,3.660,-3.3,0,1,7110
2026-04-05T17:47:09,-1.296523,-110.102493,58.5,12.04,70.8,6,1.7,6.5,3.662,-3.3,0,1,7111
2026-04-05T17:47:38,-1.296105,-110.100838,52.7,11.99,75.0,6,1.7,6.6,3.662,-3.3,0,1,7112
2026-04-05T17:48:06,-1.295585,-110.099274,50.0,12.24,79.1,6,1.7,6.5,3.662,-3.3,0,1,7113
2026-04-05T17:48:34,-1.295140,-110.097702,53.0,12.21,71.3,6,1.7,6.4,3.662,-3.1,0,1,7114
2026-04-05T17:49:03,-1.294572,-110.096077,53.6,12.91,74.9,6,1.7,6.6,3.658,-3.3,0,1,7115
2026-04-05T17:49:31,-1.294088,-110.094528,50.2,12.60,71.2,6,1.7,6.6,3.662,-3.3,0,1,7116
2026-04-05T17:49:59,-1.293738,-110.092941,51.0,12.15,80.8,7,1.6,6.2,3.661,-3.3,0,1,7117
2026-04-05T17:50:28,-1.293203,-110.091339,47.4,12.38,77.1,7,1.6,6.6,3.658,-3.3,0,1,7118
2026-04-05T17:50:56,-1.292722,-110.089790,47.3,12.78,66.6,7,1.6,6.5,3.656,-3.3,0,1,7119
2026-04-05T17:51:24,-1.292268,-110.088234,42.4,12.06,71.2,6,3.1,6.5,3.662,-3.3,0,1,7120
2026-04-05T17:51:53,-1.291758,-110.086578,39.9,12.69,73.1,7,1.5,6.7,3.658,-3.3,0,1,7121
2026-04-05T17:52:21,-1.291320,-110.085030,32.6,12.22,66.7,7,1.5,6.5,3.660,-3.3,0,1,7122
2026-04-05T17:52:49,-1.290897,-110.083458,32.2,12.26,73.9,7,1.5,6.4,3.661,-3.1,0,1,7123
2026-04-05T17:53:18,-1.290372,-110.081871,37.3,11.64,74.8,7,1.5,6.5,3.656,-3.3,0,1,7124
2026-04-05T17:53:46,-1.289897,-110.080269,47.2,13.26,70.9,7,1.5,6.5,3.661,-3.3,0,1,7125
2026-04-05T17:54:14,-1.289390,-110.078720,44.7,12.37,65.8,7,1.5,6.2,3.661,-3.3,0,1,7126
2026-04-05T17:54:43,-1.288978,-110.077148,35.5,11.45,71.5,7,1.5,6.6,3.658,-3.3,0,1,7127
2026-04-05T17:55:11,-1.288462,-110.075623,30.7,12.62,75.8,7,1.5,6.4,3.662,-3.1,0,1,7128
2026-04-05T17:55:39,-1.288032,-110.074074,24.7,12.76,75.1,7,1.5,6.4,3.659,-3.1,0,1,7129
2026-04-05T17:56:08,-1.287647,-110.072411,10.7,12.39,70.4,7,1.5,6.4,3.656,-3.1,0,1,7130
2026-04-05T17:56:36,-1.287098,-110.070915,13.3,12.61,65.9,6,1.6,6.2,3.661,-3.3,0,1,7131
2026-04-05T17:57:04,-1.286598,-110.069366,20.1,12.88,72.5,6,2.9,6.4,3.661,-3.1,0,1,7132
2026-04-05T17:57:33,-1.286242,-110.067673,18.1,12.30,78.4,7,1.5,6.4,3.659,-3.1,0,1,7133
2026-04-05T17:58:01,-1.285730,-110.066177,16.3,12.44,67.8,7,1.5,6.1,3.658,-3.3,0,1,7134
2026-04-05T17:58:29,-1.285273,-110.064590,16.3,12.08,68.7,7,1.5,6.6,3.659,-3.3,0,1,7135
2026-04-05T17:58:58,-1.284897,-110.062889,17.8,12.92,75.3,7,1.5,6.4,3.655,-3.1,0,1,7136
2026-04-05T17:59:26,-1.284375,-110.061363,22.2,12.64,71.7,7,1.5,6.5,3.661,-3.3,0,1,7137
2026-04-05T17:59:54,-1.283867,-110.059799,26.9,11.80,72.3,7,1.5,6.2,3.658,-3.3,0,1,7138
2026-04-05T18:00:23,-1.283340,-110.058167,36.0,12.65,75.6,7,1.4,6.4,3.660,-3.1,0,1,7139
2026-04-05T18:00:51,-1.282763,-110.056641,35.2,12.59,72.6,7,1.4,6.2,3.652,-3.3,0,1,7140
2026-04-05T18:01:19,-1.282272,-110.055054,37.6,11.87,68.4,7,1.4,6.2,3.660,-3.3,0,1,7141
2026-04-05T18:01:48,-1.281707,-110.053482,36.8,12.69,66.6,7,1.4,6.5,3.660,-3.3,0,1,7142
2026-04-05T18:02:16,-1.281260,-110.051880,38.6,12.60,74.2,7,1.4,6.5,3.660,-3.3,0,1,7143
2026-04-05T18:02:44,-1.280792,-110.050278,38.3,12.43,69.8,7,1.4,6.2,3.660,-3.3,0,1,7144
2026-04-05T18:03:13,-1.280272,-110.048653,41.3,11.74,60.5,7,1.4,6.2,3.659,-3.3,0,1,7145
2026-04-05T18:03:41,-1.279807,-110.047104,34.5,12.36,79.1,7,1.4,6.4,3.659,-3.1,0,1,7146
2026-04-05T18:04:09,-1.279338,-110.045570,29.7,12.80,75.8,7,1.4,6.5,3.660,-3.3,0,1,7147
2026-04-05T18:04:38,-1.278790,-110.043968,28.7,12.39,71.2,7,1.4,6.4,3.654,-3.1,0,1,7148
2026-04-05T18:05:06,-1.278262,-110.042358,35.2,11.74,68.6,7,1.4,6.2,3.661,-3.3,0,1,7149
2026-04-05T18:05:34,-1.277748,-110.040756,36.4,12.02,72.4,7,1.4,6.2,3.659,-3.3,0,1,7150
2026-04-05T18:06:03,-1.277370,-110.039131,35.3,12.48,76.6,8,1.4,6.4,3.660,-3.1,0,1,7151
2026-04-05T18:06:31,-1.276888,-110.037529,37.3,12.94,76.2,7,2.3,6.4,3.660,-3.1,0,1,7152
2026-04-05T18:06:59,-1.276475,-110.035957,35.2,12.15,68.9,8,1.4,6.1,3.656,-3.3,0,1,7153
2026-04-05T18:07:28,-1.276025,-110.034332,29.2,11.94,73.0,8,1.3,6.4,3.654,-3.1,0,1,7154
2026-04-05T18:07:56,-1.275598,-110.032745,28.0,12.66,71.3,7,2.2,6.1,3.658,-3.3,0,1,7155
2026-04-05T18:08:24,-1.275167,-110.031181,30.7,12.93,72.4,8,1.3,6.4,3.660,-3.1,0,1,7156
2026-04-05T18:08:53,-1.274737,-110.029572,30.0,12.48,74.7,8,1.3,6.2,3.658,-3.3,0,1,7157
2026-04-05T18:09:21,-1.274250,-110.027992,29.8,13.01,72.8,8,1.3,6.1,3.659,-3.3,0,1,7158
2026-04-05T18:09:49,-1.273758,-110.026428,26.7,12.65,75.0,7,2.2,6.4,3.656,-3.1,0,1,7159
2026-04-05T18:10:18,-1.273312,-110.024780,28.0,12.57,71.7,8,1.3,6.4,3.656,-3.1,0,1,7160
2026-04-05T18:10:46,-1.272865,-110.023209,27.7,12.45,80.0,7,2.2,6.1,3.658,-3.3,0,1,7161
2026-04-05T18:11:14,-1.272403,-110.021629,26.6,12.77,74.0,8,1.3,6.2,3.659,-3.3,0,1,7162
2026-04-05T18:11:43,-1.271915,-110.019997,31.2,12.53,73.8,7,2.1,6.2,3.659,-3.3,0,1,7163
2026-04-05T18:12:11,-1.271462,-110.018410,33.1,13.58,75.4,8,1.3,6.1,3.658,-3.3,0,1,7164
2026-04-05T18:12:39,-1.271040,-110.016861,32.3,12.02,79.8,8,1.6,6.0,3.658,-3.3,0,1,7165
2026-04-05T18:13:08,-1.270508,-110.015228,36.7,13.10,72.8,8,1.3,6.0,3.658,-3.3,0,1,7166
2026-04-05T18:13:36,-1.270053,-110.013641,39.3,12.26,80.7,6,2.1,6.1,3.658,-3.3,0,1,7167
2026-04-05T18:14:04,-1.269442,-110.012146,42.2,12.77,65.9,8,1.6,6.1,3.658,-3.3,0,1,7168
2026-04-05T18:14:33,-1.268955,-110.010506,45.8,13.45,80.0,8,1.3,6.2,3.652,-3.3,0,1,7169
2026-04-05T18:15:01,-1.268570,-110.008911,43.8,12.79,71.8,7,2.0,6.0,3.656,-3.3,0,1,7170
2026-04-05T18:15:29,-1.268180,-110.007362,36.4,12.31,73.9,7,2.0,6.4,3.658,-3.1,0,1,7171
2026-04-05T18:15:58,-1.267783,-110.005699,33.7,12.71,72.9,7,2.0,6.2,3.652,-3.3,0,1,7172
2026-04-05T18:16:26,-1.267392,-110.004135,30.2,12.13,73.0,7,2.0,6.1,3.658,-3.3,0,1,7173
2026-04-05T18:16:54,-1.266938,-110.002586,29.4,12.31,74.4,7,2.0,6.2,3.659,-3.3,0,1,7174
2026-04-05T18:17:23,-1.266498,-110.000961,26.9,12.18,70.8,7,2.0,6.4,3.659,-3.1,0,1,7175
2026-04-05T18:17:51,-1.266025,-109.999382,27.1,13.47,72.0,7,2.0,6.1,3.651,-3.3,0,1,7176
2026-04-05T18:18:19,-1.265543,-109.997871,23.4,11.44,73.9,7,2.0,6.1,3.658,-3.3,0,1,7177
2026-04-05T18:18:48,-1.265105,-109.996239,21.5,13.00,72.3,7,2.0,6.2,3.654,-3.3,0,1,7178
2026-04-05T18:19:16,-1.264663,-109.994675,19.4,11.97,69.4,7,2.0,6.1,3.659,-3.3,0,1,7179
2026-04-05T18:19:44,-1.264222,-109.993111,19.3,12.76,72.0,7,2.0,5.9,3.656,-2.3,0,1,7180
2026-04-05T18:20:13,-1.263750,-109.991501,11.6,13.00,65.1,7,2.0,6.1,3.651,-3.3,0,1,7181
2026-04-05T18:20:41,-1.263343,-109.989967,6.8,11.84,76.5,7,1.9,6.1,3.656,-3.3,0,1,7182
2026-04-05T18:21:09,-1.262947,-109.988388,1.8,12.34,77.4,7,1.9,6.0,3.656,-3.3,0,1,7183
2026-04-05T18:21:38,-1.262498,-109.986778,-2.1,11.76,72.7,7,1.9,6.2,3.652,-3.3,0,1,7184
2026-04-05T18:22:06,-1.262027,-109.985229,-6.3,12.28,74.8,7,1.9,6.1,3.659,-3.3,0,1,7185
2026-04-05T18:22:34,-1.261567,-109.983665,-9.8,12.44,75.7,7,1.9,6.0,3.655,-3.3,0,1,7186
2026-04-05T18:23:03,-1.261117,-109.982071,-9.5,12.35,73.9,7,1.9,6.1,3.656,-3.3,0,1,7187
2026-04-05T18:23:31,-1.260665,-109.980492,-7.2,12.87,75.2,7,1.9,6.0,3.658,-3.3,0,1,7188
2026-04-05T18:23:59,-1.260193,-109.978973,-9.9,12.56,71.7,7,1.9,6.1,3.658,-3.3,0,1,7189
2026-04-05T18:24:28,-1.259735,-109.977394,-9.7,12.62,73.5,7,1.9,6.2,3.654,-3.3,0,1,7190
2026-04-05T18:24:56,-1.259290,-109.975830,-8.1,11.92,74.1,7,1.9,5.9,3.658,-2.3,0,1,7191
2026-04-05T18:25:24,-1.258810,-109.974281,-5.0,12.35,68.8,7,1.9,6.0,3.659,-3.3,0,1,7192
2026-04-05T18:25:53,-1.258327,-109.972687,-4.0,12.44,72.0,7,1.9,6.1,3.658,-3.3,0,1,7193
2026-04-05T18:26:21,-1.257858,-109.971176,5.1,13.23,77.2,7,1.8,5.9,3.656,-2.3,0,1,7194
2026-04-05T18:26:49,-1.257345,-109.969589,10.6,12.25,76.8,8,1.2,6.0,3.656,-3.3,0,1,7195
2026-04-05T18:27:18,-1.256867,-109.967964,19.0,12.54,79.4,7,1.8,6.4,3.656,-3.1,0,1,7196
2026-04-05T18:27:46,-1.256347,-109.966438,23.0,12.72,75.6,8,1.2,6.1,3.655,-3.3,0,1,7197
2026-04-05T18:28:14,-1.255838,-109.964851,23.9,12.49,73.6,7,1.8,6.0,3.658,-3.3,0,1,7198
2026-04-05T18:28:43,-1.255402,-109.963188,30.2,12.65,72.8,7,1.8,6.1,3.656,-3.3,0,1,7199
2026-04-05T18:29:11,-1.254898,-109.961662,33.8,11.56,70.3,7,1.8,6.1,3.655,-3.3,0,1,7200
2026-04-05T18:29:39,-1.254498,-109.960052,37.3,12.62,76.8,7,1.8,6.1,3.646,-3.3,0,1,7201
2026-04-05T18:30:08,-1.254050,-109.958397,38.9,12.69,79.8,7,1.8,6.0,3.651,-3.3,0,1,7202
2026-04-05T18:30:36,-1.253628,-109.956802,35.3,13.01,68.6,7,1.8,6.0,3.655,-3.3,0,1,7203
2026-04-05T18:31:04,-1.253245,-109.955185,35.2,12.95,75.7,7,1.8,5.9,3.655,-2.3,0,1,7204
2026-04-05T18:31:33,-1.252777,-109.953552,35.2,12.12,76.6,7,1.8,6.0,3.652,-3.3,0,1,7205
2026-04-05T18:32:01,-1.252347,-109.951950,35.5,12.93,73.3,7,1.8,5.9,3.655,-2.3,0,1,7206
2026-04-05T18:32:29,-1.251853,-109.950371,33.0,12.68,64.2,7,1.8,5.9,3.649,-2.3,0,1,7207
2026-04-05T18:32:58,-1.251407,-109.948784,27.7,12.88,69.2,7,1.8,6.1,3.652,-3.3,0,1,7208
2026-04-05T18:33:26,-1.250992,-109.947189,24.1,13.93,74.1,7,1.7,6.0,3.655,-3.3,0,1,7209
2026-04-05T18:33:54,-1.250535,-109.945625,22.8,12.13,74.5,7,1.7,5.9,3.655,-2.3,0,1,7210
2026-04-05T18:34:23,-1.250095,-109.943947,22.5,13.38,76.6,7,1.7,6.2,3.650,-3.3,0,1,7211
2026-04-05T18:34:51,-1.249705,-109.942352,23.7,12.85,78.5,7,1.7,5.9,3.656,-2.3,0,1,7212
2026-04-05T18:35:19,-1.249223,-109.940750,24.8,13.09,72.5,7,1.7,5.9,3.655,-2.3,0,1,7213
2026-04-05T18:35:48,-1.248750,-109.939133,25.9,11.86,82.4,7,1.7,5.9,3.649,-2.3,0,1,7214
2026-04-05T18:36:16,-1.248278,-109.937576,28.1,11.03,70.7,7,1.7,5.9,3.650,-2.3,0,1,7215
2026-04-05T18:36:44,-1.247813,-109.935997,30.8,12.08,73.9,7,1.7,5.9,3.655,-2.3,0,1,7216
2026-04-05T18:37:13,-1.247317,-109.934372,33.1,12.82,71.7,7,1.7,5.9,3.651,-2.3,0,1,7217
2026-04-05T18:37:41,-1.246847,-109.932800,32.5,12.87,77.4,7,1.7,6.0,3.655,-3.3,0,1,7218
2026-04-05T18:38:09,-1.246378,-109.931213,29.5,12.33,69.0,7,1.7,5.8,3.655,-2.1,0,1,7219
2026-04-05T18:38:38,-1.245948,-109.929573,25.8,12.95,78.6,7,1.7,6.0,3.651,-3.3,0,1,7220
2026-04-05T18:39:06,-1.245512,-109.928009,23.3,12.74,71.5,7,1.7,5.9,3.656,-2.3,0,1,7221
2026-04-05T18:39:34,-1.245095,-109.926414,23.7,12.67,72.1,7,1.7,5.8,3.655,-2.1,0,1,7222
2026-04-05T18:40:03,-1.244602,-109.924759,23.2,13.21,71.8,6,1.7,5.9,3.654,-2.3,0,1,7223
2026-04-05T18:40:31,-1.244160,-109.923225,20.2,11.84,70.7,6,1.7,6.0,3.655,-3.3,0,1,7224
2026-04-05T18:40:59,-1.243685,-109.921616,18.8,12.23,76.9,6,1.7,5.8,3.654,-2.1,0,1,7225
2026-04-05T18:41:28,-1.243220,-109.919975,18.5,12.81,71.8,6,1.7,6.0,3.650,-3.3,0,1,7226
2026-04-05T18:41:56,-1.242750,-109.918411,19.3,12.90,72.9,6,1.7,5.9,3.654,-2.3,0,1,7227
2026-04-05T18:42:24,-1.242302,-109.916840,21.5,12.57,75.4,6,1.7,5.9,3.656,-2.3,0,1,7228
2026-04-05T18:42:53,-1.241830,-109.915222,25.0,12.23,69.7,6,1.7,5.8,3.654,-2.1,0,1,7229
2026-04-05T18:43:21,-1.241388,-109.913635,25.5,11.75,74.6,6,1.6,5.8,3.654,-2.1,0,1,7230
2026-04-05T18:43:49,-1.240998,-109.912041,23.6,12.54,80.2,6,1.6,5.7,3.652,-2.3,0,1,7231
2026-04-05T18:44:18,-1.240573,-109.910378,19.2,11.89,72.3,6,1.6,5.8,3.650,-2.1,0,1,7232
2026-04-05T18:44:46,-1.240095,-109.908813,17.3,12.48,73.9,6,1.6,5.7,3.655,-2.3,0,1,7233
2026-04-05T18:45:14,-1.239607,-109.907227,17.4,12.69,71.2,6,1.6,5.9,3.654,-2.3,0,1,7234
2026-04-05T18:45:43,-1.239137,-109.905586,16.9,12.61,75.5,6,1.6,5.7,3.649,-2.3,0,1,7235
2026-04-05T18:46:11,-1.238655,-109.904037,15.3,11.88,72.0,6,1.6,5.7,3.654,-2.3,0,1,7236
2026-04-05T18:46:39,-1.238138,-109.902489,18.3,12.82,75.4,7,1.6,5.8,3.654,-2.1,0,1,7237
2026-04-05T18:47:08,-1.237710,-109.900810,23.2,12.83,81.3,7,1.6,5.8,3.651,-2.1,0,1,7238
2026-04-05T18:47:36,-1.237210,-109.899254,26.3,12.08,67.7,7,1.6,5.8,3.654,-2.1,0,1,7239
2026-04-05T18:48:04,-1.236763,-109.897652,27.5,13.09,74.1,7,1.6,5.8,3.654,-2.1,0,1,7240
2026-04-05T18:48:33,-1.236285,-109.896004,27.7,12.75,75.7,7,1.6,5.8,3.650,-2.1,0,1,7241
2026-04-05T18:49:01,-1.235852,-109.894386,29.9,14.11,80.2,7,1.6,5.8,3.654,-2.1,0,1,7242
2026-04-05T18:49:29,-1.235330,-109.892838,35.7,12.84,71.1,7,1.6,5.7,3.654,-2.3,0,1,7243
2026-04-05T18:49:58,-1.234828,-109.891197,40.1,12.32,70.4,7,1.5,5.8,3.650,-2.1,0,1,7244
2026-04-05T18:50:26,-1.234338,-109.889610,44.7,13.10,75.4,7,1.5,5.8,3.654,-2.1,0,1,7245
2026-04-05T18:50:54,-1.233852,-109.888077,48.9,11.38,74.7,7,1.5,5.8,3.654,-2.1,0,1,7246
2026-04-05T18:51:23,-1.233338,-109.886391,51.8,11.95,67.5,7,1.5,5.7,3.654,-2.3,0,1,7247
2026-04-05T18:51:51,-1.232860,-109.884842,53.8,12.47,68.3,7,1.5,5.7,3.646,-2.3,0,1,7248
2026-04-05T18:52:19,-1.232413,-109.883209,53.0,12.76,71.1,7,1.5,5.7,3.652,-2.3,0,1,7249
2026-04-05T18:52:48,-1.231958,-109.881561,54.0,13.31,69.3,7,1.5,5.7,3.650,-2.3,0,1,7250
2026-04-05T18:53:16,-1.231493,-109.880013,53.2,12.37,72.1,7,1.5,5.7,3.654,152.9,0,1,7251
2026-04-05T18:53:44,-1.231058,-109.878349,51.2,12.68,80.5,7,1.5,5.7,3.651,-2.3,0,1,7252
2026-04-05T18:54:13,-1.230620,-109.876709,49.7,12.98,80.2,7,1.5,5.7,3.650,-2.3,0,1,7253
2026-04-05T18:54:41,-1.230153,-109.875122,50.3,12.69,72.1,7,1.5,5.7,3.652,-2.3,0,1,7254
2026-04-05T18:55:09,-1.229667,-109.873535,50.2,12.29,68.3,7,1.5,5.7,3.652,-2.3,0,1,7255
2026-04-05T18:55:38,-1.229252,-109.871857,50.2,13.05,69.5,7,1.5,5.8,3.649,-2.1,0,1,7256
2026-04-05T18:56:06,-1.228805,-109.870300,50.1,12.45,75.2,6,2.3,5.7,3.646,-2.3,0,1,7257
2026-04-05T18:56:34,-1.228367,-109.868736,48.2,11.76,75.9,6,2.3,5.7,3.652,-2.3,0,1,7258
2026-04-05T18:57:03,-1.227912,-109.867073,43.8,11.80,77.4,6,2.3,5.8,3.650,-2.1,0,1,7259
2026-04-05T18:57:31,-1.227497,-109.865524,38.0,11.00,79.0,6,2.3,5.7,3.654,-2.3,0,1,7260
2026-04-05T18:57:59,-1.227030,-109.863922,35.8,12.08,72.2,6,2.3,5.8,3.654,-2.1,0,1,7261
2026-04-05T18:58:28,-1.226617,-109.862350,32.1,10.58,74.7,5,2.5,6.0,3.654,-3.3,0,1,7262
2026-04-05T18:58:56,-1.226190,-109.860733,30.0,12.07,75.6,5,2.5,5.7,3.646,-2.3,0,1,7263
2026-04-05T18:59:24,-1.225740,-109.859177,28.1,10.70,78.3,5,2.4,5.6,3.651,-2.3,0,1,7264
2026-04-05T18:59:53,-1.225280,-109.857536,25.0,12.38,70.0,5,2.4,5.7,3.648,-2.3,0,1,7265
2026-04-05T19:00:21,-1.224868,-109.856003,22.7,10.82,71.2,5,2.4,5.7,3.650,-2.3,0,1,7266
2026-04-05T19:00:49,-1.224392,-109.854416,21.8,10.62,72.4,5,2.4,5.7,3.651,-2.3,0,1,7267
2026-04-05T19:01:18,-1.223902,-109.852776,23.4,11.54,74.2,6,1.5,5.7,3.649,-2.3,0,1,7268
2026-04-05T19:01:46,-1.223440,-109.851265,23.8,12.04,73.3,6,1.5,5.6,3.652,-2.3,0,1,7269
2026-04-05T19:02:14,-1.222965,-109.849625,25.2,12.13,75.9,6,1.5,5.6,3.651,-2.3,0,1,7270
2026-04-05T19:02:43,-1.222490,-109.848015,27.9,12.16,80.5,5,2.3,5.8,3.652,-2.1,0,1,7271
2026-04-05T19:03:11,-1.222033,-109.846413,29.3,10.69,75.7,6,1.5,5.8,3.650,-2.1,0,1,7272
2026-04-05T19:03:39,-1.221513,-109.844841,30.8,12.78,71.4,6,1.5,5.7,3.652,-2.3,0,1,7273
2026-04-05T19:04:08,-1.221055,-109.843239,33.1,12.23,74.3,6,1.5,5.9,3.648,-2.3,0,1,7274
2026-04-05T19:04:36,-1.220553,-109.841713,37.0,13.21,72.3,6,1.5,5.7,3.650,-2.3,0,1,7275
2026-04-05T19:05:04,-1.220153,-109.840195,38.6,10.88,74.1,5,2.3,5.7,3.648,-2.3,0,1,7276
2026-04-05T19:05:33,-1.219637,-109.838577,42.3,11.90,79.0,6,1.5,5.7,3.648,-2.3,0,1,7277
2026-04-05T19:06:01,-1.219148,-109.837059,46.6,11.85,74.9,6,1.4,5.7,3.652,-2.3,0,1,7278
2026-04-05T19:06:29,-1.218678,-109.835472,52.1,12.04,75.9,6,1.4,5.5,3.650,-2.3,0,1,7279
2026-04-05T19:06:58,-1.218253,-109.833908,55.4,12.17,75.5,6,1.4,5.7,3.650,-2.3,0,1,7280
2026-04-05T19:07:26,-1.217807,-109.832359,58.2,11.89,78.3,6,1.4,5.6,3.651,-2.3,0,1,7281
2026-04-05T19:07:54,-1.217362,-109.830795,60.4,12.77,71.8,6,1.4,5.7,3.654,-2.3,0,1,7282
2026-04-05T19:08:23,-1.216935,-109.829224,63.2,12.05,74.5,6,1.4,5.7,3.651,-2.3,0,1,7283
2026-04-05T19:08:51,-1.216455,-109.827637,65.8,12.61,76.1,6,1.4,5.6,3.652,-2.3,0,1,7284
2026-04-05T19:09:19,-1.215897,-109.826050,67.7,12.80,75.0,6,1.4,5.7,3.651,-2.3,0,1,7285
2026-04-05T19:09:48,-1.215462,-109.824486,69.6,12.10,70.5,6,1.4,5.7,3.650,-2.3,0,1,7286
2026-04-05T19:10:16,-1.215038,-109.822975,70.1,10.85,75.5,6,1.4,5.8,3.652,-2.1,0,1,7287
2026-04-05T19:10:44,-1.214617,-109.821480,66.3,11.57,80.7,7,1.3,5.6,3.645,-2.3,0,1,7288
2026-04-05T19:11:13,-1.214115,-109.819901,51.7,13.20,69.5,7,1.3,5.8,3.648,-2.1,0,1,7289
2026-04-05T19:11:41,-1.213688,-109.818275,37.3,12.54,69.1,7,1.3,5.7,3.645,-2.3,0,1,7290
2026-04-05T19:12:09,-1.213192,-109.816704,29.9,12.07,71.9,7,1.3,5.7,3.650,-2.3,0,1,7291
2026-04-05T19:12:38,-1.212713,-109.815102,22.0,12.47,71.5,8,1.2,5.8,3.648,-2.1,0,1,7292
2026-04-05T19:13:06,-1.212267,-109.813545,19.6,12.94,70.6,8,1.2,5.5,3.651,-2.3,0,1,7293
2026-04-05T19:13:34,-1.211892,-109.811981,16.0,12.81,74.9,8,1.2,5.6,3.650,-2.3,0,1,7294
2026-04-05T19:14:03,-1.211410,-109.810394,10.5,11.99,84.0,8,1.2,5.7,3.644,-2.3,0,1,7295
2026-04-05T19:14:31,-1.210993,-109.808830,8.6,12.21,73.3,8,1.2,5.6,3.651,-2.3,0,1,7296
2026-04-05T19:14:59,-1.210505,-109.807297,8.0,12.64,69.9,8,1.2,5.8,3.651,-2.1,0,1,7297
2026-04-05T19:15:28,-1.209998,-109.805695,9.2,12.98,74.0,7,1.6,5.7,3.651,-2.3,0,1,7298
2026-04-05T19:15:56,-1.209648,-109.804123,10.1,11.27,69.8,8,1.2,5.6,3.651,-2.3,0,1,7299
2026-04-05T19:16:24,-1.209083,-109.802574,10.4,12.84,75.8,8,1.2,5.6,3.651,-2.3,0,1,7300
2026-04-05T19:16:53,-1.208672,-109.800987,10.2,11.93,74.8,6,2.5,5.6,3.650,-2.3,0,1,7301
2026-04-05T19:17:21,-1.208197,-109.799400,8.4,13.96,73.4,8,1.1,5.6,3.651,-2.3,0,1,7302
2026-04-05T19:17:49,-1.207708,-109.797813,6.7,12.65,76.7,8,1.1,5.6,3.649,-2.3,0,1,7303
2026-04-05T19:18:18,-1.207265,-109.796173,9.4,12.77,76.1,8,1.1,5.7,3.650,-2.3,0,1,7304
2026-04-05T19:18:46,-1.206912,-109.794662,16.5,11.99,76.4,6,2.5,5.5,3.650,-2.3,0,1,7305
2026-04-05T19:19:14,-1.206312,-109.793098,19.1,13.25,76.7,7,1.6,5.6,3.645,-2.3,0,1,7306
2026-04-05T19:19:43,-1.205872,-109.791428,6.8,12.95,73.4,8,1.1,5.6,3.646,-2.3,0,1,7307
2026-04-05T19:20:11,-1.205443,-109.789879,0.7,12.26,77.3,8,1.1,5.5,3.642,-2.3,0,1,7308
2026-04-05T19:20:39,-1.205018,-109.788300,-6.3,12.40,75.9,8,1.1,5.6,3.649,-2.3,0,1,7309
2026-04-05T19:21:08,-1.204638,-109.786713,-11.0,12.32,77.6,7,1.2,5.6,3.649,-2.3,0,1,7310
2026-04-05T19:21:36,-1.204167,-109.785088,-13.4,14.26,72.3,8,1.1,5.5,3.650,-2.3,0,1,7311
2026-04-05T19:22:04,-1.203715,-109.783539,-9.3,13.11,72.4,8,1.1,5.6,3.649,-2.3,0,1,7312
2026-04-05T19:22:33,-1.203223,-109.781967,-8.8,12.92,72.5,7,1.2,5.7,3.650,-2.3,0,1,7313
2026-04-05T19:23:01,-1.202683,-109.780388,-7.0,12.93,76.4,8,1.1,5.6,3.642,-2.3,0,1,7314
2026-04-05T19:23:29,-1.202302,-109.778839,-5.7,12.33,76.7,8,1.1,5.6,3.650,-2.3,0,1,7315
2026-04-05T19:23:58,-1.201847,-109.777245,-4.3,12.79,76.2,7,1.2,5.7,3.650,-2.3,0,1,7316
2026-04-05T19:24:26,-1.201327,-109.775658,-1.2,12.38,72.5,8,1.1,5.4,3.649,-2.3,0,1,7317
2026-04-05T19:24:54,-1.201000,-109.774040,0.4,12.42,77.1,8,1.1,5.6,3.649,-2.3,0,1,7318
2026-04-05T19:25:23,-1.200348,-109.772430,-1.0,11.72,72.6,7,1.2,5.6,3.649,-2.3,0,1,7319
2026-04-05T19:25:51,-1.199902,-109.770828,1.0,12.49,68.3,6,2.6,5.6,3.640,-2.3,0,1,7320
2026-04-05T19:26:19,-1.199532,-109.769226,3.0,12.46,75.8,7,1.2,5.6,3.650,-2.3,0,1,7321
2026-04-05T19:26:48,-1.199110,-109.767593,3.0,12.81,72.9,6,2.6,5.7,3.650,-2.3,0,1,7322
2026-04-05T19:27:16,-1.198587,-109.765991,6.4,13.02,71.5,7,1.2,5.5,3.650,-2.3,0,1,7323
2026-04-05T19:27:44,-1.198007,-109.764458,13.7,12.43,72.3,8,1.1,5.6,3.650,-2.3,0,1,7324
2026-04-05T19:28:13,-1.197557,-109.762779,16.5,13.41,76.9,8,1.1,5.6,3.650,-2.3,0,1,7325
2026-04-05T19:28:41,-1.197132,-109.761230,18.1,12.66,73.5,8,1.1,5.5,3.649,-2.3,0,1,7326
2026-04-05T19:29:09,-1.196625,-109.759682,24.3,12.17,76.2,6,2.6,5.5,3.650,-2.3,0,1,7327
2026-04-05T19:29:38,-1.196088,-109.758064,33.8,12.98,76.5,6,2.6,5.7,3.649,-2.3,0,1,7328
2026-04-05T19:30:06,-1.195675,-109.756477,40.4,12.06,73.7,7,1.5,5.6,3.650,-2.3,0,1,7329
2026-04-05T19:30:34,-1.195180,-109.754906,41.5,12.73,70.5,7,1.5,5.5,3.650,-2.3,0,1,7330
2026-04-05T19:31:03,-1.194712,-109.753258,40.6,12.85,75.0,7,1.5,5.6,3.649,-2.3,0,1,7331
2026-04-05T19:31:31,-1.194200,-109.751678,46.1,12.92,73.2,7,1.5,5.4,3.648,-2.3,0,1,7332
2026-04-05T19:31:59,-1.193802,-109.750038,41.2,13.07,74.8,8,1.1,5.4,3.649,-2.3,0,1,7333
2026-04-05T19:32:28,-1.193318,-109.748413,47.9,12.80,75.7,6,2.6,5.7,3.650,-2.3,0,1,7334
2026-04-05T19:32:56,-1.192912,-109.746902,47.5,11.21,73.2,7,1.5,5.5,3.650,-2.3,0,1,7335
2026-04-05T19:33:24,-1.192468,-109.745407,50.6,12.62,74.4,7,1.5,5.6,3.650,-2.3,0,1,7336
2026-04-05T19:33:53,-1.192088,-109.743782,45.1,13.73,77.4,7,1.1,5.6,3.650,-2.3,0,1,7337
2026-04-05T19:34:21,-1.191665,-109.742233,41.4,13.84,72.6,8,1.1,5.5,3.649,-2.3,0,1,7338
2026-04-05T19:34:49,-1.191190,-109.740608,41.4,12.47,75.1,7,1.5,5.4,3.649,-2.3,0,1,7339
2026-04-05T19:35:18,-1.190618,-109.739006,44.1,11.26,73.4,7,1.5,5.6,3.649,-2.3,0,1,7340
2026-04-05T19:35:46,-1.190268,-109.737434,45.3,13.01,74.8,8,1.1,5.6,3.648,-2.3,0,1,7341
2026-04-05T19:36:14,-1.189812,-109.735863,49.1,12.72,76.2,8,1.1,5.4,3.646,-2.3,0,1,7342
2026-04-05T19:36:43,-1.189263,-109.734192,49.0,13.49,72.2,6,2.5,5.6,3.648,-2.3,0,1,7343
2026-04-05T19:37:11,-1.188765,-109.732605,46.9,13.31,73.9,7,1.1,5.4,3.649,-2.3,0,1,7344
2026-04-05T19:37:39,-1.188337,-109.731049,46.5,12.92,74.2,8,1.1,5.5,3.649,-2.3,0,1,7345
2026-04-05T19:38:08,-1.187838,-109.729393,47.5,12.94,73.5,6,2.5,5.5,3.649,-2.3,0,1,7346
2026-04-05T19:38:36,-1.187372,-109.727783,46.0,12.68,75.1,7,1.4,5.3,3.648,-2.3,0,1,7347
2026-04-05T19:39:04,-1.186933,-109.726212,47.2,12.72,75.9,7,1.4,5.5,3.646,-2.3,0,1,7348
2026-04-05T19:39:33,-1.186500,-109.724579,43.8,12.49,76.1,7,1.1,5.5,3.648,-2.3,0,1,7349
2026-04-05T19:40:01,-1.186020,-109.722984,41.9,14.05,74.1,6,2.5,5.3,3.648,-2.3,0,1,7350
2026-04-05T19:40:29,-1.185513,-109.721436,40.2,11.07,77.6,6,2.5,5.4,3.649,-2.3,0,1,7351
2026-04-05T19:40:58,-1.185040,-109.719818,38.8,13.14,75.1,7,1.1,5.7,3.649,-2.3,0,1,7352
2026-04-05T19:41:26,-1.184603,-109.718224,36.2,12.65,74.7,8,1.0,5.4,3.642,-2.3,0,1,7353
2026-04-05T19:41:54,-1.184057,-109.716675,39.5,13.11,73.0,7,1.4,5.4,3.646,-2.3,0,1,7354
2026-04-05T19:42:23,-1.183602,-109.715057,39.1,13.06,73.4,6,2.4,5.5,3.646,-2.3,0,1,7355
2026-04-05T19:42:52,-1.183238,-109.713448,39.8,12.29,76.3,5,4.1,5.4,3.648,-2.3,0,1,7356
2026-04-05T19:43:20,-1.182793,-109.711899,38.4,12.76,75.5,5,4.1,5.5,3.649,-2.3,0,1,7357
2026-04-05T19:43:49,-1.182332,-109.710335,39.5,12.54,73.5,5,4.1,5.4,3.648,-2.3,0,1,7358
2026-04-05T19:44:17,-1.181840,-109.708824,45.2,12.66,76.0,6,1.8,5.6,3.648,-2.3,0,1,7359
2026-04-05T19:44:46,-1.181458,-109.707176,42.1,12.59,83.4,5,4.0,5.4,3.642,-2.3,0,1,7360
2026-04-05T19:45:14,-1.181112,-109.705727,37.7,10.63,83.9,4,4.2,5.5,3.648,-2.3,0,1,7361
2026-04-05T19:45:43,-1.180655,-109.704384,27.3,9.73,73.4,4,4.1,5.4,3.646,-2.3,0,1,7362
2026-04-05T19:46:11,-1.180372,-109.702705,21.0,12.54,79.9,4,4.1,5.5,3.648,-2.3,0,1,7363
2026-04-05T19:46:39,-1.179932,-109.701157,11.7,11.51,71.1,5,2.2,5.4,3.645,-2.3,0,1,7364
2026-04-05T19:47:08,-1.179685,-109.699402,-9.1,12.12,76.6,5,2.8,5.5,3.648,-2.3,0,1,7365
2026-04-05T19:47:36,-1.179420,-109.697853,-22.2,10.69,83.3,5,2.8,5.4,3.645,-2.3,0,1,7366
2026-04-05T19:48:04,-1.178950,-109.696304,-30.3,11.99,71.1,5,2.8,5.4,3.648,-2.3,0,1,7367
2026-04-05T19:48:33,-1.178517,-109.694679,-40.8,11.71,77.3,5,2.8,5.3,3.648,-2.3,0,1,7368
2026-04-05T19:49:01,-1.178075,-109.693092,-51.7,12.97,77.4,5,2.8,5.4,3.648,-2.3,0,1,7369
2026-04-05T19:49:29,-1.177650,-109.691559,-61.8,11.89,77.0,5,2.8,5.5,3.649,-2.3,0,1,7370
2026-04-05T19:49:58,-1.177258,-109.689949,-69.1,11.92,82.4,5,2.8,5.4,3.648,-2.3,0,1,7371
2026-04-05T19:50:26,-1.176862,-109.688438,-70.2,10.01,80.7,5,2.8,5.4,3.645,-2.3,0,1,7372
2026-04-05T19:50:54,-1.176457,-109.686890,-76.3,12.06,76.8,5,2.8,5.2,3.648,-2.3,0,1,7373
2026-04-05T19:51:23,-1.175945,-109.685272,-79.8,13.44,79.1,5,2.8,5.6,3.645,-2.3,0,1,7374
2026-04-05T19:51:51,-1.175482,-109.683708,-86.1,12.87,71.5,5,2.8,5.4,3.638,-2.3,0,1,7375
2026-04-05T19:52:19,-1.175082,-109.682213,-90.5,11.66,81.7,6,2.8,5.3,3.638,-2.3,0,1,7376
2026-04-05T19:52:48,-1.174643,-109.680641,-96.3,12.39,75.4,6,2.8,5.2,3.641,-2.3,0,1,7377
2026-04-05T19:53:16,-1.174220,-109.679077,-98.5,12.17,72.6,6,2.8,5.1,3.646,-2.1,0,1,7378
2026-04-05T19:53:44,-1.173708,-109.677544,-97.3,13.15,69.8,6,2.8,5.3,3.646,-2.3,0,1,7379
2026-04-05T19:54:13,-1.173060,-109.675957,-88.0,12.94,67.2,7,2.7,5.4,3.648,-2.3,0,1,7380
2026-04-05T19:54:41,-1.172340,-109.674355,-69.5,12.30,76.4,7,1.6,5.2,3.646,-2.3,0,1,7381
2026-04-05T19:55:09,-1.171662,-109.672752,-58.8,12.47,74.9,7,1.6,5.3,3.646,-2.3,0,1,7382
2026-04-05T19:55:38,-1.170720,-109.671120,-30.8,12.00,73.6,7,1.6,5.5,3.645,-2.3,0,1,7383
2026-04-05T19:56:06,-1.170128,-109.669556,-14.7,12.35,79.5,7,1.6,5.4,3.645,-2.3,0,1,7384
2026-04-05T19:56:34,-1.169545,-109.668068,-3.7,11.99,75.1,7,1.6,5.2,3.649,-2.3,0,1,7385
2026-04-05T19:57:03,-1.169008,-109.666534,2.4,13.03,72.0,7,1.7,5.4,3.649,-2.3,0,1,7386
2026-04-05T19:57:31,-1.168553,-109.665024,3.4,12.38,79.4,6,1.7,5.4,3.648,-2.3,0,1,7387
2026-04-05T19:57:59,-1.168075,-109.663460,3.7,12.65,75.4,7,1.7,5.3,3.646,-2.3,0,1,7388
2026-04-05T19:58:28,-1.167590,-109.661888,5.8,11.97,71.4,7,1.7,5.3,3.645,-2.3,0,1,7389
2026-04-05T19:58:56,-1.167157,-109.660339,0.7,12.16,75.7,7,1.7,5.3,3.646,-2.3,0,1,7390
2026-04-05T19:59:24,-1.166810,-109.658768,1.1,12.28,77.5,7,1.7,5.2,3.646,-2.3,0,1,7391
2026-04-05T19:59:53,-1.166422,-109.657166,4.5,12.59,76.1,7,1.7,5.4,3.645,-2.3,0,1,7392
2026-04-05T20:00:21,-1.165963,-109.655617,6.0,11.95,74.3,7,1.7,5.2,3.645,-2.3,0,1,7393
2026-04-05T20:00:49,-1.165452,-109.654121,6.5,12.23,74.4,7,1.7,5.3,3.645,-2.3,0,1,7394
2026-04-05T20:01:18,-1.164973,-109.652534,3.4,12.63,73.4,6,2.6,5.2,3.645,-2.3,0,1,7395
2026-04-05T20:01:46,-1.164453,-109.650993,12.7,12.33,71.5,6,2.6,5.2,3.640,-2.3,0,1,7396
2026-04-05T20:02:14,-1.163995,-109.649460,20.3,12.80,73.3,6,2.5,5.2,3.644,-2.3,0,1,7397
2026-04-05T20:02:43,-1.163518,-109.647835,22.2,12.43,75.6,6,2.5,5.3,3.645,-2.3,0,1,7398
2026-04-05T20:03:11,-1.163022,-109.646309,21.0,12.47,72.6,6,2.5,5.1,3.646,-2.1,0,1,7399
2026-04-05T20:03:39,-1.162520,-109.644753,24.1,12.30,71.7,7,1.6,5.3,3.646,-2.3,0,1,7400
2026-04-05T20:04:08,-1.162087,-109.643120,16.6,12.70,72.9,7,1.6,5.3,3.646,-2.3,0,1,7401
2026-04-05T20:04:36,-1.161652,-109.641533,20.2,12.84,74.5,8,1.6,5.3,3.645,-2.3,0,1,7402
2026-04-05T20:05:04,-1.161152,-109.640038,22.4,12.51,72.7,8,1.6,5.2,3.645,-2.3,0,1,7403
2026-04-05T20:05:33,-1.160667,-109.638428,25.0,11.87,68.7,8,1.6,5.2,3.646,-2.3,0,1,7404
2026-04-05T20:06:01,-1.160190,-109.636887,25.2,12.44,72.5,8,1.6,5.3,3.645,-2.3,0,1,7405
2026-04-05T20:06:29,-1.159767,-109.635338,22.0,12.53,73.7,8,1.6,5.3,3.646,-2.3,0,1,7406
2026-04-05T20:06:58,-1.159282,-109.633743,19.5,12.32,74.2,8,1.6,5.4,3.645,-2.3,0,1,7407
2026-04-05T20:07:26,-1.158820,-109.632217,20.2,12.23,72.2,8,1.6,5.1,3.645,-2.1,0,1,7408
2026-04-05T20:07:54,-1.158305,-109.630707,24.8,11.57,67.7,8,1.6,5.4,3.645,-2.3,0,1,7409
2026-04-05T20:08:23,-1.157800,-109.629120,25.7,12.56,75.8,8,1.6,5.2,3.646,-2.3,0,1,7410
2026-04-05T20:08:51,-1.157302,-109.627594,27.5,12.17,70.2,8,1.6,5.3,3.646,-2.3,0,1,7411
2026-04-05T20:09:19,-1.156808,-109.626076,25.5,12.42,70.5,8,1.6,5.1,3.645,-2.1,0,1,7412
2026-04-05T20:09:48,-1.156280,-109.624474,31.8,12.51,69.1,8,1.6,5.3,3.644,-2.3,0,1,7413
2026-04-05T20:10:16,-1.155777,-109.622948,31.0,12.68,70.7,8,1.6,5.1,3.640,-2.1,0,1,7414
2026-04-05T20:10:44,-1.155308,-109.621414,31.1,12.73,70.1,8,1.6,5.3,3.641,-2.3,0,1,7415
2026-04-05T20:11:13,-1.154795,-109.619827,32.5,13.68,73.0,8,1.6,5.2,3.642,-2.3,0,1,7416
2026-04-05T20:11:41,-1.154378,-109.618301,32.6,12.71,75.2,8,1.6,5.2,3.646,-2.3,0,1,7417
2026-04-05T20:12:09,-1.153902,-109.616745,31.8,12.47,72.8,8,1.6,5.1,3.644,-2.1,0,1,7418
2026-04-05T20:12:38,-1.153427,-109.615143,31.5,12.01,68.4,8,1.6,5.2,3.645,-2.3,0,1,7419
2026-04-05T20:13:06,-1.153032,-109.613609,25.0,12.69,72.2,8,1.6,5.2,3.644,-2.3,0,1,7420
2026-04-05T20:13:34,-1.152573,-109.612045,26.0,12.43,72.4,8,1.6,5.3,3.645,-2.3,0,1,7421
2026-04-05T20:14:03,-1.152045,-109.610443,27.0,12.53,71.3,9,1.5,5.4,3.645,-2.3,0,1,7422
2026-04-05T20:14:31,-1.151558,-109.608910,21.0,12.17,74.7,9,1.5,5.3,3.644,-2.3,0,1,7423
2026-04-05T20:14:59,-1.151010,-109.607346,21.8,11.99,69.7,9,1.5,5.1,3.645,-2.1,0,1,7424
2026-04-05T20:15:28,-1.150508,-109.605743,21.0,12.67,72.0,9,1.5,5.3,3.642,-2.3,0,1,7425
2026-04-05T20:15:56,-1.149975,-109.604248,25.0,12.02,71.3,8,1.5,5.1,3.640,-2.1,0,1,7426
2026-04-05T20:16:24,-1.149427,-109.602737,28.3,11.89,68.0,10,1.2,5.1,3.641,-2.1,0,1,7427
2026-04-05T20:16:53,-1.148943,-109.601128,29.1,12.91,74.3,10,1.2,5.3,3.645,-2.3,0,1,7428
2026-04-05T20:17:21,-1.148483,-109.599594,28.4,11.70,71.4,9,1.3,5.2,3.640,-2.3,0,1,7429
2026-04-05T20:17:49,-1.147992,-109.598045,32.0,12.46,73.8,9,1.3,5.1,3.644,-2.1,0,1,7430
2026-04-05T20:18:18,-1.147570,-109.596443,27.2,12.35,71.3,9,1.3,5.2,3.644,-2.3,0,1,7431
2026-04-05T20:18:46,-1.147072,-109.594917,27.1,12.44,71.9,9,1.3,5.2,3.645,-2.3,0,1,7432
2026-04-05T20:19:14,-1.146667,-109.593384,21.7,12.34,73.0,9,1.3,5.2,3.642,-2.3,0,1,7433
2026-04-05T20:19:43,-1.146193,-109.591766,26.2,12.70,68.6,9,1.3,5.1,3.644,-2.1,0,1,7434
2026-04-05T20:20:11,-1.145683,-109.590195,26.9,12.66,69.9,9,1.3,5.1,3.644,-2.1,0,1,7435
2026-04-05T20:20:39,-1.145218,-109.588661,25.5,12.48,67.4,9,1.3,5.1,3.645,-2.1,0,1,7436
2026-04-05T20:21:08,-1.144715,-109.587082,29.0,12.56,75.3,9,1.3,5.2,3.644,-2.3,0,1,7437
2026-04-05T20:21:36,-1.144215,-109.585526,28.7,13.23,67.5,9,1.3,5.3,3.636,-2.3,0,1,7438
2026-04-05T20:22:04,-1.143712,-109.583984,30.7,12.41,70.5,9,1.3,5.3,3.644,-2.3,0,1,7439
2026-04-05T20:22:33,-1.143238,-109.582336,26.7,12.55,71.7,9,1.3,5.3,3.645,-2.3,0,1,7440
2026-04-05T20:23:01,-1.142782,-109.580803,27.0,13.16,67.8,9,1.3,5.1,3.645,-2.3,0,1,7441
2026-04-05T20:23:29,-1.142378,-109.579239,16.8,12.63,71.3,9,1.3,5.1,3.642,-2.1,0,1,7442
2026-04-05T20:23:58,-1.141895,-109.577637,18.3,12.63,70.4,9,1.3,5.2,3.645,-2.3,0,1,7443
2026-04-05T20:24:26,-1.141382,-109.576088,20.3,12.03,70.2,9,1.3,5.1,3.644,-2.3,0,1,7444
2026-04-05T20:24:54,-1.140822,-109.574593,19.6,12.52,69.8,9,1.3,5.2,3.644,-2.3,0,1,7445
2026-04-05T20:25:23,-1.140302,-109.573029,20.7,11.82,71.6,9,1.3,5.1,3.645,-2.1,0,1,7446
2026-04-05T20:25:51,-1.139762,-109.571510,24.9,11.55,75.1,9,1.3,5.1,3.636,-2.1,0,1,7447
2026-04-05T20:26:19,-1.139238,-109.569962,25.6,12.40,71.1,9,1.3,5.3,3.644,-2.3,0,1,7448
2026-04-05T20:26:48,-1.138782,-109.568382,25.1,12.19,69.3,9,1.3,5.1,3.641,-2.1,0,1,7449
2026-04-05T20:27:16,-1.138407,-109.566826,24.4,11.71,69.9,9,1.3,5.2,3.644,-2.3,0,1,7450
2026-04-05T20:27:44,-1.137923,-109.565300,25.8,12.66,69.2,9,1.3,5.1,3.644,-2.1,0,1,7451
2026-04-05T20:28:13,-1.137472,-109.563690,24.0,12.15,73.4,9,1.3,5.1,3.644,-2.1,0,1,7452
2026-04-05T20:28:41,-1.137053,-109.562126,20.2,12.64,79.4,9,1.3,5.1,3.644,-2.3,0,1,7453
2026-04-05T20:29:09,-1.136515,-109.560585,21.1,12.27,68.2,9,1.3,5.1,3.642,-2.3,0,1,7454
2026-04-05T20:29:38,-1.136030,-109.559013,22.4,12.44,69.7,9,1.3,5.1,3.642,-2.1,0,1,7455
2026-04-05T20:30:06,-1.135513,-109.557503,24.2,11.98,72.0,9,1.3,5.0,3.644,-2.3,0,1,7456
2026-04-05T20:30:34,-1.135033,-109.555969,24.6,12.58,69.0,9,1.3,5.1,3.644,-2.3,0,1,7457
2026-04-05T20:31:03,-1.134552,-109.554382,24.9,11.93,72.5,9,1.3,5.1,3.642,-2.1,0,1,7458
2026-04-05T20:31:31,-1.134110,-109.552834,24.3,12.12,73.3,9,1.3,5.1,3.644,-2.3,0,1,7459
2026-04-05T20:31:59,-1.133688,-109.551270,20.8,12.42,73.3,9,1.3,5.1,3.642,-2.3,0,1,7460
2026-04-05T20:32:28,-1.133243,-109.549660,20.8,12.27,72.3,9,1.3,5.1,3.644,-2.1,0,1,7461
2026-04-05T20:32:56,-1.132755,-109.548134,21.3,12.60,76.9,9,1.3,4.9,3.642,-2.3,0,1,7462
2026-04-05T20:33:24,-1.132268,-109.546585,18.3,12.60,73.3,9,1.3,5.1,3.642,-2.3,0,1,7463
2026-04-05T20:33:53,-1.131813,-109.544983,18.2,12.67,72.2,9,1.3,5.3,3.642,-2.3,0,1,7464
2026-04-05T20:34:21,-1.131342,-109.543434,16.6,12.47,70.0,9,1.3,5.0,3.642,-2.3,0,1,7465
2026-04-05T20:34:49,-1.130893,-109.541924,19.0,12.62,73.0,9,1.3,5.1,3.641,-2.1,0,1,7466
2026-04-05T20:35:18,-1.130405,-109.540337,17.5,12.42,74.0,9,1.3,5.1,3.645,-2.3,0,1,7467
2026-04-05T20:35:46,-1.129928,-109.538788,16.9,12.71,74.0,9,1.3,5.1,3.645,-2.3,0,1,7468
2026-04-05T20:36:14,-1.129418,-109.537277,20.7,12.66,66.7,9,1.3,5.1,3.641,-2.3,0,1,7469
2026-04-05T20:36:43,-1.128937,-109.535683,21.7,12.50,73.4,9,1.3,5.1,3.640,-2.1,0,1,7470
2026-04-05T20:37:11,-1.128460,-109.534134,20.1,11.90,71.8,9,1.3,5.1,3.642,-2.1,0,1,7471
2026-04-05T20:37:39,-1.127988,-109.532623,15.1,11.94,72.1,9,1.3,5.1,3.642,-2.1,0,1,7472
2026-04-05T20:38:08,-1.127548,-109.531036,15.4,12.59,73.8,9,1.3,5.1,3.641,-2.1,0,1,7473
2026-04-05T20:38:36,-1.127090,-109.529510,6.0,12.69,71.7,9,1.3,4.9,3.644,-2.3,0,1,7474
2026-04-05T20:39:04,-1.126665,-109.528000,11.4,12.27,73.1,9,1.3,5.0,3.642,-2.3,0,1,7475
2026-04-05T20:39:33,-1.126140,-109.526413,6.6,11.53,72.2,9,1.3,5.1,3.644,-2.1,0,1,7476
2026-04-05T20:40:01,-1.125658,-109.524879,3.6,11.65,74.9,8,1.5,5.0,3.642,-2.3,0,1,7477
2026-04-05T20:40:29,-1.125123,-109.523338,-5.3,12.47,68.9,9,1.3,5.0,3.642,-2.3,0,1,7478
2026-04-05T20:40:58,-1.124567,-109.521820,-1.1,12.26,71.9,9,1.3,5.5,3.641,-2.3,0,1,7479
2026-04-05T20:41:26,-1.124137,-109.520256,4.9,12.56,71.9,9,1.3,5.0,3.641,-2.3,0,1,7480
2026-04-05T20:41:54,-1.123753,-109.518669,10.8,12.58,71.4,9,1.3,5.1,3.642,-2.3,0,1,7481
2026-04-05T20:42:23,-1.123242,-109.517082,14.9,11.85,72.0,8,1.5,5.1,3.642,-2.1,0,1,7482
2026-04-05T20:42:51,-1.122748,-109.515518,16.0,11.72,70.8,8,1.5,5.0,3.642,-2.3,0,1,7483
2026-04-05T20:43:19,-1.122292,-109.513969,20.0,12.70,72.7,9,1.3,5.0,3.642,-2.3,0,1,7484
2026-04-05T20:43:48,-1.121753,-109.512421,23.0,11.60,71.8,8,1.5,5.1,3.641,-2.1,0,1,7485
2026-04-05T20:44:16,-1.121260,-109.510902,19.2,11.98,73.7,9,1.3,4.9,3.642,-2.3,0,1,7486
2026-04-05T20:44:44,-1.120827,-109.509354,13.7,12.08,76.3,9,1.3,5.1,3.641,-2.3,0,1,7487
2026-04-05T20:45:13,-1.120305,-109.507774,14.5,12.30,74.7,8,1.5,5.3,3.642,-2.3,0,1,7488
2026-04-05T20:45:41,-1.119792,-109.506256,18.5,11.34,73.4,9,1.3,5.1,3.641,-2.3,0,1,7489
2026-04-05T20:46:09,-1.119308,-109.504715,17.7,12.56,73.9,9,1.3,4.8,3.642,-2.3,0,1,7490
2026-04-05T20:46:38,-1.118837,-109.503128,16.8,12.07,72.4,9,1.3,5.0,3.641,-2.3,0,1,7491
2026-04-05T20:47:06,-1.118417,-109.501595,12.7,11.84,77.4,9,1.3,5.1,3.641,-2.3,0,1,7492
2026-04-05T20:47:34,-1.117928,-109.500031,17.0,12.93,78.2,9,1.3,5.1,3.640,-2.3,0,1,7493
2026-04-05T20:48:03,-1.117443,-109.498459,13.5,11.49,71.8,9,1.3,5.0,3.642,-2.3,0,1,7494
2026-04-05T20:48:31,-1.117037,-109.496895,12.5,12.45,76.4,8,1.5,5.0,3.641,-2.3,0,1,7495
2026-04-05T20:48:59,-1.116575,-109.495384,11.9,12.31,72.0,9,1.3,4.9,3.641,-2.3,0,1,7496
2026-04-05T20:49:28,-1.116147,-109.493782,7.9,12.77,74.7,8,1.5,5.1,3.641,-2.3,0,1,7497
2026-04-05T20:49:56,-1.115630,-109.492249,4.2,11.55,74.9,9,1.3,4.9,3.642,-2.3,0,1,7498
2026-04-05T20:50:24,-1.115157,-109.490715,3.3,11.96,75.5,9,1.3,5.1,3.640,-2.3,0,1,7499
2026-04-05T20:50:53,-1.114662,-109.489151,4.9,11.88,75.6,8,1.5,5.1,3.641,-2.1,0,1,7500
2026-04-05T20:51:21,-1.114138,-109.487625,8.1,12.76,77.4,8,1.3,5.1,3.641,-2.3,0,1,7501
2026-04-05T20:51:49,-1.113635,-109.486107,7.9,11.99,72.9,7,1.5,5.1,3.640,-2.3,0,1,7502
2026-04-05T20:52:18,-1.113113,-109.484558,9.5,12.43,74.8,7,1.5,5.0,3.640,-2.3,0,1,7503
2026-04-05T20:52:46,-1.112610,-109.483047,10.3,12.16,71.3,8,1.3,4.9,3.632,-2.3,0,1,7504
2026-04-05T20:53:14,-1.112145,-109.481514,11.3,11.76,77.9,7,1.5,4.9,3.641,-2.3,0,1,7505
2026-04-05T20:53:43,-1.111592,-109.479919,12.3,12.61,73.2,7,1.5,4.9,3.641,-2.3,0,1,7506
2026-04-05T20:54:11,-1.111153,-109.478386,12.6,12.16,66.3,7,1.5,5.0,3.641,-2.3,0,1,7507
2026-04-05T20:54:39,-1.110672,-109.476837,14.9,12.08,73.6,8,1.3,4.9,3.641,-2.3,0,1,7508
2026-04-05T20:55:08,-1.110163,-109.475250,12.2,13.13,72.6,7,1.5,5.0,3.641,-2.3,0,1,7509
2026-04-05T20:55:36,-1.109648,-109.473755,12.7,12.74,70.9,7,1.5,5.0,3.641,-2.3,0,1,7510
2026-04-05T20:56:04,-1.109235,-109.472176,2.9,12.28,78.7,8,1.3,5.0,3.641,-2.3,0,1,7511
2026-04-05T20:56:33,-1.108750,-109.470604,1.2,12.46,76.1,7,1.5,5.0,3.639,-2.3,0,1,7512
2026-04-05T20:57:01,-1.108323,-109.469055,1.2,12.08,71.8,8,1.3,4.9,3.640,-2.3,0,1,7513
2026-04-05T20:57:29,-1.107877,-109.467522,-5.0,11.81,72.8,7,1.5,4.9,3.640,-2.3,0,1,7514
2026-04-05T20:57:58,-1.107370,-109.465996,-3.4,11.37,70.5,7,1.5,5.0,3.640,-2.3,0,1,7515
2026-04-05T20:58:26,-1.106955,-109.464424,-8.1,12.86,76.1,8,1.3,5.1,3.641,-2.3,0,1,7516
2026-04-05T20:58:54,-1.106438,-109.462914,-11.8,12.13,71.4,8,1.3,4.8,3.641,-2.3,0,1,7517
2026-04-05T20:59:23,-1.105990,-109.461296,-21.5,12.09,72.9,7,1.5,5.1,3.640,-2.3,0,1,7518
2026-04-05T20:59:51,-1.105497,-109.459824,-20.9,11.76,67.0,7,1.5,4.9,3.640,-2.3,0,1,7519
2026-04-05T21:00:19,-1.105032,-109.458305,-21.3,12.14,71.3,7,1.5,4.8,3.639,-2.3,0,1,7520
2026-04-05T21:00:48,-1.104577,-109.456718,-21.2,11.92,69.6,7,1.5,5.0,3.640,-2.3,0,1,7521
2026-04-05T21:01:16,-1.104102,-109.455193,-26.7,12.20,67.0,7,1.5,4.9,3.638,-2.3,0,1,7522
2026-04-05T21:01:44,-1.103680,-109.453667,-26.9,12.14,74.8,7,1.5,4.7,3.641,-2.3,0,1,7523
2026-04-05T21:02:13,-1.103163,-109.452118,-26.1,12.13,72.7,8,1.3,4.9,3.640,-2.3,0,1,7524
2026-04-05T21:02:41,-1.102738,-109.450569,-26.4,11.07,70.4,7,1.5,4.9,3.641,-2.3,0,1,7525
2026-04-05T21:03:09,-1.102240,-109.449036,-27.6,12.50,73.4,8,1.3,4.9,3.641,-2.3,0,1,7526
2026-04-05T21:03:38,-1.101762,-109.447472,-24.7,11.29,69.1,7,1.5,5.1,3.639,-2.1,0,1,7527
2026-04-05T21:04:06,-1.101323,-109.445923,-26.5,12.64,76.3,8,1.3,4.9,3.640,-2.3,0,1,7528
2026-04-05T21:04:34,-1.100867,-109.444405,-27.3,12.40,74.6,7,1.5,4.9,3.640,-2.3,0,1,7529
2026-04-05T21:05:03,-1.100387,-109.442787,-27.4,11.74,76.3,7,1.5,5.0,3.639,-2.3,0,1,7530
2026-04-05T21:05:31,-1.099845,-109.441292,-23.0,12.19,77.2,7,1.5,4.8,3.640,-2.3,0,1,7531
2026-04-05T21:05:59,-1.099438,-109.439743,-25.2,12.88,73.0,7,1.5,4.9,3.640,-2.3,0,1,7532
2026-04-05T21:06:28,-1.098950,-109.438156,-22.8,11.76,76.8,7,1.5,4.9,3.639,-2.3,0,1,7533
2026-04-05T21:06:56,-1.098462,-109.436630,-18.8,11.46,77.2,7,1.5,5.1,3.641,-2.3,0,1,7534
2026-04-05T21:07:24,-1.097970,-109.435120,-16.9,12.10,71.3,6,2.2,4.8,3.640,-2.3,0,1,7535
2026-04-05T21:07:53,-1.097443,-109.433548,-12.3,12.54,74.3,7,1.5,4.9,3.636,-2.3,0,1,7536
2026-04-05T21:08:21,-1.096972,-109.432037,-11.9,12.80,71.8,7,1.5,4.8,3.638,-2.3,0,1,7537
2026-04-05T21:08:49,-1.096592,-109.430489,-11.5,12.32,79.1,7,1.5,4.9,3.640,-2.3,0,1,7538
2026-04-05T21:09:18,-1.096100,-109.428917,-11.4,12.11,70.7,7,1.5,5.0,3.641,-2.3,0,1,7539
2026-04-05T21:09:46,-1.095620,-109.427406,-12.0,11.86,75.3,7,1.5,4.8,3.641,-2.3,0,1,7540
2026-04-05T21:10:14,-1.095090,-109.425911,-10.1,12.23,66.2,7,1.5,4.9,3.640,-2.3,0,1,7541
2026-04-05T21:10:43,-1.094647,-109.424278,-5.9,12.21,74.0,7,1.5,5.0,3.639,-2.3,0,1,7542
2026-04-05T21:11:11,-1.094097,-109.422783,-2.9,12.32,69.4,7,1.5,5.0,3.640,-2.3,0,1,7543
2026-04-05T21:11:39,-1.093632,-109.421249,-1.3,12.07,73.2,6,1.6,4.8,3.640,-2.3,0,1,7544
2026-04-05T21:12:08,-1.093120,-109.419670,-1.2,12.14,73.9,7,1.5,4.9,3.636,-2.3,0,1,7545
2026-04-05T21:12:36,-1.092597,-109.418175,1.1,12.72,72.6,7,1.5,4.9,3.640,-2.3,0,1,7546
2026-04-05T21:13:04,-1.092110,-109.416641,2.5,11.95,71.6,6,1.6,4.9,3.640,-2.3,0,1,7547
2026-04-05T21:13:33,-1.091675,-109.415054,3.6,12.34,76.7,7,1.5,5.0,3.640,-2.3,0,1,7548
2026-04-05T21:14:01,-1.091168,-109.413513,4.5,12.30,71.1,7,1.5,4.7,3.639,-2.3,0,1,7549
2026-04-05T21:14:29,-1.090810,-109.411942,4.1,12.57,72.2,7,1.5,4.7,3.638,-2.3,0,1,7550
2026-04-05T21:14:58,-1.090282,-109.410393,-3.1,12.50,69.6,7,1.5,4.9,3.639,-2.3,0,1,7551
2026-04-05T21:15:26,-1.089870,-109.408829,-6.4,12.20,78.4,7,1.4,4.8,3.639,-2.3,0,1,7552
2026-04-05T21:15:54,-1.089445,-109.407295,-6.8,12.12,76.5,6,1.6,4.9,3.640,-2.3,0,1,7553
2026-04-05T21:16:23,-1.088942,-109.405731,-1.9,11.99,68.7,7,1.4,5.1,3.639,-2.3,0,1,7554
2026-04-05T21:16:51,-1.088360,-109.404160,-2.4,13.07,69.1,7,1.4,4.8,3.639,-2.3,0,1,7555
2026-04-05T21:17:19,-1.087943,-109.402626,10.1,12.03,74.5,7,1.4,4.7,3.639,-2.3,0,1,7556
2026-04-05T21:17:48,-1.087415,-109.400970,5.2,12.30,73.4,7,1.4,4.9,3.638,-2.3,0,1,7557
2026-04-05T21:18:16,-1.086962,-109.399399,4.5,12.28,75.4,6,1.5,4.7,3.639,-2.3,0,1,7558
2026-04-05T21:18:44,-1.086477,-109.397865,2.3,12.65,76.2,6,1.5,4.7,3.641,-2.3,0,1,7559
2026-04-05T21:19:13,-1.085975,-109.396301,4.9,12.49,69.0,6,1.5,5.0,3.636,-2.3,0,1,7560
2026-04-05T21:19:41,-1.085435,-109.394791,10.2,12.68,76.9,6,1.5,4.8,3.639,-2.3,0,1,7561
2026-04-05T21:20:09,-1.084923,-109.393242,18.1,12.31,73.3,6,1.5,4.9,3.639,-2.3,0,1,7562
2026-04-05T21:20:38,-1.084425,-109.391640,31.7,13.14,75.0,6,1.5,4.8,3.639,-2.3,0,1,7563
2026-04-05T21:21:06,-1.083953,-109.390083,35.9,13.10,74.7,6,1.5,4.7,3.640,-2.3,0,1,7564
2026-04-05T21:21:34,-1.083530,-109.388504,40.1,12.71,76.3,7,1.5,4.8,3.636,-2.3,0,1,7565
2026-04-05T21:22:03,-1.083068,-109.386932,39.5,12.39,71.5,7,1.5,4.9,3.638,-2.3,0,1,7566
2026-04-05T21:22:31,-1.082502,-109.385315,40.4,12.65,75.2,7,1.5,4.7,3.639,-2.3,0,1,7567
2026-04-05T21:22:59,-1.082070,-109.383820,32.5,12.93,71.5,7,1.5,4.9,3.639,-2.3,0,1,7568
2026-04-05T21:23:28,-1.081617,-109.382195,36.6,12.43,68.1,7,1.5,4.8,3.638,-2.3,0,1,7569
2026-04-05T21:23:56,-1.081147,-109.380623,38.7,13.76,67.7,7,1.5,4.7,3.636,-2.3,0,1,7570
2026-04-05T21:24:24,-1.080737,-109.379082,39.2,12.08,74.9,8,1.1,4.8,3.638,-2.3,0,1,7571
2026-04-05T21:24:53,-1.080325,-109.377449,36.7,12.62,76.6,7,1.5,5.1,3.639,-2.3,0,1,7572
2026-04-05T21:25:21,-1.079868,-109.375870,36.3,13.00,67.9,7,1.5,4.7,3.630,-2.3,0,1,7573
2026-04-05T21:25:49,-1.079478,-109.374275,33.0,11.98,71.3,7,1.5,4.7,3.639,-2.3,0,1,7574
2026-04-05T21:26:18,-1.079065,-109.372696,26.4,12.05,77.2,7,1.5,4.8,3.635,-2.3,0,1,7575
2026-04-05T21:26:46,-1.078597,-109.371147,21.4,12.35,72.4,7,1.4,4.6,3.639,-2.3,0,1,7576
2026-04-05T21:27:14,-1.078222,-109.369560,15.8,12.31,71.5,7,1.4,4.8,3.639,-2.3,0,1,7577
2026-04-05T21:27:43,-1.077788,-109.367935,11.5,11.62,73.9,6,2.6,5.0,3.638,-2.3,0,1,7578
2026-04-05T21:28:11,-1.077253,-109.366386,14.2,11.90,72.4,6,2.5,4.7,3.639,-2.3,0,1,7579
2026-04-05T21:28:39,-1.076723,-109.364861,19.7,12.54,70.7,6,2.5,4.8,3.638,-2.3,0,1,7580
2026-04-05T21:29:08,-1.076257,-109.363251,22.5,12.88,73.8,7,1.4,4.7,3.638,-2.3,0,1,7581
2026-04-05T21:29:36,-1.075833,-109.361725,19.7,12.64,72.7,7,1.4,4.8,3.639,-2.3,0,1,7582
2026-04-05T21:30:04,-1.075388,-109.360168,17.1,12.39,77.8,7,1.4,4.6,3.638,-2.3,0,1,7583
2026-04-05T21:30:33,-1.074830,-109.358589,19.3,12.36,73.6,8,1.2,4.8,3.639,-2.3,0,1,7584
2026-04-05T21:31:01,-1.074390,-109.356979,20.1,12.48,75.9,6,2.5,4.7,3.639,-2.3,0,1,7585
2026-04-05T21:31:29,-1.073930,-109.355431,24.5,12.51,72.0,7,1.4,4.9,3.636,-2.3,0,1,7586
2026-04-05T21:31:58,-1.073565,-109.353767,23.9,12.98,78.5,6,2.5,4.8,3.639,-2.3,0,1,7587
2026-04-05T21:32:26,-1.073090,-109.352203,25.4,12.81,75.2,7,1.3,4.6,3.634,-2.3,0,1,7588
2026-04-05T21:32:54,-1.072602,-109.350655,28.3,13.09,75.0,7,1.3,4.6,3.639,-2.3,0,1,7589
2026-04-05T21:33:23,-1.072087,-109.349083,34.5,11.76,72.4,7,1.3,4.7,3.635,-2.3,0,1,7590
2026-04-05T21:33:51,-1.071553,-109.347519,41.5,12.41,70.5,6,2.5,4.6,3.638,-2.3,0,1,7591
2026-04-05T21:34:19,-1.071113,-109.345932,44.9,12.53,77.9,8,1.2,4.7,3.638,-2.3,0,1,7592
2026-04-05T21:34:48,-1.070655,-109.344307,45.5,12.37,73.2,7,1.4,4.6,3.634,-2.3,0,1,7593
2026-04-05T21:35:16,-1.070247,-109.342720,43.8,12.01,73.7,8,1.3,4.7,3.638,-2.3,0,1,7594
2026-04-05T21:35:44,-1.069822,-109.341148,41.0,12.57,72.3,9,1.1,4.7,3.636,-2.3,0,1,7595
2026-04-05T21:36:13,-1.069437,-109.339531,34.3,12.91,71.2,8,1.2,4.9,3.631,-2.3,0,1,7596
2026-04-05T21:36:41,-1.068952,-109.337944,32.9,12.73,75.0,9,1.1,4.6,3.636,-2.3,0,1,7597
2026-04-05T21:37:09,-1.068585,-109.336357,27.8,12.77,68.7,8,1.3,4.6,3.638,-2.3,0,1,7598
2026-04-05T21:37:38,-1.068137,-109.334732,26.6,12.13,75.5,7,1.8,4.8,3.635,-2.3,0,1,7599
2026-04-05T21:38:06,-1.067658,-109.333168,23.0,12.32,76.1,9,1.1,4.6,3.638,-2.3,0,1,7600
2026-04-05T21:38:34,-1.067235,-109.331573,16.1,12.51,72.9,8,1.3,4.7,3.638,-2.3,0,1,7601
2026-04-05T21:39:03,-1.066742,-109.329948,17.6,12.02,67.7,7,1.8,4.6,3.634,-2.3,0,1,7602
2026-04-05T21:39:31,-1.066375,-109.328308,20.8,11.84,77.9,9,1.1,4.6,3.639,-2.3,0,1,7603
2026-04-05T21:39:59,-1.065868,-109.326759,22.5,12.63,72.9,9,1.1,4.8,3.638,-2.3,0,1,7604
2026-04-05T21:40:28,-1.065390,-109.325157,24.4,12.79,67.8,8,1.3,4.9,3.638,-2.3,0,1,7605
2026-04-05T21:40:56,-1.064843,-109.323570,21.7,13.18,75.7,8,1.2,4.7,3.636,-2.3,0,1,7606
2026-04-05T21:41:24,-1.064415,-109.322006,17.5,12.29,71.8,8,1.2,4.7,3.636,-2.3,0,1,7607
2026-04-05T21:41:53,-1.063942,-109.320412,16.9,12.60,73.6,8,1.2,4.7,3.634,-2.3,0,1,7608
2026-04-05T21:42:21,-1.063487,-109.318863,19.0,12.48,70.0,8,1.2,4.6,3.638,-2.3,0,1,7609
2026-04-05T21:42:49,-1.062998,-109.317284,15.7,12.63,69.8,9,1.1,4.7,3.638,-2.3,0,1,7610
2026-04-05T21:43:18,-1.062525,-109.315689,19.8,12.67,73.4,8,1.1,4.9,3.638,-2.3,0,1,7611
2026-04-05T21:43:46,-1.062093,-109.314110,7.7,12.85,70.9,8,1.2,4.6,3.636,-2.3,0,1,7612
2026-04-05T21:44:14,-1.061698,-109.312538,11.1,12.31,75.4,9,1.1,4.6,3.636,-2.3,0,1,7613
2026-04-05T21:44:43,-1.061215,-109.310936,2.2,12.71,74.3,7,1.8,4.7,3.636,-2.3,0,1,7614
2026-04-05T21:45:11,-1.060805,-109.309364,3.4,13.22,73.3,8,1.1,4.6,3.636,-2.3,0,1,7615
2026-04-05T21:45:39,-1.060367,-109.307785,-1.8,12.50,75.6,7,1.3,4.6,3.636,-2.3,0,1,7616
2026-04-05T21:46:08,-1.059913,-109.306137,-0.8,12.36,73.2,7,1.3,4.7,3.638,-2.3,0,1,7617
2026-04-05T21:46:36,-1.059472,-109.304565,-1.5,12.66,75.0,8,1.1,4.6,3.638,-2.3,0,1,7618
2026-04-05T21:47:04,-1.058990,-109.302986,-4.9,12.78,76.5,8,1.1,4.6,3.636,-2.3,0,1,7619
2026-04-05T21:47:33,-1.058497,-109.301376,-11.2,12.06,75.1,7,1.3,4.8,3.638,-2.3,0,1,7620
2026-04-05T21:48:01,-1.058030,-109.299866,-19.0,12.74,76.1,8,1.1,4.6,3.635,-2.3,0,1,7621
2026-04-05T21:48:29,-1.057530,-109.298302,-20.6,12.47,72.7,8,1.1,4.6,3.635,-2.3,0,1,7622
2026-04-05T21:48:58,-1.057048,-109.296654,-27.6,13.81,70.5,8,1.1,4.7,3.635,-2.3,0,1,7623
2026-04-05T21:49:26,-1.056690,-109.295082,-34.8,11.63,76.7,8,1.1,4.6,3.636,-2.3,0,1,7624
2026-04-05T21:49:54,-1.056253,-109.293503,-39.0,12.33,78.2,7,1.3,4.6,3.638,-2.3,0,1,7625
2026-04-05T21:50:23,-1.055800,-109.291862,-43.1,12.73,74.4,7,1.3,4.7,3.636,-2.3,0,1,7626
2026-04-05T21:50:51,-1.055392,-109.290314,-46.6,12.60,73.8,8,1.1,4.5,3.635,-2.1,0,1,7627
2026-04-05T21:51:19,-1.054938,-109.288765,-43.4,12.76,78.3,8,1.1,4.6,3.636,-2.3,0,1,7628
2026-04-05T21:51:48,-1.054502,-109.287155,-41.9,12.48,73.0,8,1.1,4.6,3.636,-2.3,0,1,7629
2026-04-05T21:52:16,-1.053888,-109.285629,-40.7,11.94,65.4,8,1.1,4.6,3.634,-2.3,0,1,7630
2026-04-05T21:52:44,-1.053447,-109.284073,-38.0,12.38,72.7,7,1.3,4.6,3.636,-2.3,0,1,7631
2026-04-05T21:53:13,-1.053018,-109.282448,-35.6,13.34,75.6,7,1.3,4.8,3.638,-2.3,0,1,7632
2026-04-05T21:53:41,-1.052552,-109.280884,-34.5,12.27,71.4,6,1.8,4.7,3.638,-2.3,0,1,7633
2026-04-05T21:54:09,-1.052185,-109.279274,-30.6,12.47,76.5,8,1.1,4.6,3.635,-2.3,0,1,7634
2026-04-05T21:54:38,-1.051720,-109.277634,-32.3,12.71,74.6,8,1.1,4.7,3.634,-2.3,0,1,7635
2026-04-05T21:55:06,-1.051312,-109.276070,-33.2,12.37,73.7,6,1.8,4.6,3.630,-2.3,0,1,7636
2026-04-05T21:55:34,-1.050798,-109.274574,-37.6,11.91,71.3,6,1.8,4.6,3.635,-2.3,0,1,7637
2026-04-05T21:56:03,-1.050400,-109.272949,-33.2,11.57,64.3,6,1.8,4.6,3.636,-2.3,0,1,7638
2026-04-05T21:56:31,-1.049965,-109.271370,-26.1,12.46,75.0,6,1.8,4.5,3.628,-2.1,0,1,7639
2026-04-05T21:56:59,-1.049438,-109.269814,-14.6,12.77,71.7,6,1.8,4.6,3.634,-2.3,0,1,7640
2026-04-05T21:57:28,-1.048985,-109.268158,-4.6,12.30,72.8,7,1.3,4.7,3.631,-2.3,0,1,7641
2026-04-05T21:57:56,-1.048488,-109.266678,0.6,12.32,80.7,8,1.3,4.6,3.635,-2.3,0,1,7642
2026-04-05T21:58:24,-1.047883,-109.265205,3.4,12.58,73.8,7,1.7,4.6,3.634,-2.3,0,1,7643
2026-04-05T21:58:53,-1.047353,-109.263626,7.3,12.12,74.2,7,1.7,4.6,3.631,-2.3,0,1,7644
2026-04-05T21:59:21,-1.046865,-109.262077,12.9,12.20,73.6,6,3.3,4.5,3.628,-2.1,0,1,7645
2026-04-05T21:59:49,-1.046452,-109.260559,20.1,12.41,72.3,7,1.3,4.6,3.635,-2.3,0,1,7646
2026-04-05T22:00:19,-1.046030,-109.258881,6.1,12.28,74.4,7,1.7,4.6,3.632,-2.3,0,1,7647
2026-04-05T22:00:48,-1.045637,-109.257271,5.2,12.50,77.9,6,2.0,4.6,3.634,-2.3,0,1,7648
2026-04-05T22:01:17,-1.045123,-109.255638,6.7,12.53,72.2,7,1.7,4.6,3.631,123.3,0,1,7649
2026-04-05T22:01:45,-1.044738,-109.254120,8.3,10.42,70.4,6,2.0,4.5,3.636,-2.1,0,1,7650
2026-04-05T22:02:14,-1.044168,-109.252480,12.6,12.45,65.9,6,2.0,4.6,3.636,-2.3,0,1,7651
2026-04-05T22:02:43,-1.043732,-109.250893,18.7,12.60,72.3,6,1.9,4.6,3.631,-2.3,0,1,7652
2026-04-05T22:03:11,-1.043245,-109.249329,21.0,13.41,76.7,6,1.9,4.5,3.635,-2.1,0,1,7653
2026-04-05T22:03:39,-1.042805,-109.247780,25.9,12.20,72.9,6,1.9,4.6,3.631,-2.3,0,1,7654
2026-04-05T22:04:08,-1.042270,-109.246193,34.5,11.86,68.9,6,1.9,4.6,3.631,-2.3,0,1,7655
2026-04-05T22:04:36,-1.041773,-109.244659,34.6,11.71,66.2,6,1.9,4.6,3.629,-2.3,0,1,7656
2026-04-05T22:05:05,-1.041385,-109.243034,41.0,12.25,74.9,6,1.9,4.5,3.636,-2.1,0,1,7657
2026-04-05T22:05:33,-1.040930,-109.241463,49.1,12.50,79.1,6,1.9,4.6,3.626,-2.3,0,1,7658
2026-04-05T22:06:02,-1.040328,-109.239861,60.5,12.46,72.8,7,1.7,4.5,3.635,-2.1,0,1,7659
2026-04-05T22:06:30,-1.039877,-109.238297,72.5,12.40,75.8,6,1.9,4.6,3.635,-2.3,0,1,7660
2026-04-05T22:06:59,-1.039410,-109.236725,73.9,11.30,75.1,6,1.9,4.5,3.634,-2.1,0,1,7661
2026-04-05T22:07:27,-1.038882,-109.235123,68.3,12.80,76.0,6,1.7,4.6,3.635,-2.3,0,1,7662
2026-04-05T22:07:56,-1.038357,-109.233513,68.8,12.44,69.5,7,1.7,4.5,3.634,-2.1,0,1,7663
2026-04-05T22:08:24,-1.037900,-109.231926,72.2,12.32,73.7,7,1.7,4.5,3.630,-2.1,0,1,7664
2026-04-05T22:08:53,-1.037450,-109.230339,64.0,12.72,69.7,7,1.7,4.6,3.636,-2.3,0,1,7665
2026-04-05T22:09:21,-1.036963,-109.228737,71.0,12.67,73.7,7,1.7,4.6,3.632,-2.3,0,1,7666
2026-04-05T22:09:49,-1.036540,-109.227188,72.0,12.45,74.4,7,1.7,4.6,3.626,-2.3,0,1,7667
2026-04-05T22:10:18,-1.036000,-109.225563,73.0,13.03,69.6,7,1.7,4.6,3.631,-2.3,0,1,7668
2026-04-05T22:10:46,-1.035610,-109.224014,69.3,12.73,75.3,7,1.6,4.4,3.635,-2.3,0,1,7669
2026-04-05T22:11:14,-1.035203,-109.222397,69.8,12.80,77.5,7,1.6,4.6,3.635,-2.3,0,1,7670
2026-04-05T22:11:43,-1.034667,-109.220802,67.5,12.77,75.3,7,1.6,4.6,3.631,-2.3,0,1,7671
2026-04-05T22:12:11,-1.034255,-109.219215,69.2,12.84,72.4,7,1.6,4.6,3.635,-2.3,0,1,7672
2026-04-05T22:12:39,-1.033855,-109.217628,70.6,12.64,74.2,7,1.6,4.4,3.635,-2.3,0,1,7673
2026-04-05T22:13:08,-1.033455,-109.215988,65.4,12.35,77.2,6,4.9,4.6,3.630,-2.3,0,1,7674
2026-04-05T22:13:36,-1.033290,-109.214493,62.9,9.95,79.0,6,5.0,4.5,3.635,-2.1,0,1,7675
2026-04-05T22:14:04,-1.033067,-109.212852,63.4,11.90,72.2,6,5.0,8.5,3.680,-3.3,0,1,7676
2026-04-05T22:14:58,-1.032438,-109.210205,68.0,3.96,73.5,6,5.1,8.7,3.684,-6.9,0,1,7677
2026-04-05T22:15:26,-1.031323,-109.208420,67.7,12.45,77.9,6,1.7,9.0,3.685,-6.9,0,1,7678
2026-04-05T22:15:54,-1.030803,-109.206810,64.8,12.24,77.4,6,1.7,9.0,3.684,-6.9,0,1,7679
2026-04-05T22:16:23,-1.030332,-109.205170,64.8,11.06,79.2,6,1.7,9.2,3.684,-6.9,0,1,7680
2026-04-05T22:16:51,-1.029870,-109.203598,64.9,12.75,76.8,7,2.4,9.2,3.686,-6.9,0,1,7681
2026-04-05T22:17:19,-1.029433,-109.201981,64.0,12.47,77.1,7,1.6,9.2,3.685,-6.9,0,1,7682
2026-04-05T22:17:48,-1.029030,-109.200485,54.6,11.66,78.7,7,1.6,9.7,3.686,-6.9,0,1,7683
2026-04-05T22:18:16,-1.028545,-109.198914,60.2,12.93,74.6,7,1.6,9.7,3.686,-6.9,0,1,7684
2026-04-05T22:18:44,-1.028087,-109.197388,57.4,12.36,82.3,7,1.6,9.2,3.686,-6.9,0,1,7685
2026-04-05T22:19:13,-1.027623,-109.195816,54.0,11.87,74.9,6,1.7,9.7,3.688,-6.9,0,1,7686
2026-04-05T22:19:41,-1.027123,-109.194305,54.4,12.46,79.3,7,1.6,10.0,3.689,-7.1,0,1,7687
2026-04-05T22:20:09,-1.026738,-109.192719,62.8,12.63,85.4,7,1.6,9.7,3.689,-6.9,0,1,7688
2026-04-05T22:20:38,-1.026242,-109.191093,60.9,12.99,75.4,6,1.6,10.0,3.688,-7.1,0,1,7689
2026-04-05T22:21:06,-1.025833,-109.189552,52.4,11.94,75.2,6,1.6,10.5,3.689,-6.9,0,1,7690
2026-04-05T22:21:34,-1.025378,-109.188004,55.6,12.28,74.3,6,1.6,10.0,3.690,-7.1,0,1,7691
2026-04-05T22:22:03,-1.025028,-109.186394,62.7,12.29,79.8,6,1.6,10.5,3.690,-6.9,0,1,7692
2026-04-05T22:22:31,-1.024478,-109.184845,76.6,14.37,71.5,6,1.6,10.0,3.690,-7.1,0,1,7693
2026-04-05T22:22:59,-1.023955,-109.183334,84.4,12.20,80.0,6,1.6,10.3,3.691,-6.9,0,1,7694
2026-04-05T22:23:28,-1.023368,-109.181786,97.2,11.48,76.7,6,1.6,10.8,3.691,-6.9,0,1,7695
2026-04-05T22:23:56,-1.023030,-109.180214,100.9,12.54,86.4,6,1.6,10.8,3.691,-6.9,0,1,7696
2026-04-05T22:24:24,-1.022635,-109.178711,96.7,12.01,82.6,6,1.6,11.0,3.693,-6.9,0,1,7697
2026-04-05T22:24:53,-1.022007,-109.177177,92.6,11.55,68.0,6,1.6,10.8,3.693,-6.9,0,1,7698
2026-04-05T22:25:21,-1.021732,-109.175606,89.0,13.08,83.2,6,1.6,10.8,3.691,-6.9,0,1,7699
2026-04-05T22:25:49,-1.021340,-109.174042,93.9,12.42,78.9,7,1.5,11.0,3.693,-6.9,0,1,7700
2026-04-05T22:26:18,-1.020762,-109.172455,92.7,12.55,78.4,6,1.6,11.3,3.694,-6.9,0,1,7701
2026-04-05T22:26:46,-1.020262,-109.170921,85.5,11.72,77.9,6,1.6,11.0,3.695,-6.9,0,1,7702
2026-04-05T22:27:14,-1.019835,-109.169319,82.1,12.62,71.3,6,1.6,11.0,3.695,-6.9,0,1,7703
2026-04-05T22:27:43,-1.019473,-109.167656,76.5,12.17,76.4,6,1.6,11.8,3.694,-6.9,0,1,7704
2026-04-05T22:28:11,-1.019125,-109.166054,67.9,12.07,77.4,6,1.6,11.6,3.696,-6.9,0,1,7705
2026-04-05T22:28:39,-1.018483,-109.164528,68.2,12.33,73.5,6,1.6,11.3,3.695,-6.9,0,1,7706
2026-04-05T22:29:08,-1.018020,-109.162918,65.3,13.11,69.8,6,1.5,11.6,3.696,-6.9,0,1,7707
2026-04-05T22:29:36,-1.017618,-109.161354,63.1,12.33,69.2,6,1.5,11.6,3.697,-6.9,0,1,7708
2026-04-05T22:30:04,-1.017128,-109.159821,59.9,12.78,67.6,6,1.5,11.8,3.696,-6.9,0,1,7709
2026-04-05T22:30:33,-1.016632,-109.158234,55.5,12.35,74.7,6,1.5,11.6,3.696,-6.9,0,1,7710
2026-04-05T22:31:01,-1.016333,-109.156609,44.7,12.82,71.7,7,1.3,12.1,3.696,-7.1,0,1,7711
2026-04-05T22:31:29,-1.015917,-109.155060,37.2,12.12,71.3,7,1.3,11.8,3.699,-6.9,0,1,7712
2026-04-05T22:31:58,-1.015447,-109.153450,37.5,12.16,72.1,6,2.3,12.1,3.700,-7.1,0,1,7713
2026-04-05T22:32:26,-1.015037,-109.151924,37.4,12.51,74.0,6,2.3,11.8,3.697,-6.9,0,1,7714
2026-04-05T22:32:54,-1.014607,-109.150391,37.7,11.96,76.0,6,2.3,11.6,3.697,-6.9,0,1,7715
2026-04-05T22:33:23,-1.014102,-109.148804,38.6,12.17,70.9,6,2.3,12.1,3.699,-7.1,0,1,7716
2026-04-05T22:33:51,-1.013667,-109.147255,33.3,12.61,73.5,6,2.3,12.3,3.699,-6.9,0,1,7717
2026-04-05T22:34:19,-1.013198,-109.145706,31.8,12.26,74.3,6,2.3,12.3,3.700,-6.9,0,1,7718
2026-04-05T22:34:48,-1.012737,-109.144112,36.3,11.43,81.0,7,1.3,12.6,3.699,-6.9,0,1,7719
2026-04-05T22:35:16,-1.012283,-109.142578,42.4,11.75,76.7,7,2.2,12.8,3.700,-6.9,0,1,7720
2026-04-05T22:35:44,-1.011818,-109.141045,39.1,12.81,67.5,7,1.3,12.1,3.700,-7.1,0,1,7721
2026-04-05T22:36:13,-1.011277,-109.139427,27.6,12.04,71.7,8,1.3,12.6,3.701,-6.9,0,1,7722
2026-04-05T22:36:41,-1.010825,-109.137894,26.4,11.79,76.3,8,1.3,12.6,3.701,-6.9,0,1,7723
2026-04-05T22:37:09,-1.010353,-109.136383,23.5,11.93,71.4,8,1.3,12.6,3.701,-6.9,0,1,7724
2026-04-05T22:37:38,-1.009880,-109.134811,12.9,12.34,76.0,7,1.3,12.6,3.701,-6.9,0,1,7725
2026-04-05T22:38:06,-1.009408,-109.133270,10.4,12.87,72.1,8,1.3,12.8,3.703,-6.9,0,1,7726
2026-04-05T22:38:34,-1.008947,-109.131737,6.6,12.10,70.6,7,2.3,12.6,3.703,-6.9,0,1,7727
2026-04-05T22:39:03,-1.008470,-109.130150,5.4,12.11,78.1,8,1.2,13.1,3.703,-6.9,0,1,7728
2026-04-05T22:39:31,-1.008023,-109.128624,5.1,11.64,79.1,7,2.3,12.8,3.703,-6.9,0,1,7729
2026-04-05T22:39:59,-1.007585,-109.127113,-3.3,11.92,76.6,7,2.3,13.1,3.704,-6.9,0,1,7730
2026-04-05T22:40:28,-1.007065,-109.125526,-5.8,12.40,75.3,7,1.3,13.1,3.704,-6.9,0,1,7731
2026-04-05T22:40:56,-1.006557,-109.124016,-7.7,11.61,77.7,8,1.2,13.1,3.705,-6.9,0,1,7732
2026-04-05T22:41:24,-1.006088,-109.122482,-6.2,12.32,71.8,6,3.7,13.6,3.704,-6.9,0,1,7733
2026-04-05T22:41:53,-1.005558,-109.120934,-9.9,11.83,76.5,8,2.0,13.4,3.706,-6.9,0,1,7734
2026-04-05T22:42:21,-1.005135,-109.119400,-5.9,12.37,78.7,8,2.0,13.4,3.706,-6.9,0,1,7735
2026-04-05T22:42:49,-1.004602,-109.117874,-0.5,11.76,72.0,8,2.0,13.4,3.706,-6.9,0,1,7736
2026-04-05T22:43:18,-1.004122,-109.116310,5.3,11.89,73.0,7,2.0,13.4,3.705,-6.9,0,1,7737
2026-04-05T22:43:46,-1.003610,-109.114792,12.2,12.26,70.2,7,2.0,13.4,3.705,-6.9,0,1,7738
2026-04-05T22:44:14,-1.003198,-109.113266,8.8,12.71,71.8,9,1.1,13.6,3.707,-6.9,0,1,7739
2026-04-05T22:44:43,-1.002750,-109.111694,-2.5,12.93,77.3,9,1.1,13.4,3.707,-6.9,0,1,7740
2026-04-05T22:45:11,-1.002357,-109.110199,-9.6,11.21,76.9,8,1.2,13.9,3.707,-6.9,0,1,7741
2026-04-05T22:45:39,-1.001807,-109.108673,-10.1,12.29,69.6,8,1.2,13.6,3.710,-6.9,0,1,7742
2026-04-05T22:46:08,-1.001315,-109.107147,-4.3,11.94,75.4,7,2.0,13.9,3.709,-6.9,0,1,7743
2026-04-05T22:46:36,-1.000763,-109.105629,-2.2,11.62,74.7,7,2.0,13.6,3.709,-6.9,0,1,7744
2026-04-05T22:47:04,-1.000197,-109.104118,6.2,12.10,71.7,7,1.3,14.1,3.709,-7.1,0,1,7745
2026-04-05T22:47:33,-0.999775,-109.102501,9.8,12.36,73.5,8,1.2,14.4,3.709,-6.9,0,1,7746
2026-04-05T22:48:01,-0.999263,-109.100983,19.6,12.95,70.7,7,2.0,14.1,3.710,-7.1,0,1,7747
2026-04-05T22:48:29,-0.998778,-109.099403,28.0,12.10,73.3,7,2.0,13.9,3.709,-6.9,0,1,7748
2026-04-05T22:48:58,-0.998270,-109.097778,32.0,12.30,77.5,7,2.0,14.1,3.710,-7.1,0,1,7749
2026-04-05T22:49:26,-0.997823,-109.096230,29.6,11.45,75.5,8,1.1,14.1,3.710,-7.1,0,1,7750
2026-04-05T22:49:54,-0.997467,-109.094627,25.6,12.51,78.3,8,1.1,14.4,3.711,-6.9,0,1,7751
2026-04-05T22:50:23,-0.997027,-109.093018,20.3,11.64,81.3,7,1.2,14.7,3.711,-6.9,0,1,7752
2026-04-05T22:50:51,-0.996515,-109.091507,11.9,12.40,78.2,7,1.2,14.4,3.710,-6.9,0,1,7753
2026-04-05T22:51:19,-0.996037,-109.089973,4.4,9.69,79.1,7,1.2,14.4,3.711,-6.9,0,1,7754
2026-04-05T22:51:48,-0.995695,-109.088356,0.3,11.90,78.6,6,2.0,15.2,3.711,-6.9,0,1,7755
2026-04-05T22:52:16,-0.995285,-109.086807,2.1,12.35,76.8,6,2.0,14.7,3.711,-6.9,0,1,7756
2026-04-05T22:52:44,-0.994807,-109.085289,4.5,11.29,81.6,6,2.0,14.7,3.714,-6.9,0,1,7757
2026-04-05T22:53:13,-0.994267,-109.083702,8.3,11.68,74.6,6,2.0,14.7,3.713,-6.9,0,1,7758
2026-04-05T22:53:41,-0.993825,-109.082161,8.6,11.79,84.6,6,2.0,15.7,3.714,-6.9,0,1,7759
2026-04-05T22:54:09,-0.993375,-109.080612,10.7,11.84,74.9,6,2.0,15.2,3.714,-6.9,0,1,7760
2026-04-05T22:54:38,-0.992800,-109.079018,3.4,12.86,80.2,7,1.1,15.2,3.714,-6.9,0,1,7761
2026-04-05T22:55:06,-0.992263,-109.077515,6.6,11.71,71.9,6,2.0,15.4,3.715,-6.9,0,1,7762
2026-04-05T22:55:34,-0.991778,-109.075996,4.1,11.66,74.7,6,2.0,15.2,3.713,-6.9,0,1,7763
2026-04-05T22:56:03,-0.991312,-109.074409,2.2,11.93,76.3,7,1.1,15.4,3.715,-6.9,0,1,7764
2026-04-05T22:56:31,-0.990830,-109.072884,5.1,11.26,77.4,6,1.9,15.4,3.714,-6.9,0,1,7765
2026-04-05T22:56:59,-0.990425,-109.071320,7.3,12.37,74.7,7,1.1,15.4,3.715,-6.9,0,1,7766
2026-04-05T22:57:28,-0.989903,-109.069763,14.9,12.07,74.3,7,1.1,15.9,3.715,-6.9,0,1,7767
2026-04-05T22:57:56,-0.989498,-109.068237,14.2,12.11,77.1,7,1.1,15.7,3.716,-6.9,0,1,7768
2026-04-05T22:58:24,-0.989057,-109.066727,12.0,12.94,73.5,6,1.9,15.4,3.714,-6.9,0,1,7769
2026-04-05T22:58:53,-0.988528,-109.065140,15.3,12.30,74.7,7,1.8,15.4,3.716,-6.9,0,1,7770
2026-04-05T22:59:21,-0.988045,-109.063591,15.3,13.30,77.9,8,1.1,16.2,3.716,-7.1,0,1,7771
2026-04-05T22:59:49,-0.987602,-109.062065,13.1,12.22,73.0,7,1.8,15.7,3.719,-6.9,0,1,7772
2026-04-05T23:00:18,-0.987108,-109.060455,13.9,12.64,71.7,6,2.2,15.7,3.719,-6.9,0,1,7773
2026-04-05T23:00:46,-0.986597,-109.058929,10.2,11.88,69.0,7,1.2,15.9,3.717,-6.9,0,1,7774
2026-04-05T23:01:14,-0.986080,-109.057358,13.0,12.27,78.2,7,1.8,16.2,3.717,-7.1,0,1,7775
2026-04-05T23:01:43,-0.985515,-109.055771,16.9,12.81,72.1,6,2.1,16.2,3.719,-7.1,0,1,7776
2026-04-05T23:02:11,-0.984997,-109.054245,16.7,12.22,73.7,6,2.1,16.2,3.720,-7.1,0,1,7777
2026-04-05T23:02:39,-0.984530,-109.052689,17.9,11.48,74.5,8,1.7,16.2,3.720,-7.1,0,1,7778
2026-04-05T23:03:08,-0.984013,-109.051071,22.0,11.99,72.4,7,2.1,16.2,3.720,-7.1,0,1,7779
2026-04-05T23:03:36,-0.983593,-109.049507,22.2,12.68,71.0,8,1.7,16.5,3.720,-6.9,0,1,7780
2026-04-05T23:04:04,-0.983108,-109.047989,24.8,12.57,69.7,8,1.7,16.2,3.720,-7.1,0,1,7781
2026-04-05T23:04:33,-0.982562,-109.046387,30.6,12.45,74.4,8,1.7,17.0,3.721,-6.9,0,1,7782
2026-04-05T23:05:01,-0.982085,-109.044861,25.4,11.62,64.4,8,1.7,16.5,3.720,-6.9,0,1,7783
2026-04-05T23:05:29,-0.981633,-109.043274,29.1,12.76,70.1,9,1.6,17.0,3.723,-6.9,0,1,7784
2026-04-05T23:05:58,-0.981128,-109.041679,33.4,12.54,71.5,9,1.6,17.0,3.721,-6.9,0,1,7785
2026-04-05T23:06:26,-0.980697,-109.040115,28.9,12.33,75.1,8,1.9,17.2,3.723,-6.9,0,1,7786
2026-04-05T23:06:54,-0.980177,-109.038582,31.3,13.29,67.8,9,1.6,17.0,3.723,-6.9,0,1,7787
2026-04-05T23:07:23,-0.979643,-109.036980,29.4,12.06,78.8,9,1.6,17.2,3.724,-6.9,0,1,7788
2026-04-05T23:07:51,-0.979120,-109.035416,29.1,12.95,74.9,8,1.9,16.7,3.725,-6.9,0,1,7789
2026-04-05T23:08:19,-0.978607,-109.033844,33.8,13.10,68.5,9,1.6,17.2,3.723,-6.9,0,1,7790
2026-04-05T23:08:48,-0.978112,-109.032257,34.4,12.13,74.5,9,1.6,17.2,3.725,-6.9,0,1,7791
2026-04-05T23:09:16,-0.977707,-109.030708,34.8,12.39,77.6,9,1.6,17.5,3.725,-6.9,0,1,7792
2026-04-05T23:09:44,-0.977252,-109.029160,35.2,11.43,85.4,9,1.6,17.8,3.726,-6.9,0,1,7793
2026-04-05T23:10:13,-0.976673,-109.027534,38.1,12.84,68.9,9,1.5,17.5,3.725,-6.9,0,1,7794
2026-04-05T23:10:41,-0.976177,-109.025970,39.3,12.53,72.4,9,1.5,17.5,3.726,-6.9,0,1,7795
2026-04-05T23:11:09,-0.975647,-109.024422,40.0,12.88,73.6,8,1.6,17.2,3.727,-6.9,0,1,7796
2026-04-05T23:11:38,-0.975173,-109.022797,40.0,13.16,73.4,8,1.6,17.8,3.727,-6.9,0,1,7797
2026-04-05T23:12:06,-0.974668,-109.021248,42.3,12.52,69.2,8,1.6,18.3,3.727,-7.1,0,1,7798
2026-04-05T23:12:34,-0.974187,-109.019699,41.4,12.45,72.4,8,1.6,18.0,3.727,-6.9,0,1,7799
2026-04-05T23:13:03,-0.973687,-109.018059,42.1,12.87,72.6,8,1.6,17.8,3.729,-6.9,0,1,7800
2026-04-05T23:13:31,-0.973207,-109.016502,41.8,12.42,72.2,8,1.6,18.3,3.727,-7.1,0,1,7801
2026-04-05T23:13:59,-0.972728,-109.014923,40.3,12.27,70.8,8,1.6,17.8,3.727,-6.9,0,1,7802
2026-04-05T23:14:28,-0.972212,-109.013313,42.0,12.48,70.6,8,1.6,18.0,3.729,-6.9,0,1,7803
2026-04-05T23:14:56,-0.971740,-109.011749,46.6,12.87,76.9,8,1.6,18.3,3.730,-7.1,0,1,7804
2026-04-05T23:15:24,-0.971273,-109.010178,48.6,13.44,71.1,8,1.6,18.3,3.730,-7.1,0,1,7805
2026-04-05T23:15:53,-0.970800,-109.008553,51.8,12.23,74.0,8,1.5,18.5,3.731,-6.9,0,1,7806
2026-04-05T23:16:21,-0.970322,-109.006973,51.7,12.11,73.7,9,1.5,18.5,3.733,-6.9,0,1,7807
2026-04-05T23:16:49,-0.969848,-109.005402,48.9,13.24,70.0,9,1.5,18.8,3.733,-6.9,0,1,7808
2026-04-05T23:17:18,-0.969365,-109.003777,49.2,12.35,73.6,9,1.5,19.1,3.733,-6.9,0,1,7809
2026-04-05T23:17:46,-0.968880,-109.002205,46.6,12.88,68.5,9,1.6,18.8,3.731,-6.9,0,1,7810
2026-04-05T23:18:14,-0.968392,-109.000626,46.9,12.97,69.9,9,1.5,19.1,3.733,-6.9,0,1,7811
2026-04-05T23:18:43,-0.967880,-108.998985,50.4,12.89,73.4,9,1.5,19.1,3.733,-6.9,0,1,7812
2026-04-05T23:19:11,-0.967403,-108.997414,48.8,12.36,73.3,9,1.5,19.3,3.733,-6.9,0,1,7813
2026-04-05T23:19:39,-0.966853,-108.995827,50.8,13.23,71.6,9,1.6,19.3,3.735,-6.9,0,1,7814
2026-04-05T23:20:08,-0.966370,-108.994186,48.6,13.08,74.0,9,1.5,19.6,3.734,-6.9,0,1,7815
2026-04-05T23:20:36,-0.965868,-108.992592,48.4,13.58,72.0,10,1.3,19.6,3.735,-6.9,0,1,7816
2026-04-05T23:21:04,-0.965390,-108.991005,48.1,12.57,73.2,10,1.3,19.3,3.735,-6.9,0,1,7817
2026-04-05T23:21:33,-0.964895,-108.989349,48.0,13.54,75.1,11,1.3,19.8,3.735,-6.9,0,1,7818
2026-04-05T23:22:01,-0.964393,-108.987762,51.3,12.77,74.7,11,1.3,20.1,3.736,-11.4,0,1,7819
2026-04-05T23:22:29,-0.963917,-108.986176,49.2,12.68,75.4,11,1.3,20.1,3.736,-11.4,0,1,7820
2026-04-05T23:22:58,-0.963428,-108.984528,43.3,12.57,71.6,11,1.3,19.8,3.737,-6.9,0,1,7821
2026-04-05T23:23:26,-0.962948,-108.982941,44.2,13.28,71.1,11,1.3,20.5,3.739,-11.4,0,1,7822
2026-04-05T23:23:54,-0.962432,-108.981361,46.3,12.37,73.6,11,1.3,20.5,3.739,-11.4,0,1,7823
2026-04-05T23:24:23,-0.961900,-108.979736,46.7,13.26,72.6,11,1.3,20.1,3.739,-11.4,0,1,7824
2026-04-05T23:24:51,-0.961405,-108.978134,46.0,12.99,71.7,11,1.3,20.9,3.739,-11.4,0,1,7825
2026-04-05T23:25:19,-0.960920,-108.976540,44.5,12.77,74.3,11,1.3,20.9,3.741,-11.4,0,1,7826
2026-04-05T23:25:48,-0.960442,-108.974884,43.2,11.84,74.1,11,1.3,20.5,3.740,-11.4,0,1,7827
2026-04-05T23:26:16,-0.959988,-108.973289,43.0,13.65,74.7,11,1.3,20.9,3.740,-11.4,0,1,7828
2026-04-05T23:26:44,-0.959553,-108.971687,44.8,12.90,73.1,11,1.3,20.9,3.743,-11.4,0,1,7829
2026-04-05T23:27:13,-0.959087,-108.970024,44.4,12.85,68.9,11,1.3,22.2,3.744,-11.4,0,1,7830
2026-04-05T23:27:41,-0.958630,-108.968407,46.9,12.78,73.5,11,1.3,21.4,3.745,-11.4,0,1,7831
2026-04-05T23:28:09,-0.958150,-108.966820,45.9,12.92,73.0,11,1.3,21.4,3.743,-11.4,0,1,7832
2026-04-05T23:28:38,-0.957675,-108.965172,44.7,12.91,69.7,11,1.3,22.2,3.743,-11.4,0,1,7833
2026-04-05T23:29:06,-0.957190,-108.963570,43.7,13.42,64.7,11,1.3,21.8,3.745,-11.4,0,1,7834
2026-04-05T23:29:34,-0.956738,-108.961967,45.7,12.75,71.3,11,1.3,22.7,3.745,-11.4,0,1,7835
2026-04-05T23:30:03,-0.956257,-108.960304,40.5,12.94,76.4,11,1.3,23.1,3.746,-11.4,0,1,7836
2026-04-05T23:30:31,-0.955820,-108.958710,40.8,13.32,72.9,11,1.3,22.7,3.746,-11.4,0,1,7837
2026-04-05T23:30:59,-0.955367,-108.957108,37.6,13.16,69.8,11,1.3,24.0,3.746,-11.4,0,1,7838
2026-04-05T23:31:28,-0.954890,-108.955444,32.3,13.16,75.2,11,1.3,23.5,3.747,-11.4,0,1,7839
2026-04-05T23:31:56,-0.954442,-108.953857,33.9,12.88,72.3,11,1.3,24.0,3.749,-11.4,0,1,7840
2026-04-05T23:32:24,-0.953968,-108.952255,33.5,13.11,66.0,11,1.2,23.5,3.749,-11.4,0,1,7841
2026-04-05T23:32:53,-0.953503,-108.950577,34.4,13.07,74.6,11,1.2,24.4,3.750,-11.4,0,1,7842
2026-04-05T23:33:21,-0.953042,-108.948982,34.6,12.61,72.2,11,1.2,24.8,3.747,-11.4,0,1,7843
2026-04-05T23:33:49,-0.952590,-108.947395,32.3,12.65,73.0,11,1.2,24.8,3.751,-11.4,0,1,7844
2026-04-05T23:34:18,-0.952082,-108.945724,31.7,12.97,64.1,11,1.2,24.4,3.751,-11.4,0,1,7845
2026-04-05T23:34:46,-0.951637,-108.944130,33.7,12.75,75.7,11,1.2,25.2,3.753,-11.4,0,1,7846
2026-04-05T23:35:14,-0.951180,-108.942528,33.5,12.78,71.4,11,1.2,24.8,3.751,-11.4,0,1,7847
2026-04-05T23:35:43,-0.950727,-108.940887,29.9,12.66,73.3,11,1.2,25.7,3.754,-11.4,0,1,7848
2026-04-05T23:36:11,-0.950248,-108.939316,27.9,13.18,71.0,11,1.2,25.7,3.754,-11.4,0,1,7849
2026-04-05T23:36:39,-0.949800,-108.937714,22.9,12.81,69.6,11,1.2,26.5,3.754,-11.4,0,1,7850
2026-04-05T23:37:08,-0.949337,-108.936066,29.5,12.69,73.1,11,1.2,25.7,3.755,-11.4,0,1,7851
2026-04-05T23:37:36,-0.948932,-108.934448,30.9,12.44,70.4,11,1.2,25.7,3.756,-11.4,0,1,7852
2026-04-05T23:38:04,-0.948492,-108.932861,29.7,12.85,74.9,11,1.2,26.1,3.755,-11.4,0,1,7853
2026-04-05T23:38:33,-0.948058,-108.931160,24.5,12.71,64.8,11,1.2,27.0,3.757,-11.4,0,1,7854
2026-04-05T23:39:01,-0.947577,-108.929588,28.2,12.93,70.8,11,1.2,26.1,3.755,-11.4,0,1,7855
2026-04-05T23:39:29,-0.947108,-108.927986,31.0,12.86,74.9,11,1.2,27.0,3.757,-11.4,0,1,7856
2026-04-05T23:39:58,-0.946585,-108.926346,31.9,13.22,70.2,11,1.2,27.8,3.759,-11.4,0,1,7857
2026-04-05T23:40:26,-0.946113,-108.924751,30.9,12.50,72.2,11,1.2,27.4,3.757,-11.4,0,1,7858
2026-04-05T23:40:54,-0.945585,-108.923172,30.6,12.76,64.0,11,1.2,27.4,3.759,-11.4,0,1,7859
2026-04-05T23:41:23,-0.945085,-108.921509,30.5,12.92,68.8,11,1.2,27.4,3.760,-11.4,0,1,7860
2026-04-05T23:41:51,-0.944628,-108.919899,35.1,14.09,76.9,11,1.2,28.3,3.760,-11.4,0,1,7861
2026-04-05T23:42:19,-0.944170,-108.918320,33.1,12.74,74.6,10,1.2,27.8,3.760,-11.4,0,1,7862
2026-04-05T23:42:48,-0.943692,-108.916672,31.3,12.80,77.0,10,1.2,27.4,3.761,-11.4,0,1,7863
2026-04-05T23:43:16,-0.943183,-108.915085,32.9,12.90,71.6,10,1.2,28.3,3.761,-11.4,0,1,7864
2026-04-05T23:43:44,-0.942728,-108.913483,39.3,12.70,72.9,10,1.2,28.7,3.763,-11.4,0,1,7865
2026-04-05T23:44:13,-0.942197,-108.911888,44.2,12.98,70.3,10,1.2,29.1,3.763,-11.4,0,1,7866
2026-04-05T23:44:41,-0.941800,-108.910286,46.5,12.73,80.6,10,1.2,28.3,3.764,-11.4,0,1,7867
2026-04-05T23:45:09,-0.941353,-108.908684,46.9,12.70,67.9,9,1.3,28.7,3.765,-11.4,0,1,7868
2026-04-05T23:45:38,-0.940935,-108.906998,43.9,12.71,67.3,9,1.3,29.1,3.765,-11.4,0,1,7869
2026-04-05T23:46:06,-0.940478,-108.905411,40.4,13.61,76.9,8,1.5,29.1,3.764,-11.4,0,1,7870
2026-04-05T23:46:34,-0.940038,-108.903809,44.7,12.66,78.8,9,1.2,29.1,3.767,-11.4,0,1,7871
2026-04-05T23:47:03,-0.939578,-108.902145,37.5,12.54,71.2,9,1.2,29.5,3.766,-11.4,0,1,7872
2026-04-05T23:47:31,-0.939135,-108.900581,40.6,13.19,80.6,9,1.2,30.0,3.766,-11.4,0,1,7873
2026-04-05T23:47:59,-0.938653,-108.898994,40.9,12.36,74.8,10,1.2,30.0,3.767,-11.4,0,1,7874
2026-04-05T23:48:28,-0.938200,-108.897331,44.3,12.84,70.5,10,1.2,30.0,3.765,-11.4,0,1,7875
2026-04-05T23:48:56,-0.937650,-108.895760,40.6,13.77,79.7,11,1.1,30.4,3.766,-11.4,0,1,7876
2026-04-05T23:49:24,-0.937173,-108.894157,49.9,12.77,66.0,11,1.1,30.4,3.767,-11.4,0,1,7877
2026-04-05T23:49:53,-0.936703,-108.892494,51.1,13.62,74.8,11,1.1,30.8,3.767,-11.4,0,1,7878
2026-04-05T23:50:21,-0.936205,-108.890907,51.3,12.73,70.7,10,1.4,30.8,3.770,-11.4,0,1,7879
2026-04-05T23:50:49,-0.935718,-108.889328,55.1,13.18,81.0,11,1.1,31.3,3.770,-11.4,0,1,7880
2026-04-05T23:51:18,-0.935198,-108.887703,46.7,12.99,63.6,11,1.1,31.3,3.770,-11.4,0,1,7881
2026-04-05T23:51:46,-0.934740,-108.886108,47.8,12.68,69.2,11,1.1,30.8,3.769,820.8,0,1,7882
2026-04-05T23:52:14,-0.934332,-108.884491,40.5,13.45,74.0,11,1.1,31.3,3.769,-11.4,0,1,7883
2026-04-05T23:52:43,-0.933825,-108.882866,43.0,12.39,72.0,10,1.1,31.3,3.770,-11.4,0,1,7884
2026-04-05T23:53:11,-0.933380,-108.881264,43.3,12.04,76.2,11,1.1,31.3,3.771,-11.4,0,1,7885
2026-04-05T23:53:39,-0.932912,-108.879692,40.3,12.65,70.0,11,1.1,31.7,3.771,-11.4,0,1,7886
2026-04-05T23:54:08,-0.932417,-108.878067,41.1,12.24,73.9,11,1.1,31.3,3.773,-11.4,0,1,7887
2026-04-05T23:54:36,-0.931992,-108.876457,33.4,12.62,73.5,11,1.0,31.7,3.774,-11.4,0,1,7888
2026-04-05T23:55:04,-0.931510,-108.874878,26.9,12.56,81.1,11,1.0,32.1,3.773,-11.4,0,1,7889
2026-04-05T23:55:33,-0.931068,-108.873215,21.2,12.61,74.4,11,1.0,32.1,3.773,-11.4,0,1,7890
2026-04-05T23:56:01,-0.930610,-108.871605,15.2,13.03,73.1,11,1.0,33.0,3.773,-11.4,0,1,7891
2026-04-05T23:56:29,-0.930160,-108.870018,5.6,12.68,74.4,11,1.0,32.1,3.774,-11.4,0,1,7892
2026-04-05T23:56:58,-0.929688,-108.868378,4.2,12.83,77.3,11,1.0,32.6,3.775,-11.4,0,1,7893
2026-04-05T23:57:26,-0.929233,-108.866791,4.9,12.66,74.8,10,1.2,32.6,3.775,-11.4,0,1,7894
2026-04-05T23:57:54,-0.928770,-108.865181,6.3,12.83,70.7,10,1.0,33.0,3.775,-11.4,0,1,7895
2026-04-05T23:58:23,-0.928337,-108.863525,2.9,12.95,70.1,8,1.3,33.0,3.775,-11.4,0,1,7896
2026-04-05T23:58:51,-0.927890,-108.861916,-5.3,12.82,76.9,9,1.2,33.0,3.777,-11.4,0,1,7897
2026-04-05T23:59:19,-0.927445,-108.860313,-4.7,12.76,73.0,9,1.2,33.0,3.775,-11.4,0,1,7898
2026-04-05T23:59:48,-0.926968,-108.858673,0.1,13.14,73.6,8,1.2,33.0,3.777,-11.4,0,1,7899
