datetime,lat,lon,alt_m,speed_kts,cog,satellites,hdop,battery_pct,battery_v,charge_rate,rtc_bat_low,fix,boot
2026-04-16T00:00:14,9.703126,-79.684669,18.8,6.37,27.2,10,1.3,92.6,4.120,-4.2,0,1,30829
2026-04-16T00:00:43,9.703850,-79.684288,18.7,5.10,27.0,9,1.3,92.6,4.120,-4.2,0,1,30830
2026-04-16T00:01:12,9.704521,-79.683853,11.4,5.49,27.4,9,1.3,92.8,4.126,-4.4,0,1,30831
2026-04-16T00:01:41,9.705182,-79.683449,9.8,5.48,24.0,9,1.3,92.4,4.121,-4.2,0,1,30832
2026-04-16T00:02:09,9.705885,-79.683075,6.6,5.92,27.7,9,1.3,92.6,4.119,-4.2,0,1,30833
2026-04-16T00:02:38,9.706610,-79.682732,12.4,5.81,26.4,9,1.3,92.9,4.121,-4.2,0,1,30834
2026-04-16T00:03:07,9.707356,-79.682365,9.4,5.75,23.8,9,1.3,92.4,4.121,-4.2,0,1,30835
2026-04-16T00:03:36,9.708117,-79.682114,12.9,5.55,24.2,9,1.3,92.6,4.120,-4.2,0,1,30836
2026-04-16T00:04:04,9.708872,-79.681831,8.5,5.58,24.7,9,1.3,92.4,4.117,-4.2,0,1,30837
2026-04-16T00:04:33,9.709623,-79.681526,10.8,5.94,27.1,9,1.3,92.6,4.120,-4.2,0,1,30838
2026-04-16T00:05:02,9.710417,-79.681221,20.2,5.56,15.2,9,1.3,92.4,4.124,-4.2,0,1,30839
2026-04-16T00:05:31,9.711174,-79.680908,22.0,6.38,33.9,10,1.3,92.3,4.120,-4.2,0,1,30840
2026-04-16T00:05:59,9.711884,-79.680580,21.0,5.35,16.3,10,1.3,92.4,4.116,-4.2,0,1,30841
2026-04-16T00:06:28,9.712566,-79.680191,32.2,6.04,29.2,9,1.3,92.6,4.116,-4.2,0,1,30842
2026-04-16T00:06:57,9.713295,-79.679817,41.5,5.19,28.9,10,1.3,92.3,4.124,-4.2,0,1,30843
2026-04-16T00:07:26,9.713986,-79.679420,44.0,5.95,34.0,10,1.3,92.3,4.120,-4.2,0,1,30844
2026-04-16T00:07:54,9.714664,-79.679024,45.7,6.15,31.3,10,1.3,92.3,4.115,-4.2,0,1,30845
2026-04-16T00:08:23,9.715342,-79.678551,38.5,5.66,23.9,10,1.3,92.6,4.116,-4.2,0,1,30846
2026-04-16T00:08:52,9.716019,-79.678085,38.7,5.72,39.6,10,1.3,92.3,4.124,-4.2,0,1,30847
2026-04-16T00:09:21,9.716743,-79.677650,41.4,6.06,23.9,10,1.3,92.3,4.120,-4.2,0,1,30848
2026-04-16T00:09:49,9.717393,-79.677277,52.7,5.23,36.0,10,1.3,92.3,4.114,-4.2,0,1,30849
2026-04-16T00:10:18,9.718068,-79.676849,53.6,4.39,37.8,10,1.3,92.4,4.117,-4.2,0,1,30850
2026-04-16T00:10:47,9.718771,-79.676407,59.9,5.75,31.4,10,1.3,92.0,4.113,-4.2,0,1,30851
2026-04-16T00:11:16,9.719428,-79.676003,61.5,5.77,42.3,10,1.3,92.1,4.117,-4.4,0,1,30852
2026-04-16T00:11:44,9.719986,-79.675491,55.9,5.50,46.0,8,1.6,92.3,4.114,-4.2,0,1,30853
2026-04-16T00:12:13,9.720678,-79.675079,44.7,6.92,34.3,7,1.7,92.3,4.115,-4.2,0,1,30854
2026-04-16T00:12:42,9.721421,-79.674706,46.1,6.10,37.2,8,1.6,92.1,4.121,-4.4,0,1,30855
2026-04-16T00:13:11,9.722140,-79.674301,44.1,5.91,30.3,8,1.6,92.0,4.116,-4.2,0,1,30856
2026-04-16T00:13:39,9.722816,-79.673920,32.5,4.81,30.0,8,1.6,92.0,4.114,-4.2,0,1,30857
2026-04-16T00:14:08,9.723531,-79.673523,30.0,6.25,21.4,9,1.2,92.3,4.116,-4.2,0,1,30858
2026-04-16T00:14:37,9.724215,-79.673096,29.3,5.13,26.6,9,1.2,92.1,4.114,-4.4,0,1,30859
2026-04-16T00:15:06,9.724938,-79.672699,17.5,6.39,30.4,9,1.2,91.8,4.116,-4.2,0,1,30860
2026-04-16T00:15:34,9.725633,-79.672279,15.3,6.10,32.3,8,1.3,91.8,4.113,-4.2,0,1,30861
2026-04-16T00:16:03,9.726316,-79.671844,17.1,5.55,26.2,8,1.3,92.3,4.114,-4.2,0,1,30862
2026-04-16T00:16:32,9.727026,-79.671371,10.9,5.21,29.4,8,1.3,91.8,4.119,-4.2,0,1,30863
2026-04-16T00:17:01,9.727686,-79.670906,8.7,5.60,30.3,9,1.2,91.8,4.115,-4.2,0,1,30864
2026-04-16T00:17:29,9.728396,-79.670517,9.1,6.06,29.6,9,1.3,91.8,4.111,-4.2,0,1,30865
2026-04-16T00:17:58,9.729105,-79.670113,16.5,6.29,32.0,8,1.3,92.0,4.114,-4.2,0,1,30866
2026-04-16T00:18:27,9.729856,-79.669731,19.5,5.85,36.0,8,1.3,91.8,4.111,-4.2,0,1,30867
2026-04-16T00:18:56,9.730548,-79.669304,19.2,6.03,27.3,8,1.3,91.8,4.114,-4.2,0,1,30868
2026-04-16T00:19:24,9.731240,-79.668907,23.8,5.65,29.0,8,1.3,91.6,4.115,-4.2,0,1,30869
2026-04-16T00:19:53,9.731943,-79.668510,24.6,6.24,27.7,8,1.3,92.0,4.115,-4.2,0,1,30870
2026-04-16T00:20:22,9.732635,-79.668091,26.7,6.48,32.9,9,1.2,91.5,4.115,-4.4,0,1,30871
2026-04-16T00:20:51,9.733321,-79.667641,25.9,5.92,28.1,9,1.2,91.5,4.114,-4.4,0,1,30872
2026-04-16T00:21:19,9.733971,-79.667206,25.2,5.47,32.1,8,1.3,92.1,4.111,-4.4,0,1,30873
2026-04-16T00:21:48,9.734696,-79.666862,25.8,5.79,30.9,9,1.2,91.8,4.113,-4.2,0,1,30874
2026-04-16T00:22:17,9.735420,-79.666496,23.7,6.25,24.6,9,1.2,91.5,4.119,-4.4,0,1,30875
2026-04-16T00:22:46,9.736107,-79.666069,24.0,6.05,31.1,9,1.2,91.5,4.114,-4.4,0,1,30876
2026-04-16T00:23:14,9.736769,-79.665665,20.8,6.17,32.8,8,1.3,91.3,4.114,-4.2,0,1,30877
2026-04-16T00:23:43,9.737435,-79.665199,18.3,5.81,29.2,9,1.2,92.0,4.111,-4.2,0,1,30878
2026-04-16T00:24:12,9.738098,-79.664787,23.1,5.61,30.2,8,1.2,91.3,4.114,-4.2,0,1,30879
2026-04-16T00:24:41,9.738762,-79.664375,31.4,5.94,41.1,8,1.2,91.6,4.114,-4.2,0,1,30880
2026-04-16T00:25:09,9.739408,-79.663918,36.6,5.96,35.7,9,1.2,91.5,4.113,-4.4,0,1,30881
2026-04-16T00:25:38,9.740097,-79.663521,37.2,5.61,11.0,9,1.2,91.8,4.113,-4.2,0,1,30882
2026-04-16T00:26:07,9.740790,-79.663055,35.7,5.51,34.8,9,1.2,91.3,4.113,-4.2,0,1,30883
2026-04-16T00:26:36,9.741533,-79.662697,35.4,6.20,28.8,9,1.1,91.2,4.111,-4.2,0,1,30884
2026-04-16T00:27:04,9.742152,-79.662292,34.4,4.82,43.4,9,1.1,91.2,4.114,-4.2,0,1,30885
2026-04-16T00:27:33,9.742848,-79.661934,48.6,5.75,52.2,9,1.1,91.6,4.113,-4.2,0,1,30886
2026-04-16T00:28:02,9.743564,-79.661583,46.3,5.21,28.4,9,1.1,91.3,4.113,-4.2,0,1,30887
2026-04-16T00:28:31,9.744222,-79.661270,47.4,5.74,25.7,9,1.1,91.3,4.110,-4.2,0,1,30888
2026-04-16T00:28:59,9.744957,-79.660965,49.2,5.22,25.0,9,1.1,91.3,4.111,-4.2,0,1,30889
2026-04-16T00:29:28,9.745763,-79.660667,51.9,6.58,29.8,9,1.1,91.6,4.111,-4.2,0,1,30890
2026-04-16T00:29:57,9.746504,-79.660339,54.3,5.55,26.9,8,1.6,91.2,4.110,-4.2,0,1,30891
2026-04-16T00:30:26,9.747247,-79.659973,54.1,5.91,29.1,8,1.2,91.3,4.111,-4.2,0,1,30892
2026-04-16T00:30:54,9.747957,-79.659615,55.6,6.79,28.1,8,1.6,91.0,4.110,-4.2,0,1,30893
2026-04-16T00:31:23,9.748652,-79.659248,52.3,5.93,37.7,8,1.6,91.5,4.110,-4.4,0,1,30894
2026-04-16T00:31:52,9.749391,-79.658882,51.2,5.63,27.0,8,1.6,91.3,4.110,-4.2,0,1,30895
2026-04-16T00:32:21,9.750134,-79.658531,55.1,6.42,26.6,8,1.6,91.0,4.111,-4.2,0,1,30896
2026-04-16T00:32:49,9.750813,-79.658173,52.3,5.85,28.8,8,1.6,91.2,4.110,-4.2,0,1,30897
2026-04-16T00:33:18,9.751547,-79.657814,50.9,6.10,19.2,9,1.1,91.2,4.108,-4.2,0,1,30898
2026-04-16T00:33:47,9.752215,-79.657440,45.7,6.06,28.3,8,1.6,91.2,4.110,-4.2,0,1,30899
2026-04-16T00:34:16,9.752928,-79.657021,46.2,5.85,31.0,9,1.1,91.2,4.108,-4.2,0,1,30900
2026-04-16T00:34:45,9.753643,-79.656670,47.8,5.31,21.3,9,1.1,91.0,4.113,-4.2,0,1,30901
2026-04-16T00:35:14,9.754358,-79.656303,46.5,6.01,27.3,9,1.1,91.0,4.109,-4.2,0,1,30902
2026-04-16T00:35:43,9.755120,-79.655952,47.3,6.31,21.9,9,1.1,91.0,4.109,-4.2,0,1,30903
2026-04-16T00:36:12,9.755883,-79.655617,43.4,5.61,27.9,9,1.1,91.0,4.108,-4.2,0,1,30904
2026-04-16T00:36:41,9.756592,-79.655235,46.4,5.94,29.0,9,1.1,91.2,4.108,-4.2,0,1,30905
2026-04-16T00:37:09,9.757317,-79.654831,52.4,6.02,22.8,9,1.1,91.0,4.106,-4.2,0,1,30906
2026-04-16T00:37:38,9.757998,-79.654381,54.8,5.52,26.3,8,1.6,91.3,4.106,-4.2,0,1,30907
2026-04-16T00:38:07,9.758730,-79.653976,58.5,6.18,32.7,9,1.1,90.9,4.106,-4.4,0,1,30908
2026-04-16T00:38:36,9.759426,-79.653542,55.9,6.47,32.1,9,1.1,90.9,4.109,-4.4,0,1,30909
2026-04-16T00:39:04,9.760100,-79.653122,54.1,5.99,33.5,8,1.6,91.0,4.108,-4.2,0,1,30910
2026-04-16T00:39:33,9.760836,-79.652718,55.3,6.28,35.0,9,1.1,91.5,4.106,-4.4,0,1,30911
2026-04-16T00:40:02,9.761532,-79.652275,57.3,5.85,26.6,8,1.6,91.0,4.108,-4.2,0,1,30912
2026-04-16T00:40:31,9.762243,-79.651833,59.8,6.24,34.4,9,1.1,90.7,4.108,-4.2,0,1,30913
2026-04-16T00:40:59,9.762892,-79.651443,58.4,5.61,34.9,8,1.6,90.5,4.109,-4.2,0,1,30914
2026-04-16T00:41:28,9.763598,-79.651016,59.3,6.29,37.7,8,1.6,91.0,4.105,-4.2,0,1,30915
2026-04-16T00:41:57,9.764292,-79.650574,57.5,5.99,29.2,8,1.6,90.9,4.101,-4.4,0,1,30916
2026-04-16T00:42:26,9.764970,-79.650116,52.8,5.30,38.0,8,1.6,90.7,4.108,-4.2,0,1,30917
2026-04-16T00:42:54,9.765701,-79.649773,46.3,5.99,22.7,8,1.6,90.9,4.108,-4.4,0,1,30918
2026-04-16T00:43:23,9.766421,-79.649345,42.0,6.14,25.7,8,1.6,90.7,4.108,-4.2,0,1,30919
2026-04-16T00:43:52,9.767106,-79.648911,42.8,6.55,42.5,8,1.6,90.5,4.105,-4.2,0,1,30920
2026-04-16T00:44:21,9.767781,-79.648476,39.9,4.74,18.7,8,1.6,90.7,4.106,-4.2,0,1,30921
2026-04-16T00:44:49,9.768458,-79.648079,38.1,5.82,33.6,8,1.6,90.5,4.105,-4.2,0,1,30922
2026-04-16T00:45:18,9.769200,-79.647690,34.4,5.59,31.4,8,1.6,90.7,4.105,-4.2,0,1,30923
2026-04-16T00:45:47,9.769843,-79.647224,35.6,6.08,33.2,8,1.6,90.4,4.108,-4.2,0,1,30924
2026-04-16T00:46:16,9.770510,-79.646736,29.7,6.50,27.8,8,1.6,90.4,4.104,-4.2,0,1,30925
2026-04-16T00:46:44,9.771152,-79.646286,24.9,5.91,27.1,9,1.0,90.2,4.106,-4.4,0,1,30926
2026-04-16T00:47:13,9.771858,-79.645828,23.4,6.43,34.5,8,1.6,90.7,4.105,-4.2,0,1,30927
2026-04-16T00:47:42,9.772582,-79.645401,21.3,6.79,24.0,8,1.6,90.5,4.102,-4.2,0,1,30928
2026-04-16T00:48:11,9.773366,-79.645004,22.1,6.51,32.7,8,1.6,90.4,4.105,-4.2,0,1,30929
2026-04-16T00:48:39,9.774070,-79.644569,20.0,6.59,22.7,8,1.6,90.4,4.104,-4.2,0,1,30930
2026-04-16T00:49:08,9.774732,-79.644104,15.5,5.77,32.2,8,1.6,90.9,4.102,-4.4,0,1,30931
2026-04-16T00:49:37,9.775443,-79.643684,16.6,6.24,19.9,8,1.6,90.7,4.108,-4.2,0,1,30932
2026-04-16T00:50:06,9.776127,-79.643265,9.6,5.55,25.6,8,1.6,90.5,4.104,-4.2,0,1,30933
2026-04-16T00:50:35,9.776903,-79.642845,8.6,5.39,42.3,8,1.6,90.4,4.104,-4.2,0,1,30934
2026-04-16T00:51:04,9.777610,-79.642380,8.1,6.03,28.4,8,1.6,90.4,4.102,-4.2,0,1,30935
2026-04-16T00:51:33,9.778328,-79.641914,7.0,6.67,34.1,8,1.6,90.2,4.101,-4.4,0,1,30936
2026-04-16T00:52:02,9.779071,-79.641510,13.2,5.54,42.0,7,1.6,90.2,4.102,-4.4,0,1,30937
2026-04-16T00:52:31,9.779755,-79.641060,14.0,6.13,28.1,8,1.6,90.2,4.104,-4.4,0,1,30938
2026-04-16T00:52:59,9.780571,-79.640648,25.9,6.80,30.7,8,1.6,90.2,4.104,-4.4,0,1,30939
2026-04-16T00:53:28,9.781315,-79.640259,29.5,5.75,21.5,8,1.6,90.5,4.102,-4.2,0,1,30940
2026-04-16T00:53:57,9.782049,-79.639816,34.2,5.73,32.0,8,1.6,90.4,4.101,-4.2,0,1,30941
2026-04-16T00:54:26,9.782776,-79.639366,30.7,5.50,40.7,8,1.6,90.1,4.102,-4.2,0,1,30942
2026-04-16T00:54:54,9.783475,-79.638962,23.8,5.86,28.4,8,1.6,90.1,4.101,-4.2,0,1,30943
2026-04-16T00:55:23,9.784190,-79.638519,25.1,6.14,32.3,8,1.6,90.1,4.102,-4.2,0,1,30944
2026-04-16T00:55:52,9.784869,-79.638084,27.0,5.43,36.0,8,1.6,90.1,4.102,-4.2,0,1,30945
2026-04-16T00:56:21,9.785602,-79.637611,25.5,6.35,28.4,8,1.6,90.1,4.101,-4.2,0,1,30946
2026-04-16T00:56:49,9.786259,-79.637169,12.1,6.04,34.4,8,1.6,90.2,4.104,-4.4,0,1,30947
2026-04-16T00:57:18,9.786965,-79.636719,8.5,6.53,36.7,8,1.6,90.4,4.101,-4.2,0,1,30948
2026-04-16T00:57:47,9.787652,-79.636284,1.6,6.40,31.8,8,1.6,89.9,4.102,-4.2,0,1,30949
2026-04-16T00:58:16,9.788342,-79.635834,-3.9,5.91,24.3,8,1.7,90.1,4.100,-4.2,0,1,30950
2026-04-16T00:58:44,9.788995,-79.635384,-7.1,6.00,36.2,8,1.6,90.1,4.101,-4.2,0,1,30951
2026-04-16T00:59:13,9.789655,-79.634926,-8.5,5.77,32.3,8,1.6,90.1,4.101,-4.2,0,1,30952
2026-04-16T00:59:42,9.790370,-79.634491,-7.7,5.40,24.5,8,1.6,89.9,4.100,-4.2,0,1,30953
2026-04-16T01:00:11,9.791099,-79.634010,3.3,6.23,31.3,8,1.6,89.9,4.100,-4.2,0,1,30954
2026-04-16T01:00:39,9.791830,-79.633621,8.2,5.77,28.2,8,1.6,89.9,4.101,-4.2,0,1,30955
2026-04-16T01:01:08,9.792521,-79.633209,14.6,6.98,24.1,8,1.6,90.2,4.100,-4.4,0,1,30956
2026-04-16T01:01:37,9.793235,-79.632729,12.4,5.81,27.1,8,1.6,89.7,4.100,-4.2,0,1,30957
2026-04-16T01:02:06,9.793919,-79.632240,8.2,5.32,30.3,8,1.6,89.7,4.097,-4.2,0,1,30958
2026-04-16T01:02:34,9.794674,-79.631851,10.9,6.39,25.6,8,1.6,89.9,4.100,-4.2,0,1,30959
2026-04-16T01:03:03,9.795459,-79.631401,15.5,6.61,34.0,8,1.6,89.9,4.100,-4.2,0,1,30960
2026-04-16T01:03:32,9.796188,-79.630974,14.9,6.33,25.3,8,1.6,89.7,4.100,-4.2,0,1,30961
2026-04-16T01:04:01,9.796890,-79.630569,18.2,6.22,35.3,8,1.6,89.9,4.099,-4.2,0,1,30962
2026-04-16T01:04:29,9.797604,-79.630180,24.8,6.24,32.5,8,1.7,89.6,4.099,-4.4,0,1,30963
2026-04-16T01:04:58,9.798337,-79.629776,29.2,5.73,31.2,8,1.6,90.1,4.099,-4.2,0,1,30964
2026-04-16T01:05:27,9.799053,-79.629326,28.4,5.98,31.7,8,1.6,89.6,4.099,-4.4,0,1,30965
2026-04-16T01:05:56,9.799788,-79.628899,30.1,7.37,39.9,7,1.8,89.6,4.100,-4.4,0,1,30966
2026-04-16T01:06:24,9.800473,-79.628471,30.2,6.03,36.4,8,1.6,89.6,4.100,-4.4,0,1,30967
2026-04-16T01:06:53,9.801200,-79.628036,30.2,6.25,30.6,8,1.6,90.1,4.096,-4.2,0,1,30968
2026-04-16T01:07:22,9.801937,-79.627617,32.4,6.85,32.5,7,1.8,89.4,4.104,-4.2,0,1,30969
2026-04-16T01:07:51,9.802564,-79.627144,25.4,6.63,33.4,8,1.6,89.4,4.100,-4.2,0,1,30970
2026-04-16T01:08:19,9.803360,-79.626701,22.4,6.33,30.2,8,1.6,89.7,4.097,-4.2,0,1,30971
2026-04-16T01:08:48,9.804047,-79.626297,19.8,6.28,27.4,8,1.6,89.9,4.097,-4.2,0,1,30972
2026-04-16T01:09:17,9.804727,-79.625809,31.2,5.52,31.0,8,1.5,89.7,4.097,-4.2,0,1,30973
2026-04-16T01:09:46,9.805437,-79.625427,24.2,7.00,33.1,7,1.7,89.4,4.096,-4.2,0,1,30974
2026-04-16T01:10:14,9.806140,-79.625038,21.0,6.30,24.5,7,1.7,89.4,4.097,-4.2,0,1,30975
2026-04-16T01:10:43,9.806838,-79.624634,14.9,5.33,27.8,7,1.7,89.9,4.097,-4.2,0,1,30976
2026-04-16T01:11:12,9.807588,-79.624252,13.4,6.11,23.9,7,1.7,89.4,4.097,-4.2,0,1,30977
2026-04-16T01:11:41,9.808248,-79.623779,11.6,7.48,41.6,7,1.7,89.6,4.097,-4.4,0,1,30978
2026-04-16T01:12:09,9.808977,-79.623398,5.9,6.11,24.9,7,1.7,89.4,4.096,-4.2,0,1,30979
2026-04-16T01:12:38,9.809645,-79.622978,1.8,6.00,31.3,7,1.7,89.6,4.096,-4.4,0,1,30980
2026-04-16T01:13:07,9.810302,-79.622566,-3.8,5.68,38.5,7,1.7,89.3,4.097,-4.2,0,1,30981
2026-04-16T01:13:36,9.810915,-79.622093,1.6,5.42,33.0,7,1.7,89.4,4.095,-4.2,0,1,30982
2026-04-16T01:14:04,9.811790,-79.621796,9.5,5.63,23.7,7,1.7,89.4,4.096,-4.2,0,1,30983
2026-04-16T01:14:33,9.812448,-79.621422,0.2,5.80,27.4,7,1.7,89.4,4.096,-4.2,0,1,30984
2026-04-16T01:15:02,9.813148,-79.621078,-2.0,4.91,20.1,7,1.7,89.3,4.095,-4.2,0,1,30985
2026-04-16T01:15:31,9.813817,-79.620598,-5.5,5.40,21.4,7,1.7,89.3,4.095,-4.2,0,1,30986
2026-04-16T01:15:59,9.814529,-79.620232,-0.8,6.08,32.5,7,1.7,89.3,4.095,-4.2,0,1,30987
2026-04-16T01:16:28,9.815260,-79.619904,9.6,5.12,37.4,7,1.7,89.7,4.093,-4.2,0,1,30988
2026-04-16T01:16:57,9.815980,-79.619514,16.5,5.86,29.5,7,1.7,89.1,4.095,-4.2,0,1,30989
2026-04-16T01:17:26,9.816669,-79.619156,18.5,5.75,21.9,7,1.7,89.3,4.094,-4.2,0,1,30990
2026-04-16T01:17:54,9.817286,-79.618759,15.8,5.07,47.9,7,1.7,89.4,4.095,-4.2,0,1,30991
2026-04-16T01:18:23,9.817922,-79.618340,15.9,6.17,28.1,6,1.9,89.3,4.093,-4.2,0,1,30992
2026-04-16T01:18:52,9.818686,-79.618019,13.9,6.34,22.2,6,1.9,89.0,4.095,-4.4,0,1,30993
2026-04-16T01:19:21,9.819226,-79.617523,9.6,6.08,44.3,6,1.9,89.0,4.095,-4.4,0,1,30994
2026-04-16T01:19:49,9.819919,-79.617142,8.8,5.16,22.1,7,1.6,88.8,4.094,-4.2,0,1,30995
2026-04-16T01:20:18,9.820593,-79.616768,9.1,5.59,22.3,6,1.9,89.3,4.089,-4.2,0,1,30996
2026-04-16T01:20:47,9.821186,-79.616371,8.0,4.92,33.2,6,1.9,89.0,4.097,-4.4,0,1,30997
2026-04-16T01:21:16,9.821863,-79.615921,14.6,5.33,34.7,6,1.9,89.3,4.096,-4.2,0,1,30998
2026-04-16T01:21:44,9.822603,-79.615616,22.2,5.94,33.7,6,1.9,89.0,4.093,-4.4,0,1,30999
2026-04-16T01:22:13,9.823360,-79.615265,41.2,6.48,26.6,6,1.9,89.3,4.095,-4.2,0,1,31000
2026-04-16T01:22:42,9.823953,-79.614853,48.6,4.05,31.6,6,1.9,89.0,4.097,-4.4,0,1,31001
2026-04-16T01:23:11,9.824685,-79.614449,44.8,4.94,22.8,6,1.9,89.0,4.093,-4.4,0,1,31002
2026-04-16T01:23:39,9.825406,-79.614014,37.0,6.27,32.7,6,1.9,89.0,4.091,-4.4,0,1,31003
2026-04-16T01:24:08,9.825908,-79.613617,0.5,3.07,20.9,6,1.9,89.1,4.091,-4.2,0,1,31004
2026-04-16T01:24:37,9.826256,-79.612816,-52.4,4.62,36.8,6,1.9,89.0,4.089,-4.4,0,1,31005
2026-04-16T01:25:06,9.826821,-79.612343,-66.8,4.25,41.8,6,1.8,89.0,4.091,-4.4,0,1,31006
2026-04-16T01:25:34,9.827406,-79.611900,-84.5,4.25,33.1,6,1.8,88.6,4.090,-4.2,0,1,31007
2026-04-16T01:26:03,9.828002,-79.611389,-102.5,3.56,54.4,6,1.8,89.0,4.093,-4.4,0,1,31008
2026-04-16T01:26:32,9.828638,-79.610863,-126.8,4.38,37.6,6,1.8,88.8,4.091,-4.2,0,1,31009
2026-04-16T01:27:01,9.829258,-79.610428,-136.6,5.12,28.5,6,1.8,88.8,4.091,-4.2,0,1,31010
2026-04-16T01:27:29,9.829938,-79.610039,-134.3,4.72,30.4,6,1.8,88.6,4.093,-4.2,0,1,31011
2026-04-16T01:27:58,9.830640,-79.609650,-144.6,2.93,34.8,6,1.8,89.0,4.093,-4.4,0,1,31012
2026-04-16T01:28:27,9.831376,-79.609268,-135.6,5.43,34.8,6,1.8,89.0,4.091,-4.4,0,1,31013
2026-04-16T01:28:56,9.832002,-79.608826,-142.9,3.72,35.2,6,1.8,88.8,4.091,-4.2,0,1,31014
2026-04-16T01:29:24,9.832758,-79.608452,-139.6,6.16,25.8,6,1.8,88.6,4.091,-4.2,0,1,31015
2026-04-16T01:29:53,9.833495,-79.608086,-135.1,3.88,22.3,5,3.4,88.8,4.090,-4.2,0,1,31016
2026-04-16T01:30:22,9.834200,-79.607651,-141.2,4.64,29.1,6,1.8,88.8,4.095,-4.2,0,1,31017
2026-04-16T01:30:51,9.834937,-79.607376,-134.2,5.73,37.5,6,1.8,88.8,4.089,-4.2,0,1,31018
2026-04-16T01:31:19,9.835658,-79.607063,-125.3,4.43,27.0,6,1.8,88.5,4.091,-3.7,0,1,31019
2026-04-16T01:31:48,9.836332,-79.606689,-129.8,6.81,28.3,6,1.8,89.0,4.090,-4.4,0,1,31020
2026-04-16T01:32:17,9.836986,-79.606331,-127.8,5.50,38.7,6,1.8,88.6,4.090,-4.2,0,1,31021
2026-04-16T01:32:46,9.837777,-79.606026,-103.1,5.68,30.8,7,1.7,88.6,4.090,-4.2,0,1,31022
2026-04-16T01:33:14,9.838473,-79.605659,-89.0,6.12,28.5,6,3.0,88.2,4.088,-3.7,0,1,31023
2026-04-16T01:33:43,9.839300,-79.605362,-79.9,5.91,25.2,6,3.0,88.6,4.086,-4.2,0,1,31024
2026-04-16T01:34:12,9.840052,-79.605011,-67.3,5.90,24.2,7,1.7,88.4,4.093,-4.0,0,1,31025
2026-04-16T01:34:41,9.840871,-79.604820,-34.7,6.65,17.2,7,1.7,88.6,4.090,-4.2,0,1,31026
2026-04-16T01:35:09,9.841692,-79.604500,-11.4,6.20,22.4,7,1.7,88.4,4.084,-4.0,0,1,31027
2026-04-16T01:35:38,9.842447,-79.604187,10.7,6.30,26.7,7,1.7,88.6,4.086,-4.2,0,1,31028
2026-04-16T01:36:07,9.843050,-79.603813,16.4,5.29,22.4,7,1.7,88.5,4.091,-3.7,0,1,31029
2026-04-16T01:36:36,9.843792,-79.603477,23.3,5.66,28.8,7,1.7,88.2,4.088,-3.7,0,1,31030
2026-04-16T01:37:04,9.844480,-79.603119,31.3,4.93,31.2,6,1.7,88.4,4.086,-4.0,0,1,31031
2026-04-16T01:37:33,9.845177,-79.602806,37.5,5.35,23.2,6,1.7,88.5,4.088,-3.7,0,1,31032
2026-04-16T01:38:02,9.845865,-79.602417,41.0,5.63,25.2,5,3.4,88.2,4.085,-3.7,0,1,31033
2026-04-16T01:38:31,9.846485,-79.601997,36.2,5.36,20.3,6,1.7,88.6,4.086,-4.2,0,1,31034
2026-04-16T01:38:59,9.847121,-79.601639,35.4,5.50,24.3,7,1.6,88.1,4.084,-4.0,0,1,31035
2026-04-16T01:39:28,9.847794,-79.601189,37.0,5.37,36.9,6,1.7,88.6,4.085,-4.2,0,1,31036
2026-04-16T01:39:57,9.848556,-79.600845,56.0,6.63,30.6,5,1.8,88.1,4.085,-4.0,0,1,31037
2026-04-16T01:40:26,9.849377,-79.600624,77.3,5.95,24.7,5,1.8,88.2,4.088,-3.7,0,1,31038
2026-04-16T01:40:54,9.850114,-79.600220,96.9,5.80,22.1,7,1.6,88.4,4.091,-4.0,0,1,31039
2026-04-16T01:41:23,9.850725,-79.599838,116.9,4.19,30.9,7,1.6,88.4,4.085,-4.0,0,1,31040
2026-04-16T01:41:52,9.851544,-79.599495,126.3,5.73,24.4,6,1.7,88.4,4.085,-4.0,0,1,31041
2026-04-16T01:42:21,9.852304,-79.599144,136.9,6.31,30.9,6,1.7,88.2,4.086,-3.7,0,1,31042
2026-04-16T01:42:49,9.852901,-79.598679,130.8,5.80,35.1,7,1.6,88.2,4.086,-3.7,0,1,31043
2026-04-16T01:43:18,9.853548,-79.598282,123.8,6.04,36.7,7,1.6,88.5,4.085,-3.7,0,1,31044
2026-04-16T01:43:47,9.854380,-79.597862,118.2,5.92,24.7,7,1.7,88.1,4.085,-4.0,0,1,31045
2026-04-16T01:44:16,9.854816,-79.597244,67.7,5.84,33.7,6,1.7,87.9,4.086,-3.7,0,1,31046
2026-04-16T01:44:44,9.855134,-79.596642,-5.8,5.04,30.4,7,1.6,88.1,4.086,-4.0,0,1,31047
2026-04-16T01:45:13,9.855721,-79.596207,-20.3,5.65,28.5,7,1.6,88.2,4.085,-3.7,0,1,31048
2026-04-16T01:45:42,9.856383,-79.595779,-26.0,6.52,25.0,7,1.6,88.1,4.085,-4.0,0,1,31049
2026-04-16T01:46:11,9.856980,-79.595299,-36.1,5.75,36.4,6,1.7,88.1,4.086,-4.0,0,1,31050
2026-04-16T01:46:39,9.857646,-79.594925,-40.0,5.42,38.9,6,1.7,88.2,4.085,-3.7,0,1,31051
2026-04-16T01:47:08,9.858381,-79.594444,-48.9,5.97,32.8,7,1.5,88.2,4.085,-3.7,0,1,31052
2026-04-16T01:47:37,9.858992,-79.594025,-58.6,6.32,31.9,8,1.5,87.9,4.085,-3.7,0,1,31053
2026-04-16T01:48:06,9.859652,-79.593674,-58.8,6.53,15.3,6,1.6,88.2,4.090,-3.7,0,1,31054
2026-04-16T01:48:34,9.860303,-79.593346,-53.8,5.12,31.1,6,1.6,88.4,4.085,-4.0,0,1,31055
2026-04-16T01:49:03,9.861010,-79.592934,-52.3,5.53,27.9,5,3.5,88.1,4.084,-4.0,0,1,31056
2026-04-16T01:49:32,9.861688,-79.592606,-42.9,4.56,15.7,6,1.6,87.9,4.088,-3.7,0,1,31057
2026-04-16T01:50:01,9.862348,-79.592133,-50.3,5.26,21.0,6,1.6,87.6,4.085,-4.0,0,1,31058
2026-04-16T01:50:29,9.862953,-79.591766,-63.2,5.73,30.8,7,1.5,87.9,4.082,-3.7,0,1,31059
2026-04-16T01:50:58,9.863635,-79.591354,-70.7,6.50,14.0,6,1.6,87.9,4.082,-3.7,0,1,31060
2026-04-16T01:51:27,9.864345,-79.591011,-71.7,6.37,29.2,6,1.6,87.8,4.084,-3.7,0,1,31061
2026-04-16T01:51:56,9.864912,-79.590515,-69.8,4.76,51.0,5,3.4,87.9,4.088,-3.7,0,1,31062
2026-04-16T01:52:24,9.865624,-79.590210,-72.3,6.61,31.9,5,3.4,88.2,4.082,-3.7,0,1,31063
2026-04-16T01:52:53,9.866220,-79.589760,-69.9,6.36,36.2,7,1.5,88.2,4.080,-3.7,0,1,31064
2026-04-16T01:53:22,9.866964,-79.589462,-61.3,6.76,13.9,7,1.5,87.6,4.082,-4.0,0,1,31065
2026-04-16T01:53:51,9.867679,-79.589066,-49.9,6.18,31.0,8,1.4,87.6,4.084,-4.0,0,1,31066
2026-04-16T01:54:19,9.868127,-79.588615,-52.6,4.19,49.4,7,1.5,87.9,4.082,-3.7,0,1,31067
2026-04-16T01:54:48,9.868810,-79.588188,-58.2,4.46,37.5,6,2.7,87.9,4.081,-3.7,0,1,31068
2026-04-16T01:55:17,9.869390,-79.587769,-53.8,6.47,31.9,7,2.7,87.5,4.086,-3.7,0,1,31069
2026-04-16T01:55:46,9.870163,-79.587433,-43.4,5.46,32.2,7,2.6,87.6,4.081,-4.0,0,1,31070
2026-04-16T01:56:14,9.870602,-79.587044,-46.5,5.96,35.9,7,1.5,87.6,4.079,-4.0,0,1,31071
2026-04-16T01:56:43,9.871251,-79.586548,-49.3,6.39,23.4,7,1.5,87.6,4.079,-4.0,0,1,31072
2026-04-16T01:57:12,9.871993,-79.586151,-56.2,6.17,24.8,7,1.5,87.6,4.084,-4.0,0,1,31073
2026-04-16T01:57:41,9.872740,-79.585808,-49.3,5.65,26.0,8,1.4,87.5,4.079,-3.7,0,1,31074
2026-04-16T01:58:09,9.873431,-79.585449,-43.7,6.31,28.5,7,1.5,87.5,4.077,-3.7,0,1,31075
2026-04-16T01:58:38,9.874149,-79.585098,-30.5,6.61,17.5,7,1.5,87.8,4.080,-3.7,0,1,31076
2026-04-16T01:59:07,9.875011,-79.584793,-25.5,6.19,21.2,7,1.5,87.6,4.084,-4.0,0,1,31077
2026-04-16T01:59:36,9.875486,-79.584267,-23.9,6.98,49.3,8,1.4,87.5,4.081,-3.7,0,1,31078
2026-04-16T02:00:04,9.876259,-79.583977,-21.2,5.55,38.2,6,2.6,87.5,4.081,-3.7,0,1,31079
2026-04-16T02:00:33,9.877182,-79.583664,-21.1,6.43,22.8,8,1.4,87.6,4.079,-4.0,0,1,31080
2026-04-16T02:01:02,9.877883,-79.583290,-20.4,6.61,30.2,7,1.5,87.6,4.080,-4.0,0,1,31081
2026-04-16T02:01:31,9.878409,-79.582756,-27.0,5.26,31.5,8,1.4,87.5,4.076,-3.7,0,1,31082
2026-04-16T02:01:59,9.878986,-79.582260,-25.8,6.39,36.2,7,2.5,87.2,4.079,-4.0,0,1,31083
2026-04-16T02:02:28,9.879608,-79.581757,-25.0,5.14,36.0,6,2.6,87.6,4.079,-4.0,0,1,31084
2026-04-16T02:02:57,9.880295,-79.581322,-23.7,6.51,39.5,8,1.3,87.6,4.079,-4.0,0,1,31085
2026-04-16T02:03:26,9.880696,-79.580719,-21.7,5.11,44.7,7,1.4,87.2,4.079,-4.0,0,1,31086
2026-04-16T02:03:54,9.881245,-79.580246,-9.1,4.93,43.7,8,1.3,87.4,4.079,-3.7,0,1,31087
2026-04-16T02:04:23,9.881869,-79.579803,6.6,6.20,36.0,7,1.4,87.5,4.080,-3.7,0,1,31088
2026-04-16T02:04:52,9.882321,-79.579079,26.3,5.08,58.5,8,1.3,87.1,4.076,-3.7,0,1,31089
2026-04-16T02:05:21,9.882549,-79.578407,29.4,5.28,64.9,8,1.3,87.5,4.079,-3.7,0,1,31090
2026-04-16T02:05:49,9.883071,-79.577805,26.4,5.01,57.3,8,1.3,87.4,4.079,-3.7,0,1,31091
2026-04-16T02:06:18,9.883600,-79.577148,15.4,4.88,45.9,7,2.4,87.5,4.079,-3.7,0,1,31092
2026-04-16T02:06:47,9.883925,-79.576530,34.5,6.03,61.6,8,2.1,87.4,4.079,-3.7,0,1,31093
2026-04-16T02:07:16,9.884097,-79.575813,32.3,5.90,66.4,9,1.2,87.1,4.077,-3.7,0,1,31094
2026-04-16T02:07:44,9.884501,-79.575134,22.0,6.59,76.2,9,1.2,87.1,4.079,-3.7,0,1,31095
2026-04-16T02:08:13,9.884853,-79.574409,25.8,5.21,73.3,8,2.1,87.4,4.080,-3.7,0,1,31096
2026-04-16T02:08:42,9.885117,-79.573654,34.5,5.85,80.1,8,1.2,87.2,4.079,-4.0,0,1,31097
2026-04-16T02:09:11,9.885225,-79.572952,52.9,6.30,81.3,8,2.1,87.1,4.079,-3.7,0,1,31098
2026-04-16T02:09:39,9.885294,-79.572151,50.9,6.90,86.2,7,2.9,87.5,4.077,-3.7,0,1,31099
2026-04-16T02:10:08,9.885377,-79.571358,38.0,7.01,92.0,9,1.2,87.4,4.077,-3.7,0,1,31100
2026-04-16T02:10:37,9.885532,-79.570549,50.6,6.28,92.9,8,2.1,86.9,4.075,-4.0,0,1,31101
2026-04-16T02:11:06,9.885695,-79.569817,62.8,5.89,90.0,8,2.1,87.1,4.079,-3.7,0,1,31102
2026-04-16T02:11:34,9.885569,-79.569000,57.0,5.97,93.6,8,2.1,87.1,4.077,-3.7,0,1,31103
2026-04-16T02:12:03,9.885420,-79.568115,53.2,6.58,87.0,7,2.2,87.2,4.075,-4.0,0,1,31104
2026-04-16T02:12:32,9.885440,-79.567329,54.6,6.44,83.3,8,2.1,86.8,4.073,-3.7,0,1,31105
2026-04-16T02:13:01,9.885377,-79.566483,53.6,6.06,83.2,8,2.0,87.1,4.073,-3.7,0,1,31106
2026-04-16T02:13:29,9.885240,-79.565651,52.6,6.39,103.3,8,2.1,87.1,4.073,-3.7,0,1,31107
2026-04-16T02:13:58,9.885294,-79.564850,56.6,6.11,98.4,9,1.4,87.2,4.074,-4.0,0,1,31108
2026-04-16T02:14:27,9.885279,-79.564095,60.4,6.05,99.4,8,1.5,87.1,4.073,-3.7,0,1,31109
2026-04-16T02:14:56,9.885254,-79.563293,63.0,5.60,89.3,9,1.5,86.8,4.075,-3.7,0,1,31110
2026-04-16T02:15:24,9.885181,-79.562523,58.6,5.84,84.1,9,1.5,87.1,4.075,-3.7,0,1,31111
2026-04-16T02:15:53,9.885092,-79.561745,60.7,5.36,96.5,9,1.5,87.1,4.075,-3.7,0,1,31112
2026-04-16T02:16:22,9.885097,-79.560982,69.7,6.09,84.7,9,1.5,86.6,4.075,-3.7,0,1,31113
2026-04-16T02:16:51,9.885016,-79.560158,45.8,6.05,88.9,8,1.5,86.8,4.075,-3.7,0,1,31114
2026-04-16T02:17:19,9.885014,-79.559349,44.0,6.32,98.9,9,1.0,87.4,4.073,-3.7,0,1,31115
2026-04-16T02:17:48,9.884935,-79.558563,49.6,5.32,102.5,8,1.5,86.9,4.075,-4.0,0,1,31116
2026-04-16T02:18:17,9.884955,-79.557762,48.5,5.75,88.7,9,1.5,86.5,4.071,-4.0,0,1,31117
2026-04-16T02:18:46,9.884942,-79.556938,44.9,5.85,91.3,9,1.5,86.9,4.074,-4.0,0,1,31118
2026-04-16T02:19:14,9.884932,-79.556168,54.6,5.46,82.6,9,1.0,86.5,4.074,-4.0,0,1,31119
2026-04-16T02:19:43,9.884931,-79.555374,59.9,6.05,86.9,9,1.5,86.8,4.071,-3.7,0,1,31120
2026-04-16T02:20:12,9.884892,-79.554512,46.9,6.11,104.6,8,1.5,86.9,4.073,-4.0,0,1,31121
2026-04-16T02:20:41,9.884912,-79.553673,38.2,5.96,92.6,9,1.5,86.6,4.075,-3.7,0,1,31122
2026-04-16T02:21:10,9.884871,-79.552910,43.7,5.84,84.0,9,1.5,86.5,4.076,-4.0,0,1,31123
2026-04-16T02:21:39,9.884822,-79.552101,35.8,6.21,107.9,8,1.5,86.6,4.071,2306.5,0,1,31124
2026-04-16T02:22:08,9.884829,-79.551315,53.7,6.41,66.3,9,1.5,86.3,4.073,-3.7,0,1,31125
2026-04-16T02:22:37,9.884808,-79.550453,58.9,5.35,89.7,9,1.0,86.6,4.075,-3.7,0,1,31126
2026-04-16T02:23:06,9.884686,-79.549683,64.4,5.35,92.7,10,1.0,86.6,4.073,-3.7,0,1,31127
2026-04-16T02:23:34,9.884662,-79.548874,68.8,6.20,94.7,8,1.5,86.6,4.071,-3.7,0,1,31128
2026-04-16T02:24:03,9.884649,-79.548065,75.6,6.47,84.5,9,1.5,86.8,4.068,-3.7,0,1,31129
2026-04-16T02:24:32,9.884654,-79.547234,74.2,6.49,82.6,8,1.5,86.5,4.070,-4.0,0,1,31130
2026-04-16T02:25:01,9.884609,-79.546410,66.8,6.34,85.7,8,1.5,86.5,4.073,-4.0,0,1,31131
2026-04-16T02:25:29,9.884575,-79.545631,70.4,5.98,99.5,9,1.5,86.2,4.071,-3.7,0,1,31132
2026-04-16T02:25:58,9.884582,-79.544830,76.5,5.62,94.7,8,2.3,86.8,4.070,-3.7,0,1,31133
2026-04-16T02:26:27,9.884662,-79.544022,93.5,5.97,100.6,9,1.5,86.5,4.071,-4.0,0,1,31134
2026-04-16T02:26:56,9.884639,-79.543236,81.4,6.10,94.3,9,1.5,86.5,4.071,-4.0,0,1,31135
2026-04-16T02:27:24,9.884557,-79.542465,71.1,5.18,96.5,9,1.5,86.3,4.071,-3.7,0,1,31136
2026-04-16T02:27:53,9.884529,-79.541687,66.2,6.18,99.6,8,1.5,86.6,4.069,-3.7,0,1,31137
2026-04-16T02:28:22,9.884477,-79.540924,61.4,5.56,110.3,9,1.5,86.3,4.070,-3.7,0,1,31138
2026-04-16T02:28:51,9.884403,-79.540138,48.5,5.97,90.6,9,1.5,86.5,4.071,-4.0,0,1,31139
2026-04-16T02:29:19,9.884352,-79.539398,50.5,5.79,93.3,9,1.5,86.3,4.069,-3.7,0,1,31140
2026-04-16T02:29:48,9.884295,-79.538605,48.3,6.34,88.4,9,1.5,86.3,4.068,-3.7,0,1,31141
2026-04-16T02:30:17,9.884152,-79.537781,48.9,5.68,99.7,8,2.4,86.2,4.068,-3.7,0,1,31142
2026-04-16T02:30:46,9.884113,-79.536957,50.5,6.07,90.2,8,2.4,86.2,4.070,-3.7,0,1,31143
2026-04-16T02:31:14,9.884102,-79.536186,48.4,4.69,81.8,9,1.5,86.2,4.070,-3.7,0,1,31144
2026-04-16T02:31:43,9.884097,-79.535378,48.4,5.61,90.8,8,2.4,86.5,4.069,-4.0,0,1,31145
2026-04-16T02:32:12,9.883882,-79.534607,46.2,6.08,104.4,8,2.4,86.2,4.070,-3.7,0,1,31146
2026-04-16T02:32:41,9.883910,-79.533752,46.3,6.21,93.5,8,2.4,86.1,4.070,-4.0,0,1,31147
2026-04-16T02:33:09,9.883955,-79.533012,37.4,5.49,94.8,8,3.0,85.9,4.066,-3.7,0,1,31148
2026-04-16T02:33:38,9.884028,-79.532219,31.0,5.13,79.3,8,2.4,86.2,4.069,-3.7,0,1,31149
2026-04-16T02:34:07,9.883997,-79.531441,21.8,5.80,84.9,8,2.4,86.2,4.069,-3.7,0,1,31150
2026-04-16T02:34:36,9.883960,-79.530624,14.8,5.89,93.1,8,2.4,86.2,4.068,2295.1,0,1,31151
2026-04-16T02:35:04,9.883883,-79.529884,23.6,5.92,80.5,8,2.4,85.9,4.068,-3.7,0,1,31152
2026-04-16T02:35:33,9.883865,-79.529083,31.2,5.74,88.2,8,2.4,86.2,4.066,-3.7,0,1,31153
2026-04-16T02:36:02,9.883907,-79.528297,38.0,6.18,75.5,8,3.1,85.9,4.073,-3.7,0,1,31154
2026-04-16T02:36:31,9.883882,-79.527466,37.4,5.75,97.9,8,2.5,85.9,4.066,-3.7,0,1,31155
2026-04-16T02:36:59,9.883819,-79.526665,39.0,6.15,98.3,8,2.5,85.9,4.068,-3.7,0,1,31156
2026-04-16T02:37:28,9.883752,-79.525841,39.7,5.33,85.2,8,2.5,85.9,4.068,-3.7,0,1,31157
2026-04-16T02:37:57,9.883707,-79.525063,43.5,4.90,97.5,8,2.5,85.8,4.066,-4.0,0,1,31158
2026-04-16T02:38:26,9.883683,-79.524208,48.1,5.77,81.3,8,2.5,85.9,4.066,-3.7,0,1,31159
2026-04-16T02:38:54,9.883612,-79.523415,47.1,5.49,92.4,8,2.5,86.2,4.066,-3.7,0,1,31160
2026-04-16T02:39:23,9.883506,-79.522591,46.4,6.50,105.7,8,2.5,86.1,4.066,-4.0,0,1,31161
2026-04-16T02:39:52,9.883462,-79.521774,40.2,6.56,111.5,8,2.5,85.8,4.065,-4.0,0,1,31162
2026-04-16T02:40:21,9.883302,-79.520966,19.6,6.21,106.6,8,2.4,85.8,4.068,-4.0,0,1,31163
2026-04-16T02:40:49,9.883502,-79.520241,10.2,6.12,91.3,8,3.2,85.8,4.066,-4.0,0,1,31164
2026-04-16T02:41:18,9.883406,-79.519455,6.0,6.23,74.7,8,2.4,85.8,4.066,-4.0,0,1,31165
2026-04-16T02:41:47,9.883317,-79.518631,3.1,5.69,105.0,8,2.4,85.8,4.065,-4.0,0,1,31166
2026-04-16T02:42:16,9.883183,-79.517792,9.9,6.58,96.6,8,2.4,85.6,4.065,-3.7,0,1,31167
2026-04-16T02:42:44,9.883264,-79.516983,12.5,5.84,103.1,8,2.4,85.9,4.065,-3.7,0,1,31168
2026-04-16T02:43:13,9.883308,-79.516174,17.9,5.78,97.4,8,2.4,85.6,4.064,-3.7,0,1,31169
2026-04-16T02:43:42,9.883253,-79.515350,14.0,6.14,85.5,7,2.7,85.9,4.065,-3.7,0,1,31170
2026-04-16T02:44:11,9.883353,-79.514557,18.7,6.68,77.8,7,2.7,85.9,4.065,-3.7,0,1,31171
2026-04-16T02:44:39,9.882896,-79.513710,-6.8,6.27,98.8,8,2.0,85.9,4.061,-3.7,0,1,31172
2026-04-16T02:45:08,9.882758,-79.512886,-13.0,5.81,93.2,8,2.0,85.8,4.064,-4.0,0,1,31173
2026-04-16T02:45:37,9.882627,-79.512093,-16.1,5.44,80.8,8,2.0,85.9,4.064,-3.7,0,1,31174
2026-04-16T02:46:06,9.882484,-79.511269,-29.9,6.90,110.0,8,2.0,85.8,4.064,-4.0,0,1,31175
2026-04-16T02:46:34,9.882464,-79.510468,-35.9,8.16,97.6,8,2.0,85.6,4.065,-3.7,0,1,31176
2026-04-16T02:47:03,9.882423,-79.509659,-41.1,5.82,89.9,8,2.3,85.8,4.064,-4.0,0,1,31177
2026-04-16T02:47:32,9.882504,-79.508797,-38.8,6.55,81.7,8,2.0,85.5,4.062,-3.7,0,1,31178
2026-04-16T02:48:01,9.882336,-79.508018,-35.9,6.27,94.8,9,1.7,85.5,4.061,-3.7,0,1,31179
2026-04-16T02:48:29,9.882336,-79.507202,-34.6,5.29,90.9,9,1.7,85.5,4.062,-3.7,0,1,31180
2026-04-16T02:48:58,9.882223,-79.506371,-39.1,7.04,105.8,9,1.7,85.6,4.062,-3.7,0,1,31181
2026-04-16T02:49:27,9.882172,-79.505569,-39.6,5.40,86.1,8,1.9,85.5,4.061,-3.7,0,1,31182
2026-04-16T02:49:56,9.882163,-79.504715,-33.5,5.77,90.8,9,1.7,85.8,4.060,-4.0,0,1,31183
2026-04-16T02:50:24,9.882147,-79.503914,-32.1,5.78,105.8,9,1.7,85.5,4.062,-3.7,0,1,31184
2026-04-16T02:50:53,9.882132,-79.503075,-33.4,6.20,99.3,9,1.7,85.9,4.060,-3.7,0,1,31185
2026-04-16T02:51:22,9.882163,-79.502213,-29.3,6.27,91.9,8,1.9,85.5,4.062,-3.7,0,1,31186
2026-04-16T02:51:51,9.882088,-79.501396,-33.6,6.69,78.4,8,1.9,85.2,4.062,-3.7,0,1,31187
2026-04-16T02:52:19,9.882011,-79.500595,-31.6,5.97,98.9,8,1.9,85.3,4.060,-4.0,0,1,31188
2026-04-16T02:52:48,9.882065,-79.499748,-26.3,5.14,111.2,8,1.9,85.3,4.061,-4.0,0,1,31189
2026-04-16T02:53:17,9.882034,-79.498932,-33.4,5.23,109.2,7,2.2,85.3,4.061,-4.0,0,1,31190
2026-04-16T02:53:46,9.881885,-79.498154,-36.8,6.51,83.9,8,1.8,85.2,4.060,-3.7,0,1,31191
2026-04-16T02:54:14,9.881929,-79.497322,-23.7,4.91,94.7,7,2.2,85.5,4.060,-3.7,0,1,31192
2026-04-16T02:54:43,9.881900,-79.496475,-21.3,7.08,86.6,7,2.1,85.5,4.062,-3.7,0,1,31193
2026-04-16T02:55:12,9.881848,-79.495659,-25.5,5.60,94.0,7,2.1,85.3,4.062,-4.0,0,1,31194
2026-04-16T02:55:41,9.881854,-79.494820,-29.6,6.18,107.0,7,2.1,85.1,4.060,-3.7,0,1,31195
2026-04-16T02:56:09,9.881809,-79.494064,-37.8,6.35,94.7,8,1.4,85.1,4.060,-3.7,0,1,31196
2026-04-16T02:56:38,9.881891,-79.493233,-36.0,6.93,96.9,7,2.1,85.3,4.059,-4.0,0,1,31197
2026-04-16T02:57:07,9.881925,-79.492355,-31.5,6.03,97.4,7,2.0,85.2,4.060,-3.7,0,1,31198
2026-04-16T02:57:36,9.881898,-79.491562,-30.1,6.41,75.4,9,1.3,85.2,4.061,-3.7,0,1,31199
2026-04-16T02:58:04,9.881846,-79.490753,-32.4,6.25,92.2,8,1.4,85.2,4.059,-3.7,0,1,31200
2026-04-16T02:58:33,9.881806,-79.489952,-36.2,5.62,93.4,8,1.4,85.2,4.059,-3.7,0,1,31201
2026-04-16T02:59:02,9.881826,-79.489120,-42.2,6.17,82.0,7,2.0,85.1,4.059,-3.7,0,1,31202
2026-04-16T02:59:31,9.881804,-79.488266,-42.4,6.96,91.8,9,1.3,85.1,4.057,-3.7,0,1,31203
2026-04-16T02:59:59,9.881733,-79.487473,-36.0,6.54,100.4,8,1.4,85.1,4.061,-3.7,0,1,31204
2026-04-16T03:00:28,9.881595,-79.486671,-20.0,5.86,76.8,8,1.8,85.3,4.059,-4.0,0,1,31205
2026-04-16T03:00:57,9.881481,-79.485863,-20.2,6.18,100.4,9,1.3,85.2,4.060,-3.7,0,1,31206
2026-04-16T03:01:26,9.881392,-79.485008,-16.9,6.34,96.8,8,1.7,84.9,4.059,-4.0,0,1,31207
2026-04-16T03:01:54,9.881291,-79.484238,-14.2,5.56,100.3,8,1.4,84.9,4.057,-4.0,0,1,31208
2026-04-16T03:02:23,9.881302,-79.483398,-15.5,6.34,98.7,8,1.4,85.2,4.057,-3.7,0,1,31209
2026-04-16T03:02:52,9.881365,-79.482597,-21.7,6.11,97.6,9,1.3,84.9,4.059,-4.0,0,1,31210
2026-04-16T03:03:21,9.881348,-79.481766,-20.7,6.09,91.2,9,1.3,84.6,4.057,-4.0,0,1,31211
2026-04-16T03:03:49,9.881292,-79.480957,-7.6,6.09,83.9,8,1.4,85.2,4.059,-3.7,0,1,31212
2026-04-16T03:04:18,9.881227,-79.480125,1.7,6.31,92.9,9,1.3,85.1,4.059,-3.7,0,1,31213
2026-04-16T03:04:47,9.881151,-79.479309,1.7,6.77,92.4,7,1.8,84.8,4.061,-3.7,0,1,31214
2026-04-16T03:05:16,9.881069,-79.478462,12.4,6.47,96.7,9,1.3,85.1,4.056,2264.5,0,1,31215
2026-04-16T03:05:44,9.881046,-79.477661,6.4,5.80,99.5,7,1.9,84.8,4.056,-3.7,0,1,31216
2026-04-16T03:06:13,9.880979,-79.476860,0.4,5.85,95.0,9,1.3,84.9,4.059,-4.0,0,1,31217
2026-04-16T03:06:42,9.880980,-79.476028,5.5,5.86,92.4,7,1.9,84.8,4.057,-3.7,0,1,31218
2026-04-16T03:07:11,9.880853,-79.475182,3.8,6.71,82.8,6,2.0,84.6,4.055,-4.0,0,1,31219
2026-04-16T03:07:39,9.880788,-79.474403,1.4,6.07,103.0,7,1.9,84.6,4.059,-4.0,0,1,31220
2026-04-16T03:08:08,9.880813,-79.473541,7.6,6.61,86.3,8,1.4,84.9,4.057,-4.0,0,1,31221
2026-04-16T03:08:37,9.880754,-79.472725,10.7,6.03,94.0,8,1.7,84.5,4.057,-3.7,0,1,31222
2026-04-16T03:09:06,9.880688,-79.471901,4.7,6.12,91.8,7,1.7,85.1,4.056,-3.7,0,1,31223
2026-04-16T03:09:34,9.880622,-79.471100,2.7,6.10,117.4,6,2.8,85.1,4.056,-3.7,0,1,31224
2026-04-16T03:10:03,9.880533,-79.470268,4.9,5.93,109.9,6,2.8,84.6,4.054,-4.0,0,1,31225
2026-04-16T03:10:32,9.880507,-79.469444,3.8,6.10,85.2,8,1.6,84.8,4.059,-3.7,0,1,31226
2026-04-16T03:11:01,9.880424,-79.468681,1.7,6.60,94.4,6,2.8,84.5,4.059,-3.7,0,1,31227
2026-04-16T03:11:29,9.880464,-79.467888,2.0,6.36,81.0,8,1.6,84.6,4.052,-4.0,0,1,31228
2026-04-16T03:11:58,9.880459,-79.467064,-4.4,6.15,86.8,7,1.6,84.8,4.050,-3.7,0,1,31229
2026-04-16T03:12:27,9.880464,-79.466187,-5.3,6.00,102.2,7,1.6,84.8,4.060,-3.7,0,1,31230
2026-04-16T03:12:56,9.880382,-79.465378,-5.0,6.14,115.1,8,1.6,84.3,4.055,-3.7,0,1,31231
2026-04-16T03:13:24,9.880310,-79.464539,1.0,6.08,89.9,8,1.5,84.8,4.055,-3.7,0,1,31232
2026-04-16T03:13:53,9.880286,-79.463684,3.7,6.78,85.6,6,1.9,84.8,4.054,-3.7,0,1,31233
2026-04-16T03:14:22,9.880271,-79.462807,13.2,5.98,100.5,9,1.3,84.6,4.059,-4.0,0,1,31234
2026-04-16T03:14:51,9.880213,-79.461998,13.0,5.42,88.9,8,1.5,84.5,4.052,-3.7,0,1,31235
2026-04-16T03:15:19,9.880211,-79.461174,14.4,6.96,94.5,9,1.2,84.5,4.051,-3.7,0,1,31236
2026-04-16T03:15:48,9.880175,-79.460350,16.2,5.70,89.6,9,1.2,84.6,4.052,-4.0,0,1,31237
2026-04-16T03:16:17,9.880115,-79.459534,13.1,5.21,109.6,8,1.3,84.5,4.052,-3.7,0,1,31238
2026-04-16T03:16:46,9.880058,-79.458717,16.4,5.93,97.3,7,1.5,84.6,4.054,-4.0,0,1,31239
2026-04-16T03:17:14,9.880005,-79.457886,16.8,5.94,91.6,9,1.2,84.3,4.051,-3.7,0,1,31240
2026-04-16T03:17:43,9.879985,-79.457039,18.4,6.04,99.1,9,1.2,84.6,4.051,-4.0,0,1,31241
2026-04-16T03:18:12,9.879972,-79.456169,21.3,6.70,90.4,8,1.3,84.5,4.050,-3.7,0,1,31242
2026-04-16T03:18:41,9.879951,-79.455330,26.0,6.12,90.5,9,1.2,84.5,4.052,-3.7,0,1,31243
2026-04-16T03:19:09,9.879948,-79.454536,27.0,6.30,88.3,9,1.2,84.3,4.052,-3.7,0,1,31244
2026-04-16T03:19:38,9.879932,-79.453690,31.3,6.67,94.8,9,1.2,84.5,4.052,-3.7,0,1,31245
2026-04-16T03:20:07,9.879878,-79.452850,38.3,6.17,91.9,7,1.5,84.3,4.052,-3.7,0,1,31246
2026-04-16T03:20:36,9.879840,-79.452080,20.6,5.46,108.5,9,1.2,84.2,4.049,-4.4,0,1,31247
2026-04-16T03:21:04,9.879779,-79.451286,16.9,6.68,98.3,10,1.2,84.2,4.050,-4.4,0,1,31248
2026-04-16T03:21:33,9.879706,-79.450485,14.5,6.48,93.9,10,1.2,84.5,4.051,-3.7,0,1,31249
2026-04-16T03:22:02,9.879662,-79.449722,8.3,5.69,80.3,10,1.2,84.0,4.052,-4.4,0,1,31250
2026-04-16T03:22:31,9.879531,-79.448914,3.0,5.54,90.6,10,1.2,83.8,4.051,-4.4,0,1,31251
2026-04-16T03:22:59,9.879368,-79.448189,-7.0,5.02,74.2,10,1.2,83.8,4.048,-4.4,0,1,31252
2026-04-16T03:23:28,9.879340,-79.447456,-9.2,5.68,90.6,10,1.2,84.5,4.050,-3.7,0,1,31253
2026-04-16T03:23:57,9.879313,-79.446663,-3.0,5.69,97.8,10,1.2,83.8,4.055,-4.4,0,1,31254
2026-04-16T03:24:26,9.879222,-79.445854,-3.6,6.21,104.9,9,1.4,83.8,4.050,-4.4,0,1,31255
2026-04-16T03:24:54,9.879227,-79.445076,1.5,4.93,76.3,10,1.2,84.2,4.051,-4.4,0,1,31256
2026-04-16T03:25:23,9.879165,-79.444244,3.6,5.92,81.8,10,1.2,84.6,4.051,-4.0,0,1,31257
2026-04-16T03:25:52,9.879100,-79.443466,-1.9,6.39,96.1,10,1.2,84.2,4.052,-4.4,0,1,31258
2026-04-16T03:26:21,9.879088,-79.442703,-9.2,5.23,103.1,11,1.2,83.5,4.050,-4.4,0,1,31259
2026-04-16T03:26:49,9.879033,-79.441872,-6.3,5.18,96.2,11,1.2,83.8,4.051,-4.4,0,1,31260
2026-04-16T03:27:18,9.879026,-79.441040,-3.4,6.36,101.9,11,1.2,84.2,4.050,-4.4,0,1,31261
2026-04-16T03:27:47,9.878936,-79.440231,-5.9,7.88,80.8,11,1.1,83.8,4.051,-4.4,0,1,31262
2026-04-16T03:28:16,9.878880,-79.439377,-8.2,6.26,79.2,11,1.1,83.5,4.048,-4.4,0,1,31263
2026-04-16T03:28:44,9.878830,-79.438606,-8.5,4.55,85.3,10,1.5,83.8,4.048,-4.4,0,1,31264
2026-04-16T03:29:13,9.878736,-79.437782,-7.6,5.77,89.8,10,1.5,84.2,4.049,-4.4,0,1,31265
2026-04-16T03:29:42,9.878620,-79.436943,-11.5,5.50,96.4,11,1.1,83.7,4.049,-4.4,0,1,31266
2026-04-16T03:30:11,9.878572,-79.436134,-10.5,5.56,102.9,10,1.1,84.0,4.048,-4.4,0,1,31267
2026-04-16T03:30:39,9.878650,-79.435364,-5.0,5.43,79.8,10,1.5,84.0,4.046,-4.4,0,1,31268
2026-04-16T03:31:08,9.878638,-79.434532,-5.3,7.10,86.4,9,1.7,83.8,4.048,-4.4,0,1,31269
2026-04-16T03:31:37,9.878554,-79.433708,-3.4,4.93,100.8,10,1.5,84.2,4.051,-4.4,0,1,31270
2026-04-16T03:32:06,9.878598,-79.432869,-2.8,5.80,82.9,10,1.5,83.8,4.050,-4.4,0,1,31271
2026-04-16T03:32:34,9.878592,-79.432053,4.0,6.00,90.9,10,1.5,83.7,4.049,-4.4,0,1,31272
2026-04-16T03:33:03,9.878514,-79.431175,0.6,7.24,94.6,10,1.2,83.8,4.048,-4.4,0,1,31273
2026-04-16T03:33:32,9.878474,-79.430344,1.7,6.87,91.2,11,1.1,83.8,4.050,-4.4,0,1,31274
2026-04-16T03:34:01,9.878469,-79.429520,1.9,6.07,96.6,11,1.1,83.7,4.050,-4.4,0,1,31275
2026-04-16T03:34:29,9.878500,-79.428680,7.5,6.50,88.2,11,1.1,83.7,4.045,2227.9,0,1,31276
2026-04-16T03:34:58,9.878398,-79.427856,4.6,7.02,88.9,11,1.1,84.0,4.045,-4.4,0,1,31277
2026-04-16T03:35:27,9.878353,-79.426971,11.4,6.63,80.4,11,1.1,83.8,4.051,-4.4,0,1,31278
2026-04-16T03:35:56,9.878342,-79.426102,15.2,6.24,90.3,10,1.1,83.7,4.045,-4.4,0,1,31279
2026-04-16T03:36:24,9.878340,-79.425301,14.2,6.77,74.6,11,1.1,83.7,4.045,-4.4,0,1,31280
2026-04-16T03:36:53,9.878373,-79.424492,15.8,7.13,94.3,11,1.1,84.0,4.044,-4.4,0,1,31281
2026-04-16T03:37:22,9.878306,-79.423592,18.5,6.42,96.6,10,1.1,83.7,4.044,-4.4,0,1,31282
2026-04-16T03:37:51,9.878201,-79.422783,13.7,6.33,80.7,11,1.1,83.2,4.046,-4.2,0,1,31283
2026-04-16T03:38:19,9.878176,-79.421951,28.2,5.70,104.7,11,1.1,83.5,4.043,-4.4,0,1,31284
2026-04-16T03:38:48,9.878106,-79.421074,24.4,5.34,93.1,11,1.1,83.8,4.046,-4.4,0,1,31285
2026-04-16T03:39:17,9.878036,-79.420204,10.6,6.21,82.6,11,1.1,83.4,4.045,-4.4,0,1,31286
2026-04-16T03:39:46,9.877968,-79.419342,8.3,5.58,88.6,12,1.1,83.5,4.045,-4.4,0,1,31287
2026-04-16T03:40:14,9.877883,-79.418495,15.3,5.84,94.2,12,1.1,83.5,4.044,-4.4,0,1,31288
2026-04-16T03:40:43,9.877832,-79.417641,11.7,6.43,102.9,12,1.1,83.8,4.045,-4.4,0,1,31289
2026-04-16T03:41:12,9.877794,-79.416763,8.5,6.21,98.3,12,1.1,83.7,4.051,-4.4,0,1,31290
2026-04-16T03:41:41,9.877789,-79.415894,11.4,6.02,81.0,12,1.1,83.0,4.045,-4.4,0,1,31291
2026-04-16T03:42:09,9.877689,-79.415070,8.9,4.16,94.1,12,1.1,83.5,4.044,-4.4,0,1,31292
2026-04-16T03:42:38,9.877720,-79.414169,5.3,6.87,77.4,11,1.4,83.5,4.044,-4.4,0,1,31293
2026-04-16T03:43:07,9.877645,-79.413338,4.7,7.19,90.4,11,1.3,83.2,4.048,-4.2,0,1,31294
2026-04-16T03:43:36,9.877702,-79.412437,7.0,6.47,88.1,12,1.1,83.4,4.043,-4.4,0,1,31295
2026-04-16T03:44:04,9.877645,-79.411644,11.1,5.54,91.5,12,1.1,83.2,4.041,-4.2,0,1,31296
2026-04-16T03:44:33,9.877599,-79.410774,12.9,5.92,87.0,12,1.0,83.4,4.043,-4.4,0,1,31297
2026-04-16T03:45:02,9.877619,-79.409920,15.8,6.66,83.8,10,1.4,83.5,4.043,-4.4,0,1,31298
2026-04-16T03:45:31,9.877611,-79.409012,21.0,6.35,95.7,11,1.1,83.2,4.045,-4.2,0,1,31299
2026-04-16T03:45:59,9.877620,-79.408180,21.1,6.31,83.0,10,1.2,83.2,4.036,-4.2,0,1,31300
2026-04-16T03:46:28,9.877611,-79.407280,17.8,5.69,99.5,10,1.3,83.4,4.044,-4.4,0,1,31301
2026-04-16T03:46:57,9.877523,-79.406380,15.4,6.48,100.3,10,1.3,83.0,4.048,-4.4,0,1,31302
2026-04-16T03:47:26,9.877433,-79.405464,5.2,7.08,86.7,10,1.3,83.0,4.044,-4.4,0,1,31303
2026-04-16T03:47:54,9.877355,-79.404625,15.8,6.46,99.8,11,1.0,83.0,4.040,-4.4,0,1,31304
2026-04-16T03:48:23,9.877291,-79.403740,14.1,7.38,102.9,10,1.3,83.4,4.041,-4.4,0,1,31305
2026-04-16T03:48:52,9.877234,-79.402840,11.1,6.23,90.1,10,1.3,83.2,4.045,-4.2,0,1,31306
2026-04-16T03:49:21,9.877125,-79.402000,15.0,6.47,100.3,9,1.4,83.0,4.043,-4.4,0,1,31307
2026-04-16T03:49:49,9.877054,-79.401085,4.8,6.41,77.5,11,1.0,83.2,4.040,-4.2,0,1,31308
2026-04-16T03:50:18,9.877054,-79.400223,10.0,6.46,95.9,11,1.0,83.4,4.044,-4.4,0,1,31309
2026-04-16T03:50:47,9.876957,-79.399323,7.9,7.75,98.6,10,1.3,83.0,4.046,-4.4,0,1,31310
2026-04-16T03:51:16,9.876989,-79.398422,9.0,7.54,89.2,11,1.3,83.2,4.041,-4.2,0,1,31311
2026-04-16T03:51:44,9.876980,-79.397591,11.2,5.07,96.8,10,1.1,83.2,4.040,-4.2,0,1,31312
2026-04-16T03:52:13,9.876996,-79.396713,8.3,6.52,92.3,11,1.0,83.2,4.040,-4.2,0,1,31313
2026-04-16T03:52:42,9.877080,-79.395828,5.3,6.72,101.2,9,1.9,82.7,4.035,-4.4,0,1,31314
2026-04-16T03:53:11,9.877043,-79.394943,-2.3,6.34,98.9,10,1.3,83.0,4.040,-4.4,0,1,31315
2026-04-16T03:53:39,9.877013,-79.394089,-3.5,6.80,84.4,10,1.3,82.9,4.040,-4.4,0,1,31316
2026-04-16T03:54:08,9.876904,-79.393211,4.7,7.10,87.9,10,1.3,83.0,4.041,-4.4,0,1,31317
2026-04-16T03:54:37,9.876882,-79.392334,8.7,6.79,84.3,10,1.3,82.9,4.045,-4.4,0,1,31318
2026-04-16T03:55:06,9.876856,-79.391472,12.8,6.66,119.6,10,1.3,82.9,4.040,-4.4,0,1,31319
2026-04-16T03:55:34,9.876698,-79.390656,11.2,5.94,89.7,10,1.3,82.5,4.037,-4.4,0,1,31320
2026-04-16T03:56:03,9.876595,-79.389809,10.4,5.86,97.2,10,1.3,83.0,4.040,-4.4,0,1,31321
2026-04-16T03:56:32,9.876456,-79.388947,7.3,6.62,92.2,9,1.8,82.9,4.045,-4.4,0,1,31322
2026-04-16T03:57:01,9.876422,-79.388092,0.6,6.28,69.1,10,1.3,82.7,4.037,-4.4,0,1,31323
2026-04-16T03:57:29,9.876414,-79.387222,-9.9,6.38,104.9,10,1.3,82.9,4.039,-4.4,0,1,31324
2026-04-16T03:57:58,9.876348,-79.386375,-7.7,6.24,94.0,10,1.3,83.0,4.039,-4.4,0,1,31325
2026-04-16T03:58:27,9.876248,-79.385506,-7.3,5.22,71.9,10,1.3,82.7,4.046,-4.4,0,1,31326
2026-04-16T03:58:56,9.876157,-79.384644,-5.7,6.46,99.0,9,1.3,82.7,4.039,-4.4,0,1,31327
2026-04-16T03:59:24,9.876075,-79.383804,-11.4,7.19,93.8,10,1.3,82.7,4.043,-4.4,0,1,31328
2026-04-16T03:59:53,9.875993,-79.382957,-12.1,6.08,103.7,9,1.8,82.7,4.039,-4.4,0,1,31329
2026-04-16T04:00:22,9.875968,-79.382065,-9.3,6.96,82.6,8,1.9,82.7,4.045,-4.4,0,1,31330
2026-04-16T04:00:51,9.876020,-79.381172,-6.4,5.01,90.1,8,1.9,82.7,4.037,-4.4,0,1,31331
2026-04-16T04:01:19,9.876041,-79.380348,-3.1,6.54,84.5,7,2.0,82.7,4.035,-4.4,0,1,31332
2026-04-16T04:01:48,9.876006,-79.379478,-4.2,5.80,87.7,7,2.0,82.4,4.039,-4.4,0,1,31333
2026-04-16T04:02:17,9.875941,-79.378571,-6.4,6.08,90.2,8,1.8,82.5,4.044,-4.4,0,1,31334
2026-04-16T04:02:46,9.875963,-79.377693,1.4,6.03,102.9,9,1.7,82.4,4.036,-4.4,0,1,31335
2026-04-16T04:03:14,9.875921,-79.376808,3.3,6.86,102.7,9,1.8,82.5,4.036,-4.4,0,1,31336
2026-04-16T04:03:43,9.875875,-79.375969,2.1,6.47,98.7,10,1.7,82.5,4.036,-4.4,0,1,31337
2026-04-16T04:04:12,9.875880,-79.375076,6.5,6.38,97.2,10,1.7,82.7,4.043,-4.4,0,1,31338
2026-04-16T04:04:41,9.875772,-79.374199,5.1,6.26,91.0,9,1.8,82.4,4.037,-4.4,0,1,31339
2026-04-16T04:05:09,9.875707,-79.373344,3.5,6.22,82.8,9,1.7,82.2,4.034,-4.4,0,1,31340
2026-04-16T04:05:38,9.875613,-79.372459,0.8,7.17,93.5,10,1.6,82.7,4.034,-4.4,0,1,31341
2026-04-16T04:06:07,9.875584,-79.371544,4.6,6.75,92.5,9,1.7,82.2,4.040,-4.4,0,1,31342
2026-04-16T04:06:36,9.875602,-79.370689,9.2,7.12,92.3,9,1.7,82.4,4.037,-4.4,0,1,31343
2026-04-16T04:07:04,9.875509,-79.369827,10.9,7.86,77.0,10,1.2,82.1,4.035,-4.4,0,1,31344
2026-04-16T04:07:33,9.875416,-79.368973,11.0,6.72,97.9,9,1.7,82.5,4.035,-4.4,0,1,31345
2026-04-16T04:08:02,9.875435,-79.368073,17.8,5.74,87.4,9,1.7,82.4,4.029,-4.4,0,1,31346
2026-04-16T04:08:31,9.875426,-79.367165,21.1,6.57,85.5,8,1.8,82.2,4.036,-4.4,0,1,31347
2026-04-16T04:08:59,9.875400,-79.366295,28.8,7.41,89.7,9,1.7,82.4,4.032,-4.4,0,1,31348
2026-04-16T04:09:28,9.875330,-79.365402,25.9,7.38,90.9,9,1.2,82.5,4.036,-4.4,0,1,31349
2026-04-16T04:09:57,9.875223,-79.364502,19.5,6.75,98.7,9,1.7,82.2,4.030,-4.4,0,1,31350
2026-04-16T04:10:26,9.875166,-79.363602,26.4,6.27,96.3,9,1.7,82.1,4.036,-4.4,0,1,31351
2026-04-16T04:10:54,9.875113,-79.362785,27.1,5.55,103.6,9,1.7,82.1,4.030,-4.4,0,1,31352
2026-04-16T04:11:23,9.874992,-79.361908,31.6,6.37,100.7,9,1.7,82.4,4.035,-4.4,0,1,31353
2026-04-16T04:11:52,9.874894,-79.361023,24.2,7.63,98.0,9,1.7,82.1,4.032,-4.4,0,1,31354
2026-04-16T04:12:21,9.874865,-79.360138,24.5,6.15,90.2,10,1.5,82.2,4.034,-4.4,0,1,31355
2026-04-16T04:12:49,9.874844,-79.359314,31.3,6.04,93.7,9,1.7,81.9,4.032,-4.2,0,1,31356
2026-04-16T04:13:18,9.874877,-79.358383,34.5,6.35,96.1,9,1.6,82.4,4.035,-4.4,0,1,31357
2026-04-16T04:13:47,9.874887,-79.357437,32.2,7.32,86.8,9,1.6,81.9,4.037,-4.2,0,1,31358
2026-04-16T04:14:16,9.874954,-79.356522,30.9,6.83,82.8,9,1.6,82.1,4.036,-4.4,0,1,31359
2026-04-16T04:14:44,9.874845,-79.355659,21.9,6.65,98.6,9,1.6,81.9,4.031,-4.2,0,1,31360
2026-04-16T04:15:13,9.874774,-79.354767,29.2,6.29,105.9,9,1.6,82.2,4.032,-4.4,0,1,31361
2026-04-16T04:15:42,9.874717,-79.353889,36.5,6.70,85.9,8,1.7,81.9,4.036,-4.2,0,1,31362
2026-04-16T04:16:11,9.874635,-79.352966,39.1,5.77,101.9,8,1.7,81.9,4.035,-4.2,0,1,31363
2026-04-16T04:16:39,9.874590,-79.352150,37.6,6.24,104.0,8,1.7,82.1,4.032,-4.4,0,1,31364
2026-04-16T04:17:08,9.874551,-79.351273,35.5,6.99,93.1,8,1.7,82.4,4.035,-4.4,0,1,31365
2026-04-16T04:17:37,9.874495,-79.350395,35.6,6.29,87.8,8,1.6,81.7,4.035,-4.4,0,1,31366
2026-04-16T04:18:06,9.874343,-79.349548,33.8,6.29,98.5,8,1.6,81.7,4.034,-4.4,0,1,31367
2026-04-16T04:18:34,9.874311,-79.348656,33.0,6.84,88.8,8,1.6,81.6,4.031,-4.4,0,1,31368
2026-04-16T04:19:03,9.874269,-79.347786,29.7,6.22,107.8,9,1.6,81.9,4.031,-4.2,0,1,31369
2026-04-16T04:19:32,9.874223,-79.346878,26.3,5.15,95.6,9,1.6,81.4,4.037,-4.4,0,1,31370
2026-04-16T04:20:01,9.874104,-79.346016,30.0,6.35,105.3,9,1.6,81.7,4.034,-4.4,0,1,31371
2026-04-16T04:20:29,9.874129,-79.345154,27.2,6.56,88.3,9,1.6,81.6,4.029,-4.4,0,1,31372
2026-04-16T04:20:58,9.874091,-79.344276,24.0,6.10,90.8,8,1.7,81.7,4.029,-4.4,0,1,31373
2026-04-16T04:21:27,9.874111,-79.343330,20.5,6.80,80.6,10,1.4,81.7,4.034,-4.4,0,1,31374
2026-04-16T04:21:56,9.874016,-79.342445,19.9,6.38,91.3,9,1.6,81.4,4.031,-4.4,0,1,31375
2026-04-16T04:22:24,9.873971,-79.341583,25.8,5.12,95.1,10,1.4,81.6,4.030,-4.4,0,1,31376
2026-04-16T04:22:53,9.873928,-79.340668,23.0,6.44,96.6,10,1.4,81.9,4.030,-4.2,0,1,31377
2026-04-16T04:23:22,9.873913,-79.339798,23.2,6.01,78.1,9,1.6,81.4,4.037,-4.4,0,1,31378
2026-04-16T04:23:51,9.873850,-79.338921,20.1,5.29,74.6,9,1.6,81.2,4.031,-4.4,0,1,31379
2026-04-16T04:24:19,9.873801,-79.338089,25.9,6.40,100.6,9,1.6,81.4,4.028,-4.4,0,1,31380
2026-04-16T04:24:48,9.873770,-79.337265,25.8,6.63,90.2,9,1.6,81.7,4.029,-4.4,0,1,31381
2026-04-16T04:25:17,9.873687,-79.336357,16.8,6.80,112.3,9,1.6,81.7,4.036,-4.4,0,1,31382
2026-04-16T04:25:46,9.873683,-79.335472,18.0,6.31,94.5,9,1.5,81.4,4.032,-4.4,0,1,31383
2026-04-16T04:26:14,9.873630,-79.334656,18.7,5.81,86.9,10,1.3,81.4,4.028,-4.4,0,1,31384
2026-04-16T04:26:43,9.873608,-79.333755,19.5,5.46,86.6,9,1.5,81.4,4.029,-4.4,0,1,31385
2026-04-16T04:27:12,9.873554,-79.332878,20.5,6.57,106.2,9,1.4,81.6,4.028,-4.4,0,1,31386
2026-04-16T04:27:41,9.873474,-79.332016,12.8,7.80,117.3,10,1.3,81.4,4.031,-4.4,0,1,31387
2026-04-16T04:28:09,9.873454,-79.331177,8.9,6.55,85.0,10,1.3,81.2,4.028,-4.4,0,1,31388
2026-04-16T04:28:38,9.873405,-79.330299,4.5,6.56,99.7,10,1.3,81.6,4.029,-4.4,0,1,31389
2026-04-16T04:29:07,9.873329,-79.329422,-2.5,6.66,119.4,9,1.5,81.2,4.025,-4.4,0,1,31390
2026-04-16T04:29:36,9.873388,-79.328560,-2.1,7.15,98.3,9,1.5,81.6,4.029,-4.4,0,1,31391
2026-04-16T04:30:04,9.873243,-79.327690,-0.9,6.80,93.3,9,1.5,81.2,4.028,-4.4,0,1,31392
2026-04-16T04:30:33,9.873253,-79.326790,3.6,6.16,88.6,9,1.5,81.2,4.029,-4.4,0,1,31393
2026-04-16T04:31:02,9.873270,-79.325920,2.7,7.01,112.1,9,1.5,81.4,4.028,-4.4,0,1,31394
2026-04-16T04:31:31,9.873183,-79.325005,0.4,7.15,113.7,10,1.2,81.1,4.026,-4.4,0,1,31395
2026-04-16T04:31:59,9.873160,-79.324173,6.8,6.43,95.0,10,1.2,81.2,4.024,-4.4,0,1,31396
2026-04-16T04:32:28,9.873193,-79.323357,12.0,6.08,86.5,9,1.5,81.2,4.028,-4.4,0,1,31397
2026-04-16T04:32:57,9.873045,-79.322418,7.1,5.80,99.4,8,1.6,81.2,4.034,-4.4,0,1,31398
2026-04-16T04:33:26,9.873018,-79.321609,9.4,6.30,100.9,8,1.5,81.2,4.028,-4.4,0,1,31399
2026-04-16T04:33:54,9.872950,-79.320778,0.2,6.39,87.3,10,1.2,81.4,4.028,-4.4,0,1,31400
2026-04-16T04:34:23,9.873061,-79.319916,-1.7,6.23,80.6,9,1.5,81.2,4.026,-4.4,0,1,31401
2026-04-16T04:34:52,9.872838,-79.319000,-9.7,6.28,118.0,9,1.5,81.1,4.034,-4.4,0,1,31402
2026-04-16T04:35:21,9.872834,-79.318092,-26.0,6.46,95.4,9,1.5,80.9,4.026,-4.4,0,1,31403
2026-04-16T04:35:49,9.872754,-79.317261,-28.8,6.63,103.2,9,1.5,80.9,4.025,-4.4,0,1,31404
2026-04-16T04:36:18,9.872664,-79.316345,-37.2,5.86,84.2,9,1.5,81.4,4.028,-4.4,0,1,31405
2026-04-16T04:36:47,9.872570,-79.315453,-38.5,5.46,95.2,9,1.4,80.7,4.030,-4.4,0,1,31406
2026-04-16T04:37:16,9.872535,-79.314583,-45.4,5.40,96.6,9,1.4,80.9,4.028,-4.4,0,1,31407
2026-04-16T04:37:44,9.872521,-79.313759,-43.6,6.54,88.8,9,1.4,80.7,4.024,-4.4,0,1,31408
2026-04-16T04:38:13,9.872495,-79.312881,-37.9,5.44,94.7,9,1.4,81.6,4.026,-4.4,0,1,31409
2026-04-16T04:38:42,9.872508,-79.311996,-31.2,6.40,85.2,9,1.4,80.9,4.029,-4.4,0,1,31410
2026-04-16T04:39:11,9.872463,-79.311165,-31.1,6.49,97.0,9,1.4,81.2,4.024,-4.4,0,1,31411
2026-04-16T04:39:39,9.872470,-79.310356,-25.3,6.20,96.7,9,1.3,80.9,4.024,2154.0,0,1,31412
2026-04-16T04:40:08,9.872411,-79.309517,-20.0,5.87,95.6,9,1.4,81.2,4.026,-4.4,0,1,31413
2026-04-16T04:40:37,9.872376,-79.308624,-16.4,6.31,86.2,10,1.1,80.7,4.029,-4.4,0,1,31414
2026-04-16T04:41:06,9.872378,-79.307785,-10.5,6.19,103.3,9,1.4,80.9,4.025,-4.4,0,1,31415
2026-04-16T04:41:34,9.872388,-79.306976,6.0,6.57,87.5,8,2.1,80.7,4.023,-4.4,0,1,31416
2026-04-16T04:42:03,9.872400,-79.306122,4.1,5.49,96.4,9,1.4,81.1,4.025,-4.4,0,1,31417
2026-04-16T04:42:32,9.872405,-79.305252,2.9,6.53,106.8,9,1.4,80.7,4.029,-4.4,0,1,31418
2026-04-16T04:43:01,9.872292,-79.304367,5.7,6.11,114.5,9,1.4,80.7,4.026,-4.4,0,1,31419
2026-04-16T04:43:29,9.872308,-79.303497,-3.0,6.94,90.6,9,1.4,80.6,4.023,-4.2,0,1,31420
2026-04-16T04:43:58,9.872185,-79.302628,-7.9,6.91,95.9,9,1.4,80.7,4.024,-4.4,0,1,31421
2026-04-16T04:44:27,9.872094,-79.301712,-20.4,7.01,87.6,9,1.4,80.9,4.019,-4.4,0,1,31422
2026-04-16T04:44:56,9.871968,-79.300858,-23.5,6.68,95.4,9,1.4,80.7,4.024,-4.4,0,1,31423
2026-04-16T04:45:24,9.871946,-79.300049,-18.7,5.82,88.2,8,1.4,80.6,4.021,-4.2,0,1,31424
2026-04-16T04:45:53,9.871919,-79.299156,-25.6,7.13,89.6,8,1.4,80.7,4.023,-4.4,0,1,31425
2026-04-16T04:46:22,9.871828,-79.298294,-19.0,6.43,89.6,7,2.1,80.7,4.028,-4.4,0,1,31426
2026-04-16T04:46:51,9.871821,-79.297424,-6.2,6.11,79.9,7,2.1,80.6,4.024,-4.2,0,1,31427
2026-04-16T04:47:19,9.871778,-79.296593,-11.8,6.40,86.5,7,2.2,80.7,4.020,-4.4,0,1,31428
2026-04-16T04:47:48,9.871645,-79.295670,-8.2,7.46,102.5,8,1.4,80.6,4.020,-4.2,0,1,31429
2026-04-16T04:48:17,9.871582,-79.294777,-6.6,6.73,80.1,8,1.4,80.4,4.025,-4.4,0,1,31430
2026-04-16T04:48:46,9.871567,-79.293915,-10.6,6.11,91.1,8,1.4,80.4,4.024,-4.4,0,1,31431
2026-04-16T04:49:14,9.871522,-79.293076,-8.0,6.44,89.1,8,1.4,80.4,4.020,-4.4,0,1,31432
2026-04-16T04:49:43,9.871448,-79.292183,-7.9,7.26,98.4,8,1.3,80.6,4.021,-4.2,0,1,31433
2026-04-16T04:50:12,9.871400,-79.291306,-3.5,5.08,97.0,7,1.4,80.1,4.026,-4.4,0,1,31434
2026-04-16T04:50:41,9.871328,-79.290421,-5.7,6.73,91.9,8,1.3,80.4,4.020,-4.4,0,1,31435
2026-04-16T04:51:09,9.871314,-79.289551,-7.1,6.45,87.1,8,1.3,80.4,4.020,-4.4,0,1,31436
2026-04-16T04:51:38,9.871333,-79.288658,-9.4,5.76,74.6,9,1.3,80.4,4.020,-4.4,0,1,31437
2026-04-16T04:52:07,9.871325,-79.287773,-15.7,5.67,92.0,9,1.3,80.6,4.021,-4.2,0,1,31438
2026-04-16T04:52:36,9.871243,-79.286819,-21.6,6.28,103.0,9,1.3,80.4,4.023,-4.4,0,1,31439
2026-04-16T04:53:04,9.871146,-79.285950,-12.6,6.62,76.4,8,1.3,80.6,4.017,-4.2,0,1,31440
2026-04-16T04:53:33,9.870998,-79.285034,-0.1,7.12,107.4,9,1.3,80.7,4.019,-4.4,0,1,31441
2026-04-16T04:54:02,9.870966,-79.284203,10.1,6.52,81.9,9,1.3,79.9,4.026,-4.4,0,1,31442
2026-04-16T04:54:31,9.870956,-79.283394,14.2,6.76,86.8,9,1.3,80.3,4.021,-4.4,0,1,31443
2026-04-16T04:54:59,9.870907,-79.282486,5.3,6.56,107.6,9,1.3,80.6,4.019,-4.2,0,1,31444
2026-04-16T04:55:28,9.870823,-79.281570,-6.1,6.78,95.4,8,1.3,80.3,4.021,-4.4,0,1,31445
2026-04-16T04:55:57,9.870740,-79.280701,-18.8,7.11,85.6,9,1.2,80.6,4.025,-4.2,0,1,31446
2026-04-16T04:56:26,9.870816,-79.279800,-23.2,6.70,82.1,9,1.2,80.1,4.020,-4.4,0,1,31447
2026-04-16T04:56:54,9.870892,-79.278938,-9.9,7.45,96.6,9,1.2,80.1,4.017,-4.4,0,1,31448
2026-04-16T04:57:23,9.870862,-79.278145,-13.2,6.64,77.4,9,1.2,80.3,4.019,-4.4,0,1,31449
2026-04-16T04:57:52,9.870858,-79.277313,-10.9,6.06,92.6,9,1.2,80.1,4.025,-4.4,0,1,31450
2026-04-16T04:58:21,9.870856,-79.276505,9.1,6.01,108.1,9,1.2,80.3,4.021,-4.4,0,1,31451
2026-04-16T04:58:49,9.870787,-79.275658,11.5,6.79,97.5,8,1.9,80.3,4.016,-4.4,0,1,31452
2026-04-16T04:59:18,9.870722,-79.274834,23.9,5.83,92.0,8,1.3,80.4,4.017,-4.4,0,1,31453
2026-04-16T04:59:47,9.870728,-79.273911,29.8,7.24,98.0,9,1.2,80.1,4.024,-4.4,0,1,31454
2026-04-16T05:00:16,9.870745,-79.273026,24.5,5.50,77.9,9,1.2,79.9,4.020,-4.4,0,1,31455
2026-04-16T05:00:44,9.870700,-79.272148,18.7,5.80,85.5,9,1.2,80.4,4.016,-4.4,0,1,31456
2026-04-16T05:01:13,9.870634,-79.271339,23.6,5.72,82.6,9,1.2,79.9,4.016,-4.4,0,1,31457
2026-04-16T05:01:42,9.870439,-79.270439,22.4,6.11,107.4,9,1.2,79.6,4.015,-4.4,0,1,31458
2026-04-16T05:02:11,9.870406,-79.269592,33.8,5.05,97.4,9,1.2,79.9,4.020,-4.4,0,1,31459
2026-04-16T05:02:39,9.870315,-79.268730,35.7,6.71,97.0,9,1.2,80.1,4.015,-4.4,0,1,31460
2026-04-16T05:03:08,9.870203,-79.267853,39.7,5.54,97.0,9,1.2,80.3,4.017,-4.4,0,1,31461
2026-04-16T05:03:37,9.870185,-79.266945,43.1,5.82,83.8,8,1.9,80.1,4.014,-4.4,0,1,31462
2026-04-16T05:04:06,9.870033,-79.266068,47.7,7.15,105.1,8,1.8,80.1,4.016,-4.4,0,1,31463
2026-04-16T05:04:34,9.869967,-79.265182,48.1,6.34,77.8,9,1.2,79.9,4.017,-4.4,0,1,31464
2026-04-16T05:05:03,9.869904,-79.264297,43.4,5.95,98.1,8,1.2,80.1,4.015,-4.4,0,1,31465
2026-04-16T05:05:32,9.869820,-79.263367,39.8,7.89,107.7,9,1.2,79.8,4.023,-4.4,0,1,31466
2026-04-16T05:06:01,9.869743,-79.262482,37.3,6.31,98.1,9,1.2,79.6,4.019,-4.4,0,1,31467
2026-04-16T05:06:29,9.869753,-79.261635,30.2,6.96,92.0,8,1.2,79.8,4.014,-4.4,0,1,31468
2026-04-16T05:06:58,9.869703,-79.260712,25.5,6.52,97.3,8,1.2,79.9,4.016,-4.4,0,1,31469
2026-04-16T05:07:27,9.869739,-79.259865,19.6,6.24,98.0,9,1.1,79.6,4.021,-4.4,0,1,31470
2026-04-16T05:07:56,9.869583,-79.258926,20.6,7.23,96.8,9,1.1,80.1,4.016,-4.4,0,1,31471
2026-04-16T05:08:24,9.869586,-79.258049,7.7,6.86,90.1,9,1.1,80.1,4.014,-4.4,0,1,31472
2026-04-16T05:08:53,9.869626,-79.257095,3.6,7.28,91.0,8,1.2,79.6,4.016,-4.4,0,1,31473
2026-04-16T05:09:22,9.869448,-79.256081,2.7,7.21,101.6,9,1.1,79.4,4.021,-4.4,0,1,31474
2026-04-16T05:09:51,9.869422,-79.255188,4.0,6.52,79.4,9,1.1,79.6,4.017,-4.4,0,1,31475
2026-04-16T05:10:19,9.869271,-79.254295,11.3,7.69,107.1,8,1.8,79.4,4.012,-4.4,0,1,31476
2026-04-16T05:10:48,9.869278,-79.253342,11.5,6.50,89.8,7,1.9,79.6,4.016,-4.4,0,1,31477
2026-04-16T05:11:17,9.869200,-79.252426,11.1,5.49,104.9,8,1.8,79.4,4.012,-4.4,0,1,31478
2026-04-16T05:11:46,9.869162,-79.251465,6.7,7.26,70.1,9,1.1,79.6,4.014,-4.4,0,1,31479
2026-04-16T05:12:14,9.869051,-79.250496,0.8,7.48,89.2,8,1.7,79.6,4.014,-4.4,0,1,31480
2026-04-16T05:12:43,9.869006,-79.249557,2.3,6.37,87.4,8,1.2,79.8,4.015,-4.4,0,1,31481
2026-04-16T05:13:12,9.868935,-79.248596,4.3,7.01,89.8,9,1.1,79.4,4.014,-4.4,0,1,31482
2026-04-16T05:13:41,9.868910,-79.247658,4.7,6.93,75.1,9,1.1,79.6,4.016,-4.4,0,1,31483
2026-04-16T05:14:09,9.868873,-79.246727,7.4,6.76,97.3,9,1.1,79.6,4.016,-4.4,0,1,31484
2026-04-16T05:14:38,9.868714,-79.245789,10.6,7.76,99.1,9,1.1,79.4,4.011,-4.4,0,1,31485
2026-04-16T05:15:07,9.868629,-79.244835,13.6,6.52,99.1,9,1.1,79.6,4.015,-4.4,0,1,31486
2026-04-16T05:15:36,9.868564,-79.243919,16.8,7.45,102.8,8,1.1,79.4,4.015,-4.4,0,1,31487
2026-04-16T05:16:04,9.868562,-79.242989,17.8,7.48,109.7,9,1.1,79.3,4.011,-4.2,0,1,31488
2026-04-16T05:16:33,9.868482,-79.242020,9.0,7.76,95.9,9,1.1,79.6,4.012,-4.4,0,1,31489
2026-04-16T05:17:02,9.868395,-79.241066,2.0,6.49,96.5,8,1.1,79.4,4.012,-4.4,0,1,31490
2026-04-16T05:17:31,9.868319,-79.240044,5.1,6.84,81.5,8,1.1,79.4,4.015,-4.4,0,1,31491
2026-04-16T05:17:59,9.868325,-79.239113,5.4,8.05,99.1,8,1.1,79.3,4.014,-4.2,0,1,31492
2026-04-16T05:18:28,9.868335,-79.238258,13.3,7.49,94.5,6,2.7,79.3,4.015,-4.2,0,1,31493
2026-04-16T05:18:57,9.868058,-79.237373,26.9,7.88,98.5,7,1.8,79.3,4.014,-4.2,0,1,31494
2026-04-16T05:19:26,9.868047,-79.236420,28.4,7.38,93.0,6,2.6,79.3,4.011,-4.2,0,1,31495
2026-04-16T05:19:54,9.867990,-79.235497,25.8,6.88,93.1,7,1.3,79.4,4.012,-4.4,0,1,31496
2026-04-16T05:20:23,9.867621,-79.234505,21.0,7.71,105.2,7,1.8,79.6,4.012,-4.4,0,1,31497
2026-04-16T05:20:52,9.867664,-79.233566,22.4,5.70,102.4,6,2.6,79.1,4.014,-4.4,0,1,31498
2026-04-16T05:21:21,9.867428,-79.232620,25.3,7.51,114.5,7,1.2,79.0,4.014,-4.4,0,1,31499
2026-04-16T05:21:49,9.867272,-79.231743,23.1,7.41,99.6,7,1.2,79.4,4.014,-4.4,0,1,31500
2026-04-16T05:22:18,9.867099,-79.230789,20.7,7.04,97.9,6,2.5,79.3,4.011,-4.2,0,1,31501
2026-04-16T05:22:47,9.866838,-79.229866,18.4,6.85,94.0,7,1.2,79.3,4.012,-4.2,0,1,31502
2026-04-16T05:23:16,9.866693,-79.228951,12.3,7.82,103.5,7,1.2,79.1,4.011,-4.4,0,1,31503
2026-04-16T05:23:44,9.866482,-79.228020,5.6,7.52,98.7,7,1.2,79.1,4.012,-4.4,0,1,31504
2026-04-16T05:24:13,9.866264,-79.227089,2.9,6.25,97.1,7,1.2,79.1,4.010,-4.4,0,1,31505
2026-04-16T05:24:42,9.865903,-79.226234,9.9,6.15,123.9,8,1.2,79.0,4.016,-4.4,0,1,31506
2026-04-16T05:25:11,9.865670,-79.225288,17.3,6.79,111.9,8,1.2,79.1,4.012,-4.4,0,1,31507
2026-04-16T05:25:39,9.865512,-79.224396,15.3,6.36,91.3,8,1.2,79.0,4.010,-4.4,0,1,31508
2026-04-16T05:26:08,9.865336,-79.223465,15.8,6.66,100.4,8,1.2,79.4,4.010,-4.4,0,1,31509
2026-04-16T05:26:37,9.865123,-79.222549,14.6,8.06,104.7,8,1.1,79.0,4.010,-4.4,0,1,31510
2026-04-16T05:27:06,9.864888,-79.221642,31.5,7.71,112.7,8,1.2,79.1,4.012,-4.4,0,1,31511
2026-04-16T05:27:34,9.864774,-79.220718,28.8,7.10,95.6,8,1.2,79.0,4.009,-4.4,0,1,31512
2026-04-16T05:28:03,9.864668,-79.219795,32.9,6.89,93.4,9,1.1,79.0,4.010,-4.4,0,1,31513
2026-04-16T05:28:32,9.864537,-79.218872,32.9,7.98,123.8,8,1.2,79.1,4.011,-4.4,0,1,31514
2026-04-16T05:29:01,9.864320,-79.217903,37.5,6.79,100.4,9,1.1,79.0,4.010,-4.4,0,1,31515
2026-04-16T05:29:29,9.864206,-79.216972,44.8,7.55,102.1,7,2.2,78.8,4.006,-4.4,0,1,31516
2026-04-16T05:29:58,9.864008,-79.216026,49.7,6.78,96.5,9,1.1,79.0,4.011,-4.4,0,1,31517
2026-04-16T05:30:27,9.863758,-79.215012,39.7,6.73,103.7,7,2.8,78.8,4.010,-4.4,0,1,31518
2026-04-16T05:30:56,9.863539,-79.214058,42.3,7.07,105.0,7,2.8,78.8,4.009,-4.4,0,1,31519
2026-04-16T05:31:24,9.863360,-79.213104,40.9,7.89,104.6,8,1.2,78.6,4.009,-4.4,0,1,31520
2026-04-16T05:31:53,9.863111,-79.212151,39.8,6.83,106.4,7,2.8,79.1,4.009,-4.4,0,1,31521
2026-04-16T05:32:22,9.862928,-79.211212,41.8,6.82,94.3,7,2.8,78.6,4.012,-4.4,0,1,31522
2026-04-16T05:32:51,9.862744,-79.210243,36.8,6.88,94.8,7,2.8,79.0,4.010,-4.4,0,1,31523
2026-04-16T05:33:19,9.862515,-79.209335,31.1,7.15,102.6,7,2.8,78.8,4.005,-4.4,0,1,31524
2026-04-16T05:33:48,9.862318,-79.208420,26.6,7.35,102.8,7,2.8,79.0,4.008,-4.4,0,1,31525
2026-04-16T05:34:17,9.861934,-79.207497,23.8,7.18,105.4,7,2.8,78.8,4.011,-4.4,0,1,31526
2026-04-16T05:34:46,9.861841,-79.206604,20.6,6.61,107.7,7,2.8,78.8,4.009,-4.4,0,1,31527
2026-04-16T05:35:14,9.861645,-79.205673,30.8,6.71,115.4,8,1.1,78.6,4.006,-4.4,0,1,31528
2026-04-16T05:35:43,9.861497,-79.204735,24.6,7.08,94.4,8,1.1,78.6,4.009,-4.4,0,1,31529
2026-04-16T05:36:12,9.861114,-79.203804,31.4,8.08,121.3,7,2.8,78.5,4.010,-4.4,0,1,31530
2026-04-16T05:36:41,9.860982,-79.202805,19.4,7.38,92.4,7,2.8,78.8,4.009,-4.4,0,1,31531
2026-04-16T05:37:09,9.860768,-79.201950,17.8,7.94,107.6,7,2.8,78.1,4.003,-4.4,0,1,31532
2026-04-16T05:37:38,9.860570,-79.200989,12.5,7.35,97.4,7,2.8,78.8,4.005,-4.4,0,1,31533
2026-04-16T05:38:07,9.860333,-79.200035,16.1,8.36,117.4,7,2.8,78.6,4.012,-4.4,0,1,31534
2026-04-16T05:38:36,9.860205,-79.199142,21.3,6.51,103.5,7,2.8,78.3,4.006,-4.4,0,1,31535
2026-04-16T05:39:04,9.860040,-79.198219,11.7,6.75,86.2,7,2.8,78.3,4.005,-4.4,0,1,31536
2026-04-16T05:39:33,9.859716,-79.197281,7.3,6.50,96.5,8,1.6,78.3,4.009,-4.4,0,1,31537
2026-04-16T05:40:02,9.859558,-79.196312,5.0,6.53,111.3,8,1.6,78.3,4.010,-4.4,0,1,31538
2026-04-16T05:40:31,9.859417,-79.195419,7.8,6.33,101.4,8,1.6,78.3,4.005,-4.4,0,1,31539
2026-04-16T05:40:59,9.859148,-79.194435,18.5,7.28,104.1,8,1.6,78.3,4.004,-4.4,0,1,31540
2026-04-16T05:41:28,9.859052,-79.193497,16.9,5.92,91.6,8,1.6,78.6,4.005,-4.4,0,1,31541
2026-04-16T05:41:57,9.858772,-79.192566,14.5,7.93,105.7,8,1.6,78.3,4.009,-4.4,0,1,31542
2026-04-16T05:42:26,9.858708,-79.191689,7.3,6.31,97.5,9,1.0,77.8,4.006,-4.4,0,1,31543
2026-04-16T05:42:54,9.858397,-79.190804,1.9,7.58,109.7,8,1.6,78.3,4.004,-4.4,0,1,31544
2026-04-16T05:43:23,9.858172,-79.189873,-0.3,6.24,115.9,9,1.5,78.0,4.003,-4.2,0,1,31545
2026-04-16T05:43:52,9.858012,-79.188919,5.7,4.88,108.6,9,1.5,78.6,4.008,-4.4,0,1,31546
2026-04-16T05:44:21,9.857772,-79.188004,1.9,8.38,111.3,9,1.5,78.1,4.005,-4.4,0,1,31547
2026-04-16T05:44:49,9.857663,-79.187073,6.2,6.40,114.5,9,1.5,78.3,4.003,-4.4,0,1,31548
2026-04-16T05:45:18,9.857525,-79.186111,8.6,6.15,101.9,8,1.6,78.5,4.005,-4.4,0,1,31549
2026-04-16T05:45:47,9.857335,-79.185165,1.5,7.48,94.8,9,1.5,78.1,4.006,-4.4,0,1,31550
2026-04-16T05:46:16,9.857103,-79.184189,-5.4,6.26,113.4,9,1.5,77.8,4.006,-4.4,0,1,31551
2026-04-16T05:46:44,9.856965,-79.183357,-5.1,6.15,85.1,10,1.4,78.1,4.008,-4.4,0,1,31552
2026-04-16T05:47:13,9.856755,-79.182365,5.0,6.67,112.0,11,1.3,78.1,4.005,-4.4,0,1,31553
2026-04-16T05:47:42,9.856632,-79.181412,13.2,8.01,96.7,11,1.3,84.6,4.059,-4.0,0,1,31554
2026-04-16T05:48:11,9.856292,-79.180443,5.4,7.54,104.3,11,1.3,84.9,4.061,-4.0,0,1,31555
2026-04-16T05:48:39,9.856098,-79.179520,7.5,6.55,104.3,10,1.4,85.1,4.064,-3.7,0,1,31556
2026-04-16T05:49:08,9.855893,-79.178589,15.6,2.87,99.2,10,1.4,85.6,4.064,-3.7,0,1,31557
2026-04-16T05:49:37,9.855681,-79.177628,16.1,5.99,102.8,9,1.5,85.6,4.068,-3.7,0,1,31558
2026-04-16T05:50:06,9.855417,-79.176720,14.6,7.11,117.6,10,1.3,85.5,4.066,-3.7,0,1,31559
2026-04-16T05:50:34,9.855300,-79.175804,16.6,6.13,96.3,10,1.3,85.6,4.068,-3.7,0,1,31560
2026-04-16T05:51:03,9.855142,-79.174881,11.2,6.39,105.1,10,1.3,85.8,4.069,-4.0,0,1,31561
2026-04-16T05:51:32,9.854999,-79.173965,19.2,7.53,90.3,10,1.3,85.8,4.069,-4.0,0,1,31562
2026-04-16T05:52:01,9.854885,-79.173042,17.8,6.71,108.5,10,1.3,85.9,4.070,-3.7,0,1,31563
2026-04-16T05:52:29,9.854911,-79.172157,14.8,6.58,84.2,10,1.3,86.1,4.071,2291.1,0,1,31564
2026-04-16T05:52:58,9.854821,-79.171272,8.6,6.88,103.8,10,1.3,86.1,4.071,-4.0,0,1,31565
2026-04-16T05:53:27,9.854838,-79.170410,6.2,6.20,95.5,10,1.3,86.2,4.073,-3.7,0,1,31566
2026-04-16T05:53:56,9.854892,-79.169472,-2.6,6.48,90.6,9,1.4,86.2,4.074,-3.7,0,1,31567
2026-04-16T05:54:24,9.854916,-79.168549,-8.4,6.43,90.7,8,1.4,86.3,4.074,-3.7,0,1,31568
2026-04-16T05:54:53,9.854834,-79.167679,-13.0,6.63,98.2,9,1.4,86.3,4.076,-3.7,0,1,31569
2026-04-16T05:55:22,9.854843,-79.166718,-17.1,7.29,87.7,9,1.4,86.6,4.075,-3.7,0,1,31570
2026-04-16T05:55:51,9.854723,-79.165840,-17.6,6.45,96.2,9,1.4,86.8,4.077,-3.7,0,1,31571
2026-04-16T05:56:19,9.854702,-79.164948,-20.0,8.23,83.2,9,1.4,86.6,4.076,-3.7,0,1,31572
2026-04-16T05:56:48,9.854597,-79.164047,-13.0,6.33,92.3,8,1.5,87.1,4.079,-3.7,0,1,31573
2026-04-16T05:57:17,9.854563,-79.163101,-19.6,7.10,102.3,9,1.4,86.9,4.077,-4.0,0,1,31574
2026-04-16T05:57:46,9.854555,-79.162132,-8.1,7.82,100.8,9,1.4,86.9,4.080,-4.0,0,1,31575
2026-04-16T05:58:14,9.854482,-79.161263,-10.8,6.66,99.0,9,1.4,87.4,4.080,-3.7,0,1,31576
2026-04-16T05:58:43,9.854484,-79.160316,-12.6,6.58,101.5,8,1.5,87.1,4.081,-3.7,0,1,31577
2026-04-16T05:59:12,9.854382,-79.159393,-1.8,7.49,90.0,9,1.4,87.5,4.081,-3.7,0,1,31578
2026-04-16T05:59:41,9.854484,-79.158485,-10.8,7.64,72.5,8,1.6,87.5,4.082,-3.7,0,1,31579
2026-04-16T06:00:09,9.854420,-79.157578,-14.5,6.28,76.6,9,1.4,87.5,4.084,-3.7,0,1,31580
2026-04-16T06:00:38,9.854350,-79.156654,-5.8,7.42,93.5,10,1.3,87.5,4.082,-3.7,0,1,31581
2026-04-16T06:01:07,9.854359,-79.155731,3.4,7.27,75.1,10,1.3,87.9,4.085,-3.7,0,1,31582
2026-04-16T06:01:36,9.854315,-79.154785,-6.2,5.51,76.6,10,1.3,87.8,4.088,-3.7,0,1,31583
2026-04-16T06:02:04,9.854217,-79.153893,-0.5,5.77,103.3,10,1.3,87.8,4.086,-3.7,0,1,31584
2026-04-16T06:02:33,9.854166,-79.152939,2.2,6.38,93.9,9,1.4,88.2,4.088,-3.7,0,1,31585
2026-04-16T06:03:02,9.854065,-79.152000,-4.3,7.64,101.2,10,1.2,88.2,4.088,-3.7,0,1,31586
2026-04-16T06:03:31,9.853977,-79.151108,-4.8,6.89,101.5,9,1.4,88.1,4.089,-4.0,0,1,31587
2026-04-16T06:03:59,9.853952,-79.150208,-9.7,6.70,96.2,10,1.2,88.4,4.091,-4.0,0,1,31588
2026-04-16T06:04:28,9.853870,-79.149284,-3.5,7.09,93.0,9,1.4,88.2,4.090,-3.7,0,1,31589
2026-04-16T06:04:57,9.853952,-79.148331,-6.2,6.67,82.0,10,1.2,88.4,4.090,-4.0,0,1,31590
2026-04-16T06:05:26,9.853840,-79.147415,-8.2,6.25,102.7,10,1.2,88.4,4.093,-4.0,0,1,31591
2026-04-16T06:05:54,9.853933,-79.146507,-1.0,7.07,84.4,10,1.2,88.6,4.093,2360.0,0,1,31592
2026-04-16T06:06:23,9.853885,-79.145561,-10.1,6.50,83.3,9,1.4,88.5,4.094,-3.7,0,1,31593
2026-04-16T06:06:52,9.853779,-79.144630,-13.1,7.29,113.3,9,1.4,88.8,4.094,-4.2,0,1,31594
2026-04-16T06:07:21,9.853784,-79.143700,-14.1,6.34,98.1,9,1.4,88.5,4.093,-3.7,0,1,31595
2026-04-16T06:07:49,9.853765,-79.142769,-20.2,6.59,109.5,9,1.4,88.6,4.094,-4.2,0,1,31596
2026-04-16T06:08:18,9.853619,-79.141853,-16.8,6.59,101.3,10,1.2,89.0,4.095,-4.4,0,1,31597
2026-04-16T06:08:47,9.853528,-79.140884,-9.4,6.58,97.0,10,1.2,89.3,4.095,-4.2,0,1,31598
2026-04-16T06:09:16,9.853570,-79.139938,-11.0,7.85,83.0,10,1.2,89.3,4.097,-4.2,0,1,31599
2026-04-16T06:09:44,9.853434,-79.139023,-12.2,6.60,102.2,11,1.0,89.1,4.097,-4.2,0,1,31600
2026-04-16T06:10:13,9.853448,-79.138062,-12.4,7.59,96.1,10,1.2,89.4,4.099,-4.2,0,1,31601
2026-04-16T06:10:42,9.853313,-79.137138,-2.1,6.37,101.2,10,1.2,89.4,4.100,-4.2,0,1,31602
2026-04-16T06:11:11,9.853351,-79.136169,4.9,6.70,92.6,9,1.5,89.7,4.100,-4.2,0,1,31603
2026-04-16T06:11:39,9.853318,-79.135246,6.8,7.02,92.5,10,1.2,89.4,4.100,-4.2,0,1,31604
2026-04-16T06:12:08,9.853360,-79.134277,5.0,6.67,92.6,10,1.2,89.6,4.102,-4.4,0,1,31605
2026-04-16T06:12:37,9.853315,-79.133331,5.7,6.83,94.8,10,1.2,89.6,4.101,-4.4,0,1,31606
2026-04-16T06:13:06,9.853356,-79.132355,10.9,8.32,79.5,10,1.2,89.9,4.104,-4.2,0,1,31607
2026-04-16T06:13:34,9.853238,-79.131424,1.7,7.74,85.7,11,1.0,90.1,4.104,-4.2,0,1,31608
2026-04-16T06:14:03,9.853137,-79.130493,16.5,6.69,96.3,10,1.2,90.4,4.104,2406.4,0,1,31609
2026-04-16T06:14:32,9.853150,-79.129524,7.3,6.99,96.7,10,1.2,90.1,4.104,-4.2,0,1,31610
2026-04-16T06:15:01,9.853117,-79.128616,13.9,6.38,85.2,10,1.2,90.4,4.109,-4.2,0,1,31611
2026-04-16T06:15:29,9.853055,-79.127670,3.2,7.25,94.0,11,1.0,90.2,4.105,-4.4,0,1,31612
2026-04-16T06:15:58,9.853022,-79.126717,8.9,7.22,99.1,10,1.2,90.5,4.106,-4.2,0,1,31613
2026-04-16T06:16:27,9.853045,-79.125771,11.0,6.91,76.2,10,1.2,90.7,4.108,-4.2,0,1,31614
2026-04-16T06:16:56,9.852942,-79.124832,12.1,5.85,98.3,10,1.2,90.7,4.110,-4.2,0,1,31615
2026-04-16T06:17:24,9.852921,-79.123878,10.0,6.90,89.2,10,1.2,90.7,4.109,-4.2,0,1,31616
2026-04-16T06:17:53,9.852840,-79.122902,6.5,6.55,103.2,10,1.2,90.7,4.111,-4.2,0,1,31617
2026-04-16T06:18:22,9.852805,-79.122002,11.6,6.57,90.0,10,1.2,91.0,4.111,-4.2,0,1,31618
2026-04-16T06:18:51,9.852798,-79.121040,7.7,6.61,84.9,10,1.2,91.2,4.113,-4.2,0,1,31619
2026-04-16T06:19:19,9.852788,-79.120163,14.7,6.78,99.7,11,1.0,91.3,4.113,-4.2,0,1,31620
2026-04-16T06:19:48,9.852765,-79.119179,16.6,7.02,93.4,10,1.2,91.2,4.114,-4.2,0,1,31621
2026-04-16T06:20:17,9.852751,-79.118233,12.2,7.40,85.2,10,1.2,91.2,4.113,-4.2,0,1,31622
2026-04-16T06:20:46,9.852720,-79.117264,20.0,7.35,82.3,11,1.1,91.2,4.114,-4.2,0,1,31623
2026-04-16T06:21:14,9.852756,-79.116348,22.6,7.26,89.7,11,1.1,91.3,4.115,-4.2,0,1,31624
2026-04-16T06:21:43,9.852761,-79.115410,28.3,7.14,90.5,11,1.0,91.5,4.115,-4.4,0,1,31625
2026-04-16T06:22:12,9.852718,-79.114449,23.4,7.19,92.3,10,1.3,91.8,4.117,-4.2,0,1,31626
2026-04-16T06:22:41,9.852654,-79.113495,23.6,5.90,93.4,10,1.3,91.8,4.116,-4.2,0,1,31627
2026-04-16T06:23:09,9.852635,-79.112549,20.8,7.60,85.5,10,1.3,92.1,4.117,-4.4,0,1,31628
2026-04-16T06:23:38,9.852600,-79.111618,21.5,6.79,83.3,10,1.3,91.8,4.120,-4.2,0,1,31629
2026-04-16T06:24:07,9.852592,-79.110664,21.8,7.00,91.7,10,1.3,91.8,4.119,-4.2,0,1,31630
2026-04-16T06:24:36,9.852553,-79.109749,18.0,6.45,94.1,10,1.2,92.1,4.120,-4.4,0,1,31631
2026-04-16T06:25:04,9.852475,-79.108849,15.5,6.98,72.8,10,1.2,92.0,4.121,-4.2,0,1,31632
2026-04-16T06:25:33,9.852487,-79.107887,18.8,7.22,91.8,10,1.2,92.3,4.121,-4.2,0,1,31633
2026-04-16T06:26:02,9.852458,-79.106941,17.6,6.58,98.9,9,1.6,92.4,4.124,-4.2,0,1,31634
2026-04-16T06:26:31,9.852407,-79.105988,12.0,7.31,93.8,9,1.6,92.4,4.122,-4.2,0,1,31635
2026-04-16T06:26:59,9.852382,-79.105087,17.4,7.23,87.6,9,1.6,92.6,4.122,-4.2,0,1,31636
2026-04-16T06:27:28,9.852337,-79.104141,17.1,7.46,90.8,9,1.6,92.6,4.125,-4.2,0,1,31637
2026-04-16T06:27:57,9.852310,-79.103203,16.6,7.08,81.1,9,1.6,92.6,4.126,-4.2,0,1,31638
2026-04-16T06:28:26,9.852280,-79.102196,19.0,7.07,98.8,9,1.6,92.9,4.126,-4.2,0,1,31639
2026-04-16T06:28:54,9.852232,-79.101341,23.6,6.78,89.7,9,1.6,92.9,4.125,-4.2,0,1,31640
2026-04-16T06:29:23,9.852242,-79.100380,24.9,7.29,83.6,9,1.6,93.1,4.128,-4.2,0,1,31641
2026-04-16T06:29:52,9.852223,-79.099464,24.0,7.40,87.2,9,1.6,93.1,4.129,-4.2,0,1,31642
2026-04-16T06:30:21,9.852165,-79.098564,27.1,6.71,93.9,9,1.6,93.1,4.130,-4.2,0,1,31643
2026-04-16T06:30:49,9.852081,-79.097702,27.6,6.35,92.1,9,2.2,93.4,4.130,-4.4,0,1,31644
2026-04-16T06:31:18,9.852118,-79.096664,32.5,7.59,86.8,9,1.6,93.4,4.129,-4.4,0,1,31645
2026-04-16T06:31:47,9.852086,-79.095673,41.3,6.62,96.3,9,1.6,93.7,4.131,-4.2,0,1,31646
2026-04-16T06:32:16,9.852036,-79.094810,35.8,6.37,89.2,9,1.6,93.5,4.131,-4.2,0,1,31647
2026-04-16T06:32:44,9.851918,-79.093979,29.7,6.68,94.3,9,1.6,93.5,4.134,-4.2,0,1,31648
2026-04-16T06:33:13,9.852032,-79.092995,33.8,6.33,92.5,9,1.6,93.9,4.133,-4.2,0,1,31649
2026-04-16T06:33:42,9.851995,-79.092087,39.9,6.17,73.5,9,1.6,93.7,4.134,-4.2,0,1,31650
2026-04-16T06:34:11,9.851862,-79.091164,30.5,6.95,85.5,10,1.2,93.9,4.134,-4.2,0,1,31651
2026-04-16T06:34:39,9.851845,-79.090256,23.8,7.96,89.6,9,1.6,94.0,4.134,-4.4,0,1,31652
2026-04-16T06:35:08,9.851795,-79.089371,21.1,7.62,90.9,9,1.6,94.0,4.136,-4.4,0,1,31653
2026-04-16T06:35:37,9.851945,-79.088440,24.9,6.76,92.2,9,1.6,95.0,4.137,-4.2,0,1,31654
2026-04-16T06:36:06,9.851668,-79.087479,-5.6,7.14,94.9,9,1.6,94.2,4.136,-4.2,0,1,31655
2026-04-16T06:36:34,9.851692,-79.086594,4.2,6.63,90.1,9,1.6,94.2,4.139,-4.2,0,1,31656
2026-04-16T06:37:03,9.851586,-79.085655,2.5,6.40,102.2,9,1.6,94.5,4.140,-4.2,0,1,31657
2026-04-16T06:37:32,9.851580,-79.084732,5.3,7.17,100.7,9,1.6,94.5,4.140,-4.2,0,1,31658
2026-04-16T06:38:01,9.851600,-79.083786,10.6,7.07,90.1,9,1.6,94.7,4.139,-4.4,0,1,31659
2026-04-16T06:38:29,9.851702,-79.082901,23.1,7.66,71.1,9,1.6,94.8,4.141,-4.2,0,1,31660
2026-04-16T06:38:58,9.851524,-79.081955,25.5,6.40,97.7,9,1.6,95.0,4.142,-4.2,0,1,31661
2026-04-16T06:39:27,9.851602,-79.081047,31.2,6.68,77.4,9,1.6,95.0,4.144,-4.2,0,1,31662
2026-04-16T06:39:56,9.851555,-79.080093,31.3,6.59,87.1,9,1.6,95.0,4.144,-4.2,0,1,31663
2026-04-16T06:40:24,9.851579,-79.079185,36.3,7.00,79.9,9,1.6,95.3,4.144,-4.4,0,1,31664
2026-04-16T06:40:53,9.851501,-79.078262,40.1,6.91,88.7,9,1.6,95.1,4.144,-4.2,0,1,31665
2026-04-16T06:41:22,9.851486,-79.077347,44.7,6.53,90.1,9,1.6,95.3,4.146,-4.4,0,1,31666
2026-04-16T06:41:51,9.851358,-79.076416,38.3,6.71,100.0,9,1.6,95.4,4.148,-4.2,0,1,31667
2026-04-16T06:42:19,9.851479,-79.075546,41.6,6.68,69.2,9,1.6,95.6,4.146,-4.2,0,1,31668
2026-04-16T06:42:48,9.851332,-79.074600,38.2,7.41,97.0,9,1.6,95.4,4.148,-4.2,0,1,31669
2026-04-16T06:43:17,9.851274,-79.073669,32.0,7.04,105.5,9,1.6,95.6,4.148,-4.2,0,1,31670
2026-04-16T06:43:46,9.851439,-79.072746,40.0,5.33,91.8,9,1.6,95.8,4.149,-4.2,0,1,31671
2026-04-16T06:44:14,9.851466,-79.071854,47.9,7.56,91.3,9,1.6,95.9,4.150,-4.4,0,1,31672
2026-04-16T06:44:43,9.851292,-79.070900,37.8,7.21,102.0,9,1.6,96.1,4.151,-4.2,0,1,31673
2026-04-16T06:45:12,9.851363,-79.069984,50.4,6.95,90.2,8,1.8,96.6,4.151,-4.4,0,1,31674
2026-04-16T06:45:41,9.851343,-79.069054,55.3,6.74,96.4,8,1.8,96.1,4.153,-4.2,0,1,31675
2026-04-16T06:46:09,9.851343,-79.068199,59.4,6.51,91.7,7,2.4,96.2,4.153,-4.2,0,1,31676
2026-04-16T06:46:38,9.851336,-79.067299,59.7,6.44,86.2,8,1.8,96.2,4.154,-4.2,0,1,31677
2026-04-16T06:47:07,9.851332,-79.066307,61.3,7.84,90.3,8,1.8,96.7,4.155,-4.2,0,1,31678
2026-04-16T06:47:36,9.851263,-79.065430,48.3,7.36,86.8,8,1.8,96.6,4.156,-4.4,0,1,31679
2026-04-16T06:48:04,9.851208,-79.064499,43.3,6.71,92.3,7,2.4,96.9,4.157,-4.2,0,1,31680
2026-04-16T06:48:33,9.851220,-79.063568,52.5,6.28,88.0,8,1.8,96.9,4.157,-4.2,0,1,31681
2026-04-16T06:49:02,9.851171,-79.062614,52.4,7.09,98.1,7,2.4,97.2,4.157,-4.4,0,1,31682
2026-04-16T06:49:31,9.851225,-79.061646,46.6,5.88,88.8,8,2.2,97.2,4.159,-4.4,0,1,31683
2026-04-16T06:49:59,9.851158,-79.060699,42.2,6.99,89.8,8,2.2,97.0,4.159,-4.2,0,1,31684
2026-04-16T06:50:28,9.851040,-79.059837,26.4,6.94,101.4,8,2.2,97.2,4.160,-4.4,0,1,31685
2026-04-16T06:50:57,9.850980,-79.058998,24.2,5.66,79.7,9,1.6,97.3,4.161,-4.2,0,1,31686
2026-04-16T06:51:26,9.850908,-79.057999,21.5,8.63,96.3,8,4.3,97.3,4.160,-4.2,0,1,31687
2026-04-16T06:51:54,9.850969,-79.057083,30.2,6.89,78.9,9,1.6,97.7,4.162,-4.2,0,1,31688
2026-04-16T06:52:23,9.850912,-79.056107,22.3,6.59,93.5,7,2.5,97.5,4.162,-4.2,0,1,31689
2026-04-16T06:52:52,9.850939,-79.055191,27.8,5.01,64.4,8,2.2,97.7,4.164,-4.2,0,1,31690
2026-04-16T06:53:21,9.850804,-79.054283,18.1,6.70,92.4,9,1.6,98.1,4.165,-4.2,0,1,31691
2026-04-16T06:53:49,9.850812,-79.053391,23.0,6.74,95.1,8,2.2,98.0,4.165,-4.2,0,1,31692
2026-04-16T06:54:18,9.850837,-79.052483,25.6,7.25,76.2,8,2.2,98.3,4.165,-4.2,0,1,31693
2026-04-16T06:54:47,9.850716,-79.051514,18.8,6.58,81.6,9,1.5,98.4,4.169,-4.4,0,1,31694
2026-04-16T06:55:16,9.850688,-79.050591,18.2,6.80,85.0,8,3.8,98.0,4.169,-4.2,0,1,31695
2026-04-16T06:55:44,9.850718,-79.049728,29.1,7.24,95.7,8,2.2,98.3,4.168,-4.2,0,1,31696
2026-04-16T06:56:13,9.850692,-79.048790,31.6,6.65,87.7,8,2.2,98.1,4.169,-4.2,0,1,31697
2026-04-16T06:56:42,9.850680,-79.047867,29.5,6.85,77.2,8,3.7,98.3,4.171,-4.2,0,1,31698
2026-04-16T06:57:11,9.850640,-79.046921,31.5,7.16,90.1,8,2.2,98.3,4.170,-4.2,0,1,31699
2026-04-16T06:57:39,9.850591,-79.046043,37.3,7.03,96.7,8,2.2,98.6,4.171,-4.2,0,1,31700
2026-04-16T06:58:08,9.850583,-79.045181,43.1,5.58,84.2,8,2.2,99.2,4.171,-4.2,0,1,31701
2026-04-16T06:58:37,9.850505,-79.044258,42.7,6.76,73.7,8,2.2,98.9,4.173,-4.2,0,1,31702
2026-04-16T06:59:06,9.850477,-79.043335,42.6,6.61,90.7,8,2.1,98.9,4.174,-4.2,0,1,31703
2026-04-16T06:59:34,9.850353,-79.042397,36.3,6.96,84.7,8,2.1,99.1,4.175,2637.9,0,1,31704
2026-04-16T07:00:03,9.850266,-79.041481,30.1,6.36,97.3,8,2.1,99.2,4.175,-4.2,0,1,31705
2026-04-16T07:00:32,9.850214,-79.040527,27.8,6.60,83.8,8,3.3,99.4,4.176,-4.2,0,1,31706
2026-04-16T07:01:01,9.850270,-79.039574,35.8,6.92,81.1,8,3.3,99.4,4.177,-4.2,0,1,31707
2026-04-16T07:01:29,9.850186,-79.038666,30.9,6.83,94.7,8,3.2,99.6,4.177,2650.5,0,1,31708
2026-04-16T07:01:58,9.850260,-79.037758,37.1,7.04,81.1,8,3.2,99.4,4.177,-4.2,0,1,31709
2026-04-16T07:02:27,9.850310,-79.036842,35.2,6.61,86.4,8,3.2,99.4,4.177,-4.2,0,1,31710
2026-04-16T07:02:56,9.850305,-79.035889,38.5,6.29,89.4,8,2.1,99.6,4.180,-4.2,0,1,31711
2026-04-16T07:03:24,9.850188,-79.034973,37.7,6.58,94.7,8,2.1,99.7,4.181,-4.4,0,1,31712
2026-04-16T07:03:53,9.850129,-79.033974,31.2,7.17,83.4,8,3.0,99.9,4.181,-4.2,0,1,31713
2026-04-16T07:04:22,9.850121,-79.033058,30.6,7.07,91.1,8,3.0,100.3,4.182,-4.4,0,1,31714
2026-04-16T07:04:51,9.849996,-79.032150,26.9,7.23,96.5,8,3.0,100.0,4.184,-4.2,0,1,31715
2026-04-16T07:05:19,9.849916,-79.031204,25.4,7.30,94.6,8,2.0,100.2,4.185,-4.2,0,1,31716
2026-04-16T07:05:48,9.849847,-79.030228,21.2,6.93,100.2,8,2.0,100.2,4.185,-4.2,0,1,31717
2026-04-16T07:06:17,9.849838,-79.029297,20.0,5.29,98.3,8,2.9,100.5,4.186,-4.2,0,1,31718
2026-04-16T07:06:46,9.849904,-79.028412,36.1,6.98,94.1,9,1.9,100.7,4.185,2680.1,0,1,31719
2026-04-16T07:07:14,9.849872,-79.027512,24.3,6.77,73.9,9,1.9,100.5,4.187,-4.2,0,1,31720
2026-04-16T07:07:43,9.849752,-79.026550,21.3,6.39,90.2,9,1.9,100.7,4.187,-4.2,0,1,31721
2026-04-16T07:08:12,9.849856,-79.025658,26.5,7.05,80.4,9,2.5,101.0,4.190,-4.4,0,1,31722
2026-04-16T07:08:41,9.849728,-79.024704,24.1,6.77,95.5,9,1.9,101.0,4.190,-4.4,0,1,31723
2026-04-16T07:09:09,9.849686,-79.023834,24.2,6.29,99.6,9,1.9,101.0,4.191,-4.4,0,1,31724
2026-04-16T07:09:38,9.849643,-79.022896,23.3,5.60,110.1,9,1.9,101.0,4.191,-4.4,0,1,31725
2026-04-16T07:10:07,9.849626,-79.021980,21.8,6.63,91.9,9,1.9,101.5,4.194,-4.2,0,1,31726
2026-04-16T07:10:36,9.849539,-79.020996,17.3,7.39,78.2,9,1.9,101.5,4.193,-4.2,0,1,31727
2026-04-16T07:11:04,9.849593,-79.020081,21.1,6.21,85.0,9,1.9,101.6,4.194,-4.4,0,1,31728
2026-04-16T07:11:33,9.849579,-79.019180,21.1,6.51,96.2,9,1.8,101.5,4.195,-4.2,0,1,31729
2026-04-16T07:12:02,9.849554,-79.018242,25.4,6.73,92.2,9,1.8,101.6,4.196,-4.4,0,1,31730
2026-04-16T07:12:31,9.849269,-79.017281,8.9,7.17,94.2,9,1.8,101.8,4.196,-4.2,0,1,31731
2026-04-16T07:12:59,9.849236,-79.016373,8.8,6.87,89.8,9,1.8,101.8,4.198,-4.2,0,1,31732
2026-04-16T07:13:28,9.849266,-79.015434,6.1,7.14,94.0,9,1.8,101.9,4.198,-4.2,0,1,31733
2026-04-16T07:13:57,9.849296,-79.014519,10.2,6.66,90.4,9,1.8,102.1,4.200,-4.2,0,1,31734
2026-04-16T07:14:26,9.849206,-79.013603,8.6,7.06,91.8,9,1.8,102.1,4.200,-4.2,0,1,31735
2026-04-16T07:14:54,9.849232,-79.012672,15.7,7.24,95.5,9,1.8,102.4,4.200,-4.2,0,1,31736
2026-04-16T07:15:23,9.849367,-79.011772,13.8,7.36,89.5,9,1.8,102.6,4.202,-4.2,0,1,31737
2026-04-16T07:15:52,9.849201,-79.010826,15.9,6.99,102.1,10,1.3,102.6,4.202,2730.6,0,1,31738
2026-04-16T07:16:21,9.849132,-79.009926,8.4,7.29,80.5,9,1.7,102.6,4.204,-4.2,0,1,31739
2026-04-16T07:16:49,9.849091,-79.009041,4.9,6.26,93.7,9,1.7,102.7,4.205,-4.2,0,1,31740
2026-04-16T07:17:18,9.849089,-79.008133,-1.9,6.75,90.4,9,1.7,103.0,4.206,-4.2,0,1,31741
2026-04-16T07:17:47,9.849083,-79.007225,-7.2,5.66,87.0,10,1.2,103.0,4.205,-4.2,0,1,31742
2026-04-16T07:18:16,9.848977,-79.006294,-3.5,6.76,92.4,9,1.7,103.2,4.206,-4.2,0,1,31743
2026-04-16T07:18:44,9.848875,-79.005424,4.3,7.76,99.2,10,1.2,103.5,4.209,-4.4,0,1,31744
2026-04-16T07:19:13,9.848868,-79.004501,5.1,8.39,85.9,9,1.7,103.4,4.209,-4.2,0,1,31745
2026-04-16T07:19:42,9.848852,-79.003563,8.2,6.79,88.3,9,1.7,103.5,4.210,-4.4,0,1,31746
2026-04-16T07:20:11,9.848797,-79.002647,2.6,7.27,101.9,9,1.7,103.5,4.211,-4.4,0,1,31747
2026-04-16T07:20:39,9.848690,-79.001740,0.3,7.21,95.9,9,1.6,103.7,4.211,-4.2,0,1,31748
2026-04-16T07:21:08,9.848710,-79.000816,-1.2,7.25,100.5,9,1.6,103.7,4.211,-4.2,0,1,31749
2026-04-16T07:21:37,9.848594,-78.999886,0.8,7.61,106.2,9,1.6,103.8,4.213,-4.2,0,1,31750
2026-04-16T07:22:06,9.848679,-78.998962,1.0,7.09,87.8,9,1.6,103.7,4.213,-4.2,0,1,31751
2026-04-16T07:22:34,9.848603,-78.998024,10.1,6.35,96.4,9,1.6,103.7,4.213,-4.2,0,1,31752
2026-04-16T07:23:03,9.848675,-78.997070,18.0,7.17,83.7,9,1.6,104.0,4.213,-4.2,0,1,31753
2026-04-16T07:23:32,9.848674,-78.996155,33.2,6.92,98.8,10,1.2,104.0,4.214,-4.2,0,1,31754
2026-04-16T07:24:01,9.848660,-78.995209,32.7,7.59,108.6,9,1.6,104.0,4.213,-4.2,0,1,31755
2026-04-16T07:24:29,9.848645,-78.994339,30.4,6.76,89.5,9,1.6,104.0,4.214,-4.2,0,1,31756
2026-04-16T07:24:58,9.848649,-78.993454,32.9,6.78,89.2,10,1.3,104.0,4.214,-4.2,0,1,31757
2026-04-16T07:25:27,9.848619,-78.992470,23.8,7.14,82.2,9,1.9,104.0,4.214,-4.2,0,1,31758
2026-04-16T07:25:56,9.848576,-78.991539,25.3,6.85,89.8,11,1.0,104.0,4.214,-4.2,0,1,31759
2026-04-16T07:26:24,9.848578,-78.990623,28.2,6.56,83.4,10,1.3,103.8,4.214,-4.2,0,1,31760
2026-04-16T07:26:53,9.848456,-78.989639,31.9,8.27,109.9,10,1.3,104.1,4.214,-4.4,0,1,31761
2026-04-16T07:27:22,9.848403,-78.988678,26.0,6.84,88.4,10,1.3,104.0,4.214,-4.2,0,1,31762
2026-04-16T07:27:51,9.848427,-78.987823,27.2,5.11,72.4,8,1.9,104.0,4.214,-4.2,0,1,31763
2026-04-16T07:28:19,9.848382,-78.986923,20.3,6.25,85.0,9,1.4,104.0,4.214,2768.5,0,1,31764
2026-04-16T07:28:48,9.848340,-78.985977,20.6,8.00,97.4,8,1.9,104.3,4.215,-4.2,0,1,31765
2026-04-16T07:29:17,9.848389,-78.985069,8.7,6.49,92.1,8,1.9,104.3,4.216,-4.2,0,1,31766
2026-04-16T07:29:46,9.848335,-78.984169,5.3,6.59,87.4,8,1.9,104.1,4.214,-4.4,0,1,31767
2026-04-16T07:30:14,9.848320,-78.983276,9.9,6.88,101.7,8,1.9,104.1,4.215,-4.4,0,1,31768
2026-04-16T07:30:43,9.848293,-78.982346,12.8,6.50,89.2,9,1.3,104.3,4.215,-4.2,0,1,31769
2026-04-16T07:31:12,9.848186,-78.981369,14.1,6.71,87.7,8,1.9,104.0,4.214,-4.2,0,1,31770
2026-04-16T07:31:41,9.848125,-78.980461,13.0,6.55,86.0,9,1.3,104.3,4.216,-4.2,0,1,31771
2026-04-16T07:32:09,9.848110,-78.979561,12.2,6.47,78.8,9,1.3,104.1,4.214,-4.4,0,1,31772
2026-04-16T07:32:38,9.848062,-78.978615,17.1,6.67,88.9,8,1.9,104.1,4.215,-4.4,0,1,31773
2026-04-16T07:33:07,9.847969,-78.977699,23.6,7.21,91.0,9,1.3,104.5,4.215,-4.2,0,1,31774
2026-04-16T07:33:36,9.847960,-78.976723,22.2,6.49,83.3,9,1.3,104.3,4.216,-4.2,0,1,31775
2026-04-16T07:34:04,9.847889,-78.975807,25.2,6.66,98.2,8,1.9,104.1,4.218,-4.4,0,1,31776
2026-04-16T07:34:33,9.847816,-78.974884,22.1,6.68,93.2,8,1.9,104.1,4.216,-4.4,0,1,31777
2026-04-16T07:35:02,9.847718,-78.973961,21.3,6.05,98.5,8,1.9,104.5,4.216,-4.2,0,1,31778
2026-04-16T07:35:31,9.847680,-78.973030,19.9,6.67,100.1,8,1.9,104.5,4.215,-4.2,0,1,31779
2026-04-16T07:35:59,9.847693,-78.972145,22.9,6.62,86.8,8,1.9,104.3,4.216,-4.2,0,1,31780
2026-04-16T07:36:28,9.847613,-78.971199,18.1,6.27,89.2,8,1.9,104.1,4.215,-4.4,0,1,31781
2026-04-16T07:36:57,9.847544,-78.970276,8.8,5.86,78.4,8,1.9,104.5,4.216,-4.2,0,1,31782
2026-04-16T07:37:26,9.847540,-78.969368,7.4,7.82,92.6,8,1.9,104.1,4.216,-4.4,0,1,31783
2026-04-16T07:37:54,9.847468,-78.968521,3.5,6.19,98.5,8,1.9,104.5,4.215,-4.2,0,1,31784
2026-04-16T07:38:23,9.847397,-78.967537,-7.2,6.63,89.7,8,1.9,104.1,4.216,-4.4,0,1,31785
2026-04-16T07:38:52,9.847289,-78.966591,-10.9,5.51,101.1,8,1.9,104.5,4.216,-4.2,0,1,31786
2026-04-16T07:39:21,9.847192,-78.965637,-8.7,7.88,90.0,8,1.9,104.3,4.218,-4.2,0,1,31787
2026-04-16T07:39:49,9.847275,-78.964790,0.4,6.80,86.1,8,1.9,104.5,4.218,-4.2,0,1,31788
2026-04-16T07:40:18,9.847221,-78.963852,-3.7,7.13,105.1,9,1.3,104.5,4.218,-4.2,0,1,31789
2026-04-16T07:40:47,9.847230,-78.962921,-0.6,5.68,86.8,9,1.3,104.5,4.216,-4.2,0,1,31790
2026-04-16T07:41:16,9.847151,-78.961967,-3.6,5.92,92.3,8,1.9,104.3,4.216,-4.2,0,1,31791
2026-04-16T07:41:44,9.847107,-78.961090,1.2,5.26,88.3,9,1.3,104.5,4.218,-4.2,0,1,31792
2026-04-16T07:42:13,9.847032,-78.960159,-8.0,7.05,87.8,8,1.9,104.5,4.219,-4.2,0,1,31793
2026-04-16T07:42:42,9.847066,-78.959351,-26.9,6.41,100.7,8,1.9,104.1,4.219,-4.4,0,1,31794
2026-04-16T07:43:11,9.847127,-78.958458,-27.8,6.01,97.4,8,1.9,104.6,4.218,-4.2,0,1,31795
2026-04-16T07:43:39,9.847026,-78.957542,-25.7,6.98,104.9,9,1.7,104.5,4.216,-4.2,0,1,31796
2026-04-16T07:44:08,9.846973,-78.956589,-12.8,6.71,84.9,9,1.6,104.6,4.218,-4.2,0,1,31797
2026-04-16T07:44:37,9.846902,-78.955658,-14.2,6.50,95.0,9,1.6,104.6,4.219,-4.2,0,1,31798
2026-04-16T07:45:06,9.846892,-78.954750,-7.0,7.84,88.2,9,1.6,104.6,4.219,-4.2,0,1,31799
2026-04-16T07:45:34,9.846866,-78.953865,-2.1,6.79,98.1,9,1.6,104.5,4.218,-4.2,0,1,31800
2026-04-16T07:46:03,9.846877,-78.952972,-1.1,6.22,91.3,9,1.6,104.6,4.218,-4.2,0,1,31801
2026-04-16T07:46:32,9.846846,-78.952049,0.6,7.26,100.7,9,1.6,104.5,4.218,-4.2,0,1,31802
2026-04-16T07:47:01,9.846737,-78.951111,3.8,6.57,89.8,9,1.6,104.6,4.218,-4.2,0,1,31803
2026-04-16T07:47:29,9.846748,-78.950218,1.3,6.77,102.7,9,1.6,104.6,4.218,-4.2,0,1,31804
2026-04-16T07:47:58,9.846710,-78.949280,-5.9,7.06,91.9,9,1.6,104.5,4.219,-4.2,0,1,31805
2026-04-16T07:48:27,9.846672,-78.948372,-3.3,6.08,96.6,9,1.6,104.6,4.218,-4.2,0,1,31806
2026-04-16T07:48:56,9.846640,-78.947441,-11.7,7.39,85.8,9,1.6,104.6,4.219,-4.2,0,1,31807
2026-04-16T07:49:24,9.846607,-78.946564,-15.7,8.70,86.5,9,1.6,104.5,4.220,-4.2,0,1,31808
2026-04-16T07:49:53,9.846540,-78.945648,-5.3,6.78,98.6,10,1.6,104.5,4.220,-4.2,0,1,31809
2026-04-16T07:50:22,9.846635,-78.944717,-1.6,6.56,85.8,10,1.6,104.6,4.219,-4.2,0,1,31810
2026-04-16T07:50:51,9.846632,-78.943825,-3.5,6.67,89.9,10,1.6,104.3,4.218,-4.2,0,1,31811
2026-04-16T07:51:19,9.846624,-78.942947,-0.9,6.35,92.7,9,1.8,104.6,4.219,-4.2,0,1,31812
2026-04-16T07:51:48,9.846540,-78.942032,0.4,6.42,91.3,9,1.8,104.6,4.219,-4.2,0,1,31813
2026-04-16T07:52:17,9.846552,-78.941093,1.6,6.92,87.7,10,1.5,104.3,4.220,-4.2,0,1,31814
2026-04-16T07:52:46,9.846461,-78.940201,0.0,6.48,97.5,10,1.5,104.5,4.219,-4.2,0,1,31815
2026-04-16T07:53:14,9.846471,-78.939293,4.2,7.42,101.2,9,1.7,104.6,4.219,-4.2,0,1,31816
2026-04-16T07:53:43,9.846396,-78.938354,0.7,7.05,96.7,10,1.5,104.6,4.219,-4.2,0,1,31817
2026-04-16T07:54:12,9.846313,-78.937439,-2.8,7.11,97.7,10,1.5,104.5,4.219,-4.2,0,1,31818
2026-04-16T07:54:41,9.846360,-78.936523,3.3,6.74,87.4,9,1.7,104.5,4.219,-4.2,0,1,31819
2026-04-16T07:55:09,9.846318,-78.935654,7.9,6.60,94.6,9,1.7,104.5,4.219,-4.2,0,1,31820
2026-04-16T07:55:38,9.846292,-78.934738,8.7,6.68,91.5,9,1.7,104.6,4.218,-4.2,0,1,31821
2026-04-16T07:56:07,9.846302,-78.933807,10.1,8.74,77.3,9,1.7,104.8,4.219,-4.4,0,1,31822
2026-04-16T07:56:36,9.846248,-78.932899,11.6,6.83,85.2,9,1.7,104.6,4.219,-4.2,0,1,31823
2026-04-16T07:57:04,9.846208,-78.932076,8.5,6.32,92.4,9,1.7,104.6,4.218,-4.2,0,1,31824
2026-04-16T07:57:33,9.846195,-78.931175,7.0,6.51,90.5,9,1.7,104.6,4.219,-4.2,0,1,31825
2026-04-16T07:58:02,9.846158,-78.930260,5.5,6.66,101.8,9,1.7,104.3,4.221,-4.2,0,1,31826
2026-04-16T07:58:31,9.846163,-78.929352,3.8,7.05,85.8,9,1.7,104.8,4.219,-4.4,0,1,31827
2026-04-16T07:58:59,9.846080,-78.928452,-0.4,7.01,101.0,9,1.7,104.5,4.219,-4.2,0,1,31828
2026-04-16T07:59:28,9.846044,-78.927536,-4.4,6.39,86.8,9,1.7,104.8,4.219,-4.4,0,1,31829
2026-04-16T07:59:57,9.846037,-78.926620,-6.5,6.74,96.5,9,1.6,104.6,4.218,-4.2,0,1,31830
2026-04-16T08:00:26,9.845979,-78.925735,-12.6,6.46,102.4,9,1.6,104.6,4.218,-4.2,0,1,31831
2026-04-16T08:00:54,9.845954,-78.924889,-10.4,6.57,91.6,9,1.6,104.6,4.218,-4.2,0,1,31832
2026-04-16T08:01:23,9.845980,-78.923958,-5.5,7.04,85.9,10,1.5,104.6,4.218,-4.2,0,1,31833
2026-04-16T08:01:52,9.845883,-78.923050,12.5,6.89,97.7,10,1.5,104.6,4.219,-4.2,0,1,31834
2026-04-16T08:02:21,9.845852,-78.922180,4.2,7.21,86.0,10,1.5,104.6,4.218,-4.2,0,1,31835
2026-04-16T08:02:49,9.845889,-78.921303,4.4,7.21,94.1,10,1.5,104.8,4.220,-4.4,0,1,31836
2026-04-16T08:03:18,9.845874,-78.920395,7.4,6.57,83.4,10,1.5,104.5,4.220,-4.2,0,1,31837
2026-04-16T08:03:47,9.845841,-78.919533,1.7,6.36,95.7,10,1.4,104.9,4.219,-4.2,0,1,31838
2026-04-16T08:04:16,9.845835,-78.918617,9.7,6.21,81.7,10,1.4,104.6,4.219,-4.2,0,1,31839
2026-04-16T08:04:45,9.845744,-78.917694,15.1,7.14,76.2,10,1.4,104.8,4.220,-4.4,0,1,31840
2026-04-16T08:05:14,9.845807,-78.916725,23.6,6.79,86.6,10,1.4,104.6,4.219,-4.2,0,1,31841
2026-04-16T08:05:43,9.845695,-78.915779,26.1,6.41,89.9,10,1.4,104.5,4.219,-4.2,0,1,31842
2026-04-16T08:06:12,9.845629,-78.914948,22.9,5.92,93.3,10,1.4,104.6,4.220,-4.2,0,1,31843
2026-04-16T08:06:41,9.845632,-78.913994,28.9,7.61,110.7,9,1.5,104.6,4.219,-4.2,0,1,31844
2026-04-16T08:07:09,9.845658,-78.913109,27.3,6.37,85.1,10,1.4,104.6,4.220,-4.2,0,1,31845
2026-04-16T08:07:38,9.845634,-78.912193,25.2,6.51,94.2,10,1.4,104.9,4.218,-4.2,0,1,31846
2026-04-16T08:08:07,9.845658,-78.911263,30.7,6.64,88.0,10,1.4,104.6,4.219,-4.2,0,1,31847
2026-04-16T08:08:36,9.845528,-78.910347,26.4,6.51,87.1,10,1.4,104.5,4.220,-4.2,0,1,31848
2026-04-16T08:09:04,9.845557,-78.909508,22.2,5.03,96.5,10,1.4,104.5,4.220,-4.2,0,1,31849
2026-04-16T08:09:33,9.845458,-78.908615,22.4,6.59,113.6,10,1.4,104.6,4.219,-4.2,0,1,31850
2026-04-16T08:10:02,9.845518,-78.907707,26.8,6.77,90.7,10,1.4,104.8,4.219,-4.4,0,1,31851
2026-04-16T08:10:31,9.845523,-78.906761,28.8,6.51,93.7,10,1.4,104.8,4.220,-4.4,0,1,31852
2026-04-16T08:10:59,9.845595,-78.905891,26.9,6.21,85.5,10,1.4,104.6,4.219,-4.2,0,1,31853
2026-04-16T08:11:28,9.845469,-78.904999,19.6,6.44,79.9,10,1.4,104.6,4.219,-4.2,0,1,31854
2026-04-16T08:11:57,9.845362,-78.904060,24.6,5.73,95.7,10,1.4,104.8,4.219,-4.4,0,1,31855
2026-04-16T08:12:26,9.845372,-78.903107,25.9,7.55,74.4,10,1.3,104.6,4.220,-4.2,0,1,31856
2026-04-16T08:12:54,9.845295,-78.902237,22.3,6.54,80.1,10,1.3,104.5,4.219,-4.2,0,1,31857
2026-04-16T08:13:23,9.845322,-78.901321,25.3,7.47,89.3,10,1.3,104.5,4.219,-4.2,0,1,31858
2026-04-16T08:13:52,9.845270,-78.900406,16.5,6.63,88.8,10,1.3,104.8,4.220,-4.4,0,1,31859
2026-04-16T08:14:21,9.845262,-78.899475,22.0,6.68,90.0,10,1.3,104.8,4.220,-4.4,0,1,31860
2026-04-16T08:14:49,9.845244,-78.898582,25.2,6.79,102.3,10,1.3,104.3,4.218,-4.2,0,1,31861
2026-04-16T08:15:18,9.845235,-78.897667,20.0,5.63,95.3,10,1.3,104.1,4.216,-4.4,0,1,31862
2026-04-16T08:15:47,9.845249,-78.896713,17.2,6.84,102.4,9,1.8,104.3,4.214,-4.2,0,1,31863
2026-04-16T08:16:16,9.845260,-78.895790,18.0,6.48,109.0,10,1.3,104.0,4.215,-4.2,0,1,31864
2026-04-16T08:16:44,9.845259,-78.894928,15.8,6.55,82.4,10,1.3,104.1,4.214,-4.4,0,1,31865
2026-04-16T08:17:13,9.845181,-78.894051,3.8,6.59,91.1,10,1.3,104.5,4.215,-4.2,0,1,31866
2026-04-16T08:17:42,9.845154,-78.893143,8.1,6.69,103.4,10,1.3,104.1,4.215,-4.4,0,1,31867
2026-04-16T08:18:11,9.845046,-78.892242,-0.1,7.10,99.5,10,1.3,104.1,4.214,-4.4,0,1,31868
2026-04-16T08:18:39,9.845081,-78.891319,12.3,7.15,81.4,9,1.8,104.1,4.215,-4.4,0,1,31869
2026-04-16T08:19:08,9.845011,-78.890480,0.4,6.40,84.9,10,1.3,104.0,4.215,-4.2,0,1,31870
2026-04-16T08:19:37,9.844922,-78.889572,0.4,6.79,92.6,10,1.3,103.8,4.216,-4.2,0,1,31871
2026-04-16T08:20:06,9.844878,-78.888641,-12.3,6.51,91.1,10,1.3,104.1,4.213,-4.4,0,1,31872
2026-04-16T08:20:34,9.844753,-78.887787,-14.8,6.83,98.2,9,1.3,104.0,4.214,-4.2,0,1,31873
2026-04-16T08:21:03,9.844637,-78.886940,-41.4,6.18,91.0,10,1.3,104.0,4.214,-4.2,0,1,31874
2026-04-16T08:21:32,9.844534,-78.886047,-53.0,6.55,80.5,10,1.2,104.1,4.215,-4.4,0,1,31875
2026-04-16T08:22:01,9.844450,-78.885155,-48.9,6.46,100.6,9,1.8,104.1,4.218,-4.4,0,1,31876
2026-04-16T08:22:29,9.844520,-78.884293,-38.9,6.33,93.6,9,1.8,104.1,4.214,-4.4,0,1,31877
2026-04-16T08:22:58,9.844464,-78.883331,-32.9,6.89,90.7,9,1.8,104.3,4.214,-4.2,0,1,31878
2026-04-16T08:23:27,9.844492,-78.882408,-38.6,6.61,92.0,9,1.8,104.1,4.214,-4.4,0,1,31879
2026-04-16T08:23:56,9.844432,-78.881500,-29.1,6.37,93.1,9,1.8,104.1,4.214,-4.4,0,1,31880
2026-04-16T08:24:24,9.844340,-78.880577,-35.0,6.35,85.1,9,1.7,104.0,4.214,-4.2,0,1,31881
2026-04-16T08:24:53,9.844381,-78.879562,-29.0,7.31,92.3,9,1.7,104.1,4.214,-4.4,0,1,31882
2026-04-16T08:25:22,9.844401,-78.878685,-38.8,7.69,97.1,9,1.7,104.0,4.215,-4.2,0,1,31883
2026-04-16T08:25:51,9.844351,-78.877769,-34.0,7.05,106.5,9,1.7,104.1,4.213,-4.4,0,1,31884
2026-04-16T08:26:19,9.844289,-78.876884,-33.2,6.33,88.6,11,1.1,104.0,4.214,-4.2,0,1,31885
2026-04-16T08:26:48,9.844255,-78.875977,-38.4,7.20,89.4,9,1.7,104.1,4.215,-4.4,0,1,31886
2026-04-16T08:27:17,9.844296,-78.875092,-46.9,7.56,86.5,11,1.1,104.0,4.214,-4.2,0,1,31887
2026-04-16T08:27:46,9.844202,-78.874092,-33.4,7.16,95.1,10,1.2,104.0,4.214,-4.2,0,1,31888
2026-04-16T08:28:14,9.844206,-78.873177,-20.7,6.67,86.8,9,1.3,103.8,4.214,-4.2,0,1,31889
2026-04-16T08:28:43,9.844149,-78.872231,-14.1,7.39,97.6,11,1.1,104.1,4.214,-4.4,0,1,31890
2026-04-16T08:29:12,9.844144,-78.871330,-27.1,6.97,89.5,11,1.1,104.0,4.213,-4.2,0,1,31891
2026-04-16T08:29:41,9.844069,-78.870438,-31.9,5.66,93.6,11,1.1,104.0,4.213,-4.2,0,1,31892
2026-04-16T08:30:09,9.844024,-78.869545,-25.6,7.22,100.6,9,1.2,104.0,4.215,-4.2,0,1,31893
2026-04-16T08:30:38,9.843922,-78.868599,-12.4,7.72,80.3,8,2.2,104.0,4.214,-4.2,0,1,31894
2026-04-16T08:31:07,9.843849,-78.867683,-0.4,6.29,95.9,10,1.1,104.0,4.215,-4.2,0,1,31895
2026-04-16T08:31:36,9.843700,-78.866745,14.3,7.52,95.1,9,1.2,103.8,4.213,-4.2,0,1,31896
2026-04-16T08:32:04,9.843600,-78.865906,16.3,7.66,102.2,9,1.2,104.1,4.214,-4.4,0,1,31897
2026-04-16T08:32:33,9.843616,-78.864929,4.9,7.00,92.8,9,1.2,104.0,4.214,-4.2,0,1,31898
2026-04-16T08:33:02,9.843606,-78.864021,4.5,5.73,82.7,9,2.2,104.0,4.214,-4.2,0,1,31899
2026-04-16T08:33:31,9.843612,-78.863060,11.0,6.95,88.3,9,2.2,104.0,4.215,-4.2,0,1,31900
2026-04-16T08:33:59,9.843591,-78.862198,8.2,6.68,106.4,10,1.1,104.1,4.214,-4.4,0,1,31901
2026-04-16T08:34:28,9.843626,-78.861275,6.9,7.37,85.2,9,2.2,104.0,4.215,-4.2,0,1,31902
2026-04-16T08:34:57,9.843616,-78.860359,3.8,6.66,93.4,9,1.1,104.0,4.214,-4.2,0,1,31903
2026-04-16T08:35:26,9.843658,-78.859459,-11.0,7.29,86.3,10,1.1,104.0,4.214,-4.2,0,1,31904
2026-04-16T08:35:54,9.843627,-78.858543,-11.4,7.33,92.4,10,1.1,104.0,4.214,-4.2,0,1,31905
2026-04-16T08:36:23,9.843600,-78.857628,-8.9,7.63,85.7,10,1.1,104.0,4.214,-4.2,0,1,31906
2026-04-16T08:36:52,9.843541,-78.856728,-11.1,6.06,93.7,9,2.2,104.0,4.214,-4.2,0,1,31907
2026-04-16T08:37:21,9.843509,-78.855827,-3.3,6.89,80.4,10,1.1,104.0,4.214,-4.2,0,1,31908
2026-04-16T08:37:49,9.843469,-78.854935,-1.7,7.58,90.4,9,2.2,104.0,4.214,-4.2,0,1,31909
2026-04-16T08:38:18,9.843489,-78.854034,1.4,6.82,83.8,10,1.1,104.3,4.216,-4.2,0,1,31910
2026-04-16T08:38:47,9.843440,-78.853111,-4.1,6.25,85.6,9,2.2,104.1,4.215,-4.4,0,1,31911
2026-04-16T08:39:16,9.843293,-78.852242,6.0,7.08,82.0,10,1.1,103.8,4.214,-4.2,0,1,31912
2026-04-16T08:39:44,9.843194,-78.851372,9.9,6.51,84.5,10,1.1,104.1,4.214,-4.4,0,1,31913
2026-04-16T08:40:13,9.843170,-78.850433,13.9,6.77,88.1,11,1.0,104.1,4.213,-4.4,0,1,31914
2026-04-16T08:40:42,9.843214,-78.849487,17.5,7.40,104.3,10,1.2,104.1,4.214,-4.4,0,1,31915
2026-04-16T08:41:11,9.843224,-78.848579,15.9,7.08,80.2,11,1.0,104.0,4.215,-4.2,0,1,31916
2026-04-16T08:41:39,9.843209,-78.847679,6.0,6.08,82.8,10,1.2,104.0,4.213,-4.2,0,1,31917
2026-04-16T08:42:08,9.843192,-78.846764,5.8,6.88,101.1,11,1.0,104.0,4.214,-4.2,0,1,31918
2026-04-16T08:42:37,9.843144,-78.845863,4.9,6.59,109.8,11,1.0,104.0,4.214,-4.2,0,1,31919
2026-04-16T08:43:06,9.843147,-78.844910,6.1,6.26,85.8,11,1.0,104.0,4.213,-4.2,0,1,31920
2026-04-16T08:43:34,9.843110,-78.843994,2.3,7.15,84.2,11,1.0,104.0,4.214,-4.2,0,1,31921
2026-04-16T08:44:03,9.843099,-78.843086,1.1,7.05,87.1,11,1.0,104.0,4.214,-4.2,0,1,31922
2026-04-16T08:44:32,9.843069,-78.842155,-3.1,6.79,85.3,11,1.0,104.0,4.215,-4.2,0,1,31923
2026-04-16T08:45:01,9.843007,-78.841202,-1.6,6.68,92.7,10,2.1,104.1,4.213,-4.4,0,1,31924
2026-04-16T08:45:29,9.842938,-78.840317,-2.3,7.04,78.8,11,1.0,103.8,4.214,-4.2,0,1,31925
2026-04-16T08:45:58,9.842898,-78.839394,7.9,6.85,97.9,11,1.0,103.8,4.214,-4.2,0,1,31926
2026-04-16T08:46:27,9.842916,-78.838409,13.9,6.70,93.4,10,1.2,104.0,4.213,-4.2,0,1,31927
2026-04-16T08:46:56,9.842912,-78.837372,16.0,8.17,96.0,10,1.3,104.0,4.213,-4.2,0,1,31928
2026-04-16T08:47:24,9.842963,-78.836258,25.7,8.69,81.4,9,1.3,103.8,4.214,-4.2,0,1,31929
2026-04-16T08:47:53,9.842987,-78.835075,8.6,10.47,85.1,10,1.3,104.1,4.214,-4.4,0,1,31930
2026-04-16T08:48:22,9.842952,-78.833832,2.0,9.74,93.0,10,1.3,104.0,4.215,-4.2,0,1,31931
2026-04-16T08:48:51,9.842906,-78.832489,-4.9,10.36,85.6,10,1.3,104.0,4.214,-4.2,0,1,31932
2026-04-16T08:49:19,9.842813,-78.831146,-15.6,11.43,107.4,10,1.3,104.3,4.214,-4.2,0,1,31933
2026-04-16T08:49:48,9.842838,-78.829727,-11.3,10.54,88.3,11,0.9,104.1,4.213,-4.4,0,1,31934
2026-04-16T08:50:17,9.842775,-78.828232,-11.5,11.04,85.1,10,1.3,104.0,4.213,-4.2,0,1,31935
2026-04-16T08:50:46,9.842708,-78.826729,-1.0,11.23,100.4,10,1.3,104.0,4.214,-4.2,0,1,31936
2026-04-16T08:51:14,9.842673,-78.825226,-0.2,12.01,87.3,10,1.3,104.3,4.213,-4.2,0,1,31937
2026-04-16T08:51:43,9.842657,-78.823677,0.4,11.04,87.7,10,1.3,104.0,4.213,-4.2,0,1,31938
2026-04-16T08:52:12,9.842593,-78.822090,6.0,11.99,87.7,10,1.3,104.0,4.211,-4.2,0,1,31939
2026-04-16T08:52:41,9.842552,-78.820541,-5.4,12.52,92.9,9,1.3,103.7,4.214,-4.2,0,1,31940
2026-04-16T08:53:09,9.842522,-78.819054,-4.8,11.32,82.5,10,1.3,103.7,4.213,-4.2,0,1,31941
2026-04-16T08:53:38,9.842445,-78.817436,-0.9,11.74,85.9,10,1.3,103.8,4.215,-4.2,0,1,31942
2026-04-16T08:54:07,9.842519,-78.815819,4.6,12.37,88.2,10,1.3,104.0,4.214,-4.2,0,1,31943
2026-04-16T08:54:36,9.842435,-78.814240,-4.6,12.83,86.4,10,1.3,103.8,4.213,-4.2,0,1,31944
2026-04-16T08:55:04,9.842321,-78.812668,-1.0,11.93,92.2,10,1.3,104.3,4.213,-4.2,0,1,31945
2026-04-16T08:55:33,9.842415,-78.811020,-9.6,11.04,89.3,10,1.3,103.7,4.215,-4.2,0,1,31946
2026-04-16T08:56:02,9.842360,-78.809402,-18.1,11.70,92.3,10,1.3,104.0,4.214,-4.2,0,1,31947
2026-04-16T08:56:31,9.842363,-78.807785,-20.1,12.55,88.6,10,1.3,103.8,4.213,-4.2,0,1,31948
2026-04-16T08:56:59,9.842292,-78.806213,-14.0,11.55,94.7,10,1.3,104.0,4.211,-4.2,0,1,31949
2026-04-16T08:57:28,9.842271,-78.804573,-9.9,12.06,91.3,10,1.3,104.0,4.214,-4.2,0,1,31950
2026-04-16T08:57:57,9.842200,-78.802986,-9.1,12.63,87.6,9,1.7,103.8,4.213,-4.2,0,1,31951
2026-04-16T08:58:26,9.842066,-78.801437,6.3,11.42,92.8,10,1.3,104.0,4.214,-4.2,0,1,31952
2026-04-16T08:58:54,9.841970,-78.799881,8.0,11.66,91.2,9,1.3,103.8,4.214,-4.2,0,1,31953
2026-04-16T08:59:23,9.841910,-78.798233,8.3,11.79,93.1,9,1.3,104.0,4.214,-4.2,0,1,31954
2026-04-16T08:59:52,9.841867,-78.796638,10.1,11.78,99.6,9,1.7,104.0,4.213,-4.2,0,1,31955
2026-04-16T09:00:21,9.841839,-78.794991,15.2,12.01,99.6,10,1.3,104.0,4.215,-4.2,0,1,31956
2026-04-16T09:00:49,9.841817,-78.793388,20.4,12.36,93.3,9,1.3,104.0,4.213,-4.2,0,1,31957
2026-04-16T09:01:18,9.841772,-78.791771,22.4,12.87,96.5,9,1.7,104.0,4.214,-4.2,0,1,31958
2026-04-16T09:01:47,9.841727,-78.790146,29.1,12.00,94.7,9,1.3,104.0,4.214,-4.2,0,1,31959
2026-04-16T09:02:16,9.841692,-78.788506,27.0,13.27,82.9,9,1.3,104.0,4.214,-4.2,0,1,31960
2026-04-16T09:02:44,9.841599,-78.786942,22.4,12.34,89.3,9,1.3,103.8,4.214,-4.2,0,1,31961
2026-04-16T09:03:13,9.841532,-78.785309,23.3,11.67,90.9,8,1.7,103.8,4.214,-4.2,0,1,31962
2026-04-16T09:03:42,9.841467,-78.783691,29.4,11.75,97.6,9,1.7,103.8,4.213,-4.2,0,1,31963
2026-04-16T09:04:11,9.841432,-78.782089,23.1,12.54,90.7,9,1.7,104.0,4.213,-4.2,0,1,31964
2026-04-16T09:04:39,9.841255,-78.780502,32.0,12.68,85.0,10,1.2,104.1,4.213,-4.4,0,1,31965
2026-04-16T09:05:08,9.841249,-78.778885,23.5,11.89,97.9,10,1.2,104.0,4.213,-4.2,0,1,31966
2026-04-16T09:05:37,9.841266,-78.777245,23.9,12.55,100.0,10,1.2,104.1,4.213,-4.4,0,1,31967
2026-04-16T09:06:06,9.840952,-78.775665,31.3,12.31,94.1,10,1.2,104.0,4.214,-4.2,0,1,31968
2026-04-16T09:06:34,9.840651,-78.774101,26.5,11.32,99.8,9,1.6,103.7,4.213,-4.2,0,1,31969
2026-04-16T09:07:03,9.840200,-78.772583,24.5,11.44,105.9,9,1.6,103.8,4.213,-4.2,0,1,31970
2026-04-16T09:07:32,9.839634,-78.771080,8.3,10.60,111.4,9,1.6,104.0,4.213,-4.2,0,1,31971
2026-04-16T09:08:01,9.838987,-78.769539,14.1,12.20,120.3,9,1.6,104.0,4.215,-4.2,0,1,31972
2026-04-16T09:08:29,9.838139,-78.768204,-2.6,12.27,118.9,9,1.6,103.8,4.213,-4.2,0,1,31973
2026-04-16T09:08:58,9.837216,-78.766853,-4.1,11.54,120.1,9,1.6,103.8,4.214,-4.2,0,1,31974
2026-04-16T09:09:27,9.836353,-78.765434,14.2,11.35,128.3,10,1.3,104.0,4.215,-4.2,0,1,31975
2026-04-16T09:09:56,9.835365,-78.764198,13.1,11.65,136.6,10,1.3,103.8,4.213,-4.2,0,1,31976
2026-04-16T09:10:24,9.834240,-78.763092,13.6,13.54,132.5,10,1.3,103.8,4.214,-4.2,0,1,31977
2026-04-16T09:10:53,9.832845,-78.762077,5.0,12.87,146.0,9,1.4,103.8,4.213,-4.2,0,1,31978
2026-04-16T09:11:22,9.831603,-78.761108,1.9,12.16,146.5,9,1.4,103.8,4.213,-4.2,0,1,31979
2026-04-16T09:11:51,9.830210,-78.760094,25.7,12.13,148.4,9,1.4,103.8,4.215,-4.2,0,1,31980
2026-04-16T09:12:19,9.828631,-78.759377,43.3,13.02,151.6,8,1.5,104.1,4.211,-4.4,0,1,31981
2026-04-16T09:12:48,9.827157,-78.758835,23.3,11.46,159.5,8,1.5,103.8,4.213,-4.2,0,1,31982
2026-04-16T09:13:17,9.825620,-78.758385,19.2,12.13,165.9,7,1.7,103.8,4.213,-4.2,0,1,31983
2026-04-16T09:13:46,9.823908,-78.758018,18.6,12.21,166.7,10,1.1,103.8,4.213,-4.2,0,1,31984
2026-04-16T09:14:14,9.822267,-78.757744,24.0,11.86,173.3,9,1.4,104.0,4.215,-4.2,0,1,31985
2026-04-16T09:14:43,9.820611,-78.757797,22.9,11.91,183.6,9,1.4,103.8,4.214,-4.2,0,1,31986
2026-04-16T09:15:12,9.818942,-78.757866,20.1,12.46,185.5,10,1.1,104.1,4.213,-4.4,0,1,31987
2026-04-16T09:15:41,9.817244,-78.758224,33.6,12.25,192.0,10,1.3,103.8,4.213,-4.2,0,1,31988
2026-04-16T09:16:09,9.815794,-78.758820,30.8,12.01,200.1,10,1.2,103.8,4.214,-4.2,0,1,31989
2026-04-16T09:16:38,9.814260,-78.759384,21.8,12.00,202.6,10,1.2,103.8,4.211,-4.2,0,1,31990
2026-04-16T09:17:07,9.812806,-78.760124,21.0,12.17,212.5,9,1.4,104.0,4.211,-4.2,0,1,31991
2026-04-16T09:17:36,9.811463,-78.760963,15.7,12.30,217.5,10,1.3,103.8,4.213,-4.2,0,1,31992
2026-04-16T09:18:04,9.810079,-78.761940,14.4,11.72,217.3,10,1.3,103.8,4.214,-4.2,0,1,31993
2026-04-16T09:18:33,9.808744,-78.763107,4.1,12.79,223.9,9,1.3,104.0,4.214,-4.2,0,1,31994
2026-04-16T09:19:02,9.807615,-78.764221,-1.3,12.24,226.4,10,1.3,103.8,4.214,-4.2,0,1,31995
2026-04-16T09:19:31,9.806486,-78.765411,-12.4,14.85,229.7,8,1.8,103.8,4.213,-4.2,0,1,31996
2026-04-16T09:19:59,9.805302,-78.766624,-13.7,11.89,221.7,10,1.3,104.1,4.213,-4.4,0,1,31997
2026-04-16T09:20:28,9.804072,-78.767799,-16.3,12.08,221.0,10,1.5,103.8,4.211,-4.2,0,1,31998
2026-04-16T09:20:57,9.802880,-78.768921,-8.6,11.61,224.9,11,1.3,104.0,4.214,-4.2,0,1,31999
2026-04-16T09:21:26,9.801565,-78.769958,-13.1,11.67,225.4,9,1.6,104.0,4.213,-4.2,0,1,32000
2026-04-16T09:21:54,9.800404,-78.771141,-8.0,12.64,222.6,9,1.6,104.0,4.213,-4.2,0,1,32001
2026-04-16T09:22:23,9.799237,-78.772278,14.2,12.35,221.1,10,1.1,104.1,4.213,-4.4,0,1,32002
2026-04-16T09:22:52,9.798085,-78.773460,4.3,11.83,221.4,10,1.3,104.5,4.213,-4.2,0,1,32003
2026-04-16T09:23:21,9.796968,-78.774544,1.0,11.85,225.4,10,1.3,104.0,4.214,-4.2,0,1,32004
2026-04-16T09:23:49,9.795740,-78.775436,13.1,11.78,217.3,11,1.3,103.8,4.213,-4.2,0,1,32005
2026-04-16T09:24:18,9.794624,-78.776535,17.9,11.26,224.2,11,1.3,103.7,4.213,-4.2,0,1,32006
2026-04-16T09:24:47,9.793528,-78.777641,9.8,11.91,224.9,12,1.0,103.8,4.214,-4.2,0,1,32007
2026-04-16T09:25:16,9.792326,-78.778656,14.7,11.43,223.6,9,1.6,103.8,4.213,-4.2,0,1,32008
2026-04-16T09:25:44,9.791259,-78.779648,15.5,11.75,222.6,11,1.3,103.8,4.213,-4.2,0,1,32009
2026-04-16T09:26:13,9.790232,-78.780785,7.1,10.57,221.2,11,1.3,103.8,4.213,-4.2,0,1,32010
2026-04-16T09:26:42,9.789102,-78.781769,11.0,11.17,219.5,11,1.3,104.0,4.213,-4.2,0,1,32011
2026-04-16T09:27:11,9.787975,-78.782875,8.8,11.21,222.1,10,1.5,104.1,4.214,-4.4,0,1,32012
2026-04-16T09:27:39,9.787000,-78.783951,-1.0,11.84,226.7,10,1.5,104.0,4.213,-4.2,0,1,32013
2026-04-16T09:28:08,9.785882,-78.784958,1.8,11.36,225.4,12,1.1,103.8,4.213,-4.2,0,1,32014
2026-04-16T09:28:37,9.784849,-78.785988,-5.6,10.92,221.9,11,1.3,103.8,4.211,-4.2,0,1,32015
2026-04-16T09:29:06,9.783753,-78.786957,-5.3,10.97,223.2,11,1.3,104.0,4.213,-4.2,0,1,32016
2026-04-16T09:29:34,9.782708,-78.787849,-1.1,10.84,219.7,10,1.5,104.0,4.214,-4.2,0,1,32017
2026-04-16T09:30:03,9.781628,-78.788788,2.4,10.44,224.7,10,1.5,104.0,4.214,-4.2,0,1,32018
2026-04-16T09:30:32,9.780581,-78.789719,2.8,10.93,226.4,11,1.3,104.0,4.211,-4.2,0,1,32019
2026-04-16T09:31:01,9.779605,-78.790733,-5.6,10.55,222.2,11,1.3,104.0,4.213,-4.2,0,1,32020
2026-04-16T09:31:29,9.778619,-78.791626,-1.4,10.59,221.4,11,1.3,104.0,4.214,-4.2,0,1,32021
2026-04-16T09:31:58,9.777635,-78.792564,-5.9,9.93,217.8,10,1.5,103.7,4.213,-4.2,0,1,32022
2026-04-16T09:32:27,9.776678,-78.793556,-9.8,10.12,220.6,12,1.1,103.8,4.214,-4.2,0,1,32023
2026-04-16T09:32:56,9.775623,-78.794495,-8.3,10.26,218.4,12,1.1,103.8,4.214,-4.2,0,1,32024
2026-04-16T09:33:24,9.774728,-78.795380,-14.1,9.34,220.1,12,0.9,104.0,4.211,-4.2,0,1,32025
2026-04-16T09:33:53,9.773794,-78.796432,-21.5,10.30,226.0,12,1.1,103.8,4.214,-4.2,0,1,32026
2026-04-16T09:34:22,9.772661,-78.797249,-13.5,10.52,223.2,12,1.1,103.5,4.213,-4.4,0,1,32027
2026-04-16T09:34:51,9.771654,-78.798210,-13.0,10.42,220.2,12,1.1,103.8,4.213,-4.2,0,1,32028
2026-04-16T09:35:19,9.770623,-78.799088,-10.6,10.95,223.2,12,1.0,104.0,4.213,-4.2,0,1,32029
2026-04-16T09:35:48,9.769694,-78.800041,0.8,10.47,224.0,11,1.3,103.8,4.211,-4.2,0,1,32030
2026-04-16T09:36:17,9.768655,-78.800941,7.7,10.43,229.4,13,0.9,103.8,4.213,-4.2,0,1,32031
2026-04-16T09:36:46,9.767688,-78.801903,0.5,10.51,224.5,12,1.1,103.7,4.213,-4.2,0,1,32032
2026-04-16T09:37:14,9.766734,-78.802818,1.2,10.86,228.4,12,1.1,103.7,4.214,-4.2,0,1,32033
2026-04-16T09:37:43,9.765721,-78.803734,6.3,10.67,224.7,12,1.1,103.8,4.211,-4.2,0,1,32034
2026-04-16T09:38:12,9.764750,-78.804672,4.8,9.57,223.2,12,1.0,104.0,4.213,-4.2,0,1,32035
2026-04-16T09:38:41,9.763762,-78.805603,9.4,9.55,233.3,11,1.3,103.7,4.213,-4.2,0,1,32036
2026-04-16T09:39:09,9.762794,-78.806511,11.6,10.13,225.7,12,1.1,103.8,4.213,-4.2,0,1,32037
2026-04-16T09:39:38,9.761804,-78.807434,13.5,9.61,219.7,12,1.1,103.7,4.213,-4.2,0,1,32038
2026-04-16T09:40:07,9.760859,-78.808388,5.6,9.68,225.6,13,0.9,103.8,4.213,-4.2,0,1,32039
2026-04-16T09:40:36,9.759850,-78.809303,9.9,10.21,220.6,12,1.1,103.8,4.213,-4.2,0,1,32040
2026-04-16T09:41:04,9.758892,-78.810211,7.5,9.86,223.6,13,0.9,103.8,4.211,-4.2,0,1,32041
2026-04-16T09:41:33,9.757912,-78.811134,4.5,9.81,221.7,12,1.1,103.8,4.213,-4.2,0,1,32042
2026-04-16T09:42:02,9.756935,-78.812080,5.5,9.88,223.5,11,1.3,103.8,4.215,-4.2,0,1,32043
2026-04-16T09:42:31,9.755965,-78.813042,0.5,10.38,223.3,12,1.0,103.8,4.213,-4.2,0,1,32044
2026-04-16T09:42:59,9.755036,-78.813904,1.4,10.38,219.3,12,1.1,103.8,4.213,-4.2,0,1,32045
2026-04-16T09:43:28,9.754104,-78.814873,-0.9,10.04,225.8,12,1.1,103.8,4.213,-4.2,0,1,32046
2026-04-16T09:43:57,9.753145,-78.815826,7.7,10.22,231.3,13,1.0,103.8,4.214,-4.2,0,1,32047
2026-04-16T09:44:26,9.752078,-78.816689,13.9,9.71,223.2,13,1.0,103.8,4.214,-4.2,0,1,32048
2026-04-16T09:44:54,9.751080,-78.817558,16.7,10.06,216.4,13,1.0,103.8,4.213,-4.2,0,1,32049
2026-04-16T09:45:23,9.750087,-78.818497,18.8,9.50,228.3,11,1.1,103.8,4.211,-4.2,0,1,32050
2026-04-16T09:45:52,9.749095,-78.819504,29.5,9.93,233.0,11,1.3,104.0,4.213,-4.2,0,1,32051
2026-04-16T09:46:21,9.748075,-78.820351,31.9,9.74,222.3,11,1.2,103.8,4.213,-4.2,0,1,32052
2026-04-16T09:46:49,9.747182,-78.821289,24.9,8.31,216.7,9,1.5,103.8,4.214,-4.2,0,1,32053
2026-04-16T09:47:18,9.746205,-78.822220,22.8,10.67,224.4,11,1.2,103.7,4.211,-4.2,0,1,32054
2026-04-16T09:47:47,9.745200,-78.823128,19.1,10.01,220.3,10,1.3,103.8,4.213,-4.2,0,1,32055
2026-04-16T09:48:16,9.744175,-78.824074,24.1,10.57,222.9,11,1.2,104.0,4.214,-4.2,0,1,32056
2026-04-16T09:48:44,9.743227,-78.824974,18.7,10.35,221.9,10,1.3,103.7,4.213,-4.2,0,1,32057
2026-04-16T09:49:13,9.742243,-78.825935,28.5,10.29,223.9,11,1.2,103.8,4.213,-4.2,0,1,32058
2026-04-16T09:49:42,9.741270,-78.826889,27.8,9.71,226.2,10,1.3,103.8,4.214,-4.2,0,1,32059
2026-04-16T09:50:11,9.740258,-78.827820,25.8,9.91,225.5,10,1.3,103.8,4.214,-4.2,0,1,32060
2026-04-16T09:50:39,9.739353,-78.828743,14.8,9.91,219.4,9,1.3,103.8,4.213,-4.2,0,1,32061
2026-04-16T09:51:08,9.738467,-78.829712,-1.6,10.11,222.2,9,1.3,103.8,4.211,-4.2,0,1,32062
2026-04-16T09:51:37,9.737483,-78.830673,-5.0,10.89,220.7,10,1.2,104.0,4.213,-4.2,0,1,32063
2026-04-16T09:52:06,9.736570,-78.831627,-1.9,9.82,223.7,9,1.3,103.8,4.211,-4.2,0,1,32064
2026-04-16T09:52:34,9.735544,-78.832481,0.1,9.57,222.9,8,1.6,103.8,4.213,-4.2,0,1,32065
2026-04-16T09:53:03,9.734566,-78.833435,3.1,10.69,223.8,9,1.3,103.8,4.213,-4.2,0,1,32066
2026-04-16T09:53:32,9.733577,-78.834404,3.6,10.63,218.9,8,1.6,103.7,4.213,-4.2,0,1,32067
2026-04-16T09:54:01,9.732592,-78.835335,5.0,9.64,224.3,8,1.4,103.8,4.213,-4.2,0,1,32068
2026-04-16T09:54:29,9.731660,-78.836266,-0.4,9.65,223.6,9,1.2,104.1,4.211,-4.4,0,1,32069
2026-04-16T09:54:58,9.730703,-78.837196,3.7,10.36,218.9,8,1.6,103.7,4.211,-4.2,0,1,32070
2026-04-16T09:55:27,9.729707,-78.838120,2.7,9.49,223.3,8,1.5,104.0,4.211,-4.2,0,1,32071
2026-04-16T09:55:56,9.728828,-78.839142,-14.8,10.04,225.1,10,1.1,103.8,4.211,-4.2,0,1,32072
2026-04-16T09:56:24,9.727879,-78.840042,-13.6,9.94,223.0,9,1.1,104.0,4.214,-4.2,0,1,32073
2026-04-16T09:56:53,9.726908,-78.841034,-7.5,10.61,223.3,9,1.2,103.7,4.213,-4.2,0,1,32074
2026-04-16T09:57:22,9.725873,-78.841965,-3.5,9.79,226.3,10,1.1,103.7,4.213,-4.2,0,1,32075
2026-04-16T09:57:51,9.724960,-78.842896,-3.6,10.12,227.4,9,1.3,103.7,4.213,-4.2,0,1,32076
2026-04-16T09:58:19,9.724008,-78.843788,-10.0,9.50,217.4,10,1.1,104.0,4.213,-4.2,0,1,32077
2026-04-16T09:58:48,9.723048,-78.844772,-17.6,10.03,220.7,10,1.1,104.0,4.213,-4.2,0,1,32078
2026-04-16T09:59:17,9.722047,-78.845711,-20.1,12.72,224.3,9,1.3,104.1,4.213,-4.4,0,1,32079
2026-04-16T09:59:46,9.721053,-78.846642,-15.8,9.35,216.1,10,1.1,103.8,4.213,-4.2,0,1,32080
2026-04-16T10:00:14,9.720110,-78.847504,-18.2,9.19,221.8,10,1.1,103.8,4.214,-4.2,0,1,32081
2026-04-16T10:00:43,9.719068,-78.848396,-19.6,10.54,214.9,10,1.1,103.8,4.213,-4.2,0,1,32082
2026-04-16T10:01:12,9.718106,-78.849327,-27.6,10.39,217.1,10,1.1,103.7,4.214,-4.2,0,1,32083
2026-04-16T10:01:41,9.717133,-78.850288,-25.1,10.86,223.1,9,1.3,103.8,4.213,-4.2,0,1,32084
2026-04-16T10:02:09,9.716160,-78.851120,-23.7,9.79,220.6,10,1.1,104.0,4.213,-4.2,0,1,32085
2026-04-16T10:02:38,9.715172,-78.852051,-25.1,9.09,228.1,9,1.3,104.0,4.213,-4.2,0,1,32086
2026-04-16T10:03:07,9.714210,-78.852959,-34.1,9.67,228.3,9,1.3,103.8,4.214,-4.2,0,1,32087
2026-04-16T10:03:36,9.713222,-78.853867,-31.8,10.33,225.2,10,1.1,103.8,4.211,-4.2,0,1,32088
2026-04-16T10:04:04,9.712263,-78.854774,-34.1,9.86,225.3,10,1.1,103.8,4.213,-4.2,0,1,32089
2026-04-16T10:04:33,9.711233,-78.855606,-40.0,9.61,222.4,10,1.1,103.7,4.214,-4.2,0,1,32090
2026-04-16T10:05:02,9.710246,-78.856529,-28.9,10.04,222.4,10,1.1,103.8,4.211,-4.2,0,1,32091
2026-04-16T10:05:31,9.709220,-78.857475,-33.9,9.76,227.2,10,1.1,103.8,4.211,-4.2,0,1,32092
2026-04-16T10:05:59,9.708199,-78.858307,-31.2,10.13,228.4,9,1.3,104.0,4.213,-4.2,0,1,32093
2026-04-16T10:06:28,9.707157,-78.859184,-26.0,9.77,226.7,9,1.3,104.0,4.214,-4.2,0,1,32094
2026-04-16T10:06:57,9.706188,-78.860107,-25.5,9.44,225.9,10,1.1,103.7,4.213,-4.2,0,1,32095
2026-04-16T10:07:26,9.705158,-78.861000,-32.4,9.86,221.8,9,1.2,104.0,4.211,-4.2,0,1,32096
2026-04-16T10:07:54,9.704217,-78.861847,-34.2,10.59,222.9,9,1.3,103.7,4.213,-4.2,0,1,32097
2026-04-16T10:08:23,9.703245,-78.862740,-35.8,10.12,221.3,9,1.2,103.8,4.213,-4.2,0,1,32098
2026-04-16T10:08:52,9.702260,-78.863647,-32.9,9.36,222.2,9,1.2,103.7,4.213,-4.2,0,1,32099
2026-04-16T10:09:21,9.701244,-78.864548,-38.5,9.10,220.8,9,1.3,103.7,4.211,-4.2,0,1,32100
2026-04-16T10:09:49,9.700281,-78.865456,-29.5,10.05,222.2,10,1.1,103.8,4.213,-4.2,0,1,32101
2026-04-16T10:10:18,9.699286,-78.866302,-24.2,9.76,221.6,9,1.2,103.8,4.213,-4.2,0,1,32102
2026-04-16T10:10:47,9.698320,-78.867233,-32.8,9.73,224.4,9,1.2,104.0,4.211,-4.2,0,1,32103
2026-04-16T10:11:16,9.697309,-78.868111,-33.7,9.53,226.3,9,1.2,103.8,4.213,-4.2,0,1,32104
2026-04-16T10:11:44,9.696357,-78.868980,-37.6,9.77,221.2,8,1.3,104.0,4.213,-4.2,0,1,32105
2026-04-16T10:12:13,9.695371,-78.869865,-39.4,10.81,218.3,9,1.2,104.0,4.211,-4.2,0,1,32106
2026-04-16T10:12:42,9.694337,-78.870689,-34.5,9.69,219.4,8,1.3,103.8,4.213,-4.2,0,1,32107
2026-04-16T10:13:11,9.693354,-78.871552,-32.6,10.57,221.6,9,1.2,103.7,4.211,-4.2,0,1,32108
2026-04-16T10:13:39,9.692469,-78.872398,-40.3,8.96,228.4,9,1.2,104.0,4.211,-4.2,0,1,32109
2026-04-16T10:14:08,9.691499,-78.873276,-43.4,9.33,222.9,10,1.2,103.8,4.214,-4.2,0,1,32110
2026-04-16T10:14:37,9.690532,-78.874115,-53.8,9.37,220.7,9,1.2,103.8,4.213,-4.2,0,1,32111
2026-04-16T10:15:06,9.689542,-78.875031,-43.2,9.41,222.8,10,1.1,103.8,4.214,2764.3,0,1,32112
2026-04-16T10:15:34,9.688600,-78.875854,-42.0,10.15,218.7,9,1.2,103.7,4.213,-4.2,0,1,32113
2026-04-16T10:16:03,9.687696,-78.876793,-48.0,9.97,218.9,10,1.1,104.0,4.213,-4.2,0,1,32114
2026-04-16T10:16:32,9.686642,-78.877632,-44.0,9.21,219.4,9,1.2,103.8,4.211,-4.2,0,1,32115
2026-04-16T10:17:01,9.685701,-78.878487,-48.1,9.97,220.4,9,1.2,103.7,4.213,-4.2,0,1,32116
2026-04-16T10:17:29,9.684715,-78.879356,-32.4,9.15,221.8,9,1.2,103.8,4.213,-4.2,0,1,32117
2026-04-16T10:17:58,9.683764,-78.880196,-26.2,9.38,224.2,9,1.2,103.8,4.211,-4.2,0,1,32118
2026-04-16T10:18:27,9.682725,-78.881004,-9.0,9.54,215.1,9,1.2,104.0,4.213,-4.2,0,1,32119
2026-04-16T10:18:56,9.681782,-78.881943,-8.6,8.67,226.9,10,1.1,103.7,4.213,-4.2,0,1,32120
2026-04-16T10:19:24,9.680845,-78.882851,-16.4,9.35,224.1,10,1.1,103.8,4.211,-4.2,0,1,32121
2026-04-16T10:19:53,9.679882,-78.883766,-19.7,9.95,219.4,9,1.3,103.7,4.213,-4.2,0,1,32122
2026-04-16T10:20:22,9.678928,-78.884621,-11.3,9.50,220.7,9,1.3,104.1,4.214,-4.4,0,1,32123
2026-04-16T10:20:51,9.677940,-78.885490,-5.0,10.03,221.5,10,1.1,103.8,4.213,-4.2,0,1,32124
2026-04-16T10:21:19,9.676950,-78.886368,-1.7,10.01,224.0,9,1.1,103.8,4.213,-4.2,0,1,32125
2026-04-16T10:21:48,9.676009,-78.887337,-2.0,9.25,224.9,10,1.1,104.0,4.211,-4.2,0,1,32126
2026-04-16T10:22:17,9.675083,-78.888275,-2.5,10.08,223.0,10,1.1,104.0,4.211,-4.2,0,1,32127
2026-04-16T10:22:46,9.674151,-78.889160,4.9,9.47,222.7,10,1.1,103.7,4.211,-4.2,0,1,32128
2026-04-16T10:23:14,9.673213,-78.890076,9.7,10.81,226.4,10,1.1,103.8,4.213,-4.2,0,1,32129
2026-04-16T10:23:43,9.672245,-78.890976,13.2,9.32,222.7,10,1.1,104.0,4.213,-4.2,0,1,32130
2026-04-16T10:24:12,9.671317,-78.891953,14.4,8.64,230.4,10,1.1,103.7,4.214,-4.2,0,1,32131
2026-04-16T10:24:41,9.670353,-78.892830,19.8,10.03,224.2,9,1.2,104.1,4.213,-4.4,0,1,32132
2026-04-16T10:25:10,9.669393,-78.893791,14.9,10.34,225.6,9,1.2,103.5,4.211,-4.4,0,1,32133
2026-04-16T10:25:39,9.668404,-78.894699,22.0,9.83,225.8,9,1.2,103.8,4.211,-4.2,0,1,32134
2026-04-16T10:26:08,9.667480,-78.895653,22.7,9.98,219.8,9,1.2,103.7,4.213,-4.2,0,1,32135
2026-04-16T10:26:37,9.666488,-78.896599,19.7,9.68,224.6,9,1.4,103.8,4.213,-4.2,0,1,32136
2026-04-16T10:27:06,9.665575,-78.897552,19.0,9.55,221.5,9,1.2,103.8,4.214,-4.2,0,1,32137
2026-04-16T10:27:34,9.664643,-78.898476,16.8,9.81,223.0,9,1.2,103.8,4.211,-4.2,0,1,32138
2026-04-16T10:28:03,9.663720,-78.899452,14.1,9.73,224.1,10,1.1,103.8,4.213,-4.2,0,1,32139
2026-04-16T10:28:32,9.662739,-78.900383,11.5,9.85,226.5,10,1.1,103.7,4.213,-4.2,0,1,32140
2026-04-16T10:29:01,9.661819,-78.901375,0.3,11.09,224.6,10,1.1,104.0,4.211,-4.2,0,1,32141
2026-04-16T10:29:29,9.660882,-78.902313,5.4,9.32,230.6,8,1.4,103.8,4.214,-4.2,0,1,32142
2026-04-16T10:29:58,9.659980,-78.903305,-6.1,10.58,230.1,8,1.4,103.5,4.214,-4.4,0,1,32143
2026-04-16T10:30:27,9.659057,-78.904259,2.3,10.22,228.8,11,1.1,103.8,4.213,-4.2,0,1,32144
2026-04-16T10:30:56,9.658078,-78.905235,16.0,9.87,222.0,10,1.1,103.8,4.211,-4.2,0,1,32145
2026-04-16T10:31:24,9.657173,-78.906044,-0.1,9.47,220.6,10,1.1,103.7,4.211,-4.2,0,1,32146
2026-04-16T10:31:53,9.656217,-78.907021,-1.2,9.51,225.3,10,1.1,103.8,4.213,-4.2,0,1,32147
2026-04-16T10:32:22,9.655210,-78.907875,-8.0,9.75,220.4,10,1.1,103.7,4.214,-4.2,0,1,32148
2026-04-16T10:32:51,9.654226,-78.908714,-14.0,10.14,224.0,9,1.2,103.8,4.213,-4.2,0,1,32149
2026-04-16T10:33:19,9.653308,-78.909630,-16.9,9.46,223.9,10,1.1,103.7,4.211,-4.2,0,1,32150
2026-04-16T10:33:48,9.652352,-78.910522,-17.8,10.37,222.1,10,1.1,103.8,4.213,-4.2,0,1,32151
2026-04-16T10:34:17,9.651395,-78.911407,-12.5,9.50,220.3,9,1.2,103.8,4.211,-4.2,0,1,32152
2026-04-16T10:34:46,9.650450,-78.912308,-7.9,9.75,221.0,9,1.2,103.8,4.213,-4.2,0,1,32153
2026-04-16T10:35:15,9.649450,-78.913246,0.6,10.15,221.8,10,1.1,103.8,4.214,-4.2,0,1,32154
2026-04-16T10:35:44,9.648504,-78.914185,-2.5,10.03,224.8,9,1.2,103.8,4.213,-4.2,0,1,32155
2026-04-16T10:36:13,9.647533,-78.915092,-2.6,9.91,225.4,8,1.4,103.8,4.213,-4.2,0,1,32156
2026-04-16T10:36:42,9.646584,-78.916107,-8.6,10.22,217.4,10,1.1,103.8,4.213,-4.2,0,1,32157
2026-04-16T10:37:11,9.645636,-78.917053,-9.5,10.54,225.8,10,1.1,103.8,4.213,-4.2,0,1,32158
2026-04-16T10:37:39,9.644698,-78.917923,-11.2,10.73,222.8,10,1.1,103.7,4.214,-4.2,0,1,32159
2026-04-16T10:38:08,9.643714,-78.918877,-15.5,9.80,221.5,8,1.5,103.8,4.213,-4.2,0,1,32160
2026-04-16T10:38:37,9.642760,-78.919815,-15.2,9.58,224.9,10,1.1,104.0,4.213,-4.2,0,1,32161
2026-04-16T10:39:06,9.641822,-78.920731,-18.7,9.89,222.1,9,1.2,103.8,4.213,-4.2,0,1,32162
2026-04-16T10:39:34,9.640825,-78.921616,-16.2,10.18,218.5,10,1.1,103.8,4.213,-4.2,0,1,32163
2026-04-16T10:40:03,9.639815,-78.922516,-7.6,10.06,221.5,10,1.2,103.8,4.213,-4.2,0,1,32164
2026-04-16T10:40:32,9.638877,-78.923515,-12.1,10.61,224.3,10,1.2,103.8,4.211,-4.2,0,1,32165
2026-04-16T10:41:01,9.637912,-78.924408,-9.0,9.56,220.9,10,1.2,103.7,4.213,-4.2,0,1,32166
2026-04-16T10:41:29,9.636940,-78.925301,-16.6,9.76,221.7,10,1.2,103.8,4.213,-4.2,0,1,32167
2026-04-16T10:41:58,9.635985,-78.926216,-17.8,10.23,227.3,10,1.2,103.8,4.213,-4.2,0,1,32168
2026-04-16T10:42:27,9.635001,-78.927139,-15.5,10.36,222.1,10,1.2,103.7,4.213,-4.2,0,1,32169
2026-04-16T10:42:56,9.634008,-78.928055,-8.4,9.71,223.4,10,1.2,103.8,4.211,-4.2,0,1,32170
2026-04-16T10:43:24,9.633041,-78.928993,-5.0,9.86,222.6,9,1.3,103.8,4.211,-4.2,0,1,32171
2026-04-16T10:43:53,9.632094,-78.929962,-5.9,10.20,227.3,10,1.2,103.8,4.213,-4.2,0,1,32172
2026-04-16T10:44:22,9.631129,-78.930901,4.2,9.61,227.0,9,1.2,103.7,4.210,-4.2,0,1,32173
2026-04-16T10:44:51,9.630150,-78.931816,13.2,9.35,220.9,9,1.2,103.5,4.213,-4.4,0,1,32174
2026-04-16T10:45:19,9.629200,-78.932693,10.1,9.62,220.3,10,1.2,103.7,4.213,-4.2,0,1,32175
2026-04-16T10:45:48,9.628226,-78.933617,9.2,10.09,223.4,11,1.1,103.7,4.214,-4.2,0,1,32176
2026-04-16T10:46:17,9.627245,-78.934639,1.4,9.00,223.6,9,1.2,103.7,4.213,-4.2,0,1,32177
2026-04-16T10:46:46,9.626244,-78.935547,12.2,9.37,223.9,9,1.1,103.5,4.211,-4.4,0,1,32178
2026-04-16T10:47:14,9.625345,-78.936371,11.7,8.97,223.0,11,1.1,103.8,4.211,-4.2,0,1,32179
2026-04-16T10:47:43,9.624317,-78.937332,7.1,10.26,223.4,10,1.2,103.7,4.211,-4.2,0,1,32180
2026-04-16T10:48:12,9.623334,-78.938194,8.4,10.63,218.8,12,0.9,103.8,4.214,-4.2,0,1,32181
2026-04-16T10:48:41,9.622185,-78.938950,10.0,7.88,206.5,11,1.1,103.7,4.214,-4.2,0,1,32182
2026-04-16T10:49:09,9.621095,-78.939575,2.6,8.40,204.1,11,1.1,103.8,4.211,-4.2,0,1,32183
2026-04-16T10:49:38,9.619866,-78.940056,9.3,9.27,190.8,10,1.2,103.8,4.211,-4.2,0,1,32184
2026-04-16T10:50:07,9.618597,-78.940300,0.7,9.72,197.0,11,1.1,103.7,4.213,-4.2,0,1,32185
2026-04-16T10:50:36,9.617280,-78.940666,28.9,9.55,189.4,11,1.1,103.7,4.213,-4.2,0,1,32186
2026-04-16T10:51:04,9.616080,-78.940857,-10.1,9.46,183.7,11,1.1,103.7,4.214,-4.2,0,1,32187
2026-04-16T10:51:33,9.614703,-78.941017,-10.8,9.22,193.4,8,1.8,103.8,4.213,-4.2,0,1,32188
2026-04-16T10:52:02,9.613348,-78.941170,0.5,10.14,178.4,9,1.3,103.8,4.211,-4.2,0,1,32189
2026-04-16T10:52:31,9.612084,-78.941238,6.1,9.04,176.4,8,1.8,103.8,4.213,-4.2,0,1,32190
2026-04-16T10:52:59,9.610744,-78.941162,8.3,11.14,173.3,8,1.8,104.0,4.213,-4.2,0,1,32191
2026-04-16T10:53:28,9.609515,-78.940941,12.5,9.77,173.3,8,1.8,103.8,4.211,-4.2,0,1,32192
2026-04-16T10:53:57,9.608287,-78.940491,21.2,10.14,163.9,10,1.0,103.8,4.211,-4.2,0,1,32193
2026-04-16T10:54:26,9.607060,-78.939888,33.9,10.08,157.1,10,1.3,104.0,4.213,-4.2,0,1,32194
2026-04-16T10:54:54,9.605912,-78.939369,43.1,9.80,157.3,10,1.3,103.8,4.213,-4.2,0,1,32195
2026-04-16T10:55:23,9.604745,-78.938828,59.8,8.94,157.1,11,1.0,103.8,4.211,-4.2,0,1,32196
2026-04-16T10:55:52,9.603541,-78.938293,61.9,9.40,152.0,8,1.4,103.7,4.213,-4.2,0,1,32197
2026-04-16T10:56:21,9.602377,-78.937508,64.5,9.79,144.5,8,2.5,103.5,4.211,-4.4,0,1,32198
2026-04-16T10:56:49,9.601274,-78.936829,62.7,10.59,142.6,9,1.1,103.8,4.211,-4.2,0,1,32199
2026-04-16T10:57:18,9.600134,-78.936256,37.6,10.16,145.6,9,1.1,103.8,4.211,-4.2,0,1,32200
2026-04-16T10:57:47,9.599120,-78.935440,29.3,9.93,140.2,11,0.9,103.8,4.213,-4.2,0,1,32201
2026-04-16T10:58:16,9.598120,-78.934578,10.4,10.34,134.7,9,1.1,103.8,4.213,-4.2,0,1,32202
2026-04-16T10:58:44,9.597457,-78.933456,22.8,9.34,126.0,10,1.0,103.8,4.211,-4.2,0,1,32203
2026-04-16T10:59:13,9.596810,-78.932350,27.5,9.73,123.4,8,1.5,103.7,4.214,-4.2,0,1,32204
2026-04-16T10:59:42,9.596057,-78.931152,24.9,11.38,118.0,8,1.2,103.7,4.213,-4.2,0,1,32205
2026-04-16T11:00:11,9.595348,-78.929916,32.7,11.36,122.8,9,1.1,103.8,4.211,-4.2,0,1,32206
2026-04-16T11:00:39,9.594642,-78.928696,43.0,11.57,105.9,10,1.0,104.1,4.214,-4.4,0,1,32207
2026-04-16T11:01:08,9.593887,-78.927528,35.6,11.46,121.9,11,0.9,104.1,4.211,-4.4,0,1,32208
2026-04-16T11:01:37,9.593115,-78.926384,31.1,10.44,122.0,10,1.1,103.8,4.211,-4.2,0,1,32209
2026-04-16T11:02:06,9.592374,-78.925087,28.7,10.71,123.7,10,1.1,103.8,4.211,-4.2,0,1,32210
2026-04-16T11:02:34,9.591674,-78.923874,26.9,13.60,115.8,10,1.1,103.8,4.211,-4.2,0,1,32211
2026-04-16T11:03:03,9.590932,-78.922646,24.7,10.37,121.0,10,1.1,103.5,4.211,-4.4,0,1,32212
2026-04-16T11:03:32,9.590259,-78.921265,38.9,10.20,122.0,11,1.0,103.8,4.213,-4.2,0,1,32213
2026-04-16T11:04:01,9.589341,-78.919952,3.4,11.30,132.8,11,1.0,103.7,4.213,-4.2,0,1,32214
2026-04-16T11:04:29,9.588458,-78.918861,6.7,10.60,128.7,11,0.9,103.8,4.213,-4.2,0,1,32215
2026-04-16T11:04:58,9.587564,-78.917725,21.4,10.55,136.3,11,1.0,103.8,4.211,-4.2,0,1,32216
2026-04-16T11:05:27,9.586476,-78.916733,32.1,10.36,141.6,11,1.0,103.8,4.211,-4.2,0,1,32217
2026-04-16T11:05:56,9.585283,-78.915741,28.9,11.05,141.9,11,1.0,104.0,4.213,-4.2,0,1,32218
2026-04-16T11:06:24,9.584074,-78.914940,31.5,10.96,147.5,13,0.8,103.8,4.211,-4.2,0,1,32219
2026-04-16T11:06:53,9.582768,-78.914177,27.9,11.51,155.8,11,1.1,104.0,4.213,-4.2,0,1,32220
2026-04-16T11:07:22,9.581460,-78.913429,22.7,11.60,158.8,12,0.9,103.7,4.213,-4.2,0,1,32221
2026-04-16T11:07:51,9.580114,-78.912834,22.3,11.09,162.3,12,0.9,103.8,4.211,-4.2,0,1,32222
2026-04-16T11:08:19,9.578722,-78.912270,20.0,11.59,161.2,12,0.9,104.1,4.210,-4.4,0,1,32223
2026-04-16T11:08:48,9.577340,-78.911911,28.7,10.31,168.0,9,1.4,103.8,4.211,-4.2,0,1,32224
2026-04-16T11:09:17,9.575808,-78.911781,13.7,11.26,175.3,9,1.4,103.8,4.213,-4.2,0,1,32225
2026-04-16T11:09:46,9.574254,-78.911591,8.6,11.93,179.3,11,1.2,103.7,4.211,-4.2,0,1,32226
2026-04-16T11:10:14,9.572909,-78.911789,4.6,11.06,187.9,11,1.2,103.8,4.214,-4.2,0,1,32227
2026-04-16T11:10:43,9.571505,-78.912010,26.2,10.59,198.6,11,1.2,103.7,4.213,-4.2,0,1,32228
2026-04-16T11:11:12,9.570194,-78.912544,25.0,9.34,201.1,10,1.3,103.8,4.211,-4.2,0,1,32229
2026-04-16T11:11:41,9.568928,-78.913315,23.8,10.75,214.1,8,1.5,103.8,4.213,-4.2,0,1,32230
2026-04-16T11:12:09,9.567835,-78.914078,33.0,10.32,219.8,7,2.2,103.7,4.213,-4.2,0,1,32231
2026-04-16T11:12:38,9.566718,-78.915024,41.4,10.53,218.0,7,2.2,103.7,4.213,-4.2,0,1,32232
2026-04-16T11:13:07,9.565592,-78.916016,46.0,10.93,231.5,9,1.1,103.8,4.213,-4.2,0,1,32233
2026-04-16T11:13:36,9.564504,-78.917107,43.0,9.69,223.1,8,1.6,104.1,4.211,-4.4,0,1,32234
2026-04-16T11:14:04,9.563452,-78.918129,38.4,10.62,221.1,9,1.1,103.7,4.213,-4.2,0,1,32235
2026-04-16T11:14:33,9.562306,-78.919113,42.4,12.26,221.1,8,1.6,103.8,4.214,-4.2,0,1,32236
2026-04-16T11:15:02,9.561158,-78.920250,43.5,10.39,219.5,9,1.3,103.8,4.213,-4.2,0,1,32237
2026-04-16T11:15:31,9.560045,-78.921188,45.6,11.21,221.9,7,2.2,103.7,4.213,-4.2,0,1,32238
2026-04-16T11:15:59,9.558958,-78.922058,36.0,11.16,217.5,6,2.8,103.7,4.213,-4.2,0,1,32239
2026-04-16T11:16:28,9.557794,-78.923004,25.6,11.33,217.7,9,1.1,103.7,4.213,-4.2,0,1,32240
2026-04-16T11:16:57,9.556546,-78.923828,25.9,10.79,212.4,8,1.6,103.7,4.213,-4.2,0,1,32241
2026-04-16T11:17:26,9.555337,-78.924866,24.3,10.75,212.4,10,1.0,103.7,4.211,-4.2,0,1,32242
2026-04-16T11:17:54,9.554113,-78.925667,32.2,12.36,214.1,9,1.4,103.7,4.213,-4.2,0,1,32243
2026-04-16T11:18:23,9.552901,-78.926544,32.1,11.14,223.3,9,1.1,103.8,4.211,-4.2,0,1,32244
2026-04-16T11:18:52,9.551797,-78.927681,33.7,11.25,224.0,10,1.2,103.7,4.211,-4.2,0,1,32245
2026-04-16T11:19:21,9.550610,-78.928688,28.2,12.49,226.4,10,1.1,104.1,4.211,-4.4,0,1,32246
2026-04-16T11:19:49,9.549537,-78.929626,32.0,9.87,214.8,10,1.1,103.7,4.213,-4.2,0,1,32247
2026-04-16T11:20:18,9.548449,-78.930695,39.1,10.47,217.6,10,1.1,104.0,4.211,-4.2,0,1,32248
2026-04-16T11:20:47,9.547309,-78.931702,40.0,10.85,216.2,9,1.1,103.8,4.211,-4.2,0,1,32249
2026-04-16T11:21:16,9.546226,-78.932816,29.8,11.46,222.2,9,1.3,103.8,4.211,-4.2,0,1,32250
2026-04-16T11:21:44,9.545154,-78.933754,29.1,11.40,224.5,9,1.2,103.7,4.213,-4.2,0,1,32251
2026-04-16T11:22:13,9.543899,-78.934639,22.5,10.86,210.0,9,1.1,103.7,4.213,-4.2,0,1,32252
2026-04-16T11:22:42,9.542597,-78.935287,19.7,14.01,204.0,10,1.3,103.8,4.213,-4.2,0,1,32253
2026-04-16T11:23:11,9.541227,-78.935585,19.7,11.10,189.1,10,1.4,103.7,4.213,-4.2,0,1,32254
2026-04-16T11:23:39,9.539857,-78.935997,16.6,11.21,187.9,10,1.4,103.7,4.213,-4.2,0,1,32255
2026-04-16T11:24:08,9.538340,-78.936211,18.2,10.88,183.7,9,1.7,103.5,4.213,-4.4,0,1,32256
2026-04-16T11:24:37,9.536892,-78.936127,15.1,11.42,178.7,9,1.5,103.8,4.214,-4.2,0,1,32257
2026-04-16T11:25:06,9.535424,-78.936035,22.6,10.98,172.1,10,1.1,103.8,4.211,-4.2,0,1,32258
2026-04-16T11:25:34,9.534014,-78.935410,22.4,10.97,165.1,8,1.4,103.7,4.210,-4.2,0,1,32259
2026-04-16T11:26:03,9.532623,-78.934982,12.7,10.95,160.7,10,1.1,103.8,4.213,-4.2,0,1,32260
2026-04-16T11:26:32,9.531313,-78.934273,25.2,11.00,154.6,9,1.3,103.8,4.213,-4.2,0,1,32261
2026-04-16T11:27:01,9.529984,-78.933578,31.9,11.36,150.5,10,1.1,103.7,4.213,-4.2,0,1,32262
2026-04-16T11:27:29,9.528662,-78.932983,38.3,11.59,152.7,10,1.1,103.8,4.211,-4.2,0,1,32263
2026-04-16T11:27:58,9.527285,-78.932304,37.5,11.14,151.8,10,1.1,103.8,4.213,-4.2,0,1,32264
2026-04-16T11:28:27,9.525898,-78.931641,42.3,11.66,156.9,9,1.4,103.7,4.211,-4.2,0,1,32265
2026-04-16T11:28:56,9.524543,-78.930946,49.2,11.82,154.9,9,1.4,104.1,4.213,-4.4,0,1,32266
2026-04-16T11:29:24,9.523180,-78.930328,45.5,10.96,157.3,8,1.2,103.7,4.211,-4.2,0,1,32267
2026-04-16T11:29:53,9.521803,-78.929680,46.1,10.80,158.0,8,1.4,103.7,4.211,-4.2,0,1,32268
2026-04-16T11:30:22,9.520400,-78.929062,42.1,10.92,156.1,9,1.4,103.8,4.211,-4.2,0,1,32269
2026-04-16T11:30:51,9.519008,-78.928482,37.3,11.72,154.5,9,1.4,103.8,4.210,-4.2,0,1,32270
2026-04-16T11:31:19,9.517622,-78.927925,33.0,11.91,154.1,7,1.5,103.8,4.213,-4.2,0,1,32271
2026-04-16T11:31:48,9.516233,-78.927368,29.2,11.21,157.2,9,1.1,103.4,4.213,-4.2,0,1,32272
2026-04-16T11:32:17,9.514813,-78.926636,25.2,11.72,151.6,9,1.4,103.7,4.211,-4.2,0,1,32273
2026-04-16T11:32:46,9.513475,-78.926025,23.4,10.68,158.6,9,1.4,103.5,4.211,-4.4,0,1,32274
2026-04-16T11:33:14,9.512161,-78.925438,31.3,10.27,156.4,8,1.2,103.7,4.213,-4.2,0,1,32275
2026-04-16T11:33:43,9.510975,-78.924889,28.0,10.34,151.9,8,1.5,103.7,4.213,-4.2,0,1,32276
2026-04-16T11:34:12,9.509872,-78.924355,9.4,9.88,152.2,9,1.4,103.8,4.213,-4.2,0,1,32277
2026-04-16T11:34:41,9.508717,-78.923904,4.1,8.83,155.8,9,1.1,103.7,4.211,-4.2,0,1,32278
2026-04-16T11:35:09,9.507703,-78.923515,1.3,8.42,160.9,9,1.1,103.7,4.211,-4.2,0,1,32279
2026-04-16T11:35:38,9.506674,-78.922981,12.5,7.98,157.1,9,1.1,103.7,4.213,-4.2,0,1,32280
2026-04-16T11:36:07,9.505772,-78.922478,22.5,7.68,153.1,8,1.5,103.7,4.211,-4.2,0,1,32281
2026-04-16T11:36:36,9.504885,-78.922012,30.8,7.33,157.5,8,1.5,104.0,4.213,-4.2,0,1,32282
2026-04-16T11:37:04,9.504066,-78.921547,38.5,6.09,151.8,8,1.5,103.8,4.211,-4.2,0,1,32283
2026-04-16T11:37:33,9.503217,-78.921249,38.8,7.45,162.3,9,1.4,103.8,4.213,-4.2,0,1,32284
2026-04-16T11:38:02,9.502480,-78.920845,38.1,6.84,158.3,9,1.5,103.7,4.214,-4.2,0,1,32285
2026-04-16T11:38:31,9.501677,-78.920540,32.4,5.83,153.9,9,1.2,103.8,4.213,-4.2,0,1,32286
2026-04-16T11:38:59,9.500901,-78.920288,31.2,5.80,154.2,9,1.2,104.0,4.213,-4.2,0,1,32287
2026-04-16T11:39:28,9.500221,-78.919907,30.1,5.73,160.4,9,1.5,103.8,4.213,-4.2,0,1,32288
2026-04-16T11:39:57,9.499475,-78.919632,27.2,5.77,156.6,8,1.5,103.8,4.213,-4.2,0,1,32289
2026-04-16T11:40:26,9.498781,-78.919334,32.2,5.40,161.6,8,1.5,103.7,4.213,-4.2,0,1,32290
2026-04-16T11:40:54,9.498112,-78.918999,29.5,5.96,154.8,9,1.5,103.7,4.211,-4.2,0,1,32291
2026-04-16T11:41:23,9.497367,-78.918633,23.9,6.02,158.1,11,1.0,103.7,4.211,-4.2,0,1,32292
2026-04-16T11:41:52,9.496547,-78.918320,3.1,6.11,167.5,10,1.2,104.0,4.211,-4.2,0,1,32293
2026-04-16T11:42:21,9.495763,-78.918175,3.3,6.15,169.6,11,1.1,103.7,4.213,-4.2,0,1,32294
2026-04-16T11:42:49,9.495104,-78.918060,17.8,5.02,174.5,10,1.2,103.7,4.213,-4.2,0,1,32295
2026-04-16T11:43:18,9.494313,-78.917923,34.6,6.12,176.5,9,1.8,103.8,4.213,-4.2,0,1,32296
2026-04-16T11:43:47,9.493524,-78.918358,17.5,5.85,195.4,10,1.2,103.8,4.213,-4.2,0,1,32297
2026-04-16T11:44:16,9.492868,-78.918518,19.3,5.24,200.8,9,1.2,103.7,4.211,-4.2,0,1,32298
2026-04-16T11:44:44,9.492126,-78.918533,14.2,5.91,196.1,10,1.2,103.5,4.213,-4.4,0,1,32299
2026-04-16T11:45:13,9.491555,-78.918762,27.9,4.81,208.5,9,1.2,103.7,4.211,-4.2,0,1,32300
2026-04-16T11:45:42,9.490917,-78.919220,25.5,4.95,216.4,8,1.4,103.8,4.211,-4.2,0,1,32301
2026-04-16T11:46:11,9.490340,-78.919556,29.6,4.48,218.5,7,1.5,103.8,4.213,-4.2,0,1,32302
2026-04-16T11:46:39,9.489984,-78.919891,34.9,4.42,238.7,8,1.4,103.7,4.210,-4.2,0,1,32303
2026-04-16T11:47:08,9.489430,-78.920341,34.1,5.06,219.4,8,1.4,103.8,4.211,-4.2,0,1,32304
2026-04-16T11:47:37,9.489279,-78.921051,28.7,7.33,243.7,7,1.4,103.7,4.213,-4.2,0,1,32305
2026-04-16T11:48:06,9.489140,-78.921616,21.8,3.66,257.4,7,1.6,103.8,4.210,-4.2,0,1,32306
2026-04-16T11:48:34,9.488898,-78.922073,20.4,4.14,259.5,8,1.3,103.7,4.213,-4.2,0,1,32307
2026-04-16T11:49:03,9.488605,-78.922455,36.7,4.18,251.8,8,1.3,104.0,4.211,-4.2,0,1,32308
2026-04-16T11:49:32,9.488542,-78.923004,41.9,3.51,255.6,7,1.5,104.0,4.213,-4.2,0,1,32309
2026-04-16T11:50:01,9.488374,-78.923454,51.4,2.83,260.3,7,1.5,103.7,4.210,-4.2,0,1,32310
2026-04-16T11:50:29,9.488249,-78.923927,48.8,3.72,249.4,7,1.5,103.7,4.211,-4.2,0,1,32311
2026-04-16T11:50:58,9.488138,-78.924393,49.3,3.35,255.1,6,2.5,103.8,4.213,-4.2,0,1,32312
2026-04-16T11:51:27,9.487927,-78.924973,48.4,3.13,252.4,7,2.3,103.7,4.214,-4.2,0,1,32313
2026-04-16T11:51:56,9.487952,-78.925232,41.3,1.38,232.5,8,1.8,103.7,4.213,-4.2,0,1,32314
2026-04-16T11:52:24,9.487870,-78.925316,35.8,1.15,250.8,8,1.8,103.8,4.211,-4.2,0,1,32315
2026-04-16T11:52:53,9.487752,-78.925392,35.5,1.59,210.4,7,1.2,103.7,4.213,-4.2,0,1,32316
2026-04-16T11:53:22,9.487692,-78.925430,28.4,2.01,212.1,7,1.5,103.8,4.211,-4.2,0,1,32317
2026-04-16T11:53:51,9.487551,-78.925522,35.4,0.73,234.4,7,1.5,104.0,4.213,-4.2,0,1,32318
2026-04-16T11:54:19,9.487601,-78.925507,33.3,0.11,293.3,8,1.2,103.7,4.211,-4.2,0,1,32319
2026-04-16T11:57:23,9.488961,-78.923912,22.1,4.02,50.7,10,1.3,101.8,4.194,-4.2,0,1,32320
2026-04-16T12:00:26,9.490184,-78.921867,3.3,2.14,73.1,12,1.0,102.1,4.198,-4.2,0,1,32321
2026-04-16T12:00:54,9.490314,-78.921661,7.8,2.35,51.0,12,1.0,101.6,4.190,-4.4,0,1,32322
2026-04-16T12:01:23,9.490436,-78.921486,17.0,1.61,52.0,10,1.2,101.8,4.191,-4.2,0,1,32323
2026-04-16T12:01:52,9.490561,-78.921249,25.1,1.51,50.8,12,1.0,101.8,4.196,-4.2,0,1,32324
2026-04-16T12:02:21,9.490669,-78.921135,23.2,1.90,51.7,13,1.0,101.6,4.193,-4.4,0,1,32325
2026-04-16T12:02:49,9.490705,-78.921005,20.7,1.15,54.4,12,1.0,101.5,4.189,-4.2,0,1,32326
2026-04-16T12:03:18,9.490798,-78.920876,22.6,1.04,71.6,12,1.1,101.8,4.191,-4.2,0,1,32327
2026-04-16T12:03:47,9.490843,-78.920799,24.1,0.66,125.8,12,1.1,101.6,4.195,-4.4,0,1,32328
2026-04-16T12:04:16,9.490913,-78.920746,25.0,0.71,16.3,12,1.1,101.5,4.191,-4.2,0,1,32329
2026-04-16T12:07:19,9.491132,-78.920692,23.9,0.62,358.4,12,1.1,101.6,4.190,-4.4,0,1,32330
2026-04-16T12:10:22,9.491161,-78.920784,23.6,0.93,259.8,12,1.0,101.1,4.186,-4.2,0,1,32331
2026-04-16T12:13:25,9.491287,-78.921173,24.7,0.39,286.4,12,1.0,101.0,4.184,-4.4,0,1,32332
2026-04-16T12:16:29,9.491450,-78.921448,25.6,0.12,324.1,13,0.9,100.8,4.186,-4.2,0,1,32333
2026-04-16T12:19:32,9.491467,-78.921440,24.7,0.71,141.4,11,1.2,101.0,4.189,-4.4,0,1,32334
2026-04-16T12:22:35,9.491492,-78.921440,24.0,0.66,65.5,12,1.0,100.7,4.184,-4.2,0,1,32335
2026-04-16T12:25:38,9.491473,-78.921463,24.6,0.38,357.7,11,1.0,100.5,4.182,-4.2,0,1,32336
2026-04-16T12:28:41,9.491307,-78.921684,23.9,1.19,227.0,13,0.9,100.3,4.179,-4.4,0,1,32337
2026-04-16T12:31:44,9.491076,-78.922066,25.7,0.88,249.6,13,0.9,99.9,4.179,-4.2,0,1,32338
2026-04-16T12:34:47,9.490993,-78.922256,29.0,0.23,221.6,11,1.3,100.0,4.179,-4.2,0,1,32339
2026-04-16T12:37:51,9.490975,-78.922249,30.0,0.29,145.9,11,1.0,99.7,4.179,-4.4,0,1,32340
2026-04-16T12:40:54,9.490996,-78.922249,30.3,0.12,145.9,11,1.3,99.4,4.171,-4.2,0,1,32341
2026-04-16T12:43:57,9.490980,-78.922256,31.9,1.31,164.1,11,1.3,99.4,4.173,-4.2,0,1,32342
2026-04-16T12:47:00,9.490986,-78.922264,30.6,0.39,28.3,10,1.4,99.1,4.173,-4.4,0,1,32343
2026-04-16T12:50:04,9.490986,-78.922279,29.7,0.31,94.4,10,1.4,98.9,4.170,-4.2,0,1,32344
2026-04-16T12:53:07,9.490992,-78.922409,29.1,0.25,270.3,11,1.3,98.8,4.165,-4.2,0,1,32345
2026-04-16T12:56:11,9.490951,-78.922470,25.5,0.34,162.0,9,1.6,98.6,4.173,-4.2,0,1,32346
2026-04-16T12:59:14,9.490938,-78.922394,26.4,0.15,229.0,10,1.4,98.6,4.164,-4.2,0,1,32347
2026-04-16T13:02:17,9.490891,-78.922333,22.4,0.83,185.7,12,1.2,98.1,4.164,-4.2,0,1,32348
2026-04-16T13:05:20,9.490898,-78.922379,23.4,0.56,121.4,10,1.3,98.3,4.161,-4.2,0,1,32349
2026-04-16T13:08:23,9.490935,-78.922417,24.3,0.01,289.1,11,1.2,98.1,4.164,-4.2,0,1,32350
2026-04-16T13:11:27,9.490969,-78.922470,23.9,0.17,289.1,7,2.3,97.8,4.165,-4.4,0,1,32351
2026-04-16T13:14:30,9.490996,-78.922554,24.3,0.23,270.6,12,1.2,97.5,4.160,-4.2,0,1,32352
2026-04-16T13:17:33,9.491041,-78.922546,25.1,1.56,11.3,10,1.4,97.5,4.159,-4.2,0,1,32353
2026-04-16T13:20:37,9.491043,-78.922577,25.0,0.24,73.0,10,1.4,97.5,4.156,-4.2,0,1,32354
2026-04-16T13:23:40,9.491034,-78.922607,24.5,0.13,136.1,10,1.4,97.5,4.154,-4.2,0,1,32355
2026-04-16T13:26:43,9.491051,-78.922623,28.3,0.22,296.0,10,1.4,97.0,4.154,-4.2,0,1,32356
2026-04-16T13:29:46,9.491064,-78.922653,29.5,0.11,274.3,11,1.0,96.7,4.155,-4.2,0,1,32357
2026-04-16T13:32:49,9.491104,-78.922668,33.6,0.37,277.7,11,1.3,96.9,4.154,-4.2,0,1,32358
2026-04-16T13:35:53,9.491116,-78.922638,30.6,0.65,117.0,11,1.0,96.4,4.157,2566.3,0,1,32359
2026-04-16T13:38:56,9.491086,-78.922607,27.8,0.01,302.6,11,1.3,96.4,4.150,-4.2,0,1,32360
2026-04-16T13:41:59,9.491035,-78.922562,24.1,0.45,122.5,8,1.6,96.2,4.150,-4.2,0,1,32361
2026-04-16T13:45:03,9.491035,-78.922569,26.2,0.01,109.1,11,1.2,96.2,4.151,-4.2,0,1,32362
2026-04-16T13:48:06,9.491058,-78.922585,30.3,0.36,299.8,10,1.3,96.2,4.148,-4.2,0,1,32363
2026-04-16T13:51:09,9.491060,-78.922585,31.3,0.00,49.6,10,1.3,95.9,4.150,-4.4,0,1,32364
2026-04-16T13:54:12,9.491024,-78.922577,31.4,0.40,121.1,10,1.3,95.9,4.145,-4.4,0,1,32365
2026-04-16T13:57:15,9.490989,-78.922516,33.3,0.06,94.0,12,1.2,95.8,4.144,-4.2,0,1,32366
2026-04-16T14:00:18,9.491021,-78.922447,33.8,0.07,288.4,12,1.2,95.6,4.142,-4.2,0,1,32367
2026-04-16T14:03:22,9.491031,-78.922478,34.6,0.07,279.1,12,1.2,95.4,4.141,-4.2,0,1,32368
2026-04-16T14:06:25,9.491043,-78.922455,39.6,0.61,327.1,11,1.3,95.3,4.140,-4.4,0,1,32369
2026-04-16T14:09:28,9.491056,-78.922462,41.6,0.08,80.6,12,1.1,95.1,4.141,-4.2,0,1,32370
2026-04-16T14:12:32,9.491080,-78.922478,41.4,0.33,295.5,12,1.1,95.0,4.136,-4.2,0,1,32371
2026-04-16T14:15:35,9.491081,-78.922455,43.8,0.21,91.0,10,1.6,94.7,4.141,-4.4,0,1,32372
2026-04-16T14:18:38,9.491007,-78.922279,40.7,0.33,110.9,10,1.6,94.8,4.135,-4.2,0,1,32373
2026-04-16T14:21:42,9.491024,-78.922287,46.2,0.12,107.4,10,1.6,94.5,4.135,-4.2,0,1,32374
2026-04-16T14:24:45,9.491003,-78.922287,43.1,0.60,19.9,9,1.7,94.5,4.135,-4.2,0,1,32375
2026-04-16T14:27:48,9.490967,-78.922295,35.7,0.07,342.5,10,1.6,94.3,4.134,-4.2,0,1,32376
2026-04-16T14:30:51,9.490951,-78.922256,37.4,0.04,103.2,10,1.6,94.2,4.131,-4.2,0,1,32377
2026-04-16T14:33:54,9.490972,-78.922295,37.1,2.36,231.0,11,1.5,94.0,4.136,-4.4,0,1,32378
2026-04-16T14:36:58,9.490982,-78.922363,36.4,0.17,87.0,12,1.2,93.7,4.130,-4.2,0,1,32379
2026-04-16T14:40:01,9.491029,-78.922432,36.0,0.50,84.7,12,1.2,93.9,4.128,-4.2,0,1,32380
2026-04-16T14:43:04,9.491015,-78.922424,35.8,0.37,128.3,10,1.5,93.5,4.128,-4.2,0,1,32381
2026-04-16T14:46:07,9.490986,-78.922340,36.3,0.34,102.4,11,1.5,93.4,4.128,-4.4,0,1,32382
2026-04-16T14:49:11,9.490933,-78.922279,32.2,0.14,100.0,11,1.5,93.4,4.128,-4.4,0,1,32383
2026-04-16T14:52:14,9.490972,-78.922356,29.0,0.28,110.3,10,1.5,93.2,4.126,-4.2,0,1,32384
2026-04-16T14:55:17,9.490966,-78.922356,25.1,0.44,101.0,10,1.6,93.4,4.125,-4.4,0,1,32385
2026-04-16T14:58:20,9.490944,-78.922241,17.1,0.11,109.2,12,1.4,92.9,4.124,-4.2,0,1,32386
2026-04-16T15:01:24,9.490957,-78.922211,14.6,0.89,41.0,13,1.1,93.1,4.122,-4.2,0,1,32387
2026-04-16T15:04:27,9.490952,-78.922173,8.3,0.25,310.5,12,1.4,92.8,4.128,-4.4,0,1,32388
2026-04-16T15:07:30,9.490942,-78.922142,10.4,1.12,225.5,10,1.5,92.6,4.117,-4.2,0,1,32389
2026-04-16T15:10:33,9.490938,-78.922073,9.6,0.73,299.5,12,1.4,92.6,4.117,-4.2,0,1,32390
2026-04-16T15:13:36,9.490918,-78.921974,4.4,0.18,105.5,12,1.4,92.6,4.120,-4.2,0,1,32391
2026-04-16T15:16:39,9.490891,-78.921974,1.5,0.31,111.4,11,1.4,92.4,4.116,-4.2,0,1,32392
2026-04-16T15:19:42,9.490932,-78.921974,11.2,0.21,110.2,11,1.5,92.1,4.117,-4.4,0,1,32393
2026-04-16T15:22:46,9.490902,-78.921974,9.0,0.53,122.1,10,1.7,92.6,4.115,-4.2,0,1,32394
2026-04-16T15:25:49,9.490857,-78.921959,9.1,0.26,122.2,12,1.4,91.8,4.115,-4.2,0,1,32395
2026-04-16T15:28:52,9.490862,-78.921936,9.8,0.46,299.6,11,1.5,92.0,4.113,-4.2,0,1,32396
2026-04-16T15:31:55,9.490889,-78.921997,9.0,0.07,110.5,11,1.3,91.3,4.115,-4.2,0,1,32397
2026-04-16T15:34:58,9.490893,-78.921997,8.7,0.18,295.2,10,1.4,91.6,4.111,-4.2,0,1,32398
2026-04-16T15:38:01,9.490886,-78.922012,11.9,0.19,297.7,11,1.3,91.6,4.110,-4.2,0,1,32399
2026-04-16T15:41:04,9.490872,-78.922058,13.6,0.43,84.4,10,1.3,91.2,4.114,-4.2,0,1,32400
2026-04-16T15:44:08,9.490904,-78.922096,12.5,0.09,280.4,10,1.4,91.2,4.114,-4.2,0,1,32401
2026-04-16T15:47:12,9.490938,-78.922211,22.5,0.26,123.2,10,1.4,91.5,4.109,-4.4,0,1,32402
2026-04-16T15:50:15,9.490953,-78.922241,23.8,0.43,261.5,11,1.3,91.0,4.108,-4.2,0,1,32403
2026-04-16T15:53:18,9.490957,-78.922234,28.0,0.13,114.9,10,1.8,91.0,4.109,-4.2,0,1,32404
2026-04-16T15:56:21,9.490938,-78.922180,29.8,0.18,306.5,11,1.4,90.5,4.106,-4.2,0,1,32405
2026-04-16T15:59:24,9.490860,-78.922058,33.0,0.44,124.7,7,2.3,91.0,4.105,-4.2,0,1,32406
2026-04-16T16:02:27,9.490832,-78.922150,43.9,0.48,139.8,10,1.7,90.7,4.105,-4.2,0,1,32407
2026-04-16T16:05:31,9.490858,-78.922211,43.3,0.48,123.9,9,1.9,90.4,4.102,-4.2,0,1,32408
2026-04-16T16:08:34,9.490830,-78.922203,43.1,0.08,123.9,10,1.6,90.4,4.102,-4.2,0,1,32409
2026-04-16T16:11:37,9.490822,-78.922203,43.5,0.09,305.9,11,1.3,90.4,4.101,-4.2,0,1,32410
2026-04-16T16:14:41,9.490753,-78.922119,42.6,0.20,135.1,11,1.4,90.2,4.104,-4.4,0,1,32411
2026-04-16T16:17:44,9.490680,-78.922043,36.2,0.49,128.5,12,1.2,89.9,4.099,-4.2,0,1,32412
2026-04-16T16:20:48,9.490603,-78.921974,33.7,0.65,113.4,11,1.4,89.9,4.100,-4.2,0,1,32413
2026-04-16T16:23:51,9.490619,-78.921959,41.4,0.26,144.4,9,1.6,90.1,4.099,-4.2,0,1,32414
2026-04-16T16:26:54,9.490670,-78.922020,40.0,0.46,308.5,12,1.1,90.1,4.096,-4.2,0,1,32415
2026-04-16T16:29:57,9.490714,-78.921997,44.0,0.22,353.0,10,1.6,89.4,4.096,-4.2,0,1,32416
2026-04-16T16:33:00,9.490853,-78.922218,43.0,0.52,300.0,9,1.9,89.9,4.095,-4.2,0,1,32417
2026-04-16T16:36:03,9.490952,-78.922302,41.1,0.56,303.7,9,1.9,89.4,4.094,-4.2,0,1,32418
2026-04-16T16:39:06,9.490963,-78.922302,39.4,0.79,144.6,8,2.0,89.3,4.091,-4.2,0,1,32419
2026-04-16T16:42:09,9.490935,-78.922310,38.8,0.15,60.9,8,1.6,89.0,4.094,-4.4,0,1,32420
2026-04-16T16:45:13,9.490960,-78.922295,38.3,0.62,190.4,11,1.3,96.6,4.155,-4.4,0,1,32421
2026-04-16T16:48:16,9.490944,-78.922256,37.0,0.11,194.7,11,1.2,97.0,4.161,-4.2,0,1,32422
2026-04-16T16:51:19,9.491220,-78.922417,33.0,0.03,152.3,11,1.2,97.8,4.165,-4.4,0,1,32423
2026-04-16T16:54:23,9.491165,-78.922447,30.8,0.34,166.9,8,1.5,98.4,4.171,-4.4,0,1,32424
2026-04-16T16:57:26,9.490969,-78.922333,33.0,0.82,79.5,9,2.2,99.4,4.177,-4.2,0,1,32425
2026-04-16T17:00:29,9.490820,-78.922249,33.4,0.38,105.1,9,1.4,100.0,4.182,2663.2,0,1,32426
2026-04-16T17:03:33,9.491046,-78.922371,29.0,0.38,172.6,8,2.3,100.7,4.187,-4.2,0,1,32427
2026-04-16T17:06:36,9.490909,-78.922256,28.8,0.60,266.5,8,3.1,101.3,4.193,-4.2,0,1,32428
2026-04-16T17:09:39,9.490483,-78.922012,21.3,0.62,164.7,8,3.1,101.9,4.199,-4.2,0,1,32429
2026-04-16T17:12:43,9.489984,-78.921738,13.1,0.19,170.8,9,1.3,102.7,4.206,-4.2,0,1,32430
2026-04-16T17:15:46,9.489572,-78.921501,16.8,1.68,148.7,5,6.4,103.5,4.210,-4.4,0,1,32431
2026-04-16T17:18:49,9.489413,-78.921349,16.0,1.53,212.2,7,3.5,104.0,4.213,-4.2,0,1,32432
2026-04-16T17:19:18,9.489406,-78.921379,15.5,0.14,192.6,6,5.0,104.0,4.213,-4.2,0,1,32433
2026-04-16T17:19:47,9.489453,-78.921379,16.8,0.45,161.0,8,2.0,104.0,4.213,-4.2,0,1,32434
2026-04-16T17:22:50,9.489141,-78.921219,26.3,0.37,163.6,9,1.7,104.1,4.214,-4.4,0,1,32435
2026-04-16T17:25:54,9.489032,-78.921158,33.2,0.41,77.6,9,2.2,104.3,4.215,-4.2,0,1,32436
2026-04-16T17:28:57,9.489332,-78.921303,36.3,0.34,318.3,9,2.1,104.1,4.215,-4.4,0,1,32437
2026-04-16T17:32:00,9.489552,-78.921425,33.9,0.22,330.2,9,2.0,104.8,4.216,-4.4,0,1,32438
2026-04-16T17:35:03,9.489624,-78.921463,33.8,0.08,196.5,9,2.0,104.6,4.216,-4.2,0,1,32439
2026-04-16T17:38:07,9.489694,-78.921524,36.2,1.33,329.4,9,1.9,104.1,4.218,-4.4,0,1,32440
2026-04-16T17:41:10,9.489784,-78.921577,38.5,0.19,358.4,9,1.8,104.3,4.219,-4.2,0,1,32441
2026-04-16T17:44:13,9.490158,-78.921738,34.0,0.36,329.8,9,1.8,104.5,4.219,-4.2,0,1,32442
2026-04-16T17:47:16,9.490326,-78.921982,33.9,0.39,261.7,9,1.7,104.5,4.218,-4.2,0,1,32443
2026-04-16T17:50:19,9.490401,-78.922066,33.0,0.50,26.1,9,1.6,104.5,4.219,-4.2,0,1,32444
2026-04-16T17:53:22,9.490527,-78.922180,31.2,0.54,345.6,9,1.6,104.6,4.219,-4.2,0,1,32445
2026-04-16T17:56:25,9.490722,-78.922256,30.8,0.58,340.5,8,1.6,104.5,4.220,-4.2,0,1,32446
2026-04-16T17:59:28,9.490767,-78.922325,32.8,0.57,237.7,9,1.2,104.6,4.218,-4.2,0,1,32447
2026-04-16T18:02:32,9.490926,-78.922470,32.9,0.53,286.1,8,1.7,104.6,4.219,-4.2,0,1,32448
2026-04-16T18:05:35,9.490947,-78.922447,27.4,0.47,204.0,10,1.1,104.8,4.220,-4.4,0,1,32449
2026-04-16T18:08:39,9.490918,-78.922401,26.3,0.09,138.4,10,1.1,104.6,4.220,-4.2,0,1,32450
2026-04-16T18:11:43,9.490931,-78.922333,23.3,0.31,118.8,8,1.2,104.3,4.216,-4.2,0,1,32451
2026-04-16T18:14:47,9.490917,-78.922295,23.0,0.23,246.3,9,1.1,102.6,4.196,-4.2,0,1,32452
2026-04-16T18:17:51,9.490927,-78.922287,24.7,0.29,343.4,9,1.3,102.1,4.196,-4.2,0,1,32453
2026-04-16T18:20:54,9.490987,-78.922356,32.8,0.35,313.2,10,1.1,101.9,4.193,-4.2,0,1,32454
2026-04-16T18:23:58,9.491020,-78.922409,35.2,0.29,289.9,7,1.6,101.6,4.194,-4.4,0,1,32455
2026-04-16T18:27:01,9.491032,-78.922447,40.2,0.22,328.4,9,1.1,101.5,4.191,-4.2,0,1,32456
2026-04-16T18:30:04,9.491018,-78.922455,39.9,0.99,272.1,8,1.5,101.5,4.187,-4.2,0,1,32457
2026-04-16T18:33:07,9.491003,-78.922455,39.2,1.06,348.9,9,1.3,101.3,4.184,-4.2,0,1,32458
2026-04-16T18:36:10,9.491043,-78.922478,40.1,0.73,250.8,8,1.5,101.0,4.185,-4.4,0,1,32459
2026-04-16T18:39:13,9.491018,-78.922470,39.6,0.29,286.3,9,1.3,101.0,4.186,-4.4,0,1,32460
2026-04-16T18:42:16,9.490955,-78.922440,40.8,0.69,226.1,9,1.3,100.7,4.187,-4.2,0,1,32461
2026-04-16T18:45:19,9.490882,-78.922371,41.3,0.12,64.7,8,1.4,100.3,4.184,-4.4,0,1,32462
2026-04-16T18:48:23,9.490931,-78.922302,42.6,0.04,98.0,9,1.3,100.3,4.179,-4.4,0,1,32463
2026-04-16T18:51:26,9.490880,-78.922295,41.6,0.51,240.7,9,1.3,100.2,4.177,-4.2,0,1,32464
2026-04-16T18:54:29,9.490889,-78.922241,41.4,0.55,113.8,9,1.3,100.0,4.181,-4.2,0,1,32465
2026-04-16T18:57:33,9.490904,-78.922173,43.5,0.10,124.6,9,1.3,99.6,4.179,-4.2,0,1,32466
2026-04-16T19:00:37,9.491012,-78.922272,42.4,2.97,326.9,5,2.6,99.6,4.174,-4.2,0,1,32467
2026-04-16T19:03:40,9.491232,-78.922668,100.4,3.83,336.0,5,2.3,99.4,4.175,-4.2,0,1,32468
2026-04-16T19:04:09,9.491575,-78.922699,117.4,4.44,350.0,5,2.5,99.2,4.173,-4.2,0,1,32469
2026-04-16T19:04:38,9.491612,-78.922897,136.1,3.87,321.4,7,2.0,99.2,4.171,-4.2,0,1,32470
2026-04-16T19:05:07,9.491735,-78.922859,153.5,3.56,321.7,6,2.3,99.1,4.173,-4.4,0,1,32471
2026-04-16T19:05:07,,,,,,,,99.1,4.171,2637.9,0,0,32472
2026-04-16T19:05:07,,,,,,,,99.1,4.173,-4.4,0,0,32473
2026-04-16T19:12:39,9.490882,-78.924469,32.7,8.00,263.6,17,0.6,98.9,4.174,-4.2,0,1,32474
2026-04-16T19:13:08,9.490972,-78.925591,34.4,9.23,281.5,16,0.6,98.6,4.169,-4.2,0,1,32475
2026-04-16T19:13:37,9.491221,-78.926285,36.9,4.59,290.2,17,0.6,98.6,4.169,-4.2,0,1,32476
2026-04-16T19:14:06,9.491270,-78.926384,36.8,0.23,359.5,17,0.6,98.8,4.170,-4.2,0,1,32477
2026-04-16T19:14:34,9.491292,-78.926392,36.0,0.25,359.5,19,0.6,98.6,4.165,-4.2,0,1,32478
2026-04-16T19:17:38,9.491778,-78.926872,34.4,0.33,108.8,17,0.6,98.4,4.170,-4.4,0,1,32479
2026-04-16T19:20:41,9.491796,-78.926918,35.0,1.11,303.5,17,0.6,98.4,4.165,-4.4,0,1,32480
2026-04-16T19:23:44,9.491854,-78.927277,31.0,0.07,257.5,16,0.6,98.0,4.159,-4.2,0,1,32481
2026-04-16T19:26:48,9.492177,-78.927338,30.8,1.11,27.7,17,0.6,98.0,4.168,-4.2,0,1,32482
2026-04-16T19:29:51,9.492466,-78.926964,34.8,1.04,66.9,18,0.6,98.0,4.161,-4.2,0,1,32483
2026-04-16T19:30:20,9.492486,-78.926857,35.3,0.67,64.2,15,0.7,97.8,4.160,-4.4,0,1,32484
2026-04-16T19:30:49,9.492461,-78.926743,34.2,0.51,102.5,18,0.6,97.5,4.161,-4.2,0,1,32485
2026-04-16T19:33:52,9.492412,-78.926529,35.0,0.19,177.4,20,0.6,97.7,4.161,-4.2,0,1,32486
2026-04-16T19:36:56,9.491965,-78.926437,33.0,0.97,206.3,19,0.6,97.7,4.159,-4.2,0,1,32487
2026-04-16T19:39:59,9.491704,-78.926895,32.0,0.45,151.8,18,0.6,97.3,4.156,-4.2,0,1,32488
2026-04-16T19:43:02,9.491700,-78.926926,26.6,0.77,331.6,17,0.7,97.2,4.157,-4.4,0,1,32489
2026-04-16T19:46:05,9.491584,-78.926872,26.1,0.34,102.9,16,0.6,97.3,4.156,-4.2,0,1,32490
2026-04-16T19:49:08,9.491676,-78.926727,26.8,1.59,102.4,18,0.6,96.7,4.160,-4.2,0,1,32491
2026-04-16T19:52:11,9.491335,-78.926399,26.2,0.37,239.5,18,0.6,96.9,4.155,-4.2,0,1,32492
2026-04-16T19:55:14,9.490969,-78.925766,24.9,7.77,95.8,17,0.6,96.7,4.153,-4.2,0,1,32493
2026-04-16T19:58:18,9.490892,-78.922356,23.0,0.65,313.8,11,0.9,96.7,4.155,-4.2,0,1,32494
2026-04-16T20:01:22,9.491243,-78.922531,31.7,1.73,333.0,4,3.9,96.6,4.148,-4.4,0,1,32495
2026-04-16T20:04:25,9.490788,-78.922256,37.8,0.67,135.6,6,1.6,96.2,4.154,-4.2,0,1,32496
2026-04-16T20:07:29,9.490937,-78.922211,35.4,0.49,127.5,7,1.5,96.1,4.148,-4.2,0,1,32497
2026-04-16T20:10:32,9.490986,-78.922256,30.5,0.69,153.3,10,0.9,96.1,4.146,-4.2,0,1,32498
2026-04-16T20:13:36,9.490946,-78.922241,27.3,0.56,349.0,7,1.5,96.1,4.150,-4.2,0,1,32499
2026-04-16T20:16:39,9.490951,-78.922241,24.7,0.15,79.2,10,1.1,95.6,4.144,-4.2,0,1,32500
2026-04-16T20:19:43,9.490996,-78.922249,23.0,0.33,286.1,9,1.2,95.6,4.142,-4.2,0,1,32501
2026-04-16T20:22:46,9.490960,-78.922333,23.7,0.23,319.1,7,1.4,95.6,4.142,-4.2,0,1,32502
2026-04-16T20:25:49,9.490849,-78.922424,23.8,0.19,104.2,8,1.3,95.3,4.140,-4.4,0,1,32503
2026-04-16T20:28:53,9.490911,-78.922409,24.9,0.46,295.2,7,1.4,95.3,4.137,-4.4,0,1,32504
2026-04-16T20:31:56,9.490923,-78.922363,27.7,0.57,338.2,9,1.4,95.1,4.139,-4.2,0,1,32505
2026-04-16T20:34:59,9.490926,-78.922310,27.5,0.47,157.3,12,0.9,95.0,4.141,-4.2,0,1,32506
2026-04-16T20:38:03,9.490946,-78.922340,30.5,0.74,149.4,11,1.0,95.0,4.137,-4.2,0,1,32507
2026-04-16T20:41:06,9.491038,-78.922295,32.2,0.80,227.9,11,1.0,94.8,4.139,-4.2,0,1,32508
2026-04-16T20:44:09,9.490966,-78.922295,31.8,0.07,144.2,10,1.1,94.7,4.134,-4.4,0,1,32509
2026-04-16T20:47:13,9.491020,-78.922363,33.8,0.74,20.8,10,1.1,94.3,4.135,-4.2,0,1,32510
2026-04-16T20:50:16,9.491046,-78.922386,39.6,0.60,306.1,11,1.1,94.5,4.131,-4.2,0,1,32511
2026-04-16T20:53:19,9.491117,-78.922424,40.7,0.18,293.6,14,0.9,94.3,4.130,-4.2,0,1,32512
2026-04-16T20:56:22,9.491992,-78.921661,45.9,4.27,25.8,12,0.9,94.2,4.134,-4.2,0,1,32513
2026-04-16T20:59:25,9.496455,-78.918007,16.8,8.84,44.7,11,1.0,94.2,4.130,-4.2,0,1,32514
2026-04-16T20:59:54,9.497366,-78.917252,20.1,8.76,42.8,13,0.9,93.7,4.134,-4.2,0,1,32515
2026-04-16T21:00:23,9.498279,-78.916420,19.9,9.53,43.7,12,0.9,93.5,4.130,-4.2,0,1,32516
2026-04-16T21:00:52,9.499228,-78.915474,8.0,10.10,46.8,14,0.9,93.9,4.131,-4.2,0,1,32517
2026-04-16T21:01:21,9.500272,-78.914551,11.6,10.81,42.2,13,0.9,93.9,4.130,-4.2,0,1,32518
2026-04-16T21:01:49,9.501398,-78.913673,23.3,10.82,47.7,13,0.9,93.7,4.128,-4.2,0,1,32519
2026-04-16T21:02:18,9.502543,-78.912704,22.3,11.51,41.8,14,0.9,93.9,4.129,-4.2,0,1,32520
2026-04-16T21:02:47,9.503685,-78.911736,9.7,11.52,46.6,13,0.9,93.7,4.128,-4.2,0,1,32521
2026-04-16T21:03:16,9.504827,-78.910683,-5.5,11.24,44.9,13,0.9,93.5,4.129,-4.2,0,1,32522
2026-04-16T21:03:44,9.505972,-78.909668,11.4,11.40,43.3,13,0.9,93.5,4.126,-4.2,0,1,32523
2026-04-16T21:04:13,9.507143,-78.908592,12.4,11.47,45.1,11,1.2,93.7,4.128,-4.2,0,1,32524
2026-04-16T21:04:42,9.508325,-78.907478,16.5,11.54,48.4,11,1.2,93.5,4.133,-4.2,0,1,32525
2026-04-16T21:05:11,9.509505,-78.906387,16.4,11.71,43.8,12,1.0,93.5,4.129,-4.2,0,1,32526
2026-04-16T21:05:39,9.510645,-78.905212,1.1,12.16,41.3,14,0.9,93.7,4.125,-4.2,0,1,32527
2026-04-16T21:06:08,9.511572,-78.903885,-8.4,12.33,53.8,12,1.0,93.7,4.126,-4.2,0,1,32528
2026-04-16T21:06:37,9.512637,-78.902672,11.0,12.34,59.9,13,0.9,93.4,4.131,-4.4,0,1,32529
2026-04-16T21:07:06,9.513488,-78.901283,24.9,12.63,59.3,14,0.9,93.1,4.125,-4.2,0,1,32530
2026-04-16T21:07:34,9.514252,-78.899895,24.1,12.19,61.0,14,0.9,93.2,4.125,-4.2,0,1,32531
2026-04-16T21:08:03,9.515008,-78.898422,25.1,11.83,61.2,13,0.9,93.5,4.129,-4.2,0,1,32532
2026-04-16T21:08:32,9.515886,-78.896912,18.6,13.29,58.5,13,0.9,93.4,4.131,-4.4,0,1,32533
2026-04-16T21:09:01,9.516757,-78.895302,19.2,13.03,61.3,13,0.9,93.2,4.126,-4.2,0,1,32534
2026-04-16T21:09:29,9.517634,-78.893753,16.3,13.96,59.8,13,0.9,93.5,4.124,-4.2,0,1,32535
2026-04-16T21:09:58,9.518520,-78.892075,27.1,13.77,60.5,13,0.9,93.4,4.125,-4.4,0,1,32536
2026-04-16T21:10:27,9.519451,-78.890358,12.4,14.20,65.6,12,1.0,93.2,4.129,-4.2,0,1,32537
2026-04-16T21:10:56,9.520376,-78.888611,8.9,14.71,60.5,13,0.9,93.4,4.125,-4.4,0,1,32538
2026-04-16T21:11:24,9.521286,-78.886940,5.8,13.80,58.6,13,0.9,93.1,4.122,-4.2,0,1,32539
2026-04-16T21:11:53,9.522237,-78.885201,10.7,14.68,62.1,14,0.9,93.2,4.125,-4.2,0,1,32540
2026-04-16T21:12:22,9.523228,-78.883469,4.8,14.17,57.5,13,0.9,93.2,4.121,-4.2,0,1,32541
2026-04-16T21:12:51,9.524188,-78.881706,1.8,14.60,59.4,14,0.9,93.1,4.126,-4.2,0,1,32542
2026-04-16T21:13:19,9.525074,-78.880020,-0.2,13.64,64.5,14,0.9,92.9,4.122,-4.2,0,1,32543
2026-04-16T21:13:48,9.526062,-78.878311,-0.2,13.82,59.2,13,0.9,93.4,4.124,-4.4,0,1,32544
2026-04-16T21:14:17,9.526996,-78.876541,2.7,14.42,62.0,13,0.9,92.9,4.124,-4.2,0,1,32545
2026-04-16T21:14:46,9.527973,-78.874802,0.7,14.33,56.4,13,0.9,92.9,4.125,-4.2,0,1,32546
2026-04-16T21:15:14,9.528852,-78.873077,6.5,14.57,61.6,12,1.0,93.1,4.121,2477.9,0,1,32547
2026-04-16T21:15:43,9.529790,-78.871315,6.0,13.67,61.9,12,1.0,93.2,4.122,-4.2,0,1,32548
2026-04-16T21:16:12,9.530774,-78.869606,18.1,14.59,60.0,12,1.0,93.2,4.129,-4.2,0,1,32549
2026-04-16T21:16:41,9.531745,-78.867844,23.3,14.50,59.3,12,1.0,93.1,4.124,-4.2,0,1,32550
2026-04-16T21:17:09,9.532675,-78.866127,21.2,13.84,60.0,11,1.0,92.8,4.125,-4.4,0,1,32551
2026-04-16T21:17:38,9.533642,-78.864365,27.0,15.40,60.0,11,1.1,93.1,4.120,-4.2,0,1,32552
2026-04-16T21:18:07,9.534571,-78.862518,20.9,15.56,61.9,12,1.0,92.6,4.117,-4.2,0,1,32553
2026-04-16T21:18:36,9.535537,-78.860771,21.6,14.01,60.8,12,1.0,92.8,4.124,-4.4,0,1,32554
2026-04-16T21:19:04,9.536493,-78.859062,22.0,14.90,60.5,12,1.0,92.8,4.122,-4.4,0,1,32555
2026-04-16T21:19:33,9.537505,-78.857330,19.8,15.43,60.3,12,1.0,93.1,4.121,-4.2,0,1,32556
2026-04-16T21:20:02,9.538486,-78.855576,19.7,14.90,60.3,12,1.0,93.2,4.121,-4.2,0,1,32557
2026-04-16T21:20:31,9.539427,-78.853867,28.1,14.50,58.8,11,1.0,92.8,4.122,-4.4,0,1,32558
2026-04-16T21:20:59,9.540385,-78.852165,29.6,14.41,59.2,12,1.0,92.6,4.119,-4.2,0,1,32559
2026-04-16T21:21:28,9.541395,-78.850418,36.5,14.36,57.9,11,1.0,93.1,4.117,-4.2,0,1,32560
2026-04-16T21:21:57,9.542316,-78.848640,31.9,14.47,57.9,12,1.0,92.6,4.125,-4.2,0,1,32561
2026-04-16T21:22:26,9.543137,-78.846718,21.2,15.41,61.5,12,1.0,92.4,4.121,-4.2,0,1,32562
2026-04-16T21:22:54,9.543999,-78.845039,24.4,14.73,69.6,12,1.0,92.6,4.120,-4.2,0,1,32563
2026-04-16T21:23:23,9.544662,-78.843163,26.0,14.45,73.2,12,1.0,92.8,4.122,-4.4,0,1,32564
2026-04-16T21:23:52,9.545172,-78.841209,32.5,14.91,74.4,12,1.0,92.6,4.124,-4.2,0,1,32565
2026-04-16T21:24:21,9.545648,-78.839211,37.9,15.76,79.9,11,1.1,92.4,4.121,-4.2,0,1,32566
2026-04-16T21:24:49,9.545900,-78.837318,26.3,14.41,81.8,11,1.1,92.6,4.120,-4.2,0,1,32567
2026-04-16T21:25:18,9.546095,-78.835190,16.7,15.09,88.1,10,1.3,92.8,4.119,-4.4,0,1,32568
2026-04-16T21:25:47,9.545936,-78.833092,19.5,15.37,90.1,10,1.3,92.6,4.117,-4.2,0,1,32569
2026-04-16T21:26:16,9.545980,-78.831017,21.5,15.16,95.3,10,1.3,92.4,4.120,-4.2,0,1,32570
2026-04-16T21:26:44,9.545847,-78.829117,33.5,15.35,93.3,10,1.3,92.3,4.120,-4.2,0,1,32571
2026-04-16T21:27:13,9.545584,-78.827065,48.1,15.38,93.5,11,1.2,92.4,4.116,-4.2,0,1,32572
2026-04-16T21:27:42,9.544978,-78.825142,24.3,14.52,109.2,11,1.2,92.3,4.124,-4.2,0,1,32573
2026-04-16T21:28:11,9.544298,-78.823196,33.4,17.32,103.4,11,1.2,92.3,4.119,-4.2,0,1,32574
2026-04-16T21:28:39,9.543613,-78.821342,33.6,14.83,108.5,11,1.2,92.1,4.117,-4.4,0,1,32575
2026-04-16T21:29:08,9.542864,-78.819473,30.7,15.65,111.1,11,1.2,92.3,4.119,-4.2,0,1,32576
2026-04-16T21:29:37,9.542246,-78.817513,31.4,15.00,105.7,11,1.2,92.3,4.116,-4.2,0,1,32577
2026-04-16T21:30:06,9.541491,-78.815666,29.9,15.42,111.1,11,1.2,92.3,4.119,-4.2,0,1,32578
2026-04-16T21:30:34,9.540806,-78.813828,30.4,15.08,108.0,11,1.2,92.1,4.116,-4.4,0,1,32579
2026-04-16T21:31:03,9.540064,-78.811966,23.9,14.84,111.3,11,1.2,92.6,4.117,-4.2,0,1,32580
2026-04-16T21:31:32,9.539320,-78.810028,26.1,14.83,105.4,11,1.2,92.1,4.121,-4.4,0,1,32581
2026-04-16T21:32:01,9.538635,-78.808136,25.3,14.59,107.2,11,1.2,92.0,4.117,-4.2,0,1,32582
2026-04-16T21:32:29,9.537886,-78.806328,23.8,15.41,110.4,10,1.5,92.1,4.115,-4.4,0,1,32583
2026-04-16T21:32:58,9.537137,-78.804390,20.4,14.68,106.5,10,1.4,92.4,4.117,-4.2,0,1,32584
2026-04-16T21:33:27,9.536315,-78.802498,28.6,14.52,111.7,12,1.2,92.4,4.117,-4.2,0,1,32585
2026-04-16T21:33:56,9.535614,-78.800560,30.8,15.33,111.5,12,1.2,92.0,4.117,-4.2,0,1,32586
2026-04-16T21:34:24,9.534867,-78.798729,31.3,15.68,111.7,12,1.2,92.0,4.114,-4.2,0,1,32587
2026-04-16T21:34:53,9.534069,-78.796867,26.2,14.97,107.9,12,1.2,92.1,4.117,-4.4,0,1,32588
2026-04-16T21:35:22,9.533323,-78.794960,22.8,14.52,107.7,12,1.2,91.8,4.119,-4.2,0,1,32589
2026-04-16T21:35:51,9.532566,-78.793091,15.0,14.20,108.5,12,1.2,92.1,4.116,-4.4,0,1,32590
2026-04-16T21:36:19,9.531861,-78.791183,19.1,16.84,111.4,12,1.2,92.1,4.114,-4.4,0,1,32591
2026-04-16T21:36:48,9.531166,-78.789291,20.8,15.23,111.9,12,1.2,92.1,4.115,-4.4,0,1,32592
2026-04-16T21:37:17,9.530473,-78.787399,24.7,14.78,111.1,12,1.2,92.3,4.121,-4.2,0,1,32593
2026-04-16T21:37:46,9.529775,-78.785461,25.5,13.88,111.0,12,1.2,91.8,4.116,-4.2,0,1,32594
2026-04-16T21:38:14,9.529106,-78.783630,22.0,15.74,111.8,12,1.2,91.6,4.113,-4.2,0,1,32595
2026-04-16T21:38:43,9.528363,-78.781761,17.3,15.15,109.9,12,1.2,92.3,4.114,-4.2,0,1,32596
2026-04-16T21:39:12,9.527576,-78.779900,11.7,15.05,112.3,12,1.2,91.8,4.119,-4.2,0,1,32597
2026-04-16T21:39:41,9.526813,-78.777924,12.1,14.48,111.2,11,1.4,91.8,4.115,-4.2,0,1,32598
2026-04-16T21:40:09,9.526058,-78.776100,9.9,15.19,108.8,11,1.4,91.6,4.113,-4.2,0,1,32599
2026-04-16T21:40:38,9.525370,-78.774208,6.6,15.36,107.0,11,1.4,92.0,4.114,-4.2,0,1,32600
2026-04-16T21:41:07,9.524608,-78.772285,10.6,14.92,110.0,11,1.4,91.8,4.120,-4.2,0,1,32601
2026-04-16T21:41:36,9.523903,-78.770416,8.9,15.09,110.5,11,1.4,91.6,4.114,-4.2,0,1,32602
2026-04-16T21:42:04,9.523230,-78.768532,14.3,15.51,110.2,11,1.4,91.5,4.110,-4.4,0,1,32603
2026-04-16T21:42:33,9.522472,-78.766632,9.8,15.18,110.4,11,1.4,91.8,4.114,-4.2,0,1,32604
2026-04-16T21:43:02,9.521772,-78.764656,6.9,15.11,106.7,11,1.4,91.6,4.113,-4.2,0,1,32605
2026-04-16T21:43:31,9.521016,-78.762817,-21.8,14.56,105.0,11,1.4,91.5,4.114,-4.4,0,1,32606
2026-04-16T21:43:59,9.520653,-78.760925,0.0,14.19,102.2,11,1.4,91.6,4.111,-4.2,0,1,32607
2026-04-16T21:44:28,9.520410,-78.758789,23.7,15.84,94.6,10,1.4,91.6,4.111,-4.2,0,1,32608
2026-04-16T21:44:57,9.520068,-78.756905,17.0,14.67,92.7,10,1.4,91.8,4.111,-4.2,0,1,32609
2026-04-16T21:45:26,9.519945,-78.754860,7.6,14.58,88.4,9,1.5,91.5,4.111,-4.4,0,1,32610
2026-04-16T21:45:54,9.520023,-78.752907,8.3,14.53,88.6,10,1.4,91.5,4.109,-4.4,0,1,32611
2026-04-16T21:46:23,9.519948,-78.750847,6.7,15.33,90.2,10,1.4,91.8,4.111,-4.2,0,1,32612
2026-04-16T21:46:52,9.519928,-78.748779,17.2,15.62,88.5,11,1.1,91.3,4.115,-4.2,0,1,32613
2026-04-16T21:47:21,9.519750,-78.746765,15.4,14.90,94.4,10,1.4,91.2,4.111,-4.2,0,1,32614
2026-04-16T21:47:49,9.519637,-78.744896,17.2,14.22,91.4,9,1.5,91.8,4.109,-4.2,0,1,32615
2026-04-16T21:48:18,9.519560,-78.742867,11.8,15.08,94.6,10,1.4,91.8,4.111,-4.2,0,1,32616
2026-04-16T21:48:47,9.519598,-78.740868,16.2,15.48,89.6,10,1.4,91.3,4.116,-4.2,0,1,32617
2026-04-16T21:49:16,9.519565,-78.738876,17.1,15.16,89.5,11,1.1,91.6,4.115,-4.2,0,1,32618
2026-04-16T21:49:44,9.519508,-78.736893,12.0,14.36,89.9,11,1.1,91.2,4.108,-4.2,0,1,32619
2026-04-16T21:50:13,9.519429,-78.734932,10.5,13.84,89.7,10,1.2,91.5,4.108,-4.4,0,1,32620
2026-04-16T21:50:42,9.519313,-78.732933,5.4,14.64,93.2,11,1.1,91.2,4.114,-4.2,0,1,32621
2026-04-16T21:51:11,9.519315,-78.730904,7.1,13.29,85.1,10,2.0,91.0,4.114,-4.2,0,1,32622
2026-04-16T21:51:39,9.519255,-78.728966,8.7,14.32,87.9,10,1.4,91.3,4.109,-4.2,0,1,32623
2026-04-16T21:52:08,9.519280,-78.726982,9.0,15.51,87.8,10,1.4,91.3,4.106,-4.2,0,1,32624
2026-04-16T21:52:37,9.519241,-78.724953,10.9,14.57,93.0,10,1.4,91.3,4.113,-4.2,0,1,32625
2026-04-16T21:53:06,9.519300,-78.722908,17.4,15.78,85.7,11,1.1,91.2,4.110,-4.2,0,1,32626
2026-04-16T21:53:34,9.519231,-78.720947,21.3,15.67,90.8,11,1.1,91.0,4.106,-4.2,0,1,32627
2026-04-16T21:54:03,9.519300,-78.718903,31.2,14.81,88.8,9,1.6,91.3,4.106,-4.2,0,1,32628
2026-04-16T21:54:32,9.519286,-78.716850,36.4,14.97,96.7,10,1.4,91.0,4.114,-4.2,0,1,32629
2026-04-16T21:55:01,9.519203,-78.714897,35.1,13.43,85.4,9,1.6,91.0,4.109,-4.2,0,1,32630
2026-04-16T21:55:29,9.519130,-78.712967,34.6,14.01,88.1,10,1.4,91.3,4.108,-4.2,0,1,32631
2026-04-16T21:55:58,9.519130,-78.710915,35.8,14.73,89.5,11,1.1,91.2,4.110,-4.2,0,1,32632
2026-04-16T21:56:27,9.519125,-78.708954,35.5,13.14,90.2,11,1.1,91.0,4.110,-4.2,0,1,32633
2026-04-16T21:56:56,9.519235,-78.707016,33.4,14.83,81.8,10,1.3,91.0,4.108,-4.2,0,1,32634
2026-04-16T21:57:24,9.519485,-78.705055,30.2,14.72,83.4,11,1.2,90.9,4.102,-4.4,0,1,32635
2026-04-16T21:57:53,9.519710,-78.702972,43.1,14.27,76.2,11,1.2,91.3,4.109,-4.2,0,1,32636
2026-04-16T21:58:22,9.520345,-78.701111,31.1,14.94,76.2,10,1.5,90.5,4.109,-4.2,0,1,32637
2026-04-16T21:58:51,9.521087,-78.699242,31.8,14.88,67.2,10,1.5,90.7,4.105,-4.2,0,1,32638
2026-04-16T21:59:19,9.521798,-78.697441,18.2,14.20,62.2,11,1.2,90.9,4.102,-4.4,0,1,32639
2026-04-16T21:59:48,9.522588,-78.695625,9.1,14.41,63.8,10,1.5,91.0,4.108,-4.2,0,1,32640
2026-04-16T22:00:17,9.523455,-78.693832,5.0,15.13,59.8,11,1.2,90.5,4.110,-4.2,0,1,32641
2026-04-16T22:00:46,9.524279,-78.692017,16.0,14.48,55.8,10,1.5,90.5,4.106,-4.2,0,1,32642
2026-04-16T22:01:14,9.525168,-78.690292,26.2,14.21,63.4,10,1.5,90.4,4.106,-4.2,0,1,32643
2026-04-16T22:01:43,9.526037,-78.688423,24.0,15.27,66.2,10,1.5,91.0,4.106,-4.2,0,1,32644
2026-04-16T22:02:12,9.526576,-78.686516,23.6,13.90,72.4,10,1.5,90.5,4.111,-4.2,0,1,32645
2026-04-16T22:02:41,9.527225,-78.684547,20.9,15.15,71.9,10,1.5,90.7,4.106,-4.2,0,1,32646
2026-04-16T22:03:09,9.527840,-78.682724,25.7,14.78,72.2,10,1.6,90.5,4.104,-4.2,0,1,32647
2026-04-16T22:03:38,9.528543,-78.680847,23.7,15.61,71.0,10,1.6,90.7,4.105,-4.2,0,1,32648
2026-04-16T22:04:07,9.529215,-78.678963,27.6,14.68,67.6,10,1.6,90.5,4.110,-4.2,0,1,32649
2026-04-16T22:04:36,9.529748,-78.677017,23.0,13.94,74.9,10,1.6,90.5,4.105,-4.2,0,1,32650
2026-04-16T22:05:04,9.530391,-78.675156,16.7,14.38,72.7,10,1.6,90.5,4.104,-4.2,0,1,32651
2026-04-16T22:05:33,9.530965,-78.673256,15.7,15.14,67.6,10,1.6,90.5,4.104,-4.2,0,1,32652
2026-04-16T22:06:02,9.531620,-78.671288,18.1,15.44,69.9,10,1.6,90.7,4.105,-4.2,0,1,32653
2026-04-16T22:06:31,9.532334,-78.669411,22.7,14.42,71.0,10,1.6,90.4,4.105,-4.2,0,1,32654
2026-04-16T22:06:59,9.532808,-78.667549,14.3,13.61,72.4,10,1.6,90.5,4.099,-4.2,0,1,32655
2026-04-16T22:07:28,9.533595,-78.665825,26.7,14.45,67.8,10,1.6,90.5,4.104,-4.2,0,1,32656
2026-04-16T22:07:57,9.534395,-78.663979,18.8,14.40,68.5,10,1.6,90.2,4.109,-4.4,0,1,32657
2026-04-16T22:08:26,9.535286,-78.662224,3.6,14.22,61.1,11,1.2,90.4,4.104,-4.2,0,1,32658
2026-04-16T22:08:54,9.536243,-78.660530,-2.0,15.52,59.8,10,1.7,90.2,4.101,-4.4,0,1,32659
2026-04-16T22:09:23,9.537200,-78.658798,-2.2,14.99,59.2,11,1.2,90.7,4.105,-4.2,0,1,32660
2026-04-16T22:09:52,9.538029,-78.657005,-6.4,13.89,69.1,10,1.7,90.2,4.101,-4.4,0,1,32661
2026-04-16T22:10:21,9.539127,-78.655304,-5.2,14.20,63.7,11,1.5,90.4,4.105,-4.2,0,1,32662
2026-04-16T22:10:49,9.540022,-78.653610,-9.5,14.53,63.0,11,1.5,90.4,4.101,-4.2,0,1,32663
2026-04-16T22:11:18,9.540991,-78.651848,-6.1,13.62,58.4,11,1.5,90.4,4.101,-4.2,0,1,32664
2026-04-16T22:11:47,9.541974,-78.650078,-2.3,16.24,64.2,11,1.5,90.5,4.108,-4.2,0,1,32665
2026-04-16T22:12:16,9.543029,-78.648308,3.2,14.58,63.0,11,1.5,90.2,4.101,-4.4,0,1,32666
2026-04-16T22:12:44,9.544000,-78.646698,3.4,14.48,64.2,11,1.5,90.1,4.104,-4.2,0,1,32667
2026-04-16T22:13:13,9.544909,-78.644966,6.4,13.23,59.2,11,1.6,90.2,4.101,-4.4,0,1,32668
2026-04-16T22:13:42,9.545872,-78.643219,7.4,14.34,63.6,11,1.6,90.1,4.102,-4.2,0,1,32669
2026-04-16T22:14:11,9.546855,-78.641495,7.3,14.08,66.3,11,1.6,90.1,4.100,-4.2,0,1,32670
2026-04-16T22:14:39,9.547749,-78.639839,5.9,13.99,60.3,11,1.6,90.1,4.099,-4.2,0,1,32671
2026-04-16T22:15:08,9.548785,-78.638145,7.4,14.11,59.5,11,1.6,90.5,4.102,-4.2,0,1,32672
2026-04-16T22:15:37,9.549750,-78.636368,12.4,14.99,61.6,11,1.6,90.4,4.104,-4.2,0,1,32673
2026-04-16T22:16:06,9.550658,-78.634621,12.6,14.37,62.2,11,1.6,90.4,4.101,-4.2,0,1,32674
2026-04-16T22:16:34,9.551715,-78.632980,15.3,15.93,60.9,11,1.6,90.1,4.099,-4.2,0,1,32675
2026-04-16T22:17:03,9.552670,-78.631241,17.8,15.06,60.3,11,1.6,90.1,4.100,-4.2,0,1,32676
2026-04-16T22:17:32,9.553695,-78.629524,13.5,14.43,57.0,11,1.6,90.1,4.105,-4.2,0,1,32677
2026-04-16T22:18:01,9.554548,-78.627731,11.7,14.91,61.4,11,1.6,90.1,4.100,-4.2,0,1,32678
2026-04-16T22:18:29,9.555508,-78.626015,11.2,15.13,60.4,11,1.6,89.9,4.099,-4.2,0,1,32679
2026-04-16T22:18:58,9.556540,-78.624359,12.7,14.76,58.7,11,1.6,90.4,4.099,-4.2,0,1,32680
2026-04-16T22:19:27,9.557498,-78.622589,10.0,15.49,60.2,11,1.6,89.9,4.105,-4.2,0,1,32681
2026-04-16T22:19:56,9.558393,-78.620834,10.2,14.74,63.5,11,1.6,89.7,4.101,-4.2,0,1,32682
2026-04-16T22:20:24,9.559415,-78.619171,8.1,14.67,60.8,11,1.6,90.1,4.097,-4.2,0,1,32683
2026-04-16T22:20:53,9.560289,-78.617393,7.1,15.34,60.1,11,1.6,89.9,4.097,-4.2,0,1,32684
2026-04-16T22:21:22,9.560993,-78.615646,0.3,13.59,64.1,11,1.6,89.7,4.106,-4.2,0,1,32685
2026-04-16T22:21:51,9.561755,-78.613808,-0.9,12.96,68.7,11,1.6,89.9,4.102,-4.2,0,1,32686
2026-04-16T22:22:19,9.562428,-78.612022,6.1,14.21,68.9,11,1.6,89.6,4.099,-4.4,0,1,32687
2026-04-16T22:22:48,9.563173,-78.610168,17.5,15.70,74.9,11,1.6,90.1,4.099,-4.2,0,1,32688
2026-04-16T22:23:17,9.563827,-78.608269,25.1,13.72,75.6,11,1.6,89.7,4.095,-4.2,0,1,32689
2026-04-16T22:23:46,9.564310,-78.606354,19.5,14.36,76.8,11,1.6,89.7,4.099,-4.2,0,1,32690
2026-04-16T22:24:14,9.564780,-78.604469,9.9,14.92,76.6,11,1.6,89.6,4.097,-4.4,0,1,32691
2026-04-16T22:24:43,9.565225,-78.602539,6.1,15.07,75.6,10,1.7,90.1,4.099,-4.2,0,1,32692
2026-04-16T22:25:12,9.565760,-78.600632,8.2,14.96,70.9,11,1.7,89.7,4.101,-4.2,0,1,32693
2026-04-16T22:25:41,9.566258,-78.598709,8.3,15.19,77.2,11,1.7,89.4,4.100,-4.2,0,1,32694
2026-04-16T22:26:09,9.566738,-78.596886,4.6,13.31,81.2,11,1.7,89.6,4.097,-4.4,0,1,32695
2026-04-16T22:26:38,9.567342,-78.594940,0.9,15.13,71.9,11,1.7,89.4,4.100,-4.2,0,1,32696
2026-04-16T22:27:07,9.567815,-78.593048,3.7,15.62,77.8,11,1.7,89.6,4.097,-4.4,0,1,32697
2026-04-16T22:27:36,9.568303,-78.591148,0.4,14.85,73.7,11,1.7,89.4,4.096,-4.2,0,1,32698
2026-04-16T22:28:04,9.568842,-78.589294,4.8,14.83,80.3,11,1.7,89.4,4.097,-4.2,0,1,32699
2026-04-16T22:28:33,9.569453,-78.587395,1.3,14.15,74.9,11,1.7,89.7,4.099,-4.2,0,1,32700
2026-04-16T22:29:02,9.569935,-78.585457,-1.2,15.28,73.0,11,1.7,89.3,4.099,-4.2,0,1,32701
2026-04-16T22:29:31,9.570483,-78.583542,-2.1,14.88,76.6,11,1.7,89.4,4.096,-4.2,0,1,32702
2026-04-16T22:29:59,9.570962,-78.581718,-0.4,13.69,78.0,11,1.7,89.1,4.097,-4.2,0,1,32703
2026-04-16T22:30:28,9.571448,-78.579811,-7.0,14.17,74.7,11,1.7,89.4,4.096,-4.2,0,1,32704
2026-04-16T22:30:57,9.571896,-78.577919,-6.9,14.05,71.9,11,1.7,89.4,4.097,-4.2,0,1,32705
2026-04-16T22:31:26,9.572488,-78.575996,-3.9,14.33,77.6,11,1.7,89.4,4.097,-4.2,0,1,32706
2026-04-16T22:31:54,9.572906,-78.574173,-5.8,14.69,73.6,11,1.7,89.3,4.097,-4.2,0,1,32707
2026-04-16T22:32:23,9.573325,-78.572243,-11.9,14.09,77.8,11,1.7,89.4,4.096,-4.2,0,1,32708
2026-04-16T22:32:52,9.573736,-78.570320,-19.5,14.13,76.1,11,1.7,89.3,4.096,-4.2,0,1,32709
2026-04-16T22:33:21,9.574328,-78.568436,-24.4,15.50,76.3,11,1.7,89.3,4.094,-4.2,0,1,32710
2026-04-16T22:33:49,9.574805,-78.566589,-27.7,14.19,76.0,11,1.6,89.3,4.096,-4.2,0,1,32711
2026-04-16T22:34:18,9.575435,-78.564705,-24.2,14.48,74.4,11,1.6,89.3,4.094,-4.2,0,1,32712
2026-04-16T22:34:47,9.576020,-78.562836,-17.8,14.60,73.9,11,1.6,89.1,4.093,-4.2,0,1,32713
2026-04-16T22:35:16,9.576602,-78.560982,-18.3,14.42,75.1,11,1.6,89.0,4.094,-4.4,0,1,32714
2026-04-16T22:35:44,9.577188,-78.559128,-14.0,13.42,76.6,11,1.6,89.3,4.095,-4.2,0,1,32715
2026-04-16T22:36:13,9.577868,-78.557236,-2.8,14.30,73.8,10,1.6,89.6,4.095,-4.4,0,1,32716
2026-04-16T22:36:42,9.578488,-78.555367,10.5,15.56,69.3,11,1.6,89.0,4.094,-4.4,0,1,32717
2026-04-16T22:37:11,9.579193,-78.553436,11.1,15.22,73.3,11,1.6,89.3,4.095,-4.2,0,1,32718
2026-04-16T22:37:39,9.579690,-78.551598,13.9,14.90,78.2,10,1.8,89.1,4.094,-4.2,0,1,32719
2026-04-16T22:38:08,9.580246,-78.549637,14.8,15.00,77.8,11,1.6,89.3,4.095,-4.2,0,1,32720
2026-04-16T22:38:37,9.580800,-78.547668,10.6,14.53,75.7,11,1.6,89.0,4.095,-4.4,0,1,32721
2026-04-16T22:39:06,9.581342,-78.545746,10.4,16.46,75.6,11,1.6,89.0,4.094,-4.4,0,1,32722
2026-04-16T22:39:34,9.581884,-78.543915,15.6,14.33,70.8,10,1.6,89.1,4.095,-4.2,0,1,32723
2026-04-16T22:40:03,9.582490,-78.542038,20.0,13.60,72.0,11,1.6,89.4,4.094,-4.2,0,1,32724
2026-04-16T22:40:32,9.583033,-78.540131,15.5,14.85,73.0,11,1.6,89.0,4.094,-4.4,0,1,32725
2026-04-16T22:41:01,9.583517,-78.538162,12.6,14.80,81.1,11,1.6,88.8,4.093,-4.2,0,1,32726
2026-04-16T22:41:29,9.584065,-78.536362,12.9,13.84,77.7,11,1.6,89.0,4.093,-4.4,0,1,32727
2026-04-16T22:41:58,9.584603,-78.534439,5.3,14.58,73.2,11,1.6,89.1,4.094,-4.2,0,1,32728
2026-04-16T22:42:27,9.585127,-78.532547,3.5,14.59,78.6,11,1.6,89.0,4.091,-4.4,0,1,32729
2026-04-16T22:42:56,9.585732,-78.530632,4.3,14.72,74.2,11,1.6,88.8,4.091,-4.2,0,1,32730
2026-04-16T22:43:24,9.586227,-78.528854,7.8,14.04,69.8,11,1.6,89.0,4.089,-4.4,0,1,32731
2026-04-16T22:43:53,9.586761,-78.526947,6.2,14.48,71.9,11,1.6,89.0,4.090,-4.4,0,1,32732
2026-04-16T22:44:22,9.587261,-78.525017,7.9,14.35,73.9,11,1.6,89.1,4.097,-4.2,0,1,32733
2026-04-16T22:44:51,9.587744,-78.523079,-4.2,14.75,76.3,11,1.6,88.6,4.091,-4.2,0,1,32734
2026-04-16T22:45:19,9.588254,-78.521210,-3.9,14.99,72.6,9,1.6,88.6,4.091,-4.2,0,1,32735
2026-04-16T22:45:48,9.588767,-78.519279,-8.2,14.49,76.2,10,1.6,88.8,4.091,-4.2,0,1,32736
2026-04-16T22:46:17,9.589321,-78.517357,-9.2,14.46,72.7,10,1.6,88.8,4.090,-4.2,0,1,32737
2026-04-16T22:46:46,9.589808,-78.515450,-13.1,14.41,75.6,10,1.6,88.6,4.091,-4.2,0,1,32738
2026-04-16T22:47:14,9.590299,-78.513573,-15.8,14.30,76.9,9,1.8,88.6,4.090,-4.2,0,1,32739
2026-04-16T22:47:43,9.590794,-78.511635,-21.6,14.39,73.9,9,1.8,88.6,4.090,-4.2,0,1,32740
2026-04-16T22:48:12,9.591235,-78.509697,-28.0,12.63,79.2,9,1.8,88.6,4.089,-4.2,0,1,32741
2026-04-16T22:48:41,9.591729,-78.507767,-41.4,14.63,75.0,9,1.8,88.6,4.090,-4.2,0,1,32742
2026-04-16T22:49:09,9.592254,-78.505882,-31.6,14.25,75.2,9,1.8,88.6,4.090,-4.2,0,1,32743
2026-04-16T22:49:38,9.592624,-78.503975,-37.4,14.01,82.1,9,1.8,88.8,4.090,-4.2,0,1,32744
2026-04-16T22:50:07,9.593167,-78.502022,-37.1,14.91,77.7,9,1.8,88.8,4.086,-4.2,0,1,32745
2026-04-16T22:50:36,9.593674,-78.500099,-28.1,14.08,79.2,9,1.8,88.6,4.090,-4.2,0,1,32746
2026-04-16T22:51:04,9.594256,-78.498245,-25.8,14.55,71.5,9,1.8,88.5,4.089,-3.7,0,1,32747
2026-04-16T22:51:33,9.594872,-78.496323,-21.5,13.76,72.3,9,1.8,88.8,4.090,-4.2,0,1,32748
2026-04-16T22:52:02,9.595495,-78.494438,-10.5,15.00,73.4,9,1.8,88.6,4.089,-4.2,0,1,32749
2026-04-16T22:52:31,9.596193,-78.492439,7.2,14.23,74.1,9,1.8,88.4,4.088,-4.0,0,1,32750
2026-04-16T22:52:59,9.596682,-78.490608,6.1,15.22,73.9,9,1.8,88.4,4.088,-4.0,0,1,32751
2026-04-16T22:53:28,9.597183,-78.488708,4.0,14.74,74.9,9,1.8,88.6,4.089,-4.2,0,1,32752
2026-04-16T22:53:57,9.597736,-78.486717,-3.6,15.59,73.5,9,1.8,88.4,4.089,-4.0,0,1,32753
2026-04-16T22:54:26,9.598252,-78.484818,-1.5,15.06,73.3,9,1.8,88.4,4.088,-4.0,0,1,32754
2026-04-16T22:54:54,9.598714,-78.483002,6.2,14.79,76.5,9,1.8,88.2,4.088,-3.7,0,1,32755
2026-04-16T22:55:23,9.599316,-78.481117,12.6,13.80,69.9,9,1.7,88.4,4.089,-4.0,0,1,32756
2026-04-16T22:55:52,9.599798,-78.479210,4.3,14.63,73.3,9,1.7,88.4,4.088,-4.0,0,1,32757
2026-04-16T22:56:21,9.600234,-78.477280,-3.4,14.60,80.2,9,1.7,88.2,4.089,-3.7,0,1,32758
2026-04-16T22:56:49,9.600739,-78.475403,-11.2,14.63,72.5,9,1.7,88.2,4.086,-3.7,0,1,32759
2026-04-16T22:57:18,9.601320,-78.473511,0.4,14.79,71.7,9,1.7,88.5,4.085,-3.7,0,1,32760
2026-04-16T22:57:47,9.601827,-78.471573,0.3,14.44,83.3,9,1.7,87.9,4.091,-3.7,0,1,32761
2026-04-16T22:58:16,9.602300,-78.469673,-8.7,13.87,82.6,10,1.7,88.1,4.086,-4.0,0,1,32762
2026-04-16T22:58:44,9.602820,-78.467819,-12.1,14.44,69.5,10,1.7,88.4,4.086,-4.0,0,1,32763
2026-04-16T22:59:13,9.603298,-78.465820,-12.5,14.90,79.0,10,1.7,88.5,4.086,-3.7,0,1,32764
2026-04-16T22:59:42,9.603842,-78.463875,-14.6,15.07,70.0,10,1.7,87.9,4.086,-3.7,0,1,32765
2026-04-16T23:00:11,9.604246,-78.461929,-23.1,14.41,76.6,10,1.7,88.2,4.085,-3.7,0,1,32766
2026-04-16T23:00:39,9.604683,-78.460068,-18.5,14.18,78.3,10,1.7,88.2,4.086,-3.7,0,1,32767
2026-04-16T23:01:08,9.605255,-78.458115,-17.9,15.33,74.7,10,1.7,88.5,4.085,-3.7,0,1,32768
2026-04-16T23:01:37,9.605780,-78.456184,-16.4,14.46,75.1,10,1.7,88.2,4.085,-3.7,0,1,32769
2026-04-16T23:02:06,9.606405,-78.454269,-2.0,15.18,73.1,10,1.6,87.9,4.085,-3.7,0,1,32770
2026-04-16T23:02:34,9.606901,-78.452408,-1.7,14.02,78.7,10,2.0,87.9,4.084,-3.7,0,1,32771
2026-04-16T23:03:03,9.607457,-78.450493,4.2,14.65,72.8,9,2.8,88.5,4.081,-3.7,0,1,32772
2026-04-16T23:03:32,9.608009,-78.448563,5.0,14.64,72.7,10,1.6,88.1,4.080,-4.0,0,1,32773
2026-04-16T23:04:01,9.608523,-78.446632,7.5,14.54,77.7,10,1.6,88.2,4.084,-3.7,0,1,32774
2026-04-16T23:04:29,9.609026,-78.444771,7.4,14.77,67.2,10,1.6,87.9,4.084,-3.7,0,1,32775
2026-04-16T23:04:58,9.609507,-78.442856,7.2,14.89,69.7,10,1.6,88.2,4.084,-3.7,0,1,32776
2026-04-16T23:05:27,9.609979,-78.440918,-2.4,11.83,77.9,10,1.6,87.9,4.084,-3.7,0,1,32777
2026-04-16T23:05:56,9.610448,-78.438972,-1.5,14.69,76.4,10,1.6,87.8,4.085,-3.7,0,1,32778
2026-04-16T23:06:24,9.610929,-78.437111,1.1,15.03,73.5,10,1.6,87.8,4.082,-3.7,0,1,32779
2026-04-16T23:06:53,9.611479,-78.435234,-4.7,13.97,76.6,10,1.6,87.9,4.082,-3.7,0,1,32780
2026-04-16T23:07:22,9.612023,-78.433273,-6.9,15.66,75.4,10,1.6,88.1,4.088,-4.0,0,1,32781
2026-04-16T23:07:51,9.612540,-78.431374,-10.1,13.36,75.1,10,1.6,87.8,4.082,-3.7,0,1,32782
2026-04-16T23:08:19,9.613005,-78.429489,-11.8,14.26,77.9,10,1.6,87.9,4.080,-3.7,0,1,32783
2026-04-16T23:08:48,9.613522,-78.427559,-20.2,14.65,76.5,10,1.6,88.1,4.082,-4.0,0,1,32784
2026-04-16T23:09:17,9.614083,-78.425591,-11.4,15.01,73.8,10,1.5,87.8,4.086,-3.7,0,1,32785
2026-04-16T23:09:46,9.614601,-78.423676,-13.1,14.39,74.8,10,1.5,87.8,4.082,-3.7,0,1,32786
2026-04-16T23:10:14,9.615053,-78.421768,-4.3,14.54,73.9,9,1.6,87.8,4.079,-3.7,0,1,32787
2026-04-16T23:10:43,9.615481,-78.419792,-3.5,14.43,80.4,10,1.5,87.9,4.080,-3.7,0,1,32788
2026-04-16T23:11:12,9.615951,-78.417885,-1.7,14.89,75.9,10,1.5,87.6,4.088,-4.0,0,1,32789
2026-04-16T23:11:41,9.616435,-78.415939,-2.8,14.71,71.6,10,1.5,87.8,4.081,-3.7,0,1,32790
2026-04-16T23:12:09,9.616815,-78.414062,6.2,14.01,76.3,9,3.3,87.8,4.079,-3.7,0,1,32791
2026-04-16T23:12:38,9.617307,-78.412094,8.2,14.32,72.6,9,3.3,87.6,4.080,-4.0,0,1,32792
2026-04-16T23:13:07,9.617805,-78.410194,9.4,13.53,76.8,9,1.5,87.4,4.086,-3.7,0,1,32793
2026-04-16T23:13:36,9.618208,-78.408234,4.2,14.47,73.5,10,1.5,87.5,4.081,-3.7,0,1,32794
2026-04-16T23:14:04,9.618573,-78.406364,5.5,14.48,75.4,9,1.5,87.8,4.077,-3.7,0,1,32795
2026-04-16T23:14:33,9.619102,-78.404449,-2.1,14.46,76.2,9,1.5,87.6,4.081,-4.0,0,1,32796
2026-04-16T23:15:02,9.619703,-78.402527,-2.9,15.47,70.9,9,1.5,87.5,4.084,-3.7,0,1,32797
2026-04-16T23:15:31,9.620203,-78.400597,-7.5,14.04,70.3,9,1.5,87.6,4.081,-4.0,0,1,32798
2026-04-16T23:15:59,9.620653,-78.398750,-9.6,14.54,68.0,10,1.5,87.4,4.077,-3.7,0,1,32799
2026-04-16T23:16:28,9.621088,-78.396812,-18.7,13.14,81.0,10,1.5,87.8,4.077,-3.7,0,1,32800
2026-04-16T23:16:57,9.621534,-78.394829,-22.6,15.12,77.9,9,1.5,87.4,4.085,-3.7,0,1,32801
2026-04-16T23:17:26,9.621946,-78.392860,-23.8,14.36,76.1,9,1.5,87.5,4.080,-3.7,0,1,32802
2026-04-16T23:17:54,9.622495,-78.390953,-12.7,14.47,70.6,9,1.5,87.5,4.079,-3.7,0,1,32803
2026-04-16T23:18:23,9.623056,-78.389061,-15.3,14.32,72.5,9,1.5,87.5,4.079,-3.7,0,1,32804
2026-04-16T23:18:52,9.623772,-78.387131,-13.1,15.25,69.2,9,1.5,87.5,4.075,-3.7,0,1,32805
2026-04-16T23:19:21,9.624202,-78.385185,-1.6,14.98,75.2,9,1.5,87.4,4.081,-3.7,0,1,32806
2026-04-16T23:19:49,9.624688,-78.383308,-6.4,14.17,78.3,10,1.4,87.4,4.076,-3.7,0,1,32807
2026-04-16T23:20:18,9.625233,-78.381378,-8.9,15.34,70.2,10,1.4,87.5,4.079,-3.7,0,1,32808
2026-04-16T23:20:47,9.625765,-78.379410,-12.2,15.07,76.4,9,3.7,87.2,4.075,-4.0,0,1,32809
2026-04-16T23:21:16,9.626311,-78.377480,-17.1,14.76,72.1,10,1.6,87.4,4.079,-3.7,0,1,32810
2026-04-16T23:21:44,9.626766,-78.375595,-15.7,14.65,76.1,7,3.9,87.4,4.074,-3.7,0,1,32811
2026-04-16T23:22:13,9.627336,-78.373619,-7.6,14.85,71.4,10,1.4,87.4,4.074,-3.7,0,1,32812
2026-04-16T23:22:42,9.627883,-78.371674,-13.6,14.73,73.6,10,1.4,87.4,4.081,-3.7,0,1,32813
2026-04-16T23:23:11,9.628440,-78.369743,-15.5,15.22,80.0,10,1.4,87.2,4.079,-4.0,0,1,32814
2026-04-16T23:23:39,9.629002,-78.367867,-17.6,14.98,74.3,10,1.4,87.2,4.076,-4.0,0,1,32815
2026-04-16T23:24:08,9.629525,-78.365921,-20.0,14.53,74.0,10,1.4,87.2,4.077,-4.0,0,1,32816
2026-04-16T23:24:37,9.630025,-78.363960,-14.7,14.45,73.5,10,1.5,87.4,4.081,-3.7,0,1,32817
2026-04-16T23:25:06,9.630523,-78.362000,-14.4,14.66,77.6,10,1.4,87.1,4.076,-3.7,0,1,32818
2026-04-16T23:25:34,9.631039,-78.360123,-14.3,14.03,74.4,10,1.4,87.5,4.076,-3.7,0,1,32819
2026-04-16T23:26:03,9.631608,-78.358170,-13.6,15.70,73.5,10,1.2,87.5,4.076,-3.7,0,1,32820
2026-04-16T23:26:32,9.632128,-78.356270,-6.4,11.52,75.9,9,3.8,87.2,4.075,-4.0,0,1,32821
2026-04-16T23:27:01,9.632688,-78.354332,-6.6,14.89,74.5,9,3.8,87.2,4.077,-4.0,0,1,32822
2026-04-16T23:27:29,9.633248,-78.352432,-11.2,15.81,74.9,9,3.8,87.1,4.075,-3.7,0,1,32823
2026-04-16T23:27:58,9.633839,-78.350464,-12.8,14.51,75.8,9,3.8,87.2,4.076,-4.0,0,1,32824
2026-04-16T23:28:27,9.634504,-78.348541,-23.1,12.98,70.3,10,1.3,87.1,4.082,-3.7,0,1,32825
2026-04-16T23:28:56,9.635092,-78.346542,-25.4,15.06,75.0,10,1.3,86.9,4.077,-4.0,0,1,32826
2026-04-16T23:29:24,9.635615,-78.344612,-21.7,11.80,83.3,10,1.3,86.9,4.074,-4.0,0,1,32827
2026-04-16T23:29:53,9.636166,-78.342682,-13.6,14.90,73.1,10,1.3,87.2,4.073,-4.0,0,1,32828
2026-04-16T23:30:22,9.636740,-78.340675,-2.2,14.61,76.7,10,1.3,87.1,4.069,-3.7,0,1,32829
2026-04-16T23:30:51,9.637225,-78.338753,16.8,14.64,74.1,10,1.3,87.2,4.075,-4.0,0,1,32830
2026-04-16T23:31:19,9.637657,-78.336884,14.5,14.46,79.0,10,1.3,87.1,4.071,-3.7,0,1,32831
2026-04-16T23:31:48,9.638309,-78.334877,16.7,15.17,75.6,10,1.3,87.1,4.074,-3.7,0,1,32832
2026-04-16T23:32:17,9.638777,-78.332939,26.7,13.90,78.7,10,1.3,86.8,4.079,-3.7,0,1,32833
2026-04-16T23:32:46,9.639269,-78.331039,20.6,12.80,70.6,10,1.3,86.8,4.075,-3.7,0,1,32834
2026-04-16T23:33:14,9.639720,-78.329163,11.7,14.01,72.4,10,1.3,86.9,4.073,-4.0,0,1,32835
2026-04-16T23:33:43,9.640190,-78.327271,-9.3,14.51,77.4,10,1.1,87.1,4.074,-3.7,0,1,32836
2026-04-16T23:34:12,9.640750,-78.325378,-26.8,14.69,70.3,9,1.3,86.8,4.076,-3.7,0,1,32837
2026-04-16T23:34:41,9.641295,-78.323463,-42.0,14.55,73.9,10,1.1,86.8,4.075,-3.7,0,1,32838
2026-04-16T23:35:09,9.641744,-78.321609,-45.1,14.98,71.1,10,1.1,86.9,4.073,-4.0,0,1,32839
2026-04-16T23:35:38,9.642169,-78.319633,-32.9,15.15,71.8,9,1.4,86.9,4.074,-4.0,0,1,32840
2026-04-16T23:36:07,9.642666,-78.317696,-13.1,13.09,76.4,10,1.1,87.1,4.079,-3.7,0,1,32841
2026-04-16T23:36:36,9.643232,-78.315735,-16.1,15.11,70.8,9,1.4,86.6,4.073,-3.7,0,1,32842
2026-04-16T23:37:04,9.643837,-78.313828,-9.2,15.03,73.2,9,1.4,86.8,4.073,-3.7,0,1,32843
2026-04-16T23:37:33,9.644490,-78.311867,-11.4,14.66,71.3,10,1.1,86.9,4.074,-4.0,0,1,32844
2026-04-16T23:38:02,9.644961,-78.309959,-28.5,15.22,71.9,9,1.3,86.6,4.077,-3.7,0,1,32845
2026-04-16T23:38:31,9.645467,-78.308006,-28.6,11.27,77.2,8,3.9,86.5,4.071,-4.0,0,1,32846
2026-04-16T23:38:59,9.645988,-78.306091,-25.9,14.76,74.5,10,1.1,86.5,4.066,-4.0,0,1,32847
2026-04-16T23:39:28,9.646499,-78.304092,-8.4,15.07,70.8,9,1.3,86.6,4.071,-3.7,0,1,32848
2026-04-16T23:39:57,9.647219,-78.302147,-10.7,15.18,75.9,10,1.1,87.1,4.076,-3.7,0,1,32849
2026-04-16T23:40:26,9.647805,-78.300217,-15.7,14.75,75.5,9,1.3,86.5,4.074,-4.0,0,1,32850
2026-04-16T23:40:54,9.648469,-78.298332,-25.2,14.77,74.7,7,4.0,86.6,4.069,2306.5,0,1,32851
2026-04-16T23:41:23,9.649158,-78.296310,-19.7,15.76,72.4,9,1.3,86.5,4.071,-4.0,0,1,32852
2026-04-16T23:41:52,9.649671,-78.294395,-22.4,15.03,73.5,9,1.4,86.5,4.074,-4.0,0,1,32853
2026-04-16T23:42:21,9.649935,-78.292511,-30.5,15.14,78.3,10,1.2,86.5,4.073,-4.0,0,1,32854
2026-04-16T23:42:49,9.650492,-78.290634,-32.7,14.56,75.4,11,1.0,86.5,4.068,-4.0,0,1,32855
2026-04-16T23:43:18,9.651080,-78.288689,-41.8,15.92,72.3,10,1.2,86.9,4.073,-4.0,0,1,32856
2026-04-16T23:43:47,9.651625,-78.286705,-32.3,15.31,74.2,11,1.1,86.3,4.074,-3.7,0,1,32857
2026-04-16T23:44:16,9.652184,-78.284752,-41.9,15.23,75.3,11,1.1,86.2,4.070,-3.7,0,1,32858
2026-04-16T23:44:44,9.652703,-78.282852,-43.3,15.10,69.1,12,1.0,86.5,4.066,-4.0,0,1,32859
2026-04-16T23:45:13,9.653252,-78.280884,-36.5,14.81,76.2,11,1.0,86.5,4.069,-4.0,0,1,32860
2026-04-16T23:45:42,9.653787,-78.278915,-29.1,15.34,73.1,10,1.1,86.5,4.068,-4.0,0,1,32861
2026-04-16T23:46:11,9.654326,-78.276939,-20.2,14.86,77.2,9,1.7,86.3,4.070,-3.7,0,1,32862
2026-04-16T23:46:39,9.654865,-78.275017,-7.3,14.79,74.6,11,1.0,86.5,4.062,-4.0,0,1,32863
2026-04-16T23:47:08,9.655406,-78.273041,2.2,14.31,76.6,11,1.0,86.5,4.069,-4.0,0,1,32864
2026-04-16T23:47:37,9.655951,-78.271088,-2.5,14.87,71.3,11,1.0,86.3,4.065,-3.7,0,1,32865
2026-04-16T23:48:06,9.656505,-78.269096,0.2,15.41,72.9,11,1.0,86.2,4.070,-3.7,0,1,32866
2026-04-16T23:48:34,9.657034,-78.267197,-3.6,14.74,74.2,9,1.7,86.3,4.065,-3.7,0,1,32867
2026-04-16T23:49:03,9.657625,-78.265221,5.3,15.13,73.2,11,1.0,86.5,4.069,-4.0,0,1,32868
2026-04-16T23:49:32,9.658201,-78.263252,10.6,15.05,72.6,10,1.1,85.9,4.065,-3.7,0,1,32869
2026-04-16T23:50:01,9.658748,-78.261284,8.7,14.51,75.2,11,1.0,86.2,4.070,-3.7,0,1,32870
2026-04-16T23:50:29,9.659328,-78.259369,7.6,15.04,72.1,10,1.1,86.1,4.065,-4.0,0,1,32871
2026-04-16T23:50:58,9.659880,-78.257423,8.8,15.05,78.0,11,1.0,86.2,4.066,-3.7,0,1,32872
2026-04-16T23:51:27,9.660437,-78.255447,9.2,14.63,73.8,11,1.0,86.3,4.070,-3.7,0,1,32873
2026-04-16T23:51:56,9.660994,-78.253525,0.0,14.85,68.1,10,1.2,86.1,4.069,-4.0,0,1,32874
2026-04-16T23:52:24,9.661503,-78.251671,4.4,15.03,71.7,11,1.1,86.1,4.065,-4.0,0,1,32875
2026-04-16T23:52:53,9.662028,-78.249725,-2.7,15.20,74.7,12,0.9,86.3,4.068,-3.7,0,1,32876
2026-04-16T23:53:22,9.662649,-78.247795,-0.7,15.67,69.0,10,1.6,86.1,4.073,-4.0,0,1,32877
2026-04-16T23:53:51,9.663148,-78.245850,-3.9,12.99,78.9,12,0.9,86.1,4.068,-4.0,0,1,32878
2026-04-16T23:54:19,9.663708,-78.243980,6.1,14.92,72.9,11,1.1,86.1,4.065,-4.0,0,1,32879
2026-04-16T23:54:48,9.664122,-78.242027,11.6,15.53,76.0,12,0.9,86.1,4.066,-4.0,0,1,32880
2026-04-16T23:55:17,9.664786,-78.240082,6.8,14.96,73.4,11,0.9,85.9,4.066,-3.7,0,1,32881
2026-04-16T23:55:46,9.665216,-78.238121,8.1,15.27,78.5,12,0.9,85.9,4.068,-3.7,0,1,32882
2026-04-16T23:56:14,9.665722,-78.236275,11.1,13.62,77.6,12,0.9,85.6,4.062,-3.7,0,1,32883
2026-04-16T23:56:43,9.666248,-78.234344,6.5,14.31,76.5,12,0.9,86.1,4.065,-4.0,0,1,32884
2026-04-16T23:57:12,9.666717,-78.232368,6.8,14.87,75.8,11,1.0,85.9,4.069,-3.7,0,1,32885
2026-04-16T23:57:41,9.667214,-78.230446,9.2,14.01,73.9,11,1.2,85.9,4.064,-3.7,0,1,32886
2026-04-16T23:58:09,9.667758,-78.228569,11.2,14.75,76.3,11,1.0,86.1,4.060,-4.0,0,1,32887
2026-04-16T23:58:38,9.668277,-78.226646,8.9,14.71,73.1,12,0.9,85.8,4.064,-4.0,0,1,32888
2026-04-16T23:59:07,9.668953,-78.224709,10.2,15.38,70.1,11,1.2,85.6,4.071,-3.7,0,1,32889
2026-04-16T23:59:36,9.669480,-78.222786,5.9,15.32,73.6,11,1.2,85.9,4.065,-3.7,0,1,32890
