datetime,lat,lon,alt_m,speed_kts,cog,satellites,hdop,battery_pct,battery_v,charge_rate,rtc_bat_low,fix,boot
2026-04-03T00:00:01,-5.516735,-124.276176,2.0,13.54,73.4,9,1.6,66.3,3.914,-3.7,0,1,281
2026-04-03T00:00:29,-5.516265,-124.274445,9.1,13.93,74.9,9,1.6,66.4,3.914,-4.0,0,1,282
2026-04-03T00:00:57,-5.515761,-124.272758,15.3,13.69,67.9,9,1.6,66.4,3.915,-4.0,0,1,283
2026-04-03T00:01:25,-5.515252,-124.271080,17.7,13.34,76.3,9,1.6,66.4,3.914,-4.0,0,1,284
2026-04-03T00:01:53,-5.514787,-124.269402,15.2,12.79,74.4,9,1.6,66.6,3.914,-3.7,0,1,285
2026-04-03T00:02:21,-5.514323,-124.267715,4.0,13.79,75.2,9,1.6,66.4,3.915,-4.0,0,1,286
2026-04-03T00:02:49,-5.513917,-124.266037,-5.0,13.08,72.2,9,1.6,66.4,3.914,-4.0,0,1,287
2026-04-03T00:03:17,-5.513450,-124.264343,-9.2,13.36,71.8,9,1.6,66.1,3.912,-4.0,0,1,288
2026-04-03T00:03:45,-5.512983,-124.262657,-8.7,13.09,71.1,9,1.6,66.1,3.915,-4.0,0,1,289
2026-04-03T00:04:13,-5.512505,-124.260994,-13.4,13.39,75.0,9,1.6,66.3,3.911,-3.7,0,1,290
2026-04-03T00:04:41,-5.512043,-124.259300,-15.2,13.12,75.9,9,1.6,66.6,3.912,-3.7,0,1,291
2026-04-03T00:05:09,-5.511522,-124.257599,-6.3,13.79,71.2,9,1.6,66.6,3.912,-3.7,0,1,292
2026-04-03T00:05:37,-5.511043,-124.255920,-2.9,13.40,74.0,9,1.6,66.1,3.912,-4.0,0,1,293
2026-04-03T00:06:05,-5.510570,-124.254234,-4.8,13.58,77.3,9,1.6,66.3,3.912,-3.7,0,1,294
2026-04-03T00:06:33,-5.510077,-124.252518,0.0,13.41,71.6,10,1.5,66.0,3.914,-3.7,0,1,295
2026-04-03T00:07:01,-5.509507,-124.250870,17.5,13.42,73.8,10,1.5,66.4,3.912,-4.0,0,1,296
2026-04-03T00:07:29,-5.508987,-124.249176,24.6,13.56,66.2,9,2.6,66.3,3.912,-3.7,0,1,297
2026-04-03T00:07:57,-5.508532,-124.247513,25.6,13.65,76.1,10,1.5,66.1,3.911,-4.0,0,1,298
2026-04-03T00:08:25,-5.508143,-124.245827,24.1,12.75,72.6,10,1.5,66.1,3.911,-4.0,0,1,299
2026-04-03T00:08:53,-5.507695,-124.244164,23.7,13.41,75.2,10,1.8,66.3,3.912,-3.7,0,1,300
2026-04-03T00:09:21,-5.507218,-124.242508,26.7,13.12,69.7,10,1.5,66.1,3.911,-4.0,0,1,301
2026-04-03T00:09:49,-5.506723,-124.240829,32.9,13.91,74.3,10,1.5,66.1,3.911,-4.0,0,1,302
2026-04-03T00:10:17,-5.506200,-124.239182,27.0,12.87,70.7,10,1.8,66.0,3.911,-3.7,0,1,303
2026-04-03T00:10:45,-5.505710,-124.237503,29.4,13.33,71.2,10,1.5,65.9,3.912,-4.0,0,1,304
2026-04-03T00:11:13,-5.505277,-124.235825,31.1,13.47,68.6,10,1.5,66.0,3.910,-3.7,0,1,305
2026-04-03T00:11:41,-5.504747,-124.234161,31.6,13.63,71.8,10,1.5,65.9,3.912,-4.0,0,1,306
2026-04-03T00:12:09,-5.504267,-124.232475,37.6,13.08,71.3,10,1.5,66.0,3.911,-3.7,0,1,307
2026-04-03T00:12:37,-5.503713,-124.230820,27.0,12.81,69.0,10,1.5,65.9,3.912,-4.0,0,1,308
2026-04-03T00:13:05,-5.503248,-124.229156,21.7,13.18,69.5,10,1.5,65.9,3.911,-4.0,0,1,309
2026-04-03T00:13:33,-5.502710,-124.227524,17.0,13.17,70.7,10,1.5,65.9,3.911,-4.0,0,1,310
2026-04-03T00:14:01,-5.502185,-124.225868,21.0,13.50,77.1,10,1.5,66.0,3.911,-3.7,0,1,311
2026-04-03T00:14:29,-5.501573,-124.224258,19.4,12.78,70.2,11,1.2,66.3,3.910,-3.7,0,1,312
2026-04-03T00:14:57,-5.501122,-124.222565,19.9,13.71,76.9,10,1.4,66.0,3.910,-3.7,0,1,313
2026-04-03T00:15:25,-5.500655,-124.220863,24.2,12.75,76.8,11,1.2,66.1,3.911,-4.0,0,1,314
2026-04-03T00:15:53,-5.500132,-124.219177,24.5,13.64,74.1,10,1.4,66.3,3.910,-3.7,0,1,315
2026-04-03T00:16:21,-5.499590,-124.217514,26.4,13.08,72.2,10,1.4,66.1,3.911,-4.0,0,1,316
2026-04-03T00:16:49,-5.498981,-124.215843,24.1,13.24,68.8,11,1.1,66.0,3.906,-3.7,0,1,317
2026-04-03T00:17:18,-5.498453,-124.214104,23.3,13.13,74.1,10,1.4,66.0,3.911,-3.7,0,1,318
2026-04-03T00:17:46,-5.497827,-124.212425,29.1,13.80,66.0,11,1.1,65.9,3.909,-4.0,0,1,319
2026-04-03T00:18:14,-5.497265,-124.210739,40.1,13.84,65.4,11,1.1,66.0,3.910,-3.7,0,1,320
2026-04-03T00:18:42,-5.496768,-124.209061,39.6,13.47,74.1,11,1.2,65.7,3.909,-3.7,0,1,321
2026-04-03T00:19:10,-5.496186,-124.207397,33.4,13.01,69.2,10,1.4,65.9,3.908,-4.0,0,1,322
2026-04-03T00:19:38,-5.495730,-124.205681,23.1,13.79,73.9,10,1.4,66.0,3.910,-3.7,0,1,323
2026-04-03T00:20:06,-5.495188,-124.203995,21.0,13.92,74.2,11,1.1,65.9,3.909,-4.0,0,1,324
2026-04-03T00:20:34,-5.494673,-124.202301,23.9,13.97,73.3,11,1.2,65.9,3.910,-4.0,0,1,325
2026-04-03T00:21:02,-5.494170,-124.200615,22.5,13.69,69.3,10,1.2,65.7,3.910,-3.7,0,1,326
2026-04-03T00:21:30,-5.493686,-124.198914,13.5,13.51,71.2,10,1.4,65.7,3.909,-3.7,0,1,327
2026-04-03T00:21:58,-5.493198,-124.197220,11.3,13.51,75.2,10,1.4,66.1,3.908,-4.0,0,1,328
2026-04-03T00:22:26,-5.492682,-124.195534,8.3,12.88,69.3,10,1.4,65.7,3.908,-3.7,0,1,329
2026-04-03T00:22:54,-5.492042,-124.193932,8.0,12.54,67.7,10,1.4,65.9,3.909,1753.2,0,1,330
2026-04-03T00:23:22,-5.491548,-124.192268,14.7,13.01,68.0,11,1.1,65.6,3.908,-4.0,0,1,331
2026-04-03T00:23:50,-5.491108,-124.190552,14.7,13.47,74.6,11,1.1,65.6,3.908,-4.0,0,1,332
2026-04-03T00:24:18,-5.490613,-124.188873,11.3,13.90,77.1,10,1.3,65.9,3.909,-4.0,0,1,333
2026-04-03T00:24:46,-5.490135,-124.187149,6.4,14.67,76.9,10,1.3,65.7,3.908,-3.7,0,1,334
2026-04-03T00:25:14,-5.489598,-124.185486,6.8,13.52,71.2,10,1.3,65.7,3.906,-3.7,0,1,335
2026-04-03T00:25:42,-5.489083,-124.183792,1.4,13.43,65.2,10,1.3,65.6,3.909,-4.0,0,1,336
2026-04-03T00:26:10,-5.488580,-124.182091,7.0,12.99,74.7,10,1.3,65.6,3.908,-4.0,0,1,337
2026-04-03T00:26:38,-5.488120,-124.180389,0.3,13.31,71.8,10,1.3,65.7,3.906,-3.7,0,1,338
2026-04-03T00:27:06,-5.487607,-124.178703,-0.3,13.69,74.2,10,1.3,65.7,3.908,-3.7,0,1,339
2026-04-03T00:27:34,-5.487152,-124.177002,-5.0,14.11,76.8,10,1.3,65.7,3.908,-3.7,0,1,340
2026-04-03T00:28:02,-5.486630,-124.175293,-4.9,13.83,75.1,11,1.0,65.6,3.906,-4.0,0,1,341
2026-04-03T00:28:30,-5.486085,-124.173569,6.0,13.35,72.5,10,1.3,65.4,3.906,-3.7,0,1,342
2026-04-03T00:28:58,-5.485458,-124.171890,15.6,13.11,64.3,10,1.3,65.4,3.905,-3.7,0,1,343
2026-04-03T00:29:26,-5.485050,-124.170174,2.2,13.81,77.1,10,1.5,65.6,3.906,-4.0,0,1,344
2026-04-03T00:29:54,-5.484540,-124.168503,2.4,13.45,70.6,10,1.3,65.6,3.908,1745.5,0,1,345
2026-04-03T00:30:22,-5.484083,-124.166771,-4.3,13.36,78.3,10,1.3,65.7,3.905,-3.7,0,1,346
2026-04-03T00:30:50,-5.483575,-124.165085,-9.1,13.33,71.5,10,1.3,65.4,3.905,-3.7,0,1,347
2026-04-03T00:31:18,-5.482950,-124.163376,2.8,14.33,71.6,10,1.3,65.4,3.905,-3.7,0,1,348
2026-04-03T00:31:46,-5.482440,-124.161652,5.6,14.22,74.2,9,2.5,65.3,3.906,-4.0,0,1,349
2026-04-03T00:32:14,-5.481830,-124.159958,13.6,13.82,73.4,10,1.2,65.4,3.904,-3.7,0,1,350
2026-04-03T00:32:42,-5.481185,-124.158287,25.9,13.24,63.9,9,2.5,65.7,3.905,-3.7,0,1,351
2026-04-03T00:33:10,-5.480658,-124.156593,31.6,14.05,67.5,10,1.2,65.4,3.906,-3.7,0,1,352
2026-04-03T00:33:38,-5.480195,-124.154877,23.4,13.58,67.8,9,1.3,65.4,3.905,-3.7,0,1,353
2026-04-03T00:34:06,-5.479686,-124.153206,27.0,13.84,73.9,9,1.2,65.3,3.906,-4.0,0,1,354
2026-04-03T00:34:34,-5.479202,-124.151505,18.0,13.43,74.6,8,2.6,65.6,3.905,-4.0,0,1,355
2026-04-03T00:35:02,-5.478842,-124.149757,6.7,13.46,80.1,8,2.6,65.4,3.905,-3.7,0,1,356
2026-04-03T00:35:30,-5.478350,-124.148048,12.7,13.81,69.9,8,2.6,65.1,3.905,-3.7,0,1,357
2026-04-03T00:35:58,-5.477837,-124.146332,22.6,13.45,70.1,9,1.2,65.1,3.904,-3.7,0,1,358
2026-04-03T00:36:26,-5.477272,-124.144600,31.6,14.19,69.9,9,1.2,65.3,3.905,-4.0,0,1,359
2026-04-03T00:36:54,-5.476722,-124.142937,34.5,13.58,71.0,9,1.2,65.3,3.906,-4.0,0,1,360
2026-04-03T00:37:22,-5.476165,-124.141289,30.9,13.22,71.2,9,1.2,65.3,3.904,-4.0,0,1,361
2026-04-03T00:37:50,-5.475582,-124.139648,30.5,12.41,69.6,9,1.2,65.1,3.902,-3.7,0,1,362
2026-04-03T00:38:18,-5.475033,-124.137955,26.3,13.74,75.7,9,1.2,65.3,3.904,-4.0,0,1,363
2026-04-03T00:38:46,-5.474413,-124.136292,31.4,13.89,73.8,9,1.2,65.3,3.904,-4.0,0,1,364
2026-04-03T00:39:14,-5.473913,-124.134590,33.4,12.77,68.3,10,1.2,65.0,3.904,-4.0,0,1,365
2026-04-03T00:39:42,-5.473366,-124.132904,22.8,13.49,69.1,10,1.2,65.1,3.904,-3.7,0,1,366
2026-04-03T00:40:10,-5.472913,-124.131165,25.4,13.88,74.7,9,2.2,65.3,3.905,-4.0,0,1,367
2026-04-03T00:40:38,-5.472405,-124.129471,30.6,13.45,72.8,9,2.1,65.4,3.902,-3.7,0,1,368
2026-04-03T00:41:06,-5.471889,-124.127747,29.5,14.31,72.2,9,2.1,65.3,3.902,-4.0,0,1,369
2026-04-03T00:41:34,-5.471390,-124.126015,31.9,13.27,76.2,9,2.1,65.1,3.904,-3.7,0,1,370
2026-04-03T00:42:02,-5.470926,-124.124275,31.2,13.65,73.0,10,1.2,65.1,3.902,-3.7,0,1,371
2026-04-03T00:42:30,-5.470481,-124.122520,32.2,13.72,65.4,9,2.1,65.0,3.904,-4.0,0,1,372
2026-04-03T00:42:58,-5.470008,-124.120766,25.0,14.47,71.4,10,1.1,65.0,3.902,-4.0,0,1,373
2026-04-03T00:43:26,-5.469560,-124.119003,16.8,14.12,75.7,10,1.1,65.3,3.902,-4.0,0,1,374
2026-04-03T00:43:54,-5.469025,-124.117287,16.8,14.11,77.8,10,1.1,65.1,3.901,-3.7,0,1,375
2026-04-03T00:44:23,-5.468471,-124.115494,17.1,13.57,73.7,10,1.1,65.1,3.902,-3.7,0,1,376
2026-04-03T00:44:51,-5.467939,-124.113770,13.9,12.93,71.0,10,1.1,65.0,3.901,-4.0,0,1,377
2026-04-03T00:45:19,-5.467530,-124.112022,13.2,12.57,77.3,10,1.1,65.0,3.901,-4.0,0,1,378
2026-04-03T00:45:47,-5.466991,-124.110321,16.8,14.15,72.0,10,1.1,65.0,3.902,-4.0,0,1,379
2026-04-03T00:46:15,-5.466405,-124.108620,15.5,13.77,76.3,10,1.1,65.1,3.901,-3.7,0,1,380
2026-04-03T00:46:43,-5.465920,-124.106934,13.9,13.18,75.6,10,1.1,65.1,3.904,-3.7,0,1,381
2026-04-03T00:47:11,-5.465478,-124.105194,6.5,12.87,73.3,10,1.1,64.8,3.902,-3.7,0,1,382
2026-04-03T00:47:39,-5.465018,-124.103477,8.1,13.29,75.6,9,2.0,65.0,3.902,-4.0,0,1,383
2026-04-03T00:48:07,-5.464585,-124.101707,2.0,13.75,71.4,9,2.0,64.8,3.901,-3.7,0,1,384
2026-04-03T00:48:35,-5.464083,-124.099991,6.3,14.10,73.5,9,2.0,64.8,3.900,-3.7,0,1,385
2026-04-03T00:49:03,-5.463547,-124.098282,10.7,13.53,74.7,9,2.0,65.0,3.902,-4.0,0,1,386
2026-04-03T00:49:31,-5.463058,-124.096550,13.0,14.06,78.1,10,1.1,64.7,3.901,-4.0,0,1,387
2026-04-03T00:49:59,-5.462533,-124.094833,15.9,12.60,73.4,10,1.1,64.8,3.900,-3.7,0,1,388
2026-04-03T00:50:27,-5.462027,-124.093117,13.8,13.54,73.5,10,1.1,64.7,3.899,-4.0,0,1,389
2026-04-03T00:50:55,-5.461540,-124.091431,7.3,13.75,72.5,10,1.1,65.0,3.901,-4.0,0,1,390
2026-04-03T00:51:23,-5.461029,-124.089745,5.3,13.05,70.1,10,1.1,64.8,3.900,-3.7,0,1,391
2026-04-03T00:51:51,-5.460525,-124.088028,-1.7,13.35,73.6,10,1.1,64.8,3.901,-3.7,0,1,392
2026-04-03T00:52:19,-5.459955,-124.086388,4.5,13.66,71.6,9,1.1,64.6,3.902,-3.7,0,1,393
2026-04-03T00:52:47,-5.459467,-124.084656,12.9,13.94,71.1,9,1.1,65.0,3.900,-4.0,0,1,394
2026-04-03T00:53:15,-5.458987,-124.082993,10.2,12.64,75.6,9,1.1,64.8,3.899,-3.7,0,1,395
2026-04-03T00:53:43,-5.458523,-124.081284,2.1,13.12,70.2,9,1.1,65.0,3.899,-4.0,0,1,396
2026-04-03T00:54:11,-5.458005,-124.079613,1.6,13.05,69.1,9,1.1,64.8,3.900,-3.7,0,1,397
2026-04-03T00:54:39,-5.457491,-124.077965,1.5,13.99,66.5,9,1.1,65.0,3.900,-4.0,0,1,398
2026-04-03T00:55:07,-5.457005,-124.076263,-4.6,13.29,75.0,9,1.1,64.8,3.899,1726.4,0,1,399
2026-04-03T00:55:35,-5.456630,-124.074547,-0.3,13.54,77.7,9,1.1,64.8,3.899,-3.7,0,1,400
2026-04-03T00:56:03,-5.456133,-124.072861,3.5,13.39,79.4,9,1.1,64.7,3.900,-4.0,0,1,401
2026-04-03T00:56:31,-5.455700,-124.071129,-0.7,13.37,78.6,9,1.1,64.7,3.899,-4.0,0,1,402
2026-04-03T00:56:59,-5.455188,-124.069412,-1.9,13.09,77.1,9,1.1,64.6,3.900,-3.7,0,1,403
2026-04-03T00:57:27,-5.454721,-124.067711,5.9,13.50,81.9,9,1.0,64.6,3.898,-3.7,0,1,404
2026-04-03T00:57:55,-5.454340,-124.066025,-0.2,13.75,79.8,8,1.8,64.7,3.900,-4.0,0,1,405
2026-04-03T00:58:23,-5.453887,-124.064293,8.5,13.88,79.0,9,1.0,64.7,3.898,-4.0,0,1,406
2026-04-03T00:58:51,-5.453462,-124.062538,20.3,13.47,77.3,8,1.8,64.6,3.900,-3.7,0,1,407
2026-04-03T00:59:19,-5.452997,-124.060814,13.5,13.48,72.0,8,1.8,64.7,3.899,-4.0,0,1,408
2026-04-03T00:59:47,-5.452440,-124.059135,15.2,14.59,75.9,9,1.0,64.6,3.899,-3.7,0,1,409
2026-04-03T01:00:15,-5.451982,-124.057411,-4.5,13.77,70.3,8,1.7,64.4,3.899,-4.0,0,1,410
2026-04-03T01:00:43,-5.451513,-124.055740,10.7,12.96,77.9,9,1.0,64.4,3.898,-4.0,0,1,411
2026-04-03T01:01:11,-5.451077,-124.054031,7.0,13.90,75.9,9,1.0,64.6,3.900,-3.7,0,1,412
2026-04-03T01:01:39,-5.450618,-124.052315,8.1,13.54,74.2,9,1.0,64.6,3.899,-3.7,0,1,413
2026-04-03T01:02:07,-5.450078,-124.050613,-3.3,13.58,75.3,9,1.0,64.4,3.898,-4.0,0,1,414
2026-04-03T01:02:35,-5.449655,-124.048882,-20.1,13.82,73.2,9,1.0,64.6,3.899,-3.7,0,1,415
2026-04-03T01:03:03,-5.449080,-124.047234,-21.5,13.01,74.3,9,1.0,64.4,3.898,-4.0,0,1,416
2026-04-03T01:03:31,-5.448632,-124.045502,-23.4,13.75,86.1,9,1.0,64.6,3.898,-3.7,0,1,417
2026-04-03T01:03:59,-5.448075,-124.043831,-31.5,13.79,78.6,9,1.0,64.6,3.898,-3.7,0,1,418
2026-04-03T01:04:27,-5.447462,-124.042160,-36.4,13.97,70.6,9,1.0,64.7,3.896,-4.0,0,1,419
2026-04-03T01:04:55,-5.446943,-124.040451,-43.2,12.78,77.4,10,0.9,64.6,3.898,-3.7,0,1,420
2026-04-03T01:05:23,-5.446508,-124.038704,-50.0,14.37,80.9,10,0.9,64.6,3.896,-3.7,0,1,421
2026-04-03T01:05:51,-5.446030,-124.036964,-47.4,12.80,70.1,10,0.9,64.4,3.896,-4.0,0,1,422
2026-04-03T01:06:19,-5.445595,-124.035202,-34.0,14.98,85.8,9,1.4,64.6,3.898,-3.7,0,1,423
2026-04-03T01:06:47,-5.445157,-124.033424,-8.1,12.81,77.2,10,0.9,64.3,3.896,-3.7,0,1,424
2026-04-03T01:07:15,-5.444705,-124.031654,0.9,13.64,75.0,10,0.9,64.6,3.896,-3.7,0,1,425
2026-04-03T01:07:43,-5.444313,-124.029884,-2.2,14.33,77.4,10,0.9,64.4,3.898,-4.0,0,1,426
2026-04-03T01:08:11,-5.443791,-124.028175,15.0,13.81,75.2,9,1.3,64.4,3.896,-4.0,0,1,427
2026-04-03T01:08:39,-5.443348,-124.026405,4.6,13.42,74.2,9,1.3,64.4,3.895,-4.0,0,1,428
2026-04-03T01:09:07,-5.442822,-124.024643,6.0,13.61,77.1,9,1.3,64.1,3.896,-4.0,0,1,429
2026-04-03T01:09:35,-5.442367,-124.022888,16.4,14.08,73.9,9,1.3,64.1,3.895,-4.0,0,1,430
2026-04-03T01:10:03,-5.441866,-124.021172,23.7,14.67,75.0,9,1.3,64.4,3.898,-4.0,0,1,431
2026-04-03T01:10:31,-5.441422,-124.019402,16.1,14.87,73.3,8,1.4,64.4,3.894,-4.0,0,1,432
2026-04-03T01:10:59,-5.440977,-124.017662,13.8,13.76,75.8,8,1.4,64.3,3.895,-3.7,0,1,433
2026-04-03T01:11:27,-5.440452,-124.015900,12.4,14.44,72.8,9,1.3,64.3,3.896,-3.7,0,1,434
2026-04-03T01:11:55,-5.440028,-124.014160,1.9,13.66,76.9,8,1.4,64.1,3.896,-4.0,0,1,435
2026-04-03T01:12:23,-5.439550,-124.012413,-2.8,14.49,76.7,8,1.3,64.3,3.894,1711.0,0,1,436
2026-04-03T01:12:51,-5.439110,-124.010666,-17.3,14.45,75.7,9,1.3,64.0,3.896,-3.7,0,1,437
2026-04-03T01:13:19,-5.438596,-124.008972,-29.5,13.77,73.8,9,1.3,64.0,3.894,-3.7,0,1,438
2026-04-03T01:13:47,-5.438148,-124.007248,-28.6,14.49,76.3,9,1.3,64.3,3.896,-3.7,0,1,439
2026-04-03T01:14:15,-5.437618,-124.005478,-21.0,14.21,70.0,8,1.3,64.0,3.895,-3.7,0,1,440
2026-04-03T01:14:43,-5.437093,-124.003738,-14.5,14.36,78.4,9,1.2,64.1,3.895,-4.0,0,1,441
2026-04-03T01:15:11,-5.436643,-124.001999,-23.8,13.59,72.3,9,1.2,64.1,3.894,-4.0,0,1,442
2026-04-03T01:15:39,-5.436190,-124.000259,-26.5,14.23,80.4,8,1.3,64.0,3.895,-3.7,0,1,443
2026-04-03T01:16:07,-5.435616,-123.998581,-25.6,13.29,73.9,8,1.4,63.7,3.894,-3.7,0,1,444
2026-04-03T01:16:35,-5.435106,-123.996811,-23.0,13.89,77.0,7,1.8,64.1,3.894,-4.0,0,1,445
2026-04-03T01:17:03,-5.434573,-123.995071,-22.3,14.19,76.6,7,1.8,64.1,3.892,-4.0,0,1,446
2026-04-03T01:17:31,-5.434030,-123.993332,-21.3,14.20,71.8,8,1.4,64.0,3.895,-3.7,0,1,447
2026-04-03T01:17:59,-5.433523,-123.991631,-16.8,13.78,75.6,8,1.3,64.0,3.894,-3.7,0,1,448
2026-04-03T01:18:27,-5.433003,-123.989876,-6.1,13.60,70.2,7,1.8,64.0,3.895,-3.7,0,1,449
2026-04-03T01:18:55,-5.432495,-123.988144,0.5,14.00,74.0,7,1.8,64.0,3.892,-3.7,0,1,450
2026-04-03T01:19:23,-5.432006,-123.986404,0.7,13.88,75.1,7,1.8,64.3,3.894,-3.7,0,1,451
2026-04-03T01:19:51,-5.431523,-123.984680,4.7,14.29,77.1,7,1.7,64.1,3.894,-4.0,0,1,452
2026-04-03T01:20:19,-5.430976,-123.982979,13.8,13.61,76.3,9,1.2,63.8,3.892,-4.0,0,1,453
2026-04-03T01:20:47,-5.430441,-123.981209,14.2,14.35,78.3,8,1.2,64.3,3.894,-3.7,0,1,454
2026-04-03T01:21:15,-5.429940,-123.979454,18.9,14.10,72.6,8,1.2,63.8,3.892,-4.0,0,1,455
2026-04-03T01:21:43,-5.429465,-123.977676,18.6,14.40,74.9,7,1.7,64.0,3.894,-3.7,0,1,456
2026-04-03T01:22:11,-5.428967,-123.975937,16.9,14.29,73.3,9,1.1,64.3,3.890,-3.7,0,1,457
2026-04-03T01:22:39,-5.428425,-123.974205,23.5,13.76,72.3,9,1.1,63.7,3.892,-3.7,0,1,458
2026-04-03T01:23:07,-5.427933,-123.972481,16.6,14.13,78.3,9,1.1,63.7,3.894,-3.7,0,1,459
2026-04-03T01:23:35,-5.427430,-123.970741,7.7,14.03,77.4,9,1.1,63.7,3.891,-3.7,0,1,460
2026-04-03T01:24:03,-5.426828,-123.969009,9.5,14.00,67.4,8,1.2,64.0,3.892,-3.7,0,1,461
2026-04-03T01:24:31,-5.426237,-123.967308,11.9,13.68,68.3,8,1.2,63.7,3.892,-3.7,0,1,462
2026-04-03T01:24:59,-5.425733,-123.965584,7.7,14.08,73.3,8,1.2,63.8,3.892,-4.0,0,1,463
2026-04-03T01:25:27,-5.425181,-123.963867,13.3,13.45,75.1,8,1.2,64.0,3.892,-3.7,0,1,464
2026-04-03T01:25:55,-5.424705,-123.962128,11.1,13.36,72.9,8,1.2,63.7,3.890,-3.7,0,1,465
2026-04-03T01:26:23,-5.424208,-123.960396,5.7,13.63,72.0,8,1.2,64.1,3.892,-4.0,0,1,466
2026-04-03T01:26:51,-5.423711,-123.958694,6.2,13.44,71.2,7,1.6,63.8,3.891,-4.0,0,1,467
2026-04-03T01:27:19,-5.423162,-123.956993,11.6,13.85,72.1,9,1.1,63.8,3.890,1699.4,0,1,468
2026-04-03T01:27:47,-5.422578,-123.955276,16.8,13.32,70.6,8,1.2,63.7,3.890,-3.7,0,1,469
2026-04-03T01:28:15,-5.421982,-123.953590,19.4,13.91,70.3,7,1.5,63.8,3.889,-4.0,0,1,470
2026-04-03T01:28:43,-5.421425,-123.951881,20.7,13.35,72.5,9,1.1,63.7,3.891,1695.6,0,1,471
2026-04-03T01:29:11,-5.420879,-123.950180,12.5,12.76,72.3,8,1.1,63.5,3.891,-4.0,0,1,472
2026-04-03T01:29:39,-5.420336,-123.948441,3.1,14.25,70.0,7,1.5,63.7,3.891,-3.7,0,1,473
2026-04-03T01:30:07,-5.419778,-123.946724,-4.3,12.97,76.4,9,1.1,63.7,3.891,-3.7,0,1,474
2026-04-03T01:30:35,-5.419225,-123.945015,-17.3,13.49,72.0,8,1.1,63.5,3.891,-4.0,0,1,475
2026-04-03T01:31:03,-5.418670,-123.943306,-26.4,12.70,72.8,7,1.5,64.0,3.890,-3.7,0,1,476
2026-04-03T01:31:31,-5.418111,-123.941620,-36.2,13.37,76.8,8,1.1,63.7,3.890,-3.7,0,1,477
2026-04-03T01:31:59,-5.417558,-123.939964,-45.4,13.62,71.2,8,1.1,63.7,3.891,-3.7,0,1,478
2026-04-03T01:32:27,-5.416978,-123.938316,-48.9,12.70,73.6,7,1.7,63.4,3.890,-3.7,0,1,479
2026-04-03T01:32:55,-5.416377,-123.936653,-42.4,13.45,72.6,7,1.5,63.7,3.891,-3.7,0,1,480
2026-04-03T01:33:23,-5.415872,-123.935005,-37.8,13.01,69.8,7,1.5,63.7,3.890,-3.7,0,1,481
2026-04-03T01:33:51,-5.415298,-123.933334,-36.0,13.25,67.1,8,1.1,63.7,3.890,-3.7,0,1,482
2026-04-03T01:34:19,-5.414780,-123.931709,-28.3,13.05,78.7,8,1.1,63.5,3.890,-4.0,0,1,483
2026-04-03T01:34:47,-5.414243,-123.930046,-28.7,13.13,72.1,7,1.4,63.7,3.889,-3.7,0,1,484
2026-04-03T01:35:15,-5.413653,-123.928368,-31.9,12.17,72.2,7,1.4,63.5,3.890,-4.0,0,1,485
2026-04-03T01:35:43,-5.413095,-123.926697,-30.2,12.88,75.6,7,1.4,63.7,3.889,-3.7,0,1,486
2026-04-03T01:36:11,-5.412571,-123.925018,-34.5,13.20,72.6,8,1.1,63.4,3.889,-3.7,0,1,487
2026-04-03T01:36:39,-5.411990,-123.923317,-33.2,13.17,74.2,7,1.4,63.7,3.888,-3.7,0,1,488
2026-04-03T01:37:08,-5.411310,-123.921600,-38.7,13.86,67.3,7,1.4,63.8,3.890,-4.0,0,1,489
2026-04-03T01:37:36,-5.410760,-123.919937,-36.2,13.16,72.8,7,1.4,63.5,3.888,-4.0,0,1,490
2026-04-03T01:38:04,-5.410187,-123.918259,-32.6,12.70,74.2,7,1.4,63.3,3.890,-4.0,0,1,491
2026-04-03T01:38:32,-5.409668,-123.916557,-29.2,13.90,76.4,7,1.4,63.4,3.889,-3.7,0,1,492
2026-04-03T01:39:00,-5.409085,-123.914856,-20.7,13.27,70.9,7,1.4,63.7,3.889,-3.7,0,1,493
2026-04-03T01:39:28,-5.408460,-123.913162,-15.5,13.77,70.6,7,1.4,63.4,3.889,-3.7,0,1,494
2026-04-03T01:39:56,-5.407885,-123.911476,-13.3,13.74,72.1,7,1.4,63.5,3.889,-4.0,0,1,495
2026-04-03T01:40:24,-5.407303,-123.909798,-12.6,13.49,68.4,7,1.4,63.4,3.889,-3.7,0,1,496
2026-04-03T01:40:52,-5.406762,-123.908112,-9.8,12.86,72.3,7,1.4,63.4,3.888,-3.7,0,1,497
2026-04-03T01:41:20,-5.406165,-123.906380,-8.7,13.66,67.9,7,1.3,63.3,3.886,1684.0,0,1,498
2026-04-03T01:41:48,-5.405610,-123.904694,-6.0,14.12,71.2,8,1.3,63.3,3.888,-4.0,0,1,499
2026-04-03T01:42:16,-5.405025,-123.902977,15.4,13.38,70.3,8,1.3,63.4,3.889,-3.7,0,1,500
2026-04-03T01:42:44,-5.404425,-123.901314,21.9,13.98,71.9,8,1.3,63.3,3.888,-4.0,0,1,501
2026-04-03T01:43:12,-5.403852,-123.899574,23.8,14.03,72.5,8,1.3,63.4,3.889,-3.7,0,1,502
2026-04-03T01:43:40,-5.403277,-123.897827,30.9,14.10,70.2,8,1.3,63.4,3.888,-3.7,0,1,503
2026-04-03T01:44:08,-5.402665,-123.896126,31.6,14.49,72.8,8,1.3,63.3,3.886,-4.0,0,1,504
2026-04-03T01:44:36,-5.402107,-123.894424,32.0,14.05,69.5,8,1.3,63.1,3.888,-3.7,0,1,505
2026-04-03T01:45:04,-5.401552,-123.892708,32.2,13.16,69.8,7,1.6,63.3,3.888,-4.0,0,1,506
2026-04-03T01:45:32,-5.401112,-123.890953,26.9,13.82,80.2,7,1.6,63.4,3.888,-3.7,0,1,507
2026-04-03T01:46:00,-5.400605,-123.889267,28.2,12.59,73.3,8,1.3,63.3,3.884,-4.0,0,1,508
2026-04-03T01:46:28,-5.399995,-123.887512,25.0,14.16,71.9,7,1.7,63.1,3.884,-3.7,0,1,509
2026-04-03T01:46:56,-5.399393,-123.885811,28.2,14.67,70.0,6,1.7,63.3,3.889,-4.0,0,1,510
2026-04-03T01:47:24,-5.398870,-123.884094,23.5,13.85,75.7,6,1.7,63.1,3.888,-3.7,0,1,511
2026-04-03T01:47:52,-5.398288,-123.882393,18.3,12.80,68.9,6,1.6,63.1,3.885,-3.7,0,1,512
2026-04-03T01:48:20,-5.397686,-123.880707,12.3,13.66,65.8,6,1.6,63.0,3.886,-4.0,0,1,513
2026-04-03T01:48:48,-5.397116,-123.878998,11.1,13.67,69.5,6,1.6,63.1,3.886,-3.7,0,1,514
2026-04-03T01:49:16,-5.396563,-123.877312,12.1,13.27,71.4,6,1.6,63.1,3.885,-3.7,0,1,515
2026-04-03T01:49:44,-5.395982,-123.875633,13.4,13.80,72.2,6,1.6,63.1,3.885,-3.7,0,1,516
2026-04-03T01:50:12,-5.395448,-123.873955,16.7,13.01,75.2,6,1.6,63.4,3.886,-3.7,0,1,517
2026-04-03T01:50:40,-5.394963,-123.872192,15.3,13.20,77.0,6,1.6,63.3,3.885,-4.0,0,1,518
2026-04-03T01:51:08,-5.394450,-123.870476,15.1,13.53,77.7,6,1.6,63.3,3.884,-4.0,0,1,519
2026-04-03T01:51:36,-5.393933,-123.868797,17.7,12.64,71.6,6,1.6,63.4,3.886,-3.7,0,1,520
2026-04-03T01:52:04,-5.393368,-123.867096,19.4,14.12,72.3,7,1.6,63.0,3.884,-4.0,0,1,521
2026-04-03T01:52:32,-5.392805,-123.865417,21.1,13.88,70.7,7,1.6,63.0,3.888,-4.0,0,1,522
2026-04-03T01:53:00,-5.392305,-123.863731,24.0,13.17,70.8,7,1.6,63.0,3.886,-4.0,0,1,523
2026-04-03T01:53:28,-5.391780,-123.862053,25.1,14.23,73.1,7,1.6,63.0,3.885,-4.0,0,1,524
2026-04-03T01:53:56,-5.391262,-123.860367,29.1,13.60,75.5,7,1.5,63.1,3.885,-3.7,0,1,525
2026-04-03T01:54:24,-5.390748,-123.858650,28.6,13.08,73.7,7,1.5,63.1,3.885,-3.7,0,1,526
2026-04-03T01:54:52,-5.390262,-123.856949,26.7,14.97,72.6,7,1.5,63.5,3.885,-4.0,0,1,527
2026-04-03T01:55:20,-5.389771,-123.855270,23.4,12.80,74.8,7,1.5,62.8,3.882,-3.7,0,1,528
2026-04-03T01:55:48,-5.389303,-123.853630,19.2,13.67,73.1,7,1.5,63.0,3.884,-4.0,0,1,529
2026-04-03T01:56:16,-5.388835,-123.851944,17.2,13.14,73.2,7,1.5,63.0,3.885,-4.0,0,1,530
2026-04-03T01:56:44,-5.388368,-123.850243,14.9,12.94,71.1,7,1.5,62.8,3.881,-3.7,0,1,531
2026-04-03T01:57:13,-5.387920,-123.848457,8.7,13.51,74.7,7,1.5,63.0,3.882,-4.0,0,1,532
2026-04-03T01:57:41,-5.387428,-123.846794,2.6,12.73,70.6,7,1.5,62.7,3.885,-4.0,0,1,533
2026-04-03T01:58:09,-5.386925,-123.845108,1.6,14.37,73.5,7,1.5,63.0,3.884,-4.0,0,1,534
2026-04-03T01:58:37,-5.386445,-123.843430,2.4,12.75,74.6,7,1.5,62.8,3.884,-3.7,0,1,535
2026-04-03T01:59:05,-5.385906,-123.841782,-1.4,12.76,74.4,7,1.5,63.1,3.884,-3.7,0,1,536
2026-04-03T01:59:33,-5.385470,-123.840080,-2.2,13.90,75.7,7,1.5,62.8,3.882,-3.7,0,1,537
2026-04-03T02:00:01,-5.384898,-123.838440,-6.0,13.09,69.8,7,1.5,63.0,3.882,-4.0,0,1,538
2026-04-03T02:00:29,-5.384451,-123.836723,-12.5,14.02,72.6,7,1.5,62.7,3.882,-4.0,0,1,539
2026-04-03T02:00:57,-5.384008,-123.834991,-14.8,12.37,69.2,7,1.5,63.1,3.882,-3.7,0,1,540
2026-04-03T02:01:25,-5.383502,-123.833359,-11.9,12.46,72.0,7,1.5,62.7,3.884,-4.0,0,1,541
2026-04-03T02:01:53,-5.382998,-123.831680,-9.1,13.09,72.1,7,1.5,62.8,3.884,-3.7,0,1,542
2026-04-03T02:02:21,-5.382500,-123.830017,-10.8,12.09,68.6,7,1.5,62.7,3.881,-4.0,0,1,543
2026-04-03T02:02:49,-5.381981,-123.828354,-12.9,14.02,73.4,7,1.5,62.5,3.881,-3.7,0,1,544
2026-04-03T02:03:17,-5.381458,-123.826691,-10.9,13.50,70.1,7,1.5,62.7,3.884,-4.0,0,1,545
2026-04-03T02:03:45,-5.381015,-123.825027,-10.1,13.80,74.8,7,1.4,62.7,3.884,-4.0,0,1,546
2026-04-03T02:04:13,-5.380508,-123.823318,-10.4,13.40,76.7,7,1.4,62.5,3.881,-3.7,0,1,547
2026-04-03T02:04:41,-5.380045,-123.821671,-10.6,11.94,71.8,7,1.4,62.7,3.881,-4.0,0,1,548
2026-04-03T02:05:09,-5.379568,-123.819984,-16.8,12.81,73.7,7,1.4,62.5,3.880,-3.7,0,1,549
2026-04-03T02:05:37,-5.379046,-123.818306,-20.6,14.23,70.9,7,1.4,62.8,3.880,-3.7,0,1,550
2026-04-03T02:06:05,-5.378563,-123.816681,-21.5,12.80,74.5,7,1.4,62.7,3.880,-4.0,0,1,551
2026-04-03T02:06:33,-5.378035,-123.815025,-20.6,12.70,69.4,7,1.4,62.7,3.881,1668.6,0,1,552
2026-04-03T02:07:01,-5.377608,-123.813362,-21.6,12.94,72.0,7,1.4,62.5,3.881,-3.7,0,1,553
2026-04-03T02:07:29,-5.377125,-123.811676,-16.9,13.51,75.6,7,1.4,62.7,3.879,-4.0,0,1,554
2026-04-03T02:07:57,-5.376601,-123.810020,-12.9,14.08,74.2,7,1.4,62.7,3.882,-4.0,0,1,555
2026-04-03T02:08:25,-5.376131,-123.808372,-13.3,13.12,74.6,7,1.4,62.7,3.881,-4.0,0,1,556
2026-04-03T02:08:53,-5.375589,-123.806694,-15.0,13.76,74.2,7,1.4,62.5,3.882,-3.7,0,1,557
2026-04-03T02:09:21,-5.375113,-123.805054,-13.1,13.64,71.3,7,1.4,62.5,3.880,-3.7,0,1,558
2026-04-03T02:09:49,-5.374680,-123.803406,-18.0,13.45,74.5,7,1.4,62.5,3.880,-3.7,0,1,559
2026-04-03T02:10:17,-5.374300,-123.801750,-10.9,11.44,77.6,8,1.3,62.8,3.879,-3.7,0,1,560
2026-04-03T02:10:45,-5.373862,-123.800041,-7.9,13.05,79.8,8,1.3,62.4,3.880,-4.0,0,1,561
2026-04-03T02:11:13,-5.373333,-123.798332,-2.2,12.35,66.9,8,1.3,62.5,3.879,-3.7,0,1,562
2026-04-03T02:11:41,-5.372876,-123.796700,-0.1,13.12,74.7,8,1.3,62.4,3.881,-4.0,0,1,563
2026-04-03T02:12:09,-5.372348,-123.794968,4.0,13.46,71.4,8,1.3,62.4,3.880,-4.0,0,1,564
2026-04-03T02:12:37,-5.371809,-123.793320,8.1,12.64,75.0,8,1.3,62.4,3.881,-4.0,0,1,565
2026-04-03T02:13:05,-5.371276,-123.791603,17.1,13.42,73.2,7,2.0,62.7,3.881,-4.0,0,1,566
2026-04-03T02:13:33,-5.370675,-123.789917,20.1,13.95,77.2,7,2.0,62.4,3.880,-4.0,0,1,567
2026-04-03T02:14:01,-5.370228,-123.788261,19.2,14.29,73.3,8,2.0,62.2,3.880,-3.7,0,1,568
2026-04-03T02:14:29,-5.369728,-123.786621,13.8,12.62,71.1,8,2.0,62.4,3.879,-4.0,0,1,569
2026-04-03T02:14:57,-5.369277,-123.784920,13.4,12.74,70.2,8,2.0,62.5,3.881,-3.7,0,1,570
2026-04-03T02:15:25,-5.368906,-123.783295,4.0,11.19,78.3,9,1.2,62.4,3.876,-4.0,0,1,571
2026-04-03T02:15:53,-5.368480,-123.781578,1.0,14.17,79.4,9,1.2,62.5,3.879,-3.7,0,1,572
2026-04-03T02:16:21,-5.368000,-123.779953,4.9,12.39,80.2,9,1.2,62.2,3.879,-3.7,0,1,573
2026-04-03T02:16:49,-5.367460,-123.778267,7.7,12.98,70.8,8,1.3,62.1,3.879,-4.0,0,1,574
2026-04-03T02:17:17,-5.366960,-123.776649,10.7,13.63,76.3,8,1.3,62.4,3.878,-4.0,0,1,575
2026-04-03T02:17:45,-5.366478,-123.774979,12.1,12.67,78.1,9,1.3,62.2,3.880,-3.7,0,1,576
2026-04-03T02:18:13,-5.365988,-123.773232,13.2,14.42,73.4,8,1.2,62.2,3.880,-3.7,0,1,577
2026-04-03T02:18:41,-5.365460,-123.771568,14.7,12.27,76.0,8,1.2,62.2,3.879,-3.7,0,1,578
2026-04-03T02:19:09,-5.365033,-123.769859,16.3,14.21,80.3,8,1.2,62.4,3.879,-4.0,0,1,579
2026-04-03T02:19:37,-5.364483,-123.768150,11.9,13.85,72.9,8,1.2,62.2,3.876,-3.7,0,1,580
2026-04-03T02:20:05,-5.364070,-123.766502,13.1,13.59,74.6,8,1.2,62.2,3.879,-3.7,0,1,581
2026-04-03T02:20:33,-5.363618,-123.764824,7.0,13.25,74.2,8,1.2,62.0,3.878,-3.7,0,1,582
2026-04-03T02:21:01,-5.363122,-123.763161,7.0,11.06,69.3,8,1.2,62.1,3.878,-4.0,0,1,583
2026-04-03T02:21:29,-5.362620,-123.761459,14.1,11.92,68.3,8,1.2,62.2,3.878,-3.7,0,1,584
2026-04-03T02:21:57,-5.362070,-123.759727,16.0,15.16,71.0,7,2.0,62.1,3.878,-4.0,0,1,585
2026-04-03T02:22:25,-5.361383,-123.758057,24.6,13.83,75.2,8,1.6,62.1,3.876,-4.0,0,1,586
2026-04-03T02:22:53,-5.360845,-123.756363,30.2,14.45,73.1,8,1.2,62.1,3.876,-4.0,0,1,587
2026-04-03T02:23:21,-5.360352,-123.754677,31.4,14.60,74.3,7,1.9,62.1,3.879,-4.0,0,1,588
2026-04-03T02:23:49,-5.359933,-123.752869,29.2,19.14,79.4,7,1.9,62.1,3.876,-4.0,0,1,589
2026-04-03T02:24:17,-5.359417,-123.751259,27.7,13.40,74.1,7,1.9,62.4,3.878,-4.0,0,1,590
2026-04-03T02:24:45,-5.358831,-123.749596,33.6,13.32,72.1,7,1.9,62.1,3.876,-4.0,0,1,591
2026-04-03T02:25:13,-5.358358,-123.747955,36.7,13.07,74.1,7,1.9,62.1,3.876,-4.0,0,1,592
2026-04-03T02:25:41,-5.357902,-123.746292,35.4,13.83,76.7,7,1.9,62.0,3.875,-3.7,0,1,593
2026-04-03T02:26:09,-5.357470,-123.744667,35.6,14.38,74.3,7,1.9,62.0,3.878,-3.7,0,1,594
2026-04-03T02:26:37,-5.356988,-123.742966,35.6,13.41,72.7,7,1.9,62.1,3.878,-4.0,0,1,595
2026-04-03T02:27:05,-5.356475,-123.741341,35.4,11.87,68.5,7,1.9,62.0,3.878,-3.7,0,1,596
2026-04-03T02:27:33,-5.355993,-123.739716,38.3,13.05,68.4,6,2.2,62.0,3.876,-3.7,0,1,597
2026-04-03T02:28:01,-5.355578,-123.738075,42.7,14.34,73.7,6,2.7,61.8,3.874,-4.0,0,1,598
2026-04-03T02:28:29,-5.355177,-123.736343,40.3,14.07,75.9,6,2.1,62.0,3.876,-3.7,0,1,599
2026-04-03T02:28:57,-5.354712,-123.734680,38.9,14.71,73.7,6,2.1,61.8,3.876,-4.0,0,1,600
2026-04-03T02:29:25,-5.354353,-123.732918,28.1,14.74,76.1,6,2.1,61.7,3.876,-3.7,0,1,601
2026-04-03T02:29:53,-5.353969,-123.731339,27.9,13.49,75.9,6,2.1,62.1,3.875,-4.0,0,1,602
2026-04-03T02:30:21,-5.353467,-123.729637,30.5,14.01,76.7,6,2.1,62.1,3.875,-4.0,0,1,603
2026-04-03T02:30:49,-5.353008,-123.727936,27.8,13.54,76.3,7,2.1,62.0,3.875,-3.7,0,1,604
2026-04-03T02:31:17,-5.352541,-123.726250,34.3,12.48,75.1,7,2.1,62.0,3.875,-3.7,0,1,605
2026-04-03T02:31:45,-5.352053,-123.724571,36.1,13.40,73.0,7,2.1,61.7,3.875,-3.7,0,1,606
2026-04-03T02:32:13,-5.351570,-123.722908,35.4,12.84,72.9,8,1.1,61.8,3.875,-4.0,0,1,607
2026-04-03T02:32:41,-5.351065,-123.721207,32.4,13.36,73.1,7,2.0,62.1,3.875,-4.0,0,1,608
2026-04-03T02:33:09,-5.350667,-123.719536,31.3,13.88,72.7,7,2.0,61.8,3.875,-4.0,0,1,609
2026-04-03T02:33:37,-5.350217,-123.717911,30.2,12.09,69.7,7,2.0,61.8,3.875,-4.0,0,1,610
2026-04-03T02:34:05,-5.349701,-123.716209,33.8,13.30,73.8,7,2.0,61.8,3.875,1645.5,0,1,611
2026-04-03T02:34:33,-5.349293,-123.714584,35.1,13.27,73.2,7,2.0,61.8,3.875,-4.0,0,1,612
2026-04-03T02:35:01,-5.348810,-123.712921,37.5,14.08,67.8,7,2.0,61.8,3.874,-4.0,0,1,613
2026-04-03T02:35:29,-5.348445,-123.711258,32.8,13.15,74.3,7,2.0,61.7,3.874,-3.7,0,1,614
2026-04-03T02:35:57,-5.347996,-123.709579,33.4,12.58,67.7,7,2.0,61.7,3.874,-3.7,0,1,615
2026-04-03T02:36:25,-5.347547,-123.707863,30.9,12.46,70.1,7,2.0,61.8,3.875,-4.0,0,1,616
2026-04-03T02:36:53,-5.347036,-123.706215,35.4,13.50,67.3,7,2.0,61.7,3.874,-3.7,0,1,617
2026-04-03T02:37:21,-5.346616,-123.704521,31.1,13.45,73.1,7,2.0,62.0,3.874,-3.7,0,1,618
2026-04-03T02:37:49,-5.346160,-123.702820,30.7,13.95,77.1,6,2.3,61.8,3.875,-4.0,0,1,619
2026-04-03T02:38:17,-5.345702,-123.701134,30.0,13.26,75.1,7,1.9,62.0,3.872,-3.7,0,1,620
2026-04-03T02:38:45,-5.345302,-123.699478,22.8,13.15,78.3,7,1.9,61.8,3.872,-4.0,0,1,621
2026-04-03T02:39:13,-5.344860,-123.697754,23.9,13.27,76.0,7,1.9,61.7,3.872,-3.7,0,1,622
2026-04-03T02:39:41,-5.344421,-123.696068,24.1,13.93,75.6,7,1.9,61.8,3.874,-4.0,0,1,623
2026-04-03T02:40:09,-5.343883,-123.694389,27.8,13.61,73.1,7,2.1,61.5,3.871,-4.0,0,1,624
2026-04-03T02:40:37,-5.343391,-123.692734,30.8,12.12,72.9,7,1.9,61.7,3.872,-3.7,0,1,625
2026-04-03T02:41:05,-5.342972,-123.691109,23.7,12.90,75.4,7,1.9,61.5,3.871,-4.0,0,1,626
2026-04-03T02:41:33,-5.342543,-123.689392,16.8,13.35,83.0,7,1.9,61.5,3.871,-4.0,0,1,627
2026-04-03T02:42:01,-5.342053,-123.687721,22.9,13.38,81.4,7,1.8,61.4,3.872,-3.7,0,1,628
2026-04-03T02:42:29,-5.341738,-123.686012,16.9,13.59,81.1,7,1.8,61.8,3.872,-4.0,0,1,629
2026-04-03T02:42:57,-5.341225,-123.684349,17.2,13.72,75.9,7,1.8,61.4,3.874,-3.7,0,1,630
2026-04-03T02:43:25,-5.340710,-123.682678,22.3,13.32,72.1,7,1.8,61.7,3.871,-3.7,0,1,631
2026-04-03T02:43:53,-5.340276,-123.680962,16.0,13.78,73.4,7,1.8,61.4,3.872,-3.7,0,1,632
2026-04-03T02:44:21,-5.339808,-123.679337,17.4,13.27,68.5,7,2.0,61.5,3.871,-4.0,0,1,633
2026-04-03T02:44:49,-5.339199,-123.677673,28.2,14.31,69.6,7,1.8,61.5,3.871,-4.0,0,1,634
2026-04-03T02:45:17,-5.338790,-123.675941,23.6,13.41,76.2,6,3.4,61.5,3.871,-4.0,0,1,635
2026-04-03T02:45:45,-5.338412,-123.674217,17.8,12.13,80.0,6,3.5,61.5,3.871,-4.0,0,1,636
2026-04-03T02:46:13,-5.337880,-123.672508,17.4,13.11,76.4,6,3.5,61.4,3.871,-3.7,0,1,637
2026-04-03T02:46:41,-5.337443,-123.670807,19.1,12.12,77.5,6,3.5,61.4,3.871,-3.7,0,1,638
2026-04-03T02:47:09,-5.336915,-123.669106,27.2,13.48,74.4,7,1.7,61.7,3.872,-3.7,0,1,639
2026-04-03T02:47:37,-5.336228,-123.667549,40.4,12.19,63.4,6,7.7,61.5,3.872,-4.0,0,1,640
2026-04-03T02:48:05,-5.335595,-123.665955,56.6,14.04,62.0,6,3.5,61.7,3.872,1641.7,0,1,641
2026-04-03T02:48:33,-5.335103,-123.664253,57.0,13.29,60.9,7,1.7,61.5,3.870,-4.0,0,1,642
2026-04-03T02:49:01,-5.334640,-123.662544,55.7,12.70,65.0,7,1.7,61.1,3.874,-8.5,0,1,643
2026-04-03T02:49:29,-5.334180,-123.660927,55.6,13.89,68.8,7,1.7,61.7,3.870,-3.7,0,1,644
2026-04-03T02:49:57,-5.333723,-123.659248,53.7,13.50,73.0,7,1.7,61.1,3.870,-8.5,0,1,645
2026-04-03T02:50:25,-5.333283,-123.657623,53.7,12.86,69.6,7,1.7,61.5,3.871,-4.0,0,1,646
2026-04-03T02:50:53,-5.332926,-123.655907,47.6,13.22,74.8,7,1.7,61.5,3.871,-4.0,0,1,647
2026-04-03T02:51:21,-5.332435,-123.654320,48.6,12.67,75.4,7,1.6,61.4,3.870,-3.7,0,1,648
2026-04-03T02:51:49,-5.332016,-123.652733,51.2,13.34,73.0,7,1.6,61.7,3.871,-3.7,0,1,649
2026-04-03T02:52:17,-5.331402,-123.651100,58.2,12.96,68.3,7,1.6,60.7,3.870,-8.3,0,1,650
2026-04-03T02:52:45,-5.331007,-123.649460,56.0,12.90,69.3,7,1.6,61.1,3.870,-8.5,0,1,651
2026-04-03T02:53:13,-5.330551,-123.647835,54.9,13.02,69.9,7,1.6,61.1,3.870,-8.5,0,1,652
2026-04-03T02:53:41,-5.330191,-123.646156,47.8,12.89,72.4,7,1.6,61.4,3.869,-3.7,0,1,653
2026-04-03T02:54:09,-5.329480,-123.644592,61.3,13.01,68.1,7,1.6,61.4,3.869,-3.7,0,1,654
2026-04-03T02:54:37,-5.328883,-123.643021,63.8,12.78,65.6,7,1.6,61.4,3.870,-3.7,0,1,655
2026-04-03T02:55:05,-5.328403,-123.641373,64.2,14.35,72.6,7,1.6,61.5,3.870,-4.0,0,1,656
2026-04-03T02:55:33,-5.327831,-123.639793,70.1,12.76,69.0,7,1.6,60.7,3.869,-8.3,0,1,657
2026-04-03T02:56:01,-5.327473,-123.638107,64.9,12.67,66.8,7,1.6,61.1,3.870,-8.5,0,1,658
2026-04-03T02:56:29,-5.327138,-123.636414,57.3,13.65,78.3,7,1.6,61.1,3.869,-8.5,0,1,659
2026-04-03T02:56:57,-5.326646,-123.634819,55.8,12.32,73.0,7,1.5,60.7,3.869,-8.3,0,1,660
2026-04-03T02:57:25,-5.326323,-123.633179,40.1,13.07,78.9,7,1.5,60.7,3.866,-8.3,0,1,661
2026-04-03T02:57:53,-5.325778,-123.631561,44.5,13.22,68.9,7,1.5,61.4,3.869,-3.7,0,1,662
2026-04-03T02:58:21,-5.325250,-123.629929,48.6,13.06,69.8,7,1.5,60.4,3.870,-8.5,0,1,663
2026-04-03T02:58:49,-5.324749,-123.628365,41.2,13.89,68.8,8,1.3,61.1,3.868,-8.5,0,1,664
2026-04-03T02:59:17,-5.324280,-123.626717,39.8,13.56,68.7,7,3.0,61.1,3.869,-8.5,0,1,665
2026-04-03T02:59:45,-5.323731,-123.625099,38.4,12.92,71.7,7,3.0,60.7,3.869,-8.3,0,1,666
2026-04-03T03:00:13,-5.323325,-123.623375,38.5,13.24,71.3,7,3.0,61.1,3.868,-8.5,0,1,667
2026-04-03T03:00:41,-5.322858,-123.621758,36.4,13.48,73.7,7,4.1,61.4,3.868,-3.7,0,1,668
2026-04-03T03:01:09,-5.322422,-123.620003,38.6,12.33,73.2,8,1.2,60.4,3.868,-8.5,0,1,669
2026-04-03T03:01:37,-5.321861,-123.618446,40.0,12.28,69.0,8,1.2,60.4,3.868,-8.5,0,1,670
2026-04-03T03:02:05,-5.321360,-123.616791,31.5,13.73,74.4,7,3.0,61.1,3.868,-8.5,0,1,671
2026-04-03T03:02:33,-5.320996,-123.615089,27.4,13.22,71.4,8,1.4,61.1,3.866,-8.5,0,1,672
2026-04-03T03:03:01,-5.320433,-123.613441,25.4,12.95,64.9,8,1.2,60.4,3.868,-8.5,0,1,673
2026-04-03T03:03:29,-5.319933,-123.611786,28.1,13.74,72.2,8,1.2,60.4,3.868,-8.5,0,1,674
2026-04-03T03:03:57,-5.319386,-123.610199,26.3,13.32,64.6,8,1.2,60.7,3.868,1617.2,0,1,675
2026-04-03T03:04:25,-5.318955,-123.608475,36.1,13.05,75.6,7,3.1,60.4,3.868,-8.5,0,1,676
2026-04-03T03:04:53,-5.318362,-123.606895,25.7,13.13,64.5,8,1.2,60.4,3.869,-8.5,0,1,677
2026-04-03T03:05:21,-5.317946,-123.605232,34.3,14.10,69.5,8,1.2,60.7,3.869,-8.3,0,1,678
2026-04-03T03:05:49,-5.317522,-123.603569,26.2,13.85,78.6,6,5.5,60.1,3.868,-8.3,0,1,679
2026-04-03T03:06:17,-5.317156,-123.601830,26.4,13.36,74.8,7,3.2,60.1,3.868,1600.4,0,1,680
2026-04-03T03:06:45,-5.316833,-123.600067,21.0,11.68,69.4,7,3.2,60.7,3.866,-8.3,0,1,681
2026-04-03T03:07:13,-5.316390,-123.598427,14.7,13.49,72.4,8,1.2,60.7,3.866,-8.3,0,1,682
2026-04-03T03:07:41,-5.315903,-123.596771,12.8,13.38,68.8,8,1.2,60.7,3.866,-8.3,0,1,683
2026-04-03T03:08:09,-5.315435,-123.595123,4.4,12.37,56.4,7,3.2,60.7,3.866,-8.3,0,1,684
2026-04-03T03:08:37,-5.315135,-123.593315,2.5,13.34,73.4,8,1.2,60.4,3.865,-8.5,0,1,685
2026-04-03T03:09:05,-5.314609,-123.591721,0.9,12.24,68.7,8,1.2,60.1,3.866,-8.3,0,1,686
2026-04-03T03:09:33,-5.313950,-123.590172,6.9,13.35,70.9,7,3.2,60.1,3.866,-8.3,0,1,687
2026-04-03T03:10:01,-5.313313,-123.588608,12.4,12.80,63.7,8,1.2,60.1,3.865,-8.3,0,1,688
2026-04-03T03:10:29,-5.312730,-123.586945,17.5,12.78,69.7,8,1.2,59.8,3.864,-8.5,0,1,689
2026-04-03T03:10:57,-5.312313,-123.585266,21.0,13.13,67.4,7,3.2,60.1,3.865,-8.3,0,1,690
2026-04-03T03:11:25,-5.311942,-123.583473,25.8,12.74,74.9,7,3.2,60.1,3.865,-8.3,0,1,691
2026-04-03T03:11:53,-5.311268,-123.581940,30.1,12.83,68.9,7,3.3,59.5,3.865,-8.3,0,1,692
2026-04-03T03:12:21,-5.310727,-123.580353,23.3,11.22,67.4,7,3.3,59.8,3.865,-8.5,0,1,693
2026-04-03T03:12:49,-5.310170,-123.578728,23.9,12.32,60.9,7,3.3,60.1,3.865,-8.3,0,1,694
2026-04-03T03:13:17,-5.309888,-123.576935,29.3,13.09,75.9,8,1.2,59.8,3.864,-8.5,0,1,695
2026-04-03T03:13:45,-5.309321,-123.575325,22.0,14.03,70.1,8,1.2,60.1,3.864,-8.3,0,1,696
2026-04-03T03:14:13,-5.308830,-123.573593,23.8,13.92,72.8,7,3.3,60.1,3.865,-8.3,0,1,697
2026-04-03T03:14:41,-5.308400,-123.571869,27.4,14.91,75.9,8,1.2,60.1,3.864,-8.3,0,1,698
2026-04-03T03:15:09,-5.307947,-123.570198,32.0,13.65,77.7,7,4.2,59.8,3.865,-8.5,0,1,699
2026-04-03T03:15:37,-5.307407,-123.568527,34.4,13.38,70.7,8,1.2,59.8,3.866,-8.5,0,1,700
2026-04-03T03:16:05,-5.306839,-123.566940,35.6,12.78,66.3,7,3.3,60.1,3.866,-8.3,0,1,701
2026-04-03T03:16:33,-5.306455,-123.565247,22.0,11.66,78.7,7,3.2,59.5,3.862,-8.3,0,1,702
2026-04-03T03:17:01,-5.306033,-123.563522,15.2,13.23,70.3,8,1.3,59.5,3.862,-8.3,0,1,703
2026-04-03T03:17:29,-5.305573,-123.561829,18.0,12.84,76.2,8,1.3,60.1,3.864,-8.3,0,1,704
2026-04-03T03:17:57,-5.305099,-123.560104,22.7,13.76,74.7,8,1.3,59.8,3.865,-8.5,0,1,705
2026-04-03T03:18:25,-5.304592,-123.558449,22.4,13.33,74.6,8,1.3,59.8,3.864,-8.5,0,1,706
2026-04-03T03:18:53,-5.304162,-123.556778,15.8,14.37,80.5,8,1.3,59.5,3.865,-8.3,0,1,707
2026-04-03T03:19:21,-5.303701,-123.555099,13.3,12.98,79.7,8,1.3,59.5,3.862,-8.3,0,1,708
2026-04-03T03:19:49,-5.303331,-123.553322,14.3,14.36,82.6,7,4.0,59.8,3.862,-8.5,0,1,709
2026-04-03T03:20:17,-5.302765,-123.551720,16.2,13.33,71.8,8,1.3,59.2,3.864,-8.5,0,1,710
2026-04-03T03:20:45,-5.302325,-123.550064,15.9,12.55,72.2,7,3.2,59.5,3.862,1583.5,0,1,711
2026-04-03T03:21:13,-5.301902,-123.548378,12.8,12.52,74.4,8,1.3,59.2,3.864,-8.5,0,1,712
2026-04-03T03:21:41,-5.301465,-123.546684,5.7,13.39,71.6,7,3.2,60.1,3.862,-8.3,0,1,713
2026-04-03T03:22:09,-5.301073,-123.545021,-6.8,13.72,79.3,8,1.3,59.5,3.862,1583.5,0,1,714
2026-04-03T03:22:37,-5.300632,-123.543297,-4.1,13.69,72.6,8,1.3,59.2,3.862,-8.5,0,1,715
2026-04-03T03:23:05,-5.300173,-123.541634,-7.7,12.73,79.6,8,1.3,59.2,3.861,-8.5,0,1,716
2026-04-03T03:23:33,-5.299715,-123.539917,0.4,12.37,68.8,8,1.3,60.1,3.861,-8.3,0,1,717
2026-04-03T03:24:01,-5.299205,-123.538216,12.1,13.65,69.2,8,1.3,59.5,3.862,-8.3,0,1,718
2026-04-03T03:24:29,-5.298717,-123.536514,17.1,13.81,73.9,8,1.3,59.2,3.862,-8.5,0,1,719
2026-04-03T03:24:57,-5.298288,-123.534813,15.2,12.98,74.5,8,1.3,59.5,3.861,1583.5,0,1,720
2026-04-03T03:25:25,-5.297743,-123.533287,5.8,13.96,83.2,8,1.3,58.8,3.862,-8.3,0,1,721
2026-04-03T03:25:53,-5.297333,-123.531586,8.4,13.63,83.0,8,1.3,59.2,3.862,-8.5,0,1,722
2026-04-03T03:26:21,-5.296876,-123.529884,1.3,14.16,84.2,8,1.3,58.8,3.860,-8.3,0,1,723
2026-04-03T03:26:49,-5.296410,-123.528244,-3.0,13.74,82.2,8,1.3,59.2,3.862,-8.5,0,1,724
2026-04-03T03:27:17,-5.295915,-123.526581,-5.7,13.04,74.7,8,1.7,58.5,3.861,-8.5,0,1,725
2026-04-03T03:27:45,-5.295400,-123.524902,4.7,13.99,76.4,8,1.3,58.8,3.861,-8.3,0,1,726
2026-04-03T03:28:13,-5.294943,-123.523277,2.3,13.28,79.4,8,1.3,58.8,3.861,-8.3,0,1,727
2026-04-03T03:28:41,-5.294436,-123.521652,-0.6,12.72,68.1,8,1.7,58.8,3.859,-8.3,0,1,728
2026-04-03T03:29:09,-5.294140,-123.519882,-2.0,13.24,73.2,8,1.3,58.5,3.860,-8.5,0,1,729
2026-04-03T03:29:37,-5.293708,-123.518173,-0.4,13.31,77.3,8,1.3,59.2,3.861,-8.5,0,1,730
2026-04-03T03:30:05,-5.293157,-123.516579,1.9,12.77,80.5,8,1.3,58.5,3.861,1558.1,0,1,731
2026-04-03T03:30:33,-5.292753,-123.514915,-4.7,13.23,76.4,8,1.3,58.5,3.860,-8.5,0,1,732
2026-04-03T03:31:01,-5.292282,-123.513283,-10.7,13.31,78.0,8,1.3,58.8,3.858,-8.3,0,1,733
2026-04-03T03:31:29,-5.291896,-123.511551,-15.3,13.42,80.4,8,1.3,58.5,3.860,-8.5,0,1,734
2026-04-03T03:31:57,-5.291265,-123.509941,1.2,14.65,76.1,8,1.3,58.5,3.861,1558.1,0,1,735
2026-04-03T03:32:25,-5.290860,-123.508286,5.0,13.82,72.7,8,1.3,58.5,3.860,-8.5,0,1,736
2026-04-03T03:32:53,-5.290357,-123.506699,-6.9,12.42,71.8,8,1.3,58.8,3.859,-8.3,0,1,737
2026-04-03T03:33:21,-5.290026,-123.504974,-15.6,14.28,76.8,7,1.4,58.5,3.860,-8.5,0,1,738
2026-04-03T03:33:49,-5.289575,-123.503242,-10.8,14.36,73.7,9,1.3,59.2,3.860,-8.5,0,1,739
2026-04-03T03:34:17,-5.288963,-123.501633,3.2,13.19,72.5,8,1.3,58.2,3.859,-8.3,0,1,740
2026-04-03T03:34:45,-5.288358,-123.500031,9.0,13.68,63.9,8,1.3,58.5,3.859,-8.5,0,1,741
2026-04-03T03:35:13,-5.287948,-123.498344,0.6,13.64,76.8,7,1.4,58.5,3.858,-8.5,0,1,742
2026-04-03T03:35:41,-5.287593,-123.496567,-3.3,13.66,72.9,8,1.3,58.8,3.860,-8.3,0,1,743
2026-04-03T03:36:09,-5.287288,-123.494926,-17.3,12.13,80.1,8,1.3,58.2,3.859,-8.3,0,1,744
2026-04-03T03:36:37,-5.286792,-123.493156,-2.5,13.55,76.3,8,1.3,59.2,3.859,-8.5,0,1,745
2026-04-03T03:37:05,-5.286328,-123.491585,-2.4,12.17,69.5,8,1.3,58.5,3.859,-8.5,0,1,746
2026-04-03T03:37:33,-5.285765,-123.489975,-7.1,12.53,72.0,8,1.3,58.5,3.858,-8.5,0,1,747
2026-04-03T03:38:01,-5.285286,-123.488220,-9.8,14.09,77.1,9,1.3,58.5,3.859,-8.5,0,1,748
2026-04-03T03:38:29,-5.284735,-123.486595,-7.6,14.36,73.1,8,1.3,58.2,3.859,-8.3,0,1,749
2026-04-03T03:38:57,-5.284323,-123.484917,-6.9,13.47,74.8,8,1.3,58.8,3.858,-8.3,0,1,750
2026-04-03T03:39:25,-5.283896,-123.483215,-11.9,14.08,77.9,8,1.3,58.2,3.858,-8.3,0,1,751
2026-04-03T03:39:53,-5.283420,-123.481575,-16.7,13.74,72.4,9,1.3,58.2,3.859,-8.3,0,1,752
2026-04-03T03:40:21,-5.282969,-123.479935,-24.6,12.64,80.5,8,1.3,58.2,3.858,-8.3,0,1,753
2026-04-03T03:40:49,-5.282405,-123.478294,-16.5,13.05,77.5,8,1.8,58.2,3.859,-8.3,0,1,754
2026-04-03T03:41:17,-5.281963,-123.476624,-7.1,14.01,81.1,8,1.3,58.2,3.858,-8.3,0,1,755
2026-04-03T03:41:45,-5.281323,-123.475021,-0.1,13.44,69.3,7,2.1,58.5,3.859,-8.5,0,1,756
2026-04-03T03:42:13,-5.280915,-123.473305,-2.9,12.22,76.5,8,2.0,57.9,3.856,-8.5,0,1,757
2026-04-03T03:42:41,-5.280477,-123.471642,-0.6,13.68,76.6,7,2.0,58.2,3.858,-8.3,0,1,758
2026-04-03T03:43:09,-5.279973,-123.469994,-6.5,13.87,73.3,9,1.3,58.2,3.860,-8.3,0,1,759
2026-04-03T03:43:37,-5.279425,-123.468315,-5.8,12.36,73.5,9,1.3,57.9,3.859,-8.5,0,1,760
2026-04-03T03:44:05,-5.278950,-123.466698,-5.6,14.65,70.1,9,1.3,57.6,3.856,-8.3,0,1,761
2026-04-03T03:44:33,-5.278323,-123.465111,-10.5,13.72,68.2,9,1.3,57.6,3.856,-8.3,0,1,762
2026-04-03T03:45:01,-5.277916,-123.463425,-19.3,12.80,71.3,7,1.4,58.2,3.855,-8.3,0,1,763
2026-04-03T03:45:29,-5.277348,-123.461853,-18.2,12.63,75.3,6,1.4,57.9,3.858,-8.5,0,1,764
2026-04-03T03:45:58,-5.276846,-123.460083,-14.0,13.28,75.0,8,1.3,58.2,3.856,-8.3,0,1,765
2026-04-03T03:46:26,-5.276275,-123.458435,-5.9,14.02,73.0,8,1.3,57.3,3.858,-8.5,0,1,766
2026-04-03T03:46:54,-5.275740,-123.456810,0.7,13.13,75.4,8,1.3,57.3,3.858,-8.5,0,1,767
2026-04-03T03:47:22,-5.275100,-123.455193,5.2,12.72,68.7,7,1.4,57.6,3.858,-8.3,0,1,768
2026-04-03T03:47:50,-5.274391,-123.453568,14.3,13.01,70.7,7,1.9,57.9,3.858,-8.5,0,1,769
2026-04-03T03:48:18,-5.273915,-123.451981,14.6,13.57,69.1,7,1.9,57.6,3.856,-8.3,0,1,770
2026-04-03T03:48:46,-5.273382,-123.450371,19.0,13.49,74.7,7,1.9,57.6,3.858,-8.3,0,1,771
2026-04-03T03:49:14,-5.272813,-123.448746,16.9,12.57,72.3,7,1.9,57.9,3.855,-8.5,0,1,772
2026-04-03T03:49:42,-5.272357,-123.447014,24.5,13.15,68.9,7,1.9,57.6,3.856,-8.3,0,1,773
2026-04-03T03:50:10,-5.271728,-123.445442,27.0,12.57,66.1,8,1.3,57.6,3.858,-8.3,0,1,774
2026-04-03T03:50:38,-5.271260,-123.443802,20.2,14.05,73.0,8,1.3,57.6,3.856,-8.3,0,1,775
2026-04-03T03:51:06,-5.270631,-123.442192,23.3,13.17,60.5,8,1.3,57.3,3.855,-8.5,0,1,776
2026-04-03T03:51:34,-5.270145,-123.440514,31.3,12.94,73.2,8,1.3,57.3,3.855,-8.5,0,1,777
2026-04-03T03:52:02,-5.269520,-123.438934,27.6,12.85,66.1,9,1.1,56.6,3.855,-8.5,0,1,778
2026-04-03T03:52:30,-5.269053,-123.437248,23.1,13.37,78.1,9,1.1,57.6,3.858,-8.3,0,1,779
2026-04-03T03:52:58,-5.268557,-123.435570,17.9,13.94,65.1,9,1.1,57.3,3.856,-8.5,0,1,780
2026-04-03T03:53:26,-5.268071,-123.433907,8.9,14.29,68.2,9,1.1,57.3,3.855,-8.5,0,1,781
2026-04-03T03:53:54,-5.267521,-123.432243,4.6,13.58,68.2,9,1.1,57.3,3.856,-8.5,0,1,782
2026-04-03T03:54:22,-5.267010,-123.430603,0.9,13.63,71.9,9,1.1,57.3,3.856,-8.5,0,1,783
2026-04-03T03:54:50,-5.266362,-123.428917,14.2,13.60,73.5,9,1.1,56.9,3.854,-8.3,0,1,784
2026-04-03T03:55:18,-5.265815,-123.427223,27.6,13.20,75.9,8,1.3,57.3,3.851,-8.5,0,1,785
2026-04-03T03:55:46,-5.265337,-123.425560,26.7,13.98,71.3,9,1.1,56.9,3.854,-8.3,0,1,786
2026-04-03T03:56:14,-5.264890,-123.423874,19.6,13.09,71.1,9,2.0,57.3,3.855,-8.5,0,1,787
2026-04-03T03:56:42,-5.264443,-123.422180,6.8,12.90,77.1,9,2.0,57.3,3.854,-8.5,0,1,788
2026-04-03T03:57:10,-5.263972,-123.420517,-5.0,12.68,72.4,9,1.1,56.9,3.852,-8.3,0,1,789
2026-04-03T03:57:38,-5.263467,-123.418854,-13.4,12.67,79.7,9,1.1,57.3,3.854,-8.5,0,1,790
2026-04-03T03:58:06,-5.262920,-123.417213,-16.4,13.17,72.9,9,1.1,56.9,3.855,-8.3,0,1,791
2026-04-03T03:58:34,-5.262398,-123.415550,-20.7,13.53,71.1,8,1.2,56.6,3.852,-8.5,0,1,792
2026-04-03T03:59:02,-5.261930,-123.413826,-27.0,13.72,69.1,9,1.1,57.3,3.852,-8.5,0,1,793
2026-04-03T03:59:30,-5.261347,-123.412163,-21.3,14.17,71.4,9,1.1,56.9,3.850,-8.3,0,1,794
2026-04-03T03:59:58,-5.260825,-123.410500,-18.1,13.70,75.0,8,1.3,56.6,3.852,-8.5,0,1,795
2026-04-03T04:00:26,-5.260255,-123.408867,-19.5,13.42,69.7,7,1.6,56.6,3.854,-8.5,0,1,796
2026-04-03T04:00:54,-5.259790,-123.407166,-21.8,13.56,71.9,7,1.6,56.9,3.854,-8.3,0,1,797
2026-04-03T04:01:22,-5.259285,-123.405518,-36.3,13.03,71.2,7,1.6,56.9,3.854,-8.3,0,1,798
2026-04-03T04:01:50,-5.258773,-123.403816,-40.3,13.24,71.2,7,1.6,56.6,3.852,1507.6,0,1,799
2026-04-03T04:02:18,-5.258147,-123.402176,-40.8,13.58,69.0,7,1.6,56.6,3.852,-8.5,0,1,800
2026-04-03T04:02:46,-5.257623,-123.400490,-34.8,14.18,70.1,6,2.8,57.3,3.852,-8.5,0,1,801
2026-04-03T04:03:14,-5.257090,-123.398811,-28.0,12.81,73.3,6,1.6,56.6,3.854,-8.5,0,1,802
2026-04-03T04:03:42,-5.256542,-123.397133,-22.4,13.89,70.8,6,1.6,57.3,3.851,-8.5,0,1,803
2026-04-03T04:04:10,-5.256015,-123.395454,-23.8,13.48,75.5,6,1.6,56.6,3.852,-8.5,0,1,804
2026-04-03T04:04:38,-5.255477,-123.393768,-27.1,13.89,73.2,6,1.6,56.6,3.852,-8.5,0,1,805
2026-04-03T04:05:06,-5.254933,-123.392090,-32.8,14.16,72.7,6,1.6,56.9,3.851,-8.3,0,1,806
2026-04-03T04:05:34,-5.254415,-123.390388,-25.8,13.80,70.2,6,1.6,56.9,3.851,-8.3,0,1,807
2026-04-03T04:06:02,-5.253837,-123.388710,-18.2,13.36,70.3,6,1.6,56.6,3.851,-8.5,0,1,808
2026-04-03T04:06:30,-5.253282,-123.387024,-12.1,13.56,66.7,6,1.6,56.3,3.850,-8.3,0,1,809
2026-04-03T04:06:58,-5.252780,-123.385345,-1.9,14.09,65.7,6,1.6,56.3,3.851,-8.3,0,1,810
2026-04-03T04:07:26,-5.252222,-123.383682,8.3,13.77,68.8,6,1.6,56.0,3.852,-8.5,0,1,811
2026-04-03T04:07:54,-5.251655,-123.381981,26.0,13.08,72.8,7,1.5,56.0,3.852,-8.5,0,1,812
2026-04-03T04:08:22,-5.251067,-123.380310,33.0,13.94,72.6,7,1.5,56.9,3.851,-8.3,0,1,813
2026-04-03T04:08:50,-5.250607,-123.378677,14.3,12.47,70.7,8,1.4,56.6,3.851,-8.5,0,1,814
2026-04-03T04:09:18,-5.250120,-123.376976,4.7,13.36,73.5,8,1.4,56.3,3.851,-8.3,0,1,815
2026-04-03T04:09:46,-5.249620,-123.375336,-9.2,13.42,69.3,7,1.5,56.3,3.851,-8.3,0,1,816
2026-04-03T04:10:14,-5.249033,-123.373672,-10.7,13.17,68.1,7,1.5,56.3,3.850,-8.3,0,1,817
2026-04-03T04:10:42,-5.248490,-123.372017,-7.7,13.57,72.7,8,1.4,56.3,3.850,-8.3,0,1,818
2026-04-03T04:11:10,-5.247925,-123.370384,-8.6,13.68,67.0,8,1.4,56.3,3.851,-8.3,0,1,819
2026-04-03T04:11:38,-5.247410,-123.368744,-11.9,13.26,68.2,8,1.4,56.6,3.850,-8.5,0,1,820
2026-04-03T04:12:06,-5.246885,-123.367065,-6.4,13.61,72.8,8,1.4,56.0,3.850,-8.5,0,1,821
2026-04-03T04:12:34,-5.246378,-123.365387,-9.6,13.32,72.3,7,1.5,56.0,3.851,-8.5,0,1,822
2026-04-03T04:13:02,-5.245886,-123.363777,-14.7,13.11,72.1,8,1.4,56.6,3.849,-8.5,0,1,823
2026-04-03T04:13:30,-5.245416,-123.362099,-19.6,13.68,70.9,6,2.0,56.0,3.849,-8.5,0,1,824
2026-04-03T04:13:58,-5.244776,-123.360451,-14.7,13.71,70.1,7,1.8,56.0,3.849,-8.5,0,1,825
2026-04-03T04:14:26,-5.244278,-123.358788,-10.2,13.08,76.1,8,1.4,56.6,3.849,-8.5,0,1,826
2026-04-03T04:14:54,-5.243763,-123.357170,-18.4,13.29,68.5,6,2.0,56.3,3.848,-8.3,0,1,827
2026-04-03T04:15:23,-5.243233,-123.355408,-15.5,13.20,73.6,6,2.0,56.6,3.850,-8.5,0,1,828
2026-04-03T04:15:51,-5.242670,-123.353714,-18.9,13.71,67.1,7,1.4,55.7,3.850,-8.3,0,1,829
2026-04-03T04:16:19,-5.242116,-123.352036,-17.0,13.56,65.2,7,1.4,55.7,3.849,-8.3,0,1,830
2026-04-03T04:16:47,-5.241643,-123.350349,-9.5,13.31,75.3,7,1.4,55.7,3.849,-8.3,0,1,831
2026-04-03T04:17:15,-5.241208,-123.348633,-9.4,13.90,75.8,6,1.9,55.7,3.850,-8.3,0,1,832
2026-04-03T04:17:43,-5.240710,-123.346954,-11.5,13.91,74.8,6,1.9,56.0,3.849,-8.5,0,1,833
2026-04-03T04:18:11,-5.240223,-123.345291,-16.7,12.96,70.1,6,1.9,55.7,3.851,-8.3,0,1,834
2026-04-03T04:18:39,-5.239653,-123.343605,-2.1,13.68,75.8,6,1.4,55.4,3.848,-8.5,0,1,835
2026-04-03T04:19:07,-5.239140,-123.341911,-2.2,13.44,71.2,7,1.4,56.0,3.848,-8.5,0,1,836
2026-04-03T04:19:35,-5.238593,-123.340248,1.1,13.61,73.4,7,1.4,55.0,3.848,-8.3,0,1,837
2026-04-03T04:20:03,-5.238100,-123.338562,5.5,12.70,75.0,7,1.4,55.7,3.848,-8.3,0,1,838
2026-04-03T04:20:31,-5.237585,-123.336899,3.3,13.56,70.7,7,1.4,55.7,3.849,-8.3,0,1,839
2026-04-03T04:20:59,-5.237056,-123.335236,10.2,13.87,72.0,7,1.7,56.0,3.849,-8.5,0,1,840
2026-04-03T04:21:27,-5.236547,-123.333557,13.4,13.15,73.9,8,1.3,55.4,3.848,-8.5,0,1,841
2026-04-03T04:21:55,-5.236008,-123.331863,16.1,13.47,74.7,8,1.3,55.4,3.848,-8.5,0,1,842
2026-04-03T04:22:23,-5.235472,-123.330200,17.6,14.05,69.5,8,1.3,55.7,3.846,-8.3,0,1,843
2026-04-03T04:22:51,-5.234963,-123.328537,11.3,13.39,78.2,6,1.8,55.0,3.848,-8.3,0,1,844
2026-04-03T04:23:19,-5.234423,-123.326889,9.0,12.79,77.3,8,1.3,56.0,3.848,-8.5,0,1,845
2026-04-03T04:23:47,-5.233925,-123.325211,2.3,13.37,70.9,8,1.3,55.4,3.848,-8.5,0,1,846
2026-04-03T04:24:15,-5.233370,-123.323555,2.7,14.02,71.0,8,1.3,55.0,3.848,-8.3,0,1,847
2026-04-03T04:24:43,-5.232955,-123.321869,-7.3,13.50,71.2,7,1.6,55.4,3.849,-8.5,0,1,848
2026-04-03T04:25:11,-5.232385,-123.320206,-1.9,13.65,71.1,8,1.3,55.0,3.846,-8.3,0,1,849
2026-04-03T04:25:39,-5.231830,-123.318550,4.2,13.73,78.3,7,1.6,55.0,3.848,-8.3,0,1,850
2026-04-03T04:26:07,-5.231271,-123.316887,8.3,13.73,73.4,8,1.3,54.7,3.848,-8.5,0,1,851
2026-04-03T04:26:35,-5.230685,-123.315201,20.3,13.46,69.1,8,1.3,55.4,3.846,-8.5,0,1,852
2026-04-03T04:27:03,-5.230123,-123.313507,19.9,13.82,67.4,8,1.5,55.7,3.845,-8.3,0,1,853
2026-04-03T04:27:31,-5.229557,-123.311844,20.7,13.76,67.0,7,1.6,55.7,3.846,-8.3,0,1,854
2026-04-03T04:27:59,-5.229042,-123.310181,22.6,13.46,71.5,9,1.2,54.7,3.846,-8.5,0,1,855
2026-04-03T04:28:27,-5.228566,-123.308479,16.7,13.48,76.0,8,1.4,55.0,3.846,-8.3,0,1,856
2026-04-03T04:28:55,-5.228053,-123.306778,25.0,13.44,73.8,8,1.3,55.0,3.845,-8.3,0,1,857
2026-04-03T04:29:23,-5.227583,-123.305115,24.8,13.61,73.9,8,1.4,55.7,3.846,-8.3,0,1,858
2026-04-03T04:29:51,-5.227105,-123.303398,23.0,13.27,72.7,7,1.5,55.0,3.844,-8.3,0,1,859
2026-04-03T04:30:19,-5.226548,-123.301720,24.5,13.21,76.9,8,1.4,55.0,3.846,-8.3,0,1,860
2026-04-03T04:30:47,-5.226000,-123.300041,26.7,13.78,70.3,6,1.7,55.4,3.848,-8.5,0,1,861
2026-04-03T04:31:15,-5.225490,-123.298378,27.6,13.45,69.6,8,1.4,55.0,3.846,-8.3,0,1,862
2026-04-03T04:31:43,-5.224910,-123.296715,31.1,13.30,73.7,8,1.4,55.4,3.844,-8.5,0,1,863
2026-04-03T04:32:11,-5.224401,-123.295013,29.2,12.71,71.7,8,1.4,54.7,3.844,-8.5,0,1,864
2026-04-03T04:32:39,-5.223937,-123.293312,28.3,13.74,73.3,8,1.4,55.0,3.846,-8.3,0,1,865
2026-04-03T04:33:07,-5.223490,-123.291634,30.2,13.65,72.2,8,1.4,55.0,3.844,-8.3,0,1,866
2026-04-03T04:33:35,-5.223055,-123.289948,28.7,13.67,74.0,8,1.4,55.0,3.844,-8.3,0,1,867
2026-04-03T04:34:03,-5.222578,-123.288322,35.6,13.54,75.7,8,1.4,54.4,3.845,-8.3,0,1,868
2026-04-03T04:34:31,-5.222068,-123.286644,39.5,13.31,72.1,8,1.4,55.0,3.845,-8.3,0,1,869
2026-04-03T04:34:59,-5.221588,-123.284981,33.7,13.37,78.2,8,1.4,54.7,3.845,-8.5,0,1,870
2026-04-03T04:35:27,-5.221105,-123.283279,34.7,13.49,74.6,8,1.4,55.0,3.845,-8.3,0,1,871
2026-04-03T04:35:55,-5.220611,-123.281586,36.9,12.56,74.9,8,1.4,55.0,3.844,-8.3,0,1,872
2026-04-03T04:36:23,-5.220077,-123.279922,40.1,13.25,72.7,8,1.4,54.7,3.846,-8.5,0,1,873
2026-04-03T04:36:51,-5.219583,-123.278198,42.0,13.97,74.8,7,1.4,54.7,3.844,-8.5,0,1,874
2026-04-03T04:37:19,-5.219073,-123.276489,42.1,12.63,72.1,8,1.4,54.7,3.845,-8.5,0,1,875
2026-04-03T04:37:47,-5.218645,-123.274765,39.7,13.94,76.0,8,1.3,54.4,3.842,-8.3,0,1,876
2026-04-03T04:38:15,-5.218128,-123.273140,43.3,13.14,71.7,8,1.3,55.0,3.842,-8.3,0,1,877
2026-04-03T04:38:43,-5.217619,-123.271500,42.0,13.09,77.8,8,1.3,54.7,3.844,-8.5,0,1,878
2026-04-03T04:39:11,-5.217170,-123.269737,35.7,12.89,76.1,8,1.3,54.7,3.845,-8.5,0,1,879
2026-04-03T04:39:39,-5.216691,-123.268021,29.9,12.51,72.9,8,1.3,55.0,3.842,-8.3,0,1,880
2026-04-03T04:40:07,-5.216230,-123.266327,28.6,13.56,77.4,8,1.3,54.4,3.844,-8.3,0,1,881
2026-04-03T04:40:35,-5.215785,-123.264702,29.2,11.57,73.9,9,1.3,54.4,3.844,-8.3,0,1,882
2026-04-03T04:41:03,-5.215263,-123.263000,31.7,13.30,69.4,8,1.3,55.0,3.842,-8.3,0,1,883
2026-04-03T04:41:31,-5.214803,-123.261322,39.8,14.08,73.3,8,1.3,54.4,3.842,-8.3,0,1,884
2026-04-03T04:41:59,-5.214358,-123.259636,40.4,13.55,78.4,8,1.3,54.4,3.842,-8.3,0,1,885
2026-04-03T04:42:27,-5.213898,-123.257957,37.6,13.66,74.7,8,1.3,54.4,3.842,-8.3,0,1,886
2026-04-03T04:42:55,-5.213420,-123.256279,34.7,12.59,72.6,8,1.3,54.4,3.842,-8.3,0,1,887
2026-04-03T04:43:23,-5.212972,-123.254578,28.7,13.63,79.4,8,1.3,54.1,3.842,-8.5,0,1,888
2026-04-03T04:43:51,-5.212522,-123.252914,18.6,12.17,73.2,9,1.1,54.1,3.841,-8.5,0,1,889
2026-04-03T04:44:19,-5.212152,-123.251190,18.6,14.06,78.7,8,1.3,54.1,3.842,-8.5,0,1,890
2026-04-03T04:44:47,-5.211650,-123.249405,17.8,13.73,74.9,8,1.3,54.7,3.841,-8.5,0,1,891
2026-04-03T04:45:15,-5.211207,-123.247681,19.6,13.51,75.7,8,1.1,54.1,3.841,-8.5,0,1,892
2026-04-03T04:45:43,-5.210697,-123.246017,14.3,12.69,76.4,7,1.4,54.4,3.841,-8.3,0,1,893
2026-04-03T04:46:11,-5.210220,-123.244278,16.9,12.99,72.6,7,1.4,54.1,3.841,-8.5,0,1,894
2026-04-03T04:46:39,-5.209659,-123.242638,17.8,12.50,70.9,7,1.4,54.1,3.841,1440.2,0,1,895
2026-04-03T04:47:07,-5.209188,-123.240898,15.6,14.30,73.1,8,1.1,54.4,3.840,-8.3,0,1,896
2026-04-03T04:47:35,-5.208737,-123.239159,8.7,13.22,79.4,7,1.4,54.4,3.841,-8.3,0,1,897
2026-04-03T04:48:03,-5.208227,-123.237480,6.6,13.75,72.0,7,1.3,53.5,3.844,-8.5,0,1,898
2026-04-03T04:48:31,-5.207738,-123.235779,11.6,12.75,72.4,8,1.1,53.8,3.841,-8.3,0,1,899
2026-04-03T04:48:59,-5.207362,-123.234062,9.9,13.35,76.9,8,1.1,54.1,3.841,-8.5,0,1,900
2026-04-03T04:49:27,-5.206835,-123.232368,12.2,13.59,75.3,8,1.1,53.8,3.840,-8.3,0,1,901
2026-04-03T04:49:55,-5.206387,-123.230659,12.9,13.41,79.7,6,1.5,54.1,3.842,-8.5,0,1,902
2026-04-03T04:50:23,-5.205897,-123.228951,15.7,13.63,69.5,7,1.3,53.8,3.839,-8.3,0,1,903
2026-04-03T04:50:51,-5.205352,-123.227303,14.8,13.79,76.0,8,1.2,54.4,3.838,-8.3,0,1,904
2026-04-03T04:51:19,-5.204810,-123.225639,14.0,13.67,75.1,8,1.2,53.5,3.840,-8.5,0,1,905
2026-04-03T04:51:47,-5.204330,-123.223961,11.7,14.12,78.5,8,1.2,53.5,3.841,-8.5,0,1,906
2026-04-03T04:52:15,-5.203850,-123.222237,7.9,13.69,76.2,8,1.2,53.5,3.841,-8.5,0,1,907
2026-04-03T04:52:43,-5.203425,-123.220528,4.0,12.84,74.9,8,1.2,53.8,3.840,-8.3,0,1,908
2026-04-03T04:53:11,-5.202940,-123.218842,13.9,12.88,76.7,8,1.2,54.1,3.840,-8.5,0,1,909
2026-04-03T04:53:39,-5.202427,-123.217125,21.2,13.57,71.9,8,1.2,53.8,3.839,-8.3,0,1,910
2026-04-03T04:54:07,-5.201923,-123.215424,28.1,13.59,75.3,8,1.2,53.8,3.840,1431.9,0,1,911
2026-04-03T04:54:35,-5.201393,-123.213737,38.8,14.08,73.0,8,1.2,53.1,3.840,-10.2,0,1,912
2026-04-03T04:55:03,-5.200942,-123.212021,37.3,13.52,72.1,8,1.2,53.5,3.840,-8.5,0,1,913
2026-04-03T04:55:31,-5.200485,-123.210327,35.8,13.24,71.9,9,1.1,53.5,3.840,-8.5,0,1,914
2026-04-03T04:55:59,-5.200038,-123.208618,34.1,13.77,75.1,8,1.4,53.8,3.840,-8.3,0,1,915
2026-04-03T04:56:27,-5.199558,-123.206909,35.1,13.10,76.5,9,1.1,54.4,3.838,-8.3,0,1,916
2026-04-03T04:56:55,-5.199100,-123.205223,30.5,12.41,72.2,9,1.1,53.1,3.838,1413.2,0,1,917
2026-04-03T04:57:23,-5.198613,-123.203491,36.2,13.29,71.3,9,1.1,53.1,3.839,-10.2,0,1,918
2026-04-03T04:57:51,-5.198065,-123.201828,33.8,13.17,78.1,9,1.1,53.5,3.839,-8.5,0,1,919
2026-04-03T04:58:19,-5.197612,-123.200157,21.9,12.72,77.6,9,1.1,53.1,3.838,-10.2,0,1,920
2026-04-03T04:58:47,-5.197192,-123.198441,15.7,13.79,76.6,8,1.4,53.1,3.839,1413.2,0,1,921
2026-04-03T04:59:15,-5.196683,-123.196724,21.2,13.77,71.7,9,1.3,53.5,3.838,-8.5,0,1,922
2026-04-03T04:59:43,-5.196198,-123.195030,24.5,12.18,75.3,9,1.1,53.5,3.839,-8.5,0,1,923
2026-04-03T05:00:11,-5.195685,-123.193321,17.6,13.90,77.8,8,1.4,53.8,3.836,-8.3,0,1,924
2026-04-03T05:00:39,-5.195250,-123.191628,13.1,13.15,72.7,8,1.4,53.5,3.838,1423.3,0,1,925
2026-04-03T05:01:07,-5.194773,-123.189949,9.2,12.76,77.9,8,1.4,53.1,3.840,-10.2,0,1,926
2026-04-03T05:01:35,-5.194286,-123.188240,7.8,13.04,78.9,8,1.4,53.1,3.839,-10.2,0,1,927
2026-04-03T05:02:03,-5.193819,-123.186562,1.4,15.57,69.6,8,1.4,52.7,3.838,-10.2,0,1,928
2026-04-03T05:02:31,-5.193355,-123.184883,-2.0,13.33,83.1,9,1.1,52.7,3.839,-10.2,0,1,929
2026-04-03T05:02:59,-5.192853,-123.183205,-3.1,13.38,74.4,9,1.1,53.5,3.839,-8.5,0,1,930
2026-04-03T05:03:27,-5.192360,-123.181488,-0.4,14.12,73.3,8,1.4,53.1,3.839,-10.2,0,1,931
2026-04-03T05:03:55,-5.191898,-123.179802,-3.4,12.88,77.3,9,1.1,53.1,3.838,-10.2,0,1,932
2026-04-03T05:04:23,-5.191463,-123.178101,-3.5,12.77,78.4,9,1.1,52.7,3.836,-10.2,0,1,933
2026-04-03T05:04:51,-5.190973,-123.176422,-3.6,11.98,77.9,7,1.4,53.5,3.838,-8.5,0,1,934
2026-04-03T05:05:19,-5.190490,-123.174706,0.9,14.10,73.4,8,1.1,53.5,3.838,1423.3,0,1,935
2026-04-03T05:05:47,-5.189986,-123.173027,5.8,14.75,76.4,9,1.1,52.7,3.835,-10.2,0,1,936
2026-04-03T05:06:15,-5.189487,-123.171326,9.8,13.70,72.5,8,1.1,52.3,3.836,-10.2,0,1,937
2026-04-03T05:06:43,-5.189015,-123.169655,9.7,13.11,70.3,8,1.1,52.3,3.834,-10.2,0,1,938
2026-04-03T05:07:11,-5.188527,-123.167938,8.2,13.41,73.2,8,1.1,52.7,3.838,-10.2,0,1,939
2026-04-03T05:07:39,-5.188035,-123.166245,5.5,12.36,73.2,8,1.1,52.3,3.838,-10.2,0,1,940
2026-04-03T05:08:07,-5.187550,-123.164543,7.9,13.80,70.8,7,1.2,52.7,3.838,-10.2,0,1,941
2026-04-03T05:08:35,-5.187087,-123.162827,9.3,13.45,70.7,7,1.2,52.3,3.835,-10.2,0,1,942
2026-04-03T05:09:03,-5.186592,-123.161110,14.5,13.55,78.4,8,1.1,52.3,3.838,-10.2,0,1,943
2026-04-03T05:09:31,-5.186075,-123.159409,17.0,13.79,74.8,7,1.1,52.7,3.835,-10.2,0,1,944
2026-04-03T05:09:59,-5.185512,-123.157707,29.4,13.20,74.3,7,1.1,52.7,3.838,-10.2,0,1,945
2026-04-03T05:10:27,-5.185033,-123.156006,33.1,13.35,75.6,7,1.1,52.3,3.835,-10.2,0,1,946
2026-04-03T05:10:55,-5.184506,-123.154327,34.3,13.11,74.8,7,1.1,52.3,3.836,-10.2,0,1,947
2026-04-03T05:11:23,-5.184153,-123.152679,18.4,13.44,76.1,6,1.2,52.7,3.834,-10.2,0,1,948
2026-04-03T05:11:51,-5.183660,-123.150986,11.1,13.43,76.8,6,1.4,51.9,3.836,-10.2,0,1,949
2026-04-03T05:12:19,-5.183183,-123.149315,12.0,13.15,80.1,8,1.1,52.3,3.836,-10.2,0,1,950
2026-04-03T05:12:47,-5.182685,-123.147636,15.8,13.19,72.2,7,1.2,51.9,3.836,-10.2,0,1,951
2026-04-03T05:13:15,-5.182197,-123.145920,16.2,12.96,72.6,8,1.1,52.3,3.836,-10.2,0,1,952
2026-04-03T05:13:43,-5.181728,-123.144234,18.8,13.33,73.4,8,1.2,52.3,3.832,-10.2,0,1,953
2026-04-03T05:14:11,-5.181256,-123.142555,17.2,13.66,78.5,6,1.3,51.5,3.834,1372.4,0,1,954
2026-04-03T05:14:39,-5.180777,-123.140862,9.9,13.82,76.3,9,1.0,51.5,3.834,-10.2,0,1,955
2026-04-03T05:15:07,-5.180303,-123.139175,8.1,13.41,77.0,8,1.0,51.9,3.832,-10.2,0,1,956
2026-04-03T05:15:35,-5.179815,-123.137497,19.4,14.06,76.6,8,1.0,52.3,3.836,-10.2,0,1,957
2026-04-03T05:16:03,-5.179339,-123.135796,29.3,14.42,71.1,9,1.0,51.9,3.835,-10.2,0,1,958
2026-04-03T05:16:31,-5.178898,-123.134094,29.3,13.55,73.0,9,1.0,51.2,3.834,-10.4,0,1,959
2026-04-03T05:16:59,-5.178526,-123.132362,23.9,13.07,77.3,8,1.1,51.9,3.834,-10.2,0,1,960
2026-04-03T05:17:27,-5.178073,-123.130569,13.9,13.10,72.8,9,1.0,51.5,3.834,-10.2,0,1,961
2026-04-03T05:17:55,-5.177531,-123.128922,17.6,13.71,74.3,8,1.1,51.9,3.835,-10.2,0,1,962
2026-04-03T05:18:23,-5.176980,-123.127235,29.2,13.88,74.9,9,1.0,51.9,3.834,-10.2,0,1,963
2026-04-03T05:18:51,-5.176543,-123.125542,31.3,13.50,75.2,7,1.4,52.7,3.834,-10.2,0,1,964
2026-04-03T05:19:19,-5.176076,-123.123840,31.3,14.20,75.4,9,1.0,51.9,3.829,-10.2,0,1,965
2026-04-03T05:19:48,-5.175591,-123.122086,31.4,13.34,71.5,9,1.0,52.7,3.832,-10.2,0,1,966
2026-04-03T05:20:16,-5.175095,-123.120369,26.8,12.94,70.4,8,1.1,51.2,3.834,-10.4,0,1,967
2026-04-03T05:20:44,-5.174642,-123.118683,31.0,13.25,75.7,9,1.0,51.5,3.834,-10.2,0,1,968
2026-04-03T05:21:12,-5.174131,-123.116966,35.0,13.20,74.6,8,1.1,51.5,3.832,-10.2,0,1,969
2026-04-03T05:21:40,-5.173711,-123.115280,38.8,14.33,72.2,7,1.4,51.5,3.834,-10.2,0,1,970
2026-04-03T05:22:08,-5.173265,-123.113571,37.8,13.40,74.8,7,1.4,51.5,3.831,-10.2,0,1,971
2026-04-03T05:22:36,-5.172775,-123.111847,39.4,14.38,68.6,8,1.1,51.5,3.832,-10.2,0,1,972
2026-04-03T05:23:04,-5.172308,-123.110146,38.1,13.73,70.4,9,1.0,51.2,3.832,-10.4,0,1,973
2026-04-03T05:23:32,-5.171750,-123.108429,36.9,13.77,70.2,7,1.4,51.2,3.832,-10.4,0,1,974
2026-04-03T05:24:00,-5.171237,-123.106743,32.9,13.87,69.1,8,1.1,51.2,3.832,-10.4,0,1,975
2026-04-03T05:24:28,-5.170795,-123.105072,31.7,13.43,75.7,9,1.1,51.2,3.832,-10.4,0,1,976
2026-04-03T05:24:56,-5.170368,-123.103363,25.7,13.49,75.5,8,1.4,51.2,3.832,-10.4,0,1,977
2026-04-03T05:25:24,-5.169847,-123.101685,27.6,14.48,72.2,8,1.4,50.8,3.831,-10.2,0,1,978
2026-04-03T05:25:52,-5.169405,-123.100021,25.6,12.88,72.7,9,1.0,51.2,3.832,-10.4,0,1,979
2026-04-03T05:26:20,-5.168873,-123.098320,27.1,13.68,71.0,10,0.9,51.2,3.832,-10.4,0,1,980
2026-04-03T05:26:48,-5.168403,-123.096649,23.5,14.28,71.4,10,0.9,50.8,3.832,-10.2,0,1,981
2026-04-03T05:27:16,-5.167886,-123.094940,25.3,12.71,72.5,9,1.0,51.5,3.831,-10.2,0,1,982
2026-04-03T05:27:44,-5.167388,-123.093285,30.2,13.18,72.3,8,1.4,51.2,3.831,-10.4,0,1,983
2026-04-03T05:28:12,-5.166936,-123.091621,28.9,13.66,76.4,8,1.4,50.8,3.831,-10.2,0,1,984
2026-04-03T05:28:40,-5.166449,-123.089958,30.0,14.48,70.2,9,1.0,51.2,3.831,-10.4,0,1,985
2026-04-03T05:29:08,-5.166015,-123.088310,33.1,12.09,74.3,9,1.1,51.2,3.832,-10.4,0,1,986
2026-04-03T05:29:36,-5.165552,-123.086632,34.8,13.61,78.1,8,1.4,51.2,3.832,-10.4,0,1,987
2026-04-03T05:30:04,-5.165080,-123.084938,36.1,13.32,74.0,9,1.4,51.2,3.831,-10.4,0,1,988
2026-04-03T05:30:32,-5.164665,-123.083313,31.1,12.98,71.6,9,1.4,50.8,3.830,-10.2,0,1,989
2026-04-03T05:31:00,-5.164175,-123.081627,32.4,13.37,75.4,9,1.4,50.8,3.832,-10.2,0,1,990
2026-04-03T05:31:28,-5.163792,-123.079948,29.5,12.27,73.3,9,1.4,50.4,3.831,-10.2,0,1,991
2026-04-03T05:31:56,-5.163378,-123.078300,24.2,12.60,77.7,9,1.4,50.8,3.832,-10.2,0,1,992
2026-04-03T05:32:24,-5.162818,-123.076622,24.5,13.06,73.1,9,1.4,50.8,3.830,-10.2,0,1,993
2026-04-03T05:32:52,-5.162325,-123.074890,12.9,13.56,74.7,8,1.4,50.8,3.830,-10.2,0,1,994
2026-04-03T05:33:20,-5.161815,-123.073189,2.0,12.70,68.2,9,1.4,50.8,3.830,-10.2,0,1,995
2026-04-03T05:33:48,-5.161298,-123.071510,-3.2,13.15,77.6,8,1.4,51.2,3.829,-10.4,0,1,996
2026-04-03T05:34:16,-5.160907,-123.069748,2.8,13.69,71.9,9,1.4,50.8,3.829,-10.2,0,1,997
2026-04-03T05:34:44,-5.160467,-123.068069,0.7,13.01,78.7,9,1.4,49.6,3.831,-10.2,0,1,998
2026-04-03T05:35:12,-5.159880,-123.066391,-6.5,12.25,71.2,10,1.0,50.8,3.829,-10.2,0,1,999
2026-04-03T05:35:40,-5.159419,-123.064682,-7.1,13.24,69.8,9,1.4,50.8,3.831,-10.2,0,1,1000
2026-04-03T05:36:08,-5.158907,-123.063011,-11.2,13.09,75.9,10,1.0,51.2,3.831,-10.4,0,1,1001
2026-04-03T05:36:36,-5.158393,-123.061348,-5.0,14.04,67.3,9,1.4,50.0,3.829,-10.2,0,1,1002
2026-04-03T05:37:04,-5.157932,-123.059677,-3.1,13.37,71.3,9,1.4,50.8,3.831,-10.2,0,1,1003
2026-04-03T05:37:32,-5.157397,-123.058006,1.7,13.12,64.5,10,1.4,50.0,3.829,-10.2,0,1,1004
2026-04-03T05:38:00,-5.156925,-123.056412,4.6,11.96,72.8,9,1.4,50.0,3.830,-10.2,0,1,1005
2026-04-03T05:38:28,-5.156415,-123.054733,8.7,13.06,73.0,10,1.4,50.4,3.831,-10.2,0,1,1006
2026-04-03T05:38:56,-5.155905,-123.053040,4.7,13.41,70.3,10,1.4,50.4,3.830,-10.2,0,1,1007
2026-04-03T05:39:24,-5.155358,-123.051414,14.1,13.64,65.3,9,1.4,50.4,3.829,-10.2,0,1,1008
2026-04-03T05:39:52,-5.154980,-123.049744,12.8,14.09,73.7,11,0.9,50.4,3.829,-10.2,0,1,1009
2026-04-03T05:40:20,-5.154540,-123.048012,9.3,13.19,71.5,10,1.4,50.4,3.829,-10.2,0,1,1010
2026-04-03T05:40:48,-5.154003,-123.046364,15.4,12.40,69.7,10,1.4,50.8,3.829,-10.2,0,1,1011
2026-04-03T05:41:16,-5.153407,-123.044724,23.3,13.28,73.1,11,1.3,50.8,3.828,-10.2,0,1,1012
2026-04-03T05:41:44,-5.152759,-123.043159,30.6,13.25,69.1,11,1.3,50.0,3.829,-10.2,0,1,1013
2026-04-03T05:42:12,-5.152257,-123.041473,27.8,14.00,71.9,10,1.3,50.8,3.828,-10.2,0,1,1014
2026-04-03T05:42:40,-5.151828,-123.039795,28.4,14.04,74.6,11,1.3,50.0,3.829,-10.2,0,1,1015
2026-04-03T05:43:08,-5.151317,-123.038109,29.8,12.84,75.3,11,1.3,50.4,3.828,-10.2,0,1,1016
2026-04-03T05:43:36,-5.150768,-123.036430,31.3,14.11,73.9,11,1.3,49.6,3.829,-10.2,0,1,1017
2026-04-03T05:44:04,-5.150305,-123.034767,21.8,13.98,72.3,10,1.5,51.2,3.829,-10.4,0,1,1018
2026-04-03T05:44:32,-5.149726,-123.033089,23.9,13.02,73.2,11,1.3,49.6,3.829,-10.2,0,1,1019
2026-04-03T05:45:00,-5.149231,-123.031410,32.0,12.82,70.8,10,1.6,49.6,3.828,-10.2,0,1,1020
2026-04-03T05:45:28,-5.148666,-123.029770,32.2,12.34,72.5,8,1.7,50.4,3.828,-10.2,0,1,1021
2026-04-03T05:45:56,-5.148190,-123.028107,29.2,12.98,74.7,8,1.7,50.4,3.828,-10.2,0,1,1022
2026-04-03T05:46:24,-5.147676,-123.026443,30.8,12.59,69.9,8,1.7,50.4,3.824,-10.2,0,1,1023
2026-04-03T05:46:53,-5.147188,-123.024719,30.1,13.41,66.1,9,1.4,50.0,3.825,-10.2,0,1,1024
2026-04-03T05:47:21,-5.146632,-123.023064,29.8,13.33,74.6,10,1.3,50.4,3.828,-10.2,0,1,1025
2026-04-03T05:47:49,-5.146133,-123.021416,24.4,14.01,73.3,9,1.7,49.6,3.826,-10.2,0,1,1026
2026-04-03T05:48:17,-5.145605,-123.019753,16.0,12.50,73.8,9,1.7,50.0,3.825,-10.2,0,1,1027
2026-04-03T05:48:45,-5.145212,-123.018036,23.5,13.43,79.9,9,1.7,49.2,3.826,-10.2,0,1,1028
2026-04-03T05:49:13,-5.144705,-123.016342,16.6,13.38,74.8,9,1.7,49.2,3.828,-10.2,0,1,1029
2026-04-03T05:49:41,-5.144253,-123.014633,17.8,13.88,78.4,9,1.7,49.2,3.826,-10.2,0,1,1030
2026-04-03T05:50:09,-5.143768,-123.012939,22.0,12.94,72.3,9,1.7,49.2,3.826,-10.2,0,1,1031
2026-04-03T05:50:37,-5.143150,-123.011276,22.2,15.03,62.1,9,1.7,49.2,3.826,-10.2,0,1,1032
2026-04-03T05:51:05,-5.142660,-123.009590,18.9,14.30,77.1,8,1.8,49.2,3.825,-10.2,0,1,1033
2026-04-03T05:51:33,-5.142090,-123.007874,12.0,13.25,78.0,9,1.7,49.6,3.826,-10.2,0,1,1034
2026-04-03T05:52:01,-5.141457,-123.006210,19.5,13.23,73.5,10,1.3,49.6,3.829,-10.2,0,1,1035
2026-04-03T05:52:29,-5.140922,-123.004532,26.8,14.00,72.5,8,1.8,49.2,3.826,-10.2,0,1,1036
2026-04-03T05:52:57,-5.140413,-123.002869,30.6,13.53,73.5,9,1.7,48.9,3.826,-10.2,0,1,1037
2026-04-03T05:53:25,-5.139868,-123.001190,28.8,13.57,67.9,10,1.2,49.6,3.824,-10.2,0,1,1038
2026-04-03T05:53:53,-5.139441,-122.999504,35.3,12.90,73.5,9,1.8,49.2,3.824,-10.2,0,1,1039
2026-04-03T05:54:21,-5.138973,-122.997826,22.2,13.06,77.2,9,1.8,48.9,3.824,-10.2,0,1,1040
2026-04-03T05:54:49,-5.138550,-122.996162,18.8,12.55,77.7,10,1.2,48.9,3.824,-10.2,0,1,1041
2026-04-03T05:55:17,-5.138125,-122.994499,11.1,13.41,72.8,9,1.8,49.2,3.826,-10.2,0,1,1042
2026-04-03T05:55:45,-5.137723,-122.992790,8.1,13.34,74.2,9,1.9,48.9,3.825,1300.8,0,1,1043
2026-04-03T05:56:13,-5.137228,-122.991089,9.4,13.45,74.5,9,1.9,48.5,3.828,-10.2,0,1,1044
2026-04-03T05:56:41,-5.136706,-122.989426,15.0,13.24,73.0,9,1.9,48.9,3.826,1300.8,0,1,1045
2026-04-03T05:57:09,-5.136193,-122.987785,10.5,12.84,72.6,9,2.0,48.9,3.825,-10.2,0,1,1046
2026-04-03T05:57:37,-5.135592,-122.986099,0.6,12.68,70.2,10,1.3,48.9,3.825,-10.2,0,1,1047
2026-04-03T05:58:05,-5.135135,-122.984398,15.7,13.77,69.4,9,1.9,48.9,3.824,-10.2,0,1,1048
2026-04-03T05:58:33,-5.134715,-122.982704,14.7,13.11,76.9,9,2.0,48.5,3.824,-10.2,0,1,1049
2026-04-03T05:59:01,-5.134170,-122.981071,12.7,13.35,70.2,8,2.0,48.9,3.822,-10.2,0,1,1050
2026-04-03T05:59:29,-5.133620,-122.979408,17.5,13.41,66.2,9,1.9,48.1,3.824,-10.4,0,1,1051
2026-04-03T05:59:57,-5.133027,-122.977737,15.2,13.09,70.6,8,2.0,49.2,3.825,-10.2,0,1,1052
2026-04-03T06:00:25,-5.132523,-122.976051,15.6,13.83,72.4,9,1.9,48.5,3.825,-10.2,0,1,1053
2026-04-03T06:00:53,-5.131945,-122.974411,17.2,12.92,75.3,9,2.0,48.5,3.824,-10.2,0,1,1054
2026-04-03T06:01:21,-5.131516,-122.972725,11.7,12.84,78.1,9,1.9,48.5,3.822,-10.2,0,1,1055
2026-04-03T06:01:49,-5.130921,-122.971062,18.5,13.91,66.7,9,1.9,48.1,3.822,-10.4,0,1,1056
2026-04-03T06:02:17,-5.130458,-122.969398,20.6,13.18,78.0,9,1.9,48.1,3.824,-10.4,0,1,1057
2026-04-03T06:02:45,-5.129941,-122.967743,19.1,12.92,72.6,9,1.9,48.5,3.824,-10.2,0,1,1058
2026-04-03T06:03:13,-5.129416,-122.966080,23.0,13.03,67.0,9,1.9,47.3,3.822,-10.2,0,1,1059
2026-04-03T06:03:41,-5.128809,-122.964432,26.6,12.97,75.1,9,1.9,48.1,3.824,-10.4,0,1,1060
2026-04-03T06:04:09,-5.128408,-122.962753,23.3,13.88,76.1,9,1.9,47.7,3.822,-10.2,0,1,1061
2026-04-03T06:04:37,-5.127835,-122.961098,24.2,12.98,67.5,9,1.9,48.1,3.822,-10.4,0,1,1062
2026-04-03T06:05:05,-5.127288,-122.959435,21.4,13.01,71.8,8,2.0,47.7,3.822,-10.2,0,1,1063
2026-04-03T06:05:33,-5.126823,-122.957764,19.4,13.11,71.1,9,1.9,47.7,3.821,-10.2,0,1,1064
2026-04-03T06:06:01,-5.126285,-122.956108,18.2,13.18,66.2,9,1.9,47.7,3.824,-10.2,0,1,1065
2026-04-03T06:06:29,-5.125763,-122.954468,21.6,12.48,72.4,9,1.9,47.7,3.821,-10.2,0,1,1066
2026-04-03T06:06:57,-5.125237,-122.952820,20.2,12.93,77.6,9,1.9,47.7,3.822,-10.2,0,1,1067
2026-04-03T06:07:25,-5.124835,-122.951141,12.5,12.85,77.1,9,2.5,48.1,3.822,-10.4,0,1,1068
2026-04-03T06:07:53,-5.124383,-122.949493,12.2,12.86,79.8,9,1.9,47.7,3.822,-10.2,0,1,1069
2026-04-03T06:08:21,-5.123828,-122.947815,9.7,12.95,75.1,9,1.9,48.1,3.821,-10.4,0,1,1070
2026-04-03T06:08:49,-5.123313,-122.946167,7.9,14.34,59.0,9,1.9,48.1,3.821,-10.4,0,1,1071
2026-04-03T06:09:17,-5.122808,-122.944489,12.8,13.50,74.2,9,1.8,48.1,3.820,-10.4,0,1,1072
2026-04-03T06:09:45,-5.122298,-122.942810,10.8,12.55,68.0,8,2.0,47.7,3.821,-10.2,0,1,1073
2026-04-03T06:10:13,-5.121966,-122.941147,-5.2,13.20,76.0,8,2.0,47.7,3.820,-10.2,0,1,1074
2026-04-03T06:10:41,-5.121320,-122.939522,7.6,14.15,65.0,8,2.0,47.3,3.821,-10.2,0,1,1075
2026-04-03T06:11:09,-5.120895,-122.937843,-0.5,13.41,76.4,8,2.0,47.3,3.821,-10.2,0,1,1076
2026-04-03T06:11:37,-5.120413,-122.936180,-3.7,13.21,76.8,8,2.0,47.3,3.821,-10.2,0,1,1077
2026-04-03T06:12:05,-5.119853,-122.934525,3.0,12.96,72.7,8,2.5,47.7,3.821,-10.2,0,1,1078
2026-04-03T06:12:33,-5.119348,-122.932854,4.1,14.79,68.5,9,1.8,47.3,3.820,-10.2,0,1,1079
2026-04-03T06:13:01,-5.118822,-122.931213,9.6,13.12,67.2,9,1.8,48.1,3.821,-10.4,0,1,1080
2026-04-03T06:13:29,-5.118203,-122.929573,13.2,13.34,70.1,9,1.8,47.7,3.820,-10.2,0,1,1081
2026-04-03T06:13:57,-5.117893,-122.927872,-8.2,12.49,73.4,9,1.7,47.7,3.821,-10.2,0,1,1082
2026-04-03T06:14:25,-5.117249,-122.926208,8.9,13.33,74.3,9,1.7,47.3,3.821,-10.2,0,1,1083
2026-04-03T06:14:53,-5.116735,-122.924583,4.7,13.27,75.5,9,1.7,47.7,3.821,-10.2,0,1,1084
2026-04-03T06:15:21,-5.116400,-122.922882,-4.9,13.91,74.7,9,1.7,47.3,3.819,-10.2,0,1,1085
2026-04-03T06:15:49,-5.115932,-122.921242,-2.8,13.64,73.3,9,1.7,47.7,3.819,-10.2,0,1,1086
2026-04-03T06:16:17,-5.115438,-122.919594,1.3,13.14,73.6,9,1.7,48.1,3.819,-10.4,0,1,1087
2026-04-03T06:16:45,-5.114992,-122.917938,-10.5,13.49,78.7,9,1.7,47.3,3.820,-10.2,0,1,1088
2026-04-03T06:17:13,-5.114408,-122.916260,-8.1,13.50,70.3,9,1.7,47.3,3.818,-10.2,0,1,1089
2026-04-03T06:17:41,-5.114008,-122.914612,-9.2,13.44,72.7,9,1.7,46.9,3.818,-10.8,0,1,1090
2026-04-03T06:18:09,-5.113580,-122.912949,-20.2,12.86,80.3,8,1.9,47.3,3.819,-10.2,0,1,1091
2026-04-03T06:18:37,-5.113000,-122.911308,-20.1,12.99,72.5,9,1.7,46.9,3.818,-10.8,0,1,1092
2026-04-03T06:19:05,-5.112485,-122.909645,-25.7,12.80,72.9,8,1.9,46.9,3.818,-10.8,0,1,1093
2026-04-03T06:19:33,-5.112045,-122.907967,-29.3,12.75,70.7,8,1.9,47.3,3.818,-10.2,0,1,1094
2026-04-03T06:20:01,-5.111460,-122.906303,-25.7,13.66,75.6,8,1.9,47.3,3.819,-10.2,0,1,1095
2026-04-03T06:20:29,-5.110905,-122.904625,-20.3,13.75,74.0,8,1.9,47.3,3.819,-10.2,0,1,1096
2026-04-03T06:20:57,-5.110362,-122.902954,-15.4,14.09,74.1,8,1.9,47.7,3.819,-10.2,0,1,1097
2026-04-03T06:21:25,-5.109823,-122.901260,-17.8,13.54,74.3,8,1.9,46.9,3.818,-10.8,0,1,1098
2026-04-03T06:21:53,-5.109283,-122.899612,-17.8,13.12,73.7,8,1.9,47.3,3.818,-10.2,0,1,1099
2026-04-03T06:22:21,-5.108773,-122.897903,-15.5,14.18,67.2,8,1.9,47.3,3.818,-10.2,0,1,1100
2026-04-03T06:22:49,-5.108228,-122.896202,-12.2,13.90,76.8,8,1.9,46.9,3.816,-10.8,0,1,1101
2026-04-03T06:23:17,-5.107603,-122.894478,-6.3,13.43,74.5,9,1.6,46.9,3.818,-10.8,0,1,1102
2026-04-03T06:23:45,-5.107063,-122.892776,5.0,13.71,67.2,9,1.6,46.9,3.818,-10.8,0,1,1103
2026-04-03T06:24:13,-5.106421,-122.891075,15.2,13.27,68.1,9,1.6,47.3,3.816,-10.2,0,1,1104
2026-04-03T06:24:41,-5.105990,-122.889343,11.9,13.84,72.6,9,2.4,46.5,3.818,-11.0,0,1,1105
2026-04-03T06:25:09,-5.105339,-122.887665,20.1,13.45,70.4,9,1.6,46.9,3.816,-10.8,0,1,1106
2026-04-03T06:25:37,-5.104737,-122.885994,24.1,13.64,75.1,9,1.6,47.3,3.816,-10.2,0,1,1107
2026-04-03T06:26:05,-5.104177,-122.884285,24.4,13.62,73.8,9,1.6,46.9,3.818,-10.8,0,1,1108
2026-04-03T06:26:33,-5.103643,-122.882599,23.2,13.59,70.8,9,1.6,46.1,3.818,-10.8,0,1,1109
2026-04-03T06:27:01,-5.103163,-122.880867,25.8,13.05,80.7,9,1.6,46.9,3.816,1249.0,0,1,1110
2026-04-03T06:27:29,-5.102668,-122.879143,20.2,13.54,77.2,9,1.6,46.9,3.816,-10.8,0,1,1111
2026-04-03T06:27:57,-5.102075,-122.877495,27.7,13.21,70.2,9,1.6,46.5,3.816,-11.0,0,1,1112
2026-04-03T06:28:25,-5.101517,-122.875824,32.2,13.64,70.8,9,1.6,47.3,3.816,-10.2,0,1,1113
2026-04-03T06:28:53,-5.101022,-122.874100,33.2,13.03,74.7,9,1.6,46.9,3.816,-10.8,0,1,1114
2026-04-03T06:29:21,-5.100449,-122.872459,27.8,13.13,73.3,9,1.6,46.1,3.816,-10.8,0,1,1115
2026-04-03T06:29:49,-5.099893,-122.870773,29.7,12.86,68.4,9,1.6,46.5,3.816,-11.0,0,1,1116
2026-04-03T06:30:17,-5.099359,-122.869072,31.2,12.70,73.1,9,1.6,46.1,3.815,-10.8,0,1,1117
2026-04-03T06:30:45,-5.098888,-122.867363,18.6,13.56,71.2,9,1.5,46.1,3.816,-10.8,0,1,1118
2026-04-03T06:31:13,-5.098448,-122.865677,17.1,13.94,75.3,9,1.5,46.5,3.815,-11.0,0,1,1119
2026-04-03T06:31:41,-5.097983,-122.863991,14.6,13.74,72.9,9,1.5,46.1,3.816,1227.2,0,1,1120
2026-04-03T06:32:09,-5.097358,-122.862312,24.5,13.91,72.0,9,1.5,46.5,3.816,-11.0,0,1,1121
2026-04-03T06:32:37,-5.096888,-122.860634,21.4,13.28,74.5,9,1.5,46.1,3.816,-10.8,0,1,1122
2026-04-03T06:33:05,-5.096410,-122.858932,12.9,13.51,69.9,9,1.5,46.5,3.815,-11.0,0,1,1123
2026-04-03T06:33:33,-5.095942,-122.857307,-6.3,12.98,71.6,9,1.5,46.1,3.815,-10.8,0,1,1124
2026-04-03T06:34:01,-5.095356,-122.855682,-3.9,12.94,70.6,9,1.5,45.7,3.816,-10.8,0,1,1125
2026-04-03T06:34:29,-5.094952,-122.853966,-7.4,13.83,71.6,9,1.5,45.7,3.815,-10.8,0,1,1126
2026-04-03T06:34:57,-5.094372,-122.852303,-3.9,13.50,71.2,9,1.5,46.1,3.815,-10.8,0,1,1127
2026-04-03T06:35:25,-5.093825,-122.850662,1.0,13.54,69.7,9,1.5,46.1,3.815,-10.8,0,1,1128
2026-04-03T06:35:53,-5.093421,-122.848976,-6.2,13.30,71.7,9,1.5,46.1,3.815,-10.8,0,1,1129
2026-04-03T06:36:21,-5.092866,-122.847282,-5.8,14.12,65.6,9,1.5,45.7,3.814,-10.8,0,1,1130
2026-04-03T06:36:49,-5.092371,-122.845619,-3.0,13.30,75.4,9,1.5,46.9,3.816,-10.8,0,1,1131
2026-04-03T06:37:17,-5.091776,-122.843918,-0.3,13.88,70.8,9,1.5,45.3,3.815,-11.0,0,1,1132
2026-04-03T06:37:45,-5.091250,-122.842224,3.6,13.41,71.8,8,1.7,46.1,3.815,-10.8,0,1,1133
2026-04-03T06:38:13,-5.090765,-122.840538,12.8,13.69,75.0,9,1.5,45.7,3.815,-10.8,0,1,1134
2026-04-03T06:38:41,-5.090320,-122.838837,6.7,13.25,79.8,9,1.5,45.3,3.814,-11.0,0,1,1135
2026-04-03T06:39:09,-5.089798,-122.837135,8.6,14.30,73.2,10,1.4,45.7,3.813,-10.8,0,1,1136
2026-04-03T06:39:37,-5.089256,-122.835434,14.9,13.58,76.2,10,1.4,45.7,3.814,-10.8,0,1,1137
2026-04-03T06:40:05,-5.088616,-122.833763,15.0,13.40,69.2,9,1.7,45.3,3.813,-11.0,0,1,1138
2026-04-03T06:40:33,-5.088159,-122.832039,16.3,13.64,73.1,9,1.7,45.3,3.813,-11.0,0,1,1139
2026-04-03T06:41:02,-5.087525,-122.830307,26.3,13.17,70.5,9,1.7,46.5,3.814,-11.0,0,1,1140
2026-04-03T06:41:30,-5.086903,-122.828621,33.4,14.45,65.6,9,1.7,44.9,3.815,-10.8,0,1,1141
2026-04-03T06:41:58,-5.086390,-122.826904,33.6,13.53,73.6,9,1.7,44.9,3.813,-10.8,0,1,1142
2026-04-03T06:42:26,-5.085772,-122.825256,38.5,13.07,73.4,9,1.6,45.3,3.813,-11.0,0,1,1143
2026-04-03T06:42:54,-5.085305,-122.823563,24.5,13.86,70.8,9,1.6,45.7,3.814,-10.8,0,1,1144
2026-04-03T06:43:22,-5.084930,-122.821861,6.2,12.92,71.6,9,1.6,45.3,3.813,-11.0,0,1,1145
2026-04-03T06:43:50,-5.084396,-122.820137,13.2,14.82,75.1,9,1.6,44.9,3.814,1194.5,0,1,1146
2026-04-03T06:44:18,-5.083870,-122.818436,19.9,13.14,73.0,9,1.6,44.5,3.813,-10.8,0,1,1147
2026-04-03T06:44:46,-5.083366,-122.816727,21.3,13.82,69.2,8,1.6,44.9,3.814,-10.8,0,1,1148
2026-04-03T06:45:14,-5.082798,-122.815056,17.5,14.06,72.0,7,1.7,44.9,3.811,-10.8,0,1,1149
2026-04-03T06:45:42,-5.082335,-122.813324,14.1,13.62,69.0,7,1.7,44.9,3.813,1194.5,0,1,1150
2026-04-03T06:46:10,-5.081813,-122.811623,11.3,12.80,70.8,7,1.7,44.9,3.813,-10.8,0,1,1151
2026-04-03T06:46:38,-5.081293,-122.809959,18.9,13.45,76.9,7,1.7,44.9,3.813,-10.8,0,1,1152
2026-04-03T06:47:06,-5.080815,-122.808243,23.5,14.08,74.7,7,1.6,44.5,3.813,-10.8,0,1,1153
2026-04-03T06:47:34,-5.080276,-122.806580,27.0,13.12,70.1,7,1.6,44.9,3.811,-10.8,0,1,1154
2026-04-03T06:48:02,-5.079721,-122.804886,37.4,14.84,73.5,7,1.6,44.5,3.811,-10.8,0,1,1155
2026-04-03T06:48:30,-5.079026,-122.803223,48.5,12.64,67.1,7,1.6,44.9,3.811,-10.8,0,1,1156
2026-04-03T06:48:58,-5.078480,-122.801483,51.0,12.98,71.3,7,1.6,44.9,3.810,-10.8,0,1,1157
2026-04-03T06:49:26,-5.077917,-122.799767,57.9,13.19,73.1,7,1.6,44.5,3.811,-10.8,0,1,1158
2026-04-03T06:49:54,-5.077336,-122.798119,63.9,13.91,68.1,7,1.6,43.6,3.813,-10.8,0,1,1159
2026-04-03T06:50:22,-5.076771,-122.796440,65.3,13.91,65.8,7,1.6,44.5,3.811,-10.8,0,1,1160
2026-04-03T06:50:50,-5.076255,-122.794662,58.5,13.61,72.1,7,1.6,44.5,3.809,-10.8,0,1,1161
2026-04-03T06:51:18,-5.075807,-122.792892,56.9,14.45,74.9,6,3.0,43.6,3.810,-10.8,0,1,1162
2026-04-03T06:51:46,-5.075215,-122.791191,56.8,13.76,72.7,7,1.6,44.1,3.809,-11.0,0,1,1163
2026-04-03T06:52:14,-5.074668,-122.789520,57.9,13.49,67.9,7,1.6,44.5,3.811,-10.8,0,1,1164
2026-04-03T06:52:42,-5.074256,-122.787827,58.4,13.56,68.2,7,1.6,44.9,3.813,-10.8,0,1,1165
2026-04-03T06:53:10,-5.073720,-122.786125,60.1,13.76,72.9,7,1.6,44.9,3.811,-10.8,0,1,1166
2026-04-03T06:53:38,-5.073105,-122.784462,63.9,14.25,70.4,7,1.6,44.9,3.810,-10.8,0,1,1167
2026-04-03T06:54:06,-5.072638,-122.782761,65.0,13.76,71.9,7,1.6,44.5,3.811,-10.8,0,1,1168
2026-04-03T06:54:34,-5.072308,-122.781006,71.6,13.60,75.0,7,1.6,44.1,3.809,-11.0,0,1,1169
2026-04-03T06:55:02,-5.071883,-122.779388,60.5,12.76,85.6,7,1.6,44.1,3.809,-11.0,0,1,1170
2026-04-03T06:55:30,-5.071203,-122.777611,68.3,13.35,70.0,7,1.6,44.5,3.810,-10.8,0,1,1171
2026-04-03T06:55:58,-5.070528,-122.775932,76.7,14.08,68.7,7,1.6,44.5,3.810,-10.8,0,1,1172
2026-04-03T06:56:26,-5.069931,-122.774269,80.8,12.93,70.3,6,2.8,44.1,3.810,-11.0,0,1,1173
2026-04-03T06:56:54,-5.069342,-122.772621,87.5,13.52,74.7,7,1.5,44.5,3.809,1183.7,0,1,1174
2026-04-03T06:57:22,-5.068915,-122.771019,83.7,13.82,73.6,6,1.6,44.5,3.810,1183.7,0,1,1175
2026-04-03T06:57:50,-5.068429,-122.769318,81.9,14.58,70.0,7,1.5,43.6,3.809,-10.8,0,1,1176
2026-04-03T06:58:18,-5.067880,-122.767616,83.5,14.67,70.0,7,1.5,44.1,3.810,-11.0,0,1,1177
2026-04-03T06:58:46,-5.067317,-122.765930,86.3,13.23,72.8,6,2.7,44.5,3.807,-10.8,0,1,1178
2026-04-03T06:59:14,-5.066820,-122.764198,83.2,13.36,71.7,7,1.5,43.6,3.807,-10.8,0,1,1179
2026-04-03T06:59:42,-5.066235,-122.762535,86.0,14.41,69.8,7,1.5,43.6,3.809,-10.8,0,1,1180
2026-04-03T07:00:10,-5.065647,-122.760857,88.2,15.18,66.2,7,1.5,44.1,3.809,-11.0,0,1,1181
2026-04-03T07:00:38,-5.065148,-122.759178,92.2,13.03,72.6,7,1.5,44.1,3.809,-11.0,0,1,1182
2026-04-03T07:01:06,-5.064518,-122.757553,104.0,14.01,65.3,7,1.5,43.6,3.810,-10.8,0,1,1183
2026-04-03T07:01:34,-5.064050,-122.755836,104.7,14.38,75.4,7,1.5,44.5,3.810,-10.8,0,1,1184
2026-04-03T07:02:02,-5.063559,-122.754173,102.4,14.06,71.8,6,2.6,44.5,3.809,-10.8,0,1,1185
2026-04-03T07:02:30,-5.062963,-122.752541,109.1,12.40,68.3,6,2.5,43.6,3.809,-10.8,0,1,1186
2026-04-03T07:02:58,-5.062395,-122.750885,116.0,12.94,65.1,6,2.5,43.6,3.807,-10.8,0,1,1187
2026-04-03T07:03:26,-5.061855,-122.749237,119.3,14.10,69.3,6,2.5,43.6,3.809,-10.8,0,1,1188
2026-04-03T07:03:54,-5.061540,-122.747520,102.0,14.62,70.7,7,1.5,43.6,3.809,-10.8,0,1,1189
2026-04-03T07:04:22,-5.061200,-122.745842,85.4,12.27,73.2,7,1.5,43.6,3.807,-10.8,0,1,1190
2026-04-03T07:04:50,-5.060700,-122.744164,76.9,13.12,72.9,7,1.5,43.6,3.809,-10.8,0,1,1191
2026-04-03T07:05:18,-5.060262,-122.742462,73.0,13.15,72.6,6,1.5,43.2,3.807,-11.0,0,1,1192
2026-04-03T07:05:46,-5.059812,-122.740761,60.9,14.50,69.1,6,1.5,43.2,3.809,-11.0,0,1,1193
2026-04-03T07:06:14,-5.059437,-122.739021,49.9,13.95,72.1,6,1.5,43.2,3.807,-11.0,0,1,1194
2026-04-03T07:06:42,-5.058937,-122.737358,44.0,14.33,67.7,6,1.5,43.6,3.807,-10.8,0,1,1195
2026-04-03T07:07:10,-5.058317,-122.735733,51.6,14.64,70.8,6,1.5,43.6,3.806,-10.8,0,1,1196
2026-04-03T07:07:38,-5.057915,-122.733963,45.9,13.44,71.5,6,1.5,43.2,3.809,-11.0,0,1,1197
2026-04-03T07:08:06,-5.057397,-122.732262,49.6,12.98,64.3,6,1.5,43.2,3.806,-11.0,0,1,1198
2026-04-03T07:08:34,-5.056818,-122.730659,52.6,12.79,65.0,6,1.5,43.6,3.806,-10.8,0,1,1199
2026-04-03T07:09:02,-5.056475,-122.728844,50.7,13.53,77.1,6,1.5,43.6,3.807,-10.8,0,1,1200
2026-04-03T07:09:30,-5.055870,-122.727257,56.0,13.44,74.6,6,1.5,43.2,3.807,-11.0,0,1,1201
2026-04-03T07:09:58,-5.055308,-122.725494,59.0,13.93,74.3,6,1.5,43.2,3.806,-11.0,0,1,1202
2026-04-03T07:10:26,-5.054583,-122.723892,79.0,13.21,64.9,6,1.5,44.1,3.806,-11.0,0,1,1203
2026-04-03T07:10:54,-5.053950,-122.722290,90.8,14.01,63.7,7,1.4,43.2,3.807,-11.0,0,1,1204
2026-04-03T07:11:22,-5.053453,-122.720612,98.3,13.55,72.6,7,1.4,42.8,3.805,-10.8,0,1,1205
2026-04-03T07:11:50,-5.053011,-122.718925,83.3,14.59,65.7,7,1.4,43.2,3.806,1150.9,0,1,1206
2026-04-03T07:12:18,-5.052465,-122.717232,81.1,14.23,73.6,7,1.4,42.8,3.806,-10.8,0,1,1207
2026-04-03T07:12:46,-5.051961,-122.715492,85.3,14.41,75.4,7,1.4,42.8,3.805,-10.8,0,1,1208
2026-04-03T07:13:14,-5.051457,-122.713821,83.8,12.97,74.0,7,1.4,43.6,3.807,-10.8,0,1,1209
2026-04-03T07:13:42,-5.050891,-122.712151,81.5,14.51,60.6,7,1.4,43.2,3.806,-11.0,0,1,1210
2026-04-03T07:14:10,-5.050403,-122.710403,84.5,14.45,73.2,7,1.4,42.8,3.805,-10.8,0,1,1211
2026-04-03T07:14:38,-5.049782,-122.708748,92.9,13.88,72.4,7,1.4,42.8,3.807,-10.8,0,1,1212
2026-04-03T07:15:06,-5.049235,-122.707069,95.6,13.10,71.6,7,1.4,42.8,3.804,1140.0,0,1,1213
2026-04-03T07:15:34,-5.048730,-122.705315,87.6,15.32,68.8,7,1.4,43.2,3.805,-11.0,0,1,1214
2026-04-03T07:16:02,-5.048252,-122.703606,81.3,13.59,71.9,7,1.4,42.8,3.805,-10.8,0,1,1215
2026-04-03T07:16:30,-5.047795,-122.701874,65.8,14.04,69.9,7,1.4,42.4,3.806,-10.8,0,1,1216
2026-04-03T07:16:58,-5.047307,-122.700287,56.9,11.98,71.7,6,2.0,42.4,3.804,-10.8,0,1,1217
2026-04-03T07:17:26,-5.046932,-122.698586,38.5,13.32,76.7,7,1.4,42.4,3.805,-10.8,0,1,1218
2026-04-03T07:17:54,-5.046455,-122.696899,31.8,11.58,58.7,7,1.4,42.8,3.805,-10.8,0,1,1219
2026-04-03T07:18:22,-5.046010,-122.695267,36.2,12.87,77.2,7,1.4,42.4,3.805,-10.8,0,1,1220
2026-04-03T07:18:50,-5.045412,-122.693619,42.9,13.89,82.6,7,1.4,42.0,3.804,-11.0,0,1,1221
2026-04-03T07:19:18,-5.044778,-122.691956,47.8,15.05,72.0,7,1.4,42.4,3.805,-10.8,0,1,1222
2026-04-03T07:19:46,-5.044155,-122.690216,71.0,14.55,69.9,7,1.4,43.2,3.805,-11.0,0,1,1223
2026-04-03T07:20:14,-5.043442,-122.688538,88.4,14.57,69.1,7,1.4,42.8,3.805,-10.8,0,1,1224
2026-04-03T07:20:42,-5.042993,-122.686783,87.3,14.88,63.5,7,1.4,42.0,3.805,-11.0,0,1,1225
2026-04-03T07:21:10,-5.042526,-122.685059,72.1,11.13,63.5,7,1.4,42.8,3.804,-10.8,0,1,1226
2026-04-03T07:21:38,-5.041983,-122.683441,69.4,13.83,76.2,7,1.4,42.0,3.804,-11.0,0,1,1227
2026-04-03T07:22:06,-5.041528,-122.681740,72.3,14.15,71.7,7,1.4,42.0,3.805,-11.0,0,1,1228
2026-04-03T07:22:34,-5.041035,-122.680061,68.4,12.59,73.4,7,1.4,42.4,3.805,-10.8,0,1,1229
2026-04-03T07:23:02,-5.040503,-122.678413,67.8,13.41,71.0,7,1.4,42.4,3.804,-10.8,0,1,1230
2026-04-03T07:23:30,-5.039942,-122.676682,70.5,13.36,71.6,7,1.4,42.8,3.804,-10.8,0,1,1231
2026-04-03T07:23:58,-5.039482,-122.675034,71.9,13.57,73.1,6,1.9,42.8,3.805,-10.8,0,1,1232
2026-04-03T07:24:26,-5.038959,-122.673347,72.3,13.34,68.0,7,1.3,42.8,3.804,-10.8,0,1,1233
2026-04-03T07:24:54,-5.038548,-122.671616,71.5,13.18,75.4,6,1.8,43.2,3.804,-11.0,0,1,1234
2026-04-03T07:25:22,-5.038083,-122.669861,64.5,12.85,73.2,6,1.8,42.0,3.804,-11.0,0,1,1235
2026-04-03T07:25:50,-5.037563,-122.668159,54.2,12.50,70.4,6,1.8,42.8,3.805,-10.8,0,1,1236
2026-04-03T07:26:18,-5.037000,-122.666481,54.9,13.87,70.0,6,1.8,42.4,3.804,-10.8,0,1,1237
2026-04-03T07:26:46,-5.036545,-122.664810,42.7,13.66,70.7,7,1.6,42.4,3.801,-10.8,0,1,1238
2026-04-03T07:27:14,-5.036121,-122.663094,25.0,12.87,73.9,6,1.7,42.0,3.803,-11.0,0,1,1239
2026-04-03T07:27:42,-5.035593,-122.661430,22.9,13.26,72.9,8,1.2,42.0,3.801,-11.0,0,1,1240
2026-04-03T07:28:10,-5.034936,-122.659683,31.4,14.55,67.2,8,1.2,43.2,3.804,-11.0,0,1,1241
2026-04-03T07:28:38,-5.034428,-122.657974,45.9,13.64,72.2,8,1.2,42.4,3.804,-10.8,0,1,1242
2026-04-03T07:29:06,-5.033856,-122.656227,37.2,13.77,75.3,8,1.2,42.0,3.803,-11.0,0,1,1243
2026-04-03T07:29:34,-5.033380,-122.654556,34.2,13.98,73.1,7,1.6,41.2,3.803,-10.8,0,1,1244
2026-04-03T07:30:02,-5.032893,-122.652863,26.9,13.99,70.8,6,1.7,42.4,3.803,-10.8,0,1,1245
2026-04-03T07:30:30,-5.032391,-122.651176,32.1,13.41,73.6,6,1.7,42.0,3.803,-11.0,0,1,1246
2026-04-03T07:30:58,-5.031863,-122.649437,34.2,13.61,70.3,6,1.7,41.2,3.801,-10.8,0,1,1247
2026-04-03T07:31:26,-5.031311,-122.647743,47.5,14.04,64.2,7,1.2,41.6,3.801,-10.8,0,1,1248
2026-04-03T07:31:54,-5.030828,-122.646019,34.5,13.20,70.9,6,1.7,43.2,3.800,1150.9,0,1,1249
2026-04-03T07:32:22,-5.030201,-122.644325,40.4,13.70,70.3,7,1.2,41.6,3.801,-10.8,0,1,1250
2026-04-03T07:32:50,-5.029665,-122.642639,46.3,13.61,68.6,6,1.7,41.2,3.803,-10.8,0,1,1251
2026-04-03T07:33:18,-5.029175,-122.640907,36.8,15.15,72.3,7,1.2,41.6,3.800,-10.8,0,1,1252
2026-04-03T07:33:46,-5.028662,-122.639229,38.2,13.88,71.7,6,1.7,42.0,3.801,-11.0,0,1,1253
2026-04-03T07:34:14,-5.028145,-122.637558,36.1,13.82,70.2,6,1.7,41.6,3.800,-10.8,0,1,1254
2026-04-03T07:34:42,-5.027639,-122.635841,32.7,13.71,72.2,7,1.2,42.0,3.801,-11.0,0,1,1255
2026-04-03T07:35:10,-5.027163,-122.634140,31.7,12.97,74.5,6,1.7,42.0,3.801,-11.0,0,1,1256
2026-04-03T07:35:38,-5.026715,-122.632462,26.6,13.37,73.6,6,1.7,40.8,3.801,-9.8,0,1,1257
2026-04-03T07:36:06,-5.026135,-122.630760,30.9,14.40,70.7,7,1.2,41.2,3.801,-10.8,0,1,1258
2026-04-03T07:36:34,-5.025635,-122.629082,35.7,13.69,63.3,6,1.6,41.6,3.801,-10.8,0,1,1259
2026-04-03T07:37:02,-5.025169,-122.627380,35.1,13.56,69.8,6,1.6,41.6,3.801,-10.8,0,1,1260
2026-04-03T07:37:30,-5.024628,-122.625648,29.5,13.79,73.7,6,1.6,41.2,3.800,-10.8,0,1,1261
2026-04-03T07:37:58,-5.024203,-122.623962,23.7,13.13,77.9,6,1.6,41.2,3.801,-10.8,0,1,1262
2026-04-03T07:38:26,-5.023685,-122.622231,20.7,13.10,74.0,7,1.4,41.2,3.800,-10.8,0,1,1263
2026-04-03T07:38:54,-5.023165,-122.620506,19.4,14.81,73.1,7,1.4,41.2,3.800,-10.8,0,1,1264
2026-04-03T07:39:22,-5.022640,-122.618790,22.4,13.73,73.7,7,1.4,41.2,3.801,-10.8,0,1,1265
2026-04-03T07:39:50,-5.022063,-122.617088,19.9,13.33,68.8,7,1.4,41.6,3.800,-10.8,0,1,1266
2026-04-03T07:40:18,-5.021441,-122.615387,25.0,13.99,70.7,7,1.4,41.2,3.800,-10.8,0,1,1267
2026-04-03T07:40:46,-5.020898,-122.613647,30.7,13.53,72.2,7,1.4,40.8,3.800,-9.8,0,1,1268
2026-04-03T07:41:14,-5.020345,-122.611931,31.5,14.54,67.7,7,1.4,41.6,3.800,-10.8,0,1,1269
2026-04-03T07:41:42,-5.019843,-122.610229,30.6,14.27,76.3,7,1.4,40.5,3.799,-9.6,0,1,1270
2026-04-03T07:42:10,-5.019336,-122.608536,29.7,13.58,68.4,7,1.4,41.2,3.800,-10.8,0,1,1271
2026-04-03T07:42:38,-5.018806,-122.606819,33.0,14.20,77.4,7,1.4,41.2,3.800,-10.8,0,1,1272
2026-04-03T07:43:06,-5.018290,-122.605133,36.5,13.58,69.8,7,1.4,41.2,3.799,-10.8,0,1,1273
2026-04-03T07:43:34,-5.017815,-122.603401,35.1,14.76,71.8,7,1.4,40.5,3.800,-9.6,0,1,1274
2026-04-03T07:44:02,-5.017310,-122.601730,31.2,13.09,71.9,7,1.4,41.2,3.797,-10.8,0,1,1275
2026-04-03T07:44:30,-5.016843,-122.600067,21.3,13.99,77.3,7,1.4,40.5,3.799,-9.6,0,1,1276
2026-04-03T07:44:58,-5.016343,-122.598389,14.3,13.61,70.2,7,1.4,41.2,3.799,-10.8,0,1,1277
2026-04-03T07:45:26,-5.015800,-122.596710,14.2,13.82,73.1,7,1.4,40.5,3.799,-9.6,0,1,1278
2026-04-03T07:45:54,-5.015262,-122.595024,8.6,14.16,73.4,8,1.1,40.8,3.799,-9.8,0,1,1279
2026-04-03T07:46:22,-5.014753,-122.593346,7.0,14.01,72.8,8,1.1,40.5,3.797,-9.6,0,1,1280
2026-04-03T07:46:50,-5.014263,-122.591644,9.9,14.32,71.9,8,1.1,40.8,3.797,-9.8,0,1,1281
2026-04-03T07:47:18,-5.013735,-122.589966,11.3,13.30,75.7,6,1.5,40.8,3.797,-9.8,0,1,1282
2026-04-03T07:47:46,-5.013228,-122.588287,11.1,13.36,74.8,6,1.5,40.5,3.799,-9.6,0,1,1283
2026-04-03T07:48:14,-5.012710,-122.586609,9.6,13.83,68.5,6,1.5,41.2,3.796,-10.8,0,1,1284
2026-04-03T07:48:43,-5.012195,-122.584869,3.7,13.56,74.7,7,1.4,41.2,3.797,-10.8,0,1,1285
2026-04-03T07:49:11,-5.011730,-122.583153,3.1,13.03,72.1,6,1.5,40.1,3.797,-9.6,0,1,1286
2026-04-03T07:49:39,-5.011199,-122.581467,-0.1,13.55,69.8,7,1.3,40.1,3.797,-9.6,0,1,1287
2026-04-03T07:50:07,-5.010652,-122.579773,-1.8,13.64,72.9,5,1.5,40.5,3.797,-9.6,0,1,1288
2026-04-03T07:50:35,-5.010170,-122.578049,3.1,13.52,74.1,6,1.4,40.5,3.797,-9.6,0,1,1289
2026-04-03T07:51:03,-5.009588,-122.576347,0.9,14.18,74.1,6,1.4,40.1,3.797,-9.6,0,1,1290
2026-04-03T07:51:31,-5.009080,-122.574669,5.8,13.99,75.5,6,1.4,40.8,3.797,-9.8,0,1,1291
2026-04-03T07:51:59,-5.008545,-122.572968,8.6,13.29,72.7,6,1.4,40.1,3.797,-9.6,0,1,1292
2026-04-03T07:52:27,-5.008029,-122.571304,9.5,12.69,73.8,6,1.4,40.1,3.797,-9.6,0,1,1293
2026-04-03T07:52:55,-5.007485,-122.569603,11.8,13.55,76.1,6,1.4,40.5,3.797,-9.6,0,1,1294
2026-04-03T07:53:23,-5.006943,-122.567894,16.7,13.28,71.4,7,1.3,39.7,3.797,-9.6,0,1,1295
2026-04-03T07:53:51,-5.006430,-122.566185,20.7,14.01,73.8,7,1.3,40.1,3.796,-9.6,0,1,1296
2026-04-03T07:54:19,-5.005880,-122.564491,17.9,13.41,66.5,6,1.5,40.1,3.797,-9.6,0,1,1297
2026-04-03T07:54:47,-5.005360,-122.562828,12.9,13.31,73.8,8,1.3,40.1,3.796,-9.6,0,1,1298
2026-04-03T07:55:15,-5.004718,-122.561111,10.5,14.01,70.2,8,1.2,40.1,3.796,-9.6,0,1,1299
2026-04-03T07:55:43,-5.004235,-122.559448,5.2,12.83,74.3,7,1.4,40.1,3.797,-9.6,0,1,1300
2026-04-03T07:56:11,-5.003768,-122.557709,17.8,13.04,78.5,7,1.4,40.8,3.795,-9.8,0,1,1301
2026-04-03T07:56:39,-5.003201,-122.556007,17.0,13.10,71.7,7,1.4,39.7,3.795,-9.6,0,1,1302
2026-04-03T07:57:07,-5.002752,-122.554306,22.9,12.74,73.7,8,1.4,39.7,3.796,-9.6,0,1,1303
2026-04-03T07:57:35,-5.002182,-122.552628,13.7,13.31,74.1,7,1.4,39.4,3.796,-9.6,0,1,1304
2026-04-03T07:58:03,-5.001705,-122.550934,17.6,13.35,71.2,7,1.4,39.7,3.796,-9.6,0,1,1305
2026-04-03T07:58:31,-5.001232,-122.549301,-2.5,13.09,72.8,8,1.2,39.7,3.795,-9.6,0,1,1306
2026-04-03T07:58:59,-5.000673,-122.547638,-5.3,14.10,70.2,7,1.4,39.7,3.797,-9.6,0,1,1307
2026-04-03T07:59:27,-5.000142,-122.545975,-3.9,13.84,73.4,7,1.8,40.1,3.794,-9.6,0,1,1308
2026-04-03T07:59:55,-4.999625,-122.544319,-7.6,13.70,70.4,7,1.4,39.7,3.794,-9.6,0,1,1309
2026-04-03T08:00:23,-4.999130,-122.542694,-8.6,13.59,76.4,7,1.4,40.1,3.795,-9.6,0,1,1310
2026-04-03T08:00:51,-4.998571,-122.540977,0.2,14.05,66.2,6,3.8,39.4,3.795,-9.6,0,1,1311
2026-04-03T08:01:19,-4.998050,-122.539314,2.1,12.96,69.5,7,1.4,39.4,3.795,-9.6,0,1,1312
2026-04-03T08:01:47,-4.997586,-122.537636,2.0,12.57,63.5,7,1.4,39.4,3.794,-9.6,0,1,1313
2026-04-03T08:02:15,-4.997072,-122.535912,7.8,14.82,78.4,6,4.1,39.0,3.796,-9.6,0,1,1314
2026-04-03T08:02:43,-4.996545,-122.534210,14.4,13.14,74.4,7,1.8,39.7,3.796,-9.6,0,1,1315
2026-04-03T08:03:11,-4.996055,-122.532547,14.3,13.32,69.0,7,1.4,39.4,3.795,-9.6,0,1,1316
2026-04-03T08:03:39,-4.995618,-122.530815,12.7,13.93,71.1,9,1.1,40.1,3.794,-9.6,0,1,1317
2026-04-03T08:04:07,-4.995095,-122.529099,5.8,13.13,73.4,9,1.1,39.0,3.795,-9.6,0,1,1318
2026-04-03T08:04:35,-4.994540,-122.527397,16.9,13.25,81.3,8,1.3,39.4,3.793,-9.6,0,1,1319
2026-04-03T08:05:03,-4.993990,-122.525749,15.9,12.61,73.9,8,1.3,39.0,3.793,-9.6,0,1,1320
2026-04-03T08:05:31,-4.993506,-122.524048,20.5,12.98,67.6,8,1.3,38.7,3.794,-9.6,0,1,1321
2026-04-03T08:05:59,-4.993062,-122.522369,16.0,13.00,76.4,8,1.3,39.7,3.793,-9.6,0,1,1322
2026-04-03T08:06:27,-4.992522,-122.520638,14.3,13.73,71.0,8,1.3,39.4,3.793,-9.6,0,1,1323
2026-04-03T08:06:55,-4.992003,-122.518936,16.3,13.65,76.7,8,1.3,38.7,3.795,-9.6,0,1,1324
2026-04-03T08:07:23,-4.991415,-122.517181,21.0,13.87,72.1,8,1.3,39.4,3.794,-9.6,0,1,1325
2026-04-03T08:07:51,-4.990868,-122.515457,20.9,13.86,75.4,8,1.3,39.0,3.794,-9.6,0,1,1326
2026-04-03T08:08:19,-4.990372,-122.513718,17.4,13.51,70.8,8,1.3,39.0,3.794,-9.6,0,1,1327
2026-04-03T08:08:47,-4.989805,-122.512001,20.7,14.21,72.5,8,1.3,38.7,3.793,-9.6,0,1,1328
2026-04-03T08:09:15,-4.989238,-122.510300,30.8,14.61,68.6,9,1.2,39.0,3.790,-9.6,0,1,1329
2026-04-03T08:09:43,-4.988796,-122.508606,18.6,12.91,72.0,8,1.3,39.0,3.791,-9.6,0,1,1330
2026-04-03T08:10:11,-4.988303,-122.506851,25.3,14.31,75.5,9,1.1,39.0,3.790,-9.6,0,1,1331
2026-04-03T08:10:39,-4.987775,-122.505142,24.9,13.38,76.9,8,1.3,39.0,3.794,-9.6,0,1,1332
2026-04-03T08:11:07,-4.987180,-122.503410,27.6,14.10,68.6,9,1.1,38.3,3.791,-9.6,0,1,1333
2026-04-03T08:11:35,-4.986670,-122.501694,30.0,14.14,72.3,8,1.3,39.0,3.791,-9.6,0,1,1334
2026-04-03T08:12:03,-4.986158,-122.500023,31.0,14.27,76.1,8,1.3,38.7,3.794,-9.6,0,1,1335
2026-04-03T08:12:31,-4.985646,-122.498276,30.0,13.69,73.0,8,1.6,38.7,3.791,-9.6,0,1,1336
2026-04-03T08:12:59,-4.985093,-122.496574,29.0,14.85,72.9,8,1.3,38.3,3.791,-9.6,0,1,1337
2026-04-03T08:13:27,-4.984521,-122.494873,26.2,13.45,73.2,8,1.3,38.3,3.791,-9.6,0,1,1338
2026-04-03T08:13:55,-4.984025,-122.493187,30.4,13.78,71.5,8,1.3,38.3,3.791,-9.6,0,1,1339
2026-04-03T08:14:23,-4.983503,-122.491524,28.3,14.44,71.1,8,1.3,38.7,3.793,-9.6,0,1,1340
2026-04-03T08:14:51,-4.983035,-122.489830,26.4,13.08,74.7,8,1.3,39.4,3.790,-9.6,0,1,1341
2026-04-03T08:15:19,-4.982551,-122.488144,19.8,13.19,77.5,8,1.3,38.7,3.793,-9.6,0,1,1342
2026-04-03T08:15:47,-4.982048,-122.486465,16.4,11.73,68.1,8,1.3,38.3,3.791,-9.6,0,1,1343
2026-04-03T08:16:15,-4.981663,-122.484840,3.9,12.81,76.1,8,1.3,38.3,3.790,-9.6,0,1,1344
2026-04-03T08:16:43,-4.981093,-122.483124,0.8,13.42,73.8,8,1.3,38.7,3.791,-9.6,0,1,1345
2026-04-03T08:17:11,-4.980568,-122.481445,0.7,13.60,73.5,8,1.3,38.3,3.791,-9.6,0,1,1346
2026-04-03T08:17:39,-4.979988,-122.479706,8.3,13.49,75.1,8,1.5,38.7,3.791,-9.6,0,1,1347
2026-04-03T08:18:07,-4.979563,-122.478020,10.3,12.54,75.3,8,1.3,38.3,3.791,-9.6,0,1,1348
2026-04-03T08:18:35,-4.979096,-122.476349,9.3,13.62,76.0,8,1.5,37.9,3.791,-9.8,0,1,1349
2026-04-03T08:19:03,-4.978465,-122.474640,10.1,13.75,71.9,9,1.1,37.9,3.793,-9.8,0,1,1350
2026-04-03T08:19:31,-4.977925,-122.472946,9.6,13.76,71.1,9,1.1,38.3,3.791,-9.6,0,1,1351
2026-04-03T08:19:59,-4.977390,-122.471283,7.7,13.34,72.6,8,1.4,38.3,3.790,-9.6,0,1,1352
2026-04-03T08:20:27,-4.976759,-122.469620,16.1,13.49,71.2,8,1.4,38.3,3.791,-9.6,0,1,1353
2026-04-03T08:20:55,-4.976303,-122.467850,17.6,13.89,71.9,9,1.1,38.3,3.791,-9.6,0,1,1354
2026-04-03T08:21:23,-4.975761,-122.466187,23.1,13.40,67.6,8,1.4,37.9,3.790,-9.8,0,1,1355
2026-04-03T08:21:51,-4.975347,-122.464447,18.4,13.29,71.4,8,1.4,38.7,3.790,-9.6,0,1,1356
2026-04-03T08:22:19,-4.974942,-122.462730,15.4,13.41,72.1,8,1.4,38.7,3.787,-9.6,0,1,1357
2026-04-03T08:22:47,-4.974496,-122.461029,13.0,13.82,76.4,9,1.1,37.9,3.789,-9.8,0,1,1358
2026-04-03T08:23:15,-4.974000,-122.459351,8.1,14.00,73.5,8,1.4,37.9,3.791,-9.8,0,1,1359
2026-04-03T08:23:43,-4.973448,-122.457649,16.2,13.79,74.6,9,1.1,38.3,3.789,-9.6,0,1,1360
2026-04-03T08:24:11,-4.973006,-122.455894,8.2,13.73,77.2,8,1.4,39.0,3.790,-9.6,0,1,1361
2026-04-03T08:24:39,-4.972490,-122.454208,8.0,13.94,74.4,7,2.1,37.9,3.790,-9.8,0,1,1362
2026-04-03T08:25:07,-4.972100,-122.452469,-10.2,13.97,76.8,7,1.9,37.9,3.789,-9.8,0,1,1363
2026-04-03T08:25:35,-4.971603,-122.450752,5.1,13.28,81.1,9,1.3,37.9,3.790,-9.8,0,1,1364
2026-04-03T08:26:03,-4.971125,-122.449013,10.0,13.63,76.8,9,1.3,37.9,3.789,-9.8,0,1,1365
2026-04-03T08:26:31,-4.970628,-122.447311,10.5,13.33,77.7,8,1.7,38.3,3.789,-9.6,0,1,1366
2026-04-03T08:26:59,-4.970117,-122.445595,14.2,14.15,71.6,8,1.7,38.3,3.789,-9.6,0,1,1367
2026-04-03T08:27:27,-4.969638,-122.443855,13.3,14.13,68.9,8,1.7,37.9,3.787,-9.8,0,1,1368
2026-04-03T08:27:55,-4.969176,-122.442116,7.4,13.42,75.0,8,1.7,37.2,3.789,-9.6,0,1,1369
2026-04-03T08:28:23,-4.968708,-122.440361,-0.4,14.13,75.8,8,1.7,37.6,3.789,-9.6,0,1,1370
2026-04-03T08:28:51,-4.968193,-122.438629,-1.8,13.60,78.6,8,1.7,37.9,3.789,-9.8,0,1,1371
2026-04-03T08:29:19,-4.967651,-122.436905,-1.1,13.34,73.2,9,1.2,37.9,3.787,-9.8,0,1,1372
2026-04-03T08:29:47,-4.967095,-122.435150,10.0,14.12,72.6,10,1.0,38.3,3.789,-9.6,0,1,1373
2026-04-03T08:30:15,-4.966562,-122.433395,13.9,14.02,72.0,8,1.8,37.6,3.787,-9.6,0,1,1374
2026-04-03T08:30:43,-4.966062,-122.431664,14.2,14.15,72.8,8,1.8,37.9,3.787,-9.8,0,1,1375
2026-04-03T08:31:11,-4.965565,-122.429924,12.6,13.49,74.5,8,1.8,37.2,3.787,-9.6,0,1,1376
2026-04-03T08:31:39,-4.965088,-122.428200,7.6,13.88,70.8,8,1.8,37.6,3.787,-9.6,0,1,1377
2026-04-03T08:32:07,-4.964633,-122.426430,12.7,13.43,71.9,8,1.8,37.2,3.787,-9.6,0,1,1378
2026-04-03T08:32:35,-4.964062,-122.424728,15.5,13.49,70.3,9,1.2,37.9,3.787,-9.8,0,1,1379
2026-04-03T08:33:03,-4.963520,-122.422974,16.8,14.16,72.2,8,1.8,37.2,3.787,-9.6,0,1,1380
2026-04-03T08:33:31,-4.963040,-122.421211,11.0,13.40,73.4,8,1.3,37.2,3.787,-9.6,0,1,1381
2026-04-03T08:33:59,-4.962585,-122.419434,6.3,13.83,72.6,8,1.3,36.9,3.786,-9.6,0,1,1382
2026-04-03T08:34:27,-4.962132,-122.417664,-2.8,14.01,73.5,7,1.9,37.2,3.785,-9.6,0,1,1383
2026-04-03T08:34:55,-4.961745,-122.415901,-24.6,13.25,74.5,7,1.9,37.2,3.786,-9.6,0,1,1384
2026-04-03T08:35:23,-4.961303,-122.414154,-38.9,13.45,74.1,7,2.7,36.9,3.787,-9.6,0,1,1385
2026-04-03T08:35:51,-4.960925,-122.412361,-38.2,13.13,73.2,8,1.3,37.2,3.787,-9.6,0,1,1386
2026-04-03T08:36:19,-4.960370,-122.410652,-30.0,14.38,72.5,7,1.9,37.2,3.786,-9.6,0,1,1387
2026-04-03T08:36:47,-4.959808,-122.408905,-14.9,14.14,74.8,7,1.9,37.2,3.785,-9.6,0,1,1388
2026-04-03T08:37:15,-4.959280,-122.407181,-8.8,14.20,73.2,7,2.8,36.9,3.785,-9.6,0,1,1389
2026-04-03T08:37:43,-4.958793,-122.405426,-4.3,13.75,75.0,7,1.9,36.9,3.785,-9.6,0,1,1390
2026-04-03T08:38:11,-4.958257,-122.403725,-6.7,11.68,68.9,7,1.9,37.2,3.786,-9.6,0,1,1391
2026-04-03T08:38:39,-4.957755,-122.401955,-11.2,14.57,74.2,7,1.9,36.9,3.786,-9.6,0,1,1392
2026-04-03T08:39:07,-4.957217,-122.400215,-14.8,14.71,73.1,7,1.9,37.2,3.786,-9.6,0,1,1393
2026-04-03T08:39:35,-4.956758,-122.398453,-8.2,14.33,72.8,7,1.9,36.9,3.785,-9.6,0,1,1394
2026-04-03T08:40:03,-4.956121,-122.396759,-1.6,13.88,71.7,7,1.9,36.5,3.785,-9.6,0,1,1395
2026-04-03T08:40:31,-4.955533,-122.395096,4.4,13.35,71.5,7,1.9,37.2,3.785,-9.6,0,1,1396
2026-04-03T08:40:59,-4.954998,-122.393417,7.7,13.42,72.4,7,2.0,36.9,3.784,-9.6,0,1,1397
2026-04-03T08:41:27,-4.954567,-122.391632,6.3,13.66,73.4,7,2.0,36.9,3.785,-9.6,0,1,1398
2026-04-03T08:41:55,-4.954095,-122.389915,-1.2,14.49,74.2,7,2.0,36.5,3.786,-9.6,0,1,1399
2026-04-03T08:42:23,-4.953792,-122.388100,-7.9,13.88,80.7,7,2.0,36.9,3.786,-9.6,0,1,1400
2026-04-03T08:42:51,-4.953333,-122.386368,-8.4,13.75,77.3,7,2.0,36.9,3.785,-9.6,0,1,1401
2026-04-03T08:43:19,-4.952873,-122.384666,-6.0,12.95,74.5,7,2.0,36.9,3.786,-9.6,0,1,1402
2026-04-03T08:43:47,-4.952355,-122.382950,-2.1,13.39,72.0,7,2.0,36.9,3.785,-9.6,0,1,1403
2026-04-03T08:44:15,-4.951818,-122.381195,-0.2,14.07,76.3,6,2.0,36.5,3.785,-9.6,0,1,1404
2026-04-03T08:44:43,-4.951248,-122.379478,1.2,13.49,75.9,6,2.0,36.9,3.783,-9.6,0,1,1405
2026-04-03T08:45:11,-4.950772,-122.377739,1.3,13.49,76.2,6,2.0,36.9,3.785,-9.6,0,1,1406
2026-04-03T08:45:39,-4.950382,-122.375977,-3.2,13.13,73.3,6,2.0,36.1,3.784,962.2,0,1,1407
2026-04-03T08:46:08,-4.949918,-122.374130,-7.3,13.69,76.9,6,2.0,37.2,3.787,-9.6,0,1,1408
2026-04-03T08:46:36,-4.949513,-122.372391,-13.4,14.43,72.0,7,1.8,36.5,3.785,-9.6,0,1,1409
2026-04-03T08:47:04,-4.949065,-122.370621,-14.8,13.09,73.7,7,1.8,36.9,3.785,-9.6,0,1,1410
2026-04-03T08:47:32,-4.948640,-122.368881,-18.6,13.40,75.8,6,3.4,36.5,3.785,-9.6,0,1,1411
2026-04-03T08:48:00,-4.948245,-122.367142,-17.0,13.47,74.5,6,2.0,36.5,3.785,-9.6,0,1,1412
2026-04-03T08:48:28,-4.947785,-122.365402,-11.6,13.11,75.8,7,1.8,35.8,3.784,-9.6,0,1,1413
2026-04-03T08:48:56,-4.947250,-122.363663,-5.8,13.89,69.9,7,1.8,36.5,3.784,-9.6,0,1,1414
2026-04-03T08:49:24,-4.946736,-122.361969,-2.9,13.54,72.6,7,1.8,36.5,3.783,-9.6,0,1,1415
2026-04-03T08:49:52,-4.946223,-122.360374,1.3,13.51,73.2,6,1.9,36.1,3.784,-9.6,0,1,1416
2026-04-03T08:49:52,,,,,,,,35.8,3.785,-9.6,0,0,1417
2026-04-03T08:49:52,,,,,,,,53.5,3.844,-8.5,0,0,1418
2026-04-03T08:49:52,,,,,,,,55.7,3.850,-8.3,0,0,1419
