datetime,lat,lon,alt_m,speed_kts,cog,satellites,hdop,battery_pct,battery_v,charge_rate,rtc_bat_low,fix,boot
2026-04-28T00:00:15,19.959745,-43.785656,24.9,13.51,70.1,10,1.9,73.2,3.965,-4.4,0,1,57724
2026-04-28T00:00:44,19.960457,-43.783859,16.0,14.35,65.7,9,2.0,73.1,3.966,-4.4,0,1,57725
2026-04-28T00:01:13,19.961105,-43.782021,18.9,14.46,70.1,9,2.0,73.4,3.969,-4.4,0,1,57726
2026-04-28T00:01:42,19.961798,-43.780201,9.7,14.28,65.0,9,2.0,73.1,3.969,-4.4,0,1,57727
2026-04-28T00:02:11,19.962542,-43.778397,9.8,14.35,66.3,9,1.9,73.4,3.966,-4.4,0,1,57728
2026-04-28T00:02:40,19.963182,-43.776588,11.6,13.42,68.7,9,1.2,73.2,3.970,-4.4,0,1,57729
2026-04-28T00:03:09,19.963902,-43.774719,8.5,13.12,74.5,9,1.9,73.1,3.965,-4.4,0,1,57730
2026-04-28T00:03:38,19.964636,-43.772926,12.5,13.25,65.1,9,1.9,73.1,3.967,-4.4,0,1,57731
2026-04-28T00:04:07,19.965363,-43.771057,9.7,13.40,72.5,9,1.9,73.1,3.965,-4.4,0,1,57732
2026-04-28T00:04:36,19.966019,-43.769180,7.6,15.34,70.6,9,1.9,73.1,3.966,-4.4,0,1,57733
2026-04-28T00:05:05,19.966789,-43.767326,17.7,13.16,70.2,9,1.9,72.7,3.964,-4.4,0,1,57734
2026-04-28T00:05:34,19.967276,-43.765465,11.8,13.13,67.2,10,1.8,73.1,3.964,-4.4,0,1,57735
2026-04-28T00:06:03,19.967999,-43.763626,6.0,13.52,65.5,10,1.8,73.2,3.963,-4.4,0,1,57736
2026-04-28T00:06:32,19.968897,-43.761848,10.1,14.09,72.4,8,2.1,73.2,3.965,1949.8,0,1,57737
2026-04-28T00:07:01,19.969685,-43.760056,17.8,13.93,61.9,8,2.1,72.7,3.967,-4.4,0,1,57738
2026-04-28T00:07:30,19.970285,-43.758228,15.0,13.95,74.0,8,2.1,72.9,3.967,-4.4,0,1,57739
2026-04-28T00:07:59,19.970913,-43.756393,16.6,13.97,71.0,10,1.8,73.4,3.964,-4.4,0,1,57740
2026-04-28T00:08:28,19.971689,-43.754593,17.8,13.93,63.6,9,2.0,72.9,3.966,-4.4,0,1,57741
2026-04-28T00:08:57,19.972355,-43.752743,20.8,13.48,70.4,8,2.1,73.1,3.967,-4.4,0,1,57742
2026-04-28T00:09:26,19.973097,-43.750946,26.8,13.69,63.3,8,1.8,72.7,3.965,-4.4,0,1,57743
2026-04-28T00:09:55,19.973776,-43.749107,28.8,13.72,70.1,9,1.8,73.1,3.963,-4.4,0,1,57744
2026-04-28T00:10:24,19.974440,-43.747272,15.0,13.76,70.2,8,2.1,73.1,3.965,-4.4,0,1,57745
2026-04-28T00:10:53,19.975204,-43.745518,29.8,13.76,69.6,11,1.5,72.7,3.961,-4.4,0,1,57746
2026-04-28T00:11:22,19.975861,-43.743660,30.6,13.31,67.7,9,1.8,73.1,3.969,-4.4,0,1,57747
2026-04-28T00:11:51,19.976557,-43.741863,35.5,13.67,71.6,9,1.8,73.1,3.964,-4.4,0,1,57748
2026-04-28T00:12:20,19.977268,-43.740089,35.3,13.51,67.6,9,1.8,72.9,3.965,-4.4,0,1,57749
2026-04-28T00:12:49,19.977909,-43.738285,34.7,13.44,68.8,11,1.5,72.9,3.963,-4.4,0,1,57750
2026-04-28T00:13:18,19.978657,-43.736485,37.4,13.57,63.5,8,1.9,72.6,3.964,-4.4,0,1,57751
2026-04-28T00:13:47,19.979286,-43.734711,30.9,13.25,65.4,8,1.9,72.9,3.963,-4.4,0,1,57752
2026-04-28T00:14:16,19.979990,-43.732914,28.5,13.55,67.3,9,1.8,73.1,3.963,-4.4,0,1,57753
2026-04-28T00:14:45,19.980680,-43.731129,25.5,13.27,70.1,9,1.7,72.9,3.964,-4.4,0,1,57754
2026-04-28T00:15:14,19.981382,-43.729340,21.9,13.42,59.5,10,1.7,72.9,3.959,-4.4,0,1,57755
2026-04-28T00:15:44,19.982101,-43.727482,21.7,12.78,78.0,10,1.7,72.6,3.963,-4.4,0,1,57756
2026-04-28T00:16:13,19.982798,-43.725674,20.7,13.35,72.0,10,1.7,73.1,3.963,-4.4,0,1,57757
2026-04-28T00:16:42,19.983521,-43.723900,23.5,13.72,65.2,9,1.8,72.6,3.964,-4.4,0,1,57758
2026-04-28T00:17:11,19.984243,-43.722076,33.2,13.45,70.7,10,1.6,72.6,3.961,-4.4,0,1,57759
2026-04-28T00:17:40,19.984947,-43.720257,35.6,14.19,63.6,10,1.6,72.6,3.963,-4.4,0,1,57760
2026-04-28T00:18:09,19.985630,-43.718456,32.1,13.91,72.9,9,1.8,72.6,3.963,-4.4,0,1,57761
2026-04-28T00:18:38,19.986317,-43.716656,33.3,14.26,66.7,9,1.8,72.4,3.964,-4.4,0,1,57762
2026-04-28T00:19:07,19.986929,-43.714863,29.5,13.46,76.0,9,1.8,72.7,3.963,-4.4,0,1,57763
2026-04-28T00:19:36,19.987696,-43.713070,35.8,13.87,68.4,10,1.6,72.4,3.960,-4.4,0,1,57764
2026-04-28T00:20:05,19.988323,-43.711250,21.9,13.73,71.6,10,1.6,72.1,3.960,-4.4,0,1,57765
2026-04-28T00:20:34,19.989054,-43.709465,16.8,13.16,65.3,10,1.9,72.6,3.960,-4.4,0,1,57766
2026-04-28T00:21:03,19.989698,-43.707668,8.8,13.47,62.1,9,1.9,72.1,3.960,-4.4,0,1,57767
2026-04-28T00:21:32,19.990284,-43.705803,9.3,14.20,73.2,10,1.6,72.4,3.960,-4.4,0,1,57768
2026-04-28T00:22:01,19.991009,-43.704037,1.8,12.95,65.6,10,1.6,72.7,3.960,-4.4,0,1,57769
2026-04-28T00:22:30,19.991644,-43.702145,9.6,13.82,68.6,10,1.6,72.4,3.960,-4.4,0,1,57770
2026-04-28T00:22:59,19.992323,-43.700352,8.8,13.30,60.8,9,1.7,72.4,3.961,-4.4,0,1,57771
2026-04-28T00:23:28,19.993076,-43.698566,-12.7,14.26,67.2,10,1.6,72.2,3.959,-4.4,0,1,57772
2026-04-28T00:23:57,19.993814,-43.696808,-2.0,11.98,69.2,9,1.7,72.2,3.961,-4.4,0,1,57773
2026-04-28T00:24:26,19.994543,-43.694981,11.5,13.81,70.7,8,1.8,72.4,3.963,-4.4,0,1,57774
2026-04-28T00:24:55,19.995190,-43.693153,15.0,13.19,68.3,9,1.7,72.4,3.959,-4.4,0,1,57775
2026-04-28T00:25:24,19.995878,-43.691368,20.1,13.47,64.5,8,1.7,72.2,3.961,-4.4,0,1,57776
2026-04-28T00:25:53,19.996590,-43.689522,17.1,14.45,74.0,7,2.0,72.2,3.964,-4.4,0,1,57777
2026-04-28T00:26:22,19.997227,-43.687733,14.8,14.33,72.7,9,1.7,72.1,3.957,-4.4,0,1,57778
2026-04-28T00:26:51,19.997940,-43.685921,13.1,13.73,67.1,9,1.6,72.2,3.961,-4.4,0,1,57779
2026-04-28T00:27:20,19.998636,-43.684158,17.3,13.89,67.4,9,1.6,72.6,3.959,-4.4,0,1,57780
2026-04-28T00:27:49,19.999331,-43.682339,4.7,14.31,64.4,9,1.6,72.4,3.961,-4.4,0,1,57781
2026-04-28T00:28:18,19.999960,-43.680542,7.4,13.28,70.1,9,1.6,72.1,3.959,1919.2,0,1,57782
2026-04-28T00:28:47,20.000685,-43.678719,14.9,12.88,79.2,9,1.6,72.1,3.960,-4.4,0,1,57783
2026-04-28T00:29:16,20.001368,-43.676929,7.9,12.62,67.5,8,1.7,72.2,3.959,-4.4,0,1,57784
2026-04-28T00:29:45,20.002062,-43.675129,-1.6,13.90,62.6,9,1.6,71.9,3.955,-4.4,0,1,57785
2026-04-28T00:30:14,20.002604,-43.673317,-1.1,13.08,69.5,9,1.6,72.2,3.957,-4.4,0,1,57786
2026-04-28T00:30:43,20.003387,-43.671547,-0.8,13.83,74.0,8,1.6,72.2,3.959,1923.6,0,1,57787
2026-04-28T00:31:12,20.004057,-43.669682,-6.9,12.61,63.5,8,1.6,71.9,3.959,-4.4,0,1,57788
2026-04-28T00:31:41,20.004782,-43.667885,-10.7,13.38,66.2,8,1.6,72.1,3.960,-4.4,0,1,57789
2026-04-28T00:32:10,20.005526,-43.666069,-12.5,13.45,67.3,8,1.6,72.2,3.957,-4.4,0,1,57790
2026-04-28T00:32:39,20.006241,-43.664268,-11.0,13.61,63.3,8,1.6,71.9,3.959,-4.4,0,1,57791
2026-04-28T00:33:08,20.006895,-43.662495,-2.1,12.65,68.6,8,1.6,72.4,3.956,-4.4,0,1,57792
2026-04-28T00:33:37,20.007681,-43.660698,6.5,13.65,62.2,8,1.6,72.1,3.960,-4.4,0,1,57793
2026-04-28T00:34:06,20.008337,-43.658882,10.2,13.36,68.8,8,1.6,71.8,3.959,-4.4,0,1,57794
2026-04-28T00:34:35,20.009027,-43.657089,12.4,14.26,69.7,8,1.6,71.9,3.957,-4.4,0,1,57795
2026-04-28T00:35:04,20.009682,-43.655239,11.1,13.13,64.0,8,1.6,71.9,3.959,-4.4,0,1,57796
2026-04-28T00:35:33,20.010355,-43.653458,9.0,13.14,66.3,8,1.6,72.1,3.956,-4.4,0,1,57797
2026-04-28T00:36:02,20.011120,-43.651714,-0.4,12.96,67.1,7,1.6,71.6,3.956,-4.4,0,1,57798
2026-04-28T00:36:31,20.011774,-43.649879,-7.2,14.29,66.8,8,1.6,71.8,3.959,-4.4,0,1,57799
2026-04-28T00:37:00,20.012468,-43.648094,-12.6,13.00,71.9,8,1.6,71.8,3.957,-4.4,0,1,57800
2026-04-28T00:37:29,20.013172,-43.646301,-16.6,13.95,67.7,7,1.6,72.2,3.960,-4.4,0,1,57801
2026-04-28T00:37:58,20.013847,-43.644485,-18.2,13.40,73.3,9,1.4,71.9,3.956,-4.4,0,1,57802
2026-04-28T00:38:27,20.014526,-43.642654,-18.9,13.50,62.3,9,1.4,72.1,3.956,-4.4,0,1,57803
2026-04-28T00:38:56,20.015167,-43.640800,-13.2,14.18,73.4,9,1.4,71.8,3.956,-4.4,0,1,57804
2026-04-28T00:39:25,20.015846,-43.639011,-13.3,13.32,66.0,9,1.4,71.8,3.956,-4.4,0,1,57805
2026-04-28T00:39:54,20.016506,-43.637222,-16.5,13.89,72.5,8,1.6,71.8,3.955,-4.4,0,1,57806
2026-04-28T00:40:24,20.017275,-43.635345,-8.3,12.15,75.9,9,1.4,71.9,3.954,-4.4,0,1,57807
2026-04-28T00:40:53,20.018049,-43.633583,-9.1,13.44,63.8,9,1.4,71.6,3.956,-4.4,0,1,57808
2026-04-28T00:41:22,20.018763,-43.631783,-5.3,14.54,63.1,9,1.4,71.6,3.954,-4.4,0,1,57809
2026-04-28T00:41:51,20.019445,-43.629955,-9.2,13.51,66.7,9,1.4,71.6,3.956,-4.4,0,1,57810
2026-04-28T00:42:20,20.019949,-43.628120,-13.4,14.15,76.3,9,1.4,71.6,3.955,-4.4,0,1,57811
2026-04-28T00:42:49,20.020790,-43.626335,-11.4,12.82,60.4,9,1.4,71.4,3.955,-4.4,0,1,57812
2026-04-28T00:43:18,20.021345,-43.624561,-4.8,13.22,70.6,9,1.4,71.4,3.953,-4.4,0,1,57813
2026-04-28T00:43:47,20.022200,-43.622726,5.1,13.75,61.8,8,1.4,71.4,3.961,-4.4,0,1,57814
2026-04-28T00:44:16,20.022917,-43.620934,9.1,13.47,66.1,8,1.4,71.6,3.955,1906.1,0,1,57815
2026-04-28T00:44:45,20.023714,-43.619152,10.3,13.47,68.4,9,1.4,71.6,3.953,-4.4,0,1,57816
2026-04-28T00:45:14,20.024382,-43.617332,13.9,13.45,66.6,8,1.4,71.4,3.953,1901.7,0,1,57817
2026-04-28T00:45:43,20.025106,-43.615570,9.9,13.98,69.4,8,1.4,71.6,3.954,-4.4,0,1,57818
2026-04-28T00:46:12,20.025715,-43.613789,10.3,13.15,65.7,8,1.4,71.4,3.954,-4.4,0,1,57819
2026-04-28T00:46:41,20.026434,-43.611996,3.6,13.46,70.5,7,1.5,71.9,3.954,-4.4,0,1,57820
2026-04-28T00:47:10,20.027061,-43.610153,11.2,14.43,74.4,8,1.4,71.3,3.955,-4.4,0,1,57821
2026-04-28T00:47:39,20.027822,-43.608322,19.3,14.15,66.2,8,1.4,71.4,3.953,-4.4,0,1,57822
2026-04-28T00:48:08,20.028545,-43.606491,15.6,14.43,60.5,8,1.4,71.3,3.953,-4.4,0,1,57823
2026-04-28T00:48:37,20.029238,-43.604633,11.9,13.62,67.2,8,1.4,71.1,3.953,-4.4,0,1,57824
2026-04-28T00:49:06,20.029911,-43.602871,8.0,13.87,71.2,8,1.4,71.3,3.951,-4.4,0,1,57825
2026-04-28T00:49:35,20.030678,-43.601055,11.6,14.54,64.3,8,1.4,71.3,3.953,-4.4,0,1,57826
2026-04-28T00:50:04,20.031322,-43.599236,10.6,13.32,65.4,8,1.4,71.1,3.951,-4.4,0,1,57827
2026-04-28T00:50:33,20.032000,-43.597404,20.8,13.18,71.3,7,1.5,71.1,3.951,-4.4,0,1,57828
2026-04-28T00:51:02,20.032784,-43.595505,25.9,13.76,66.0,8,1.3,70.8,3.954,-4.4,0,1,57829
2026-04-28T00:51:31,20.033524,-43.593750,26.9,13.28,69.1,7,4.3,71.1,3.951,-4.4,0,1,57830
2026-04-28T00:52:00,20.034260,-43.591930,20.2,14.36,66.8,8,1.3,71.1,3.951,-4.4,0,1,57831
2026-04-28T00:52:29,20.034935,-43.590141,16.7,12.99,67.3,8,1.3,71.1,3.951,-4.4,0,1,57832
2026-04-28T00:52:58,20.035582,-43.588261,7.6,14.00,70.7,8,1.3,71.4,3.954,-4.4,0,1,57833
2026-04-28T00:53:27,20.036297,-43.586445,8.4,14.32,63.5,8,1.3,71.1,3.955,-4.4,0,1,57834
2026-04-28T00:53:56,20.037012,-43.584614,11.8,13.37,69.2,7,1.3,71.3,3.951,-4.4,0,1,57835
2026-04-28T00:54:25,20.037733,-43.582790,12.2,11.23,70.8,7,1.3,71.1,3.951,-4.4,0,1,57836
2026-04-28T00:54:54,20.038422,-43.580952,11.4,13.79,76.1,7,1.5,71.1,3.954,-4.4,0,1,57837
2026-04-28T00:55:23,20.039160,-43.579205,10.7,12.67,66.5,8,1.3,70.8,3.949,-4.4,0,1,57838
2026-04-28T00:55:52,20.039862,-43.577381,12.3,12.60,67.4,8,1.3,71.6,3.951,-4.4,0,1,57839
2026-04-28T00:56:21,20.040569,-43.575558,11.1,12.84,68.1,8,1.3,71.6,3.950,-4.4,0,1,57840
2026-04-28T00:56:50,20.041262,-43.573788,13.7,13.24,64.3,8,1.3,71.3,3.951,-4.4,0,1,57841
2026-04-28T00:57:19,20.041908,-43.571896,11.9,14.93,63.9,8,1.3,71.3,3.950,-4.4,0,1,57842
2026-04-28T00:57:49,20.042612,-43.570038,4.7,11.96,71.1,8,1.3,71.4,3.949,-4.4,0,1,57843
2026-04-28T00:58:18,20.043285,-43.568321,6.1,11.72,72.7,7,1.4,71.1,3.956,-4.4,0,1,57844
2026-04-28T00:58:47,20.044022,-43.566532,12.8,12.36,69.8,8,1.3,70.9,3.950,-4.4,0,1,57845
2026-04-28T00:59:16,20.044710,-43.564728,15.0,13.13,68.4,8,1.3,70.9,3.950,-4.4,0,1,57846
2026-04-28T00:59:45,20.045412,-43.562923,11.9,13.86,65.6,8,1.3,70.9,3.950,-4.4,0,1,57847
2026-04-28T01:00:14,20.046106,-43.561085,7.7,13.88,62.6,8,1.3,70.8,3.950,-4.4,0,1,57848
2026-04-28T01:00:43,20.046770,-43.559265,0.9,12.62,61.9,8,1.3,71.1,3.949,-4.4,0,1,57849
2026-04-28T01:01:12,20.047369,-43.557423,1.7,13.30,68.0,8,1.2,70.9,3.950,-4.4,0,1,57850
2026-04-28T01:01:41,20.048031,-43.555672,-4.7,11.79,69.2,8,1.2,70.9,3.949,-4.4,0,1,57851
2026-04-28T01:02:10,20.048725,-43.553837,-15.8,14.13,78.7,8,1.2,71.1,3.950,-4.4,0,1,57852
2026-04-28T01:02:39,20.049461,-43.552052,-17.0,12.93,71.8,8,1.2,71.1,3.947,-4.4,0,1,57853
2026-04-28T01:03:08,20.050173,-43.550274,-19.2,13.84,67.9,7,1.4,70.9,3.950,-4.4,0,1,57854
2026-04-28T01:03:37,20.050787,-43.548473,-19.2,11.88,71.7,8,1.2,70.3,3.947,1871.2,0,1,57855
2026-04-28T01:04:06,20.051556,-43.546658,-23.1,14.67,65.3,7,4.4,70.8,3.949,-4.4,0,1,57856
2026-04-28T01:04:35,20.052307,-43.544846,-19.1,14.46,69.0,7,4.3,70.6,3.949,-4.4,0,1,57857
2026-04-28T01:05:04,20.052938,-43.543007,-19.5,10.70,70.6,8,1.2,70.8,3.947,-4.4,0,1,57858
2026-04-28T01:05:33,20.053572,-43.541355,-15.4,11.95,69.5,6,4.6,70.6,3.947,-4.4,0,1,57859
2026-04-28T01:06:02,20.054165,-43.539604,-13.0,10.95,78.4,7,4.3,70.6,3.950,-4.4,0,1,57860
2026-04-28T01:06:31,20.054873,-43.537800,-16.1,10.82,74.2,7,4.2,70.6,3.947,-4.4,0,1,57861
2026-04-28T01:07:00,20.055672,-43.535931,-16.8,14.15,69.2,6,4.5,70.6,3.947,-4.4,0,1,57862
2026-04-28T01:07:29,20.056383,-43.534065,-15.7,14.93,63.3,7,4.2,70.8,3.947,-4.4,0,1,57863
2026-04-28T01:07:58,20.056980,-43.532318,-19.5,12.99,76.5,8,3.4,70.4,3.945,-4.4,0,1,57864
2026-04-28T01:08:27,20.057816,-43.530483,-14.3,13.54,66.9,9,1.5,70.6,3.945,-4.4,0,1,57865
2026-04-28T01:08:56,20.058535,-43.528683,-3.7,13.14,66.4,9,1.5,70.6,3.946,-4.4,0,1,57866
2026-04-28T01:09:25,20.059139,-43.526840,-11.3,13.32,69.2,9,1.2,70.4,3.945,-4.4,0,1,57867
2026-04-28T01:09:54,20.059853,-43.525043,-13.4,13.44,64.2,10,1.1,70.4,3.946,-4.4,0,1,57868
2026-04-28T01:10:23,20.060596,-43.523247,-10.3,13.09,68.4,8,1.6,70.6,3.951,-4.4,0,1,57869
2026-04-28T01:10:52,20.061277,-43.521454,-4.4,13.16,67.9,8,1.6,70.3,3.946,-4.4,0,1,57870
2026-04-28T01:11:21,20.061951,-43.519638,-8.2,13.05,64.8,9,1.5,70.4,3.947,-4.4,0,1,57871
2026-04-28T01:11:50,20.062704,-43.517868,-8.9,13.33,57.1,10,1.1,70.3,3.947,-4.4,0,1,57872
2026-04-28T01:12:19,20.063417,-43.516041,-7.7,13.05,67.9,9,1.4,70.8,3.950,-4.4,0,1,57873
2026-04-28T01:12:48,20.064089,-43.514263,-3.0,12.80,61.9,9,1.2,70.3,3.945,1871.2,0,1,57874
2026-04-28T01:13:17,20.064756,-43.512424,-4.0,13.74,69.1,9,1.4,70.3,3.945,-4.4,0,1,57875
2026-04-28T01:13:46,20.065500,-43.510647,-5.3,13.16,60.9,8,1.5,70.1,3.949,-4.4,0,1,57876
2026-04-28T01:14:15,20.066183,-43.508774,-10.1,13.37,68.4,9,1.4,70.3,3.947,-4.4,0,1,57877
2026-04-28T01:14:44,20.066874,-43.507015,-9.0,12.54,66.4,9,1.4,70.3,3.944,-4.4,0,1,57878
2026-04-28T01:15:13,20.067530,-43.505066,-10.6,12.95,70.0,9,1.4,70.4,3.945,-4.4,0,1,57879
2026-04-28T01:15:42,20.068281,-43.503345,-6.8,14.56,63.4,8,1.5,70.4,3.945,-4.4,0,1,57880
2026-04-28T01:16:11,20.068985,-43.501549,-2.1,13.33,64.6,8,1.5,70.1,3.943,-4.4,0,1,57881
2026-04-28T01:16:40,20.069740,-43.499714,2.4,13.59,65.1,8,1.5,70.6,3.944,-4.4,0,1,57882
2026-04-28T01:17:09,20.070477,-43.497944,6.8,14.15,65.5,7,1.6,70.4,3.946,-4.4,0,1,57883
2026-04-28T01:17:38,20.071177,-43.496071,13.1,14.11,65.0,8,1.5,70.3,3.944,-4.4,0,1,57884
2026-04-28T01:18:07,20.071884,-43.494247,19.8,13.10,65.2,7,3.0,70.4,3.944,-4.4,0,1,57885
2026-04-28T01:18:36,20.072618,-43.492485,27.5,13.42,67.6,8,1.5,70.4,3.944,-4.4,0,1,57886
2026-04-28T01:19:05,20.073303,-43.490650,32.2,13.84,72.0,8,1.5,70.3,3.944,-4.4,0,1,57887
2026-04-28T01:19:34,20.074018,-43.488869,32.9,11.94,61.6,8,1.5,70.3,3.946,-4.4,0,1,57888
2026-04-28T01:20:03,20.074694,-43.486961,29.9,14.65,73.2,9,1.3,70.3,3.944,-4.4,0,1,57889
2026-04-28T01:20:32,20.075371,-43.485191,30.9,13.30,63.1,8,1.5,70.3,3.944,-4.4,0,1,57890
2026-04-28T01:21:01,20.076075,-43.483376,35.2,13.17,65.5,9,1.3,70.3,3.944,-4.4,0,1,57891
2026-04-28T01:21:30,20.076759,-43.481556,36.7,12.99,65.2,9,1.3,70.1,3.945,-4.4,0,1,57892
2026-04-28T01:21:59,20.077463,-43.479759,41.3,13.95,72.7,7,2.7,70.0,3.945,-4.4,0,1,57893
2026-04-28T01:22:28,20.078167,-43.477959,45.3,12.43,68.4,7,1.6,70.0,3.941,-4.4,0,1,57894
2026-04-28T01:22:57,20.078865,-43.476151,45.9,13.91,70.6,7,1.5,70.1,3.944,-4.4,0,1,57895
2026-04-28T01:23:26,20.079535,-43.474339,38.9,13.57,71.1,8,1.4,70.1,3.945,-4.4,0,1,57896
2026-04-28T01:23:55,20.080269,-43.472565,42.8,12.84,68.2,7,1.6,70.0,3.943,-4.4,0,1,57897
2026-04-28T01:24:24,20.080969,-43.470802,47.2,13.09,63.6,6,2.2,70.0,3.941,-4.4,0,1,57898
2026-04-28T01:24:53,20.081663,-43.468891,38.5,13.47,69.5,8,1.3,70.1,3.941,-4.4,0,1,57899
2026-04-28T01:25:22,20.082401,-43.467129,31.9,13.11,69.5,6,2.2,70.0,3.941,-4.4,0,1,57900
2026-04-28T01:25:51,20.083084,-43.465271,27.5,13.50,68.2,7,1.6,69.6,3.944,-4.4,0,1,57901
2026-04-28T01:26:20,20.083853,-43.463501,22.6,12.56,66.8,7,2.5,70.1,3.941,-4.4,0,1,57902
2026-04-28T01:26:49,20.084509,-43.461651,26.8,13.41,68.4,7,1.6,70.1,3.943,-4.4,0,1,57903
2026-04-28T01:27:19,20.085205,-43.459774,25.5,12.71,71.2,8,1.2,70.1,3.943,-4.4,0,1,57904
2026-04-28T01:27:48,20.085932,-43.457970,32.6,13.61,74.7,9,1.3,70.0,3.940,-4.4,0,1,57905
2026-04-28T01:28:17,20.086601,-43.456104,29.9,12.66,64.3,9,1.3,70.1,3.941,-4.4,0,1,57906
2026-04-28T01:28:46,20.087290,-43.454369,26.9,14.59,70.1,8,1.4,70.0,3.940,-4.4,0,1,57907
2026-04-28T01:29:15,20.087978,-43.452503,25.3,13.55,66.9,6,3.2,69.8,3.941,-4.4,0,1,57908
2026-04-28T01:29:44,20.088726,-43.450672,27.3,13.91,62.8,9,1.3,69.6,3.939,-4.4,0,1,57909
2026-04-28T01:30:13,20.089464,-43.448856,26.9,13.16,62.4,8,1.4,69.6,3.941,-4.4,0,1,57910
2026-04-28T01:30:42,20.090149,-43.447041,23.2,13.12,63.7,8,1.9,70.1,3.940,-4.4,0,1,57911
2026-04-28T01:31:11,20.090776,-43.445217,10.9,13.36,64.6,8,1.4,70.0,3.943,-4.4,0,1,57912
2026-04-28T01:31:40,20.091534,-43.443356,4.9,13.19,69.0,9,1.3,70.0,3.946,-4.4,0,1,57913
2026-04-28T01:32:09,20.092251,-43.441570,8.8,13.35,66.5,7,1.9,70.0,3.938,-4.4,0,1,57914
2026-04-28T01:32:39,20.092863,-43.439697,10.5,13.10,68.5,8,1.4,70.1,3.939,-4.4,0,1,57915
2026-04-28T01:33:08,20.093628,-43.437992,20.5,13.92,71.8,8,1.3,69.6,3.939,-4.4,0,1,57916
2026-04-28T01:33:37,20.094311,-43.436207,21.3,14.35,68.3,7,2.0,69.6,3.941,-4.4,0,1,57917
2026-04-28T01:34:06,20.095133,-43.434368,11.3,12.41,60.9,10,1.0,69.5,3.936,-4.4,0,1,57918
2026-04-28T01:34:35,20.095787,-43.432510,4.1,14.94,66.2,8,1.8,69.8,3.939,-4.4,0,1,57919
2026-04-28T01:35:04,20.096401,-43.430687,2.5,13.58,75.6,9,1.1,69.8,3.938,-4.4,0,1,57920
2026-04-28T01:35:33,20.097227,-43.428875,-12.0,14.76,62.4,7,2.1,69.6,3.940,1853.7,0,1,57921
2026-04-28T01:36:02,20.098017,-43.427025,-18.7,14.09,61.7,9,1.2,69.5,3.938,-4.4,0,1,57922
2026-04-28T01:36:31,20.098602,-43.425175,-21.3,12.49,66.0,8,1.3,69.5,3.939,-4.4,0,1,57923
2026-04-28T01:37:00,20.099285,-43.423321,-29.9,12.40,64.8,7,1.9,69.5,3.943,-4.4,0,1,57924
2026-04-28T01:37:29,20.099941,-43.421490,-26.9,12.51,76.0,7,1.9,70.0,3.936,-4.4,0,1,57925
2026-04-28T01:37:58,20.100677,-43.419662,-29.3,14.75,69.3,7,2.0,69.5,3.938,-4.4,0,1,57926
2026-04-28T01:38:27,20.101324,-43.417843,-29.7,14.85,64.1,9,1.2,69.3,3.936,-4.4,0,1,57927
2026-04-28T01:38:56,20.101950,-43.416050,-27.1,13.12,63.5,7,1.9,69.3,3.943,-4.4,0,1,57928
2026-04-28T01:39:25,20.102654,-43.414265,-29.6,14.26,66.2,8,1.3,69.3,3.939,-4.4,0,1,57929
2026-04-28T01:39:54,20.103310,-43.412376,-34.4,13.98,73.2,8,1.3,69.5,3.938,-4.4,0,1,57930
2026-04-28T01:40:23,20.104053,-43.410606,-35.8,13.02,64.9,8,1.3,69.5,3.938,-4.4,0,1,57931
2026-04-28T01:40:52,20.104753,-43.408787,-39.3,13.67,63.0,6,3.0,69.3,3.938,-4.4,0,1,57932
2026-04-28T01:41:21,20.105431,-43.406998,-38.9,12.99,67.9,8,1.7,69.3,3.939,-4.4,0,1,57933
2026-04-28T01:41:50,20.106108,-43.405090,-36.2,13.31,72.2,8,1.3,69.5,3.938,-4.4,0,1,57934
2026-04-28T01:42:19,20.106802,-43.403267,-34.2,13.77,68.5,6,2.1,69.5,3.936,-4.4,0,1,57935
2026-04-28T01:42:48,20.107544,-43.401463,-23.1,14.32,64.5,6,3.0,69.3,3.938,-4.4,0,1,57936
2026-04-28T01:43:17,20.108244,-43.399738,-14.7,13.43,68.5,7,1.8,69.5,3.935,-4.4,0,1,57937
2026-04-28T01:43:46,20.108786,-43.397877,-0.4,13.67,74.9,7,1.8,69.3,3.939,-4.4,0,1,57938
2026-04-28T01:44:15,20.109583,-43.396023,12.7,12.89,65.0,8,1.2,76.3,3.994,-4.4,0,1,57939
2026-04-28T01:44:44,20.110140,-43.394138,24.9,13.62,67.0,8,1.6,76.8,3.997,-4.4,0,1,57940
2026-04-28T01:45:13,20.111004,-43.392380,29.7,13.94,62.2,6,2.1,77.0,3.997,-4.4,0,1,57941
2026-04-28T01:45:43,20.111618,-43.390533,34.1,13.73,68.1,5,2.4,77.0,3.997,-4.4,0,1,57942
2026-04-28T01:46:12,20.112293,-43.388660,35.9,12.96,71.2,6,2.1,77.0,4.000,-4.4,0,1,57943
2026-04-28T01:46:41,20.113129,-43.386833,32.3,13.43,66.3,5,2.4,77.3,4.003,-4.4,0,1,57944
2026-04-28T01:47:10,20.113804,-43.385014,31.1,11.50,72.2,4,3.2,77.3,4.001,-4.4,0,1,57945
2026-04-28T01:47:39,20.114571,-43.383121,25.8,13.33,69.7,6,2.0,77.6,4.004,-4.4,0,1,57946
2026-04-28T01:48:08,20.115253,-43.381371,22.8,12.99,67.2,6,2.0,77.6,4.003,-4.4,0,1,57947
2026-04-28T01:48:37,20.116055,-43.379570,17.6,15.10,63.5,6,2.0,77.6,4.006,-4.4,0,1,57948
2026-04-28T01:49:06,20.116688,-43.377720,10.9,12.59,76.7,6,2.0,77.8,4.005,-4.4,0,1,57949
2026-04-28T01:49:36,20.117403,-43.375782,9.2,14.05,77.6,5,2.9,77.8,4.008,-4.4,0,1,57950
2026-04-28T01:50:05,20.118111,-43.374001,19.3,13.42,60.1,5,2.9,77.8,4.008,-4.4,0,1,57951
2026-04-28T01:50:34,20.118481,-43.372318,23.9,13.42,76.2,5,2.8,78.1,4.010,-4.4,0,1,57952
2026-04-28T01:51:03,20.119236,-43.370464,27.8,14.19,66.7,5,2.8,78.5,4.010,-4.4,0,1,57953
2026-04-28T01:51:32,20.120216,-43.368626,27.2,13.27,64.1,5,2.8,78.5,4.010,-4.4,0,1,57954
2026-04-28T01:52:01,20.120884,-43.366737,28.3,12.99,71.9,5,2.8,78.3,4.010,-4.4,0,1,57955
2026-04-28T01:52:30,20.121548,-43.364944,23.6,13.04,61.9,6,2.7,78.6,4.011,-4.4,0,1,57956
2026-04-28T01:52:59,20.122137,-43.363148,25.7,13.09,66.8,8,1.6,78.6,4.012,-4.4,0,1,57957
2026-04-28T01:53:28,20.122911,-43.361217,20.7,14.79,63.7,6,2.8,78.8,4.012,-4.4,0,1,57958
2026-04-28T01:53:57,20.123480,-43.359367,20.7,14.52,73.1,7,2.2,78.8,4.012,-4.4,0,1,57959
2026-04-28T01:54:26,20.124319,-43.357540,27.0,14.95,60.8,7,2.2,78.8,4.015,-4.4,0,1,57960
2026-04-28T01:54:55,20.125006,-43.355736,25.4,13.48,62.0,8,1.6,79.1,4.015,-4.4,0,1,57961
2026-04-28T01:55:24,20.125570,-43.353859,17.7,13.00,68.5,8,1.6,79.3,4.016,-4.2,0,1,57962
2026-04-28T01:55:54,20.126308,-43.351978,12.4,13.14,70.6,8,2.1,79.3,4.017,-4.2,0,1,57963
2026-04-28T01:56:23,20.126928,-43.350166,4.2,13.48,64.1,7,2.2,79.3,4.019,-4.2,0,1,57964
2026-04-28T01:56:52,20.127567,-43.348351,1.6,13.36,63.3,7,2.2,79.3,4.017,-4.2,0,1,57965
2026-04-28T01:57:21,20.128307,-43.346588,1.1,12.84,67.8,7,1.7,79.6,4.019,-4.4,0,1,57966
2026-04-28T01:57:50,20.129063,-43.344776,2.9,14.05,72.8,7,2.2,79.8,4.017,-4.4,0,1,57967
2026-04-28T01:58:19,20.129784,-43.343006,6.6,13.65,75.7,6,2.3,79.6,4.019,-4.4,0,1,57968
2026-04-28T01:58:48,20.130428,-43.341301,6.9,13.52,69.7,7,1.6,79.8,4.021,-4.4,0,1,57969
2026-04-28T01:59:17,20.131025,-43.339485,0.2,13.27,71.7,8,1.6,80.1,4.020,-4.4,0,1,57970
2026-04-28T01:59:46,20.131739,-43.337704,2.1,12.88,65.5,8,1.6,80.1,4.023,-4.4,0,1,57971
2026-04-28T02:00:15,20.132521,-43.335957,5.4,12.70,65.5,7,2.2,80.1,4.024,-4.4,0,1,57972
2026-04-28T02:00:44,20.133104,-43.334160,8.0,12.71,70.1,6,2.3,79.9,4.024,-4.4,0,1,57973
2026-04-28T02:01:13,20.133823,-43.332344,7.7,13.78,65.4,8,1.5,80.1,4.024,-4.4,0,1,57974
2026-04-28T02:01:42,20.134586,-43.330521,9.8,14.06,63.7,7,2.3,80.6,4.024,-4.2,0,1,57975
2026-04-28T02:02:11,20.135262,-43.328712,9.9,13.67,64.8,7,1.6,80.4,4.025,-4.4,0,1,57976
2026-04-28T02:02:40,20.135984,-43.326893,11.9,14.36,63.5,8,1.5,80.4,4.024,-4.4,0,1,57977
2026-04-28T02:03:09,20.136644,-43.325001,15.2,13.45,68.7,6,2.3,80.6,4.029,-4.2,0,1,57978
2026-04-28T02:03:38,20.137262,-43.323246,17.4,13.59,68.2,7,2.2,80.9,4.028,2154.0,0,1,57979
2026-04-28T02:04:07,20.138002,-43.321373,20.2,14.01,66.9,6,2.2,80.7,4.028,-4.4,0,1,57980
2026-04-28T02:04:36,20.138655,-43.319530,12.6,14.21,66.9,7,2.2,80.9,4.030,-4.4,0,1,57981
2026-04-28T02:05:05,20.139454,-43.317757,21.3,13.49,64.4,8,1.5,81.1,4.030,-4.4,0,1,57982
2026-04-28T02:05:34,20.140146,-43.315933,23.0,13.47,67.9,6,2.2,81.1,4.029,-4.4,0,1,57983
2026-04-28T02:06:03,20.140831,-43.314152,24.2,13.08,66.3,6,2.2,81.2,4.030,-4.4,0,1,57984
2026-04-28T02:06:32,20.141562,-43.312302,24.3,13.69,69.5,6,2.2,81.2,4.032,-4.4,0,1,57985
2026-04-28T02:07:01,20.142370,-43.310558,30.7,13.29,61.2,7,1.5,81.2,4.032,-4.4,0,1,57986
2026-04-28T02:07:30,20.143024,-43.308704,32.5,12.59,71.5,6,1.8,81.4,4.034,2167.2,0,1,57987
2026-04-28T02:07:59,20.143724,-43.306873,32.8,13.52,73.3,6,2.2,81.4,4.034,-4.4,0,1,57988
2026-04-28T02:08:28,20.144506,-43.305138,35.1,13.66,66.3,6,2.2,81.6,4.035,-4.4,0,1,57989
2026-04-28T02:08:57,20.145241,-43.303391,37.7,13.46,64.3,6,2.2,81.7,4.035,-4.4,0,1,57990
2026-04-28T02:09:26,20.145828,-43.301460,26.2,12.66,74.5,7,1.5,81.7,4.035,-4.4,0,1,57991
2026-04-28T02:09:55,20.146494,-43.299652,20.2,9.98,67.0,7,1.5,81.7,4.036,-4.4,0,1,57992
2026-04-28T02:10:24,20.147333,-43.297901,27.7,13.84,63.1,6,2.2,81.7,4.037,-4.4,0,1,57993
2026-04-28T02:10:53,20.148003,-43.296116,24.2,13.09,61.1,6,2.2,81.9,4.037,-4.2,0,1,57994
2026-04-28T02:11:22,20.148588,-43.294254,20.5,13.42,71.7,6,2.1,81.9,4.039,-4.2,0,1,57995
2026-04-28T02:11:51,20.149345,-43.292412,30.8,13.11,67.6,6,2.1,82.1,4.037,-4.4,0,1,57996
2026-04-28T02:12:20,20.150064,-43.290562,25.4,13.16,72.3,6,2.1,82.2,4.040,-4.4,0,1,57997
2026-04-28T02:12:49,20.150772,-43.288723,21.1,14.07,69.3,7,1.5,82.2,4.040,-4.4,0,1,57998
2026-04-28T02:13:19,20.151566,-43.286858,26.9,12.77,70.6,7,2.1,82.4,4.041,-4.4,0,1,57999
2026-04-28T02:13:48,20.152014,-43.284981,17.1,12.06,74.6,6,2.1,82.5,4.043,-4.4,0,1,58000
2026-04-28T02:14:17,20.152792,-43.283115,23.4,12.93,70.3,6,2.1,82.5,4.043,-4.4,0,1,58001
2026-04-28T02:14:46,20.153610,-43.281269,26.5,13.49,68.3,6,2.1,82.5,4.043,-4.4,0,1,58002
2026-04-28T02:15:15,20.154278,-43.279430,29.5,13.54,76.7,6,2.1,82.7,4.043,-4.4,0,1,58003
2026-04-28T02:15:44,20.154930,-43.277596,32.2,13.43,73.1,6,2.0,82.9,4.045,-4.4,0,1,58004
2026-04-28T02:16:13,20.155664,-43.275745,28.8,12.95,71.7,5,7.1,83.0,4.045,-4.4,0,1,58005
2026-04-28T02:16:42,20.156368,-43.273914,26.6,12.25,69.9,5,2.2,83.0,4.044,-4.4,0,1,58006
2026-04-28T02:17:11,20.157146,-43.272053,22.5,14.21,73.6,6,2.1,83.4,4.046,-4.4,0,1,58007
2026-04-28T02:17:40,20.157747,-43.270260,16.8,13.41,66.9,6,1.6,83.4,4.046,-4.4,0,1,58008
2026-04-28T02:18:09,20.158432,-43.268440,12.6,14.53,67.6,6,1.6,83.4,4.046,-4.4,0,1,58009
2026-04-28T02:18:38,20.159172,-43.266582,9.4,14.68,66.9,6,1.6,83.4,4.048,-4.4,0,1,58010
2026-04-28T02:19:07,20.159811,-43.264732,2.5,13.62,75.0,6,1.6,83.7,4.049,-4.4,0,1,58011
2026-04-28T02:19:36,20.160522,-43.262913,2.1,13.52,69.2,7,1.6,83.7,4.049,-4.4,0,1,58012
2026-04-28T02:20:05,20.161188,-43.261066,3.3,12.70,71.7,6,1.6,83.5,4.050,-4.4,0,1,58013
2026-04-28T02:20:34,20.161886,-43.259243,4.8,13.02,67.0,6,1.6,83.7,4.050,2227.9,0,1,58014
2026-04-28T02:21:03,20.162514,-43.257401,0.4,14.09,69.8,7,1.6,83.8,4.051,-4.4,0,1,58015
2026-04-28T02:21:32,20.163229,-43.255589,3.0,14.11,73.4,6,1.6,84.0,4.052,-4.4,0,1,58016
2026-04-28T02:22:01,20.163944,-43.253765,1.0,14.68,57.8,6,1.6,84.0,4.054,-4.4,0,1,58017
2026-04-28T02:22:30,20.164614,-43.251995,-0.3,13.77,69.6,7,1.6,84.2,4.055,-4.4,0,1,58018
2026-04-28T02:22:59,20.165293,-43.250175,-2.7,13.47,64.8,7,1.6,84.2,4.054,-4.4,0,1,58019
2026-04-28T02:23:28,20.166002,-43.248390,-3.7,13.72,67.5,7,1.6,84.2,4.055,-4.4,0,1,58020
2026-04-28T02:23:57,20.166668,-43.246597,-5.4,13.45,67.7,6,2.0,84.0,4.056,-4.4,0,1,58021
2026-04-28T02:24:26,20.167377,-43.244808,-5.1,13.53,69.0,6,1.9,84.2,4.056,-4.4,0,1,58022
2026-04-28T02:24:55,20.168016,-43.243000,-3.2,13.32,69.9,7,1.6,84.5,4.057,-3.7,0,1,58023
2026-04-28T02:25:24,20.168709,-43.241199,-2.4,13.80,63.8,7,1.6,84.8,4.059,-3.7,0,1,58024
2026-04-28T02:25:53,20.169462,-43.239399,-1.9,14.02,63.2,7,1.6,84.6,4.060,-4.0,0,1,58025
2026-04-28T02:26:22,20.170109,-43.237572,0.3,13.34,68.5,7,1.6,84.6,4.059,2252.8,0,1,58026
2026-04-28T02:26:51,20.170813,-43.235756,-1.5,13.89,71.4,6,2.0,84.8,4.061,-3.7,0,1,58027
2026-04-28T02:27:20,20.171501,-43.233944,-7.2,13.76,66.3,7,1.6,84.9,4.061,-4.0,0,1,58028
2026-04-28T02:27:49,20.172216,-43.232136,-8.3,13.30,66.6,7,1.6,85.2,4.061,2268.2,0,1,58029
2026-04-28T02:28:18,20.172878,-43.230297,-10.7,13.34,68.9,7,1.6,85.2,4.061,-3.7,0,1,58030
2026-04-28T02:28:47,20.173540,-43.228481,-5.6,13.65,60.3,7,1.6,85.2,4.061,-3.7,0,1,58031
2026-04-28T02:29:16,20.174175,-43.226662,-8.5,13.21,67.1,7,1.6,85.2,4.064,-3.7,0,1,58032
2026-04-28T02:29:45,20.174936,-43.224869,-0.3,13.20,59.7,7,1.6,85.3,4.064,-4.0,0,1,58033
2026-04-28T02:30:14,20.175659,-43.223103,-2.5,12.77,62.4,7,1.6,85.5,4.066,-3.7,0,1,58034
2026-04-28T02:30:43,20.176302,-43.221252,-2.7,14.64,68.4,7,1.6,85.3,4.065,-4.0,0,1,58035
2026-04-28T02:31:12,20.176977,-43.219448,0.6,14.16,69.7,7,1.5,85.6,4.065,2279.7,0,1,58036
2026-04-28T02:31:41,20.177818,-43.217720,1.0,14.02,63.0,7,1.5,85.5,4.068,-3.7,0,1,58037
2026-04-28T02:32:10,20.178417,-43.215870,-0.5,13.86,71.0,7,1.5,85.8,4.068,-4.0,0,1,58038
2026-04-28T02:32:39,20.179140,-43.214088,4.6,13.80,71.5,7,1.5,85.9,4.068,-3.7,0,1,58039
2026-04-28T02:33:08,20.179852,-43.212357,17.3,13.92,69.7,7,1.5,85.6,4.069,-3.7,0,1,58040
2026-04-28T02:33:37,20.180655,-43.210602,20.7,13.49,69.2,7,1.5,86.1,4.070,-4.0,0,1,58041
2026-04-28T02:34:06,20.181320,-43.208755,21.2,12.65,66.8,7,1.5,86.1,4.071,-4.0,0,1,58042
2026-04-28T02:34:35,20.181965,-43.206936,25.0,14.14,63.6,6,2.0,86.2,4.071,-3.7,0,1,58043
2026-04-28T02:35:04,20.182661,-43.205139,24.8,14.28,65.5,6,2.0,86.2,4.071,-3.7,0,1,58044
2026-04-28T02:35:34,20.183304,-43.203243,24.0,14.28,66.3,5,3.9,86.2,4.074,-3.7,0,1,58045
2026-04-28T02:36:03,20.183891,-43.201382,24.1,13.92,70.5,6,2.0,86.3,4.073,-3.7,0,1,58046
2026-04-28T02:36:32,20.184759,-43.199490,24.1,13.02,70.5,6,2.0,86.2,4.073,-3.7,0,1,58047
2026-04-28T02:37:01,20.185503,-43.197704,19.8,13.42,67.9,7,1.5,86.6,4.074,-3.7,0,1,58048
2026-04-28T02:37:30,20.186188,-43.195858,13.0,13.88,68.7,7,1.5,86.5,4.075,-4.0,0,1,58049
2026-04-28T02:37:59,20.186855,-43.194027,7.1,14.31,65.8,6,1.6,86.5,4.077,-4.0,0,1,58050
2026-04-28T02:38:28,20.187420,-43.192173,3.9,13.51,79.8,6,2.0,86.6,4.079,-3.7,0,1,58051
2026-04-28T02:38:57,20.188208,-43.190315,1.4,13.76,71.0,7,1.5,86.8,4.077,-3.7,0,1,58052
2026-04-28T02:39:26,20.188950,-43.188511,7.9,13.87,68.5,7,1.5,86.8,4.077,-3.7,0,1,58053
2026-04-28T02:39:55,20.189674,-43.186668,7.0,13.50,67.4,7,1.5,86.9,4.079,-4.0,0,1,58054
2026-04-28T02:40:24,20.190319,-43.184834,4.6,13.82,70.3,7,1.5,87.2,4.080,-4.0,0,1,58055
2026-04-28T02:40:53,20.191025,-43.182983,-1.4,14.04,72.8,6,1.5,87.2,4.079,2321.7,0,1,58056
2026-04-28T02:41:22,20.191729,-43.181137,-7.7,13.40,72.6,5,2.0,87.4,4.080,-3.7,0,1,58057
2026-04-28T02:41:51,20.192345,-43.179295,-8.9,13.71,71.8,6,2.0,87.2,4.080,-4.0,0,1,58058
2026-04-28T02:42:20,20.193069,-43.177456,-13.3,13.49,68.5,7,1.5,87.4,4.082,-3.7,0,1,58059
2026-04-28T02:42:49,20.193821,-43.175610,-20.6,14.42,67.4,7,1.5,87.5,4.082,-3.7,0,1,58060
2026-04-28T02:43:18,20.194469,-43.173786,-25.0,13.74,67.8,7,1.4,87.8,4.084,-3.7,0,1,58061
2026-04-28T02:43:47,20.195087,-43.171955,-37.6,13.89,73.4,6,2.0,87.6,4.084,-4.0,0,1,58062
2026-04-28T02:44:16,20.195772,-43.170139,-39.5,13.58,69.4,7,1.4,87.8,4.085,-3.7,0,1,58063
2026-04-28T02:44:45,20.196409,-43.168301,-38.8,13.79,65.4,7,1.4,87.8,4.086,-3.7,0,1,58064
2026-04-28T02:45:14,20.196974,-43.166500,-24.2,13.24,70.9,5,2.3,87.9,4.086,2340.8,0,1,58065
2026-04-28T02:45:43,20.197769,-43.164722,-24.3,13.08,65.3,7,1.4,87.9,4.088,-3.7,0,1,58066
2026-04-28T02:46:12,20.198320,-43.162888,-21.9,13.34,66.5,7,1.4,87.9,4.086,-3.7,0,1,58067
2026-04-28T02:46:41,20.199020,-43.161045,-28.5,13.56,68.3,6,1.9,88.1,4.088,-4.0,0,1,58068
2026-04-28T02:47:10,20.199722,-43.159294,-24.9,13.52,68.6,7,1.4,88.1,4.089,2344.6,0,1,58069
2026-04-28T02:47:39,20.200499,-43.157528,-19.3,12.52,72.2,6,1.5,88.4,4.090,-4.0,0,1,58070
2026-04-28T02:48:09,20.201084,-43.155621,-17.5,13.91,69.7,6,1.9,88.4,4.090,-4.0,0,1,58071
2026-04-28T02:48:38,20.201859,-43.153835,-7.8,13.92,63.2,5,2.3,88.4,4.090,-4.0,0,1,58072
2026-04-28T02:49:07,20.202518,-43.151928,-10.2,13.36,59.6,7,1.4,88.5,4.093,-3.7,0,1,58073
2026-04-28T02:49:37,20.203106,-43.150021,-1.3,13.97,69.0,6,1.9,88.6,4.091,-4.2,0,1,58074
2026-04-28T02:50:06,20.203745,-43.148254,6.9,14.48,65.6,6,1.9,88.6,4.093,-4.2,0,1,58075
2026-04-28T02:50:35,20.204575,-43.146446,9.9,13.80,65.0,7,1.4,88.6,4.093,-4.2,0,1,58076
2026-04-28T02:51:04,20.205206,-43.144646,9.6,13.01,60.5,6,1.9,88.8,4.095,-4.2,0,1,58077
2026-04-28T02:51:33,20.205915,-43.142818,5.2,14.21,71.2,6,1.9,89.0,4.096,-4.4,0,1,58078
2026-04-28T02:52:02,20.206617,-43.140984,15.7,13.76,70.9,7,1.4,89.0,4.096,2368.3,0,1,58079
2026-04-28T02:52:31,20.207272,-43.139160,8.7,14.21,71.9,6,2.0,89.3,4.096,-4.2,0,1,58080
2026-04-28T02:53:00,20.207962,-43.137356,7.2,14.34,69.5,7,1.4,89.1,4.096,-4.2,0,1,58081
2026-04-28T02:53:29,20.208679,-43.135563,11.6,14.48,66.9,7,1.4,89.3,4.095,-4.2,0,1,58082
2026-04-28T02:53:58,20.209398,-43.133766,12.9,13.47,70.8,7,1.3,89.3,4.099,-4.2,0,1,58083
2026-04-28T02:54:27,20.210096,-43.131992,14.3,14.23,67.4,6,2.0,89.6,4.100,-4.4,0,1,58084
2026-04-28T02:54:56,20.210861,-43.130104,17.2,13.84,67.9,6,2.0,89.4,4.100,-4.2,0,1,58085
2026-04-28T02:55:25,20.211563,-43.128300,15.2,13.58,70.4,6,2.0,89.6,4.101,-4.4,0,1,58086
2026-04-28T02:55:54,20.212286,-43.126541,16.4,13.91,67.2,6,2.0,89.6,4.102,-4.4,0,1,58087
2026-04-28T02:56:23,20.212992,-43.124733,16.6,12.94,74.1,6,2.0,89.6,4.102,-4.4,0,1,58088
2026-04-28T02:56:52,20.213736,-43.122868,15.2,13.81,67.9,6,2.0,90.1,4.101,-4.2,0,1,58089
2026-04-28T02:57:21,20.214409,-43.121090,14.7,13.96,63.4,6,2.0,90.1,4.102,-4.2,0,1,58090
2026-04-28T02:57:50,20.215103,-43.119259,13.5,14.07,65.7,7,1.8,90.1,4.105,-4.2,0,1,58091
2026-04-28T02:58:19,20.215796,-43.117432,14.0,14.20,69.5,6,2.0,90.1,4.105,-4.2,0,1,58092
2026-04-28T02:58:48,20.216431,-43.115559,7.5,13.39,69.4,6,2.0,90.5,4.108,-4.2,0,1,58093
2026-04-28T02:59:17,20.217089,-43.113770,10.4,14.36,65.1,6,2.0,90.2,4.108,-4.4,0,1,58094
2026-04-28T02:59:46,20.217745,-43.111946,11.8,14.26,65.1,6,2.0,90.5,4.108,-4.2,0,1,58095
2026-04-28T03:00:15,20.218454,-43.110130,12.2,14.21,68.1,7,1.7,90.5,4.109,-4.2,0,1,58096
2026-04-28T03:00:44,20.219109,-43.108322,13.6,13.37,68.7,8,1.7,90.5,4.108,-4.2,0,1,58097
2026-04-28T03:01:13,20.219749,-43.106472,10.2,15.00,75.2,7,1.7,90.9,4.109,-4.4,0,1,58098
2026-04-28T03:01:42,20.220493,-43.104694,11.2,13.02,64.6,7,1.9,90.7,4.110,-4.2,0,1,58099
2026-04-28T03:02:11,20.221239,-43.102894,10.7,13.95,60.9,7,1.9,90.7,4.111,-4.2,0,1,58100
2026-04-28T03:02:40,20.221863,-43.101067,9.8,13.45,74.1,7,1.9,90.9,4.111,-4.4,0,1,58101
2026-04-28T03:03:09,20.222652,-43.099281,7.1,13.76,60.9,7,1.9,91.2,4.113,-4.2,0,1,58102
2026-04-28T03:03:38,20.223240,-43.097481,-3.0,14.25,67.3,7,1.9,91.2,4.114,-4.2,0,1,58103
2026-04-28T03:04:07,20.223915,-43.095642,0.5,13.39,69.4,7,1.9,91.2,4.114,-4.2,0,1,58104
2026-04-28T03:04:36,20.224625,-43.093822,11.4,13.97,66.4,7,1.9,91.2,4.113,-4.2,0,1,58105
2026-04-28T03:05:05,20.225340,-43.091999,11.9,13.68,66.6,7,1.9,91.3,4.115,-4.2,0,1,58106
2026-04-28T03:05:34,20.226053,-43.090183,12.0,13.82,67.8,7,1.9,91.6,4.116,-4.2,0,1,58107
2026-04-28T03:06:03,20.226730,-43.088371,12.1,13.78,73.4,7,1.9,91.8,4.116,-4.2,0,1,58108
2026-04-28T03:06:32,20.227358,-43.086533,9.8,13.20,65.0,8,1.6,91.6,4.117,-4.2,0,1,58109
2026-04-28T03:07:01,20.228031,-43.084766,18.9,14.40,76.3,7,1.9,92.1,4.119,-4.4,0,1,58110
2026-04-28T03:07:30,20.228846,-43.082951,28.4,13.41,60.6,8,1.6,91.6,4.119,-4.2,0,1,58111
2026-04-28T03:07:59,20.229523,-43.081154,31.0,13.39,66.9,7,1.9,92.0,4.121,-4.2,0,1,58112
2026-04-28T03:08:28,20.230312,-43.079399,35.6,13.37,56.0,7,1.9,92.3,4.121,-4.2,0,1,58113
2026-04-28T03:08:57,20.230947,-43.077599,17.4,13.71,66.9,7,1.9,92.3,4.121,-4.2,0,1,58114
2026-04-28T03:09:26,20.231718,-43.075809,27.6,12.67,66.1,7,1.9,92.3,4.121,-4.2,0,1,58115
2026-04-28T03:09:55,20.232517,-43.074059,36.1,14.07,73.2,7,1.9,92.3,4.121,-4.2,0,1,58116
2026-04-28T03:10:24,20.233223,-43.072250,39.6,12.96,72.1,7,1.9,92.3,4.122,-4.2,0,1,58117
2026-04-28T03:10:53,20.233835,-43.070480,36.9,14.24,64.0,7,1.9,92.6,4.124,-4.2,0,1,58118
2026-04-28T03:11:22,20.234612,-43.068668,41.5,13.91,59.5,7,1.9,92.6,4.124,-4.2,0,1,58119
2026-04-28T03:11:51,20.235209,-43.066807,44.7,13.47,72.8,7,1.9,92.8,4.125,-4.4,0,1,58120
2026-04-28T03:12:20,20.236010,-43.065128,43.9,12.85,65.9,7,1.9,92.8,4.124,-4.4,0,1,58121
2026-04-28T03:12:49,20.236616,-43.063271,28.5,14.66,65.9,7,1.9,92.6,4.125,-4.2,0,1,58122
2026-04-28T03:13:19,20.237177,-43.061340,23.3,14.68,71.8,7,1.9,93.1,4.128,-4.2,0,1,58123
2026-04-28T03:13:48,20.237949,-43.059570,34.9,13.05,62.8,7,1.9,92.9,4.129,-4.2,0,1,58124
2026-04-28T03:14:17,20.238619,-43.057770,31.1,12.61,69.6,7,1.9,93.4,4.130,-4.4,0,1,58125
2026-04-28T03:14:46,20.239401,-43.055889,35.2,13.57,55.1,7,1.9,93.1,4.130,-4.2,0,1,58126
2026-04-28T03:15:15,20.239950,-43.054092,35.2,14.22,64.6,6,2.2,93.2,4.130,-4.2,0,1,58127
2026-04-28T03:15:44,20.240658,-43.052315,40.9,13.39,63.2,7,1.9,93.7,4.131,-4.2,0,1,58128
2026-04-28T03:16:13,20.241356,-43.050529,31.8,12.97,67.2,7,1.9,93.7,4.130,2494.8,0,1,58129
2026-04-28T03:16:42,20.242012,-43.048733,30.6,12.25,68.7,7,1.9,93.7,4.131,-4.2,0,1,58130
2026-04-28T03:17:11,20.242586,-43.046940,22.1,13.85,71.1,7,1.9,93.7,4.134,-4.2,0,1,58131
2026-04-28T03:17:40,20.243372,-43.045185,16.3,13.64,65.1,7,1.9,94.0,4.133,-4.4,0,1,58132
2026-04-28T03:18:09,20.244066,-43.043365,12.8,13.51,76.5,7,1.9,94.0,4.135,-4.4,0,1,58133
2026-04-28T03:18:38,20.244734,-43.041580,12.5,13.99,68.3,8,1.7,93.9,4.135,2498.9,0,1,58134
2026-04-28T03:19:07,20.245447,-43.039795,21.9,13.73,66.2,8,1.7,93.9,4.136,-4.2,0,1,58135
2026-04-28T03:19:36,20.246099,-43.037960,20.2,13.86,73.1,7,2.0,94.0,4.136,-4.4,0,1,58136
2026-04-28T03:20:05,20.246822,-43.036247,12.3,14.18,72.0,8,1.7,94.3,4.137,-4.2,0,1,58137
2026-04-28T03:20:34,20.247458,-43.034363,11.3,13.51,75.8,7,2.1,94.5,4.137,-4.2,0,1,58138
2026-04-28T03:21:03,20.248238,-43.032639,19.6,14.57,65.3,8,1.7,94.7,4.139,-4.4,0,1,58139
2026-04-28T03:21:32,20.248970,-43.030849,20.3,14.61,63.6,8,1.7,94.7,4.137,-4.4,0,1,58140
2026-04-28T03:22:01,20.249569,-43.029064,18.9,13.48,69.1,8,1.7,94.8,4.140,-4.2,0,1,58141
2026-04-28T03:22:30,20.250244,-43.027267,15.5,14.10,68.5,8,1.7,94.8,4.141,-4.2,0,1,58142
2026-04-28T03:22:59,20.250879,-43.025475,23.5,13.30,70.6,8,1.7,95.0,4.142,-4.2,0,1,58143
2026-04-28T03:23:28,20.251503,-43.023720,20.9,13.54,69.9,7,2.1,94.7,4.144,-4.4,0,1,58144
2026-04-28T03:23:57,20.252169,-43.021927,24.1,13.48,70.8,8,1.7,95.1,4.142,-4.2,0,1,58145
2026-04-28T03:24:26,20.252848,-43.020103,19.0,13.46,62.2,8,1.7,94.8,4.142,-4.2,0,1,58146
2026-04-28T03:24:55,20.253550,-43.018375,20.1,12.94,68.7,8,1.7,95.1,4.145,-4.2,0,1,58147
2026-04-28T03:25:24,20.254227,-43.016552,16.5,13.53,63.4,8,1.7,95.4,4.145,-4.2,0,1,58148
2026-04-28T03:25:53,20.254841,-43.014759,21.3,13.54,72.1,8,1.7,95.4,4.145,-4.2,0,1,58149
2026-04-28T03:26:22,20.255575,-43.012974,17.9,13.86,64.3,7,1.9,95.4,4.146,-4.2,0,1,58150
2026-04-28T03:26:51,20.256201,-43.011162,16.8,13.61,76.2,8,1.7,95.9,4.148,-4.4,0,1,58151
2026-04-28T03:27:20,20.256832,-43.009384,16.2,13.78,71.8,8,1.7,95.9,4.148,-4.4,0,1,58152
2026-04-28T03:27:49,20.257534,-43.007595,12.5,14.12,67.9,8,1.7,95.8,4.149,-4.2,0,1,58153
2026-04-28T03:28:19,20.258226,-43.005768,15.1,13.55,72.8,8,1.7,95.9,4.149,-4.4,0,1,58154
2026-04-28T03:28:48,20.258776,-43.003952,15.8,13.63,76.4,7,1.9,96.1,4.150,-4.2,0,1,58155
2026-04-28T03:29:17,20.259518,-43.002163,20.3,13.50,73.2,8,1.7,96.1,4.151,-4.2,0,1,58156
2026-04-28T03:29:46,20.260155,-43.000347,20.6,14.07,76.1,8,1.7,96.1,4.154,-4.2,0,1,58157
2026-04-28T03:30:15,20.260904,-42.998543,21.4,14.04,61.1,8,1.7,96.7,4.153,-4.2,0,1,58158
2026-04-28T03:30:44,20.261606,-42.996765,19.0,13.45,60.4,7,2.1,96.4,4.153,-4.2,0,1,58159
2026-04-28T03:31:13,20.262234,-42.994946,17.6,13.26,75.1,8,1.6,96.6,4.154,-4.4,0,1,58160
2026-04-28T03:31:42,20.262861,-42.993114,18.1,12.35,66.6,8,1.6,96.9,4.155,-4.2,0,1,58161
2026-04-28T03:32:11,20.263577,-42.991333,14.5,13.35,67.7,7,2.1,96.6,4.156,-4.4,0,1,58162
2026-04-28T03:32:40,20.264290,-42.989582,14.0,12.13,65.8,7,2.1,96.6,4.156,-4.4,0,1,58163
2026-04-28T03:33:09,20.264940,-42.987701,14.9,14.43,76.6,8,1.6,96.7,4.156,-4.2,0,1,58164
2026-04-28T03:33:38,20.265684,-42.985901,12.9,13.48,72.0,7,2.1,97.0,4.159,-4.2,0,1,58165
2026-04-28T03:34:07,20.266409,-42.984066,6.9,13.48,65.6,8,1.6,97.2,4.160,-4.4,0,1,58166
2026-04-28T03:34:36,20.267094,-42.982323,1.0,12.83,72.1,7,2.1,97.0,4.160,-4.2,0,1,58167
2026-04-28T03:35:05,20.267834,-42.980415,-1.3,14.10,77.7,7,2.1,97.2,4.160,-4.4,0,1,58168
2026-04-28T03:35:34,20.268562,-42.978760,-3.3,13.21,66.9,7,2.1,97.5,4.161,-4.2,0,1,58169
2026-04-28T03:36:03,20.269234,-42.976929,1.2,14.46,67.1,6,2.9,97.3,4.161,-4.2,0,1,58170
2026-04-28T03:36:32,20.269913,-42.975086,-3.0,13.65,71.4,7,2.0,97.3,4.164,-4.2,0,1,58171
2026-04-28T03:37:01,20.270672,-42.973259,-4.3,14.48,70.6,7,2.0,97.5,4.162,-4.2,0,1,58172
2026-04-28T03:37:30,20.271242,-42.971428,-1.1,13.92,68.3,7,2.0,97.7,4.164,-4.2,0,1,58173
2026-04-28T03:37:59,20.272079,-42.969654,0.0,13.30,67.6,8,1.6,97.8,4.165,-4.4,0,1,58174
2026-04-28T03:38:28,20.272734,-42.967838,2.5,13.93,71.1,7,2.0,97.7,4.165,-4.2,0,1,58175
2026-04-28T03:38:57,20.273605,-42.965965,-0.7,13.65,59.8,7,2.0,98.1,4.165,-4.2,0,1,58176
2026-04-28T03:39:26,20.274128,-42.964149,3.7,12.02,72.5,7,2.0,98.1,4.168,-4.2,0,1,58177
2026-04-28T03:39:55,20.274879,-42.962337,4.9,13.69,62.2,7,2.0,98.1,4.168,-4.2,0,1,58178
2026-04-28T03:40:24,20.275562,-42.960518,1.2,12.86,62.8,8,1.5,98.3,4.169,-4.2,0,1,58179
2026-04-28T03:40:54,20.276241,-42.958569,10.7,13.78,68.9,8,1.5,98.6,4.169,-4.2,0,1,58180
2026-04-28T03:41:23,20.277092,-42.956841,8.8,13.70,55.6,8,1.5,98.3,4.170,-4.2,0,1,58181
2026-04-28T03:41:52,20.277668,-42.954990,7.4,12.97,66.2,7,2.0,98.6,4.171,-4.2,0,1,58182
2026-04-28T03:42:21,20.278397,-42.953152,2.3,13.76,70.1,6,2.0,98.8,4.173,-4.2,0,1,58183
2026-04-28T03:42:50,20.279192,-42.951359,12.2,14.28,68.2,7,2.0,98.6,4.171,-4.2,0,1,58184
2026-04-28T03:43:19,20.279823,-42.949539,11.2,13.20,76.5,7,2.0,98.9,4.174,-4.2,0,1,58185
2026-04-28T03:43:48,20.280472,-42.947701,12.2,14.14,70.9,7,2.0,98.8,4.175,-4.2,0,1,58186
2026-04-28T03:44:17,20.281176,-42.945900,19.8,13.42,61.8,8,1.5,98.9,4.175,-4.2,0,1,58187
2026-04-28T03:44:46,20.281954,-42.944118,14.9,13.63,66.9,8,1.5,99.1,4.176,-4.4,0,1,58188
2026-04-28T03:45:15,20.282642,-42.942322,17.5,12.95,71.1,7,1.9,99.1,4.176,-4.4,0,1,58189
2026-04-28T03:45:44,20.283379,-42.940479,18.9,14.27,68.9,7,1.9,99.1,4.177,-4.4,0,1,58190
2026-04-28T03:46:13,20.284008,-42.938622,13.3,14.62,70.2,7,1.9,99.4,4.177,-4.2,0,1,58191
2026-04-28T03:46:42,20.284746,-42.936829,13.8,13.92,71.3,7,1.9,99.4,4.179,-4.2,0,1,58192
2026-04-28T03:47:11,20.285412,-42.934963,19.9,13.93,65.2,9,1.4,99.6,4.179,-4.2,0,1,58193
2026-04-28T03:47:40,20.286177,-42.933098,25.1,14.00,68.7,8,1.8,99.7,4.180,-4.4,0,1,58194
2026-04-28T03:48:09,20.286907,-42.931286,30.0,13.20,69.4,8,1.8,99.9,4.181,-4.2,0,1,58195
2026-04-28T03:48:38,20.287506,-42.929462,28.9,13.27,69.2,8,1.8,99.7,4.181,-4.4,0,1,58196
2026-04-28T03:49:07,20.288094,-42.927635,32.7,13.19,71.5,9,1.5,100.3,4.184,-4.4,0,1,58197
2026-04-28T03:49:36,20.288727,-42.925789,33.2,13.89,70.9,9,1.5,100.2,4.182,-4.2,0,1,58198
2026-04-28T03:50:05,20.289425,-42.923977,39.6,13.80,72.6,9,1.5,100.0,4.184,-4.2,0,1,58199
2026-04-28T03:50:34,20.290115,-42.922153,45.6,13.04,67.5,9,1.4,100.2,4.185,-4.2,0,1,58200
2026-04-28T03:51:03,20.290773,-42.920315,42.8,13.78,65.0,10,1.2,100.3,4.186,-4.4,0,1,58201
2026-04-28T03:51:32,20.291508,-42.918488,42.2,13.26,68.7,9,1.5,100.5,4.186,-4.2,0,1,58202
2026-04-28T03:52:01,20.292162,-42.916664,39.4,13.78,72.3,8,1.7,100.5,4.186,-4.2,0,1,58203
2026-04-28T03:52:30,20.292850,-42.914841,42.7,13.99,68.0,8,1.7,100.8,4.189,-4.2,0,1,58204
2026-04-28T03:52:59,20.293648,-42.913055,36.3,13.66,67.0,10,1.5,101.0,4.190,-4.4,0,1,58205
2026-04-28T03:53:28,20.294445,-42.911274,35.4,14.01,64.1,9,1.7,101.1,4.190,-4.2,0,1,58206
2026-04-28T03:53:57,20.295126,-42.909435,37.9,14.41,59.7,10,1.4,101.1,4.191,-4.2,0,1,58207
2026-04-28T03:54:26,20.295759,-42.907654,35.6,13.70,70.5,10,1.4,101.1,4.193,-4.2,0,1,58208
2026-04-28T03:54:55,20.296511,-42.905914,32.0,13.78,65.5,10,1.4,101.3,4.194,-4.2,0,1,58209
2026-04-28T03:55:24,20.297100,-42.904053,28.0,14.08,65.9,9,1.7,101.3,4.193,-4.2,0,1,58210
2026-04-28T03:55:53,20.297794,-42.902225,28.9,13.41,71.1,8,2.8,101.6,4.193,-4.4,0,1,58211
2026-04-28T03:56:22,20.298521,-42.900414,28.8,13.43,64.6,9,2.0,101.8,4.196,-4.2,0,1,58212
2026-04-28T03:56:51,20.299194,-42.898602,25.1,14.36,68.5,9,2.0,101.6,4.194,-4.4,0,1,58213
2026-04-28T03:57:20,20.299784,-42.896767,25.3,13.97,65.5,8,2.9,101.8,4.196,-4.2,0,1,58214
2026-04-28T03:57:49,20.300463,-42.894966,26.6,13.45,66.3,9,2.2,101.9,4.199,-4.2,0,1,58215
2026-04-28T03:58:18,20.301092,-42.893120,21.5,13.38,70.6,10,1.7,101.9,4.196,-4.2,0,1,58216
2026-04-28T03:58:47,20.301727,-42.891266,14.1,13.70,67.2,11,1.4,101.9,4.198,-4.2,0,1,58217
2026-04-28T03:59:16,20.302534,-42.889477,17.0,13.73,62.2,11,1.4,102.2,4.200,-4.4,0,1,58218
2026-04-28T03:59:45,20.303226,-42.887646,18.1,13.55,64.2,11,1.4,102.4,4.200,-4.2,0,1,58219
2026-04-28T04:00:14,20.303823,-42.885799,19.4,13.32,72.6,11,1.4,102.2,4.201,2722.1,0,1,58220
2026-04-28T04:00:43,20.304504,-42.884014,16.8,13.97,67.0,10,1.8,102.7,4.201,-4.2,0,1,58221
2026-04-28T04:01:12,20.305210,-42.882229,16.8,13.62,61.4,11,1.4,102.7,4.202,-4.2,0,1,58222
2026-04-28T04:01:41,20.305882,-42.880383,11.0,14.16,65.8,11,1.4,102.7,4.204,-4.2,0,1,58223
2026-04-28T04:02:10,20.306490,-42.878563,9.2,13.02,73.1,10,1.8,102.7,4.205,-4.2,0,1,58224
2026-04-28T04:02:39,20.307184,-42.876755,7.2,13.97,67.2,11,1.3,102.9,4.204,-4.4,0,1,58225
2026-04-28T04:03:08,20.307856,-42.874901,9.5,13.54,68.3,11,1.3,103.0,4.205,-4.2,0,1,58226
2026-04-28T04:03:37,20.308567,-42.873135,9.5,13.26,62.7,11,1.3,103.2,4.207,-4.2,0,1,58227
2026-04-28T04:04:06,20.309233,-42.871346,7.0,14.39,69.9,10,1.8,103.2,4.207,-4.2,0,1,58228
2026-04-28T04:04:35,20.309853,-42.869576,8.1,13.77,68.7,10,1.8,103.5,4.209,-4.4,0,1,58229
2026-04-28T04:05:04,20.310566,-42.867767,11.4,13.79,71.1,11,1.3,103.5,4.210,-4.4,0,1,58230
2026-04-28T04:05:33,20.311258,-42.865974,10.9,13.49,69.0,11,1.3,103.5,4.210,-4.4,0,1,58231
2026-04-28T04:06:02,20.311918,-42.864174,8.4,13.68,68.4,11,1.3,103.7,4.211,-4.2,0,1,58232
2026-04-28T04:06:31,20.312510,-42.862350,8.6,13.74,71.0,10,1.9,103.8,4.211,-4.2,0,1,58233
2026-04-28T04:07:00,20.313244,-42.860607,12.9,13.76,64.5,10,1.9,103.5,4.213,-4.4,0,1,58234
2026-04-28T04:07:29,20.313923,-42.858810,13.9,12.71,60.8,11,1.3,103.8,4.213,2764.3,0,1,58235
2026-04-28T04:07:58,20.314678,-42.856979,13.7,14.03,65.1,10,1.9,103.7,4.214,-4.2,0,1,58236
2026-04-28T04:08:27,20.315371,-42.855240,18.1,14.02,66.8,11,1.3,104.0,4.211,-4.2,0,1,58237
2026-04-28T04:08:56,20.316063,-42.853424,19.7,13.55,67.2,10,1.4,104.0,4.213,-4.2,0,1,58238
2026-04-28T04:09:25,20.316717,-42.851608,19.2,13.96,67.6,9,1.5,103.8,4.214,-4.2,0,1,58239
2026-04-28T04:09:54,20.317436,-42.849827,19.2,13.99,71.0,10,1.4,104.0,4.214,-4.2,0,1,58240
2026-04-28T04:10:23,20.317991,-42.848030,26.2,12.86,73.4,9,2.0,104.1,4.213,-4.4,0,1,58241
2026-04-28T04:10:52,20.318737,-42.846149,27.1,13.76,65.9,10,1.4,103.8,4.214,-4.2,0,1,58242
2026-04-28T04:11:21,20.319462,-42.844357,27.1,12.95,74.2,10,1.4,104.0,4.215,-4.2,0,1,58243
2026-04-28T04:11:50,20.320095,-42.842556,27.1,13.85,70.1,10,1.4,104.1,4.214,-4.4,0,1,58244
2026-04-28T04:12:19,20.320665,-42.840675,15.6,14.14,69.1,9,2.0,103.8,4.215,-4.2,0,1,58245
2026-04-28T04:12:48,20.321386,-42.838886,12.6,13.83,69.9,9,2.0,103.8,4.214,-4.2,0,1,58246
2026-04-28T04:13:17,20.322151,-42.837124,16.9,14.51,64.2,10,1.3,104.3,4.215,-4.2,0,1,58247
2026-04-28T04:13:46,20.322847,-42.835327,18.0,13.61,65.0,10,1.3,103.8,4.215,-4.2,0,1,58248
2026-04-28T04:14:15,20.323593,-42.833569,23.0,13.44,69.4,10,1.3,104.1,4.215,-4.4,0,1,58249
2026-04-28T04:14:44,20.324354,-42.831741,24.3,13.57,65.7,9,1.4,103.8,4.214,2764.3,0,1,58250
2026-04-28T04:15:14,20.325113,-42.829887,25.9,13.94,67.7,9,2.0,104.1,4.215,-4.4,0,1,58251
2026-04-28T04:15:43,20.325779,-42.828133,27.3,12.41,70.9,9,1.5,103.8,4.215,-4.2,0,1,58252
2026-04-28T04:16:12,20.326456,-42.826340,25.8,13.59,66.9,10,1.3,104.3,4.215,-4.2,0,1,58253
2026-04-28T04:16:41,20.327038,-42.824490,20.7,14.21,65.3,10,1.3,104.1,4.215,-4.4,0,1,58254
2026-04-28T04:17:10,20.327772,-42.822723,21.3,13.75,66.2,9,2.0,104.1,4.214,-4.4,0,1,58255
2026-04-28T04:17:39,20.328537,-42.820984,28.2,13.54,71.0,10,1.3,104.1,4.215,-4.4,0,1,58256
2026-04-28T04:18:08,20.329199,-42.819199,33.8,14.05,68.3,10,1.3,104.0,4.215,-4.2,0,1,58257
2026-04-28T04:18:37,20.329824,-42.817429,35.5,13.69,70.4,9,2.0,104.5,4.215,-4.2,0,1,58258
2026-04-28T04:19:06,20.330482,-42.815643,34.0,13.85,68.8,10,1.3,104.1,4.214,-4.4,0,1,58259
2026-04-28T04:19:35,20.331182,-42.813843,34.9,12.74,67.9,10,1.3,104.1,4.216,-4.4,0,1,58260
2026-04-28T04:20:04,20.331863,-42.812031,28.5,13.88,64.7,10,1.3,104.1,4.215,-4.4,0,1,58261
2026-04-28T04:20:33,20.332478,-42.810207,19.4,12.72,70.7,10,1.3,104.1,4.216,-4.4,0,1,58262
2026-04-28T04:21:02,20.333084,-42.808380,13.3,13.59,63.0,9,2.0,104.1,4.216,-4.4,0,1,58263
2026-04-28T04:21:31,20.333748,-42.806549,13.9,14.44,71.5,9,2.0,104.1,4.216,-4.4,0,1,58264
2026-04-28T04:22:00,20.334492,-42.804760,13.1,13.75,70.0,9,2.0,104.3,4.216,-4.2,0,1,58265
2026-04-28T04:22:29,20.335148,-42.802925,13.2,13.01,69.6,9,2.0,104.1,4.215,-4.4,0,1,58266
2026-04-28T04:22:58,20.335905,-42.801170,20.0,13.63,63.6,9,2.0,104.3,4.216,-4.2,0,1,58267
2026-04-28T04:23:27,20.336542,-42.799324,19.9,13.67,65.6,9,2.1,104.3,4.215,-4.2,0,1,58268
2026-04-28T04:23:56,20.337351,-42.797558,19.2,13.72,68.0,9,2.1,104.3,4.215,-4.2,0,1,58269
2026-04-28T04:24:25,20.338045,-42.795784,25.4,12.86,69.9,9,2.4,104.3,4.218,-4.2,0,1,58270
2026-04-28T04:24:54,20.338709,-42.793991,22.6,13.50,70.6,8,2.6,104.1,4.216,-4.4,0,1,58271
2026-04-28T04:25:23,20.339476,-42.792175,22.4,13.96,71.9,9,2.0,104.0,4.215,-4.2,0,1,58272
2026-04-28T04:25:52,20.340143,-42.790401,23.9,13.78,67.2,9,2.0,104.5,4.216,-4.2,0,1,58273
2026-04-28T04:26:21,20.340837,-42.788593,23.6,13.03,71.4,9,2.0,104.1,4.216,-4.4,0,1,58274
2026-04-28T04:26:50,20.341528,-42.786789,22.0,13.30,64.8,9,2.0,104.3,4.215,-4.2,0,1,58275
2026-04-28T04:27:19,20.342203,-42.784985,23.1,13.35,67.8,7,2.8,104.3,4.218,-4.2,0,1,58276
2026-04-28T04:27:49,20.342859,-42.783142,19.4,13.62,71.7,9,2.0,104.3,4.218,-4.2,0,1,58277
2026-04-28T04:28:18,20.343525,-42.781345,22.0,13.01,79.5,9,2.0,104.5,4.215,-4.2,0,1,58278
2026-04-28T04:28:47,20.344170,-42.779518,20.6,13.10,71.0,9,2.0,104.1,4.218,-4.4,0,1,58279
2026-04-28T04:29:16,20.344931,-42.777752,18.7,13.62,67.8,9,2.0,104.5,4.216,-4.2,0,1,58280
2026-04-28T04:29:45,20.345543,-42.775948,15.8,12.51,69.7,9,2.0,104.5,4.216,-4.2,0,1,58281
2026-04-28T04:30:14,20.346201,-42.774162,12.7,14.89,69.6,9,2.0,104.6,4.215,-4.2,0,1,58282
2026-04-28T04:30:43,20.346720,-42.772346,5.9,13.12,76.1,9,2.0,104.5,4.218,-4.2,0,1,58283
2026-04-28T04:31:12,20.347366,-42.770611,9.8,12.80,72.3,9,2.0,104.3,4.216,2777.0,0,1,58284
2026-04-28T04:31:41,20.348106,-42.768848,13.7,13.39,71.2,9,2.0,104.6,4.218,-4.2,0,1,58285
2026-04-28T04:32:10,20.348660,-42.767014,11.0,13.63,70.7,9,2.0,104.3,4.218,-4.2,0,1,58286
2026-04-28T04:32:39,20.349443,-42.765224,17.6,13.67,59.3,9,2.0,104.3,4.218,-4.2,0,1,58287
2026-04-28T04:33:08,20.350000,-42.763458,12.9,12.30,68.6,9,2.0,104.3,4.216,-4.2,0,1,58288
2026-04-28T04:33:37,20.350628,-42.761662,13.9,12.99,73.9,8,2.1,104.6,4.216,-4.2,0,1,58289
2026-04-28T04:34:06,20.351254,-42.759892,8.0,13.96,75.9,9,2.0,104.3,4.218,-4.2,0,1,58290
2026-04-28T04:34:35,20.352085,-42.758133,17.5,13.56,69.4,9,2.0,104.5,4.218,-4.2,0,1,58291
2026-04-28T04:35:04,20.352777,-42.756416,17.6,14.30,61.4,9,2.0,104.3,4.216,-4.2,0,1,58292
2026-04-28T04:35:33,20.353498,-42.754658,22.8,13.30,64.4,9,2.0,104.5,4.218,-4.2,0,1,58293
2026-04-28T04:36:02,20.354193,-42.752895,20.0,13.81,71.0,9,2.0,104.3,4.218,-4.2,0,1,58294
2026-04-28T04:36:31,20.354904,-42.751102,25.1,13.59,66.1,8,2.1,104.5,4.216,-4.2,0,1,58295
2026-04-28T04:37:00,20.355480,-42.749306,17.1,13.99,73.9,9,2.0,104.5,4.216,-4.2,0,1,58296
2026-04-28T04:37:29,20.356226,-42.747559,18.1,13.37,68.2,9,1.9,104.3,4.216,-4.2,0,1,58297
2026-04-28T04:37:58,20.356897,-42.745762,19.6,12.97,73.8,9,1.9,104.5,4.218,-4.2,0,1,58298
2026-04-28T04:38:27,20.357639,-42.743980,18.9,14.65,68.6,9,1.9,104.5,4.216,-4.2,0,1,58299
2026-04-28T04:38:56,20.358433,-42.742226,24.9,14.07,67.2,9,1.9,104.3,4.218,-4.2,0,1,58300
2026-04-28T04:39:25,20.358919,-42.740395,16.1,14.08,65.9,9,1.9,104.6,4.218,-4.2,0,1,58301
2026-04-28T04:39:54,20.359690,-42.738628,23.8,13.75,62.7,9,1.9,104.5,4.218,-4.2,0,1,58302
2026-04-28T04:40:23,20.360350,-42.736881,24.3,12.97,66.2,9,1.9,104.5,4.219,-4.2,0,1,58303
2026-04-28T04:40:52,20.361065,-42.735077,18.8,13.20,64.9,9,1.9,104.5,4.218,-4.2,0,1,58304
2026-04-28T04:41:21,20.361759,-42.733299,17.9,13.74,77.7,9,1.9,104.5,4.219,-4.2,0,1,58305
2026-04-28T04:41:50,20.362314,-42.731529,17.5,13.08,69.9,9,1.9,104.5,4.218,-4.2,0,1,58306
2026-04-28T04:42:19,20.363110,-42.729713,6.0,13.86,64.8,9,1.9,104.1,4.218,-4.4,0,1,58307
2026-04-28T04:42:48,20.363794,-42.727989,14.2,12.62,69.7,9,1.9,104.8,4.216,-4.4,0,1,58308
2026-04-28T04:43:17,20.364464,-42.726219,10.7,13.96,71.4,9,1.9,104.3,4.218,-4.2,0,1,58309
2026-04-28T04:43:46,20.365135,-42.724373,4.8,12.80,69.5,9,1.8,104.3,4.218,-4.2,0,1,58310
2026-04-28T04:44:15,20.365650,-42.722553,1.3,13.48,70.7,9,1.8,104.5,4.218,-4.2,0,1,58311
2026-04-28T04:44:44,20.366278,-42.720814,14.5,13.82,67.7,8,2.6,104.9,4.218,-4.2,0,1,58312
2026-04-28T04:45:13,20.366955,-42.719044,27.2,13.84,70.4,9,1.8,104.5,4.218,-4.2,0,1,58313
2026-04-28T04:45:42,20.367643,-42.717297,32.8,13.63,69.5,9,1.8,104.3,4.219,-4.2,0,1,58314
2026-04-28T04:46:11,20.368511,-42.715546,36.3,13.21,68.5,9,1.8,104.1,4.219,-4.4,0,1,58315
2026-04-28T04:46:40,20.369118,-42.713669,28.9,13.13,66.2,9,1.8,104.6,4.218,-4.2,0,1,58316
2026-04-28T04:47:09,20.369827,-42.711933,31.3,14.09,66.8,9,1.8,104.5,4.216,-4.2,0,1,58317
2026-04-28T04:47:38,20.370480,-42.710175,29.6,12.48,68.3,9,1.8,104.3,4.218,-4.2,0,1,58318
2026-04-28T04:48:07,20.371113,-42.708401,23.4,12.28,67.2,9,1.8,104.3,4.219,-4.2,0,1,58319
2026-04-28T04:48:36,20.371790,-42.706612,22.5,13.77,75.8,8,1.8,104.6,4.219,-4.2,0,1,58320
2026-04-28T04:49:05,20.372570,-42.704830,26.6,13.78,59.3,9,1.8,104.5,4.218,-4.2,0,1,58321
2026-04-28T04:49:34,20.373232,-42.703037,22.7,12.81,66.5,9,1.7,104.6,4.219,-4.2,0,1,58322
2026-04-28T04:50:03,20.373899,-42.701233,21.1,13.28,70.4,9,1.7,104.6,4.218,-4.2,0,1,58323
2026-04-28T04:50:32,20.374548,-42.699398,9.5,13.32,77.1,8,2.6,104.5,4.218,-4.2,0,1,58324
2026-04-28T04:51:01,20.375143,-42.697624,-8.6,13.94,61.6,9,1.7,104.6,4.218,-4.2,0,1,58325
2026-04-28T04:51:30,20.375731,-42.695835,-7.3,13.72,73.6,9,1.7,104.5,4.218,-4.2,0,1,58326
2026-04-28T04:51:59,20.376413,-42.694092,-10.1,13.56,67.0,8,2.6,104.5,4.219,-4.2,0,1,58327
2026-04-28T04:52:28,20.377216,-42.692303,-4.9,14.01,65.0,10,1.4,104.3,4.218,-4.2,0,1,58328
2026-04-28T04:52:57,20.377867,-42.690498,1.0,13.56,71.0,9,1.6,104.6,4.220,-4.2,0,1,58329
2026-04-28T04:53:26,20.378548,-42.688740,-1.1,12.85,62.1,9,1.6,104.6,4.216,-4.2,0,1,58330
2026-04-28T04:53:55,20.379221,-42.686920,-6.6,13.35,67.8,9,1.6,104.5,4.218,-4.2,0,1,58331
2026-04-28T04:54:24,20.380007,-42.685188,-4.5,13.35,63.3,9,1.6,104.5,4.219,-4.2,0,1,58332
2026-04-28T04:54:54,20.380749,-42.683346,-8.8,13.85,62.5,10,1.3,104.5,4.218,-4.2,0,1,58333
2026-04-28T04:55:23,20.381401,-42.681530,-9.6,12.95,70.8,9,1.6,104.6,4.218,-4.2,0,1,58334
2026-04-28T04:55:52,20.382040,-42.679672,-11.3,13.64,68.8,9,1.6,104.3,4.218,-4.2,0,1,58335
2026-04-28T04:56:21,20.382753,-42.677879,-17.5,13.29,73.9,9,1.6,104.6,4.220,-4.2,0,1,58336
2026-04-28T04:56:50,20.383451,-42.676113,-23.1,12.99,69.0,9,1.6,104.5,4.219,-4.2,0,1,58337
2026-04-28T04:57:19,20.384148,-42.674267,-25.4,13.63,63.9,8,1.7,104.5,4.218,-4.2,0,1,58338
2026-04-28T04:57:48,20.384768,-42.672409,-30.6,12.98,72.8,8,1.8,104.5,4.219,-4.2,0,1,58339
2026-04-28T04:58:17,20.385382,-42.670570,-33.8,12.83,69.3,8,1.8,104.6,4.220,-4.2,0,1,58340
2026-04-28T04:58:46,20.386070,-42.668781,-35.3,12.80,70.7,8,1.8,104.5,4.218,-4.2,0,1,58341
2026-04-28T04:59:15,20.386751,-42.666981,-37.2,14.08,65.4,8,1.8,104.5,4.219,-4.2,0,1,58342
2026-04-28T04:59:44,20.387415,-42.665119,-47.1,13.31,65.0,8,1.8,104.6,4.219,-4.2,0,1,58343
2026-04-28T05:00:13,20.388052,-42.663261,-51.5,13.71,67.9,7,2.1,104.5,4.218,-4.2,0,1,58344
2026-04-28T05:00:42,20.388718,-42.661419,-55.6,14.15,70.3,8,1.8,104.6,4.218,-4.2,0,1,58345
2026-04-28T05:01:11,20.389418,-42.659653,-61.2,13.37,70.3,8,1.8,104.5,4.216,-4.2,0,1,58346
2026-04-28T05:01:40,20.390089,-42.657837,-55.1,13.69,67.8,8,1.8,104.5,4.219,-4.2,0,1,58347
2026-04-28T05:02:09,20.390772,-42.656040,-49.0,13.23,70.5,8,1.8,104.6,4.220,-4.2,0,1,58348
2026-04-28T05:02:38,20.391411,-42.654224,-41.3,14.03,77.9,8,1.8,104.6,4.219,-4.2,0,1,58349
2026-04-28T05:03:07,20.392172,-42.652485,-31.8,13.48,70.8,8,1.8,104.6,4.216,-4.2,0,1,58350
2026-04-28T05:03:36,20.392868,-42.650696,-27.0,13.99,67.5,8,1.8,104.5,4.218,-4.2,0,1,58351
2026-04-28T05:04:05,20.393572,-42.648918,-24.1,13.29,72.3,8,1.8,104.6,4.218,-4.2,0,1,58352
2026-04-28T05:04:34,20.394306,-42.647121,-26.4,13.46,70.0,8,1.8,104.6,4.218,-4.2,0,1,58353
2026-04-28T05:05:03,20.395042,-42.645367,-25.5,13.94,63.8,8,1.8,104.5,4.218,-4.2,0,1,58354
2026-04-28T05:05:32,20.395712,-42.643589,-23.0,12.64,67.7,8,1.8,104.5,4.220,-4.2,0,1,58355
2026-04-28T05:06:01,20.396376,-42.641762,-21.6,13.68,63.5,8,1.8,104.5,4.220,-4.2,0,1,58356
2026-04-28T05:06:30,20.397097,-42.639984,-22.6,13.49,69.7,8,1.8,104.6,4.219,-4.2,0,1,58357
2026-04-28T05:06:59,20.397770,-42.638165,-16.9,14.13,63.5,8,1.8,104.6,4.218,-4.2,0,1,58358
2026-04-28T05:07:28,20.398470,-42.636383,-11.4,14.06,70.9,8,1.8,104.1,4.214,-4.4,0,1,58359
2026-04-28T05:07:57,20.399134,-42.634602,-1.3,13.17,68.4,8,1.8,104.0,4.214,-4.2,0,1,58360
2026-04-28T05:08:26,20.399878,-42.632904,-5.0,14.27,65.2,8,1.8,104.0,4.213,-4.2,0,1,58361
2026-04-28T05:08:55,20.400486,-42.631062,-1.3,13.58,66.4,8,1.8,104.1,4.213,-4.4,0,1,58362
2026-04-28T05:09:24,20.401192,-42.629208,0.5,13.38,69.4,8,1.8,104.0,4.214,-4.2,0,1,58363
2026-04-28T05:09:53,20.401827,-42.627422,6.7,13.45,70.8,8,1.8,104.1,4.214,-4.4,0,1,58364
2026-04-28T05:10:22,20.402397,-42.625542,-6.2,13.25,72.7,8,1.8,104.0,4.214,2768.5,0,1,58365
2026-04-28T05:10:51,20.402996,-42.623711,-11.1,13.96,74.5,8,1.8,103.8,4.213,-4.2,0,1,58366
2026-04-28T05:11:20,20.403738,-42.621933,-11.4,14.19,66.9,8,1.8,104.0,4.213,-4.2,0,1,58367
2026-04-28T05:11:49,20.404352,-42.620148,-15.8,12.75,67.6,8,1.8,103.8,4.211,-4.2,0,1,58368
2026-04-28T05:12:18,20.405025,-42.618332,-21.3,13.55,73.1,8,1.8,103.8,4.215,-4.2,0,1,58369
2026-04-28T05:12:47,20.405697,-42.616535,-15.8,13.32,74.2,8,1.7,103.8,4.214,-4.2,0,1,58370
2026-04-28T05:13:16,20.406454,-42.614796,-12.4,13.89,59.9,8,1.7,103.8,4.213,-4.2,0,1,58371
2026-04-28T05:13:45,20.407139,-42.612984,-14.1,13.57,69.4,9,1.3,104.0,4.214,-4.2,0,1,58372
2026-04-28T05:14:14,20.407824,-42.611206,-14.8,13.54,66.1,7,2.5,104.3,4.211,-4.2,0,1,58373
2026-04-28T05:14:44,20.408529,-42.609352,-20.1,13.76,65.1,8,1.7,103.8,4.213,-4.2,0,1,58374
2026-04-28T05:15:13,20.409206,-42.607548,-19.3,13.66,70.1,8,1.7,104.0,4.214,-4.2,0,1,58375
2026-04-28T05:15:42,20.409822,-42.605762,-22.4,13.81,72.3,9,1.6,103.8,4.214,-4.2,0,1,58376
2026-04-28T05:16:11,20.410482,-42.603935,-17.2,13.25,61.9,10,1.2,103.8,4.213,-4.2,0,1,58377
2026-04-28T05:16:40,20.411121,-42.602104,-6.4,14.04,65.9,9,1.6,104.0,4.211,-4.2,0,1,58378
2026-04-28T05:17:09,20.411839,-42.600342,-16.5,13.42,65.7,8,1.6,103.8,4.213,-4.2,0,1,58379
2026-04-28T05:17:38,20.412470,-42.598495,-13.5,13.47,65.7,9,1.6,103.8,4.211,-4.2,0,1,58380
2026-04-28T05:18:07,20.413134,-42.596714,-7.8,13.45,72.4,9,1.6,104.3,4.213,-4.2,0,1,58381
2026-04-28T05:18:36,20.413898,-42.594978,-10.8,13.43,69.4,9,1.6,103.8,4.213,-4.2,0,1,58382
2026-04-28T05:19:05,20.414604,-42.593166,-6.5,13.86,67.5,9,1.6,103.8,4.213,-4.2,0,1,58383
2026-04-28T05:19:34,20.415245,-42.591312,-1.8,13.82,73.7,9,1.6,104.0,4.213,-4.2,0,1,58384
2026-04-28T05:20:03,20.415865,-42.589470,-18.4,13.07,72.4,9,1.6,103.8,4.213,-4.2,0,1,58385
2026-04-28T05:20:32,20.416582,-42.587677,-13.7,14.01,72.5,9,1.6,103.7,4.214,-4.2,0,1,58386
2026-04-28T05:21:01,20.417324,-42.585968,-30.3,13.70,66.1,9,1.6,103.8,4.215,-4.2,0,1,58387
2026-04-28T05:21:30,20.418032,-42.584179,-25.1,13.65,67.3,9,1.5,103.8,4.213,-4.2,0,1,58388
2026-04-28T05:21:59,20.418745,-42.582363,-24.0,13.88,67.0,9,1.5,104.0,4.213,-4.2,0,1,58389
2026-04-28T05:22:28,20.419424,-42.580570,-31.3,13.79,67.5,8,1.6,104.0,4.213,-4.2,0,1,58390
2026-04-28T05:22:57,20.420174,-42.578804,-21.3,13.19,63.1,9,1.5,104.1,4.213,-4.4,0,1,58391
2026-04-28T05:23:26,20.420900,-42.577038,-14.6,13.50,67.6,9,1.5,103.8,4.211,-4.2,0,1,58392
2026-04-28T05:23:55,20.421543,-42.575222,-6.4,13.50,70.0,9,1.5,103.7,4.214,-4.2,0,1,58393
2026-04-28T05:24:24,20.422258,-42.573414,-1.5,13.96,71.5,9,1.5,104.0,4.213,-4.2,0,1,58394
2026-04-28T05:24:53,20.422930,-42.571602,-7.7,13.69,68.1,8,1.6,103.7,4.213,-4.2,0,1,58395
2026-04-28T05:25:22,20.423615,-42.569775,-4.8,13.26,68.5,9,1.5,104.0,4.211,-4.2,0,1,58396
2026-04-28T05:25:51,20.424322,-42.567928,-0.4,13.43,67.9,9,1.5,103.8,4.214,-4.2,0,1,58397
2026-04-28T05:26:20,20.425041,-42.566120,-3.6,13.67,62.7,9,1.5,103.7,4.213,-4.2,0,1,58398
2026-04-28T05:26:49,20.425714,-42.564274,-8.5,14.95,69.7,9,1.5,103.8,4.213,-4.2,0,1,58399
2026-04-28T05:27:18,20.426388,-42.562450,9.2,12.76,68.4,9,1.5,103.7,4.214,-4.2,0,1,58400
2026-04-28T05:27:47,20.427071,-42.560638,14.0,13.62,68.9,9,1.5,103.7,4.213,-4.2,0,1,58401
2026-04-28T05:28:16,20.427742,-42.558826,14.4,13.70,68.4,9,1.5,103.8,4.214,-4.2,0,1,58402
2026-04-28T05:28:45,20.428394,-42.556984,7.1,13.50,66.0,9,1.5,103.8,4.211,-4.2,0,1,58403
2026-04-28T05:29:14,20.429096,-42.555176,4.3,13.40,67.9,9,1.5,103.8,4.213,-4.2,0,1,58404
2026-04-28T05:29:43,20.429747,-42.553371,0.6,14.25,65.5,9,1.5,104.0,4.213,-4.2,0,1,58405
2026-04-28T05:30:12,20.430393,-42.551540,-6.2,14.14,68.6,9,1.5,103.5,4.213,-4.4,0,1,58406
2026-04-28T05:30:41,20.431097,-42.549713,-1.7,13.61,64.7,9,1.5,103.7,4.213,-4.2,0,1,58407
2026-04-28T05:31:10,20.431755,-42.547882,3.3,14.23,66.8,9,1.5,103.7,4.210,-4.2,0,1,58408
2026-04-28T05:31:39,20.432449,-42.546066,-1.4,14.02,71.1,9,1.5,103.7,4.211,-4.2,0,1,58409
2026-04-28T05:32:08,20.433084,-42.544262,2.9,14.44,62.9,9,1.5,103.8,4.213,-4.2,0,1,58410
2026-04-28T05:32:37,20.433765,-42.542442,5.0,14.48,68.2,9,1.5,103.5,4.213,-4.4,0,1,58411
2026-04-28T05:33:06,20.434462,-42.540638,7.8,14.39,63.7,9,1.5,103.8,4.213,-4.2,0,1,58412
2026-04-28T05:33:35,20.435165,-42.538815,12.7,13.86,65.6,9,1.5,103.8,4.213,-4.2,0,1,58413
2026-04-28T05:34:04,20.435863,-42.537025,11.8,14.06,66.7,9,1.5,104.0,4.211,-4.2,0,1,58414
2026-04-28T05:34:33,20.436460,-42.535152,8.8,13.87,66.8,9,1.5,103.8,4.213,-4.2,0,1,58415
2026-04-28T05:35:02,20.437117,-42.533371,2.6,14.01,66.7,9,1.5,103.7,4.214,-4.2,0,1,58416
2026-04-28T05:35:31,20.437738,-42.531525,-8.5,13.81,70.5,9,1.5,103.8,4.213,-4.2,0,1,58417
2026-04-28T05:36:00,20.438540,-42.529758,-7.1,13.75,62.7,10,1.4,103.8,4.213,-4.2,0,1,58418
2026-04-28T05:36:29,20.439224,-42.527950,-2.5,13.45,62.6,10,1.4,103.7,4.211,-4.2,0,1,58419
2026-04-28T05:36:58,20.439903,-42.526089,-5.5,13.57,64.9,10,1.4,104.0,4.211,-4.2,0,1,58420
2026-04-28T05:37:27,20.440584,-42.524292,-1.7,12.96,66.0,10,1.4,103.7,4.211,-4.2,0,1,58421
2026-04-28T05:37:56,20.441242,-42.522511,-0.2,13.66,72.4,10,1.4,103.8,4.213,-4.2,0,1,58422
2026-04-28T05:38:25,20.441988,-42.520657,1.8,14.10,69.6,10,1.4,103.7,4.211,-4.2,0,1,58423
2026-04-28T05:38:54,20.442663,-42.518837,-3.6,13.17,63.5,10,1.4,103.8,4.213,-4.2,0,1,58424
2026-04-28T05:39:23,20.443359,-42.516994,-1.6,13.34,68.9,9,1.4,103.8,4.211,-4.2,0,1,58425
2026-04-28T05:39:52,20.444143,-42.515175,-0.5,13.56,64.9,10,1.4,103.7,4.213,-4.2,0,1,58426
2026-04-28T05:40:21,20.444773,-42.513355,-3.2,13.20,67.4,10,1.4,103.7,4.213,-4.2,0,1,58427
2026-04-28T05:40:50,20.445446,-42.511482,1.6,13.90,64.4,10,1.4,103.7,4.213,-4.2,0,1,58428
2026-04-28T05:41:19,20.446184,-42.509647,4.5,13.55,64.2,10,1.4,103.8,4.213,-4.2,0,1,58429
2026-04-28T05:41:48,20.446840,-42.507828,1.0,14.45,60.8,10,1.4,103.8,4.213,-4.2,0,1,58430
2026-04-28T05:42:17,20.447519,-42.506004,3.4,12.98,73.5,10,1.3,103.8,4.211,-4.2,0,1,58431
2026-04-28T05:42:46,20.448172,-42.504147,-0.4,14.07,65.4,10,1.3,103.8,4.211,-4.2,0,1,58432
2026-04-28T05:43:15,20.448774,-42.502342,-17.1,14.13,74.6,9,1.3,103.5,4.213,-4.4,0,1,58433
2026-04-28T05:43:44,20.449493,-42.500507,-1.3,13.79,73.2,10,1.3,103.5,4.211,-4.4,0,1,58434
2026-04-28T05:44:13,20.450174,-42.498718,-10.8,13.66,69.1,10,1.3,103.5,4.211,-4.4,0,1,58435
2026-04-28T05:44:42,20.450874,-42.496933,-8.8,13.88,68.4,10,1.3,103.7,4.211,-4.2,0,1,58436
2026-04-28T05:45:11,20.451635,-42.495121,0.3,14.31,67.6,9,1.3,103.7,4.213,-4.2,0,1,58437
2026-04-28T05:45:40,20.452301,-42.493320,9.6,14.28,65.9,9,1.3,103.7,4.213,-4.2,0,1,58438
2026-04-28T05:46:09,20.453033,-42.491505,18.6,14.65,68.2,9,1.3,103.5,4.211,-4.4,0,1,58439
2026-04-28T05:46:38,20.453753,-42.489689,12.7,13.46,70.9,9,1.3,103.7,4.211,-4.2,0,1,58440
2026-04-28T05:47:07,20.454437,-42.487900,13.8,12.96,66.2,9,1.3,103.8,4.213,-4.2,0,1,58441
2026-04-28T05:47:36,20.455132,-42.486057,16.7,14.65,69.3,9,1.3,104.0,4.211,-4.2,0,1,58442
2026-04-28T05:48:05,20.455757,-42.484283,21.1,13.84,67.7,9,1.3,103.7,4.213,-4.2,0,1,58443
2026-04-28T05:48:34,20.456385,-42.482449,18.0,13.53,66.6,9,1.3,103.8,4.210,-4.2,0,1,58444
2026-04-28T05:49:03,20.457064,-42.480679,16.6,14.08,71.7,9,1.3,103.5,4.213,-4.4,0,1,58445
2026-04-28T05:49:32,20.457718,-42.478928,7.7,13.74,67.8,9,1.3,103.5,4.211,-4.4,0,1,58446
2026-04-28T05:50:01,20.458445,-42.477177,5.6,13.65,67.6,9,1.3,103.7,4.211,-4.2,0,1,58447
2026-04-28T05:50:30,20.459072,-42.475334,4.5,13.15,74.0,9,1.3,103.8,4.211,-4.2,0,1,58448
2026-04-28T05:50:59,20.459732,-42.473503,0.0,13.24,69.5,9,1.3,103.7,4.211,-4.2,0,1,58449
2026-04-28T05:51:28,20.460516,-42.471752,9.2,13.56,69.5,9,1.3,103.8,4.214,-4.2,0,1,58450
2026-04-28T05:51:57,20.461185,-42.469925,4.4,13.37,71.5,9,1.3,103.7,4.211,-4.2,0,1,58451
2026-04-28T05:52:26,20.461857,-42.468182,5.3,13.84,67.1,9,1.3,103.7,4.214,-4.2,0,1,58452
2026-04-28T05:52:55,20.462437,-42.466370,5.1,14.02,67.9,10,1.3,103.7,4.211,-4.2,0,1,58453
2026-04-28T05:53:24,20.463135,-42.464546,6.1,13.84,64.1,10,1.3,103.7,4.211,-4.2,0,1,58454
2026-04-28T05:53:53,20.463793,-42.462715,11.9,13.26,68.2,8,2.1,103.7,4.211,-4.2,0,1,58455
2026-04-28T05:54:22,20.464487,-42.460953,13.0,13.31,70.5,9,2.0,103.8,4.210,2764.3,0,1,58456
2026-04-28T05:54:51,20.465185,-42.459202,7.9,12.83,69.0,8,2.2,103.7,4.211,-4.2,0,1,58457
2026-04-28T05:55:20,20.465843,-42.457352,0.5,13.24,66.9,9,1.3,103.8,4.211,-4.2,0,1,58458
2026-04-28T05:55:49,20.466555,-42.455585,7.6,12.56,69.3,10,1.2,103.7,4.211,-4.2,0,1,58459
2026-04-28T05:56:18,20.467257,-42.453777,7.0,13.86,65.4,10,1.2,103.7,4.210,-4.2,0,1,58460
2026-04-28T05:56:47,20.467903,-42.451942,11.4,12.58,68.0,10,1.2,103.7,4.210,2760.2,0,1,58461
2026-04-28T05:57:16,20.468563,-42.450199,7.3,12.69,68.0,10,1.2,103.7,4.211,-4.2,0,1,58462
2026-04-28T05:57:45,20.469269,-42.448406,8.2,14.70,62.2,10,1.2,103.7,4.211,-4.2,0,1,58463
2026-04-28T05:58:14,20.469959,-42.446625,3.4,12.75,71.7,9,2.1,103.5,4.211,-4.4,0,1,58464
2026-04-28T05:58:43,20.470667,-42.444824,12.8,14.01,72.7,10,1.2,103.7,4.211,-4.2,0,1,58465
2026-04-28T05:59:12,20.471302,-42.443016,17.3,12.74,69.3,10,1.2,103.8,4.210,-4.2,0,1,58466
2026-04-28T05:59:41,20.472013,-42.441185,21.9,14.12,72.7,9,2.2,103.7,4.213,-4.2,0,1,58467
2026-04-28T06:00:10,20.472610,-42.439342,24.7,13.03,67.5,9,2.2,103.7,4.210,2760.2,0,1,58468
2026-04-28T06:00:39,20.473366,-42.437595,22.6,13.34,60.9,9,2.2,103.5,4.214,-4.4,0,1,58469
2026-04-28T06:01:09,20.474077,-42.435719,16.5,12.50,68.5,9,2.2,103.7,4.211,-4.2,0,1,58470
2026-04-28T06:01:38,20.474613,-42.433929,22.6,14.27,69.9,9,2.2,103.7,4.209,-4.2,0,1,58471
2026-04-28T06:02:07,20.475475,-42.432167,30.0,13.38,62.7,9,2.2,103.5,4.211,2755.8,0,1,58472
2026-04-28T06:02:36,20.476099,-42.430370,30.0,13.58,66.1,10,1.9,103.7,4.211,-4.2,0,1,58473
2026-04-28T06:03:05,20.476816,-42.428612,36.3,13.65,66.9,10,1.2,103.7,4.213,-4.2,0,1,58474
2026-04-28T06:03:34,20.477434,-42.426773,42.6,13.66,73.9,11,1.2,103.5,4.211,-4.4,0,1,58475
2026-04-28T06:04:03,20.477892,-42.424995,29.7,13.73,73.2,10,1.2,103.7,4.211,-4.2,0,1,58476
2026-04-28T06:04:32,20.478483,-42.423180,37.5,13.76,73.7,10,2.0,103.8,4.211,-4.2,0,1,58477
2026-04-28T06:05:01,20.479277,-42.421402,37.5,12.54,63.0,10,2.0,103.7,4.213,-4.2,0,1,58478
2026-04-28T06:05:30,20.479946,-42.419621,44.3,13.49,67.0,11,1.2,103.5,4.211,-4.4,0,1,58479
2026-04-28T06:05:59,20.480503,-42.417843,42.1,13.66,70.9,10,1.2,103.8,4.213,-4.2,0,1,58480
2026-04-28T06:06:28,20.481234,-42.416058,43.5,13.04,69.6,12,1.1,103.7,4.210,-4.2,0,1,58481
2026-04-28T06:06:57,20.482002,-42.414280,45.6,13.78,61.9,11,1.7,103.8,4.213,-4.2,0,1,58482
2026-04-28T06:07:26,20.482616,-42.412548,36.6,13.58,70.5,12,1.1,103.5,4.210,-4.4,0,1,58483
2026-04-28T06:07:55,20.483240,-42.410725,35.8,13.97,74.5,11,1.7,103.8,4.213,-4.2,0,1,58484
2026-04-28T06:08:24,20.483864,-42.408894,44.1,13.25,69.1,10,1.7,103.7,4.211,-4.2,0,1,58485
2026-04-28T06:08:53,20.484585,-42.407150,41.5,12.94,67.4,11,1.7,103.7,4.210,-4.2,0,1,58486
2026-04-28T06:09:22,20.485186,-42.405342,43.7,12.50,77.3,11,1.7,103.7,4.213,-4.2,0,1,58487
2026-04-28T06:09:51,20.485920,-42.403503,43.4,14.21,63.6,11,1.7,103.8,4.213,-4.2,0,1,58488
2026-04-28T06:10:20,20.486589,-42.401825,37.2,13.11,70.2,11,1.1,103.5,4.213,-4.4,0,1,58489
2026-04-28T06:10:49,20.487371,-42.400017,42.0,13.92,73.3,11,1.1,103.7,4.213,-4.2,0,1,58490
2026-04-28T06:11:18,20.488096,-42.398235,38.0,13.35,70.4,11,1.7,103.7,4.211,-4.2,0,1,58491
2026-04-28T06:11:47,20.488758,-42.396484,31.1,13.39,67.5,10,2.2,103.8,4.213,-4.2,0,1,58492
2026-04-28T06:12:16,20.489485,-42.394756,39.8,12.75,69.6,12,1.1,103.5,4.211,-4.4,0,1,58493
2026-04-28T06:12:45,20.490234,-42.393024,37.7,12.93,65.7,12,1.3,103.5,4.209,-4.4,0,1,58494
2026-04-28T06:13:14,20.490889,-42.391266,40.0,13.36,70.2,11,1.4,103.7,4.213,-4.2,0,1,58495
2026-04-28T06:13:44,20.491531,-42.389416,37.2,12.88,72.2,12,1.0,103.7,4.213,-4.2,0,1,58496
2026-04-28T06:14:13,20.492187,-42.387650,31.6,12.63,71.1,11,1.4,103.5,4.211,-4.4,0,1,58497
2026-04-28T06:14:42,20.492855,-42.385860,26.8,13.25,69.7,12,1.3,103.5,4.210,-4.4,0,1,58498
2026-04-28T06:15:11,20.493481,-42.384113,27.6,13.89,72.9,12,1.0,103.8,4.211,-4.2,0,1,58499
2026-04-28T06:15:40,20.494198,-42.382309,18.6,13.14,63.6,11,1.4,103.5,4.210,-4.4,0,1,58500
2026-04-28T06:16:09,20.494835,-42.380562,17.0,13.38,59.3,12,1.3,103.7,4.211,-4.2,0,1,58501
2026-04-28T06:16:38,20.495480,-42.378777,17.2,13.92,67.1,13,1.0,103.5,4.213,-4.4,0,1,58502
2026-04-28T06:17:07,20.496214,-42.377022,20.1,12.81,67.9,12,1.3,103.8,4.213,-4.2,0,1,58503
2026-04-28T06:17:36,20.496696,-42.375256,16.6,13.33,67.1,12,1.3,103.7,4.210,-4.2,0,1,58504
2026-04-28T06:18:05,20.497271,-42.373470,11.1,12.84,71.6,12,1.3,103.8,4.211,-4.2,0,1,58505
2026-04-28T06:18:34,20.497988,-42.371693,16.1,14.23,68.3,12,1.3,103.5,4.211,-4.4,0,1,58506
2026-04-28T06:19:03,20.498695,-42.369881,17.5,12.74,69.7,12,1.3,103.5,4.211,-4.4,0,1,58507
2026-04-28T06:19:32,20.499353,-42.368149,13.5,12.88,69.5,10,1.6,103.8,4.211,-4.2,0,1,58508
2026-04-28T06:20:01,20.500143,-42.366402,10.6,13.62,69.8,12,1.0,103.7,4.210,-4.2,0,1,58509
2026-04-28T06:20:30,20.500532,-42.364616,-0.1,13.07,70.8,10,1.6,103.8,4.213,-4.2,0,1,58510
2026-04-28T06:20:59,20.501095,-42.362858,-9.0,13.81,58.8,11,1.4,103.7,4.211,-4.2,0,1,58511
2026-04-28T06:21:28,20.501799,-42.361099,-2.7,13.31,67.4,11,1.4,103.7,4.213,-4.2,0,1,58512
2026-04-28T06:21:57,20.502419,-42.359291,2.7,13.69,77.8,12,1.3,103.5,4.213,-4.4,0,1,58513
2026-04-28T06:22:26,20.503082,-42.357487,-2.6,13.24,63.7,12,1.0,103.5,4.210,-4.4,0,1,58514
2026-04-28T06:22:55,20.503714,-42.355747,2.1,12.84,69.1,12,1.0,103.7,4.211,-4.2,0,1,58515
2026-04-28T06:23:24,20.504364,-42.353924,9.5,13.12,66.0,10,1.6,103.7,4.211,-4.2,0,1,58516
2026-04-28T06:23:54,20.505066,-42.352142,7.3,12.71,70.3,11,1.0,104.0,4.210,-4.2,0,1,58517
2026-04-28T06:24:23,20.505749,-42.350372,13.7,12.55,73.0,9,1.2,103.5,4.211,-4.4,0,1,58518
2026-04-28T06:24:52,20.506401,-42.348637,22.4,12.51,70.7,11,1.6,103.7,4.211,-4.2,0,1,58519
2026-04-28T06:25:21,20.507067,-42.346886,26.3,13.68,61.8,9,1.8,103.7,4.213,-4.2,0,1,58520
2026-04-28T06:25:50,20.507812,-42.345161,33.1,13.44,67.1,11,1.6,103.7,4.210,-4.2,0,1,58521
2026-04-28T06:26:19,20.508440,-42.343365,26.1,13.22,73.9,11,1.4,103.7,4.213,-4.2,0,1,58522
2026-04-28T06:26:48,20.509130,-42.341637,20.0,12.58,66.9,11,1.6,103.5,4.211,-4.4,0,1,58523
2026-04-28T06:27:17,20.509806,-42.339909,13.8,12.90,67.3,11,1.4,103.5,4.211,-4.4,0,1,58524
2026-04-28T06:27:46,20.510422,-42.338108,12.8,13.87,70.5,11,1.7,103.7,4.211,-4.2,0,1,58525
2026-04-28T06:28:15,20.511160,-42.336338,22.3,13.51,70.1,10,1.7,103.7,4.211,-4.2,0,1,58526
2026-04-28T06:28:44,20.511770,-42.334606,8.7,13.11,70.8,10,1.7,103.7,4.211,-4.2,0,1,58527
2026-04-28T06:29:13,20.512545,-42.332878,23.9,13.73,68.6,12,1.0,103.4,4.211,-4.2,0,1,58528
2026-04-28T06:29:42,20.513096,-42.331051,22.2,13.23,66.2,11,1.4,103.8,4.210,-4.2,0,1,58529
2026-04-28T06:30:11,20.513832,-42.329311,26.4,12.52,71.9,12,1.3,103.7,4.211,-4.2,0,1,58530
2026-04-28T06:30:40,20.514521,-42.327621,17.8,13.41,65.1,10,1.8,103.5,4.211,-4.4,0,1,58531
2026-04-28T06:31:09,20.515177,-42.325874,19.8,13.32,67.7,10,1.4,103.7,4.211,-4.2,0,1,58532
2026-04-28T06:31:38,20.515888,-42.324142,22.4,12.88,65.8,9,1.9,103.7,4.213,-4.2,0,1,58533
2026-04-28T06:32:07,20.516687,-42.322411,21.4,13.63,63.7,11,1.7,103.5,4.211,-4.4,0,1,58534
2026-04-28T06:32:36,20.517258,-42.320660,25.4,13.13,67.7,11,1.4,103.7,4.211,-4.2,0,1,58535
2026-04-28T06:33:05,20.517925,-42.318901,29.8,13.91,58.8,11,1.4,103.5,4.213,-4.4,0,1,58536
2026-04-28T06:33:34,20.518559,-42.317139,33.7,12.55,72.3,12,1.3,103.7,4.211,-4.2,0,1,58537
2026-04-28T06:34:03,20.519207,-42.315353,31.8,13.50,70.7,12,1.3,104.0,4.211,-4.2,0,1,58538
2026-04-28T06:34:33,20.519936,-42.313545,30.8,13.36,67.1,11,1.4,103.7,4.211,-4.2,0,1,58539
2026-04-28T06:35:02,20.520645,-42.311794,27.0,12.65,69.7,11,1.8,103.7,4.211,-4.2,0,1,58540
2026-04-28T06:35:31,20.521294,-42.310062,24.1,13.66,72.7,10,1.9,103.7,4.211,-4.2,0,1,58541
2026-04-28T06:36:00,20.522051,-42.308254,21.6,14.26,66.9,10,1.9,103.7,4.210,-4.2,0,1,58542
2026-04-28T06:36:29,20.522703,-42.306557,18.1,13.53,62.6,10,1.9,103.4,4.211,-4.2,0,1,58543
2026-04-28T06:36:58,20.523310,-42.304787,19.1,13.02,73.3,10,1.9,103.5,4.211,-4.4,0,1,58544
2026-04-28T06:37:27,20.524073,-42.303032,17.6,14.20,65.9,11,1.8,103.7,4.211,-4.2,0,1,58545
2026-04-28T06:37:56,20.524632,-42.301170,14.4,13.80,69.4,11,1.8,103.7,4.210,-4.2,0,1,58546
2026-04-28T06:38:25,20.525269,-42.299385,17.0,12.75,75.8,10,1.8,103.8,4.210,-4.2,0,1,58547
2026-04-28T06:38:54,20.526012,-42.297611,19.6,14.09,66.4,12,1.3,103.5,4.210,-4.4,0,1,58548
2026-04-28T06:39:23,20.526615,-42.295849,20.1,13.38,68.0,10,1.9,103.5,4.213,-4.4,0,1,58549
2026-04-28T06:39:52,20.527317,-42.294132,9.5,12.58,67.9,9,2.0,103.5,4.211,-4.4,0,1,58550
2026-04-28T06:40:21,20.527826,-42.292355,14.3,13.67,71.4,10,1.9,103.7,4.211,-4.2,0,1,58551
2026-04-28T06:40:50,20.528517,-42.290562,21.6,13.39,71.2,10,1.9,103.5,4.210,-4.4,0,1,58552
2026-04-28T06:41:19,20.529064,-42.288803,17.4,13.52,73.7,10,1.9,103.5,4.211,-4.4,0,1,58553
2026-04-28T06:41:48,20.529684,-42.287067,11.9,13.84,65.2,10,2.0,103.7,4.211,-4.2,0,1,58554
2026-04-28T06:42:17,20.530310,-42.285259,16.2,13.96,68.2,10,2.0,104.0,4.210,-4.2,0,1,58555
2026-04-28T06:42:46,20.530869,-42.283501,17.3,13.31,70.2,10,2.0,103.7,4.210,-4.2,0,1,58556
2026-04-28T06:43:15,20.531593,-42.281723,21.5,12.75,63.3,10,2.0,103.7,4.210,-4.2,0,1,58557
2026-04-28T06:43:44,20.532217,-42.279942,23.1,13.09,67.7,10,2.0,104.0,4.211,-4.2,0,1,58558
2026-04-28T06:44:13,20.532887,-42.278191,20.0,14.01,67.4,10,2.0,103.7,4.211,-4.2,0,1,58559
2026-04-28T06:44:42,20.533491,-42.276421,18.5,13.10,67.1,9,2.1,103.7,4.211,-4.2,0,1,58560
2026-04-28T06:45:11,20.534330,-42.274700,27.1,13.06,64.2,9,2.1,103.5,4.210,-4.4,0,1,58561
2026-04-28T06:45:40,20.534946,-42.272934,25.7,13.15,70.3,9,2.1,103.7,4.211,-4.2,0,1,58562
2026-04-28T06:46:09,20.535572,-42.271198,26.9,12.75,67.0,9,2.1,103.7,4.211,-4.2,0,1,58563
2026-04-28T06:46:38,20.536259,-42.269512,30.5,12.55,63.3,9,2.1,103.5,4.211,-4.4,0,1,58564
2026-04-28T06:47:07,20.536963,-42.267742,28.8,13.22,68.6,9,2.1,103.8,4.210,-4.2,0,1,58565
2026-04-28T06:47:36,20.537560,-42.265949,15.3,12.98,69.3,9,2.1,103.7,4.209,-4.2,0,1,58566
2026-04-28T06:48:05,20.538197,-42.264130,7.5,12.69,71.5,9,2.1,103.7,4.211,-4.2,0,1,58567
2026-04-28T06:48:34,20.538977,-42.262383,3.0,12.30,67.9,9,2.1,103.7,4.211,-4.2,0,1,58568
2026-04-28T06:49:03,20.539654,-42.260658,5.3,13.51,66.5,9,2.1,103.5,4.211,-4.4,0,1,58569
2026-04-28T06:49:32,20.540367,-42.258991,11.4,14.10,63.9,8,2.2,103.7,4.211,-4.2,0,1,58570
2026-04-28T06:50:01,20.540974,-42.257175,14.8,12.89,66.7,9,2.1,104.0,4.210,-4.2,0,1,58571
2026-04-28T06:50:30,20.541515,-42.255413,19.5,13.38,69.9,9,2.1,103.5,4.210,-4.4,0,1,58572
2026-04-28T06:50:59,20.541964,-42.253613,33.8,13.28,77.4,9,2.1,103.5,4.211,-4.4,0,1,58573
2026-04-28T06:51:28,20.542671,-42.251869,39.9,13.60,68.0,9,2.1,103.7,4.211,-4.2,0,1,58574
2026-04-28T06:51:57,20.543262,-42.250095,38.2,13.66,74.6,9,2.1,103.5,4.211,-4.4,0,1,58575
2026-04-28T06:52:26,20.544041,-42.248341,42.8,14.10,71.6,9,2.1,103.7,4.211,-4.2,0,1,58576
2026-04-28T06:52:55,20.544704,-42.246563,43.5,13.28,72.5,9,2.1,103.8,4.211,-4.2,0,1,58577
2026-04-28T06:53:24,20.545397,-42.244801,44.7,13.58,64.7,9,2.1,103.8,4.211,-4.2,0,1,58578
2026-04-28T06:53:53,20.546087,-42.243042,43.0,13.63,69.6,9,2.1,103.8,4.211,-4.2,0,1,58579
2026-04-28T06:54:22,20.546930,-42.241329,33.4,13.30,66.5,10,1.8,103.7,4.210,-4.2,0,1,58580
2026-04-28T06:54:51,20.547716,-42.239582,32.4,13.13,69.9,10,1.8,103.7,4.211,-4.2,0,1,58581
2026-04-28T06:55:20,20.548470,-42.237816,33.1,13.26,64.7,10,1.8,103.7,4.211,-4.2,0,1,58582
2026-04-28T06:55:49,20.548944,-42.236012,22.6,13.82,66.2,11,1.7,103.7,4.210,-4.2,0,1,58583
2026-04-28T06:56:18,20.549517,-42.234219,18.7,13.31,70.1,11,1.7,103.7,4.211,-4.2,0,1,58584
2026-04-28T06:56:47,20.550117,-42.232418,20.3,13.44,68.8,10,2.0,103.8,4.211,-4.2,0,1,58585
2026-04-28T06:57:16,20.550694,-42.230610,17.6,13.67,65.4,11,1.7,103.8,4.211,-4.2,0,1,58586
2026-04-28T06:57:45,20.551249,-42.228817,19.2,12.93,68.7,11,1.7,103.5,4.211,-4.4,0,1,58587
2026-04-28T06:58:14,20.551874,-42.227009,15.7,13.68,63.8,11,1.7,103.8,4.211,-4.2,0,1,58588
2026-04-28T06:58:43,20.552568,-42.225220,12.7,14.07,64.0,11,1.7,103.8,4.211,-4.2,0,1,58589
2026-04-28T06:59:12,20.553234,-42.223419,20.6,12.71,71.1,11,1.7,103.5,4.211,-4.4,0,1,58590
2026-04-28T06:59:41,20.553944,-42.221687,11.6,13.07,57.4,11,1.7,103.5,4.211,-4.4,0,1,58591
2026-04-28T07:00:10,20.554575,-42.219826,10.3,13.16,71.3,10,1.7,103.7,4.210,-4.2,0,1,58592
2026-04-28T07:00:39,20.555307,-42.218056,7.0,14.07,69.3,10,1.8,103.8,4.210,-4.2,0,1,58593
2026-04-28T07:01:08,20.555946,-42.216259,-2.8,13.45,66.5,9,1.9,103.7,4.210,-4.2,0,1,58594
2026-04-28T07:01:37,20.556709,-42.214481,2.4,13.94,71.2,9,1.9,103.7,4.211,2760.2,0,1,58595
2026-04-28T07:02:06,20.557310,-42.212814,7.4,12.53,71.0,9,1.9,104.0,4.213,-4.2,0,1,58596
2026-04-28T07:02:35,20.558119,-42.211105,12.2,13.58,62.9,10,1.8,103.5,4.210,-4.4,0,1,58597
2026-04-28T07:03:04,20.558872,-42.209309,12.0,13.19,62.5,10,1.8,103.8,4.211,-4.2,0,1,58598
2026-04-28T07:03:33,20.559511,-42.207455,20.4,14.44,69.6,10,1.8,103.5,4.210,2755.8,0,1,58599
2026-04-28T07:04:02,20.560186,-42.205734,23.8,13.69,67.2,10,1.8,103.8,4.211,-4.2,0,1,58600
2026-04-28T07:04:31,20.560925,-42.203999,29.2,13.55,78.1,9,1.9,103.5,4.211,-4.4,0,1,58601
2026-04-28T07:05:00,20.561468,-42.202244,26.5,12.80,69.0,9,1.9,103.5,4.211,-4.4,0,1,58602
2026-04-28T07:05:29,20.562162,-42.200436,26.0,12.32,69.2,9,1.9,103.7,4.211,-4.2,0,1,58603
2026-04-28T07:05:58,20.562771,-42.198654,25.1,12.83,76.9,10,1.8,103.5,4.210,-4.4,0,1,58604
2026-04-28T07:06:27,20.563309,-42.196903,22.6,13.98,69.4,10,1.8,103.5,4.210,-4.4,0,1,58605
2026-04-28T07:06:56,20.563845,-42.195129,24.4,13.59,71.3,10,1.8,103.5,4.213,-4.4,0,1,58606
2026-04-28T07:07:25,20.564552,-42.193359,22.8,12.63,70.9,10,1.8,103.7,4.211,-4.2,0,1,58607
2026-04-28T07:07:54,20.565241,-42.191593,17.9,14.98,64.2,10,1.8,103.5,4.209,-4.4,0,1,58608
2026-04-28T07:08:23,20.565886,-42.189827,26.8,13.59,64.7,9,2.4,103.7,4.211,-4.2,0,1,58609
2026-04-28T07:08:52,20.566568,-42.188072,25.5,13.44,69.7,10,1.8,103.4,4.210,-4.2,0,1,58610
2026-04-28T07:09:21,20.567268,-42.186302,30.0,12.58,68.2,10,1.8,103.8,4.210,-4.2,0,1,58611
2026-04-28T07:09:50,20.567842,-42.184517,28.9,13.75,73.1,10,1.8,103.5,4.211,-4.4,0,1,58612
2026-04-28T07:10:19,20.568428,-42.182755,26.6,13.69,71.3,10,1.8,103.7,4.210,-4.2,0,1,58613
2026-04-28T07:10:48,20.569176,-42.180992,23.2,12.99,69.6,10,1.8,103.7,4.209,-4.2,0,1,58614
2026-04-28T07:11:17,20.569868,-42.179230,24.2,13.84,63.4,9,2.5,103.5,4.211,-4.4,0,1,58615
2026-04-28T07:11:46,20.570503,-42.177448,26.3,12.96,70.4,10,1.8,103.7,4.210,-4.2,0,1,58616
2026-04-28T07:12:15,20.571148,-42.175640,25.3,14.10,71.2,10,1.8,103.7,4.211,-4.2,0,1,58617
2026-04-28T07:12:44,20.571854,-42.173874,24.8,13.33,63.4,10,1.8,103.7,4.211,-4.2,0,1,58618
2026-04-28T07:13:13,20.572514,-42.172092,23.2,12.32,74.8,9,1.8,103.7,4.211,-4.2,0,1,58619
2026-04-28T07:13:42,20.573196,-42.170311,20.2,12.55,69.1,10,1.8,103.7,4.210,-4.2,0,1,58620
2026-04-28T07:14:11,20.573942,-42.168533,23.8,13.08,72.1,10,1.8,103.5,4.210,-4.4,0,1,58621
2026-04-28T07:14:40,20.574718,-42.166794,29.3,13.09,66.2,10,1.8,103.7,4.210,-4.2,0,1,58622
2026-04-28T07:15:09,20.575418,-42.165047,30.6,13.29,66.3,10,1.8,103.8,4.211,-4.2,0,1,58623
2026-04-28T07:15:38,20.576145,-42.163269,34.1,13.09,67.2,10,1.8,103.8,4.210,-4.2,0,1,58624
2026-04-28T07:16:07,20.576792,-42.161503,35.9,13.17,68.0,10,1.8,103.5,4.210,-4.4,0,1,58625
2026-04-28T07:16:36,20.577372,-42.159744,32.7,13.26,69.4,10,1.7,103.5,4.210,-4.4,0,1,58626
2026-04-28T07:17:05,20.578083,-42.157974,33.7,13.26,67.4,10,1.7,103.8,4.213,-4.2,0,1,58627
2026-04-28T07:17:34,20.578749,-42.156189,36.2,13.05,68.4,10,1.7,103.7,4.210,-4.2,0,1,58628
2026-04-28T07:18:03,20.579294,-42.154396,32.7,13.58,68.0,9,1.8,103.5,4.211,-4.4,0,1,58629
2026-04-28T07:18:32,20.579903,-42.152645,28.8,13.89,68.4,9,2.4,103.7,4.211,-4.2,0,1,58630
2026-04-28T07:19:01,20.580610,-42.150871,28.4,13.81,66.9,10,1.7,104.0,4.210,-4.2,0,1,58631
2026-04-28T07:19:30,20.581257,-42.149117,23.3,12.34,66.4,11,1.6,103.4,4.213,-4.2,0,1,58632
2026-04-28T07:19:59,20.581884,-42.147293,19.7,13.64,66.7,11,1.6,103.7,4.211,-4.2,0,1,58633
2026-04-28T07:20:28,20.582493,-42.145515,13.9,13.15,66.4,11,1.6,103.5,4.211,-4.4,0,1,58634
2026-04-28T07:20:57,20.583218,-42.143745,18.5,13.84,68.9,11,1.6,103.7,4.210,-4.2,0,1,58635
2026-04-28T07:21:26,20.583801,-42.141941,14.4,13.36,66.8,11,1.6,103.7,4.210,-4.2,0,1,58636
2026-04-28T07:21:55,20.584379,-42.140137,15.3,13.53,70.8,10,1.6,103.7,4.210,-4.2,0,1,58637
2026-04-28T07:22:24,20.585140,-42.138432,14.9,12.49,65.6,11,1.5,103.4,4.211,-4.2,0,1,58638
2026-04-28T07:22:53,20.585749,-42.136639,16.0,14.34,67.3,11,1.5,103.5,4.210,-4.4,0,1,58639
2026-04-28T07:23:22,20.586508,-42.134888,20.2,14.22,70.9,10,1.6,103.7,4.211,-4.2,0,1,58640
2026-04-28T07:23:51,20.587202,-42.133141,16.1,14.14,65.7,9,2.1,103.7,4.209,-4.2,0,1,58641
2026-04-28T07:24:20,20.587923,-42.131317,16.1,12.58,63.3,10,2.0,103.5,4.210,-4.4,0,1,58642
2026-04-28T07:24:49,20.588459,-42.129559,11.9,13.51,63.4,10,2.0,103.8,4.211,-4.2,0,1,58643
2026-04-28T07:25:18,20.589069,-42.127789,11.6,13.62,63.8,10,2.0,103.4,4.211,-4.2,0,1,58644
2026-04-28T07:25:47,20.589762,-42.125984,17.4,13.85,68.8,10,2.0,103.7,4.211,-4.2,0,1,58645
2026-04-28T07:26:16,20.590382,-42.124249,6.9,13.92,62.6,10,2.0,103.8,4.211,-4.2,0,1,58646
2026-04-28T07:26:45,20.590908,-42.122463,-2.2,12.72,72.5,10,2.0,104.0,4.210,-4.2,0,1,58647
2026-04-28T07:27:14,20.591545,-42.120647,2.8,13.17,66.6,10,2.0,103.5,4.209,-4.4,0,1,58648
2026-04-28T07:27:44,20.592358,-42.118889,3.3,13.58,53.2,9,2.1,103.7,4.210,-4.2,0,1,58649
2026-04-28T07:28:13,20.592945,-42.117092,4.8,13.07,72.7,10,1.9,103.5,4.209,-4.4,0,1,58650
2026-04-28T07:28:42,20.593588,-42.115353,2.7,13.87,65.2,10,1.9,103.8,4.209,-4.2,0,1,58651
2026-04-28T07:29:11,20.594114,-42.113529,-2.4,13.05,66.6,10,1.9,103.7,4.210,-4.2,0,1,58652
2026-04-28T07:29:40,20.594858,-42.111774,3.3,13.17,70.0,10,1.9,103.7,4.211,-4.2,0,1,58653
2026-04-28T07:30:09,20.595520,-42.110023,2.3,13.13,69.1,11,1.5,103.5,4.210,-4.4,0,1,58654
2026-04-28T07:30:38,20.596239,-42.108234,5.5,13.73,66.4,11,1.5,103.5,4.211,-4.4,0,1,58655
2026-04-28T07:31:07,20.596985,-42.106495,7.0,13.30,66.8,9,2.1,103.4,4.210,-4.2,0,1,58656
2026-04-28T07:31:36,20.597677,-42.104710,8.3,14.01,67.0,11,1.5,103.5,4.211,-4.4,0,1,58657
2026-04-28T07:32:05,20.598387,-42.102940,11.2,13.50,60.4,11,1.4,103.5,4.209,-4.4,0,1,58658
2026-04-28T07:32:34,20.598978,-42.101170,17.4,13.05,75.4,11,1.4,103.7,4.209,-4.2,0,1,58659
2026-04-28T07:33:03,20.599714,-42.099403,16.9,12.96,58.1,11,1.4,103.4,4.211,-4.2,0,1,58660
2026-04-28T07:33:32,20.600336,-42.097656,15.3,12.73,67.1,11,1.4,103.7,4.211,-4.2,0,1,58661
2026-04-28T07:34:01,20.601065,-42.095898,14.0,13.23,60.2,11,1.4,103.5,4.210,2755.8,0,1,58662
2026-04-28T07:34:30,20.601692,-42.094128,13.1,13.39,65.8,11,1.4,103.5,4.210,-4.4,0,1,58663
2026-04-28T07:34:59,20.602295,-42.092316,11.9,13.92,70.1,11,1.4,103.7,4.210,-4.2,0,1,58664
2026-04-28T07:35:28,20.602962,-42.090511,6.6,13.64,64.9,11,1.4,103.4,4.213,-4.2,0,1,58665
2026-04-28T07:35:57,20.603476,-42.088722,-0.1,13.11,76.2,10,1.5,103.5,4.210,-4.4,0,1,58666
2026-04-28T07:36:26,20.604202,-42.086967,1.6,13.73,66.4,9,2.0,103.7,4.210,-4.2,0,1,58667
2026-04-28T07:36:55,20.604944,-42.085186,6.0,13.89,67.4,9,2.0,103.5,4.209,-4.4,0,1,58668
2026-04-28T07:37:24,20.605650,-42.083363,14.2,13.24,65.3,11,1.4,103.5,4.210,-4.4,0,1,58669
2026-04-28T07:37:53,20.606358,-42.081570,17.3,14.82,60.5,9,1.9,103.8,4.211,-4.2,0,1,58670
2026-04-28T07:38:22,20.607018,-42.079834,25.8,12.83,65.9,10,1.4,103.4,4.211,-4.2,0,1,58671
2026-04-28T07:38:51,20.607641,-42.078037,25.0,13.48,71.4,9,1.9,103.5,4.210,-4.4,0,1,58672
2026-04-28T07:39:20,20.608339,-42.076256,31.4,12.48,67.4,10,1.4,103.5,4.210,-4.4,0,1,58673
2026-04-28T07:39:49,20.609053,-42.074459,27.2,13.78,65.0,11,1.3,103.7,4.210,-4.2,0,1,58674
2026-04-28T07:40:18,20.609604,-42.072704,20.3,13.63,64.5,10,1.4,103.8,4.211,-4.2,0,1,58675
2026-04-28T07:40:47,20.610281,-42.070923,24.5,13.58,67.9,10,1.4,103.7,4.210,-4.2,0,1,58676
2026-04-28T07:41:16,20.610971,-42.069115,18.2,13.49,65.6,10,1.4,103.4,4.210,-4.2,0,1,58677
2026-04-28T07:41:45,20.611595,-42.067249,24.1,13.62,67.7,10,1.4,103.8,4.211,-4.2,0,1,58678
2026-04-28T07:42:14,20.612316,-42.065487,20.4,13.42,64.4,10,1.4,103.5,4.211,-4.4,0,1,58679
2026-04-28T07:42:43,20.613010,-42.063721,18.4,14.09,69.2,9,1.8,103.7,4.211,-4.2,0,1,58680
2026-04-28T07:43:12,20.613695,-42.061943,28.3,14.69,66.1,9,1.4,103.5,4.211,-4.4,0,1,58681
2026-04-28T07:43:41,20.614441,-42.060204,29.6,14.00,68.5,11,1.3,103.7,4.211,-4.2,0,1,58682
2026-04-28T07:44:10,20.614906,-42.058380,15.9,13.82,70.2,10,1.3,103.7,4.210,-4.2,0,1,58683
2026-04-28T07:44:39,20.615652,-42.056606,23.3,13.87,69.6,11,1.3,103.5,4.209,-4.4,0,1,58684
2026-04-28T07:45:08,20.616198,-42.054749,17.8,12.90,72.4,10,1.4,103.7,4.210,-4.2,0,1,58685
2026-04-28T07:45:37,20.616865,-42.053005,15.1,13.58,68.9,10,1.4,103.5,4.210,-4.4,0,1,58686
2026-04-28T07:46:06,20.617582,-42.051163,15.9,14.76,63.5,9,1.4,103.8,4.210,-4.2,0,1,58687
2026-04-28T07:46:35,20.618301,-42.049416,21.2,14.06,68.1,8,1.6,103.5,4.210,-4.4,0,1,58688
2026-04-28T07:47:04,20.619038,-42.047588,23.6,13.39,66.7,8,1.6,103.4,4.211,-4.2,0,1,58689
2026-04-28T07:47:33,20.619717,-42.045769,18.7,13.32,64.4,8,1.6,103.8,4.213,-4.2,0,1,58690
2026-04-28T07:48:02,20.620424,-42.043957,22.5,13.74,67.3,7,2.0,103.8,4.209,-4.2,0,1,58691
2026-04-28T07:48:31,20.621054,-42.042141,22.0,14.12,63.7,8,1.6,103.4,4.210,-4.2,0,1,58692
2026-04-28T07:49:00,20.621788,-42.040382,19.7,12.73,71.8,7,2.0,103.5,4.210,-4.4,0,1,58693
2026-04-28T07:49:29,20.622438,-42.038570,22.1,14.01,67.1,8,1.6,103.7,4.211,-4.2,0,1,58694
2026-04-28T07:49:58,20.623058,-42.036720,24.6,14.10,68.2,8,1.5,103.4,4.210,-4.2,0,1,58695
2026-04-28T07:50:27,20.623745,-42.034901,24.3,13.92,63.3,8,1.5,103.7,4.211,-4.2,0,1,58696
2026-04-28T07:50:56,20.624449,-42.033131,24.3,12.94,63.2,8,1.5,103.7,4.209,-4.2,0,1,58697
2026-04-28T07:51:25,20.625055,-42.031246,19.9,13.66,66.4,7,1.9,103.5,4.211,-4.4,0,1,58698
2026-04-28T07:51:54,20.625780,-42.029419,19.4,13.24,66.6,8,1.5,103.7,4.211,-4.2,0,1,58699
2026-04-28T07:52:23,20.626455,-42.027584,25.4,14.78,62.9,8,1.5,103.4,4.207,-4.2,0,1,58700
2026-04-28T07:52:52,20.627100,-42.025768,31.5,13.42,74.9,9,1.3,103.7,4.210,-4.2,0,1,58701
2026-04-28T07:53:21,20.627834,-42.024002,43.8,13.59,64.3,8,1.8,103.8,4.211,-4.2,0,1,58702
2026-04-28T07:53:50,20.628572,-42.022114,49.7,15.15,67.6,9,1.3,103.4,4.209,-4.2,0,1,58703
2026-04-28T07:54:19,20.629187,-42.020290,49.8,13.92,69.0,8,1.7,103.7,4.210,-4.2,0,1,58704
2026-04-28T07:54:48,20.629841,-42.018509,50.1,13.58,68.3,9,1.3,103.8,4.210,-4.2,0,1,58705
2026-04-28T07:55:17,20.630571,-42.016644,54.1,12.97,67.9,9,1.3,103.5,4.210,-4.4,0,1,58706
2026-04-28T07:55:46,20.631254,-42.014858,61.0,13.16,67.3,9,1.3,103.8,4.210,-4.2,0,1,58707
2026-04-28T07:56:15,20.631950,-42.012981,52.5,14.36,67.5,8,1.7,103.5,4.210,-4.4,0,1,58708
2026-04-28T07:56:44,20.632643,-42.011173,56.4,13.51,68.1,9,1.3,103.7,4.211,-4.2,0,1,58709
2026-04-28T07:57:14,20.633396,-42.009335,67.5,12.84,68.1,8,1.7,103.7,4.210,-4.2,0,1,58710
2026-04-28T07:57:43,20.634087,-42.007515,71.3,14.32,66.5,9,1.3,103.4,4.210,-4.2,0,1,58711
2026-04-28T07:58:12,20.634771,-42.005699,72.6,14.13,68.9,8,1.7,103.2,4.207,-4.2,0,1,58712
2026-04-28T07:58:41,20.635450,-42.003834,70.9,13.30,67.7,9,1.3,103.4,4.210,-4.2,0,1,58713
2026-04-28T07:59:10,20.636166,-42.002060,72.6,13.22,64.7,8,1.6,103.5,4.211,-4.4,0,1,58714
2026-04-28T07:59:39,20.636930,-42.000206,79.0,13.29,62.1,9,1.3,103.7,4.210,-4.2,0,1,58715
2026-04-28T08:00:08,20.637623,-41.998386,82.5,14.13,68.7,9,1.3,103.4,4.210,-4.2,0,1,58716
2026-04-28T08:00:37,20.638363,-41.996548,83.6,13.72,65.8,7,1.7,103.5,4.210,-4.4,0,1,58717
2026-04-28T08:01:06,20.638996,-41.994698,78.9,13.07,66.8,7,1.7,103.4,4.211,-4.2,0,1,58718
2026-04-28T08:01:35,20.639662,-41.992863,80.1,13.53,71.1,7,1.7,103.5,4.210,-4.4,0,1,58719
2026-04-28T08:02:04,20.640322,-41.991047,80.3,13.33,73.3,7,1.7,103.5,4.210,-4.4,0,1,58720
2026-04-28T08:02:33,20.641047,-41.989235,79.9,13.82,69.3,7,1.6,103.5,4.210,-4.4,0,1,58721
2026-04-28T08:03:02,20.641724,-41.987400,76.1,14.19,68.3,7,1.6,103.7,4.210,-4.2,0,1,58722
2026-04-28T08:03:31,20.642349,-41.985634,73.5,12.79,67.2,7,1.6,103.5,4.211,-4.4,0,1,58723
2026-04-28T08:04:00,20.643036,-41.983795,68.2,13.93,65.3,7,1.6,103.5,4.210,-4.4,0,1,58724
2026-04-28T08:04:29,20.643686,-41.981983,60.0,13.92,65.8,7,1.6,103.8,4.211,-4.2,0,1,58725
2026-04-28T08:04:58,20.644464,-41.980167,73.5,14.28,65.4,7,1.6,103.5,4.211,-4.4,0,1,58726
2026-04-28T08:05:27,20.645132,-41.978352,74.5,12.85,67.1,7,1.6,103.5,4.211,-4.4,0,1,58727
2026-04-28T08:05:56,20.645821,-41.976559,90.8,14.53,66.0,8,1.5,104.0,4.210,-4.2,0,1,58728
2026-04-28T08:06:25,20.646477,-41.974751,91.7,13.34,68.3,8,1.5,103.5,4.210,-4.4,0,1,58729
2026-04-28T08:06:54,20.647175,-41.972919,90.2,14.19,70.4,8,1.5,103.8,4.210,-4.2,0,1,58730
2026-04-28T08:07:23,20.647850,-41.971096,85.6,14.15,63.9,7,1.6,103.7,4.210,-4.2,0,1,58731
2026-04-28T08:07:52,20.648561,-41.969208,78.3,13.02,69.1,8,1.5,103.7,4.210,-4.2,0,1,58732
2026-04-28T08:08:21,20.649294,-41.967430,94.0,14.18,67.1,8,1.5,103.4,4.210,-4.2,0,1,58733
2026-04-28T08:08:50,20.649931,-41.965534,81.9,14.11,67.9,8,1.5,103.7,4.210,-4.2,0,1,58734
2026-04-28T08:09:19,20.650570,-41.963718,77.9,13.20,72.1,8,1.5,103.4,4.211,-4.2,0,1,58735
2026-04-28T08:09:48,20.651283,-41.961891,83.1,14.17,71.1,7,2.2,103.4,4.209,-4.2,0,1,58736
2026-04-28T08:10:17,20.651922,-41.960064,80.8,13.62,69.7,8,1.5,103.4,4.210,-4.2,0,1,58737
2026-04-28T08:10:46,20.652634,-41.958233,77.3,13.29,62.5,8,1.5,103.5,4.211,-4.4,0,1,58738
2026-04-28T08:11:15,20.653290,-41.956432,72.1,12.23,77.8,7,5.6,103.7,4.209,-4.2,0,1,58739
2026-04-28T08:11:44,20.653917,-41.954514,53.0,12.58,75.7,7,2.2,103.7,4.209,-4.2,0,1,58740
2026-04-28T08:12:13,20.654591,-41.952698,48.4,13.20,75.4,7,2.2,103.5,4.210,-4.4,0,1,58741
2026-04-28T08:12:42,20.655317,-41.950905,47.2,13.25,66.8,8,1.4,103.7,4.210,-4.2,0,1,58742
2026-04-28T08:13:11,20.656017,-41.949032,44.2,13.33,66.9,7,2.1,103.7,4.211,-4.2,0,1,58743
2026-04-28T08:13:40,20.656685,-41.947227,40.9,13.14,68.6,8,1.4,103.7,4.210,-4.2,0,1,58744
2026-04-28T08:14:09,20.657312,-41.945358,28.7,14.29,74.7,7,2.1,103.5,4.211,-4.4,0,1,58745
2026-04-28T08:14:38,20.657999,-41.943512,18.8,12.79,65.5,7,2.1,103.5,4.209,-4.4,0,1,58746
2026-04-28T08:15:07,20.658636,-41.941635,3.9,13.54,70.2,7,2.1,103.7,4.210,-4.2,0,1,58747
2026-04-28T08:15:36,20.659313,-41.939770,-20.4,13.61,61.3,8,1.4,103.5,4.210,-4.4,0,1,58748
2026-04-28T08:16:05,20.659880,-41.937878,-45.6,12.80,77.8,7,2.0,103.5,4.211,-4.4,0,1,58749
2026-04-28T08:16:34,20.660517,-41.936031,-57.2,13.02,74.7,8,1.4,103.5,4.210,-4.4,0,1,58750
2026-04-28T08:17:03,20.661209,-41.934292,-46.3,13.18,69.9,7,1.4,103.8,4.211,-4.2,0,1,58751
2026-04-28T08:17:32,20.662029,-41.932449,-35.7,14.26,68.4,8,1.4,103.5,4.210,-4.4,0,1,58752
2026-04-28T08:18:01,20.662655,-41.930649,-31.3,13.69,74.0,6,2.0,103.7,4.210,-4.2,0,1,58753
2026-04-28T08:18:30,20.663376,-41.928829,-33.1,14.49,69.3,8,1.4,103.5,4.210,-4.4,0,1,58754
2026-04-28T08:18:59,20.664146,-41.927029,-11.9,13.38,65.7,8,1.4,103.4,4.210,-4.2,0,1,58755
2026-04-28T08:19:28,20.664827,-41.925201,-10.8,13.31,68.3,9,1.3,103.5,4.210,-4.4,0,1,58756
2026-04-28T08:19:57,20.665565,-41.923443,-4.0,12.87,74.7,9,1.8,103.4,4.210,-4.2,0,1,58757
2026-04-28T08:20:26,20.666172,-41.921646,5.5,13.60,68.5,8,1.9,103.5,4.211,-4.4,0,1,58758
2026-04-28T08:20:55,20.666910,-41.919842,5.9,12.94,66.9,9,1.8,103.4,4.213,-4.2,0,1,58759
2026-04-28T08:21:24,20.667553,-41.918076,28.9,13.60,67.4,9,1.8,103.5,4.211,-4.4,0,1,58760
2026-04-28T08:21:53,20.668201,-41.916260,33.5,13.85,65.8,9,1.8,103.5,4.209,-4.4,0,1,58761
2026-04-28T08:22:22,20.668880,-41.914448,34.3,14.27,68.5,9,1.8,103.4,4.210,-4.2,0,1,58762
2026-04-28T08:22:51,20.669651,-41.912643,37.3,13.02,69.0,9,1.8,103.5,4.210,-4.4,0,1,58763
2026-04-28T08:23:20,20.670404,-41.910793,41.5,13.53,70.4,7,2.7,103.7,4.210,-4.2,0,1,58764
2026-04-28T08:23:49,20.670883,-41.909012,50.8,12.14,76.6,9,1.8,103.7,4.211,-4.2,0,1,58765
2026-04-28T08:24:18,20.671553,-41.907188,48.2,13.55,72.6,8,1.8,103.7,4.211,-4.2,0,1,58766
2026-04-28T08:24:47,20.672152,-41.905365,48.4,13.79,70.5,9,1.7,103.5,4.210,-4.4,0,1,58767
2026-04-28T08:25:16,20.672817,-41.903503,35.8,13.50,62.4,9,1.7,103.5,4.210,-4.4,0,1,58768
2026-04-28T08:25:45,20.673422,-41.901714,43.9,13.38,68.4,8,1.8,103.7,4.210,-4.2,0,1,58769
2026-04-28T08:26:14,20.673969,-41.899841,42.6,13.95,68.6,9,1.7,103.5,4.209,-4.4,0,1,58770
2026-04-28T08:26:43,20.674707,-41.897961,23.3,16.24,62.0,7,2.7,103.7,4.210,-4.2,0,1,58771
2026-04-28T08:27:12,20.675432,-41.896198,27.4,12.69,65.5,8,2.6,103.4,4.210,-4.2,0,1,58772
2026-04-28T08:27:41,20.675930,-41.894264,1.4,13.62,67.7,7,2.7,103.5,4.211,-4.4,0,1,58773
2026-04-28T08:28:10,20.676481,-41.892429,-10.7,13.26,72.3,7,2.7,103.4,4.210,-4.2,0,1,58774
2026-04-28T08:28:39,20.677303,-41.890629,-6.5,13.64,68.7,8,1.7,103.5,4.211,-4.4,0,1,58775
2026-04-28T08:29:08,20.678028,-41.888718,-15.0,13.70,73.0,8,1.7,103.7,4.209,-4.2,0,1,58776
2026-04-28T08:29:37,20.678640,-41.886963,-14.8,13.79,71.4,8,1.7,103.4,4.210,-4.2,0,1,58777
2026-04-28T08:30:06,20.679333,-41.885181,-9.8,13.38,69.9,9,1.6,103.4,4.210,-4.2,0,1,58778
2026-04-28T08:30:35,20.680180,-41.883339,-6.4,13.44,63.1,9,1.6,103.7,4.211,-4.2,0,1,58779
2026-04-28T08:31:04,20.680847,-41.881535,-8.8,12.56,65.2,9,1.6,103.5,4.210,-4.4,0,1,58780
2026-04-28T08:31:33,20.681597,-41.879707,-15.4,13.70,70.7,9,1.6,103.7,4.210,-4.2,0,1,58781
2026-04-28T08:32:02,20.682358,-41.877899,-19.7,13.68,67.3,9,1.6,103.7,4.211,-4.2,0,1,58782
2026-04-28T08:32:31,20.683100,-41.876122,-5.0,12.81,73.2,9,1.6,103.4,4.209,-4.2,0,1,58783
2026-04-28T08:33:00,20.683872,-41.874340,10.0,14.21,69.2,9,1.6,103.7,4.211,-4.2,0,1,58784
2026-04-28T08:33:29,20.684639,-41.872589,18.8,14.27,63.2,9,1.6,103.7,4.211,-4.2,0,1,58785
2026-04-28T08:33:58,20.685152,-41.870781,22.1,13.29,63.2,9,1.5,103.8,4.210,-4.2,0,1,58786
2026-04-28T08:34:27,20.685850,-41.868988,25.7,14.09,66.9,8,2.5,103.7,4.210,-4.2,0,1,58787
2026-04-28T08:34:56,20.686382,-41.867222,30.0,11.96,70.9,9,1.5,103.7,4.211,-4.2,0,1,58788
2026-04-28T08:35:25,20.687107,-41.865402,13.0,13.39,72.3,8,1.6,103.7,4.210,-4.2,0,1,58789
2026-04-28T08:35:54,20.687807,-41.863564,12.4,14.00,68.2,9,1.5,103.7,4.211,-4.2,0,1,58790
2026-04-28T08:36:23,20.688334,-41.861755,9.7,13.26,72.9,9,1.5,103.5,4.210,-4.4,0,1,58791
2026-04-28T08:36:52,20.689209,-41.859997,18.5,13.80,65.3,9,1.5,103.7,4.210,-4.2,0,1,58792
2026-04-28T08:37:21,20.689854,-41.858273,18.9,12.67,65.8,9,1.5,103.5,4.210,-4.4,0,1,58793
2026-04-28T08:37:50,20.690500,-41.856499,22.0,12.04,66.9,8,2.4,103.5,4.210,-4.4,0,1,58794
2026-04-28T08:38:19,20.691238,-41.854630,6.0,14.01,59.7,9,1.4,103.8,4.209,-4.2,0,1,58795
2026-04-28T08:38:48,20.691835,-41.852829,4.8,14.39,71.9,9,1.4,103.5,4.210,-4.4,0,1,58796
2026-04-28T08:39:17,20.692535,-41.851032,2.0,13.34,66.0,10,1.4,103.5,4.210,-4.4,0,1,58797
2026-04-28T08:39:46,20.693180,-41.849228,4.0,12.52,70.2,10,1.4,103.7,4.209,-4.2,0,1,58798
2026-04-28T08:40:15,20.693853,-41.847435,-2.6,12.31,68.6,9,1.4,103.5,4.210,-4.4,0,1,58799
2026-04-28T08:40:44,20.694420,-41.845615,-8.9,13.33,70.9,9,2.2,103.5,4.210,-4.4,0,1,58800
2026-04-28T08:41:13,20.695101,-41.843781,-6.6,13.83,67.5,10,1.4,103.5,4.211,-4.4,0,1,58801
2026-04-28T08:41:42,20.695732,-41.841919,-23.3,13.24,70.5,9,1.4,103.7,4.210,-4.2,0,1,58802
2026-04-28T08:42:11,20.696373,-41.840107,-17.3,13.43,66.5,8,2.2,103.7,4.211,-4.2,0,1,58803
2026-04-28T08:42:40,20.697029,-41.838268,-6.4,14.12,66.8,8,2.2,103.8,4.210,-4.2,0,1,58804
2026-04-28T08:43:09,20.697641,-41.836498,-2.8,13.71,65.6,10,1.4,103.5,4.211,-4.4,0,1,58805
2026-04-28T08:43:38,20.698305,-41.834660,-7.3,12.42,74.2,9,2.2,103.4,4.210,-4.2,0,1,58806
2026-04-28T08:44:07,20.698992,-41.832840,-9.5,13.66,78.6,9,1.4,103.5,4.210,-4.4,0,1,58807
2026-04-28T08:44:36,20.699636,-41.831024,11.4,13.59,66.1,10,1.3,103.8,4.207,-4.2,0,1,58808
2026-04-28T08:45:05,20.700138,-41.829216,-14.0,13.53,65.6,8,2.2,103.7,4.211,-4.2,0,1,58809
2026-04-28T08:45:34,20.700827,-41.827389,-5.5,13.66,66.9,9,1.3,103.4,4.211,-4.2,0,1,58810
2026-04-28T08:46:04,20.701628,-41.825550,-4.9,13.55,64.4,7,2.3,103.4,4.210,-4.2,0,1,58811
2026-04-28T08:46:33,20.702229,-41.823761,7.3,13.86,71.7,8,1.4,103.7,4.210,-4.2,0,1,58812
2026-04-28T08:47:02,20.702868,-41.821922,2.1,13.29,66.5,9,1.3,103.5,4.209,-4.4,0,1,58813
2026-04-28T08:47:31,20.703468,-41.820179,-0.2,13.14,70.2,8,1.4,103.5,4.211,-4.4,0,1,58814
2026-04-28T08:48:00,20.704311,-41.818443,-0.4,13.03,70.4,8,1.4,103.5,4.210,-4.4,0,1,58815
2026-04-28T08:48:29,20.705002,-41.816647,5.9,13.67,68.2,8,1.4,103.4,4.210,2751.6,0,1,58816
2026-04-28T08:48:58,20.705669,-41.814892,3.5,13.12,71.6,8,1.4,103.4,4.210,-4.2,0,1,58817
2026-04-28T08:49:27,20.706430,-41.813107,4.4,13.42,69.7,8,1.4,103.5,4.210,-4.4,0,1,58818
2026-04-28T08:49:56,20.707014,-41.811295,1.3,12.85,70.4,7,2.2,103.5,4.209,-4.4,0,1,58819
2026-04-28T08:50:25,20.707684,-41.809532,-3.3,12.94,70.4,8,2.1,103.7,4.210,-4.2,0,1,58820
2026-04-28T08:50:54,20.708292,-41.807724,-9.4,12.70,67.2,10,1.3,103.7,4.210,-4.2,0,1,58821
2026-04-28T08:51:23,20.708883,-41.805950,-8.8,12.83,73.6,9,1.3,103.7,4.210,-4.2,0,1,58822
2026-04-28T08:51:52,20.709490,-41.804131,-13.0,12.94,66.8,9,1.3,103.2,4.211,-4.2,0,1,58823
2026-04-28T08:52:21,20.710203,-41.802322,-16.0,13.04,69.0,8,2.2,103.7,4.210,-4.2,0,1,58824
2026-04-28T08:52:50,20.710835,-41.800529,-15.0,13.55,67.4,8,1.3,103.5,4.210,-4.4,0,1,58825
2026-04-28T08:53:19,20.711454,-41.798744,-11.0,13.77,63.8,9,1.3,103.8,4.210,-4.2,0,1,58826
2026-04-28T08:53:48,20.712103,-41.796940,-8.7,13.76,74.9,9,1.2,103.5,4.210,-4.4,0,1,58827
2026-04-28T08:54:17,20.712719,-41.795143,-17.1,12.99,66.2,9,1.3,103.5,4.210,-4.4,0,1,58828
2026-04-28T08:54:46,20.713459,-41.793373,-13.5,13.90,67.5,9,2.0,103.4,4.210,-4.2,0,1,58829
2026-04-28T08:55:15,20.714062,-41.791668,-7.3,13.03,63.8,10,1.2,103.5,4.209,-4.4,0,1,58830
2026-04-28T08:55:44,20.714790,-41.789871,-6.0,13.43,68.4,10,1.2,103.7,4.210,-4.2,0,1,58831
2026-04-28T08:56:13,20.715456,-41.788067,-19.6,13.26,70.3,10,1.2,103.5,4.210,-4.4,0,1,58832
2026-04-28T08:56:42,20.716122,-41.786285,-27.3,13.85,68.8,8,1.3,103.4,4.210,-4.2,0,1,58833
2026-04-28T08:57:11,20.716890,-41.784485,-20.2,13.40,70.3,10,1.1,103.7,4.210,-4.2,0,1,58834
2026-04-28T08:57:40,20.717525,-41.782696,-23.9,13.27,66.0,10,1.4,103.4,4.210,-4.2,0,1,58835
2026-04-28T08:58:09,20.718187,-41.780910,-23.4,13.00,69.7,11,1.1,103.5,4.211,-4.4,0,1,58836
2026-04-28T08:58:38,20.718847,-41.779102,-20.8,13.67,69.2,11,1.1,103.7,4.209,-4.2,0,1,58837
2026-04-28T08:59:07,20.719570,-41.777336,-6.5,13.31,63.1,9,1.4,103.4,4.210,-4.2,0,1,58838
2026-04-28T08:59:36,20.720257,-41.775536,5.1,13.84,65.4,10,1.1,103.4,4.211,-4.2,0,1,58839
2026-04-28T09:00:05,20.720892,-41.773743,3.0,13.46,68.3,10,1.4,103.5,4.210,-4.4,0,1,58840
2026-04-28T09:00:34,20.721554,-41.771980,7.3,13.39,72.3,10,1.4,103.5,4.210,-4.4,0,1,58841
2026-04-28T09:01:03,20.722273,-41.770187,8.2,13.80,70.7,10,1.4,103.8,4.211,-4.2,0,1,58842
2026-04-28T09:01:32,20.723036,-41.768421,14.5,12.50,64.4,10,1.5,103.5,4.211,-4.4,0,1,58843
2026-04-28T09:02:01,20.723751,-41.766632,19.4,13.72,67.1,11,1.1,103.7,4.210,-4.2,0,1,58844
2026-04-28T09:02:30,20.724373,-41.764839,18.2,13.67,69.0,11,1.1,103.5,4.211,-4.4,0,1,58845
2026-04-28T09:02:59,20.725115,-41.763058,14.9,13.34,72.1,10,1.1,103.4,4.209,-4.2,0,1,58846
2026-04-28T09:03:28,20.725758,-41.761299,12.8,12.58,60.9,10,1.5,103.4,4.209,-4.2,0,1,58847
2026-04-28T09:03:57,20.726389,-41.759502,7.7,13.10,71.1,11,1.0,103.5,4.211,-4.4,0,1,58848
2026-04-28T09:04:26,20.726992,-41.757675,-1.6,13.42,70.7,11,1.0,103.4,4.213,2751.6,0,1,58849
2026-04-28T09:04:55,20.727674,-41.755936,1.0,13.71,68.0,11,1.0,103.4,4.209,-4.2,0,1,58850
2026-04-28T09:05:24,20.728300,-41.754162,-1.6,13.90,64.1,11,1.0,103.5,4.211,2755.8,0,1,58851
2026-04-28T09:05:53,20.728928,-41.752373,1.2,13.10,68.3,10,1.5,103.7,4.210,-4.2,0,1,58852
2026-04-28T09:06:22,20.729628,-41.750568,-1.2,14.09,65.4,10,1.5,103.5,4.209,-4.4,0,1,58853
2026-04-28T09:06:51,20.730188,-41.748802,2.8,13.25,70.1,10,1.5,103.4,4.209,-4.2,0,1,58854
2026-04-28T09:07:20,20.730892,-41.747051,9.0,12.08,64.1,9,1.5,103.4,4.210,-4.2,0,1,58855
2026-04-28T09:07:49,20.731497,-41.745228,13.3,13.34,69.7,10,1.5,103.4,4.211,-4.2,0,1,58856
2026-04-28T09:08:18,20.732231,-41.743443,14.1,12.53,62.7,9,1.5,103.5,4.210,-4.4,0,1,58857
2026-04-28T09:08:47,20.732855,-41.741688,25.3,13.14,68.1,9,1.5,103.4,4.211,-4.2,0,1,58858
2026-04-28T09:09:16,20.733450,-41.739838,28.3,12.68,67.3,10,1.5,103.7,4.210,-4.2,0,1,58859
2026-04-28T09:09:45,20.734055,-41.738018,16.1,13.23,66.0,10,1.5,103.7,4.210,2760.2,0,1,58860
2026-04-28T09:10:14,20.734749,-41.736267,18.4,13.13,66.6,10,1.5,103.4,4.209,-4.2,0,1,58861
2026-04-28T09:10:43,20.735405,-41.734436,17.4,14.08,74.3,9,1.5,103.5,4.210,-4.4,0,1,58862
2026-04-28T09:11:12,20.736074,-41.732685,21.9,13.46,63.7,9,1.5,103.4,4.210,-4.2,0,1,58863
2026-04-28T09:11:41,20.736719,-41.730888,21.5,13.42,65.8,9,1.5,103.5,4.210,-4.4,0,1,58864
2026-04-28T09:12:10,20.737368,-41.729057,14.5,13.03,61.4,10,1.5,103.8,4.210,-4.2,0,1,58865
2026-04-28T09:12:39,20.738108,-41.727261,12.6,13.41,63.0,10,1.5,103.7,4.210,-4.2,0,1,58866
2026-04-28T09:13:08,20.738766,-41.725433,20.5,13.44,63.7,10,1.5,103.4,4.209,-4.2,0,1,58867
2026-04-28T09:13:37,20.739447,-41.723660,33.4,12.88,68.2,10,1.5,103.5,4.210,-4.4,0,1,58868
2026-04-28T09:14:06,20.740105,-41.721874,32.4,13.32,67.7,10,1.5,103.7,4.207,-4.2,0,1,58869
2026-04-28T09:14:35,20.740814,-41.720104,26.5,13.12,65.8,9,1.5,103.5,4.209,-4.4,0,1,58870
2026-04-28T09:15:04,20.741545,-41.718323,32.4,13.07,60.3,11,1.5,103.4,4.210,-4.2,0,1,58871
2026-04-28T09:15:33,20.742142,-41.716545,37.0,13.49,73.2,11,1.5,103.4,4.210,-4.2,0,1,58872
2026-04-28T09:16:02,20.742846,-41.714764,33.3,14.21,60.2,11,1.5,103.4,4.209,-4.2,0,1,58873
2026-04-28T09:16:31,20.743551,-41.712990,27.7,13.05,69.8,10,1.5,103.5,4.210,-4.4,0,1,58874
2026-04-28T09:17:00,20.744186,-41.711155,26.7,13.30,67.6,10,1.5,103.5,4.210,-4.4,0,1,58875
2026-04-28T09:17:29,20.744801,-41.709370,17.4,13.63,69.7,11,1.4,103.4,4.211,-4.2,0,1,58876
2026-04-28T09:17:58,20.745523,-41.707615,22.4,14.12,66.0,10,1.5,103.4,4.210,-4.2,0,1,58877
2026-04-28T09:18:27,20.746185,-41.705856,19.3,13.01,66.8,10,1.5,103.2,4.207,-4.2,0,1,58878
2026-04-28T09:18:56,20.746801,-41.704071,21.3,14.56,68.2,10,1.5,103.5,4.209,-4.4,0,1,58879
2026-04-28T09:19:25,20.747507,-41.702290,25.5,12.74,64.4,10,1.5,103.8,4.211,-4.2,0,1,58880
2026-04-28T09:19:54,20.748158,-41.700562,22.5,13.27,66.7,9,1.5,103.5,4.210,-4.4,0,1,58881
2026-04-28T09:20:24,20.748857,-41.698803,24.5,13.07,66.7,10,1.5,103.5,4.210,-4.4,0,1,58882
2026-04-28T09:20:54,20.749514,-41.696976,24.0,13.60,67.3,10,1.5,103.2,4.209,-4.2,0,1,58883
2026-04-28T09:21:24,20.750174,-41.695183,23.0,13.38,63.7,11,1.4,103.8,4.210,-4.2,0,1,58884
2026-04-28T09:21:54,20.750849,-41.693378,22.1,12.95,64.3,10,1.4,103.5,4.211,-4.4,0,1,58885
2026-04-28T09:22:23,20.751465,-41.691624,19.0,12.84,75.9,11,1.4,103.5,4.211,-4.4,0,1,58886
2026-04-28T09:22:53,20.752180,-41.689808,17.8,14.17,62.8,11,1.4,103.7,4.209,-4.2,0,1,58887
2026-04-28T09:23:23,20.752840,-41.688042,16.6,12.66,68.8,11,1.4,103.5,4.210,-4.4,0,1,58888
2026-04-28T09:23:53,20.753429,-41.686214,15.5,14.30,75.1,10,1.4,103.7,4.209,-4.2,0,1,58889
2026-04-28T09:24:23,20.754076,-41.684437,16.1,13.23,65.5,11,1.4,103.7,4.210,-4.2,0,1,58890
2026-04-28T09:24:53,20.754801,-41.682690,13.9,12.82,60.8,10,1.4,103.5,4.210,-4.4,0,1,58891
2026-04-28T09:25:23,20.755468,-41.680939,13.3,12.63,68.8,11,1.4,103.5,4.211,-4.4,0,1,58892
2026-04-28T09:25:53,20.756136,-41.679138,17.8,13.01,70.0,9,1.5,103.5,4.210,-4.4,0,1,58893
2026-04-28T09:26:22,20.756786,-41.677402,16.4,13.59,60.9,9,1.6,103.5,4.210,-4.4,0,1,58894
2026-04-28T09:26:51,20.757418,-41.675602,15.9,13.02,70.7,8,1.6,103.5,4.210,-4.4,0,1,58895
2026-04-28T09:27:20,20.758060,-41.673832,16.3,13.45,62.0,9,1.6,103.4,4.209,-4.2,0,1,58896
2026-04-28T09:27:49,20.758736,-41.672104,17.2,13.68,65.9,10,1.4,103.4,4.210,-4.2,0,1,58897
2026-04-28T09:28:18,20.759333,-41.670315,18.7,13.63,78.1,9,1.6,103.7,4.209,-4.2,0,1,58898
2026-04-28T09:28:47,20.760031,-41.668591,18.9,13.14,69.3,10,1.5,103.4,4.209,-4.2,0,1,58899
2026-04-28T09:29:16,20.760689,-41.666779,17.5,14.60,74.4,8,2.2,103.5,4.210,-4.4,0,1,58900
2026-04-28T09:29:45,20.761389,-41.665089,14.8,13.16,66.2,11,1.3,103.5,4.210,-4.4,0,1,58901
2026-04-28T09:30:14,20.762049,-41.663303,13.7,12.94,72.2,11,1.3,103.4,4.210,-4.2,0,1,58902
2026-04-28T09:30:44,20.762777,-41.661446,9.4,14.25,60.4,9,1.6,103.4,4.211,-4.2,0,1,58903
2026-04-28T09:31:13,20.763357,-41.659695,14.5,12.78,65.7,9,1.6,103.4,4.210,-4.2,0,1,58904
2026-04-28T09:31:42,20.763947,-41.657982,16.7,12.89,73.7,9,1.5,103.5,4.210,-4.4,0,1,58905
2026-04-28T09:32:11,20.764538,-41.656200,17.3,12.49,61.8,10,1.5,103.4,4.210,-4.2,0,1,58906
2026-04-28T09:32:40,20.765265,-41.654499,17.8,13.98,59.7,8,2.3,103.2,4.210,-4.2,0,1,58907
2026-04-28T09:33:09,20.765791,-41.652653,19.0,13.48,66.7,10,1.5,103.7,4.209,-4.2,0,1,58908
2026-04-28T09:33:38,20.766630,-41.650986,17.8,14.03,66.2,8,2.3,103.5,4.209,-4.4,0,1,58909
2026-04-28T09:34:07,20.767265,-41.649258,17.2,12.88,70.9,9,2.3,103.7,4.210,-4.2,0,1,58910
2026-04-28T09:34:36,20.767813,-41.647465,19.0,11.84,65.5,8,2.3,103.4,4.210,-4.2,0,1,58911
2026-04-28T09:35:05,20.768297,-41.645702,21.1,12.98,73.8,8,2.3,103.4,4.207,-4.2,0,1,58912
2026-04-28T09:35:34,20.769043,-41.643986,21.6,13.09,65.3,8,2.3,103.5,4.210,-4.4,0,1,58913
2026-04-28T09:36:03,20.769684,-41.642284,25.4,13.12,70.2,8,2.3,103.4,4.210,-4.2,0,1,58914
2026-04-28T09:36:32,20.770182,-41.640442,27.3,13.60,75.4,9,1.5,103.4,4.209,-4.2,0,1,58915
2026-04-28T09:37:01,20.770880,-41.638794,24.8,11.50,70.6,8,2.3,103.7,4.213,-4.2,0,1,58916
2026-04-28T09:37:30,20.771521,-41.636982,29.0,12.76,69.0,10,1.3,103.5,4.209,-4.4,0,1,58917
2026-04-28T09:37:59,20.772133,-41.635254,30.8,12.81,67.6,9,1.5,103.5,4.210,-4.4,0,1,58918
2026-04-28T09:38:28,20.772825,-41.633511,30.7,13.88,68.4,8,1.6,103.5,4.210,-4.4,0,1,58919
2026-04-28T09:38:57,20.773300,-41.631699,28.6,13.37,72.0,9,1.7,103.4,4.210,-4.2,0,1,58920
2026-04-28T09:39:26,20.774143,-41.630093,24.1,12.81,74.8,9,1.7,103.7,4.210,2760.2,0,1,58921
2026-04-28T09:39:55,20.774927,-41.628414,30.2,12.75,77.5,10,1.3,103.7,4.210,-4.2,0,1,58922
2026-04-28T09:40:24,20.775589,-41.626648,32.2,12.66,65.2,10,1.6,103.5,4.210,-4.4,0,1,58923
2026-04-28T09:40:53,20.776215,-41.624973,30.0,12.16,73.4,11,1.2,103.2,4.210,-4.2,0,1,58924
2026-04-28T09:41:22,20.776798,-41.623234,31.8,12.55,60.4,10,1.6,103.7,4.209,-4.2,0,1,58925
2026-04-28T09:41:51,20.777330,-41.621433,30.4,12.77,72.3,10,1.6,103.5,4.209,-4.4,0,1,58926
2026-04-28T09:42:20,20.777876,-41.619659,28.1,12.73,82.9,9,1.5,103.4,4.210,-4.2,0,1,58927
2026-04-28T09:42:49,20.778610,-41.617966,33.3,13.12,75.8,8,2.3,103.4,4.210,-4.2,0,1,58928
2026-04-28T09:43:18,20.779217,-41.616211,32.7,12.79,75.2,7,2.3,103.7,4.211,-4.2,0,1,58929
2026-04-28T09:43:47,20.779888,-41.614491,38.4,13.43,72.8,9,1.8,103.5,4.211,-4.4,0,1,58930
2026-04-28T09:44:16,20.780514,-41.612736,32.5,13.12,76.7,10,1.2,103.5,4.209,-4.4,0,1,58931
2026-04-28T09:44:45,20.781055,-41.610962,29.4,13.70,78.5,8,2.3,103.8,4.210,-4.2,0,1,58932
2026-04-28T09:45:14,20.781698,-41.609241,11.1,12.78,70.5,8,2.3,103.5,4.209,-4.4,0,1,58933
2026-04-28T09:45:43,20.782429,-41.607533,7.0,12.59,70.4,9,1.8,103.4,4.210,-4.2,0,1,58934
2026-04-28T09:46:12,20.782963,-41.605785,3.1,13.21,71.2,11,1.1,103.5,4.210,-4.4,0,1,58935
2026-04-28T09:46:41,20.783651,-41.604095,1.3,13.54,70.2,10,1.2,103.4,4.210,-4.2,0,1,58936
2026-04-28T09:47:10,20.784311,-41.602329,2.9,12.96,79.5,9,1.2,103.4,4.210,-4.2,0,1,58937
2026-04-28T09:47:39,20.785011,-41.600628,3.7,12.84,61.7,9,1.2,103.5,4.210,-4.4,0,1,58938
2026-04-28T09:48:08,20.785557,-41.598839,-1.6,13.51,75.8,9,1.6,103.4,4.211,-4.2,0,1,58939
2026-04-28T09:48:37,20.786198,-41.597069,-1.5,13.16,75.6,9,1.6,103.5,4.209,-4.4,0,1,58940
2026-04-28T09:49:06,20.786938,-41.595402,7.8,12.74,61.8,8,1.7,103.5,4.210,-4.4,0,1,58941
2026-04-28T09:49:35,20.787529,-41.593655,5.7,12.91,66.7,7,1.7,103.4,4.209,-4.2,0,1,58942
2026-04-28T09:50:04,20.788183,-41.591869,5.1,13.29,72.8,8,1.5,104.0,4.210,-4.2,0,1,58943
2026-04-28T09:50:33,20.788834,-41.590115,1.0,12.84,63.1,8,1.7,103.4,4.210,-4.2,0,1,58944
2026-04-28T09:51:02,20.789520,-41.588364,4.2,13.28,70.2,9,1.2,103.5,4.210,-4.4,0,1,58945
2026-04-28T09:51:31,20.790144,-41.586575,4.9,13.34,69.5,8,1.5,103.4,4.210,-4.2,0,1,58946
2026-04-28T09:52:00,20.790833,-41.584839,5.8,12.82,69.7,9,1.2,103.4,4.210,-4.2,0,1,58947
2026-04-28T09:52:29,20.791628,-41.583130,12.4,13.73,64.0,7,2.3,103.4,4.210,-4.2,0,1,58948
2026-04-28T09:52:58,20.792194,-41.581421,10.9,12.89,66.1,7,2.3,103.7,4.210,-4.2,0,1,58949
2026-04-28T09:53:27,20.792789,-41.579624,9.5,13.18,69.4,7,2.3,103.7,4.211,-4.2,0,1,58950
2026-04-28T09:53:56,20.793446,-41.577911,9.3,12.41,62.5,7,1.7,103.5,4.209,-4.4,0,1,58951
2026-04-28T09:54:25,20.794065,-41.576138,9.7,12.79,72.2,9,1.2,103.7,4.210,-4.2,0,1,58952
2026-04-28T09:54:54,20.794727,-41.574387,8.5,13.16,68.4,8,1.8,103.7,4.209,-4.2,0,1,58953
2026-04-28T09:55:23,20.795341,-41.572643,8.2,13.76,66.8,9,1.2,103.4,4.209,-4.2,0,1,58954
2026-04-28T09:55:52,20.795967,-41.570866,6.7,13.39,70.5,7,2.3,103.4,4.210,-4.2,0,1,58955
2026-04-28T09:56:21,20.796598,-41.569164,2.7,10.94,65.5,6,2.7,103.5,4.209,-4.4,0,1,58956
2026-04-28T09:56:50,20.797249,-41.567440,2.6,13.25,59.3,8,1.7,103.5,4.211,-4.4,0,1,58957
2026-04-28T09:57:19,20.797930,-41.565697,3.3,13.82,67.0,7,2.3,103.7,4.209,-4.2,0,1,58958
2026-04-28T09:57:48,20.798599,-41.563972,3.3,13.49,64.4,7,2.3,103.7,4.210,-4.2,0,1,58959
2026-04-28T09:58:17,20.799204,-41.562248,2.6,11.57,67.1,7,2.3,103.7,4.210,-4.2,0,1,58960
2026-04-28T09:58:46,20.799795,-41.560444,1.9,12.50,71.9,7,1.8,103.4,4.210,-4.2,0,1,58961
2026-04-28T09:59:15,20.800365,-41.558632,2.3,13.41,64.2,8,2.0,103.2,4.209,2747.5,0,1,58962
2026-04-28T09:59:44,20.800985,-41.556885,1.7,13.68,70.1,10,1.4,103.7,4.209,-4.2,0,1,58963
2026-04-28T10:00:13,20.801760,-41.555168,0.0,12.77,66.3,8,2.0,103.5,4.210,-4.4,0,1,58964
2026-04-28T10:00:42,20.802343,-41.553432,3.2,12.50,65.2,8,2.0,103.2,4.210,-4.2,0,1,58965
2026-04-28T10:01:11,20.802971,-41.551613,-3.2,12.80,69.2,8,2.0,103.4,4.210,-4.2,0,1,58966
2026-04-28T10:01:40,20.803663,-41.549812,-9.0,12.64,65.5,8,2.0,103.5,4.210,-4.4,0,1,58967
2026-04-28T10:02:09,20.804209,-41.548065,-2.8,12.53,67.8,8,2.0,103.8,4.211,-4.2,0,1,58968
2026-04-28T10:02:38,20.804790,-41.546307,-5.0,13.16,67.5,8,2.0,103.5,4.207,-4.4,0,1,58969
2026-04-28T10:03:07,20.805374,-41.544472,-6.8,13.12,70.2,8,2.0,103.5,4.210,-4.4,0,1,58970
2026-04-28T10:03:36,20.806032,-41.542751,-4.7,13.16,65.8,8,2.0,103.5,4.211,-4.4,0,1,58971
2026-04-28T10:04:05,20.806721,-41.540974,-0.9,13.64,72.4,7,2.1,103.7,4.209,-4.2,0,1,58972
2026-04-28T10:04:34,20.807472,-41.539299,1.7,13.33,69.2,8,2.0,103.4,4.209,2751.6,0,1,58973
2026-04-28T10:05:03,20.808249,-41.537617,-0.4,13.47,64.7,7,2.1,103.5,4.211,-4.4,0,1,58974
2026-04-28T10:05:32,20.808929,-41.535835,2.6,13.50,69.5,8,2.0,103.2,4.210,-4.2,0,1,58975
2026-04-28T10:06:01,20.809587,-41.534061,2.2,13.38,73.9,8,2.0,103.5,4.210,-4.4,0,1,58976
2026-04-28T10:06:30,20.810255,-41.532364,5.5,12.90,68.6,8,2.0,103.4,4.209,-4.2,0,1,58977
2026-04-28T10:06:59,20.810905,-41.530651,9.8,13.70,67.3,8,2.0,103.4,4.210,-4.2,0,1,58978
2026-04-28T10:07:28,20.811600,-41.528915,8.3,13.41,64.9,8,2.0,103.2,4.209,-4.2,0,1,58979
2026-04-28T10:07:57,20.812311,-41.527115,8.9,13.66,65.5,8,2.0,103.7,4.211,-4.2,0,1,58980
2026-04-28T10:08:26,20.812870,-41.525364,8.1,12.79,65.0,7,2.1,103.5,4.210,-4.4,0,1,58981
2026-04-28T10:08:55,20.813425,-41.523621,4.9,13.29,68.3,8,1.5,103.5,4.210,-4.4,0,1,58982
2026-04-28T10:09:24,20.814138,-41.521873,6.4,12.93,68.0,7,2.1,103.4,4.207,-4.2,0,1,58983
2026-04-28T10:09:53,20.814714,-41.520103,4.1,12.83,71.8,7,2.1,103.5,4.209,-4.4,0,1,58984
2026-04-28T10:10:22,20.815445,-41.518353,-1.1,12.78,67.1,7,2.1,103.4,4.207,-4.2,0,1,58985
2026-04-28T10:10:51,20.815992,-41.516636,-3.8,13.17,69.7,7,2.1,103.7,4.209,-4.2,0,1,58986
2026-04-28T10:11:20,20.816669,-41.514816,-7.8,13.98,65.4,7,2.1,103.7,4.209,-4.2,0,1,58987
2026-04-28T10:11:49,20.817257,-41.513077,-7.8,13.09,69.3,7,2.1,103.4,4.210,-4.2,0,1,58988
2026-04-28T10:12:18,20.817913,-41.511288,-13.4,13.18,62.3,7,2.1,103.4,4.207,-4.2,0,1,58989
2026-04-28T10:12:47,20.818562,-41.509598,-13.8,13.17,63.4,7,2.1,103.5,4.210,-4.4,0,1,58990
2026-04-28T10:13:16,20.819212,-41.507816,-17.2,12.51,68.6,7,2.1,103.8,4.209,-4.2,0,1,58991
2026-04-28T10:13:45,20.819950,-41.506027,-21.7,12.85,67.6,7,2.1,103.5,4.210,-4.4,0,1,58992
2026-04-28T10:14:14,20.820593,-41.504257,-26.0,13.13,66.2,7,2.1,103.7,4.210,-4.2,0,1,58993
2026-04-28T10:14:43,20.821228,-41.502525,-21.3,12.55,70.8,7,2.1,103.4,4.210,-4.2,0,1,58994
2026-04-28T10:15:12,20.821705,-41.500786,-4.2,12.77,71.8,7,2.1,103.7,4.207,-4.2,0,1,58995
2026-04-28T10:15:41,20.822384,-41.499020,-9.4,13.62,65.4,7,2.1,103.4,4.209,-4.2,0,1,58996
2026-04-28T10:16:10,20.823071,-41.497272,-12.9,12.62,69.2,7,2.0,103.4,4.210,-4.2,0,1,58997
2026-04-28T10:16:39,20.823715,-41.495514,-10.9,13.51,72.7,7,2.0,103.4,4.210,-4.2,0,1,58998
2026-04-28T10:17:08,20.824385,-41.493759,-11.4,13.47,66.2,7,2.0,103.5,4.209,-4.4,0,1,58999
2026-04-28T10:17:37,20.825081,-41.492012,-12.9,13.45,67.9,7,2.0,103.7,4.210,-4.2,0,1,59000
2026-04-28T10:18:06,20.825747,-41.490292,-12.0,13.32,71.9,7,2.0,103.5,4.210,-4.4,0,1,59001
2026-04-28T10:18:35,20.826426,-41.488533,-14.3,13.44,65.8,7,2.0,103.2,4.210,-4.2,0,1,59002
2026-04-28T10:19:04,20.827023,-41.486797,-12.4,13.03,66.7,7,2.0,103.4,4.210,-4.2,0,1,59003
2026-04-28T10:19:33,20.827682,-41.485107,-6.5,12.18,67.6,7,2.0,103.4,4.211,-4.2,0,1,59004
2026-04-28T10:20:02,20.828306,-41.483391,-1.0,12.90,67.1,7,2.0,103.7,4.210,-4.2,0,1,59005
2026-04-28T10:20:31,20.828999,-41.481632,-10.2,12.68,71.5,6,2.0,103.5,4.210,-4.4,0,1,59006
2026-04-28T10:21:00,20.829636,-41.479893,-10.2,12.50,69.1,6,2.0,103.7,4.210,-4.2,0,1,59007
2026-04-28T10:21:29,20.830320,-41.478180,-7.9,13.29,67.7,7,2.0,103.5,4.210,-4.4,0,1,59008
2026-04-28T10:21:58,20.830938,-41.476414,-10.9,13.17,72.2,7,2.0,103.7,4.210,-4.2,0,1,59009
2026-04-28T10:22:27,20.831594,-41.474712,-10.6,13.22,66.8,6,2.0,103.4,4.210,-4.2,0,1,59010
2026-04-28T10:22:56,20.832239,-41.472969,-14.6,13.19,70.2,6,2.0,103.7,4.211,-4.2,0,1,59011
2026-04-28T10:23:25,20.832886,-41.471279,-1.6,12.48,72.4,7,1.9,103.4,4.210,2751.6,0,1,59012
2026-04-28T10:23:54,20.833508,-41.469566,5.2,12.58,71.8,7,1.9,103.4,4.210,-4.2,0,1,59013
2026-04-28T10:24:23,20.834133,-41.467838,5.4,12.97,67.3,7,1.9,103.7,4.209,-4.2,0,1,59014
2026-04-28T10:24:52,20.834738,-41.466129,7.4,12.87,69.7,7,1.9,103.5,4.210,-4.4,0,1,59015
2026-04-28T10:25:21,20.835363,-41.464420,-2.0,12.41,65.7,7,1.9,103.2,4.210,-4.2,0,1,59016
2026-04-28T10:25:50,20.835991,-41.462677,-7.0,12.54,61.7,7,1.9,103.5,4.209,-4.4,0,1,59017
2026-04-28T10:26:19,20.836637,-41.461006,-2.9,12.56,70.1,7,1.9,103.5,4.209,-4.4,0,1,59018
2026-04-28T10:26:48,20.837263,-41.459274,-0.5,13.10,68.2,7,1.9,103.7,4.210,-4.2,0,1,59019
2026-04-28T10:27:17,20.837910,-41.457581,-3.5,13.02,64.0,7,1.9,103.5,4.210,-4.4,0,1,59020
2026-04-28T10:27:46,20.838541,-41.455841,-1.2,12.48,63.8,7,1.9,103.4,4.209,-4.2,0,1,59021
2026-04-28T10:28:15,20.839125,-41.454105,6.2,12.40,66.2,6,1.9,103.7,4.210,-4.2,0,1,59022
2026-04-28T10:28:44,20.839790,-41.452457,7.9,12.70,67.1,6,1.9,103.5,4.211,-4.4,0,1,59023
2026-04-28T10:29:13,20.840448,-41.450684,8.2,12.69,68.8,7,1.8,103.4,4.209,-4.2,0,1,59024
2026-04-28T10:29:42,20.841076,-41.448975,14.6,12.17,66.1,7,1.8,103.7,4.209,-4.2,0,1,59025
2026-04-28T10:30:11,20.841705,-41.447266,19.7,13.32,63.6,7,1.8,103.5,4.210,-4.4,0,1,59026
2026-04-28T10:30:40,20.842363,-41.445518,10.0,12.61,64.3,6,2.2,103.5,4.209,-4.4,0,1,59027
2026-04-28T10:31:09,20.843027,-41.443825,8.6,12.96,68.9,7,1.8,103.5,4.210,-4.4,0,1,59028
2026-04-28T10:31:38,20.843662,-41.442062,4.7,12.98,72.1,7,1.8,103.5,4.210,-4.4,0,1,59029
2026-04-28T10:32:07,20.844294,-41.440311,-7.0,12.33,68.0,7,1.8,103.5,4.210,-4.4,0,1,59030
2026-04-28T10:32:36,20.845016,-41.438526,-25.6,13.60,65.7,7,1.8,103.4,4.209,-4.2,0,1,59031
2026-04-28T10:33:05,20.845707,-41.436699,-43.2,12.66,66.0,7,1.8,103.7,4.211,-4.2,0,1,59032
2026-04-28T10:33:34,20.846352,-41.435089,-50.2,12.66,68.9,7,1.8,103.5,4.209,-4.4,0,1,59033
2026-04-28T10:34:03,20.847013,-41.433254,-56.0,13.07,72.6,7,1.7,103.4,4.209,-4.2,0,1,59034
2026-04-28T10:34:32,20.847715,-41.431602,-53.6,12.08,68.0,7,1.7,103.7,4.210,-4.2,0,1,59035
2026-04-28T10:35:01,20.848333,-41.429916,-41.3,12.19,71.5,7,1.7,103.2,4.209,-4.2,0,1,59036
2026-04-28T10:35:30,20.848955,-41.428291,-28.1,13.43,73.3,7,1.7,103.5,4.210,-4.4,0,1,59037
2026-04-28T10:35:59,20.849590,-41.426495,-18.0,13.78,68.2,7,1.7,103.8,4.210,2764.3,0,1,59038
2026-04-28T10:36:28,20.850117,-41.424770,-8.2,12.76,72.6,7,1.7,103.5,4.209,-4.4,0,1,59039
2026-04-28T10:36:57,20.850599,-41.422962,11.1,12.27,62.4,7,1.7,103.4,4.209,2751.6,0,1,59040
2026-04-28T10:37:26,20.851389,-41.421253,8.4,13.59,69.3,7,1.7,103.5,4.209,-4.4,0,1,59041
2026-04-28T10:37:55,20.852028,-41.419621,7.6,12.80,67.7,7,1.7,103.5,4.209,-4.4,0,1,59042
2026-04-28T10:38:24,20.852617,-41.417915,7.4,12.57,63.9,7,1.6,103.2,4.210,-4.2,0,1,59043
2026-04-28T10:38:53,20.853203,-41.416046,14.2,13.09,60.8,7,1.6,103.4,4.211,-4.2,0,1,59044
2026-04-28T10:39:22,20.853920,-41.414322,10.9,12.72,63.4,7,1.6,103.4,4.211,-4.2,0,1,59045
2026-04-28T10:39:51,20.854563,-41.412579,10.6,12.74,67.2,7,1.6,103.2,4.210,2747.5,0,1,59046
2026-04-28T10:40:20,20.855160,-41.410854,18.2,12.90,62.8,7,1.6,103.7,4.209,-4.2,0,1,59047
2026-04-28T10:40:49,20.855822,-41.409138,17.5,12.09,63.2,7,1.6,103.4,4.210,-4.2,0,1,59048
2026-04-28T10:41:18,20.856503,-41.407383,18.6,13.62,63.6,7,1.6,103.5,4.210,-4.4,0,1,59049
2026-04-28T10:41:47,20.856968,-41.405643,26.2,12.28,75.6,7,1.6,103.5,4.209,-4.4,0,1,59050
2026-04-28T10:42:17,20.857809,-41.403858,26.2,13.16,64.1,7,1.6,103.5,4.209,-4.4,0,1,59051
2026-04-28T10:42:46,20.858400,-41.402077,26.5,13.71,73.4,7,1.6,103.4,4.210,-4.2,0,1,59052
2026-04-28T10:43:15,20.858940,-41.400307,25.4,13.20,65.1,7,1.6,103.4,4.210,-4.2,0,1,59053
2026-04-28T10:43:44,20.859571,-41.398514,17.7,12.80,72.5,6,2.0,103.5,4.210,-4.4,0,1,59054
2026-04-28T10:44:13,20.860268,-41.396759,11.4,13.09,65.0,7,1.5,103.7,4.209,-4.2,0,1,59055
2026-04-28T10:44:42,20.860928,-41.395115,24.4,13.13,62.1,6,1.6,103.7,4.209,2760.2,0,1,59056
2026-04-28T10:45:11,20.861641,-41.393372,22.1,14.14,68.5,5,1.6,103.7,4.210,-4.2,0,1,59057
2026-04-28T10:45:40,20.862343,-41.391598,10.7,14.06,66.6,5,1.6,103.5,4.210,-4.4,0,1,59058
2026-04-28T10:46:09,20.862978,-41.389782,-0.6,12.19,65.1,6,1.6,103.2,4.210,-4.2,0,1,59059
2026-04-28T10:46:38,20.863716,-41.388023,-10.3,12.89,63.9,6,1.6,103.4,4.209,-4.2,0,1,59060
2026-04-28T10:47:07,20.864517,-41.386341,-23.6,12.84,59.0,6,1.6,103.4,4.209,-4.2,0,1,59061
2026-04-28T10:47:37,20.865114,-41.384464,-30.8,13.66,69.7,5,1.6,103.4,4.210,-4.2,0,1,59062
2026-04-28T10:48:06,20.865793,-41.382751,-31.4,12.32,65.7,6,1.5,103.4,4.210,-4.2,0,1,59063
2026-04-28T10:48:35,20.866428,-41.380978,-27.7,12.76,68.9,5,1.6,103.4,4.210,-4.2,0,1,59064
2026-04-28T10:49:04,20.867102,-41.379257,-23.9,12.94,67.2,5,1.6,103.5,4.210,-4.4,0,1,59065
2026-04-28T10:49:33,20.867714,-41.377514,-20.0,11.47,68.8,6,1.5,103.4,4.210,-4.2,0,1,59066
2026-04-28T10:50:02,20.868261,-41.375778,-14.4,12.47,68.5,6,1.5,103.4,4.210,-4.2,0,1,59067
2026-04-28T10:50:32,20.868959,-41.374004,-1.9,12.34,69.5,5,1.6,103.7,4.209,-4.2,0,1,59068
2026-04-28T10:51:01,20.869610,-41.372261,4.0,13.03,68.9,5,2.5,103.5,4.209,-4.4,0,1,59069
2026-04-28T10:51:30,20.870350,-41.370472,11.2,14.37,68.5,4,2.6,103.4,4.209,-4.2,0,1,59070
2026-04-28T10:51:59,20.870815,-41.368736,18.3,10.61,69.8,5,1.6,103.4,4.210,-4.2,0,1,59071
2026-04-28T10:52:28,20.871469,-41.366982,21.8,13.28,67.8,4,2.6,103.5,4.209,-4.4,0,1,59072
2026-04-28T10:52:57,20.872194,-41.365150,2.5,13.84,65.7,5,1.5,103.5,4.211,-4.4,0,1,59073
2026-04-28T10:53:26,20.872932,-41.363403,0.5,13.66,64.7,4,2.6,103.7,4.209,-4.2,0,1,59074
2026-04-28T10:53:55,20.873531,-41.361671,-3.5,13.08,69.6,4,2.6,103.4,4.209,-4.2,0,1,59075
2026-04-28T10:54:24,20.874182,-41.359837,-2.4,14.18,71.1,5,1.5,103.5,4.209,-4.4,0,1,59076
2026-04-28T10:54:53,20.874855,-41.358135,-1.3,13.38,70.7,4,2.5,103.4,4.207,-4.2,0,1,59077
2026-04-28T10:55:22,20.875402,-41.356377,0.6,12.67,72.8,4,3.0,103.5,4.210,-4.4,0,1,59078
2026-04-28T10:55:52,20.876057,-41.354610,1.6,12.93,66.3,4,3.0,103.4,4.209,-4.2,0,1,59079
2026-04-28T10:56:21,20.876637,-41.352833,5.6,12.41,72.3,4,2.5,103.5,4.210,-4.4,0,1,59080
2026-04-28T10:56:50,20.877350,-41.351109,9.4,12.72,64.6,5,1.5,103.4,4.211,-4.2,0,1,59081
2026-04-28T10:57:19,20.877983,-41.349449,12.5,12.63,65.0,5,2.4,103.5,4.211,-4.4,0,1,59082
2026-04-28T10:57:49,20.878624,-41.347569,12.0,11.83,60.0,5,2.4,103.7,4.210,-4.2,0,1,59083
2026-04-28T10:58:18,20.879480,-41.345798,14.2,13.18,63.3,4,2.8,103.4,4.210,-4.2,0,1,59084
2026-04-28T10:58:49,20.879843,-41.343994,18.3,2.63,71.0,4,2.8,103.4,4.210,-4.2,0,1,59085
2026-04-28T10:59:20,20.880713,-41.342018,23.5,12.94,67.9,4,2.8,103.4,4.210,-4.2,0,1,59086
2026-04-28T10:59:49,20.881380,-41.340218,26.4,13.99,71.2,4,2.7,103.4,4.207,-4.2,0,1,59087
2026-04-28T11:00:26,20.882233,-41.338161,25.5,0.81,59.7,5,2.3,103.4,4.211,-4.2,0,1,59088
2026-04-28T11:01:04,20.883181,-41.335762,21.1,4.79,113.4,5,2.3,103.5,4.209,-4.4,0,1,59089
2026-04-28T11:01:33,20.883562,-41.333874,19.0,13.00,61.7,4,2.7,103.5,4.209,-4.4,0,1,59090
2026-04-28T11:02:04,20.884306,-41.332043,13.1,6.11,63.1,5,2.2,103.5,4.209,-4.4,0,1,59091
2026-04-28T11:02:36,20.884991,-41.330109,12.4,5.13,67.6,5,2.2,103.4,4.210,-4.2,0,1,59092
2026-04-28T11:03:05,20.885700,-41.328236,10.8,13.04,62.7,4,2.6,103.5,4.207,-4.4,0,1,59093
2026-04-28T11:03:34,20.886637,-41.326511,12.0,13.17,63.1,4,2.6,103.4,4.209,-4.2,0,1,59094
2026-04-28T11:04:06,20.886997,-41.324661,16.7,0.11,67.4,5,2.2,103.7,4.207,-4.2,0,1,59095
2026-04-28T11:04:44,20.887835,-41.322300,22.3,5.88,68.3,5,2.1,103.2,4.209,-4.2,0,1,59096
2026-04-28T11:05:16,20.888384,-41.320385,27.9,5.50,60.8,5,2.1,103.7,4.210,-4.2,0,1,59097
2026-04-28T11:05:46,20.889124,-41.318577,31.8,4.96,73.9,4,2.5,103.4,4.211,-4.2,0,1,59098
2026-04-28T11:06:20,20.889929,-41.316528,33.7,5.97,74.8,4,2.5,103.5,4.210,-4.4,0,1,59099
2026-04-28T11:06:50,20.890608,-41.314705,35.8,11.55,63.7,4,5.5,103.5,4.210,-4.4,0,1,59100
2026-04-28T11:07:19,20.891199,-41.312862,35.6,12.85,76.2,4,5.5,103.4,4.211,-4.2,0,1,59101
2026-04-28T11:07:48,20.891895,-41.311081,29.5,14.81,64.8,4,5.5,103.2,4.210,-4.2,0,1,59102
2026-04-28T11:08:20,20.892830,-41.309189,26.2,2.85,55.6,4,2.4,103.4,4.209,-4.2,0,1,59103
2026-04-28T11:08:49,20.893682,-41.307323,31.9,13.54,68.4,4,5.4,103.4,4.209,-4.2,0,1,59104
2026-04-28T11:09:18,20.894442,-41.305443,30.9,13.41,67.9,6,1.9,103.5,4.210,-4.4,0,1,59105
2026-04-28T11:09:47,20.895058,-41.303665,27.5,13.10,63.5,5,4.8,103.2,4.211,-4.2,0,1,59106
2026-04-28T11:10:16,20.895779,-41.301918,25.3,10.39,65.8,5,4.8,103.4,4.210,-4.2,0,1,59107
2026-04-28T11:10:45,20.896208,-41.300095,21.3,12.24,65.8,5,4.8,103.2,4.210,-4.2,0,1,59108
2026-04-28T11:11:14,20.896807,-41.298306,24.5,14.38,70.9,5,4.7,103.4,4.210,2751.6,0,1,59109
2026-04-28T11:11:43,20.897434,-41.296520,23.3,13.08,67.0,5,4.7,103.4,4.209,-4.2,0,1,59110
2026-04-28T11:12:12,20.898411,-41.294762,32.3,13.56,72.2,6,1.9,103.5,4.209,-4.4,0,1,59111
2026-04-28T11:12:41,20.898994,-41.292988,36.4,13.39,68.4,6,1.8,103.4,4.210,-4.2,0,1,59112
2026-04-28T11:13:11,20.899469,-41.291126,26.5,12.82,79.3,5,4.6,103.4,4.209,-4.2,0,1,59113
2026-04-28T11:13:40,20.899986,-41.289341,13.9,11.78,71.5,5,4.5,103.5,4.210,-4.4,0,1,59114
2026-04-28T11:14:09,20.900677,-41.287506,5.7,13.15,70.9,6,1.8,103.5,4.209,-4.4,0,1,59115
2026-04-28T11:14:38,20.901245,-41.285755,6.0,13.47,72.8,5,4.4,103.4,4.210,-4.2,0,1,59116
2026-04-28T11:15:07,20.902103,-41.284019,16.9,13.08,72.0,5,4.4,103.4,4.210,-4.2,0,1,59117
2026-04-28T11:15:36,20.902754,-41.282207,26.7,12.29,77.2,5,4.4,103.4,4.211,-4.2,0,1,59118
2026-04-28T11:16:05,20.903307,-41.280418,33.6,12.01,71.9,5,4.3,103.4,4.210,-4.2,0,1,59119
2026-04-28T11:16:34,20.904005,-41.278648,31.3,13.46,83.1,5,4.3,103.5,4.209,-4.4,0,1,59120
2026-04-28T11:17:03,20.904758,-41.276897,24.5,13.22,71.8,5,4.2,103.5,4.209,-4.4,0,1,59121
2026-04-28T11:17:32,20.905592,-41.275143,24.5,13.01,69.5,5,4.2,103.7,4.209,-4.2,0,1,59122
2026-04-28T11:18:01,20.905691,-41.273228,30.4,13.44,89.7,5,4.2,103.7,4.209,-4.2,0,1,59123
2026-04-28T11:18:30,20.906490,-41.271534,19.6,13.05,73.2,5,4.1,103.4,4.210,-4.2,0,1,59124
2026-04-28T11:18:59,20.907370,-41.269825,25.7,13.62,66.3,6,1.7,103.4,4.209,-4.2,0,1,59125
2026-04-28T11:19:28,20.907841,-41.268002,26.5,13.03,69.6,6,1.7,103.5,4.209,-4.4,0,1,59126
2026-04-28T11:19:58,20.908432,-41.266151,22.8,13.47,67.8,5,4.0,103.4,4.210,-4.2,0,1,59127
2026-04-28T11:20:27,20.908831,-41.264328,21.6,12.46,75.9,5,4.0,103.4,4.209,-4.2,0,1,59128
2026-04-28T11:20:56,20.909401,-41.262573,10.6,11.82,70.0,5,4.0,103.2,4.209,-4.2,0,1,59129
2026-04-28T11:21:25,20.909830,-41.260715,1.3,12.97,71.6,5,3.9,103.5,4.211,-4.4,0,1,59130
2026-04-28T11:21:54,20.910414,-41.258919,-7.4,11.88,73.6,5,3.9,103.2,4.210,-4.2,0,1,59131
2026-04-28T11:22:23,20.910982,-41.257103,-11.7,12.32,70.1,5,3.9,103.5,4.209,-4.4,0,1,59132
2026-04-28T11:22:52,20.911575,-41.255314,-11.4,12.40,67.3,5,3.8,103.4,4.210,-4.2,0,1,59133
2026-04-28T11:23:21,20.912220,-41.253525,-9.9,12.32,68.3,5,3.8,103.5,4.211,-4.4,0,1,59134
2026-04-28T11:23:50,20.912876,-41.251728,-13.0,12.07,72.2,5,3.8,103.5,4.210,-4.4,0,1,59135
2026-04-28T11:24:19,20.913467,-41.249924,-16.5,11.79,71.7,5,3.8,103.7,4.207,-4.2,0,1,59136
2026-04-28T11:24:48,20.914125,-41.248123,-10.2,12.70,69.3,5,3.7,103.4,4.209,-4.2,0,1,59137
2026-04-28T11:25:17,20.914875,-41.246346,-5.8,13.32,69.3,5,3.7,103.7,4.210,-4.2,0,1,59138
2026-04-28T11:25:46,20.915548,-41.244583,-2.8,11.68,73.3,5,3.7,103.2,4.210,-4.2,0,1,59139
2026-04-28T11:26:15,20.916185,-41.242802,-2.9,11.33,68.2,5,3.7,103.4,4.209,-4.2,0,1,59140
2026-04-28T11:26:44,20.916815,-41.241028,-8.4,12.23,71.5,5,3.6,103.5,4.210,-4.4,0,1,59141
2026-04-28T11:27:13,20.917475,-41.239250,-11.5,13.04,73.5,5,3.6,103.4,4.210,-4.2,0,1,59142
2026-04-28T11:27:42,20.918156,-41.237499,-10.7,11.68,68.5,5,3.6,103.4,4.210,-4.2,0,1,59143
2026-04-28T11:28:11,20.918842,-41.235752,-10.5,11.64,65.1,4,5.3,103.5,4.210,-4.4,0,1,59144
2026-04-28T11:28:40,20.919710,-41.234062,8.1,13.58,70.3,6,2.6,103.7,4.209,-4.2,0,1,59145
2026-04-28T11:29:09,20.920628,-41.232368,17.3,14.49,71.2,6,2.6,103.5,4.210,-4.4,0,1,59146
2026-04-28T11:29:38,20.921196,-41.230549,17.9,14.06,70.2,6,2.6,103.5,4.209,-4.4,0,1,59147
2026-04-28T11:30:07,20.921803,-41.228802,14.9,13.22,70.2,6,2.6,103.4,4.210,-4.2,0,1,59148
2026-04-28T11:30:36,20.922440,-41.227016,15.7,12.60,71.6,6,2.6,103.5,4.209,-4.4,0,1,59149
2026-04-28T11:31:05,20.923132,-41.225231,19.0,14.40,67.1,6,2.6,103.5,4.207,-4.4,0,1,59150
2026-04-28T11:31:34,20.923798,-41.223461,16.0,12.58,68.3,6,2.6,103.4,4.209,-4.2,0,1,59151
2026-04-28T11:32:03,20.924318,-41.221664,21.5,13.33,72.2,6,2.6,103.5,4.211,-4.4,0,1,59152
2026-04-28T11:32:32,20.924997,-41.219891,21.9,13.10,72.4,6,2.6,103.2,4.209,-4.2,0,1,59153
2026-04-28T11:33:01,20.925686,-41.218113,19.2,14.04,65.6,6,2.6,103.4,4.207,-4.2,0,1,59154
2026-04-28T11:33:30,20.926350,-41.216351,19.7,13.27,66.9,6,2.6,103.4,4.210,-4.2,0,1,59155
2026-04-28T11:33:59,20.927021,-41.214516,28.3,13.20,68.1,6,2.6,103.7,4.210,-4.2,0,1,59156
2026-04-28T11:34:28,20.927746,-41.212704,31.3,13.65,69.6,6,2.6,103.7,4.210,-4.2,0,1,59157
2026-04-28T11:34:57,20.928394,-41.210987,30.1,13.57,66.7,6,2.6,103.4,4.209,-4.2,0,1,59158
2026-04-28T11:35:26,20.929123,-41.209179,25.2,13.17,67.6,6,2.6,103.5,4.210,-4.4,0,1,59159
2026-04-28T11:35:55,20.929773,-41.207447,29.5,12.24,71.4,6,2.6,103.7,4.210,-4.2,0,1,59160
2026-04-28T11:36:24,20.930492,-41.205643,37.1,13.88,71.3,6,2.6,103.4,4.209,-4.2,0,1,59161
2026-04-28T11:36:53,20.931055,-41.203823,31.8,13.13,68.4,5,3.1,103.2,4.209,-4.2,0,1,59162
2026-04-28T11:37:22,20.931637,-41.202106,28.5,13.73,71.3,6,2.6,103.4,4.210,-4.2,0,1,59163
2026-04-28T11:37:51,20.932394,-41.200298,32.2,13.41,69.9,6,2.7,103.7,4.206,-4.2,0,1,59164
2026-04-28T11:38:20,20.933002,-41.198505,26.0,13.95,67.1,6,2.6,103.2,4.209,-4.2,0,1,59165
2026-04-28T11:38:49,20.933662,-41.196743,28.1,13.00,70.5,6,2.6,103.4,4.210,-4.2,0,1,59166
2026-04-28T11:39:18,20.934263,-41.194916,24.4,13.31,70.9,6,2.6,103.4,4.210,-4.2,0,1,59167
2026-04-28T11:39:47,20.934990,-41.193199,21.9,13.55,72.6,6,2.6,103.7,4.210,-4.2,0,1,59168
2026-04-28T11:40:16,20.935648,-41.191425,24.8,13.68,69.4,6,2.6,103.4,4.210,-4.2,0,1,59169
2026-04-28T11:40:45,20.936287,-41.189602,20.9,13.19,71.8,6,2.6,103.4,4.210,-4.2,0,1,59170
2026-04-28T11:41:14,20.936852,-41.187840,17.2,13.90,70.2,7,2.2,103.4,4.209,-4.2,0,1,59171
2026-04-28T11:41:43,20.937569,-41.185993,21.5,13.37,68.3,7,2.2,103.7,4.207,-4.2,0,1,59172
2026-04-28T11:42:12,20.938141,-41.184227,16.2,12.76,71.6,7,2.1,103.5,4.210,-4.4,0,1,59173
2026-04-28T11:42:41,20.938770,-41.182381,12.5,13.17,65.1,7,2.1,103.4,4.209,-4.2,0,1,59174
2026-04-28T11:43:10,20.939514,-41.180592,12.0,12.98,70.8,7,2.1,103.2,4.210,-4.2,0,1,59175
2026-04-28T11:43:39,20.940121,-41.178810,15.1,13.22,68.5,7,2.1,103.5,4.210,-4.4,0,1,59176
2026-04-28T11:44:08,20.940752,-41.177021,10.1,13.29,62.4,7,2.1,103.7,4.209,-4.2,0,1,59177
2026-04-28T11:44:37,20.941431,-41.175163,2.6,13.68,71.9,7,2.1,103.8,4.207,-4.2,0,1,59178
2026-04-28T11:45:07,20.942186,-41.173332,-0.5,13.42,67.0,7,2.1,103.4,4.210,-4.2,0,1,59179
2026-04-28T11:45:36,20.942869,-41.171520,2.7,13.80,69.0,7,2.1,103.4,4.209,-4.2,0,1,59180
2026-04-28T11:46:05,20.943518,-41.169815,1.8,12.23,67.6,7,2.1,103.2,4.210,-4.2,0,1,59181
2026-04-28T11:46:34,20.944283,-41.167953,-3.8,13.24,62.8,7,2.1,103.5,4.210,-4.4,0,1,59182
2026-04-28T11:47:03,20.944761,-41.166161,-11.9,12.66,73.7,7,2.1,103.4,4.210,-4.2,0,1,59183
2026-04-28T11:47:32,20.945431,-41.164391,-5.5,12.70,64.9,7,2.1,103.4,4.210,-4.2,0,1,59184
2026-04-28T11:48:01,20.946184,-41.162598,10.0,13.77,66.4,7,2.1,103.2,4.210,-4.2,0,1,59185
2026-04-28T11:48:30,20.946886,-41.160835,16.2,13.82,64.2,7,2.0,103.4,4.210,-4.2,0,1,59186
2026-04-28T11:48:59,20.947535,-41.159058,20.0,13.20,64.2,7,2.0,103.5,4.209,-4.4,0,1,59187
2026-04-28T11:49:28,20.948217,-41.157234,15.3,13.22,70.0,7,2.0,103.5,4.211,-4.4,0,1,59188
2026-04-28T11:49:57,20.948709,-41.155525,9.9,13.62,67.3,7,2.0,103.5,4.209,-4.4,0,1,59189
2026-04-28T11:50:26,20.949322,-41.153706,12.3,13.41,68.3,7,2.0,103.4,4.207,-4.2,0,1,59190
2026-04-28T11:50:55,20.949940,-41.151897,3.9,13.44,70.1,7,2.0,103.2,4.209,-4.2,0,1,59191
2026-04-28T11:51:24,20.950636,-41.150127,5.4,13.89,68.9,7,2.0,103.4,4.210,-4.2,0,1,59192
2026-04-28T11:51:53,20.951292,-41.148365,12.0,13.06,73.3,7,2.0,103.5,4.207,-4.4,0,1,59193
2026-04-28T11:52:22,20.951990,-41.146507,24.7,12.86,67.9,7,2.0,103.2,4.210,2747.5,0,1,59194
2026-04-28T11:52:51,20.952568,-41.144672,22.0,13.39,72.9,7,2.0,103.5,4.207,-4.4,0,1,59195
2026-04-28T11:53:20,20.953226,-41.142887,22.4,12.50,67.6,7,2.0,103.4,4.209,-4.2,0,1,59196
2026-04-28T11:53:49,20.953917,-41.141113,23.4,13.34,64.5,7,2.0,103.4,4.209,-4.2,0,1,59197
2026-04-28T11:54:18,20.954710,-41.139359,30.8,12.33,69.4,7,2.0,103.5,4.210,-4.4,0,1,59198
2026-04-28T11:54:47,20.955421,-41.137508,28.3,14.02,68.1,7,2.0,103.5,4.209,-4.4,0,1,59199
2026-04-28T11:55:16,20.956074,-41.135685,25.8,14.49,65.9,7,2.0,103.4,4.209,-4.2,0,1,59200
2026-04-28T11:55:45,20.956736,-41.133919,21.0,14.43,67.3,7,2.0,103.4,4.210,-4.2,0,1,59201
2026-04-28T11:56:14,20.957396,-41.132114,14.8,13.28,68.1,7,1.9,103.5,4.211,-4.4,0,1,59202
2026-04-28T11:56:43,20.958052,-41.130318,10.6,14.02,67.6,7,1.9,103.4,4.207,-4.2,0,1,59203
2026-04-28T11:57:12,20.958679,-41.128525,4.8,13.83,71.2,7,1.9,103.5,4.210,-4.4,0,1,59204
2026-04-28T11:57:41,20.959373,-41.126728,4.5,12.41,71.4,6,2.1,103.4,4.209,-4.2,0,1,59205
2026-04-28T11:58:11,20.960020,-41.124828,4.1,13.30,71.5,6,2.0,103.5,4.209,-4.4,0,1,59206
2026-04-28T11:58:40,20.960705,-41.122955,0.8,13.06,70.5,6,2.0,103.7,4.209,-4.2,0,1,59207
2026-04-28T11:59:09,20.961277,-41.121181,-4.3,12.55,74.9,7,1.9,103.5,4.210,-4.4,0,1,59208
2026-04-28T11:59:38,20.961987,-41.119385,0.0,13.79,70.4,6,2.0,103.4,4.210,-4.2,0,1,59209
2026-04-28T12:00:07,20.962664,-41.117573,0.8,12.17,71.0,7,1.9,103.4,4.209,-4.2,0,1,59210
2026-04-28T12:00:36,20.963268,-41.115749,-3.5,13.35,77.1,7,1.9,103.4,4.209,-4.2,0,1,59211
2026-04-28T12:01:05,20.963854,-41.113979,2.4,13.68,69.6,6,2.0,103.5,4.210,-4.4,0,1,59212
2026-04-28T12:01:34,20.964550,-41.112141,-1.7,13.48,69.9,6,2.0,103.5,4.209,-4.4,0,1,59213
2026-04-28T12:02:03,20.965233,-41.110332,1.9,13.01,72.5,5,2.1,103.5,4.209,-4.4,0,1,59214
2026-04-28T12:02:32,20.965931,-41.108509,5.1,14.06,72.6,6,2.0,103.4,4.209,-4.2,0,1,59215
2026-04-28T12:03:01,20.966707,-41.106731,8.3,13.18,66.0,7,1.9,103.5,4.209,-4.4,0,1,59216
2026-04-28T12:03:30,20.967360,-41.104919,8.9,13.58,71.1,7,1.8,103.4,4.210,-4.2,0,1,59217
2026-04-28T12:03:59,20.968073,-41.103096,8.7,13.29,65.0,7,1.8,103.4,4.209,-4.2,0,1,59218
2026-04-28T12:04:28,20.968740,-41.101231,7.9,13.39,70.9,6,1.9,103.7,4.210,-4.2,0,1,59219
2026-04-28T12:04:57,20.969381,-41.099483,7.8,12.86,71.8,6,1.9,103.5,4.209,-4.4,0,1,59220
2026-04-28T12:05:26,20.970078,-41.097645,11.1,13.82,70.2,7,1.8,103.4,4.209,2751.6,0,1,59221
2026-04-28T12:05:55,20.970749,-41.095875,14.4,14.14,66.8,6,1.9,103.7,4.209,-4.2,0,1,59222
2026-04-28T12:06:24,20.971453,-41.094097,15.9,12.96,63.1,6,1.9,103.7,4.209,-4.2,0,1,59223
2026-04-28T12:06:53,20.972105,-41.092289,15.4,12.69,69.8,7,1.8,103.7,4.210,-4.2,0,1,59224
2026-04-28T12:07:22,20.972769,-41.090496,15.3,13.28,65.5,7,1.8,103.5,4.209,-4.4,0,1,59225
2026-04-28T12:07:51,20.973413,-41.088699,15.0,13.28,73.7,7,1.8,103.5,4.210,-4.4,0,1,59226
2026-04-28T12:08:20,20.974092,-41.086929,17.1,13.46,63.1,6,1.9,103.5,4.207,-4.4,0,1,59227
2026-04-28T12:08:49,20.974739,-41.085117,15.4,13.47,73.4,6,1.8,103.4,4.210,-4.2,0,1,59228
2026-04-28T12:09:18,20.975401,-41.083332,13.5,13.26,65.4,6,1.8,103.4,4.209,-4.2,0,1,59229
2026-04-28T12:09:47,20.976011,-41.081520,9.5,12.88,70.2,6,1.8,103.4,4.209,-4.2,0,1,59230
2026-04-28T12:10:16,20.976601,-41.079689,6.1,13.29,68.6,6,1.8,103.7,4.207,-4.2,0,1,59231
2026-04-28T12:10:45,20.977182,-41.077873,1.6,13.24,73.9,6,1.8,103.4,4.209,-4.2,0,1,59232
2026-04-28T12:11:14,20.977863,-41.076065,-2.3,13.31,68.9,6,1.8,103.5,4.210,-4.4,0,1,59233
2026-04-28T12:11:43,20.978542,-41.074272,-5.0,13.47,72.8,7,1.7,103.4,4.210,-4.2,0,1,59234
2026-04-28T12:12:12,20.979164,-41.072418,-4.3,13.97,69.9,6,1.8,103.4,4.209,-4.2,0,1,59235
2026-04-28T12:12:41,20.979845,-41.070625,-4.1,12.99,69.6,6,1.8,103.2,4.210,-4.2,0,1,59236
2026-04-28T12:13:10,20.980461,-41.068775,-5.3,13.82,75.6,6,1.8,103.5,4.211,-4.4,0,1,59237
2026-04-28T12:13:39,20.981142,-41.067020,-7.8,13.90,71.3,7,1.7,103.4,4.209,-4.2,0,1,59238
2026-04-28T12:14:08,20.981831,-41.065247,-12.9,13.52,65.9,7,1.6,103.5,4.210,-4.4,0,1,59239
2026-04-28T12:14:37,20.982506,-41.063461,-18.9,13.52,69.3,7,1.6,103.4,4.209,-4.2,0,1,59240
2026-04-28T12:15:06,20.983244,-41.061699,-20.2,13.15,62.0,8,1.6,103.4,4.209,-4.2,0,1,59241
2026-04-28T12:15:35,20.983871,-41.059872,-20.0,13.04,66.6,7,1.6,103.5,4.211,-4.4,0,1,59242
2026-04-28T12:16:04,20.984459,-41.058083,-28.8,14.05,69.2,7,1.6,103.4,4.209,-4.2,0,1,59243
2026-04-28T12:16:33,20.985161,-41.056309,-30.3,12.44,71.5,7,1.6,103.2,4.210,-4.2,0,1,59244
2026-04-28T12:17:02,20.985720,-41.054512,-36.5,12.76,62.0,7,1.6,103.7,4.210,-4.2,0,1,59245
2026-04-28T12:17:31,20.986376,-41.052677,-34.5,13.96,72.2,7,1.6,103.5,4.209,-4.4,0,1,59246
2026-04-28T12:18:00,20.986898,-41.050827,-37.1,12.75,69.5,7,1.6,103.4,4.209,-4.2,0,1,59247
2026-04-28T12:18:29,20.987623,-41.049015,-33.6,12.98,70.7,7,1.6,103.4,4.211,-4.2,0,1,59248
2026-04-28T12:18:58,20.988258,-41.047226,-33.6,13.58,71.7,7,1.6,103.4,4.210,-4.2,0,1,59249
2026-04-28T12:19:27,20.988871,-41.045456,-33.4,13.66,65.0,7,1.5,103.4,4.210,-4.2,0,1,59250
2026-04-28T12:19:56,20.989565,-41.043598,-21.6,14.42,77.3,7,1.5,103.4,4.210,-4.2,0,1,59251
2026-04-28T12:20:25,20.990246,-41.041805,-17.5,13.88,69.3,7,1.5,103.4,4.209,-4.2,0,1,59252
2026-04-28T12:20:54,20.990938,-41.040009,-14.3,12.73,62.1,7,1.5,103.4,4.207,-4.2,0,1,59253
2026-04-28T12:21:23,20.991566,-41.038197,-12.8,12.62,61.7,7,1.5,103.4,4.209,-4.2,0,1,59254
2026-04-28T12:21:52,20.992168,-41.036289,-5.7,13.11,73.9,7,1.5,103.4,4.210,-4.2,0,1,59255
2026-04-28T12:22:21,20.992992,-41.034481,12.2,13.30,67.9,7,1.5,103.8,4.210,-4.2,0,1,59256
2026-04-28T12:22:50,20.993650,-41.032642,13.3,14.00,76.2,7,1.5,103.5,4.209,-4.4,0,1,59257
2026-04-28T12:23:19,20.994333,-41.030830,14.4,13.65,73.5,7,1.5,103.4,4.209,-4.2,0,1,59258
2026-04-28T12:23:48,20.995029,-41.029018,21.9,13.57,63.6,7,1.5,103.2,4.210,-4.2,0,1,59259
2026-04-28T12:24:17,20.995712,-41.027142,31.8,13.72,73.4,7,1.5,103.2,4.209,-4.2,0,1,59260
2026-04-28T12:24:46,20.996397,-41.025345,33.9,13.78,68.3,8,1.5,103.4,4.207,-4.2,0,1,59261
2026-04-28T12:25:15,20.997084,-41.023521,31.6,13.52,64.1,8,1.5,103.5,4.211,-4.4,0,1,59262
2026-04-28T12:25:44,20.997702,-41.021675,30.9,14.25,72.3,8,1.5,103.5,4.210,-4.4,0,1,59263
2026-04-28T12:26:14,20.998480,-41.019810,43.4,13.30,70.2,7,1.7,103.4,4.209,-4.2,0,1,59264
2026-04-28T12:26:43,20.999098,-41.017937,46.6,14.44,71.2,8,1.4,103.2,4.209,2747.5,0,1,59265
2026-04-28T12:27:12,20.999783,-41.016129,44.2,13.67,69.1,8,1.4,103.2,4.209,-4.2,0,1,59266
2026-04-28T12:27:41,21.000376,-41.014286,38.7,14.03,70.1,7,1.5,103.4,4.207,-4.2,0,1,59267
2026-04-28T12:28:10,21.001017,-41.012478,24.8,13.76,62.1,8,1.4,103.4,4.209,-4.2,0,1,59268
2026-04-28T12:28:39,21.001642,-41.010632,18.8,13.24,65.8,8,1.4,103.5,4.210,-4.4,0,1,59269
2026-04-28T12:29:08,21.002302,-41.008781,20.5,13.65,67.1,8,1.4,103.4,4.209,-4.2,0,1,59270
2026-04-28T12:29:37,21.003029,-41.006981,26.5,13.78,69.2,8,1.4,103.7,4.209,-4.2,0,1,59271
2026-04-28T12:30:06,21.003708,-41.005177,32.3,14.64,72.8,8,1.4,103.4,4.209,-4.2,0,1,59272
2026-04-28T12:30:35,21.004433,-41.003380,39.3,13.65,63.5,8,1.4,103.4,4.209,-4.2,0,1,59273
2026-04-28T12:31:04,21.005106,-41.001537,43.2,13.70,67.3,8,1.4,103.4,4.210,-4.2,0,1,59274
2026-04-28T12:31:33,21.005743,-40.999699,44.5,13.24,68.3,7,1.6,103.5,4.210,-4.4,0,1,59275
2026-04-28T12:32:02,21.006439,-40.997856,49.3,13.12,70.0,8,1.4,103.5,4.210,-4.4,0,1,59276
2026-04-28T12:32:31,21.007143,-40.996017,49.7,13.42,67.8,6,1.7,103.5,4.209,-4.4,0,1,59277
2026-04-28T12:33:00,21.007740,-40.994236,49.9,13.43,67.3,8,1.4,103.4,4.209,-4.2,0,1,59278
2026-04-28T12:33:29,21.008430,-40.992352,49.0,13.85,72.6,8,1.4,103.4,4.209,-4.2,0,1,59279
2026-04-28T12:33:58,21.009048,-40.990471,38.8,14.19,67.8,7,1.4,103.4,4.210,-4.2,0,1,59280
2026-04-28T12:34:27,21.009785,-40.988701,35.5,13.93,61.9,7,1.6,103.4,4.209,-4.2,0,1,59281
2026-04-28T12:34:56,21.010414,-40.986885,41.3,13.46,66.5,7,1.6,103.4,4.209,-4.2,0,1,59282
2026-04-28T12:35:25,21.011126,-40.985035,41.7,13.92,69.3,7,1.6,103.5,4.209,-4.4,0,1,59283
2026-04-28T12:35:54,21.011822,-40.983231,40.5,14.00,71.2,8,1.3,103.5,4.210,-4.4,0,1,59284
2026-04-28T12:36:24,21.012522,-40.981323,41.7,14.19,66.6,8,1.3,103.5,4.209,-4.4,0,1,59285
2026-04-28T12:36:53,21.013182,-40.979527,46.1,13.55,70.3,7,1.6,103.5,4.210,-4.4,0,1,59286
2026-04-28T12:37:22,21.013823,-40.977673,47.8,13.56,67.5,7,1.6,103.5,4.209,-4.4,0,1,59287
2026-04-28T12:37:51,21.014536,-40.975857,49.6,13.73,66.7,7,1.6,103.5,4.210,-4.4,0,1,59288
2026-04-28T12:38:20,21.015270,-40.974026,48.4,12.83,72.4,7,1.6,103.4,4.209,-4.2,0,1,59289
2026-04-28T12:38:49,21.015965,-40.972248,48.5,14.03,67.3,8,1.3,103.5,4.210,-4.4,0,1,59290
2026-04-28T12:39:18,21.016607,-40.970322,34.9,13.17,75.3,7,1.6,103.4,4.209,-4.2,0,1,59291
2026-04-28T12:39:47,21.017235,-40.968510,35.1,14.03,64.2,6,1.6,103.4,4.209,-4.2,0,1,59292
2026-04-28T12:40:16,21.017811,-40.966686,38.2,12.51,79.6,7,1.6,103.4,4.209,-4.2,0,1,59293
2026-04-28T12:40:45,21.018583,-40.964779,31.3,13.17,61.1,7,1.5,103.4,4.209,-4.2,0,1,59294
2026-04-28T12:41:14,21.019274,-40.962975,33.2,14.15,66.6,7,1.5,103.4,4.209,-4.2,0,1,59295
2026-04-28T12:41:43,21.019913,-40.961128,29.4,13.29,68.4,7,1.5,103.5,4.210,-4.4,0,1,59296
2026-04-28T12:42:12,21.020523,-40.959259,20.3,13.57,70.1,7,1.5,103.2,4.210,-4.2,0,1,59297
2026-04-28T12:42:41,21.021242,-40.957443,23.3,13.53,68.2,7,1.5,103.4,4.210,-4.2,0,1,59298
2026-04-28T12:43:10,21.021931,-40.955612,21.5,14.07,70.3,7,1.5,103.2,4.210,-4.2,0,1,59299
2026-04-28T12:43:39,21.022564,-40.953758,17.5,13.62,66.5,7,1.5,103.4,4.210,-4.2,0,1,59300
2026-04-28T12:44:08,21.023222,-40.951931,11.1,13.46,70.3,7,1.5,103.4,4.210,-4.2,0,1,59301
2026-04-28T12:44:37,21.023907,-40.950066,7.9,13.33,70.4,7,1.5,103.5,4.209,-4.4,0,1,59302
2026-04-28T12:45:06,21.024530,-40.948204,5.0,13.43,69.7,7,1.5,103.2,4.209,-4.2,0,1,59303
2026-04-28T12:45:35,21.025156,-40.946331,3.2,13.66,69.3,7,1.5,103.4,4.211,-4.2,0,1,59304
2026-04-28T12:46:04,21.025822,-40.944485,3.7,14.34,69.8,7,1.5,103.4,4.210,-4.2,0,1,59305
2026-04-28T12:46:33,21.026510,-40.942661,6.9,14.04,68.0,7,1.5,103.4,4.210,-4.2,0,1,59306
2026-04-28T12:47:02,21.027174,-40.940830,8.3,13.95,70.1,7,1.5,103.5,4.209,-4.4,0,1,59307
2026-04-28T12:47:31,21.027851,-40.938984,7.2,13.68,68.8,6,2.5,103.5,4.209,-4.4,0,1,59308
2026-04-28T12:48:00,21.028536,-40.937134,7.0,13.35,67.2,6,2.5,103.5,4.210,-4.4,0,1,59309
2026-04-28T12:48:29,21.029182,-40.935295,5.8,13.52,69.3,7,1.5,103.5,4.210,-4.4,0,1,59310
2026-04-28T12:48:58,21.029839,-40.933445,6.4,13.88,67.2,6,2.5,103.2,4.207,-4.2,0,1,59311
2026-04-28T12:49:27,21.030548,-40.931629,10.7,12.41,66.1,6,2.5,103.4,4.209,-4.2,0,1,59312
2026-04-28T12:49:56,21.031235,-40.929783,13.8,13.92,65.1,6,2.5,103.5,4.210,-4.4,0,1,59313
2026-04-28T12:50:25,21.031921,-40.927956,12.1,13.74,70.8,6,2.5,103.5,4.210,-4.4,0,1,59314
2026-04-28T12:50:54,21.032633,-40.926117,10.9,13.37,70.0,6,2.5,103.4,4.210,-4.2,0,1,59315
2026-04-28T12:51:23,21.033289,-40.924271,6.3,13.44,70.8,7,1.4,103.4,4.209,-4.2,0,1,59316
2026-04-28T12:51:52,21.033997,-40.922413,0.4,14.42,66.7,8,1.3,103.5,4.210,-4.4,0,1,59317
2026-04-28T12:52:21,21.034645,-40.920551,5.3,13.86,68.1,8,1.3,103.5,4.209,-4.4,0,1,59318
2026-04-28T12:52:50,21.035347,-40.918709,17.4,13.54,68.7,7,2.1,103.5,4.209,-4.4,0,1,59319
2026-04-28T12:53:19,21.036009,-40.916843,7.6,14.49,68.0,8,1.4,103.5,4.210,-4.4,0,1,59320
2026-04-28T12:53:48,21.036625,-40.914963,-0.8,13.78,72.0,9,1.2,103.4,4.209,-4.2,0,1,59321
2026-04-28T12:54:17,21.037292,-40.913124,-3.3,14.07,68.6,9,1.2,103.4,4.211,-4.2,0,1,59322
2026-04-28T12:54:46,21.037931,-40.911255,6.6,13.67,71.7,10,1.2,103.4,4.207,-4.2,0,1,59323
2026-04-28T12:55:15,21.038630,-40.909370,6.5,14.15,70.2,10,1.2,103.2,4.210,-4.2,0,1,59324
2026-04-28T12:55:44,21.039324,-40.907501,3.2,13.84,71.5,10,1.2,103.7,4.210,-4.2,0,1,59325
2026-04-28T12:56:14,21.039995,-40.905617,6.0,14.18,68.9,10,1.2,103.4,4.209,-4.2,0,1,59326
2026-04-28T12:56:43,21.040689,-40.903698,1.7,13.97,70.1,9,1.4,103.4,4.210,-4.2,0,1,59327
2026-04-28T12:57:12,21.041304,-40.901836,-1.5,12.30,64.6,10,1.2,103.4,4.207,-4.2,0,1,59328
2026-04-28T12:57:41,21.041992,-40.899963,2.7,14.72,73.2,10,1.2,103.5,4.209,-4.4,0,1,59329
2026-04-28T12:58:10,21.042631,-40.898094,-5.5,14.41,69.2,8,1.9,103.4,4.209,-4.2,0,1,59330
2026-04-28T12:58:39,21.043331,-40.896225,-3.0,13.33,67.7,10,1.2,103.5,4.209,-4.4,0,1,59331
2026-04-28T12:59:08,21.043972,-40.894371,-4.6,13.73,65.0,10,1.2,103.4,4.210,-4.2,0,1,59332
2026-04-28T12:59:37,21.044643,-40.892517,-4.5,14.72,69.8,10,1.2,103.4,4.207,-4.2,0,1,59333
2026-04-28T13:00:06,21.045380,-40.890667,-2.7,13.48,69.4,9,1.4,103.5,4.209,-4.4,0,1,59334
2026-04-28T13:00:35,21.046032,-40.888832,-1.4,13.47,73.7,10,1.2,103.5,4.209,-4.4,0,1,59335
2026-04-28T13:01:04,21.046675,-40.886967,-2.0,15.23,65.5,10,1.2,103.4,4.210,-4.2,0,1,59336
2026-04-28T13:01:33,21.047382,-40.885128,4.0,14.16,66.0,9,1.4,103.5,4.210,-4.4,0,1,59337
2026-04-28T13:02:02,21.048048,-40.883232,3.9,13.47,69.4,10,1.1,103.5,4.210,-4.4,0,1,59338
2026-04-28T13:02:31,21.048798,-40.881432,10.3,12.91,66.6,9,1.4,103.7,4.210,-4.2,0,1,59339
2026-04-28T13:03:00,21.049450,-40.879604,11.7,13.47,67.1,9,1.4,103.4,4.209,-4.2,0,1,59340
2026-04-28T13:03:29,21.050110,-40.877724,14.1,14.13,74.3,8,1.9,103.5,4.207,-4.4,0,1,59341
2026-04-28T13:03:58,21.050831,-40.875885,17.3,12.17,66.9,10,1.1,103.7,4.209,-4.2,0,1,59342
2026-04-28T13:04:27,21.051481,-40.874020,20.2,13.80,66.4,9,1.4,103.5,4.209,-4.4,0,1,59343
2026-04-28T13:04:56,21.052174,-40.872223,26.9,14.09,78.0,10,1.1,103.4,4.209,-4.2,0,1,59344
2026-04-28T13:05:25,21.052839,-40.870323,24.6,13.54,70.9,10,1.1,103.5,4.210,-4.4,0,1,59345
2026-04-28T13:05:54,21.053526,-40.868477,18.2,14.60,60.8,8,1.9,103.5,4.209,-4.4,0,1,59346
2026-04-28T13:06:23,21.054228,-40.866692,29.9,13.38,64.9,9,1.4,103.5,4.209,2755.8,0,1,59347
2026-04-28T13:06:52,21.054934,-40.864822,30.5,13.27,70.8,10,1.1,103.4,4.209,-4.2,0,1,59348
2026-04-28T13:07:21,21.055546,-40.862946,35.1,12.93,70.9,9,1.4,103.5,4.210,-4.4,0,1,59349
2026-04-28T13:07:50,21.056313,-40.861080,37.9,14.98,74.1,8,1.8,103.5,4.207,-4.4,0,1,59350
2026-04-28T13:08:19,21.057022,-40.859196,37.8,14.90,66.2,9,1.4,103.4,4.209,-4.2,0,1,59351
2026-04-28T13:08:48,21.057615,-40.857323,34.9,14.36,74.9,8,1.8,103.7,4.209,-4.2,0,1,59352
2026-04-28T13:09:17,21.058275,-40.855446,25.0,14.19,67.4,9,1.4,103.4,4.209,-4.2,0,1,59353
2026-04-28T13:09:46,21.059000,-40.853508,19.4,13.97,74.5,9,1.4,103.4,4.210,-4.2,0,1,59354
2026-04-28T13:10:15,21.059698,-40.851719,24.8,13.94,64.4,8,1.8,103.4,4.209,2751.6,0,1,59355
2026-04-28T13:10:44,21.060358,-40.849892,25.8,14.17,72.1,9,1.4,103.2,4.209,-4.2,0,1,59356
2026-04-28T13:11:13,21.061098,-40.848030,22.2,13.62,65.7,9,1.4,103.4,4.209,-4.2,0,1,59357
2026-04-28T13:11:42,21.061710,-40.846146,14.6,13.73,71.6,9,1.4,103.2,4.209,-4.2,0,1,59358
2026-04-28T13:12:11,21.062441,-40.844223,4.7,13.43,66.0,9,1.4,103.4,4.209,-4.2,0,1,59359
2026-04-28T13:12:40,21.063135,-40.842377,1.6,13.64,71.3,9,1.4,103.5,4.210,-4.4,0,1,59360
2026-04-28T13:13:09,21.063839,-40.840485,-7.0,14.47,66.4,8,1.8,103.4,4.209,-4.2,0,1,59361
2026-04-28T13:13:38,21.064533,-40.838604,-15.1,13.44,72.3,9,1.4,103.4,4.209,-4.2,0,1,59362
2026-04-28T13:14:07,21.065237,-40.836784,-19.8,14.07,62.6,9,1.4,103.5,4.210,-4.4,0,1,59363
2026-04-28T13:14:36,21.065805,-40.834927,-33.3,14.12,67.0,9,1.4,103.4,4.207,-4.2,0,1,59364
2026-04-28T13:15:05,21.066532,-40.833088,-28.3,13.68,63.3,9,1.4,103.5,4.209,-4.4,0,1,59365
2026-04-28T13:15:34,21.067289,-40.831154,-30.0,13.93,65.4,9,1.4,103.5,4.209,-4.4,0,1,59366
2026-04-28T13:16:03,21.067911,-40.829350,-17.9,13.25,69.2,9,1.4,103.2,4.209,-4.2,0,1,59367
2026-04-28T13:16:32,21.068602,-40.827538,-11.2,14.68,64.4,9,1.4,103.4,4.210,-4.2,0,1,59368
2026-04-28T13:17:01,21.069283,-40.825756,-1.3,14.44,63.7,8,1.9,103.4,4.209,-4.2,0,1,59369
2026-04-28T13:17:30,21.069901,-40.823860,-5.4,14.08,66.3,9,1.4,103.4,4.207,-4.2,0,1,59370
2026-04-28T13:17:59,21.070602,-40.822033,-8.7,13.44,69.9,8,1.7,103.4,4.210,-4.2,0,1,59371
2026-04-28T13:18:28,21.071291,-40.820251,3.1,13.29,65.2,8,1.9,103.4,4.210,-4.2,0,1,59372
2026-04-28T13:18:57,21.071962,-40.818401,7.4,13.49,68.6,8,1.7,103.5,4.210,-4.4,0,1,59373
2026-04-28T13:19:26,21.072628,-40.816525,5.8,13.47,70.0,9,1.4,103.4,4.207,-4.2,0,1,59374
2026-04-28T13:19:55,21.073307,-40.814716,10.1,14.44,72.4,9,1.4,103.2,4.209,-4.2,0,1,59375
2026-04-28T13:20:24,21.073931,-40.812836,0.9,13.17,64.2,9,1.4,103.4,4.210,-4.2,0,1,59376
2026-04-28T13:20:53,21.074694,-40.811085,7.8,13.16,63.4,9,1.4,103.5,4.209,-4.4,0,1,59377
2026-04-28T13:21:22,21.075289,-40.809151,-10.8,14.07,71.8,9,1.4,103.4,4.211,-4.2,0,1,59378
2026-04-28T13:21:51,21.075956,-40.807281,-16.3,13.53,68.6,9,1.4,103.5,4.209,-4.4,0,1,59379
2026-04-28T13:22:20,21.076702,-40.805542,-3.9,14.06,67.8,8,1.9,103.4,4.211,-4.2,0,1,59380
2026-04-28T13:22:49,21.077435,-40.803753,4.3,13.01,67.6,9,1.4,103.5,4.210,-4.4,0,1,59381
2026-04-28T13:23:18,21.078085,-40.801933,-3.8,13.27,68.8,8,1.9,103.2,4.210,-4.2,0,1,59382
2026-04-28T13:23:47,21.078773,-40.800083,-5.9,14.15,70.8,8,1.9,103.5,4.210,-4.4,0,1,59383
2026-04-28T13:24:16,21.079412,-40.798279,0.1,13.59,69.2,9,1.4,103.2,4.209,-4.2,0,1,59384
2026-04-28T13:24:45,21.080048,-40.796448,1.0,12.77,71.3,9,1.4,103.4,4.207,-4.2,0,1,59385
2026-04-28T13:25:14,21.080702,-40.794636,-4.4,13.11,68.7,9,1.4,103.4,4.210,-4.2,0,1,59386
2026-04-28T13:25:43,21.081360,-40.792793,-5.8,13.68,72.5,9,1.4,103.4,4.207,-4.2,0,1,59387
2026-04-28T13:26:12,21.082060,-40.790997,-0.5,13.79,69.0,9,1.4,103.4,4.211,-4.2,0,1,59388
2026-04-28T13:26:41,21.082706,-40.789215,23.9,13.57,67.9,8,1.9,103.4,4.209,-4.2,0,1,59389
2026-04-28T13:27:10,21.083294,-40.787411,39.9,13.22,68.9,10,1.3,103.5,4.207,-4.4,0,1,59390
2026-04-28T13:27:39,21.084007,-40.785591,47.8,14.19,70.0,10,1.3,103.4,4.210,-4.2,0,1,59391
2026-04-28T13:28:08,21.084671,-40.783775,47.1,13.37,68.3,9,1.4,103.4,4.210,-4.2,0,1,59392
2026-04-28T13:28:37,21.085344,-40.781898,29.3,13.75,65.1,10,1.3,103.2,4.209,-4.2,0,1,59393
2026-04-28T13:29:07,21.086050,-40.780003,33.6,13.59,71.1,10,1.3,103.5,4.209,-4.4,0,1,59394
2026-04-28T13:29:36,21.086725,-40.778194,33.8,13.75,68.0,9,1.8,103.7,4.210,-4.2,0,1,59395
2026-04-28T13:30:05,21.087360,-40.776329,38.3,13.51,69.4,9,1.7,103.4,4.209,-4.2,0,1,59396
2026-04-28T13:30:34,21.088051,-40.774483,33.5,13.47,66.5,10,1.3,103.4,4.209,-4.2,0,1,59397
2026-04-28T13:31:03,21.088778,-40.772720,41.0,12.87,67.3,9,1.4,103.4,4.207,-4.2,0,1,59398
2026-04-28T13:31:32,21.089397,-40.770836,32.5,13.59,62.7,9,1.4,103.4,4.209,-4.2,0,1,59399
2026-04-28T13:32:01,21.090063,-40.769016,32.4,13.06,67.2,9,1.7,103.4,4.209,-4.2,0,1,59400
2026-04-28T13:32:30,21.090773,-40.767151,29.2,13.58,67.2,9,1.7,103.4,4.207,-4.2,0,1,59401
2026-04-28T13:32:59,21.091351,-40.765305,36.0,13.13,69.4,10,1.2,103.5,4.209,-4.4,0,1,59402
2026-04-28T13:33:28,21.092009,-40.763454,41.0,14.23,68.0,9,1.7,103.4,4.209,-4.2,0,1,59403
2026-04-28T13:33:57,21.092722,-40.761608,42.6,14.51,69.1,9,1.7,103.2,4.210,-4.2,0,1,59404
2026-04-28T13:34:26,21.093414,-40.759827,42.3,13.33,68.0,10,1.2,103.4,4.209,-4.2,0,1,59405
2026-04-28T13:34:55,21.094023,-40.757927,37.7,13.89,68.6,10,1.2,103.4,4.210,-4.2,0,1,59406
2026-04-28T13:35:24,21.094732,-40.756096,37.8,14.67,69.2,10,1.2,103.2,4.210,-4.2,0,1,59407
2026-04-28T13:35:53,21.095297,-40.754200,41.3,13.87,75.1,9,1.3,103.2,4.209,-4.2,0,1,59408
2026-04-28T13:36:22,21.096012,-40.752335,54.0,14.10,68.0,9,1.7,103.4,4.210,-4.2,0,1,59409
2026-04-28T13:36:51,21.096716,-40.750439,59.5,13.54,66.9,10,1.2,103.2,4.209,-4.2,0,1,59410
2026-04-28T13:37:20,21.097364,-40.748520,50.7,13.90,69.2,8,1.8,103.4,4.209,-4.2,0,1,59411
2026-04-28T13:37:49,21.098017,-40.746662,54.8,13.95,70.4,8,1.8,103.5,4.209,-4.4,0,1,59412
2026-04-28T13:38:18,21.098700,-40.744781,52.9,13.12,70.9,9,1.6,103.2,4.210,-4.2,0,1,59413
2026-04-28T13:38:47,21.099489,-40.742870,27.8,13.92,68.0,10,1.2,103.8,4.210,-4.2,0,1,59414
2026-04-28T13:39:16,21.100111,-40.741001,30.2,14.28,68.0,10,1.2,103.4,4.207,-4.2,0,1,59415
2026-04-28T13:39:45,21.100815,-40.739056,17.9,14.19,66.1,10,1.2,103.5,4.209,-4.4,0,1,59416
2026-04-28T13:40:14,21.101444,-40.737217,12.0,13.56,68.2,9,1.6,103.5,4.210,-4.4,0,1,59417
2026-04-28T13:40:43,21.102062,-40.735340,5.6,14.22,68.3,7,2.4,103.4,4.209,-4.2,0,1,59418
2026-04-28T13:41:12,21.102715,-40.733433,8.3,14.11,71.7,7,2.7,103.7,4.210,-4.2,0,1,59419
2026-04-28T13:41:41,21.103369,-40.731556,-1.5,13.66,67.7,9,1.6,103.7,4.209,-4.2,0,1,59420
2026-04-28T13:42:10,21.104033,-40.729755,12.6,14.40,69.5,9,1.6,103.4,4.207,-4.2,0,1,59421
2026-04-28T13:42:39,21.104622,-40.727901,10.2,13.69,67.0,9,1.6,103.4,4.209,-4.2,0,1,59422
2026-04-28T13:43:08,21.105272,-40.725914,1.3,14.07,63.6,7,2.6,103.4,4.209,-4.2,0,1,59423
2026-04-28T13:43:37,21.105959,-40.724083,10.5,14.11,68.5,9,1.6,103.4,4.209,-4.2,0,1,59424
2026-04-28T13:44:06,21.106745,-40.722359,18.1,13.71,71.8,8,1.6,103.5,4.210,-4.4,0,1,59425
2026-04-28T13:44:35,21.107397,-40.720455,11.6,14.00,74.5,9,1.6,103.4,4.207,-4.2,0,1,59426
2026-04-28T13:45:04,21.108009,-40.718575,7.8,13.93,71.5,8,1.8,103.4,4.210,-4.2,0,1,59427
2026-04-28T13:45:33,21.108667,-40.716690,1.6,13.74,67.4,8,1.8,103.2,4.209,-4.2,0,1,59428
2026-04-28T13:46:02,21.109425,-40.714859,2.3,14.07,65.2,8,1.8,103.5,4.210,-4.4,0,1,59429
2026-04-28T13:46:31,21.110151,-40.713020,3.1,14.05,64.9,8,1.8,103.5,4.209,-4.4,0,1,59430
2026-04-28T13:47:00,21.110849,-40.711178,4.9,14.06,69.4,8,1.7,103.7,4.207,-4.2,0,1,59431
2026-04-28T13:47:29,21.111578,-40.709351,4.4,13.54,64.0,8,1.7,103.2,4.210,-4.2,0,1,59432
2026-04-28T13:47:58,21.112223,-40.707474,2.2,13.54,70.3,8,1.7,103.2,4.210,-4.2,0,1,59433
2026-04-28T13:48:27,21.112896,-40.705605,6.0,13.50,71.9,8,1.7,103.4,4.210,-4.2,0,1,59434
2026-04-28T13:48:56,21.113577,-40.703743,4.1,14.49,67.4,8,1.7,103.4,4.209,-4.2,0,1,59435
2026-04-28T13:49:25,21.114290,-40.701885,8.4,14.53,67.7,8,1.7,103.5,4.210,-4.4,0,1,59436
2026-04-28T13:49:54,21.114897,-40.700054,8.2,13.42,67.9,8,1.7,103.7,4.209,-4.2,0,1,59437
2026-04-28T13:50:23,21.115543,-40.698189,8.7,14.68,67.3,8,1.7,103.4,4.210,-4.2,0,1,59438
2026-04-28T13:50:52,21.116121,-40.696331,15.3,13.46,71.6,9,1.5,103.7,4.209,-4.2,0,1,59439
2026-04-28T13:51:21,21.116823,-40.694489,17.3,14.22,66.1,8,2.1,103.4,4.210,-4.2,0,1,59440
2026-04-28T13:51:50,21.117489,-40.692623,17.1,13.19,66.7,8,2.7,103.4,4.209,-4.2,0,1,59441
2026-04-28T13:52:19,21.118151,-40.690769,21.7,14.37,68.8,8,2.1,103.4,4.210,-4.2,0,1,59442
2026-04-28T13:52:48,21.118900,-40.688923,21.8,14.07,66.5,9,1.5,103.5,4.210,-4.4,0,1,59443
2026-04-28T13:53:17,21.119524,-40.687088,16.0,13.69,68.2,9,1.5,103.4,4.210,-4.2,0,1,59444
2026-04-28T13:53:46,21.120239,-40.685238,9.5,13.43,66.6,8,2.0,103.4,4.209,-4.2,0,1,59445
2026-04-28T13:54:15,21.120928,-40.683403,5.1,13.46,70.1,8,2.0,103.4,4.209,-4.2,0,1,59446
2026-04-28T13:54:44,21.121477,-40.681522,9.4,13.10,69.9,8,2.0,103.4,4.207,-4.2,0,1,59447
2026-04-28T13:55:13,21.122168,-40.679691,7.7,13.97,69.3,8,2.0,103.5,4.209,-4.4,0,1,59448
2026-04-28T13:55:42,21.122852,-40.677872,5.8,14.06,69.5,8,2.0,103.2,4.209,-4.2,0,1,59449
2026-04-28T13:56:11,21.123545,-40.676037,8.4,13.27,68.5,8,2.0,103.5,4.210,-4.4,0,1,59450
2026-04-28T13:56:40,21.124266,-40.674202,5.4,15.49,64.3,9,1.5,103.4,4.207,-4.2,0,1,59451
2026-04-28T13:57:09,21.124866,-40.672386,4.7,14.22,70.8,9,1.5,103.5,4.209,-4.4,0,1,59452
2026-04-28T13:57:38,21.125525,-40.670536,6.6,13.90,67.9,8,2.0,103.4,4.210,-4.2,0,1,59453
2026-04-28T13:58:07,21.126177,-40.668701,5.1,13.58,66.9,8,2.0,103.5,4.210,-4.4,0,1,59454
2026-04-28T13:58:36,21.126842,-40.666840,1.3,14.30,71.2,8,2.0,103.4,4.210,-4.2,0,1,59455
2026-04-28T13:59:05,21.127550,-40.664997,7.5,14.46,64.2,9,1.5,103.5,4.211,-4.4,0,1,59456
2026-04-28T13:59:34,21.128195,-40.663151,5.4,14.05,65.0,8,2.0,103.2,4.210,-4.2,0,1,59457
2026-04-28T14:00:03,21.128748,-40.661293,4.1,14.19,66.3,8,2.0,103.5,4.209,-4.4,0,1,59458
2026-04-28T14:00:32,21.129337,-40.659435,0.7,13.02,65.7,8,2.0,103.4,4.207,-4.2,0,1,59459
2026-04-28T14:01:01,21.129993,-40.657562,-3.1,12.85,68.5,8,2.6,103.4,4.211,-4.2,0,1,59460
2026-04-28T14:01:30,21.130714,-40.655720,7.7,13.38,77.2,8,2.0,103.2,4.210,-4.2,0,1,59461
2026-04-28T14:01:59,21.131552,-40.653900,34.1,14.11,65.7,7,2.1,103.4,4.209,-4.2,0,1,59462
2026-04-28T14:02:28,21.132261,-40.652088,37.3,13.63,66.9,8,2.0,103.2,4.209,-4.2,0,1,59463
2026-04-28T14:02:57,21.132904,-40.650238,34.3,13.21,67.2,8,2.0,103.4,4.207,-4.2,0,1,59464
2026-04-28T14:03:26,21.133453,-40.648357,28.3,13.72,67.8,8,2.0,103.4,4.211,-4.2,0,1,59465
2026-04-28T14:03:55,21.134052,-40.646488,22.3,14.27,68.4,8,1.9,103.5,4.210,-4.4,0,1,59466
2026-04-28T14:04:24,21.134827,-40.644653,17.1,13.70,65.0,8,1.9,103.5,4.209,-4.4,0,1,59467
2026-04-28T14:04:54,21.135429,-40.642742,12.7,12.50,66.6,8,1.9,103.4,4.209,-4.2,0,1,59468
2026-04-28T14:05:23,21.135956,-40.640831,5.0,13.53,67.9,8,1.9,103.4,4.209,-4.2,0,1,59469
2026-04-28T14:05:52,21.136688,-40.639042,14.7,13.24,67.2,7,2.0,103.4,4.207,-4.2,0,1,59470
2026-04-28T14:06:21,21.137486,-40.637215,12.8,12.59,64.6,8,1.9,103.5,4.209,-4.4,0,1,59471
2026-04-28T14:06:50,21.138119,-40.635384,11.3,14.36,65.5,8,1.9,103.5,4.210,-4.4,0,1,59472
2026-04-28T14:07:19,21.138887,-40.633530,22.9,14.32,71.5,8,1.9,103.4,4.210,-4.2,0,1,59473
2026-04-28T14:07:48,21.139528,-40.631634,5.7,13.89,77.4,7,1.9,103.5,4.210,-4.4,0,1,59474
2026-04-28T14:08:17,21.140331,-40.629852,15.9,13.33,71.6,8,1.9,103.2,4.209,-4.2,0,1,59475
2026-04-28T14:08:46,21.140818,-40.628036,12.1,14.10,67.5,8,1.9,103.4,4.209,-4.2,0,1,59476
2026-04-28T14:09:15,21.141470,-40.626156,-3.6,13.93,63.7,8,1.9,103.4,4.210,-4.2,0,1,59477
2026-04-28T14:09:44,21.142202,-40.624321,-9.6,13.67,70.5,8,1.9,103.4,4.207,2751.6,0,1,59478
2026-04-28T14:10:13,21.142765,-40.622459,-20.8,13.31,70.3,8,1.8,103.4,4.210,-4.2,0,1,59479
2026-04-28T14:10:42,21.143599,-40.620632,-10.4,14.98,57.3,8,1.8,103.4,4.210,-4.2,0,1,59480
2026-04-28T14:11:11,21.144310,-40.618729,-17.7,13.97,64.3,8,1.8,103.7,4.210,-4.2,0,1,59481
2026-04-28T14:11:40,21.144936,-40.616913,-26.1,13.81,67.3,8,1.8,103.2,4.209,-4.2,0,1,59482
2026-04-28T14:12:09,21.145584,-40.615112,-18.9,13.57,68.3,8,1.8,103.5,4.211,2755.8,0,1,59483
2026-04-28T14:12:38,21.146210,-40.613243,-32.3,14.21,67.4,8,1.8,103.5,4.209,-4.4,0,1,59484
2026-04-28T14:13:07,21.146837,-40.611359,-36.9,14.09,68.9,8,1.8,103.2,4.210,-4.2,0,1,59485
2026-04-28T14:13:36,21.147482,-40.609501,-42.4,14.60,64.4,8,1.8,103.2,4.207,-4.2,0,1,59486
2026-04-28T14:14:05,21.148073,-40.607620,-33.4,14.18,70.2,8,1.8,103.2,4.209,-4.2,0,1,59487
2026-04-28T14:14:34,21.148739,-40.605797,-29.0,13.45,66.8,8,1.8,103.4,4.209,-4.2,0,1,59488
2026-04-28T14:15:03,21.149431,-40.603931,-23.6,13.27,69.0,8,1.8,103.7,4.210,2760.2,0,1,59489
2026-04-28T14:15:32,21.150269,-40.602070,-13.4,12.99,62.5,9,1.4,103.5,4.210,-4.4,0,1,59490
2026-04-28T14:16:01,21.150995,-40.600239,-6.2,13.71,65.9,9,1.4,103.5,4.209,-4.4,0,1,59491
2026-04-28T14:16:30,21.151636,-40.598385,-0.9,14.03,63.6,9,1.4,103.4,4.207,-4.2,0,1,59492
2026-04-28T14:16:59,21.152290,-40.596561,3.6,13.68,73.5,9,1.4,103.4,4.209,-4.2,0,1,59493
2026-04-28T14:17:28,21.152996,-40.594696,0.5,13.52,69.3,9,1.4,103.7,4.209,-4.2,0,1,59494
2026-04-28T14:17:57,21.153639,-40.592850,3.1,13.68,69.7,9,1.4,103.4,4.210,-4.2,0,1,59495
2026-04-28T14:18:26,21.154316,-40.590969,10.7,13.64,64.3,8,1.6,103.5,4.209,-4.4,0,1,59496
2026-04-28T14:18:55,21.155005,-40.589138,10.6,14.11,67.1,11,1.3,103.7,4.206,-4.2,0,1,59497
2026-04-28T14:19:24,21.155712,-40.587299,0.1,13.93,67.3,11,1.3,103.4,4.210,-4.2,0,1,59498
2026-04-28T14:19:53,21.156393,-40.585423,1.3,14.44,70.3,10,1.5,103.4,4.209,-4.2,0,1,59499
2026-04-28T14:20:22,21.157066,-40.583553,5.5,14.23,65.4,11,1.3,103.2,4.209,-4.2,0,1,59500
2026-04-28T14:20:51,21.157732,-40.581711,7.3,14.55,72.9,10,1.5,103.4,4.209,-4.2,0,1,59501
2026-04-28T14:21:20,21.158447,-40.579887,10.0,13.78,62.3,11,1.3,103.2,4.209,-4.2,0,1,59502
2026-04-28T14:21:49,21.159098,-40.578022,13.6,14.88,68.2,10,1.5,103.2,4.209,-4.2,0,1,59503
2026-04-28T14:22:18,21.159775,-40.576160,19.7,13.87,69.7,9,1.6,103.5,4.210,-4.4,0,1,59504
2026-04-28T14:22:47,21.160524,-40.574352,7.2,13.74,64.5,10,1.5,103.4,4.207,-4.2,0,1,59505
2026-04-28T14:23:16,21.161177,-40.572514,14.5,13.88,66.5,11,1.3,103.2,4.211,-4.2,0,1,59506
2026-04-28T14:23:45,21.161846,-40.570625,5.6,14.35,68.4,11,1.3,103.5,4.209,-4.4,0,1,59507
2026-04-28T14:24:14,21.162483,-40.568768,5.8,13.75,58.9,11,1.2,103.5,4.207,-4.4,0,1,59508
2026-04-28T14:24:43,21.163132,-40.566891,2.8,13.77,69.7,10,1.5,103.2,4.209,-4.2,0,1,59509
2026-04-28T14:25:12,21.163729,-40.565006,7.0,14.07,70.3,11,1.2,103.4,4.209,-4.2,0,1,59510
2026-04-28T14:25:41,21.164425,-40.563129,2.7,14.45,67.9,9,1.6,103.2,4.209,-4.2,0,1,59511
2026-04-28T14:26:10,21.165070,-40.561268,-8.9,15.20,69.5,11,1.2,103.7,4.209,-4.2,0,1,59512
2026-04-28T14:26:39,21.165699,-40.559406,-14.2,14.16,67.9,9,1.6,103.4,4.210,-4.2,0,1,59513
2026-04-28T14:27:08,21.166389,-40.557579,-10.5,12.66,63.8,9,1.6,103.4,4.209,-4.2,0,1,59514
2026-04-28T14:27:37,21.167099,-40.555695,-6.4,14.68,72.1,11,1.2,103.5,4.209,-4.4,0,1,59515
2026-04-28T14:28:06,21.167770,-40.553848,-6.9,14.58,66.6,11,1.2,103.4,4.209,-4.2,0,1,59516
2026-04-28T14:28:35,21.168415,-40.552025,-3.7,13.44,69.7,10,1.6,103.5,4.207,-4.4,0,1,59517
2026-04-28T14:29:04,21.169071,-40.550102,5.0,13.85,67.2,9,1.6,103.7,4.209,-4.2,0,1,59518
2026-04-28T14:29:33,21.169737,-40.548210,12.1,14.00,69.7,10,1.3,103.4,4.210,-4.2,0,1,59519
2026-04-28T14:30:02,21.170431,-40.546398,14.4,13.62,72.3,10,1.6,103.2,4.209,-4.2,0,1,59520
2026-04-28T14:30:31,21.171116,-40.544498,9.7,14.18,66.2,9,1.6,103.5,4.207,-4.4,0,1,59521
2026-04-28T14:31:00,21.171724,-40.542599,9.6,13.67,72.6,10,1.6,103.5,4.210,-4.4,0,1,59522
2026-04-28T14:31:29,21.172421,-40.540733,11.4,14.16,70.6,11,1.2,103.4,4.209,-4.2,0,1,59523
2026-04-28T14:31:58,21.173101,-40.538914,15.9,14.25,64.9,10,1.6,103.5,4.209,-4.4,0,1,59524
2026-04-28T14:32:27,21.173731,-40.537056,12.4,14.32,70.2,11,1.2,103.4,4.207,-4.2,0,1,59525
2026-04-28T14:32:56,21.174431,-40.535179,15.2,13.78,67.8,10,1.3,103.4,4.210,-4.2,0,1,59526
2026-04-28T14:33:25,21.175058,-40.533295,2.1,13.19,67.6,10,1.6,103.4,4.209,-4.2,0,1,59527
2026-04-28T14:33:54,21.175760,-40.531460,1.4,13.88,69.3,9,1.8,103.4,4.207,-4.2,0,1,59528
2026-04-28T14:34:24,21.176399,-40.529545,-9.6,13.30,66.3,11,1.2,103.5,4.207,-4.4,0,1,59529
2026-04-28T14:34:53,21.177025,-40.527649,-4.9,13.69,67.0,9,1.6,103.4,4.209,-4.2,0,1,59530
2026-04-28T14:35:22,21.177759,-40.525841,-1.9,13.29,66.5,10,1.6,103.4,4.210,-4.2,0,1,59531
2026-04-28T14:35:51,21.178415,-40.523987,-0.6,14.04,66.6,9,1.7,103.2,4.210,-4.2,0,1,59532
2026-04-28T14:36:20,21.179064,-40.522152,4.0,13.65,70.2,9,1.6,103.5,4.210,-4.4,0,1,59533
2026-04-28T14:36:49,21.179796,-40.520344,9.2,13.71,67.3,10,1.6,103.5,4.210,-4.4,0,1,59534
2026-04-28T14:37:18,21.180456,-40.518459,-0.4,13.32,72.5,11,1.2,103.7,4.209,-4.2,0,1,59535
2026-04-28T14:37:47,21.181067,-40.516670,8.4,13.82,68.0,10,1.6,103.4,4.209,-4.2,0,1,59536
2026-04-28T14:38:16,21.181765,-40.514874,8.9,13.19,69.2,10,1.6,103.5,4.209,-4.4,0,1,59537
2026-04-28T14:38:45,21.182348,-40.512989,2.1,13.11,68.2,10,1.6,103.4,4.209,-4.2,0,1,59538
2026-04-28T14:39:14,21.183062,-40.511181,10.2,13.90,65.2,10,1.6,103.4,4.209,-4.2,0,1,59539
2026-04-28T14:39:43,21.183746,-40.509407,16.5,12.90,65.3,8,1.7,103.5,4.209,-4.4,0,1,59540
2026-04-28T14:40:12,21.184338,-40.507549,11.5,13.66,69.3,8,1.9,103.4,4.207,-4.2,0,1,59541
2026-04-28T14:40:41,21.185005,-40.505718,11.6,14.60,65.1,9,1.8,103.4,4.210,-4.2,0,1,59542
2026-04-28T14:41:10,21.185678,-40.503887,12.6,13.72,71.3,9,1.7,103.5,4.209,-4.4,0,1,59543
2026-04-28T14:41:39,21.186365,-40.502060,19.4,14.47,67.1,10,1.6,103.4,4.209,-4.2,0,1,59544
2026-04-28T14:42:08,21.187059,-40.500294,17.7,12.63,71.6,10,1.6,103.2,4.207,-4.2,0,1,59545
2026-04-28T14:42:37,21.187691,-40.498440,8.0,13.62,65.6,11,1.2,103.4,4.207,-4.2,0,1,59546
2026-04-28T14:43:06,21.188351,-40.496635,7.5,13.21,66.7,10,1.6,103.2,4.210,-4.2,0,1,59547
2026-04-28T14:43:35,21.188940,-40.494740,0.4,14.48,68.8,11,1.2,103.4,4.210,-4.2,0,1,59548
2026-04-28T14:44:04,21.189642,-40.492901,6.0,14.21,70.0,10,1.6,103.4,4.210,-4.2,0,1,59549
2026-04-28T14:44:33,21.190310,-40.491066,7.6,13.47,67.9,10,1.6,103.4,4.210,-4.2,0,1,59550
2026-04-28T14:45:02,21.191044,-40.489262,-3.8,13.25,68.0,10,1.6,103.4,4.209,-4.2,0,1,59551
2026-04-28T14:45:31,21.191753,-40.487457,-11.7,13.89,68.3,10,1.6,103.4,4.209,-4.2,0,1,59552
2026-04-28T14:46:00,21.192430,-40.485592,-10.5,13.65,69.7,10,1.6,103.5,4.207,-4.4,0,1,59553
2026-04-28T14:46:29,21.193033,-40.483749,-4.6,13.77,69.5,10,1.6,103.0,4.210,2743.3,0,1,59554
2026-04-28T14:46:58,21.193718,-40.481937,-12.9,12.70,65.3,10,1.6,103.4,4.210,-4.2,0,1,59555
2026-04-28T14:47:27,21.194336,-40.480030,-14.5,13.68,70.0,10,1.6,103.2,4.210,-4.2,0,1,59556
2026-04-28T14:47:56,21.195045,-40.478233,-16.5,13.48,65.5,10,1.6,103.4,4.207,-4.2,0,1,59557
2026-04-28T14:48:25,21.195801,-40.476418,-15.1,13.37,65.8,10,1.6,103.4,4.207,-4.2,0,1,59558
2026-04-28T14:48:54,21.196384,-40.474571,-10.0,13.51,73.6,10,1.6,103.4,4.209,-4.2,0,1,59559
2026-04-28T14:49:23,21.197079,-40.472736,-12.9,14.15,67.7,10,1.6,103.4,4.210,-4.2,0,1,59560
2026-04-28T14:49:52,21.197617,-40.470871,-17.5,14.38,71.8,9,1.6,103.4,4.209,-4.2,0,1,59561
2026-04-28T14:50:21,21.198299,-40.469044,-18.3,14.39,66.2,8,1.7,103.7,4.207,-4.2,0,1,59562
2026-04-28T14:50:50,21.198904,-40.467197,-20.6,14.55,66.9,9,1.6,103.2,4.207,-4.2,0,1,59563
2026-04-28T14:51:19,21.199495,-40.465355,-19.0,13.74,71.2,9,1.6,103.4,4.209,-4.2,0,1,59564
2026-04-28T14:51:48,21.200218,-40.463531,-22.6,13.87,67.8,9,1.6,103.0,4.209,-4.2,0,1,59565
2026-04-28T14:52:17,21.200819,-40.461678,-22.6,13.45,71.0,9,1.6,103.4,4.209,-4.2,0,1,59566
2026-04-28T14:52:46,21.201515,-40.459877,-16.4,13.54,76.1,9,1.6,103.4,4.209,-4.2,0,1,59567
2026-04-28T14:53:15,21.202131,-40.458050,-15.2,14.40,71.6,9,1.6,103.5,4.207,-4.4,0,1,59568
2026-04-28T14:53:44,21.202784,-40.456203,-15.5,13.75,74.3,10,1.5,103.2,4.209,-4.2,0,1,59569
2026-04-28T14:54:13,21.203476,-40.454407,-12.5,13.84,70.0,10,1.5,103.4,4.209,-4.2,0,1,59570
2026-04-28T14:54:42,21.204218,-40.452629,-10.4,13.18,65.8,10,1.5,103.5,4.210,-4.4,0,1,59571
2026-04-28T14:55:11,21.204796,-40.450794,-13.4,14.05,70.6,10,1.5,103.4,4.209,-4.2,0,1,59572
2026-04-28T14:55:40,21.205473,-40.449039,-14.4,12.80,71.2,10,1.5,103.7,4.210,-4.2,0,1,59573
2026-04-28T14:56:09,21.206175,-40.447205,-2.2,13.79,70.2,10,1.5,103.5,4.209,-4.4,0,1,59574
2026-04-28T14:56:38,21.206823,-40.445381,-1.1,13.18,69.7,10,1.5,103.5,4.209,-4.4,0,1,59575
2026-04-28T14:57:07,21.207378,-40.443550,-11.5,13.61,68.9,10,1.5,103.5,4.207,-4.4,0,1,59576
2026-04-28T14:57:36,21.208038,-40.441719,-12.7,13.27,69.3,10,1.5,103.4,4.210,-4.2,0,1,59577
2026-04-28T14:58:05,21.208670,-40.439888,-1.2,13.92,71.2,9,1.7,103.4,4.210,-4.2,0,1,59578
2026-04-28T14:58:34,21.209316,-40.438068,13.5,13.33,67.9,11,1.5,103.7,4.210,-4.2,0,1,59579
2026-04-28T14:59:03,21.209919,-40.436264,-1.9,13.93,69.3,11,1.5,103.2,4.209,-4.2,0,1,59580
2026-04-28T14:59:32,21.210541,-40.434486,0.0,13.82,79.0,10,1.5,103.4,4.207,-4.2,0,1,59581
2026-04-28T15:00:01,21.211250,-40.432705,-6.9,13.04,70.7,10,1.5,103.2,4.209,-4.2,0,1,59582
2026-04-28T15:00:30,21.211966,-40.430901,0.1,14.11,64.2,10,1.5,103.4,4.209,-4.2,0,1,59583
2026-04-28T15:00:59,21.212528,-40.429085,-2.0,12.74,68.1,10,1.5,103.4,4.207,-4.2,0,1,59584
2026-04-28T15:01:28,21.213280,-40.427288,1.0,12.89,64.4,10,1.5,103.4,4.210,-4.2,0,1,59585
2026-04-28T15:01:57,21.213882,-40.425495,3.5,13.30,72.5,10,1.5,103.4,4.209,-4.2,0,1,59586
2026-04-28T15:02:26,21.214582,-40.423672,14.0,13.18,68.8,10,1.5,103.4,4.209,-4.2,0,1,59587
2026-04-28T15:02:55,21.215233,-40.421886,15.5,13.01,66.3,10,1.5,103.5,4.209,-4.4,0,1,59588
2026-04-28T15:03:24,21.215914,-40.420074,20.0,14.17,67.8,10,1.5,103.5,4.209,-4.4,0,1,59589
2026-04-28T15:03:54,21.216604,-40.418251,28.5,13.48,75.2,10,1.5,103.2,4.209,-4.2,0,1,59590
2026-04-28T15:04:23,21.217337,-40.416489,24.6,13.16,64.9,10,1.5,103.4,4.207,-4.2,0,1,59591
2026-04-28T15:04:52,21.217911,-40.414642,10.5,13.38,64.3,9,1.6,103.4,4.207,-4.2,0,1,59592
2026-04-28T15:05:21,21.218561,-40.412815,9.7,13.47,70.1,9,1.7,103.4,4.209,-4.2,0,1,59593
2026-04-28T15:05:50,21.219131,-40.411022,6.8,12.95,67.7,10,1.5,103.4,4.209,-4.2,0,1,59594
2026-04-28T15:06:19,21.219845,-40.409237,7.9,13.37,69.5,8,2.0,103.4,4.210,-4.2,0,1,59595
2026-04-28T15:06:48,21.220518,-40.407413,7.2,13.55,70.9,10,1.5,103.7,4.209,-4.2,0,1,59596
2026-04-28T15:07:17,21.221172,-40.405621,7.9,13.14,68.9,10,1.5,103.2,4.209,-4.2,0,1,59597
2026-04-28T15:07:46,21.221790,-40.403793,4.1,13.43,69.5,10,1.4,103.4,4.209,-4.2,0,1,59598
2026-04-28T15:08:15,21.222395,-40.402004,10.2,14.39,73.8,9,1.7,103.2,4.209,-4.2,0,1,59599
2026-04-28T15:08:44,21.223085,-40.400215,14.4,13.59,67.8,10,1.4,103.4,4.210,-4.2,0,1,59600
2026-04-28T15:09:13,21.223732,-40.398411,13.0,13.26,67.5,10,1.4,103.4,4.210,-4.2,0,1,59601
2026-04-28T15:09:42,21.224466,-40.396606,14.0,13.38,62.1,10,1.4,103.2,4.209,-4.2,0,1,59602
2026-04-28T15:10:11,21.225122,-40.394802,12.8,13.41,70.7,10,1.4,103.2,4.207,-4.2,0,1,59603
2026-04-28T15:10:40,21.225748,-40.392998,12.8,13.77,70.0,10,1.4,103.5,4.209,-4.4,0,1,59604
2026-04-28T15:11:09,21.226442,-40.391209,15.4,13.46,64.9,10,1.4,103.4,4.209,-4.2,0,1,59605
2026-04-28T15:11:38,21.227028,-40.389393,13.6,12.74,70.9,10,1.4,103.4,4.210,-4.2,0,1,59606
2026-04-28T15:12:07,21.227665,-40.387581,16.1,12.79,73.5,10,1.4,103.5,4.209,2755.8,0,1,59607
2026-04-28T15:12:36,21.228319,-40.385765,21.6,13.47,72.2,10,1.4,103.2,4.209,-4.2,0,1,59608
2026-04-28T15:13:05,21.228960,-40.383888,24.2,13.81,72.2,10,1.4,103.2,4.209,-4.2,0,1,59609
2026-04-28T15:13:34,21.229609,-40.382088,24.1,13.43,69.0,10,1.4,103.4,4.209,-4.2,0,1,59610
2026-04-28T15:14:03,21.230362,-40.380314,22.0,13.03,69.2,10,1.4,103.2,4.207,-4.2,0,1,59611
2026-04-28T15:14:32,21.231068,-40.378536,25.0,13.24,67.9,10,1.4,103.2,4.209,-4.2,0,1,59612
2026-04-28T15:15:01,21.231743,-40.376701,26.0,13.57,68.3,9,1.7,103.5,4.210,-4.4,0,1,59613
2026-04-28T15:15:30,21.232426,-40.374866,23.9,12.73,65.4,10,1.4,103.4,4.210,-4.2,0,1,59614
2026-04-28T15:15:59,21.233109,-40.373055,20.7,13.56,71.6,10,1.4,103.2,4.209,-4.2,0,1,59615
2026-04-28T15:16:28,21.233788,-40.371239,21.9,13.90,68.5,9,1.5,103.5,4.207,-4.4,0,1,59616
2026-04-28T15:16:57,21.234476,-40.369434,22.3,13.89,68.6,10,1.4,103.7,4.209,-4.2,0,1,59617
2026-04-28T15:17:26,21.235100,-40.367607,20.5,13.89,70.1,11,1.2,103.8,4.209,-4.2,0,1,59618
2026-04-28T15:17:55,21.235638,-40.365765,18.5,13.79,70.6,11,1.2,103.4,4.209,-4.2,0,1,59619
2026-04-28T15:18:24,21.236254,-40.363956,12.8,13.05,71.0,11,1.2,103.4,4.209,-4.2,0,1,59620
2026-04-28T15:18:53,21.236908,-40.362183,20.1,14.00,70.1,11,1.2,103.4,4.210,-4.2,0,1,59621
2026-04-28T15:19:22,21.237587,-40.360321,16.5,13.19,71.1,11,1.2,103.2,4.209,-4.2,0,1,59622
2026-04-28T15:19:51,21.238270,-40.358536,19.0,13.92,69.9,11,1.2,103.4,4.209,-4.2,0,1,59623
2026-04-28T15:20:20,21.238979,-40.356728,18.5,13.54,68.8,10,1.5,103.5,4.209,-4.4,0,1,59624
2026-04-28T15:20:49,21.239620,-40.354904,22.2,13.38,67.1,10,1.3,103.2,4.209,-4.2,0,1,59625
2026-04-28T15:21:18,21.240227,-40.352989,24.8,15.00,70.2,10,1.4,103.4,4.210,-4.2,0,1,59626
2026-04-28T15:21:47,21.240742,-40.351143,12.6,13.74,76.5,11,1.2,103.5,4.210,-4.4,0,1,59627
2026-04-28T15:22:16,21.241423,-40.349308,32.4,14.03,70.4,11,1.2,103.2,4.209,-4.2,0,1,59628
2026-04-28T15:22:45,21.242210,-40.347519,25.1,14.50,64.1,11,1.2,103.4,4.210,-4.2,0,1,59629
2026-04-28T15:23:14,21.242884,-40.345737,21.9,13.88,67.5,11,1.2,103.5,4.209,-4.4,0,1,59630
2026-04-28T15:23:43,21.243612,-40.343880,22.7,14.06,65.6,11,1.2,103.2,4.210,-4.2,0,1,59631
2026-04-28T15:24:12,21.244320,-40.342033,21.7,13.27,66.6,10,1.4,103.4,4.210,-4.2,0,1,59632
2026-04-28T15:24:41,21.244970,-40.340168,18.1,13.89,70.0,11,1.2,103.4,4.207,-4.2,0,1,59633
2026-04-28T15:25:10,21.245590,-40.338348,21.4,13.24,68.6,11,1.2,103.2,4.210,-4.2,0,1,59634
2026-04-28T15:25:39,21.246185,-40.336483,21.2,13.48,66.0,11,1.2,103.5,4.210,2755.8,0,1,59635
2026-04-28T15:26:08,21.246819,-40.334682,22.5,13.25,66.2,11,1.2,103.4,4.209,-4.2,0,1,59636
2026-04-28T15:26:37,21.247471,-40.332920,17.6,13.45,67.0,11,1.1,103.0,4.207,-4.2,0,1,59637
2026-04-28T15:27:06,21.248100,-40.331078,23.3,13.32,69.1,11,1.1,103.4,4.210,-4.2,0,1,59638
2026-04-28T15:27:35,21.248781,-40.329239,25.5,13.66,69.9,9,1.5,103.4,4.210,-4.2,0,1,59639
2026-04-28T15:28:04,21.249464,-40.327419,30.2,13.61,70.4,11,1.1,103.5,4.209,-4.4,0,1,59640
2026-04-28T15:28:34,21.250154,-40.325512,31.2,13.47,66.1,11,1.1,103.4,4.209,-4.2,0,1,59641
2026-04-28T15:29:03,21.250793,-40.323711,30.5,13.32,69.2,11,1.1,103.4,4.210,-4.2,0,1,59642
2026-04-28T15:29:32,21.251427,-40.321846,35.3,14.18,70.4,10,1.4,103.2,4.209,-4.2,0,1,59643
2026-04-28T15:30:01,21.252028,-40.319992,35.9,13.97,70.7,10,1.4,103.7,4.209,-4.2,0,1,59644
2026-04-28T15:30:30,21.252737,-40.318176,32.4,13.69,69.0,9,1.5,103.2,4.207,-4.2,0,1,59645
2026-04-28T15:30:59,21.253416,-40.316399,29.7,13.03,63.8,11,1.3,103.4,4.209,-4.2,0,1,59646
2026-04-28T15:31:28,21.254086,-40.314529,29.7,14.51,71.8,11,1.3,103.4,4.209,-4.2,0,1,59647
2026-04-28T15:31:57,21.254723,-40.312664,23.5,13.56,68.8,11,1.3,103.4,4.207,-4.2,0,1,59648
2026-04-28T15:32:26,21.255318,-40.310886,18.5,13.74,63.1,11,1.3,103.7,4.210,-4.2,0,1,59649
2026-04-28T15:32:55,21.256004,-40.309071,21.9,14.06,69.6,11,1.2,103.4,4.207,-4.2,0,1,59650
2026-04-28T15:33:24,21.256704,-40.307262,31.3,12.54,68.7,10,1.4,103.4,4.209,-4.2,0,1,59651
2026-04-28T15:33:53,21.257368,-40.305416,36.3,14.09,68.2,12,1.1,103.4,4.207,-4.2,0,1,59652
2026-04-28T15:34:22,21.258066,-40.303585,38.3,13.79,70.8,10,1.5,103.5,4.209,-4.4,0,1,59653
2026-04-28T15:34:51,21.258707,-40.301823,39.0,13.28,70.0,11,1.2,103.2,4.207,-4.2,0,1,59654
2026-04-28T15:35:20,21.259371,-40.299980,39.4,13.58,68.5,12,1.1,103.4,4.209,-4.2,0,1,59655
2026-04-28T15:35:49,21.260017,-40.298180,32.1,14.77,70.1,11,1.2,103.4,4.210,-4.2,0,1,59656
2026-04-28T15:36:18,21.260599,-40.296368,29.8,13.53,66.5,10,1.5,103.4,4.209,-4.2,0,1,59657
2026-04-28T15:36:47,21.261156,-40.294495,29.9,13.67,71.8,11,1.2,103.4,4.209,-4.2,0,1,59658
2026-04-28T15:37:16,21.261778,-40.292709,21.8,13.16,62.8,10,1.5,103.4,4.209,-4.2,0,1,59659
2026-04-28T15:37:45,21.262419,-40.290894,25.3,13.23,71.2,11,1.2,103.4,4.210,-4.2,0,1,59660
2026-04-28T15:38:14,21.263012,-40.289093,31.5,12.87,68.3,10,1.5,103.2,4.210,-4.2,0,1,59661
2026-04-28T15:38:43,21.263580,-40.287323,23.5,14.01,69.2,10,1.4,103.2,4.207,-4.2,0,1,59662
2026-04-28T15:39:12,21.264227,-40.285511,21.0,13.62,62.1,10,1.4,103.4,4.210,-4.2,0,1,59663
2026-04-28T15:39:41,21.264875,-40.283710,17.5,12.70,67.9,9,1.6,103.4,4.209,-4.2,0,1,59664
2026-04-28T15:40:10,21.265459,-40.281887,17.4,13.24,66.7,10,1.4,103.4,4.209,-4.2,0,1,59665
2026-04-28T15:40:39,21.266119,-40.280071,18.3,13.63,72.3,10,1.4,103.2,4.209,-4.2,0,1,59666
2026-04-28T15:41:08,21.266764,-40.278244,17.6,13.98,62.0,10,1.4,103.5,4.209,2755.8,0,1,59667
2026-04-28T15:41:37,21.267475,-40.276474,17.8,13.23,62.3,8,1.8,103.4,4.209,-4.2,0,1,59668
2026-04-28T15:42:06,21.268114,-40.274681,21.9,13.49,69.3,10,1.4,103.4,4.209,-4.2,0,1,59669
2026-04-28T15:42:35,21.268757,-40.272873,18.7,13.83,67.3,9,1.6,103.2,4.209,-4.2,0,1,59670
2026-04-28T15:43:04,21.269442,-40.271030,19.7,14.44,63.2,10,1.4,103.4,4.210,-4.2,0,1,59671
2026-04-28T15:43:33,21.270119,-40.269241,19.2,13.42,68.4,11,1.1,103.4,4.209,-4.2,0,1,59672
2026-04-28T15:44:02,21.270748,-40.267448,20.1,13.33,69.2,10,1.4,103.2,4.209,-4.2,0,1,59673
2026-04-28T15:44:31,21.271404,-40.265629,18.8,13.38,67.1,10,1.4,103.4,4.207,-4.2,0,1,59674
2026-04-28T15:45:00,21.272049,-40.263821,18.0,12.86,69.4,10,1.4,103.7,4.207,-4.2,0,1,59675
2026-04-28T15:45:29,21.272726,-40.262020,17.3,12.64,67.9,9,1.5,103.5,4.209,-4.4,0,1,59676
2026-04-28T15:45:58,21.273369,-40.260197,17.7,12.87,68.5,9,1.5,103.2,4.209,-4.2,0,1,59677
2026-04-28T15:46:27,21.274017,-40.258373,18.8,13.37,66.2,9,1.2,103.5,4.210,-4.4,0,1,59678
2026-04-28T15:46:56,21.274618,-40.256603,6.3,13.10,71.4,9,1.5,103.5,4.210,-4.4,0,1,59679
2026-04-28T15:47:25,21.275291,-40.254818,1.0,13.71,59.4,9,1.5,103.7,4.209,-4.2,0,1,59680
2026-04-28T15:47:54,21.275995,-40.253014,11.4,13.21,67.2,10,1.4,103.4,4.207,-4.2,0,1,59681
2026-04-28T15:48:23,21.276564,-40.251202,5.9,13.43,68.4,9,1.5,103.4,4.210,-4.2,0,1,59682
2026-04-28T15:48:52,21.277237,-40.249336,11.3,14.08,70.9,10,1.4,103.4,4.209,-4.2,0,1,59683
2026-04-28T15:49:21,21.277870,-40.247524,12.6,13.19,67.4,10,1.1,103.4,4.209,-4.2,0,1,59684
2026-04-28T15:49:50,21.278599,-40.245705,29.5,13.65,72.9,10,1.4,103.4,4.209,-4.2,0,1,59685
2026-04-28T15:50:19,21.279160,-40.243900,23.8,13.45,68.0,10,1.4,103.5,4.209,-4.4,0,1,59686
2026-04-28T15:50:48,21.279884,-40.242107,29.5,13.37,66.8,11,1.1,103.4,4.209,-4.2,0,1,59687
2026-04-28T15:51:17,21.280577,-40.240284,34.9,12.95,67.9,10,1.4,103.4,4.209,-4.2,0,1,59688
2026-04-28T15:51:46,21.281162,-40.238510,30.0,12.97,67.1,10,1.1,103.2,4.209,-4.2,0,1,59689
2026-04-28T15:52:15,21.281775,-40.236664,37.7,14.17,72.0,11,1.1,103.4,4.207,-4.2,0,1,59690
2026-04-28T15:52:44,21.282421,-40.234852,32.2,13.40,71.8,10,1.3,103.5,4.210,-4.4,0,1,59691
2026-04-28T15:53:13,21.282999,-40.233070,15.7,12.84,69.1,9,1.2,103.4,4.209,-4.2,0,1,59692
2026-04-28T15:53:42,21.283779,-40.231297,32.7,13.53,67.5,9,1.4,103.5,4.209,-4.4,0,1,59693
2026-04-28T15:54:11,21.284449,-40.229477,36.3,12.72,67.4,9,1.4,103.5,4.209,-4.4,0,1,59694
2026-04-28T15:54:40,21.285046,-40.227676,23.6,13.38,70.5,11,1.0,103.2,4.207,-4.2,0,1,59695
2026-04-28T15:55:09,21.285666,-40.225929,20.7,14.20,66.7,10,1.3,103.2,4.209,-4.2,0,1,59696
2026-04-28T15:55:38,21.286335,-40.224113,23.4,15.04,60.5,9,1.4,103.2,4.210,-4.2,0,1,59697
2026-04-28T15:56:07,21.286951,-40.222305,17.6,14.59,68.4,10,1.3,103.4,4.207,-4.2,0,1,59698
2026-04-28T15:56:36,21.287594,-40.220486,15.0,13.92,63.9,11,1.0,103.4,4.209,-4.2,0,1,59699
2026-04-28T15:57:05,21.288248,-40.218712,23.9,12.95,67.3,10,1.3,103.4,4.206,-4.2,0,1,59700
2026-04-28T15:57:34,21.288919,-40.216869,18.4,14.47,64.5,11,1.0,103.4,4.209,-4.2,0,1,59701
2026-04-28T15:58:03,21.289589,-40.215061,15.7,13.56,66.4,10,1.3,103.5,4.207,-4.4,0,1,59702
2026-04-28T15:58:32,21.290289,-40.213242,22.6,13.85,71.4,9,1.3,103.4,4.209,-4.2,0,1,59703
2026-04-28T15:59:01,21.290947,-40.211445,24.9,13.75,66.8,10,1.2,103.2,4.210,2747.5,0,1,59704
2026-04-28T15:59:30,21.291590,-40.209641,25.6,13.88,71.3,10,1.2,103.5,4.209,-4.4,0,1,59705
2026-04-28T15:59:59,21.292244,-40.207809,19.6,14.11,69.1,10,1.2,103.5,4.209,-4.4,0,1,59706
2026-04-28T16:00:28,21.292900,-40.205994,16.9,13.95,66.9,10,1.2,103.4,4.207,-4.2,0,1,59707
2026-04-28T16:00:57,21.293564,-40.204201,18.4,13.50,69.2,10,1.2,103.4,4.209,-4.2,0,1,59708
2026-04-28T16:01:26,21.294201,-40.202404,10.4,13.32,65.2,10,1.2,103.4,4.210,-4.2,0,1,59709
2026-04-28T16:01:55,21.294847,-40.200596,5.6,13.69,71.0,10,1.2,103.2,4.209,-4.2,0,1,59710
2026-04-28T16:02:24,21.295506,-40.198807,12.9,13.36,67.9,10,1.2,103.2,4.210,-4.2,0,1,59711
2026-04-28T16:02:53,21.296156,-40.196995,12.2,14.07,68.9,10,1.2,103.5,4.209,-4.4,0,1,59712
2026-04-28T16:03:22,21.296751,-40.195164,9.4,14.20,69.5,10,1.2,103.2,4.207,-4.2,0,1,59713
2026-04-28T16:03:51,21.297455,-40.193378,12.7,13.75,65.7,10,1.2,103.4,4.209,-4.2,0,1,59714
2026-04-28T16:04:20,21.298033,-40.191601,-4.2,13.42,67.9,10,1.2,103.4,4.209,-4.2,0,1,59715
2026-04-28T16:04:49,21.298679,-40.189785,-4.2,12.56,73.6,10,1.2,103.4,4.207,-4.2,0,1,59716
2026-04-28T16:05:18,21.299374,-40.187996,-6.1,13.15,71.6,9,1.4,103.4,4.207,-4.2,0,1,59717
2026-04-28T16:05:47,21.299994,-40.186169,-10.4,13.19,69.4,9,1.4,103.4,4.207,-4.2,0,1,59718
2026-04-28T16:06:16,21.300573,-40.184357,-11.9,13.07,71.1,9,1.4,103.4,4.209,-4.2,0,1,59719
2026-04-28T16:06:45,21.301229,-40.182529,-12.1,14.14,68.9,9,1.4,103.2,4.209,-4.2,0,1,59720
2026-04-28T16:07:14,21.302017,-40.180763,-6.6,12.90,70.4,9,1.4,103.7,4.210,-4.2,0,1,59721
2026-04-28T16:07:44,21.302559,-40.178860,0.7,10.25,77.6,9,1.4,103.4,4.209,-4.2,0,1,59722
2026-04-28T16:08:13,21.303299,-40.177067,-3.2,13.66,67.3,9,1.4,103.5,4.209,-4.4,0,1,59723
2026-04-28T16:08:42,21.303858,-40.175228,-10.9,13.04,70.8,10,1.1,103.4,4.210,-4.2,0,1,59724
2026-04-28T16:09:11,21.304518,-40.173443,-7.2,13.04,71.7,9,1.3,103.4,4.209,-4.2,0,1,59725
2026-04-28T16:09:40,21.305225,-40.171646,-7.2,13.51,65.1,9,1.3,103.5,4.207,-4.4,0,1,59726
2026-04-28T16:10:09,21.305838,-40.169823,2.4,13.09,65.4,10,1.1,103.4,4.209,-4.2,0,1,59727
2026-04-28T16:10:38,21.306513,-40.168041,1.4,13.12,67.0,9,1.3,103.4,4.209,-4.2,0,1,59728
2026-04-28T16:11:07,21.307108,-40.166237,5.4,13.19,73.9,8,1.4,103.2,4.209,-4.2,0,1,59729
2026-04-28T16:11:36,21.307783,-40.164463,8.8,13.26,69.8,9,1.3,103.4,4.207,-4.2,0,1,59730
2026-04-28T16:12:05,21.308405,-40.162666,9.7,13.54,79.8,9,1.4,103.4,4.210,-4.2,0,1,59731
2026-04-28T16:12:34,21.309025,-40.160873,2.1,13.73,71.2,9,2.6,103.5,4.207,-4.4,0,1,59732
2026-04-28T16:13:04,21.309706,-40.159019,-4.2,16.30,60.6,10,1.3,103.4,4.209,-4.2,0,1,59733
2026-04-28T16:13:33,21.310394,-40.157253,-12.7,12.95,68.7,10,1.2,103.5,4.209,-4.4,0,1,59734
2026-04-28T16:14:02,21.311024,-40.155460,-14.8,13.35,71.1,9,2.5,103.5,4.207,-4.4,0,1,59735
2026-04-28T16:14:31,21.311699,-40.153687,-23.0,13.42,65.7,9,2.5,103.2,4.209,-4.2,0,1,59736
2026-04-28T16:15:00,21.312326,-40.151909,-25.2,14.42,69.7,9,2.5,103.5,4.209,-4.4,0,1,59737
2026-04-28T16:15:29,21.312935,-40.150131,-25.0,13.82,66.8,9,2.5,103.4,4.207,-4.2,0,1,59738
2026-04-28T16:15:58,21.313559,-40.148384,-26.2,13.41,72.1,9,2.4,103.4,4.209,-4.2,0,1,59739
2026-04-28T16:16:27,21.314213,-40.146568,-23.4,13.84,67.7,9,2.4,103.7,4.209,-4.2,0,1,59740
2026-04-28T16:16:56,21.314949,-40.144817,-22.4,13.33,71.7,9,2.4,103.4,4.209,-4.2,0,1,59741
2026-04-28T16:17:25,21.315630,-40.143070,-27.0,13.76,73.1,9,2.4,103.5,4.209,-4.4,0,1,59742
2026-04-28T16:17:54,21.316229,-40.141289,-22.7,12.58,70.0,8,2.5,103.4,4.210,-4.2,0,1,59743
2026-04-28T16:18:23,21.316843,-40.139523,-20.9,12.95,72.9,9,2.3,103.4,4.207,-4.2,0,1,59744
2026-04-28T16:18:52,21.317495,-40.137760,-20.4,12.52,70.0,9,2.3,103.4,4.209,-4.2,0,1,59745
2026-04-28T16:19:21,21.318117,-40.136002,-21.1,14.38,70.6,9,2.3,103.0,4.207,-4.2,0,1,59746
2026-04-28T16:19:50,21.318752,-40.134186,-13.3,13.44,71.5,9,2.2,103.4,4.209,-4.2,0,1,59747
2026-04-28T16:20:19,21.319410,-40.132431,-9.6,13.26,72.8,8,2.2,103.7,4.209,-4.2,0,1,59748
2026-04-28T16:20:48,21.320086,-40.130657,-17.0,12.89,68.3,10,2.1,103.4,4.207,-4.2,0,1,59749
2026-04-28T16:21:17,21.320736,-40.128899,-17.9,13.97,68.1,10,2.0,103.2,4.209,-4.2,0,1,59750
2026-04-28T16:21:46,21.321281,-40.127098,-9.8,13.17,68.5,10,2.0,103.5,4.209,-4.4,0,1,59751
2026-04-28T16:22:15,21.321976,-40.125313,-11.1,13.62,70.3,11,1.8,103.4,4.209,-4.2,0,1,59752
2026-04-28T16:22:44,21.322504,-40.123512,-6.9,13.01,68.5,11,1.8,103.4,4.210,-4.2,0,1,59753
2026-04-28T16:23:13,21.323162,-40.121708,-2.0,13.47,68.3,10,2.0,103.2,4.210,-4.2,0,1,59754
2026-04-28T16:23:42,21.323824,-40.119884,4.5,13.15,71.4,11,1.8,103.4,4.209,-4.2,0,1,59755
2026-04-28T16:24:11,21.324474,-40.118088,10.7,12.55,71.6,11,1.8,103.4,4.209,-4.2,0,1,59756
2026-04-28T16:24:40,21.325157,-40.116299,12.1,13.26,65.6,11,1.7,103.4,4.210,-4.2,0,1,59757
2026-04-28T16:25:09,21.325838,-40.114510,12.9,12.75,67.8,10,2.0,103.2,4.209,-4.2,0,1,59758
2026-04-28T16:25:38,21.326462,-40.112747,15.3,13.02,68.3,11,1.7,103.2,4.209,-4.2,0,1,59759
2026-04-28T16:26:07,21.327103,-40.110947,19.1,13.14,68.4,9,2.0,103.4,4.209,-4.2,0,1,59760
2026-04-28T16:26:36,21.327711,-40.109192,21.8,13.71,69.6,9,2.1,103.4,4.207,-4.2,0,1,59761
2026-04-28T16:27:05,21.328264,-40.107384,15.3,13.25,71.6,11,1.7,103.4,4.210,-4.2,0,1,59762
2026-04-28T16:27:34,21.328939,-40.105621,18.7,14.31,68.6,9,2.0,103.2,4.210,-4.2,0,1,59763
2026-04-28T16:28:04,21.329662,-40.103786,22.9,13.31,70.0,11,1.7,103.4,4.209,-4.2,0,1,59764
2026-04-28T16:28:33,21.330353,-40.101997,27.4,12.68,64.9,10,1.8,103.2,4.207,-4.2,0,1,59765
2026-04-28T16:29:02,21.330952,-40.100204,33.4,13.54,70.0,11,1.5,103.5,4.209,-4.4,0,1,59766
2026-04-28T16:29:31,21.331570,-40.098423,28.4,13.69,67.8,12,1.0,103.4,4.209,-4.2,0,1,59767
2026-04-28T16:30:00,21.332186,-40.096615,19.2,12.75,71.0,9,2.3,103.4,4.209,-4.2,0,1,59768
2026-04-28T16:30:29,21.332830,-40.094803,11.4,13.03,68.4,11,1.7,103.4,4.209,-4.2,0,1,59769
2026-04-28T16:30:58,21.333483,-40.093018,7.6,12.40,68.5,11,1.2,103.4,4.207,-4.2,0,1,59770
2026-04-28T16:31:27,21.333973,-40.091164,0.8,12.83,76.4,11,1.2,103.4,4.210,-4.2,0,1,59771
2026-04-28T16:31:56,21.334555,-40.089367,-1.5,12.92,73.9,10,1.9,103.7,4.207,-4.2,0,1,59772
2026-04-28T16:32:25,21.335281,-40.087589,2.7,13.23,68.6,10,1.9,103.7,4.209,-4.2,0,1,59773
2026-04-28T16:32:54,21.336021,-40.085800,3.2,13.54,68.7,10,1.2,103.4,4.209,-4.2,0,1,59774
2026-04-28T16:33:23,21.336628,-40.084011,3.8,13.15,69.5,11,1.2,103.2,4.210,-4.2,0,1,59775
2026-04-28T16:33:52,21.337376,-40.082237,9.8,13.62,72.3,10,1.9,103.4,4.209,-4.2,0,1,59776
2026-04-28T16:34:21,21.337980,-40.080391,13.8,13.31,67.4,10,1.9,103.5,4.210,2755.8,0,1,59777
2026-04-28T16:34:50,21.338642,-40.078564,11.6,14.25,65.5,11,1.2,103.4,4.209,-4.2,0,1,59778
2026-04-28T16:35:19,21.339252,-40.076702,6.0,13.31,67.1,11,1.1,103.4,4.210,-4.2,0,1,59779
2026-04-28T16:35:48,21.339773,-40.074924,-1.0,13.96,67.7,9,1.9,103.5,4.210,-4.4,0,1,59780
2026-04-28T16:36:17,21.340488,-40.073154,4.4,13.94,71.0,11,1.2,103.4,4.210,-4.2,0,1,59781
2026-04-28T16:36:46,21.341303,-40.071362,4.7,13.28,62.3,11,1.2,103.2,4.209,-4.2,0,1,59782
2026-04-28T16:37:15,21.342010,-40.069527,7.8,13.47,65.2,9,2.1,103.5,4.209,-4.4,0,1,59783
2026-04-28T16:37:44,21.342533,-40.067745,6.2,13.33,76.3,10,1.9,103.2,4.210,-4.2,0,1,59784
2026-04-28T16:38:14,21.343311,-40.065891,13.3,12.96,72.2,10,1.9,103.5,4.210,-4.4,0,1,59785
2026-04-28T16:38:43,21.343908,-40.064053,12.0,14.02,66.7,10,1.8,103.4,4.209,-4.2,0,1,59786
2026-04-28T16:39:12,21.344501,-40.062241,8.6,13.80,81.5,10,1.9,103.4,4.209,-4.2,0,1,59787
2026-04-28T16:39:41,21.345110,-40.060524,5.3,12.67,69.6,10,1.9,103.4,4.207,-4.2,0,1,59788
2026-04-28T16:40:10,21.345703,-40.058681,5.0,13.35,65.2,10,1.8,103.4,4.207,-4.2,0,1,59789
2026-04-28T16:40:39,21.346407,-40.056911,13.2,13.94,62.7,10,1.8,103.4,4.206,-4.2,0,1,59790
2026-04-28T16:41:08,21.347101,-40.055077,10.4,13.26,63.3,10,1.8,103.2,4.207,-4.2,0,1,59791
2026-04-28T16:41:37,21.347689,-40.053261,17.2,12.96,76.3,10,1.8,103.2,4.207,-4.2,0,1,59792
2026-04-28T16:42:06,21.348436,-40.051502,20.7,13.62,67.5,9,2.4,103.4,4.209,-4.2,0,1,59793
2026-04-28T16:42:35,21.349052,-40.049713,20.6,13.50,64.8,9,1.9,103.4,4.209,-4.2,0,1,59794
2026-04-28T16:43:04,21.349615,-40.047890,16.2,13.60,66.5,9,1.9,103.4,4.207,-4.2,0,1,59795
2026-04-28T16:43:33,21.350233,-40.046070,12.5,13.73,63.1,9,1.9,103.4,4.209,-4.2,0,1,59796
2026-04-28T16:44:02,21.350702,-40.044197,9.4,13.07,69.8,9,1.9,103.2,4.209,-4.2,0,1,59797
2026-04-28T16:44:31,21.351402,-40.042416,6.9,13.58,68.9,9,1.9,103.4,4.210,-4.2,0,1,59798
2026-04-28T16:45:00,21.351973,-40.040604,5.3,13.86,72.2,9,1.9,103.2,4.209,-4.2,0,1,59799
2026-04-28T16:45:29,21.352633,-40.038807,16.4,14.36,72.3,8,1.9,103.2,4.209,-4.2,0,1,59800
2026-04-28T16:45:58,21.353334,-40.037025,12.9,13.70,65.3,8,1.9,103.2,4.209,-4.2,0,1,59801
2026-04-28T16:46:27,21.353985,-40.035221,12.2,13.45,66.2,9,1.8,103.4,4.207,-4.2,0,1,59802
2026-04-28T16:46:56,21.354654,-40.033417,9.1,13.45,67.2,9,1.8,103.0,4.209,-4.2,0,1,59803
2026-04-28T16:47:25,21.355318,-40.031597,13.8,13.65,67.9,9,1.8,103.5,4.207,-4.4,0,1,59804
2026-04-28T16:47:54,21.356035,-40.029797,17.2,13.33,68.3,9,1.8,103.4,4.209,-4.2,0,1,59805
2026-04-28T16:48:23,21.356636,-40.027988,17.2,12.83,69.8,8,1.8,103.4,4.209,-4.2,0,1,59806
2026-04-28T16:48:52,21.357311,-40.026211,13.6,13.23,65.2,9,1.8,103.4,4.209,-4.2,0,1,59807
2026-04-28T16:49:21,21.357986,-40.024418,13.9,13.65,62.8,8,2.1,103.2,4.209,-4.2,0,1,59808
2026-04-28T16:49:50,21.358637,-40.022583,18.4,13.50,68.7,9,1.8,103.4,4.207,-4.2,0,1,59809
2026-04-28T16:50:19,21.359358,-40.020760,21.0,13.33,66.8,9,1.8,103.4,4.209,-4.2,0,1,59810
2026-04-28T16:50:48,21.360027,-40.018940,23.5,13.18,69.6,8,2.0,103.2,4.207,-4.2,0,1,59811
2026-04-28T16:51:17,21.360735,-40.017151,27.2,13.31,67.9,8,2.1,103.5,4.209,2755.8,0,1,59812
2026-04-28T16:51:46,21.361374,-40.015278,22.0,13.30,61.7,9,1.7,103.5,4.207,-4.4,0,1,59813
2026-04-28T16:52:15,21.361977,-40.013420,22.4,13.99,69.3,8,1.8,103.4,4.209,-4.2,0,1,59814
2026-04-28T16:52:44,21.362606,-40.011604,23.5,13.65,65.7,9,1.7,103.4,4.210,-4.2,0,1,59815
2026-04-28T16:53:13,21.363268,-40.009819,22.3,13.09,67.7,9,1.7,103.2,4.207,-4.2,0,1,59816
2026-04-28T16:53:42,21.363895,-40.008015,19.9,13.59,64.9,9,1.7,103.4,4.209,-4.2,0,1,59817
2026-04-28T16:54:11,21.364511,-40.006184,16.7,14.05,69.9,9,1.7,103.2,4.207,-4.2,0,1,59818
2026-04-28T16:54:40,21.364906,-40.004314,20.6,14.62,76.7,9,1.6,103.4,4.209,-4.2,0,1,59819
2026-04-28T16:55:09,21.365463,-40.002491,17.7,13.30,72.5,9,1.7,103.4,4.210,-4.2,0,1,59820
2026-04-28T16:55:38,21.366144,-40.000664,17.6,13.99,61.8,8,2.4,103.5,4.207,-4.4,0,1,59821
2026-04-28T16:56:07,21.366659,-39.998829,16.2,13.62,71.2,9,1.6,103.5,4.210,-4.4,0,1,59822
2026-04-28T16:56:36,21.367266,-39.997009,14.9,13.66,75.8,8,2.4,103.2,4.207,-4.2,0,1,59823
2026-04-28T16:57:05,21.368040,-39.995224,14.4,14.14,62.6,9,1.6,103.2,4.209,-4.2,0,1,59824
2026-04-28T16:57:34,21.368732,-39.993401,15.0,13.25,67.4,8,1.9,102.9,4.207,-4.4,0,1,59825
2026-04-28T16:58:03,21.369415,-39.991562,18.1,13.59,69.1,7,3.5,103.4,4.207,-4.2,0,1,59826
2026-04-28T16:58:32,21.370113,-39.989761,21.4,14.35,70.0,7,3.5,103.0,4.207,-4.2,0,1,59827
2026-04-28T16:59:01,21.370806,-39.987942,21.5,14.05,65.6,6,3.7,103.5,4.209,-4.4,0,1,59828
2026-04-28T16:59:30,21.371469,-39.986122,21.5,13.90,67.7,7,2.5,103.2,4.209,-4.2,0,1,59829
2026-04-28T16:59:59,21.372112,-39.984280,23.3,13.76,74.4,7,2.4,103.4,4.210,-4.2,0,1,59830
2026-04-28T17:00:28,21.372715,-39.982487,27.4,13.01,70.9,7,2.4,103.4,4.207,-4.2,0,1,59831
2026-04-28T17:00:57,21.373375,-39.980652,26.7,13.25,63.7,7,2.4,103.4,4.207,-4.2,0,1,59832
2026-04-28T17:01:26,21.374033,-39.978809,25.8,13.06,68.2,9,1.5,103.5,4.209,-4.4,0,1,59833
2026-04-28T17:01:55,21.374767,-39.977001,23.8,13.63,73.9,8,2.3,103.2,4.209,-4.2,0,1,59834
2026-04-28T17:02:24,21.375349,-39.975193,25.4,12.65,67.1,8,2.3,103.7,4.209,-4.2,0,1,59835
2026-04-28T17:02:53,21.375961,-39.973358,27.6,13.45,76.2,8,2.3,103.4,4.207,-4.2,0,1,59836
2026-04-28T17:03:23,21.376604,-39.971485,26.5,13.71,71.4,8,2.3,103.2,4.207,-4.2,0,1,59837
2026-04-28T17:03:52,21.377287,-39.969700,29.5,13.47,61.3,8,2.2,103.4,4.207,-4.2,0,1,59838
2026-04-28T17:04:21,21.377951,-39.967876,26.3,13.87,64.7,7,3.2,103.5,4.209,-4.4,0,1,59839
2026-04-28T17:04:50,21.378565,-39.966106,27.1,12.50,66.2,6,3.2,103.2,4.206,-4.2,0,1,59840
2026-04-28T17:05:19,21.379215,-39.964275,25.0,13.55,72.5,7,3.2,103.4,4.209,-4.2,0,1,59841
2026-04-28T17:05:48,21.379944,-39.962494,25.5,13.13,67.2,9,1.5,103.4,4.210,-4.2,0,1,59842
2026-04-28T17:06:17,21.380575,-39.960697,27.2,13.44,68.6,7,1.7,103.4,4.206,-4.2,0,1,59843
2026-04-28T17:06:46,21.381205,-39.958870,27.0,14.07,63.5,8,2.2,103.5,4.207,-4.4,0,1,59844
2026-04-28T17:07:15,21.381857,-39.957027,23.8,13.29,71.7,7,2.4,103.5,4.209,-4.4,0,1,59845
2026-04-28T17:07:44,21.382477,-39.955223,21.8,13.51,73.7,8,2.2,103.4,4.209,-4.2,0,1,59846
2026-04-28T17:08:13,21.383091,-39.953381,25.2,13.71,73.9,8,2.2,103.2,4.207,-4.2,0,1,59847
2026-04-28T17:08:42,21.383753,-39.951580,23.0,12.80,73.3,8,2.1,103.2,4.207,-4.2,0,1,59848
2026-04-28T17:09:11,21.384382,-39.949749,19.9,13.01,65.5,8,2.1,103.4,4.209,-4.2,0,1,59849
2026-04-28T17:09:40,21.385101,-39.947964,17.9,13.82,62.9,8,2.1,103.5,4.209,-4.4,0,1,59850
2026-04-28T17:10:09,21.385719,-39.946125,23.1,12.55,73.7,7,2.1,103.4,4.210,-4.2,0,1,59851
2026-04-28T17:10:39,21.386425,-39.944218,24.0,15.24,63.5,7,2.0,103.2,4.206,-4.2,0,1,59852
2026-04-28T17:11:08,21.387011,-39.942425,23.6,13.84,75.2,7,2.0,103.2,4.209,-4.2,0,1,59853
2026-04-28T17:11:37,21.387705,-39.940609,22.2,13.14,71.2,8,2.1,103.2,4.207,-4.2,0,1,59854
2026-04-28T17:12:06,21.388382,-39.938812,24.5,12.08,69.0,8,2.1,103.4,4.207,-4.2,0,1,59855
2026-04-28T17:12:35,21.389034,-39.936974,23.3,13.41,65.6,8,1.9,103.4,4.209,-4.2,0,1,59856
2026-04-28T17:13:04,21.389709,-39.935135,20.2,13.83,71.7,8,2.0,103.5,4.206,-4.4,0,1,59857
2026-04-28T17:13:33,21.390377,-39.933334,21.3,12.87,72.1,8,2.0,103.4,4.207,-4.2,0,1,59858
2026-04-28T17:14:02,21.391048,-39.931477,18.8,13.24,65.3,8,2.0,103.4,4.209,-4.2,0,1,59859
2026-04-28T17:14:31,21.391697,-39.929657,17.9,13.32,57.0,8,1.4,103.2,4.207,-4.2,0,1,59860
2026-04-28T17:15:00,21.392298,-39.927773,22.2,13.12,77.8,7,2.1,103.4,4.206,-4.2,0,1,59861
2026-04-28T17:15:29,21.392967,-39.925911,26.2,14.87,65.1,8,1.4,103.4,4.209,-4.2,0,1,59862
2026-04-28T17:15:58,21.393654,-39.924114,26.8,13.89,57.8,8,2.0,103.5,4.207,-4.4,0,1,59863
2026-04-28T17:16:27,21.394365,-39.922321,24.9,13.58,73.1,7,2.3,103.2,4.207,-4.2,0,1,59864
2026-04-28T17:16:56,21.394928,-39.920448,24.9,13.80,76.7,9,1.3,103.4,4.209,-4.2,0,1,59865
2026-04-28T17:17:25,21.395588,-39.918583,22.8,14.88,54.7,7,2.3,103.4,4.209,-4.2,0,1,59866
2026-04-28T17:17:54,21.396214,-39.916729,25.2,13.47,71.3,9,1.3,103.2,4.209,-4.2,0,1,59867
2026-04-28T17:18:23,21.396883,-39.914894,23.2,13.94,64.0,8,1.9,103.7,4.209,-4.2,0,1,59868
2026-04-28T17:18:52,21.397486,-39.913013,21.4,13.44,68.0,8,1.9,103.2,4.209,-4.2,0,1,59869
2026-04-28T17:19:21,21.398140,-39.911201,20.1,13.55,66.4,9,1.3,103.5,4.209,2755.8,0,1,59870
2026-04-28T17:19:50,21.398846,-39.909355,19.5,13.95,57.5,8,1.9,103.4,4.209,-4.2,0,1,59871
2026-04-28T17:20:19,21.399488,-39.907455,21.7,13.46,69.9,8,1.9,103.4,4.209,-4.2,0,1,59872
2026-04-28T17:20:48,21.400270,-39.905704,22.3,13.11,71.1,8,1.9,103.2,4.207,-4.2,0,1,59873
2026-04-28T17:21:17,21.400871,-39.903778,19.4,14.27,69.2,9,1.3,103.2,4.209,-4.2,0,1,59874
2026-04-28T17:21:46,21.401609,-39.901993,21.5,13.60,61.0,8,1.9,103.2,4.209,-4.2,0,1,59875
2026-04-28T17:22:16,21.402319,-39.900139,21.2,13.67,66.6,5,3.1,103.4,4.207,-4.2,0,1,59876
2026-04-28T17:22:45,21.402969,-39.898308,21.1,13.69,73.1,7,1.9,103.2,4.209,-4.2,0,1,59877
2026-04-28T17:23:14,21.403654,-39.896469,24.9,12.90,61.9,5,2.5,103.2,4.209,-4.2,0,1,59878
2026-04-28T17:23:43,21.404381,-39.894676,29.0,14.08,67.9,7,1.4,103.4,4.210,-4.2,0,1,59879
2026-04-28T17:24:13,21.405104,-39.892826,30.5,15.08,59.8,5,3.0,103.4,4.209,-4.2,0,1,59880
2026-04-28T17:24:42,21.405699,-39.890919,29.7,14.03,65.7,5,2.5,103.2,4.209,-4.2,0,1,59881
2026-04-28T17:25:11,21.406292,-39.889103,33.8,11.28,92.2,6,2.3,103.2,4.209,-4.2,0,1,59882
2026-04-28T17:25:40,21.406881,-39.887173,38.8,12.66,80.4,6,2.3,103.5,4.209,-4.4,0,1,59883
2026-04-28T17:26:09,21.407701,-39.885441,37.3,15.13,62.2,7,1.7,103.4,4.207,-4.2,0,1,59884
2026-04-28T17:26:38,21.408289,-39.883644,30.3,14.47,57.8,6,1.9,103.2,4.209,-4.2,0,1,59885
2026-04-28T17:27:07,21.409021,-39.881721,29.7,13.99,67.4,7,1.7,103.5,4.209,-4.4,0,1,59886
2026-04-28T17:27:36,21.409689,-39.879906,15.2,12.49,71.2,8,1.6,103.2,4.209,-4.2,0,1,59887
2026-04-28T17:28:05,21.410330,-39.878040,15.4,13.47,71.3,8,1.6,103.7,4.209,-4.2,0,1,59888
2026-04-28T17:28:34,21.411037,-39.876175,16.9,13.73,67.8,9,1.3,103.4,4.209,-4.2,0,1,59889
2026-04-28T17:29:03,21.411625,-39.874290,16.3,12.95,70.4,8,1.6,103.5,4.209,-4.4,0,1,59890
2026-04-28T17:29:32,21.412270,-39.872433,17.7,12.72,73.9,8,1.6,103.4,4.209,-4.2,0,1,59891
2026-04-28T17:30:01,21.412996,-39.870602,18.7,13.52,64.6,8,1.6,103.4,4.207,-4.2,0,1,59892
2026-04-28T17:30:30,21.413666,-39.868778,19.8,13.14,67.0,8,1.6,103.4,4.209,2751.6,0,1,59893
2026-04-28T17:30:59,21.414265,-39.866924,16.6,13.34,71.9,8,1.5,103.4,4.209,-4.2,0,1,59894
2026-04-28T17:31:28,21.414894,-39.865036,15.2,14.52,67.3,8,1.5,103.2,4.210,-4.2,0,1,59895
2026-04-28T17:31:57,21.415577,-39.863243,17.5,13.31,63.2,8,1.5,103.4,4.207,-4.2,0,1,59896
2026-04-28T17:32:26,21.416260,-39.861416,22.1,13.86,65.0,8,1.5,103.2,4.207,-4.2,0,1,59897
2026-04-28T17:32:55,21.416977,-39.859657,31.6,13.22,68.8,8,1.5,103.2,4.207,2747.5,0,1,59898
2026-04-28T17:33:24,21.417622,-39.857784,32.3,13.70,69.5,8,1.5,103.4,4.209,-4.2,0,1,59899
2026-04-28T17:33:53,21.418217,-39.855968,32.2,12.11,67.3,7,1.6,103.4,4.209,-4.2,0,1,59900
2026-04-28T17:34:22,21.418816,-39.854115,28.8,13.11,72.6,8,1.5,103.2,4.207,-4.2,0,1,59901
2026-04-28T17:34:51,21.419436,-39.852245,26.6,13.61,68.8,5,2.8,103.5,4.206,-4.4,0,1,59902
2026-04-28T17:35:20,21.420122,-39.850349,23.7,15.16,66.9,6,2.2,103.4,4.207,-4.2,0,1,59903
2026-04-28T17:35:49,21.420786,-39.848488,21.7,14.53,71.4,7,1.6,103.2,4.207,-4.2,0,1,59904
2026-04-28T17:36:19,21.421440,-39.846581,14.9,13.94,66.9,8,1.5,103.2,4.209,-4.2,0,1,59905
2026-04-28T17:36:48,21.422018,-39.844715,13.2,12.53,78.6,7,2.0,103.4,4.210,-4.2,0,1,59906
2026-04-28T17:37:17,21.422703,-39.842892,12.6,13.03,68.7,6,2.3,103.5,4.209,-4.4,0,1,59907
2026-04-28T17:37:46,21.423382,-39.841045,13.3,13.76,71.2,7,1.7,103.4,4.209,-4.2,0,1,59908
2026-04-28T17:38:15,21.424046,-39.839176,13.5,14.03,76.7,7,1.9,103.5,4.207,-4.4,0,1,59909
2026-04-28T17:38:44,21.424671,-39.837269,5.6,14.38,72.6,6,2.2,103.4,4.209,-4.2,0,1,59910
2026-04-28T17:39:13,21.425158,-39.835407,-2.9,13.81,73.7,8,1.5,103.2,4.207,-4.2,0,1,59911
2026-04-28T17:39:42,21.425852,-39.833611,-2.0,13.52,71.5,8,1.4,103.2,4.209,-4.2,0,1,59912
2026-04-28T17:40:11,21.426502,-39.831764,-1.3,14.31,67.7,7,1.9,103.2,4.210,-4.2,0,1,59913
2026-04-28T17:40:40,21.427124,-39.829922,-3.3,13.70,72.8,8,1.8,103.2,4.207,-4.2,0,1,59914
2026-04-28T17:41:09,21.427830,-39.828117,-3.2,14.23,66.1,8,1.8,103.4,4.207,-4.2,0,1,59915
2026-04-28T17:41:38,21.428469,-39.826313,-0.5,13.71,66.1,7,1.5,103.4,4.210,-4.2,0,1,59916
2026-04-28T17:42:07,21.429153,-39.824501,3.8,12.90,69.4,7,1.9,103.2,4.207,-4.2,0,1,59917
2026-04-28T17:42:36,21.429737,-39.822655,1.7,13.11,75.3,7,2.1,103.5,4.209,-4.4,0,1,59918
2026-04-28T17:43:05,21.430410,-39.820862,-3.7,13.72,66.2,8,1.7,103.4,4.209,-4.2,0,1,59919
2026-04-28T17:43:34,21.431042,-39.819096,-0.5,13.49,68.2,6,1.9,103.4,4.209,2751.6,0,1,59920
2026-04-28T17:44:04,21.431717,-39.817150,-0.6,13.33,72.7,7,1.7,103.2,4.210,-4.2,0,1,59921
2026-04-28T17:44:33,21.432312,-39.815315,-4.0,14.53,59.4,9,1.4,103.5,4.209,-4.4,0,1,59922
2026-04-28T17:45:02,21.432928,-39.813499,-1.7,14.09,67.5,7,1.6,103.4,4.209,-4.2,0,1,59923
2026-04-28T17:45:31,21.433527,-39.811665,-4.9,14.24,66.7,8,1.7,103.4,4.209,-4.2,0,1,59924
2026-04-28T17:46:00,21.434288,-39.809814,-1.4,13.35,66.6,8,1.4,103.4,4.209,-4.2,0,1,59925
2026-04-28T17:46:29,21.434877,-39.807980,1.2,14.29,75.6,9,1.2,103.4,4.210,-4.2,0,1,59926
2026-04-28T17:46:58,21.435556,-39.806137,-3.3,13.52,71.3,8,1.6,103.2,4.207,-4.2,0,1,59927
2026-04-28T17:47:27,21.436161,-39.804268,-0.7,13.90,65.9,10,1.2,103.2,4.209,-4.2,0,1,59928
2026-04-28T17:47:56,21.436745,-39.802433,-13.1,13.75,70.2,8,1.6,103.5,4.209,-4.4,0,1,59929
2026-04-28T17:48:25,21.437386,-39.800568,-11.9,13.13,65.7,8,1.6,103.4,4.207,-4.2,0,1,59930
2026-04-28T17:48:54,21.438154,-39.798702,-1.2,13.46,68.3,10,1.2,103.2,4.207,-4.2,0,1,59931
2026-04-28T17:49:23,21.438879,-39.796917,3.3,13.36,64.9,9,1.6,103.4,4.209,-4.2,0,1,59932
2026-04-28T17:49:52,21.439524,-39.795074,-2.8,14.05,68.6,10,1.2,103.2,4.207,-4.2,0,1,59933
2026-04-28T17:50:21,21.440134,-39.793243,-8.2,14.00,72.7,9,1.4,103.4,4.207,-4.2,0,1,59934
2026-04-28T17:50:50,21.440722,-39.791363,-15.4,13.81,66.1,9,1.3,103.5,4.210,-4.4,0,1,59935
2026-04-28T17:51:19,21.441385,-39.789547,-19.4,14.05,76.9,9,1.5,103.4,4.210,-4.2,0,1,59936
2026-04-28T17:51:48,21.442019,-39.787678,-27.0,13.86,69.5,9,1.5,103.4,4.209,-4.2,0,1,59937
2026-04-28T17:52:17,21.442677,-39.785843,-29.2,13.86,69.0,9,1.5,103.4,4.209,-4.2,0,1,59938
2026-04-28T17:52:46,21.443338,-39.783997,-32.1,13.41,67.7,8,1.7,103.4,4.207,-4.2,0,1,59939
2026-04-28T17:53:15,21.444035,-39.782150,-24.5,13.35,70.3,9,1.5,103.4,4.209,-4.2,0,1,59940
2026-04-28T17:53:44,21.444742,-39.780300,-13.5,14.50,70.9,10,1.2,103.4,4.209,-4.2,0,1,59941
2026-04-28T17:54:13,21.445444,-39.778477,-10.8,13.84,65.2,8,1.8,103.5,4.209,-4.4,0,1,59942
2026-04-28T17:54:42,21.446112,-39.776634,-2.5,13.98,70.9,10,1.2,103.4,4.209,-4.2,0,1,59943
2026-04-28T17:55:11,21.446724,-39.774754,-6.8,13.77,70.0,7,2.1,103.2,4.209,-4.2,0,1,59944
2026-04-28T17:55:40,21.447409,-39.772938,-4.8,13.77,66.9,10,1.3,103.2,4.207,-4.2,0,1,59945
2026-04-28T17:56:09,21.448118,-39.771133,-6.8,12.92,62.1,8,1.6,103.5,4.209,-4.4,0,1,59946
2026-04-28T17:56:38,21.448769,-39.769268,-2.6,13.58,80.0,9,1.7,103.0,4.207,-4.2,0,1,59947
2026-04-28T17:57:07,21.449419,-39.767464,-5.5,13.08,66.6,9,1.4,103.4,4.209,-4.2,0,1,59948
2026-04-28T17:57:36,21.450081,-39.765636,-4.3,14.19,62.4,9,1.4,103.4,4.207,-4.2,0,1,59949
2026-04-28T17:58:05,21.450720,-39.763805,-11.2,13.36,67.6,8,1.6,103.2,4.207,-4.2,0,1,59950
2026-04-28T17:58:34,21.451355,-39.761929,-10.3,13.32,73.8,7,1.7,103.8,4.209,-4.2,0,1,59951
2026-04-28T17:59:04,21.452028,-39.760052,-13.5,13.76,65.2,9,1.5,103.2,4.207,-4.2,0,1,59952
2026-04-28T17:59:33,21.452698,-39.758217,-5.9,14.21,67.8,9,1.5,103.2,4.209,-4.2,0,1,59953
2026-04-28T18:00:02,21.453371,-39.756374,-7.1,12.97,67.3,8,1.7,103.4,4.209,-4.2,0,1,59954
2026-04-28T18:00:31,21.454031,-39.754570,-4.4,14.22,68.2,9,1.3,103.4,4.209,-4.2,0,1,59955
2026-04-28T18:01:00,21.454678,-39.752705,-5.1,12.72,69.5,9,1.6,103.4,4.209,-4.2,0,1,59956
2026-04-28T18:01:29,21.455315,-39.750874,-5.9,13.34,67.5,8,1.7,103.4,4.209,-4.2,0,1,59957
2026-04-28T18:01:58,21.455856,-39.749027,-8.2,13.28,71.4,9,1.5,103.2,4.209,-4.2,0,1,59958
2026-04-28T18:02:27,21.456532,-39.747185,-4.9,13.63,65.6,9,1.7,103.4,4.207,-4.2,0,1,59959
2026-04-28T18:02:56,21.457073,-39.745312,-7.6,12.06,75.7,9,1.7,103.4,4.207,-4.2,0,1,59960
2026-04-28T18:03:25,21.457657,-39.743446,-8.2,13.49,71.8,9,2.0,103.4,4.209,-4.2,0,1,59961
2026-04-28T18:03:54,21.458313,-39.741623,-11.3,13.43,68.0,8,1.8,103.4,4.209,-4.2,0,1,59962
2026-04-28T18:04:23,21.458914,-39.739780,-9.6,13.74,70.9,8,1.8,103.4,4.207,-4.2,0,1,59963
2026-04-28T18:04:52,21.459597,-39.737915,-13.3,13.69,68.8,8,1.9,103.4,4.209,-4.2,0,1,59964
2026-04-28T18:05:21,21.460323,-39.736073,-4.1,13.36,70.3,9,1.8,103.5,4.209,-4.4,0,1,59965
2026-04-28T18:05:50,21.461073,-39.734322,-5.1,13.51,67.4,8,1.9,103.2,4.209,-4.2,0,1,59966
2026-04-28T18:06:19,21.461843,-39.732555,-1.7,12.66,67.1,9,1.5,103.0,4.209,-4.2,0,1,59967
2026-04-28T18:06:48,21.462551,-39.730728,1.1,13.17,67.7,9,1.8,103.5,4.209,-4.4,0,1,59968
2026-04-28T18:07:17,21.463148,-39.728882,1.1,13.56,70.8,9,1.8,103.2,4.207,-4.2,0,1,59969
2026-04-28T18:07:46,21.463787,-39.727051,14.9,13.87,67.0,8,2.0,103.4,4.209,-4.2,0,1,59970
2026-04-28T18:08:15,21.464470,-39.725208,10.3,13.94,64.9,8,2.0,103.4,4.209,2751.6,0,1,59971
2026-04-28T18:08:44,21.465189,-39.723358,10.9,13.60,65.6,10,1.3,103.4,4.207,-4.2,0,1,59972
2026-04-28T18:09:13,21.465836,-39.721493,10.5,14.02,76.3,9,1.6,103.4,4.207,-4.2,0,1,59973
2026-04-28T18:09:42,21.466530,-39.719624,16.0,13.82,69.9,10,1.3,103.2,4.209,-4.2,0,1,59974
2026-04-28T18:10:11,21.467270,-39.717834,16.4,14.01,73.1,10,1.3,103.2,4.209,-4.2,0,1,59975
2026-04-28T18:10:40,21.467968,-39.716007,15.3,13.21,68.6,8,1.7,103.2,4.209,-4.2,0,1,59976
2026-04-28T18:11:09,21.468546,-39.714146,11.9,13.38,72.2,10,1.3,103.2,4.207,-4.2,0,1,59977
2026-04-28T18:11:38,21.469273,-39.712254,7.5,15.11,67.0,10,1.4,103.4,4.209,-4.2,0,1,59978
2026-04-28T18:12:07,21.469959,-39.710442,10.7,14.07,67.1,9,1.7,103.4,4.207,-4.2,0,1,59979
2026-04-28T18:12:36,21.470615,-39.708576,10.4,13.64,67.0,9,1.7,103.4,4.209,-4.2,0,1,59980
2026-04-28T18:13:05,21.471359,-39.706757,10.9,14.04,69.2,10,1.4,103.7,4.209,-4.2,0,1,59981
2026-04-28T18:13:34,21.472004,-39.704899,8.4,14.40,59.3,10,1.4,103.4,4.207,-4.2,0,1,59982
2026-04-28T18:14:03,21.472658,-39.703026,10.5,13.24,68.5,9,1.7,103.4,4.209,-4.2,0,1,59983
2026-04-28T18:14:32,21.473265,-39.701168,13.3,15.66,65.9,9,1.4,103.2,4.209,-4.2,0,1,59984
2026-04-28T18:15:01,21.473869,-39.699326,15.5,13.36,68.3,10,1.4,103.2,4.207,-4.2,0,1,59985
2026-04-28T18:15:30,21.474501,-39.697433,14.0,13.75,72.0,9,1.8,103.4,4.210,-4.2,0,1,59986
2026-04-28T18:15:59,21.475096,-39.695564,18.6,13.20,65.7,9,1.8,103.2,4.207,-4.2,0,1,59987
2026-04-28T18:16:28,21.475796,-39.693760,14.8,13.50,70.4,9,1.8,103.2,4.207,-4.2,0,1,59988
2026-04-28T18:16:57,21.476448,-39.691902,17.8,13.02,63.5,9,1.8,103.4,4.210,-4.2,0,1,59989
2026-04-28T18:17:26,21.477139,-39.690060,9.4,14.53,67.3,9,1.8,103.4,4.209,-4.2,0,1,59990
2026-04-28T18:17:55,21.477833,-39.688183,8.8,12.73,73.0,9,1.9,103.2,4.209,-4.2,0,1,59991
2026-04-28T18:18:24,21.478468,-39.686317,8.5,13.42,67.7,9,1.9,103.2,4.209,-4.2,0,1,59992
2026-04-28T18:18:53,21.479113,-39.684425,3.9,13.98,65.6,9,1.9,103.7,4.207,-4.2,0,1,59993
2026-04-28T18:19:22,21.479736,-39.682587,5.2,14.33,64.2,9,1.9,103.2,4.209,-4.2,0,1,59994
2026-04-28T18:19:51,21.480402,-39.680740,1.0,13.36,71.5,8,1.9,103.4,4.207,-4.2,0,1,59995
2026-04-28T18:20:20,21.481058,-39.678925,4.1,12.96,70.5,8,1.9,103.5,4.209,-4.4,0,1,59996
2026-04-28T18:20:49,21.481693,-39.677048,7.6,13.97,72.2,8,2.0,103.2,4.207,-4.2,0,1,59997
2026-04-28T18:21:19,21.482317,-39.675152,10.3,12.82,64.1,9,2.0,103.4,4.209,-4.2,0,1,59998
2026-04-28T18:21:48,21.482851,-39.673241,10.0,14.17,72.7,9,1.9,103.2,4.209,-4.2,0,1,59999
2026-04-28T18:22:17,21.483446,-39.671371,7.1,13.36,73.1,9,1.9,103.0,4.209,-4.2,0,1,60000
2026-04-28T18:22:46,21.484217,-39.669533,2.4,14.13,67.3,10,1.9,103.4,4.207,-4.2,0,1,60001
2026-04-28T18:23:15,21.484978,-39.667744,1.7,13.23,64.9,9,1.9,103.2,4.209,-4.2,0,1,60002
2026-04-28T18:23:44,21.485577,-39.665813,1.7,14.47,65.1,8,2.0,103.4,4.209,-4.2,0,1,60003
2026-04-28T18:24:13,21.486254,-39.664017,8.2,13.98,70.6,8,2.1,103.4,4.210,-4.2,0,1,60004
2026-04-28T18:24:42,21.486879,-39.662163,11.8,13.46,66.8,8,2.1,103.5,4.209,2755.8,0,1,60005
2026-04-28T18:25:11,21.487617,-39.660328,10.3,14.16,67.3,8,2.1,103.2,4.209,-4.2,0,1,60006
2026-04-28T18:25:40,21.488256,-39.658455,7.0,13.75,66.6,8,2.1,103.5,4.209,-4.4,0,1,60007
2026-04-28T18:26:09,21.488878,-39.656612,4.1,13.39,67.7,8,2.1,103.2,4.209,-4.2,0,1,60008
2026-04-28T18:26:38,21.489542,-39.654770,2.3,13.29,67.9,8,2.1,103.2,4.209,-4.2,0,1,60009
2026-04-28T18:27:07,21.490223,-39.652916,3.3,13.86,69.0,9,2.1,103.4,4.207,-4.2,0,1,60010
2026-04-28T18:27:36,21.490900,-39.651073,6.3,13.61,69.8,9,2.1,103.4,4.209,-4.2,0,1,60011
2026-04-28T18:28:05,21.491505,-39.649235,2.5,13.79,65.9,9,2.1,103.4,4.207,-4.2,0,1,60012
2026-04-28T18:28:34,21.492159,-39.647358,3.8,13.10,63.2,9,2.2,103.4,4.209,-4.2,0,1,60013
2026-04-28T18:29:04,21.492813,-39.645416,4.5,14.43,57.8,9,2.2,103.4,4.209,-4.2,0,1,60014
2026-04-28T18:29:33,21.493469,-39.643524,8.2,13.94,60.9,9,2.2,103.4,4.207,-4.2,0,1,60015
2026-04-28T18:30:02,21.494095,-39.641666,4.3,13.53,75.0,9,2.2,103.5,4.209,-4.4,0,1,60016
2026-04-28T18:30:31,21.494843,-39.639820,9.6,13.38,72.1,9,2.2,103.2,4.209,-4.2,0,1,60017
2026-04-28T18:31:00,21.495552,-39.637955,5.2,14.42,68.7,9,2.2,103.5,4.209,-4.4,0,1,60018
2026-04-28T18:31:29,21.496149,-39.636040,3.7,14.66,78.8,9,2.2,103.4,4.209,-4.2,0,1,60019
2026-04-28T18:31:58,21.496758,-39.634174,8.9,14.36,70.9,8,2.3,103.4,4.209,-4.2,0,1,60020
2026-04-28T18:32:27,21.497507,-39.632336,17.1,13.88,68.7,9,2.2,103.4,4.207,-4.2,0,1,60021
2026-04-28T18:32:56,21.498178,-39.630501,14.7,13.57,58.7,8,2.3,103.2,4.207,-4.2,0,1,60022
2026-04-28T18:33:25,21.498831,-39.628605,14.1,13.69,68.3,9,2.2,103.5,4.209,-4.4,0,1,60023
2026-04-28T18:33:54,21.499454,-39.626717,18.0,14.41,70.4,9,2.2,103.2,4.209,-4.2,0,1,60024
2026-04-28T18:34:23,21.500116,-39.624901,5.1,13.21,75.7,9,2.2,103.4,4.207,-4.2,0,1,60025
2026-04-28T18:34:52,21.500736,-39.623035,14.5,13.92,68.6,9,2.2,103.4,4.209,-4.2,0,1,60026
2026-04-28T18:35:21,21.501335,-39.621109,14.9,13.87,76.5,9,2.2,103.2,4.207,-4.2,0,1,60027
2026-04-28T18:35:50,21.501976,-39.619286,11.1,14.13,66.7,9,2.2,103.2,4.207,-4.2,0,1,60028
2026-04-28T18:36:19,21.502665,-39.617451,7.7,13.64,66.6,9,2.2,103.2,4.207,-4.2,0,1,60029
2026-04-28T18:36:48,21.503286,-39.615604,8.9,13.88,78.6,9,2.2,103.0,4.207,-4.2,0,1,60030
2026-04-28T18:37:17,21.503925,-39.613705,8.3,13.63,70.5,9,2.2,103.4,4.209,-4.2,0,1,60031
2026-04-28T18:37:46,21.504559,-39.611855,3.7,13.49,70.7,9,2.2,103.5,4.209,-4.4,0,1,60032
2026-04-28T18:38:15,21.505182,-39.610020,8.0,12.94,71.8,9,2.2,103.2,4.209,-4.2,0,1,60033
2026-04-28T18:38:44,21.505894,-39.608162,10.7,13.60,75.1,8,2.5,103.4,4.207,-4.2,0,1,60034
2026-04-28T18:39:13,21.506544,-39.606297,7.3,13.77,74.0,8,2.5,103.2,4.209,-4.2,0,1,60035
2026-04-28T18:39:42,21.507233,-39.604443,4.9,13.49,70.6,8,2.5,103.4,4.210,-4.2,0,1,60036
2026-04-28T18:40:11,21.507919,-39.602585,0.7,13.92,64.6,8,2.5,103.4,4.207,-4.2,0,1,60037
2026-04-28T18:40:40,21.508577,-39.600655,8.8,14.14,74.5,8,2.5,103.4,4.207,-4.2,0,1,60038
2026-04-28T18:41:09,21.509245,-39.598831,10.5,13.35,69.8,8,2.5,103.2,4.210,-4.2,0,1,60039
2026-04-28T18:41:38,21.509918,-39.596977,12.8,13.60,64.5,8,2.5,103.4,4.209,-4.2,0,1,60040
2026-04-28T18:42:07,21.510540,-39.595051,10.7,13.51,77.8,8,2.5,103.4,4.207,-4.2,0,1,60041
2026-04-28T18:42:36,21.511213,-39.593170,15.0,14.45,71.4,8,2.5,103.2,4.209,-4.2,0,1,60042
2026-04-28T18:43:05,21.511839,-39.591282,16.1,13.99,72.1,9,2.2,103.5,4.207,-4.4,0,1,60043
2026-04-28T18:43:34,21.512583,-39.589428,6.9,13.76,67.8,9,2.2,103.2,4.209,-4.2,0,1,60044
2026-04-28T18:44:03,21.513195,-39.587551,9.9,14.30,75.4,9,2.2,103.4,4.210,-4.2,0,1,60045
2026-04-28T18:44:32,21.513813,-39.585583,9.6,13.84,70.7,9,2.1,103.2,4.207,-4.2,0,1,60046
2026-04-28T18:45:01,21.514559,-39.583771,2.5,14.09,64.6,8,2.6,103.2,4.207,-4.2,0,1,60047
2026-04-28T18:45:30,21.515030,-39.581841,0.1,14.16,69.0,8,2.6,103.0,4.210,2743.3,0,1,60048
2026-04-28T18:45:59,21.515604,-39.579941,2.5,13.14,76.3,8,2.6,103.2,4.209,-4.2,0,1,60049
2026-04-28T18:46:28,21.516357,-39.578087,-3.7,13.95,69.0,7,2.6,103.5,4.209,-4.4,0,1,60050
2026-04-28T18:46:57,21.516920,-39.576122,-5.9,15.30,72.4,8,2.6,103.4,4.207,-4.2,0,1,60051
2026-04-28T18:47:26,21.517712,-39.574329,-3.6,13.87,70.6,8,2.5,103.2,4.210,-4.2,0,1,60052
2026-04-28T18:47:56,21.518484,-39.572472,5.6,15.22,65.0,8,2.5,103.4,4.209,-4.2,0,1,60053
2026-04-28T18:48:25,21.519108,-39.570450,11.5,13.06,68.7,7,3.7,103.4,4.209,-4.2,0,1,60054
2026-04-28T18:48:54,21.519800,-39.568623,6.9,13.56,70.4,8,2.5,103.4,4.207,-4.2,0,1,60055
2026-04-28T18:49:23,21.520557,-39.566730,19.3,13.31,71.3,8,2.5,103.2,4.210,-4.2,0,1,60056
2026-04-28T18:49:52,21.521378,-39.564857,12.6,13.18,67.2,9,2.0,103.4,4.209,-4.2,0,1,60057
2026-04-28T18:50:21,21.521997,-39.562908,10.5,13.84,67.7,8,2.0,103.5,4.209,-4.4,0,1,60058
2026-04-28T18:50:50,21.522642,-39.560997,12.9,13.33,67.9,8,2.0,103.4,4.207,-4.2,0,1,60059
2026-04-28T18:51:19,21.523245,-39.559139,13.9,14.47,78.1,8,2.0,103.4,4.209,-4.2,0,1,60060
2026-04-28T18:51:48,21.523932,-39.557175,18.9,13.14,72.3,8,2.0,103.5,4.207,-4.4,0,1,60061
2026-04-28T18:52:17,21.524635,-39.555260,10.1,13.66,63.8,8,2.0,103.2,4.206,-4.2,0,1,60062
2026-04-28T18:52:46,21.525303,-39.553371,8.7,13.82,66.6,8,2.0,103.2,4.207,-4.2,0,1,60063
2026-04-28T18:53:15,21.526098,-39.551533,7.9,14.01,67.3,8,2.0,103.2,4.207,-4.2,0,1,60064
2026-04-28T18:53:44,21.526770,-39.549641,9.2,14.49,68.3,8,2.0,103.8,4.209,-4.2,0,1,60065
2026-04-28T18:54:13,21.527328,-39.547749,3.9,13.65,65.9,7,2.5,103.4,4.210,-4.2,0,1,60066
2026-04-28T18:54:42,21.528046,-39.545849,1.9,13.31,65.5,8,2.0,103.2,4.209,-4.2,0,1,60067
2026-04-28T18:55:11,21.528685,-39.543915,4.3,14.35,67.6,8,2.0,103.4,4.209,-4.2,0,1,60068
2026-04-28T18:55:40,21.529394,-39.542049,2.8,13.46,68.0,8,2.0,103.2,4.210,-4.2,0,1,60069
2026-04-28T18:56:09,21.530195,-39.540211,1.5,13.50,67.3,8,2.0,103.4,4.210,-4.2,0,1,60070
2026-04-28T18:56:38,21.530743,-39.538277,7.6,13.95,68.6,8,2.0,103.2,4.207,-4.2,0,1,60071
2026-04-28T18:57:07,21.531511,-39.536465,12.7,14.06,71.0,8,2.0,103.4,4.209,-4.2,0,1,60072
2026-04-28T18:57:36,21.532116,-39.534546,15.7,14.39,70.8,8,2.0,103.2,4.207,-4.2,0,1,60073
2026-04-28T18:58:05,21.532825,-39.532711,18.4,13.83,70.0,8,2.0,103.2,4.207,-4.2,0,1,60074
2026-04-28T18:58:34,21.533470,-39.530834,20.9,13.81,70.0,8,2.0,103.4,4.209,-4.2,0,1,60075
2026-04-28T18:59:03,21.534163,-39.528954,21.6,13.75,69.9,8,2.0,103.2,4.209,-4.2,0,1,60076
2026-04-28T18:59:32,21.534779,-39.527058,20.9,13.35,64.1,8,2.0,103.2,4.209,-4.2,0,1,60077
2026-04-28T19:00:01,21.535429,-39.525166,17.0,14.33,69.4,7,2.3,103.2,4.209,-4.2,0,1,60078
2026-04-28T19:00:30,21.536173,-39.523304,7.1,13.79,70.2,7,2.3,103.5,4.207,-4.4,0,1,60079
2026-04-28T19:00:59,21.536879,-39.521381,4.1,14.22,70.3,8,2.0,103.2,4.207,-4.2,0,1,60080
2026-04-28T19:01:28,21.537445,-39.519470,3.6,13.09,68.1,8,2.0,103.4,4.207,-4.2,0,1,60081
2026-04-28T19:01:57,21.538157,-39.517643,0.4,14.10,67.2,8,2.0,103.4,4.207,-4.2,0,1,60082
2026-04-28T19:02:26,21.538809,-39.515778,2.9,13.98,72.1,8,2.0,103.2,4.209,-4.2,0,1,60083
2026-04-28T19:02:55,21.539572,-39.513897,2.5,13.92,68.8,7,2.2,103.0,4.207,-4.2,0,1,60084
2026-04-28T19:03:24,21.540239,-39.512054,0.6,13.64,66.1,8,2.0,103.2,4.209,-4.2,0,1,60085
2026-04-28T19:03:53,21.540894,-39.510178,3.0,13.71,66.7,8,2.0,103.2,4.209,-4.2,0,1,60086
2026-04-28T19:04:22,21.541430,-39.508244,-1.6,14.17,71.7,8,2.0,103.2,4.209,-4.2,0,1,60087
2026-04-28T19:04:51,21.542065,-39.506363,0.0,14.26,71.0,7,2.2,103.4,4.213,-4.2,0,1,60088
2026-04-28T19:05:20,21.542719,-39.504467,1.9,14.27,67.2,8,2.0,103.2,4.209,-4.2,0,1,60089
2026-04-28T19:05:49,21.543369,-39.502548,2.9,14.76,70.7,8,2.0,103.4,4.209,-4.2,0,1,60090
2026-04-28T19:06:18,21.544062,-39.500656,8.3,14.56,76.3,8,2.0,103.4,4.209,-4.2,0,1,60091
2026-04-28T19:06:47,21.544737,-39.498798,10.1,13.98,67.8,8,2.0,103.4,4.210,-4.2,0,1,60092
2026-04-28T19:07:16,21.545443,-39.496922,12.7,14.88,67.3,8,2.0,103.2,4.207,-4.2,0,1,60093
2026-04-28T19:07:45,21.546133,-39.495045,8.1,13.23,68.2,8,1.9,103.5,4.210,2755.8,0,1,60094
2026-04-28T19:08:14,21.546713,-39.493122,13.5,13.06,67.5,8,1.9,103.4,4.207,-4.2,0,1,60095
2026-04-28T19:08:43,21.547548,-39.491306,19.3,13.98,66.6,8,1.9,103.2,4.210,-4.2,0,1,60096
2026-04-28T19:09:12,21.548098,-39.489368,18.2,13.81,74.7,8,1.9,103.2,4.206,-4.2,0,1,60097
2026-04-28T19:09:41,21.548836,-39.487488,17.6,14.11,67.0,8,1.9,103.4,4.207,-4.2,0,1,60098
2026-04-28T19:10:10,21.549419,-39.485535,20.2,14.22,68.6,8,1.9,103.4,4.207,-4.2,0,1,60099
2026-04-28T19:10:39,21.550186,-39.483700,24.8,14.20,70.8,8,1.9,103.0,4.207,-4.2,0,1,60100
2026-04-28T19:11:08,21.550854,-39.481773,25.6,14.58,68.7,8,1.9,103.5,4.209,-4.4,0,1,60101
2026-04-28T19:11:37,21.551624,-39.479855,24.3,14.10,70.9,8,1.9,103.5,4.207,-4.4,0,1,60102
2026-04-28T19:12:06,21.552256,-39.477940,24.6,14.49,71.6,7,2.1,103.4,4.209,-4.2,0,1,60103
2026-04-28T19:12:35,21.552908,-39.476070,25.1,13.54,65.6,7,2.1,103.2,4.207,-4.2,0,1,60104
2026-04-28T19:13:04,21.553555,-39.474174,22.5,14.16,71.2,7,2.1,103.2,4.210,-4.2,0,1,60105
2026-04-28T19:13:33,21.554239,-39.472267,22.1,14.36,73.9,7,2.1,103.5,4.209,-4.4,0,1,60106
2026-04-28T19:14:02,21.554857,-39.470341,25.1,14.55,68.7,7,2.1,103.4,4.207,-4.2,0,1,60107
2026-04-28T19:14:31,21.555447,-39.468433,23.0,13.58,67.5,6,2.4,103.2,4.207,-4.2,0,1,60108
2026-04-28T19:15:00,21.556271,-39.466564,27.7,14.62,62.4,7,2.0,103.4,4.209,-4.2,0,1,60109
2026-04-28T19:15:29,21.556829,-39.464607,26.8,13.98,72.0,7,2.0,103.5,4.209,-4.4,0,1,60110
2026-04-28T19:15:58,21.557476,-39.462715,22.7,14.16,65.0,7,2.0,103.2,4.207,-4.2,0,1,60111
2026-04-28T19:16:27,21.558170,-39.460846,20.0,13.47,63.0,7,2.0,103.4,4.207,-4.2,0,1,60112
2026-04-28T19:16:56,21.558613,-39.458813,19.7,14.65,69.6,6,3.8,103.2,4.209,-4.2,0,1,60113
2026-04-28T19:17:25,21.559404,-39.457008,20.1,13.64,69.1,6,3.8,103.4,4.207,-4.2,0,1,60114
2026-04-28T19:17:54,21.559832,-39.455009,14.6,12.35,68.5,6,3.9,103.4,4.207,-4.2,0,1,60115
2026-04-28T19:18:24,21.560436,-39.452965,13.9,14.14,72.0,6,3.9,103.4,4.209,-4.2,0,1,60116
2026-04-28T19:18:53,21.561268,-39.451138,15.2,14.06,66.3,7,2.0,103.4,4.209,-4.2,0,1,60117
2026-04-28T19:19:22,21.562077,-39.449272,5.7,13.94,68.5,6,4.0,103.2,4.210,-4.2,0,1,60118
2026-04-28T19:19:51,21.562948,-39.447445,9.3,13.11,67.0,6,4.1,103.2,4.209,-4.2,0,1,60119
2026-04-28T19:20:20,21.563581,-39.445553,11.2,13.56,66.7,6,4.1,103.4,4.207,-4.2,0,1,60120
2026-04-28T19:20:49,21.564268,-39.443657,9.3,13.83,64.3,7,2.0,103.2,4.207,-4.2,0,1,60121
2026-04-28T19:21:18,21.564884,-39.441746,9.5,13.88,68.6,7,2.0,103.4,4.209,-4.2,0,1,60122
2026-04-28T19:21:47,21.565592,-39.439877,10.7,13.98,68.4,7,2.0,103.2,4.207,-4.2,0,1,60123
2026-04-28T19:22:16,21.566484,-39.438080,18.2,14.38,69.2,7,2.0,103.4,4.207,-4.2,0,1,60124
2026-04-28T19:22:45,21.567137,-39.436214,21.7,14.10,69.1,7,2.0,103.2,4.207,-4.2,0,1,60125
2026-04-28T19:23:14,21.567781,-39.434311,24.0,13.62,71.1,7,2.0,103.4,4.207,-4.2,0,1,60126
2026-04-28T19:23:43,21.568527,-39.432434,24.6,13.89,72.7,6,4.5,103.4,4.209,-4.2,0,1,60127
2026-04-28T19:24:12,21.569023,-39.430580,22.1,14.49,69.3,6,4.5,103.5,4.207,-4.4,0,1,60128
2026-04-28T19:24:41,21.569653,-39.428619,20.5,12.93,67.1,6,4.6,103.4,4.207,-4.2,0,1,60129
2026-04-28T19:25:10,21.570425,-39.426830,19.6,14.31,67.6,7,1.9,103.2,4.209,-4.2,0,1,60130
2026-04-28T19:25:39,21.571215,-39.424938,18.1,13.83,65.8,7,1.9,103.2,4.207,-4.2,0,1,60131
2026-04-28T19:26:08,21.571810,-39.423096,17.0,13.75,65.7,6,4.7,103.4,4.211,-4.2,0,1,60132
2026-04-28T19:26:37,21.572529,-39.421249,15.0,13.25,70.2,7,1.9,103.2,4.209,-4.2,0,1,60133
2026-04-28T19:27:06,21.573172,-39.419346,18.7,13.65,68.4,6,2.0,103.2,4.209,-4.2,0,1,60134
2026-04-28T19:27:35,21.573898,-39.417500,23.3,13.93,68.1,7,1.9,103.4,4.209,-4.2,0,1,60135
2026-04-28T19:28:04,21.574614,-39.415634,22.6,13.91,65.8,7,1.9,103.4,4.209,-4.2,0,1,60136
2026-04-28T19:28:33,21.575199,-39.413738,23.3,14.03,72.1,6,4.9,103.4,4.209,2751.6,0,1,60137
2026-04-28T19:29:02,21.575853,-39.411854,23.6,14.71,66.2,7,1.9,103.2,4.207,-4.2,0,1,60138
2026-04-28T19:29:31,21.576550,-39.409969,27.3,14.07,70.5,7,1.9,103.4,4.210,-4.2,0,1,60139
2026-04-28T19:30:00,21.577194,-39.408112,25.9,13.97,68.9,7,1.9,103.2,4.207,-4.2,0,1,60140
2026-04-28T19:30:29,21.577816,-39.406258,15.5,13.94,68.6,7,1.9,103.2,4.207,-4.2,0,1,60141
2026-04-28T19:30:58,21.578445,-39.404427,6.9,13.31,72.3,7,1.9,103.4,4.207,-4.2,0,1,60142
2026-04-28T19:31:27,21.579117,-39.402565,3.0,13.81,71.9,6,5.2,103.4,4.207,-4.2,0,1,60143
2026-04-28T19:31:56,21.579729,-39.400719,-2.4,13.15,65.9,6,5.2,103.4,4.209,-4.2,0,1,60144
2026-04-28T19:32:25,21.580442,-39.398838,6.7,13.96,73.0,7,1.8,103.7,4.209,-4.2,0,1,60145
2026-04-28T19:32:54,21.581038,-39.396976,12.7,14.04,66.4,6,5.3,103.4,4.207,-4.2,0,1,60146
2026-04-28T19:33:24,21.581690,-39.395096,16.2,14.00,72.3,7,1.8,103.2,4.209,-4.2,0,1,60147
2026-04-28T19:33:53,21.582436,-39.393211,20.1,13.53,72.1,6,5.3,103.2,4.210,-4.2,0,1,60148
2026-04-28T19:34:22,21.583076,-39.391346,22.4,14.21,72.9,7,1.8,103.4,4.209,-4.2,0,1,60149
2026-04-28T19:34:51,21.583658,-39.389458,21.8,14.28,67.6,6,5.4,103.4,4.207,-4.2,0,1,60150
2026-04-28T19:35:20,21.584375,-39.387600,22.5,14.03,71.9,7,1.8,103.4,4.209,-4.2,0,1,60151
2026-04-28T19:35:49,21.585125,-39.385738,18.4,13.29,68.8,6,5.4,103.4,4.207,-4.2,0,1,60152
2026-04-28T19:36:18,21.585655,-39.383823,18.8,13.12,68.4,6,5.4,103.4,4.207,-4.2,0,1,60153
2026-04-28T19:36:47,21.586363,-39.381924,24.0,14.20,70.5,7,1.8,103.4,4.206,-4.2,0,1,60154
2026-04-28T19:37:16,21.587099,-39.380146,23.5,13.29,69.1,6,5.4,103.2,4.207,-4.2,0,1,60155
2026-04-28T19:37:45,21.587688,-39.378239,30.5,14.01,75.3,6,5.4,103.5,4.209,-4.4,0,1,60156
2026-04-28T19:38:14,21.588306,-39.376316,38.3,14.03,74.3,6,5.4,103.4,4.209,-4.2,0,1,60157
2026-04-28T19:38:43,21.589067,-39.374508,42.8,13.31,66.3,7,1.8,103.4,4.206,-4.2,0,1,60158
2026-04-28T19:39:12,21.589827,-39.372677,41.6,13.69,67.4,7,1.8,103.4,4.209,-4.2,0,1,60159
2026-04-28T19:39:41,21.590422,-39.370781,41.3,13.29,69.3,6,5.4,103.2,4.210,2747.5,0,1,60160
2026-04-28T19:40:10,21.591080,-39.368843,41.7,13.73,69.0,6,5.3,103.2,4.207,-4.2,0,1,60161
2026-04-28T19:40:39,21.591778,-39.367035,46.1,13.81,65.7,6,5.3,103.4,4.209,-4.2,0,1,60162
2026-04-28T19:41:08,21.592348,-39.365177,51.5,13.87,74.2,6,5.3,103.4,4.207,-4.2,0,1,60163
2026-04-28T19:41:37,21.593119,-39.363346,54.5,13.76,65.6,6,5.3,103.2,4.209,-4.2,0,1,60164
2026-04-28T19:42:06,21.593563,-39.361477,45.6,11.37,64.3,6,5.2,103.5,4.209,-4.4,0,1,60165
2026-04-28T19:42:35,21.593929,-39.359550,35.8,11.60,75.4,6,5.2,103.4,4.207,-4.2,0,1,60166
2026-04-28T19:43:04,21.594509,-39.357735,21.9,11.00,70.2,6,5.2,103.4,4.206,-4.2,0,1,60167
2026-04-28T19:43:33,21.595024,-39.355846,16.4,11.59,76.4,6,5.2,103.4,4.207,-4.2,0,1,60168
2026-04-28T19:44:02,21.595739,-39.354008,12.4,12.31,70.4,6,5.1,103.5,4.209,-4.4,0,1,60169
2026-04-28T19:44:31,21.596287,-39.352116,10.5,13.39,75.7,6,6.2,103.2,4.209,-4.2,0,1,60170
2026-04-28T19:45:00,21.596951,-39.350285,6.4,12.82,73.2,6,5.0,103.2,4.209,-4.2,0,1,60171
2026-04-28T19:45:29,21.597679,-39.348381,6.1,14.08,68.3,7,2.1,103.4,4.209,-4.2,0,1,60172
2026-04-28T19:45:58,21.598324,-39.346523,7.4,14.47,67.5,7,2.1,103.7,4.207,-4.2,0,1,60173
2026-04-28T19:46:27,21.598989,-39.344658,14.5,13.56,65.9,7,2.1,103.2,4.210,-4.2,0,1,60174
2026-04-28T19:46:56,21.599693,-39.342766,15.5,14.00,67.4,7,2.1,103.2,4.207,-4.2,0,1,60175
2026-04-28T19:47:25,21.600243,-39.340908,15.7,13.16,68.4,7,2.1,103.2,4.209,-4.2,0,1,60176
2026-04-28T19:47:54,21.601124,-39.339165,13.1,13.14,67.5,7,2.1,103.4,4.209,-4.2,0,1,60177
2026-04-28T19:48:23,21.601658,-39.337288,17.3,13.69,73.9,7,2.1,103.4,4.209,-4.2,0,1,60178
2026-04-28T19:48:52,21.602451,-39.335548,12.3,13.20,62.2,8,1.3,103.2,4.207,-4.2,0,1,60179
2026-04-28T19:49:21,21.603121,-39.333652,17.3,14.78,75.1,7,2.2,103.4,4.207,-4.2,0,1,60180
2026-04-28T19:49:50,21.603714,-39.331799,15.5,13.11,67.4,7,2.2,103.2,4.207,-4.2,0,1,60181
2026-04-28T19:50:19,21.604382,-39.330009,11.2,13.29,70.2,7,2.2,103.4,4.209,-4.2,0,1,60182
2026-04-28T19:50:49,21.605022,-39.328030,15.5,13.87,75.4,7,2.2,103.4,4.209,-4.2,0,1,60183
2026-04-28T19:51:18,21.605738,-39.326218,15.7,14.16,71.4,7,2.2,103.4,4.209,-4.2,0,1,60184
2026-04-28T19:51:47,21.606527,-39.324432,14.3,14.29,73.5,7,2.2,103.2,4.207,-4.2,0,1,60185
2026-04-28T19:52:16,21.607094,-39.322514,10.2,14.39,62.0,7,2.2,103.2,4.209,-4.2,0,1,60186
2026-04-28T19:52:45,21.607748,-39.320644,9.3,14.06,69.3,7,2.2,103.4,4.207,-4.2,0,1,60187
2026-04-28T19:53:14,21.608427,-39.318768,15.5,13.17,66.4,7,2.2,103.2,4.209,-4.2,0,1,60188
2026-04-28T19:53:43,21.609070,-39.316971,7.6,13.87,63.1,7,2.2,103.4,4.207,-4.2,0,1,60189
2026-04-28T19:54:12,21.609699,-39.315086,5.1,14.12,75.0,7,2.2,103.4,4.207,-4.2,0,1,60190
2026-04-28T19:54:41,21.610359,-39.313190,6.0,13.90,72.7,8,1.3,103.2,4.210,-4.2,0,1,60191
2026-04-28T19:55:10,21.611048,-39.311367,10.1,13.13,65.7,7,2.2,103.4,4.209,-4.2,0,1,60192
2026-04-28T19:55:39,21.611750,-39.309528,7.3,13.08,62.7,7,2.2,103.0,4.209,-4.2,0,1,60193
2026-04-28T19:56:09,21.612366,-39.307571,4.0,13.92,72.1,7,2.2,103.4,4.209,-4.2,0,1,60194
2026-04-28T19:56:38,21.612980,-39.305698,4.9,13.72,70.6,7,2.2,103.2,4.209,-4.2,0,1,60195
2026-04-28T19:57:07,21.613598,-39.303822,3.3,13.95,70.8,7,2.2,103.2,4.209,-4.2,0,1,60196
2026-04-28T19:57:36,21.614286,-39.301945,4.8,13.57,75.7,7,2.2,103.2,4.210,-4.2,0,1,60197
2026-04-28T19:58:05,21.615107,-39.300133,-0.6,13.33,61.0,7,2.2,103.4,4.207,-4.2,0,1,60198
2026-04-28T19:58:34,21.615650,-39.298199,1.1,13.87,67.7,8,1.8,103.2,4.210,-4.2,0,1,60199
2026-04-28T19:59:03,21.616318,-39.296288,-0.8,14.33,65.0,8,1.8,103.4,4.209,-4.2,0,1,60200
2026-04-28T19:59:32,21.616873,-39.294373,-2.0,13.91,71.1,8,1.8,103.2,4.209,-4.2,0,1,60201
2026-04-28T20:00:01,21.617546,-39.292488,-1.0,14.33,67.5,8,1.8,103.4,4.209,-4.2,0,1,60202
2026-04-28T20:00:30,21.618109,-39.290535,2.5,14.01,70.4,8,1.8,103.2,4.206,-4.2,0,1,60203
2026-04-28T20:00:59,21.618738,-39.288635,9.4,14.98,70.6,6,2.2,103.2,4.206,-4.2,0,1,60204
2026-04-28T20:01:28,21.619511,-39.286789,18.0,14.51,65.7,7,1.9,103.2,4.206,-4.2,0,1,60205
2026-04-28T20:01:57,21.620167,-39.284973,17.2,12.99,65.7,8,1.9,103.4,4.209,-4.2,0,1,60206
2026-04-28T20:02:26,21.620819,-39.283131,15.9,13.24,65.6,8,1.9,103.5,4.210,-4.4,0,1,60207
2026-04-28T20:02:55,21.621393,-39.281155,12.8,13.26,64.6,8,1.9,103.2,4.207,-4.2,0,1,60208
2026-04-28T20:03:24,21.622078,-39.279331,13.3,13.67,65.9,8,1.9,103.2,4.207,-4.2,0,1,60209
2026-04-28T20:03:53,21.622652,-39.277428,15.2,13.81,65.9,7,2.0,103.0,4.209,-4.2,0,1,60210
2026-04-28T20:04:22,21.623199,-39.275509,7.8,13.68,72.7,8,1.9,103.2,4.209,-4.2,0,1,60211
2026-04-28T20:04:51,21.623978,-39.273624,23.3,12.97,67.5,8,1.9,103.2,4.209,-4.2,0,1,60212
2026-04-28T20:05:20,21.624603,-39.271671,30.7,15.52,66.8,8,1.9,103.5,4.207,-4.4,0,1,60213
2026-04-28T20:05:49,21.625282,-39.269932,29.5,14.58,67.3,8,1.9,103.2,4.209,-4.2,0,1,60214
2026-04-28T20:06:18,21.625963,-39.267998,29.2,13.43,70.5,8,1.9,103.5,4.209,-4.4,0,1,60215
2026-04-28T20:06:47,21.626644,-39.266075,28.7,14.83,74.7,8,1.9,103.4,4.209,-4.2,0,1,60216
2026-04-28T20:07:16,21.627295,-39.264221,22.5,13.80,66.4,8,1.9,103.4,4.207,-4.2,0,1,60217
2026-04-28T20:07:45,21.627792,-39.262325,19.4,11.82,74.1,6,2.1,103.2,4.207,-4.2,0,1,60218
2026-04-28T20:08:14,21.628479,-39.260494,12.4,14.13,67.7,8,1.9,103.4,4.207,-4.2,0,1,60219
2026-04-28T20:08:43,21.629103,-39.258587,2.2,13.65,69.1,8,1.9,103.2,4.207,-4.2,0,1,60220
2026-04-28T20:09:12,21.629791,-39.256779,-0.3,12.21,63.9,8,1.9,103.5,4.209,-4.4,0,1,60221
2026-04-28T20:09:41,21.630371,-39.254913,-6.4,13.62,70.9,8,1.9,103.0,4.206,-4.2,0,1,60222
2026-04-28T20:10:11,21.630989,-39.252918,-8.9,13.48,65.2,7,2.0,103.2,4.207,-4.2,0,1,60223
2026-04-28T20:10:40,21.631618,-39.251057,-10.4,13.25,72.2,7,2.0,103.2,4.207,-4.2,0,1,60224
2026-04-28T20:11:09,21.632195,-39.249287,-14.7,13.47,65.2,7,2.0,103.2,4.209,-4.2,0,1,60225
2026-04-28T20:11:38,21.632820,-39.247448,-18.9,13.42,69.2,7,2.0,103.2,4.209,-4.2,0,1,60226
2026-04-28T20:12:07,21.633465,-39.245598,-13.0,13.71,66.1,7,2.0,103.4,4.209,-4.2,0,1,60227
2026-04-28T20:12:36,21.634214,-39.243832,-11.9,13.51,62.3,8,1.7,103.4,4.207,-4.2,0,1,60228
2026-04-28T20:13:05,21.634886,-39.241982,-8.6,13.85,64.5,8,1.7,103.5,4.207,-4.4,0,1,60229
2026-04-28T20:13:34,21.635569,-39.240150,-4.8,13.77,73.9,8,1.7,103.2,4.209,-4.2,0,1,60230
2026-04-28T20:14:03,21.636196,-39.238300,-4.1,14.07,68.5,8,1.8,103.5,4.207,-4.4,0,1,60231
2026-04-28T20:14:32,21.636908,-39.236473,1.0,13.80,64.1,8,1.8,103.4,4.207,-4.2,0,1,60232
2026-04-28T20:15:01,21.637589,-39.234627,6.9,14.15,66.7,8,1.8,103.4,4.209,-4.2,0,1,60233
2026-04-28T20:15:30,21.638214,-39.232735,-2.1,13.78,64.9,8,1.8,103.4,4.207,-4.2,0,1,60234
2026-04-28T20:15:59,21.638926,-39.230877,3.8,14.14,68.1,8,1.8,103.4,4.207,-4.2,0,1,60235
2026-04-28T20:16:28,21.639534,-39.228970,-0.3,13.93,69.7,8,1.8,103.2,4.207,-4.2,0,1,60236
2026-04-28T20:16:57,21.640173,-39.227154,-0.3,13.06,68.3,8,1.8,103.2,4.207,-4.2,0,1,60237
2026-04-28T20:17:26,21.640800,-39.225273,-7.9,14.22,79.9,8,1.8,103.4,4.209,-4.2,0,1,60238
2026-04-28T20:17:55,21.641600,-39.223457,12.3,13.97,62.7,8,1.8,103.4,4.209,-4.2,0,1,60239
2026-04-28T20:18:24,21.642258,-39.221512,13.5,13.72,69.7,8,1.8,103.4,4.207,-4.2,0,1,60240
2026-04-28T20:18:53,21.642841,-39.219631,2.7,14.12,71.1,8,1.8,103.2,4.207,-4.2,0,1,60241
2026-04-28T20:19:22,21.643505,-39.217781,12.7,14.31,73.2,8,1.8,103.2,4.209,2747.5,0,1,60242
2026-04-28T20:19:51,21.644205,-39.215893,18.6,13.54,65.5,8,1.8,103.2,4.209,-4.2,0,1,60243
2026-04-28T20:20:20,21.644878,-39.214024,19.4,13.64,65.6,8,1.8,103.2,4.207,-4.2,0,1,60244
2026-04-28T20:20:49,21.645536,-39.212082,15.7,14.38,64.5,8,1.8,103.2,4.209,-4.2,0,1,60245
2026-04-28T20:21:18,21.646189,-39.210312,16.8,14.46,67.6,8,1.8,103.4,4.209,2751.6,0,1,60246
2026-04-28T20:21:47,21.646849,-39.208382,17.0,13.90,81.7,8,1.8,103.5,4.209,-4.4,0,1,60247
2026-04-28T20:22:16,21.647577,-39.206535,17.2,13.86,65.6,8,1.8,103.5,4.207,-4.4,0,1,60248
2026-04-28T20:22:45,21.648090,-39.204628,15.3,14.47,66.8,8,1.8,103.2,4.209,-4.2,0,1,60249
2026-04-28T20:23:14,21.648825,-39.202736,18.0,13.86,68.7,8,1.8,103.2,4.209,-4.2,0,1,60250
2026-04-28T20:23:43,21.649424,-39.200905,17.8,13.80,72.3,8,1.8,103.4,4.207,-4.2,0,1,60251
2026-04-28T20:24:12,21.650091,-39.199032,14.8,13.26,64.5,8,1.8,103.2,4.209,-4.2,0,1,60252
2026-04-28T20:24:41,21.650801,-39.197197,12.3,12.59,76.8,7,1.9,103.0,4.209,-4.2,0,1,60253
2026-04-28T20:25:10,21.651449,-39.195301,6.8,13.93,75.0,7,1.9,103.4,4.207,-4.2,0,1,60254
2026-04-28T20:25:39,21.652016,-39.193455,1.3,12.97,73.7,7,1.9,103.4,4.210,-4.2,0,1,60255
2026-04-28T20:26:08,21.652805,-39.191513,1.8,13.85,69.3,6,2.4,103.0,4.210,-4.2,0,1,60256
2026-04-28T20:26:37,21.653303,-39.189613,-8.5,14.16,67.2,7,1.9,103.4,4.207,-4.2,0,1,60257
2026-04-28T20:27:06,21.654037,-39.187710,-12.9,14.07,70.1,7,1.9,103.2,4.209,-4.2,0,1,60258
2026-04-28T20:27:35,21.654696,-39.185844,-18.9,12.39,71.7,7,1.9,103.2,4.207,-4.2,0,1,60259
2026-04-28T20:28:04,21.655369,-39.183941,-17.1,12.72,72.2,7,1.9,103.0,4.210,-4.2,0,1,60260
2026-04-28T20:28:33,21.656034,-39.182087,-13.8,14.01,68.2,7,1.9,103.2,4.207,-4.2,0,1,60261
2026-04-28T20:29:02,21.656822,-39.180298,-8.0,14.06,70.3,7,1.9,103.4,4.210,-4.2,0,1,60262
2026-04-28T20:29:31,21.657547,-39.178413,-9.6,13.98,65.4,7,1.9,103.2,4.207,-4.2,0,1,60263
2026-04-28T20:30:00,21.658222,-39.176502,-9.1,13.74,67.7,7,1.9,103.2,4.207,-4.2,0,1,60264
2026-04-28T20:30:29,21.658810,-39.174660,-10.5,13.84,65.3,7,1.9,103.4,4.207,-4.2,0,1,60265
2026-04-28T20:30:58,21.659275,-39.172783,-13.8,13.83,69.1,7,1.9,103.0,4.207,-4.2,0,1,60266
2026-04-28T20:31:27,21.660063,-39.170933,-19.6,14.51,68.9,7,1.9,103.5,4.209,-4.4,0,1,60267
2026-04-28T20:31:56,21.660612,-39.169083,-19.3,12.74,70.6,7,1.9,103.2,4.209,-4.2,0,1,60268
2026-04-28T20:32:25,21.661146,-39.167198,-23.3,14.28,66.4,7,1.9,103.4,4.207,-4.2,0,1,60269
2026-04-28T20:32:54,21.661882,-39.165379,-19.2,12.62,69.2,7,1.9,103.4,4.210,-4.2,0,1,60270
2026-04-28T20:33:23,21.662437,-39.163544,-30.5,13.49,75.7,7,1.9,103.4,4.209,-4.2,0,1,60271
2026-04-28T20:33:52,21.663092,-39.161678,-34.4,13.49,69.0,7,1.9,103.7,4.210,-4.2,0,1,60272
2026-04-28T20:34:21,21.663820,-39.159855,-27.2,13.69,69.1,7,1.9,103.5,4.207,-4.4,0,1,60273
2026-04-28T20:34:50,21.664469,-39.158009,-30.8,13.52,78.3,7,1.9,103.2,4.209,-4.2,0,1,60274
2026-04-28T20:35:19,21.665117,-39.156170,-28.7,12.88,74.5,7,1.9,103.0,4.209,-4.2,0,1,60275
2026-04-28T20:35:48,21.665915,-39.154343,-20.3,13.83,66.8,7,1.9,103.4,4.209,-4.2,0,1,60276
2026-04-28T20:36:17,21.666601,-39.152523,-13.1,13.39,71.5,6,2.9,103.4,4.207,2751.6,0,1,60277
2026-04-28T20:36:46,21.667276,-39.150658,-14.2,12.54,67.8,7,1.9,103.4,4.207,-4.2,0,1,60278
2026-04-28T20:37:15,21.667952,-39.148849,-7.6,13.50,74.6,6,3.0,103.4,4.209,-4.2,0,1,60279
2026-04-28T20:37:44,21.668636,-39.146973,-9.5,13.42,73.6,7,1.9,103.4,4.207,-4.2,0,1,60280
2026-04-28T20:38:13,21.669271,-39.145164,-10.5,13.79,69.0,7,1.9,103.2,4.209,-4.2,0,1,60281
2026-04-28T20:38:42,21.670048,-39.143322,-15.0,13.71,66.6,7,1.9,103.5,4.209,-4.4,0,1,60282
2026-04-28T20:39:11,21.670578,-39.141499,-17.3,13.00,75.2,7,1.9,103.4,4.209,-4.2,0,1,60283
2026-04-28T20:39:40,21.671146,-39.139668,-15.7,14.14,73.5,7,1.8,103.2,4.207,-4.2,0,1,60284
2026-04-28T20:40:09,21.671692,-39.137863,-16.9,12.84,70.7,7,1.8,103.2,4.209,-4.2,0,1,60285
2026-04-28T20:40:38,21.672466,-39.136055,-30.2,13.85,64.0,7,1.8,103.2,4.209,-4.2,0,1,60286
2026-04-28T20:41:07,21.673157,-39.134201,-30.7,13.88,65.7,7,1.8,103.4,4.207,-4.2,0,1,60287
2026-04-28T20:41:36,21.673662,-39.132305,-31.8,13.42,73.6,7,1.8,103.4,4.209,-4.2,0,1,60288
2026-04-28T20:42:05,21.674324,-39.130482,-35.1,14.05,65.5,7,1.8,103.2,4.209,-4.2,0,1,60289
2026-04-28T20:42:34,21.675068,-39.128616,-34.7,13.24,73.2,8,1.4,103.4,4.207,-4.2,0,1,60290
2026-04-28T20:43:03,21.675604,-39.126804,-36.2,13.74,79.0,8,1.4,103.2,4.207,-4.2,0,1,60291
2026-04-28T20:43:32,21.676252,-39.124962,-35.2,14.98,67.4,8,1.4,103.2,4.207,-4.2,0,1,60292
2026-04-28T20:44:01,21.676826,-39.123104,-33.1,13.54,70.4,8,1.5,103.2,4.209,-4.2,0,1,60293
2026-04-28T20:44:30,21.677399,-39.121243,-32.8,14.31,65.9,8,1.5,103.5,4.209,-4.4,0,1,60294
2026-04-28T20:44:59,21.678051,-39.119373,-30.2,13.77,69.0,7,1.8,103.4,4.209,-4.2,0,1,60295
2026-04-28T20:45:28,21.678720,-39.117523,-24.1,13.78,67.5,8,1.5,103.4,4.207,-4.2,0,1,60296
2026-04-28T20:45:57,21.679350,-39.115646,-22.5,13.98,71.4,8,1.5,103.4,4.207,-4.2,0,1,60297
2026-04-28T20:46:26,21.680012,-39.113773,-19.6,11.94,79.6,8,1.5,103.2,4.207,-4.2,0,1,60298
2026-04-28T20:46:55,21.680582,-39.111893,-23.2,13.36,73.6,8,1.5,103.2,4.207,-4.2,0,1,60299
2026-04-28T20:47:24,21.681301,-39.110062,-19.8,13.35,72.0,8,1.5,103.0,4.207,-4.2,0,1,60300
2026-04-28T20:47:53,21.681976,-39.108227,-16.6,13.12,68.7,8,1.5,103.0,4.207,-4.2,0,1,60301
2026-04-28T20:48:22,21.682642,-39.106361,-14.5,13.74,72.1,8,1.5,103.4,4.209,-4.2,0,1,60302
2026-04-28T20:48:51,21.683237,-39.104485,-12.3,13.80,68.3,8,1.5,103.2,4.209,-4.2,0,1,60303
2026-04-28T20:49:20,21.683945,-39.102657,-9.0,13.84,63.0,8,1.5,103.0,4.207,-4.2,0,1,60304
2026-04-28T20:49:49,21.684637,-39.100777,-6.3,13.06,69.0,8,1.5,103.2,4.207,-4.2,0,1,60305
2026-04-28T20:50:18,21.685232,-39.098972,-4.3,13.72,71.0,8,1.5,103.5,4.209,-4.4,0,1,60306
2026-04-28T20:50:47,21.685907,-39.097099,-4.1,14.03,67.5,8,1.5,103.4,4.209,-4.2,0,1,60307
2026-04-28T20:51:16,21.686512,-39.095211,-4.6,15.10,65.2,8,1.5,103.2,4.209,-4.2,0,1,60308
2026-04-28T20:51:45,21.687119,-39.093311,-5.6,14.46,68.6,8,1.5,103.4,4.209,-4.2,0,1,60309
2026-04-28T20:52:14,21.687786,-39.091469,-4.3,13.50,69.8,8,1.5,103.4,4.207,-4.2,0,1,60310
2026-04-28T20:52:43,21.688513,-39.089588,0.5,13.78,63.7,8,1.5,103.2,4.207,-4.2,0,1,60311
2026-04-28T20:53:12,21.689177,-39.087669,4.3,16.46,71.6,8,1.4,103.4,4.209,-4.2,0,1,60312
2026-04-28T20:53:41,21.689867,-39.085823,2.8,13.72,69.4,8,1.4,103.4,4.209,-4.2,0,1,60313
2026-04-28T20:54:10,21.690527,-39.083920,4.8,13.50,69.2,8,1.4,103.2,4.207,-4.2,0,1,60314
2026-04-28T20:54:39,21.691174,-39.081985,8.1,13.76,69.8,8,1.4,103.4,4.207,-4.2,0,1,60315
2026-04-28T20:55:08,21.691872,-39.080158,11.7,13.21,65.5,8,1.4,103.2,4.210,-4.2,0,1,60316
2026-04-28T20:55:37,21.692463,-39.078259,8.1,14.22,68.2,7,2.0,103.4,4.207,-4.2,0,1,60317
2026-04-28T20:56:06,21.693100,-39.076401,6.6,14.04,65.8,8,1.4,103.2,4.207,-4.2,0,1,60318
2026-04-28T20:56:35,21.693762,-39.074516,9.1,14.21,66.1,7,2.1,103.4,4.209,-4.2,0,1,60319
2026-04-28T20:57:04,21.694595,-39.072662,12.7,13.77,72.8,8,1.4,103.4,4.207,-4.2,0,1,60320
2026-04-28T20:57:33,21.695208,-39.070808,16.1,13.16,68.8,7,1.6,103.2,4.207,-4.2,0,1,60321
2026-04-28T20:58:02,21.695755,-39.068851,14.7,13.27,64.4,8,1.7,103.4,4.207,-4.2,0,1,60322
2026-04-28T20:58:31,21.696404,-39.067047,20.6,12.72,72.4,9,1.3,103.2,4.210,-4.2,0,1,60323
2026-04-28T20:59:00,21.697092,-39.065193,11.1,13.70,72.0,8,1.7,103.4,4.209,-4.2,0,1,60324
2026-04-28T20:59:29,21.697781,-39.063347,5.4,12.87,71.2,8,1.7,103.4,4.209,-4.2,0,1,60325
2026-04-28T20:59:58,21.698450,-39.061508,2.6,13.76,63.6,10,1.2,103.4,4.207,-4.2,0,1,60326
2026-04-28T21:00:27,21.699066,-39.059624,3.6,14.15,78.8,10,1.2,103.2,4.207,-4.2,0,1,60327
2026-04-28T21:00:56,21.699800,-39.057816,11.2,13.99,70.2,9,1.7,103.4,4.207,-4.2,0,1,60328
2026-04-28T21:01:25,21.700476,-39.055931,6.6,13.30,67.6,10,1.2,103.2,4.209,-4.2,0,1,60329
2026-04-28T21:01:54,21.701162,-39.054127,11.5,13.78,67.0,9,1.7,103.0,4.209,-4.2,0,1,60330
2026-04-28T21:02:23,21.701759,-39.052242,8.7,14.17,71.5,9,1.7,103.5,4.209,-4.4,0,1,60331
2026-04-28T21:02:52,21.702417,-39.050385,5.3,13.80,67.6,10,1.2,103.2,4.209,-4.2,0,1,60332
2026-04-28T21:03:21,21.703102,-39.048523,4.6,14.04,70.6,9,1.8,103.2,4.207,-4.2,0,1,60333
2026-04-28T21:03:50,21.703831,-39.046719,7.1,13.79,72.3,9,1.8,103.4,4.209,-4.2,0,1,60334
2026-04-28T21:04:19,21.704544,-39.044865,6.0,13.78,68.2,9,1.8,103.4,4.209,-4.2,0,1,60335
2026-04-28T21:04:48,21.705177,-39.042995,4.3,13.89,69.9,10,1.2,103.4,4.207,-4.2,0,1,60336
2026-04-28T21:05:17,21.705843,-39.041119,5.9,13.23,66.7,9,1.8,103.2,4.209,-4.2,0,1,60337
2026-04-28T21:05:46,21.706512,-39.039246,6.1,14.12,70.3,10,1.2,103.4,4.207,-4.2,0,1,60338
2026-04-28T21:06:15,21.707195,-39.037418,8.6,13.81,68.8,9,1.8,103.2,4.209,-4.2,0,1,60339
2026-04-28T21:06:44,21.707829,-39.035545,1.8,13.28,68.9,8,1.9,103.4,4.209,-4.2,0,1,60340
2026-04-28T21:07:13,21.708422,-39.033676,3.5,13.09,72.1,9,1.9,103.2,4.209,-4.2,0,1,60341
2026-04-28T21:07:42,21.709017,-39.031715,6.9,13.62,65.0,9,1.9,103.0,4.209,-4.2,0,1,60342
2026-04-28T21:08:11,21.709473,-39.029804,2.6,14.52,67.9,9,1.9,103.2,4.210,-4.2,0,1,60343
2026-04-28T21:08:40,21.710190,-39.027946,7.2,13.83,67.1,9,1.9,103.0,4.207,-4.2,0,1,60344
2026-04-28T21:09:09,21.710886,-39.026093,16.4,13.63,69.7,10,1.2,103.4,4.209,-4.2,0,1,60345
2026-04-28T21:09:38,21.711483,-39.024189,17.7,14.19,76.0,9,1.9,103.0,4.207,-4.2,0,1,60346
2026-04-28T21:10:07,21.712097,-39.022331,14.3,13.43,65.8,10,1.2,103.4,4.207,-4.2,0,1,60347
2026-04-28T21:10:36,21.712671,-39.020432,8.7,14.22,70.1,9,2.0,103.2,4.209,-4.2,0,1,60348
2026-04-28T21:11:05,21.713306,-39.018585,10.4,13.42,68.5,10,1.2,103.5,4.207,-4.4,0,1,60349
2026-04-28T21:11:34,21.713976,-39.016750,6.0,14.39,70.2,10,1.2,103.2,4.207,-4.2,0,1,60350
2026-04-28T21:12:03,21.714653,-39.014900,6.3,13.93,67.8,10,1.2,103.5,4.209,2755.8,0,1,60351
2026-04-28T21:12:32,21.715343,-39.013039,7.8,14.81,74.4,10,1.2,103.4,4.209,-4.2,0,1,60352
2026-04-28T21:13:01,21.715967,-39.011181,8.5,13.68,74.2,10,1.2,103.2,4.207,-4.2,0,1,60353
2026-04-28T21:13:30,21.716553,-39.009293,4.1,13.51,73.9,10,1.2,103.2,4.209,-4.2,0,1,60354
2026-04-28T21:13:59,21.717243,-39.007442,9.2,13.37,66.3,10,1.2,103.4,4.209,-4.2,0,1,60355
2026-04-28T21:14:28,21.717884,-39.005562,12.6,13.10,63.8,9,1.3,103.5,4.209,-4.4,0,1,60356
2026-04-28T21:14:57,21.718628,-39.003727,3.7,14.00,64.4,10,1.6,103.2,4.210,-4.2,0,1,60357
2026-04-28T21:15:26,21.719280,-39.001877,12.1,13.79,70.7,11,1.1,103.2,4.207,-4.2,0,1,60358
2026-04-28T21:15:55,21.719988,-39.000015,18.4,14.24,71.2,9,1.7,103.2,4.207,-4.2,0,1,60359
2026-04-28T21:16:24,21.720663,-38.998154,19.1,13.65,68.1,10,1.6,103.5,4.207,-4.4,0,1,60360
2026-04-28T21:16:53,21.721319,-38.996273,23.2,13.52,69.4,10,1.2,103.2,4.207,-4.2,0,1,60361
2026-04-28T21:17:22,21.721970,-38.994350,22.0,14.06,75.9,11,1.1,103.0,4.209,-4.2,0,1,60362
2026-04-28T21:17:51,21.722664,-38.992519,31.3,13.86,65.6,10,1.2,103.2,4.207,-4.2,0,1,60363
2026-04-28T21:18:20,21.723431,-38.990723,27.2,13.47,67.2,10,1.7,103.2,4.207,2747.5,0,1,60364
2026-04-28T21:18:49,21.724197,-38.988869,31.0,13.49,70.3,10,1.7,103.2,4.209,-4.2,0,1,60365
2026-04-28T21:19:18,21.724804,-38.986916,37.1,13.80,71.4,9,2.3,103.2,4.209,-4.2,0,1,60366
2026-04-28T21:19:47,21.725634,-38.985085,37.0,14.92,68.3,9,1.8,103.4,4.207,-4.2,0,1,60367
2026-04-28T21:20:16,21.726231,-38.983143,37.4,14.26,69.9,9,1.8,103.2,4.209,-4.2,0,1,60368
2026-04-28T21:20:45,21.726994,-38.981350,35.2,14.04,67.9,9,1.8,103.4,4.207,-4.2,0,1,60369
2026-04-28T21:21:14,21.727524,-38.979454,25.7,13.90,68.1,10,1.1,103.5,4.207,-4.4,0,1,60370
2026-04-28T21:21:43,21.728098,-38.977531,26.7,14.35,67.1,9,1.2,103.2,4.207,-4.2,0,1,60371
2026-04-28T21:22:12,21.728727,-38.975594,30.9,13.78,69.4,10,1.7,103.0,4.209,-4.2,0,1,60372
2026-04-28T21:22:41,21.729401,-38.973717,35.9,13.58,63.0,8,2.5,103.4,4.209,-4.2,0,1,60373
2026-04-28T21:23:10,21.730007,-38.971809,32.4,14.06,64.6,9,1.8,103.2,4.207,-4.2,0,1,60374
2026-04-28T21:23:39,21.730598,-38.969872,33.5,14.33,71.7,9,1.8,103.2,4.207,-4.2,0,1,60375
2026-04-28T21:24:08,21.731304,-38.968021,37.0,13.67,75.1,10,1.5,103.2,4.207,-4.2,0,1,60376
2026-04-28T21:24:37,21.731958,-38.966152,32.8,14.56,71.9,10,1.6,103.4,4.210,-4.2,0,1,60377
2026-04-28T21:25:06,21.732666,-38.964241,29.3,14.42,68.3,10,1.6,103.4,4.209,-4.2,0,1,60378
2026-04-28T21:25:35,21.733364,-38.962406,18.2,14.01,65.6,10,1.6,103.2,4.209,-4.2,0,1,60379
2026-04-28T21:26:04,21.733908,-38.960495,35.7,14.53,73.7,10,1.9,103.7,4.207,-4.2,0,1,60380
2026-04-28T21:26:33,21.734650,-38.958565,13.9,14.04,68.7,10,1.6,103.2,4.207,-4.2,0,1,60381
2026-04-28T21:27:02,21.735178,-38.956642,17.3,13.77,73.9,11,1.1,103.0,4.209,-4.2,0,1,60382
2026-04-28T21:27:31,21.735924,-38.954769,25.0,13.98,65.3,11,1.5,103.2,4.207,-4.2,0,1,60383
2026-04-28T21:28:00,21.736431,-38.952904,24.8,14.27,65.4,11,1.5,103.2,4.207,-4.2,0,1,60384
2026-04-28T21:28:29,21.737110,-38.950996,31.2,14.25,66.6,11,1.5,103.4,4.207,-4.2,0,1,60385
2026-04-28T21:28:58,21.737823,-38.949188,31.6,13.12,65.6,11,1.6,103.2,4.209,-4.2,0,1,60386
2026-04-28T21:29:27,21.738363,-38.947147,30.4,13.78,68.3,12,1.0,103.2,4.209,-4.2,0,1,60387
2026-04-28T21:29:56,21.739004,-38.945282,23.5,14.19,68.7,12,1.0,103.0,4.207,-4.2,0,1,60388
2026-04-28T21:30:25,21.739630,-38.943390,24.9,14.19,67.0,11,1.6,103.4,4.207,-4.2,0,1,60389
2026-04-28T21:30:54,21.740225,-38.941505,20.5,14.57,65.7,11,1.6,103.2,4.207,-4.2,0,1,60390
2026-04-28T21:31:23,21.740950,-38.939621,24.3,13.79,72.2,11,1.6,103.2,4.207,-4.2,0,1,60391
2026-04-28T21:31:52,21.741634,-38.937752,20.2,14.63,61.0,11,1.6,103.4,4.209,-4.2,0,1,60392
2026-04-28T21:32:21,21.742258,-38.935871,13.3,13.52,71.8,11,1.6,103.4,4.209,-4.2,0,1,60393
2026-04-28T21:32:50,21.743078,-38.934010,20.0,13.86,64.4,11,1.6,103.2,4.209,-4.2,0,1,60394
2026-04-28T21:33:19,21.743601,-38.932072,16.4,13.24,74.1,10,1.6,103.4,4.209,-4.2,0,1,60395
2026-04-28T21:33:49,21.744375,-38.930191,17.8,13.63,63.0,11,1.6,103.4,4.207,-4.2,0,1,60396
2026-04-28T21:34:18,21.745010,-38.928238,8.1,14.08,73.1,12,1.5,103.4,4.207,-4.2,0,1,60397
2026-04-28T21:34:47,21.745691,-38.926373,13.5,13.36,66.2,12,1.5,103.7,4.209,-4.2,0,1,60398
2026-04-28T21:35:16,21.746342,-38.924469,9.5,13.86,67.6,10,1.9,103.4,4.207,-4.2,0,1,60399
2026-04-28T21:35:45,21.747053,-38.922562,12.6,14.23,71.2,10,1.5,103.2,4.207,-4.2,0,1,60400
2026-04-28T21:36:14,21.747723,-38.920685,14.3,14.33,71.9,10,1.7,103.4,4.209,-4.2,0,1,60401
2026-04-28T21:36:43,21.748417,-38.918777,6.0,13.74,68.5,9,2.0,103.2,4.209,-4.2,0,1,60402
2026-04-28T21:37:12,21.749077,-38.916920,8.7,14.64,71.6,11,1.5,103.0,4.207,-4.2,0,1,60403
2026-04-28T21:37:41,21.749668,-38.914986,5.5,14.82,69.7,10,1.7,103.4,4.207,-4.2,0,1,60404
2026-04-28T21:38:10,21.750273,-38.913071,5.1,13.73,67.9,10,2.0,103.2,4.207,-4.2,0,1,60405
2026-04-28T21:38:39,21.751070,-38.911247,9.2,14.30,59.2,11,1.5,103.4,4.209,-4.2,0,1,60406
2026-04-28T21:39:08,21.751829,-38.909367,4.6,14.40,72.2,11,1.6,103.5,4.207,-4.4,0,1,60407
2026-04-28T21:39:37,21.752382,-38.907429,9.7,14.43,68.8,11,1.6,103.0,4.207,-4.2,0,1,60408
2026-04-28T21:40:06,21.752975,-38.905483,24.0,14.01,67.3,11,1.6,103.4,4.209,-4.2,0,1,60409
2026-04-28T21:40:35,21.753681,-38.903542,23.4,14.98,63.7,10,1.6,103.2,4.209,2747.5,0,1,60410
2026-04-28T21:41:04,21.754366,-38.901669,25.3,13.67,73.0,11,1.6,103.2,4.209,-4.2,0,1,60411
2026-04-28T21:41:33,21.755135,-38.899773,25.1,13.53,69.5,11,1.6,103.4,4.206,-4.2,0,1,60412
2026-04-28T21:42:02,21.755684,-38.897816,23.9,13.64,74.9,11,1.6,103.2,4.207,-4.2,0,1,60413
2026-04-28T21:42:31,21.756302,-38.895966,28.3,13.63,63.7,11,1.6,103.2,4.209,-4.2,0,1,60414
2026-04-28T21:43:00,21.756849,-38.894028,40.9,14.38,67.2,11,1.6,103.4,4.207,-4.2,0,1,60415
2026-04-28T21:43:29,21.757637,-38.892147,45.3,13.30,62.0,11,1.6,103.2,4.207,-4.2,0,1,60416
2026-04-28T21:43:58,21.758312,-38.890232,53.7,14.38,71.2,11,1.6,103.4,4.207,-4.2,0,1,60417
2026-04-28T21:44:27,21.758921,-38.888363,54.2,14.31,70.6,11,1.6,103.0,4.207,-4.2,0,1,60418
2026-04-28T21:44:56,21.759613,-38.886444,55.7,14.14,67.7,11,1.6,103.2,4.207,-4.2,0,1,60419
2026-04-28T21:45:25,21.760448,-38.884586,50.1,13.68,64.2,9,3.0,103.2,4.209,-4.2,0,1,60420
2026-04-28T21:45:54,21.761011,-38.882671,56.5,13.14,72.0,9,3.1,103.2,4.206,-4.2,0,1,60421
2026-04-28T21:46:24,21.762020,-38.880753,51.8,12.76,67.2,8,3.8,103.0,4.207,-4.2,0,1,60422
2026-04-28T21:46:53,21.762506,-38.878811,54.1,14.36,65.4,9,3.1,103.4,4.209,-4.2,0,1,60423
2026-04-28T21:47:22,21.763033,-38.876846,53.0,13.20,70.9,10,1.9,103.4,4.206,-4.2,0,1,60424
2026-04-28T21:47:51,21.763714,-38.874981,53.6,14.19,63.2,10,1.9,103.2,4.207,-4.2,0,1,60425
2026-04-28T21:48:20,21.764353,-38.873051,54.4,13.73,75.5,10,1.9,103.5,4.207,-4.4,0,1,60426
2026-04-28T21:48:49,21.765017,-38.871159,55.6,14.34,68.5,9,3.2,103.2,4.207,-4.2,0,1,60427
2026-04-28T21:49:18,21.765673,-38.869282,53.8,13.90,69.9,10,1.9,103.2,4.209,-4.2,0,1,60428
2026-04-28T21:49:47,21.766350,-38.867371,46.8,13.81,72.3,10,1.9,103.4,4.207,-4.2,0,1,60429
2026-04-28T21:50:16,21.767002,-38.865479,44.3,14.03,66.1,10,1.9,103.2,4.206,-4.2,0,1,60430
2026-04-28T21:50:45,21.767660,-38.863602,38.1,14.02,71.2,10,2.0,103.4,4.207,-4.2,0,1,60431
2026-04-28T21:51:14,21.768295,-38.861671,37.3,13.09,69.4,10,2.0,103.4,4.209,-4.2,0,1,60432
2026-04-28T21:51:43,21.768936,-38.859737,31.0,13.11,70.0,10,2.0,103.5,4.206,-4.4,0,1,60433
2026-04-28T21:52:12,21.769520,-38.857830,36.7,13.99,67.0,10,2.0,103.4,4.207,-4.2,0,1,60434
2026-04-28T21:52:41,21.770041,-38.855904,40.9,14.39,72.3,10,2.0,103.2,4.207,-4.2,0,1,60435
2026-04-28T21:53:10,21.770710,-38.854046,45.4,13.17,73.8,10,2.0,103.2,4.209,-4.2,0,1,60436
2026-04-28T21:53:39,21.771341,-38.852135,37.8,13.72,72.7,10,2.0,103.4,4.209,-4.2,0,1,60437
2026-04-28T21:54:08,21.771891,-38.850243,40.1,13.26,75.3,10,2.0,103.4,4.207,-4.2,0,1,60438
2026-04-28T21:54:37,21.772587,-38.848328,42.1,14.38,66.9,10,2.0,103.4,4.207,-4.2,0,1,60439
2026-04-28T21:55:06,21.773096,-38.846443,39.2,14.73,77.4,11,1.6,103.0,4.209,-4.2,0,1,60440
2026-04-28T21:55:35,21.774004,-38.844574,12.7,13.97,71.2,11,1.6,103.2,4.207,-4.2,0,1,60441
2026-04-28T21:56:04,21.774702,-38.842682,18.9,14.63,67.2,11,1.6,103.2,4.209,-4.2,0,1,60442
2026-04-28T21:56:33,21.775373,-38.840790,12.8,14.29,69.9,11,1.6,103.2,4.207,2747.5,0,1,60443
2026-04-28T21:57:02,21.776134,-38.838921,7.3,13.72,67.2,11,1.6,103.4,4.207,-4.2,0,1,60444
2026-04-28T21:57:31,21.776745,-38.837017,16.1,14.57,70.8,11,1.6,103.2,4.206,-4.2,0,1,60445
2026-04-28T21:58:00,21.777431,-38.835125,18.7,14.74,71.8,11,1.6,103.2,4.209,-4.2,0,1,60446
2026-04-28T21:58:29,21.778181,-38.833237,16.6,13.68,66.6,10,1.7,103.2,4.209,-4.2,0,1,60447
2026-04-28T21:58:58,21.778849,-38.831314,17.9,14.09,67.8,11,1.6,103.7,4.209,-4.2,0,1,60448
2026-04-28T21:59:27,21.779604,-38.829468,18.9,13.67,62.8,11,1.6,103.0,4.206,-4.2,0,1,60449
2026-04-28T21:59:56,21.780136,-38.827518,30.6,13.95,67.8,9,1.7,103.2,4.209,-4.2,0,1,60450
2026-04-28T22:00:25,21.780792,-38.825619,35.4,14.03,68.2,11,1.6,103.4,4.209,-4.2,0,1,60451
2026-04-28T22:00:54,21.781439,-38.823711,31.3,14.39,75.6,11,1.6,103.5,4.209,-4.4,0,1,60452
2026-04-28T22:01:23,21.782139,-38.821819,37.6,14.45,70.4,11,1.6,103.0,4.207,-4.2,0,1,60453
2026-04-28T22:01:52,21.782795,-38.819912,40.7,14.01,70.0,11,1.6,103.2,4.207,-4.2,0,1,60454
2026-04-28T22:02:21,21.783447,-38.818020,41.6,14.01,77.6,11,1.6,103.2,4.209,-4.2,0,1,60455
2026-04-28T22:02:50,21.784140,-38.816074,44.7,13.89,68.6,10,1.6,103.4,4.209,-4.2,0,1,60456
2026-04-28T22:03:19,21.784775,-38.814201,46.0,13.95,69.8,11,1.6,103.2,4.210,-4.2,0,1,60457
2026-04-28T22:03:48,21.785484,-38.812332,42.9,14.59,69.0,11,1.6,103.7,4.207,-4.2,0,1,60458
2026-04-28T22:04:17,21.786123,-38.810436,43.9,13.39,68.7,10,1.8,103.2,4.207,-4.2,0,1,60459
2026-04-28T22:04:46,21.786785,-38.808552,40.5,13.60,66.3,11,1.6,103.2,4.209,-4.2,0,1,60460
2026-04-28T22:05:15,21.787458,-38.806683,42.5,14.28,71.2,10,1.6,103.4,4.206,-4.2,0,1,60461
2026-04-28T22:05:44,21.788095,-38.804749,41.0,14.40,69.0,11,1.6,103.0,4.209,-4.2,0,1,60462
2026-04-28T22:06:13,21.788733,-38.802837,42.4,14.66,69.6,10,1.8,103.2,4.209,-4.2,0,1,60463
2026-04-28T22:06:42,21.789404,-38.800903,41.7,14.32,70.9,10,1.6,103.4,4.209,-4.2,0,1,60464
2026-04-28T22:07:11,21.790077,-38.798981,43.4,13.76,70.3,10,1.7,103.4,4.207,-4.2,0,1,60465
2026-04-28T22:07:40,21.790676,-38.797028,37.5,14.69,74.9,11,1.6,103.0,4.209,-4.2,0,1,60466
2026-04-28T22:08:09,21.791370,-38.795128,29.7,14.51,73.8,10,1.6,103.4,4.206,-4.2,0,1,60467
2026-04-28T22:08:38,21.792154,-38.793297,32.3,14.06,69.9,10,1.6,103.2,4.207,-4.2,0,1,60468
2026-04-28T22:09:07,21.792860,-38.791393,35.9,13.95,72.6,11,1.6,103.2,4.207,-4.2,0,1,60469
2026-04-28T22:09:36,21.793604,-38.789490,36.9,13.66,72.2,10,1.7,103.2,4.209,-4.2,0,1,60470
2026-04-28T22:10:05,21.794241,-38.787567,33.9,14.49,71.6,11,1.5,103.4,4.207,-4.2,0,1,60471
2026-04-28T22:10:34,21.794920,-38.785694,35.1,14.28,72.5,11,1.5,103.2,4.209,-4.2,0,1,60472
2026-04-28T22:11:03,21.795561,-38.783768,31.2,13.87,70.7,11,1.5,103.4,4.210,-4.2,0,1,60473
2026-04-28T22:11:32,21.796236,-38.781849,31.5,13.96,71.9,11,1.5,103.4,4.209,-4.2,0,1,60474
2026-04-28T22:12:01,21.796885,-38.779942,27.6,14.03,69.9,11,1.5,103.5,4.207,-4.4,0,1,60475
2026-04-28T22:12:30,21.797550,-38.778034,28.0,14.84,72.5,10,1.5,103.2,4.210,-4.2,0,1,60476
2026-04-28T22:12:59,21.798241,-38.776184,22.3,14.34,67.4,10,1.5,103.2,4.209,-4.2,0,1,60477
2026-04-28T22:13:28,21.798946,-38.774239,26.6,13.78,69.9,11,1.5,103.2,4.209,-4.2,0,1,60478
2026-04-28T22:13:57,21.799662,-38.772335,30.3,14.62,69.7,10,1.5,103.2,4.207,-4.2,0,1,60479
2026-04-28T22:14:26,21.800251,-38.770367,27.8,13.89,68.3,11,1.5,103.0,4.207,-4.2,0,1,60480
2026-04-28T22:14:55,21.800871,-38.768440,29.6,14.09,68.2,10,1.5,103.4,4.209,-4.2,0,1,60481
2026-04-28T22:15:24,21.801573,-38.766563,33.3,14.56,68.8,11,1.5,103.2,4.207,-4.2,0,1,60482
2026-04-28T22:15:53,21.802244,-38.764641,31.6,14.45,67.7,10,1.5,103.2,4.207,-4.2,0,1,60483
2026-04-28T22:16:22,21.802868,-38.762737,19.6,14.50,71.7,10,1.4,103.2,4.207,-4.2,0,1,60484
2026-04-28T22:16:51,21.803514,-38.760872,17.5,13.47,66.8,11,1.4,103.2,4.209,-4.2,0,1,60485
2026-04-28T22:17:20,21.804125,-38.758976,21.0,13.95,67.6,11,1.4,103.2,4.209,-4.2,0,1,60486
2026-04-28T22:17:49,21.804745,-38.757004,19.3,13.86,71.2,11,1.4,103.2,4.209,-4.2,0,1,60487
2026-04-28T22:18:18,21.805450,-38.755146,24.7,14.76,68.8,11,1.4,103.4,4.207,-4.2,0,1,60488
2026-04-28T22:18:47,21.806145,-38.753197,20.2,14.34,68.5,12,1.3,103.2,4.209,-4.2,0,1,60489
2026-04-28T22:19:16,21.806929,-38.751305,38.8,14.04,68.9,11,1.4,103.0,4.207,-4.2,0,1,60490
2026-04-28T22:19:45,21.807680,-38.749363,38.6,13.74,71.6,9,1.4,103.5,4.209,-4.4,0,1,60491
2026-04-28T22:20:14,21.808340,-38.747467,41.9,13.99,66.3,11,1.3,103.4,4.209,-4.2,0,1,60492
2026-04-28T22:20:43,21.809000,-38.745514,37.4,14.34,71.3,11,1.3,103.2,4.207,-4.2,0,1,60493
2026-04-28T22:21:12,21.809650,-38.743599,34.8,14.05,68.1,12,1.3,103.0,4.209,-4.2,0,1,60494
2026-04-28T22:21:41,21.810333,-38.741661,33.3,14.56,69.7,11,1.3,103.4,4.206,-4.2,0,1,60495
2026-04-28T22:22:10,21.811005,-38.739716,34.7,14.29,72.8,12,1.3,103.2,4.207,-4.2,0,1,60496
2026-04-28T22:22:39,21.811632,-38.737751,32.4,14.39,68.7,11,1.3,103.2,4.207,-4.2,0,1,60497
2026-04-28T22:23:09,21.812319,-38.735783,33.9,13.91,65.8,12,1.3,103.2,4.207,-4.2,0,1,60498
2026-04-28T22:23:38,21.812931,-38.733910,37.1,13.79,71.1,11,1.3,103.2,4.209,-4.2,0,1,60499
2026-04-28T22:24:07,21.813562,-38.731972,28.8,13.97,68.2,10,1.3,103.2,4.207,-4.2,0,1,60500
2026-04-28T22:24:36,21.814268,-38.730087,16.9,13.40,65.6,10,1.3,103.4,4.209,-4.2,0,1,60501
2026-04-28T22:25:05,21.814932,-38.728195,16.0,13.51,66.6,10,1.3,103.2,4.209,-4.2,0,1,60502
2026-04-28T22:25:34,21.815598,-38.726284,11.7,13.71,69.1,11,1.3,103.2,4.210,-4.2,0,1,60503
2026-04-28T22:26:03,21.816225,-38.724392,10.5,14.01,70.0,10,1.3,103.4,4.209,-4.2,0,1,60504
2026-04-28T22:26:32,21.816874,-38.722466,7.6,14.05,72.7,11,1.3,103.2,4.206,-4.2,0,1,60505
2026-04-28T22:27:01,21.817535,-38.720592,3.1,14.35,65.3,12,1.2,103.5,4.207,-4.4,0,1,60506
2026-04-28T22:27:30,21.818186,-38.718693,0.4,14.68,72.9,11,1.3,103.2,4.209,-4.2,0,1,60507
2026-04-28T22:27:59,21.818842,-38.716805,-8.0,14.09,70.6,11,1.3,103.4,4.207,-4.2,0,1,60508
2026-04-28T22:28:28,21.819527,-38.714924,-9.9,14.43,66.4,11,1.3,103.2,4.207,-4.2,0,1,60509
2026-04-28T22:28:57,21.820190,-38.713051,-10.0,13.96,74.7,12,1.2,103.2,4.207,-4.2,0,1,60510
2026-04-28T22:29:26,21.820816,-38.711163,-12.1,13.57,73.6,11,1.2,103.4,4.209,-4.2,0,1,60511
2026-04-28T22:29:55,21.821455,-38.709293,-16.4,13.62,65.4,10,1.9,103.5,4.207,-4.4,0,1,60512
2026-04-28T22:30:24,21.822201,-38.707443,-12.8,14.90,72.9,11,1.9,103.4,4.207,-4.2,0,1,60513
2026-04-28T22:30:54,21.822861,-38.705498,-16.7,13.77,70.9,12,1.2,103.2,4.207,-4.2,0,1,60514
2026-04-28T22:31:23,21.823530,-38.703602,-11.4,14.02,69.0,12,1.2,103.2,4.207,-4.2,0,1,60515
2026-04-28T22:31:52,21.824188,-38.701714,-5.2,14.12,71.0,12,1.2,103.2,4.209,-4.2,0,1,60516
2026-04-28T22:32:21,21.824883,-38.699768,0.3,14.42,71.3,10,1.4,103.2,4.209,-4.2,0,1,60517
2026-04-28T22:32:50,21.825541,-38.697895,0.7,13.88,69.6,11,1.2,103.2,4.207,-4.2,0,1,60518
2026-04-28T22:33:19,21.826162,-38.695919,4.1,14.16,69.8,9,1.3,103.4,4.209,-4.2,0,1,60519
2026-04-28T22:33:48,21.826952,-38.694031,10.4,14.12,70.8,11,1.2,103.2,4.210,-4.2,0,1,60520
2026-04-28T22:34:17,21.827591,-38.692181,14.0,14.23,70.0,12,1.1,103.4,4.207,-4.2,0,1,60521
2026-04-28T22:34:46,21.828234,-38.690239,7.0,13.70,69.3,12,1.1,103.2,4.207,2747.5,0,1,60522
2026-04-28T22:35:15,21.828882,-38.688393,10.3,13.52,67.4,10,1.4,103.4,4.209,-4.2,0,1,60523
2026-04-28T22:35:44,21.829515,-38.686516,8.3,13.47,64.3,10,1.4,103.2,4.206,-4.2,0,1,60524
2026-04-28T22:36:13,21.830189,-38.684620,8.5,13.68,66.7,12,1.1,103.4,4.207,-4.2,0,1,60525
2026-04-28T22:36:42,21.830835,-38.682709,9.6,13.81,72.3,11,1.3,103.2,4.209,-4.2,0,1,60526
2026-04-28T22:37:11,21.831434,-38.680843,8.5,14.22,70.0,11,1.3,103.4,4.209,-4.2,0,1,60527
2026-04-28T22:37:40,21.832062,-38.678989,14.8,13.58,73.3,11,1.3,103.2,4.207,-4.2,0,1,60528
2026-04-28T22:38:09,21.832706,-38.677113,18.5,12.66,68.5,11,1.3,103.2,4.207,-4.2,0,1,60529
2026-04-28T22:38:38,21.833332,-38.675213,20.6,14.05,70.6,11,1.3,103.2,4.207,-4.2,0,1,60530
2026-04-28T22:39:07,21.833984,-38.673336,19.8,14.17,70.2,11,1.3,103.4,4.209,-4.2,0,1,60531
2026-04-28T22:39:36,21.834623,-38.671432,20.7,14.44,69.5,11,1.3,103.4,4.210,-4.2,0,1,60532
2026-04-28T22:40:05,21.835306,-38.669556,13.9,13.23,65.5,11,1.3,103.4,4.207,-4.2,0,1,60533
2026-04-28T22:40:34,21.835962,-38.667690,15.3,13.76,68.9,9,1.4,103.2,4.207,-4.2,0,1,60534
2026-04-28T22:41:03,21.836607,-38.665855,18.3,13.96,65.6,10,1.3,103.4,4.209,-4.2,0,1,60535
2026-04-28T22:41:32,21.837263,-38.663979,20.7,13.74,67.7,10,1.4,103.2,4.209,-4.2,0,1,60536
2026-04-28T22:42:01,21.837957,-38.662083,15.9,13.41,61.1,11,1.3,103.2,4.207,-4.2,0,1,60537
2026-04-28T22:42:30,21.838623,-38.660252,16.0,13.70,63.6,11,1.3,103.2,4.209,-4.2,0,1,60538
2026-04-28T22:42:59,21.839230,-38.658302,22.0,14.18,69.4,11,1.3,103.0,4.209,-4.2,0,1,60539
2026-04-28T22:43:28,21.839924,-38.656399,18.8,13.95,71.1,8,1.6,103.2,4.209,-4.2,0,1,60540
2026-04-28T22:43:57,21.840538,-38.654453,28.4,13.99,66.5,8,1.5,103.2,4.209,-4.2,0,1,60541
2026-04-28T22:44:26,21.841194,-38.652618,18.9,14.46,69.5,9,1.4,103.2,4.207,-4.2,0,1,60542
2026-04-28T22:44:55,21.841869,-38.650753,11.7,12.54,70.2,9,1.4,103.5,4.207,-4.4,0,1,60543
2026-04-28T22:45:24,21.842474,-38.648842,25.4,14.15,72.5,9,1.4,103.2,4.206,-4.2,0,1,60544
2026-04-28T22:45:54,21.843142,-38.646847,22.1,13.68,70.4,9,1.4,103.0,4.207,-4.2,0,1,60545
2026-04-28T22:46:23,21.843788,-38.645027,21.1,13.85,65.9,8,1.5,103.2,4.207,-4.2,0,1,60546
2026-04-28T22:46:52,21.844374,-38.643116,17.9,14.19,72.0,8,1.5,103.2,4.209,-4.2,0,1,60547
2026-04-28T22:47:21,21.844988,-38.641228,38.0,13.69,70.3,8,1.5,103.2,4.207,-4.2,0,1,60548
2026-04-28T22:47:50,21.845640,-38.639416,40.0,12.53,66.0,9,1.4,103.2,4.207,-4.2,0,1,60549
2026-04-28T22:48:19,21.846256,-38.637470,48.5,13.88,67.7,9,1.4,103.2,4.207,-4.2,0,1,60550
2026-04-28T22:48:48,21.846870,-38.635605,45.0,14.73,72.1,9,1.1,103.4,4.207,-4.2,0,1,60551
2026-04-28T22:49:17,21.847504,-38.633778,37.6,13.81,72.7,8,1.5,103.4,4.206,-4.2,0,1,60552
2026-04-28T22:49:46,21.848148,-38.631924,32.9,14.18,67.4,8,1.5,103.4,4.207,-4.2,0,1,60553
2026-04-28T22:50:15,21.848808,-38.630081,34.4,14.39,69.3,7,2.5,103.5,4.209,-4.4,0,1,60554
2026-04-28T22:50:44,21.849405,-38.628204,36.0,13.23,67.9,8,1.6,103.2,4.207,-4.2,0,1,60555
2026-04-28T22:51:13,21.850058,-38.626350,35.4,13.46,73.7,7,2.5,103.0,4.209,-4.2,0,1,60556
2026-04-28T22:51:42,21.850706,-38.624485,35.1,13.37,69.8,8,1.5,103.5,4.209,-4.4,0,1,60557
2026-04-28T22:52:11,21.851374,-38.622639,29.2,14.54,68.8,7,2.5,103.4,4.207,-4.2,0,1,60558
2026-04-28T22:52:40,21.851999,-38.620739,35.3,13.81,72.0,8,1.6,103.0,4.207,-4.2,0,1,60559
2026-04-28T22:53:09,21.852682,-38.618885,33.8,13.95,62.9,7,2.4,103.2,4.209,-4.2,0,1,60560
2026-04-28T22:53:38,21.853170,-38.616982,29.3,12.39,73.8,7,2.4,103.2,4.206,-4.2,0,1,60561
2026-04-28T22:54:07,21.853884,-38.615116,31.7,12.98,71.3,7,2.4,103.0,4.207,-4.2,0,1,60562
2026-04-28T22:54:36,21.854465,-38.613224,21.2,13.34,68.8,7,2.4,103.4,4.206,-4.2,0,1,60563
2026-04-28T22:55:05,21.855158,-38.611416,30.0,13.97,68.6,7,2.4,103.2,4.207,-4.2,0,1,60564
2026-04-28T22:55:34,21.855947,-38.609573,34.2,14.30,73.1,7,2.3,103.2,4.209,-4.2,0,1,60565
2026-04-28T22:56:04,21.856653,-38.607624,27.3,14.61,60.3,7,2.3,103.4,4.209,-4.2,0,1,60566
2026-04-28T22:56:33,21.857395,-38.605808,32.2,12.93,70.7,7,2.3,103.4,4.206,-4.2,0,1,60567
2026-04-28T22:57:02,21.858080,-38.603970,32.9,14.00,68.1,7,2.3,103.0,4.209,-4.2,0,1,60568
2026-04-28T22:57:31,21.858709,-38.602005,42.9,14.41,70.2,7,2.3,103.4,4.207,-4.2,0,1,60569
2026-04-28T22:58:00,21.859379,-38.600121,40.4,13.75,65.9,8,2.1,103.2,4.207,-4.2,0,1,60570
2026-04-28T22:58:29,21.860041,-38.598251,37.7,13.41,71.7,7,2.2,103.5,4.207,-4.4,0,1,60571
2026-04-28T22:58:58,21.860657,-38.596306,54.6,14.85,70.3,7,2.2,103.2,4.207,-4.2,0,1,60572
2026-04-28T22:59:27,21.861210,-38.594425,41.9,12.98,75.8,7,2.2,103.4,4.207,-4.2,0,1,60573
2026-04-28T22:59:56,21.861906,-38.592567,29.4,13.92,68.5,7,2.2,103.2,4.210,-4.2,0,1,60574
2026-04-28T23:00:25,21.862610,-38.590691,32.2,13.96,65.0,7,2.2,103.0,4.209,2743.3,0,1,60575
2026-04-28T23:00:54,21.863255,-38.588791,35.3,13.39,69.4,7,2.2,103.2,4.209,-4.2,0,1,60576
2026-04-28T23:01:23,21.863825,-38.586849,36.2,13.64,77.2,7,2.2,103.2,4.207,-4.2,0,1,60577
2026-04-28T23:01:52,21.864582,-38.584949,39.3,14.15,68.5,7,2.1,103.5,4.207,-4.4,0,1,60578
2026-04-28T23:02:21,21.865177,-38.583019,33.5,13.27,73.7,7,2.1,103.4,4.209,-4.2,0,1,60579
2026-04-28T23:02:50,21.866016,-38.581192,24.5,14.06,64.8,7,2.1,103.2,4.207,-4.2,0,1,60580
2026-04-28T23:03:19,21.866608,-38.579304,26.1,14.16,77.8,7,2.1,103.2,4.207,-4.2,0,1,60581
2026-04-28T23:03:48,21.867193,-38.577339,17.5,13.69,68.1,8,1.9,103.2,4.209,-4.2,0,1,60582
2026-04-28T23:04:17,21.867994,-38.575500,30.8,13.78,74.5,7,2.1,103.2,4.207,-4.2,0,1,60583
2026-04-28T23:04:46,21.868717,-38.573616,22.7,13.70,71.2,7,2.0,103.4,4.209,-4.2,0,1,60584
2026-04-28T23:05:15,21.869406,-38.571659,23.1,13.55,75.3,7,2.4,103.2,4.206,-4.2,0,1,60585
2026-04-28T23:05:44,21.870026,-38.569790,31.3,14.80,69.2,7,2.0,103.4,4.207,-4.2,0,1,60586
2026-04-28T23:06:13,21.870605,-38.567932,28.2,13.99,73.8,7,2.0,103.4,4.206,-4.2,0,1,60587
2026-04-28T23:06:42,21.871202,-38.566021,24.8,12.89,70.9,7,2.0,103.2,4.206,-4.2,0,1,60588
2026-04-28T23:07:11,21.871908,-38.564117,27.7,15.73,72.7,6,2.4,103.4,4.209,-4.2,0,1,60589
2026-04-28T23:07:40,21.872631,-38.562229,32.0,13.96,69.6,7,1.9,103.2,4.207,-4.2,0,1,60590
2026-04-28T23:08:09,21.873262,-38.560371,30.0,12.50,62.4,7,1.9,103.4,4.207,-4.2,0,1,60591
2026-04-28T23:08:38,21.873922,-38.558453,38.4,13.83,70.6,8,1.8,103.4,4.209,-4.2,0,1,60592
2026-04-28T23:09:07,21.874628,-38.556568,37.4,14.53,66.5,7,1.9,103.2,4.207,-4.2,0,1,60593
2026-04-28T23:09:36,21.875240,-38.554638,38.9,13.94,73.7,8,2.1,103.2,4.207,-4.2,0,1,60594
2026-04-28T23:10:05,21.875862,-38.552753,44.1,14.41,70.3,8,1.7,103.2,4.210,2747.5,0,1,60595
2026-04-28T23:10:34,21.876530,-38.550827,37.7,14.56,65.4,8,1.7,103.2,4.209,-4.2,0,1,60596
2026-04-28T23:11:03,21.877230,-38.548923,34.2,13.78,67.4,8,1.7,103.4,4.209,-4.2,0,1,60597
2026-04-28T23:11:32,21.877735,-38.546967,29.6,13.68,74.8,8,1.7,103.2,4.207,-4.2,0,1,60598
2026-04-28T23:12:01,21.878416,-38.545048,24.5,14.19,69.8,8,1.7,103.7,4.207,-4.2,0,1,60599
2026-04-28T23:12:30,21.879131,-38.543140,14.3,14.31,68.0,7,1.8,103.4,4.207,-4.2,0,1,60600
2026-04-28T23:12:59,21.879778,-38.541203,6.8,14.65,66.6,7,1.8,103.2,4.207,-4.2,0,1,60601
2026-04-28T23:13:28,21.880299,-38.539249,3.6,14.43,74.9,7,1.8,103.2,4.209,-4.2,0,1,60602
2026-04-28T23:13:57,21.880974,-38.537365,10.0,13.46,70.7,7,1.8,103.2,4.209,-4.2,0,1,60603
2026-04-28T23:14:26,21.881598,-38.535431,13.6,14.13,74.6,6,2.7,103.2,4.209,-4.2,0,1,60604
2026-04-28T23:14:55,21.882252,-38.533516,10.2,14.39,63.3,7,1.7,103.2,4.207,-4.2,0,1,60605
2026-04-28T23:15:24,21.882778,-38.531582,2.9,13.30,67.7,7,1.7,103.2,4.209,-4.2,0,1,60606
2026-04-28T23:15:53,21.883480,-38.529716,1.5,13.67,64.7,6,4.7,103.4,4.209,-4.2,0,1,60607
2026-04-28T23:16:22,21.884150,-38.527798,1.5,13.61,67.0,7,1.7,103.2,4.207,-4.2,0,1,60608
2026-04-28T23:16:51,21.884775,-38.525856,-7.3,14.34,74.3,8,1.6,103.4,4.209,-4.2,0,1,60609
2026-04-28T23:17:20,21.885416,-38.523911,-12.9,12.84,64.5,7,1.7,103.2,4.207,-4.2,0,1,60610
2026-04-28T23:17:49,21.885967,-38.521976,-6.5,15.47,75.8,6,1.8,103.2,4.209,-4.2,0,1,60611
2026-04-28T23:18:18,21.886629,-38.520020,-5.0,14.35,64.7,6,2.5,103.0,4.207,-4.2,0,1,60612
2026-04-28T23:18:47,21.887278,-38.518181,-0.9,13.87,75.3,7,1.6,103.2,4.206,-4.2,0,1,60613
2026-04-28T23:19:16,21.887981,-38.516273,1.0,13.63,66.8,6,1.8,103.0,4.207,-4.2,0,1,60614
2026-04-28T23:19:45,21.888718,-38.514439,8.5,15.10,71.5,7,1.6,103.4,4.209,-4.2,0,1,60615
2026-04-28T23:20:14,21.889389,-38.512505,15.1,13.83,68.3,7,1.6,103.4,4.209,-4.2,0,1,60616
2026-04-28T23:20:43,21.890020,-38.510590,15.2,13.71,66.2,7,1.6,103.5,4.209,-4.4,0,1,60617
2026-04-28T23:21:12,21.890692,-38.508713,18.6,14.18,70.6,7,1.6,103.4,4.209,-4.2,0,1,60618
2026-04-28T23:21:41,21.891346,-38.506836,15.6,14.49,63.8,7,1.6,103.2,4.209,2747.5,0,1,60619
2026-04-28T23:22:10,21.892010,-38.504974,8.9,13.74,69.3,8,1.5,103.4,4.207,-4.2,0,1,60620
2026-04-28T23:22:39,21.892611,-38.503036,7.0,14.94,67.4,7,1.6,103.2,4.207,-4.2,0,1,60621
2026-04-28T23:23:08,21.893259,-38.501110,13.0,14.38,68.9,7,1.6,103.4,4.209,-4.2,0,1,60622
2026-04-28T23:23:37,21.893951,-38.499233,10.7,13.69,68.1,7,1.5,103.0,4.207,-4.2,0,1,60623
2026-04-28T23:24:06,21.894663,-38.497326,21.2,14.49,68.1,6,2.0,103.2,4.209,-4.2,0,1,60624
2026-04-28T23:24:35,21.895309,-38.495377,19.2,13.83,69.2,7,1.9,103.4,4.207,-4.2,0,1,60625
2026-04-28T23:25:04,21.896067,-38.493465,31.1,14.53,67.5,9,1.4,103.0,4.209,-4.2,0,1,60626
2026-04-28T23:25:34,21.896681,-38.491474,21.1,13.90,73.1,10,1.3,103.2,4.207,-4.2,0,1,60627
2026-04-28T23:26:03,21.897198,-38.489544,5.1,14.19,76.1,9,1.6,103.2,4.207,-4.2,0,1,60628
2026-04-28T23:26:32,21.897999,-38.487659,6.7,14.17,71.8,7,2.0,103.4,4.207,-4.2,0,1,60629
2026-04-28T23:27:01,21.898657,-38.485760,10.3,13.60,74.9,9,1.4,103.2,4.207,-4.2,0,1,60630
2026-04-28T23:27:30,21.899357,-38.483852,18.3,15.53,65.3,8,1.4,103.0,4.207,-4.2,0,1,60631
2026-04-28T23:27:59,21.899868,-38.481899,-0.9,12.23,72.8,10,1.3,103.5,4.209,-4.4,0,1,60632
2026-04-28T23:28:28,21.900599,-38.480007,2.1,14.39,67.2,9,1.3,103.4,4.209,-4.2,0,1,60633
2026-04-28T23:28:57,21.901306,-38.478104,8.5,14.37,69.4,8,1.7,103.4,4.207,-4.2,0,1,60634
2026-04-28T23:29:26,21.901983,-38.476238,2.8,14.36,63.5,7,1.9,103.4,4.207,-4.2,0,1,60635
2026-04-28T23:29:55,21.902563,-38.474327,1.5,13.88,71.7,8,1.7,103.4,4.207,-4.2,0,1,60636
2026-04-28T23:30:24,21.903269,-38.472446,-2.7,13.80,71.3,9,1.5,103.2,4.210,-4.2,0,1,60637
2026-04-28T23:30:54,21.903950,-38.470470,-8.3,14.05,70.6,8,1.6,103.2,4.210,-4.2,0,1,60638
2026-04-28T23:31:23,21.904655,-38.468563,2.9,13.43,66.4,9,1.6,103.0,4.207,-4.2,0,1,60639
2026-04-28T23:31:52,21.905359,-38.466709,3.4,14.54,66.6,10,1.6,103.4,4.207,-4.2,0,1,60640
2026-04-28T23:32:21,21.905947,-38.464798,0.7,13.43,73.3,11,1.3,103.4,4.209,-4.2,0,1,60641
2026-04-28T23:32:50,21.906601,-38.462936,-9.4,13.90,70.2,12,1.2,103.4,4.207,-4.2,0,1,60642
2026-04-28T23:33:19,21.907314,-38.461079,0.2,13.06,65.8,11,1.6,103.2,4.207,-4.2,0,1,60643
2026-04-28T23:33:48,21.908009,-38.459217,7.2,13.89,62.6,11,1.5,103.0,4.209,-4.2,0,1,60644
2026-04-28T23:34:17,21.908617,-38.457329,11.8,13.74,67.6,12,1.1,103.2,4.206,-4.2,0,1,60645
2026-04-28T23:34:46,21.909277,-38.455471,10.8,14.22,67.7,11,1.5,103.4,4.209,-4.2,0,1,60646
2026-04-28T23:35:15,21.909914,-38.453632,9.9,13.75,67.5,11,1.2,103.2,4.206,-4.2,0,1,60647
2026-04-28T23:35:44,21.910604,-38.451771,8.0,13.52,67.5,12,1.1,103.2,4.209,-4.2,0,1,60648
2026-04-28T23:36:13,21.911198,-38.449982,13.8,13.06,67.2,12,1.1,103.2,4.207,-4.2,0,1,60649
2026-04-28T23:36:42,21.911880,-38.448147,8.7,13.73,69.1,10,1.5,103.0,4.209,-4.2,0,1,60650
2026-04-28T23:37:11,21.912550,-38.446297,12.3,13.31,66.4,10,1.5,103.2,4.207,-4.2,0,1,60651
2026-04-28T23:37:40,21.913115,-38.444469,17.8,13.30,75.4,9,1.7,103.2,4.209,-4.2,0,1,60652
2026-04-28T23:38:09,21.913754,-38.442627,11.5,13.35,66.0,12,1.1,103.2,4.209,-4.2,0,1,60653
2026-04-28T23:38:38,21.914394,-38.440800,3.5,13.19,65.6,11,1.4,103.2,4.207,-4.2,0,1,60654
2026-04-28T23:39:07,21.915073,-38.439014,5.7,12.73,69.5,11,1.2,103.4,4.207,-4.2,0,1,60655
2026-04-28T23:39:36,21.915556,-38.437164,10.9,13.95,70.1,11,1.2,103.2,4.207,-4.2,0,1,60656
2026-04-28T23:40:05,21.916256,-38.435280,16.3,13.76,73.4,10,1.5,103.4,4.207,-4.2,0,1,60657
2026-04-28T23:40:34,21.916861,-38.433449,11.9,14.92,67.0,12,1.1,103.4,4.207,-4.2,0,1,60658
2026-04-28T23:41:03,21.917479,-38.431618,9.7,13.32,67.7,13,1.1,103.4,4.210,-4.2,0,1,60659
2026-04-28T23:41:32,21.918045,-38.429810,4.0,13.79,72.6,11,1.4,103.0,4.207,-4.2,0,1,60660
2026-04-28T23:42:01,21.918669,-38.427971,3.3,12.65,70.4,9,1.6,103.2,4.209,-4.2,0,1,60661
2026-04-28T23:42:30,21.919331,-38.426178,6.9,13.62,74.7,12,1.1,103.0,4.207,-4.2,0,1,60662
2026-04-28T23:42:59,21.920065,-38.424370,-0.8,13.01,69.8,11,1.4,103.4,4.206,-4.2,0,1,60663
2026-04-28T23:43:28,21.920639,-38.422474,-10.3,13.60,66.6,10,1.5,103.4,4.209,-4.2,0,1,60664
2026-04-28T23:43:57,21.921284,-38.420673,-7.0,12.84,67.4,10,1.3,103.2,4.207,-4.2,0,1,60665
2026-04-28T23:44:26,21.921904,-38.418800,0.1,13.90,71.1,10,1.5,103.5,4.207,-4.4,0,1,60666
2026-04-28T23:44:55,21.922512,-38.416943,-2.9,13.28,68.4,10,1.4,103.0,4.209,-4.2,0,1,60667
2026-04-28T23:45:24,21.923241,-38.415089,0.5,13.99,65.7,11,1.1,103.4,4.207,-4.2,0,1,60668
2026-04-28T23:45:53,21.923916,-38.413288,4.4,14.38,69.3,11,1.3,103.4,4.207,-4.2,0,1,60669
2026-04-28T23:46:22,21.924549,-38.411449,10.3,14.08,71.4,12,1.1,103.2,4.207,-4.2,0,1,60670
2026-04-28T23:46:51,21.925161,-38.409595,7.6,14.11,72.1,12,1.1,103.0,4.207,-4.2,0,1,60671
2026-04-28T23:47:20,21.925797,-38.407738,7.7,14.36,70.8,11,1.3,103.5,4.207,-4.4,0,1,60672
2026-04-28T23:47:49,21.926426,-38.405903,1.3,13.51,69.7,12,1.0,103.2,4.207,-4.2,0,1,60673
2026-04-28T23:48:18,21.926994,-38.403961,7.2,12.41,68.4,11,1.3,103.0,4.206,-4.2,0,1,60674
2026-04-28T23:48:47,21.927652,-38.402122,12.9,14.09,67.8,10,1.1,103.2,4.207,-4.2,0,1,60675
2026-04-28T23:49:16,21.928255,-38.400223,6.5,13.57,70.6,12,1.2,103.2,4.207,-4.2,0,1,60676
2026-04-28T23:49:45,21.928894,-38.398399,7.3,13.49,71.3,10,1.3,103.0,4.207,-4.2,0,1,60677
2026-04-28T23:50:14,21.929577,-38.396564,12.9,13.12,70.8,10,2.1,103.5,4.207,-4.4,0,1,60678
2026-04-28T23:50:44,21.930193,-38.394646,12.2,13.24,69.8,11,1.3,103.2,4.206,-4.2,0,1,60679
2026-04-28T23:51:13,21.930855,-38.392849,17.9,13.34,68.1,11,2.0,103.4,4.207,-4.2,0,1,60680
2026-04-28T23:51:42,21.931416,-38.390957,11.8,13.48,72.0,11,2.0,103.2,4.207,-4.2,0,1,60681
2026-04-28T23:52:11,21.932098,-38.389149,12.0,13.27,68.1,11,1.3,103.5,4.209,-4.4,0,1,60682
2026-04-28T23:52:40,21.932705,-38.387333,5.1,12.93,68.5,12,1.2,103.2,4.210,-4.2,0,1,60683
2026-04-28T23:53:09,21.933372,-38.385506,4.6,13.67,66.3,11,1.2,103.4,4.207,-4.2,0,1,60684
2026-04-28T23:53:38,21.934006,-38.383659,8.1,13.09,70.9,12,1.2,103.2,4.206,-4.2,0,1,60685
2026-04-28T23:54:07,21.934719,-38.381805,8.0,13.85,70.2,11,1.2,103.5,4.209,-4.4,0,1,60686
2026-04-28T23:54:36,21.935400,-38.379951,13.2,13.73,68.7,10,2.1,103.0,4.206,-4.2,0,1,60687
2026-04-28T23:55:05,21.936050,-38.378098,14.4,13.46,71.6,12,1.2,103.0,4.209,-4.2,0,1,60688
2026-04-28T23:55:34,21.936676,-38.376236,15.4,13.00,69.7,12,1.2,103.4,4.209,-4.2,0,1,60689
2026-04-28T23:56:04,21.937315,-38.374275,18.9,13.41,66.0,12,1.2,103.4,4.207,-4.2,0,1,60690
2026-04-28T23:56:33,21.937941,-38.372356,18.9,13.79,70.4,12,1.2,103.4,4.207,-4.2,0,1,60691
2026-04-28T23:57:02,21.938627,-38.370514,21.4,14.61,64.5,9,2.1,103.2,4.206,-4.2,0,1,60692
2026-04-28T23:57:31,21.939318,-38.368645,22.3,13.90,70.2,10,1.3,103.4,4.207,-4.2,0,1,60693
2026-04-28T23:58:00,21.939928,-38.366756,23.1,13.47,69.9,11,1.2,103.2,4.209,-4.2,0,1,60694
2026-04-28T23:58:29,21.940657,-38.364872,25.3,13.93,68.6,10,1.3,103.4,4.207,-4.2,0,1,60695
2026-04-28T23:58:58,21.941301,-38.362991,20.9,13.71,71.7,11,1.2,103.2,4.209,-4.2,0,1,60696
2026-04-28T23:59:27,21.941938,-38.361095,18.0,14.29,70.0,10,2.0,103.4,4.209,-4.2,0,1,60697
2026-04-28T23:59:56,21.942640,-38.359173,19.2,14.40,70.0,11,1.2,103.4,4.209,-4.2,0,1,60698
